t,symbol,group,market,L5x0.5,L5x0.5_fill
2025-12-29 08:00:00+00:00,0GUSDT,fresh,0.0028174469711446,0.018564661982499175,0.8
2024-04-12 18:00:00+00:00,1000BONKUSDT,fresh,0.06032839521401267,0.012135679042802532,0.2
2025-01-20 07:00:00+00:00,1000BONKUSDT,fresh,0.044119873663751245,0.008893974732750248,0.2
2025-08-14 15:00:00+00:00,1000BONKUSDT,fresh,-0.01656519300560878,-0.0035128130307653933,0.4
2025-09-22 08:00:00+00:00,1000BONKUSDT,fresh,-0.00280856724432511,0.0007256209546105401,0.4
2025-10-06 16:00:00+00:00,1000BONKUSDT,fresh,0.002954365353605038,0.0066501319517238535,0.6
2026-03-18 13:00:00+00:00,1000BONKUSDT,fresh,-0.020695245743655565,-0.0054298674532201885,0.6
2026-08-22 07:00:00+00:00,1000BONKUSDT,fresh,0.03497459492509935,0.018542069005697624,0.4
2025-01-13 19:00:00+00:00,1000CHEEMSUSDT,fresh,-0.021546413358323312,-0.002737683463292606,0.4
2025-10-27 13:00:00+00:00,1000CHEEMSUSDT,fresh,0.017803715332286852,0.0036307430664573705,0.2
2023-06-10 04:00:00+00:00,1000FLOKIUSDT,fresh,0.03876551392891436,0.020728848210792586,0.4
2023-06-10 09:00:00+00:00,1000FLOKIUSDT,fresh,-0.022615434985968085,-0.0045962828673641425,0.4
2024-01-03 12:00:00+00:00,1000FLOKIUSDT,fresh,-0.015385714285714346,0.0008462292300588314,0.6
2024-01-03 18:00:00+00:00,1000FLOKIUSDT,fresh,0.015426247569669694,0.0031552495139339385,0.2
2024-02-28 17:00:00+00:00,1000FLOKIUSDT,fresh,-0.017091471215351938,0.008480897583134611,0.6
2024-04-12 18:00:00+00:00,1000FLOKIUSDT,fresh,0.05782605751826774,0.011635211503653547,0.2
2024-07-05 04:00:00+00:00,1000FLOKIUSDT,fresh,-0.03815701078582435,-0.010983229067669475,0.4
2024-08-30 04:00:00+00:00,1000FLOKIUSDT,fresh,-0.007942923794712186,-0.001518584758942437,0.2
2024-10-02 00:00:00+00:00,1000FLOKIUSDT,fresh,0.022679816513761487,0.0046059633027522974,0.2
2024-10-26 01:00:00+00:00,1000FLOKIUSDT,fresh,0.013162709914883764,0.007721300357842742,0.4
2024-12-10 04:00:00+00:00,1000FLOKIUSDT,fresh,0.019885909460790486,0.004047181892158097,0.2
2025-01-20 05:00:00+00:00,1000FLOKIUSDT,fresh,0.07584473776839139,0.015238947553678278,0.2
2025-01-28 23:00:00+00:00,1000FLOKIUSDT,fresh,0.025691222349519694,0.005208244469903939,0.2
2025-02-03 05:00:00+00:00,1000FLOKIUSDT,fresh,0.049613527538624795,0.009992705507724959,0.2
2025-09-22 05:00:00+00:00,1000FLOKIUSDT,fresh,-0.037467743392816784,-0.023560340595643842,1.0
2025-10-11 02:00:00+00:00,1000FLOKIUSDT,fresh,-0.018536044018865227,-0.0036372088037730454,0.2
2022-11-04 22:00:00+00:00,1000LUNCUSDT,fresh,-0.0018766990291260268,0.012744576342615698,0.8
2023-01-14 14:00:00+00:00,1000LUNCUSDT,fresh,0.0029229885057472267,0.0006545977011494454,0.2
2023-03-03 02:00:00+00:00,1000LUNCUSDT,fresh,0.03812918100481754,0.007695836200963507,0.2
2023-04-19 11:00:00+00:00,1000LUNCUSDT,fresh,-0.0011,0.0012573351724440077,0.4
2023-04-26 23:00:00+00:00,1000LUNCUSDT,fresh,0.007256545961002659,0.001521309192200532,0.2
2023-05-06 16:00:00+00:00,1000LUNCUSDT,fresh,-0.0011,-0.00015000000000000001,0.2
2023-05-08 07:00:00+00:00,1000LUNCUSDT,fresh,0.02046640181611813,0.004163280363223626,0.2
2023-05-08 18:00:00+00:00,1000LUNCUSDT,fresh,0.0182470374848852,0.0037194074969770395,0.2
2023-06-10 04:00:00+00:00,1000LUNCUSDT,fresh,0.046088027999034435,0.009287605599806886,0.2
2023-08-15 19:00:00+00:00,1000LUNCUSDT,fresh,-0.012008060631817596,-0.0023316121263635193,0.2
2023-08-18 02:00:00+00:00,1000LUNCUSDT,fresh,0.021916650342801092,0.004453330068560218,0.2
2024-01-03 12:00:00+00:00,1000LUNCUSDT,fresh,-0.01992567589981765,0.0016232003924387456,0.6
2024-04-12 18:00:00+00:00,1000LUNCUSDT,fresh,0.07812104404567709,0.01569420880913542,0.2
2024-04-13 20:00:00+00:00,1000LUNCUSDT,fresh,0.11191499307042961,0.05300990516513512,0.4
2024-06-07 18:00:00+00:00,1000LUNCUSDT,fresh,0.0025869757581343696,0.003906242516903824,0.4
2024-06-18 01:00:00+00:00,1000LUNCUSDT,fresh,0.03433073823912768,0.0069361476478255355,0.2
2024-08-05 01:00:00+00:00,1000LUNCUSDT,fresh,-0.039580594549958666,-0.005025787426720702,1.0
2024-10-01 21:00:00+00:00,1000LUNCUSDT,fresh,0.006768628121792564,0.001423725624358513,0.2
2024-10-31 19:00:00+00:00,1000LUNCUSDT,fresh,0.0003223194748359535,0.00013446389496719072,0.2
2024-12-09 21:00:00+00:00,1000LUNCUSDT,fresh,0.03252607801250106,0.08112603880116234,1.0
2025-02-03 00:00:00+00:00,1000LUNCUSDT,fresh,-0.13703187029151653,-0.10082249004229744,1.0
2023-06-10 04:00:00+00:00,1000PEPEUSDT,ext54,0.04528096287319593,0.009126192574639185,0.2
2023-06-10 09:00:00+00:00,1000PEPEUSDT,ext54,-0.047836842105263185,-0.012051699157676543,0.8
2024-02-28 17:00:00+00:00,1000PEPEUSDT,ext54,0.056969405412232714,0.011463881082446541,0.2
2024-04-12 18:00:00+00:00,1000PEPEUSDT,ext54,0.0713504768892149,0.014340095377842981,0.2
2024-04-14 00:00:00+00:00,1000PEPEUSDT,ext54,0.06449954842351412,0.012969909684702824,0.2
2024-07-05 04:00:00+00:00,1000PEPEUSDT,ext54,-0.05431570162987621,-0.01879164703095662,0.6
2024-08-05 07:00:00+00:00,1000PEPEUSDT,ext54,-0.09609561018437231,-0.04018708450679579,1.0
2024-10-02 01:00:00+00:00,1000PEPEUSDT,ext54,0.006152698206605679,0.0013005396413211358,0.2
2024-11-14 03:00:00+00:00,1000PEPEUSDT,ext54,0.03217307290101056,0.02013174440360771,0.4
2025-02-03 05:00:00+00:00,1000PEPEUSDT,ext54,0.038864437505420894,0.007842887501084177,0.2
2025-03-11 00:00:00+00:00,1000PEPEUSDT,ext54,0.07249027418520436,0.03333168150400395,0.4
2025-05-31 00:00:00+00:00,1000PEPEUSDT,ext54,0.003620310569966468,0.011604033980483059,0.6
2025-06-23 23:00:00+00:00,1000PEPEUSDT,ext54,-0.0023728172699079113,-0.0004045634539815822,0.2
2025-09-22 06:00:00+00:00,1000PEPEUSDT,ext54,0.0015242667489966286,0.0024320927932727555,0.4
2025-10-10 22:00:00+00:00,1000PEPEUSDT,ext54,0.059916385009909694,0.012053277001981938,0.2
2026-01-19 00:00:00+00:00,1000PEPEUSDT,ext54,0.005944428146832926,0.0046479251412584795,0.4
2026-01-19 06:00:00+00:00,1000PEPEUSDT,ext54,-0.006433947312880283,-0.0012167894625760565,0.2
2026-06-02 23:00:00+00:00,1000PEPEUSDT,ext54,-0.017031648090450668,-0.004497346681984698,0.6
2026-08-21 19:00:00+00:00,1000PEPEUSDT,ext54,-0.0853124648128173,-0.051393761551142406,1.0
2024-04-13 00:00:00+00:00,1000RATSUSDT,fresh,0.002443905045845674,0.018182142750969514,0.6
2024-08-05 02:00:00+00:00,1000RATSUSDT,fresh,-0.07176093498119286,-0.02266287800947115,1.0
2024-08-05 09:00:00+00:00,1000RATSUSDT,fresh,-0.0170620362381363,0.03696541601090429,1.0
2026-08-02 00:00:00+00:00,1000RATSUSDT,fresh,-0.0840812914906456,-0.008819581356563796,1.0
2024-04-13 03:00:00+00:00,1000SATSUSDT,fresh,-0.012204783599088952,-0.0023709567198177905,0.2
2024-04-13 19:00:00+00:00,1000SATSUSDT,fresh,0.037265005378271814,0.10352657980755738,1.0
2024-06-07 18:00:00+00:00,1000SATSUSDT,fresh,0.01620449251247923,0.01082319610335919,0.4
2024-06-08 04:00:00+00:00,1000SATSUSDT,fresh,0.03803186451825035,0.00767637290365007,0.2
2024-11-06 03:00:00+00:00,1000SATSUSDT,fresh,0.010537931034482851,0.006488905622926311,0.4
2024-12-09 21:00:00+00:00,1000SATSUSDT,fresh,0.017192682926829284,0.07108478322746511,1.0
2025-01-29 01:00:00+00:00,1000SATSUSDT,fresh,0.017015942028985365,0.003473188405797073,0.2
2025-05-15 23:00:00+00:00,1000SATSUSDT,fresh,0.04777983706720967,0.009625967413441933,0.2
2025-07-11 01:00:00+00:00,1000SATSUSDT,fresh,-0.021633880903490953,-0.0033345822711037033,0.8
2022-01-21 03:00:00+00:00,1000SHIBUSDT,ext54,0.012449603330453186,0.002559920666090637,0.2
2022-01-21 22:00:00+00:00,1000SHIBUSDT,ext54,-0.004050907627649158,0.002254241510994948,0.4
2022-04-30 23:00:00+00:00,1000SHIBUSDT,ext54,0.015974502407306235,0.008884303689955398,0.4
2022-05-11 12:00:00+00:00,1000SHIBUSDT,ext54,-0.04111515725653659,-0.0091397088460344,0.4
2022-11-09 04:00:00+00:00,1000SHIBUSDT,ext54,-0.007300620062006168,0.0005001392421431052,0.4
2022-12-19 22:00:00+00:00,1000SHIBUSDT,ext54,0.02064180076157728,0.004198360152315455,0.2
2023-03-09 21:00:00+00:00,1000SHIBUSDT,ext54,0.010325135297654876,0.0064877395287731175,0.4
2023-04-19 08:00:00+00:00,1000SHIBUSDT,ext54,0.00818735632183919,0.001707471264367838,0.2
2023-06-05 21:00:00+00:00,1000SHIBUSDT,ext54,0.0074599194360523875,0.0015619838872104777,0.2
2023-06-06 02:00:00+00:00,1000SHIBUSDT,ext54,-0.006563802309698118,-0.0013396704575552862,0.4
2023-06-10 02:00:00+00:00,1000SHIBUSDT,ext54,-0.1581865606740046,-0.14302350772547148,1.0
2023-08-17 21:00:00+00:00,1000SHIBUSDT,ext54,0.03237333587883439,0.016793046654464627,0.4
2023-10-02 18:00:00+00:00,1000SHIBUSDT,ext54,0.001237091009073422,0.001759250807705082,0.4
2023-11-09 16:00:00+00:00,1000SHIBUSDT,ext54,-0.009311790660620056,0.0015302385370291995,0.6
2023-12-11 13:00:00+00:00,1000SHIBUSDT,ext54,-0.020101879306744574,-0.005867324800553131,0.4
2024-01-03 13:00:00+00:00,1000SHIBUSDT,ext54,0.015989480946820945,0.01829255540004164,0.6
2024-04-12 18:00:00+00:00,1000SHIBUSDT,ext54,0.05955460213005447,0.011980920426010894,0.2
2024-04-13 21:00:00+00:00,1000SHIBUSDT,ext54,0.04510021741278802,0.009090043482557602,0.2
2024-06-07 18:00:00+00:00,1000SHIBUSDT,ext54,0.020150967908457374,0.004100193581691475,0.2
2024-10-01 16:00:00+00:00,1000SHIBUSDT,ext54,-0.025718710219766804,0.0002747948985958376,1.0
2024-10-01 21:00:00+00:00,1000SHIBUSDT,ext54,0.014668645357686628,0.008787375862551551,0.4
2025-02-03 03:00:00+00:00,1000SHIBUSDT,ext54,0.056889031078610645,0.028796242426049067,0.4
2025-02-03 08:00:00+00:00,1000SHIBUSDT,ext54,0.02646293067079163,0.005362586134158326,0.2
2025-09-22 06:00:00+00:00,1000SHIBUSDT,ext54,-0.0013476269087908767,0.0008668968908322919,0.4
2025-10-10 23:00:00+00:00,1000SHIBUSDT,ext54,0.0462251028806585,0.0093150205761317,0.2
2026-04-29 22:00:00+00:00,1000SHIBUSDT,ext54,0.0057381634646694775,0.0012176326929338956,0.2
2026-06-24 16:00:00+00:00,1000SHIBUSDT,ext54,0.010538733705772841,0.016255425677979597,0.8
2026-06-25 13:00:00+00:00,1000SHIBUSDT,ext54,0.05427779965542722,0.0,0.0
2026-09-23 15:00:00+00:00,1000SHIBUSDT,ext54,-0.003772367717797997,0.000832637033486983,0.4
2024-03-05 11:00:00+00:00,1000XECUSDT,fresh,0.10289999999999998,0.020649999999999995,0.2
2024-04-12 23:00:00+00:00,1000XECUSDT,fresh,0.03472291314633324,0.007014582629266647,0.2
2022-04-30 22:00:00+00:00,1INCHUSDT,ext54,-0.06996935947270568,-0.05168289645595127,1.0
2022-05-10 05:00:00+00:00,1INCHUSDT,ext54,-0.03497533875338766,-0.009573161634056047,0.4
2023-01-18 16:00:00+00:00,1INCHUSDT,ext54,-0.012862094984465233,-0.002983289311226722,0.4
2023-01-19 00:00:00+00:00,1INCHUSDT,ext54,0.009645466756212352,0.0,0.0
2023-02-05 19:00:00+00:00,1INCHUSDT,ext54,0.004645062836624681,0.004249148101203349,0.4
2023-03-03 01:00:00+00:00,1INCHUSDT,ext54,0.01995056069250444,0.004060112138500887,0.2
2023-06-06 00:00:00+00:00,1INCHUSDT,ext54,-0.007858832565284312,0.0009546811679361058,0.6
2023-06-10 07:00:00+00:00,1INCHUSDT,ext54,0.018826199261992572,0.0038352398523985145,0.2
2023-08-17 21:00:00+00:00,1INCHUSDT,ext54,0.01539305555555558,0.003148611111111116,0.2
2024-01-03 12:00:00+00:00,1INCHUSDT,ext54,-0.00669570995570069,0.0011922477510179718,0.4
2024-01-03 17:00:00+00:00,1INCHUSDT,ext54,0.0071430522845031715,0.006503269303794668,0.4
2024-04-13 22:00:00+00:00,1INCHUSDT,ext54,-0.011172314049586862,0.0014092226834817477,0.4
2024-12-09 21:00:00+00:00,1INCHUSDT,ext54,0.007627117922520122,0.03827195713495859,0.8
2025-02-03 00:00:00+00:00,1MBABYDOGEUSDT,fresh,-0.1789691684873409,-0.13848295223875404,1.0
2026-07-21 23:00:00+00:00,AAOIUSDT,fresh,0.035586103012633645,0.03802528158740128,0.8
2026-07-31 15:00:00+00:00,AAPLUSDT,fresh,0.024342258000397455,0.004938451600079491,0.2
2026-09-10 23:00:00+00:00,AAPLUSDT,fresh,-0.0003635777845966239,-2.715556919324772e-06,0.2
2022-05-11 15:00:00+00:00,AAVEUSDT,ext54,-0.09353881118881115,-0.03509078461680755,0.6
2022-11-23 05:00:00+00:00,AAVEUSDT,ext54,-0.0019668515950069902,0.005977136603803895,0.6
2023-02-10 02:00:00+00:00,AAVEUSDT,ext54,0.00017291242362526085,0.0068450395606328655,0.6
2023-06-10 04:00:00+00:00,AAVEUSDT,ext54,-0.005848338081671411,0.011269489202427919,0.8
2023-10-03 18:00:00+00:00,AAVEUSDT,ext54,0.003990236001850989,0.0008680472003701979,0.2
2023-11-09 16:00:00+00:00,AAVEUSDT,ext54,-0.01134738639892342,-0.0014751937315522824,0.4
2024-03-05 20:00:00+00:00,AAVEUSDT,ext54,0.053119897394628406,0.01069397947892568,0.2
2024-04-13 23:00:00+00:00,AAVEUSDT,ext54,-0.007285567010309368,0.0023749353949610863,0.4
2024-08-04 20:00:00+00:00,AAVEUSDT,ext54,-0.07975168539325851,-0.05133488502631307,1.0
2024-11-06 10:00:00+00:00,AAVEUSDT,ext54,-0.0007271902572386737,0.002144840496063616,0.4
2025-02-03 04:00:00+00:00,AAVEUSDT,ext54,0.07590270027002709,0.015250540054005418,0.2
2025-10-10 23:00:00+00:00,AAVEUSDT,ext54,0.015065766087616662,0.003083153217523332,0.2
2026-04-16 19:00:00+00:00,AAVEUSDT,ext54,0.008426261585993789,0.0017552523171987578,0.2
2024-03-05 19:00:00+00:00,ACEUSDT,fresh,0.042392097167709746,0.02228441725926468,0.4
2024-04-12 18:00:00+00:00,ACEUSDT,fresh,0.0067795600858367895,0.001425912017167358,0.2
2024-06-07 19:00:00+00:00,ACEUSDT,fresh,-0.0005942778474966705,-4.88555694993341e-05,0.2
2024-12-09 22:00:00+00:00,ACEUSDT,fresh,-0.019491055755854202,-0.0038282111511708404,0.2
2025-10-10 23:00:00+00:00,ACEUSDT,fresh,-0.03465481727574749,-0.006860963455149499,0.2
2023-06-10 04:00:00+00:00,ACHUSDT,fresh,-0.006482131324004225,0.022394675807882968,0.8
2024-01-03 16:00:00+00:00,ACHUSDT,fresh,-0.009599999999999952,0.004378483528319705,0.6
2024-03-06 00:00:00+00:00,ACHUSDT,fresh,0.03559050840904698,0.018859577257765114,0.4
2024-04-12 18:00:00+00:00,ACHUSDT,fresh,0.056423809523809536,0.011354761904761906,0.2
2025-04-01 10:00:00+00:00,ACTUSDT,fresh,0.06865741239892197,0.06981591452698567,0.6
2025-05-10 09:00:00+00:00,ACTUSDT,fresh,-0.011802572069739347,0.0024971126073912607,0.4
2022-04-30 23:00:00+00:00,ADAUSDT,core16,0.010558717541070285,0.005836838141338207,0.4
2022-05-09 18:00:00+00:00,ADAUSDT,core16,0.01182690711777844,0.0082564238446453,0.4
2022-05-09 23:00:00+00:00,ADAUSDT,core16,0.028673785761809668,0.01568346915794302,0.4
2022-11-09 02:00:00+00:00,ADAUSDT,core16,0.035380089111668116,0.007146017822333622,0.2
2022-12-16 23:00:00+00:00,ADAUSDT,core16,-0.012122424933485376,-0.002857775132792317,0.4
2023-01-09 01:00:00+00:00,ADAUSDT,core16,0.02520801064144239,0.005111602128288479,0.2
2023-01-14 00:00:00+00:00,ADAUSDT,core16,-0.011068669894616866,0.0064716055663782525,1.0
2023-03-12 23:00:00+00:00,ADAUSDT,core16,-0.022615151515151487,-0.007772958808010137,1.0
2023-06-10 08:00:00+00:00,ADAUSDT,core16,0.014063934426229541,0.00984672702998456,0.4
2024-01-03 18:00:00+00:00,ADAUSDT,core16,0.016949225159526116,0.0034598450319052233,0.2
2024-03-05 20:00:00+00:00,ADAUSDT,core16,0.04479114194236932,0.009028228388473863,0.2
2024-04-12 18:00:00+00:00,ADAUSDT,core16,0.0720288869826292,0.01447577739652584,0.2
2024-04-13 21:00:00+00:00,ADAUSDT,core16,0.02778837531777222,0.005627675063554443,0.2
2024-06-07 22:00:00+00:00,ADAUSDT,core16,-0.011292776423665007,-0.0026754534626685198,0.4
2024-07-05 05:00:00+00:00,ADAUSDT,core16,-0.008576076555023914,0.011256148352179252,0.8
2024-09-19 01:00:00+00:00,ADAUSDT,core16,0.006893148729660393,0.0014486297459320786,0.2
2024-12-10 02:00:00+00:00,ADAUSDT,core16,0.030165913025766423,0.01640158507872075,0.4
2025-01-08 01:00:00+00:00,ADAUSDT,core16,-0.020069113119475467,-0.004771158894482591,0.6
2025-02-03 04:00:00+00:00,ADAUSDT,core16,0.10458073627419871,0.020986147254839743,0.2
2025-04-07 07:00:00+00:00,ADAUSDT,core16,0.04159230769230759,0.008388461538461517,0.2
2025-09-22 07:00:00+00:00,ADAUSDT,core16,0.00514387855044084,0.0010987757100881681,0.2
2025-10-10 23:00:00+00:00,ADAUSDT,core16,0.01812167953363796,0.0036943359067275914,0.2
2026-08-22 06:00:00+00:00,ADAUSDT,core16,0.04676324786324792,0.009422649572649582,0.2
2026-09-23 15:00:00+00:00,ADAUSDT,core16,0.0035374367622259435,0.0037334645660931478,0.4
2025-10-10 21:00:00+00:00,AEROUSDT,fresh,0.07187225186766276,0.014444450373532553,0.2
2024-04-13 01:00:00+00:00,AEVOUSDT,fresh,0.018496864501679745,0.003769372900335949,0.2
2024-04-13 21:00:00+00:00,AEVOUSDT,fresh,0.02642293577981657,0.005354587155963314,0.2
2024-06-07 19:00:00+00:00,AEVOUSDT,fresh,0.022430846135088934,0.004556169227017787,0.2
2024-08-05 10:00:00+00:00,AEVOUSDT,fresh,0.06921802120141361,0.05827956956929567,0.6
2024-10-25 23:00:00+00:00,AEVOUSDT,fresh,0.012944943820224809,0.015445065529214225,0.6
2024-12-09 21:00:00+00:00,AEVOUSDT,fresh,0.02309182187968305,0.08008393026505434,1.0
2025-02-03 00:00:00+00:00,AEVOUSDT,fresh,-0.19571242440901604,-0.15103049814452799,1.0
2023-04-19 17:00:00+00:00,AGIXUSDT,fresh,-0.004956041131105381,0.007170812099639346,0.8
2023-05-08 18:00:00+00:00,AGIXUSDT,fresh,0.0061402044293014,0.00129804088586028,0.2
2023-05-08 23:00:00+00:00,AGIXUSDT,fresh,0.011601100762066097,0.0023902201524132194,0.2
2023-08-15 19:00:00+00:00,AGIXUSDT,fresh,0.01677487586891756,0.003424975173783512,0.2
2023-08-17 21:00:00+00:00,AGIXUSDT,fresh,0.007140141259564515,0.0060131475325471695,0.4
2024-01-03 13:00:00+00:00,AGIXUSDT,fresh,0.0051370062370060705,0.0063484157515446005,0.4
2024-04-12 20:00:00+00:00,AGIXUSDT,fresh,-0.01872632197414804,-0.00287482827462765,0.4
2024-06-07 18:00:00+00:00,AGIXUSDT,fresh,0.03292545210984598,0.0066550904219691955,0.2
2024-06-24 23:00:00+00:00,AGIXUSDT,fresh,-0.04760119617224879,-0.018223824430387593,0.8
2023-10-26 02:00:00+00:00,AGLDUSDT,fresh,-0.02938838745184359,-0.004443274614466197,0.4
2024-01-03 12:00:00+00:00,AGLDUSDT,fresh,-0.041389581366068524,-0.011614631779640311,0.6
2025-04-23 04:00:00+00:00,AI16ZUSDT,fresh,0.006362686567164089,0.006263034298878544,0.4
2025-10-10 22:00:00+00:00,AI16ZUSDT,fresh,0.11794761904761907,0.023659523809523814,0.2
2025-11-07 13:00:00+00:00,AIAUSDT,fresh,0.3695725253631068,0.07398450507262136,0.2
2025-12-11 11:00:00+00:00,AIAUSDT,fresh,0.07917380211574364,0.01590476042314873,0.2
2025-05-31 01:00:00+00:00,AIOTUSDT,fresh,-0.2795600850259802,-0.25979867646156524,1.0
2025-09-22 16:00:00+00:00,AIOTUSDT,fresh,0.0071880082880081304,0.0015076016576016263,0.2
2024-04-12 22:00:00+00:00,AIUSDT,fresh,-0.0375097298574324,-0.009664983951764633,0.6
2024-04-13 19:00:00+00:00,AIUSDT,fresh,-0.03464694901086652,0.020101027886373496,1.0
2024-06-07 18:00:00+00:00,AIUSDT,fresh,0.026231962250370045,0.013810937862920859,0.4
2024-06-18 02:00:00+00:00,AIUSDT,fresh,0.00666194780412931,0.001402389560825862,0.2
2025-09-22 07:00:00+00:00,AIXBTUSDT,fresh,-0.013261360490409279,-0.002615078188872044,0.4
2025-10-10 17:00:00+00:00,AIXBTUSDT,fresh,-0.34536624864343424,-0.32900800202781216,1.0
2026-09-02 21:00:00+00:00,AKEUSDT,fresh,0.07027292503146164,0.04614029023555305,0.4
2022-04-30 23:00:00+00:00,AKROUSDT,fresh,0.021484692597239497,0.011664011313091305,0.4
2022-11-08 20:00:00+00:00,ALGOUSDT,ext54,-0.03491642512077287,-0.007570139125828567,0.4
2022-11-09 21:00:00+00:00,ALGOUSDT,ext54,0.05473559519193471,0.011017119038386942,0.2
2022-12-17 01:00:00+00:00,ALGOUSDT,ext54,0.013061220043573008,0.007549800645109184,0.4
2023-01-09 07:00:00+00:00,ALGOUSDT,ext54,0.001342598925256445,0.0072811440647194475,0.8
2023-02-09 20:00:00+00:00,ALGOUSDT,ext54,-0.025877390631049,0.00037606867384461576,1.0
2023-06-05 17:00:00+00:00,ALGOUSDT,ext54,-0.008309805335255948,-0.0015553257474435365,0.4
2023-06-10 04:00:00+00:00,ALGOUSDT,ext54,0.017637672583826414,0.010930705461395507,0.4
2023-07-13 20:00:00+00:00,ALGOUSDT,ext54,-0.036663082133785115,-0.017588148639898056,1.0
2023-08-17 21:00:00+00:00,ALGOUSDT,ext54,0.01415054466230924,0.008805337832589865,0.4
2023-11-09 20:00:00+00:00,ALGOUSDT,ext54,0.026654415475189198,0.005400883095037839,0.2
2024-01-03 13:00:00+00:00,ALGOUSDT,ext54,0.006774015748031482,0.0064419231939260805,0.4
2024-01-03 18:00:00+00:00,ALGOUSDT,ext54,0.019277733598409664,0.003925546719681932,0.2
2024-03-05 20:00:00+00:00,ALGOUSDT,ext54,0.0395764168190128,0.007985283363802559,0.2
2024-04-12 20:00:00+00:00,ALGOUSDT,ext54,-0.004229890453834161,-0.0007759780907668322,0.2
2024-04-13 19:00:00+00:00,ALGOUSDT,ext54,0.009749909584086825,0.05392741870048131,1.0
2024-06-18 10:00:00+00:00,ALGOUSDT,ext54,-0.020430855018587445,-0.003212271943362709,0.8
2025-02-03 03:00:00+00:00,ALGOUSDT,ext54,0.0903264036418817,0.043076790421561706,0.4
2025-10-11 04:00:00+00:00,ALGOUSDT,ext54,0.03321372549019618,0.006712745098039236,0.2
2022-01-21 21:00:00+00:00,ALICEUSDT,fresh,-0.006419807002350796,0.007760013085167933,0.6
2022-04-18 04:00:00+00:00,ALICEUSDT,fresh,-0.006452798053528063,-0.0012205596107056126,0.2
2022-04-30 23:00:00+00:00,ALICEUSDT,fresh,0.012732384052074875,0.008881666554504276,0.4
2024-12-10 07:00:00+00:00,ALICEUSDT,fresh,0.0009891364902506648,0.00026782729805013296,0.2
2025-10-10 21:00:00+00:00,ALICEUSDT,fresh,-0.10620510510510518,-0.02993862632826222,0.4
2026-07-14 12:00:00+00:00,ALLOUSDT,fresh,-0.024113146679753183,-0.004801215959875938,0.4
2026-07-25 17:00:00+00:00,ALLOUSDT,fresh,0.07690786971881557,0.03885738692006334,0.4
2025-04-30 08:00:00+00:00,ALPACAUSDT,fresh,-0.0848097479236486,-0.01956074801439026,0.4
2022-05-11 17:00:00+00:00,ALPHAUSDT,fresh,-0.03943333333333333,0.0001220729575211743,0.6
2023-06-08 13:00:00+00:00,ALPHAUSDT,fresh,-0.017917135776243553,-0.0035134271552487105,0.2
2023-06-10 04:00:00+00:00,ALPHAUSDT,fresh,0.04787482205460513,0.024656422966212833,0.4
2024-04-12 19:00:00+00:00,ALPHAUSDT,fresh,0.01400948905109477,0.002871897810218954,0.2
2024-04-14 00:00:00+00:00,ALPHAUSDT,fresh,0.051982494258964944,0.010466498851792988,0.2
2024-12-10 07:00:00+00:00,ALPHAUSDT,fresh,0.0010728395061728633,0.00028456790123457265,0.2
2025-09-30 17:00:00+00:00,ALPINEUSDT,fresh,0.15143010386984102,0.0303560207739682,0.2
2025-10-01 03:00:00+00:00,ALPINEUSDT,fresh,0.03323678269049856,0.006717356538099711,0.2
2024-03-05 20:00:00+00:00,ALTUSDT,fresh,0.09965721399822645,0.020001442799645292,0.2
2024-04-12 18:00:00+00:00,ALTUSDT,fresh,0.04223017975402065,0.022573733791293116,0.4
2024-04-12 23:00:00+00:00,ALTUSDT,fresh,-0.001160546126056993,0.014259164359350214,0.6
2024-04-13 20:00:00+00:00,ALTUSDT,fresh,0.13618632478632475,0.02730726495726495,0.2
2024-06-07 18:00:00+00:00,ALTUSDT,fresh,0.016061290322580624,0.009519380808426459,0.4
2024-06-18 07:00:00+00:00,ALTUSDT,fresh,-0.026132023911186974,-0.006243522745483303,0.6
2024-07-05 00:00:00+00:00,ALTUSDT,fresh,-0.0707424398223885,-0.03383288793356229,1.0
2024-10-01 22:00:00+00:00,ALTUSDT,fresh,0.08400450657024426,0.016870901314048854,0.2
2024-10-02 20:00:00+00:00,ALTUSDT,fresh,0.012257854999516139,0.009373406691633612,0.4
2024-12-09 22:00:00+00:00,ALTUSDT,fresh,-0.004902788711721794,-0.0009105577423443587,0.2
2025-02-03 01:00:00+00:00,ALTUSDT,fresh,-0.019396667392724953,0.05546656173207623,1.0
2024-03-05 21:00:00+00:00,AMBUSDT,fresh,-0.005403530651677545,0.0036507700220069217,0.4
2024-04-13 00:00:00+00:00,AMBUSDT,fresh,0.010807205912543572,0.020743339534444176,0.6
2024-12-10 02:00:00+00:00,AMBUSDT,fresh,0.012855773955773853,0.010888860283631906,0.4
2026-06-05 16:00:00+00:00,AMDUSDT,fresh,-0.025741605272547884,-0.010135734980106427,0.8
2025-07-23 20:00:00+00:00,ANIMEUSDT,fresh,0.016158883248731038,0.018701220696649718,0.6
2023-06-10 05:00:00+00:00,ANKRUSDT,fresh,0.0323728033472802,0.00654456066945604,0.2
2023-06-10 15:00:00+00:00,ANKRUSDT,fresh,0.019444427324088232,0.003958885464817647,0.2
2023-12-11 08:00:00+00:00,ANKRUSDT,fresh,0.006896953541508089,0.001449390708301618,0.2
2024-01-03 13:00:00+00:00,ANKRUSDT,fresh,0.02321493631802395,0.013386985259669935,0.4
2024-03-06 01:00:00+00:00,ANKRUSDT,fresh,0.05801195859438845,0.02825636384189726,0.4
2024-04-12 20:00:00+00:00,ANKRUSDT,fresh,-0.013691815320041944,-0.002668363064008389,0.2
2024-12-10 02:00:00+00:00,ANKRUSDT,fresh,0.032017183881426374,0.017542054807987262,0.4
2022-04-30 23:00:00+00:00,ANTUSDT,fresh,0.010864735516372782,0.007256748775365873,0.4
2022-11-08 21:00:00+00:00,APEUSDT,ext54,0.0020704095112286,0.00048408190224572006,0.2
2023-01-14 01:00:00+00:00,APEUSDT,ext54,-0.0032235521235520863,0.0011544591940062634,0.4
2023-03-12 22:00:00+00:00,APEUSDT,ext54,-0.043648189938881095,-0.025227250401313277,1.0
2023-05-25 00:00:00+00:00,APEUSDT,ext54,-0.01896254919769903,-0.008288889570461316,1.0
2023-06-05 15:00:00+00:00,APEUSDT,ext54,-0.015375766016713099,-0.000537678927674156,0.8
2023-06-10 07:00:00+00:00,APEUSDT,ext54,0.024260734586794997,0.004922146917358999,0.2
2023-11-09 16:00:00+00:00,APEUSDT,ext54,-0.012260714285714413,-0.0010044733509993239,0.4
2024-01-03 14:00:00+00:00,APEUSDT,ext54,-0.02887777777777768,-0.006074703616513927,0.6
2024-03-05 19:00:00+00:00,APEUSDT,ext54,0.044427476935419256,0.022965919341695572,0.4
2024-04-12 23:00:00+00:00,APEUSDT,ext54,-0.020707843137254944,-0.0002917775875150904,0.6
2024-07-05 10:00:00+00:00,APEUSDT,ext54,0.022195944779982758,0.004509188955996552,0.2
2024-08-05 02:00:00+00:00,APEUSDT,ext54,-0.06391360341943887,-0.027908781656343026,1.0
2024-12-09 21:00:00+00:00,APEUSDT,ext54,0.03019317491019612,0.05544786822019676,0.8
2024-12-10 02:00:00+00:00,APEUSDT,ext54,0.03265586525667074,0.018464931917589012,0.4
2025-02-03 05:00:00+00:00,APEUSDT,ext54,0.056623315059658334,0.011394663011931667,0.2
2025-10-11 00:00:00+00:00,APEUSDT,ext54,-0.025568085106382987,0.0007454419462043062,0.4
2022-04-30 23:00:00+00:00,API3USDT,fresh,0.0007897637795276533,0.010523477615285843,0.6
2024-04-12 18:00:00+00:00,API3USDT,fresh,0.019937417697125526,0.004057483539425105,0.2
2024-06-07 18:00:00+00:00,API3USDT,fresh,0.03746696627780965,0.007563393255561929,0.2
2024-12-10 02:00:00+00:00,API3USDT,fresh,0.04941647811116578,0.024942048349800728,0.4
2025-10-10 21:00:00+00:00,API3USDT,fresh,-0.10199955022488762,-0.03851143893675786,0.6
2025-10-11 08:00:00+00:00,API3USDT,fresh,-0.02423253012048211,-0.0031030185223832937,0.4
2022-11-08 21:00:00+00:00,APTUSDT,ext54,-0.03571320219406083,-0.00819026701512927,0.4
2023-01-14 01:00:00+00:00,APTUSDT,ext54,-0.045187398610626046,-0.012526492503381892,0.8
2023-01-14 11:00:00+00:00,APTUSDT,ext54,0.02657544487691853,0.005385088975383706,0.2
2023-03-12 23:00:00+00:00,APTUSDT,ext54,0.01447239057239057,0.008457851982056253,0.4
2023-06-05 10:00:00+00:00,APTUSDT,ext54,0.003490841271663093,0.002927815901537889,0.4
2023-06-05 17:00:00+00:00,APTUSDT,ext54,-0.019850000000000045,-0.0035881532808496484,0.8
2023-06-10 05:00:00+00:00,APTUSDT,ext54,-0.008916397804756292,0.0006136908762394923,0.4
2023-08-18 01:00:00+00:00,APTUSDT,ext54,0.004953053231262151,0.005100688648028628,0.4
2023-11-09 18:00:00+00:00,APTUSDT,ext54,0.044328156748911655,0.008935631349782331,0.2
2024-01-03 14:00:00+00:00,APTUSDT,ext54,0.017377884282249723,0.0035455768564499448,0.2
2024-04-13 19:00:00+00:00,APTUSDT,ext54,0.018434883720930374,0.07062213977089513,1.0
2024-06-07 20:00:00+00:00,APTUSDT,ext54,-0.00168602906704186,-0.000267205813408372,0.2
2024-06-18 02:00:00+00:00,APTUSDT,ext54,0.01579685571554511,0.003229371143109022,0.2
2024-07-05 06:00:00+00:00,APTUSDT,ext54,0.019752727611245347,0.011316628451112287,0.4
2024-08-05 02:00:00+00:00,APTUSDT,ext54,-0.053797616060225824,-0.02350598192245012,1.0
2024-12-09 21:00:00+00:00,APTUSDT,ext54,0.018535978510603724,0.057961875339521886,1.0
2024-12-10 02:00:00+00:00,APTUSDT,ext54,0.031292120647145365,0.016898212523348388,0.4
2025-02-03 03:00:00+00:00,APTUSDT,ext54,0.11737047434656343,0.023544094869312686,0.2
2025-02-03 08:00:00+00:00,APTUSDT,ext54,0.02985738241891266,0.006041476483782532,0.2
2025-06-22 00:00:00+00:00,APTUSDT,ext54,-0.032768260038240966,-0.012268387358845962,1.0
2025-09-22 06:00:00+00:00,APTUSDT,ext54,-0.004162716072298577,0.002722668670100376,0.6
2025-10-10 22:00:00+00:00,APTUSDT,ext54,0.038972416774751266,0.02458468575259586,0.4
2026-09-23 18:00:00+00:00,APTUSDT,ext54,-0.0038620676048928375,-0.0007024135209785674,0.2
2026-09-23 23:00:00+00:00,APTUSDT,ext54,0.009910878217033726,0.0020521756434067452,0.2
2023-06-10 04:00:00+00:00,ARBUSDT,ext54,0.006539569049951111,0.018385266972743897,0.8
2023-06-10 13:00:00+00:00,ARBUSDT,ext54,0.02757970910580775,0.05641022170604966,1.0
2023-08-16 13:00:00+00:00,ARBUSDT,ext54,0.010197342346513472,0.005218613382840964,0.4
2023-08-16 20:00:00+00:00,ARBUSDT,ext54,-0.020532129044429703,-0.008208371274198462,1.0
2023-08-17 23:00:00+00:00,ARBUSDT,ext54,0.014353436356242411,0.002940687271248482,0.2
2024-03-05 20:00:00+00:00,ARBUSDT,ext54,0.05503792369499282,0.011077584738998563,0.2
2024-03-06 01:00:00+00:00,ARBUSDT,ext54,0.04429638671375213,0.008929277342750425,0.2
2024-04-12 17:00:00+00:00,ARBUSDT,ext54,-0.07699571337172108,-0.05586755330309598,1.0
2024-06-07 18:00:00+00:00,ARBUSDT,ext54,0.03119479349963782,0.01513109583370228,0.4
2024-06-18 02:00:00+00:00,ARBUSDT,ext54,0.015410943299628877,0.0031521886599257753,0.2
2024-07-05 00:00:00+00:00,ARBUSDT,ext54,-0.06780803599131237,-0.04502262466245811,1.0
2024-07-08 00:00:00+00:00,ARBUSDT,ext54,0.02560335005664337,0.01337984832244149,0.4
2024-10-01 16:00:00+00:00,ARBUSDT,ext54,-0.029711797951253904,-0.009299753024128037,1.0
2024-12-10 02:00:00+00:00,ARBUSDT,ext54,0.046488005215123855,0.023352187332932504,0.4
2025-02-03 03:00:00+00:00,ARBUSDT,ext54,0.08695342567400442,0.017460685134800886,0.2
2025-05-08 06:00:00+00:00,ARBUSDT,ext54,-0.014498294762484664,-0.004412161156966415,0.6
2025-09-22 06:00:00+00:00,ARBUSDT,ext54,0.0007231540565176729,0.002378803403839991,0.4
2025-10-10 23:00:00+00:00,ARBUSDT,ext54,0.02627411287597169,0.005324822575194338,0.2
2026-01-19 00:00:00+00:00,ARBUSDT,ext54,-0.011980829015544103,-0.002402694823886986,0.4
2026-06-04 01:00:00+00:00,ARBUSDT,ext54,0.012352914798206095,0.025162274699888187,0.8
2026-06-05 06:00:00+00:00,ARBUSDT,ext54,0.01831747572815533,0.010349228504426133,0.4
2026-08-20 02:00:00+00:00,ARBUSDT,ext54,-0.011556922027733518,-0.0027035577075029127,0.4
2024-04-12 19:00:00+00:00,ARKMUSDT,fresh,0.01849520433157169,0.0037690408663143384,0.2
2024-06-07 18:00:00+00:00,ARKMUSDT,fresh,0.011106767697737097,0.007403062132238036,0.4
2024-08-05 01:00:00+00:00,ARKMUSDT,fresh,-0.02868298270219739,-0.003813527700744329,0.6
2024-12-09 22:00:00+00:00,ARKMUSDT,fresh,-0.053615286984224804,-0.0159945204344094,0.4
2024-12-10 07:00:00+00:00,ARKMUSDT,fresh,0.001243627936045145,0.000318725587209029,0.2
2024-12-19 02:00:00+00:00,ARKMUSDT,fresh,0.003634250725918265,0.0007968501451836531,0.2
2025-01-20 02:00:00+00:00,ARKMUSDT,fresh,0.10818028686075297,0.021706057372150596,0.2
2025-01-27 07:00:00+00:00,ARKMUSDT,fresh,0.0002721185510429112,0.0026971652927797797,0.4
2025-02-02 22:00:00+00:00,ARKMUSDT,fresh,-0.23784871207784786,-0.20239999299980205,1.0
2025-02-03 11:00:00+00:00,ARKMUSDT,fresh,0.0686890407323869,0.03442698111784824,0.4
2025-10-10 21:00:00+00:00,ARKMUSDT,fresh,-0.01899505611161668,0.06098590695930326,0.8
2024-01-03 12:00:00+00:00,ARKUSDT,fresh,-0.021628879610299145,-2.3216766848916347e-05,0.6
2023-04-19 09:00:00+00:00,ARPAUSDT,fresh,0.01818957892260641,0.0037079157845212817,0.2
2023-04-19 14:00:00+00:00,ARPAUSDT,fresh,-0.01747076320036901,-0.005127118500654398,0.6
2023-08-16 02:00:00+00:00,ARPAUSDT,fresh,-0.0033859517871988147,-0.0006071903574397629,0.2
2023-08-18 01:00:00+00:00,ARPAUSDT,fresh,0.017615225088518083,0.003593045017703617,0.2
2024-04-12 18:00:00+00:00,ARPAUSDT,fresh,-0.0012277791975465848,0.004151183982443995,0.4
2024-10-25 23:00:00+00:00,ARPAUSDT,fresh,0.035554960491659286,0.007180992098331856,0.2
2024-12-09 21:00:00+00:00,ARPAUSDT,fresh,0.045155506607929545,0.07104873142359229,0.8
2025-02-03 03:00:00+00:00,ARPAUSDT,fresh,0.051858579881656756,0.01044171597633135,0.2
2022-05-12 05:00:00+00:00,ARUSDT,ext54,-0.08668290045133277,-0.004329274196276513,0.8
2022-05-12 12:00:00+00:00,ARUSDT,ext54,0.21513847167325417,0.09844171987616909,0.4
2024-01-03 14:00:00+00:00,ARUSDT,ext54,-0.010614968670225166,-0.0020529937340450334,0.2
2024-02-27 01:00:00+00:00,ARUSDT,ext54,0.055114059382701634,0.011092811876540326,0.2
2024-04-12 18:00:00+00:00,ARUSDT,ext54,0.028326644182124706,0.005735328836424941,0.2
2024-07-05 02:00:00+00:00,ARUSDT,ext54,0.03259179163378067,0.03148865755314054,0.6
2024-07-05 08:00:00+00:00,ARUSDT,ext54,0.04462496189586506,0.008994992379173011,0.2
2024-08-05 08:00:00+00:00,ARUSDT,ext54,-0.06466356356356363,-0.023815938952081936,0.8
2024-10-26 01:00:00+00:00,ARUSDT,ext54,0.047025278502769045,0.009475055700553809,0.2
2024-12-10 02:00:00+00:00,ARUSDT,ext54,0.03602243486280831,0.01889273292795092,0.4
2026-09-28 05:00:00+00:00,ARUSDT,ext54,-0.01743686148182234,-0.001428541899256125,0.6
2025-10-11 07:00:00+00:00,ASTERUSDT,fresh,0.0003080331999406503,0.00013160663998813008,0.2
2026-01-19 05:00:00+00:00,ASTERUSDT,fresh,0.0038410264583997773,0.004431754660574649,0.4
2026-01-19 11:00:00+00:00,ASTERUSDT,fresh,-0.0081411265802528,0.002067287057845996,0.6
2026-01-31 17:00:00+00:00,ASTERUSDT,fresh,0.020260314783586354,0.04831878041672442,1.0
2026-02-05 21:00:00+00:00,ASTERUSDT,fresh,0.017206636155606348,0.06098825736823639,1.0
2026-05-23 00:00:00+00:00,ASTERUSDT,fresh,-0.002741056243473105,-0.00047821124869462087,0.2
2026-08-22 14:00:00+00:00,ASTERUSDT,fresh,-0.0012526018617427072,-0.00018052037234854144,0.2
2024-03-05 20:00:00+00:00,ASTRUSDT,fresh,0.054343548387096756,0.010938709677419351,0.2
2024-04-12 17:00:00+00:00,ASTRUSDT,fresh,-0.05165628272251311,-0.034308119468847924,1.0
2024-04-13 23:00:00+00:00,ASTRUSDT,fresh,-0.04438388538914851,-0.011869028829905776,0.6
2024-12-09 22:00:00+00:00,ASTRUSDT,fresh,-0.025633498201438797,-0.005889904089707698,0.4
2022-11-08 23:00:00+00:00,ATAUSDT,fresh,-0.02964996243425989,0.0006038995898846496,0.8
2023-04-19 08:00:00+00:00,ATAUSDT,fresh,0.00817536231884063,0.0017050724637681259,0.2
2022-05-04 23:00:00+00:00,ATOMUSDT,core16,-0.015463919441514606,-0.00385924103270055,0.6
2022-05-09 16:00:00+00:00,ATOMUSDT,core16,0.012727871804105163,0.00814882975469563,0.4
2022-05-09 21:00:00+00:00,ATOMUSDT,core16,-0.07655234781334698,-0.04036776939879562,1.0
2022-05-11 15:00:00+00:00,ATOMUSDT,core16,-0.0777493055555555,-0.020387970636226133,0.6
2023-06-05 16:00:00+00:00,ATOMUSDT,core16,-0.00040195452732362156,0.0033861892728582702,0.6
2023-08-15 21:00:00+00:00,ATOMUSDT,core16,0.001251485148514909,0.0003202970297029818,0.2
2023-08-18 02:00:00+00:00,ATOMUSDT,core16,0.01759284561592255,0.0035885691231845097,0.2
2024-01-03 16:00:00+00:00,ATOMUSDT,core16,-0.011233805588350975,0.009585218779936965,0.8
2024-03-05 20:00:00+00:00,ATOMUSDT,core16,0.04643552008419582,0.009357104016839164,0.2
2024-03-06 01:00:00+00:00,ATOMUSDT,core16,0.04624832414085699,0.022271654394707074,0.4
2024-04-13 19:00:00+00:00,ATOMUSDT,core16,0.0011365805168986785,0.03569903105600816,1.0
2024-06-07 23:00:00+00:00,ATOMUSDT,core16,-0.010116798418972405,-0.0023791752891403005,0.4
2024-07-05 01:00:00+00:00,ATOMUSDT,core16,-0.07063179594689041,-0.05031071161735032,1.0
2024-08-28 02:00:00+00:00,ATOMUSDT,core16,0.0023987972884321647,0.0005497594576864331,0.2
2024-11-22 15:00:00+00:00,ATOMUSDT,core16,0.024024277844954856,0.0048748555689909715,0.2
2024-12-10 02:00:00+00:00,ATOMUSDT,core16,0.03755629245399549,0.019467261526069778,0.4
2025-01-07 20:00:00+00:00,ATOMUSDT,core16,-0.0047358347876672695,0.0003786120154386401,0.4
2025-10-10 22:00:00+00:00,ATOMUSDT,core16,0.06913643949930447,0.013897287899860894,0.2
2026-06-04 10:00:00+00:00,ATOMUSDT,core16,0.03866945244956776,0.007803890489913551,0.2
2024-03-05 20:00:00+00:00,AUCTIONUSDT,fresh,0.05296555981268646,0.010663111962537292,0.2
2024-03-06 02:00:00+00:00,AUCTIONUSDT,fresh,0.0665009892827698,0.013370197856553962,0.2
2024-04-12 18:00:00+00:00,AUCTIONUSDT,fresh,0.03264195897560362,0.006598391795120723,0.2
2024-04-13 20:00:00+00:00,AUCTIONUSDT,fresh,0.08452197092084011,0.04074451502700042,0.4
2024-07-05 10:00:00+00:00,AUCTIONUSDT,fresh,0.026482255688328727,0.0053664511376657455,0.2
2024-08-05 10:00:00+00:00,AUCTIONUSDT,fresh,0.04902610340479196,0.043355578089183104,0.6
2024-12-09 22:00:00+00:00,AUCTIONUSDT,fresh,-0.0327086662984103,-0.008094151059283516,0.4
2022-09-19 04:00:00+00:00,AUDIOUSDT,fresh,0.002544646924829242,0.003252222475189737,0.4
2022-11-08 19:00:00+00:00,AUDIOUSDT,fresh,0.0028977155910908554,0.005794269006215613,0.4
2023-08-18 04:00:00+00:00,AUDIOUSDT,fresh,0.01275224274406327,0.002620448548812654,0.2
2024-01-03 12:00:00+00:00,AUDIOUSDT,fresh,-0.010525493716337497,0.005607183413621136,0.6
2022-01-21 21:00:00+00:00,AVAXUSDT,core16,0.005925233799180297,0.014005588852391665,0.6
2022-05-10 03:00:00+00:00,AVAXUSDT,core16,0.09892381519409375,0.01985476303881875,0.2
2022-10-14 02:00:00+00:00,AVAXUSDT,core16,-0.0011,0.0012337690811614957,0.4
2022-10-21 22:00:00+00:00,AVAXUSDT,core16,0.008441984732824415,0.004732764457512595,0.4
2023-01-14 01:00:00+00:00,AVAXUSDT,core16,-0.04433578795874305,-0.01939015094011134,0.8
2023-03-18 02:00:00+00:00,AVAXUSDT,core16,0.003777775285938579,0.0033865287678052193,0.4
2023-04-19 08:00:00+00:00,AVAXUSDT,core16,0.011564798089899509,0.0023829596179799017,0.2
2023-06-05 22:00:00+00:00,AVAXUSDT,core16,0.004238335016592088,0.0009176670033184177,0.2
2023-06-10 04:00:00+00:00,AVAXUSDT,core16,0.03719173799441388,0.03410733212149008,0.6
2023-08-15 19:00:00+00:00,AVAXUSDT,core16,0.008723182711198308,0.0018146365422396615,0.2
2023-08-17 22:00:00+00:00,AVAXUSDT,core16,-0.001005687069697402,-0.0001311374139394804,0.2
2024-01-03 18:00:00+00:00,AVAXUSDT,core16,0.019569318719225282,0.0039838637438450565,0.2
2024-03-05 21:00:00+00:00,AVAXUSDT,core16,-0.003140500051658234,-0.0005581000103316467,0.2
2024-04-13 00:00:00+00:00,AVAXUSDT,core16,-0.007468118323747063,0.00475395730452916,0.6
2024-04-13 22:00:00+00:00,AVAXUSDT,core16,-0.014990117667875735,-0.0006866434475655599,0.4
2024-06-07 18:00:00+00:00,AVAXUSDT,core16,0.010263294754246133,0.00638472201587793,0.4
2024-06-18 02:00:00+00:00,AVAXUSDT,core16,0.006035537252818125,0.001277107450563625,0.2
2024-08-05 03:00:00+00:00,AVAXUSDT,core16,0.020050955550783612,0.05441165435453982,1.0
2024-10-01 23:00:00+00:00,AVAXUSDT,core16,0.020759617844269596,0.0042219235688539195,0.2
2024-12-10 02:00:00+00:00,AVAXUSDT,core16,0.033336544533539285,0.0323833251393647,0.6
2025-02-03 02:00:00+00:00,AVAXUSDT,core16,0.08123448110534791,0.016316896221069584,0.2
2025-07-23 20:00:00+00:00,AVAXUSDT,core16,0.02124069560802232,0.018989114502148102,0.6
2025-10-10 22:00:00+00:00,AVAXUSDT,core16,0.08973461835003858,0.018016923670007717,0.2
2026-03-18 14:00:00+00:00,AVAXUSDT,core16,0.0009907380305248412,0.0017318359665712381,0.4
2026-04-02 04:00:00+00:00,AVAXUSDT,core16,-0.002828708078828967,-0.0004957416157657932,0.2
2026-06-04 02:00:00+00:00,AVAXUSDT,core16,0.010128786525456113,0.0020957573050912224,0.2
2026-09-23 22:00:00+00:00,AVAXUSDT,core16,-0.0018760962359332214,0.001446047582502741,0.4
2024-04-12 17:00:00+00:00,AXLUSDT,fresh,-0.06420802808561034,-0.03384611199882334,1.0
2024-06-07 18:00:00+00:00,AXLUSDT,fresh,0.025966985101785512,0.013672971610294848,0.4
2024-06-07 23:00:00+00:00,AXLUSDT,fresh,-0.002214081996434924,-0.0003728163992869847,0.2
2024-12-10 02:00:00+00:00,AXLUSDT,fresh,0.0490023726363965,0.02430233888789842,0.4
2022-01-22 12:00:00+00:00,AXSUSDT,ext54,-0.043107222961414234,-0.006932073827246966,0.8
2022-04-30 23:00:00+00:00,AXSUSDT,ext54,0.03617994477045216,0.031976080409392454,0.6
2023-03-13 00:00:00+00:00,AXSUSDT,ext54,0.013032972840113056,0.002676594568022611,0.2
2023-04-19 08:00:00+00:00,AXSUSDT,ext54,-0.00376234517884012,-0.000682469035768024,0.2
2023-04-19 14:00:00+00:00,AXSUSDT,ext54,-0.017229032258064613,-0.005541769047323025,0.6
2023-08-17 23:00:00+00:00,AXSUSDT,ext54,-0.004411943696957198,0.0009704189452713564,0.4
2024-01-03 14:00:00+00:00,AXSUSDT,ext54,0.0035201232032854197,0.000774024640657084,0.2
2024-03-05 21:00:00+00:00,AXSUSDT,ext54,-0.007916990036706772,-0.0015133980073413543,0.2
2024-04-12 17:00:00+00:00,AXSUSDT,ext54,-0.07151268360923281,-0.05477553116566669,1.0
2024-04-13 22:00:00+00:00,AXSUSDT,ext54,-0.027981720430107503,-0.006329819840142059,0.4
2024-12-09 22:00:00+00:00,AXSUSDT,ext54,-0.04477330782425116,-0.01414321657613647,0.6
2025-10-27 05:00:00+00:00,B2USDT,fresh,-0.05873993948562784,-0.015051459785483667,0.4
2025-10-27 14:00:00+00:00,B2USDT,fresh,-0.06379328085465276,-0.010271779766548587,0.6
2024-01-03 16:00:00+00:00,BADGERUSDT,fresh,-0.001903643182426983,0.003801608106207477,0.4
2022-01-21 22:00:00+00:00,BAKEUSDT,fresh,-0.00367990540346853,0.0017839178255817712,0.4
2022-01-22 08:00:00+00:00,BAKEUSDT,fresh,0.016177571451639106,0.05795875048291539,1.0
2022-05-12 06:00:00+00:00,BAKEUSDT,fresh,0.08756995073891614,0.09062988075795128,0.6
2022-05-12 12:00:00+00:00,BAKEUSDT,fresh,0.1058012178619757,0.05295021139706694,0.4
2022-08-19 07:00:00+00:00,BAKEUSDT,fresh,-0.014994104393540996,-0.0005652362775086907,0.6
2023-10-04 21:00:00+00:00,BAKEUSDT,fresh,0.01147334450963965,0.00236466890192793,0.2
2023-11-09 21:00:00+00:00,BAKEUSDT,fresh,0.03912191400832176,0.007894382801664351,0.2
2023-12-07 01:00:00+00:00,BAKEUSDT,fresh,0.012142662848962028,0.0024985325697924055,0.2
2024-01-03 18:00:00+00:00,BAKEUSDT,fresh,0.018631649565903675,0.003796329913180735,0.2
2024-03-05 19:00:00+00:00,BAKEUSDT,fresh,0.05719343846803714,0.029942609901180816,0.4
2024-04-12 18:00:00+00:00,BAKEUSDT,fresh,0.024961057334326065,0.005062211466865213,0.2
2024-04-13 19:00:00+00:00,BAKEUSDT,fresh,-0.040273482565647896,0.01254086205269836,1.0
2024-06-07 23:00:00+00:00,BAKEUSDT,fresh,0.01237449470644868,0.002544898941289736,0.2
2024-12-09 22:00:00+00:00,BAKEUSDT,fresh,-0.05187531164487703,-0.013595928116247085,0.6
2022-01-22 13:00:00+00:00,BALUSDT,fresh,-0.03751432916525866,-0.010425114432374066,0.6
2025-07-11 01:00:00+00:00,BANANAS31USDT,fresh,0.3231554333243897,0.13539518458786134,0.4
2025-07-13 13:00:00+00:00,BANANAS31USDT,fresh,0.0033938505203404586,0.0007487701040680918,0.2
2024-12-10 02:00:00+00:00,BANANAUSDT,fresh,0.06149874802503962,0.028987212736926005,0.4
2024-01-03 14:00:00+00:00,BANDUSDT,fresh,0.020576300578034713,0.004185260115606942,0.2
2026-07-19 22:00:00+00:00,BANKUSDT,fresh,-0.13060039284558844,-0.032184793095723856,1.0
2026-09-09 23:00:00+00:00,BANKUSDT,fresh,-0.019156467498358542,-0.004289223777233253,0.4
2025-12-15 01:00:00+00:00,BASUSDT,fresh,0.11404953067015942,0.022879906134031885,0.2
2026-06-30 13:00:00+00:00,BASUSDT,fresh,-0.061009142532652,-0.012847853068451232,0.4
2026-07-01 22:00:00+00:00,BASUSDT,fresh,-0.06523504226341272,-0.006648110999450091,0.6
2024-03-06 00:00:00+00:00,BATUSDT,fresh,0.01860443349753692,0.023003503627922292,0.6
2024-12-09 22:00:00+00:00,BATUSDT,fresh,-0.033038325991189395,-0.008955281336584197,0.4
2024-12-09 21:00:00+00:00,BBUSDT,fresh,0.03993496503496507,0.06501376679574215,0.8
2024-12-10 02:00:00+00:00,BBUSDT,fresh,0.041389527229204075,0.022406248827576126,0.4
2025-02-03 04:00:00+00:00,BBUSDT,fresh,0.1156112212297059,0.0,0.0
2025-10-10 23:00:00+00:00,BBUSDT,fresh,0.02437716428084512,0.004945432856169024,0.2
2022-01-22 14:00:00+00:00,BCHUSDT,core16,-0.021185188904664486,-0.005027342105841315,0.4
2022-11-02 20:00:00+00:00,BCHUSDT,core16,0.027192682926829293,0.005508536585365859,0.2
2022-11-08 20:00:00+00:00,BCHUSDT,core16,-0.00021652105624826354,2.66957887503473e-05,0.2
2023-01-09 04:00:00+00:00,BCHUSDT,core16,-0.0025175014175015213,-0.00016533581918100028,0.4
2023-01-09 09:00:00+00:00,BCHUSDT,core16,0.0029318799812470993,0.0020091229862525877,0.4
2023-01-14 06:00:00+00:00,BCHUSDT,core16,0.04959582504970172,0.009989165009940343,0.2
2023-06-10 04:00:00+00:00,BCHUSDT,core16,0.023879608482871063,0.021197609571884008,0.6
2023-06-10 09:00:00+00:00,BCHUSDT,core16,0.014454440541896586,0.002960888108379317,0.2
2023-08-17 21:00:00+00:00,BCHUSDT,core16,0.015343701226309892,0.009411196490659057,0.4
2023-11-09 16:00:00+00:00,BCHUSDT,core16,0.008564753850800345,0.001782950770160069,0.2
2024-01-03 12:00:00+00:00,BCHUSDT,core16,-0.0019549931600546626,0.007706107565064707,0.6
2024-05-21 00:00:00+00:00,BCHUSDT,core16,0.020685782716995605,0.004207156543399121,0.2
2024-08-05 01:00:00+00:00,BCHUSDT,core16,-0.038265784087586525,-0.010926173561631811,0.8
2024-08-05 06:00:00+00:00,BCHUSDT,core16,0.00864658869395717,0.0017993177387914338,0.2
2025-02-03 08:00:00+00:00,BCHUSDT,core16,0.020353464206925288,0.004140692841385058,0.2
2025-10-11 05:00:00+00:00,BCHUSDT,core16,0.0036456986197769166,0.0007991397239553834,0.2
2025-10-30 19:00:00+00:00,BCHUSDT,core16,0.020009474717722065,0.004071894943544413,0.2
2026-02-23 20:00:00+00:00,BCHUSDT,core16,0.004621911077862573,0.0036272814440688637,0.4
2026-09-10 13:00:00+00:00,BCHUSDT,core16,-0.005929433200158162,0.00192558390229875,0.6
2025-11-14 15:00:00+00:00,BDXNUSDT,fresh,0.01003981272198905,0.00207796254439781,0.2
2024-04-12 20:00:00+00:00,BEAMXUSDT,fresh,-0.011578037139234897,-0.0022456074278469794,0.2
2024-04-13 19:00:00+00:00,BEAMXUSDT,fresh,0.07207621660519924,0.12633310104343196,1.0
2024-04-14 00:00:00+00:00,BEAMXUSDT,fresh,0.06709831746167315,0.01348966349233463,0.2
2026-06-10 20:00:00+00:00,BEATUSDT,fresh,0.02036688102025096,0.0773225158368821,1.0
2026-07-27 21:00:00+00:00,BEATUSDT,fresh,-0.00796577411603162,0.05314815155494481,0.8
2026-08-02 03:00:00+00:00,BEATUSDT,fresh,0.10361204188481664,0.09292891115171777,0.6
2022-01-21 05:00:00+00:00,BELUSDT,fresh,0.002902183008913862,0.0006504366017827725,0.2
2022-06-07 21:00:00+00:00,BELUSDT,fresh,0.1221519422863485,0.19037687501793346,1.0
2022-08-19 10:00:00+00:00,BELUSDT,fresh,-0.003880623445046149,0.0013857593116005321,0.4
2024-06-08 04:00:00+00:00,BELUSDT,fresh,-0.013166021627774593,-0.002976348883015889,0.4
2025-10-10 21:00:00+00:00,BERAUSDT,fresh,-0.10427460317460314,-0.032579756872849155,0.6
2026-09-25 15:00:00+00:00,BEUSDT,fresh,0.005568958404950187,0.0011837916809900374,0.2
2024-04-12 23:00:00+00:00,BICOUSDT,fresh,-0.025113434089000807,-0.0010642347517758662,0.6
2024-12-10 02:00:00+00:00,BICOUSDT,fresh,0.03774604398743208,0.02043804014108185,0.4
2023-12-02 22:00:00+00:00,BIGTIMEUSDT,fresh,-0.07364138266796484,-0.012112329358471856,1.0
2023-12-04 22:00:00+00:00,BIGTIMEUSDT,fresh,0.0740807228915663,0.037450011746077996,0.4
2024-01-03 15:00:00+00:00,BIGTIMEUSDT,fresh,-0.05083958333333339,-0.001120694788746747,0.8
2024-03-05 20:00:00+00:00,BIGTIMEUSDT,fresh,0.06698719079108494,0.013467438158216988,0.2
2024-03-06 01:00:00+00:00,BIGTIMEUSDT,fresh,0.043287636532651656,0.008727527306530331,0.2
2024-04-12 19:00:00+00:00,BIGTIMEUSDT,fresh,-0.007240765233821455,-0.0013781530467642908,0.2
2024-04-13 20:00:00+00:00,BIGTIMEUSDT,fresh,0.1197576998050681,0.05708659997107071,0.4
2024-06-07 21:00:00+00:00,BIGTIMEUSDT,fresh,-0.0011,-0.00015000000000000001,0.2
2024-06-18 01:00:00+00:00,BIGTIMEUSDT,fresh,0.01915782688766098,0.0039015653775321957,0.2
2024-07-25 18:00:00+00:00,BIGTIMEUSDT,fresh,0.044406257110352614,0.008951251422070521,0.2
2024-08-05 03:00:00+00:00,BIGTIMEUSDT,fresh,-0.016922784810126667,0.027097487495331658,1.0
2024-12-10 02:00:00+00:00,BIGTIMEUSDT,fresh,0.03511682598111975,0.019722337551028712,0.4
2025-01-27 06:00:00+00:00,BIGTIMEUSDT,fresh,-0.02706209075244116,-0.008213681243955533,1.0
2025-02-03 04:00:00+00:00,BIGTIMEUSDT,fresh,0.09315706472196893,0.018701412944393786,0.2
2025-02-25 03:00:00+00:00,BIOUSDT,fresh,-0.027178234704112302,0.0032951361851246918,0.8
2025-10-10 23:00:00+00:00,BIOUSDT,fresh,0.021192221952992408,0.004308444390598481,0.2
2026-06-04 06:00:00+00:00,BIOUSDT,fresh,-0.05496649041639124,-0.020779571746597347,0.8
2026-08-11 03:00:00+00:00,BLUAIUSDT,fresh,0.11594929101958139,0.023259858203916278,0.2
2024-04-12 19:00:00+00:00,BLURUSDT,fresh,0.04426390827517445,0.008922781655034889,0.2
2024-04-13 20:00:00+00:00,BLURUSDT,fresh,0.16876980781153128,0.07487669278707274,0.4
2024-07-05 09:00:00+00:00,BLURUSDT,fresh,0.018561016949152676,0.003782203389830535,0.2
2024-08-05 01:00:00+00:00,BLURUSDT,fresh,-0.05783758865248235,-0.01716971087575485,1.0
2022-02-18 00:00:00+00:00,BLZUSDT,fresh,-0.0278908037241118,-0.008733836973881776,0.6
2022-06-08 05:00:00+00:00,BLZUSDT,fresh,-0.04168563159686756,0.04669573878470444,1.0
2022-08-19 03:00:00+00:00,BLZUSDT,fresh,-0.034965062761506356,-0.01059200453276003,1.0
2024-04-13 20:00:00+00:00,BLZUSDT,fresh,0.08831118121951907,0.04281122771664495,0.4
2024-05-18 15:00:00+00:00,BLZUSDT,fresh,0.024220760550316734,0.021101453532036202,0.6
2024-05-19 16:00:00+00:00,BLZUSDT,fresh,0.013888607234406092,0.0028477214468812183,0.2
2024-05-20 01:00:00+00:00,BLZUSDT,fresh,0.02027758614442542,0.004125517228885084,0.2
2022-01-21 01:00:00+00:00,BNBUSDT,core16,0.0024609008371653147,0.0028722271598230374,0.4
2022-01-21 21:00:00+00:00,BNBUSDT,core16,-0.000661742717195223,0.014489760126984597,0.8
2022-09-13 22:00:00+00:00,BNBUSDT,core16,0.007676048250207724,0.004365740562899368,0.4
2022-09-28 02:00:00+00:00,BNBUSDT,core16,0.0029034422119954446,0.000650688442399089,0.2
2022-11-07 07:00:00+00:00,BNBUSDT,core16,0.011371413325202185,0.002344282665040437,0.2
2022-11-09 04:00:00+00:00,BNBUSDT,core16,-0.02433656735421442,-0.00529790006693448,0.4
2023-01-14 00:00:00+00:00,BNBUSDT,core16,-0.027987452522156297,-0.015838317295870458,1.0
2023-01-24 23:00:00+00:00,BNBUSDT,core16,-0.0018658497602557324,0.011122943945655767,1.0
2023-03-22 19:00:00+00:00,BNBUSDT,core16,0.011931268734420731,0.002456253746884146,0.2
2023-04-19 11:00:00+00:00,BNBUSDT,core16,-0.0019257638315443128,0.00023482189859233029,0.4
2023-06-10 04:00:00+00:00,BNBUSDT,core16,0.003903363605785349,0.00832332909671642,0.6
2023-08-17 23:00:00+00:00,BNBUSDT,core16,-0.013537468447381584,-0.0030246130768652618,0.6
2023-08-29 14:00:00+00:00,BNBUSDT,core16,0.011800991384908522,0.0024301982769817042,0.2
2023-10-24 02:00:00+00:00,BNBUSDT,core16,0.030466888709745888,0.006163377741949178,0.2
2024-04-13 21:00:00+00:00,BNBUSDT,core16,0.013079944978859327,0.008360615479256251,0.4
2024-04-14 03:00:00+00:00,BNBUSDT,core16,0.030990151957919532,0.006268030391583907,0.2
2024-07-05 04:00:00+00:00,BNBUSDT,core16,-0.025971811238058706,-0.00816720773374436,0.6
2024-08-05 12:00:00+00:00,BNBUSDT,core16,0.11935360924664994,0.023940721849329986,0.2
2025-02-03 03:00:00+00:00,BNBUSDT,core16,0.04363346236636933,0.021281534079673314,0.4
2025-07-15 01:00:00+00:00,BNBUSDT,core16,-0.007223788000291675,-0.0006725087265265931,1.0
2025-10-10 21:00:00+00:00,BNBUSDT,core16,-0.02224309960367977,-0.00025679505751062277,0.6
2022-09-16 21:00:00+00:00,BNXUSDT,fresh,-0.024063404142677724,-0.007345452520198442,1.0
2022-11-22 19:00:00+00:00,BNXUSDT,fresh,-0.04755025072578512,-0.035580228023211674,1.0
2024-04-12 19:00:00+00:00,BNXUSDT,fresh,0.008319680403700559,0.0017339360807401116,0.2
2024-06-28 19:00:00+00:00,BNXUSDT,fresh,-0.0926443745632425,-0.07420786233681247,1.0
2024-12-09 21:00:00+00:00,BNXUSDT,fresh,-0.01170606060606073,0.02400288485091242,0.8
2025-03-17 08:00:00+00:00,BNXUSDT,fresh,-0.009164516129032251,-0.0017629032258064503,0.2
2024-06-07 18:00:00+00:00,BOMEUSDT,fresh,0.0221052211747642,0.012688450059873813,0.4
2024-06-18 02:00:00+00:00,BOMEUSDT,fresh,-0.002755824955647534,-0.00048116499112950666,0.2
2024-08-05 01:00:00+00:00,BOMEUSDT,fresh,-0.06914966210906794,-0.03024916272606244,0.8
2024-10-01 18:00:00+00:00,BOMEUSDT,fresh,-0.020315987701767912,-0.001794650368875589,0.6
2024-12-09 22:00:00+00:00,BOMEUSDT,fresh,-0.03827472118959097,-0.009910877318478496,0.4
2024-12-19 06:00:00+00:00,BOMEUSDT,fresh,0.011724381412190666,0.002414876282438133,0.2
2025-02-03 02:00:00+00:00,BOMEUSDT,fresh,0.07740568489442344,0.015551136978884689,0.2
2025-08-14 18:00:00+00:00,BOMEUSDT,fresh,-0.014369639065817463,-8.1525383968556e-05,0.6
2025-10-10 22:00:00+00:00,BOMEUSDT,fresh,0.07873623336745138,0.015817246673490278,0.2
2024-01-03 15:00:00+00:00,BONDUSDT,fresh,-0.030100517866390463,-0.004818719368679997,0.6
2024-12-10 02:00:00+00:00,BRETTUSDT,fresh,0.03386837331423808,0.019875634225607553,0.4
2025-07-04 00:00:00+00:00,BRUSDT,fresh,-0.008846423207651399,-0.0016992846415302798,0.2
2023-11-09 16:00:00+00:00,BSVUSDT,fresh,0.037552558842582566,0.007580511768516512,0.2
2024-03-05 20:00:00+00:00,BSVUSDT,fresh,0.027459384550532085,0.005561876910106417,0.2
2024-04-12 22:00:00+00:00,BSVUSDT,fresh,-0.025951020666920354,-0.001733521050500131,0.8
2022-01-21 03:00:00+00:00,BTCUSDT,core16,0.016027328897721394,0.003275465779544279,0.2
2022-01-21 22:00:00+00:00,BTCUSDT,core16,0.009078133968136826,0.0018856267936273653,0.2
2022-02-24 20:00:00+00:00,BTCUSDT,core16,0.004127437800519041,0.0008954875601038083,0.2
2022-04-18 20:00:00+00:00,BTCUSDT,core16,-0.006270997151277446,0.0011612908402754089,0.8
2022-05-10 00:00:00+00:00,BTCUSDT,core16,0.012943136668767886,0.002658627333753577,0.2
2022-09-13 18:00:00+00:00,BTCUSDT,core16,-0.002414216262685242,0.0035867858980165703,0.6
2022-09-28 02:00:00+00:00,BTCUSDT,core16,0.002212965130639389,0.0005125930261278778,0.2
2022-11-09 02:00:00+00:00,BTCUSDT,core16,0.008393950366510573,0.0017487900733021144,0.2
2022-12-16 16:00:00+00:00,BTCUSDT,core16,0.0026020063445960535,0.0005904012689192108,0.2
2023-01-11 23:00:00+00:00,BTCUSDT,core16,-0.01679495475504157,-0.011195729040881702,1.0
2023-01-14 00:00:00+00:00,BTCUSDT,core16,-0.001975518493534067,0.0007983916920187965,0.4
2023-01-20 22:00:00+00:00,BTCUSDT,core16,0.0009672315033685162,0.003623060108682203,0.6
2023-03-03 03:00:00+00:00,BTCUSDT,core16,0.0007604609460106668,0.00022209218920213339,0.2
2023-03-09 21:00:00+00:00,BTCUSDT,core16,-0.006227697485646343,0.002152523499974147,0.8
2023-03-12 22:00:00+00:00,BTCUSDT,core16,-0.023230134965705262,-0.009884544535482681,1.0
2023-06-22 00:00:00+00:00,BTCUSDT,core16,-0.007956611851384642,-0.001206367813649117,0.6
2023-07-14 18:00:00+00:00,BTCUSDT,core16,0.0033322969140173637,0.0023327725477217624,0.4
2023-08-17 21:00:00+00:00,BTCUSDT,core16,0.01234005120019509,0.006605820219336566,0.4
2023-08-31 21:00:00+00:00,BTCUSDT,core16,-0.0025646522892399763,-0.00044293045784799516,0.2
2023-09-01 02:00:00+00:00,BTCUSDT,core16,-0.0033959908467523607,-0.000609198169350472,0.2
2023-10-01 22:00:00+00:00,BTCUSDT,core16,-0.0004390425763762908,-1.7808515275258154e-05,0.2
2023-10-16 13:00:00+00:00,BTCUSDT,core16,-0.00940757686741812,-0.0016160744779487642,0.6
2023-10-23 22:00:00+00:00,BTCUSDT,core16,-0.03729134980874605,-0.018117688616258995,1.0
2023-12-11 02:00:00+00:00,BTCUSDT,core16,0.002917901825929204,0.0022783349867317006,0.4
2024-01-03 12:00:00+00:00,BTCUSDT,core16,0.003886470634968709,0.007204852050821592,0.6
2024-02-27 02:00:00+00:00,BTCUSDT,core16,-0.0005240529658614536,-3.481059317229072e-05,0.2
2024-02-28 17:00:00+00:00,BTCUSDT,core16,0.012829244254715533,0.0026358488509431064,0.2
2024-02-28 23:00:00+00:00,BTCUSDT,core16,0.012491431301099965,0.002568286260219993,0.2
2024-03-05 19:00:00+00:00,BTCUSDT,core16,0.03527120347519596,0.0071242406950391916,0.2
2024-03-06 00:00:00+00:00,BTCUSDT,core16,0.017436285653519835,0.003557257130703967,0.2
2024-03-15 04:00:00+00:00,BTCUSDT,core16,-0.006356582584068914,-0.0012013165168137828,0.2
2024-03-15 10:00:00+00:00,BTCUSDT,core16,0.018910756394408968,0.0038521512788817934,0.2
2024-04-12 18:00:00+00:00,BTCUSDT,core16,0.007397863883852874,0.0015495727767705749,0.2
2024-04-13 20:00:00+00:00,BTCUSDT,core16,0.028892737953332016,0.005848547590666403,0.2
2024-04-14 02:00:00+00:00,BTCUSDT,core16,0.023447793377517113,0.011575152681462354,0.4
2024-05-20 23:00:00+00:00,BTCUSDT,core16,0.0008967397312027346,0.001475587712643878,0.4
2024-07-05 03:00:00+00:00,BTCUSDT,core16,-0.01604532243283475,-0.0014243391107970392,1.0
2024-08-05 01:00:00+00:00,BTCUSDT,core16,-0.03222917015232719,-0.012296254653233888,1.0
2024-11-12 01:00:00+00:00,BTCUSDT,core16,0.0005667832775482116,0.00018335665550964233,0.2
2024-12-06 00:00:00+00:00,BTCUSDT,core16,0.0022273711104691014,0.0005154742220938204,0.2
2025-01-20 00:00:00+00:00,BTCUSDT,core16,0.02321507055269466,0.004713014110538932,0.2
2025-02-03 03:00:00+00:00,BTCUSDT,core16,0.012405089275076098,0.006817054537400946,0.4
2025-02-25 14:00:00+00:00,BTCUSDT,core16,-0.002239650185924879,0.0005699236220686579,0.4
2025-06-13 02:00:00+00:00,BTCUSDT,core16,0.009234315991065157,0.0019168631982130313,0.2
2025-06-23 22:00:00+00:00,BTCUSDT,core16,0.006141733010509565,0.0012983466021019132,0.2
2025-06-24 03:00:00+00:00,BTCUSDT,core16,-0.0013078764184227922,0.001885982196494646,0.6
2025-10-07 23:00:00+00:00,BTCUSDT,core16,-0.0007157857634608846,-7.315715269217691e-05,0.2
2025-10-10 20:00:00+00:00,BTCUSDT,core16,-0.016290283542618977,-0.006183939432389057,1.0
2026-01-31 18:00:00+00:00,BTCUSDT,core16,0.00040903626815446217,0.0017168034948662149,0.4
2026-02-06 01:00:00+00:00,BTCUSDT,core16,0.009549346693875072,0.014377067610365231,0.6
2026-06-04 02:00:00+00:00,BTCUSDT,core16,0.011697792349173331,0.002409558469834666,0.2
2026-09-23 16:00:00+00:00,BTCUSDT,core16,0.0012094028408034983,0.0013960179491544823,0.4
2026-08-19 08:00:00+00:00,BTWUSDT,fresh,0.06247337439298838,0.11238602295141441,1.0
2026-01-31 17:00:00+00:00,BULLAUSDT,fresh,-0.281615913883576,-0.1613979560754497,1.0
2026-09-16 11:00:00+00:00,BULLAUSDT,fresh,0.18863535414366484,0.19206685367987386,0.8
2026-09-16 16:00:00+00:00,BULLAUSDT,fresh,-0.17990743591969827,-0.05593614058086732,0.6
2026-09-16 21:00:00+00:00,BULLAUSDT,fresh,0.10960740085519581,0.05404020512560829,0.4
2025-07-06 21:00:00+00:00,BUSDT,fresh,-0.00699061011680947,-0.0013281220233618937,0.2
2025-07-12 00:00:00+00:00,BUSDT,fresh,0.007505483991661722,0.007179902617313216,0.4
2026-09-10 20:00:00+00:00,BZUSDT,fresh,0.0059854983467170116,0.015604889612940914,1.0
2022-11-09 23:00:00+00:00,C98USDT,fresh,0.07863421926910306,0.015796843853820613,0.2
2024-01-03 18:00:00+00:00,C98USDT,fresh,0.01803265306122458,0.003676530612244916,0.2
2024-04-13 22:00:00+00:00,C98USDT,fresh,-0.0029301610541727745,0.00476890350534983,0.4
2024-12-09 22:00:00+00:00,C98USDT,fresh,-0.006622319374137164,-0.0012544638748274326,0.2
2024-01-03 16:00:00+00:00,CAKEUSDT,fresh,-0.01129192172604122,-0.00018401277887450948,0.4
2024-03-05 20:00:00+00:00,CAKEUSDT,fresh,0.04237221256173062,0.008544442512346123,0.2
2024-04-12 18:00:00+00:00,CAKEUSDT,fresh,-0.0009112020138452128,0.002573547011200994,0.4
2024-12-09 21:00:00+00:00,CAKEUSDT,fresh,0.032772629218929754,0.08310612372824883,1.0
2025-01-27 05:00:00+00:00,CAKEUSDT,fresh,-0.023109770447024235,-0.008434080068406707,1.0
2025-05-30 16:00:00+00:00,CAKEUSDT,fresh,0.003192398162853761,0.0007084796325707522,0.2
2025-07-24 06:00:00+00:00,CAKEUSDT,fresh,0.010764803684333846,0.006829940402170298,0.4
2025-10-10 23:00:00+00:00,CAKEUSDT,fresh,0.020028737891337845,0.017639226301768715,0.4
2024-10-25 23:00:00+00:00,CATIUSDT,fresh,0.034502748282323574,0.017242234258402933,0.4
2024-12-10 01:00:00+00:00,CATIUSDT,fresh,-0.004348862897985761,0.034489476582882345,0.8
2026-06-29 17:00:00+00:00,CBRSUSDT,fresh,-0.0037147452957929754,0.005012868776576779,0.6
2026-06-29 23:00:00+00:00,CBRSUSDT,fresh,-0.010688530999813827,-0.0002463797450924564,0.6
2026-09-04 14:00:00+00:00,CBRSUSDT,fresh,0.02169162605022511,0.0044083252100450224,0.2
2022-05-10 03:00:00+00:00,CELOUSDT,fresh,0.049389438433797055,0.00994788768675941,0.2
2022-05-11 06:00:00+00:00,CELOUSDT,fresh,0.2309092112838228,0.1573814057701356,0.6
2022-05-11 14:00:00+00:00,CELOUSDT,fresh,-0.16969791425260716,-0.0901879752462034,1.0
2022-11-08 05:00:00+00:00,CELOUSDT,fresh,0.027775379939209855,0.005625075987841971,0.2
2023-06-10 06:00:00+00:00,CELOUSDT,fresh,0.03507571059431524,0.007085142118863047,0.2
2023-11-09 18:00:00+00:00,CELOUSDT,fresh,0.03550886319845869,0.007171772639691737,0.2
2023-12-18 09:00:00+00:00,CELOUSDT,fresh,0.01763935264054527,0.02050667241226371,0.6
2024-04-12 19:00:00+00:00,CELOUSDT,fresh,0.03731536614645858,0.0075330732292917145,0.2
2024-04-13 21:00:00+00:00,CELOUSDT,fresh,0.04268531073446324,0.008607062146892646,0.2
2024-06-07 18:00:00+00:00,CELOUSDT,fresh,0.026524309392265234,0.013277388979162962,0.4
2024-06-07 23:00:00+00:00,CELOUSDT,fresh,0.013744804318488558,0.0028189608636977116,0.2
2024-12-10 02:00:00+00:00,CELOUSDT,fresh,0.03570981595092026,0.019200746568924752,0.4
2022-05-10 01:00:00+00:00,CELRUSDT,fresh,0.06694979253112031,0.03212745514187182,0.4
2022-05-11 13:00:00+00:00,CELRUSDT,fresh,-0.07202960773777546,-0.01175861767410185,0.6
2022-05-11 18:00:00+00:00,CELRUSDT,fresh,-0.03824799281006586,0.00961180422664673,0.6
2022-07-26 02:00:00+00:00,CELRUSDT,fresh,-0.005708294930875556,-0.0010716589861751113,0.2
2024-04-13 00:00:00+00:00,CELRUSDT,fresh,0.005837218175511628,0.0073145783846767405,0.4
2024-12-10 02:00:00+00:00,CELRUSDT,fresh,0.031546048109965745,0.017655581836271063,0.4
2023-08-17 22:00:00+00:00,CFXUSDT,fresh,-0.06800909090909103,-0.029844580460336778,0.8
2023-10-09 18:00:00+00:00,CFXUSDT,fresh,0.005737606837606813,0.0012175213675213628,0.2
2024-01-03 12:00:00+00:00,CFXUSDT,fresh,-0.046793277310924426,-0.012329745478044354,0.8
2024-03-05 20:00:00+00:00,CFXUSDT,fresh,0.06687991502510614,0.013445983005021228,0.2
2024-04-12 20:00:00+00:00,CFXUSDT,fresh,-0.024806815709516494,-0.004952809130317537,0.4
2024-04-14 01:00:00+00:00,CFXUSDT,fresh,0.08252713298547452,0.016575426597094906,0.2
2024-06-07 18:00:00+00:00,CFXUSDT,fresh,0.022295021699007312,0.011842927940570836,0.4
2024-06-18 07:00:00+00:00,CFXUSDT,fresh,-0.012961852021757713,-0.0022985646954565174,0.4
2024-12-09 22:00:00+00:00,CFXUSDT,fresh,-0.014760928742994294,-0.002882185748598859,0.2
2025-02-03 05:00:00+00:00,CFXUSDT,fresh,0.006131121281464414,0.0012962242562928829,0.2
2025-10-10 22:00:00+00:00,CFXUSDT,fresh,0.09380593954766435,0.018831187909532872,0.2
2025-11-12 04:00:00+00:00,CFXUSDT,fresh,0.015867761253618096,0.003243552250723619,0.2
2025-02-25 00:00:00+00:00,CGPTUSDT,fresh,-0.001623651597137409,0.0037887661809925645,0.4
2025-03-04 01:00:00+00:00,CGPTUSDT,fresh,0.006234963325183352,0.005795733935247205,0.4
2024-12-09 21:00:00+00:00,CHESSUSDT,fresh,0.04331260744985676,0.06443079284882017,0.8
2024-12-10 02:00:00+00:00,CHESSUSDT,fresh,0.0339792888034599,0.01861430887842671,0.4
2024-03-05 22:00:00+00:00,CHRUSDT,fresh,-0.014585781295807686,-0.0028471562591615373,0.2
2024-04-12 18:00:00+00:00,CHRUSDT,fresh,0.057065548098434,0.011483109619686798,0.2
2024-04-13 20:00:00+00:00,CHRUSDT,fresh,0.1146259495917644,0.052187176156667514,0.4
2024-05-15 18:00:00+00:00,CHRUSDT,fresh,-0.0332233536781238,-0.006007180914979689,1.0
2024-08-05 08:00:00+00:00,CHRUSDT,fresh,-0.06025894511760511,-0.021210414241412102,0.8
2024-12-10 02:00:00+00:00,CHRUSDT,fresh,0.054802905479956025,0.026693921427121847,0.4
2022-05-11 21:00:00+00:00,CHZUSDT,ext54,0.006405225156754669,0.001351045031350934,0.2
2022-11-07 07:00:00+00:00,CHZUSDT,ext54,0.029142799797342012,0.0058985599594684026,0.2
2022-11-08 19:00:00+00:00,CHZUSDT,ext54,0.039913622381719686,0.025459856063171016,0.4
2022-11-10 00:00:00+00:00,CHZUSDT,ext54,0.04671169547627795,0.00941233909525559,0.2
2022-12-16 23:00:00+00:00,CHZUSDT,ext54,-0.03707122302158262,-0.00957739855145587,1.0
2023-06-10 04:00:00+00:00,CHZUSDT,ext54,0.0009411138649949478,0.005276696536759895,0.4
2023-08-17 21:00:00+00:00,CHZUSDT,ext54,0.0373678343427729,0.00754356686855458,0.2
2023-11-09 16:00:00+00:00,CHZUSDT,ext54,-0.002580285291347028,0.002058778377203241,0.4
2024-01-03 12:00:00+00:00,CHZUSDT,ext54,0.0005067235199606066,0.008086946697757131,0.6
2024-03-05 20:00:00+00:00,CHZUSDT,ext54,0.05036253715000793,0.010142507430001585,0.2
2024-04-13 03:00:00+00:00,CHZUSDT,ext54,0.0005318818174010374,0.00017637636348020747,0.2
2024-04-13 19:00:00+00:00,CHZUSDT,ext54,-0.02288039764212214,0.020451881328224404,1.0
2024-07-05 09:00:00+00:00,CHZUSDT,ext54,0.05239000350754119,0.010548000701508237,0.2
2024-12-09 22:00:00+00:00,CHZUSDT,ext54,-0.045794321080978924,-0.013763863296101232,0.4
2025-01-30 11:00:00+00:00,CHZUSDT,ext54,-0.01098444939440325,0.0013256680505637334,0.8
2025-01-30 17:00:00+00:00,CHZUSDT,ext54,0.008245794392523476,0.0017191588785046951,0.2
2026-05-23 10:00:00+00:00,CHZUSDT,ext54,0.012904847831941891,0.014837986017109877,0.6
2026-05-28 06:00:00+00:00,CHZUSDT,ext54,0.009013027959547826,0.0018726055919095653,0.2
2026-06-04 04:00:00+00:00,CHZUSDT,ext54,-0.048654347826087026,-0.018169832940187373,0.6
2024-06-07 23:00:00+00:00,CKBUSDT,fresh,0.043645803214051086,0.008799160642810217,0.2
2024-10-25 23:00:00+00:00,CKBUSDT,fresh,0.03756040887757527,0.01722619115178744,0.4
2024-11-12 11:00:00+00:00,CKBUSDT,fresh,-0.027312222469740754,-0.007171386697498112,0.6
2024-11-12 20:00:00+00:00,CKBUSDT,fresh,-0.0071339690107270586,-0.0013567938021454115,0.2
2024-12-09 22:00:00+00:00,CKBUSDT,fresh,-0.046993719806763375,-0.014329024726665245,0.6
2026-09-10 22:00:00+00:00,CLUSDT,fresh,0.009281649199129872,0.0019263298398259742,0.2
2026-08-19 17:00:00+00:00,COINUSDT,fresh,-0.023459863734902508,-0.00867817459827513,1.0
2026-09-18 21:00:00+00:00,COINUSDT,fresh,-0.005323973625920641,-0.0007410825630528858,0.4
2024-06-08 00:00:00+00:00,COMBOUSDT,fresh,0.019321186981493422,0.003934237396298684,0.2
2022-01-21 22:00:00+00:00,COMPUSDT,ext54,0.004822288025422384,0.005270640727440379,0.4
2022-05-12 13:00:00+00:00,COMPUSDT,ext54,0.07400407993338885,0.014870815986677772,0.2
2023-12-11 08:00:00+00:00,COMPUSDT,ext54,0.0016285129604366353,0.00039570259208732714,0.2
2024-01-03 13:00:00+00:00,COMPUSDT,ext54,-0.009857220048444148,0.005050592694182792,0.6
2024-03-05 21:00:00+00:00,COMPUSDT,ext54,-0.0023373174956693547,-0.00039746349913387087,0.2
2024-04-12 20:00:00+00:00,COMPUSDT,ext54,-0.01952237481158937,-0.004191431581788152,0.4
2024-04-13 20:00:00+00:00,COMPUSDT,ext54,0.06780611541774349,0.013631223083548699,0.2
2022-05-11 12:00:00+00:00,COTIUSDT,fresh,0.07503699134597684,0.01507739826919537,0.2
2022-11-22 01:00:00+00:00,COTIUSDT,fresh,-0.00654918998527244,-0.001239837997054488,0.2
2023-02-02 02:00:00+00:00,COTIUSDT,fresh,0.01315222691045469,0.002700445382090938,0.2
2023-04-21 19:00:00+00:00,COTIUSDT,fresh,-0.013183131947800863,-0.002522387009687554,0.4
2024-04-12 18:00:00+00:00,COTIUSDT,fresh,0.07459079505000853,0.014988159010001705,0.2
2024-10-01 20:00:00+00:00,COTIUSDT,fresh,0.000580672268907557,0.0001861344537815114,0.2
2024-12-10 02:00:00+00:00,COTIUSDT,fresh,0.03998336264509327,0.02145918849450107,0.4
2024-12-10 02:00:00+00:00,COWUSDT,fresh,0.04584485842026808,0.02343175162238943,0.4
2025-06-06 00:00:00+00:00,COWUSDT,fresh,0.016244327551890748,0.0033188655103781493,0.2
2026-05-11 22:00:00+00:00,CRCLUSDT,fresh,0.024195238095238037,0.004909047619047607,0.2
2026-08-19 17:00:00+00:00,CRCLUSDT,fresh,-0.016511824153612974,-0.0020786031479993463,0.8
2022-03-31 16:00:00+00:00,CRVUSDT,ext54,0.005305425772418871,0.004748136678530035,0.4
2022-09-06 20:00:00+00:00,CRVUSDT,ext54,-0.008748183556405397,-0.0005679464071804861,0.4
2022-10-14 02:00:00+00:00,CRVUSDT,ext54,0.006042857142857117,0.0012785714285714236,0.2
2023-01-09 02:00:00+00:00,CRVUSDT,ext54,0.013095583596214534,0.013296994081754727,0.6
2023-03-13 00:00:00+00:00,CRVUSDT,ext54,0.03135436105476674,0.006340872210953347,0.2
2023-06-10 10:00:00+00:00,CRVUSDT,ext54,0.009752713178294504,0.006644417553587767,0.4
2024-01-03 13:00:00+00:00,CRVUSDT,ext54,0.011512612612612706,0.008189314907144151,0.4
2024-03-05 19:00:00+00:00,CRVUSDT,ext54,0.07055605095541405,0.01418121019108281,0.2
2024-04-13 19:00:00+00:00,CRVUSDT,ext54,-0.0058169811320755264,0.036108549757743656,1.0
2024-05-21 04:00:00+00:00,CRVUSDT,ext54,-0.007496588486140775,-0.0012260525573294266,0.4
2024-06-07 21:00:00+00:00,CRVUSDT,ext54,0.006111538461538547,0.0012923076923077093,0.2
2024-08-05 07:00:00+00:00,CRVUSDT,ext54,-0.08402682926829265,-0.03499613554072231,1.0
2024-11-13 16:00:00+00:00,CRVUSDT,ext54,0.008515384615384581,0.014406308121100348,0.6
2024-11-16 20:00:00+00:00,CRVUSDT,ext54,0.004782352941176449,0.00102647058823529,0.2
2025-01-20 02:00:00+00:00,CRVUSDT,ext54,0.10481133004926112,0.021032266009852224,0.2
2025-02-03 04:00:00+00:00,CRVUSDT,ext54,0.07313580786026184,0.01469716157205237,0.2
2025-10-10 21:00:00+00:00,CRVUSDT,ext54,-0.009538818565400852,0.06334511659668891,0.8
2026-05-13 15:00:00+00:00,CRVUSDT,ext54,0.012423666416228375,0.0025547332832456747,0.2
2025-09-26 21:00:00+00:00,CUDISUSDT,fresh,-0.0048396121883657155,-0.000897922437673143,0.2
2025-09-22 06:00:00+00:00,CUSDT,fresh,-0.06290740486212522,-0.02666408355852832,0.8
2025-10-10 21:00:00+00:00,CUSDT,fresh,0.02768338278931758,0.05054829699363844,0.6
2024-01-03 22:00:00+00:00,CYBERUSDT,fresh,0.006352317797145502,0.009333940556527198,0.4
2024-02-28 19:00:00+00:00,CYBERUSDT,fresh,0.0355972477064218,0.00718944954128436,0.2
2024-04-13 20:00:00+00:00,CYBERUSDT,fresh,0.07588552293329719,0.03835525958462474,0.4
2024-12-09 21:00:00+00:00,CYBERUSDT,fresh,0.016947200370199023,0.0676972933705346,1.0
2024-12-09 22:00:00+00:00,DARUSDT,fresh,-0.016946994535519077,-0.0033193989071038156,0.2
2022-05-01 00:00:00+00:00,DASHUSDT,ext54,0.015851147733961225,0.008670994780572861,0.4
2022-05-10 01:00:00+00:00,DASHUSDT,ext54,0.06253130047340592,0.012576260094681185,0.2
2022-05-11 12:00:00+00:00,DASHUSDT,ext54,0.021612418300653514,0.004392483660130703,0.2
2022-05-12 11:00:00+00:00,DASHUSDT,ext54,0.06618538283062657,0.013307076566125314,0.2
2022-09-06 19:00:00+00:00,DASHUSDT,ext54,-0.023108253094910613,-0.009132766511562274,0.8
2025-10-10 21:00:00+00:00,DASHUSDT,ext54,-0.10857663551401865,-0.03896927326894136,0.6
2026-01-14 14:00:00+00:00,DASHUSDT,ext54,0.0011455974471102812,0.00632917198597821,0.4
2026-08-25 23:00:00+00:00,DASHUSDT,ext54,0.01817138331573386,0.0037042766631467717,0.2
2025-02-03 02:00:00+00:00,DEGENUSDT,fresh,0.03901847065158869,0.007873694130317738,0.2
2025-10-24 01:00:00+00:00,DEGOUSDT,fresh,0.06761543831021664,0.04286701166119348,0.4
2025-10-24 11:00:00+00:00,DEGOUSDT,fresh,0.07864629418472045,0.043431706429220465,0.4
2026-03-11 18:00:00+00:00,DEGOUSDT,fresh,-0.010666620562471151,0.004489773584227453,0.4
2022-05-11 12:00:00+00:00,DENTUSDT,fresh,0.0354659777424483,0.007163195548489659,0.2
2022-05-11 21:00:00+00:00,DENTUSDT,fresh,-0.027128547439126748,-0.00535570948782535,0.2
2022-05-12 11:00:00+00:00,DENTUSDT,fresh,0.022062134944612278,0.0044824269889224555,0.2
2025-10-10 21:00:00+00:00,DEXEUSDT,fresh,0.02854714441615124,0.1399699746965895,0.8
2026-07-21 09:00:00+00:00,DEXEUSDT,fresh,-0.41357484909456743,-0.28776021339062985,1.0
2025-03-21 03:00:00+00:00,DFUSDT,fresh,-0.11538937916880455,-0.05594047545575159,1.0
2024-12-10 01:00:00+00:00,DIAUSDT,fresh,-0.012239674378748965,0.02897551028067174,1.0
2022-01-21 02:00:00+00:00,DODOUSDT,fresh,-0.03863753753753752,-0.015234162059209888,0.8
2022-01-22 07:00:00+00:00,DODOUSDT,fresh,-0.007112024048096199,0.04371724859247182,1.0
2022-05-09 19:00:00+00:00,DODOUSDT,fresh,-0.03127241379310342,-0.006823058211504424,0.6
2022-05-11 14:00:00+00:00,DODOUSDT,fresh,-0.09583684210526323,-0.032190149821975794,0.6
2022-10-29 19:00:00+00:00,DOGEUSDT,core16,0.04685056320400504,0.009440112640801007,0.2
2022-11-08 19:00:00+00:00,DOGEUSDT,core16,0.005865060516099575,0.009631975637315738,0.4
2022-11-09 00:00:00+00:00,DOGEUSDT,core16,-0.003876813606386708,0.005027078706742472,0.4
2023-01-18 17:00:00+00:00,DOGEUSDT,core16,-0.014145598634479405,-0.0005313961246477482,0.6
2023-01-18 23:00:00+00:00,DOGEUSDT,core16,0.011028032008001943,0.0022756064016003887,0.2
2023-02-09 22:00:00+00:00,DOGEUSDT,core16,0.02691751094434035,0.00545350218886807,0.2
2023-06-05 21:00:00+00:00,DOGEUSDT,core16,0.0008661222020570523,0.00024322444041141047,0.2
2023-06-10 04:00:00+00:00,DOGEUSDT,core16,0.003903335557038024,0.005049274410518357,0.4
2023-08-18 00:00:00+00:00,DOGEUSDT,core16,-0.006159572384527478,0.0002823077814886445,0.4
2023-10-02 20:00:00+00:00,DOGEUSDT,core16,-0.0025513788098693417,0.0014185171746046337,0.6
2023-11-09 16:00:00+00:00,DOGEUSDT,core16,-0.0015202269225379585,0.002124049728513644,0.4
2024-01-03 14:00:00+00:00,DOGEUSDT,core16,-0.00011283316880551417,4.743336623889718e-05,0.2
2024-02-20 16:00:00+00:00,DOGEUSDT,core16,0.016287162081695884,0.008444700614476209,0.4
2024-04-12 19:00:00+00:00,DOGEUSDT,core16,0.02829263114317825,0.00572852622863565,0.2
2024-04-13 21:00:00+00:00,DOGEUSDT,core16,0.04565958188153318,0.009201916376306634,0.2
2024-04-14 02:00:00+00:00,DOGEUSDT,core16,0.06722884097035019,0.03260396919382528,0.4
2024-06-07 20:00:00+00:00,DOGEUSDT,core16,-0.006676457941413593,-0.0012652915882827185,0.2
2024-06-14 18:00:00+00:00,DOGEUSDT,core16,0.016784092967099363,0.0034268185934198726,0.2
2024-08-05 02:00:00+00:00,DOGEUSDT,core16,-0.0801912013717715,-0.04926976082462937,1.0
2024-12-19 20:00:00+00:00,DOGEUSDT,core16,-0.0039046914839366946,-0.0007109382967873388,0.2
2025-01-07 20:00:00+00:00,DOGEUSDT,core16,0.0022798176602573,0.0031996442649076975,0.4
2025-02-03 03:00:00+00:00,DOGEUSDT,core16,0.09258583162217669,0.04394859568329564,0.4
2025-03-02 22:00:00+00:00,DOGEUSDT,core16,0.0316128445401208,0.014887623098796952,0.4
2025-08-14 16:00:00+00:00,DOGEUSDT,core16,-0.005528737586114284,0.00020425931176878444,0.4
2025-08-14 21:00:00+00:00,DOGEUSDT,core16,0.026279815345431435,0.005325963069086287,0.2
2025-09-22 07:00:00+00:00,DOGEUSDT,core16,0.005128956228956139,0.001095791245791228,0.2
2025-10-10 22:00:00+00:00,DOGEUSDT,core16,0.028115229215229232,0.0056930458430458466,0.2
2025-11-21 09:00:00+00:00,DOGEUSDT,core16,0.013904349086691793,0.01617293353060229,0.6
2026-01-19 02:00:00+00:00,DOGEUSDT,core16,-0.003696380802517673,-0.0006692761605035345,0.2
2026-09-23 15:00:00+00:00,DOGEUSDT,core16,-0.005737618636755825,0.00011548826635455795,0.4
2024-10-01 20:00:00+00:00,DOGSUSDT,fresh,-0.0063819636476618695,0.0010314173711382657,0.4
2024-11-12 10:00:00+00:00,DOGSUSDT,fresh,0.005140000000000023,0.00733458136095645,0.4
2024-12-09 21:00:00+00:00,DOGSUSDT,fresh,0.0005939582156973997,0.07080693526129378,1.0
2025-02-03 06:00:00+00:00,DOGSUSDT,fresh,0.08843488372093021,0.017756976744186043,0.2
2025-10-10 22:00:00+00:00,DOLOUSDT,fresh,0.14047757873446975,0.028165515746893948,0.2
2025-10-11 01:00:00+00:00,DOODUSDT,fresh,0.022644541484716164,0.004598908296943233,0.2
2022-05-05 01:00:00+00:00,DOTUSDT,core16,0.0009291459140380218,0.0019438200704189447,0.4
2022-05-09 20:00:00+00:00,DOTUSDT,core16,-0.02192964013472788,0.01346236987846115,1.0
2022-05-10 01:00:00+00:00,DOTUSDT,core16,0.07543758542141231,0.015157517084282462,0.2
2022-11-08 04:00:00+00:00,DOTUSDT,core16,0.007284146341463561,0.011144719122481179,0.6
2023-01-09 10:00:00+00:00,DOTUSDT,core16,-0.0033052927024858174,0.0009174048023122333,0.6
2023-01-14 06:00:00+00:00,DOTUSDT,core16,0.047442159180457015,0.009558431836091402,0.2
2023-04-19 08:00:00+00:00,DOTUSDT,core16,0.004973820277215258,0.0010647640554430518,0.2
2023-06-10 04:00:00+00:00,DOTUSDT,core16,0.01315615083927334,0.024360779142546217,0.8
2023-10-02 18:00:00+00:00,DOTUSDT,core16,-0.0008568684658402206,0.0008710510426292676,0.4
2023-10-24 03:00:00+00:00,DOTUSDT,core16,0.008678812572759032,0.010464551197299849,0.6
2023-12-11 13:00:00+00:00,DOTUSDT,core16,-0.01504721055788839,-0.0036936805202051003,0.4
2024-01-03 13:00:00+00:00,DOTUSDT,core16,0.015114078565778944,0.01894836367761658,0.6
2024-01-03 18:00:00+00:00,DOTUSDT,core16,0.007714629653992822,0.0016129259307985644,0.2
2024-03-05 20:00:00+00:00,DOTUSDT,core16,0.04444165257580878,0.008958330515161756,0.2
2024-04-12 23:00:00+00:00,DOTUSDT,core16,-0.013679485761680998,0.0008671144398502751,0.6
2024-04-13 22:00:00+00:00,DOTUSDT,core16,-0.004086012887002954,0.0030864500377061456,0.4
2024-06-07 18:00:00+00:00,DOTUSDT,core16,0.01787184822521436,0.009498570734656354,0.4
2024-08-05 00:00:00+00:00,DOTUSDT,core16,-0.11176398390342047,-0.09218868516713244,1.0
2024-10-01 18:00:00+00:00,DOTUSDT,core16,-0.00803116634799229,0.000722656115599313,0.6
2024-11-23 04:00:00+00:00,DOTUSDT,core16,-0.025304332709280463,-0.0070352447592513965,0.6
2024-12-10 02:00:00+00:00,DOTUSDT,core16,0.0425205016357687,0.021740674051843288,0.4
2025-02-03 04:00:00+00:00,DOTUSDT,core16,0.10271458232737794,0.02061291646547559,0.2
2025-10-10 22:00:00+00:00,DOTUSDT,core16,0.1001259194395797,0.02009518388791594,0.2
2026-01-19 00:00:00+00:00,DOTUSDT,core16,0.0009470829068577334,0.00025941658137154666,0.2
2026-03-16 07:00:00+00:00,DOTUSDT,core16,-0.007417119393556503,0.007759206166881644,1.0
2026-04-16 09:00:00+00:00,DOTUSDT,core16,-0.019296202531645556,-0.0038189061378136767,1.0
2026-05-23 07:00:00+00:00,DOTUSDT,core16,0.002205785123966842,0.0005111570247933685,0.2
2026-06-04 02:00:00+00:00,DOTUSDT,core16,0.00648293838862567,0.001366587677725134,0.2
2026-08-21 09:00:00+00:00,DOTUSDT,core16,-0.003676164874551923,0.0022449105364286074,0.6
2025-10-10 21:00:00+00:00,DRIFTUSDT,fresh,-0.0453462699365459,-0.0024942244528023023,0.6
2022-05-01 00:00:00+00:00,DUSKUSDT,fresh,0.0050287961946578925,0.004961346806765666,0.4
2022-05-05 22:00:00+00:00,DUSKUSDT,fresh,0.020728961552281756,0.004215792310456351,0.2
2022-05-11 16:00:00+00:00,DUSKUSDT,fresh,-0.02702776673293562,-0.005335553346587124,0.2
2023-08-15 19:00:00+00:00,DUSKUSDT,fresh,0.021345363260484407,0.004339072652096881,0.2
2024-04-12 18:00:00+00:00,DUSKUSDT,fresh,0.03908454703386221,0.007886909406772441,0.2
2022-01-22 14:00:00+00:00,DYDXUSDT,ext54,-0.017047925142392183,-0.0033395850284784366,0.2
2022-04-30 23:00:00+00:00,DYDXUSDT,ext54,0.01189451342766389,0.008606868585963368,0.4
2022-05-11 08:00:00+00:00,DYDXUSDT,ext54,-0.29538928720300117,-0.24070809020790865,1.0
2023-01-14 02:00:00+00:00,DYDXUSDT,ext54,-0.03295955786736016,-0.013189068932803338,0.8
2023-03-12 22:00:00+00:00,DYDXUSDT,ext54,-0.0038186225645674525,0.006009157631392375,0.6
2023-04-19 10:00:00+00:00,DYDXUSDT,ext54,0.0006265193370166187,0.002652032698489759,0.4
2023-06-06 04:00:00+00:00,DYDXUSDT,ext54,-0.01828907987866536,-0.004419162981626645,0.4
2023-06-10 04:00:00+00:00,DYDXUSDT,ext54,0.02129283429302641,0.013150489781960461,0.4
2023-11-09 18:00:00+00:00,DYDXUSDT,ext54,0.04674280222127291,0.00941856044425458,0.2
2024-01-03 12:00:00+00:00,DYDXUSDT,ext54,-0.006281347150258975,0.009668633424060807,0.6
2024-04-12 18:00:00+00:00,DYDXUSDT,ext54,0.06476270871985156,0.013022541743970311,0.2
2024-04-13 20:00:00+00:00,DYDXUSDT,ext54,0.09770068532267283,0.046491293732361216,0.4
2024-06-07 18:00:00+00:00,DYDXUSDT,ext54,0.0068155672823219,0.005609553222464448,0.4
2024-06-18 01:00:00+00:00,DYDXUSDT,ext54,0.0364293197810791,0.007355863956215819,0.2
2024-07-05 02:00:00+00:00,DYDXUSDT,ext54,0.0378483933787731,0.018552538238300286,0.4
2024-08-05 06:00:00+00:00,DYDXUSDT,ext54,-0.04453105320304019,-0.013689190687363968,0.6
2024-10-26 01:00:00+00:00,DYDXUSDT,ext54,0.015480310880829119,0.0031660621761658236,0.2
2024-12-09 22:00:00+00:00,DYDXUSDT,ext54,0.02470645161290329,0.005011290322580658,0.2
2025-02-03 04:00:00+00:00,DYDXUSDT,ext54,0.0912076923076922,0.01831153846153844,0.2
2025-09-22 07:00:00+00:00,DYDXUSDT,ext54,-0.010684664536741228,-0.0017476299087766265,0.4
2025-10-10 23:00:00+00:00,DYDXUSDT,ext54,0.031638095238095125,0.006397619047619024,0.2
2024-04-12 17:00:00+00:00,DYMUSDT,fresh,-0.08388976417461115,-0.05366425594635346,1.0
2024-06-07 18:00:00+00:00,DYMUSDT,fresh,0.023137972824091125,0.012606721686582755,0.4
2024-12-10 02:00:00+00:00,DYMUSDT,fresh,0.05186336485299436,0.02654139817041591,0.4
2026-06-02 00:00:00+00:00,EDGEUSDT,fresh,-0.19609011206328264,-0.07967265012665357,0.8
2024-01-03 21:00:00+00:00,EDUUSDT,fresh,-0.031920872749465985,-0.009454395603976169,0.6
2024-03-05 20:00:00+00:00,EDUUSDT,fresh,0.034825135033287206,0.00703502700665744,0.2
2024-12-10 00:00:00+00:00,EDUUSDT,fresh,0.021608015590578112,0.02822857116127324,0.6
2022-05-11 12:00:00+00:00,EGLDUSDT,ext54,-0.059492610680539355,-0.0231946584039669,1.0
2022-05-12 05:00:00+00:00,EGLDUSDT,ext54,0.026970175438596356,0.03648283417202853,0.6
2022-07-21 02:00:00+00:00,EGLDUSDT,ext54,0.017637118231215932,0.0035974236462431863,0.2
2022-08-26 21:00:00+00:00,EGLDUSDT,ext54,-0.020570699432892258,-0.004883000105127789,0.8
2022-10-13 11:00:00+00:00,EGLDUSDT,ext54,0.052068946253130625,0.06944046128099804,1.0
2023-01-18 17:00:00+00:00,EGLDUSDT,ext54,-0.007883919597989852,-0.00018416242736979372,0.4
2023-01-18 23:00:00+00:00,EGLDUSDT,ext54,0.011913523858127262,0.0024527047716254523,0.2
2023-03-21 11:00:00+00:00,EGLDUSDT,ext54,0.030113603540647616,0.006092720708129523,0.2
2024-01-03 12:00:00+00:00,EGLDUSDT,ext54,-0.020236408243375924,-0.0006409046039568766,0.6
2024-03-03 00:00:00+00:00,EGLDUSDT,ext54,-0.00010483366505532519,0.005568999492828314,0.6
2024-03-05 22:00:00+00:00,EGLDUSDT,ext54,-0.027106294517144313,-0.0069461321840915795,0.4
2024-04-12 18:00:00+00:00,EGLDUSDT,ext54,0.042953923928743414,0.008660784785748683,0.2
2024-04-13 19:00:00+00:00,EGLDUSDT,ext54,0.005298293788323128,0.047041806406897486,1.0
2024-12-10 01:00:00+00:00,EGLDUSDT,ext54,0.0007551631649530442,0.026464312968465922,0.8
2025-02-03 03:00:00+00:00,EIGENUSDT,fresh,0.10582869441310937,0.021235738882621875,0.2
2025-10-10 21:00:00+00:00,EIGENUSDT,fresh,0.026026476125278076,0.048569097917927864,0.6
2024-06-18 01:00:00+00:00,ENAUSDT,fresh,0.033400168293504,0.01788597728885956,0.4
2024-07-05 03:00:00+00:00,ENAUSDT,fresh,0.03324684684684686,0.01807891318553111,0.4
2025-02-03 02:00:00+00:00,ENAUSDT,fresh,0.0340906158357771,0.02024919531088073,0.4
2025-07-10 22:00:00+00:00,ENAUSDT,fresh,-0.017652154903185512,-0.0050412918810444135,0.6
2025-10-10 22:00:00+00:00,ENAUSDT,fresh,0.06077251926219939,0.012224503852439877,0.2
2026-01-19 00:00:00+00:00,ENAUSDT,fresh,0.006680082987551839,0.001406016597510368,0.2
2026-03-06 19:00:00+00:00,ENAUSDT,fresh,-0.007741366223908874,-0.0012559140871767458,0.4
2026-04-02 07:00:00+00:00,ENAUSDT,fresh,-0.00838155339805825,0.0005985290138326548,0.6
2026-08-20 01:00:00+00:00,ENAUSDT,fresh,0.018798391193903353,0.0038296782387806706,0.2
2022-01-22 14:00:00+00:00,ENJUSDT,ext54,-0.039238977635782664,-0.01052628520899338,0.4
2022-05-10 01:00:00+00:00,ENJUSDT,ext54,0.07986555192356058,0.03681228839161546,0.4
2022-11-09 03:00:00+00:00,ENJUSDT,ext54,-0.013477514182568272,-0.0012283348540847003,0.4
2022-11-09 23:00:00+00:00,ENJUSDT,ext54,0.04065688215279938,0.008201376430559876,0.2
2024-01-03 13:00:00+00:00,ENJUSDT,ext54,-0.00651842263696557,0.0011964465918463342,0.4
2024-04-12 18:00:00+00:00,ENJUSDT,ext54,0.05486465390279804,0.011042930780559606,0.2
2024-04-13 19:00:00+00:00,ENJUSDT,ext54,0.00807431192660545,0.05283211324468041,1.0
2024-06-07 22:00:00+00:00,ENJUSDT,ext54,0.01091652271873832,0.002253304543747664,0.2
2024-11-25 03:00:00+00:00,ENJUSDT,ext54,0.03292527391745725,0.01777591513724285,0.4
2024-12-10 01:00:00+00:00,ENJUSDT,ext54,-0.004495407448893773,0.02684896101826382,0.8
2022-04-26 19:00:00+00:00,ENSUSDT,fresh,-0.0021454418734319185,0.0019870842816948624,0.4
2022-09-07 02:00:00+00:00,ENSUSDT,fresh,0.00544031958379786,0.001158063916759572,0.2
2023-01-19 01:00:00+00:00,ENSUSDT,fresh,0.009144693396226578,0.0018989386792453156,0.2
2024-04-12 23:00:00+00:00,ENSUSDT,fresh,-0.029188409419813165,-0.005142625079975277,0.6
2024-04-13 20:00:00+00:00,ENSUSDT,fresh,0.0845914041644421,0.04143566604777053,0.4
2024-10-01 17:00:00+00:00,ENSUSDT,fresh,-0.010930725379559091,0.005449380585974217,0.8
2025-02-03 08:00:00+00:00,ENSUSDT,fresh,0.008604507644775484,0.0017909015289550966,0.2
2025-06-13 01:00:00+00:00,ENSUSDT,fresh,0.006550993109039383,0.0013801986218078767,0.2
2025-10-10 22:00:00+00:00,ENSUSDT,fresh,0.0725067297581493,0.014571345951629861,0.2
2022-06-15 20:00:00+00:00,EOSUSDT,ext54,-0.03505061728395054,-0.00800862017163555,0.8
2022-11-08 19:00:00+00:00,EOSUSDT,ext54,0.01794761904761898,0.0036595238095237957,0.2
2022-11-09 21:00:00+00:00,EOSUSDT,ext54,0.013751485148514642,0.0028202970297029283,0.2
2022-12-12 02:00:00+00:00,EOSUSDT,ext54,-0.004161224489795955,-0.00026198602092263284,0.4
2023-01-09 07:00:00+00:00,EOSUSDT,ext54,-0.005382655246252487,0.0009797300850985964,0.8
2023-01-14 00:00:00+00:00,EOSUSDT,ext54,-0.008711798287345373,0.0016662956801540621,0.8
2023-02-10 03:00:00+00:00,EOSUSDT,ext54,0.007487786259541818,0.0049875807618840915,0.4
2023-06-10 05:00:00+00:00,EOSUSDT,ext54,0.03570981595092026,0.019555866306916338,0.4
2023-08-17 22:00:00+00:00,EOSUSDT,ext54,-0.00810525394045537,-0.0015510507880910737,0.2
2023-10-04 00:00:00+00:00,EOSUSDT,ext54,0.009444815465729273,0.0019589630931458545,0.2
2023-10-09 09:00:00+00:00,EOSUSDT,ext54,0.004445286506469571,0.0009590573012939142,0.2
2023-10-09 15:00:00+00:00,EOSUSDT,ext54,0.000748428835489857,0.010530205425785182,1.0
2023-11-09 16:00:00+00:00,EOSUSDT,ext54,0.003411278195488799,0.0037929946507664013,0.4
2023-12-11 03:00:00+00:00,EOSUSDT,ext54,-0.010120618556701,-0.0015644993836041341,0.4
2024-03-06 00:00:00+00:00,EOSUSDT,ext54,-0.004052755905511917,0.00923008361131647,0.6
2024-04-12 20:00:00+00:00,EOSUSDT,ext54,-0.016009478168264046,-0.003131895633652809,0.2
2024-04-13 22:00:00+00:00,EOSUSDT,ext54,-0.02022568306010931,-0.0021916771635783873,0.4
2024-11-16 03:00:00+00:00,EOSUSDT,ext54,-0.02896885245901649,-0.00966846811378172,1.0
2024-12-09 22:00:00+00:00,EOSUSDT,ext54,-0.02874537654909427,-0.006630641500643286,0.4
2025-02-03 06:00:00+00:00,EOSUSDT,ext54,0.04836996466431109,0.009743992932862216,0.2
2026-06-08 09:00:00+00:00,EPICUSDT,fresh,-0.01899007746219118,0.017125357384928146,0.6
2026-07-19 00:00:00+00:00,ESPORTSUSDT,fresh,-0.2745881209503239,-0.13139204023712978,1.0
2022-05-09 23:00:00+00:00,ETCUSDT,core16,0.021259426681367145,0.012139999448008443,0.4
2022-05-11 19:00:00+00:00,ETCUSDT,core16,0.010158748351759884,0.02409068835315395,0.6
2022-10-25 21:00:00+00:00,ETCUSDT,core16,0.007340337613504489,0.001538067522700898,0.2
2023-01-09 04:00:00+00:00,ETCUSDT,core16,0.010282266148297293,0.006062438805875458,0.4
2023-03-15 16:00:00+00:00,ETCUSDT,core16,-0.003668306010928945,0.000953789753161527,0.4
2023-04-19 08:00:00+00:00,ETCUSDT,core16,0.0017485830754874097,0.000419716615097482,0.2
2023-06-10 04:00:00+00:00,ETCUSDT,core16,0.00769949717159012,0.01391671059434702,0.6
2023-08-15 20:00:00+00:00,ETCUSDT,core16,-0.002478318451489169,-0.0004256636902978337,0.2
2023-08-17 22:00:00+00:00,ETCUSDT,core16,0.0005081479496115047,0.00017162958992230094,0.2
2023-12-11 06:00:00+00:00,ETCUSDT,core16,-0.0017932409012131436,0.001974279647274446,0.4
2024-01-03 19:00:00+00:00,ETCUSDT,core16,0.003971299457722444,0.000864259891544489,0.2
2024-03-05 23:00:00+00:00,ETCUSDT,core16,-0.015146587849701475,-0.0013115862955679456,0.4
2024-04-12 20:00:00+00:00,ETCUSDT,core16,0.002801437371663263,0.0006302874743326527,0.2
2024-04-13 20:00:00+00:00,ETCUSDT,core16,0.055582047157431196,0.027336783015607193,0.4
2024-06-07 19:00:00+00:00,ETCUSDT,core16,0.007593705458751477,0.0015887410917502954,0.2
2024-07-25 02:00:00+00:00,ETCUSDT,core16,-0.0016881022393124936,0.0008513978170536232,0.4
2024-11-12 11:00:00+00:00,ETCUSDT,core16,-0.0166257586450247,-0.0012500119546594852,0.6
2024-12-10 02:00:00+00:00,ETCUSDT,core16,0.03380961488079636,0.03259026529610451,0.6
2025-02-03 07:00:00+00:00,ETCUSDT,core16,-0.02242948839059312,-0.004138135074313587,0.4
2025-03-09 18:00:00+00:00,ETCUSDT,core16,-0.00489824610400481,-0.0001295012829542249,0.4
2025-06-23 22:00:00+00:00,ETCUSDT,core16,0.005774315610171488,0.0012248631220342977,0.2
2025-09-22 07:00:00+00:00,ETCUSDT,core16,-0.0016407451468122382,-0.00025814902936244764,0.2
2025-10-11 03:00:00+00:00,ETCUSDT,core16,0.009571349452924472,0.0019842698905848943,0.2
2026-01-19 00:00:00+00:00,ETCUSDT,core16,0.007922812393598922,0.0016545624787197843,0.2
2026-01-31 21:00:00+00:00,ETCUSDT,core16,0.015500542910837346,0.0031701085821674692,0.2
2026-05-15 13:00:00+00:00,ETCUSDT,core16,0.02884413407821228,0.012921186922153327,0.4
2026-05-23 00:00:00+00:00,ETCUSDT,core16,0.009499498518349959,0.0,0.0
2024-07-05 10:00:00+00:00,ETHFIUSDT,fresh,-0.018615923566878922,-0.003168374201330326,0.4
2024-08-05 01:00:00+00:00,ETHFIUSDT,fresh,-0.039125889967637446,-0.010797944132194441,0.6
2024-10-01 18:00:00+00:00,ETHFIUSDT,fresh,-0.03503828212015992,-0.00945711692172045,0.6
2024-10-02 18:00:00+00:00,ETHFIUSDT,fresh,0.017117165898617438,0.0034934331797234876,0.2
2024-12-10 02:00:00+00:00,ETHFIUSDT,fresh,0.07535996387718234,0.03620046772349071,0.4
2025-01-27 07:00:00+00:00,ETHFIUSDT,fresh,-0.0028673627021013164,0.0013096454377393599,0.4
2025-02-02 18:00:00+00:00,ETHFIUSDT,fresh,-0.041132025620496455,-0.006459781676872063,1.0
2025-10-10 21:00:00+00:00,ETHFIUSDT,fresh,-0.0008269500318559655,0.06889971737684297,0.8
2022-01-21 21:00:00+00:00,ETHUSDT,core16,-0.0013224898920539787,0.025926106705187718,1.0
2022-02-24 22:00:00+00:00,ETHUSDT,core16,-0.02936058992519709,-0.009173730408370846,0.6
2022-04-25 22:00:00+00:00,ETHUSDT,core16,0.002333798818613609,0.004904467219189286,0.6
2022-05-11 20:00:00+00:00,ETHUSDT,core16,0.05246163041348228,0.010562326082696454,0.2
2022-10-26 01:00:00+00:00,ETHUSDT,core16,-0.0036812903748951846,0.0002800942214202021,0.4
2022-11-08 19:00:00+00:00,ETHUSDT,core16,0.014614862466387869,0.010197079605291093,0.4
2023-01-12 00:00:00+00:00,ETHUSDT,core16,0.007377270318957286,0.0015454540637914573,0.2
2023-01-14 00:00:00+00:00,ETHUSDT,core16,-0.008982437591967051,-0.001688582027412344,0.4
2023-01-25 01:00:00+00:00,ETHUSDT,core16,0.007492386064570023,0.0015684772129140045,0.2
2023-03-09 21:00:00+00:00,ETHUSDT,core16,-0.0025742667095206666,0.0024928575248958475,0.6
2023-03-12 22:00:00+00:00,ETHUSDT,core16,-0.016967739007019655,-0.0021065569007122364,1.0
2023-05-06 14:00:00+00:00,ETHUSDT,core16,0.011882925905577813,0.005958473813933607,0.4
2023-08-17 21:00:00+00:00,ETHUSDT,core16,0.04213192130888232,0.008496384261776463,0.2
2023-10-02 19:00:00+00:00,ETHUSDT,core16,-0.008329966718252379,0.0029499363039501353,1.0
2023-12-11 02:00:00+00:00,ETHUSDT,core16,0.0048323895916381095,0.001036477918327622,0.2
2024-01-03 17:00:00+00:00,ETHUSDT,core16,0.00018601748264323128,0.0018552594920172917,0.4
2024-02-26 21:00:00+00:00,ETHUSDT,core16,-0.013391841831164385,-0.00489358822840853,0.8
2024-03-05 19:00:00+00:00,ETHUSDT,core16,0.05150929677623727,0.023521747742161127,0.4
2024-03-06 01:00:00+00:00,ETHUSDT,core16,0.07053282286025829,0.014176564572051659,0.2
2024-04-12 18:00:00+00:00,ETHUSDT,core16,0.0012721616556566793,0.0003244323311313359,0.2
2024-04-13 21:00:00+00:00,ETHUSDT,core16,0.012636794476812308,0.007860735405427387,0.4
2024-07-05 04:00:00+00:00,ETHUSDT,core16,-0.006062952363335549,-0.0011425904726671096,0.2
2024-07-05 10:00:00+00:00,ETHUSDT,core16,0.012693576722481493,0.0026087153444962984,0.2
2024-08-05 03:00:00+00:00,ETHUSDT,core16,0.018258299411248225,0.03778684359122064,0.8
2025-02-03 08:00:00+00:00,ETHUSDT,core16,0.0016771403233776137,0.0004054280646755228,0.2
2025-04-07 04:00:00+00:00,ETHUSDT,core16,-0.03499337641357026,-0.012839833370315707,1.0
2025-06-13 00:00:00+00:00,ETHUSDT,core16,-0.00958764821743564,0.008062367812263844,1.0
2025-07-10 21:00:00+00:00,ETHUSDT,core16,0.004933583470740566,0.0010567166941481134,0.2
2025-10-08 00:00:00+00:00,ETHUSDT,core16,-0.0031853377486408367,0.0015115422141221693,0.6
2025-10-10 21:00:00+00:00,ETHUSDT,core16,-0.05414516171593709,-0.028269815303007668,1.0
2026-01-31 18:00:00+00:00,ETHUSDT,core16,0.01537924330005246,0.0031458486600104917,0.2
2026-08-20 00:00:00+00:00,ETHUSDT,core16,0.004161528938409032,0.0009023057876818066,0.2
2025-03-02 23:00:00+00:00,FARTCOINUSDT,fresh,0.05258360936607664,0.025830137759483805,0.4
2025-08-23 00:00:00+00:00,FARTCOINUSDT,fresh,0.018229106156678266,0.003715821231335653,0.2
2025-10-10 22:00:00+00:00,FARTCOINUSDT,fresh,0.009098604401502997,0.019372263936007408,0.4
2023-03-12 23:00:00+00:00,FETUSDT,ext54,0.013652370916754409,0.04016325827105603,1.0
2023-04-19 17:00:00+00:00,FETUSDT,ext54,-0.008122106631989656,0.002090932650777683,0.6
2023-06-10 12:00:00+00:00,FETUSDT,ext54,-0.023214347357065967,-0.006013156927931307,0.4
2023-08-15 19:00:00+00:00,FETUSDT,ext54,0.005354816285998088,0.0011409632571996178,0.2
2024-01-03 18:00:00+00:00,FETUSDT,ext54,0.03646906077348066,0.007363812154696131,0.2
2024-04-12 18:00:00+00:00,FETUSDT,ext54,0.018084421093222603,0.0036868842186445205,0.2
2024-04-14 00:00:00+00:00,FETUSDT,ext54,0.056786660669876914,0.011427332133975381,0.2
2024-06-07 18:00:00+00:00,FETUSDT,ext54,0.02207032416174669,0.011844088274503551,0.4
2024-10-25 23:00:00+00:00,FETUSDT,ext54,0.0034567522783760414,0.004020011677616353,0.4
2024-12-10 02:00:00+00:00,FETUSDT,ext54,0.06355909780826906,0.02995580662146661,0.4
2025-02-03 03:00:00+00:00,FETUSDT,ext54,0.11509396157365047,0.053860906144678256,0.4
2025-09-22 07:00:00+00:00,FETUSDT,ext54,-0.003316160927378086,0.00032189912487626845,0.4
2025-10-01 04:00:00+00:00,FETUSDT,ext54,0.0625918382913807,0.01258836765827614,0.2
2025-10-10 21:00:00+00:00,FETUSDT,ext54,0.10354449541284404,0.23201203021415595,1.0
2026-06-02 23:00:00+00:00,FETUSDT,ext54,0.026172727272727337,0.0,0.0
2026-01-21 13:00:00+00:00,FHEUSDT,fresh,-0.13281620687488216,-0.032292658198270485,0.4
2024-10-25 23:00:00+00:00,FIDAUSDT,fresh,0.014324164524421524,0.0029348329048843047,0.2
2024-12-09 21:00:00+00:00,FIDAUSDT,fresh,0.03272194508830927,0.05770985974367633,0.8
2024-12-10 02:00:00+00:00,FIDAUSDT,fresh,0.038161968085106295,0.02080699094391304,0.4
2025-01-20 01:00:00+00:00,FIDAUSDT,fresh,0.014708170515097641,0.0030116341030195283,0.2
2025-02-03 00:00:00+00:00,FIDAUSDT,fresh,-0.16283416407061269,-0.12747773431561674,1.0
2022-01-21 01:00:00+00:00,FILUSDT,ext54,0.002773956627660657,0.0032871907355798706,0.4
2022-05-01 01:00:00+00:00,FILUSDT,ext54,0.021915275018836822,0.004453055003767364,0.2
2022-10-25 18:00:00+00:00,FILUSDT,ext54,0.00826365373590664,0.013024697701469346,0.8
2022-10-26 00:00:00+00:00,FILUSDT,ext54,0.0032618433529299946,0.000722368670585999,0.2
2022-11-06 23:00:00+00:00,FILUSDT,ext54,0.008682049081860311,0.001806409816372062,0.2
2022-11-08 19:00:00+00:00,FILUSDT,ext54,0.023782024882024733,0.014657260727103973,0.4
2023-04-19 08:00:00+00:00,FILUSDT,ext54,0.007970294784580657,0.0016640589569161313,0.2
2023-04-19 17:00:00+00:00,FILUSDT,ext54,-0.005770472236637302,0.004930622564391718,0.8
2023-06-05 15:00:00+00:00,FILUSDT,ext54,0.0041405907575034935,0.020778129380937996,1.0
2023-06-10 13:00:00+00:00,FILUSDT,ext54,0.06098155812538041,0.012266311625076081,0.2
2023-08-17 21:00:00+00:00,FILUSDT,ext54,0.042299638336347305,0.00852992766726946,0.2
2023-10-09 16:00:00+00:00,FILUSDT,ext54,-0.0020360374414977282,-0.0003372074882995456,0.2
2023-12-11 10:00:00+00:00,FILUSDT,ext54,-0.01952829908917598,-0.005297992593856715,0.4
2024-01-03 14:00:00+00:00,FILUSDT,ext54,-0.03888337531486153,-0.009196156018812856,0.6
2024-03-05 21:00:00+00:00,FILUSDT,ext54,-0.01360426281686956,-0.0007635106084234011,0.4
2024-04-13 03:00:00+00:00,FILUSDT,ext54,0.014016811726981094,0.0028733623453962185,0.2
2024-05-23 19:00:00+00:00,FILUSDT,ext54,0.01627451737451723,0.025346147941829877,0.8
2024-06-18 05:00:00+00:00,FILUSDT,ext54,-0.005614672686230181,-0.0010529345372460362,0.2
2024-07-05 02:00:00+00:00,FILUSDT,ext54,-0.0008014925373135519,0.009648573809690414,0.6
2024-07-05 08:00:00+00:00,FILUSDT,ext54,0.05290485436893221,0.010650970873786442,0.2
2024-08-05 00:00:00+00:00,FILUSDT,ext54,-0.0660851632047479,-0.0433905351262695,1.0
2024-10-01 22:00:00+00:00,FILUSDT,ext54,0.024330912687199658,0.004936182537439932,0.2
2024-12-09 21:00:00+00:00,FILUSDT,ext54,0.035894784876140944,0.08068278765110358,1.0
2024-12-10 02:00:00+00:00,FILUSDT,ext54,0.037612838941522335,0.019730307882029376,0.4
2025-01-27 09:00:00+00:00,FILUSDT,ext54,0.010499375418246849,0.01238818447354732,0.6
2025-02-03 06:00:00+00:00,FILUSDT,ext54,0.03947971014492745,0.00796594202898549,0.2
2025-02-03 11:00:00+00:00,FILUSDT,ext54,0.049386045782377035,0.04664563749389076,0.6
2025-03-10 18:00:00+00:00,FILUSDT,ext54,0.020438461538461506,0.0041576923076923015,0.2
2025-06-22 20:00:00+00:00,FILUSDT,ext54,0.02053225172074723,0.010521487540996431,0.4
2025-07-23 16:00:00+00:00,FILUSDT,ext54,-0.009051533510034081,0.0008203126877453339,0.6
2025-08-25 21:00:00+00:00,FILUSDT,ext54,0.030004921077065972,0.006070984215413194,0.2
2025-09-22 06:00:00+00:00,FILUSDT,ext54,-0.0028636684303351527,0.0005883572422031307,0.4
2025-10-10 23:00:00+00:00,FILUSDT,ext54,0.013288489208633004,0.01226285260102281,0.4
2026-09-23 16:00:00+00:00,FILUSDT,ext54,-0.022695744680851015,-0.0060218444939971975,0.4
2024-12-09 21:00:00+00:00,FIOUSDT,fresh,-0.011304081632652962,0.028127746226126703,0.8
2022-06-12 20:00:00+00:00,FLMUSDT,fresh,0.4035664236237696,0.46036764439132993,1.0
2022-07-23 22:00:00+00:00,FLMUSDT,fresh,0.008581093394077411,0.0017862186788154821,0.2
2022-07-24 04:00:00+00:00,FLMUSDT,fresh,0.014674647887323967,0.011614481712493118,0.4
2023-06-22 00:00:00+00:00,FLMUSDT,fresh,-0.03644883720930226,-0.007219767441860453,0.2
2024-04-12 18:00:00+00:00,FLMUSDT,fresh,-0.019048717948717996,-0.0037397435897435992,0.2
2024-04-13 21:00:00+00:00,FLMUSDT,fresh,-0.006736978579481422,-0.0012773957158962843,0.2
2025-11-21 09:00:00+00:00,FLMUSDT,fresh,-0.0011,0.0,0.0
2022-05-09 21:00:00+00:00,FLOWUSDT,fresh,-0.032427973385084526,0.0029667081885950634,1.0
2022-05-11 21:00:00+00:00,FLOWUSDT,fresh,-0.01849415818838197,-0.0036288316376763942,0.2
2022-11-08 05:00:00+00:00,FLOWUSDT,fresh,0.026943339706819603,0.00545866794136392,0.2
2023-04-19 09:00:00+00:00,FLOWUSDT,fresh,0.0030067761806981015,0.0006713552361396204,0.2
2023-08-17 21:00:00+00:00,FLOWUSDT,fresh,0.026549769585253558,0.013614103769824271,0.4
2023-11-09 18:00:00+00:00,FLOWUSDT,fresh,0.029616723549488067,0.005993344709897613,0.2
2024-01-03 12:00:00+00:00,FLOWUSDT,fresh,-0.0035154589371980786,0.01090195889414411,0.6
2024-03-05 22:00:00+00:00,FLOWUSDT,fresh,-0.04317699194270364,-0.012922890690751154,0.4
2024-04-12 18:00:00+00:00,FLOWUSDT,fresh,0.03476065573770481,0.007022131147540961,0.2
2024-04-13 20:00:00+00:00,FLOWUSDT,fresh,0.06422663316582909,0.03150782465356437,0.4
2024-12-04 06:00:00+00:00,FLOWUSDT,fresh,-0.00927661488143906,0.003335787501642734,0.6
2024-12-10 02:00:00+00:00,FLOWUSDT,fresh,0.03787550111358572,0.020107822216460493,0.4
2025-02-02 17:00:00+00:00,FLOWUSDT,fresh,-0.025399065420560817,-0.007823617977039371,0.6
2025-02-02 23:00:00+00:00,FLOWUSDT,fresh,-0.1439571428571429,-0.11533065634226042,1.0
2025-02-03 04:00:00+00:00,FLOWUSDT,fresh,0.0870670533642691,0.0,0.0
2025-12-14 01:00:00+00:00,FOLKSUSDT,fresh,0.03318806077404778,0.09609079655264587,1.0
2026-01-19 06:00:00+00:00,FOLKSUSDT,fresh,-0.02296177715091675,-0.005754303237370972,0.4
2022-11-08 19:00:00+00:00,FOOTBALLUSDT,fresh,0.08789228003247805,0.01764845600649561,0.2
2025-09-11 11:00:00+00:00,FORMUSDT,fresh,-0.10707224272848083,-0.08974063302380704,1.0
2025-10-10 21:00:00+00:00,FORMUSDT,fresh,0.14330165876777257,0.07835339137895546,0.4
2022-05-10 03:00:00+00:00,FTMUSDT,ext54,0.056550073206442224,0.011380014641288443,0.2
2022-11-08 22:00:00+00:00,FTMUSDT,ext54,-0.023417188983855707,-0.004613437796771142,0.2
2023-01-14 07:00:00+00:00,FTMUSDT,ext54,0.030121855298709133,0.02764372194510331,0.6
2023-03-13 04:00:00+00:00,FTMUSDT,ext54,0.01602506486766996,0.00873574646044185,0.4
2023-06-05 16:00:00+00:00,FTMUSDT,ext54,-0.0031597322348094863,0.005333304788158716,0.6
2023-06-10 05:00:00+00:00,FTMUSDT,ext54,0.014759408486926574,0.00977172548216615,0.4
2023-08-16 00:00:00+00:00,FTMUSDT,ext54,-0.005497537379067673,-0.000897863281552069,0.4
2023-08-16 22:00:00+00:00,FTMUSDT,ext54,0.01104385801027551,0.011754917686768057,0.6
2023-08-17 22:00:00+00:00,FTMUSDT,ext54,-0.029497565922920865,-0.008552199727113236,0.6
2023-10-09 11:00:00+00:00,FTMUSDT,ext54,-0.004376897870016504,-0.0008053795740033008,0.2
2023-10-09 16:00:00+00:00,FTMUSDT,ext54,0.004427915975677144,0.000955583195135429,0.2
2023-11-09 16:00:00+00:00,FTMUSDT,ext54,-0.015190019569471646,0.0006641759355355548,0.6
2024-01-03 16:00:00+00:00,FTMUSDT,ext54,0.0037566142460684245,0.005332607368920705,0.4
2024-04-13 00:00:00+00:00,FTMUSDT,ext54,0.0009262055923274679,0.011947037632825647,0.6
2024-08-05 01:00:00+00:00,FTMUSDT,ext54,-0.05317992138879802,-0.017500944281617366,0.8
2024-10-25 23:00:00+00:00,FTMUSDT,ext54,0.00632294658705811,0.004981717442682154,0.4
2025-01-01 21:00:00+00:00,FTMUSDT,ext54,0.029022677031458766,0.005874535406291753,0.2
2023-03-13 00:00:00+00:00,FXSUSDT,fresh,0.040196275458534984,0.008109255091706995,0.2
2023-03-15 15:00:00+00:00,FXSUSDT,fresh,-0.004990577507598803,0.00623767206280303,0.6
2023-04-21 19:00:00+00:00,FXSUSDT,fresh,-0.009336434108527036,-0.0017972868217054072,0.2
2024-03-05 19:00:00+00:00,FXSUSDT,fresh,0.04959370330843115,0.024638537761088188,0.4
2024-04-12 18:00:00+00:00,FXSUSDT,fresh,0.01637140437356065,0.00334428087471213,0.2
2022-04-30 23:00:00+00:00,GALAUSDT,ext54,0.010169321556384826,0.0074486319977644325,0.4
2022-05-10 00:00:00+00:00,GALAUSDT,ext54,0.044972717180127623,0.009064543436025524,0.2
2022-08-19 06:00:00+00:00,GALAUSDT,ext54,-0.0028022886324947753,-0.000490457726498955,0.2
2022-09-18 21:00:00+00:00,GALAUSDT,ext54,-0.002735514018691553,0.00572469184783237,0.6
2022-12-16 23:00:00+00:00,GALAUSDT,ext54,0.005786374815543439,0.004818130270188504,0.4
2023-01-09 04:00:00+00:00,GALAUSDT,ext54,0.028496647459402825,0.016520062196664676,0.4
2023-03-13 02:00:00+00:00,GALAUSDT,ext54,0.001373886750962051,0.0003447773501924102,0.2
2023-04-19 08:00:00+00:00,GALAUSDT,ext54,0.007840852819807387,0.0016381705639614773,0.2
2023-06-10 08:00:00+00:00,GALAUSDT,ext54,-0.023194140249759975,-0.005502575409965738,0.4
2023-08-17 23:00:00+00:00,GALAUSDT,ext54,0.004111047420531578,0.0045229886062173935,0.4
2023-08-18 04:00:00+00:00,GALAUSDT,ext54,0.015062669447341127,0.0030825338894682254,0.2
2024-01-03 13:00:00+00:00,GALAUSDT,ext54,-0.000361720191952696,0.010730236871070503,0.6
2024-03-05 23:00:00+00:00,GALAUSDT,ext54,-0.015173887911535521,-0.00136751491501973,0.4
2024-04-12 18:00:00+00:00,GALAUSDT,ext54,0.04110994475138129,0.008291988950276257,0.2
2024-04-13 22:00:00+00:00,GALAUSDT,ext54,0.016770626730430272,0.0034241253460860544,0.2
2024-06-07 19:00:00+00:00,GALAUSDT,ext54,0.0016575833542241578,0.0004015166708448316,0.2
2024-07-05 10:00:00+00:00,GALAUSDT,ext54,0.022086975826344325,0.0044873951652688645,0.2
2024-08-05 07:00:00+00:00,GALAUSDT,ext54,-0.05919399477806787,-0.013958360197242944,1.0
2024-10-25 23:00:00+00:00,GALAUSDT,ext54,0.004808419497784312,0.011285987398494485,0.6
2024-12-09 22:00:00+00:00,GALAUSDT,ext54,-0.025036738619363074,-0.0049373477238726145,0.2
2025-02-03 03:00:00+00:00,GALAUSDT,ext54,0.10768447395301327,0.05138228107505013,0.4
2025-10-10 22:00:00+00:00,GALAUSDT,ext54,0.17599437963944864,0.03526887592788973,0.2
2026-01-19 00:00:00+00:00,GALAUSDT,ext54,0.00039253731343268463,0.00014850746268653693,0.2
2026-02-25 23:00:00+00:00,GALAUSDT,ext54,0.011720512820512775,0.0,0.0
2026-04-08 03:00:00+00:00,GALAUSDT,ext54,-0.004315434083601254,2.520261282626976e-05,0.4
2022-08-19 08:00:00+00:00,GALUSDT,fresh,0.040927194066749155,0.01960267113294837,0.4
2022-09-07 04:00:00+00:00,GALUSDT,fresh,-0.008028598099821493,-0.0015357196199642985,0.2
2022-11-08 20:00:00+00:00,GALUSDT,fresh,0.0062425751879701015,0.0013185150375940205,0.2
2022-11-09 22:00:00+00:00,GALUSDT,fresh,0.04102509419743782,0.008275018839487563,0.2
2023-04-19 17:00:00+00:00,GALUSDT,fresh,-0.006627188503447911,0.005682605767730653,0.8
2024-01-03 16:00:00+00:00,GALUSDT,fresh,-0.008278822473702607,0.0074606662146797734,0.6
2024-01-03 22:00:00+00:00,GALUSDT,fresh,0.07164285426223725,0.01439857085244745,0.2
2024-03-05 20:00:00+00:00,GALUSDT,fresh,0.03503128292752377,0.007076256585504754,0.2
2024-05-30 11:00:00+00:00,GALUSDT,fresh,0.011919762629169928,0.0024539525258339854,0.2
2024-01-03 12:00:00+00:00,GASUSDT,fresh,-0.001270532060027151,0.01076911867627836,0.6
2024-03-05 23:00:00+00:00,GASUSDT,fresh,-0.02303757361601889,-0.0013768193431994485,0.6
2024-04-12 18:00:00+00:00,GASUSDT,fresh,0.025460883063125207,0.005162176612625041,0.2
2024-04-13 20:00:00+00:00,GASUSDT,fresh,0.034068195718654264,0.020391070505089204,0.4
2026-06-03 02:00:00+00:00,GENIUSUSDT,fresh,-0.025159334298118795,0.0016788259869627625,0.8
2026-02-05 16:00:00+00:00,GIGGLEUSDT,fresh,-0.08341334149326808,-0.0461971489901999,1.0
2026-02-06 00:00:00+00:00,GIGGLEUSDT,fresh,0.020205377071356046,0.004111075414271209,0.2
2024-03-13 08:00:00+00:00,GLMRUSDT,fresh,0.03337796468789111,0.006745592937578221,0.2
2024-04-12 18:00:00+00:00,GLMUSDT,fresh,0.05116130653266337,0.010302261306532673,0.2
2024-04-13 20:00:00+00:00,GLMUSDT,fresh,0.038222444041137275,0.021330905957632637,0.4
2024-06-08 02:00:00+00:00,GLMUSDT,fresh,-0.010185009733938998,-0.0022051925146444715,0.4
2022-11-08 03:00:00+00:00,GMTUSDT,ext54,0.005507929515418664,0.037193106585085706,1.0
2022-11-08 21:00:00+00:00,GMTUSDT,ext54,-0.02888864970645789,-0.006007582442338177,0.4
2023-01-09 02:00:00+00:00,GMTUSDT,ext54,0.00494026845637573,0.008789444017270592,0.6
2023-01-14 01:00:00+00:00,GMTUSDT,ext54,-0.03068733454451079,-0.008976461850538048,0.6
2023-01-14 06:00:00+00:00,GMTUSDT,ext54,-0.0799238201136644,-0.046979589127210605,1.0
2023-03-13 07:00:00+00:00,GMTUSDT,ext54,0.041562116040955714,0.008382423208191141,0.2
2023-04-19 08:00:00+00:00,GMTUSDT,ext54,-7.103825136477648e-06,6.857923497270448e-05,0.2
2023-06-10 06:00:00+00:00,GMTUSDT,ext54,0.021913698630137025,0.004452739726027405,0.2
2023-07-14 01:00:00+00:00,GMTUSDT,ext54,0.0025422501011735828,0.0005784500202347167,0.2
2023-08-18 00:00:00+00:00,GMTUSDT,ext54,-0.006056629491945419,0.0005268230393050135,0.4
2023-11-09 18:00:00+00:00,GMTUSDT,ext54,0.02185552367288378,0.013055675861059301,0.4
2024-03-05 19:00:00+00:00,GMTUSDT,ext54,0.04914946543121889,0.02539144950273623,0.4
2024-04-12 18:00:00+00:00,GMTUSDT,ext54,0.03721252690486431,0.007512505380972862,0.2
2024-06-18 01:00:00+00:00,GMTUSDT,ext54,0.01689485861182526,0.010078863774032342,0.4
2024-06-18 07:00:00+00:00,GMTUSDT,ext54,-0.018017293233082553,-0.0032752946839982584,0.6
2024-08-05 03:00:00+00:00,GMTUSDT,ext54,0.00439154732421675,0.043854292434193885,1.0
2024-08-05 10:00:00+00:00,GMTUSDT,ext54,0.07184867417776251,0.03360092147886516,0.4
2024-08-28 06:00:00+00:00,GMTUSDT,ext54,0.06916208874372663,0.047847429679859596,0.6
2025-05-31 00:00:00+00:00,GMTUSDT,ext54,0.02212661644695545,0.011201169171495062,0.4
2024-01-03 13:00:00+00:00,GMXUSDT,fresh,0.008612166696097535,0.008159386799836287,0.4
2024-01-03 18:00:00+00:00,GMXUSDT,fresh,0.03344447825308749,0.0067588956506174965,0.2
2025-02-03 03:00:00+00:00,GOATUSDT,fresh,0.12188959318826874,0.05927046639819676,0.4
2026-09-11 15:00:00+00:00,GOOGLUSDT,fresh,0.007388964346349714,0.001547792869269943,0.2
2026-09-14 17:00:00+00:00,GOOGLUSDT,fresh,0.002791830018600717,0.0006283660037201434,0.2
2026-09-30 15:00:00+00:00,GOOGLUSDT,fresh,0.020710126941754437,0.004212025388350887,0.2
2022-01-21 22:00:00+00:00,GRTUSDT,ext54,-0.0005479839915357822,0.003429185987274697,0.4
2022-01-22 08:00:00+00:00,GRTUSDT,ext54,0.05973441981747062,0.05005310353252669,0.6
2022-05-12 07:00:00+00:00,GRTUSDT,ext54,-0.0005749868746719557,-4.4997374934391134e-05,0.2
2022-05-12 12:00:00+00:00,GRTUSDT,ext54,0.07275068039720499,0.039679158222764924,0.4
2022-10-13 09:00:00+00:00,GRTUSDT,ext54,0.037370962999265005,0.053274993398272255,1.0
2022-11-08 19:00:00+00:00,GRTUSDT,ext54,0.02782223738062749,0.01647619489955169,0.4
2022-11-09 00:00:00+00:00,GRTUSDT,ext54,-0.009619701810436709,0.0008659058526686691,0.4
2022-11-09 12:00:00+00:00,GRTUSDT,ext54,-0.055352199413489685,-0.017673754497302106,0.8
2022-11-09 21:00:00+00:00,GRTUSDT,ext54,0.06006742397763031,0.012083484795526062,0.2
2023-04-19 10:00:00+00:00,GRTUSDT,ext54,0.015364081291401422,0.0031428162582802844,0.2
2023-08-15 19:00:00+00:00,GRTUSDT,ext54,0.016395304932292343,0.003349060986458469,0.2
2023-08-17 21:00:00+00:00,GRTUSDT,ext54,0.02709332566167998,0.013887455854790044,0.4
2024-01-03 13:00:00+00:00,GRTUSDT,ext54,0.0015587259385302264,0.004753655155652459,0.4
2024-01-03 22:00:00+00:00,GRTUSDT,ext54,-0.006119284619855236,0.0009981415076408043,0.4
2024-02-22 01:00:00+00:00,GRTUSDT,ext54,-0.024819413946865498,-0.0037959814247280174,0.6
2024-02-22 09:00:00+00:00,GRTUSDT,ext54,-0.013280661851891817,-0.0017897219365107797,0.4
2024-04-12 18:00:00+00:00,GRTUSDT,ext54,0.05935725326034468,0.011941450652068936,0.2
2024-04-13 19:00:00+00:00,GRTUSDT,ext54,0.012742027857080996,0.05987958217848537,1.0
2024-06-07 19:00:00+00:00,GRTUSDT,ext54,0.0021015897549129144,0.0004903179509825829,0.2
2024-06-18 02:00:00+00:00,GRTUSDT,ext54,0.02207897371714639,0.004485794743429278,0.2
2024-08-05 07:00:00+00:00,GRTUSDT,ext54,-0.050211393208505324,-0.007472341895280802,1.0
2024-10-01 18:00:00+00:00,GRTUSDT,ext54,-0.021375700067997837,-0.005309759221882198,0.6
2024-12-10 02:00:00+00:00,GRTUSDT,ext54,0.039754978354978314,0.020742650352657776,0.4
2025-02-03 02:00:00+00:00,GRTUSDT,ext54,0.12028228941684659,0.02412645788336932,0.2
2022-04-30 23:00:00+00:00,GTCUSDT,fresh,0.002683663476518928,0.011138108365305637,0.6
2024-01-04 00:00:00+00:00,GTCUSDT,fresh,0.027125806451612767,0.014542807516381918,0.4
2026-09-20 12:00:00+00:00,GUSDT,fresh,0.0032753771876884337,0.0007250754375376868,0.2
2025-07-19 16:00:00+00:00,HAEDALUSDT,fresh,-0.014093685367616803,0.004334045497828848,0.6
2022-01-21 03:00:00+00:00,HBARUSDT,ext54,0.008802171319494224,0.0018304342638988448,0.2
2022-04-30 23:00:00+00:00,HBARUSDT,ext54,0.006626660523144524,0.011797046756811964,0.6
2022-05-11 15:00:00+00:00,HBARUSDT,ext54,-0.09890339926448667,-0.03838358890648619,0.6
2022-05-12 09:00:00+00:00,HBARUSDT,ext54,0.026023848515865134,0.005274769703173027,0.2
2023-08-18 02:00:00+00:00,HBARUSDT,ext54,0.03625579564182379,0.007321159128364757,0.2
2023-11-09 18:00:00+00:00,HBARUSDT,ext54,0.021387458917142433,0.011617756133745705,0.4
2024-01-03 13:00:00+00:00,HBARUSDT,ext54,-0.0008724687144482481,0.009974318169680502,0.6
2024-01-03 18:00:00+00:00,HBARUSDT,ext54,0.029410440835266994,0.005952088167053398,0.2
2024-04-12 18:00:00+00:00,HBARUSDT,ext54,0.04508546729536921,0.009087093459073842,0.2
2024-04-14 00:00:00+00:00,HBARUSDT,ext54,0.024103465476502984,0.014451505173441348,0.4
2024-06-07 21:00:00+00:00,HBARUSDT,ext54,-0.006828227431844868,-0.0012956454863689735,0.2
2024-06-12 14:00:00+00:00,HBARUSDT,ext54,0.019835697500533923,0.0040371395001067845,0.2
2025-04-09 23:00:00+00:00,HBARUSDT,ext54,0.016390809913435323,0.0033481619826870646,0.2
2025-06-24 04:00:00+00:00,HBARUSDT,ext54,-0.002957010213556221,0.007049116239608999,0.8
2025-09-22 10:00:00+00:00,HBARUSDT,ext54,0.010909939260077207,0.006011782068362248,0.4
2025-10-06 15:00:00+00:00,HBARUSDT,ext54,0.0007206250812778934,0.00021412501625557868,0.2
2025-10-10 22:00:00+00:00,HBARUSDT,ext54,0.03730978593272149,0.007531957186544297,0.2
2026-05-28 17:00:00+00:00,HBARUSDT,ext54,-0.004505470723937265,1.3798863813477974e-06,0.4
2026-08-06 04:00:00+00:00,HEIUSDT,fresh,-0.34072827296160624,-0.23422449979908744,1.0
2025-10-30 23:00:00+00:00,HEMIUSDT,fresh,0.051720512820512814,0.010414102564102561,0.2
2024-01-03 15:00:00+00:00,HIFIUSDT,fresh,-0.026461755095690164,0.000731426598412366,0.8
2024-03-06 00:00:00+00:00,HIFIUSDT,fresh,0.008832344897077838,0.008385637495407227,0.4
2024-04-12 20:00:00+00:00,HIFIUSDT,fresh,-0.0027735468035254944,-0.00048470936070509876,0.2
2024-12-09 22:00:00+00:00,HIFIUSDT,fresh,-0.04564685099846389,-0.013743367853762456,0.4
2025-09-12 23:00:00+00:00,HIFIUSDT,fresh,-0.07093984816497136,-0.011040411680167417,0.4
2023-03-13 03:00:00+00:00,HIGHUSDT,fresh,-0.007177606358111387,0.016339789333904342,0.8
2023-04-19 10:00:00+00:00,HIGHUSDT,fresh,0.008854751131221906,0.0018409502262443811,0.2
2023-06-05 23:00:00+00:00,HIGHUSDT,fresh,0.01330092165898621,0.03669126413374524,0.8
2023-06-10 04:00:00+00:00,HIGHUSDT,fresh,-0.05174308681672025,-0.015140798802990733,0.6
2024-01-03 17:00:00+00:00,HIGHUSDT,fresh,0.005580026720106813,0.006126446769906891,0.4
2024-04-12 19:00:00+00:00,HIGHUSDT,fresh,0.012510617972778849,0.0025721235945557696,0.2
2024-08-05 06:00:00+00:00,HIGHUSDT,fresh,-0.0064010602120423525,-0.0012102120424084704,0.2
2024-12-09 22:00:00+00:00,HIGHUSDT,fresh,-0.029554645495991193,-0.005840929099198239,0.2
2025-11-14 08:00:00+00:00,HIPPOUSDT,fresh,0.028206220095693724,0.005711244019138745,0.2
2024-12-09 22:00:00+00:00,HMSTRUSDT,fresh,-0.033516787264833654,-0.00741130035109122,0.4
2025-06-12 00:00:00+00:00,HMSTRUSDT,fresh,-0.04492826475849732,-0.008341130255627216,0.8
2025-06-13 05:00:00+00:00,HMSTRUSDT,fresh,-0.01440376940133049,-0.0020014426690177054,0.4
2022-04-04 17:00:00+00:00,HNTUSDT,fresh,0.03266286503221482,0.006602573006442963,0.2
2022-05-09 23:00:00+00:00,HNTUSDT,fresh,0.00941105472997449,0.008071673256527634,0.4
2022-05-11 12:00:00+00:00,HNTUSDT,fresh,0.06452354040168139,0.012974708080336277,0.2
2022-05-12 04:00:00+00:00,HNTUSDT,fresh,0.02359630222934205,0.045003627829896926,0.6
2022-11-08 21:00:00+00:00,HNTUSDT,fresh,-0.033067721911855925,-0.008634133359766472,0.4
2025-10-10 23:00:00+00:00,HOLOUSDT,fresh,0.031382598607888716,0.006346519721577742,0.2
2026-06-03 13:00:00+00:00,HOMEUSDT,fresh,0.01632791403534527,0.003335582807069054,0.2
2023-03-03 01:00:00+00:00,HOOKUSDT,fresh,0.058601492537313386,0.011790298507462677,0.2
2023-04-19 10:00:00+00:00,HOOKUSDT,fresh,0.0023550839091807003,0.0005410167818361402,0.2
2023-06-10 04:00:00+00:00,HOOKUSDT,fresh,-0.010475000000000022,0.006099572309021977,0.6
2024-01-03 12:00:00+00:00,HOOKUSDT,fresh,0.003175996112730995,0.01594459532992018,0.6
2024-03-05 20:00:00+00:00,HOOKUSDT,fresh,0.027095329087048915,0.005489065817409783,0.2
2024-04-13 04:00:00+00:00,HOOKUSDT,fresh,-0.002291895113229924,-0.00038837902264598475,0.2
2024-12-09 21:00:00+00:00,HOOKUSDT,fresh,0.0346279327474207,0.059144970244310736,0.8
2022-01-21 04:00:00+00:00,HOTUSDT,fresh,0.00664023031904858,0.001398046063809716,0.2
2022-05-01 00:00:00+00:00,HOTUSDT,fresh,0.010649347258485532,0.0068332991210546925,0.4
2022-05-11 11:00:00+00:00,HOTUSDT,fresh,-0.08401770573566082,-0.036728165764902405,1.0
2022-05-11 21:00:00+00:00,HOTUSDT,fresh,-0.03056732149603326,-0.006043464299206653,0.2
2022-11-08 20:00:00+00:00,HOTUSDT,fresh,-0.002230582249858736,-0.00037611644997174716,0.2
2024-01-03 18:00:00+00:00,HOTUSDT,fresh,-0.004633568904593554,-0.0008567137809187107,0.2
2024-03-04 17:00:00+00:00,HOTUSDT,fresh,0.04718519855595659,0.022710794452289775,0.4
2024-04-12 21:00:00+00:00,HOTUSDT,fresh,-0.06839264475743358,-0.03495947649909951,1.0
2024-12-09 21:00:00+00:00,HOTUSDT,fresh,0.004156241787122251,0.05451468783052603,1.0
2025-09-27 23:00:00+00:00,HUSDT,fresh,0.1574233441910965,0.031554668838219294,0.2
2025-12-03 12:00:00+00:00,HUSDT,fresh,-0.08543174363149943,-0.02513154760372862,0.8
2026-02-23 18:00:00+00:00,HUSDT,fresh,-0.009997058823529536,-0.00038765268068522416,0.4
2026-06-01 01:00:00+00:00,HUSDT,fresh,0.02459374686087389,0.033417379428654984,0.6
2026-06-08 21:00:00+00:00,HUSDT,fresh,-0.2297583158352039,0.07270234996404555,0.6
2026-06-11 10:00:00+00:00,HUSDT,fresh,-0.059902816901408536,0.0205677873080042,1.0
2025-10-10 22:00:00+00:00,HYPEUSDT,fresh,-0.01149721395043658,0.014866057025786535,0.6
2026-06-04 10:00:00+00:00,HYPEUSDT,fresh,0.024476072028078878,0.004965214405615775,0.2
2022-11-08 05:00:00+00:00,ICPUSDT,ext54,0.01787810218978102,0.003645620437956204,0.2
2022-11-08 13:00:00+00:00,ICPUSDT,ext54,-0.00645089524593535,-0.0003342126830020105,0.4
2022-11-08 19:00:00+00:00,ICPUSDT,ext54,0.03533724696356277,0.0192503760495495,0.4
2023-06-05 16:00:00+00:00,ICPUSDT,ext54,0.004723433496389363,0.004148193967051006,0.4
2023-06-10 05:00:00+00:00,ICPUSDT,ext54,0.056042857142857165,0.011278571428571433,0.2
2023-08-15 20:00:00+00:00,ICPUSDT,ext54,0.001520545073375391,0.0003741090146750782,0.2
2023-08-17 21:00:00+00:00,ICPUSDT,ext54,0.019210633213858953,0.003912126642771791,0.2
2023-11-09 16:00:00+00:00,ICPUSDT,ext54,-0.01282069825436406,-0.0021323074546349186,0.4
2024-03-05 20:00:00+00:00,ICPUSDT,ext54,0.04842954459917192,0.009755908919834383,0.2
2024-04-12 18:00:00+00:00,ICPUSDT,ext54,0.07101947690164821,0.014273895380329643,0.2
2024-04-13 01:00:00+00:00,ICPUSDT,ext54,0.017475851393188847,0.0035651702786377694,0.2
2024-06-07 23:00:00+00:00,ICPUSDT,ext54,-0.0029229166666665633,0.0010890219629435486,0.4
2024-06-18 04:00:00+00:00,ICPUSDT,ext54,0.019687478601125064,0.004007495720225013,0.2
2024-06-18 09:00:00+00:00,ICPUSDT,ext54,-0.04360913520097454,-0.019441453478161633,1.0
2024-10-25 23:00:00+00:00,ICPUSDT,ext54,0.00929501039501034,0.005917641474123825,0.4
2024-12-10 02:00:00+00:00,ICPUSDT,ext54,0.04947928410859414,0.024245020983137265,0.4
2025-01-20 02:00:00+00:00,ICPUSDT,ext54,0.06081792037662447,0.012233584075324894,0.2
2025-01-27 07:00:00+00:00,ICPUSDT,ext54,0.00868615440376962,0.010699532766576175,0.6
2025-02-03 01:00:00+00:00,ICPUSDT,ext54,0.03861925346945282,0.09927784123956138,1.0
2025-10-10 21:00:00+00:00,ICPUSDT,ext54,-0.023850083640013408,0.009894910816272046,0.6
2026-01-31 17:00:00+00:00,ICPUSDT,ext54,0.012963093880653854,0.03790062517369884,1.0
2026-02-25 19:00:00+00:00,ICPUSDT,ext54,0.004625971370143079,0.02149231512547472,1.0
2022-01-22 14:00:00+00:00,ICXUSDT,fresh,-0.031795154980439284,-0.00793450139918096,0.4
2022-02-22 07:00:00+00:00,ICXUSDT,fresh,0.04162788203753342,0.008395576407506683,0.2
2022-05-05 16:00:00+00:00,ICXUSDT,fresh,0.020786317115414888,0.011269241209113247,0.4
2022-05-06 00:00:00+00:00,ICXUSDT,fresh,-0.004234796238244531,-0.0007769592476489061,0.2
2022-05-11 10:00:00+00:00,ICXUSDT,fresh,-0.08511516663340647,-0.038882778943052844,1.0
2023-03-03 07:00:00+00:00,ICXUSDT,fresh,-0.0011,-0.00015000000000000001,0.2
2024-03-10 09:00:00+00:00,ICXUSDT,fresh,0.10173505154639172,0.0952971859918994,0.8
2024-04-12 18:00:00+00:00,ICXUSDT,fresh,0.026040672782874686,0.0052781345565749375,0.2
2024-12-10 00:00:00+00:00,ICXUSDT,fresh,-0.029864044943820344,0.0019051483289969535,0.8
2023-06-05 16:00:00+00:00,IDUSDT,fresh,-0.001629240539825393,0.0028661923882761123,0.4
2023-06-10 04:00:00+00:00,IDUSDT,fresh,0.002727018752391886,0.014935960247964546,0.6
2023-08-18 00:00:00+00:00,IDUSDT,fresh,-0.01122793176972271,-0.002175586353944542,0.2
2023-11-09 16:00:00+00:00,IDUSDT,fresh,-0.0035813895781636844,-0.0006462779156327367,0.2
2024-03-21 06:00:00+00:00,IDUSDT,fresh,-0.02447061318935596,-0.004156203427497662,0.4
2024-04-12 18:00:00+00:00,IDUSDT,fresh,0.09203102731420008,0.01847620546284002,0.2
2024-04-13 01:00:00+00:00,IDUSDT,fresh,0.04315655407196572,0.008701310814393143,0.2
2024-12-10 02:00:00+00:00,IDUSDT,fresh,0.03469613875616694,0.03430882750035888,0.6
2024-04-12 18:00:00+00:00,ILVUSDT,fresh,0.05636773202212663,0.0,0.0
2022-05-11 12:00:00+00:00,IMXUSDT,ext54,0.05635764719819935,0.01134152943963987,0.2
2022-11-08 19:00:00+00:00,IMXUSDT,ext54,0.03126053206273582,0.006322106412547162,0.2
2023-02-10 03:00:00+00:00,IMXUSDT,ext54,0.0084656088228675,0.007559634508945845,0.4
2023-06-05 18:00:00+00:00,IMXUSDT,ext54,-0.008872020725388629,0.002051651006710004,0.6
2023-06-10 06:00:00+00:00,IMXUSDT,ext54,0.006677593910309521,0.006449575296886379,0.4
2024-01-03 13:00:00+00:00,IMXUSDT,ext54,-0.0021975376980340015,0.00946149372837854,0.6
2024-01-03 18:00:00+00:00,IMXUSDT,ext54,0.015987811017523657,0.003267562203504731,0.2
2024-04-12 18:00:00+00:00,IMXUSDT,ext54,0.06925638194847959,0.01392127638969592,0.2
2024-12-20 11:00:00+00:00,IMXUSDT,ext54,0.1369890052356021,0.027467801047120415,0.2
2025-02-03 11:00:00+00:00,IMXUSDT,ext54,0.07419107373868049,0.03498468434503678,0.4
2025-10-11 01:00:00+00:00,IMXUSDT,ext54,0.029958438904781438,0.006061687780956287,0.2
2022-09-13 18:00:00+00:00,INJUSDT,ext54,-0.015351781472684133,-0.0015952239137055346,0.4
2023-03-12 23:00:00+00:00,INJUSDT,ext54,-0.012178087003512538,0.011545011226329272,0.8
2023-06-21 05:00:00+00:00,INJUSDT,ext54,0.011307639760211975,0.002331527952042395,0.2
2023-08-29 22:00:00+00:00,INJUSDT,ext54,0.0018045643153527977,0.0004309128630705596,0.2
2023-10-24 00:00:00+00:00,INJUSDT,ext54,-0.0030755747126437576,0.01579851863187671,0.8
2023-10-24 05:00:00+00:00,INJUSDT,ext54,-0.0941982006982366,-0.05970452773534905,1.0
2023-11-09 20:00:00+00:00,INJUSDT,ext54,0.028278099961846482,0.0057256199923692965,0.2
2024-03-05 19:00:00+00:00,INJUSDT,ext54,0.06993111514876237,0.06090123995773375,0.6
2024-03-06 00:00:00+00:00,INJUSDT,ext54,0.026857454870226605,0.016385682911879106,0.4
2024-04-12 19:00:00+00:00,INJUSDT,ext54,0.041566978959284843,0.008383395791856967,0.2
2024-04-13 23:00:00+00:00,INJUSDT,ext54,0.020943311663150655,0.004258662332630131,0.2
2024-06-11 20:00:00+00:00,INJUSDT,ext54,0.03723519970138122,0.007517039940276244,0.2
2024-07-05 02:00:00+00:00,INJUSDT,ext54,0.007970682868389523,0.016266532839088094,0.6
2024-08-05 03:00:00+00:00,INJUSDT,ext54,-0.021605238799254366,0.019944868456303905,1.0
2024-10-01 21:00:00+00:00,INJUSDT,ext54,-0.008180323398555244,-0.00015340900152186463,0.4
2024-11-06 07:00:00+00:00,INJUSDT,ext54,-0.02436957207651348,-0.0028356230764094493,1.0
2024-12-10 02:00:00+00:00,INJUSDT,ext54,0.057344940476190646,0.027456324106712247,0.4
2025-01-20 02:00:00+00:00,INJUSDT,ext54,0.10484200758135197,0.021038401516270393,0.2
2025-02-03 01:00:00+00:00,INJUSDT,ext54,0.019676593261224718,0.08709381507167956,1.0
2025-04-09 17:00:00+00:00,INJUSDT,ext54,-0.011731644777986171,-0.0022081299906653636,0.4
2025-04-09 22:00:00+00:00,INJUSDT,ext54,0.012900743402304505,0.002650148680460901,0.2
2025-08-22 22:00:00+00:00,INJUSDT,ext54,0.027831999731489632,0.005636399946297927,0.2
2025-10-10 21:00:00+00:00,INJUSDT,ext54,0.1046729562185199,0.1004055199378633,0.6
2025-11-08 00:00:00+00:00,INJUSDT,ext54,-0.025011943319838036,0.0019768403717452415,1.0
2026-08-19 19:00:00+00:00,INJUSDT,ext54,-0.014153097345132825,-0.0004578536386349694,1.0
2026-06-05 19:00:00+00:00,INTCUSDT,fresh,-0.022305695243865397,-0.007780391578259788,0.6
2026-07-30 14:00:00+00:00,INTCUSDT,fresh,0.006605665291946939,0.005296721896878587,0.4
2026-09-08 19:00:00+00:00,INTCUSDT,fresh,0.003778048780487698,0.0008256097560975397,0.2
2026-09-21 18:00:00+00:00,INTCUSDT,fresh,-0.013934224598930577,-0.004682015200811512,0.6
2024-04-12 20:00:00+00:00,IOSTUSDT,fresh,-0.06064789339431787,-0.02060793131929593,0.6
2024-04-14 00:00:00+00:00,IOSTUSDT,fresh,0.05028758231420515,0.010127516462841029,0.2
2022-05-10 01:00:00+00:00,IOTAUSDT,ext54,0.07615213890286864,0.03488196563278084,0.4
2022-05-11 16:00:00+00:00,IOTAUSDT,ext54,-0.080218028534371,-0.026747896347794092,0.6
2022-05-12 07:00:00+00:00,IOTAUSDT,ext54,0.09417498063516648,0.018904996127033297,0.2
2023-06-05 19:00:00+00:00,IOTAUSDT,ext54,-0.004353796095444739,0.00306038496617353,0.6
2023-06-10 05:00:00+00:00,IOTAUSDT,ext54,0.05127430167597768,0.02404838029688784,0.4
2024-01-03 12:00:00+00:00,IOTAUSDT,ext54,0.000809854851031234,0.011351149591486615,0.6
2024-03-05 21:00:00+00:00,IOTAUSDT,ext54,0.0013984384759525468,0.0003496876951905094,0.2
2024-04-12 19:00:00+00:00,IOTAUSDT,ext54,0.02971123244929773,0.006012246489859546,0.2
2024-04-13 19:00:00+00:00,IOTAUSDT,ext54,0.004361993627674077,0.04940027245373722,1.0
2024-12-10 01:00:00+00:00,IOTAUSDT,ext54,-0.01583951715374844,0.01855087274258609,0.8
2025-02-03 09:00:00+00:00,IOTAUSDT,ext54,0.00799090909090926,0.001668181818181852,0.2
2022-04-30 23:00:00+00:00,IOTXUSDT,fresh,0.009540153497296412,0.006283550663541837,0.4
2024-01-03 17:00:00+00:00,IOTXUSDT,fresh,0.01582679709826339,0.01045724776560212,0.4
2024-04-12 20:00:00+00:00,IOTXUSDT,fresh,-0.05647254901960786,-0.023851010118177203,0.8
2024-04-13 20:00:00+00:00,IOTXUSDT,fresh,0.03933807919123843,0.022098800097382708,0.4
2024-12-10 01:00:00+00:00,IOTXUSDT,fresh,-0.025427233584499397,0.009458210833566905,0.8
2024-08-05 01:00:00+00:00,IOUSDT,fresh,-0.039024151696606786,-0.009250915900187123,0.6
2025-02-03 02:00:00+00:00,IOUSDT,fresh,0.12415910571513177,0.024901821143026352,0.2
2025-09-22 08:00:00+00:00,IOUSDT,fresh,0.0029307805056798426,0.0033920503365118316,0.4
2025-10-10 21:00:00+00:00,IOUSDT,fresh,-0.008797241821680634,0.04016004202884424,0.6
2025-10-10 21:00:00+00:00,IPUSDT,fresh,-0.21636456033498275,-0.10443373258368804,0.8
2026-01-19 10:00:00+00:00,IRUSDT,fresh,0.028703804103639475,0.005810760820727895,0.2
2022-09-19 05:00:00+00:00,JASMYUSDT,fresh,-0.0002786447638604241,1.4271047227915187e-05,0.2
2022-10-11 00:00:00+00:00,JASMYUSDT,fresh,0.024329930479326623,0.0,0.0
2022-10-11 05:00:00+00:00,JASMYUSDT,fresh,0.0014026814444046863,0.00035053628888093727,0.2
2022-11-08 23:00:00+00:00,JASMYUSDT,fresh,-0.0173322816643804,-0.0017368625162047402,0.4
2023-06-10 04:00:00+00:00,JASMYUSDT,fresh,0.01377747957993002,0.009556882299111679,0.4
2024-01-03 13:00:00+00:00,JASMYUSDT,fresh,0.003524079465662012,0.005496856931836158,0.4
2024-04-12 18:00:00+00:00,JASMYUSDT,fresh,0.04625239752093068,0.009320479504186135,0.2
2024-10-26 01:00:00+00:00,JASMYUSDT,fresh,0.01906058137490484,0.003882116274980968,0.2
2025-01-16 00:00:00+00:00,JASMYUSDT,fresh,0.009168147094299906,0.0019036294188599812,0.2
2025-02-03 03:00:00+00:00,JASMYUSDT,fresh,0.09721014844552332,0.04690518823195397,0.4
2025-07-01 14:00:00+00:00,JELLYJELLYUSDT,fresh,-0.10641354715174724,-0.03878431756505047,1.0
2025-11-04 16:00:00+00:00,JELLYJELLYUSDT,fresh,-0.20792792406613592,-0.09122442645595086,1.0
2025-11-07 04:00:00+00:00,JELLYJELLYUSDT,fresh,0.008652616555661397,0.0018005233111322793,0.2
2023-06-05 16:00:00+00:00,JOEUSDT,fresh,-0.013286023377269373,-0.0017245238014171548,0.4
2024-04-12 22:00:00+00:00,JOEUSDT,fresh,-0.0030980019980019306,0.0034303180572199496,0.4
2024-01-03 16:00:00+00:00,JTOUSDT,fresh,-0.013974442319949053,0.006546119250850373,0.6
2024-06-07 18:00:00+00:00,JTOUSDT,fresh,0.013756337683023968,0.0028212675366047933,0.2
2024-06-08 04:00:00+00:00,JTOUSDT,fresh,-0.0038742210840800977,-0.0007048442168160194,0.2
2024-07-05 02:00:00+00:00,JTOUSDT,fresh,0.03572786210142375,0.018472966403052973,0.4
2024-08-05 06:00:00+00:00,JTOUSDT,fresh,0.020270670596905006,0.004124134119381001,0.2
2025-06-13 00:00:00+00:00,JTOUSDT,fresh,0.00237184550287527,0.009355939659995788,0.6
2025-10-11 00:00:00+00:00,JTOUSDT,fresh,0.04345586037271786,0.02846866877070183,0.4
2024-04-12 19:00:00+00:00,JUPUSDT,fresh,0.033201576286309036,0.006710315257261806,0.2
2024-06-07 18:00:00+00:00,JUPUSDT,fresh,0.019470866141732313,0.010491819370115752,0.4
2024-06-07 23:00:00+00:00,JUPUSDT,fresh,-0.0024567206124625034,-0.00042134412249250055,0.2
2024-06-18 05:00:00+00:00,JUPUSDT,fresh,-0.02422579415501903,-0.006519715690827777,0.4
2024-12-10 01:00:00+00:00,JUPUSDT,fresh,-0.025104414604984814,0.006034709812086359,0.8
2025-09-22 07:00:00+00:00,JUPUSDT,fresh,-0.003412381753205806,0.0006968988877401497,0.4
2025-10-10 21:00:00+00:00,JUPUSDT,fresh,0.07714675324675323,0.07902345357479225,0.6
2025-10-10 23:00:00+00:00,KAITOUSDT,fresh,-0.004440953050817719,0.004153876249065214,0.4
2026-07-30 11:00:00+00:00,KAITOUSDT,fresh,0.08973003188713889,0.06765780061323504,0.6
2024-01-03 15:00:00+00:00,KASUSDT,fresh,-0.018158596761758027,0.0024629741501867642,0.6
2024-03-05 20:00:00+00:00,KASUSDT,fresh,0.02332380460956306,0.0047347609219126115,0.2
2024-04-12 20:00:00+00:00,KASUSDT,fresh,0.0046014374046413516,0.0009902874809282704,0.2
2024-08-05 07:00:00+00:00,KASUSDT,fresh,-0.07779401799894138,-0.0244379584488479,1.0
2024-11-14 20:00:00+00:00,KASUSDT,fresh,0.052868689920351424,0.02490841196664232,0.4
2024-12-10 02:00:00+00:00,KASUSDT,fresh,0.02760176772476718,0.01507042829175137,0.4
2025-02-03 05:00:00+00:00,KASUSDT,fresh,-0.011896085157905422,-0.0023092170315810847,0.2
2023-03-03 01:00:00+00:00,KAVAUSDT,ext54,0.02873324648254304,0.005816649296508608,0.2
2023-04-19 19:00:00+00:00,KAVAUSDT,ext54,-0.01866645977280713,-0.004118975061168889,1.0
2023-05-08 01:00:00+00:00,KAVAUSDT,ext54,0.004881908374671718,0.003672328071269837,0.4
2023-08-15 19:00:00+00:00,KAVAUSDT,ext54,0.006320675537359367,0.0013341351074718734,0.2
2023-08-16 00:00:00+00:00,KAVAUSDT,ext54,-0.016439383868081314,-0.0063035320679089065,0.6
2023-12-11 07:00:00+00:00,KAVAUSDT,ext54,0.0010921341070276767,0.002665379180418992,0.4
2024-01-03 13:00:00+00:00,KAVAUSDT,ext54,0.01662793053545585,0.01075208574781571,0.4
2024-03-05 20:00:00+00:00,KAVAUSDT,ext54,0.04788347402211401,0.0096466948044228,0.2
2024-04-12 18:00:00+00:00,KAVAUSDT,ext54,0.009532711997899724,0.0019765423995799446,0.2
2024-04-13 22:00:00+00:00,KAVAUSDT,ext54,-0.04162165812761998,-0.011190185887621695,0.4
2024-12-09 22:00:00+00:00,KAVAUSDT,ext54,-0.0336058046079657,-0.008745504509640678,0.4
2024-12-09 21:00:00+00:00,KDAUSDT,fresh,0.05116455259487617,0.10729900477705423,1.0
2024-12-10 02:00:00+00:00,KDAUSDT,fresh,0.05077604435667637,0.02751996910047364,0.4
2024-04-13 00:00:00+00:00,KEYUSDT,fresh,0.042060309721823834,0.04094853426146414,0.6
2026-02-21 12:00:00+00:00,KITEUSDT,fresh,-0.018873867135943755,-0.0036922620557313986,0.4
2022-05-11 14:00:00+00:00,KLAYUSDT,fresh,-0.11851081974958667,-0.06798419706114771,1.0
2023-02-22 12:00:00+00:00,KLAYUSDT,fresh,-0.02569546925566347,-0.005674020360721476,0.4
2024-01-03 13:00:00+00:00,KLAYUSDT,fresh,-0.017096122152205472,-1.1017747540315124e-05,0.6
2024-03-06 00:00:00+00:00,KLAYUSDT,fresh,0.0015276276276275822,0.012819960212895437,0.6
2024-03-16 20:00:00+00:00,KLAYUSDT,fresh,-0.027730644538788162,-0.008671286117945369,0.6
2022-11-08 19:00:00+00:00,KNCUSDT,fresh,0.03154094955489605,0.00637818991097921,0.2
2023-01-18 16:00:00+00:00,KNCUSDT,fresh,0.07056690845785583,0.014183381691571167,0.2
2024-04-12 18:00:00+00:00,KNCUSDT,fresh,0.04747760771918152,0.009565521543836303,0.2
2022-11-09 21:00:00+00:00,KSMUSDT,ext54,0.07050804020100508,0.014171608040201017,0.2
2024-03-05 19:00:00+00:00,KSMUSDT,ext54,0.0563395930479017,0.011337918609580338,0.2
2024-04-12 17:00:00+00:00,KSMUSDT,ext54,-0.06271532056619479,-0.04549823702225308,1.0
2024-04-14 00:00:00+00:00,KSMUSDT,ext54,0.057093502320599725,0.011488700464119945,0.2
2026-05-02 21:00:00+00:00,LABUSDT,fresh,0.5803121471137062,0.11613242942274123,0.2
2026-07-04 12:00:00+00:00,LABUSDT,fresh,-0.05109218872051236,0.016955433494335752,1.0
2026-08-31 01:00:00+00:00,LABUSDT,fresh,0.002630349054090087,0.0005960698108180175,0.2
2026-07-28 04:00:00+00:00,LAUSDT,fresh,-0.007197560975609762,0.027768874873147203,0.6
2023-01-08 23:00:00+00:00,LDOUSDT,ext54,0.022254995938261624,0.01447347236528377,0.4
2023-03-15 16:00:00+00:00,LDOUSDT,ext54,0.0037280024140012753,0.005513548867527274,0.4
2023-06-10 04:00:00+00:00,LDOUSDT,ext54,-0.006654057697492621,0.0009163793844561784,0.4
2023-09-28 20:00:00+00:00,LDOUSDT,ext54,0.00836627639035924,0.001743255278071848,0.2
2023-10-24 02:00:00+00:00,LDOUSDT,ext54,0.03991281983084204,0.008052563966168408,0.2
2023-11-14 03:00:00+00:00,LDOUSDT,ext54,0.01485114392489294,0.003040228784978588,0.2
2023-12-26 23:00:00+00:00,LDOUSDT,ext54,-0.028218364655456806,-0.009229878570190465,0.8
2024-02-13 01:00:00+00:00,LDOUSDT,ext54,-0.005484692265531731,-0.001026938453106346,0.2
2024-04-12 18:00:00+00:00,LDOUSDT,ext54,0.05201731955660326,0.010473463911320651,0.2
2024-08-05 03:00:00+00:00,LDOUSDT,ext54,-0.025706774100164097,0.01716407748595728,1.0
2025-05-31 00:00:00+00:00,LDOUSDT,ext54,0.019210331777469326,0.011911129783582254,0.4
2025-06-05 20:00:00+00:00,LDOUSDT,ext54,0.01671441106088799,0.0034128822121775983,0.2
2025-10-10 22:00:00+00:00,LDOUSDT,ext54,0.01722136667491957,0.003514273334983914,0.2
2023-08-17 23:00:00+00:00,LEVERUSDT,fresh,0.11264407582938395,0.02259881516587679,0.2
2023-11-09 16:00:00+00:00,LEVERUSDT,fresh,-0.0011,0.0032225747600567733,0.4
2024-01-03 14:00:00+00:00,LEVERUSDT,fresh,-0.020681363943281583,-0.0003431857460325428,0.6
2024-04-13 05:00:00+00:00,LEVERUSDT,fresh,0.008648955469056852,0.0017997910938113704,0.2
2025-11-20 11:00:00+00:00,LIGHTUSDT,fresh,-0.20249454858281268,-0.14870998058175441,1.0
2025-12-20 23:00:00+00:00,LIGHTUSDT,fresh,0.06213850093818151,0.032044520197699086,0.4
2025-12-31 19:00:00+00:00,LIGHTUSDT,fresh,-0.1925393939393939,-0.09221975718076916,1.0
2026-01-01 04:00:00+00:00,LIGHTUSDT,fresh,-0.036623576794280084,-0.00429109675142162,0.4
2022-01-21 01:00:00+00:00,LINAUSDT,fresh,-0.025681768521679704,-0.006223663861999996,0.8
2022-01-22 07:00:00+00:00,LINAUSDT,fresh,0.005427415143603221,0.05486290325733683,1.0
2022-11-08 22:00:00+00:00,LINAUSDT,fresh,-0.03738447024673442,-0.01051735794452865,0.4
2023-11-09 16:00:00+00:00,LINAUSDT,fresh,-0.02329979818365281,-0.004638191404011987,0.6
2023-12-11 08:00:00+00:00,LINAUSDT,fresh,0.0095692531522794,0.00198385063045588,0.2
2023-12-11 13:00:00+00:00,LINAUSDT,fresh,-0.012727906976744096,-0.002904085541816348,0.4
2024-01-08 01:00:00+00:00,LINAUSDT,fresh,-0.017724040920716232,0.006125620490236622,1.0
2024-04-13 20:00:00+00:00,LINAUSDT,fresh,0.02218966521106257,0.016757935505402177,0.4
2025-10-11 00:00:00+00:00,LINEAUSDT,fresh,0.030991690544412632,0.02314425821235281,0.4
2022-05-09 23:00:00+00:00,LINKUSDT,core16,0.02661934166563539,0.014915837939534582,0.4
2022-05-12 09:00:00+00:00,LINKUSDT,core16,-0.001592368291482026,-0.0002484736582964052,0.2
2022-11-08 19:00:00+00:00,LINKUSDT,core16,0.040414536849222464,0.023234459411817333,0.4
2023-01-09 01:00:00+00:00,LINKUSDT,core16,-0.005372801972062368,-0.00024792339226869457,0.6
2023-01-14 07:00:00+00:00,LINKUSDT,core16,0.037883292874482326,0.0272495037259653,0.6
2023-01-18 15:00:00+00:00,LINKUSDT,core16,-0.010724197983501448,0.010432619548326978,1.0
2023-01-24 23:00:00+00:00,LINKUSDT,core16,0.003706248122559253,0.007743584284852262,0.6
2023-02-09 22:00:00+00:00,LINKUSDT,core16,0.011054536246563596,0.0022809072493127193,0.2
2023-04-19 08:00:00+00:00,LINKUSDT,core16,-0.004221098626716501,0.00022445852999132293,0.4
2023-04-19 17:00:00+00:00,LINKUSDT,core16,-0.015956429463171006,0.00021197772658583872,1.0
2023-06-10 04:00:00+00:00,LINKUSDT,core16,0.00026292834890960883,0.008231028290545223,0.6
2023-08-29 19:00:00+00:00,LINKUSDT,core16,0.004202908565000708,0.0009105817130001416,0.2
2023-12-11 07:00:00+00:00,LINKUSDT,core16,0.011415139281388698,0.0023530278562777394,0.2
2024-01-03 12:00:00+00:00,LINKUSDT,core16,0.012421288837744505,0.01630694399520302,0.6
2024-01-03 17:00:00+00:00,LINKUSDT,core16,0.016602905275180258,0.009446362393295226,0.4
2024-03-05 23:00:00+00:00,LINKUSDT,core16,-0.019595099588997977,-0.004438300626485525,0.4
2024-04-12 18:00:00+00:00,LINKUSDT,core16,0.04871137348050857,0.009812274696101714,0.2
2024-04-14 00:00:00+00:00,LINKUSDT,core16,0.024290027531354997,0.014169527467377353,0.4
2024-10-31 23:00:00+00:00,LINKUSDT,core16,-0.0034644802522113653,0.001835287487566512,0.6
2024-11-06 03:00:00+00:00,LINKUSDT,core16,-0.006317242559014679,0.004148343939108057,0.8
2024-12-09 21:00:00+00:00,LINKUSDT,core16,0.017918153692160755,0.0637898174205285,1.0
2024-12-10 02:00:00+00:00,LINKUSDT,core16,0.08059644940045728,0.03735890950218971,0.4
2025-02-03 03:00:00+00:00,LINKUSDT,core16,0.09504189685364071,0.04439466279925296,0.4
2025-04-09 17:00:00+00:00,LINKUSDT,core16,-0.014601707568898347,-0.0032283689577982224,0.4
2025-05-19 03:00:00+00:00,LINKUSDT,core16,0.0017414722791252344,0.007031755565333437,0.6
2025-09-22 08:00:00+00:00,LINKUSDT,core16,0.0028388539810558673,0.00277132329117441,0.4
2025-10-10 22:00:00+00:00,LINKUSDT,core16,0.07169442425686544,0.014408884851373089,0.2
2026-02-06 01:00:00+00:00,LINKUSDT,core16,0.017266597281743724,0.01083604930272607,0.4
2026-08-19 20:00:00+00:00,LINKUSDT,core16,0.003814933837429025,0.012041422584564178,0.8
2026-08-22 16:00:00+00:00,LINKUSDT,core16,-0.004079737783075143,-0.0007459475566150284,0.2
2026-09-23 16:00:00+00:00,LINKUSDT,core16,-0.004200775193798478,-0.0007701550387596954,0.2
2024-08-05 01:00:00+00:00,LISTAUSDT,fresh,-0.08540523158947012,-0.035827637702015615,1.0
2024-10-01 17:00:00+00:00,LISTAUSDT,fresh,-0.013392562999385415,0.0038393851406830883,0.6
2025-09-22 11:00:00+00:00,LISTAUSDT,fresh,-0.018745062775704213,-0.002150442463011848,0.4
2025-10-10 22:00:00+00:00,LISTAUSDT,fresh,0.056116054654141816,0.030347910247808238,0.4
2026-09-16 17:00:00+00:00,LITEUSDT,fresh,0.005337025336997304,0.0071243711553347685,0.6
2023-04-19 08:00:00+00:00,LITUSDT,fresh,-0.0029099547511312156,-0.000511990950226243,0.2
2023-06-05 20:00:00+00:00,LITUSDT,fresh,-0.007477551020408157,-0.0006357927054906672,0.4
2023-06-10 02:00:00+00:00,LITUSDT,fresh,-0.17624124293785315,-0.15929225206592293,1.0
2023-08-16 05:00:00+00:00,LITUSDT,fresh,0.020571826625387025,0.004184365325077405,0.2
2024-01-03 13:00:00+00:00,LITUSDT,fresh,1.1111111111062688e-05,0.0038883526419159265,0.4
2023-12-11 02:00:00+00:00,LOOMUSDT,fresh,0.011467324955116587,0.0023634649910233172,0.2
2024-01-03 13:00:00+00:00,LOOMUSDT,fresh,-0.01287730192719495,-0.000903779294867568,0.4
2024-03-05 19:00:00+00:00,LOOMUSDT,fresh,0.07132074011239507,0.014334148022479015,0.2
2024-04-12 17:00:00+00:00,LOOMUSDT,fresh,-0.07486960519199572,-0.05229050826884875,1.0
2024-01-03 12:00:00+00:00,LPTUSDT,fresh,-0.028896518688436023,-0.004753575704457629,0.6
2024-04-12 18:00:00+00:00,LPTUSDT,fresh,0.03508982587913977,0.007087965175827954,0.2
2024-08-05 01:00:00+00:00,LPTUSDT,fresh,-0.0372545633481819,-0.006652149015564989,0.8
2024-12-09 21:00:00+00:00,LPTUSDT,fresh,0.03585771890105859,0.06350294783878978,0.8
2024-12-10 02:00:00+00:00,LPTUSDT,fresh,0.030692265741199976,0.018248086773699525,0.4
2025-02-03 00:00:00+00:00,LPTUSDT,fresh,-0.15144883720930225,-0.11393337853783601,1.0
2023-06-06 01:00:00+00:00,LQTYUSDT,fresh,0.02317415516420761,0.0047048310328415225,0.2
2023-06-10 06:00:00+00:00,LQTYUSDT,fresh,0.0521760192783639,0.010505203855672779,0.2
2023-08-18 01:00:00+00:00,LQTYUSDT,fresh,0.012202926643861568,0.0025105853287723133,0.2
2023-12-11 08:00:00+00:00,LQTYUSDT,fresh,0.0030524003788155903,0.0006804800757631181,0.2
2024-01-03 13:00:00+00:00,LQTYUSDT,fresh,-0.033635388720077104,-0.008101724205330828,0.4
2024-04-12 18:00:00+00:00,LQTYUSDT,fresh,0.012496491228070162,0.0025692982456140324,0.2
2022-04-30 23:00:00+00:00,LRCUSDT,fresh,0.020968559658672937,0.011181176172587837,0.4
2022-11-08 05:00:00+00:00,LRCUSDT,fresh,0.023498565083703505,0.004769713016740701,0.2
2022-11-09 03:00:00+00:00,LRCUSDT,fresh,-0.013644100352802734,-0.0006734000649434636,0.4
2023-02-09 22:00:00+00:00,LRCUSDT,fresh,0.04130934234787952,0.008331868469575903,0.2
2024-01-03 13:00:00+00:00,LRCUSDT,fresh,-0.005183147735708948,0.0026007307421321516,0.4
2024-01-22 19:00:00+00:00,LRCUSDT,fresh,-0.006340174672489162,-0.0011980349344978324,0.2
2024-03-06 00:00:00+00:00,LRCUSDT,fresh,0.00623720574747787,0.007376233023471157,0.4
2024-04-12 18:00:00+00:00,LRCUSDT,fresh,0.047124299065420476,0.009494859813084094,0.2
2024-04-12 18:00:00+00:00,LSKUSDT,fresh,0.05394772146793924,0.010859544293587847,0.2
2024-06-07 18:00:00+00:00,LSKUSDT,fresh,0.006934200633890931,0.005245252673459266,0.4
2026-09-13 03:00:00+00:00,LSKUSDT,fresh,0.3356613675448855,0.228973184587042,0.6
2022-01-21 22:00:00+00:00,LTCUSDT,core16,0.006646478873239537,0.0060964701399102705,0.4
2022-05-10 03:00:00+00:00,LTCUSDT,core16,0.04322487829874443,0.008714975659748886,0.2
2022-09-06 20:00:00+00:00,LTCUSDT,core16,-0.01892790613061669,-0.004033581668563979,0.8
2022-11-08 03:00:00+00:00,LTCUSDT,core16,-0.0020295120061967313,0.01954196492070997,1.0
2022-11-08 08:00:00+00:00,LTCUSDT,core16,0.005309254337970793,0.0011318508675941586,0.2
2022-11-08 19:00:00+00:00,LTCUSDT,core16,0.015807361747094063,0.010688767459045645,0.4
2023-01-14 06:00:00+00:00,LTCUSDT,core16,0.027452456839309403,0.012813958902542211,0.4
2023-03-12 22:00:00+00:00,LTCUSDT,core16,-0.05311137748882578,-0.03452031452540469,1.0
2023-03-13 22:00:00+00:00,LTCUSDT,core16,0.02026700254947199,0.0041234005098943986,0.2
2023-06-10 04:00:00+00:00,LTCUSDT,core16,-0.022880664883454426,-0.003995563008641967,0.8
2023-08-17 22:00:00+00:00,LTCUSDT,core16,-0.022363576564173326,-0.005396267761304207,0.4
2023-11-09 18:00:00+00:00,LTCUSDT,core16,0.018781556683587042,0.009560466002630774,0.4
2023-12-11 04:00:00+00:00,LTCUSDT,core16,-0.006400353356890497,-0.000810891993540774,0.4
2024-01-03 13:00:00+00:00,LTCUSDT,core16,0.005542978526185672,0.005023324428046127,0.4
2024-03-06 01:00:00+00:00,LTCUSDT,core16,0.05696291184881252,0.011462582369762503,0.2
2024-04-14 00:00:00+00:00,LTCUSDT,core16,0.011627988452959193,0.00837206359728252,0.4
2024-06-07 18:00:00+00:00,LTCUSDT,core16,0.014706777946383299,0.007389265874549677,0.4
2024-06-18 02:00:00+00:00,LTCUSDT,core16,-0.0005529540481400521,-4.059080962801041e-05,0.2
2024-07-05 03:00:00+00:00,LTCUSDT,core16,-0.0002470487888092223,0.009088791198361052,0.6
2024-12-09 22:00:00+00:00,LTCUSDT,core16,-0.019233528711420488,-0.003776705742284098,0.2
2025-02-03 02:00:00+00:00,LTCUSDT,core16,0.0578154206650302,0.011633084133006039,0.2
2025-02-03 11:00:00+00:00,LTCUSDT,core16,0.05886708496194203,0.050074383264227126,0.6
2025-10-10 22:00:00+00:00,LTCUSDT,core16,0.0315463986941441,0.006379279738828819,0.2
2026-01-31 18:00:00+00:00,LTCUSDT,core16,0.014316594491598934,0.0029333188983197865,0.2
2026-04-29 21:00:00+00:00,LTCUSDT,core16,0.006878241160471633,0.0014456482320943267,0.2
2026-05-18 01:00:00+00:00,LTCUSDT,core16,-0.0012851166234728697,-0.00018702332469457394,0.2
2026-05-18 06:00:00+00:00,LTCUSDT,core16,-0.0076043672179891934,-0.0021375006554055936,0.6
2026-08-19 16:00:00+00:00,LTCUSDT,core16,-0.018571063550993815,-0.012288957526069327,1.0
2026-08-19 21:00:00+00:00,LTCUSDT,core16,0.00017334465195239048,0.0001046689303904781,0.2
2023-03-03 10:00:00+00:00,LUNA2USDT,fresh,4.752008160134971e-05,0.0018932145967229476,0.4
2023-06-05 16:00:00+00:00,LUNA2USDT,fresh,0.00603544369486252,0.001277088738972504,0.2
2023-08-18 08:00:00+00:00,LUNA2USDT,fresh,-0.009275659892548426,-0.0017851319785096853,0.2
2023-11-09 18:00:00+00:00,LUNA2USDT,fresh,0.02968579117330449,0.006007158234660898,0.2
2024-01-03 15:00:00+00:00,LUNA2USDT,fresh,-0.023360031192400498,4.501831756171214e-05,0.6
2024-04-12 22:00:00+00:00,LUNA2USDT,fresh,-0.018011764705882404,0.0020128719406623257,0.6
2024-06-07 21:00:00+00:00,LUNA2USDT,fresh,0.010128191397478104,0.0020956382794956206,0.2
2024-10-01 19:00:00+00:00,LUNA2USDT,fresh,0.013692899408283988,0.009309360634214203,0.4
2024-12-10 02:00:00+00:00,LUNA2USDT,fresh,0.038855190440627456,0.02088900589719024,0.4
2025-02-03 04:00:00+00:00,LUNA2USDT,fresh,0.1042140096618359,0.02091280193236718,0.2
2022-03-01 00:00:00+00:00,LUNAUSDT,fresh,0.003187724156412653,0.0007075448312825307,0.2
2022-05-12 15:00:00+00:00,LUNAUSDT,fresh,-0.0011,0.0,0.0
2023-05-31 10:00:00+00:00,MAGICUSDT,fresh,0.00806453537936901,0.0016829070758738018,0.2
2023-05-31 15:00:00+00:00,MAGICUSDT,fresh,0.006497645799892971,0.0013695291599785944,0.2
2023-06-05 18:00:00+00:00,MAGICUSDT,fresh,-0.0007589358799454762,0.007068330944320839,0.6
2023-06-10 06:00:00+00:00,MAGICUSDT,fresh,0.0015556506344055374,0.0003811301268811075,0.2
2023-08-18 00:00:00+00:00,MAGICUSDT,fresh,-0.01690435867576102,-0.003329851576579867,0.4
2023-08-18 06:00:00+00:00,MAGICUSDT,fresh,-0.011397292808503556,-0.0017195591156627386,0.4
2024-03-06 00:00:00+00:00,MAGICUSDT,fresh,0.01508419954951178,0.010352309632523815,0.4
2024-04-12 18:00:00+00:00,MAGICUSDT,fresh,0.014950410177149032,0.0030600820354298062,0.2
2024-04-13 20:00:00+00:00,MAGICUSDT,fresh,0.10784638403990031,0.05097407731343516,0.4
2025-05-31 00:00:00+00:00,MAGICUSDT,fresh,0.034871223021582735,0.017168831323230292,0.4
2025-09-22 08:00:00+00:00,MAGICUSDT,fresh,-0.015830878186968832,-0.0038170987387767473,0.4
2022-01-21 22:00:00+00:00,MANAUSDT,ext54,0.00969396621804718,0.007750131689683492,0.4
2022-04-06 00:00:00+00:00,MANAUSDT,ext54,0.017920079012747937,0.003654015802549587,0.2
2022-04-30 23:00:00+00:00,MANAUSDT,ext54,0.009597804502866725,0.006641466358188597,0.4
2022-05-10 03:00:00+00:00,MANAUSDT,ext54,0.07394672897196274,0.014859345794392548,0.2
2022-06-15 22:00:00+00:00,MANAUSDT,ext54,-0.00846114209234895,0.005842871028657276,0.6
2022-08-19 07:00:00+00:00,MANAUSDT,ext54,-0.009384714119019876,0.0011186751076693812,0.6
2022-12-17 03:00:00+00:00,MANAUSDT,ext54,0.010356135061802985,0.0,0.0
2023-04-19 10:00:00+00:00,MANAUSDT,ext54,0.007198755186721962,0.0015097510373443925,0.2
2023-04-19 17:00:00+00:00,MANAUSDT,ext54,-0.0034938716884776004,0.005848279019990077,0.8
2023-06-06 01:00:00+00:00,MANAUSDT,ext54,0.014635815602836878,0.0029971631205673753,0.2
2023-06-10 07:00:00+00:00,MANAUSDT,ext54,0.013597060587882449,0.0027894121175764896,0.2
2023-08-15 19:00:00+00:00,MANAUSDT,ext54,0.00885899238429998,0.001841798476859996,0.2
2023-08-17 21:00:00+00:00,MANAUSDT,ext54,0.025475809199318678,0.013031054030398049,0.4
2024-01-03 16:00:00+00:00,MANAUSDT,ext54,0.0019010718113611112,0.010524301243623108,0.6
2024-04-12 18:00:00+00:00,MANAUSDT,ext54,0.025020152702431287,0.0050740305404862575,0.2
2024-04-13 19:00:00+00:00,MANAUSDT,ext54,-0.01873875823142047,0.021318128576981992,1.0
2024-05-21 00:00:00+00:00,MANAUSDT,ext54,0.010431069827034001,0.0021562139654068,0.2
2024-12-10 02:00:00+00:00,MANAUSDT,ext54,0.0382618865961507,0.020349280516194945,0.4
2025-01-20 01:00:00+00:00,MANAUSDT,ext54,0.040769738591050035,0.008223947718210006,0.2
2025-02-03 04:00:00+00:00,MANAUSDT,ext54,0.08871001727115733,0.01781200345423147,0.2
2025-10-10 23:00:00+00:00,MANAUSDT,ext54,0.031630404823428264,0.006396080964685652,0.2
2024-03-05 20:00:00+00:00,MANTAUSDT,fresh,0.13877353899214395,0.02782470779842879,0.2
2024-04-12 17:00:00+00:00,MANTAUSDT,fresh,-0.10800896473955836,-0.07866204256158617,1.0
2024-06-07 18:00:00+00:00,MANTAUSDT,fresh,0.015701927466396193,0.009188946463646508,0.4
2024-10-01 18:00:00+00:00,MANTAUSDT,fresh,-0.02857765772975863,-0.006984947120686408,0.6
2024-10-26 01:00:00+00:00,MANTAUSDT,fresh,0.02327143297855937,0.004724286595711874,0.2
2024-12-09 21:00:00+00:00,MANTAUSDT,fresh,0.040814387633769315,0.0909385456843715,1.0
2024-12-10 02:00:00+00:00,MANTAUSDT,fresh,0.05543001904380073,0.02762635183025771,0.4
2025-02-03 00:00:00+00:00,MANTAUSDT,fresh,-0.16277664670658676,-0.11944546848042722,1.0
2022-01-21 05:00:00+00:00,MASKUSDT,fresh,-0.0023176971992965416,-0.0003935394398593082,0.2
2022-05-01 01:00:00+00:00,MASKUSDT,fresh,0.03126245954692541,0.006322491909385081,0.2
2022-10-29 17:00:00+00:00,MASKUSDT,fresh,-0.000722783855149022,0.0072955684580987895,0.4
2022-10-30 02:00:00+00:00,MASKUSDT,fresh,-0.026148923679060753,0.025570649751901976,0.8
2023-01-09 00:00:00+00:00,MASKUSDT,fresh,-0.007792913385826671,0.0029419405085638235,0.8
2023-06-10 04:00:00+00:00,MASKUSDT,fresh,-0.005736337293538073,0.008121227149257731,0.6
2023-10-04 00:00:00+00:00,MASKUSDT,fresh,0.010971651090342694,0.0022643302180685386,0.2
2023-10-09 09:00:00+00:00,MASKUSDT,fresh,0.002352243958573131,0.0025408374474445885,0.4
2023-11-09 20:00:00+00:00,MASKUSDT,fresh,0.044962869592281345,0.009062573918456268,0.2
2023-12-11 08:00:00+00:00,MASKUSDT,fresh,0.0006172295363478973,0.00019344590726957947,0.2
2024-01-03 12:00:00+00:00,MASKUSDT,fresh,-0.00315942924389535,0.009722460142734164,0.6
2024-04-12 22:00:00+00:00,MASKUSDT,fresh,-0.03840569948186524,-0.010916728983719868,0.8
2024-04-13 19:00:00+00:00,MASKUSDT,fresh,0.0025764705882352808,0.046687435419630705,1.0
2024-06-07 18:00:00+00:00,MASKUSDT,fresh,0.01729926402943881,0.003529852805887762,0.2
2024-06-18 01:00:00+00:00,MASKUSDT,fresh,0.028535901778154005,0.005777180355630801,0.2
2025-04-01 14:00:00+00:00,MASKUSDT,fresh,0.21238822492428688,0.22678272492815243,1.0
2025-04-01 23:00:00+00:00,MASKUSDT,fresh,-0.07923668820129205,-0.023408356291889827,0.6
2025-06-07 02:00:00+00:00,MASKUSDT,fresh,-0.027374550773088157,-0.005404910154617632,0.2
2022-01-21 21:00:00+00:00,MATICUSDT,ext54,0.026447883660439698,0.014367117623388347,0.4
2022-05-11 12:00:00+00:00,MATICUSDT,ext54,0.055298174053894804,0.01112963481077896,0.2
2022-05-12 10:00:00+00:00,MATICUSDT,ext54,0.05858077723802923,0.03302233934545083,0.4
2022-09-13 19:00:00+00:00,MATICUSDT,ext54,-0.01475227537922975,-0.0026467497736437024,0.6
2022-11-08 04:00:00+00:00,MATICUSDT,ext54,0.039565938864628884,0.03415634430073268,0.6
2022-11-08 19:00:00+00:00,MATICUSDT,ext54,0.008478173374612975,0.00962402767614422,0.4
2023-01-14 00:00:00+00:00,MATICUSDT,ext54,-0.021035288592004996,-0.005598155617348572,1.0
2023-01-19 00:00:00+00:00,MATICUSDT,ext54,0.009227938671209402,0.0019155877342418802,0.2
2023-01-25 00:00:00+00:00,MATICUSDT,ext54,0.009001010101009944,0.011029280287028537,0.6
2023-03-15 19:00:00+00:00,MATICUSDT,ext54,-0.0043278310768403265,-0.0007955662153680652,0.2
2023-06-10 09:00:00+00:00,MATICUSDT,ext54,-0.027667112345893374,-0.006624952568190612,0.4
2023-08-17 22:00:00+00:00,MATICUSDT,ext54,-0.027143463263194178,-0.008893837095225204,0.6
2023-08-29 14:00:00+00:00,MATICUSDT,ext54,0.020446052631578938,0.004159210526315788,0.2
2023-10-09 17:00:00+00:00,MATICUSDT,ext54,-0.0011,0.0008412150907240016,0.4
2023-11-14 20:00:00+00:00,MATICUSDT,ext54,0.04896201375577857,0.009862402751155713,0.2
2023-11-21 22:00:00+00:00,MATICUSDT,ext54,0.027090319031903277,0.0054880638063806554,0.2
2024-01-03 12:00:00+00:00,MATICUSDT,ext54,-0.024171703234562313,0.0008684904217884483,0.8
2024-02-21 17:00:00+00:00,MATICUSDT,ext54,0.015622771202084985,0.008520656793688196,0.4
2024-03-05 22:00:00+00:00,MATICUSDT,ext54,-0.02215056069250444,-0.005150037138802255,0.4
2024-04-13 03:00:00+00:00,MATICUSDT,ext54,0.004833544303797555,0.001036708860759511,0.2
2024-04-13 20:00:00+00:00,MATICUSDT,ext54,0.04624600262123179,0.02321211189554774,0.4
2024-06-07 19:00:00+00:00,MATICUSDT,ext54,0.006302930956337705,0.0013305861912675412,0.2
2024-06-18 02:00:00+00:00,MATICUSDT,ext54,0.005164971439100986,0.0011029942878201973,0.2
2024-07-05 03:00:00+00:00,MATICUSDT,ext54,0.004348354143019251,0.011570255705949311,0.6
2024-04-12 17:00:00+00:00,MAVIAUSDT,fresh,-0.12256357077782977,-0.09275582958963502,1.0
2024-04-13 19:00:00+00:00,MAVIAUSDT,fresh,0.01457249881780719,0.08159747630465512,1.0
2024-12-09 22:00:00+00:00,MAVIAUSDT,fresh,-0.01838787774012852,-0.0036075755480257043,0.2
2023-08-18 00:00:00+00:00,MAVUSDT,fresh,0.015238298894762015,0.003117659778952403,0.2
2024-04-12 20:00:00+00:00,MAVUSDT,fresh,-0.01894178847807405,-0.00371835769561481,0.2
2024-04-13 22:00:00+00:00,MAVUSDT,fresh,-0.0019062348830958355,-0.0003112469766191671,0.2
2024-04-12 19:00:00+00:00,MDTUSDT,fresh,0.021439157010059707,0.0043578314020119415,0.2
2024-04-13 21:00:00+00:00,MDTUSDT,fresh,0.03970961000493666,0.0231982235371453,0.4
2025-03-11 12:00:00+00:00,MELANIAUSDT,fresh,0.003285964912280715,0.005948617800829926,0.4
2024-01-03 13:00:00+00:00,MEMEUSDT,fresh,-0.01851377849334813,-0.0019408928784854116,0.4
2024-03-05 20:00:00+00:00,MEMEUSDT,fresh,0.033622222222222324,0.006794444444444464,0.2
2024-04-13 22:00:00+00:00,MEMEUSDT,fresh,-0.01653382646941227,0.0008672426012646841,0.4
2024-06-07 18:00:00+00:00,MEMEUSDT,fresh,0.023163572182098514,0.012461331118572982,0.4
2024-06-18 01:00:00+00:00,MEMEUSDT,fresh,0.01200668498168499,0.002471336996336998,0.2
2024-08-05 00:00:00+00:00,MEMEUSDT,fresh,-0.0986045280740593,-0.07265383489455274,1.0
2024-10-01 17:00:00+00:00,MEMEUSDT,fresh,-0.027472192712701415,-0.0018346569792882404,0.8
2024-12-09 22:00:00+00:00,MEMEUSDT,fresh,-0.025516287015945337,-0.005033257403189067,0.2
2025-09-22 06:00:00+00:00,MEMEUSDT,fresh,0.003186326618088365,0.0007072653236176731,0.2
2025-10-11 01:00:00+00:00,MEMEUSDT,fresh,0.05703148788927336,0.0,0.0
2025-10-11 08:00:00+00:00,MEMEUSDT,fresh,0.004441871921182162,0.0009583743842364325,0.2
2025-12-01 21:00:00+00:00,MERLUSDT,fresh,0.20444501552259398,0.04095900310451879,0.2
2026-01-21 02:00:00+00:00,MERLUSDT,fresh,-0.017388283755738653,-0.0034076567511477306,0.2
2026-01-22 19:00:00+00:00,MERLUSDT,fresh,-0.05088146529372551,-0.014453767826335496,0.8
2024-04-12 17:00:00+00:00,METISUSDT,fresh,-0.0690255535932618,-0.04097530037564396,1.0
2024-11-26 15:00:00+00:00,METISUSDT,fresh,0.004060778086542139,0.0008821556173084279,0.2
2025-02-03 05:00:00+00:00,MEUSDT,fresh,0.051659740259740176,0.010401948051948034,0.2
2024-12-10 02:00:00+00:00,MEWUSDT,fresh,0.0293957176226317,0.017377191290342354,0.4
2023-04-19 08:00:00+00:00,MINAUSDT,fresh,0.01261308016877637,0.002592616033755274,0.2
2024-03-05 20:00:00+00:00,MINAUSDT,fresh,0.0372340416489586,0.007516808329791719,0.2
2024-04-12 17:00:00+00:00,MINAUSDT,fresh,-0.06666479859894915,-0.043361574419104654,1.0
2024-04-13 22:00:00+00:00,MINAUSDT,fresh,-0.019197066081711133,-0.0019015296801452863,0.4
2024-06-08 01:00:00+00:00,MINAUSDT,fresh,-0.01395892634207253,-0.003313542558782567,0.4
2024-06-18 12:00:00+00:00,MINAUSDT,fresh,-0.010533962264150942,0.0007473494145038677,0.6
2024-07-05 04:00:00+00:00,MINAUSDT,fresh,-0.02472948960302458,-0.006504301610651931,0.4
2024-12-10 02:00:00+00:00,MINAUSDT,fresh,0.04232017368069473,0.021672971621456726,0.4
2026-09-18 13:00:00+00:00,MINIMAXUSDT,fresh,0.01303242606647469,0.002676485213294938,0.2
2025-11-13 20:00:00+00:00,MIRAUSDT,fresh,0.022231524688008587,0.011612974318010639,0.4
2025-10-10 21:00:00+00:00,MITOUSDT,fresh,-0.02669269913699036,0.023271430354033357,0.6
2023-02-09 22:00:00+00:00,MKRUSDT,ext54,0.02334253859348211,0.0,0.0
2023-06-05 17:00:00+00:00,MKRUSDT,ext54,-0.012418446007953509,-0.0029822787076775156,0.6
2024-03-05 20:00:00+00:00,MKRUSDT,ext54,0.03393649635036488,0.006857299270072975,0.2
2024-04-12 19:00:00+00:00,MKRUSDT,ext54,0.01717259803751624,0.003504519607503248,0.2
2024-06-18 01:00:00+00:00,MKRUSDT,ext54,0.012386238532110173,0.0025472477064220345,0.2
2024-07-05 09:00:00+00:00,MKRUSDT,ext54,0.05790636439883567,0.011651272879767133,0.2
2024-08-28 01:00:00+00:00,MKRUSDT,ext54,-0.006844449619624281,-0.0012988899239248562,0.2
2025-02-03 01:00:00+00:00,MKRUSDT,ext54,0.008306165004533173,0.055823782873607966,1.0
2025-07-18 05:00:00+00:00,MKRUSDT,ext54,-0.046043265910212024,-0.027954879289710428,1.0
2025-01-25 01:00:00+00:00,MOODENGUSDT,fresh,0.009352961672474003,0.0019405923344948007,0.2
2025-02-03 00:00:00+00:00,MOODENGUSDT,fresh,-0.19486391982182627,-0.13776719765013257,1.0
2025-08-14 15:00:00+00:00,MOODENGUSDT,fresh,-0.01819927420346913,-0.0013740264462771597,0.6
2025-09-15 07:00:00+00:00,MOODENGUSDT,fresh,-0.007560950018090661,0.0009064759112116572,0.4
2024-03-06 00:00:00+00:00,MOVRUSDT,fresh,0.007229601433049616,0.017446251634558034,0.6
2024-04-12 18:00:00+00:00,MOVRUSDT,fresh,0.037111692777990084,0.007492338555598016,0.2
2026-07-30 15:00:00+00:00,MRVLUSDT,fresh,-0.00818246403865176,-0.0008160124271732957,0.4
2026-08-19 21:00:00+00:00,MRVLUSDT,fresh,-0.002720880262665603,-0.0004741760525331205,0.2
2026-04-14 00:00:00+00:00,MSTRUSDT,fresh,-0.007295879366975188,-0.0017794314365331297,0.4
2026-06-24 20:00:00+00:00,MSTRUSDT,fresh,-0.00829124544033345,-0.0009182934344683534,0.4
2026-08-19 15:00:00+00:00,MSTRUSDT,fresh,0.012335518970574378,0.006433343477154197,0.4
2023-08-15 19:00:00+00:00,MTLUSDT,fresh,0.010381820450952584,0.002146364090190517,0.2
2023-08-16 06:00:00+00:00,MTLUSDT,fresh,-0.01914845887588602,-0.0054703112314111735,0.8
2023-09-16 18:00:00+00:00,MTLUSDT,fresh,0.01447770394979685,0.009096159224643251,0.4
2023-11-09 18:00:00+00:00,MTLUSDT,fresh,0.035153208941205986,0.01819815080396171,0.4
2023-12-11 08:00:00+00:00,MTLUSDT,fresh,0.002906510579692035,0.0006513021159384071,0.2
2024-04-12 18:00:00+00:00,MTLUSDT,fresh,0.044813475097298265,0.022801411152285057,0.4
2024-06-07 18:00:00+00:00,MTLUSDT,fresh,0.013805933429812057,0.008138914507805073,0.4
2024-12-10 02:00:00+00:00,MTLUSDT,fresh,0.020624473743351513,0.025942658382328627,0.6
2025-06-21 21:00:00+00:00,MUBARAKUSDT,fresh,-0.0011,-0.00015000000000000001,0.2
2025-09-22 06:00:00+00:00,MUBARAKUSDT,fresh,-0.02860212645307637,-0.004866862852923643,0.6
2025-10-10 23:00:00+00:00,MUBARAKUSDT,fresh,0.020026760563380253,0.004075352112676051,0.2
2026-07-30 15:00:00+00:00,MUUSDT,fresh,-0.02638902580441117,-0.006762632841360144,0.6
2024-04-12 22:00:00+00:00,MYROUSDT,fresh,-0.021560016047071483,0.00896765021953278,0.6
2024-04-13 20:00:00+00:00,MYROUSDT,fresh,0.12927077928052266,0.06254839196044917,0.4
2024-07-05 02:00:00+00:00,MYROUSDT,fresh,0.0318769274057401,0.0178492279753233,0.4
2024-08-05 07:00:00+00:00,MYROUSDT,fresh,-0.08122501775820425,-0.030381435573733694,0.8
2024-12-10 00:00:00+00:00,MYROUSDT,fresh,-0.03963894143690883,0.003976814837105682,0.8
2025-08-05 09:00:00+00:00,MYXUSDT,fresh,-0.07808293823792746,-0.012485658780128934,0.6
2025-09-07 22:00:00+00:00,MYXUSDT,fresh,0.0006883589012770428,0.018475486566659732,0.6
2025-09-08 10:00:00+00:00,MYXUSDT,fresh,-0.16362329155452227,-0.07608072075547401,1.0
2025-10-11 00:00:00+00:00,MYXUSDT,fresh,0.07861274685816864,0.01579254937163373,0.2
2025-10-11 05:00:00+00:00,MYXUSDT,fresh,0.04474717607973432,0.009019435215946864,0.2
2025-10-10 21:00:00+00:00,NAORISUSDT,fresh,0.3936140381282497,0.3422074753231341,0.6
2025-10-13 23:00:00+00:00,NAORISUSDT,fresh,-0.0009265394622722902,-0.00011530789245445803,0.2
2025-11-04 23:00:00+00:00,NAORISUSDT,fresh,-0.06076587112171839,-0.012362197927425156,0.4
2026-05-01 14:00:00+00:00,NAORISUSDT,fresh,-0.1384470386686245,-0.053449435234549564,0.8
2026-05-27 16:00:00+00:00,NATGASUSDT,fresh,0.012003227868328515,0.005695077252607328,0.4
2026-06-29 14:00:00+00:00,NATGASUSDT,fresh,-0.002672821642025768,-0.00018486452243610086,0.4
2022-09-13 19:00:00+00:00,NEARUSDT,core16,-0.027775485008818223,-0.009336545940022761,0.6
2022-11-08 19:00:00+00:00,NEARUSDT,core16,0.01552156938538839,0.010535554297852523,0.4
2023-03-13 00:00:00+00:00,NEARUSDT,core16,0.003981300813008171,0.0008662601626016344,0.2
2023-06-05 16:00:00+00:00,NEARUSDT,core16,0.009747457627118695,0.002019491525423739,0.2
2023-06-10 05:00:00+00:00,NEARUSDT,core16,0.016414595496246787,0.003352919099249357,0.2
2023-11-09 18:00:00+00:00,NEARUSDT,core16,0.02431757443718229,0.013174380829924292,0.4
2023-12-21 08:00:00+00:00,NEARUSDT,core16,-0.043263153070577494,-0.01666318654886669,0.8
2024-01-03 14:00:00+00:00,NEARUSDT,core16,0.051256020942408324,0.010321204188481665,0.2
2024-04-12 19:00:00+00:00,NEARUSDT,core16,0.026248605931450942,0.0053197211862901885,0.2
2024-04-13 20:00:00+00:00,NEARUSDT,core16,0.13278466696468494,0.059575599727609785,0.4
2024-07-05 02:00:00+00:00,NEARUSDT,core16,0.026337530622244077,0.043859454711368234,0.8
2024-08-05 11:00:00+00:00,NEARUSDT,core16,0.06861080669710794,0.05731865930998248,0.6
2024-10-01 18:00:00+00:00,NEARUSDT,core16,-0.012003106356716763,-0.0017723516868355937,0.4
2024-10-25 23:00:00+00:00,NEARUSDT,core16,0.009461689870379087,0.006137293953950095,0.4
2024-12-10 02:00:00+00:00,NEARUSDT,core16,0.06662081137198515,0.031142139507286757,0.4
2025-01-20 12:00:00+00:00,NEARUSDT,core16,3.1861912846643326e-05,0.009128852585707298,0.6
2025-02-03 04:00:00+00:00,NEARUSDT,core16,0.09880173599737972,0.019830347199475944,0.2
2025-03-04 00:00:00+00:00,NEARUSDT,core16,-0.03501572456320668,-0.01236067891539032,0.8
2025-07-28 21:00:00+00:00,NEARUSDT,core16,-0.018548200654307522,-0.006253354732751997,0.6
2025-09-22 09:00:00+00:00,NEARUSDT,core16,0.033796016919280907,0.00682920338385618,0.2
2025-10-10 22:00:00+00:00,NEARUSDT,core16,0.03012398001665272,0.020016964663614058,0.4
2026-02-06 04:00:00+00:00,NEARUSDT,core16,0.0030194644696189717,0.0006738928939237944,0.2
2026-02-25 20:00:00+00:00,NEARUSDT,core16,0.05170259951259148,0.03669447159125993,0.6
2026-05-06 19:00:00+00:00,NEARUSDT,core16,0.009538297872340385,0.011645190286557144,0.6
2026-05-08 14:00:00+00:00,NEARUSDT,core16,0.003982592121982254,0.0033968345166190184,0.4
2026-08-22 14:00:00+00:00,NEARUSDT,core16,0.026500849256900206,0.014362957154920607,0.4
2026-09-12 01:00:00+00:00,NEARUSDT,core16,-0.00491841323716603,-0.0009136826474332059,0.2
2024-11-01 03:00:00+00:00,NEIROETHUSDT,fresh,-0.018979948914431676,-0.0032240205768883424,0.4
2024-12-10 00:00:00+00:00,NEIROETHUSDT,fresh,-0.05786384389942923,0.003907652925826288,0.8
2024-12-10 00:00:00+00:00,NEIROUSDT,fresh,-0.045470711955910466,0.005804818605590302,0.8
2024-12-19 03:00:00+00:00,NEIROUSDT,fresh,-0.029063057978450334,-0.00788798114319552,0.4
2025-02-03 00:00:00+00:00,NEIROUSDT,fresh,-0.2003827868852459,-0.14943533976302875,1.0
2025-02-03 06:00:00+00:00,NEIROUSDT,fresh,0.038331719338938856,0.00773634386778777,0.2
2025-02-03 11:00:00+00:00,NEIROUSDT,fresh,0.06047775255391607,0.031452173769581836,0.4
2025-04-06 20:00:00+00:00,NEIROUSDT,fresh,-0.0004618379068283098,0.009298244837748831,0.6
2025-04-07 03:00:00+00:00,NEIROUSDT,fresh,-0.0327622691292876,0.0005445510532254222,1.0
2025-10-10 21:00:00+00:00,NEIROUSDT,fresh,-0.01795731487055986,0.06992729065029502,0.8
2025-11-21 02:00:00+00:00,NEIROUSDT,fresh,0.007785298869143687,0.0016270597738287373,0.2
2022-01-22 13:00:00+00:00,NEOUSDT,ext54,-0.0325769975786926,-0.0077366533698169085,0.6
2022-05-05 18:00:00+00:00,NEOUSDT,ext54,-0.004391020216266927,0.000637131501474009,0.4
2022-05-11 23:00:00+00:00,NEOUSDT,ext54,-0.0887293553593468,-0.0351089011153345,0.6
2022-05-12 04:00:00+00:00,NEOUSDT,ext54,0.010168826525083986,0.02905750276650815,0.6
2022-05-12 09:00:00+00:00,NEOUSDT,ext54,0.03194787000439169,0.006459574000878337,0.2
2022-09-06 20:00:00+00:00,NEOUSDT,ext54,-0.0038874564459929865,0.0030043124856427407,0.6
2022-09-07 01:00:00+00:00,NEOUSDT,ext54,-0.0013343017806933912,0.009045217994601385,0.8
2023-06-10 15:00:00+00:00,NEOUSDT,ext54,0.02637698971304824,0.0053453979426096475,0.2
2023-11-09 17:00:00+00:00,NEOUSDT,ext54,0.0032478260869564964,0.006906460451115282,0.4
2023-12-11 07:00:00+00:00,NEOUSDT,ext54,0.016029356172474796,0.003275871234494959,0.2
2023-12-11 12:00:00+00:00,NEOUSDT,ext54,-0.000932299178265993,0.00568355734950991,0.6
2024-01-03 15:00:00+00:00,NEOUSDT,ext54,-0.023447266881028838,-0.005455207346181529,0.6
2024-03-05 20:00:00+00:00,NEOUSDT,ext54,0.03932882975975193,0.007935765951950386,0.2
2024-06-07 18:00:00+00:00,NEOUSDT,ext54,0.030725795644891075,0.006215159128978215,0.2
2024-12-10 02:00:00+00:00,NEOUSDT,ext54,0.04113986425065141,0.02125194998146914,0.4
2025-02-03 00:00:00+00:00,NEOUSDT,ext54,-0.1372136571952337,-0.10010988543436072,1.0
2024-03-05 20:00:00+00:00,NFPUSDT,fresh,0.06034997729680646,0.012139995459361291,0.2
2024-03-06 01:00:00+00:00,NFPUSDT,fresh,0.042760914730919024,0.02230785688267415,0.4
2024-04-12 18:00:00+00:00,NFPUSDT,fresh,0.07944415892895683,0.015958831785791366,0.2
2024-04-13 22:00:00+00:00,NFPUSDT,fresh,0.01835426983324916,0.003740853966649832,0.2
2024-06-07 18:00:00+00:00,NFPUSDT,fresh,0.026007790821771615,0.013964583896593974,0.4
2024-12-09 22:00:00+00:00,NFPUSDT,fresh,-0.01886807980049866,-0.003703615960099732,0.2
2026-07-02 00:00:00+00:00,NFPUSDT,fresh,0.28844372623574144,0.05775874524714829,0.2
2024-04-12 18:00:00+00:00,NKNUSDT,fresh,0.034288701457181874,0.006927740291436374,0.2
2025-11-03 05:00:00+00:00,NMRUSDT,fresh,-0.006921580846179009,0.00039350354450130593,0.4
2026-04-02 09:00:00+00:00,NOMUSDT,fresh,0.18509955482434926,0.08340462641617988,0.4
2024-08-05 07:00:00+00:00,NOTUSDT,fresh,-0.0785876795638041,-0.03157825726765779,1.0
2024-10-01 17:00:00+00:00,NOTUSDT,fresh,-0.007993860561914656,0.0057303598364544855,0.6
2024-12-09 21:00:00+00:00,NOTUSDT,fresh,-0.007115430887929885,0.04965215935862165,1.0
2025-01-20 02:00:00+00:00,NOTUSDT,fresh,0.0758683879835068,0.01524367759670136,0.2
2025-02-03 09:00:00+00:00,NOTUSDT,fresh,0.016823823749066647,0.0034347647498133294,0.2
2024-03-05 20:00:00+00:00,NTRNUSDT,fresh,0.05303262099308614,0.010676524198617227,0.2
2024-03-06 02:00:00+00:00,NTRNUSDT,fresh,0.0631542333565299,0.012700846671305981,0.2
2026-07-10 19:00:00+00:00,NVDAUSDT,fresh,0.0006055144968732838,0.00019110289937465677,0.2
2026-08-27 08:00:00+00:00,NVDAUSDT,fresh,0.01704809908597159,0.003479619817194318,0.2
2025-06-13 18:00:00+00:00,NXPCUSDT,fresh,0.025918791264601383,0.005253758252920277,0.2
2023-03-13 00:00:00+00:00,OCEANUSDT,fresh,0.025640799576383422,0.005198159915276684,0.2
2023-08-16 02:00:00+00:00,OCEANUSDT,fresh,-0.014310445468510024,-0.004675131517097913,0.6
2023-08-18 01:00:00+00:00,OCEANUSDT,fresh,0.02236938775510221,0.004543877551020442,0.2
2023-11-09 18:00:00+00:00,OCEANUSDT,fresh,0.02603987473903967,0.01402856883279543,0.4
2024-01-03 13:00:00+00:00,OCEANUSDT,fresh,-0.006685392051557614,0.0006470826279577071,0.4
2024-02-19 03:00:00+00:00,OCEANUSDT,fresh,0.026773673443293722,0.013857295884075239,0.4
2024-04-12 21:00:00+00:00,OCEANUSDT,fresh,-0.04236185849811414,-0.013869123219699846,0.6
2024-06-07 18:00:00+00:00,OCEANUSDT,fresh,0.03001111111111109,0.015005079354491812,0.4
2024-06-12 17:00:00+00:00,OCEANUSDT,fresh,0.03379315661347026,0.006828631322694051,0.2
2024-06-18 03:00:00+00:00,OCEANUSDT,fresh,-0.01224527286702538,-0.0023790545734050763,0.2
2022-03-15 04:00:00+00:00,OGNUSDT,fresh,-0.10420928212162774,-0.06051653694335714,1.0
2022-05-11 13:00:00+00:00,OGNUSDT,fresh,-0.08247044967880092,-0.020876388711847743,0.6
2022-08-19 06:00:00+00:00,OGNUSDT,fresh,0.006090265486725744,0.0012880530973451488,0.2
2024-04-12 19:00:00+00:00,OGNUSDT,fresh,0.011795662368112681,0.0024291324736225362,0.2
2024-04-13 22:00:00+00:00,OGNUSDT,fresh,0.005255932203389702,0.008438632000818302,0.4
2025-09-17 07:00:00+00:00,OGUSDT,fresh,0.06395873357892544,0.08101282502651502,0.8
2025-10-28 16:00:00+00:00,OGUSDT,fresh,0.008753603603603433,0.0018207207207206865,0.2
2023-06-10 13:00:00+00:00,OMGUSDT,fresh,0.03125014272121784,0.016081612968912674,0.4
2024-06-07 18:00:00+00:00,OMNIUSDT,fresh,0.023097247706421842,0.013104163511755218,0.4
2024-06-18 01:00:00+00:00,OMNIUSDT,fresh,0.02013636363636372,0.004097272727272744,0.2
2024-12-09 22:00:00+00:00,OMNIUSDT,fresh,-0.012850095529231897,-0.0025000191058463794,0.2
2025-02-03 05:00:00+00:00,OMNIUSDT,fresh,0.022099999999999887,0.0044899999999999775,0.2
2024-06-04 07:00:00+00:00,OMUSDT,fresh,0.0369789967058226,0.00746579934116452,0.2
2025-10-10 21:00:00+00:00,OMUSDT,fresh,-0.06861205572423647,-0.009162773231023621,0.6
2024-04-12 18:00:00+00:00,ONDOUSDT,fresh,0.0489902527075815,0.009868050541516299,0.2
2024-06-14 17:00:00+00:00,ONDOUSDT,fresh,0.03510025673940952,0.007090051347881904,0.2
2024-07-05 03:00:00+00:00,ONDOUSDT,fresh,0.011540747822392217,0.008896880271059582,0.4
2024-08-05 05:00:00+00:00,ONDOUSDT,fresh,-0.04902658055744392,-0.0026959378202173045,1.0
2024-10-01 19:00:00+00:00,ONDOUSDT,fresh,0.004059670896667245,0.004411231191692633,0.4
2024-10-26 01:00:00+00:00,ONDOUSDT,fresh,0.01428916839301585,0.00292783367860317,0.2
2025-02-03 02:00:00+00:00,ONDOUSDT,fresh,0.08953581708872292,0.017977163417744586,0.2
2025-06-13 04:00:00+00:00,ONDOUSDT,fresh,-0.0007144454440303307,0.0018903270689386465,0.4
2025-10-10 21:00:00+00:00,ONDOUSDT,fresh,0.12821726907630515,0.2460818421647495,1.0
2026-01-29 18:00:00+00:00,ONDOUSDT,fresh,0.0245576810652811,0.00498153621305622,0.2
2026-05-23 01:00:00+00:00,ONDOUSDT,fresh,0.0002031013812874192,0.00011062027625748384,0.2
2026-07-18 11:00:00+00:00,ONDOUSDT,fresh,-0.013029007855688068,-0.002811099800774264,0.4
2026-08-22 10:00:00+00:00,ONDOUSDT,fresh,-0.004903314316761619,-0.0009106628633523238,0.2
2022-03-01 05:00:00+00:00,ONEUSDT,fresh,-0.02671620854303781,-0.008060325628917437,0.6
2022-03-31 22:00:00+00:00,ONEUSDT,fresh,-0.0040531192321888836,0.001122114140746511,0.4
2022-05-01 01:00:00+00:00,ONEUSDT,fresh,0.032730580713905215,0.006616116142781042,0.2
2022-05-11 11:00:00+00:00,ONEUSDT,fresh,-0.13534556213017757,-0.08185525218380676,1.0
2022-11-10 00:00:00+00:00,ONEUSDT,fresh,0.03242353780313844,0.018845711261678368,0.4
2023-03-12 23:00:00+00:00,ONEUSDT,fresh,1.172873818787814e-05,0.006162830449664564,0.6
2024-01-03 12:00:00+00:00,ONEUSDT,fresh,-0.013835326688815163,0.00248625374323454,0.6
2024-03-05 20:00:00+00:00,ONEUSDT,fresh,0.0626560637560639,0.012601212751212782,0.2
2024-12-10 02:00:00+00:00,ONEUSDT,fresh,0.050546028390214263,0.025838949188493974,0.4
2025-02-03 03:00:00+00:00,ONEUSDT,fresh,0.08819946112394149,0.042919107492779635,0.4
2026-08-26 22:00:00+00:00,ONGUSDT,fresh,0.44231391718615376,0.08853278343723076,0.2
2022-01-22 17:00:00+00:00,ONTUSDT,fresh,0.03235388788426762,0.017363332747896153,0.4
2024-06-07 18:00:00+00:00,ONTUSDT,fresh,0.006523007623007494,0.005212086859067766,0.4
2024-12-09 22:00:00+00:00,ONTUSDT,fresh,-0.03481592539454815,-0.009531676630160557,0.4
2025-09-25 04:00:00+00:00,ONTUSDT,fresh,0.009052284263959421,0.0018804568527918842,0.2
2025-10-10 21:00:00+00:00,OPENUSDT,fresh,0.016801234567901047,0.017929183535520164,0.4
2026-06-05 19:00:00+00:00,OPNUSDT,fresh,-0.009307343412527046,-0.0017914686825054094,0.2
2022-11-08 23:00:00+00:00,OPUSDT,ext54,-0.03899212133761255,-0.005729266184186549,0.6
2023-03-12 21:00:00+00:00,OPUSDT,ext54,-0.0871142075019228,-0.05642890203584001,1.0
2023-10-24 04:00:00+00:00,OPUSDT,ext54,-0.003404977310379597,0.0006978471900052412,0.4
2024-02-21 11:00:00+00:00,OPUSDT,ext54,-0.0031499084374232537,0.001179423107830735,0.4
2024-04-12 19:00:00+00:00,OPUSDT,ext54,0.02407066633161602,0.004884133266323204,0.2
2024-04-13 19:00:00+00:00,OPUSDT,ext54,0.019946534079938173,0.064256518793985,1.0
2024-06-07 18:00:00+00:00,OPUSDT,ext54,0.022160007212405398,0.01162649560324357,0.4
2024-07-05 03:00:00+00:00,OPUSDT,ext54,0.011474195563886281,0.008472448621771688,0.4
2024-08-05 01:00:00+00:00,OPUSDT,ext54,-0.021743955483816146,0.005093078911461779,0.8
2024-10-25 23:00:00+00:00,OPUSDT,ext54,0.011930361383914224,0.0071458858887990424,0.4
2024-12-10 02:00:00+00:00,OPUSDT,ext54,0.03758162050812552,0.019389514676200214,0.4
2025-02-03 03:00:00+00:00,OPUSDT,ext54,0.2227397548161122,0.044617950963222436,0.2
2025-04-07 06:00:00+00:00,OPUSDT,ext54,0.05845603681645894,0.011761207363291786,0.2
2025-04-09 18:00:00+00:00,OPUSDT,ext54,-0.0036575447570334034,0.0008083364158906318,0.4
2025-09-22 08:00:00+00:00,OPUSDT,ext54,-0.005762333992653256,-0.0003077309820650572,0.4
2025-10-10 22:00:00+00:00,OPUSDT,ext54,0.05317666314677926,0.010705332629355852,0.2
2026-01-19 00:00:00+00:00,OPUSDT,ext54,0.015341959881617896,0.003138391976323579,0.2
2026-04-16 19:00:00+00:00,OPUSDT,ext54,-0.0011,-0.00015000000000000001,0.2
2025-02-03 02:00:00+00:00,ORCAUSDT,fresh,0.084109003215434,0.0168918006430868,0.2
2025-05-31 00:00:00+00:00,ORCAUSDT,fresh,0.03332817570241386,0.006735635140482771,0.2
2024-03-05 21:00:00+00:00,ORDIUSDT,fresh,0.0009415564181430756,0.0002583112836286151,0.2
2024-04-12 18:00:00+00:00,ORDIUSDT,fresh,0.04979922533528979,0.010029845067057957,0.2
2024-04-13 20:00:00+00:00,ORDIUSDT,fresh,0.08947979648738179,0.04434031666936457,0.4
2024-12-03 15:00:00+00:00,ORDIUSDT,fresh,0.022803278785840087,0.02428610898638281,0.6
2024-12-09 22:00:00+00:00,ORDIUSDT,fresh,-0.028603974562798184,-0.00598703066850802,0.4
2024-12-19 06:00:00+00:00,ORDIUSDT,fresh,0.005571067718286405,0.001184213543657281,0.2
2025-02-03 02:00:00+00:00,ORDIUSDT,fresh,0.0833214726151613,0.01673429452303226,0.2
2025-02-03 11:00:00+00:00,ORDIUSDT,fresh,0.07000852970461345,0.03491821178412981,0.4
2025-10-10 21:00:00+00:00,ORDIUSDT,fresh,0.09879023051591661,0.10924959354086058,0.6
2025-10-10 03:00:00+00:00,PAXGUSDT,fresh,0.0008519886356480497,0.0009496270354684924,0.4
2025-10-17 05:00:00+00:00,PAXGUSDT,fresh,0.006097255947182346,0.0012894511894364692,0.2
2026-01-26 22:00:00+00:00,PAXGUSDT,fresh,0.0140804740877437,0.00288609481754874,0.2
2026-02-02 05:00:00+00:00,PAXGUSDT,fresh,0.031077905158482955,0.034441798853351656,0.8
2024-07-05 01:00:00+00:00,PENDLEUSDT,fresh,-0.025293106471587456,0.011061631315550519,1.0
2024-12-10 02:00:00+00:00,PENDLEUSDT,fresh,0.06305598001551159,0.051356544155374245,0.6
2025-04-03 06:00:00+00:00,PENDLEUSDT,fresh,-0.05131594570507992,-0.02412173200852008,0.8
2025-10-10 22:00:00+00:00,PENDLEUSDT,fresh,0.04427892260914456,0.00892578452182891,0.2
2025-09-22 07:00:00+00:00,PENGUUSDT,fresh,-0.019264623010696657,-0.004583636736661673,0.6
2025-10-10 20:00:00+00:00,PENGUUSDT,fresh,-0.03539177468772104,-0.0008266823908842525,1.0
2026-03-18 14:00:00+00:00,PENGUUSDT,fresh,0.011745039628313737,0.0024190079256627473,0.2
2026-04-12 08:00:00+00:00,PENGUUSDT,fresh,-0.014736363636363558,-0.00404883735544469,0.4
2026-09-22 19:00:00+00:00,PENGUUSDT,fresh,0.008746396218983755,0.01416638227487827,0.6
2022-04-30 23:00:00+00:00,PEOPLEUSDT,fresh,0.0193310103554437,0.01167943614158361,0.4
2022-11-08 21:00:00+00:00,PEOPLEUSDT,fresh,0.012044058885383725,0.002478811777076745,0.2
2024-04-12 18:00:00+00:00,PEOPLEUSDT,fresh,0.02909744483159137,0.005889488966318274,0.2
2024-04-14 00:00:00+00:00,PEOPLEUSDT,fresh,0.06882022524636332,0.013834045049272664,0.2
2024-12-09 21:00:00+00:00,PEOPLEUSDT,fresh,0.013197589359933527,0.07115806640796712,1.0
2025-02-02 23:00:00+00:00,PEOPLEUSDT,fresh,-0.18776049096804082,-0.14738701059381568,1.0
2024-03-05 20:00:00+00:00,PERPUSDT,fresh,0.06095913252288764,0.012261826504577527,0.2
2024-04-12 19:00:00+00:00,PERPUSDT,fresh,0.00607803188381616,0.001285606376763232,0.2
2024-04-13 21:00:00+00:00,PERPUSDT,fresh,0.04346136583270687,0.008762273166541374,0.2
2024-04-12 18:00:00+00:00,PHBUSDT,fresh,0.029216919853326407,0.005913383970665281,0.2
2024-04-13 21:00:00+00:00,PHBUSDT,fresh,0.0656194928684629,0.01319389857369258,0.2
2024-12-09 23:00:00+00:00,PHBUSDT,fresh,-0.017208452950558183,0.004731585591004233,0.6
2025-10-29 00:00:00+00:00,PHBUSDT,fresh,-0.039761710037174776,-0.005553463728641417,0.4
2026-01-08 05:00:00+00:00,PIEVERSEUSDT,fresh,0.1447024325126075,0.0290104865025215,0.2
2026-06-04 02:00:00+00:00,PIEVERSEUSDT,fresh,0.0343934737806274,0.006948694756125478,0.2
2026-06-04 09:00:00+00:00,PIEVERSEUSDT,fresh,0.02238548717331078,0.004547097434662156,0.2
2024-04-12 18:00:00+00:00,PIXELUSDT,fresh,0.014595067264574147,0.01142193237730954,0.4
2024-04-13 20:00:00+00:00,PIXELUSDT,fresh,0.10060916223031656,0.08674163287069285,0.6
2024-06-07 18:00:00+00:00,PIXELUSDT,fresh,0.03133117125524964,0.016426481967887707,0.4
2024-06-08 04:00:00+00:00,PIXELUSDT,fresh,-0.008195445181963811,-0.0015690890363927624,0.2
2024-06-18 02:00:00+00:00,PIXELUSDT,fresh,0.005189308176100627,0.0011078616352201255,0.2
2024-08-05 06:00:00+00:00,PIXELUSDT,fresh,0.023992936802973975,0.004868587360594795,0.2
2024-10-26 02:00:00+00:00,PIXELUSDT,fresh,0.04599677419354841,0.009269354838709682,0.2
2024-12-09 21:00:00+00:00,PIXELUSDT,fresh,0.03613594701038313,0.08720497846207612,1.0
2024-12-10 02:00:00+00:00,PIXELUSDT,fresh,0.04763712045226597,0.024769258470450518,0.4
2025-10-10 21:00:00+00:00,PLUMEUSDT,fresh,0.20672772175696463,0.1801233668693657,0.6
2025-10-11 06:00:00+00:00,PLUMEUSDT,fresh,0.14022104454685114,0.028114208909370227,0.2
2024-12-19 06:00:00+00:00,PNUTUSDT,fresh,-0.0010136122423792906,0.003462970709816349,0.4
2025-01-20 07:00:00+00:00,PNUTUSDT,fresh,-0.024561988304093518,-0.0041530630500499766,0.4
2025-02-01 23:00:00+00:00,PNUTUSDT,fresh,0.010532591398932357,0.0021765182797864715,0.2
2025-03-14 16:00:00+00:00,PNUTUSDT,fresh,0.005079000903084763,0.005269706208282722,0.4
2025-09-22 11:00:00+00:00,PNUTUSDT,fresh,-0.002856968517023672,-0.0005013937034047342,0.2
2025-10-10 23:00:00+00:00,PNUTUSDT,fresh,0.046861092405536924,0.009442218481107384,0.2
2024-10-25 23:00:00+00:00,POLUSDT,fresh,0.011648756218905477,0.006609808563586095,0.4
2024-12-10 02:00:00+00:00,POLUSDT,fresh,0.049873602955612266,0.024562435279797748,0.4
2025-01-27 06:00:00+00:00,POLUSDT,fresh,-0.035146000147278984,-0.021079918987354056,1.0
2025-02-02 22:00:00+00:00,POLUSDT,fresh,-0.1868820189653102,-0.16035745133395232,1.0
2025-02-03 08:00:00+00:00,POLUSDT,fresh,0.013407023762636128,0.0027514047525272257,0.2
2025-03-28 09:00:00+00:00,POLUSDT,fresh,-0.014265292353823022,-0.003911373040972582,0.6
2025-06-13 01:00:00+00:00,POLUSDT,fresh,0.03206115702479339,0.015271604036643993,0.4
2025-10-10 21:00:00+00:00,POLUSDT,fresh,0.08132011766062984,0.1099857010590724,0.8
2024-06-14 20:00:00+00:00,POLYXUSDT,fresh,0.008970921985815495,0.005929594843686303,0.4
2024-12-19 03:00:00+00:00,POPCATUSDT,fresh,-0.02588223530855106,-0.005643589773058465,0.4
2025-02-03 02:00:00+00:00,POPCATUSDT,fresh,0.10152130507529288,0.020374261015058577,0.2
2025-08-14 17:00:00+00:00,POPCATUSDT,fresh,-0.021385999334885396,-0.003440254139919336,0.6
2025-10-10 23:00:00+00:00,POPCATUSDT,fresh,0.026788446215139417,0.005427689243027884,0.2
2025-11-12 16:00:00+00:00,POPCATUSDT,fresh,-0.009248148148148238,-0.0017796296296296477,0.2
2024-04-12 18:00:00+00:00,PORTALUSDT,fresh,0.04446288962229571,0.008962577924459142,0.2
2024-06-07 19:00:00+00:00,PORTALUSDT,fresh,0.020853245520351272,0.004240649104070254,0.2
2024-12-09 21:00:00+00:00,PORTALUSDT,fresh,0.050094539249146856,0.10812814360869638,1.0
2024-12-10 02:00:00+00:00,PORTALUSDT,fresh,0.04804675767918087,0.025180507395372864,0.4
2026-02-13 20:00:00+00:00,POWERUSDT,fresh,-0.00659748634670344,-0.0012494972693406878,0.2
2026-02-26 08:00:00+00:00,POWERUSDT,fresh,-0.24539138744105238,-0.11763165816777642,1.0
2024-04-12 17:00:00+00:00,POWRUSDT,fresh,-0.06911216477743988,-0.044971633431234684,1.0
2025-09-22 09:00:00+00:00,PROVEUSDT,fresh,0.006809467023606842,0.0014318934047213685,0.2
2025-10-10 21:00:00+00:00,PROVEUSDT,fresh,-0.08135217243141936,-0.027462810205532193,0.6
2025-10-13 01:00:00+00:00,PTBUSDT,fresh,0.017037847642079707,0.0034775695284159414,0.2
2025-09-22 18:00:00+00:00,PUMPBTCUSDT,fresh,0.7595608695652174,0.15198217391304347,0.2
2025-09-23 01:00:00+00:00,PUMPBTCUSDT,fresh,-0.1283111722386796,-0.025592234447735923,0.2
2025-10-10 21:00:00+00:00,PUMPUSDT,fresh,-0.09619056244041947,-0.02831697689750528,0.6
2025-10-11 06:00:00+00:00,PUMPUSDT,fresh,0.03383670886075928,0.006837341772151856,0.2
2026-06-06 04:00:00+00:00,PUMPUSDT,fresh,0.07286226415094342,0.014642452830188685,0.2
2026-07-15 06:00:00+00:00,PUMPUSDT,fresh,0.0019525030525030416,0.003706098612071307,0.4
2026-08-20 15:00:00+00:00,PUMPUSDT,fresh,-0.0016465974309921685,0.008418881548075836,0.6
2024-01-03 14:00:00+00:00,PYTHUSDT,fresh,-0.051723885918003705,-0.01470379904980455,0.6
2024-03-06 00:00:00+00:00,PYTHUSDT,fresh,0.024471087623593502,0.01467586060279068,0.4
2024-04-13 20:00:00+00:00,PYTHUSDT,fresh,0.08912107149970137,0.04222060866370102,0.4
2024-05-21 01:00:00+00:00,PYTHUSDT,fresh,0.01052557626778915,0.00217511525355783,0.2
2024-06-07 19:00:00+00:00,PYTHUSDT,fresh,0.024068958284782272,0.004883791656956455,0.2
2024-07-05 03:00:00+00:00,PYTHUSDT,fresh,0.050510239471511,0.024414939885304424,0.4
2024-10-26 01:00:00+00:00,PYTHUSDT,fresh,0.009981162024558333,0.0020662324049116666,0.2
2024-12-09 21:00:00+00:00,PYTHUSDT,fresh,0.011066817326720647,0.054414199143213195,1.0
2025-02-03 06:00:00+00:00,PYTHUSDT,fresh,0.026649229188078095,0.005399845837615619,0.2
2025-10-10 21:00:00+00:00,PYTHUSDT,fresh,0.04057875447248815,0.056564720994906614,0.6
2024-04-12 22:00:00+00:00,QNTUSDT,fresh,-0.002162288749396401,0.0018407106157260046,0.4
2026-09-27 23:00:00+00:00,QNTUSDT,fresh,0.0969296254891001,0.08348379156401128,0.6
2026-09-28 05:00:00+00:00,QNTUSDT,fresh,0.19191663419751237,0.0851175199696862,0.4
2026-07-30 22:00:00+00:00,QQQUSDT,fresh,-0.0022328482419066258,0.00040411641626826914,0.6
2022-05-11 22:00:00+00:00,QTUMUSDT,fresh,-0.058364316079019825,-0.017145301693384244,0.6
2023-02-10 01:00:00+00:00,QTUMUSDT,fresh,0.0007241517694270736,0.00021483035388541473,0.2
2023-11-05 12:00:00+00:00,QTUMUSDT,fresh,0.06393327283726556,0.012856654567453113,0.2
2023-12-11 02:00:00+00:00,QTUMUSDT,fresh,0.006861783439490499,0.0014423566878981,0.2
2024-01-03 13:00:00+00:00,QTUMUSDT,fresh,0.011114218603194604,0.008374030069101679,0.4
2024-04-12 21:00:00+00:00,QTUMUSDT,fresh,-0.07545344827586199,-0.03293147765199082,0.8
2024-12-09 22:00:00+00:00,QTUMUSDT,fresh,-0.03462659440383165,-0.009139294882323245,0.4
2024-04-12 20:00:00+00:00,RADUSDT,fresh,0.004969409140426529,0.006050056331210397,0.4
2024-10-26 02:00:00+00:00,RAREUSDT,fresh,0.012942126379137487,0.0026584252758274974,0.2
2024-12-09 21:00:00+00:00,RAREUSDT,fresh,0.021201136363636287,0.04732630415711727,0.8
2026-04-10 21:00:00+00:00,RAVEUSDT,fresh,-0.1633506529391725,-0.05903429441748889,1.0
2026-04-12 17:00:00+00:00,RAVEUSDT,fresh,-0.3955068838352799,-0.2974408377729515,1.0
2026-05-28 03:00:00+00:00,RAVEUSDT,fresh,0.013066854058916156,0.033007669388137616,0.8
2023-06-05 15:00:00+00:00,RDNTUSDT,fresh,-0.0044003300330033406,0.018441312645764416,1.0
2023-08-21 16:00:00+00:00,RDNTUSDT,fresh,0.01634439598778902,0.0033388791975578038,0.2
2024-04-12 18:00:00+00:00,RDNTUSDT,fresh,0.020074951581665713,0.004084990316333142,0.2
2024-12-09 23:00:00+00:00,RDNTUSDT,fresh,-0.02981664548919961,0.00476368337102635,0.8
2022-01-22 05:00:00+00:00,REEFUSDT,fresh,-0.08542895260852258,-0.053610491209129175,1.0
2022-01-22 15:00:00+00:00,REEFUSDT,fresh,-0.0011,-0.00015000000000000001,0.2
2022-02-11 22:00:00+00:00,REEFUSDT,fresh,0.025458789904142177,0.005161757980828435,0.2
2022-04-30 23:00:00+00:00,REEFUSDT,fresh,0.07935486851457006,0.03503314799595919,0.4
2022-05-11 12:00:00+00:00,REEFUSDT,fresh,0.07375191168551419,0.014820382337102839,0.2
2022-11-08 19:00:00+00:00,REEFUSDT,fresh,-0.042918571734934526,-0.01050361942816721,0.4
2024-04-12 18:00:00+00:00,REEFUSDT,fresh,-0.002755629139072912,0.0035817385514579914,0.4
2024-10-25 23:00:00+00:00,RENDERUSDT,fresh,0.029512244897959106,0.014538415264316306,0.4
2024-12-05 12:00:00+00:00,RENDERUSDT,fresh,0.0033505983582237005,0.0007401196716447402,0.2
2025-02-02 21:00:00+00:00,RENDERUSDT,fresh,-0.19138425965210015,-0.16536710821118608,1.0
2025-09-22 07:00:00+00:00,RENDERUSDT,fresh,-0.004894037940379358,0.0018567020151328778,0.6
2025-10-10 23:00:00+00:00,RENDERUSDT,fresh,0.06544991243432584,0.013159982486865169,0.2
2026-05-23 03:00:00+00:00,RENDERUSDT,fresh,-0.0435274973147154,-0.02637147833439843,1.0
2022-01-21 22:00:00+00:00,RENUSDT,fresh,0.016054687962141368,0.010370761552227992,0.4
2022-01-22 03:00:00+00:00,RENUSDT,fresh,-0.14606169711255146,-0.1130972902679902,1.0
2022-05-11 15:00:00+00:00,RENUSDT,fresh,-0.10908898071625352,-0.044312518854748933,0.8
2023-06-06 02:00:00+00:00,RENUSDT,fresh,-0.01668990619632694,-0.00292322760101843,0.4
2023-06-10 06:00:00+00:00,RENUSDT,fresh,0.0008271198318149273,0.00023542396636298547,0.2
2023-06-10 14:00:00+00:00,RENUSDT,fresh,-0.01731338912133896,-0.002404018751145009,0.4
2023-07-24 09:00:00+00:00,RENUSDT,fresh,-0.009179847908745164,-0.0014433342371161005,0.4
2024-01-03 16:00:00+00:00,RENUSDT,fresh,0.007380000000000043,0.0015460000000000087,0.2
2024-04-12 20:00:00+00:00,RENUSDT,fresh,-0.019292074460583796,-0.003453187664898627,0.4
2024-06-07 19:00:00+00:00,REZUSDT,fresh,0.018735841313269542,0.0038171682626539083,0.2
2024-08-05 01:00:00+00:00,REZUSDT,fresh,-0.052806308169596756,-0.014324780990329187,0.8
2024-10-02 18:00:00+00:00,REZUSDT,fresh,0.013488494357280268,0.0027676988714560534,0.2
2024-10-02 23:00:00+00:00,REZUSDT,fresh,0.013084397163120588,0.0026868794326241176,0.2
2024-01-10 15:00:00+00:00,RIFUSDT,fresh,0.010093064182194678,0.0020886128364389356,0.2
2024-01-10 22:00:00+00:00,RIFUSDT,fresh,0.04910820939916715,0.025204626395223882,0.4
2024-04-02 11:00:00+00:00,RIFUSDT,fresh,0.05726939992981649,0.011523879985963298,0.2
2024-04-14 00:00:00+00:00,RIFUSDT,fresh,0.05138722774939485,0.010347445549878969,0.2
2026-01-22 22:00:00+00:00,RIVERUSDT,fresh,0.22510618168111574,0.045091236336223146,0.2
2023-06-10 11:00:00+00:00,RLCUSDT,fresh,-0.03223855788466557,-0.009571200617520021,0.6
2024-03-05 20:00:00+00:00,RLCUSDT,fresh,0.05892881383063863,0.011855762766127726,0.2
2024-04-12 18:00:00+00:00,RLCUSDT,fresh,0.019283420474350266,0.003926684094870053,0.2
2023-08-15 20:00:00+00:00,RNDRUSDT,fresh,-0.01690882352941171,-0.005291053250853644,0.6
2023-08-17 21:00:00+00:00,RNDRUSDT,fresh,0.038219333816075333,0.007713866763215066,0.2
2023-11-09 18:00:00+00:00,RNDRUSDT,fresh,0.0345632064590543,0.00698264129181086,0.2
2024-03-05 19:00:00+00:00,RNDRUSDT,fresh,0.10952588629624858,0.021975177259249717,0.2
2024-04-12 18:00:00+00:00,RNDRUSDT,fresh,0.11565287080355079,0.02320057416071016,0.2
2024-06-07 18:00:00+00:00,RNDRUSDT,fresh,0.02718306662662494,0.013791043283066273,0.4
2024-06-07 23:00:00+00:00,RNDRUSDT,fresh,-0.0038567482900849874,-0.0007013496580169974,0.2
2024-07-05 07:00:00+00:00,RNDRUSDT,fresh,0.06532204827136333,0.030340268628075696,0.4
2024-03-16 19:00:00+00:00,RONINUSDT,fresh,0.0061483221476509205,0.005640583674943368,0.4
2024-04-12 19:00:00+00:00,RONINUSDT,fresh,0.04251778767437286,0.00857355753487457,0.2
2024-04-13 20:00:00+00:00,RONINUSDT,fresh,0.05559628045858377,0.026856996323113568,0.4
2022-11-08 05:00:00+00:00,ROSEUSDT,fresh,0.020103155818540375,0.004090631163708075,0.2
2022-11-09 02:00:00+00:00,ROSEUSDT,fresh,0.008734848766004933,0.0018169697532009865,0.2
2023-01-25 00:00:00+00:00,ROSEUSDT,fresh,0.011121565148827107,0.01349396300766143,0.6
2023-04-19 08:00:00+00:00,ROSEUSDT,fresh,0.005862818548948535,0.001242563709789707,0.2
2023-04-19 17:00:00+00:00,ROSEUSDT,fresh,-0.011573397570171628,0.004536151795284771,0.8
2023-06-05 18:00:00+00:00,ROSEUSDT,fresh,0.022091823899371133,0.004488364779874227,0.2
2023-11-09 18:00:00+00:00,ROSEUSDT,fresh,0.03635203376822715,0.01817703821441269,0.4
2024-03-05 19:00:00+00:00,ROSEUSDT,fresh,0.12632423125138248,0.025334846250276495,0.2
2024-04-12 19:00:00+00:00,ROSEUSDT,fresh,-0.013570542026708498,-0.0009172572526340182,0.4
2024-04-13 23:00:00+00:00,ROSEUSDT,fresh,-0.002697808719470462,0.004714899065956446,0.4
2024-06-07 21:00:00+00:00,ROSEUSDT,fresh,0.005160933615689135,0.001102186723137827,0.2
2024-12-09 22:00:00+00:00,ROSEUSDT,fresh,-0.0070501322251606095,-0.0013400264450321219,0.2
2022-11-08 23:00:00+00:00,RSRUSDT,fresh,-0.00866027789129543,0.0035443388788793384,0.4
2024-04-13 00:00:00+00:00,RSRUSDT,fresh,0.008790444309190504,0.01881073869034024,0.6
2024-06-07 21:00:00+00:00,RSRUSDT,fresh,-0.0051249826509367595,0.000885810045478619,0.4
2025-02-03 05:00:00+00:00,RSRUSDT,fresh,0.024319484097169986,0.004933896819433997,0.2
2022-05-11 15:00:00+00:00,RUNEUSDT,ext54,-0.11294573002754817,-0.04320695910508268,0.6
2022-05-11 21:00:00+00:00,RUNEUSDT,ext54,0.009745295055821546,0.002019059011164309,0.2
2022-05-12 02:00:00+00:00,RUNEUSDT,ext54,-0.13397174414770852,-0.05499119711671039,0.8
2022-11-08 19:00:00+00:00,RUNEUSDT,ext54,0.009285756676557944,0.00816790208453454,0.4
2022-11-09 23:00:00+00:00,RUNEUSDT,ext54,0.054239805825242564,0.010917961165048512,0.2
2022-12-16 23:00:00+00:00,RUNEUSDT,ext54,-0.004132600454890067,0.0028572296005219882,0.6
2023-01-25 00:00:00+00:00,RUNEUSDT,ext54,-0.002293317422434337,0.00165731742061791,0.4
2023-03-03 03:00:00+00:00,RUNEUSDT,ext54,0.004912024048096087,0.0010524048096192174,0.2
2023-03-13 07:00:00+00:00,RUNEUSDT,ext54,0.025645913818722155,0.005199182763744431,0.2
2023-04-19 09:00:00+00:00,RUNEUSDT,ext54,0.00209284802043418,0.0004885696040868361,0.2
2023-08-29 22:00:00+00:00,RUNEUSDT,ext54,0.02485797280593326,0.020533435661566415,0.6
2024-01-03 18:00:00+00:00,RUNEUSDT,ext54,-0.0018483629560336436,-0.0002996725912067287,0.2
2024-02-28 21:00:00+00:00,RUNEUSDT,ext54,0.014746257585974355,0.003019251517194871,0.2
2024-03-05 19:00:00+00:00,RUNEUSDT,ext54,0.04460608731297421,0.008991217462594842,0.2
2024-04-12 18:00:00+00:00,RUNEUSDT,ext54,0.0072362278568948064,0.0015172455713789615,0.2
2024-04-13 20:00:00+00:00,RUNEUSDT,ext54,0.059043822183482246,0.011878764436696448,0.2
2024-06-07 23:00:00+00:00,RUNEUSDT,ext54,-0.011357333093395827,-0.0022686995115722584,0.4
2024-07-05 03:00:00+00:00,RUNEUSDT,ext54,0.0007808777429468736,0.0036640435084725033,0.4
2024-10-01 16:00:00+00:00,RUNEUSDT,ext54,-0.03766998738965955,-0.015650374336909276,1.0
2024-12-09 22:00:00+00:00,RUNEUSDT,ext54,-0.022689636974252313,-0.004467927394850463,0.2
2022-11-08 19:00:00+00:00,RVNUSDT,fresh,0.038867037494849536,0.0206596055651883,0.4
2023-01-21 00:00:00+00:00,RVNUSDT,fresh,0.00024453781512600117,0.00011890756302520024,0.2
2024-12-09 22:00:00+00:00,RVNUSDT,fresh,-0.02890996523754342,-0.006834718616715485,0.4
2024-12-10 07:00:00+00:00,RVNUSDT,fresh,0.01305650806134483,0.002681301612268966,0.2
2025-12-18 22:00:00+00:00,RVVUSDT,fresh,-0.015436917562724039,0.0003291195685026227,0.4
2024-06-07 18:00:00+00:00,SAGAUSDT,fresh,0.030106096470688393,0.006091219294137679,0.2
2024-07-05 02:00:00+00:00,SAGAUSDT,fresh,0.04143423894889208,0.02168349410180005,0.4
2024-08-05 03:00:00+00:00,SAGAUSDT,fresh,-0.04749376218323587,0.0005105751828785848,1.0
2024-12-09 22:00:00+00:00,SAGAUSDT,fresh,-0.01906639797999411,-0.003743279595998822,0.2
2025-02-03 03:00:00+00:00,SAGAUSDT,fresh,0.0900972338279785,0.0448436327421828,0.4
2026-05-13 00:00:00+00:00,SAGAUSDT,fresh,0.138731737742965,0.027816347548592996,0.2
2025-07-23 18:00:00+00:00,SAHARAUSDT,fresh,0.017715837268434276,0.003613167453686855,0.2
2025-11-30 00:00:00+00:00,SAHARAUSDT,fresh,-0.04235374510255819,-0.008065349613049088,0.4
2026-06-09 02:00:00+00:00,SAHARAUSDT,fresh,0.026943339706819603,0.03016929193168686,0.4
2022-05-09 16:00:00+00:00,SANDUSDT,ext54,0.051377800057290084,0.023966384016562182,0.4
2022-05-11 11:00:00+00:00,SANDUSDT,ext54,-0.062187980342638845,-0.006679633579749053,1.0
2022-08-19 07:00:00+00:00,SANDUSDT,ext54,-0.0056854388920081315,0.003798955694568668,0.6
2022-09-19 00:00:00+00:00,SANDUSDT,ext54,-0.016883809637689772,0.0011835312799527045,1.0
2022-11-08 19:00:00+00:00,SANDUSDT,ext54,0.04491587768303439,0.009053175536606877,0.2
2023-01-09 06:00:00+00:00,SANDUSDT,ext54,0.01740453172205424,0.003550906344410848,0.2
2023-01-14 08:00:00+00:00,SANDUSDT,ext54,0.029370110272780015,0.005944022054556003,0.2
2023-04-19 09:00:00+00:00,SANDUSDT,ext54,0.00793426791277262,0.001656853582554524,0.2
2023-06-05 17:00:00+00:00,SANDUSDT,ext54,-0.03375765765765782,-0.010423417587303252,0.8
2023-06-10 10:00:00+00:00,SANDUSDT,ext54,-0.015102642007926114,-0.00226345376443039,0.4
2023-08-17 21:00:00+00:00,SANDUSDT,ext54,0.015483229036295499,0.00889903943195406,0.4
2023-10-02 18:00:00+00:00,SANDUSDT,ext54,-0.00633388943408587,7.593012502397673e-05,0.6
2023-10-09 19:00:00+00:00,SANDUSDT,ext54,0.00031093474426812187,0.0011884656576211076,0.4
2023-11-09 16:00:00+00:00,SANDUSDT,ext54,-0.012126516145970167,-0.0014736735266483224,0.4
2024-01-03 17:00:00+00:00,SANDUSDT,ext54,0.003940713454827372,0.004898851832018336,0.4
2024-04-13 01:00:00+00:00,SANDUSDT,ext54,0.03604403631861352,0.007278807263722703,0.2
2024-04-13 17:00:00+00:00,SANDUSDT,ext54,-0.12128489984591674,-0.09589268724236899,1.0
2024-06-07 20:00:00+00:00,SANDUSDT,ext54,-0.005679803068468058,0.00028753612017237175,0.4
2024-08-05 01:00:00+00:00,SANDUSDT,ext54,-0.02728025751072972,-0.0015862134241281679,0.8
2024-10-01 17:00:00+00:00,SANDUSDT,ext54,-0.012180332409972194,0.0036205373888945846,0.8
2024-10-26 02:00:00+00:00,SANDUSDT,ext54,-0.0023111425111021038,-0.00039222850222042063,0.2
2024-12-10 02:00:00+00:00,SANDUSDT,ext54,0.03214604349311167,0.018333895747903707,0.4
2025-02-03 02:00:00+00:00,SANDUSDT,ext54,0.11074151818911925,0.02221830363782385,0.2
2025-09-15 16:00:00+00:00,SANDUSDT,ext54,0.015330146045742555,0.003136029209148511,0.2
2025-10-10 22:00:00+00:00,SANDUSDT,ext54,0.10082852776079575,0.02023570555215915,0.2
2024-12-09 22:00:00+00:00,SANTOSUSDT,fresh,-0.01939733163913594,-0.0038094663278271878,0.2
2025-01-27 07:00:00+00:00,SCRUSDT,fresh,0.0023013605442178016,0.0032266962871893346,0.4
2023-10-19 05:00:00+00:00,SEIUSDT,ext54,-0.01257028154327423,-0.0025214695127514395,0.4
2023-11-09 16:00:00+00:00,SEIUSDT,ext54,0.00483723494486853,0.0010374469889737061,0.2
2024-04-12 18:00:00+00:00,SEIUSDT,ext54,0.08150373049105451,0.016370746098210903,0.2
2024-04-13 21:00:00+00:00,SEIUSDT,ext54,0.041664578833693226,0.008402915766738645,0.2
2024-10-02 00:00:00+00:00,SEIUSDT,ext54,0.01321209602954775,0.0027124192059095496,0.2
2024-12-10 02:00:00+00:00,SEIUSDT,ext54,0.03921519149715957,0.020266707095356617,0.4
2024-12-20 11:00:00+00:00,SEIUSDT,ext54,0.11972330927559481,0.02401466185511896,0.2
2025-01-27 11:00:00+00:00,SEIUSDT,ext54,0.04948236272878536,0.009966472545757072,0.2
2025-08-22 16:00:00+00:00,SEIUSDT,ext54,-0.02047499999999992,-0.0063690681929071515,0.6
2025-09-22 06:00:00+00:00,SEIUSDT,ext54,-0.0024708019191227552,0.0037480784645421653,0.6
2025-10-10 21:00:00+00:00,SEIUSDT,ext54,0.027598664027709153,0.0845844784247593,0.8
2026-05-12 16:00:00+00:00,SEIUSDT,ext54,0.0159717592592593,0.0,0.0
2026-06-02 15:00:00+00:00,SEIUSDT,ext54,-0.0052481026271315005,0.003811758522318226,0.6
2026-06-02 23:00:00+00:00,SEIUSDT,ext54,-0.018708452056987356,-0.0049209449229915435,0.4
2026-01-23 00:00:00+00:00,SENTUSDT,fresh,-0.06531014228383815,-0.015084023186551566,0.4
2022-01-21 06:00:00+00:00,SFPUSDT,fresh,0.012418042676795794,0.0025536085353591587,0.2
2022-01-21 21:00:00+00:00,SFPUSDT,fresh,0.00964339343047681,0.01578837075739827,0.6
2022-03-04 23:00:00+00:00,SFPUSDT,fresh,-0.01559487554904838,-0.0016914414977439673,0.6
2022-04-30 23:00:00+00:00,SFPUSDT,fresh,0.03507056578729061,0.007084113157458122,0.2
2022-12-16 23:00:00+00:00,SFPUSDT,fresh,-0.08212493074792239,-0.04567132912821314,1.0
2025-10-10 23:00:00+00:00,SIGNUSDT,fresh,-0.020583568075117308,0.03284823493495785,0.6
2026-03-22 07:00:00+00:00,SIRENUSDT,fresh,-0.21124965118375616,-0.12449269656913257,1.0
2026-03-22 20:00:00+00:00,SIRENUSDT,fresh,-0.028587292817679476,0.011055026221812213,0.4
2026-04-04 19:00:00+00:00,SIRENUSDT,fresh,0.1076942936845635,0.1897380963568831,1.0
2022-01-21 08:00:00+00:00,SKLUSDT,fresh,-0.03450931756660492,-0.005682354538817619,1.0
2022-06-02 01:00:00+00:00,SKLUSDT,fresh,-0.007421493076460017,0.0013447435473917472,0.4
2024-04-12 18:00:00+00:00,SKLUSDT,fresh,0.040039240506329114,0.008077848101265822,0.2
2024-04-13 01:00:00+00:00,SKLUSDT,fresh,0.037620538720538714,0.007594107744107742,0.2
2026-05-02 21:00:00+00:00,SKYAIUSDT,fresh,0.07936593913371902,0.06301861924941987,0.6
2025-10-11 00:00:00+00:00,SKYUSDT,fresh,-0.04392445243543642,-0.011827319224877376,0.4
2026-07-30 21:00:00+00:00,SNDKUSDT,fresh,-0.018405795498699928,0.012218352033510765,1.0
2022-01-22 08:00:00+00:00,SNXUSDT,ext54,0.029785024656112092,0.0709404347290149,1.0
2022-11-08 04:00:00+00:00,SNXUSDT,ext54,-0.011777618069815265,0.007120708403112675,0.8
2023-03-15 19:00:00+00:00,SNXUSDT,ext54,-0.004486004514672636,-0.0008272009029345271,0.2
2023-06-10 12:00:00+00:00,SNXUSDT,ext54,-0.009090867579908634,-0.001748173515981727,0.2
2023-10-24 06:00:00+00:00,SNXUSDT,ext54,-0.02410884955752225,-0.0047282139822404316,1.0
2023-11-09 18:00:00+00:00,SNXUSDT,ext54,0.054657575757575676,0.011001515151515134,0.2
2024-01-03 13:00:00+00:00,SNXUSDT,ext54,-0.008160152499293926,-1.4564527088045199e-05,0.4
2024-04-12 19:00:00+00:00,SNXUSDT,ext54,0.012371177944861967,0.002544235588972393,0.2
2024-04-13 19:00:00+00:00,SNXUSDT,ext54,0.0028653929343907987,0.045114585572216176,1.0
2025-10-10 21:00:00+00:00,SNXUSDT,ext54,0.16966167076167082,0.03400233415233416,0.2
2022-05-09 23:00:00+00:00,SOLUSDT,core16,0.03691546391752586,0.019233001559423944,0.4
2022-09-28 02:00:00+00:00,SOLUSDT,core16,-0.004207520198881386,-0.0007715040397762772,0.2
2022-12-17 00:00:00+00:00,SOLUSDT,core16,0.0046119543043655516,0.009402301355000081,0.6
2023-01-02 07:00:00+00:00,SOLUSDT,core16,0.0057573490932059,0.010128909058952446,0.6
2023-01-09 00:00:00+00:00,SOLUSDT,core16,-0.08641122551313764,-0.063060104411356,1.0
2023-01-14 00:00:00+00:00,SOLUSDT,core16,-0.11845611510791366,-0.0840317725654738,1.0
2023-03-12 22:00:00+00:00,SOLUSDT,core16,0.006966142367412765,0.018717203365591996,0.8
2023-04-19 08:00:00+00:00,SOLUSDT,core16,0.007444386995004815,0.001558877399000963,0.2
2023-06-05 16:00:00+00:00,SOLUSDT,core16,-0.0013497253021676028,0.0014137835300438552,0.4
2023-06-10 06:00:00+00:00,SOLUSDT,core16,0.06065128351397619,0.012200256702795237,0.2
2023-08-17 21:00:00+00:00,SOLUSDT,core16,0.023172073004374617,0.011985581528298506,0.4
2023-10-23 22:00:00+00:00,SOLUSDT,core16,0.011630411195363888,0.006961265899875991,0.4
2023-10-24 03:00:00+00:00,SOLUSDT,core16,0.003457042702358238,0.0007614085404716477,0.2
2024-01-03 18:00:00+00:00,SOLUSDT,core16,0.019400903692228345,0.0039501807384456685,0.2
2024-03-05 20:00:00+00:00,SOLUSDT,core16,0.04452316734128236,0.008974633468256471,0.2
2024-03-06 02:00:00+00:00,SOLUSDT,core16,0.0984066678868246,0.019751333577364923,0.2
2024-04-12 20:00:00+00:00,SOLUSDT,core16,-0.007031664602054188,0.00012359710185042613,0.4
2024-04-13 21:00:00+00:00,SOLUSDT,core16,0.03690145495998875,0.02012600873307583,0.4
2024-06-07 18:00:00+00:00,SOLUSDT,core16,0.01134506790475941,0.002339013580951882,0.2
2024-08-05 01:00:00+00:00,SOLUSDT,core16,-0.09604941782782973,-0.06410735365000758,1.0
2024-09-19 02:00:00+00:00,SOLUSDT,core16,-0.010663060763002396,-0.0023593696166741836,0.6
2025-03-02 20:00:00+00:00,SOLUSDT,core16,0.005284676775738063,0.00500974476016326,0.4
2025-08-14 21:00:00+00:00,SOLUSDT,core16,0.016828496319663534,0.003435699263932707,0.2
2025-10-10 22:00:00+00:00,SOLUSDT,core16,-0.0028510347023241837,0.003439007340373801,0.4
2026-01-20 15:00:00+00:00,SOLUSDT,core16,-0.005795570511817127,-0.0006051215818951234,0.6
2026-01-31 18:00:00+00:00,SOLUSDT,core16,0.019813107511045803,0.010813538920625431,0.4
2026-05-13 15:00:00+00:00,SOLUSDT,core16,0.004764778134336612,0.0010229556268673225,0.2
2026-08-19 21:00:00+00:00,SOLUSDT,core16,0.013560048482050047,0.0027820096964100093,0.2
2024-04-12 19:00:00+00:00,SPELLUSDT,fresh,0.012039472267097662,0.0024778944534195324,0.2
2025-07-23 15:00:00+00:00,SPKUSDT,fresh,-0.10784002751031631,-0.02775662056911463,0.8
2025-10-11 04:00:00+00:00,SPKUSDT,fresh,0.007826294312675331,0.001635258862535066,0.2
2025-06-13 11:00:00+00:00,SPXUSDT,fresh,0.0672347191775645,0.013516943835512902,0.2
2025-10-10 21:00:00+00:00,SPXUSDT,fresh,-0.06905016987542457,-0.012942366679762946,0.6
2026-09-21 16:00:00+00:00,SPYUSDT,fresh,-0.0024070542103967855,-0.0008794313343900732,1.0
2026-09-22 00:00:00+00:00,SPYUSDT,fresh,-0.0008417455418825539,-9.834910837651077e-05,0.2
2022-01-21 03:00:00+00:00,SRMUSDT,fresh,0.005713020439061512,0.0012126040878123025,0.2
2023-06-10 04:00:00+00:00,SSVUSDT,fresh,0.01831747572815533,0.01115405724158155,0.4
2023-06-10 13:00:00+00:00,SSVUSDT,fresh,-0.006041321803582533,0.006863353958268642,0.6
2024-03-05 19:00:00+00:00,SSVUSDT,fresh,0.08040470219435734,0.01615094043887147,0.2
2024-04-12 21:00:00+00:00,SSVUSDT,fresh,-0.05380443982992179,-0.01821909885164462,0.6
2024-04-13 20:00:00+00:00,SSVUSDT,fresh,0.12700659274892112,0.058577689988739634,0.4
2024-12-10 02:00:00+00:00,SSVUSDT,fresh,0.03831225989132935,0.020706251940609877,0.4
2025-02-03 08:00:00+00:00,SSVUSDT,fresh,-0.02924136125654443,-0.005778272251308886,0.2
2026-02-05 19:00:00+00:00,STABLEUSDT,fresh,-0.039537272506673056,-0.01152355273104829,0.4
2025-10-11 01:00:00+00:00,STBLUSDT,fresh,0.06785048814504889,0.013640097629009779,0.2
2023-01-24 21:00:00+00:00,STGUSDT,fresh,-0.052535988966412435,-0.02029839200233219,0.8
2023-05-31 12:00:00+00:00,STGUSDT,fresh,0.0034808520384791326,0.0007661704076958266,0.2
2023-11-09 17:00:00+00:00,STGUSDT,fresh,-0.008133129742735511,0.00029303610880063733,0.4
2024-01-03 13:00:00+00:00,STGUSDT,fresh,-0.01102028343666973,-0.0009516264358133796,0.4
2024-04-12 18:00:00+00:00,STGUSDT,fresh,0.03663247496423471,0.007396494992846942,0.2
2024-12-10 01:00:00+00:00,STGUSDT,fresh,-0.022003954802259817,0.00746860485368903,0.8
2023-05-08 01:00:00+00:00,STMXUSDT,fresh,-0.018921782178217838,-0.003999934549370454,0.4
2023-06-10 04:00:00+00:00,STMXUSDT,fresh,0.022638872403560762,0.01289689289872108,0.4
2023-06-10 10:00:00+00:00,STMXUSDT,fresh,-0.024022636103151928,-0.004794112426990155,0.6
2024-04-12 19:00:00+00:00,STMXUSDT,fresh,0.020714006888633663,0.004212801377726732,0.2
2024-04-13 21:00:00+00:00,STMXUSDT,fresh,0.03497503607503593,0.0070650072150071856,0.2
2023-06-10 04:00:00+00:00,STORJUSDT,fresh,-0.011802054794520577,0.006360898083580796,0.6
2023-08-15 22:00:00+00:00,STORJUSDT,fresh,-0.019666654288897144,-0.006713427541776417,0.8
2024-01-03 13:00:00+00:00,STORJUSDT,fresh,0.011133427012729336,0.008562513950814855,0.4
2024-04-12 18:00:00+00:00,STORJUSDT,fresh,0.04690286584273672,0.009450573168547343,0.2
2024-04-13 20:00:00+00:00,STORJUSDT,fresh,0.06966101468624829,0.03450515585122532,0.4
2024-12-09 22:00:00+00:00,STORJUSDT,fresh,-0.03805271453590176,-0.010606516005603773,0.4
2025-02-03 03:00:00+00:00,STORJUSDT,fresh,0.0525068828590337,0.027199681181281632,0.4
2026-03-31 16:00:00+00:00,STOUSDT,fresh,0.6799158501440922,0.2804146775127617,0.4
2026-04-02 10:00:00+00:00,STOUSDT,fresh,0.1780053039530506,0.03567106079061012,0.2
2024-04-12 17:00:00+00:00,STRKUSDT,fresh,-0.053429927734861556,-0.0295547850687031,1.0
2024-04-13 19:00:00+00:00,STRKUSDT,fresh,0.11379028213166152,0.1664874593088384,1.0
2024-06-07 18:00:00+00:00,STRKUSDT,fresh,0.03896203153269583,0.01910949502060185,0.4
2024-07-25 02:00:00+00:00,STRKUSDT,fresh,0.012888731299786172,0.007672778413953963,0.4
2024-10-26 01:00:00+00:00,STRKUSDT,fresh,0.018594868238557594,0.0037889736477115187,0.2
2024-12-09 22:00:00+00:00,STRKUSDT,fresh,-0.009617608517608633,-0.0018535217035217267,0.2
2025-02-02 17:00:00+00:00,STRKUSDT,fresh,-0.04076303966303963,-0.01300944956729206,1.0
2025-02-03 05:00:00+00:00,STRKUSDT,fresh,0.09880706319702602,0.019831412639405206,0.2
2025-05-31 00:00:00+00:00,STRKUSDT,fresh,0.033792942109437056,0.016523825824442284,0.4
2025-09-22 06:00:00+00:00,STRKUSDT,fresh,-0.011066777408637828,0.0008495136788060518,0.6
2025-09-22 16:00:00+00:00,STRKUSDT,fresh,0.010106896551724021,0.002091379310344804,0.2
2025-10-10 20:00:00+00:00,STRKUSDT,fresh,-0.26076101694915244,-0.2310428342652065,1.0
2023-04-19 09:00:00+00:00,STXUSDT,ext54,0.023161194992902135,0.004702238998580427,0.2
2023-06-05 16:00:00+00:00,STXUSDT,ext54,-0.014018486171761279,-0.002824957389507615,0.6
2023-06-10 04:00:00+00:00,STXUSDT,ext54,-0.026602318392581103,-0.0009072402232031705,0.6
2024-02-21 20:00:00+00:00,STXUSDT,ext54,0.008031707317073134,0.0016763414634146268,0.2
2024-03-05 19:00:00+00:00,STXUSDT,ext54,0.09895232019962151,0.0198604640399243,0.2
2024-04-12 18:00:00+00:00,STXUSDT,ext54,0.05083117839285022,0.010236235678570044,0.2
2024-06-07 20:00:00+00:00,STXUSDT,ext54,0.019695951230733855,0.004009190246146771,0.2
2024-10-01 19:00:00+00:00,STXUSDT,ext54,0.01554882863598538,0.009120404926022207,0.4
2024-12-10 02:00:00+00:00,STXUSDT,ext54,0.037926886221974036,0.01990754583821689,0.4
2025-01-27 05:00:00+00:00,STXUSDT,ext54,-0.026498327811957722,-0.013325867950621288,1.0
2025-02-02 20:00:00+00:00,STXUSDT,ext54,-0.0816419646217539,-0.05680869521352829,1.0
2025-08-14 14:00:00+00:00,STXUSDT,ext54,-0.025569820554649302,-0.0065751783996322866,0.8
2025-08-22 18:00:00+00:00,STXUSDT,ext54,0.0010174477696217497,0.001983127572817145,0.4
2023-06-05 23:00:00+00:00,SUIUSDT,ext54,-0.004040455770644501,0.0012100206754058654,0.4
2023-06-10 04:00:00+00:00,SUIUSDT,ext54,0.0436630704668649,0.022885661670897908,0.4
2023-08-17 21:00:00+00:00,SUIUSDT,ext54,0.0029442741592168205,0.004389360512486429,0.4
2023-10-02 18:00:00+00:00,SUIUSDT,ext54,-0.0017433626420758732,0.003962993193500991,0.6
2023-11-09 16:00:00+00:00,SUIUSDT,ext54,-0.005775518982606986,0.0019148103772722693,0.4
2024-01-03 12:00:00+00:00,SUIUSDT,ext54,0.012695674869500285,0.02048579318863745,0.6
2024-03-05 20:00:00+00:00,SUIUSDT,ext54,0.05855606452594741,0.011781212905189482,0.2
2024-04-12 19:00:00+00:00,SUIUSDT,ext54,0.04447346611528379,0.008964693223056758,0.2
2024-04-13 20:00:00+00:00,SUIUSDT,ext54,0.096833797174784,0.0194367594349568,0.2
2024-06-18 01:00:00+00:00,SUIUSDT,ext54,0.028256652092442203,0.00572133041848844,0.2
2024-07-05 03:00:00+00:00,SUIUSDT,ext54,0.027442475933119426,0.015156458572785568,0.4
2024-08-05 03:00:00+00:00,SUIUSDT,ext54,-0.012576664116296887,0.021641020083985503,1.0
2024-08-05 09:00:00+00:00,SUIUSDT,ext54,0.00564870980547837,0.048370995202641855,1.0
2024-10-26 01:00:00+00:00,SUIUSDT,ext54,0.023626553409355256,0.0047953106818710515,0.2
2024-12-11 16:00:00+00:00,SUIUSDT,ext54,-0.01827765246647396,-0.003304560987346955,0.6
2025-02-03 03:00:00+00:00,SUIUSDT,ext54,0.11180999370585352,0.052496682951520025,0.4
2025-06-24 03:00:00+00:00,SUIUSDT,ext54,-0.010971739443723993,0.01017019388843841,1.0
2025-09-22 06:00:00+00:00,SUIUSDT,ext54,-0.0022545976671206718,0.003570946473662046,0.6
2025-10-10 22:00:00+00:00,SUIUSDT,ext54,0.0742421986507039,0.014918439730140782,0.2
2026-08-19 16:00:00+00:00,SUIUSDT,ext54,-0.029084258854394373,-0.017419987547636913,1.0
2026-08-22 06:00:00+00:00,SUIUSDT,ext54,0.04437024289167723,0.008944048578335445,0.2
2024-10-01 15:00:00+00:00,SUNUSDT,fresh,-0.03989334335170037,-0.020304810587454494,1.0
2024-10-26 00:00:00+00:00,SUNUSDT,fresh,0.045775,0.009225,0.2
2024-12-09 21:00:00+00:00,SUNUSDT,fresh,0.012772687885352341,0.03999456466899416,0.8
2025-06-13 00:00:00+00:00,SUSDT,fresh,-0.00864830917874394,0.009505639375196573,0.8
2025-06-13 10:00:00+00:00,SUSDT,fresh,-0.000789730065156601,0.002248412698619673,0.4
2025-09-22 08:00:00+00:00,SUSDT,fresh,-0.00069807073954976,0.0022086571359487663,0.4
2025-09-22 17:00:00+00:00,SUSDT,fresh,0.028590721649484608,0.005788144329896922,0.2
2025-10-10 21:00:00+00:00,SUSDT,fresh,-0.06994681583476771,0.007535099565393177,0.8
2022-01-21 21:00:00+00:00,SUSHIUSDT,ext54,0.00935856798069189,0.007921114377946703,0.4
2022-01-22 05:00:00+00:00,SUSHIUSDT,ext54,-0.10446081166772349,-0.06555492538155809,1.0
2022-05-09 18:00:00+00:00,SUSHIUSDT,ext54,0.019512813370473715,0.011487791496010901,0.4
2022-09-07 02:00:00+00:00,SUSHIUSDT,ext54,-0.016429125338142347,-0.0031221744179664554,0.6
2022-10-11 00:00:00+00:00,SUSHIUSDT,ext54,-0.019325039619651273,-0.003672514379859937,0.8
2022-10-11 05:00:00+00:00,SUSHIUSDT,ext54,-0.01897164906580019,-0.005797461878271132,0.6
2023-01-19 01:00:00+00:00,SUSHIUSDT,ext54,-0.0027891891891891445,-0.0004878378378378288,0.2
2023-06-10 04:00:00+00:00,SUSHIUSDT,ext54,0.030311743708727346,0.01745931932274908,0.4
2024-01-03 12:00:00+00:00,SUSHIUSDT,ext54,-0.00740070775073377,0.007058289967181669,0.6
2024-04-12 18:00:00+00:00,SUSHIUSDT,ext54,0.025172123893805288,0.005104424778761057,0.2
2024-04-13 19:00:00+00:00,SUSHIUSDT,ext54,-0.025181115335868098,0.023144205042793693,1.0
2024-06-07 21:00:00+00:00,SUSHIUSDT,ext54,0.01420467642890887,0.002910935285781774,0.2
2025-09-15 17:00:00+00:00,SUSHIUSDT,ext54,0.012483014638006041,0.002566602927601208,0.2
2026-04-28 03:00:00+00:00,SWARMSUSDT,fresh,0.4169221210149644,0.08345442420299289,0.2
2022-05-12 09:00:00+00:00,SXPUSDT,fresh,0.08825920047031142,0.017721840094062285,0.2
2023-06-05 16:00:00+00:00,SXPUSDT,fresh,-0.010082035928143728,0.0008409835554429479,0.6
2023-06-10 04:00:00+00:00,SXPUSDT,fresh,0.009615411282697706,0.019028586982493694,0.6
2023-11-09 16:00:00+00:00,SXPUSDT,fresh,0.018027316198445987,0.003675463239689197,0.2
2023-12-11 02:00:00+00:00,SXPUSDT,fresh,0.009310958904109701,0.0019321917808219403,0.2
2023-12-11 07:00:00+00:00,SXPUSDT,fresh,0.011692596624931818,0.0024085193249863634,0.2
2024-01-03 12:00:00+00:00,SXPUSDT,fresh,0.0031941492216854724,0.005269385544831862,0.4
2024-03-05 21:00:00+00:00,SXPUSDT,fresh,0.04242969008753238,0.008555938017506476,0.2
2024-03-06 02:00:00+00:00,SXPUSDT,fresh,0.07478139154798034,0.01502627830959607,0.2
2024-04-12 22:00:00+00:00,SXPUSDT,fresh,-0.03225264797507788,-0.0077904215423911394,0.6
2024-04-13 19:00:00+00:00,SXPUSDT,fresh,-0.01366897608828933,0.028805483918001647,1.0
2024-12-10 02:00:00+00:00,SXPUSDT,fresh,0.02473759227711524,0.014136491698738773,0.4
2026-07-02 00:00:00+00:00,TAIKOUSDT,fresh,0.035784306987399754,0.05601032428060601,0.6
2026-07-02 04:00:00+00:00,TAIKOUSDT,fresh,0.4491854424357754,0.08990708848715509,0.2
2025-12-30 12:00:00+00:00,TAKEUSDT,fresh,-0.05704082293111424,-0.01133816458622285,0.2
2024-06-08 02:00:00+00:00,TAOUSDT,fresh,-0.017427873832367113,-0.0040555649136783,0.4
2024-06-12 16:00:00+00:00,TAOUSDT,fresh,0.04113429523055511,0.008296859046111021,0.2
2024-06-18 02:00:00+00:00,TAOUSDT,fresh,0.02709988853799016,0.0054899777075980314,0.2
2024-07-05 03:00:00+00:00,TAOUSDT,fresh,0.023831163954943658,0.01421041450387205,0.4
2024-08-05 08:00:00+00:00,TAOUSDT,fresh,-0.08661779128874715,-0.038761817616699806,0.8
2024-12-10 02:00:00+00:00,TAOUSDT,fresh,0.035641664025914614,0.01929693126958788,0.4
2025-02-03 02:00:00+00:00,TAOUSDT,fresh,0.15440153714163152,0.0309503074283263,0.2
2025-06-24 05:00:00+00:00,TAOUSDT,fresh,0.015227667874059481,0.008162130276172996,0.4
2025-10-06 15:00:00+00:00,TAOUSDT,fresh,-0.036220745948171935,-0.02416413321436763,1.0
2025-10-10 22:00:00+00:00,TAOUSDT,fresh,0.015629387615463498,0.01639366410272226,0.4
2026-01-19 00:00:00+00:00,TAOUSDT,fresh,-0.004568899521531066,-0.0008437799043062132,0.2
2026-02-06 02:00:00+00:00,TAOUSDT,fresh,0.01642978211221534,0.003355956422443068,0.2
2026-06-02 22:00:00+00:00,TAOUSDT,fresh,0.0023915583841599315,0.003537691408789201,0.4
2026-08-19 21:00:00+00:00,TAOUSDT,fresh,0.006039434595112459,0.001277886919022492,0.2
2026-09-28 09:00:00+00:00,TAOUSDT,fresh,0.02713269366020309,0.0,0.0
2022-03-01 00:00:00+00:00,THETAUSDT,ext54,0.02317471876850218,0.004704943753700436,0.2
2022-04-30 23:00:00+00:00,THETAUSDT,ext54,0.012045965548504001,0.0076093920304925455,0.4
2022-05-05 01:00:00+00:00,THETAUSDT,ext54,0.026805198776758344,0.0126570565484169,0.4
2022-08-19 06:00:00+00:00,THETAUSDT,ext54,0.003875124378109541,0.0008450248756219083,0.2
2022-11-02 20:00:00+00:00,THETAUSDT,ext54,0.026188732394366244,0.005307746478873249,0.2
2022-11-09 00:00:00+00:00,THETAUSDT,ext54,0.0058444444444444195,0.006327744096916644,0.4
2023-01-12 00:00:00+00:00,THETAUSDT,ext54,-0.014957633542579517,-0.004142997829010109,0.8
2023-01-14 02:00:00+00:00,THETAUSDT,ext54,-0.028926276735050115,-0.013068503054308355,0.8
2023-01-18 16:00:00+00:00,THETAUSDT,ext54,-0.01658821548821555,-0.002052564040737642,0.6
2023-03-09 22:00:00+00:00,THETAUSDT,ext54,0.015418569150148154,0.008463916890735012,0.4
2023-06-10 06:00:00+00:00,THETAUSDT,ext54,0.030970910556003085,0.0062641821112006165,0.2
2023-09-01 02:00:00+00:00,THETAUSDT,ext54,-0.010553952730236415,-0.0026844979655745393,0.4
2024-01-03 13:00:00+00:00,THETAUSDT,ext54,-0.015450891746163441,-0.0016441109343897308,0.4
2024-02-20 16:00:00+00:00,THETAUSDT,ext54,0.032210321021746695,0.006512064204349338,0.2
2024-04-12 20:00:00+00:00,THETAUSDT,ext54,-0.02742439502943096,-0.007137960235711882,0.4
2024-04-13 19:00:00+00:00,THETAUSDT,ext54,0.011593719412724347,0.05814183452211565,1.0
2024-06-07 18:00:00+00:00,THETAUSDT,ext54,0.005493517213609789,0.001168703442721958,0.2
2024-07-05 02:00:00+00:00,THETAUSDT,ext54,-0.0003383853769990499,0.00924051007981383,0.6
2024-08-05 00:00:00+00:00,THETAUSDT,ext54,-0.08817582548248416,-0.06502962660847077,1.0
2024-10-01 17:00:00+00:00,THETAUSDT,ext54,-0.01183090199609783,-6.781815454469072e-05,0.6
2024-11-16 12:00:00+00:00,THETAUSDT,ext54,0.0035818331684800316,0.0007863666336960064,0.2
2024-11-16 18:00:00+00:00,THETAUSDT,ext54,0.019035100025980845,0.003877020005196169,0.2
2025-02-03 02:00:00+00:00,THETAUSDT,ext54,0.09989482690011929,0.020048965380023858,0.2
2025-02-03 07:00:00+00:00,THETAUSDT,ext54,-0.016044491887275757,-0.0008309947816998453,0.4
2025-02-02 23:00:00+00:00,THEUSDT,fresh,-0.16888115501519751,-0.12979488135143907,1.0
2024-03-16 22:00:00+00:00,TIAUSDT,ext54,0.029615049275871653,0.01537289467798587,0.4
2024-03-19 17:00:00+00:00,TIAUSDT,ext54,0.054731510666857434,0.011016302133371486,0.2
2024-04-12 20:00:00+00:00,TIAUSDT,ext54,-0.02466588113729541,-0.005282731059348899,0.4
2024-06-07 19:00:00+00:00,TIAUSDT,ext54,-0.001523816415133227,-0.0002347632830266454,0.2
2024-08-05 01:00:00+00:00,TIAUSDT,ext54,-0.02971388993633973,-0.0007712474088569449,0.8
2024-08-05 06:00:00+00:00,TIAUSDT,ext54,0.04491669464872638,0.009053338929745275,0.2
2024-12-09 21:00:00+00:00,TIAUSDT,ext54,0.026212171728705037,0.07503139923473884,1.0
2024-12-10 02:00:00+00:00,TIAUSDT,ext54,0.06182709382505613,0.03008779185620828,0.4
2025-02-02 22:00:00+00:00,TIAUSDT,ext54,-0.19673874474919695,-0.1608253561460003,1.0
2025-09-22 08:00:00+00:00,TIAUSDT,ext54,-0.007508985794516098,-0.0008797978269262537,0.4
2025-10-10 21:00:00+00:00,TIAUSDT,ext54,0.0515254915567892,0.07374757249884849,0.6
2026-01-19 01:00:00+00:00,TIAUSDT,ext54,-0.013467843606622797,-0.0004510042950249429,0.6
2026-02-06 02:00:00+00:00,TIAUSDT,ext54,0.015356921587608919,0.0031413843175217837,0.2
2022-01-21 01:00:00+00:00,TLMUSDT,fresh,-0.012320196353436296,0.0006082378537869584,0.6
2022-01-21 21:00:00+00:00,TLMUSDT,fresh,0.005382982171799101,0.01496007631096365,0.6
2022-01-24 10:00:00+00:00,TLMUSDT,fresh,0.013015092290988062,0.008960586236788448,0.4
2022-04-30 23:00:00+00:00,TLMUSDT,fresh,0.011095121951219523,0.007730901422069503,0.4
2022-05-11 21:00:00+00:00,TLMUSDT,fresh,-0.02218433734939752,-0.004366867469879504,0.2
2024-03-06 00:00:00+00:00,TLMUSDT,fresh,0.021441252680877255,0.013761999363287558,0.4
2024-12-10 02:00:00+00:00,TLMUSDT,fresh,0.05391092725569779,0.02715062431060723,0.4
2024-07-05 07:00:00+00:00,TNSRUSDT,fresh,-0.012027505330490362,-0.00047994500391320707,0.4
2024-08-05 06:00:00+00:00,TNSRUSDT,fresh,-0.03996397608370706,-0.010441323503008759,0.4
2025-11-20 12:00:00+00:00,TNSRUSDT,fresh,0.13571498024394424,0.027212996048788844,0.2
2024-03-06 00:00:00+00:00,TOKENUSDT,fresh,0.017089884649511878,0.016092479092848333,0.4
2023-08-29 15:00:00+00:00,TOMOUSDT,fresh,0.006478947368421018,0.02159943498769852,0.8
2023-10-04 00:00:00+00:00,TOMOUSDT,fresh,0.02716562146679734,0.0055031242933594685,0.2
2023-11-09 16:00:00+00:00,TOMOUSDT,fresh,-0.037925505072031525,-0.012706127894958974,0.8
2024-08-05 01:00:00+00:00,TONUSDT,fresh,-0.06400652962949661,-0.035841932933055966,1.0
2024-10-01 17:00:00+00:00,TONUSDT,fresh,-0.008676457544119064,0.0036790584074539055,0.8
2024-12-10 01:00:00+00:00,TONUSDT,fresh,-0.009044052145573033,0.012904669657076262,0.8
2025-02-03 00:00:00+00:00,TONUSDT,fresh,-0.1427408275301174,-0.11105385849323336,1.0
2025-09-22 06:00:00+00:00,TONUSDT,fresh,0.00418331324019593,0.00363451379364369,0.4
2025-10-10 21:00:00+00:00,TONUSDT,fresh,0.03775615603413251,0.0549013611836431,0.6
2026-02-06 01:00:00+00:00,TONUSDT,fresh,0.02291017649864845,0.01264215610978684,0.4
2026-02-06 06:00:00+00:00,TONUSDT,fresh,0.0292199553179605,0.0059139910635921,0.2
2025-10-10 21:00:00+00:00,TOSHIUSDT,fresh,-0.06076364121729839,-0.015108638943259057,0.4
2025-09-22 07:00:00+00:00,TOWNSUSDT,fresh,-0.020802276707530553,-0.00523491169186433,0.4
2025-10-10 22:00:00+00:00,TOWNSUSDT,fresh,0.06757356538099711,0.013584713076199424,0.2
2025-10-10 22:00:00+00:00,TRADOORUSDT,fresh,0.007374576271186418,0.017767867766241542,0.4
2022-07-18 23:00:00+00:00,TRBUSDT,fresh,-0.04545710275126325,-0.011818050456402418,0.4
2022-11-08 18:00:00+00:00,TRBUSDT,fresh,-0.06791034482758619,-0.027583527799275902,1.0
2023-09-27 23:00:00+00:00,TRBUSDT,fresh,0.13237446862562452,0.0265448937251249,0.2
2023-12-31 16:00:00+00:00,TRBUSDT,fresh,-0.30940349574260806,-0.24235608845948445,1.0
2024-03-05 20:00:00+00:00,TRBUSDT,fresh,0.04987494218242771,0.010044988436485542,0.2
2024-04-13 18:00:00+00:00,TRBUSDT,fresh,-0.14541521888294218,-0.11302166528971913,1.0
2024-06-07 23:00:00+00:00,TRBUSDT,fresh,0.0028140028163080484,0.0006328005632616098,0.2
2024-08-05 01:00:00+00:00,TRBUSDT,fresh,-0.027554368287929797,-0.0023078143023851855,0.6
2024-11-10 07:00:00+00:00,TRBUSDT,fresh,-0.6928889790137761,-0.6528156561906541,1.0
2024-12-09 23:00:00+00:00,TRBUSDT,fresh,-0.03351052414645873,-0.0021893786117968047,0.6
2025-02-02 22:00:00+00:00,TRBUSDT,fresh,-0.21427240828071303,-0.1794060244894565,1.0
2025-04-06 21:00:00+00:00,TRBUSDT,fresh,0.028446539379474934,0.025224996154417416,0.6
2025-10-10 21:00:00+00:00,TRBUSDT,fresh,0.03481235566869711,0.05501150109805592,0.6
2025-10-10 23:00:00+00:00,TREEUSDT,fresh,0.08527236084452992,0.017124472168905985,0.2
2025-10-11 04:00:00+00:00,TREEUSDT,fresh,0.019320070011668567,0.0039340140023337135,0.2
2025-01-02 17:00:00+00:00,TROYUSDT,fresh,-0.209599095840868,-0.15103196511756642,1.0
2025-07-23 17:00:00+00:00,TRUMPUSDT,fresh,-0.004571533425907558,0.0037615796569726305,0.6
2025-08-14 14:00:00+00:00,TRUMPUSDT,fresh,-0.017220188617173015,-0.002737380594608424,0.6
2025-09-22 06:00:00+00:00,TRUMPUSDT,fresh,-0.009499017960976752,-0.0015756688581225807,0.4
2025-10-10 22:00:00+00:00,TRUMPUSDT,fresh,0.04108088045680602,0.027597857040246032,0.4
2026-02-06 00:00:00+00:00,TRUMPUSDT,fresh,-0.013018951132300349,-0.0025337902264600696,0.2
2025-11-10 16:00:00+00:00,TRUTHUSDT,fresh,-0.012367605633802802,-0.0024035211267605604,0.2
2024-04-12 20:00:00+00:00,TRUUSDT,fresh,-0.020942400075951727,-0.002943717307702453,0.4
2024-05-30 15:00:00+00:00,TRUUSDT,fresh,0.04092090214978061,0.008254180429956121,0.2
2024-12-10 02:00:00+00:00,TRUUSDT,fresh,0.036177287666493745,0.020277489844613028,0.4
2026-04-21 09:00:00+00:00,TRUUSDT,fresh,-0.0011,0.0,0.0
2022-01-22 14:00:00+00:00,TRXUSDT,core16,-0.026290704275323883,-0.007284058029838947,0.4
2022-03-01 05:00:00+00:00,TRXUSDT,core16,-0.003704590590916445,0.00035611194218260244,0.4
2022-04-06 18:00:00+00:00,TRXUSDT,core16,-0.016110832559579024,-0.005581974367700964,0.6
2022-10-11 01:00:00+00:00,TRXUSDT,core16,-0.0015877255730776354,0.00030645196073927374,0.4
2022-10-11 09:00:00+00:00,TRXUSDT,core16,-0.0022371020142948443,-0.0003774204028589688,0.2
2023-01-09 01:00:00+00:00,TRXUSDT,core16,-0.007305511954736176,0.002343415361724339,1.0
2023-01-14 02:00:00+00:00,TRXUSDT,core16,-0.017073945409429424,-0.005451816656461023,0.6
2023-03-13 00:00:00+00:00,TRXUSDT,core16,0.012129457592238702,0.006506670853617835,0.4
2023-06-10 07:00:00+00:00,TRXUSDT,core16,0.019197699594046037,0.003909539918809208,0.2
2023-12-11 02:00:00+00:00,TRXUSDT,core16,0.0031348411934551852,0.0006969682386910372,0.2
2024-01-03 12:00:00+00:00,TRXUSDT,core16,0.0006146123071061225,0.006598465189183345,0.8
2024-04-12 18:00:00+00:00,TRXUSDT,core16,0.0028487539487539355,0.0023515020614924722,0.4
2024-06-18 01:00:00+00:00,TRXUSDT,core16,0.002489249759257784,0.001837218534026886,0.4
2024-07-16 05:00:00+00:00,TRXUSDT,core16,-0.0043803996123164095,0.0010379587617833706,1.0
2024-12-10 01:00:00+00:00,TRXUSDT,core16,-0.009077099236641361,0.015416418494560345,0.8
2025-01-20 02:00:00+00:00,TRXUSDT,core16,0.051610050868268746,0.010392010173653748,0.2
2025-02-25 09:00:00+00:00,TRXUSDT,core16,0.009264514712340789,0.0019229029424681575,0.2
2025-02-25 15:00:00+00:00,TRXUSDT,core16,0.0007394429115753396,0.004782931922776629,0.6
2025-05-19 02:00:00+00:00,TRXUSDT,core16,-0.004903727653099998,-0.00044020911032201454,0.6
2025-10-12 20:00:00+00:00,TRXUSDT,core16,-0.0025283496351499284,-0.00029303888426149803,0.4
2025-10-13 01:00:00+00:00,TRXUSDT,core16,0.003133621755253325,0.000696724351050665,0.2
2026-02-23 20:00:00+00:00,TRXUSDT,core16,0.004028570410998012,0.0008757140821996025,0.2
2026-03-04 12:00:00+00:00,TRXUSDT,core16,-0.007152288961610142,-0.0034708869203241063,1.0
2026-05-03 08:00:00+00:00,TRXUSDT,core16,0.0048581747927912595,0.0026913792213533964,0.4
2026-05-03 13:00:00+00:00,TRXUSDT,core16,-0.0002425192193967853,0.0006647466479228762,0.4
2026-05-28 14:00:00+00:00,TRXUSDT,core16,0.009297326401782258,0.0019294652803564516,0.2
2026-05-28 19:00:00+00:00,TRXUSDT,core16,-5.0175916467841896e-05,5.9964816706431634e-05,0.2
2026-05-29 10:00:00+00:00,TRXUSDT,core16,0.014273352855051259,0.0029246705710102515,0.2
2026-08-22 16:00:00+00:00,TRXUSDT,core16,0.0018023363807865187,0.0004304672761573038,0.2
2026-08-25 19:00:00+00:00,TRXUSDT,core16,-0.007811012564671104,-0.004419061324809553,1.0
2026-04-17 15:00:00+00:00,TSLAUSDT,fresh,0.012264180059560415,0.00595559506509874,0.4
2026-06-23 18:00:00+00:00,TSLAUSDT,fresh,0.006057518025367126,0.0012815036050734254,0.2
2026-07-02 22:00:00+00:00,TSLAUSDT,fresh,0.000977001013171209,0.0002654002026342418,0.2
2026-09-08 20:00:00+00:00,TSLAUSDT,fresh,-0.00041932040949689184,-1.3864081899378358e-05,0.2
2025-10-10 21:00:00+00:00,TSTUSDT,fresh,0.07528888888888884,0.10032843215186762,0.6
2024-12-09 21:00:00+00:00,TURBOUSDT,fresh,0.03860009479762138,0.0464355643635099,0.6
2024-12-10 02:00:00+00:00,TURBOUSDT,fresh,0.042761251887254985,0.024834890305845393,0.4
2025-02-03 08:00:00+00:00,TURBOUSDT,fresh,0.017953624300910288,0.0036607248601820573,0.2
2025-07-10 22:00:00+00:00,TURBOUSDT,fresh,-0.006633948216468465,-0.0003806512023595384,0.4
2025-09-22 10:00:00+00:00,TURBOUSDT,fresh,-0.0004845293047978196,-2.6905860959563914e-05,0.2
2025-11-13 16:00:00+00:00,TURTLEUSDT,fresh,-0.06935232678386762,-0.020300621113852918,0.6
2024-01-15 12:00:00+00:00,TUSDT,fresh,0.01778489208633093,0.0036269784172661855,0.2
2025-10-10 21:00:00+00:00,TUTUSDT,fresh,-0.1686231243576568,-0.044309972004856694,0.6
2026-08-09 04:00:00+00:00,TUTUSDT,fresh,-0.24524875469123153,-0.1378141482145165,1.0
2026-03-20 17:00:00+00:00,UAIUSDT,fresh,0.09303810233482356,0.018677620466964712,0.2
2026-03-20 22:00:00+00:00,UAIUSDT,fresh,-0.021880420226275687,5.026985037938098e-05,0.4
2026-08-04 21:00:00+00:00,UBUSDT,fresh,-0.02380021430272229,0.0016177401203956495,0.4
2024-03-05 19:00:00+00:00,UMAUSDT,fresh,0.05415313010342936,0.026856498356638357,0.4
2024-04-12 21:00:00+00:00,UMAUSDT,fresh,-0.046381714483235366,-0.016027148124256922,0.6
2024-04-13 22:00:00+00:00,UMAUSDT,fresh,-0.013820558063192278,0.0004050710710073236,0.4
2024-12-09 21:00:00+00:00,UMAUSDT,fresh,0.02143605769230771,0.049555918973652545,0.8
2022-06-07 23:00:00+00:00,UNFIUSDT,fresh,0.5059812480034076,0.10126624960068151,0.2
2022-11-08 19:00:00+00:00,UNFIUSDT,fresh,0.001528696604600078,0.00037573932092001565,0.2
2022-11-21 07:00:00+00:00,UNFIUSDT,fresh,-0.009550704225352102,-0.0005223017115380533,0.4
2023-03-03 02:00:00+00:00,UNFIUSDT,fresh,0.023553897212213227,0.004780779442442646,0.2
2023-08-17 21:00:00+00:00,UNFIUSDT,fresh,-0.026232644512705915,-0.004816959086227001,0.4
2023-08-18 02:00:00+00:00,UNFIUSDT,fresh,0.05903986013986017,0.011877972027972033,0.2
2023-10-12 13:00:00+00:00,UNFIUSDT,fresh,-0.005013305237808529,0.0032100030639932555,0.6
2023-10-26 16:00:00+00:00,UNFIUSDT,fresh,0.01245713363460298,0.002561426726920596,0.2
2023-12-11 06:00:00+00:00,UNFIUSDT,fresh,-0.006268661588683343,-0.0011837323177366686,0.2
2024-01-03 12:00:00+00:00,UNFIUSDT,fresh,-0.031850307503074944,0.002137102813976676,0.8
2024-03-05 19:00:00+00:00,UNFIUSDT,fresh,0.05791836796145732,0.011653673592291464,0.2
2022-01-21 01:00:00+00:00,UNIUSDT,ext54,0.010139977090492514,0.006426600689688533,0.4
2022-05-01 09:00:00+00:00,UNIUSDT,ext54,0.004839446617412747,0.0010378893234825495,0.2
2022-05-11 12:00:00+00:00,UNIUSDT,ext54,0.05006464264383836,0.01008292852876767,0.2
2022-05-12 07:00:00+00:00,UNIUSDT,ext54,0.05178796102992333,0.010427592205984665,0.2
2022-05-12 13:00:00+00:00,UNIUSDT,ext54,0.09574113442471753,0.019218226884943505,0.2
2022-06-16 04:00:00+00:00,UNIUSDT,ext54,0.007455133079848009,0.001561026615969602,0.2
2023-01-14 08:00:00+00:00,UNIUSDT,ext54,0.026559885848090204,0.0053819771696180406,0.2
2023-01-19 01:00:00+00:00,UNIUSDT,ext54,0.011445394519643427,0.002359078903928685,0.2
2023-01-25 00:00:00+00:00,UNIUSDT,ext54,0.007422270461488901,0.010404573807787471,0.6
2023-03-13 01:00:00+00:00,UNIUSDT,ext54,0.0015547204247552302,0.00038094408495104607,0.2
2023-04-19 08:00:00+00:00,UNIUSDT,ext54,-0.0004234100135317544,-1.4682002706350875e-05,0.2
2023-04-19 14:00:00+00:00,UNIUSDT,ext54,-0.011355548083389466,-0.0024420094272206644,0.6
2023-06-10 04:00:00+00:00,UNIUSDT,ext54,0.009677521170130866,0.025297693588295655,0.8
2023-08-18 02:00:00+00:00,UNIUSDT,ext54,0.014259741309620034,0.0029219482619240065,0.2
2023-11-09 18:00:00+00:00,UNIUSDT,ext54,0.032976827757125064,0.006665365551425012,0.2
2024-01-03 19:00:00+00:00,UNIUSDT,ext54,0.011333112999685303,0.0023366225999370605,0.2
2024-04-12 22:00:00+00:00,UNIUSDT,ext54,-0.038449094567404425,-0.011680400302141642,0.6
2024-04-13 23:00:00+00:00,UNIUSDT,ext54,-0.012392891269726435,0.0004074560994229313,0.4
2024-08-05 05:00:00+00:00,UNIUSDT,ext54,-0.03365109765329289,0.004758407600480769,1.0
2025-02-03 05:00:00+00:00,UNIUSDT,ext54,0.07150371959942779,0.014370743919885558,0.2
2025-03-10 20:00:00+00:00,UNIUSDT,ext54,-0.05089743416610416,-0.02210267741783209,1.0
2025-09-22 06:00:00+00:00,UNIUSDT,ext54,-0.008134566403881115,-0.0006446892473386143,0.4
2025-10-07 15:00:00+00:00,UNIUSDT,ext54,-0.010826132582544067,-0.0027857553072816563,0.4
2025-10-10 23:00:00+00:00,UNIUSDT,ext54,0.009637790093522825,0.0019975580187045648,0.2
2026-04-02 04:00:00+00:00,UNIUSDT,ext54,0.009852236081533284,0.0020404472163066565,0.2
2026-04-02 19:00:00+00:00,UNIUSDT,ext54,0.012646803069053515,0.002599360613810703,0.2
2025-10-10 22:00:00+00:00,USELESSUSDT,fresh,-0.15337193895248002,-0.04420075833769807,0.8
2024-01-03 13:00:00+00:00,USTCUSDT,fresh,-0.032498320554947065,-0.00030971688453074707,0.6
2024-03-06 02:00:00+00:00,USTCUSDT,fresh,0.06957238912732465,0.013984477825464931,0.2
2024-04-14 00:00:00+00:00,USTCUSDT,fresh,0.04981137649277178,0.010032275298554355,0.2
2024-12-09 21:00:00+00:00,USTCUSDT,fresh,0.026520488437432477,0.07639557349836926,1.0
2025-01-19 14:00:00+00:00,USUALUSDT,fresh,0.029870406056435084,0.016926500329856667,0.4
2025-02-03 02:00:00+00:00,USUALUSDT,fresh,0.025696116504854472,0.005209223300970895,0.2
2024-12-10 07:00:00+00:00,UXLINKUSDT,fresh,-0.025752777777777746,-0.005131576612495891,0.4
2025-02-02 22:00:00+00:00,UXLINKUSDT,fresh,-0.18807883258499036,-0.15772238012247847,1.0
2025-02-03 03:00:00+00:00,VANAUSDT,fresh,0.0743749869269653,0.037940073597541715,0.4
2024-06-07 18:00:00+00:00,VANRYUSDT,fresh,0.01550009337552526,0.009417549779083479,0.4
2024-06-08 03:00:00+00:00,VANRYUSDT,fresh,-0.005041441441441374,0.0004958722170634759,0.4
2024-12-10 02:00:00+00:00,VANRYUSDT,fresh,0.07511040047818295,0.035854960110974124,0.4
2026-06-09 19:00:00+00:00,VELVETUSDT,fresh,-0.053948158596237035,-0.003750043805225884,0.6
2026-06-10 19:00:00+00:00,VELVETUSDT,fresh,-0.3066787203450755,-0.17766152745517086,1.0
2026-06-11 06:00:00+00:00,VELVETUSDT,fresh,0.15550335052371955,0.03117067010474391,0.2
2026-06-11 20:00:00+00:00,VELVETUSDT,fresh,-0.07964281422133203,-0.022151085072373258,0.4
2026-07-02 14:00:00+00:00,VELVETUSDT,fresh,-0.009758841639407444,-0.001881768327881489,0.2
2022-02-22 03:00:00+00:00,VETUSDT,ext54,0.010882817092471176,0.002246563418494235,0.2
2022-09-06 20:00:00+00:00,VETUSDT,ext54,-0.0015332755632582286,0.004010715895843869,0.6
2022-11-08 18:00:00+00:00,VETUSDT,ext54,-0.023981355932203307,0.019708345738526208,1.0
2022-11-09 23:00:00+00:00,VETUSDT,ext54,0.0538563430919362,0.01084126861838724,0.2
2023-02-10 03:00:00+00:00,VETUSDT,ext54,0.020212872975276953,0.010331337980662537,0.4
2023-04-19 08:00:00+00:00,VETUSDT,ext54,0.0021962505150391227,0.0005092501030078246,0.2
2024-01-03 13:00:00+00:00,VETUSDT,ext54,0.009916682404784594,0.014359797034879902,0.6
2024-01-03 18:00:00+00:00,VETUSDT,ext54,0.014065876777251119,0.002883175355450224,0.2
2024-02-28 21:00:00+00:00,VETUSDT,ext54,-0.01980679137860931,-0.0043020900527640845,0.4
2024-03-05 21:00:00+00:00,VETUSDT,ext54,-0.0017860278984677227,0.00342572314037054,0.4
2024-04-12 23:00:00+00:00,VETUSDT,ext54,0.007647033918019786,0.04379465007191213,1.0
2024-04-13 21:00:00+00:00,VETUSDT,ext54,-0.0021982836125869036,0.004764615382560178,0.4
2024-06-07 18:00:00+00:00,VETUSDT,ext54,-0.00228487012000601,0.0014972736050901658,0.4
2024-06-18 05:00:00+00:00,VETUSDT,ext54,-0.004793260791866826,-0.0008886521583733652,0.2
2024-12-10 02:00:00+00:00,VETUSDT,ext54,0.05320683918669122,0.026487176630986355,0.4
2025-02-02 22:00:00+00:00,VETUSDT,ext54,-0.21374094013022082,-0.18503876163736252,1.0
2025-09-22 06:00:00+00:00,VETUSDT,ext54,0.00032456291819548213,0.004974427393470488,0.6
2025-09-22 11:00:00+00:00,VETUSDT,ext54,-0.004802251840236981,-0.0008904503680473961,0.2
2025-10-10 21:00:00+00:00,VETUSDT,ext54,-0.048645717035611165,-0.00781518361931371,0.6
2025-10-10 21:00:00+00:00,VINEUSDT,fresh,0.02084710185706228,0.11413357900757666,0.8
2025-09-22 06:00:00+00:00,VIRTUALUSDT,fresh,-0.012155186050692001,-0.0004761501631503737,0.6
2025-10-10 22:00:00+00:00,VIRTUALUSDT,fresh,0.0920640336630739,0.018482806732614782,0.2
2022-05-09 23:00:00+00:00,WAVESUSDT,ext54,-0.014478478817408613,0.019875620532563552,0.8
2022-09-13 23:00:00+00:00,WAVESUSDT,ext54,0.012874799541809801,0.00264495990836196,0.2
2022-09-19 04:00:00+00:00,WAVESUSDT,ext54,-0.0144089770354905,-0.0021300089534964256,0.6
2022-11-08 20:00:00+00:00,WAVESUSDT,ext54,-0.002225703564727965,-0.0003751407129455929,0.2
2023-01-14 05:00:00+00:00,WAVESUSDT,ext54,0.005513038543157423,0.03468433622914931,1.0
2023-04-19 19:00:00+00:00,WAVESUSDT,ext54,-0.04421880509751964,-0.02143108010255416,1.0
2023-04-21 21:00:00+00:00,WAVESUSDT,ext54,0.00793839982885879,0.0016576799657717577,0.2
2023-06-10 12:00:00+00:00,WAVESUSDT,ext54,-0.010878653729533016,-0.002105730745906603,0.2
2023-08-15 20:00:00+00:00,WAVESUSDT,ext54,-0.011640479928235147,-0.0029329925887181195,0.4
2023-08-17 22:00:00+00:00,WAVESUSDT,ext54,-0.02603224932249316,-0.007150622674901463,0.4
2024-01-03 13:00:00+00:00,WAVESUSDT,ext54,0.004380798306622292,0.0056079616234086084,0.4
2024-01-03 18:00:00+00:00,WAVESUSDT,ext54,0.01282939370683055,0.00263587874136611,0.2
2024-03-05 19:00:00+00:00,WAVESUSDT,ext54,0.08499317990457476,0.017068635980914952,0.2
2024-03-06 00:00:00+00:00,WAVESUSDT,ext54,-0.001132760032760093,0.004848718516806694,0.4
2024-04-12 18:00:00+00:00,WAVESUSDT,ext54,0.0424221039044853,0.008554420780897059,0.2
2024-06-07 18:00:00+00:00,WAVESUSDT,ext54,-0.0011784929356357767,0.002275818698387722,0.4
2024-04-12 19:00:00+00:00,WAXPUSDT,fresh,0.020263450809634088,0.0041226901619268175,0.2
2024-04-13 03:00:00+00:00,WAXPUSDT,fresh,0.018122903885480535,0.003694580777096107,0.2
2024-12-10 02:00:00+00:00,WAXPUSDT,fresh,0.03074079601990053,0.01723234370706274,0.4
2025-05-31 22:00:00+00:00,WCTUSDT,fresh,0.022470712136409266,0.004564142427281853,0.2
2024-06-07 19:00:00+00:00,WIFUSDT,fresh,0.014960261512222729,0.0030620523024445455,0.2
2024-06-24 23:00:00+00:00,WIFUSDT,fresh,-0.04321391018619936,-0.013148984495968952,0.8
2024-08-05 07:00:00+00:00,WIFUSDT,fresh,-0.09066676943047204,-0.027080116987376907,1.0
2024-09-19 05:00:00+00:00,WIFUSDT,fresh,-0.016747396082178578,-0.0006910678834473939,0.8
2024-12-10 02:00:00+00:00,WIFUSDT,fresh,0.026390231027627265,0.01597431151748859,0.4
2024-12-19 06:00:00+00:00,WIFUSDT,fresh,0.016963712404342347,0.003462742480868469,0.2
2025-01-29 11:00:00+00:00,WIFUSDT,fresh,0.10031562429780537,0.020133124859561074,0.2
2025-02-03 02:00:00+00:00,WIFUSDT,fresh,0.047498130841121415,0.009569626168224283,0.2
2025-09-22 06:00:00+00:00,WIFUSDT,fresh,-0.017925436100457836,-0.0029117152176451272,0.8
2025-10-10 22:00:00+00:00,WIFUSDT,fresh,0.16852202519832005,0.03377440503966401,0.2
2024-01-03 13:00:00+00:00,WLDUSDT,ext54,-0.012340950082560653,0.0007188419295995783,0.4
2024-01-03 22:00:00+00:00,WLDUSDT,ext54,0.03482931937172761,0.01869143124913456,0.4
2024-04-12 19:00:00+00:00,WLDUSDT,ext54,0.05603678844519965,0.01127735768903993,0.2
2024-04-13 21:00:00+00:00,WLDUSDT,ext54,0.04575942173479552,0.009221884346959103,0.2
2024-06-07 18:00:00+00:00,WLDUSDT,ext54,0.022481377956436222,0.004566275591287245,0.2
2024-06-08 03:00:00+00:00,WLDUSDT,ext54,-0.004644031223363553,-0.0008588062446727105,0.2
2024-06-18 08:00:00+00:00,WLDUSDT,ext54,-0.027867950804847063,-0.003316018607093873,0.8
2024-07-05 00:00:00+00:00,WLDUSDT,ext54,-0.048333261999388595,-0.0077243693315948775,1.0
2024-08-05 01:00:00+00:00,WLDUSDT,ext54,-0.021975150541950993,-0.0017309604584375962,0.6
2024-08-05 06:00:00+00:00,WLDUSDT,ext54,0.010283599184878079,0.0021267198369756156,0.2
2024-10-01 19:00:00+00:00,WLDUSDT,ext54,-0.005131530176304199,0.0013180384502386015,0.4
2024-10-02 00:00:00+00:00,WLDUSDT,ext54,0.01443842447602971,0.002957684895205942,0.2
2024-12-09 21:00:00+00:00,WLDUSDT,ext54,0.02847926345217965,0.08458399433702504,1.0
2024-12-10 02:00:00+00:00,WLDUSDT,ext54,0.04617874392733922,0.024534798493201802,0.4
2025-02-03 04:00:00+00:00,WLDUSDT,ext54,0.09697147427109042,0.0,0.0
2025-08-22 20:00:00+00:00,WLDUSDT,ext54,0.0012485663959290636,0.002174152033643606,0.4
2025-10-10 22:00:00+00:00,WLDUSDT,ext54,0.09217750639683629,0.01850550127936726,0.2
2026-01-19 00:00:00+00:00,WLDUSDT,ext54,0.003225437693099898,0.0007150875386199797,0.2
2026-04-17 18:00:00+00:00,WLDUSDT,ext54,-0.012347803163444537,-0.0020628050276533584,0.4
2026-08-22 15:00:00+00:00,WLDUSDT,ext54,0.022173855702094614,0.0045047711404189224,0.2
2025-10-10 17:00:00+00:00,WLFIUSDT,fresh,-0.12576843501326251,-0.08643136402509737,1.0
2025-10-12 17:00:00+00:00,WLFIUSDT,fresh,-0.007617016654598251,0.005481564508855546,0.6
2026-01-31 19:00:00+00:00,WLFIUSDT,fresh,0.003448900682335155,0.004945018350761921,0.4
2026-04-29 18:00:00+00:00,WLFIUSDT,fresh,-0.024647880690737988,-0.009302413342846233,0.6
2026-08-22 04:00:00+00:00,WLFIUSDT,fresh,0.13888553868402032,0.1597506208691527,1.0
2026-08-22 14:00:00+00:00,WLFIUSDT,fresh,0.014287216773757206,0.002927443354751441,0.2
2024-04-14 00:00:00+00:00,WOOUSDT,fresh,0.043107374134381364,0.008691474826876272,0.2
2024-06-18 01:00:00+00:00,WUSDT,fresh,0.05395617977528088,0.010861235955056175,0.2
2024-08-05 03:00:00+00:00,WUSDT,fresh,0.01837690595436846,0.06678268042428809,1.0
2024-10-26 01:00:00+00:00,WUSDT,fresh,0.03167990634312489,0.006405981268624977,0.2
2024-12-10 02:00:00+00:00,WUSDT,fresh,0.04856482845160658,0.024884939820769704,0.4
2025-02-03 06:00:00+00:00,WUSDT,fresh,0.018151580566155946,0.003700316113231189,0.2
2025-10-10 21:00:00+00:00,WUSDT,fresh,0.07304590481873761,0.08425550866053957,0.6
2026-03-23 19:00:00+00:00,XAGUSDT,fresh,-0.013122016222479781,-0.002734455305013161,0.4
2024-04-12 17:00:00+00:00,XAIUSDT,fresh,-0.09212549179373754,-0.0626389867825875,1.0
2024-04-13 19:00:00+00:00,XAIUSDT,fresh,-0.013137315678603666,0.04537962072192943,1.0
2024-06-07 18:00:00+00:00,XAIUSDT,fresh,0.04203777541810482,0.020319393164050195,0.4
2024-08-05 02:00:00+00:00,XAIUSDT,fresh,-0.04377990074441696,-0.0005839624660174576,1.0
2024-10-01 17:00:00+00:00,XAIUSDT,fresh,-0.003066568338249708,0.009188431979174155,0.6
2024-10-25 23:00:00+00:00,XAIUSDT,fresh,0.016898941238750676,0.00985582518295317,0.4
2024-12-09 21:00:00+00:00,XAIUSDT,fresh,0.027494097112027983,0.08539634639345264,1.0
2025-02-03 03:00:00+00:00,XAIUSDT,fresh,0.1406100694444442,0.02819201388888884,0.2
2022-05-11 12:00:00+00:00,XEMUSDT,fresh,0.06941282051282048,0.013952564102564097,0.2
2022-09-13 20:00:00+00:00,XEMUSDT,fresh,-0.01042400932400923,-0.00023610239944725215,0.6
2023-06-06 02:00:00+00:00,XEMUSDT,fresh,-0.0044003300330032295,-0.0008100660066006458,0.2
2023-06-10 07:00:00+00:00,XEMUSDT,fresh,0.030772509960159334,0.006224501992031867,0.2
2024-03-05 20:00:00+00:00,XEMUSDT,fresh,0.07331860465116279,0.014733720930232558,0.2
2024-04-12 17:00:00+00:00,XEMUSDT,fresh,-0.0803951541850222,-0.054839759464604135,1.0
2024-04-14 02:00:00+00:00,XEMUSDT,fresh,0.09032857142857119,0.04198521125332101,0.4
2024-08-05 06:00:00+00:00,XEMUSDT,fresh,-0.034249171270718255,-0.008274588624656654,0.4
2022-01-21 05:00:00+00:00,XLMUSDT,ext54,0.008017448910846537,0.005382267875797198,0.4
2022-01-22 10:00:00+00:00,XLMUSDT,ext54,0.01278812947673479,0.009730552923149383,0.4
2022-05-11 15:00:00+00:00,XLMUSDT,ext54,-0.06362821670428888,-0.021503862467442982,0.8
2022-09-19 08:00:00+00:00,XLMUSDT,ext54,0.014366408893185068,0.0029432817786370137,0.2
2023-01-19 01:00:00+00:00,XLMUSDT,ext54,0.00895085977234188,0.001860171954468376,0.2
2023-06-05 16:00:00+00:00,XLMUSDT,ext54,0.003243353526117255,0.0024209987335595986,0.4
2023-08-17 21:00:00+00:00,XLMUSDT,ext54,0.016977680329335876,0.009480925610795644,0.4
2023-10-09 09:00:00+00:00,XLMUSDT,ext54,0.007359271932325762,0.0015418543864651525,0.2
2023-10-09 16:00:00+00:00,XLMUSDT,ext54,0.004889731888191629,0.001047946377638326,0.2
2023-11-09 16:00:00+00:00,XLMUSDT,ext54,-0.013891079042309028,-0.000950234342535211,0.6
2023-11-14 08:00:00+00:00,XLMUSDT,ext54,-0.027116526221058656,-0.010553829469157745,1.0
2023-12-11 02:00:00+00:00,XLMUSDT,ext54,0.02096238887990941,0.004262477775981882,0.2
2023-12-11 08:00:00+00:00,XLMUSDT,ext54,1.234705228024915e-05,7.246941045604985e-05,0.2
2024-01-03 16:00:00+00:00,XLMUSDT,ext54,-0.004946783434277246,0.0005468073987288438,0.4
2024-02-20 16:00:00+00:00,XLMUSDT,ext54,0.022358620388942197,0.004541724077788439,0.2
2024-03-05 20:00:00+00:00,XLMUSDT,ext54,0.034819653406852884,0.007033930681370576,0.2
2024-03-16 19:00:00+00:00,XLMUSDT,ext54,0.0052030114387983,0.004348030647279988,0.4
2024-04-12 21:00:00+00:00,XLMUSDT,ext54,-0.026360942022629518,-0.008036814976201774,0.6
2024-06-07 18:00:00+00:00,XLMUSDT,ext54,0.012221223130487558,0.006640217593376107,0.4
2025-10-10 23:00:00+00:00,XLMUSDT,ext54,0.014866122961104334,0.0030432245922208667,0.2
2026-01-31 18:00:00+00:00,XLMUSDT,ext54,0.02697913209955326,0.005465826419910652,0.2
2026-08-19 23:00:00+00:00,XLMUSDT,ext54,0.017816696040418235,0.014798490824323378,0.6
2022-11-08 05:00:00+00:00,XMRUSDT,fresh,0.001276103190767198,0.00032522063815343963,0.2
2022-11-08 23:00:00+00:00,XMRUSDT,fresh,-0.010881191131720157,-0.0015549359472097565,0.4
2023-01-14 01:00:00+00:00,XMRUSDT,fresh,-0.008619628441888582,-0.0018806779650912262,0.4
2023-04-26 19:00:00+00:00,XMRUSDT,fresh,0.016556604998377068,0.019584179213926703,0.8
2023-06-06 00:00:00+00:00,XMRUSDT,fresh,0.017596924284592908,0.013514566903726894,0.6
2023-10-30 19:00:00+00:00,XMRUSDT,fresh,0.006489696412143465,0.0013679392824286932,0.2
2023-12-11 02:00:00+00:00,XMRUSDT,fresh,0.02082110809996972,0.004234221619993944,0.2
2023-12-11 08:00:00+00:00,XMRUSDT,fresh,0.021377227019992884,0.004345445403998577,0.2
2024-12-10 01:00:00+00:00,XMRUSDT,fresh,0.017696774380692715,0.025176584370936946,0.6
2024-12-20 13:00:00+00:00,XMRUSDT,fresh,0.08416642168121267,0.016903284336242535,0.2
2025-10-10 21:00:00+00:00,XMRUSDT,fresh,0.023069509786317267,0.012713542692797796,0.4
2025-10-11 00:00:00+00:00,XPINUSDT,fresh,0.10935696663863191,0.0646734411033359,0.4
2025-11-24 18:00:00+00:00,XPINUSDT,fresh,0.02644237288135586,0.005358474576271172,0.2
2025-09-26 00:00:00+00:00,XPLUSDT,fresh,-0.09831455061942708,-0.031665350491076556,0.6
2026-01-30 01:00:00+00:00,XPLUSDT,fresh,-0.004373322422258529,0.001203366277678264,0.4
2026-06-05 15:00:00+00:00,XPLUSDT,fresh,-0.03113003003003002,-0.0031854069827572497,0.6
2026-09-23 15:00:00+00:00,XPLUSDT,fresh,0.016845473369377795,0.01038498269187459,0.4
2022-01-21 06:00:00+00:00,XRPUSDT,core16,0.007659124087591052,0.0016018248175182104,0.2
2022-01-21 12:00:00+00:00,XRPUSDT,core16,0.006156034355101359,0.004336122298412593,0.4
2022-01-21 21:00:00+00:00,XRPUSDT,core16,0.024719737050530644,0.022946037133216607,0.6
2022-01-22 15:00:00+00:00,XRPUSDT,core16,0.009008051585918431,0.007418047124327842,0.4
2022-02-22 03:00:00+00:00,XRPUSDT,core16,0.001110433244915988,0.0002920866489831976,0.2
2022-08-26 20:00:00+00:00,XRPUSDT,core16,-0.015192777451556127,-0.0042967200584441536,0.6
2022-09-19 02:00:00+00:00,XRPUSDT,core16,0.012084881336067988,0.0024869762672135977,0.2
2022-11-08 19:00:00+00:00,XRPUSDT,core16,0.030977393075356397,0.016843917164605104,0.4
2023-03-09 20:00:00+00:00,XRPUSDT,core16,0.008225287986834851,0.0017150575973669702,0.2
2023-06-05 16:00:00+00:00,XRPUSDT,core16,0.0022703409992069663,0.013309714023773168,0.8
2023-06-10 05:00:00+00:00,XRPUSDT,core16,0.018042738243861812,0.003678547648772362,0.2
2023-06-13 23:00:00+00:00,XRPUSDT,core16,-0.011121198689535549,-0.0015636593373004768,0.6
2023-08-17 23:00:00+00:00,XRPUSDT,core16,-0.025818212378880833,-0.0041471524171912185,0.6
2023-11-09 16:00:00+00:00,XRPUSDT,core16,-0.001558155161881635,0.0021565685473076027,0.4
2023-12-11 08:00:00+00:00,XRPUSDT,core16,0.001470281124497864,0.0003640562248995728,0.2
2024-01-03 12:00:00+00:00,XRPUSDT,core16,0.02220960854092501,0.022287437131299388,0.6
2024-03-05 19:00:00+00:00,XRPUSDT,core16,0.04082355117139335,0.008234710234278669,0.2
2024-04-12 18:00:00+00:00,XRPUSDT,core16,0.03012634367903121,0.0060952687358062415,0.2
2024-04-13 20:00:00+00:00,XRPUSDT,core16,0.09750788863109038,0.0,0.0
2024-06-07 18:00:00+00:00,XRPUSDT,core16,0.020111503161329803,0.009798148629532842,0.4
2024-08-05 01:00:00+00:00,XRPUSDT,core16,-0.013963770560944787,0.00024821081700542903,0.6
2025-02-03 05:00:00+00:00,XRPUSDT,core16,0.03400457145352142,0.006870914290704283,0.2
2025-04-09 23:00:00+00:00,XRPUSDT,core16,0.023847619743702076,0.004839523948740415,0.2
2025-06-24 01:00:00+00:00,XRPUSDT,core16,-0.023810384543934703,-0.010133808317777705,0.8
2025-07-23 23:00:00+00:00,XRPUSDT,core16,0.0011609514837494959,0.0027080818710215064,0.4
2025-09-22 06:00:00+00:00,XRPUSDT,core16,-0.0037575012401671708,-0.0001262990643371983,0.4
2025-10-10 20:00:00+00:00,XRPUSDT,core16,-0.045848016985818425,-0.026136238002506747,1.0
2025-11-21 10:00:00+00:00,XRPUSDT,core16,0.026840323686014068,0.03516104210799089,0.8
2026-01-31 20:00:00+00:00,XRPUSDT,core16,0.042850524266968,0.008640104853393598,0.2
2026-08-19 20:00:00+00:00,XRPUSDT,core16,-0.009291499044325035,0.0009811051512180816,1.0
2026-08-20 05:00:00+00:00,XRPUSDT,core16,-0.041842417383431425,-0.029327576677276142,1.0
2026-09-23 18:00:00+00:00,XRPUSDT,core16,0.0025108324974923886,0.003136980820193591,0.4
2022-01-22 10:00:00+00:00,XTZUSDT,ext54,-0.020219153294639646,-0.0033233077730401846,0.4
2022-05-01 00:00:00+00:00,XTZUSDT,ext54,0.006054213036565826,0.009883890467065254,0.6
2022-05-05 00:00:00+00:00,XTZUSDT,ext54,-0.006489867049946151,0.0013057999677162206,0.6
2022-05-05 22:00:00+00:00,XTZUSDT,ext54,0.01232008946726314,0.0025340178934526282,0.2
2022-05-09 16:00:00+00:00,XTZUSDT,ext54,-0.0043407407407407665,0.016856033773751555,0.8
2022-05-10 01:00:00+00:00,XTZUSDT,ext54,0.061160536398467406,0.01230210727969348,0.2
2022-05-11 12:00:00+00:00,XTZUSDT,ext54,0.057657062146892694,0.011601412429378538,0.2
2022-05-12 05:00:00+00:00,XTZUSDT,ext54,0.06895948446794452,0.03520862781962421,0.4
2022-05-12 12:00:00+00:00,XTZUSDT,ext54,0.1039702504581551,0.02086405009163102,0.2
2022-11-08 22:00:00+00:00,XTZUSDT,ext54,-0.022005923344947564,-0.005180229047012952,0.4
2023-08-17 21:00:00+00:00,XVGUSDT,fresh,0.061135255783642754,0.01229705115672855,0.2
2024-04-12 19:00:00+00:00,XVGUSDT,fresh,0.06342089177617015,0.012754178355234031,0.2
2025-02-03 01:00:00+00:00,XVGUSDT,fresh,0.027028973018787917,0.0972801447562825,1.0
2024-04-13 07:00:00+00:00,XVSUSDT,fresh,-0.01129485324344327,-0.0010376006192406417,0.4
2025-03-03 10:00:00+00:00,XVSUSDT,fresh,-0.01600514905149054,-0.002893426330514981,0.4
2022-01-21 03:00:00+00:00,YFIUSDT,fresh,-0.0008591024846856911,-0.00010182049693713822,0.2
2022-03-01 00:00:00+00:00,YFIUSDT,fresh,-0.0016971520440972711,-0.00026943040881945423,0.2
2022-05-11 21:00:00+00:00,YFIUSDT,fresh,-0.0405957983193277,-0.009424484705603831,0.4
2024-01-03 12:00:00+00:00,YFIUSDT,fresh,-0.007821138639957825,0.0018417536569551754,0.6
2024-03-05 19:00:00+00:00,YFIUSDT,fresh,0.04881606043648567,0.009833212087297132,0.2
2024-04-12 17:00:00+00:00,YFIUSDT,fresh,-0.06679910587015682,-0.049110218920073695,1.0
2023-11-09 16:00:00+00:00,YGGUSDT,fresh,-0.01607902935889761,-0.0011514160711396104,0.4
2024-06-07 19:00:00+00:00,YGGUSDT,fresh,0.011455644332838733,0.0023611288665677465,0.2
2024-12-10 02:00:00+00:00,YGGUSDT,fresh,0.03902915129151296,0.02105074777297583,0.4
2026-02-01 16:00:00+00:00,ZBTUSDT,fresh,-0.008974015748031593,-0.0017248031496063187,0.2
2022-05-01 00:00:00+00:00,ZECUSDT,ext54,0.02623927154070015,0.0053178543081400294,0.2
2022-05-12 13:00:00+00:00,ZECUSDT,ext54,0.11409710266053762,0.022889420532107525,0.2
2022-09-21 18:00:00+00:00,ZECUSDT,ext54,0.06553150492264413,0.013176300984528827,0.2
2022-12-16 16:00:00+00:00,ZECUSDT,ext54,0.021996865425406454,0.0044693730850812905,0.2
2022-12-16 22:00:00+00:00,ZECUSDT,ext54,-0.016291704846877152,0.0010194873750504264,1.0
2023-02-02 03:00:00+00:00,ZECUSDT,ext54,0.01096322795341097,0.002262645590682194,0.2
2023-03-03 08:00:00+00:00,ZECUSDT,ext54,-0.006131446540880613,-0.0011562893081761227,0.2
2024-01-03 13:00:00+00:00,ZECUSDT,ext54,0.02090996677740874,0.004251993355481748,0.2
2024-03-05 22:00:00+00:00,ZECUSDT,ext54,-0.022540536013400347,-0.003976876417706132,0.4
2024-04-12 18:00:00+00:00,ZECUSDT,ext54,0.05599023941068159,0.011268047882136317,0.2
2024-04-13 20:00:00+00:00,ZECUSDT,ext54,0.0697915145005371,0.033531261646833524,0.4
2024-07-16 16:00:00+00:00,ZECUSDT,ext54,0.0449844344183049,0.00906688688366098,0.2
2024-12-10 02:00:00+00:00,ZECUSDT,ext54,0.03230440653873489,0.018036353301213524,0.4
2026-02-06 00:00:00+00:00,ZECUSDT,ext54,0.03032447749394739,0.006134895498789478,0.2
2026-02-14 21:00:00+00:00,ZECUSDT,ext54,-0.0181021678538248,-0.0028988633426220434,0.6
2026-05-06 02:00:00+00:00,ZECUSDT,ext54,-0.04131101770499258,-0.015814388578861548,0.8
2022-05-09 20:00:00+00:00,ZENUSDT,fresh,-0.061853748279326,-0.01693453083424662,1.0
2022-08-19 06:00:00+00:00,ZENUSDT,fresh,0.011351696006869905,0.002340339201373981,0.2
2024-04-12 19:00:00+00:00,ZENUSDT,fresh,0.03844006805115573,0.007758013610231146,0.2
2024-04-13 20:00:00+00:00,ZENUSDT,fresh,0.05540844302619329,0.027965612399008067,0.4
2025-02-03 01:00:00+00:00,ZENUSDT,fresh,-0.0027124925740473864,0.0760441598695325,1.0
2025-04-06 20:00:00+00:00,ZENUSDT,fresh,-0.004013025384935431,0.0033824740346430626,0.6
2025-10-10 21:00:00+00:00,ZENUSDT,fresh,-0.02081240834206256,0.007049072904140819,0.4
2025-03-04 16:00:00+00:00,ZEREBROUSDT,fresh,0.02248490566037741,0.004566981132075482,0.2
2025-04-25 18:00:00+00:00,ZEREBROUSDT,fresh,0.08497863974495222,0.017065727948990445,0.2
2024-04-12 22:00:00+00:00,ZETAUSDT,fresh,-0.038957726901062924,-0.007008773637553839,0.6
2024-04-13 20:00:00+00:00,ZETAUSDT,fresh,0.10563166683953949,0.08675912018677356,0.6
2024-06-07 18:00:00+00:00,ZETAUSDT,fresh,0.02833824270795825,0.014644918203969149,0.4
2024-06-07 23:00:00+00:00,ZETAUSDT,fresh,0.02420311017395892,0.004910622034791784,0.2
2024-10-01 23:00:00+00:00,ZETAUSDT,fresh,0.008318096199125258,0.006292325569229995,0.4
2024-11-12 12:00:00+00:00,ZETAUSDT,fresh,0.0038430179870932897,0.005581002775586142,0.4
2024-12-10 04:00:00+00:00,ZETAUSDT,fresh,0.007546779074794608,0.0015793558149589215,0.2
2022-05-11 14:00:00+00:00,ZILUSDT,ext54,-0.09803356047700175,-0.036851822727951934,0.6
2022-11-08 19:00:00+00:00,ZILUSDT,ext54,0.018869278033794113,0.012255067673586783,0.4
2023-07-05 19:00:00+00:00,ZILUSDT,ext54,0.007647697974217372,0.0015995395948434743,0.2
2023-12-11 02:00:00+00:00,ZILUSDT,ext54,0.010476135351736516,0.002165227070347303,0.2
2023-12-11 07:00:00+00:00,ZILUSDT,ext54,0.012598630136986134,0.0025897260273972265,0.2
2024-01-03 17:00:00+00:00,ZILUSDT,ext54,0.011881393336218172,0.008099198212673343,0.4
2024-03-05 20:00:00+00:00,ZILUSDT,ext54,0.15868835978835982,0.031807671957671965,0.2
2024-04-12 18:00:00+00:00,ZILUSDT,ext54,0.02834465150950415,0.00573893030190083,0.2
2024-04-13 22:00:00+00:00,ZILUSDT,ext54,-0.024544160272804826,-0.004155628960460544,0.4
2024-12-09 22:00:00+00:00,ZILUSDT,ext54,-0.03754314868804654,-0.01016654280622814,0.4
2025-10-10 21:00:00+00:00,ZKCUSDT,fresh,-0.039456164383561705,-0.0042659188879467964,0.4
2025-10-11 04:00:00+00:00,ZKCUSDT,fresh,0.012803743315508032,0.002630748663101606,0.2
2025-01-27 07:00:00+00:00,ZKUSDT,fresh,-0.0022804633318577287,0.005212582260437387,0.6
2025-02-03 02:00:00+00:00,ZKUSDT,fresh,0.1452074280807213,0.029111485616144257,0.2
2025-10-11 04:00:00+00:00,ZORAUSDT,fresh,-0.017951284468536454,-0.0035202568937072907,0.2
2024-10-26 02:00:00+00:00,ZROUSDT,fresh,0.021776401813409774,0.004425280362681955,0.2
2025-02-03 01:00:00+00:00,ZROUSDT,fresh,0.013108581983518042,0.08044913413187114,1.0
2025-07-11 07:00:00+00:00,ZROUSDT,fresh,-0.0005421458788527169,0.006078458801186931,0.6
2025-07-24 06:00:00+00:00,ZROUSDT,fresh,0.029078917870230748,0.0058857835740461495,0.2
2025-08-14 16:00:00+00:00,ZROUSDT,fresh,0.010055264039833579,0.006533615519455759,0.4
2025-10-10 21:00:00+00:00,ZROUSDT,fresh,0.07474683357879251,0.07466088459614123,0.6
2026-09-28 07:00:00+00:00,ZROUSDT,fresh,0.07662589947816555,0.01539517989563311,0.2
2023-11-16 14:00:00+00:00,ZRXUSDT,fresh,0.003507329842932106,0.0007714659685864213,0.2
2024-01-03 14:00:00+00:00,ZRXUSDT,fresh,-0.008211935683364324,-1.1227621614218154e-05,0.4
2024-02-28 17:00:00+00:00,ZRXUSDT,fresh,0.022789825744800363,0.022879010868349266,0.6
2024-04-12 18:00:00+00:00,ZRXUSDT,fresh,0.06947654075546704,0.013965308151093408,0.2
2024-12-10 02:00:00+00:00,ZRXUSDT,fresh,0.036839436129481366,0.02012529515822733,0.4
2025-02-03 09:00:00+00:00,ZRXUSDT,fresh,0.012874096796182555,0.002644819359236511,0.2
2026-01-31 18:00:00+00:00,币安人生USDT,fresh,-0.031004306220095878,0.003937164891072493,0.6
2026-04-13 14:00:00+00:00,币安人生USDT,fresh,0.06190220750551877,0.03125127949626695,0.4
2026-06-28 06:00:00+00:00,币安人生USDT,fresh,0.1793802478698684,0.07776695868529654,0.4
2026-07-04 21:00:00+00:00,币安人生USDT,fresh,0.05735201238390097,0.026043810977113713,0.4
