tree
version=v4
num_class=1
num_tree_per_iteration=1
label_index=0
max_feature_idx=14
objective=regression
feature_names=aggr vol_ratio body close_loc brk_atr stop_atr ret30 effort cvd20 atr_ratio range10 approach rs7 breadth with_trend2
feature_infos=[0.38094625454057829:0.68398053815792037] [0.225339779296652:43.139378471533881] [0:1] [0.10576923076923184:1] [7.2272955177323615e-15:2.9539666774097939] [0.31075117368048438:3.9998357636367969] [-0.68083530119924063:7.6273875991771973] [-0.88201198562576932:7.4669592269599585] [-0.10776733365237802:0.10453913971549933] [0.32713929615678355:3.4423790578626057] [0.39091403926493257:4.7453090057655434] [-4.2334416019372538:3.476885584255029] [-1.1273378447686548:0.64563229667730249] [-7:19] [0:1]
tree_sizes=921 950 863 945 946 854 949 866 945 858 951 951 952 858 951 868 958 862 959 957 952 944 945 867 862 862 954 946 865 856 944 943 854 952 942 865 862 943 945 1041 962 951 942 774 958 952 862 938 959 944 952 946 1042 950 1045 942 957 1044 950 862 955 953 950 1050 862 1032 961 873 862 1042 950 864 951 864 958 869 956 949 867 963 869 962 855 955 863 957 867 947 955 869 953 948 956 786 950 1048 1041 954 862 944 950 961 873 953 953 944 949 1038 955 955 957 950 963 943 955 954 953 1043 871 1044 955 955 958 947 1046 959 958 858 951 953 947 946 775 773 956 957 778 956 963 1037 972 952 1036 957 945 953 954 959 1050 947 949 949 865 952 956 953 942 954 951 957 1036 873 947 957 1046 965 956 960 1043 866 954 947 950 867 953 873 1050 945 871 958 944 952 956 865 955 952 956 947 944 1031 960 953 957 865 869 955 866 955 957 958 1044 1045 956 1044 952 871 951 862 970 959 955 957 954 943 953 958 955 956 866 871 1040 962 960 867 1038 948 871 1032 962 860 956 950 862 958 864 955 957 870 953 957 1036 861 1048 867 867 864 866 861 946 1036 959 959 943 872 954 946 953 1048 957 948 950 947 857 967 957 946 1045 875 950 863 949 958 867 865 951 869 866 784 957 864 864 957 860 962 869 955 960 866 950 866 865 1042 956 956 1036 864 953 952 877 871

Tree=0
num_leaves=9
num_cat=0
split_feature=8 12 7 12 4 11 3 10
split_gain=52.5351 27.8616 29.517 30.826 28.5692 12.7462 30.5455 6.58792
threshold=0.012791728740410535 0.017900989130016313 0.19342197749917633 -0.039229858721082582 0.2189798614514539 1.0646713530488112 0.7903225806451617 1.7614309782947066
decision_type=2 2 10 2 2 2 2 2
left_child=1 2 -1 -4 -5 6 -2 -3
right_child=5 7 3 4 -6 -7 -8 -9
leaf_value=0.0053362292788349079 0.011246707249182669 0.002013524306710094 0.0092227879265207903 0.030241309984052479 0.014566883075177841 0.024604936737592627 0.025579714519354958 0.0090278434719210637
leaf_weight=237 310 247 245 208 205 368 228 263
leaf_count=237 310 247 245 208 205 368 228 263
internal_value=0.0147226 0.0110956 0.0142997 0.0175781 0.0225467 0.0203387 0.0173607 0.00553583
internal_weight=2311 1405 895 658 413 906 538 510
internal_count=2311 1405 895 658 413 906 538 510
is_linear=0
shrinkage=1


Tree=1
num_leaves=9
num_cat=0
split_feature=8 5 11 8 1 6 8 3
split_gain=34.853 23.4531 16.5847 20.0912 17.6271 14.352 18.1768 8.17184
threshold=0.019093691865949083 2.4158608893115558 0.39151770906391165 -0.028102587426400986 0.90583769161834427 -0.0067284831876833198 -0.022230676368759032 0.70930232558139561
decision_type=2 2 2 2 2 8 2 2
left_child=2 -2 5 -4 -5 6 -1 -3
right_child=1 7 3 4 -6 -7 -8 -9
leaf_value=-0.01615024236831027 -0.0026086143613531349 0.012517970167929148 0.0070838087468291623 0.0038607691251233501 -0.0068561475830938431 -0.0011469364822026074 -0.0040085250081880611 0.0047292411101135341
leaf_weight=208 262 231 235 207 395 286 241 270
leaf_count=208 262 231 235 207 395 286 241 270
internal_value=-0.000609161 0.00463318 -0.00316025 -0.000265869 -0.00316965 -0.00643224 -0.00974912 0.00840866
internal_weight=2335 763 1572 837 602 735 449 501
internal_count=2335 763 1572 837 602 735 449 501
is_linear=0
shrinkage=0.03


Tree=2
num_leaves=8
num_cat=0
split_feature=11 4 8 8 0 0 13
split_gain=20.9161 16.0648 14.8513 22.2358 22.1417 8.12746 13.2947
threshold=0.44362454042104177 0.13059950509403109 0.025109777578703696 -0.029133623554507222 0.51881919122302012 0.50406420769225391 1.5000000000000002
decision_type=2 2 2 2 2 2 2
left_child=1 -1 3 -2 -5 -3 -7
right_child=2 5 -4 4 -6 6 -8
leaf_value=0.0013082733327655918 0.008126842670822065 -0.011322261768759095 0.0066332199718090127 -0.0076003719348547751 0.0033437695182938049 0.00099957691381107375 -0.0087977837191055095
leaf_weight=345 204 219 379 395 281 227 269
leaf_count=345 204 219 379 395 281 227 269
internal_value=-0.000901526 -0.00399717 0.00171031 -0.00043539 -0.00305996 -0.00654844 -0.00434868
internal_weight=2319 1060 1259 880 676 715 496
internal_count=2319 1060 1259 880 676 715 496
is_linear=0
shrinkage=0.03


Tree=3
num_leaves=9
num_cat=0
split_feature=8 0 12 5 7 9 10 6
split_gain=34.7445 26.043 28.3646 22.2362 21.3729 7.60465 6.42629 4.65223
threshold=0.043070422596682499 0.51853862885177859 0.02232762563095653 2.0934690229142014 0.62539170112948694 0.94132625985245777 1.9008378333927356 -0.0038784635414755848
decision_type=2 2 2 2 10 2 2 8
left_child=1 2 4 -3 -1 6 -5 -4
right_child=-2 3 7 5 -6 -7 -8 -9
leaf_value=-0.0054890750912018121 0.011969032551341859 -0.0045249634102265549 -0.0063735949168770723 0.0048035622341215936 0.0049216339269696615 0.00128664831464578 0.011997951804884135 -0.012852641051878857
leaf_weight=325 215 249 224 267 379 226 203 209
leaf_count=325 215 249 224 267 379 226 203 209
internal_value=0.000630625 -0.000566118 -0.00361778 0.00310528 0.000110737 0.00584787 0.00800451 -0.00961191
internal_weight=2297 2082 1137 945 704 696 470 433
internal_count=2297 2082 1137 945 704 696 470 433
is_linear=0
shrinkage=0.03


Tree=4
num_leaves=9
num_cat=0
split_feature=5 12 4 0 4 11 12 11
split_gain=37.1418 21.2701 19.5069 16.366 14.8254 23.3205 7.6067 9.24465
threshold=1.4440779923304334 0.10868460550008131 0.42568580976662923 0.52914594596809661 0.28160290588041864 -0.19419487185550596 0.035484405077472365 0.80771572937223002
decision_type=2 2 2 2 2 2 2 2
left_child=-1 2 4 -4 5 -2 7 -7
right_child=1 -3 3 -5 -6 6 -8 -9
leaf_value=-0.010171612682800988 -0.006140580364351356 -0.0076566350732420402 -0.0063101946540112825 0.0042674809448280428 0.010386166579547664 0.011452115721511259 0.00055926032341926935 0.0035609592235865462
leaf_weight=282 210 207 344 207 284 231 244 324
leaf_count=282 210 207 344 207 284 231 244 324
internal_value=-6.20716e-05 0.00134928 0.00237822 -0.00233373 0.00438743 0.0026561 0.00499193 0.00691831
internal_weight=2333 2051 1844 551 1293 1009 799 555
internal_count=2333 2051 1844 551 1293 1009 799 555
is_linear=0
shrinkage=0.03


Tree=5
num_leaves=8
num_cat=0
split_feature=0 5 12 7 2 9 3
split_gain=32.2075 28.7278 14.3976 14.0204 13.9871 11.2311 8.10516
threshold=0.51853862885177859 2.0934690229142014 0.037349714544004382 1.0695737054805681 0.7167372881355939 0.92122088857292572 0.84444444444444433
decision_type=2 2 2 10 2 2 2
left_child=2 -2 3 6 5 -3 -1
right_child=1 4 -4 -5 -6 -7 -8
leaf_value=-0.0057600119413140621 -0.0033915746738766408 0.013648882980340222 -0.0076836439566340398 0.0053612589643282048 0.0016112418330491028 0.004830185567823996 0.0013439002734053284
leaf_weight=369 309 318 358 250 266 231 233
leaf_count=369 309 318 358 250 266 231 233
internal_value=0.000711316 0.00435802 -0.0026802 -0.000545245 0.00729898 0.0100154 -0.00302207
internal_weight=2334 1124 1210 852 815 549 602
internal_count=2334 1124 1210 852 815 549 602
is_linear=0
shrinkage=0.03


Tree=6
num_leaves=9
num_cat=0
split_feature=8 6 3 7 10 1 8 12
split_gain=25.8955 24.3054 19.4058 25.8457 11.7779 10.9442 9.49613 6.5134
threshold=-0.0060219553060403734 -0.012764244409940338 0.85989056159117971 0.62539170112948694 1.9863702703843782 1.6077780052317527 0.027896709470757012 0.0035556996882431528
decision_type=2 8 2 10 2 2 2 2
left_child=2 4 3 -1 -2 6 -3 -5
right_child=1 5 -4 7 -6 -7 -8 -9
leaf_value=-0.013592871990807068 0.0027348440315736137 -0.0031397706746689176 0.0022116115805481946 0.001424399415962398 0.011003013793556978 -0.0072485917795039531 0.0057991860269046413 -0.0058406197958314667
leaf_weight=281 329 219 326 235 296 204 200 203
leaf_count=281 329 219 326 235 296 204 200 203
internal_value=-0.000362314 0.00255061 -0.00383668 -0.00657535 0.0067069 -0.00163922 0.0011451 -0.00197064
internal_weight=2293 1248 1045 719 625 623 419 438
internal_count=2293 1248 1045 719 625 623 419 438
is_linear=0
shrinkage=0.03


Tree=7
num_leaves=8
num_cat=0
split_feature=12 8 12 6 7 3 11
split_gain=33.7304 21.0567 23.2957 21.8531 15.9443 13.0484 11.2066
threshold=-0.048614271430963189 0.0010876400994656516 0.018237756644307105 0.064683306183678027 0.52197748781156139 0.78642082012868653 1.0023061607635246
decision_type=2 2 2 8 10 2 2
left_child=-1 2 4 6 -2 -4 -3
right_child=1 3 5 -5 -6 -7 -8
leaf_value=-0.0077625473030299569 -0.0026729403623632331 0.0045575521317465853 -0.011594719822114368 -0.00061867793823549265 0.0078631233804238344 -0.0009150635065726827 0.012371946916114896
leaf_weight=355 231 355 207 384 283 202 320
leaf_count=355 231 355 207 384 283 202 320
internal_value=0.000688593 0.00221802 -0.00109238 0.00509486 0.00314791 -0.00639492 0.00832588
internal_weight=2337 1982 923 1059 514 409 675
internal_count=2337 1982 923 1059 514 409 675
is_linear=0
shrinkage=0.03


Tree=8
num_leaves=9
num_cat=0
split_feature=6 8 6 12 11 3 0 0
split_gain=28.206 23.6787 23.3222 19.0846 15.6914 11.7777 6.70007 6.15121
threshold=0.3257146318085366 0.0010876400994656516 -0.097806703917836454 0.01585736219535561 1.0646713530488112 0.78542781723519262 0.50154525528226479 0.5281715206012938
decision_type=10 2 8 2 2 2 2 2
left_child=1 2 6 -4 5 -3 -1 -6
right_child=-2 4 3 -5 7 -7 -8 -9
leaf_value=-0.0026704389799795136 -0.010093570365822195 -0.0024853236436372596 0.0063585028008503073 -0.0048040816567838191 0.0050800192700294049 0.0058963903355065874 -0.0099810909069938582 0.01265184217237233
leaf_weight=200 217 327 352 220 202 272 269 202
leaf_count=200 217 327 352 220 202 272 269 202
internal_value=6.38586e-05 0.00116421 -0.00200114 0.00206077 0.00444312 0.00133803 -0.0069246 0.00897432
internal_weight=2261 2044 1041 572 1003 599 469 404
internal_count=2261 2044 1041 572 1003 599 469 404
is_linear=0
shrinkage=0.03


Tree=9
num_leaves=8
num_cat=0
split_feature=8 2 13 12 4 3 8
split_gain=25.8667 16.471 14.3831 15.1152 11.1683 9.97505 5.002
threshold=0.0010876400994656516 0.63911657559198853 3.5000000000000004 0.035484405077472365 0.47575613775540709 0.7535239229700238 -0.027463297368378835
decision_type=2 2 2 2 2 2 2
left_child=1 5 3 -2 -3 6 -1
right_child=2 4 -4 -5 -6 -7 -8
leaf_value=0.0013610120708388942 0.010336816697791219 -0.002869342845741201 -0.00097431333179119975 0.0017323522778429292 -0.011713589282423656 0.0058880900541293957 -0.0050121365619611134
leaf_weight=205 370 312 395 365 219 206 232
leaf_count=205 370 312 395 365 219 206 232
internal_value=0.000404698 -0.00270831 0.00363661 0.00610443 -0.00659221 0.00052519 -0.00204087
internal_weight=2304 1174 1130 735 531 643 437
internal_count=2304 1174 1130 735 531 643 437
is_linear=0
shrinkage=0.03


Tree=10
num_leaves=9
num_cat=0
split_feature=12 13 12 4 3 3 5 5
split_gain=20.4217 24.1542 24.4529 18.7281 21.0546 15.0634 12.9227 9.90733
threshold=-0.048614271430963189 6.5000000000000009 0.10516841476038387 0.43433865720086234 0.84793494152046811 0.63380281690140705 2.5182952645390619 2.6764177107308096
decision_type=2 2 2 2 2 2 2 2
left_child=-1 2 3 4 5 -2 -7 -5
right_child=1 -3 -4 7 -6 6 -8 -9
leaf_value=-0.0067673813460302915 0.0076847495077217512 -0.0086706852079685582 -0.0070843007884520501 -0.0065975188277661795 0.011694312603858897 -0.0062913419833281435 0.0037250693941680811 0.002628249614499509
leaf_weight=350 324 201 219 202 341 203 257 208
leaf_count=350 324 201 219 202 341 203 257 208
internal_value=-0.000146948 0.00105254 0.00218825 0.00352988 0.00552379 0.00278283 -0.000715335 -0.00194185
internal_weight=2305 1955 1754 1535 1125 784 460 410
internal_count=2305 1955 1754 1535 1125 784 460 410
is_linear=0
shrinkage=0.03


Tree=11
num_leaves=9
num_cat=0
split_feature=8 6 7 12 13 9 5 9
split_gain=23.0899 17.1559 16.3581 33.2083 14.6155 12.6308 9.66218 8.97028
threshold=0.0010876400994656516 0.061149533581195466 0.62539170112948694 0.012283870433488721 1.5000000000000002 0.7442535703279286 2.8113976385325254 0.90660252253695928
decision_type=2 8 10 2 2 2 2 2
left_child=2 5 6 -4 -3 -2 -1 -7
right_child=1 4 3 -5 -6 7 -8 -9
leaf_value=-0.0091683887032692445 -0.00045857968807652374 0.0035839166717360846 0.0070387683291847887 -0.0075052830889541658 -0.0073414634690918724 0.013072599447849723 -0.0012833989617725213 0.0048891520406432031
leaf_weight=388 202 225 320 245 207 211 220 296
leaf_count=388 202 225 320 245 207 211 220 296
internal_value=-5.33064e-06 0.00302644 -0.00295472 0.000721542 -0.00167526 0.0058829 -0.00634901 0.00838929
internal_weight=2314 1141 1173 565 432 709 608 507
internal_count=2314 1141 1173 565 432 709 608 507
is_linear=0
shrinkage=0.03


Tree=12
num_leaves=9
num_cat=0
split_feature=8 6 3 12 6 4 4 2
split_gain=24.1241 22.1212 21.4045 16.0562 18.5012 11.8907 10.5747 7.25543
threshold=0.012791728740410535 -0.015223704273196357 0.79365079365079627 0.040459624331320672 -0.10604462376784844 0.24182787316890195 0.33917824779252426 0.59958576998050217
decision_type=2 8 2 2 8 2 2 2
left_child=3 7 -3 4 5 -1 -6 -2
right_child=1 2 -4 -5 6 -7 -8 -9
leaf_value=-0.00039452817892588306 0.012531826539443023 -0.0060718481991793556 0.0066581696787699389 -0.0078725401572883134 0.0060371909221267755 -0.010478478736849954 -0.0019056944630574434 0.0045887937373812722
leaf_weight=216 223 269 205 350 366 201 251 206
leaf_count=216 223 269 205 350 366 201 251 206
internal_value=0.000118435 0.00392073 -0.000554219 -0.00236758 -0.000475281 -0.0053217 0.00281662 0.0088145
internal_weight=2287 903 474 1384 1034 417 617 429
internal_count=2287 903 474 1384 1034 417 617 429
is_linear=0
shrinkage=0.03


Tree=13
num_leaves=8
num_cat=0
split_feature=0 5 6 11 11 3 2
split_gain=22.1762 16.7668 14.2991 12.1301 23.6652 18.2051 6.68914
threshold=0.51853862885177859 2.8533154153080917 0.076193580181742063 1.5299161781560067 0.93207131418200884 0.78642082012868653 0.65326328551222634
decision_type=2 2 8 2 2 2 2
left_child=3 2 -2 4 5 -1 -3
right_child=1 6 -4 -5 -6 -7 -8
leaf_value=-0.008132341580328337 0.003284658818496483 0.010304191411610401 -0.0060347471362314159 -0.0085725734968764289 0.0075870108431440163 0.0013704560210812935 0.0030838243376355508
leaf_weight=389 399 276 229 251 209 334 206
leaf_count=389 399 276 229 251 209 334 206
internal_value=6.55002e-05 0.00310407 -0.000134484 -0.00278663 -0.00119097 -0.00376313 0.00728165
internal_weight=2293 1110 628 1183 932 723 482
internal_count=2293 1110 628 1183 932 723 482
is_linear=0
shrinkage=0.03


Tree=14
num_leaves=9
num_cat=0
split_feature=8 6 9 8 8 13 9 12
split_gain=30.493 22.0153 19.1695 13.9682 11.1332 10.5816 8.07852 11.488
threshold=-0.0012975779570430881 0.064683306183678027 0.73808279834620705 -0.034189192141324216 0.023011522701170819 1.5000000000000002 0.84187202007938577 0.0035556996882431528
decision_type=2 8 2 2 2 2 2 2
left_child=3 2 -2 -1 -4 -3 7 -5
right_child=1 5 4 6 -6 -7 -8 -9
leaf_value=0.0016927354236983734 -0.001255235096747146 0.0024413847319054893 0.0048203861332939864 0.0012938234155281767 0.013644448085427545 -0.0067232409199938104 -0.0088396181475259468 -0.0081590191758260499
leaf_weight=340 201 241 249 263 281 206 362 200
leaf_count=340 201 241 249 263 281 206 362 200
internal_value=2.72948e-05 0.00342357 0.00661428 -0.00340684 0.0095826 -0.00180979 -0.00550602 -0.00283302
internal_weight=2343 1178 731 1165 530 447 825 463
internal_count=2343 1178 731 1165 530 447 825 463
is_linear=0
shrinkage=0.03


Tree=15
num_leaves=8
num_cat=0
split_feature=11 0 7 12 6 6 12
split_gain=26.6966 17.8795 18.6514 22.1217 13.711 13.7168 6.81748
threshold=-0.45648470469851293 0.51853862885177859 0.62539170112948694 0.002405356083453714 -0.050388194931517631 0.11875365252963778 -0.0073227799208102065
decision_type=2 2 10 2 10 10 2
left_child=6 2 -2 -4 -3 -6 -1
right_child=1 4 3 -5 5 -7 -8
leaf_value=-0.010478782583082068 -0.0062259524336166243 0.00040761522723112216 0.0089721488072216395 -0.0031319802778076822 0.012593675232832476 0.0025066292635664788 -0.0031714591568858504
leaf_weight=202 392 383 242 298 262 228 273
leaf_count=202 392 383 242 298 262 228 273
internal_value=-6.59236e-05 0.00160229 -0.00128556 0.00232501 0.00467507 0.00797284 -0.00635578
internal_weight=2280 1805 932 540 873 490 475
internal_count=2280 1805 932 540 873 490 475
is_linear=0
shrinkage=0.03


Tree=16
num_leaves=9
num_cat=0
split_feature=8 5 8 12 0 12 12 10
split_gain=17.355 13.4962 21.9299 17.5275 17.989 13.4843 10.048 13.3887
threshold=0.042309832643999248 1.37686412589061 -0.02994664557430126 -0.048614271430963189 0.51853862885177859 0.031219891817346582 0.0096583392776913319 1.788037120655414
decision_type=2 2 2 2 2 2 2 2
left_child=1 -1 -3 -4 5 -5 -6 -8
right_child=-2 2 3 4 6 -7 7 -9
leaf_value=-0.0072340166464794518 0.0077561724077485775 0.0067596880775257192 -0.0096329125341082216 0.00010315854484034133 0.0081743727608028262 -0.0089052144605768369 -0.0044753139704992173 0.0056863709486711881
leaf_weight=253 232 353 201 329 228 269 233 224
leaf_count=253 232 353 201 329 228 269 233 224
internal_value=6.16821e-05 -0.000808916 9.32126e-05 -0.00150992 -0.000204884 -0.00398934 0.00310389 0.000513104
internal_weight=2322 2090 1837 1484 1283 598 685 457
internal_count=2322 2090 1837 1484 1283 598 685 457
is_linear=0
shrinkage=0.03


Tree=17
num_leaves=8
num_cat=0
split_feature=8 0 13 2 11 11 3
split_gain=29.0266 16.9162 12.7906 13.3625 11.3985 18.5943 12.46
threshold=0.042309832643999248 0.51853862885177859 1.0000000180025095e-35 0.7167372881355939 1.5299161781560067 0.42550589179262716 0.78642082012868653
decision_type=2 2 2 2 2 2 2
left_child=1 4 -3 -4 5 6 -1
right_child=-2 2 3 -5 -6 -7 -8
leaf_value=-0.01020802906126176 0.009375169749360486 0.0064327633754795496 0.0025642421954237904 -0.0064006282045856594 -0.0096837429956958421 0.0028004393566027283 -0.0010094831883907317
leaf_weight=280 244 312 375 242 238 370 250
leaf_count=280 244 312 375 242 238 370 250
internal_value=-0.000303381 -0.00146576 0.00153388 -0.00097515 -0.00391049 -0.00233872 -0.00591908
internal_weight=2311 2067 929 617 1138 900 530
internal_count=2311 2067 929 617 1138 900 530
is_linear=0
shrinkage=0.03


Tree=18
num_leaves=9
num_cat=0
split_feature=8 6 12 6 12 0 12 7
split_gain=16.4505 10.0714 11.379 17.909 20.1173 15.7251 15.5963 10.4875
threshold=0.045151563404313401 0.3257146318085366 0.028328068259987241 -0.12256538939411264 -0.019104001470120698 0.51799377147999792 -0.028170502269042882 0.63966236578380586
decision_type=2 10 2 8 2 2 2 10
left_child=1 2 3 4 -1 -4 -5 -8
right_child=-2 -3 5 6 -6 -7 7 -9
leaf_value=-0.0092120053200051184 0.0078491668018645464 -0.0069389141189445435 -0.0076439413376677501 0.010266931740823288 0.0032566590535218621 0.00099678403953109423 -0.0030320107461921722 0.0060219047535997874
leaf_weight=229 205 221 356 264 228 397 246 208
leaf_count=229 205 221 356 264 228 397 246 208
internal_value=-0.000166171 -0.000947225 -0.000244246 0.00159884 -0.00302339 -0.00311181 0.0045414 0.00113645
internal_weight=2354 2149 1928 1175 457 753 718 454
internal_count=2354 2149 1928 1175 457 753 718 454
is_linear=0
shrinkage=0.03


Tree=19
num_leaves=9
num_cat=0
split_feature=6 8 11 4 6 13 3 11
split_gain=16.892 18.2411 14.5963 12.0644 14.1561 10.4933 9.17591 5.79499
threshold=0.3257146318085366 -0.0035258600486174703 1.0945883591406567 0.12727521823997331 -0.095895657671244347 1.0000000180025095e-35 0.70930232558139561 0.26055001754707902
decision_type=8 2 2 2 10 2 2 2
left_child=1 3 5 -1 -5 -3 -4 -7
right_child=-2 2 6 4 -6 7 -8 -9
leaf_value=0.002520643250415257 -0.0083204086227832656 0.0055214117121967395 0.011537092732667753 -0.0093626874149919832 -0.00082439889029046749 0.00069027492953257011 0.0027178066498450421 -0.0060992259079352094
leaf_weight=283 223 215 215 321 379 242 213 206
leaf_count=283 223 215 215 321 379 242 213 206
internal_value=-0.000569504 0.000281892 0.00294609 -0.00267496 -0.00477845 0.000147113 0.00723012 -0.00246454
internal_weight=2297 2074 1091 983 700 663 428 448
internal_count=2297 2074 1091 983 700 663 428 448
is_linear=0
shrinkage=0.03


Tree=20
num_leaves=9
num_cat=0
split_feature=13 0 11 9 13 9 1 6
split_gain=16.927 18.744 15.1622 13.2495 11.8814 9.96621 14.0061 9.35129
threshold=7.5000000000000009 0.55298789622557065 0.39151770906391165 0.71333749100254418 1.0000000180025095e-35 0.85377242780943574 0.90583769161834427 -0.052308545546979716
decision_type=2 2 2 2 2 2 2 10
left_child=1 2 4 -4 -1 -5 -7 -6
right_child=-2 -3 3 5 7 6 -8 -9
leaf_value=0.0014050149596858256 -0.0075706050411559816 0.0096824746053213277 -0.003563957151207255 0.0085752471796110598 -0.010185455561004969 0.0078993806217712657 -0.0018963330717172561 -0.0016255535275435619
leaf_weight=343 210 209 241 312 228 208 339 231
leaf_count=343 210 209 241 312 228 208 339 231
internal_value=0.000450697 0.00126465 0.000316703 0.00259896 -0.00281028 0.00433864 0.00186636 -0.00594147
internal_weight=2321 2111 1902 1100 802 859 547 459
internal_count=2321 2111 1902 1100 802 859 547 459
is_linear=0
shrinkage=0.03


Tree=21
num_leaves=9
num_cat=0
split_feature=4 3 13 3 5 7 5 1
split_gain=18.0478 17.8328 18.1648 17.0231 14.449 7.95018 6.4161 6.34991
threshold=0.43433865720086234 0.80756156886591635 1.0000000180025095e-35 0.63692350923204788 2.8648865395743255 0.44082601014454581 2.5182952645390619 1.2013349655066008
decision_type=2 2 2 2 2 10 2 2
left_child=1 3 -3 6 5 -2 -1 -5
right_child=4 2 -4 7 -6 -7 -8 -9
leaf_value=-0.00053447972264673036 -0.0033156057703028238 0.012233893789712957 0.0016776126830394926 -0.0071699913641116103 0.0017949692790121348 -0.011407967177506509 0.0064490668692043143 -0.00039150539426765308
leaf_weight=205 244 242 366 296 259 202 273 213
leaf_count=205 244 242 366 296 259 202 273 213
internal_value=0.000159691 0.00192578 0.00594481 -0.000567455 -0.00382136 -0.0070666 0.0034795 -0.00436482
internal_weight=2300 1595 608 987 705 446 478 509
internal_count=2300 1595 608 987 705 446 478 509
is_linear=0
shrinkage=0.03


Tree=22
num_leaves=9
num_cat=0
split_feature=5 1 7 14 7 2 9 7
split_gain=22.778 21.2021 15.7073 12.99 20.9238 19.5942 13.0268 6.31394
threshold=1.4440779923304334 1.8418759556259097 0.69065325554168255 1.0000000180025095e-35 0.65089321724858185 0.69047619047619013 0.9033292966796278 0.53595439861092553
decision_type=2 2 10 2 8 2 2 10
left_child=-1 3 -3 6 5 -5 7 -2
right_child=1 2 -4 4 -6 -7 -8 -9
leaf_value=-0.0078362287826290941 0.00027260978103560559 -0.0096483457313408533 0.00051272326635874125 0.015578220621267944 -0.0010514155730730057 0.0029767263926047268 -0.0044911457443609828 0.0072810257200358643
leaf_weight=282 250 231 325 242 241 207 295 211
leaf_count=282 250 231 325 242 241 207 295 211
internal_value=6.91582e-05 0.00119945 -0.00375724 0.00311172 0.00607229 0.00986539 0.000387481 0.00352407
internal_weight=2284 2002 556 1446 690 449 756 461
internal_count=2284 2002 556 1446 690 449 756 461
is_linear=0
shrinkage=0.03


Tree=23
num_leaves=8
num_cat=0
split_feature=8 7 12 12 9 9 0
split_gain=14.3639 10.8224 11.702 20.9816 12.9197 15.549 7.78821
threshold=0.045151563404313401 0.016395438021599779 -0.044266721453943607 0.025894902274882396 0.8402066407127865 0.71443515455215201 0.51826726957564329
decision_type=2 10 2 2 2 2 2
left_child=1 -1 -3 4 5 -4 -5
right_child=-2 2 3 6 -6 -7 -8
leaf_value=-0.0056384321302508133 0.0074995473349784934 -0.0051798106620628984 0.0025307192411755434 -0.0054505764060550823 0.00015927993420703976 0.013884523064029259 0.00069235345659777515
leaf_weight=345 200 305 227 366 324 208 370
leaf_count=345 200 305 227 366 324 208 370
internal_value=-8.82482e-05 -0.00081153 0.000126682 0.00122293 0.00470803 0.00805575 -0.00237858
internal_weight=2345 2145 1800 1495 759 435 736
internal_count=2345 2145 1800 1495 759 435 736
is_linear=0
shrinkage=0.03


Tree=24
num_leaves=8
num_cat=0
split_feature=3 11 4 10 8 4 12
split_gain=18.318 19.5868 19.4582 23.0433 15.9798 9.38351 3.79483
threshold=0.84444444444444433 0.96695750183900298 0.42918033625647961 1.6830414202774289 0.023011522701170819 0.14401772777286706 0.00037716547949012696
decision_type=2 2 2 2 2 2 2
left_child=1 5 3 -2 -3 -1 -7
right_child=2 4 -4 -5 -6 6 -8
leaf_value=-0.0005425115653154382 0.00076825331774307414 -0.0014746175955995605 -0.0024539153268593908 0.013921609455776378 0.0084331422901571494 -0.0038667279557400452 -0.0088046906106226744
leaf_weight=341 235 378 276 241 233 254 348
leaf_count=341 235 378 276 241 233 254 348
internal_value=2.7957e-05 -0.00183126 0.00385673 0.00750332 0.00234141 -0.00453296 -0.00677024
internal_weight=2306 1554 752 476 611 943 602
internal_count=2306 1554 752 476 611 943 602
is_linear=0
shrinkage=0.03


Tree=25
num_leaves=8
num_cat=0
split_feature=8 5 8 11 3 4 11
split_gain=28.5045 18.2427 19.0857 13.6142 12.5989 11.5877 7.54629
threshold=0.0010876400994656516 1.9005912971608341 -0.028102587426400986 1.0646713530488112 0.78542781723519262 0.33917824779252426 1.6861256277897205
decision_type=2 2 2 2 2 2 2
left_child=1 -1 -3 4 -2 -4 -5
right_child=3 2 5 6 -6 -7 -8
leaf_value=-0.0094697935818069002 -0.0032532931610941888 0.0044743389545678193 -0.00078793727127888873 0.011459739054508001 0.0048306033782222688 -0.0096115235868981675 0.0034440992063783267
leaf_weight=330 370 326 307 201 318 234 230
leaf_count=330 370 326 307 201 318 234 230
internal_value=-0.000311933 -0.00352277 -0.00121787 0.0031231 0.000491053 -0.00465749 0.0072708
internal_weight=2316 1197 867 1119 688 541 431
internal_count=2316 1197 867 1119 688 541 431
is_linear=0
shrinkage=0.03


Tree=26
num_leaves=9
num_cat=0
split_feature=8 12 12 9 13 9 2 2
split_gain=13.4382 16.4747 16.0884 15.2851 13.1998 9.79762 9.69646 7.11972
threshold=0.020873351440649428 0.017900989130016313 -0.048614271430963189 0.92122088857292572 1.0000000180025095e-35 0.82706764383202225 0.58497768426544394 0.62276308029320082
decision_type=2 2 2 2 2 2 2 2
left_child=1 2 -1 6 -4 -3 -2 -6
right_child=3 5 4 -5 7 -7 -8 -9
leaf_value=-0.0048616856317788074 0.01156915730382338 -0.0096582370738621508 0.0089107153410512233 -0.0018855627069127533 0.0039927191018327094 -0.0020021050309255118 0.0023041539124110666 -0.0037733670901860241
leaf_weight=307 204 276 241 296 209 331 204 206
leaf_count=307 204 276 241 296 209 331 204 206
internal_value=-0.000140962 -0.00168458 0.000757698 0.00328909 0.00340438 -0.00553378 0.00702063 0.000138718
internal_weight=2274 1570 963 704 656 607 408 415
internal_count=2274 1570 963 704 656 607 408 415
is_linear=0
shrinkage=0.03


Tree=27
num_leaves=9
num_cat=0
split_feature=2 3 5 9 5 8 3 2
split_gain=12.2876 18.1853 22.176 15.3337 15.2912 11.7788 6.93781 8.63217
threshold=0.7167372881355939 0.78642082012868653 2.9429670358652196 0.93086253104463534 2.7236668024190123 -0.0043418010183166869 0.60736889692586038 0.57352941176470607
decision_type=2 2 2 2 2 2 2 2
left_child=1 2 6 -4 -3 -2 -1 -8
right_child=5 4 3 -5 -6 -7 7 -9
leaf_value=-0.00083629288814134062 -0.0077578213133194761 0.010858057077088968 0.0090980597755759372 -0.0019231576142715089 3.4219232706113824e-05 0.00035589445385303864 -0.011098904509681673 -0.0023622500285191434
leaf_weight=319 328 257 252 201 213 311 201 208
leaf_count=319 328 257 252 201 213 311 201 208
internal_value=-0.000321169 0.00104699 -0.000943054 0.00424024 0.00600478 -0.00383679 -0.0041753 -0.006738
internal_weight=2290 1651 1181 453 470 639 728 409
internal_count=2290 1651 1181 453 470 639 728 409
is_linear=0
shrinkage=0.03


Tree=28
num_leaves=8
num_cat=0
split_feature=13 12 12 3 6 4 3
split_gain=17.8084 18.8736 33.9389 15.6983 15.5131 13.9983 11.4972
threshold=6.5000000000000009 -0.048614271430963189 0.034440070609094993 0.85383406609940271 0.025575761246460663 0.33323663835279027 0.78542781723519262
decision_type=2 2 2 2 8 2 2
left_child=1 -1 5 4 -4 6 -3
right_child=-2 2 3 -5 -6 -7 -8
leaf_value=-0.0061458037578679542 -0.0074731399041825328 0.0049148606648188589 -0.00072738638794902014 0.0039746825959342197 -0.010905984832919957 0.00082697381442887628 0.013191855930905232
leaf_weight=292 256 383 290 219 248 348 256
leaf_count=292 256 383 290 219 248 348 256
internal_value=-9.45996e-05 0.000849189 0.00203459 -0.00273421 -0.0054766 0.00568746 0.00830752
internal_weight=2292 2036 1744 757 538 987 639
internal_count=2292 2036 1744 757 538 987 639
is_linear=0
shrinkage=0.03


Tree=29
num_leaves=8
num_cat=0
split_feature=5 4 3 2 3 0 5
split_gain=18.4862 19.3538 21.4297 22.545 20.1577 18.8577 9.82653
threshold=2.9108283122852567 0.52651148911633638 0.78642082012868653 0.7204769200430764 0.61080794076871026 0.53666909725343437 3.2762839349576471
decision_type=2 2 2 2 2 2 2
left_child=1 2 4 -4 -1 6 -2
right_child=5 -3 3 -5 -6 -7 -8
leaf_value=0.0021036434281203483 0.0048603700914253223 -0.0083252476894501905 0.010576794353382865 -0.0024112670710051075 -0.0089662348985210562 0.010899591361003456 -0.0022925662149379362
leaf_weight=265 299 349 251 224 326 214 396
leaf_count=265 299 349 251 224 326 214 396
internal_value=-0.000105734 -0.00224753 -0.000228161 0.00449058 -0.00402658 0.00322237 0.000797476
internal_weight=2324 1415 1066 475 591 909 695
internal_count=2324 1415 1066 475 591 909 695
is_linear=0
shrinkage=0.03


Tree=30
num_leaves=9
num_cat=0
split_feature=5 0 3 13 2 3 6 6
split_gain=15.6579 20.0391 16.1759 32.1261 28.6146 17.7746 10.085 3.37876
threshold=2.9108283122852567 0.52560945524744074 0.78542781723519262 3.5000000000000004 0.75630629356786427 0.60736889692586038 -0.012764244409940338 -0.035667037287923524
decision_type=2 2 2 2 2 2 10 8
left_child=2 6 5 4 -4 -1 -2 -7
right_child=1 -3 3 -5 -6 7 -8 -9
leaf_value=0.0013353459275553842 0.0042940522503937088 0.0094800279325438688 0.01212777876316808 -0.0077994657501135262 -0.0024593732164173228 -0.0050985564650769966 -0.003788253213330121 -0.010568463850604452
leaf_weight=312 278 351 296 201 200 214 268 225
leaf_count=312 278 351 296 201 200 214 268 225
internal_value=0.000838931 0.00394225 -0.00109045 0.00219316 0.00628002 -0.00413231 0.000328537 -0.00798948
internal_weight=2345 897 1448 697 496 751 546 439
internal_count=2345 897 1448 697 496 751 546 439
is_linear=0
shrinkage=0.03


Tree=31
num_leaves=9
num_cat=0
split_feature=8 5 11 4 9 13 3 10
split_gain=20.2273 19.1571 19.8619 16.1226 10.913 10.5882 13.553 5.37763
threshold=0.0010876400994656516 1.5584674367444433 1.4491713333971978 0.46086214625832228 0.7442535703279286 2.5000000000000004 0.74955766813706137 1.817143113741799
decision_type=2 2 2 2 2 2 2 2
left_child=1 -1 3 4 -3 6 -2 -7
right_child=5 2 -4 -5 -6 7 -8 -9
leaf_value=-0.011340546761705001 0.00047358443881551332 0.0090876396162023476 -0.0093274952620647136 -0.005788985545868458 0.00034362285769658912 -0.0044280872068650622 0.0089907227046977806 0.0019061255663320536
leaf_weight=208 331 203 216 225 337 219 338 257
leaf_count=208 331 203 216 225 337 219 338 257
internal_value=-0.000448985 -0.00318311 -0.00140476 0.000878288 0.00368394 0.0023917 0.00481149 -0.00102388
internal_weight=2334 1189 981 765 540 1145 669 476
internal_count=2334 1189 981 765 540 1145 669 476
is_linear=0
shrinkage=0.03


Tree=32
num_leaves=8
num_cat=0
split_feature=6 13 0 7 3 10 7
split_gain=13.9912 12.9398 16.331 15.994 16.5346 11.836 11.5971
threshold=0.3257146318085366 6.5000000000000009 0.51782218721114426 1.0695737054805681 0.79675769596433199 1.9008378333927356 0.2332318627837616
decision_type=10 2 2 10 2 2 8
left_child=1 2 3 4 -1 6 -4
right_child=-2 -3 5 -5 -6 -7 -8
leaf_value=-0.0082514027364771151 -0.006922502623450043 -0.0054607143925831598 -0.0037132156575881989 0.0044625830743818947 0.0013100249236227856 0.0087200494731776417 0.0052706450313718695
leaf_weight=335 224 250 209 321 310 370 323
leaf_count=335 224 250 209 321 310 370 323
internal_value=0.000122884 0.000882554 0.0017438 -0.000966032 -0.00368126 0.00463524 0.00173956
internal_weight=2342 2118 1868 966 645 902 532
internal_count=2342 2118 1868 966 645 902 532
is_linear=0
shrinkage=0.03


Tree=33
num_leaves=9
num_cat=0
split_feature=8 3 3 8 7 3 12 1
split_gain=12.5798 13.4867 11.9306 11.7676 10.0613 15.0573 7.49946 7.247
threshold=0.0010876400994656516 0.61080794076871026 0.75000000000000056 -0.034189192141324216 0.62539170112948694 0.85383406609940271 0.0075940593183357894 1.2449588213480609
decision_type=2 2 2 2 10 2 2 2
left_child=3 -2 -3 -1 5 -5 -6 -4
right_child=1 2 7 4 6 -7 -8 -9
leaf_value=0.0023284214348716073 0.0078817984727446739 -0.0045556596930848483 0.0055601896515003121 -0.012677941235296171 0.0031393952347407829 -0.001846183305382183 -0.0048815069896467394 -0.0012597770284291756
leaf_weight=337 262 306 333 227 209 234 201 237
leaf_count=337 262 306 333 227 209 234 201 237
internal_value=-0.000279818 0.0019791 0.000178965 -0.00240722 -0.00424233 -0.00725863 -0.000804241 0.00273822
internal_weight=2346 1138 876 1208 871 461 410 570
internal_count=2346 1138 876 1208 871 461 410 570
is_linear=0
shrinkage=0.03


Tree=34
num_leaves=9
num_cat=0
split_feature=4 5 9 13 7 7 9 3
split_gain=15.6515 11.8894 14.3499 12.1331 11.2518 10.9511 8.25593 11.201
threshold=0.81069895137486359 1.3328661565379358 0.99165928588403851 1.5000000000000002 1.1341887627870262 0.8182005907866694 0.83638227193728476 0.76923076923076894
decision_type=2 2 2 2 10 8 2 2
left_child=1 -1 4 -4 5 6 7 -3
right_child=-2 2 3 -5 -6 -7 -8 -9
leaf_value=-0.0053298784429962574 -0.0067076002677530049 0.011323622958869605 0.0018682903892393889 -0.0074875845672125905 0.0087785017656043622 -0.004079025403610023 -0.00038342613184214828 0.0025299516036276421
leaf_weight=217 245 202 275 221 292 201 302 363
leaf_count=217 245 202 275 221 292 201 302 363
internal_value=0.000385291 0.0012377 0.00201782 -0.00233348 0.0036075 0.00215939 0.00362076 0.00574564
internal_weight=2318 2073 1856 496 1360 1068 867 565
internal_count=2318 2073 1856 496 1360 1068 867 565
is_linear=0
shrinkage=0.03


Tree=35
num_leaves=8
num_cat=0
split_feature=13 8 12 12 10 10 9
split_gain=13.7274 15.0477 10.5813 16.7915 14.6666 11.4952 3.8585
threshold=6.5000000000000009 0.038270929254647992 0.035484405077472365 -0.048614271430963189 1.896021053777978 1.3485092660613123 0.8402066407127865
decision_type=2 2 2 2 2 2 2
left_child=1 2 3 -1 -4 -5 -7
right_child=-2 -3 4 5 -6 6 -8
leaf_value=-0.0050711606465546144 -0.0068659358076107353 0.0072327521225376114 -0.0078240719388493075 0.0086352376924927234 0.0014364017648790415 0.0034437397412559086 -0.0012160471838249674
leaf_weight=275 238 268 325 257 286 319 312
leaf_count=275 238 268 325 257 286 319 312
internal_value=-0.000124744 0.00067581 -0.000332298 0.00134657 -0.00351291 0.00335131 0.00114825
internal_weight=2280 2042 1774 1163 611 888 631
internal_count=2280 2042 1774 1163 611 888 631
is_linear=0
shrinkage=0.03


Tree=36
num_leaves=8
num_cat=0
split_feature=8 0 7 2 7 10 7
split_gain=13.0361 12.5924 11.1506 9.84613 12.1199 8.34624 5.85462
threshold=0.042675457549167066 0.51853862885177859 1.146198515777501 0.7167372881355939 0.71515466744703815 2.153980998982338 0.36324102247126072
decision_type=2 2 10 2 10 2 10
left_child=1 2 5 4 -3 6 -1
right_child=-2 3 -4 -5 -6 -7 -8
leaf_value=-0.0067575035485424447 0.0060297703934919494 0.0069794882759622303 0.0014051203430143842 -0.0029245225545018912 -0.0017499433047231676 -0.0098920493608770452 -0.00079262050318842123
leaf_weight=251 233 357 309 325 234 242 355
leaf_count=251 233 357 309 325 234 242 355
internal_value=-0.000622701 -0.00138313 -0.00345731 0.00124131 0.00353748 -0.00522696 -0.0032983
internal_weight=2306 2073 1157 916 591 848 606
internal_count=2306 2073 1157 916 591 848 606
is_linear=0
shrinkage=0.03


Tree=37
num_leaves=9
num_cat=0
split_feature=5 12 2 3 3 2 10 2
split_gain=13.7467 11.9856 12.311 11.7695 12.8821 13.0919 7.36052 5.9384
threshold=1.4212880481009813 0.1062710057804004 0.7167372881355939 0.78542781723519262 0.63692350923204788 0.56891389634524114 2.0131984994607333 0.7975825299444963
decision_type=2 2 2 2 2 2 2 2
left_child=-1 2 3 4 6 -6 -2 -4
right_child=1 -3 7 -5 5 -7 -8 -9
leaf_value=-0.0066751834399587772 0.0075329788948743127 -0.0060086818083540106 -0.0064473998190622524 0.006972511384484111 -0.0079622692079180726 0.0021889354556521444 5.156067238278585e-05 5.7345376031375241e-05
leaf_weight=290 260 238 225 387 222 227 214 280
leaf_count=290 260 238 225 387 222 227 214 280
internal_value=-0.000619546 0.000249993 0.00108494 0.00261685 0.000762855 -0.00286256 0.00419109 -0.0028756
internal_weight=2343 2053 1815 1310 923 449 474 505
internal_count=2343 2053 1815 1310 923 449 474 505
is_linear=0
shrinkage=0.03


Tree=38
num_leaves=9
num_cat=0
split_feature=5 4 3 3 6 12 3 5
split_gain=15.2202 17.2544 22.2864 11.0773 10.2747 9.35037 10.7017 8.23883
threshold=2.8972931259874692 0.4472117921512922 0.78542781723519262 0.67974358974359061 -0.042191604762795536 0.061851953289286173 0.7619047619047612 2.1404516333065069
decision_type=2 2 2 2 8 2 2 2
left_child=1 2 3 -1 -4 6 -2 -3
right_child=5 7 4 -5 -6 -7 -8 -9
leaf_value=-0.00094547674927510247 0.004101565686359724 -0.003157558914171446 5.284545190061964e-05 -0.0097614632033538526 0.0093907501829505746 0.0074260644668480381 -0.003397469793343814 -0.011528316817006171
leaf_weight=346 365 213 204 200 216 245 314 216
leaf_count=346 365 213 204 200 216 245 314 216
internal_value=-0.000513066 -0.00248762 -0.000253926 -0.00423405 0.00490918 0.00246534 0.000634191 -0.00745647
internal_weight=2319 1395 966 546 420 924 679 429
internal_count=2319 1395 966 546 420 924 679 429
is_linear=0
shrinkage=0.03


Tree=39
num_leaves=10
num_cat=0
split_feature=6 3 3 13 11 14 3 3 5
split_gain=13.8343 9.22866 16.969 14.27 10.5989 8.90985 8.49786 6.49686 14.61
threshold=0.3257146318085366 0.85383406609940271 0.63380281690140705 1.0000000180025095e-35 -0.27854621222569187 1.0000000180025095e-35 0.54308211473565871 0.78542781723519262 2.8489329973900457
decision_type=10 2 2 2 2 2 2 2 2
left_child=1 2 6 -3 -4 -5 -1 8 -6
right_child=-2 3 4 5 7 -7 -8 -9 -10
leaf_value=0.0001137508153301511 -0.0073303258558527372 0.0095111727556742437 -0.0087632087970600479 -0.0039828832965734338 -0.0090162178823216393 0.0046585894059479379 0.0077102310853437153 0.0028163215594987074 0.0015970388835804365
leaf_weight=306 219 224 232 217 215 203 229 220 246
leaf_count=306 219 224 232 217 215 203 229 220 246
internal_value=-0.00024417 0.000513351 -0.000816482 0.00348666 -0.00329621 0.000199498 0.00340661 -0.00138344 -0.00339638
internal_weight=2311 2092 1448 644 913 420 535 681 461
internal_count=2311 2092 1448 644 913 420 535 681 461
is_linear=0
shrinkage=0.03


Tree=40
num_leaves=9
num_cat=0
split_feature=6 8 7 12 12 13 12 12
split_gain=19.6024 14.9935 8.34249 9.31356 11.6467 11.4386 13.06 16.2999
threshold=0.3257146318085366 0.042675457549167066 -0.018400392371439398 0.083995692522223844 -0.046660889249388986 3.5000000000000004 0.017108567844746073 -0.0066036306100286648
decision_type=10 2 10 2 2 2 2 2
left_child=1 2 -1 4 -4 6 7 -6
right_child=-2 -3 3 -5 5 -7 -8 -9
leaf_value=-0.0044691153762354083 -0.0079692333098400608 0.008726579217695046 -0.0037315469824187896 -0.0044346687882697499 0.0032962694944036631 -0.0018468103379787803 0.00073897331740050592 0.014309769696636948
leaf_weight=270 227 210 247 223 273 278 356 218
leaf_count=270 227 210 247 223 273 278 356 218
internal_value=0.000302755 0.00122467 0.000358878 0.00118757 0.00211417 0.00340846 0.00513405 0.00828113
internal_weight=2302 2075 1865 1595 1372 1125 847 491
internal_count=2302 2075 1865 1595 1372 1125 847 491
is_linear=0
shrinkage=0.03


Tree=41
num_leaves=9
num_cat=0
split_feature=6 2 3 3 3 6 8 9
split_gain=22.5988 17.0611 19.5774 15.9362 10.9291 9.30879 9.49087 9.17554
threshold=0.30680384643250797 0.7167372881355939 0.84928064982446361 0.61080794076871026 0.85905891783195787 -0.087375796953988158 -0.0017577145780567395 0.8402066407127865
decision_type=10 2 2 2 2 10 2 2
left_child=1 2 3 7 -3 -5 -7 -1
right_child=-2 4 -4 5 -6 6 -8 -9
leaf_value=0.0098243888413290601 -0.0084769412442629952 -0.0087000599072616491 0.010403642560989851 0.0021612825821552958 -0.00019217153623384811 0.00022444404052713741 -0.0087550614180034909 0.0014703783989615236
leaf_weight=225 246 208 246 345 376 203 216 248
leaf_count=225 246 208 246 345 376 203 216 248
internal_value=2.46556e-05 0.00105447 0.0027629 0.00120763 -0.00327051 -0.0014717 -0.00445326 0.00550547
internal_weight=2313 2067 1483 1237 584 764 419 473
internal_count=2313 2067 1483 1237 584 764 419 473
is_linear=0
shrinkage=0.03


Tree=42
num_leaves=9
num_cat=0
split_feature=6 13 5 0 12 7 7 7
split_gain=15.4734 16.482 17.009 14.4374 11.0274 10.567 6.55645 6.30514
threshold=0.3257146318085366 6.5000000000000009 1.37686412589061 0.51853862885177859 0.01585736219535561 0.43124192471406225 0.63401983769684844 0.11466890649615118
decision_type=10 2 2 2 2 10 10 8
left_child=1 2 -1 4 6 7 -4 -5
right_child=-2 -3 3 5 -6 -7 -8 -9
leaf_value=-0.0062436234510280719 -0.0072563194176454918 -0.0066880243597750334 -0.0010899396702755712 0.0050495765891358044 -0.0038480093029000209 0.0021087501053837364 0.0059828406190035651 0.012683434259425017
leaf_weight=208 234 230 201 202 368 397 276 205
leaf_count=208 234 230 201 202 368 397 276 205
internal_value=-2.49328e-05 0.000801275 0.00174434 0.00276774 2.51096e-05 0.00563226 0.0030221 0.0090019
internal_weight=2321 2087 1857 1649 845 804 477 407
internal_count=2321 2087 1857 1649 845 804 477 407
is_linear=0
shrinkage=0.03


Tree=43
num_leaves=7
num_cat=0
split_feature=4 4 1 11 12 11
split_gain=10.5761 13.9399 9.82499 9.66448 12.7276 11.3123
threshold=0.43433865720086234 0.28819427902956579 1.4902160118250884 -0.15890197167397221 0.037349714544004382 0.86107909742805477
decision_type=2 2 2 2 2 2
left_child=1 3 -2 -1 5 -5
right_child=2 -3 -4 4 -6 -7
leaf_value=-0.0041027995646862716 0.0011959499610682664 0.0068502180766355355 -0.0060426500772259063 0.0085227735589488776 -0.0031646733917867296 0.00036709912467753502
leaf_weight=362 290 335 394 282 321 329
leaf_count=362 290 335 394 282 321 329
internal_value=0.000130327 0.0014445 -0.00298725 2.40463e-05 0.0016403 0.00416988
internal_weight=2313 1629 684 1294 932 611
internal_count=2313 1629 684 1294 932 611
is_linear=0
shrinkage=0.03


Tree=44
num_leaves=9
num_cat=0
split_feature=8 13 12 2 12 13 10 7
split_gain=17.6545 11.8623 15.1107 12.2298 8.98777 7.89125 4.80115 3.16958
threshold=0.043070422596682499 1.0000000180025095e-35 0.017900989130016313 0.64342973410770055 -0.023042329592738327 2.5000000000000004 2.0034519488924523 0.18695965268678791
decision_type=2 2 2 2 2 2 2 10
left_child=1 2 4 5 -1 -3 7 -5
right_child=-2 3 -4 6 -6 -7 -8 -9
leaf_value=0.0020690652894326182 0.0085470574382251422 -0.0020445243696682156 -0.0017600535761354672 -0.0096188669900932316 0.010887120873864058 0.0043394596123326459 -0.0013778502424985036 -0.0041472267528521248
leaf_weight=209 223 395 367 200 208 304 216 203
leaf_count=209 223 395 367 200 208 304 216 203
internal_value=0.000617946 -0.000241536 0.00267046 -0.00197726 0.0065444 0.000743016 -0.00503044 -0.00694728
internal_weight=2325 2102 784 1318 417 699 619 403
internal_count=2325 2102 784 1318 417 699 619 403
is_linear=0
shrinkage=0.03


Tree=45
num_leaves=9
num_cat=0
split_feature=8 12 13 12 6 9 8 3
split_gain=10.4187 11.9484 12.8592 12.4117 11.6692 10.7385 9.20918 7.89919
threshold=0.038270929254647992 0.025894902274882396 4.5000000000000009 -0.048614271430963189 -0.087375796953988158 0.8402066407127865 -0.021338592476306834 0.78542781723519262
decision_type=2 2 2 2 10 2 2 2
left_child=1 2 3 -1 -3 6 -5 -6
right_child=-2 4 -4 5 7 -7 -8 -9
leaf_value=-0.002275455939295617 0.0056922458051277868 0.0016374912937844957 -0.004838882338340309 0.0034544594929349134 -0.0092070744387180038 0.00082540194904863441 0.012384319245961686 -0.0016927449251841293
leaf_weight=270 312 308 215 200 269 297 224 238
leaf_count=270 312 308 215 200 269 297 224 238
internal_value=0.000635604 -0.000157157 0.0017367 0.00318042 -0.0029531 0.00522513 0.00826148 -0.00573062
internal_weight=2333 2021 1206 991 815 721 424 507
internal_count=2333 2021 1206 991 815 721 424 507
is_linear=0
shrinkage=0.03


Tree=46
num_leaves=8
num_cat=0
split_feature=6 6 8 12 0 2 5
split_gain=9.69796 8.58795 20.296 9.98025 7.83445 14.9298 11.8808
threshold=0.3257146318085366 -0.11848459638137208 -0.0074812063006257125 -0.028170502269042882 0.523755829090497 0.48999599839935698 2.8113976385325254
decision_type=10 8 2 2 2 2 2
left_child=1 2 -1 -3 5 -5 -6
right_child=-2 3 -4 4 6 -7 -8
leaf_value=-0.0071936534874344326 -0.0062469186459978418 0.0067045374543502415 0.0025090761429546818 0.0038378808178024084 -0.0011169868885337381 -0.006242214185473131 0.0083322111687348654
leaf_weight=371 220 285 397 221 262 315 214
leaf_count=371 220 285 397 221 262 315 214
internal_value=-0.00033233 0.000311363 -0.00219426 0.00179776 0.000389746 -0.002089 0.00317364
internal_weight=2285 2065 768 1297 1012 536 476
internal_count=2285 2065 768 1297 1012 536 476
is_linear=0
shrinkage=0.03


Tree=47
num_leaves=9
num_cat=0
split_feature=5 0 3 2 3 5 5 4
split_gain=13.7925 18.0422 15.0097 23.8724 15.4366 15.0474 11.1735 2.68923
threshold=2.9039987200997914 0.523755829090497 0.78542781723519262 0.7833333333333321 0.67974358974359061 2.1713683751945063 3.2762839349576471 0.23532475138394859
decision_type=2 2 2 2 2 2 2 2
left_child=2 6 4 5 7 -4 -2 -1
right_child=1 -3 3 -5 -6 -7 -8 -9
leaf_value=-0.0039631666978370518 0.0038200456979482068 0.0073010023666786085 -0.00050145695676967028 -0.006793665888468821 -0.010716513917722232 0.01085844649757812 -0.0048186772296982218 0.00069111271377074186
leaf_weight=243 225 367 212 233 294 202 321 201
leaf_count=243 225 367 212 233 294 202 321 201
internal_value=-0.000650912 0.00220446 -0.00253435 0.000800598 -0.00544379 0.00510473 -0.0012564 -0.00187193
internal_weight=2298 913 1385 647 738 414 546 444
internal_count=2298 913 1385 647 738 414 546 444
is_linear=0
shrinkage=0.03


Tree=48
num_leaves=9
num_cat=0
split_feature=12 12 6 8 0 5 4 8
split_gain=10.4753 12.5648 15.7969 10.694 12.1423 9.39087 7.04646 5.59262
threshold=0.1062710057804004 0.062229967695124851 -0.074389207371105034 -0.029596401560637833 0.53282870349608458 2.7236668024190123 0.12876508107022891 -0.0032555991736260004
decision_type=2 2 8 2 2 2 2 2
left_child=1 2 6 -4 5 -5 -1 -8
right_child=-2 -3 3 4 -6 -7 7 -9
leaf_value=0.00046994542706082679 -0.0060635801402147953 0.0058072549023593847 0.0076057243593303219 0.0016179705442613864 0.0051614532025253514 -0.0065120294632847013 -0.0085413331782445302 -0.0021115761547250683
leaf_weight=224 249 320 219 244 277 260 295 212
leaf_count=224 249 320 219 244 277 260 295 212
internal_value=-0.000316437 0.00039434 -0.000620159 0.00182726 0.000168851 -0.00259885 -0.00395787 -0.00589963
internal_weight=2300 2051 1731 1000 781 504 731 507
internal_count=2300 2051 1731 1000 781 504 731 507
is_linear=0
shrinkage=0.03


Tree=49
num_leaves=9
num_cat=0
split_feature=10 1 1 7 4 7 1 0
split_gain=13.2805 11.3042 22.4046 12.8003 13.0682 10.1232 10.96 7.29292
threshold=1.3798976073157543 0.93779724405656928 0.76296841769435819 0.66012682493068986 0.34310032218329717 0.24325784196690836 1.1622835683449657 0.523755829090497
decision_type=2 2 2 10 2 10 2 2
left_child=5 2 -2 7 -5 -1 -7 -3
right_child=1 3 -4 4 -6 6 -8 -9
leaf_value=-0.0082631796082530753 0.00072287715271999661 -0.0064441577812275009 0.013152798852298964 0.0073788951665517827 -0.0019805177479540392 -0.0054399332420253582 0.0039216074310243123 0.00032577339635819801
leaf_weight=223 352 278 203 310 231 207 235 289
leaf_count=223 352 278 203 310 231 207 235 289
internal_value=0.000440118 0.00187223 0.00534616 0.00011593 0.00340101 -0.00312849 -0.000474452 -0.00302084
internal_weight=2328 1663 555 1108 541 665 442 567
internal_count=2328 1663 555 1108 541 665 442 567
is_linear=0
shrinkage=0.03


Tree=50
num_leaves=9
num_cat=0
split_feature=4 12 12 5 5 8 8 12
split_gain=11.6951 13.2499 13.1406 15.0444 11.5191 11.1255 9.3379 8.15334
threshold=0.41340078411665976 0.035484405077472365 -0.016069291070785859 2.8231851324061572 2.3100707479140272 0.016667298821601634 -0.024303329282691317 0.062229967695124851
decision_type=2 2 2 2 2 2 2 2
left_child=1 2 4 -4 -1 6 -2 -3
right_child=5 7 3 -5 -6 -7 -8 -9
leaf_value=-0.0043634936880941194 0.00017552390534962927 -0.0058420210816133187 0.012105454889519902 0.0015933769229902989 0.0047761030140498727 0.0030171374617593088 -0.0081107490524041023 0.0015273306089207031
leaf_weight=211 205 218 293 211 287 241 298 339
leaf_count=211 205 218 293 211 287 241 298 339
internal_value=0.000843957 0.00231863 0.00437309 0.00776345 0.000898822 -0.00224096 -0.00476515 -0.00138322
internal_weight=2303 1559 1002 504 498 744 503 557
internal_count=2303 1559 1002 504 498 744 503 557
is_linear=0
shrinkage=0.03


Tree=51
num_leaves=9
num_cat=0
split_feature=6 0 10 9 2 2 0 1
split_gain=12.7919 18.2732 10.9243 14.0941 12.7453 9.77408 6.40736 6.65762
threshold=0.11213141540263329 0.49094375433127763 1.9008378333927356 0.84756001624266697 0.76096511308487969 0.50688446268215537 0.50743475059441889 1.2530962013688882
decision_type=10 2 2 2 2 2 2 2
left_child=1 -1 4 -4 5 -3 -2 -8
right_child=6 2 3 -5 -6 -7 7 -9
leaf_value=-0.0058246431734025944 0.00049064066139576235 -0.0023170987441434392 0.010491114443027845 0.0014939816759478005 -0.0060968302657264609 0.0055085771542411942 -0.0020075842984997243 -0.0096399564190912945
leaf_weight=279 202 234 274 362 210 358 201 213
leaf_count=279 202 234 274 362 210 358 201 213
internal_value=-0.000195632 0.00113596 0.00250195 0.0054217 0.000167297 0.00242182 -0.00388649 -0.00600256
internal_weight=2333 1717 1438 636 802 592 616 414
internal_count=2333 1717 1438 636 802 592 616 414
is_linear=0
shrinkage=0.03


Tree=52
num_leaves=10
num_cat=0
split_feature=3 3 4 11 7 11 11 8 1
split_gain=12.4333 9.66959 9.22462 12.4093 13.118 15.1065 8.98007 7.97995 3.8526
threshold=0.61080794076871026 0.73088169140800718 0.42568580976662923 1.2120429139209463 0.59634073431788381 -0.15890197167397221 0.71251755644472381 0.0053904905430790561 1.4902160118250884
decision_type=2 2 2 2 10 2 2 2 2
left_child=7 6 3 4 5 -3 -2 -1 -4
right_child=1 2 8 -5 -6 -7 -8 -9 -10
leaf_value=-7.0889809473276364e-05 -0.00883255875850124 -0.0050959258915211723 -0.0006947257295250892 -0.0047020359159697118 0.0098803564723370218 0.0061818240302646621 -0.0008241663447258119 0.0074051428066196894 -0.0062141361324482879
leaf_weight=252 263 203 220 200 207 215 240 257 234
leaf_count=252 263 203 220 200 207 215 240 257 234
internal_value=-0.000373625 -0.00155555 -0.000164116 0.00172382 0.00380109 0.000709335 -0.00505718 0.00373916 -0.00357623
internal_weight=2291 1782 1279 825 625 418 503 509 454
internal_count=2291 1782 1279 825 625 418 503 509 454
is_linear=0
shrinkage=0.03


Tree=53
num_leaves=9
num_cat=0
split_feature=5 12 12 13 12 12 3 3
split_gain=15.0379 19.2363 13.7072 10.1009 11.1478 16.2097 10.787 6.8793
threshold=1.3154840107974721 0.10400602382385939 0.06670835330585724 4.5000000000000009 0.035484405077472365 -0.048614271430963189 0.78542781723519262 0.63380281690140705
decision_type=2 2 2 2 2 2 2 2
left_child=-1 2 3 4 5 -2 7 -7
right_child=1 -3 -4 -5 -6 6 -8 -9
leaf_value=-0.0069573670854935279 -0.003304849041090842 -0.0066188227993890991 0.0087691748795318009 -0.0036974050597983255 -0.0032400466994890434 0.006195516376301299 0.0093289289351640263 -0.001317470661834278
leaf_weight=229 230 253 238 311 259 210 378 221
leaf_count=229 230 253 238 311 259 210 378 221
internal_value=0.000257971 0.00105944 0.00212623 0.0011195 0.00228339 0.00366918 0.00566003 0.00237222
internal_weight=2329 2100 1847 1609 1298 1039 809 431
internal_count=2329 2100 1847 1609 1298 1039 809 431
is_linear=0
shrinkage=0.03


Tree=54
num_leaves=10
num_cat=0
split_feature=5 9 14 4 7 13 2 11 7
split_gain=10.0914 7.62342 9.64152 5.84551 9.55184 13.6571 5.54031 5.07735 1.80476
threshold=1.3154840107974721 0.9033292966796278 1.0000000180025095e-35 0.077968094515974168 0.76090193577043908 3.5000000000000004 0.69241053064582891 0.83772156270163178 0.4905125255216834
decision_type=2 2 2 2 8 2 2 2 10
left_child=-1 3 7 -2 5 6 -5 -3 -4
right_child=1 2 8 4 -6 -7 -8 -9 -10
leaf_value=-0.0067682021856307981 0.0052329503907554446 -0.0023754309202459723 0.0028747402667522247 0.0083442180327537863 -0.0036729487813908779 -0.0035199606634122283 0.0017223977770369787 -0.0089437401993368078 -0.0011011738732349182
leaf_weight=229 256 226 200 243 366 237 216 203 202
leaf_count=229 256 226 200 243 366 237 216 203 202
internal_value=-0.000851902 -0.000207206 -0.00244933 0.00121037 0.000220732 0.00227987 0.00528021 -0.00555074 0.000887909
internal_weight=2378 2149 831 1318 1062 696 459 429 402
internal_count=2378 2149 831 1318 1062 696 459 429 402
is_linear=0
shrinkage=0.03


Tree=55
num_leaves=9
num_cat=0
split_feature=4 5 1 10 7 9 9 10
split_gain=10.9851 9.99793 9.09315 10.0316 10.5529 9.27002 7.64255 4.72789
threshold=0.41340078411665976 2.8321808788935807 1.4663034925563327 1.2901206316023839 0.78283307402320501 0.8402066407127865 0.9033292966796278 1.5623482966255164
decision_type=2 2 2 2 8 2 2 2
left_child=2 7 3 -1 6 -4 -5 -2
right_child=1 -3 5 4 -6 -7 -8 -9
leaf_value=-0.0040875237159675257 -0.0018635488632135094 0.0017302583312609969 0.0098269282251434477 0.0080016534798932788 -0.0019763396886902994 0.0011425900532826105 0.00057663989961402465 -0.0080038430451025225
leaf_weight=300 215 317 225 297 321 216 214 242
leaf_count=300 215 317 225 297 321 216 214 242
internal_value=0.000567483 -0.00234889 0.00200539 0.000573265 0.00226822 0.00563387 0.00492787 -0.00516652
internal_weight=2347 774 1573 1132 832 441 511 457
internal_count=2347 774 1573 1132 832 441 511 457
is_linear=0
shrinkage=0.03


Tree=56
num_leaves=9
num_cat=0
split_feature=12 13 12 12 12 10 12 11
split_gain=11.8694 13.2204 10.3546 9.61908 13.8783 8.40261 6.83659 5.73986
threshold=-0.068850694408248633 6.5000000000000009 0.1062710057804004 0.06948174755075566 0.035484405077472365 2.3402612917796426 -0.031178123968968904 0.56225852798776887
decision_type=2 2 2 2 2 2 2 2
left_child=-1 2 3 4 5 6 -2 -8
right_child=1 -3 -4 -5 -6 -7 7 -9
leaf_value=-0.0060691663152205623 0.0097012674499491938 -0.005818556567379363 -0.004018876030653094 0.0086047161659820268 -0.0031879635229920249 -0.0010998033256880168 0.00080285690800090191 0.0064029802547236406
leaf_weight=205 212 201 211 230 344 256 344 314
leaf_count=205 212 201 211 230 344 256 344 314
internal_value=0.000736072 0.00140939 0.00218283 0.0029621 0.00205307 0.00366125 0.00506048 0.00350339
internal_weight=2317 2112 1911 1700 1470 1126 870 658
internal_count=2317 2112 1911 1700 1470 1126 870 658
is_linear=0
shrinkage=0.03


Tree=57
num_leaves=10
num_cat=0
split_feature=12 3 8 12 3 7 5 0 8
split_gain=10.7531 12.4652 11.4045 8.36414 12.6036 10.5617 16.2402 4.45819 2.92842
threshold=0.1062710057804004 0.61080794076871026 0.0062108715896366847 0.06670835330585724 0.71107754323988781 0.0079020934842941055 2.7236668024190123 0.51198952034507983 -0.0032555991736260004
decision_type=2 2 2 2 2 10 2 2 2
left_child=1 2 -1 4 -3 -6 7 -7 -8
right_child=-2 3 -4 -5 5 6 8 -9 -10
leaf_value=0.0011237706482501292 -0.005364295582170127 -0.0062199605646310373 0.010642578205248962 0.0055473844662828498 -0.0047186370723853437 0.0088800611021586599 -0.0047474139089065757 0.0030082484352660461 0.00034690186908332309
leaf_weight=241 242 299 211 210 250 232 200 244 200
leaf_count=241 242 299 211 210 250 232 200 244 200
internal_value=0.000557135 0.00125494 0.00563511 3.0543e-05 -0.000799019 0.000661601 0.00221512 0.0059327 -0.00222742
internal_weight=2329 2087 452 1635 1425 1126 876 476 400
internal_count=2329 2087 452 1635 1425 1126 876 476 400
is_linear=0
shrinkage=0.03


Tree=58
num_leaves=9
num_cat=0
split_feature=5 0 8 10 3 1 6 2
split_gain=8.49584 10.3188 17.4067 11.5093 8.952 7.56173 7.98069 5.73693
threshold=1.4874189350996772 0.51853862885177859 -0.03362190055594743 1.6896363530976195 0.81064105840492218 0.90583769161834427 -0.084709420723526149 0.67755265262596753
decision_type=2 2 2 2 2 2 8 2
left_child=-1 2 -2 7 -5 -4 -7 -3
right_child=1 3 5 4 -6 6 -8 -9
leaf_value=-0.004723177577318007 0.0055645420720652683 0.0022458052239472804 0.00054087023934922538 0.0023443254958152586 0.010100235511806416 -0.0011937420102508946 -0.0087604855358765655 -0.0044816681153651396
leaf_weight=306 234 248 255 321 230 211 311 203
leaf_count=306 234 248 255 321 230 211 311 203
internal_value=-0.000107879 0.000603666 -0.00153111 0.00275453 0.00564353 -0.00368994 -0.00574224 -0.000798242
internal_weight=2319 2013 1011 1002 551 777 522 451
internal_count=2319 2013 1011 1002 551 777 522 451
is_linear=0
shrinkage=0.03


Tree=59
num_leaves=8
num_cat=0
split_feature=2 3 9 8 11 1 3
split_gain=10.1964 14.2746 9.69003 9.91896 9.4543 14.0442 6.3515
threshold=0.64342973410770055 0.83285441002889715 0.72089607879005757 0.0010876400994656516 -0.19419487185550596 1.3773320910131501 0.60736889692586038
decision_type=2 2 2 2 2 2 2
left_child=1 4 -2 -4 -1 6 -6
right_child=2 -3 3 -5 5 -7 -8
leaf_value=-0.0043342426731198258 -0.0070848940235252178 0.0090340852205120364 -0.0034839722241057935 0.0034623246179164751 0.0029180135467005044 0.0067158970177204833 -0.0037454657117803234
leaf_weight=259 247 213 394 340 215 353 306
leaf_count=259 247 213 394 340 215 353 306
internal_value=0.000311153 0.00200341 -0.00200912 -0.000264686 0.000647781 0.0021404 -0.000994062
internal_weight=2327 1346 981 734 1133 874 521
internal_count=2327 1346 981 734 1133 874 521
is_linear=0
shrinkage=0.03


Tree=60
num_leaves=9
num_cat=0
split_feature=8 6 13 11 12 12 4 3
split_gain=18.6081 23.0737 17.6213 11.6832 21.882 10.9417 7.11065 4.47658
threshold=-0.0060219553060403734 -0.012764244409940338 2.5000000000000004 -0.53413731199824233 0.011630989784151781 -0.039229858721082582 0.22768444922535752 0.75000000000000056
decision_type=2 8 2 2 2 2 2 2
left_child=3 6 7 -1 5 -5 -2 -3
right_child=1 2 -4 4 -6 -7 -8 -9
leaf_value=-0.00895177027623709 0.0095901586557981845 -0.0015040637320803049 -0.0089424236195691665 -0.0028839393727056392 -0.0074872462526627036 0.006165239621006605 0.0030765242581861918 0.0047452358383396004
leaf_weight=252 282 203 213 201 332 286 333 201
leaf_count=252 282 203 213 201 332 286 333 201
internal_value=-0.000483686 0.00202705 -0.00206555 -0.00336786 -0.00160584 0.00243901 0.00611652 0.00162512
internal_weight=2303 1232 617 1071 819 487 615 404
internal_count=2303 1232 617 1071 819 487 615 404
is_linear=0
shrinkage=0.03


Tree=61
num_leaves=9
num_cat=0
split_feature=6 12 5 7 0 0 6 13
split_gain=9.24625 9.83476 17.4882 13.9685 14.4929 13.0595 12.362 8.88975
threshold=0.3257146318085366 0.017108567844746073 2.0155759982469692 0.61283638369759397 0.51094520788008702 0.50154525528226479 -0.011613730209041771 1.5000000000000002
decision_type=10 2 2 10 2 2 10 2
left_child=1 3 -3 4 -1 -5 7 -4
right_child=-2 2 6 5 -6 -7 -8 -9
leaf_value=-0.0067620760464871471 -0.0059645751370273588 -0.0090526790276933937 -0.00091397820748732102 0.0115046576212439 0.0027395561442667029 0.0016886558525970783 -0.0039723659903092056 0.0074891697219862793
leaf_weight=226 233 229 212 211 381 285 343 236
leaf_count=226 233 229 212 211 381 285 343 236
internal_value=-0.000357297 0.000270673 -0.00184795 0.00222937 -0.000824462 0.00593756 0.000281625 0.00354648
internal_weight=2356 2123 1020 1103 607 496 791 448
internal_count=2356 2123 1020 1103 607 496 791 448
is_linear=0
shrinkage=0.03


Tree=62
num_leaves=9
num_cat=0
split_feature=3 9 8 9 11 6 11 10
split_gain=9.6418 6.49881 11.5658 19.0446 8.8646 8.30552 7.87605 5.14817
threshold=0.897971337571846 0.73635903094796562 0.018705972737096052 0.92122088857292572 1.3439649566359848 -0.0023561507936508126 0.39151770906391165 1.7049783803766652
decision_type=2 2 2 2 2 10 2 2
left_child=1 5 4 -4 6 -1 -3 -2
right_child=7 2 3 -5 -6 -7 -8 -9
leaf_value=-0.0066003543625484749 0.00060398473681574211 -0.0030804987499733825 0.010653733164028106 -0.0013194876298516826 -0.0071589372679591182 0.0011139390452696782 0.0039674955602025707 0.0068069518192517241
leaf_weight=327 231 324 207 272 211 200 247 249
leaf_count=327 231 324 207 272 211 200 247 249
internal_value=0.000106306 -0.00090902 0.000263102 0.00391135 -0.00198222 -0.00368977 -2.37417e-05 0.00385878
internal_weight=2268 1788 1261 479 782 527 571 480
internal_count=2268 1788 1261 479 782 527 571 480
is_linear=0
shrinkage=0.03


Tree=63
num_leaves=10
num_cat=0
split_feature=9 12 10 7 12 6 7 2 1
split_gain=11.7093 9.79592 9.69986 12.5673 8.33031 15.458 11.317 11.8274 9.65012
threshold=0.68516640239695747 0.0041147411826843458 1.2118178360392531 0.093385663756311452 -0.044266721453943607 -0.17364079267230656 0.67621323063358763 0.43229561715278836 1.350848834310028
decision_type=2 2 2 8 2 8 10 2 2
left_child=1 -1 -2 -4 -5 -6 8 -8 -7
right_child=2 -3 3 4 5 6 7 -9 -10
leaf_value=-0.00050380687035476307 -0.0045673635965716598 -0.0092904638281982865 0.0071684180549345909 -0.0052630827343091366 0.0074571462576416558 0.00019969400969828573 -0.0022775803076876128 0.0073591633003205065 -0.0090118314480272747
leaf_weight=228 291 225 271 211 263 204 230 220 200
leaf_count=228 291 225 271 211 263 204 230 220 200
internal_value=-0.000618002 -0.00492182 0.000423812 0.00134356 0.000132468 0.00117059 -0.000797566 0.00246281 -0.00441489
internal_weight=2343 453 1890 1599 1328 1117 854 450 404
internal_count=2343 453 1890 1599 1328 1117 854 450 404
is_linear=0
shrinkage=0.03


Tree=64
num_leaves=8
num_cat=0
split_feature=0 8 10 5 11 7 0
split_gain=13.9327 20.4954 15.3795 12.0562 11.0673 6.36681 3.90961
threshold=0.51853862885177859 -0.034189192141324216 2.0473915295019851 2.1255343821530963 1.4491713333971978 0.75340277152073798 0.53567597553939139
decision_type=2 2 2 2 2 10 2
left_child=1 -1 3 -2 5 -3 -5
right_child=2 4 -4 6 -6 -7 -8
leaf_value=0.0047829700417462437 -0.0053333164047150083 -0.0049269705783808598 0.0072887572006681773 0.0056450377094747345 -0.009955483205524869 0.0010493791458471644 0.00021687512161831061
leaf_weight=277 256 379 376 213 239 273 265
leaf_count=277 256 379 376 213 239 273 265
internal_value=-2.79204e-06 -0.00228523 0.00239838 -0.000139135 -0.00449706 -0.00243566 0.0026691
internal_weight=2278 1168 1110 734 891 652 478
internal_count=2278 1168 1110 734 891 652 478
is_linear=0
shrinkage=0.03


Tree=65
num_leaves=10
num_cat=0
split_feature=9 5 9 1 3 5 7 9 7
split_gain=11.7373 8.98035 11.0003 11.2952 10.2425 9.50378 9.37365 6.98587 5.11956
threshold=0.62659298171518285 1.8888880173764806 0.9033292966796278 0.90583769161834427 0.63692350923204788 2.9108283122852567 0.66868984992893998 0.78586013424948609 0.29572102040995546
decision_type=2 2 2 2 2 2 10 2 10
left_child=-1 7 4 -4 -3 -5 8 -2 -6
right_child=1 2 3 5 6 -7 -8 -9 -10
leaf_value=-0.0065393669467250053 -0.006890836796864936 0.0093450357968661371 0.0043270698822452684 -0.0083037635256435188 0.0015945357206034753 0.00011221728559973437 -0.002819633251056075 0.00061673667873435778 0.0079449566095092586
leaf_weight=215 212 230 235 212 252 272 231 228 209
leaf_count=215 212 230 235 212 252 272 231 228 209
internal_value=5.13072e-05 0.00074627 0.00176691 -0.00101151 0.00392736 -0.00362133 0.00207257 -0.00303733 0.00452793
internal_weight=2296 2081 1641 719 922 484 692 440 461
internal_count=2296 2081 1641 719 922 484 692 440 461
is_linear=0
shrinkage=0.03


Tree=66
num_leaves=9
num_cat=0
split_feature=8 11 11 2 2 2 14 13
split_gain=9.69313 7.66317 17.3701 7.35616 14.0711 6.90894 8.74963 4.34404
threshold=0.045151563404313401 -1.1445152399599576 -0.30075542125407922 0.64789580973952454 0.54942266209871893 0.46881483402489688 1.0000000180025095e-35 2.5000000000000004
decision_type=2 2 2 2 2 2 2 2
left_child=1 -1 -3 4 5 6 -4 -5
right_child=-2 2 3 7 -6 -7 -8 -9
leaf_value=0.0045913313567224473 0.0060160284573570469 -0.0078979740023398283 0.004440676076200736 -0.00059835230191923356 0.0074766574212783614 -0.0052775038965046407 -0.0035376119052167405 -0.0056097086772409288
leaf_weight=211 203 303 301 396 257 202 203 253
leaf_count=211 203 303 301 396 257 202 203 253
internal_value=-0.000165936 -0.000768948 -0.00136998 -0.000122313 0.0015387 -0.000660225 0.00122401 -0.00257988
internal_weight=2329 2126 1915 1612 963 706 504 649
internal_count=2329 2126 1915 1612 963 706 504 649
is_linear=0
shrinkage=0.03


Tree=67
num_leaves=8
num_cat=0
split_feature=12 12 4 12 10 8 12
split_gain=12.8858 14.5119 12.1253 6.80331 8.84388 8.4735 6.71482
threshold=0.1062710057804004 0.06948174755075566 0.057729116526969056 0.015380327409969365 1.7932932792561296 -0.021338592476306834 -0.016442600620525879
decision_type=2 2 2 2 2 2 2
left_child=1 2 -1 5 -5 -4 -7
right_child=-2 -3 3 4 -6 6 -8
leaf_value=0.0055470110423377029 -0.006475540443928356 0.0073199157673467432 -0.0032319199548341161 -0.0078840579539104141 -0.00027942339515255895 -0.0006949834525585175 0.0056740208320725533
leaf_weight=271 246 257 382 261 286 298 291
leaf_count=271 246 257 382 261 286 298 291
internal_value=-5.9583e-05 0.000725743 -0.000239308 -0.00128713 -0.00394651 0.000223542 0.00247295
internal_weight=2292 2046 1789 1518 547 971 589
internal_count=2292 2046 1789 1518 547 971 589
is_linear=0
shrinkage=0.03


Tree=68
num_leaves=8
num_cat=0
split_feature=6 10 1 11 3 7 9
split_gain=8.32175 6.88499 15.8844 6.76568 6.77968 6.57685 6.32742
threshold=0.3257146318085366 1.3068536773302031 1.1537936009835088 1.2604436152723653 0.84444444444444433 0.57036104576485791 0.84187202007938577
decision_type=10 2 2 2 2 10 2
left_child=1 2 -1 4 5 -3 -5
right_child=-2 3 -4 6 -6 -7 -8
leaf_value=-0.0073954112472181966 -0.0056615279794164832 -0.0023950465768575666 0.0032465647443275618 0.0024470339328116547 0.0059809207959040031 0.0035154865133249528 -0.0041030341176814958
leaf_weight=281 227 298 222 221 364 380 318
leaf_count=281 227 298 222 221 364 380 318
internal_value=-0.00027164 0.000327599 -0.00271283 0.00130042 0.00270747 0.000919126 -0.00141958
internal_weight=2311 2084 503 1581 1042 678 539
internal_count=2311 2084 503 1581 1042 678 539
is_linear=0
shrinkage=0.03


Tree=69
num_leaves=10
num_cat=0
split_feature=9 8 11 0 2 9 11 10 11
split_gain=8.10011 10.1326 12.8967 10.8861 15.569 7.39071 7.65953 4.6922 4.41873
threshold=0.68516640239695747 0.026953253594192813 0.94907351552279284 0.51853862885177859 0.70742592286820682 0.84963776068700114 0.64797634448195673 1.4444875586461412 0.42550589179262716
decision_type=2 2 2 2 2 2 2 2 2
left_child=7 3 -3 5 -5 8 -7 -1 -2
right_child=1 2 -4 4 -6 6 -8 -9 -10
leaf_value=-0.00090880114164829779 -0.0029017026657011452 -1.3667657251723789e-06 0.010070059148276725 0.0068099968572848885 -0.0034558493288854757 -0.00094999634121240191 -0.008752392056834651 -0.0072181519002154255 0.0033197702452974413
leaf_weight=221 200 259 200 322 220 203 255 202 201
leaf_count=221 200 259 200 322 220 203 255 202 201
internal_value=-0.000249318 0.000605419 0.00444828 -0.000664932 0.00264955 -0.00275949 -0.00534173 -0.0039709 0.00021927
internal_weight=2283 1860 459 1401 542 859 458 423 401
internal_count=2283 1860 459 1401 542 859 458 423 401
is_linear=0
shrinkage=0.03


Tree=70
num_leaves=9
num_cat=0
split_feature=2 3 11 0 8 5 5 4
split_gain=7.3696 13.4715 10.4204 7.41795 9.31084 7.11615 13.2066 3.90278
threshold=0.63911657559198853 0.80000000000000082 0.040842747080828676 0.50000659529818148 0.023751864955404673 3.2612446738590135 2.7945583090018977 0.28500835787765116
decision_type=2 2 2 2 2 2 2 2
left_child=1 2 -1 -4 -5 6 7 -2
right_child=5 -3 3 4 -6 -7 -8 -9
leaf_value=-0.0043041687913692407 -0.0055216298534952364 0.0076720192994801199 0.0069111212636344139 -0.0035108104323620325 0.0045028071476519108 -0.0063734072104741166 0.0061723797442176922 -0.00045200751274002382
leaf_weight=299 227 287 215 268 245 203 212 335
leaf_count=299 227 287 215 268 245 203 212 335
internal_value=0.000521993 0.00198594 0.000367471 0.00230245 0.000322877 -0.00144701 -0.000122329 -0.00253034
internal_weight=2291 1314 1027 728 513 977 774 562
internal_count=2291 1314 1027 728 513 977 774 562
is_linear=0
shrinkage=0.03


Tree=71
num_leaves=8
num_cat=0
split_feature=3 1 2 6 12 5 13
split_gain=10.9651 15.7537 14.6396 12.4892 12.3016 11.9624 8.30614
threshold=0.84793494152046811 0.75442120429665016 0.65151515151515238 -0.17364079267230656 0.0041147411826843458 3.1099972718682283 1.5000000000000002
decision_type=2 2 2 8 2 2 2
left_child=1 -1 -2 -3 -5 -6 -4
right_child=2 3 6 4 5 -7 -8
leaf_value=-0.0065714905145256939 0.010214838013231184 0.0062677825135573923 0.0047469951991851505 0.0034009307001686682 -0.0065900732520642567 0.0023022405323662003 -0.0026332209183421635
leaf_weight=343 204 272 255 359 396 203 286
leaf_count=343 204 272 255 359 396 203 286
internal_value=0.000484862 -0.000935689 0.00347047 0.000656163 -0.000961386 -0.00358237 0.000857054
internal_weight=2318 1573 745 1230 958 599 541
internal_count=2318 1573 745 1230 958 599 541
is_linear=0
shrinkage=0.03


Tree=72
num_leaves=9
num_cat=0
split_feature=6 6 4 10 12 10 12 7
split_gain=10.6287 6.98684 7.18998 8.95367 6.54317 11.1378 8.05003 8.44539
threshold=0.3257146318085366 0.19556570833623579 0.41340078411665976 1.6036540853765706 0.035484405077472365 1.788037120655414 -0.019828752481841013 0.57036104576485791
decision_type=10 8 2 2 2 2 2 10
left_child=1 2 4 -4 6 -6 -1 -8
right_child=-2 -3 3 -5 5 -7 7 -9
leaf_value=0.00037931044074787716 -0.0053053268615920572 0.0066568964790517035 0.0027372201624872887 -0.0046453190810432296 -0.005710011216773031 0.0036630634506125276 0.0018744035541183419 0.010063860407320871
leaf_weight=363 229 203 237 377 211 237 211 247
leaf_count=363 229 203 237 377 211 237 211 247
internal_value=0.000760661 0.00143768 0.000858869 -0.00179661 0.00214572 -0.000765786 0.00372948 0.00635197
internal_weight=2315 2086 1883 614 1269 448 821 458
internal_count=2315 2086 1883 614 1269 448 821 458
is_linear=0
shrinkage=0.03


Tree=73
num_leaves=8
num_cat=0
split_feature=13 3 5 4 9 3 3
split_gain=9.8491 20.9145 16.5708 15.8944 13.6661 13.3251 8.12605
threshold=1.0000000180025095e-35 0.83285441002889715 2.0347656800724181 0.18367207037122893 0.99165928588403851 0.64505987596101499 0.80000000000000082
decision_type=2 2 2 2 2 2 2
left_child=1 3 -2 -1 5 -4 -7
right_child=2 -3 4 -5 -6 6 -8
leaf_value=0.0039156782639342066 -0.0071468356361035585 0.0086864444511171816 0.0085737735961645255 -0.0061977691788200314 -0.0056452145411183575 -0.0041112258603429267 0.0027743534867786315
leaf_weight=269 392 285 201 281 281 269 348
leaf_count=269 392 285 201 281 281 269 348
internal_value=-0.000434729 0.00216596 -0.00189355 -0.00126066 4.10951e-06 0.00196728 -0.000236542
internal_weight=2326 835 1491 550 1099 818 617
internal_count=2326 835 1491 550 1099 818 617
is_linear=0
shrinkage=0.03


Tree=74
num_leaves=9
num_cat=0
split_feature=12 12 8 1 11 11 4 8
split_gain=6.52936 11.0468 7.93114 8.83561 12.282 11.2544 6.69304 4.14545
threshold=0.10868460550008131 0.06670835330585724 -0.034563274151435168 0.93026085613074161 0.60869202727793847 0.60208593398919963 0.26606056374989828 0.012791728740410535
decision_type=2 2 2 2 2 2 2 2
left_child=1 2 -1 4 -4 6 -5 -7
right_child=-2 -3 3 5 -6 7 -8 -9
leaf_value=0.0044445896454865614 -0.0043092886385869009 0.0061963060863316054 -0.0024002919575587269 -0.0033931921190898198 0.0062500113388445581 -0.0088323567973843994 0.0036159157432698232 -0.0029388460352630266
leaf_weight=294 240 295 288 219 294 236 266 207
leaf_count=294 240 295 288 219 294 236 266 207
internal_value=0.000326673 0.00086573 -2.06717e-05 -0.000901866 0.00198546 -0.00271361 0.000448649 -0.00614204
internal_weight=2339 2099 1804 1510 582 928 485 443
internal_count=2339 2099 1804 1510 582 928 485 443
is_linear=0
shrinkage=0.03


Tree=75
num_leaves=8
num_cat=0
split_feature=5 13 12 12 0 4 7
split_gain=11.0226 9.92138 12.8485 27.2146 14.8417 7.59725 3.65293
threshold=1.4440779923304334 6.5000000000000009 -0.048614271430963189 -0.0016136123084661278 0.51853862885177859 0.33917824779252426 0.94398718747683019
decision_type=2 2 2 2 2 2 10
left_child=-1 2 -2 -4 6 -6 -5
right_child=1 -3 3 4 5 -7 -8
leaf_value=-0.0048809184933963573 -0.0042267722152933779 -0.0045192900260134289 0.009901958398028576 -0.0048967495113495527 0.00097765308906551168 0.0076286642875760223 0.00022872915589495707
leaf_weight=280 240 220 396 317 352 273 204
leaf_count=280 240 220 396 317 352 273 204
internal_value=0.000641918 0.00142458 0.00216898 0.00317487 0.000817413 0.0039203 -0.00290675
internal_weight=2282 2002 1782 1542 1146 625 521
internal_count=2282 2002 1782 1542 1146 625 521
is_linear=0
shrinkage=0.03


Tree=76
num_leaves=9
num_cat=0
split_feature=0 2 12 1 5 2 12 12
split_gain=11.9393 13.5431 10.424 11.1939 9.31076 11.0496 15.2656 11.8152
threshold=0.55448172698404208 0.65326328551222634 0.016409143928530937 1.2997642552815807 3.4095554903352525 0.43511281224818671 -0.0066036306100286648 0.002405356083453714
decision_type=2 2 2 2 2 2 2 2
left_child=1 4 3 -3 5 7 -7 -1
right_child=-2 2 -4 -5 -6 6 -8 -9
leaf_value=0.00076481305201478455 0.0059724384849882866 0.0034729007919629411 -0.0081355534807856494 -0.0062215071950652975 0.0058130966073766614 -0.0042567765819684173 0.0059663598016139871 -0.0087845823225822864
leaf_weight=230 222 220 355 200 246 204 351 230
leaf_count=230 222 220 355 200 246 204 351 230
internal_value=-0.000556015 -0.00128075 -0.00438821 -0.00116237 0.000638862 -0.000637537 0.00220421 -0.004053
internal_weight=2258 2036 775 420 1261 1015 555 460
internal_count=2258 2036 775 420 1261 1015 555 460
is_linear=0
shrinkage=0.03


Tree=77
num_leaves=9
num_cat=0
split_feature=8 6 3 6 2 0 1 0
split_gain=8.82844 13.7468 12.7841 10.931 10.4281 8.36072 5.44898 4.5178
threshold=0.0010876400994656516 -0.015223704273196357 0.78542781723519262 -0.097806703917836454 0.48999599839935698 0.50909104651124881 1.4429627336552007 0.50113446226303837
decision_type=2 8 2 8 2 2 2 2
left_child=3 6 -3 7 -5 -6 -2 -1
right_child=1 2 -4 4 5 -7 -8 -9
leaf_value=-0.0021783200238493427 0.0029038252563669377 -0.0053424797865405955 0.0036728686179870024 0.0058660708457231522 -0.0059641072316142388 0.0019898493811488153 0.009158807286174922 -0.0081216128379760655
leaf_weight=221 342 317 248 220 232 235 200 247
leaf_count=221 342 317 248 220 232 235 200 247
internal_value=-2.68506e-05 0.00188322 -0.00138779 -0.00185777 0.000554821 -0.0019829 0.00527456 -0.00536775
internal_weight=2262 1107 565 1155 687 467 542 468
internal_count=2262 1107 565 1155 687 467 542 468
is_linear=0
shrinkage=0.03


Tree=78
num_leaves=8
num_cat=0
split_feature=5 8 3 3 7 11 11
split_gain=16.0858 10.1386 9.80849 10.7021 6.16117 6.25943 4.16682
threshold=1.8888880173764806 0.0027259464164351667 0.61080794076871026 0.90457218744071322 0.69993206845920708 0.47251012975954848 1.3439649566359848
decision_type=2 2 2 2 8 2 2
left_child=1 -1 -2 4 5 -4 -7
right_child=2 -3 3 -5 -6 6 -8
leaf_value=-0.0084705601496222818 0.004764847965818244 -0.00018183567225933073 -0.0038821067783109961 0.0041325698106715186 -0.005161510805322512 0.005002780761839686 -0.0010399861450564767
leaf_weight=331 399 220 264 327 365 202 201
leaf_count=331 399 220 264 327 365 202 201
internal_value=-0.000744476 -0.00519248 0.000660411 -0.000557694 -0.00205661 -0.000331768 0.00201308
internal_weight=2309 551 1758 1359 1032 667 403
internal_count=2309 551 1758 1359 1032 667 403
is_linear=0
shrinkage=0.03


Tree=79
num_leaves=9
num_cat=0
split_feature=8 8 0 8 7 10 7 3
split_gain=7.373 6.74996 9.77014 6.72555 6.40506 12.3222 5.53684 5.83704
threshold=0.042309832643999248 -0.032492989758599655 0.50680696258444613 -0.0074812063006257125 -0.0083126658150258475 1.3188076353556255 0.42532365124923355 0.70930232558139561
decision_type=2 2 2 2 10 2 10 2
left_child=1 -1 3 -3 -4 -6 -7 -8
right_child=-2 2 4 -5 5 6 7 -9
leaf_value=0.0034868097018570057 0.0052317359991092965 -0.0068522610326783601 -0.0041524485932106937 3.6329203374827135e-05 0.0077962258808949607 0.0031608377537276182 0.00097124960468781575 -0.0057175702393054955
leaf_weight=365 249 338 206 203 218 265 243 220
leaf_count=365 249 338 206 203 218 265 243 220
internal_value=0.000409362 -0.000185368 -0.000985003 -0.00429079 0.000579287 0.00162608 -0.000262152 -0.00223415
internal_weight=2307 2058 1693 541 1152 946 728 463
internal_count=2307 2058 1693 541 1152 946 728 463
is_linear=0
shrinkage=0.03


Tree=80
num_leaves=8
num_cat=0
split_feature=4 6 5 12 1 4 2
split_gain=10.1139 8.84198 8.75253 8.29465 7.58658 15.3311 4.40732
threshold=0.044555717023088671 -0.2311709877686646 1.5262046528764952 -0.028170502269042882 1.8026411882347622 0.35316605630452352 0.51131178301846358
decision_type=2 8 2 2 2 2 2
left_child=-1 -2 -3 -4 5 6 -5
right_child=1 2 3 4 -6 -7 -8
leaf_value=0.0052774014004651915 0.0035287990807256566 -0.0074741771106326248 0.003432024048792664 -0.00021981408965477745 -0.0055409664808857163 0.0051902602836900857 -0.0058799527442226036
leaf_weight=257 322 213 295 212 391 276 294
leaf_count=257 322 213 295 212 391 276 294
internal_value=-0.00026699 -0.000989747 -0.00186318 -0.00102645 -0.00215753 -0.00044135 -0.00353387
internal_weight=2260 2003 1681 1468 1173 782 506
internal_count=2260 2003 1681 1468 1173 782 506
is_linear=0
shrinkage=0.03


Tree=81
num_leaves=9
num_cat=0
split_feature=6 8 11 12 6 0 11 8
split_gain=6.64071 7.10054 10.8401 14.4199 17.0884 16.5576 8.02654 3.55811
threshold=0.3257146318085366 0.028261516184374537 -0.91018201558767153 0.0045934362853364283 -0.095895657671244347 0.52184972563106979 0.96695750183900298 -0.017381815714603146
decision_type=10 2 2 2 10 2 2 2
left_child=1 2 -1 4 -4 7 -3 -5
right_child=-2 6 3 5 -6 -7 -8 -9
leaf_value=0.0054561578761786224 -0.0051048228038092624 5.1881979388009576e-05 -0.0039417745027225462 -0.0055269945257802331 0.0055798510734296741 0.00070853799001359549 0.007919736230088837 -0.011373205422647656
leaf_weight=219 224 266 295 204 386 300 203 203
leaf_count=219 224 266 295 204 386 300 203 203
internal_value=-0.000256371 0.000277784 -0.00067202 -0.00165504 0.00145654 -0.00464138 0.00350499 -0.00854555
internal_weight=2300 2076 1607 1388 681 707 469 407
internal_count=2300 2076 1607 1388 681 707 469 407
is_linear=0
shrinkage=0.03


Tree=82
num_leaves=8
num_cat=0
split_feature=2 2 3 11 4 12 5
split_gain=10.8982 15.4837 15.8078 23.8924 8.51728 15.2078 6.08918
threshold=0.66413189354365787 0.43511281224818671 0.79521681247622578 1.0945883591406567 0.43433865720086234 0.016409143928530937 3.0085876471749722
decision_type=2 2 2 2 2 2 2
left_child=1 6 3 -3 5 -2 -1
right_child=4 2 -4 -5 -6 -7 -8
leaf_value=-0.0038601409988831496 0.0054604411704552384 -0.0024607505717633136 0.011020803943027549 0.0099524258969840903 -0.0054903748112766042 -0.0051251537342764568 0.0024217229745848927
leaf_weight=390 253 387 242 212 390 227 210
leaf_count=390 253 387 242 212 390 227 210
internal_value=0.000416311 0.0020146 0.00463026 0.00197858 -0.00222736 0.00045311 -0.00165965
internal_weight=2311 1441 841 599 870 480 600
internal_count=2311 1441 841 599 870 480 600
is_linear=0
shrinkage=0.03


Tree=83
num_leaves=9
num_cat=0
split_feature=13 12 12 3 13 7 4 1
split_gain=14.8603 10.4261 13.3967 7.0088 14.9151 9.55335 11.1401 6.64597
threshold=7.5000000000000009 0.1062710057804004 0.06948174755075566 0.78542781723519262 1.0000000180025095e-35 1.1341887627870262 0.16588928779020037 1.220542520342206
decision_type=2 2 2 2 2 10 2 2
left_child=1 2 3 5 -5 6 -1 -6
right_child=-2 -3 -4 4 7 -7 -8 -9
leaf_value=-0.0091573212438680485 -0.0078273693092878113 -0.0061311989081533329 0.0075078545933888272 0.0075372941043018032 0.002010781039405142 0.0025609626392833888 -0.00078184842323198117 -0.0048779693323019319
leaf_weight=227 223 204 238 279 279 295 375 222
leaf_count=227 223 204 238 279 279 295 375 222
internal_value=-0.000549898 0.000232594 0.000924714 -2.91069e-05 0.00204376 -0.00183294 -0.00398946 -0.00105976
internal_weight=2342 2119 1915 1677 780 897 602 501
internal_count=2342 2119 1915 1677 780 897 602 501
is_linear=0
shrinkage=0.03


Tree=84
num_leaves=8
num_cat=0
split_feature=13 3 9 10 7 10 4
split_gain=8.24472 15.5568 13.6361 13.5465 11.9026 11.2049 8.74054
threshold=1.0000000180025095e-35 0.69126047308244154 0.99165928588403851 1.817143113741799 0.37031994574226107 1.4134858249294107 0.36778578720143157
decision_type=2 2 2 2 10 2 2
left_child=1 -1 3 5 -3 -2 -5
right_child=2 4 -4 6 -6 -7 -8
leaf_value=-0.0023856647037996015 0.0014707160661408133 0.0010710526918877423 -0.0056969292076669903 0.0078586324529536667 0.0099730830563508465 -0.0067329045622719552 -0.00014078265548540423
leaf_weight=289 362 238 342 306 312 249 203
leaf_count=289 362 238 342 306 312 249 203
internal_value=0.000862038 0.00322316 -0.00049931 0.00110609 0.00616528 -0.00190001 0.00469796
internal_weight=2301 839 1462 1120 550 611 509
internal_count=2301 839 1462 1120 550 611 509
is_linear=0
shrinkage=0.03


Tree=85
num_leaves=9
num_cat=0
split_feature=8 11 8 11 5 3 2 5
split_gain=7.20221 7.64728 10.1994 9.90239 8.14366 12.8547 11.562 6.48279
threshold=0.043070422596682499 1.4491713333971978 1.0000000180025095e-35 1.0569576327411452 2.9108283122852567 0.78542781723519262 0.77543991616917352 1.6422505671747063
decision_type=2 2 2 2 2 2 2 2
left_child=1 3 -3 4 5 7 -7 -1
right_child=-2 2 -4 -5 -6 6 -8 -9
leaf_value=-0.0013738780273621885 0.0045453844441404557 -0.009440139164419277 -0.00030967176499625826 0.0054829782965550525 0.0028885017316547575 0.0046467250245712842 -0.0043001931381616487 -0.0082286750059852847
leaf_weight=201 222 202 236 236 343 307 218 330
leaf_count=201 222 202 236 236 343 307 218 330
internal_value=-0.000530057 -0.00108322 -0.00457955 -0.000135484 -0.00109942 -0.00240225 0.000926104 -0.00567094
internal_weight=2295 2073 438 1635 1399 1056 525 531
internal_count=2295 2073 438 1635 1399 1056 525 531
is_linear=0
shrinkage=0.03


Tree=86
num_leaves=8
num_cat=0
split_feature=12 13 7 12 8 12 8
split_gain=10.3143 13.8725 11.961 11.1601 9.03358 7.86719 11.0342
threshold=0.1062710057804004 6.5000000000000009 0.46503719826073303 -0.029316680607373465 0.0010876400994656516 0.017900989130016313 0.016273153035969764
decision_type=2 2 8 2 2 2 2
left_child=1 2 4 -4 -1 -5 -7
right_child=-2 -3 3 5 -6 6 -8
leaf_value=0.0011459977007112823 -0.0056483304814760943 -0.0065684516761667913 -0.005490575708069218 0.0046024875428258656 0.0075971982181722532 -0.0052479201061337178 0.0040096571291456133
leaf_weight=385 244 202 282 369 396 262 200
leaf_count=385 244 202 282 369 396 262 200
internal_value=0.000125216 0.00080917 0.00161124 -0.000387907 0.00444455 0.00136617 -0.00124029
internal_weight=2340 2096 1894 1113 781 831 462
internal_count=2340 2096 1894 1113 781 831 462
is_linear=0
shrinkage=0.03


Tree=87
num_leaves=9
num_cat=0
split_feature=6 6 8 11 12 3 0 5
split_gain=7.8131 8.92383 19.9211 15.6349 12.8737 6.72841 4.84721 1.1935
threshold=0.3257146318085366 -0.11848459638137208 -0.0074812063006257125 1.5428652372995633 0.0041147411826843458 0.72920498576163628 0.51535450271388072 2.2368788990919657
decision_type=10 8 2 2 2 2 2 2
left_child=1 2 7 4 6 -6 -3 -1
right_child=-2 3 -4 -5 5 -7 -8 -9
leaf_value=-0.00807961739863052 -0.0050120719995063083 0.010804391319417402 0.0030315522907288428 -0.0039132452191511444 -0.0027952989867757543 0.0037523214744184827 0.0043769944424546046 -0.0045550294063258466
leaf_weight=201 229 233 396 281 237 335 210 200
leaf_count=201 229 233 396 281 237 335 210 200
internal_value=0.000187917 0.000767449 -0.00172385 0.00230026 0.0040312 0.00103869 0.0078404 -0.00639946
internal_weight=2322 2093 797 1296 1015 572 443 401
internal_count=2322 2093 797 1296 1015 572 443 401
is_linear=0
shrinkage=0.03


Tree=88
num_leaves=9
num_cat=0
split_feature=4 7 3 12 3 6 11 9
split_gain=7.17195 7.63378 8.79368 6.71534 6.65151 5.14176 7.41019 5.0575
threshold=0.046587960676014555 1.4157985236919595 0.61080794076871026 0.06948174755075566 0.71107754323988781 -0.11848459638137208 -0.13582262566840395 0.86718442357844228
decision_type=2 8 2 2 2 8 2 2
left_child=-1 2 -2 4 -4 -6 -7 -8
right_child=1 -3 3 -5 5 6 7 -9
leaf_value=0.0040320024758200299 0.0044377002149907337 -0.0061790964447010679 -0.0067125906036520494 0.002518668607766698 -0.0040435446234529512 0.0050717066004872325 -0.0049916195392302447 0.0015522311888008307
leaf_weight=284 284 224 240 328 352 205 214 203
leaf_count=284 284 224 240 328 352 205 214 203
internal_value=-0.000394153 -0.00101566 -0.0003671 -0.00126351 -0.00229153 -0.00117343 0.000470108 -0.00182536
internal_weight=2334 2050 1826 1542 1214 974 622 417
internal_count=2334 2050 1826 1542 1214 974 622 417
is_linear=0
shrinkage=0.03


Tree=89
num_leaves=8
num_cat=0
split_feature=6 8 1 6 11 11 6
split_gain=6.77461 5.25105 10.9829 10.7645 10.4049 5.75307 9.66556
threshold=0.3257146318085366 -0.011974223535368702 0.86409396112719261 -0.008790979652774587 0.36020552028754454 0.15444170115447878 0.0025422704329431949
decision_type=10 2 2 8 2 2 8
left_child=1 3 -3 4 -1 -4 -7
right_child=-2 2 5 -5 -6 6 -8
leaf_value=-0.0075340705828777716 -0.004870818943681219 0.0060243936984652486 0.0032689441000405342 0.0031752145694152107 0.00082357903168929264 0.0011152729815951297 -0.0067787405123581751
leaf_weight=301 232 368 296 299 237 373 217
leaf_count=301 232 368 296 299 237 373 217
internal_value=-6.33568e-05 0.000480386 0.00170591 -0.00135493 -0.00387867 -0.00011151 -0.00182068
internal_weight=2323 2091 1254 837 538 886 590
internal_count=2323 2091 1254 837 538 886 590
is_linear=0
shrinkage=0.03


Tree=90
num_leaves=9
num_cat=0
split_feature=12 12 12 13 10 12 8 10
split_gain=8.80942 9.39425 12.7605 7.06974 11.2188 10.158 9.20492 14.2492
threshold=0.035484405077472365 0.067606690575764475 0.097849760626272556 4.5000000000000009 2.5018877241769384 -0.048614271430963189 -0.02325297202033012 1.6512635208348836
decision_type=2 2 2 2 2 2 2 2
left_child=3 -2 -3 4 5 -1 -7 -8
right_child=1 2 -4 -5 -6 6 7 -9
leaf_value=-0.0022601303559587854 -0.006452811829226671 0.0052459066399543584 -0.0042725398978425751 -0.0034134037751937284 -0.0043400829269186307 0.0003064869891250055 0.0028670385943668098 0.013089112423360348
leaf_weight=221 361 219 287 259 202 251 286 215
leaf_count=221 361 219 287 259 202 251 286 215
internal_value=-0.000412914 -0.00279155 -0.000141876 0.00102992 0.00201965 0.0033554 0.00500974 0.00733975
internal_weight=2301 867 506 1434 1175 973 752 501
internal_count=2301 867 506 1434 1175 973 752 501
is_linear=0
shrinkage=0.03


Tree=91
num_leaves=9
num_cat=0
split_feature=9 6 3 2 14 5 2 1
split_gain=8.23572 12.2099 14.1061 9.68799 7.17045 6.52741 6.13611 5.70647
threshold=0.75806577069897696 0.08034796650967381 0.79675769596433199 0.63911657559198853 1.0000000180025095e-35 2.3905406156006079 0.56703148111166957 1.3610576605952549
decision_type=2 10 2 2 2 2 2 2
left_child=3 4 -3 5 7 -1 -6 -2
right_child=1 2 -4 -5 6 -7 -8 -9
leaf_value=0.0032451664757803369 -0.0019307923537222914 -0.0072375508929447578 0.002803701891750097 -0.0065884599465650716 0.0017150668471607924 -0.0038721960758391232 0.0087183516005821075 0.0041232455729412988
leaf_weight=254 336 283 220 341 207 205 250 233
leaf_count=254 336 283 220 341 207 205 250 233
internal_value=-0.000341108 0.000949234 -0.00286138 -0.00279785 0.00282222 5.89158e-05 0.00559908 0.0005626
internal_weight=2329 1529 503 800 1026 459 457 569
internal_count=2329 1529 503 800 1026 459 457 569
is_linear=0
shrinkage=0.03


Tree=92
num_leaves=9
num_cat=0
split_feature=6 7 5 7 2 12 6 10
split_gain=14.3673 17.8526 9.75956 7.22394 8.48996 7.40441 9.58903 5.56828
threshold=-0.23395635782600518 1.146198515777501 1.5110397615452247 0.42532365124923355 0.63427197802197843 -0.0016136123084661278 0.039032143215393174 1.9696141511276408
decision_type=8 10 2 8 2 2 10 2
left_child=-1 2 -2 5 7 -4 -7 -5
right_child=1 -3 3 4 -6 6 -8 -9
leaf_value=0.0054218002578032892 -0.0085154559546820469 0.0045892567498323402 0.0047576941867506634 0.0012928955229067236 -0.0088173270442982038 0.0024601303415534939 -0.0064708941546836639 -0.0052428244282740162
leaf_weight=353 209 389 241 269 204 225 200 201
leaf_count=353 209 389 241 269 204 225 200 201
internal_value=-0.000101061 -0.00111839 -0.00256191 -0.00160513 -0.0037829 0.000610565 -0.00176908 -0.00152793
internal_weight=2291 1938 1549 1340 674 666 425 470
internal_count=2291 1938 1549 1340 674 666 425 470
is_linear=0
shrinkage=0.03


Tree=93
num_leaves=7
num_cat=0
split_feature=8 6 1 12 12 10
split_gain=8.25797 9.91567 8.25546 11.8925 13.5297 10.9846
threshold=0.019093691865949083 -0.011613730209041771 0.75882569277430634 0.0041147411826843458 -0.046660889249388986 1.7932932792561296
decision_type=2 8 2 2 2 2
left_child=2 -2 -1 4 -4 -5
right_child=1 -3 3 5 -6 -7
leaf_value=-0.0051749759928975247 0.0062227415214558797 -0.00068792004258104477 -0.0026638200722561671 -0.0071177334006430207 0.0064696830654745255 0.00094682373563128143
leaf_weight=370 345 399 237 296 366 305
leaf_count=370 345 399 237 296 366 305
internal_value=-5.76369e-05 0.00253677 -0.00128811 -7.71832e-05 0.00288751 -0.00305103
internal_weight=2318 744 1574 1204 603 601
internal_count=2318 744 1574 1204 603 601
is_linear=0
shrinkage=0.03


Tree=94
num_leaves=9
num_cat=0
split_feature=4 6 5 3 3 2 4 1
split_gain=9.82551 7.10677 10.6886 7.77969 11.6497 6.19061 5.19708 0.23633
threshold=0.035692029282599354 -0.22904825764834549 1.4874189350996772 0.78542781723519262 0.63692350923204788 0.7167372881355939 0.28819427902956579 1.4756399805649203
decision_type=2 10 2 2 2 2 2 2
left_child=-1 -2 -3 4 7 -5 -6 -4
right_child=1 2 3 5 6 -7 -8 -9
leaf_value=0.0063399715488144442 0.0036723881894971302 -0.0074514045241917152 0.0021934397328281546 0.0051034926502798372 -0.00899538031086255 -0.0005115459625331031 -0.0023105762477545694 0.00071706848087288986
leaf_weight=216 332 204 200 324 206 380 217 200
leaf_count=216 332 204 200 324 206 380 217 200
internal_value=0.000328008 -0.000315263 -0.00108846 -0.000216851 -0.00219121 0.00209041 -0.00563311 0.00147322
internal_weight=2279 2063 1731 1527 823 704 423 400
internal_count=2279 2063 1731 1527 823 704 423 400
is_linear=0
shrinkage=0.03


Tree=95
num_leaves=10
num_cat=0
split_feature=11 8 6 12 6 12 5 0 6
split_gain=13.3749 8.56457 8.24947 7.50346 10.9944 6.33088 5.61973 5.54772 3.8425
threshold=-1.1445152399599576 0.019093691865949083 0.07238218678336962 0.0041147411826843458 -0.10604462376784844 0.044111551206219131 2.6401765097396273 0.51853862885177859 1.0000000180025095e-35
decision_type=2 2 8 2 8 2 2 2 10
left_child=-1 3 5 4 -2 -3 -6 8 -5
right_child=1 2 -4 7 6 -7 -8 -9 -10
leaf_value=0.0079010673587457791 -0.004063093754089345 0.0018075325132601641 -0.0015562547166565698 -0.0028941297411321869 0.0071349537258932443 0.0088900882535803034 0.00036129046042885959 -0.00026587271349004505 -0.0088325295853202493
leaf_weight=204 268 259 275 201 206 202 232 252 201
leaf_count=204 268 259 275 201 206 202 232 252 201
internal_value=0.000664149 -5.73342e-05 0.00253939 -0.00146677 0.000677745 0.00497304 0.00359165 -0.00376938 -0.00593536
internal_weight=2300 2096 736 1360 706 461 438 654 402
internal_count=2300 2096 736 1360 706 461 438 654 402
is_linear=0
shrinkage=0.03


Tree=96
num_leaves=10
num_cat=0
split_feature=4 5 12 4 8 5 12 0 2
split_gain=8.39644 9.52166 8.41636 6.96933 8.64654 8.43403 7.00653 6.29535 5.21937
threshold=0.13256671931748051 3.5684429650661036 0.03325082405143804 0.28160290588041864 1.0000000180025095e-35 2.0155759982469692 0.0050839389940189337 0.5232424611157459 0.41157855547281325
decision_type=2 2 2 2 2 2 2 2 2
left_child=2 3 8 4 -2 -5 -7 -8 -1
right_child=1 -3 -4 5 -6 6 7 -9 -10
leaf_value=0.00097450939751270291 -0.0093021866663127173 0.0042964033120307336 -0.0021722717908232879 0.0035087197197770531 -0.0012143211149417891 -0.0068316357337062806 -0.0041501530795926 0.0032408160949125887 0.0073907478250012813
leaf_weight=204 249 204 251 259 227 242 200 205 259
leaf_count=204 249 204 251 259 227 242 200 205 259
internal_value=-0.000468166 -0.00168312 0.00222354 -0.00257808 -0.00549788 -0.00102231 -0.00284912 -0.000415146 0.00460434
internal_weight=2300 1586 714 1382 476 906 647 405 463
internal_count=2300 1586 714 1382 476 906 647 405 463
is_linear=0
shrinkage=0.03


Tree=97
num_leaves=9
num_cat=0
split_feature=6 8 12 12 3 13 7 2
split_gain=8.05412 16.4051 15.4897 12.1777 11.9718 10.7848 15.313 6.69128
threshold=0.0096704236664593175 -0.02842422942389046 0.063731366456979924 0.034440070609094993 0.81064105840492218 3.5000000000000004 0.91995067815809406 0.48180403636733798
decision_type=10 2 2 2 2 2 8 2
left_child=2 -2 3 5 7 6 -1 -3
right_child=1 4 -4 -5 -6 -7 -8 -9
leaf_value=0.006568644663158256 0.0048568430757866456 -0.0036340799188717852 0.007420196145540103 -0.0071726076181844942 -0.0001868651778914216 -0.0045618847407747415 -0.0029735170063837938 -0.01099248372968834
leaf_weight=389 203 210 259 205 323 234 242 250
leaf_count=389 203 210 259 205 323 234 242 250
internal_value=-0.000611853 -0.00265941 0.00091153 -0.000691117 -0.00462653 0.000877353 0.00291445 -0.00770841
internal_weight=2315 986 1329 1070 783 865 631 460
internal_count=2315 986 1329 1070 783 865 631 460
is_linear=0
shrinkage=0.03


Tree=98
num_leaves=8
num_cat=0
split_feature=1 1 9 9 2 4 11
split_gain=8.73259 10.8837 17.8832 10.2768 10.2755 5.88979 9.56991
threshold=0.78335229677890827 1.2530962013688882 0.90660252253695928 0.80129486290024732 0.47769435179507153 0.4472117921512922 0.30155614099683881
decision_type=2 2 2 2 2 2 2
left_child=3 2 -2 -1 -3 6 -6
right_child=1 4 -4 -5 5 -7 -8
leaf_value=-0.0077870450817075455 0.0078674114728834073 0.0037868356903113343 -0.0024635805402589274 0.00011533746125332249 0.0040604190741266519 -0.0054572788469726217 -0.0049454037763196259
leaf_weight=272 377 277 246 318 212 395 203
leaf_count=272 377 277 246 318 212 395 203
internal_value=-0.00043181 0.000655648 0.00380094 -0.00356262 -0.00115619 -0.00285944 -0.000351269
internal_weight=2300 1710 623 590 1087 810 415
internal_count=2300 1710 623 590 1087 810 415
is_linear=0
shrinkage=0.03


Tree=99
num_leaves=9
num_cat=0
split_feature=6 9 9 1 7 9 7 10
split_gain=8.92161 5.92164 11.8513 9.56714 6.17775 5.84671 5.2968 3.51429
threshold=0.33396647170180754 0.8402066407127865 0.74731358238363199 1.1204658487066335 0.6560737588601131 1.0324925476249549 0.45042762178542078 1.7932932792561296
decision_type=10 2 2 2 8 2 10 2
left_child=1 2 4 -4 -1 7 -7 -3
right_child=-2 5 3 -5 -6 6 -8 -9
leaf_value=0.0018170966216828673 -0.0058969675275485148 -0.0055473804926594429 0.0011889405560157283 0.010433959984989132 -0.0039697611850725723 0.004874276212166722 -0.0017918433010190792 -0.0010186993426637735
leaf_weight=395 228 290 200 201 279 200 221 329
leaf_count=395 228 290 200 201 279 200 221 329
internal_value=-0.000325337 0.000287784 0.00184496 0.00589441 -0.000589946 -0.00132292 0.001395 -0.00316783
internal_weight=2343 2115 1075 401 674 1040 421 619
internal_count=2343 2115 1075 401 674 1040 421 619
is_linear=0
shrinkage=0.03


Tree=100
num_leaves=9
num_cat=0
split_feature=6 6 11 12 11 4 0 4
split_gain=6.829 9.91037 14.9277 14.1556 14.0702 10.7022 8.61854 10.5604
threshold=0.3257146318085366 -0.097806703917836454 1.5299161781560067 0.0041147411826843458 0.23177586474552012 0.35316605630452352 0.52214032407712374 0.20499235313425776
decision_type=10 8 2 2 2 2 2 2
left_child=1 6 3 4 -3 -5 7 -1
right_child=-2 2 -4 5 -6 -7 -8 -9
leaf_value=0.0041556513435872531 -0.0057666446431853171 0.0018978747118652134 -0.0047969473894986818 -0.0030851582035865657 0.0128950982561092 0.0052564047191358872 -0.0064790597224159037 -0.0042471541706112104
leaf_weight=247 218 216 267 360 202 218 331 284
leaf_count=247 218 216 267 360 202 218 331 284
internal_value=-0.000772184 -0.000247477 0.00144325 0.00313168 0.00730193 7.90661e-05 -0.00271876 -0.0003362
internal_weight=2343 2125 1263 996 418 578 862 531
internal_count=2343 2125 1263 996 418 578 862 531
is_linear=0
shrinkage=0.03


Tree=101
num_leaves=9
num_cat=0
split_feature=2 6 5 2 2 2 7 10
split_gain=8.42461 11.4463 10.3048 8.98167 11.3492 11.1254 6.07516 10.1925
threshold=0.40000000000000069 -0.23395635782600518 2.3450960697529539 0.48999599839935698 0.56703148111166957 0.64342973410770055 0.47170752953772388 1.9696141511276408
decision_type=2 10 2 2 2 2 10 2
left_child=2 -2 -1 -3 -5 -6 7 -7
right_child=1 3 -4 4 5 6 -8 -9
leaf_value=-0.0087744188175669733 0.0062495704585175922 0.0050243307415693376 -3.0938638398462595e-06 -0.0073933575851352585 0.0052539252917954901 -0.0030884100612649712 -0.006058735008855615 0.0050277169626982265
leaf_weight=205 276 233 283 223 265 387 213 211
leaf_count=205 276 233 283 223 265 387 213 211
internal_value=-0.000262581 0.000683574 -0.00373939 -0.000336245 -0.00131334 -2.48976e-05 -0.00177141 -0.000206749
internal_weight=2296 1808 488 1532 1299 1076 811 598
internal_count=2296 1808 488 1532 1299 1076 811 598
is_linear=0
shrinkage=0.03


Tree=102
num_leaves=8
num_cat=0
split_feature=6 5 8 12 8 12 7
split_gain=7.82215 9.93606 25.0535 5.64336 10.1218 5.57919 4.50149
threshold=-0.2311709877686646 1.4874189350996772 -0.028102587426400986 0.0054613712787091049 0.028261516184374537 -0.016442600620525879 0.4115856773102195
decision_type=10 2 2 2 2 2 10
left_child=-1 -2 -3 5 6 -4 -5
right_child=1 2 3 4 -6 -7 -8
leaf_value=0.0045641729350310639 -0.0058876066307647756 0.0081453518501969913 -0.0010710963054788834 -0.0018417682139884812 0.001582880798704207 0.0051941558199474647 -0.0075257641135893921
leaf_weight=380 231 322 334 219 318 201 302
leaf_count=380 231 322 334 219 318 201 302
internal_value=0.000660234 -0.000119434 0.000681205 -0.00109123 -0.00262049 0.00130906 -0.00517674
internal_weight=2307 1927 1696 1374 839 535 521
internal_count=2307 1927 1696 1374 839 535 521
is_linear=0
shrinkage=0.03


Tree=103
num_leaves=9
num_cat=0
split_feature=5 7 7 13 4 9 1 1
split_gain=6.51413 6.45318 8.23559 9.36179 6.52698 11.9941 3.95433 7.29603
threshold=3.6073976739037001 0.016395438021599779 0.47701571091419165 3.5000000000000004 0.14401772777286706 0.82706764383202225 2.1703819143003642 1.1337525564250752
decision_type=2 10 10 2 2 2 2 2
left_child=1 -1 3 -3 5 -4 7 -6
right_child=-2 2 4 -5 6 -7 -8 -9
leaf_value=-0.0045707553323644859 0.0041847152633126819 0.0055375281295826423 0.0063949102437537578 -0.0022313817579156926 -0.0056552671850993155 -0.0037408926113531357 -0.0062935932417700728 0.0019890834201799061
leaf_weight=320 275 395 211 211 204 200 246 239
leaf_count=320 275 395 211 211 204 200 246 239
internal_value=-0.000105217 -0.000696382 4.15804e-05 0.00283639 -0.00150397 0.00147697 -0.00327998 -0.00155494
internal_weight=2301 2026 1706 606 1100 411 689 443
internal_count=2301 2026 1706 606 1100 411 689 443
is_linear=0
shrinkage=0.03


Tree=104
num_leaves=9
num_cat=0
split_feature=5 10 2 7 11 11 2 14
split_gain=10.1267 6.92641 7.28273 11.3967 9.74898 10.6878 7.10621 6.85335
threshold=1.2342397624154244 1.0327129351444466 0.7167372881355939 0.26695630608909671 0.31286867906096388 1.5299161781560067 0.7975825299444963 1.0000000180025095e-35
decision_type=2 2 2 8 2 2 2 2
left_child=-1 -2 3 -3 -5 7 -4 -6
right_child=1 2 6 4 5 -7 -8 -9
leaf_value=-0.0062693432923676311 0.0058953502415206981 0.007651586607889325 -0.0067169071902291044 -0.0040977065556216984 0.0077515615828044858 -0.0022535648613069962 0.00030358704311462739 0.00077156362470597896
leaf_weight=202 202 207 234 347 274 341 283 234
leaf_count=202 202 207 234 347 274 341 283 234
internal_value=6.51676e-05 0.00068149 0.000119061 0.00124084 0.000104049 0.00183531 -0.00290787 0.00457522
internal_weight=2324 2122 1920 1403 1196 849 517 508
internal_count=2324 2122 1920 1403 1196 849 517 508
is_linear=0
shrinkage=0.03


Tree=105
num_leaves=9
num_cat=0
split_feature=3 2 11 8 10 7 10 11
split_gain=9.99317 14.8277 11.2641 11.8848 8.97145 8.49212 7.42381 3.629
threshold=0.84444444444444433 0.65151515151515238 0.96695750183900298 0.02207325735349935 1.9008378333927356 0.25490089757207213 1.720083684117429 0.24606437561314859
decision_type=2 2 2 2 2 10 2 2
left_child=2 -2 5 -4 -3 -1 7 -7
right_child=1 4 3 -5 -6 6 -8 -9
leaf_value=-0.0080182348095944947 0.010221824331079111 -0.002149780799601981 -0.00061917434591744649 0.0079720082604798122 0.0055293786139369791 -0.001181898428481226 -0.0047226875179845508 0.0042429881425375491
leaf_weight=205 210 336 399 222 224 237 306 201
leaf_count=205 210 336 399 222 224 237 306 201
internal_value=0.000735947 0.00352367 -0.000638127 0.00249121 0.000943633 -0.00268821 -0.00117586 0.0013274
internal_weight=2340 770 1570 621 560 949 744 438
internal_count=2340 770 1570 621 560 949 744 438
is_linear=0
shrinkage=0.03


Tree=106
num_leaves=9
num_cat=0
split_feature=10 7 0 2 2 3 8 3
split_gain=6.46379 13.404 9.81781 6.45538 7.92095 6.69841 5.02696 4.57002
threshold=1.3798976073157543 0.24325784196690836 0.50032502643489607 0.54636505765096466 0.7204769200430764 0.61080794076871026 -0.011974223535368702 0.76607588939615601
decision_type=2 10 2 2 2 2 2 2
left_child=1 -1 7 5 -5 -4 -3 -2
right_child=2 6 3 4 -6 -7 -8 -9
leaf_value=-0.0088792749730896604 0.001807241038210628 -0.0030521061521555696 0.00028975592910557611 0.0040923510326590752 -0.0020709322767568303 -0.0068824832629000481 0.0033290797430958786 0.0079809652570089901
leaf_weight=206 236 205 234 394 350 229 231 200
leaf_count=206 236 205 234 394 350 229 231 200
internal_value=-0.00013133 -0.00267203 0.000866542 -0.000531009 0.00119849 -0.00329327 0.000328164 0.0046976
internal_weight=2285 642 1643 1207 744 463 436 436
internal_count=2285 642 1643 1207 744 463 436 436
is_linear=0
shrinkage=0.03


Tree=107
num_leaves=10
num_cat=0
split_feature=11 11 1 2 1 9 8 12 10
split_gain=8.22311 11.2943 7.38762 16.4437 15.208 12.447 12.3241 15.3495 5.42081
threshold=-1.110486896382741 -0.53413731199824233 0.90583769161834427 0.43511281224818671 1.1537936009835088 0.70408273517302755 0.026953253594192813 0.0045934362853364283 1.6896363530976195
decision_type=2 2 2 2 2 2 2 2 2
left_child=-1 -2 3 -3 -4 -6 7 -7 -5
right_child=1 2 4 8 5 6 -8 -9 -10
leaf_value=0.0065721520137008837 -0.0057450399199687752 -0.0027112505839832655 -0.0063248372383360911 0.0039633215328921442 -0.0048323573641783487 0.0072196485384870149 0.0096855642109249639 -0.0028124310051623196 0.010833477134397928
leaf_weight=221 224 221 267 225 203 221 203 345 202
leaf_count=221 224 221 267 225 203 221 203 345 202
internal_value=0.00113284 0.000549215 0.00130959 0.00389181 -5.11246e-05 0.00169576 0.00343913 0.00113361 0.00730114
internal_weight=2332 2111 1887 648 1239 972 769 566 427
internal_count=2332 2111 1887 648 1239 972 769 566 427
is_linear=0
shrinkage=0.03


Tree=108
num_leaves=9
num_cat=0
split_feature=3 3 9 8 3 3 14 10
split_gain=8.79182 6.81304 8.42403 7.88474 9.89307 6.41867 6.01163 4.8944
threshold=0.61080794076871026 0.89688598085544824 1.0507469328166874 0.030346400247749334 0.82758620689655238 0.71107754323988781 1.0000000180025095e-35 1.6896363530976195
decision_type=2 2 2 2 2 2 2 2
left_child=7 2 3 4 5 -2 -3 -1
right_child=1 6 -4 -5 -6 -7 -8 -9
leaf_value=0.0067515592821219489 -0.0060260823900781333 -0.00070483431016000802 0.0033641155191226901 0.0023270629833384254 -0.0093982156899503691 0.00013307907415511912 0.0061051882739272412 0.0010381373404303477
leaf_weight=237 243 262 222 200 237 394 204 310
leaf_count=237 243 262 222 200 237 394 204 310
internal_value=0.000247903 -0.000785083 -0.00190241 -0.00300157 -0.00422723 -0.00224512 0.00230954 0.00355234
internal_weight=2309 1762 1296 1074 874 637 466 547
internal_count=2309 1762 1296 1074 874 637 466 547
is_linear=0
shrinkage=0.03


Tree=109
num_leaves=9
num_cat=0
split_feature=4 9 4 4 6 1 14 3
split_gain=7.74294 7.63028 5.60006 16.5505 5.43048 4.90687 6.36595 4.20804
threshold=0.14401772777286706 0.79946405405674803 0.53194487859291428 0.28160290588041864 -0.048787854854408667 1.6464364926601196 1.0000000180025095e-35 0.72920498576163628
decision_type=2 2 2 2 10 2 2 2
left_child=4 2 3 -2 -1 6 -3 -6
right_child=1 5 -4 -5 7 -7 -8 -9
leaf_value=0.0049223439642586391 -0.0076401416813333834 -0.0011005032764810879 -0.0077634759197576274 0.0038353941058985102 -0.0031729975889789536 -0.0024851604986802808 0.0051483900129452951 0.0028067800872574704
leaf_weight=359 220 290 216 223 201 338 289 213
leaf_count=359 220 290 216 223 201 338 289 213
internal_value=-0.000201252 -0.00140653 -0.00385586 -0.00188518 0.00224932 0.000365041 0.00203592 -9.96645e-05
internal_weight=2349 1576 659 443 773 917 579 414
internal_count=2349 1576 659 443 773 917 579 414
is_linear=0
shrinkage=0.03


Tree=110
num_leaves=9
num_cat=0
split_feature=13 12 12 12 12 4 4 10
split_gain=10.1338 14.3476 11.3381 6.85339 8.87934 6.9247 4.76612 1.72672
threshold=6.5000000000000009 -0.046660889249388986 0.1062710057804004 0.067606690575764475 0.025894902274882396 0.41075705992179795 0.11052660939310539 1.7729912868930533
decision_type=2 2 2 2 2 2 2 2
left_child=1 -1 3 4 5 6 -3 -6
right_child=-2 2 -4 -5 7 -7 -8 -9
leaf_value=-0.0050006242893660497 -0.0054803139553476913 0.0021629409824211999 -0.0045952942041517456 0.0074383475918633236 -0.0034734116532532363 -0.00043676837711584168 0.0075695863734827002 0.00031145704556337871
leaf_weight=302 239 249 201 247 204 253 372 224
leaf_count=302 239 249 201 247 204 253 372 224
internal_value=0.000301072 0.000986124 0.00203057 0.00290237 0.00201669 0.00374338 0.0054363 -0.00151182
internal_weight=2291 2052 1750 1549 1302 874 621 428
internal_count=2291 2052 1750 1549 1302 874 621 428
is_linear=0
shrinkage=0.03


Tree=111
num_leaves=9
num_cat=0
split_feature=3 3 5 6 2 5 6 12
split_gain=12.5118 14.6619 11.764 10.3582 9.92605 15.1836 11.4196 7.5297
threshold=0.78642082012868653 0.61080794076871026 2.9486700650699325 -0.035667037287923524 0.7167372881355939 2.8002869547167597 -0.032229733526894948 0.039246787986795213
decision_type=2 2 2 8 2 2 10 2
left_child=1 7 3 -3 5 -2 -6 -1
right_child=4 2 -4 -5 6 -7 -8 -9
leaf_value=0.0049235935539465505 0.010304475926003493 -0.0030118459195218137 0.00020858943337641125 -0.012103480315907338 -0.0042980508866141834 -0.00052194581744147508 0.0041356241452740507 -0.002465631943922944
leaf_weight=312 273 234 289 221 285 200 283 200
leaf_count=312 273 234 289 221 285 200 283 200
internal_value=0.000157994 -0.00185453 -0.00453123 -0.00751134 0.00258343 0.00576913 -9.66405e-05 0.00204125
internal_weight=2297 1256 744 455 1041 473 568 512
internal_count=2297 1256 744 455 1041 473 568 512
is_linear=0
shrinkage=0.03


Tree=112
num_leaves=9
num_cat=0
split_feature=11 11 4 8 12 0 0 4
split_gain=7.54391 6.77889 6.43922 6.55702 9.54513 5.71168 2.80375 2.71303
threshold=-1.110486896382741 -0.45648470469851293 0.077968094515974168 0.025446924145967397 -0.027462626010019139 0.51853862885177859 0.50000659529818148 0.34973444149443228
decision_type=2 2 2 2 2 2 2 2
left_child=-1 -2 -3 4 -4 6 -6 -5
right_child=1 2 3 7 5 -7 -8 -9
leaf_value=0.0054102884318966132 -0.0048335946293308575 0.0038662502274351977 0.0028925629419362551 0.00027510115685753334 -0.0031567105251763547 -0.00053477237233892085 -0.0080519222045003173 0.0049853165982238637
leaf_weight=229 252 372 281 229 212 331 227 208
leaf_count=229 252 372 281 229 212 331 227 208
internal_value=0.00029929 -0.000266355 0.000363732 -0.000521913 -0.00180442 -0.00352611 -0.00575012 0.00254807
internal_weight=2341 2112 1860 1488 1051 770 439 437
internal_count=2341 2112 1860 1488 1051 770 439 437
is_linear=0
shrinkage=0.03


Tree=113
num_leaves=9
num_cat=0
split_feature=6 12 5 5 3 5 5 0
split_gain=9.41329 6.00557 13.064 7.55343 6.49437 7.79192 11.16 5.25471
threshold=0.3257146318085366 0.048620161110509881 2.9108283122852567 1.6866670623309556 0.60435607557909909 2.3009236277182752 2.7469607448966258 0.523755829090497
decision_type=10 2 2 2 2 2 2 2
left_child=1 3 -3 -1 -5 -6 -7 -8
right_child=-2 2 -4 4 5 6 7 -9
leaf_value=0.0061560657745423283 -0.0053616958139348324 -0.0053858945091079889 0.003424126169738475 0.0051219895248860118 -0.0051727426292753845 0.0071207680772136751 -0.0038049169159050282 0.0024179073160081679
leaf_weight=299 236 346 262 245 221 200 286 206
leaf_count=299 236 346 262 245 221 200 286 206
internal_value=0.000250317 0.000903091 -0.00159251 0.00194638 0.000837629 -0.000333698 0.00123774 -0.00120131
internal_weight=2301 2065 608 1457 1158 913 692 492
internal_count=2301 2065 608 1457 1158 913 692 492
is_linear=0
shrinkage=0.03


Tree=114
num_leaves=9
num_cat=0
split_feature=0 11 0 11 0 0 10 11
split_gain=7.30716 7.49479 9.20366 9.1442 7.71547 9.15004 9.58865 4.43664
threshold=0.55017344549492386 1.5082018055378517 0.5166112896580638 1.0569576327411452 0.52214032407712374 0.50776029636024811 1.3798976073157543 0.15444170115447878
decision_type=2 2 2 2 2 2 2 2
left_child=1 3 -3 4 5 6 -1 -6
right_child=-2 2 -4 -5 7 -7 -8 -9
leaf_value=-0.0067032256169081888 0.0044346625777484652 -0.0083076020856505308 0.00034539335292556555 0.0051076041713159831 -0.0012200082399924884 0.0048566414190169705 0.0014305001290264624 -0.0072017570067611008
leaf_weight=201 262 233 206 269 236 307 352 211
leaf_count=201 262 233 206 269 236 307 352 211
internal_value=-0.000230192 -0.000846214 -0.00428903 0.000123326 -0.000918068 0.000745776 -0.00155946 -0.00409204
internal_weight=2277 2015 439 1576 1307 860 553 447
internal_count=2277 2015 439 1576 1307 860 553 447
is_linear=0
shrinkage=0.03


Tree=115
num_leaves=9
num_cat=0
split_feature=11 13 12 11 10 11 8 1
split_gain=8.56963 9.15925 9.63858 8.81496 10.9951 9.50976 9.74511 8.81471
threshold=-1.110486896382741 6.5000000000000009 0.094084954322354322 -0.3598067287576785 1.5997006192001539 0.82952118040820566 -0.0060219553060403734 1.3610576605952549
decision_type=2 2 2 2 2 2 2 2
left_child=-1 2 3 -2 7 -6 -7 -5
right_child=1 -3 -4 4 5 6 -8 -9
leaf_value=0.0064735189426776965 -0.0037887853883991117 -0.0057607308280255114 -0.0046504342247148502 0.0028942028206906147 -0.0044040227010704487 -0.0026993103661324554 0.0055478639811930106 0.010576437138755555
leaf_weight=210 223 205 244 380 258 200 346 208
leaf_count=210 223 205 244 380 258 200 346 208
internal_value=0.000773578 0.0001794 0.000848139 0.00169067 0.00257891 0.000291327 0.00252984 0.00567799
internal_weight=2274 2064 1859 1615 1392 804 546 588
internal_count=2274 2064 1859 1615 1392 804 546 588
is_linear=0
shrinkage=0.03


Tree=116
num_leaves=9
num_cat=0
split_feature=13 3 10 10 11 11 11 0
split_gain=10.9772 12.6496 8.03903 14.1129 13.674 9.92506 9.83707 6.78079
threshold=1.0000000180025095e-35 0.83285441002889715 1.9008378333927356 2.1635065621425378 -0.19419487185550596 0.93207131418200884 0.63688214141280464 0.5070971231176935
decision_type=2 2 2 2 2 2 2 2
left_child=1 7 4 -4 -2 -5 -6 -1
right_child=2 -3 3 5 6 -7 -8 -9
leaf_value=-0.0039191551534382661 -0.010440567075407929 0.0076596096532793832 0.0070705595385265399 -0.0072163889812224581 0.0026112038343146975 0.0015490407540640803 -0.0050990639300287043 0.0027203406834451016
leaf_weight=239 205 276 204 202 275 262 314 315
leaf_count=239 205 276 204 202 275 262 314 315
internal_value=-0.000271593 0.00247495 -0.00183397 0.000590711 -0.00386481 -0.0023032 -0.00150752 -0.000153425
internal_weight=2292 830 1462 668 794 464 589 554
internal_count=2292 830 1462 668 794 464 589 554
is_linear=0
shrinkage=0.03


Tree=117
num_leaves=10
num_cat=0
split_feature=10 7 4 13 1 12 4 13 0
split_gain=5.20072 11.051 24.3679 10.1055 8.62904 9.94196 8.23564 10.1472 5.06584
threshold=1.6036540853765706 0.24325784196690836 0.3066104584232886 1.0000000180025095e-35 0.90583769161834427 0.072899810200291251 0.22939529864303471 2.5000000000000004 0.51619175099277947
decision_type=2 10 2 2 2 2 2 2 2
left_child=1 -1 3 -3 8 6 -6 -8 -2
right_child=4 2 -4 -5 5 -7 7 -9 -10
leaf_value=-0.0028703170595404926 -0.00074843414365785761 0.0044226982656389614 0.011450334813323665 -0.0045864368744475076 -0.00049312177463434637 0.0028126251050250022 -0.011383303089381812 -0.0021137465751878376 0.0057772115482466017
leaf_weight=321 222 206 239 234 283 216 226 202 200
leaf_count=321 222 206 239 234 283 216 226 202 200
internal_value=5.18715e-05 0.00168676 0.00384636 -0.000366223 -0.0011618 -0.00277631 -0.00448199 -0.00708335 0.00237572
internal_weight=2349 1000 679 440 1349 927 711 428 422
internal_count=2349 1000 679 440 1349 927 711 428 422
is_linear=0
shrinkage=0.03


Tree=118
num_leaves=8
num_cat=0
split_feature=4 1 8 0 12 13 1
split_gain=5.55254 14.3047 12.246 9.02615 10.7975 10.9164 8.80174
threshold=0.066123281437329665 0.76956539942864088 -0.034189192141324216 0.49667293805078522 -0.0073227799208102065 2.5000000000000004 1.310240928309977
decision_type=2 2 2 2 2 2 2
left_child=-1 -2 -3 -4 -5 6 -6
right_child=1 2 3 4 5 -7 -8
leaf_value=0.0032682644803650102 -0.0057978145319700315 0.0068218010746770429 -0.0062936364925784494 -0.0045436886845688735 0.0099624418430598223 -0.0016019657761363105 0.0016456302149842183
leaf_weight=385 384 238 200 275 200 366 265
leaf_count=385 384 238 200 275 200 366 265
internal_value=2.94826e-06 -0.000655866 0.000637547 -0.000511165 0.000558109 0.00226351 0.00529068
internal_weight=2313 1928 1544 1306 1106 831 465
internal_count=2313 1928 1544 1306 1106 831 465
is_linear=0
shrinkage=0.03


Tree=119
num_leaves=10
num_cat=0
split_feature=9 3 4 4 6 0 3 12 4
split_gain=7.41226 9.53676 8.36851 8.26577 7.9494 8.85453 11.1217 7.93122 7.35607
threshold=0.74572626528125763 0.93128935740876018 0.65851932433738558 0.43750552918617297 0.061149533581195466 0.51853862885177859 0.72011080332409916 0.023794768263580738 0.16917721362914726
decision_type=2 2 2 2 10 2 2 2 2
left_child=3 2 4 8 5 6 -2 -6 -1
right_child=1 -3 -4 -5 7 -7 -8 -9 -10
leaf_value=-0.0036253913362661715 0.0030769432212021963 0.0073363455928314777 0.0059041089707908261 -0.0072987528394854234 0.00037088659042265354 0.0047202774210816237 -0.006592571584308253 -0.0079775309641778695 0.0035249122221683781
leaf_weight=266 214 206 212 204 200 356 205 204 243
leaf_count=266 214 206 212 204 200 356 205 204 243
internal_value=0.000258133 0.00139283 0.000489506 -0.00227541 -0.000504934 0.00127363 -0.00167592 -0.00389064 -0.000210706
internal_weight=2310 1597 1391 713 1179 775 419 404 509
internal_count=2310 1597 1391 713 1179 775 419 404 509
is_linear=0
shrinkage=0.03


Tree=120
num_leaves=9
num_cat=0
split_feature=6 8 6 4 12 9 4 12
split_gain=6.41036 14.5633 9.33163 11.7529 8.85863 11.4229 11.0151 3.33757
threshold=-0.11388210025881472 -0.0055844026764306628 0.30680384643250797 0.6402782579849523 0.0050839389940189337 0.78808542862761066 0.24182787316890195 -0.0079872090446944082
decision_type=8 2 10 2 2 2 2 2
left_child=1 7 3 4 6 -6 -2 -1
right_child=2 -3 -4 -5 5 -7 -8 -9
leaf_value=-0.0082198032548019117 0.0081258780384160546 0.002288282423273212 -0.0037728704902179095 0.0090982765193756022 0.0043523915706240443 -0.0044338506061804657 -0.001062806816096755 -0.0028042148548858958
leaf_weight=219 272 396 250 200 203 366 202 203
leaf_count=219 272 396 250 200 203 366 202 203
internal_value=0.000296787 -0.001831 0.0014648 0.00252913 0.00123207 -0.00128861 0.00423981 -0.00567802
internal_weight=2311 818 1493 1243 1043 569 474 422
internal_count=2311 818 1493 1243 1043 569 474 422
is_linear=0
shrinkage=0.03


Tree=121
num_leaves=9
num_cat=0
split_feature=7 6 12 6 0 4 9 9
split_gain=6.98572 8.18554 6.31598 8.77289 7.24659 5.87885 8.19561 8.22188
threshold=0.016395438021599779 0.30680384643250797 0.095909673818498034 0.12860361146001445 0.487750796618653 0.43750552918617297 0.95319366774343894 0.77826782507539727
decision_type=10 10 2 8 2 2 2 2
left_child=-1 2 3 4 -2 6 7 -6
right_child=1 -3 -4 -5 5 -7 -8 -9
leaf_value=-0.0037297114889536585 -0.0039624743090378341 -0.0045704151066641007 -0.0032297452261896942 0.0073138494018986601 0.0021478167939073356 -0.0013931320171743152 -0.0015193143009885469 0.0092837648288528803
leaf_weight=352 203 220 218 246 337 305 215 256
leaf_count=352 203 220 218 246 337 305 215 256
internal_value=0.000137036 0.000825187 0.00150299 0.00217172 0.00118645 0.00213908 0.00347278 0.00528029
internal_weight=2352 2000 1780 1562 1316 1113 808 593
internal_count=2352 2000 1780 1562 1316 1113 808 593
is_linear=0
shrinkage=0.03


Tree=122
num_leaves=9
num_cat=0
split_feature=8 8 1 0 13 11 3 8
split_gain=9.42498 13.5705 9.78552 10.4581 7.80585 7.24754 5.16386 4.36291
threshold=-0.028102587426400986 -0.020073578376341085 0.90583769161834427 0.50680696258444613 1.0000000180025095e-35 0.41108491781759066 0.6820072606262283 0.011348183089002069
decision_type=2 2 2 2 2 2 2 2
left_child=5 -2 7 -4 -5 -1 -6 -3
right_child=1 2 3 4 6 -7 -8 -9
leaf_value=0.00024615851323680571 -0.0075898759855735519 0.0065431636656108107 -0.0071735032125827833 0.0049958218268848038 0.0019012905839927397 0.0076426072096389885 -0.0037617916343864336 0.001034246598845165
leaf_weight=246 232 225 228 207 226 227 387 301
leaf_count=246 232 225 228 207 226 227 387 301
internal_value=9.18305e-05 -0.000897366 0.000109988 -0.0015648 2.87152e-05 0.00383864 -0.00167544 0.00343015
internal_weight=2279 1806 1574 1048 820 473 613 526
internal_count=2279 1806 1574 1048 820 473 613 526
is_linear=0
shrinkage=0.03


Tree=123
num_leaves=9
num_cat=0
split_feature=13 12 7 7 6 12 1 1
split_gain=5.12158 8.56175 10.8212 8.576 11.2677 8.97761 5.82457 4.22427
threshold=6.5000000000000009 0.1062710057804004 0.13570847051099708 1.0695737054805681 -0.212941795209275 0.043064333017650232 1.1812518293251955 1.3610576605952549
decision_type=2 2 8 10 10 2 2 2
left_child=1 2 -1 4 -4 6 -6 -5
right_child=-2 -3 3 7 5 -7 -8 -9
leaf_value=0.0059602778532949451 -0.0036481937817752176 -0.0048585436120629315 0.005221037929787219 0.0010113011400074991 -0.0072856244710007099 0.0027708499386405816 -0.001526438881770115 0.0070500531922216003
leaf_weight=393 241 202 201 214 309 207 325 202
leaf_count=393 241 202 201 214 309 207 325 202
internal_value=0.000444278 0.000932386 0.00157574 0.000377566 -0.0010778 -0.00260519 -0.00436841 0.00399248
internal_weight=2294 2053 1851 1458 1042 841 634 416
internal_count=2294 2053 1851 1458 1042 841 634 416
is_linear=0
shrinkage=0.03


Tree=124
num_leaves=10
num_cat=0
split_feature=9 2 5 8 13 3 3 2 7
split_gain=8.31759 10.0073 10.5633 8.97079 10.9348 10.5623 6.33448 5.71545 5.65473
threshold=0.6173681263419537 0.40000000000000069 2.5266450186133009 -0.011974223535368702 1.0000000180025095e-35 0.75717727479697239 0.87918006354173683 0.58497768426544394 0.27277003473465927
decision_type=2 2 2 2 2 2 2 2 10
left_child=-1 2 -2 5 -5 -3 -7 -6 -9
right_child=1 3 -4 4 7 6 -8 8 -10
leaf_value=-0.005983605285739311 -0.0085599386884491011 0.004044156591276782 0.00061209735054304059 0.0077777712362500041 0.0045108527635046121 -0.0078742653472821389 -0.00057497593502110224 0.0020792325594880447 -0.0045266321152707348
leaf_weight=203 206 208 242 308 267 204 221 249 211
leaf_count=203 206 208 242 308 267 204 221 249 211
internal_value=-0.000259055 0.000302945 -0.00365333 0.00137329 0.00308824 -0.00143301 -0.00412946 0.00106192 -0.000966941
internal_weight=2319 2116 448 1668 1035 633 425 727 460
internal_count=2319 2116 448 1668 1035 633 425 727 460
is_linear=0
shrinkage=0.03


Tree=125
num_leaves=9
num_cat=0
split_feature=6 6 5 7 7 6 14 3
split_gain=7.18685 5.1599 17.8216 8.75741 14.5254 7.23674 9.27505 7.39179
threshold=0.30680384643250797 -0.29336073926251416 1.4212880481009813 1.0914277198862321 0.78737553034081309 0.0096704236664593175 1.0000000180025095e-35 0.82499999999999984
decision_type=10 10 2 10 8 10 2 2
left_child=1 -1 -3 4 5 6 -4 -7
right_child=-2 2 3 -5 -6 7 -8 -9
leaf_value=0.0050919541051084906 -0.0045784370100923942 -0.007907231652310916 0.00022531795853603922 0.0054802785633684516 -0.0063386375996706485 -0.005358300012756864 0.0074487882667185305 0.0025525710172096794
leaf_weight=225 240 205 329 359 242 203 307 213
leaf_count=225 240 205 329 359 242 203 307 213
internal_value=0.000283206 0.000852979 0.00032736 0.00136935 0.000212139 0.00174192 0.00374302 -0.00132557
internal_weight=2323 2083 1858 1653 1294 1052 636 416
internal_count=2323 2083 1858 1653 1294 1052 636 416
is_linear=0
shrinkage=0.03


Tree=126
num_leaves=9
num_cat=0
split_feature=4 3 7 2 4 12 12 7
split_gain=7.34212 12.3131 12.9173 10.0266 7.4824 6.97405 15.5207 4.13159
threshold=0.42918033625647961 0.88084316295325504 0.25490089757207213 0.60000000000000131 0.28160290588041864 0.03325082405143804 -0.019104001470120698 0.32218645514931549
decision_type=2 2 10 2 2 2 2 10
left_child=1 2 -1 -2 5 6 -4 -5
right_child=3 -3 4 7 -6 -7 -8 -9
leaf_value=-0.0065904365897459802 0.0021462774877357535 0.0057084558900369672 -0.0043283371547503131 -0.0028799264804256382 0.0058333467627727535 -0.0043766970786132979 0.0060216096608550285 -0.0084933901266323036
leaf_weight=260 231 338 226 275 209 268 295 213
leaf_count=260 231 338 226 275 209 268 295 213
internal_value=-0.000465408 0.000669375 -0.000701766 -0.00297157 0.000857562 -0.000488918 0.00153353 -0.00539136
internal_weight=2315 1596 1258 719 998 789 521 488
internal_count=2315 1596 1258 719 998 789 521 488
is_linear=0
shrinkage=0.03


Tree=127
num_leaves=8
num_cat=0
split_feature=1 3 13 10 5 0 11
split_gain=4.85227 9.20783 10.0159 7.77885 6.86779 8.8719 6.5393
threshold=1.2449588213480609 0.90291262135922323 2.5000000000000004 1.5733169200942956 2.7181277732741371 0.51198952034507983 0.79672743245822597
decision_type=2 2 2 2 2 2 2
left_child=1 2 4 -2 5 -1 -5
right_child=3 -3 -4 6 -6 -7 -8
leaf_value=0.00024339468808778163 0.0022351873306473507 0.0067163979355613938 -0.0047652983275385434 -0.005981135728929202 -0.0011292490651970033 0.0090648577888541425 -0.00022030033482970226
leaf_weight=205 394 248 255 338 330 201 368
leaf_count=205 394 248 255 338 330 201 368
internal_value=0.000323628 0.00160808 0.000302407 -0.00112386 0.00207851 0.00466782 -0.00300099
internal_weight=2339 1239 991 1100 736 406 706
internal_count=2339 1239 991 1100 736 406 706
is_linear=0
shrinkage=0.03


Tree=128
num_leaves=9
num_cat=0
split_feature=13 2 1 1 3 1 12 4
split_gain=8.56676 12.5231 13.3511 9.59072 8.36514 7.89857 7.67488 5.44327
threshold=1.0000000180025095e-35 0.7833333333333321 0.77897031416957696 1.0383486820796854 0.65118054051751428 1.350848834310028 0.019860195467828082 0.43433865720086234
decision_type=2 2 2 2 2 2 2 2
left_child=4 2 -2 -4 -1 -5 -6 -7
right_child=1 -3 3 5 6 7 -8 -9
leaf_value=-0.0021100170788363958 -0.0062012597179949974 -0.0072530324329368092 0.0072052136349721229 -0.0048616766029067034 0.0076525883516451445 0.004574024466557065 0.00070553013522710111 -0.0015359838060261207
leaf_weight=260 253 270 202 216 296 293 275 231
leaf_count=260 253 270 202 216 296 293 275 231
internal_value=-0.00010216 -0.00148088 -0.000151924 0.00149695 0.00232275 -9.91455e-05 0.00434197 0.00189143
internal_weight=2296 1465 1195 942 831 740 571 524
internal_count=2296 1465 1195 942 831 740 571 524
is_linear=0
shrinkage=0.03


Tree=129
num_leaves=9
num_cat=0
split_feature=11 11 0 1 12 5 12 11
split_gain=5.15067 17.9694 12.0545 10.4745 7.32407 9.63818 8.91864 5.03442
threshold=1.4491713333971978 1.0569576327411452 0.523755829090497 0.61988792183444541 0.023794768263580738 1.6866670623309556 0.067606690575764475 0.47251012975954848
decision_type=2 2 2 2 2 2 2 2
left_child=1 3 -2 -1 5 -5 -6 -7
right_child=2 -3 -4 4 6 7 -8 -9
leaf_value=-0.0068356071887776633 -0.0067273935963785324 0.0072964597215704084 0.0026111822497190498 0.0075256425106120335 -0.0061727675122578863 -0.0023122350604009591 0.001335634164811511 0.003576033071448494
leaf_weight=229 315 273 200 201 287 341 275 205
leaf_count=229 315 273 200 201 287 341 275 205
internal_value=-0.000478698 0.000276228 -0.00311053 -0.000989492 5.53618e-05 0.0019963 -0.00251935 -8.90497e-05
internal_weight=2326 1811 515 1538 1309 747 562 546
internal_count=2326 1811 515 1538 1309 747 562 546
is_linear=0
shrinkage=0.03


Tree=130
num_leaves=9
num_cat=0
split_feature=2 10 7 2 7 10 3 6
split_gain=6.19726 8.00768 14.8874 6.9214 8.277 7.78363 6.40235 4.20362
threshold=0.7167372881355939 2.0131984994607333 0.11466890649615118 0.43511281224818671 1.0315856458936874 2.119658984357482 0.79521681247622578 -0.025909326750990887
decision_type=2 2 10 2 10 2 2 8
left_child=3 2 -2 4 -1 6 7 -5
right_child=1 -3 -4 5 -6 -7 -8 -9
leaf_value=-0.0066116989639380735 -0.010807945546628513 0.0018547172492897484 0.00022929546467413933 0.0047458386913413909 0.00068466407525120303 -0.0013996248470088915 0.0077657047995188105 -0.0010177835216156289
leaf_weight=211 208 221 227 216 395 369 250 232
leaf_count=211 208 221 227 216 395 369 250 232
internal_value=-0.000308304 -0.00276812 -0.00511113 0.000661591 -0.00188913 0.00211232 0.00396568 0.00178282
internal_weight=2329 656 435 1673 606 1067 698 448
internal_count=2329 656 435 1673 606 1067 698 448
is_linear=0
shrinkage=0.03


Tree=131
num_leaves=9
num_cat=0
split_feature=3 2 1 9 1 11 0 2
split_gain=7.58646 10.1037 12.654 9.41094 8.63096 8.1818 6.96628 4.10902
threshold=0.78542781723519262 0.66413189354365787 0.90086252573545755 0.88659872420507668 0.75882569277430634 1.7048072348203684 0.52214032407712374 0.4429050814956827
decision_type=2 2 2 2 2 2 2 2
left_child=4 -2 -3 -4 -1 6 7 -6
right_child=1 2 3 -5 5 -7 -8 -9
leaf_value=-0.0054607056543557308 0.0067975359550916572 0.0066648201674082601 0.0013521639539297826 -0.0069138618577181277 0.0047441969931171077 0.0058788986873894349 -0.0040851024359957692 -0.00092618080152367997
leaf_weight=269 353 214 308 201 200 201 335 259
leaf_count=269 353 214 308 201 200 201 335 259
internal_value=0.000829859 0.00267538 0.0006299 -0.00194753 -0.000745521 0.000550167 -0.000827142 0.00156907
internal_weight=2340 1076 723 509 1264 995 794 459
internal_count=2340 1076 723 509 1264 995 794 459
is_linear=0
shrinkage=0.03


Tree=132
num_leaves=7
num_cat=0
split_feature=3 3 11 2 6 13
split_gain=5.44821 9.42813 17.5431 11.1177 9.13903 5.25759
threshold=0.63380281690140705 0.78642082012868653 0.87676007625614816 0.7167372881355939 -0.035667037287923524 1.5000000000000002
decision_type=2 2 2 2 8 2
left_child=5 4 3 -3 -2 -1
right_child=1 2 -4 -5 -6 -7
leaf_value=0.00048746255397786161 0.00019297842406647164 0.0086348657363576314 -0.0039519597901403903 0.00084381197002113457 -0.0068380936854758106 0.0062639732895005944
leaf_weight=351 334 281 370 392 326 234
leaf_count=351 334 281 370 392 326 234
internal_value=0.000346802 -0.000512535 0.001262 0.00413653 -0.00330525 0.00283157
internal_weight=2288 1703 1043 673 660 585
internal_count=2288 1703 1043 673 660 585
is_linear=0
shrinkage=0.03


Tree=133
num_leaves=7
num_cat=0
split_feature=10 7 4 7 7 1
split_gain=7.50022 15.4525 10.8469 10.7153 11.8944 14.7004
threshold=1.8443950903297506 0.25975496435783779 0.23238412229195679 0.24325784196690836 0.49501440535205132 1.1265675782725248
decision_type=2 8 2 10 10 2
left_child=3 -2 -3 -1 -5 -6
right_child=1 2 -4 4 5 -7
leaf_value=-0.0058778563988918908 0.0076499957421827794 0.0029725448076484951 -0.0040720293701617524 0.0057991943168866477 -0.007267102704403533 0.001859165882736805
leaf_weight=395 275 387 390 232 273 367
leaf_count=395 275 387 390 232 273 367
internal_value=-0.000261013 0.00160718 -0.00056677 -0.0018124 5.21827e-05 -0.00205991
internal_weight=2319 1052 777 1267 872 640
internal_count=2319 1052 777 1267 872 640
is_linear=0
shrinkage=0.03


Tree=134
num_leaves=9
num_cat=0
split_feature=8 2 5 2 5 3 4 10
split_gain=10.5366 7.23895 11.1346 8.10857 8.7407 7.52113 8.78356 7.38697
threshold=0.043070422596682499 0.42857142857143182 3.2762839349576471 0.53654162502082425 2.9108283122852567 0.89688598085544824 0.26606056374989828 1.9863702703843782
decision_type=2 2 2 2 2 2 2 2
left_child=1 7 3 -3 5 6 -5 -1
right_child=-2 2 -4 4 -6 -7 -8 -9
leaf_value=-0.0077202134853678528 0.0055241425993861016 0.0056808106117560301 -0.0051554452907294039 -0.0085803133344831261 0.0049715745786136582 0.0024232330191125582 -0.00069953916388695229 -0.00044752680917123426
leaf_weight=285 209 247 349 207 213 251 321 223
leaf_count=285 209 247 349 207 213 251 321 223
internal_value=-0.000820398 -0.00146468 -0.000462265 0.000875112 -0.000343957 -0.00181981 -0.00384067 -0.00456315
internal_weight=2305 2096 1588 1239 992 779 528 508
internal_count=2305 2096 1588 1239 992 779 528 508
is_linear=0
shrinkage=0.03


Tree=135
num_leaves=9
num_cat=0
split_feature=8 7 5 12 8 1 0 3
split_gain=5.41393 6.86288 5.55319 6.19574 8.93563 10.9407 8.85597 7.56725
threshold=0.045151563404313401 -0.018400392371439398 1.6866670623309556 0.06670835330585724 -0.015106256653643079 0.90086252573545755 0.5232424611157459 0.72920498576163628
decision_type=2 10 2 2 2 2 2 2
left_child=1 -1 -3 4 7 -6 -7 -4
right_child=-2 2 3 -5 5 6 -8 -9
leaf_value=-0.005147190714324343 0.0041497152729258477 0.0033896406677666143 0.0053151139686950805 0.0027060565300378371 0.0014946395304424784 -0.010892264892892078 -0.0025836254361493046 -0.0021204743331949189
leaf_weight=291 204 312 210 317 206 230 235 284
leaf_count=291 204 312 210 317 206 230 235 284
internal_value=-0.000455476 -0.000914906 -0.000216 -0.000983928 -0.00199526 -0.00423725 -0.00676543 0.00106199
internal_weight=2289 2085 1794 1482 1165 671 465 494
internal_count=2289 2085 1794 1482 1165 671 465 494
is_linear=0
shrinkage=0.03


Tree=136
num_leaves=7
num_cat=0
split_feature=12 6 7 0 5 5
split_gain=8.21967 12.5525 10.5031 8.6561 9.85298 3.44298
threshold=-0.046660889249388986 -0.22904825764834549 1.0391860942982822 0.523755829090497 2.4980288959610273 2.9884376684524447
decision_type=2 8 10 2 2 2
left_child=-1 -2 3 5 -5 -3
right_child=1 2 -4 4 -6 -7
leaf_value=-0.0041260972376701167 0.0064557344123865107 -0.0023777525749669147 0.0040421016013889172 -0.0034486226551234721 0.0040325067729094057 -0.0071288118822165339
leaf_weight=347 299 397 397 268 373 212
leaf_count=347 299 397 397 268 373 212
internal_value=9.35974e-05 0.000854676 -0.000178614 -0.00152988 0.000902188 -0.00407624
internal_weight=2293 1946 1647 1250 641 609
internal_count=2293 1946 1647 1250 641 609
is_linear=0
shrinkage=0.03


Tree=137
num_leaves=9
num_cat=0
split_feature=4 13 3 4 3 3 2 10
split_gain=4.60395 5.1645 9.29344 14.0105 5.88417 6.85581 6.25766 4.07047
threshold=0.035692029282599354 1.0000000180025095e-35 0.84444444444444433 0.18367207037122893 0.63380281690140705 0.72567584636550209 0.64342973410770055 2.0034519488924523
decision_type=2 2 2 2 2 2 2 2
left_child=-1 2 3 -2 -3 -6 -7 -8
right_child=1 4 -4 -5 5 6 7 -9
leaf_value=0.0037794383217210643 0.0049186594409854883 0.0015979919977643698 0.0062012169654039537 -0.0051317348328473811 -0.0077927232467978492 0.0022140492131057679 -0.0053359927373113911 -3.1701962563019356e-05
leaf_weight=214 206 326 227 301 209 247 365 201
leaf_count=214 206 326 227 301 209 247 365 201
internal_value=-0.000359717 -0.000793199 0.00122626 -0.00103999 -0.00189329 -0.0030093 -0.0017395 -0.00346909
internal_weight=2296 2082 734 507 1348 1022 813 566
internal_count=2296 2082 734 507 1348 1022 813 566
is_linear=0
shrinkage=0.03


Tree=138
num_leaves=9
num_cat=0
split_feature=2 12 12 10 1 12 12 12
split_gain=6.78552 5.62155 10.8679 10.2558 8.60066 6.70447 12.5204 2.70971
threshold=0.33333333333333387 -0.030088803309315234 -0.0066036306100286648 2.3715882023293022 1.6160685171058169 0.02885871819646563 0.06670835330585724 -0.059806876530173518
decision_type=2 2 2 2 2 2 2 2
left_child=-1 7 -3 4 5 -4 -7 -2
right_child=1 2 3 -5 -6 6 -8 -9
leaf_value=-0.0036148611372582547 0.0016059088176695639 -0.0053792487661165171 0.0061419121391066396 0.0063167941257702741 -0.0036331848564374321 -0.0055084706006947757 0.004815715018811441 0.0065422188706366659
leaf_weight=336 204 261 223 279 386 203 210 200
leaf_count=336 204 261 223 279 386 203 210 200
internal_value=0.000293285 0.000968684 0.000148364 0.00127363 -0.000127169 0.00201244 -0.000264075 0.00409973
internal_weight=2302 1966 1562 1301 1022 636 413 404
internal_count=2302 1966 1562 1301 1022 636 413 404
is_linear=0
shrinkage=0.03


Tree=139
num_leaves=10
num_cat=0
split_feature=5 5 2 2 1 7 9 12 1
split_gain=4.8512 10.0673 6.64545 7.32879 6.45998 7.44692 5.05216 4.93667 8.28408
threshold=1.2342397624154244 1.6866670623309556 0.64789580973952454 0.56703148111166957 1.1622835683449657 0.90240750288537019 0.84187202007938577 -0.010702719442908957 1.3544443168388505
decision_type=2 2 2 2 2 8 2 2 2
left_child=-1 -2 3 4 5 -3 -6 -4 -9
right_child=1 2 7 -5 6 -7 -8 8 -10
leaf_value=-0.0038432090620011514 0.0069885709531166971 0.001589555055090179 0.001596413704204686 0.0058132662704641312 0.0063488779559776913 -0.0060179701191066812 -0.00026565941631100901 -0.0076273075445198717 -0.00010419692418223355
leaf_weight=206 216 232 242 283 200 223 210 238 288
leaf_count=206 216 232 242 283 200 223 210 238 288
internal_value=0.000498146 0.000925631 0.000225716 0.00166804 0.000286242 -0.00216385 0.00299856 -0.0019271 -0.00354796
internal_weight=2338 2132 1916 1148 865 455 410 768 526
internal_count=2338 2132 1916 1148 865 455 410 768 526
is_linear=0
shrinkage=0.03


Tree=140
num_leaves=9
num_cat=0
split_feature=12 12 10 9 12 12 6 13
split_gain=7.87052 11.1538 9.95318 12.2071 6.66805 8.23201 11.351 6.68454
threshold=-0.046660889249388986 -0.026631388837152433 2.2023631819773732 0.94809720331302061 -0.0060191219083612349 0.035484405077472365 -0.012764244409940338 1.5000000000000002
decision_type=2 2 2 2 2 2 10 2
left_child=-1 -2 4 -4 -3 6 -6 -7
right_child=1 2 3 -5 5 7 -8 -9
leaf_value=-0.0042338980755183822 0.0071532796494117598 -0.0066215485626700049 0.0068504122006657342 -0.0021839909620776578 0.0065374870163333763 -0.00020364060024368532 -0.0029563466448609423 -0.0065146952039971126
leaf_weight=366 200 202 321 226 250 342 200 266
leaf_count=366 200 202 321 226 250 342 200 266
internal_value=-0.000219268 0.000521549 -0.000230169 0.00313176 -0.00169628 -0.000729198 0.00233189 -0.00299534
internal_weight=2373 2007 1807 547 1260 1058 450 608
internal_count=2373 2007 1807 547 1260 1058 450 608
is_linear=0
shrinkage=0.03


Tree=141
num_leaves=9
num_cat=0
split_feature=12 12 6 0 0 2 5 2
split_gain=8.83039 8.98826 6.75519 11.523 5.64222 10.5191 9.14558 4.27694
threshold=0.1062710057804004 0.06670835330585724 -0.11848459638137208 0.52214032407712374 0.49840463629360371 0.69047619047619013 3.0443792893641137 0.54636505765096466
decision_type=2 2 8 2 2 2 2 2
left_child=1 2 3 7 -4 6 -6 -1
right_child=-2 -3 4 -5 5 -7 -8 -9
leaf_value=-0.0027533144923381327 -0.0052593374416103648 0.0055740565597575077 0.0046999152108095589 -0.0082168811911609591 -0.005439131505977279 0.0042557799598630167 0.0024740048998779657 0.0033751761495794466
leaf_weight=200 256 277 295 216 353 317 204 200
leaf_count=200 256 277 295 216 353 317 204 200
internal_value=-5.98616e-05 0.000596821 -0.00018897 -0.00271892 0.00115008 -6.80101e-05 -0.00254474 0.000314769
internal_weight=2318 2062 1785 616 1169 874 557 400
internal_count=2318 2062 1785 616 1169 874 557 400
is_linear=0
shrinkage=0.03


Tree=142
num_leaves=10
num_cat=0
split_feature=1 11 11 0 0 7 6 9 9
split_gain=5.7328 11.0205 9.53003 6.67259 6.62373 4.72799 3.98883 3.71936 5.55785
threshold=0.76296841769435819 0.63688214141280464 0.4899904518606592 0.52059019958180597 0.53666909725343437 0.38226628759022357 -0.029420867857364637 0.96702615181950935 0.81260694708182257
decision_type=2 2 2 2 2 8 8 2 2
left_child=2 3 -1 6 7 -5 -2 8 -3
right_child=1 4 -4 5 -6 -7 -8 -9 -10
leaf_value=-0.0066283070141136052 0.0026379518355137874 -0.0047212484103672176 0.001288784366001242 0.0031630229382202603 0.0025811724770253737 -0.0032568483990673886 0.0081993467169390478 -0.0067303345476512266 0.0017409602409720211
leaf_weight=298 261 266 247 203 221 200 215 201 211
leaf_count=298 261 266 247 203 221 200 215 201 211
internal_value=-0.000384155 0.000442676 -0.0030611 0.00282331 -0.00188774 -2.38852e-05 0.00520905 -0.00335265 -0.0018743
internal_weight=2323 1778 545 879 899 403 476 678 477
internal_count=2323 1778 545 879 899 403 476 678 477
is_linear=0
shrinkage=0.03


Tree=143
num_leaves=9
num_cat=0
split_feature=6 6 9 4 0 5 6 6
split_gain=5.75141 8.6413 8.39243 10.4342 6.80425 12.7393 11.264 5.69411
threshold=0.33396647170180754 -0.052308545546979716 0.77826782507539727 0.14401772777286706 0.51853862885177859 2.6401765097396273 0.057154809650704748 -0.212941795209275
decision_type=10 10 2 2 2 2 10 10
left_child=1 2 7 -4 5 -3 -6 -1
right_child=-2 4 3 -5 6 -7 -8 -9
leaf_value=-0.0010275568935968395 -0.0048656173019498723 0.0045974657610507617 0.0061012579816515028 -0.0022868190440188279 0.0091417829509824518 -0.0047535327984531157 0.00040244926926704078 -0.0077000225850294328
leaf_weight=211 218 244 202 371 245 272 284 253
leaf_count=211 218 244 202 371 245 272 284 253
internal_value=-0.000286629 0.000203331 -0.00173267 0.000697433 0.00212361 -0.000330057 0.00449767 -0.00470908
internal_weight=2300 2082 1037 573 1045 516 529 464
internal_count=2300 2082 1037 573 1045 516 529 464
is_linear=0
shrinkage=0.03


Tree=144
num_leaves=9
num_cat=0
split_feature=11 3 1 2 1 4 1 10
split_gain=7.16117 11.1858 10.6943 9.21469 8.56162 6.98041 5.24316 4.86044
threshold=1.0569576327411452 0.84444444444444433 0.90583769161834427 0.7833333333333321 0.72996528535717264 0.4224128811017186 2.1549419697632195 1.535730074466225
decision_type=2 2 2 2 2 2 2 2
left_child=1 4 -2 -3 -1 -4 7 -6
right_child=2 3 5 -5 6 -7 -8 -9
leaf_value=-0.0084907879212261297 0.0067832750262111757 0.0060275086711298947 -0.0036434819457562551 -0.0020026682384621367 0.0026344842009070014 0.0032145659719039553 -0.0056412240824783629 -0.002953070447712518
leaf_weight=221 271 258 286 248 267 242 225 284
leaf_count=221 271 258 286 248 267 242 225 284
internal_value=-0.000289887 -0.00150842 0.00199742 0.00211068 -0.00334656 -0.000499541 -0.00183654 -0.000246147
internal_weight=2302 1503 799 506 997 528 776 551
internal_count=2302 1503 799 506 997 528 776 551
is_linear=0
shrinkage=0.03


Tree=145
num_leaves=9
num_cat=0
split_feature=13 5 1 9 8 2 8 0
split_gain=6.85352 12.0859 7.9242 11.9479 7.12241 6.77711 5.75327 4.16836
threshold=1.0000000180025095e-35 2.6401765097396273 0.77897031416957696 0.99525605332876754 -0.011757329752364142 0.64342973410770055 -0.0089784329160477027 0.52266161775862086
decision_type=2 2 2 2 2 2 2 2
left_child=1 4 -2 5 -1 6 -4 -7
right_child=2 -3 3 -5 -6 7 -8 -9
leaf_value=0.0026291804931856491 -0.0046199969431434413 -0.00066564738314224482 0.0087486565768173548 -0.0046497855031022639 0.010379660533588022 0.0025296201798963645 0.002026171194471038 -0.0033387033209420634
leaf_weight=217 299 399 200 271 214 225 269 202
leaf_count=217 299 399 200 271 214 225 269 202
internal_value=0.000929782 0.00309928 -0.000304876 0.000815705 0.00655235 0.0024854 0.00495495 -0.000253007
internal_weight=2296 830 1466 1167 431 896 469 427
internal_count=2296 830 1466 1167 431 896 469 427
is_linear=0
shrinkage=0.03


Tree=146
num_leaves=9
num_cat=0
split_feature=6 5 13 7 7 3 5 2
split_gain=4.23141 10.3398 7.07231 8.51006 9.27133 6.63384 3.33113 5.02866
threshold=-0.30502752576383646 1.4440779923304334 6.5000000000000009 0.46503719826073303 1.1341887627870262 0.76000000000000012 3.1361051535943396 0.71904761904761838
decision_type=10 2 2 8 10 2 2 2
left_child=-1 -2 3 6 5 -5 7 -3
right_child=1 2 -4 4 -6 -7 -8 -9
leaf_value=0.0039328126968452481 -0.0061005191973755868 0.0080119154958309333 -0.0050296994041904661 -0.00046235216777801275 0.0029836353459761719 -0.0066565512028460231 0.00029950855756705658 0.0017182509618799521
leaf_weight=200 262 227 201 373 351 263 207 232
leaf_count=200 262 227 201 373 351 263 207 232
internal_value=-0.000183453 -0.000580868 0.000213457 0.000864255 -0.000903781 -0.00305573 0.00347166 0.0048836
internal_weight=2316 2116 1854 1653 987 636 666 459
internal_count=2316 2116 1854 1653 987 636 666 459
is_linear=0
shrinkage=0.03


Tree=147
num_leaves=9
num_cat=0
split_feature=6 12 5 2 5 5 13 2
split_gain=5.44604 7.12533 9.24387 7.19847 6.56966 9.33845 6.71144 4.40051
threshold=-0.2311709877686646 -0.028170502269042882 2.4918806844219201 0.7167372881355939 2.7298921672233241 3.1926202849306895 1.0000000180025095e-35 0.7975825299444963
decision_type=10 2 2 2 2 2 2 2
left_child=-1 2 -2 4 6 -6 -3 -5
right_child=1 3 -4 7 5 -7 -8 -9
leaf_value=0.0031707223082164753 -0.0019960912176360001 0.0059547760286192712 0.0067107706738939498 -0.0083054747606922941 -0.0077609033784894668 0.00041889307912694468 -0.00082871556500112504 -0.0021818501377091522
leaf_weight=352 209 207 222 200 208 305 342 228
leaf_count=352 209 207 222 200 208 305 342 228
internal_value=-0.000233201 -0.000863541 0.00251418 -0.00184573 -0.000513934 -0.00294057 0.00175965 -0.00510622
internal_weight=2273 1921 431 1490 1062 513 549 428
internal_count=2273 1921 431 1490 1062 513 549 428
is_linear=0
shrinkage=0.03


Tree=148
num_leaves=10
num_cat=0
split_feature=12 0 8 12 4 8 13 12 12
split_gain=6.33113 5.60122 8.50204 8.94588 9.90361 8.4027 13.9851 9.64006 10.7902
threshold=0.1062710057804004 0.55298789622557065 -0.034189192141324216 0.067606690575764475 0.057729116526969056 -0.02325297202033012 3.5000000000000004 0.016409143928530937 -0.017089980478832919
decision_type=2 2 2 2 2 2 2 2 2
left_child=1 2 -1 4 -4 -6 7 8 -7
right_child=-2 -3 3 -5 5 6 -8 -9 -10
leaf_value=0.0050794242795939755 -0.0038256283797496976 0.0058415607757447956 0.0045936797783948111 0.0054427595420758115 -0.0076964454354167397 -0.00057242665439844126 -0.0066460178290254322 -0.003748240937823302 0.008960938306888792
leaf_weight=316 253 202 218 207 208 222 276 214 200
leaf_count=316 253 202 218 207 208 222 276 214 200
internal_value=0.000607606 0.00115922 0.00063669 -0.00028544 -0.00118861 -0.0023295 -0.00107017 0.00138251 0.00399778
internal_weight=2316 2063 1861 1545 1338 1120 912 636 422
internal_count=2316 2063 1861 1545 1338 1120 912 636 422
is_linear=0
shrinkage=0.03


Tree=149
num_leaves=9
num_cat=0
split_feature=5 7 0 7 11 0 7 11
split_gain=5.33088 6.86961 10.6818 9.28034 8.91077 12.5031 5.25908 3.81366
threshold=1.37686412589061 0.42532365124923355 0.5130584632311862 0.73508616199473298 1.4491713333971978 0.50032502643489607 0.19342197749917633 0.5692915454404871
decision_type=2 8 2 10 2 2 10 2
left_child=-1 2 -2 7 5 -5 -4 -3
right_child=1 3 6 4 -6 -7 -8 -9
leaf_value=-0.0036544062891849002 -0.0019868909328389812 -0.0068722518611703748 0.0030607373454644049 0.0094503468486321403 -0.0032673384356293601 3.7951737449636299e-05 0.0092058664176431371 -0.0013946536832439309
leaf_weight=261 258 206 344 200 242 334 200 257
leaf_count=261 258 206 344 200 242 334 200 257
internal_value=0.000341779 0.000860487 0.00301468 -0.000540426 0.00146371 0.00361816 0.00538324 -0.00387915
internal_weight=2302 2041 802 1239 776 534 544 463
internal_count=2302 2041 802 1239 776 534 544 463
is_linear=0
shrinkage=0.03


Tree=150
num_leaves=9
num_cat=0
split_feature=9 8 11 1 9 9 11 3
split_gain=5.58712 7.34961 15.2976 10.6391 9.07122 6.6406 5.55028 3.07731
threshold=0.67464581436527793 -0.0060219553060403734 1.0646713530488112 1.1265675782725248 0.92919197593093494 0.84756001624266697 0.10569092355699865 0.76607588939615601
decision_type=2 2 2 2 2 2 2 2
left_child=7 3 6 -2 -4 -5 -3 -1
right_child=1 2 4 5 -6 -7 -8 -9
leaf_value=-0.0058355064820952533 -0.0051862908242435776 0.0021684143113215332 0.01121322743014257 0.0051092156747214587 0.002345096673139117 -0.0019997954083300091 -0.0033814929865744955 -0.0005886270022246896
leaf_weight=200 375 317 202 232 215 232 322 200
leaf_count=200 375 317 202 232 215 232 322 200
internal_value=-5.27238e-05 0.000629307 0.00228986 -0.00146192 0.00672289 0.00157128 -0.000632793 -0.00325172
internal_weight=2295 1895 1056 839 417 464 639 400
internal_count=2295 1895 1056 839 417 464 639 400
is_linear=0
shrinkage=0.03


Tree=151
num_leaves=9
num_cat=0
split_feature=11 6 3 1 4 4 1 3
split_gain=5.07459 7.99424 8.71232 6.77504 12.4379 10.1523 10.3633 5.72155
threshold=-1.1445152399599576 0.11875365252963778 0.58740574423320591 1.4429627336552007 0.42918033625647961 0.34973444149443228 0.94332583985822727 0.78355855855856016
decision_type=2 10 2 2 2 2 2 2
left_child=-1 2 -2 5 -5 6 -4 -3
right_child=1 7 3 4 -6 -7 -8 -9
leaf_value=0.0056832042108807294 0.0066459705137711907 -0.0050402456726275531 0.00011050717175968891 0.0089190657615174796 -0.0010803527474500143 0.0042562454322441707 -0.008290766834539838 0.001049981472082436
leaf_weight=211 285 296 359 215 226 247 204 255
leaf_count=211 285 296 359 215 226 247 204 255
internal_value=0.00130415 0.000848888 0.00195976 0.000869953 0.00383998 -0.000760702 -0.00297983 -0.00223762
internal_weight=2298 2087 1536 1251 441 810 563 551
internal_count=2298 2087 1536 1251 441 810 563 551
is_linear=0
shrinkage=0.03


Tree=152
num_leaves=8
num_cat=0
split_feature=4 11 1 1 9 10 1
split_gain=8.30098 13.4145 7.17027 7.05814 8.32965 5.81806 7.78854
threshold=0.10363927332198804 -0.91018201558767153 0.76956539942864088 0.76956539942864088 0.72514547973061361 2.2465293174178904 1.6973118587491969
decision_type=2 2 2 2 2 2 2
left_child=2 -2 -1 -3 -5 6 -6
right_child=1 3 -4 4 5 -7 -8
leaf_value=0.0010515253604368845 0.0080687657980105052 -0.0041884527439687612 -0.0058142226558945331 -0.0034477358419384998 0.0067978879615481266 -0.0012103441866479583 0.00016754171985667199
leaf_weight=218 203 294 357 290 361 286 283
leaf_count=218 203 294 357 290 361 286 283
internal_value=-0.00012073 0.000925054 -0.00322458 -5.61953e-05 0.000952642 0.0023359 0.00390798
internal_weight=2292 1717 575 1514 1220 930 644
internal_count=2292 1717 575 1514 1220 930 644
is_linear=0
shrinkage=0.03


Tree=153
num_leaves=9
num_cat=0
split_feature=3 5 11 10 7 13 8 11
split_gain=5.87304 17.0151 13.404 11.2522 10.8012 8.07471 8.06412 5.36887
threshold=0.78542781723519262 2.9429670358652196 1.2120429139209463 2.2290009276238645 0.22541577348225114 2.5000000000000004 0.0021849943406023701 0.10569092355699865
decision_type=2 2 2 2 8 2 2 2
left_child=1 5 4 -3 -2 6 -1 -6
right_child=2 3 -4 -5 7 -7 -8 -9
leaf_value=-0.0098302093802515086 -0.00057055882887652848 0.0066920749757719711 -0.0046276727904166499 -0.0023320889110606505 0.0098469307071242778 -0.00012504399684835072 -0.0021808556924725686 0.0029127952678049624
leaf_weight=311 379 257 268 233 203 237 210 206
leaf_count=311 379 257 268 233 203 237 210 206
internal_value=-0.000531352 -0.00192115 0.00111245 0.00242078 0.00308155 -0.00472541 -0.00679702 0.00643179
internal_weight=2304 1248 1056 490 788 758 521 409
internal_count=2304 1248 1056 490 788 758 521 409
is_linear=0
shrinkage=0.03


Tree=154
num_leaves=9
num_cat=0
split_feature=6 6 0 4 1 6 6 2
split_gain=6.43459 7.21377 6.70319 5.13565 7.3715 7.72055 8.34894 3.7019
threshold=0.3257146318085366 0.12860361146001445 0.49014674414846132 0.12233753398393686 1.8418759556259097 -0.074389207371105034 -0.212941795209275 0.51350279137350952
decision_type=10 10 2 2 2 8 10 2
left_child=1 2 -1 7 5 6 -5 -4
right_child=-2 -3 3 4 -6 -7 -8 -9
leaf_value=-0.0047440814979816393 -0.0051734069623053068 0.0040976860990880855 0.00028043042119752848 0.0046590709365973955 -0.0024086983566257085 0.0066727577059973791 -0.0036005620696553183 -0.0053611039458425873
leaf_weight=290 220 345 204 209 325 297 222 209
leaf_count=290 220 345 204 209 325 297 222 209
internal_value=-0.000351668 0.000164309 -0.000617918 0.000211659 0.00132327 0.00299439 0.000412187 -0.00260446
internal_weight=2321 2101 1756 1466 1053 728 431 413
internal_count=2321 2101 1756 1466 1053 728 431 413
is_linear=0
shrinkage=0.03


Tree=155
num_leaves=9
num_cat=0
split_feature=8 4 5 8 0 11 11 9
split_gain=6.2642 7.36778 8.13202 12.8755 10.03 8.96159 10.8773 8.57315
threshold=-0.034189192141324216 0.035692029282599354 3.0443792893641137 -0.020073578376341085 0.53143310853570125 0.15444170115447878 0.93207131418200884 0.8402066407127865
decision_type=2 2 2 2 2 2 2 2
left_child=-1 -2 3 -3 -4 7 -7 -5
right_child=1 2 4 5 -6 6 -8 -9
leaf_value=0.0037902030623237731 0.0047779771672167744 -0.0085748818630236191 -0.0011780281116965121 0.0065946181017373286 0.006980504533944375 -0.0075710687563675912 0.0010009398822320669 -0.0019520617181557085
leaf_weight=344 203 251 383 205 204 279 249 209
leaf_count=344 203 251 383 205 204 279 249 209
internal_value=8.33897e-05 -0.000567563 -0.00118887 -0.00260767 0.00169232 -0.000980799 -0.00355712 0.00230818
internal_weight=2327 1983 1780 1193 587 942 528 414
internal_count=2327 1983 1780 1193 587 942 528 414
is_linear=0
shrinkage=0.03


Tree=156
num_leaves=9
num_cat=0
split_feature=2 4 1 7 10 7 10 10
split_gain=5.08769 6.57272 5.50034 11.5414 9.31367 10.2037 7.5191 3.06024
threshold=0.73975141347536966 0.3023241086844633 1.1337525564250752 0.68268376449816215 1.7456733495803667 0.60268135265497558 1.7378619511178488 2.3083677689675643
decision_type=2 2 2 8 2 8 2 2
left_child=2 -2 4 -4 5 -1 -5 -6
right_child=1 -3 3 6 7 -7 -8 -9
leaf_value=-0.00045184598487269662 -0.0010989850830673325 0.005701314098506707 -0.0028303594445870206 0.0083424847534202002 0.0037052712004838717 -0.009610128275669096 0.0011497081230441679 -0.0014124371886289524
leaf_weight=219 207 324 353 218 211 215 321 201
leaf_count=219 207 324 353 218 211 215 321 201
internal_value=0.000509495 0.00306483 -0.000277771 0.00136222 -0.00200478 -0.00504656 0.00410878 0.00122153
internal_weight=2269 531 1738 892 846 434 539 412
internal_count=2269 531 1738 892 846 434 539 412
is_linear=0
shrinkage=0.03


Tree=157
num_leaves=9
num_cat=0
split_feature=9 2 7 1 2 13 14 11
split_gain=4.6686 7.39197 7.03041 9.52727 6.88376 6.52076 5.81238 4.59058
threshold=0.9033292966796278 0.7204769200430764 0.47170752953772388 1.1388973038105557 0.42639318885449018 1.0000000180025095e-35 1.0000000180025095e-35 0.41807116934130722
decision_type=2 2 8 2 2 2 2 2
left_child=2 4 3 -1 -2 -4 -6 -7
right_child=1 -3 5 -5 6 7 -8 -9
leaf_value=0.0064147549843263998 -0.0048220326328754191 -0.0066569183855614764 -0.0044631008371719318 -0.00090638120802094698 -0.0019509893676522077 -0.0024287033400884491 0.0048973062970605096 0.0034485349474562099
leaf_weight=339 212 230 322 297 206 200 233 283
leaf_count=339 212 230 322 297 206 200 233 283
internal_value=-0.000381628 -0.00209578 0.000669992 0.00301552 -0.000445855 -0.0011903 0.00169797 0.00101495
internal_weight=2322 881 1441 636 651 805 439 483
internal_count=2322 881 1441 636 651 805 439 483
is_linear=0
shrinkage=0.03


Tree=158
num_leaves=9
num_cat=0
split_feature=7 7 10 3 7 7 6 2
split_gain=5.07788 6.88866 9.82203 6.42219 5.83453 6.2133 7.88639 5.33332
threshold=1.4157985236919595 0.37031994574226107 1.2806863750639244 0.88084316295325504 0.4867088982280644 1.0695737054805681 0.0073136137902091178 0.54942266209871893
decision_type=8 10 2 2 10 10 10 2
left_child=1 2 -1 -4 -3 6 7 -6
right_child=-2 4 3 -5 5 -7 -8 -9
leaf_value=-0.0075841680123844984 -0.0041637651235875428 0.0060543643142861713 -0.0028386730647667548 0.0033174139151798329 -0.0014349504594992793 0.0047430255491419 -0.0042630189735476066 0.0053235247567224725
leaf_weight=209 290 205 339 269 208 234 327 204
leaf_count=209 290 205 339 269 208 234 327 204
internal_value=-0.000490046 5.30527e-05 -0.00205662 -0.000110167 0.00151872 0.000537048 -0.000817675 0.00193519
internal_weight=2285 1995 817 608 1178 973 739 412
internal_count=2285 1995 817 608 1178 973 739 412
is_linear=0
shrinkage=0.03


Tree=159
num_leaves=9
num_cat=0
split_feature=11 2 3 12 0 5 8 12
split_gain=6.26784 10.1034 9.38226 5.90581 17.5414 12.1019 10.0786 9.15404
threshold=1.9361932698627407 0.36363636363636703 0.61080794076871026 -0.0066036306100286648 0.51909329210446853 2.4550171643082375 0.020873351440649428 0.037349714544004382
decision_type=2 2 2 2 2 2 2 2
left_child=1 -1 -3 4 -4 7 -7 -5
right_child=-2 2 3 5 -6 6 -8 -9
leaf_value=-0.0059936975019278926 0.0038240784442741846 0.0051681709445418602 0.0006839320415547535 0.008644158316107051 -0.010414085592940877 -0.005724515659110167 0.0026593479182733925 -0.00015253621538480121
leaf_weight=316 257 246 330 201 204 344 201 220
leaf_count=316 257 246 330 201 204 344 201 220
internal_value=-0.000549027 -0.00110201 -0.000202096 -0.00109706 -0.00361304 0.000305196 -0.00263642 0.00409947
internal_weight=2319 2062 1746 1500 534 966 545 421
internal_count=2319 2062 1746 1500 534 966 545 421
is_linear=0
shrinkage=0.03


Tree=160
num_leaves=10
num_cat=0
split_feature=4 0 2 0 10 10 3 12 0
split_gain=5.96993 7.52179 10.3763 12.4677 9.95673 9.93498 5.82 6.81071 4.00202
threshold=0.037248765191705079 0.52769662717777921 0.7167372881355939 0.54373266009719023 2.153980998982338 1.8360021901761732 0.85625588365077443 0.0035556996882431528 0.50643711335819386
decision_type=2 2 2 2 2 2 2 2 2
left_child=-1 4 3 -3 5 6 7 -2 -6
right_child=1 2 -4 -5 8 -7 -8 -9 -10
leaf_value=-0.0048745838311811283 0.00081648798813331916 0.0099019543296613149 -0.0020350327583677739 0.00032033911894684955 -0.0019599341915301537 0.0064822438461841015 0.0030841356543737037 -0.0063935031073383431 -0.0077764048051299911
leaf_weight=220 228 247 271 238 223 202 209 237 207
leaf_count=220 228 247 271 238 223 202 209 237 207
internal_value=-0.00023434 0.000271334 0.00264319 0.0052513 -0.0011065 0.000731945 -0.00102648 -0.0028872 -0.00481716
internal_weight=2282 2062 756 485 1306 876 674 465 430
internal_count=2282 2062 756 485 1306 876 674 465 430
is_linear=0
shrinkage=0.03


Tree=161
num_leaves=8
num_cat=0
split_feature=3 3 13 7 6 12 11
split_gain=4.24375 9.45127 6.7173 7.68457 6.44361 4.85213 2.92046
threshold=0.62204257939321683 0.54308211473565871 1.0000000180025095e-35 0.45042762178542078 -0.078300842473028862 0.019860195467828082 0.76045163696400553
decision_type=2 2 2 8 10 2 2
left_child=1 -1 5 6 -5 -2 -4
right_child=2 -3 3 4 -6 -7 -8
leaf_value=-0.00085601359075489355 0.0041196888010791334 0.0072535805619866923 -0.0016754135843461417 -0.0011184518369614267 -0.0080391696901839504 -0.001160627332730935 0.0024691053504027811
leaf_weight=348 326 200 387 216 276 294 246
leaf_count=348 326 200 387 216 276 294 246
internal_value=-0.000148738 0.00214252 -0.00087235 -0.00225062 -0.00504262 0.00162654 -5.80199e-05
internal_weight=2293 548 1745 1125 492 620 633
internal_count=2293 548 1745 1125 492 620 633
is_linear=0
shrinkage=0.03


Tree=162
num_leaves=9
num_cat=0
split_feature=5 6 2 2 3 11 5 1
split_gain=5.09125 6.42837 9.8858 12.6134 9.29344 9.0225 8.6358 3.50548
threshold=3.7099085088129811 -0.097806703917836454 0.69241053064582891 0.50688446268215537 0.78542781723519262 1.0000000180025095e-35 2.5338690978241627 1.5521406276302496
decision_type=2 10 2 2 2 2 2 2
left_child=1 2 3 -1 5 -3 -6 -7
right_child=-2 4 -4 -5 6 7 -8 -9
leaf_value=-0.0029199433827258241 -0.003995110524642834 -0.0054270329537729808 -0.0056665928883907887 0.006271658800542354 0.0084453443624683978 0.0042377447859783257 0.0014341796293799113 -0.00078847652681073856
leaf_weight=293 202 203 281 240 303 275 330 223
leaf_count=293 202 203 281 240 303 275 330 223
internal_value=0.000500369 0.000931425 -0.00116512 0.00123869 0.0022103 -0.000172843 0.00483012 0.00200158
internal_weight=2350 2148 814 533 1334 701 633 498
internal_count=2350 2148 814 533 1334 701 633 498
is_linear=0
shrinkage=0.03


Tree=163
num_leaves=9
num_cat=0
split_feature=12 12 11 7 0 12 12 10
split_gain=6.30202 7.23611 6.23211 10.5499 9.32769 9.31944 7.13647 4.65567
threshold=0.1062710057804004 0.06948174755075566 0.63688214141280464 0.69605847706746793 0.50000659529818148 0.01585736219535561 -0.0066036306100286648 1.5033358690471645
decision_type=2 2 2 10 2 2 2 2
left_child=1 2 3 5 -4 7 -6 -1
right_child=-2 -3 4 -5 6 -7 -8 -9
leaf_value=0.005075754294911884 -0.0044076516208745135 0.0055254352288020229 0.003193220945395296 0.0061683299721782114 -0.0080714588781041954 -0.0057417039493492875 -0.0013025421254183609 -0.00098658616212196626
leaf_weight=214 236 243 235 314 218 203 384 235
leaf_count=214 236 243 235 314 218 203 384 235
internal_value=0.000181917 0.000720765 5.97241e-05 0.00169746 -0.00182928 -0.000486248 -0.00380004 0.00192689
internal_weight=2282 2046 1803 966 837 652 602 449
internal_count=2282 2046 1803 966 837 652 602 449
is_linear=0
shrinkage=0.03


Tree=164
num_leaves=10
num_cat=0
split_feature=3 8 5 13 7 10 7 8 7
split_gain=6.89549 5.09162 4.85263 8.07521 8.80634 12.1212 10.2471 6.88878 5.43831
threshold=0.57670542635658861 0.0018072689121145615 1.37686412589061 6.5000000000000009 0.26695630608909671 1.3188076353556255 0.56515388795854082 0.0071067672190277412 0.90240750288537019
decision_type=2 2 2 2 8 2 10 2 10
left_child=1 -1 -2 4 7 -6 -7 -4 -8
right_child=2 -3 3 -5 5 6 8 -9 -10
leaf_value=0.00038882920167075007 -0.0046472588448076071 0.0069464931550659069 0.0076545230563479704 -0.0054714287472661677 0.0056273771467495633 -0.0070631154433691071 0.0033157108128979438 0.00054913432337343692 -0.0028344914061363144
leaf_weight=207 213 216 245 200 207 275 241 243 268
leaf_count=207 213 216 245 200 207 275 241 243 268
internal_value=0.000340456 0.00377946 -0.000436346 0.000110067 0.000880725 -0.000745803 -0.00245352 0.00415784 8.14177e-05
internal_weight=2315 423 1892 1679 1479 991 784 488 509
internal_count=2315 423 1892 1679 1479 991 784 488 509
is_linear=0
shrinkage=0.03


Tree=165
num_leaves=9
num_cat=0
split_feature=11 5 8 8 12 6 9 10
split_gain=5.62783 6.96717 6.75977 8.89871 11.7466 9.25678 7.47601 6.16752
threshold=-0.91018201558767153 1.5584674367444433 0.028261516184374537 0.014593098069172906 0.0041147411826843458 -0.097806703917836454 0.87154741544955827 1.7614309782947066
decision_type=2 2 2 2 2 10 2 2
left_child=-1 -2 3 4 5 -3 -4 -6
right_child=1 2 6 -5 7 -7 -8 -9
leaf_value=0.0041332386978221742 -0.0055665752722309269 -0.0015338214292529631 0.0070616447480468005 -0.0057814016980356972 -0.0062130771070483251 0.0063803781956238183 -0.00060908625947068561 0.00026724454756785074
leaf_weight=262 213 215 226 269 256 337 225 267
leaf_count=262 213 215 226 269 256 337 225 267
internal_value=4.08059e-05 -0.000502107 0.000112651 -0.000955062 0.00027382 0.00331176 0.00327007 -0.00293357
internal_weight=2270 2008 1795 1344 1075 552 451 523
internal_count=2270 2008 1795 1344 1075 552 451 523
is_linear=0
shrinkage=0.03


Tree=166
num_leaves=9
num_cat=0
split_feature=11 5 12 6 6 10 12 12
split_gain=6.75342 7.58568 6.39974 15.2799 12.4074 6.97279 5.60096 4.51503
threshold=-0.92799802987163893 1.5457406466720076 -0.0028824577193564123 -0.10604462376784844 0.11213141540263329 1.7614309782947066 0.06948174755075566 0.035484405077472365
decision_type=2 2 2 8 8 2 2 2
left_child=-1 -2 3 -3 6 -5 7 -4
right_child=1 2 4 5 -6 -7 -8 -9
leaf_value=0.0048296120091454011 -0.0056244207755662499 -0.0032180120555567555 0.0016120824218714531 0.01019045249523165 -0.0057075919385738017 0.0022915270263194174 0.004793695294642894 -0.0037225989576538236
leaf_weight=268 203 235 350 203 337 202 249 234
leaf_count=268 203 235 350 203 337 202 249 234
internal_value=0.000401764 -0.000198242 0.000424147 0.00282424 -0.000895157 0.00632673 0.00107421 -0.0005389
internal_weight=2281 2013 1810 640 1170 405 833 584
internal_count=2281 2013 1810 640 1170 405 833 584
is_linear=0
shrinkage=0.03


Tree=167
num_leaves=9
num_cat=0
split_feature=12 12 0 11 6 6 6 5
split_gain=4.9664 8.99461 6.32201 8.674 6.95977 7.18746 5.18151 4.02913
threshold=-0.048614271430963189 -0.02610660153613403 0.51755440923954954 0.10569092355699865 -0.078300842473028862 0.095793228076849993 -0.097806703917836454 2.8972931259874692
decision_type=2 2 2 2 10 10 10 2
left_child=-1 -2 4 -4 -3 -6 -5 -8
right_child=1 2 3 6 5 -7 7 -9
leaf_value=-0.0027263801783944169 0.0070380016840379507 0.0017274832505782371 0.0061782607991969392 -0.0035561550499304483 -0.0075170420361143986 -5.8618933775799766e-05 -0.00096214801355560804 0.0048566175770353185
leaf_weight=355 201 333 305 225 237 224 206 215
leaf_count=355 201 333 305 225 237 224 206 215
internal_value=0.000512776 0.00110915 0.000408074 0.00205313 -0.00156278 -0.00393251 7.30061e-05 0.00203156
internal_weight=2301 1946 1745 951 794 461 646 421
internal_count=2301 1946 1745 951 794 461 646 421
is_linear=0
shrinkage=0.03


Tree=168
num_leaves=10
num_cat=0
split_feature=11 4 1 7 7 10 9 6 8
split_gain=3.90655 7.3211 7.0208 10.7307 8.38725 6.62086 5.55454 9.98409 5.31418
threshold=0.45792443368666247 0.3066104584232886 0.90583769161834427 0.55318816386523051 0.50701590040445599 1.5733169200942956 0.72777866909348443 -0.015223704273196357 -0.012644563554340104
decision_type=2 2 2 10 8 2 2 10 2
left_child=1 6 4 -4 -2 -3 -1 -8 -5
right_child=2 5 3 8 -6 -7 7 -9 -10
leaf_value=0.0008706628876942687 0.0084012608358745074 0.0054891151428161774 -0.0045938397945682391 0.0060139674138959438 -2.6304858872138609e-05 -0.0020223176458995171 -0.00083290311535622204 -0.0099460945951580573 -0.00020076531855585543
leaf_weight=200 218 213 322 206 203 201 230 201 299
leaf_count=200 218 213 322 206 203 201 230 201 299
internal_value=0.000125164 -0.00122487 0.00125598 -0.000353691 0.004385 0.00186165 -0.00324865 -0.00514823 0.00236846
internal_weight=2293 1045 1248 827 421 414 631 431 505
internal_count=2293 1045 1248 827 421 414 631 431 505
is_linear=0
shrinkage=0.03


Tree=169
num_leaves=8
num_cat=0
split_feature=6 2 0 4 9 1 9
split_gain=4.71773 5.88866 8.84782 6.39599 8.76169 7.47837 9.24154
threshold=-0.2311709877686646 0.48999599839935698 0.51331689190268659 0.18569261268895598 0.83544076114978982 1.6160685171058169 0.90660252253695928
decision_type=10 2 2 2 2 2 2
left_child=-1 2 -2 4 -3 6 -5
right_child=1 3 -4 5 -6 -7 -8
leaf_value=0.0029309168050256303 0.0048190670031975922 -0.0093622830244826094 -0.0020963249210946668 0.0049907645665177511 -0.00052270077109882018 -0.0037040045350751421 -0.0027586106529543407
leaf_weight=376 352 200 308 322 200 381 236
leaf_count=376 352 200 308 322 200 381 236
internal_value=-0.000129444 -0.000710956 0.00160039 -0.00185194 -0.00500351 -0.000490033 0.00171786
internal_weight=2375 1999 660 1339 400 939 558
internal_count=2375 1999 660 1339 400 939 558
is_linear=0
shrinkage=0.03


Tree=170
num_leaves=9
num_cat=0
split_feature=1 1 10 4 11 11 10 11
split_gain=5.83563 8.17276 6.93928 6.84715 6.13389 9.26161 6.12595 4.64745
threshold=0.77897031416957696 0.90086252573545755 1.2979526816625169 0.10700286646170031 1.8368679435172484 0.21483979718281998 1.9433924150989419 0.82952118040820566
decision_type=2 2 2 2 2 2 2 2
left_child=3 -2 -3 -1 5 6 -4 -7
right_child=1 2 4 -5 -6 7 -8 -9
leaf_value=0.0011935383169911803 0.0062683990920665488 0.0038140425948780376 0.0050356719738962807 -0.0053792638393478981 0.0035387132234730146 -0.0079361275209729291 -0.0021543722325777256 -0.0023833722303636738
leaf_weight=235 203 321 200 352 206 219 218 361
leaf_count=235 203 321 200 352 206 219 218 361
internal_value=-0.000188877 0.000689991 -7.06357e-05 -0.00276005 -0.00111783 -0.00209184 0.0013047 -0.00452993
internal_weight=2315 1728 1525 587 1204 998 418 580
internal_count=2315 1728 1525 587 1204 998 418 580
is_linear=0
shrinkage=0.03


Tree=171
num_leaves=9
num_cat=0
split_feature=2 5 5 4 3 2 5 9
split_gain=11.2877 10.4817 8.68387 9.78396 16.2346 7.55474 7.25264 4.3705
threshold=0.43229561715278836 3.2889313554005017 2.9711352257703552 0.4472117921512922 0.84627953745600759 0.59958576998050217 2.2196383921577607 0.82706764383202225
decision_type=2 2 2 2 2 2 2 2
left_child=6 2 3 4 5 -2 -1 -5
right_child=1 -3 -4 7 -6 -7 -8 -9
leaf_value=-0.0080699889148515749 0.0036339082702402888 -0.0033777759497618434 0.0073133006651638719 -0.0056361618941052679 0.0089432590853955069 -0.0042945241404546272 -0.0011684559225732605 0.0004811972898192877
leaf_weight=222 206 386 240 204 268 217 351 210
leaf_count=222 206 386 240 204 268 217 351 210
internal_value=-0.000258307 0.000951283 0.00220158 0.00106341 0.00323977 -0.000436051 -0.00388903 -0.00256444
internal_weight=2304 1731 1345 1105 691 423 573 414
internal_count=2304 1731 1345 1105 691 423 573 414
is_linear=0
shrinkage=0.03


Tree=172
num_leaves=9
num_cat=0
split_feature=7 7 1 1 8 10 4 5
split_gain=4.97293 8.75603 6.81143 17.2859 12.9704 10.3001 6.46923 5.92786
threshold=1.0695737054805681 1.4157985236919595 1.010225014535908 0.77897031416957696 -0.010444050673736488 2.0927877879721426 0.28819427902956579 2.4158608893115558
decision_type=10 10 2 2 2 2 2 2
left_child=2 -2 3 4 -1 6 -4 -8
right_child=1 -3 5 -5 -6 -7 7 -9
leaf_value=-0.0076989860634950657 0.0066398803146601824 -0.0011563219298278131 -0.0037545474712540835 0.0072370432370015359 0.0021984310001134872 -0.0065025529142779606 -0.0015896127156716268 0.0054653901843178697
leaf_weight=206 239 274 280 277 270 355 203 218
leaf_count=206 239 274 280 277 270 355 203 218
internal_value=-8.78285e-05 0.00250486 -0.000827946 0.00134687 -0.00212041 -0.00237778 -0.000257654 0.00208484
internal_weight=2322 513 1809 753 476 1056 701 421
internal_count=2322 513 1809 753 476 1056 701 421
is_linear=0
shrinkage=0.03


Tree=173
num_leaves=8
num_cat=0
split_feature=8 0 12 2 0 5 5
split_gain=6.79366 10.9481 13.6573 11.9194 13.7905 5.16945 3.97145
threshold=-0.034189192141324216 0.51853862885177859 -0.0073227799208102065 0.71904761904761838 0.53893968114178703 1.8707130591409833 2.9812834657009963
decision_type=2 2 2 2 2 2 2
left_child=-1 5 -3 4 -4 -2 -7
right_child=1 2 3 -5 -6 6 -8
leaf_value=0.0036467487456396811 0.00091643245409174653 -0.0046440098068277992 0.010063542360822632 -0.0023328102645398521 0.00049460086117509357 -0.0066663988793862422 -0.0021411199477431226
leaf_weight=339 200 267 287 243 254 368 341
leaf_count=339 200 267 287 243 254 368 341
internal_value=-0.000243097 -0.000923449 0.00115999 0.00315351 0.00561659 -0.00332552 -0.00452016
internal_weight=2299 1960 1051 784 541 909 709
internal_count=2299 1960 1051 784 541 909 709
is_linear=0
shrinkage=0.03


Tree=174
num_leaves=9
num_cat=0
split_feature=7 4 4 11 11 5 12 6
split_gain=7.48214 6.00153 7.9075 9.24356 5.1298 4.13593 5.49905 7.1197
threshold=1.0391860942982822 0.28500835787765116 0.43433865720086234 0.96695750183900298 0.61868591852062682 3.2612446738590135 -0.0073227799208102065 -0.025909326750990887
decision_type=10 2 2 2 2 2 2 10
left_child=1 5 -3 -4 -2 6 -1 -8
right_child=4 2 3 -5 -6 -7 7 -9
leaf_value=-0.0049107872673129745 0.0063870835392735893 0.0050136015118096436 -0.0039790546472996792 0.0036383317207018362 0.0006302653701414408 -0.0063549487079507198 0.0043769637230631989 -0.0032830502681382412
leaf_weight=258 235 276 371 227 335 202 216 211
leaf_count=258 235 276 371 227 335 202 216 211
internal_value=6.64124e-05 -0.000901501 0.000860968 -0.00108131 0.00303859 -0.00263323 -0.00149763 0.000597616
internal_weight=2331 1761 874 598 570 887 685 427
internal_count=2331 1761 874 598 570 887 685 427
is_linear=0
shrinkage=0.03


Tree=175
num_leaves=8
num_cat=0
split_feature=6 6 12 3 2 10 14
split_gain=4.69219 10.1414 8.87365 11.0475 7.98773 4.77608 5.21543
threshold=0.22385155506903678 0.11875365252963778 0.06948174755075566 0.59841537213799756 0.55753432176771744 2.1635065621425378 1.0000000180025095e-35
decision_type=8 8 2 2 2 2 2
left_child=1 2 3 -1 -5 6 -6
right_child=-2 -3 -4 4 5 -7 -8
leaf_value=0.0037252739680399749 0.0022839126756812856 -0.0072093457393348215 0.0037815142496324637 -0.0067096903946102515 -0.0023505305445216821 -0.0049704188586878854 0.0035760651129286411
leaf_weight=272 374 230 335 347 292 211 238
leaf_count=272 374 230 335 347 292 211 238
internal_value=-0.000770626 -0.00136846 -0.000557017 -0.00163564 -0.00298678 -0.0012101 0.000319395
internal_weight=2299 1925 1695 1360 1088 741 530
internal_count=2299 1925 1695 1360 1088 741 530
is_linear=0
shrinkage=0.03


Tree=176
num_leaves=10
num_cat=0
split_feature=11 11 10 9 0 8 0 12 8
split_gain=5.87699 7.99092 5.14102 5.33212 6.2117 6.56868 6.99329 5.26566 15.597
threshold=-0.92799802987163893 -0.45648470469851293 1.6471998875143425 0.73808279834620705 0.50000659529818148 0.027896709470757012 0.51925954116148421 -0.012282004141754064 0.019489840299328369
decision_type=2 2 2 2 2 2 2 2 2
left_child=-1 -2 7 -4 -5 6 -6 -3 -9
right_child=1 2 3 4 5 -7 -8 8 -10
leaf_value=0.0040196754195188219 -0.0061373522849174208 0.0051469400186497875 -0.0056456849788530505 0.0041163530447779016 -0.0078909517503911401 0.0026179508100568241 -0.00021780977045962642 -0.0042636054645946737 0.0059420328853612252
leaf_weight=280 204 277 203 211 200 203 224 311 230
leaf_count=280 204 277 203 211 200 203 224 311 230
internal_value=-1.90561e-05 -0.000575605 4.95469e-05 -0.00134623 -0.000277411 -0.00177688 -0.003887 0.00182323 8.98872e-05
internal_weight=2343 2063 1859 1041 838 627 424 818 541
internal_count=2343 2063 1859 1041 838 627 424 818 541
is_linear=0
shrinkage=0.03


Tree=177
num_leaves=9
num_cat=0
split_feature=9 2 2 5 2 10 0 1
split_gain=6.44458 5.2866 6.53259 7.41063 5.96284 5.42895 5.34135 2.51735
threshold=0.64203751271283982 0.68706800445930938 0.40000000000000069 2.5645897517214507 0.81818181818182023 1.8706698536744533 0.52560945524744074 1.4548246016329187
decision_type=2 2 2 2 2 2 2 2
left_child=-1 2 5 -4 7 -2 -5 -3
right_child=1 4 3 6 -6 -7 -8 -9
leaf_value=0.004407373690938062 -0.0057091539752095032 -0.006669722675550274 0.005166399855504278 -0.0027704200821104816 0.001185681744091527 0.00095974612981081003 0.0034009874776392331 -0.0020706679679236366
leaf_weight=277 213 241 395 307 244 219 207 201
leaf_count=277 213 241 395 307 244 219 207 201
internal_value=0.000157813 -0.000432327 0.000663882 0.00210416 -0.00256451 -0.00235609 -0.000276227 -0.00462485
internal_weight=2304 2027 1341 909 686 432 514 442
internal_count=2304 2027 1341 909 686 432 514 442
is_linear=0
shrinkage=0.03


Tree=178
num_leaves=8
num_cat=0
split_feature=12 3 7 12 13 12 2
split_gain=5.00297 5.97109 7.03033 5.51901 7.06438 5.58207 3.99643
threshold=0.097849760626272556 0.61080794076871026 0.78283307402320501 -0.045564853362456741 3.5000000000000004 0.017900989130016313 0.36925211416490727
decision_type=2 2 8 2 2 2 2
left_child=1 6 3 -3 5 -5 -1
right_child=-2 2 -4 4 -6 -7 -8
leaf_value=0.00079344406325456698 -0.0034626280912198127 -0.0034119686883730955 -0.0036106807206764471 0.0063424650899126496 -0.0018281815833975806 0.00083476062132719828 0.0065272461789146318
leaf_weight=210 288 203 388 341 299 321 227
leaf_count=210 288 203 388 341 299 321 227
internal_value=0.000198305 0.000735748 -0.000139903 0.00102752 0.00197811 0.00369809 0.00381202
internal_weight=2277 1989 1552 1164 961 662 437
internal_count=2277 1989 1552 1164 961 662 437
is_linear=0
shrinkage=0.03


Tree=179
num_leaves=9
num_cat=0
split_feature=11 11 7 3 1 12 1 6
split_gain=7.24788 6.35646 10.0663 10.4488 10.1806 6.97496 6.20031 5.44548
threshold=1.6236054369802664 1.0569576327411452 0.0079020934842941055 0.71107754323988781 0.93779724405656928 0.0050839389940189337 1.1337525564250752 -0.008790979652774587
decision_type=2 2 10 2 2 2 2 10
left_child=1 2 -1 6 -5 -6 -4 -2
right_child=7 -3 3 4 5 -7 -8 -9
leaf_value=-0.0054168950843022151 -0.00020468780645199424 0.0043798858720804261 -0.0061308174682422898 0.0087340065945698091 0.0050786738553260631 -0.0019590116563454468 0.00049935055927778269 -0.0069458817502085881
leaf_weight=250 227 371 203 221 217 291 324 201
leaf_count=250 227 371 203 221 217 291 324 201
internal_value=8.56059e-05 0.000890589 1.93592e-05 0.0011186 0.00343526 0.00106744 -0.0020882 -0.00341418
internal_weight=2305 1877 1506 1256 729 508 527 428
internal_count=2305 1877 1506 1256 729 508 527 428
is_linear=0
shrinkage=0.03


Tree=180
num_leaves=9
num_cat=0
split_feature=1 5 7 7 13 5 1 11
split_gain=4.91359 11.4757 6.98025 8.68464 7.07069 9.55106 10.2401 7.03834
threshold=1.8418759556259097 2.9711352257703552 0.91995067815809406 1.2506013682788009 3.5000000000000004 2.6401765097396273 0.77380124471296841 1.0945883591406567
decision_type=2 2 8 10 2 2 2 2
left_child=2 -2 4 -4 5 6 -1 -7
right_child=1 -3 3 -5 -6 7 -8 -9
leaf_value=0.00070177192993040353 -0.005680244197501268 0.002675364994815303 -0.0072062265335757656 0.0013856008225311971 -0.0021447325332920593 -0.0039559890323710677 0.0094550181823814736 0.0034582914424012914
leaf_weight=207 392 232 202 214 327 223 285 228
leaf_count=207 392 232 202 214 327 223 285 228
internal_value=-0.000313927 -0.0025771 0.000528831 -0.00282243 0.00163333 0.00294783 0.00581636 -0.000210929
internal_weight=2310 624 1686 416 1270 943 492 451
internal_count=2310 624 1686 416 1270 943 492 451
is_linear=0
shrinkage=0.03


Tree=181
num_leaves=9
num_cat=0
split_feature=5 3 4 9 9 9 1 4
split_gain=6.65104 5.1089 6.41499 3.60882 5.33643 4.69169 7.37439 6.41112
threshold=1.4440779923304334 0.61080794076871026 0.20275474093857718 1.0710437822768657 0.92122088857292572 0.77826782507539727 1.2253522625587141 0.26606056374989828
decision_type=2 2 2 2 2 2 2 2
left_child=-1 2 -2 4 5 7 -7 -3
right_child=1 3 -4 -5 -6 6 -8 -9
leaf_value=-0.0049219143128915784 -0.00032045453354770029 -0.0052597446169476121 0.0067633977276440171 0.0023644444297656023 -0.0049254476531807858 0.0058305705533296401 -0.0017182843886376893 0.00097573171157716771
leaf_weight=264 255 289 204 280 289 219 239 297
leaf_count=264 255 289 204 280 289 219 239 297
internal_value=-0.000483932 9.20123e-05 0.00286688 -0.000704031 -0.001355 -0.000347862 0.00191531 -0.00211793
internal_weight=2336 2072 459 1613 1333 1044 458 586
internal_count=2336 2072 459 1613 1333 1044 458 586
is_linear=0
shrinkage=0.03


Tree=182
num_leaves=9
num_cat=0
split_feature=10 8 1 1 11 10 9 11
split_gain=3.98568 5.86293 7.84635 7.11207 5.82232 5.16548 3.96724 3.66039
threshold=1.0327129351444466 -0.028102587426400986 0.90583769161834427 1.2142189343308927 0.015466094533613866 2.3241331609537412 0.82095289870266075 0.96695750183900298
decision_type=2 2 2 2 2 2 2 2
left_child=-1 3 6 -2 -4 7 -3 -6
right_child=1 2 4 -5 5 -7 -8 -9
leaf_value=0.0035213307408910048 -0.0014890024827075869 -0.0016649863261694604 0.00049418663448868585 0.0060389714124451932 -0.0081991043071629414 -0.00053832605840886097 0.0034759286465487092 -0.0031924283916209772
leaf_weight=223 217 222 312 227 292 228 331 254
leaf_count=223 217 222 312 227 292 228 331 254
internal_value=-0.000245538 -0.000656275 -0.00148466 0.00238415 -0.00296127 -0.0043484 0.0014157 -0.0059201
internal_weight=2306 2083 1639 444 1086 774 553 546
internal_count=2306 2083 1639 444 1086 774 553 546
is_linear=0
shrinkage=0.03


Tree=183
num_leaves=8
num_cat=0
split_feature=6 13 6 4 7 1 11
split_gain=7.6547 6.69243 6.42234 7.31677 10.1326 12.856 7.44685
threshold=0.22385155506903678 7.5000000000000009 0.11875365252963778 0.10185710484118916 0.45042762178542078 1.3773320910131501 0.16901912170296224
decision_type=8 2 10 2 10 2 2
left_child=1 2 3 -1 6 -6 -5
right_child=-2 -3 -4 4 5 -7 -8
leaf_value=-0.0027190921839945863 0.0042014752328395841 -0.0054469372528854389 -0.0045171289465139874 0.0097026319784627672 -0.0048568359576165671 0.0035506786983354353 0.002153569350921316
leaf_weight=374 380 208 222 201 301 347 283
leaf_count=374 380 208 222 201 301 347 283
internal_value=0.000337813 -0.00042942 0.000188513 0.000894825 0.00209553 -0.000361949 0.00535577
internal_weight=2316 1936 1728 1506 1132 648 484
internal_count=2316 1936 1728 1506 1132 648 484
is_linear=0
shrinkage=0.03


Tree=184
num_leaves=9
num_cat=0
split_feature=8 6 12 6 7 0 9 7
split_gain=3.88175 8.3989 10.7996 10.2009 7.66026 6.83701 5.67616 5.00694
threshold=-0.019826644424088023 -0.012764244409940338 0.063731366456979924 0.22385155506903678 0.57036104576485791 0.49667293805078522 0.92122088857292572 0.46503719826073303
decision_type=2 8 2 10 10 2 2 8
left_child=5 2 4 6 -2 -1 -3 -7
right_child=1 3 -4 -5 -6 7 -8 -9
leaf_value=0.0017587495459751648 -0.0019507789325571676 -0.0010106589971110224 0.0088663569447483079 0.0035407642341907259 0.0046280250003655965 -0.00077152539702282413 -0.0073958115686972936 -0.0072725805801539013
leaf_weight=292 352 287 204 248 283 206 220 219
leaf_count=292 352 287 204 248 283 206 220 219
internal_value=6.76398e-05 0.000891904 0.00294966 -0.00139915 0.000994442 -0.00175831 -0.0038265 -0.00416709
internal_weight=2311 1594 839 755 635 717 507 425
internal_count=2311 1594 839 755 635 717 507 425
is_linear=0
shrinkage=0.03


Tree=185
num_leaves=9
num_cat=0
split_feature=6 6 8 8 0 9 0 10
split_gain=5.41522 7.17012 12.1186 11.5093 12.7893 8.03533 8.33786 2.01986
threshold=0.3257146318085366 -0.097806703917836454 -0.02994664557430126 0.0031264041354132619 0.50113446226303837 0.9033292966796278 0.51755440923954954 1.9962264859857577
decision_type=10 8 2 2 2 2 2 2
left_child=1 3 -3 4 -1 6 -4 -7
right_child=-2 2 5 -5 -6 7 -8 -9
leaf_value=0.0007165109868180258 -0.0046584156765253791 0.0080972794300481054 -0.0020267338979325883 0.0022922178062612965 -0.0089050473262004826 -0.0048349676571454699 0.0054214967067702019 -0.00068263483837791624
leaf_weight=217 222 214 214 348 284 214 353 207
leaf_count=217 222 214 214 348 284 214 353 207
internal_value=-0.000261647 0.00022443 0.00171232 -0.00187979 -0.00477173 0.000295533 0.0026172 -0.0028253
internal_weight=2273 2051 1202 849 501 988 567 421
internal_count=2273 2051 1202 849 501 988 567 421
is_linear=0
shrinkage=0.03


Tree=186
num_leaves=9
num_cat=0
split_feature=5 13 12 12 6 4 12 4
split_gain=5.43826 5.98475 7.96171 11.6649 7.27861 7.40691 4.58033 4.33728
threshold=1.3154840107974721 6.5000000000000009 -0.048614271430963189 -0.021354276226005994 0.051439215716631133 0.16917721362914726 0.02885871819646563 0.41340078411665976
decision_type=2 2 2 2 8 2 2 2
left_child=-1 2 -2 -4 5 -5 -6 -7
right_child=1 -3 3 4 6 7 -8 -9
leaf_value=-0.0038992439665361841 -0.0033658781093254216 -0.0036915895036638596 0.0089850059022074154 -0.00044384820795242199 0.0021143668547760949 0.0079241983091794515 -0.0035837749517648606 0.0024492966207261711
leaf_weight=221 251 214 202 337 201 264 328 265
leaf_count=221 251 214 202 337 201 264 328 265
internal_value=0.000520905 0.00100293 0.00155506 0.00233657 0.0013452 0.00303229 -0.00141917 0.00523019
internal_weight=2283 2062 1848 1597 1395 866 529 529
internal_count=2283 2062 1848 1597 1395 866 529 529
is_linear=0
shrinkage=0.03


Tree=187
num_leaves=9
num_cat=0
split_feature=9 4 5 9 6 4 8 12
split_gain=4.69939 9.26385 9.0627 9.04033 7.66068 5.95044 6.02653 5.51692
threshold=0.74832645630102357 0.45373521292107977 2.6167451673084856 0.88850147143990543 0.067009601100266228 0.56836226611456253 0.0083243485596487306 0.02232762563095653
decision_type=2 2 2 2 8 2 2 2
left_child=1 2 -1 4 7 6 -5 -2
right_child=3 -3 -4 5 -6 -7 -8 -9
leaf_value=0.0030264533524309968 0.0026285800862197693 -0.007325301270039988 -0.004909329740026884 0.00055336676600170858 -0.0012235223441126031 0.0033344954862435049 -0.0049683643869439685 0.0092869560186787017
leaf_weight=341 255 208 202 332 211 207 376 203
leaf_count=341 255 208 202 332 211 207 376 203
internal_value=-7.61025e-05 -0.00202297 5.64263e-05 0.000850401 0.00348789 -0.00108647 -0.00239336 0.0056482
internal_weight=2335 751 543 1584 669 915 708 458
internal_count=2335 751 543 1584 669 915 708 458
is_linear=0
shrinkage=0.03


Tree=188
num_leaves=9
num_cat=0
split_feature=8 1 1 13 9 9 11 13
split_gain=7.246 14.1614 12.2063 7.57471 9.07312 6.61055 6.1737 14.1842
threshold=-0.020357459995465364 0.84895606327522077 1.540781970289699 6.5000000000000009 0.9033292966796278 1.1062220979085484 0.091439624424660595 1.5000000000000002
decision_type=2 2 2 2 2 2 2 2
left_child=1 -1 -3 4 6 -6 -2 -8
right_child=3 2 -4 -5 5 -7 7 -9
leaf_value=-0.0091049868325608421 0.0075690401973592687 0.0051158815619941709 -0.0041751203473697424 -0.0044315657762882222 -0.0037015821104869244 0.0028131888184858402 -0.0020906199243628568 0.007342598665388768
leaf_weight=212 253 229 274 203 355 225 331 246
leaf_count=212 253 229 274 203 355 225 331 246
internal_value=-0.000196087 -0.00269934 6.34994e-05 0.000918452 0.00170164 -0.00117186 0.00370462 0.0019597
internal_weight=2328 715 503 1613 1410 580 830 577
internal_count=2328 715 503 1613 1410 580 830 577
is_linear=0
shrinkage=0.03


Tree=189
num_leaves=10
num_cat=0
split_feature=2 3 11 8 0 5 9 9 5
split_gain=6.80435 13.3642 13.8019 8.53606 9.21988 6.84202 5.32321 7.91336 3.7105
threshold=0.7167372881355939 0.78542781723519262 1.0945883591406567 0.02207325735349935 0.51094520788008702 2.7780940466100907 0.74572626528125763 0.91368042242763292 3.1361051535943396
decision_type=2 2 2 2 2 2 2 2 2
left_child=1 2 3 4 -1 -3 -2 -8 -4
right_child=6 5 8 -5 -6 -7 7 -9 -10
leaf_value=-0.003716961817025501 -0.005760393707745083 0.0090322166762396607 0.0070994629745389547 -0.0072977627994460538 0.0043896266426438364 0.001677935037330338 0.0041720783237688703 -0.0040541691404661906 0.0015213156825465818
leaf_weight=299 214 268 203 227 211 200 204 207 229
leaf_count=299 214 268 203 227 211 200 204 207 229
internal_value=0.000669839 0.00168549 -3.59471e-05 -0.00252679 -0.000353004 0.00594032 -0.00198261 3.00012e-05 0.00419377
internal_weight=2262 1637 1169 737 510 468 625 411 432
internal_count=2262 1637 1169 737 510 468 625 411 432
is_linear=0
shrinkage=0.03


Tree=190
num_leaves=9
num_cat=0
split_feature=3 6 4 6 7 7 11 3
split_gain=3.61773 7.11931 4.49252 6.60564 5.39483 10.1222 7.81689 6.12376
threshold=0.92592592592592438 0.22385155506903678 0.65851932433738558 0.061149533581195466 0.78737553034081309 0.54094407386668075 0.11953213968048551 0.57670542635658861
decision_type=2 8 2 10 8 10 2 2
left_child=1 2 3 4 5 6 -1 -6
right_child=-2 -3 -4 -5 7 -7 -8 -9
leaf_value=0.0024934413759172824 0.0025262642328799435 0.0031751720611951939 0.0021658853776033468 -0.0061852318402023836 0.00011423163640667016 0.0059907519126283955 -0.0052169997062996402 -0.0067716669759884862
leaf_weight=202 309 314 228 309 208 202 273 258
leaf_count=202 309 314 228 309 208 202 273 258
internal_value=-0.000468847 -0.000938142 -0.00171408 -0.00232867 -0.00126369 0.000448537 -0.00194622 -0.00372955
internal_weight=2303 1994 1680 1452 1143 677 475 466
internal_count=2303 1994 1680 1452 1143 677 475 466
is_linear=0
shrinkage=0.03


Tree=191
num_leaves=9
num_cat=0
split_feature=11 0 11 3 5 12 7 5
split_gain=5.95938 6.43104 10.8355 9.67596 6.85824 5.25382 7.86655 3.72115
threshold=1.6236054369802664 0.52214032407712374 0.39151770906391165 0.78642082012868653 2.739840434318801 -0.0073227799208102065 0.2332318627837616 3.4316100179638678
decision_type=2 2 2 2 2 2 10 2
left_child=1 2 3 -1 -4 -3 -7 -2
right_child=7 5 4 -5 -6 6 -8 -9
leaf_value=-0.0048154032896272842 -0.0063501354851841097 -0.0058005018468894479 0.0084727840564632791 0.003000390900655047 0.0014525800913401034 -0.0048516366771518193 0.0022430133478095133 -0.00071198333450025173
leaf_weight=295 221 211 245 267 256 216 382 200
leaf_count=295 221 211 245 267 256 216 382 200
internal_value=-0.000508858 0.000219356 0.00174982 -0.00110849 0.00493541 -0.00179002 -0.000338583 -0.00371147
internal_weight=2293 1872 1063 562 501 809 598 421
internal_count=2293 1872 1063 562 501 809 598 421
is_linear=0
shrinkage=0.03


Tree=192
num_leaves=9
num_cat=0
split_feature=6 5 10 12 4 12 0 5
split_gain=7.79164 6.04261 9.56339 12.3769 7.77621 8.80374 5.72709 6.55485
threshold=0.22385155506903678 3.5684429650661036 1.3485092660613123 0.017108567844746073 0.33652364998159751 0.0050839389940189337 0.53282870349608458 2.7469607448966258
decision_type=8 2 2 2 2 2 2 2
left_child=1 2 3 -1 6 -6 7 -4
right_child=-2 -3 4 -5 5 -7 -8 -9
leaf_value=0.0059426819876692181 0.0038921563897843228 0.0035757182373499104 0.0035971763789482219 -0.0036286903012786868 -0.010410823123181395 -0.0022745353564816084 -0.0052448132221314418 -0.0029262132941306951
leaf_weight=291 360 236 299 202 209 280 200 250
leaf_count=291 360 236 299 202 209 280 200 250
internal_value=-0.000134523 -0.000879485 -0.00149545 0.00202389 -0.00289943 -0.00582218 -0.000965291 0.000626999
internal_weight=2327 1967 1731 493 1238 489 749 549
internal_count=2327 1967 1731 493 1238 489 749 549
is_linear=0
shrinkage=0.03


Tree=193
num_leaves=8
num_cat=0
split_feature=2 12 8 0 1 14 12
split_gain=5.92198 6.43195 7.31361 7.99335 5.88803 7.98426 4.61481
threshold=0.64566929133858431 -0.019104001470120698 0.032493637027934362 0.51782218721114426 1.8026411882347622 1.0000000180025095e-35 0.031219891817346582
decision_type=2 2 2 2 2 2 2
left_child=1 -1 3 6 5 -2 -3
right_child=4 2 -4 -5 -6 -7 -8
leaf_value=-0.0016825727442848868 -0.0029352749032633646 0.004771309210177082 -0.0014229394803540064 0.008365672873921301 -0.0048814231210007929 0.0036400154471199755 -0.0014569904126408623
leaf_weight=381 352 221 255 280 306 306 200
leaf_count=381 352 221 255 280 306 306 200
internal_value=0.000308084 0.00159792 0.00290727 0.00448137 -0.00147985 0.000126926 0.00183012
internal_weight=2301 1337 956 701 964 658 421
internal_count=2301 1337 956 701 964 658 421
is_linear=0
shrinkage=0.03


Tree=194
num_leaves=8
num_cat=0
split_feature=6 12 10 12 0 6 8
split_gain=4.37132 12.2248 6.38867 12.1481 12.1544 6.36196 6.04261
threshold=-0.070344624096887784 -0.0066036306100286648 2.3904494968229884 0.0050839389940189337 0.51755440923954954 0.064683306183678027 0.018705972737096052
decision_type=8 2 2 2 2 8 2
left_child=1 -1 3 5 -5 -2 -3
right_child=2 6 -4 4 -6 -7 -8
leaf_value=-0.0059934964621086309 0.0076420660896534187 -0.0012580285306453538 0.0050483776017909449 -0.0079532205866080178 0.00067621526241658225 0.00058365436103404225 0.0049259661214034025
leaf_weight=343 201 374 289 237 372 262 223
leaf_count=343 201 374 289 237 372 262 223
internal_value=4.56066e-05 -0.00152318 0.00113073 5.604e-05 -0.00271946 0.0036968 0.00107363
internal_weight=2301 940 1361 1072 609 463 597
internal_count=2301 940 1361 1072 609 463 597
is_linear=0
shrinkage=0.03


Tree=195
num_leaves=9
num_cat=0
split_feature=0 13 3 10 1 7 7 12
split_gain=5.05575 8.4918 10.5695 12.561 7.46767 5.87023 10.2032 4.03415
threshold=0.55258435837259012 1.0000000180025095e-35 0.82051282051282148 2.3594402230600529 1.3182405770213881 0.37031994574226107 0.90240750288537019 0.034440070609094993
decision_type=2 2 2 2 2 10 10 2
left_child=1 5 3 7 -4 -1 -7 -3
right_child=-2 2 4 -5 -6 6 -8 -9
leaf_value=-0.0016446505281838433 0.0042933302473928785 0.0042904592120915066 -0.0019559800406721861 -0.0060042068599544182 -0.0095165303479070248 0.0084649961188166256 0.00010187594674185391 -0.00073619922401540105
leaf_weight=232 245 399 280 203 202 244 278 221
leaf_count=232 245 399 280 203 202 244 278 221
internal_value=0.000264564 -0.000224057 -0.00168648 0.000384166 -0.00518968 0.00230149 0.0040543 0.00250714
internal_weight=2304 2059 1305 823 482 754 522 620
internal_count=2304 2059 1305 823 482 754 522 620
is_linear=0
shrinkage=0.03


Tree=196
num_leaves=8
num_cat=0
split_feature=1 1 1 1 7 4 3
split_gain=4.47528 6.064 9.86278 7.26258 9.63776 8.55133 6.46445
threshold=0.57024054138513203 0.75882569277430634 0.90086252573545755 1.1537936009835088 0.73508616199473298 0.38062637595291254 0.7882283805517748
decision_type=2 2 2 2 8 2 2
left_child=-1 -2 -3 -4 6 -6 -5
right_child=1 2 3 4 5 -7 -8
leaf_value=0.0037992410343370316 -0.0043965309726056142 0.0056317960859331136 -0.0047527410291901264 -0.0054292370350345681 0.0063400804635355291 -0.0013481839541174951 0.00046173638080056727
leaf_weight=238 302 250 316 287 324 213 392
leaf_count=238 302 250 316 287 324 213 392
internal_value=-5.41843e-05 -0.000502299 0.000168121 -0.000738891 0.000319373 0.00330624 -0.00204975
internal_weight=2322 2084 1782 1532 1216 537 679
internal_count=2322 2084 1782 1532 1216 537 679
is_linear=0
shrinkage=0.03


Tree=197
num_leaves=9
num_cat=0
split_feature=12 6 0 4 4 1 7 4
split_gain=3.98877 4.4267 10.172 4.85026 6.04887 9.18028 9.16768 2.45135
threshold=0.1062710057804004 0.095793228076849993 0.50809473928356685 0.10363927332198804 0.41340078411665976 1.4309732168893159 0.45560702261219249 0.65851932433738558
decision_type=2 8 2 2 2 2 10 2
left_child=1 3 -3 -1 5 6 -5 -6
right_child=-2 2 -4 4 7 -7 -8 -9
leaf_value=-0.0037499828745744057 -0.0039515559065758307 0.0074300101874179613 -0.00071177356605894458 0.0041758812562398334 -0.004500022555489939 0.0070250088163147416 -0.0042522026261800341 -0.00012131253060876228
leaf_weight=380 250 210 384 207 246 213 252 213
leaf_count=380 250 210 384 207 246 213 252 213
internal_value=-0.000407986 2.12321e-05 0.00220463 -0.000841539 0.000147862 0.00195557 -0.000447261 -0.00249128
internal_weight=2355 2105 594 1511 1131 672 459 459
internal_count=2355 2105 594 1511 1131 672 459 459
is_linear=0
shrinkage=0.03


Tree=198
num_leaves=9
num_cat=0
split_feature=9 2 4 4 14 13 9 1
split_gain=5.4812 10.9143 9.85283 14.9977 7.26894 14.4389 10.8212 9.15327
threshold=0.75621955170268829 0.40000000000000069 0.50433416517443774 0.23532475138394859 1.0000000180025095e-35 1.0000000180025095e-35 0.92122088857292572 1.4902160118250884
decision_type=2 2 2 2 2 2 2 2
left_child=2 -2 3 -1 5 -3 -7 -6
right_child=1 4 -4 -5 7 6 -8 -9
leaf_value=-0.0047399856719651566 -0.0048348143883049487 0.0051468605036114118 -0.0087210351138294322 0.0051055278891156347 0.0067510735019410059 0.00064005581610793367 -0.0089199928350676347 -0.0012134423222428616
leaf_weight=369 325 230 201 217 349 213 207 203
leaf_count=369 325 230 201 217 349 213 207 203
internal_value=-0.00105039 7.66153e-10 -0.00307558 -0.00108177 0.00132186 -0.000827472 -0.00412119 0.00383749
internal_weight=2314 1527 787 586 1202 650 420 552
internal_count=2314 1527 787 586 1202 650 420 552
is_linear=0
shrinkage=0.03


Tree=199
num_leaves=9
num_cat=0
split_feature=2 6 2 9 0 6 12 6
split_gain=5.99575 10.3223 10.7538 9.07246 10.2283 7.88409 6.60333 2.9141
threshold=0.48999599839935698 -0.10604462376784844 0.32890433841520594 0.67948419167599872 0.51853862885177859 -0.058767299704340574 0.039246787986795213 -0.028072626481041248
decision_type=2 8 2 2 2 10 2 10
left_child=1 -1 -3 -2 5 -5 7 -6
right_child=3 2 -4 4 6 -7 -8 -9
leaf_value=-0.0023815771020476669 -0.0058950676993336721 -0.00048290689871207152 0.0083891101466782667 0.0010621059259089329 -0.0023906244690098414 -0.0058549608684539262 0.0061747598206705369 0.0026495930150401991
leaf_weight=279 274 207 296 265 200 328 271 203
leaf_count=279 274 207 296 265 200 328 271 203
internal_value=8.76253e-05 0.00221903 0.00476918 -0.000997662 8.04541e-05 -0.00278083 0.00259981 0.000149601
internal_weight=2323 782 503 1541 1267 593 674 403
internal_count=2323 782 503 1541 1267 593 674 403
is_linear=0
shrinkage=0.03


Tree=200
num_leaves=10
num_cat=0
split_feature=11 9 10 4 8 6 4 0 4
split_gain=5.18866 4.73248 8.33843 6.23062 5.30554 6.2232 6.7274 6.28067 2.96873
threshold=-0.91018201558767153 0.81260694708182257 1.1490408658668321 0.39269394446250233 -0.025701426722824952 -0.16825912664247991 0.479816722848244 0.51469395738625046 0.14401772777286706
decision_type=2 2 2 2 2 8 2 2 2
left_child=-1 2 -2 8 -3 -6 7 -7 -4
right_child=1 4 3 -5 5 6 -8 -9 -10
leaf_value=0.0035812958574831279 0.0027006712226732951 0.0048657011720195913 -0.0035744245465506208 -1.5151197473034589e-05 0.0042371660450178129 0.00082266993088267958 0.0028574728306072451 -0.0058023542174198807 -0.0086977469600282749
leaf_weight=284 214 204 215 224 200 201 211 348 211
leaf_count=284 214 204 215 224 200 201 211 348 211
internal_value=-0.000180454 -0.000714759 -0.00239023 -0.00407413 0.000533793 -0.000407179 -0.00164908 -0.00339127 -0.0061835
internal_weight=2312 2028 864 650 1164 960 760 549 426
internal_count=2312 2028 864 650 1164 960 760 549 426
is_linear=0
shrinkage=0.03


Tree=201
num_leaves=10
num_cat=0
split_feature=5 12 6 7 11 2 5 12 4
split_gain=9.79483 10.4 11.8713 10.7468 6.9197 3.26381 6.02414 3.51561 5.02116
threshold=1.3154840107974721 -0.028170502269042882 -0.063018073480757261 -0.0083126658150258475 -0.26570371590345826 0.71904761904761838 2.3905406156006079 0.051882045778106907 0.21411283626456601
decision_type=2 2 8 10 2 2 2 2 2
left_child=-1 2 -2 -3 -5 6 -6 8 -8
right_child=1 3 -4 4 5 -7 7 -9 -10
leaf_value=-0.0052996032627729266 -0.00026200455118243285 -0.006131932645723581 0.009511723822358216 0.0056867838285486151 -0.003295050339325319 -0.0030907250500394629 0.0037256599151491445 0.0048554459710352582 -0.0026631419823781861
leaf_weight=229 200 214 248 232 232 231 216 274 217
leaf_count=229 200 214 248 232 232 231 216 274 217
internal_value=0.000519585 0.00117647 0.00519372 5.01908e-05 0.00101226 6.50934e-05 0.000853703 0.00222868 0.00053003
internal_weight=2293 2064 448 1616 1402 1170 939 707 433
internal_count=2293 2064 448 1616 1402 1170 939 707 433
is_linear=0
shrinkage=0.03


Tree=202
num_leaves=9
num_cat=0
split_feature=9 14 3 5 2 6 4 13
split_gain=6.85358 6.98171 5.09391 6.30008 4.66713 9.89739 6.2002 7.06736
threshold=1.0247441004752063 1.0000000180025095e-35 0.85905891783195787 2.5440556574441131 0.46531661055480983 -0.063018073480757261 0.19181561848566586 1.5000000000000002
decision_type=2 2 2 2 2 10 2 2
left_child=2 -2 4 -4 5 -1 -6 -8
right_child=1 -3 3 -5 6 -7 7 -9
leaf_value=-0.0040627937962185159 -0.00044036806515622428 0.0067873445649681979 0.0049645038735294756 -0.0016229317872259849 -0.0070127421222738366 0.0044364242733434863 -0.0052343696663960989 0.0016090936268887762
leaf_weight=228 241 234 253 261 263 257 238 304
leaf_count=228 241 234 253 261 263 257 238 304
internal_value=-3.30375e-05 0.00315384 -0.000878553 0.00163611 -0.00188297 0.000440229 -0.00327674 -0.00141635
internal_weight=2279 475 1804 514 1290 485 805 542
internal_count=2279 475 1804 514 1290 485 805 542
is_linear=0
shrinkage=0.03


Tree=203
num_leaves=10
num_cat=0
split_feature=4 13 4 1 7 1 0 1 3
split_gain=7.71444 10.3116 8.39667 6.01619 11.1426 7.09829 5.96151 5.3773 4.81198
threshold=0.035692029282599354 1.0000000180025095e-35 0.11360697390233764 1.6160685171058169 0.69065325554168255 0.80673324249727962 0.50680696258444613 1.2142189343308927 0.80253601027554367
decision_type=2 2 2 2 10 2 2 2 2
left_child=-1 6 -3 5 -5 -4 -2 -8 -7
right_child=1 2 3 4 -6 8 7 -9 -10
leaf_value=0.0052435486280931485 -0.0010780578325903475 -0.0070257080446642171 -0.003918815747551296 -0.0083157251153708148 0.0012880031918687969 0.0055400811566141779 0.0072939298446068447 0.00068705286394532127 -0.00046410790644586087
leaf_weight=218 297 255 202 225 204 251 247 200 225
leaf_count=218 297 255 202 225 204 251 247 200 225
internal_value=-6.31744e-05 -0.000623612 -0.00217249 -0.00102797 -0.00378669 0.000732535 0.0022074 0.00437813 0.00272664
internal_weight=2324 2106 1362 1107 429 678 744 447 476
internal_count=2324 2106 1362 1107 429 678 744 447 476
is_linear=0
shrinkage=0.03


Tree=204
num_leaves=9
num_cat=0
split_feature=8 1 1 0 1 10 2 0
split_gain=5.34091 8.8975 10.9222 9.59271 9.15299 5.28354 5.67638 10.8555
threshold=0.043070422596682499 1.1537936009835088 0.90583769161834427 0.49667293805078522 0.63284171134815115 1.2979526816625169 0.72236102951029013 0.51826726957564329
decision_type=2 2 2 2 2 2 2 2
left_child=1 2 3 -1 -5 -3 7 -7
right_child=-2 5 -4 4 -6 6 -8 -9
leaf_value=0.0049239816674735487 0.0043590544851828516 0.0052598427562822415 -0.0074344175476486465 -0.0071500265349944431 0.00079526557754287677 -0.0016147120620713697 -0.003273517384914543 0.0066476975501892268
leaf_weight=200 214 234 291 229 293 333 278 244
leaf_count=200 214 234 291 229 293 333 278 244
internal_value=-0.000100153 -0.000563402 -0.00258083 -0.000586934 -0.00272508 0.00131645 0.000212905 0.00190636
internal_weight=2316 2102 1013 722 522 1089 855 577
internal_count=2316 2102 1013 722 522 1089 855 577
is_linear=0
shrinkage=0.03


Tree=205
num_leaves=8
num_cat=0
split_feature=6 6 0 12 1 5 6
split_gain=4.95014 5.75757 5.42516 6.08339 5.23208 4.53019 4.86061
threshold=0.22385155506903678 0.11875365252963778 0.50680696258444613 -0.0021210577879866017 0.93026085613074161 2.4550171643082375 -0.058767299704340574
decision_type=8 10 2 2 2 2 10
left_child=1 2 4 -4 -1 -5 -7
right_child=-2 -3 3 5 -6 6 -8
leaf_value=0.00081696625372681476 0.0029483057128348055 -0.005156916584084301 -0.002202329406314092 0.0057006445769961413 -0.0047388697949796912 -0.0016918832620156112 0.0043030563889864528
leaf_weight=255 356 242 357 259 370 287 204
leaf_count=255 356 242 357 259 370 287 204
internal_value=-0.000283105 -0.000871848 -0.000260005 0.00100093 -0.0024836 0.00253017 0.000817155
internal_weight=2330 1974 1732 1107 625 750 491
internal_count=2330 1974 1732 1107 625 750 491
is_linear=0
shrinkage=0.03


Tree=206
num_leaves=9
num_cat=0
split_feature=7 1 1 8 9 14 0 9
split_gain=9.01357 6.06775 9.0815 7.58998 7.17291 7.74642 5.96354 4.48486
threshold=1.4157985236919595 2.9429297912906205 1.7949087507989727 -0.023819621393940237 0.69770097044692203 1.0000000180025095e-35 0.53666909725343437 0.89034190151240078
decision_type=8 2 2 2 2 2 2 2
left_child=1 2 3 -1 -5 7 -7 -6
right_child=-2 -3 -4 4 5 6 -8 -9
leaf_value=-0.0024692830291077575 -0.004714088475704193 0.0057513899138061011 -0.004118367481908268 0.0074883836917054476 0.001629215835161723 0.0066511363547721259 -4.7565702672885809e-05 -0.0044796363249617185
leaf_weight=357 295 200 335 208 202 288 202 223
leaf_count=357 295 200 335 208 202 288 202 223
internal_value=0.000138461 0.000858793 0.000305345 0.00131715 0.00252647 0.00136394 0.00391704 -0.00159095
internal_weight=2310 2015 1815 1480 1123 915 490 425
internal_count=2310 2015 1815 1480 1123 915 490 425
is_linear=0
shrinkage=0.03


Tree=207
num_leaves=8
num_cat=0
split_feature=10 1 1 2 10 10 2
split_gain=3.38742 7.00409 5.29289 7.37736 10.6134 6.14129 6.04257
threshold=1.2211469841184932 1.0383486820796854 0.90086252573545755 0.71904761904761838 1.9393127150645983 2.4704074400830733 0.4379431757054148
decision_type=2 2 2 2 2 2 2
left_child=1 -1 6 4 -4 -6 -2
right_child=2 -3 3 -5 5 -7 -8
leaf_value=-0.0062114091047339821 -0.0013786277334653383 0.0012534560764089543 0.0045540243895844969 -0.0041272892809445516 -0.0051058888794774356 0.0017779001280163916 0.0049713582704473932
leaf_weight=215 201 230 389 368 263 203 394
leaf_count=215 201 230 389 368 263 203 394
internal_value=-5.12088e-05 -0.00238211 0.000524304 -0.000605674 0.000925245 -0.00212012 0.00283262
internal_weight=2263 445 1818 1223 855 466 595
internal_count=2263 445 1818 1223 855 466 595
is_linear=0
shrinkage=0.03


Tree=208
num_leaves=9
num_cat=0
split_feature=11 12 12 2 2 12 8 12
split_gain=7.16765 7.70729 5.39048 7.62312 5.19502 4.74178 5.62628 4.56587
threshold=1.9361932698627407 -0.031178123968968904 -0.0073227799208102065 0.43229561715278836 0.58349561096270419 0.047860813593171021 -0.0017577145780567395 -0.063797430993449186
decision_type=2 2 2 2 2 2 2 2
left_child=1 7 -3 -4 -5 6 -6 -1
right_child=-2 2 3 4 5 -7 -8 -9
leaf_value=-0.001833662340511491 0.0033435151509317268 -0.0067840625769755945 -0.0063508696282124728 0.0024334396030308847 -0.0036902233927349486 -0.0049629790896656735 0.0031917953505709936 0.0040861367848975686
leaf_weight=213 246 277 302 288 203 326 215 250
leaf_count=213 246 277 302 288 203 326 215 250
internal_value=-0.00145226 -0.00202776 -0.00300615 -0.00219928 -0.000959614 -0.00228053 -0.000154543 0.00137228
internal_weight=2320 2074 1611 1334 1032 744 418 463
internal_count=2320 2074 1611 1334 1032 744 418 463
is_linear=0
shrinkage=0.03


Tree=209
num_leaves=9
num_cat=0
split_feature=9 0 0 11 8 4 4 7
split_gain=3.94118 3.7408 5.11785 5.92512 5.87362 6.92834 6.51113 7.15107
threshold=0.61044235714791473 0.55017344549492386 0.50032502643489607 0.36020552028754454 -0.020073578376341085 0.55798671048578374 0.29992741838438836 0.40304147093712295
decision_type=2 2 2 2 2 2 2 8
left_child=-1 2 3 -2 -4 6 7 -6
right_child=1 -3 4 -5 5 -7 -8 -9
leaf_value=-0.0034496328076325101 -0.00093838830516762919 0.0042043449480405077 -0.0041369410008427095 0.0054909099650394637 -0.0034790082632729382 0.0050991411195618324 -0.0050293155612648813 0.0033894869593831781
leaf_weight=201 214 264 312 315 209 227 227 372
leaf_count=201 214 264 312 315 209 227 227 372
internal_value=0.000515791 0.000895418 0.000419831 0.00290559 -0.000563522 0.000528393 -0.000779179 0.000910117
internal_weight=2341 2140 1876 529 1347 1035 808 581
internal_count=2341 2140 1876 529 1347 1035 808 581
is_linear=0
shrinkage=0.03


Tree=210
num_leaves=9
num_cat=0
split_feature=2 5 1 1 13 3 11 13
split_gain=8.49236 15.2627 11.8689 6.01589 6.21187 6.20333 5.85575 4.75173
threshold=0.43229561715278836 2.2089214029102644 0.90086252573545755 1.1337525564250752 2.5000000000000004 0.77618277809609493 0.45792443368666247 1.0000000180025095e-35
decision_type=2 2 2 2 2 2 2 2
left_child=1 -1 6 -4 7 -6 -2 -5
right_child=2 -3 3 4 5 -7 -8 -9
leaf_value=-0.0092393141507380334 0.0017059068845690422 0.00066966859549132129 -0.0047767310372561402 0.0011129655300163514 0.0067333891768059971 -0.00022746394224464894 0.0081914230284605913 -0.0044228747216319394
leaf_weight=222 260 363 239 275 212 245 243 275
leaf_count=222 260 363 239 275 212 245 243 275
internal_value=-2.36706e-05 -0.0031371 0.00102367 -0.000549974 0.000471843 0.00303957 0.00488885 -0.00166986
internal_weight=2334 585 1749 1246 1007 457 503 550
internal_count=2334 585 1749 1246 1007 457 503 550
is_linear=0
shrinkage=0.03


Tree=211
num_leaves=9
num_cat=0
split_feature=12 6 10 5 5 3 7 3
split_gain=6.95401 8.37354 5.22133 6.6644 6.40724 10.4087 6.35878 6.32556
threshold=-0.028170502269042882 -0.097806703917836454 2.2986090248043878 3.2196235290006747 1.6205823100016972 0.78542781723519262 0.24821625047034246 0.66783784446105354
decision_type=2 8 2 2 2 2 10 2
left_child=1 -1 4 -4 -2 7 -7 -6
right_child=2 -3 3 -5 5 6 -8 -9
leaf_value=-0.0014864709186302105 -0.0063899058442703389 0.0061382280701000342 0.0056315893822018979 -0.0014955646528259797 -0.00062674909993006955 -0.00098033829489474955 0.0055778116730781377 -0.0067893831069990168
leaf_weight=208 207 332 231 233 338 258 267 266
leaf_count=208 207 332 231 233 338 258 267 266
internal_value=0.00024514 0.00321461 -0.000652139 0.00207486 -0.00160345 -0.000701554 0.00237611 -0.00337422
internal_weight=2340 540 1800 464 1336 1129 525 604
internal_count=2340 540 1800 464 1336 1129 525 604
is_linear=0
shrinkage=0.03


Tree=212
num_leaves=9
num_cat=0
split_feature=7 9 12 9 11 11 0 7
split_gain=13.4573 4.9038 7.79014 11.9454 7.3848 6.81679 8.31703 1.91204
threshold=1.4157985236919595 0.64203751271283982 -0.0073227799208102065 0.81260694708182257 -0.13582262566840395 1.0208107939544888 0.52059019958180597 0.40304147093712295
decision_type=8 2 2 2 2 2 2 10
left_child=1 -1 3 -3 -4 7 -7 -6
right_child=-2 2 4 -5 5 6 -8 -9
leaf_value=0.0053044020098310949 -0.0054867499731481081 -0.0077266637886493983 0.0062155897552055289 0.0011485247475373026 -0.0040048959389692397 -0.00088559141476561706 0.0072975390550756398 -2.7891183831976559e-05
leaf_weight=240 295 208 298 377 200 213 228 232
leaf_count=240 295 208 298 377 200 213 228 232
internal_value=0.000439672 0.00132709 0.00076998 -0.00204584 0.0021794 0.000774093 0.00337952 -0.00189385
internal_weight=2291 1996 1756 585 1171 873 441 432
internal_count=2291 1996 1756 585 1171 873 441 432
is_linear=0
shrinkage=0.03


Tree=213
num_leaves=9
num_cat=0
split_feature=4 5 4 1 5 5 10 4
split_gain=5.44466 7.22337 14.2764 8.26808 14.6637 14.1534 4.85415 7.35651
threshold=0.035692029282599354 1.8888880173764806 0.3066104584232886 1.8418759556259097 2.5893445713047538 2.9711352257703552 1.8293661480946557 0.26226545186927269
decision_type=2 2 2 2 2 2 2 2
left_child=-1 2 -2 4 -3 -5 -6 -8
right_child=1 3 -4 5 6 -7 7 -9
leaf_value=0.0045024502899364697 -0.0080810804194420254 0.0069277471444405781 0.0020755171427905296 -0.0073698979238013048 -0.003509066997046343 0.002951921427954141 0.004789148869379512 -0.002656755003727836
leaf_weight=219 274 359 222 260 279 214 260 213
leaf_count=219 274 359 222 260 279 214 260 213
internal_value=5.79585e-05 -0.000419441 -0.00355984 0.000571399 0.00198484 -0.00272767 -0.00040505 0.00144341
internal_weight=2300 2081 496 1585 1111 474 752 473
internal_count=2300 2081 496 1585 1111 474 752 473
is_linear=0
shrinkage=0.03


Tree=214
num_leaves=9
num_cat=0
split_feature=13 5 5 2 2 0 5 7
split_gain=7.90599 7.50669 6.33697 6.30915 4.87832 6.19332 3.84558 3.69789
threshold=1.0000000180025095e-35 2.6401765097396273 1.6866670623309556 0.56703148111166957 0.7167372881355939 0.52150684108051537 1.8888880173764806 0.73508616199473298
decision_type=2 2 2 2 2 2 2 10
left_child=1 6 -2 -3 5 7 -1 -4
right_child=2 3 4 -5 -6 -7 -8 -9
leaf_value=0.0024474769425936616 0.0032600744305686514 -0.0039519811946066834 -0.0058651397702723582 0.0034821195815031118 -0.0046998697613909015 0.0021289326491248308 0.0082776302653729643 -0.00057070761534344899
leaf_weight=203 259 201 208 200 374 398 212 271
leaf_count=203 259 201 208 200 374 398 212 271
internal_value=0.000315584 0.00268581 -0.000969915 -0.000246979 -0.00185516 -0.000622256 0.00548886 -0.00290659
internal_weight=2326 816 1510 401 1251 877 415 479
internal_count=2326 816 1510 401 1251 877 415 479
is_linear=0
shrinkage=0.03


Tree=215
num_leaves=9
num_cat=0
split_feature=4 8 5 11 2 3 4 6
split_gain=6.04741 8.46373 4.89096 7.81691 7.76412 7.48127 7.06442 4.51775
threshold=0.035692029282599354 -0.034189192141324216 2.9429670358652196 0.51746637699624076 0.54022782452133766 0.78642082012868653 0.36496259553877292 -0.015223704273196357
decision_type=2 2 2 2 2 2 2 10
left_child=-1 -2 3 5 -5 -3 7 -4
right_child=1 2 6 4 -6 -7 -8 -9
leaf_value=0.0049265945536394913 0.0042676231486699244 -0.0035079656537669352 0.001649745443638595 -0.0096230951465828257 -0.0015648324052707698 0.0028081282539160124 0.0050109508513223105 -0.0045674726442045087
leaf_weight=220 311 321 211 202 229 345 241 201
leaf_count=220 311 321 211 202 229 345 241 201
internal_value=0.000256469 -0.000252756 -0.00106596 -0.00228576 -0.0054086 -0.000239571 0.000985015 -0.00140181
internal_weight=2281 2061 1750 1097 431 666 653 412
internal_count=2281 2061 1750 1097 431 666 653 412
is_linear=0
shrinkage=0.03


Tree=216
num_leaves=9
num_cat=0
split_feature=11 6 11 3 7 1 7 1
split_gain=13.0853 4.39906 5.97296 9.7279 11.2428 7.98882 4.31519 3.13651
threshold=-1.110486896382741 0.3257146318085366 0.51746637699624076 0.71814308222590217 0.29034225244515338 0.93026085613074161 0.56515388795854082 1.739337361523271
decision_type=2 10 2 2 10 2 10 2
left_child=-1 2 3 -2 -5 -4 -7 -8
right_child=1 -3 5 4 -6 6 7 -9
leaf_value=0.0068866759022578189 -0.0027947753760029243 -0.004911010123301889 0.0017069073369546202 -0.00056801231295013652 0.0081438322953558216 -0.0065902356751897226 -0.0043623524882592437 0.00071886362011233955
leaf_weight=213 294 209 372 255 273 277 210 220
leaf_count=213 294 209 372 255 273 277 210 220
internal_value=-0.000111727 -0.000832811 -0.000372738 0.00154857 0.00397055 -0.00183681 -0.00370029 -0.00178428
internal_weight=2323 2110 1901 822 528 1079 707 430
internal_count=2323 2110 1901 822 528 1079 707 430
is_linear=0
shrinkage=0.03


Tree=217
num_leaves=9
num_cat=0
split_feature=8 6 2 6 14 3 9 3
split_gain=5.91185 5.68994 8.95925 6.01244 5.58078 10.2074 9.26174 3.99666
threshold=-0.034189192141324216 -0.012764244409940338 0.70000000000000184 0.22385155506903678 1.0000000180025095e-35 0.75862068965517715 0.78586013424948609 0.68741679345758511
decision_type=2 8 2 10 2 2 2 2
left_child=-1 4 3 7 5 -2 -6 -3
right_child=1 2 -4 -5 6 -7 -8 -9
leaf_value=0.004284509322212319 0.0036618480880176375 -0.0026392854131974171 0.0027538217714527004 0.00037018534098122566 -0.001116676682690417 -0.0043261127098116513 0.0069923935667537268 -0.0085779235630550153
leaf_weight=338 267 202 276 217 211 301 308 215
leaf_count=338 267 202 276 217 211 301 308 215
internal_value=0.000646054 2.10684e-05 -0.00172401 -0.00367965 0.0014832 -0.000572021 0.00371644 -0.00576653
internal_weight=2335 1997 910 634 1087 568 519 417
internal_count=2335 1997 910 634 1087 568 519 417
is_linear=0
shrinkage=0.03


Tree=218
num_leaves=8
num_cat=0
split_feature=1 7 5 9 2 0 1
split_gain=4.81482 8.69394 8.16515 10.265 5.96606 7.01586 4.16721
threshold=0.57024054138513203 0.016395438021599779 1.6866670623309556 0.99165928588403851 0.48999599839935698 0.51853862885177859 1.1677960557874556
decision_type=2 10 2 2 2 2 2
left_child=-1 -2 -3 4 6 -6 -4
right_child=1 2 3 -5 5 -7 -8
leaf_value=0.0042577272989911584 -0.0051843243160687143 0.0050801762553635017 0.00085697931327020124 -0.004779758572400537 -0.0034708277997934326 0.0022735912748998535 0.0069385948282881423
leaf_weight=242 266 297 201 351 369 387 203
leaf_count=242 266 297 201 351 369 387 203
internal_value=0.000298255 -0.000172876 0.000576692 -0.000322342 0.00104114 -0.000534615 0.00396031
internal_weight=2316 2074 1808 1511 1160 756 404
internal_count=2316 2074 1808 1511 1160 756 404
is_linear=0
shrinkage=0.03


Tree=219
num_leaves=8
num_cat=0
split_feature=12 13 12 6 1 12 8
split_gain=7.21261 9.8138 6.29336 6.10765 5.75696 8.68476 8.87454
threshold=-0.048614271430963189 6.5000000000000009 0.097849760626272556 -0.2311709877686646 0.79252168333055495 0.0015559975362381408 0.019489840299328369
decision_type=2 2 2 10 2 2 2
left_child=-1 2 3 -2 -5 -6 -7
right_child=1 -3 -4 4 5 6 -8
leaf_value=-0.0037662328210792372 0.0067752250545915355 -0.0051932807064193455 -0.0027480876622463873 -0.0018878243567252702 0.0067241080674510564 -0.0022567153169120858 0.0049415980241509531
leaf_weight=345 234 207 248 325 317 376 254
leaf_count=345 234 207 248 325 317 376 254
internal_value=0.000202121 0.000908079 0.00164085 0.0023703 0.00153661 0.00271558 0.00066152
internal_weight=2306 1961 1754 1506 1272 947 630
internal_count=2306 1961 1754 1506 1272 947 630
is_linear=0
shrinkage=0.03


Tree=220
num_leaves=10
num_cat=0
split_feature=1 10 11 12 1 7 9 0 9
split_gain=6.85352 14.0648 8.63903 8.37664 8.56166 7.67638 9.15495 5.70439 4.25194
threshold=1.1537936009835088 1.2901206316023839 1.6236054369802664 0.0054613712787091049 1.8418759556259097 0.73508616199473298 0.88330727139308318 0.51799377147999792 0.85569271357141374
decision_type=2 2 2 2 2 8 2 2 2
left_child=1 -1 5 4 -2 6 -3 -5 -9
right_child=3 2 -4 7 -6 -7 -8 8 -10
leaf_value=-0.0070568249754918121 0.0088685665828882754 0.0082975933405448239 -0.0047292220695079237 -0.003112469689531511 0.00060726687889283814 -0.0025327010579043771 -0.00029888376012081054 -0.00083222460973134452 0.0052243045884321371
leaf_weight=283 244 246 202 311 208 200 200 204 206
leaf_count=283 244 246 202 311 208 200 200 204 206
internal_value=0.000334942 -0.00132843 0.000613449 0.00193758 0.00511514 0.00230756 0.00448209 -7.59602e-05 0.00223709
internal_weight=2304 1131 848 1173 452 646 446 721 410
internal_count=2304 1131 848 1173 452 646 446 721 410
is_linear=0
shrinkage=0.03


Tree=221
num_leaves=9
num_cat=0
split_feature=8 6 6 11 13 10 1 7
split_gain=6.82717 23.3555 6.11515 6.49658 5.56772 8.11875 4.91588 3.80573
threshold=-0.028102587426400986 -0.008790979652774587 0.025575761246460663 -1.0000000180025095e-35 1.0000000180025095e-35 1.9008378333927356 1.6160685171058169 0.54389630267237965
decision_type=2 8 8 2 2 2 2 8
left_child=1 -1 3 -2 -5 -6 7 -4
right_child=2 -3 6 4 5 -7 -8 -9
leaf_value=-0.0025739337593086897 0.0045659420978263364 0.010690791438889144 0.0013895740740393337 -0.0043772675101248978 -0.0024685587550297536 0.0046331663884476943 -0.0062017823374745521 -0.003965435158823011
leaf_weight=254 315 218 280 230 284 286 226 201
leaf_count=254 315 218 280 230 284 286 226 201
internal_value=0.000405053 0.00360041 -0.000430313 0.00095293 -0.000489217 0.00110407 -0.00260318 -0.000865949
internal_weight=2294 472 1822 1115 800 570 707 481
internal_count=2294 472 1822 1115 800 570 707 481
is_linear=0
shrinkage=0.03


Tree=222
num_leaves=9
num_cat=0
split_feature=12 6 4 5 12 11 11 6
split_gain=5.26817 7.72102 8.06136 8.83906 10.3794 5.74159 7.56674 3.45496
threshold=-0.048614271430963189 -0.2311709877686646 0.28819427902956579 2.0934690229142014 0.0054613712787091049 0.15444170115447878 0.94907351552279284 0.0096704236664593175
decision_type=2 8 2 2 2 2 2 10
left_child=-1 -2 3 -3 -5 -4 -7 -6
right_child=1 2 5 4 7 6 -8 -9
leaf_value=-0.0032274274174694728 0.0051735146023214312 -0.0065916191259363906 0.0060851929823412176 0.004937910990748271 -2.7945289433729358e-05 -0.0037682804614305493 0.003366983675821261 -0.0054477977198859051
leaf_weight=354 293 260 231 232 200 220 325 220
leaf_count=354 293 260 231 232 200 220 325 220
internal_value=0.000117278 0.00072159 -6.41644e-05 -0.00197162 -9.31482e-05 0.00217586 0.000478621 -0.00289761
internal_weight=2335 1981 1688 912 652 776 545 420
internal_count=2335 1981 1688 912 652 776 545 420
is_linear=0
shrinkage=0.03


Tree=223
num_leaves=8
num_cat=0
split_feature=4 4 12 12 7 0 8
split_gain=4.424 9.26089 7.33857 12.8433 6.16409 10.2877 6.44815
threshold=0.28819427902956579 0.41340078411665976 0.042059320170316335 -0.014947906240422968 1.3139963616378902 0.50553368606187177 0.010444220105570218
decision_type=2 2 2 2 10 2 2
left_child=4 -2 3 -3 5 -1 -7
right_child=1 2 -4 -5 -6 6 -8
leaf_value=-0.0068242869972857789 0.0055065032179319176 0.0026832631997377523 0.0031349325718006472 -0.0071302363480771737 0.0024807885604409071 0.0028649823974512744 -0.0029977912547249231
leaf_weight=339 299 207 281 274 268 294 383
leaf_count=339 299 207 281 274 268 294 383
internal_value=-0.0003518 0.00107888 -0.000683042 -0.00292281 -0.0015336 -0.00259948 -0.000449433
internal_weight=2345 1061 762 481 1284 1016 677
internal_count=2345 1061 762 481 1284 1016 677
is_linear=0
shrinkage=0.03


Tree=224
num_leaves=10
num_cat=0
split_feature=4 3 1 13 5 3 9 5 5
split_gain=6.02373 11.0893 7.72552 7.3748 6.58327 5.04857 4.25179 3.83514 3.51177
threshold=0.43433865720086234 0.90457218744071322 1.4663034925563327 2.5000000000000004 2.8321808788935807 0.78542781723519262 0.81844016895362304 2.5182952645390619 2.0726196360230387
decision_type=2 2 2 2 2 2 2 2 2
left_child=1 2 3 5 8 7 -4 -1 -2
right_child=4 -3 6 -5 -6 -7 -8 -9 -10
leaf_value=-0.0056710013981520853 -0.0026202821720717022 0.0055066282765280838 0.0054101616753855853 -0.0070831872955148594 0.00032374738259835446 0.0025979796872335542 -0.00065663184287357277 -0.00026120960841883104 -0.0081438573598051848
leaf_weight=216 201 272 200 238 277 230 209 254 225
leaf_count=216 201 272 200 238 277 230 209 254 225
internal_value=-0.000970908 3.83412e-05 -0.00108215 -0.00257861 -0.00327905 -0.00100769 0.00233953 -0.00278094 -0.0055983
internal_weight=2322 1619 1347 938 703 700 409 470 426
internal_count=2322 1619 1347 938 703 700 409 470 426
is_linear=0
shrinkage=0.03


Tree=225
num_leaves=9
num_cat=0
split_feature=11 11 11 11 12 1 11 10
split_gain=4.326 7.51169 7.5205 7.96624 10.2652 8.93649 6.79218 6.63167
threshold=1.5299161781560067 1.0569576327411452 0.63688214141280464 -0.45648470469851293 -0.023474062330526787 1.3182405770213881 1.9361932698627407 1.2664062001739478
decision_type=2 2 2 2 2 2 2 2
left_child=1 2 3 5 -5 -1 -2 -6
right_child=6 -3 -4 4 7 -7 -8 -9
leaf_value=0.0024831892745125861 -0.0053609661805686078 0.0056091283806107978 -0.003621010913477433 0.0090029407749335245 0.0054522252960928844 -0.0057096266988502188 0.0017146887492743277 -0.0013483326258470435
leaf_weight=247 233 317 304 214 205 224 247 331
leaf_count=247 233 317 304 214 205 224 247 331
internal_value=0.000784387 0.00144509 0.000564012 0.0016165 0.00352791 -0.00143223 -0.00173981 0.00127898
internal_weight=2322 1842 1525 1221 750 471 480 536
internal_count=2322 1842 1525 1221 750 471 480 536
is_linear=0
shrinkage=0.03


Tree=226
num_leaves=8
num_cat=0
split_feature=5 8 8 8 1 11 12
split_gain=6.19587 8.06907 6.54069 4.5096 4.44459 6.18309 7.09787
threshold=1.8888880173764806 0.028261516184374537 -0.028102587426400986 -0.021545508415561562 0.82728599360312438 0.63688214141280464 0.019027041262249859
decision_type=2 2 2 2 2 2 2
left_child=3 2 -2 -1 -4 -6 -7
right_child=1 -3 4 -5 5 6 -8
leaf_value=-0.0064564665526432802 0.0031388719083933051 0.0043536654843586856 0.0016006688548171584 -0.00081044385547567965 0.00036195178629360467 -0.009130502392338322 -0.0014944887911378713
leaf_weight=207 335 399 273 323 316 205 234
leaf_count=207 335 399 273 323 316 205 234
internal_value=-0.000227216 0.000629701 -0.000472368 -0.00305532 -0.00165868 -0.00284 -0.00512295
internal_weight=2292 1762 1363 530 1028 755 439
internal_count=2292 1762 1363 530 1028 755 439
is_linear=0
shrinkage=0.03


Tree=227
num_leaves=10
num_cat=0
split_feature=1 2 1 0 0 11 0 2 11
split_gain=5.91509 12.9348 7.33607 10.3224 9.0378 8.80882 8.00092 5.14594 5.05946
threshold=0.90583769161834427 0.43511281224818671 1.4429627336552007 0.50000659529818148 0.53597604003799371 0.63688214141280464 0.50643711335819386 0.63636363636363746 0.45792443368666247
decision_type=2 2 2 2 2 2 2 2 2
left_child=1 -1 6 -4 5 -5 -2 -8 -3
right_child=2 8 3 4 -6 -7 7 -9 -10
leaf_value=-0.0032921116178468712 -0.0082901460749110409 0.0018010550172261471 0.0065236354885356762 0.00066587485590457042 0.0040097870884670149 -0.007518022313912181 0.0019576604219226092 -0.0045600996500529027 0.0077043111629979989
leaf_weight=260 206 260 205 237 211 230 226 202 266
leaf_count=260 206 260 205 237 211 230 226 202 266
internal_value=3.56501e-05 0.00214 -0.00105812 0.000710004 -0.00108269 -0.00340168 -0.00350695 -0.00113561 0.00483079
internal_weight=2303 786 1517 883 678 467 634 428 526
internal_count=2303 786 1517 883 678 467 634 428 526
is_linear=0
shrinkage=0.03


Tree=228
num_leaves=9
num_cat=0
split_feature=9 12 12 6 4 7 2 12
split_gain=4.54986 4.86323 9.2421 5.34624 6.12618 7.76872 5.77964 7.14769
threshold=0.64203751271283982 0.1062710057804004 0.067606690575764475 -0.24975379185229982 0.55077135260634569 1.0914277198862321 0.73220879932475069 -0.0066036306100286648
decision_type=2 2 2 8 2 10 2 2
left_child=-1 2 3 -2 5 6 7 -5
right_child=1 -3 -4 4 -6 -7 -8 -9
leaf_value=0.0026899954848634594 -0.0059681398102625219 -0.0052224055240950584 0.0047974844097625462 -0.0087017157734942292 0.0030217439064647964 0.002432582430794914 0.00083404307033413567 -0.0020270152794173322
leaf_weight=302 206 237 235 248 288 278 217 346
leaf_count=302 206 237 235 248 288 278 217 346
internal_value=-0.000719704 -0.0012261 -0.000692237 -0.00151974 -0.00083507 -0.0018642 -0.00334296 -0.00486313
internal_weight=2357 2055 1818 1583 1377 1089 811 594
internal_count=2357 2055 1818 1583 1377 1089 811 594
is_linear=0
shrinkage=0.03


Tree=229
num_leaves=8
num_cat=0
split_feature=11 3 4 0 7 8 2
split_gain=6.74833 13.8086 8.42632 6.83273 5.8822 4.96108 6.34724
threshold=0.10569092355699865 0.78642082012868653 0.6743642011636336 0.50032502643489607 0.22541577348225114 0.023011522701170819 0.56121407467096318
decision_type=2 2 2 2 8 2 2
left_child=1 -1 3 -2 -3 6 -5
right_child=2 4 -4 5 -6 -7 -8
leaf_value=-0.0013735372595220648 0.0019379184437683719 0.0028222615400029087 0.0042926106199622149 -0.0083421605471104884 0.010078866132467553 -0.00045744643077379112 -0.0017722552664283858
leaf_weight=388 330 206 245 252 202 383 280
leaf_count=388 330 206 245 252 202 383 280
internal_value=0.000453016 0.00267419 -0.00073857 -0.00174185 0.00649352 -0.0030723 -0.00493301
internal_weight=2286 796 1490 1245 408 915 532
internal_count=2286 796 1490 1245 408 915 532
is_linear=0
shrinkage=0.03


Tree=230
num_leaves=9
num_cat=0
split_feature=2 4 6 2 6 6 6 2
split_gain=4.21169 11.0633 7.97446 5.61387 6.33101 5.7821 4.51355 3.15504
threshold=0.4594849086374489 0.14401772777286706 -0.23395635782600518 0.54942266209871893 -0.050388194931517631 0.033367248547840241 -0.13990049177492028 0.74225487064835438
decision_type=2 2 8 2 10 10 8 2
left_child=1 -1 -2 -4 6 -6 -5 -7
right_child=2 -3 3 4 5 7 -8 -9
leaf_value=0.0051376377102477768 0.0034615589261580947 -0.0025247733192090001 -0.0062760997647629642 -0.0012049482224323737 0.0044691444659339524 -0.0033179935978068318 -0.0075048441473896119 0.0013947036963266632
leaf_weight=337 246 332 261 206 205 311 203 211
leaf_count=337 246 332 261 206 205 311 203 211
internal_value=-0.0006553 0.00134455 -0.00147121 -0.00234908 -0.00142328 0.000261326 -0.00438467 -0.00141789
internal_weight=2312 669 1643 1397 1136 727 409 522
internal_count=2312 669 1643 1397 1136 727 409 522
is_linear=0
shrinkage=0.03


Tree=231
num_leaves=9
num_cat=0
split_feature=11 4 4 4 8 3 5 10
split_gain=3.66955 9.19795 11.9469 8.56491 7.52178 7.53147 7.17347 5.60813
threshold=0.96695750183900298 0.41340078411665976 0.28160290588041864 0.14401772777286706 -0.0074812063006257125 0.70930232558139561 2.3450960697529539 1.5623482966255164
decision_type=2 2 2 2 2 2 2 2
left_child=1 2 3 6 -2 -6 -1 -3
right_child=4 7 -4 -5 5 -7 -8 -9
leaf_value=0.0051821010887784799 -0.0014986254785970383 -0.00039143321684737134 0.0075741182207197701 -0.00438763805015213 0.007727294066400432 0.00059510475716122722 -0.0019114631911134926 -0.0072048456940941421
leaf_weight=271 333 202 201 311 267 263 236 232
leaf_count=271 333 202 201 311 267 263 236 232
internal_value=0.000478058 -0.000442526 0.00111657 -0.000506557 0.00202163 0.00422675 0.00189374 -0.0040742
internal_weight=2316 1453 1019 818 863 530 507 434
internal_count=2316 1453 1019 818 863 530 507 434
is_linear=0
shrinkage=0.03


Tree=232
num_leaves=8
num_cat=0
split_feature=5 8 5 0 0 5 13
split_gain=4.63936 8.25107 4.76933 8.09065 8.51572 7.70721 4.3042
threshold=1.4874189350996772 -0.030462251409807115 1.9399083520960192 0.51853862885177859 0.5285326841529211 2.925642400418385 1.5000000000000002
decision_type=2 2 2 2 2 2 2
left_child=-1 -2 -3 6 -5 -6 -4
right_child=1 2 3 4 5 -7 -8
leaf_value=-0.0030585935995807861 0.0051231535702295919 0.0042386304974661899 -0.0050824132291130827 0.0064184111694809498 -0.0038434221707284444 0.003015744927628287 -0.00014965360617244861
leaf_weight=302 340 206 382 218 295 285 271
leaf_count=302 340 206 382 218 295 285 271
internal_value=0.000376518 0.000902341 2.34644e-05 -0.000587468 0.00143567 -0.000476001 -0.00305197
internal_weight=2299 1997 1657 1451 798 580 653
internal_count=2299 1997 1657 1451 798 580 653
is_linear=0
shrinkage=0.03


Tree=233
num_leaves=9
num_cat=0
split_feature=6 6 12 1 2 8 8 7
split_gain=4.40217 6.17671 13.8838 5.73023 12.1681 6.83393 6.91112 8.39671
threshold=0.33396647170180754 0.095793228076849993 0.02232762563095653 0.90086252573545755 0.43229561715278836 0.028261516184374537 -0.018590973104651815 0.4115856773102195
decision_type=10 8 2 2 2 2 2 10
left_child=1 3 -3 4 -1 6 -5 -8
right_child=-2 2 -4 5 -6 -7 7 -9
leaf_value=-0.0041769084712301469 -0.0042436379685102613 0.0082131030685229211 -0.0022018476337194444 -7.2275054464301377e-05 0.0048945221884635565 0.0022991659349816686 -0.00087597427652396547 -0.008838047036716758
leaf_weight=202 228 233 220 348 369 250 203 288
leaf_count=202 228 233 220 348 369 250 203 288
internal_value=-0.000330141 0.00010116 0.00318625 -0.000747775 0.00167696 -0.002021 -0.00331429 -0.00558821
internal_weight=2341 2113 453 1660 571 1089 839 491
internal_count=2341 2113 453 1660 571 1089 839 491
is_linear=0
shrinkage=0.03


Tree=234
num_leaves=8
num_cat=0
split_feature=5 5 12 12 6 3 10
split_gain=5.1311 13.1742 6.93958 10.8957 10.3268 5.72408 3.40791
threshold=2.9108283122852567 3.2612446738590135 0.047860813593171021 0.0058781818144135753 -0.095895657671244347 0.77395808806216271 1.9962264859857577
decision_type=2 2 2 2 8 2 2
left_child=2 -2 3 4 -1 -6 -3
right_child=1 6 -4 -5 5 -7 -8
leaf_value=-0.0063883550336052263 0.0062419842714138453 -0.0041061179160352314 -0.004394171442557126 0.0045084695025506332 -0.0024693013536001458 0.0045645400650267086 0.00074959930126716398
leaf_weight=275 361 206 395 352 202 205 336
leaf_count=275 361 206 395 352 202 205 336
internal_value=7.88671e-05 0.00184338 -0.00103869 0.000258125 -0.00195245 0.00108594 -0.0011166
internal_weight=2332 903 1429 1034 682 407 542
internal_count=2332 903 1429 1034 682 407 542
is_linear=0
shrinkage=0.03


Tree=235
num_leaves=9
num_cat=0
split_feature=1 6 4 12 2 12 1 4
split_gain=5.4738 6.35745 9.28908 7.37889 10.3386 6.36923 5.39205 4.60451
threshold=0.57024054138513203 -0.1773504242912787 0.66627117447965134 0.0031003624442424997 0.48999599839935698 0.0015559975362381408 1.0985311742906056 0.22768444922535752
decision_type=2 10 2 2 2 2 2 2
left_child=-1 5 3 4 -3 -2 -5 -8
right_child=1 2 -4 6 -6 -7 7 -9
leaf_value=0.0046429186987011449 -0.0012849348842679897 0.0054146529409430317 0.003710692279273644 -0.0074180684253224169 -0.0028758710282331371 0.0055347240499173432 0.0011888977773487567 -0.0047950569353997705
leaf_weight=224 209 217 283 283 342 290 205 256
leaf_count=224 209 217 283 283 342 290 205 256
internal_value=0.000240085 -0.000242905 -0.0011725 -0.00224321 0.000361925 0.00269398 -0.00418991 -0.00214987
internal_weight=2309 2085 1586 1303 559 499 744 461
internal_count=2309 2085 1586 1303 559 499 744 461
is_linear=0
shrinkage=0.03


Tree=236
num_leaves=9
num_cat=0
split_feature=12 13 6 7 7 5 3 11
split_gain=5.50549 7.17407 7.99304 6.19726 5.10406 6.41716 6.92008 3.99019
threshold=-0.063797430993449186 6.5000000000000009 -0.19968364965905336 1.0695737054805681 0.78737553034081309 3.2612446738590135 0.78542781723519262 0.18006781748373676
decision_type=2 2 10 10 8 2 2 2
left_child=-1 2 -2 4 5 6 -4 -8
right_child=1 -3 3 -5 -6 -7 7 -9
leaf_value=-0.0041741695588386465 0.0051679987390911546 -0.0046468773766906116 -0.0020514082846057134 0.0036983445741268052 -0.0048418606401650936 -0.0041509249401515576 0.0068544629999154867 0.0010324603719893124
leaf_weight=241 357 208 283 346 226 231 210 213
leaf_count=241 357 208 283 346 226 231 210 213
internal_value=6.99121e-05 0.00057193 0.00116453 0.000203442 -0.000847695 0.000136265 0.00155834 0.00396913
internal_weight=2315 2074 1866 1509 1163 937 706 423
internal_count=2315 2074 1866 1509 1163 937 706 423
is_linear=0
shrinkage=0.03


Tree=237
num_leaves=8
num_cat=0
split_feature=13 3 0 4 6 8 3
split_gain=6.65394 9.8935 8.43035 10.8529 3.32567 6.42361 6.37851
threshold=1.0000000180025095e-35 0.58075941653654284 0.50680696258444613 0.26008154389327648 -0.1933390200116922 -0.013220465869709938 0.79521681247622578
decision_type=2 2 2 2 8 2 2
left_child=2 -2 -1 -4 -3 -6 -7
right_child=1 4 3 -5 5 6 -8
leaf_value=-0.0013519389119352697 0.0043223234251824044 -0.0049261769575908452 0.0086961060710264455 -0.00015434331633971127 0.0020393125652942968 -0.0064253347576093325 -0.00019191020708008902
leaf_weight=327 257 283 279 222 340 273 316
leaf_count=327 257 283 279 222 340 273 316
internal_value=0.000241199 -0.000970538 0.00238393 0.00481158 -0.00210602 -0.00122514 -0.00311085
internal_weight=2297 1469 828 501 1212 929 589
internal_count=2297 1469 828 501 1212 929 589
is_linear=0
shrinkage=0.03


Tree=238
num_leaves=9
num_cat=0
split_feature=3 5 5 3 6 6 3 2
split_gain=8.30617 5.71772 8.59083 5.0531 12.05 10.6366 5.59485 4.71818
threshold=0.61080794076871026 3.3315435480899085 3.0553979930986066 0.78542781723519262 -0.16102301351417705 -0.032229733526894948 0.88217942044074127 0.36925211416490727
decision_type=2 2 2 2 8 8 2 2
left_child=7 2 3 5 -5 -2 -6 -1
right_child=1 -3 -4 4 6 -7 -8 -9
leaf_value=-0.00036823779772753002 -1.2733397586718917e-05 -0.0049341144334573888 0.0048370860723007704 -0.006189417918924139 0.0052823283339149497 -0.009038142658633376 -0.00082337882035695331 0.0052410189052846962
leaf_weight=256 255 375 204 211 262 213 271 279
leaf_count=256 255 375 204 211 262 213 271 279
internal_value=-0.000686008 -0.0016656 -0.000785686 -0.00174808 -0.000205321 -0.00417257 0.00219912 0.00257841
internal_weight=2326 1791 1416 1212 744 468 533 535
internal_count=2326 1791 1416 1212 744 468 533 535
is_linear=0
shrinkage=0.03


Tree=239
num_leaves=9
num_cat=0
split_feature=7 12 6 6 1 13 0 12
split_gain=5.13369 7.54512 7.32361 4.44027 7.08109 12.9472 5.8439 8.84275
threshold=1.400888859030845 0.062229967695124851 0.033367248547840241 -0.052308545546979716 0.89434929239916505 2.5000000000000004 0.50113446226303837 0.0031003624442424997
decision_type=8 2 8 8 2 2 2 2
left_child=1 3 -3 6 -5 -6 -1 -8
right_child=-2 2 -4 4 5 -7 7 -9
leaf_value=0.0021945177447231646 -0.0034075697122401072 0.0073088289172974184 -9.6829352717447484e-05 0.0050914985385808083 -0.0047710837515611611 0.004488620426106666 -0.0080287843247686935 -5.2079532812866893e-05
leaf_weight=201 311 261 219 270 312 233 232 265
leaf_count=201 311 261 219 270 312 233 232 265
internal_value=0.000145896 0.000707541 0.00396383 -0.000335173 0.00116588 -0.000807531 -0.00208366 -0.00381849
internal_weight=2304 1993 480 1513 815 545 698 497
internal_count=2304 1993 480 1513 815 545 698 497
is_linear=0
shrinkage=0.03


Tree=240
num_leaves=10
num_cat=0
split_feature=5 9 9 9 11 2 3 1 3
split_gain=4.88856 8.21307 5.17027 6.7922 7.92163 6.73531 17.6742 4.93976 4.56031
threshold=1.6866670623309556 0.75806577069897696 0.68516640239695747 1.1718152089081164 0.30155614099683881 0.54636505765096466 0.60435607557909909 1.3544443168388505 0.86810621900388696
decision_type=2 2 2 2 2 2 2 2 2
left_child=1 -1 -2 4 7 6 -6 -4 -7
right_child=2 -3 3 -5 5 8 -8 -9 -10
leaf_value=-0.0010750787774414087 -0.0041389068862649524 0.0072408514240892919 -0.005864492676443827 -0.0050422640359256326 0.0056864575812784583 0.0022792455758307278 -0.0062927979180518448 0.00067711601766206101 0.0079420323569716015
leaf_weight=221 312 200 208 200 209 341 225 201 206
leaf_count=221 312 200 208 200 209 341 225 201 206
internal_value=8.59291e-06 0.0029141 -0.000640484 5.6822e-05 0.000805946 0.00226567 -0.000524924 -0.00268032 0.00446447
internal_weight=2323 421 1902 1590 1390 981 434 409 547
internal_count=2323 421 1902 1590 1390 981 434 409 547
is_linear=0
shrinkage=0.03


Tree=241
num_leaves=8
num_cat=0
split_feature=4 5 2 2 13 7 6
split_gain=8.9917 5.22318 7.56289 9.46247 6.46048 7.61456 4.47491
threshold=0.044555717023088671 1.6866670623309556 0.64789580973952454 0.76850052280554537 1.5000000000000002 0.75340277152073798 0.017011064265738399
decision_type=2 2 2 2 2 8 8
left_child=-1 -2 4 -4 6 -6 -3
right_child=1 2 3 -5 5 -7 -8
leaf_value=0.0048515003035864684 0.0023432666475972086 -0.0043271401138647164 -0.007245697815397239 -0.00045335231459727013 -0.0010602257437725274 0.0070549688925876193 0.0010657894384536531
leaf_weight=269 357 312 371 364 208 201 243
leaf_count=269 357 312 371 364 208 201 243
internal_value=-0.00025493 -0.000933187 -0.0016265 -0.00390766 0.00012395 0.00296496 -0.00197748
internal_weight=2325 2056 1699 735 964 409 555
internal_count=2325 2056 1699 735 964 409 555
is_linear=0
shrinkage=0.03


Tree=242
num_leaves=10
num_cat=0
split_feature=11 11 0 12 9 2 5 5 6
split_gain=5.95782 8.16369 7.45933 10.813 8.32675 9.03988 6.52084 4.56276 3.54997
threshold=-0.91018201558767153 -0.27854621222569187 0.49907315774576383 -0.0060191219083612349 0.67948419167599872 0.54636505765096466 2.8807088463653718 2.5338690978241627 0.011949672613784436
decision_type=2 2 2 2 2 2 2 2 10
left_child=-1 -2 3 -3 -4 6 -6 -7 -9
right_child=1 2 4 -5 5 7 -8 8 -10
leaf_value=0.0037416251376271247 -0.0055367493427383079 0.0082026437124377988 -0.0065648295461303652 -0.0012462993772043476 -0.0072291104073150892 0.00579042673074794 -7.7556588899666866e-05 0.002640418047216841 -0.0025527672112458251
leaf_weight=289 280 207 211 222 208 201 249 274 201
leaf_count=289 280 207 211 222 208 201 249 274 201
internal_value=-0.000253836 -0.000824 -6.62644e-05 0.00335496 -0.00116669 -0.000136964 -0.00337554 0.00206114 0.00043918
internal_weight=2342 2053 1773 429 1344 1133 457 676 475
internal_count=2342 2053 1773 429 1344 1133 457 676 475
is_linear=0
shrinkage=0.03


Tree=243
num_leaves=8
num_cat=0
split_feature=4 6 8 6 11 0 0
split_gain=5.06543 4.08914 7.76939 7.88608 6.0195 5.81199 8.03923
threshold=0.81069895137486359 0.22385155506903678 -0.036166642475866088 0.076193580181742063 0.063743283826934796 0.53893968114178703 0.5070971231176935
decision_type=2 8 2 10 2 2 2
left_child=1 2 -1 4 -4 6 -6
right_child=-2 -3 3 -5 5 -7 -8
leaf_value=-0.0053885656099121734 -0.003703289487854625 0.0036824831911069045 0.004873632549185148 -0.0035489701611188121 -0.0019145272337095613 -0.0039165361697004308 0.004873457752432607
leaf_weight=203 269 328 396 298 281 206 345
leaf_count=203 269 328 396 298 281 206 345
internal_value=0.000129343 0.000638312 5.18647e-05 0.000790826 0.00185409 0.000396375 0.00183543
internal_weight=2326 2057 1729 1526 1228 832 626
internal_count=2326 2057 1729 1526 1228 832 626
is_linear=0
shrinkage=0.03


Tree=244
num_leaves=8
num_cat=0
split_feature=0 12 2 1 6 1 1
split_gain=4.46579 9.59091 8.87336 7.34999 8.51283 6.60589 5.14009
threshold=0.50032502643489607 -0.0073227799208102065 0.67891032559812969 1.2449588213480609 0.061149533581195466 1.3773320910131501 0.77897031416957696
decision_type=2 2 2 2 8 2 2
left_child=5 2 -2 6 -5 -1 -3
right_child=1 3 -4 4 -6 -7 -8
leaf_value=-0.00017188846991057435 -0.0072657090654900183 -7.4537437865320516e-06 0.00070156616054336044 0.0013615141646207423 -0.0056383813862339593 0.0062309497091447624 0.0057964221561310168
leaf_weight=373 308 240 209 398 251 232 316
leaf_count=373 308 240 209 398 251 232 316
internal_value=0.000107984 -0.000671651 -0.00406903 0.000796769 -0.0013681 0.00231436 0.00331341
internal_weight=2327 1722 517 1205 649 605 556
internal_count=2327 1722 517 1205 649 605 556
is_linear=0
shrinkage=0.03


Tree=245
num_leaves=8
num_cat=0
split_feature=9 1 1 6 6 1 10
split_gain=6.9508 7.11739 6.16392 9.61323 13.6137 5.97545 7.14445
threshold=0.68316181091015549 1.2142189343308927 1.1677960557874556 0.064683306183678027 -0.054224901961721299 0.87487524276098461 1.9529717445012054
decision_type=2 2 2 8 10 2 2
left_child=1 -1 5 4 -4 6 -2
right_child=2 -3 3 -5 -6 -7 -8
leaf_value=-0.00061555614927783604 -0.0028463103013339239 -0.0081558639350253238 0.00054492236227698379 -0.0023106949234411854 0.0099210360867815987 -0.0051717705568240851 0.00385716044817303
leaf_weight=235 341 213 398 361 210 317 239
leaf_count=235 341 213 398 361 210 317 239
internal_value=-0.000917545 -0.00425102 -0.000108003 0.00154714 0.00383789 -0.00189466 -7.46602e-05
internal_weight=2314 448 1866 969 608 897 580
internal_count=2314 448 1866 969 608 897 580
is_linear=0
shrinkage=0.03


Tree=246
num_leaves=8
num_cat=0
split_feature=6 5 5 12 12 3 0
split_gain=6.29536 4.42714 4.90132 6.62944 4.80789 4.79991 3.82816
threshold=0.3257146318085366 1.6866670623309556 2.0934690229142014 -0.022404981630388895 0.06670835330585724 0.82051282051282148 0.51198952034507983
decision_type=10 2 2 2 2 2 2
left_child=1 -1 -3 -4 5 6 -5
right_child=-2 2 3 4 -6 -7 -8
leaf_value=0.0039191230308964166 -0.0040770605728030207 -0.0035128544137302425 0.0046511633696034553 0.0035909324401514958 0.0029903031141420293 -0.0043453560337805555 -0.001674250706022117
leaf_weight=389 235 243 345 203 322 293 304
leaf_count=389 235 243 345 203 322 293 304
internal_value=0.000527936 0.00105197 0.000390206 0.00104646 -7.76544e-05 -0.00132341 0.00044838
internal_weight=2334 2099 1710 1467 1122 800 507
internal_count=2334 2099 1710 1467 1122 800 507
is_linear=0
shrinkage=0.03


Tree=247
num_leaves=8
num_cat=0
split_feature=2 6 11 0 6 9 7
split_gain=7.93702 9.33365 6.28757 11.8859 8.02057 13.0282 9.45185
threshold=0.7167372881355939 -0.052308545546979716 1.5299161781560067 0.53504516033839711 -0.11848459638137208 0.75415085569453233 0.80394041682622774
decision_type=2 10 2 2 8 2 8
left_child=2 -2 3 4 -1 -6 -7
right_child=1 -3 -4 -5 5 6 -8
leaf_value=0.00061970861140139583 -0.0061377689215793988 0.0010467468395667231 -0.0018354033727876163 -0.0027121307155117389 0.012203294048608046 -0.0015267806202173232 0.0075303111872315216
leaf_weight=372 305 340 380 295 209 205 202
leaf_count=372 305 340 380 295 209 205 202
internal_value=0.000441606 -0.00237166 0.00153658 0.00253855 0.00411207 0.00619912 0.00300522
internal_weight=2308 645 1663 1283 988 616 407
internal_count=2308 645 1663 1283 988 616 407
is_linear=0
shrinkage=0.03


Tree=248
num_leaves=9
num_cat=0
split_feature=3 5 5 2 11 11 2 10
split_gain=7.96216 10.0592 8.48241 7.02107 11.044 5.6637 7.30536 5.45126
threshold=0.78542781723519262 3.2612446738590135 2.9429670358652196 0.7833333333333321 0.6680473869072111 0.86107909742805477 0.45796386254401372 2.2290009276238645
decision_type=2 2 2 2 2 2 2 2
left_child=2 3 5 4 -2 6 -1 -4
right_child=1 -3 7 -5 -6 -7 -8 -9
leaf_value=-0.0010319562746203682 0.0085981371431329921 -0.003557758774734529 0.0043488221082307313 -0.00029375768433030121 -0.00024710651719942687 0.00054776618413877886 -0.0080588859911344575 -0.0019107645375996218
leaf_weight=222 339 246 252 314 201 203 334 240
leaf_count=222 339 246 252 314 201 203 334 240
internal_value=-0.000119958 0.00173769 -0.0017538 0.00327491 0.00533368 -0.00373335 -0.00528737 0.00130686
internal_weight=2351 1100 1251 854 540 759 556 492
internal_count=2351 1100 1251 854 540 759 556 492
is_linear=0
shrinkage=0.03


Tree=249
num_leaves=10
num_cat=0
split_feature=0 7 1 1 6 1 1 4 8
split_gain=5.90867 5.83608 5.10093 9.43439 7.95296 10.9455 11.0624 6.5825 3.54552
threshold=0.54243431113590546 0.40304147093712295 0.90086252573545755 0.74648156578154634 0.22385155506903678 1.1537936009835088 1.540781970289699 0.34973444149443228 -0.010444050673736488
decision_type=2 10 2 2 8 2 2 2 2
left_child=2 -2 3 8 5 -4 -7 -8 -1
right_child=1 -3 4 -5 -6 6 7 -9 -10
leaf_value=-0.0022163975738534111 0.00030239660249208099 -0.0064963248264098515 -0.0069023483573742534 0.0084673231968890126 0.0053093728928181993 0.00531393931053815 0.0016229310906866843 -0.0048203161976385373 0.0032395192641764877
leaf_weight=200 251 202 225 203 203 279 256 312 220
leaf_count=200 251 202 225 203 203 279 256 312 220
internal_value=0.000292836 -0.00276709 0.00102851 0.00324161 -6.1318e-05 -0.00109827 0.000475004 -0.0019275 0.000645954
internal_weight=2351 453 1898 623 1275 1072 847 568 420
internal_count=2351 453 1898 623 1275 1072 847 568 420
is_linear=0
shrinkage=0.03


Tree=250
num_leaves=9
num_cat=0
split_feature=3 5 3 2 2 14 14 9
split_gain=4.99295 4.94599 6.10274 4.59276 6.39315 5.6333 3.28637 2.26081
threshold=0.90291262135922323 1.7023980170122377 0.81745477626150276 0.56703148111166957 0.46881483402489688 1.0000000180025095e-35 1.0000000180025095e-35 0.83638227193728476
decision_type=2 2 2 2 2 2 2 2
left_child=1 -1 3 4 5 -3 -5 -2
right_child=7 2 -4 6 -6 -7 -8 -9
leaf_value=0.0023132358281449839 0.0046891441817657189 0.0025591985386685581 -0.0049871875167702227 -0.00083901710759474199 -0.0063092869653704415 -0.0038262822324071416 0.0042561415260795937 0.00045313440394416751
leaf_weight=325 212 281 384 224 221 215 224 240
leaf_count=325 212 281 384 224 221 215 224 240
internal_value=-0.000343764 -0.00102708 -0.0017331 -0.000643785 -0.00212708 -0.000219264 0.00172742 0.0024695
internal_weight=2326 1874 1549 1165 717 496 448 452
internal_count=2326 1874 1549 1165 717 496 448 452
is_linear=0
shrinkage=0.03


Tree=251
num_leaves=9
num_cat=0
split_feature=6 12 12 9 11 9 0 7
split_gain=5.64278 8.11285 13.8889 5.92241 6.07587 9.43145 5.6928 8.32457
threshold=0.33396647170180754 -0.023474062330526787 -0.048614271430963189 0.67948419167599872 0.96695750183900298 0.9033292966796278 0.50433816044982671 0.22541577348225114
decision_type=10 2 2 2 2 2 2 8
left_child=1 2 -1 -3 6 -6 -5 -8
right_child=-2 3 -4 4 5 -7 7 -9
leaf_value=-4.4419429486706144e-05 -0.0041388891172081631 -0.0042212037046716272 0.0097466087038318317 -0.0052785359023575576 0.0069315949803814558 -0.0010635896209094686 -0.0043901036420594093 0.003047288852190386
leaf_weight=310 218 268 220 204 273 252 202 387
leaf_count=310 218 268 220 204 273 252 202 387
internal_value=0.000401816 0.000878274 0.00407289 -0.000198728 0.000632058 0.00312008 -0.00102435 0.000481121
internal_weight=2334 2116 530 1586 1318 525 793 589
internal_count=2334 2116 530 1586 1318 525 793 589
is_linear=0
shrinkage=0.03


Tree=252
num_leaves=9
num_cat=0
split_feature=5 0 1 4 9 4 5 3
split_gain=10.1871 8.5838 7.85461 10.3128 13.2931 5.65277 5.472 6.3506
threshold=2.9108283122852567 0.53629248250861017 0.66716121139351625 0.56337153542048413 0.72966956555478502 0.21690770684746055 3.1193307508102435 0.7619047619047612
decision_type=2 2 2 2 2 2 2 2
left_child=1 2 -1 4 -4 -6 -2 -8
right_child=6 -3 3 -5 5 -7 7 -9
leaf_value=-0.0056809725901339108 0.0065259563339196041 -0.0058291452395412037 0.0084486143828605507 -0.0048907892038631768 -0.0034469889981612084 0.003216716582086724 0.0036539195171956503 -0.0020581286759491758
leaf_weight=200 212 338 228 211 243 208 380 317
leaf_count=200 212 338 228 211 243 208 380 317
internal_value=-0.000111613 -0.00168986 -0.000385548 0.000829524 0.00262988 -0.000372133 0.00236343 0.00105989
internal_weight=2337 1428 1090 890 679 451 909 697
internal_count=2337 1428 1090 890 679 451 909 697
is_linear=0
shrinkage=0.03


Tree=253
num_leaves=8
num_cat=0
split_feature=9 9 6 1 14 9 6
split_gain=5.35416 7.05339 8.32308 4.66707 4.66834 8.64783 5.54131
threshold=0.93770978348030687 1.0601822635504108 0.0073136137902091178 0.64250260369043943 1.0000000180025095e-35 0.75806577069897696 -0.037858396873857662
decision_type=2 2 10 2 2 2 8
left_child=3 -2 -3 -1 6 -6 -5
right_child=1 2 -4 4 5 -7 -8
leaf_value=-0.0034082704923338878 -0.0058964589260820594 0.0041588455934147787 -0.0043190199646462746 0.00021186048876424999 -0.0040898501501043334 0.0028817284817682994 0.0054736772588853322
leaf_weight=237 328 207 200 372 330 302 345
leaf_count=237 328 207 200 372 330 302 345
internal_value=-0.000551073 -0.00265844 -9.03841e-06 0.000430828 0.0011154 -0.000762024 0.00276407
internal_weight=2321 735 407 1586 1349 632 717
internal_count=2321 735 407 1586 1349 632 717
is_linear=0
shrinkage=0.03


Tree=254
num_leaves=9
num_cat=0
split_feature=9 8 3 5 5 12 0 10
split_gain=4.01454 6.14506 5.86009 8.26721 8.43596 10.1525 8.43069 3.32535
threshold=1.1062220979085484 0.037784324307096558 0.90291262135922323 3.0353397351377152 2.4550171643082375 -0.016069291070785859 0.51638510127189641 2.1909601844592053
decision_type=2 2 2 2 2 2 2 2
left_child=1 2 3 4 5 -1 -7 -5
right_child=-2 -3 -4 7 -6 6 -8 -9
leaf_value=-0.0060453886393602788 0.0035709732283743783 0.0042676631247377372 0.0027712686542935411 0.0044886515668000684 -0.0068852274069350758 -0.0024749377248403817 0.0061069073449386262 -0.00083848956772466978
leaf_weight=226 311 251 343 215 338 202 201 200
leaf_count=226 311 251 343 215 338 202 201 200
internal_value=0.000431308 -7.06061e-05 -0.000712366 -0.00158385 -0.00309918 -0.00102646 0.00182772 0.00194194
internal_weight=2287 1976 1725 1382 967 629 403 415
internal_count=2287 1976 1725 1382 967 629 403 415
is_linear=0
shrinkage=0.03


Tree=255
num_leaves=9
num_cat=0
split_feature=1 7 7 11 11 0 0 0
split_gain=4.67745 4.46446 8.9933 9.17853 7.583 7.52538 7.20518 4.75553
threshold=0.5658538082976371 0.69605847706746793 0.54389630267237965 -0.5498108807667722 1.4491713333971978 0.51352680433753772 0.51352680433753772 0.53341279373412565
decision_type=2 10 10 2 2 2 2 2
left_child=-1 2 3 -2 6 -5 -3 -7
right_child=1 4 -4 5 -6 7 -8 -9
leaf_value=0.0046152660008916191 0.005562697698085292 0.0062424262093344566 -0.0065208034487441186 -0.0055406574355871523 -0.0026469386734098077 0.0041529396329248371 -0.00025866404419014257 -0.0016590223501174194
leaf_weight=230 217 362 215 253 246 210 263 304
leaf_count=230 217 362 215 253 246 210 263 304
internal_value=0.000604317 0.000148609 -0.0010373 0.000187739 0.0017777 -0.00135913 0.00352643 0.000732648
internal_weight=2300 2070 1199 984 871 767 625 514
internal_count=2300 2070 1199 984 871 767 625 514
is_linear=0
shrinkage=0.03


Tree=256
num_leaves=9
num_cat=0
split_feature=0 2 12 3 12 4 4 5
split_gain=6.98377 4.36414 7.94238 6.51502 5.43711 8.70027 7.29176 2.24843
threshold=0.55175137463575818 0.64789580973952454 -0.027462626010019139 0.81918767507002577 0.067606690575764475 0.33917824779252426 0.10363927332198804 2.7181277732741371
decision_type=2 2 2 2 2 2 2 2
left_child=1 4 -3 -4 5 6 -1 -8
right_child=-2 2 3 -5 -6 -7 7 -9
leaf_value=-0.0022930956483125302 0.004691142455376684 0.0027056624189551385 0.00021948394659941769 -0.0063486484713559293 0.0041741779863701325 -0.0051644728539103025 0.0059973178643301346 0.0014986008197825024
leaf_weight=308 245 205 207 389 275 264 202 202
leaf_count=308 245 205 207 389 275 264 202 202
internal_value=-4.36226e-05 -0.000618962 -0.00234075 -0.00408459 0.00048841 -0.000566083 0.00116306 0.00379378
internal_weight=2297 2052 801 596 1251 976 712 404
internal_count=2297 2052 801 596 1251 976 712 404
is_linear=0
shrinkage=0.03


Tree=257
num_leaves=10
num_cat=0
split_feature=6 7 0 5 5 5 4 11 6
split_gain=9.01439 5.96806 8.06884 11.8568 8.96889 9.45651 10.2569 4.2395 2.82388
threshold=-0.27720639927945662 1.3206159038195628 0.55175137463575818 1.4874189350996772 2.1167112523385128 2.8972931259874692 0.37655794448574792 0.74731946409672467 0.0096704236664593175
decision_type=8 10 2 2 2 2 2 2 10
left_child=-1 2 3 -2 -5 7 8 -6 -7
right_child=1 -3 -4 4 5 6 -8 -9 -10
leaf_value=-0.0052626750363809309 -0.0073550888141844326 0.0046945139727138565 0.0053331157591273177 0.0053742397792694218 -0.0063824114714156497 0.0013270195469638143 0.006834449278492782 -0.00074702950581124398 -0.0036230798792004867
leaf_weight=241 200 299 230 257 270 202 217 216 204
leaf_count=241 200 299 230 257 270 202 217 216 204
internal_value=0.000171087 0.000807206 0.000148806 -0.000627169 0.000381117 -0.000794919 0.00164764 -0.00391091 -0.00117404
internal_weight=2336 2095 1796 1566 1366 1109 623 486 406
internal_count=2336 2095 1796 1566 1366 1109 623 486 406
is_linear=0
shrinkage=0.03


Tree=258
num_leaves=9
num_cat=0
split_feature=11 11 11 1 5 0 3 11
split_gain=5.6474 6.64851 5.97239 7.28947 7.41496 8.41234 5.99795 5.7982
threshold=1.9361932698627407 1.5082018055378517 1.0569576327411452 0.61988792183444541 2.9039987200997914 0.52214032407712374 0.78642082012868653 -0.016891058793274301
decision_type=2 2 2 2 2 2 2 2
left_child=1 2 3 -1 5 6 -5 -7
right_child=-2 -3 -4 4 -6 7 -8 -9
leaf_value=-0.0056009857698957966 0.004232507709711484 -0.0053899842470448893 0.0039225921822332987 -0.0015985102895647286 0.0039837571107948725 -0.00064052358781263022 0.0046577215973229611 -0.0075765632951884281
leaf_weight=230 239 226 290 295 331 208 251 224
leaf_count=230 239 226 290 295 331 208 251 224
internal_value=-8.33058e-05 -0.000594297 1.13602e-05 -0.000735965 0.000136911 -0.00117868 0.00129369 -0.00428253
internal_weight=2294 2055 1829 1539 1309 978 546 432
internal_count=2294 2055 1829 1539 1309 978 546 432
is_linear=0
shrinkage=0.03


Tree=259
num_leaves=9
num_cat=0
split_feature=11 10 11 4 10 4 0 1
split_gain=6.52564 5.95495 5.76094 12.4235 9.1748 14.8438 8.59765 7.33956
threshold=-0.53413731199824233 1.896021053777978 0.60208593398919963 0.12727521823997331 1.9863702703843782 0.15688853847091822 0.52560945524744074 1.1537936009835088
decision_type=2 2 2 2 2 2 2 2
left_child=1 -1 3 -2 5 -4 -6 -5
right_child=2 -3 4 7 6 -7 -8 -9
leaf_value=-0.0065446436470503813 0.0089205402644432115 0.00045035817833468978 -0.0090490094816142851 -0.0036018109929668528 -0.00029329440007741384 0.0007577327408729807 0.0073805006842197068 0.003605690615226489
leaf_weight=211 225 221 215 218 365 375 200 291
leaf_count=211 225 221 215 218 365 375 200 291
internal_value=0.000303346 -0.00300197 0.00106518 0.0031337 -0.000257207 -0.00286192 0.00246401 0.000513775
internal_weight=2321 432 1889 734 1155 590 565 509
internal_count=2321 432 1889 734 1155 590 565 509
is_linear=0
shrinkage=0.03


Tree=260
num_leaves=9
num_cat=0
split_feature=5 6 6 0 2 6 0 1
split_gain=8.50824 5.21329 4.86647 4.77059 7.41717 8.8758 5.84716 11.4731
threshold=1.37686412589061 0.26469436503296223 0.14698663476610854 0.51853862885177859 0.46531661055480983 -0.08973953804586414 0.5285326841529211 1.3702467864651671
decision_type=2 8 10 2 2 10 2 2
left_child=-1 2 3 4 -2 -6 -5 -8
right_child=1 -3 -4 6 5 -7 7 -9
leaf_value=-0.0054162030487128025 0.0022899739486615983 0.0039937351788489183 -0.0046428599705298735 0.0061449671673336039 0.00015362768961737553 -0.0078341408895587997 -0.0032893239865971809 0.0052787743007511271
leaf_weight=260 305 289 202 209 265 232 329 238
leaf_count=260 305 289 202 209 265 232 329 238
internal_value=-0.000354926 0.000292622 -0.000317793 0.000248775 -0.00136967 -0.00361596 0.0019195 0.000321867
internal_weight=2329 2069 1780 1578 802 497 776 567
internal_count=2329 2069 1780 1578 802 497 776 567
is_linear=0
shrinkage=0.03


Tree=261
num_leaves=9
num_cat=0
split_feature=3 5 3 5 6 13 3 13
split_gain=4.08463 10.6995 7.85295 7.89533 8.04594 7.2326 10.4251 5.17158
threshold=0.78542781723519262 3.1099972718682283 0.62436894415103861 2.9486700650699325 -0.025078598649596658 3.5000000000000004 0.88579192546583918 1.5000000000000002
decision_type=2 2 2 2 8 2 2 2
left_child=2 5 7 4 -4 6 -2 -1
right_child=1 -3 3 -5 -6 -7 -8 -9
leaf_value=-0.00092260706271809416 0.0089051458838674217 -0.0034907271141098851 -0.0016937687026098542 0.00060891869389073584 -0.010037186680035004 -0.0016581463145046698 0.00075162265583163528 0.0049337862178227788
leaf_weight=330 286 293 210 278 206 200 276 224
leaf_count=330 286 293 210 278 206 200 276 224
internal_value=-2.88008e-05 0.00134193 -0.00118828 -0.00330427 -0.0058955 0.0032108 0.00494286 0.00146827
internal_weight=2303 1055 1248 694 416 762 562 554
internal_count=2303 1055 1248 694 416 762 562 554
is_linear=0
shrinkage=0.03


Tree=262
num_leaves=8
num_cat=0
split_feature=5 7 5 1 5 1 8
split_gain=3.91167 6.06237 4.55594 6.69233 7.09971 10.725 4.13071
threshold=3.7099085088129811 1.400888859030845 2.9108283122852567 1.8418759556259097 2.3905406156006079 0.79252168333055495 0.014999836590007844
decision_type=2 8 2 2 2 2 2
left_child=1 2 3 4 5 -1 -4
right_child=-2 -3 6 -5 -6 -7 -8
leaf_value=-0.0020920103390551642 -0.0041584181297641765 -0.0038754128270600103 0.004993174713708355 -0.0040938599672602502 -0.0028116751976658477 0.0060115292862037871 1.0397281942211767e-05
leaf_weight=238 204 286 350 304 290 371 259
leaf_count=238 204 286 350 304 290 371 259
internal_value=-0.000244475 0.000145081 0.000788581 -0.000283502 0.0010205 0.00285338 0.0028914
internal_weight=2302 2098 1812 1203 899 609 609
internal_count=2302 2098 1812 1203 899 609 609
is_linear=0
shrinkage=0.03


Tree=263
num_leaves=9
num_cat=0
split_feature=0 5 13 12 6 6 12 4
split_gain=5.11375 5.65983 10.9128 7.91925 7.26181 6.50357 5.2918 8.01919
threshold=0.48544156859141946 2.2911754741580679 1.0000000180025095e-35 -0.035692578850537719 -0.19968364965905336 -0.012764244409940338 0.011630989784151781 0.23436966449231664
decision_type=2 2 2 2 10 10 2 2
left_child=-1 2 -2 -3 -5 -4 -6 -8
right_child=1 3 5 4 6 -7 7 -9
leaf_value=0.0036786472853792612 0.0016591724776582322 0.0055631351585967749 -0.0088909138421644895 0.0042235587275193985 -0.0051034907326500513 -0.0016628013705698454 -0.004237273397866166 0.0026939767599105835
leaf_weight=246 284 212 258 213 299 200 256 349
leaf_count=246 284 212 258 213 299 200 256 349
internal_value=-0.000366981 -0.000855236 -0.00294469 0.000318002 -0.000697848 -0.00578658 -0.00187428 -0.000249608
internal_weight=2317 2071 742 1329 1117 458 904 605
internal_count=2317 2071 742 1329 1117 458 904 605
is_linear=0
shrinkage=0.03


Tree=264
num_leaves=9
num_cat=0
split_feature=9 1 11 0 1 9 8 6
split_gain=5.19026 4.62684 7.95044 6.1294 5.46457 6.29658 5.44547 4.57223
threshold=1.0247441004752063 0.64250260369043943 0.10569092355699865 0.53762032164317441 1.1537936009835088 0.76649180112974824 -0.02325297202033012 0.0096704236664593175
decision_type=2 2 2 2 2 2 2 10
left_child=1 -1 6 4 -4 -6 -3 -2
right_child=7 2 3 -5 5 -7 -8 -9
leaf_value=-0.0041726197738384714 0.0055772145579265813 -0.0010083786713389251 -0.0034736664715298527 -0.0056557708702236415 -0.0022680096449735972 0.0045721386120022908 0.0051365943357517289 -0.00024172841301128172
leaf_weight=278 253 203 291 245 206 281 348 229
leaf_count=278 253 203 291 245 206 281 348 229
internal_value=8.20497e-05 -0.000641057 -6.07432e-06 -0.00156913 -0.000254309 0.00168513 0.00288395 0.00283852
internal_weight=2334 1852 1574 1023 778 487 551 482
internal_count=2334 1852 1574 1023 778 487 551 482
is_linear=0
shrinkage=0.03


Tree=265
num_leaves=9
num_cat=0
split_feature=3 4 7 3 2 2 0 11
split_gain=6.29914 9.79752 7.1264 4.43995 5.88293 6.6752 3.92863 5.17155
threshold=0.85383406609940271 0.42918033625647961 0.26695630608909671 0.66376178722865709 0.36363636363636703 0.48999599839935698 0.53479648571958316 0.39151770906391165
decision_type=2 2 10 2 2 2 2 2
left_child=3 2 -2 4 -1 -6 7 -5
right_child=1 -3 -4 6 5 -7 -8 -9
leaf_value=-0.0025601923954329453 0.0087617475406342703 -0.0021478099758960932 0.0012186828873936694 -0.0062096524438734011 0.0069192871250785314 -0.00068445164430003735 0.0011666534787010666 -0.0010163428385727381
leaf_weight=266 228 263 222 317 203 206 219 377
leaf_count=266 228 263 222 317 203 206 219 377
internal_value=9.41347e-05 0.0024269 0.00509479 -0.00095759 0.000883795 0.00312752 -0.00231636 -0.00341595
internal_weight=2301 713 450 1588 675 409 913 694
internal_count=2301 713 450 1588 675 409 913 694
is_linear=0
shrinkage=0.03


Tree=266
num_leaves=10
num_cat=0
split_feature=8 11 6 8 2 8 9 9 9
split_gain=6.15149 10.4378 6.91235 12.689 8.07757 5.65098 6.21415 5.59302 5.13629
threshold=0.0083243485596487306 1.5428652372995633 -0.032229733526894948 -0.029596401560637833 0.64566929133858431 0.019093691865949083 0.74572626528125763 0.77181813047991921 0.92122088857292572
decision_type=2 2 8 2 2 2 2 2 2
left_child=1 2 3 -1 -5 -2 -7 -4 -8
right_child=5 -3 7 4 -6 6 8 -9 -10
leaf_value=-0.0059901103634468237 -0.0061866741813719267 -0.0049856688451714992 0.0085544515250943667 0.0072175018416090874 -0.0011509735148022141 -0.0052814089571062515 0.0040694011486727393 0.0021384879334523351 -0.0016203070739366574
leaf_weight=202 223 210 206 206 202 201 242 302 334
leaf_count=202 223 210 206 206 202 201 242 302 334
internal_value=-0.00026078 0.00107598 0.0022317 7.26643e-05 0.00311051 -0.00203251 -0.000808328 0.00479826 0.000784609
internal_weight=2328 1328 1118 610 408 1000 777 508 576
internal_count=2328 1328 1118 610 408 1000 777 508 576
is_linear=0
shrinkage=0.03


Tree=267
num_leaves=8
num_cat=0
split_feature=6 5 8 11 6 12 5
split_gain=4.81321 13.146 8.29474 4.79377 6.30185 3.43995 6.21943
threshold=-0.22904825764834549 1.4212880481009813 -0.030462251409807115 1.5082018055378517 -0.087375796953988158 0.0054613712787091049 2.7780940466100907
decision_type=10 2 2 2 10 2 2
left_child=-1 -2 -3 4 -4 -6 -7
right_child=1 2 3 -5 5 6 -8
leaf_value=0.0035270961853549692 -0.0072024131075067574 0.0051445472782806444 0.0043966966032050548 -0.0032992956770225984 0.0017552088242303275 -0.0052751031040551739 0.0016461138848161089
leaf_weight=365 210 301 295 354 302 268 201
leaf_count=365 210 301 295 354 302 268 201
internal_value=0.000392501 -0.000207583 0.000664333 -0.000300065 0.00070668 -0.000724426 -0.00232279
internal_weight=2296 1931 1721 1420 1066 771 469
internal_count=2296 1931 1721 1420 1066 771 469
is_linear=0
shrinkage=0.03


Tree=268
num_leaves=9
num_cat=0
split_feature=12 6 7 3 5 5 2 12
split_gain=6.62483 4.60597 6.50872 6.22843 12.1811 8.30988 7.56272 2.1158
threshold=-0.048614271430963189 -0.23395635782600518 1.3206159038195628 0.78542781723519262 2.9429670358652196 3.125326722398361 0.7167372881355939 0.017108567844746073
decision_type=2 8 10 2 2 2 2 2
left_child=-1 -2 3 4 7 6 -5 -3
right_child=1 2 -4 5 -6 -7 -8 -9
leaf_value=-0.003502533651714242 0.0043967157005388663 -0.0075172344373109256 0.0048562215254982794 0.0078716573555211323 0.0028932343576601595 -0.003458259720862865 0.0004740172021103485 -0.0033582367965787211
leaf_weight=348 293 203 241 212 253 206 293 267
leaf_count=348 293 203 241 212 253 206 293 267
internal_value=0.000283326 0.000959957 0.000347484 -0.000424501 -0.00237716 0.00156385 0.00362629 -0.00521479
internal_weight=2316 1968 1675 1434 723 711 505 470
internal_count=2316 1968 1675 1434 723 711 505 470
is_linear=0
shrinkage=0.03


Tree=269
num_leaves=8
num_cat=0
split_feature=6 5 8 9 9 7 5
split_gain=4.65194 6.4066 8.99582 5.3791 9.48538 4.48499 3.9982
threshold=-0.29336073926251416 1.37686412589061 -0.02994664557430126 0.67464581436527793 0.78994064808797193 0.33522482711986207 3.149635370701902
decision_type=10 2 2 2 2 8 2
left_child=-1 -2 -3 -4 -5 -6 -7
right_child=1 2 3 4 5 6 -8
leaf_value=0.0043039932530287497 -0.0050580971984584867 0.004798574144705599 -0.0049500954214233232 0.0044009530490944134 0.0013511704265115911 -0.0047585054167930095 8.2243341559877815e-06
leaf_weight=212 223 321 222 332 343 393 263
leaf_count=212 223 321 222 332 343 393 263
internal_value=0.000122313 -0.000309674 0.000267329 -0.000681659 4.61433e-05 -0.00141581 -0.00286185
internal_weight=2309 2097 1874 1553 1331 999 656
internal_count=2309 2097 1874 1553 1331 999 656
is_linear=0
shrinkage=0.03


Tree=270
num_leaves=9
num_cat=0
split_feature=0 0 14 8 4 4 5 1
split_gain=4.73658 5.29521 6.54651 12.082 5.21778 7.87019 7.04758 5.70366
threshold=0.52004308618123829 0.52769662717777921 1.0000000180025095e-35 0.024026894480627312 0.28819427902956579 0.14401772777286706 2.4090721277797011 0.90583769161834427
decision_type=2 2 2 2 2 2 2 2
left_child=4 -2 -3 -4 5 7 -6 -1
right_child=1 2 3 -5 6 -7 -8 -9
leaf_value=0.0054319114947182822 -0.0054911453510877216 -0.0035455565069113736 0.007069443898811323 -0.0024774835446049167 0.0077928445685781457 -0.004213376728864386 0.00063624266912844381 -0.0011306850517006672
leaf_weight=222 233 340 214 258 201 295 313 248
leaf_count=222 233 340 214 258 201 295 313 248
internal_value=-6.134e-05 -0.00155569 -0.000399739 0.00187973 0.00116092 -0.00041173 0.00348295 0.00199364
internal_weight=2324 1045 812 472 1279 765 514 470
internal_count=2324 1045 812 472 1279 765 514 470
is_linear=0
shrinkage=0.03


Tree=271
num_leaves=9
num_cat=0
split_feature=6 2 9 11 11 12 8 12
split_gain=3.80161 4.20133 4.65121 8.21072 8.43698 10.2961 4.92715 8.16745
threshold=0.33396647170180754 0.78896761133603133 1.0739338578194018 -0.3598067287576785 0.60208593398919963 0.01018952098437398 0.023011522701170819 0.0083862912509399274
decision_type=10 2 2 2 2 2 2 2
left_child=1 2 3 -1 5 -5 7 -6
right_child=-2 -3 -4 4 6 -7 -8 -9
leaf_value=-0.0036432273970471813 -0.0035163696138359912 -0.0023290202795975064 0.0048892820346602816 0.0096797370932859561 0.0018862968905456363 0.0004065292491258619 0.0032904843316405763 -0.0058470493540121815
leaf_weight=317 212 348 264 213 245 214 237 238
leaf_count=317 212 348 264 213 245 214 237 238
internal_value=0.000263041 0.000656513 0.00126275 0.000594372 0.00177626 0.00509077 -0.000210981 -0.0019452
internal_weight=2288 2076 1728 1464 1147 427 720 483
internal_count=2288 2076 1728 1464 1147 427 720 483
is_linear=0
shrinkage=0.03


Tree=272
num_leaves=8
num_cat=0
split_feature=10 5 0 14 0 0 11
split_gain=4.3531 7.22071 6.7708 6.42973 4.89758 6.39829 2.27558
threshold=1.4444875586461412 3.5684429650661036 0.53629248250861017 1.0000000180025095e-35 0.51799377147999792 0.50032502643489607 0.26055001754707902
decision_type=2 2 2 2 2 2 2
left_child=3 2 4 6 5 -2 -1
right_child=1 -3 -4 -5 -6 -7 -8
leaf_value=-0.003634796898266891 0.00011572662866699266 0.0030458736496264348 -0.0063353498066644996 0.0041518898108564633 0.0017907886414192848 -0.0055082030670748489 0.00084591123195955668
leaf_weight=200 369 249 309 343 317 354 200
leaf_count=200 369 249 309 343 317 354 200
internal_value=-0.000724655 -0.00160523 -0.00247181 0.00116729 -0.00129907 -0.00265682 -0.00141166
internal_weight=2341 1598 1349 743 1040 723 400
internal_count=2341 1598 1349 743 1040 723 400
is_linear=0
shrinkage=0.03


Tree=273
num_leaves=8
num_cat=0
split_feature=7 6 4 7 7 13 8
split_gain=4.63189 6.41694 8.5272 6.25942 5.82898 6.47954 5.66934
threshold=0.78283307402320501 -0.12463833674428408 0.15461011195755367 0.62539170112948694 0.47170752953772388 3.5000000000000004 -0.0060219553060403734
decision_type=8 8 2 10 10 2 2
left_child=3 -2 -3 4 5 6 -1
right_child=1 2 -4 -5 -6 -7 -8
leaf_value=7.1059479861677925e-05 -0.0055986202770347869 0.0041185293552814094 -0.003125631791044285 0.0059333300580711743 -0.0039378226264974378 -0.0020751640204950276 0.0056492371562645478
leaf_weight=308 254 257 326 204 230 332 346
leaf_count=308 254 257 326 204 230 332 346
internal_value=9.50041e-05 -0.00166933 7.56302e-05 0.00113717 0.000311552 0.00131765 0.00304268
internal_weight=2257 837 583 1420 1216 986 654
internal_count=2257 837 583 1420 1216 986 654
is_linear=0
shrinkage=0.03


Tree=274
num_leaves=9
num_cat=0
split_feature=8 10 0 13 12 10 11 3
split_gain=4.34402 12.8744 6.51552 6.32268 9.28738 6.70654 4.4703 8.08627
threshold=-0.020357459995465364 1.3688733398544033 0.49943620063349892 3.5000000000000004 0.019860195467828082 1.3394523090340527 0.97723161522910262 0.7882283805517748
decision_type=2 2 2 2 2 2 2 2
left_child=1 -1 -3 5 -5 -2 7 -7
right_child=3 2 -4 4 -6 6 -8 -9
leaf_value=-0.0070468023755344963 0.0069664494317212122 0.0055310959413243802 -0.0013880720003430131 -0.0055145292428054214 0.0028227219027283945 -0.0047017866848669586 0.0040126230494119224 0.0035250750354180733
leaf_weight=208 301 221 264 214 262 201 395 220
leaf_count=208 301 221 264 214 262 201 395 220
internal_value=0.00108381 -0.000894459 0.00178905 0.00194452 -0.000943898 0.00317411 0.00174132 -0.000411799
internal_weight=2286 693 485 1593 476 1117 816 421
internal_count=2286 693 485 1593 476 1117 816 421
is_linear=0
shrinkage=0.03


Tree=275
num_leaves=8
num_cat=0
split_feature=5 7 13 10 7 12 7
split_gain=5.38894 5.17104 5.0606 6.24631 9.9111 5.57356 5.28152
threshold=3.7099085088129811 1.4157985236919595 1.0000000180025095e-35 1.817143113741799 0.42235951692760287 0.0050839389940189337 0.38516027024562738
decision_type=2 8 2 2 10 2 10
left_child=1 2 6 5 -5 -4 -1
right_child=-2 -3 3 4 -6 -7 -8
leaf_value=-0.00022541138620182062 -0.0045424090754719463 -0.003301060584716891 0.00099754201651594977 0.0067149158204988305 -0.0011822556899620822 -0.0046534172640068303 0.0055345045864131585
leaf_weight=234 209 280 281 243 335 347 363
leaf_count=234 209 280 281 243 335 347 363
internal_value=-8.4576e-06 0.000456249 0.00104726 -7.38015e-05 0.00216695 -0.00213698 0.00329373
internal_weight=2292 2083 1803 1206 578 628 597
internal_count=2292 2083 1803 1206 578 628 597
is_linear=0
shrinkage=0.03


Tree=276
num_leaves=8
num_cat=0
split_feature=6 4 7 12 13 2 9
split_gain=4.4769 6.07831 6.09648 11.1948 9.33195 4.18018 4.12577
threshold=0.3257146318085366 0.65851932433738558 1.146198515777501 0.062738339076952768 1.5000000000000002 0.61466871584699323 0.76011125883583552
decision_type=10 2 10 2 2 2 2
left_child=1 2 3 4 5 -1 -6
right_child=-2 -3 -4 -5 6 -7 -8
leaf_value=-0.0070148942865004447 -0.0034609693010418633 0.0047679365469353654 0.0036840232763363906 0.0045172408618182943 0.004105472526379994 -0.001823312108059657 -0.0012696641958539559
leaf_weight=310 225 313 365 293 205 259 327
leaf_count=310 225 313 365 293 205 259 327
internal_value=0.000512155 0.000950893 0.000260091 -0.000646381 -0.00203474 -0.00468823 0.000820523
internal_weight=2297 2072 1759 1394 1101 569 532
internal_count=2297 2072 1759 1394 1101 569 532
is_linear=0
shrinkage=0.03


Tree=277
num_leaves=7
num_cat=0
split_feature=12 6 6 1 1 6
split_gain=3.92618 7.78909 7.09676 7.23433 4.94344 7.76719
threshold=-0.048614271430963189 -0.2311709877686646 0.046136553933024189 1.2449588213480609 1.4663034925563327 -0.083528140858951536
decision_type=2 8 10 2 2 10
left_child=-1 -2 4 -4 5 -3
right_child=1 2 3 -5 -6 -7
leaf_value=-0.0028546199197154168 0.0049018331882354086 -0.0001996244596380551 0.0055213277481351661 -0.00065932912636528819 0.00068818394292957414 -0.0071893255624470914
leaf_weight=341 314 290 304 378 399 278
leaf_count=341 314 290 304 378 399 278
internal_value=9.27291e-05 0.000610676 -0.000218788 0.00211582 -0.00186774 -0.00365352
internal_weight=2304 1963 1649 682 967 568
internal_count=2304 1963 1649 682 967 568
is_linear=0
shrinkage=0.03


Tree=278
num_leaves=9
num_cat=0
split_feature=12 12 11 11 11 11 7 12
split_gain=6.09505 6.79532 10.7156 8.38588 7.6165 8.60538 6.87934 2.53068
threshold=0.1062710057804004 -0.0066036306100286648 -0.14497231982775899 1.1316429896727784 -0.14497231982775899 0.45792443368666247 0.70502269423583208 0.032493485983192745
decision_type=2 2 2 2 2 2 10 2
left_child=1 2 -1 -4 -3 -6 7 -7
right_child=-2 4 3 -5 5 6 -8 -9
leaf_value=-0.0065874930700908106 -0.0044446903610652361 0.0058961512675741682 0.0037755188200909351 -0.0039065302071113013 -0.0047646355917762727 0.002176192370674959 -0.0011764017722444302 0.0069990515540830963
leaf_weight=265 254 305 320 206 213 200 330 200
leaf_count=265 254 305 320 206 213 200 330 200
internal_value=-0.000109263 0.000440357 -0.00172846 0.000758504 0.0018164 0.000472721 0.0020229 0.00464426
internal_weight=2293 2039 791 526 1248 943 730 400
internal_count=2293 2039 791 526 1248 943 730 400
is_linear=0
shrinkage=0.03


Tree=279
num_leaves=8
num_cat=0
split_feature=5 6 6 7 6 7 8
split_gain=3.90493 5.767 10.089 6.05393 7.54204 10.7219 2.93226
threshold=3.6342761851301728 -0.1169476960237829 -0.2311709877686646 1.0628977670188064 0.0025422704329431949 0.54389630267237965 0.012352947620511432
decision_type=2 10 8 10 10 8 2
left_child=1 2 -1 4 -3 6 -6
right_child=-2 3 -4 -5 5 -7 -8
leaf_value=0.0016823041651810623 0.0038923827766056051 0.0036351728109061459 -0.0054142837642176733 0.0048116406464340303 0.0034348050846816284 -0.0066831516354220119 -0.0015153318948862029
leaf_weight=329 254 341 389 307 223 249 200
leaf_count=329 254 341 389 307 223 249 200
internal_value=0.000422622 -1.82891e-05 -0.00217336 0.00115772 3.21629e-05 -0.00180949 0.00110395
internal_weight=2292 2038 718 1320 1013 672 423
internal_count=2292 2038 718 1320 1013 672 423
is_linear=0
shrinkage=0.03


Tree=280
num_leaves=8
num_cat=0
split_feature=0 8 8 11 7 1 1
split_gain=5.7512 7.5193 10.5912 4.57564 6.34511 6.63198 4.3115
threshold=0.50909104651124881 0.0010876400994656516 -0.030462251409807115 -0.077663577043840651 0.40729463766183399 1.1677960557874556 1.010225014535908
decision_type=2 2 2 2 10 2 2
left_child=1 2 -1 -2 6 -6 -5
right_child=3 -3 -4 4 5 -7 -8
leaf_value=0.0043166516180905808 -0.004071531461033606 0.0067491325787585052 -0.0030227207529822035 0.005575056189590949 -0.0062407581871095638 0.00028764969616813557 -0.00039478000830979893
leaf_weight=313 394 201 394 204 228 350 226
leaf_count=313 394 201 394 204 228 350 226
internal_value=-0.000149278 0.00170531 0.00023403 -0.00135219 -0.000274421 -0.00231901 0.00246895
internal_weight=2310 908 707 1402 1008 578 430
internal_count=2310 908 707 1402 1008 578 430
is_linear=0
shrinkage=0.03


Tree=281
num_leaves=9
num_cat=0
split_feature=5 6 2 2 12 0 12 5
split_gain=4.89164 4.13776 6.13487 9.99577 9.00188 8.39359 7.82225 5.87405
threshold=1.37686412589061 -0.26839648907923153 0.46531661055480983 0.54942266209871893 -0.028170502269042882 0.51881919122302012 -0.0053477388769557202 3.0027666568490354
decision_type=2 8 2 2 2 2 2 2
left_child=-1 -2 6 -4 -5 -6 -3 -7
right_child=1 2 3 4 5 7 -8 -9
leaf_value=-0.0043272563131910016 -0.0039733403977274036 0.0076784801160281095 -0.0061926939050440024 0.0060156700923266315 -0.0045073786395403957 0.004051462956704199 0.00027389611684979349 -0.0024101849154744672
leaf_weight=257 204 206 233 215 329 323 329 202
leaf_count=257 204 206 233 215 329 323 329 202
internal_value=-0.000468274 2.70312e-05 0.000480854 -0.00063191 0.00060331 -0.000786371 0.0031697 0.00156598
internal_weight=2298 2041 1837 1302 1069 854 535 525
internal_count=2298 2041 1837 1302 1069 854 535 525
is_linear=0
shrinkage=0.03


Tree=282
num_leaves=8
num_cat=0
split_feature=13 11 5 13 11 8 1
split_gain=6.79984 6.721 9.91065 6.2817 11.0763 8.48954 3.2446
threshold=1.0000000180025095e-35 0.10569092355699865 2.9711352257703552 2.5000000000000004 1.3102670105577696 0.014999836590007844 1.0834048786535344
decision_type=2 2 2 2 2 2 2
left_child=1 -1 -3 4 6 -5 -2
right_child=3 2 -4 5 -6 -7 -8
leaf_value=0.0052321436034868853 -0.0035001685034977384 -0.0041514250335871784 0.0040326554738357662 0.003244800640812227 0.0021638151535621738 -0.003102723192241987 -0.0084442682531806115
leaf_weight=306 244 280 245 397 204 354 254
leaf_count=306 244 280 245 397 204 354 254
internal_value=-0.000420984 0.00173709 -0.000330174 -0.00165695 -0.00368652 0.000252027 -0.00608073
internal_weight=2284 831 525 1453 702 751 498
internal_count=2284 831 525 1453 702 751 498
is_linear=0
shrinkage=0.03


Tree=283
num_leaves=9
num_cat=0
split_feature=11 6 1 12 6 3 3 11
split_gain=6.42234 9.2749 8.0285 8.52311 9.00474 9.90809 9.80416 5.02659
threshold=1.5082018055378517 0.22385155506903678 0.60969398175711342 -0.026631388837152433 -0.087375796953988158 0.79675769596433199 0.73088169140800718 1.9361932698627407
decision_type=2 8 2 2 10 2 2 2
left_child=1 2 -1 -4 5 -5 -6 -2
right_child=7 -3 3 4 6 -7 -8 -9
leaf_value=-0.0058251120402415301 -0.0065194667747859782 0.0056605135881414165 0.0047365987040447408 0.0062881505533890882 -0.0076400830562298114 -0.0025991064078833273 0.00018374286874526792 -0.00046937478582064304
leaf_weight=204 228 266 319 248 255 200 323 265
leaf_count=204 228 266 319 248 255 200 323 265
internal_value=-0.000286479 0.000540187 -0.000354478 0.00049377 -0.000841968 0.00233573 -0.00330387 -0.00330475
internal_weight=2308 1815 1549 1345 1026 448 578 493
internal_count=2308 1815 1549 1345 1026 448 578 493
is_linear=0
shrinkage=0.03


Tree=284
num_leaves=8
num_cat=0
split_feature=8 12 12 8 12 6 10
split_gain=5.03235 7.82405 11.0663 13.2276 7.24492 8.09974 6.12251
threshold=0.0095255391027702155 0.016409143928530937 -0.039229858721082582 -0.02303576630619511 -0.0046072227071287655 -0.011613730209041771 1.896021053777978
decision_type=2 2 2 2 2 8 2
left_child=1 2 -1 -4 -2 -6 -3
right_child=4 6 3 -5 5 -7 -8
leaf_value=-0.0011923453652308183 -0.0063156387953301968 -0.0047961558390243793 0.00063584071939624064 0.010437999046846943 0.0028908505898398002 -0.0033495984995059423 0.0017354034510020527
leaf_weight=334 221 266 234 260 376 363 243
leaf_count=334 221 266 234 260 376 363 243
internal_value=3.73066e-05 0.00122537 0.0030178 0.00584777 -0.0016151 -0.000176395 -0.0016914
internal_weight=2297 1337 828 494 960 739 509
internal_count=2297 1337 828 494 960 739 509
is_linear=0
shrinkage=0.03


Tree=285
num_leaves=9
num_cat=0
split_feature=6 5 11 5 9 11 1 12
split_gain=5.60025 9.78247 6.18196 6.90019 6.60169 7.51937 4.17998 3.00449
threshold=-0.30006996280256676 1.37686412589061 0.6680473869072111 2.5266450186133009 0.73445637251639895 -0.068864138874104322 0.93026085613074161 0.047860813593171021
decision_type=10 2 2 2 2 2 2 2
left_child=-1 -2 4 -4 -3 -6 -5 -8
right_child=1 2 3 6 5 -7 7 -9
leaf_value=0.004353912705645978 -0.0066401771687428822 0.0057901708624216123 -0.0066181126134289264 0.0026701915813824055 -0.0032649616542487193 0.0032455014645916603 -0.0036610752888730515 0.00094806723245533138
leaf_weight=201 227 250 201 256 307 322 337 200
leaf_count=201 227 250 201 256 307 322 337 200
internal_value=-0.000368021 -0.000829245 -0.00010918 -0.00172587 0.00171844 6.72097e-05 -0.000452148 -0.00195154
internal_weight=2301 2100 1873 994 879 629 793 537
internal_count=2301 2100 1873 994 879 629 793 537
is_linear=0
shrinkage=0.03


Tree=286
num_leaves=9
num_cat=0
split_feature=8 0 12 12 8 5 11 3
split_gain=6.32434 6.29762 5.84821 14.0637 9.69269 6.99966 4.70846 1.4519
threshold=0.045151563404313401 0.54676183890539465 0.017108567844746073 -0.0073227799208102065 0.0053904905430790561 2.0934690229142014 0.83772156270163178 0.78167761357416632
decision_type=2 2 2 2 2 2 2 2
left_child=1 2 3 5 7 -1 -7 -4
right_child=-2 -3 4 -5 -6 6 -8 -9
leaf_value=-0.0047460672056133099 0.0048154278968469896 -0.0050067329002348214 -0.0067369614298032829 0.0068159533123688994 0.0014836844777662049 0.0042656708174718559 -0.001729422667473757 -0.0031079860833700765
leaf_weight=259 201 261 222 302 384 238 225 204
leaf_count=259 201 261 222 302 384 238 225 204
internal_value=-0.0002013 -0.000692938 -6.70905e-05 0.00143666 -0.00196528 -0.000844802 0.00136494 -0.00505536
internal_weight=2296 2095 1834 1024 810 722 463 426
internal_count=2296 2095 1834 1024 810 722 463 426
is_linear=0
shrinkage=0.03


Tree=287
num_leaves=8
num_cat=0
split_feature=11 12 2 4 5 0 11
split_gain=6.59587 4.75047 7.82369 5.75452 10.0441 5.69934 1.90007
threshold=-0.91018201558767153 -0.027462626010019139 0.58349561096270419 0.091172624434092367 2.36757479876775 0.5232424611157459 1.3102670105577696
decision_type=2 2 2 2 2 2 2
left_child=-1 2 -2 -3 -5 6 -6
right_child=1 3 -4 4 5 -7 -8
leaf_value=0.0042573901792948548 -0.0019953471952565498 0.0021435382055710545 0.0057033952654100863 -0.006359000766522952 -0.004703052425993828 0.0020672180345211182 -0.00078258898799222977
leaf_weight=277 226 316 241 384 231 398 215
leaf_count=277 226 316 241 384 231 398 215
internal_value=-4.00709e-05 -0.000641104 0.001996 -0.00144259 -0.00237036 -0.000528859 -0.00284277
internal_weight=2288 2011 467 1544 1228 844 446
internal_count=2288 2011 467 1544 1228 844 446
is_linear=0
shrinkage=0.03


Tree=288
num_leaves=9
num_cat=0
split_feature=4 9 7 6 10 10 4 11
split_gain=4.02225 4.32781 4.20094 3.70221 11.4736 6.86338 8.06742 4.71
threshold=0.046587960676014555 1.1718152089081164 -0.018400392371439398 -0.11848459638137208 1.7525591004329215 1.622975494609898 0.3202512639329434 1.1316429896727784
decision_type=2 2 10 10 2 2 2 2
left_child=-1 2 -2 4 -4 6 -5 -7
right_child=1 -3 3 5 -6 7 -8 -9
leaf_value=0.0039425483077232329 -0.0030078705467886345 -0.0040277512858099326 -0.0053415141204596122 0.0013029796950973745 0.0033087229914638742 0.0026583161864612921 0.0093699318237784445 -0.0026676582682356492
leaf_weight=275 250 200 261 249 282 300 200 288
leaf_count=275 250 200 261 249 282 300 200 288
internal_value=0.000571833 0.000106644 0.000568234 0.00114178 -0.000859926 0.00218902 0.0049599 4.9178e-05
internal_weight=2305 2030 1830 1580 543 1037 449 588
internal_count=2305 2030 1830 1580 543 1037 449 588
is_linear=0
shrinkage=0.03


Tree=289
num_leaves=8
num_cat=0
split_feature=3 5 8 1 10 3 11
split_gain=4.96331 8.54574 6.53151 6.47689 7.0722 7.04363 5.73769
threshold=0.61080794076871026 1.6866670623309556 0.037784324307096558 1.1537936009835088 2.0131984994607333 0.81300301005486497 1.0646713530488112
decision_type=2 2 2 2 2 2 2
left_child=6 -2 3 4 -3 -5 -1
right_child=1 2 -4 5 -6 -7 -8
leaf_value=-0.00030490466475772157 0.0034197032160591333 -0.0077138374660431679 0.0028348176497193524 0.0020988778579048815 -0.00089988837361727888 -0.0039610162856602016 0.0061431949165912615
leaf_weight=305 315 357 212 355 223 327 204
leaf_count=305 315 357 212 355 223 327 204
internal_value=-0.000285791 -0.00102987 -0.00198911 -0.00280745 -0.00512407 -0.000814354 0.00231402
internal_weight=2298 1789 1474 1262 580 682 509
internal_count=2298 1789 1474 1262 580 682 509
is_linear=0
shrinkage=0.03


Tree=290
num_leaves=8
num_cat=0
split_feature=6 4 0 5 6 7 7
split_gain=6.40776 4.27849 4.67984 6.81708 7.08407 6.14857 5.0011
threshold=0.3257146318085366 0.68680698941095863 0.52197819926596434 2.7181277732741371 -0.081340662351859702 0.57036104576485791 0.43497983349760422
decision_type=10 2 2 2 10 10 10
left_child=1 2 3 5 -5 -1 -4
right_child=-2 -3 6 4 -6 -7 -8
leaf_value=0.00021087846307955087 -0.0045212668534328135 0.0040955844381188418 0.00085838221925415344 0.0029652819267996563 -0.0044845603945316706 0.0064350190587237335 -0.0039746259659385452
leaf_weight=258 227 288 378 200 257 316 385
leaf_count=258 227 288 378 200 257 316 385
internal_value=0.000209057 0.0007344 0.000184929 0.00150003 -0.00122743 0.00366339 -0.00159029
internal_weight=2309 2082 1794 1031 457 574 763
internal_count=2309 2082 1794 1031 457 574 763
is_linear=0
shrinkage=0.03


Tree=291
num_leaves=10
num_cat=0
split_feature=5 9 3 8 5 6 7 8 1
split_gain=7.96648 13.2516 3.82156 4.19209 8.93647 7.54034 8.60616 4.31658 4.39079
threshold=1.6866670623309556 0.76257697819596615 0.53225218658892193 -0.0089784329160477027 2.3322516955265633 -0.11848459638137208 0.64478412646447691 0.030982617253060746 1.220542520342206
decision_type=2 2 2 2 2 8 10 2 2
left_child=1 -1 -2 5 -5 -4 -7 8 -6
right_child=2 -3 3 4 7 6 -8 -9 -10
leaf_value=-0.0015785964244597517 0.0022931897911632349 0.0089545444150765721 -0.0042911652309467656 -0.0081860651380442299 -0.00016676178752360018 -0.0014796622954079031 0.0067263063766612582 0.0018918543182270126 -0.0057843291727297094
leaf_weight=221 263 202 217 213 259 238 215 253 238
leaf_count=221 263 202 217 213 259 238 215 253 238
internal_value=-0.000200984 0.00349726 -0.0010331 -0.00157417 -0.00283686 0.000248283 0.00244592 -0.00127353 -0.00288768
internal_weight=2319 423 1896 1633 963 670 453 750 497
internal_count=2319 423 1896 1633 963 670 453 750 497
is_linear=0
shrinkage=0.03


Tree=292
num_leaves=9
num_cat=0
split_feature=6 6 8 1 1 12 4 13
split_gain=3.6364 5.59126 8.76273 4.53303 5.65884 4.45775 4.23302 2.29812
threshold=-0.23395635782600518 -0.10604462376784844 -0.014061706070747618 0.90583769161834427 1.9688917958423724 0.0015559975362381408 0.18912435050499435 1.5000000000000002
decision_type=10 10 2 2 2 2 2 2
left_child=-1 5 6 -4 7 -2 -3 -5
right_child=1 2 3 4 -6 -7 -8 -9
leaf_value=0.0027915234791774613 -0.006561525091440615 -3.7266004335123865e-05 0.0015945438171229972 -0.0024420559720404089 0.001243206401529352 -0.00074449128240987815 0.005438674837511418 -0.0069926963969030309
leaf_weight=355 206 200 311 201 204 274 343 211
leaf_count=355 206 200 311 201 204 274 343 211
internal_value=2.07762e-05 -0.000489491 0.000430671 -0.00134097 -0.00282392 -0.00328288 0.00343982 -0.0048285
internal_weight=2305 1950 1470 927 616 480 543 412
internal_count=2305 1950 1470 927 616 480 543 412
is_linear=0
shrinkage=0.03


Tree=293
num_leaves=9
num_cat=0
split_feature=7 6 5 9 12 9 9 7
split_gain=4.07014 4.40829 8.32291 6.51896 12.4932 5.52406 6.9773 5.26131
threshold=1.4157985236919595 -0.29336073926251416 1.471729841541211 0.78682120158898428 0.035484405077472365 0.87704899251190438 0.94389407459422869 0.43497983349760422
decision_type=8 10 2 2 2 2 2 10
left_child=1 -1 -3 4 -4 -5 -7 -8
right_child=-2 2 3 5 -6 6 7 -9
leaf_value=0.0048079474589832853 -0.0030802288725972171 -0.005264853727398231 0.0067647713514029859 -0.0040542161061658888 -0.0023299183885359931 0.0055600893490198181 0.0020414047205759497 -0.0038035505589852159
leaf_weight=200 300 218 367 282 211 200 269 276
leaf_count=200 300 218 367 282 211 200 269 276
internal_value=0.000151261 0.000636886 0.000167383 0.000919278 0.00345323 -0.000516661 0.000840487 -0.000926278
internal_weight=2323 2023 1823 1605 578 1027 745 545
internal_count=2323 2023 1823 1605 578 1027 745 545
is_linear=0
shrinkage=0.03


Tree=294
num_leaves=10
num_cat=0
split_feature=9 2 12 1 1 7 2 1 1
split_gain=5.91441 4.05991 7.03608 6.53432 16.8437 6.16854 4.77471 6.71611 3.11493
threshold=0.62659298171518285 0.43229561715278836 0.0090667556370820374 0.90086252573545755 1.1738726773219528 0.17583923990400052 0.57352941176470607 2.2958136511916534 1.6077780052317527
decision_type=2 2 2 2 2 10 2 2 2
left_child=-1 2 -2 5 -5 -3 -6 8 -8
right_child=1 3 -4 4 6 -7 7 -9 -10
leaf_value=-0.0041024721146533929 0.0020667935057324081 0.0014351249485832428 -0.004768070452657573 -0.0065916819668749805 0.006279587081315814 0.0085187431109016356 0.0014248881830451882 0.0054888505220710149 -0.0037059937445446849
leaf_weight=234 267 243 266 236 209 202 212 202 205
leaf_count=234 267 243 266 236 209 202 212 202 205
internal_value=0.000364398 0.000885042 -0.00135684 0.00167877 0.000395108 0.00470954 0.00241412 0.00106913 -0.00111151
internal_weight=2276 2042 533 1509 1064 445 828 619 417
internal_count=2276 2042 533 1509 1064 445 828 619 417
is_linear=0
shrinkage=0.03


Tree=295
num_leaves=8
num_cat=0
split_feature=0 4 9 11 4 11 10
split_gain=3.43435 5.22686 2.96449 5.99336 6.71352 6.819 3.67456
threshold=0.55175137463575818 0.046587960676014555 0.67269882306647555 0.41108491781759066 0.55077135260634569 1.1572282683293904 1.6036540853765706
decision_type=2 2 2 2 2 2 2
left_child=1 -1 -3 6 5 -5 -4
right_child=-2 2 3 4 -6 -7 -8
leaf_value=0.003977157055152199 0.0036363722363791425 -0.003297946113796032 0.0003147805280476699 0.0035559110971759103 0.005801966438985868 -0.0026460221625135539 -0.0043700825022723044
leaf_weight=254 258 296 267 269 237 377 339
leaf_count=254 258 296 267 269 237 377 339
internal_value=0.000409946 -6.19918e-06 -0.000582545 -3.35161e-05 0.00154011 -5.60074e-05 -0.00232028
internal_weight=2297 2039 1785 1489 883 646 606
internal_count=2297 2039 1785 1489 883 646 606
is_linear=0
shrinkage=0.03


Tree=296
num_leaves=9
num_cat=0
split_feature=11 4 3 3 1 3 5 8
split_gain=5.55403 7.95463 6.52959 5.32982 6.7378 5.9277 4.87624 3.45503
threshold=0.60208593398919963 0.10185710484118916 0.71814308222590217 0.84444444444444433 0.76956539942864088 0.91601791025263823 3.0553979930986066 -0.0094953740814676738
decision_type=2 2 2 2 2 2 2 2
left_child=3 -2 -3 4 -1 -5 -4 -6
right_child=1 2 6 5 7 -7 -8 -9
leaf_value=-0.0046349309122972731 -0.0061192256501359276 0.0027808985442662978 -0.0052158591427422804 0.0076707693545096023 0.0041758751855196811 0.00055207402985718731 0.00064119260002836939 -0.00054618206019890877
leaf_weight=202 249 392 256 211 261 207 249 291
leaf_count=202 249 392 256 211 261 207 249 291
internal_value=4.94469e-05 -0.00143244 -0.000104722 0.00149839 -1.35939e-05 0.00419368 -0.00234995 0.00170397
internal_weight=2318 1146 897 1172 754 418 505 552
internal_count=2318 1146 897 1172 754 418 505 552
is_linear=0
shrinkage=0.03


Tree=297
num_leaves=9
num_cat=0
split_feature=0 0 1 2 1 12 9 7
split_gain=4.47002 3.79688 4.687 10.0338 5.49787 5.91709 4.41495 5.99946
threshold=0.55089441179890419 0.53893968114178703 0.90086252573545755 0.43511281224818671 1.0985311742906056 0.067606690575764475 0.71443515455215201 0.68268376449816215
decision_type=2 2 2 2 2 2 2 10
left_child=1 2 3 -1 -4 6 -6 -8
right_child=-2 -3 4 -5 5 -7 7 -9
leaf_value=-0.0023056438568541233 0.0038043435607873341 -0.0036653194483369589 -0.0052826781893292292 0.0053745015201018872 -0.0048646062920924349 0.004304903665800457 -0.0029252206021109094 0.0032210835228132255
leaf_weight=250 277 248 203 381 207 225 275 287
leaf_count=250 277 248 203 381 207 225 275 287
internal_value=0.00026024 -0.000220653 0.000255399 0.00233745 -0.000847314 8.04063e-05 -0.00117545 0.000214276
internal_weight=2353 2076 1828 631 1197 994 769 562
internal_count=2353 2076 1828 631 1197 994 769 562
is_linear=0
shrinkage=0.03


Tree=298
num_leaves=8
num_cat=0
split_feature=12 7 12 5 12 11 9
split_gain=5.32413 7.10293 9.11395 6.90725 6.70863 6.23575 4.13227
threshold=-0.046660889249388986 -0.0083126658150258475 0.012283870433488721 2.7469607448966258 0.065624291324966957 0.45792443368666247 0.83638227193728476
decision_type=2 10 2 2 2 2 2
left_child=-1 -2 5 6 -5 -3 -4
right_child=1 2 3 4 -6 -7 -8
leaf_value=-0.0040125257630210728 -0.0044806965384350901 0.00043340917676687235 -0.0010166979887404701 -0.0065434227476443545 0.00026113201955669239 0.0062740478617007555 0.0043499757046615625
leaf_weight=344 268 316 279 281 239 340 233
leaf_count=344 268 316 279 281 239 340 233
internal_value=-0.000599168 9.83682e-06 0.000733916 -0.00102329 -0.00344324 0.00348513 0.00144401
internal_weight=2300 1956 1688 1032 520 656 512
internal_count=2300 1956 1688 1032 520 656 512
is_linear=0
shrinkage=0.03


Tree=299
num_leaves=8
num_cat=0
split_feature=8 5 9 13 2 1 11
split_gain=7.24051 5.78284 5.49999 9.68969 10.7735 6.87683 2.07368
threshold=-0.036166642475866088 1.6866670623309556 0.92122088857292572 1.0000000180025095e-35 0.64566929133858431 0.94332583985822727 0.88643035320295938
decision_type=2 2 2 2 2 2 2
left_child=-1 -2 3 -3 -5 -4 -7
right_child=1 2 5 4 -6 6 -8
leaf_value=-0.0040126844007576466 0.0044881773937754986 -0.0026123597337076722 0.0021379718478815053 0.0069630227889138042 -0.00049569333282129229 -0.0020472517034716225 -0.0062902803529732831
leaf_weight=302 337 332 238 379 318 215 209
leaf_count=302 337 332 238 379 318 215 209
internal_value=0.000282399 0.000930298 0.000210105 0.00157962 0.00358076 -0.00191453 -0.00418768
internal_weight=2330 2028 1691 1029 697 662 424
internal_count=2330 2028 1691 1029 697 662 424
is_linear=0
shrinkage=0.03


end of trees

feature_importances:
rs7=256
ret30=210
stop_atr=196
approach=191
close_loc=179
vol_ratio=167
effort=167
cvd20=167
brk_atr=154
aggr=153
body=150
atr_ratio=134
range10=107
breadth=93
with_trend2=21

parameters:
[boosting: gbdt]
[objective: regression]
[metric: l2]
[tree_learner: serial]
[device_type: cpu]
[data_sample_strategy: bagging]
[data: ]
[valid: ]
[num_iterations: 300]
[learning_rate: 0.03]
[num_leaves: 15]
[num_threads: 0]
[seed: 7]
[deterministic: 0]
[force_col_wise: 0]
[force_row_wise: 0]
[histogram_pool_size: -1]
[max_depth: -1]
[min_data_in_leaf: 200]
[min_sum_hessian_in_leaf: 0.001]
[bagging_fraction: 0.8]
[pos_bagging_fraction: 1]
[neg_bagging_fraction: 1]
[bagging_freq: 1]
[bagging_seed: 17422]
[bagging_by_query: 0]
[feature_fraction: 0.8]
[feature_fraction_bynode: 1]
[feature_fraction_seed: 7040]
[extra_trees: 0]
[extra_seed: 6516]
[early_stopping_round: 0]
[early_stopping_min_delta: 0]
[first_metric_only: 0]
[max_delta_step: 0]
[lambda_l1: 0]
[lambda_l2: 5]
[linear_lambda: 0]
[min_gain_to_split: 0]
[drop_rate: 0.1]
[max_drop: 50]
[skip_drop: 0.5]
[xgboost_dart_mode: 0]
[uniform_drop: 0]
[drop_seed: 15215]
[top_rate: 0.2]
[other_rate: 0.1]
[min_data_per_group: 100]
[max_cat_threshold: 32]
[cat_l2: 10]
[cat_smooth: 10]
[max_cat_to_onehot: 4]
[top_k: 20]
[monotone_constraints: ]
[monotone_constraints_method: basic]
[monotone_penalty: 0]
[feature_contri: ]
[forcedsplits_filename: ]
[refit_decay_rate: 0.9]
[cegb_tradeoff: 1]
[cegb_penalty_split: 0]
[cegb_penalty_feature_lazy: ]
[cegb_penalty_feature_coupled: ]
[path_smooth: 0]
[interaction_constraints: ]
[verbosity: -1]
[saved_feature_importance_type: 0]
[use_quantized_grad: 0]
[num_grad_quant_bins: 4]
[quant_train_renew_leaf: 0]
[stochastic_rounding: 1]
[linear_tree: 0]
[max_bin: 255]
[max_bin_by_feature: ]
[min_data_in_bin: 3]
[bin_construct_sample_cnt: 200000]
[data_random_seed: 61]
[is_enable_sparse: 1]
[enable_bundle: 1]
[use_missing: 1]
[zero_as_missing: 0]
[feature_pre_filter: 1]
[pre_partition: 0]
[two_round: 0]
[header: 0]
[label_column: ]
[weight_column: ]
[group_column: ]
[ignore_column: ]
[categorical_feature: ]
[forcedbins_filename: ]
[precise_float_parser: 0]
[parser_config_file: ]
[objective_seed: 15521]
[num_class: 1]
[is_unbalance: 0]
[scale_pos_weight: 1]
[sigmoid: 1]
[boost_from_average: 1]
[reg_sqrt: 0]
[alpha: 0.9]
[fair_c: 1]
[poisson_max_delta_step: 0.7]
[tweedie_variance_power: 1.5]
[lambdarank_truncation_level: 30]
[lambdarank_norm: 1]
[label_gain: ]
[lambdarank_position_bias_regularization: 0]
[eval_at: ]
[multi_error_top_k: 1]
[auc_mu_weights: ]
[num_machines: 1]
[local_listen_port: 12400]
[time_out: 120]
[machine_list_filename: ]
[machines: ]
[gpu_platform_id: -1]
[gpu_device_id: -1]
[gpu_device_id_list: ]
[gpu_use_dp: 0]
[num_gpu: 1]

end of parameters

pandas_categorical:[]
