cfg,symbol,t,r,bybit
4σ прокол 0.2%,USTCUSDT,2025-07-03 00:05:00+00:00,0.014252780004974274,True
4σ,USTCUSDT,2025-07-03 00:05:00+00:00,0.014252780004974274,True
4σ,PUNDIXUSDT,2025-07-03 15:35:00+00:00,0.013641123792785103,True
4σ прокол 0.2%,PUNDIXUSDT,2025-07-03 15:35:00+00:00,0.013641123792785103,True
6σ,BRUSDT,2025-07-03 16:41:00+00:00,0.0034166671862107647,True
6σ стоп 5D,BRUSDT,2025-07-03 16:41:00+00:00,-0.03862753993458087,True
6σ прокол 0.2%,BRUSDT,2025-07-03 16:41:00+00:00,0.0034166671862107647,True
4σ,GPSUSDT,2025-07-04 02:16:00+00:00,0.01684541685279757,True
6σ,BROCCOLIF3BUSDT,2025-07-04 06:22:00+00:00,0.029406624137939777,False
6σ прокол 0.2%,BROCCOLIF3BUSDT,2025-07-04 06:22:00+00:00,0.029406624137939777,False
6σ стоп 5D,BROCCOLIF3BUSDT,2025-07-04 06:22:00+00:00,0.029406624137939777,False
4σ,BIOUSDT,2025-07-04 13:57:00+00:00,0.0177352000241537,True
4σ прокол 0.2%,BIOUSDT,2025-07-04 13:57:00+00:00,0.0177352000241537,True
6σ стоп 5D,BMTUSDT,2025-07-05 17:09:00+00:00,-0.25913565441199476,True
6σ прокол 0.2%,BMTUSDT,2025-07-05 17:09:00+00:00,-0.14797245016609936,True
6σ,BMTUSDT,2025-07-05 17:09:00+00:00,-0.14797245016609936,True
6σ,SOONUSDT,2025-07-05 17:10:00+00:00,-0.07501011374526576,True
6σ стоп 5D,SOONUSDT,2025-07-05 17:10:00+00:00,-0.07501011374526576,True
6σ прокол 0.2%,HIFIUSDT,2025-07-05 17:10:00+00:00,-0.14278322723358625,True
6σ прокол 0.2%,OBOLUSDT,2025-07-05 17:10:00+00:00,-0.07578364434882975,True
6σ,HIFIUSDT,2025-07-05 17:10:00+00:00,-0.14278322723358625,True
6σ стоп 5D,HIFIUSDT,2025-07-05 17:10:00+00:00,-0.14278322723358625,True
6σ прокол 0.2%,SOONUSDT,2025-07-05 17:10:00+00:00,-0.07501011374526576,True
6σ стоп 5D,OBOLUSDT,2025-07-05 17:10:00+00:00,-0.07578364434882975,True
6σ,OBOLUSDT,2025-07-05 17:10:00+00:00,-0.07578364434882975,True
4σ,FLMUSDT,2025-07-05 17:14:00+00:00,0.052268470079833665,True
4σ прокол 0.2%,FLMUSDT,2025-07-05 17:14:00+00:00,0.052268470079833665,True
4σ,APEUSDT,2025-07-06 03:48:00+00:00,-0.00607837763636107,True
6σ,APEUSDT,2025-07-06 03:48:00+00:00,0.014724098155886222,True
6σ стоп 5D,APEUSDT,2025-07-06 03:48:00+00:00,0.014724098155886222,True
6σ прокол 0.2%,APEUSDT,2025-07-06 03:48:00+00:00,0.014724098155886222,True
4σ прокол 0.2%,APEUSDT,2025-07-06 03:48:00+00:00,-0.00607837763636107,True
6σ,BRUSDT,2025-07-07 14:46:00+00:00,0.008011818978290685,True
6σ стоп 5D,BRUSDT,2025-07-07 14:46:00+00:00,0.008011818978290685,True
6σ прокол 0.2%,BRUSDT,2025-07-07 14:46:00+00:00,0.008011818978290685,True
4σ прокол 0.2%,1000000BOBUSDT,2025-07-07 16:22:00+00:00,0.038824292394977936,False
4σ,1000000BOBUSDT,2025-07-07 16:22:00+00:00,0.038824292394977936,False
4σ,B2USDT,2025-07-08 04:40:00+00:00,0.01512358825234279,True
4σ прокол 0.2%,B2USDT,2025-07-08 04:40:00+00:00,0.01512358825234279,True
6σ прокол 0.2%,MELANIAUSDT,2025-07-08 06:29:00+00:00,0.029734263270586328,True
6σ стоп 5D,MELANIAUSDT,2025-07-08 06:29:00+00:00,0.029734263270586328,True
4σ,MELANIAUSDT,2025-07-08 06:29:00+00:00,0.019293868697623576,True
4σ прокол 0.2%,MELANIAUSDT,2025-07-08 06:29:00+00:00,0.019293868697623576,True
6σ,MELANIAUSDT,2025-07-08 06:29:00+00:00,0.029734263270586328,True
6σ,AGTUSDT,2025-07-09 10:20:00+00:00,0.04419772446336219,True
6σ стоп 5D,AGTUSDT,2025-07-09 10:20:00+00:00,0.04419772446336219,True
6σ прокол 0.2%,AGTUSDT,2025-07-09 10:20:00+00:00,0.04419772446336219,True
6σ стоп 5D,BRUSDT,2025-07-09 10:34:00+00:00,-0.10010403722266933,True
6σ,BRUSDT,2025-07-09 10:34:00+00:00,-0.4297923838021895,True
6σ прокол 0.2%,BRUSDT,2025-07-09 10:34:00+00:00,-0.4297923838021895,True
6σ стоп 5D,GRASSUSDT,2025-07-09 13:23:00+00:00,0.02337802032335271,True
6σ,GRASSUSDT,2025-07-09 13:23:00+00:00,0.02337802032335271,True
6σ прокол 0.2%,GRASSUSDT,2025-07-09 13:23:00+00:00,0.02337802032335271,True
4σ,EPTUSDT,2025-07-10 04:59:00+00:00,0.024838110609244304,True
4σ прокол 0.2%,EPTUSDT,2025-07-10 04:59:00+00:00,0.024838110609244304,True
6σ прокол 0.2%,IOTAUSDT,2025-07-10 16:27:00+00:00,0.022568094487091586,True
4σ,IOTAUSDT,2025-07-10 16:27:00+00:00,0.014681139631376582,True
4σ прокол 0.2%,IOTAUSDT,2025-07-10 16:27:00+00:00,0.014681139631376582,True
6σ,IOTAUSDT,2025-07-10 16:27:00+00:00,0.022568094487091586,True
6σ стоп 5D,IOTAUSDT,2025-07-10 16:27:00+00:00,0.022568094487091586,True
6σ прокол 0.2%,AGTUSDT,2025-07-11 09:11:00+00:00,0.07268609603197679,True
6σ,AGTUSDT,2025-07-11 09:11:00+00:00,0.07268609603197679,True
6σ стоп 5D,AGTUSDT,2025-07-11 09:11:00+00:00,0.07268609603197679,True
6σ прокол 0.2%,TSTUSDT,2025-07-11 11:32:00+00:00,0.11695565402619595,False
6σ стоп 5D,TSTUSDT,2025-07-11 11:32:00+00:00,0.11695565402619595,False
6σ,TSTUSDT,2025-07-11 11:32:00+00:00,0.11695565402619595,False
6σ,LAUSDT,2025-07-11 11:50:00+00:00,0.08711335632479472,True
4σ,LAUSDT,2025-07-11 11:50:00+00:00,0.04325795985051564,True
6σ прокол 0.2%,LAUSDT,2025-07-11 11:50:00+00:00,0.08711335632479472,True
4σ прокол 0.2%,LAUSDT,2025-07-11 11:50:00+00:00,0.04325795985051564,True
6σ стоп 5D,LAUSDT,2025-07-11 11:50:00+00:00,0.08711335632479472,True
4σ прокол 0.2%,DRIFTUSDT,2025-07-11 12:47:00+00:00,-0.03494634889915746,True
4σ,DRIFTUSDT,2025-07-11 12:47:00+00:00,-0.03494634889915746,True
4σ прокол 0.2%,QTUMUSDT,2025-07-11 18:00:00+00:00,0.019767530739341635,True
4σ,QTUMUSDT,2025-07-11 18:00:00+00:00,0.019767530739341635,True
4σ,SKATEUSDT,2025-07-14 01:19:00+00:00,0.02323297371341844,True
4σ прокол 0.2%,SKATEUSDT,2025-07-14 01:19:00+00:00,0.02323297371341844,True
6σ прокол 0.2%,BRUSDT,2025-07-14 14:47:00+00:00,0.005431760472383652,True
6σ стоп 5D,BRUSDT,2025-07-14 14:47:00+00:00,0.005431760472383652,True
6σ,BRUSDT,2025-07-14 14:47:00+00:00,0.005431760472383652,True
4σ прокол 0.2%,UMAUSDT,2025-07-15 15:18:00+00:00,0.025676310739572064,True
4σ,UMAUSDT,2025-07-15 15:18:00+00:00,0.025676310739572064,True
6σ стоп 5D,BRUSDT,2025-07-16 23:15:00+00:00,0.005074378326821628,True
6σ,BRUSDT,2025-07-16 23:15:00+00:00,0.005074378326821628,True
6σ прокол 0.2%,BRUSDT,2025-07-16 23:15:00+00:00,0.005074378326821628,True
4σ прокол 0.2%,BROCCOLI714USDT,2025-07-17 02:09:00+00:00,0.028335549623649217,False
4σ,BROCCOLI714USDT,2025-07-17 02:09:00+00:00,0.028335549623649217,False
4σ,SPKUSDT,2025-07-17 13:45:00+00:00,0.03413200377623378,True
4σ прокол 0.2%,SPKUSDT,2025-07-17 13:45:00+00:00,0.03413200377623378,True
4σ прокол 0.2%,ARKUSDT,2025-07-18 06:08:00+00:00,0.018178579547423815,True
4σ,ARKUSDT,2025-07-18 06:08:00+00:00,0.018178579547423815,True
6σ прокол 0.2%,BRUSDT,2025-07-18 15:54:00+00:00,0.004413792288709263,True
6σ стоп 5D,BRUSDT,2025-07-18 15:54:00+00:00,-0.048428890337807035,True
6σ,BRUSDT,2025-07-18 15:54:00+00:00,0.004413792288709263,True
4σ прокол 0.2%,1000000BOBUSDT,2025-07-19 05:10:00+00:00,0.0589840957651941,False
4σ,1000000BOBUSDT,2025-07-19 05:10:00+00:00,0.0589840957651941,False
6σ,BRUSDT,2025-07-19 15:53:00+00:00,0.0055473538195464755,True
6σ прокол 0.2%,BRUSDT,2025-07-19 15:53:00+00:00,0.0055473538195464755,True
6σ стоп 5D,BRUSDT,2025-07-19 15:53:00+00:00,0.0055473538195464755,True
6σ,TSTUSDT,2025-07-20 12:31:00+00:00,0.02366010539710235,False
6σ стоп 5D,TSTUSDT,2025-07-20 12:31:00+00:00,0.02366010539710235,False
6σ прокол 0.2%,TSTUSDT,2025-07-20 12:31:00+00:00,0.02366010539710235,False
6σ стоп 5D,BRUSDT,2025-07-20 12:34:00+00:00,0.014479941208953306,True
6σ,BRUSDT,2025-07-20 12:34:00+00:00,0.014479941208953306,True
6σ прокол 0.2%,BRUSDT,2025-07-20 12:34:00+00:00,0.014479941208953306,True
6σ прокол 0.2%,AGTUSDT,2025-07-20 17:24:00+00:00,0.059983238462287994,True
6σ стоп 5D,AGTUSDT,2025-07-20 17:24:00+00:00,0.059983238462287994,True
6σ,AGTUSDT,2025-07-20 17:24:00+00:00,0.059983238462287994,True
6σ прокол 0.2%,BRUSDT,2025-07-21 12:59:00+00:00,0.006111319735894584,True
6σ,BRUSDT,2025-07-21 12:59:00+00:00,0.006111319735894584,True
6σ стоп 5D,BRUSDT,2025-07-21 12:59:00+00:00,0.006111319735894584,True
4σ,ENSUSDT,2025-07-21 14:31:00+00:00,0.027215064384253654,True
4σ прокол 0.2%,ENSUSDT,2025-07-21 14:31:00+00:00,0.027215064384253654,True
6σ,BRUSDT,2025-07-22 01:59:00+00:00,-0.28551712406323276,True
6σ стоп 5D,BRUSDT,2025-07-22 01:59:00+00:00,-0.08802715914223666,True
6σ прокол 0.2%,BRUSDT,2025-07-22 01:59:00+00:00,-0.28551712406323276,True
6σ стоп 5D,GMTUSDT,2025-07-23 13:44:00+00:00,0.03904386817886403,True
6σ прокол 0.2%,GMTUSDT,2025-07-23 13:44:00+00:00,0.03904386817886403,True
6σ,GMTUSDT,2025-07-23 13:44:00+00:00,0.03904386817886403,True
4σ прокол 0.2%,SWELLUSDT,2025-07-23 15:47:00+00:00,-0.14977555152166808,True
4σ,SWELLUSDT,2025-07-23 15:47:00+00:00,-0.14977555152166808,True
6σ прокол 0.2%,SWELLUSDT,2025-07-23 15:47:00+00:00,-0.09221952503494266,True
6σ стоп 5D,SWELLUSDT,2025-07-23 15:47:00+00:00,-0.09221952503494266,True
6σ,SWELLUSDT,2025-07-23 15:47:00+00:00,-0.09221952503494266,True
4σ,ALPINEUSDT,2025-07-23 17:19:00+00:00,0.02135355294214976,True
4σ прокол 0.2%,FUSDT,2025-07-23 22:36:00+00:00,-3.2171595408330604e-05,True
4σ,FUSDT,2025-07-23 22:36:00+00:00,-3.2171595408330604e-05,True
6σ,BRUSDT,2025-07-24 03:01:00+00:00,0.007154943707795082,True
6σ стоп 5D,BRUSDT,2025-07-24 03:01:00+00:00,0.007154943707795082,True
6σ прокол 0.2%,BRUSDT,2025-07-24 03:01:00+00:00,0.007154943707795082,True
6σ прокол 0.2%,ZROUSDT,2025-07-24 06:54:00+00:00,0.04791417349156686,True
6σ,ZROUSDT,2025-07-24 06:54:00+00:00,0.04791417349156686,True
6σ стоп 5D,ZROUSDT,2025-07-24 06:54:00+00:00,0.04791417349156686,True
4σ,ZROUSDT,2025-07-24 06:54:00+00:00,0.03080437332341575,True
4σ прокол 0.2%,ZROUSDT,2025-07-24 06:54:00+00:00,0.03080437332341575,True
4σ прокол 0.2%,ICNTUSDT,2025-07-27 02:04:00+00:00,0.015489600013066459,True
4σ,ICNTUSDT,2025-07-27 02:04:00+00:00,0.015489600013066459,True
6σ,ICNTUSDT,2025-07-27 02:04:00+00:00,0.04366583817882215,True
6σ стоп 5D,ICNTUSDT,2025-07-27 02:04:00+00:00,0.04366583817882215,True
6σ прокол 0.2%,ICNTUSDT,2025-07-27 02:04:00+00:00,0.04366583817882215,True
4σ,ALTUSDT,2025-07-27 07:00:00+00:00,0.014116747345272306,True
6σ,OBOLUSDT,2025-07-27 08:37:00+00:00,0.12426541475077951,True
6σ стоп 5D,OBOLUSDT,2025-07-27 08:37:00+00:00,0.12426541475077951,True
6σ прокол 0.2%,OBOLUSDT,2025-07-27 08:37:00+00:00,0.12426541475077951,True
4σ,PAXGUSDT,2025-07-27 22:00:00+00:00,0.0007505194717729151,True
4σ,KMNOUSDT,2025-07-27 22:26:00+00:00,0.013605715581077992,True
4σ прокол 0.2%,KMNOUSDT,2025-07-27 22:26:00+00:00,0.013605715581077992,True
4σ,MBOXUSDT,2025-07-28 00:22:00+00:00,0.016983940028934844,True
4σ прокол 0.2%,MBOXUSDT,2025-07-28 00:22:00+00:00,0.016983940028934844,True
4σ,SQDUSDT,2025-07-28 17:34:00+00:00,0.025586638637469197,True
4σ прокол 0.2%,SQDUSDT,2025-07-28 17:34:00+00:00,0.025586638637469197,True
4σ прокол 0.2%,BANANAUSDT,2025-07-29 07:38:00+00:00,-0.008292552230429432,True
4σ,BANANAUSDT,2025-07-29 07:38:00+00:00,-0.008292552230429432,True
6σ прокол 0.2%,BRUSDT,2025-07-29 12:07:00+00:00,0.004220103707510648,True
6σ стоп 5D,BRUSDT,2025-07-29 12:07:00+00:00,-0.04652803850427331,True
6σ,BRUSDT,2025-07-29 12:07:00+00:00,0.004220103707510648,True
4σ,BTCDOMUSDT,2025-07-29 21:07:00+00:00,0.009372011421681047,False
6σ,BTCDOMUSDT,2025-07-29 21:07:00+00:00,0.014402668982894173,False
4σ прокол 0.2%,BTCDOMUSDT,2025-07-29 21:07:00+00:00,0.009372011421681047,False
6σ прокол 0.2%,BTCDOMUSDT,2025-07-29 21:07:00+00:00,0.014402668982894173,False
6σ стоп 5D,BTCDOMUSDT,2025-07-29 21:07:00+00:00,0.014402668982894173,False
4σ прокол 0.2%,ICNTUSDT,2025-07-30 08:31:00+00:00,0.0746091879117507,True
4σ,ICNTUSDT,2025-07-30 08:31:00+00:00,0.0746091879117507,True
4σ прокол 0.2%,ASRUSDT,2025-07-30 13:20:00+00:00,0.05243707941371341,True
6σ стоп 5D,ASRUSDT,2025-07-30 13:20:00+00:00,0.08327686001845519,True
4σ,ASRUSDT,2025-07-30 13:20:00+00:00,0.05243707941371341,True
6σ,ASRUSDT,2025-07-30 13:20:00+00:00,0.08327686001845519,True
6σ прокол 0.2%,ASRUSDT,2025-07-30 13:20:00+00:00,0.08327686001845519,True
4σ,TRUUSDT,2025-07-30 19:06:00+00:00,0.028821080481712127,True
4σ прокол 0.2%,EPTUSDT,2025-08-01 01:11:00+00:00,-0.010874399970306564,True
4σ,EPTUSDT,2025-08-01 01:11:00+00:00,-0.010874399970306564,True
6σ прокол 0.2%,EPTUSDT,2025-08-01 01:11:00+00:00,0.00855434132091129,True
6σ стоп 5D,EPTUSDT,2025-08-01 01:11:00+00:00,0.00855434132091129,True
6σ,EPTUSDT,2025-08-01 01:11:00+00:00,0.00855434132091129,True
4σ,CROSSUSDT,2025-08-01 06:20:00+00:00,0.03392989118346974,True
6σ прокол 0.2%,BRUSDT,2025-08-01 07:09:00+00:00,0.004231243068462743,True
6σ стоп 5D,BRUSDT,2025-08-01 07:09:00+00:00,0.004231243068462743,True
6σ,BRUSDT,2025-08-01 07:09:00+00:00,0.004231243068462743,True
4σ,CTKUSDT,2025-08-01 07:32:00+00:00,0.02333121777221754,True
4σ прокол 0.2%,YFIUSDT,2025-08-01 16:00:00+00:00,0.02057964018826515,True
4σ,YFIUSDT,2025-08-01 16:00:00+00:00,0.02057964018826515,True
6σ,BRUSDT,2025-08-02 20:27:00+00:00,0.004116109580179118,True
6σ стоп 5D,BRUSDT,2025-08-02 20:27:00+00:00,0.004116109580179118,True
6σ прокол 0.2%,BRUSDT,2025-08-02 20:27:00+00:00,0.004116109580179118,True
4σ прокол 0.2%,1000CHEEMSUSDT,2025-08-03 00:45:00+00:00,0.021441078340197886,False
4σ,1000CHEEMSUSDT,2025-08-03 00:45:00+00:00,0.021441078340197886,False
6σ прокол 0.2%,BRUSDT,2025-08-04 09:04:00+00:00,0.004395677375825092,True
6σ,BRUSDT,2025-08-04 09:04:00+00:00,0.004395677375825092,True
6σ стоп 5D,BRUSDT,2025-08-04 09:04:00+00:00,0.004395677375825092,True
6σ стоп 5D,TSTUSDT,2025-08-04 19:14:00+00:00,0.016688167730567874,False
6σ,TSTUSDT,2025-08-04 19:14:00+00:00,0.016688167730567874,False
6σ прокол 0.2%,TSTUSDT,2025-08-04 19:14:00+00:00,0.016688167730567874,False
4σ,ANKRUSDT,2025-08-04 20:56:00+00:00,0.012737070619660739,True
4σ прокол 0.2%,ANKRUSDT,2025-08-04 20:56:00+00:00,0.012737070619660739,True
6σ стоп 5D,BROCCOLI714USDT,2025-08-05 03:42:00+00:00,-0.02406439446292338,False
4σ,BROCCOLI714USDT,2025-08-05 03:42:00+00:00,-0.06111696150581078,False
4σ прокол 0.2%,BROCCOLI714USDT,2025-08-05 03:42:00+00:00,-0.06111696150581078,False
6σ прокол 0.2%,BROCCOLI714USDT,2025-08-05 03:42:00+00:00,-0.02406439446292338,False
6σ,BROCCOLI714USDT,2025-08-05 03:42:00+00:00,-0.02406439446292338,False
6σ стоп 5D,EPTUSDT,2025-08-05 03:54:00+00:00,0.03181338421609321,True
4σ прокол 0.2%,EPTUSDT,2025-08-05 03:54:00+00:00,-0.021214514307384715,True
4σ,EPTUSDT,2025-08-05 03:54:00+00:00,-0.021214514307384715,True
6σ,EPTUSDT,2025-08-05 03:54:00+00:00,0.03181338421609321,True
6σ прокол 0.2%,EPTUSDT,2025-08-05 03:54:00+00:00,0.03181338421609321,True
6σ,BRUSDT,2025-08-05 08:05:00+00:00,0.004659308323734691,True
6σ прокол 0.2%,BRUSDT,2025-08-05 08:05:00+00:00,0.004659308323734691,True
6σ стоп 5D,BRUSDT,2025-08-05 08:05:00+00:00,0.004659308323734691,True
6σ,TSTUSDT,2025-08-07 01:50:00+00:00,-0.38312249563838924,False
6σ стоп 5D,TSTUSDT,2025-08-07 01:50:00+00:00,-0.38312249563838924,False
6σ прокол 0.2%,TSTUSDT,2025-08-07 01:50:00+00:00,-0.38312249563838924,False
4σ прокол 0.2%,SIGNUSDT,2025-08-07 07:39:00+00:00,0.012752671683152483,True
4σ,SIGNUSDT,2025-08-07 07:39:00+00:00,0.012752671683152483,True
4σ прокол 0.2%,BULLAUSDT,2025-08-07 08:15:00+00:00,-0.15096776930029474,False
4σ,BULLAUSDT,2025-08-07 08:15:00+00:00,-0.15096776930029474,False
4σ,PAXGUSDT,2025-08-07 21:05:00+00:00,0.0026274271489116876,True
4σ прокол 0.2%,SAGAUSDT,2025-08-10 01:18:00+00:00,0.011877545897704761,True
4σ,SAGAUSDT,2025-08-10 01:18:00+00:00,0.011877545897704761,True
4σ прокол 0.2%,AEROUSDT,2025-08-10 03:23:00+00:00,0.042479163902848074,True
4σ,AEROUSDT,2025-08-10 03:23:00+00:00,0.042479163902848074,True
6σ стоп 5D,BRUSDT,2025-08-10 08:31:00+00:00,0.0036565709025393025,True
6σ,BRUSDT,2025-08-10 08:31:00+00:00,0.0036565709025393025,True
6σ прокол 0.2%,BRUSDT,2025-08-10 08:31:00+00:00,0.0036565709025393025,True
4σ прокол 0.2%,HIPPOUSDT,2025-08-10 13:47:00+00:00,0.03787010233408701,True
4σ,HIPPOUSDT,2025-08-10 13:47:00+00:00,0.03787010233408701,True
4σ,REZUSDT,2025-08-10 17:30:00+00:00,0.04765059827138836,True
4σ прокол 0.2%,REZUSDT,2025-08-10 17:30:00+00:00,0.04765059827138836,True
6σ стоп 5D,TSTUSDT,2025-08-10 21:36:00+00:00,0.028026121186912126,False
6σ,TSTUSDT,2025-08-10 21:36:00+00:00,0.028026121186912126,False
6σ прокол 0.2%,TSTUSDT,2025-08-10 21:36:00+00:00,0.028026121186912126,False
6σ,FHEUSDT,2025-08-11 04:58:00+00:00,-0.02606137303750741,True
6σ стоп 5D,FHEUSDT,2025-08-11 04:58:00+00:00,-0.02606137303750741,True
6σ прокол 0.2%,FHEUSDT,2025-08-11 04:58:00+00:00,-0.02606137303750741,True
4σ,PIPPINUSDT,2025-08-11 07:28:00+00:00,-0.0014742846433697103,True
4σ,MBOXUSDT,2025-08-11 14:09:00+00:00,0.027537022713264483,True
4σ прокол 0.2%,MBOXUSDT,2025-08-11 14:09:00+00:00,0.027537022713264483,True
4σ,EPTUSDT,2025-08-13 00:01:00+00:00,0.022452058016228363,True
4σ,HUSDT,2025-08-13 16:11:00+00:00,0.0335860097613649,True
4σ прокол 0.2%,HUSDT,2025-08-13 16:11:00+00:00,0.0335860097613649,True
4σ,BULLAUSDT,2025-08-14 12:08:00+00:00,-0.060715176132460774,False
4σ прокол 0.2%,BULLAUSDT,2025-08-14 12:08:00+00:00,-0.060715176132460774,False
4σ,IDOLUSDT,2025-08-14 12:33:00+00:00,0.03200019601815658,False
4σ прокол 0.2%,IDOLUSDT,2025-08-14 12:33:00+00:00,0.03200019601815658,False
6σ стоп 5D,PUNDIXUSDT,2025-08-14 12:34:00+00:00,0.026551761353989137,True
4σ прокол 0.2%,MAVUSDT,2025-08-14 12:34:00+00:00,0.03522187236328796,True
4σ прокол 0.2%,AIXBTUSDT,2025-08-14 12:34:00+00:00,0.0287574919717883,True
6σ прокол 0.2%,SUNUSDT,2025-08-14 12:34:00+00:00,0.028034064320198795,True
6σ стоп 5D,SUNUSDT,2025-08-14 12:34:00+00:00,0.028034064320198795,True
4σ прокол 0.2%,GRTUSDT,2025-08-14 12:34:00+00:00,0.02212154836981224,True
4σ прокол 0.2%,RESOLVUSDT,2025-08-14 12:34:00+00:00,0.03073300398204122,True
6σ прокол 0.2%,RESOLVUSDT,2025-08-14 12:34:00+00:00,0.04780012051705414,True
4σ,NXPCUSDT,2025-08-14 12:34:00+00:00,0.015255838633707785,True
6σ,PUNDIXUSDT,2025-08-14 12:34:00+00:00,0.026551761353989137,True
6σ,ROSEUSDT,2025-08-14 12:34:00+00:00,0.04800459619310922,True
4σ,REDUSDT,2025-08-14 12:34:00+00:00,0.023644947515454054,True
6σ стоп 5D,RESOLVUSDT,2025-08-14 12:34:00+00:00,0.04780012051705414,True
4σ,GLMUSDT,2025-08-14 12:34:00+00:00,0.015962458126635062,True
6σ,MOVEUSDT,2025-08-14 12:34:00+00:00,0.03056450551942054,True
4σ прокол 0.2%,REDUSDT,2025-08-14 12:34:00+00:00,0.023644947515454054,True
6σ,RESOLVUSDT,2025-08-14 12:34:00+00:00,0.04780012051705414,True
4σ,RESOLVUSDT,2025-08-14 12:34:00+00:00,0.03073300398204122,True
6σ,SUNUSDT,2025-08-14 12:34:00+00:00,0.028034064320198795,True
4σ прокол 0.2%,HFTUSDT,2025-08-14 12:34:00+00:00,0.027514560217439546,True
4σ прокол 0.2%,PUNDIXUSDT,2025-08-14 12:34:00+00:00,0.017250696005020008,True
4σ прокол 0.2%,IDUSDT,2025-08-14 12:34:00+00:00,0.021790243909915533,True
6σ прокол 0.2%,ROSEUSDT,2025-08-14 12:34:00+00:00,0.04800459619310922,True
4σ,MEMEUSDT,2025-08-14 12:34:00+00:00,0.04109464941926451,True
6σ прокол 0.2%,JELLYJELLYUSDT,2025-08-14 12:34:00+00:00,0.041316764687995236,True
6σ стоп 5D,JELLYJELLYUSDT,2025-08-14 12:34:00+00:00,0.041316764687995236,True
6σ,JELLYJELLYUSDT,2025-08-14 12:34:00+00:00,0.041316764687995236,True
4σ прокол 0.2%,OLUSDT,2025-08-14 12:34:00+00:00,0.02919716256604317,True
4σ,HFTUSDT,2025-08-14 12:34:00+00:00,0.027514560217439546,True
4σ прокол 0.2%,JASMYUSDT,2025-08-14 12:34:00+00:00,0.025369290757215793,True
4σ,KNCUSDT,2025-08-14 12:34:00+00:00,0.01990084036973956,True
4σ прокол 0.2%,KNCUSDT,2025-08-14 12:34:00+00:00,0.01990084036973956,True
4σ прокол 0.2%,NXPCUSDT,2025-08-14 12:34:00+00:00,0.015255838633707785,True
4σ,MAVUSDT,2025-08-14 12:34:00+00:00,0.03522187236328796,True
6σ прокол 0.2%,PUNDIXUSDT,2025-08-14 12:34:00+00:00,0.026551761353989137,True
4σ прокол 0.2%,ROSEUSDT,2025-08-14 12:34:00+00:00,0.030860948405937408,True
4σ,ROSEUSDT,2025-08-14 12:34:00+00:00,0.030860948405937408,True
4σ,JASMYUSDT,2025-08-14 12:34:00+00:00,0.025369290757215793,True
4σ,BIOUSDT,2025-08-14 12:34:00+00:00,0.032427985766054504,True
4σ прокол 0.2%,MEMEUSDT,2025-08-14 12:34:00+00:00,0.04109464941926451,True
4σ,NEIROUSDT,2025-08-14 12:34:00+00:00,0.030312465399549418,False
4σ прокол 0.2%,BIOUSDT,2025-08-14 12:34:00+00:00,0.032427985766054504,True
6σ стоп 5D,MOVEUSDT,2025-08-14 12:34:00+00:00,0.03056450551942054,True
6σ прокол 0.2%,MOVEUSDT,2025-08-14 12:34:00+00:00,0.03056450551942054,True
4σ,VELODROMEUSDT,2025-08-14 12:34:00+00:00,0.027167609029794496,True
4σ,OLUSDT,2025-08-14 12:34:00+00:00,0.02919716256604317,True
6σ стоп 5D,LRCUSDT,2025-08-14 12:34:00+00:00,0.03608666737373252,True
4σ,PUNDIXUSDT,2025-08-14 12:34:00+00:00,0.017250696005020008,True
4σ прокол 0.2%,NEIROUSDT,2025-08-14 12:34:00+00:00,0.030312465399549418,False
4σ,MOVEUSDT,2025-08-14 12:34:00+00:00,0.019825488839086483,True
4σ,LUMIAUSDT,2025-08-14 12:34:00+00:00,0.02890252329390615,True
4σ,FIDAUSDT,2025-08-14 12:34:00+00:00,0.027953658472946244,True
6σ,LRCUSDT,2025-08-14 12:34:00+00:00,0.03608666737373252,True
4σ прокол 0.2%,FIDAUSDT,2025-08-14 12:34:00+00:00,0.027953658472946244,True
4σ,IDUSDT,2025-08-14 12:34:00+00:00,0.021790243909915533,True
6σ прокол 0.2%,AIOTUSDT,2025-08-14 12:34:00+00:00,0.0339478749293753,False
4σ,AIXBTUSDT,2025-08-14 12:34:00+00:00,0.0287574919717883,True
4σ прокол 0.2%,MOVEUSDT,2025-08-14 12:34:00+00:00,0.019825488839086483,True
4σ,GRTUSDT,2025-08-14 12:34:00+00:00,0.02212154836981224,True
6σ,BROCCOLI714USDT,2025-08-14 12:34:00+00:00,-0.0028939978197913547,False
4σ,WUSDT,2025-08-14 12:34:00+00:00,0.02657239187402989,True
6σ,NEWTUSDT,2025-08-14 12:34:00+00:00,0.029602957278944866,True
6σ стоп 5D,NEWTUSDT,2025-08-14 12:34:00+00:00,0.029602957278944866,True
6σ прокол 0.2%,NEWTUSDT,2025-08-14 12:34:00+00:00,0.029602957278944866,True
4σ,NEWTUSDT,2025-08-14 12:34:00+00:00,0.01920973809639155,True
4σ прокол 0.2%,NEWTUSDT,2025-08-14 12:34:00+00:00,0.01920973809639155,True
6σ,PORT3USDT,2025-08-14 12:34:00+00:00,-0.0248110528266576,False
6σ стоп 5D,PORT3USDT,2025-08-14 12:34:00+00:00,-0.0248110528266576,False
6σ прокол 0.2%,PORT3USDT,2025-08-14 12:34:00+00:00,-0.0248110528266576,False
6σ,ALTUSDT,2025-08-14 12:34:00+00:00,0.04071048138020901,True
6σ стоп 5D,ALTUSDT,2025-08-14 12:34:00+00:00,0.04071048138020901,True
6σ прокол 0.2%,ALTUSDT,2025-08-14 12:34:00+00:00,0.04071048138020901,True
4σ,ALTUSDT,2025-08-14 12:34:00+00:00,0.026275882019432387,True
4σ прокол 0.2%,ALTUSDT,2025-08-14 12:34:00+00:00,0.026275882019432387,True
4σ прокол 0.2%,SXTUSDT,2025-08-14 12:34:00+00:00,0.021323049980253875,True
4σ,SXTUSDT,2025-08-14 12:34:00+00:00,0.021323049980253875,True
4σ прокол 0.2%,PIPPINUSDT,2025-08-14 12:34:00+00:00,0.03312508812113753,True
4σ,PIPPINUSDT,2025-08-14 12:34:00+00:00,0.03312508812113753,True
6σ прокол 0.2%,PIPPINUSDT,2025-08-14 12:34:00+00:00,0.05163200989867951,True
6σ стоп 5D,PIPPINUSDT,2025-08-14 12:34:00+00:00,0.05163200989867951,True
6σ,PIPPINUSDT,2025-08-14 12:34:00+00:00,0.05163200989867951,True
4σ прокол 0.2%,MELANIAUSDT,2025-08-14 12:34:00+00:00,0.025821780636182415,True
4σ,MELANIAUSDT,2025-08-14 12:34:00+00:00,0.025821780636182415,True
6σ прокол 0.2%,MELANIAUSDT,2025-08-14 12:34:00+00:00,0.039991816300810126,True
4σ прокол 0.2%,LUNA2USDT,2025-08-14 12:34:00+00:00,0.019660588462979203,True
6σ стоп 5D,MELANIAUSDT,2025-08-14 12:34:00+00:00,0.039991816300810126,True
4σ,LUNA2USDT,2025-08-14 12:34:00+00:00,0.019660588462979203,True
4σ прокол 0.2%,ACEUSDT,2025-08-14 12:34:00+00:00,0.023322718100910092,True
4σ прокол 0.2%,C98USDT,2025-08-14 12:34:00+00:00,0.030144941638113612,True
4σ,C98USDT,2025-08-14 12:34:00+00:00,0.030144941638113612,True
6σ стоп 5D,BULLAUSDT,2025-08-14 12:34:00+00:00,0.07273293353338323,False
6σ,BULLAUSDT,2025-08-14 12:34:00+00:00,0.07273293353338323,False
4σ,COSUSDT,2025-08-14 12:34:00+00:00,0.017251863163017148,True
6σ прокол 0.2%,AUSDT,2025-08-14 12:34:00+00:00,0.032506652668929895,True
6σ стоп 5D,AUSDT,2025-08-14 12:34:00+00:00,0.032506652668929895,True
6σ,AUSDT,2025-08-14 12:34:00+00:00,0.032506652668929895,True
4σ прокол 0.2%,AUCTIONUSDT,2025-08-14 12:34:00+00:00,0.01748033354004526,True
4σ,AUCTIONUSDT,2025-08-14 12:34:00+00:00,0.01748033354004526,True
4σ прокол 0.2%,ANKRUSDT,2025-08-14 12:34:00+00:00,0.018191072989949222,True
4σ,ANKRUSDT,2025-08-14 12:34:00+00:00,0.018191072989949222,True
6σ прокол 0.2%,ANKRUSDT,2025-08-14 12:34:00+00:00,0.028014872452692033,True
6σ стоп 5D,ANKRUSDT,2025-08-14 12:34:00+00:00,0.028014872452692033,True
6σ,ANKRUSDT,2025-08-14 12:34:00+00:00,0.028014872452692033,True
6σ,EPTUSDT,2025-08-14 12:34:00+00:00,0.04195791481273799,True
6σ стоп 5D,EPTUSDT,2025-08-14 12:34:00+00:00,0.04195791481273799,True
6σ прокол 0.2%,EPTUSDT,2025-08-14 12:34:00+00:00,0.04195791481273799,True
4σ,EPTUSDT,2025-08-14 12:34:00+00:00,0.027063090379952873,True
4σ прокол 0.2%,EPTUSDT,2025-08-14 12:34:00+00:00,0.027063090379952873,True
6σ прокол 0.2%,AGTUSDT,2025-08-14 12:34:00+00:00,0.004984092545425229,True
6σ стоп 5D,AGTUSDT,2025-08-14 12:34:00+00:00,0.004984092545425229,True
6σ,AGTUSDT,2025-08-14 12:34:00+00:00,0.004984092545425229,True
4σ,ACEUSDT,2025-08-14 12:34:00+00:00,0.023322718100910092,True
6σ,MELANIAUSDT,2025-08-14 12:34:00+00:00,0.039991816300810126,True
6σ прокол 0.2%,IOSTUSDT,2025-08-14 12:34:00+00:00,0.026790431110854176,True
6σ стоп 5D,IOSTUSDT,2025-08-14 12:34:00+00:00,0.026790431110854176,True
6σ стоп 5D,SKATEUSDT,2025-08-14 12:34:00+00:00,0.038834681924513295,True
6σ прокол 0.2%,SKATEUSDT,2025-08-14 12:34:00+00:00,0.038834681924513295,True
4σ,SKATEUSDT,2025-08-14 12:34:00+00:00,0.02508973355736628,True
4σ прокол 0.2%,SKATEUSDT,2025-08-14 12:34:00+00:00,0.02508973355736628,True
6σ,SPXUSDT,2025-08-14 12:34:00+00:00,0.054474899046783556,True
6σ стоп 5D,SPXUSDT,2025-08-14 12:34:00+00:00,0.054474899046783556,True
6σ прокол 0.2%,SPXUSDT,2025-08-14 12:34:00+00:00,0.054474899046783556,True
4σ,SPXUSDT,2025-08-14 12:34:00+00:00,0.01997803420025138,True
4σ прокол 0.2%,SPXUSDT,2025-08-14 12:34:00+00:00,0.01997803420025138,True
4σ прокол 0.2%,AWEUSDT,2025-08-14 12:34:00+00:00,0.012138360879773113,True
6σ,TAUSDT,2025-08-14 12:34:00+00:00,0.04450248447092693,True
4σ,AWEUSDT,2025-08-14 12:34:00+00:00,0.012138360879773113,True
6σ стоп 5D,TAUSDT,2025-08-14 12:34:00+00:00,0.04450248447092693,True
6σ прокол 0.2%,AWEUSDT,2025-08-14 12:34:00+00:00,0.01864635134628219,True
6σ прокол 0.2%,TAUSDT,2025-08-14 12:34:00+00:00,0.04450248447092693,True
4σ,TAUSDT,2025-08-14 12:34:00+00:00,0.028664931231763016,True
6σ стоп 5D,AWEUSDT,2025-08-14 12:34:00+00:00,0.01864635134628219,True
6σ,AWEUSDT,2025-08-14 12:34:00+00:00,0.01864635134628219,True
4σ прокол 0.2%,TAUSDT,2025-08-14 12:34:00+00:00,0.028664931231763016,True
4σ прокол 0.2%,1000000BOBUSDT,2025-08-14 12:34:00+00:00,0.031438258896062624,False
4σ,1000000BOBUSDT,2025-08-14 12:34:00+00:00,0.031438258896062624,False
4σ,TURBOUSDT,2025-08-14 12:34:00+00:00,0.027660401968912354,False
4σ прокол 0.2%,TURBOUSDT,2025-08-14 12:34:00+00:00,0.027660401968912354,False
6σ,SKATEUSDT,2025-08-14 12:34:00+00:00,0.038834681924513295,True
6σ,BDXNUSDT,2025-08-14 12:34:00+00:00,0.022750217912999724,True
6σ стоп 5D,BDXNUSDT,2025-08-14 12:34:00+00:00,0.022750217912999724,True
6σ прокол 0.2%,BDXNUSDT,2025-08-14 12:34:00+00:00,0.022750217912999724,True
6σ,IOSTUSDT,2025-08-14 12:34:00+00:00,0.026790431110854176,True
4σ прокол 0.2%,HIPPOUSDT,2025-08-14 12:34:00+00:00,0.03079990400031281,True
4σ,HIPPOUSDT,2025-08-14 12:34:00+00:00,0.03079990400031281,True
6σ прокол 0.2%,HIPPOUSDT,2025-08-14 12:34:00+00:00,0.04790703072152076,True
6σ,HOOKUSDT,2025-08-14 12:34:00+00:00,0.04670894330199889,True
6σ стоп 5D,HIPPOUSDT,2025-08-14 12:34:00+00:00,0.04790703072152076,True
6σ,HIPPOUSDT,2025-08-14 12:34:00+00:00,0.04790703072152076,True
6σ стоп 5D,HOOKUSDT,2025-08-14 12:34:00+00:00,0.04670894330199889,True
4σ,IOUSDT,2025-08-14 12:34:00+00:00,0.027297205196453247,True
4σ прокол 0.2%,IOUSDT,2025-08-14 12:34:00+00:00,0.027297205196453247,True
4σ,GRIFFAINUSDT,2025-08-14 12:34:00+00:00,0.0372804061589946,True
4σ прокол 0.2%,VELODROMEUSDT,2025-08-14 12:34:00+00:00,0.027167609029794496,True
4σ,HOOKUSDT,2025-08-14 12:34:00+00:00,0.030049661289821075,True
4σ,LISTAUSDT,2025-08-14 12:34:00+00:00,0.037638548802058705,True
4σ прокол 0.2%,LISTAUSDT,2025-08-14 12:34:00+00:00,0.037638548802058705,True
4σ прокол 0.2%,DYMUSDT,2025-08-14 12:34:00+00:00,0.027663487988688965,True
4σ,DYMUSDT,2025-08-14 12:34:00+00:00,0.027663487988688965,True
4σ прокол 0.2%,BROCCOLI714USDT,2025-08-14 12:34:00+00:00,-0.023249133973331584,False
4σ,BROCCOLI714USDT,2025-08-14 12:34:00+00:00,-0.023249133973331584,False
6σ прокол 0.2%,BROCCOLI714USDT,2025-08-14 12:34:00+00:00,-0.0028939978197913547,False
6σ стоп 5D,BROCCOLI714USDT,2025-08-14 12:34:00+00:00,-0.0028939978197913547,False
4σ,ICXUSDT,2025-08-14 12:34:00+00:00,0.017578944565573365,True
4σ прокол 0.2%,ICXUSDT,2025-08-14 12:34:00+00:00,0.017578944565573365,True
6σ,SHELLUSDT,2025-08-14 12:34:00+00:00,0.049335386399837325,True
4σ прокол 0.2%,HOOKUSDT,2025-08-14 12:34:00+00:00,0.030049661289821075,True
6σ стоп 5D,SHELLUSDT,2025-08-14 12:34:00+00:00,0.049335386399837325,True
6σ стоп 5D,ROSEUSDT,2025-08-14 12:34:00+00:00,0.04800459619310922,True
6σ стоп 5D,MUBARAKUSDT,2025-08-14 12:34:00+00:00,0.042394169735457024,True
6σ,VOXELUSDT,2025-08-14 12:34:00+00:00,0.03655336837392627,True
4σ прокол 0.2%,ONEUSDT,2025-08-14 12:34:00+00:00,0.025868343372219285,True
4σ,EDUUSDT,2025-08-14 12:34:00+00:00,0.021919512749097605,True
4σ,ONEUSDT,2025-08-14 12:34:00+00:00,0.025868343372219285,True
4σ прокол 0.2%,EDUUSDT,2025-08-14 12:34:00+00:00,0.021919512749097605,True
4σ,LAUSDT,2025-08-14 12:34:00+00:00,0.025382532776231773,True
4σ прокол 0.2%,LAUSDT,2025-08-14 12:34:00+00:00,0.025382532776231773,True
6σ,ALPHAUSDT,2025-08-14 12:34:00+00:00,0.03588297301253225,True
6σ прокол 0.2%,ALPHAUSDT,2025-08-14 12:34:00+00:00,0.03588297301253225,True
4σ прокол 0.2%,MYROUSDT,2025-08-14 12:34:00+00:00,0.050492190112332705,True
4σ,MYROUSDT,2025-08-14 12:34:00+00:00,0.050492190112332705,True
6σ прокол 0.2%,LAUSDT,2025-08-14 12:34:00+00:00,0.039297295999584717,True
4σ прокол 0.2%,MUBARAKUSDT,2025-08-14 12:34:00+00:00,0.027338094021184214,True
6σ стоп 5D,LAUSDT,2025-08-14 12:34:00+00:00,0.039297295999584717,True
6σ стоп 5D,ALPHAUSDT,2025-08-14 12:34:00+00:00,0.03588297301253225,True
4σ,MUBARAKUSDT,2025-08-14 12:34:00+00:00,0.027338094021184214,True
4σ прокол 0.2%,BIDUSDT,2025-08-14 12:34:00+00:00,0.02792174473083882,False
4σ,MANAUSDT,2025-08-14 12:34:00+00:00,0.021988747002071166,True
4σ,ORCAUSDT,2025-08-14 12:34:00+00:00,0.024173584801393047,True
6σ прокол 0.2%,BMTUSDT,2025-08-14 12:34:00+00:00,0.02644748426541961,True
6σ стоп 5D,BSWUSDT,2025-08-14 12:34:00+00:00,0.03673518552675788,True
6σ прокол 0.2%,ORCAUSDT,2025-08-14 12:34:00+00:00,0.037388988105868395,True
6σ прокол 0.2%,SHELLUSDT,2025-08-14 12:34:00+00:00,0.049335386399837325,True
6σ стоп 5D,ORCAUSDT,2025-08-14 12:34:00+00:00,0.037388988105868395,True
4σ прокол 0.2%,PORTALUSDT,2025-08-14 12:34:00+00:00,0.028299809306748316,True
6σ,ORCAUSDT,2025-08-14 12:34:00+00:00,0.037388988105868395,True
4σ,BIDUSDT,2025-08-14 12:34:00+00:00,0.02792174473083882,False
6σ стоп 5D,DOODUSDT,2025-08-14 12:34:00+00:00,0.045054138839925,True
6σ,BSWUSDT,2025-08-14 12:34:00+00:00,0.03673518552675788,True
4σ,PORTALUSDT,2025-08-14 12:34:00+00:00,0.028299809306748316,True
6σ,DOODUSDT,2025-08-14 12:34:00+00:00,0.045054138839925,True
6σ прокол 0.2%,VOXELUSDT,2025-08-14 12:34:00+00:00,0.03655336837392627,True
4σ прокол 0.2%,MANAUSDT,2025-08-14 12:34:00+00:00,0.021988747002071166,True
6σ прокол 0.2%,DOODUSDT,2025-08-14 12:34:00+00:00,0.045054138839925,True
6σ,LAUSDT,2025-08-14 12:34:00+00:00,0.039297295999584717,True
6σ,MUBARAKUSDT,2025-08-14 12:34:00+00:00,0.042394169735457024,True
4σ,CYBERUSDT,2025-08-14 12:34:00+00:00,0.028173494733891816,True
4σ прокол 0.2%,CYBERUSDT,2025-08-14 12:34:00+00:00,0.028173494733891816,True
4σ прокол 0.2%,SLPUSDT,2025-08-14 12:34:00+00:00,0.02312513898049491,True
4σ,SLPUSDT,2025-08-14 12:34:00+00:00,0.02312513898049491,True
4σ,DIAUSDT,2025-08-14 12:34:00+00:00,0.022805315255208528,True
6σ,FIOUSDT,2025-08-14 12:34:00+00:00,0.03643396905959691,True
6σ стоп 5D,FIOUSDT,2025-08-14 12:34:00+00:00,0.03643396905959691,True
6σ,FUNUSDT,2025-08-14 12:34:00+00:00,0.030072107146520602,True
4σ прокол 0.2%,CTKUSDT,2025-08-14 12:34:00+00:00,0.029924534483137324,True
4σ прокол 0.2%,DIAUSDT,2025-08-14 12:34:00+00:00,0.022805315255208528,True
4σ прокол 0.2%,NOTUSDT,2025-08-14 12:34:00+00:00,0.02610751075514091,True
4σ,DOGSUSDT,2025-08-14 12:34:00+00:00,0.028362092307478062,True
4σ прокол 0.2%,DOGSUSDT,2025-08-14 12:34:00+00:00,0.028362092307478062,True
6σ прокол 0.2%,BSWUSDT,2025-08-14 12:34:00+00:00,0.03673518552675788,True
4σ,CTKUSDT,2025-08-14 12:34:00+00:00,0.029924534483137324,True
6σ прокол 0.2%,MUBARAKUSDT,2025-08-14 12:34:00+00:00,0.042394169735457024,True
6σ стоп 5D,FUNUSDT,2025-08-14 12:34:00+00:00,0.030072107146520602,True
4σ,FIOUSDT,2025-08-14 12:34:00+00:00,0.02356743552079084,True
4σ прокол 0.2%,MOODENGUSDT,2025-08-14 12:34:00+00:00,0.030990229892521273,True
6σ стоп 5D,VOXELUSDT,2025-08-14 12:34:00+00:00,0.03655336837392627,True
4σ,MOODENGUSDT,2025-08-14 12:34:00+00:00,0.030990229892521273,True
4σ,NOTUSDT,2025-08-14 12:34:00+00:00,0.02610751075514091,True
6σ прокол 0.2%,MOODENGUSDT,2025-08-14 12:34:00+00:00,0.04821126357785706,True
6σ стоп 5D,MOODENGUSDT,2025-08-14 12:34:00+00:00,0.04821126357785706,True
6σ прокол 0.2%,FIOUSDT,2025-08-14 12:34:00+00:00,0.03643396905959691,True
6σ прокол 0.2%,GMXUSDT,2025-08-14 12:34:00+00:00,0.03593468304145238,True
6σ стоп 5D,GMXUSDT,2025-08-14 12:34:00+00:00,0.03593468304145238,True
4σ,CATIUSDT,2025-08-14 12:34:00+00:00,0.022500721467765453,True
6σ,GMXUSDT,2025-08-14 12:34:00+00:00,0.03593468304145238,True
6σ,MOODENGUSDT,2025-08-14 12:34:00+00:00,0.04821126357785706,True
4σ прокол 0.2%,CATIUSDT,2025-08-14 12:34:00+00:00,0.022500721467765453,True
6σ прокол 0.2%,FUNUSDT,2025-08-14 12:34:00+00:00,0.030072107146520602,True
4σ прокол 0.2%,FIOUSDT,2025-08-14 12:34:00+00:00,0.02356743552079084,True
4σ,QTUMUSDT,2025-08-14 12:34:00+00:00,0.017760322710909507,True
4σ прокол 0.2%,BSVUSDT,2025-08-14 12:34:00+00:00,0.018209067885148936,True
6σ стоп 5D,BMTUSDT,2025-08-14 12:34:00+00:00,0.02644748426541961,True
6σ стоп 5D,VELVETUSDT,2025-08-14 12:34:00+00:00,0.048067414431664804,True
6σ,AVAAIUSDT,2025-08-14 12:34:00+00:00,0.060619374858873434,True
6σ прокол 0.2%,BANKUSDT,2025-08-14 12:34:00+00:00,0.03727967169036979,True
6σ стоп 5D,BANKUSDT,2025-08-14 12:34:00+00:00,0.03727967169036979,True
4σ прокол 0.2%,AVAAIUSDT,2025-08-14 12:34:00+00:00,0.03868944106756529,True
6σ,BANKUSDT,2025-08-14 12:34:00+00:00,0.03727967169036979,True
6σ,VELVETUSDT,2025-08-14 12:34:00+00:00,0.048067414431664804,True
6σ,TUTUSDT,2025-08-14 12:34:00+00:00,0.018514158262645755,True
4σ,DOODUSDT,2025-08-14 12:34:00+00:00,0.029011509340577793,True
6σ стоп 5D,TUTUSDT,2025-08-14 12:34:00+00:00,0.018514158262645755,True
4σ прокол 0.2%,1000CATUSDT,2025-08-14 12:34:00+00:00,0.0285295123024671,True
4σ прокол 0.2%,DOODUSDT,2025-08-14 12:34:00+00:00,0.029011509340577793,True
4σ,1000CATUSDT,2025-08-14 12:34:00+00:00,0.0285295123024671,True
4σ,LPTUSDT,2025-08-14 12:34:00+00:00,0.021633845028545554,True
6σ прокол 0.2%,WCTUSDT,2025-08-14 12:34:00+00:00,0.05305302677306574,True
6σ стоп 5D,WCTUSDT,2025-08-14 12:34:00+00:00,0.05305302677306574,True
6σ,WCTUSDT,2025-08-14 12:34:00+00:00,0.05305302677306574,True
4σ прокол 0.2%,THEUSDT,2025-08-14 12:34:00+00:00,0.033588016917900324,True
4σ прокол 0.2%,KSMUSDT,2025-08-14 12:34:00+00:00,0.022236826773649868,True
6σ,AIOTUSDT,2025-08-14 12:34:00+00:00,0.0339478749293753,False
4σ,AVAAIUSDT,2025-08-14 12:34:00+00:00,0.03868944106756529,True
4σ,THEUSDT,2025-08-14 12:34:00+00:00,0.033588016917900324,True
6σ стоп 5D,AIOTUSDT,2025-08-14 12:34:00+00:00,0.0339478749293753,False
4σ,KSMUSDT,2025-08-14 12:34:00+00:00,0.022236826773649868,True
6σ прокол 0.2%,AVAAIUSDT,2025-08-14 12:34:00+00:00,0.060619374858873434,True
6σ стоп 5D,AVAAIUSDT,2025-08-14 12:34:00+00:00,0.060619374858873434,True
4σ прокол 0.2%,LPTUSDT,2025-08-14 12:34:00+00:00,0.021633845028545554,True
4σ прокол 0.2%,QTUMUSDT,2025-08-14 12:34:00+00:00,0.017760322710909507,True
6σ прокол 0.2%,VELVETUSDT,2025-08-14 12:34:00+00:00,0.048067414431664804,True
4σ,BANKUSDT,2025-08-14 12:34:00+00:00,0.02410423998188689,True
4σ прокол 0.2%,RDNTUSDT,2025-08-14 12:34:00+00:00,0.02325470954872917,True
6σ,BBUSDT,2025-08-14 12:34:00+00:00,0.04595945123771435,True
6σ,TSTUSDT,2025-08-14 12:34:00+00:00,0.03312127976455677,False
6σ стоп 5D,TSTUSDT,2025-08-14 12:34:00+00:00,0.03312127976455677,False
4σ,RDNTUSDT,2025-08-14 12:34:00+00:00,0.02325470954872917,True
4σ прокол 0.2%,BANKUSDT,2025-08-14 12:34:00+00:00,0.02410423998188689,True
4σ,ARKMUSDT,2025-08-14 12:34:00+00:00,0.03681749609674641,True
6σ стоп 5D,BSVUSDT,2025-08-14 12:34:00+00:00,0.028042897640770906,True
6σ прокол 0.2%,TSTUSDT,2025-08-14 12:34:00+00:00,0.03312127976455677,False
4σ,SWELLUSDT,2025-08-14 12:34:00+00:00,0.02592914672952458,True
4σ прокол 0.2%,SWELLUSDT,2025-08-14 12:34:00+00:00,0.02592914672952458,True
6σ,USTCUSDT,2025-08-14 12:34:00+00:00,0.028074893609592214,True
6σ стоп 5D,USTCUSDT,2025-08-14 12:34:00+00:00,0.028074893609592214,True
6σ прокол 0.2%,USTCUSDT,2025-08-14 12:34:00+00:00,0.028074893609592214,True
4σ,USTCUSDT,2025-08-14 12:34:00+00:00,0.006741416537847906,True
4σ прокол 0.2%,USTCUSDT,2025-08-14 12:34:00+00:00,0.006741416537847906,True
6σ,BSVUSDT,2025-08-14 12:34:00+00:00,0.028042897640770906,True
4σ,VELVETUSDT,2025-08-14 12:34:00+00:00,0.030900248219594542,True
4σ прокол 0.2%,VELVETUSDT,2025-08-14 12:34:00+00:00,0.030900248219594542,True
4σ,BBUSDT,2025-08-14 12:34:00+00:00,0.009187336055377165,True
4σ прокол 0.2%,BBUSDT,2025-08-14 12:34:00+00:00,0.009187336055377165,True
4σ,SAGAUSDT,2025-08-14 12:34:00+00:00,0.029638956449277568,True
6σ прокол 0.2%,BSVUSDT,2025-08-14 12:34:00+00:00,0.028042897640770906,True
6σ,BMTUSDT,2025-08-14 12:34:00+00:00,0.02644748426541961,True
4σ прокол 0.2%,ORCAUSDT,2025-08-14 12:34:00+00:00,0.024173584801393047,True
4σ,BSVUSDT,2025-08-14 12:34:00+00:00,0.018209067885148936,True
6σ стоп 5D,BBUSDT,2025-08-14 12:34:00+00:00,0.04595945123771435,True
6σ прокол 0.2%,BBUSDT,2025-08-14 12:34:00+00:00,0.04595945123771435,True
4σ прокол 0.2%,ENSUSDT,2025-08-14 12:35:00+00:00,0.02485687344686434,True
4σ,ENSUSDT,2025-08-14 12:35:00+00:00,0.02485687344686434,True
6σ прокол 0.2%,ENSUSDT,2025-08-14 12:35:00+00:00,0.038466968269133164,True
6σ стоп 5D,ENSUSDT,2025-08-14 12:35:00+00:00,0.038466968269133164,True
6σ,ENSUSDT,2025-08-14 12:35:00+00:00,0.038466968269133164,True
4σ прокол 0.2%,EPTUSDT,2025-08-14 13:05:00+00:00,0.04103528909398864,True
4σ,EPTUSDT,2025-08-14 13:05:00+00:00,0.04103528909398864,True
4σ прокол 0.2%,SKATEUSDT,2025-08-16 08:54:00+00:00,0.017790201727486424,True
4σ,SKATEUSDT,2025-08-16 08:54:00+00:00,0.017790201727486424,True
6σ стоп 5D,AIOTUSDT,2025-08-17 09:27:00+00:00,0.05860430693646497,False
6σ,AIOTUSDT,2025-08-17 09:27:00+00:00,0.05860430693646497,False
6σ прокол 0.2%,AIOTUSDT,2025-08-17 09:27:00+00:00,0.05860430693646497,False
4σ прокол 0.2%,SSVUSDT,2025-08-17 15:19:00+00:00,0.015305492908988593,True
4σ,SSVUSDT,2025-08-17 15:19:00+00:00,0.015305492908988593,True
6σ,SSVUSDT,2025-08-17 15:19:00+00:00,0.023534136778947626,True
6σ стоп 5D,SSVUSDT,2025-08-17 15:19:00+00:00,0.023534136778947626,True
6σ прокол 0.2%,SSVUSDT,2025-08-17 15:19:00+00:00,0.023534136778947626,True
4σ,SQDUSDT,2025-08-18 03:00:00+00:00,0.0185352238215057,True
4σ,1000000BOBUSDT,2025-08-19 19:54:00+00:00,0.02412813977141144,False
4σ,CROSSUSDT,2025-08-19 23:40:00+00:00,0.026890067055951053,True
4σ прокол 0.2%,CROSSUSDT,2025-08-19 23:40:00+00:00,0.026890067055951053,True
6σ стоп 5D,AGTUSDT,2025-08-21 02:21:00+00:00,0.03479992771553682,True
6σ,AGTUSDT,2025-08-21 02:21:00+00:00,0.03479992771553682,True
6σ прокол 0.2%,AGTUSDT,2025-08-21 02:21:00+00:00,0.03479992771553682,True
4σ,FIOUSDT,2025-08-21 05:24:00+00:00,0.022489243411911233,True
4σ прокол 0.2%,FIOUSDT,2025-08-21 05:24:00+00:00,0.022489243411911233,True
6σ стоп 5D,BUSDT,2025-08-22 04:19:00+00:00,0.029658059523310423,True
6σ прокол 0.2%,BUSDT,2025-08-22 04:19:00+00:00,0.029658059523310423,True
6σ,BUSDT,2025-08-22 04:19:00+00:00,0.029658059523310423,True
6σ,BROCCOLIF3BUSDT,2025-08-22 05:39:00+00:00,0.032624573560661355,False
6σ прокол 0.2%,BROCCOLIF3BUSDT,2025-08-22 05:39:00+00:00,0.032624573560661355,False
6σ стоп 5D,BROCCOLIF3BUSDT,2025-08-22 05:39:00+00:00,0.032624573560661355,False
4σ прокол 0.2%,BANUSDT,2025-08-22 14:22:00+00:00,0.03004521382380161,True
4σ,BANUSDT,2025-08-22 14:22:00+00:00,0.03004521382380161,True
6σ,BSWUSDT,2025-08-23 14:04:00+00:00,-0.08946791819963038,True
6σ прокол 0.2%,BSWUSDT,2025-08-23 14:04:00+00:00,-0.08946791819963038,True
6σ стоп 5D,BSWUSDT,2025-08-23 14:04:00+00:00,-0.08946791819963038,True
6σ прокол 0.2%,DMCUSDT,2025-08-23 19:57:00+00:00,0.02586131842268942,True
6σ стоп 5D,DMCUSDT,2025-08-23 19:57:00+00:00,0.02586131842268942,True
6σ,DMCUSDT,2025-08-23 19:57:00+00:00,0.02586131842268942,True
4σ прокол 0.2%,DMCUSDT,2025-08-23 19:57:00+00:00,0.016806305437805993,True
4σ,DMCUSDT,2025-08-23 19:57:00+00:00,0.016806305437805993,True
6σ,DMCUSDT,2025-08-23 19:59:00+00:00,0.026492700100751512,True
6σ прокол 0.2%,DMCUSDT,2025-08-23 19:59:00+00:00,0.026492700100751512,True
6σ,ZRCUSDT,2025-08-23 19:59:00+00:00,0.030439913057503,True
6σ стоп 5D,ZRCUSDT,2025-08-23 19:59:00+00:00,0.030439913057503,True
6σ прокол 0.2%,ZRCUSDT,2025-08-23 19:59:00+00:00,0.030439913057503,True
6σ стоп 5D,DMCUSDT,2025-08-23 19:59:00+00:00,0.026492700100751512,True
4σ,ZRCUSDT,2025-08-23 19:59:00+00:00,0.019745746654793853,True
4σ,DMCUSDT,2025-08-23 19:59:00+00:00,0.01721269806252708,True
4σ прокол 0.2%,DMCUSDT,2025-08-23 19:59:00+00:00,0.01721269806252708,True
4σ прокол 0.2%,ZRCUSDT,2025-08-23 19:59:00+00:00,0.019745746654793853,True
6σ,AINUSDT,2025-08-23 20:40:00+00:00,0.03317202800828696,True
4σ прокол 0.2%,AINUSDT,2025-08-23 20:40:00+00:00,0.02149139303218002,True
6σ стоп 5D,AINUSDT,2025-08-23 20:40:00+00:00,0.03317202800828696,True
4σ,AINUSDT,2025-08-23 20:40:00+00:00,0.02149139303218002,True
6σ прокол 0.2%,AINUSDT,2025-08-23 20:40:00+00:00,0.03317202800828696,True
6σ прокол 0.2%,BSVUSDT,2025-08-23 21:05:00+00:00,0.014255714829542975,True
4σ,BSVUSDT,2025-08-23 21:05:00+00:00,0.009275938027403407,True
4σ прокол 0.2%,BSVUSDT,2025-08-23 21:05:00+00:00,0.009275938027403407,True
6σ стоп 5D,BSVUSDT,2025-08-23 21:05:00+00:00,0.014255714829542975,True
6σ,BSVUSDT,2025-08-23 21:05:00+00:00,0.014255714829542975,True
6σ прокол 0.2%,TANSSIUSDT,2025-08-23 21:07:00+00:00,0.03421653197468251,True
6σ стоп 5D,TANSSIUSDT,2025-08-23 21:07:00+00:00,0.03421653197468251,True
4σ,TANSSIUSDT,2025-08-23 21:07:00+00:00,0.02215712176522651,True
4σ прокол 0.2%,TANSSIUSDT,2025-08-23 21:07:00+00:00,0.02215712176522651,True
6σ,TANSSIUSDT,2025-08-23 21:07:00+00:00,0.03421653197468251,True
6σ стоп 5D,VELVETUSDT,2025-08-23 21:10:00+00:00,0.04017362414750676,True
6σ прокол 0.2%,VELVETUSDT,2025-08-23 21:10:00+00:00,0.04017362414750676,True
4σ,VELVETUSDT,2025-08-23 21:10:00+00:00,0.02593669920836046,True
4σ прокол 0.2%,VELVETUSDT,2025-08-23 21:10:00+00:00,0.02593669920836046,True
6σ,VELVETUSDT,2025-08-23 21:10:00+00:00,0.04017362414750676,True
4σ прокол 0.2%,BICOUSDT,2025-08-23 21:29:00+00:00,0.02383580666238845,True
4σ,BICOUSDT,2025-08-23 21:29:00+00:00,0.02383580666238845,True
6σ,BICOUSDT,2025-08-23 21:29:00+00:00,0.036856655083063086,True
6σ прокол 0.2%,BICOUSDT,2025-08-23 21:29:00+00:00,0.036856655083063086,True
6σ стоп 5D,BICOUSDT,2025-08-23 21:29:00+00:00,0.036856655083063086,True
6σ стоп 5D,BSVUSDT,2025-08-23 21:30:00+00:00,0.029910358917017058,True
4σ прокол 0.2%,BSVUSDT,2025-08-23 21:30:00+00:00,0.01940667433922845,True
6σ прокол 0.2%,BSVUSDT,2025-08-23 21:30:00+00:00,0.029910358917017058,True
4σ,BSVUSDT,2025-08-23 21:30:00+00:00,0.01940667433922845,True
6σ,BSVUSDT,2025-08-23 21:30:00+00:00,0.029910358917017058,True
6σ,RPLUSDT,2025-08-23 21:38:00+00:00,0.026769999222936616,True
4σ,RPLUSDT,2025-08-23 21:38:00+00:00,0.01739107711437589,True
4σ прокол 0.2%,RPLUSDT,2025-08-23 21:38:00+00:00,0.01739107711437589,True
6σ прокол 0.2%,RPLUSDT,2025-08-23 21:38:00+00:00,0.026769999222936616,True
6σ стоп 5D,RPLUSDT,2025-08-23 21:38:00+00:00,0.026769999222936616,True
4σ,KDAUSDT,2025-08-23 21:41:00+00:00,0.017334092805725024,True
6σ стоп 5D,KDAUSDT,2025-08-23 21:41:00+00:00,0.026681403328524714,True
6σ,KDAUSDT,2025-08-23 21:41:00+00:00,0.026681403328524714,True
4σ прокол 0.2%,KDAUSDT,2025-08-23 21:41:00+00:00,0.017334092805725024,True
6σ прокол 0.2%,KDAUSDT,2025-08-23 21:41:00+00:00,0.026681403328524714,True
4σ прокол 0.2%,VICUSDT,2025-08-23 21:45:00+00:00,0.014228426883590783,True
4σ,VICUSDT,2025-08-23 21:45:00+00:00,0.014228426883590783,True
6σ прокол 0.2%,VICUSDT,2025-08-23 21:45:00+00:00,0.021868391867636963,True
6σ стоп 5D,VICUSDT,2025-08-23 21:45:00+00:00,0.021868391867636963,True
6σ,VICUSDT,2025-08-23 21:45:00+00:00,0.021868391867636963,True
4σ прокол 0.2%,VICUSDT,2025-08-23 21:47:00+00:00,0.013757952058738782,True
4σ,VICUSDT,2025-08-23 21:47:00+00:00,0.013757952058738782,True
4σ,BIDUSDT,2025-08-23 21:48:00+00:00,0.025416722467832956,False
6σ,BIDUSDT,2025-08-23 21:48:00+00:00,0.03935133282912569,False
6σ стоп 5D,BIDUSDT,2025-08-23 21:48:00+00:00,0.03935133282912569,False
6σ прокол 0.2%,BIDUSDT,2025-08-23 21:48:00+00:00,0.03935133282912569,False
4σ прокол 0.2%,BIDUSDT,2025-08-23 21:48:00+00:00,0.025416722467832956,False
6σ прокол 0.2%,MLNUSDT,2025-08-23 21:51:00+00:00,0.026896396844479045,True
6σ,MLNUSDT,2025-08-23 21:51:00+00:00,0.026896396844479045,True
6σ стоп 5D,MLNUSDT,2025-08-23 21:51:00+00:00,0.026896396844479045,True
6σ прокол 0.2%,DEEPUSDT,2025-08-23 21:52:00+00:00,0.01996472767294173,True
6σ прокол 0.2%,STOUSDT,2025-08-23 21:52:00+00:00,0.028298542125627393,True
6σ стоп 5D,STOUSDT,2025-08-23 21:52:00+00:00,0.028298542125627393,True
6σ стоп 5D,DEEPUSDT,2025-08-23 21:52:00+00:00,0.01996472767294173,True
6σ,STOUSDT,2025-08-23 21:52:00+00:00,0.028298542125627393,True
6σ,DEEPUSDT,2025-08-23 21:52:00+00:00,0.01996472767294173,True
4σ,MERLUSDT,2025-08-23 21:54:00+00:00,0.018172250010472138,True
4σ,AINUSDT,2025-08-24 19:20:00+00:00,0.0134233131017292,True
4σ прокол 0.2%,AINUSDT,2025-08-24 19:20:00+00:00,0.0134233131017292,True
6σ прокол 0.2%,TONUSDT,2025-08-24 19:37:00+00:00,0.012892111119886928,True
6σ стоп 5D,TONUSDT,2025-08-24 19:37:00+00:00,0.012892111119886928,True
6σ,TONUSDT,2025-08-24 19:37:00+00:00,0.012892111119886928,True
4σ прокол 0.2%,PLAYUSDT,2025-08-24 19:37:00+00:00,0.044021150728016115,False
4σ,PLAYUSDT,2025-08-24 19:37:00+00:00,0.044021150728016115,False
4σ прокол 0.2%,BTCDOMUSDT,2025-08-24 19:38:00+00:00,0.0025422480720010136,False
4σ,BTCDOMUSDT,2025-08-24 19:38:00+00:00,0.0025422480720010136,False
4σ прокол 0.2%,IDOLUSDT,2025-08-24 21:04:00+00:00,-0.07127627559061364,False
4σ,IDOLUSDT,2025-08-24 21:04:00+00:00,-0.07127627559061364,False
6σ прокол 0.2%,IDOLUSDT,2025-08-24 21:04:00+00:00,-0.05254342329885095,False
6σ,IDOLUSDT,2025-08-24 21:04:00+00:00,-0.05254342329885095,False
6σ стоп 5D,IDOLUSDT,2025-08-24 21:04:00+00:00,-0.05254342329885095,False
4σ прокол 0.2%,RPLUSDT,2025-08-25 21:41:00+00:00,0.02637937522133367,True
4σ,RPLUSDT,2025-08-25 21:41:00+00:00,0.02637937522133367,True
6σ стоп 5D,RPLUSDT,2025-08-25 21:41:00+00:00,0.04087436452668243,True
6σ,RPLUSDT,2025-08-25 21:41:00+00:00,0.04087436452668243,True
6σ прокол 0.2%,RPLUSDT,2025-08-25 21:41:00+00:00,0.04087436452668243,True
6σ стоп 5D,BROCCOLIF3BUSDT,2025-08-27 02:08:00+00:00,-0.051402620131197424,False
6σ,BROCCOLIF3BUSDT,2025-08-27 02:08:00+00:00,-0.051402620131197424,False
6σ прокол 0.2%,BROCCOLIF3BUSDT,2025-08-27 02:08:00+00:00,-0.051402620131197424,False
4σ прокол 0.2%,HYPERUSDT,2025-08-27 03:02:00+00:00,-0.03115558348901323,True
4σ,HYPERUSDT,2025-08-27 03:02:00+00:00,-0.03115558348901323,True
4σ,1000000BOBUSDT,2025-08-27 06:12:00+00:00,0.021607993767239944,False
4σ прокол 0.2%,1000000BOBUSDT,2025-08-27 06:12:00+00:00,0.021607993767239944,False
4σ,BTCDOMUSDT,2025-08-28 08:17:00+00:00,0.007933343222227895,False
4σ прокол 0.2%,BTCDOMUSDT,2025-08-28 08:17:00+00:00,0.007933343222227895,False
6σ,YFIUSDT,2025-08-28 14:00:00+00:00,0.020705112229132364,True
6σ прокол 0.2%,YFIUSDT,2025-08-28 14:00:00+00:00,0.020705112229132364,True
4σ прокол 0.2%,YFIUSDT,2025-08-28 14:00:00+00:00,0.005215181459421709,True
6σ стоп 5D,YFIUSDT,2025-08-28 14:00:00+00:00,0.020705112229132364,True
4σ,YFIUSDT,2025-08-28 14:00:00+00:00,0.005215181459421709,True
4σ прокол 0.2%,MUSDT,2025-08-28 15:36:00+00:00,0.017580549094880563,True
6σ,MUSDT,2025-08-28 15:36:00+00:00,0.027064653187329715,True
6σ стоп 5D,MUSDT,2025-08-28 15:36:00+00:00,0.027064653187329715,True
4σ,MUSDT,2025-08-28 15:36:00+00:00,0.017580549094880563,True
4σ прокол 0.2%,MUSDT,2025-08-28 16:01:00+00:00,0.020427831446113667,True
4σ,MUSDT,2025-08-28 16:01:00+00:00,0.020427831446113667,True
6σ,PHBUSDT,2025-08-29 06:39:00+00:00,0.045932318184499235,True
4σ,FIDAUSDT,2025-08-29 06:39:00+00:00,0.02811149629316674,True
4σ,JASMYUSDT,2025-08-29 06:39:00+00:00,0.01427961237583526,True
4σ прокол 0.2%,FIDAUSDT,2025-08-29 06:39:00+00:00,0.02811149629316674,True
4σ прокол 0.2%,NTRNUSDT,2025-08-29 06:39:00+00:00,0.02436926583150352,True
6σ,NTRNUSDT,2025-08-29 06:39:00+00:00,0.03769754701684365,True
6σ прокол 0.2%,NTRNUSDT,2025-08-29 06:39:00+00:00,0.03769754701684365,True
4σ прокол 0.2%,PHBUSDT,2025-08-29 06:39:00+00:00,0.0295627173535999,True
4σ,PHBUSDT,2025-08-29 06:39:00+00:00,0.0295627173535999,True
6σ стоп 5D,NTRNUSDT,2025-08-29 06:39:00+00:00,0.03769754701684365,True
6σ прокол 0.2%,PHBUSDT,2025-08-29 06:39:00+00:00,0.045932318184499235,True
4σ прокол 0.2%,JASMYUSDT,2025-08-29 06:39:00+00:00,0.01427961237583526,True
4σ прокол 0.2%,MUSDT,2025-08-29 06:39:00+00:00,0.025862194621145432,True
4σ,NTRNUSDT,2025-08-29 06:39:00+00:00,0.02436926583150352,True
6σ стоп 5D,PHBUSDT,2025-08-29 06:39:00+00:00,0.045932318184499235,True
4σ,MUSDT,2025-08-29 06:39:00+00:00,0.025862194621145432,True
4σ,ORCAUSDT,2025-08-29 06:40:00+00:00,0.026488080671421124,True
6σ стоп 5D,HOMEUSDT,2025-08-29 06:40:00+00:00,0.02753111085212963,True
4σ прокол 0.2%,HOMEUSDT,2025-08-29 06:40:00+00:00,0.01788034696966974,True
4σ,HOMEUSDT,2025-08-29 06:40:00+00:00,0.01788034696966974,True
6σ прокол 0.2%,HOMEUSDT,2025-08-29 06:40:00+00:00,0.02753111085212963,True
6σ,HOMEUSDT,2025-08-29 06:40:00+00:00,0.02753111085212963,True
4σ прокол 0.2%,ORCAUSDT,2025-08-29 06:40:00+00:00,0.026488080671421124,True
4σ прокол 0.2%,GLMUSDT,2025-08-29 07:16:00+00:00,-0.02307463925553407,True
4σ,GLMUSDT,2025-08-29 07:16:00+00:00,-0.02307463925553407,True
4σ прокол 0.2%,ESPORTSUSDT,2025-08-30 08:15:00+00:00,-0.0695287177106941,True
4σ,ESPORTSUSDT,2025-08-30 08:15:00+00:00,-0.0695287177106941,True
4σ прокол 0.2%,KOMAUSDT,2025-08-30 16:17:00+00:00,0.004730306920770506,True
4σ,KOMAUSDT,2025-08-30 16:17:00+00:00,0.004730306920770506,True
4σ,KSMUSDT,2025-08-30 19:31:00+00:00,-0.03154487791680402,True
4σ прокол 0.2%,KSMUSDT,2025-08-30 19:31:00+00:00,-0.03154487791680402,True
4σ,TAGUSDT,2025-08-31 07:18:00+00:00,0.012937652245339892,False
6σ прокол 0.2%,ZEREBROUSDT,2025-08-31 11:18:00+00:00,0.03515539704255817,True
6σ стоп 5D,ZEREBROUSDT,2025-08-31 11:18:00+00:00,0.03515539704255817,True
6σ,ZEREBROUSDT,2025-08-31 11:18:00+00:00,0.03515539704255817,True
6σ стоп 5D,LAYERUSDT,2025-08-31 23:45:00+00:00,0.011794576797184719,False
6σ прокол 0.2%,LAYERUSDT,2025-08-31 23:45:00+00:00,0.011794576797184719,False
6σ,LAYERUSDT,2025-08-31 23:45:00+00:00,0.011794576797184719,False
4σ,SAHARAUSDT,2025-09-01 02:49:00+00:00,0.010431659666455494,True
4σ прокол 0.2%,YFIUSDT,2025-09-01 02:49:00+00:00,0.008930012520077257,True
4σ прокол 0.2%,SAHARAUSDT,2025-09-01 02:49:00+00:00,0.010431659666455494,True
4σ,YFIUSDT,2025-09-01 02:49:00+00:00,0.008930012520077257,True
4σ прокол 0.2%,PLAYUSDT,2025-09-01 09:48:00+00:00,-0.002719821827442431,False
4σ,PLAYUSDT,2025-09-01 09:48:00+00:00,-0.002719821827442431,False
4σ,1000CATUSDT,2025-09-01 20:37:00+00:00,-0.011684013760865114,True
6σ,PORT3USDT,2025-09-02 15:44:00+00:00,0.03094421342809213,False
6σ прокол 0.2%,PORT3USDT,2025-09-02 15:44:00+00:00,0.03094421342809213,False
6σ стоп 5D,PORT3USDT,2025-09-02 15:44:00+00:00,0.03094421342809213,False
4σ,A2ZUSDT,2025-09-03 06:03:00+00:00,0.032259032807212346,True
4σ прокол 0.2%,A2ZUSDT,2025-09-03 06:03:00+00:00,0.032259032807212346,True
6σ,AUSDT,2025-09-04 22:45:00+00:00,-0.015988643135015107,True
6σ стоп 5D,AUSDT,2025-09-04 22:45:00+00:00,-0.015988643135015107,True
6σ прокол 0.2%,AUSDT,2025-09-04 22:45:00+00:00,-0.015988643135015107,True
4σ,HUSDT,2025-09-05 14:26:00+00:00,0.02687101062903903,True
4σ прокол 0.2%,HUSDT,2025-09-05 14:26:00+00:00,0.02687101062903903,True
6σ,AIOTUSDT,2025-09-06 04:00:00+00:00,0.026585458225849304,False
6σ прокол 0.2%,AIOTUSDT,2025-09-06 04:00:00+00:00,0.026585458225849304,False
6σ стоп 5D,AIOTUSDT,2025-09-06 04:00:00+00:00,0.026585458225849304,False
4σ,TAGUSDT,2025-09-06 07:47:00+00:00,0.022843160330366444,False
4σ прокол 0.2%,TAGUSDT,2025-09-06 07:47:00+00:00,0.022843160330366444,False
4σ,TAGUSDT,2025-09-06 16:51:00+00:00,0.02454059887109912,False
4σ прокол 0.2%,TAGUSDT,2025-09-06 16:51:00+00:00,0.02454059887109912,False
4σ прокол 0.2%,SIGNUSDT,2025-09-07 19:04:00+00:00,0.008873745089720674,True
4σ,SIGNUSDT,2025-09-07 19:04:00+00:00,0.008873745089720674,True
6σ прокол 0.2%,MAVUSDT,2025-09-08 03:52:00+00:00,0.04422228383026679,True
6σ,MAVUSDT,2025-09-08 03:52:00+00:00,0.04422228383026679,True
4σ прокол 0.2%,MAVUSDT,2025-09-08 03:52:00+00:00,0.01991731379692666,True
4σ,MAVUSDT,2025-09-08 03:52:00+00:00,0.01991731379692666,True
6σ стоп 5D,MAVUSDT,2025-09-08 03:52:00+00:00,0.04422228383026679,True
4σ прокол 0.2%,ALPINEUSDT,2025-09-08 09:02:00+00:00,-0.07040608858197958,True
4σ,ALPINEUSDT,2025-09-08 09:02:00+00:00,-0.07040608858197958,True
6σ стоп 5D,AIOTUSDT,2025-09-08 12:11:00+00:00,-0.31902743692674035,False
6σ прокол 0.2%,AIOTUSDT,2025-09-08 12:11:00+00:00,0.033591488457382204,False
6σ,AIOTUSDT,2025-09-08 12:11:00+00:00,0.033591488457382204,False
4σ,QNTUSDT,2025-09-08 15:19:00+00:00,0.007640946321627329,True
4σ прокол 0.2%,QNTUSDT,2025-09-08 15:19:00+00:00,0.007640946321627329,True
4σ,ZORAUSDT,2025-09-08 16:01:00+00:00,0.026317092012510826,True
4σ прокол 0.2%,ZORAUSDT,2025-09-08 16:01:00+00:00,0.026317092012510826,True
4σ прокол 0.2%,BIDUSDT,2025-09-09 05:13:00+00:00,0.044730332440459944,False
4σ,BIDUSDT,2025-09-09 05:13:00+00:00,0.044730332440459944,False
4σ прокол 0.2%,BIDUSDT,2025-09-09 05:38:00+00:00,0.07696799572416774,False
4σ,BIDUSDT,2025-09-09 05:38:00+00:00,0.07696799572416774,False
4σ прокол 0.2%,LQTYUSDT,2025-09-09 15:18:00+00:00,0.005050007422855691,True
4σ,LQTYUSDT,2025-09-09 15:18:00+00:00,0.005050007422855691,True
4σ прокол 0.2%,GPSUSDT,2025-09-10 10:59:00+00:00,0.01321601400288766,True
4σ,GPSUSDT,2025-09-10 10:59:00+00:00,0.01321601400288766,True
6σ,GPSUSDT,2025-09-10 10:59:00+00:00,0.06830339770179655,True
6σ стоп 5D,GPSUSDT,2025-09-10 10:59:00+00:00,0.06830339770179655,True
6σ прокол 0.2%,GPSUSDT,2025-09-10 10:59:00+00:00,0.06830339770179655,True
6σ стоп 5D,YALAUSDT,2025-09-11 04:28:00+00:00,-0.0970013174609656,True
6σ прокол 0.2%,YALAUSDT,2025-09-11 04:28:00+00:00,-0.0970013174609656,True
4σ,YALAUSDT,2025-09-11 04:28:00+00:00,-0.1533653245656795,True
4σ прокол 0.2%,YALAUSDT,2025-09-11 04:28:00+00:00,-0.1533653245656795,True
6σ,YALAUSDT,2025-09-11 04:28:00+00:00,-0.0970013174609656,True
4σ,A2ZUSDT,2025-09-11 07:34:00+00:00,0.020416677908307437,True
4σ прокол 0.2%,A2ZUSDT,2025-09-11 07:34:00+00:00,0.020416677908307437,True
4σ прокол 0.2%,INUSDT,2025-09-11 07:39:00+00:00,-0.052258629832883624,True
4σ,INUSDT,2025-09-11 07:39:00+00:00,-0.052258629832883624,True
6σ стоп 5D,ALPINEUSDT,2025-09-11 12:00:00+00:00,0.016069494755293248,True
4σ прокол 0.2%,ALPINEUSDT,2025-09-11 12:00:00+00:00,0.010460419423043276,True
6σ,ALPINEUSDT,2025-09-11 12:00:00+00:00,0.016069494755293248,True
6σ прокол 0.2%,ALPINEUSDT,2025-09-11 12:00:00+00:00,0.016069494755293248,True
4σ,ALPINEUSDT,2025-09-11 12:00:00+00:00,0.010460419423043276,True
4σ,GASUSDT,2025-09-11 12:30:00+00:00,0.007296695123849962,True
4σ,AIXBTUSDT,2025-09-11 12:30:00+00:00,0.008580433642161128,True
4σ прокол 0.2%,AIXBTUSDT,2025-09-11 12:30:00+00:00,0.008580433642161128,True
4σ,EGLDUSDT,2025-09-11 12:30:00+00:00,0.011034771239968277,True
4σ,ARPAUSDT,2025-09-11 12:30:00+00:00,0.011255139651445045,True
4σ,GRTUSDT,2025-09-11 12:30:00+00:00,0.013747237104427556,True
4σ,MANAUSDT,2025-09-11 12:30:00+00:00,0.013483791793951826,True
4σ прокол 0.2%,VIRTUALUSDT,2025-09-11 12:30:00+00:00,0.018705444093479254,True
6σ,AUSDT,2025-09-11 12:30:00+00:00,0.012497455382582467,True
4σ,ALGOUSDT,2025-09-11 12:30:00+00:00,0.013539655123531346,True
4σ прокол 0.2%,ALGOUSDT,2025-09-11 12:30:00+00:00,0.013539655123531346,True
4σ прокол 0.2%,IOTAUSDT,2025-09-11 12:30:00+00:00,0.017108655960713162,True
6σ прокол 0.2%,AUSDT,2025-09-11 12:30:00+00:00,0.012497455382582467,True
4σ,IOTAUSDT,2025-09-11 12:30:00+00:00,0.017108655960713162,True
6σ стоп 5D,AUSDT,2025-09-11 12:30:00+00:00,0.012497455382582467,True
6σ стоп 5D,IOTAUSDT,2025-09-11 12:30:00+00:00,0.026331007962976563,True
6σ,IOTAUSDT,2025-09-11 12:30:00+00:00,0.026331007962976563,True
4σ,VIRTUALUSDT,2025-09-11 12:30:00+00:00,0.018705444093479254,True
6σ прокол 0.2%,IOTAUSDT,2025-09-11 12:30:00+00:00,0.026331007962976563,True
6σ стоп 5D,ARCUSDT,2025-09-11 12:30:00+00:00,0.04154496721701979,True
6σ стоп 5D,GOATUSDT,2025-09-11 12:30:00+00:00,0.03012135574221393,True
6σ,ARCUSDT,2025-09-11 12:30:00+00:00,0.04154496721701979,True
4σ,THEUSDT,2025-09-11 12:30:00+00:00,0.013510057301392164,True
4σ,1000FLOKIUSDT,2025-09-11 12:30:00+00:00,0.014357145128670767,True
4σ прокол 0.2%,VETUSDT,2025-09-11 12:30:00+00:00,0.012084303703982346,True
4σ прокол 0.2%,XLMUSDT,2025-09-11 12:30:00+00:00,0.011671099360368763,True
4σ,XLMUSDT,2025-09-11 12:30:00+00:00,0.011671099360368763,True
4σ,VETUSDT,2025-09-11 12:30:00+00:00,0.012084303703982346,True
4σ прокол 0.2%,SANDUSDT,2025-09-11 12:30:00+00:00,0.011120421998531426,True
4σ прокол 0.2%,TREEUSDT,2025-09-11 12:30:00+00:00,0.017181854612077177,True
4σ,SANDUSDT,2025-09-11 12:30:00+00:00,0.011120421998531426,True
4σ,TREEUSDT,2025-09-11 12:30:00+00:00,0.017181854612077177,True
4σ,VVVUSDT,2025-09-11 12:30:00+00:00,0.015822036327571357,True
4σ прокол 0.2%,VVVUSDT,2025-09-11 12:30:00+00:00,0.015822036327571357,True
6σ прокол 0.2%,VETUSDT,2025-09-11 12:30:00+00:00,0.01856319787747447,True
6σ стоп 5D,VETUSDT,2025-09-11 12:30:00+00:00,0.01856319787747447,True
6σ,VETUSDT,2025-09-11 12:30:00+00:00,0.01856319787747447,True
4σ,APTUSDT,2025-09-11 12:30:00+00:00,0.010631837233117513,True
4σ прокол 0.2%,APTUSDT,2025-09-11 12:30:00+00:00,0.010631837233117513,True
4σ,HBARUSDT,2025-09-11 12:30:00+00:00,0.012253411296710492,True
4σ прокол 0.2%,HBARUSDT,2025-09-11 12:30:00+00:00,0.012253411296710492,True
4σ прокол 0.2%,ORCAUSDT,2025-09-11 12:30:00+00:00,0.016770850052036004,True
4σ,ORCAUSDT,2025-09-11 12:30:00+00:00,0.016770850052036004,True
6σ прокол 0.2%,ARCUSDT,2025-09-11 12:30:00+00:00,0.04154496721701979,True
4σ прокол 0.2%,GOATUSDT,2025-09-11 12:30:00+00:00,0.009945050651094994,True
4σ,GOATUSDT,2025-09-11 12:30:00+00:00,0.009945050651094994,True
6σ,GOATUSDT,2025-09-11 12:30:00+00:00,0.03012135574221393,True
6σ прокол 0.2%,GOATUSDT,2025-09-11 12:30:00+00:00,0.03012135574221393,True
4σ,CETUSUSDT,2025-09-11 12:30:00+00:00,0.015711598680819797,True
4σ прокол 0.2%,ZENUSDT,2025-09-11 12:30:00+00:00,0.010580684151360441,True
4σ,ZENUSDT,2025-09-11 12:30:00+00:00,0.010580684151360441,True
4σ,YFIUSDT,2025-09-11 12:30:00+00:00,0.009779931888551151,True
4σ,CHILLGUYUSDT,2025-09-12 05:13:00+00:00,0.026539653494111096,True
4σ,UMAUSDT,2025-09-12 14:00:00+00:00,0.01812370492457545,True
6σ,UMAUSDT,2025-09-12 14:00:00+00:00,0.027909962783897638,True
6σ стоп 5D,UMAUSDT,2025-09-12 14:00:00+00:00,0.027909962783897638,True
4σ прокол 0.2%,UMAUSDT,2025-09-12 14:00:00+00:00,0.01812370492457545,True
6σ прокол 0.2%,UMAUSDT,2025-09-12 14:00:00+00:00,0.027909962783897638,True
4σ,ASRUSDT,2025-09-12 14:01:00+00:00,0.02060093746371079,True
4σ прокол 0.2%,ASRUSDT,2025-09-12 14:01:00+00:00,0.02060093746371079,True
4σ,SAHARAUSDT,2025-09-12 15:37:00+00:00,0.009097024382939755,True
4σ,BEAMXUSDT,2025-09-12 20:18:00+00:00,0.013065585262049106,False
4σ прокол 0.2%,BEAMXUSDT,2025-09-12 20:18:00+00:00,0.013065585262049106,False
4σ прокол 0.2%,ERAUSDT,2025-09-13 13:51:00+00:00,0.00980005973887783,True
4σ,ERAUSDT,2025-09-13 13:51:00+00:00,0.00980005973887783,True
4σ,AEROUSDT,2025-09-13 14:19:00+00:00,0.015232413171376979,True
4σ прокол 0.2%,AEROUSDT,2025-09-13 14:19:00+00:00,0.015232413171376979,True
6σ,NEIROETHUSDT,2025-09-13 16:17:00+00:00,0.05637007309870774,True
6σ стоп 5D,NEIROETHUSDT,2025-09-13 16:17:00+00:00,0.05637007309870774,True
6σ прокол 0.2%,NEIROETHUSDT,2025-09-13 16:17:00+00:00,0.05637007309870774,True
4σ прокол 0.2%,IMXUSDT,2025-09-15 02:11:00+00:00,0.023822454873477297,True
4σ,IMXUSDT,2025-09-15 02:11:00+00:00,0.023822454873477297,True
4σ,SUSHIUSDT,2025-09-15 06:18:00+00:00,0.015772013222781392,True
4σ прокол 0.2%,SUSHIUSDT,2025-09-15 06:18:00+00:00,0.015772013222781392,True
4σ,XNYUSDT,2025-09-15 08:28:00+00:00,-0.06949775804786892,True
4σ прокол 0.2%,XNYUSDT,2025-09-15 08:28:00+00:00,-0.06949775804786892,True
4σ,BTCDOMUSDT,2025-09-16 17:03:00+00:00,0.005181971743654935,False
6σ,ZEREBROUSDT,2025-09-17 00:02:00+00:00,0.03754777375188392,True
6σ стоп 5D,ZEREBROUSDT,2025-09-17 00:02:00+00:00,0.03754777375188392,True
6σ прокол 0.2%,ZEREBROUSDT,2025-09-17 00:02:00+00:00,0.03754777375188392,True
4σ,MORPHOUSDT,2025-09-17 17:59:00+00:00,0.013857385494345075,True
4σ прокол 0.2%,MORPHOUSDT,2025-09-17 17:59:00+00:00,0.013857385494345075,True
4σ,PAXGUSDT,2025-09-17 18:01:00+00:00,0.0021346680352598126,True
4σ прокол 0.2%,PLAYUSDT,2025-09-19 11:35:00+00:00,0.02094179708324813,False
4σ,PLAYUSDT,2025-09-19 11:35:00+00:00,0.02094179708324813,False
4σ прокол 0.2%,HEMIUSDT,2025-09-21 05:17:00+00:00,0.05399018841856114,True
4σ,HEMIUSDT,2025-09-21 05:17:00+00:00,0.05399018841856114,True
4σ прокол 0.2%,VELVETUSDT,2025-09-21 08:31:00+00:00,0.061049548949758184,True
4σ,VELVETUSDT,2025-09-21 08:31:00+00:00,0.061049548949758184,True
6σ прокол 0.2%,NEIROETHUSDT,2025-09-21 09:25:00+00:00,0.04762465459689387,True
6σ стоп 5D,NEIROETHUSDT,2025-09-21 09:25:00+00:00,0.04762465459689387,True
6σ,NEIROETHUSDT,2025-09-21 09:25:00+00:00,0.04762465459689387,True
4σ прокол 0.2%,SAHARAUSDT,2025-09-22 00:31:00+00:00,0.0012883581699232598,True
4σ,SAHARAUSDT,2025-09-22 00:31:00+00:00,0.0012883581699232598,True
4σ прокол 0.2%,BRETTUSDT,2025-09-22 00:32:00+00:00,-0.010511432266050752,True
4σ,BRETTUSDT,2025-09-22 00:32:00+00:00,-0.010511432266050752,True
6σ прокол 0.2%,BRETTUSDT,2025-09-22 00:32:00+00:00,0.009739095929395064,True
6σ стоп 5D,BRETTUSDT,2025-09-22 00:32:00+00:00,0.009739095929395064,True
6σ,BRETTUSDT,2025-09-22 00:32:00+00:00,0.009739095929395064,True
4σ,ASRUSDT,2025-09-22 00:32:00+00:00,0.012684657332218973,True
6σ стоп 5D,ASRUSDT,2025-09-22 00:32:00+00:00,0.019487203237993536,True
6σ,ASRUSDT,2025-09-22 00:32:00+00:00,0.019487203237993536,True
4σ прокол 0.2%,ASRUSDT,2025-09-22 00:32:00+00:00,0.012684657332218973,True
6σ прокол 0.2%,ASRUSDT,2025-09-22 00:32:00+00:00,0.019487203237993536,True
4σ прокол 0.2%,AVAAIUSDT,2025-09-22 06:00:00+00:00,-0.01211413412047932,True
4σ прокол 0.2%,SXTUSDT,2025-09-22 06:00:00+00:00,-0.0815104195225945,True
4σ,SXTUSDT,2025-09-22 06:00:00+00:00,-0.0815104195225945,True
6σ прокол 0.2%,OMUSDT,2025-09-22 06:00:00+00:00,-0.01361190540440202,True
4σ,MELANIAUSDT,2025-09-22 06:00:00+00:00,-0.0021249310418298413,True
6σ стоп 5D,MELANIAUSDT,2025-09-22 06:00:00+00:00,0.03188874449590236,True
4σ прокол 0.2%,SUSDT,2025-09-22 06:00:00+00:00,0.019468433052592674,True
6σ,MELANIAUSDT,2025-09-22 06:00:00+00:00,0.03188874449590236,True
4σ прокол 0.2%,XNYUSDT,2025-09-22 06:00:00+00:00,-0.0026704648072606025,True
4σ,XNYUSDT,2025-09-22 06:00:00+00:00,-0.0026704648072606025,True
6σ прокол 0.2%,LAYERUSDT,2025-09-22 06:00:00+00:00,0.022377056205640414,False
4σ,SPKUSDT,2025-09-22 06:00:00+00:00,-0.0171357000703822,True
6σ,LAYERUSDT,2025-09-22 06:00:00+00:00,0.022377056205640414,False
4σ прокол 0.2%,SPKUSDT,2025-09-22 06:00:00+00:00,-0.0171357000703822,True
4σ прокол 0.2%,MELANIAUSDT,2025-09-22 06:00:00+00:00,-0.0021249310418298413,True
4σ,SUSDT,2025-09-22 06:00:00+00:00,0.019468433052592674,True
6σ,OMUSDT,2025-09-22 06:00:00+00:00,-0.01361190540440202,True
4σ,AVAAIUSDT,2025-09-22 06:00:00+00:00,-0.01211413412047932,True
6σ,AVAAIUSDT,2025-09-22 06:00:00+00:00,0.019000736056480814,True
6σ стоп 5D,LAYERUSDT,2025-09-22 06:00:00+00:00,0.022377056205640414,False
6σ прокол 0.2%,AVAAIUSDT,2025-09-22 06:00:00+00:00,0.019000736056480814,True
6σ стоп 5D,AVAAIUSDT,2025-09-22 06:00:00+00:00,0.019000736056480814,True
6σ стоп 5D,OMUSDT,2025-09-22 06:00:00+00:00,-0.01361190540440202,True
4σ прокол 0.2%,GPSUSDT,2025-09-22 06:01:00+00:00,0.03178906762230245,True
4σ прокол 0.2%,QNTUSDT,2025-09-22 06:01:00+00:00,-0.006086986023722012,True
6σ прокол 0.2%,TONUSDT,2025-09-22 06:01:00+00:00,0.015662113229095085,True
4σ прокол 0.2%,TOWNSUSDT,2025-09-22 06:01:00+00:00,0.02508410104239074,True
4σ прокол 0.2%,NOTUSDT,2025-09-22 06:01:00+00:00,0.018273057846722243,True
6σ стоп 5D,TONUSDT,2025-09-22 06:01:00+00:00,0.015662113229095085,True
4σ,TOWNSUSDT,2025-09-22 06:01:00+00:00,0.02508410104239074,True
4σ,GPSUSDT,2025-09-22 06:01:00+00:00,0.03178906762230245,True
4σ,QNTUSDT,2025-09-22 06:01:00+00:00,-0.006086986023722012,True
6σ,TONUSDT,2025-09-22 06:01:00+00:00,0.015662113229095085,True
4σ,ETHFIUSDT,2025-09-22 06:01:00+00:00,0.02249526389060015,True
4σ,NOTUSDT,2025-09-22 06:01:00+00:00,0.018273057846722243,True
4σ прокол 0.2%,COMPUSDT,2025-09-22 06:01:00+00:00,0.014557185234006464,True
4σ прокол 0.2%,ETHFIUSDT,2025-09-22 06:01:00+00:00,0.02249526389060015,True
4σ,COMPUSDT,2025-09-22 06:01:00+00:00,0.014557185234006464,True
6σ,NOTUSDT,2025-09-22 06:01:00+00:00,0.028142563713397364,True
6σ стоп 5D,NOTUSDT,2025-09-22 06:01:00+00:00,0.028142563713397364,True
6σ прокол 0.2%,NOTUSDT,2025-09-22 06:01:00+00:00,0.028142563713397364,True
6σ,ALTUSDT,2025-09-22 06:02:00+00:00,0.03126973564718334,True
4σ прокол 0.2%,ARPAUSDT,2025-09-22 06:02:00+00:00,0.02290802351635808,True
4σ,POPCATUSDT,2025-09-22 06:02:00+00:00,0.022383575847040496,True
4σ прокол 0.2%,POLUSDT,2025-09-22 06:02:00+00:00,0.014391393615506187,True
4σ,POLUSDT,2025-09-22 06:02:00+00:00,0.014391393615506187,True
6σ,MAGICUSDT,2025-09-22 06:02:00+00:00,0.036185481714921156,True
6σ,TOWNSUSDT,2025-09-22 06:02:00+00:00,0.04193665746593296,True
6σ,LAYERUSDT,2025-09-22 06:02:00+00:00,0.03096369633654024,False
6σ прокол 0.2%,POLUSDT,2025-09-22 06:02:00+00:00,0.02212019549918605,True
6σ прокол 0.2%,ALTUSDT,2025-09-22 06:02:00+00:00,0.03126973564718334,True
6σ,API3USDT,2025-09-22 06:02:00+00:00,0.029880724741016843,True
4σ прокол 0.2%,MAGICUSDT,2025-09-22 06:02:00+00:00,0.023409597416012187,True
4σ прокол 0.2%,NXPCUSDT,2025-09-22 06:02:00+00:00,0.01644438637677577,True
4σ прокол 0.2%,KAITOUSDT,2025-09-22 06:02:00+00:00,0.019558009080059738,True
6σ,JASMYUSDT,2025-09-22 06:02:00+00:00,0.028251106473095214,True
4σ прокол 0.2%,JASMYUSDT,2025-09-22 06:02:00+00:00,0.018342737536231682,True
4σ,JASMYUSDT,2025-09-22 06:02:00+00:00,0.018342737536231682,True
4σ прокол 0.2%,LQTYUSDT,2025-09-22 06:02:00+00:00,0.027798671164042957,True
4σ прокол 0.2%,ALTUSDT,2025-09-22 06:02:00+00:00,0.02027660861223564,True
4σ,AIXBTUSDT,2025-09-22 06:02:00+00:00,0.02527640595667409,True
4σ,ROSEUSDT,2025-09-22 06:02:00+00:00,0.023206848660743254,True
6σ стоп 5D,LQTYUSDT,2025-09-22 06:02:00+00:00,0.04312536417780995,True
6σ стоп 5D,API3USDT,2025-09-22 06:02:00+00:00,0.029880724741016843,True
6σ стоп 5D,ROSEUSDT,2025-09-22 06:02:00+00:00,0.035866408610655445,True
6σ,ROSEUSDT,2025-09-22 06:02:00+00:00,0.035866408610655445,True
6σ прокол 0.2%,MAGICUSDT,2025-09-22 06:02:00+00:00,0.036185481714921156,True
6σ прокол 0.2%,LQTYUSDT,2025-09-22 06:02:00+00:00,0.04312536417780995,True
4σ прокол 0.2%,AIXBTUSDT,2025-09-22 06:02:00+00:00,0.02527640595667409,True
4σ,ARPAUSDT,2025-09-22 06:02:00+00:00,0.02290802351635808,True
6σ прокол 0.2%,TRBUSDT,2025-09-22 06:02:00+00:00,0.032251712542906,True
6σ,TRBUSDT,2025-09-22 06:02:00+00:00,0.032251712542906,True
4σ прокол 0.2%,RAREUSDT,2025-09-22 06:02:00+00:00,0.016410563407763992,True
4σ,RAREUSDT,2025-09-22 06:02:00+00:00,0.016410563407763992,True
6σ стоп 5D,ALTUSDT,2025-09-22 06:02:00+00:00,0.03126973564718334,True
6σ прокол 0.2%,RAREUSDT,2025-09-22 06:02:00+00:00,0.025246985385689993,True
6σ стоп 5D,RAREUSDT,2025-09-22 06:02:00+00:00,0.025246985385689993,True
6σ,RAREUSDT,2025-09-22 06:02:00+00:00,0.025246985385689993,True
4σ,LQTYUSDT,2025-09-22 06:02:00+00:00,0.027798671164042957,True
6σ стоп 5D,MAGICUSDT,2025-09-22 06:02:00+00:00,0.036185481714921156,True
6σ стоп 5D,TRBUSDT,2025-09-22 06:02:00+00:00,0.032251712542906,True
4σ,KAITOUSDT,2025-09-22 06:02:00+00:00,0.019558009080059738,True
6σ стоп 5D,POLUSDT,2025-09-22 06:02:00+00:00,0.02212019549918605,True
6σ стоп 5D,MEMEUSDT,2025-09-22 06:02:00+00:00,0.04659952382476003,True
6σ,FIDAUSDT,2025-09-22 06:02:00+00:00,0.030534699215093844,True
6σ,LQTYUSDT,2025-09-22 06:02:00+00:00,0.04312536417780995,True
6σ стоп 5D,FIDAUSDT,2025-09-22 06:02:00+00:00,0.030534699215093844,True
6σ прокол 0.2%,FIDAUSDT,2025-09-22 06:02:00+00:00,0.030534699215093844,True
6σ,ILVUSDT,2025-09-22 06:02:00+00:00,0.029104608582575645,True
4σ,MAGICUSDT,2025-09-22 06:02:00+00:00,0.023409597416012187,True
4σ,FIDAUSDT,2025-09-22 06:02:00+00:00,0.019806413265669634,True
6σ,TAOUSDT,2025-09-22 06:02:00+00:00,0.02323473485862189,True
4σ прокол 0.2%,IDUSDT,2025-09-22 06:02:00+00:00,0.03404691680510026,True
4σ прокол 0.2%,FIDAUSDT,2025-09-22 06:02:00+00:00,0.019806413265669634,True
6σ прокол 0.2%,TOWNSUSDT,2025-09-22 06:02:00+00:00,0.04193665746593296,True
4σ прокол 0.2%,MEUSDT,2025-09-22 06:02:00+00:00,0.07835773302626031,True
4σ,MEUSDT,2025-09-22 06:02:00+00:00,0.07835773302626031,True
4σ,IDUSDT,2025-09-22 06:02:00+00:00,0.03404691680510026,True
4σ прокол 0.2%,MEMEUSDT,2025-09-22 06:02:00+00:00,0.02998108486844249,True
6σ стоп 5D,TOWNSUSDT,2025-09-22 06:02:00+00:00,0.04193665746593296,True
4σ,MEMEUSDT,2025-09-22 06:02:00+00:00,0.02998108486844249,True
6σ,MEMEUSDT,2025-09-22 06:02:00+00:00,0.04659952382476003,True
6σ прокол 0.2%,MEMEUSDT,2025-09-22 06:02:00+00:00,0.04659952382476003,True
6σ прокол 0.2%,DASHUSDT,2025-09-22 06:02:00+00:00,0.024411580114852074,True
6σ стоп 5D,DASHUSDT,2025-09-22 06:02:00+00:00,0.024411580114852074,True
6σ,DASHUSDT,2025-09-22 06:02:00+00:00,0.024411580114852074,True
4σ,NEARUSDT,2025-09-22 06:02:00+00:00,0.019078039540488104,True
6σ,POLUSDT,2025-09-22 06:02:00+00:00,0.02212019549918605,True
4σ,CGPTUSDT,2025-09-22 06:02:00+00:00,0.028584871830171957,True
4σ прокол 0.2%,OGNUSDT,2025-09-22 06:02:00+00:00,0.024256419909310226,True
4σ,ILVUSDT,2025-09-22 06:02:00+00:00,0.01889030381276076,True
4σ прокол 0.2%,CGPTUSDT,2025-09-22 06:02:00+00:00,0.028584871830171957,True
4σ,OGNUSDT,2025-09-22 06:02:00+00:00,0.024256419909310226,True
4σ прокол 0.2%,HBARUSDT,2025-09-22 06:02:00+00:00,0.013453717774961137,True
4σ прокол 0.2%,NTRNUSDT,2025-09-22 06:02:00+00:00,0.02227906313158963,True
6σ стоп 5D,JASMYUSDT,2025-09-22 06:02:00+00:00,0.028251106473095214,True
4σ прокол 0.2%,ILVUSDT,2025-09-22 06:02:00+00:00,0.01889030381276076,True
4σ,NTRNUSDT,2025-09-22 06:02:00+00:00,0.02227906313158963,True
4σ,ALTUSDT,2025-09-22 06:02:00+00:00,0.02027660861223564,True
6σ стоп 5D,TAOUSDT,2025-09-22 06:02:00+00:00,0.02323473485862189,True
6σ прокол 0.2%,ILVUSDT,2025-09-22 06:02:00+00:00,0.029104608582575645,True
6σ стоп 5D,ILVUSDT,2025-09-22 06:02:00+00:00,0.029104608582575645,True
4σ,HBARUSDT,2025-09-22 06:02:00+00:00,0.013453717774961137,True
4σ прокол 0.2%,NEARUSDT,2025-09-22 06:02:00+00:00,0.019078039540488104,True
4σ прокол 0.2%,UMAUSDT,2025-09-22 06:02:00+00:00,0.019200655067790964,True
4σ прокол 0.2%,HYPERUSDT,2025-09-22 06:02:00+00:00,0.024258309842745976,True
4σ,UMAUSDT,2025-09-22 06:02:00+00:00,0.019200655067790964,True
6σ прокол 0.2%,JASMYUSDT,2025-09-22 06:02:00+00:00,0.028251106473095214,True
4σ прокол 0.2%,ROSEUSDT,2025-09-22 06:02:00+00:00,0.023206848660743254,True
4σ прокол 0.2%,LDOUSDT,2025-09-22 06:02:00+00:00,0.018092272024994485,True
6σ стоп 5D,SHELLUSDT,2025-09-22 06:02:00+00:00,0.05855880492832473,True
6σ,ALGOUSDT,2025-09-22 06:02:00+00:00,0.026477045481592534,True
6σ стоп 5D,MANAUSDT,2025-09-22 06:02:00+00:00,0.027271299820897668,True
6σ,HBARUSDT,2025-09-22 06:02:00+00:00,0.02067250925851956,True
6σ прокол 0.2%,XLMUSDT,2025-09-22 06:02:00+00:00,0.019943803035627775,True
4σ,HYPERUSDT,2025-09-22 06:02:00+00:00,0.024258309842745976,True
6σ прокол 0.2%,MANAUSDT,2025-09-22 06:02:00+00:00,0.027271299820897668,True
6σ прокол 0.2%,ACHUSDT,2025-09-22 06:02:00+00:00,0.027035399457854672,True
6σ стоп 5D,XLMUSDT,2025-09-22 06:02:00+00:00,0.019943803035627775,True
6σ,XLMUSDT,2025-09-22 06:02:00+00:00,0.019943803035627775,True
6σ стоп 5D,ACHUSDT,2025-09-22 06:02:00+00:00,0.027035399457854672,True
4σ,MANAUSDT,2025-09-22 06:02:00+00:00,0.017713385925454975,True
6σ,ACHUSDT,2025-09-22 06:02:00+00:00,0.027035399457854672,True
6σ прокол 0.2%,HYPERUSDT,2025-09-22 06:02:00+00:00,0.037522571276693076,True
4σ,PORTALUSDT,2025-09-22 06:02:00+00:00,0.03357049177749945,True
4σ,A2ZUSDT,2025-09-22 06:02:00+00:00,-0.016942147695424094,True
6σ прокол 0.2%,PORTALUSDT,2025-09-22 06:02:00+00:00,0.05234759956350406,True
6σ прокол 0.2%,A2ZUSDT,2025-09-22 06:02:00+00:00,0.0018363151167306861,True
6σ стоп 5D,A2ZUSDT,2025-09-22 06:02:00+00:00,0.0018363151167306861,True
6σ,A2ZUSDT,2025-09-22 06:02:00+00:00,0.0018363151167306861,True
4σ прокол 0.2%,MANAUSDT,2025-09-22 06:02:00+00:00,0.017713385925454975,True
6σ,PHBUSDT,2025-09-22 06:02:00+00:00,0.03260935592076426,True
6σ стоп 5D,PORTALUSDT,2025-09-22 06:02:00+00:00,0.05234759956350406,True
6σ стоп 5D,PHBUSDT,2025-09-22 06:02:00+00:00,0.03260935592076426,True
6σ прокол 0.2%,PHBUSDT,2025-09-22 06:02:00+00:00,0.03260935592076426,True
4σ,PHBUSDT,2025-09-22 06:02:00+00:00,0.02113239038840549,True
4σ,XTZUSDT,2025-09-22 06:02:00+00:00,0.021630092210970855,True
6σ,RLCUSDT,2025-09-22 06:02:00+00:00,0.02883432215673616,True
4σ,XLMUSDT,2025-09-22 06:02:00+00:00,0.012981054334557828,True
6σ стоп 5D,ALGOUSDT,2025-09-22 06:02:00+00:00,0.026477045481592534,True
6σ стоп 5D,BANDUSDT,2025-09-22 06:02:00+00:00,0.03099320199200424,True
6σ,BANDUSDT,2025-09-22 06:02:00+00:00,0.03099320199200424,True
4σ прокол 0.2%,PROVEUSDT,2025-09-22 06:02:00+00:00,0.019953468563887092,True
6σ прокол 0.2%,IOTAUSDT,2025-09-22 06:02:00+00:00,0.02594139214214071,True
4σ,PROVEUSDT,2025-09-22 06:02:00+00:00,0.019953468563887092,True
6σ прокол 0.2%,PROVEUSDT,2025-09-22 06:02:00+00:00,0.030764508693839912,True
4σ,IOTAUSDT,2025-09-22 06:02:00+00:00,0.016857863986229307,True
4σ прокол 0.2%,IOTAUSDT,2025-09-22 06:02:00+00:00,0.016857863986229307,True
4σ прокол 0.2%,XTZUSDT,2025-09-22 06:02:00+00:00,0.021630092210970855,True
4σ,KMNOUSDT,2025-09-22 06:02:00+00:00,0.03930015628588342,True
4σ прокол 0.2%,KMNOUSDT,2025-09-22 06:02:00+00:00,0.03930015628588342,True
6σ стоп 5D,PROVEUSDT,2025-09-22 06:02:00+00:00,0.030764508693839912,True
6σ,PROMPTUSDT,2025-09-22 06:02:00+00:00,0.051705824044219376,True
6σ,PROVEUSDT,2025-09-22 06:02:00+00:00,0.030764508693839912,True
6σ прокол 0.2%,ALPHAUSDT,2025-09-22 06:02:00+00:00,0.058755041871876926,True
6σ,HYPERUSDT,2025-09-22 06:02:00+00:00,0.037522571276693076,True
6σ стоп 5D,PROMPTUSDT,2025-09-22 06:02:00+00:00,0.051705824044219376,True
6σ стоп 5D,ALPHAUSDT,2025-09-22 06:02:00+00:00,0.058755041871876926,True
6σ,ALPHAUSDT,2025-09-22 06:02:00+00:00,0.058755041871876926,True
6σ прокол 0.2%,PROMPTUSDT,2025-09-22 06:02:00+00:00,0.051705824044219376,True
4σ прокол 0.2%,ALGOUSDT,2025-09-22 06:02:00+00:00,0.0172026259358133,True
4σ,ALGOUSDT,2025-09-22 06:02:00+00:00,0.0172026259358133,True
4σ прокол 0.2%,XLMUSDT,2025-09-22 06:02:00+00:00,0.012981054334557828,True
4σ прокол 0.2%,PORTALUSDT,2025-09-22 06:02:00+00:00,0.03357049177749945,True
6σ прокол 0.2%,ALGOUSDT,2025-09-22 06:02:00+00:00,0.026477045481592534,True
6σ,MANAUSDT,2025-09-22 06:02:00+00:00,0.027271299820897668,True
6σ,SHELLUSDT,2025-09-22 06:02:00+00:00,0.05855880492832473,True
6σ стоп 5D,RLCUSDT,2025-09-22 06:02:00+00:00,0.02883432215673616,True
6σ,PORTALUSDT,2025-09-22 06:02:00+00:00,0.05234759956350406,True
6σ прокол 0.2%,USUALUSDT,2025-09-22 06:02:00+00:00,0.042530845255608976,True
4σ,USUALUSDT,2025-09-22 06:02:00+00:00,0.027424218685897686,True
4σ прокол 0.2%,USUALUSDT,2025-09-22 06:02:00+00:00,0.027424218685897686,True
4σ прокол 0.2%,STGUSDT,2025-09-22 06:02:00+00:00,0.016007231056961183,True
6σ прокол 0.2%,LPTUSDT,2025-09-22 06:02:00+00:00,0.02769106537008277,True
4σ,LPTUSDT,2025-09-22 06:02:00+00:00,0.01798310949307176,True
4σ прокол 0.2%,SUSHIUSDT,2025-09-22 06:02:00+00:00,0.020610545059997556,True
6σ стоп 5D,HBARUSDT,2025-09-22 06:02:00+00:00,0.02067250925851956,True
6σ,SUPERUSDT,2025-09-22 06:02:00+00:00,0.023761455616484198,True
4σ,SUSHIUSDT,2025-09-22 06:02:00+00:00,0.020610545059997556,True
4σ,TREEUSDT,2025-09-22 06:02:00+00:00,0.03591571323194316,True
6σ стоп 5D,SUPERUSDT,2025-09-22 06:02:00+00:00,0.023761455616484198,True
6σ прокол 0.2%,HBARUSDT,2025-09-22 06:02:00+00:00,0.02067250925851956,True
6σ,VINEUSDT,2025-09-22 06:02:00+00:00,0.03986708574395022,True
6σ прокол 0.2%,SUPERUSDT,2025-09-22 06:02:00+00:00,0.023761455616484198,True
6σ прокол 0.2%,SUSHIUSDT,2025-09-22 06:02:00+00:00,0.031792193113997905,True
4σ,SUPERUSDT,2025-09-22 06:02:00+00:00,0.015452294077802532,True
6σ стоп 5D,SUSHIUSDT,2025-09-22 06:02:00+00:00,0.031792193113997905,True
6σ,SUSHIUSDT,2025-09-22 06:02:00+00:00,0.031792193113997905,True
6σ,ZRXUSDT,2025-09-22 06:02:00+00:00,0.024534082838591778,True
4σ прокол 0.2%,SUPERUSDT,2025-09-22 06:02:00+00:00,0.015452294077802532,True
6σ стоп 5D,ZRXUSDT,2025-09-22 06:02:00+00:00,0.024534082838591778,True
6σ прокол 0.2%,ZRXUSDT,2025-09-22 06:02:00+00:00,0.024534082838591778,True
4σ прокол 0.2%,LPTUSDT,2025-09-22 06:02:00+00:00,0.01798310949307176,True
6σ прокол 0.2%,SHELLUSDT,2025-09-22 06:02:00+00:00,0.05855880492832473,True
6σ стоп 5D,USUALUSDT,2025-09-22 06:02:00+00:00,0.042530845255608976,True
6σ прокол 0.2%,RLCUSDT,2025-09-22 06:02:00+00:00,0.02883432215673616,True
6σ,USUALUSDT,2025-09-22 06:02:00+00:00,0.042530845255608976,True
4σ,STGUSDT,2025-09-22 06:02:00+00:00,0.016007231056961183,True
4σ прокол 0.2%,PHBUSDT,2025-09-22 06:02:00+00:00,0.02113239038840549,True
6σ,QTUMUSDT,2025-09-22 06:02:00+00:00,0.023577171316335258,True
6σ стоп 5D,QTUMUSDT,2025-09-22 06:02:00+00:00,0.023577171316335258,True
6σ прокол 0.2%,QTUMUSDT,2025-09-22 06:02:00+00:00,0.023577171316335258,True
4σ,QTUMUSDT,2025-09-22 06:02:00+00:00,0.015333287720855581,True
4σ прокол 0.2%,QTUMUSDT,2025-09-22 06:02:00+00:00,0.015333287720855581,True
6σ,SSVUSDT,2025-09-22 06:02:00+00:00,0.03268306050886145,True
4σ,REZUSDT,2025-09-22 06:02:00+00:00,0.04613749760052262,True
6σ стоп 5D,SSVUSDT,2025-09-22 06:02:00+00:00,0.03268306050886145,True
6σ прокол 0.2%,SSVUSDT,2025-09-22 06:02:00+00:00,0.03268306050886145,True
4σ прокол 0.2%,REZUSDT,2025-09-22 06:02:00+00:00,0.04613749760052262,True
4σ прокол 0.2%,PNUTUSDT,2025-09-22 06:02:00+00:00,0.022167574627130107,True
4σ прокол 0.2%,TREEUSDT,2025-09-22 06:02:00+00:00,0.03591571323194316,True
4σ,SSVUSDT,2025-09-22 06:02:00+00:00,0.02117943125265538,True
4σ,PNUTUSDT,2025-09-22 06:02:00+00:00,0.022167574627130107,True
6σ прокол 0.2%,PNUTUSDT,2025-09-22 06:02:00+00:00,0.03423294347717305,True
6σ стоп 5D,PNUTUSDT,2025-09-22 06:02:00+00:00,0.03423294347717305,True
6σ прокол 0.2%,VINEUSDT,2025-09-22 06:02:00+00:00,0.03986708574395022,True
6σ стоп 5D,VINEUSDT,2025-09-22 06:02:00+00:00,0.03986708574395022,True
4σ прокол 0.2%,SSVUSDT,2025-09-22 06:02:00+00:00,0.02117943125265538,True
6σ,SOONUSDT,2025-09-22 06:02:00+00:00,0.04674912291743678,True
6σ стоп 5D,SOONUSDT,2025-09-22 06:02:00+00:00,0.04674912291743678,True
6σ,LPTUSDT,2025-09-22 06:02:00+00:00,0.02769106537008277,True
6σ прокол 0.2%,SOONUSDT,2025-09-22 06:02:00+00:00,0.04674912291743678,True
6σ,PNUTUSDT,2025-09-22 06:02:00+00:00,0.03423294347717305,True
6σ стоп 5D,LPTUSDT,2025-09-22 06:02:00+00:00,0.02769106537008277,True
6σ стоп 5D,LAYERUSDT,2025-09-22 06:02:00+00:00,0.03096369633654024,False
6σ,LRCUSDT,2025-09-22 06:02:00+00:00,0.027560419478328282,True
4σ прокол 0.2%,HFTUSDT,2025-09-22 06:02:00+00:00,0.023733641475440506,True
6σ стоп 5D,SKATEUSDT,2025-09-22 06:02:00+00:00,0.04685669547329692,True
6σ прокол 0.2%,RAYSOLUSDT,2025-09-22 06:02:00+00:00,0.035121461656139455,False
4σ прокол 0.2%,PIXELUSDT,2025-09-22 06:02:00+00:00,0.024372964249349496,True
6σ,SKATEUSDT,2025-09-22 06:02:00+00:00,0.04685669547329692,True
4σ прокол 0.2%,INUSDT,2025-09-22 06:02:00+00:00,0.03870169175245826,True
4σ,PIXELUSDT,2025-09-22 06:02:00+00:00,0.024372964249349496,True
4σ,BLURUSDT,2025-09-22 06:02:00+00:00,0.017709860695324944,True
6σ прокол 0.2%,PIXELUSDT,2025-09-22 06:02:00+00:00,0.037703380045675375,True
4σ прокол 0.2%,BLURUSDT,2025-09-22 06:02:00+00:00,0.017709860695324944,True
6σ стоп 5D,PIXELUSDT,2025-09-22 06:02:00+00:00,0.037703380045675375,True
6σ,BROCCOLI714USDT,2025-09-22 06:02:00+00:00,0.062427020532885354,False
6σ,PIXELUSDT,2025-09-22 06:02:00+00:00,0.037703380045675375,True
6σ стоп 5D,BROCCOLI714USDT,2025-09-22 06:02:00+00:00,0.062427020532885354,False
4σ прокол 0.2%,PIPPINUSDT,2025-09-22 06:02:00+00:00,0.039171312859179255,True
4σ прокол 0.2%,HUMAUSDT,2025-09-22 06:02:00+00:00,0.026288580309597978,True
6σ прокол 0.2%,BROCCOLI714USDT,2025-09-22 06:02:00+00:00,0.062427020532885354,False
4σ,LDOUSDT,2025-09-22 06:02:00+00:00,0.018092272024994485,True
4σ,BROCCOLI714USDT,2025-09-22 06:02:00+00:00,0.03980087937272998,False
4σ,PIPPINUSDT,2025-09-22 06:02:00+00:00,0.039171312859179255,True
4σ,HUMAUSDT,2025-09-22 06:02:00+00:00,0.026288580309597978,True
4σ прокол 0.2%,BROCCOLI714USDT,2025-09-22 06:02:00+00:00,0.03980087937272998,False
6σ,DYMUSDT,2025-09-22 06:02:00+00:00,0.04077208340421597,True
6σ стоп 5D,DYMUSDT,2025-09-22 06:02:00+00:00,0.04077208340421597,True
6σ прокол 0.2%,SKATEUSDT,2025-09-22 06:02:00+00:00,0.04685669547329692,True
6σ стоп 5D,RAYSOLUSDT,2025-09-22 06:02:00+00:00,0.035121461656139455,False
4σ прокол 0.2%,DOLOUSDT,2025-09-22 06:02:00+00:00,0.02791405673600318,True
6σ,RAYSOLUSDT,2025-09-22 06:02:00+00:00,0.035121461656139455,False
6σ стоп 5D,ATOMUSDT,2025-09-22 06:02:00+00:00,0.021662378016133313,True
4σ,ATOMUSDT,2025-09-22 06:02:00+00:00,0.014095055087617058,True
6σ прокол 0.2%,IOSTUSDT,2025-09-22 06:02:00+00:00,0.022251047762978884,True
4σ прокол 0.2%,ATOMUSDT,2025-09-22 06:02:00+00:00,0.014095055087617058,True
4σ,INJUSDT,2025-09-22 06:02:00+00:00,0.016377514070115187,True
4σ,AWEUSDT,2025-09-22 06:02:00+00:00,0.035031071510876324,True
4σ прокол 0.2%,AWEUSDT,2025-09-22 06:02:00+00:00,0.035031071510876324,True
4σ прокол 0.2%,IMXUSDT,2025-09-22 06:02:00+00:00,0.020398937212125115,True
4σ прокол 0.2%,PLUMEUSDT,2025-09-22 06:02:00+00:00,0.0228438778890145,True
4σ,PLUMEUSDT,2025-09-22 06:02:00+00:00,0.0228438778890145,True
6σ прокол 0.2%,SPKUSDT,2025-09-22 06:02:00+00:00,0.037768958590327764,True
6σ прокол 0.2%,DYMUSDT,2025-09-22 06:02:00+00:00,0.04077208340421597,True
6σ стоп 5D,SPKUSDT,2025-09-22 06:02:00+00:00,0.037768958590327764,True
4σ,SONICUSDT,2025-09-22 06:02:00+00:00,0.023540732773114706,True
6σ,SPKUSDT,2025-09-22 06:02:00+00:00,0.037768958590327764,True
6σ,UMAUSDT,2025-09-22 06:02:00+00:00,0.029588782381040304,True
4σ,INUSDT,2025-09-22 06:02:00+00:00,0.03870169175245826,True
4σ прокол 0.2%,SKATEUSDT,2025-09-22 06:02:00+00:00,0.030142246552593746,True
4σ,IMXUSDT,2025-09-22 06:02:00+00:00,0.020398937212125115,True
6σ,DOLOUSDT,2025-09-22 06:02:00+00:00,0.043308654425255846,True
6σ стоп 5D,DOLOUSDT,2025-09-22 06:02:00+00:00,0.043308654425255846,True
6σ прокол 0.2%,DOLOUSDT,2025-09-22 06:02:00+00:00,0.043308654425255846,True
4σ,DOLOUSDT,2025-09-22 06:02:00+00:00,0.02791405673600318,True
4σ,SKATEUSDT,2025-09-22 06:02:00+00:00,0.030142246552593746,True
6σ стоп 5D,UMAUSDT,2025-09-22 06:02:00+00:00,0.029588782381040304,True
6σ прокол 0.2%,HUMAUSDT,2025-09-22 06:02:00+00:00,0.040730587450757486,True
4σ,DYMUSDT,2025-09-22 06:02:00+00:00,0.026314786653332825,True
4σ прокол 0.2%,DYMUSDT,2025-09-22 06:02:00+00:00,0.026314786653332825,True
6σ прокол 0.2%,MORPHOUSDT,2025-09-22 06:02:00+00:00,0.02896063852552673,True
6σ стоп 5D,MORPHOUSDT,2025-09-22 06:02:00+00:00,0.02896063852552673,True
6σ,MEWUSDT,2025-09-22 06:02:00+00:00,0.027834649059501795,True
6σ,MORPHOUSDT,2025-09-22 06:02:00+00:00,0.02896063852552673,True
6σ стоп 5D,HUMAUSDT,2025-09-22 06:02:00+00:00,0.040730587450757486,True
4σ прокол 0.2%,MANTAUSDT,2025-09-22 06:02:00+00:00,0.0251571653012201,True
4σ,MANTAUSDT,2025-09-22 06:02:00+00:00,0.0251571653012201,True
6σ прокол 0.2%,MELANIAUSDT,2025-09-22 06:02:00+00:00,0.05039146552713887,True
6σ прокол 0.2%,MANTAUSDT,2025-09-22 06:02:00+00:00,0.038941197437898326,True
4σ прокол 0.2%,TAOUSDT,2025-09-22 06:02:00+00:00,0.015112074067289382,True
6σ стоп 5D,MANTAUSDT,2025-09-22 06:02:00+00:00,0.038941197437898326,True
4σ прокол 0.2%,FILUSDT,2025-09-22 06:02:00+00:00,0.017436067968854066,True
6σ стоп 5D,MELANIAUSDT,2025-09-22 06:02:00+00:00,0.05039146552713887,True
6σ,HUMAUSDT,2025-09-22 06:02:00+00:00,0.040730587450757486,True
4σ,GOATUSDT,2025-09-22 06:02:00+00:00,0.026750630138298884,True
6σ,MELANIAUSDT,2025-09-22 06:02:00+00:00,0.05039146552713887,True
4σ прокол 0.2%,GOATUSDT,2025-09-22 06:02:00+00:00,0.026750630138298884,True
4σ,TAOUSDT,2025-09-22 06:02:00+00:00,0.015112074067289382,True
4σ прокол 0.2%,HOOKUSDT,2025-09-22 06:02:00+00:00,0.06931670519625016,True
6σ,GPSUSDT,2025-09-22 06:02:00+00:00,0.052639449364165716,True
6σ стоп 5D,GPSUSDT,2025-09-22 06:02:00+00:00,0.052639449364165716,True
6σ прокол 0.2%,GPSUSDT,2025-09-22 06:02:00+00:00,0.052639449364165716,True
4σ,HOOKUSDT,2025-09-22 06:02:00+00:00,0.06931670519625016,True
4σ прокол 0.2%,IOUSDT,2025-09-22 06:02:00+00:00,0.020362608905200877,True
6σ,MANTAUSDT,2025-09-22 06:02:00+00:00,0.038941197437898326,True
6σ,ATOMUSDT,2025-09-22 06:02:00+00:00,0.021662378016133313,True
4σ,MORPHOUSDT,2025-09-22 06:02:00+00:00,0.018797982337137767,True
6σ прокол 0.2%,MEWUSDT,2025-09-22 06:02:00+00:00,0.027834649059501795,True
6σ,FHEUSDT,2025-09-22 06:02:00+00:00,0.06007899465496554,True
4σ прокол 0.2%,PENDLEUSDT,2025-09-22 06:02:00+00:00,0.016779367989809793,True
6σ стоп 5D,FHEUSDT,2025-09-22 06:02:00+00:00,0.06007899465496554,True
6σ прокол 0.2%,FHEUSDT,2025-09-22 06:02:00+00:00,0.06007899465496554,True
4σ прокол 0.2%,ONTUSDT,2025-09-22 06:02:00+00:00,0.017750385109209302,True
4σ,PENDLEUSDT,2025-09-22 06:02:00+00:00,0.016779367989809793,True
4σ,ONTUSDT,2025-09-22 06:02:00+00:00,0.017750385109209302,True
6σ,IOUSDT,2025-09-22 06:02:00+00:00,0.031404252616397746,True
4σ,FETUSDT,2025-09-22 06:02:00+00:00,0.015016111641415319,True
6σ прокол 0.2%,ONTUSDT,2025-09-22 06:02:00+00:00,0.027328867283654426,True
6σ стоп 5D,ONTUSDT,2025-09-22 06:02:00+00:00,0.027328867283654426,True
6σ стоп 5D,MEWUSDT,2025-09-22 06:02:00+00:00,0.027834649059501795,True
6σ прокол 0.2%,ONGUSDT,2025-09-22 06:02:00+00:00,0.018144680017051898,True
6σ стоп 5D,ONGUSDT,2025-09-22 06:02:00+00:00,0.018144680017051898,True
6σ,ONGUSDT,2025-09-22 06:02:00+00:00,0.018144680017051898,True
6σ,ONTUSDT,2025-09-22 06:02:00+00:00,0.027328867283654426,True
4σ прокол 0.2%,FETUSDT,2025-09-22 06:02:00+00:00,0.015016111641415319,True
4σ прокол 0.2%,MEWUSDT,2025-09-22 06:02:00+00:00,0.018075336282211432,True
6σ прокол 0.2%,NEOUSDT,2025-09-22 06:02:00+00:00,0.022573406281628253,True
4σ,FILUSDT,2025-09-22 06:02:00+00:00,0.017436067968854066,True
6σ стоп 5D,NEOUSDT,2025-09-22 06:02:00+00:00,0.022573406281628253,True
6σ,NEOUSDT,2025-09-22 06:02:00+00:00,0.022573406281628253,True
4σ прокол 0.2%,MORPHOUSDT,2025-09-22 06:02:00+00:00,0.018797982337137767,True
4σ,MEWUSDT,2025-09-22 06:02:00+00:00,0.018075336282211432,True
6σ стоп 5D,IOUSDT,2025-09-22 06:02:00+00:00,0.031404252616397746,True
4σ прокол 0.2%,SONICUSDT,2025-09-22 06:02:00+00:00,0.023540732773114706,True
6σ,TIAUSDT,2025-09-22 06:02:00+00:00,0.031044746449431407,True
6σ стоп 5D,TIAUSDT,2025-09-22 06:02:00+00:00,0.031044746449431407,True
6σ стоп 5D,COMPUSDT,2025-09-22 06:02:00+00:00,0.02458732398932835,True
6σ,COMPUSDT,2025-09-22 06:02:00+00:00,0.02458732398932835,True
6σ,ORDIUSDT,2025-09-22 06:02:00+00:00,0.032341642238615756,True
6σ стоп 5D,ORDIUSDT,2025-09-22 06:02:00+00:00,0.032341642238615756,True
6σ прокол 0.2%,BANDUSDT,2025-09-22 06:02:00+00:00,0.03099320199200424,True
6σ,MAVUSDT,2025-09-22 06:02:00+00:00,0.04780182845291665,True
6σ стоп 5D,MAVUSDT,2025-09-22 06:02:00+00:00,0.04780182845291665,True
6σ прокол 0.2%,MAVUSDT,2025-09-22 06:02:00+00:00,0.04780182845291665,True
4σ,MAVUSDT,2025-09-22 06:02:00+00:00,0.03073407281083225,True
4σ прокол 0.2%,MAVUSDT,2025-09-22 06:02:00+00:00,0.03073407281083225,True
4σ прокол 0.2%,BASUSDT,2025-09-22 06:02:00+00:00,0.0314050469496074,False
6σ прокол 0.2%,COMPUSDT,2025-09-22 06:02:00+00:00,0.02458732398932835,True
6σ прокол 0.2%,TAOUSDT,2025-09-22 06:02:00+00:00,0.02323473485862189,True
4σ,BASUSDT,2025-09-22 06:02:00+00:00,0.0314050469496074,False
6σ,IOSTUSDT,2025-09-22 06:02:00+00:00,0.022251047762978884,True
4σ прокол 0.2%,BEAMXUSDT,2025-09-22 06:02:00+00:00,0.01998160586276483,False
4σ,RENDERUSDT,2025-09-22 06:02:00+00:00,0.016688940260200805,True
6σ,RESOLVUSDT,2025-09-22 06:02:00+00:00,0.038468031628958024,True
6σ прокол 0.2%,UMAUSDT,2025-09-22 06:02:00+00:00,0.029588782381040304,True
6σ стоп 5D,RESOLVUSDT,2025-09-22 06:02:00+00:00,0.038468031628958024,True
6σ прокол 0.2%,SXTUSDT,2025-09-22 06:02:00+00:00,-0.01959831833821365,True
6σ прокол 0.2%,RESOLVUSDT,2025-09-22 06:02:00+00:00,0.038468031628958024,True
6σ стоп 5D,SXTUSDT,2025-09-22 06:02:00+00:00,-0.01959831833821365,True
4σ,RESOLVUSDT,2025-09-22 06:02:00+00:00,0.02485754699564087,True
4σ,BEAMXUSDT,2025-09-22 06:02:00+00:00,0.01998160586276483,False
6σ,SXTUSDT,2025-09-22 06:02:00+00:00,-0.01959831833821365,True
4σ,SYRUPUSDT,2025-09-22 06:02:00+00:00,0.01439063973875827,True
4σ,NEIROUSDT,2025-09-22 06:02:00+00:00,0.02312884989179205,False
4σ,HFTUSDT,2025-09-22 06:02:00+00:00,0.023733641475440506,True
4σ,NXPCUSDT,2025-09-22 06:02:00+00:00,0.01644438637677577,True
4σ прокол 0.2%,GRTUSDT,2025-09-22 06:02:00+00:00,0.015501113348794072,True
6σ прокол 0.2%,NXPCUSDT,2025-09-22 06:02:00+00:00,0.02529947139095197,True
6σ прокол 0.2%,LAYERUSDT,2025-09-22 06:02:00+00:00,0.03096369633654024,False
4σ,GRTUSDT,2025-09-22 06:02:00+00:00,0.015501113348794072,True
6σ стоп 5D,NXPCUSDT,2025-09-22 06:02:00+00:00,0.02529947139095197,True
6σ,NXPCUSDT,2025-09-22 06:02:00+00:00,0.02529947139095197,True
6σ прокол 0.2%,GRTUSDT,2025-09-22 06:02:00+00:00,0.023837066362666096,True
6σ стоп 5D,GRTUSDT,2025-09-22 06:02:00+00:00,0.023837066362666096,True
6σ,GRTUSDT,2025-09-22 06:02:00+00:00,0.023837066362666096,True
4σ прокол 0.2%,NEIROUSDT,2025-09-22 06:02:00+00:00,0.02312884989179205,False
6σ прокол 0.2%,LRCUSDT,2025-09-22 06:02:00+00:00,0.027560419478328282,True
4σ,MOVEUSDT,2025-09-22 06:02:00+00:00,0.03199739236192785,True
4σ прокол 0.2%,GALAUSDT,2025-09-22 06:02:00+00:00,0.0210958600678703,True
4σ,GALAUSDT,2025-09-22 06:02:00+00:00,0.0210958600678703,True
6σ прокол 0.2%,GALAUSDT,2025-09-22 06:02:00+00:00,0.032552124355898784,True
4σ прокол 0.2%,MOVEUSDT,2025-09-22 06:02:00+00:00,0.03199739236192785,True
6σ стоп 5D,GALAUSDT,2025-09-22 06:02:00+00:00,0.032552124355898784,True
6σ,GALAUSDT,2025-09-22 06:02:00+00:00,0.032552124355898784,True
4σ,IOUSDT,2025-09-22 06:02:00+00:00,0.020362608905200877,True
6σ,NEIROUSDT,2025-09-22 06:02:00+00:00,0.035743694397706485,False
6σ стоп 5D,NEIROUSDT,2025-09-22 06:02:00+00:00,0.035743694397706485,False
6σ прокол 0.2%,NEIROUSDT,2025-09-22 06:02:00+00:00,0.035743694397706485,False
6σ стоп 5D,LRCUSDT,2025-09-22 06:02:00+00:00,0.027560419478328282,True
6σ прокол 0.2%,API3USDT,2025-09-22 06:02:00+00:00,0.029880724741016843,True
4σ прокол 0.2%,RESOLVUSDT,2025-09-22 06:02:00+00:00,0.02485754699564087,True
6σ стоп 5D,RVNUSDT,2025-09-22 06:02:00+00:00,0.024861269899536034,True
4σ прокол 0.2%,VIRTUALUSDT,2025-09-22 06:02:00+00:00,0.01994004441622295,True
6σ стоп 5D,JUPUSDT,2025-09-22 06:02:00+00:00,0.029359780987993703,True
6σ,ZKUSDT,2025-09-22 06:02:00+00:00,0.033478610232333186,True
6σ стоп 5D,ZKUSDT,2025-09-22 06:02:00+00:00,0.033478610232333186,True
4σ прокол 0.2%,SKLUSDT,2025-09-22 06:02:00+00:00,0.019582683926738967,True
6σ прокол 0.2%,ZKUSDT,2025-09-22 06:02:00+00:00,0.033478610232333186,True
4σ,ZKUSDT,2025-09-22 06:02:00+00:00,0.021686891365674435,True
4σ прокол 0.2%,USELESSUSDT,2025-09-22 06:02:00+00:00,0.038517533234442694,True
4σ прокол 0.2%,ZKUSDT,2025-09-22 06:02:00+00:00,0.021686891365674435,True
4σ,USELESSUSDT,2025-09-22 06:02:00+00:00,0.038517533234442694,True
4σ прокол 0.2%,TURBOUSDT,2025-09-22 06:02:00+00:00,0.021362882932810925,False
4σ,VIRTUALUSDT,2025-09-22 06:02:00+00:00,0.01994004441622295,True
6σ,JUPUSDT,2025-09-22 06:02:00+00:00,0.029359780987993703,True
6σ прокол 0.2%,TURBOUSDT,2025-09-22 06:02:00+00:00,0.032970564078662126,False
4σ,SKLUSDT,2025-09-22 06:02:00+00:00,0.019582683926738967,True
6σ стоп 5D,TURBOUSDT,2025-09-22 06:02:00+00:00,0.032970564078662126,False
6σ,TURBOUSDT,2025-09-22 06:02:00+00:00,0.032970564078662126,False
6σ прокол 0.2%,SKLUSDT,2025-09-22 06:02:00+00:00,0.03018520028014278,True
4σ прокол 0.2%,INJUSDT,2025-09-22 06:02:00+00:00,0.016377514070115187,True
6σ стоп 5D,SKLUSDT,2025-09-22 06:02:00+00:00,0.03018520028014278,True
4σ прокол 0.2%,TIAUSDT,2025-09-22 06:02:00+00:00,0.020132733239207348,True
4σ,TIAUSDT,2025-09-22 06:02:00+00:00,0.020132733239207348,True
6σ прокол 0.2%,TIAUSDT,2025-09-22 06:02:00+00:00,0.031044746449431407,True
6σ,SKLUSDT,2025-09-22 06:02:00+00:00,0.03018520028014278,True
4σ,TURBOUSDT,2025-09-22 06:02:00+00:00,0.021362882932810925,False
6σ,RVNUSDT,2025-09-22 06:02:00+00:00,0.024861269899536034,True
6σ прокол 0.2%,VIRTUALUSDT,2025-09-22 06:02:00+00:00,0.03074352735399262,True
6σ,VIRTUALUSDT,2025-09-22 06:02:00+00:00,0.03074352735399262,True
6σ прокол 0.2%,RVNUSDT,2025-09-22 06:02:00+00:00,0.024861269899536034,True
4σ,RVNUSDT,2025-09-22 06:02:00+00:00,0.016161929682512358,True
4σ прокол 0.2%,RVNUSDT,2025-09-22 06:02:00+00:00,0.016161929682512358,True
6σ,TAGUSDT,2025-09-22 06:02:00+00:00,0.04229765653900204,False
6σ,CFXUSDT,2025-09-22 06:02:00+00:00,0.035525928886561656,True
6σ стоп 5D,TAGUSDT,2025-09-22 06:02:00+00:00,0.04229765653900204,False
6σ прокол 0.2%,TAGUSDT,2025-09-22 06:02:00+00:00,0.04229765653900204,False
6σ стоп 5D,CFXUSDT,2025-09-22 06:02:00+00:00,0.035525928886561656,True
4σ прокол 0.2%,JUPUSDT,2025-09-22 06:02:00+00:00,0.019053891622626787,True
4σ,TAGUSDT,2025-09-22 06:02:00+00:00,0.02727726803630022,False
6σ прокол 0.2%,CFXUSDT,2025-09-22 06:02:00+00:00,0.035525928886561656,True
6σ стоп 5D,VIRTUALUSDT,2025-09-22 06:02:00+00:00,0.03074352735399262,True
4σ прокол 0.2%,TAGUSDT,2025-09-22 06:02:00+00:00,0.02727726803630022,False
6σ,TRXUSDT,2025-09-22 06:02:00+00:00,0.008108457324503781,True
6σ стоп 5D,TRXUSDT,2025-09-22 06:02:00+00:00,0.008108457324503781,True
6σ прокол 0.2%,TRXUSDT,2025-09-22 06:02:00+00:00,0.008108457324503781,True
6σ стоп 5D,CHZUSDT,2025-09-22 06:02:00+00:00,0.024023968908788843,True
6σ стоп 5D,IOSTUSDT,2025-09-22 06:02:00+00:00,0.022251047762978884,True
4σ,TRXUSDT,2025-09-22 06:02:00+00:00,0.005240311317574032,True
4σ прокол 0.2%,ZROUSDT,2025-09-22 06:02:00+00:00,0.016116453036730108,True
4σ прокол 0.2%,TRXUSDT,2025-09-22 06:02:00+00:00,0.005240311317574032,True
4σ,ZROUSDT,2025-09-22 06:02:00+00:00,0.016116453036730108,True
6σ прокол 0.2%,CHZUSDT,2025-09-22 06:02:00+00:00,0.024023968908788843,True
4σ,JUPUSDT,2025-09-22 06:02:00+00:00,0.019053891622626787,True
6σ,CHZUSDT,2025-09-22 06:02:00+00:00,0.024023968908788843,True
4σ,BANDUSDT,2025-09-22 06:02:00+00:00,0.020099765802256767,True
4σ прокол 0.2%,A2ZUSDT,2025-09-22 06:02:00+00:00,-0.016942147695424094,True
6σ стоп 5D,IOTAUSDT,2025-09-22 06:02:00+00:00,0.02594139214214071,True
4σ прокол 0.2%,YGGUSDT,2025-09-22 06:02:00+00:00,0.03032010789046176,True
6σ стоп 5D,AINUSDT,2025-09-22 06:02:00+00:00,0.052905361180766566,True
6σ прокол 0.2%,AINUSDT,2025-09-22 06:02:00+00:00,0.052905361180766566,True
4σ,AINUSDT,2025-09-22 06:02:00+00:00,0.03391737410617442,True
4σ прокол 0.2%,AINUSDT,2025-09-22 06:02:00+00:00,0.03391737410617442,True
6σ,APEUSDT,2025-09-22 06:02:00+00:00,0.024417031612846876,True
6σ стоп 5D,APEUSDT,2025-09-22 06:02:00+00:00,0.024417031612846876,True
6σ прокол 0.2%,APEUSDT,2025-09-22 06:02:00+00:00,0.024417031612846876,True
4σ прокол 0.2%,VETUSDT,2025-09-22 06:02:00+00:00,0.015123105228392397,True
4σ,VETUSDT,2025-09-22 06:02:00+00:00,0.015123105228392397,True
6σ,AXLUSDT,2025-09-22 06:02:00+00:00,0.030065958344980895,True
4σ,APEUSDT,2025-09-22 06:02:00+00:00,0.01587541606522898,True
6σ стоп 5D,AXLUSDT,2025-09-22 06:02:00+00:00,0.030065958344980895,True
6σ прокол 0.2%,AXLUSDT,2025-09-22 06:02:00+00:00,0.030065958344980895,True
4σ,CTSIUSDT,2025-09-22 06:02:00+00:00,0.025974693056693268,True
4σ,AXLUSDT,2025-09-22 06:02:00+00:00,0.01950632864381148,True
4σ прокол 0.2%,AXLUSDT,2025-09-22 06:02:00+00:00,0.01950632864381148,True
4σ прокол 0.2%,CTSIUSDT,2025-09-22 06:02:00+00:00,0.025974693056693268,True
4σ прокол 0.2%,APEUSDT,2025-09-22 06:02:00+00:00,0.01587541606522898,True
4σ прокол 0.2%,BANDUSDT,2025-09-22 06:02:00+00:00,0.020099765802256767,True
6σ,CUSDT,2025-09-22 06:02:00+00:00,0.050975503851184725,True
6σ,AINUSDT,2025-09-22 06:02:00+00:00,0.052905361180766566,True
6σ прокол 0.2%,1000LUNCUSDT,2025-09-22 06:02:00+00:00,0.01950517670133607,True
6σ стоп 5D,1000LUNCUSDT,2025-09-22 06:02:00+00:00,0.01950517670133607,True
6σ,1000LUNCUSDT,2025-09-22 06:02:00+00:00,0.01950517670133607,True
4σ,ANIMEUSDT,2025-09-22 06:02:00+00:00,0.01864816901213047,True
6σ прокол 0.2%,ANIMEUSDT,2025-09-22 06:02:00+00:00,0.028727070887284836,True
6σ стоп 5D,ANIMEUSDT,2025-09-22 06:02:00+00:00,0.028727070887284836,True
4σ прокол 0.2%,AUCTIONUSDT,2025-09-22 06:02:00+00:00,0.030357657560591014,True
6σ,ANIMEUSDT,2025-09-22 06:02:00+00:00,0.028727070887284836,True
6σ,THETAUSDT,2025-09-22 06:02:00+00:00,0.025403866096276942,True
6σ стоп 5D,THETAUSDT,2025-09-22 06:02:00+00:00,0.025403866096276942,True
6σ прокол 0.2%,THETAUSDT,2025-09-22 06:02:00+00:00,0.025403866096276942,True
4σ,THETAUSDT,2025-09-22 06:02:00+00:00,0.01651165337147527,True
4σ прокол 0.2%,THETAUSDT,2025-09-22 06:02:00+00:00,0.01651165337147527,True
4σ,BICOUSDT,2025-09-22 06:02:00+00:00,0.023035427166630165,True
4σ,AUCTIONUSDT,2025-09-22 06:02:00+00:00,0.030357657560591014,True
4σ,AI16ZUSDT,2025-09-22 06:02:00+00:00,0.03374854873599027,True
6σ прокол 0.2%,AI16ZUSDT,2025-09-22 06:02:00+00:00,0.052633852190158106,True
6σ стоп 5D,AI16ZUSDT,2025-09-22 06:02:00+00:00,0.052633852190158106,True
6σ,AI16ZUSDT,2025-09-22 06:02:00+00:00,0.052633852190158106,True
6σ стоп 5D,AUCTIONUSDT,2025-09-22 06:02:00+00:00,0.047200568320993244,True
4σ,WALUSDT,2025-09-22 06:02:00+00:00,0.01490924953682211,True
6σ,WCTUSDT,2025-09-22 06:02:00+00:00,0.030453605701766986,True
6σ стоп 5D,WCTUSDT,2025-09-22 06:02:00+00:00,0.030453605701766986,True
6σ прокол 0.2%,WCTUSDT,2025-09-22 06:02:00+00:00,0.030453605701766986,True
6σ,AUCTIONUSDT,2025-09-22 06:02:00+00:00,0.047200568320993244,True
4σ прокол 0.2%,AI16ZUSDT,2025-09-22 06:02:00+00:00,0.03374854873599027,True
4σ прокол 0.2%,ANIMEUSDT,2025-09-22 06:02:00+00:00,0.01864816901213047,True
4σ,YGGUSDT,2025-09-22 06:02:00+00:00,0.03032010789046176,True
4σ,APTUSDT,2025-09-22 06:02:00+00:00,0.016690334066149684,True
4σ,ORCAUSDT,2025-09-22 06:02:00+00:00,0.018718049126661376,True
6σ прокол 0.2%,ORCAUSDT,2025-09-22 06:02:00+00:00,0.02883600914917324,True
6σ стоп 5D,ORCAUSDT,2025-09-22 06:02:00+00:00,0.02883600914917324,True
6σ,ORCAUSDT,2025-09-22 06:02:00+00:00,0.02883600914917324,True
4σ,EPTUSDT,2025-09-22 06:02:00+00:00,0.0344361159529258,True
6σ,BIDUSDT,2025-09-22 06:02:00+00:00,0.04096655228796582,False
6σ стоп 5D,BIDUSDT,2025-09-22 06:02:00+00:00,0.04096655228796582,False
6σ прокол 0.2%,BIDUSDT,2025-09-22 06:02:00+00:00,0.04096655228796582,False
4σ,BIDUSDT,2025-09-22 06:02:00+00:00,0.026437582680487418,False
4σ прокол 0.2%,BIDUSDT,2025-09-22 06:02:00+00:00,0.026437582680487418,False
4σ прокол 0.2%,EPTUSDT,2025-09-22 06:02:00+00:00,0.0344361159529258,True
6σ,GMTUSDT,2025-09-22 06:02:00+00:00,0.027285530866071953,True
4σ прокол 0.2%,ONEUSDT,2025-09-22 06:02:00+00:00,0.02254716640684991,True
6σ стоп 5D,GMTUSDT,2025-09-22 06:02:00+00:00,0.027285530866071953,True
6σ прокол 0.2%,GMTUSDT,2025-09-22 06:02:00+00:00,0.027285530866071953,True
4σ,ONEUSDT,2025-09-22 06:02:00+00:00,0.02254716640684991,True
6σ прокол 0.2%,ONEUSDT,2025-09-22 06:02:00+00:00,0.03482915898385071,True
6σ стоп 5D,ONEUSDT,2025-09-22 06:02:00+00:00,0.03482915898385071,True
6σ,ONEUSDT,2025-09-22 06:02:00+00:00,0.03482915898385071,True
4σ,HOMEUSDT,2025-09-22 06:02:00+00:00,0.01407360119568941,True
6σ,ESPORTSUSDT,2025-09-22 06:02:00+00:00,0.058718158806208634,True
4σ прокол 0.2%,ORCAUSDT,2025-09-22 06:02:00+00:00,0.018718049126661376,True
6σ,YGGUSDT,2025-09-22 06:02:00+00:00,0.047140614646822024,True
6σ,PHAUSDT,2025-09-22 06:02:00+00:00,0.029679563542792844,True
6σ стоп 5D,PHAUSDT,2025-09-22 06:02:00+00:00,0.029679563542792844,True
4σ прокол 0.2%,APTUSDT,2025-09-22 06:02:00+00:00,0.016690334066149684,True
6σ прокол 0.2%,CUSDT,2025-09-22 06:02:00+00:00,0.050975503851184725,True
6σ,ARKMUSDT,2025-09-22 06:02:00+00:00,0.03320347956537724,True
6σ стоп 5D,ARKMUSDT,2025-09-22 06:02:00+00:00,0.03320347956537724,True
4σ,CUSDT,2025-09-22 06:02:00+00:00,0.005110663787468301,True
4σ прокол 0.2%,SEIUSDT,2025-09-22 06:02:00+00:00,0.01696977127681483,True
4σ,SEIUSDT,2025-09-22 06:02:00+00:00,0.01696977127681483,True
4σ,ARKMUSDT,2025-09-22 06:02:00+00:00,0.021511452349404395,True
6σ стоп 5D,RUNEUSDT,2025-09-22 06:02:00+00:00,0.025599344715096575,True
4σ прокол 0.2%,ARKMUSDT,2025-09-22 06:02:00+00:00,0.021511452349404395,True
6σ стоп 5D,CUSDT,2025-09-22 06:02:00+00:00,0.050975503851184725,True
6σ,RUNEUSDT,2025-09-22 06:02:00+00:00,0.025599344715096575,True
4σ прокол 0.2%,BICOUSDT,2025-09-22 06:02:00+00:00,0.023035427166630165,True
6σ,BBUSDT,2025-09-22 06:02:00+00:00,0.07902415249550016,True
6σ стоп 5D,BBUSDT,2025-09-22 06:02:00+00:00,0.07902415249550016,True
4σ,BBUSDT,2025-09-22 06:02:00+00:00,0.04988677848822927,True
4σ прокол 0.2%,BBUSDT,2025-09-22 06:02:00+00:00,0.04988677848822927,True
4σ прокол 0.2%,PHAUSDT,2025-09-22 06:02:00+00:00,0.01925882314848111,True
6σ прокол 0.2%,YGGUSDT,2025-09-22 06:02:00+00:00,0.047140614646822024,True
4σ,PHAUSDT,2025-09-22 06:02:00+00:00,0.01925882314848111,True
6σ прокол 0.2%,PHAUSDT,2025-09-22 06:02:00+00:00,0.029679563542792844,True
6σ стоп 5D,YGGUSDT,2025-09-22 06:02:00+00:00,0.047140614646822024,True
4σ прокол 0.2%,CUSDT,2025-09-22 06:02:00+00:00,0.005110663787468301,True
6σ,ARCUSDT,2025-09-22 06:02:00+00:00,0.04839170465733496,True
6σ,AUSDT,2025-09-22 06:02:00+00:00,0.023641073056971343,True
4σ прокол 0.2%,STRKUSDT,2025-09-22 06:02:00+00:00,0.025394185731619515,True
4σ,JTOUSDT,2025-09-22 06:02:00+00:00,0.017256088646351933,True
4σ прокол 0.2%,JTOUSDT,2025-09-22 06:02:00+00:00,0.017256088646351933,True
4σ прокол 0.2%,ZILUSDT,2025-09-22 06:02:00+00:00,0.017292098657906554,True
6σ,KSMUSDT,2025-09-22 06:02:00+00:00,0.02463749899403185,True
6σ стоп 5D,KSMUSDT,2025-09-22 06:02:00+00:00,0.02463749899403185,True
6σ прокол 0.2%,KSMUSDT,2025-09-22 06:02:00+00:00,0.02463749899403185,True
4σ,KSMUSDT,2025-09-22 06:02:00+00:00,0.016017628425889455,True
4σ прокол 0.2%,KSMUSDT,2025-09-22 06:02:00+00:00,0.016017628425889455,True
6σ прокол 0.2%,VOXELUSDT,2025-09-22 06:02:00+00:00,0.0391966814486346,True
4σ прокол 0.2%,CVXUSDT,2025-09-22 06:02:00+00:00,0.02229525786016602,True
4σ,1000000MOGUSDT,2025-09-22 06:02:00+00:00,0.02344310003626933,True
4σ,CVXUSDT,2025-09-22 06:02:00+00:00,0.02229525786016602,True
6σ прокол 0.2%,COTIUSDT,2025-09-22 06:02:00+00:00,0.030525335496490905,True
4σ прокол 0.2%,1000000MOGUSDT,2025-09-22 06:02:00+00:00,0.02344310003626933,True
6σ стоп 5D,COTIUSDT,2025-09-22 06:02:00+00:00,0.030525335496490905,True
6σ,COTIUSDT,2025-09-22 06:02:00+00:00,0.030525335496490905,True
4σ,1000SHIBUSDT,2025-09-22 06:02:00+00:00,0.01303382984759378,False
6σ стоп 5D,VOXELUSDT,2025-09-22 06:02:00+00:00,0.0391966814486346,True
6σ,MINAUSDT,2025-09-22 06:02:00+00:00,0.028364124751446743,True
6σ стоп 5D,MINAUSDT,2025-09-22 06:02:00+00:00,0.028364124751446743,True
6σ прокол 0.2%,MINAUSDT,2025-09-22 06:02:00+00:00,0.028364124751446743,True
6σ прокол 0.2%,JTOUSDT,2025-09-22 06:02:00+00:00,0.02656014365583377,True
6σ стоп 5D,JTOUSDT,2025-09-22 06:02:00+00:00,0.02656014365583377,True
4σ,ZILUSDT,2025-09-22 06:02:00+00:00,0.017292098657906554,True
6σ,JTOUSDT,2025-09-22 06:02:00+00:00,0.02656014365583377,True
6σ,ZEREBROUSDT,2025-09-22 06:02:00+00:00,0.03951681490487409,True
4σ прокол 0.2%,ZENUSDT,2025-09-22 06:02:00+00:00,0.015389324339966048,True
4σ,ZENUSDT,2025-09-22 06:02:00+00:00,0.015389324339966048,True
4σ прокол 0.2%,C98USDT,2025-09-22 06:02:00+00:00,0.046097363769175906,True
6σ прокол 0.2%,ZENUSDT,2025-09-22 06:02:00+00:00,0.023663939861316943,True
6σ стоп 5D,ZEREBROUSDT,2025-09-22 06:02:00+00:00,0.03951681490487409,True
4σ прокол 0.2%,FXSUSDT,2025-09-22 06:02:00+00:00,0.017687208868894147,True
4σ,FXSUSDT,2025-09-22 06:02:00+00:00,0.017687208868894147,True
6σ прокол 0.2%,FXSUSDT,2025-09-22 06:02:00+00:00,0.0272305732529345,True
6σ прокол 0.2%,ZEREBROUSDT,2025-09-22 06:02:00+00:00,0.03951681490487409,True
4σ прокол 0.2%,1000SHIBUSDT,2025-09-22 06:02:00+00:00,0.01303382984759378,False
6σ стоп 5D,FXSUSDT,2025-09-22 06:02:00+00:00,0.0272305732529345,True
6σ стоп 5D,ZENUSDT,2025-09-22 06:02:00+00:00,0.023663939861316943,True
6σ,ZENUSDT,2025-09-22 06:02:00+00:00,0.023663939861316943,True
6σ,ZILUSDT,2025-09-22 06:02:00+00:00,0.026616119844502698,True
4σ,C98USDT,2025-09-22 06:02:00+00:00,0.046097363769175906,True
4σ прокол 0.2%,ETCUSDT,2025-09-22 06:02:00+00:00,0.014984967161275353,True
6σ стоп 5D,ZILUSDT,2025-09-22 06:02:00+00:00,0.026616119844502698,True
4σ,ETCUSDT,2025-09-22 06:02:00+00:00,0.014984967161275353,True
6σ стоп 5D,ETCUSDT,2025-09-22 06:02:00+00:00,0.02303804428354002,True
6σ прокол 0.2%,ZILUSDT,2025-09-22 06:02:00+00:00,0.026616119844502698,True
6σ,ETCUSDT,2025-09-22 06:02:00+00:00,0.02303804428354002,True
6σ,FXSUSDT,2025-09-22 06:02:00+00:00,0.0272305732529345,True
4σ прокол 0.2%,CETUSUSDT,2025-09-22 06:02:00+00:00,0.020951504252712153,True
4σ,CETUSUSDT,2025-09-22 06:02:00+00:00,0.020951504252712153,True
6σ прокол 0.2%,CETUSUSDT,2025-09-22 06:02:00+00:00,0.03232600583175889,True
6σ стоп 5D,QNTUSDT,2025-09-22 06:02:00+00:00,0.025935905569849996,True
6σ прокол 0.2%,QNTUSDT,2025-09-22 06:02:00+00:00,0.025935905569849996,True
4σ,SAGAUSDT,2025-09-22 06:02:00+00:00,0.0289084199985898,True
4σ прокол 0.2%,ASRUSDT,2025-09-22 06:02:00+00:00,0.021208012471301177,True
4σ прокол 0.2%,SAGAUSDT,2025-09-22 06:02:00+00:00,0.0289084199985898,True
6σ,SANDUSDT,2025-09-22 06:02:00+00:00,0.024788562188825927,True
6σ стоп 5D,SANDUSDT,2025-09-22 06:02:00+00:00,0.024788562188825927,True
6σ прокол 0.2%,SANDUSDT,2025-09-22 06:02:00+00:00,0.024788562188825927,True
4σ,SANDUSDT,2025-09-22 06:02:00+00:00,0.016115047918191253,True
4σ прокол 0.2%,SANDUSDT,2025-09-22 06:02:00+00:00,0.016115047918191253,True
6σ,QNTUSDT,2025-09-22 06:02:00+00:00,0.025935905569849996,True
6σ прокол 0.2%,AUSDT,2025-09-22 06:02:00+00:00,0.023641073056971343,True
4σ прокол 0.2%,BANANAUSDT,2025-09-22 06:02:00+00:00,0.017952115053621,True
4σ прокол 0.2%,SNXUSDT,2025-09-22 06:02:00+00:00,0.026280627284009664,True
4σ,BANANAUSDT,2025-09-22 06:02:00+00:00,0.017952115053621,True
6σ,STRKUSDT,2025-09-22 06:02:00+00:00,0.03931571307700095,True
6σ стоп 5D,STRKUSDT,2025-09-22 06:02:00+00:00,0.03931571307700095,True
6σ стоп 5D,AUSDT,2025-09-22 06:02:00+00:00,0.023641073056971343,True
6σ прокол 0.2%,STRKUSDT,2025-09-22 06:02:00+00:00,0.03931571307700095,True
6σ прокол 0.2%,ARCUSDT,2025-09-22 06:02:00+00:00,0.04839170465733496,True
4σ,STRKUSDT,2025-09-22 06:02:00+00:00,0.025394185731619515,True
6σ стоп 5D,ARCUSDT,2025-09-22 06:02:00+00:00,0.04839170465733496,True
4σ,SNXUSDT,2025-09-22 06:02:00+00:00,0.026280627284009664,True
6σ стоп 5D,ESPORTSUSDT,2025-09-22 06:02:00+00:00,0.058718158806208634,True
4σ прокол 0.2%,PARTIUSDT,2025-09-22 06:02:00+00:00,0.027842245766109122,True
6σ прокол 0.2%,PARTIUSDT,2025-09-22 06:02:00+00:00,0.04319457741869211,True
6σ,AEROUSDT,2025-09-22 06:02:00+00:00,0.02690063246148551,True
6σ стоп 5D,CETUSUSDT,2025-09-22 06:02:00+00:00,0.03232600583175889,True
6σ стоп 5D,AEROUSDT,2025-09-22 06:02:00+00:00,0.02690063246148551,True
6σ,CETUSUSDT,2025-09-22 06:02:00+00:00,0.03232600583175889,True
6σ прокол 0.2%,AEROUSDT,2025-09-22 06:02:00+00:00,0.02690063246148551,True
6σ,VOXELUSDT,2025-09-22 06:02:00+00:00,0.0391966814486346,True
4σ,AEROUSDT,2025-09-22 06:02:00+00:00,0.017475087511413093,True
4σ прокол 0.2%,AEROUSDT,2025-09-22 06:02:00+00:00,0.017475087511413093,True
4σ,ONDOUSDT,2025-09-22 06:02:00+00:00,0.014778610410087278,True
6σ,ASRUSDT,2025-09-22 06:02:00+00:00,0.03272784560799687,True
4σ,PARTIUSDT,2025-09-22 06:02:00+00:00,0.027842245766109122,True
4σ прокол 0.2%,BOMEUSDT,2025-09-22 06:02:00+00:00,0.02306411766065404,True
6σ прокол 0.2%,ASRUSDT,2025-09-22 06:02:00+00:00,0.03272784560799687,True
6σ,AXSUSDT,2025-09-22 06:02:00+00:00,0.027147912284707323,True
4σ,ASRUSDT,2025-09-22 06:02:00+00:00,0.021208012471301177,True
6σ стоп 5D,AXSUSDT,2025-09-22 06:02:00+00:00,0.027147912284707323,True
4σ,BOMEUSDT,2025-09-22 06:02:00+00:00,0.02306411766065404,True
4σ прокол 0.2%,ONDOUSDT,2025-09-22 06:02:00+00:00,0.014778610410087278,True
4σ,AXSUSDT,2025-09-22 06:02:00+00:00,0.01763407412832292,True
6σ,PARTIUSDT,2025-09-22 06:02:00+00:00,0.04319457741869211,True
6σ стоп 5D,PARTIUSDT,2025-09-22 06:02:00+00:00,0.04319457741869211,True
4σ прокол 0.2%,AXSUSDT,2025-09-22 06:02:00+00:00,0.01763407412832292,True
6σ стоп 5D,ASRUSDT,2025-09-22 06:02:00+00:00,0.03272784560799687,True
4σ прокол 0.2%,HOMEUSDT,2025-09-22 06:02:00+00:00,0.01407360119568941,True
6σ стоп 5D,HYPERUSDT,2025-09-22 06:02:00+00:00,0.037522571276693076,True
6σ стоп 5D,ACEUSDT,2025-09-22 06:02:00+00:00,0.04108576937570603,True
4σ,CUDISUSDT,2025-09-22 06:02:00+00:00,0.03956708705973551,True
4σ прокол 0.2%,ACEUSDT,2025-09-22 06:02:00+00:00,0.02651284616432599,True
4σ прокол 0.2%,AIUSDT,2025-09-22 06:02:00+00:00,0.031594319417506525,True
4σ прокол 0.2%,DOGSUSDT,2025-09-22 06:02:00+00:00,0.023973011545436143,True
6σ,ACEUSDT,2025-09-22 06:02:00+00:00,0.04108576937570603,True
4σ прокол 0.2%,ICPUSDT,2025-09-22 06:02:00+00:00,0.015023995494919128,True
4σ,ICPUSDT,2025-09-22 06:02:00+00:00,0.015023995494919128,True
4σ,EGLDUSDT,2025-09-22 06:02:00+00:00,0.018141391778861718,True
6σ прокол 0.2%,ICPUSDT,2025-09-22 06:02:00+00:00,0.023098432966593044,True
6σ стоп 5D,ICPUSDT,2025-09-22 06:02:00+00:00,0.023098432966593044,True
6σ прокол 0.2%,1MBABYDOGEUSDT,2025-09-22 06:02:00+00:00,0.029794691512391405,False
4σ прокол 0.2%,CRVUSDT,2025-09-22 06:02:00+00:00,0.02473999389100197,True
6σ,ICPUSDT,2025-09-22 06:02:00+00:00,0.023098432966593044,True
6σ,ENSUSDT,2025-09-22 06:02:00+00:00,0.02356206884602692,True
6σ стоп 5D,ENSUSDT,2025-09-22 06:02:00+00:00,0.02356206884602692,True
4σ прокол 0.2%,YALAUSDT,2025-09-22 06:02:00+00:00,0.043413261310236886,True
4σ,CRVUSDT,2025-09-22 06:02:00+00:00,0.02473999389100197,True
6σ прокол 0.2%,CRVUSDT,2025-09-22 06:02:00+00:00,0.03828246784173302,True
6σ стоп 5D,1MBABYDOGEUSDT,2025-09-22 06:02:00+00:00,0.029794691512391405,False
6σ стоп 5D,CRVUSDT,2025-09-22 06:02:00+00:00,0.03828246784173302,True
6σ,1MBABYDOGEUSDT,2025-09-22 06:02:00+00:00,0.029794691512391405,False
6σ прокол 0.2%,KAIAUSDT,2025-09-22 06:02:00+00:00,0.031998787562546,True
4σ прокол 0.2%,ESPORTSUSDT,2025-09-22 06:02:00+00:00,0.03751768986352806,True
4σ,DOGSUSDT,2025-09-22 06:02:00+00:00,0.023973011545436143,True
4σ прокол 0.2%,DIAUSDT,2025-09-22 06:02:00+00:00,0.018955081040699942,True
4σ,DIAUSDT,2025-09-22 06:02:00+00:00,0.018955081040699942,True
4σ прокол 0.2%,MUBARAKUSDT,2025-09-22 06:02:00+00:00,0.03750732131397512,True
4σ,SUSDT,2025-09-22 06:02:00+00:00,0.02236349592855387,True
4σ,KAIAUSDT,2025-09-22 06:02:00+00:00,0.02074253014652934,True
6σ стоп 5D,KAIAUSDT,2025-09-22 06:02:00+00:00,0.031998787562546,True
6σ стоп 5D,MUBARAKUSDT,2025-09-22 06:02:00+00:00,0.05870135606542633,True
4σ прокол 0.2%,CUDISUSDT,2025-09-22 06:02:00+00:00,0.03956708705973551,True
6σ,MUBARAKUSDT,2025-09-22 06:02:00+00:00,0.05870135606542633,True
4σ прокол 0.2%,KAIAUSDT,2025-09-22 06:02:00+00:00,0.02074253014652934,True
6σ,CYBERUSDT,2025-09-22 06:02:00+00:00,0.04532791104102958,True
6σ стоп 5D,CYBERUSDT,2025-09-22 06:02:00+00:00,0.04532791104102958,True
4σ прокол 0.2%,MOODENGUSDT,2025-09-22 06:02:00+00:00,0.025433031935228015,True
6σ прокол 0.2%,SUSDT,2025-09-22 06:02:00+00:00,0.034540614427082963,True
4σ прокол 0.2%,SUSDT,2025-09-22 06:02:00+00:00,0.02236349592855387,True
4σ,MOODENGUSDT,2025-09-22 06:02:00+00:00,0.025433031935228015,True
6σ,KAIAUSDT,2025-09-22 06:02:00+00:00,0.031998787562546,True
6σ стоп 5D,SUSDT,2025-09-22 06:02:00+00:00,0.034540614427082963,True
6σ прокол 0.2%,ACEUSDT,2025-09-22 06:02:00+00:00,0.04108576937570603,True
6σ,SUSDT,2025-09-22 06:02:00+00:00,0.034540614427082963,True
4σ,CYBERUSDT,2025-09-22 06:02:00+00:00,0.02918341549919519,True
4σ прокол 0.2%,CYBERUSDT,2025-09-22 06:02:00+00:00,0.02918341549919519,True
4σ,MUBARAKUSDT,2025-09-22 06:02:00+00:00,0.03750732131397512,True
6σ,DIAUSDT,2025-09-22 06:02:00+00:00,0.02920564114466702,True
4σ,ACEUSDT,2025-09-22 06:02:00+00:00,0.02651284616432599,True
6σ стоп 5D,DIAUSDT,2025-09-22 06:02:00+00:00,0.02920564114466702,True
6σ прокол 0.2%,DIAUSDT,2025-09-22 06:02:00+00:00,0.02920564114466702,True
6σ прокол 0.2%,CYBERUSDT,2025-09-22 06:02:00+00:00,0.04532791104102958,True
6σ прокол 0.2%,ENSUSDT,2025-09-22 06:02:00+00:00,0.02356206884602692,True
6σ,CRVUSDT,2025-09-22 06:02:00+00:00,0.03828246784173302,True
6σ прокол 0.2%,MUBARAKUSDT,2025-09-22 06:02:00+00:00,0.05870135606542633,True
6σ прокол 0.2%,CATIUSDT,2025-09-22 06:02:00+00:00,0.0375661761919774,True
4σ,CATIUSDT,2025-09-22 06:02:00+00:00,0.024285963046327866,True
6σ прокол 0.2%,FUNUSDT,2025-09-22 06:02:00+00:00,0.01829235395323399,True
4σ прокол 0.2%,CATIUSDT,2025-09-22 06:02:00+00:00,0.024285963046327866,True
4σ,NAORISUSDT,2025-09-22 06:02:00+00:00,0.0585026303681639,True
4σ,ESPORTSUSDT,2025-09-22 06:02:00+00:00,0.03751768986352806,True
4σ,ERAUSDT,2025-09-22 06:02:00+00:00,0.010724364356679034,True
4σ прокол 0.2%,ERAUSDT,2025-09-22 06:02:00+00:00,0.010724364356679034,True
6σ,ETHFIUSDT,2025-09-22 06:02:00+00:00,0.04030875271645824,True
6σ прокол 0.2%,ERAUSDT,2025-09-22 06:02:00+00:00,0.027787308059732577,True
6σ стоп 5D,RSRUSDT,2025-09-22 06:02:00+00:00,0.02738524948841299,True
4σ,NEWTUSDT,2025-09-22 06:02:00+00:00,0.02001614069858966,True
6σ стоп 5D,ETHFIUSDT,2025-09-22 06:02:00+00:00,0.04030875271645824,True
4σ,CHILLGUYUSDT,2025-09-22 06:02:00+00:00,0.028694849699498273,True
6σ прокол 0.2%,ETHFIUSDT,2025-09-22 06:02:00+00:00,0.04030875271645824,True
4σ прокол 0.2%,NEWTUSDT,2025-09-22 06:02:00+00:00,0.02001614069858966,True
4σ,AIUSDT,2025-09-22 06:02:00+00:00,0.031594319417506525,True
6σ,FUNUSDT,2025-09-22 06:02:00+00:00,0.01829235395323399,True
4σ,1000FLOKIUSDT,2025-09-22 06:02:00+00:00,0.01890653729639298,True
6σ стоп 5D,FUNUSDT,2025-09-22 06:02:00+00:00,0.01829235395323399,True
6σ,RSRUSDT,2025-09-22 06:02:00+00:00,0.02738524948841299,True
6σ стоп 5D,CATIUSDT,2025-09-22 06:02:00+00:00,0.0375661761919774,True
6σ стоп 5D,ERAUSDT,2025-09-22 06:02:00+00:00,0.027787308059732577,True
4σ,YALAUSDT,2025-09-22 06:02:00+00:00,0.043413261310236886,True
6σ,IOTAUSDT,2025-09-22 06:02:00+00:00,0.02594139214214071,True
4σ прокол 0.2%,1000SATSUSDT,2025-09-22 06:02:00+00:00,0.036050699564955616,False
4σ прокол 0.2%,RSRUSDT,2025-09-22 06:02:00+00:00,0.01778661981303782,True
4σ,1000SATSUSDT,2025-09-22 06:02:00+00:00,0.036050699564955616,False
6σ,CATIUSDT,2025-09-22 06:02:00+00:00,0.0375661761919774,True
4σ,RSRUSDT,2025-09-22 06:02:00+00:00,0.01778661981303782,True
4σ,ENSUSDT,2025-09-22 06:02:00+00:00,0.01532353363372847,True
6σ прокол 0.2%,RSRUSDT,2025-09-22 06:02:00+00:00,0.02738524948841299,True
4σ прокол 0.2%,ENSUSDT,2025-09-22 06:02:00+00:00,0.01532353363372847,True
4σ прокол 0.2%,GUNUSDT,2025-09-22 06:02:00+00:00,0.020795744669551433,True
4σ,GUNUSDT,2025-09-22 06:02:00+00:00,0.020795744669551433,True
6σ стоп 5D,GUNUSDT,2025-09-22 06:02:00+00:00,0.03208209928714863,True
6σ,GUNUSDT,2025-09-22 06:02:00+00:00,0.03208209928714863,True
4σ прокол 0.2%,NAORISUSDT,2025-09-22 06:02:00+00:00,0.0585026303681639,True
4σ прокол 0.2%,GASUSDT,2025-09-22 06:02:00+00:00,0.012143829420113893,True
4σ прокол 0.2%,1000FLOKIUSDT,2025-09-22 06:02:00+00:00,0.01890653729639298,True
4σ,GASUSDT,2025-09-22 06:02:00+00:00,0.012143829420113893,True
6σ прокол 0.2%,GASUSDT,2025-09-22 06:02:00+00:00,0.01865476383738747,True
6σ стоп 5D,GASUSDT,2025-09-22 06:02:00+00:00,0.01865476383738747,True
6σ,GASUSDT,2025-09-22 06:02:00+00:00,0.01865476383738747,True
6σ,ERAUSDT,2025-09-22 06:02:00+00:00,0.027787308059732577,True
6σ прокол 0.2%,ESPORTSUSDT,2025-09-22 06:02:00+00:00,0.058718158806208634,True
4σ прокол 0.2%,CHILLGUYUSDT,2025-09-22 06:02:00+00:00,0.028694849699498273,True
6σ,AIOUSDT,2025-09-22 22:31:00+00:00,0.03252148793870038,True
6σ стоп 5D,AIOUSDT,2025-09-22 22:31:00+00:00,0.03252148793870038,True
6σ прокол 0.2%,AIOUSDT,2025-09-22 22:31:00+00:00,0.03252148793870038,True
4σ,AIOUSDT,2025-09-22 22:31:00+00:00,-0.04242412144720606,True
4σ прокол 0.2%,AIOUSDT,2025-09-22 22:31:00+00:00,-0.04242412144720606,True
4σ,ESPORTSUSDT,2025-09-23 01:59:00+00:00,0.09177871911498364,True
4σ прокол 0.2%,ESPORTSUSDT,2025-09-23 01:59:00+00:00,0.09177871911498364,True
6σ,RLCUSDT,2025-09-24 03:46:00+00:00,0.026300464987080344,True
6σ стоп 5D,RLCUSDT,2025-09-24 03:46:00+00:00,0.026300464987080344,True
4σ прокол 0.2%,CATIUSDT,2025-09-25 12:29:00+00:00,0.016624071695440182,True
4σ,CATIUSDT,2025-09-25 12:29:00+00:00,0.016624071695440182,True
4σ,FXSUSDT,2025-09-25 12:29:00+00:00,0.02492757331431035,True
4σ прокол 0.2%,FXSUSDT,2025-09-25 12:29:00+00:00,0.02492757331431035,True
4σ,AUCTIONUSDT,2025-09-25 12:29:00+00:00,0.01433665842084193,True
6σ стоп 5D,ORDIUSDT,2025-09-25 12:29:00+00:00,0.02831553089475354,True
4σ прокол 0.2%,ROSEUSDT,2025-09-25 12:29:00+00:00,0.01762918279596111,True
6σ прокол 0.2%,ORDIUSDT,2025-09-25 12:29:00+00:00,0.02831553089475354,True
6σ,ORDIUSDT,2025-09-25 12:29:00+00:00,0.02831553089475354,True
4σ,ROSEUSDT,2025-09-25 12:29:00+00:00,0.01762918279596111,True
6σ стоп 5D,BUSDT,2025-09-27 18:15:00+00:00,-0.004866371619750758,True
6σ,BUSDT,2025-09-27 18:15:00+00:00,-0.004866371619750758,True
6σ прокол 0.2%,BUSDT,2025-09-27 18:15:00+00:00,-0.004866371619750758,True
4σ прокол 0.2%,PLAYUSDT,2025-09-29 11:38:00+00:00,0.017234936902777512,False
4σ,PLAYUSDT,2025-09-29 11:38:00+00:00,0.017234936902777512,False
6σ прокол 0.2%,PTBUSDT,2025-09-30 02:19:00+00:00,0.06032244351750089,True
6σ стоп 5D,PTBUSDT,2025-09-30 02:19:00+00:00,0.06032244351750089,True
6σ,PTBUSDT,2025-09-30 02:19:00+00:00,0.06032244351750089,True
4σ прокол 0.2%,PTBUSDT,2025-09-30 02:19:00+00:00,0.03850662543472301,True
4σ,PTBUSDT,2025-09-30 02:19:00+00:00,0.03850662543472301,True
6σ стоп 5D,A2ZUSDT,2025-09-30 05:17:00+00:00,0.03542759856949469,True
6σ,A2ZUSDT,2025-09-30 05:17:00+00:00,0.03542759856949469,True
4σ прокол 0.2%,A2ZUSDT,2025-09-30 05:17:00+00:00,0.0229278778183601,True
4σ,A2ZUSDT,2025-09-30 05:17:00+00:00,0.0229278778183601,True
6σ прокол 0.2%,A2ZUSDT,2025-09-30 05:17:00+00:00,0.03542759856949469,True
4σ,PENDLEUSDT,2025-09-30 16:37:00+00:00,0.016744340287757578,True
4σ прокол 0.2%,PENDLEUSDT,2025-09-30 16:37:00+00:00,0.016744340287757578,True
6σ,SPKUSDT,2025-09-30 17:37:00+00:00,0.025828845965535766,True
6σ стоп 5D,ALTUSDT,2025-09-30 17:37:00+00:00,0.022202461860339542,True
4σ,ALTUSDT,2025-09-30 17:37:00+00:00,0.014444624533657534,True
6σ,KAIAUSDT,2025-09-30 17:37:00+00:00,0.018260891182160857,True
6σ стоп 5D,SPKUSDT,2025-09-30 17:37:00+00:00,0.025828845965535766,True
6σ прокол 0.2%,SPKUSDT,2025-09-30 17:37:00+00:00,0.025828845965535766,True
4σ прокол 0.2%,KAIAUSDT,2025-09-30 17:37:00+00:00,0.011887727491049337,True
4σ,SPKUSDT,2025-09-30 17:37:00+00:00,0.01678539525371288,True
4σ прокол 0.2%,SPKUSDT,2025-09-30 17:37:00+00:00,0.01678539525371288,True
4σ прокол 0.2%,ALTUSDT,2025-09-30 17:37:00+00:00,0.014444624533657534,True
6σ,ALTUSDT,2025-09-30 17:37:00+00:00,0.022202461860339542,True
4σ прокол 0.2%,FETUSDT,2025-09-30 17:37:00+00:00,0.011162230608866296,True
6σ прокол 0.2%,KAIAUSDT,2025-09-30 17:37:00+00:00,0.018260891182160857,True
6σ прокол 0.2%,ALTUSDT,2025-09-30 17:37:00+00:00,0.022202461860339542,True
4σ,FETUSDT,2025-09-30 17:37:00+00:00,0.011162230608866296,True
4σ,KAIAUSDT,2025-09-30 17:37:00+00:00,0.011887727491049337,True
6σ прокол 0.2%,FETUSDT,2025-09-30 17:37:00+00:00,0.01714621934771117,True
6σ стоп 5D,FETUSDT,2025-09-30 17:37:00+00:00,0.01714621934771117,True
6σ стоп 5D,KAIAUSDT,2025-09-30 17:37:00+00:00,0.018260891182160857,True
6σ,FETUSDT,2025-09-30 17:37:00+00:00,0.01714621934771117,True
4σ прокол 0.2%,ALPINEUSDT,2025-10-01 03:49:00+00:00,-0.5360493134575589,True
4σ,ALPINEUSDT,2025-10-01 03:49:00+00:00,-0.5360493134575589,True
4σ,ONDOUSDT,2025-10-01 09:25:00+00:00,0.014868209429456946,True
4σ прокол 0.2%,ONDOUSDT,2025-10-01 09:25:00+00:00,0.014868209429456946,True
4σ прокол 0.2%,AWEUSDT,2025-10-02 13:59:00+00:00,0.03247373886327627,True
4σ,AWEUSDT,2025-10-02 13:59:00+00:00,0.03247373886327627,True
6σ прокол 0.2%,AWEUSDT,2025-10-02 13:59:00+00:00,0.050586732835645035,True
6σ стоп 5D,AWEUSDT,2025-10-02 13:59:00+00:00,0.050586732835645035,True
6σ,AWEUSDT,2025-10-02 13:59:00+00:00,0.050586732835645035,True
4σ,PLAYUSDT,2025-10-02 14:44:00+00:00,0.012616269055549755,False
4σ,XPINUSDT,2025-10-02 22:34:00+00:00,-0.03622765205941378,True
4σ прокол 0.2%,XPINUSDT,2025-10-02 22:34:00+00:00,-0.03622765205941378,True
6σ стоп 5D,XPINUSDT,2025-10-02 22:34:00+00:00,0.02535232514950961,True
6σ прокол 0.2%,XPINUSDT,2025-10-02 22:34:00+00:00,0.02535232514950961,True
6σ,XPINUSDT,2025-10-02 22:34:00+00:00,0.02535232514950961,True
4σ прокол 0.2%,AWEUSDT,2025-10-03 01:35:00+00:00,0.039224228424443244,True
4σ,AWEUSDT,2025-10-03 01:35:00+00:00,0.039224228424443244,True
4σ прокол 0.2%,INUSDT,2025-10-04 10:35:00+00:00,-0.06542796771542977,True
4σ,INUSDT,2025-10-04 10:35:00+00:00,-0.06542796771542977,True
4σ прокол 0.2%,GPSUSDT,2025-10-04 10:42:00+00:00,0.02449955289690227,True
4σ,GPSUSDT,2025-10-04 10:42:00+00:00,0.02449955289690227,True
6σ стоп 5D,BIDUSDT,2025-10-04 11:09:00+00:00,0.0034236370503728806,False
6σ,BIDUSDT,2025-10-04 11:09:00+00:00,0.0034236370503728806,False
4σ,BIDUSDT,2025-10-04 11:09:00+00:00,-0.018878016824491386,False
6σ прокол 0.2%,BIDUSDT,2025-10-04 11:09:00+00:00,0.0034236370503728806,False
4σ прокол 0.2%,BIDUSDT,2025-10-04 11:09:00+00:00,-0.018878016824491386,False
4σ прокол 0.2%,TAKEUSDT,2025-10-05 09:59:00+00:00,0.004171991143191695,False
4σ,TAKEUSDT,2025-10-05 09:59:00+00:00,0.004171991143191695,False
6σ,TAKEUSDT,2025-10-05 09:59:00+00:00,0.030819433969673418,False
6σ стоп 5D,TAKEUSDT,2025-10-05 09:59:00+00:00,0.030819433969673418,False
4σ прокол 0.2%,KASUSDT,2025-10-05 10:53:00+00:00,0.014606518998521788,True
4σ,KASUSDT,2025-10-05 10:53:00+00:00,0.014606518998521788,True
4σ,TAKEUSDT,2025-10-05 17:56:00+00:00,-0.16391081685277628,False
4σ прокол 0.2%,TAKEUSDT,2025-10-05 17:56:00+00:00,-0.16391081685277628,False
4σ,AEROUSDT,2025-10-06 01:43:00+00:00,0.019152889611364812,True
6σ,AEROUSDT,2025-10-06 01:43:00+00:00,0.02951424433432344,True
4σ прокол 0.2%,AEROUSDT,2025-10-06 01:43:00+00:00,0.019152889611364812,True
6σ прокол 0.2%,AEROUSDT,2025-10-06 01:43:00+00:00,0.02951424433432344,True
6σ стоп 5D,AEROUSDT,2025-10-06 01:43:00+00:00,0.02951424433432344,True
6σ стоп 5D,YGGUSDT,2025-10-07 03:33:00+00:00,0.026735934362564343,True
6σ,YGGUSDT,2025-10-07 03:33:00+00:00,0.026735934362564343,True
4σ прокол 0.2%,YGGUSDT,2025-10-07 03:33:00+00:00,0.017369167597965654,True
4σ,YGGUSDT,2025-10-07 03:33:00+00:00,0.017369167597965654,True
6σ прокол 0.2%,YGGUSDT,2025-10-07 03:33:00+00:00,0.026735934362564343,True
4σ прокол 0.2%,TAKEUSDT,2025-10-07 09:02:00+00:00,0.04934322329949899,False
4σ,TAKEUSDT,2025-10-07 09:02:00+00:00,0.04934322329949899,False
4σ,SPKUSDT,2025-10-07 15:06:00+00:00,0.01736133925862933,True
4σ,TAKEUSDT,2025-10-08 10:35:00+00:00,0.0053629387022758055,False
6σ стоп 5D,TAKEUSDT,2025-10-08 10:35:00+00:00,0.05864847785897778,False
6σ,TAKEUSDT,2025-10-08 10:35:00+00:00,0.05864847785897778,False
4σ прокол 0.2%,TAKEUSDT,2025-10-08 10:35:00+00:00,0.0053629387022758055,False
4σ,UMAUSDT,2025-10-08 18:46:00+00:00,0.018842204345209626,True
4σ прокол 0.2%,TAKEUSDT,2025-10-09 03:22:00+00:00,0.12160332504386301,False
4σ,TAKEUSDT,2025-10-09 03:22:00+00:00,0.12160332504386301,False
6σ стоп 5D,MUSDT,2025-10-09 06:35:00+00:00,0.04591927504312694,True
4σ,MUSDT,2025-10-09 06:35:00+00:00,0.003889558103344266,True
4σ прокол 0.2%,MUSDT,2025-10-09 06:35:00+00:00,0.003889558103344266,True
6σ прокол 0.2%,MUSDT,2025-10-09 06:35:00+00:00,0.04591927504312694,True
6σ,MUSDT,2025-10-09 06:35:00+00:00,0.04591927504312694,True
4σ прокол 0.2%,BTRUSDT,2025-10-09 16:20:00+00:00,0.03657222322981109,True
4σ,BTRUSDT,2025-10-09 16:20:00+00:00,0.03657222322981109,True
4σ прокол 0.2%,A2ZUSDT,2025-10-10 12:29:00+00:00,0.03769683048044699,True
4σ,A2ZUSDT,2025-10-10 12:29:00+00:00,0.03769683048044699,True
4σ,FLOCKUSDT,2025-10-10 15:02:00+00:00,0.018432498803483147,True
6σ,FLOCKUSDT,2025-10-10 15:02:00+00:00,0.028390953808371935,True
4σ прокол 0.2%,FLOCKUSDT,2025-10-10 15:02:00+00:00,0.018432498803483147,True
6σ стоп 5D,FLOCKUSDT,2025-10-10 15:02:00+00:00,0.028390953808371935,True
4σ,MELANIAUSDT,2025-10-10 15:31:00+00:00,0.01902578423212549,True
4σ прокол 0.2%,MELANIAUSDT,2025-10-10 15:31:00+00:00,0.01902578423212549,True
4σ прокол 0.2%,SKYUSDT,2025-10-10 15:32:00+00:00,0.015094376235835271,True
4σ,SKYUSDT,2025-10-10 15:32:00+00:00,0.015094376235835271,True
4σ,TREEUSDT,2025-10-10 20:56:00+00:00,0.030984789502669766,True
4σ,AUCTIONUSDT,2025-10-10 20:56:00+00:00,0.018882107718123778,True
4σ,AIXBTUSDT,2025-10-10 20:56:00+00:00,0.03145607550136727,True
6σ стоп 5D,ASRUSDT,2025-10-10 20:56:00+00:00,0.026891826592757087,True
4σ прокол 0.2%,CRVUSDT,2025-10-10 20:56:00+00:00,0.03151972773947227,True
4σ,MEUSDT,2025-10-10 20:56:00+00:00,0.02112565439045229,True
4σ,SUSDT,2025-10-10 20:56:00+00:00,0.02411701884039537,True
4σ,SUPERUSDT,2025-10-10 20:56:00+00:00,0.020626218545446398,True
6σ стоп 5D,LUNA2USDT,2025-10-10 20:56:00+00:00,0.03775188483496468,True
4σ,CRVUSDT,2025-10-10 20:56:00+00:00,0.03151972773947227,True
4σ прокол 0.2%,EDUUSDT,2025-10-10 20:56:00+00:00,0.028820217491965797,True
6σ прокол 0.2%,LUNA2USDT,2025-10-10 20:56:00+00:00,0.03775188483496468,True
4σ прокол 0.2%,TAUSDT,2025-10-10 20:56:00+00:00,-0.3233406025258108,True
4σ прокол 0.2%,MEUSDT,2025-10-10 20:56:00+00:00,0.02112565439045229,True
4σ,LUNA2USDT,2025-10-10 20:56:00+00:00,0.02440371750742827,True
4σ прокол 0.2%,FIDAUSDT,2025-10-10 20:56:00+00:00,0.024962659574341253,True
4σ,STXUSDT,2025-10-10 20:56:00+00:00,0.020013384816199145,True
4σ,MORPHOUSDT,2025-10-10 20:56:00+00:00,0.02442539188585076,True
4σ прокол 0.2%,YFIUSDT,2025-10-10 20:56:00+00:00,0.017248957681883684,True
6σ прокол 0.2%,ASRUSDT,2025-10-10 20:56:00+00:00,0.026891826592757087,True
4σ,ASRUSDT,2025-10-10 20:56:00+00:00,0.017469424898084188,True
4σ прокол 0.2%,SUSDT,2025-10-10 20:56:00+00:00,0.02411701884039537,True
6σ,LUNA2USDT,2025-10-10 20:56:00+00:00,0.03775188483496468,True
4σ,HIPPOUSDT,2025-10-10 20:56:00+00:00,0.027549927167754798,True
6σ,ASRUSDT,2025-10-10 20:56:00+00:00,0.026891826592757087,True
4σ прокол 0.2%,MORPHOUSDT,2025-10-10 20:56:00+00:00,0.02442539188585076,True
4σ прокол 0.2%,DOGSUSDT,2025-10-10 20:56:00+00:00,0.033024156475007296,True
4σ,JTOUSDT,2025-10-10 20:56:00+00:00,0.021966081230863924,True
4σ,TAUSDT,2025-10-10 20:56:00+00:00,-0.3233406025258108,True
4σ прокол 0.2%,MAVUSDT,2025-10-10 20:56:00+00:00,0.030238301363737244,True
4σ прокол 0.2%,JTOUSDT,2025-10-10 20:56:00+00:00,0.021966081230863924,True
6σ,PUMPBTCUSDT,2025-10-10 20:56:00+00:00,0.03813726378964839,True
6σ прокол 0.2%,AXLUSDT,2025-10-10 20:56:00+00:00,0.036996797858906263,True
4σ,MAVUSDT,2025-10-10 20:56:00+00:00,0.030238301363737244,True
4σ,DOGSUSDT,2025-10-10 20:56:00+00:00,0.033024156475007296,True
6σ стоп 5D,PUMPBTCUSDT,2025-10-10 20:56:00+00:00,0.03813726378964839,True
6σ стоп 5D,AXLUSDT,2025-10-10 20:56:00+00:00,0.036996797858906263,True
4σ,AEROUSDT,2025-10-10 20:56:00+00:00,0.02354964030653868,True
6σ прокол 0.2%,PUMPBTCUSDT,2025-10-10 20:56:00+00:00,0.03813726378964839,True
4σ,AXLUSDT,2025-10-10 20:56:00+00:00,-0.2682902495482154,True
6σ,AXLUSDT,2025-10-10 20:56:00+00:00,0.036996797858906263,True
4σ прокол 0.2%,LUNA2USDT,2025-10-10 20:56:00+00:00,0.02440371750742827,True
4σ прокол 0.2%,AUCTIONUSDT,2025-10-10 20:56:00+00:00,0.018882107718123778,True
4σ,SANDUSDT,2025-10-10 20:56:00+00:00,0.021670756761334967,True
4σ прокол 0.2%,TREEUSDT,2025-10-10 20:56:00+00:00,0.030984789502669766,True
4σ прокол 0.2%,SUPERUSDT,2025-10-10 20:56:00+00:00,0.020626218545446398,True
4σ,YFIUSDT,2025-10-10 20:56:00+00:00,0.017248957681883684,True
4σ прокол 0.2%,AXLUSDT,2025-10-10 20:56:00+00:00,-0.2682902495482154,True
4σ прокол 0.2%,ASRUSDT,2025-10-10 20:56:00+00:00,0.017469424898084188,True
4σ,EDUUSDT,2025-10-10 20:56:00+00:00,0.028820217491965797,True
4σ прокол 0.2%,AEROUSDT,2025-10-10 20:56:00+00:00,0.02354964030653868,True
4σ,FIDAUSDT,2025-10-10 20:56:00+00:00,0.024962659574341253,True
4σ прокол 0.2%,AIXBTUSDT,2025-10-10 20:56:00+00:00,0.03145607550136727,True
4σ прокол 0.2%,HBARUSDT,2025-10-10 20:59:00+00:00,0.0180820930172942,True
4σ прокол 0.2%,COOKIEUSDT,2025-10-10 20:59:00+00:00,0.034975926554619854,True
4σ,HBARUSDT,2025-10-10 20:59:00+00:00,0.0180820930172942,True
6σ,CETUSUSDT,2025-10-10 20:59:00+00:00,0.04706852821944847,True
6σ стоп 5D,HAEDALUSDT,2025-10-10 20:59:00+00:00,0.03897374986822162,True
4σ прокол 0.2%,FETUSDT,2025-10-10 20:59:00+00:00,0.02782951790692452,True
4σ,FXSUSDT,2025-10-10 20:59:00+00:00,0.025853790351300268,True
4σ прокол 0.2%,EDUUSDT,2025-10-10 20:59:00+00:00,0.030493302029684435,True
4σ,JTOUSDT,2025-10-10 20:59:00+00:00,0.023435543948333984,True
6σ стоп 5D,CHILLGUYUSDT,2025-10-10 20:59:00+00:00,0.06210668478166732,True
4σ прокол 0.2%,MEUSDT,2025-10-10 20:59:00+00:00,0.02340934960080228,True
6σ прокол 0.2%,ONEUSDT,2025-10-10 20:59:00+00:00,0.04304641530912186,True
4σ,COOKIEUSDT,2025-10-10 20:59:00+00:00,0.034975926554619854,True
4σ,HOOKUSDT,2025-10-10 20:59:00+00:00,0.028933462480611197,True
4σ прокол 0.2%,LAUSDT,2025-10-10 20:59:00+00:00,0.03187587689029288,True
4σ прокол 0.2%,JTOUSDT,2025-10-10 20:59:00+00:00,0.023435543948333984,True
4σ,MEMEUSDT,2025-10-10 20:59:00+00:00,0.029915813791212734,True
4σ,ONEUSDT,2025-10-10 20:59:00+00:00,0.02774896252839483,True
4σ,EDUUSDT,2025-10-10 20:59:00+00:00,0.030493302029684435,True
6σ стоп 5D,ONEUSDT,2025-10-10 20:59:00+00:00,0.04304641530912186,True
4σ прокол 0.2%,MEMEUSDT,2025-10-10 20:59:00+00:00,0.029915813791212734,True
4σ прокол 0.2%,IDUSDT,2025-10-10 20:59:00+00:00,0.022416263028355046,True
4σ прокол 0.2%,PORTALUSDT,2025-10-10 20:59:00+00:00,0.036489826556941066,True
4σ,IDUSDT,2025-10-10 20:59:00+00:00,0.022416263028355046,True
4σ,LAUSDT,2025-10-10 20:59:00+00:00,0.03187587689029288,True
6σ прокол 0.2%,ACHUSDT,2025-10-10 20:59:00+00:00,0.03751334002033997,True
4σ прокол 0.2%,CHILLGUYUSDT,2025-10-10 20:59:00+00:00,-0.21104650022991653,True
4σ прокол 0.2%,ONEUSDT,2025-10-10 20:59:00+00:00,0.02774896252839483,True
4σ,PORTALUSDT,2025-10-10 20:59:00+00:00,0.036489826556941066,True
6σ стоп 5D,ACHUSDT,2025-10-10 20:59:00+00:00,0.03751334002033997,True
6σ,ONEUSDT,2025-10-10 20:59:00+00:00,0.04304641530912186,True
4σ,CHILLGUYUSDT,2025-10-10 20:59:00+00:00,-0.21104650022991653,True
6σ,ACHUSDT,2025-10-10 20:59:00+00:00,0.03751334002033997,True
4σ прокол 0.2%,CETUSUSDT,2025-10-10 20:59:00+00:00,0.030274955486213798,True
6σ прокол 0.2%,CHILLGUYUSDT,2025-10-10 20:59:00+00:00,0.06210668478166732,True
4σ,CETUSUSDT,2025-10-10 20:59:00+00:00,0.030274955486213798,True
6σ прокол 0.2%,CETUSUSDT,2025-10-10 20:59:00+00:00,0.04706852821944847,True
6σ,CHILLGUYUSDT,2025-10-10 20:59:00+00:00,0.06210668478166732,True
4σ,MEUSDT,2025-10-10 20:59:00+00:00,0.02340934960080228,True
6σ прокол 0.2%,HAEDALUSDT,2025-10-10 20:59:00+00:00,0.03897374986822162,True
6σ стоп 5D,CETUSUSDT,2025-10-10 20:59:00+00:00,0.04706852821944847,True
4σ прокол 0.2%,HOOKUSDT,2025-10-10 20:59:00+00:00,0.028933462480611197,True
4σ прокол 0.2%,ROSEUSDT,2025-10-10 20:59:00+00:00,0.0433772335411506,True
4σ прокол 0.2%,NMRUSDT,2025-10-10 20:59:00+00:00,0.025253624618491746,True
4σ прокол 0.2%,CYBERUSDT,2025-10-10 20:59:00+00:00,0.030280529929717484,True
4σ,MUBARAKUSDT,2025-10-10 20:59:00+00:00,0.03895147281771667,True
4σ,THETAUSDT,2025-10-10 20:59:00+00:00,0.026161597510400328,True
4σ,NEIROUSDT,2025-10-10 20:59:00+00:00,0.03633977197583223,False
4σ,SUSDT,2025-10-10 20:59:00+00:00,0.025756112836542625,True
4σ прокол 0.2%,SIGNUSDT,2025-10-10 20:59:00+00:00,0.025703691832941147,True
4σ,ARKMUSDT,2025-10-10 20:59:00+00:00,0.028430190427240112,True
4σ прокол 0.2%,AIXBTUSDT,2025-10-10 20:59:00+00:00,0.03336942439067499,True
4σ,SIGNUSDT,2025-10-10 20:59:00+00:00,0.025703691832941147,True
4σ прокол 0.2%,MUBARAKUSDT,2025-10-10 20:59:00+00:00,0.03895147281771667,True
4σ,ANIMEUSDT,2025-10-10 20:59:00+00:00,0.025121105549447756,True
4σ прокол 0.2%,RAREUSDT,2025-10-10 20:59:00+00:00,0.020694961402948978,True
6σ прокол 0.2%,AVAAIUSDT,2025-10-10 20:59:00+00:00,0.0612488627405547,True
4σ,DOGSUSDT,2025-10-10 20:59:00+00:00,0.03530717986039829,True
4σ прокол 0.2%,KASUSDT,2025-10-10 20:59:00+00:00,0.023630998750504964,True
4σ прокол 0.2%,ARKMUSDT,2025-10-10 20:59:00+00:00,0.028430190427240112,True
4σ,RAREUSDT,2025-10-10 20:59:00+00:00,0.020694961402948978,True
4σ,KASUSDT,2025-10-10 20:59:00+00:00,0.023630998750504964,True
4σ,PNUTUSDT,2025-10-10 20:59:00+00:00,0.03177381188431112,True
4σ прокол 0.2%,THETAUSDT,2025-10-10 20:59:00+00:00,0.026161597510400328,True
6σ стоп 5D,AVAAIUSDT,2025-10-10 20:59:00+00:00,0.0612488627405547,True
4σ,AVAAIUSDT,2025-10-10 20:59:00+00:00,0.03907677625325219,True
4σ прокол 0.2%,NEIROUSDT,2025-10-10 20:59:00+00:00,0.03633977197583223,False
4σ,REDUSDT,2025-10-10 20:59:00+00:00,0.024086857819411736,True
4σ прокол 0.2%,MAVUSDT,2025-10-10 20:59:00+00:00,0.033438582471567904,True
4σ прокол 0.2%,REDUSDT,2025-10-10 20:59:00+00:00,0.024086857819411736,True
4σ прокол 0.2%,LPTUSDT,2025-10-10 20:59:00+00:00,0.030817305131152398,True
4σ прокол 0.2%,PYTHUSDT,2025-10-10 20:59:00+00:00,0.02567576457192762,True
4σ прокол 0.2%,AVAAIUSDT,2025-10-10 20:59:00+00:00,0.03907677625325219,True
4σ прокол 0.2%,JUPUSDT,2025-10-10 20:59:00+00:00,0.02609325797981961,True
6σ,SUNUSDT,2025-10-10 20:59:00+00:00,0.016453605723758938,True
6σ стоп 5D,SUNUSDT,2025-10-10 20:59:00+00:00,0.016453605723758938,True
6σ прокол 0.2%,SUNUSDT,2025-10-10 20:59:00+00:00,0.016453605723758938,True
4σ,PYTHUSDT,2025-10-10 20:59:00+00:00,0.02567576457192762,True
4σ,ROSEUSDT,2025-10-10 20:59:00+00:00,0.0433772335411506,True
4σ прокол 0.2%,XNYUSDT,2025-10-10 20:59:00+00:00,0.034469697583360895,True
4σ,XNYUSDT,2025-10-10 20:59:00+00:00,0.034469697583360895,True
4σ,JUPUSDT,2025-10-10 20:59:00+00:00,0.02609325797981961,True
4σ,AEVOUSDT,2025-10-10 20:59:00+00:00,0.0297820011968168,True
4σ прокол 0.2%,AEVOUSDT,2025-10-10 20:59:00+00:00,0.0297820011968168,True
4σ,LPTUSDT,2025-10-10 20:59:00+00:00,0.030817305131152398,True
4σ,AIXBTUSDT,2025-10-10 20:59:00+00:00,0.03336942439067499,True
4σ,CYBERUSDT,2025-10-10 20:59:00+00:00,0.030280529929717484,True
4σ,NMRUSDT,2025-10-10 20:59:00+00:00,0.025253624618491746,True
6σ прокол 0.2%,TAUSDT,2025-10-10 20:59:00+00:00,0.07414955390368555,True
6σ стоп 5D,TAUSDT,2025-10-10 20:59:00+00:00,0.07414955390368555,True
6σ прокол 0.2%,PARTIUSDT,2025-10-10 20:59:00+00:00,0.0589823329635983,True
6σ стоп 5D,SKATEUSDT,2025-10-10 20:59:00+00:00,0.05722677298852426,True
6σ стоп 5D,PARTIUSDT,2025-10-10 20:59:00+00:00,0.0589823329635983,True
4σ,MAVUSDT,2025-10-10 20:59:00+00:00,0.033438582471567904,True
6σ,PARTIUSDT,2025-10-10 20:59:00+00:00,0.0589823329635983,True
4σ прокол 0.2%,ONDOUSDT,2025-10-10 20:59:00+00:00,0.022026655227767436,True
4σ,ASRUSDT,2025-10-10 20:59:00+00:00,-0.17183805065093635,True
6σ прокол 0.2%,ASRUSDT,2025-10-10 20:59:00+00:00,-0.15589863902407672,True
4σ,BROCCOLI714USDT,2025-10-10 20:59:00+00:00,0.05083190510328146,False
4σ прокол 0.2%,SUSDT,2025-10-10 20:59:00+00:00,0.025756112836542625,True
6σ стоп 5D,ASRUSDT,2025-10-10 20:59:00+00:00,-0.27345781673038355,True
4σ прокол 0.2%,BROCCOLI714USDT,2025-10-10 20:59:00+00:00,0.05083190510328146,False
6σ,ASRUSDT,2025-10-10 20:59:00+00:00,-0.15589863902407672,True
4σ,DYMUSDT,2025-10-10 20:59:00+00:00,0.032626525393539565,True
4σ,ONDOUSDT,2025-10-10 20:59:00+00:00,0.022026655227767436,True
4σ прокол 0.2%,DYMUSDT,2025-10-10 20:59:00+00:00,0.032626525393539565,True
4σ прокол 0.2%,NOTUSDT,2025-10-10 20:59:00+00:00,0.031692758595840156,True
4σ,NOTUSDT,2025-10-10 20:59:00+00:00,0.031692758595840156,True
4σ,FETUSDT,2025-10-10 20:59:00+00:00,0.02782951790692452,True
6σ прокол 0.2%,SKATEUSDT,2025-10-10 20:59:00+00:00,0.05722677298852426,True
4σ,BANANAUSDT,2025-10-10 20:59:00+00:00,0.025093399508552897,True
4σ,PARTIUSDT,2025-10-10 20:59:00+00:00,0.037680675731872795,True
4σ прокол 0.2%,PARTIUSDT,2025-10-10 20:59:00+00:00,0.037680675731872795,True
6σ,TAUSDT,2025-10-10 20:59:00+00:00,0.07414955390368555,True
4σ прокол 0.2%,DOGSUSDT,2025-10-10 20:59:00+00:00,0.03530717986039829,True
4σ прокол 0.2%,BANANAUSDT,2025-10-10 20:59:00+00:00,0.025093399508552897,True
4σ прокол 0.2%,ICPUSDT,2025-10-10 20:59:00+00:00,0.021044035806404973,True
6σ,AVAAIUSDT,2025-10-10 20:59:00+00:00,0.0612488627405547,True
4σ прокол 0.2%,PNUTUSDT,2025-10-10 20:59:00+00:00,0.03177381188431112,True
4σ прокол 0.2%,ASRUSDT,2025-10-10 20:59:00+00:00,-0.17183805065093635,True
6σ,WOOUSDT,2025-10-10 20:59:00+00:00,0.05128373473456645,True
6σ стоп 5D,WOOUSDT,2025-10-10 20:59:00+00:00,0.05128373473456645,True
4σ,ICPUSDT,2025-10-10 20:59:00+00:00,0.021044035806404973,True
4σ прокол 0.2%,SAGAUSDT,2025-10-10 20:59:00+00:00,0.034156064736531724,True
4σ прокол 0.2%,SKATEUSDT,2025-10-10 20:59:00+00:00,0.03659652188050107,True
6σ прокол 0.2%,WOOUSDT,2025-10-10 20:59:00+00:00,0.05128373473456645,True
4σ,WOOUSDT,2025-10-10 20:59:00+00:00,0.03290816298297257,True
4σ,SKATEUSDT,2025-10-10 20:59:00+00:00,0.03659652188050107,True
4σ,SAGAUSDT,2025-10-10 20:59:00+00:00,0.034156064736531724,True
4σ прокол 0.2%,WOOUSDT,2025-10-10 20:59:00+00:00,0.03290816298297257,True
4σ,BBUSDT,2025-10-10 20:59:00+00:00,0.03174499374259106,True
4σ,GRTUSDT,2025-10-10 20:59:00+00:00,0.022274491944804978,True
4σ прокол 0.2%,BBUSDT,2025-10-10 20:59:00+00:00,0.03174499374259106,True
6σ,SKATEUSDT,2025-10-10 20:59:00+00:00,0.05722677298852426,True
4σ,MITOUSDT,2025-10-10 20:59:00+00:00,0.038792351931472305,True
4σ прокол 0.2%,AIUSDT,2025-10-10 20:59:00+00:00,0.03418013951625505,True
4σ прокол 0.2%,TOWNSUSDT,2025-10-10 20:59:00+00:00,0.02984540112900831,True
4σ,AUCTIONUSDT,2025-10-10 20:59:00+00:00,0.020128508731913367,True
4σ,YFIUSDT,2025-10-10 20:59:00+00:00,0.019209313882593906,True
4σ,LUNA2USDT,2025-10-10 20:59:00+00:00,0.026551808554144032,True
4σ,KAIAUSDT,2025-10-10 20:59:00+00:00,0.027913469288852702,True
4σ,EPTUSDT,2025-10-10 20:59:00+00:00,0.05148116450245928,True
4σ,TREEUSDT,2025-10-10 20:59:00+00:00,0.03273484973025771,True
4σ,BABYUSDT,2025-10-10 20:59:00+00:00,0.026553780054605583,True
4σ,XLMUSDT,2025-10-10 20:59:00+00:00,0.018427280742976795,True
4σ прокол 0.2%,PIXELUSDT,2025-10-10 20:59:00+00:00,0.030409573153906203,True
4σ,STXUSDT,2025-10-10 20:59:00+00:00,0.02087930201825068,True
4σ,SKLUSDT,2025-10-10 20:59:00+00:00,0.025288941929075784,True
4σ,ALTUSDT,2025-10-10 20:59:00+00:00,0.025561501243495946,True
4σ,PIXELUSDT,2025-10-10 20:59:00+00:00,0.030409573153906203,True
4σ прокол 0.2%,LUNA2USDT,2025-10-10 20:59:00+00:00,0.026551808554144032,True
4σ прокол 0.2%,STXUSDT,2025-10-10 20:59:00+00:00,0.02087930201825068,True
4σ прокол 0.2%,AUCTIONUSDT,2025-10-10 20:59:00+00:00,0.020128508731913367,True
4σ прокол 0.2%,EPTUSDT,2025-10-10 20:59:00+00:00,0.05148116450245928,True
4σ прокол 0.2%,SKLUSDT,2025-10-10 20:59:00+00:00,0.025288941929075784,True
4σ,SSVUSDT,2025-10-10 20:59:00+00:00,0.029550018191960084,True
6σ,HAEDALUSDT,2025-10-10 20:59:00+00:00,0.03897374986822162,True
4σ прокол 0.2%,CUSDT,2025-10-10 20:59:00+00:00,0.0370704158385204,True
4σ прокол 0.2%,BABYUSDT,2025-10-10 20:59:00+00:00,0.026553780054605583,True
4σ прокол 0.2%,KAIAUSDT,2025-10-10 20:59:00+00:00,0.027913469288852702,True
6σ стоп 5D,AUSDT,2025-10-10 20:59:00+00:00,0.03810564757037223,True
4σ,TOWNSUSDT,2025-10-10 20:59:00+00:00,0.02984540112900831,True
4σ прокол 0.2%,PLUMEUSDT,2025-10-10 20:59:00+00:00,0.029592330632827138,True
4σ,AIUSDT,2025-10-10 20:59:00+00:00,0.03418013951625505,True
4σ,MEWUSDT,2025-10-10 20:59:00+00:00,0.023535822868439873,True
6σ,AUSDT,2025-10-10 20:59:00+00:00,0.03810564757037223,True
4σ прокол 0.2%,MEWUSDT,2025-10-10 20:59:00+00:00,0.023535822868439873,True
4σ,CUSDT,2025-10-10 20:59:00+00:00,0.0370704158385204,True
4σ,PLUMEUSDT,2025-10-10 20:59:00+00:00,0.029592330632827138,True
6σ прокол 0.2%,AUSDT,2025-10-10 20:59:00+00:00,0.03810564757037223,True
4σ прокол 0.2%,ALTUSDT,2025-10-10 20:59:00+00:00,0.025561501243495946,True
4σ,CTSIUSDT,2025-10-10 20:59:00+00:00,0.029936412478258803,True
4σ прокол 0.2%,XLMUSDT,2025-10-10 20:59:00+00:00,0.018427280742976795,True
4σ,DAMUSDT,2025-10-10 21:00:00+00:00,0.0585380571033753,True
4σ прокол 0.2%,DAMUSDT,2025-10-10 21:00:00+00:00,0.0585380571033753,True
4σ прокол 0.2%,AIUSDT,2025-10-10 21:13:00+00:00,0.041123742976083524,True
4σ,EGLDUSDT,2025-10-10 21:13:00+00:00,-0.22556219747235204,True
4σ прокол 0.2%,ONDOUSDT,2025-10-10 21:13:00+00:00,-0.1349329120708371,True
4σ,POPCATUSDT,2025-10-10 21:13:00+00:00,-0.2786282338371216,True
4σ прокол 0.2%,LQTYUSDT,2025-10-10 21:13:00+00:00,-0.16230959827524113,True
6σ прокол 0.2%,JTOUSDT,2025-10-10 21:13:00+00:00,0.0465341424816343,True
4σ прокол 0.2%,POPCATUSDT,2025-10-10 21:13:00+00:00,-0.2786282338371216,True
6σ,JTOUSDT,2025-10-10 21:13:00+00:00,0.0465341424816343,True
6σ,TREEUSDT,2025-10-10 21:13:00+00:00,0.05621525863493533,True
4σ прокол 0.2%,EDUUSDT,2025-10-10 21:13:00+00:00,0.03675218315498503,True
4σ,ZILUSDT,2025-10-10 21:13:00+00:00,-0.19328080186154137,True
4σ прокол 0.2%,AIXBTUSDT,2025-10-10 21:13:00+00:00,-0.173897627039284,True
6σ,AWEUSDT,2025-10-10 21:13:00+00:00,0.03192055616720242,True
4σ прокол 0.2%,RAREUSDT,2025-10-10 21:13:00+00:00,0.027872339872852606,True
4σ прокол 0.2%,DYMUSDT,2025-10-10 21:13:00+00:00,0.04061412890885126,True
4σ прокол 0.2%,EGLDUSDT,2025-10-10 21:13:00+00:00,-0.22556219747235204,True
4σ,ONEUSDT,2025-10-10 21:13:00+00:00,0.04759998024512675,True
4σ,RAREUSDT,2025-10-10 21:13:00+00:00,0.027872339872852606,True
4σ,EDUUSDT,2025-10-10 21:13:00+00:00,0.03675218315498503,True
4σ,AUCTIONUSDT,2025-10-10 21:13:00+00:00,-0.21569355445444113,True
4σ,DYMUSDT,2025-10-10 21:13:00+00:00,0.04061412890885126,True
4σ прокол 0.2%,ATOMUSDT,2025-10-10 21:13:00+00:00,0.024018127874789477,True
4σ,PNUTUSDT,2025-10-10 21:13:00+00:00,-0.15314708047626932,True
6σ стоп 5D,JTOUSDT,2025-10-10 21:13:00+00:00,0.0465341424816343,True
4σ,LQTYUSDT,2025-10-10 21:13:00+00:00,-0.16230959827524113,True
4σ прокол 0.2%,GRTUSDT,2025-10-10 21:13:00+00:00,-0.1948489744014726,True
4σ,VELVETUSDT,2025-10-10 21:13:00+00:00,0.046736986179373344,True
4σ,NEIROUSDT,2025-10-10 21:13:00+00:00,-0.1722667905804883,False
4σ прокол 0.2%,ENSUSDT,2025-10-10 21:13:00+00:00,0.026680989341995656,True
4σ,TOWNSUSDT,2025-10-10 21:13:00+00:00,0.03594437288322534,True
4σ,THETAUSDT,2025-10-10 21:13:00+00:00,-0.25872646098809665,True
4σ прокол 0.2%,NMRUSDT,2025-10-10 21:13:00+00:00,-0.11479986078152446,True
4σ,ORCAUSDT,2025-10-10 21:13:00+00:00,-0.1272697777425322,True
4σ прокол 0.2%,MEWUSDT,2025-10-10 21:13:00+00:00,0.028515953317772527,True
4σ,NMRUSDT,2025-10-10 21:13:00+00:00,-0.11479986078152446,True
4σ,FIDAUSDT,2025-10-10 21:13:00+00:00,0.031167529275480235,True
4σ прокол 0.2%,TREEUSDT,2025-10-10 21:13:00+00:00,0.0359707462848486,True
4σ,WOOUSDT,2025-10-10 21:13:00+00:00,-0.20003443733953116,True
4σ прокол 0.2%,ORCAUSDT,2025-10-10 21:13:00+00:00,-0.1272697777425322,True
4σ,TIAUSDT,2025-10-10 21:13:00+00:00,0.035378659850550956,True
4σ прокол 0.2%,THETAUSDT,2025-10-10 21:13:00+00:00,-0.25872646098809665,True
4σ прокол 0.2%,SPKUSDT,2025-10-10 21:13:00+00:00,-0.08793363550114894,True
4σ прокол 0.2%,BBUSDT,2025-10-10 21:13:00+00:00,-0.17035244046049122,True
6σ,FUSDT,2025-10-10 21:13:00+00:00,0.05452396453377002,True
4σ прокол 0.2%,UMAUSDT,2025-10-10 21:13:00+00:00,-0.2503640979636492,True
6σ,1000SATSUSDT,2025-10-10 21:13:00+00:00,-0.23997732922732182,False
4σ прокол 0.2%,TOWNSUSDT,2025-10-10 21:13:00+00:00,0.03594437288322534,True
6σ прокол 0.2%,SANDUSDT,2025-10-10 21:13:00+00:00,0.043910082438602685,True
4σ прокол 0.2%,RESOLVUSDT,2025-10-10 21:13:00+00:00,-0.23242589183117554,True
4σ прокол 0.2%,VELVETUSDT,2025-10-10 21:13:00+00:00,0.046736986179373344,True
4σ прокол 0.2%,BIDUSDT,2025-10-10 21:13:00+00:00,0.03866352830048321,False
4σ,YFIUSDT,2025-10-10 21:13:00+00:00,0.022392467132844998,True
4σ прокол 0.2%,RSRUSDT,2025-10-10 21:13:00+00:00,-0.23929199647683816,True
6σ стоп 5D,TONUSDT,2025-10-10 21:13:00+00:00,-0.3717560998260013,True
4σ прокол 0.2%,1000SATSUSDT,2025-10-10 21:13:00+00:00,-0.2802127115756848,False
6σ стоп 5D,SANDUSDT,2025-10-10 21:13:00+00:00,0.043910082438602685,True
4σ,ATOMUSDT,2025-10-10 21:13:00+00:00,0.024018127874789477,True
4σ прокол 0.2%,NEIROUSDT,2025-10-10 21:13:00+00:00,-0.1722667905804883,False
4σ,1000SATSUSDT,2025-10-10 21:13:00+00:00,-0.2802127115756848,False
4σ,RSRUSDT,2025-10-10 21:13:00+00:00,-0.23929199647683816,True
4σ прокол 0.2%,ONTUSDT,2025-10-10 21:13:00+00:00,-0.185073491897198,True
6σ прокол 0.2%,1000SATSUSDT,2025-10-10 21:13:00+00:00,-0.23997732922732182,False
6σ стоп 5D,1000SATSUSDT,2025-10-10 21:13:00+00:00,-0.7181769774701805,False
4σ прокол 0.2%,YFIUSDT,2025-10-10 21:13:00+00:00,0.022392467132844998,True
4σ,ONTUSDT,2025-10-10 21:13:00+00:00,-0.185073491897198,True
4σ,ENSUSDT,2025-10-10 21:13:00+00:00,0.026680989341995656,True
4σ,1000SHIBUSDT,2025-10-10 21:13:00+00:00,-0.11083036707911051,False
4σ,BIDUSDT,2025-10-10 21:13:00+00:00,0.03866352830048321,False
4σ прокол 0.2%,BROCCOLI714USDT,2025-10-10 21:13:00+00:00,0.06972642748428032,False
6σ стоп 5D,TREEUSDT,2025-10-10 21:13:00+00:00,0.05621525863493533,True
4σ,LPTUSDT,2025-10-10 21:13:00+00:00,0.03582831099936486,True
4σ,RENDERUSDT,2025-10-10 21:13:00+00:00,-0.2102628419389729,True
6σ прокол 0.2%,KSMUSDT,2025-10-10 21:13:00+00:00,0.03994870950640435,True
4σ прокол 0.2%,COSUSDT,2025-10-10 21:13:00+00:00,-0.18921783810087942,True
4σ,KAIAUSDT,2025-10-10 21:13:00+00:00,0.03851655879082157,True
6σ прокол 0.2%,TONUSDT,2025-10-10 21:13:00+00:00,-0.14542113892976036,True
4σ,DOLOUSDT,2025-10-10 21:13:00+00:00,-0.18498952820723255,True
6σ стоп 5D,KSMUSDT,2025-10-10 21:13:00+00:00,0.03994870950640435,True
4σ прокол 0.2%,DOLOUSDT,2025-10-10 21:13:00+00:00,-0.18498952820723255,True
4σ,TREEUSDT,2025-10-10 21:13:00+00:00,0.0359707462848486,True
4σ прокол 0.2%,PIXELUSDT,2025-10-10 21:13:00+00:00,-0.23005790178860872,True
4σ,LUNA2USDT,2025-10-10 21:13:00+00:00,0.03703715976126061,True
4σ прокол 0.2%,USUALUSDT,2025-10-10 21:13:00+00:00,0.03844930500316131,True
4σ прокол 0.2%,PARTIUSDT,2025-10-10 21:13:00+00:00,0.04877369793164306,True
6σ стоп 5D,BEAMXUSDT,2025-10-10 21:13:00+00:00,0.04883882825368509,False
4σ,MUBARAKUSDT,2025-10-10 21:13:00+00:00,0.046670027580501164,True
4σ,PIXELUSDT,2025-10-10 21:13:00+00:00,-0.23005790178860872,True
4σ,CYBERUSDT,2025-10-10 21:13:00+00:00,0.035861033914335,True
4σ прокол 0.2%,BEAMXUSDT,2025-10-10 21:13:00+00:00,0.031382593720031784,False
6σ прокол 0.2%,BEAMXUSDT,2025-10-10 21:13:00+00:00,0.04883882825368509,False
6σ,SPKUSDT,2025-10-10 21:13:00+00:00,-0.055285839042059276,True
4σ прокол 0.2%,PLUMEUSDT,2025-10-10 21:13:00+00:00,-0.27980598743559876,True
4σ,QNTUSDT,2025-10-10 21:13:00+00:00,0.020271873574752644,True
4σ прокол 0.2%,ANIMEUSDT,2025-10-10 21:13:00+00:00,-0.1934122364501439,True
4σ прокол 0.2%,KSMUSDT,2025-10-10 21:13:00+00:00,0.025794529366881938,True
4σ,BEAMXUSDT,2025-10-10 21:13:00+00:00,0.031382593720031784,False
4σ,ANIMEUSDT,2025-10-10 21:13:00+00:00,-0.1934122364501439,True
4σ прокол 0.2%,QNTUSDT,2025-10-10 21:13:00+00:00,0.020271873574752644,True
4σ,USUALUSDT,2025-10-10 21:13:00+00:00,0.03844930500316131,True
4σ,BIOUSDT,2025-10-10 21:13:00+00:00,-0.1909012176035851,True
4σ,SPKUSDT,2025-10-10 21:13:00+00:00,-0.08793363550114894,True
4σ прокол 0.2%,AWEUSDT,2025-10-10 21:13:00+00:00,0.020692555364555124,True
4σ,PLUMEUSDT,2025-10-10 21:13:00+00:00,-0.27980598743559876,True
6σ прокол 0.2%,SPKUSDT,2025-10-10 21:13:00+00:00,-0.055285839042059276,True
4σ прокол 0.2%,KAIAUSDT,2025-10-10 21:13:00+00:00,0.03851655879082157,True
6σ стоп 5D,SPKUSDT,2025-10-10 21:13:00+00:00,-0.055285839042059276,True
4σ,REDUSDT,2025-10-10 21:13:00+00:00,0.02888775272681672,True
4σ,KSMUSDT,2025-10-10 21:13:00+00:00,0.025794529366881938,True
4σ прокол 0.2%,AUCTIONUSDT,2025-10-10 21:13:00+00:00,-0.21569355445444113,True
4σ прокол 0.2%,MOODENGUSDT,2025-10-10 21:13:00+00:00,-0.164470626334533,True
4σ прокол 0.2%,CYBERUSDT,2025-10-10 21:13:00+00:00,0.035861033914335,True
6σ,KSMUSDT,2025-10-10 21:13:00+00:00,0.03994870950640435,True
4σ,MAVUSDT,2025-10-10 21:13:00+00:00,-0.15102158119332273,True
4σ прокол 0.2%,JTOUSDT,2025-10-10 21:13:00+00:00,-0.24973587156007201,True
4σ прокол 0.2%,JUPUSDT,2025-10-10 21:13:00+00:00,0.032335238632690014,True
4σ,BROCCOLI714USDT,2025-10-10 21:13:00+00:00,0.06972642748428032,False
4σ,RESOLVUSDT,2025-10-10 21:13:00+00:00,-0.23242589183117554,True
6σ стоп 5D,VELVETUSDT,2025-10-10 21:13:00+00:00,0.07380319420895248,True
4σ прокол 0.2%,ZILUSDT,2025-10-10 21:13:00+00:00,-0.19328080186154137,True
4σ прокол 0.2%,SUSDT,2025-10-10 21:13:00+00:00,0.03875134488333827,True
4σ,SAGAUSDT,2025-10-10 21:13:00+00:00,-0.2474858068328096,True
4σ,HUMAUSDT,2025-10-10 21:13:00+00:00,0.029699560070652622,True
6σ стоп 5D,AWEUSDT,2025-10-10 21:13:00+00:00,0.03192055616720242,True
4σ прокол 0.2%,FIDAUSDT,2025-10-10 21:13:00+00:00,0.031167529275480235,True
4σ прокол 0.2%,ICPUSDT,2025-10-10 21:13:00+00:00,-0.20553871208167415,True
6σ,SANDUSDT,2025-10-10 21:13:00+00:00,0.043910082438602685,True
4σ,ESPORTSUSDT,2025-10-10 21:13:00+00:00,0.04190594350662798,True
4σ,ICPUSDT,2025-10-10 21:13:00+00:00,-0.20553871208167415,True
4σ,JTOUSDT,2025-10-10 21:13:00+00:00,-0.24973587156007201,True
6σ прокол 0.2%,TREEUSDT,2025-10-10 21:13:00+00:00,0.05621525863493533,True
4σ,AIUSDT,2025-10-10 21:13:00+00:00,0.041123742976083524,True
4σ прокол 0.2%,SAGAUSDT,2025-10-10 21:13:00+00:00,-0.2474858068328096,True
4σ,AIXBTUSDT,2025-10-10 21:13:00+00:00,-0.173897627039284,True
4σ,KASUSDT,2025-10-10 21:13:00+00:00,0.04067193726343872,True
4σ,PYTHUSDT,2025-10-10 21:13:00+00:00,0.030026113868665896,True
4σ прокол 0.2%,BIOUSDT,2025-10-10 21:13:00+00:00,-0.1909012176035851,True
4σ прокол 0.2%,MUBARAKUSDT,2025-10-10 21:13:00+00:00,0.046670027580501164,True
4σ,SUPERUSDT,2025-10-10 21:13:00+00:00,-0.19183191945238084,True
6σ,BEAMXUSDT,2025-10-10 21:13:00+00:00,0.04883882825368509,False
4σ,SUSDT,2025-10-10 21:13:00+00:00,0.03875134488333827,True
4σ прокол 0.2%,SIGNUSDT,2025-10-10 21:13:00+00:00,0.03261646674127801,True
4σ,PARTIUSDT,2025-10-10 21:13:00+00:00,0.04877369793164306,True
4σ прокол 0.2%,SUPERUSDT,2025-10-10 21:13:00+00:00,-0.19183191945238084,True
4σ прокол 0.2%,ESPORTSUSDT,2025-10-10 21:13:00+00:00,0.04190594350662798,True
4σ,BLURUSDT,2025-10-10 21:13:00+00:00,-0.23288604623034145,True
4σ прокол 0.2%,BLURUSDT,2025-10-10 21:13:00+00:00,-0.23288604623034145,True
4σ прокол 0.2%,RENDERUSDT,2025-10-10 21:13:00+00:00,-0.2102628419389729,True
4σ прокол 0.2%,MAVUSDT,2025-10-10 21:13:00+00:00,-0.15102158119332273,True
4σ,AWEUSDT,2025-10-10 21:13:00+00:00,0.020692555364555124,True
4σ прокол 0.2%,LUNA2USDT,2025-10-10 21:13:00+00:00,0.03703715976126061,True
4σ прокол 0.2%,HUMAUSDT,2025-10-10 21:13:00+00:00,0.029699560070652622,True
4σ прокол 0.2%,KASUSDT,2025-10-10 21:13:00+00:00,0.04067193726343872,True
6σ,VELVETUSDT,2025-10-10 21:13:00+00:00,0.07380319420895248,True
4σ,SIGNUSDT,2025-10-10 21:13:00+00:00,0.03261646674127801,True
6σ,FLOCKUSDT,2025-10-10 21:13:00+00:00,-0.1388044270718792,True
4σ,NOTUSDT,2025-10-10 21:13:00+00:00,0.03939179826682167,True
6σ стоп 5D,FUSDT,2025-10-10 21:13:00+00:00,0.05452396453377002,True
6σ прокол 0.2%,APEUSDT,2025-10-10 21:13:00+00:00,0.039358821171208105,True
4σ,UMAUSDT,2025-10-10 21:13:00+00:00,-0.2503640979636492,True
4σ прокол 0.2%,IOTAUSDT,2025-10-10 21:13:00+00:00,0.028821386015711117,True
4σ прокол 0.2%,HOLOUSDT,2025-10-10 21:13:00+00:00,-0.23464924912870053,True
4σ,ALTUSDT,2025-10-10 21:13:00+00:00,-0.17160611437060422,True
6σ стоп 5D,APEUSDT,2025-10-10 21:13:00+00:00,0.039358821171208105,True
4σ прокол 0.2%,ZROUSDT,2025-10-10 21:13:00+00:00,-0.19302865099802188,True
4σ,HOLOUSDT,2025-10-10 21:13:00+00:00,-0.23464924912870053,True
6σ,APEUSDT,2025-10-10 21:13:00+00:00,0.039358821171208105,True
4σ,JASMYUSDT,2025-10-10 21:13:00+00:00,-0.2194813701268202,True
6σ,XLMUSDT,2025-10-10 21:13:00+00:00,0.03490158794883787,True
6σ стоп 5D,XLMUSDT,2025-10-10 21:13:00+00:00,0.03490158794883787,True
4σ,PORTALUSDT,2025-10-10 21:13:00+00:00,-0.23554574510244716,True
4σ прокол 0.2%,AINUSDT,2025-10-10 21:13:00+00:00,0.031626232613668884,True
4σ прокол 0.2%,WUSDT,2025-10-10 21:13:00+00:00,-0.1858242188277862,True
4σ,MAGICUSDT,2025-10-10 21:13:00+00:00,0.03431443910626082,True
4σ,CVXUSDT,2025-10-10 21:13:00+00:00,-0.24698319465849358,True
4σ,ZROUSDT,2025-10-10 21:13:00+00:00,-0.19302865099802188,True
4σ прокол 0.2%,IDOLUSDT,2025-10-10 21:13:00+00:00,0.022879977758964956,False
4σ,AINUSDT,2025-10-10 21:13:00+00:00,0.031626232613668884,True
4σ прокол 0.2%,CVXUSDT,2025-10-10 21:13:00+00:00,-0.24698319465849358,True
4σ прокол 0.2%,ALTUSDT,2025-10-10 21:13:00+00:00,-0.17160611437060422,True
4σ,MITOUSDT,2025-10-10 21:13:00+00:00,-0.2560422996283214,True
4σ прокол 0.2%,MITOUSDT,2025-10-10 21:13:00+00:00,-0.2560422996283214,True
4σ прокол 0.2%,APEUSDT,2025-10-10 21:13:00+00:00,-0.3852634917355489,True
6σ,PORTALUSDT,2025-10-10 21:13:00+00:00,0.06482793248192825,True
6σ стоп 5D,PORTALUSDT,2025-10-10 21:13:00+00:00,0.06482793248192825,True
4σ,SKLUSDT,2025-10-10 21:13:00+00:00,0.03061756609059625,True
4σ прокол 0.2%,MANAUSDT,2025-10-10 21:13:00+00:00,-0.21411155679344104,True
4σ,BANANAUSDT,2025-10-10 21:13:00+00:00,-0.2276320470563182,True
4σ прокол 0.2%,SANDUSDT,2025-10-10 21:13:00+00:00,0.028292477594028934,True
4σ,YGGUSDT,2025-10-10 21:13:00+00:00,-0.21943807228014497,True
6σ прокол 0.2%,PORTALUSDT,2025-10-10 21:13:00+00:00,0.06482793248192825,True
4σ прокол 0.2%,SFPUSDT,2025-10-10 21:13:00+00:00,0.02362802898060208,True
4σ,APEUSDT,2025-10-10 21:13:00+00:00,-0.3852634917355489,True
4σ,CTSIUSDT,2025-10-10 21:13:00+00:00,0.035683561840073666,True
4σ,MANAUSDT,2025-10-10 21:13:00+00:00,-0.21411155679344104,True
6σ стоп 5D,AXLUSDT,2025-10-10 21:13:00+00:00,-0.4692522502435614,True
4σ,SFPUSDT,2025-10-10 21:13:00+00:00,0.02362802898060208,True
6σ,AXLUSDT,2025-10-10 21:13:00+00:00,-0.2300144322449976,True
4σ,IOTAUSDT,2025-10-10 21:13:00+00:00,0.028821386015711117,True
4σ,BERAUSDT,2025-10-10 21:13:00+00:00,0.034554316498332585,True
4σ прокол 0.2%,NOTUSDT,2025-10-10 21:13:00+00:00,0.03939179826682167,True
4σ прокол 0.2%,JASMYUSDT,2025-10-10 21:13:00+00:00,-0.2194813701268202,True
4σ,CETUSUSDT,2025-10-10 21:13:00+00:00,-0.24450109473023438,True
4σ,MOVEUSDT,2025-10-10 21:13:00+00:00,-0.22745037270071486,True
6σ прокол 0.2%,HAEDALUSDT,2025-10-10 21:13:00+00:00,0.04662265027634423,True
4σ,JUPUSDT,2025-10-10 21:13:00+00:00,0.032335238632690014,True
4σ,ALGOUSDT,2025-10-10 21:13:00+00:00,0.027097265860138678,True
6σ стоп 5D,CVXUSDT,2025-10-10 21:13:00+00:00,-0.48394663353603445,True
4σ,HBARUSDT,2025-10-10 21:13:00+00:00,-0.1438853947779369,True
6σ,HAEDALUSDT,2025-10-10 21:13:00+00:00,0.04662265027634423,True
6σ,CVXUSDT,2025-10-10 21:13:00+00:00,-0.22010448175307593,True
4σ прокол 0.2%,HFTUSDT,2025-10-10 21:13:00+00:00,0.0334924529548903,True
4σ,NXPCUSDT,2025-10-10 21:13:00+00:00,-0.16327880460594632,True
4σ,AEVOUSDT,2025-10-10 21:13:00+00:00,0.035502840274992356,True
4σ прокол 0.2%,HIPPOUSDT,2025-10-10 21:13:00+00:00,0.03309335598807568,True
4σ,XCNUSDT,2025-10-10 21:13:00+00:00,-0.092079774232632,True
6σ стоп 5D,VIRTUALUSDT,2025-10-10 21:13:00+00:00,-0.5123054767532033,True
4σ прокол 0.2%,XLMUSDT,2025-10-10 21:13:00+00:00,-0.0938083252543915,True
4σ прокол 0.2%,PORTALUSDT,2025-10-10 21:13:00+00:00,-0.23554574510244716,True
6σ,VIRTUALUSDT,2025-10-10 21:13:00+00:00,-0.20101557731251304,True
4σ,HFTUSDT,2025-10-10 21:13:00+00:00,0.0334924529548903,True
6σ прокол 0.2%,VANAUSDT,2025-10-10 21:13:00+00:00,-0.2166271998577267,True
6σ стоп 5D,VANAUSDT,2025-10-10 21:13:00+00:00,-0.4409585893576629,True
6σ,VANAUSDT,2025-10-10 21:13:00+00:00,-0.2166271998577267,True
4σ прокол 0.2%,BERAUSDT,2025-10-10 21:13:00+00:00,0.034554316498332585,True
4σ прокол 0.2%,ALGOUSDT,2025-10-10 21:13:00+00:00,0.027097265860138678,True
4σ,HYPERUSDT,2025-10-10 21:13:00+00:00,0.033259572956953545,True
6σ прокол 0.2%,XLMUSDT,2025-10-10 21:13:00+00:00,0.03490158794883787,True
4σ прокол 0.2%,XCNUSDT,2025-10-10 21:13:00+00:00,-0.092079774232632,True
6σ,XNYUSDT,2025-10-10 21:13:00+00:00,-0.26124848297747266,True
4σ,WUSDT,2025-10-10 21:13:00+00:00,-0.1858242188277862,True
4σ,IDOLUSDT,2025-10-10 21:13:00+00:00,0.022879977758964956,False
4σ прокол 0.2%,MAGICUSDT,2025-10-10 21:13:00+00:00,0.03431443910626082,True
4σ прокол 0.2%,SKLUSDT,2025-10-10 21:13:00+00:00,0.03061756609059625,True
4σ прокол 0.2%,AEVOUSDT,2025-10-10 21:13:00+00:00,0.035502840274992356,True
6σ стоп 5D,HAEDALUSDT,2025-10-10 21:13:00+00:00,-0.43055533121059403,True
4σ,HIPPOUSDT,2025-10-10 21:13:00+00:00,0.03309335598807568,True
4σ,XLMUSDT,2025-10-10 21:13:00+00:00,-0.0938083252543915,True
4σ прокол 0.2%,1000CATUSDT,2025-10-10 21:13:00+00:00,-0.164525268296115,True
4σ прокол 0.2%,HYPERUSDT,2025-10-10 21:13:00+00:00,0.033259572956953545,True
4σ,1000CATUSDT,2025-10-10 21:13:00+00:00,-0.164525268296115,True
6σ прокол 0.2%,CVXUSDT,2025-10-10 21:13:00+00:00,-0.22010448175307593,True
4σ,GRTUSDT,2025-10-10 21:13:00+00:00,-0.1948489744014726,True
4σ прокол 0.2%,XNYUSDT,2025-10-10 21:13:00+00:00,-0.2921193163628884,True
4σ,VIRTUALUSDT,2025-10-10 21:13:00+00:00,-0.23028593372107872,True
4σ,XNYUSDT,2025-10-10 21:13:00+00:00,-0.2921193163628884,True
4σ прокол 0.2%,YGGUSDT,2025-10-10 21:13:00+00:00,-0.21943807228014497,True
6σ прокол 0.2%,XNYUSDT,2025-10-10 21:13:00+00:00,-0.26124848297747266,True
4σ прокол 0.2%,HBARUSDT,2025-10-10 21:13:00+00:00,-0.1438853947779369,True
6σ стоп 5D,XNYUSDT,2025-10-10 21:13:00+00:00,-0.5786800344109504,True
4σ прокол 0.2%,VIRTUALUSDT,2025-10-10 21:13:00+00:00,-0.23028593372107872,True
6σ прокол 0.2%,FUNUSDT,2025-10-10 21:13:00+00:00,-0.26385111070536277,True
4σ,STXUSDT,2025-10-10 21:13:00+00:00,0.025816047614787244,True
4σ,PHBUSDT,2025-10-10 21:13:00+00:00,-0.25048845047297796,True
4σ,NEWTUSDT,2025-10-10 21:13:00+00:00,-0.16507313334628324,True
6σ,BBUSDT,2025-10-10 21:13:00+00:00,-0.13412751329260517,True
4σ прокол 0.2%,MANTAUSDT,2025-10-10 21:13:00+00:00,0.0363398699548851,True
4σ прокол 0.2%,PNUTUSDT,2025-10-10 21:13:00+00:00,-0.15314708047626932,True
4σ прокол 0.2%,STXUSDT,2025-10-10 21:13:00+00:00,0.025816047614787244,True
4σ,ETHFIUSDT,2025-10-10 21:13:00+00:00,-0.17387969568015624,True
4σ,THEUSDT,2025-10-10 21:13:00+00:00,-0.3064722959028893,True
4σ,MANTAUSDT,2025-10-10 21:13:00+00:00,0.0363398699548851,True
6σ стоп 5D,BBUSDT,2025-10-10 21:13:00+00:00,-0.5793783801253147,True
4σ,IDUSDT,2025-10-10 21:13:00+00:00,-0.21296250428142013,True
6σ прокол 0.2%,MANTAUSDT,2025-10-10 21:13:00+00:00,0.05681175746134799,True
4σ прокол 0.2%,NEWTUSDT,2025-10-10 21:13:00+00:00,-0.16507313334628324,True
4σ прокол 0.2%,ARKMUSDT,2025-10-10 21:13:00+00:00,0.03590404065086901,True
4σ прокол 0.2%,GPSUSDT,2025-10-10 21:13:00+00:00,-0.2430274700667546,True
4σ прокол 0.2%,ETHFIUSDT,2025-10-10 21:13:00+00:00,-0.17387969568015624,True
4σ прокол 0.2%,CUSDT,2025-10-10 21:13:00+00:00,0.04493798054126748,True
6σ,MANTAUSDT,2025-10-10 21:13:00+00:00,0.05681175746134799,True
6σ,RUNEUSDT,2025-10-10 21:13:00+00:00,0.04738069455354772,True
4σ прокол 0.2%,THEUSDT,2025-10-10 21:13:00+00:00,-0.3064722959028893,True
6σ,FUNUSDT,2025-10-10 21:13:00+00:00,-0.26385111070536277,True
4σ прокол 0.2%,FUSDT,2025-10-10 21:13:00+00:00,0.034922604697419105,True
6σ прокол 0.2%,BBUSDT,2025-10-10 21:13:00+00:00,-0.13412751329260517,True
4σ прокол 0.2%,CETUSUSDT,2025-10-10 21:13:00+00:00,-0.24450109473023438,True
4σ,MEWUSDT,2025-10-10 21:13:00+00:00,0.028515953317772527,True
4σ,BBUSDT,2025-10-10 21:13:00+00:00,-0.17035244046049122,True
6σ стоп 5D,FLOCKUSDT,2025-10-10 21:13:00+00:00,-0.540701374969236,True
4σ,ALLUSDT,2025-10-10 21:13:00+00:00,-0.1685639022024845,False
4σ прокол 0.2%,ALLUSDT,2025-10-10 21:13:00+00:00,-0.1685639022024845,False
6σ прокол 0.2%,FUSDT,2025-10-10 21:13:00+00:00,0.05452396453377002,True
4σ,ONDOUSDT,2025-10-10 21:13:00+00:00,-0.1349329120708371,True
4σ,SANDUSDT,2025-10-10 21:13:00+00:00,0.028292477594028934,True
4σ,ERAUSDT,2025-10-10 21:13:00+00:00,0.028765218704580334,True
4σ,FUSDT,2025-10-10 21:13:00+00:00,0.034922604697419105,True
6σ прокол 0.2%,FLOCKUSDT,2025-10-10 21:13:00+00:00,-0.1388044270718792,True
6σ,TONUSDT,2025-10-10 21:13:00+00:00,-0.14542113892976036,True
4σ,FLOCKUSDT,2025-10-10 21:13:00+00:00,-0.17223872633650025,True
4σ,MEUSDT,2025-10-10 21:13:00+00:00,-0.20023634387376707,True
4σ прокол 0.2%,TIAUSDT,2025-10-10 21:13:00+00:00,0.035378659850550956,True
4σ прокол 0.2%,ERAUSDT,2025-10-10 21:13:00+00:00,0.028765218704580334,True
4σ прокол 0.2%,FLOCKUSDT,2025-10-10 21:13:00+00:00,-0.17223872633650025,True
4σ прокол 0.2%,MEUSDT,2025-10-10 21:13:00+00:00,-0.20023634387376707,True
4σ прокол 0.2%,MOVEUSDT,2025-10-10 21:13:00+00:00,-0.22745037270071486,True
6σ стоп 5D,MANTAUSDT,2025-10-10 21:13:00+00:00,0.05681175746134799,True
4σ,MOODENGUSDT,2025-10-10 21:13:00+00:00,-0.164470626334533,True
4σ,HOOKUSDT,2025-10-10 21:13:00+00:00,-0.27597528966781676,True
4σ прокол 0.2%,FXSUSDT,2025-10-10 21:13:00+00:00,-0.29139710265093727,True
4σ прокол 0.2%,BANANAUSDT,2025-10-10 21:13:00+00:00,-0.2276320470563182,True
4σ,FXSUSDT,2025-10-10 21:13:00+00:00,-0.29139710265093727,True
4σ прокол 0.2%,NXPCUSDT,2025-10-10 21:13:00+00:00,-0.16327880460594632,True
4σ,MEMEUSDT,2025-10-10 21:13:00+00:00,0.035627898662738924,True
4σ,SEIUSDT,2025-10-10 21:13:00+00:00,-0.14022629388176575,True
4σ прокол 0.2%,IDUSDT,2025-10-10 21:13:00+00:00,-0.21296250428142013,True
4σ,CUSDT,2025-10-10 21:13:00+00:00,0.04493798054126748,True
4σ,GPSUSDT,2025-10-10 21:13:00+00:00,-0.2430274700667546,True
4σ,TURBOUSDT,2025-10-10 21:13:00+00:00,0.03583873472184891,False
4σ,ARKMUSDT,2025-10-10 21:13:00+00:00,0.03590404065086901,True
6σ стоп 5D,FUNUSDT,2025-10-10 21:13:00+00:00,-0.3175480194392825,True
4σ,GALAUSDT,2025-10-10 21:13:00+00:00,0.034384631831224824,True
6σ прокол 0.2%,RUNEUSDT,2025-10-10 21:13:00+00:00,0.04738069455354772,True
6σ стоп 5D,RUNEUSDT,2025-10-10 21:13:00+00:00,0.04738069455354772,True
4σ прокол 0.2%,GALAUSDT,2025-10-10 21:13:00+00:00,0.034384631831224824,True
4σ,COSUSDT,2025-10-10 21:13:00+00:00,-0.18921783810087942,True
4σ,APTUSDT,2025-10-10 21:13:00+00:00,0.027735071392044078,True
4σ прокол 0.2%,MEMEUSDT,2025-10-10 21:13:00+00:00,0.035627898662738924,True
4σ прокол 0.2%,HOOKUSDT,2025-10-10 21:13:00+00:00,-0.27597528966781676,True
4σ прокол 0.2%,PHBUSDT,2025-10-10 21:13:00+00:00,-0.25048845047297796,True
4σ,QTUMUSDT,2025-10-10 21:13:00+00:00,0.03490110843530632,True
4σ прокол 0.2%,TURBOUSDT,2025-10-10 21:13:00+00:00,0.03583873472184891,False
4σ прокол 0.2%,1000SHIBUSDT,2025-10-10 21:13:00+00:00,-0.11083036707911051,False
6σ прокол 0.2%,SIGNUSDT,2025-10-10 21:14:00+00:00,0.062439546331522995,True
6σ прокол 0.2%,ICPUSDT,2025-10-10 21:14:00+00:00,0.04894225545287019,True
6σ,NEWTUSDT,2025-10-10 21:14:00+00:00,0.05612979827921523,True
4σ,1000FLOKIUSDT,2025-10-10 21:14:00+00:00,-0.20050556836471464,True
4σ прокол 0.2%,1000FLOKIUSDT,2025-10-10 21:14:00+00:00,-0.20050556836471464,True
4σ,SPXUSDT,2025-10-10 21:14:00+00:00,0.04937074342939725,True
4σ прокол 0.2%,DOGSUSDT,2025-10-10 21:14:00+00:00,0.050920078409051064,True
4σ,INJUSDT,2025-10-10 21:14:00+00:00,0.03327324907601255,True
6σ стоп 5D,NEWTUSDT,2025-10-10 21:14:00+00:00,0.05612979827921523,True
4σ прокол 0.2%,B3USDT,2025-10-10 21:14:00+00:00,0.032440900676568865,True
6σ,SANTOSUSDT,2025-10-10 21:14:00+00:00,0.03475838253857862,False
6σ,SKLUSDT,2025-10-10 21:14:00+00:00,0.054776181466897625,True
4σ,SSVUSDT,2025-10-10 21:14:00+00:00,0.04261697260090953,True
6σ,PROMPTUSDT,2025-10-10 21:14:00+00:00,-0.19582872588906716,True
4σ прокол 0.2%,SKYUSDT,2025-10-10 21:14:00+00:00,-0.06747896577115339,True
4σ прокол 0.2%,IMXUSDT,2025-10-10 21:14:00+00:00,0.03319051723035034,True
6σ,PORT3USDT,2025-10-10 21:14:00+00:00,0.08614851571097154,False
4σ прокол 0.2%,SSVUSDT,2025-10-10 21:14:00+00:00,0.04261697260090953,True
4σ,B3USDT,2025-10-10 21:14:00+00:00,0.032440900676568865,True
4σ прокол 0.2%,KOMAUSDT,2025-10-10 21:14:00+00:00,0.05015125595548482,True
4σ прокол 0.2%,B2USDT,2025-10-10 21:14:00+00:00,0.02682699128202444,True
6σ стоп 5D,SIGNUSDT,2025-10-10 21:14:00+00:00,0.062439546331522995,True
6σ,SIGNUSDT,2025-10-10 21:14:00+00:00,0.062439546331522995,True
6σ,ICPUSDT,2025-10-10 21:14:00+00:00,0.04894225545287019,True
4σ,KOMAUSDT,2025-10-10 21:14:00+00:00,0.05015125595548482,True
6σ стоп 5D,ATOMUSDT,2025-10-10 21:14:00+00:00,0.04216837064618435,True
4σ,DOGSUSDT,2025-10-10 21:14:00+00:00,0.050920078409051064,True
6σ прокол 0.2%,SKLUSDT,2025-10-10 21:14:00+00:00,0.054776181466897625,True
6σ,ATOMUSDT,2025-10-10 21:14:00+00:00,0.04216837064618435,True
6σ прокол 0.2%,PORT3USDT,2025-10-10 21:14:00+00:00,0.08614851571097154,False
6σ прокол 0.2%,SANTOSUSDT,2025-10-10 21:14:00+00:00,0.03475838253857862,False
4σ прокол 0.2%,INJUSDT,2025-10-10 21:14:00+00:00,0.03327324907601255,True
6σ стоп 5D,SKLUSDT,2025-10-10 21:14:00+00:00,0.054776181466897625,True
6σ стоп 5D,PORT3USDT,2025-10-10 21:14:00+00:00,0.08614851571097154,False
6σ стоп 5D,ICPUSDT,2025-10-10 21:14:00+00:00,0.04894225545287019,True
4σ,SKYUSDT,2025-10-10 21:14:00+00:00,-0.06747896577115339,True
6σ стоп 5D,SANTOSUSDT,2025-10-10 21:14:00+00:00,0.03475838253857862,False
6σ прокол 0.2%,NEWTUSDT,2025-10-10 21:14:00+00:00,0.05612979827921523,True
4σ,B2USDT,2025-10-10 21:14:00+00:00,0.02682699128202444,True
4σ прокол 0.2%,WOOUSDT,2025-10-10 21:14:00+00:00,0.054149358020436814,True
4σ,RVNUSDT,2025-10-10 21:14:00+00:00,0.041690493949136445,True
4σ прокол 0.2%,SPXUSDT,2025-10-10 21:14:00+00:00,0.04937074342939725,True
6σ,YFIUSDT,2025-10-10 21:14:00+00:00,0.04027642435907848,True
6σ стоп 5D,ALLUSDT,2025-10-10 21:14:00+00:00,0.04015799515487757,False
6σ,HUMAUSDT,2025-10-10 21:14:00+00:00,0.05349029433804171,True
6σ,MEUSDT,2025-10-10 21:14:00+00:00,0.05254945138201324,True
6σ стоп 5D,MEUSDT,2025-10-10 21:14:00+00:00,0.05254945138201324,True
6σ прокол 0.2%,MEUSDT,2025-10-10 21:14:00+00:00,0.05254945138201324,True
4σ прокол 0.2%,SYRUPUSDT,2025-10-10 21:14:00+00:00,0.03445352796495378,True
6σ стоп 5D,HUMAUSDT,2025-10-10 21:14:00+00:00,-0.4872208308569141,True
4σ,MELANIAUSDT,2025-10-10 21:14:00+00:00,0.04301368699484871,True
6σ прокол 0.2%,TOWNSUSDT,2025-10-10 21:14:00+00:00,0.059355384262189406,True
4σ прокол 0.2%,FILUSDT,2025-10-10 21:14:00+00:00,0.03174040502983706,True
4σ,MORPHOUSDT,2025-10-10 21:14:00+00:00,-0.09338392170684792,True
4σ прокол 0.2%,MORPHOUSDT,2025-10-10 21:14:00+00:00,-0.09338392170684792,True
6σ прокол 0.2%,ALLUSDT,2025-10-10 21:14:00+00:00,0.04015799515487757,False
4σ,STGUSDT,2025-10-10 21:14:00+00:00,0.029298520175263534,True
4σ,FILUSDT,2025-10-10 21:14:00+00:00,0.03174040502983706,True
6σ,ALLUSDT,2025-10-10 21:14:00+00:00,0.04015799515487757,False
4σ прокол 0.2%,BOMEUSDT,2025-10-10 21:14:00+00:00,-0.15970827146919128,True
4σ,PENDLEUSDT,2025-10-10 21:14:00+00:00,-0.09383951706380364,True
4σ прокол 0.2%,COMPUSDT,2025-10-10 21:14:00+00:00,0.029613893807637084,True
4σ,SYRUPUSDT,2025-10-10 21:14:00+00:00,0.03445352796495378,True
4σ,EPTUSDT,2025-10-10 21:14:00+00:00,0.06543081008149326,True
4σ,DAMUSDT,2025-10-10 21:14:00+00:00,0.12745979749513497,True
4σ прокол 0.2%,DAMUSDT,2025-10-10 21:14:00+00:00,0.12745979749513497,True
4σ прокол 0.2%,EPTUSDT,2025-10-10 21:14:00+00:00,0.06543081008149326,True
4σ,BOMEUSDT,2025-10-10 21:14:00+00:00,-0.15970827146919128,True
4σ,COMPUSDT,2025-10-10 21:14:00+00:00,0.029613893807637084,True
6σ,POPCATUSDT,2025-10-10 21:14:00+00:00,0.07128424284708385,True
6σ стоп 5D,POPCATUSDT,2025-10-10 21:14:00+00:00,0.07128424284708385,True
6σ стоп 5D,TOWNSUSDT,2025-10-10 21:14:00+00:00,0.059355384262189406,True
4σ,GOATUSDT,2025-10-10 21:14:00+00:00,0.038640332769400446,True
4σ прокол 0.2%,GOATUSDT,2025-10-10 21:14:00+00:00,0.038640332769400446,True
6σ,TOWNSUSDT,2025-10-10 21:14:00+00:00,0.059355384262189406,True
6σ прокол 0.2%,LAYERUSDT,2025-10-10 21:14:00+00:00,0.05108788159570317,False
4σ,AVAAIUSDT,2025-10-10 21:14:00+00:00,0.059850828490898025,True
6σ,WCTUSDT,2025-10-10 21:14:00+00:00,0.08076797645997241,True
6σ стоп 5D,WCTUSDT,2025-10-10 21:14:00+00:00,0.08076797645997241,True
6σ прокол 0.2%,WCTUSDT,2025-10-10 21:14:00+00:00,0.08076797645997241,True
4σ,BRETTUSDT,2025-10-10 21:14:00+00:00,0.050208344186011014,True
6σ стоп 5D,LAYERUSDT,2025-10-10 21:14:00+00:00,0.05108788159570317,False
4σ,AEROUSDT,2025-10-10 21:14:00+00:00,-0.046742694884202546,True
4σ прокол 0.2%,BRETTUSDT,2025-10-10 21:14:00+00:00,0.050208344186011014,True
6σ прокол 0.2%,AEROUSDT,2025-10-10 21:14:00+00:00,0.05946036109549287,True
6σ,AI16ZUSDT,2025-10-10 21:14:00+00:00,-0.06071002230792841,True
6σ,LAYERUSDT,2025-10-10 21:14:00+00:00,0.05108788159570317,False
4σ,XPINUSDT,2025-10-10 21:14:00+00:00,0.11498449074158307,True
6σ прокол 0.2%,POPCATUSDT,2025-10-10 21:14:00+00:00,0.07128424284708385,True
6σ стоп 5D,AI16ZUSDT,2025-10-10 21:14:00+00:00,-0.06071002230792841,True
6σ,AEROUSDT,2025-10-10 21:14:00+00:00,0.05946036109549287,True
4σ прокол 0.2%,AVAAIUSDT,2025-10-10 21:14:00+00:00,0.059850828490898025,True
6σ прокол 0.2%,AI16ZUSDT,2025-10-10 21:14:00+00:00,-0.06071002230792841,True
4σ,AI16ZUSDT,2025-10-10 21:14:00+00:00,-0.11754508528684723,True
4σ прокол 0.2%,AI16ZUSDT,2025-10-10 21:14:00+00:00,-0.11754508528684723,True
4σ прокол 0.2%,KAITOUSDT,2025-10-10 21:14:00+00:00,0.02881350387434818,True
4σ прокол 0.2%,CTSIUSDT,2025-10-10 21:14:00+00:00,0.0386678911532143,True
4σ прокол 0.2%,GRIFFAINUSDT,2025-10-10 21:14:00+00:00,-0.14674356651720896,True
4σ,KAITOUSDT,2025-10-10 21:14:00+00:00,0.02881350387434818,True
4σ,GRIFFAINUSDT,2025-10-10 21:14:00+00:00,-0.14674356651720896,True
4σ прокол 0.2%,APTUSDT,2025-10-10 21:14:00+00:00,0.029865199029707593,True
4σ прокол 0.2%,SEIUSDT,2025-10-10 21:14:00+00:00,0.03979265996777555,True
4σ прокол 0.2%,AEROUSDT,2025-10-10 21:14:00+00:00,-0.046742694884202546,True
6σ стоп 5D,AEROUSDT,2025-10-10 21:14:00+00:00,-0.535350815267244,True
4σ,BABYUSDT,2025-10-10 21:14:00+00:00,0.03627056077203923,True
6σ стоп 5D,PROMPTUSDT,2025-10-10 21:14:00+00:00,-0.5349783646745883,True
4σ прокол 0.2%,PENDLEUSDT,2025-10-10 21:14:00+00:00,-0.09383951706380364,True
4σ,IMXUSDT,2025-10-10 21:14:00+00:00,0.03319051723035034,True
4σ прокол 0.2%,STGUSDT,2025-10-10 21:14:00+00:00,0.029298520175263534,True
4σ прокол 0.2%,SKATEUSDT,2025-10-10 21:14:00+00:00,-0.1549476904204556,True
6σ прокол 0.2%,HUMAUSDT,2025-10-10 21:14:00+00:00,0.05349029433804171,True
4σ прокол 0.2%,CRVUSDT,2025-10-10 21:14:00+00:00,0.042499920355887746,True
6σ прокол 0.2%,PROMPTUSDT,2025-10-10 21:14:00+00:00,-0.19582872588906716,True
6σ стоп 5D,YFIUSDT,2025-10-10 21:14:00+00:00,0.04027642435907848,True
4σ,SKATEUSDT,2025-10-10 21:14:00+00:00,-0.1549476904204556,True
6σ стоп 5D,AGTUSDT,2025-10-10 21:14:00+00:00,0.13377963051312086,True
4σ прокол 0.2%,PYTHUSDT,2025-10-10 21:14:00+00:00,-0.1758360992773543,True
6σ,AGTUSDT,2025-10-10 21:14:00+00:00,0.13377963051312086,True
4σ,CRVUSDT,2025-10-10 21:14:00+00:00,0.042499920355887746,True
4σ прокол 0.2%,BABYUSDT,2025-10-10 21:14:00+00:00,0.03627056077203923,True
4σ прокол 0.2%,LPTUSDT,2025-10-10 21:14:00+00:00,0.03987192085278708,True
4σ прокол 0.2%,SAPIENUSDT,2025-10-10 21:14:00+00:00,0.03884501073135045,True
6σ прокол 0.2%,AGTUSDT,2025-10-10 21:14:00+00:00,0.13377963051312086,True
4σ,SAPIENUSDT,2025-10-10 21:14:00+00:00,0.03884501073135045,True
4σ,AXSUSDT,2025-10-10 21:14:00+00:00,0.035960952170888974,True
4σ,VVVUSDT,2025-10-10 21:14:00+00:00,0.03994480783089811,True
6σ прокол 0.2%,YFIUSDT,2025-10-10 21:14:00+00:00,0.04027642435907848,True
4σ прокол 0.2%,VVVUSDT,2025-10-10 21:14:00+00:00,0.03994480783089811,True
4σ,BERAUSDT,2025-10-10 21:15:00+00:00,-0.08198188744900312,True
6σ,ONDOUSDT,2025-10-10 21:15:00+00:00,0.05896630028826651,True
4σ,TURBOUSDT,2025-10-10 21:15:00+00:00,0.04494340347057242,False
6σ прокол 0.2%,BERAUSDT,2025-10-10 21:15:00+00:00,-0.041195033704184175,True
4σ прокол 0.2%,ERAUSDT,2025-10-10 21:15:00+00:00,0.03362756215218861,True
4σ,ERAUSDT,2025-10-10 21:15:00+00:00,0.03362756215218861,True
4σ прокол 0.2%,BERAUSDT,2025-10-10 21:15:00+00:00,-0.08198188744900312,True
6σ стоп 5D,BERAUSDT,2025-10-10 21:15:00+00:00,-0.041195033704184175,True
6σ,BERAUSDT,2025-10-10 21:15:00+00:00,-0.041195033704184175,True
6σ стоп 5D,ONDOUSDT,2025-10-10 21:15:00+00:00,-0.5314067472662576,True
6σ прокол 0.2%,ZROUSDT,2025-10-10 21:16:00+00:00,-0.05782877800443317,True
4σ,TRXUSDT,2025-10-10 21:16:00+00:00,0.007163083017075867,True
4σ,BCHUSDT,2025-10-10 21:16:00+00:00,0.023919484045402853,True
6σ,ZROUSDT,2025-10-10 21:16:00+00:00,-0.05782877800443317,True
4σ прокол 0.2%,LAUSDT,2025-10-10 21:16:00+00:00,-0.0013615431256554782,True
4σ прокол 0.2%,NOTUSDT,2025-10-10 21:16:00+00:00,-0.08527234851624674,True
6σ,MOVEUSDT,2025-10-10 21:16:00+00:00,-0.06543262964920235,True
4σ,A2ZUSDT,2025-10-10 21:16:00+00:00,-0.1084816940583114,True
6σ стоп 5D,MOVEUSDT,2025-10-10 21:16:00+00:00,-0.06543262964920235,True
4σ прокол 0.2%,SANDUSDT,2025-10-10 21:16:00+00:00,-0.09954695000933375,True
4σ,KAITOUSDT,2025-10-10 21:16:00+00:00,0.03433350676534115,True
4σ,LAUSDT,2025-10-10 21:16:00+00:00,-0.0013615431256554782,True
4σ,LPTUSDT,2025-10-10 21:16:00+00:00,0.04471551504593747,True
6σ прокол 0.2%,MOVEUSDT,2025-10-10 21:16:00+00:00,-0.06543262964920235,True
6σ,AIOTUSDT,2025-10-10 21:16:00+00:00,0.04467006929324131,False
4σ,STXUSDT,2025-10-10 21:16:00+00:00,-0.08325322391338982,True
4σ прокол 0.2%,BABYUSDT,2025-10-10 21:16:00+00:00,0.04399040080576584,True
6σ стоп 5D,LAYERUSDT,2025-10-10 21:16:00+00:00,-0.6095404648860268,False
4σ прокол 0.2%,AXSUSDT,2025-10-10 21:16:00+00:00,-0.06614962911363717,True
4σ прокол 0.2%,TREEUSDT,2025-10-10 21:16:00+00:00,0.0536932446092568,True
4σ,SXTUSDT,2025-10-10 21:16:00+00:00,0.04678193151860972,True
4σ,NOTUSDT,2025-10-10 21:16:00+00:00,-0.08527234851624674,True
4σ прокол 0.2%,ALGOUSDT,2025-10-10 21:16:00+00:00,0.0358079657752592,True
4σ прокол 0.2%,GALAUSDT,2025-10-10 21:16:00+00:00,-0.1669976384545013,True
4σ прокол 0.2%,A2ZUSDT,2025-10-10 21:16:00+00:00,-0.1084816940583114,True
4σ прокол 0.2%,KAITOUSDT,2025-10-10 21:16:00+00:00,0.03433350676534115,True
4σ,PARTIUSDT,2025-10-10 21:16:00+00:00,-0.08587755419490137,True
4σ прокол 0.2%,BCHUSDT,2025-10-10 21:16:00+00:00,0.023919484045402853,True
6σ,LAYERUSDT,2025-10-10 21:16:00+00:00,0.0689192228721815,False
4σ прокол 0.2%,MAGICUSDT,2025-10-10 21:16:00+00:00,-0.1382771773084359,True
4σ,MAGICUSDT,2025-10-10 21:16:00+00:00,-0.1382771773084359,True
6σ,BIOUSDT,2025-10-10 21:16:00+00:00,0.08130676066381576,True
6σ,PNUTUSDT,2025-10-10 21:16:00+00:00,0.08226348075123696,True
4σ прокол 0.2%,PARTIUSDT,2025-10-10 21:16:00+00:00,-0.08587755419490137,True
4σ,TREEUSDT,2025-10-10 21:16:00+00:00,0.0536932446092568,True
6σ стоп 5D,BIOUSDT,2025-10-10 21:16:00+00:00,0.08130676066381576,True
6σ,CETUSUSDT,2025-10-10 21:16:00+00:00,0.10644429214299883,True
4σ прокол 0.2%,REDUSDT,2025-10-10 21:16:00+00:00,0.03598538508026468,True
4σ,HFTUSDT,2025-10-10 21:16:00+00:00,0.04963074487027659,True
4σ,ALGOUSDT,2025-10-10 21:16:00+00:00,0.0358079657752592,True
4σ прокол 0.2%,HFTUSDT,2025-10-10 21:16:00+00:00,0.04963074487027659,True
6σ стоп 5D,ZROUSDT,2025-10-10 21:16:00+00:00,-0.05782877800443317,True
4σ,JUPUSDT,2025-10-10 21:16:00+00:00,0.04371758582781844,True
4σ,USUALUSDT,2025-10-10 21:16:00+00:00,0.055544783004078016,True
6σ прокол 0.2%,LAYERUSDT,2025-10-10 21:16:00+00:00,0.0689192228721815,False
6σ стоп 5D,CETUSUSDT,2025-10-10 21:16:00+00:00,0.10644429214299883,True
4σ,BEAMXUSDT,2025-10-10 21:16:00+00:00,-0.0358212682419142,False
6σ прокол 0.2%,BIOUSDT,2025-10-10 21:16:00+00:00,0.08130676066381576,True
6σ прокол 0.2%,TUTUSDT,2025-10-10 21:16:00+00:00,-0.48314747494545823,True
4σ прокол 0.2%,USUALUSDT,2025-10-10 21:16:00+00:00,0.055544783004078016,True
6σ прокол 0.2%,CETUSUSDT,2025-10-10 21:16:00+00:00,0.10644429214299883,True
4σ,SFPUSDT,2025-10-10 21:16:00+00:00,0.013670252368252617,True
4σ прокол 0.2%,TRXUSDT,2025-10-10 21:16:00+00:00,0.007163083017075867,True
6σ стоп 5D,TUTUSDT,2025-10-10 21:16:00+00:00,-0.4994550023389563,True
6σ прокол 0.2%,SANTOSUSDT,2025-10-10 21:16:00+00:00,0.05014664767622952,False
6σ,SANTOSUSDT,2025-10-10 21:16:00+00:00,0.05014664767622952,False
4σ,TOWNSUSDT,2025-10-10 21:16:00+00:00,-0.0406674007875438,True
4σ,RVNUSDT,2025-10-10 21:16:00+00:00,0.046599477502422285,True
4σ,SYRUPUSDT,2025-10-10 21:16:00+00:00,0.03943402397751879,True
4σ прокол 0.2%,DYDXUSDT,2025-10-10 21:16:00+00:00,-0.23638018529307311,True
6σ прокол 0.2%,SANDUSDT,2025-10-10 21:16:00+00:00,-0.061552274099199805,True
6σ,ATHUSDT,2025-10-10 21:16:00+00:00,0.08526773024943995,True
6σ стоп 5D,ATHUSDT,2025-10-10 21:16:00+00:00,0.08526773024943995,True
4σ прокол 0.2%,B2USDT,2025-10-10 21:16:00+00:00,0.02985834581954512,True
4σ прокол 0.2%,TOWNSUSDT,2025-10-10 21:16:00+00:00,-0.0406674007875438,True
4σ прокол 0.2%,COMPUSDT,2025-10-10 21:16:00+00:00,-0.046356741227748216,True
6σ стоп 5D,SANDUSDT,2025-10-10 21:16:00+00:00,-0.061552274099199805,True
4σ прокол 0.2%,ROSEUSDT,2025-10-10 21:16:00+00:00,-0.1449272289909643,True
6σ стоп 5D,VOXELUSDT,2025-10-10 21:16:00+00:00,0.06751167504398431,True
6σ прокол 0.2%,NEIROUSDT,2025-10-10 21:16:00+00:00,0.0975173516282179,False
6σ прокол 0.2%,PNUTUSDT,2025-10-10 21:16:00+00:00,0.08226348075123696,True
6σ прокол 0.2%,ATHUSDT,2025-10-10 21:16:00+00:00,0.08526773024943995,True
4σ прокол 0.2%,POLUSDT,2025-10-10 21:16:00+00:00,-0.10126383272950354,True
6σ,SANDUSDT,2025-10-10 21:16:00+00:00,-0.061552274099199805,True
4σ,ROSEUSDT,2025-10-10 21:16:00+00:00,-0.1449272289909643,True
4σ,COMPUSDT,2025-10-10 21:16:00+00:00,-0.046356741227748216,True
6σ,ASTRUSDT,2025-10-10 21:16:00+00:00,-0.09897516395430525,True
4σ,AXSUSDT,2025-10-10 21:16:00+00:00,-0.06614962911363717,True
6σ стоп 5D,ASTRUSDT,2025-10-10 21:16:00+00:00,-0.09897516395430525,True
4σ,RAREUSDT,2025-10-10 21:16:00+00:00,-0.20960489013808778,True
6σ прокол 0.2%,ASTRUSDT,2025-10-10 21:16:00+00:00,-0.09897516395430525,True
6σ прокол 0.2%,COMPUSDT,2025-10-10 21:16:00+00:00,-0.013186009323443021,True
6σ стоп 5D,COMPUSDT,2025-10-10 21:16:00+00:00,-0.47286158880246604,True
6σ,COMPUSDT,2025-10-10 21:16:00+00:00,-0.013186009323443021,True
4σ,POLUSDT,2025-10-10 21:16:00+00:00,-0.10126383272950354,True
6σ стоп 5D,NEIROUSDT,2025-10-10 21:16:00+00:00,0.0975173516282179,False
6σ прокол 0.2%,AIOTUSDT,2025-10-10 21:16:00+00:00,0.04467006929324131,False
6σ прокол 0.2%,AUSDT,2025-10-10 21:16:00+00:00,0.09676501818640987,True
4σ прокол 0.2%,BEAMXUSDT,2025-10-10 21:16:00+00:00,-0.0358212682419142,False
6σ стоп 5D,SANTOSUSDT,2025-10-10 21:16:00+00:00,-0.459808718181093,False
4σ,GALAUSDT,2025-10-10 21:16:00+00:00,-0.1669976384545013,True
6σ,RESOLVUSDT,2025-10-10 21:16:00+00:00,0.11312300313939788,True
4σ,BABYUSDT,2025-10-10 21:16:00+00:00,0.04399040080576584,True
4σ,MEMEUSDT,2025-10-10 21:16:00+00:00,-0.09466456508223828,True
6σ прокол 0.2%,GALAUSDT,2025-10-10 21:16:00+00:00,-0.12680610413384416,True
4σ,DYDXUSDT,2025-10-10 21:16:00+00:00,-0.23638018529307311,True
4σ прокол 0.2%,LPTUSDT,2025-10-10 21:16:00+00:00,0.04471551504593747,True
6σ стоп 5D,GALAUSDT,2025-10-10 21:16:00+00:00,-0.632475852073141,True
6σ стоп 5D,RESOLVUSDT,2025-10-10 21:16:00+00:00,0.11312300313939788,True
4σ прокол 0.2%,SYRUPUSDT,2025-10-10 21:16:00+00:00,0.03943402397751879,True
4σ прокол 0.2%,MEMEUSDT,2025-10-10 21:16:00+00:00,-0.09466456508223828,True
6σ,GALAUSDT,2025-10-10 21:16:00+00:00,-0.12680610413384416,True
6σ,MEUSDT,2025-10-10 21:16:00+00:00,-0.031986920671673275,True
6σ,VOXELUSDT,2025-10-10 21:16:00+00:00,0.06751167504398431,True
6σ стоп 5D,MEUSDT,2025-10-10 21:16:00+00:00,-0.031986920671673275,True
4σ прокол 0.2%,STXUSDT,2025-10-10 21:16:00+00:00,-0.08325322391338982,True
4σ,SANDUSDT,2025-10-10 21:16:00+00:00,-0.09954695000933375,True
6σ стоп 5D,PNUTUSDT,2025-10-10 21:16:00+00:00,0.08226348075123696,True
6σ прокол 0.2%,RESOLVUSDT,2025-10-10 21:16:00+00:00,0.11312300313939788,True
6σ стоп 5D,AIOTUSDT,2025-10-10 21:16:00+00:00,-0.41418372010575627,False
4σ,PYTHUSDT,2025-10-10 21:16:00+00:00,-0.09430033720888273,True
6σ прокол 0.2%,MEUSDT,2025-10-10 21:16:00+00:00,-0.031986920671673275,True
4σ прокол 0.2%,RVNUSDT,2025-10-10 21:16:00+00:00,0.046599477502422285,True
6σ,NEIROUSDT,2025-10-10 21:16:00+00:00,0.0975173516282179,False
4σ прокол 0.2%,SXTUSDT,2025-10-10 21:16:00+00:00,0.04678193151860972,True
4σ прокол 0.2%,JUPUSDT,2025-10-10 21:16:00+00:00,0.04371758582781844,True
4σ,B2USDT,2025-10-10 21:16:00+00:00,0.02985834581954512,True
6σ прокол 0.2%,ONDOUSDT,2025-10-10 21:16:00+00:00,0.09685728467856353,True
6σ,TUTUSDT,2025-10-10 21:16:00+00:00,-0.48314747494545823,True
4σ,TIAUSDT,2025-10-10 21:16:00+00:00,-0.11429432932125291,True
4σ прокол 0.2%,MUBARAKUSDT,2025-10-10 21:16:00+00:00,-0.052476092449460804,True
4σ,ENSUSDT,2025-10-10 21:16:00+00:00,-0.13895690446962425,True
6σ,PENDLEUSDT,2025-10-10 21:16:00+00:00,0.05402150651799072,True
4σ прокол 0.2%,NAORISUSDT,2025-10-10 21:16:00+00:00,-0.3192325909460653,True
4σ прокол 0.2%,SUSDT,2025-10-10 21:16:00+00:00,-0.08143714892278872,True
4σ,NAORISUSDT,2025-10-10 21:16:00+00:00,-0.3192325909460653,True
4σ прокол 0.2%,MEWUSDT,2025-10-10 21:16:00+00:00,-0.048672053533389076,True
4σ,FETUSDT,2025-10-10 21:16:00+00:00,-0.11220819907904309,True
6σ прокол 0.2%,FILUSDT,2025-10-10 21:16:00+00:00,0.05996876547512216,True
6σ стоп 5D,AUSDT,2025-10-10 21:16:00+00:00,0.09676501818640987,True
4σ прокол 0.2%,ENSUSDT,2025-10-10 21:16:00+00:00,-0.13895690446962425,True
6σ прокол 0.2%,NAORISUSDT,2025-10-10 21:16:00+00:00,-0.2676951338407478,True
4σ прокол 0.2%,FETUSDT,2025-10-10 21:16:00+00:00,-0.11220819907904309,True
6σ,FLMUSDT,2025-10-10 21:16:00+00:00,0.12075616720776966,True
4σ,FILUSDT,2025-10-10 21:16:00+00:00,-0.11634428484347945,True
4σ прокол 0.2%,TIAUSDT,2025-10-10 21:16:00+00:00,-0.11429432932125291,True
6σ стоп 5D,FLMUSDT,2025-10-10 21:16:00+00:00,0.12075616720776966,True
4σ,MEWUSDT,2025-10-10 21:16:00+00:00,-0.048672053533389076,True
4σ прокол 0.2%,FILUSDT,2025-10-10 21:16:00+00:00,-0.11634428484347945,True
6σ прокол 0.2%,FLMUSDT,2025-10-10 21:16:00+00:00,0.12075616720776966,True
6σ,ETHFIUSDT,2025-10-10 21:16:00+00:00,0.06972571412699641,True
4σ прокол 0.2%,MELANIAUSDT,2025-10-10 21:16:00+00:00,0.05761407201967046,True
6σ стоп 5D,ETHFIUSDT,2025-10-10 21:16:00+00:00,-0.6157522038067195,True
6σ прокол 0.2%,ETHFIUSDT,2025-10-10 21:16:00+00:00,0.06972571412699641,True
4σ,C98USDT,2025-10-10 21:16:00+00:00,-0.19374045334508813,True
4σ,FLMUSDT,2025-10-10 21:16:00+00:00,0.07433442081551317,True
4σ прокол 0.2%,INJUSDT,2025-10-10 21:16:00+00:00,-0.11655414913965642,True
4σ прокол 0.2%,FLMUSDT,2025-10-10 21:16:00+00:00,0.07433442081551317,True
4σ,ESPORTSUSDT,2025-10-10 21:16:00+00:00,0.051644884437504326,True
6σ,AIUSDT,2025-10-10 21:16:00+00:00,-0.0819997325067183,True
6σ прокол 0.2%,ENSUSDT,2025-10-10 21:16:00+00:00,-0.10573259656409392,True
6σ,ATOMUSDT,2025-10-10 21:16:00+00:00,-0.04478307113817623,True
4σ,FLOWUSDT,2025-10-10 21:16:00+00:00,-0.005748674390604973,True
4σ прокол 0.2%,LUNA2USDT,2025-10-10 21:16:00+00:00,-0.06885547226844743,True
4σ прокол 0.2%,FLOWUSDT,2025-10-10 21:16:00+00:00,-0.005748674390604973,True
4σ,DOGSUSDT,2025-10-10 21:16:00+00:00,-0.03737788826246077,True
6σ,C98USDT,2025-10-10 21:16:00+00:00,-0.1505170697691993,True
4σ,AIUSDT,2025-10-10 21:16:00+00:00,-0.13176591948978764,True
6σ стоп 5D,C98USDT,2025-10-10 21:16:00+00:00,-0.1505170697691993,True
6σ прокол 0.2%,C98USDT,2025-10-10 21:16:00+00:00,-0.1505170697691993,True
4σ прокол 0.2%,IMXUSDT,2025-10-10 21:16:00+00:00,-0.0978936844868413,True
4σ,YFIUSDT,2025-10-10 21:16:00+00:00,0.027079831788118194,True
4σ прокол 0.2%,DOGSUSDT,2025-10-10 21:16:00+00:00,-0.03737788826246077,True
6σ,FILUSDT,2025-10-10 21:16:00+00:00,0.05996876547512216,True
4σ,LUNA2USDT,2025-10-10 21:16:00+00:00,-0.06885547226844743,True
6σ,GOATUSDT,2025-10-10 21:16:00+00:00,0.07807940976537536,True
4σ прокол 0.2%,CYBERUSDT,2025-10-10 21:16:00+00:00,-0.11698687322882403,True
4σ,INJUSDT,2025-10-10 21:16:00+00:00,-0.11655414913965642,True
4σ прокол 0.2%,ATOMUSDT,2025-10-10 21:16:00+00:00,-0.0771581185652199,True
4σ,ATOMUSDT,2025-10-10 21:16:00+00:00,-0.0771581185652199,True
6σ,AUSDT,2025-10-10 21:16:00+00:00,0.09676501818640987,True
6σ прокол 0.2%,ATOMUSDT,2025-10-10 21:16:00+00:00,-0.04478307113817623,True
6σ стоп 5D,ATOMUSDT,2025-10-10 21:16:00+00:00,-0.47651918981692026,True
6σ,ENSUSDT,2025-10-10 21:16:00+00:00,-0.10573259656409392,True
6σ прокол 0.2%,PENDLEUSDT,2025-10-10 21:16:00+00:00,0.05402150651799072,True
6σ стоп 5D,PENDLEUSDT,2025-10-10 21:16:00+00:00,0.05402150651799072,True
4σ прокол 0.2%,YFIUSDT,2025-10-10 21:16:00+00:00,0.027079831788118194,True
6σ стоп 5D,FILUSDT,2025-10-10 21:16:00+00:00,0.05996876547512216,True
6σ стоп 5D,AIUSDT,2025-10-10 21:16:00+00:00,-0.0819997325067183,True
6σ стоп 5D,ENSUSDT,2025-10-10 21:16:00+00:00,-0.5190882549216664,True
4σ,CYBERUSDT,2025-10-10 21:16:00+00:00,-0.11698687322882403,True
6σ стоп 5D,NAORISUSDT,2025-10-10 21:16:00+00:00,-0.2676951338407478,True
4σ,DRIFTUSDT,2025-10-10 21:16:00+00:00,0.040602454907881794,True
4σ прокол 0.2%,KSMUSDT,2025-10-10 21:16:00+00:00,0.03762951439456126,True
4σ,ZKUSDT,2025-10-10 21:16:00+00:00,0.0426709550922046,True
4σ,IMXUSDT,2025-10-10 21:16:00+00:00,-0.0978936844868413,True
6σ стоп 5D,ZKUSDT,2025-10-10 21:16:00+00:00,0.06711433973302822,True
6σ стоп 5D,KSMUSDT,2025-10-10 21:16:00+00:00,-0.5308721407531267,True
6σ,ZKUSDT,2025-10-10 21:16:00+00:00,0.06711433973302822,True
4σ прокол 0.2%,CRVUSDT,2025-10-10 21:16:00+00:00,0.05418270654456321,True
4σ прокол 0.2%,LDOUSDT,2025-10-10 21:16:00+00:00,-0.08022945486905095,True
4σ,SUSDT,2025-10-10 21:16:00+00:00,-0.08143714892278872,True
6σ прокол 0.2%,APEUSDT,2025-10-10 21:16:00+00:00,-0.26548101312324385,True
4σ,LDOUSDT,2025-10-10 21:16:00+00:00,-0.08022945486905095,True
6σ прокол 0.2%,BLURUSDT,2025-10-10 21:16:00+00:00,-0.10947675130805798,True
4σ прокол 0.2%,C98USDT,2025-10-10 21:16:00+00:00,-0.19374045334508813,True
6σ стоп 5D,BLURUSDT,2025-10-10 21:16:00+00:00,-0.10947675130805798,True
6σ,BLURUSDT,2025-10-10 21:16:00+00:00,-0.10947675130805798,True
6σ стоп 5D,APEUSDT,2025-10-10 21:16:00+00:00,-0.5515387652802489,True
6σ,APEUSDT,2025-10-10 21:16:00+00:00,-0.26548101312324385,True
6σ,HIPPOUSDT,2025-10-10 21:16:00+00:00,0.07943167237640897,True
6σ стоп 5D,HIPPOUSDT,2025-10-10 21:16:00+00:00,0.07943167237640897,True
6σ стоп 5D,JUPUSDT,2025-10-10 21:16:00+00:00,-0.608857332545109,True
6σ прокол 0.2%,HIPPOUSDT,2025-10-10 21:16:00+00:00,0.07943167237640897,True
6σ,KSMUSDT,2025-10-10 21:16:00+00:00,0.05889939893731762,True
6σ прокол 0.2%,JUPUSDT,2025-10-10 21:16:00+00:00,0.06883066871047977,True
6σ прокол 0.2%,VIRTUALUSDT,2025-10-10 21:16:00+00:00,0.08910172713907433,True
6σ стоп 5D,ANIMEUSDT,2025-10-10 21:16:00+00:00,0.06837641647997733,True
4σ,MUBARAKUSDT,2025-10-10 21:16:00+00:00,-0.052476092449460804,True
6σ,DEEPUSDT,2025-10-10 21:16:00+00:00,0.06058577174797182,True
6σ прокол 0.2%,ZKUSDT,2025-10-10 21:16:00+00:00,0.06711433973302822,True
6σ,ANIMEUSDT,2025-10-10 21:16:00+00:00,0.06837641647997733,True
4σ прокол 0.2%,ARKMUSDT,2025-10-10 21:16:00+00:00,-0.14390991430599384,True
6σ прокол 0.2%,VOXELUSDT,2025-10-10 21:16:00+00:00,0.06751167504398431,True
4σ прокол 0.2%,DRIFTUSDT,2025-10-10 21:16:00+00:00,0.040602454907881794,True
6σ,NAORISUSDT,2025-10-10 21:16:00+00:00,-0.2676951338407478,True
6σ,JUPUSDT,2025-10-10 21:16:00+00:00,0.06883066871047977,True
6σ стоп 5D,GOATUSDT,2025-10-10 21:16:00+00:00,0.07807940976537536,True
6σ прокол 0.2%,GOATUSDT,2025-10-10 21:16:00+00:00,0.07807940976537536,True
4σ прокол 0.2%,ESPORTSUSDT,2025-10-10 21:16:00+00:00,0.051644884437504326,True
4σ прокол 0.2%,KAIAUSDT,2025-10-10 21:16:00+00:00,0.039101751738245955,True
6σ прокол 0.2%,ANIMEUSDT,2025-10-10 21:16:00+00:00,0.06837641647997733,True
4σ,ARKMUSDT,2025-10-10 21:16:00+00:00,-0.14390991430599384,True
4σ,KAIAUSDT,2025-10-10 21:16:00+00:00,0.039101751738245955,True
4σ,KSMUSDT,2025-10-10 21:16:00+00:00,0.03762951439456126,True
4σ,USELESSUSDT,2025-10-10 21:16:00+00:00,0.0778429279244845,True
6σ прокол 0.2%,DEEPUSDT,2025-10-10 21:16:00+00:00,0.06058577174797182,True
4σ прокол 0.2%,AIUSDT,2025-10-10 21:16:00+00:00,-0.13176591948978764,True
6σ,GPSUSDT,2025-10-10 21:16:00+00:00,-0.05948624735487815,True
4σ,CRVUSDT,2025-10-10 21:16:00+00:00,0.05418270654456321,True
6σ стоп 5D,GPSUSDT,2025-10-10 21:16:00+00:00,-0.05948624735487815,True
4σ прокол 0.2%,ZKUSDT,2025-10-10 21:16:00+00:00,0.0426709550922046,True
4σ прокол 0.2%,SEIUSDT,2025-10-10 21:16:00+00:00,0.04614086754103104,True
6σ прокол 0.2%,KSMUSDT,2025-10-10 21:16:00+00:00,0.05889939893731762,True
4σ прокол 0.2%,USELESSUSDT,2025-10-10 21:16:00+00:00,0.0778429279244845,True
6σ стоп 5D,DEEPUSDT,2025-10-10 21:16:00+00:00,-0.5443089886526588,True
4σ,CUDISUSDT,2025-10-10 21:17:00+00:00,0.09461704327654202,True
6σ стоп 5D,VANRYUSDT,2025-10-10 21:17:00+00:00,0.024718276860091568,True
6σ прокол 0.2%,LQTYUSDT,2025-10-10 21:17:00+00:00,0.08046322847342985,True
6σ прокол 0.2%,VANRYUSDT,2025-10-10 21:17:00+00:00,0.024718276860091568,True
6σ стоп 5D,LQTYUSDT,2025-10-10 21:17:00+00:00,0.08046322847342985,True
6σ стоп 5D,CUDISUSDT,2025-10-10 21:17:00+00:00,0.15708977796315077,True
4σ прокол 0.2%,YALAUSDT,2025-10-10 21:17:00+00:00,0.08886389583214188,True
6σ прокол 0.2%,CUDISUSDT,2025-10-10 21:17:00+00:00,0.15708977796315077,True
6σ,SHELLUSDT,2025-10-10 21:17:00+00:00,0.15611085250416185,True
6σ прокол 0.2%,SHELLUSDT,2025-10-10 21:17:00+00:00,0.15611085250416185,True
6σ,CUDISUSDT,2025-10-10 21:17:00+00:00,0.15708977796315077,True
6σ,LQTYUSDT,2025-10-10 21:17:00+00:00,0.08046322847342985,True
4σ,XMRUSDT,2025-10-10 21:17:00+00:00,0.0263550139838042,True
6σ стоп 5D,SHELLUSDT,2025-10-10 21:17:00+00:00,0.15611085250416185,True
6σ стоп 5D,SYRUPUSDT,2025-10-10 21:17:00+00:00,0.08714051742048551,True
6σ стоп 5D,ARKMUSDT,2025-10-10 21:17:00+00:00,0.13362238158111345,True
6σ,ARKMUSDT,2025-10-10 21:17:00+00:00,0.13362238158111345,True
4σ прокол 0.2%,APTUSDT,2025-10-10 21:17:00+00:00,0.04304105989025238,True
4σ,APTUSDT,2025-10-10 21:17:00+00:00,0.04304105989025238,True
6σ прокол 0.2%,ARUSDT,2025-10-10 21:17:00+00:00,0.11526624972379368,True
4σ прокол 0.2%,CTSIUSDT,2025-10-10 21:17:00+00:00,0.05521144485522407,True
6σ стоп 5D,ARUSDT,2025-10-10 21:17:00+00:00,0.11526624972379368,True
4σ,CTSIUSDT,2025-10-10 21:17:00+00:00,0.05521144485522407,True
6σ стоп 5D,LRCUSDT,2025-10-10 21:17:00+00:00,0.06987984599187563,True
6σ,ALTUSDT,2025-10-10 21:17:00+00:00,0.10006036866315576,True
6σ стоп 5D,ALTUSDT,2025-10-10 21:17:00+00:00,0.10006036866315576,True
6σ прокол 0.2%,ALTUSDT,2025-10-10 21:17:00+00:00,0.10006036866315576,True
6σ,ARUSDT,2025-10-10 21:17:00+00:00,0.11526624972379368,True
6σ прокол 0.2%,LRCUSDT,2025-10-10 21:17:00+00:00,0.06987984599187563,True
4σ прокол 0.2%,AVAAIUSDT,2025-10-10 21:17:00+00:00,0.09039662894837902,True
6σ стоп 5D,DYDXUSDT,2025-10-10 21:17:00+00:00,0.12203188227386635,True
6σ,DYDXUSDT,2025-10-10 21:17:00+00:00,0.12203188227386635,True
6σ прокол 0.2%,1000CATUSDT,2025-10-10 21:17:00+00:00,0.11104982677608682,True
6σ стоп 5D,1000CATUSDT,2025-10-10 21:17:00+00:00,0.11104982677608682,True
6σ,1000CATUSDT,2025-10-10 21:17:00+00:00,0.11104982677608682,True
4σ,AVAAIUSDT,2025-10-10 21:17:00+00:00,0.09039662894837902,True
6σ прокол 0.2%,ARKMUSDT,2025-10-10 21:17:00+00:00,0.13362238158111345,True
6σ прокол 0.2%,FXSUSDT,2025-10-10 21:17:00+00:00,0.09726488903586711,True
4σ прокол 0.2%,GOATUSDT,2025-10-10 21:17:00+00:00,0.10086607939454789,True
6σ,LRCUSDT,2025-10-10 21:17:00+00:00,0.06987984599187563,True
6σ прокол 0.2%,SYRUPUSDT,2025-10-10 21:17:00+00:00,0.08714051742048551,True
4σ,ETCUSDT,2025-10-10 21:17:00+00:00,-0.18006683221900752,True
6σ,FETUSDT,2025-10-10 21:17:00+00:00,0.10325692652686541,True
4σ прокол 0.2%,ETCUSDT,2025-10-10 21:17:00+00:00,-0.18006683221900752,True
6σ стоп 5D,FETUSDT,2025-10-10 21:17:00+00:00,0.10325692652686541,True
6σ прокол 0.2%,FETUSDT,2025-10-10 21:17:00+00:00,0.10325692652686541,True
6σ прокол 0.2%,BMTUSDT,2025-10-10 21:17:00+00:00,0.09163870574505845,True
6σ,COOKIEUSDT,2025-10-10 21:17:00+00:00,0.10227287311458605,True
6σ стоп 5D,COOKIEUSDT,2025-10-10 21:17:00+00:00,0.10227287311458605,True
6σ прокол 0.2%,COOKIEUSDT,2025-10-10 21:17:00+00:00,0.10227287311458605,True
6σ,SYRUPUSDT,2025-10-10 21:17:00+00:00,0.08714051742048551,True
4σ,COOKIEUSDT,2025-10-10 21:17:00+00:00,0.06366352465120023,True
4σ прокол 0.2%,COOKIEUSDT,2025-10-10 21:17:00+00:00,0.06366352465120023,True
6σ,BMTUSDT,2025-10-10 21:17:00+00:00,0.09163870574505845,True
4σ прокол 0.2%,MANTAUSDT,2025-10-10 21:17:00+00:00,0.06937867008609627,True
6σ,FXSUSDT,2025-10-10 21:17:00+00:00,0.09726488903586711,True
4σ,MANTAUSDT,2025-10-10 21:17:00+00:00,0.06937867008609627,True
6σ прокол 0.2%,MELANIAUSDT,2025-10-10 21:17:00+00:00,0.135889029303573,True
6σ стоп 5D,MELANIAUSDT,2025-10-10 21:17:00+00:00,0.135889029303573,True
6σ стоп 5D,FXSUSDT,2025-10-10 21:17:00+00:00,0.09726488903586711,True
6σ,MELANIAUSDT,2025-10-10 21:17:00+00:00,0.135889029303573,True
4σ,GOATUSDT,2025-10-10 21:17:00+00:00,0.10086607939454789,True
6σ,VANRYUSDT,2025-10-10 21:17:00+00:00,0.024718276860091568,True
6σ стоп 5D,BMTUSDT,2025-10-10 21:17:00+00:00,0.09163870574505845,True
4σ прокол 0.2%,TURBOUSDT,2025-10-10 21:17:00+00:00,0.061449853101695553,False
4σ,QTUMUSDT,2025-10-10 21:17:00+00:00,0.0445706048156362,True
6σ,SUSDT,2025-10-10 21:17:00+00:00,0.11531108311911525,True
6σ стоп 5D,WOOUSDT,2025-10-10 21:17:00+00:00,0.11461121353062959,True
4σ прокол 0.2%,GUNUSDT,2025-10-10 21:17:00+00:00,0.04476708930077873,True
6σ стоп 5D,INJUSDT,2025-10-10 21:17:00+00:00,0.08428101889661693,True
6σ,WOOUSDT,2025-10-10 21:17:00+00:00,0.11461121353062959,True
6σ прокол 0.2%,DYDXUSDT,2025-10-10 21:17:00+00:00,0.12203188227386635,True
6σ стоп 5D,BANANAUSDT,2025-10-10 21:17:00+00:00,0.1027916881445558,True
6σ,JOEUSDT,2025-10-10 21:17:00+00:00,0.0714253711032366,True
6σ стоп 5D,JOEUSDT,2025-10-10 21:17:00+00:00,0.0714253711032366,True
6σ прокол 0.2%,JOEUSDT,2025-10-10 21:17:00+00:00,0.0714253711032366,True
4σ,YALAUSDT,2025-10-10 21:17:00+00:00,0.08886389583214188,True
6σ,BANANAUSDT,2025-10-10 21:17:00+00:00,0.1027916881445558,True
4σ прокол 0.2%,XMRUSDT,2025-10-10 21:17:00+00:00,0.0263550139838042,True
6σ стоп 5D,YALAUSDT,2025-10-10 21:17:00+00:00,0.14661936503390732,True
6σ прокол 0.2%,KERNELUSDT,2025-10-10 21:17:00+00:00,0.15074496549079125,True
6σ стоп 5D,KERNELUSDT,2025-10-10 21:17:00+00:00,0.15074496549079125,True
4σ прокол 0.2%,QUSDT,2025-10-10 21:17:00+00:00,0.10641301441699008,True
6σ,YALAUSDT,2025-10-10 21:17:00+00:00,0.14661936503390732,True
6σ,KERNELUSDT,2025-10-10 21:17:00+00:00,0.15074496549079125,True
6σ,KASUSDT,2025-10-10 21:17:00+00:00,0.16948665469857532,True
6σ стоп 5D,KASUSDT,2025-10-10 21:17:00+00:00,0.16948665469857532,True
6σ прокол 0.2%,KASUSDT,2025-10-10 21:17:00+00:00,0.16948665469857532,True
4σ,QUSDT,2025-10-10 21:17:00+00:00,0.10641301441699008,True
6σ,INJUSDT,2025-10-10 21:17:00+00:00,0.08428101889661693,True
6σ прокол 0.2%,INJUSDT,2025-10-10 21:17:00+00:00,0.08428101889661693,True
4σ,GUNUSDT,2025-10-10 21:17:00+00:00,0.04476708930077873,True
6σ прокол 0.2%,WOOUSDT,2025-10-10 21:17:00+00:00,0.11461121353062959,True
4σ,1000000MOGUSDT,2025-10-10 21:17:00+00:00,0.05754477937695253,True
6σ прокол 0.2%,BANANAUSDT,2025-10-10 21:17:00+00:00,0.1027916881445558,True
4σ прокол 0.2%,1000000MOGUSDT,2025-10-10 21:17:00+00:00,0.05754477937695253,True
4σ прокол 0.2%,QTUMUSDT,2025-10-10 21:17:00+00:00,0.0445706048156362,True
4σ,TURBOUSDT,2025-10-10 21:17:00+00:00,0.061449853101695553,False
4σ,SUSHIUSDT,2025-10-10 21:17:00+00:00,0.06159519095739881,True
6σ прокол 0.2%,YALAUSDT,2025-10-10 21:17:00+00:00,0.14661936503390732,True
6σ,KAIAUSDT,2025-10-10 21:17:00+00:00,0.12776685726032339,True
6σ стоп 5D,KAIAUSDT,2025-10-10 21:17:00+00:00,0.12776685726032339,True
6σ стоп 5D,SUSDT,2025-10-10 21:17:00+00:00,0.11531108311911525,True
6σ,PLUMEUSDT,2025-10-10 21:17:00+00:00,0.14744320460324206,True
4σ прокол 0.2%,WOOUSDT,2025-10-10 21:17:00+00:00,0.07081387923938903,True
4σ прокол 0.2%,CUDISUSDT,2025-10-10 21:17:00+00:00,0.09461704327654202,True
4σ прокол 0.2%,SUSHIUSDT,2025-10-10 21:17:00+00:00,0.06159519095739881,True
6σ прокол 0.2%,KAIAUSDT,2025-10-10 21:17:00+00:00,0.12776685726032339,True
6σ стоп 5D,PLUMEUSDT,2025-10-10 21:17:00+00:00,0.14744320460324206,True
6σ прокол 0.2%,PLUMEUSDT,2025-10-10 21:17:00+00:00,0.14744320460324206,True
6σ прокол 0.2%,SUSDT,2025-10-10 21:17:00+00:00,0.11531108311911525,True
6σ стоп 5D,UNIUSDT,2025-10-10 21:18:00+00:00,0.09689531018068992,True
6σ стоп 5D,OMUSDT,2025-10-10 21:18:00+00:00,0.12893877434892426,True
4σ прокол 0.2%,IOTAUSDT,2025-10-10 21:18:00+00:00,0.05162050765321831,True
6σ стоп 5D,PHBUSDT,2025-10-10 21:18:00+00:00,0.1152174481971277,True
4σ прокол 0.2%,TOSHIUSDT,2025-10-10 21:18:00+00:00,0.06196242989286711,False
6σ,PORTALUSDT,2025-10-10 21:18:00+00:00,0.14092553499262567,True
4σ,IOTAUSDT,2025-10-10 21:18:00+00:00,0.05162050765321831,True
6σ,APTUSDT,2025-10-10 21:18:00+00:00,0.08373859405781098,True
6σ прокол 0.2%,PHBUSDT,2025-10-10 21:18:00+00:00,0.1152174481971277,True
4σ прокол 0.2%,ILVUSDT,2025-10-10 21:18:00+00:00,0.06833858194140902,True
4σ,ILVUSDT,2025-10-10 21:18:00+00:00,0.06833858194140902,True
6σ,PHBUSDT,2025-10-10 21:18:00+00:00,0.1152174481971277,True
6σ стоп 5D,1000FLOKIUSDT,2025-10-10 21:18:00+00:00,0.11955940515046865,True
6σ прокол 0.2%,APTUSDT,2025-10-10 21:18:00+00:00,0.08373859405781098,True
6σ прокол 0.2%,CHILLGUYUSDT,2025-10-10 21:18:00+00:00,0.21636206667165742,True
6σ,GMXUSDT,2025-10-10 21:18:00+00:00,0.0813301175944971,True
6σ прокол 0.2%,PORTALUSDT,2025-10-10 21:18:00+00:00,0.14092553499262567,True
6σ стоп 5D,CHILLGUYUSDT,2025-10-10 21:18:00+00:00,0.21636206667165742,True
6σ стоп 5D,GMXUSDT,2025-10-10 21:18:00+00:00,0.0813301175944971,True
6σ стоп 5D,PORTALUSDT,2025-10-10 21:18:00+00:00,0.14092553499262567,True
6σ,1000FLOKIUSDT,2025-10-10 21:18:00+00:00,0.11955940515046865,True
6σ,CHILLGUYUSDT,2025-10-10 21:18:00+00:00,0.21636206667165742,True
6σ прокол 0.2%,GMXUSDT,2025-10-10 21:18:00+00:00,0.0813301175944971,True
6σ прокол 0.2%,OMUSDT,2025-10-10 21:18:00+00:00,0.12893877434892426,True
6σ стоп 5D,APTUSDT,2025-10-10 21:18:00+00:00,0.08373859405781098,True
6σ,STOUSDT,2025-10-10 21:18:00+00:00,0.14679376355214652,True
6σ стоп 5D,SUSHIUSDT,2025-10-10 21:18:00+00:00,0.16846367129048473,True
6σ,XLMUSDT,2025-10-10 21:18:00+00:00,0.054128179441758476,True
4σ,AINUSDT,2025-10-10 21:18:00+00:00,0.05253642021876122,True
4σ,XPINUSDT,2025-10-10 21:18:00+00:00,0.2705637294519416,True
6σ стоп 5D,ALGOUSDT,2025-10-10 21:18:00+00:00,0.07740427173283732,True
4σ прокол 0.2%,KMNOUSDT,2025-10-10 21:18:00+00:00,0.04238690698658738,True
6σ прокол 0.2%,ALGOUSDT,2025-10-10 21:18:00+00:00,0.07740427173283732,True
6σ,LAUSDT,2025-10-10 21:18:00+00:00,0.10100845327793756,True
4σ прокол 0.2%,XPINUSDT,2025-10-10 21:18:00+00:00,0.2705637294519416,True
4σ прокол 0.2%,AEVOUSDT,2025-10-10 21:18:00+00:00,0.08331154854175943,True
6σ прокол 0.2%,1000LUNCUSDT,2025-10-10 21:18:00+00:00,0.13891659517081906,True
6σ стоп 5D,1000LUNCUSDT,2025-10-10 21:18:00+00:00,0.13891659517081906,True
4σ прокол 0.2%,AINUSDT,2025-10-10 21:18:00+00:00,0.05253642021876122,True
6σ,1000LUNCUSDT,2025-10-10 21:18:00+00:00,0.13891659517081906,True
6σ прокол 0.2%,LAUSDT,2025-10-10 21:18:00+00:00,0.10100845327793756,True
6σ прокол 0.2%,SNXUSDT,2025-10-10 21:18:00+00:00,0.1334439719134039,True
6σ стоп 5D,SNXUSDT,2025-10-10 21:18:00+00:00,0.1334439719134039,True
4σ,AEVOUSDT,2025-10-10 21:18:00+00:00,0.08331154854175943,True
4σ прокол 0.2%,WALUSDT,2025-10-10 21:18:00+00:00,0.10435485029171393,True
4σ,WALUSDT,2025-10-10 21:18:00+00:00,0.10435485029171393,True
6σ прокол 0.2%,WALUSDT,2025-10-10 21:18:00+00:00,0.17511871181739685,True
6σ стоп 5D,WALUSDT,2025-10-10 21:18:00+00:00,0.17511871181739685,True
6σ,WALUSDT,2025-10-10 21:18:00+00:00,0.17511871181739685,True
6σ прокол 0.2%,AEVOUSDT,2025-10-10 21:18:00+00:00,0.13663907608221332,True
6σ стоп 5D,LAUSDT,2025-10-10 21:18:00+00:00,0.10100845327793756,True
4σ,ALICEUSDT,2025-10-10 21:18:00+00:00,0.11556264672898203,True
4σ прокол 0.2%,ALICEUSDT,2025-10-10 21:18:00+00:00,0.11556264672898203,True
4σ,KMNOUSDT,2025-10-10 21:18:00+00:00,0.04238690698658738,True
6σ прокол 0.2%,STOUSDT,2025-10-10 21:18:00+00:00,0.14679376355214652,True
4σ,SNXUSDT,2025-10-10 21:18:00+00:00,0.02809858411916125,True
6σ,UNIUSDT,2025-10-10 21:18:00+00:00,0.09689531018068992,True
6σ прокол 0.2%,CTSIUSDT,2025-10-10 21:18:00+00:00,0.1030265889428354,True
6σ стоп 5D,CTSIUSDT,2025-10-10 21:18:00+00:00,0.1030265889428354,True
6σ,OMUSDT,2025-10-10 21:18:00+00:00,0.12893877434892426,True
6σ,VETUSDT,2025-10-10 21:18:00+00:00,0.063394247268095,True
6σ,MAGICUSDT,2025-10-10 21:18:00+00:00,0.09189556848991426,True
6σ стоп 5D,VETUSDT,2025-10-10 21:18:00+00:00,0.063394247268095,True
6σ прокол 0.2%,VETUSDT,2025-10-10 21:18:00+00:00,0.063394247268095,True
6σ стоп 5D,MAGICUSDT,2025-10-10 21:18:00+00:00,0.09189556848991426,True
6σ стоп 5D,XLMUSDT,2025-10-10 21:18:00+00:00,0.054128179441758476,True
4σ,VETUSDT,2025-10-10 21:18:00+00:00,0.04039452739997103,True
6σ прокол 0.2%,MAGICUSDT,2025-10-10 21:18:00+00:00,0.09189556848991426,True
4σ прокол 0.2%,VETUSDT,2025-10-10 21:18:00+00:00,0.04039452739997103,True
6σ,KMNOUSDT,2025-10-10 21:18:00+00:00,0.06664918784367474,True
6σ прокол 0.2%,JASMYUSDT,2025-10-10 21:18:00+00:00,0.09048662523144374,True
6σ прокол 0.2%,XLMUSDT,2025-10-10 21:18:00+00:00,0.054128179441758476,True
6σ стоп 5D,KMNOUSDT,2025-10-10 21:18:00+00:00,0.06664918784367474,True
6σ,ALGOUSDT,2025-10-10 21:18:00+00:00,0.07740427173283732,True
6σ стоп 5D,JASMYUSDT,2025-10-10 21:18:00+00:00,0.09048662523144374,True
6σ прокол 0.2%,KMNOUSDT,2025-10-10 21:18:00+00:00,0.06664918784367474,True
6σ,JASMYUSDT,2025-10-10 21:18:00+00:00,0.09048662523144374,True
6σ стоп 5D,STOUSDT,2025-10-10 21:18:00+00:00,0.14679376355214652,True
6σ,CTSIUSDT,2025-10-10 21:18:00+00:00,0.1030265889428354,True
4σ прокол 0.2%,SNXUSDT,2025-10-10 21:18:00+00:00,0.02809858411916125,True
6σ прокол 0.2%,1000FLOKIUSDT,2025-10-10 21:18:00+00:00,0.11955940515046865,True
4σ прокол 0.2%,STRKUSDT,2025-10-10 21:18:00+00:00,0.06993804767291162,True
4σ,STRKUSDT,2025-10-10 21:18:00+00:00,0.06993804767291162,True
6σ прокол 0.2%,AIUSDT,2025-10-10 21:18:00+00:00,0.1604624027824763,True
6σ стоп 5D,TREEUSDT,2025-10-10 21:18:00+00:00,0.13024175194712412,True
6σ,SAGAUSDT,2025-10-10 21:18:00+00:00,0.1272768876215284,True
6σ стоп 5D,ACEUSDT,2025-10-10 21:18:00+00:00,0.13634020783630135,True
6σ стоп 5D,YFIUSDT,2025-10-10 21:18:00+00:00,0.04555978997969663,True
6σ,TREEUSDT,2025-10-10 21:18:00+00:00,0.13024175194712412,True
6σ,THETAUSDT,2025-10-10 21:18:00+00:00,0.1235348841271599,True
4σ прокол 0.2%,EDUUSDT,2025-10-10 21:18:00+00:00,0.06506073367495196,True
6σ,ONEUSDT,2025-10-10 21:18:00+00:00,0.1288024077640188,True
4σ прокол 0.2%,RAREUSDT,2025-10-10 21:18:00+00:00,0.05441065510135741,True
6σ стоп 5D,THETAUSDT,2025-10-10 21:18:00+00:00,0.1235348841271599,True
6σ стоп 5D,ONEUSDT,2025-10-10 21:18:00+00:00,0.1288024077640188,True
6σ стоп 5D,SAGAUSDT,2025-10-10 21:18:00+00:00,0.1272768876215284,True
6σ прокол 0.2%,YFIUSDT,2025-10-10 21:18:00+00:00,0.04555978997969663,True
6σ прокол 0.2%,ONEUSDT,2025-10-10 21:18:00+00:00,0.1288024077640188,True
6σ прокол 0.2%,RAREUSDT,2025-10-10 21:18:00+00:00,0.08658361137455745,True
6σ стоп 5D,RAREUSDT,2025-10-10 21:18:00+00:00,-0.7416873080354434,True
4σ прокол 0.2%,SSVUSDT,2025-10-10 21:18:00+00:00,0.0689169209284421,True
6σ,RAREUSDT,2025-10-10 21:18:00+00:00,0.08658361137455745,True
6σ прокол 0.2%,LUNA2USDT,2025-10-10 21:18:00+00:00,0.17535300453986896,True
6σ,YFIUSDT,2025-10-10 21:18:00+00:00,0.04555978997969663,True
4σ,ACEUSDT,2025-10-10 21:18:00+00:00,0.08314423455941483,True
6σ прокол 0.2%,SUPERUSDT,2025-10-10 21:18:00+00:00,0.10816244053742657,True
6σ прокол 0.2%,SUSHIUSDT,2025-10-10 21:18:00+00:00,0.16846367129048473,True
6σ стоп 5D,SUPERUSDT,2025-10-10 21:18:00+00:00,0.10816244053742657,True
6σ,SUPERUSDT,2025-10-10 21:18:00+00:00,0.10816244053742657,True
6σ прокол 0.2%,ACEUSDT,2025-10-10 21:18:00+00:00,0.13634020783630135,True
6σ,BOMEUSDT,2025-10-10 21:18:00+00:00,0.13668599589989977,True
4σ прокол 0.2%,ACEUSDT,2025-10-10 21:18:00+00:00,0.08314423455941483,True
6σ стоп 5D,BOMEUSDT,2025-10-10 21:18:00+00:00,0.13668599589989977,True
6σ прокол 0.2%,TREEUSDT,2025-10-10 21:18:00+00:00,0.13024175194712412,True
6σ,CYBERUSDT,2025-10-10 21:18:00+00:00,0.12701816548310702,True
6σ прокол 0.2%,BOMEUSDT,2025-10-10 21:18:00+00:00,0.13668599589989977,True
6σ прокол 0.2%,CRVUSDT,2025-10-10 21:18:00+00:00,0.18686687659902307,True
6σ стоп 5D,CRVUSDT,2025-10-10 21:18:00+00:00,0.18686687659902307,True
6σ,CRVUSDT,2025-10-10 21:18:00+00:00,0.18686687659902307,True
6σ,LUNA2USDT,2025-10-10 21:18:00+00:00,0.17535300453986896,True
6σ стоп 5D,CYBERUSDT,2025-10-10 21:18:00+00:00,0.12701816548310702,True
6σ стоп 5D,LUNA2USDT,2025-10-10 21:18:00+00:00,0.17535300453986896,True
6σ прокол 0.2%,CYBERUSDT,2025-10-10 21:18:00+00:00,0.12701816548310702,True
6σ прокол 0.2%,UNIUSDT,2025-10-10 21:18:00+00:00,0.09689531018068992,True
4σ,TOSHIUSDT,2025-10-10 21:18:00+00:00,0.06196242989286711,False
6σ прокол 0.2%,AXSUSDT,2025-10-10 21:18:00+00:00,0.09267930478160474,True
6σ стоп 5D,AXSUSDT,2025-10-10 21:18:00+00:00,0.09267930478160474,True
4σ прокол 0.2%,HUSDT,2025-10-10 21:18:00+00:00,0.05204343629049775,True
6σ,SIGNUSDT,2025-10-10 21:18:00+00:00,0.14100091000486276,True
4σ,HUSDT,2025-10-10 21:18:00+00:00,0.05204343629049775,True
6σ прокол 0.2%,SSVUSDT,2025-10-10 21:18:00+00:00,0.1113194281606455,True
4σ прокол 0.2%,YFIUSDT,2025-10-10 21:18:00+00:00,0.029328968552474424,True
6σ прокол 0.2%,RSRUSDT,2025-10-10 21:18:00+00:00,0.10933295790247571,True
6σ стоп 5D,SSVUSDT,2025-10-10 21:18:00+00:00,0.1113194281606455,True
6σ стоп 5D,RSRUSDT,2025-10-10 21:18:00+00:00,0.10933295790247571,True
6σ,SUSHIUSDT,2025-10-10 21:18:00+00:00,0.16846367129048473,True
6σ,TOSHIUSDT,2025-10-10 21:18:00+00:00,0.09936524813165531,False
4σ,ERAUSDT,2025-10-10 21:18:00+00:00,0.04123572747811961,True
4σ прокол 0.2%,ERAUSDT,2025-10-10 21:18:00+00:00,0.04123572747811961,True
6σ стоп 5D,TOSHIUSDT,2025-10-10 21:18:00+00:00,0.09936524813165531,False
6σ,THEUSDT,2025-10-10 21:18:00+00:00,0.14578230327565306,True
6σ прокол 0.2%,TOSHIUSDT,2025-10-10 21:18:00+00:00,0.09936524813165531,False
6σ,RSRUSDT,2025-10-10 21:18:00+00:00,0.10933295790247571,True
6σ,SSVUSDT,2025-10-10 21:18:00+00:00,0.1113194281606455,True
6σ стоп 5D,THEUSDT,2025-10-10 21:18:00+00:00,0.14578230327565306,True
6σ прокол 0.2%,THEUSDT,2025-10-10 21:18:00+00:00,0.14578230327565306,True
6σ стоп 5D,SIGNUSDT,2025-10-10 21:18:00+00:00,0.14100091000486276,True
6σ прокол 0.2%,SAGAUSDT,2025-10-10 21:18:00+00:00,0.1272768876215284,True
4σ,SSVUSDT,2025-10-10 21:18:00+00:00,0.0689169209284421,True
6σ стоп 5D,EGLDUSDT,2025-10-10 21:18:00+00:00,0.10672990261663456,True
6σ прокол 0.2%,THETAUSDT,2025-10-10 21:18:00+00:00,0.1235348841271599,True
6σ прокол 0.2%,PROMUSDT,2025-10-10 21:18:00+00:00,0.0542704822114652,True
4σ,ONEUSDT,2025-10-10 21:18:00+00:00,0.07890408594309734,True
4σ,EDUUSDT,2025-10-10 21:18:00+00:00,0.06506073367495196,True
6σ стоп 5D,PROMUSDT,2025-10-10 21:18:00+00:00,0.0542704822114652,True
6σ прокол 0.2%,GMTUSDT,2025-10-10 21:18:00+00:00,0.1436288305031514,True
6σ,PROMUSDT,2025-10-10 21:18:00+00:00,0.0542704822114652,True
6σ,AEVOUSDT,2025-10-10 21:18:00+00:00,0.13663907608221332,True
6σ стоп 5D,GMTUSDT,2025-10-10 21:18:00+00:00,0.1436288305031514,True
6σ прокол 0.2%,SIGNUSDT,2025-10-10 21:18:00+00:00,0.14100091000486276,True
6σ прокол 0.2%,EDUUSDT,2025-10-10 21:18:00+00:00,0.10466899394238588,True
6σ стоп 5D,EDUUSDT,2025-10-10 21:18:00+00:00,0.10466899394238588,True
6σ,GMTUSDT,2025-10-10 21:18:00+00:00,0.1436288305031514,True
6σ,ACEUSDT,2025-10-10 21:18:00+00:00,0.13634020783630135,True
4σ прокол 0.2%,ONEUSDT,2025-10-10 21:18:00+00:00,0.07890408594309734,True
6σ,EDUUSDT,2025-10-10 21:18:00+00:00,0.10466899394238588,True
6σ,AXSUSDT,2025-10-10 21:18:00+00:00,0.09267930478160474,True
4σ,YFIUSDT,2025-10-10 21:18:00+00:00,0.029328968552474424,True
6σ,EGLDUSDT,2025-10-10 21:18:00+00:00,0.10672990261663456,True
6σ прокол 0.2%,EGLDUSDT,2025-10-10 21:18:00+00:00,0.10672990261663456,True
6σ,SNXUSDT,2025-10-10 21:18:00+00:00,0.1334439719134039,True
6σ стоп 5D,AEVOUSDT,2025-10-10 21:18:00+00:00,0.13663907608221332,True
6σ прокол 0.2%,COTIUSDT,2025-10-10 21:18:00+00:00,0.11329259533688057,True
4σ прокол 0.2%,PTBUSDT,2025-10-10 21:18:00+00:00,0.04904609960329638,True
6σ прокол 0.2%,WUSDT,2025-10-10 21:18:00+00:00,0.1346618932069707,True
6σ стоп 5D,WUSDT,2025-10-10 21:18:00+00:00,0.1346618932069707,True
6σ,WUSDT,2025-10-10 21:18:00+00:00,0.1346618932069707,True
6σ,REDUSDT,2025-10-10 21:18:00+00:00,0.09396337637843061,True
6σ стоп 5D,REDUSDT,2025-10-10 21:18:00+00:00,0.09396337637843061,True
6σ прокол 0.2%,JTOUSDT,2025-10-10 21:18:00+00:00,0.12296730633973046,True
6σ,TAOUSDT,2025-10-10 21:18:00+00:00,0.11509597457404713,True
4σ прокол 0.2%,DYMUSDT,2025-10-10 21:18:00+00:00,0.0794380529004503,True
6σ,STXUSDT,2025-10-10 21:18:00+00:00,0.09497687825306439,True
6σ стоп 5D,JTOUSDT,2025-10-10 21:18:00+00:00,0.12296730633973046,True
4σ,PTBUSDT,2025-10-10 21:18:00+00:00,0.04904609960329638,True
6σ,JTOUSDT,2025-10-10 21:18:00+00:00,0.12296730633973046,True
6σ,ETCUSDT,2025-10-10 21:18:00+00:00,-0.08203654655758771,True
4σ,DYMUSDT,2025-10-10 21:18:00+00:00,0.0794380529004503,True
6σ стоп 5D,ETCUSDT,2025-10-10 21:18:00+00:00,-0.08203654655758771,True
6σ прокол 0.2%,DYMUSDT,2025-10-10 21:18:00+00:00,0.12974782857317985,True
6σ,ZKUSDT,2025-10-10 21:18:00+00:00,0.12109402128675567,True
6σ стоп 5D,TURBOUSDT,2025-10-10 21:18:00+00:00,0.1338791931028553,False
6σ прокол 0.2%,TURBOUSDT,2025-10-10 21:18:00+00:00,0.1338791931028553,False
6σ стоп 5D,HBARUSDT,2025-10-10 21:18:00+00:00,0.08412068588312355,True
6σ прокол 0.2%,NOTUSDT,2025-10-10 21:18:00+00:00,0.1533620283700265,True
6σ,LDOUSDT,2025-10-10 21:18:00+00:00,0.1105683617628665,True
6σ прокол 0.2%,FLOWUSDT,2025-10-10 21:18:00+00:00,0.12818913282756944,True
6σ стоп 5D,DYMUSDT,2025-10-10 21:18:00+00:00,0.12974782857317985,True
4σ прокол 0.2%,ZKUSDT,2025-10-10 21:18:00+00:00,0.07452720891461734,True
4σ,TAOUSDT,2025-10-10 21:18:00+00:00,0.0710925796113479,True
6σ прокол 0.2%,MAVUSDT,2025-10-10 21:18:00+00:00,0.15990280843025023,True
4σ,ZKUSDT,2025-10-10 21:18:00+00:00,0.07452720891461734,True
6σ прокол 0.2%,ZKUSDT,2025-10-10 21:18:00+00:00,0.12109402128675567,True
6σ,DYMUSDT,2025-10-10 21:18:00+00:00,0.12974782857317985,True
6σ стоп 5D,ZKUSDT,2025-10-10 21:18:00+00:00,0.12109402128675567,True
6σ прокол 0.2%,UMAUSDT,2025-10-10 21:18:00+00:00,0.10659154294455958,True
6σ прокол 0.2%,SKLUSDT,2025-10-10 21:18:00+00:00,0.041199026806589406,True
6σ прокол 0.2%,ETCUSDT,2025-10-10 21:18:00+00:00,-0.08203654655758771,True
6σ прокол 0.2%,CHZUSDT,2025-10-10 21:18:00+00:00,0.11644988877241585,True
6σ,MINAUSDT,2025-10-10 21:18:00+00:00,0.10605495767787482,True
4σ прокол 0.2%,TAOUSDT,2025-10-10 21:18:00+00:00,0.0710925796113479,True
6σ стоп 5D,SUNUSDT,2025-10-10 21:18:00+00:00,0.0283064828999426,True
6σ,SUNUSDT,2025-10-10 21:18:00+00:00,0.0283064828999426,True
6σ,COTIUSDT,2025-10-10 21:18:00+00:00,0.11329259533688057,True
6σ,NOTUSDT,2025-10-10 21:18:00+00:00,0.1533620283700265,True
6σ,PAXGUSDT,2025-10-10 21:18:00+00:00,0.009542956505986976,True
6σ,RENDERUSDT,2025-10-10 21:18:00+00:00,0.24463237569715707,True
6σ прокол 0.2%,MEWUSDT,2025-10-10 21:18:00+00:00,0.09775013050098197,True
6σ стоп 5D,MEWUSDT,2025-10-10 21:18:00+00:00,0.09775013050098197,True
6σ прокол 0.2%,TAOUSDT,2025-10-10 21:18:00+00:00,0.11509597457404713,True
6σ,MEWUSDT,2025-10-10 21:18:00+00:00,0.09775013050098197,True
6σ прокол 0.2%,RENDERUSDT,2025-10-10 21:18:00+00:00,0.24463237569715707,True
6σ стоп 5D,NOTUSDT,2025-10-10 21:18:00+00:00,0.1533620283700265,True
6σ стоп 5D,RENDERUSDT,2025-10-10 21:18:00+00:00,0.24463237569715707,True
6σ стоп 5D,PAXGUSDT,2025-10-10 21:18:00+00:00,0.009542956505986976,True
4σ прокол 0.2%,ICNTUSDT,2025-10-10 21:18:00+00:00,-0.1101120132623988,True
6σ стоп 5D,COTIUSDT,2025-10-10 21:18:00+00:00,0.11329259533688057,True
6σ стоп 5D,STXUSDT,2025-10-10 21:18:00+00:00,0.09497687825306439,True
6σ прокол 0.2%,STXUSDT,2025-10-10 21:18:00+00:00,0.09497687825306439,True
6σ прокол 0.2%,OPUSDT,2025-10-10 21:18:00+00:00,0.09894037630847591,True
6σ стоп 5D,OPUSDT,2025-10-10 21:18:00+00:00,0.09894037630847591,True
6σ стоп 5D,CHZUSDT,2025-10-10 21:18:00+00:00,0.11644988877241585,True
6σ прокол 0.2%,TRXUSDT,2025-10-10 21:18:00+00:00,0.015738332470980956,True
6σ прокол 0.2%,SUNUSDT,2025-10-10 21:18:00+00:00,0.0283064828999426,True
6σ стоп 5D,TRXUSDT,2025-10-10 21:18:00+00:00,0.015738332470980956,True
6σ,TRXUSDT,2025-10-10 21:18:00+00:00,0.015738332470980956,True
6σ,CHZUSDT,2025-10-10 21:18:00+00:00,0.11644988877241585,True
6σ прокол 0.2%,ONTUSDT,2025-10-10 21:18:00+00:00,0.09564992971516512,True
6σ прокол 0.2%,REDUSDT,2025-10-10 21:18:00+00:00,0.09396337637843061,True
6σ стоп 5D,ONTUSDT,2025-10-10 21:18:00+00:00,0.09564992971516512,True
6σ,ONTUSDT,2025-10-10 21:18:00+00:00,0.09564992971516512,True
6σ,OPUSDT,2025-10-10 21:18:00+00:00,0.09894037630847591,True
6σ стоп 5D,MINAUSDT,2025-10-10 21:18:00+00:00,0.10605495767787482,True
6σ прокол 0.2%,HBARUSDT,2025-10-10 21:18:00+00:00,0.08412068588312355,True
6σ,HBARUSDT,2025-10-10 21:18:00+00:00,0.08412068588312355,True
6σ стоп 5D,PIXELUSDT,2025-10-10 21:18:00+00:00,0.12175157303582113,True
6σ стоп 5D,PYTHUSDT,2025-10-10 21:18:00+00:00,0.11071985914515742,True
6σ прокол 0.2%,PIXELUSDT,2025-10-10 21:18:00+00:00,0.12175157303582113,True
6σ,PYTHUSDT,2025-10-10 21:18:00+00:00,0.11071985914515742,True
6σ стоп 5D,GRTUSDT,2025-10-10 21:18:00+00:00,0.11644092652223165,True
6σ,MITOUSDT,2025-10-10 21:18:00+00:00,0.14148878208889099,True
6σ прокол 0.2%,ICNTUSDT,2025-10-10 21:18:00+00:00,-0.07088702346345763,True
6σ прокол 0.2%,GRTUSDT,2025-10-10 21:18:00+00:00,0.11644092652223165,True
6σ прокол 0.2%,IMXUSDT,2025-10-10 21:18:00+00:00,0.10610482340087385,True
6σ прокол 0.2%,ORDIUSDT,2025-10-10 21:18:00+00:00,0.14656580064376196,True
6σ прокол 0.2%,RAYSOLUSDT,2025-10-10 21:18:00+00:00,0.09454274318046502,False
6σ,SKATEUSDT,2025-10-10 21:18:00+00:00,0.2672335544730937,True
4σ,DOODUSDT,2025-10-10 21:18:00+00:00,0.06980469487200985,True
6σ стоп 5D,ORDIUSDT,2025-10-10 21:18:00+00:00,0.14656580064376196,True
6σ,TIAUSDT,2025-10-10 21:18:00+00:00,0.13160314321287053,True
6σ стоп 5D,SKATEUSDT,2025-10-10 21:18:00+00:00,0.2672335544730937,True
6σ стоп 5D,RAYSOLUSDT,2025-10-10 21:18:00+00:00,0.09454274318046502,False
6σ прокол 0.2%,SKATEUSDT,2025-10-10 21:18:00+00:00,0.2672335544730937,True
4σ прокол 0.2%,IOUSDT,2025-10-10 21:18:00+00:00,0.09884394404199431,True
6σ,RAYSOLUSDT,2025-10-10 21:18:00+00:00,0.09454274318046502,False
6σ прокол 0.2%,MINAUSDT,2025-10-10 21:18:00+00:00,0.10605495767787482,True
4σ прокол 0.2%,DOODUSDT,2025-10-10 21:18:00+00:00,0.06980469487200985,True
6σ,FLOWUSDT,2025-10-10 21:18:00+00:00,0.12818913282756944,True
6σ,UMAUSDT,2025-10-10 21:18:00+00:00,0.10659154294455958,True
4σ прокол 0.2%,DRIFTUSDT,2025-10-10 21:18:00+00:00,0.1511877866814581,True
4σ,IOUSDT,2025-10-10 21:18:00+00:00,0.09884394404199431,True
4σ,DRIFTUSDT,2025-10-10 21:18:00+00:00,0.1511877866814581,True
6σ,ORDIUSDT,2025-10-10 21:18:00+00:00,0.14656580064376196,True
6σ стоп 5D,ICNTUSDT,2025-10-10 21:18:00+00:00,-0.07088702346345763,True
4σ прокол 0.2%,PAXGUSDT,2025-10-10 21:18:00+00:00,0.006184988170013518,True
6σ стоп 5D,UMAUSDT,2025-10-10 21:18:00+00:00,0.10659154294455958,True
6σ стоп 5D,TIAUSDT,2025-10-10 21:18:00+00:00,0.13160314321287053,True
6σ,ICNTUSDT,2025-10-10 21:18:00+00:00,-0.07088702346345763,True
6σ стоп 5D,IMXUSDT,2025-10-10 21:18:00+00:00,0.10610482340087385,True
6σ,GRTUSDT,2025-10-10 21:18:00+00:00,0.11644092652223165,True
4σ,ICNTUSDT,2025-10-10 21:18:00+00:00,-0.1101120132623988,True
6σ прокол 0.2%,MITOUSDT,2025-10-10 21:18:00+00:00,0.14148878208889099,True
6σ стоп 5D,FLOWUSDT,2025-10-10 21:18:00+00:00,0.12818913282756944,True
6σ стоп 5D,MITOUSDT,2025-10-10 21:18:00+00:00,0.14148878208889099,True
6σ прокол 0.2%,LDOUSDT,2025-10-10 21:18:00+00:00,0.1105683617628665,True
6σ стоп 5D,MAVUSDT,2025-10-10 21:18:00+00:00,0.15990280843025023,True
4σ,PAXGUSDT,2025-10-10 21:18:00+00:00,0.006184988170013518,True
6σ стоп 5D,TAOUSDT,2025-10-10 21:18:00+00:00,0.11509597457404713,True
6σ стоп 5D,SKLUSDT,2025-10-10 21:18:00+00:00,0.041199026806589406,True
6σ прокол 0.2%,PAXGUSDT,2025-10-10 21:18:00+00:00,0.009542956505986976,True
6σ,MAVUSDT,2025-10-10 21:18:00+00:00,0.15990280843025023,True
6σ,IMXUSDT,2025-10-10 21:18:00+00:00,0.10610482340087385,True
6σ прокол 0.2%,PYTHUSDT,2025-10-10 21:18:00+00:00,0.11071985914515742,True
6σ прокол 0.2%,TIAUSDT,2025-10-10 21:18:00+00:00,0.13160314321287053,True
6σ,SKLUSDT,2025-10-10 21:18:00+00:00,0.041199026806589406,True
6σ стоп 5D,LDOUSDT,2025-10-10 21:18:00+00:00,0.1105683617628665,True
6σ,PIXELUSDT,2025-10-10 21:18:00+00:00,0.12175157303582113,True
6σ,TURBOUSDT,2025-10-10 21:18:00+00:00,0.1338791931028553,False
6σ,HOOKUSDT,2025-10-10 21:19:00+00:00,0.19928464284905772,True
6σ прокол 0.2%,BUSDT,2025-10-10 21:19:00+00:00,0.1080616178322919,True
4σ прокол 0.2%,BASUSDT,2025-10-10 21:19:00+00:00,0.06409970618276145,False
6σ стоп 5D,IDUSDT,2025-10-10 21:19:00+00:00,0.15035696098520174,True
6σ прокол 0.2%,BSVUSDT,2025-10-10 21:19:00+00:00,0.08704164916208373,True
6σ,IDUSDT,2025-10-10 21:19:00+00:00,0.15035696098520174,True
6σ прокол 0.2%,NEIROUSDT,2025-10-10 21:19:00+00:00,0.2682456978848058,False
4σ,SYRUPUSDT,2025-10-10 21:19:00+00:00,0.06307315567655175,True
4σ,MANTAUSDT,2025-10-10 21:19:00+00:00,0.12659147626654715,True
6σ стоп 5D,NEIROUSDT,2025-10-10 21:19:00+00:00,0.2682456978848058,False
6σ прокол 0.2%,IOUSDT,2025-10-10 21:19:00+00:00,0.2796842693333903,True
6σ прокол 0.2%,BEAMXUSDT,2025-10-10 21:19:00+00:00,0.13786607706234227,False
6σ прокол 0.2%,MANTAUSDT,2025-10-10 21:19:00+00:00,0.21779628242023946,True
4σ,BASUSDT,2025-10-10 21:19:00+00:00,0.06409970618276145,False
6σ стоп 5D,IOUSDT,2025-10-10 21:19:00+00:00,0.2796842693333903,True
6σ,IOUSDT,2025-10-10 21:19:00+00:00,0.2796842693333903,True
6σ прокол 0.2%,RUNEUSDT,2025-10-10 21:19:00+00:00,0.11338602670568093,True
6σ стоп 5D,BSVUSDT,2025-10-10 21:19:00+00:00,0.08704164916208373,True
4σ,CAKEUSDT,2025-10-10 21:19:00+00:00,0.05712203965560332,True
6σ стоп 5D,POLUSDT,2025-10-10 21:19:00+00:00,0.13162158455971323,True
6σ прокол 0.2%,POLUSDT,2025-10-10 21:19:00+00:00,0.13162158455971323,True
6σ прокол 0.2%,CAKEUSDT,2025-10-10 21:19:00+00:00,0.09114915352277903,True
6σ прокол 0.2%,BABYUSDT,2025-10-10 21:19:00+00:00,0.16548123071161797,True
6σ,MANTAUSDT,2025-10-10 21:19:00+00:00,0.21779628242023946,True
4σ прокол 0.2%,CAKEUSDT,2025-10-10 21:19:00+00:00,0.05712203965560332,True
4σ,CELOUSDT,2025-10-10 21:19:00+00:00,0.10223315597274357,True
6σ стоп 5D,CAKEUSDT,2025-10-10 21:19:00+00:00,0.09114915352277903,True
6σ,CAKEUSDT,2025-10-10 21:19:00+00:00,0.09114915352277903,True
6σ,NEIROUSDT,2025-10-10 21:19:00+00:00,0.2682456978848058,False
6σ прокол 0.2%,HOOKUSDT,2025-10-10 21:19:00+00:00,0.19928464284905772,True
6σ,RUNEUSDT,2025-10-10 21:19:00+00:00,0.11338602670568093,True
6σ,POLUSDT,2025-10-10 21:19:00+00:00,0.13162158455971323,True
6σ стоп 5D,MANTAUSDT,2025-10-10 21:19:00+00:00,0.21779628242023946,True
6σ стоп 5D,RUNEUSDT,2025-10-10 21:19:00+00:00,0.11338602670568093,True
4σ прокол 0.2%,BSVUSDT,2025-10-10 21:19:00+00:00,0.05468337847141598,True
6σ,BEAMXUSDT,2025-10-10 21:19:00+00:00,0.13786607706234227,False
6σ стоп 5D,BEAMXUSDT,2025-10-10 21:19:00+00:00,0.13786607706234227,False
6σ,BSVUSDT,2025-10-10 21:19:00+00:00,0.08704164916208373,True
4σ,BSVUSDT,2025-10-10 21:19:00+00:00,0.05468337847141598,True
6σ стоп 5D,BABYUSDT,2025-10-10 21:19:00+00:00,0.16548123071161797,True
6σ стоп 5D,BUSDT,2025-10-10 21:19:00+00:00,0.1080616178322919,True
4σ прокол 0.2%,SPXUSDT,2025-10-10 21:19:00+00:00,0.10583922685693498,True
6σ прокол 0.2%,AUCTIONUSDT,2025-10-10 21:19:00+00:00,0.15226515944603175,True
6σ,VOXELUSDT,2025-10-10 21:19:00+00:00,0.1766148759719381,True
4σ прокол 0.2%,SKLUSDT,2025-10-10 21:19:00+00:00,0.12036332402648936,True
6σ стоп 5D,TONUSDT,2025-10-10 21:19:00+00:00,0.48748768344075244,True
6σ прокол 0.2%,IOTAUSDT,2025-10-10 21:19:00+00:00,0.13511830436882216,True
6σ стоп 5D,IOTAUSDT,2025-10-10 21:19:00+00:00,0.13511830436882216,True
4σ,SKLUSDT,2025-10-10 21:19:00+00:00,0.12036332402648936,True
6σ,IOTAUSDT,2025-10-10 21:19:00+00:00,0.13511830436882216,True
6σ,BUSDT,2025-10-10 21:19:00+00:00,0.1080616178322919,True
4σ прокол 0.2%,BROCCOLI714USDT,2025-10-10 21:19:00+00:00,0.13116731401949416,False
4σ прокол 0.2%,CELOUSDT,2025-10-10 21:19:00+00:00,0.10223315597274357,True
4σ прокол 0.2%,HIPPOUSDT,2025-10-10 21:19:00+00:00,-0.4328985209588569,True
4σ,BROCCOLI714USDT,2025-10-10 21:19:00+00:00,0.13116731401949416,False
6σ прокол 0.2%,NEWTUSDT,2025-10-10 21:19:00+00:00,0.13991228098293867,True
6σ стоп 5D,NEWTUSDT,2025-10-10 21:19:00+00:00,0.13991228098293867,True
6σ,NEWTUSDT,2025-10-10 21:19:00+00:00,0.13991228098293867,True
6σ,AUCTIONUSDT,2025-10-10 21:19:00+00:00,0.15226515944603175,True
6σ,AIOUSDT,2025-10-10 21:19:00+00:00,0.12620487989325574,True
6σ стоп 5D,AIOUSDT,2025-10-10 21:19:00+00:00,0.12620487989325574,True
4σ,GUNUSDT,2025-10-10 21:19:00+00:00,0.0671863783140158,True
4σ прокол 0.2%,GUNUSDT,2025-10-10 21:19:00+00:00,0.0671863783140158,True
6σ прокол 0.2%,AIOUSDT,2025-10-10 21:19:00+00:00,0.12620487989325574,True
4σ,AIOUSDT,2025-10-10 21:19:00+00:00,0.0774338252013384,True
4σ прокол 0.2%,AIOUSDT,2025-10-10 21:19:00+00:00,0.0774338252013384,True
4σ,IDOLUSDT,2025-10-10 21:19:00+00:00,0.026165743733615313,False
6σ прокол 0.2%,MUBARAKUSDT,2025-10-10 21:19:00+00:00,0.2602759297279973,True
6σ стоп 5D,MUBARAKUSDT,2025-10-10 21:19:00+00:00,0.2602759297279973,True
6σ,MUBARAKUSDT,2025-10-10 21:19:00+00:00,0.2602759297279973,True
6σ,STRKUSDT,2025-10-10 21:19:00+00:00,0.1895976270914998,True
6σ стоп 5D,STRKUSDT,2025-10-10 21:19:00+00:00,0.1895976270914998,True
4σ,SPXUSDT,2025-10-10 21:19:00+00:00,0.10583922685693498,True
6σ прокол 0.2%,STRKUSDT,2025-10-10 21:19:00+00:00,0.1895976270914998,True
6σ прокол 0.2%,VOXELUSDT,2025-10-10 21:19:00+00:00,0.1766148759719381,True
4σ прокол 0.2%,SYRUPUSDT,2025-10-10 21:19:00+00:00,0.06307315567655175,True
6σ стоп 5D,VOXELUSDT,2025-10-10 21:19:00+00:00,0.1766148759719381,True
6σ,JOEUSDT,2025-10-10 21:19:00+00:00,0.13175095463773528,True
4σ прокол 0.2%,RVNUSDT,2025-10-10 21:19:00+00:00,0.07105375617460069,True
6σ,ORCAUSDT,2025-10-10 21:19:00+00:00,0.14691390574508784,True
4σ,RVNUSDT,2025-10-10 21:19:00+00:00,0.07105375617460069,True
6σ прокол 0.2%,RVNUSDT,2025-10-10 21:19:00+00:00,0.11502842908969318,True
6σ,NEOUSDT,2025-10-10 21:19:00+00:00,0.13634324325233788,True
6σ стоп 5D,RVNUSDT,2025-10-10 21:19:00+00:00,0.11502842908969318,True
6σ,RVNUSDT,2025-10-10 21:19:00+00:00,0.11502842908969318,True
6σ стоп 5D,NEOUSDT,2025-10-10 21:19:00+00:00,0.13634324325233788,True
6σ,BABYUSDT,2025-10-10 21:19:00+00:00,0.16548123071161797,True
4σ прокол 0.2%,QTUMUSDT,2025-10-10 21:19:00+00:00,0.055373293806214544,True
6σ прокол 0.2%,NEOUSDT,2025-10-10 21:19:00+00:00,0.13634324325233788,True
4σ,QTUMUSDT,2025-10-10 21:19:00+00:00,0.055373293806214544,True
6σ стоп 5D,AUCTIONUSDT,2025-10-10 21:19:00+00:00,0.15226515944603175,True
6σ прокол 0.2%,JOEUSDT,2025-10-10 21:19:00+00:00,0.13175095463773528,True
4σ прокол 0.2%,MANTAUSDT,2025-10-10 21:19:00+00:00,0.12659147626654715,True
4σ,HIPPOUSDT,2025-10-10 21:19:00+00:00,-0.4328985209588569,True
6σ стоп 5D,HOOKUSDT,2025-10-10 21:19:00+00:00,0.19928464284905772,True
6σ прокол 0.2%,ORCAUSDT,2025-10-10 21:19:00+00:00,0.14691390574508784,True
6σ стоп 5D,JOEUSDT,2025-10-10 21:19:00+00:00,0.13175095463773528,True
6σ стоп 5D,ORCAUSDT,2025-10-10 21:19:00+00:00,0.14691390574508784,True
6σ прокол 0.2%,TSTUSDT,2025-10-10 21:20:00+00:00,0.319383278438123,False
6σ прокол 0.2%,SXTUSDT,2025-10-10 21:20:00+00:00,0.15612159063999992,True
4σ прокол 0.2%,BTCDOMUSDT,2025-10-10 21:20:00+00:00,0.023355762080167833,False
6σ,SXTUSDT,2025-10-10 21:20:00+00:00,0.15612159063999992,True
6σ,HUSDT,2025-10-10 21:20:00+00:00,0.13293643901640156,True
6σ прокол 0.2%,HUSDT,2025-10-10 21:20:00+00:00,0.13293643901640156,True
6σ,TSTUSDT,2025-10-10 21:20:00+00:00,0.319383278438123,False
4σ прокол 0.2%,PAXGUSDT,2025-10-10 21:20:00+00:00,0.016139402792887572,True
4σ,HUSDT,2025-10-10 21:20:00+00:00,0.08123439927703874,True
4σ прокол 0.2%,DOODUSDT,2025-10-10 21:20:00+00:00,0.09232855572463977,True
4σ прокол 0.2%,HUSDT,2025-10-10 21:20:00+00:00,0.08123439927703874,True
4σ,DOODUSDT,2025-10-10 21:20:00+00:00,0.09232855572463977,True
6σ стоп 5D,HUSDT,2025-10-10 21:20:00+00:00,0.13293643901640156,True
6σ стоп 5D,PAXGUSDT,2025-10-10 21:20:00+00:00,0.02482633266628649,True
6σ,USUALUSDT,2025-10-10 21:20:00+00:00,0.3269348806728787,True
6σ,ERAUSDT,2025-10-10 21:20:00+00:00,0.07484162989496762,True
4σ прокол 0.2%,STGUSDT,2025-10-10 21:20:00+00:00,0.05378212033589232,True
6σ прокол 0.2%,ZEREBROUSDT,2025-10-10 21:20:00+00:00,0.2652966554915679,True
4σ,PROVEUSDT,2025-10-10 21:20:00+00:00,0.07606271217033606,True
4σ прокол 0.2%,USUALUSDT,2025-10-10 21:20:00+00:00,0.1787323988476292,True
6σ,PAXGUSDT,2025-10-10 21:20:00+00:00,0.02482633266628649,True
4σ,SXTUSDT,2025-10-10 21:20:00+00:00,0.09408810780638682,True
4σ прокол 0.2%,PROVEUSDT,2025-10-10 21:20:00+00:00,0.07606271217033606,True
6σ стоп 5D,TSTUSDT,2025-10-10 21:20:00+00:00,0.319383278438123,False
4σ,USUALUSDT,2025-10-10 21:20:00+00:00,0.1787323988476292,True
6σ стоп 5D,ZEREBROUSDT,2025-10-10 21:20:00+00:00,0.2652966554915679,True
4σ,STGUSDT,2025-10-10 21:20:00+00:00,0.05378212033589232,True
6σ прокол 0.2%,USUALUSDT,2025-10-10 21:20:00+00:00,0.3269348806728787,True
4σ прокол 0.2%,ERAUSDT,2025-10-10 21:20:00+00:00,0.04736513549859951,True
6σ стоп 5D,USUALUSDT,2025-10-10 21:20:00+00:00,0.3269348806728787,True
6σ прокол 0.2%,SAPIENUSDT,2025-10-10 21:20:00+00:00,0.1181489476561674,True
4σ,ERAUSDT,2025-10-10 21:20:00+00:00,0.04736513549859951,True
6σ стоп 5D,SAPIENUSDT,2025-10-10 21:20:00+00:00,0.1181489476561674,True
6σ,SAPIENUSDT,2025-10-10 21:20:00+00:00,0.1181489476561674,True
4σ прокол 0.2%,SXTUSDT,2025-10-10 21:20:00+00:00,0.09408810780638682,True
4σ,BTCDOMUSDT,2025-10-10 21:20:00+00:00,0.023355762080167833,False
6σ прокол 0.2%,ERAUSDT,2025-10-10 21:20:00+00:00,0.07484162989496762,True
6σ стоп 5D,ERAUSDT,2025-10-10 21:20:00+00:00,0.07484162989496762,True
4σ,PAXGUSDT,2025-10-10 21:20:00+00:00,0.016139402792887572,True
6σ прокол 0.2%,PAXGUSDT,2025-10-10 21:20:00+00:00,0.02482633266628649,True
6σ стоп 5D,SXTUSDT,2025-10-10 21:20:00+00:00,0.15612159063999992,True
4σ прокол 0.2%,IDOLUSDT,2025-10-10 21:20:00+00:00,0.030241138176722873,False
6σ,IDOLUSDT,2025-10-10 21:20:00+00:00,0.04701454282332014,False
6σ,ZEREBROUSDT,2025-10-10 21:20:00+00:00,0.2652966554915679,True
6σ стоп 5D,AINUSDT,2025-10-10 21:20:00+00:00,0.13114971931239577,True
6σ стоп 5D,API3USDT,2025-10-10 21:20:00+00:00,0.11304371816568887,True
6σ стоп 5D,IDOLUSDT,2025-10-10 21:20:00+00:00,0.04701454282332014,False
6σ прокол 0.2%,IDOLUSDT,2025-10-10 21:20:00+00:00,0.04701454282332014,False
6σ,HOLOUSDT,2025-10-10 21:20:00+00:00,0.25469007548115163,True
6σ,API3USDT,2025-10-10 21:20:00+00:00,0.11304371816568887,True
6σ,AINUSDT,2025-10-10 21:20:00+00:00,0.13114971931239577,True
4σ прокол 0.2%,AINUSDT,2025-10-10 21:20:00+00:00,0.0802286917004506,True
6σ прокол 0.2%,API3USDT,2025-10-10 21:20:00+00:00,0.11304371816568887,True
4σ,AINUSDT,2025-10-10 21:20:00+00:00,0.0802286917004506,True
6σ прокол 0.2%,AINUSDT,2025-10-10 21:20:00+00:00,0.13114971931239577,True
6σ стоп 5D,HOLOUSDT,2025-10-10 21:20:00+00:00,0.25469007548115163,True
6σ прокол 0.2%,HOLOUSDT,2025-10-10 21:20:00+00:00,0.25469007548115163,True
4σ,BTRUSDT,2025-10-10 21:21:00+00:00,0.0807322684460769,True
4σ прокол 0.2%,GUNUSDT,2025-10-10 21:21:00+00:00,0.13082027652145917,True
6σ прокол 0.2%,DOODUSDT,2025-10-10 21:21:00+00:00,0.15383614723625855,True
6σ прокол 0.2%,GUNUSDT,2025-10-10 21:21:00+00:00,0.2261596323934582,True
6σ стоп 5D,MUSDT,2025-10-10 21:21:00+00:00,0.10136918354505914,True
4σ,GUNUSDT,2025-10-10 21:21:00+00:00,0.13082027652145917,True
6σ,MUSDT,2025-10-10 21:21:00+00:00,0.10136918354505914,True
6σ прокол 0.2%,REZUSDT,2025-10-10 21:21:00+00:00,0.22115825169462905,True
6σ стоп 5D,REZUSDT,2025-10-10 21:21:00+00:00,0.22115825169462905,True
6σ,REZUSDT,2025-10-10 21:21:00+00:00,0.22115825169462905,True
4σ прокол 0.2%,BTRUSDT,2025-10-10 21:21:00+00:00,0.0807322684460769,True
6σ прокол 0.2%,BTRUSDT,2025-10-10 21:21:00+00:00,0.1320438746622516,True
4σ,REZUSDT,2025-10-10 21:21:00+00:00,0.1282963432556154,True
6σ стоп 5D,GUNUSDT,2025-10-10 21:21:00+00:00,0.2261596323934582,True
6σ прокол 0.2%,PORT3USDT,2025-10-10 21:21:00+00:00,0.4326975785314924,False
6σ,GUNUSDT,2025-10-10 21:21:00+00:00,0.2261596323934582,True
6σ стоп 5D,DOODUSDT,2025-10-10 21:21:00+00:00,0.15383614723625855,True
6σ,BTRUSDT,2025-10-10 21:21:00+00:00,0.1320438746622516,True
4σ,FIDAUSDT,2025-10-10 21:21:00+00:00,0.10322197884098666,True
4σ прокол 0.2%,MBOXUSDT,2025-10-10 21:21:00+00:00,0.12611872935057494,True
4σ прокол 0.2%,FIDAUSDT,2025-10-10 21:21:00+00:00,0.10322197884098666,True
6σ стоп 5D,BTRUSDT,2025-10-10 21:21:00+00:00,0.1320438746622516,True
6σ,DOODUSDT,2025-10-10 21:21:00+00:00,0.15383614723625855,True
4σ прокол 0.2%,WOOUSDT,2025-10-10 21:21:00+00:00,0.28040386926133753,True
4σ прокол 0.2%,MUSDT,2025-10-10 21:21:00+00:00,0.063135486005432,True
6σ,PORT3USDT,2025-10-10 21:21:00+00:00,0.4326975785314924,False
6σ стоп 5D,PORT3USDT,2025-10-10 21:21:00+00:00,0.4326975785314924,False
6σ прокол 0.2%,TOSHIUSDT,2025-10-10 21:21:00+00:00,0.2710072501518883,False
4σ,MBOXUSDT,2025-10-10 21:21:00+00:00,0.12611872935057494,True
6σ стоп 5D,TOSHIUSDT,2025-10-10 21:21:00+00:00,0.2710072501518883,False
4σ прокол 0.2%,REZUSDT,2025-10-10 21:21:00+00:00,0.1282963432556154,True
4σ,MUSDT,2025-10-10 21:21:00+00:00,0.063135486005432,True
6σ прокол 0.2%,MUSDT,2025-10-10 21:21:00+00:00,0.10136918354505914,True
6σ,TOSHIUSDT,2025-10-10 21:21:00+00:00,0.2710072501518883,False
4σ прокол 0.2%,ARIAUSDT,2025-10-10 21:22:00+00:00,0.07548714005146356,True
6σ прокол 0.2%,PAXGUSDT,2025-10-10 21:22:00+00:00,0.049885979802184635,True
4σ,B3USDT,2025-10-10 21:22:00+00:00,0.06824099144453205,True
6σ стоп 5D,PAXGUSDT,2025-10-10 21:22:00+00:00,0.049885979802184635,True
4σ прокол 0.2%,B3USDT,2025-10-10 21:22:00+00:00,0.06824099144453205,True
4σ,PAXGUSDT,2025-10-10 21:22:00+00:00,0.03203658296426144,True
6σ прокол 0.2%,B3USDT,2025-10-10 21:22:00+00:00,0.11014973025545854,True
6σ,ARIAUSDT,2025-10-10 21:22:00+00:00,0.12277836382401891,True
4σ прокол 0.2%,PAXGUSDT,2025-10-10 21:22:00+00:00,0.03203658296426144,True
4σ,ARIAUSDT,2025-10-10 21:22:00+00:00,0.07548714005146356,True
6σ стоп 5D,ARIAUSDT,2025-10-10 21:22:00+00:00,0.12277836382401891,True
6σ,PAXGUSDT,2025-10-10 21:22:00+00:00,0.049885979802184635,True
6σ,B3USDT,2025-10-10 21:22:00+00:00,0.11014973025545854,True
6σ прокол 0.2%,ARIAUSDT,2025-10-10 21:22:00+00:00,0.12277836382401891,True
6σ стоп 5D,B3USDT,2025-10-10 21:22:00+00:00,0.11014973025545854,True
6σ стоп 5D,BTCDOMUSDT,2025-10-10 21:23:00+00:00,0.07112569195266744,False
4σ,BTCDOMUSDT,2025-10-10 21:23:00+00:00,0.04511353650718526,False
6σ прокол 0.2%,AWEUSDT,2025-10-10 21:23:00+00:00,0.06738897678998884,True
4σ прокол 0.2%,BTCDOMUSDT,2025-10-10 21:23:00+00:00,0.04511353650718526,False
4σ,SQDUSDT,2025-10-10 21:23:00+00:00,0.10756826141639458,True
4σ прокол 0.2%,FUSDT,2025-10-10 21:23:00+00:00,0.2146421237582618,True
4σ прокол 0.2%,SQDUSDT,2025-10-10 21:23:00+00:00,0.10756826141639458,True
6σ,BTCDOMUSDT,2025-10-10 21:23:00+00:00,0.07112569195266744,False
4σ прокол 0.2%,SAPIENUSDT,2025-10-10 21:23:00+00:00,0.19541350285067155,True
4σ прокол 0.2%,CUSDT,2025-10-10 21:23:00+00:00,0.09304865276734445,True
4σ,CUSDT,2025-10-10 21:23:00+00:00,0.09304865276734445,True
4σ,SAPIENUSDT,2025-10-10 21:23:00+00:00,0.19541350285067155,True
6σ прокол 0.2%,BTCDOMUSDT,2025-10-10 21:23:00+00:00,0.07112569195266744,False
4σ,FUSDT,2025-10-10 21:23:00+00:00,0.2146421237582618,True
4σ,STGUSDT,2025-10-10 21:24:00+00:00,0.10968783499087359,True
6σ стоп 5D,WCTUSDT,2025-10-10 21:24:00+00:00,0.3936292303954543,True
6σ прокол 0.2%,WCTUSDT,2025-10-10 21:24:00+00:00,0.3936292303954543,True
6σ,WCTUSDT,2025-10-10 21:24:00+00:00,0.3936292303954543,True
4σ,BANKUSDT,2025-10-10 21:24:00+00:00,0.3059973812038914,True
4σ прокол 0.2%,STGUSDT,2025-10-10 21:24:00+00:00,0.10968783499087359,True
4σ прокол 0.2%,BANKUSDT,2025-10-10 21:24:00+00:00,0.3059973812038914,True
4σ,HYPERUSDT,2025-10-10 21:25:00+00:00,0.36323095765964064,True
4σ прокол 0.2%,HYPERUSDT,2025-10-10 21:25:00+00:00,0.36323095765964064,True
4σ прокол 0.2%,AWEUSDT,2025-10-10 21:29:00+00:00,0.08278430758698113,True
4σ,AWEUSDT,2025-10-10 21:29:00+00:00,0.08278430758698113,True
4σ прокол 0.2%,IDOLUSDT,2025-10-10 21:31:00+00:00,0.13459480423407516,False
4σ,IDOLUSDT,2025-10-10 21:31:00+00:00,0.13459480423407516,False
6σ стоп 5D,TRADOORUSDT,2025-10-10 22:01:00+00:00,0.14332459795340097,False
4σ,TRADOORUSDT,2025-10-10 22:01:00+00:00,0.08703836901409895,False
6σ,TRADOORUSDT,2025-10-10 22:01:00+00:00,0.14332459795340097,False
4σ прокол 0.2%,TRADOORUSDT,2025-10-10 22:01:00+00:00,0.08703836901409895,False
6σ прокол 0.2%,TRADOORUSDT,2025-10-10 22:01:00+00:00,0.14332459795340097,False
4σ,BASUSDT,2025-10-13 07:48:00+00:00,0.07487232204659938,False
4σ прокол 0.2%,BASUSDT,2025-10-13 07:48:00+00:00,0.07487232204659938,False
4σ,NAORISUSDT,2025-10-13 15:52:00+00:00,-0.22988618649320355,True
4σ прокол 0.2%,NAORISUSDT,2025-10-13 15:52:00+00:00,-0.22988618649320355,True
4σ прокол 0.2%,SKATEUSDT,2025-10-13 18:01:00+00:00,-0.2660545924120598,True
4σ,SKATEUSDT,2025-10-13 18:01:00+00:00,-0.2660545924120598,True
4σ прокол 0.2%,YALAUSDT,2025-10-16 08:09:00+00:00,-0.07093984631748648,True
4σ,YALAUSDT,2025-10-16 08:09:00+00:00,-0.07093984631748648,True
4σ,MITOUSDT,2025-10-16 09:34:00+00:00,0.03312941420623368,True
4σ прокол 0.2%,MITOUSDT,2025-10-16 09:34:00+00:00,0.03312941420623368,True
4σ,UBUSDT,2025-10-16 12:59:00+00:00,0.041405661932664775,True
4σ,IDOLUSDT,2025-10-16 16:29:00+00:00,-0.1006019302829951,False
4σ прокол 0.2%,IDOLUSDT,2025-10-16 16:29:00+00:00,-0.1006019302829951,False
4σ,AVAAIUSDT,2025-10-18 09:47:00+00:00,-0.001972841615108328,True
4σ прокол 0.2%,AVAAIUSDT,2025-10-18 09:47:00+00:00,-0.001972841615108328,True
4σ прокол 0.2%,UMAUSDT,2025-10-19 08:22:00+00:00,0.058588740088881555,True
4σ,UMAUSDT,2025-10-19 08:22:00+00:00,0.058588740088881555,True
4σ,QNTUSDT,2025-10-19 11:58:00+00:00,0.014312688326826039,True
4σ прокол 0.2%,ZKCUSDT,2025-10-21 04:57:00+00:00,0.04103810979541907,True
4σ,ZKCUSDT,2025-10-21 04:57:00+00:00,0.04103810979541907,True
6σ,DOGSUSDT,2025-10-21 12:59:00+00:00,0.04142989780633495,True
4σ прокол 0.2%,DOGSUSDT,2025-10-21 12:59:00+00:00,0.01542263811855474,True
6σ стоп 5D,DOGSUSDT,2025-10-21 12:59:00+00:00,0.04142989780633495,True
4σ,DOGSUSDT,2025-10-21 12:59:00+00:00,0.01542263811855474,True
6σ прокол 0.2%,DOGSUSDT,2025-10-21 12:59:00+00:00,0.04142989780633495,True
4σ,NAORISUSDT,2025-10-22 21:35:00+00:00,0.042991797893475917,True
4σ прокол 0.2%,NAORISUSDT,2025-10-22 21:35:00+00:00,0.042991797893475917,True
6σ,BDXNUSDT,2025-10-24 08:42:00+00:00,0.016016182737650184,True
6σ прокол 0.2%,BDXNUSDT,2025-10-24 08:42:00+00:00,0.016016182737650184,True
6σ стоп 5D,BDXNUSDT,2025-10-24 08:42:00+00:00,0.016016182737650184,True
6σ стоп 5D,DOODUSDT,2025-10-25 02:12:00+00:00,0.07187959412881723,True
6σ,DOODUSDT,2025-10-25 02:12:00+00:00,0.07187959412881723,True
4σ,DOODUSDT,2025-10-25 02:12:00+00:00,0.045571209191242315,True
6σ прокол 0.2%,DOODUSDT,2025-10-25 02:12:00+00:00,0.07187959412881723,True
4σ прокол 0.2%,DOODUSDT,2025-10-25 02:12:00+00:00,0.045571209191242315,True
4σ прокол 0.2%,TRXUSDT,2025-10-25 04:50:00+00:00,0.008344824851407261,True
4σ,TRXUSDT,2025-10-25 04:50:00+00:00,0.008344824851407261,True
6σ,BROCCOLIF3BUSDT,2025-10-25 13:58:00+00:00,0.03306462925675693,False
6σ прокол 0.2%,BROCCOLIF3BUSDT,2025-10-25 13:58:00+00:00,0.03306462925675693,False
6σ стоп 5D,BROCCOLIF3BUSDT,2025-10-25 13:58:00+00:00,0.03306462925675693,False
4σ прокол 0.2%,ICNTUSDT,2025-10-25 15:41:00+00:00,0.02730496810698098,True
4σ,ICNTUSDT,2025-10-25 15:41:00+00:00,0.02730496810698098,True
6σ,YALAUSDT,2025-10-26 11:48:00+00:00,0.036515698591115434,True
4σ прокол 0.2%,YALAUSDT,2025-10-26 11:48:00+00:00,0.023619338617567556,True
4σ,YALAUSDT,2025-10-26 11:48:00+00:00,0.023619338617567556,True
6σ стоп 5D,YALAUSDT,2025-10-26 11:48:00+00:00,0.036515698591115434,True
6σ прокол 0.2%,YALAUSDT,2025-10-26 11:48:00+00:00,0.036515698591115434,True
4σ прокол 0.2%,1000CHEEMSUSDT,2025-10-26 17:45:00+00:00,0.012430326573754823,False
4σ,1000CHEEMSUSDT,2025-10-26 17:45:00+00:00,0.012430326573754823,False
4σ,FLUIDUSDT,2025-10-27 00:12:00+00:00,0.013810974428565742,True
4σ прокол 0.2%,1000CHEEMSUSDT,2025-10-27 01:44:00+00:00,0.01596088195820773,False
4σ,1000CHEEMSUSDT,2025-10-27 01:44:00+00:00,0.01596088195820773,False
6σ стоп 5D,1000CHEEMSUSDT,2025-10-27 01:44:00+00:00,-0.23838731718253856,False
6σ прокол 0.2%,1000CHEEMSUSDT,2025-10-27 01:44:00+00:00,0.02454951907379184,False
6σ,1000CHEEMSUSDT,2025-10-27 01:44:00+00:00,0.02454951907379184,False
4σ,CATIUSDT,2025-10-27 03:56:00+00:00,0.01822052685857485,True
4σ прокол 0.2%,CATIUSDT,2025-10-27 03:56:00+00:00,0.01822052685857485,True
4σ,APEUSDT,2025-10-28 14:45:00+00:00,0.02419858744581678,True
4σ прокол 0.2%,APEUSDT,2025-10-28 14:45:00+00:00,0.02419858744581678,True
4σ,ARPAUSDT,2025-10-28 17:07:00+00:00,0.01696011784908054,True
6σ прокол 0.2%,ARPAUSDT,2025-10-28 17:07:00+00:00,0.026100223781494417,True
6σ,ARPAUSDT,2025-10-28 17:07:00+00:00,0.026100223781494417,True
4σ прокол 0.2%,ARPAUSDT,2025-10-28 17:07:00+00:00,0.01696011784908054,True
6σ стоп 5D,ARPAUSDT,2025-10-28 17:07:00+00:00,0.026100223781494417,True
4σ прокол 0.2%,PTBUSDT,2025-10-28 21:55:00+00:00,0.02848076537131812,True
6σ,PTBUSDT,2025-10-28 21:55:00+00:00,0.04420950469541625,True
4σ,PTBUSDT,2025-10-28 21:55:00+00:00,0.02848076537131812,True
6σ стоп 5D,PTBUSDT,2025-10-28 21:55:00+00:00,0.04420950469541625,True
4σ,KDAUSDT,2025-10-29 03:00:00+00:00,0.07037757893751467,True
4σ прокол 0.2%,KDAUSDT,2025-10-29 03:00:00+00:00,0.07037757893751467,True
4σ прокол 0.2%,RESOLVUSDT,2025-10-29 15:47:00+00:00,-0.11329990727818348,True
4σ,RESOLVUSDT,2025-10-29 15:47:00+00:00,-0.11329990727818348,True
4σ прокол 0.2%,XLMUSDT,2025-10-29 18:35:00+00:00,0.014097766827598068,True
4σ,WUSDT,2025-10-29 18:35:00+00:00,0.019817282737988287,True
4σ,XLMUSDT,2025-10-29 18:35:00+00:00,0.014097766827598068,True
4σ,TRXUSDT,2025-10-29 18:39:00+00:00,0.006096647827642255,True
4σ,MEWUSDT,2025-10-30 10:46:00+00:00,-0.04263598594740012,True
4σ,BANKUSDT,2025-10-30 11:55:00+00:00,0.03770798418195738,True
4σ прокол 0.2%,BANKUSDT,2025-10-30 11:56:00+00:00,0.049110875906634724,True
6σ стоп 5D,BANKUSDT,2025-10-30 11:56:00+00:00,0.07773483813483034,True
6σ,BANKUSDT,2025-10-30 11:56:00+00:00,0.07773483813483034,True
6σ прокол 0.2%,BANKUSDT,2025-10-30 11:56:00+00:00,0.07773483813483034,True
6σ прокол 0.2%,ASTRUSDT,2025-10-30 13:38:00+00:00,0.038496649200742986,True
6σ стоп 5D,ASTRUSDT,2025-10-30 13:38:00+00:00,0.038496649200742986,True
6σ,ASTRUSDT,2025-10-30 13:38:00+00:00,0.038496649200742986,True
4σ,HANAUSDT,2025-10-30 14:33:00+00:00,0.04885575745191857,True
4σ,CUDISUSDT,2025-10-30 18:43:00+00:00,0.03093118276713254,True
4σ прокол 0.2%,CUDISUSDT,2025-10-30 18:43:00+00:00,0.03093118276713254,True
4σ,BTRUSDT,2025-10-30 19:44:00+00:00,-0.08955356846148707,True
4σ прокол 0.2%,BTRUSDT,2025-10-30 19:44:00+00:00,-0.08955356846148707,True
4σ,HEMIUSDT,2025-10-30 23:27:00+00:00,0.0264170268031569,True
4σ прокол 0.2%,HEMIUSDT,2025-10-30 23:27:00+00:00,0.0264170268031569,True
6σ стоп 5D,HEMIUSDT,2025-10-30 23:28:00+00:00,0.05311408989062723,True
6σ,HEMIUSDT,2025-10-30 23:28:00+00:00,0.05311408989062723,True
6σ прокол 0.2%,HEMIUSDT,2025-10-30 23:28:00+00:00,0.05311408989062723,True
4σ прокол 0.2%,MITOUSDT,2025-10-31 16:14:00+00:00,-0.0365900787523967,True
6σ прокол 0.2%,MITOUSDT,2025-10-31 16:14:00+00:00,-0.013132996257012558,True
6σ стоп 5D,MITOUSDT,2025-10-31 16:14:00+00:00,-0.013132996257012558,True
6σ,MITOUSDT,2025-10-31 16:14:00+00:00,-0.013132996257012558,True
4σ,MITOUSDT,2025-10-31 16:14:00+00:00,-0.0365900787523967,True
4σ,FLOCKUSDT,2025-11-01 07:16:00+00:00,0.04390416944198479,True
4σ прокол 0.2%,FLOCKUSDT,2025-11-01 07:16:00+00:00,0.04390416944198479,True
4σ,KDAUSDT,2025-11-01 11:10:00+00:00,0.04536989705762036,True
4σ прокол 0.2%,KDAUSDT,2025-11-01 11:10:00+00:00,0.04536989705762036,True
4σ,XNYUSDT,2025-11-01 14:23:00+00:00,0.05687171044248647,True
4σ прокол 0.2%,XNYUSDT,2025-11-01 14:23:00+00:00,0.05687171044248647,True
4σ,AVAAIUSDT,2025-11-02 01:41:00+00:00,-0.08276747982579144,True
4σ прокол 0.2%,AVAAIUSDT,2025-11-02 01:41:00+00:00,-0.08276747982579144,True
4σ,BANUSDT,2025-11-02 04:14:00+00:00,-0.09136015499968339,True
4σ прокол 0.2%,BANUSDT,2025-11-02 04:14:00+00:00,-0.09136015499968339,True
6σ,BANUSDT,2025-11-02 04:14:00+00:00,-0.07340210497507746,True
6σ стоп 5D,BANUSDT,2025-11-02 04:14:00+00:00,-0.07340210497507746,True
6σ прокол 0.2%,BANUSDT,2025-11-02 04:14:00+00:00,-0.07340210497507746,True
4σ прокол 0.2%,KASUSDT,2025-11-02 15:01:00+00:00,0.012332338041297585,True
4σ,KASUSDT,2025-11-02 15:01:00+00:00,0.012332338041297585,True
4σ,DAMUSDT,2025-11-03 03:11:00+00:00,0.005412728126436701,True
4σ прокол 0.2%,DAMUSDT,2025-11-03 03:11:00+00:00,0.005412728126436701,True
6σ стоп 5D,AWEUSDT,2025-11-03 13:00:00+00:00,0.033189793155413,True
6σ прокол 0.2%,AWEUSDT,2025-11-03 13:00:00+00:00,0.033189793155413,True
6σ,AWEUSDT,2025-11-03 13:00:00+00:00,0.033189793155413,True
4σ,AWEUSDT,2025-11-03 13:00:00+00:00,0.02150272346968403,True
4σ прокол 0.2%,AWEUSDT,2025-11-03 13:00:00+00:00,0.02150272346968403,True
4σ,MAGICUSDT,2025-11-03 15:30:00+00:00,0.024540152659077344,True
4σ прокол 0.2%,EGLDUSDT,2025-11-03 15:30:00+00:00,0.021722200093546376,True
4σ,EGLDUSDT,2025-11-03 15:30:00+00:00,0.021722200093546376,True
6σ,MUBARAKUSDT,2025-11-03 15:30:00+00:00,0.0485443156429521,True
4σ,NOTUSDT,2025-11-03 15:30:00+00:00,0.02654817305117159,True
4σ,INJUSDT,2025-11-03 15:30:00+00:00,0.023822587379767016,True
6σ стоп 5D,MUBARAKUSDT,2025-11-03 15:30:00+00:00,0.0485443156429521,True
4σ прокол 0.2%,SKLUSDT,2025-11-03 15:30:00+00:00,0.024082944045629787,True
4σ прокол 0.2%,VFYUSDT,2025-11-03 15:30:00+00:00,0.03306285043993569,True
4σ,ONEUSDT,2025-11-03 15:30:00+00:00,0.03588107524382851,True
4σ,EDUUSDT,2025-11-03 15:30:00+00:00,0.03004063984180534,True
6σ прокол 0.2%,MUBARAKUSDT,2025-11-03 15:30:00+00:00,0.0485443156429521,True
4σ,ZETAUSDT,2025-11-03 15:30:00+00:00,0.02075637508053725,True
4σ прокол 0.2%,HBARUSDT,2025-11-03 15:30:00+00:00,0.019017563209930047,True
6σ,COSUSDT,2025-11-03 15:30:00+00:00,0.033853650216186096,True
4σ прокол 0.2%,MAGICUSDT,2025-11-03 15:30:00+00:00,0.024540152659077344,True
4σ прокол 0.2%,TAUSDT,2025-11-03 15:30:00+00:00,0.038407023853506986,True
4σ,MUBARAKUSDT,2025-11-03 15:30:00+00:00,0.031198499151104467,True
6σ стоп 5D,COSUSDT,2025-11-03 15:30:00+00:00,0.033853650216186096,True
4σ прокол 0.2%,MUBARAKUSDT,2025-11-03 15:30:00+00:00,0.031198499151104467,True
4σ,ENSUSDT,2025-11-03 15:30:00+00:00,0.01959704179945239,True
4σ,BLURUSDT,2025-11-03 15:30:00+00:00,0.024269077049482182,True
4σ,VFYUSDT,2025-11-03 15:30:00+00:00,0.03306285043993569,True
6σ прокол 0.2%,TONUSDT,2025-11-03 15:30:00+00:00,0.023410871835280525,True
4σ,SPKUSDT,2025-11-03 15:30:00+00:00,0.024234808464095495,True
6σ,TLMUSDT,2025-11-03 15:30:00+00:00,0.039164817541500876,True
4σ,SPXUSDT,2025-11-03 15:30:00+00:00,0.03325514629303612,True
4σ,LUNA2USDT,2025-11-03 15:30:00+00:00,0.02523106615112143,True
4σ,PENDLEUSDT,2025-11-03 15:30:00+00:00,0.021946240774747897,True
4σ прокол 0.2%,MOVEUSDT,2025-11-03 15:30:00+00:00,0.02444711603797152,True
4σ,EPTUSDT,2025-11-03 15:30:00+00:00,0.03695685230102948,True
4σ прокол 0.2%,SANDUSDT,2025-11-03 15:30:00+00:00,0.020565572966866966,True
4σ,IMXUSDT,2025-11-03 15:30:00+00:00,0.02605296428234745,True
4σ прокол 0.2%,COSUSDT,2025-11-03 15:30:00+00:00,0.02192593692142082,True
4σ,BTRUSDT,2025-11-03 15:30:00+00:00,0.0328622200211179,True
4σ,IDUSDT,2025-11-03 15:30:00+00:00,0.02220482766526373,True
4σ прокол 0.2%,ANIMEUSDT,2025-11-03 15:30:00+00:00,0.024465484746965374,True
4σ прокол 0.2%,YGGUSDT,2025-11-03 15:30:00+00:00,0.02982144695922169,True
4σ прокол 0.2%,NXPCUSDT,2025-11-03 15:30:00+00:00,0.02044629107370262,True
4σ,GALAUSDT,2025-11-03 15:30:00+00:00,0.028213236696356073,True
4σ прокол 0.2%,LUNA2USDT,2025-11-03 15:30:00+00:00,0.02523106615112143,True
4σ,ETCUSDT,2025-11-03 15:30:00+00:00,0.01639967060234944,True
6σ,TONUSDT,2025-11-03 15:30:00+00:00,0.023410871835280525,True
4σ прокол 0.2%,EPTUSDT,2025-11-03 15:30:00+00:00,0.03695685230102948,True
4σ,MEMEUSDT,2025-11-03 15:30:00+00:00,0.029688889288050205,True
4σ прокол 0.2%,SPKUSDT,2025-11-03 15:30:00+00:00,0.024234808464095495,True
4σ,MOODENGUSDT,2025-11-03 15:30:00+00:00,0.024614276416318373,True
4σ,ANIMEUSDT,2025-11-03 15:30:00+00:00,0.024465484746965374,True
4σ,TAUSDT,2025-11-03 15:30:00+00:00,0.038407023853506986,True
4σ прокол 0.2%,ONEUSDT,2025-11-03 15:30:00+00:00,0.03588107524382851,True
4σ,ALGOUSDT,2025-11-03 15:30:00+00:00,0.021122795130223262,True
4σ прокол 0.2%,MOODENGUSDT,2025-11-03 15:30:00+00:00,0.024614276416318373,True
4σ,GRTUSDT,2025-11-03 15:30:00+00:00,0.021581385354179042,True
4σ,NXPCUSDT,2025-11-03 15:30:00+00:00,0.02044629107370262,True
4σ прокол 0.2%,BOMEUSDT,2025-11-03 15:30:00+00:00,0.029411096356673785,True
4σ прокол 0.2%,PENDLEUSDT,2025-11-03 15:30:00+00:00,0.021946240774747897,True
4σ,CHILLGUYUSDT,2025-11-03 15:30:00+00:00,0.034583088605275106,True
4σ,ZILUSDT,2025-11-03 15:30:00+00:00,0.024548341749907235,True
4σ прокол 0.2%,GRTUSDT,2025-11-03 15:30:00+00:00,0.021581385354179042,True
4σ прокол 0.2%,JTOUSDT,2025-11-03 15:30:00+00:00,0.024522068955004042,True
6σ прокол 0.2%,CATIUSDT,2025-11-03 15:30:00+00:00,0.042238323080465004,True
6σ стоп 5D,CATIUSDT,2025-11-03 15:30:00+00:00,0.042238323080465004,True
4σ,WALUSDT,2025-11-03 15:30:00+00:00,0.023785276044093487,True
4σ,COSUSDT,2025-11-03 15:30:00+00:00,0.02192593692142082,True
6σ стоп 5D,TONUSDT,2025-11-03 15:30:00+00:00,0.023410871835280525,True
4σ прокол 0.2%,MYROUSDT,2025-11-03 15:30:00+00:00,0.03323194990703633,True
4σ,HUMAUSDT,2025-11-03 15:30:00+00:00,0.025615311423847056,True
6σ прокол 0.2%,AGTUSDT,2025-11-03 15:30:00+00:00,0.05464769053353376,True
4σ прокол 0.2%,NOTUSDT,2025-11-03 15:30:00+00:00,0.02654817305117159,True
4σ,KAITOUSDT,2025-11-03 15:30:00+00:00,0.0204863286063985,True
4σ,JTOUSDT,2025-11-03 15:30:00+00:00,0.024522068955004042,True
4σ прокол 0.2%,1000SHIBUSDT,2025-11-03 15:30:00+00:00,0.014358397681956524,False
6σ,CATIUSDT,2025-11-03 15:30:00+00:00,0.042238323080465004,True
6σ,LRCUSDT,2025-11-03 15:30:00+00:00,0.03501354507098538,True
4σ прокол 0.2%,JASMYUSDT,2025-11-03 15:30:00+00:00,0.022411153834131795,True
4σ,CATIUSDT,2025-11-03 15:30:00+00:00,0.02723987024211967,True
4σ прокол 0.2%,INJUSDT,2025-11-03 15:30:00+00:00,0.023822587379767016,True
4σ,TURBOUSDT,2025-11-03 15:30:00+00:00,0.02685569538243411,False
6σ стоп 5D,LRCUSDT,2025-11-03 15:30:00+00:00,0.03501354507098538,True
6σ прокол 0.2%,TLMUSDT,2025-11-03 15:30:00+00:00,0.039164817541500876,True
4σ прокол 0.2%,SUSDT,2025-11-03 15:30:00+00:00,0.028250287579417457,True
4σ,UMAUSDT,2025-11-03 15:30:00+00:00,0.021537047498129527,True
6σ,MAGICUSDT,2025-11-03 15:30:00+00:00,0.03796711058366027,True
4σ прокол 0.2%,CHILLGUYUSDT,2025-11-03 15:30:00+00:00,0.034583088605275106,True
4σ,BROCCOLI714USDT,2025-11-03 15:30:00+00:00,0.03226029254938974,False
6σ стоп 5D,AGTUSDT,2025-11-03 15:30:00+00:00,0.05464769053353376,True
4σ прокол 0.2%,KAITOUSDT,2025-11-03 15:30:00+00:00,0.0204863286063985,True
4σ прокол 0.2%,BANANAUSDT,2025-11-03 15:30:00+00:00,0.02542817375474256,True
4σ прокол 0.2%,MEMEUSDT,2025-11-03 15:30:00+00:00,0.029688889288050205,True
4σ прокол 0.2%,TURBOUSDT,2025-11-03 15:30:00+00:00,0.02685569538243411,False
4σ прокол 0.2%,CATIUSDT,2025-11-03 15:30:00+00:00,0.02723987024211967,True
4σ,TLMUSDT,2025-11-03 15:30:00+00:00,0.02529870205574132,True
4σ,SKLUSDT,2025-11-03 15:30:00+00:00,0.024082944045629787,True
6σ стоп 5D,MAGICUSDT,2025-11-03 15:30:00+00:00,0.03796711058366027,True
4σ прокол 0.2%,WUSDT,2025-11-03 15:30:00+00:00,0.024598423135641048,True
4σ,HBARUSDT,2025-11-03 15:30:00+00:00,0.019017563209930047,True
4σ,MOVEUSDT,2025-11-03 15:30:00+00:00,0.02444711603797152,True
4σ прокол 0.2%,EDUUSDT,2025-11-03 15:30:00+00:00,0.03004063984180534,True
4σ,1000FLOKIUSDT,2025-11-03 15:30:00+00:00,0.02272941553412862,True
4σ,AEVOUSDT,2025-11-03 15:30:00+00:00,0.029617550525114347,True
4σ прокол 0.2%,TLMUSDT,2025-11-03 15:30:00+00:00,0.02529870205574132,True
4σ,WUSDT,2025-11-03 15:30:00+00:00,0.024598423135641048,True
4σ,SUSDT,2025-11-03 15:30:00+00:00,0.028250287579417457,True
4σ прокол 0.2%,BTRUSDT,2025-11-03 15:30:00+00:00,0.0328622200211179,True
4σ прокол 0.2%,IDUSDT,2025-11-03 15:30:00+00:00,0.02220482766526373,True
4σ прокол 0.2%,SNXUSDT,2025-11-03 15:30:00+00:00,0.03546725107211497,True
6σ стоп 5D,TLMUSDT,2025-11-03 15:30:00+00:00,0.039164817541500876,True
4σ прокол 0.2%,ENSUSDT,2025-11-03 15:30:00+00:00,0.01959704179945239,True
4σ,TIAUSDT,2025-11-03 15:30:00+00:00,0.025928838608393526,True
6σ прокол 0.2%,LRCUSDT,2025-11-03 15:30:00+00:00,0.03501354507098538,True
4σ прокол 0.2%,GALAUSDT,2025-11-03 15:30:00+00:00,0.028213236696356073,True
4σ прокол 0.2%,ENSOUSDT,2025-11-03 15:30:00+00:00,0.03515144553323109,True
4σ,MYROUSDT,2025-11-03 15:30:00+00:00,0.03323194990703633,True
4σ прокол 0.2%,TIAUSDT,2025-11-03 15:30:00+00:00,0.025928838608393526,True
6σ,ENSOUSDT,2025-11-03 15:30:00+00:00,0.05489291122151192,True
4σ прокол 0.2%,WALUSDT,2025-11-03 15:30:00+00:00,0.023785276044093487,True
6σ стоп 5D,ENSOUSDT,2025-11-03 15:30:00+00:00,0.05489291122151192,True
4σ,HYPERUSDT,2025-11-03 15:30:00+00:00,0.024986002817889166,True
6σ прокол 0.2%,ENSOUSDT,2025-11-03 15:30:00+00:00,0.05489291122151192,True
4σ,JASMYUSDT,2025-11-03 15:30:00+00:00,0.022411153834131795,True
4σ,IOTAUSDT,2025-11-03 15:30:00+00:00,0.023167866470162626,True
4σ,AIUSDT,2025-11-03 15:30:00+00:00,0.027456863086332953,True
4σ,ENSOUSDT,2025-11-03 15:30:00+00:00,0.03515144553323109,True
4σ,SNXUSDT,2025-11-03 15:30:00+00:00,0.03546725107211497,True
6σ,AGTUSDT,2025-11-03 15:30:00+00:00,0.05464769053353376,True
6σ прокол 0.2%,MAGICUSDT,2025-11-03 15:30:00+00:00,0.03796711058366027,True
4σ,BANANAUSDT,2025-11-03 15:30:00+00:00,0.02542817375474256,True
4σ прокол 0.2%,1000FLOKIUSDT,2025-11-03 15:30:00+00:00,0.02272941553412862,True
4σ прокол 0.2%,AIUSDT,2025-11-03 15:30:00+00:00,0.027456863086332953,True
4σ прокол 0.2%,NEIROUSDT,2025-11-03 15:30:00+00:00,0.02933909486275872,False
4σ прокол 0.2%,PARTIUSDT,2025-11-03 15:30:00+00:00,0.02836735872946901,True
4σ,SUSHIUSDT,2025-11-03 15:30:00+00:00,0.023125581874779713,True
4σ,MAVUSDT,2025-11-03 15:30:00+00:00,0.028976253714974656,True
4σ,BIOUSDT,2025-11-03 15:30:00+00:00,0.028502780167130662,True
4σ прокол 0.2%,HOOKUSDT,2025-11-03 15:30:00+00:00,0.02857979955623864,True
4σ прокол 0.2%,ALPINEUSDT,2025-11-03 15:30:00+00:00,0.022128490079086086,True
4σ прокол 0.2%,BIOUSDT,2025-11-03 15:30:00+00:00,0.028502780167130662,True
4σ прокол 0.2%,USUALUSDT,2025-11-03 15:30:00+00:00,0.027332432558336353,True
4σ,GOATUSDT,2025-11-03 15:30:00+00:00,0.03086827752007655,True
4σ,BSVUSDT,2025-11-03 15:30:00+00:00,0.019370399688653575,True
4σ,ARKMUSDT,2025-11-03 15:30:00+00:00,0.02971501034843134,True
4σ прокол 0.2%,PYTHUSDT,2025-11-03 15:30:00+00:00,0.024487086373820424,True
6σ,PEOPLEUSDT,2025-11-03 15:30:00+00:00,0.04387211877202542,True
4σ,CUSDT,2025-11-03 15:30:00+00:00,0.028165326325745046,True
4σ,PARTIUSDT,2025-11-03 15:30:00+00:00,0.02836735872946901,True
6σ,BROCCOLIF3BUSDT,2025-11-03 15:30:00+00:00,0.0028069221118902925,False
4σ,SOMIUSDT,2025-11-03 15:30:00+00:00,0.02824175971528571,True
4σ прокол 0.2%,GOATUSDT,2025-11-03 15:30:00+00:00,0.03086827752007655,True
4σ,BOMEUSDT,2025-11-03 15:30:00+00:00,0.029411096356673785,True
4σ,MYXUSDT,2025-11-03 15:30:00+00:00,0.05044931780432478,True
4σ,HOOKUSDT,2025-11-03 15:30:00+00:00,0.02857979955623864,True
6σ стоп 5D,PEOPLEUSDT,2025-11-03 15:30:00+00:00,0.04387211877202542,True
6σ стоп 5D,BROCCOLIF3BUSDT,2025-11-03 15:30:00+00:00,0.0028069221118902925,False
6σ прокол 0.2%,ALPINEUSDT,2025-11-03 15:30:00+00:00,0.03417158062986743,True
4σ прокол 0.2%,RDNTUSDT,2025-11-03 15:30:00+00:00,0.028127033103091795,True
4σ,GPSUSDT,2025-11-03 15:30:00+00:00,0.033756416753602594,True
4σ прокол 0.2%,SUSHIUSDT,2025-11-03 15:30:00+00:00,0.023125581874779713,True
4σ,RDNTUSDT,2025-11-03 15:30:00+00:00,0.028127033103091795,True
6σ стоп 5D,ALPINEUSDT,2025-11-03 15:30:00+00:00,0.03417158062986743,True
4σ прокол 0.2%,MANTAUSDT,2025-11-03 15:30:00+00:00,0.036772181063365175,True
4σ,RESOLVUSDT,2025-11-03 15:30:00+00:00,0.03124460427597038,True
4σ,SSVUSDT,2025-11-03 15:30:00+00:00,0.02586784624296419,True
4σ,MANTAUSDT,2025-11-03 15:30:00+00:00,0.036772181063365175,True
6σ прокол 0.2%,COSUSDT,2025-11-03 15:30:00+00:00,0.033853650216186096,True
4σ,ONDOUSDT,2025-11-03 15:30:00+00:00,0.019592633062571044,True
4σ прокол 0.2%,CUSDT,2025-11-03 15:30:00+00:00,0.028165326325745046,True
4σ прокол 0.2%,MAVUSDT,2025-11-03 15:30:00+00:00,0.028976253714974656,True
4σ прокол 0.2%,RENDERUSDT,2025-11-03 15:30:00+00:00,0.024044253265859974,True
4σ,RENDERUSDT,2025-11-03 15:30:00+00:00,0.024044253265859974,True
4σ,ARBUSDT,2025-11-03 15:30:00+00:00,0.022923687265966122,True
4σ прокол 0.2%,SSVUSDT,2025-11-03 15:30:00+00:00,0.02586784624296419,True
4σ,THEUSDT,2025-11-03 15:30:00+00:00,0.02626917399184521,True
4σ прокол 0.2%,THEUSDT,2025-11-03 15:30:00+00:00,0.02626917399184521,True
4σ,1000SHIBUSDT,2025-11-03 15:30:00+00:00,0.014358397681956524,False
4σ прокол 0.2%,REDUSDT,2025-11-03 15:30:00+00:00,0.020659925915037472,True
4σ,REDUSDT,2025-11-03 15:30:00+00:00,0.020659925915037472,True
4σ прокол 0.2%,ARKMUSDT,2025-11-03 15:30:00+00:00,0.02971501034843134,True
4σ,TREEUSDT,2025-11-03 15:30:00+00:00,0.027904126482408656,True
4σ,USUALUSDT,2025-11-03 15:30:00+00:00,0.027332432558336353,True
4σ прокол 0.2%,ARBUSDT,2025-11-03 15:30:00+00:00,0.022923687265966122,True
4σ,NEIROUSDT,2025-11-03 15:30:00+00:00,0.02933909486275872,False
4σ прокол 0.2%,MYXUSDT,2025-11-03 15:30:00+00:00,0.05044931780432478,True
4σ,EIGENUSDT,2025-11-03 15:30:00+00:00,0.027375182200635576,True
4σ,PYTHUSDT,2025-11-03 15:30:00+00:00,0.024487086373820424,True
4σ прокол 0.2%,COMPUSDT,2025-11-03 15:30:00+00:00,0.020286838504407448,True
6σ прокол 0.2%,STOUSDT,2025-11-03 15:30:00+00:00,0.03383693769250669,True
4σ,RAREUSDT,2025-11-03 15:30:00+00:00,0.025383885204950787,True
6σ стоп 5D,ORDIUSDT,2025-11-03 15:30:00+00:00,0.042834218048324726,True
4σ прокол 0.2%,IOUSDT,2025-11-03 15:30:00+00:00,0.026364852252518126,True
4σ,LDOUSDT,2025-11-03 15:30:00+00:00,0.022429099852189396,True
6σ стоп 5D,HOOKUSDT,2025-11-03 15:30:00+00:00,0.04436703915581992,True
6σ прокол 0.2%,LQTYUSDT,2025-11-03 15:30:00+00:00,0.04028984662705844,True
4σ,BABYUSDT,2025-11-03 15:30:00+00:00,0.025483630139205807,True
4σ,LQTYUSDT,2025-11-03 15:30:00+00:00,0.026010147841331224,True
4σ,IOUSDT,2025-11-03 15:30:00+00:00,0.026364852252518126,True
4σ прокол 0.2%,POLUSDT,2025-11-03 15:30:00+00:00,0.0180858549477156,True
6σ,ORDIUSDT,2025-11-03 15:30:00+00:00,0.042834218048324726,True
4σ прокол 0.2%,LQTYUSDT,2025-11-03 15:30:00+00:00,0.026010147841331224,True
4σ,COMPUSDT,2025-11-03 15:30:00+00:00,0.020286838504407448,True
4σ прокол 0.2%,CHRUSDT,2025-11-03 15:30:00+00:00,0.030954162284638945,True
4σ,CHRUSDT,2025-11-03 15:30:00+00:00,0.030954162284638945,True
4σ,ARPAUSDT,2025-11-03 15:30:00+00:00,0.022922821175980837,True
4σ,ALPINEUSDT,2025-11-03 15:30:00+00:00,0.022128490079086086,True
4σ прокол 0.2%,POPCATUSDT,2025-11-03 15:30:00+00:00,0.03131335078134008,True
4σ прокол 0.2%,AI16ZUSDT,2025-11-03 15:30:00+00:00,0.038664041716647904,True
4σ прокол 0.2%,ARPAUSDT,2025-11-03 15:30:00+00:00,0.022922821175980837,True
4σ,POPCATUSDT,2025-11-03 15:30:00+00:00,0.03131335078134008,True
4σ,AI16ZUSDT,2025-11-03 15:30:00+00:00,0.038664041716647904,True
6σ прокол 0.2%,ORDIUSDT,2025-11-03 15:30:00+00:00,0.042834218048324726,True
4σ прокол 0.2%,RAREUSDT,2025-11-03 15:30:00+00:00,0.025383885204950787,True
4σ,APEUSDT,2025-11-03 15:30:00+00:00,0.023451508611034025,True
6σ стоп 5D,STOUSDT,2025-11-03 15:30:00+00:00,0.03383693769250669,True
6σ прокол 0.2%,BROCCOLIF3BUSDT,2025-11-03 15:30:00+00:00,0.0028069221118902925,False
6σ прокол 0.2%,HOOKUSDT,2025-11-03 15:30:00+00:00,0.04436703915581992,True
6σ прокол 0.2%,PEOPLEUSDT,2025-11-03 15:30:00+00:00,0.04387211877202542,True
4σ прокол 0.2%,JUPUSDT,2025-11-03 15:30:00+00:00,0.021807381553104313,True
4σ прокол 0.2%,ROSEUSDT,2025-11-03 15:30:00+00:00,0.029570500520474677,True
4σ прокол 0.2%,EIGENUSDT,2025-11-03 15:30:00+00:00,0.027375182200635576,True
4σ прокол 0.2%,LDOUSDT,2025-11-03 15:30:00+00:00,0.022429099852189396,True
4σ прокол 0.2%,UMAUSDT,2025-11-03 15:30:00+00:00,0.021537047498129527,True
4σ прокол 0.2%,GPSUSDT,2025-11-03 15:30:00+00:00,0.033756416753602594,True
4σ прокол 0.2%,APEUSDT,2025-11-03 15:30:00+00:00,0.023451508611034025,True
4σ,ROSEUSDT,2025-11-03 15:30:00+00:00,0.029570500520474677,True
4σ прокол 0.2%,AVAUSDT,2025-11-03 15:30:00+00:00,0.025143941436104725,True
6σ,LQTYUSDT,2025-11-03 15:30:00+00:00,0.04028984662705844,True
6σ,HOOKUSDT,2025-11-03 15:30:00+00:00,0.04436703915581992,True
4σ,GRIFFAINUSDT,2025-11-03 15:30:00+00:00,0.04079418149202958,True
4σ прокол 0.2%,GRIFFAINUSDT,2025-11-03 15:30:00+00:00,0.04079418149202958,True
6σ,STOUSDT,2025-11-03 15:30:00+00:00,0.03383693769250669,True
6σ стоп 5D,LQTYUSDT,2025-11-03 15:30:00+00:00,0.04028984662705844,True
4σ,AIXBTUSDT,2025-11-03 15:30:00+00:00,0.0331071817790702,True
6σ прокол 0.2%,TRBUSDT,2025-11-03 15:30:00+00:00,0.036297630544194395,True
6σ стоп 5D,TRBUSDT,2025-11-03 15:30:00+00:00,0.036297630544194395,True
6σ,TRBUSDT,2025-11-03 15:30:00+00:00,0.036297630544194395,True
4σ,POLUSDT,2025-11-03 15:30:00+00:00,0.0180858549477156,True
4σ прокол 0.2%,AIXBTUSDT,2025-11-03 15:30:00+00:00,0.0331071817790702,True
4σ,YGGUSDT,2025-11-03 15:30:00+00:00,0.02982144695922169,True
4σ,AVAUSDT,2025-11-03 15:30:00+00:00,0.025143941436104725,True
4σ прокол 0.2%,SPXUSDT,2025-11-03 15:30:00+00:00,0.03325514629303612,True
6σ стоп 5D,NEOUSDT,2025-11-03 15:30:00+00:00,0.032729596674222,True
4σ прокол 0.2%,MANAUSDT,2025-11-03 15:30:00+00:00,0.020994748112291586,True
4σ прокол 0.2%,MEUSDT,2025-11-03 15:30:00+00:00,0.024557462350677642,True
4σ прокол 0.2%,PNUTUSDT,2025-11-03 15:30:00+00:00,0.02611054352705451,True
4σ,MEUSDT,2025-11-03 15:30:00+00:00,0.024557462350677642,True
4σ прокол 0.2%,1000CATUSDT,2025-11-03 15:30:00+00:00,0.025559947177531142,True
4σ прокол 0.2%,TREEUSDT,2025-11-03 15:30:00+00:00,0.027904126482408656,True
4σ прокол 0.2%,REZUSDT,2025-11-03 15:30:00+00:00,0.0331463331692647,True
6σ стоп 5D,PHBUSDT,2025-11-03 15:30:00+00:00,0.04768100777627522,True
4σ,SANDUSDT,2025-11-03 15:30:00+00:00,0.020565572966866966,True
4σ,BBUSDT,2025-11-03 15:30:00+00:00,0.03197916949702191,True
4σ,REZUSDT,2025-11-03 15:30:00+00:00,0.0331463331692647,True
4σ прокол 0.2%,RVNUSDT,2025-11-03 15:30:00+00:00,0.02149965377427661,True
4σ прокол 0.2%,STXUSDT,2025-11-03 15:30:00+00:00,0.02112473915630693,True
6σ,NEOUSDT,2025-11-03 15:30:00+00:00,0.032729596674222,True
4σ,RVNUSDT,2025-11-03 15:30:00+00:00,0.02149965377427661,True
6σ,PHBUSDT,2025-11-03 15:30:00+00:00,0.04768100777627522,True
4σ,STXUSDT,2025-11-03 15:30:00+00:00,0.02112473915630693,True
4σ прокол 0.2%,BRETTUSDT,2025-11-03 15:30:00+00:00,0.029669771731250363,True
6σ прокол 0.2%,BELUSDT,2025-11-03 15:30:00+00:00,0.04457592472610701,True
4σ прокол 0.2%,MEWUSDT,2025-11-03 15:30:00+00:00,0.022355424357083334,True
6σ,BELUSDT,2025-11-03 15:30:00+00:00,0.04457592472610701,True
4σ прокол 0.2%,PHBUSDT,2025-11-03 15:30:00+00:00,0.03065845723496126,True
4σ прокол 0.2%,THETAUSDT,2025-11-03 15:30:00+00:00,0.023371579114792554,True
4σ,BRETTUSDT,2025-11-03 15:30:00+00:00,0.029669771731250363,True
4σ прокол 0.2%,BBUSDT,2025-11-03 15:30:00+00:00,0.03197916949702191,True
6σ стоп 5D,BELUSDT,2025-11-03 15:30:00+00:00,0.04457592472610701,True
4σ,MANAUSDT,2025-11-03 15:30:00+00:00,0.020994748112291586,True
4σ прокол 0.2%,RESOLVUSDT,2025-11-03 15:30:00+00:00,0.03124460427597038,True
4σ прокол 0.2%,TRUUSDT,2025-11-03 15:30:00+00:00,0.032914745682575755,True
6σ,ALPINEUSDT,2025-11-03 15:30:00+00:00,0.03417158062986743,True
6σ прокол 0.2%,NEOUSDT,2025-11-03 15:30:00+00:00,0.032729596674222,True
4σ,TRUUSDT,2025-11-03 15:30:00+00:00,0.032914745682575755,True
4σ,JUPUSDT,2025-11-03 15:30:00+00:00,0.021807381553104313,True
4σ,PHBUSDT,2025-11-03 15:30:00+00:00,0.03065845723496126,True
4σ,MEWUSDT,2025-11-03 15:30:00+00:00,0.022355424357083334,True
4σ прокол 0.2%,AEVOUSDT,2025-11-03 15:30:00+00:00,0.029617550525114347,True
6σ прокол 0.2%,PHBUSDT,2025-11-03 15:30:00+00:00,0.04768100777627522,True
4σ,THETAUSDT,2025-11-03 15:30:00+00:00,0.023371579114792554,True
4σ,1000CATUSDT,2025-11-03 15:30:00+00:00,0.025559947177531142,True
4σ,PNUTUSDT,2025-11-03 15:30:00+00:00,0.02611054352705451,True
4σ прокол 0.2%,ETCUSDT,2025-11-03 15:30:00+00:00,0.01639967060234944,True
4σ,AVAAIUSDT,2025-11-03 15:30:00+00:00,0.054084126346297626,True
4σ,DAMUSDT,2025-11-03 15:31:00+00:00,0.04496853104942962,True
4σ прокол 0.2%,BROCCOLI714USDT,2025-11-03 15:31:00+00:00,0.04352866323283862,False
6σ прокол 0.2%,TRADOORUSDT,2025-11-03 15:31:00+00:00,0.04339278019444577,False
6σ стоп 5D,TRADOORUSDT,2025-11-03 15:31:00+00:00,0.04339278019444577,False
6σ,TRADOORUSDT,2025-11-03 15:31:00+00:00,0.04339278019444577,False
4σ,ARIAUSDT,2025-11-03 15:31:00+00:00,0.03897900800509575,True
4σ,LYNUSDT,2025-11-03 15:31:00+00:00,0.033530519467842315,True
6σ стоп 5D,ARIAUSDT,2025-11-03 15:31:00+00:00,0.061089924225970996,True
4σ прокол 0.2%,ARIAUSDT,2025-11-03 15:31:00+00:00,0.03897900800509575,True
6σ прокол 0.2%,ARIAUSDT,2025-11-03 15:31:00+00:00,0.061089924225970996,True
4σ прокол 0.2%,TRADOORUSDT,2025-11-03 15:31:00+00:00,0.027967006735793956,False
4σ,TRADOORUSDT,2025-11-03 15:31:00+00:00,0.027967006735793956,False
4σ,AKEUSDT,2025-11-03 15:31:00+00:00,0.033925744445542264,True
4σ прокол 0.2%,AKEUSDT,2025-11-03 15:31:00+00:00,0.033925744445542264,True
4σ прокол 0.2%,DAMUSDT,2025-11-03 15:31:00+00:00,0.04496853104942962,True
6σ,ARIAUSDT,2025-11-03 15:31:00+00:00,0.061089924225970996,True
4σ,METUSDT,2025-11-03 16:06:00+00:00,0.036902014312895484,True
6σ,METUSDT,2025-11-03 16:06:00+00:00,0.057721053852011164,True
6σ стоп 5D,METUSDT,2025-11-03 16:06:00+00:00,0.057721053852011164,True
4σ прокол 0.2%,METUSDT,2025-11-03 16:06:00+00:00,0.036902014312895484,True
6σ прокол 0.2%,METUSDT,2025-11-03 16:06:00+00:00,0.057721053852011164,True
4σ прокол 0.2%,FLMUSDT,2025-11-04 10:05:00+00:00,0.09478936868303761,True
4σ,FLMUSDT,2025-11-04 10:05:00+00:00,0.09478936868303761,True
4σ прокол 0.2%,BANKUSDT,2025-11-04 18:49:00+00:00,0.025954509856895583,True
4σ,BANKUSDT,2025-11-04 18:49:00+00:00,0.025954509856895583,True
4σ,RESOLVUSDT,2025-11-04 22:11:00+00:00,0.07580868651342282,True
4σ прокол 0.2%,RESOLVUSDT,2025-11-04 22:11:00+00:00,0.07580868651342282,True
4σ,HIPPOUSDT,2025-11-05 17:45:00+00:00,0.06793674527604482,True
4σ прокол 0.2%,HUMAUSDT,2025-11-05 18:13:00+00:00,0.08192884167489084,True
6σ стоп 5D,HUMAUSDT,2025-11-05 18:13:00+00:00,0.13417245702014918,True
4σ,HUMAUSDT,2025-11-05 18:13:00+00:00,0.08192884167489084,True
6σ прокол 0.2%,HUMAUSDT,2025-11-05 18:13:00+00:00,0.13417245702014918,True
6σ,HUMAUSDT,2025-11-05 18:13:00+00:00,0.13417245702014918,True
4σ прокол 0.2%,MITOUSDT,2025-11-05 21:57:00+00:00,0.07655749356792513,True
4σ,MITOUSDT,2025-11-05 21:57:00+00:00,0.07655749356792513,True
4σ,TLMUSDT,2025-11-06 12:20:00+00:00,-0.03877876371607489,True
4σ прокол 0.2%,TLMUSDT,2025-11-06 12:20:00+00:00,-0.03877876371607489,True
4σ,LUMIAUSDT,2025-11-06 12:58:00+00:00,0.03619155144968374,True
4σ прокол 0.2%,LUMIAUSDT,2025-11-06 12:58:00+00:00,0.03619155144968374,True
4σ прокол 0.2%,HIPPOUSDT,2025-11-06 22:05:00+00:00,0.20728489054283367,True
4σ,HIPPOUSDT,2025-11-06 22:05:00+00:00,0.20728489054283367,True
4σ прокол 0.2%,PHBUSDT,2025-11-07 10:51:00+00:00,0.048307180876652825,True
4σ,PHBUSDT,2025-11-07 10:51:00+00:00,0.048307180876652825,True
4σ,C98USDT,2025-11-07 17:06:00+00:00,-0.02174637123379194,True
4σ прокол 0.2%,C98USDT,2025-11-07 17:06:00+00:00,-0.02174637123379194,True
4σ,ALPINEUSDT,2025-11-07 18:28:00+00:00,0.008828582227766085,True
6σ стоп 5D,ALPINEUSDT,2025-11-07 18:28:00+00:00,0.053694163097190065,True
4σ прокол 0.2%,ALPINEUSDT,2025-11-07 18:28:00+00:00,0.008828582227766085,True
6σ,ALPINEUSDT,2025-11-07 18:28:00+00:00,0.053694163097190065,True
6σ прокол 0.2%,ALPINEUSDT,2025-11-07 18:28:00+00:00,0.053694163097190065,True
4σ,ZKCUSDT,2025-11-07 20:42:00+00:00,0.035913349340925785,True
4σ прокол 0.2%,ZKCUSDT,2025-11-07 20:42:00+00:00,0.035913349340925785,True
4σ,UMAUSDT,2025-11-09 09:10:00+00:00,0.06937206155098291,True
6σ,TOWNSUSDT,2025-11-09 17:02:00+00:00,0.13602760673738884,True
6σ стоп 5D,TOWNSUSDT,2025-11-09 17:02:00+00:00,0.13602760673738884,True
4σ прокол 0.2%,TOWNSUSDT,2025-11-09 17:02:00+00:00,0.08296916718814712,True
6σ прокол 0.2%,TOWNSUSDT,2025-11-09 17:02:00+00:00,0.13602760673738884,True
4σ,TOWNSUSDT,2025-11-09 17:02:00+00:00,0.08296916718814712,True
4σ,TREEUSDT,2025-11-11 01:10:00+00:00,0.07890102948686989,True
4σ прокол 0.2%,TREEUSDT,2025-11-11 01:10:00+00:00,0.07890102948686989,True
4σ прокол 0.2%,UBUSDT,2025-11-14 06:48:00+00:00,-0.040621414875764955,True
4σ,UBUSDT,2025-11-14 06:48:00+00:00,-0.040621414875764955,True
4σ,HIPPOUSDT,2025-11-14 08:14:00+00:00,-0.7464204166999968,True
6σ прокол 0.2%,HIPPOUSDT,2025-11-14 08:14:00+00:00,-0.735916114697315,True
6σ,HIPPOUSDT,2025-11-14 08:14:00+00:00,-0.735916114697315,True
4σ прокол 0.2%,HIPPOUSDT,2025-11-14 08:14:00+00:00,-0.7464204166999968,True
6σ стоп 5D,HIPPOUSDT,2025-11-14 08:14:00+00:00,-0.5519785119740321,True
4σ прокол 0.2%,RIVERUSDT,2025-11-14 14:58:00+00:00,0.029403690145197017,True
4σ,RIVERUSDT,2025-11-14 14:58:00+00:00,0.029403690145197017,True
4σ,OLUSDT,2025-11-15 16:15:00+00:00,0.028429759074135988,True
4σ прокол 0.2%,OLUSDT,2025-11-15 16:15:00+00:00,0.028429759074135988,True
4σ прокол 0.2%,GLMUSDT,2025-11-16 14:12:00+00:00,0.025905475928654068,True
4σ,GLMUSDT,2025-11-16 14:12:00+00:00,0.025905475928654068,True
4σ прокол 0.2%,NEIROUSDT,2025-11-16 17:24:00+00:00,-0.02095405821176041,False
4σ,NEIROUSDT,2025-11-16 17:24:00+00:00,-0.02095405821176041,False
4σ,GALAUSDT,2025-11-16 18:22:00+00:00,-0.020709434066083356,True
4σ прокол 0.2%,GALAUSDT,2025-11-16 18:22:00+00:00,-0.020709434066083356,True
4σ,BASUSDT,2025-11-19 14:23:00+00:00,0.06814496964253597,False
6σ стоп 5D,STOUSDT,2025-11-19 17:36:00+00:00,0.02617376935374778,True
6σ прокол 0.2%,STOUSDT,2025-11-19 17:36:00+00:00,0.02617376935374778,True
6σ,STOUSDT,2025-11-19 17:36:00+00:00,0.02617376935374778,True
6σ прокол 0.2%,BDXNUSDT,2025-11-19 18:17:00+00:00,0.022388027485355136,True
6σ,BDXNUSDT,2025-11-19 18:17:00+00:00,0.022388027485355136,True
6σ стоп 5D,BDXNUSDT,2025-11-19 18:17:00+00:00,0.022388027485355136,True
4σ,1000000BOBUSDT,2025-11-20 11:50:00+00:00,0.030720890626874733,False
4σ прокол 0.2%,1000000BOBUSDT,2025-11-20 11:50:00+00:00,0.030720890626874733,False
4σ прокол 0.2%,FUSDT,2025-11-20 16:22:00+00:00,0.023567800654069562,True
4σ,FUSDT,2025-11-20 16:22:00+00:00,0.023567800654069562,True
4σ,HANAUSDT,2025-11-20 17:33:00+00:00,-0.029580121980786713,True
4σ прокол 0.2%,HANAUSDT,2025-11-20 17:33:00+00:00,-0.029580121980786713,True
4σ прокол 0.2%,XNYUSDT,2025-11-20 22:36:00+00:00,-0.03624306783848716,True
4σ,XNYUSDT,2025-11-20 22:36:00+00:00,-0.03624306783848716,True
4σ прокол 0.2%,PENDLEUSDT,2025-11-21 07:33:00+00:00,0.028487029336802874,True
4σ прокол 0.2%,LYNUSDT,2025-11-21 07:33:00+00:00,0.02822608607022943,True
4σ,LYNUSDT,2025-11-21 07:33:00+00:00,0.02822608607022943,True
4σ,PENDLEUSDT,2025-11-21 07:33:00+00:00,0.028487029336802874,True
4σ прокол 0.2%,42USDT,2025-11-21 07:34:00+00:00,0.059675566423164475,False
4σ,EPTUSDT,2025-11-21 07:34:00+00:00,0.03769505038219485,True
4σ,ONTUSDT,2025-11-21 07:34:00+00:00,0.03456369682554801,True
4σ,ALPINEUSDT,2025-11-21 07:34:00+00:00,0.024884558473325227,True
4σ прокол 0.2%,HIPPOUSDT,2025-11-21 07:34:00+00:00,0.038345202295880745,True
4σ,AXLUSDT,2025-11-21 07:34:00+00:00,0.03613942064728688,True
4σ,LDOUSDT,2025-11-21 07:34:00+00:00,0.03387511188605359,True
4σ прокол 0.2%,KSMUSDT,2025-11-21 07:34:00+00:00,0.030572897848111194,True
6σ прокол 0.2%,HEMIUSDT,2025-11-21 07:34:00+00:00,0.06520373649709005,True
4σ,42USDT,2025-11-21 07:34:00+00:00,0.059675566423164475,False
4σ прокол 0.2%,ZBTUSDT,2025-11-21 07:34:00+00:00,0.032658059290987265,True
6σ,HIGHUSDT,2025-11-21 07:34:00+00:00,0.056020072677106916,True
6σ стоп 5D,42USDT,2025-11-21 07:34:00+00:00,0.0954729727791252,False
6σ прокол 0.2%,APEUSDT,2025-11-21 07:34:00+00:00,0.04864464095947492,True
4σ прокол 0.2%,AUCTIONUSDT,2025-11-21 07:34:00+00:00,0.026133195827304515,True
4σ,SPKUSDT,2025-11-21 07:34:00+00:00,0.03014136350460213,True
4σ,APEUSDT,2025-11-21 07:34:00+00:00,0.03126121857475779,True
4σ прокол 0.2%,EPTUSDT,2025-11-21 07:34:00+00:00,0.03769505038219485,True
4σ,YFIUSDT,2025-11-21 07:34:00+00:00,0.021440921718000674,True
6σ,42USDT,2025-11-21 07:34:00+00:00,0.0954729727791252,False
6σ,HEMIUSDT,2025-11-21 07:34:00+00:00,0.06520373649709005,True
4σ прокол 0.2%,LINEAUSDT,2025-11-21 07:34:00+00:00,0.033870440634721846,True
6σ стоп 5D,HEMIUSDT,2025-11-21 07:34:00+00:00,0.06520373649709005,True
4σ прокол 0.2%,CUDISUSDT,2025-11-21 07:34:00+00:00,0.041290029203194537,True
4σ прокол 0.2%,YFIUSDT,2025-11-21 07:34:00+00:00,0.021440921718000674,True
4σ прокол 0.2%,HOLOUSDT,2025-11-21 07:34:00+00:00,0.0366673622541855,True
4σ прокол 0.2%,AXLUSDT,2025-11-21 07:34:00+00:00,0.03613942064728688,True
4σ,LINEAUSDT,2025-11-21 07:34:00+00:00,0.033870440634721846,True
4σ,HIPPOUSDT,2025-11-21 07:34:00+00:00,0.038345202295880745,True
4σ,KSMUSDT,2025-11-21 07:34:00+00:00,0.030572897848111194,True
4σ прокол 0.2%,ANKRUSDT,2025-11-21 07:34:00+00:00,0.029518839380370435,True
4σ прокол 0.2%,TACUSDT,2025-11-21 07:34:00+00:00,0.03930782140794915,True
4σ прокол 0.2%,APEUSDT,2025-11-21 07:34:00+00:00,0.03126121857475779,True
4σ,MORPHOUSDT,2025-11-21 07:34:00+00:00,0.02495557113589393,True
6σ прокол 0.2%,NAORISUSDT,2025-11-21 07:34:00+00:00,0.0894537256010563,True
4σ,BERAUSDT,2025-11-21 07:34:00+00:00,0.03191808772860889,True
4σ прокол 0.2%,NOMUSDT,2025-11-21 07:34:00+00:00,0.03370784079434182,True
6σ стоп 5D,NAORISUSDT,2025-11-21 07:34:00+00:00,0.0894537256010563,True
6σ,NAORISUSDT,2025-11-21 07:34:00+00:00,0.0894537256010563,True
4σ прокол 0.2%,ARKMUSDT,2025-11-21 07:34:00+00:00,0.03872661320705824,True
4σ,BBUSDT,2025-11-21 07:34:00+00:00,0.04740460481797344,True
4σ,SUSDT,2025-11-21 07:34:00+00:00,0.03237384567776509,True
6σ,HIPPOUSDT,2025-11-21 07:34:00+00:00,0.060060352013462784,True
6σ прокол 0.2%,HIGHUSDT,2025-11-21 07:34:00+00:00,0.056020072677106916,True
4σ,TACUSDT,2025-11-21 07:34:00+00:00,0.03930782140794915,True
4σ прокол 0.2%,ALPINEUSDT,2025-11-21 07:34:00+00:00,0.024884558473325227,True
4σ прокол 0.2%,MORPHOUSDT,2025-11-21 07:34:00+00:00,0.02495557113589393,True
4σ прокол 0.2%,HIGHUSDT,2025-11-21 07:34:00+00:00,0.03584990043983578,True
4σ,NAORISUSDT,2025-11-21 07:34:00+00:00,0.05611697647032683,True
4σ,BROCCOLI714USDT,2025-11-21 07:34:00+00:00,0.04146681607973464,False
6σ,TSTUSDT,2025-11-21 07:34:00+00:00,0.056161270523405984,False
4σ прокол 0.2%,BLESSUSDT,2025-11-21 07:34:00+00:00,0.05468495821529969,True
6σ стоп 5D,NOMUSDT,2025-11-21 07:34:00+00:00,0.05256839890861893,True
4σ прокол 0.2%,BROCCOLI714USDT,2025-11-21 07:34:00+00:00,0.04146681607973464,False
4σ прокол 0.2%,CUSDT,2025-11-21 07:34:00+00:00,0.03953676745450037,True
4σ прокол 0.2%,NAORISUSDT,2025-11-21 07:34:00+00:00,0.05611697647032683,True
4σ,HIGHUSDT,2025-11-21 07:34:00+00:00,0.03584990043983578,True
4σ прокол 0.2%,BERAUSDT,2025-11-21 07:34:00+00:00,0.03191808772860889,True
4σ,BLESSUSDT,2025-11-21 07:34:00+00:00,0.05468495821529969,True
4σ,NOMUSDT,2025-11-21 07:34:00+00:00,0.03370784079434182,True
4σ,ZILUSDT,2025-11-21 07:34:00+00:00,0.0331323646467649,True
4σ,JTOUSDT,2025-11-21 07:34:00+00:00,0.032643682218128814,True
6σ,YFIUSDT,2025-11-21 07:34:00+00:00,0.033092898347926794,True
6σ прокол 0.2%,HIPPOUSDT,2025-11-21 07:34:00+00:00,0.060060352013462784,True
4σ прокол 0.2%,SUSDT,2025-11-21 07:34:00+00:00,0.03237384567776509,True
6σ стоп 5D,HIPPOUSDT,2025-11-21 07:34:00+00:00,0.060060352013462784,True
4σ,LISTAUSDT,2025-11-21 07:34:00+00:00,0.033154512822743246,True
4σ,EDENUSDT,2025-11-21 07:34:00+00:00,0.052627819835012704,True
6σ прокол 0.2%,BROCCOLI714USDT,2025-11-21 07:34:00+00:00,0.06514435768798926,False
6σ стоп 5D,YFIUSDT,2025-11-21 07:34:00+00:00,0.033092898347926794,True
4σ прокол 0.2%,YGGUSDT,2025-11-21 07:34:00+00:00,0.039166201349219734,True
6σ прокол 0.2%,CUSDT,2025-11-21 07:34:00+00:00,0.06199708922392429,True
4σ прокол 0.2%,APTUSDT,2025-11-21 07:34:00+00:00,0.030888048925826486,True
4σ,VFYUSDT,2025-11-21 07:34:00+00:00,0.038016239181662484,True
4σ,APTUSDT,2025-11-21 07:34:00+00:00,0.030888048925826486,True
4σ,HOLOUSDT,2025-11-21 07:34:00+00:00,0.0366673622541855,True
6σ стоп 5D,HIGHUSDT,2025-11-21 07:34:00+00:00,0.056020072677106916,True
4σ прокол 0.2%,ZILUSDT,2025-11-21 07:34:00+00:00,0.0331323646467649,True
4σ прокол 0.2%,MUBARAKUSDT,2025-11-21 07:34:00+00:00,0.04468911404211391,True
6σ стоп 5D,CUSDT,2025-11-21 07:34:00+00:00,0.06199708922392429,True
4σ,CUDISUSDT,2025-11-21 07:34:00+00:00,0.041290029203194537,True
4σ,MUBARAKUSDT,2025-11-21 07:34:00+00:00,0.04468911404211391,True
6σ,CUSDT,2025-11-21 07:34:00+00:00,0.06199708922392429,True
4σ прокол 0.2%,BBUSDT,2025-11-21 07:34:00+00:00,0.04740460481797344,True
6σ стоп 5D,APEUSDT,2025-11-21 07:34:00+00:00,0.04864464095947492,True
4σ прокол 0.2%,LDOUSDT,2025-11-21 07:34:00+00:00,0.03387511188605359,True
4σ прокол 0.2%,VFYUSDT,2025-11-21 07:34:00+00:00,0.038016239181662484,True
4σ,HEMIUSDT,2025-11-21 07:34:00+00:00,0.041503155292585706,True
4σ,CUSDT,2025-11-21 07:34:00+00:00,0.03953676745450037,True
4σ прокол 0.2%,HEMIUSDT,2025-11-21 07:34:00+00:00,0.041503155292585706,True
6σ стоп 5D,BROCCOLI714USDT,2025-11-21 07:34:00+00:00,0.06514435768798926,False
4σ,ARKMUSDT,2025-11-21 07:34:00+00:00,0.03872661320705824,True
4σ прокол 0.2%,PIPPINUSDT,2025-11-21 07:34:00+00:00,0.03483637794226198,True
4σ,AUCTIONUSDT,2025-11-21 07:34:00+00:00,0.026133195827304515,True
6σ,BROCCOLI714USDT,2025-11-21 07:34:00+00:00,0.06514435768798926,False
4σ,YGGUSDT,2025-11-21 07:34:00+00:00,0.039166201349219734,True
4σ прокол 0.2%,JTOUSDT,2025-11-21 07:34:00+00:00,0.032643682218128814,True
4σ,AEVOUSDT,2025-11-21 07:34:00+00:00,0.06488844879924155,True
4σ,PHAUSDT,2025-11-21 07:34:00+00:00,0.037663547031693015,True
6σ прокол 0.2%,YFIUSDT,2025-11-21 07:34:00+00:00,0.033092898347926794,True
6σ стоп 5D,TSTUSDT,2025-11-21 07:34:00+00:00,0.056161270523405984,False
6σ,NOMUSDT,2025-11-21 07:34:00+00:00,0.05256839890861893,True
6σ,APEUSDT,2025-11-21 07:34:00+00:00,0.04864464095947492,True
4σ,PIPPINUSDT,2025-11-21 07:34:00+00:00,0.03483637794226198,True
4σ,ANKRUSDT,2025-11-21 07:34:00+00:00,0.029518839380370435,True
4σ прокол 0.2%,GRTUSDT,2025-11-21 07:34:00+00:00,0.030401302247181364,True
4σ прокол 0.2%,PNUTUSDT,2025-11-21 07:34:00+00:00,0.04233905526809352,True
4σ прокол 0.2%,SKLUSDT,2025-11-21 07:34:00+00:00,0.03361347308264025,True
4σ,CAKEUSDT,2025-11-21 07:34:00+00:00,0.022262277776421827,True
4σ прокол 0.2%,CAKEUSDT,2025-11-21 07:34:00+00:00,0.022262277776421827,True
4σ прокол 0.2%,PERPUSDT,2025-11-21 07:34:00+00:00,0.04468243908947174,True
4σ,PERPUSDT,2025-11-21 07:34:00+00:00,0.04468243908947174,True
4σ прокол 0.2%,LQTYUSDT,2025-11-21 07:34:00+00:00,0.03840168089750358,True
4σ прокол 0.2%,AVNTUSDT,2025-11-21 07:34:00+00:00,0.03322061636087344,True
6σ стоп 5D,PEOPLEUSDT,2025-11-21 07:34:00+00:00,0.0646619303728237,True
4σ,WUSDT,2025-11-21 07:34:00+00:00,0.03551281801125246,True
4σ прокол 0.2%,TOWNSUSDT,2025-11-21 07:34:00+00:00,0.0383763963190142,True
6σ стоп 5D,KERNELUSDT,2025-11-21 07:34:00+00:00,0.05960880741220871,True
4σ прокол 0.2%,COMPUSDT,2025-11-21 07:34:00+00:00,0.026097210456060796,True
6σ,KERNELUSDT,2025-11-21 07:34:00+00:00,0.05960880741220871,True
4σ прокол 0.2%,WIFUSDT,2025-11-21 07:34:00+00:00,0.03995604199006038,True
6σ прокол 0.2%,KERNELUSDT,2025-11-21 07:34:00+00:00,0.05960880741220871,True
6σ,PEOPLEUSDT,2025-11-21 07:34:00+00:00,0.0646619303728237,True
6σ прокол 0.2%,COTIUSDT,2025-11-21 07:34:00+00:00,0.05610233091022572,True
4σ прокол 0.2%,VELODROMEUSDT,2025-11-21 07:34:00+00:00,0.03110007169254865,True
6σ прокол 0.2%,ZROUSDT,2025-11-21 07:34:00+00:00,0.03824884303070282,True
4σ,WIFUSDT,2025-11-21 07:34:00+00:00,0.03995604199006038,True
6σ стоп 5D,ZROUSDT,2025-11-21 07:34:00+00:00,0.03824884303070282,True
4σ прокол 0.2%,MIRAUSDT,2025-11-21 07:34:00+00:00,0.032131647869128435,True
6σ,ZROUSDT,2025-11-21 07:34:00+00:00,0.03824884303070282,True
4σ прокол 0.2%,TURTLEUSDT,2025-11-21 07:34:00+00:00,0.05102936258623343,True
4σ,AVNTUSDT,2025-11-21 07:34:00+00:00,0.03322061636087344,True
4σ прокол 0.2%,ZKCUSDT,2025-11-21 07:34:00+00:00,0.04018988138537756,True
4σ,VELODROMEUSDT,2025-11-21 07:34:00+00:00,0.03110007169254865,True
6σ стоп 5D,AVNTUSDT,2025-11-21 07:34:00+00:00,0.051785430892990106,True
6σ прокол 0.2%,AVNTUSDT,2025-11-21 07:34:00+00:00,0.051785430892990106,True
4σ,ZKCUSDT,2025-11-21 07:34:00+00:00,0.04018988138537756,True
4σ,COMPUSDT,2025-11-21 07:34:00+00:00,0.026097210456060796,True
6σ стоп 5D,ZBTUSDT,2025-11-21 07:34:00+00:00,0.05088238506245886,True
6σ,AVNTUSDT,2025-11-21 07:34:00+00:00,0.051785430892990106,True
4σ,ZROUSDT,2025-11-21 07:34:00+00:00,0.024718689820463394,True
4σ,BOMEUSDT,2025-11-21 07:34:00+00:00,0.03928491008326214,True
4σ прокол 0.2%,ARBUSDT,2025-11-21 07:34:00+00:00,0.03316703908226355,True
6σ прокол 0.2%,MLNUSDT,2025-11-21 07:34:00+00:00,0.04526254821477922,True
6σ прокол 0.2%,OMUSDT,2025-11-21 07:34:00+00:00,0.06267556543616654,True
4σ,CLOUSDT,2025-11-21 07:34:00+00:00,0.05373383453177989,True
4σ прокол 0.2%,NXPCUSDT,2025-11-21 07:34:00+00:00,0.048762807518447374,True
6σ стоп 5D,MLNUSDT,2025-11-21 07:34:00+00:00,0.04526254821477922,True
6σ,DOODUSDT,2025-11-21 07:34:00+00:00,0.051358701996418524,True
6σ,OPENUSDT,2025-11-21 07:34:00+00:00,0.05232056927518465,True
6σ,MLNUSDT,2025-11-21 07:34:00+00:00,0.04526254821477922,True
4σ прокол 0.2%,LUMIAUSDT,2025-11-21 07:34:00+00:00,0.060027984324789466,True
4σ прокол 0.2%,MEUSDT,2025-11-21 07:34:00+00:00,0.03560886800437753,True
6σ,OMUSDT,2025-11-21 07:34:00+00:00,0.06267556543616654,True
4σ прокол 0.2%,ETHFIUSDT,2025-11-21 07:34:00+00:00,0.034789856297708435,True
4σ,ETHFIUSDT,2025-11-21 07:34:00+00:00,0.034789856297708435,True
4σ,SNXUSDT,2025-11-21 07:34:00+00:00,0.036427881927641306,True
6σ стоп 5D,OMUSDT,2025-11-21 07:34:00+00:00,0.06267556543616654,True
4σ прокол 0.2%,WUSDT,2025-11-21 07:34:00+00:00,0.03551281801125246,True
6σ стоп 5D,OPENUSDT,2025-11-21 07:34:00+00:00,0.05232056927518465,True
4σ,OPENUSDT,2025-11-21 07:34:00+00:00,0.033553674806919356,True
4σ прокол 0.2%,BANANAUSDT,2025-11-21 07:34:00+00:00,0.033715880767657594,True
4σ,SKLUSDT,2025-11-21 07:34:00+00:00,0.03361347308264025,True
4σ,UMAUSDT,2025-11-21 07:34:00+00:00,0.030941187998416678,True
4σ,TOWNSUSDT,2025-11-21 07:34:00+00:00,0.0383763963190142,True
4σ прокол 0.2%,USELESSUSDT,2025-11-21 07:34:00+00:00,0.060438638611932174,True
4σ,LUMIAUSDT,2025-11-21 07:34:00+00:00,0.060027984324789466,True
6σ прокол 0.2%,OPENUSDT,2025-11-21 07:34:00+00:00,0.05232056927518465,True
4σ,2ZUSDT,2025-11-21 07:34:00+00:00,0.03460266389125706,True
4σ прокол 0.2%,XVGUSDT,2025-11-21 07:34:00+00:00,0.035917196416109756,True
4σ прокол 0.2%,OPENUSDT,2025-11-21 07:34:00+00:00,0.033553674806919356,True
4σ,ARBUSDT,2025-11-21 07:34:00+00:00,0.03316703908226355,True
6σ прокол 0.2%,TOWNSUSDT,2025-11-21 07:34:00+00:00,0.06011099271364247,True
4σ,USELESSUSDT,2025-11-21 07:34:00+00:00,0.060438638611932174,True
4σ прокол 0.2%,2ZUSDT,2025-11-21 07:34:00+00:00,0.03460266389125706,True
4σ,XVGUSDT,2025-11-21 07:34:00+00:00,0.035917196416109756,True
4σ,TURTLEUSDT,2025-11-21 07:34:00+00:00,0.05102936258623343,True
4σ прокол 0.2%,ZROUSDT,2025-11-21 07:34:00+00:00,0.024718689820463394,True
4σ прокол 0.2%,WLDUSDT,2025-11-21 07:34:00+00:00,0.03506071677089158,True
4σ прокол 0.2%,EIGENUSDT,2025-11-21 07:34:00+00:00,0.0372270758491446,True
4σ прокол 0.2%,SUSHIUSDT,2025-11-21 07:34:00+00:00,0.03482079086442687,True
4σ прокол 0.2%,UMAUSDT,2025-11-21 07:34:00+00:00,0.030941187998416678,True
4σ,USUALUSDT,2025-11-21 07:34:00+00:00,0.0427145662092749,True
4σ,TRADOORUSDT,2025-11-21 07:34:00+00:00,0.024817449197235678,False
4σ,TREEUSDT,2025-11-21 07:34:00+00:00,0.03441035147343503,True
4σ прокол 0.2%,ONDOUSDT,2025-11-21 07:34:00+00:00,0.029699153423594374,True
4σ прокол 0.2%,JUPUSDT,2025-11-21 07:34:00+00:00,0.03208128377842341,True
4σ прокол 0.2%,TRADOORUSDT,2025-11-21 07:34:00+00:00,0.024817449197235678,False
4σ,BLUAIUSDT,2025-11-21 07:34:00+00:00,0.04321842304460195,True
4σ,SSVUSDT,2025-11-21 07:34:00+00:00,0.03638761239801132,True
4σ прокол 0.2%,AVAUSDT,2025-11-21 07:34:00+00:00,0.030592929243923275,True
4σ,AVAUSDT,2025-11-21 07:34:00+00:00,0.030592929243923275,True
4σ,VELVETUSDT,2025-11-21 07:34:00+00:00,0.027819458411065992,True
4σ прокол 0.2%,SSVUSDT,2025-11-21 07:34:00+00:00,0.03638761239801132,True
4σ,ROSEUSDT,2025-11-21 07:34:00+00:00,0.036811012300782944,True
6σ прокол 0.2%,PEOPLEUSDT,2025-11-21 07:34:00+00:00,0.0646619303728237,True
4σ,SUSHIUSDT,2025-11-21 07:34:00+00:00,0.03482079086442687,True
6σ стоп 5D,BROCCOLIF3BUSDT,2025-11-21 07:34:00+00:00,0.05379892092298806,False
4σ,PYTHUSDT,2025-11-21 07:34:00+00:00,0.03478414388115754,True
4σ прокол 0.2%,AXSUSDT,2025-11-21 07:34:00+00:00,0.04128367160653475,True
4σ,EIGENUSDT,2025-11-21 07:34:00+00:00,0.0372270758491446,True
4σ прокол 0.2%,SUPERUSDT,2025-11-21 07:34:00+00:00,0.03382143379944709,True
4σ прокол 0.2%,BLUAIUSDT,2025-11-21 07:34:00+00:00,0.04321842304460195,True
4σ,AXSUSDT,2025-11-21 07:34:00+00:00,0.04128367160653475,True
6σ,BROCCOLIF3BUSDT,2025-11-21 07:34:00+00:00,0.05379892092298806,False
4σ прокол 0.2%,USUALUSDT,2025-11-21 07:34:00+00:00,0.0427145662092749,True
4σ,SUPERUSDT,2025-11-21 07:34:00+00:00,0.03382143379944709,True
6σ прокол 0.2%,BROCCOLIF3BUSDT,2025-11-21 07:34:00+00:00,0.05379892092298806,False
4σ прокол 0.2%,BIOUSDT,2025-11-21 07:34:00+00:00,0.0325376469942726,True
4σ прокол 0.2%,PYTHUSDT,2025-11-21 07:34:00+00:00,0.03478414388115754,True
4σ,BIOUSDT,2025-11-21 07:34:00+00:00,0.0325376469942726,True
6σ прокол 0.2%,TREEUSDT,2025-11-21 07:34:00+00:00,0.053698722763825216,True
4σ,PNUTUSDT,2025-11-21 07:34:00+00:00,0.04233905526809352,True
6σ стоп 5D,EIGENUSDT,2025-11-21 07:34:00+00:00,0.05824734175009878,True
6σ стоп 5D,TREEUSDT,2025-11-21 07:34:00+00:00,0.053698722763825216,True
4σ,TAGUSDT,2025-11-21 07:34:00+00:00,0.0410026450217091,False
4σ,JUPUSDT,2025-11-21 07:34:00+00:00,0.03208128377842341,True
4σ,MANAUSDT,2025-11-21 07:34:00+00:00,0.030191836531880026,True
4σ прокол 0.2%,TAGUSDT,2025-11-21 07:34:00+00:00,0.0410026450217091,False
4σ,RAREUSDT,2025-11-21 07:34:00+00:00,0.05102318819713121,True
6σ стоп 5D,ORDIUSDT,2025-11-21 07:34:00+00:00,0.06346789707899786,True
4σ,BANKUSDT,2025-11-21 07:34:00+00:00,0.047220045479579656,True
4σ,ONDOUSDT,2025-11-21 07:34:00+00:00,0.029699153423594374,True
4σ,LQTYUSDT,2025-11-21 07:34:00+00:00,0.03840168089750358,True
6σ,ORDIUSDT,2025-11-21 07:34:00+00:00,0.06346789707899786,True
6σ стоп 5D,MIRAUSDT,2025-11-21 07:34:00+00:00,0.05003831324943615,True
6σ прокол 0.2%,MIRAUSDT,2025-11-21 07:34:00+00:00,0.05003831324943615,True
4σ,WLDUSDT,2025-11-21 07:34:00+00:00,0.03506071677089158,True
4σ,MIRAUSDT,2025-11-21 07:34:00+00:00,0.032131647869128435,True
6σ,MIRAUSDT,2025-11-21 07:34:00+00:00,0.05003831324943615,True
4σ прокол 0.2%,TREEUSDT,2025-11-21 07:34:00+00:00,0.03441035147343503,True
4σ,STXUSDT,2025-11-21 07:34:00+00:00,0.027945373496259765,True
6σ стоп 5D,COTIUSDT,2025-11-21 07:34:00+00:00,0.05610233091022572,True
4σ прокол 0.2%,VELVETUSDT,2025-11-21 07:34:00+00:00,0.027819458411065992,True
6σ,TREEUSDT,2025-11-21 07:34:00+00:00,0.053698722763825216,True
6σ,EIGENUSDT,2025-11-21 07:34:00+00:00,0.05824734175009878,True
4σ,AIXBTUSDT,2025-11-21 07:34:00+00:00,0.04016440798807004,True
4σ прокол 0.2%,BANKUSDT,2025-11-21 07:34:00+00:00,0.047220045479579656,True
4σ,RVNUSDT,2025-11-21 07:34:00+00:00,0.029859402683139982,True
4σ прокол 0.2%,RVNUSDT,2025-11-21 07:34:00+00:00,0.029859402683139982,True
6σ,COTIUSDT,2025-11-21 07:34:00+00:00,0.05610233091022572,True
4σ прокол 0.2%,QTUMUSDT,2025-11-21 07:34:00+00:00,0.025622955566962438,True
4σ прокол 0.2%,1000CHEEMSUSDT,2025-11-21 07:34:00+00:00,0.041478067546635924,False
4σ прокол 0.2%,AIXBTUSDT,2025-11-21 07:34:00+00:00,0.04016440798807004,True
4σ,QTUMUSDT,2025-11-21 07:34:00+00:00,0.025622955566962438,True
4σ прокол 0.2%,RAREUSDT,2025-11-21 07:34:00+00:00,0.05102318819713121,True
4σ,1000CHEEMSUSDT,2025-11-21 07:34:00+00:00,0.041478067546635924,False
6σ прокол 0.2%,ORDIUSDT,2025-11-21 07:34:00+00:00,0.06346789707899786,True
4σ,BANANAUSDT,2025-11-21 07:34:00+00:00,0.033715880767657594,True
6σ стоп 5D,DOODUSDT,2025-11-21 07:34:00+00:00,0.051358701996418524,True
6σ прокол 0.2%,EIGENUSDT,2025-11-21 07:34:00+00:00,0.05824734175009878,True
6σ,TOWNSUSDT,2025-11-21 07:34:00+00:00,0.06011099271364247,True
4σ,EGLDUSDT,2025-11-21 07:34:00+00:00,0.029242033511928958,True
4σ,GALAUSDT,2025-11-21 07:34:00+00:00,0.038939417183741123,True
4σ,NOTUSDT,2025-11-21 07:34:00+00:00,0.043779641140573713,True
4σ,MEMEUSDT,2025-11-21 07:34:00+00:00,0.03722353570697452,True
4σ прокол 0.2%,TAUSDT,2025-11-21 07:34:00+00:00,0.050700276959011206,True
6σ прокол 0.2%,DOODUSDT,2025-11-21 07:34:00+00:00,0.051358701996418524,True
4σ прокол 0.2%,MEMEUSDT,2025-11-21 07:34:00+00:00,0.03722353570697452,True
4σ,DOODUSDT,2025-11-21 07:34:00+00:00,0.03295486498630758,True
4σ прокол 0.2%,MOVEUSDT,2025-11-21 07:34:00+00:00,0.033911757801489986,True
4σ,ENSUSDT,2025-11-21 07:34:00+00:00,0.02821586816714268,True
6σ стоп 5D,BANANAUSDT,2025-11-21 07:34:00+00:00,0.05258132574346282,True
4σ прокол 0.2%,1000FLOKIUSDT,2025-11-21 07:34:00+00:00,0.03159340254310701,True
4σ прокол 0.2%,SNXUSDT,2025-11-21 07:34:00+00:00,0.036427881927641306,True
6σ прокол 0.2%,BANANAUSDT,2025-11-21 07:34:00+00:00,0.05258132574346282,True
4σ,METISUSDT,2025-11-21 07:34:00+00:00,0.0385972480814218,True
6σ,ZBTUSDT,2025-11-21 07:34:00+00:00,0.05088238506245886,True
6σ стоп 5D,ARBUSDT,2025-11-21 07:34:00+00:00,0.051699380567051326,True
4σ прокол 0.2%,4USDT,2025-11-21 07:34:00+00:00,0.056875181589187654,True
4σ,MOVEUSDT,2025-11-21 07:34:00+00:00,0.033911757801489986,True
6σ,ILVUSDT,2025-11-21 07:34:00+00:00,0.05765513904232451,True
6σ,BANANAUSDT,2025-11-21 07:34:00+00:00,0.05258132574346282,True
6σ стоп 5D,TAUSDT,2025-11-21 07:34:00+00:00,0.08037820403706214,True
4σ,NXPCUSDT,2025-11-21 07:34:00+00:00,0.048762807518447374,True
4σ прокол 0.2%,MAGICUSDT,2025-11-21 07:34:00+00:00,0.03717146966338199,True
6σ прокол 0.2%,TAUSDT,2025-11-21 07:34:00+00:00,0.08037820403706214,True
6σ,TAUSDT,2025-11-21 07:34:00+00:00,0.08037820403706214,True
4σ прокол 0.2%,DOODUSDT,2025-11-21 07:34:00+00:00,0.03295486498630758,True
4σ,MAGICUSDT,2025-11-21 07:34:00+00:00,0.03717146966338199,True
4σ,ZBTUSDT,2025-11-21 07:34:00+00:00,0.032658059290987265,True
4σ,GLMUSDT,2025-11-21 07:34:00+00:00,0.027720215746423763,True
4σ,TAUSDT,2025-11-21 07:34:00+00:00,0.050700276959011206,True
6σ прокол 0.2%,ZBTUSDT,2025-11-21 07:34:00+00:00,0.05088238506245886,True
4σ прокол 0.2%,NOTUSDT,2025-11-21 07:34:00+00:00,0.043779641140573713,True
4σ прокол 0.2%,ILVUSDT,2025-11-21 07:34:00+00:00,0.03686128657937511,True
4σ прокол 0.2%,GALAUSDT,2025-11-21 07:34:00+00:00,0.038939417183741123,True
4σ,ILVUSDT,2025-11-21 07:34:00+00:00,0.03686128657937511,True
6σ стоп 5D,ILVUSDT,2025-11-21 07:34:00+00:00,0.05765513904232451,True
6σ прокол 0.2%,ARBUSDT,2025-11-21 07:34:00+00:00,0.051699380567051326,True
4σ,1000FLOKIUSDT,2025-11-21 07:34:00+00:00,0.03159340254310701,True
6σ,ARBUSDT,2025-11-21 07:34:00+00:00,0.051699380567051326,True
6σ прокол 0.2%,ENSOUSDT,2025-11-21 07:34:00+00:00,0.05232067406470549,True
4σ,TIAUSDT,2025-11-21 07:34:00+00:00,0.041168011587200806,True
4σ прокол 0.2%,ENSUSDT,2025-11-21 07:34:00+00:00,0.02821586816714268,True
4σ прокол 0.2%,ENSOUSDT,2025-11-21 07:34:00+00:00,0.03355374000314777,True
4σ,GRTUSDT,2025-11-21 07:34:00+00:00,0.030401302247181364,True
4σ прокол 0.2%,RECALLUSDT,2025-11-21 07:34:00+00:00,0.03694777119266908,True
6σ стоп 5D,TOWNSUSDT,2025-11-21 07:34:00+00:00,0.06011099271364247,True
4σ,4USDT,2025-11-21 07:34:00+00:00,0.056875181589187654,True
4σ,RECALLUSDT,2025-11-21 07:34:00+00:00,0.03694777119266908,True
4σ,MEUSDT,2025-11-21 07:34:00+00:00,0.03560886800437753,True
4σ прокол 0.2%,METISUSDT,2025-11-21 07:34:00+00:00,0.0385972480814218,True
4σ прокол 0.2%,TIAUSDT,2025-11-21 07:34:00+00:00,0.041168011587200806,True
4σ,ENSOUSDT,2025-11-21 07:34:00+00:00,0.03355374000314777,True
6σ,ENSOUSDT,2025-11-21 07:34:00+00:00,0.05232067406470549,True
4σ прокол 0.2%,CLOUSDT,2025-11-21 07:34:00+00:00,0.05373383453177989,True
6σ стоп 5D,ENSOUSDT,2025-11-21 07:34:00+00:00,0.05232067406470549,True
4σ,NEWTUSDT,2025-11-21 20:11:00+00:00,-0.026100628888283208,True
4σ прокол 0.2%,NEWTUSDT,2025-11-21 20:11:00+00:00,-0.026100628888283208,True
4σ прокол 0.2%,B2USDT,2025-11-22 08:31:00+00:00,-0.15310835632300643,True
6σ,B2USDT,2025-11-22 08:31:00+00:00,-0.10719653669151638,True
6σ прокол 0.2%,B2USDT,2025-11-22 08:31:00+00:00,-0.10719653669151638,True
4σ,B2USDT,2025-11-22 08:31:00+00:00,-0.15310835632300643,True
6σ стоп 5D,B2USDT,2025-11-22 08:31:00+00:00,-0.10719653669151638,True
6σ,UBUSDT,2025-11-22 16:08:00+00:00,0.08394645437992726,True
6σ прокол 0.2%,UBUSDT,2025-11-22 16:08:00+00:00,0.08394645437992726,True
6σ стоп 5D,UBUSDT,2025-11-22 16:08:00+00:00,0.08394645437992726,True
4σ,UBUSDT,2025-11-22 16:08:00+00:00,0.05283738008612389,True
4σ прокол 0.2%,UBUSDT,2025-11-22 16:08:00+00:00,0.05283738008612389,True
6σ прокол 0.2%,PORT3USDT,2025-11-22 21:09:00+00:00,-0.7023423395626669,False
6σ стоп 5D,PORT3USDT,2025-11-22 21:09:00+00:00,-0.5431661987671104,False
6σ,PORT3USDT,2025-11-22 21:09:00+00:00,-0.7023423395626669,False
4σ,GPSUSDT,2025-11-23 15:48:00+00:00,0.04888062814473955,True
4σ прокол 0.2%,GPSUSDT,2025-11-23 15:48:00+00:00,0.04888062814473955,True
4σ прокол 0.2%,TAKEUSDT,2025-11-24 09:15:00+00:00,-0.012195453442797238,False
4σ,TAKEUSDT,2025-11-24 09:15:00+00:00,-0.012195453442797238,False
4σ прокол 0.2%,RVVUSDT,2025-11-25 13:03:00+00:00,-0.2502361082032001,False
4σ,RVVUSDT,2025-11-25 13:03:00+00:00,-0.2502361082032001,False
4σ прокол 0.2%,AKEUSDT,2025-11-26 14:02:00+00:00,-0.06515539291003378,True
4σ,AKEUSDT,2025-11-26 14:02:00+00:00,-0.06515539291003378,True
4σ прокол 0.2%,MUSDT,2025-11-27 06:11:00+00:00,-0.15828033784792692,True
6σ,MUSDT,2025-11-27 06:11:00+00:00,0.05135993051560801,True
6σ прокол 0.2%,MUSDT,2025-11-27 06:11:00+00:00,0.05135993051560801,True
4σ,MUSDT,2025-11-27 06:11:00+00:00,-0.15828033784792692,True
6σ стоп 5D,MUSDT,2025-11-27 06:11:00+00:00,0.05135993051560801,True
6σ прокол 0.2%,TRUTHUSDT,2025-11-27 10:36:00+00:00,0.07199554128494928,True
4σ прокол 0.2%,TRUTHUSDT,2025-11-27 10:36:00+00:00,-0.07105550530257795,True
6σ,TRUTHUSDT,2025-11-27 10:36:00+00:00,0.07199554128494928,True
4σ,TRUTHUSDT,2025-11-27 10:36:00+00:00,-0.07105550530257795,True
6σ стоп 5D,TRUTHUSDT,2025-11-27 10:36:00+00:00,0.07199554128494928,True
4σ,SAHARAUSDT,2025-11-27 12:23:00+00:00,0.010597359500272584,True
4σ,HIPPOUSDT,2025-11-28 09:22:00+00:00,0.027165361343502517,True
4σ прокол 0.2%,HIPPOUSDT,2025-11-28 09:22:00+00:00,0.027165361343502517,True
4σ,SAHARAUSDT,2025-11-28 16:37:00+00:00,0.01770329626775631,True
6σ прокол 0.2%,SAHARAUSDT,2025-11-28 16:37:00+00:00,0.027255601957331524,True
6σ,SAHARAUSDT,2025-11-28 16:37:00+00:00,0.027255601957331524,True
4σ прокол 0.2%,SAHARAUSDT,2025-11-28 16:37:00+00:00,0.01770329626775631,True
6σ стоп 5D,SAHARAUSDT,2025-11-28 16:37:00+00:00,0.027255601957331524,True
6σ прокол 0.2%,CHZUSDT,2025-11-29 03:20:00+00:00,0.03597737881284187,True
6σ стоп 5D,CHZUSDT,2025-11-29 03:20:00+00:00,0.03597737881284187,True
6σ,CHZUSDT,2025-11-29 03:20:00+00:00,0.03597737881284187,True
4σ прокол 0.2%,SAHARAUSDT,2025-11-29 15:16:00+00:00,0.02952906929594175,True
6σ прокол 0.2%,SAHARAUSDT,2025-11-29 15:16:00+00:00,0.04587868181899819,True
4σ,SAHARAUSDT,2025-11-29 15:16:00+00:00,0.02952906929594175,True
6σ стоп 5D,SAHARAUSDT,2025-11-29 15:16:00+00:00,0.04587868181899819,True
6σ,SAHARAUSDT,2025-11-29 15:16:00+00:00,0.04587868181899819,True
6σ стоп 5D,SAHARAUSDT,2025-11-29 15:25:00+00:00,-0.27336491552740266,True
6σ прокол 0.2%,SAHARAUSDT,2025-11-29 15:25:00+00:00,-0.27336491552740266,True
4σ прокол 0.2%,SAHARAUSDT,2025-11-29 15:25:00+00:00,-0.3133736230193001,True
6σ,SAHARAUSDT,2025-11-29 15:25:00+00:00,-0.27336491552740266,True
4σ,SAHARAUSDT,2025-11-29 15:25:00+00:00,-0.3133736230193001,True
4σ,YALAUSDT,2025-11-29 16:50:00+00:00,0.042093557460667744,True
4σ прокол 0.2%,YALAUSDT,2025-11-29 16:50:00+00:00,0.042093557460667744,True
4σ прокол 0.2%,COAIUSDT,2025-11-29 17:06:00+00:00,0.05277881924863666,True
4σ,COAIUSDT,2025-11-29 17:06:00+00:00,0.05277881924863666,True
4σ прокол 0.2%,AIXBTUSDT,2025-11-29 18:24:00+00:00,-0.001522840870717495,True
4σ,AIXBTUSDT,2025-11-29 18:24:00+00:00,-0.001522840870717495,True
4σ,1000000BOBUSDT,2025-11-30 08:57:00+00:00,0.02888273539443205,False
4σ прокол 0.2%,1000000BOBUSDT,2025-11-30 08:57:00+00:00,0.02888273539443205,False
4σ прокол 0.2%,YFIUSDT,2025-11-30 21:51:00+00:00,0.00798736097497139,True
4σ,YFIUSDT,2025-11-30 21:51:00+00:00,0.00798736097497139,True
6σ прокол 0.2%,SOONUSDT,2025-11-30 22:33:00+00:00,-0.005534756259107348,True
6σ стоп 5D,SOONUSDT,2025-11-30 22:33:00+00:00,-0.005534756259107348,True
6σ,SOONUSDT,2025-11-30 22:33:00+00:00,-0.005534756259107348,True
6σ стоп 5D,HIGHUSDT,2025-11-30 22:35:00+00:00,0.08773327956172111,True
6σ прокол 0.2%,HIGHUSDT,2025-11-30 22:35:00+00:00,0.08773327956172111,True
4σ прокол 0.2%,HIGHUSDT,2025-11-30 22:35:00+00:00,0.05509488868216601,True
4σ,HIGHUSDT,2025-11-30 22:35:00+00:00,0.05509488868216601,True
6σ,HIGHUSDT,2025-11-30 22:35:00+00:00,0.08773327956172111,True
4σ прокол 0.2%,TAUSDT,2025-12-01 00:06:00+00:00,0.021577514403963785,True
4σ,NOMUSDT,2025-12-01 00:06:00+00:00,-0.02394296115050795,True
4σ прокол 0.2%,NOMUSDT,2025-12-01 00:06:00+00:00,-0.02394296115050795,True
4σ,TAUSDT,2025-12-01 00:06:00+00:00,0.021577514403963785,True
4σ,COMMONUSDT,2025-12-01 00:08:00+00:00,0.029867614092316377,True
4σ прокол 0.2%,BANKUSDT,2025-12-01 00:08:00+00:00,0.018258638720320255,True
4σ прокол 0.2%,COMMONUSDT,2025-12-01 00:08:00+00:00,0.029867614092316377,True
4σ,BANKUSDT,2025-12-01 00:08:00+00:00,0.018258638720320255,True
4σ,HANAUSDT,2025-12-01 06:22:00+00:00,0.03671637077867125,True
4σ прокол 0.2%,HANAUSDT,2025-12-01 06:22:00+00:00,0.03671637077867125,True
4σ,YALAUSDT,2025-12-01 07:39:00+00:00,-0.17323634647980032,True
6σ стоп 5D,YALAUSDT,2025-12-01 07:39:00+00:00,-0.13735630222058878,True
6σ,YALAUSDT,2025-12-01 07:39:00+00:00,-0.13735630222058878,True
6σ прокол 0.2%,YALAUSDT,2025-12-01 07:39:00+00:00,-0.13735630222058878,True
4σ прокол 0.2%,YALAUSDT,2025-12-01 07:39:00+00:00,-0.17323634647980032,True
6σ,TRUTHUSDT,2025-12-01 13:59:00+00:00,-0.14315910609869817,True
4σ прокол 0.2%,TRUTHUSDT,2025-12-01 13:59:00+00:00,-0.1770803291002427,True
6σ прокол 0.2%,TRUTHUSDT,2025-12-01 13:59:00+00:00,-0.14315910609869817,True
4σ,TRUTHUSDT,2025-12-01 13:59:00+00:00,-0.1770803291002427,True
6σ стоп 5D,TRUTHUSDT,2025-12-01 13:59:00+00:00,-0.14315910609869817,True
4σ,TOWNSUSDT,2025-12-02 07:51:00+00:00,0.02849299670189094,True
4σ прокол 0.2%,TOWNSUSDT,2025-12-02 07:51:00+00:00,0.02849299670189094,True
4σ,HANAUSDT,2025-12-02 08:08:00+00:00,0.035658699610835856,True
4σ прокол 0.2%,HANAUSDT,2025-12-02 08:08:00+00:00,0.035658699610835856,True
4σ прокол 0.2%,HUSDT,2025-12-02 15:32:00+00:00,0.002884462053387688,True
4σ,HUSDT,2025-12-02 15:32:00+00:00,0.002884462053387688,True
6σ стоп 5D,METISUSDT,2025-12-02 22:43:00+00:00,-0.013396145712025825,True
4σ,METISUSDT,2025-12-02 22:43:00+00:00,-0.04903494539675443,True
4σ прокол 0.2%,METISUSDT,2025-12-02 22:43:00+00:00,-0.04903494539675443,True
6σ прокол 0.2%,METISUSDT,2025-12-02 22:43:00+00:00,-0.013396145712025825,True
6σ,METISUSDT,2025-12-02 22:43:00+00:00,-0.013396145712025825,True
4σ прокол 0.2%,HUSDT,2025-12-03 09:09:00+00:00,0.015563224447708886,True
4σ,HUSDT,2025-12-03 09:09:00+00:00,0.015563224447708886,True
4σ,HUSDT,2025-12-03 11:02:00+00:00,0.05643927212818341,True
4σ прокол 0.2%,HUSDT,2025-12-03 11:02:00+00:00,0.05643927212818341,True
4σ прокол 0.2%,HUSDT,2025-12-03 12:58:00+00:00,0.07190631707333756,True
4σ,HUSDT,2025-12-03 12:58:00+00:00,0.07190631707333756,True
4σ,CUDISUSDT,2025-12-03 14:03:00+00:00,0.023310477214069272,True
4σ прокол 0.2%,CUDISUSDT,2025-12-03 14:03:00+00:00,0.023310477214069272,True
4σ прокол 0.2%,HIPPOUSDT,2025-12-04 03:36:00+00:00,0.043130226634848515,True
4σ,HIPPOUSDT,2025-12-04 03:36:00+00:00,0.043130226634848515,True
4σ,LUNA2USDT,2025-12-04 14:39:00+00:00,0.013235773084907042,True
4σ прокол 0.2%,LUNA2USDT,2025-12-04 14:39:00+00:00,0.013235773084907042,True
4σ прокол 0.2%,HUSDT,2025-12-05 13:17:00+00:00,0.04178592056920079,True
4σ,HUSDT,2025-12-05 13:17:00+00:00,0.04178592056920079,True
4σ,MOODENGUSDT,2025-12-06 21:09:00+00:00,-0.336848383090471,True
4σ прокол 0.2%,MOODENGUSDT,2025-12-06 21:09:00+00:00,-0.336848383090471,True
4σ прокол 0.2%,HEMIUSDT,2025-12-07 01:12:00+00:00,-0.06815842942564418,True
4σ,HEMIUSDT,2025-12-07 01:12:00+00:00,-0.06815842942564418,True
4σ прокол 0.2%,HBARUSDT,2025-12-07 14:24:00+00:00,0.01119719095585343,True
4σ,HBARUSDT,2025-12-07 14:24:00+00:00,0.01119719095585343,True
4σ,BASUSDT,2025-12-07 14:25:00+00:00,0.020061610549161515,False
4σ,MIRAUSDT,2025-12-07 14:25:00+00:00,0.019942675173824045,True
4σ,AIXBTUSDT,2025-12-07 22:34:00+00:00,-0.01898632606319536,True
4σ прокол 0.2%,AIXBTUSDT,2025-12-07 22:34:00+00:00,-0.01898632606319536,True
4σ,COMMONUSDT,2025-12-08 03:49:00+00:00,-0.13515007707379087,True
4σ прокол 0.2%,COMMONUSDT,2025-12-08 03:49:00+00:00,-0.13515007707379087,True
4σ,HANAUSDT,2025-12-08 09:13:00+00:00,0.039263045923937326,True
4σ прокол 0.2%,HANAUSDT,2025-12-08 09:13:00+00:00,0.039263045923937326,True
4σ,KITEUSDT,2025-12-08 14:57:00+00:00,0.033253728396058294,True
4σ прокол 0.2%,KITEUSDT,2025-12-08 14:57:00+00:00,0.033253728396058294,True
4σ прокол 0.2%,MAGICUSDT,2025-12-08 22:09:00+00:00,0.012596603619954766,True
4σ,MAGICUSDT,2025-12-08 22:09:00+00:00,0.012596603619954766,True
4σ,SENTUSDT,2025-12-09 06:57:00+00:00,0.030050542827637597,True
6σ прокол 0.2%,TRUTHUSDT,2025-12-09 15:15:00+00:00,-0.24841785782648537,True
4σ прокол 0.2%,TRUTHUSDT,2025-12-09 15:15:00+00:00,-0.2906087309124487,True
6σ,TRUTHUSDT,2025-12-09 15:15:00+00:00,-0.24841785782648537,True
4σ,TRUTHUSDT,2025-12-09 15:15:00+00:00,-0.2906087309124487,True
6σ стоп 5D,TRUTHUSDT,2025-12-09 15:15:00+00:00,-0.24841785782648537,True
4σ прокол 0.2%,MOODENGUSDT,2025-12-10 07:41:00+00:00,0.03391330391281917,True
4σ,MOODENGUSDT,2025-12-10 07:41:00+00:00,0.03391330391281917,True
4σ прокол 0.2%,AIAUSDT,2025-12-10 08:11:00+00:00,0.007598441508061909,True
4σ,AIAUSDT,2025-12-10 08:11:00+00:00,0.007598441508061909,True
6σ прокол 0.2%,CROSSUSDT,2025-12-11 09:21:00+00:00,0.08344293246660167,True
6σ стоп 5D,CROSSUSDT,2025-12-11 09:21:00+00:00,0.08344293246660167,True
6σ,CROSSUSDT,2025-12-11 09:21:00+00:00,0.08344293246660167,True
4σ,CROSSUSDT,2025-12-11 09:21:00+00:00,0.052536393343012036,True
4σ прокол 0.2%,CROSSUSDT,2025-12-11 09:21:00+00:00,0.052536393343012036,True
4σ прокол 0.2%,AIAUSDT,2025-12-11 11:44:00+00:00,-0.33256188907574497,True
6σ стоп 5D,AIAUSDT,2025-12-11 11:44:00+00:00,-0.47893710751685487,True
6σ прокол 0.2%,AIAUSDT,2025-12-11 11:44:00+00:00,-0.3090079924685402,True
4σ,AIAUSDT,2025-12-11 11:44:00+00:00,-0.33256188907574497,True
6σ,AIAUSDT,2025-12-11 11:44:00+00:00,-0.3090079924685402,True
4σ,ERAUSDT,2025-12-12 18:19:00+00:00,0.020724807121666536,True
4σ прокол 0.2%,MOODENGUSDT,2025-12-14 03:52:00+00:00,0.012628398254847805,True
6σ стоп 5D,MOODENGUSDT,2025-12-14 03:52:00+00:00,0.01940056705554323,True
6σ прокол 0.2%,MOODENGUSDT,2025-12-14 03:52:00+00:00,0.01940056705554323,True
4σ,MOODENGUSDT,2025-12-14 03:52:00+00:00,0.012628398254847805,True
6σ,MOODENGUSDT,2025-12-14 03:52:00+00:00,0.01940056705554323,True
6σ прокол 0.2%,KGENUSDT,2025-12-14 05:50:00+00:00,0.03372431194282739,True
6σ стоп 5D,KGENUSDT,2025-12-14 05:50:00+00:00,0.03372431194282739,True
6σ,KGENUSDT,2025-12-14 05:50:00+00:00,0.03372431194282739,True
4σ,KGENUSDT,2025-12-14 05:50:00+00:00,0.021843511609311597,True
4σ прокол 0.2%,KGENUSDT,2025-12-14 05:50:00+00:00,0.021843511609311597,True
4σ,YGGUSDT,2025-12-14 11:36:00+00:00,0.009723414321924872,True
4σ прокол 0.2%,YGGUSDT,2025-12-14 11:36:00+00:00,0.009723414321924872,True
4σ,COAIUSDT,2025-12-14 13:43:00+00:00,0.05357035692065222,True
4σ прокол 0.2%,COAIUSDT,2025-12-14 13:43:00+00:00,0.05357035692065222,True
4σ прокол 0.2%,RVVUSDT,2025-12-14 15:54:00+00:00,0.018831758400464207,False
4σ,RVVUSDT,2025-12-14 15:54:00+00:00,0.018831758400464207,False
4σ,GPSUSDT,2025-12-15 14:56:00+00:00,0.017105609344442788,True
4σ,4USDT,2025-12-15 17:51:00+00:00,0.03733600924655507,True
4σ,MYXUSDT,2025-12-15 21:28:00+00:00,0.06756924718663088,True
4σ прокол 0.2%,MYXUSDT,2025-12-15 21:28:00+00:00,0.06756924718663088,True
4σ прокол 0.2%,USTCUSDT,2025-12-15 23:38:00+00:00,-0.0315489487730862,True
4σ,USTCUSDT,2025-12-15 23:38:00+00:00,-0.0315489487730862,True
4σ прокол 0.2%,YALAUSDT,2025-12-16 05:22:00+00:00,0.03028897979468921,True
4σ,YALAUSDT,2025-12-16 05:22:00+00:00,0.03028897979468921,True
4σ,TACUSDT,2025-12-17 14:17:00+00:00,0.02060296182430195,True
4σ прокол 0.2%,TACUSDT,2025-12-17 14:17:00+00:00,0.02060296182430195,True
4σ прокол 0.2%,MOODENGUSDT,2025-12-17 18:48:00+00:00,0.022706424957151763,True
4σ,MOODENGUSDT,2025-12-17 18:48:00+00:00,0.022706424957151763,True
4σ,STABLEUSDT,2025-12-17 19:10:00+00:00,0.041142902315983235,True
4σ прокол 0.2%,STABLEUSDT,2025-12-17 19:10:00+00:00,0.041142902315983235,True
4σ прокол 0.2%,AVAAIUSDT,2025-12-18 05:26:00+00:00,-0.1295631228653081,True
4σ,AVAAIUSDT,2025-12-18 05:26:00+00:00,-0.1295631228653081,True
4σ прокол 0.2%,HANAUSDT,2025-12-18 17:23:00+00:00,0.02580665951866393,True
4σ,HANAUSDT,2025-12-18 17:23:00+00:00,0.02580665951866393,True
4σ,MUSDT,2025-12-19 14:51:00+00:00,0.029375157539643662,True
4σ прокол 0.2%,TAKEUSDT,2025-12-20 09:29:00+00:00,-0.045974632774582996,False
4σ,TAKEUSDT,2025-12-20 09:29:00+00:00,-0.045974632774582996,False
4σ прокол 0.2%,BOMEUSDT,2025-12-20 12:01:00+00:00,0.024718919783213347,True
4σ,BOMEUSDT,2025-12-20 12:01:00+00:00,0.024718919783213347,True
6σ,TACUSDT,2025-12-20 18:21:00+00:00,0.038800587627304275,True
6σ стоп 5D,TACUSDT,2025-12-20 18:21:00+00:00,0.038800587627304275,True
4σ прокол 0.2%,TACUSDT,2025-12-20 18:21:00+00:00,0.02506814751918225,True
4σ,TACUSDT,2025-12-20 18:21:00+00:00,0.02506814751918225,True
6σ,TACUSDT,2025-12-20 20:17:00+00:00,-0.03264766329686705,True
6σ прокол 0.2%,TACUSDT,2025-12-20 20:17:00+00:00,-0.03264766329686705,True
4σ,TACUSDT,2025-12-20 20:17:00+00:00,-0.11173528588547951,True
4σ прокол 0.2%,TACUSDT,2025-12-20 20:17:00+00:00,-0.11173528588547951,True
6σ стоп 5D,TACUSDT,2025-12-20 20:17:00+00:00,-0.03264766329686705,True
4σ,XPINUSDT,2025-12-21 08:54:00+00:00,0.06715031433538438,True
4σ прокол 0.2%,XPINUSDT,2025-12-21 08:54:00+00:00,0.06715031433538438,True
4σ,4USDT,2025-12-21 08:59:00+00:00,-0.1118620104078337,True
4σ прокол 0.2%,4USDT,2025-12-21 08:59:00+00:00,-0.1118620104078337,True
4σ прокол 0.2%,LYNUSDT,2025-12-21 21:20:00+00:00,-0.03368641580195039,True
4σ,LYNUSDT,2025-12-21 21:20:00+00:00,-0.03368641580195039,True
6σ,LYNUSDT,2025-12-21 21:20:00+00:00,-0.011698194183681204,True
6σ стоп 5D,LYNUSDT,2025-12-21 21:20:00+00:00,-0.011698194183681204,True
6σ прокол 0.2%,LYNUSDT,2025-12-21 21:20:00+00:00,-0.011698194183681204,True
6σ,JELLYJELLYUSDT,2025-12-21 22:01:00+00:00,0.049228479710333464,True
6σ прокол 0.2%,JELLYJELLYUSDT,2025-12-21 22:01:00+00:00,0.049228479710333464,True
6σ стоп 5D,JELLYJELLYUSDT,2025-12-21 22:01:00+00:00,0.049228479710333464,True
4σ прокол 0.2%,KMNOUSDT,2025-12-22 12:54:00+00:00,-0.031110417606284937,True
4σ,KMNOUSDT,2025-12-22 12:54:00+00:00,-0.031110417606284937,True
4σ,EVAAUSDT,2025-12-22 19:40:00+00:00,0.03687555701887031,True
4σ прокол 0.2%,EVAAUSDT,2025-12-22 19:40:00+00:00,0.03687555701887031,True
6σ стоп 5D,CVCUSDT,2025-12-23 13:28:00+00:00,0.04627363368544919,True
6σ,CVCUSDT,2025-12-23 13:28:00+00:00,0.04627363368544919,True
6σ прокол 0.2%,CVCUSDT,2025-12-23 13:28:00+00:00,0.04627363368544919,True
4σ,UAIUSDT,2025-12-23 14:26:00+00:00,-0.0857187137831423,True
6σ прокол 0.2%,UAIUSDT,2025-12-23 14:26:00+00:00,-0.053387179483899566,True
6σ,UAIUSDT,2025-12-23 14:26:00+00:00,-0.053387179483899566,True
6σ стоп 5D,UAIUSDT,2025-12-23 14:26:00+00:00,-0.053387179483899566,True
4σ прокол 0.2%,UAIUSDT,2025-12-23 14:26:00+00:00,-0.0857187137831423,True
4σ,RVVUSDT,2025-12-23 20:07:00+00:00,0.008381462991296634,False
4σ прокол 0.2%,RVVUSDT,2025-12-23 20:07:00+00:00,0.008381462991296634,False
4σ,COAIUSDT,2025-12-24 03:02:00+00:00,0.0018948215563468211,True
6σ стоп 5D,COAIUSDT,2025-12-24 03:02:00+00:00,0.040615736724646204,True
6σ,COAIUSDT,2025-12-24 03:02:00+00:00,0.040615736724646204,True
4σ прокол 0.2%,COAIUSDT,2025-12-24 03:02:00+00:00,0.0018948215563468211,True
4σ,RLSUSDT,2025-12-24 14:29:00+00:00,0.017316077017366552,True
4σ прокол 0.2%,CLOUSDT,2025-12-25 02:45:00+00:00,0.023332078255558122,True
6σ,CLOUSDT,2025-12-25 02:45:00+00:00,0.036063471338614275,True
4σ,CLOUSDT,2025-12-25 02:45:00+00:00,0.023332078255558122,True
6σ стоп 5D,CLOUSDT,2025-12-25 02:45:00+00:00,0.036063471338614275,True
6σ прокол 0.2%,CLOUSDT,2025-12-25 02:45:00+00:00,0.036063471338614275,True
6σ стоп 5D,LITUSDT,2025-12-25 17:23:00+00:00,0.0364224011917222,True
6σ прокол 0.2%,LITUSDT,2025-12-25 17:23:00+00:00,0.0364224011917222,True
4σ прокол 0.2%,LITUSDT,2025-12-25 17:23:00+00:00,0.023560088793063108,True
6σ,LITUSDT,2025-12-25 17:23:00+00:00,0.0364224011917222,True
4σ,LITUSDT,2025-12-25 17:23:00+00:00,0.023560088793063108,True
4σ,WIFUSDT,2025-12-25 22:47:00+00:00,0.013573768312940392,True
4σ прокол 0.2%,WIFUSDT,2025-12-25 22:47:00+00:00,0.013573768312940392,True
6σ прокол 0.2%,WIFUSDT,2025-12-25 22:47:00+00:00,0.020857702681548143,True
6σ стоп 5D,WIFUSDT,2025-12-25 22:47:00+00:00,0.020857702681548143,True
6σ,WIFUSDT,2025-12-25 22:47:00+00:00,0.020857702681548143,True
4σ,YALAUSDT,2025-12-25 23:45:00+00:00,0.035237465382898805,True
4σ прокол 0.2%,YALAUSDT,2025-12-25 23:45:00+00:00,0.035237465382898805,True
4σ,CLOUSDT,2025-12-27 09:11:00+00:00,-0.021764044004218244,True
4σ прокол 0.2%,CLOUSDT,2025-12-27 09:11:00+00:00,-0.021764044004218244,True
4σ прокол 0.2%,MOVEUSDT,2025-12-28 18:15:00+00:00,0.0190927285141322,True
4σ,MOVEUSDT,2025-12-28 18:15:00+00:00,0.0190927285141322,True
4σ прокол 0.2%,PTBUSDT,2025-12-28 18:16:00+00:00,0.02322184268544643,True
6σ стоп 5D,PTBUSDT,2025-12-28 18:16:00+00:00,0.03589000071614108,True
6σ прокол 0.2%,PTBUSDT,2025-12-28 18:16:00+00:00,0.03589000071614108,True
4σ,PTBUSDT,2025-12-28 18:16:00+00:00,0.02322184268544643,True
6σ,PTBUSDT,2025-12-28 18:16:00+00:00,0.03589000071614108,True
4σ,ACEUSDT,2025-12-29 06:01:00+00:00,0.016243505588836096,True
4σ,TAKEUSDT,2025-12-30 12:24:00+00:00,-0.4790045108342618,False
4σ прокол 0.2%,TAKEUSDT,2025-12-30 12:24:00+00:00,-0.4790045108342618,False
6σ,TAKEUSDT,2025-12-30 12:24:00+00:00,-0.39210190555072694,False
6σ прокол 0.2%,TAKEUSDT,2025-12-30 12:24:00+00:00,-0.39210190555072694,False
6σ стоп 5D,TAKEUSDT,2025-12-30 12:24:00+00:00,-0.39210190555072694,False
4σ,WIFUSDT,2025-12-30 14:03:00+00:00,0.01745685117747771,True
4σ прокол 0.2%,XTZUSDT,2025-12-31 06:44:00+00:00,0.03222421351501499,True
4σ,XTZUSDT,2025-12-31 06:44:00+00:00,0.03222421351501499,True
4σ,COMPUSDT,2025-12-31 10:01:00+00:00,0.01299329255170285,True
4σ прокол 0.2%,COMPUSDT,2025-12-31 10:01:00+00:00,0.01299329255170285,True
4σ прокол 0.2%,PIEVERSEUSDT,2025-12-31 14:15:00+00:00,-0.12551340735183644,True
4σ,PIEVERSEUSDT,2025-12-31 14:15:00+00:00,-0.12551340735183644,True
4σ,ICPUSDT,2025-12-31 16:42:00+00:00,0.013152384583424891,True
6σ,EGLDUSDT,2025-12-31 16:42:00+00:00,0.015198742583485147,True
4σ,AAVEUSDT,2025-12-31 16:42:00+00:00,0.008990851164493784,True
6σ прокол 0.2%,AAVEUSDT,2025-12-31 16:42:00+00:00,0.013819812893207838,True
6σ прокол 0.2%,EGLDUSDT,2025-12-31 16:42:00+00:00,0.015198742583485147,True
4σ,OPENUSDT,2025-12-31 16:42:00+00:00,0.017593012355679075,True
6σ стоп 5D,EGLDUSDT,2025-12-31 16:42:00+00:00,0.015198742583485147,True
4σ прокол 0.2%,AAVEUSDT,2025-12-31 16:42:00+00:00,0.008990851164493784,True
6σ стоп 5D,AAVEUSDT,2025-12-31 16:42:00+00:00,0.013819812893207838,True
6σ,AAVEUSDT,2025-12-31 16:42:00+00:00,0.013819812893207838,True
4σ прокол 0.2%,TURBOUSDT,2025-12-31 16:42:00+00:00,0.013252839252501047,False
4σ,PENGUUSDT,2025-12-31 16:42:00+00:00,0.01236518847016983,True
4σ,EGLDUSDT,2025-12-31 16:42:00+00:00,0.009892132175364398,True
4σ,1000FLOKIUSDT,2025-12-31 16:42:00+00:00,0.011500030393640736,True
4σ прокол 0.2%,ICPUSDT,2025-12-31 16:42:00+00:00,0.013152384583424891,True
4σ,METISUSDT,2025-12-31 16:42:00+00:00,0.019133056616218405,True
4σ,TURBOUSDT,2025-12-31 16:42:00+00:00,0.013252839252501047,False
4σ,SPKUSDT,2025-12-31 16:42:00+00:00,0.01562722238949417,True
4σ прокол 0.2%,METISUSDT,2025-12-31 16:42:00+00:00,0.019133056616218405,True
4σ прокол 0.2%,MOVEUSDT,2025-12-31 16:42:00+00:00,0.010962363079088887,True
4σ,MOVEUSDT,2025-12-31 16:42:00+00:00,0.010962363079088887,True
4σ прокол 0.2%,EGLDUSDT,2025-12-31 16:42:00+00:00,0.009892132175364398,True
4σ,WUSDT,2025-12-31 16:42:00+00:00,0.01002571902911482,True
4σ прокол 0.2%,PNUTUSDT,2025-12-31 16:42:00+00:00,0.011180688372868407,True
4σ прокол 0.2%,PLUMEUSDT,2025-12-31 16:42:00+00:00,0.01597201681224654,True
4σ,GRTUSDT,2025-12-31 16:42:00+00:00,0.01000634215758862,True
4σ,SANDUSDT,2025-12-31 16:42:00+00:00,0.009124157909942542,True
4σ,APEUSDT,2025-12-31 16:42:00+00:00,0.012326151639632642,True
4σ прокол 0.2%,MORPHOUSDT,2025-12-31 16:42:00+00:00,0.0091120791295491,True
4σ,MORPHOUSDT,2025-12-31 16:42:00+00:00,0.0091120791295491,True
4σ,PNUTUSDT,2025-12-31 16:42:00+00:00,0.011180688372868407,True
4σ прокол 0.2%,APEUSDT,2025-12-31 16:42:00+00:00,0.012326151639632642,True
4σ прокол 0.2%,GRTUSDT,2025-12-31 16:42:00+00:00,0.01000634215758862,True
4σ прокол 0.2%,SANDUSDT,2025-12-31 16:42:00+00:00,0.009124157909942542,True
4σ прокол 0.2%,ARKMUSDT,2025-12-31 16:42:00+00:00,0.012003346829722882,True
6σ,BIOUSDT,2025-12-31 16:42:00+00:00,0.0186226560378024,True
4σ прокол 0.2%,SUSHIUSDT,2025-12-31 16:42:00+00:00,0.010599087461248224,True
6σ стоп 5D,BIOUSDT,2025-12-31 16:42:00+00:00,0.0186226560378024,True
6σ прокол 0.2%,BIOUSDT,2025-12-31 16:42:00+00:00,0.0186226560378024,True
4σ,1000SHIBUSDT,2025-12-31 16:42:00+00:00,0.008213665084599597,False
4σ,SUSHIUSDT,2025-12-31 16:42:00+00:00,0.010599087461248224,True
4σ,BIOUSDT,2025-12-31 16:42:00+00:00,0.0018323942100415829,True
4σ,ARKMUSDT,2025-12-31 16:42:00+00:00,0.012003346829722882,True
4σ прокол 0.2%,BIOUSDT,2025-12-31 16:42:00+00:00,0.0018323942100415829,True
4σ,USUALUSDT,2025-12-31 16:42:00+00:00,0.013264085858580587,True
4σ прокол 0.2%,ZROUSDT,2025-12-31 16:42:00+00:00,0.008326723256868184,True
4σ прокол 0.2%,1000SHIBUSDT,2025-12-31 16:42:00+00:00,0.008213665084599597,False
4σ,ETCUSDT,2025-12-31 16:42:00+00:00,0.00821912153676414,True
6σ,LINEAUSDT,2025-12-31 16:42:00+00:00,0.017905514635216238,True
6σ стоп 5D,LINEAUSDT,2025-12-31 16:42:00+00:00,0.017905514635216238,True
4σ,DYMUSDT,2025-12-31 16:42:00+00:00,0.012508801019399395,True
4σ,YGGUSDT,2025-12-31 16:42:00+00:00,0.012625575318572179,True
4σ,WIFUSDT,2025-12-31 16:42:00+00:00,0.014345553966812651,True
6σ прокол 0.2%,LINEAUSDT,2025-12-31 16:42:00+00:00,0.017905514635216238,True
4σ,PYTHUSDT,2025-12-31 16:42:00+00:00,0.010493824281529961,True
4σ прокол 0.2%,LINEAUSDT,2025-12-31 16:42:00+00:00,0.01165654228267372,True
4σ,ZROUSDT,2025-12-31 16:42:00+00:00,0.008326723256868184,True
4σ прокол 0.2%,WIFUSDT,2025-12-31 16:42:00+00:00,0.014345553966812651,True
4σ прокол 0.2%,DYMUSDT,2025-12-31 16:42:00+00:00,0.012508801019399395,True
4σ,LINEAUSDT,2025-12-31 16:42:00+00:00,0.01165654228267372,True
4σ,PLUMEUSDT,2025-12-31 16:42:00+00:00,0.01597201681224654,True
4σ,POLUSDT,2025-12-31 16:42:00+00:00,0.00856571238080046,True
4σ,BANKUSDT,2026-01-02 01:17:00+00:00,0.014816466007934358,True
4σ,DYMUSDT,2026-01-03 03:01:00+00:00,0.03376333765046975,True
4σ прокол 0.2%,DYMUSDT,2026-01-03 03:01:00+00:00,0.03376333765046975,True
4σ прокол 0.2%,WLFIUSDT,2026-01-03 06:43:00+00:00,-0.00015932248720004695,True
6σ стоп 5D,WLFIUSDT,2026-01-03 06:43:00+00:00,0.03199635748354375,True
6σ прокол 0.2%,WLFIUSDT,2026-01-03 06:43:00+00:00,0.03199635748354375,True
6σ,WLFIUSDT,2026-01-03 06:43:00+00:00,0.03199635748354375,True
4σ,WLFIUSDT,2026-01-03 06:43:00+00:00,-0.00015932248720004695,True
4σ прокол 0.2%,COAIUSDT,2026-01-03 22:39:00+00:00,0.06117220227054694,True
4σ,COAIUSDT,2026-01-03 22:39:00+00:00,0.06117220227054694,True
4σ,YGGUSDT,2026-01-04 04:46:00+00:00,0.01449010299571336,True
6σ,YGGUSDT,2026-01-04 04:46:00+00:00,0.022272754137879505,True
4σ прокол 0.2%,YGGUSDT,2026-01-04 04:46:00+00:00,0.01449010299571336,True
6σ прокол 0.2%,YGGUSDT,2026-01-04 04:46:00+00:00,0.022272754137879505,True
6σ стоп 5D,YGGUSDT,2026-01-04 04:46:00+00:00,0.022272754137879505,True
4σ,LPTUSDT,2026-01-04 12:40:00+00:00,-0.01392555704344653,True
4σ прокол 0.2%,LPTUSDT,2026-01-04 12:40:00+00:00,-0.01392555704344653,True
4σ прокол 0.2%,ESPORTSUSDT,2026-01-04 13:43:00+00:00,0.06024444555414617,True
4σ,ESPORTSUSDT,2026-01-04 13:43:00+00:00,0.06024444555414617,True
6σ,ESPORTSUSDT,2026-01-04 13:44:00+00:00,0.15520075435731412,True
6σ прокол 0.2%,ESPORTSUSDT,2026-01-04 13:44:00+00:00,0.15520075435731412,True
6σ стоп 5D,ESPORTSUSDT,2026-01-04 13:44:00+00:00,0.15520075435731412,True
4σ,ZBTUSDT,2026-01-05 00:33:00+00:00,-0.004518741485447924,True
6σ,ZBTUSDT,2026-01-05 00:33:00+00:00,0.036795370075575165,True
4σ прокол 0.2%,ZBTUSDT,2026-01-05 00:33:00+00:00,-0.004518741485447924,True
6σ стоп 5D,ZBTUSDT,2026-01-05 00:33:00+00:00,0.036795370075575165,True
6σ прокол 0.2%,ZBTUSDT,2026-01-05 00:33:00+00:00,0.036795370075575165,True
4σ,QTUMUSDT,2026-01-05 01:22:00+00:00,0.013366220358737867,True
4σ,ZENUSDT,2026-01-05 04:26:00+00:00,0.01505474045870132,True
4σ,ATUSDT,2026-01-05 07:58:00+00:00,0.021961193990082076,True
4σ прокол 0.2%,ATUSDT,2026-01-05 07:58:00+00:00,0.021961193990082076,True
4σ,KGENUSDT,2026-01-05 09:04:00+00:00,0.01855986888930357,True
4σ прокол 0.2%,KGENUSDT,2026-01-05 09:04:00+00:00,0.01855986888930357,True
4σ прокол 0.2%,ESPORTSUSDT,2026-01-05 17:24:00+00:00,-0.025434088251504363,True
4σ,ESPORTSUSDT,2026-01-05 17:24:00+00:00,-0.025434088251504363,True
6σ,MUSDT,2026-01-06 00:25:00+00:00,0.04131985872321882,True
6σ стоп 5D,MUSDT,2026-01-06 00:25:00+00:00,0.04131985872321882,True
6σ прокол 0.2%,MUSDT,2026-01-06 00:25:00+00:00,0.04131985872321882,True
4σ,MUSDT,2026-01-06 00:25:00+00:00,0.02666059631207536,True
4σ прокол 0.2%,MUSDT,2026-01-06 00:25:00+00:00,0.02666059631207536,True
6σ прокол 0.2%,WIFUSDT,2026-01-06 15:41:00+00:00,0.06638260990563011,True
6σ,WIFUSDT,2026-01-06 15:41:00+00:00,0.06638260990563011,True
6σ стоп 5D,WIFUSDT,2026-01-06 15:41:00+00:00,0.06638260990563011,True
4σ прокол 0.2%,WIFUSDT,2026-01-06 15:41:00+00:00,-0.01021617019734608,True
4σ,WIFUSDT,2026-01-06 15:41:00+00:00,-0.01021617019734608,True
4σ прокол 0.2%,ENSOUSDT,2026-01-06 16:25:00+00:00,0.017234949877825215,True
4σ,ENSOUSDT,2026-01-06 16:25:00+00:00,0.017234949877825215,True
4σ прокол 0.2%,HYPERUSDT,2026-01-07 09:40:00+00:00,0.02230763724359526,True
4σ,HYPERUSDT,2026-01-07 09:40:00+00:00,0.02230763724359526,True
6σ,ASRUSDT,2026-01-07 10:00:00+00:00,0.024803177315778593,True
4σ прокол 0.2%,ASRUSDT,2026-01-07 10:00:00+00:00,0.016124472077309673,True
4σ,ASRUSDT,2026-01-07 10:00:00+00:00,0.016124472077309673,True
6σ прокол 0.2%,ASRUSDT,2026-01-07 10:00:00+00:00,0.024803177315778593,True
6σ стоп 5D,ASRUSDT,2026-01-07 10:00:00+00:00,0.024803177315778593,True
4σ,ZKCUSDT,2026-01-07 12:31:00+00:00,0.030378654046644152,True
4σ прокол 0.2%,ZKCUSDT,2026-01-07 12:31:00+00:00,0.030378654046644152,True
4σ,TAKEUSDT,2026-01-08 09:15:00+00:00,0.019048813588956562,False
4σ прокол 0.2%,TAKEUSDT,2026-01-08 09:15:00+00:00,0.019048813588956562,False
6σ прокол 0.2%,WOOUSDT,2026-01-08 09:32:00+00:00,0.035954859152549326,True
6σ стоп 5D,WOOUSDT,2026-01-08 09:32:00+00:00,0.035954859152549326,True
4σ прокол 0.2%,WOOUSDT,2026-01-08 09:32:00+00:00,0.008203501564612498,True
4σ,WOOUSDT,2026-01-08 09:32:00+00:00,0.008203501564612498,True
6σ,WOOUSDT,2026-01-08 09:32:00+00:00,0.035954859152549326,True
4σ прокол 0.2%,IOTAUSDT,2026-01-08 17:25:00+00:00,-0.06657762772354012,True
4σ,IOTAUSDT,2026-01-08 17:25:00+00:00,-0.06657762772354012,True
4σ,MUSDT,2026-01-08 21:34:00+00:00,0.018238356185101792,True
4σ прокол 0.2%,MUSDT,2026-01-08 21:34:00+00:00,0.018238356185101792,True
4σ,BROCCOLI714USDT,2026-01-10 03:32:00+00:00,0.02388672758678426,False
4σ прокол 0.2%,BROCCOLI714USDT,2026-01-10 03:32:00+00:00,0.02388672758678426,False
4σ прокол 0.2%,0GUSDT,2026-01-10 22:56:00+00:00,0.011238110572430137,True
4σ,0GUSDT,2026-01-10 22:56:00+00:00,0.011238110572430137,True
4σ,BANKUSDT,2026-01-11 02:18:00+00:00,0.0027968290099336384,True
4σ прокол 0.2%,BANKUSDT,2026-01-11 02:18:00+00:00,0.0027968290099336384,True
4σ прокол 0.2%,CVXUSDT,2026-01-11 05:06:00+00:00,0.010631914495212457,True
4σ,CVXUSDT,2026-01-11 05:06:00+00:00,0.010631914495212457,True
4σ прокол 0.2%,4USDT,2026-01-11 06:00:00+00:00,-0.10978500904608687,True
4σ,4USDT,2026-01-11 06:00:00+00:00,-0.10978500904608687,True
6σ,OGUSDT,2026-01-11 18:32:00+00:00,0.02061496709236428,True
6σ прокол 0.2%,OGUSDT,2026-01-11 18:32:00+00:00,0.02061496709236428,True
6σ стоп 5D,OGUSDT,2026-01-11 18:32:00+00:00,0.02061496709236428,True
4σ прокол 0.2%,MOODENGUSDT,2026-01-11 22:08:00+00:00,0.013970282373195263,True
4σ,MOODENGUSDT,2026-01-11 22:08:00+00:00,0.013970282373195263,True
4σ прокол 0.2%,TAUSDT,2026-01-11 23:15:00+00:00,-0.0032111746236664625,True
4σ,TAUSDT,2026-01-11 23:15:00+00:00,-0.0032111746236664625,True
4σ,CYBERUSDT,2026-01-12 00:01:00+00:00,-0.0023451612107775184,True
4σ,BANUSDT,2026-01-12 01:07:00+00:00,-0.02119203981022352,True
4σ прокол 0.2%,BANUSDT,2026-01-12 01:07:00+00:00,-0.02119203981022352,True
6σ,WIFUSDT,2026-01-12 07:45:00+00:00,0.03168966204053465,True
6σ стоп 5D,WIFUSDT,2026-01-12 07:45:00+00:00,0.03168966204053465,True
4σ прокол 0.2%,WIFUSDT,2026-01-12 07:45:00+00:00,0.020545028764044918,True
4σ,WIFUSDT,2026-01-12 07:45:00+00:00,0.020545028764044918,True
4σ прокол 0.2%,ZORAUSDT,2026-01-12 10:49:00+00:00,0.019349432152956772,True
4σ,ZORAUSDT,2026-01-12 10:49:00+00:00,0.019349432152956772,True
6σ прокол 0.2%,BULLAUSDT,2026-01-12 13:24:00+00:00,0.050036817319471585,False
4σ прокол 0.2%,BULLAUSDT,2026-01-12 13:24:00+00:00,0.03213071441290412,False
4σ,BULLAUSDT,2026-01-12 13:24:00+00:00,0.03213071441290412,False
6σ стоп 5D,BULLAUSDT,2026-01-12 13:24:00+00:00,0.050036817319471585,False
6σ,BULLAUSDT,2026-01-12 13:24:00+00:00,0.050036817319471585,False
4σ прокол 0.2%,BABYUSDT,2026-01-13 22:25:00+00:00,0.00200739288435628,True
4σ,BABYUSDT,2026-01-13 22:25:00+00:00,0.00200739288435628,True
6σ прокол 0.2%,BABYUSDT,2026-01-13 22:25:00+00:00,0.03225254203109702,True
6σ,BABYUSDT,2026-01-13 22:25:00+00:00,0.03225254203109702,True
6σ стоп 5D,BABYUSDT,2026-01-13 22:25:00+00:00,0.03225254203109702,True
4σ,BULLAUSDT,2026-01-14 07:58:00+00:00,0.04348161752088826,False
4σ прокол 0.2%,BULLAUSDT,2026-01-14 07:58:00+00:00,0.04348161752088826,False
4σ прокол 0.2%,BULLAUSDT,2026-01-14 09:57:00+00:00,0.05797710354073145,False
4σ,BULLAUSDT,2026-01-14 09:57:00+00:00,0.05797710354073145,False
4σ прокол 0.2%,EDENUSDT,2026-01-14 16:03:00+00:00,0.02047381122208565,True
4σ,EDENUSDT,2026-01-14 16:03:00+00:00,0.02047381122208565,True
4σ прокол 0.2%,BARDUSDT,2026-01-14 17:44:00+00:00,0.016803561836939943,True
4σ,BARDUSDT,2026-01-14 17:44:00+00:00,0.016803561836939943,True
6σ прокол 0.2%,BARDUSDT,2026-01-14 18:07:00+00:00,-0.1285540295677635,True
4σ прокол 0.2%,BARDUSDT,2026-01-14 18:07:00+00:00,-0.15416932465528363,True
4σ,BARDUSDT,2026-01-14 18:07:00+00:00,-0.15416932465528363,True
6σ стоп 5D,BARDUSDT,2026-01-14 18:07:00+00:00,-0.1285540295677635,True
6σ,BARDUSDT,2026-01-14 18:07:00+00:00,-0.1285540295677635,True
4σ,ACEUSDT,2026-01-15 01:58:00+00:00,0.020879129784692377,True
4σ прокол 0.2%,ACEUSDT,2026-01-15 01:58:00+00:00,0.020879129784692377,True
4σ,KAITOUSDT,2026-01-15 15:42:00+00:00,-0.13089120603125123,True
4σ прокол 0.2%,KAITOUSDT,2026-01-15 15:42:00+00:00,-0.13089120603125123,True
4σ прокол 0.2%,LTCUSDT,2026-01-15 15:47:00+00:00,0.018767163762479513,True
4σ,LTCUSDT,2026-01-15 15:47:00+00:00,0.018767163762479513,True
4σ прокол 0.2%,TAKEUSDT,2026-01-15 15:48:00+00:00,0.022952096689730264,False
4σ,TAKEUSDT,2026-01-15 15:48:00+00:00,0.022952096689730264,False
4σ,4USDT,2026-01-15 17:47:00+00:00,-0.02049883950317063,True
4σ прокол 0.2%,4USDT,2026-01-15 17:47:00+00:00,-0.02049883950317063,True
4σ,LUMIAUSDT,2026-01-15 19:04:00+00:00,0.01284170156186562,True
4σ прокол 0.2%,LUMIAUSDT,2026-01-15 19:04:00+00:00,0.01284170156186562,True
6σ,RVVUSDT,2026-01-16 02:35:00+00:00,-0.07531200728510865,False
4σ прокол 0.2%,RVVUSDT,2026-01-16 02:35:00+00:00,-0.11810978310423367,False
4σ,RVVUSDT,2026-01-16 02:35:00+00:00,-0.11810978310423367,False
6σ стоп 5D,RVVUSDT,2026-01-16 02:35:00+00:00,-0.07531200728510865,False
6σ прокол 0.2%,RVVUSDT,2026-01-16 02:35:00+00:00,-0.07531200728510865,False
6σ,ZEREBROUSDT,2026-01-16 07:14:00+00:00,0.01642449127797566,True
6σ стоп 5D,ZEREBROUSDT,2026-01-16 07:14:00+00:00,0.01642449127797566,True
6σ прокол 0.2%,ZEREBROUSDT,2026-01-16 07:14:00+00:00,0.01642449127797566,True
4σ прокол 0.2%,TAUSDT,2026-01-16 15:47:00+00:00,0.0252070307805123,True
4σ,TAUSDT,2026-01-16 15:47:00+00:00,0.0252070307805123,True
4σ,ZRCUSDT,2026-01-17 08:02:00+00:00,0.028286712594826693,True
4σ прокол 0.2%,ZRCUSDT,2026-01-17 08:02:00+00:00,0.028286712594826693,True
4σ,GLMUSDT,2026-01-17 08:06:00+00:00,0.01392649106535222,True
4σ прокол 0.2%,GLMUSDT,2026-01-17 08:06:00+00:00,0.01392649106535222,True
6σ прокол 0.2%,UBUSDT,2026-01-17 09:06:00+00:00,0.0010438696614252512,True
4σ,UBUSDT,2026-01-17 09:06:00+00:00,-0.011130440575114114,True
6σ,UBUSDT,2026-01-17 09:06:00+00:00,0.0010438696614252512,True
6σ стоп 5D,UBUSDT,2026-01-17 09:06:00+00:00,0.0010438696614252512,True
4σ прокол 0.2%,UBUSDT,2026-01-17 09:06:00+00:00,-0.011130440575114114,True
4σ,PLAYUSDT,2026-01-17 17:49:00+00:00,0.03531573682300433,False
4σ прокол 0.2%,PLAYUSDT,2026-01-17 17:49:00+00:00,0.03531573682300433,False
4σ прокол 0.2%,MERLUSDT,2026-01-17 18:08:00+00:00,0.02523951942266041,True
4σ,MERLUSDT,2026-01-17 18:08:00+00:00,0.02523951942266041,True
4σ,TRUTHUSDT,2026-01-17 22:46:00+00:00,0.005312799367119398,True
4σ прокол 0.2%,TRUTHUSDT,2026-01-17 22:46:00+00:00,0.005312799367119398,True
6σ,FARTCOINUSDT,2026-01-18 00:40:00+00:00,0.02800413459023217,True
6σ стоп 5D,FARTCOINUSDT,2026-01-18 00:40:00+00:00,0.02800413459023217,True
6σ прокол 0.2%,FARTCOINUSDT,2026-01-18 00:40:00+00:00,0.02800413459023217,True
4σ прокол 0.2%,FARTCOINUSDT,2026-01-18 00:40:00+00:00,0.018184178063511428,True
4σ,FARTCOINUSDT,2026-01-18 00:40:00+00:00,0.018184178063511428,True
4σ прокол 0.2%,TAKEUSDT,2026-01-18 12:55:00+00:00,0.019092614798313437,False
4σ,TAKEUSDT,2026-01-18 12:55:00+00:00,0.019092614798313437,False
4σ прокол 0.2%,STXUSDT,2026-01-18 23:46:00+00:00,0.01396294661697257,True
4σ,STXUSDT,2026-01-18 23:46:00+00:00,0.01396294661697257,True
4σ прокол 0.2%,FOLKSUSDT,2026-01-18 23:47:00+00:00,-0.08429979208048086,True
4σ,FOLKSUSDT,2026-01-18 23:47:00+00:00,-0.08429979208048086,True
6σ стоп 5D,ORDIUSDT,2026-01-19 00:00:00+00:00,-0.011716193492549903,True
4σ,1000SHIBUSDT,2026-01-19 00:00:00+00:00,-0.008679263911496399,False
6σ,NTRNUSDT,2026-01-19 00:00:00+00:00,-0.012259966573073017,True
4σ прокол 0.2%,GIGGLEUSDT,2026-01-19 00:00:00+00:00,-0.03920951268530401,True
4σ прокол 0.2%,WIFUSDT,2026-01-19 00:00:00+00:00,-0.017668579979075085,True
4σ прокол 0.2%,NEARUSDT,2026-01-19 00:00:00+00:00,-0.006730061408337955,True
6σ,ORDIUSDT,2026-01-19 00:00:00+00:00,-0.011716193492549903,True
4σ прокол 0.2%,TLMUSDT,2026-01-19 00:00:00+00:00,-0.033388777373595996,True
6σ стоп 5D,MEMEUSDT,2026-01-19 00:00:00+00:00,-0.010260436479570617,True
4σ прокол 0.2%,PENGUUSDT,2026-01-19 00:00:00+00:00,-0.008497368445326864,True
6σ прокол 0.2%,ORDIUSDT,2026-01-19 00:00:00+00:00,-0.011716193492549903,True
6σ,MEMEUSDT,2026-01-19 00:00:00+00:00,-0.010260436479570617,True
4σ прокол 0.2%,JUPUSDT,2026-01-19 00:00:00+00:00,-0.01611075386651714,True
4σ,MEMEUSDT,2026-01-19 00:00:00+00:00,-0.029333155661730972,True
4σ,PYTHUSDT,2026-01-19 00:00:00+00:00,-0.02402860424264727,True
6σ прокол 0.2%,NTRNUSDT,2026-01-19 00:00:00+00:00,-0.012259966573073017,True
4σ прокол 0.2%,PYTHUSDT,2026-01-19 00:00:00+00:00,-0.02402860424264727,True
4σ,NTRNUSDT,2026-01-19 00:00:00+00:00,-0.02940637508546892,True
4σ прокол 0.2%,BASUSDT,2026-01-19 00:00:00+00:00,-0.07763830279513292,False
4σ,BASUSDT,2026-01-19 00:00:00+00:00,-0.07763830279513292,False
6σ стоп 5D,NTRNUSDT,2026-01-19 00:00:00+00:00,-0.012259966573073017,True
4σ,NEARUSDT,2026-01-19 00:00:00+00:00,-0.006730061408337955,True
4σ прокол 0.2%,COMPUSDT,2026-01-19 00:00:00+00:00,-0.013266916824189096,True
4σ,TLMUSDT,2026-01-19 00:00:00+00:00,-0.033388777373595996,True
6σ,BULLAUSDT,2026-01-19 00:00:00+00:00,0.04144294654571597,False
6σ прокол 0.2%,GIGGLEUSDT,2026-01-19 00:00:00+00:00,-0.019713839980650096,True
4σ прокол 0.2%,METISUSDT,2026-01-19 00:00:00+00:00,0.011516816952911652,True
4σ,METISUSDT,2026-01-19 00:00:00+00:00,0.011516816952911652,True
4σ прокол 0.2%,MEMEUSDT,2026-01-19 00:00:00+00:00,-0.029333155661730972,True
6σ прокол 0.2%,LAYERUSDT,2026-01-19 00:00:00+00:00,-0.03196250205016546,False
6σ стоп 5D,GIGGLEUSDT,2026-01-19 00:00:00+00:00,-0.019713839980650096,True
4σ,GRTUSDT,2026-01-19 00:00:00+00:00,-0.02574671303333961,True
6σ,GIGGLEUSDT,2026-01-19 00:00:00+00:00,-0.019713839980650096,True
4σ,MMTUSDT,2026-01-19 00:00:00+00:00,-0.011514286169348437,True
4σ,COMPUSDT,2026-01-19 00:00:00+00:00,-0.013266916824189096,True
4σ прокол 0.2%,GRTUSDT,2026-01-19 00:00:00+00:00,-0.02574671303333961,True
6σ прокол 0.2%,API3USDT,2026-01-19 00:00:00+00:00,0.02758138654621818,True
6σ стоп 5D,BULLAUSDT,2026-01-19 00:00:00+00:00,0.04144294654571597,False
6σ стоп 5D,LAYERUSDT,2026-01-19 00:00:00+00:00,-0.03196250205016546,False
4σ прокол 0.2%,MMTUSDT,2026-01-19 00:00:00+00:00,-0.011514286169348437,True
6σ стоп 5D,API3USDT,2026-01-19 00:00:00+00:00,0.02758138654621818,True
4σ,NOTUSDT,2026-01-19 00:00:00+00:00,-0.029467361330181765,True
6σ,LAYERUSDT,2026-01-19 00:00:00+00:00,-0.03196250205016546,False
6σ,API3USDT,2026-01-19 00:00:00+00:00,0.02758138654621818,True
4σ,GIGGLEUSDT,2026-01-19 00:00:00+00:00,-0.03920951268530401,True
4σ прокол 0.2%,NOTUSDT,2026-01-19 00:00:00+00:00,-0.029467361330181765,True
4σ,PENGUUSDT,2026-01-19 00:00:00+00:00,-0.008497368445326864,True
4σ прокол 0.2%,1000SHIBUSDT,2026-01-19 00:00:00+00:00,-0.008679263911496399,False
4σ,ZORAUSDT,2026-01-19 00:00:00+00:00,-0.021450459838544402,True
4σ,RESOLVUSDT,2026-01-19 00:00:00+00:00,-0.021521120667292473,True
4σ,TAOUSDT,2026-01-19 00:00:00+00:00,-0.018993037195287967,True
4σ прокол 0.2%,TAOUSDT,2026-01-19 00:00:00+00:00,-0.018993037195287967,True
6σ прокол 0.2%,ZEREBROUSDT,2026-01-19 00:00:00+00:00,-0.039902861121980354,True
4σ прокол 0.2%,FILUSDT,2026-01-19 00:00:00+00:00,-0.023822662958677823,True
4σ,FILUSDT,2026-01-19 00:00:00+00:00,-0.023822662958677823,True
4σ прокол 0.2%,WLFIUSDT,2026-01-19 00:00:00+00:00,-0.0013126527198551168,True
6σ прокол 0.2%,FILUSDT,2026-01-19 00:00:00+00:00,-0.003424537724387083,True
4σ,FETUSDT,2026-01-19 00:00:00+00:00,-0.008506706451991669,True
4σ прокол 0.2%,ETCUSDT,2026-01-19 00:00:00+00:00,-0.02088296602551906,True
6σ стоп 5D,FILUSDT,2026-01-19 00:00:00+00:00,-0.003424537724387083,True
6σ,FILUSDT,2026-01-19 00:00:00+00:00,-0.003424537724387083,True
4σ,ETCUSDT,2026-01-19 00:00:00+00:00,-0.02088296602551906,True
6σ,PTBUSDT,2026-01-19 00:00:00+00:00,-0.0582122526342532,True
6σ стоп 5D,PTBUSDT,2026-01-19 00:00:00+00:00,-0.0582122526342532,True
4σ,PENDLEUSDT,2026-01-19 00:00:00+00:00,-0.020468876708208596,True
6σ прокол 0.2%,PTBUSDT,2026-01-19 00:00:00+00:00,-0.0582122526342532,True
4σ прокол 0.2%,BULLAUSDT,2026-01-19 00:00:00+00:00,0.026738267642277783,False
4σ прокол 0.2%,LTCUSDT,2026-01-19 00:00:00+00:00,-0.01709908100609211,True
4σ прокол 0.2%,ZBTUSDT,2026-01-19 00:00:00+00:00,-0.021713071544711773,True
6σ стоп 5D,ZEREBROUSDT,2026-01-19 00:00:00+00:00,-0.039902861121980354,True
4σ,LTCUSDT,2026-01-19 00:00:00+00:00,-0.01709908100609211,True
6σ прокол 0.2%,HYPERUSDT,2026-01-19 00:00:00+00:00,-0.008917692321393916,True
4σ,HYPERUSDT,2026-01-19 00:00:00+00:00,-0.025798444436874703,True
4σ прокол 0.2%,HYPERUSDT,2026-01-19 00:00:00+00:00,-0.025798444436874703,True
4σ прокол 0.2%,HEMIUSDT,2026-01-19 00:00:00+00:00,-0.027439963403910386,True
4σ,HEMIUSDT,2026-01-19 00:00:00+00:00,-0.027439963403910386,True
6σ,LDOUSDT,2026-01-19 00:00:00+00:00,-0.030391342606674945,True
4σ,HOLOUSDT,2026-01-19 00:00:00+00:00,-0.016288198430046,True
6σ стоп 5D,LDOUSDT,2026-01-19 00:00:00+00:00,-0.030391342606674945,True
4σ,PTBUSDT,2026-01-19 00:00:00+00:00,-0.07927780576787932,True
6σ прокол 0.2%,LDOUSDT,2026-01-19 00:00:00+00:00,-0.030391342606674945,True
6σ прокол 0.2%,HEMIUSDT,2026-01-19 00:00:00+00:00,-0.007589106617445356,True
4σ,LDOUSDT,2026-01-19 00:00:00+00:00,-0.04343566395277673,True
6σ стоп 5D,HEMIUSDT,2026-01-19 00:00:00+00:00,-0.007589106617445356,True
6σ,HEMIUSDT,2026-01-19 00:00:00+00:00,-0.007589106617445356,True
6σ,ZEREBROUSDT,2026-01-19 00:00:00+00:00,-0.039902861121980354,True
4σ прокол 0.2%,LDOUSDT,2026-01-19 00:00:00+00:00,-0.04343566395277673,True
6σ,LTCUSDT,2026-01-19 00:00:00+00:00,-0.004676135427026911,True
6σ стоп 5D,LTCUSDT,2026-01-19 00:00:00+00:00,-0.004676135427026911,True
4σ прокол 0.2%,HOLOUSDT,2026-01-19 00:00:00+00:00,-0.016288198430046,True
4σ прокол 0.2%,PTBUSDT,2026-01-19 00:00:00+00:00,-0.07927780576787932,True
4σ прокол 0.2%,BROCCOLI714USDT,2026-01-19 00:00:00+00:00,-0.0713121204347886,False
4σ,JTOUSDT,2026-01-19 00:00:00+00:00,-0.015445664049044988,True
4σ прокол 0.2%,ZKUSDT,2026-01-19 00:00:00+00:00,-0.01227462368303775,True
4σ,USELESSUSDT,2026-01-19 00:00:00+00:00,0.036064645766970396,True
4σ прокол 0.2%,USELESSUSDT,2026-01-19 00:00:00+00:00,0.036064645766970396,True
4σ,ZKUSDT,2026-01-19 00:00:00+00:00,-0.01227462368303775,True
4σ прокол 0.2%,0GUSDT,2026-01-19 00:00:00+00:00,-0.03236532699685299,True
4σ прокол 0.2%,WUSDT,2026-01-19 00:00:00+00:00,-0.01658103802307428,True
4σ,ZBTUSDT,2026-01-19 00:00:00+00:00,-0.021713071544711773,True
4σ,WUSDT,2026-01-19 00:00:00+00:00,-0.01658103802307428,True
4σ прокол 0.2%,TURBOUSDT,2026-01-19 00:00:00+00:00,-0.02291076763952912,False
4σ прокол 0.2%,VIRTUALUSDT,2026-01-19 00:00:00+00:00,-0.010371183343946128,True
4σ,1000BONKUSDT,2026-01-19 00:00:00+00:00,-0.014977919268304357,True
4σ,JUPUSDT,2026-01-19 00:00:00+00:00,-0.01611075386651714,True
4σ,STXUSDT,2026-01-19 00:00:00+00:00,-0.014030024383108602,True
6σ прокол 0.2%,OGUSDT,2026-01-19 00:00:00+00:00,-0.039743091426830274,True
6σ стоп 5D,OGUSDT,2026-01-19 00:00:00+00:00,-0.039743091426830274,True
6σ прокол 0.2%,BULLAUSDT,2026-01-19 00:00:00+00:00,0.04144294654571597,False
4σ прокол 0.2%,RESOLVUSDT,2026-01-19 00:00:00+00:00,-0.021521120667292473,True
4σ прокол 0.2%,STXUSDT,2026-01-19 00:00:00+00:00,-0.014030024383108602,True
4σ,VIRTUALUSDT,2026-01-19 00:00:00+00:00,-0.010371183343946128,True
6σ,OGUSDT,2026-01-19 00:00:00+00:00,-0.039743091426830274,True
4σ прокол 0.2%,INJUSDT,2026-01-19 00:00:00+00:00,-0.025413310174010464,True
4σ прокол 0.2%,TIAUSDT,2026-01-19 00:00:00+00:00,-0.027245692408157298,True
4σ,BROCCOLI714USDT,2026-01-19 00:00:00+00:00,-0.0713121204347886,False
4σ прокол 0.2%,JTOUSDT,2026-01-19 00:00:00+00:00,-0.015445664049044988,True
4σ прокол 0.2%,POLYXUSDT,2026-01-19 00:00:00+00:00,-0.021065800755366872,True
4σ,BULLAUSDT,2026-01-19 00:00:00+00:00,0.026738267642277783,False
4σ,POLYXUSDT,2026-01-19 00:00:00+00:00,-0.021065800755366872,True
4σ прокол 0.2%,EIGENUSDT,2026-01-19 00:00:00+00:00,-0.02994258968680449,True
6σ,SPKUSDT,2026-01-19 00:00:00+00:00,0.0029062170688623217,True
4σ,WLFIUSDT,2026-01-19 00:00:00+00:00,-0.0013126527198551168,True
4σ,TURBOUSDT,2026-01-19 00:00:00+00:00,-0.02291076763952912,False
6σ стоп 5D,SPKUSDT,2026-01-19 00:00:00+00:00,0.0029062170688623217,True
4σ,SPKUSDT,2026-01-19 00:00:00+00:00,-0.012080440192366287,True
4σ,0GUSDT,2026-01-19 00:00:00+00:00,-0.03236532699685299,True
4σ прокол 0.2%,SPKUSDT,2026-01-19 00:00:00+00:00,-0.012080440192366287,True
4σ прокол 0.2%,PLUMEUSDT,2026-01-19 00:00:00+00:00,-0.033846524983529996,True
4σ прокол 0.2%,ATOMUSDT,2026-01-19 00:00:00+00:00,-0.007365043701423628,True
4σ,ATOMUSDT,2026-01-19 00:00:00+00:00,-0.007365043701423628,True
4σ,INJUSDT,2026-01-19 00:00:00+00:00,-0.025413310174010464,True
4σ,TIAUSDT,2026-01-19 00:00:00+00:00,-0.027245692408157298,True
4σ,PLUMEUSDT,2026-01-19 00:00:00+00:00,-0.033846524983529996,True
4σ прокол 0.2%,NTRNUSDT,2026-01-19 00:00:00+00:00,-0.02940637508546892,True
6σ,HYPERUSDT,2026-01-19 00:00:00+00:00,-0.008917692321393916,True
6σ,SSVUSDT,2026-01-19 00:00:00+00:00,-0.024935540082462206,True
4σ,A2ZUSDT,2026-01-19 00:00:00+00:00,-0.02050549524042408,True
6σ стоп 5D,ALLOUSDT,2026-01-19 00:00:00+00:00,-0.05921849237142793,True
6σ,ALLOUSDT,2026-01-19 00:00:00+00:00,-0.05921849237142793,True
4σ прокол 0.2%,A2ZUSDT,2026-01-19 00:00:00+00:00,-0.02050549524042408,True
4σ,WLDUSDT,2026-01-19 00:00:00+00:00,-0.02902912590733794,True
4σ прокол 0.2%,WLDUSDT,2026-01-19 00:00:00+00:00,-0.02902912590733794,True
4σ,XLMUSDT,2026-01-19 00:00:00+00:00,-0.00951957871323858,True
6σ прокол 0.2%,A2ZUSDT,2026-01-19 00:00:00+00:00,0.003037997974457502,True
4σ,TAKEUSDT,2026-01-19 00:00:00+00:00,0.025847116757799563,False
4σ,AUCTIONUSDT,2026-01-19 00:00:00+00:00,-0.028402966185334968,True
4σ прокол 0.2%,IOTAUSDT,2026-01-19 00:00:00+00:00,0.0075903277790241586,True
4σ,IOTAUSDT,2026-01-19 00:00:00+00:00,0.0075903277790241586,True
4σ прокол 0.2%,BANANAUSDT,2026-01-19 00:00:00+00:00,-0.05689416961259705,True
6σ прокол 0.2%,OMUSDT,2026-01-19 00:00:00+00:00,-0.020379472700058545,True
6σ стоп 5D,OMUSDT,2026-01-19 00:00:00+00:00,-0.020379472700058545,True
6σ,OMUSDT,2026-01-19 00:00:00+00:00,-0.020379472700058545,True
4σ прокол 0.2%,XLMUSDT,2026-01-19 00:00:00+00:00,-0.00951957871323858,True
4σ прокол 0.2%,ETHFIUSDT,2026-01-19 00:00:00+00:00,-0.03844952810058508,True
6σ прокол 0.2%,ALLOUSDT,2026-01-19 00:00:00+00:00,-0.05921849237142793,True
6σ стоп 5D,A2ZUSDT,2026-01-19 00:00:00+00:00,0.003037997974457502,True
6σ стоп 5D,WOOUSDT,2026-01-19 00:00:00+00:00,-0.01866326514768021,True
6σ стоп 5D,HYPERUSDT,2026-01-19 00:00:00+00:00,-0.008917692321393916,True
4σ,ORCAUSDT,2026-01-19 00:00:00+00:00,-0.0070466189131754555,True
4σ прокол 0.2%,TAKEUSDT,2026-01-19 00:00:00+00:00,0.025847116757799563,False
6σ прокол 0.2%,WOOUSDT,2026-01-19 00:00:00+00:00,-0.01866326514768021,True
4σ,WOOUSDT,2026-01-19 00:00:00+00:00,-0.03609436421573217,True
6σ прокол 0.2%,CYBERUSDT,2026-01-19 00:00:00+00:00,-0.01054632751441284,True
4σ,ALLOUSDT,2026-01-19 00:00:00+00:00,-0.07970209983707074,True
4σ прокол 0.2%,WOOUSDT,2026-01-19 00:00:00+00:00,-0.03609436421573217,True
4σ,QTUMUSDT,2026-01-19 00:00:00+00:00,-0.01096617985215706,True
4σ прокол 0.2%,PNUTUSDT,2026-01-19 00:00:00+00:00,-0.036348722206065526,True
6σ прокол 0.2%,QTUMUSDT,2026-01-19 00:00:00+00:00,0.021617494550361063,True
6σ стоп 5D,QTUMUSDT,2026-01-19 00:00:00+00:00,0.021617494550361063,True
6σ,QTUMUSDT,2026-01-19 00:00:00+00:00,0.021617494550361063,True
6σ,A2ZUSDT,2026-01-19 00:00:00+00:00,0.003037997974457502,True
4σ прокол 0.2%,ALLOUSDT,2026-01-19 00:00:00+00:00,-0.07970209983707074,True
4σ прокол 0.2%,QTUMUSDT,2026-01-19 00:00:00+00:00,-0.01096617985215706,True
4σ,ETHFIUSDT,2026-01-19 00:00:00+00:00,-0.03844952810058508,True
4σ,WIFUSDT,2026-01-19 00:00:00+00:00,-0.017668579979075085,True
4σ,BANANAUSDT,2026-01-19 00:00:00+00:00,-0.05689416961259705,True
6σ,BANANAUSDT,2026-01-19 00:00:00+00:00,-0.041796838294998,True
4σ прокол 0.2%,LUNA2USDT,2026-01-19 00:00:00+00:00,-0.04374721083759012,True
4σ,FFUSDT,2026-01-19 00:00:00+00:00,-0.02424485382022509,True
4σ прокол 0.2%,AUCTIONUSDT,2026-01-19 00:00:00+00:00,-0.028402966185334968,True
4σ,LUNA2USDT,2026-01-19 00:00:00+00:00,-0.04374721083759012,True
4σ прокол 0.2%,CYBERUSDT,2026-01-19 00:00:00+00:00,-0.026698560340658064,True
4σ,CYBERUSDT,2026-01-19 00:00:00+00:00,-0.026698560340658064,True
6σ стоп 5D,CYBERUSDT,2026-01-19 00:00:00+00:00,-0.01054632751441284,True
4σ,MOODENGUSDT,2026-01-19 00:00:00+00:00,-0.01108187713964845,True
6σ,LINEAUSDT,2026-01-19 00:00:00+00:00,-0.02297012300073217,True
6σ стоп 5D,LINEAUSDT,2026-01-19 00:00:00+00:00,-0.02297012300073217,True
6σ прокол 0.2%,LINEAUSDT,2026-01-19 00:00:00+00:00,-0.02297012300073217,True
4σ прокол 0.2%,YGGUSDT,2026-01-19 00:00:00+00:00,-0.030171646318153025,True
4σ,LINEAUSDT,2026-01-19 00:00:00+00:00,-0.038687396132380786,True
4σ прокол 0.2%,LINEAUSDT,2026-01-19 00:00:00+00:00,-0.038687396132380786,True
6σ,LUNA2USDT,2026-01-19 00:00:00+00:00,-0.03162227375747392,True
6σ прокол 0.2%,LUNA2USDT,2026-01-19 00:00:00+00:00,-0.03162227375747392,True
4σ,AAVEUSDT,2026-01-19 00:00:00+00:00,-0.01194368118243791,True
4σ прокол 0.2%,FFUSDT,2026-01-19 00:00:00+00:00,-0.02424485382022509,True
4σ,ENSUSDT,2026-01-19 00:00:00+00:00,-0.0218652767191608,True
4σ,ENSOUSDT,2026-01-19 00:00:00+00:00,-0.03339179783973886,True
4σ прокол 0.2%,ENSOUSDT,2026-01-19 00:00:00+00:00,-0.03339179783973886,True
4σ прокол 0.2%,ENSUSDT,2026-01-19 00:00:00+00:00,-0.0218652767191608,True
6σ,GASUSDT,2026-01-19 00:00:00+00:00,-0.004988320853032662,True
4σ прокол 0.2%,SUSDT,2026-01-19 00:00:00+00:00,-0.021200422197603288,True
4σ,SUSDT,2026-01-19 00:00:00+00:00,-0.021200422197603288,True
6σ стоп 5D,GASUSDT,2026-01-19 00:00:00+00:00,-0.004988320853032662,True
6σ прокол 0.2%,GASUSDT,2026-01-19 00:00:00+00:00,-0.004988320853032662,True
6σ прокол 0.2%,BANANAUSDT,2026-01-19 00:00:00+00:00,-0.041796838294998,True
4σ,1000FLOKIUSDT,2026-01-19 00:00:00+00:00,-0.03238120948641174,True
4σ,GASUSDT,2026-01-19 00:00:00+00:00,-0.01757551677522248,True
4σ прокол 0.2%,GASUSDT,2026-01-19 00:00:00+00:00,-0.01757551677522248,True
4σ,MUBARAKUSDT,2026-01-19 00:00:00+00:00,0.02469030315644201,True
6σ,CYBERUSDT,2026-01-19 00:00:00+00:00,-0.01054632751441284,True
4σ прокол 0.2%,1000FLOKIUSDT,2026-01-19 00:00:00+00:00,-0.03238120948641174,True
4σ прокол 0.2%,MOODENGUSDT,2026-01-19 00:00:00+00:00,-0.01108187713964845,True
6σ стоп 5D,BANANAUSDT,2026-01-19 00:00:00+00:00,-0.041796838294998,True
6σ,WOOUSDT,2026-01-19 00:00:00+00:00,-0.01866326514768021,True
6σ стоп 5D,SSVUSDT,2026-01-19 00:00:00+00:00,-0.024935540082462206,True
6σ стоп 5D,LUNA2USDT,2026-01-19 00:00:00+00:00,-0.03162227375747392,True
6σ прокол 0.2%,SOONUSDT,2026-01-19 00:00:00+00:00,-0.0012111619187900873,True
4σ,USTCUSDT,2026-01-19 00:00:00+00:00,-0.01745582086481964,True
4σ,SEIUSDT,2026-01-19 00:00:00+00:00,-0.006104467669103524,True
4σ прокол 0.2%,SEIUSDT,2026-01-19 00:00:00+00:00,-0.006104467669103524,True
6σ стоп 5D,AUCTIONUSDT,2026-01-19 00:00:00+00:00,-0.01169031133419493,True
4σ прокол 0.2%,APTUSDT,2026-01-19 00:00:00+00:00,-0.032165274169684704,True
4σ,YGGUSDT,2026-01-19 00:00:00+00:00,-0.030171646318153025,True
4σ,SSVUSDT,2026-01-19 00:00:00+00:00,-0.041407597689255365,True
4σ,APTUSDT,2026-01-19 00:00:00+00:00,-0.032165274169684704,True
6σ прокол 0.2%,APTUSDT,2026-01-19 00:00:00+00:00,-0.017699024415231048,True
4σ,LPTUSDT,2026-01-19 00:00:00+00:00,-0.025922940132784813,True
6σ стоп 5D,APTUSDT,2026-01-19 00:00:00+00:00,-0.017699024415231048,True
6σ,APTUSDT,2026-01-19 00:00:00+00:00,-0.017699024415231048,True
6σ,SOMIUSDT,2026-01-19 00:00:00+00:00,-0.024363066957963943,True
6σ стоп 5D,SOMIUSDT,2026-01-19 00:00:00+00:00,-0.024363066957963943,True
6σ,SOONUSDT,2026-01-19 00:00:00+00:00,-0.0012111619187900873,True
6σ стоп 5D,SOONUSDT,2026-01-19 00:00:00+00:00,-0.0012111619187900873,True
4σ прокол 0.2%,SSVUSDT,2026-01-19 00:00:00+00:00,-0.041407597689255365,True
4σ прокол 0.2%,ORCAUSDT,2026-01-19 00:00:00+00:00,-0.0070466189131754555,True
6σ прокол 0.2%,SOMIUSDT,2026-01-19 00:00:00+00:00,-0.024363066957963943,True
4σ,SOMIUSDT,2026-01-19 00:00:00+00:00,-0.041206108078608666,True
4σ прокол 0.2%,SOMIUSDT,2026-01-19 00:00:00+00:00,-0.041206108078608666,True
4σ прокол 0.2%,XPLUSDT,2026-01-19 00:00:00+00:00,-0.01436741080479395,True
4σ прокол 0.2%,USTCUSDT,2026-01-19 00:00:00+00:00,-0.01745582086481964,True
4σ,XPLUSDT,2026-01-19 00:00:00+00:00,-0.01436741080479395,True
4σ,SUSHIUSDT,2026-01-19 00:00:00+00:00,-0.024921629793302338,True
4σ прокол 0.2%,BRETTUSDT,2026-01-19 00:00:00+00:00,-0.0235065303303201,True
6σ прокол 0.2%,1000LUNCUSDT,2026-01-19 00:00:00+00:00,-0.0007661967745587743,True
4σ,ARKMUSDT,2026-01-19 00:00:00+00:00,-0.024108707241434848,True
4σ прокол 0.2%,LPTUSDT,2026-01-19 00:00:00+00:00,-0.025922940132784813,True
6σ,YGGUSDT,2026-01-19 00:00:00+00:00,-0.00822073073141291,True
6σ стоп 5D,YGGUSDT,2026-01-19 00:00:00+00:00,-0.00822073073141291,True
4σ,REZUSDT,2026-01-19 00:00:00+00:00,-0.005351832024769159,True
4σ,POLUSDT,2026-01-19 00:00:00+00:00,1.7816345090599468e-05,True
4σ прокол 0.2%,AVNTUSDT,2026-01-19 00:00:00+00:00,-0.015057254436330075,True
4σ,AVNTUSDT,2026-01-19 00:00:00+00:00,-0.015057254436330075,True
4σ прокол 0.2%,POLUSDT,2026-01-19 00:00:00+00:00,1.7816345090599468e-05,True
4σ прокол 0.2%,REZUSDT,2026-01-19 00:00:00+00:00,-0.005351832024769159,True
6σ прокол 0.2%,SSVUSDT,2026-01-19 00:00:00+00:00,-0.024935540082462206,True
6σ стоп 5D,WIFUSDT,2026-01-19 00:00:00+00:00,0.0005898915539974964,True
4σ,EIGENUSDT,2026-01-19 00:00:00+00:00,-0.02994258968680449,True
6σ,WIFUSDT,2026-01-19 00:00:00+00:00,0.0005898915539974964,True
4σ,PNUTUSDT,2026-01-19 00:00:00+00:00,-0.036348722206065526,True
4σ,ONDOUSDT,2026-01-19 00:00:00+00:00,-0.015344596733701005,True
6σ прокол 0.2%,YGGUSDT,2026-01-19 00:00:00+00:00,-0.00822073073141291,True
6σ стоп 5D,1000LUNCUSDT,2026-01-19 00:00:00+00:00,-0.0007661967745587743,True
4σ прокол 0.2%,ARKMUSDT,2026-01-19 00:00:00+00:00,-0.024108707241434848,True
6σ,1000LUNCUSDT,2026-01-19 00:00:00+00:00,-0.0007661967745587743,True
4σ,AIXBTUSDT,2026-01-19 00:00:00+00:00,-0.01711895468579513,True
4σ,BRETTUSDT,2026-01-19 00:00:00+00:00,-0.0235065303303201,True
4σ прокол 0.2%,AIXBTUSDT,2026-01-19 00:00:00+00:00,-0.01711895468579513,True
4σ прокол 0.2%,SUSHIUSDT,2026-01-19 00:00:00+00:00,-0.024921629793302338,True
6σ прокол 0.2%,AUCTIONUSDT,2026-01-19 00:00:00+00:00,-0.01169031133419493,True
6σ,AUCTIONUSDT,2026-01-19 00:00:00+00:00,-0.01169031133419493,True
6σ,IMXUSDT,2026-01-19 00:01:00+00:00,0.03803911966329383,True
6σ стоп 5D,IMXUSDT,2026-01-19 00:01:00+00:00,0.03803911966329383,True
4σ прокол 0.2%,WALUSDT,2026-01-19 00:01:00+00:00,0.026325300482383976,True
4σ,ZENUSDT,2026-01-19 00:01:00+00:00,0.04026712831267072,True
4σ,WALUSDT,2026-01-19 00:01:00+00:00,0.026325300482383976,True
4σ прокол 0.2%,ACEUSDT,2026-01-19 00:01:00+00:00,0.030470003768559642,True
6σ,APEUSDT,2026-01-19 00:01:00+00:00,0.03877697221879779,True
6σ прокол 0.2%,ACEUSDT,2026-01-19 00:01:00+00:00,0.0473799736185045,True
6σ стоп 5D,APEUSDT,2026-01-19 00:01:00+00:00,0.03877697221879779,True
4σ,ACEUSDT,2026-01-19 00:01:00+00:00,0.030470003768559642,True
4σ прокол 0.2%,ICNTUSDT,2026-01-19 00:01:00+00:00,0.02275127546034046,True
6σ,TAKEUSDT,2026-01-19 00:01:00+00:00,0.054289156897692384,False
4σ,GUAUSDT,2026-01-19 00:01:00+00:00,0.03336457777736719,False
4σ прокол 0.2%,FLOCKUSDT,2026-01-19 00:01:00+00:00,-0.0040330418042510965,True
4σ прокол 0.2%,BBUSDT,2026-01-19 00:01:00+00:00,0.026649925152496937,True
4σ прокол 0.2%,IRUSDT,2026-01-19 00:01:00+00:00,0.04430789964063005,False
4σ,IRUSDT,2026-01-19 00:01:00+00:00,0.04430789964063005,False
6σ,TSTUSDT,2026-01-19 00:01:00+00:00,0.034280209808354514,False
4σ,FLOCKUSDT,2026-01-19 00:01:00+00:00,-0.0040330418042510965,True
4σ,EVAAUSDT,2026-01-19 00:01:00+00:00,-0.034560562352997176,True
6σ,BBUSDT,2026-01-19 00:01:00+00:00,0.0413029493883383,True
6σ прокол 0.2%,BBUSDT,2026-01-19 00:01:00+00:00,0.0413029493883383,True
6σ прокол 0.2%,IRUSDT,2026-01-19 00:01:00+00:00,0.06980036011573548,False
4σ прокол 0.2%,FETUSDT,2026-01-19 00:01:00+00:00,0.025788465558404153,True
6σ стоп 5D,IRUSDT,2026-01-19 00:01:00+00:00,0.06980036011573548,False
6σ,IRUSDT,2026-01-19 00:01:00+00:00,0.06980036011573548,False
4σ прокол 0.2%,EVAAUSDT,2026-01-19 00:01:00+00:00,-0.034560562352997176,True
4σ,BBUSDT,2026-01-19 00:01:00+00:00,0.026649925152496937,True
6σ стоп 5D,BBUSDT,2026-01-19 00:01:00+00:00,0.0413029493883383,True
6σ прокол 0.2%,EVAAUSDT,2026-01-19 00:01:00+00:00,0.07445573127155097,True
6σ стоп 5D,EVAAUSDT,2026-01-19 00:01:00+00:00,0.07445573127155097,True
6σ,EVAAUSDT,2026-01-19 00:01:00+00:00,0.07445573127155097,True
6σ прокол 0.2%,APEUSDT,2026-01-19 00:01:00+00:00,0.03877697221879779,True
4σ,APEUSDT,2026-01-19 00:01:00+00:00,0.025053195393329245,True
6σ стоп 5D,TAKEUSDT,2026-01-19 00:01:00+00:00,0.054289156897692384,False
4σ,GPSUSDT,2026-01-19 00:01:00+00:00,0.04196452370776367,True
4σ прокол 0.2%,APEUSDT,2026-01-19 00:01:00+00:00,0.025053195393329245,True
4σ,ICNTUSDT,2026-01-19 00:01:00+00:00,0.02275127546034046,True
4σ,APRUSDT,2026-01-19 00:01:00+00:00,0.028428558792221684,True
4σ прокол 0.2%,PENDLEUSDT,2026-01-19 00:01:00+00:00,0.017528437124923982,True
6σ прокол 0.2%,TAKEUSDT,2026-01-19 00:01:00+00:00,0.054289156897692384,False
4σ прокол 0.2%,APRUSDT,2026-01-19 00:01:00+00:00,0.028428558792221684,True
6σ,ENAUSDT,2026-01-19 00:01:00+00:00,0.03721879524465606,True
6σ стоп 5D,ENAUSDT,2026-01-19 00:01:00+00:00,0.03721879524465606,True
6σ прокол 0.2%,ENAUSDT,2026-01-19 00:01:00+00:00,0.03721879524465606,True
4σ,ENAUSDT,2026-01-19 00:01:00+00:00,0.02406561876129394,True
6σ стоп 5D,TSTUSDT,2026-01-19 00:01:00+00:00,0.034280209808354514,False
4σ прокол 0.2%,ENAUSDT,2026-01-19 00:01:00+00:00,0.02406561876129394,True
4σ прокол 0.2%,GUAUSDT,2026-01-19 00:01:00+00:00,0.03336457777736719,False
6σ прокол 0.2%,TSTUSDT,2026-01-19 00:01:00+00:00,0.034280209808354514,False
4σ,USUSDT,2026-01-19 00:01:00+00:00,0.02483922098388128,True
6σ стоп 5D,ETHFIUSDT,2026-01-19 00:01:00+00:00,0.03432902484296481,True
6σ стоп 5D,PLUMEUSDT,2026-01-19 00:01:00+00:00,0.042144055065084854,True
4σ прокол 0.2%,BOMEUSDT,2026-01-19 00:01:00+00:00,0.01961909249852796,True
6σ стоп 5D,TLMUSDT,2026-01-19 00:01:00+00:00,0.036661450619775285,True
6σ прокол 0.2%,NOTUSDT,2026-01-19 00:01:00+00:00,0.04115398746765915,True
6σ прокол 0.2%,NILUSDT,2026-01-19 00:01:00+00:00,0.05013677562836301,True
6σ стоп 5D,NILUSDT,2026-01-19 00:01:00+00:00,0.05013677562836301,True
4σ прокол 0.2%,RVVUSDT,2026-01-19 00:01:00+00:00,-0.08848605669255935,False
6σ,NILUSDT,2026-01-19 00:01:00+00:00,0.05013677562836301,True
4σ,RVVUSDT,2026-01-19 00:01:00+00:00,-0.08848605669255935,False
6σ прокол 0.2%,RVVUSDT,2026-01-19 00:01:00+00:00,-0.06050418263984744,False
6σ стоп 5D,PNUTUSDT,2026-01-19 00:01:00+00:00,0.03757634201929956,True
6σ стоп 5D,RVVUSDT,2026-01-19 00:01:00+00:00,-0.06050418263984744,False
6σ прокол 0.2%,BATUSDT,2026-01-19 00:01:00+00:00,0.03259552980379028,True
6σ стоп 5D,BATUSDT,2026-01-19 00:01:00+00:00,0.03259552980379028,True
6σ,BATUSDT,2026-01-19 00:01:00+00:00,0.03259552980379028,True
6σ,RVVUSDT,2026-01-19 00:01:00+00:00,-0.06050418263984744,False
6σ прокол 0.2%,PNUTUSDT,2026-01-19 00:01:00+00:00,0.03757634201929956,True
6σ,TLMUSDT,2026-01-19 00:01:00+00:00,0.036661450619775285,True
6σ,NEIROUSDT,2026-01-19 00:01:00+00:00,0.04074882279540511,False
6σ стоп 5D,NOTUSDT,2026-01-19 00:01:00+00:00,0.04115398746765915,True
6σ,PNUTUSDT,2026-01-19 00:01:00+00:00,0.03757634201929956,True
4σ,BATUSDT,2026-01-19 00:01:00+00:00,0.02112356556970081,True
6σ,STORJUSDT,2026-01-19 00:01:00+00:00,0.03476892524388227,True
4σ прокол 0.2%,BATUSDT,2026-01-19 00:01:00+00:00,0.02112356556970081,True
6σ,PEOPLEUSDT,2026-01-19 00:01:00+00:00,0.03909898644471661,True
4σ прокол 0.2%,USUSDT,2026-01-19 00:01:00+00:00,0.02483922098388128,True
6σ прокол 0.2%,BOMEUSDT,2026-01-19 00:01:00+00:00,0.030242065083035022,True
4σ,BOMEUSDT,2026-01-19 00:01:00+00:00,0.01961909249852796,True
6σ стоп 5D,PEOPLEUSDT,2026-01-19 00:01:00+00:00,0.03909898644471661,True
4σ прокол 0.2%,ONDOUSDT,2026-01-19 00:01:00+00:00,0.019567093887679257,True
6σ,IDUSDT,2026-01-19 00:01:00+00:00,0.020900207068499186,True
6σ стоп 5D,BOMEUSDT,2026-01-19 00:01:00+00:00,0.030242065083035022,True
6σ прокол 0.2%,IDUSDT,2026-01-19 00:01:00+00:00,0.020900207068499186,True
6σ,NOTUSDT,2026-01-19 00:01:00+00:00,0.04115398746765915,True
6σ прокол 0.2%,PEOPLEUSDT,2026-01-19 00:01:00+00:00,0.03909898644471661,True
6σ,BOMEUSDT,2026-01-19 00:01:00+00:00,0.030242065083035022,True
4σ,IDUSDT,2026-01-19 00:01:00+00:00,-0.0039027949542838887,True
4σ прокол 0.2%,IDUSDT,2026-01-19 00:01:00+00:00,-0.0039027949542838887,True
4σ прокол 0.2%,PIEVERSEUSDT,2026-01-19 00:01:00+00:00,0.026547327407745194,True
6σ прокол 0.2%,STORJUSDT,2026-01-19 00:01:00+00:00,0.03476892524388227,True
4σ,KAITOUSDT,2026-01-19 00:01:00+00:00,0.022463810730722192,True
6σ прокол 0.2%,TLMUSDT,2026-01-19 00:01:00+00:00,0.036661450619775285,True
6σ стоп 5D,STORJUSDT,2026-01-19 00:01:00+00:00,0.03476892524388227,True
4σ прокол 0.2%,KAITOUSDT,2026-01-19 00:01:00+00:00,0.022463810730722192,True
4σ,PIEVERSEUSDT,2026-01-19 00:01:00+00:00,0.026547327407745194,True
6σ,PLUMEUSDT,2026-01-19 00:01:00+00:00,0.042144055065084854,True
6σ стоп 5D,NEIROUSDT,2026-01-19 00:01:00+00:00,0.04074882279540511,False
6σ прокол 0.2%,NEIROUSDT,2026-01-19 00:01:00+00:00,0.04074882279540511,False
6σ,POWERUSDT,2026-01-19 00:01:00+00:00,0.050616026414224316,True
6σ стоп 5D,POWERUSDT,2026-01-19 00:01:00+00:00,0.050616026414224316,True
6σ прокол 0.2%,POWERUSDT,2026-01-19 00:01:00+00:00,0.050616026414224316,True
4σ,POWERUSDT,2026-01-19 00:01:00+00:00,0.013525681933333616,True
4σ прокол 0.2%,POWERUSDT,2026-01-19 00:01:00+00:00,0.013525681933333616,True
6σ прокол 0.2%,ETHFIUSDT,2026-01-19 00:01:00+00:00,0.03432902484296481,True
6σ,ETHFIUSDT,2026-01-19 00:01:00+00:00,0.03432902484296481,True
4σ прокол 0.2%,SAHARAUSDT,2026-01-19 00:01:00+00:00,0.01673097373790018,True
4σ,SAHARAUSDT,2026-01-19 00:01:00+00:00,0.01673097373790018,True
6σ стоп 5D,AUSDT,2026-01-19 00:01:00+00:00,0.037668871349442815,True
6σ прокол 0.2%,SAHARAUSDT,2026-01-19 00:01:00+00:00,0.025744338584536577,True
6σ стоп 5D,SAHARAUSDT,2026-01-19 00:01:00+00:00,0.025744338584536577,True
6σ,SAHARAUSDT,2026-01-19 00:01:00+00:00,0.025744338584536577,True
4σ прокол 0.2%,IMXUSDT,2026-01-19 00:01:00+00:00,0.0245857918795684,True
4σ,IMXUSDT,2026-01-19 00:01:00+00:00,0.0245857918795684,True
6σ,ACEUSDT,2026-01-19 00:01:00+00:00,0.0473799736185045,True
6σ стоп 5D,ACEUSDT,2026-01-19 00:01:00+00:00,0.0473799736185045,True
6σ прокол 0.2%,PLUMEUSDT,2026-01-19 00:01:00+00:00,0.042144055065084854,True
6σ,AUSDT,2026-01-19 00:01:00+00:00,0.037668871349442815,True
6σ прокол 0.2%,VIRTUALUSDT,2026-01-19 00:01:00+00:00,0.035268765958175366,True
6σ стоп 5D,VIRTUALUSDT,2026-01-19 00:01:00+00:00,0.035268765958175366,True
6σ,VIRTUALUSDT,2026-01-19 00:01:00+00:00,0.035268765958175366,True
6σ прокол 0.2%,WLDUSDT,2026-01-19 00:01:00+00:00,0.03487804918333355,True
4σ,NEIROUSDT,2026-01-19 00:01:00+00:00,0.026300096828265576,False
4σ,MYXUSDT,2026-01-19 00:01:00+00:00,0.025615228697301887,True
4σ прокол 0.2%,NEIROUSDT,2026-01-19 00:01:00+00:00,0.026300096828265576,False
6σ,NIGHTUSDT,2026-01-19 00:01:00+00:00,0.029928652406852232,True
6σ стоп 5D,NIGHTUSDT,2026-01-19 00:01:00+00:00,0.029928652406852232,True
4σ,NIGHTUSDT,2026-01-19 00:01:00+00:00,0.019418391532532733,True
4σ прокол 0.2%,NIGHTUSDT,2026-01-19 00:01:00+00:00,0.019418391532532733,True
6σ прокол 0.2%,AUSDT,2026-01-19 00:01:00+00:00,0.037668871349442815,True
4σ,RENDERUSDT,2026-01-19 00:01:00+00:00,0.022991480695256875,True
4σ прокол 0.2%,MYXUSDT,2026-01-19 00:01:00+00:00,0.025615228697301887,True
6σ,TRUUSDT,2026-01-19 00:01:00+00:00,0.03612149488172185,True
4σ,TRUUSDT,2026-01-19 00:01:00+00:00,0.02336894498604654,True
4σ прокол 0.2%,TRUUSDT,2026-01-19 00:01:00+00:00,0.02336894498604654,True
6σ,RLSUSDT,2026-01-19 00:01:00+00:00,0.02558257563338565,True
6σ стоп 5D,RLSUSDT,2026-01-19 00:01:00+00:00,0.02558257563338565,True
6σ прокол 0.2%,RLSUSDT,2026-01-19 00:01:00+00:00,0.02558257563338565,True
4σ,RLSUSDT,2026-01-19 00:01:00+00:00,0.0005232267447521649,True
4σ прокол 0.2%,RLSUSDT,2026-01-19 00:01:00+00:00,0.0005232267447521649,True
6σ,WLDUSDT,2026-01-19 00:01:00+00:00,0.03487804918333355,True
6σ стоп 5D,WLDUSDT,2026-01-19 00:01:00+00:00,0.03487804918333355,True
6σ стоп 5D,TRUUSDT,2026-01-19 00:01:00+00:00,0.03612149488172185,True
6σ стоп 5D,IDUSDT,2026-01-19 00:01:00+00:00,0.020900207068499186,True
6σ,0GUSDT,2026-01-19 00:01:00+00:00,0.040534786745226994,True
6σ стоп 5D,COMPUSDT,2026-01-19 00:01:00+00:00,0.027042372990204247,True
4σ прокол 0.2%,TRADOORUSDT,2026-01-19 00:01:00+00:00,0.03510443079055321,False
4σ,LUMIAUSDT,2026-01-19 00:01:00+00:00,0.0003260910555647207,True
4σ прокол 0.2%,LUMIAUSDT,2026-01-19 00:01:00+00:00,0.0003260910555647207,True
4σ,MAGICUSDT,2026-01-19 00:01:00+00:00,0.03959995866500661,True
4σ прокол 0.2%,MAGICUSDT,2026-01-19 00:01:00+00:00,0.03959995866500661,True
4σ прокол 0.2%,ONTUSDT,2026-01-19 00:01:00+00:00,0.02536187930395846,True
4σ,ONTUSDT,2026-01-19 00:01:00+00:00,0.02536187930395846,True
4σ прокол 0.2%,NMRUSDT,2026-01-19 00:01:00+00:00,0.015704825840952855,True
4σ,NMRUSDT,2026-01-19 00:01:00+00:00,0.015704825840952855,True
6σ прокол 0.2%,NMRUSDT,2026-01-19 00:01:00+00:00,0.02415265499404158,True
6σ стоп 5D,NMRUSDT,2026-01-19 00:01:00+00:00,0.02415265499404158,True
6σ,NMRUSDT,2026-01-19 00:01:00+00:00,0.02415265499404158,True
4σ прокол 0.2%,MERLUSDT,2026-01-19 00:01:00+00:00,0.059868625631895836,True
4σ,MERLUSDT,2026-01-19 00:01:00+00:00,0.059868625631895836,True
6σ прокол 0.2%,LUMIAUSDT,2026-01-19 00:01:00+00:00,0.03565571390856784,True
4σ прокол 0.2%,IOUSDT,2026-01-19 00:01:00+00:00,0.03206762203964582,True
4σ,ALGOUSDT,2026-01-19 00:01:00+00:00,0.018596647738382724,True
4σ прокол 0.2%,ALGOUSDT,2026-01-19 00:01:00+00:00,0.018596647738382724,True
4σ прокол 0.2%,HBARUSDT,2026-01-19 00:01:00+00:00,0.013498340429553179,True
4σ,HBARUSDT,2026-01-19 00:01:00+00:00,0.013498340429553179,True
6σ прокол 0.2%,HBARUSDT,2026-01-19 00:01:00+00:00,0.020741340187391447,True
6σ стоп 5D,HBARUSDT,2026-01-19 00:01:00+00:00,0.020741340187391447,True
6σ,TAOUSDT,2026-01-19 00:01:00+00:00,0.026417532982232886,True
6σ прокол 0.2%,TAOUSDT,2026-01-19 00:01:00+00:00,0.026417532982232886,True
6σ,HBARUSDT,2026-01-19 00:01:00+00:00,0.020741340187391447,True
4σ прокол 0.2%,BANKUSDT,2026-01-19 00:01:00+00:00,0.022535216122291327,True
4σ,BANKUSDT,2026-01-19 00:01:00+00:00,0.022535216122291327,True
6σ прокол 0.2%,BANKUSDT,2026-01-19 00:01:00+00:00,0.03481038190211057,True
6σ стоп 5D,BANKUSDT,2026-01-19 00:01:00+00:00,0.03481038190211057,True
6σ,BANKUSDT,2026-01-19 00:01:00+00:00,0.03481038190211057,True
4σ,IOUSDT,2026-01-19 00:01:00+00:00,0.03206762203964582,True
6σ стоп 5D,LUMIAUSDT,2026-01-19 00:01:00+00:00,0.03565571390856784,True
6σ,LUMIAUSDT,2026-01-19 00:01:00+00:00,0.03565571390856784,True
4σ,TRADOORUSDT,2026-01-19 00:01:00+00:00,0.03510443079055321,False
4σ прокол 0.2%,TNSRUSDT,2026-01-19 00:01:00+00:00,0.05182670044072642,True
4σ,COAIUSDT,2026-01-19 00:01:00+00:00,-0.036734346734638906,True
6σ прокол 0.2%,COAIUSDT,2026-01-19 00:01:00+00:00,-0.011875626449924431,True
4σ,TNSRUSDT,2026-01-19 00:01:00+00:00,0.05182670044072642,True
6σ стоп 5D,COAIUSDT,2026-01-19 00:01:00+00:00,-0.011875626449924431,True
6σ,COAIUSDT,2026-01-19 00:01:00+00:00,-0.011875626449924431,True
4σ прокол 0.2%,TAUSDT,2026-01-19 00:01:00+00:00,0.03245349578181607,True
4σ,TAUSDT,2026-01-19 00:01:00+00:00,0.03245349578181607,True
4σ прокол 0.2%,STBLUSDT,2026-01-19 00:01:00+00:00,0.02355211349097726,True
4σ,STBLUSDT,2026-01-19 00:01:00+00:00,0.02355211349097726,True
6σ прокол 0.2%,STBLUSDT,2026-01-19 00:01:00+00:00,0.036409843792570576,True
6σ стоп 5D,STBLUSDT,2026-01-19 00:01:00+00:00,0.036409843792570576,True
6σ,STBLUSDT,2026-01-19 00:01:00+00:00,0.036409843792570576,True
4σ,POPCATUSDT,2026-01-19 00:01:00+00:00,0.02509479638443919,True
4σ прокол 0.2%,POPCATUSDT,2026-01-19 00:01:00+00:00,0.02509479638443919,True
6σ,SAPIENUSDT,2026-01-19 00:01:00+00:00,0.03244074956791172,True
6σ стоп 5D,SAPIENUSDT,2026-01-19 00:01:00+00:00,0.03244074956791172,True
6σ прокол 0.2%,TRADOORUSDT,2026-01-19 00:01:00+00:00,0.0548170978136084,False
6σ стоп 5D,TRADOORUSDT,2026-01-19 00:01:00+00:00,0.0548170978136084,False
6σ,TRADOORUSDT,2026-01-19 00:01:00+00:00,0.0548170978136084,False
6σ прокол 0.2%,SUSHIUSDT,2026-01-19 00:01:00+00:00,0.03828104346118329,True
6σ стоп 5D,SUSHIUSDT,2026-01-19 00:01:00+00:00,0.03828104346118329,True
6σ,SUSHIUSDT,2026-01-19 00:01:00+00:00,0.03828104346118329,True
6σ прокол 0.2%,FOLKSUSDT,2026-01-19 00:01:00+00:00,-0.02079830577898231,True
4σ прокол 0.2%,HANAUSDT,2026-01-19 00:01:00+00:00,0.037512486446869844,True
6σ прокол 0.2%,HANAUSDT,2026-01-19 00:01:00+00:00,0.05870972637019296,True
6σ стоп 5D,HANAUSDT,2026-01-19 00:01:00+00:00,0.05870972637019296,True
6σ,HANAUSDT,2026-01-19 00:01:00+00:00,0.05870972637019296,True
4σ прокол 0.2%,SAPIENUSDT,2026-01-19 00:01:00+00:00,0.02102476286409334,True
4σ,SAPIENUSDT,2026-01-19 00:01:00+00:00,0.02102476286409334,True
6σ прокол 0.2%,SAPIENUSDT,2026-01-19 00:01:00+00:00,0.03244074956791172,True
4σ,HANAUSDT,2026-01-19 00:01:00+00:00,0.037512486446869844,True
4σ прокол 0.2%,MONUSDT,2026-01-19 00:01:00+00:00,0.0196773054324932,True
6σ стоп 5D,FOLKSUSDT,2026-01-19 00:01:00+00:00,-0.02079830577898231,True
4σ прокол 0.2%,ANIMEUSDT,2026-01-19 00:01:00+00:00,0.020511571103879203,True
6σ прокол 0.2%,XPINUSDT,2026-01-19 00:01:00+00:00,0.0309591558253592,True
6σ стоп 5D,XPINUSDT,2026-01-19 00:01:00+00:00,0.0309591558253592,True
4σ прокол 0.2%,SUPERUSDT,2026-01-19 00:01:00+00:00,0.020853788303952084,True
4σ,SUPERUSDT,2026-01-19 00:01:00+00:00,0.020853788303952084,True
6σ стоп 5D,SUPERUSDT,2026-01-19 00:01:00+00:00,0.032172981713699714,True
6σ,SUPERUSDT,2026-01-19 00:01:00+00:00,0.032172981713699714,True
4σ,NOMUSDT,2026-01-19 00:01:00+00:00,0.02298185437661311,True
4σ прокол 0.2%,NOMUSDT,2026-01-19 00:01:00+00:00,0.02298185437661311,True
6σ,XPINUSDT,2026-01-19 00:01:00+00:00,0.0309591558253592,True
4σ прокол 0.2%,WETUSDT,2026-01-19 00:01:00+00:00,0.002086597368311766,True
4σ,WETUSDT,2026-01-19 00:01:00+00:00,0.002086597368311766,True
6σ прокол 0.2%,WETUSDT,2026-01-19 00:01:00+00:00,0.04005212882377003,True
6σ стоп 5D,WETUSDT,2026-01-19 00:01:00+00:00,0.04005212882377003,True
6σ,WETUSDT,2026-01-19 00:01:00+00:00,0.04005212882377003,True
4σ,XPINUSDT,2026-01-19 00:01:00+00:00,0.02007798891988695,True
4σ прокол 0.2%,VTHOUSDT,2026-01-19 00:01:00+00:00,0.016596594777034526,True
4σ прокол 0.2%,VETUSDT,2026-01-19 00:01:00+00:00,0.018102003142847337,True
4σ,VETUSDT,2026-01-19 00:01:00+00:00,0.018102003142847337,True
6σ прокол 0.2%,USTCUSDT,2026-01-19 00:01:00+00:00,0.03206824102520352,True
6σ стоп 5D,USTCUSDT,2026-01-19 00:01:00+00:00,0.03206824102520352,True
6σ,USTCUSDT,2026-01-19 00:01:00+00:00,0.03206824102520352,True
6σ,LYNUSDT,2026-01-19 00:01:00+00:00,0.0809680927417839,True
6σ стоп 5D,LYNUSDT,2026-01-19 00:01:00+00:00,0.0809680927417839,True
6σ прокол 0.2%,LYNUSDT,2026-01-19 00:01:00+00:00,0.0809680927417839,True
4σ,LYNUSDT,2026-01-19 00:01:00+00:00,0.05105423960129825,True
4σ прокол 0.2%,QUSDT,2026-01-19 00:01:00+00:00,0.027471532320081107,True
4σ прокол 0.2%,LYNUSDT,2026-01-19 00:01:00+00:00,0.05105423960129825,True
4σ,OPENUSDT,2026-01-19 00:01:00+00:00,0.032448171489678004,True
4σ прокол 0.2%,OPENUSDT,2026-01-19 00:01:00+00:00,0.032448171489678004,True
4σ,QUSDT,2026-01-19 00:01:00+00:00,0.027471532320081107,True
4σ,VTHOUSDT,2026-01-19 00:01:00+00:00,0.016596594777034526,True
4σ прокол 0.2%,CYSUSDT,2026-01-19 00:01:00+00:00,0.020403196309301833,True
4σ,CYSUSDT,2026-01-19 00:01:00+00:00,0.020403196309301833,True
4σ прокол 0.2%,XPINUSDT,2026-01-19 00:01:00+00:00,0.02007798891988695,True
4σ,ANIMEUSDT,2026-01-19 00:01:00+00:00,0.020511571103879203,True
6σ прокол 0.2%,ANIMEUSDT,2026-01-19 00:01:00+00:00,0.031637307080816204,True
6σ стоп 5D,ANIMEUSDT,2026-01-19 00:01:00+00:00,0.031637307080816204,True
6σ,ANIMEUSDT,2026-01-19 00:01:00+00:00,0.031637307080816204,True
6σ,ENSOUSDT,2026-01-19 00:01:00+00:00,0.030069516802151156,True
6σ стоп 5D,ENSOUSDT,2026-01-19 00:01:00+00:00,0.030069516802151156,True
6σ,ZBTUSDT,2026-01-19 00:01:00+00:00,0.04484710712937075,True
6σ стоп 5D,ZBTUSDT,2026-01-19 00:01:00+00:00,0.04484710712937075,True
6σ прокол 0.2%,ENSOUSDT,2026-01-19 00:01:00+00:00,0.030069516802151156,True
6σ прокол 0.2%,ZBTUSDT,2026-01-19 00:01:00+00:00,0.04484710712937075,True
4σ,HUSDT,2026-01-19 00:01:00+00:00,0.02514310972221341,True
4σ прокол 0.2%,HUSDT,2026-01-19 00:01:00+00:00,0.02514310972221341,True
6σ прокол 0.2%,CHZUSDT,2026-01-19 00:01:00+00:00,0.049580492131421974,True
6σ стоп 5D,CHZUSDT,2026-01-19 00:01:00+00:00,0.049580492131421974,True
6σ,CHZUSDT,2026-01-19 00:01:00+00:00,0.049580492131421974,True
4σ,ARBUSDT,2026-01-19 00:01:00+00:00,0.020366549481756827,True
4σ прокол 0.2%,BABYUSDT,2026-01-19 00:01:00+00:00,0.016919946938411326,True
6σ прокол 0.2%,BRETTUSDT,2026-01-19 00:01:00+00:00,0.04452226036239422,True
6σ стоп 5D,BRETTUSDT,2026-01-19 00:01:00+00:00,0.04452226036239422,True
6σ,BRETTUSDT,2026-01-19 00:01:00+00:00,0.04452226036239422,True
4σ прокол 0.2%,MUBARAKUSDT,2026-01-19 00:01:00+00:00,0.029217900466132332,True
4σ,4USDT,2026-01-19 00:01:00+00:00,0.05785227193296745,True
6σ прокол 0.2%,MUBARAKUSDT,2026-01-19 00:01:00+00:00,0.04538284236749575,True
6σ,FOLKSUSDT,2026-01-19 00:01:00+00:00,-0.02079830577898231,True
6σ стоп 5D,MUBARAKUSDT,2026-01-19 00:01:00+00:00,0.04538284236749575,True
4σ прокол 0.2%,4USDT,2026-01-19 00:01:00+00:00,0.05785227193296745,True
6σ,BABYUSDT,2026-01-19 00:01:00+00:00,0.026037822083266396,True
6σ стоп 5D,BABYUSDT,2026-01-19 00:01:00+00:00,0.026037822083266396,True
6σ прокол 0.2%,BABYUSDT,2026-01-19 00:01:00+00:00,0.026037822083266396,True
4σ,BABYUSDT,2026-01-19 00:01:00+00:00,0.016919946938411326,True
4σ прокол 0.2%,ARBUSDT,2026-01-19 00:01:00+00:00,0.020366549481756827,True
6σ,MUBARAKUSDT,2026-01-19 00:01:00+00:00,0.04538284236749575,True
4σ прокол 0.2%,COAIUSDT,2026-01-19 00:01:00+00:00,-0.036734346734638906,True
6σ стоп 5D,TAOUSDT,2026-01-19 00:01:00+00:00,0.026417532982232886,True
4σ,YBUSDT,2026-01-19 00:01:00+00:00,0.03457194011722105,True
6σ прокол 0.2%,ASRUSDT,2026-01-19 00:01:00+00:00,0.033909651240683084,True
6σ стоп 5D,ASRUSDT,2026-01-19 00:01:00+00:00,0.033909651240683084,True
4σ прокол 0.2%,DUSDT,2026-01-19 00:01:00+00:00,0.0634299818085326,False
4σ прокол 0.2%,GALAUSDT,2026-01-19 00:01:00+00:00,0.029975543676886665,True
4σ,GALAUSDT,2026-01-19 00:01:00+00:00,0.029975543676886665,True
6σ,BASUSDT,2026-01-19 00:01:00+00:00,-0.010325067680718364,False
6σ стоп 5D,MONUSDT,2026-01-19 00:01:00+00:00,0.030332993853185067,True
6σ прокол 0.2%,BASUSDT,2026-01-19 00:01:00+00:00,-0.010325067680718364,False
6σ,ASRUSDT,2026-01-19 00:01:00+00:00,0.033909651240683084,True
4σ прокол 0.2%,CCUSDT,2026-01-19 00:01:00+00:00,0.02788060863741633,True
4σ прокол 0.2%,FUSDT,2026-01-19 00:01:00+00:00,0.016293166085149705,True
6σ прокол 0.2%,TURBOUSDT,2026-01-19 00:01:00+00:00,0.034996591751273745,False
4σ,CCUSDT,2026-01-19 00:01:00+00:00,0.02788060863741633,True
4σ,MONUSDT,2026-01-19 00:01:00+00:00,0.0196773054324932,True
6σ прокол 0.2%,CCUSDT,2026-01-19 00:01:00+00:00,0.04325551756319275,True
4σ,FUSDT,2026-01-19 00:01:00+00:00,0.016293166085149705,True
4σ прокол 0.2%,ASRUSDT,2026-01-19 00:01:00+00:00,0.021961621210515994,True
6σ прокол 0.2%,MONUSDT,2026-01-19 00:01:00+00:00,0.030332993853185067,True
6σ,MMTUSDT,2026-01-19 00:01:00+00:00,0.03481482542682941,True
6σ стоп 5D,YBUSDT,2026-01-19 00:01:00+00:00,0.053958948051939085,True
6σ,YBUSDT,2026-01-19 00:01:00+00:00,0.053958948051939085,True
6σ стоп 5D,CCUSDT,2026-01-19 00:01:00+00:00,0.04325551756319275,True
6σ,CCUSDT,2026-01-19 00:01:00+00:00,0.04325551756319275,True
6σ прокол 0.2%,MMTUSDT,2026-01-19 00:01:00+00:00,0.03481482542682941,True
6σ стоп 5D,0GUSDT,2026-01-19 00:01:00+00:00,0.040534786745226994,True
6σ стоп 5D,BASUSDT,2026-01-19 00:01:00+00:00,-0.010325067680718364,False
4σ прокол 0.2%,1000BONKUSDT,2026-01-19 00:01:00+00:00,0.02045077024219051,True
6σ прокол 0.2%,COMPUSDT,2026-01-19 00:01:00+00:00,0.027042372990204247,True
4σ прокол 0.2%,YBUSDT,2026-01-19 00:01:00+00:00,0.03457194011722105,True
6σ стоп 5D,MMTUSDT,2026-01-19 00:01:00+00:00,0.03481482542682941,True
4σ,ZKCUSDT,2026-01-19 00:01:00+00:00,0.029099181169450053,True
4σ,ASRUSDT,2026-01-19 00:01:00+00:00,0.021961621210515994,True
6σ,TURBOUSDT,2026-01-19 00:01:00+00:00,0.034996591751273745,False
4σ прокол 0.2%,JASMYUSDT,2026-01-19 00:01:00+00:00,0.023120216850654976,True
6σ стоп 5D,TURBOUSDT,2026-01-19 00:01:00+00:00,0.034996591751273745,False
4σ прокол 0.2%,ZKCUSDT,2026-01-19 00:01:00+00:00,0.029099181169450053,True
6σ,MONUSDT,2026-01-19 00:01:00+00:00,0.030332993853185067,True
4σ,DUSDT,2026-01-19 00:01:00+00:00,0.0634299818085326,False
6σ,COMPUSDT,2026-01-19 00:01:00+00:00,0.027042372990204247,True
4σ,JASMYUSDT,2026-01-19 00:01:00+00:00,0.023120216850654976,True
6σ прокол 0.2%,YBUSDT,2026-01-19 00:01:00+00:00,0.053958948051939085,True
4σ,ATUSDT,2026-01-19 00:02:00+00:00,0.02157419653034172,True
4σ,SQDUSDT,2026-01-19 00:02:00+00:00,0.022275569639696083,True
4σ прокол 0.2%,SQDUSDT,2026-01-19 00:02:00+00:00,0.022275569639696083,True
4σ,ZROUSDT,2026-01-19 00:02:00+00:00,0.01674515024560526,True
6σ прокол 0.2%,GRTUSDT,2026-01-19 00:02:00+00:00,0.05185191316432887,True
6σ прокол 0.2%,TRUUSDT,2026-01-19 00:02:00+00:00,0.03696466101530467,True
6σ,FLOCKUSDT,2026-01-19 00:02:00+00:00,0.052130309338724604,True
4σ прокол 0.2%,ZROUSDT,2026-01-19 00:02:00+00:00,0.01674515024560526,True
4σ прокол 0.2%,ZORAUSDT,2026-01-19 00:02:00+00:00,0.02201748769961305,True
6σ стоп 5D,GRTUSDT,2026-01-19 00:02:00+00:00,0.05185191316432887,True
6σ стоп 5D,FLOCKUSDT,2026-01-19 00:02:00+00:00,0.052130309338724604,True
6σ,GRTUSDT,2026-01-19 00:02:00+00:00,0.05185191316432887,True
6σ прокол 0.2%,FLOCKUSDT,2026-01-19 00:02:00+00:00,0.052130309338724604,True
4σ,MYXUSDT,2026-01-19 00:03:00+00:00,0.04037743302974901,True
4σ прокол 0.2%,BULLAUSDT,2026-01-20 07:13:00+00:00,0.02790739949733685,False
4σ,BULLAUSDT,2026-01-20 07:13:00+00:00,0.02790739949733685,False
6σ прокол 0.2%,UBUSDT,2026-01-20 14:09:00+00:00,0.02773703867735096,True
6σ стоп 5D,UBUSDT,2026-01-20 14:09:00+00:00,0.02773703867735096,True
4σ прокол 0.2%,UBUSDT,2026-01-20 14:09:00+00:00,0.01801264099043394,True
6σ,UBUSDT,2026-01-20 14:09:00+00:00,0.02773703867735096,True
4σ,UBUSDT,2026-01-20 14:09:00+00:00,0.01801264099043394,True
6σ стоп 5D,ENSOUSDT,2026-01-20 19:07:00+00:00,0.026392937626495264,True
4σ,ENSOUSDT,2026-01-20 19:07:00+00:00,0.017148507702784158,True
4σ прокол 0.2%,ENSOUSDT,2026-01-20 19:07:00+00:00,0.017148507702784158,True
6σ,ENSOUSDT,2026-01-20 19:07:00+00:00,0.026392937626495264,True
4σ,YBUSDT,2026-01-20 22:33:00+00:00,0.022295129869720445,True
4σ прокол 0.2%,TAKEUSDT,2026-01-20 22:33:00+00:00,0.029578148396160533,False
4σ,TAKEUSDT,2026-01-20 22:33:00+00:00,0.029578148396160533,False
4σ прокол 0.2%,YBUSDT,2026-01-20 22:33:00+00:00,0.022295129869720445,True
4σ,IRUSDT,2026-01-23 04:29:00+00:00,0.018369888210414367,False
4σ прокол 0.2%,IRUSDT,2026-01-23 04:29:00+00:00,0.018369888210414367,False
6σ,ENSUSDT,2026-01-25 16:02:00+00:00,0.013596012176543226,True
6σ стоп 5D,ENSUSDT,2026-01-25 16:02:00+00:00,0.013596012176543226,True
4σ,ENSUSDT,2026-01-25 16:02:00+00:00,0.008844418125264663,True
4σ прокол 0.2%,ENSUSDT,2026-01-25 16:02:00+00:00,0.008844418125264663,True
6σ стоп 5D,1000000MOGUSDT,2026-01-25 18:26:00+00:00,0.02391479230057554,True
6σ прокол 0.2%,1000000MOGUSDT,2026-01-25 18:26:00+00:00,0.02391479230057554,True
4σ,1000000MOGUSDT,2026-01-25 18:26:00+00:00,0.015551293278390511,True
6σ,1000000MOGUSDT,2026-01-25 18:26:00+00:00,0.02391479230057554,True
4σ прокол 0.2%,1000000MOGUSDT,2026-01-25 18:26:00+00:00,0.015551293278390511,True
6σ,SSVUSDT,2026-01-25 18:26:00+00:00,0.026417122568473908,True
6σ стоп 5D,SSVUSDT,2026-01-25 18:26:00+00:00,0.026417122568473908,True
6σ прокол 0.2%,SSVUSDT,2026-01-25 18:26:00+00:00,0.026417122568473908,True
4σ,SSVUSDT,2026-01-25 18:26:00+00:00,-0.016028579209280552,True
4σ прокол 0.2%,SSVUSDT,2026-01-25 18:26:00+00:00,-0.016028579209280552,True
6σ стоп 5D,COAIUSDT,2026-01-25 19:48:00+00:00,0.034709533257233985,True
6σ прокол 0.2%,COAIUSDT,2026-01-25 19:48:00+00:00,0.034709533257233985,True
4σ,COAIUSDT,2026-01-25 19:48:00+00:00,0.022471028090573955,True
6σ,COAIUSDT,2026-01-25 19:48:00+00:00,0.034709533257233985,True
4σ прокол 0.2%,COAIUSDT,2026-01-25 19:48:00+00:00,0.022471028090573955,True
4σ прокол 0.2%,GUAUSDT,2026-01-26 05:33:00+00:00,0.033931845204020886,False
4σ,GUAUSDT,2026-01-26 05:33:00+00:00,0.033931845204020886,False
4σ,NMRUSDT,2026-01-26 06:03:00+00:00,-0.013698772708582302,True
4σ прокол 0.2%,NMRUSDT,2026-01-26 06:03:00+00:00,-0.013698772708582302,True
6σ,2ZUSDT,2026-01-26 10:08:00+00:00,-0.01294074669399689,True
6σ стоп 5D,2ZUSDT,2026-01-26 10:08:00+00:00,-0.01294074669399689,True
4σ,2ZUSDT,2026-01-26 10:08:00+00:00,-0.05230683147960499,True
4σ прокол 0.2%,2ZUSDT,2026-01-26 10:08:00+00:00,-0.05230683147960499,True
6σ прокол 0.2%,2ZUSDT,2026-01-26 10:08:00+00:00,-0.01294074669399689,True
4σ прокол 0.2%,METUSDT,2026-01-26 16:15:00+00:00,-0.008606651848870522,True
4σ,METUSDT,2026-01-26 16:15:00+00:00,-0.008606651848870522,True
4σ,RVVUSDT,2026-01-27 11:27:00+00:00,0.03171531415716751,False
4σ прокол 0.2%,RVVUSDT,2026-01-27 11:27:00+00:00,0.03171531415716751,False
4σ,CYBERUSDT,2026-01-28 00:47:00+00:00,0.024910490290082035,True
4σ прокол 0.2%,CYBERUSDT,2026-01-28 00:47:00+00:00,0.024910490290082035,True
6σ прокол 0.2%,CYBERUSDT,2026-01-28 00:47:00+00:00,0.03855162003582287,True
6σ стоп 5D,CYBERUSDT,2026-01-28 00:47:00+00:00,0.03855162003582287,True
6σ,CYBERUSDT,2026-01-28 00:47:00+00:00,0.03855162003582287,True
4σ прокол 0.2%,YGGUSDT,2026-01-29 15:03:00+00:00,0.01980069015323123,True
4σ,YGGUSDT,2026-01-29 15:03:00+00:00,0.01980069015323123,True
4σ прокол 0.2%,ERAUSDT,2026-01-29 15:04:00+00:00,0.02636292217432308,True
4σ,ERAUSDT,2026-01-29 15:04:00+00:00,0.02636292217432308,True
6σ прокол 0.2%,ZENUSDT,2026-01-30 01:42:00+00:00,0.034588189999406674,True
6σ стоп 5D,ZENUSDT,2026-01-30 01:42:00+00:00,0.034588189999406674,True
4σ прокол 0.2%,ZENUSDT,2026-01-30 01:42:00+00:00,0.022393784491214944,True
6σ,ZENUSDT,2026-01-30 01:42:00+00:00,0.034588189999406674,True
4σ,ZENUSDT,2026-01-30 01:42:00+00:00,0.022393784491214944,True
4σ прокол 0.2%,1000BONKUSDT,2026-01-30 01:43:00+00:00,0.022272419860209294,True
4σ прокол 0.2%,FLOWUSDT,2026-01-30 01:43:00+00:00,0.028608027640706538,True
4σ,1000BONKUSDT,2026-01-30 01:43:00+00:00,0.022272419860209294,True
4σ,FLOWUSDT,2026-01-30 01:43:00+00:00,0.028608027640706538,True
4σ,CLOUSDT,2026-01-31 02:39:00+00:00,0.05620156325697519,True
4σ прокол 0.2%,CLOUSDT,2026-01-31 02:39:00+00:00,0.05620156325697519,True
4σ,AIXBTUSDT,2026-01-31 08:17:00+00:00,0.0331123699601112,True
4σ прокол 0.2%,TAKEUSDT,2026-01-31 08:17:00+00:00,0.03443813752024423,False
4σ,TAKEUSDT,2026-01-31 08:17:00+00:00,0.03443813752024423,False
4σ прокол 0.2%,AIXBTUSDT,2026-01-31 08:17:00+00:00,0.0331123699601112,True
4σ прокол 0.2%,ZENUSDT,2026-01-31 14:26:00+00:00,0.022439995345529165,True
4σ,NOTUSDT,2026-01-31 14:26:00+00:00,0.026910415744761232,True
4σ,ZENUSDT,2026-01-31 14:26:00+00:00,0.022439995345529165,True
4σ прокол 0.2%,CYBERUSDT,2026-01-31 14:26:00+00:00,0.023168217611686262,True
4σ,CYBERUSDT,2026-01-31 14:26:00+00:00,0.023168217611686262,True
6σ,TONUSDT,2026-01-31 14:26:00+00:00,0.021730639925586506,True
4σ,BBUSDT,2026-01-31 14:26:00+00:00,0.026118181242976005,True
6σ стоп 5D,TONUSDT,2026-01-31 14:26:00+00:00,0.021730639925586506,True
6σ прокол 0.2%,TONUSDT,2026-01-31 14:26:00+00:00,0.021730639925586506,True
4σ,DOLOUSDT,2026-01-31 14:26:00+00:00,0.02756948428130919,True
4σ прокол 0.2%,TLMUSDT,2026-01-31 14:26:00+00:00,0.020887075180958184,True
4σ,COAIUSDT,2026-01-31 14:26:00+00:00,0.023848975790166052,True
4σ,TLMUSDT,2026-01-31 14:26:00+00:00,0.020887075180958184,True
4σ прокол 0.2%,NOTUSDT,2026-01-31 14:26:00+00:00,0.026910415744761232,True
4σ прокол 0.2%,COAIUSDT,2026-01-31 14:26:00+00:00,0.023848975790166052,True
4σ,BBUSDT,2026-01-31 17:11:00+00:00,0.0318688025586797,True
4σ,LUNA2USDT,2026-01-31 17:11:00+00:00,0.027747154926958076,True
4σ прокол 0.2%,BBUSDT,2026-01-31 17:11:00+00:00,0.0318688025586797,True
4σ,COMPUSDT,2026-01-31 17:11:00+00:00,0.01985357646378612,True
4σ прокол 0.2%,LUNA2USDT,2026-01-31 17:11:00+00:00,0.027747154926958076,True
4σ,BABYUSDT,2026-01-31 17:11:00+00:00,0.019693506952360454,True
4σ прокол 0.2%,GRTUSDT,2026-01-31 17:11:00+00:00,0.023196616097685932,True
4σ прокол 0.2%,CYBERUSDT,2026-01-31 17:11:00+00:00,0.027200650637100046,True
6σ,TLMUSDT,2026-01-31 17:11:00+00:00,0.04147189340803088,True
4σ,CYBERUSDT,2026-01-31 17:11:00+00:00,0.027200650637100046,True
4σ,AIAUSDT,2026-01-31 17:11:00+00:00,0.07723189481755738,True
6σ стоп 5D,TLMUSDT,2026-01-31 17:11:00+00:00,0.04147189340803088,True
6σ прокол 0.2%,TLMUSDT,2026-01-31 17:11:00+00:00,0.04147189340803088,True
4σ прокол 0.2%,AIAUSDT,2026-01-31 17:11:00+00:00,0.07723189481755738,True
4σ,MANAUSDT,2026-01-31 17:11:00+00:00,0.0246251653900202,True
4σ,TLMUSDT,2026-01-31 17:11:00+00:00,0.02675653199662427,True
4σ,STRKUSDT,2026-01-31 17:11:00+00:00,0.033339091680686786,True
4σ прокол 0.2%,WIFUSDT,2026-01-31 17:11:00+00:00,0.026806002460297587,True
4σ,EIGENUSDT,2026-01-31 17:11:00+00:00,0.029516483107884864,True
4σ,FLOWUSDT,2026-01-31 17:11:00+00:00,0.02617466619907667,True
4σ прокол 0.2%,BABYUSDT,2026-01-31 17:11:00+00:00,0.019693506952360454,True
4σ прокол 0.2%,FLOWUSDT,2026-01-31 17:11:00+00:00,0.02617466619907667,True
4σ,GRTUSDT,2026-01-31 17:11:00+00:00,0.023196616097685932,True
4σ прокол 0.2%,TLMUSDT,2026-01-31 17:11:00+00:00,0.02675653199662427,True
4σ,WIFUSDT,2026-01-31 17:11:00+00:00,0.026806002460297587,True
4σ прокол 0.2%,STRKUSDT,2026-01-31 17:11:00+00:00,0.033339091680686786,True
4σ,SUSDT,2026-01-31 17:11:00+00:00,0.02605794229905385,True
6σ,COAIUSDT,2026-01-31 17:11:00+00:00,0.04667948360239289,True
4σ прокол 0.2%,COAIUSDT,2026-01-31 17:11:00+00:00,0.030031198979361975,True
4σ прокол 0.2%,SUSDT,2026-01-31 17:11:00+00:00,0.02605794229905385,True
6σ стоп 5D,COAIUSDT,2026-01-31 17:11:00+00:00,0.04667948360239289,True
4σ,COAIUSDT,2026-01-31 17:11:00+00:00,0.030031198979361975,True
4σ,FFUSDT,2026-01-31 17:11:00+00:00,0.019442644459733274,True
4σ прокол 0.2%,FFUSDT,2026-01-31 17:11:00+00:00,0.019442644459733274,True
6σ,EVAAUSDT,2026-01-31 17:12:00+00:00,0.05719082223529122,True
6σ стоп 5D,EVAAUSDT,2026-01-31 17:12:00+00:00,0.05719082223529122,True
4σ прокол 0.2%,PTBUSDT,2026-01-31 17:12:00+00:00,0.04812688924024751,True
4σ прокол 0.2%,GPSUSDT,2026-01-31 17:12:00+00:00,0.0309056467604842,True
4σ,GPSUSDT,2026-01-31 17:12:00+00:00,0.0309056467604842,True
4σ прокол 0.2%,WETUSDT,2026-01-31 17:12:00+00:00,0.039022014022874266,True
4σ,WETUSDT,2026-01-31 17:12:00+00:00,0.039022014022874266,True
6σ стоп 5D,BDXNUSDT,2026-01-31 17:12:00+00:00,0.06370733777519083,True
4σ прокол 0.2%,EVAAUSDT,2026-01-31 17:12:00+00:00,0.03657429479755332,True
6σ,BDXNUSDT,2026-01-31 17:12:00+00:00,0.06370733777519083,True
4σ,EVAAUSDT,2026-01-31 17:12:00+00:00,0.03657429479755332,True
6σ прокол 0.2%,EVAAUSDT,2026-01-31 17:12:00+00:00,0.05719082223529122,True
4σ,PTBUSDT,2026-01-31 17:12:00+00:00,0.04812688924024751,True
6σ прокол 0.2%,BDXNUSDT,2026-01-31 17:12:00+00:00,0.06370733777519083,True
6σ,BARDUSDT,2026-01-31 18:20:00+00:00,-0.07939590969710428,True
6σ стоп 5D,BARDUSDT,2026-01-31 18:20:00+00:00,-0.07939590969710428,True
4σ,BARDUSDT,2026-01-31 18:20:00+00:00,-0.09605242304376169,True
4σ прокол 0.2%,BARDUSDT,2026-01-31 18:20:00+00:00,-0.09605242304376169,True
6σ прокол 0.2%,BARDUSDT,2026-01-31 18:20:00+00:00,-0.07939590969710428,True
4σ прокол 0.2%,EVAAUSDT,2026-01-31 18:43:00+00:00,0.051985021968887726,True
4σ,EVAAUSDT,2026-01-31 18:43:00+00:00,0.051985021968887726,True
4σ,A2ZUSDT,2026-01-31 18:43:00+00:00,0.034697588005358784,True
4σ прокол 0.2%,IMXUSDT,2026-01-31 18:43:00+00:00,0.034881865155892824,True
4σ,CAKEUSDT,2026-01-31 18:43:00+00:00,0.02452898466370619,True
4σ прокол 0.2%,CAKEUSDT,2026-01-31 18:43:00+00:00,0.02452898466370619,True
4σ прокол 0.2%,TURBOUSDT,2026-01-31 18:43:00+00:00,0.03551096320894738,False
6σ,WLFIUSDT,2026-01-31 18:43:00+00:00,0.048183800158445325,True
6σ прокол 0.2%,ZEREBROUSDT,2026-01-31 18:43:00+00:00,0.07456930894205843,True
6σ стоп 5D,ZEREBROUSDT,2026-01-31 18:43:00+00:00,0.07456930894205843,True
6σ,ZEREBROUSDT,2026-01-31 18:43:00+00:00,0.07456930894205843,True
6σ стоп 5D,WLFIUSDT,2026-01-31 18:43:00+00:00,0.048183800158445325,True
4σ,TURBOUSDT,2026-01-31 18:43:00+00:00,0.03551096320894738,False
6σ прокол 0.2%,WLFIUSDT,2026-01-31 18:43:00+00:00,0.048183800158445325,True
4σ,FLOWUSDT,2026-01-31 18:43:00+00:00,0.03347162942482025,True
4σ,WLFIUSDT,2026-01-31 18:43:00+00:00,0.030973052045019725,True
4σ прокол 0.2%,FLOWUSDT,2026-01-31 18:43:00+00:00,0.03347162942482025,True
4σ,GRTUSDT,2026-01-31 18:43:00+00:00,0.03247365449614743,True
4σ прокол 0.2%,WLFIUSDT,2026-01-31 18:43:00+00:00,0.030973052045019725,True
4σ,IMXUSDT,2026-01-31 18:43:00+00:00,0.034881865155892824,True
4σ,KASUSDT,2026-01-31 18:44:00+00:00,0.03460981071883169,True
6σ стоп 5D,KASUSDT,2026-01-31 18:44:00+00:00,0.05401994816275431,True
6σ прокол 0.2%,KASUSDT,2026-01-31 18:44:00+00:00,0.05401994816275431,True
4σ прокол 0.2%,KASUSDT,2026-01-31 18:44:00+00:00,0.03460981071883169,True
6σ,KASUSDT,2026-01-31 18:44:00+00:00,0.05401994816275431,True
4σ,ZKPUSDT,2026-02-01 01:13:00+00:00,0.08617198383028829,True
4σ прокол 0.2%,ZKPUSDT,2026-02-01 01:13:00+00:00,0.08617198383028829,True
4σ,BOMEUSDT,2026-02-03 09:07:00+00:00,-0.006589509132676279,True
4σ прокол 0.2%,BOMEUSDT,2026-02-03 09:07:00+00:00,-0.006589509132676279,True
4σ прокол 0.2%,PLAYUSDT,2026-02-03 14:54:00+00:00,-0.11176869974548195,False
4σ,PLAYUSDT,2026-02-03 14:54:00+00:00,-0.11176869974548195,False
4σ прокол 0.2%,RVVUSDT,2026-02-06 00:14:00+00:00,0.09760596034893892,False
4σ,RVVUSDT,2026-02-06 00:14:00+00:00,0.09760596034893892,False
4σ,MUSDT,2026-02-06 00:20:00+00:00,0.05964542983486938,True
4σ прокол 0.2%,MUSDT,2026-02-06 00:20:00+00:00,0.05964542983486938,True
6σ,MYXUSDT,2026-02-06 11:21:00+00:00,0.1074816087995702,True
6σ стоп 5D,MYXUSDT,2026-02-06 11:21:00+00:00,0.1074816087995702,True
4σ прокол 0.2%,MYXUSDT,2026-02-06 11:21:00+00:00,0.06669549273351899,True
6σ прокол 0.2%,MYXUSDT,2026-02-06 11:21:00+00:00,0.1074816087995702,True
4σ,MYXUSDT,2026-02-06 11:21:00+00:00,0.06669549273351899,True
4σ,MUSDT,2026-02-08 03:51:00+00:00,0.030465465904248437,True
6σ,ZILUSDT,2026-02-08 07:20:00+00:00,0.05492050434837732,True
6σ прокол 0.2%,ZILUSDT,2026-02-08 07:20:00+00:00,0.05492050434837732,True
6σ стоп 5D,ZILUSDT,2026-02-08 07:20:00+00:00,0.05492050434837732,True
4σ прокол 0.2%,ZILUSDT,2026-02-08 07:20:00+00:00,0.03516855593024833,True
4σ,ZILUSDT,2026-02-08 07:20:00+00:00,0.03516855593024833,True
4σ,PLAYUSDT,2026-02-11 02:04:00+00:00,0.018359631725943973,False
4σ прокол 0.2%,PLAYUSDT,2026-02-11 02:04:00+00:00,0.018359631725943973,False
4σ,PLAYUSDT,2026-02-11 02:22:00+00:00,0.018998496933838108,False
4σ прокол 0.2%,PLAYUSDT,2026-02-11 02:22:00+00:00,0.018998496933838108,False
4σ прокол 0.2%,PLAYUSDT,2026-02-12 13:30:00+00:00,-0.1432610370028566,False
4σ,PLAYUSDT,2026-02-12 13:30:00+00:00,-0.1432610370028566,False
6σ,PLAYUSDT,2026-02-12 13:30:00+00:00,-0.12275336961214475,False
6σ стоп 5D,PLAYUSDT,2026-02-12 13:30:00+00:00,-0.12275336961214475,False
6σ прокол 0.2%,PLAYUSDT,2026-02-12 13:30:00+00:00,-0.12275336961214475,False
4σ прокол 0.2%,AIAUSDT,2026-02-13 16:29:00+00:00,0.06020709276913912,True
4σ,BLUAIUSDT,2026-02-13 16:29:00+00:00,0.05216218759710052,True
4σ,AIAUSDT,2026-02-13 16:29:00+00:00,0.06020709276913912,True
4σ прокол 0.2%,BLUAIUSDT,2026-02-13 16:29:00+00:00,0.05216218759710052,True
6σ стоп 5D,PIEVERSEUSDT,2026-02-14 17:19:00+00:00,0.030845095538254166,True
4σ,PIEVERSEUSDT,2026-02-14 17:19:00+00:00,0.020005025707051163,True
4σ прокол 0.2%,PIEVERSEUSDT,2026-02-14 17:19:00+00:00,0.020005025707051163,True
6σ,PIEVERSEUSDT,2026-02-14 17:19:00+00:00,0.030845095538254166,True
6σ прокол 0.2%,DUSDT,2026-02-15 09:35:00+00:00,0.03091609645450917,False
4σ прокол 0.2%,DUSDT,2026-02-15 09:35:00+00:00,0.009979850783495642,False
4σ,DUSDT,2026-02-15 09:35:00+00:00,0.009979850783495642,False
6σ,DUSDT,2026-02-15 09:35:00+00:00,0.03091609645450917,False
6σ стоп 5D,DUSDT,2026-02-15 09:35:00+00:00,0.03091609645450917,False
4σ прокол 0.2%,PLAYUSDT,2026-02-15 11:41:00+00:00,-0.17428219139392895,False
6σ стоп 5D,PLAYUSDT,2026-02-15 11:41:00+00:00,-0.1490050680990724,False
4σ,PLAYUSDT,2026-02-15 11:41:00+00:00,-0.17428219139392895,False
6σ,PLAYUSDT,2026-02-15 11:41:00+00:00,-0.1490050680990724,False
6σ прокол 0.2%,PLAYUSDT,2026-02-15 11:41:00+00:00,-0.1490050680990724,False
4σ прокол 0.2%,LAUSDT,2026-02-16 05:40:00+00:00,0.023291467771654875,True
4σ,LAUSDT,2026-02-16 05:40:00+00:00,0.023291467771654875,True
6σ,JELLYJELLYUSDT,2026-02-16 15:20:00+00:00,0.030190789535153154,True
6σ стоп 5D,JELLYJELLYUSDT,2026-02-16 15:20:00+00:00,0.030190789535153154,True
6σ прокол 0.2%,JELLYJELLYUSDT,2026-02-16 15:20:00+00:00,0.030190789535153154,True
4σ прокол 0.2%,ATUSDT,2026-02-18 04:07:00+00:00,0.010205799687059435,True
4σ,ATUSDT,2026-02-18 04:07:00+00:00,0.010205799687059435,True
4σ,QUSDT,2026-02-18 13:26:00+00:00,-0.002941403329470987,True
4σ прокол 0.2%,QUSDT,2026-02-18 13:26:00+00:00,-0.002941403329470987,True
6σ,OPUSDT,2026-02-18 17:13:00+00:00,0.02619119596142712,True
6σ стоп 5D,OPUSDT,2026-02-18 17:13:00+00:00,0.02619119596142712,True
6σ прокол 0.2%,OPUSDT,2026-02-18 17:13:00+00:00,0.02619119596142712,True
4σ,MUSDT,2026-02-18 23:22:00+00:00,-0.010811426094854276,True
4σ прокол 0.2%,MUSDT,2026-02-18 23:22:00+00:00,-0.010811426094854276,True
4σ,SAGAUSDT,2026-02-19 13:06:00+00:00,0.018989467174747657,True
4σ прокол 0.2%,SAGAUSDT,2026-02-19 13:06:00+00:00,0.018989467174747657,True
4σ прокол 0.2%,MUSDT,2026-02-20 11:58:00+00:00,-0.010142064100051557,True
4σ,MUSDT,2026-02-20 11:58:00+00:00,-0.010142064100051557,True
4σ прокол 0.2%,币安人生USDT,2026-02-22 13:00:00+00:00,-0.0677455885525656,False
4σ,币安人生USDT,2026-02-22 13:00:00+00:00,-0.0677455885525656,False
6σ прокол 0.2%,币安人生USDT,2026-02-22 13:00:00+00:00,0.03306043262595089,False
6σ,币安人生USDT,2026-02-22 13:00:00+00:00,0.03306043262595089,False
6σ стоп 5D,币安人生USDT,2026-02-22 13:00:00+00:00,0.03306043262595089,False
4σ,AIAUSDT,2026-02-22 17:11:00+00:00,0.01408422103013791,True
4σ прокол 0.2%,AIAUSDT,2026-02-22 17:11:00+00:00,0.01408422103013791,True
4σ,MUSDT,2026-02-22 18:37:00+00:00,0.01810069234156493,True
4σ прокол 0.2%,MUSDT,2026-02-22 18:37:00+00:00,0.01810069234156493,True
4σ прокол 0.2%,XPTUSDT,2026-02-22 23:00:00+00:00,0.0035180836249752547,False
4σ,XPTUSDT,2026-02-22 23:00:00+00:00,0.0035180836249752547,False
4σ прокол 0.2%,MYXUSDT,2026-02-23 00:56:00+00:00,-0.07491139190277948,True
4σ,MYXUSDT,2026-02-23 00:56:00+00:00,-0.07491139190277948,True
4σ,INTCUSDT,2026-02-23 01:00:00+00:00,0.00496289323617023,True
4σ,HOODUSDT,2026-02-23 01:00:00+00:00,-0.010826421954986482,True
4σ прокол 0.2%,HOODUSDT,2026-02-23 01:00:00+00:00,-0.010826421954986482,True
4σ прокол 0.2%,MEMEUSDT,2026-02-23 01:02:00+00:00,0.010686892155857785,True
4σ,AIAUSDT,2026-02-23 01:02:00+00:00,0.02095425604645014,True
4σ прокол 0.2%,AIAUSDT,2026-02-23 01:02:00+00:00,0.02095425604645014,True
4σ,MEMEUSDT,2026-02-23 01:02:00+00:00,0.010686892155857785,True
4σ прокол 0.2%,XPLUSDT,2026-02-23 01:03:00+00:00,0.01933107911571104,True
4σ,XPLUSDT,2026-02-23 01:03:00+00:00,0.01933107911571104,True
4σ прокол 0.2%,FFUSDT,2026-02-23 01:24:00+00:00,0.007793966501511607,True
4σ,FFUSDT,2026-02-23 01:24:00+00:00,0.007793966501511607,True
4σ,2ZUSDT,2026-02-23 01:39:00+00:00,0.013156452417196495,True
4σ прокол 0.2%,2ZUSDT,2026-02-23 01:39:00+00:00,0.013156452417196495,True
4σ прокол 0.2%,SPORTFUNUSDT,2026-02-23 02:06:00+00:00,-0.018169352836787635,True
4σ,SPORTFUNUSDT,2026-02-23 02:06:00+00:00,-0.018169352836787635,True
4σ прокол 0.2%,BANUSDT,2026-02-24 08:15:00+00:00,0.03115487184004624,True
4σ,BANUSDT,2026-02-24 08:15:00+00:00,0.03115487184004624,True
4σ,NAORISUSDT,2026-02-25 07:30:00+00:00,0.04302521758139384,True
4σ прокол 0.2%,NAORISUSDT,2026-02-25 07:30:00+00:00,0.04302521758139384,True
4σ,BTCDOMUSDT,2026-02-25 11:08:00+00:00,0.004958058173606795,False
4σ прокол 0.2%,BTCDOMUSDT,2026-02-25 11:08:00+00:00,0.004958058173606795,False
4σ,HUSDT,2026-02-25 12:03:00+00:00,0.03746566641131706,True
6σ стоп 5D,HUSDT,2026-02-25 12:03:00+00:00,0.05863385591190946,True
4σ прокол 0.2%,HUSDT,2026-02-25 12:03:00+00:00,0.03746566641131706,True
6σ,HUSDT,2026-02-25 12:03:00+00:00,0.05863385591190946,True
6σ прокол 0.2%,HUSDT,2026-02-25 12:03:00+00:00,0.05863385591190946,True
4σ,BARDUSDT,2026-02-25 21:10:00+00:00,0.021382559871091236,True
4σ прокол 0.2%,BARDUSDT,2026-02-25 21:11:00+00:00,0.026569273898152404,True
4σ прокол 0.2%,MERLUSDT,2026-02-26 16:50:00+00:00,0.02581154280113669,True
4σ,MERLUSDT,2026-02-26 16:50:00+00:00,0.02581154280113669,True
6σ,NOMUSDT,2026-02-27 06:00:00+00:00,0.04678951006293115,True
6σ стоп 5D,NOMUSDT,2026-02-27 06:00:00+00:00,0.04678951006293115,True
4σ прокол 0.2%,NOMUSDT,2026-02-27 06:00:00+00:00,0.030100148660529416,True
4σ,NOMUSDT,2026-02-27 06:00:00+00:00,0.030100148660529416,True
6σ прокол 0.2%,NOMUSDT,2026-02-27 06:00:00+00:00,0.04678951006293115,True
4σ,GUNUSDT,2026-02-27 14:52:00+00:00,0.02741839446468526,True
4σ прокол 0.2%,GUNUSDT,2026-02-27 14:52:00+00:00,0.02741839446468526,True
4σ,WIFUSDT,2026-02-28 06:18:00+00:00,0.021174317305004478,True
4σ,YGGUSDT,2026-02-28 06:36:00+00:00,0.022857136586114282,True
4σ прокол 0.2%,YGGUSDT,2026-02-28 06:36:00+00:00,0.022857136586114282,True
4σ,COLLECTUSDT,2026-03-01 19:49:00+00:00,-0.01584276930424064,False
4σ прокол 0.2%,COLLECTUSDT,2026-03-01 19:49:00+00:00,-0.01584276930424064,False
6σ стоп 5D,FHEUSDT,2026-03-02 21:23:00+00:00,0.04109007809284289,True
6σ прокол 0.2%,FHEUSDT,2026-03-02 21:23:00+00:00,0.04109007809284289,True
6σ,FHEUSDT,2026-03-02 21:23:00+00:00,0.04109007809284289,True
4σ прокол 0.2%,BTRUSDT,2026-03-03 13:33:00+00:00,0.027092754281981837,True
4σ,BTRUSDT,2026-03-03 13:33:00+00:00,0.027092754281981837,True
4σ прокол 0.2%,TRADOORUSDT,2026-03-03 15:59:00+00:00,0.025021964053304438,False
4σ,TRADOORUSDT,2026-03-03 15:59:00+00:00,0.025021964053304438,False
4σ,TRADOORUSDT,2026-03-04 01:07:00+00:00,-0.00457359763918827,False
4σ прокол 0.2%,TRADOORUSDT,2026-03-04 01:07:00+00:00,-0.00457359763918827,False
6σ,BARDUSDT,2026-03-04 15:46:00+00:00,0.022191185590580045,True
4σ прокол 0.2%,BARDUSDT,2026-03-04 15:46:00+00:00,0.01443732849919117,True
6σ прокол 0.2%,BARDUSDT,2026-03-04 15:46:00+00:00,0.022191185590580045,True
6σ стоп 5D,BARDUSDT,2026-03-04 15:46:00+00:00,0.022191185590580045,True
4σ,BARDUSDT,2026-03-04 15:46:00+00:00,0.01443732849919117,True
4σ,QUSDT,2026-03-04 22:18:00+00:00,-0.48713983536455635,True
6σ прокол 0.2%,QUSDT,2026-03-04 22:18:00+00:00,-0.4547578068110017,True
6σ стоп 5D,QUSDT,2026-03-04 22:18:00+00:00,-0.4547578068110017,True
4σ прокол 0.2%,QUSDT,2026-03-04 22:18:00+00:00,-0.48713983536455635,True
6σ,QUSDT,2026-03-04 22:18:00+00:00,-0.4547578068110017,True
6σ прокол 0.2%,我踏马来了USDT,2026-03-05 16:05:00+00:00,0.043150536036511825,False
4σ,我踏马来了USDT,2026-03-05 16:05:00+00:00,-0.052987633938264306,False
6σ,我踏马来了USDT,2026-03-05 16:05:00+00:00,0.043150536036511825,False
4σ прокол 0.2%,我踏马来了USDT,2026-03-05 16:05:00+00:00,-0.052987633938264306,False
6σ стоп 5D,我踏马来了USDT,2026-03-05 16:05:00+00:00,0.043150536036511825,False
4σ прокол 0.2%,LDOUSDT,2026-03-06 13:55:00+00:00,0.018103011441020292,True
4σ,LDOUSDT,2026-03-06 13:55:00+00:00,0.018103011441020292,True
6σ,LDOUSDT,2026-03-06 13:55:00+00:00,0.027877740517858032,True
6σ стоп 5D,LDOUSDT,2026-03-06 13:55:00+00:00,0.027877740517858032,True
6σ прокол 0.2%,LDOUSDT,2026-03-06 13:55:00+00:00,0.027877740517858032,True
4σ,AIAUSDT,2026-03-07 04:10:00+00:00,0.019157358021773388,True
4σ прокол 0.2%,AIAUSDT,2026-03-07 04:10:00+00:00,0.019157358021773388,True
4σ,ZKPUSDT,2026-03-07 05:29:00+00:00,0.026457200150724794,True
6σ прокол 0.2%,0GUSDT,2026-03-08 03:33:00+00:00,0.01859932971684959,True
6σ стоп 5D,0GUSDT,2026-03-08 03:33:00+00:00,0.01859932971684959,True
4σ прокол 0.2%,0GUSDT,2026-03-08 03:33:00+00:00,0.012107793351292261,True
6σ,0GUSDT,2026-03-08 03:33:00+00:00,0.01859932971684959,True
4σ,0GUSDT,2026-03-08 03:33:00+00:00,0.012107793351292261,True
6σ прокол 0.2%,ARCUSDT,2026-03-08 07:22:00+00:00,0.038660307295710974,True
6σ стоп 5D,ARCUSDT,2026-03-08 07:22:00+00:00,0.038660307295710974,True
6σ,ARCUSDT,2026-03-08 07:22:00+00:00,0.038660307295710974,True
6σ,MUSDT,2026-03-08 08:03:00+00:00,0.02586972464965727,True
4σ прокол 0.2%,MUSDT,2026-03-08 08:03:00+00:00,0.013947537641586322,True
4σ,MUSDT,2026-03-08 08:03:00+00:00,0.013947537641586322,True
6σ стоп 5D,MUSDT,2026-03-08 08:03:00+00:00,0.02586972464965727,True
4σ,HOODUSDT,2026-03-08 10:51:00+00:00,0.00414710973093353,True
4σ,PLAYUSDT,2026-03-08 18:20:00+00:00,0.016339073091414316,False
4σ,INTCUSDT,2026-03-08 22:00:00+00:00,0.0033605596825203145,True
4σ прокол 0.2%,HOODUSDT,2026-03-09 00:00:00+00:00,0.007493110296828044,True
4σ,HOODUSDT,2026-03-09 00:00:00+00:00,0.007493110296828044,True
4σ,COINUSDT,2026-03-09 00:00:00+00:00,0.007383658827798635,True
4σ прокол 0.2%,COINUSDT,2026-03-09 00:00:00+00:00,0.007383658827798635,True
6σ стоп 5D,ELSAUSDT,2026-03-09 12:18:00+00:00,0.029070245196987046,True
4σ,ELSAUSDT,2026-03-09 12:18:00+00:00,0.018868269709419308,True
4σ прокол 0.2%,ELSAUSDT,2026-03-09 12:18:00+00:00,0.018868269709419308,True
6σ,ELSAUSDT,2026-03-09 12:18:00+00:00,0.029070245196987046,True
6σ прокол 0.2%,ELSAUSDT,2026-03-09 12:18:00+00:00,0.029070245196987046,True
4σ,FLOWUSDT,2026-03-09 16:02:00+00:00,0.04112314365107657,True
4σ прокол 0.2%,FLOWUSDT,2026-03-09 16:02:00+00:00,0.04112314365107657,True
4σ,COLLECTUSDT,2026-03-09 17:33:00+00:00,0.05836403835677957,False
4σ прокол 0.2%,COLLECTUSDT,2026-03-09 17:33:00+00:00,0.05836403835677957,False
4σ,BARDUSDT,2026-03-12 17:03:00+00:00,0.02781742563691987,True
4σ прокол 0.2%,BARDUSDT,2026-03-12 17:03:00+00:00,0.02781742563691987,True
4σ прокол 0.2%,AKEUSDT,2026-03-12 23:44:00+00:00,0.02475686960481234,True
4σ,AKEUSDT,2026-03-12 23:44:00+00:00,0.02475686960481234,True
4σ,MYXUSDT,2026-03-13 00:46:00+00:00,0.02591314417409181,True
4σ прокол 0.2%,MYXUSDT,2026-03-13 00:46:00+00:00,0.02591314417409181,True
4σ прокол 0.2%,FIOUSDT,2026-03-13 09:01:00+00:00,0.020850326114929277,True
4σ,FIOUSDT,2026-03-13 09:01:00+00:00,0.020850326114929277,True
4σ,BANUSDT,2026-03-15 10:27:00+00:00,0.03180571319208432,True
4σ прокол 0.2%,BANUSDT,2026-03-15 10:27:00+00:00,0.03180571319208432,True
4σ,CAKEUSDT,2026-03-15 12:05:00+00:00,0.016885258859637278,True
4σ,ZKPUSDT,2026-03-15 15:18:00+00:00,-0.00020014448062563518,True
4σ прокол 0.2%,ZKPUSDT,2026-03-15 15:18:00+00:00,-0.00020014448062563518,True
4σ,BARDUSDT,2026-03-16 05:47:00+00:00,0.00910732717701097,True
6σ,BARDUSDT,2026-03-16 05:47:00+00:00,0.013997876084102145,True
4σ прокол 0.2%,BARDUSDT,2026-03-16 05:47:00+00:00,0.00910732717701097,True
6σ прокол 0.2%,BARDUSDT,2026-03-16 05:47:00+00:00,0.013997876084102145,True
6σ стоп 5D,BARDUSDT,2026-03-16 05:47:00+00:00,0.013997876084102145,True
4σ,COLLECTUSDT,2026-03-17 05:02:00+00:00,0.054635242786263485,False
4σ прокол 0.2%,COLLECTUSDT,2026-03-17 05:02:00+00:00,0.054635242786263485,False
4σ,ZORAUSDT,2026-03-17 08:01:00+00:00,-0.018117294492648952,True
4σ,JCTUSDT,2026-03-17 15:13:00+00:00,0.035364345503262576,True
4σ,我踏马来了USDT,2026-03-17 15:16:00+00:00,0.027828864678426116,False
6σ,BULLAUSDT,2026-03-17 16:54:00+00:00,0.0054763002333915465,False
6σ прокол 0.2%,BULLAUSDT,2026-03-17 16:54:00+00:00,0.0054763002333915465,False
6σ стоп 5D,BULLAUSDT,2026-03-17 16:54:00+00:00,0.0054763002333915465,False
4σ,BULLAUSDT,2026-03-17 16:54:00+00:00,-0.02567717744355388,False
4σ прокол 0.2%,BULLAUSDT,2026-03-17 16:54:00+00:00,-0.02567717744355388,False
4σ,MERLUSDT,2026-03-18 07:08:00+00:00,0.01995762947769282,True
4σ,FFUSDT,2026-03-18 09:53:00+00:00,0.007904732443708661,True
4σ прокол 0.2%,FFUSDT,2026-03-18 09:53:00+00:00,0.007904732443708661,True
4σ,BARDUSDT,2026-03-18 10:42:00+00:00,0.007238361507163128,True
6σ прокол 0.2%,BARDUSDT,2026-03-18 12:57:00+00:00,0.010868387837364723,True
4σ,BARDUSDT,2026-03-18 12:57:00+00:00,0.0070562453155588855,True
6σ стоп 5D,BARDUSDT,2026-03-18 12:57:00+00:00,0.010868387837364723,True
6σ,BARDUSDT,2026-03-18 12:57:00+00:00,0.010868387837364723,True
4σ прокол 0.2%,BARDUSDT,2026-03-18 12:57:00+00:00,0.0070562453155588855,True
6σ стоп 5D,BARDUSDT,2026-03-18 12:59:00+00:00,0.02164600428370718,True
6σ прокол 0.2%,BARDUSDT,2026-03-18 12:59:00+00:00,0.02164600428370718,True
6σ,BARDUSDT,2026-03-18 12:59:00+00:00,0.02164600428370718,True
4σ,BARDUSDT,2026-03-18 12:59:00+00:00,0.014084453309334898,True
4σ прокол 0.2%,BARDUSDT,2026-03-18 12:59:00+00:00,0.014084453309334898,True
4σ прокол 0.2%,BARDUSDT,2026-03-18 13:01:00+00:00,0.0181259374978215,True
4σ,BARDUSDT,2026-03-18 13:01:00+00:00,0.0181259374978215,True
4σ,BARDUSDT,2026-03-18 13:03:00+00:00,0.022072363000161757,True
4σ,0GUSDT,2026-03-18 14:43:00+00:00,0.013004132626623876,True
4σ прокол 0.2%,0GUSDT,2026-03-18 14:43:00+00:00,0.013004132626623876,True
4σ прокол 0.2%,HANAUSDT,2026-03-19 15:37:00+00:00,0.023251757381027763,True
4σ,HANAUSDT,2026-03-19 15:37:00+00:00,0.023251757381027763,True
4σ прокол 0.2%,SPORTFUNUSDT,2026-03-19 15:54:00+00:00,0.018640473412750505,True
4σ,SPORTFUNUSDT,2026-03-19 15:54:00+00:00,0.018640473412750505,True
6σ прокол 0.2%,SPORTFUNUSDT,2026-03-19 15:54:00+00:00,0.02871507492922594,True
6σ стоп 5D,SPORTFUNUSDT,2026-03-19 15:54:00+00:00,0.02871507492922594,True
6σ,SPORTFUNUSDT,2026-03-19 15:54:00+00:00,0.02871507492922594,True
4σ прокол 0.2%,FOLKSUSDT,2026-03-19 15:56:00+00:00,0.006960454679340728,True
4σ прокол 0.2%,ZKPUSDT,2026-03-19 15:56:00+00:00,0.018569387643940075,True
4σ,ZKPUSDT,2026-03-19 15:56:00+00:00,0.018569387643940075,True
4σ,FOLKSUSDT,2026-03-19 15:56:00+00:00,0.006960454679340728,True
6σ,TRUTHUSDT,2026-03-19 16:00:00+00:00,0.034278258968384503,True
4σ,TRUTHUSDT,2026-03-19 16:00:00+00:00,0.02219643594071337,True
6σ стоп 5D,TRUTHUSDT,2026-03-19 16:00:00+00:00,0.034278258968384503,True
6σ прокол 0.2%,TRUTHUSDT,2026-03-19 16:00:00+00:00,0.034278258968384503,True
4σ прокол 0.2%,TRUTHUSDT,2026-03-19 16:00:00+00:00,0.02219643594071337,True
6σ,FIOUSDT,2026-03-19 16:13:00+00:00,0.026332252566760153,True
4σ прокол 0.2%,FIOUSDT,2026-03-19 16:13:00+00:00,0.01710945689515482,True
6σ стоп 5D,FIOUSDT,2026-03-19 16:13:00+00:00,0.026332252566760153,True
4σ,FIOUSDT,2026-03-19 16:13:00+00:00,0.01710945689515482,True
6σ прокол 0.2%,FIOUSDT,2026-03-19 16:13:00+00:00,0.026332252566760153,True
6σ,PROMPTUSDT,2026-03-19 16:17:00+00:00,0.030860530042789505,True
6σ прокол 0.2%,PROMPTUSDT,2026-03-19 16:17:00+00:00,0.030860530042789505,True
6σ стоп 5D,PROMPTUSDT,2026-03-19 16:17:00+00:00,0.030860530042789505,True
4σ,XNYUSDT,2026-03-20 06:27:00+00:00,-0.0431008197207777,True
4σ прокол 0.2%,XNYUSDT,2026-03-20 06:27:00+00:00,-0.0431008197207777,True
6σ прокол 0.2%,FFUSDT,2026-03-20 08:35:00+00:00,0.012544141742679881,True
6σ,FFUSDT,2026-03-20 08:35:00+00:00,0.012544141742679881,True
6σ стоп 5D,FFUSDT,2026-03-20 08:35:00+00:00,0.012544141742679881,True
4σ,FFUSDT,2026-03-20 08:35:00+00:00,0.008155597913727285,True
4σ прокол 0.2%,FFUSDT,2026-03-20 08:35:00+00:00,0.008155597913727285,True
4σ,PLAYUSDT,2026-03-20 09:04:00+00:00,0.03218874338059448,False
4σ прокол 0.2%,PLAYUSDT,2026-03-20 09:04:00+00:00,0.03218874338059448,False
4σ,PLAYUSDT,2026-03-20 09:09:00+00:00,0.03546174268936593,False
4σ прокол 0.2%,PLAYUSDT,2026-03-20 09:09:00+00:00,0.03546174268936593,False
4σ,PLAYUSDT,2026-03-20 09:45:00+00:00,0.054450893383733726,False
4σ прокол 0.2%,PLAYUSDT,2026-03-20 09:45:00+00:00,0.054450893383733726,False
4σ,0GUSDT,2026-03-20 18:37:00+00:00,0.01209076674092131,True
4σ прокол 0.2%,0GUSDT,2026-03-20 18:37:00+00:00,0.01209076674092131,True
4σ,FOLKSUSDT,2026-03-21 10:59:00+00:00,0.020123651922048638,True
4σ прокол 0.2%,币安人生USDT,2026-03-21 23:52:00+00:00,0.021180536481880632,False
6σ стоп 5D,APEUSDT,2026-03-21 23:52:00+00:00,0.02061264377280554,True
6σ,ASTERUSDT,2026-03-21 23:52:00+00:00,0.010786034596551319,True
6σ прокол 0.2%,币安人生USDT,2026-03-21 23:52:00+00:00,0.03268479228982697,False
6σ прокол 0.2%,APEUSDT,2026-03-21 23:52:00+00:00,0.02061264377280554,True
4σ прокол 0.2%,ASTERUSDT,2026-03-21 23:52:00+00:00,0.007002155883168949,True
4σ,币安人生USDT,2026-03-21 23:52:00+00:00,0.021180536481880632,False
6σ стоп 5D,币安人生USDT,2026-03-21 23:52:00+00:00,0.03268479228982697,False
4σ,APEUSDT,2026-03-21 23:52:00+00:00,0.013414904076460798,True
6σ,币安人生USDT,2026-03-21 23:52:00+00:00,0.03268479228982697,False
4σ прокол 0.2%,APEUSDT,2026-03-21 23:52:00+00:00,0.013414904076460798,True
6σ прокол 0.2%,ASTERUSDT,2026-03-21 23:52:00+00:00,0.010786034596551319,True
4σ,ASTERUSDT,2026-03-21 23:52:00+00:00,0.007002155883168949,True
4σ,1000FLOKIUSDT,2026-03-21 23:52:00+00:00,0.009117269770077829,True
6σ,APEUSDT,2026-03-21 23:52:00+00:00,0.02061264377280554,True
6σ стоп 5D,ASTERUSDT,2026-03-21 23:52:00+00:00,0.010786034596551319,True
4σ прокол 0.2%,1000FLOKIUSDT,2026-03-21 23:52:00+00:00,0.009117269770077829,True
6σ прокол 0.2%,ASTERUSDT,2026-03-22 00:01:00+00:00,0.015731484023169887,True
4σ прокол 0.2%,ASTERUSDT,2026-03-22 00:01:00+00:00,0.010239897787996232,True
6σ,ASTERUSDT,2026-03-22 00:01:00+00:00,0.015731484023169887,True
4σ,ASTERUSDT,2026-03-22 00:01:00+00:00,0.010239897787996232,True
6σ стоп 5D,ASTERUSDT,2026-03-22 00:01:00+00:00,0.015731484023169887,True
4σ,AVNTUSDT,2026-03-22 00:01:00+00:00,0.012262627784389756,True
4σ,CYBERUSDT,2026-03-22 00:01:00+00:00,0.008944278645933456,True
6σ стоп 5D,FFUSDT,2026-03-22 00:04:00+00:00,0.006534133915094565,True
6σ,FFUSDT,2026-03-22 00:04:00+00:00,0.006534133915094565,True
6σ прокол 0.2%,FFUSDT,2026-03-22 00:04:00+00:00,0.006534133915094565,True
4σ прокол 0.2%,FFUSDT,2026-03-22 00:04:00+00:00,0.004201484404019197,True
4σ,FFUSDT,2026-03-22 00:04:00+00:00,0.004201484404019197,True
4σ прокол 0.2%,JCTUSDT,2026-03-22 16:38:00+00:00,0.07116781783294485,True
4σ,JCTUSDT,2026-03-22 16:38:00+00:00,0.07116781783294485,True
4σ прокол 0.2%,AINUSDT,2026-03-22 19:49:00+00:00,0.09402864005094885,True
4σ,AINUSDT,2026-03-22 19:49:00+00:00,0.09402864005094885,True
6σ прокол 0.2%,HANAUSDT,2026-03-22 20:07:00+00:00,0.0421871902645818,True
4σ,HANAUSDT,2026-03-22 20:07:00+00:00,0.027207638993343955,True
4σ прокол 0.2%,HANAUSDT,2026-03-22 20:07:00+00:00,0.027207638993343955,True
6σ,HANAUSDT,2026-03-22 20:07:00+00:00,0.0421871902645818,True
6σ стоп 5D,HANAUSDT,2026-03-22 20:07:00+00:00,0.0421871902645818,True
4σ,TSLAUSDT,2026-03-23 00:00:00+00:00,-0.01574500328534309,True
4σ прокол 0.2%,TSLAUSDT,2026-03-23 00:35:00+00:00,0.004330679371200975,True
4σ,XPTUSDT,2026-03-23 01:00:00+00:00,0.009869511201025815,False
4σ,FIGHTUSDT,2026-03-23 07:31:00+00:00,0.05945210077080594,True
4σ прокол 0.2%,FIGHTUSDT,2026-03-23 07:31:00+00:00,0.05945210077080594,True
6σ,THEUSDT,2026-03-23 11:06:00+00:00,0.036840294272114396,True
4σ прокол 0.2%,THEUSDT,2026-03-23 11:06:00+00:00,0.023825421627884105,True
6σ стоп 5D,THEUSDT,2026-03-23 11:06:00+00:00,0.036840294272114396,True
6σ прокол 0.2%,THEUSDT,2026-03-23 11:06:00+00:00,0.036840294272114396,True
4σ,THEUSDT,2026-03-23 11:06:00+00:00,0.023825421627884105,True
4σ,BIRBUSDT,2026-03-23 12:03:00+00:00,0.022922685078106977,True
4σ,BARDUSDT,2026-03-24 01:00:00+00:00,0.023993722375127383,True
4σ прокол 0.2%,BARDUSDT,2026-03-24 01:00:00+00:00,0.023993722375127383,True
4σ прокол 0.2%,BANUSDT,2026-03-24 02:14:00+00:00,0.038755189914649615,True
4σ,BANUSDT,2026-03-24 02:14:00+00:00,0.038755189914649615,True
4σ,NAORISUSDT,2026-03-24 02:54:00+00:00,0.1615713712040025,True
4σ прокол 0.2%,NAORISUSDT,2026-03-24 02:54:00+00:00,0.1615713712040025,True
6σ прокол 0.2%,BULLAUSDT,2026-03-24 04:30:00+00:00,0.04901034882991913,False
4σ,BULLAUSDT,2026-03-24 04:30:00+00:00,0.005483517348048334,False
6σ стоп 5D,BULLAUSDT,2026-03-24 04:30:00+00:00,0.04901034882991913,False
6σ,BULLAUSDT,2026-03-24 04:30:00+00:00,0.04901034882991913,False
4σ прокол 0.2%,BULLAUSDT,2026-03-24 04:30:00+00:00,0.005483517348048334,False
6σ прокол 0.2%,ASTERUSDT,2026-03-24 04:32:00+00:00,0.024171915003604785,True
4σ,ASTERUSDT,2026-03-24 04:32:00+00:00,0.015717255448423242,True
4σ прокол 0.2%,ASTERUSDT,2026-03-24 04:32:00+00:00,0.015717255448423242,True
6σ стоп 5D,ASTERUSDT,2026-03-24 04:32:00+00:00,0.024171915003604785,True
6σ,ASTERUSDT,2026-03-24 04:32:00+00:00,0.024171915003604785,True
4σ прокол 0.2%,RDNTUSDT,2026-03-24 08:39:00+00:00,0.05222553064265929,True
4σ,RDNTUSDT,2026-03-24 08:39:00+00:00,0.05222553064265929,True
6σ прокол 0.2%,RDNTUSDT,2026-03-24 08:39:00+00:00,0.08292322488860976,True
6σ стоп 5D,RDNTUSDT,2026-03-24 08:39:00+00:00,0.08292322488860976,True
6σ,RDNTUSDT,2026-03-24 08:39:00+00:00,0.08292322488860976,True
4σ,WLFIUSDT,2026-03-24 16:39:00+00:00,0.024340773947446562,True
4σ,HIPPOUSDT,2026-03-25 03:48:00+00:00,0.03572081388403987,True
6σ,HIPPOUSDT,2026-03-25 06:20:00+00:00,-0.042166797871435374,True
4σ прокол 0.2%,HIPPOUSDT,2026-03-25 06:20:00+00:00,-0.11549184071361093,True
6σ прокол 0.2%,HIPPOUSDT,2026-03-25 06:20:00+00:00,-0.042166797871435374,True
4σ,HIPPOUSDT,2026-03-25 06:20:00+00:00,-0.11549184071361093,True
6σ стоп 5D,HIPPOUSDT,2026-03-25 06:20:00+00:00,-0.042166797871435374,True
4σ,0GUSDT,2026-03-25 15:18:00+00:00,0.010138914631496253,True
4σ прокол 0.2%,PTBUSDT,2026-03-26 01:28:00+00:00,0.03085038861362839,True
4σ,PTBUSDT,2026-03-26 01:28:00+00:00,0.03085038861362839,True
6σ стоп 5D,BARDUSDT,2026-03-26 01:46:00+00:00,0.021587779663209974,True
4σ прокол 0.2%,BARDUSDT,2026-03-26 01:46:00+00:00,0.014046751778832033,True
6σ,BARDUSDT,2026-03-26 01:46:00+00:00,0.021587779663209974,True
4σ,BARDUSDT,2026-03-26 01:46:00+00:00,0.014046751778832033,True
6σ прокол 0.2%,BARDUSDT,2026-03-26 01:46:00+00:00,0.021587779663209974,True
4σ,BANUSDT,2026-03-26 05:54:00+00:00,0.00872694333902227,True
4σ прокол 0.2%,BANUSDT,2026-03-26 05:54:00+00:00,0.00872694333902227,True
6σ,BANUSDT,2026-03-26 05:54:00+00:00,0.059877328863480364,True
6σ прокол 0.2%,BANUSDT,2026-03-26 05:54:00+00:00,0.059877328863480364,True
6σ стоп 5D,BANUSDT,2026-03-26 05:54:00+00:00,0.059877328863480364,True
6σ прокол 0.2%,BULLAUSDT,2026-03-27 08:21:00+00:00,0.006747815911232664,False
4σ,BULLAUSDT,2026-03-27 08:21:00+00:00,-0.02119676704175596,False
4σ прокол 0.2%,BULLAUSDT,2026-03-27 08:21:00+00:00,-0.02119676704175596,False
6σ,BULLAUSDT,2026-03-27 08:21:00+00:00,0.006747815911232664,False
6σ стоп 5D,BULLAUSDT,2026-03-27 08:21:00+00:00,0.006747815911232664,False
4σ,GIGGLEUSDT,2026-03-27 08:42:00+00:00,0.016411629321408897,True
6σ прокол 0.2%,BARDUSDT,2026-03-27 09:06:00+00:00,0.03319405828387208,True
6σ,BARDUSDT,2026-03-27 09:06:00+00:00,0.03319405828387208,True
6σ стоп 5D,BARDUSDT,2026-03-27 09:06:00+00:00,0.03319405828387208,True
4σ прокол 0.2%,BARDUSDT,2026-03-27 09:06:00+00:00,0.0215054436879238,True
4σ,BARDUSDT,2026-03-27 09:06:00+00:00,0.0215054436879238,True
4σ,ZENUSDT,2026-03-27 10:38:00+00:00,-0.004684788738565675,True
6σ прокол 0.2%,ZENUSDT,2026-03-27 10:38:00+00:00,0.00909967856571628,True
4σ,币安人生USDT,2026-03-27 10:38:00+00:00,-0.01116939127770486,False
4σ прокол 0.2%,ZENUSDT,2026-03-27 10:38:00+00:00,-0.004684788738565675,True
6σ,ZENUSDT,2026-03-27 10:38:00+00:00,0.00909967856571628,True
6σ стоп 5D,ZENUSDT,2026-03-27 10:38:00+00:00,0.00909967856571628,True
4σ прокол 0.2%,币安人生USDT,2026-03-27 10:38:00+00:00,-0.01116939127770486,False
4σ,QUSDT,2026-03-27 17:33:00+00:00,-0.03788819605552138,True
4σ прокол 0.2%,QUSDT,2026-03-27 17:33:00+00:00,-0.03788819605552138,True
4σ,JCTUSDT,2026-03-28 23:47:00+00:00,0.05324536166699874,True
4σ прокол 0.2%,JCTUSDT,2026-03-28 23:47:00+00:00,0.05324536166699874,True
4σ,币安人生USDT,2026-03-29 00:34:00+00:00,0.02538579807704751,False
4σ прокол 0.2%,币安人生USDT,2026-03-29 00:34:00+00:00,0.02538579807704751,False
4σ прокол 0.2%,我踏马来了USDT,2026-03-29 07:30:00+00:00,0.040071693105726294,False
4σ,我踏马来了USDT,2026-03-29 07:30:00+00:00,0.040071693105726294,False
4σ,XPTUSDT,2026-03-29 22:00:00+00:00,0.0028396073426148584,False
4σ,XPDUSDT,2026-03-29 22:00:00+00:00,-0.010294080710571224,False
4σ прокол 0.2%,XPDUSDT,2026-03-29 22:00:00+00:00,-0.010294080710571224,False
4σ прокол 0.2%,VETUSDT,2026-03-29 22:45:00+00:00,0.007948475778906294,True
4σ,PNUTUSDT,2026-03-29 22:45:00+00:00,0.011241117933268718,True
4σ,INJUSDT,2026-03-29 22:45:00+00:00,0.009933601208917463,True
4σ,MIRAUSDT,2026-03-29 22:45:00+00:00,0.010018214038016237,True
4σ прокол 0.2%,NEIROUSDT,2026-03-29 22:45:00+00:00,0.013055605968889727,False
4σ,COINUSDT,2026-03-29 22:45:00+00:00,0.004594057200753411,True
4σ,VETUSDT,2026-03-29 22:45:00+00:00,0.007948475778906294,True
4σ прокол 0.2%,FLOWUSDT,2026-03-29 22:45:00+00:00,0.01684670473586554,True
6σ стоп 5D,NEIROUSDT,2026-03-29 22:45:00+00:00,0.020058693065867453,False
4σ,1000FLOKIUSDT,2026-03-29 22:45:00+00:00,0.010444929229970378,True
4σ,ARKMUSDT,2026-03-29 22:45:00+00:00,0.016443154409705188,True
4σ,VIRTUALUSDT,2026-03-29 22:45:00+00:00,0.012848790678018095,True
4σ прокол 0.2%,1000FLOKIUSDT,2026-03-29 22:45:00+00:00,0.010444929229970378,True
4σ,PENGUUSDT,2026-03-29 22:45:00+00:00,0.011947038016034205,True
4σ прокол 0.2%,PENGUUSDT,2026-03-29 22:45:00+00:00,0.011947038016034205,True
4σ,1000SHIBUSDT,2026-03-29 22:45:00+00:00,0.008983286531030154,False
4σ,ETCUSDT,2026-03-29 22:45:00+00:00,0.007763883662174687,True
4σ,SANDUSDT,2026-03-29 22:45:00+00:00,0.009640160680200304,True
4σ,FOLKSUSDT,2026-03-29 22:45:00+00:00,0.03197068264532983,True
6σ,NEIROUSDT,2026-03-29 22:45:00+00:00,0.020058693065867453,False
6σ прокол 0.2%,NEIROUSDT,2026-03-29 22:45:00+00:00,0.020058693065867453,False
4σ,NEIROUSDT,2026-03-29 22:45:00+00:00,0.013055605968889727,False
4σ прокол 0.2%,SANDUSDT,2026-03-29 22:45:00+00:00,0.009640160680200304,True
4σ прокол 0.2%,ETCUSDT,2026-03-29 22:45:00+00:00,0.007763883662174687,True
4σ,HBARUSDT,2026-03-29 22:45:00+00:00,0.0075719226290895236,True
4σ прокол 0.2%,FOLKSUSDT,2026-03-29 22:45:00+00:00,0.03197068264532983,True
4σ,FLOWUSDT,2026-03-29 22:45:00+00:00,0.01684670473586554,True
4σ,MOODENGUSDT,2026-03-29 22:45:00+00:00,0.012662814944552413,True
4σ,STRKUSDT,2026-03-29 22:45:00+00:00,0.00909931298287776,True
4σ,LINEAUSDT,2026-03-29 22:45:00+00:00,0.0120523157869445,True
4σ,GRTUSDT,2026-03-29 22:45:00+00:00,0.009268673905211643,True
4σ прокол 0.2%,MOODENGUSDT,2026-03-29 22:45:00+00:00,0.012662814944552413,True
4σ,GUAUSDT,2026-03-30 17:05:00+00:00,0.029442079271881652,False
4σ прокол 0.2%,GUAUSDT,2026-03-30 17:05:00+00:00,0.029442079271881652,False
4σ прокол 0.2%,AINUSDT,2026-03-31 04:00:00+00:00,0.023446149739972458,True
4σ,AINUSDT,2026-03-31 04:00:00+00:00,0.023446149739972458,True
6σ прокол 0.2%,SAHARAUSDT,2026-03-31 09:34:00+00:00,0.024772872021697714,True
4σ,SAHARAUSDT,2026-03-31 09:34:00+00:00,0.016104930348210325,True
4σ прокол 0.2%,SAHARAUSDT,2026-03-31 09:34:00+00:00,0.016104930348210325,True
6σ,SAHARAUSDT,2026-03-31 09:34:00+00:00,0.024772872021697714,True
6σ стоп 5D,SAHARAUSDT,2026-03-31 09:34:00+00:00,0.024772872021697714,True
4σ прокол 0.2%,TAUSDT,2026-03-31 23:15:00+00:00,0.05074608945935273,True
4σ,TAUSDT,2026-03-31 23:15:00+00:00,0.05074608945935273,True
4σ прокол 0.2%,TAUSDT,2026-03-31 23:18:00+00:00,0.09508058185847851,True
4σ,TAUSDT,2026-03-31 23:18:00+00:00,0.09508058185847851,True
4σ прокол 0.2%,POWERUSDT,2026-04-01 02:26:00+00:00,0.02374198957884195,True
4σ,POWERUSDT,2026-04-01 02:26:00+00:00,0.02374198957884195,True
6σ,ZENUSDT,2026-04-02 13:02:00+00:00,0.006996931489863052,True
6σ стоп 5D,ZENUSDT,2026-04-02 13:02:00+00:00,0.006996931489863052,True
4σ прокол 0.2%,ZENUSDT,2026-04-02 13:02:00+00:00,-0.009136606806906727,True
4σ,ZENUSDT,2026-04-02 13:02:00+00:00,-0.009136606806906727,True
6σ прокол 0.2%,ZENUSDT,2026-04-02 13:02:00+00:00,0.006996931489863052,True
4σ прокол 0.2%,AIXBTUSDT,2026-04-02 13:13:00+00:00,0.021900007252424872,True
4σ,AIXBTUSDT,2026-04-02 13:13:00+00:00,0.021900007252424872,True
4σ прокол 0.2%,MAGMAUSDT,2026-04-02 16:44:00+00:00,-0.17729039858471948,True
6σ прокол 0.2%,MAGMAUSDT,2026-04-02 16:44:00+00:00,-0.15437011396255648,True
4σ,MAGMAUSDT,2026-04-02 16:44:00+00:00,-0.17729039858471948,True
6σ,MAGMAUSDT,2026-04-02 16:44:00+00:00,-0.15437011396255648,True
6σ стоп 5D,MAGMAUSDT,2026-04-02 16:44:00+00:00,-0.15437011396255648,True
6σ прокол 0.2%,XPLUSDT,2026-04-02 21:10:00+00:00,-0.0881853731269174,True
4σ прокол 0.2%,XPLUSDT,2026-04-02 21:10:00+00:00,-0.14879762348909117,True
6σ стоп 5D,XPLUSDT,2026-04-02 21:10:00+00:00,-0.0881853731269174,True
4σ,XPLUSDT,2026-04-02 21:10:00+00:00,-0.14879762348909117,True
6σ,XPLUSDT,2026-04-02 21:10:00+00:00,-0.0881853731269174,True
4σ прокол 0.2%,BULLAUSDT,2026-04-03 12:25:00+00:00,-0.021676440449612002,False
4σ,BULLAUSDT,2026-04-03 12:25:00+00:00,-0.021676440449612002,False
4σ прокол 0.2%,GIGGLEUSDT,2026-04-03 13:01:00+00:00,0.014546202499094284,True
4σ,GIGGLEUSDT,2026-04-03 13:01:00+00:00,0.014546202499094284,True
4σ прокол 0.2%,NIGHTUSDT,2026-04-04 06:23:00+00:00,0.015375987034726934,True
6σ,NIGHTUSDT,2026-04-04 06:23:00+00:00,0.023643287138255656,True
4σ,NIGHTUSDT,2026-04-04 06:23:00+00:00,0.015375987034726934,True
6σ прокол 0.2%,NIGHTUSDT,2026-04-04 06:23:00+00:00,0.023643287138255656,True
6σ стоп 5D,NIGHTUSDT,2026-04-04 06:23:00+00:00,0.023643287138255656,True
4σ,JCTUSDT,2026-04-04 06:38:00+00:00,0.05268721458587318,True
4σ прокол 0.2%,JCTUSDT,2026-04-04 06:38:00+00:00,0.05268721458587318,True
6σ стоп 5D,龙虾USDT,2026-04-04 10:30:00+00:00,0.061812062238485635,False
6σ,龙虾USDT,2026-04-04 10:30:00+00:00,0.061812062238485635,False
6σ прокол 0.2%,龙虾USDT,2026-04-04 10:30:00+00:00,0.061812062238485635,False
4σ,龙虾USDT,2026-04-04 10:30:00+00:00,0.03942305843250389,False
4σ прокол 0.2%,龙虾USDT,2026-04-04 10:30:00+00:00,0.03942305843250389,False
4σ,POWERUSDT,2026-04-04 16:40:00+00:00,0.03038430308637037,True
4σ прокол 0.2%,POWERUSDT,2026-04-04 16:40:00+00:00,0.03038430308637037,True
4σ,BCHUSDT,2026-04-05 04:59:00+00:00,0.004452237351620881,True
6σ стоп 5D,BCHUSDT,2026-04-05 04:59:00+00:00,0.006913844537078174,True
4σ прокол 0.2%,BCHUSDT,2026-04-05 04:59:00+00:00,0.004452237351620881,True
6σ,BCHUSDT,2026-04-05 04:59:00+00:00,0.006913844537078174,True
4σ,ZAMAUSDT,2026-04-05 08:01:00+00:00,0.01245707255663393,True
4σ прокол 0.2%,ZAMAUSDT,2026-04-05 08:01:00+00:00,0.01245707255663393,True
4σ,NIGHTUSDT,2026-04-05 09:16:00+00:00,0.01900368154832717,True
4σ прокол 0.2%,NIGHTUSDT,2026-04-05 09:16:00+00:00,0.01900368154832717,True
4σ,ROBOUSDT,2026-04-05 12:21:00+00:00,0.016704865024696328,True
4σ прокол 0.2%,ROBOUSDT,2026-04-05 12:21:00+00:00,0.016704865024696328,True
6σ стоп 5D,MAGMAUSDT,2026-04-05 14:21:00+00:00,0.03717187439910537,True
4σ прокол 0.2%,MAGMAUSDT,2026-04-05 14:21:00+00:00,0.02403584916236108,True
4σ,MAGMAUSDT,2026-04-05 14:21:00+00:00,0.02403584916236108,True
6σ,MAGMAUSDT,2026-04-05 14:21:00+00:00,0.03717187439910537,True
6σ прокол 0.2%,MAGMAUSDT,2026-04-05 14:21:00+00:00,0.03717187439910537,True
4σ прокол 0.2%,BULLAUSDT,2026-04-05 15:54:00+00:00,0.07892403514185226,False
4σ,BULLAUSDT,2026-04-05 15:54:00+00:00,0.07892403514185226,False
6σ прокол 0.2%,BULLAUSDT,2026-04-05 15:54:00+00:00,0.12883770930754185,False
6σ стоп 5D,BULLAUSDT,2026-04-05 15:54:00+00:00,0.12883770930754185,False
6σ,BULLAUSDT,2026-04-05 15:54:00+00:00,0.12883770930754185,False
6σ прокол 0.2%,XPTUSDT,2026-04-05 22:00:00+00:00,0.005722629603300567,False
4σ прокол 0.2%,XPTUSDT,2026-04-05 22:00:00+00:00,0.003665160089197439,False
4σ,HOODUSDT,2026-04-05 22:00:00+00:00,0.0017749439046849782,True
6σ,XPTUSDT,2026-04-05 22:00:00+00:00,0.005722629603300567,False
4σ,TSLAUSDT,2026-04-05 22:00:00+00:00,-0.000318493511174383,True
4σ,XPTUSDT,2026-04-05 22:00:00+00:00,0.003665160089197439,False
4σ,PLTRUSDT,2026-04-05 22:00:00+00:00,0.00010021324785361506,True
6σ стоп 5D,XPTUSDT,2026-04-05 22:00:00+00:00,0.005722629603300567,False
4σ,MAGMAUSDT,2026-04-06 07:56:00+00:00,0.027239524072296864,True
4σ прокол 0.2%,MAGMAUSDT,2026-04-06 07:56:00+00:00,0.027239524072296864,True
6σ,TAUSDT,2026-04-06 08:00:00+00:00,0.03981929916738776,True
4σ прокол 0.2%,TAUSDT,2026-04-06 08:00:00+00:00,0.025712709527227554,True
6σ стоп 5D,TAUSDT,2026-04-06 08:00:00+00:00,0.03981929916738776,True
4σ,TAUSDT,2026-04-06 08:00:00+00:00,0.025712709527227554,True
6σ прокол 0.2%,TAUSDT,2026-04-06 08:00:00+00:00,0.03981929916738776,True
4σ,ESPORTSUSDT,2026-04-06 15:47:00+00:00,0.009620120328956566,True
4σ прокол 0.2%,ESPORTSUSDT,2026-04-06 15:47:00+00:00,0.009620120328956566,True
4σ,FOLKSUSDT,2026-04-06 16:05:00+00:00,0.02572086260575386,True
4σ прокол 0.2%,KASUSDT,2026-04-06 20:26:00+00:00,0.01512535844176428,True
4σ,KASUSDT,2026-04-06 20:26:00+00:00,0.01512535844176428,True
4σ прокол 0.2%,ESPUSDT,2026-04-07 07:00:00+00:00,0.05211782403637506,True
4σ,ESPUSDT,2026-04-07 07:00:00+00:00,0.05211782403637506,True
4σ прокол 0.2%,GUSDT,2026-04-07 12:48:00+00:00,0.0044132979898244004,True
4σ,GUSDT,2026-04-07 12:48:00+00:00,0.0044132979898244004,True
4σ прокол 0.2%,XMRUSDT,2026-04-08 14:17:00+00:00,-0.0513237222542858,True
6σ,XMRUSDT,2026-04-08 14:17:00+00:00,-0.03751584664635507,True
4σ,XMRUSDT,2026-04-08 14:17:00+00:00,-0.0513237222542858,True
6σ стоп 5D,XMRUSDT,2026-04-08 14:17:00+00:00,-0.03751584664635507,True
6σ прокол 0.2%,XMRUSDT,2026-04-08 14:17:00+00:00,-0.03751584664635507,True
6σ прокол 0.2%,FARTCOINUSDT,2026-04-08 23:00:00+00:00,-0.02099031265970094,True
4σ,FARTCOINUSDT,2026-04-08 23:00:00+00:00,-0.0755861623651278,True
4σ прокол 0.2%,FARTCOINUSDT,2026-04-08 23:00:00+00:00,-0.0755861623651278,True
6σ стоп 5D,FARTCOINUSDT,2026-04-08 23:00:00+00:00,-0.02099031265970094,True
6σ,FARTCOINUSDT,2026-04-08 23:00:00+00:00,-0.02099031265970094,True
4σ прокол 0.2%,ARIAUSDT,2026-04-09 10:43:00+00:00,0.23595471598719503,True
4σ,ARIAUSDT,2026-04-09 10:43:00+00:00,0.23595471598719503,True
6σ,PARTIUSDT,2026-04-09 20:26:00+00:00,-0.17978836772502313,True
6σ прокол 0.2%,PARTIUSDT,2026-04-09 20:26:00+00:00,-0.17978836772502313,True
4σ,PARTIUSDT,2026-04-09 20:26:00+00:00,-0.25090099511431646,True
4σ прокол 0.2%,PARTIUSDT,2026-04-09 20:26:00+00:00,-0.25090099511431646,True
6σ стоп 5D,PARTIUSDT,2026-04-09 20:26:00+00:00,-0.17978836772502313,True
4σ прокол 0.2%,DUSDT,2026-04-09 23:09:00+00:00,0.05055398709580401,False
4σ,DUSDT,2026-04-09 23:09:00+00:00,0.05055398709580401,False
4σ прокол 0.2%,BANKUSDT,2026-04-10 07:29:00+00:00,0.030830265972728157,True
4σ,BANKUSDT,2026-04-10 07:29:00+00:00,0.030830265972728157,True
4σ,JCTUSDT,2026-04-10 08:59:00+00:00,0.02843095766828037,True
4σ прокол 0.2%,JCTUSDT,2026-04-10 08:59:00+00:00,0.02843095766828037,True
4σ прокол 0.2%,TRADOORUSDT,2026-04-10 09:40:00+00:00,0.10861149604178072,False
4σ,TRADOORUSDT,2026-04-10 09:40:00+00:00,0.10861149604178072,False
4σ,LIGHTUSDT,2026-04-11 15:48:00+00:00,0.024334724805606903,True
4σ,QUSDT,2026-04-11 16:45:00+00:00,0.07994102643306283,True
4σ прокол 0.2%,QUSDT,2026-04-11 16:45:00+00:00,0.07994102643306283,True
4σ,TAGUSDT,2026-04-11 16:54:00+00:00,0.0570007180284899,False
4σ прокол 0.2%,TAGUSDT,2026-04-11 16:54:00+00:00,0.0570007180284899,False
4σ прокол 0.2%,AIAUSDT,2026-04-12 00:11:00+00:00,0.056149483610619735,True
4σ,AIAUSDT,2026-04-12 00:11:00+00:00,0.056149483610619735,True
4σ,POLYXUSDT,2026-04-12 00:16:00+00:00,0.010730944924211405,True
4σ,MSTRUSDT,2026-04-12 16:00:00+00:00,0.0041674029092872555,True
4σ,TSLAUSDT,2026-04-12 16:00:00+00:00,-0.001747242021464895,True
4σ прокол 0.2%,XPTUSDT,2026-04-12 22:00:00+00:00,-0.005487343399453753,False
4σ,XPTUSDT,2026-04-12 22:00:00+00:00,-0.005487343399453753,False
6σ прокол 0.2%,XPTUSDT,2026-04-12 22:00:00+00:00,2.721949632447716e-05,False
6σ стоп 5D,XPTUSDT,2026-04-12 22:00:00+00:00,2.721949632447716e-05,False
6σ,XPTUSDT,2026-04-12 22:00:00+00:00,2.721949632447716e-05,False
4σ прокол 0.2%,TSLAUSDT,2026-04-13 00:00:00+00:00,-0.00030720367121014826,True
6σ,TSLAUSDT,2026-04-13 00:00:00+00:00,0.004265436660261497,True
6σ прокол 0.2%,TSLAUSDT,2026-04-13 00:00:00+00:00,0.004265436660261497,True
6σ стоп 5D,TSLAUSDT,2026-04-13 00:00:00+00:00,0.004265436660261497,True
4σ,TSLAUSDT,2026-04-13 00:00:00+00:00,-0.00030720367121014826,True
4σ прокол 0.2%,COINUSDT,2026-04-13 00:00:00+00:00,0.005851875762754989,True
4σ прокол 0.2%,CRCLUSDT,2026-04-13 00:00:00+00:00,0.0038825035271761463,True
4σ,COINUSDT,2026-04-13 00:00:00+00:00,0.005851875762754989,True
4σ,EWYUSDT,2026-04-13 00:00:00+00:00,0.006519617611825652,True
4σ прокол 0.2%,EWYUSDT,2026-04-13 00:00:00+00:00,0.006519617611825652,True
4σ,MSTRUSDT,2026-04-13 00:00:00+00:00,0.003152700953977378,True
6σ,HOODUSDT,2026-04-13 00:00:00+00:00,0.0036673143466403888,True
6σ стоп 5D,HOODUSDT,2026-04-13 00:00:00+00:00,0.0036673143466403888,True
4σ прокол 0.2%,INTCUSDT,2026-04-13 00:00:00+00:00,0.0067768695856584415,True
6σ прокол 0.2%,HOODUSDT,2026-04-13 00:00:00+00:00,0.0036673143466403888,True
4σ,INTCUSDT,2026-04-13 00:00:00+00:00,0.0067768695856584415,True
4σ,HOODUSDT,2026-04-13 00:00:00+00:00,-0.0019349219817217096,True
4σ,CRCLUSDT,2026-04-13 00:00:00+00:00,0.0038825035271761463,True
6σ,AMZNUSDT,2026-04-13 00:00:00+00:00,0.004120986738505501,True
4σ прокол 0.2%,HOODUSDT,2026-04-13 00:00:00+00:00,-0.0019349219817217096,True
4σ прокол 0.2%,AMZNUSDT,2026-04-13 00:00:00+00:00,0.0004758185468756454,True
6σ стоп 5D,AMZNUSDT,2026-04-13 00:00:00+00:00,0.004120986738505501,True
4σ,AMZNUSDT,2026-04-13 00:00:00+00:00,0.0004758185468756454,True
6σ прокол 0.2%,AMZNUSDT,2026-04-13 00:00:00+00:00,0.004120986738505501,True
4σ,TRUUSDT,2026-04-14 02:30:00+00:00,0.03835893450889412,True
4σ прокол 0.2%,TRUUSDT,2026-04-14 02:30:00+00:00,0.03835893450889412,True
4σ прокол 0.2%,RESOLVUSDT,2026-04-14 02:30:00+00:00,0.021778231852072463,True
6σ прокол 0.2%,RESOLVUSDT,2026-04-14 02:30:00+00:00,0.033621893213852075,True
4σ,RESOLVUSDT,2026-04-14 02:30:00+00:00,0.021778231852072463,True
6σ стоп 5D,RESOLVUSDT,2026-04-14 02:30:00+00:00,0.033621893213852075,True
6σ,RESOLVUSDT,2026-04-14 02:30:00+00:00,0.033621893213852075,True
4σ прокол 0.2%,NIGHTUSDT,2026-04-14 05:31:00+00:00,0.015870382999633573,True
4σ,NIGHTUSDT,2026-04-14 05:31:00+00:00,0.015870382999633573,True
4σ прокол 0.2%,MMTUSDT,2026-04-14 07:06:00+00:00,0.004015815572488785,True
4σ,MMTUSDT,2026-04-14 07:06:00+00:00,0.004015815572488785,True
4σ,FFUSDT,2026-04-16 10:02:00+00:00,0.013489878768920115,True
4σ,SIGNUSDT,2026-04-16 11:38:00+00:00,0.03945228641121297,True
4σ прокол 0.2%,AIAUSDT,2026-04-16 13:03:00+00:00,0.037169064731557414,True
4σ,AIAUSDT,2026-04-16 13:03:00+00:00,0.037169064731557414,True
4σ,AIAUSDT,2026-04-16 16:02:00+00:00,0.053627191219840234,True
4σ прокол 0.2%,AIAUSDT,2026-04-16 16:02:00+00:00,0.053627191219840234,True
4σ прокол 0.2%,FOLKSUSDT,2026-04-17 07:50:00+00:00,0.059017571104153205,True
4σ,FOLKSUSDT,2026-04-17 07:50:00+00:00,0.059017571104153205,True
4σ прокол 0.2%,POWERUSDT,2026-04-17 08:17:00+00:00,-0.09952114404496468,True
4σ,POWERUSDT,2026-04-17 08:17:00+00:00,-0.09952114404496468,True
6σ стоп 5D,TRUUSDT,2026-04-17 09:00:00+00:00,-0.04404806339780096,True
6σ прокол 0.2%,TRUUSDT,2026-04-17 09:00:00+00:00,-0.04404806339780096,True
4σ,TRUUSDT,2026-04-17 09:00:00+00:00,-0.07199063006994041,True
4σ прокол 0.2%,TRUUSDT,2026-04-17 09:00:00+00:00,-0.07199063006994041,True
4σ прокол 0.2%,DENTUSDT,2026-04-17 09:00:00+00:00,-0.16053639500510894,True
6σ,TRUUSDT,2026-04-17 09:00:00+00:00,-0.04404806339780096,True
4σ,DENTUSDT,2026-04-17 09:00:00+00:00,-0.16053639500510894,True
6σ прокол 0.2%,DENTUSDT,2026-04-17 09:00:00+00:00,-0.14189635672853426,True
6σ стоп 5D,DENTUSDT,2026-04-17 09:00:00+00:00,-0.14189635672853426,True
6σ,DENTUSDT,2026-04-17 09:00:00+00:00,-0.14189635672853426,True
4σ,MYXUSDT,2026-04-17 09:42:00+00:00,0.05408025719308225,True
4σ прокол 0.2%,MYXUSDT,2026-04-17 09:42:00+00:00,0.05408025719308225,True
4σ,DUSDT,2026-04-18 02:46:00+00:00,0.0021714940280788413,False
4σ прокол 0.2%,DUSDT,2026-04-18 02:46:00+00:00,0.0021714940280788413,False
4σ,BASUSDT,2026-04-18 05:21:00+00:00,0.041532364218641774,False
4σ прокол 0.2%,BASUSDT,2026-04-18 05:21:00+00:00,0.041532364218641774,False
4σ,BLUAIUSDT,2026-04-18 05:49:00+00:00,0.06235034894243236,True
4σ прокол 0.2%,NAORISUSDT,2026-04-18 06:39:00+00:00,0.021661779557001062,True
4σ,NAORISUSDT,2026-04-18 06:39:00+00:00,0.021661779557001062,True
4σ прокол 0.2%,ESPORTSUSDT,2026-04-18 12:57:00+00:00,0.01626048894391592,True
4σ,ESPORTSUSDT,2026-04-18 12:57:00+00:00,0.01626048894391592,True
4σ,BSBUSDT,2026-04-18 13:16:00+00:00,0.053369424694366965,True
4σ прокол 0.2%,BSBUSDT,2026-04-18 13:16:00+00:00,0.053369424694366965,True
4σ прокол 0.2%,AAVEUSDT,2026-04-18 18:30:00+00:00,-0.016821329970894108,True
4σ,AAVEUSDT,2026-04-18 18:30:00+00:00,-0.016821329970894108,True
4σ,XNYUSDT,2026-04-18 19:27:00+00:00,0.03566902272258017,True
4σ прокол 0.2%,XNYUSDT,2026-04-18 19:27:00+00:00,0.03566902272258017,True
6σ стоп 5D,AIOTUSDT,2026-04-18 20:48:00+00:00,-0.021940946868639646,False
6σ прокол 0.2%,AIOTUSDT,2026-04-18 20:48:00+00:00,-0.021940946868639646,False
6σ,AIOTUSDT,2026-04-18 20:48:00+00:00,-0.021940946868639646,False
4σ,TREEUSDT,2026-04-19 01:46:00+00:00,-0.093062152730324,True
4σ прокол 0.2%,TREEUSDT,2026-04-19 01:46:00+00:00,-0.093062152730324,True
4σ,ZROUSDT,2026-04-19 02:48:00+00:00,0.022210196886658998,True
4σ прокол 0.2%,ZROUSDT,2026-04-19 02:50:00+00:00,0.024940982324911334,True
4σ,ZROUSDT,2026-04-19 02:50:00+00:00,0.024940982324911334,True
4σ прокол 0.2%,GRIFFAINUSDT,2026-04-19 03:05:00+00:00,0.02557032030272173,True
4σ,GRIFFAINUSDT,2026-04-19 03:05:00+00:00,0.02557032030272173,True
4σ прокол 0.2%,PTBUSDT,2026-04-19 06:01:00+00:00,0.03902500018442408,True
4σ,PTBUSDT,2026-04-19 06:01:00+00:00,0.03902500018442408,True
4σ,COSUSDT,2026-04-19 12:16:00+00:00,0.04823785390078568,True
4σ прокол 0.2%,COSUSDT,2026-04-19 12:16:00+00:00,0.04823785390078568,True
4σ прокол 0.2%,SAHARAUSDT,2026-04-19 22:21:00+00:00,0.013828428648072055,True
4σ,SAHARAUSDT,2026-04-19 22:21:00+00:00,0.013828428648072055,True
4σ прокол 0.2%,MSTRUSDT,2026-04-19 22:22:00+00:00,0.007928912041469127,True
4σ,MSTRUSDT,2026-04-19 22:22:00+00:00,0.007928912041469127,True
6σ прокол 0.2%,CRCLUSDT,2026-04-20 00:00:00+00:00,0.009367406972858382,True
6σ,COINUSDT,2026-04-20 00:00:00+00:00,0.01098984248253938,True
4σ,MSTRUSDT,2026-04-20 00:00:00+00:00,0.002492473571945403,True
4σ,HOODUSDT,2026-04-20 00:00:00+00:00,0.006458085260901704,True
6σ прокол 0.2%,HOODUSDT,2026-04-20 00:00:00+00:00,0.00995816507055287,True
6σ,PLTRUSDT,2026-04-20 00:00:00+00:00,0.007695337848769812,True
6σ прокол 0.2%,COINUSDT,2026-04-20 00:00:00+00:00,0.01098984248253938,True
6σ стоп 5D,HOODUSDT,2026-04-20 00:00:00+00:00,0.00995816507055287,True
4σ прокол 0.2%,CRCLUSDT,2026-04-20 00:00:00+00:00,0.006069477965776572,True
6σ,HOODUSDT,2026-04-20 00:00:00+00:00,0.00995816507055287,True
6σ стоп 5D,PLTRUSDT,2026-04-20 00:00:00+00:00,0.007695337848769812,True
6σ прокол 0.2%,PLTRUSDT,2026-04-20 00:00:00+00:00,0.007695337848769812,True
6σ прокол 0.2%,MSTRUSDT,2026-04-20 00:00:00+00:00,0.014726536580902793,True
6σ стоп 5D,MSTRUSDT,2026-04-20 00:00:00+00:00,0.014726536580902793,True
6σ стоп 5D,COINUSDT,2026-04-20 00:00:00+00:00,0.01098984248253938,True
4σ,CRCLUSDT,2026-04-20 00:00:00+00:00,0.006069477965776572,True
4σ,COINUSDT,2026-04-20 00:00:00+00:00,0.007136005709705363,True
4σ прокол 0.2%,MSTRUSDT,2026-04-20 00:00:00+00:00,0.002492473571945403,True
4σ прокол 0.2%,HOODUSDT,2026-04-20 00:00:00+00:00,0.006458085260901704,True
4σ,PLTRUSDT,2026-04-20 00:00:00+00:00,0.00496792180547252,True
6σ,CRCLUSDT,2026-04-20 00:00:00+00:00,0.009367406972858382,True
6σ стоп 5D,CRCLUSDT,2026-04-20 00:00:00+00:00,0.009367406972858382,True
4σ прокол 0.2%,PLTRUSDT,2026-04-20 00:00:00+00:00,0.00496792180547252,True
4σ прокол 0.2%,COINUSDT,2026-04-20 00:00:00+00:00,0.007136005709705363,True
6σ,MSTRUSDT,2026-04-20 00:00:00+00:00,0.014726536580902793,True
4σ,BSBUSDT,2026-04-20 18:17:00+00:00,-0.004701469203679503,True
4σ прокол 0.2%,BSBUSDT,2026-04-20 18:17:00+00:00,-0.004701469203679503,True
4σ прокол 0.2%,PTBUSDT,2026-04-21 05:26:00+00:00,0.03877133563163922,True
4σ,PTBUSDT,2026-04-21 05:26:00+00:00,0.03877133563163922,True
4σ прокол 0.2%,PTBUSDT,2026-04-21 05:28:00+00:00,0.011674273168468058,True
4σ,PTBUSDT,2026-04-21 05:28:00+00:00,0.011674273168468058,True
6σ прокол 0.2%,PTBUSDT,2026-04-21 05:29:00+00:00,0.08838064379723581,True
6σ,PTBUSDT,2026-04-21 05:29:00+00:00,0.08838064379723581,True
6σ стоп 5D,PTBUSDT,2026-04-21 05:29:00+00:00,0.08838064379723581,True
4σ прокол 0.2%,METUSDT,2026-04-22 00:57:00+00:00,-0.09869966960845675,True
4σ,METUSDT,2026-04-22 00:57:00+00:00,-0.09869966960845675,True
4σ,METUSDT,2026-04-22 02:52:00+00:00,0.12622736736209123,True
4σ прокол 0.2%,METUSDT,2026-04-22 02:52:00+00:00,0.12622736736209123,True
4σ,TAUSDT,2026-04-22 13:58:00+00:00,0.020891546143939357,True
4σ прокол 0.2%,TAUSDT,2026-04-22 13:58:00+00:00,0.020891546143939357,True
4σ,RESOLVUSDT,2026-04-23 00:05:00+00:00,-0.03751830004587206,True
6σ прокол 0.2%,PIPPINUSDT,2026-04-23 08:05:00+00:00,0.03469393034669328,True
4σ прокол 0.2%,PIPPINUSDT,2026-04-23 08:05:00+00:00,0.022461096414320106,True
4σ,PIPPINUSDT,2026-04-23 08:05:00+00:00,0.022461096414320106,True
6σ,PIPPINUSDT,2026-04-23 08:05:00+00:00,0.03469393034669328,True
6σ стоп 5D,PIPPINUSDT,2026-04-23 08:05:00+00:00,0.03469393034669328,True
4σ прокол 0.2%,TAKEUSDT,2026-04-23 13:27:00+00:00,0.0855220254749664,False
4σ,TAKEUSDT,2026-04-23 13:27:00+00:00,0.0855220254749664,False
4σ прокол 0.2%,B3USDT,2026-04-23 15:00:00+00:00,-0.08801638442839119,True
6σ прокол 0.2%,B3USDT,2026-04-23 15:00:00+00:00,-0.06948881099784873,True
6σ,B3USDT,2026-04-23 15:00:00+00:00,-0.06948881099784873,True
6σ стоп 5D,B3USDT,2026-04-23 15:00:00+00:00,-0.06948881099784873,True
4σ,B3USDT,2026-04-23 15:00:00+00:00,-0.08801638442839119,True
4σ прокол 0.2%,BLUAIUSDT,2026-04-23 15:49:00+00:00,0.05275602930546448,True
4σ,BLUAIUSDT,2026-04-23 15:49:00+00:00,0.05275602930546448,True
4σ прокол 0.2%,AIAUSDT,2026-04-24 07:44:00+00:00,0.049350222516545375,True
4σ,AIAUSDT,2026-04-24 07:44:00+00:00,0.049350222516545375,True
6σ прокол 0.2%,AIAUSDT,2026-04-24 07:44:00+00:00,0.0781323349114042,True
6σ стоп 5D,AIAUSDT,2026-04-24 07:44:00+00:00,0.0781323349114042,True
6σ,AIAUSDT,2026-04-24 07:44:00+00:00,0.0781323349114042,True
4σ прокол 0.2%,RESOLVUSDT,2026-04-24 08:00:00+00:00,0.021736743844564102,True
4σ,RESOLVUSDT,2026-04-24 08:00:00+00:00,0.021736743844564102,True
6σ стоп 5D,RESOLVUSDT,2026-04-24 08:00:00+00:00,0.03355680894831377,True
6σ,RESOLVUSDT,2026-04-24 08:00:00+00:00,0.03355680894831377,True
6σ прокол 0.2%,RESOLVUSDT,2026-04-24 08:00:00+00:00,0.03355680894831377,True
4σ прокол 0.2%,FOLKSUSDT,2026-04-24 14:14:00+00:00,0.07769007635193986,True
4σ,FOLKSUSDT,2026-04-24 14:14:00+00:00,0.07769007635193986,True
4σ прокол 0.2%,TRXUSDT,2026-04-24 16:02:00+00:00,0.0038019572628924087,True
6σ стоп 5D,TRXUSDT,2026-04-24 16:02:00+00:00,0.005929532318635423,True
4σ,TRXUSDT,2026-04-24 16:02:00+00:00,0.0038019572628924087,True
6σ,TRXUSDT,2026-04-24 16:02:00+00:00,0.005929532318635423,True
6σ прокол 0.2%,TRXUSDT,2026-04-24 16:02:00+00:00,0.005929532318635423,True
4σ,TRADOORUSDT,2026-04-24 18:25:00+00:00,-0.6079809936334513,False
4σ прокол 0.2%,TRADOORUSDT,2026-04-24 18:25:00+00:00,-0.6079809936334513,False
4σ прокол 0.2%,BULLAUSDT,2026-04-25 03:08:00+00:00,0.053740831514905454,False
4σ,BULLAUSDT,2026-04-25 03:08:00+00:00,0.053740831514905454,False
6σ,GTCUSDT,2026-04-25 04:10:00+00:00,-0.009230402074419025,True
4σ,GTCUSDT,2026-04-25 04:10:00+00:00,-0.039202509308666283,True
6σ стоп 5D,GTCUSDT,2026-04-25 04:10:00+00:00,-0.009230402074419025,True
4σ прокол 0.2%,GTCUSDT,2026-04-25 04:10:00+00:00,-0.039202509308666283,True
6σ прокол 0.2%,GTCUSDT,2026-04-25 04:10:00+00:00,-0.009230402074419025,True
4σ прокол 0.2%,YBUSDT,2026-04-25 04:48:00+00:00,0.02545269785476241,True
4σ,YBUSDT,2026-04-25 04:48:00+00:00,0.02545269785476241,True
6σ,BANKUSDT,2026-04-25 09:25:00+00:00,0.011583817629627485,True
6σ прокол 0.2%,BANKUSDT,2026-04-25 09:25:00+00:00,0.011583817629627485,True
6σ стоп 5D,BANKUSDT,2026-04-25 09:25:00+00:00,0.011583817629627485,True
4σ,BANKUSDT,2026-04-25 09:25:00+00:00,-0.005089948663005688,True
4σ прокол 0.2%,BANKUSDT,2026-04-25 09:25:00+00:00,-0.005089948663005688,True
4σ,LPTUSDT,2026-04-25 14:10:00+00:00,0.015354610486656827,True
4σ прокол 0.2%,LPTUSDT,2026-04-25 14:10:00+00:00,0.015354610486656827,True
4σ прокол 0.2%,KOMAUSDT,2026-04-25 16:07:00+00:00,0.030001093408279236,True
4σ,KOMAUSDT,2026-04-25 16:07:00+00:00,0.030001093408279236,True
4σ прокол 0.2%,ASTERUSDT,2026-04-25 16:33:00+00:00,-0.02434619797494805,True
6σ стоп 5D,ASTERUSDT,2026-04-25 16:33:00+00:00,-0.01888348037521578,True
6σ прокол 0.2%,ASTERUSDT,2026-04-25 16:33:00+00:00,-0.01888348037521578,True
4σ,ASTERUSDT,2026-04-25 16:33:00+00:00,-0.02434619797494805,True
6σ,ASTERUSDT,2026-04-25 16:33:00+00:00,-0.01888348037521578,True
6σ,SPXUSDT,2026-04-26 01:59:00+00:00,0.021460353649914235,True
6σ стоп 5D,SPXUSDT,2026-04-26 01:59:00+00:00,0.021460353649914235,True
6σ прокол 0.2%,SPXUSDT,2026-04-26 01:59:00+00:00,0.021460353649914235,True
4σ,SPXUSDT,2026-04-26 01:59:00+00:00,0.013964230987084835,True
4σ прокол 0.2%,SPXUSDT,2026-04-26 01:59:00+00:00,0.013964230987084835,True
6σ,BLUAIUSDT,2026-04-26 03:14:00+00:00,0.04861431570749382,True
6σ стоп 5D,BLUAIUSDT,2026-04-26 03:14:00+00:00,0.04861431570749382,True
6σ прокол 0.2%,BLUAIUSDT,2026-04-26 03:14:00+00:00,0.04861431570749382,True
4σ,BLUAIUSDT,2026-04-26 03:14:00+00:00,0.015419922587121467,True
4σ прокол 0.2%,BLUAIUSDT,2026-04-26 03:14:00+00:00,0.015419922587121467,True
4σ,GOOGLUSDT,2026-04-26 11:38:00+00:00,-0.000619459876441935,True
4σ,LDOUSDT,2026-04-26 13:03:00+00:00,0.01681404426118767,True
4σ,TAUSDT,2026-04-26 15:23:00+00:00,0.006931143830028087,True
4σ прокол 0.2%,TAUSDT,2026-04-26 15:23:00+00:00,0.006931143830028087,True
4σ прокол 0.2%,STRKUSDT,2026-04-26 21:33:00+00:00,0.010460321929510918,True
4σ,STRKUSDT,2026-04-26 21:33:00+00:00,0.010460321929510918,True
4σ,NATGASUSDT,2026-04-26 22:00:00+00:00,0.003076361171276032,False
4σ,XPTUSDT,2026-04-26 22:00:00+00:00,-0.0030408333259719085,False
4σ прокол 0.2%,XPTUSDT,2026-04-26 22:00:00+00:00,-0.0030408333259719085,False
6σ,XPTUSDT,2026-04-26 22:00:00+00:00,0.004525307730276663,False
4σ,PAXGUSDT,2026-04-26 22:00:00+00:00,-0.004613251283444002,True
6σ стоп 5D,XPTUSDT,2026-04-26 22:00:00+00:00,0.004525307730276663,False
6σ,PAXGUSDT,2026-04-26 22:00:00+00:00,-0.0036096006127307174,True
6σ стоп 5D,PAXGUSDT,2026-04-26 22:00:00+00:00,-0.0036096006127307174,True
4σ,XAUTUSDT,2026-04-26 22:00:00+00:00,-0.0030759033725874236,True
4σ,XANUSDT,2026-04-27 00:03:00+00:00,-0.03264842729713255,True
4σ,CFGUSDT,2026-04-27 00:04:00+00:00,0.02407257435604966,True
4σ прокол 0.2%,PORTALUSDT,2026-04-27 00:34:00+00:00,0.028947482388078608,True
4σ,PORTALUSDT,2026-04-27 00:34:00+00:00,0.028947482388078608,True
4σ,QUSDT,2026-04-27 09:09:00+00:00,0.010645271719984112,True
4σ прокол 0.2%,QUSDT,2026-04-27 09:09:00+00:00,0.010645271719984112,True
4σ прокол 0.2%,NOMUSDT,2026-04-27 12:33:00+00:00,0.016490992718263,True
4σ,NOMUSDT,2026-04-27 12:33:00+00:00,0.016490992718263,True
4σ прокол 0.2%,TSLAUSDT,2026-04-27 13:30:00+00:00,0.003594226329442796,True
4σ,TSLAUSDT,2026-04-27 13:30:00+00:00,0.003594226329442796,True
4σ,TAUSDT,2026-04-27 13:35:00+00:00,0.009131356697343617,True
6σ прокол 0.2%,AIAUSDT,2026-04-27 15:16:00+00:00,0.021501767017799964,True
6σ стоп 5D,AIAUSDT,2026-04-27 15:16:00+00:00,0.021501767017799964,True
6σ,AIAUSDT,2026-04-27 15:16:00+00:00,0.021501767017799964,True
4σ,AIAUSDT,2026-04-27 15:16:00+00:00,-0.013157958634612416,True
4σ прокол 0.2%,AIAUSDT,2026-04-27 15:16:00+00:00,-0.013157958634612416,True
4σ,FFUSDT,2026-04-27 16:01:00+00:00,0.010370805817363004,True
4σ,ONUSDT,2026-04-28 13:20:00+00:00,0.03194945040292159,True
6σ,HOODUSDT,2026-04-28 20:05:00+00:00,-0.03185423431574838,True
4σ прокол 0.2%,HOODUSDT,2026-04-28 20:05:00+00:00,-0.04545871136951948,True
6σ прокол 0.2%,HOODUSDT,2026-04-28 20:05:00+00:00,-0.03185423431574838,True
6σ стоп 5D,HOODUSDT,2026-04-28 20:05:00+00:00,-0.03185423431574838,True
4σ,HOODUSDT,2026-04-28 20:05:00+00:00,-0.04545871136951948,True
4σ прокол 0.2%,我踏马来了USDT,2026-04-29 15:45:00+00:00,0.03156164877559005,False
4σ,我踏马来了USDT,2026-04-29 15:45:00+00:00,0.03156164877559005,False
4σ,PIXELUSDT,2026-04-29 18:09:00+00:00,0.023054173872033082,True
4σ прокол 0.2%,KOMAUSDT,2026-04-29 18:11:00+00:00,-0.0018110990469239747,True
4σ,KOMAUSDT,2026-04-29 18:11:00+00:00,-0.0018110990469239747,True
6σ стоп 5D,KOMAUSDT,2026-04-29 18:11:00+00:00,0.037691552999165004,True
6σ,KOMAUSDT,2026-04-29 18:11:00+00:00,0.037691552999165004,True
6σ прокол 0.2%,KOMAUSDT,2026-04-29 18:11:00+00:00,0.037691552999165004,True
4σ,DUSDT,2026-04-29 19:28:00+00:00,0.026999685191644487,False
4σ прокол 0.2%,DUSDT,2026-04-29 19:28:00+00:00,0.026999685191644487,False
6σ,AMZNUSDT,2026-04-29 20:01:00+00:00,0.011331806829122559,True
6σ стоп 5D,AMZNUSDT,2026-04-29 20:01:00+00:00,0.011331806829122559,True
4σ прокол 0.2%,AMZNUSDT,2026-04-29 20:01:00+00:00,0.007360508031996683,True
4σ,AMZNUSDT,2026-04-29 20:01:00+00:00,0.007360508031996683,True
6σ прокол 0.2%,AMZNUSDT,2026-04-29 20:01:00+00:00,0.011331806829122559,True
6σ стоп 5D,DRIFTUSDT,2026-04-30 08:10:00+00:00,-0.05791036248391421,True
6σ прокол 0.2%,DRIFTUSDT,2026-04-30 08:10:00+00:00,-0.05791036248391421,True
4σ,DRIFTUSDT,2026-04-30 08:10:00+00:00,-0.08699924158967451,True
4σ прокол 0.2%,DRIFTUSDT,2026-04-30 08:10:00+00:00,-0.08699924158967451,True
6σ,DRIFTUSDT,2026-04-30 08:10:00+00:00,-0.05791036248391421,True
4σ,FFUSDT,2026-04-30 09:03:00+00:00,0.014693425225460643,True
4σ,RIVERUSDT,2026-04-30 15:27:00+00:00,-0.04319326874341098,True
4σ прокол 0.2%,RIVERUSDT,2026-04-30 15:27:00+00:00,-0.04319326874341098,True
4σ прокол 0.2%,RIVERUSDT,2026-04-30 18:07:00+00:00,0.027950316025117803,True
4σ,RIVERUSDT,2026-04-30 18:07:00+00:00,0.027950316025117803,True
4σ прокол 0.2%,SNDKUSDT,2026-04-30 20:06:00+00:00,0.01995005248961075,True
4σ,SNDKUSDT,2026-04-30 20:06:00+00:00,0.01995005248961075,True
6σ прокол 0.2%,TRBUSDT,2026-05-01 04:27:00+00:00,0.01463869719985203,True
6σ стоп 5D,TRBUSDT,2026-05-01 04:27:00+00:00,0.01463869719985203,True
6σ,TRBUSDT,2026-05-01 04:27:00+00:00,0.01463869719985203,True
4σ прокол 0.2%,GUAUSDT,2026-05-01 14:18:00+00:00,0.0737590524236506,False
4σ,GUAUSDT,2026-05-01 14:18:00+00:00,0.0737590524236506,False
6σ прокол 0.2%,GUAUSDT,2026-05-01 14:18:00+00:00,0.1197486917668466,False
6σ стоп 5D,GUAUSDT,2026-05-01 14:18:00+00:00,0.1197486917668466,False
6σ,GUAUSDT,2026-05-01 14:18:00+00:00,0.1197486917668466,False
4σ прокол 0.2%,KATUSDT,2026-05-01 17:51:00+00:00,0.02160098436068454,True
4σ,KATUSDT,2026-05-01 17:51:00+00:00,0.02160098436068454,True
4σ,ZENUSDT,2026-05-01 21:38:00+00:00,-0.006143652952115135,True
6σ,TSLAUSDT,2026-05-03 01:40:00+00:00,0.0016927749850607745,True
4σ,TSLAUSDT,2026-05-03 01:40:00+00:00,0.0009932394988596107,True
6σ стоп 5D,TSLAUSDT,2026-05-03 01:40:00+00:00,0.0016927749850607745,True
4σ прокол 0.2%,SPACEUSDT,2026-05-03 02:10:00+00:00,-0.03158241552379257,True
6σ прокол 0.2%,SPACEUSDT,2026-05-03 02:10:00+00:00,0.1877618746664888,True
4σ,SPACEUSDT,2026-05-03 02:10:00+00:00,-0.03158241552379257,True
6σ,SPACEUSDT,2026-05-03 02:10:00+00:00,0.1877618746664888,True
6σ стоп 5D,SPACEUSDT,2026-05-03 02:10:00+00:00,0.1877618746664888,True
4σ,TRXUSDT,2026-05-03 05:45:00+00:00,0.005973416214265682,True
4σ,BULLAUSDT,2026-05-03 07:32:00+00:00,0.015079675840495809,False
4σ,GOOGLUSDT,2026-05-03 18:05:00+00:00,0.0017437669495460996,True
4σ,BULLAUSDT,2026-05-03 19:30:00+00:00,0.0235823136509858,False
4σ,NVDAUSDT,2026-05-03 22:00:00+00:00,0.002105292149059812,True
4σ,NATGASUSDT,2026-05-03 22:00:00+00:00,0.004436365154178291,False
4σ,XAUTUSDT,2026-05-03 22:00:00+00:00,-0.001987112181042499,True
4σ прокол 0.2%,NATGASUSDT,2026-05-03 22:00:00+00:00,0.004436365154178291,False
4σ,PAXGUSDT,2026-05-03 22:00:00+00:00,-0.0027740264975427416,True
4σ,UAIUSDT,2026-05-04 01:38:00+00:00,0.035729866388612266,True
4σ прокол 0.2%,UAIUSDT,2026-05-04 01:38:00+00:00,0.035729866388612266,True
4σ,RIVERUSDT,2026-05-04 10:08:00+00:00,0.014784501970545882,True
4σ прокол 0.2%,RIVERUSDT,2026-05-04 10:08:00+00:00,0.014784501970545882,True
6σ прокол 0.2%,QUSDT,2026-05-04 10:45:00+00:00,0.024336280755423226,True
6σ стоп 5D,QUSDT,2026-05-04 10:45:00+00:00,0.024336280755423226,True
4σ,QUSDT,2026-05-04 10:45:00+00:00,-0.0077827844539918025,True
6σ,QUSDT,2026-05-04 10:45:00+00:00,0.024336280755423226,True
4σ прокол 0.2%,QUSDT,2026-05-04 10:45:00+00:00,-0.0077827844539918025,True
4σ прокол 0.2%,TRXUSDT,2026-05-04 12:17:00+00:00,0.005029529731486583,True
4σ,TRXUSDT,2026-05-04 12:17:00+00:00,0.005029529731486583,True
4σ прокол 0.2%,HYPERUSDT,2026-05-05 00:18:00+00:00,-0.08382671038819864,True
4σ,HYPERUSDT,2026-05-05 00:18:00+00:00,-0.08382671038819864,True
4σ прокол 0.2%,DUSDT,2026-05-05 12:40:00+00:00,-0.03288489690100668,False
6σ,DUSDT,2026-05-05 12:40:00+00:00,0.05247572959340481,False
6σ стоп 5D,DUSDT,2026-05-05 12:40:00+00:00,0.05247572959340481,False
4σ,DUSDT,2026-05-05 12:40:00+00:00,-0.03288489690100668,False
6σ прокол 0.2%,DUSDT,2026-05-05 12:40:00+00:00,0.05247572959340481,False
4σ прокол 0.2%,GTCUSDT,2026-05-05 13:09:00+00:00,0.013774082312585988,True
6σ,GTCUSDT,2026-05-05 13:09:00+00:00,0.021166813255178066,True
6σ стоп 5D,GTCUSDT,2026-05-05 13:09:00+00:00,0.021166813255178066,True
6σ прокол 0.2%,GTCUSDT,2026-05-05 13:09:00+00:00,0.021166813255178066,True
4σ,GTCUSDT,2026-05-05 13:09:00+00:00,0.013774082312585988,True
6σ стоп 5D,PIPPINUSDT,2026-05-06 04:03:00+00:00,-0.06636359720186577,True
4σ,PIPPINUSDT,2026-05-06 04:03:00+00:00,-0.08376862680913241,True
6σ,PIPPINUSDT,2026-05-06 04:03:00+00:00,-0.06636359720186577,True
4σ прокол 0.2%,PIPPINUSDT,2026-05-06 04:03:00+00:00,-0.08376862680913241,True
6σ прокол 0.2%,PIPPINUSDT,2026-05-06 04:03:00+00:00,-0.06636359720186577,True
6σ стоп 5D,CUSDT,2026-05-06 04:06:00+00:00,0.02356508513721485,True
6σ прокол 0.2%,CUSDT,2026-05-06 04:06:00+00:00,0.02356508513721485,True
4σ,CUSDT,2026-05-06 04:06:00+00:00,0.01532548175213395,True
4σ прокол 0.2%,CUSDT,2026-05-06 04:06:00+00:00,0.01532548175213395,True
6σ,CUSDT,2026-05-06 04:06:00+00:00,0.02356508513721485,True
4σ,PORTALUSDT,2026-05-06 04:07:00+00:00,-0.11094677672931771,True
6σ,PORTALUSDT,2026-05-06 04:07:00+00:00,-0.09441347911567163,True
6σ стоп 5D,PORTALUSDT,2026-05-06 04:07:00+00:00,-0.09441347911567163,True
6σ прокол 0.2%,PORTALUSDT,2026-05-06 04:07:00+00:00,-0.09441347911567163,True
4σ прокол 0.2%,PORTALUSDT,2026-05-06 04:07:00+00:00,-0.11094677672931771,True
6σ стоп 5D,ONTUSDT,2026-05-06 04:25:00+00:00,0.03653973953726482,True
6σ прокол 0.2%,ONTUSDT,2026-05-06 04:25:00+00:00,0.03653973953726482,True
4σ,ONTUSDT,2026-05-06 04:25:00+00:00,-0.024210736096806764,True
6σ,ONTUSDT,2026-05-06 04:25:00+00:00,0.03653973953726482,True
4σ прокол 0.2%,ONTUSDT,2026-05-06 04:25:00+00:00,-0.024210736096806764,True
4σ,HIGHUSDT,2026-05-06 04:29:00+00:00,-0.0062868434340405946,True
4σ прокол 0.2%,HIGHUSDT,2026-05-06 04:29:00+00:00,-0.0062868434340405946,True
4σ,AIAUSDT,2026-05-06 04:31:00+00:00,0.02692574576935454,True
6σ прокол 0.2%,SIGNUSDT,2026-05-06 07:49:00+00:00,0.01728995030704579,True
4σ,SIGNUSDT,2026-05-06 07:49:00+00:00,0.011255839391614186,True
6σ,SIGNUSDT,2026-05-06 07:49:00+00:00,0.01728995030704579,True
4σ прокол 0.2%,SIGNUSDT,2026-05-06 07:49:00+00:00,0.011255839391614186,True
6σ стоп 5D,SIGNUSDT,2026-05-06 07:49:00+00:00,0.01728995030704579,True
6σ прокол 0.2%,TAKEUSDT,2026-05-06 11:35:00+00:00,0.026408242974505423,False
6σ стоп 5D,TAKEUSDT,2026-05-06 11:35:00+00:00,0.026408242974505423,False
4σ,TAKEUSDT,2026-05-06 11:35:00+00:00,-0.00035798296390374064,False
4σ прокол 0.2%,TAKEUSDT,2026-05-06 11:35:00+00:00,-0.00035798296390374064,False
6σ,TAKEUSDT,2026-05-06 11:35:00+00:00,0.026408242974505423,False
4σ,LYNUSDT,2026-05-06 13:46:00+00:00,0.0631179359946012,True
4σ прокол 0.2%,LYNUSDT,2026-05-06 13:46:00+00:00,0.0631179359946012,True
6σ прокол 0.2%,ALICEUSDT,2026-05-06 22:17:00+00:00,-0.04726826796235392,True
4σ прокол 0.2%,ALICEUSDT,2026-05-06 22:17:00+00:00,-0.06552629406991747,True
6σ,ALICEUSDT,2026-05-06 22:17:00+00:00,-0.04726826796235392,True
6σ стоп 5D,ALICEUSDT,2026-05-06 22:17:00+00:00,-0.04726826796235392,True
4σ,ALICEUSDT,2026-05-06 22:17:00+00:00,-0.06552629406991747,True
4σ прокол 0.2%,PTBUSDT,2026-05-06 22:20:00+00:00,0.027322605505138944,True
4σ,PTBUSDT,2026-05-06 22:20:00+00:00,0.027322605505138944,True
6σ прокол 0.2%,JCTUSDT,2026-05-07 02:24:00+00:00,0.06682687933068715,True
4σ прокол 0.2%,JCTUSDT,2026-05-07 02:24:00+00:00,0.04249543538163243,True
4σ,JCTUSDT,2026-05-07 02:24:00+00:00,0.04249543538163243,True
6σ стоп 5D,JCTUSDT,2026-05-07 02:24:00+00:00,0.06682687933068715,True
6σ,JCTUSDT,2026-05-07 02:24:00+00:00,0.06682687933068715,True
4σ прокол 0.2%,AIAUSDT,2026-05-07 03:58:00+00:00,0.02711369197539111,True
4σ,AIAUSDT,2026-05-07 03:58:00+00:00,0.02711369197539111,True
4σ прокол 0.2%,我踏马来了USDT,2026-05-07 05:45:00+00:00,-0.00558332697397798,False
4σ,我踏马来了USDT,2026-05-07 05:45:00+00:00,-0.00558332697397798,False
4σ прокол 0.2%,BLUAIUSDT,2026-05-07 14:58:00+00:00,0.03323138686632228,True
4σ,BLUAIUSDT,2026-05-07 14:58:00+00:00,0.03323138686632228,True
4σ,PARTIUSDT,2026-05-07 17:11:00+00:00,0.018987579466833302,True
4σ прокол 0.2%,PARTIUSDT,2026-05-07 17:11:00+00:00,0.018987579466833302,True
4σ,DYMUSDT,2026-05-08 07:30:00+00:00,0.019352114223663855,True
4σ прокол 0.2%,DYMUSDT,2026-05-08 07:30:00+00:00,0.019352114223663855,True
6σ,HEMIUSDT,2026-05-08 08:23:00+00:00,0.0446990710400927,True
4σ прокол 0.2%,HEMIUSDT,2026-05-08 08:23:00+00:00,0.028788465571812208,True
4σ,HEMIUSDT,2026-05-08 08:23:00+00:00,0.028788465571812208,True
6σ прокол 0.2%,HEMIUSDT,2026-05-08 08:23:00+00:00,0.0446990710400927,True
6σ стоп 5D,HEMIUSDT,2026-05-08 08:23:00+00:00,0.0446990710400927,True
4σ,BLUAIUSDT,2026-05-08 09:53:00+00:00,0.04384128980250175,True
4σ прокол 0.2%,BLUAIUSDT,2026-05-08 09:53:00+00:00,0.04384128980250175,True
4σ,4USDT,2026-05-08 11:28:00+00:00,0.02808463571239446,True
4σ прокол 0.2%,4USDT,2026-05-08 11:28:00+00:00,0.02808463571239446,True
6σ,JCTUSDT,2026-05-08 19:27:00+00:00,0.02695293823109797,True
6σ стоп 5D,JCTUSDT,2026-05-08 19:27:00+00:00,0.02695293823109797,True
4σ прокол 0.2%,JCTUSDT,2026-05-08 19:27:00+00:00,0.01750872138745914,True
4σ,JCTUSDT,2026-05-08 19:27:00+00:00,0.01750872138745914,True
6σ прокол 0.2%,JCTUSDT,2026-05-08 19:27:00+00:00,0.02695293823109797,True
4σ прокол 0.2%,AIAUSDT,2026-05-09 11:03:00+00:00,0.0625661343276826,True
4σ,AIAUSDT,2026-05-09 11:03:00+00:00,0.0625661343276826,True
6σ,BANUSDT,2026-05-09 11:53:00+00:00,0.019528937731300114,True
6σ прокол 0.2%,BANUSDT,2026-05-09 11:53:00+00:00,0.019528937731300114,True
4σ прокол 0.2%,BANUSDT,2026-05-09 11:53:00+00:00,0.012711756238450621,True
6σ стоп 5D,BANUSDT,2026-05-09 11:53:00+00:00,0.019528937731300114,True
4σ,BANUSDT,2026-05-09 11:53:00+00:00,0.012711756238450621,True
4σ прокол 0.2%,LYNUSDT,2026-05-09 14:24:00+00:00,0.014767068665080884,True
4σ,LYNUSDT,2026-05-09 14:24:00+00:00,0.014767068665080884,True
4σ,LYNUSDT,2026-05-10 08:49:00+00:00,0.03822037915754502,True
4σ,SAGAUSDT,2026-05-10 12:34:00+00:00,0.019483139154911913,True
4σ прокол 0.2%,SAGAUSDT,2026-05-10 12:34:00+00:00,0.019483139154911913,True
4σ,NAORISUSDT,2026-05-10 13:44:00+00:00,0.023289295808219992,True
4σ прокол 0.2%,NAORISUSDT,2026-05-10 13:44:00+00:00,0.023289295808219992,True
4σ прокол 0.2%,NAORISUSDT,2026-05-10 13:47:00+00:00,0.02424206917415335,True
4σ,NAORISUSDT,2026-05-10 13:47:00+00:00,0.02424206917415335,True
4σ,NAORISUSDT,2026-05-10 13:55:00+00:00,0.031134543177128562,True
4σ прокол 0.2%,TAKEUSDT,2026-05-10 14:44:00+00:00,0.02855300732124473,False
4σ,TAKEUSDT,2026-05-10 14:44:00+00:00,0.02855300732124473,False
4σ прокол 0.2%,BLUAIUSDT,2026-05-10 17:17:00+00:00,0.025305503901509055,True
4σ,BLUAIUSDT,2026-05-10 17:17:00+00:00,0.025305503901509055,True
4σ прокол 0.2%,USELESSUSDT,2026-05-10 18:15:00+00:00,0.02811078989208067,True
4σ,USELESSUSDT,2026-05-10 18:15:00+00:00,0.02811078989208067,True
4σ прокол 0.2%,ROBOUSDT,2026-05-10 20:14:00+00:00,0.017247571639687112,True
4σ,ROBOUSDT,2026-05-10 20:14:00+00:00,0.017247571639687112,True
4σ прокол 0.2%,ZENUSDT,2026-05-10 20:49:00+00:00,0.016191119811430357,True
6σ прокол 0.2%,DUSDT,2026-05-10 20:49:00+00:00,0.042825661362120473,False
4σ,DUSDT,2026-05-10 20:49:00+00:00,0.027609942061206774,False
6σ стоп 5D,METUSDT,2026-05-10 20:49:00+00:00,0.023248351324838448,True
6σ стоп 5D,DUSDT,2026-05-10 20:49:00+00:00,0.042825661362120473,False
6σ,DUSDT,2026-05-10 20:49:00+00:00,0.042825661362120473,False
4σ,COAIUSDT,2026-05-10 20:49:00+00:00,0.017663402812462883,True
6σ,MYXUSDT,2026-05-10 20:49:00+00:00,0.03671691950696694,True
6σ прокол 0.2%,MYXUSDT,2026-05-10 20:49:00+00:00,0.03671691950696694,True
4σ,MYXUSDT,2026-05-10 20:49:00+00:00,0.02374710230297379,True
4σ,METUSDT,2026-05-10 20:49:00+00:00,0.01512087219093301,True
4σ прокол 0.2%,DUSDT,2026-05-10 20:49:00+00:00,0.027609942061206774,False
4σ прокол 0.2%,MYXUSDT,2026-05-10 20:49:00+00:00,0.02374710230297379,True
6σ,METUSDT,2026-05-10 20:49:00+00:00,0.023248351324838448,True
4σ,ZENUSDT,2026-05-10 20:49:00+00:00,0.016191119811430357,True
6σ стоп 5D,MYXUSDT,2026-05-10 20:49:00+00:00,0.03671691950696694,True
4σ прокол 0.2%,METUSDT,2026-05-10 20:49:00+00:00,0.01512087219093301,True
4σ,ENJUSDT,2026-05-10 20:49:00+00:00,0.012139471470363716,True
4σ прокол 0.2%,ENJUSDT,2026-05-10 20:49:00+00:00,0.012139471470363716,True
4σ,AMZNUSDT,2026-05-10 21:45:00+00:00,0.0024093159164701563,True
4σ прокол 0.2%,AMZNUSDT,2026-05-10 21:45:00+00:00,0.0024093159164701563,True
6σ,XAUTUSDT,2026-05-10 22:00:00+00:00,0.0016689636485637928,True
4σ,PAXGUSDT,2026-05-10 22:00:00+00:00,-0.0010289868218632252,True
6σ стоп 5D,XAUTUSDT,2026-05-10 22:00:00+00:00,0.0016689636485637928,True
4σ,XAUTUSDT,2026-05-10 22:00:00+00:00,-0.0007530225168796694,True
4σ прокол 0.2%,XAUTUSDT,2026-05-10 22:00:00+00:00,-0.0007530225168796694,True
6σ стоп 5D,PAXGUSDT,2026-05-10 22:00:00+00:00,0.00038614011281693015,True
6σ,PAXGUSDT,2026-05-10 22:00:00+00:00,0.00038614011281693015,True
4σ,XNYUSDT,2026-05-10 23:38:00+00:00,0.03511972449833496,True
4σ прокол 0.2%,XNYUSDT,2026-05-10 23:38:00+00:00,0.03511972449833496,True
4σ,SNDKUSDT,2026-05-11 00:00:00+00:00,0.007661587747425491,True
4σ прокол 0.2%,SNDKUSDT,2026-05-11 00:00:00+00:00,0.007661587747425491,True
4σ,BANUSDT,2026-05-11 02:28:00+00:00,-0.003189293315795732,True
4σ прокол 0.2%,BANUSDT,2026-05-11 02:28:00+00:00,-0.003189293315795732,True
4σ,SPKUSDT,2026-05-11 07:18:00+00:00,-0.061628037863671076,True
4σ прокол 0.2%,SPKUSDT,2026-05-11 07:18:00+00:00,-0.061628037863671076,True
4σ прокол 0.2%,HOODUSDT,2026-05-11 13:30:00+00:00,0.00792929303293306,True
4σ,HOODUSDT,2026-05-11 13:30:00+00:00,0.00792929303293306,True
4σ,COINUSDT,2026-05-11 13:30:00+00:00,0.011735223568280339,True
4σ прокол 0.2%,COINUSDT,2026-05-11 13:30:00+00:00,0.011735223568280339,True
4σ прокол 0.2%,LDOUSDT,2026-05-11 15:03:00+00:00,-0.030964662946120183,True
4σ,LDOUSDT,2026-05-11 15:03:00+00:00,-0.030964662946120183,True
4σ,LIGHTUSDT,2026-05-12 06:55:00+00:00,0.021857347500556748,True
4σ прокол 0.2%,LIGHTUSDT,2026-05-12 06:55:00+00:00,0.021857347500556748,True
4σ,CUSDT,2026-05-12 15:37:00+00:00,0.029892038472438112,True
4σ прокол 0.2%,CUSDT,2026-05-12 15:37:00+00:00,0.029892038472438112,True
6σ,PHBUSDT,2026-05-13 08:00:00+00:00,-0.18756547307617552,True
4σ прокол 0.2%,PHBUSDT,2026-05-13 08:00:00+00:00,-0.214711970391788,True
6σ прокол 0.2%,PHBUSDT,2026-05-13 08:00:00+00:00,-0.18756547307617552,True
6σ стоп 5D,PHBUSDT,2026-05-13 08:00:00+00:00,-0.18756547307617552,True
4σ,PHBUSDT,2026-05-13 08:00:00+00:00,-0.214711970391788,True
4σ,AIAUSDT,2026-05-13 08:06:00+00:00,0.029045837647473996,True
4σ прокол 0.2%,AIAUSDT,2026-05-13 08:06:00+00:00,0.029045837647473996,True
6σ стоп 5D,QUSDT,2026-05-13 11:40:00+00:00,0.08324992626901156,True
4σ,QUSDT,2026-05-13 11:40:00+00:00,0.052420970646010326,True
4σ прокол 0.2%,QUSDT,2026-05-13 11:40:00+00:00,0.052420970646010326,True
6σ,QUSDT,2026-05-13 11:40:00+00:00,0.08324992626901156,True
4σ прокол 0.2%,TRADOORUSDT,2026-05-13 12:35:00+00:00,0.01814271640715477,False
4σ,TRADOORUSDT,2026-05-13 12:35:00+00:00,0.01814271640715477,False
4σ,LYNUSDT,2026-05-13 17:05:00+00:00,0.030543933269991677,True
4σ прокол 0.2%,LYNUSDT,2026-05-13 17:05:00+00:00,0.030543933269991677,True
4σ,HOLOUSDT,2026-05-13 21:08:00+00:00,-0.003246733047184896,True
4σ,DRIFTUSDT,2026-05-15 02:34:00+00:00,0.016465890496581273,True
4σ прокол 0.2%,DRIFTUSDT,2026-05-15 02:34:00+00:00,0.016465890496581273,True
6σ прокол 0.2%,RUNEUSDT,2026-05-15 09:37:00+00:00,0.02169790091396391,True
6σ стоп 5D,RUNEUSDT,2026-05-15 09:37:00+00:00,0.02169790091396391,True
6σ,RUNEUSDT,2026-05-15 09:37:00+00:00,0.02169790091396391,True
4σ,NAORISUSDT,2026-05-15 10:29:00+00:00,0.11430486921518107,True
4σ прокол 0.2%,NAORISUSDT,2026-05-15 10:29:00+00:00,0.11430486921518107,True
6σ прокол 0.2%,FOLKSUSDT,2026-05-15 10:55:00+00:00,0.0295986917452888,True
6σ,FOLKSUSDT,2026-05-15 10:55:00+00:00,0.0295986917452888,True
4σ прокол 0.2%,FOLKSUSDT,2026-05-15 10:55:00+00:00,0.0020379515974469358,True
4σ,FOLKSUSDT,2026-05-15 10:55:00+00:00,0.0020379515974469358,True
6σ стоп 5D,FOLKSUSDT,2026-05-15 10:55:00+00:00,0.0295986917452888,True
4σ прокол 0.2%,TRADOORUSDT,2026-05-15 13:44:00+00:00,-0.04894759068687923,False
4σ,TRADOORUSDT,2026-05-15 13:44:00+00:00,-0.04894759068687923,False
4σ прокол 0.2%,LIGHTUSDT,2026-05-15 13:51:00+00:00,0.019545969092276086,True
4σ прокол 0.2%,ROSEUSDT,2026-05-15 13:51:00+00:00,-0.01130707369738268,True
4σ,ROSEUSDT,2026-05-15 13:51:00+00:00,-0.01130707369738268,True
6σ прокол 0.2%,ROSEUSDT,2026-05-15 13:51:00+00:00,0.009668646410598197,True
6σ стоп 5D,ROSEUSDT,2026-05-15 13:51:00+00:00,0.009668646410598197,True
6σ,ROSEUSDT,2026-05-15 13:51:00+00:00,0.009668646410598197,True
4σ,LIGHTUSDT,2026-05-15 13:51:00+00:00,0.019545969092276086,True
4σ прокол 0.2%,HIGHUSDT,2026-05-15 13:51:00+00:00,0.021421042510226987,True
4σ,HIGHUSDT,2026-05-15 13:51:00+00:00,0.021421042510226987,True
6σ стоп 5D,TREEUSDT,2026-05-15 13:57:00+00:00,0.022925673118106185,True
4σ прокол 0.2%,TREEUSDT,2026-05-15 13:57:00+00:00,0.014912335063821568,True
6σ прокол 0.2%,TREEUSDT,2026-05-15 13:57:00+00:00,0.022925673118106185,True
4σ,TREEUSDT,2026-05-15 13:57:00+00:00,0.014912335063821568,True
6σ,TREEUSDT,2026-05-15 13:57:00+00:00,0.022925673118106185,True
6σ стоп 5D,EVAAUSDT,2026-05-15 13:58:00+00:00,0.002816694988522023,True
6σ прокол 0.2%,EVAAUSDT,2026-05-15 13:58:00+00:00,0.002816694988522023,True
6σ,EVAAUSDT,2026-05-15 13:58:00+00:00,0.002816694988522023,True
4σ,EVAAUSDT,2026-05-15 13:58:00+00:00,-0.027149853303681883,True
4σ прокол 0.2%,EVAAUSDT,2026-05-15 13:58:00+00:00,-0.027149853303681883,True
4σ,TREEUSDT,2026-05-15 15:41:00+00:00,0.016840843140735598,True
6σ,TREEUSDT,2026-05-15 15:41:00+00:00,0.025914956752732102,True
4σ прокол 0.2%,TREEUSDT,2026-05-15 15:41:00+00:00,0.016840843140735598,True
6σ стоп 5D,TREEUSDT,2026-05-15 15:41:00+00:00,0.025914956752732102,True
4σ прокол 0.2%,SKYUSDT,2026-05-16 07:13:00+00:00,0.01210708905763842,True
4σ,SKYUSDT,2026-05-16 07:13:00+00:00,0.01210708905763842,True
6σ стоп 5D,BANANAUSDT,2026-05-16 07:13:00+00:00,0.025213505817468243,True
4σ,MYXUSDT,2026-05-16 07:13:00+00:00,0.02660811208785381,True
6σ,BANANAUSDT,2026-05-16 07:13:00+00:00,0.025213505817468243,True
4σ прокол 0.2%,BANANAUSDT,2026-05-16 07:13:00+00:00,0.01638898732857226,True
4σ,BANANAUSDT,2026-05-16 07:13:00+00:00,0.01638898732857226,True
6σ прокол 0.2%,BANANAUSDT,2026-05-16 07:13:00+00:00,0.025213505817468243,True
4σ прокол 0.2%,MYXUSDT,2026-05-16 07:13:00+00:00,0.02660811208785381,True
4σ,TRXUSDT,2026-05-16 07:16:00+00:00,0.0033594383192787182,True
4σ,JCTUSDT,2026-05-16 09:57:00+00:00,-0.10186557122692527,True
4σ прокол 0.2%,JCTUSDT,2026-05-16 09:57:00+00:00,-0.10186557122692527,True
6σ,TRBUSDT,2026-05-16 18:57:00+00:00,0.02131291217282634,True
6σ стоп 5D,TRBUSDT,2026-05-16 18:57:00+00:00,0.02131291217282634,True
6σ прокол 0.2%,TRBUSDT,2026-05-16 18:57:00+00:00,0.02131291217282634,True
4σ,CAKEUSDT,2026-05-17 09:33:00+00:00,0.007421291834332778,True
4σ прокол 0.2%,CAKEUSDT,2026-05-17 09:33:00+00:00,0.007421291834332778,True
6σ,AGTUSDT,2026-05-17 09:59:00+00:00,-0.007538572236755219,True
6σ стоп 5D,AGTUSDT,2026-05-17 09:59:00+00:00,-0.007538572236755219,True
4σ,TAGUSDT,2026-05-17 23:15:00+00:00,0.025261430398163934,False
4σ прокол 0.2%,TAGUSDT,2026-05-17 23:15:00+00:00,0.025261430398163934,False
4σ прокол 0.2%,BULLAUSDT,2026-05-17 23:40:00+00:00,-0.021529514161847087,False
4σ прокол 0.2%,XLMUSDT,2026-05-17 23:40:00+00:00,0.007096695833227652,True
4σ,BLESSUSDT,2026-05-17 23:40:00+00:00,-0.00607644367882229,True
4σ прокол 0.2%,BLESSUSDT,2026-05-17 23:40:00+00:00,-0.00607644367882229,True
4σ,PYTHUSDT,2026-05-17 23:40:00+00:00,0.011609553590077714,True
4σ прокол 0.2%,PYTHUSDT,2026-05-17 23:40:00+00:00,0.011609553590077714,True
6σ,BLESSUSDT,2026-05-17 23:40:00+00:00,0.029218877999282314,True
4σ,VETUSDT,2026-05-17 23:40:00+00:00,0.008069403533649665,True
4σ прокол 0.2%,1000SATSUSDT,2026-05-17 23:40:00+00:00,0.014047105086889732,False
6σ,1000SATSUSDT,2026-05-17 23:40:00+00:00,0.021588325276285583,False
6σ стоп 5D,BLESSUSDT,2026-05-17 23:40:00+00:00,0.029218877999282314,True
6σ,BULLAUSDT,2026-05-17 23:40:00+00:00,-0.007807108153119884,False
6σ стоп 5D,BULLAUSDT,2026-05-17 23:40:00+00:00,-0.007807108153119884,False
4σ,ENAUSDT,2026-05-17 23:40:00+00:00,0.0115902729578214,True
6σ стоп 5D,1000SATSUSDT,2026-05-17 23:40:00+00:00,0.021588325276285583,False
4σ,1000SATSUSDT,2026-05-17 23:40:00+00:00,0.014047105086889732,False
4σ,BULLAUSDT,2026-05-17 23:40:00+00:00,-0.021529514161847087,False
4σ прокол 0.2%,VETUSDT,2026-05-17 23:40:00+00:00,0.008069403533649665,True
6σ прокол 0.2%,BLESSUSDT,2026-05-17 23:40:00+00:00,0.029218877999282314,True
4σ,XLMUSDT,2026-05-17 23:40:00+00:00,0.007096695833227652,True
4σ,ETHFIUSDT,2026-05-17 23:40:00+00:00,0.008171946339090602,True
4σ,ASTERUSDT,2026-05-17 23:40:00+00:00,-0.0010286337275370032,True
4σ прокол 0.2%,ASTERUSDT,2026-05-17 23:40:00+00:00,-0.0010286337275370032,True
4σ прокол 0.2%,ETHFIUSDT,2026-05-17 23:40:00+00:00,0.008171946339090602,True
4σ,BANANAUSDT,2026-05-17 23:41:00+00:00,0.012688420564520974,True
6σ стоп 5D,BANANAUSDT,2026-05-17 23:41:00+00:00,0.0194929987811185,True
4σ прокол 0.2%,FARTCOINUSDT,2026-05-17 23:41:00+00:00,0.015910218959449288,True
4σ прокол 0.2%,ZAMAUSDT,2026-05-17 23:41:00+00:00,0.01057908994702723,True
4σ прокол 0.2%,SIGNUSDT,2026-05-17 23:41:00+00:00,0.015937241501548363,True
6σ стоп 5D,YBUSDT,2026-05-17 23:41:00+00:00,0.02793594828788533,True
4σ прокол 0.2%,VIRTUALUSDT,2026-05-17 23:41:00+00:00,0.01366734287026845,True
4σ прокол 0.2%,SNXUSDT,2026-05-17 23:41:00+00:00,0.01158273185740617,True
4σ,BASEDUSDT,2026-05-17 23:41:00+00:00,0.02337319486183538,True
4σ,SIGNUSDT,2026-05-17 23:41:00+00:00,0.015937241501548363,True
4σ,NEIROUSDT,2026-05-17 23:41:00+00:00,0.016376062499820113,False
6σ прокол 0.2%,BASEDUSDT,2026-05-17 23:41:00+00:00,0.036128183927203586,True
6σ стоп 5D,BASEDUSDT,2026-05-17 23:41:00+00:00,0.036128183927203586,True
4σ прокол 0.2%,TRADOORUSDT,2026-05-17 23:41:00+00:00,0.025079582951752014,False
6σ,BASEDUSDT,2026-05-17 23:41:00+00:00,0.036128183927203586,True
4σ,SKYUSDT,2026-05-17 23:41:00+00:00,0.00788407185647384,True
4σ,DRIFTUSDT,2026-05-17 23:41:00+00:00,0.014950513131151099,True
6σ прокол 0.2%,YBUSDT,2026-05-17 23:41:00+00:00,0.02793594828788533,True
6σ прокол 0.2%,BARDUSDT,2026-05-17 23:41:00+00:00,0.017421573408874694,True
4σ,VIRTUALUSDT,2026-05-17 23:41:00+00:00,0.01366734287026845,True
4σ прокол 0.2%,YBUSDT,2026-05-17 23:41:00+00:00,0.00983960119401675,True
4σ,ZENUSDT,2026-05-17 23:41:00+00:00,0.012987709699049787,True
6σ стоп 5D,LIGHTUSDT,2026-05-17 23:41:00+00:00,0.027198374673051487,True
4σ,0GUSDT,2026-05-17 23:41:00+00:00,0.010001455044821927,True
4σ прокол 0.2%,BERAUSDT,2026-05-17 23:41:00+00:00,0.014032950552747846,True
4σ прокол 0.2%,SUSDT,2026-05-17 23:41:00+00:00,0.012010745121572252,True
6σ,SKRUSDT,2026-05-17 23:41:00+00:00,0.017615831786713845,True
4σ прокол 0.2%,SANDUSDT,2026-05-17 23:41:00+00:00,0.009764588048169775,True
6σ стоп 5D,SKRUSDT,2026-05-17 23:41:00+00:00,0.017615831786713845,True
4σ,OPNUSDT,2026-05-17 23:41:00+00:00,0.026226730460404427,True
6σ прокол 0.2%,SKRUSDT,2026-05-17 23:41:00+00:00,0.017615831786713845,True
4σ,SKRUSDT,2026-05-17 23:41:00+00:00,0.01146801310596941,True
4σ,BERAUSDT,2026-05-17 23:41:00+00:00,0.014032950552747846,True
6σ,LIGHTUSDT,2026-05-17 23:41:00+00:00,0.027198374673051487,True
4σ,EDGEUSDT,2026-05-17 23:41:00+00:00,0.01626582664918104,True
4σ прокол 0.2%,SKRUSDT,2026-05-17 23:41:00+00:00,0.01146801310596941,True
6σ прокол 0.2%,STOUSDT,2026-05-17 23:41:00+00:00,-0.012360497603240511,True
4σ прокол 0.2%,BASEDUSDT,2026-05-17 23:41:00+00:00,0.02337319486183538,True
6σ стоп 5D,STOUSDT,2026-05-17 23:41:00+00:00,-0.012360497603240511,True
4σ,SUSDT,2026-05-17 23:41:00+00:00,0.012010745121572252,True
4σ прокол 0.2%,DYMUSDT,2026-05-17 23:41:00+00:00,0.02003966292377042,True
4σ,PIPPINUSDT,2026-05-17 23:41:00+00:00,0.015891204975212417,True
6σ стоп 5D,BARDUSDT,2026-05-17 23:41:00+00:00,0.017421573408874694,True
4σ,ARKMUSDT,2026-05-17 23:41:00+00:00,0.016981736086217628,True
4σ прокол 0.2%,COSUSDT,2026-05-17 23:41:00+00:00,0.02041661747197572,True
4σ,YBUSDT,2026-05-17 23:41:00+00:00,0.00983960119401675,True
4σ,NOTUSDT,2026-05-17 23:41:00+00:00,0.015967997507870993,True
4σ прокол 0.2%,BLURUSDT,2026-05-17 23:41:00+00:00,0.014453437946638514,True
4σ,FARTCOINUSDT,2026-05-17 23:41:00+00:00,0.015910218959449288,True
4σ,BLURUSDT,2026-05-17 23:41:00+00:00,0.014453437946638514,True
6σ прокол 0.2%,BLURUSDT,2026-05-17 23:41:00+00:00,0.022216083513014254,True
4σ,TRADOORUSDT,2026-05-17 23:41:00+00:00,0.025079582951752014,False
4σ прокол 0.2%,WLDUSDT,2026-05-17 23:41:00+00:00,0.013112048334262116,True
4σ прокол 0.2%,BARDUSDT,2026-05-17 23:41:00+00:00,-0.008255460484513281,True
6σ,LPTUSDT,2026-05-17 23:41:00+00:00,0.015499048054676124,True
6σ стоп 5D,BLURUSDT,2026-05-17 23:41:00+00:00,0.022216083513014254,True
6σ стоп 5D,LPTUSDT,2026-05-17 23:41:00+00:00,0.015499048054676124,True
6σ,BLURUSDT,2026-05-17 23:41:00+00:00,0.022216083513014254,True
6σ,TRADOORUSDT,2026-05-17 23:41:00+00:00,0.0388186492545652,False
4σ прокол 0.2%,WUSDT,2026-05-17 23:41:00+00:00,0.015335210962042111,True
4σ,LPTUSDT,2026-05-17 23:41:00+00:00,0.010088197136266474,True
4σ прокол 0.2%,TIAUSDT,2026-05-17 23:41:00+00:00,0.014601423545882852,True
6σ прокол 0.2%,TRADOORUSDT,2026-05-17 23:41:00+00:00,0.0388186492545652,False
6σ стоп 5D,TRADOORUSDT,2026-05-17 23:41:00+00:00,0.0388186492545652,False
4σ,MEMEUSDT,2026-05-17 23:41:00+00:00,0.012912429389554569,True
4σ,BROCCOLI714USDT,2026-05-17 23:41:00+00:00,0.018499291052995262,False
4σ прокол 0.2%,BROCCOLI714USDT,2026-05-17 23:41:00+00:00,0.018499291052995262,False
4σ,BARDUSDT,2026-05-17 23:41:00+00:00,-0.008255460484513281,True
4σ прокол 0.2%,MOODENGUSDT,2026-05-17 23:41:00+00:00,0.014646420402263782,True
4σ,ZAMAUSDT,2026-05-17 23:41:00+00:00,0.01057908994702723,True
4σ,NIGHTUSDT,2026-05-17 23:41:00+00:00,0.009733272391022795,True
4σ,DYMUSDT,2026-05-17 23:41:00+00:00,0.02003966292377042,True
4σ,PENGUUSDT,2026-05-17 23:41:00+00:00,0.013564291387182025,True
4σ прокол 0.2%,PENGUUSDT,2026-05-17 23:41:00+00:00,0.013564291387182025,True
4σ прокол 0.2%,LPTUSDT,2026-05-17 23:41:00+00:00,0.010088197136266474,True
6σ прокол 0.2%,SIGNUSDT,2026-05-17 23:41:00+00:00,0.02451286982311958,True
4σ прокол 0.2%,MITOUSDT,2026-05-17 23:41:00+00:00,0.032962439400791646,True
4σ прокол 0.2%,SKYUSDT,2026-05-17 23:41:00+00:00,0.00788407185647384,True
4σ,WUSDT,2026-05-17 23:41:00+00:00,0.015335210962042111,True
6σ стоп 5D,SIGNUSDT,2026-05-17 23:41:00+00:00,0.02451286982311958,True
4σ,ETCUSDT,2026-05-17 23:41:00+00:00,0.009261431352637305,True
6σ прокол 0.2%,MOODENGUSDT,2026-05-17 23:41:00+00:00,0.022514410456392756,True
6σ стоп 5D,MOODENGUSDT,2026-05-17 23:41:00+00:00,0.022514410456392756,True
6σ,SIGNUSDT,2026-05-17 23:41:00+00:00,0.02451286982311958,True
6σ,MOODENGUSDT,2026-05-17 23:41:00+00:00,0.022514410456392756,True
6σ прокол 0.2%,BULLAUSDT,2026-05-17 23:41:00+00:00,0.02507094213928314,False
4σ прокол 0.2%,DRIFTUSDT,2026-05-17 23:41:00+00:00,0.014950513131151099,True
4σ прокол 0.2%,MEMEUSDT,2026-05-17 23:41:00+00:00,0.012912429389554569,True
4σ,MOODENGUSDT,2026-05-17 23:41:00+00:00,0.014646420402263782,True
6σ,EVAAUSDT,2026-05-17 23:41:00+00:00,0.009299430111439327,True
4σ прокол 0.2%,OPNUSDT,2026-05-17 23:41:00+00:00,0.026226730460404427,True
6σ,YBUSDT,2026-05-17 23:41:00+00:00,0.02793594828788533,True
6σ прокол 0.2%,ACHUSDT,2026-05-17 23:41:00+00:00,0.01583546934247533,True
4σ,MOVEUSDT,2026-05-17 23:41:00+00:00,0.01228212574859051,True
6σ,STOUSDT,2026-05-17 23:41:00+00:00,-0.012360497603240511,True
4σ,MITOUSDT,2026-05-17 23:41:00+00:00,0.032962439400791646,True
4σ,POLUSDT,2026-05-17 23:41:00+00:00,0.009179191698857236,True
4σ прокол 0.2%,NOMUSDT,2026-05-17 23:41:00+00:00,0.012588241237607,True
4σ прокол 0.2%,BANANAUSDT,2026-05-17 23:41:00+00:00,0.012688420564520974,True
4σ прокол 0.2%,LIGHTUSDT,2026-05-17 23:41:00+00:00,0.009498731358822426,True
4σ прокол 0.2%,AAVEUSDT,2026-05-17 23:41:00+00:00,0.01002678949618847,True
4σ прокол 0.2%,GENIUSUSDT,2026-05-17 23:41:00+00:00,0.02489405389309325,True
6σ,BANANAUSDT,2026-05-17 23:41:00+00:00,0.0194929987811185,True
4σ,LIGHTUSDT,2026-05-17 23:41:00+00:00,0.009498731358822426,True
4σ прокол 0.2%,LDOUSDT,2026-05-17 23:41:00+00:00,0.012838051358508861,True
6σ стоп 5D,SANDUSDT,2026-05-17 23:41:00+00:00,0.015003451814469004,True
4σ,AVNTUSDT,2026-05-17 23:41:00+00:00,0.013471967530756367,True
4σ,POPCATUSDT,2026-05-17 23:41:00+00:00,0.014740676733887747,True
4σ,LDOUSDT,2026-05-17 23:41:00+00:00,0.012838051358508861,True
4σ,1000BONKUSDT,2026-05-17 23:41:00+00:00,0.011599169931575792,True
4σ,NOMUSDT,2026-05-17 23:41:00+00:00,0.012588241237607,True
6σ стоп 5D,MERLUSDT,2026-05-17 23:41:00+00:00,0.02655079214225893,True
6σ прокол 0.2%,MERLUSDT,2026-05-17 23:41:00+00:00,0.02655079214225893,True
4σ прокол 0.2%,ALICEUSDT,2026-05-17 23:41:00+00:00,0.014372457032818486,True
4σ прокол 0.2%,1000BONKUSDT,2026-05-17 23:41:00+00:00,0.011599169931575792,True
4σ,MERLUSDT,2026-05-17 23:41:00+00:00,0.01725007247184958,True
6σ стоп 5D,ACHUSDT,2026-05-17 23:41:00+00:00,0.01583546934247533,True
4σ,ACEUSDT,2026-05-17 23:41:00+00:00,0.01605535578398261,True
4σ прокол 0.2%,MERLUSDT,2026-05-17 23:41:00+00:00,0.01725007247184958,True
4σ,COSUSDT,2026-05-17 23:41:00+00:00,0.02041661747197572,True
6σ,ACHUSDT,2026-05-17 23:41:00+00:00,0.01583546934247533,True
4σ,ALICEUSDT,2026-05-17 23:41:00+00:00,0.014372457032818486,True
4σ прокол 0.2%,NEIROUSDT,2026-05-17 23:41:00+00:00,0.016376062499820113,False
6σ прокол 0.2%,SANDUSDT,2026-05-17 23:41:00+00:00,0.015003451814469004,True
6σ прокол 0.2%,BANANAUSDT,2026-05-17 23:41:00+00:00,0.0194929987811185,True
4σ,JASMYUSDT,2026-05-17 23:41:00+00:00,0.010933937240367574,True
4σ,EDUUSDT,2026-05-17 23:41:00+00:00,0.016625066504534394,True
4σ прокол 0.2%,POPCATUSDT,2026-05-17 23:41:00+00:00,0.014740676733887747,True
4σ,GALAUSDT,2026-05-17 23:41:00+00:00,0.012874915982532497,True
4σ,WLDUSDT,2026-05-17 23:41:00+00:00,0.013112048334262116,True
4σ,STRKUSDT,2026-05-17 23:41:00+00:00,0.013029337170472343,True
6σ прокол 0.2%,EVAAUSDT,2026-05-17 23:41:00+00:00,0.009299430111439327,True
6σ прокол 0.2%,LIGHTUSDT,2026-05-17 23:41:00+00:00,0.027198374673051487,True
4σ прокол 0.2%,MYXUSDT,2026-05-17 23:41:00+00:00,-0.004529055995370428,True
4σ прокол 0.2%,STRKUSDT,2026-05-17 23:41:00+00:00,0.013029337170472343,True
4σ,MOVRUSDT,2026-05-17 23:41:00+00:00,0.020987343567017328,True
4σ,SANDUSDT,2026-05-17 23:41:00+00:00,0.009764588048169775,True
6σ стоп 5D,EVAAUSDT,2026-05-17 23:41:00+00:00,0.009299430111439327,True
4σ,PIXELUSDT,2026-05-17 23:41:00+00:00,0.012611669101474998,True
4σ прокол 0.2%,MOVRUSDT,2026-05-17 23:41:00+00:00,0.020987343567017328,True
4σ прокол 0.2%,1000FLOKIUSDT,2026-05-17 23:41:00+00:00,0.011757632505999548,True
4σ прокол 0.2%,GALAUSDT,2026-05-17 23:41:00+00:00,0.012874915982532497,True
4σ,TIAUSDT,2026-05-17 23:41:00+00:00,0.014601423545882852,True
4σ прокол 0.2%,PIPPINUSDT,2026-05-17 23:41:00+00:00,0.015891204975212417,True
4σ,SNXUSDT,2026-05-17 23:41:00+00:00,0.01158273185740617,True
6σ,BARDUSDT,2026-05-17 23:41:00+00:00,0.017421573408874694,True
4σ,MYXUSDT,2026-05-17 23:41:00+00:00,-0.004529055995370428,True
4σ прокол 0.2%,EVAAUSDT,2026-05-17 23:41:00+00:00,-0.012129149973898995,True
4σ,AAVEUSDT,2026-05-17 23:41:00+00:00,0.01002678949618847,True
4σ,TURBOUSDT,2026-05-17 23:41:00+00:00,0.013560749050937914,False
4σ прокол 0.2%,TURBOUSDT,2026-05-17 23:41:00+00:00,0.013560749050937914,False
6σ,SANDUSDT,2026-05-17 23:41:00+00:00,0.015003451814469004,True
4σ,GENIUSUSDT,2026-05-17 23:41:00+00:00,0.02489405389309325,True
6σ,MERLUSDT,2026-05-17 23:41:00+00:00,0.02655079214225893,True
4σ прокол 0.2%,EDUUSDT,2026-05-17 23:41:00+00:00,0.016625066504534394,True
4σ прокол 0.2%,MOVEUSDT,2026-05-17 23:41:00+00:00,0.01228212574859051,True
4σ,EVAAUSDT,2026-05-17 23:41:00+00:00,-0.012129149973898995,True
4σ,1000FLOKIUSDT,2026-05-17 23:41:00+00:00,0.011757632505999548,True
6σ стоп 5D,FOLKSUSDT,2026-05-17 23:42:00+00:00,0.028410387280160834,True
6σ прокол 0.2%,MANTRAUSDT,2026-05-17 23:42:00+00:00,0.03340867935885013,False
4σ прокол 0.2%,龙虾USDT,2026-05-17 23:42:00+00:00,0.04035811974206456,False
6σ прокол 0.2%,FOLKSUSDT,2026-05-17 23:42:00+00:00,0.028410387280160834,True
6σ стоп 5D,MANTRAUSDT,2026-05-17 23:42:00+00:00,0.03340867935885013,False
4σ,龙虾USDT,2026-05-17 23:42:00+00:00,0.04035811974206456,False
6σ,CFXUSDT,2026-05-17 23:42:00+00:00,0.032307468245688045,True
4σ,MANTRAUSDT,2026-05-17 23:42:00+00:00,0.021642305415159505,False
6σ прокол 0.2%,龙虾USDT,2026-05-17 23:42:00+00:00,0.06333489405681231,False
6σ стоп 5D,龙虾USDT,2026-05-17 23:42:00+00:00,0.06333489405681231,False
6σ стоп 5D,CFXUSDT,2026-05-17 23:42:00+00:00,0.032307468245688045,True
6σ,MYXUSDT,2026-05-17 23:42:00+00:00,0.05631718027155648,True
4σ прокол 0.2%,我踏马来了USDT,2026-05-17 23:42:00+00:00,0.03135633602995021,False
4σ,ROSEUSDT,2026-05-17 23:42:00+00:00,0.018765400588508466,True
4σ прокол 0.2%,ROSEUSDT,2026-05-17 23:42:00+00:00,0.018765400588508466,True
6σ,FOLKSUSDT,2026-05-17 23:42:00+00:00,0.028410387280160834,True
4σ,FOLKSUSDT,2026-05-17 23:42:00+00:00,0.018444970913244554,True
4σ прокол 0.2%,BBUSDT,2026-05-17 23:42:00+00:00,0.01921955277966876,True
4σ прокол 0.2%,HYPERUSDT,2026-05-17 23:42:00+00:00,0.016704326774035175,True
6σ прокол 0.2%,MYXUSDT,2026-05-17 23:42:00+00:00,0.05631718027155648,True
6σ,龙虾USDT,2026-05-17 23:42:00+00:00,0.06333489405681231,False
6σ стоп 5D,MYXUSDT,2026-05-17 23:42:00+00:00,0.05631718027155648,True
4σ прокол 0.2%,MANTRAUSDT,2026-05-17 23:42:00+00:00,0.021642305415159505,False
4σ,我踏马来了USDT,2026-05-17 23:42:00+00:00,0.03135633602995021,False
6σ,MANTRAUSDT,2026-05-17 23:42:00+00:00,0.03340867935885013,False
4σ,HYPERUSDT,2026-05-17 23:42:00+00:00,0.016704326774035175,True
4σ,BBUSDT,2026-05-17 23:42:00+00:00,0.01921955277966876,True
4σ прокол 0.2%,FOLKSUSDT,2026-05-17 23:42:00+00:00,0.018444970913244554,True
4σ,BCHUSDT,2026-05-18 01:32:00+00:00,-0.014845781959146848,True
4σ,PORTALUSDT,2026-05-18 10:21:00+00:00,0.025447686289325325,True
4σ прокол 0.2%,PORTALUSDT,2026-05-18 10:21:00+00:00,0.025447686289325325,True
6σ прокол 0.2%,TAUSDT,2026-05-18 16:03:00+00:00,0.035526137624822554,True
4σ прокол 0.2%,TAUSDT,2026-05-18 16:03:00+00:00,0.022990537308245254,True
6σ,TAUSDT,2026-05-18 16:03:00+00:00,0.035526137624822554,True
6σ стоп 5D,TAUSDT,2026-05-18 16:03:00+00:00,0.035526137624822554,True
4σ,TAUSDT,2026-05-18 16:03:00+00:00,0.022990537308245254,True
4σ,GENIUSUSDT,2026-05-19 04:24:00+00:00,0.0023522957977446806,True
4σ прокол 0.2%,GENIUSUSDT,2026-05-19 04:24:00+00:00,0.0023522957977446806,True
6σ прокол 0.2%,ESPORTSUSDT,2026-05-19 14:05:00+00:00,0.07195715328755864,True
4σ,ESPORTSUSDT,2026-05-19 14:05:00+00:00,0.045618268264478526,True
4σ прокол 0.2%,ESPORTSUSDT,2026-05-19 14:05:00+00:00,0.045618268264478526,True
6σ,ESPORTSUSDT,2026-05-19 14:05:00+00:00,0.07195715328755864,True
6σ стоп 5D,ESPORTSUSDT,2026-05-19 14:05:00+00:00,0.07195715328755864,True
4σ прокол 0.2%,HEMIUSDT,2026-05-19 20:42:00+00:00,-0.0016512950008985279,True
4σ,HEMIUSDT,2026-05-19 20:42:00+00:00,-0.0016512950008985279,True
4σ,BULLAUSDT,2026-05-20 07:07:00+00:00,0.024071744179633384,False
4σ прокол 0.2%,NVDAUSDT,2026-05-20 20:21:00+00:00,0.01024389630113327,True
4σ,NVDAUSDT,2026-05-20 20:21:00+00:00,0.01024389630113327,True
4σ,AIGENSYNUSDT,2026-05-21 08:06:00+00:00,0.027358306610163433,True
4σ прокол 0.2%,AIGENSYNUSDT,2026-05-21 08:06:00+00:00,0.027358306610163433,True
4σ прокол 0.2%,HIGHUSDT,2026-05-22 00:28:00+00:00,0.0071276261090007795,True
6σ прокол 0.2%,HIGHUSDT,2026-05-22 00:28:00+00:00,0.03112446603824788,True
6σ,HIGHUSDT,2026-05-22 00:28:00+00:00,0.03112446603824788,True
6σ стоп 5D,HIGHUSDT,2026-05-22 00:28:00+00:00,0.03112446603824788,True
4σ,HIGHUSDT,2026-05-22 00:28:00+00:00,0.0071276261090007795,True
4σ прокол 0.2%,GTCUSDT,2026-05-22 07:02:00+00:00,-0.028839063000886758,True
4σ,GTCUSDT,2026-05-22 07:02:00+00:00,-0.028839063000886758,True
6σ,STORJUSDT,2026-05-22 08:00:00+00:00,0.03050612516886049,True
6σ стоп 5D,STORJUSDT,2026-05-22 08:00:00+00:00,0.03050612516886049,True
6σ прокол 0.2%,STORJUSDT,2026-05-22 08:00:00+00:00,0.03050612516886049,True
4σ,TACUSDT,2026-05-22 09:42:00+00:00,-0.04302831413568495,True
4σ прокол 0.2%,TACUSDT,2026-05-22 09:42:00+00:00,-0.04302831413568495,True
4σ,SAGAUSDT,2026-05-22 18:45:00+00:00,0.022767721674461686,True
4σ прокол 0.2%,SAGAUSDT,2026-05-22 18:45:00+00:00,0.022767721674461686,True
4σ,BLESSUSDT,2026-05-22 19:30:00+00:00,0.02067265009692605,True
4σ прокол 0.2%,BLESSUSDT,2026-05-22 19:30:00+00:00,0.02067265009692605,True
6σ стоп 5D,COMPUSDT,2026-05-22 23:12:00+00:00,-0.020608063824947478,True
4σ прокол 0.2%,COMPUSDT,2026-05-22 23:12:00+00:00,-0.034659182303988983,True
4σ,COMPUSDT,2026-05-22 23:12:00+00:00,-0.034659182303988983,True
6σ,COMPUSDT,2026-05-22 23:12:00+00:00,-0.020608063824947478,True
6σ прокол 0.2%,COMPUSDT,2026-05-22 23:12:00+00:00,-0.020608063824947478,True
6σ,PTBUSDT,2026-05-23 07:50:00+00:00,0.04270981316912899,True
4σ,PTBUSDT,2026-05-23 07:50:00+00:00,0.01913425258561244,True
4σ прокол 0.2%,PIPPINUSDT,2026-05-23 07:50:00+00:00,0.023946716808306692,True
4σ,PIPPINUSDT,2026-05-23 07:50:00+00:00,0.023946716808306692,True
4σ прокол 0.2%,PTBUSDT,2026-05-23 07:50:00+00:00,0.01913425258561244,True
6σ стоп 5D,CHZUSDT,2026-05-23 07:50:00+00:00,0.032934381062470444,True
6σ стоп 5D,PTBUSDT,2026-05-23 07:50:00+00:00,0.04270981316912899,True
6σ,CHZUSDT,2026-05-23 07:50:00+00:00,0.032934381062470444,True
6σ прокол 0.2%,CHZUSDT,2026-05-23 07:50:00+00:00,0.032934381062470444,True
6σ прокол 0.2%,PTBUSDT,2026-05-23 07:50:00+00:00,0.04270981316912899,True
4σ,BASUSDT,2026-05-23 20:40:00+00:00,0.0311619309691384,False
4σ прокол 0.2%,BASUSDT,2026-05-23 20:40:00+00:00,0.0311619309691384,False
4σ,DYMUSDT,2026-05-24 05:46:00+00:00,0.054374004654744915,True
4σ прокол 0.2%,DYMUSDT,2026-05-24 05:46:00+00:00,0.054374004654744915,True
4σ,GOOGLUSDT,2026-05-24 14:20:00+00:00,0.0022973516536958895,True
4σ прокол 0.2%,GTCUSDT,2026-05-24 17:43:00+00:00,0.02260742373671927,True
4σ,GTCUSDT,2026-05-24 17:43:00+00:00,0.02260742373671927,True
4σ,QUSDT,2026-05-24 21:31:00+00:00,-0.008173598299521216,True
4σ прокол 0.2%,QUSDT,2026-05-24 21:31:00+00:00,-0.008173598299521216,True
6σ прокол 0.2%,HIGHUSDT,2026-05-24 21:35:00+00:00,0.026120723917203395,True
4σ прокол 0.2%,BCHUSDT,2026-05-24 21:35:00+00:00,0.008878458786069476,True
4σ прокол 0.2%,HIGHUSDT,2026-05-24 21:35:00+00:00,0.016973314034773604,True
4σ,BCHUSDT,2026-05-24 21:35:00+00:00,0.008878458786069476,True
6σ прокол 0.2%,BCHUSDT,2026-05-24 21:35:00+00:00,0.013648032267523823,True
6σ,BCHUSDT,2026-05-24 21:35:00+00:00,0.013648032267523823,True
6σ стоп 5D,HIGHUSDT,2026-05-24 21:35:00+00:00,0.026120723917203395,True
6σ стоп 5D,BCHUSDT,2026-05-24 21:35:00+00:00,0.013648032267523823,True
4σ,HIGHUSDT,2026-05-24 21:35:00+00:00,0.016973314034773604,True
6σ,HIGHUSDT,2026-05-24 21:35:00+00:00,0.026120723917203395,True
4σ,NATGASUSDT,2026-05-24 22:00:00+00:00,-0.001464700057789286,False
4σ прокол 0.2%,NATGASUSDT,2026-05-24 22:00:00+00:00,-0.001464700057789286,False
4σ прокол 0.2%,ESPORTSUSDT,2026-05-25 11:36:00+00:00,-0.8995070364219135,True
4σ,ESPORTSUSDT,2026-05-25 11:36:00+00:00,-0.8995070364219135,True
4σ,USUSDT,2026-05-25 12:41:00+00:00,0.02161663320048275,True
6σ прокол 0.2%,USUSDT,2026-05-25 12:41:00+00:00,0.033368416643729984,True
6σ,USUSDT,2026-05-25 12:41:00+00:00,0.033368416643729984,True
6σ стоп 5D,USUSDT,2026-05-25 12:41:00+00:00,0.033368416643729984,True
4σ прокол 0.2%,USUSDT,2026-05-25 12:41:00+00:00,0.02161663320048275,True
4σ,TRXUSDT,2026-05-25 15:50:00+00:00,0.0043885194180139486,True
4σ прокол 0.2%,TRXUSDT,2026-05-25 15:50:00+00:00,0.0043885194180139486,True
4σ прокол 0.2%,TRADOORUSDT,2026-05-25 15:56:00+00:00,0.015975812466483233,False
4σ,TRADOORUSDT,2026-05-25 15:56:00+00:00,0.015975812466483233,False
4σ,NIGHTUSDT,2026-05-25 16:03:00+00:00,0.012966812463223353,True
4σ прокол 0.2%,NIGHTUSDT,2026-05-25 16:03:00+00:00,0.012966812463223353,True
4σ,TAUSDT,2026-05-25 18:21:00+00:00,0.027068667954549944,True
4σ прокол 0.2%,TAUSDT,2026-05-25 18:21:00+00:00,0.027068667954549944,True
4σ,INTCUSDT,2026-05-26 00:00:00+00:00,0.0058714627724005385,True
4σ прокол 0.2%,NVDAUSDT,2026-05-26 00:00:00+00:00,-0.005841225172003444,True
4σ,NVDAUSDT,2026-05-26 00:00:00+00:00,-0.005841225172003444,True
4σ,TSLAUSDT,2026-05-26 00:00:00+00:00,-0.003895105558545747,True
4σ прокол 0.2%,TSLAUSDT,2026-05-26 00:00:00+00:00,-0.003895105558545747,True
6σ стоп 5D,NVDAUSDT,2026-05-26 00:00:00+00:00,-0.0024209132502324977,True
6σ стоп 5D,TSLAUSDT,2026-05-26 00:00:00+00:00,-0.0006941156633892547,True
6σ,TSLAUSDT,2026-05-26 00:00:00+00:00,-0.0006941156633892547,True
4σ прокол 0.2%,PLTRUSDT,2026-05-26 00:00:00+00:00,-0.010472467758401688,True
4σ,PLTRUSDT,2026-05-26 00:00:00+00:00,-0.010472467758401688,True
6σ,NVDAUSDT,2026-05-26 00:00:00+00:00,-0.0024209132502324977,True
6σ,PLTRUSDT,2026-05-26 00:00:00+00:00,-0.005983786716930755,True
6σ стоп 5D,PLTRUSDT,2026-05-26 00:00:00+00:00,-0.005983786716930755,True
4σ прокол 0.2%,TRADOORUSDT,2026-05-26 00:14:00+00:00,0.018287323169281458,False
4σ,TRADOORUSDT,2026-05-26 00:14:00+00:00,0.018287323169281458,False
4σ прокол 0.2%,EWYUSDT,2026-05-26 01:06:00+00:00,0.008524032029781203,True
4σ,EWYUSDT,2026-05-26 01:06:00+00:00,0.008524032029781203,True
4σ,GTCUSDT,2026-05-26 11:35:00+00:00,0.020769327974051247,True
4σ прокол 0.2%,GTCUSDT,2026-05-26 11:35:00+00:00,0.020769327974051247,True
4σ,APEUSDT,2026-05-26 14:37:00+00:00,0.017282787784844225,True
4σ прокол 0.2%,APEUSDT,2026-05-26 14:37:00+00:00,0.017282787784844225,True
4σ,JCTUSDT,2026-05-26 15:10:00+00:00,0.033795560903756086,True
4σ прокол 0.2%,JCTUSDT,2026-05-26 15:10:00+00:00,0.033795560903756086,True
4σ прокол 0.2%,RAVEUSDT,2026-05-26 17:30:00+00:00,0.025552053086266027,True
4σ,RAVEUSDT,2026-05-26 17:30:00+00:00,0.025552053086266027,True
6σ стоп 5D,WLFIUSDT,2026-05-26 17:59:00+00:00,0.038195734733068545,True
4σ,WLFIUSDT,2026-05-26 17:59:00+00:00,0.018902315960888125,True
4σ прокол 0.2%,WLFIUSDT,2026-05-26 17:59:00+00:00,0.018902315960888125,True
6σ,WLFIUSDT,2026-05-26 17:59:00+00:00,0.038195734733068545,True
6σ прокол 0.2%,WLFIUSDT,2026-05-26 17:59:00+00:00,0.038195734733068545,True
4σ прокол 0.2%,SAHARAUSDT,2026-05-26 21:42:00+00:00,-0.008873600571948165,True
6σ стоп 5D,SAHARAUSDT,2026-05-26 21:42:00+00:00,0.03798029972534485,True
6σ,SAHARAUSDT,2026-05-26 21:42:00+00:00,0.03798029972534485,True
4σ,SAHARAUSDT,2026-05-26 21:42:00+00:00,-0.008873600571948165,True
6σ,0GUSDT,2026-05-27 04:30:00+00:00,0.03740469568513989,True
6σ прокол 0.2%,0GUSDT,2026-05-27 04:30:00+00:00,0.03740469568513989,True
6σ стоп 5D,0GUSDT,2026-05-27 04:30:00+00:00,0.03740469568513989,True
4σ,0GUSDT,2026-05-27 04:30:00+00:00,0.024183548087227405,True
4σ прокол 0.2%,0GUSDT,2026-05-27 04:30:00+00:00,0.024183548087227405,True
4σ прокол 0.2%,FOLKSUSDT,2026-05-27 18:53:00+00:00,0.022624347301439543,True
4σ,FOLKSUSDT,2026-05-27 18:53:00+00:00,0.022624347301439543,True
6σ,LYNUSDT,2026-05-27 21:44:00+00:00,-0.09388667244714075,True
4σ,LYNUSDT,2026-05-27 21:44:00+00:00,-0.11026274596701399,True
4σ,TRADOORUSDT,2026-05-27 21:44:00+00:00,0.020810036778994692,False
4σ,FOGOUSDT,2026-05-27 21:44:00+00:00,0.01958170068956995,True
4σ прокол 0.2%,LYNUSDT,2026-05-27 21:44:00+00:00,-0.11026274596701399,True
4σ прокол 0.2%,TRADOORUSDT,2026-05-27 21:44:00+00:00,0.020810036778994692,False
4σ прокол 0.2%,FOGOUSDT,2026-05-27 21:44:00+00:00,0.01958170068956995,True
6σ стоп 5D,LYNUSDT,2026-05-27 21:44:00+00:00,-0.09388667244714075,True
6σ прокол 0.2%,LYNUSDT,2026-05-27 21:44:00+00:00,-0.09388667244714075,True
4σ прокол 0.2%,AIXBTUSDT,2026-05-27 21:47:00+00:00,0.021741889683274132,True
4σ,AIXBTUSDT,2026-05-27 21:47:00+00:00,0.021741889683274132,True
4σ,TRADOORUSDT,2026-05-27 22:14:00+00:00,0.02632387129654941,False
4σ прокол 0.2%,TRADOORUSDT,2026-05-27 22:14:00+00:00,0.02632387129654941,False
4σ,TRADOORUSDT,2026-05-27 22:16:00+00:00,0.029485579619579608,False
4σ прокол 0.2%,TRADOORUSDT,2026-05-27 22:16:00+00:00,0.029485579619579608,False
4σ,DUSDT,2026-05-28 01:28:00+00:00,0.018342784228140688,False
6σ,DUSDT,2026-05-28 01:28:00+00:00,0.028251179212064284,False
4σ прокол 0.2%,DUSDT,2026-05-28 01:28:00+00:00,0.018342784228140688,False
6σ стоп 5D,DUSDT,2026-05-28 01:28:00+00:00,0.028251179212064284,False
6σ,TAUSDT,2026-05-28 01:39:00+00:00,0.03550857349646615,True
4σ,TAUSDT,2026-05-28 01:39:00+00:00,0.022979369134401753,True
4σ прокол 0.2%,TAUSDT,2026-05-28 01:39:00+00:00,0.022979369134401753,True
6σ прокол 0.2%,TAUSDT,2026-05-28 01:39:00+00:00,0.03550857349646615,True
6σ стоп 5D,TAUSDT,2026-05-28 01:39:00+00:00,0.03550857349646615,True
6σ,AIOTUSDT,2026-05-28 02:35:00+00:00,0.06384445170678793,False
6σ стоп 5D,AIOTUSDT,2026-05-28 02:35:00+00:00,0.06384445170678793,False
6σ прокол 0.2%,AIOTUSDT,2026-05-28 02:35:00+00:00,0.06384445170678793,False
4σ,RAVEUSDT,2026-05-28 02:50:00+00:00,0.023230518509170975,True
4σ прокол 0.2%,RAVEUSDT,2026-05-28 02:50:00+00:00,0.023230518509170975,True
4σ,EVAAUSDT,2026-05-28 03:18:00+00:00,0.028108450600828408,True
4σ прокол 0.2%,RIVERUSDT,2026-05-28 03:18:00+00:00,-0.010728628650573974,True
4σ,RIVERUSDT,2026-05-28 03:18:00+00:00,-0.010728628650573974,True
4σ,BOMEUSDT,2026-05-28 03:18:00+00:00,0.02043485400844132,True
4σ,AIAUSDT,2026-05-28 03:18:00+00:00,0.0263504021137317,True
4σ прокол 0.2%,BOMEUSDT,2026-05-28 03:18:00+00:00,0.02043485400844132,True
4σ прокол 0.2%,EVAAUSDT,2026-05-28 03:18:00+00:00,0.028108450600828408,True
4σ прокол 0.2%,PRLUSDT,2026-05-28 05:39:00+00:00,0.060024588013572536,True
4σ,PRLUSDT,2026-05-28 05:39:00+00:00,0.060024588013572536,True
4σ,BCHUSDT,2026-05-28 11:15:00+00:00,-0.021045986113927575,True
6σ прокол 0.2%,BCHUSDT,2026-05-28 11:15:00+00:00,-0.005279388961749037,True
4σ прокол 0.2%,BCHUSDT,2026-05-28 11:15:00+00:00,-0.021045986113927575,True
6σ стоп 5D,BCHUSDT,2026-05-28 11:15:00+00:00,-0.005279388961749037,True
6σ,BCHUSDT,2026-05-28 11:15:00+00:00,-0.005279388961749037,True
6σ прокол 0.2%,GTCUSDT,2026-05-28 14:05:00+00:00,0.044120211518152444,True
4σ,GTCUSDT,2026-05-28 14:05:00+00:00,0.028424622161721216,True
6σ стоп 5D,GTCUSDT,2026-05-28 14:05:00+00:00,0.044120211518152444,True
4σ прокол 0.2%,GTCUSDT,2026-05-28 14:05:00+00:00,0.028424622161721216,True
6σ,GTCUSDT,2026-05-28 14:05:00+00:00,0.044120211518152444,True
4σ прокол 0.2%,USUSDT,2026-05-28 14:06:00+00:00,0.04439881086527549,True
4σ,USUSDT,2026-05-28 14:06:00+00:00,0.04439881086527549,True
4σ,PLTRUSDT,2026-05-28 19:51:00+00:00,0.012927321127795332,True
4σ прокол 0.2%,PLTRUSDT,2026-05-28 19:51:00+00:00,0.012927321127795332,True
4σ прокол 0.2%,COLLECTUSDT,2026-05-28 20:30:00+00:00,0.005279425541923539,False
4σ,COLLECTUSDT,2026-05-28 20:30:00+00:00,0.005279425541923539,False
4σ прокол 0.2%,EDENUSDT,2026-05-29 02:52:00+00:00,0.04044155518715305,True
4σ,EDENUSDT,2026-05-29 02:52:00+00:00,0.04044155518715305,True
6σ стоп 5D,SPACEUSDT,2026-05-29 08:39:00+00:00,0.03808749997147727,True
6σ,SPACEUSDT,2026-05-29 08:39:00+00:00,0.03808749997147727,True
4σ,SPACEUSDT,2026-05-29 08:39:00+00:00,0.024616452829282445,True
4σ прокол 0.2%,SPACEUSDT,2026-05-29 08:39:00+00:00,0.024616452829282445,True
6σ прокол 0.2%,SPACEUSDT,2026-05-29 08:39:00+00:00,0.03808749997147727,True
4σ прокол 0.2%,EDGEUSDT,2026-05-29 20:52:00+00:00,0.023085418836814323,True
4σ,EDGEUSDT,2026-05-29 20:52:00+00:00,0.023085418836814323,True
4σ,ORCAUSDT,2026-05-30 00:29:00+00:00,-0.01680169874684975,True
4σ прокол 0.2%,ORCAUSDT,2026-05-30 00:29:00+00:00,-0.01680169874684975,True
4σ прокол 0.2%,ENSUSDT,2026-05-30 00:40:00+00:00,0.017731085158679563,True
4σ,ENSUSDT,2026-05-30 00:40:00+00:00,0.017731085158679563,True
6σ,ERAUSDT,2026-05-30 01:17:00+00:00,0.013873858252547971,True
6σ стоп 5D,ERAUSDT,2026-05-30 01:17:00+00:00,0.013873858252547971,True
6σ прокол 0.2%,ERAUSDT,2026-05-30 01:17:00+00:00,0.013873858252547971,True
4σ прокол 0.2%,ERAUSDT,2026-05-30 01:17:00+00:00,-0.0077452363509927505,True
4σ,ERAUSDT,2026-05-30 01:17:00+00:00,-0.0077452363509927505,True
4σ,ZAMAUSDT,2026-05-30 09:04:00+00:00,0.04343933305496446,True
4σ прокол 0.2%,ZAMAUSDT,2026-05-30 09:04:00+00:00,0.04343933305496446,True
4σ прокол 0.2%,HANAUSDT,2026-05-30 13:15:00+00:00,0.010347506321748811,True
6σ,HANAUSDT,2026-05-30 13:15:00+00:00,0.01589640520053788,True
4σ,HANAUSDT,2026-05-30 13:15:00+00:00,0.010347506321748811,True
6σ стоп 5D,HANAUSDT,2026-05-30 13:15:00+00:00,0.01589640520053788,True
4σ прокол 0.2%,COLLECTUSDT,2026-05-30 15:52:00+00:00,0.02105421075979015,False
4σ,COLLECTUSDT,2026-05-30 15:52:00+00:00,0.02105421075979015,False
6σ стоп 5D,NATGASUSDT,2026-05-30 16:02:00+00:00,-0.00022361258877265301,False
6σ прокол 0.2%,NATGASUSDT,2026-05-30 16:02:00+00:00,-0.00022361258877265301,False
6σ,NATGASUSDT,2026-05-30 16:02:00+00:00,-0.00022361258877265301,False
4σ,NATGASUSDT,2026-05-30 16:02:00+00:00,-0.006796679984278769,False
4σ прокол 0.2%,NATGASUSDT,2026-05-30 16:02:00+00:00,-0.006796679984278769,False
4σ прокол 0.2%,TAUSDT,2026-05-30 16:13:00+00:00,0.017822647078192325,True
4σ,TAUSDT,2026-05-30 16:13:00+00:00,0.017822647078192325,True
4σ,4USDT,2026-05-30 16:42:00+00:00,-0.011776286276430986,True
4σ прокол 0.2%,4USDT,2026-05-30 16:42:00+00:00,-0.011776286276430986,True
6σ,HIVEUSDT,2026-05-31 00:33:00+00:00,-0.006409739885056081,True
6σ стоп 5D,HIVEUSDT,2026-05-31 00:33:00+00:00,-0.006409739885056081,True
6σ прокол 0.2%,HIVEUSDT,2026-05-31 00:33:00+00:00,-0.006409739885056081,True
4σ,HIVEUSDT,2026-05-31 00:33:00+00:00,-0.024308164166286308,True
4σ прокол 0.2%,HIVEUSDT,2026-05-31 00:33:00+00:00,-0.024308164166286308,True
6σ стоп 5D,COPPERUSDT,2026-05-31 05:30:00+00:00,0.0013394498693790895,False
6σ прокол 0.2%,COPPERUSDT,2026-05-31 05:30:00+00:00,0.0013394498693790895,False
6σ,COPPERUSDT,2026-05-31 05:30:00+00:00,0.0013394498693790895,False
4σ,COPPERUSDT,2026-05-31 05:30:00+00:00,-0.0009818168499575446,False
4σ прокол 0.2%,COPPERUSDT,2026-05-31 05:30:00+00:00,-0.0009818168499575446,False
4σ,AIAUSDT,2026-05-31 06:13:00+00:00,0.05410814247283775,True
4σ прокол 0.2%,AIAUSDT,2026-05-31 06:13:00+00:00,0.05410814247283775,True
4σ прокол 0.2%,PARTIUSDT,2026-05-31 07:18:00+00:00,0.016715020645503967,True
4σ,PARTIUSDT,2026-05-31 07:18:00+00:00,0.016715020645503967,True
4σ,PLTRUSDT,2026-06-01 00:00:00+00:00,0.007941601570469813,True
4σ,GOOGLUSDT,2026-06-01 00:00:00+00:00,0.0017980035503390559,True
6σ прокол 0.2%,PLTRUSDT,2026-06-01 00:00:00+00:00,0.01221765379642865,True
6σ стоп 5D,PLTRUSDT,2026-06-01 00:00:00+00:00,0.01221765379642865,True
6σ,PLTRUSDT,2026-06-01 00:00:00+00:00,0.01221765379642865,True
4σ прокол 0.2%,PLTRUSDT,2026-06-01 00:00:00+00:00,0.007941601570469813,True
4σ прокол 0.2%,QCOMUSDT,2026-06-01 00:01:00+00:00,0.00515106426678953,True
4σ,QCOMUSDT,2026-06-01 00:01:00+00:00,0.00515106426678953,True
6σ стоп 5D,QCOMUSDT,2026-06-01 00:01:00+00:00,0.007973075882518898,True
6σ,QCOMUSDT,2026-06-01 00:01:00+00:00,0.007973075882518898,True
4σ,INTCUSDT,2026-06-01 00:01:00+00:00,-0.014256156280711835,True
4σ,ROBOUSDT,2026-06-01 01:36:00+00:00,0.013770209595824489,True
4σ прокол 0.2%,ROBOUSDT,2026-06-01 01:36:00+00:00,0.013770209595824489,True
4σ,DYMUSDT,2026-06-01 06:43:00+00:00,0.028770014546287873,True
4σ прокол 0.2%,DYMUSDT,2026-06-01 06:43:00+00:00,0.028770014546287873,True
6σ стоп 5D,STOUSDT,2026-06-01 07:58:00+00:00,0.019920371693298702,True
6σ,STOUSDT,2026-06-01 07:58:00+00:00,0.019920371693298702,True
4σ,TRADOORUSDT,2026-06-01 10:34:00+00:00,0.02583830471271971,False
4σ прокол 0.2%,TRADOORUSDT,2026-06-01 10:34:00+00:00,0.02583830471271971,False
4σ прокол 0.2%,HOODUSDT,2026-06-01 13:30:00+00:00,0.015469098385332903,True
4σ,CRCLUSDT,2026-06-01 13:30:00+00:00,0.009824427065029572,True
4σ прокол 0.2%,CRCLUSDT,2026-06-01 13:30:00+00:00,0.009824427065029572,True
4σ,HOODUSDT,2026-06-01 13:30:00+00:00,0.015469098385332903,True
6σ стоп 5D,EDGEUSDT,2026-06-01 21:12:00+00:00,-0.4569473260586286,True
6σ прокол 0.2%,EDGEUSDT,2026-06-01 21:12:00+00:00,-0.3417373543140146,True
4σ,EDGEUSDT,2026-06-01 21:12:00+00:00,-0.3630780860691069,True
4σ прокол 0.2%,EDGEUSDT,2026-06-01 21:12:00+00:00,-0.3630780860691069,True
6σ,EDGEUSDT,2026-06-01 21:12:00+00:00,-0.3417373543140146,True
4σ прокол 0.2%,EVAAUSDT,2026-06-02 02:07:00+00:00,0.03136013737589956,True
4σ прокол 0.2%,FIGHTUSDT,2026-06-02 02:07:00+00:00,-0.01401138734986504,True
4σ,FIGHTUSDT,2026-06-02 02:07:00+00:00,-0.01401138734986504,True
6σ,FIGHTUSDT,2026-06-02 02:07:00+00:00,0.016131959964790252,True
4σ,EVAAUSDT,2026-06-02 02:07:00+00:00,0.03136013737589956,True
6σ прокол 0.2%,FIGHTUSDT,2026-06-02 02:07:00+00:00,0.016131959964790252,True
6σ стоп 5D,FIGHTUSDT,2026-06-02 02:07:00+00:00,0.016131959964790252,True
4σ,TACUSDT,2026-06-02 10:29:00+00:00,-0.05602723792136585,True
4σ прокол 0.2%,TACUSDT,2026-06-02 10:29:00+00:00,-0.05602723792136585,True
4σ,NAORISUSDT,2026-06-02 14:27:00+00:00,0.026072453794394115,True
4σ,RIVERUSDT,2026-06-02 22:50:00+00:00,0.04570931106544425,True
4σ,BLUAIUSDT,2026-06-02 23:19:00+00:00,0.06804282052803784,True
4σ прокол 0.2%,BLUAIUSDT,2026-06-02 23:19:00+00:00,0.06804282052803784,True
4σ,GOATUSDT,2026-06-03 05:18:00+00:00,-0.0027645488431844163,True
4σ прокол 0.2%,XANUSDT,2026-06-03 06:59:00+00:00,0.06813106361312954,True
4σ,XANUSDT,2026-06-03 06:59:00+00:00,0.06813106361312954,True
4σ прокол 0.2%,HIGHUSDT,2026-06-03 08:20:00+00:00,-0.014250391325148687,True
4σ,HIGHUSDT,2026-06-03 08:20:00+00:00,-0.014250391325148687,True
4σ прокол 0.2%,PRLUSDT,2026-06-03 15:32:00+00:00,-0.010987971870477148,True
6σ прокол 0.2%,PRLUSDT,2026-06-03 15:32:00+00:00,0.050510681543911765,True
4σ,PRLUSDT,2026-06-03 15:32:00+00:00,-0.010987971870477148,True
6σ,PRLUSDT,2026-06-03 15:32:00+00:00,0.050510681543911765,True
6σ стоп 5D,PRLUSDT,2026-06-03 15:32:00+00:00,0.050510681543911765,True
4σ прокол 0.2%,STARUSDT,2026-06-04 00:34:00+00:00,0.03251835609902072,False
4σ,STARUSDT,2026-06-04 00:34:00+00:00,0.03251835609902072,False
4σ,LYNUSDT,2026-06-04 02:02:00+00:00,0.02946848392251429,True
4σ прокол 0.2%,LYNUSDT,2026-06-04 02:02:00+00:00,0.02946848392251429,True
4σ прокол 0.2%,TRADOORUSDT,2026-06-04 02:03:00+00:00,-0.02261132609908031,False
4σ,TRADOORUSDT,2026-06-04 02:03:00+00:00,-0.02261132609908031,False
4σ,PIPPINUSDT,2026-06-04 02:04:00+00:00,0.033594067468946734,True
4σ прокол 0.2%,COSUSDT,2026-06-04 02:04:00+00:00,0.026266483562864054,True
4σ,MITOUSDT,2026-06-04 02:04:00+00:00,0.029317320647358883,True
4σ,RAVEUSDT,2026-06-04 02:04:00+00:00,0.052888084394234494,True
6σ,ACEUSDT,2026-06-04 02:04:00+00:00,0.0493509732133592,True
6σ стоп 5D,ACEUSDT,2026-06-04 02:04:00+00:00,0.0493509732133592,True
4σ,NAORISUSDT,2026-06-04 02:04:00+00:00,0.040575582104033184,True
4σ прокол 0.2%,ACEUSDT,2026-06-04 02:04:00+00:00,0.03170255974881071,True
6σ прокол 0.2%,ACEUSDT,2026-06-04 02:04:00+00:00,0.0493509732133592,True
4σ прокол 0.2%,NAORISUSDT,2026-06-04 02:04:00+00:00,0.040575582104033184,True
6σ прокол 0.2%,DUSDT,2026-06-04 02:04:00+00:00,0.038030707901800256,False
4σ прокол 0.2%,PIPPINUSDT,2026-06-04 02:04:00+00:00,0.033594067468946734,True
4σ,ACEUSDT,2026-06-04 02:04:00+00:00,0.03170255974881071,True
4σ,COSUSDT,2026-06-04 02:04:00+00:00,0.026266483562864054,True
4σ,DUSDT,2026-06-04 02:04:00+00:00,0.02458046074120164,False
6σ,MITOUSDT,2026-06-04 02:04:00+00:00,0.04554123127167316,True
6σ прокол 0.2%,MITOUSDT,2026-06-04 02:04:00+00:00,0.04554123127167316,True
4σ,BBUSDT,2026-06-04 02:04:00+00:00,0.028522155597362445,True
4σ прокол 0.2%,EVAAUSDT,2026-06-04 02:04:00+00:00,0.03600039321557365,True
4σ прокол 0.2%,RAVEUSDT,2026-06-04 02:04:00+00:00,0.052888084394234494,True
4σ прокол 0.2%,DUSDT,2026-06-04 02:04:00+00:00,0.02458046074120164,False
6σ стоп 5D,DUSDT,2026-06-04 02:04:00+00:00,0.038030707901800256,False
6σ прокол 0.2%,TRADOORUSDT,2026-06-04 02:04:00+00:00,0.06638701010039644,False
6σ,DUSDT,2026-06-04 02:04:00+00:00,0.038030707901800256,False
6σ,COSUSDT,2026-06-04 02:04:00+00:00,0.04069560049952266,True
6σ,TRADOORUSDT,2026-06-04 02:04:00+00:00,0.06638701010039644,False
6σ стоп 5D,COSUSDT,2026-06-04 02:04:00+00:00,0.04069560049952266,True
4σ прокол 0.2%,MITOUSDT,2026-06-04 02:04:00+00:00,0.029317320647358883,True
6σ стоп 5D,TRADOORUSDT,2026-06-04 02:04:00+00:00,0.06638701010039644,False
4σ прокол 0.2%,BBUSDT,2026-06-04 02:04:00+00:00,0.028522155597362445,True
6σ стоп 5D,MITOUSDT,2026-06-04 02:04:00+00:00,0.04554123127167316,True
4σ,EVAAUSDT,2026-06-04 02:04:00+00:00,0.03600039321557365,True
6σ прокол 0.2%,COSUSDT,2026-06-04 02:04:00+00:00,0.04069560049952266,True
6σ,BASUSDT,2026-06-04 02:05:00+00:00,0.08354667669295618,False
4σ,MBOXUSDT,2026-06-04 02:05:00+00:00,0.035413960285129734,True
4σ прокол 0.2%,PTBUSDT,2026-06-04 02:05:00+00:00,0.04955312751720094,True
6σ прокол 0.2%,MBOXUSDT,2026-06-04 02:05:00+00:00,0.0553163640780165,True
4σ прокол 0.2%,MBOXUSDT,2026-06-04 02:05:00+00:00,0.035413960285129734,True
6σ прокол 0.2%,EVAAUSDT,2026-06-04 02:05:00+00:00,0.059762911985936154,True
6σ,MBOXUSDT,2026-06-04 02:05:00+00:00,0.0553163640780165,True
4σ,BASUSDT,2026-06-04 02:05:00+00:00,0.05259842344959749,False
4σ,PTBUSDT,2026-06-04 02:05:00+00:00,0.04955312751720094,True
6σ,EVAAUSDT,2026-06-04 02:05:00+00:00,0.059762911985936154,True
6σ стоп 5D,EVAAUSDT,2026-06-04 02:05:00+00:00,0.059762911985936154,True
6σ стоп 5D,BASUSDT,2026-06-04 02:05:00+00:00,0.08354667669295618,False
4σ прокол 0.2%,BASUSDT,2026-06-04 02:05:00+00:00,0.05259842344959749,False
6σ стоп 5D,MBOXUSDT,2026-06-04 02:05:00+00:00,0.0553163640780165,True
4σ прокол 0.2%,TSMUSDT,2026-06-05 03:44:00+00:00,0.011752118468185423,True
4σ,TSMUSDT,2026-06-05 03:44:00+00:00,0.011752118468185423,True
4σ прокол 0.2%,MONUSDT,2026-06-05 06:23:00+00:00,0.04608536633189493,True
4σ,MONUSDT,2026-06-05 06:23:00+00:00,0.04608536633189493,True
4σ прокол 0.2%,TAUSDT,2026-06-05 06:25:00+00:00,0.02249016490079199,True
4σ,TAUSDT,2026-06-05 06:25:00+00:00,0.02249016490079199,True
4σ прокол 0.2%,DUSDT,2026-06-05 07:00:00+00:00,-0.10727487075566552,False
4σ,DUSDT,2026-06-05 07:00:00+00:00,-0.10727487075566552,False
4σ прокол 0.2%,HIGHUSDT,2026-06-05 07:00:00+00:00,-0.059276230614526,True
6σ,DUSDT,2026-06-05 07:00:00+00:00,-0.08055594835991872,False
6σ,MBOXUSDT,2026-06-05 07:00:00+00:00,-0.11147901629394705,True
6σ прокол 0.2%,HIGHUSDT,2026-06-05 07:00:00+00:00,-0.020783335523088278,True
4σ прокол 0.2%,COSUSDT,2026-06-05 07:00:00+00:00,-0.10876655962090806,True
4σ,MBOXUSDT,2026-06-05 07:00:00+00:00,-0.1503517878373943,True
6σ стоп 5D,DUSDT,2026-06-05 07:00:00+00:00,-0.08055594835991872,False
6σ,COSUSDT,2026-06-05 07:00:00+00:00,-0.08099705736177451,True
6σ стоп 5D,MBOXUSDT,2026-06-05 07:00:00+00:00,-0.11147901629394705,True
6σ стоп 5D,COSUSDT,2026-06-05 07:00:00+00:00,-0.08099705736177451,True
4σ прокол 0.2%,MBOXUSDT,2026-06-05 07:00:00+00:00,-0.1503517878373943,True
6σ прокол 0.2%,DUSDT,2026-06-05 07:00:00+00:00,-0.08055594835991872,False
6σ прокол 0.2%,COSUSDT,2026-06-05 07:00:00+00:00,-0.08099705736177451,True
6σ стоп 5D,HIGHUSDT,2026-06-05 07:00:00+00:00,-0.020783335523088278,True
6σ,HIGHUSDT,2026-06-05 07:00:00+00:00,-0.020783335523088278,True
4σ,COSUSDT,2026-06-05 07:00:00+00:00,-0.10876655962090806,True
4σ,HIGHUSDT,2026-06-05 07:00:00+00:00,-0.059276230614526,True
6σ прокол 0.2%,MBOXUSDT,2026-06-05 07:00:00+00:00,-0.11147901629394705,True
6σ,MUSDT,2026-06-05 10:00:00+00:00,0.034042690811394175,True
6σ стоп 5D,MUSDT,2026-06-05 10:00:00+00:00,0.034042690811394175,True
6σ прокол 0.2%,MUSDT,2026-06-05 10:00:00+00:00,0.034042690811394175,True
4σ прокол 0.2%,MUSDT,2026-06-05 10:00:00+00:00,0.02204638461745452,True
4σ,MUSDT,2026-06-05 10:00:00+00:00,0.02204638461745452,True
4σ прокол 0.2%,QNTUSDT,2026-06-05 10:31:00+00:00,0.02803863895888177,True
4σ,QNTUSDT,2026-06-05 10:31:00+00:00,0.02803863895888177,True
6σ прокол 0.2%,TSTUSDT,2026-06-05 10:53:00+00:00,0.06017113554961058,False
6σ стоп 5D,TSTUSDT,2026-06-05 10:53:00+00:00,0.06017113554961058,False
6σ,TSTUSDT,2026-06-05 10:53:00+00:00,0.06017113554961058,False
4σ,AVGOUSDT,2026-06-06 02:17:00+00:00,0.004000980319404574,True
4σ прокол 0.2%,AVGOUSDT,2026-06-06 02:17:00+00:00,0.004000980319404574,True
4σ,QQQUSDT,2026-06-06 02:50:00+00:00,0.007005942850418069,True
4σ прокол 0.2%,COPPERUSDT,2026-06-06 14:06:00+00:00,0.00683853610254488,False
6σ,COPPERUSDT,2026-06-06 14:06:00+00:00,0.010536971819182738,False
4σ,COPPERUSDT,2026-06-06 14:06:00+00:00,0.00683853610254488,False
6σ прокол 0.2%,COPPERUSDT,2026-06-06 14:06:00+00:00,0.010536971819182738,False
6σ стоп 5D,COPPERUSDT,2026-06-06 14:06:00+00:00,0.010536971819182738,False
6σ,NATGASUSDT,2026-06-07 21:51:00+00:00,0.0077980999797184316,False
6σ стоп 5D,NATGASUSDT,2026-06-07 21:51:00+00:00,0.0077980999797184316,False
4σ прокол 0.2%,NATGASUSDT,2026-06-07 21:51:00+00:00,0.005035691756824568,False
4σ,NATGASUSDT,2026-06-07 21:51:00+00:00,0.005035691756824568,False
4σ,XPTUSDT,2026-06-07 22:00:00+00:00,-0.0025738147770066606,False
4σ прокол 0.2%,XPTUSDT,2026-06-07 22:00:00+00:00,-0.0025738147770066606,False
4σ,INTCUSDT,2026-06-08 00:00:00+00:00,0.009829301930408273,True
4σ прокол 0.2%,RIVERUSDT,2026-06-08 09:34:00+00:00,-0.002461560967885939,True
4σ,RIVERUSDT,2026-06-08 09:34:00+00:00,-0.002461560967885939,True
4σ,HUSDT,2026-06-08 21:08:00+00:00,-0.12512824097680894,True
4σ прокол 0.2%,HUSDT,2026-06-08 21:08:00+00:00,-0.12512824097680894,True
4σ прокол 0.2%,OPNUSDT,2026-06-08 22:01:00+00:00,0.06894912005370263,True
4σ,OPNUSDT,2026-06-08 22:01:00+00:00,0.06894912005370263,True
6σ прокол 0.2%,OPNUSDT,2026-06-08 22:01:00+00:00,0.1113751912366498,True
6σ,OPNUSDT,2026-06-08 22:01:00+00:00,0.1113751912366498,True
6σ стоп 5D,OPNUSDT,2026-06-08 22:01:00+00:00,0.1113751912366498,True
4σ,ASTERUSDT,2026-06-09 00:38:00+00:00,0.012187021724097757,True
4σ прокол 0.2%,ASTERUSDT,2026-06-09 00:38:00+00:00,0.012187021724097757,True
4σ,SAHARAUSDT,2026-06-09 02:18:00+00:00,-0.5216050235740619,True
6σ прокол 0.2%,SAHARAUSDT,2026-06-09 02:18:00+00:00,-0.49635584246530845,True
6σ,SAHARAUSDT,2026-06-09 02:18:00+00:00,-0.49635584246530845,True
4σ прокол 0.2%,SAHARAUSDT,2026-06-09 02:18:00+00:00,-0.5216050235740619,True
6σ стоп 5D,SAHARAUSDT,2026-06-09 02:18:00+00:00,-0.49635584246530845,True
4σ,GTCUSDT,2026-06-09 02:22:00+00:00,0.02236113052457163,True
4σ прокол 0.2%,GTCUSDT,2026-06-09 02:22:00+00:00,0.02236113052457163,True
4σ прокол 0.2%,TAUSDT,2026-06-09 03:32:00+00:00,0.01660807475837918,True
4σ,TAUSDT,2026-06-09 03:32:00+00:00,0.01660807475837918,True
4σ,COLLECTUSDT,2026-06-09 14:21:00+00:00,0.024713748995621468,False
4σ прокол 0.2%,COLLECTUSDT,2026-06-09 14:21:00+00:00,0.024713748995621468,False
4σ,TAUSDT,2026-06-10 00:20:00+00:00,0.023445228440296353,True
4σ прокол 0.2%,TAUSDT,2026-06-10 00:20:00+00:00,0.023445228440296353,True
6σ прокол 0.2%,SPCXUSDT,2026-06-10 09:10:00+00:00,-0.0028476288679561697,True
4σ прокол 0.2%,SPCXUSDT,2026-06-10 09:10:00+00:00,-0.022377216574494065,True
4σ,SPCXUSDT,2026-06-10 09:10:00+00:00,-0.022377216574494065,True
6σ стоп 5D,SPCXUSDT,2026-06-10 09:10:00+00:00,-0.0028476288679561697,True
6σ,SPCXUSDT,2026-06-10 09:10:00+00:00,-0.0028476288679561697,True
4σ прокол 0.2%,WLFIUSDT,2026-06-10 12:55:00+00:00,0.0264883643305069,True
4σ,WLFIUSDT,2026-06-10 12:55:00+00:00,0.0264883643305069,True
4σ прокол 0.2%,FOLKSUSDT,2026-06-10 19:35:00+00:00,0.07511527474820417,True
4σ,FOLKSUSDT,2026-06-10 19:35:00+00:00,0.07511527474820417,True
4σ прокол 0.2%,ORCLUSDT,2026-06-10 20:05:00+00:00,0.024985456945824283,True
6σ,ORCLUSDT,2026-06-10 20:05:00+00:00,0.038669995097148704,True
6σ стоп 5D,ORCLUSDT,2026-06-10 20:05:00+00:00,0.038669995097148704,True
6σ прокол 0.2%,ORCLUSDT,2026-06-10 20:05:00+00:00,0.038669995097148704,True
4σ,ORCLUSDT,2026-06-10 20:05:00+00:00,0.024985456945824283,True
6σ стоп 5D,STARUSDT,2026-06-11 04:23:00+00:00,0.016687834093568808,False
6σ,STARUSDT,2026-06-11 04:23:00+00:00,0.016687834093568808,False
4σ прокол 0.2%,STARUSDT,2026-06-11 04:23:00+00:00,-0.01596758275750329,False
6σ прокол 0.2%,STARUSDT,2026-06-11 04:23:00+00:00,0.016687834093568808,False
4σ,STARUSDT,2026-06-11 04:23:00+00:00,-0.01596758275750329,False
4σ,币安人生USDT,2026-06-11 11:49:00+00:00,0.02613921259425407,False
4σ прокол 0.2%,币安人生USDT,2026-06-11 11:49:00+00:00,0.02613921259425407,False
4σ прокол 0.2%,STARUSDT,2026-06-11 14:30:00+00:00,0.04758500910915249,False
4σ,STARUSDT,2026-06-11 14:30:00+00:00,0.04758500910915249,False
6σ стоп 5D,TRXUSDT,2026-06-11 16:31:00+00:00,0.002524852950382323,True
6σ,TRXUSDT,2026-06-11 16:31:00+00:00,0.002524852950382323,True
4σ,TRXUSDT,2026-06-11 16:31:00+00:00,-0.0017093551270288272,True
4σ прокол 0.2%,TRXUSDT,2026-06-11 16:31:00+00:00,-0.0017093551270288272,True
6σ прокол 0.2%,TRXUSDT,2026-06-11 16:31:00+00:00,0.002524852950382323,True
4σ прокол 0.2%,龙虾USDT,2026-06-12 10:31:00+00:00,0.05742646713631179,False
4σ,龙虾USDT,2026-06-12 10:31:00+00:00,0.05742646713631179,False
6σ,BUSDT,2026-06-12 10:31:00+00:00,0.03162009566424158,True
6σ стоп 5D,BUSDT,2026-06-12 10:31:00+00:00,0.03162009566424158,True
6σ прокол 0.2%,BUSDT,2026-06-12 10:31:00+00:00,0.03162009566424158,True
4σ прокол 0.2%,TSMUSDT,2026-06-13 11:39:00+00:00,0.009570979598144635,True
4σ,TSMUSDT,2026-06-13 11:39:00+00:00,0.009570979598144635,True
4σ,SPYUSDT,2026-06-13 16:50:00+00:00,0.0028935659992265885,True
4σ,QQQUSDT,2026-06-13 16:50:00+00:00,0.004926121132330331,True
6σ,BUSDT,2026-06-13 17:34:00+00:00,0.022593033049149905,True
6σ стоп 5D,BUSDT,2026-06-13 17:34:00+00:00,0.022593033049149905,True
6σ прокол 0.2%,BUSDT,2026-06-13 17:34:00+00:00,0.022593033049149905,True
6σ прокол 0.2%,BUSDT,2026-06-13 17:40:00+00:00,0.007180758287671758,True
6σ,BUSDT,2026-06-13 17:40:00+00:00,0.007180758287671758,True
6σ стоп 5D,BUSDT,2026-06-13 17:40:00+00:00,0.007180758287671758,True
4σ,QCOMUSDT,2026-06-14 08:41:00+00:00,0.007584707056458485,True
4σ прокол 0.2%,HUMAUSDT,2026-06-14 09:40:00+00:00,0.02349354275209166,True
4σ,HUMAUSDT,2026-06-14 09:40:00+00:00,0.02349354275209166,True
4σ,TSMUSDT,2026-06-14 12:53:00+00:00,0.0063520112196932665,True
6σ стоп 5D,TSMUSDT,2026-06-14 17:52:00+00:00,0.009784129168143928,True
6σ,TSMUSDT,2026-06-14 17:52:00+00:00,0.009784129168143928,True
4σ прокол 0.2%,TSMUSDT,2026-06-14 17:52:00+00:00,0.00634363408503953,True
4σ,TSMUSDT,2026-06-14 17:52:00+00:00,0.00634363408503953,True
4σ прокол 0.2%,RAVEUSDT,2026-06-14 22:06:00+00:00,0.03169309865040333,True
4σ,RAVEUSDT,2026-06-14 22:06:00+00:00,0.03169309865040333,True
4σ,LITEUSDT,2026-06-15 00:00:00+00:00,0.00869856005486409,True
4σ прокол 0.2%,LITEUSDT,2026-06-15 00:00:00+00:00,0.00869856005486409,True
4σ,MAGMAUSDT,2026-06-15 11:42:00+00:00,0.048664426700509814,True
4σ прокол 0.2%,MAGMAUSDT,2026-06-15 11:42:00+00:00,0.048664426700509814,True
4σ прокол 0.2%,FARTCOINUSDT,2026-06-15 20:16:00+00:00,0.055763115261524734,True
4σ,FARTCOINUSDT,2026-06-15 20:16:00+00:00,0.055763115261524734,True
4σ,AIAUSDT,2026-06-16 02:43:00+00:00,0.022340775191163467,True
4σ прокол 0.2%,AIAUSDT,2026-06-16 02:43:00+00:00,0.022340775191163467,True
6σ прокол 0.2%,TAGUSDT,2026-06-16 09:08:00+00:00,0.020520993963650844,False
4σ,TAGUSDT,2026-06-16 09:08:00+00:00,-0.0087993734833621,False
4σ прокол 0.2%,TAGUSDT,2026-06-16 09:08:00+00:00,-0.0087993734833621,False
6σ,TAGUSDT,2026-06-16 09:08:00+00:00,0.020520993963650844,False
6σ стоп 5D,TAGUSDT,2026-06-16 09:08:00+00:00,0.020520993963650844,False
4σ,PARTIUSDT,2026-06-16 13:51:00+00:00,0.006723094753171372,True
6σ,BUSDT,2026-06-17 10:43:00+00:00,0.009788935097331725,True
6σ стоп 5D,BUSDT,2026-06-17 10:43:00+00:00,0.009788935097331725,True
6σ прокол 0.2%,BUSDT,2026-06-17 10:43:00+00:00,0.009788935097331725,True
4σ,币安人生USDT,2026-06-18 12:22:00+00:00,0.027333713497697157,False
4σ прокол 0.2%,币安人生USDT,2026-06-18 12:22:00+00:00,0.027333713497697157,False
4σ прокол 0.2%,OPENAIUSDT,2026-06-18 13:36:00+00:00,0.0025678813521792525,True
4σ,OPENAIUSDT,2026-06-18 13:36:00+00:00,0.0025678813521792525,True
4σ,ERAUSDT,2026-06-18 13:47:00+00:00,0.020519013012487,True
4σ,GENIUSUSDT,2026-06-18 15:36:00+00:00,0.03810850581980181,True
6σ,GENIUSUSDT,2026-06-18 15:36:00+00:00,0.05967620356428989,True
6σ стоп 5D,GENIUSUSDT,2026-06-18 15:36:00+00:00,0.05967620356428989,True
6σ прокол 0.2%,GENIUSUSDT,2026-06-18 15:36:00+00:00,0.05967620356428989,True
4σ прокол 0.2%,GENIUSUSDT,2026-06-18 15:36:00+00:00,0.03810850581980181,True
6σ,PENGUUSDT,2026-06-19 03:15:00+00:00,0.03132479731090805,True
4σ прокол 0.2%,PENGUUSDT,2026-06-19 03:15:00+00:00,0.020311812831263334,True
6σ стоп 5D,PENGUUSDT,2026-06-19 03:15:00+00:00,0.03132479731090805,True
6σ прокол 0.2%,PENGUUSDT,2026-06-19 03:15:00+00:00,0.03132479731090805,True
4σ,PENGUUSDT,2026-06-19 03:15:00+00:00,0.020311812831263334,True
4σ,CCUSDT,2026-06-19 04:39:00+00:00,0.011201143787663969,True
4σ,FFUSDT,2026-06-19 07:36:00+00:00,0.00943657960489892,True
4σ прокол 0.2%,FFUSDT,2026-06-19 07:36:00+00:00,0.00943657960489892,True
4σ прокол 0.2%,UBUSDT,2026-06-19 13:28:00+00:00,-0.19861992479597898,True
4σ,UBUSDT,2026-06-19 13:28:00+00:00,-0.19861992479597898,True
6σ стоп 5D,UBUSDT,2026-06-19 13:31:00+00:00,-0.07128066087115312,True
6σ прокол 0.2%,UBUSDT,2026-06-19 13:31:00+00:00,-0.07128066087115312,True
6σ,UBUSDT,2026-06-19 13:31:00+00:00,-0.07128066087115312,True
6σ,KITEUSDT,2026-06-20 01:33:00+00:00,-0.014859830338195129,True
6σ прокол 0.2%,KITEUSDT,2026-06-20 01:33:00+00:00,-0.014859830338195129,True
4σ прокол 0.2%,KITEUSDT,2026-06-20 01:33:00+00:00,-0.026000631192502923,True
4σ,KITEUSDT,2026-06-20 01:33:00+00:00,-0.026000631192502923,True
6σ стоп 5D,KITEUSDT,2026-06-20 01:33:00+00:00,-0.014859830338195129,True
4σ прокол 0.2%,MYXUSDT,2026-06-21 01:53:00+00:00,0.045015767414420885,True
4σ,MYXUSDT,2026-06-21 01:53:00+00:00,0.045015767414420885,True
4σ,CBRSUSDT,2026-06-21 13:35:00+00:00,-0.004275154272733921,True
4σ прокол 0.2%,CBRSUSDT,2026-06-21 13:35:00+00:00,-0.004275154272733921,True
4σ,INJUSDT,2026-06-21 21:09:00+00:00,0.01530174756987419,True
4σ прокол 0.2%,XAUTUSDT,2026-06-21 22:00:00+00:00,0.0010058136508008355,True
4σ,PAXGUSDT,2026-06-21 22:00:00+00:00,0.00122223244246662,True
4σ,XAUTUSDT,2026-06-21 22:00:00+00:00,0.0010058136508008355,True
6σ стоп 5D,XAUTUSDT,2026-06-21 22:00:00+00:00,0.001711689117588966,True
6σ,XAUTUSDT,2026-06-21 22:00:00+00:00,0.001711689117588966,True
4σ,AMDUSDT,2026-06-22 00:00:00+00:00,0.0055920879003834145,False
4σ прокол 0.2%,INTCUSDT,2026-06-22 00:00:00+00:00,0.008980079626007286,True
4σ,EWYUSDT,2026-06-22 00:00:00+00:00,0.006517467489759189,True
4σ прокол 0.2%,EWYUSDT,2026-06-22 00:00:00+00:00,0.006517467489759189,True
4σ,INTCUSDT,2026-06-22 00:00:00+00:00,0.008980079626007286,True
4σ,NBISUSDT,2026-06-22 00:00:00+00:00,0.007448021018795671,True
4σ прокол 0.2%,NBISUSDT,2026-06-22 00:00:00+00:00,0.007448021018795671,True
4σ,EDENUSDT,2026-06-22 09:37:00+00:00,0.028734732533717458,True
4σ прокол 0.2%,EDENUSDT,2026-06-22 09:37:00+00:00,0.028734732533717458,True
4σ прокол 0.2%,HOODUSDT,2026-06-22 11:00:00+00:00,0.0037007389301304825,True
6σ,HOODUSDT,2026-06-22 11:00:00+00:00,0.013572426389691427,True
4σ,HOODUSDT,2026-06-22 11:00:00+00:00,0.0037007389301304825,True
6σ прокол 0.2%,HOODUSDT,2026-06-22 11:00:00+00:00,0.013572426389691427,True
6σ стоп 5D,HOODUSDT,2026-06-22 11:00:00+00:00,0.013572426389691427,True
4σ прокол 0.2%,CRWVUSDT,2026-06-22 13:31:00+00:00,0.011710802352953919,True
4σ,CRWVUSDT,2026-06-22 13:31:00+00:00,0.011710802352953919,True
4σ,ANTHROPICUSDT,2026-06-22 15:49:00+00:00,-0.00028091367075397324,True
4σ,BASUSDT,2026-06-23 05:22:00+00:00,0.0012282760634547978,False
4σ,LPTUSDT,2026-06-23 06:21:00+00:00,0.013691629167757301,True
4σ прокол 0.2%,ETHFIUSDT,2026-06-23 06:21:00+00:00,0.022863331185861216,True
4σ,ETHFIUSDT,2026-06-23 06:21:00+00:00,0.022863331185861216,True
4σ прокол 0.2%,BASUSDT,2026-06-23 06:38:00+00:00,0.025687517871963952,False
4σ,BASUSDT,2026-06-23 06:38:00+00:00,0.025687517871963952,False
4σ,STGUSDT,2026-06-23 08:15:00+00:00,-0.010588905695685685,True
4σ прокол 0.2%,STGUSDT,2026-06-23 08:15:00+00:00,-0.010588905695685685,True
6σ,TONUSDT,2026-06-23 08:19:00+00:00,0.046522210375887066,True
6σ стоп 5D,TONUSDT,2026-06-23 08:19:00+00:00,0.046522210375887066,True
6σ прокол 0.2%,TONUSDT,2026-06-23 08:19:00+00:00,0.046522210375887066,True
4σ,ORCLUSDT,2026-06-23 12:53:00+00:00,0.014869368849672337,True
4σ,SUSHIUSDT,2026-06-24 10:27:00+00:00,0.014829690433188557,True
6σ стоп 5D,BRUSDT,2026-06-24 11:06:00+00:00,0.0715001392726588,True
6σ прокол 0.2%,BRUSDT,2026-06-24 11:06:00+00:00,0.0715001392726588,True
6σ,BRUSDT,2026-06-24 11:06:00+00:00,0.0715001392726588,True
4σ,ENSUSDT,2026-06-24 16:51:00+00:00,0.01583538618893328,True
4σ прокол 0.2%,LPTUSDT,2026-06-24 16:51:00+00:00,0.01586464987665255,True
4σ,DOGSUSDT,2026-06-24 16:51:00+00:00,0.020690184716253016,True
4σ,LPTUSDT,2026-06-24 16:51:00+00:00,0.01586464987665255,True
4σ прокол 0.2%,AIAUSDT,2026-06-24 16:51:00+00:00,0.02287202848834076,True
4σ,LAUSDT,2026-06-24 16:51:00+00:00,0.01941203691183753,True
4σ,PLAYUSDT,2026-06-24 16:51:00+00:00,-0.05522538626470938,False
4σ прокол 0.2%,DYMUSDT,2026-06-24 16:51:00+00:00,0.027044930907044365,True
6σ прокол 0.2%,PLAYUSDT,2026-06-24 16:51:00+00:00,-0.01738933837725806,False
6σ стоп 5D,PLAYUSDT,2026-06-24 16:51:00+00:00,-0.01738933837725806,False
6σ,PLAYUSDT,2026-06-24 16:51:00+00:00,-0.01738933837725806,False
4σ прокол 0.2%,OPNUSDT,2026-06-24 16:51:00+00:00,0.03172844493168765,True
4σ,OPNUSDT,2026-06-24 16:51:00+00:00,0.03172844493168765,True
4σ прокол 0.2%,PLAYUSDT,2026-06-24 16:51:00+00:00,-0.05522538626470938,False
4σ,AIAUSDT,2026-06-24 16:51:00+00:00,0.02287202848834076,True
4σ прокол 0.2%,MYXUSDT,2026-06-24 16:51:00+00:00,0.043738026512059894,True
4σ,SENTUSDT,2026-06-24 16:51:00+00:00,0.01657162022349952,True
4σ,MYXUSDT,2026-06-24 16:51:00+00:00,0.043738026512059894,True
4σ прокол 0.2%,SENTUSDT,2026-06-24 16:51:00+00:00,0.01657162022349952,True
6σ,STOUSDT,2026-06-24 16:51:00+00:00,0.025756763053011292,True
6σ стоп 5D,STOUSDT,2026-06-24 16:51:00+00:00,0.025756763053011292,True
6σ стоп 5D,AIAUSDT,2026-06-24 16:51:00+00:00,0.0353397799087138,True
4σ,DYMUSDT,2026-06-24 16:51:00+00:00,0.027044930907044365,True
4σ,CRVUSDT,2026-06-24 16:51:00+00:00,0.020030212017248375,True
4σ прокол 0.2%,LAUSDT,2026-06-24 16:51:00+00:00,0.01941203691183753,True
4σ прокол 0.2%,CRVUSDT,2026-06-24 16:51:00+00:00,0.020030212017248375,True
6σ,AIAUSDT,2026-06-24 16:51:00+00:00,0.0353397799087138,True
4σ прокол 0.2%,ENSUSDT,2026-06-24 16:51:00+00:00,0.01583538618893328,True
4σ прокол 0.2%,PARTIUSDT,2026-06-24 17:20:00+00:00,0.042424213074708075,True
4σ,PARTIUSDT,2026-06-24 17:20:00+00:00,0.042424213074708075,True
4σ прокол 0.2%,BLUAIUSDT,2026-06-24 17:46:00+00:00,0.046696885902493615,True
4σ,BLUAIUSDT,2026-06-24 17:46:00+00:00,0.046696885902493615,True
4σ,STGUSDT,2026-06-25 13:00:00+00:00,-0.001560838715037954,True
4σ прокол 0.2%,STGUSDT,2026-06-25 13:00:00+00:00,-0.001560838715037954,True
6σ прокол 0.2%,龙虾USDT,2026-06-25 13:55:00+00:00,0.0892416925983392,False
6σ,龙虾USDT,2026-06-25 13:55:00+00:00,0.0892416925983392,False
6σ стоп 5D,龙虾USDT,2026-06-25 13:55:00+00:00,0.0892416925983392,False
4σ прокол 0.2%,龙虾USDT,2026-06-25 13:55:00+00:00,0.05599113079112557,False
4σ,龙虾USDT,2026-06-25 13:55:00+00:00,0.05599113079112557,False
4σ,TAUSDT,2026-06-25 13:57:00+00:00,0.038105425781025784,True
4σ прокол 0.2%,TAUSDT,2026-06-25 13:57:00+00:00,0.038105425781025784,True
6σ прокол 0.2%,NFPUSDT,2026-06-26 09:00:00+00:00,-0.1598298453973551,True
6σ стоп 5D,NFPUSDT,2026-06-26 09:00:00+00:00,-0.1598298453973551,True
6σ,NFPUSDT,2026-06-26 09:00:00+00:00,-0.1598298453973551,True
4σ,币安人生USDT,2026-06-26 14:57:00+00:00,0.01997747282791669,False
4σ прокол 0.2%,NATGASUSDT,2026-06-27 16:00:00+00:00,0.008834810106395485,False
6σ стоп 5D,NATGASUSDT,2026-06-27 16:00:00+00:00,0.01358133008799096,False
6σ прокол 0.2%,NATGASUSDT,2026-06-27 16:00:00+00:00,0.01358133008799096,False
6σ,NATGASUSDT,2026-06-27 16:00:00+00:00,0.01358133008799096,False
4σ,NATGASUSDT,2026-06-27 16:00:00+00:00,0.008834810106395485,False
4σ,RAVEUSDT,2026-06-27 17:17:00+00:00,0.04204666207939241,True
4σ прокол 0.2%,RAVEUSDT,2026-06-27 22:00:00+00:00,8.175978193694709e-05,True
4σ,RAVEUSDT,2026-06-27 22:00:00+00:00,8.175978193694709e-05,True
6σ стоп 5D,RAVEUSDT,2026-06-27 22:00:00+00:00,0.09338988606594384,True
6σ прокол 0.2%,RAVEUSDT,2026-06-27 22:00:00+00:00,0.09338988606594384,True
6σ,RAVEUSDT,2026-06-27 22:00:00+00:00,0.09338988606594384,True
4σ,KITEUSDT,2026-06-28 06:26:00+00:00,0.015979329558600406,True
4σ прокол 0.2%,KITEUSDT,2026-06-28 06:26:00+00:00,0.015979329558600406,True
4σ прокол 0.2%,币安人生USDT,2026-06-28 06:32:00+00:00,-0.187789084895666,False
4σ,币安人生USDT,2026-06-28 06:32:00+00:00,-0.187789084895666,False
6σ,币安人生USDT,2026-06-28 06:32:00+00:00,-0.17340866461170842,False
6σ прокол 0.2%,币安人生USDT,2026-06-28 06:32:00+00:00,-0.17340866461170842,False
6σ стоп 5D,币安人生USDT,2026-06-28 06:32:00+00:00,-0.2527132706439909,False
4σ,USUSDT,2026-06-28 06:47:00+00:00,-0.011396358884860763,True
4σ прокол 0.2%,USUSDT,2026-06-28 06:47:00+00:00,-0.011396358884860763,True
4σ,SAMSUNGUSDT,2026-06-28 23:00:00+00:00,-0.02706718081503986,True
4σ,GOOGLUSDT,2026-06-29 00:00:00+00:00,-0.002933298485651353,True
4σ прокол 0.2%,CRWVUSDT,2026-06-29 00:00:00+00:00,0.005282099951994202,True
4σ,CRWVUSDT,2026-06-29 00:00:00+00:00,0.005282099951994202,True
4σ прокол 0.2%,GOOGLUSDT,2026-06-29 00:00:00+00:00,-0.002933298485651353,True
4σ прокол 0.2%,AMDUSDT,2026-06-29 00:00:00+00:00,0.00466960226719877,False
4σ,AMDUSDT,2026-06-29 00:00:00+00:00,0.00466960226719877,False
4σ,IDUSDT,2026-06-29 00:07:00+00:00,0.027147802420807568,True
4σ прокол 0.2%,IDUSDT,2026-06-29 00:07:00+00:00,0.027147802420807568,True
4σ,BLUAIUSDT,2026-06-29 10:53:00+00:00,0.03071649774908343,True
4σ прокол 0.2%,RKLBUSDT,2026-06-29 11:00:00+00:00,0.011525530777588066,True
4σ,RKLBUSDT,2026-06-29 11:00:00+00:00,0.011525530777588066,True
4σ,QNTXUSDT,2026-06-29 13:30:00+00:00,0.00205936232083695,True
4σ прокол 0.2%,QNTXUSDT,2026-06-29 13:30:00+00:00,0.00205936232083695,True
4σ,ARMUSDT,2026-06-29 13:30:00+00:00,0.011995257418089444,True
4σ прокол 0.2%,MANTAUSDT,2026-06-29 19:10:00+00:00,0.056657927160139246,True
4σ,MANTAUSDT,2026-06-29 19:10:00+00:00,0.056657927160139246,True
6σ стоп 5D,OPENAIUSDT,2026-06-30 07:08:00+00:00,0.006901321406985917,True
4σ прокол 0.2%,OPENAIUSDT,2026-06-30 07:08:00+00:00,0.0044439693532347235,True
4σ,OPENAIUSDT,2026-06-30 07:08:00+00:00,0.0044439693532347235,True
6σ,OPENAIUSDT,2026-06-30 07:08:00+00:00,0.006901321406985917,True
6σ прокол 0.2%,OPENAIUSDT,2026-06-30 07:08:00+00:00,0.006901321406985917,True
4σ прокол 0.2%,ANTHROPICUSDT,2026-06-30 07:36:00+00:00,0.007850532350593253,True
4σ,ANTHROPICUSDT,2026-06-30 07:36:00+00:00,0.007850532350593253,True
4σ прокол 0.2%,CCUSDT,2026-06-30 10:03:00+00:00,0.00870457584748947,True
6σ,CCUSDT,2026-06-30 10:03:00+00:00,0.013382346187454219,True
6σ прокол 0.2%,CCUSDT,2026-06-30 10:03:00+00:00,0.013382346187454219,True
6σ стоп 5D,CCUSDT,2026-06-30 10:03:00+00:00,0.013382346187454219,True
4σ,CCUSDT,2026-06-30 10:03:00+00:00,0.00870457584748947,True
4σ прокол 0.2%,PRLUSDT,2026-06-30 11:22:00+00:00,-0.019052618182845173,True
4σ,PRLUSDT,2026-06-30 11:22:00+00:00,-0.019052618182845173,True
4σ прокол 0.2%,MITOUSDT,2026-06-30 12:22:00+00:00,0.029471294157460817,True
4σ,MITOUSDT,2026-06-30 12:22:00+00:00,0.029471294157460817,True
6σ прокол 0.2%,BICOUSDT,2026-06-30 12:57:00+00:00,0.04349736059251688,True
4σ,BICOUSDT,2026-06-30 12:57:00+00:00,-0.00461766816509021,True
6σ стоп 5D,BICOUSDT,2026-06-30 12:57:00+00:00,0.04349736059251688,True
6σ,BICOUSDT,2026-06-30 12:57:00+00:00,0.04349736059251688,True
4σ прокол 0.2%,BICOUSDT,2026-06-30 12:57:00+00:00,-0.00461766816509021,True
4σ прокол 0.2%,AINUSDT,2026-06-30 13:10:00+00:00,0.010708569751584768,True
4σ,AINUSDT,2026-06-30 13:10:00+00:00,0.010708569751584768,True
6σ стоп 5D,AINUSDT,2026-06-30 13:10:00+00:00,0.050624233157224155,True
6σ,AINUSDT,2026-06-30 13:10:00+00:00,0.050624233157224155,True
6σ прокол 0.2%,AINUSDT,2026-06-30 13:10:00+00:00,0.050624233157224155,True
6σ стоп 5D,BUSDT,2026-06-30 18:12:00+00:00,0.021085390145443042,True
6σ,BUSDT,2026-06-30 18:12:00+00:00,0.021085390145443042,True
6σ прокол 0.2%,BUSDT,2026-06-30 18:12:00+00:00,0.021085390145443042,True
4σ,ZESTUSDT,2026-07-01 00:24:00+00:00,0.020716948688995054,True
4σ,币安人生USDT,2026-07-01 00:26:00+00:00,0.028261010181133098,False
4σ прокол 0.2%,币安人生USDT,2026-07-01 00:26:00+00:00,0.028261010181133098,False
6σ стоп 5D,ESPORTSUSDT,2026-07-01 18:06:00+00:00,0.03957156878851405,True
4σ прокол 0.2%,ESPORTSUSDT,2026-07-01 18:06:00+00:00,0.0069156016962739495,True
6σ прокол 0.2%,ESPORTSUSDT,2026-07-01 18:06:00+00:00,0.03957156878851405,True
4σ,ESPORTSUSDT,2026-07-01 18:06:00+00:00,0.0069156016962739495,True
6σ,ESPORTSUSDT,2026-07-01 18:06:00+00:00,0.03957156878851405,True
4σ прокол 0.2%,BANKUSDT,2026-07-02 08:36:00+00:00,0.06641012166055232,True
4σ,BANKUSDT,2026-07-02 08:36:00+00:00,0.06641012166055232,True
4σ,GWEIUSDT,2026-07-02 09:17:00+00:00,0.046346894820062295,True
4σ прокол 0.2%,GWEIUSDT,2026-07-02 09:17:00+00:00,0.046346894820062295,True
4σ,ICNTUSDT,2026-07-02 10:53:00+00:00,-0.04267089199042837,True
6σ стоп 5D,ICNTUSDT,2026-07-02 10:53:00+00:00,-0.0027323125291291712,True
6σ прокол 0.2%,ICNTUSDT,2026-07-02 10:53:00+00:00,-0.0027323125291291712,True
6σ,ICNTUSDT,2026-07-02 10:53:00+00:00,-0.0027323125291291712,True
4σ прокол 0.2%,ICNTUSDT,2026-07-02 10:53:00+00:00,-0.04267089199042837,True
4σ,ESPORTSUSDT,2026-07-02 16:50:00+00:00,0.056713681789215056,True
4σ прокол 0.2%,ESPORTSUSDT,2026-07-02 16:50:00+00:00,0.056713681789215056,True
4σ,COAIUSDT,2026-07-03 07:47:00+00:00,0.02625599215084358,True
4σ прокол 0.2%,COAIUSDT,2026-07-03 07:47:00+00:00,0.02625599215084358,True
6σ,INUSDT,2026-07-03 10:49:00+00:00,0.06376927507928526,True
4σ прокол 0.2%,INUSDT,2026-07-03 10:49:00+00:00,0.04062450808978642,True
6σ стоп 5D,INUSDT,2026-07-03 10:49:00+00:00,0.06376927507928526,True
6σ прокол 0.2%,INUSDT,2026-07-03 10:49:00+00:00,0.06376927507928526,True
4σ,INUSDT,2026-07-03 10:49:00+00:00,0.04062450808978642,True
4σ прокол 0.2%,ZESTUSDT,2026-07-03 14:03:00+00:00,0.020877748928549614,True
4σ,ZESTUSDT,2026-07-03 14:03:00+00:00,0.020877748928549614,True
4σ прокол 0.2%,INUSDT,2026-07-04 00:50:00+00:00,0.03559828015402529,True
4σ,INUSDT,2026-07-04 00:50:00+00:00,0.03559828015402529,True
6σ,INUSDT,2026-07-04 00:50:00+00:00,0.05561382146876799,True
6σ стоп 5D,INUSDT,2026-07-04 00:50:00+00:00,0.05561382146876799,True
6σ прокол 0.2%,INUSDT,2026-07-04 00:50:00+00:00,0.05561382146876799,True
6σ стоп 5D,ZEREBROUSDT,2026-07-04 09:36:00+00:00,0.05909359431425183,True
6σ,ZEREBROUSDT,2026-07-04 09:36:00+00:00,0.05909359431425183,True
4σ прокол 0.2%,ICNTUSDT,2026-07-04 14:00:00+00:00,-0.05218534853818732,True
6σ стоп 5D,ICNTUSDT,2026-07-04 14:00:00+00:00,-0.035997906731162405,True
6σ прокол 0.2%,ICNTUSDT,2026-07-04 14:00:00+00:00,-0.035997906731162405,True
4σ,ICNTUSDT,2026-07-04 14:00:00+00:00,-0.05218534853818732,True
6σ,ICNTUSDT,2026-07-04 14:00:00+00:00,-0.035997906731162405,True
4σ прокол 0.2%,JCTUSDT,2026-07-04 17:28:00+00:00,0.04346032919638483,True
4σ,JCTUSDT,2026-07-04 17:28:00+00:00,0.04346032919638483,True
6σ прокол 0.2%,JCTUSDT,2026-07-04 17:28:00+00:00,0.06840845529532497,True
6σ стоп 5D,JCTUSDT,2026-07-04 17:28:00+00:00,0.06840845529532497,True
6σ,JCTUSDT,2026-07-04 17:28:00+00:00,0.06840845529532497,True
4σ,ESPORTSUSDT,2026-07-05 02:02:00+00:00,0.030193503201348906,True
4σ прокол 0.2%,ESPORTSUSDT,2026-07-05 02:02:00+00:00,0.030193503201348906,True
4σ,PYTHUSDT,2026-07-05 14:12:00+00:00,0.026041796689036903,True
4σ,OPNUSDT,2026-07-05 15:43:00+00:00,-0.03440417753583033,True
4σ прокол 0.2%,SPACEUSDT,2026-07-05 16:20:00+00:00,-0.002119289857146128,True
4σ,SPACEUSDT,2026-07-05 16:20:00+00:00,-0.002119289857146128,True
4σ,COAIUSDT,2026-07-05 17:55:00+00:00,0.02384274303055385,True
4σ прокол 0.2%,COAIUSDT,2026-07-05 17:55:00+00:00,0.02384274303055385,True
6σ,NATGASUSDT,2026-07-05 22:00:00+00:00,0.004104021753531041,False
4σ,NATGASUSDT,2026-07-05 22:00:00+00:00,0.002593692066227682,False
6σ прокол 0.2%,NATGASUSDT,2026-07-05 22:00:00+00:00,0.004104021753531041,False
6σ стоп 5D,NATGASUSDT,2026-07-05 22:00:00+00:00,0.004104021753531041,False
4σ прокол 0.2%,NATGASUSDT,2026-07-05 22:00:00+00:00,0.002593692066227682,False
4σ прокол 0.2%,ZESTUSDT,2026-07-05 22:12:00+00:00,0.02401786542741098,True
4σ,ZESTUSDT,2026-07-05 22:12:00+00:00,0.02401786542741098,True
6σ,NVDAUSDT,2026-07-06 00:00:00+00:00,-0.004685749319838533,True
4σ,LITEUSDT,2026-07-06 00:00:00+00:00,0.003183441646288987,True
4σ прокол 0.2%,TSMUSDT,2026-07-06 00:00:00+00:00,-0.0034460591612383846,True
4σ,QCOMUSDT,2026-07-06 00:00:00+00:00,-0.010253379480280905,True
6σ стоп 5D,QCOMUSDT,2026-07-06 00:00:00+00:00,-0.006037416406862255,True
4σ прокол 0.2%,QCOMUSDT,2026-07-06 00:00:00+00:00,-0.010253379480280905,True
4σ прокол 0.2%,WDCUSDT,2026-07-06 00:00:00+00:00,0.00616382729669347,True
4σ,NVDAUSDT,2026-07-06 00:00:00+00:00,-0.00767704621107254,True
6σ прокол 0.2%,QCOMUSDT,2026-07-06 00:00:00+00:00,-0.006037416406862255,True
4σ,GLWUSDT,2026-07-06 00:00:00+00:00,0.007210228417529009,True
4σ,COHRUSDT,2026-07-06 00:00:00+00:00,0.0025827654626608522,True
6σ стоп 5D,IBMUSDT,2026-07-06 00:00:00+00:00,-0.0051772513604457495,True
4σ,TSMUSDT,2026-07-06 00:00:00+00:00,-0.0034460591612383846,True
6σ прокол 0.2%,IBMUSDT,2026-07-06 00:00:00+00:00,-0.0051772513604457495,True
6σ стоп 5D,NVDAUSDT,2026-07-06 00:00:00+00:00,-0.004685749319838533,True
4σ,IBMUSDT,2026-07-06 00:00:00+00:00,-0.010182449299290436,True
6σ,TSMUSDT,2026-07-06 00:00:00+00:00,0.008616914755849647,True
4σ прокол 0.2%,CRWVUSDT,2026-07-06 00:00:00+00:00,-0.006367563743544718,True
4σ,COINUSDT,2026-07-06 00:00:00+00:00,-0.007377260745154961,True
4σ,MSFTUSDT,2026-07-06 00:00:00+00:00,0.0020328609502923813,True
4σ,WDCUSDT,2026-07-06 00:00:00+00:00,0.00616382729669347,True
4σ прокол 0.2%,COINUSDT,2026-07-06 00:00:00+00:00,-0.007377260745154961,True
6σ стоп 5D,TSMUSDT,2026-07-06 00:00:00+00:00,0.008616914755849647,True
4σ прокол 0.2%,IBMUSDT,2026-07-06 00:00:00+00:00,-0.010182449299290436,True
6σ,IBMUSDT,2026-07-06 00:00:00+00:00,-0.0051772513604457495,True
4σ прокол 0.2%,BEUSDT,2026-07-06 00:00:00+00:00,0.012691874381118583,True
4σ прокол 0.2%,NVDAUSDT,2026-07-06 00:00:00+00:00,-0.00767704621107254,True
4σ,CRWVUSDT,2026-07-06 00:00:00+00:00,-0.006367563743544718,True
4σ,BEUSDT,2026-07-06 00:00:00+00:00,0.012691874381118583,True
6σ,QCOMUSDT,2026-07-06 00:00:00+00:00,-0.006037416406862255,True
6σ стоп 5D,PLTRUSDT,2026-07-06 00:33:00+00:00,0.009047601177305475,True
4σ,PLTRUSDT,2026-07-06 00:33:00+00:00,0.005858979225205908,True
4σ прокол 0.2%,PLTRUSDT,2026-07-06 00:33:00+00:00,0.005858979225205908,True
6σ прокол 0.2%,PLTRUSDT,2026-07-06 00:33:00+00:00,0.009047601177305475,True
6σ,PLTRUSDT,2026-07-06 00:33:00+00:00,0.009047601177305475,True
4σ,GWEIUSDT,2026-07-06 09:06:00+00:00,0.04017206581899875,True
4σ прокол 0.2%,GWEIUSDT,2026-07-06 09:06:00+00:00,0.04017206581899875,True
4σ прокол 0.2%,BSBUSDT,2026-07-06 12:05:00+00:00,0.027426623976272338,True
4σ,BSBUSDT,2026-07-06 12:05:00+00:00,0.027426623976272338,True
4σ,RKLBUSDT,2026-07-06 13:31:00+00:00,0.0104569899020432,True
6σ прокол 0.2%,1000BONKUSDT,2026-07-06 17:35:00+00:00,0.03876608299353053,True
6σ стоп 5D,1000BONKUSDT,2026-07-06 17:35:00+00:00,0.03876608299353053,True
4σ прокол 0.2%,1000BONKUSDT,2026-07-06 17:35:00+00:00,0.025046300711978067,True
6σ,1000BONKUSDT,2026-07-06 17:35:00+00:00,0.03876608299353053,True
4σ,1000BONKUSDT,2026-07-06 17:35:00+00:00,0.025046300711978067,True
4σ,ESPORTSUSDT,2026-07-07 12:34:00+00:00,0.025161853679644255,True
4σ прокол 0.2%,ESPORTSUSDT,2026-07-07 12:34:00+00:00,0.025161853679644255,True
4σ прокол 0.2%,MITOUSDT,2026-07-07 13:43:00+00:00,0.01768228329832651,True
4σ,MITOUSDT,2026-07-07 13:43:00+00:00,0.01768228329832651,True
4σ прокол 0.2%,MYXUSDT,2026-07-07 14:26:00+00:00,0.03751728123649807,True
4σ,MYXUSDT,2026-07-07 14:26:00+00:00,0.03751728123649807,True
4σ прокол 0.2%,TACUSDT,2026-07-07 15:05:00+00:00,-0.8684107922519304,True
4σ,TACUSDT,2026-07-07 15:05:00+00:00,-0.8684107922519304,True
6σ стоп 5D,TACUSDT,2026-07-07 15:07:00+00:00,-0.7823477971844086,True
6σ прокол 0.2%,TACUSDT,2026-07-07 15:07:00+00:00,-0.7823477971844086,True
6σ,TACUSDT,2026-07-07 15:07:00+00:00,-0.7823477971844086,True
4σ,NAORISUSDT,2026-07-07 15:52:00+00:00,-0.028416136189431365,True
4σ прокол 0.2%,NAORISUSDT,2026-07-07 15:52:00+00:00,-0.028416136189431365,True
4σ,OPENUSDT,2026-07-07 21:00:00+00:00,0.018092412830390717,True
4σ прокол 0.2%,PENGUUSDT,2026-07-08 01:36:00+00:00,0.016614864108745978,True
4σ,PENGUUSDT,2026-07-08 01:36:00+00:00,0.016614864108745978,True
4σ прокол 0.2%,GENIUSUSDT,2026-07-08 02:39:00+00:00,0.0139687907810639,True
4σ,GENIUSUSDT,2026-07-08 02:39:00+00:00,0.0139687907810639,True
6σ,TAIKOUSDT,2026-07-08 04:17:00+00:00,0.054928245790400745,True
4σ прокол 0.2%,TAIKOUSDT,2026-07-08 04:17:00+00:00,0.03517335626106584,True
4σ,TAIKOUSDT,2026-07-08 04:17:00+00:00,0.03517335626106584,True
6σ стоп 5D,TAIKOUSDT,2026-07-08 04:17:00+00:00,0.054928245790400745,True
4σ,MITOUSDT,2026-07-08 04:47:00+00:00,0.02736259144015203,True
4σ прокол 0.2%,MITOUSDT,2026-07-08 04:47:00+00:00,0.02736259144015203,True
4σ прокол 0.2%,币安人生USDT,2026-07-08 17:51:00+00:00,0.015308122732410733,False
4σ,币安人生USDT,2026-07-08 17:51:00+00:00,0.015308122732410733,False
4σ,GENIUSUSDT,2026-07-09 03:42:00+00:00,0.015857326599893765,True
4σ прокол 0.2%,GENIUSUSDT,2026-07-09 03:42:00+00:00,0.015857326599893765,True
4σ,ZENUSDT,2026-07-10 08:08:00+00:00,0.012580815654139332,True
4σ прокол 0.2%,ZENUSDT,2026-07-10 08:08:00+00:00,0.012580815654139332,True
4σ,SPYUSDT,2026-07-10 14:32:00+00:00,0.0017242306272690746,True
4σ,ESPORTSUSDT,2026-07-11 00:19:00+00:00,-0.0034322177234707703,True
4σ прокол 0.2%,ESPORTSUSDT,2026-07-11 00:19:00+00:00,-0.0034322177234707703,True
4σ,MAGMAUSDT,2026-07-11 08:54:00+00:00,0.026296183100779483,True
4σ прокол 0.2%,MAGMAUSDT,2026-07-11 08:54:00+00:00,0.026296183100779483,True
4σ,RESOLVUSDT,2026-07-11 10:55:00+00:00,0.023857387875523675,True
4σ,MEMEUSDT,2026-07-11 23:23:00+00:00,0.014668235829796216,True
4σ прокол 0.2%,MEMEUSDT,2026-07-11 23:23:00+00:00,0.014668235829796216,True
4σ,ASTERUSDT,2026-07-12 00:24:00+00:00,0.0054168254700718965,True
4σ,RIVERUSDT,2026-07-12 00:31:00+00:00,0.0016907499358700677,True
4σ прокол 0.2%,RIVERUSDT,2026-07-12 00:31:00+00:00,0.0016907499358700677,True
4σ,QNTXUSDT,2026-07-12 01:03:00+00:00,0.011182266501942716,True
4σ,ORCLUSDT,2026-07-12 08:48:00+00:00,0.0002892483788532747,True
4σ прокол 0.2%,MAGMAUSDT,2026-07-12 16:22:00+00:00,0.047667462902682936,True
4σ,MAGMAUSDT,2026-07-12 16:22:00+00:00,0.047667462902682936,True
4σ прокол 0.2%,MAGMAUSDT,2026-07-12 17:14:00+00:00,-0.07594685594838221,True
4σ,MAGMAUSDT,2026-07-12 17:14:00+00:00,-0.07594685594838221,True
4σ,PIPPINUSDT,2026-07-12 20:02:00+00:00,-0.018829224586126982,True
6σ,PIPPINUSDT,2026-07-12 20:02:00+00:00,0.013573236913997838,True
6σ стоп 5D,PIPPINUSDT,2026-07-12 20:02:00+00:00,0.013573236913997838,True
6σ прокол 0.2%,PIPPINUSDT,2026-07-12 20:02:00+00:00,0.013573236913997838,True
4σ прокол 0.2%,PIPPINUSDT,2026-07-12 20:02:00+00:00,-0.018829224586126982,True
4σ,PAXGUSDT,2026-07-12 22:00:00+00:00,0.0002389000214332974,True
6σ стоп 5D,PAXGUSDT,2026-07-12 22:00:00+00:00,0.0005589627134483081,True
6σ,PAXGUSDT,2026-07-12 22:00:00+00:00,0.0005589627134483081,True
4σ,XAUTUSDT,2026-07-12 22:00:00+00:00,0.00044463954256608357,True
6σ стоп 5D,XAUTUSDT,2026-07-12 22:00:00+00:00,0.0008680303424172922,True
6σ,XAUTUSDT,2026-07-12 22:00:00+00:00,0.0008680303424172922,True
4σ,PAXGUSDT,2026-07-12 22:03:00+00:00,-0.004861764682511731,True
4σ,BSBUSDT,2026-07-13 03:07:00+00:00,-0.028103927589464086,True
4σ прокол 0.2%,BSBUSDT,2026-07-13 03:07:00+00:00,-0.028103927589464086,True
6σ,GENIUSUSDT,2026-07-13 03:34:00+00:00,0.019607794559414374,True
4σ прокол 0.2%,GENIUSUSDT,2026-07-13 03:34:00+00:00,0.012762955236827533,True
6σ стоп 5D,GENIUSUSDT,2026-07-13 03:34:00+00:00,0.019607794559414374,True
4σ,GENIUSUSDT,2026-07-13 03:34:00+00:00,0.012762955236827533,True
6σ прокол 0.2%,GENIUSUSDT,2026-07-13 03:34:00+00:00,0.019607794559414374,True
4σ,ALICEUSDT,2026-07-13 03:42:00+00:00,0.019886588744114822,True
4σ прокол 0.2%,ALICEUSDT,2026-07-13 03:42:00+00:00,0.019886588744114822,True
4σ,STGUSDT,2026-07-13 03:46:00+00:00,0.007516182014535772,True
4σ прокол 0.2%,STGUSDT,2026-07-13 03:46:00+00:00,0.007516182014535772,True
6σ прокол 0.2%,JELLYJELLYUSDT,2026-07-13 04:09:00+00:00,0.021429071048314888,True
6σ стоп 5D,JELLYJELLYUSDT,2026-07-13 04:09:00+00:00,0.021429071048314888,True
6σ,JELLYJELLYUSDT,2026-07-13 04:09:00+00:00,0.021429071048314888,True
4σ,HOMEUSDT,2026-07-13 04:14:00+00:00,0.019827789672431664,True
6σ,IBMUSDT,2026-07-14 11:00:00+00:00,-0.16247478753070208,True
4σ прокол 0.2%,IBMUSDT,2026-07-14 11:00:00+00:00,-0.17714393678916326,True
4σ,IBMUSDT,2026-07-14 11:00:00+00:00,-0.17714393678916326,True
6σ стоп 5D,IBMUSDT,2026-07-14 11:00:00+00:00,-0.16247478753070208,True
6σ прокол 0.2%,IBMUSDT,2026-07-14 11:00:00+00:00,-0.16247478753070208,True
4σ,币安人生USDT,2026-07-14 14:43:00+00:00,0.035253201719809016,False
4σ прокол 0.2%,币安人生USDT,2026-07-14 14:43:00+00:00,0.035253201719809016,False
4σ,HUSDT,2026-07-14 18:42:00+00:00,0.020705342540740593,True
4σ прокол 0.2%,ESPORTSUSDT,2026-07-16 05:23:00+00:00,-0.15945738517480032,True
4σ,ESPORTSUSDT,2026-07-16 05:23:00+00:00,-0.15945738517480032,True
6σ стоп 5D,ESPORTSUSDT,2026-07-16 05:23:00+00:00,-0.10055201633092856,True
6σ прокол 0.2%,ESPORTSUSDT,2026-07-16 05:23:00+00:00,-0.10055201633092856,True
6σ,ESPORTSUSDT,2026-07-16 05:23:00+00:00,-0.10055201633092856,True
4σ прокол 0.2%,BLUAIUSDT,2026-07-16 08:08:00+00:00,0.038212414370311046,True
4σ,BLUAIUSDT,2026-07-16 08:08:00+00:00,0.038212414370311046,True
4σ,4USDT,2026-07-17 02:54:00+00:00,0.019785761178836972,True
4σ прокол 0.2%,4USDT,2026-07-17 02:54:00+00:00,0.019785761178836972,True
4σ,ROBOUSDT,2026-07-17 06:31:00+00:00,0.012062409012417535,True
4σ прокол 0.2%,ROBOUSDT,2026-07-17 06:31:00+00:00,0.012062409012417535,True
4σ,XPINUSDT,2026-07-18 06:21:00+00:00,0.03080526316666328,True
4σ прокол 0.2%,XPINUSDT,2026-07-18 06:21:00+00:00,0.03080526316666328,True
4σ,EGLDUSDT,2026-07-19 10:36:00+00:00,0.020098848001937467,True
4σ,RIVERUSDT,2026-07-19 17:01:00+00:00,0.012626053652022805,True
4σ прокол 0.2%,RIVERUSDT,2026-07-19 17:01:00+00:00,0.012626053652022805,True
4σ прокол 0.2%,VELVETUSDT,2026-07-19 18:06:00+00:00,0.03223250586543154,True
4σ,VELVETUSDT,2026-07-19 18:06:00+00:00,0.03223250586543154,True
4σ,XPTUSDT,2026-07-19 22:00:00+00:00,-0.004159732819979583,False
6σ,NATGASUSDT,2026-07-19 22:00:00+00:00,0.007889431925326162,False
6σ,PAXGUSDT,2026-07-19 22:00:00+00:00,-0.0031097607761062236,True
4σ прокол 0.2%,BABAUSDT,2026-07-19 22:00:00+00:00,0.009189601536723612,True
6σ стоп 5D,XAUTUSDT,2026-07-19 22:00:00+00:00,-0.0033213695649528525,True
4σ,XAUTUSDT,2026-07-19 22:00:00+00:00,-0.003887716408373015,True
4σ,BABAUSDT,2026-07-19 22:00:00+00:00,0.009189601536723612,True
6σ стоп 5D,NATGASUSDT,2026-07-19 22:00:00+00:00,0.007889431925326162,False
4σ,PAXGUSDT,2026-07-19 22:00:00+00:00,-0.003693694554869758,True
4σ,NATGASUSDT,2026-07-19 22:00:00+00:00,0.0050959159362038,False
6σ стоп 5D,PAXGUSDT,2026-07-19 22:00:00+00:00,-0.0031097607761062236,True
4σ прокол 0.2%,NATGASUSDT,2026-07-19 22:00:00+00:00,0.0050959159362038,False
6σ,XAUTUSDT,2026-07-19 22:00:00+00:00,-0.0033213695649528525,True
4σ прокол 0.2%,SAMSUNGUSDT,2026-07-19 23:00:00+00:00,-0.013605636110793545,True
4σ,SAMSUNGUSDT,2026-07-19 23:00:00+00:00,-0.013605636110793545,True
6σ,AVGOUSDT,2026-07-20 00:00:00+00:00,0.004240040756832332,True
6σ стоп 5D,FLNCUSDT,2026-07-20 00:00:00+00:00,0.004468742500695539,True
6σ,FLNCUSDT,2026-07-20 00:00:00+00:00,0.004468742500695539,True
4σ прокол 0.2%,FLNCUSDT,2026-07-20 00:00:00+00:00,-0.003372425024552011,True
4σ,FLNCUSDT,2026-07-20 00:00:00+00:00,-0.003372425024552011,True
6σ прокол 0.2%,FLNCUSDT,2026-07-20 00:00:00+00:00,0.004468742500695539,True
4σ прокол 0.2%,AVGOUSDT,2026-07-20 00:00:00+00:00,0.0026838211340555864,True
6σ прокол 0.2%,AVGOUSDT,2026-07-20 00:00:00+00:00,0.004240040756832332,True
6σ стоп 5D,AVGOUSDT,2026-07-20 00:00:00+00:00,0.004240040756832332,True
4σ,TSLAUSDT,2026-07-20 00:00:00+00:00,0.0026611452612823163,True
4σ,AVGOUSDT,2026-07-20 00:00:00+00:00,0.0026838211340555864,True
4σ,MUSDT,2026-07-20 01:37:00+00:00,0.017832633309152704,True
4σ прокол 0.2%,MUSDT,2026-07-20 01:37:00+00:00,0.017832633309152704,True
4σ,币安人生USDT,2026-07-20 04:56:00+00:00,0.015664216704728243,False
4σ прокол 0.2%,币安人生USDT,2026-07-20 04:56:00+00:00,0.015664216704728243,False
4σ прокол 0.2%,RIVERUSDT,2026-07-20 05:11:00+00:00,0.000521557824112257,True
4σ,RIVERUSDT,2026-07-20 05:11:00+00:00,0.000521557824112257,True
6σ прокол 0.2%,AGTUSDT,2026-07-20 05:31:00+00:00,-0.0122544415570571,True
6σ стоп 5D,AGTUSDT,2026-07-20 05:31:00+00:00,-0.0122544415570571,True
6σ,AGTUSDT,2026-07-20 05:31:00+00:00,-0.0122544415570571,True
4σ,HOODUSDT,2026-07-20 13:30:00+00:00,0.0015783204889938955,True
4σ прокол 0.2%,HOODUSDT,2026-07-20 13:30:00+00:00,0.0015783204889938955,True
4σ,HUSDT,2026-07-20 18:12:00+00:00,0.030807109001760716,True
6σ прокол 0.2%,HUSDT,2026-07-20 18:12:00+00:00,0.04791854562269489,True
6σ,HUSDT,2026-07-20 18:12:00+00:00,0.04791854562269489,True
6σ стоп 5D,HUSDT,2026-07-20 18:12:00+00:00,0.04791854562269489,True
4σ прокол 0.2%,HUSDT,2026-07-20 18:12:00+00:00,0.030807109001760716,True
6σ стоп 5D,PLAYUSDT,2026-07-21 20:32:00+00:00,0.04197868674400969,False
4σ прокол 0.2%,PLAYUSDT,2026-07-21 20:32:00+00:00,-0.02365182113809813,False
6σ,PLAYUSDT,2026-07-21 20:32:00+00:00,0.04197868674400969,False
6σ прокол 0.2%,PLAYUSDT,2026-07-21 20:32:00+00:00,0.04197868674400969,False
4σ,PLAYUSDT,2026-07-21 20:32:00+00:00,-0.02365182113809813,False
4σ,TAGUSDT,2026-07-22 06:24:00+00:00,0.03500414547008619,False
4σ прокол 0.2%,TAGUSDT,2026-07-22 06:24:00+00:00,0.03500414547008619,False
4σ,IBMUSDT,2026-07-22 13:29:00+00:00,0.008783264200628648,True
4σ,MORPHOUSDT,2026-07-22 14:28:00+00:00,0.012376004251332146,True
4σ прокол 0.2%,BLESSUSDT,2026-07-22 15:28:00+00:00,-0.1361064394509188,True
4σ,BLESSUSDT,2026-07-22 15:28:00+00:00,-0.1361064394509188,True
4σ прокол 0.2%,MORPHOUSDT,2026-07-22 15:55:00+00:00,0.01945126826679351,True
4σ,MORPHOUSDT,2026-07-22 15:55:00+00:00,0.01945126826679351,True
4σ,WLFIUSDT,2026-07-22 16:10:00+00:00,0.009618370210080895,True
4σ прокол 0.2%,GOOGLUSDT,2026-07-22 20:02:00+00:00,0.0070196440055120945,True
4σ,GOOGLUSDT,2026-07-22 20:02:00+00:00,0.0070196440055120945,True
6σ стоп 5D,TSLAUSDT,2026-07-22 20:04:00+00:00,0.011731266322764177,True
4σ прокол 0.2%,TSLAUSDT,2026-07-22 20:04:00+00:00,0.007622627792271919,True
4σ,TSLAUSDT,2026-07-22 20:04:00+00:00,0.007622627792271919,True
6σ,TSLAUSDT,2026-07-22 20:04:00+00:00,0.011731266322764177,True
4σ прокол 0.2%,GOOGLUSDT,2026-07-22 20:04:00+00:00,0.007194141081304962,True
4σ,GOOGLUSDT,2026-07-22 20:04:00+00:00,0.007194141081304962,True
4σ прокол 0.2%,IBMUSDT,2026-07-22 20:08:00+00:00,0.010152381119236952,True
4σ,IBMUSDT,2026-07-22 20:08:00+00:00,0.010152381119236952,True
4σ,BABAUSDT,2026-07-23 01:30:00+00:00,0.01197563458599622,True
4σ прокол 0.2%,BABAUSDT,2026-07-23 01:30:00+00:00,0.01197563458599622,True
4σ прокол 0.2%,CHIPUSDT,2026-07-23 19:11:00+00:00,0.013865478761366967,True
4σ,CHIPUSDT,2026-07-23 19:11:00+00:00,0.013865478761366967,True
4σ прокол 0.2%,VELVETUSDT,2026-07-24 00:33:00+00:00,-0.23763586042065452,True
4σ,VELVETUSDT,2026-07-24 00:33:00+00:00,-0.23763586042065452,True
4σ,FFUSDT,2026-07-24 00:39:00+00:00,0.006684436194906286,True
4σ,SKYUSDT,2026-07-24 01:54:00+00:00,-0.03494424495450896,True
4σ прокол 0.2%,ONUSDT,2026-07-24 06:59:00+00:00,0.06937963393785845,True
4σ,ONUSDT,2026-07-24 06:59:00+00:00,0.06937963393785845,True
6σ,HOTUSDT,2026-07-25 08:02:00+00:00,-0.0005591002508393555,True
6σ стоп 5D,HOTUSDT,2026-07-25 08:02:00+00:00,-0.0005591002508393555,True
6σ прокол 0.2%,HOTUSDT,2026-07-25 08:02:00+00:00,-0.0005591002508393555,True
4σ,EGLDUSDT,2026-07-26 00:00:00+00:00,0.003922339299582884,True
4σ прокол 0.2%,EGLDUSDT,2026-07-26 00:00:00+00:00,0.003922339299582884,True
6σ,BROCCOLIF3BUSDT,2026-07-26 00:56:00+00:00,0.04935219522628871,False
6σ прокол 0.2%,BROCCOLIF3BUSDT,2026-07-26 00:56:00+00:00,0.04935219522628871,False
6σ стоп 5D,BROCCOLIF3BUSDT,2026-07-26 00:56:00+00:00,0.04935219522628871,False
4σ,SANDUSDT,2026-07-26 02:01:00+00:00,0.00494771789998641,True
4σ прокол 0.2%,AVAAIUSDT,2026-07-26 11:12:00+00:00,-0.029700810858274442,True
4σ,AVAAIUSDT,2026-07-26 11:12:00+00:00,-0.029700810858274442,True
4σ,IBMUSDT,2026-07-26 13:12:00+00:00,0.0037801690929963445,True
6σ стоп 5D,NATGASUSDT,2026-07-26 22:00:00+00:00,-0.005113395837633899,False
4σ,NATGASUSDT,2026-07-26 22:00:00+00:00,-0.009463628855333334,False
4σ прокол 0.2%,NATGASUSDT,2026-07-26 22:00:00+00:00,-0.009463628855333334,False
6σ,NATGASUSDT,2026-07-26 22:00:00+00:00,-0.005113395837633899,False
4σ прокол 0.2%,AMDUSDT,2026-07-27 00:00:00+00:00,-0.007149695502190772,False
4σ,NVDAUSDT,2026-07-27 00:00:00+00:00,0.001261992129531553,True
4σ,AMDUSDT,2026-07-27 00:00:00+00:00,-0.007149695502190772,False
4σ,DELLUSDT,2026-07-27 00:00:00+00:00,-0.0013105149968642698,True
6σ стоп 5D,AMDUSDT,2026-07-27 00:00:00+00:00,-0.0016320829374556196,False
6σ,AMDUSDT,2026-07-27 00:00:00+00:00,-0.0016320829374556196,False
4σ,GOOGLUSDT,2026-07-27 00:00:00+00:00,-0.00026035990975833913,True
4σ прокол 0.2%,QCOMUSDT,2026-07-27 00:00:00+00:00,0.005104797711609833,True
4σ,QCOMUSDT,2026-07-27 00:00:00+00:00,0.005104797711609833,True
6σ стоп 5D,BSBUSDT,2026-07-27 06:17:00+00:00,0.012169082062912145,True
4σ прокол 0.2%,BSBUSDT,2026-07-27 06:17:00+00:00,0.0003650168562035212,True
4σ,GUAUSDT,2026-07-27 06:17:00+00:00,0.004016625770626698,False
4σ,BSBUSDT,2026-07-27 06:17:00+00:00,0.0003650168562035212,True
6σ,GUAUSDT,2026-07-27 06:17:00+00:00,0.020229626495275002,False
6σ прокол 0.2%,GUAUSDT,2026-07-27 06:17:00+00:00,0.020229626495275002,False
6σ стоп 5D,GUAUSDT,2026-07-27 06:17:00+00:00,0.020229626495275002,False
6σ,BSBUSDT,2026-07-27 06:17:00+00:00,0.012169082062912145,True
4σ,TACUSDT,2026-07-27 06:17:00+00:00,-0.01383971170168749,True
6σ,MYXUSDT,2026-07-27 06:17:00+00:00,0.02530542198548376,True
6σ прокол 0.2%,MYXUSDT,2026-07-27 06:17:00+00:00,0.02530542198548376,True
4σ,MYXUSDT,2026-07-27 06:17:00+00:00,0.01644822090494498,True
4σ прокол 0.2%,GUAUSDT,2026-07-27 06:17:00+00:00,0.004016625770626698,False
6σ стоп 5D,MYXUSDT,2026-07-27 06:17:00+00:00,0.02530542198548376,True
4σ прокол 0.2%,MYXUSDT,2026-07-27 06:17:00+00:00,0.01644822090494498,True
6σ прокол 0.2%,BSBUSDT,2026-07-27 06:17:00+00:00,0.012169082062912145,True
4σ прокол 0.2%,TACUSDT,2026-07-27 06:17:00+00:00,-0.01383971170168749,True
4σ,WLFIUSDT,2026-07-27 06:17:00+00:00,0.007900251963100579,True
4σ,USUSDT,2026-07-27 06:18:00+00:00,0.1374141355133484,True
4σ прокол 0.2%,RIVERUSDT,2026-07-27 13:25:00+00:00,0.015023227410165995,True
4σ,RIVERUSDT,2026-07-27 13:25:00+00:00,0.015023227410165995,True
4σ прокол 0.2%,RIVERUSDT,2026-07-27 14:11:00+00:00,-0.003411597466318999,True
4σ,RIVERUSDT,2026-07-27 14:11:00+00:00,-0.003411597466318999,True
4σ,ERAUSDT,2026-07-27 22:41:00+00:00,0.03543311100636566,True
4σ прокол 0.2%,ERAUSDT,2026-07-27 22:41:00+00:00,0.03543311100636566,True
4σ,UBUSDT,2026-07-29 13:00:00+00:00,0.06902206159478291,True
4σ прокол 0.2%,UBUSDT,2026-07-29 13:00:00+00:00,0.06902206159478291,True
4σ,OGNUSDT,2026-07-29 13:58:00+00:00,0.01896185665168111,True
4σ прокол 0.2%,OGNUSDT,2026-07-29 13:58:00+00:00,0.01896185665168111,True
4σ,JCTUSDT,2026-07-29 14:21:00+00:00,0.023015917112126725,True
4σ прокол 0.2%,JCTUSDT,2026-07-29 14:21:00+00:00,0.023015917112126725,True
4σ прокол 0.2%,METAUSDT,2026-07-29 20:01:00+00:00,-0.05812493989762532,True
4σ,METAUSDT,2026-07-29 20:01:00+00:00,-0.05812493989762532,True
6σ прокол 0.2%,QCOMUSDT,2026-07-29 20:01:00+00:00,0.030270261095745668,True
6σ стоп 5D,QCOMUSDT,2026-07-29 20:01:00+00:00,0.030270261095745668,True
4σ прокол 0.2%,QCOMUSDT,2026-07-29 20:01:00+00:00,0.019637144429650102,True
6σ прокол 0.2%,METAUSDT,2026-07-29 20:01:00+00:00,-0.048742564480517475,True
6σ стоп 5D,METAUSDT,2026-07-29 20:01:00+00:00,-0.048742564480517475,True
6σ,METAUSDT,2026-07-29 20:01:00+00:00,-0.048742564480517475,True
6σ,QCOMUSDT,2026-07-29 20:01:00+00:00,0.030270261095745668,True
4σ,QCOMUSDT,2026-07-29 20:01:00+00:00,0.019637144429650102,True
4σ,IDOLUSDT,2026-07-30 03:15:00+00:00,0.027470380668694186,False
4σ прокол 0.2%,IDOLUSDT,2026-07-30 03:15:00+00:00,0.027470380668694186,False
4σ,MUSDT,2026-07-30 07:00:00+00:00,-0.06888682972028612,True
6σ стоп 5D,MUSDT,2026-07-30 07:01:00+00:00,0.04360524305626763,True
6σ прокол 0.2%,MUSDT,2026-07-30 07:01:00+00:00,0.04360524305626763,True
4σ прокол 0.2%,MUSDT,2026-07-30 07:01:00+00:00,-0.020899691514228182,True
6σ,MUSDT,2026-07-30 07:01:00+00:00,0.04360524305626763,True
6σ стоп 5D,SPYUSDT,2026-07-30 18:12:00+00:00,0.006270574199533209,True
6σ прокол 0.2%,SPYUSDT,2026-07-30 18:12:00+00:00,0.006270574199533209,True
4σ,SPYUSDT,2026-07-30 18:12:00+00:00,0.004027360773987977,True
4σ прокол 0.2%,SPYUSDT,2026-07-30 18:12:00+00:00,0.004027360773987977,True
6σ,SPYUSDT,2026-07-30 18:12:00+00:00,0.006270574199533209,True
4σ,AAPLUSDT,2026-07-30 20:30:00+00:00,-0.06716520026624326,True
6σ прокол 0.2%,AAPLUSDT,2026-07-30 20:30:00+00:00,-0.05896587274624396,True
4σ прокол 0.2%,AAPLUSDT,2026-07-30 20:30:00+00:00,-0.06716520026624326,True
6σ стоп 5D,AAPLUSDT,2026-07-30 20:30:00+00:00,-0.05896587274624396,True
6σ,AAPLUSDT,2026-07-30 20:30:00+00:00,-0.05896587274624396,True
6σ,UBUSDT,2026-07-31 03:22:00+00:00,0.05965697647216235,True
4σ прокол 0.2%,UBUSDT,2026-07-31 03:22:00+00:00,0.038096655813156535,True
6σ стоп 5D,UBUSDT,2026-07-31 03:22:00+00:00,0.05965697647216235,True
4σ,UBUSDT,2026-07-31 03:22:00+00:00,0.038096655813156535,True
6σ прокол 0.2%,UBUSDT,2026-07-31 03:22:00+00:00,0.05965697647216235,True
4σ,MAGMAUSDT,2026-08-01 09:39:00+00:00,0.020107759793603866,True
4σ прокол 0.2%,MAGMAUSDT,2026-08-01 09:39:00+00:00,0.020107759793603866,True
6σ,DODOXUSDT,2026-08-01 10:11:00+00:00,0.04166267389880969,False
6σ стоп 5D,DODOXUSDT,2026-08-01 10:11:00+00:00,0.04166267389880969,False
4σ прокол 0.2%,BEATUSDT,2026-08-01 17:32:00+00:00,0.07415191015783712,True
4σ,BEATUSDT,2026-08-01 17:32:00+00:00,0.07415191015783712,True
6σ стоп 5D,NATGASUSDT,2026-08-01 18:15:00+00:00,0.008550182929072125,False
4σ,NATGASUSDT,2026-08-01 18:15:00+00:00,0.002023117893696497,False
6σ прокол 0.2%,NATGASUSDT,2026-08-01 18:15:00+00:00,0.008550182929072125,False
6σ,NATGASUSDT,2026-08-01 18:15:00+00:00,0.008550182929072125,False
4σ прокол 0.2%,NATGASUSDT,2026-08-01 18:15:00+00:00,0.002023117893696497,False
4σ,PLTRUSDT,2026-08-03 00:00:00+00:00,0.0040402052646765895,True
4σ,HOODUSDT,2026-08-03 00:00:00+00:00,-0.00236539168681224,True
4σ,TSMUSDT,2026-08-03 00:00:00+00:00,-0.008607718202774256,True
4σ прокол 0.2%,PIPPINUSDT,2026-08-03 03:16:00+00:00,0.013542438268258027,True
4σ,PIPPINUSDT,2026-08-03 03:16:00+00:00,0.013542438268258027,True
6σ прокол 0.2%,PIPPINUSDT,2026-08-03 03:16:00+00:00,0.02080936770228488,True
6σ стоп 5D,PIPPINUSDT,2026-08-03 03:16:00+00:00,0.02080936770228488,True
6σ,PIPPINUSDT,2026-08-03 03:16:00+00:00,0.02080936770228488,True
6σ,VANRYUSDT,2026-08-03 03:30:00+00:00,0.0303516105701684,True
6σ прокол 0.2%,VANRYUSDT,2026-08-03 03:30:00+00:00,0.0303516105701684,True
6σ стоп 5D,VANRYUSDT,2026-08-03 03:30:00+00:00,0.0303516105701684,True
4σ прокол 0.2%,RIVERUSDT,2026-08-03 03:46:00+00:00,0.010664433464332611,True
4σ,RIVERUSDT,2026-08-03 03:46:00+00:00,0.010664433464332611,True
4σ прокол 0.2%,RPLUSDT,2026-08-03 11:16:00+00:00,0.013363809267110626,True
4σ,RPLUSDT,2026-08-03 11:16:00+00:00,0.013363809267110626,True
4σ прокол 0.2%,ARMUSDT,2026-08-03 13:30:00+00:00,0.016062647629921226,True
4σ,ARMUSDT,2026-08-03 13:30:00+00:00,0.016062647629921226,True
4σ прокол 0.2%,AAPLUSDT,2026-08-03 13:31:00+00:00,0.005267408006423181,True
4σ,AAPLUSDT,2026-08-03 13:31:00+00:00,0.005267408006423181,True
4σ,ORCLUSDT,2026-08-03 13:32:00+00:00,0.008668598915530134,True
4σ прокол 0.2%,ORCLUSDT,2026-08-03 13:32:00+00:00,0.008668598915530134,True
6σ прокол 0.2%,CFXUSDT,2026-08-04 00:35:00+00:00,-0.00034807035288106293,True
6σ,CFXUSDT,2026-08-04 00:35:00+00:00,-0.00034807035288106293,True
6σ стоп 5D,CFXUSDT,2026-08-04 00:35:00+00:00,-0.00034807035288106293,True
4σ прокол 0.2%,GRAMUSDT,2026-08-04 00:57:00+00:00,0.011574035420832195,True
6σ прокол 0.2%,GRAMUSDT,2026-08-04 00:57:00+00:00,0.01777872583834257,True
6σ,GRAMUSDT,2026-08-04 00:57:00+00:00,0.01777872583834257,True
4σ,GRAMUSDT,2026-08-04 00:57:00+00:00,0.011574035420832195,True
6σ стоп 5D,GRAMUSDT,2026-08-04 00:57:00+00:00,0.01777872583834257,True
6σ,TRXUSDT,2026-08-04 15:50:00+00:00,0.003472065032075378,True
4σ прокол 0.2%,TRXUSDT,2026-08-04 15:50:00+00:00,0.0021747303391747687,True
4σ,TRXUSDT,2026-08-04 15:50:00+00:00,0.0021747303391747687,True
6σ стоп 5D,TRXUSDT,2026-08-04 15:50:00+00:00,0.003472065032075378,True
4σ прокол 0.2%,AMDUSDT,2026-08-04 20:15:00+00:00,-0.070296943691846,False
4σ,AMDUSDT,2026-08-04 20:15:00+00:00,-0.070296943691846,False
6σ,AMDUSDT,2026-08-04 20:15:00+00:00,-0.05065741811643662,False
6σ стоп 5D,AMDUSDT,2026-08-04 20:15:00+00:00,-0.05065741811643662,False
6σ прокол 0.2%,AMDUSDT,2026-08-04 20:15:00+00:00,-0.05065741811643662,False
4σ,MMTUSDT,2026-08-05 06:06:00+00:00,0.02468344657443229,True
6σ прокол 0.2%,MMTUSDT,2026-08-05 06:06:00+00:00,0.03819322085510253,True
4σ прокол 0.2%,MMTUSDT,2026-08-05 06:06:00+00:00,0.02468344657443229,True
6σ стоп 5D,MMTUSDT,2026-08-05 06:06:00+00:00,0.03819322085510253,True
6σ,MMTUSDT,2026-08-05 06:06:00+00:00,0.03819322085510253,True
4σ прокол 0.2%,KOMAUSDT,2026-08-05 10:11:00+00:00,0.05316341476233251,True
4σ,KOMAUSDT,2026-08-05 10:11:00+00:00,0.05316341476233251,True
4σ прокол 0.2%,BLUAIUSDT,2026-08-05 11:31:00+00:00,0.01807927507253496,True
4σ,BLUAIUSDT,2026-08-05 11:31:00+00:00,0.01807927507253496,True
4σ,PTBUSDT,2026-08-05 11:44:00+00:00,0.0020543385797622553,True
4σ прокол 0.2%,PTBUSDT,2026-08-05 11:44:00+00:00,0.0020543385797622553,True
4σ прокол 0.2%,XPINUSDT,2026-08-05 16:34:00+00:00,0.02180565154989074,True
4σ,XPINUSDT,2026-08-05 16:34:00+00:00,0.02180565154989074,True
6σ,KITEUSDT,2026-08-05 17:47:00+00:00,0.03133835228636635,True
6σ прокол 0.2%,KITEUSDT,2026-08-05 17:47:00+00:00,0.03133835228636635,True
6σ стоп 5D,KITEUSDT,2026-08-05 17:47:00+00:00,0.03133835228636635,True
4σ прокол 0.2%,KITEUSDT,2026-08-05 17:47:00+00:00,0.020320478950593482,True
4σ,KITEUSDT,2026-08-05 17:47:00+00:00,0.020320478950593482,True
6σ,WDCUSDT,2026-08-05 20:02:00+00:00,0.043608637683080834,True
6σ стоп 5D,WDCUSDT,2026-08-05 20:02:00+00:00,0.043608637683080834,True
4σ,WDCUSDT,2026-08-05 20:02:00+00:00,-0.07333172273090235,True
4σ прокол 0.2%,WDCUSDT,2026-08-05 20:02:00+00:00,-0.07333172273090235,True
6σ прокол 0.2%,WDCUSDT,2026-08-05 20:02:00+00:00,0.043608637683080834,True
4σ,XPLUSDT,2026-08-06 03:01:00+00:00,-0.0009369381088407396,True
4σ прокол 0.2%,XPLUSDT,2026-08-06 03:01:00+00:00,-0.0009369381088407396,True
4σ,MYXUSDT,2026-08-06 05:20:00+00:00,0.036728361260633086,True
4σ прокол 0.2%,MYXUSDT,2026-08-06 05:20:00+00:00,0.036728361260633086,True
4σ,JTOUSDT,2026-08-06 08:38:00+00:00,0.01403036706778633,True
4σ прокол 0.2%,JTOUSDT,2026-08-06 08:38:00+00:00,0.01403036706778633,True
4σ,AVAAIUSDT,2026-08-06 08:41:00+00:00,0.03565180594030766,True
4σ прокол 0.2%,AVAAIUSDT,2026-08-06 08:41:00+00:00,0.03565180594030766,True
4σ прокол 0.2%,ARBUSDT,2026-08-06 09:10:00+00:00,9.063723840355207e-05,True
4σ,ARBUSDT,2026-08-06 09:10:00+00:00,9.063723840355207e-05,True
4σ,FILUSDT,2026-08-06 10:00:00+00:00,4.470807291337485e-05,True
4σ прокол 0.2%,FILUSDT,2026-08-06 10:00:00+00:00,4.470807291337485e-05,True
4σ прокол 0.2%,TRADOORUSDT,2026-08-06 13:36:00+00:00,0.045783020085409645,False
4σ,TRADOORUSDT,2026-08-06 13:36:00+00:00,0.045783020085409645,False
4σ прокол 0.2%,THEUSDT,2026-08-06 16:14:00+00:00,0.018232847839521463,True
4σ,THEUSDT,2026-08-06 16:14:00+00:00,0.018232847839521463,True
6σ,EGLDUSDT,2026-08-07 03:00:00+00:00,-0.04025964260188794,True
4σ,EGLDUSDT,2026-08-07 03:00:00+00:00,-0.050954124821591645,True
4σ прокол 0.2%,EGLDUSDT,2026-08-07 03:00:00+00:00,-0.050954124821591645,True
6σ стоп 5D,EGLDUSDT,2026-08-07 03:00:00+00:00,-0.04025964260188794,True
6σ,1000BONKUSDT,2026-08-07 07:00:00+00:00,-0.05447177603981443,True
6σ прокол 0.2%,1000BONKUSDT,2026-08-07 07:00:00+00:00,-0.05447177603981443,True
4σ прокол 0.2%,1000BONKUSDT,2026-08-07 07:00:00+00:00,-0.06881722029672596,True
4σ,1000BONKUSDT,2026-08-07 07:00:00+00:00,-0.06881722029672596,True
6σ стоп 5D,1000BONKUSDT,2026-08-07 07:00:00+00:00,-0.05447177603981443,True
4σ прокол 0.2%,IDOLUSDT,2026-08-07 13:17:00+00:00,-0.031712713416770705,False
4σ,IDOLUSDT,2026-08-07 13:17:00+00:00,-0.031712713416770705,False
4σ прокол 0.2%,KAITOUSDT,2026-08-07 16:54:00+00:00,-0.03283742244012919,True
4σ,KAITOUSDT,2026-08-07 16:54:00+00:00,-0.03283742244012919,True
4σ прокол 0.2%,FILUSDT,2026-08-07 17:10:00+00:00,0.01226205437532486,True
4σ,FILUSDT,2026-08-07 17:10:00+00:00,0.01226205437532486,True
4σ,BSBUSDT,2026-08-08 03:57:00+00:00,0.01977672912611553,True
4σ прокол 0.2%,BSBUSDT,2026-08-08 03:57:00+00:00,0.01977672912611553,True
4σ прокол 0.2%,ARXUSDT,2026-08-08 05:44:00+00:00,0.011377975392578926,True
4σ,ARXUSDT,2026-08-08 05:44:00+00:00,0.011377975392578926,True
4σ прокол 0.2%,TAKEUSDT,2026-08-08 10:39:00+00:00,-0.02400348640805047,False
4σ,TAKEUSDT,2026-08-08 10:39:00+00:00,-0.02400348640805047,False
6σ прокол 0.2%,CHIPUSDT,2026-08-09 01:37:00+00:00,-0.017341106243901918,True
4σ,CHIPUSDT,2026-08-09 01:37:00+00:00,-0.029260823383700365,True
4σ прокол 0.2%,CHIPUSDT,2026-08-09 01:37:00+00:00,-0.029260823383700365,True
6σ стоп 5D,CHIPUSDT,2026-08-09 01:37:00+00:00,-0.017341106243901918,True
6σ,CHIPUSDT,2026-08-09 01:37:00+00:00,-0.017341106243901918,True
4σ,BABAUSDT,2026-08-09 02:44:00+00:00,0.0009846991795867959,True
4σ,JCTUSDT,2026-08-09 03:33:00+00:00,0.028997111168172565,True
4σ прокол 0.2%,JCTUSDT,2026-08-09 03:33:00+00:00,0.028997111168172565,True
4σ,LABUSDT,2026-08-09 07:10:00+00:00,0.022826341029446875,True
4σ прокол 0.2%,LABUSDT,2026-08-09 07:10:00+00:00,0.022826341029446875,True
4σ,PTBUSDT,2026-08-09 07:11:00+00:00,0.03246704883119218,True
4σ прокол 0.2%,PTBUSDT,2026-08-09 07:11:00+00:00,0.03246704883119218,True
4σ прокол 0.2%,TAGUSDT,2026-08-09 07:13:00+00:00,0.0402208806864854,False
4σ,JCTUSDT,2026-08-09 07:13:00+00:00,0.11974084443674154,True
4σ,TAGUSDT,2026-08-09 07:13:00+00:00,0.0402208806864854,False
4σ прокол 0.2%,JCTUSDT,2026-08-09 07:13:00+00:00,0.11974084443674154,True
6σ прокол 0.2%,BROCCOLIF3BUSDT,2026-08-09 07:18:00+00:00,0.12939466631278823,False
6σ,BROCCOLIF3BUSDT,2026-08-09 07:18:00+00:00,0.12939466631278823,False
6σ стоп 5D,BROCCOLIF3BUSDT,2026-08-09 07:18:00+00:00,0.12939466631278823,False
6σ стоп 5D,LUMIAUSDT,2026-08-09 07:25:00+00:00,0.028123028799687824,True
4σ прокол 0.2%,LUMIAUSDT,2026-08-09 07:25:00+00:00,0.01826051623840215,True
6σ,LUMIAUSDT,2026-08-09 07:25:00+00:00,0.028123028799687824,True
6σ прокол 0.2%,LUMIAUSDT,2026-08-09 07:25:00+00:00,0.028123028799687824,True
4σ,LUMIAUSDT,2026-08-09 07:25:00+00:00,0.01826051623840215,True
4σ,LUMIAUSDT,2026-08-09 07:56:00+00:00,0.02415212101027349,True
4σ прокол 0.2%,LUMIAUSDT,2026-08-09 07:56:00+00:00,0.02415212101027349,True
4σ,TSMUSDT,2026-08-09 08:40:00+00:00,0.0024405779998352807,True
4σ,BULLAUSDT,2026-08-09 13:50:00+00:00,0.017455758695519994,False
4σ прокол 0.2%,BULLAUSDT,2026-08-09 13:50:00+00:00,0.017455758695519994,False
4σ прокол 0.2%,ELSAUSDT,2026-08-09 17:29:00+00:00,0.016733472095019367,True
4σ,ELSAUSDT,2026-08-09 17:29:00+00:00,0.016733472095019367,True
4σ прокол 0.2%,XPINUSDT,2026-08-09 21:48:00+00:00,0.03013934240223866,True
4σ,XPINUSDT,2026-08-09 21:48:00+00:00,0.03013934240223866,True
4σ прокол 0.2%,TQQQUSDT,2026-08-09 21:56:00+00:00,0.0026776325416037585,True
6σ стоп 5D,QQQUSDT,2026-08-09 21:56:00+00:00,0.0014134617894149938,True
6σ,QQQUSDT,2026-08-09 21:56:00+00:00,0.0014134617894149938,True
4σ,SPYUSDT,2026-08-09 21:56:00+00:00,-0.0029492995076683954,True
6σ,SPYUSDT,2026-08-09 21:56:00+00:00,0.001366762203638583,True
4σ,QQQUSDT,2026-08-09 21:56:00+00:00,0.0008075146717982487,True
4σ,TQQQUSDT,2026-08-09 21:56:00+00:00,0.0026776325416037585,True
4σ прокол 0.2%,SPYUSDT,2026-08-09 21:56:00+00:00,-0.0029492995076683954,True
6σ стоп 5D,SPYUSDT,2026-08-09 21:56:00+00:00,0.001366762203638583,True
4σ прокол 0.2%,CHIPUSDT,2026-08-09 23:29:00+00:00,-0.0040620328348252846,True
4σ,CHIPUSDT,2026-08-09 23:29:00+00:00,-0.0040620328348252846,True
4σ,AVAXUSDT,2026-08-09 23:30:00+00:00,0.006935240778817421,True
4σ,LITEUSDT,2026-08-10 00:00:00+00:00,0.0085662471650922,True
4σ прокол 0.2%,AIOUSDT,2026-08-10 00:12:00+00:00,0.0703465910168028,True
4σ,AIOUSDT,2026-08-10 00:12:00+00:00,0.0703465910168028,True
6σ стоп 5D,TRADOORUSDT,2026-08-10 00:32:00+00:00,0.06339260165356525,False
4σ прокол 0.2%,TRADOORUSDT,2026-08-10 00:32:00+00:00,0.04039351800623088,False
4σ,TRADOORUSDT,2026-08-10 00:32:00+00:00,0.04039351800623088,False
6σ,TRADOORUSDT,2026-08-10 00:32:00+00:00,0.06339260165356525,False
4σ,TRADOORUSDT,2026-08-10 00:35:00+00:00,0.05125851368234487,False
4σ прокол 0.2%,TRADOORUSDT,2026-08-10 00:35:00+00:00,0.05125851368234487,False
4σ,BABAUSDT,2026-08-10 01:30:00+00:00,0.004311599647816645,True
4σ прокол 0.2%,BABAUSDT,2026-08-10 01:30:00+00:00,0.004311599647816645,True
4σ,CLOUSDT,2026-08-10 03:54:00+00:00,-0.08306734691449166,True
4σ,B2USDT,2026-08-10 08:51:00+00:00,0.023413911788719502,True
4σ прокол 0.2%,B2USDT,2026-08-10 08:51:00+00:00,0.023413911788719502,True
4σ прокол 0.2%,BASEDUSDT,2026-08-10 09:30:00+00:00,0.014822269774602947,True
4σ,BASEDUSDT,2026-08-10 09:30:00+00:00,0.014822269774602947,True
4σ прокол 0.2%,AAPLUSDT,2026-08-10 10:35:00+00:00,-0.005925702248523928,True
4σ,AAPLUSDT,2026-08-10 10:35:00+00:00,-0.005925702248523928,True
4σ,LITEUSDT,2026-08-10 13:30:00+00:00,-0.06820599280302228,True
4σ,WDCUSDT,2026-08-10 13:30:00+00:00,0.01122064906129423,True
4σ,BEUSDT,2026-08-10 13:30:00+00:00,0.011542156895811572,True
4σ прокол 0.2%,BEUSDT,2026-08-10 13:30:00+00:00,0.011542156895811572,True
4σ прокол 0.2%,LITEUSDT,2026-08-10 13:30:00+00:00,-0.06820599280302228,True
4σ,ORCLUSDT,2026-08-10 13:34:00+00:00,0.006744836300525093,True
4σ,TAGUSDT,2026-08-10 14:27:00+00:00,0.0013518297257371363,False
6σ стоп 5D,TAGUSDT,2026-08-10 14:27:00+00:00,0.03804877992095919,False
4σ прокол 0.2%,TAGUSDT,2026-08-10 14:27:00+00:00,0.0013518297257371363,False
6σ,TAGUSDT,2026-08-10 14:27:00+00:00,0.03804877992095919,False
6σ прокол 0.2%,TAGUSDT,2026-08-10 14:27:00+00:00,0.03804877992095919,False
4σ,RKLBUSDT,2026-08-10 20:05:00+00:00,0.024591094601596544,True
4σ прокол 0.2%,RKLBUSDT,2026-08-10 20:05:00+00:00,0.024591094601596544,True
4σ,HEMIUSDT,2026-08-11 03:04:00+00:00,-0.011427307936925896,True
6σ стоп 5D,HEMIUSDT,2026-08-11 03:04:00+00:00,0.01252377300250787,True
6σ,HEMIUSDT,2026-08-11 03:04:00+00:00,0.01252377300250787,True
6σ прокол 0.2%,HEMIUSDT,2026-08-11 03:04:00+00:00,0.01252377300250787,True
4σ прокол 0.2%,HEMIUSDT,2026-08-11 03:04:00+00:00,-0.011427307936925896,True
6σ,LABUSDT,2026-08-11 07:00:00+00:00,0.03541325138841951,True
6σ прокол 0.2%,LABUSDT,2026-08-11 07:00:00+00:00,0.03541325138841951,True
6σ стоп 5D,LABUSDT,2026-08-11 07:00:00+00:00,0.03541325138841951,True
4σ прокол 0.2%,LABUSDT,2026-08-11 07:00:00+00:00,0.022918753993067267,True
4σ,LABUSDT,2026-08-11 07:00:00+00:00,0.022918753993067267,True
4σ прокол 0.2%,HANAUSDT,2026-08-11 07:22:00+00:00,0.021788311149904607,True
4σ,HANAUSDT,2026-08-11 07:22:00+00:00,0.021788311149904607,True
4σ,AVAXUSDT,2026-08-11 15:00:00+00:00,0.011443324390497178,True
4σ,PTBUSDT,2026-08-11 15:29:00+00:00,0.03237220339087128,True
4σ прокол 0.2%,PTBUSDT,2026-08-11 15:29:00+00:00,0.03237220339087128,True
4σ,IDOLUSDT,2026-08-11 15:47:00+00:00,0.01874246429152944,False
4σ прокол 0.2%,IDOLUSDT,2026-08-11 15:47:00+00:00,0.01874246429152944,False
4σ прокол 0.2%,CRWVUSDT,2026-08-11 20:10:00+00:00,0.024367245914246508,True
4σ,CRWVUSDT,2026-08-11 20:10:00+00:00,0.024367245914246508,True
6σ,CRWVUSDT,2026-08-11 20:10:00+00:00,0.03769436128526844,True
6σ стоп 5D,CRWVUSDT,2026-08-11 20:10:00+00:00,0.03769436128526844,True
6σ прокол 0.2%,CRWVUSDT,2026-08-11 20:10:00+00:00,0.03769436128526844,True
4σ,ONEUSDT,2026-08-12 01:11:00+00:00,-0.053995460339191864,True
4σ прокол 0.2%,ONEUSDT,2026-08-12 01:11:00+00:00,-0.053995460339191864,True
4σ,AVAAIUSDT,2026-08-12 12:03:00+00:00,0.05749856229403556,True
4σ прокол 0.2%,AVAAIUSDT,2026-08-12 12:03:00+00:00,0.05749856229403556,True
4σ,PAXGUSDT,2026-08-12 12:30:00+00:00,0.004093343026026331,True
4σ прокол 0.2%,LABUSDT,2026-08-12 16:02:00+00:00,0.02514080122776559,True
4σ,LABUSDT,2026-08-12 16:02:00+00:00,0.02514080122776559,True
4σ прокол 0.2%,CHIPUSDT,2026-08-12 17:55:00+00:00,0.004267010511200626,True
4σ,CHIPUSDT,2026-08-12 17:55:00+00:00,0.004267010511200626,True
4σ прокол 0.2%,CBRSUSDT,2026-08-12 20:05:00+00:00,-0.10082520592623809,True
4σ,CBRSUSDT,2026-08-12 20:05:00+00:00,-0.10082520592623809,True
6σ,FILUSDT,2026-08-12 21:24:00+00:00,0.0028878939409769104,True
4σ,SANDUSDT,2026-08-12 21:24:00+00:00,0.008979760981204076,True
4σ,GALAUSDT,2026-08-12 21:24:00+00:00,0.011954538259889302,True
4σ прокол 0.2%,FILUSDT,2026-08-12 21:24:00+00:00,-0.006649251245209624,True
6σ стоп 5D,FILUSDT,2026-08-12 21:24:00+00:00,0.0028878939409769104,True
6σ стоп 5D,GALAUSDT,2026-08-12 21:24:00+00:00,0.01836362329168524,True
4σ прокол 0.2%,GALAUSDT,2026-08-12 21:24:00+00:00,0.011954538259889302,True
4σ,FILUSDT,2026-08-12 21:24:00+00:00,-0.006649251245209624,True
6σ прокол 0.2%,FILUSDT,2026-08-12 21:24:00+00:00,0.0028878939409769104,True
6σ прокол 0.2%,GALAUSDT,2026-08-12 21:24:00+00:00,0.01836362329168524,True
6σ,GALAUSDT,2026-08-12 21:24:00+00:00,0.01836362329168524,True
4σ прокол 0.2%,WIFUSDT,2026-08-12 21:30:00+00:00,-0.0012399557349145045,True
4σ,WIFUSDT,2026-08-12 21:30:00+00:00,-0.0012399557349145045,True
4σ,HANAUSDT,2026-08-13 00:09:00+00:00,0.025330036540276615,True
4σ,BLUAIUSDT,2026-08-13 06:35:00+00:00,-0.025842998764300264,True
4σ прокол 0.2%,BLUAIUSDT,2026-08-13 06:35:00+00:00,-0.025842998764300264,True
4σ прокол 0.2%,KGENUSDT,2026-08-13 11:08:00+00:00,0.024459658718717095,True
4σ,KGENUSDT,2026-08-13 11:08:00+00:00,0.024459658718717095,True
6σ стоп 5D,BCHUSDT,2026-08-13 15:34:00+00:00,-0.011784601855775317,True
6σ прокол 0.2%,BCHUSDT,2026-08-13 15:34:00+00:00,-0.011784601855775317,True
4σ,BCHUSDT,2026-08-13 15:34:00+00:00,-0.01919517903000031,True
6σ,BCHUSDT,2026-08-13 15:34:00+00:00,-0.011784601855775317,True
4σ прокол 0.2%,BCHUSDT,2026-08-13 15:34:00+00:00,-0.01919517903000031,True
4σ,4USDT,2026-08-13 19:52:00+00:00,0.03336954010836353,True
4σ,TACUSDT,2026-08-13 20:20:00+00:00,0.019025190304626086,True
4σ прокол 0.2%,TACUSDT,2026-08-13 20:20:00+00:00,0.019025190304626086,True
6σ,LABUSDT,2026-08-14 00:02:00+00:00,-0.022762720918657133,True
6σ стоп 5D,LABUSDT,2026-08-14 00:02:00+00:00,-0.022762720918657133,True
4σ прокол 0.2%,LABUSDT,2026-08-14 00:02:00+00:00,-0.04925888517540852,True
4σ,LABUSDT,2026-08-14 00:02:00+00:00,-0.04925888517540852,True
6σ прокол 0.2%,LABUSDT,2026-08-14 00:02:00+00:00,-0.022762720918657133,True
4σ,VELVETUSDT,2026-08-14 05:35:00+00:00,0.19324876706934407,True
4σ прокол 0.2%,VELVETUSDT,2026-08-14 05:35:00+00:00,0.19324876706934407,True
4σ,INJUSDT,2026-08-14 14:55:00+00:00,-0.007084915849445455,True
4σ прокол 0.2%,INJUSDT,2026-08-14 14:55:00+00:00,-0.007084915849445455,True
4σ,GIGGLEUSDT,2026-08-15 06:28:00+00:00,0.009173179523785518,True
4σ прокол 0.2%,GIGGLEUSDT,2026-08-15 06:28:00+00:00,0.009173179523785518,True
4σ прокол 0.2%,TAGUSDT,2026-08-15 09:17:00+00:00,-0.10289519915929343,False
4σ,TAGUSDT,2026-08-15 09:17:00+00:00,-0.10289519915929343,False
6σ,LABUSDT,2026-08-16 01:52:00+00:00,0.010591655530463956,True
6σ стоп 5D,LABUSDT,2026-08-16 01:52:00+00:00,0.010591655530463956,True
4σ прокол 0.2%,LABUSDT,2026-08-16 01:52:00+00:00,-0.018622395732566712,True
6σ прокол 0.2%,LABUSDT,2026-08-16 01:52:00+00:00,0.010591655530463956,True
4σ,LABUSDT,2026-08-16 01:52:00+00:00,-0.018622395732566712,True
6σ стоп 5D,SLXUSDT,2026-08-16 02:01:00+00:00,0.0016161960703360572,True
4σ,SLXUSDT,2026-08-16 02:01:00+00:00,-0.009436412020120771,True
6σ,SLXUSDT,2026-08-16 02:01:00+00:00,0.0016161960703360572,True
4σ прокол 0.2%,SLXUSDT,2026-08-16 02:01:00+00:00,-0.009436412020120771,True
6σ прокол 0.2%,SLXUSDT,2026-08-16 02:01:00+00:00,0.0016161960703360572,True
4σ прокол 0.2%,ZAMAUSDT,2026-08-16 03:59:00+00:00,0.014321752072850646,True
4σ,ZAMAUSDT,2026-08-16 03:59:00+00:00,0.014321752072850646,True
4σ,INJUSDT,2026-08-16 06:24:00+00:00,0.010866877314162426,True
4σ,ARMUSDT,2026-08-16 06:36:00+00:00,0.001773403527725659,True
4σ,UAIUSDT,2026-08-16 10:23:00+00:00,0.0325822958877577,True
4σ прокол 0.2%,UAIUSDT,2026-08-16 10:23:00+00:00,0.0325822958877577,True
4σ прокол 0.2%,FILUSDT,2026-08-16 21:39:00+00:00,0.007476465474406125,True
4σ прокол 0.2%,ETCUSDT,2026-08-16 21:39:00+00:00,-0.00015710747889061062,True
4σ,ETCUSDT,2026-08-16 21:39:00+00:00,-0.00015710747889061062,True
4σ,SEIUSDT,2026-08-16 21:39:00+00:00,0.005399000386791376,True
4σ,FILUSDT,2026-08-16 21:39:00+00:00,0.007476465474406125,True
4σ,ALGOUSDT,2026-08-16 21:40:00+00:00,0.005490259497691509,True
6σ прокол 0.2%,NATGASUSDT,2026-08-16 22:00:00+00:00,-0.006229667279684075,False
6σ,NATGASUSDT,2026-08-16 22:00:00+00:00,-0.006229667279684075,False
6σ стоп 5D,NATGASUSDT,2026-08-16 22:00:00+00:00,-0.006229667279684075,False
4σ прокол 0.2%,NATGASUSDT,2026-08-16 22:00:00+00:00,-0.010059781873898527,False
4σ,NATGASUSDT,2026-08-16 22:00:00+00:00,-0.010059781873898527,False
4σ,COPPERUSDT,2026-08-16 22:00:00+00:00,0.0024133743430895917,False
4σ,SMCIUSDT,2026-08-17 00:00:00+00:00,0.0007530626997041273,True
6σ,SMCIUSDT,2026-08-17 00:00:00+00:00,0.009773448670778073,True
6σ стоп 5D,SMCIUSDT,2026-08-17 00:00:00+00:00,0.009773448670778073,True
4σ прокол 0.2%,BEUSDT,2026-08-17 00:00:00+00:00,0.0035359141263446416,True
6σ,HOODUSDT,2026-08-17 00:00:00+00:00,0.0002686648260430697,True
6σ прокол 0.2%,SMCIUSDT,2026-08-17 00:00:00+00:00,0.009773448670778073,True
4σ прокол 0.2%,HOODUSDT,2026-08-17 00:00:00+00:00,-0.0018768065112344241,True
6σ стоп 5D,HOODUSDT,2026-08-17 00:00:00+00:00,0.0002686648260430697,True
4σ прокол 0.2%,SMCIUSDT,2026-08-17 00:00:00+00:00,0.0007530626997041273,True
6σ прокол 0.2%,HOODUSDT,2026-08-17 00:00:00+00:00,0.0002686648260430697,True
4σ,HOODUSDT,2026-08-17 00:00:00+00:00,-0.0018768065112344241,True
4σ,BEUSDT,2026-08-17 00:00:00+00:00,0.0035359141263446416,True
4σ прокол 0.2%,MINIMAXUSDT,2026-08-17 01:30:00+00:00,0.011043889263426098,True
6σ,ZHIPUUSDT,2026-08-17 01:30:00+00:00,-0.06539434673461328,True
6σ стоп 5D,ZHIPUUSDT,2026-08-17 01:30:00+00:00,-0.06539434673461328,True
4σ,MINIMAXUSDT,2026-08-17 01:30:00+00:00,0.011043889263426098,True
4σ,ZHIPUUSDT,2026-08-17 01:30:00+00:00,-0.07371225029586911,True
4σ прокол 0.2%,ZHIPUUSDT,2026-08-17 01:30:00+00:00,-0.07371225029586911,True
6σ прокол 0.2%,ZHIPUUSDT,2026-08-17 01:30:00+00:00,-0.06539434673461328,True
6σ,SQQQUSDT,2026-08-17 06:00:00+00:00,0.005068987302104767,True
4σ прокол 0.2%,SQQQUSDT,2026-08-17 06:00:00+00:00,0.0032327465714889316,True
4σ,SQQQUSDT,2026-08-17 06:00:00+00:00,0.0032327465714889316,True
6σ стоп 5D,SQQQUSDT,2026-08-17 06:00:00+00:00,0.005068987302104767,True
4σ,TLMUSDT,2026-08-17 07:48:00+00:00,-0.04693835202143279,True
4σ прокол 0.2%,TLMUSDT,2026-08-17 07:48:00+00:00,-0.04693835202143279,True
6σ стоп 5D,TLMUSDT,2026-08-17 07:49:00+00:00,0.010686784662478771,True
6σ прокол 0.2%,TLMUSDT,2026-08-17 07:49:00+00:00,0.010686784662478771,True
6σ,TLMUSDT,2026-08-17 07:49:00+00:00,0.010686784662478771,True
4σ,PLTRUSDT,2026-08-17 13:30:00+00:00,0.004445600761345548,True
4σ,DELLUSDT,2026-08-17 13:30:00+00:00,-0.03596116000591951,True
4σ прокол 0.2%,METAUSDT,2026-08-17 13:30:00+00:00,-0.013920750089574246,True
4σ,METAUSDT,2026-08-17 13:30:00+00:00,-0.013920750089574246,True
4σ,CRWVUSDT,2026-08-17 13:30:00+00:00,0.010794394424494546,True
4σ прокол 0.2%,LITEUSDT,2026-08-17 13:31:00+00:00,0.010523500878990743,True
6σ,LITEUSDT,2026-08-17 13:31:00+00:00,0.016166212353693157,True
4σ,LITEUSDT,2026-08-17 13:31:00+00:00,0.010523500878990743,True
4σ,ARMUSDT,2026-08-17 13:31:00+00:00,0.007484909910481187,True
4σ прокол 0.2%,AAOIUSDT,2026-08-17 13:31:00+00:00,0.014315492463172718,True
4σ,AAOIUSDT,2026-08-17 13:31:00+00:00,0.014315492463172718,True
6σ стоп 5D,LITEUSDT,2026-08-17 13:31:00+00:00,0.016166212353693157,True
4σ прокол 0.2%,AXTIUSDT,2026-08-17 13:31:00+00:00,0.020841837801234678,True
4σ,AXTIUSDT,2026-08-17 13:31:00+00:00,0.020841837801234678,True
4σ,TRXUSDT,2026-08-17 15:50:00+00:00,0.002057099764934911,True
4σ,KOMAUSDT,2026-08-17 18:04:00+00:00,0.03033226636107829,True
4σ прокол 0.2%,KOMAUSDT,2026-08-17 18:04:00+00:00,0.03033226636107829,True
4σ,FILUSDT,2026-08-18 02:44:00+00:00,-0.04240863870219555,True
6σ прокол 0.2%,FILUSDT,2026-08-18 02:44:00+00:00,-0.03380586540966321,True
4σ прокол 0.2%,FILUSDT,2026-08-18 02:44:00+00:00,-0.04240863870219555,True
6σ стоп 5D,FILUSDT,2026-08-18 02:44:00+00:00,-0.03380586540966321,True
6σ,FILUSDT,2026-08-18 02:44:00+00:00,-0.03380586540966321,True
6σ стоп 5D,SUIUSDT,2026-08-18 02:55:00+00:00,-0.004201906696439799,True
6σ прокол 0.2%,SUIUSDT,2026-08-18 02:55:00+00:00,-0.004201906696439799,True
6σ,SUIUSDT,2026-08-18 02:55:00+00:00,-0.004201906696439799,True
4σ,SUIUSDT,2026-08-18 02:55:00+00:00,-0.01179457084360433,True
4σ прокол 0.2%,SUIUSDT,2026-08-18 02:55:00+00:00,-0.01179457084360433,True
4σ,HANAUSDT,2026-08-18 08:42:00+00:00,0.023835654509487506,True
4σ прокол 0.2%,HANAUSDT,2026-08-18 08:42:00+00:00,0.023835654509487506,True
6σ прокол 0.2%,COPPERUSDT,2026-08-18 14:39:00+00:00,0.006667586652670155,False
6σ стоп 5D,COPPERUSDT,2026-08-18 14:39:00+00:00,0.006667586652670155,False
6σ,COPPERUSDT,2026-08-18 14:39:00+00:00,0.006667586652670155,False
4σ,COPPERUSDT,2026-08-18 14:39:00+00:00,0.004289628199335161,False
4σ прокол 0.2%,COPPERUSDT,2026-08-18 14:39:00+00:00,0.004289628199335161,False
4σ прокол 0.2%,BSBUSDT,2026-08-18 15:41:00+00:00,0.025564688766888735,True
4σ,BSBUSDT,2026-08-18 15:41:00+00:00,0.025564688766888735,True
4σ прокол 0.2%,AVGOUSDT,2026-08-19 12:25:00+00:00,-0.011329103386207157,True
4σ,AVGOUSDT,2026-08-19 12:25:00+00:00,-0.011329103386207157,True
4σ прокол 0.2%,币安人生USDT,2026-08-19 12:59:00+00:00,0.015185487175572953,False
4σ,币安人生USDT,2026-08-19 12:59:00+00:00,0.015185487175572953,False
4σ,WLFIUSDT,2026-08-19 17:25:00+00:00,0.009869387094615777,True
4σ прокол 0.2%,TIAUSDT,2026-08-19 22:14:00+00:00,0.017723456788892825,True
4σ,TIAUSDT,2026-08-19 22:14:00+00:00,0.017723456788892825,True
6σ прокол 0.2%,STORJUSDT,2026-08-20 06:00:00+00:00,0.02767603533628811,True
6σ,STORJUSDT,2026-08-20 06:00:00+00:00,0.02767603533628811,True
6σ стоп 5D,STORJUSDT,2026-08-20 06:00:00+00:00,0.02767603533628811,True
4σ,BULLAUSDT,2026-08-20 09:29:00+00:00,0.024489988360584428,False
4σ прокол 0.2%,BULLAUSDT,2026-08-20 09:29:00+00:00,0.024489988360584428,False
4σ прокол 0.2%,BABAUSDT,2026-08-20 09:31:00+00:00,0.012121166731887411,True
4σ,BABAUSDT,2026-08-20 09:31:00+00:00,0.012121166731887411,True
6σ стоп 5D,POLUSDT,2026-08-20 17:44:00+00:00,0.020603733956736828,True
6σ прокол 0.2%,POLUSDT,2026-08-20 17:44:00+00:00,0.020603733956736828,True
4σ,POLUSDT,2026-08-20 17:44:00+00:00,0.013409127149279065,True
6σ,POLUSDT,2026-08-20 17:44:00+00:00,0.020603733956736828,True
4σ прокол 0.2%,POLUSDT,2026-08-20 17:44:00+00:00,0.013409127149279065,True
6σ,POLUSDT,2026-08-20 19:47:00+00:00,0.026838736169217906,True
6σ стоп 5D,POLUSDT,2026-08-20 19:47:00+00:00,0.026838736169217906,True
4σ прокол 0.2%,POLUSDT,2026-08-20 19:47:00+00:00,0.017435283720959663,True
4σ,POLUSDT,2026-08-20 19:47:00+00:00,0.017435283720959663,True
4σ прокол 0.2%,ESPORTSUSDT,2026-08-21 01:37:00+00:00,0.027234142024143718,True
4σ,ESPORTSUSDT,2026-08-21 01:37:00+00:00,0.027234142024143718,True
4σ прокол 0.2%,XPINUSDT,2026-08-21 06:42:00+00:00,0.045164184987453074,True
4σ,XPINUSDT,2026-08-21 06:42:00+00:00,0.045164184987453074,True
4σ прокол 0.2%,ROBOUSDT,2026-08-21 21:19:00+00:00,0.006871378631804454,True
4σ,ROBOUSDT,2026-08-21 21:19:00+00:00,0.006871378631804454,True
4σ,OUSDT,2026-08-21 22:28:00+00:00,0.029394450372550243,True
4σ прокол 0.2%,OUSDT,2026-08-21 22:28:00+00:00,0.029394450372550243,True
6σ стоп 5D,0GUSDT,2026-08-22 05:07:00+00:00,-0.03207168878798625,True
4σ прокол 0.2%,0GUSDT,2026-08-22 05:07:00+00:00,-0.05811408561682471,True
6σ,0GUSDT,2026-08-22 05:07:00+00:00,-0.03207168878798625,True
4σ,0GUSDT,2026-08-22 05:07:00+00:00,-0.05811408561682471,True
6σ прокол 0.2%,0GUSDT,2026-08-22 05:07:00+00:00,-0.03207168878798625,True
4σ прокол 0.2%,WLFIUSDT,2026-08-22 05:08:00+00:00,-0.09142870899758879,True
4σ,WLFIUSDT,2026-08-22 05:08:00+00:00,-0.09142870899758879,True
4σ,SUIUSDT,2026-08-22 05:09:00+00:00,0.040309223467333635,True
6σ прокол 0.2%,GRVTUSDT,2026-08-22 05:09:00+00:00,0.03760273049145808,True
4σ прокол 0.2%,SUIUSDT,2026-08-22 05:09:00+00:00,0.040309223467333635,True
4σ прокол 0.2%,BOMEUSDT,2026-08-22 05:09:00+00:00,0.09825669630558304,True
4σ,GRVTUSDT,2026-08-22 05:09:00+00:00,0.024309143708291583,True
4σ,1000SATSUSDT,2026-08-22 05:09:00+00:00,-0.01093394555639679,False
4σ прокол 0.2%,1000SATSUSDT,2026-08-22 05:09:00+00:00,-0.01093394555639679,False
6σ стоп 5D,GRVTUSDT,2026-08-22 05:09:00+00:00,0.03760273049145808,True
6σ,GRVTUSDT,2026-08-22 05:09:00+00:00,0.03760273049145808,True
4σ прокол 0.2%,GRVTUSDT,2026-08-22 05:09:00+00:00,0.024309143708291583,True
4σ,BOMEUSDT,2026-08-22 05:09:00+00:00,0.09825669630558304,True
6σ прокол 0.2%,PUMPUSDT,2026-08-22 05:10:00+00:00,0.07852379107449664,True
6σ,KGENUSDT,2026-08-22 05:10:00+00:00,0.04553943874868023,True
4σ прокол 0.2%,BSBUSDT,2026-08-22 05:10:00+00:00,0.030953419405503182,True
6σ стоп 5D,AXSUSDT,2026-08-22 05:10:00+00:00,0.04200458098580291,True
4σ,CYSUSDT,2026-08-22 05:10:00+00:00,0.03130551269176203,True
6σ стоп 5D,SLXUSDT,2026-08-22 05:10:00+00:00,0.05145676772616743,True
4σ прокол 0.2%,BASEDUSDT,2026-08-22 05:10:00+00:00,0.03851006513063911,True
4σ,UAIUSDT,2026-08-22 05:10:00+00:00,0.04035708110219001,True
6σ стоп 5D,UAIUSDT,2026-08-22 05:10:00+00:00,0.0633332008908975,True
6σ стоп 5D,ICPUSDT,2026-08-22 05:10:00+00:00,0.05057006184458364,True
4σ прокол 0.2%,STRKUSDT,2026-08-22 05:10:00+00:00,0.03255250909886449,True
4σ прокол 0.2%,HUSDT,2026-08-22 05:10:00+00:00,0.050460977722754666,True
6σ прокол 0.2%,UAIUSDT,2026-08-22 05:10:00+00:00,0.0633332008908975,True
4σ,INJUSDT,2026-08-22 05:10:00+00:00,0.02831206607096988,True
6σ стоп 5D,PUMPUSDT,2026-08-22 05:10:00+00:00,0.07852379107449664,True
4σ,ICPUSDT,2026-08-22 05:10:00+00:00,0.03246334346387365,True
6σ прокол 0.2%,OPNUSDT,2026-08-22 05:10:00+00:00,0.04295697197875943,True
4σ прокол 0.2%,UAIUSDT,2026-08-22 05:10:00+00:00,0.04035708110219001,True
4σ,HUSDT,2026-08-22 05:10:00+00:00,0.050460977722754666,True
6σ стоп 5D,OPNUSDT,2026-08-22 05:10:00+00:00,0.04295697197875943,True
4σ прокол 0.2%,EIGENUSDT,2026-08-22 05:10:00+00:00,0.03855579646990011,True
4σ прокол 0.2%,ARBUSDT,2026-08-22 05:10:00+00:00,0.034552697209170494,True
6σ,OPNUSDT,2026-08-22 05:10:00+00:00,0.04295697197875943,True
6σ,PUMPUSDT,2026-08-22 05:10:00+00:00,0.07852379107449664,True
4σ прокол 0.2%,AXSUSDT,2026-08-22 05:10:00+00:00,0.02709251493969296,True
6σ,UAIUSDT,2026-08-22 05:10:00+00:00,0.0633332008908975,True
6σ,ICPUSDT,2026-08-22 05:10:00+00:00,0.05057006184458364,True
4σ,1000CATUSDT,2026-08-22 05:10:00+00:00,0.028927906357949243,True
4σ прокол 0.2%,INJUSDT,2026-08-22 05:10:00+00:00,0.02831206607096988,True
4σ прокол 0.2%,OPNUSDT,2026-08-22 05:10:00+00:00,0.027692640112397984,True
4σ,BSBUSDT,2026-08-22 05:10:00+00:00,0.030953419405503182,True
6σ прокол 0.2%,ICPUSDT,2026-08-22 05:10:00+00:00,0.05057006184458364,True
6σ,BSBUSDT,2026-08-22 05:10:00+00:00,0.048152413285132936,True
4σ,STRKUSDT,2026-08-22 05:10:00+00:00,0.03255250909886449,True
6σ,SLXUSDT,2026-08-22 05:10:00+00:00,0.05145676772616743,True
4σ,EIGENUSDT,2026-08-22 05:10:00+00:00,0.03855579646990011,True
6σ,AXSUSDT,2026-08-22 05:10:00+00:00,0.04200458098580291,True
4σ,OPNUSDT,2026-08-22 05:10:00+00:00,0.027692640112397984,True
4σ прокол 0.2%,1000CATUSDT,2026-08-22 05:10:00+00:00,0.028927906357949243,True
6σ,BASEDUSDT,2026-08-22 05:10:00+00:00,0.06032802927011445,True
4σ прокол 0.2%,CYSUSDT,2026-08-22 05:10:00+00:00,0.03130551269176203,True
4σ,SEIUSDT,2026-08-22 05:10:00+00:00,0.02726543043784209,True
4σ прокол 0.2%,BULLAUSDT,2026-08-22 05:10:00+00:00,0.04144189260736404,False
4σ прокол 0.2%,SEIUSDT,2026-08-22 05:10:00+00:00,0.02726543043784209,True
4σ прокол 0.2%,WLDUSDT,2026-08-22 05:10:00+00:00,0.04442116678986126,True
4σ прокол 0.2%,4USDT,2026-08-22 05:10:00+00:00,0.055794844772866406,True
4σ прокол 0.2%,KOMAUSDT,2026-08-22 05:10:00+00:00,0.04505631516579074,True
4σ прокол 0.2%,APTUSDT,2026-08-22 05:10:00+00:00,0.03439043080837441,True
4σ прокол 0.2%,AEROUSDT,2026-08-22 05:10:00+00:00,0.02426328966581011,True
4σ,APTUSDT,2026-08-22 05:10:00+00:00,0.03439043080837441,True
6σ,1000SATSUSDT,2026-08-22 05:10:00+00:00,0.07390675802658125,False
6σ стоп 5D,1000SATSUSDT,2026-08-22 05:10:00+00:00,0.07390675802658125,False
6σ прокол 0.2%,AEROUSDT,2026-08-22 05:10:00+00:00,0.03753042352116438,True
6σ прокол 0.2%,1000SATSUSDT,2026-08-22 05:10:00+00:00,0.07390675802658125,False
4σ,BILLUSDT,2026-08-22 05:10:00+00:00,0.0321631802582993,True
4σ прокол 0.2%,BILLUSDT,2026-08-22 05:10:00+00:00,0.0321631802582993,True
4σ,TAOUSDT,2026-08-22 05:10:00+00:00,0.033211437848553696,True
4σ,SAGAUSDT,2026-08-22 05:10:00+00:00,0.009506254598607794,True
4σ,4USDT,2026-08-22 05:10:00+00:00,0.055794844772866406,True
4σ,KOMAUSDT,2026-08-22 05:10:00+00:00,0.04505631516579074,True
6σ прокол 0.2%,BILLUSDT,2026-08-22 05:10:00+00:00,0.050088847840719944,True
6σ прокол 0.2%,4USDT,2026-08-22 05:10:00+00:00,0.08891108999824676,True
6σ,BILLUSDT,2026-08-22 05:10:00+00:00,0.050088847840719944,True
6σ,CRVUSDT,2026-08-22 05:10:00+00:00,0.07339060183818019,True
4σ,XLMUSDT,2026-08-22 05:10:00+00:00,0.0368091314005647,True
6σ стоп 5D,CRVUSDT,2026-08-22 05:10:00+00:00,0.07339060183818019,True
6σ прокол 0.2%,CRVUSDT,2026-08-22 05:10:00+00:00,0.07339060183818019,True
4σ,WIFUSDT,2026-08-22 05:10:00+00:00,0.05006973913591191,True
6σ,1000CATUSDT,2026-08-22 05:10:00+00:00,0.044921030474732684,True
4σ прокол 0.2%,WIFUSDT,2026-08-22 05:10:00+00:00,0.05006973913591191,True
4σ,1000XECUSDT,2026-08-22 05:10:00+00:00,0.03046182904300583,True
4σ прокол 0.2%,1000XECUSDT,2026-08-22 05:10:00+00:00,0.03046182904300583,True
4σ,AEROUSDT,2026-08-22 05:10:00+00:00,0.02426328966581011,True
4σ прокол 0.2%,XLMUSDT,2026-08-22 05:10:00+00:00,0.0368091314005647,True
6σ стоп 5D,BILLUSDT,2026-08-22 05:10:00+00:00,0.050088847840719944,True
6σ стоп 5D,1000CATUSDT,2026-08-22 05:10:00+00:00,0.044921030474732684,True
4σ прокол 0.2%,CRVUSDT,2026-08-22 05:10:00+00:00,0.04648717911518392,True
6σ,4USDT,2026-08-22 05:10:00+00:00,0.08891108999824676,True
6σ стоп 5D,4USDT,2026-08-22 05:10:00+00:00,0.08891108999824676,True
4σ прокол 0.2%,SAGAUSDT,2026-08-22 05:10:00+00:00,0.009506254598607794,True
6σ стоп 5D,AEROUSDT,2026-08-22 05:10:00+00:00,0.03753042352116438,True
6σ стоп 5D,BASEDUSDT,2026-08-22 05:10:00+00:00,0.06032802927011445,True
4σ,BULLAUSDT,2026-08-22 05:10:00+00:00,0.04144189260736404,False
6σ,WLDUSDT,2026-08-22 05:10:00+00:00,0.0699865578331979,True
6σ стоп 5D,SAGAUSDT,2026-08-22 05:10:00+00:00,0.05742583342401959,True
4σ прокол 0.2%,ICPUSDT,2026-08-22 05:10:00+00:00,0.03246334346387365,True
4σ,BASEDUSDT,2026-08-22 05:10:00+00:00,0.03851006513063911,True
4σ прокол 0.2%,HOMEUSDT,2026-08-22 05:10:00+00:00,0.03419937228837129,True
4σ,HOMEUSDT,2026-08-22 05:10:00+00:00,0.03419937228837129,True
6σ,ALLOUSDT,2026-08-22 05:10:00+00:00,0.036594670107232566,True
4σ,ARBUSDT,2026-08-22 05:10:00+00:00,0.034552697209170494,True
4σ прокол 0.2%,SLXUSDT,2026-08-22 05:10:00+00:00,0.03301594972205431,True
6σ стоп 5D,ALLOUSDT,2026-08-22 05:10:00+00:00,0.036594670107232566,True
6σ,SAGAUSDT,2026-08-22 05:10:00+00:00,0.05742583342401959,True
6σ прокол 0.2%,ALLOUSDT,2026-08-22 05:10:00+00:00,0.036594670107232566,True
4σ,SLXUSDT,2026-08-22 05:10:00+00:00,0.03301594972205431,True
4σ,ALLOUSDT,2026-08-22 05:10:00+00:00,-0.019174324649564114,True
4σ прокол 0.2%,ALLOUSDT,2026-08-22 05:10:00+00:00,-0.019174324649564114,True
6σ,AEROUSDT,2026-08-22 05:10:00+00:00,0.03753042352116438,True
6σ прокол 0.2%,SLXUSDT,2026-08-22 05:10:00+00:00,0.05145676772616743,True
6σ,KOMAUSDT,2026-08-22 05:10:00+00:00,0.07103148483615901,True
6σ прокол 0.2%,BSBUSDT,2026-08-22 05:10:00+00:00,0.048152413285132936,True
6σ,ALICEUSDT,2026-08-22 05:10:00+00:00,0.04106918459081506,True
6σ прокол 0.2%,KOMAUSDT,2026-08-22 05:10:00+00:00,0.07103148483615901,True
6σ прокол 0.2%,1000CATUSDT,2026-08-22 05:10:00+00:00,0.044921030474732684,True
4σ прокол 0.2%,JCTUSDT,2026-08-22 05:10:00+00:00,0.04387522519592264,True
4σ,WLDUSDT,2026-08-22 05:10:00+00:00,0.04442116678986126,True
4σ прокол 0.2%,TAOUSDT,2026-08-22 05:10:00+00:00,0.033211437848553696,True
4σ прокол 0.2%,ENSOUSDT,2026-08-22 05:10:00+00:00,0.02818270052930645,True
4σ прокол 0.2%,ALICEUSDT,2026-08-22 05:10:00+00:00,0.0016663550480000848,True
4σ,ALICEUSDT,2026-08-22 05:10:00+00:00,0.0016663550480000848,True
6σ прокол 0.2%,SAGAUSDT,2026-08-22 05:10:00+00:00,0.05742583342401959,True
6σ прокол 0.2%,WLDUSDT,2026-08-22 05:10:00+00:00,0.0699865578331979,True
4σ,ONEUSDT,2026-08-22 05:10:00+00:00,0.03919921349598861,True
6σ прокол 0.2%,ALICEUSDT,2026-08-22 05:10:00+00:00,0.04106918459081506,True
6σ стоп 5D,ALICEUSDT,2026-08-22 05:10:00+00:00,0.04106918459081506,True
4σ,JCTUSDT,2026-08-22 05:10:00+00:00,0.04387522519592264,True
6σ стоп 5D,BSBUSDT,2026-08-22 05:10:00+00:00,0.048152413285132936,True
4σ прокол 0.2%,ONEUSDT,2026-08-22 05:10:00+00:00,0.03919921349598861,True
6σ стоп 5D,WLDUSDT,2026-08-22 05:10:00+00:00,0.0699865578331979,True
6σ прокол 0.2%,BASEDUSDT,2026-08-22 05:10:00+00:00,0.06032802927011445,True
6σ стоп 5D,KOMAUSDT,2026-08-22 05:10:00+00:00,0.07103148483615901,True
4σ,CRVUSDT,2026-08-22 05:10:00+00:00,0.04648717911518392,True
6σ стоп 5D,GWEIUSDT,2026-08-22 05:10:00+00:00,0.0787312676504574,True
4σ,RIFUSDT,2026-08-22 05:10:00+00:00,0.03624278047452485,True
6σ прокол 0.2%,STORJUSDT,2026-08-22 05:10:00+00:00,0.03804631363456319,True
4σ прокол 0.2%,RIFUSDT,2026-08-22 05:10:00+00:00,0.03624278047452485,True
6σ,RIVERUSDT,2026-08-22 05:10:00+00:00,0.0833696119656488,True
6σ стоп 5D,RIVERUSDT,2026-08-22 05:10:00+00:00,0.0833696119656488,True
6σ прокол 0.2%,RIVERUSDT,2026-08-22 05:10:00+00:00,0.0833696119656488,True
4σ,RIVERUSDT,2026-08-22 05:10:00+00:00,0.052492549101053235,True
4σ прокол 0.2%,RIVERUSDT,2026-08-22 05:10:00+00:00,0.052492549101053235,True
4σ прокол 0.2%,ESPORTSUSDT,2026-08-22 05:10:00+00:00,0.03163702227082128,True
4σ прокол 0.2%,RAVEUSDT,2026-08-22 05:10:00+00:00,0.02991895273225649,True
4σ,RAVEUSDT,2026-08-22 05:10:00+00:00,0.02991895273225649,True
6σ прокол 0.2%,RAVEUSDT,2026-08-22 05:10:00+00:00,0.04650040011251995,True
6σ стоп 5D,RAVEUSDT,2026-08-22 05:10:00+00:00,0.04650040011251995,True
6σ,RAVEUSDT,2026-08-22 05:10:00+00:00,0.04650040011251995,True
4σ,ESPORTSUSDT,2026-08-22 05:10:00+00:00,0.03163702227082128,True
6σ стоп 5D,STORJUSDT,2026-08-22 05:10:00+00:00,0.03804631363456319,True
6σ,COOKIEUSDT,2026-08-22 05:10:00+00:00,0.044721864639543044,True
6σ стоп 5D,COOKIEUSDT,2026-08-22 05:10:00+00:00,0.044721864639543044,True
6σ прокол 0.2%,COOKIEUSDT,2026-08-22 05:10:00+00:00,0.044721864639543044,True
4σ,NEARUSDT,2026-08-22 05:10:00+00:00,0.0363015684775871,True
6σ прокол 0.2%,NEARUSDT,2026-08-22 05:10:00+00:00,0.056749841539111404,True
4σ,COOKIEUSDT,2026-08-22 05:10:00+00:00,0.028802786959505736,True
4σ,ATOMUSDT,2026-08-22 05:10:00+00:00,0.024425825296794337,True
6σ стоп 5D,NEARUSDT,2026-08-22 05:10:00+00:00,0.056749841539111404,True
6σ,NEARUSDT,2026-08-22 05:10:00+00:00,0.056749841539111404,True
4σ прокол 0.2%,COOKIEUSDT,2026-08-22 05:10:00+00:00,0.028802786959505736,True
4σ,CHIPUSDT,2026-08-22 05:10:00+00:00,0.04214375124526222,True
4σ,ANTHROPICUSDT,2026-08-22 05:10:00+00:00,0.01414487652940628,True
6σ,TIAUSDT,2026-08-22 05:10:00+00:00,0.05401213206469242,True
6σ стоп 5D,TIAUSDT,2026-08-22 05:10:00+00:00,0.05401213206469242,True
6σ прокол 0.2%,TIAUSDT,2026-08-22 05:10:00+00:00,0.05401213206469242,True
4σ прокол 0.2%,NEARUSDT,2026-08-22 05:10:00+00:00,0.0363015684775871,True
6σ,STORJUSDT,2026-08-22 05:10:00+00:00,0.03804631363456319,True
6σ стоп 5D,SOONUSDT,2026-08-22 05:10:00+00:00,0.035648354840108046,True
4σ,PTBUSDT,2026-08-22 05:10:00+00:00,0.06323219828541865,True
4σ,AXSUSDT,2026-08-22 05:10:00+00:00,0.02709251493969296,True
6σ прокол 0.2%,GWEIUSDT,2026-08-22 05:10:00+00:00,0.0787312676504574,True
4σ,GWEIUSDT,2026-08-22 05:10:00+00:00,0.04971063315096931,True
4σ прокол 0.2%,GWEIUSDT,2026-08-22 05:10:00+00:00,0.04971063315096931,True
6σ,LAUSDT,2026-08-22 05:10:00+00:00,0.06179508985721545,True
6σ стоп 5D,LAUSDT,2026-08-22 05:10:00+00:00,0.06179508985721545,True
6σ прокол 0.2%,LAUSDT,2026-08-22 05:10:00+00:00,0.06179508985721545,True
4σ,LAUSDT,2026-08-22 05:10:00+00:00,0.039412626643769724,True
4σ прокол 0.2%,LAUSDT,2026-08-22 05:10:00+00:00,0.039412626643769724,True
6σ,LINKUSDT,2026-08-22 05:10:00+00:00,0.045620986495434626,True
6σ стоп 5D,LINKUSDT,2026-08-22 05:10:00+00:00,0.045620986495434626,True
6σ прокол 0.2%,LINKUSDT,2026-08-22 05:10:00+00:00,0.045620986495434626,True
4σ,ONDOUSDT,2026-08-22 05:10:00+00:00,0.04093851427629587,True
4σ,PNUTUSDT,2026-08-22 05:10:00+00:00,0.04790380259014389,True
4σ прокол 0.2%,PNUTUSDT,2026-08-22 05:10:00+00:00,0.04790380259014389,True
6σ,LABUSDT,2026-08-22 05:10:00+00:00,0.08284426472314593,True
6σ,PORTALUSDT,2026-08-22 05:10:00+00:00,0.031147309005927357,True
6σ,SOONUSDT,2026-08-22 05:10:00+00:00,0.035648354840108046,True
6σ,EVAAUSDT,2026-08-22 05:10:00+00:00,0.04045408729613249,True
6σ стоп 5D,EVAAUSDT,2026-08-22 05:10:00+00:00,0.04045408729613249,True
6σ прокол 0.2%,EVAAUSDT,2026-08-22 05:10:00+00:00,0.04045408729613249,True
4σ,EVAAUSDT,2026-08-22 05:10:00+00:00,0.026113923435685263,True
4σ прокол 0.2%,EVAAUSDT,2026-08-22 05:10:00+00:00,0.026113923435685263,True
4σ,TIAUSDT,2026-08-22 05:10:00+00:00,0.03460495842915097,True
4σ прокол 0.2%,PORTALUSDT,2026-08-22 05:10:00+00:00,0.0005577848436564564,True
4σ прокол 0.2%,LABUSDT,2026-08-22 05:10:00+00:00,0.05217828281961419,True
4σ,LABUSDT,2026-08-22 05:10:00+00:00,0.05217828281961419,True
6σ прокол 0.2%,PORTALUSDT,2026-08-22 05:10:00+00:00,0.031147309005927357,True
6σ прокол 0.2%,LABUSDT,2026-08-22 05:10:00+00:00,0.08284426472314593,True
6σ стоп 5D,LABUSDT,2026-08-22 05:10:00+00:00,0.08284426472314593,True
6σ стоп 5D,PORTALUSDT,2026-08-22 05:10:00+00:00,0.031147309005927357,True
4σ,PORTALUSDT,2026-08-22 05:10:00+00:00,0.0005577848436564564,True
4σ прокол 0.2%,TIAUSDT,2026-08-22 05:10:00+00:00,0.03460495842915097,True
4σ прокол 0.2%,CHIPUSDT,2026-08-22 05:10:00+00:00,0.04214375124526222,True
6σ прокол 0.2%,BMTUSDT,2026-08-22 05:10:00+00:00,0.06188655937659711,True
4σ,GIGGLEUSDT,2026-08-22 05:10:00+00:00,0.04263289743138894,True
6σ,WLFIUSDT,2026-08-22 05:10:00+00:00,0.07673232859466034,True
6σ стоп 5D,WLFIUSDT,2026-08-22 05:10:00+00:00,0.07673232859466034,True
6σ прокол 0.2%,GIGGLEUSDT,2026-08-22 05:10:00+00:00,0.06705200119609683,True
6σ прокол 0.2%,WLFIUSDT,2026-08-22 05:10:00+00:00,0.07673232859466034,True
6σ,AVAXUSDT,2026-08-22 05:10:00+00:00,0.043530549254698195,True
6σ стоп 5D,AVAXUSDT,2026-08-22 05:10:00+00:00,0.043530549254698195,True
6σ стоп 5D,GIGGLEUSDT,2026-08-22 05:10:00+00:00,0.06705200119609683,True
6σ прокол 0.2%,AVAXUSDT,2026-08-22 05:10:00+00:00,0.043530549254698195,True
4σ,AVAXUSDT,2026-08-22 05:10:00+00:00,0.028053708151512827,True
4σ прокол 0.2%,AVAXUSDT,2026-08-22 05:10:00+00:00,0.028053708151512827,True
6σ,GIGGLEUSDT,2026-08-22 05:10:00+00:00,0.06705200119609683,True
4σ прокол 0.2%,RENDERUSDT,2026-08-22 05:10:00+00:00,0.031000240808623583,True
4σ,RENDERUSDT,2026-08-22 05:10:00+00:00,0.031000240808623583,True
6σ прокол 0.2%,RENDERUSDT,2026-08-22 05:10:00+00:00,0.048227269174892576,True
6σ стоп 5D,RENDERUSDT,2026-08-22 05:10:00+00:00,0.048227269174892576,True
6σ,RENDERUSDT,2026-08-22 05:10:00+00:00,0.048227269174892576,True
4σ прокол 0.2%,NEIROUSDT,2026-08-22 05:10:00+00:00,0.11355482904146513,False
4σ,HOLOUSDT,2026-08-22 05:10:00+00:00,0.031857847475390735,True
4σ,NEIROUSDT,2026-08-22 05:10:00+00:00,0.11355482904146513,False
4σ прокол 0.2%,HOLOUSDT,2026-08-22 05:10:00+00:00,0.031857847475390735,True
6σ,ORDIUSDT,2026-08-22 05:10:00+00:00,0.07925230705942993,True
6σ стоп 5D,ORDIUSDT,2026-08-22 05:10:00+00:00,0.07925230705942993,True
4σ,INXUSDT,2026-08-22 05:10:00+00:00,0.029229436503399778,True
6σ прокол 0.2%,ORDIUSDT,2026-08-22 05:10:00+00:00,0.07925230705942993,True
4σ,BIOUSDT,2026-08-22 05:10:00+00:00,-0.003263144737883333,True
6σ прокол 0.2%,BIOUSDT,2026-08-22 05:10:00+00:00,0.060755336923942374,True
6σ стоп 5D,BIOUSDT,2026-08-22 05:10:00+00:00,0.060755336923942374,True
6σ,BIOUSDT,2026-08-22 05:10:00+00:00,0.060755336923942374,True
4σ,REDUSDT,2026-08-22 05:10:00+00:00,0.07358753073649077,True
4σ прокол 0.2%,REDUSDT,2026-08-22 05:10:00+00:00,0.07358753073649077,True
4σ прокол 0.2%,BIOUSDT,2026-08-22 05:10:00+00:00,-0.003263144737883333,True
4σ прокол 0.2%,ONDOUSDT,2026-08-22 05:10:00+00:00,0.04093851427629587,True
4σ прокол 0.2%,INXUSDT,2026-08-22 05:10:00+00:00,0.029229436503399778,True
4σ,JTOUSDT,2026-08-22 05:10:00+00:00,0.04309254015220172,True
6σ стоп 5D,BMTUSDT,2026-08-22 05:10:00+00:00,0.06188655937659711,True
6σ,BMTUSDT,2026-08-22 05:10:00+00:00,0.06188655937659711,True
4σ прокол 0.2%,MMTUSDT,2026-08-22 05:10:00+00:00,0.02931704320807156,True
4σ,USELESSUSDT,2026-08-22 05:10:00+00:00,0.07019293878765248,True
4σ,MMTUSDT,2026-08-22 05:10:00+00:00,0.02931704320807156,True
4σ прокол 0.2%,USELESSUSDT,2026-08-22 05:10:00+00:00,0.07019293878765248,True
6σ прокол 0.2%,MMTUSDT,2026-08-22 05:10:00+00:00,0.045540789230688675,True
6σ стоп 5D,MMTUSDT,2026-08-22 05:10:00+00:00,0.045540789230688675,True
6σ,MMTUSDT,2026-08-22 05:10:00+00:00,0.045540789230688675,True
4σ прокол 0.2%,MANTRAUSDT,2026-08-22 05:10:00+00:00,0.03780443180257849,False
4σ,MANTRAUSDT,2026-08-22 05:10:00+00:00,0.03780443180257849,False
4σ прокол 0.2%,MIRAUSDT,2026-08-22 05:10:00+00:00,0.024677610972290334,True
4σ,ZAMAUSDT,2026-08-22 05:10:00+00:00,0.038153131118201025,True
4σ,MIRAUSDT,2026-08-22 05:10:00+00:00,0.024677610972290334,True
4σ прокол 0.2%,VIRTUALUSDT,2026-08-22 05:10:00+00:00,0.03481692963925105,True
6σ прокол 0.2%,MIRAUSDT,2026-08-22 05:10:00+00:00,0.038184011283144595,True
4σ прокол 0.2%,BICOUSDT,2026-08-22 05:10:00+00:00,0.05209682049065063,True
4σ прокол 0.2%,JTOUSDT,2026-08-22 05:10:00+00:00,0.04309254015220172,True
4σ прокол 0.2%,KAITOUSDT,2026-08-22 05:10:00+00:00,0.038526473231548855,True
6σ,MIRAUSDT,2026-08-22 05:10:00+00:00,0.038184011283144595,True
4σ,KAITOUSDT,2026-08-22 05:10:00+00:00,0.038526473231548855,True
6σ,VIRTUALUSDT,2026-08-22 05:10:00+00:00,0.054353649894710546,True
6σ стоп 5D,VIRTUALUSDT,2026-08-22 05:10:00+00:00,0.054353649894710546,True
4σ прокол 0.2%,GIGGLEUSDT,2026-08-22 05:10:00+00:00,0.04263289743138894,True
6σ стоп 5D,MIRAUSDT,2026-08-22 05:10:00+00:00,0.038184011283144595,True
6σ прокол 0.2%,VIRTUALUSDT,2026-08-22 05:10:00+00:00,0.054353649894710546,True
4σ прокол 0.2%,ZAMAUSDT,2026-08-22 05:10:00+00:00,0.038153131118201025,True
6σ прокол 0.2%,KAITOUSDT,2026-08-22 05:10:00+00:00,0.06035467508053745,True
6σ стоп 5D,KAITOUSDT,2026-08-22 05:10:00+00:00,0.06035467508053745,True
6σ,KAITOUSDT,2026-08-22 05:10:00+00:00,0.06035467508053745,True
4σ,VIRTUALUSDT,2026-08-22 05:10:00+00:00,0.03481692963925105,True
4σ,BICOUSDT,2026-08-22 05:10:00+00:00,0.05209682049065063,True
6σ,GWEIUSDT,2026-08-22 05:10:00+00:00,0.0787312676504574,True
4σ прокол 0.2%,PTBUSDT,2026-08-22 05:10:00+00:00,0.06323219828541865,True
6σ прокол 0.2%,AXSUSDT,2026-08-22 05:10:00+00:00,0.04200458098580291,True
4σ прокол 0.2%,PIPPINUSDT,2026-08-22 05:10:00+00:00,0.0373506624151831,True
6σ,ERAUSDT,2026-08-22 05:10:00+00:00,0.037323321045220806,True
6σ,FILUSDT,2026-08-22 05:10:00+00:00,0.04879530971933273,True
6σ прокол 0.2%,FILUSDT,2026-08-22 05:10:00+00:00,0.04879530971933273,True
4σ,ETHFIUSDT,2026-08-22 05:10:00+00:00,0.049297090553565195,True
4σ прокол 0.2%,PRLUSDT,2026-08-22 05:10:00+00:00,0.04475058732268873,True
4σ,ERAUSDT,2026-08-22 05:10:00+00:00,-0.0045990947413147845,True
6σ,ETHFIUSDT,2026-08-22 05:10:00+00:00,0.07804407829264898,True
4σ,KGENUSDT,2026-08-22 05:10:00+00:00,-0.010258811683097807,True
4σ,FARTCOINUSDT,2026-08-22 05:10:00+00:00,0.05894175432411815,True
4σ,PIPPINUSDT,2026-08-22 05:10:00+00:00,0.0373506624151831,True
6σ прокол 0.2%,ERAUSDT,2026-08-22 05:10:00+00:00,0.037323321045220806,True
6σ прокол 0.2%,PIPPINUSDT,2026-08-22 05:10:00+00:00,0.0584475267386539,True
6σ стоп 5D,PRLUSDT,2026-08-22 05:10:00+00:00,0.07052833706011924,True
6σ стоп 5D,ETHFIUSDT,2026-08-22 05:10:00+00:00,0.07804407829264898,True
4σ прокол 0.2%,FILUSDT,2026-08-22 05:10:00+00:00,0.03135539546930684,True
4σ,ENSOUSDT,2026-08-22 05:10:00+00:00,0.02818270052930645,True
6σ прокол 0.2%,KGENUSDT,2026-08-22 05:10:00+00:00,0.04553943874868023,True
4σ,PRLUSDT,2026-08-22 05:10:00+00:00,0.04475058732268873,True
6σ стоп 5D,ERAUSDT,2026-08-22 05:10:00+00:00,0.037323321045220806,True
4σ,LDOUSDT,2026-08-22 05:10:00+00:00,0.0358856906163358,True
4σ,LTCUSDT,2026-08-22 05:10:00+00:00,0.025920758724186713,True
4σ,FILUSDT,2026-08-22 05:10:00+00:00,0.03135539546930684,True
6σ,PRLUSDT,2026-08-22 05:10:00+00:00,0.07052833706011924,True
4σ прокол 0.2%,OUSDT,2026-08-22 05:10:00+00:00,0.05202706302660527,True
4σ прокол 0.2%,KGENUSDT,2026-08-22 05:10:00+00:00,-0.010258811683097807,True
4σ,OUSDT,2026-08-22 05:10:00+00:00,0.05202706302660527,True
6σ прокол 0.2%,OUSDT,2026-08-22 05:10:00+00:00,0.08259160040502084,True
6σ стоп 5D,OUSDT,2026-08-22 05:10:00+00:00,0.08259160040502084,True
6σ,OUSDT,2026-08-22 05:10:00+00:00,0.08259160040502084,True
6σ прокол 0.2%,RIFUSDT,2026-08-22 05:10:00+00:00,0.056654817878316346,True
4σ прокол 0.2%,PENGUUSDT,2026-08-22 05:10:00+00:00,0.05570446727403984,True
6σ,RIFUSDT,2026-08-22 05:10:00+00:00,0.056654817878316346,True
4σ прокол 0.2%,ERAUSDT,2026-08-22 05:10:00+00:00,-0.0045990947413147845,True
4σ,PENGUUSDT,2026-08-22 05:10:00+00:00,0.05570446727403984,True
6σ стоп 5D,RIFUSDT,2026-08-22 05:10:00+00:00,0.056654817878316346,True
6σ прокол 0.2%,PRLUSDT,2026-08-22 05:10:00+00:00,0.07052833706011924,True
6σ стоп 5D,FILUSDT,2026-08-22 05:10:00+00:00,0.04879530971933273,True
6σ,PIPPINUSDT,2026-08-22 05:10:00+00:00,0.0584475267386539,True
4σ прокол 0.2%,FARTCOINUSDT,2026-08-22 05:10:00+00:00,0.05894175432411815,True
6σ стоп 5D,KGENUSDT,2026-08-22 05:10:00+00:00,0.04553943874868023,True
4σ прокол 0.2%,ETHFIUSDT,2026-08-22 05:10:00+00:00,0.049297090553565195,True
6σ стоп 5D,PIPPINUSDT,2026-08-22 05:10:00+00:00,0.0584475267386539,True
6σ прокол 0.2%,NILUSDT,2026-08-22 05:11:00+00:00,0.08268104901383094,True
6σ стоп 5D,ARCUSDT,2026-08-22 05:11:00+00:00,0.04273296063605243,True
6σ стоп 5D,TRIAUSDT,2026-08-22 05:11:00+00:00,0.08406214833026121,True
6σ,BERAUSDT,2026-08-22 05:11:00+00:00,0.10574214971971879,True
6σ прокол 0.2%,DODOXUSDT,2026-08-22 05:11:00+00:00,0.05762675337276808,False
6σ,ARCUSDT,2026-08-22 05:11:00+00:00,0.04273296063605243,True
4σ прокол 0.2%,CLOUSDT,2026-08-22 05:11:00+00:00,0.042006609114167495,True
4σ прокол 0.2%,PENDLEUSDT,2026-08-22 05:11:00+00:00,0.03772271732677486,True
4σ,VELVETUSDT,2026-08-22 05:11:00+00:00,0.06876436674698833,True
4σ,AIOUSDT,2026-08-22 05:11:00+00:00,0.045774925987237716,True
6σ прокол 0.2%,ARCUSDT,2026-08-22 05:11:00+00:00,0.04273296063605243,True
6σ прокол 0.2%,PLUMEUSDT,2026-08-22 05:11:00+00:00,0.07458042899664802,True
4σ прокол 0.2%,BERAUSDT,2026-08-22 05:11:00+00:00,0.06568515300980121,True
6σ прокол 0.2%,TRIAUSDT,2026-08-22 05:11:00+00:00,0.08406214833026121,True
4σ прокол 0.2%,VELVETUSDT,2026-08-22 05:11:00+00:00,0.06876436674698833,True
4σ,BERAUSDT,2026-08-22 05:11:00+00:00,0.06568515300980121,True
4σ,币安人生USDT,2026-08-22 05:11:00+00:00,0.061105590141757385,False
4σ прокол 0.2%,USUSDT,2026-08-22 05:11:00+00:00,0.0933416232447059,True
6σ стоп 5D,BERAUSDT,2026-08-22 05:11:00+00:00,0.10574214971971879,True
6σ стоп 5D,AIOUSDT,2026-08-22 05:11:00+00:00,0.07221539968693408,True
4σ,PLUMEUSDT,2026-08-22 05:11:00+00:00,0.04720721315401662,True
6σ прокол 0.2%,BERAUSDT,2026-08-22 05:11:00+00:00,0.10574214971971879,True
4σ,ETCUSDT,2026-08-22 05:11:00+00:00,0.04623251634050703,True
6σ стоп 5D,CLOUSDT,2026-08-22 05:11:00+00:00,0.06602685118410018,True
4σ прокол 0.2%,WALUSDT,2026-08-22 05:11:00+00:00,0.03132763940013357,True
4σ,ASTERUSDT,2026-08-22 05:11:00+00:00,0.04955080343645997,True
4σ,USUSDT,2026-08-22 05:11:00+00:00,0.0933416232447059,True
4σ,CTSIUSDT,2026-08-22 05:11:00+00:00,0.027481028548608413,True
4σ прокол 0.2%,AIOUSDT,2026-08-22 05:11:00+00:00,0.045774925987237716,True
6σ прокол 0.2%,WALUSDT,2026-08-22 05:11:00+00:00,0.048750901168671715,True
6σ стоп 5D,TRXUSDT,2026-08-22 05:11:00+00:00,0.009649689100660951,True
6σ прокол 0.2%,TRXUSDT,2026-08-22 05:11:00+00:00,0.009649689100660951,True
4σ,ACUUSDT,2026-08-22 05:11:00+00:00,0.037578013111304556,True
4σ,WALUSDT,2026-08-22 05:11:00+00:00,0.03132763940013357,True
4σ прокол 0.2%,ACUUSDT,2026-08-22 05:11:00+00:00,0.037578013111304556,True
4σ прокол 0.2%,ZROUSDT,2026-08-22 05:11:00+00:00,0.05428727370942417,True
6σ,HOMEUSDT,2026-08-22 05:11:00+00:00,0.06308895514334018,True
6σ стоп 5D,ZILUSDT,2026-08-22 05:11:00+00:00,0.04467624048813042,True
6σ,ZILUSDT,2026-08-22 05:11:00+00:00,0.04467624048813042,True
4σ,TRXUSDT,2026-08-22 05:11:00+00:00,0.0062552042447334266,True
4σ,ZBTUSDT,2026-08-22 05:11:00+00:00,0.028022218361217502,True
6σ стоп 5D,TAKEUSDT,2026-08-22 05:11:00+00:00,0.06853335754161133,False
4σ,BLUAIUSDT,2026-08-22 05:11:00+00:00,0.03630784570646135,True
6σ,TAKEUSDT,2026-08-22 05:11:00+00:00,0.06853335754161133,False
4σ прокол 0.2%,ATOMUSDT,2026-08-22 05:11:00+00:00,0.031450365287071416,True
6σ стоп 5D,HOMEUSDT,2026-08-22 05:11:00+00:00,0.06308895514334018,True
4σ,PENDLEUSDT,2026-08-22 05:11:00+00:00,0.03772271732677486,True
6σ прокол 0.2%,HOMEUSDT,2026-08-22 05:11:00+00:00,0.06308895514334018,True
6σ,PLUMEUSDT,2026-08-22 05:11:00+00:00,0.07458042899664802,True
6σ,TRIAUSDT,2026-08-22 05:11:00+00:00,0.08406214833026121,True
4σ,ZROUSDT,2026-08-22 05:11:00+00:00,0.05428727370942417,True
4σ прокол 0.2%,TRXUSDT,2026-08-22 05:11:00+00:00,0.0062552042447334266,True
6σ,WALUSDT,2026-08-22 05:11:00+00:00,0.048750901168671715,True
6σ,IDOLUSDT,2026-08-22 05:11:00+00:00,0.027192163397779592,False
6σ прокол 0.2%,TAKEUSDT,2026-08-22 05:11:00+00:00,0.06853335754161133,False
6σ стоп 5D,WALUSDT,2026-08-22 05:11:00+00:00,0.048750901168671715,True
6σ,TAGUSDT,2026-08-22 05:11:00+00:00,0.05125826732729584,False
6σ стоп 5D,TAGUSDT,2026-08-22 05:11:00+00:00,0.05125826732729584,False
6σ стоп 5D,IDOLUSDT,2026-08-22 05:11:00+00:00,0.027192163397779592,False
6σ,TRXUSDT,2026-08-22 05:11:00+00:00,0.009649689100660951,True
6σ прокол 0.2%,INXUSDT,2026-08-22 05:11:00+00:00,0.06530394177055382,True
6σ прокол 0.2%,TAGUSDT,2026-08-22 05:11:00+00:00,0.05125826732729584,False
6σ прокол 0.2%,IDOLUSDT,2026-08-22 05:11:00+00:00,0.027192163397779592,False
4σ,TAGUSDT,2026-08-22 05:11:00+00:00,0.032892296644850785,False
4σ,IDOLUSDT,2026-08-22 05:11:00+00:00,0.01766251960366634,False
4σ прокол 0.2%,TAGUSDT,2026-08-22 05:11:00+00:00,0.032892296644850785,False
4σ прокол 0.2%,IDOLUSDT,2026-08-22 05:11:00+00:00,0.01766251960366634,False
6σ стоп 5D,PLUMEUSDT,2026-08-22 05:11:00+00:00,0.07458042899664802,True
4σ прокол 0.2%,DIAUSDT,2026-08-22 05:11:00+00:00,0.024584388419714512,True
4σ прокол 0.2%,CTSIUSDT,2026-08-22 05:11:00+00:00,0.027481028548608413,True
6σ,ENSOUSDT,2026-08-22 05:11:00+00:00,0.04709486813773474,True
4σ прокол 0.2%,BTRUSDT,2026-08-22 05:11:00+00:00,0.037253203828104334,True
6σ стоп 5D,ENSOUSDT,2026-08-22 05:11:00+00:00,0.04709486813773474,True
6σ,DIAUSDT,2026-08-22 05:11:00+00:00,0.03803690519870813,True
4σ,CBRSUSDT,2026-08-22 05:11:00+00:00,0.019066599626098316,True
6σ,BABYUSDT,2026-08-22 05:11:00+00:00,0.05632800170140424,True
6σ стоп 5D,DIAUSDT,2026-08-22 05:11:00+00:00,0.03803690519870813,True
6σ стоп 5D,BABYUSDT,2026-08-22 05:11:00+00:00,0.05632800170140424,True
6σ прокол 0.2%,BABYUSDT,2026-08-22 05:11:00+00:00,0.05632800170140424,True
4σ,GRAMUSDT,2026-08-22 05:11:00+00:00,0.03212532868507752,True
4σ прокол 0.2%,币安人生USDT,2026-08-22 05:11:00+00:00,0.061105590141757385,False
6σ прокол 0.2%,PNUTUSDT,2026-08-22 05:11:00+00:00,0.09915804630762443,True
6σ прокол 0.2%,CLOUSDT,2026-08-22 05:11:00+00:00,0.06602685118410018,True
6σ прокол 0.2%,DIAUSDT,2026-08-22 05:11:00+00:00,0.03803690519870813,True
6σ прокол 0.2%,BROCCOLIF3BUSDT,2026-08-22 05:11:00+00:00,0.07056248205238441,False
6σ стоп 5D,BROCCOLIF3BUSDT,2026-08-22 05:11:00+00:00,0.07056248205238441,False
4σ,BABYUSDT,2026-08-22 05:11:00+00:00,0.03604053530186664,True
6σ,BROCCOLIF3BUSDT,2026-08-22 05:11:00+00:00,0.07056248205238441,False
4σ прокол 0.2%,GUAUSDT,2026-08-22 05:11:00+00:00,0.03344511334476992,False
6σ,HUSDT,2026-08-22 05:11:00+00:00,0.13169866642041778,True
4σ прокол 0.2%,EDENUSDT,2026-08-22 05:11:00+00:00,0.04001697715477599,True
4σ прокол 0.2%,ZILUSDT,2026-08-22 05:11:00+00:00,0.02877412054300295,True
4σ прокол 0.2%,ESPUSDT,2026-08-22 05:11:00+00:00,0.03039915725485627,True
6σ прокол 0.2%,ZAMAUSDT,2026-08-22 05:11:00+00:00,0.08295573799721451,True
4σ прокол 0.2%,GRAMUSDT,2026-08-22 05:11:00+00:00,0.03212532868507752,True
4σ,HYPERUSDT,2026-08-22 05:11:00+00:00,0.030253325557147062,True
4σ прокол 0.2%,ASTERUSDT,2026-08-22 05:11:00+00:00,0.04955080343645997,True
4σ прокол 0.2%,HYPERUSDT,2026-08-22 05:11:00+00:00,0.030253325557147062,True
6σ прокол 0.2%,HYPERUSDT,2026-08-22 05:11:00+00:00,0.04703399812265126,True
6σ стоп 5D,HYPERUSDT,2026-08-22 05:11:00+00:00,0.04703399812265126,True
6σ,ZAMAUSDT,2026-08-22 05:11:00+00:00,0.08295573799721451,True
6σ,EULUSDT,2026-08-22 05:11:00+00:00,0.06405296723301962,True
6σ,HYPERUSDT,2026-08-22 05:11:00+00:00,0.04703399812265126,True
6σ стоп 5D,PNUTUSDT,2026-08-22 05:11:00+00:00,0.09915804630762443,True
6σ стоп 5D,EULUSDT,2026-08-22 05:11:00+00:00,0.06405296723301962,True
6σ стоп 5D,ZAMAUSDT,2026-08-22 05:11:00+00:00,0.08295573799721451,True
6σ прокол 0.2%,EULUSDT,2026-08-22 05:11:00+00:00,0.06405296723301962,True
4σ,EULUSDT,2026-08-22 05:11:00+00:00,0.04079840518249318,True
4σ прокол 0.2%,EULUSDT,2026-08-22 05:11:00+00:00,0.04079840518249318,True
6σ,CLOUSDT,2026-08-22 05:11:00+00:00,0.06602685118410018,True
6σ,PNUTUSDT,2026-08-22 05:11:00+00:00,0.09915804630762443,True
4σ,HBARUSDT,2026-08-22 05:11:00+00:00,0.03572247344711084,True
4σ прокол 0.2%,HBARUSDT,2026-08-22 05:11:00+00:00,0.03572247344711084,True
4σ прокол 0.2%,BLUAIUSDT,2026-08-22 05:11:00+00:00,0.03630784570646135,True
6σ стоп 5D,HUSDT,2026-08-22 05:11:00+00:00,0.13169866642041778,True
4σ прокол 0.2%,TAKEUSDT,2026-08-22 05:11:00+00:00,0.0435364471475221,False
4σ,DIAUSDT,2026-08-22 05:11:00+00:00,0.024584388419714512,True
6σ стоп 5D,GUAUSDT,2026-08-22 05:11:00+00:00,0.05214609868290339,False
6σ прокол 0.2%,龙虾USDT,2026-08-22 05:11:00+00:00,0.05844094414119701,False
6σ,GUAUSDT,2026-08-22 05:11:00+00:00,0.05214609868290339,False
4σ,TRIAUSDT,2026-08-22 05:11:00+00:00,0.052906510615775296,True
4σ,龙虾USDT,2026-08-22 05:11:00+00:00,0.037346599075644485,False
6σ прокол 0.2%,ONDOUSDT,2026-08-22 05:11:00+00:00,0.08491486815545829,True
6σ прокол 0.2%,ZILUSDT,2026-08-22 05:11:00+00:00,0.04467624048813042,True
4σ прокол 0.2%,龙虾USDT,2026-08-22 05:11:00+00:00,0.037346599075644485,False
4σ,ZILUSDT,2026-08-22 05:11:00+00:00,0.02877412054300295,True
6σ,INXUSDT,2026-08-22 05:11:00+00:00,0.06530394177055382,True
6σ,EDENUSDT,2026-08-22 05:11:00+00:00,0.06277896866537475,True
6σ,ONDOUSDT,2026-08-22 05:11:00+00:00,0.08491486815545829,True
6σ стоп 5D,NILUSDT,2026-08-22 05:11:00+00:00,0.08268104901383094,True
4σ прокол 0.2%,FETUSDT,2026-08-22 05:11:00+00:00,0.06092043908194884,True
4σ,TAKEUSDT,2026-08-22 05:11:00+00:00,0.0435364471475221,False
4σ прокол 0.2%,PLUMEUSDT,2026-08-22 05:11:00+00:00,0.04720721315401662,True
4σ,FETUSDT,2026-08-22 05:11:00+00:00,0.06092043908194884,True
6σ стоп 5D,INXUSDT,2026-08-22 05:11:00+00:00,0.06530394177055382,True
6σ стоп 5D,ONDOUSDT,2026-08-22 05:11:00+00:00,0.08491486815545829,True
4σ,BTRUSDT,2026-08-22 05:11:00+00:00,0.037253203828104334,True
6σ прокол 0.2%,BTRUSDT,2026-08-22 05:11:00+00:00,0.05828965945210869,True
6σ прокол 0.2%,GUAUSDT,2026-08-22 05:11:00+00:00,0.05214609868290339,False
6σ прокол 0.2%,HUSDT,2026-08-22 05:11:00+00:00,0.13169866642041778,True
6σ,BTRUSDT,2026-08-22 05:11:00+00:00,0.05828965945210869,True
4σ прокол 0.2%,BABYUSDT,2026-08-22 05:11:00+00:00,0.03604053530186664,True
4σ прокол 0.2%,ETCUSDT,2026-08-22 05:11:00+00:00,0.04623251634050703,True
6σ,DODOXUSDT,2026-08-22 05:11:00+00:00,0.05762675337276808,False
4σ,EDENUSDT,2026-08-22 05:11:00+00:00,0.04001697715477599,True
4σ,ESPUSDT,2026-08-22 05:11:00+00:00,0.03039915725485627,True
4σ,CLOUSDT,2026-08-22 05:11:00+00:00,0.042006609114167495,True
6σ,AIOUSDT,2026-08-22 05:11:00+00:00,0.07221539968693408,True
4σ прокол 0.2%,TRIAUSDT,2026-08-22 05:11:00+00:00,0.052906510615775296,True
6σ прокол 0.2%,ENSOUSDT,2026-08-22 05:11:00+00:00,0.04709486813773474,True
6σ,龙虾USDT,2026-08-22 05:11:00+00:00,0.05844094414119701,False
6σ,NILUSDT,2026-08-22 05:11:00+00:00,0.08268104901383094,True
4σ,GUAUSDT,2026-08-22 05:11:00+00:00,0.03344511334476992,False
6σ стоп 5D,龙虾USDT,2026-08-22 05:11:00+00:00,0.05844094414119701,False
6σ прокол 0.2%,EDENUSDT,2026-08-22 05:11:00+00:00,0.06277896866537475,True
6σ стоп 5D,BTRUSDT,2026-08-22 05:11:00+00:00,0.05828965945210869,True
6σ стоп 5D,EDENUSDT,2026-08-22 05:11:00+00:00,0.06277896866537475,True
6σ стоп 5D,DODOXUSDT,2026-08-22 05:11:00+00:00,0.05762675337276808,False
4σ прокол 0.2%,ZBTUSDT,2026-08-22 05:11:00+00:00,0.028022218361217502,True
4σ прокол 0.2%,JCTUSDT,2026-08-22 05:12:00+00:00,0.06638153626249949,True
4σ,JCTUSDT,2026-08-22 05:12:00+00:00,0.06638153626249949,True
4σ,BABAUSDT,2026-08-23 05:32:00+00:00,0.0029130442953690496,True
4σ прокол 0.2%,GUAUSDT,2026-08-23 05:37:00+00:00,0.02222655422715754,False
4σ,GUAUSDT,2026-08-23 05:37:00+00:00,0.02222655422715754,False
4σ прокол 0.2%,LITEUSDT,2026-08-23 05:54:00+00:00,0.007260744022250699,True
4σ,LITEUSDT,2026-08-23 05:54:00+00:00,0.007260744022250699,True
4σ прокол 0.2%,COINUSDT,2026-08-23 06:13:00+00:00,0.006843737955172192,True
6σ прокол 0.2%,COINUSDT,2026-08-23 06:13:00+00:00,0.010544888839459875,True
4σ,COINUSDT,2026-08-23 06:13:00+00:00,0.006843737955172192,True
6σ стоп 5D,COINUSDT,2026-08-23 06:13:00+00:00,0.010544888839459875,True
6σ,COINUSDT,2026-08-23 06:13:00+00:00,0.010544888839459875,True
4σ,BABAUSDT,2026-08-23 06:40:00+00:00,-1.6291426345265607e-05,True
4σ прокол 0.2%,MUUUSDT,2026-08-23 19:42:00+00:00,0.006537255647217367,True
4σ,MUUUSDT,2026-08-23 19:42:00+00:00,0.006537255647217367,True
4σ,NATGASUSDT,2026-08-23 22:00:00+00:00,0.0038754841746190933,False
4σ,XAUTUSDT,2026-08-23 22:01:00+00:00,0.0007477366014225332,True
4σ,PAXGUSDT,2026-08-23 22:01:00+00:00,0.0009374834940429458,True
4σ прокол 0.2%,LABUSDT,2026-08-23 22:06:00+00:00,0.02903724889274635,True
4σ,LABUSDT,2026-08-23 22:06:00+00:00,0.02903724889274635,True
4σ,WDCUSDT,2026-08-24 00:00:00+00:00,-0.005596507387044063,True
4σ,MSFTUSDT,2026-08-24 00:00:00+00:00,-0.001391003153951214,True
4σ прокол 0.2%,WDCUSDT,2026-08-24 00:00:00+00:00,-0.005596507387044063,True
4σ прокол 0.2%,MINIMAXUSDT,2026-08-24 01:30:00+00:00,0.015438497320772139,True
4σ,MINIMAXUSDT,2026-08-24 01:30:00+00:00,0.015438497320772139,True
4σ,IBMUSDT,2026-08-24 03:16:00+00:00,0.002790422576498708,True
4σ прокол 0.2%,IBMUSDT,2026-08-24 03:16:00+00:00,0.002790422576498708,True
4σ прокол 0.2%,ERAUSDT,2026-08-24 04:57:00+00:00,-0.004272502144645556,True
6σ,ERAUSDT,2026-08-24 04:57:00+00:00,0.030797885466300204,True
6σ стоп 5D,ERAUSDT,2026-08-24 04:57:00+00:00,0.030797885466300204,True
6σ прокол 0.2%,ERAUSDT,2026-08-24 04:57:00+00:00,0.030797885466300204,True
4σ,ERAUSDT,2026-08-24 04:57:00+00:00,-0.004272502144645556,True
6σ прокол 0.2%,VELVETUSDT,2026-08-24 09:34:00+00:00,0.04403574653691962,True
4σ прокол 0.2%,VELVETUSDT,2026-08-24 09:34:00+00:00,0.02837150871219958,True
6σ стоп 5D,VELVETUSDT,2026-08-24 09:34:00+00:00,0.04403574653691962,True
6σ,VELVETUSDT,2026-08-24 09:34:00+00:00,0.04403574653691962,True
4σ,VELVETUSDT,2026-08-24 09:34:00+00:00,0.02837150871219958,True
4σ,RKLBUSDT,2026-08-24 13:30:00+00:00,0.0003727591266977921,True
4σ прокол 0.2%,RKLBUSDT,2026-08-24 13:30:00+00:00,0.0003727591266977921,True
4σ прокол 0.2%,INTCUSDT,2026-08-24 13:30:00+00:00,-0.015217509769542586,True
4σ,IBMUSDT,2026-08-24 13:30:00+00:00,-0.006182836583594946,True
4σ прокол 0.2%,IBMUSDT,2026-08-24 13:30:00+00:00,-0.006182836583594946,True
4σ прокол 0.2%,BEUSDT,2026-08-24 13:30:00+00:00,0.011808652243831829,True
4σ,BEUSDT,2026-08-24 13:30:00+00:00,0.011808652243831829,True
4σ,INTCUSDT,2026-08-24 13:30:00+00:00,-0.015217509769542586,True
4σ прокол 0.2%,ONEUSDT,2026-08-24 13:54:00+00:00,0.022268781929121587,True
4σ,ONEUSDT,2026-08-24 13:54:00+00:00,0.022268781929121587,True
6σ,BASEDUSDT,2026-08-25 07:49:00+00:00,0.03080164416545013,True
6σ стоп 5D,BASEDUSDT,2026-08-25 07:49:00+00:00,0.03080164416545013,True
6σ прокол 0.2%,BASEDUSDT,2026-08-25 07:49:00+00:00,0.03080164416545013,True
4σ прокол 0.2%,BASEDUSDT,2026-08-25 07:49:00+00:00,0.019977227443780568,True
4σ,BASEDUSDT,2026-08-25 07:49:00+00:00,0.019977227443780568,True
4σ прокол 0.2%,BSBUSDT,2026-08-25 20:44:00+00:00,0.025646330143474574,True
4σ,BSBUSDT,2026-08-25 20:44:00+00:00,0.025646330143474574,True
6σ,BSBUSDT,2026-08-25 20:44:00+00:00,0.03971432619887101,True
6σ прокол 0.2%,BSBUSDT,2026-08-25 20:44:00+00:00,0.03971432619887101,True
6σ стоп 5D,BSBUSDT,2026-08-25 20:44:00+00:00,0.03971432619887101,True
4σ,LABUSDT,2026-08-25 21:07:00+00:00,0.025626069633929396,True
4σ прокол 0.2%,LABUSDT,2026-08-25 21:07:00+00:00,0.025626069633929396,True
4σ,TIAUSDT,2026-08-25 21:08:00+00:00,0.021731303886405054,True
4σ прокол 0.2%,TIAUSDT,2026-08-25 21:08:00+00:00,0.021731303886405054,True
4σ,TAKEUSDT,2026-08-25 21:49:00+00:00,0.033549597389514754,False
4σ прокол 0.2%,TAKEUSDT,2026-08-25 21:49:00+00:00,0.033549597389514754,False
6σ прокол 0.2%,TAKEUSDT,2026-08-25 21:49:00+00:00,0.05231401569386325,False
6σ,TAKEUSDT,2026-08-25 21:49:00+00:00,0.05231401569386325,False
6σ стоп 5D,TAKEUSDT,2026-08-25 21:49:00+00:00,0.05231401569386325,False
4σ прокол 0.2%,TAKEUSDT,2026-08-26 05:17:00+00:00,-0.12637803905781772,False
4σ,TAKEUSDT,2026-08-26 05:17:00+00:00,-0.12637803905781772,False
4σ прокол 0.2%,ESPORTSUSDT,2026-08-26 14:59:00+00:00,0.023545606471003525,True
4σ,ESPORTSUSDT,2026-08-26 14:59:00+00:00,0.023545606471003525,True
4σ прокол 0.2%,AVAAIUSDT,2026-08-26 15:03:00+00:00,0.0281165273319834,True
6σ,AVAAIUSDT,2026-08-26 15:03:00+00:00,0.04363038466573306,True
6σ прокол 0.2%,AVAAIUSDT,2026-08-26 15:03:00+00:00,0.04363038466573306,True
4σ,AVAAIUSDT,2026-08-26 15:03:00+00:00,0.0281165273319834,True
6σ стоп 5D,AVAAIUSDT,2026-08-26 15:03:00+00:00,0.04363038466573306,True
4σ,BLUAIUSDT,2026-08-26 16:16:00+00:00,0.026900142441513133,True
4σ прокол 0.2%,BLUAIUSDT,2026-08-26 16:16:00+00:00,0.026900142441513133,True
4σ прокол 0.2%,NVDAUSDT,2026-08-26 20:20:00+00:00,0.006862499850536398,True
4σ,NVDAUSDT,2026-08-26 20:20:00+00:00,0.006862499850536398,True
4σ,CLOUSDT,2026-08-27 02:27:00+00:00,0.044027364970239805,True
4σ,AVAAIUSDT,2026-08-27 09:46:00+00:00,0.057614189745481784,True
4σ прокол 0.2%,AVAAIUSDT,2026-08-27 09:46:00+00:00,0.057614189745481784,True
6σ прокол 0.2%,APRUSDT,2026-08-27 11:28:00+00:00,0.03215060751251045,True
4σ прокол 0.2%,APRUSDT,2026-08-27 11:28:00+00:00,0.004772153964823584,True
4σ,APRUSDT,2026-08-27 11:28:00+00:00,0.004772153964823584,True
6σ,APRUSDT,2026-08-27 11:28:00+00:00,0.03215060751251045,True
6σ стоп 5D,APRUSDT,2026-08-27 11:28:00+00:00,0.03215060751251045,True
4σ,ANTHROPICUSDT,2026-08-27 18:12:00+00:00,0.006022358924780714,True
4σ прокол 0.2%,IRENUSDT,2026-08-27 20:10:00+00:00,0.020687196265934474,True
4σ,IRENUSDT,2026-08-27 20:10:00+00:00,0.020687196265934474,True
4σ,ZAMAUSDT,2026-08-28 13:13:00+00:00,0.022575060714844677,True
4σ прокол 0.2%,ZAMAUSDT,2026-08-28 13:13:00+00:00,0.022575060714844677,True
6σ стоп 5D,TRIAUSDT,2026-08-28 13:19:00+00:00,0.035914404294562455,True
4σ прокол 0.2%,TRIAUSDT,2026-08-28 13:19:00+00:00,-0.018793535591340862,True
6σ,TRIAUSDT,2026-08-28 13:19:00+00:00,0.035914404294562455,True
6σ прокол 0.2%,TRIAUSDT,2026-08-28 13:19:00+00:00,0.035914404294562455,True
4σ,TRIAUSDT,2026-08-28 13:19:00+00:00,-0.018793535591340862,True
4σ,BCHUSDT,2026-08-28 13:29:00+00:00,0.011656958273781947,True
6σ,PORTALUSDT,2026-08-28 14:04:00+00:00,0.06579797069866039,True
6σ стоп 5D,PORTALUSDT,2026-08-28 14:04:00+00:00,0.06579797069866039,True
6σ прокол 0.2%,PORTALUSDT,2026-08-28 14:04:00+00:00,0.06579797069866039,True
4σ прокол 0.2%,PORTALUSDT,2026-08-28 14:04:00+00:00,0.041866668669689536,True
4σ,PORTALUSDT,2026-08-28 14:04:00+00:00,0.041866668669689536,True
6σ прокол 0.2%,BULLAUSDT,2026-08-29 06:23:00+00:00,0.02129766817242791,False
6σ стоп 5D,BULLAUSDT,2026-08-29 06:23:00+00:00,0.02129766817242791,False
4σ прокол 0.2%,BULLAUSDT,2026-08-29 06:23:00+00:00,0.013858856161938559,False
6σ,BULLAUSDT,2026-08-29 06:23:00+00:00,0.02129766817242791,False
4σ,BULLAUSDT,2026-08-29 06:23:00+00:00,0.013858856161938559,False
4σ прокол 0.2%,4USDT,2026-08-29 10:47:00+00:00,0.05187329682777504,True
4σ,4USDT,2026-08-29 10:47:00+00:00,0.05187329682777504,True
4σ,ROBOUSDT,2026-08-29 13:58:00+00:00,0.023036275075930344,True
4σ прокол 0.2%,ROBOUSDT,2026-08-29 13:58:00+00:00,0.023036275075930344,True
4σ,SQQQUSDT,2026-08-30 10:54:00+00:00,0.0007953017780355792,True
4σ,PTBUSDT,2026-08-30 20:10:00+00:00,0.029972013873914086,True
6σ прокол 0.2%,PTBUSDT,2026-08-30 20:10:00+00:00,0.04658505144523235,True
6σ стоп 5D,PTBUSDT,2026-08-30 20:10:00+00:00,0.04658505144523235,True
4σ прокол 0.2%,PTBUSDT,2026-08-30 20:10:00+00:00,0.029972013873914086,True
6σ,PTBUSDT,2026-08-30 20:10:00+00:00,0.04658505144523235,True
4σ прокол 0.2%,PAXGUSDT,2026-08-30 22:00:00+00:00,0.0008589020418731777,True
6σ,PAXGUSDT,2026-08-30 22:00:00+00:00,0.0014907333108355571,True
6σ,XAUTUSDT,2026-08-30 22:00:00+00:00,0.001132452326380884,True
4σ,PAXGUSDT,2026-08-30 22:00:00+00:00,0.0008589020418731777,True
6σ стоп 5D,XAUTUSDT,2026-08-30 22:00:00+00:00,0.001132452326380884,True
4σ,XAUTUSDT,2026-08-30 22:00:00+00:00,0.0006205922116477418,True
6σ стоп 5D,XPDUSDT,2026-08-30 22:00:00+00:00,0.005011276641177577,False
4σ прокол 0.2%,XAUTUSDT,2026-08-30 22:00:00+00:00,0.0006205922116477418,True
6σ,XPDUSDT,2026-08-30 22:00:00+00:00,0.005011276641177577,False
6σ прокол 0.2%,PAXGUSDT,2026-08-30 22:00:00+00:00,0.0014907333108355571,True
6σ прокол 0.2%,XPDUSDT,2026-08-30 22:00:00+00:00,0.005011276641177577,False
4σ,XPDUSDT,2026-08-30 22:00:00+00:00,0.003194550356531778,False
4σ прокол 0.2%,XPDUSDT,2026-08-30 22:00:00+00:00,0.003194550356531778,False
6σ стоп 5D,PAXGUSDT,2026-08-30 22:00:00+00:00,0.0014907333108355571,True
4σ,COPPERUSDT,2026-08-30 22:00:00+00:00,0.00236953735121932,False
6σ,XPTUSDT,2026-08-30 22:00:00+00:00,0.003242278281582145,False
4σ прокол 0.2%,XPTUSDT,2026-08-30 22:00:00+00:00,0.002022303718238483,False
4σ,XPTUSDT,2026-08-30 22:00:00+00:00,0.002022303718238483,False
6σ стоп 5D,XPTUSDT,2026-08-30 22:00:00+00:00,0.003242278281582145,False
4σ прокол 0.2%,ARMUSDT,2026-08-30 22:01:00+00:00,-0.004174122708996946,True
6σ стоп 5D,ARMUSDT,2026-08-30 22:01:00+00:00,0.004226648448802673,True
6σ,ARMUSDT,2026-08-30 22:01:00+00:00,0.004226648448802673,True
4σ,ARMUSDT,2026-08-30 22:01:00+00:00,-0.004174122708996946,True
4σ,RIVERUSDT,2026-08-30 23:00:00+00:00,-0.07231201665970985,True
4σ прокол 0.2%,RIVERUSDT,2026-08-30 23:00:00+00:00,-0.07231201665970985,True
4σ,MUUUSDT,2026-08-30 23:00:00+00:00,0.005463711446576714,True
4σ прокол 0.2%,MUUUSDT,2026-08-30 23:00:00+00:00,0.005463711446576714,True
4σ,AXTIUSDT,2026-08-30 23:03:00+00:00,0.005771232852533182,True
4σ прокол 0.2%,GPSUSDT,2026-08-30 23:18:00+00:00,0.018214165148552744,True
4σ,GPSUSDT,2026-08-30 23:18:00+00:00,0.018214165148552744,True
4σ,STARUSDT,2026-08-30 23:23:00+00:00,0.014094275996376499,False
4σ прокол 0.2%,STARUSDT,2026-08-30 23:23:00+00:00,0.014094275996376499,False
4σ прокол 0.2%,COPPERUSDT,2026-08-30 23:29:00+00:00,0.0035267341101707485,False
4σ,COPPERUSDT,2026-08-30 23:29:00+00:00,0.0035267341101707485,False
4σ,HK1810USDT,2026-08-30 23:48:00+00:00,0.0035139454060861388,False
4σ,BABAUSDT,2026-08-31 00:00:00+00:00,0.002232132220237837,True
4σ,TSLAUSDT,2026-08-31 00:00:00+00:00,0.002155216706380703,True
4σ,EWYUSDT,2026-08-31 00:00:00+00:00,0.004232189834060663,True
4σ,LITEUSDT,2026-08-31 00:00:00+00:00,0.004061540739435944,True
4σ прокол 0.2%,EWYUSDT,2026-08-31 00:00:00+00:00,0.004232189834060663,True
4σ прокол 0.2%,LITEUSDT,2026-08-31 00:00:00+00:00,0.004061540739435944,True
4σ,BABAUSDT,2026-08-31 01:30:00+00:00,-0.012536586008292966,True
6σ,GUAUSDT,2026-08-31 11:06:00+00:00,0.024101744723503418,False
4σ,GUAUSDT,2026-08-31 11:06:00+00:00,0.015671968961863583,False
4σ прокол 0.2%,GUAUSDT,2026-08-31 11:06:00+00:00,0.015671968961863583,False
6σ стоп 5D,GUAUSDT,2026-08-31 11:06:00+00:00,0.024101744723503418,False
6σ прокол 0.2%,GUAUSDT,2026-08-31 11:06:00+00:00,0.024101744723503418,False
4σ,METAUSDT,2026-08-31 13:30:00+00:00,-0.005480395254379571,True
4σ,AMZNUSDT,2026-08-31 18:00:00+00:00,0.005324676079820635,True
4σ прокол 0.2%,AMZNUSDT,2026-08-31 18:00:00+00:00,0.005324676079820635,True
4σ прокол 0.2%,LABUSDT,2026-09-01 00:59:00+00:00,-0.004817608874079309,True
6σ прокол 0.2%,LABUSDT,2026-09-01 00:59:00+00:00,0.02048672478625527,True
4σ,LABUSDT,2026-09-01 00:59:00+00:00,-0.004817608874079309,True
6σ,LABUSDT,2026-09-01 00:59:00+00:00,0.02048672478625527,True
6σ стоп 5D,LABUSDT,2026-09-01 00:59:00+00:00,0.02048672478625527,True
4σ,PTBUSDT,2026-09-01 04:45:00+00:00,0.01792200704885634,True
4σ прокол 0.2%,PTBUSDT,2026-09-01 04:45:00+00:00,0.01792200704885634,True
4σ,ORCLUSDT,2026-09-01 13:30:00+00:00,0.009268764742418733,True
4σ прокол 0.2%,ORCLUSDT,2026-09-01 13:30:00+00:00,0.009268764742418733,True
4σ прокол 0.2%,PORTALUSDT,2026-09-02 04:11:00+00:00,0.024494571156354186,True
6σ,PORTALUSDT,2026-09-02 04:11:00+00:00,0.03789519929841241,True
6σ прокол 0.2%,PORTALUSDT,2026-09-02 04:11:00+00:00,0.03789519929841241,True
6σ стоп 5D,PORTALUSDT,2026-09-02 04:11:00+00:00,0.03789519929841241,True
4σ,PORTALUSDT,2026-09-02 04:11:00+00:00,0.024494571156354186,True
4σ прокол 0.2%,FLOCKUSDT,2026-09-02 07:48:00+00:00,0.055647085209656846,True
4σ,FLOCKUSDT,2026-09-02 07:48:00+00:00,0.055647085209656846,True
4σ прокол 0.2%,VIRTUALUSDT,2026-09-02 10:30:00+00:00,0.01910164679217892,True
6σ стоп 5D,VIRTUALUSDT,2026-09-02 10:30:00+00:00,0.02943428793385046,True
6σ,VIRTUALUSDT,2026-09-02 10:30:00+00:00,0.02943428793385046,True
4σ,VIRTUALUSDT,2026-09-02 10:30:00+00:00,0.01910164679217892,True
6σ стоп 5D,ROBOUSDT,2026-09-02 14:58:00+00:00,-0.1118917695848248,True
6σ,ROBOUSDT,2026-09-02 14:58:00+00:00,-0.1118917695848248,True
4σ прокол 0.2%,ROBOUSDT,2026-09-02 14:58:00+00:00,-0.13989960576342228,True
6σ прокол 0.2%,ROBOUSDT,2026-09-02 14:58:00+00:00,-0.1118917695848248,True
4σ,ROBOUSDT,2026-09-02 14:58:00+00:00,-0.13989960576342228,True
4σ прокол 0.2%,BTWUSDT,2026-09-02 18:44:00+00:00,0.06147547419878081,True
4σ,BTWUSDT,2026-09-02 18:44:00+00:00,0.06147547419878081,True
6σ стоп 5D,AVGOUSDT,2026-09-02 20:15:00+00:00,-0.02478279313048101,True
6σ прокол 0.2%,AVGOUSDT,2026-09-02 20:15:00+00:00,-0.02478279313048101,True
4σ,AVGOUSDT,2026-09-02 20:15:00+00:00,-0.03483814974745966,True
4σ прокол 0.2%,AVGOUSDT,2026-09-02 20:15:00+00:00,-0.03483814974745966,True
6σ,AVGOUSDT,2026-09-02 20:15:00+00:00,-0.02478279313048101,True
6σ стоп 5D,XPINUSDT,2026-09-02 21:44:00+00:00,0.030145279345996825,True
6σ прокол 0.2%,XPINUSDT,2026-09-02 21:44:00+00:00,0.030145279345996825,True
6σ,XPINUSDT,2026-09-02 21:44:00+00:00,0.030145279345996825,True
4σ прокол 0.2%,XPINUSDT,2026-09-02 21:44:00+00:00,0.019557122313329248,True
4σ,XPINUSDT,2026-09-02 21:44:00+00:00,0.019557122313329248,True
4σ,CAPUSDT,2026-09-03 03:38:00+00:00,0.031118460054480226,True
4σ прокол 0.2%,CAPUSDT,2026-09-03 03:38:00+00:00,0.031118460054480226,True
4σ,BLUAIUSDT,2026-09-03 07:34:00+00:00,0.02675708185969801,True
4σ прокол 0.2%,BLUAIUSDT,2026-09-03 07:34:00+00:00,0.02675708185969801,True
4σ,GPSUSDT,2026-09-03 10:15:00+00:00,0.03256032732875376,True
4σ прокол 0.2%,GPSUSDT,2026-09-03 10:15:00+00:00,0.03256032732875376,True
4σ,ONUSDT,2026-09-03 23:15:00+00:00,0.015216502334515835,True
4σ прокол 0.2%,TRIAUSDT,2026-09-04 04:17:00+00:00,0.010524578495141351,True
4σ,TRIAUSDT,2026-09-04 04:17:00+00:00,0.010524578495141351,True
6σ стоп 5D,VELVETUSDT,2026-09-04 06:34:00+00:00,-0.05003075838131807,True
4σ,VELVETUSDT,2026-09-04 06:34:00+00:00,-0.07818932047953694,True
6σ прокол 0.2%,VELVETUSDT,2026-09-04 06:34:00+00:00,-0.05003075838131807,True
6σ,VELVETUSDT,2026-09-04 06:34:00+00:00,-0.05003075838131807,True
4σ прокол 0.2%,VELVETUSDT,2026-09-04 06:34:00+00:00,-0.07818932047953694,True
4σ,币安人生USDT,2026-09-04 07:00:00+00:00,0.015302096652188579,False
4σ прокол 0.2%,币安人生USDT,2026-09-04 07:00:00+00:00,0.015302096652188579,False
6σ,ANTHROPICUSDT,2026-09-04 09:01:00+00:00,0.010929092815438367,True
6σ стоп 5D,ANTHROPICUSDT,2026-09-04 09:01:00+00:00,0.010929092815438367,True
6σ прокол 0.2%,ANTHROPICUSDT,2026-09-04 09:01:00+00:00,0.010929092815438367,True
4σ прокол 0.2%,ANTHROPICUSDT,2026-09-04 09:01:00+00:00,0.004930606250109355,True
4σ,ANTHROPICUSDT,2026-09-04 09:01:00+00:00,0.004930606250109355,True
4σ,BOMEUSDT,2026-09-04 12:30:00+00:00,0.0007009962231077366,True
4σ прокол 0.2%,ROBOUSDT,2026-09-04 12:30:00+00:00,0.022254986816482927,True
6σ прокол 0.2%,BOMEUSDT,2026-09-04 12:30:00+00:00,0.0375643640723748,True
6σ прокол 0.2%,PAXGUSDT,2026-09-04 12:30:00+00:00,0.0015370900473703768,True
4σ,ONDOUSDT,2026-09-04 12:30:00+00:00,0.0016167450012478939,True
4σ,ROBOUSDT,2026-09-04 12:30:00+00:00,0.022254986816482927,True
4σ прокол 0.2%,PENGUUSDT,2026-09-04 12:30:00+00:00,-0.02083719509382195,True
4σ,PNUTUSDT,2026-09-04 12:30:00+00:00,0.012571879384519119,True
4σ прокол 0.2%,SANDUSDT,2026-09-04 12:30:00+00:00,0.008987835664744176,True
4σ прокол 0.2%,币安人生USDT,2026-09-04 12:30:00+00:00,0.018751466672338915,False
4σ,币安人生USDT,2026-09-04 12:30:00+00:00,0.018751466672338915,False
6σ,PENGUUSDT,2026-09-04 12:30:00+00:00,0.0011333877441069011,True
4σ,PAXGUSDT,2026-09-04 12:30:00+00:00,-0.003478468410932661,True
6σ стоп 5D,PENGUUSDT,2026-09-04 12:30:00+00:00,0.0011333877441069011,True
4σ прокол 0.2%,1000SHIBUSDT,2026-09-04 12:30:00+00:00,0.004896076020209945,False
4σ прокол 0.2%,PAXGUSDT,2026-09-04 12:30:00+00:00,-0.003478468410932661,True
4σ,1000SHIBUSDT,2026-09-04 12:30:00+00:00,0.004896076020209945,False
6σ,ROBOUSDT,2026-09-04 12:30:00+00:00,0.034370198615975636,True
6σ стоп 5D,ROBOUSDT,2026-09-04 12:30:00+00:00,0.034370198615975636,True
6σ стоп 5D,PAXGUSDT,2026-09-04 12:30:00+00:00,0.0015370900473703768,True
4σ,EIGENUSDT,2026-09-04 12:30:00+00:00,0.006442401287906103,True
6σ прокол 0.2%,PENGUUSDT,2026-09-04 12:30:00+00:00,0.0011333877441069011,True
6σ,PAXGUSDT,2026-09-04 12:30:00+00:00,0.0015370900473703768,True
4σ прокол 0.2%,EIGENUSDT,2026-09-04 12:30:00+00:00,0.006442401287906103,True
4σ,SANDUSDT,2026-09-04 12:30:00+00:00,0.008987835664744176,True
6σ прокол 0.2%,ROBOUSDT,2026-09-04 12:30:00+00:00,0.034370198615975636,True
4σ,PENGUUSDT,2026-09-04 12:30:00+00:00,-0.02083719509382195,True
4σ прокол 0.2%,BLESSUSDT,2026-09-04 12:30:00+00:00,0.031011579965382688,True
4σ прокол 0.2%,BOMEUSDT,2026-09-04 12:30:00+00:00,0.0007009962231077366,True
4σ прокол 0.2%,ETCUSDT,2026-09-04 12:30:00+00:00,-0.0032103983069628745,True
4σ,BLESSUSDT,2026-09-04 12:30:00+00:00,0.031011579965382688,True
4σ,ETCUSDT,2026-09-04 12:30:00+00:00,-0.0032103983069628745,True
4σ прокол 0.2%,NEIROUSDT,2026-09-04 12:30:00+00:00,0.0005134312097909993,False
4σ,ICPUSDT,2026-09-04 12:30:00+00:00,-0.009520515628417797,True
6σ стоп 5D,XAUTUSDT,2026-09-04 12:30:00+00:00,0.001424866783403617,True
4σ,ALICEUSDT,2026-09-04 12:30:00+00:00,0.013819125274265164,True
6σ прокол 0.2%,XAUTUSDT,2026-09-04 12:30:00+00:00,0.001424866783403617,True
4σ,XAUTUSDT,2026-09-04 12:30:00+00:00,-0.0034075197654626905,True
4σ прокол 0.2%,XAUTUSDT,2026-09-04 12:30:00+00:00,-0.0034075197654626905,True
4σ,XPDUSDT,2026-09-04 12:30:00+00:00,0.00898013406598559,False
6σ,1000BONKUSDT,2026-09-04 12:30:00+00:00,0.03778583100974116,True
6σ стоп 5D,1000BONKUSDT,2026-09-04 12:30:00+00:00,0.03778583100974116,True
6σ прокол 0.2%,1000BONKUSDT,2026-09-04 12:30:00+00:00,0.03778583100974116,True
4σ,1000BONKUSDT,2026-09-04 12:30:00+00:00,0.013944797755055333,True
4σ прокол 0.2%,LABUSDT,2026-09-04 12:30:00+00:00,0.019788368928293346,True
4σ прокол 0.2%,1000BONKUSDT,2026-09-04 12:30:00+00:00,0.013944797755055333,True
4σ,LABUSDT,2026-09-04 12:30:00+00:00,0.019788368928293346,True
4σ прокол 0.2%,ONEUSDT,2026-09-04 12:30:00+00:00,0.012305683937607847,True
4σ прокол 0.2%,GIGGLEUSDT,2026-09-04 12:30:00+00:00,0.01842398884365966,True
4σ прокол 0.2%,TIAUSDT,2026-09-04 12:30:00+00:00,0.007622453325757866,True
4σ,METUSDT,2026-09-04 12:30:00+00:00,0.008046002922376366,True
4σ,GIGGLEUSDT,2026-09-04 12:30:00+00:00,0.01842398884365966,True
6σ,ALGOUSDT,2026-09-04 12:30:00+00:00,0.02571928909999173,True
6σ,XAUTUSDT,2026-09-04 12:30:00+00:00,0.001424866783403617,True
6σ стоп 5D,ALGOUSDT,2026-09-04 12:30:00+00:00,0.02571928909999173,True
4σ прокол 0.2%,ICPUSDT,2026-09-04 12:30:00+00:00,-0.009520515628417797,True
4σ прокол 0.2%,ALICEUSDT,2026-09-04 12:30:00+00:00,0.013819125274265164,True
4σ,TQQQUSDT,2026-09-04 12:30:00+00:00,0.009252251991593363,True
4σ прокол 0.2%,SEIUSDT,2026-09-04 12:30:00+00:00,-0.004050257066493617,True
4σ,AAVEUSDT,2026-09-04 12:30:00+00:00,1.729686387055905e-05,True
4σ,SEIUSDT,2026-09-04 12:30:00+00:00,-0.004050257066493617,True
6σ прокол 0.2%,SEIUSDT,2026-09-04 12:30:00+00:00,0.021127518808211135,True
6σ стоп 5D,SEIUSDT,2026-09-04 12:30:00+00:00,0.021127518808211135,True
4σ,COPPERUSDT,2026-09-04 12:30:00+00:00,0.0035570062643348168,False
4σ,NEARUSDT,2026-09-04 12:30:00+00:00,0.015435231755522668,True
6σ,SEIUSDT,2026-09-04 12:30:00+00:00,0.021127518808211135,True
4σ прокол 0.2%,AAVEUSDT,2026-09-04 12:30:00+00:00,1.729686387055905e-05,True
4σ прокол 0.2%,NEARUSDT,2026-09-04 12:30:00+00:00,0.015435231755522668,True
4σ прокол 0.2%,SPKUSDT,2026-09-04 12:30:00+00:00,0.027292187466439313,True
4σ,SPKUSDT,2026-09-04 12:30:00+00:00,0.027292187466439313,True
4σ прокол 0.2%,VIRTUALUSDT,2026-09-04 12:30:00+00:00,0.005924191327309176,True
4σ,VIRTUALUSDT,2026-09-04 12:30:00+00:00,0.005924191327309176,True
4σ прокол 0.2%,RIVERUSDT,2026-09-04 12:30:00+00:00,0.011851626789354502,True
4σ,RIVERUSDT,2026-09-04 12:30:00+00:00,0.011851626789354502,True
6σ прокол 0.2%,RIVERUSDT,2026-09-04 12:30:00+00:00,0.03446053388719812,True
6σ стоп 5D,RIVERUSDT,2026-09-04 12:30:00+00:00,0.03446053388719812,True
6σ,RIVERUSDT,2026-09-04 12:30:00+00:00,0.03446053388719812,True
6σ прокол 0.2%,ALGOUSDT,2026-09-04 12:30:00+00:00,0.02571928909999173,True
4σ,TIAUSDT,2026-09-04 12:30:00+00:00,0.007622453325757866,True
4σ,ALGOUSDT,2026-09-04 12:30:00+00:00,0.016714841078639034,True
4σ,ONEUSDT,2026-09-04 12:30:00+00:00,0.012305683937607847,True
4σ прокол 0.2%,RENDERUSDT,2026-09-04 12:30:00+00:00,-0.0008208830076181499,True
4σ,XPTUSDT,2026-09-04 12:30:00+00:00,0.007472534238785978,False
4σ,RENDERUSDT,2026-09-04 12:30:00+00:00,-0.0008208830076181499,True
6σ стоп 5D,GALAUSDT,2026-09-04 12:30:00+00:00,0.021923044664326184,True
6σ,GALAUSDT,2026-09-04 12:30:00+00:00,0.021923044664326184,True
4σ,LTCUSDT,2026-09-04 12:30:00+00:00,0.0013298286242948991,True
4σ прокол 0.2%,LTCUSDT,2026-09-04 12:30:00+00:00,0.0013298286242948991,True
4σ прокол 0.2%,FILUSDT,2026-09-04 12:30:00+00:00,0.003992482768936407,True
4σ,FILUSDT,2026-09-04 12:30:00+00:00,0.003992482768936407,True
6σ прокол 0.2%,FILUSDT,2026-09-04 12:30:00+00:00,0.024555989843905127,True
6σ стоп 5D,FILUSDT,2026-09-04 12:30:00+00:00,0.024555989843905127,True
6σ,FILUSDT,2026-09-04 12:30:00+00:00,0.024555989843905127,True
4σ,BCHUSDT,2026-09-04 12:30:00+00:00,-0.0022037611176363987,True
6σ,ICPUSDT,2026-09-04 12:30:00+00:00,0.007887619194553191,True
6σ стоп 5D,ICPUSDT,2026-09-04 12:30:00+00:00,0.007887619194553191,True
6σ прокол 0.2%,ICPUSDT,2026-09-04 12:30:00+00:00,0.007887619194553191,True
6σ,BOMEUSDT,2026-09-04 12:30:00+00:00,0.0375643640723748,True
4σ,NEIROUSDT,2026-09-04 12:30:00+00:00,0.0005134312097909993,False
4σ,GALAUSDT,2026-09-04 12:30:00+00:00,0.004369718160081055,True
4σ прокол 0.2%,GALAUSDT,2026-09-04 12:30:00+00:00,0.004369718160081055,True
4σ прокол 0.2%,XPTUSDT,2026-09-04 12:30:00+00:00,0.007472534238785978,False
4σ прокол 0.2%,BASEDUSDT,2026-09-04 12:30:00+00:00,-0.001041238556326845,True
6σ прокол 0.2%,ASTERUSDT,2026-09-04 12:30:00+00:00,0.028002893026477918,True
6σ стоп 5D,ASTERUSDT,2026-09-04 12:30:00+00:00,0.028002893026477918,True
4σ,ASTERUSDT,2026-09-04 12:30:00+00:00,-0.0005708903155252347,True
6σ стоп 5D,BOMEUSDT,2026-09-04 12:30:00+00:00,0.0375643640723748,True
6σ стоп 5D,GIGGLEUSDT,2026-09-04 12:30:00+00:00,0.02837769426120902,True
4σ,BASEDUSDT,2026-09-04 12:30:00+00:00,-0.001041238556326845,True
4σ,AVAXUSDT,2026-09-04 12:30:00+00:00,0.00390848154129378,True
4σ прокол 0.2%,ALGOUSDT,2026-09-04 12:30:00+00:00,0.016714841078639034,True
4σ прокол 0.2%,ASTERUSDT,2026-09-04 12:30:00+00:00,-0.0005708903155252347,True
6σ,GIGGLEUSDT,2026-09-04 12:30:00+00:00,0.02837769426120902,True
6σ,ASTERUSDT,2026-09-04 12:30:00+00:00,0.028002893026477918,True
4σ прокол 0.2%,ESPORTSUSDT,2026-09-04 12:31:00+00:00,0.016167869455123232,True
4σ прокол 0.2%,REUSDT,2026-09-04 12:31:00+00:00,0.023347528457165992,True
6σ прокол 0.2%,REUSDT,2026-09-04 12:31:00+00:00,0.03608778745671622,True
4σ,ESPORTSUSDT,2026-09-04 12:31:00+00:00,0.016167869455123232,True
4σ,REUSDT,2026-09-04 12:31:00+00:00,0.023347528457165992,True
4σ,我踏马来了USDT,2026-09-04 12:31:00+00:00,0.03431496539477004,False
6σ стоп 5D,JTOUSDT,2026-09-04 12:31:00+00:00,0.039054232184973794,True
6σ,JTOUSDT,2026-09-04 12:31:00+00:00,0.039054232184973794,True
4σ,JTOUSDT,2026-09-04 12:31:00+00:00,0.02522871396895994,True
6σ стоп 5D,REUSDT,2026-09-04 12:31:00+00:00,0.03608778745671622,True
4σ прокол 0.2%,JTOUSDT,2026-09-04 12:31:00+00:00,0.02522871396895994,True
6σ,REUSDT,2026-09-04 12:31:00+00:00,0.03608778745671622,True
6σ прокол 0.2%,JTOUSDT,2026-09-04 12:31:00+00:00,0.039054232184973794,True
4σ,JCTUSDT,2026-09-04 12:31:00+00:00,0.02566218591042886,True
4σ прокол 0.2%,ROBOUSDT,2026-09-05 03:04:00+00:00,-0.10491050959184864,True
4σ,ROBOUSDT,2026-09-05 03:04:00+00:00,-0.10491050959184864,True
6σ прокол 0.2%,ROBOUSDT,2026-09-05 03:04:00+00:00,-0.07039067499301574,True
6σ стоп 5D,ROBOUSDT,2026-09-05 03:04:00+00:00,-0.07039067499301574,True
6σ,ROBOUSDT,2026-09-05 03:04:00+00:00,-0.07039067499301574,True
4σ прокол 0.2%,XPINUSDT,2026-09-05 05:22:00+00:00,-0.013613065678453523,True
6σ прокол 0.2%,XPINUSDT,2026-09-05 05:22:00+00:00,0.013329697811611557,True
6σ стоп 5D,XPINUSDT,2026-09-05 05:22:00+00:00,0.013329697811611557,True
6σ,XPINUSDT,2026-09-05 05:22:00+00:00,0.013329697811611557,True
4σ,XPINUSDT,2026-09-05 05:22:00+00:00,-0.013613065678453523,True
4σ,COLLECTUSDT,2026-09-05 09:45:00+00:00,0.03315213094227239,False
4σ прокол 0.2%,COLLECTUSDT,2026-09-05 09:45:00+00:00,0.03315213094227239,False
4σ прокол 0.2%,ASTERUSDT,2026-09-05 13:42:00+00:00,0.03136281456266894,True
4σ,ASTERUSDT,2026-09-05 13:42:00+00:00,0.03136281456266894,True
6σ,INXUSDT,2026-09-06 02:11:00+00:00,0.028395558714070693,True
6σ прокол 0.2%,INXUSDT,2026-09-06 02:11:00+00:00,0.028395558714070693,True
6σ стоп 5D,INXUSDT,2026-09-06 02:11:00+00:00,0.028395558714070693,True
4σ прокол 0.2%,INXUSDT,2026-09-06 02:11:00+00:00,0.007183301749487587,True
4σ,INXUSDT,2026-09-06 02:11:00+00:00,0.007183301749487587,True
4σ,AXTIUSDT,2026-09-06 05:12:00+00:00,0.005061118418709888,True
4σ,GWEIUSDT,2026-09-06 05:39:00+00:00,0.02561269897566172,True
4σ прокол 0.2%,GWEIUSDT,2026-09-06 05:39:00+00:00,0.02561269897566172,True
4σ,BABAUSDT,2026-09-06 08:29:00+00:00,0.0020265714769153844,True
4σ,COPPERUSDT,2026-09-06 22:00:00+00:00,-0.0019452103600005872,False
4σ,XPDUSDT,2026-09-06 22:00:00+00:00,0.0002843423681746788,False
4σ,QQQUSDT,2026-09-06 22:00:00+00:00,0.0008121602446197865,True
4σ,SPYUSDT,2026-09-06 22:00:00+00:00,-0.0001603408906442887,True
6σ прокол 0.2%,HK1810USDT,2026-09-07 01:30:00+00:00,-0.01817684795730831,False
4σ,HK1810USDT,2026-09-07 01:30:00+00:00,-0.02449056739469088,False
6σ,HK1810USDT,2026-09-07 01:30:00+00:00,-0.01817684795730831,False
6σ стоп 5D,HK1810USDT,2026-09-07 01:30:00+00:00,-0.01817684795730831,False
4σ прокол 0.2%,HK1810USDT,2026-09-07 01:30:00+00:00,-0.02449056739469088,False
4σ,BTWUSDT,2026-09-07 02:50:00+00:00,0.03228277558350308,True
4σ прокол 0.2%,BLUAIUSDT,2026-09-07 10:26:00+00:00,-0.13608474029506798,True
6σ прокол 0.2%,BLUAIUSDT,2026-09-07 10:26:00+00:00,-0.1237093029175492,True
4σ,BLUAIUSDT,2026-09-07 10:26:00+00:00,-0.13608474029506798,True
6σ,BLUAIUSDT,2026-09-07 10:26:00+00:00,-0.1237093029175492,True
6σ стоп 5D,BLUAIUSDT,2026-09-07 10:26:00+00:00,-0.1237093029175492,True
6σ прокол 0.2%,EULUSDT,2026-09-07 15:51:00+00:00,0.027397613751541663,True
4σ прокол 0.2%,EULUSDT,2026-09-07 15:51:00+00:00,0.017794565498295348,True
6σ стоп 5D,EULUSDT,2026-09-07 15:51:00+00:00,0.027397613751541663,True
4σ,EULUSDT,2026-09-07 15:51:00+00:00,0.017794565498295348,True
6σ,EULUSDT,2026-09-07 15:51:00+00:00,0.027397613751541663,True
4σ прокол 0.2%,BEUSDT,2026-09-07 22:01:00+00:00,0.007739670452501191,True
4σ,BEUSDT,2026-09-07 22:01:00+00:00,0.007739670452501191,True
4σ прокол 0.2%,CBRSUSDT,2026-09-08 00:00:00+00:00,0.006692552591265511,True
6σ стоп 5D,CRWVUSDT,2026-09-08 00:00:00+00:00,0.009217058297591629,True
4σ,CRWVUSDT,2026-09-08 00:00:00+00:00,0.005970528369914475,True
4σ прокол 0.2%,CRWVUSDT,2026-09-08 00:00:00+00:00,0.005970528369914475,True
6σ,CRWVUSDT,2026-09-08 00:00:00+00:00,0.009217058297591629,True
6σ прокол 0.2%,CRWVUSDT,2026-09-08 00:00:00+00:00,0.009217058297591629,True
4σ,CBRSUSDT,2026-09-08 00:00:00+00:00,0.006692552591265511,True
4σ,TSMUSDT,2026-09-08 00:00:00+00:00,0.004186004021287283,True
4σ,ORCLUSDT,2026-09-08 00:00:00+00:00,0.00500468881814249,True
4σ прокол 0.2%,ORCLUSDT,2026-09-08 00:00:00+00:00,0.00500468881814249,True
4σ прокол 0.2%,币安人生USDT,2026-09-08 06:04:00+00:00,-0.010701972327576498,False
6σ,币安人生USDT,2026-09-08 06:04:00+00:00,0.005063635183059329,False
6σ прокол 0.2%,币安人生USDT,2026-09-08 06:04:00+00:00,0.005063635183059329,False
6σ стоп 5D,币安人生USDT,2026-09-08 06:04:00+00:00,0.005063635183059329,False
4σ,币安人生USDT,2026-09-08 06:04:00+00:00,-0.010701972327576498,False
4σ прокол 0.2%,XANUSDT,2026-09-08 06:43:00+00:00,-0.23259212177468255,True
4σ,XANUSDT,2026-09-08 06:43:00+00:00,-0.23259212177468255,True
4σ,NOMUSDT,2026-09-08 10:20:00+00:00,0.025823627732389956,True
4σ прокол 0.2%,NOMUSDT,2026-09-08 10:20:00+00:00,0.025823627732389956,True
4σ прокол 0.2%,HOODUSDT,2026-09-08 13:30:00+00:00,0.013689198517400091,True
4σ,HOODUSDT,2026-09-08 13:30:00+00:00,0.013689198517400091,True
4σ прокол 0.2%,ROBOUSDT,2026-09-08 14:03:00+00:00,-0.01319559531749756,True
4σ,ROBOUSDT,2026-09-08 14:03:00+00:00,-0.01319559531749756,True
6σ,ROBOUSDT,2026-09-08 14:03:00+00:00,0.00695795307781369,True
6σ прокол 0.2%,ROBOUSDT,2026-09-08 14:03:00+00:00,0.00695795307781369,True
6σ стоп 5D,ROBOUSDT,2026-09-08 14:03:00+00:00,0.00695795307781369,True
6σ стоп 5D,LABUSDT,2026-09-09 03:01:00+00:00,0.0269396647668025,True
6σ,LABUSDT,2026-09-09 03:01:00+00:00,0.0269396647668025,True
4σ прокол 0.2%,LABUSDT,2026-09-09 03:01:00+00:00,0.017500186446723867,True
4σ,LABUSDT,2026-09-09 03:01:00+00:00,0.017500186446723867,True
6σ,BANKUSDT,2026-09-09 03:02:00+00:00,0.016426774389942625,True
6σ стоп 5D,BANKUSDT,2026-09-09 03:02:00+00:00,0.016426774389942625,True
4σ,BANKUSDT,2026-09-09 03:02:00+00:00,0.010693405439596359,True
4σ прокол 0.2%,BANKUSDT,2026-09-09 03:02:00+00:00,0.010693405439596359,True
4σ прокол 0.2%,AMZNUSDT,2026-09-09 10:49:00+00:00,0.0058827657806614485,True
4σ,AMZNUSDT,2026-09-09 10:49:00+00:00,0.0058827657806614485,True
4σ,BULLAUSDT,2026-09-09 12:48:00+00:00,-0.1186130135747134,False
4σ прокол 0.2%,BULLAUSDT,2026-09-09 12:48:00+00:00,-0.1186130135747134,False
4σ прокол 0.2%,KOMAUSDT,2026-09-09 16:16:00+00:00,0.005567784760962786,True
4σ,KOMAUSDT,2026-09-09 16:16:00+00:00,0.005567784760962786,True
4σ прокол 0.2%,MELANIAUSDT,2026-09-09 21:28:00+00:00,-0.024222699306423814,True
4σ,MELANIAUSDT,2026-09-09 21:28:00+00:00,-0.024222699306423814,True
6σ прокол 0.2%,BEATUSDT,2026-09-09 22:07:00+00:00,-0.17030404711246602,True
6σ стоп 5D,BEATUSDT,2026-09-09 22:07:00+00:00,-0.17030404711246602,True
6σ,BEATUSDT,2026-09-09 22:07:00+00:00,-0.17030404711246602,True
4σ,BEATUSDT,2026-09-09 22:07:00+00:00,-0.1882619166855702,True
4σ прокол 0.2%,BEATUSDT,2026-09-09 22:07:00+00:00,-0.1882619166855702,True
4σ,CLOUSDT,2026-09-09 22:08:00+00:00,-0.04457695455693575,True
4σ прокол 0.2%,CLOUSDT,2026-09-09 22:08:00+00:00,-0.04457695455693575,True
6σ,DODOXUSDT,2026-09-09 22:08:00+00:00,0.03274188391829132,False
6σ стоп 5D,CLOUSDT,2026-09-09 22:08:00+00:00,-0.017496143859419413,True
6σ,CLOUSDT,2026-09-09 22:08:00+00:00,-0.017496143859419413,True
6σ прокол 0.2%,MOVRUSDT,2026-09-09 22:08:00+00:00,0.02967745520834345,True
6σ,SLXUSDT,2026-09-09 22:08:00+00:00,0.02693115693323063,True
6σ стоп 5D,SLXUSDT,2026-09-09 22:08:00+00:00,0.02693115693323063,True
6σ прокол 0.2%,SLXUSDT,2026-09-09 22:08:00+00:00,0.02693115693323063,True
6σ прокол 0.2%,BLUAIUSDT,2026-09-09 22:08:00+00:00,-0.013515363705019795,True
4σ,SLXUSDT,2026-09-09 22:08:00+00:00,0.01749471576557733,True
4σ прокол 0.2%,SLXUSDT,2026-09-09 22:08:00+00:00,0.01749471576557733,True
6σ прокол 0.2%,CLOUSDT,2026-09-09 22:08:00+00:00,-0.017496143859419413,True
6σ стоп 5D,0GUSDT,2026-09-09 22:08:00+00:00,0.0347958913111079,True
4σ,PRLUSDT,2026-09-09 22:08:00+00:00,0.023481020871129313,True
6σ,0GUSDT,2026-09-09 22:08:00+00:00,0.0347958913111079,True
6σ стоп 5D,DODOXUSDT,2026-09-09 22:08:00+00:00,0.03274188391829132,False
4σ прокол 0.2%,COLLECTUSDT,2026-09-09 22:08:00+00:00,0.06770394372674099,False
6σ стоп 5D,MOVRUSDT,2026-09-09 22:08:00+00:00,0.02967745520834345,True
6σ,NILUSDT,2026-09-09 22:08:00+00:00,0.0013549400187984621,True
6σ прокол 0.2%,DODOXUSDT,2026-09-09 22:08:00+00:00,0.03274188391829132,False
6σ стоп 5D,NILUSDT,2026-09-09 22:08:00+00:00,0.0013549400187984621,True
4σ,COLLECTUSDT,2026-09-09 22:08:00+00:00,0.06770394372674099,False
6σ прокол 0.2%,NILUSDT,2026-09-09 22:08:00+00:00,0.0013549400187984621,True
4σ прокол 0.2%,MOVRUSDT,2026-09-09 22:08:00+00:00,0.0050586917662179,True
6σ,PRLUSDT,2026-09-09 22:08:00+00:00,0.03629791498026465,True
6σ прокол 0.2%,ONGUSDT,2026-09-09 22:08:00+00:00,0.04061326995405552,True
6σ стоп 5D,PRLUSDT,2026-09-09 22:08:00+00:00,0.03629791498026465,True
6σ стоп 5D,ONGUSDT,2026-09-09 22:08:00+00:00,0.04061326995405552,True
6σ,ONGUSDT,2026-09-09 22:08:00+00:00,0.04061326995405552,True
4σ,MOVRUSDT,2026-09-09 22:08:00+00:00,0.0050586917662179,True
6σ прокол 0.2%,PRLUSDT,2026-09-09 22:08:00+00:00,0.03629791498026465,True
4σ,BLUAIUSDT,2026-09-09 22:08:00+00:00,-0.04162093862220381,True
4σ прокол 0.2%,PRLUSDT,2026-09-09 22:08:00+00:00,0.023481020871129313,True
4σ,ENSOUSDT,2026-09-09 22:08:00+00:00,0.01440131065630541,True
4σ прокол 0.2%,ENSOUSDT,2026-09-09 22:08:00+00:00,0.01440131065630541,True
6σ стоп 5D,AIOUSDT,2026-09-09 22:08:00+00:00,-0.020074443302907943,True
4σ прокол 0.2%,GWEIUSDT,2026-09-09 22:08:00+00:00,-0.002825530353780275,True
6σ прокол 0.2%,0GUSDT,2026-09-09 22:08:00+00:00,0.0347958913111079,True
4σ прокол 0.2%,ESPORTSUSDT,2026-09-09 22:08:00+00:00,-0.012786109468714807,True
4σ прокол 0.2%,RIVERUSDT,2026-09-09 22:08:00+00:00,-0.018978976556812768,True
4σ,BICOUSDT,2026-09-09 22:08:00+00:00,8.093315563464996e-05,True
4σ,RIVERUSDT,2026-09-09 22:08:00+00:00,-0.018978976556812768,True
6σ стоп 5D,TSTUSDT,2026-09-09 22:08:00+00:00,0.01093676783103617,False
6σ прокол 0.2%,RIVERUSDT,2026-09-09 22:08:00+00:00,0.009867790721843211,True
6σ прокол 0.2%,BICOUSDT,2026-09-09 22:08:00+00:00,0.038009271598967456,True
6σ стоп 5D,RIVERUSDT,2026-09-09 22:08:00+00:00,0.009867790721843211,True
6σ стоп 5D,BICOUSDT,2026-09-09 22:08:00+00:00,0.038009271598967456,True
6σ,RIVERUSDT,2026-09-09 22:08:00+00:00,0.009867790721843211,True
6σ,BICOUSDT,2026-09-09 22:08:00+00:00,0.038009271598967456,True
6σ,VELVETUSDT,2026-09-09 22:08:00+00:00,-0.050540365690047245,True
6σ стоп 5D,VELVETUSDT,2026-09-09 22:08:00+00:00,-0.050540365690047245,True
6σ прокол 0.2%,VELVETUSDT,2026-09-09 22:08:00+00:00,-0.050540365690047245,True
4σ прокол 0.2%,VELVETUSDT,2026-09-09 22:08:00+00:00,-0.0813610627121619,True
4σ прокол 0.2%,BICOUSDT,2026-09-09 22:08:00+00:00,8.093315563464996e-05,True
6σ,BLESSUSDT,2026-09-09 22:08:00+00:00,0.006672903697109407,True
6σ,TSTUSDT,2026-09-09 22:08:00+00:00,0.01093676783103617,False
4σ,ACUUSDT,2026-09-09 22:08:00+00:00,0.03261824168883361,True
6σ прокол 0.2%,AIOUSDT,2026-09-09 22:08:00+00:00,-0.020074443302907943,True
4σ,AIOUSDT,2026-09-09 22:08:00+00:00,-0.0537630252080947,True
6σ,ESPORTSUSDT,2026-09-09 22:08:00+00:00,0.008137511947655912,True
4σ прокол 0.2%,BLESSUSDT,2026-09-09 22:08:00+00:00,-0.018655385423566786,True
4σ прокол 0.2%,MMTUSDT,2026-09-09 22:08:00+00:00,0.01603247389660685,True
4σ прокол 0.2%,AIOUSDT,2026-09-09 22:08:00+00:00,-0.0537630252080947,True
4σ,MMTUSDT,2026-09-09 22:08:00+00:00,0.01603247389660685,True
4σ прокол 0.2%,AVAAIUSDT,2026-09-09 22:08:00+00:00,0.0342030674957234,True
4σ прокол 0.2%,MANTRAUSDT,2026-09-09 22:08:00+00:00,0.007339219219018062,False
6σ прокол 0.2%,ESPORTSUSDT,2026-09-09 22:08:00+00:00,0.008137511947655912,True
4σ,BLESSUSDT,2026-09-09 22:08:00+00:00,-0.018655385423566786,True
4σ,MANTRAUSDT,2026-09-09 22:08:00+00:00,0.007339219219018062,False
6σ прокол 0.2%,BLESSUSDT,2026-09-09 22:08:00+00:00,0.006672903697109407,True
6σ стоп 5D,BLESSUSDT,2026-09-09 22:08:00+00:00,0.006672903697109407,True
4σ,ESPORTSUSDT,2026-09-09 22:08:00+00:00,-0.012786109468714807,True
4σ прокол 0.2%,ACUUSDT,2026-09-09 22:08:00+00:00,0.03261824168883361,True
6σ стоп 5D,ESPORTSUSDT,2026-09-09 22:08:00+00:00,-0.29944985723576395,True
6σ,MOVRUSDT,2026-09-09 22:08:00+00:00,0.02967745520834345,True
4σ,KAITOUSDT,2026-09-09 22:08:00+00:00,0.005608923112584902,True
4σ прокол 0.2%,JASMYUSDT,2026-09-09 22:08:00+00:00,0.018416929010075925,True
4σ,0GUSDT,2026-09-09 22:08:00+00:00,0.022525993686088833,True
4σ прокол 0.2%,LAUSDT,2026-09-09 22:08:00+00:00,0.019072595808535334,True
4σ,INXUSDT,2026-09-09 22:08:00+00:00,-0.006223463927293864,True
4σ,LAUSDT,2026-09-09 22:08:00+00:00,0.019072595808535334,True
6σ прокол 0.2%,INXUSDT,2026-09-09 22:08:00+00:00,0.01990092838689431,True
6σ прокол 0.2%,LAUSDT,2026-09-09 22:08:00+00:00,0.029388962131954258,True
6σ стоп 5D,LAUSDT,2026-09-09 22:08:00+00:00,0.029388962131954258,True
6σ стоп 5D,INXUSDT,2026-09-09 22:08:00+00:00,0.01990092838689431,True
6σ,LAUSDT,2026-09-09 22:08:00+00:00,0.029388962131954258,True
6σ,AIOUSDT,2026-09-09 22:08:00+00:00,-0.020074443302907943,True
4σ,GWEIUSDT,2026-09-09 22:08:00+00:00,-0.002825530353780275,True
6σ прокол 0.2%,GWEIUSDT,2026-09-09 22:08:00+00:00,0.025400241272867805,True
6σ стоп 5D,GWEIUSDT,2026-09-09 22:08:00+00:00,0.025400241272867805,True
6σ,GWEIUSDT,2026-09-09 22:08:00+00:00,0.025400241272867805,True
6σ,INXUSDT,2026-09-09 22:08:00+00:00,0.01990092838689431,True
4σ прокол 0.2%,INXUSDT,2026-09-09 22:08:00+00:00,-0.006223463927293864,True
4σ,GIGGLEUSDT,2026-09-09 22:08:00+00:00,0.021442375355161317,True
4σ прокол 0.2%,0GUSDT,2026-09-09 22:08:00+00:00,0.022525993686088833,True
6σ,LABUSDT,2026-09-09 22:08:00+00:00,-0.09707083885069565,True
4σ прокол 0.2%,KAITOUSDT,2026-09-09 22:08:00+00:00,0.005608923112584902,True
4σ прокол 0.2%,BTWUSDT,2026-09-09 22:08:00+00:00,0.019311984973280752,True
4σ,BTWUSDT,2026-09-09 22:08:00+00:00,0.019311984973280752,True
4σ,JASMYUSDT,2026-09-09 22:08:00+00:00,0.018416929010075925,True
6σ прокол 0.2%,BTWUSDT,2026-09-09 22:08:00+00:00,0.029762541015168245,True
6σ стоп 5D,BTWUSDT,2026-09-09 22:08:00+00:00,0.029762541015168245,True
6σ,BTWUSDT,2026-09-09 22:08:00+00:00,0.029762541015168245,True
6σ прокол 0.2%,TSTUSDT,2026-09-09 22:08:00+00:00,0.01093676783103617,False
4σ прокол 0.2%,LABUSDT,2026-09-09 22:08:00+00:00,-0.11963275108258639,True
4σ,LABUSDT,2026-09-09 22:08:00+00:00,-0.11963275108258639,True
4σ прокол 0.2%,LIGHTUSDT,2026-09-09 22:08:00+00:00,0.015051422972369749,True
6σ прокол 0.2%,LABUSDT,2026-09-09 22:08:00+00:00,-0.09707083885069565,True
6σ стоп 5D,LABUSDT,2026-09-09 22:08:00+00:00,-0.3574401544472691,True
4σ прокол 0.2%,GIGGLEUSDT,2026-09-09 22:08:00+00:00,0.021442375355161317,True
4σ,LIGHTUSDT,2026-09-09 22:08:00+00:00,0.015051422972369749,True
4σ прокол 0.2%,BLUAIUSDT,2026-09-09 22:08:00+00:00,-0.04162093862220381,True
4σ,AVAAIUSDT,2026-09-09 22:08:00+00:00,0.0342030674957234,True
4σ,VELVETUSDT,2026-09-09 22:08:00+00:00,-0.0813610627121619,True
4σ,AXSUSDT,2026-09-09 22:08:00+00:00,0.014216769201694523,True
6σ стоп 5D,ZBTUSDT,2026-09-09 22:08:00+00:00,0.021769229603019816,True
4σ прокол 0.2%,BASEDUSDT,2026-09-09 22:08:00+00:00,0.019065688450240884,True
6σ,GUAUSDT,2026-09-09 22:08:00+00:00,0.026852955787042457,False
4σ прокол 0.2%,TREEUSDT,2026-09-09 22:08:00+00:00,0.023257322226794844,True
4σ,ONEUSDT,2026-09-09 22:08:00+00:00,0.019969023944223355,True
6σ,BERAUSDT,2026-09-09 22:08:00+00:00,0.03075012324866551,True
6σ стоп 5D,BERAUSDT,2026-09-09 22:08:00+00:00,0.03075012324866551,True
6σ прокол 0.2%,BERAUSDT,2026-09-09 22:08:00+00:00,0.03075012324866551,True
4σ,BSBUSDT,2026-09-09 22:08:00+00:00,-0.01668232115680487,True
4σ,SANDUSDT,2026-09-09 22:08:00+00:00,0.01674303456599731,True
6σ прокол 0.2%,BANKUSDT,2026-09-09 22:08:00+00:00,-0.029821901037213352,True
6σ стоп 5D,BANKUSDT,2026-09-09 22:08:00+00:00,-0.029821901037213352,True
4σ прокол 0.2%,SANDUSDT,2026-09-09 22:08:00+00:00,0.01674303456599731,True
4σ,BERAUSDT,2026-09-09 22:08:00+00:00,0.01994426459932859,True
4σ прокол 0.2%,BERAUSDT,2026-09-09 22:08:00+00:00,0.01994426459932859,True
4σ прокол 0.2%,ONEUSDT,2026-09-09 22:08:00+00:00,0.019969023944223355,True
4σ,BASEDUSDT,2026-09-09 22:08:00+00:00,0.019065688450240884,True
6σ стоп 5D,GUAUSDT,2026-09-09 22:08:00+00:00,0.026852955787042457,False
4σ,BANKUSDT,2026-09-09 22:08:00+00:00,-0.04630573026303472,True
6σ прокол 0.2%,BSBUSDT,2026-09-09 22:08:00+00:00,0.0008409547820522894,True
6σ прокол 0.2%,MUBARAKUSDT,2026-09-09 22:08:00+00:00,0.03860960515990115,True
4σ,MUBARAKUSDT,2026-09-09 22:08:00+00:00,0.024947213577557872,True
4σ прокол 0.2%,MUBARAKUSDT,2026-09-09 22:08:00+00:00,0.024947213577557872,True
6σ,SANDUSDT,2026-09-09 22:08:00+00:00,0.025763066197166798,True
4σ прокол 0.2%,BANKUSDT,2026-09-09 22:08:00+00:00,-0.04630573026303472,True
6σ,BSBUSDT,2026-09-09 22:08:00+00:00,0.0008409547820522894,True
4σ прокол 0.2%,GUAUSDT,2026-09-09 22:08:00+00:00,0.009166506480246889,False
4σ прокол 0.2%,XPINUSDT,2026-09-09 22:08:00+00:00,-0.006602766053996094,True
6σ стоп 5D,SANDUSDT,2026-09-09 22:08:00+00:00,0.025763066197166798,True
4σ,GUAUSDT,2026-09-09 22:08:00+00:00,0.009166506480246889,False
6σ,BASEDUSDT,2026-09-09 22:08:00+00:00,0.029378185558047457,True
6σ стоп 5D,BASEDUSDT,2026-09-09 22:08:00+00:00,0.029378185558047457,True
6σ прокол 0.2%,SANDUSDT,2026-09-09 22:08:00+00:00,0.025763066197166798,True
6σ прокол 0.2%,BASEDUSDT,2026-09-09 22:08:00+00:00,0.029378185558047457,True
4σ,TREEUSDT,2026-09-09 22:08:00+00:00,0.023257322226794844,True
6σ прокол 0.2%,GUAUSDT,2026-09-09 22:08:00+00:00,0.026852955787042457,False
6σ стоп 5D,BSBUSDT,2026-09-09 22:08:00+00:00,0.0008409547820522894,True
6σ стоп 5D,MUBARAKUSDT,2026-09-09 22:08:00+00:00,0.03860960515990115,True
4σ прокол 0.2%,BBUSDT,2026-09-09 22:08:00+00:00,0.0029075698181524616,True
4σ прокол 0.2%,BSBUSDT,2026-09-09 22:08:00+00:00,-0.01668232115680487,True
4σ,ALICEUSDT,2026-09-09 22:08:00+00:00,0.010874765915795753,True
4σ прокол 0.2%,ALICEUSDT,2026-09-09 22:08:00+00:00,0.010874765915795753,True
4σ прокол 0.2%,TRIAUSDT,2026-09-09 22:08:00+00:00,-0.03913568319240565,True
6σ,ZBTUSDT,2026-09-09 22:08:00+00:00,0.021769229603019816,True
4σ,TACUSDT,2026-09-09 22:08:00+00:00,0.0007675333252677169,True
6σ,BBUSDT,2026-09-09 22:08:00+00:00,0.027497238075498785,True
4σ,LUNA2USDT,2026-09-09 22:08:00+00:00,0.01593554705539786,True
4σ,TRIAUSDT,2026-09-09 22:08:00+00:00,-0.03913568319240565,True
4σ прокол 0.2%,TACUSDT,2026-09-09 22:08:00+00:00,0.0007675333252677169,True
4σ прокол 0.2%,LUNA2USDT,2026-09-09 22:08:00+00:00,0.01593554705539786,True
4σ,ZBTUSDT,2026-09-09 22:08:00+00:00,0.01416423449631905,True
4σ прокол 0.2%,ZBTUSDT,2026-09-09 22:08:00+00:00,0.01416423449631905,True
6σ прокол 0.2%,TRIAUSDT,2026-09-09 22:08:00+00:00,-0.00581652192449597,True
6σ стоп 5D,TRIAUSDT,2026-09-09 22:08:00+00:00,-0.00581652192449597,True
6σ,TRIAUSDT,2026-09-09 22:08:00+00:00,-0.00581652192449597,True
6σ,XPINUSDT,2026-09-09 22:08:00+00:00,0.018689185964395203,True
6σ прокол 0.2%,TACUSDT,2026-09-09 22:08:00+00:00,0.049681477574006455,True
6σ стоп 5D,BBUSDT,2026-09-09 22:08:00+00:00,0.027497238075498785,True
6σ стоп 5D,TACUSDT,2026-09-09 22:08:00+00:00,0.049681477574006455,True
4σ,BBUSDT,2026-09-09 22:08:00+00:00,0.0029075698181524616,True
4σ,XPINUSDT,2026-09-09 22:08:00+00:00,-0.006602766053996094,True
4σ прокол 0.2%,CYSUSDT,2026-09-09 22:08:00+00:00,0.05129407308450569,True
4σ,DOSUSDT,2026-09-09 22:08:00+00:00,0.016445968326540803,True
4σ прокол 0.2%,DOSUSDT,2026-09-09 22:08:00+00:00,0.016445968326540803,True
4σ прокол 0.2%,ALLOUSDT,2026-09-09 22:08:00+00:00,0.01666171676294677,True
4σ,ALLOUSDT,2026-09-09 22:08:00+00:00,0.01666171676294677,True
4σ,CYSUSDT,2026-09-09 22:08:00+00:00,0.05129407308450569,True
6σ,HOMEUSDT,2026-09-09 22:08:00+00:00,-0.006226760047127493,True
6σ стоп 5D,HOMEUSDT,2026-09-09 22:08:00+00:00,-0.006226760047127493,True
6σ прокол 0.2%,HOMEUSDT,2026-09-09 22:08:00+00:00,-0.006226760047127493,True
4σ,HOMEUSDT,2026-09-09 22:08:00+00:00,-0.01835339895109719,True
4σ прокол 0.2%,HOMEUSDT,2026-09-09 22:08:00+00:00,-0.01835339895109719,True
6σ,TACUSDT,2026-09-09 22:08:00+00:00,0.049681477574006455,True
6σ прокол 0.2%,XPINUSDT,2026-09-09 22:08:00+00:00,0.018689185964395203,True
6σ стоп 5D,XPINUSDT,2026-09-09 22:08:00+00:00,0.018689185964395203,True
6σ прокол 0.2%,BBUSDT,2026-09-09 22:08:00+00:00,0.027497238075498785,True
6σ,MUBARAKUSDT,2026-09-09 22:08:00+00:00,0.03860960515990115,True
6σ,BANKUSDT,2026-09-09 22:08:00+00:00,-0.029821901037213352,True
6σ,ROBOUSDT,2026-09-09 22:08:00+00:00,0.0314067222575722,True
4σ,KOMAUSDT,2026-09-09 22:08:00+00:00,0.03839005789937584,True
4σ,BOMEUSDT,2026-09-09 22:08:00+00:00,0.01818537808649774,True
4σ,BEAMXUSDT,2026-09-09 22:08:00+00:00,0.018324224469647724,False
6σ стоп 5D,BLUAIUSDT,2026-09-09 22:08:00+00:00,-0.013515363705019795,True
4σ прокол 0.2%,AXSUSDT,2026-09-09 22:08:00+00:00,0.014216769201694523,True
4σ прокол 0.2%,BEAMXUSDT,2026-09-09 22:08:00+00:00,0.018324224469647724,False
4σ прокол 0.2%,KOMAUSDT,2026-09-09 22:08:00+00:00,0.03839005789937584,True
6σ,BLUAIUSDT,2026-09-09 22:08:00+00:00,-0.013515363705019795,True
6σ прокол 0.2%,ROBOUSDT,2026-09-09 22:08:00+00:00,0.0314067222575722,True
6σ стоп 5D,ROBOUSDT,2026-09-09 22:08:00+00:00,0.0314067222575722,True
4σ,ROBOUSDT,2026-09-09 22:08:00+00:00,0.004578282853611866,True
4σ прокол 0.2%,ROBOUSDT,2026-09-09 22:08:00+00:00,0.004578282853611866,True
4σ,GRVTUSDT,2026-09-09 22:09:00+00:00,0.026989838279676007,True
6σ,ZAMAUSDT,2026-09-09 22:09:00+00:00,0.03482154483411444,True
6σ стоп 5D,ZAMAUSDT,2026-09-09 22:09:00+00:00,0.03482154483411444,True
4σ прокол 0.2%,NOMUSDT,2026-09-09 22:09:00+00:00,0.012990508772687398,True
6σ стоп 5D,HUMAUSDT,2026-09-09 22:09:00+00:00,0.03784020053497224,True
4σ прокол 0.2%,GRVTUSDT,2026-09-09 22:09:00+00:00,0.026989838279676007,True
6σ прокол 0.2%,ZAMAUSDT,2026-09-09 22:09:00+00:00,0.03482154483411444,True
4σ,ZAMAUSDT,2026-09-09 22:09:00+00:00,0.022542320574272703,True
4σ,NOMUSDT,2026-09-09 22:09:00+00:00,0.012990508772687398,True
6σ,NOMUSDT,2026-09-09 22:09:00+00:00,0.04743462789321802,True
6σ прокол 0.2%,HUMAUSDT,2026-09-09 22:09:00+00:00,0.03784020053497224,True
6σ,HUMAUSDT,2026-09-09 22:09:00+00:00,0.03784020053497224,True
6σ прокол 0.2%,NOMUSDT,2026-09-09 22:09:00+00:00,0.04743462789321802,True
4σ прокол 0.2%,HUMAUSDT,2026-09-09 22:09:00+00:00,0.024459706905119963,True
4σ,HUMAUSDT,2026-09-09 22:09:00+00:00,0.024459706905119963,True
6σ стоп 5D,NOMUSDT,2026-09-09 22:09:00+00:00,0.04743462789321802,True
4σ прокол 0.2%,ZAMAUSDT,2026-09-09 22:09:00+00:00,0.022542320574272703,True
6σ стоп 5D,COPPERUSDT,2026-09-10 10:00:00+00:00,0.00756982545621372,False
4σ прокол 0.2%,COPPERUSDT,2026-09-10 10:00:00+00:00,0.004885135897067806,False
6σ,COPPERUSDT,2026-09-10 10:00:00+00:00,0.00756982545621372,False
4σ,COPPERUSDT,2026-09-10 10:00:00+00:00,0.004885135897067806,False
4σ прокол 0.2%,COPPERUSDT,2026-09-10 10:08:00+00:00,0.006198240818503465,False
4σ,COPPERUSDT,2026-09-10 10:08:00+00:00,0.006198240818503465,False
4σ,CFGUSDT,2026-09-10 19:51:00+00:00,0.03601898166610358,True
4σ прокол 0.2%,CFGUSDT,2026-09-10 19:51:00+00:00,0.03601898166610358,True
4σ,ORCLUSDT,2026-09-10 20:10:00+00:00,0.012818795043202779,True
4σ прокол 0.2%,GPSUSDT,2026-09-11 02:55:00+00:00,-0.009290805335611302,True
4σ,GPSUSDT,2026-09-11 02:55:00+00:00,-0.009290805335611302,True
4σ,WLFIUSDT,2026-09-11 10:19:00+00:00,-0.019432678078193568,True
6σ прокол 0.2%,WLFIUSDT,2026-09-11 10:19:00+00:00,-0.004609667025401636,True
6σ стоп 5D,WLFIUSDT,2026-09-11 10:19:00+00:00,-0.004609667025401636,True
6σ,WLFIUSDT,2026-09-11 10:19:00+00:00,-0.004609667025401636,True
4σ прокол 0.2%,WLFIUSDT,2026-09-11 10:19:00+00:00,-0.019432678078193568,True
4σ,RIVERUSDT,2026-09-11 12:30:00+00:00,0.025147253413466644,True
4σ прокол 0.2%,RIVERUSDT,2026-09-11 12:30:00+00:00,0.025147253413466644,True
6σ,STARUSDT,2026-09-11 14:39:00+00:00,-0.05079081978188402,False
4σ прокол 0.2%,STARUSDT,2026-09-11 14:39:00+00:00,-0.09212328233909925,False
6σ стоп 5D,STARUSDT,2026-09-11 14:39:00+00:00,-0.05079081978188402,False
4σ,STARUSDT,2026-09-11 14:39:00+00:00,-0.09212328233909925,False
6σ прокол 0.2%,STARUSDT,2026-09-11 14:39:00+00:00,-0.05079081978188402,False
4σ,BEATUSDT,2026-09-12 03:59:00+00:00,0.09586713641784622,True
4σ прокол 0.2%,BEATUSDT,2026-09-12 03:59:00+00:00,0.09586713641784622,True
4σ,STARUSDT,2026-09-12 09:27:00+00:00,0.03989104077746622,False
4σ прокол 0.2%,STARUSDT,2026-09-12 09:27:00+00:00,0.03989104077746622,False
4σ,MRVLUSDT,2026-09-12 19:33:00+00:00,-0.00664376756805704,True
4σ,MVLLUSDT,2026-09-12 19:33:00+00:00,-0.010053482951316223,True
4σ прокол 0.2%,CSOPSKHYNIX2LUSDT,2026-09-12 19:35:00+00:00,-0.01970755279713351,True
6σ стоп 5D,CSOPSKHYNIX2LUSDT,2026-09-12 19:35:00+00:00,-0.012367687521879084,True
6σ,CSOPSKHYNIX2LUSDT,2026-09-12 19:35:00+00:00,-0.012367687521879084,True
6σ прокол 0.2%,CSOPSKHYNIX2LUSDT,2026-09-12 19:35:00+00:00,-0.012367687521879084,True
4σ,CSOPSKHYNIX2LUSDT,2026-09-12 19:35:00+00:00,-0.01970755279713351,True
4σ,STARUSDT,2026-09-13 02:44:00+00:00,0.07228032736166873,False
4σ прокол 0.2%,STARUSDT,2026-09-13 02:44:00+00:00,0.07228032736166873,False
4σ прокол 0.2%,AIOUSDT,2026-09-13 03:28:00+00:00,0.01931852741463276,True
4σ,AIOUSDT,2026-09-13 03:28:00+00:00,0.01931852741463276,True
4σ прокол 0.2%,XPINUSDT,2026-09-13 05:00:00+00:00,0.029870399092937608,True
4σ,XPINUSDT,2026-09-13 05:00:00+00:00,0.029870399092937608,True
4σ,PAXGUSDT,2026-09-13 05:19:00+00:00,0.0002015511819834618,True
4σ,XPINUSDT,2026-09-13 05:39:00+00:00,0.03899560345102322,True
4σ прокол 0.2%,XPINUSDT,2026-09-13 05:39:00+00:00,0.03899560345102322,True
4σ,LITEUSDT,2026-09-13 06:00:00+00:00,0.0025009229505079224,True
4σ,ZHIPUUSDT,2026-09-13 06:43:00+00:00,0.008333293737362978,True
4σ прокол 0.2%,ZHIPUUSDT,2026-09-13 06:43:00+00:00,0.008333293737362978,True
6σ,AXTIUSDT,2026-09-13 06:44:00+00:00,0.007603069402575003,True
6σ стоп 5D,AXTIUSDT,2026-09-13 06:44:00+00:00,0.007603069402575003,True
6σ прокол 0.2%,AXTIUSDT,2026-09-13 06:44:00+00:00,0.007603069402575003,True
4σ,AXTIUSDT,2026-09-13 06:44:00+00:00,0.004907064398579531,True
4σ прокол 0.2%,AXTIUSDT,2026-09-13 06:44:00+00:00,0.004907064398579531,True
4σ,ARMUSDT,2026-09-13 06:48:00+00:00,-0.004030159973395036,True
4σ,COHRUSDT,2026-09-13 07:43:00+00:00,0.0033280751390944554,True
4σ прокол 0.2%,COHRUSDT,2026-09-13 07:43:00+00:00,0.0033280751390944554,True
4σ,SPYUSDT,2026-09-13 08:15:00+00:00,0.0001470724950051853,True
4σ,WDCUSDT,2026-09-13 08:22:00+00:00,-0.008872363960280877,True
4σ,CBRSUSDT,2026-09-13 09:02:00+00:00,0.004588016348672409,True
4σ,PLTRUSDT,2026-09-13 09:18:00+00:00,-0.001867240263524,True
4σ прокол 0.2%,BMNRUSDT,2026-09-13 09:24:00+00:00,-0.004846295026656982,True
4σ,BMNRUSDT,2026-09-13 09:24:00+00:00,-0.004846295026656982,True
6σ,BMNRUSDT,2026-09-13 09:24:00+00:00,0.007951678183729615,True
6σ стоп 5D,BMNRUSDT,2026-09-13 09:24:00+00:00,0.007951678183729615,True
6σ прокол 0.2%,BMNRUSDT,2026-09-13 09:24:00+00:00,0.007951678183729615,True
4σ,HOODUSDT,2026-09-13 09:25:00+00:00,-0.009395047221252145,True
6σ стоп 5D,AAPLUSDT,2026-09-13 10:19:00+00:00,0.0017464065054366264,True
4σ,AAPLUSDT,2026-09-13 10:19:00+00:00,0.001028893013451171,True
6σ,AAPLUSDT,2026-09-13 10:19:00+00:00,0.0017464065054366264,True
4σ прокол 0.2%,COINUSDT,2026-09-13 15:20:00+00:00,0.0038037082334693834,True
4σ,COINUSDT,2026-09-13 15:20:00+00:00,0.0038037082334693834,True
4σ,XPDUSDT,2026-09-13 22:00:00+00:00,-0.004014752713036278,False
4σ,SPYUSDT,2026-09-13 22:00:00+00:00,0.0009693369746081706,True
4σ,PAXGUSDT,2026-09-13 22:00:00+00:00,0.0009524156656889996,True
6σ,XPDUSDT,2026-09-13 22:00:00+00:00,-0.0014084658059219928,False
6σ,PAXGUSDT,2026-09-13 22:00:00+00:00,0.0016313707561669945,True
4σ прокол 0.2%,XPDUSDT,2026-09-13 22:00:00+00:00,-0.004014752713036278,False
4σ,XAUTUSDT,2026-09-13 22:00:00+00:00,0.0008678547184972188,True
6σ стоп 5D,PAXGUSDT,2026-09-13 22:00:00+00:00,0.0016313707561669945,True
4σ,XPTUSDT,2026-09-13 22:00:00+00:00,0.0026845452845009722,False
6σ стоп 5D,XPDUSDT,2026-09-13 22:00:00+00:00,-0.0014084658059219928,False
4σ,QCOMUSDT,2026-09-13 22:30:00+00:00,-0.0023202836327515792,True
4σ,ZHIPUUSDT,2026-09-14 01:30:00+00:00,0.013584892969335582,True
4σ прокол 0.2%,ZHIPUUSDT,2026-09-14 01:30:00+00:00,0.013584892969335582,True
4σ,ARMUSDT,2026-09-14 08:15:00+00:00,0.009904809541027858,True
4σ прокол 0.2%,ARMUSDT,2026-09-14 08:15:00+00:00,0.009904809541027858,True
4σ прокол 0.2%,REUSDT,2026-09-14 13:06:00+00:00,0.012387788060858895,True
4σ,REUSDT,2026-09-14 13:06:00+00:00,0.012387788060858895,True
4σ прокол 0.2%,MRNAUSDT,2026-09-14 13:30:00+00:00,0.009257026656636701,True
4σ,MRNAUSDT,2026-09-14 13:30:00+00:00,0.009257026656636701,True
4σ прокол 0.2%,MIRAUSDT,2026-09-15 01:22:00+00:00,0.019672868962979664,True
4σ,MIRAUSDT,2026-09-15 01:22:00+00:00,0.019672868962979664,True
6σ,ICPUSDT,2026-09-15 03:54:00+00:00,0.024234400609937937,True
6σ стоп 5D,ICPUSDT,2026-09-15 03:54:00+00:00,0.024234400609937937,True
4σ,ICPUSDT,2026-09-15 03:54:00+00:00,0.01575757889241043,True
4σ прокол 0.2%,ICPUSDT,2026-09-15 03:54:00+00:00,0.01575757889241043,True
6σ прокол 0.2%,ICPUSDT,2026-09-15 03:54:00+00:00,0.024234400609937937,True
4σ,POLUSDT,2026-09-15 13:39:00+00:00,0.011983139419337662,True
4σ прокол 0.2%,POLUSDT,2026-09-15 13:39:00+00:00,0.011983139419337662,True
6σ прокол 0.2%,ESPORTSUSDT,2026-09-15 18:37:00+00:00,0.03146761584284059,True
4σ прокол 0.2%,ESPORTSUSDT,2026-09-15 18:37:00+00:00,0.020403113476164816,True
4σ,STXUSDT,2026-09-15 18:37:00+00:00,0.014679604010299618,True
6σ,ESPORTSUSDT,2026-09-15 18:37:00+00:00,0.03146761584284059,True
4σ,WLFIUSDT,2026-09-15 18:37:00+00:00,0.011785658289847855,True
4σ,ESPORTSUSDT,2026-09-15 18:37:00+00:00,0.020403113476164816,True
6σ стоп 5D,ESPORTSUSDT,2026-09-15 18:37:00+00:00,0.03146761584284059,True
4σ прокол 0.2%,STXUSDT,2026-09-15 18:37:00+00:00,0.014679604010299618,True
4σ прокол 0.2%,COLLECTUSDT,2026-09-15 18:48:00+00:00,0.032619885234494064,False
4σ,COLLECTUSDT,2026-09-15 18:48:00+00:00,0.032619885234494064,False
4σ,我踏马来了USDT,2026-09-16 10:15:00+00:00,-0.009886176019273413,False
4σ прокол 0.2%,我踏马来了USDT,2026-09-16 10:15:00+00:00,-0.009886176019273413,False
6σ стоп 5D,FILUSDT,2026-09-16 12:39:00+00:00,0.032793981538212294,True
6σ,FILUSDT,2026-09-16 12:39:00+00:00,0.032793981538212294,True
4σ,FILUSDT,2026-09-16 12:39:00+00:00,0.021250216435698424,True
4σ прокол 0.2%,FILUSDT,2026-09-16 12:39:00+00:00,0.021250216435698424,True
4σ,DELLUSDT,2026-09-16 13:00:00+00:00,0.0142936285672421,True
4σ прокол 0.2%,STARUSDT,2026-09-17 03:45:00+00:00,-0.03926827615421055,False
6σ прокол 0.2%,STARUSDT,2026-09-17 03:45:00+00:00,-0.006692279137823525,False
4σ,STARUSDT,2026-09-17 03:45:00+00:00,-0.03926827615421055,False
6σ стоп 5D,STARUSDT,2026-09-17 03:45:00+00:00,-0.006692279137823525,False
6σ,STARUSDT,2026-09-17 03:45:00+00:00,-0.006692279137823525,False
6σ прокол 0.2%,MAGMAUSDT,2026-09-17 10:23:00+00:00,-0.058462425133713,True
6σ стоп 5D,MAGMAUSDT,2026-09-17 10:23:00+00:00,-0.058462425133713,True
4σ прокол 0.2%,MAGMAUSDT,2026-09-17 10:23:00+00:00,-0.08944308352664085,True
6σ,MAGMAUSDT,2026-09-17 10:23:00+00:00,-0.058462425133713,True
4σ,MAGMAUSDT,2026-09-17 10:23:00+00:00,-0.08944308352664085,True
4σ прокол 0.2%,CRWVUSDT,2026-09-17 11:05:00+00:00,-0.05771443065879597,True
4σ,CRWVUSDT,2026-09-17 11:05:00+00:00,-0.05771443065879597,True
4σ,CATIUSDT,2026-09-18 13:13:00+00:00,0.017467621521008073,True
4σ прокол 0.2%,CATIUSDT,2026-09-18 13:13:00+00:00,0.017467621521008073,True
4σ,CLOUSDT,2026-09-18 16:26:00+00:00,0.02771769229415151,True
4σ прокол 0.2%,CLOUSDT,2026-09-18 16:26:00+00:00,0.02771769229415151,True
4σ,ESPUSDT,2026-09-19 00:26:00+00:00,-0.025065881179556295,True
4σ прокол 0.2%,ESPUSDT,2026-09-19 00:26:00+00:00,-0.025065881179556295,True
4σ,CAPUSDT,2026-09-19 13:35:00+00:00,0.08025990111330444,True
4σ прокол 0.2%,CAPUSDT,2026-09-19 13:35:00+00:00,0.08025990111330444,True
6σ прокол 0.2%,COPPERUSDT,2026-09-19 15:03:00+00:00,0.003998209843538226,False
4σ,COPPERUSDT,2026-09-19 15:03:00+00:00,0.0025235675865340037,False
6σ стоп 5D,COPPERUSDT,2026-09-19 15:03:00+00:00,0.003998209843538226,False
4σ прокол 0.2%,COPPERUSDT,2026-09-19 15:03:00+00:00,0.0025235675865340037,False
6σ,COPPERUSDT,2026-09-19 15:03:00+00:00,0.003998209843538226,False
4σ,BANKUSDT,2026-09-19 16:34:00+00:00,0.032362302603740914,True
4σ прокол 0.2%,BANKUSDT,2026-09-19 16:34:00+00:00,0.032362302603740914,True
4σ,ZHIPUUSDT,2026-09-20 02:30:00+00:00,0.009165825568244478,True
4σ,AXTIUSDT,2026-09-20 02:45:00+00:00,0.005556345928457508,True
4σ,WDCUSDT,2026-09-20 02:53:00+00:00,0.004357572054447268,True
4σ прокол 0.2%,CLOUSDT,2026-09-20 02:57:00+00:00,0.01796145566750114,True
4σ,CLOUSDT,2026-09-20 02:57:00+00:00,0.01796145566750114,True
4σ,WDCUSDT,2026-09-20 03:01:00+00:00,0.005410264656265219,True
4σ прокол 0.2%,WDCUSDT,2026-09-20 03:01:00+00:00,0.005410264656265219,True
4σ,MRNAUSDT,2026-09-20 03:02:00+00:00,0.005091010334140568,True
4σ прокол 0.2%,POWERUSDT,2026-09-20 08:52:00+00:00,0.03276043375451039,True
4σ,POWERUSDT,2026-09-20 08:52:00+00:00,0.03276043375451039,True
4σ прокол 0.2%,HUMAUSDT,2026-09-20 10:31:00+00:00,0.019372712092189118,True
4σ,HUMAUSDT,2026-09-20 10:31:00+00:00,0.019372712092189118,True
4σ,AMZNUSDT,2026-09-20 10:40:00+00:00,0.0015930545140973697,True
6σ прокол 0.2%,AMZNUSDT,2026-09-20 10:40:00+00:00,0.00259555206972113,True
4σ прокол 0.2%,AMZNUSDT,2026-09-20 10:40:00+00:00,0.0015930545140973697,True
6σ стоп 5D,AMZNUSDT,2026-09-20 10:40:00+00:00,0.00259555206972113,True
6σ,AMZNUSDT,2026-09-20 10:40:00+00:00,0.00259555206972113,True
4σ,NATGASUSDT,2026-09-20 22:00:00+00:00,-0.0033034345567621577,False
4σ,UNITREEUSDT,2026-09-21 01:15:00+00:00,0.004263266484632001,True
4σ прокол 0.2%,币安人生USDT,2026-09-21 02:40:00+00:00,0.01740029987705634,False
4σ,币安人生USDT,2026-09-21 02:40:00+00:00,0.01740029987705634,False
4σ,KOMAUSDT,2026-09-21 06:57:00+00:00,0.06350553043119661,True
4σ прокол 0.2%,KOMAUSDT,2026-09-21 06:57:00+00:00,0.06350553043119661,True
4σ,IRENUSDT,2026-09-21 13:30:00+00:00,0.01055777799882791,True
4σ прокол 0.2%,IRENUSDT,2026-09-21 13:30:00+00:00,0.01055777799882791,True
4σ,AAPLUSDT,2026-09-21 13:30:00+00:00,0.001852475997157166,True
4σ прокол 0.2%,SKRUSDT,2026-09-22 05:11:00+00:00,-0.05305765360175216,True
4σ,SKRUSDT,2026-09-22 05:11:00+00:00,-0.05305765360175216,True
4σ прокол 0.2%,EULUSDT,2026-09-22 06:31:00+00:00,0.01968742785096285,True
6σ стоп 5D,EULUSDT,2026-09-22 06:31:00+00:00,0.03034880620254095,True
4σ,EULUSDT,2026-09-22 06:31:00+00:00,0.01968742785096285,True
6σ прокол 0.2%,EULUSDT,2026-09-22 06:31:00+00:00,0.03034880620254095,True
6σ,EULUSDT,2026-09-22 06:31:00+00:00,0.03034880620254095,True
4σ прокол 0.2%,ONUSDT,2026-09-22 19:25:00+00:00,0.011134532868004171,True
4σ,ONUSDT,2026-09-22 19:25:00+00:00,0.011134532868004171,True
4σ,B2USDT,2026-09-23 07:10:00+00:00,-0.2817678373430967,True
6σ стоп 5D,B2USDT,2026-09-23 07:10:00+00:00,0.05116330693977873,True
6σ,B2USDT,2026-09-23 07:10:00+00:00,0.05116330693977873,True
4σ прокол 0.2%,B2USDT,2026-09-23 07:10:00+00:00,-0.2817678373430967,True
6σ прокол 0.2%,B2USDT,2026-09-23 07:10:00+00:00,0.05116330693977873,True
4σ,PORTALUSDT,2026-09-23 07:59:00+00:00,0.024585117738159926,True
4σ прокол 0.2%,PORTALUSDT,2026-09-23 07:59:00+00:00,0.024585117738159926,True
6σ,PORTALUSDT,2026-09-23 07:59:00+00:00,0.038038055961052655,True
6σ стоп 5D,PORTALUSDT,2026-09-23 07:59:00+00:00,0.038038055961052655,True
4σ,MYXUSDT,2026-09-23 08:48:00+00:00,0.0339875020716391,True
4σ прокол 0.2%,MYXUSDT,2026-09-23 08:48:00+00:00,0.0339875020716391,True
4σ,FFUSDT,2026-09-23 11:17:00+00:00,0.012756051240290844,True
4σ прокол 0.2%,FFUSDT,2026-09-23 11:17:00+00:00,0.012756051240290844,True
4σ,LAUSDT,2026-09-23 11:42:00+00:00,0.023996740172649703,True
6σ,LAUSDT,2026-09-23 11:42:00+00:00,0.03711023778400509,True
6σ стоп 5D,LAUSDT,2026-09-23 11:42:00+00:00,0.03711023778400509,True
4σ прокол 0.2%,LAUSDT,2026-09-23 11:42:00+00:00,0.023996740172649703,True
6σ прокол 0.2%,LAUSDT,2026-09-23 11:42:00+00:00,0.03711023778400509,True
4σ прокол 0.2%,KOMAUSDT,2026-09-23 12:55:00+00:00,0.012572522486568066,True
4σ,KOMAUSDT,2026-09-23 12:55:00+00:00,0.012572522486568066,True
6σ,RUNEUSDT,2026-09-23 14:12:00+00:00,0.02822383196575591,True
6σ стоп 5D,RUNEUSDT,2026-09-23 14:12:00+00:00,0.02822383196575591,True
4σ прокол 0.2%,1000SHIBUSDT,2026-09-23 14:12:00+00:00,0.019904996013979617,False
4σ,1000SHIBUSDT,2026-09-23 14:12:00+00:00,0.019904996013979617,False
4σ,KAITOUSDT,2026-09-23 14:12:00+00:00,0.02456350225771571,True
6σ прокол 0.2%,RUNEUSDT,2026-09-23 14:12:00+00:00,0.02822383196575591,True
4σ,GUSDT,2026-09-23 14:13:00+00:00,0.02565104533305758,True
4σ,APTUSDT,2026-09-23 14:13:00+00:00,0.03443571458353785,True
4σ прокол 0.2%,1000FLOKIUSDT,2026-09-23 14:13:00+00:00,0.028257637518709536,True
6σ стоп 5D,MYXUSDT,2026-09-23 14:13:00+00:00,0.06395442995558026,True
6σ стоп 5D,FUSDT,2026-09-23 14:13:00+00:00,0.02931480658359971,True
4σ прокол 0.2%,BLESSUSDT,2026-09-23 14:13:00+00:00,0.03589571674484722,True
4σ прокол 0.2%,JTOUSDT,2026-09-23 14:13:00+00:00,0.025099552192043365,True
6σ,FUSDT,2026-09-23 14:13:00+00:00,0.02931480658359971,True
4σ,JTOUSDT,2026-09-23 14:13:00+00:00,0.025099552192043365,True
6σ прокол 0.2%,MITOUSDT,2026-09-23 14:13:00+00:00,0.043205170129585205,True
4σ,GIGGLEUSDT,2026-09-23 14:13:00+00:00,0.02961739240888557,True
4σ,MITOUSDT,2026-09-23 14:13:00+00:00,0.027848914277686945,True
4σ,ZKPUSDT,2026-09-23 14:13:00+00:00,0.017625819765131293,True
4σ прокол 0.2%,MITOUSDT,2026-09-23 14:13:00+00:00,0.027848914277686945,True
4σ прокол 0.2%,ZKPUSDT,2026-09-23 14:13:00+00:00,0.017625819765131293,True
4σ прокол 0.2%,AXSUSDT,2026-09-23 14:13:00+00:00,0.0266857302269798,True
4σ,WLFIUSDT,2026-09-23 14:13:00+00:00,0.013328410497553688,True
4σ прокол 0.2%,FUSDT,2026-09-23 14:13:00+00:00,0.019025063061240702,True
4σ прокол 0.2%,WLFIUSDT,2026-09-23 14:13:00+00:00,0.013328410497553688,True
4σ,FUSDT,2026-09-23 14:13:00+00:00,0.019025063061240702,True
6σ прокол 0.2%,FUSDT,2026-09-23 14:13:00+00:00,0.02931480658359971,True
4σ прокол 0.2%,GIGGLEUSDT,2026-09-23 14:13:00+00:00,0.02961739240888557,True
6σ,MITOUSDT,2026-09-23 14:13:00+00:00,0.043205170129585205,True
4σ прокол 0.2%,GUSDT,2026-09-23 14:13:00+00:00,0.02565104533305758,True
4σ,ZENUSDT,2026-09-23 14:13:00+00:00,0.03402110581013158,True
4σ,ZILUSDT,2026-09-23 14:13:00+00:00,0.024207011866280673,True
4σ,BLESSUSDT,2026-09-23 14:13:00+00:00,0.03589571674484722,True
6σ прокол 0.2%,BLESSUSDT,2026-09-23 14:13:00+00:00,0.056094067799900185,True
6σ стоп 5D,BLESSUSDT,2026-09-23 14:13:00+00:00,0.056094067799900185,True
6σ прокол 0.2%,GUSDT,2026-09-23 14:13:00+00:00,0.039721782370975636,True
6σ,ACEUSDT,2026-09-23 14:13:00+00:00,0.053134805632230234,True
6σ стоп 5D,GUSDT,2026-09-23 14:13:00+00:00,0.039721782370975636,True
6σ,MYXUSDT,2026-09-23 14:13:00+00:00,0.06395442995558026,True
6σ,BLESSUSDT,2026-09-23 14:13:00+00:00,0.056094067799900185,True
6σ стоп 5D,ACEUSDT,2026-09-23 14:13:00+00:00,0.053134805632230234,True
6σ,GUSDT,2026-09-23 14:13:00+00:00,0.039721782370975636,True
6σ прокол 0.2%,ACEUSDT,2026-09-23 14:13:00+00:00,0.053134805632230234,True
4σ,ZKCUSDT,2026-09-23 14:13:00+00:00,0.020228444029727746,True
4σ,AXSUSDT,2026-09-23 14:13:00+00:00,0.0266857302269798,True
4σ,ACEUSDT,2026-09-23 14:13:00+00:00,0.034059997573368375,True
4σ прокол 0.2%,ACEUSDT,2026-09-23 14:13:00+00:00,0.034059997573368375,True
4σ,NEIROUSDT,2026-09-23 14:13:00+00:00,0.028549499880856824,False
6σ стоп 5D,MITOUSDT,2026-09-23 14:13:00+00:00,0.043205170129585205,True
4σ,ICPUSDT,2026-09-23 14:13:00+00:00,0.02724112875006042,True
4σ,POWERUSDT,2026-09-23 14:13:00+00:00,4.773780756057262e-06,True
4σ,REUSDT,2026-09-23 14:13:00+00:00,0.023813730529927482,True
4σ прокол 0.2%,HEMIUSDT,2026-09-23 14:13:00+00:00,0.019026533461824882,True
4σ,HEMIUSDT,2026-09-23 14:13:00+00:00,0.019026533461824882,True
6σ прокол 0.2%,HEMIUSDT,2026-09-23 14:13:00+00:00,0.02931710043880016,True
6σ стоп 5D,HEMIUSDT,2026-09-23 14:13:00+00:00,0.02931710043880016,True
6σ,HEMIUSDT,2026-09-23 14:13:00+00:00,0.02931710043880016,True
4σ,LABUSDT,2026-09-23 14:13:00+00:00,0.03370669331367489,True
4σ прокол 0.2%,LABUSDT,2026-09-23 14:13:00+00:00,0.03370669331367489,True
6σ,POWERUSDT,2026-09-23 14:13:00+00:00,0.06064205621428971,True
4σ прокол 0.2%,REUSDT,2026-09-23 14:13:00+00:00,0.023813730529927482,True
6σ стоп 5D,POWERUSDT,2026-09-23 14:13:00+00:00,0.06064205621428971,True
4σ,MYXUSDT,2026-09-23 14:13:00+00:00,0.04073801113307014,True
4σ прокол 0.2%,POWERUSDT,2026-09-23 14:13:00+00:00,4.773780756057262e-06,True
4σ,REZUSDT,2026-09-23 14:13:00+00:00,0.028716432089727476,True
4σ прокол 0.2%,REZUSDT,2026-09-23 14:13:00+00:00,0.028716432089727476,True
4σ,PTBUSDT,2026-09-23 14:13:00+00:00,0.07178651725346014,True
4σ прокол 0.2%,PTBUSDT,2026-09-23 14:13:00+00:00,0.07178651725346014,True
6σ,RIVERUSDT,2026-09-23 14:13:00+00:00,0.04249547042057884,True
6σ стоп 5D,RIVERUSDT,2026-09-23 14:13:00+00:00,0.04249547042057884,True
6σ прокол 0.2%,RIVERUSDT,2026-09-23 14:13:00+00:00,0.04249547042057884,True
6σ прокол 0.2%,POWERUSDT,2026-09-23 14:13:00+00:00,0.06064205621428971,True
4σ,RIVERUSDT,2026-09-23 14:13:00+00:00,0.027401929063208555,True
4σ прокол 0.2%,NOMUSDT,2026-09-23 14:13:00+00:00,0.026154123135862364,True
4σ,NOMUSDT,2026-09-23 14:13:00+00:00,0.026154123135862364,True
4σ прокол 0.2%,ICPUSDT,2026-09-23 14:13:00+00:00,0.02724112875006042,True
6σ,CLOUSDT,2026-09-23 14:13:00+00:00,0.06551257385231163,True
6σ стоп 5D,CLOUSDT,2026-09-23 14:13:00+00:00,0.06551257385231163,True
6σ прокол 0.2%,CLOUSDT,2026-09-23 14:13:00+00:00,0.06551257385231163,True
4σ,CLOUSDT,2026-09-23 14:13:00+00:00,0.041692116094425205,True
4σ прокол 0.2%,CLOUSDT,2026-09-23 14:13:00+00:00,0.041692116094425205,True
6σ,FILUSDT,2026-09-23 14:13:00+00:00,0.03861207262424289,True
6σ прокол 0.2%,ONGUSDT,2026-09-23 14:13:00+00:00,0.025270765588689417,True
6σ стоп 5D,ONGUSDT,2026-09-23 14:13:00+00:00,0.025270765588689417,True
4σ,BANKUSDT,2026-09-23 14:13:00+00:00,0.019683545071929445,True
6σ,ONGUSDT,2026-09-23 14:13:00+00:00,0.025270765588689417,True
6σ прокол 0.2%,FILUSDT,2026-09-23 14:13:00+00:00,0.03861207262424289,True
4σ прокол 0.2%,NEIROUSDT,2026-09-23 14:13:00+00:00,0.028549499880856824,False
4σ,FILUSDT,2026-09-23 14:13:00+00:00,0.024948776217019256,True
4σ прокол 0.2%,BANKUSDT,2026-09-23 14:13:00+00:00,0.019683545071929445,True
4σ прокол 0.2%,FILUSDT,2026-09-23 14:13:00+00:00,0.024948776217019256,True
4σ прокол 0.2%,LTCUSDT,2026-09-23 14:13:00+00:00,0.021985508453018013,True
4σ,LTCUSDT,2026-09-23 14:13:00+00:00,0.021985508453018013,True
4σ,GENIUSUSDT,2026-09-23 14:13:00+00:00,0.034971316378158826,True
4σ прокол 0.2%,GENIUSUSDT,2026-09-23 14:13:00+00:00,0.034971316378158826,True
6σ стоп 5D,FILUSDT,2026-09-23 14:13:00+00:00,0.03861207262424289,True
6σ,TUTUSDT,2026-09-23 14:13:00+00:00,0.07053699727456303,True
4σ прокол 0.2%,ZENUSDT,2026-09-23 14:13:00+00:00,0.03402110581013158,True
4σ,XPLUSDT,2026-09-23 14:13:00+00:00,0.03183056387472334,True
6σ прокол 0.2%,TUTUSDT,2026-09-23 14:13:00+00:00,0.07053699727456303,True
4σ прокол 0.2%,APTUSDT,2026-09-23 14:13:00+00:00,0.03443571458353785,True
4σ,1000FLOKIUSDT,2026-09-23 14:13:00+00:00,0.028257637518709536,True
4σ,SPKUSDT,2026-09-23 14:13:00+00:00,0.021281934617866496,True
6σ,XPLUSDT,2026-09-23 14:13:00+00:00,0.04955595439100709,True
4σ,ESPORTSUSDT,2026-09-23 14:13:00+00:00,0.025474517967184432,True
4σ прокол 0.2%,RIVERUSDT,2026-09-23 14:13:00+00:00,0.027401929063208555,True
6σ стоп 5D,XPLUSDT,2026-09-23 14:13:00+00:00,0.04955595439100709,True
4σ прокол 0.2%,SPKUSDT,2026-09-23 14:13:00+00:00,0.021281934617866496,True
6σ прокол 0.2%,XPLUSDT,2026-09-23 14:13:00+00:00,0.04955595439100709,True
4σ,POLUSDT,2026-09-23 14:13:00+00:00,0.021811413021780093,True
4σ прокол 0.2%,ESPORTSUSDT,2026-09-23 14:13:00+00:00,0.025474517967184432,True
4σ прокол 0.2%,MYXUSDT,2026-09-23 14:13:00+00:00,0.04073801113307014,True
6σ стоп 5D,TUTUSDT,2026-09-23 14:13:00+00:00,0.07053699727456303,True
4σ прокол 0.2%,XPLUSDT,2026-09-23 14:13:00+00:00,0.03183056387472334,True
4σ,POLUSDT,2026-09-23 14:20:00+00:00,0.022230820110362218,True
4σ прокол 0.2%,KOMAUSDT,2026-09-23 14:31:00+00:00,0.04464128975681399,True
4σ,KOMAUSDT,2026-09-23 14:31:00+00:00,0.04464128975681399,True
4σ прокол 0.2%,MAGMAUSDT,2026-09-23 14:40:00+00:00,0.03820514162061235,True
4σ,MAGMAUSDT,2026-09-23 14:40:00+00:00,0.03820514162061235,True
4σ прокол 0.2%,UAIUSDT,2026-09-23 15:32:00+00:00,0.05293471618370278,True
4σ,UAIUSDT,2026-09-23 15:32:00+00:00,0.05293471618370278,True
4σ,ORCLUSDT,2026-09-24 00:52:00+00:00,0.009426953236110158,True
4σ прокол 0.2%,ORCLUSDT,2026-09-24 00:52:00+00:00,0.009426953236110158,True
4σ прокол 0.2%,UAIUSDT,2026-09-24 03:05:00+00:00,0.027129612758273445,True
6σ,UAIUSDT,2026-09-24 03:05:00+00:00,0.08989724204059851,True
4σ,UAIUSDT,2026-09-24 03:05:00+00:00,0.027129612758273445,True
6σ стоп 5D,UAIUSDT,2026-09-24 03:05:00+00:00,0.08989724204059851,True
4σ,MYXUSDT,2026-09-24 14:52:00+00:00,0.03272088080206488,True
4σ прокол 0.2%,ANTHROPICUSDT,2026-09-24 22:28:00+00:00,-0.01613922293206313,True
6σ прокол 0.2%,ANTHROPICUSDT,2026-09-24 22:28:00+00:00,-0.011143230549764155,True
4σ,ANTHROPICUSDT,2026-09-24 22:28:00+00:00,-0.01613922293206313,True
6σ,ANTHROPICUSDT,2026-09-24 22:28:00+00:00,-0.011143230549764155,True
6σ стоп 5D,ANTHROPICUSDT,2026-09-24 22:28:00+00:00,-0.011143230549764155,True
4σ прокол 0.2%,HK1810USDT,2026-09-25 01:30:00+00:00,-0.004170578852532996,False
4σ,HK1810USDT,2026-09-25 01:30:00+00:00,-0.004170578852532996,False
4σ прокол 0.2%,ONEUSDT,2026-09-25 03:49:00+00:00,0.030868642848031844,True
4σ,ONEUSDT,2026-09-25 03:49:00+00:00,0.030868642848031844,True
4σ прокол 0.2%,UAIUSDT,2026-09-25 10:35:00+00:00,0.026742503415453103,True
4σ,UAIUSDT,2026-09-25 10:35:00+00:00,0.026742503415453103,True
4σ прокол 0.2%,STARUSDT,2026-09-26 01:13:00+00:00,0.02475303946448544,False
4σ,STARUSDT,2026-09-26 01:13:00+00:00,0.02475303946448544,False
4σ,BTWUSDT,2026-09-26 01:34:00+00:00,-0.23933941514901777,True
4σ прокол 0.2%,BTWUSDT,2026-09-26 01:34:00+00:00,-0.23933941514901777,True
4σ,MAGMAUSDT,2026-09-26 09:39:00+00:00,-0.03028207002300839,True
6σ,MAGMAUSDT,2026-09-26 09:39:00+00:00,0.0030138310855641064,True
6σ стоп 5D,MAGMAUSDT,2026-09-26 09:39:00+00:00,0.0030138310855641064,True
4σ прокол 0.2%,MAGMAUSDT,2026-09-26 09:39:00+00:00,-0.03028207002300839,True
6σ прокол 0.2%,MAGMAUSDT,2026-09-26 09:39:00+00:00,0.0030138310855641064,True
4σ,4USDT,2026-09-26 10:45:00+00:00,0.028462880252979342,True
6σ прокол 0.2%,币安人生USDT,2026-09-26 17:04:00+00:00,0.014051067005076811,False
4σ,币安人生USDT,2026-09-26 17:04:00+00:00,0.009142115503047953,False
4σ прокол 0.2%,币安人生USDT,2026-09-26 17:04:00+00:00,0.009142115503047953,False
6σ,币安人生USDT,2026-09-26 17:04:00+00:00,0.014051067005076811,False
6σ стоп 5D,币安人生USDT,2026-09-26 17:04:00+00:00,0.014051067005076811,False
4σ прокол 0.2%,ZILUSDT,2026-09-26 17:28:00+00:00,0.013692537683069616,True
4σ,ZILUSDT,2026-09-26 17:28:00+00:00,0.013692537683069616,True
4σ,OPENAIUSDT,2026-09-26 22:47:00+00:00,0.003084283008401423,True
6σ,ESPUSDT,2026-09-27 01:05:00+00:00,0.002574593823138766,True
6σ стоп 5D,ESPUSDT,2026-09-27 01:05:00+00:00,0.002574593823138766,True
6σ прокол 0.2%,ESPUSDT,2026-09-27 01:05:00+00:00,0.002574593823138766,True
4σ,ESPUSDT,2026-09-27 01:05:00+00:00,-0.025202515131078043,True
4σ прокол 0.2%,ESPUSDT,2026-09-27 01:05:00+00:00,-0.025202515131078043,True
4σ прокол 0.2%,MINIMAXUSDT,2026-09-27 04:44:00+00:00,-0.00447578854759098,True
4σ,MINIMAXUSDT,2026-09-27 04:44:00+00:00,-0.00447578854759098,True
6σ стоп 5D,MINIMAXUSDT,2026-09-27 04:44:00+00:00,-0.0007496865084863629,True
6σ,MINIMAXUSDT,2026-09-27 04:44:00+00:00,-0.0007496865084863629,True
4σ,GLWUSDT,2026-09-27 05:14:00+00:00,0.0015576931857818723,True
6σ,UAIUSDT,2026-09-27 09:17:00+00:00,0.03261584239603095,True
6σ стоп 5D,UAIUSDT,2026-09-27 09:17:00+00:00,0.03261584239603095,True
4σ прокол 0.2%,UAIUSDT,2026-09-27 09:17:00+00:00,0.0014062605342078098,True
4σ,UAIUSDT,2026-09-27 09:17:00+00:00,0.0014062605342078098,True
6σ прокол 0.2%,UAIUSDT,2026-09-27 09:17:00+00:00,0.03261584239603095,True
4σ,SKYUSDT,2026-09-27 13:37:00+00:00,0.015029401658237917,True
4σ,TSLAUSDT,2026-09-27 14:53:00+00:00,-0.0006984411613679402,True
4σ,AAOIUSDT,2026-09-27 15:39:00+00:00,0.0035443031007304617,True
6σ прокол 0.2%,NATGASUSDT,2026-09-27 21:59:00+00:00,-0.02140186473554725,False
4σ,NATGASUSDT,2026-09-27 21:59:00+00:00,-0.02562372760006334,False
6σ стоп 5D,NATGASUSDT,2026-09-27 21:59:00+00:00,-0.02140186473554725,False
4σ прокол 0.2%,NATGASUSDT,2026-09-27 21:59:00+00:00,-0.02562372760006334,False
6σ,NATGASUSDT,2026-09-27 21:59:00+00:00,-0.02140186473554725,False
4σ,XAUTUSDT,2026-09-27 22:00:00+00:00,-0.003966116978849048,True
4σ,PAXGUSDT,2026-09-27 22:00:00+00:00,0.0001429028361940702,True
4σ,XPDUSDT,2026-09-27 22:00:00+00:00,-0.006098191331251861,False
4σ,QQQUSDT,2026-09-27 22:00:00+00:00,-0.0030779864184708734,True
6σ стоп 5D,XAUTUSDT,2026-09-27 22:00:00+00:00,-0.0033841553335827996,True
6σ,PAXGUSDT,2026-09-27 22:00:00+00:00,0.00041479660968120097,True
6σ стоп 5D,PAXGUSDT,2026-09-27 22:00:00+00:00,0.00041479660968120097,True
4σ,COPPERUSDT,2026-09-27 22:00:00+00:00,-0.004606537143889338,False
6σ,XAUTUSDT,2026-09-27 22:00:00+00:00,-0.0033841553335827996,True
4σ,GPSUSDT,2026-09-28 00:30:00+00:00,-0.0827758364323917,True
4σ прокол 0.2%,GPSUSDT,2026-09-28 00:30:00+00:00,-0.0827758364323917,True
4σ,XAUTUSDT,2026-09-28 00:31:00+00:00,0.0010714083064191195,True
4σ,PAXGUSDT,2026-09-28 00:31:00+00:00,-0.003241932576321965,True
6σ стоп 5D,XAUTUSDT,2026-09-28 00:31:00+00:00,0.0018103648087685721,True
6σ,XAUTUSDT,2026-09-28 00:31:00+00:00,0.0018103648087685721,True
4σ прокол 0.2%,UNITREEUSDT,2026-09-28 01:30:00+00:00,-0.04280866751480947,True
6σ,UNITREEUSDT,2026-09-28 01:30:00+00:00,-0.03966709131762566,True
4σ,UNITREEUSDT,2026-09-28 01:30:00+00:00,-0.04280866751480947,True
6σ стоп 5D,UNITREEUSDT,2026-09-28 01:30:00+00:00,-0.03966709131762566,True
6σ прокол 0.2%,MINIMAXUSDT,2026-09-28 01:30:00+00:00,-0.06217700789234279,True
6σ,MINIMAXUSDT,2026-09-28 01:30:00+00:00,-0.06217700789234279,True
6σ прокол 0.2%,ZHIPUUSDT,2026-09-28 01:30:00+00:00,-0.026076406511506858,True
6σ стоп 5D,MINIMAXUSDT,2026-09-28 01:30:00+00:00,-0.06217700789234279,True
4σ,ZHIPUUSDT,2026-09-28 01:30:00+00:00,-0.032328270996151515,True
4σ,MINIMAXUSDT,2026-09-28 01:30:00+00:00,-0.07018625292403588,True
6σ,ZHIPUUSDT,2026-09-28 01:30:00+00:00,-0.026076406511506858,True
4σ прокол 0.2%,MINIMAXUSDT,2026-09-28 01:30:00+00:00,-0.07018625292403588,True
6σ стоп 5D,ZHIPUUSDT,2026-09-28 01:30:00+00:00,-0.026076406511506858,True
6σ прокол 0.2%,UNITREEUSDT,2026-09-28 01:30:00+00:00,-0.03966709131762566,True
4σ прокол 0.2%,ZHIPUUSDT,2026-09-28 01:30:00+00:00,-0.032328270996151515,True
4σ,BNCUSDT,2026-09-28 01:53:00+00:00,0.007915422476187439,True
4σ,PONSUSDT,2026-09-28 03:28:00+00:00,0.028254280737312024,True
4σ прокол 0.2%,PONSUSDT,2026-09-28 03:28:00+00:00,0.028254280737312024,True
4σ прокол 0.2%,LYNUSDT,2026-09-28 07:12:00+00:00,0.03195835537232834,True
4σ,LYNUSDT,2026-09-28 07:12:00+00:00,0.03195835537232834,True
6σ прокол 0.2%,LYNUSDT,2026-09-28 07:12:00+00:00,0.04976064917004348,True
6σ стоп 5D,LYNUSDT,2026-09-28 07:12:00+00:00,0.04976064917004348,True
6σ,LYNUSDT,2026-09-28 07:12:00+00:00,0.04976064917004348,True
4σ прокол 0.2%,BTWUSDT,2026-09-28 08:04:00+00:00,0.05474734981009628,True
4σ,BTWUSDT,2026-09-28 08:04:00+00:00,0.05474734981009628,True
4σ,ARMUSDT,2026-09-28 13:30:00+00:00,0.011547312585389723,True
4σ,GPSUSDT,2026-09-29 01:54:00+00:00,0.028252052388316476,True
4σ прокол 0.2%,GPSUSDT,2026-09-29 01:54:00+00:00,0.028252052388316476,True
6σ прокол 0.2%,PROMUSDT,2026-09-29 09:09:00+00:00,0.043559347073582624,True
6σ,PROMUSDT,2026-09-29 09:09:00+00:00,0.043559347073582624,True
6σ стоп 5D,PROMUSDT,2026-09-29 09:09:00+00:00,0.043559347073582624,True
6σ прокол 0.2%,币安人生USDT,2026-09-29 12:33:00+00:00,0.03208665811863849,False
6σ стоп 5D,币安人生USDT,2026-09-29 12:33:00+00:00,0.03208665811863849,False
6σ,币安人生USDT,2026-09-29 12:33:00+00:00,0.03208665811863849,False
4σ,币安人生USDT,2026-09-29 12:33:00+00:00,0.0207986564101776,False
4σ прокол 0.2%,币安人生USDT,2026-09-29 12:33:00+00:00,0.0207986564101776,False
4σ,AAPLUSDT,2026-09-29 13:30:00+00:00,-0.005415785119087884,True
6σ,ZESTUSDT,2026-09-29 17:57:00+00:00,0.04092683292415851,True
6σ стоп 5D,ZESTUSDT,2026-09-29 17:57:00+00:00,0.04092683292415851,True
6σ прокол 0.2%,ZESTUSDT,2026-09-29 17:57:00+00:00,0.04092683292415851,True
4σ,ZESTUSDT,2026-09-29 17:57:00+00:00,0.026412504681926754,True
4σ прокол 0.2%,ZESTUSDT,2026-09-29 17:57:00+00:00,0.026412504681926754,True
4σ прокол 0.2%,STARUSDT,2026-09-30 02:35:00+00:00,0.02534416704516458,False
4σ,STARUSDT,2026-09-30 02:35:00+00:00,0.02534416704516458,False
4σ,BTWUSDT,2026-09-30 04:14:00+00:00,0.05783709259646659,True
4σ прокол 0.2%,BTWUSDT,2026-09-30 04:14:00+00:00,0.05783709259646659,True
4σ прокол 0.2%,ARKUSDT,2026-09-30 11:12:00+00:00,0.07349528140371547,True
4σ,ARKUSDT,2026-09-30 11:12:00+00:00,0.07349528140371547,True
4σ,STARUSDT,2026-09-30 11:30:00+00:00,0.027395127101396535,False
4σ,LYNUSDT,2026-09-30 17:46:00+00:00,0.05205919439345337,True
4σ,MUUUSDT,2026-09-30 20:01:00+00:00,0.019447372963893275,True
4σ прокол 0.2%,MUUUSDT,2026-09-30 20:01:00+00:00,0.019447372963893275,True
4σ прокол 0.2%,B2USDT,2026-09-30 20:23:00+00:00,0.008396582157793181,True
4σ,B2USDT,2026-09-30 20:23:00+00:00,0.008396582157793181,True
