t,symbol,protocol,size,recurring,bybit,s7_1,h7_1
2022-02-01 00:00:00+00:00,RUNEUSDT,thorchain-dex,0.010173258636595099,False,True,-1336.6212532824832,-651.4101697826363
2022-02-08 00:00:00+00:00,ENSUSDT,ens,0.028539090176618737,False,True,-99.10423397129223,1426.1839754750401
2022-03-01 00:00:00+00:00,RUNEUSDT,thorchain-dex,0.010614433944619271,True,True,-5321.558442013005,-3439.6227126397507
2022-03-03 00:00:00+00:00,CELOUSDT,celo,0.027781642368793522,False,True,-470.4216079864041,839.2898315498087
2022-03-10 00:00:00+00:00,ENSUSDT,ens,0.0273526798026537,True,True,900.305436826096,-178.61751761079145
2022-04-01 00:00:00+00:00,HBARUSDT,hedera,0.07853902596401931,False,True,,
2022-04-01 00:00:00+00:00,COMPUSDT,compound-finance,0.04893618905868215,False,True,-3664.8447837150115,-3009.7427867319875
2022-04-01 00:00:00+00:00,RUNEUSDT,thorchain-dex,0.010000368897797658,True,True,-5228.170565173517,-4573.068568190493
2022-04-02 00:00:00+00:00,CELOUSDT,celo,0.033405104655043524,True,True,-1619.978736734693,-1194.6620095624985
2022-04-08 00:00:00+00:00,IMXUSDT,immutablex,0.031810392242002015,True,True,,
2022-04-10 00:00:00+00:00,ENSUSDT,ens,0.026248617874702937,True,True,1913.8891887601199,1083.008646834721
2022-04-17 00:00:00+00:00,APEUSDT,apecoin,0.026463963963963964,False,True,-621.7262442922378,-1313.9387975126929
2022-04-26 00:00:00+00:00,AVAXUSDT,avalanche,0.08062401723933504,False,True,1194.7200468781987,520.116033172863
2022-05-01 00:00:00+00:00,ALPHAUSDT,stella,0.0526872911032647,False,True,2245.6304138693995,2008.1400938178074
2022-05-02 00:00:00+00:00,COMPUSDT,compound-finance,0.015546832257818102,True,True,1721.2464678568574,1599.7386223265173
2022-05-02 00:00:00+00:00,CELOUSDT,celo,0.03232527544577432,True,True,1292.289330922243,1170.781485391903
2022-05-08 00:00:00+00:00,IMXUSDT,immutablex,0.02876362561289352,True,True,-437.5106710430183,-1382.6850411423516
2022-05-09 00:00:00+00:00,GMTUSDT,stepn,0.03,False,True,4414.83615863948,2365.9605942637795
2022-05-10 00:00:00+00:00,ENSUSDT,ens,0.025241642205519037,True,True,4583.243084646604,2649.92141777601
2022-05-17 00:00:00+00:00,APEUSDT,apecoin,0.02578167855183763,True,True,-360.066208898453,-465.02644492192456
2022-06-02 00:00:00+00:00,CELOUSDT,celo,0.03131307177557554,True,True,497.97648955539876,690.2575598901473
2022-06-09 00:00:00+00:00,GMTUSDT,stepn,0.02912621359223301,True,True,221.70388873856004,232.18359970407508
2022-06-10 00:00:00+00:00,ENSUSDT,ens,0.02429848535993114,True,True,370.14019368800723,-25.524598205602587
2022-06-17 00:00:00+00:00,APEUSDT,apecoin,0.025133689839572194,True,True,3242.9161875200866,145.12331041713045
2022-07-01 00:00:00+00:00,OPUSDT,optimism-foundation,0.11052631578947378,False,True,-357.6493745709827,-1241.3885671193425
2022-07-01 00:00:00+00:00,HBARUSDT,hedera,0.13921334438354155,False,True,1525.8586700951323,642.1194775467726
2022-07-02 00:00:00+00:00,CELOUSDT,celo,0.030362333836867716,True,True,895.6552706006322,-35.08298671405736
2022-07-09 00:00:00+00:00,GMTUSDT,stepn,0.02830188679245283,True,True,-2291.4979785758187,-1156.947333778022
2022-07-10 00:00:00+00:00,ENSUSDT,ens,0.023433110885921718,True,True,-980.2141373158946,-177.69851134122237
2022-07-17 00:00:00+00:00,APEUSDT,apecoin,0.024517475221700575,True,True,-97.04902795504736,-367.0217517388954
2022-07-26 00:00:00+00:00,AVAXUSDT,avalanche,0.03576594338391242,False,True,1328.6086153134208,804.6983641259767
2022-07-26 00:00:00+00:00,BNBUSDT,binance-smart-chain,0.11018814923139106,False,True,458.89592148583625,-65.01432970160779
2022-08-01 00:00:00+00:00,ALPHAUSDT,stella,0.05005027755967871,False,True,-2273.179777992278,-1897.6791057926614
2022-08-02 00:00:00+00:00,CELOUSDT,celo,0.02371123502969344,True,True,-1738.0925940119757,-893.461650083491
2022-08-09 00:00:00+00:00,ENSUSDT,ens,0.022627256134658248,True,True,-688.0837904388155,-880.4586906739363
2022-08-09 00:00:00+00:00,GMTUSDT,stepn,0.027522935779816515,True,True,-140.71715757448519,-333.0920578096059
2022-08-17 00:00:00+00:00,APEUSDT,apecoin,0.023930753564154784,True,True,896.9387096946343,1184.4809171159693
2022-08-22 00:00:00+00:00,COMPUSDT,compound-finance,0.05155707261972512,False,True,1882.7653414843012,601.5085500952695
2022-08-26 00:00:00+00:00,LINKUSDT,chainlink,0.04463246007675079,False,True,1358.2278370860931,199.00080409317408
2022-09-01 00:00:00+00:00,CELOUSDT,celo,0.028624142307781947,True,True,646.3424779005525,-18.659804672699277
2022-09-08 00:00:00+00:00,GMTUSDT,stepn,0.026785714285714284,True,True,171.4856771291731,-190.16432386797507
2022-09-09 00:00:00+00:00,ENSUSDT,ens,0.021866410586811526,True,True,-1604.4247773553598,-1025.8002134337441
2022-09-16 00:00:00+00:00,APEUSDT,apecoin,0.10293386374937842,True,True,-455.1427806473068,-166.5625957941104
2022-10-01 00:00:00+00:00,HBARUSDT,hedera,0.034887991216434475,False,True,596.3656606915681,652.814791492109
2022-10-02 00:00:00+00:00,CELOUSDT,celo,0.022398551942064273,True,True,710.3950049321835,767.9915140261621
2022-10-02 00:00:00+00:00,INJUSDT,injective-orderbook,0.03893261062177516,False,True,307.1175540903528,364.7140631843316
2022-10-09 00:00:00+00:00,GMTUSDT,stepn,0.06939130434782609,True,True,-192.02634707442544,-92.55369368276111
2022-10-09 00:00:00+00:00,ENSUSDT,ens,0.0211630928558559,True,True,-1940.7126300434932,-1841.239976651829
2022-10-15 00:00:00+00:00,FLOWUSDT,flowswap,0.24699341444370573,False,True,1210.7931827423163,979.8147073601396
2022-10-17 00:00:00+00:00,APEUSDT,apecoin,0.021190261496844005,True,True,1410.3610268978448,1451.635235098378
2022-10-25 00:00:00+00:00,AVAXUSDT,avalanche,0.033806651290724965,False,True,-312.6674186846954,-34.947744804391114
2022-10-31 00:00:00+00:00,ALPHAUSDT,stella,0.04766464866424869,False,True,-484.44971853486396,-17.218129228646838
2022-11-01 00:00:00+00:00,OPUSDT,optimism-foundation,0.06510430320179292,False,True,-2210.4419950784345,-1597.6265643132679
2022-11-01 00:00:00+00:00,CELOUSDT,celo,0.027074191298584366,True,True,-291.8045727272729,321.0108580378936
2022-11-08 00:00:00+00:00,GMTUSDT,stepn,0.0648885997723207,True,True,878.9911579762991,-171.38422230484
2022-11-09 00:00:00+00:00,ENSUSDT,ens,0.020496075756949474,True,True,3285.4551043988463,1191.4078733587976
2022-11-16 00:00:00+00:00,APEUSDT,apecoin,0.02075055187637969,True,True,2164.873088161341,1262.6512831576283
2022-11-22 00:00:00+00:00,LINKUSDT,chainlink,0.033366592841792136,False,True,-263.66957353648564,-503.50115579087645
2022-11-25 00:00:00+00:00,CVXUSDT,convex-finance,0.014009705225551047,False,True,-1292.927948118415,-1522.1832112452382
2022-12-01 00:00:00+00:00,CELOUSDT,celo,0.02636050202405829,True,True,-1789.51,-1516.4221482456824
2022-12-06 00:00:00+00:00,COMPUSDT,compound-finance,0.05116739061655684,False,True,-305.88793103448177,230.80619919997548
2022-12-07 00:00:00+00:00,IMXUSDT,immutablex,0.060079957762444444,False,True,309.06622867194324,276.4004092246924
2022-12-08 00:00:00+00:00,GMTUSDT,stepn,0.06093463653023824,True,True,-369.05189669211177,-355.7512326954238
2022-12-09 00:00:00+00:00,ENSUSDT,ens,0.01987689950652909,True,True,353.57172622425054,410.2808751116908
2022-12-12 00:00:00+00:00,APTUSDT,aptos,0.03225981563224378,True,True,1253.8894285669992,1208.5867050667841
2022-12-15 00:00:00+00:00,RAYUSDT,raydium,0.013147455779072175,False,False,12.000000000000004,365.1381169441703
2022-12-16 00:00:00+00:00,APEUSDT,apecoin,0.02032871972318339,True,True,907.3128106469694,604.915011017963
2023-01-01 00:00:00+00:00,HBARUSDT,hedera,0.2138281701711703,False,True,1336.6350545454545,1171.9184089656842
2023-01-01 00:00:00+00:00,CELOUSDT,celo,0.02568347278765448,True,True,620.964691204589,456.24804562481893
2023-01-01 00:00:00+00:00,INJUSDT,injective-orderbook,0.07894824485445939,False,True,399.4033939393943,234.68674835962412
2023-01-07 00:00:00+00:00,IMXUSDT,immutablex,0.05435047651506125,True,True,-987.3915408912178,-790.9928441372648
2023-01-08 00:00:00+00:00,GMTUSDT,stepn,0.057434863970059015,True,True,-2350.210284844504,-1967.7648319492414
2023-01-09 00:00:00+00:00,ENSUSDT,ens,0.019287365759847984,True,True,-1419.6963404063627,-1049.8649976629677
2023-01-12 00:00:00+00:00,APTUSDT,aptos,0.03003580564446276,True,True,-6866.264890061435,-5719.1616849294205
2023-01-16 00:00:00+00:00,APEUSDT,apecoin,0.019923696481559984,True,True,-1280.0356508474597,996.4694338785692
2023-01-17 00:00:00+00:00,CVXUSDT,convex-finance,0.014438091028410534,False,True,-4511.361343990665,-2205.0765261416154
2023-01-25 00:00:00+00:00,AVAXUSDT,avalanche,0.03218284061539404,False,True,-472.70864461124967,475.198906919338
2023-01-30 00:00:00+00:00,ALPHAUSDT,stella,0.045496093358709744,False,True,-641.10838005019,-617.0093605716706
2023-01-31 00:00:00+00:00,CELOUSDT,celo,0.025040349648854765,True,True,66.83961280653921,96.52731188923453
2023-02-06 00:00:00+00:00,IMXUSDT,immutablex,0.04968224855768442,True,True,-3035.1617839811533,-3452.6735784297853
2023-02-07 00:00:00+00:00,GMTUSDT,stepn,0.05431527361829567,True,True,-297.97215970425185,-93.14945137000409
2023-02-08 00:00:00+00:00,ENSUSDT,ens,0.01873808664108351,True,True,345.3530501411103,288.328306032461
2023-02-11 00:00:00+00:00,APTUSDT,aptos,0.02814333896331726,True,True,1838.389937837838,1141.4250746471155
2023-02-15 00:00:00+00:00,APEUSDT,apecoin,0.019534497090606815,True,True,612.0646450261778,1153.1950052320112
2023-03-03 00:00:00+00:00,CELOUSDT,celo,0.024428647767312545,True,True,1366.0372670807467,690.1741071639323
2023-03-03 00:00:00+00:00,COMPUSDT,compound-finance,0.0404315373915083,False,True,969.9831932773096,294.12003336049537
2023-03-03 00:00:00+00:00,LINKUSDT,chainlink,0.01791657487164495,False,True,1247.4384820487064,571.5753221318921
2023-03-08 00:00:00+00:00,IMXUSDT,immutablex,0.04575390690429368,True,True,1027.8162743186672,418.5957964556687
2023-03-10 00:00:00+00:00,GMTUSDT,stepn,0.05151710781149128,True,True,2514.716453560298,1135.6350925882732
2023-03-10 00:00:00+00:00,ENSUSDT,ens,0.01821922673405149,True,True,1937.1064685000651,558.0251075280407
2023-03-14 00:00:00+00:00,APTUSDT,aptos,0.02645613311731437,True,True,-2033.5420254500527,-1001.0697073812497
2023-03-18 00:00:00+00:00,APEUSDT,apecoin,0.08438646555238484,True,True,-868.7622526054575,2517.9777817392455
2023-03-27 00:00:00+00:00,FXSUSDT,frax-finance,0.01279027185194962,False,True,1124.4344926155327,802.3859576523827
2023-04-01 00:00:00+00:00,HBARUSDT,hedera,0.05653070418516848,False,True,-2287.688520475319,-2005.2226914390778
2023-04-02 00:00:00+00:00,CELOUSDT,celo,0.023846119317878774,True,True,-675.3419075630252,-476.0348928242255
2023-04-03 00:00:00+00:00,INJUSDT,injective-orderbook,0.03458706959085086,False,True,-3804.794764878292,-3900.0962332855584
2023-04-08 00:00:00+00:00,IMXUSDT,immutablex,0.042357446529476726,True,True,844.4614610564576,688.5998495953651
2023-04-09 00:00:00+00:00,GMTUSDT,stepn,0.11225564833005894,True,True,531.7561746367574,526.4936494594131
2023-04-10 00:00:00+00:00,ENSUSDT,ens,0.017722695215706154,True,True,-28.276616764192134,607.3584955283828
2023-04-13 00:00:00+00:00,APTUSDT,aptos,0.02499472519589738,True,True,-898.9330090909084,75.0081539258441
2023-04-17 00:00:00+00:00,APEUSDT,apecoin,0.037537024379129626,True,True,-667.7950772781621,-331.51532544511053
2023-04-26 00:00:00+00:00,AVAXUSDT,avalanche,0.030743720742860896,False,True,1646.4999666666672,1274.411008558808
2023-05-02 00:00:00+00:00,ALPHAUSDT,stella,0.043516272942303605,False,True,-2212.3156980928293,-1843.8844795616526
2023-05-03 00:00:00+00:00,CELOUSDT,celo,0.018795313358401438,True,True,455.34975369458186,706.0145820609698
2023-05-08 00:00:00+00:00,IMXUSDT,immutablex,0.03947044662144903,True,True,2091.4770248916216,1487.3594135645708
2023-05-10 00:00:00+00:00,GMTUSDT,stepn,0.10092612116521918,True,True,1297.314951875396,937.1470450945452
2023-05-10 00:00:00+00:00,ENSUSDT,ens,0.017257846848693137,True,True,1000.710938466826,640.5430316859752
2023-05-14 00:00:00+00:00,APTUSDT,aptos,0.023672023235591415,True,True,1024.6493889176368,272.33241143790104
2023-05-18 00:00:00+00:00,APEUSDT,apecoin,0.03617897337359317,True,True,-335.9020253794779,-576.5929344703874
2023-05-31 00:00:00+00:00,OPUSDT,optimism-foundation,0.40046808850360804,False,True,1703.4811431450883,1659.8003674818185
2023-06-02 00:00:00+00:00,CELOUSDT,celo,0.018399659211072217,True,True,-746.3302115537865,-495.33939488019035
2023-06-03 00:00:00+00:00,SUIUSDT,sui-foundation,0.13385247724081872,False,True,565.8118862002627,687.3879258339522
2023-06-08 00:00:00+00:00,IMXUSDT,immutablex,0.03691865903063379,True,True,111.17288620689592,-127.73196896572122
2023-06-09 00:00:00+00:00,GMTUSDT,stepn,0.09167383644090402,True,True,1162.566375500588,1027.7503829091286
2023-06-10 00:00:00+00:00,ENSUSDT,ens,0.016811692469958884,True,True,2493.6710499210103,1959.66743389709
2023-06-13 00:00:00+00:00,APTUSDT,aptos,0.022510355474625498,True,True,2175.331705242982,2279.7683543597777
2023-06-16 00:00:00+00:00,LINKUSDT,chainlink,0.040618202937408594,False,True,1125.2870139983236,1058.9494632341182
2023-06-16 00:00:00+00:00,BLURUSDT,blur,0.8837255111452028,False,True,1396.139353588517,1329.8018028243116
2023-06-16 00:00:00+00:00,PERPUSDT,perpetual-protocol,0.027197706958420047,False,False,1844.0866557312254,1777.7491049670202
2023-06-17 00:00:00+00:00,APEUSDT,apecoin,0.03491575712620534,True,True,2371.112615606935,2356.6552415946103
2023-06-29 00:00:00+00:00,PERPUSDT,perpetual-protocol,0.04013595169739515,True,False,-192.50198725099585,-105.00478332819102
2023-07-01 00:00:00+00:00,OPUSDT,optimism-foundation,0.023829418879720562,True,True,127.59251147492483,143.9046735661556
2023-07-01 00:00:00+00:00,HBARUSDT,hedera,0.037662316589765404,False,True,260.17269980713615,276.4848618983669
2023-07-03 00:00:00+00:00,INJUSDT,injective-orderbook,0.07046251709173051,False,True,-2433.1306987930793,-2206.873224032638
2023-07-03 00:00:00+00:00,SUIUSDT,sui-foundation,0.11549841001438824,True,True,464.1042200492005,690.3616948096419
2023-07-03 00:00:00+00:00,CELOUSDT,celo,0.01802031921822761,True,True,-2682.2452365503086,-2455.987761789867
2023-07-08 00:00:00+00:00,IMXUSDT,immutablex,0.03470769297870648,True,True,388.6754646731014,332.2880730561468
2023-07-08 00:00:00+00:00,COMPUSDT,compound-finance,0.05473237055113294,False,True,67.10975210344112,10.722360486486533
2023-07-09 00:00:00+00:00,GMTUSDT,stepn,0.08397548185251083,True,True,953.2440333333336,780.8797296029499
2023-07-10 00:00:00+00:00,ENSUSDT,ens,0.0163928404829331,True,True,123.91719370095757,38.42883071872064
2023-07-13 00:00:00+00:00,APTUSDT,aptos,0.021464488505188253,True,True,-546.8408725273256,-219.11248420616903
2023-07-17 00:00:00+00:00,APEUSDT,apecoin,0.033737777095172256,True,True,-551.4036673469403,-539.2329362072593
2023-07-26 00:00:00+00:00,AVAXUSDT,avalanche,0.029108225146626292,False,True,585.5886225769668,340.2556221009809
2023-07-31 00:00:00+00:00,OPUSDT,optimism-foundation,0.02327479406266215,True,True,-268.55328612187844,-523.3801440723329
2023-08-01 00:00:00+00:00,ALPHAUSDT,stella,0.04170157578818096,False,True,-403.8723653739617,-170.71116372328956
2023-08-02 00:00:00+00:00,CELOUSDT,celo,0.017656304731136396,True,True,-1245.3715489361714,-1256.411174664599
2023-08-03 00:00:00+00:00,SUIUSDT,sui-foundation,0.10742697952335693,True,True,584.7169035449825,531.8879183736053
2023-08-08 00:00:00+00:00,IMXUSDT,immutablex,0.0327205410509863,True,True,417.88759910971567,574.2378824834173
2023-08-09 00:00:00+00:00,GMTUSDT,stepn,0.07746990892173777,True,True,503.84030912476754,423.38896625765904
2023-08-10 00:00:00+00:00,ENSUSDT,ens,0.01598976769515178,True,True,235.370106749179,330.9216961874496
2023-08-13 00:00:00+00:00,APTUSDT,aptos,0.020501907239442597,True,True,-411.6438518518521,-352.2580587949304
2023-08-17 00:00:00+00:00,APEUSDT,apecoin,0.03263668779714737,True,True,1591.7417961748636,604.0455577366264
2023-08-31 00:00:00+00:00,OPUSDT,optimism-foundation,0.022745399571756555,True,True,1062.830732023726,876.415637684103
2023-09-01 00:00:00+00:00,CELOUSDT,celo,0.019849750879024994,True,True,262.9171071090047,116.31622150636318
2023-09-02 00:00:00+00:00,SUIUSDT,sui-foundation,0.09510156945213219,True,True,904.3385608269856,827.0293022791557
2023-09-03 00:00:00+00:00,FXSUSDT,frax-finance,0.01962654103619162,False,True,643.7097350667126,598.0783108490099
2023-09-07 00:00:00+00:00,IMXUSDT,immutablex,0.03097318076406028,True,True,355.9921386214073,25.725625330289546
2023-09-08 00:00:00+00:00,GMTUSDT,stepn,0.07189983523462354,True,True,-126.21784177693665,-211.72635632117488
2023-09-09 00:00:00+00:00,ENSUSDT,ens,0.01561040787131114,True,True,-380.977990197139,-360.04216268932277
2023-09-12 00:00:00+00:00,APTUSDT,aptos,0.01964299627218677,True,True,717.9297068251956,765.4465835285893
2023-09-15 00:00:00+00:00,LINKUSDT,chainlink,0.03485068060535128,False,True,43.33272162331558,135.83509219107393
2023-09-15 00:00:00+00:00,PERPUSDT,perpetual-protocol,0.024788483837174975,False,True,4139.355535209334,4231.857905777093
2023-09-16 00:00:00+00:00,APEUSDT,apecoin,0.08225025178648505,True,True,1784.0318181818177,2006.3391104933196
2023-09-19 00:00:00+00:00,SPELLUSDT,abracadabra,0.05156236430652278,False,True,-5932.9762814270725,-5151.4590603052475
2023-09-30 00:00:00+00:00,OPUSDT,optimism-foundation,0.022239552073546845,True,True,-374.9356017640742,-242.2691206154666
2023-10-02 00:00:00+00:00,CELOUSDT,celo,0.016970681587735136,True,True,-45.79824932735439,391.33378443853223
2023-10-03 00:00:00+00:00,SUIUSDT,sui-foundation,0.08517327511626299,True,True,214.5889721705606,601.5634405474631
2023-10-08 00:00:00+00:00,IMXUSDT,immutablex,0.029382030939686596,True,True,654.4442266217368,950.8191696285295
2023-10-09 00:00:00+00:00,GMTUSDT,stepn,0.06707700931672006,True,True,1212.3320628588883,1064.5400742638385
2023-10-10 00:00:00+00:00,ENSUSDT,ens,0.015244464787096627,True,True,812.0920931789257,813.2221537230943
2023-10-13 00:00:00+00:00,APTUSDT,aptos,0.018845719571836533,True,True,586.026958554769,368.8023301417991
2023-10-14 00:00:00+00:00,SEIUSDT,sei,0.06493506493506493,True,True,1284.315805442177,890.0438210398487
2023-10-15 00:00:00+00:00,CYBERUSDT,cyberconnect,0.13561682382018356,True,True,1293.973230952843,987.9566017329289
2023-10-17 00:00:00+00:00,APEUSDT,apecoin,0.029203226092351313,True,True,-616.2955463414663,-329.5149256853679
2023-10-19 00:00:00+00:00,ARBUSDT,arbitrum-foundation,0.03682525436462967,False,True,467.1949716683121,1136.877437892093
2023-10-19 00:00:00+00:00,SPELLUSDT,abracadabra,0.011484288624755687,True,True,443.2106477442755,1112.8931139680562
2023-10-26 00:00:00+00:00,AVAXUSDT,avalanche,0.0278780916638751,False,True,-2207.5714332731795,-228.07334197283194
2023-10-31 00:00:00+00:00,ALPHAUSDT,stella,0.0400321711682432,False,True,-185.8409672233826,105.96987553159867
2023-10-31 00:00:00+00:00,OPUSDT,optimism-foundation,0.021755714723065988,True,True,-76.72012716788042,215.09071558710087
2023-11-01 00:00:00+00:00,CELOUSDT,celo,0.019091815323043465,True,True,-1418.8529473684216,-1016.271628360923
2023-11-01 00:00:00+00:00,SUIUSDT,sui-foundation,0.04334067062820446,True,True,-551.6753117392293,-149.09399273173057
2023-11-02 00:00:00+00:00,SUIUSDT,sui-foundation,0.0738122543589346,True,True,-205.85564285714378,-257.56692796165936
2023-11-07 00:00:00+00:00,HFTUSDT,hashflow,0.2756534642164136,False,True,451.5043338721014,686.4522419400506
2023-11-07 00:00:00+00:00,IMXUSDT,immutablex,0.027966367129865555,True,True,-2304.3780622754502,-2069.430154207501
2023-11-08 00:00:00+00:00,GMTUSDT,stepn,0.06286051403138315,True,True,-2376.6468522566606,-1999.3622449159002
2023-11-08 00:00:00+00:00,HFTUSDT,hashflow,0.2796170365068003,True,True,-741.2222999999996,-363.9376926592388
2023-11-09 00:00:00+00:00,ENSUSDT,ens,0.014899263883556784,True,True,-1030.18113519518,-738.6634224703502
2023-11-12 00:00:00+00:00,APTUSDT,aptos,0.01812834684451861,True,True,-1292.3942733812955,-694.2641233357019
2023-11-14 00:00:00+00:00,SEIUSDT,sei,0.06097560975609756,True,True,-1947.5222046303822,-1795.580271214619
2023-11-15 00:00:00+00:00,CYBERUSDT,cyberconnect,0.1951771898979504,True,True,-1903.7052352941175,-1232.4859555702208
2023-11-16 00:00:00+00:00,APEUSDT,apecoin,0.02837459634015069,True,True,556.4743542361582,687.4501922117457
2023-11-21 00:00:00+00:00,DYDXUSDT,dydx,0.02059943390003357,False,True,-906.8502493324216,-963.0737600285015
2023-11-22 00:00:00+00:00,TRUUSDT,truefi,0.03895051713274758,False,True,-571.784045648313,-74.82932611688601
2023-11-22 00:00:00+00:00,DYDXUSDT,dydx,0.020183661891048293,True,True,1388.5794869674191,1885.5342064988463
2023-11-23 00:00:00+00:00,DYDXUSDT,dydx,0.019784341432830976,True,True,1805.5285344062427,1661.9245211982172
2023-11-24 00:00:00+00:00,BICOUSDT,hyphen,0.014013080390647746,True,True,270.2242660063683,625.1942212002981
2023-11-24 00:00:00+00:00,DYDXUSDT,dydx,0.0194005150197083,True,True,312.4651843933725,667.4351395873023
2023-11-25 00:00:00+00:00,DYDXUSDT,dydx,0.019031298036310113,True,True,-683.652173913044,-331.12478216559276
2023-11-26 00:00:00+00:00,DYDXUSDT,dydx,0.018675871951120776,True,True,-732.47949526814,-468.3787939120388
2023-11-27 00:00:00+00:00,DYDXUSDT,dydx,0.018333478258741466,True,True,671.5282423758348,641.6801441630565
2023-11-28 00:00:00+00:00,DYDXUSDT,dydx,0.018003413076520137,True,True,-576.7857356020959,-456.08649292875606
2023-11-29 00:00:00+00:00,DYDXUSDT,dydx,0.01768502231452428,True,True,-19.099009238960065,425.7286197492122
2023-11-29 00:00:00+00:00,COMPUSDT,compound-finance,0.044909966985652854,False,True,-644.5551630999367,-199.72753411176444
2023-11-30 00:00:00+00:00,BIGTIMEUSDT,big-time,0.03051643192488263,False,True,-3772.233179341866,-3691.466414602883
2023-11-30 00:00:00+00:00,OPUSDT,optimism-foundation,0.02129248156831933,True,True,369.55612126822433,450.3228860072073
2023-11-30 00:00:00+00:00,DYDXUSDT,dydx,0.01737769734912987,True,True,804.672330188678,885.4390949276608
2023-12-01 00:00:00+00:00,DYDXUSDT,dydx,0.01708087113999947,True,True,728.0543947743472,1089.8566029474823
2023-12-02 00:00:00+00:00,CELOUSDT,celo,0.0110543990502323,True,True,-544.7932925373123,-87.04730961319983
2023-12-02 00:00:00+00:00,DYDXUSDT,dydx,0.01679401473833061,True,True,526.5521942148761,984.2981771389884
2023-12-03 00:00:00+00:00,SUIUSDT,sui-foundation,0.06747303384676012,True,True,573.5750733272229,1220.8065133104706
2023-12-03 00:00:00+00:00,DYDXUSDT,dydx,0.0165166341411371,True,True,533.1314411550326,1180.3628811382803
2023-12-04 00:00:00+00:00,DYDXUSDT,dydx,0.01624826745220139,True,True,523.6622014092771,1698.1069494295136
2023-12-05 00:00:00+00:00,DYDXUSDT,dydx,0.015988482315386375,True,True,323.33386268656693,2165.673523825464
2023-12-07 00:00:00+00:00,IMXUSDT,immutablex,0.026681320966108518,True,True,-2128.4613884770747,-640.017791501479
2023-12-07 00:00:00+00:00,ARBUSDT,arbitrum-foundation,0.015200605584471288,False,True,-1573.1022197758612,-84.6586228002654
2023-12-08 00:00:00+00:00,HFTUSDT,hashflow,0.06254224646295124,True,True,-670.1684955475334,1054.6417504063347
2023-12-09 00:00:00+00:00,GMTUSDT,stepn,0.05914276916070199,True,True,-1469.384576735457,-161.2150326436542
2023-12-09 00:00:00+00:00,ENSUSDT,ens,0.01456935050011746,True,True,-1336.3757026026615,-28.206158510858877
2023-12-13 00:00:00+00:00,APTUSDT,aptos,0.09270007567970777,True,True,-1020.143790150165,-1340.7130704646909
2023-12-14 00:00:00+00:00,SEIUSDT,sei,0.05747126436781609,True,True,781.3696082111429,555.3879201713991
2023-12-15 00:00:00+00:00,LINKUSDT,chainlink,0.020206208253135526,False,True,947.6849035316577,592.3581178708298
2023-12-15 00:00:00+00:00,CYBERUSDT,cyberconnect,0.09991931660770567,True,True,1224.3827170024629,869.0559313416348
2023-12-16 00:00:00+00:00,PERPUSDT,perpetual-protocol,0.023575496717962927,False,True,-126.14990184456803,-601.01358530028
2023-12-17 00:00:00+00:00,APEUSDT,apecoin,0.02759169318372131,True,True,864.7389485013626,302.64762430044954
2023-12-24 00:00:00+00:00,BICOUSDT,hyphen,0.01334370213372668,True,True,-2209.850209691753,-2035.4940338713297
2023-12-27 00:00:00+00:00,COMPUSDT,compound-finance,0.010572274232724289,True,True,-3072.907765079365,-2812.3068650487367
2023-12-31 00:00:00+00:00,OPUSDT,optimism-foundation,0.020848563905633027,True,True,-953.8820319423869,-1250.6408737981426
2024-01-01 00:00:00+00:00,MAVUSDT,maverick-protocol,0.03735662009849209,False,True,-1149.8199631521452,-641.8988512674694
2024-01-01 00:00:00+00:00,CELOUSDT,celo,0.01090814122539618,True,True,-1429.3064992907823,-921.3853874061065
2024-01-02 00:00:00+00:00,SUIUSDT,sui-foundation,0.06207011761564029,True,True,-510.4762851254892,-136.90403142818977
2024-01-02 00:00:00+00:00,INJUSDT,injective-orderbook,0.03459010722933236,False,True,1279.6330306413295,1653.2052843386289
2024-01-04 00:00:00+00:00,BIGTIMEUSDT,big-time,0.029612756264236904,True,True,3576.2059349817814,3703.5407973671026
2024-01-07 00:00:00+00:00,IMXUSDT,immutablex,0.025493453752213797,True,True,1740.8098438588645,2018.1593205672582
2024-01-08 00:00:00+00:00,HFTUSDT,hashflow,0.04927993043856306,True,True,1258.7035176470588,2229.893137325438
2024-01-08 00:00:00+00:00,GMTUSDT,stepn,0.05305251867682961,True,True,-1191.3203534290265,-220.13073375064675
2024-01-09 00:00:00+00:00,ENSUSDT,ens,0.014250090200548597,True,True,-3724.2096596284123,-3584.7924333458704
2024-01-12 00:00:00+00:00,APTUSDT,aptos,0.08345925344211012,True,True,1593.095188383791,1263.3889168235357
2024-01-14 00:00:00+00:00,SEIUSDT,sei,0.05434782608695652,True,True,-476.3011190233977,-903.496386368533
2024-01-15 00:00:00+00:00,CYBERUSDT,cyberconnect,0.09084240552831639,True,True,-4071.355125532908,-4316.5183604292215
2024-01-16 00:00:00+00:00,APEUSDT,apecoin,0.026850833231471284,True,True,-533.2664492407802,-1314.9355322356562
2024-01-24 00:00:00+00:00,BICOUSDT,hyphen,0.012720946293081905,True,True,1604.5646822406436,912.8151382692729
2024-01-25 00:00:00+00:00,AVAXUSDT,avalanche,0.02692147021722892,False,True,1547.2148740422917,883.4388476450356
2024-01-30 00:00:00+00:00,OPUSDT,optimism-foundation,0.020422778306969293,True,True,-411.2079631237884,340.23850683297053
2024-01-31 00:00:00+00:00,MAVUSDT,maverick-protocol,0.03601135749723683,True,True,-2401.540713632205,-1842.5979722207453
2024-01-31 00:00:00+00:00,ALPHAUSDT,stella,0.038491281594948995,False,True,-114.14555256064808,444.7971888508118
2024-02-01 00:00:00+00:00,SUIUSDT,sui-foundation,0.05741388554208261,True,True,-1875.7814258662677,-1141.8476204260835
2024-02-01 00:00:00+00:00,CELOUSDT,celo,0.010765703060703997,True,True,-192.0056664098616,541.9281390303228
2024-02-02 00:00:00+00:00,LINKUSDT,chainlink,0.03345014010817325,False,True,-2811.967222718672,-1990.7989269846641
2024-02-06 00:00:00+00:00,IMXUSDT,immutablex,0.024422051089190905,True,True,-1048.7691554946675,-1076.321002711095
2024-02-07 00:00:00+00:00,HFTUSDT,hashflow,0.055588932970095116,True,True,-118.51584835301445,275.81789666597746
2024-02-08 00:00:00+00:00,ENSUSDT,ens,0.013948008275672117,True,True,-1708.8695158635567,-1060.3215203289128
2024-02-08 00:00:00+00:00,GMTUSDT,stepn,0.05037974624806995,True,True,311.56641702798436,960.1144125626282
2024-02-11 00:00:00+00:00,APTUSDT,aptos,0.07591465602541736,True,True,-109.01698678805396,1185.0973932849752
2024-02-13 00:00:00+00:00,SEIUSDT,sei,0.05154639175257732,True,True,-2203.794950617284,-597.243284122794
2024-02-14 00:00:00+00:00,CYBERUSDT,cyberconnect,0.136104950941818,True,True,-1834.738010115237,306.589953226443
2024-02-16 00:00:00+00:00,APEUSDT,apecoin,0.026148718355686048,True,True,-1885.9624613287901,-403.2944072736618
2024-02-18 00:00:00+00:00,MANTAUSDT,manta-pacific,0.03396107634253858,False,True,-604.3887627949689,326.2451807442261
2024-02-23 00:00:00+00:00,BICOUSDT,hyphen,0.01216688175429285,True,True,531.9128465116277,323.7672131443415
2024-02-26 00:00:00+00:00,ALTUSDT,altlayer,0.09575757545454545,True,True,-788.0802778734974,-344.4885505659525
2024-02-29 00:00:00+00:00,BIGTIMEUSDT,big-time,0.5486725663716814,False,True,-772.255535325506,1156.254544490816
2024-02-29 00:00:00+00:00,OPUSDT,optimism-foundation,0.020014036084978103,True,True,-60.69606577355299,1867.814014042769
2024-02-29 00:00:00+00:00,ARBUSDT,arbitrum-foundation,0.03047292098898024,False,True,-619.0533015597922,1309.45677825653
2024-02-29 00:00:00+00:00,SPELLUSDT,abracadabra,0.0472383172513723,False,True,-12526.979040924096,-10598.468961107774
2024-03-02 00:00:00+00:00,CELOUSDT,celo,0.0106269368538422,True,True,-4614.251862311557,-2489.0958521617445
2024-03-02 00:00:00+00:00,MAVUSDT,maverick-protocol,0.034759616520258926,True,True,-1128.5564651705574,996.5995449792547
2024-03-03 00:00:00+00:00,ZETAUSDT,zetachain,0.023093450380280413,False,True,269.5830058031454,2592.1055767303637
2024-03-03 00:00:00+00:00,SUIUSDT,sui-foundation,0.05336258565696589,True,True,515.7871632521626,2838.3097341793805
2024-03-08 00:00:00+00:00,IMXUSDT,immutablex,0.023423819849176297,True,True,-255.1210741404352,800.7746567776428
2024-03-08 00:00:00+00:00,HFTUSDT,hashflow,0.05266153446084847,True,True,-1213.6052520467827,-157.7095211287046
2024-03-09 00:00:00+00:00,GMTUSDT,stepn,0.047963364133805066,True,True,-235.82496002400984,718.7765589487196
2024-03-10 00:00:00+00:00,ENSUSDT,ens,0.01365512472578068,True,True,-563.8278051422709,451.8425455106519
2024-03-13 00:00:00+00:00,APTUSDT,aptos,0.06960789345757443,True,True,104.41514569036532,1577.1612288248036
2024-03-15 00:00:00+00:00,SEIUSDT,sei,0.049019607843137254,True,True,-1599.6094486532695,-1230.338854529559
2024-03-16 00:00:00+00:00,CYBERUSDT,cyberconnect,0.051504336993186045,True,True,1778.1916971654846,1343.966898960326
2024-03-16 00:00:00+00:00,PERPUSDT,perpetual-protocol,0.02230483126960642,False,True,604.2720990816385,170.04730087648002
2024-03-17 00:00:00+00:00,ARBUSDT,arbitrum-foundation,0.7074797792646285,True,True,2042.553502583805,1878.6380758068665
2024-03-17 00:00:00+00:00,APEUSDT,apecoin,0.02548238660531301,True,True,1209.8369332032935,1045.9215064263549
2024-03-19 00:00:00+00:00,MANTAUSDT,manta-pacific,0.03223741059578342,True,True,2697.6017971431575,1466.634815775458
2024-03-25 00:00:00+00:00,BICOUSDT,hyphen,0.01164698757977846,True,True,263.1526544999138,635.7680391152992
2024-03-27 00:00:00+00:00,ALTUSDT,altlayer,0.0873893802785922,True,True,-3286.413391256915,-2277.041311646905
2024-03-31 00:00:00+00:00,OPUSDT,optimism-foundation,0.019621333998300995,True,True,-471.1679731078919,550.4436500082322
2024-04-01 00:00:00+00:00,MAVUSDT,maverick-protocol,0.03359197244008255,True,True,-3297.2116459197778,-2893.400403543559
2024-04-01 00:00:00+00:00,CELOUSDT,celo,0.0127541185838682,True,True,-520.5854059405946,-116.77416356437618
2024-04-01 00:00:00+00:00,HBARUSDT,hedera,0.06053618960797863,False,True,234.01236013030478,637.8236025065231
2024-04-02 00:00:00+00:00,ZETAUSDT,zetachain,0.022188231374832584,True,True,1677.2379461046646,1019.4056849412309
2024-04-02 00:00:00+00:00,SUIUSDT,sui-foundation,0.049808126136615886,True,True,31.444701646476737,-626.387559516957
2024-04-07 00:00:00+00:00,IMXUSDT,immutablex,0.022516887550801015,True,True,1246.1170887492244,1152.0990004356931
2024-04-08 00:00:00+00:00,HFTUSDT,hashflow,0.050027034081586944,True,True,363.0698399394857,384.1860020023174
2024-04-08 00:00:00+00:00,GMTUSDT,stepn,0.0457681687884664,True,True,1163.138891967871,1184.2550540307025
2024-04-09 00:00:00+00:00,COMPUSDT,compound-finance,0.01883659217016675,False,True,305.67327228145035,261.77323150587716
2024-04-09 00:00:00+00:00,ENSUSDT,ens,0.013377495353995501,True,True,166.35165053137356,122.45160975580038
2024-04-11 00:00:00+00:00,ARBUSDT,arbitrum-foundation,0.013264422557922104,True,True,445.30202446352064,1043.3551938892156
2024-04-12 00:00:00+00:00,APTUSDT,aptos,0.06431045334885406,True,True,3171.351357639726,2919.6779967754915
2024-04-14 00:00:00+00:00,SEIUSDT,sei,0.04672897196261682,True,True,2487.787860437096,1960.5002209645556
2024-04-15 00:00:00+00:00,CYBERUSDT,cyberconnect,0.0489815735239519,True,True,4109.593860216595,3216.254107281848
2024-04-15 00:00:00+00:00,STRKUSDT,starknet-bridge,0.13689254373071624,True,True,3226.3448539682536,2333.005101033506
2024-04-16 00:00:00+00:00,APEUSDT,apecoin,0.024849170437405723,True,True,3315.368900833473,2257.041770569027
2024-04-16 00:00:00+00:00,ARBUSDT,arbitrum-foundation,0.03403149653368261,True,True,2697.8493290051233,1639.522198740677
2024-04-17 00:00:00+00:00,ETHFIUSDT,ether.fi,0.013069443276797136,False,True,3605.5880403949736,2482.4319599184405
2024-04-19 00:00:00+00:00,MANTAUSDT,manta-pacific,0.08349150493960515,True,True,3238.3340004643214,2240.493393145792
2024-04-24 00:00:00+00:00,BICOUSDT,hyphen,0.011180812941022448,True,True,-135.99843455332396,-65.86303929236128
2024-04-25 00:00:00+00:00,AVAXUSDT,avalanche,0.02604340873535575,False,True,-540.3377396670039,-98.71178919249837
2024-04-27 00:00:00+00:00,ALTUSDT,altlayer,0.08036622562582209,True,True,314.1731587373818,329.9144002959383
2024-04-28 00:00:00+00:00,AXLUSDT,axelar-network,0.01180180285671894,True,True,997.806881206991,753.6345895618867
2024-04-29 00:00:00+00:00,CAKEUSDT,pancakeswap,0.07482967102755193,False,True,619.5687066364997,560.1840352848029
2024-04-30 00:00:00+00:00,OPUSDT,optimism-foundation,0.019243746030066296,True,True,254.47148998094193,-769.0012819637574
2024-05-01 00:00:00+00:00,ALPHAUSDT,stella,0.0370646169853567,False,True,1708.3010224986049,349.619727929213
2024-05-01 00:00:00+00:00,SUIUSDT,sui-foundation,0.12607501276149433,True,True,1477.26279704997,118.58150248057815
2024-05-01 00:00:00+00:00,MEMEUSDT,memecoin,0.2641048728722748,False,True,2214.420604854811,855.7393102854188
2024-05-02 00:00:00+00:00,MAVUSDT,maverick-protocol,0.03250022575231434,True,True,726.2392647853359,-139.74608802591584
2024-05-03 00:00:00+00:00,SUIUSDT,sui-foundation,0.5238625915928904,True,True,782.4010752577319,577.4328648453821
2024-05-03 00:00:00+00:00,ZETAUSDT,zetachain,0.02133925692230075,True,True,-3364.0026372875727,-3568.970847699922
2024-05-08 00:00:00+00:00,IMXUSDT,immutablex,0.02166625265305174,True,True,-739.7073167996638,-560.6157349924714
2024-05-08 00:00:00+00:00,HFTUSDT,hashflow,0.047643567696658,True,True,-1301.4226930232553,-1122.331111216063
2024-05-09 00:00:00+00:00,SUSHIUSDT,sushi,0.05334917907647758,False,True,-1770.7288129986619,-902.5403706788127
2024-05-09 00:00:00+00:00,GMTUSDT,stepn,0.043765119415988075,True,True,-532.5075757575756,335.6808665622735
2024-05-10 00:00:00+00:00,ENSUSDT,ens,0.013107849731117203,True,True,704.5407620509034,988.3999535476202
2024-05-11 00:00:00+00:00,TAOUSDT,bittensor,0.024887049364576516,True,True,1251.1832205171283,907.2282742647076
2024-05-12 00:00:00+00:00,TAOUSDT,bittensor,0.02428272401334974,True,True,1820.527464581875,1494.3650289132615
2024-05-13 00:00:00+00:00,APTUSDT,aptos,0.05975397499615787,True,True,1252.3914182645956,1024.5110623486862
2024-05-13 00:00:00+00:00,TAOUSDT,bittensor,0.02370705220742687,True,True,2338.6064560736354,2110.726100157726
2024-05-14 00:00:00+00:00,SEIUSDT,sei,0.044642857142857144,True,True,1721.5743838709677,1379.2389469716493
2024-05-14 00:00:00+00:00,TAOUSDT,bittensor,0.02315804326668165,True,True,2376.1358976077186,2033.8004607084004
2024-05-15 00:00:00+00:00,STRKUSDT,starknet-bridge,0.12040939531673187,True,True,293.91185331381683,839.7707543143598
2024-05-15 00:00:00+00:00,CYBERUSDT,cyberconnect,0.08885085050622847,True,True,363.12592986419776,908.9848308647408
2024-05-16 00:00:00+00:00,ARBUSDT,arbitrum-foundation,0.045895853794842005,True,True,565.8840579141231,1223.6315969369678
2024-05-17 00:00:00+00:00,APEUSDT,apecoin,0.024246661025056102,True,True,233.84247822014058,866.1282288919186
2024-05-19 00:00:00+00:00,MANTAUSDT,manta-pacific,0.027846281355120288,True,True,1335.6959702955269,2222.273373132844
2024-05-19 00:00:00+00:00,PYTHUSDT,pyth,1.4166666666666667,False,True,1780.5226081081073,2667.1000109454244
2024-05-25 00:00:00+00:00,BICOUSDT,hyphen,0.010547421023869644,True,True,-808.9133325996761,-475.32508630897604
2024-05-27 00:00:00+00:00,SUSHIUSDT,sushi,0.05380043435365301,True,True,-1759.7057655538695,-1323.3617466103067
2024-05-27 00:00:00+00:00,ALTUSDT,altlayer,0.07438794708643216,True,True,-2115.4071201716747,-1679.063101228112
2024-05-28 00:00:00+00:00,AXLUSDT,axelar-network,0.011274327559864938,True,True,473.9364080315274,67.52709694433693
2024-05-31 00:00:00+00:00,OPUSDT,optimism-foundation,0.018880416097739702,True,True,710.7113135932601,672.0136863227834
2024-06-01 00:00:00+00:00,CELOUSDT,celo,0.012024844298520002,False,True,463.91193511008197,359.7084602308254
2024-06-01 00:00:00+00:00,SUIUSDT,sui-foundation,0.016441226398543896,True,True,404.10064217655355,299.8971672972969
2024-06-01 00:00:00+00:00,MAVUSDT,maverick-protocol,0.031477209342626135,True,True,648.2705622552185,544.0670873759618
2024-06-02 00:00:00+00:00,SUIUSDT,sui-foundation,0.04644048494566404,True,True,449.4346228915668,247.64473759815135
2024-06-02 00:00:00+00:00,ZETAUSDT,zetachain,0.020564028578114946,True,True,1570.5610822093772,1368.7711969159616
2024-06-07 00:00:00+00:00,IMXUSDT,immutablex,0.02088862854066982,True,True,298.01602866932285,420.10893475028325
2024-06-08 00:00:00+00:00,HFTUSDT,hashflow,0.04547688657260281,True,True,916.4368600682583,1144.4279961297152
2024-06-08 00:00:00+00:00,GMTUSDT,stepn,0.04193004594795783,True,True,1408.995188879384,1636.9863249408409
2024-06-09 00:00:00+00:00,ENSUSDT,ens,0.012851819642579603,True,True,2915.5655220544336,3150.5076386927362
2024-06-12 00:00:00+00:00,APTUSDT,aptos,0.025595292707869838,True,True,1099.537953866203,736.069938429907
2024-06-13 00:00:00+00:00,ARBUSDT,arbitrum-foundation,0.07534685066581391,True,True,1652.3768793860438,1032.0822857766552
2024-06-14 00:00:00+00:00,SEIUSDT,sei,0.042735042735042736,True,True,1802.9164516558878,1121.369771754695
2024-06-15 00:00:00+00:00,STRKUSDT,starknet-bridge,0.107469105328854,True,True,2299.244174796207,1815.7538153164955
2024-06-15 00:00:00+00:00,CYBERUSDT,cyberconnect,0.04288411762381003,True,True,1708.573124235628,1225.0827647559165
2024-06-16 00:00:00+00:00,ARBUSDT,arbitrum-foundation,0.028923412839602168,True,True,456.283347141674,47.68523275002434
2024-06-16 00:00:00+00:00,APEUSDT,apecoin,0.023672677634887555,True,True,366.16332834645607,-42.43478604519367
2024-06-17 00:00:00+00:00,ETHFIUSDT,ether.fi,0.02393212950433564,False,True,1531.6169256308756,963.5832417712264
2024-06-19 00:00:00+00:00,MANTAUSDT,manta-pacific,0.026662662954424328,True,True,2846.4314625151073,2513.9546897171012
2024-06-21 00:00:00+00:00,LINKUSDT,chainlink,0.03577454397955871,False,True,954.645023915901,538.7882357979721
2024-06-24 00:00:00+00:00,BICOUSDT,hyphen,0.010213803663248389,True,True,2070.0661046979862,1129.8375178173944
2024-06-27 00:00:00+00:00,ALTUSDT,altlayer,0.06923751079687775,True,True,823.5062328734244,269.3510758290194
2024-06-28 00:00:00+00:00,AXLUSDT,axelar-network,0.010779877983752292,True,True,400.1079487123377,-235.48024083748751
2024-06-30 00:00:00+00:00,OPUSDT,optimism-foundation,0.01853055157351091,True,True,19.241495630475917,-230.37722840227838
2024-07-01 00:00:00+00:00,OPUSDT,optimism-foundation,0.016171926504134283,True,True,-105.89825177735473,-140.6399056379643
2024-07-01 00:00:00+00:00,HBARUSDT,hedera,0.052155284733786576,False,True,97.17690781209556,62.43525395148601
2024-07-01 00:00:00+00:00,SUIUSDT,sui-foundation,0.010673611225569646,True,True,827.3530667006455,792.6114128400359
2024-07-02 00:00:00+00:00,MAVUSDT,maverick-protocol,0.15038283636382677,True,True,1709.6862196645836,1977.4166901158596
2024-07-03 00:00:00+00:00,SUIUSDT,sui-foundation,0.030037776935863663,True,True,1134.3853617748227,908.3405216889132
2024-07-03 00:00:00+00:00,ZETAUSDT,zetachain,0.01983274849297422,True,True,588.4233404205066,362.37850033459694
2024-07-06 00:00:00+00:00,JUPUSDT,jupiter,0.07591285204585137,False,True,102.87737079089649,-379.5606328589969
2024-07-07 00:00:00+00:00,IMXUSDT,immutablex,0.02016515746272847,True,True,2052.258026887408,1065.5348791383635
2024-07-08 00:00:00+00:00,HFTUSDT,hashflow,0.04344978627528853,True,True,1482.5397920492185,450.7478505827648
2024-07-09 00:00:00+00:00,GMTUSDT,stepn,0.040242668988213576,True,True,1435.5432927988552,558.10594866961
2024-07-09 00:00:00+00:00,ENSUSDT,ens,0.012605599789859534,True,True,1399.2696763108268,521.8323321815816
2024-07-10 00:00:00+00:00,XAIUSDT,xai-bridge,0.010563138515098847,False,True,-154.61565751776936,-886.3635790138738
2024-07-13 00:00:00+00:00,CVXUSDT,convex-finance,0.010023682853095453,False,True,12.000000000000004,554.4843528806709
2024-07-13 00:00:00+00:00,APTUSDT,aptos,0.024713301219524773,True,True,-1377.773030534213,-835.288677653542
2024-07-14 00:00:00+00:00,SEIUSDT,sei,0.040983606557377046,True,True,-1675.3786670658687,-1121.5533619809185
2024-07-15 00:00:00+00:00,CYBERUSDT,cyberconnect,0.04112069298890123,True,True,-1413.6268095541413,301.60943449649267
2024-07-15 00:00:00+00:00,STRKUSDT,starknet-bridge,0.09704027391079419,True,True,-1849.8636158699817,-134.62737181934767
2024-07-16 00:00:00+00:00,ARBUSDT,arbitrum-foundation,0.02796029756440462,True,True,-1316.1678564788504,258.0081623221606
2024-07-17 00:00:00+00:00,APEUSDT,apecoin,0.023125241253465094,True,True,-1663.7090325880388,-468.2544491677012
2024-07-17 00:00:00+00:00,ETHFIUSDT,ether.fi,0.216027947438981,True,True,-1741.76412962963,-546.3095462092923
2024-07-18 00:00:00+00:00,ETHFIUSDT,ether.fi,0.05145627415623424,True,True,-348.7946297491034,675.3288253265802
2024-07-19 00:00:00+00:00,MANTAUSDT,manta-pacific,0.02558852460301996,True,True,-2590.889315979443,-985.4488940551995
2024-07-24 00:00:00+00:00,WLDUSDT,worldcoin,0.01385519904929825,False,True,2055.994842019567,2045.8277229876933
2024-07-25 00:00:00+00:00,WLDUSDT,worldcoin,0.013665855895684398,True,True,2668.725847779769,2959.7053375867767
2024-07-25 00:00:00+00:00,ETHFIUSDT,ether.fi,0.010587860691829659,True,True,1752.2667324840763,2043.2462222910833
2024-07-26 00:00:00+00:00,AVAXUSDT,avalanche,0.024837982056760567,False,True,-605.1292630581952,54.5297829160514
2024-07-26 00:00:00+00:00,WLDUSDT,worldcoin,0.013481618046224157,True,True,810.7261171355792,1470.3851631098257
2024-07-27 00:00:00+00:00,WLDUSDT,worldcoin,0.01330228176433415,True,True,1355.8459233585218,1575.5640779276644
2024-07-27 00:00:00+00:00,ALTUSDT,altlayer,0.4206967215375991,True,True,1562.5200582524285,1782.238212821571
2024-07-28 00:00:00+00:00,AXLUSDT,axelar-network,0.010337749863839224,True,True,1196.1454645285007,1431.9578969246425
2024-07-28 00:00:00+00:00,WLDUSDT,worldcoin,0.013127654011764961,True,True,891.2096195089305,1127.022051905072
2024-07-29 00:00:00+00:00,WLDUSDT,worldcoin,0.01295755175547949,True,True,1004.7896870134401,759.2783019213756
2024-07-29 00:00:00+00:00,REZUSDT,renzo,0.6389045736871823,False,True,1340.8151705422174,1095.3037854501529
2024-07-30 00:00:00+00:00,WLDUSDT,worldcoin,0.012791801327729621,True,True,372.4373841187198,190.8209851984994
2024-07-31 00:00:00+00:00,ALPHAUSDT,stella,0.018034721880686663,False,True,890.0971855316757,705.2345511099935
2024-07-31 00:00:00+00:00,WLDUSDT,worldcoin,0.012630237834627097,True,True,29.41415273931362,-155.4484816823685
2024-07-31 00:00:00+00:00,OPUSDT,optimism-foundation,0.017903877323786944,True,True,1325.5480439384085,1140.6854095167262
2024-08-01 00:00:00+00:00,SUIUSDT,sui-foundation,0.010252913674600373,True,True,973.8264535621419,869.4509100979914
2024-08-01 00:00:00+00:00,MAVUSDT,maverick-protocol,0.026646027279792872,True,True,751.2786457114526,646.9031022473021
2024-08-01 00:00:00+00:00,WLDUSDT,worldcoin,0.012472704608974698,True,True,475.6755088805919,371.29996541644147
2024-08-02 00:00:00+00:00,WLDUSDT,worldcoin,0.012319052703540827,True,True,1278.689986116173,476.9030111439022
2024-08-02 00:00:00+00:00,ZETAUSDT,zetachain,0.19039554962106828,True,True,2601.201410979373,1799.414436007102
2024-08-02 00:00:00+00:00,SUIUSDT,sui-foundation,0.02850712399486566,True,True,1559.1924768286167,757.4055018563458
2024-08-03 00:00:00+00:00,WLDUSDT,worldcoin,0.012169140421333838,True,True,2447.5777314225056,1386.0560864295721
2024-08-03 00:00:00+00:00,WUSDT,portal,0.3070336974007282,False,True,2822.044582171076,1760.5229371781425
2024-08-04 00:00:00+00:00,WLDUSDT,worldcoin,0.012022832879757837,True,True,3130.7860764199654,1383.8230118264319
2024-08-05 00:00:00+00:00,WLDUSDT,worldcoin,0.011880001605839572,True,True,2876.832104043196,1019.1687737429226
2024-08-06 00:00:00+00:00,WLDUSDT,worldcoin,0.01174052415996578,True,True,2752.891225132852,1190.5697686646663
2024-08-07 00:00:00+00:00,WLDUSDT,worldcoin,0.01160428378581927,True,True,2897.2009497679496,1219.8939779264504
2024-08-08 00:00:00+00:00,GMTUSDT,stepn,0.03868584724308165,True,True,2170.20459428949,1626.02269958392
2024-08-08 00:00:00+00:00,HFTUSDT,hashflow,0.034917675286841136,True,True,1968.6137567094847,1424.4318620039146
2024-08-09 00:00:00+00:00,ENSUSDT,ens,0.012365895287493843,True,True,2098.4127374969175,1413.4244425793952
2024-08-12 00:00:00+00:00,APTUSDT,aptos,0.02390211226365457,True,True,-2505.760874747474,-1873.2563070206163
2024-08-14 00:00:00+00:00,SEIUSDT,sei,0.041994750551181105,True,True,-1607.3559479115468,-1137.9973280065478
2024-08-15 00:00:00+00:00,STRKUSDT,starknet-bridge,0.0884564370320328,True,True,-840.1465128845018,-459.94885264560406
2024-08-15 00:00:00+00:00,CYBERUSDT,cyberconnect,0.07515468566253905,True,True,-649.3915242603558,-269.1938640214581
2024-08-16 00:00:00+00:00,APEUSDT,apecoin,0.022602551790369046,True,True,873.2314960404113,528.5143056522415
2024-08-16 00:00:00+00:00,ARBUSDT,arbitrum-foundation,0.027049003087133823,True,True,303.6397790697683,-41.07741131840155
2024-08-26 00:00:00+00:00,XAIUSDT,xai-bridge,0.04298681107371924,False,True,-618.5453338621713,121.03507218984788
2024-08-30 00:00:00+00:00,FXSUSDT,frax-finance,0.011653777003692948,False,True,1517.5515231075694,1260.8891983047404
2024-08-30 00:00:00+00:00,BIGTIMEUSDT,big-time,0.011428571428571429,False,True,1403.1761481120598,1146.5138233092307
2024-08-30 00:00:00+00:00,OPUSDT,optimism-foundation,0.01758896662311478,True,True,321.0145117120678,64.3521869092388
2024-08-31 00:00:00+00:00,MAVUSDT,maverick-protocol,0.025527047697881552,True,True,1861.3890900269769,1061.8361702304765
2024-09-01 00:00:00+00:00,SUIUSDT,sui-foundation,0.02711459471058185,True,True,2222.3343032451317,1165.8744072623929
2024-09-02 00:00:00+00:00,ZETAUSDT,zetachain,0.1579270820314156,True,True,1842.7094576419213,1075.3557709340475
2024-09-02 00:00:00+00:00,CAKEUSDT,pancakeswap,0.0860640973021807,False,True,1101.26219520897,333.90850850109655
2024-09-07 00:00:00+00:00,HFTUSDT,hashflow,0.03989335011714386,True,True,834.8360526427938,-37.91762615621065
2024-09-08 00:00:00+00:00,GMTUSDT,stepn,0.04451414959831393,True,True,-156.49359761059657,-830.3004947711285
2024-09-08 00:00:00+00:00,ENSUSDT,ens,0.012137777233848644,True,True,736.4218899988705,62.6149928383387
2024-09-12 00:00:00+00:00,APTUSDT,aptos,0.023140538664263112,True,True,-159.83488208168473,-167.81615100033474
2024-09-13 00:00:00+00:00,SEIUSDT,sei,0.06796809370961895,True,True,-1633.5537563909777,-893.5977267615585
2024-09-14 00:00:00+00:00,STRKUSDT,starknet-bridge,0.08126777886787345,True,True,121.96663142716287,1243.2644577682781
2024-09-14 00:00:00+00:00,CYBERUSDT,cyberconnect,0.03673570632992562,True,True,-1675.6487831460681,-554.3509568049528
2024-09-15 00:00:00+00:00,ARBUSDT,arbitrum-foundation,0.026175114200287865,True,True,-163.96549999999925,660.671026759101
2024-09-16 00:00:00+00:00,APEUSDT,apecoin,0.02210296830454469,True,True,353.2920133045476,814.6681290716309
2024-09-20 00:00:00+00:00,LINKUSDT,chainlink,0.030838329934121618,False,True,-577.0357857883516,297.609111438975
2024-09-20 00:00:00+00:00,LISTAUSDT,lista-dao,0.02591691625717485,False,True,-554.3063132336018,320.33858399372485
2024-09-24 00:00:00+00:00,FXSUSDT,frax-finance,0.011427093547824048,True,True,-1560.153259787609,-447.5049727447069
2024-09-25 00:00:00+00:00,ETHFIUSDT,ether.fi,0.08489737069370355,False,True,-989.7714268656719,-550.8886474185103
2024-09-29 00:00:00+00:00,OPUSDT,optimism-foundation,0.017284942349054536,True,True,-770.0991761474614,-428.2542394386011
2024-10-01 00:00:00+00:00,MAVUSDT,maverick-protocol,0.11805709016672285,True,True,1502.3290724294575,1193.1091780489826
2024-10-01 00:00:00+00:00,HBARUSDT,hedera,0.016627139421868338,False,True,694.6594592383639,385.4395648578889
2024-10-02 00:00:00+00:00,ZETAUSDT,zetachain,0.1349675497509695,True,True,1361.6752360763264,861.1598491444917
2024-10-02 00:00:00+00:00,SUIUSDT,sui-foundation,0.025843046844534874,True,True,-935.3562302710147,-1435.8716172028496
2024-10-08 00:00:00+00:00,HFTUSDT,hashflow,0.032188203890177146,True,True,800.7062954262071,571.7435223333703
2024-10-08 00:00:00+00:00,GMTUSDT,stepn,0.03154232560736399,True,True,993.7491723864349,764.7863992935978
2024-10-09 00:00:00+00:00,TNSRUSDT,tensor,0.015560515382915389,False,True,1322.4158029123496,1211.8531072701514
2024-10-09 00:00:00+00:00,ENSUSDT,ens,0.011915377591721194,True,True,627.502863395874,516.940167753676
2024-10-12 00:00:00+00:00,APTUSDT,aptos,0.022436403871045035,True,True,-963.2409952727078,-812.1299928843825
2024-10-14 00:00:00+00:00,SEIUSDT,sei,0.06364243848664969,True,True,-794.4329983730786,-451.77872069856096
2024-10-15 00:00:00+00:00,STRKUSDT,starknet-bridge,0.0751597157116472,True,True,-565.1528864291138,116.50916424760842
2024-10-15 00:00:00+00:00,CYBERUSDT,cyberconnect,0.0354340128401393,True,True,-348.73103146333233,332.93101921338985
2024-10-16 00:00:00+00:00,APEUSDT,apecoin,0.021624991796285357,True,True,-42.25658807134965,840.276623377233
2024-10-16 00:00:00+00:00,ARBUSDT,arbitrum-foundation,0.025349719314299742,True,True,-340.80782681978036,541.7253846288023
2024-10-16 00:00:00+00:00,FXSUSDT,frax-finance,0.01171886673855644,True,True,139.05863970008025,1021.5918511486628
2024-10-17 00:00:00+00:00,ETHFIUSDT,ether.fi,0.015397731736440311,True,True,-1293.3944524732415,-184.04499968290264
2024-10-24 00:00:00+00:00,ARBUSDT,arbitrum-foundation,0.06640220189071169,True,True,23.090143235503017,50.79859339460243
2024-10-25 00:00:00+00:00,AVAXUSDT,avalanche,0.024060388905007207,False,True,787.7076666101314,705.2064186621398
2024-10-28 00:00:00+00:00,MEMEUSDT,memecoin,0.15322063059627727,False,True,368.7071825276974,470.3088738278266
2024-10-30 00:00:00+00:00,OPUSDT,optimism-foundation,0.016991249579632196,True,True,-57.77818262511762,677.2783372559376
2024-10-30 00:00:00+00:00,ALPHAUSDT,stella,0.017715232587911856,False,True,2441.984514981987,3177.041034863043
2024-10-31 00:00:00+00:00,TIAUSDT,celestia,0.5085753933953602,False,True,1882.9584318110094,2281.0831066271726
2024-10-31 00:00:00+00:00,MAVUSDT,maverick-protocol,0.02159445723673375,True,True,1327.0237697416967,1725.14844455786
2024-11-01 00:00:00+00:00,SUIUSDT,sui-foundation,0.024678031422465184,True,True,-326.0782309989116,-86.58548944551973
2024-11-01 00:00:00+00:00,ZETAUSDT,zetachain,0.11783642135261542,True,True,782.1969421711901,1021.6896837245819
2024-11-07 00:00:00+00:00,HFTUSDT,hashflow,0.03687506561178813,True,True,396.44735692442,915.4426336103149
2024-11-07 00:00:00+00:00,GMTUSDT,stepn,0.030577829745175134,True,True,4.322634280627814,523.3179109665228
2024-11-08 00:00:00+00:00,ENSUSDT,ens,0.011703436032317653,True,True,-955.1462283996912,-80.83420621945108
2024-11-11 00:00:00+00:00,APTUSDT,aptos,0.02177797402179196,True,True,-5825.836274981333,-2875.028017523774
2024-11-13 00:00:00+00:00,SEIUSDT,sei,0.05983442948854141,True,True,-2290.4716766004417,384.4655836326605
2024-11-14 00:00:00+00:00,STRKUSDT,starknet-bridge,0.06990562854366159,True,True,-502.1434183603341,1152.2888229933517
2024-11-14 00:00:00+00:00,CYBERUSDT,cyberconnect,0.1459605900549556,True,True,-741.2841731343286,913.1480682193571
2024-11-15 00:00:00+00:00,APEUSDT,apecoin,0.021167250184691483,True,True,-196.4397431137744,1771.5934909734008
2024-11-15 00:00:00+00:00,ARBUSDT,arbitrum-foundation,0.02300312238854158,True,True,-366.6951249828418,1601.3381091043332
2024-11-29 00:00:00+00:00,OPUSDT,optimism-foundation,0.016707370478021014,True,True,-1690.2872243539716,-1806.4240362580026
2024-11-29 00:00:00+00:00,BIGTIMEUSDT,big-time,0.011299435028248588,False,True,-2027.3062097840989,-2143.4430216881296
2024-12-01 00:00:00+00:00,MAVUSDT,maverick-protocol,0.02084396735867488,True,True,-3709.366700099498,-3768.1706897671042
2024-12-02 00:00:00+00:00,SUIUSDT,sui-foundation,0.023607284593985253,True,True,-3.4504134804794715,-209.93054506373397
2024-12-02 00:00:00+00:00,ZETAUSDT,zetachain,0.10453522808956163,True,True,-1741.671006053844,-1948.1511376370986
2024-12-05 00:00:00+00:00,BIGTIMEUSDT,big-time,0.33519553072625696,True,True,-4164.079676498047,-4071.843570850043
2024-12-06 00:00:00+00:00,SNXUSDT,synthetix,0.027542982463628792,False,True,-3647.5697341091827,-3155.6414636473696
2024-12-07 00:00:00+00:00,HFTUSDT,hashflow,0.0355309504051978,True,True,-2400.346778404866,-2100.998243880614
2024-12-07 00:00:00+00:00,JTOUSDT,jito,0.6446158809994332,False,True,-516.3991055374587,-217.05057101320702
2024-12-08 00:00:00+00:00,GMTUSDT,stepn,0.029670568163431124,True,True,-707.517180386456,-374.6012439860042
2024-12-09 00:00:00+00:00,ENSUSDT,ens,0.011496532750821851,True,True,1206.3815073169537,1234.1663818869329
2024-12-12 00:00:00+00:00,APTUSDT,aptos,0.02115603308465795,True,True,43.810560869565485,202.94916728329983
2024-12-13 00:00:00+00:00,SEIUSDT,sei,0.056456393398558034,True,True,1655.9265042634013,2017.098140473558
2024-12-14 00:00:00+00:00,STRKUSDT,starknet-bridge,0.06533812579228694,True,True,2141.16369348659,2236.499503084625
2024-12-14 00:00:00+00:00,CYBERUSDT,cyberconnect,0.02986264206899074,True,True,1404.0009510365637,1499.3367606345985
2024-12-15 00:00:00+00:00,ARBUSDT,arbitrum-foundation,0.022362434971159566,True,True,1201.963088125688,1728.8565139117682
2024-12-16 00:00:00+00:00,APEUSDT,apecoin,0.020728485153497893,True,True,2043.7718262156443,2641.769189050467
2024-12-20 00:00:00+00:00,LISTAUSDT,lista-dao,0.02353223651376361,False,True,2080.8418788096087,1811.8260882839243
2024-12-20 00:00:00+00:00,LINKUSDT,chainlink,0.017949466393683142,False,True,1977.0687350619671,1708.0529445362827
2024-12-28 00:00:00+00:00,GRASSUSDT,grass,0.011039943668822123,True,True,-96.39167777777661,-351.743956974358
2024-12-30 00:00:00+00:00,OPUSDT,optimism-foundation,0.016395401428132235,True,True,-241.9403310901668,-459.0240854559048
2024-12-31 00:00:00+00:00,CELOUSDT,celo,0.011091250385766784,False,True,545.0725610709103,515.9132246780946
2024-12-31 00:00:00+00:00,MAVUSDT,maverick-protocol,0.09716981995747889,True,True,258.620464023212,229.46112763039625
2025-01-01 00:00:00+00:00,HBARUSDT,hedera,0.10371567068110779,False,True,744.1502658838081,399.2031585129902
2025-01-01 00:00:00+00:00,ZETAUSDT,zetachain,0.09395577510853971,True,True,1039.711788188977,694.7646808181589
2025-01-01 00:00:00+00:00,SUIUSDT,sui-foundation,0.022620330357085286,True,True,597.1871711534279,252.24006378261006
2025-01-07 00:00:00+00:00,HFTUSDT,hashflow,0.034281376507442556,True,True,96.72764429794302,603.1631422327246
2025-01-07 00:00:00+00:00,GMTUSDT,stepn,0.02881559314291458,True,True,305.54708901379774,811.9825869485793
2025-01-08 00:00:00+00:00,JTOUSDT,jito,0.021572535784822742,True,True,1124.012764042149,1191.2276307916152
2025-01-08 00:00:00+00:00,ENSUSDT,ens,0.01129910604652805,True,True,277.3945735511565,344.60944030062285
2025-01-09 00:00:00+00:00,AEROUSDT,aerodrome,0.01065541836162489,True,True,1857.7440525483319,1594.8508968858614
2025-01-09 00:00:00+00:00,MOVEUSDT,movement,0.022222222222222223,False,True,-493.36974122817304,-756.2628968906436
2025-01-10 00:00:00+00:00,MEUSDT,magic-eden,0.03975,False,True,1265.5295941454199,1021.7731563805057
2025-01-11 00:00:00+00:00,APTUSDT,aptos,0.020577107246422362,True,True,610.0711366477047,240.53579879330482
2025-01-13 00:00:00+00:00,SEIUSDT,sei,0.05343939773693938,True,True,1930.1034921525156,1536.5698002454778
2025-01-14 00:00:00+00:00,CYBERUSDT,cyberconnect,0.028996723299911785,True,True,1714.4287740822526,1197.2853836306358
2025-01-14 00:00:00+00:00,STRKUSDT,starknet-bridge,0.061330880976117594,True,True,1754.5077653868414,1237.3643749352245
2025-01-15 00:00:00+00:00,APEUSDT,apecoin,0.020307540599673192,True,True,634.0524464344932,889.8251045165281
2025-01-15 00:00:00+00:00,ARBUSDT,arbitrum-foundation,0.02166145114972262,True,True,620.2490662803338,876.0217243623687
2025-01-16 00:00:00+00:00,AEROUSDT,aerodrome,0.010457061154122984,True,True,-182.37087505745362,328.8382982146453
2025-01-16 00:00:00+00:00,VANAUSDT,vana,0.10083592124366497,False,True,1119.4163363474324,1630.6255096195314
2025-01-18 00:00:00+00:00,ONDOUSDT,ondo-finance,1.1797590476897635,False,True,-970.1627042982673,26.144498273740144
2025-01-19 00:00:00+00:00,USUALUSDT,usual,0.18468681891405286,True,True,4081.6605916026947,4637.187995631662
2025-01-22 00:00:00+00:00,JUPUSDT,jupiter,0.4938968461158541,False,True,89.08028550941405,740.2467663255048
2025-01-23 00:00:00+00:00,AEROUSDT,aerodrome,0.010255809949899433,True,True,1758.1266090800104,2105.261751795487
2025-01-26 00:00:00+00:00,ALTUSDT,altlayer,0.1038929760502945,False,True,2765.9025743221687,2521.4034173369637
2025-01-28 00:00:00+00:00,GRASSUSDT,grass,0.010876718852290787,True,True,1623.7110426550375,1657.5267520276916
2025-01-29 00:00:00+00:00,OPUSDT,optimism-foundation,0.01613092838190273,True,True,1842.148597398485,1646.4880946026044
2025-01-30 00:00:00+00:00,ALPHAUSDT,stella,0.017406865909695014,False,True,227.65985402298998,367.65225488709274
2025-01-30 00:00:00+00:00,AEROUSDT,aerodrome,0.010056084085373354,True,True,-203.48257830170607,-63.490177437603364
2025-01-31 00:00:00+00:00,MAVUSDT,maverick-protocol,0.01814567311859591,True,True,1245.781825897716,1140.3153871759605
2025-01-31 00:00:00+00:00,JUPUSDT,jupiter,0.22040649256128078,True,True,-2675.994144533464,-2781.4605832552193
2025-02-01 00:00:00+00:00,ZETAUSDT,zetachain,0.07010553455287576,True,True,912.8865635262446,597.899811471794
2025-02-01 00:00:00+00:00,JUPUSDT,jupiter,0.02069385139874501,True,True,-1552.0623175323076,-1867.0490695867582
2025-02-01 00:00:00+00:00,SUIUSDT,sui-foundation,0.02170816691622368,True,True,768.1628037309819,453.1760516765315
2025-02-04 00:00:00+00:00,ETHFIUSDT,ether.fi,0.03009175843937237,False,True,2682.0356319529596,2316.493581615329
2025-02-06 00:00:00+00:00,HFTUSDT,hashflow,0.033116708138117956,True,True,3268.6729412762465,2533.6951661058497
2025-02-07 00:00:00+00:00,GMTUSDT,stepn,0.02800851127740611,True,True,3423.377276315791,2626.262926125128
2025-02-08 00:00:00+00:00,MOVEUSDT,movement,0.021739130434782608,True,True,2563.0600247201373,1972.2324577656566
2025-02-08 00:00:00+00:00,ENSUSDT,ens,0.011106134129650476,True,True,2686.1235866169704,2095.2960196624895
2025-02-09 00:00:00+00:00,MEUSDT,magic-eden,0.03823034383265208,True,True,-466.380463993075,-926.0598114003121
2025-02-11 00:00:00+00:00,APTUSDT,aptos,0.020028421370299466,True,True,753.5647248019886,245.73393205870605
2025-02-12 00:00:00+00:00,SEIUSDT,sei,0.0507284973884032,True,True,-110.6546540540535,-166.82395954314367
2025-02-13 00:00:00+00:00,CYBERUSDT,cyberconnect,0.1599427365707347,True,True,-1476.9460978273303,-1496.0242185811032
2025-02-13 00:00:00+00:00,STRKUSDT,starknet-bridge,0.0648683284422796,True,True,587.269445906902,568.1913251531291
2025-02-14 00:00:00+00:00,ARBUSDT,arbitrum-foundation,0.021130587325307575,True,True,-1148.9433770861517,-1061.8462299519233
2025-02-15 00:00:00+00:00,APEUSDT,apecoin,0.019903352461492146,True,True,-936.9416377967127,-852.3812334623124
2025-02-17 00:00:00+00:00,SOLVUSDT,solv-protocol,0.07932011331444759,False,True,972.2964621169924,848.8850404551213
2025-02-19 00:00:00+00:00,MELANIAUSDT,melania-meme,0.04285714285714286,False,True,896.89808181818,967.9248728514538
2025-02-19 00:00:00+00:00,USUALUSDT,usual,0.15589505679091345,True,True,1624.7237509411302,1695.750541974404
2025-02-20 00:00:00+00:00,ARBUSDT,arbitrum-foundation,0.014456806083431101,True,True,88.04665185560714,117.71195490574507
2025-02-25 00:00:00+00:00,ALTUSDT,altlayer,0.0941150802698475,True,True,1435.6873445567476,639.3198824278476
2025-02-27 00:00:00+00:00,GRASSUSDT,grass,0.010719626391095343,True,True,-665.695648677984,-1976.8825464948384
2025-02-28 00:00:00+00:00,ACXUSDT,across,0.01122787743309934,False,True,2020.3572566317082,544.8683487766655
2025-03-01 00:00:00+00:00,OPUSDT,optimism-foundation,0.015874852276752904,True,True,480.3412607735817,-588.8582703215304
2025-03-02 00:00:00+00:00,CELOUSDT,celo,0.010850557877282396,False,True,436.7890533936659,81.2209770125348
2025-03-02 00:00:00+00:00,MAVUSDT,maverick-protocol,0.017619703354032203,True,True,1158.051553356458,802.4834769753268
2025-03-03 00:00:00+00:00,SUIUSDT,sui-foundation,0.020863016827951792,True,True,2390.619657736445,1318.957944515153
2025-03-03 00:00:00+00:00,ZETAUSDT,zetachain,0.06511228601817477,True,True,2340.8912279684173,1269.2295147471254
2025-03-03 00:00:00+00:00,JUPUSDT,jupiter,0.020274298086920235,True,True,1292.2443956623674,220.58268244107595
2025-03-07 00:00:00+00:00,ENAUSDT,ethena,0.020298568247175155,False,True,-787.1574367396599,-508.87912475101683
2025-03-08 00:00:00+00:00,ENAUSDT,ethena,0.01989473363865134,True,True,-925.6858693928117,-631.9725960870064
2025-03-08 00:00:00+00:00,BERAUSDT,berachain,0.04607488575338685,False,True,1846.4421990521323,2140.155472357938
2025-03-09 00:00:00+00:00,HFTUSDT,hashflow,0.026926229021415154,True,True,1805.5889064464136,1243.0690466265346
2025-03-09 00:00:00+00:00,GMTUSDT,stepn,0.027245407961265476,True,True,2225.6769540220153,1663.157094202136
2025-03-09 00:00:00+00:00,ENAUSDT,ethena,0.019506653954054494,True,True,-815.3019178695878,-1377.821777689467
2025-03-10 00:00:00+00:00,ENAUSDT,ethena,0.019133424856424188,True,True,1156.4929413114048,-532.3555471758822
2025-03-10 00:00:00+00:00,ENSUSDT,ens,0.010921780668717511,True,True,3372.6624846747527,1683.8139961874656
2025-03-11 00:00:00+00:00,MOVEUSDT,movement,0.02127659574468085,True,True,-2071.3532391492436,-2465.4912213416387
2025-03-11 00:00:00+00:00,ENAUSDT,ethena,0.01877420992164944,True,True,-729.9542178826129,-1124.0922000750081
2025-03-12 00:00:00+00:00,MEUSDT,magic-eden,0.03682260305697082,True,True,935.7130874345546,537.0692865512706
2025-03-12 00:00:00+00:00,ENAUSDT,ethena,0.01842823438089712,True,True,298.60811333863745,-100.03568754464655
2025-03-13 00:00:00+00:00,APTUSDT,aptos,0.01951568767023504,True,True,1634.8503799571458,671.6580430835162
2025-03-13 00:00:00+00:00,ENAUSDT,ethena,0.018094779542418893,True,True,243.5850095292769,-719.6073273443529
2025-03-14 00:00:00+00:00,ENAUSDT,ethena,0.01777317780821098,True,True,68.33151351351427,-87.78760967505208
2025-03-14 00:00:00+00:00,LINKUSDT,chainlink,0.029780117141936832,False,True,1304.8593140901671,1148.7401909016007
2025-03-15 00:00:00+00:00,ENAUSDT,ethena,0.017462808212813947,True,True,1439.6749377706847,1143.0009123719833
2025-03-15 00:00:00+00:00,SEIUSDT,sei,0.04827935809725293,True,True,826.0822225364564,529.4081971377552
2025-03-16 00:00:00+00:00,CYBERUSDT,cyberconnect,0.02429396395498982,True,True,660.4421933130695,259.97039155454974
2025-03-16 00:00:00+00:00,STRKUSDT,starknet-bridge,0.06091676004409943,True,True,-130.4219721561957,-530.8937739147156
2025-03-16 00:00:00+00:00,ENAUSDT,ethena,0.017163092421518294,True,True,1573.8710686184806,1173.3992668599608
2025-03-17 00:00:00+00:00,APEUSDT,apecoin,0.019514939737629182,True,True,-1203.7339470369625,-906.7065966516934
2025-03-17 00:00:00+00:00,ARBUSDT,arbitrum-foundation,0.02021100776851601,True,True,-406.9508318774812,-109.92348149221203
2025-03-17 00:00:00+00:00,ENAUSDT,ethena,0.016873491133716646,True,True,1312.7015863235974,1609.7289367088665
2025-03-18 00:00:00+00:00,ENAUSDT,ethena,0.0165935008443422,True,True,585.9813938825845,1274.632038537341
2025-03-19 00:00:00+00:00,SOLVUSDT,solv-protocol,0.07349081364829396,True,True,-185.87293299232712,196.01499215409845
2025-03-19 00:00:00+00:00,ENAUSDT,ethena,0.016322650922478157,True,True,-8.186310208279055,373.7016149381465
2025-03-20 00:00:00+00:00,ENAUSDT,ethena,0.01606050097148078,True,True,-504.5475726402199,-389.89973610752156
2025-03-21 00:00:00+00:00,USUALUSDT,usual,0.13486955920005536,True,True,1815.0896515366433,2134.045481534924
2025-03-21 00:00:00+00:00,LISTAUSDT,lista-dao,0.021549420854520517,False,True,-756.5612032723255,-437.6053732740449
2025-03-21 00:00:00+00:00,ENAUSDT,ethena,0.015806638439467426,True,True,-411.8262553855212,-92.87042538724054
2025-03-26 00:00:00+00:00,JUPUSDT,jupiter,0.037162134262263,True,True,-557.7026546264049,-67.82411619070207
2025-03-28 00:00:00+00:00,ALTUSDT,altlayer,0.08601936118697456,True,True,593.0205828012355,567.2758628573032
2025-03-30 00:00:00+00:00,GRASSUSDT,grass,0.010565669860901164,True,True,-2267.158711889347,-2559.280865586712
2025-03-31 00:00:00+00:00,CAKEUSDT,pancakeswap,0.09642044741195899,False,True,2512.5183999009982,2105.5642863964595
2025-03-31 00:00:00+00:00,OPUSDT,optimism-foundation,0.01559293677102917,True,True,1383.3900573520864,976.4359438475476
2025-04-01 00:00:00+00:00,MAVUSDT,maverick-protocol,0.017123366139208913,True,True,2563.6436587700414,2250.352492494551
2025-04-02 00:00:00+00:00,JUPUSDT,jupiter,0.01915941428824584,True,True,3083.250925266905,2566.0345066749946
2025-04-02 00:00:00+00:00,MAVUSDT,maverick-protocol,0.0647118932025714,True,True,2714.1486306311804,2196.9322120392694
2025-04-03 00:00:00+00:00,WUSDT,portal,0.22336112670983754,False,True,1546.4013158156909,1049.1137724004748
2025-04-03 00:00:00+00:00,ZETAUSDT,zetachain,0.060771073101097264,True,True,2815.6622772366927,2318.374733821477
2025-04-03 00:00:00+00:00,SUIUSDT,sui-foundation,0.020143046967547637,True,True,1607.041070972838,1109.753527557622
2025-04-04 00:00:00+00:00,WUSDT,portal,0.23512814950678945,True,True,1236.5324574536019,818.2209649569758
2025-04-08 00:00:00+00:00,HFTUSDT,hashflow,0.031009675576072444,True,True,2122.075022887666,1371.0292302330868
2025-04-09 00:00:00+00:00,SAGAUSDT,saga,0.22283021735826095,False,True,1637.4458116117846,1318.2807062460524
2025-04-09 00:00:00+00:00,GMTUSDT,stepn,0.024723414993325508,True,True,689.525061433087,370.3599560673549
2025-04-09 00:00:00+00:00,ENSUSDT,ens,0.010743447532112321,True,True,1061.4073726006964,742.2422672349643
2025-04-10 00:00:00+00:00,TNSRUSDT,tensor,0.20365861946014907,False,True,1677.5898222912358,1164.0744685904913
2025-04-10 00:00:00+00:00,MOVEUSDT,movement,0.020833333333333332,True,True,1460.4619491655967,946.9465954648523
2025-04-11 00:00:00+00:00,MEUSDT,magic-eden,0.03551485369667188,True,True,-533.2212818083945,-507.006900575364
2025-04-13 00:00:00+00:00,APTUSDT,aptos,0.019031855810184524,True,True,57.884774119574374,142.7707447579395
2025-04-14 00:00:00+00:00,SEIUSDT,sei,0.04605581300855288,True,True,-2539.7674310611374,-1711.2998191744048
2025-04-15 00:00:00+00:00,STRKUSDT,starknet-bridge,0.07956317174977943,True,True,-49.91696436596988,460.2326104695611
2025-04-15 00:00:00+00:00,CYBERUSDT,cyberconnect,0.023717765416859927,True,True,-438.4815989949741,71.6679758405568
2025-04-16 00:00:00+00:00,ARBUSDT,arbitrum-foundation,0.019623303262495916,True,True,-590.921746459674,401.4315361507256
2025-04-17 00:00:00+00:00,APEUSDT,apecoin,0.019141396537701867,True,True,173.6737291187746,461.2116959053528
2025-04-19 00:00:00+00:00,SOLVUSDT,solv-protocol,0.06845965770171149,True,True,368.5470188755016,572.9828958164518
2025-04-20 00:00:00+00:00,TRUMPUSDT,official-trump,0.20246411911734344,False,True,469.1598153846156,589.3699475947489
2025-04-21 00:00:00+00:00,MELANIAUSDT,melania-meme,0.030821917808219176,False,True,1163.8507025974034,1552.0817853648916
2025-04-21 00:00:00+00:00,USUALUSDT,usual,0.11884146341463414,True,True,1472.2333588528666,1860.4644416203548
2025-04-26 00:00:00+00:00,MEMEUSDT,memecoin,0.07759183196216711,False,True,-476.5006922432774,747.6844280337139
2025-04-27 00:00:00+00:00,ALTUSDT,altlayer,0.07920610282026534,True,True,-757.9250863994279,198.94458914036176
2025-04-27 00:00:00+00:00,WALUSDT,walrus-protocol,0.026377688169354777,False,True,-4940.623677740865,-3983.7540022010753
2025-04-29 00:00:00+00:00,GRASSUSDT,grass,0.01041737263477741,True,True,-71.77952755905582,694.7296320767271
2025-04-30 00:00:00+00:00,ACXUSDT,across,0.05601934446792411,False,True,4.632056204380475,154.24406246769243
2025-05-01 00:00:00+00:00,ALPHAUSDT,stella,0.0171090509538985,False,True,-1669.6945187422946,-1289.2918022729768
2025-05-01 00:00:00+00:00,REZUSDT,renzo,0.15622769726248006,False,True,-1130.1853000000008,-749.782583530683
2025-05-01 00:00:00+00:00,OPUSDT,optimism-foundation,0.015353530146246427,True,True,431.45671128551015,811.8594277548278
2025-05-01 00:00:00+00:00,GUNUSDT,gunz,0.11828720132481671,False,True,-1123.354330232559,-742.9516137632414
2025-05-02 00:00:00+00:00,JUPUSDT,jupiter,0.018799232013793066,True,True,82.65866014288734,370.88308517363134
2025-05-02 00:00:00+00:00,MAVUSDT,maverick-protocol,0.015652222785073184,True,True,-30.73465246185175,257.48977256889225
2025-05-02 00:00:00+00:00,REZUSDT,renzo,0.03580762806026702,True,True,-166.25147307968365,121.97295195106032
2025-05-03 00:00:00+00:00,SUIUSDT,sui-foundation,0.019235007988966324,True,True,807.0520359625776,897.4050590036062
2025-05-03 00:00:00+00:00,ZETAUSDT,zetachain,0.05698306707472102,True,True,485.65683572757666,576.0098587686052
2025-05-07 00:00:00+00:00,BERAUSDT,berachain,0.04078904453752995,False,True,1194.8370563950339,1524.3254037797958
2025-05-09 00:00:00+00:00,GMTUSDT,stepn,0.024126915254968132,True,True,-490.15661270903036,100.80975246758113
2025-05-09 00:00:00+00:00,HFTUSDT,hashflow,0.025273586605977755,True,True,-1833.8478503668207,-1242.8814851902093
2025-05-10 00:00:00+00:00,ENSUSDT,ens,0.0105688419267831,True,True,-2924.7232421870744,-2137.578637186511
2025-05-11 00:00:00+00:00,MOVEUSDT,movement,0.02040816326530612,True,True,-3165.6201465737527,-2267.3100828076927
2025-05-12 00:00:00+00:00,MEUSDT,magic-eden,0.034296807592752374,True,True,-1904.4671255591068,-1116.6889721680227
2025-05-13 00:00:00+00:00,APTUSDT,aptos,0.01857975021211734,True,True,-2449.784830723038,-1477.9282763149201
2025-05-13 00:00:00+00:00,LAYERUSDT,solayer,0.12326799330826205,False,False,2442.9601158422693,3414.8166702503872
2025-05-13 00:00:00+00:00,BBUSDT,bouncebit,0.10064691346415455,False,True,-6688.430455096418,-5716.5739006883
2025-05-15 00:00:00+00:00,SEIUSDT,sei,0.04402806469388294,True,True,-1846.2635817097434,-1245.8415939092702
2025-05-16 00:00:00+00:00,STRKUSDT,starknet-bridge,0.07369941271785148,True,True,30.716013890718575,67.46162425657981
2025-05-16 00:00:00+00:00,CYBERUSDT,cyberconnect,0.13149920255183414,True,True,644.0883714587743,680.8339818246354
2025-05-17 00:00:00+00:00,ARBUSDT,arbitrum-foundation,0.019184603417195776,True,True,-77.42520907877265,-39.97037928216579
2025-05-17 00:00:00+00:00,APEUSDT,apecoin,0.01878188502864294,True,True,452.1001272373529,489.5549570339598
2025-05-19 00:00:00+00:00,PYTHUSDT,pyth,0.5862068965517241,False,True,2729.588524484153,2826.0047993606368
2025-05-21 00:00:00+00:00,USUALUSDT,usual,0.10621832252438825,True,True,2290.8036060046184,2862.6280571738184
2025-05-21 00:00:00+00:00,MELANIAUSDT,melania-meme,0.029900332225913623,True,True,632.5041733461173,1204.3286245153165
2025-05-27 00:00:00+00:00,ALTUSDT,altlayer,0.07339293450368559,True,True,168.60571411192265,485.6431676604956
2025-05-27 00:00:00+00:00,WALUSDT,walrus-protocol,0.025699787196662625,True,True,854.729064436341,1171.766517984914
2025-05-29 00:00:00+00:00,KMNOUSDT,kamino,0.08592761409124174,False,True,1864.0778246380662,1394.9405297089609
2025-05-29 00:00:00+00:00,SNXUSDT,synthetix,0.01175475790514705,False,True,1439.37281495778,970.2355200286747
2025-05-30 00:00:00+00:00,GRASSUSDT,grass,0.010271916808504365,True,True,3135.046614136126,2437.676659381102
2025-05-31 00:00:00+00:00,GUNUSDT,gunz,0.10577533319229945,True,True,1716.5806392484349,1432.845509255543
2025-05-31 00:00:00+00:00,REZUSDT,renzo,0.1022294752132726,True,True,2043.7794456140352,1760.0443156211434
2025-05-31 00:00:00+00:00,OPUSDT,optimism-foundation,0.015121363830817832,True,True,1218.0488700067247,934.3137400138329
2025-06-01 00:00:00+00:00,JUPUSDT,jupiter,0.018452342152470543,True,True,189.92728880638538,-9.553214953187432
2025-06-01 00:00:00+00:00,REZUSDT,renzo,0.03058622032511768,True,True,1520.1166366863913,1320.6361329268184
2025-06-01 00:00:00+00:00,MAVUSDT,maverick-protocol,0.015259306595362216,True,True,1076.9491601593622,877.4686563997894
2025-06-02 00:00:00+00:00,ZETAUSDT,zetachain,0.053639583797113276,True,True,1307.1995421564825,996.7340613030387
2025-06-03 00:00:00+00:00,STOUSDT,stakestone,0.015942403939656256,True,True,1550.9791468904086,1201.9820578530787
2025-06-08 00:00:00+00:00,HFTUSDT,hashflow,0.0291547222156827,True,True,-49.550526571525786,57.47212192424215
2025-06-09 00:00:00+00:00,ENSUSDT,ens,0.010401760118584192,True,True,-515.835686951364,-101.62213986280533
2025-06-09 00:00:00+00:00,GMTUSDT,stepn,0.023558520819620742,True,True,-699.7712772159417,-285.5577301273831
2025-06-10 00:00:00+00:00,MOVEUSDT,movement,0.02,True,True,-1710.0009337865388,-1387.7698788962462
2025-06-11 00:00:00+00:00,MEUSDT,magic-eden,0.03315954118873827,True,True,1574.0104681186278,1869.898315749238
2025-06-12 00:00:00+00:00,APTUSDT,aptos,0.018148390890158222,True,True,700.4438870083891,573.5866842525022
2025-06-13 00:00:00+00:00,BBUSDT,bouncebit,0.09042938807658996,True,True,329.09795779825356,701.4482258605459
2025-06-14 00:00:00+00:00,SEIUSDT,sei,0.042171342115015185,True,True,477.20422803437174,572.1147913034276
2025-06-15 00:00:00+00:00,CYBERUSDT,cyberconnect,0.020475724479865242,True,True,-674.4092141342784,-691.0474682536941
2025-06-15 00:00:00+00:00,STRKUSDT,starknet-bridge,0.06864063800807724,True,True,944.4448061115352,927.8065519921195
2025-06-16 00:00:00+00:00,ARBUSDT,arbitrum-foundation,0.01876551829247127,True,True,559.5578496350377,694.7494628081719
2025-06-17 00:00:00+00:00,VANAUSDT,vana,0.3907179076686396,False,True,2022.8879227030413,1548.2341621394685
2025-06-17 00:00:00+00:00,APEUSDT,apecoin,0.018435629161304902,True,True,1046.6976489510478,572.043888387475
2025-06-18 00:00:00+00:00,ZKUSDT,zksync-era,0.20950285714285713,False,True,2016.1886763080647,1559.4365527911098
2025-06-20 00:00:00+00:00,LINKUSDT,chainlink,0.03196300430243747,False,True,481.844700386042,418.09681132009695
2025-06-21 00:00:00+00:00,LISTAUSDT,lista-dao,0.1340569305820853,False,True,588.6932976095623,298.5916620568811
2025-06-21 00:00:00+00:00,MELANIAUSDT,melania-meme,0.02903225806451613,True,True,1711.4391136157337,1421.3374780630525
2025-06-21 00:00:00+00:00,USUALUSDT,usual,0.06158242191348901,True,True,3228.2603566801617,2938.1587211274805
2025-06-26 00:00:00+00:00,ARBUSDT,arbitrum-foundation,0.01590493859995943,True,True,281.61097735236785,433.9581311628103
2025-06-27 00:00:00+00:00,ALTUSDT,altlayer,0.06837471362490456,True,True,2320.6799665223666,2534.054770985714
2025-06-27 00:00:00+00:00,WALUSDT,walrus-protocol,0.025055857003639093,True,True,1171.0035104688213,1384.378314932169
2025-06-29 00:00:00+00:00,GRASSUSDT,grass,0.010131696328402027,True,True,-560.9739849255027,-3.962788137479719
2025-06-29 00:00:00+00:00,B2USDT,b2-buzz,0.05415838427337622,True,True,-3846.9935895129956,-3289.9823927249727
2025-06-30 00:00:00+00:00,OPUSDT,optimism-foundation,0.014865359256633738,True,True,-1576.4725731248718,-946.131190196994
2025-06-30 00:00:00+00:00,CAKEUSDT,pancakeswap,0.02263953431404649,False,True,-1660.15183886044,-1029.8104559325623
2025-06-30 00:00:00+00:00,ACXUSDT,across,0.3988300838875977,False,True,70.45517326007301,700.7965561879508
2025-07-01 00:00:00+00:00,REZUSDT,renzo,0.088006685356632,True,True,273.5384294536827,285.30934557603473
2025-07-01 00:00:00+00:00,GUNUSDT,gunz,0.0956571647216377,True,True,-335.58703389121155,-323.8161177688595
2025-07-01 00:00:00+00:00,JUPUSDT,jupiter,0.018118022207570396,True,True,-580.320445011197,-568.5495288888449
2025-07-02 00:00:00+00:00,REZUSDT,renzo,0.026675084389050235,True,True,-494.9605411764693,-267.9995119852712
2025-07-02 00:00:00+00:00,MAVUSDT,maverick-protocol,0.071749183283428,True,True,-1360.5714182916308,-1133.610389100433
2025-07-03 00:00:00+00:00,ZETAUSDT,zetachain,0.05065840418634045,True,True,-460.19292932501287,-271.4359538707802
2025-07-04 00:00:00+00:00,STOUSDT,stakestone,0.015692232037794792,True,True,111.79949855980017,241.3531277179911
2025-07-06 00:00:00+00:00,SUSDT,sonic,0.016577611024399058,False,True,-93.62186848211437,20.7216720042323
2025-07-08 00:00:00+00:00,HFTUSDT,hashflow,0.02830804920126922,True,True,2617.369493396379,2750.923580967353
2025-07-09 00:00:00+00:00,GMTUSDT,stepn,0.023016291047781138,True,True,-1287.9985527980537,-774.7849984833907
2025-07-10 00:00:00+00:00,ENSUSDT,ens,0.010237999655904042,True,True,-1278.0519446808507,-678.3968850720354
2025-07-11 00:00:00+00:00,MOVEUSDT,movement,0.0196078431372549,True,True,472.0861020656135,1187.2583015675443
2025-07-12 00:00:00+00:00,MEUSDT,magic-eden,0.0320952765442067,True,True,-1630.417096289729,-797.1817754077063
2025-07-13 00:00:00+00:00,APTUSDT,aptos,0.017733328892594796,True,True,-1235.5348583894117,-242.39520763418267
2025-07-13 00:00:00+00:00,BBUSDT,bouncebit,0.08212276266825669,True,True,-2871.314628614918,-1878.1749778596893
2025-07-15 00:00:00+00:00,AGTUSDT,alaya-ai,0.052631578947368515,True,True,6071.042914027149,6971.301021458586
2025-07-15 00:00:00+00:00,STRKUSDT,starknet-bridge,0.06423173101111149,True,True,-3365.402010859728,-2465.1439034282917
2025-07-15 00:00:00+00:00,SEIUSDT,sei,0.04046488366244205,True,True,-5138.386520482402,-4238.128413050966
2025-07-16 00:00:00+00:00,CYBERUSDT,cyberconnect,0.02006488149465962,True,True,-4172.423001627339,-3268.7098966590224
2025-07-17 00:00:00+00:00,ARBUSDT,arbitrum-foundation,0.01807883881897938,True,True,-3094.6276273348503,-2306.8339977589394
2025-07-17 00:00:00+00:00,APEUSDT,apecoin,0.018101909078423288,True,True,-904.8743074038786,-117.08067782796739
2025-07-18 00:00:00+00:00,ZKUSDT,zksync-era,0.03892941452529099,True,True,-244.36460744169477,-68.72326628340808
2025-07-19 00:00:00+00:00,SOLVUSDT,solv-protocol,0.14056881333769206,False,True,1321.6318906170745,1355.048718442059
2025-07-20 00:00:00+00:00,TRUMPUSDT,official-trump,0.17798387481765493,False,True,-1077.354254456375,-1085.0395358084331
2025-07-21 00:00:00+00:00,ZROUSDT,layerzero,0.0945,False,True,-903.7307170032032,-1080.1842272770318
2025-07-21 00:00:00+00:00,USUALUSDT,usual,0.05801002413217004,True,True,1146.9354857142857,970.481975440457
2025-07-21 00:00:00+00:00,MELANIAUSDT,melania-meme,0.02821316614420063,True,True,-3134.992423702951,-3311.4459339767795
2025-07-25 00:00:00+00:00,HUSDT,humanity,0.03333333333333333,False,True,-642.7043918626043,-843.670432094516
2025-07-27 00:00:00+00:00,ALTUSDT,altlayer,0.06399881310641947,True,True,-2581.577935014005,-2481.9443083840883
2025-07-27 00:00:00+00:00,WALUSDT,walrus-protocol,0.02444340650555393,True,True,-1167.3830904979434,-1067.7494638680269
2025-07-29 00:00:00+00:00,B2USDT,b2-buzz,0.02562521794297676,True,True,865.0505881423911,906.5897871556572
2025-07-29 00:00:00+00:00,SIGNUSDT,sign,0.125,False,True,492.371252978804,533.9104519920701
2025-07-31 00:00:00+00:00,JUPUSDT,jupiter,0.017795601111436327,True,True,1831.55883076923,1512.3014709090332
2025-07-31 00:00:00+00:00,BIGTIMEUSDT,big-time,0.24691358024691357,False,True,833.2285361919746,513.9711763317778
2025-07-31 00:00:00+00:00,GUNUSDT,gunz,0.08730574471800236,True,True,1382.7810251893318,1063.523665329135
2025-07-31 00:00:00+00:00,OPUSDT,optimism-foundation,0.014647617165219338,True,True,586.3981090909083,267.14074923071144
2025-07-31 00:00:00+00:00,RESOLVUSDT,resolv,0.02751922487727996,True,True,1176.9290254888203,857.6716656286234
2025-07-31 00:00:00+00:00,ALPHAUSDT,stella,0.016821255240873727,False,True,671.1638747051101,351.9065148449132
2025-07-31 00:00:00+00:00,REZUSDT,renzo,0.07730978233923352,True,True,2.173601232665439,-317.08375862753144
2025-08-01 00:00:00+00:00,REZUSDT,renzo,0.023665492604309297,True,True,-371.7839178835115,-711.7298454468515
2025-08-01 00:00:00+00:00,RESOLVUSDT,resolv,0.0963324572279672,True,True,945.6759427014566,605.7300151381165
2025-08-01 00:00:00+00:00,MAVUSDT,maverick-protocol,0.013761249061583672,True,True,-549.098917391306,-889.0448449546462
2025-08-02 00:00:00+00:00,ZETAUSDT,zetachain,0.047998609605529936,True,True,1809.8042086001833,1408.7026943824733
2025-08-03 00:00:00+00:00,STOUSDT,stakestone,0.015449790342800288,True,True,2775.0896837739765,2502.7087029654786
2025-08-08 00:00:00+00:00,HFTUSDT,hashflow,0.027509164310563685,True,True,-1478.006231752305,-1388.0792492295873
2025-08-08 00:00:00+00:00,GMTUSDT,stepn,0.02249845994554757,True,True,-633.9167365043245,-543.9897539816069
2025-08-09 00:00:00+00:00,ENSUSDT,ens,0.010081137002267948,True,True,-2142.0558249999995,-1896.6340162700724
2025-08-10 00:00:00+00:00,MOVEUSDT,movement,0.019230769230769232,True,True,-1138.8610396825404,-602.5285433560714
2025-08-11 00:00:00+00:00,MEUSDT,magic-eden,0.031097203207510266,True,True,216.58408837616005,557.3108798709441
2025-08-12 00:00:00+00:00,APTUSDT,aptos,0.017339529776402157,True,True,-1089.218300064249,-680.8155570578263
2025-08-12 00:00:00+00:00,BBUSDT,bouncebit,0.07521380409371577,True,True,-2779.663769528236,-2371.2610265218136
2025-08-12 00:00:00+00:00,LAYERUSDT,solayer,0.10510668130743235,False,False,-485.42298947368545,-77.02024646726265
2025-08-14 00:00:00+00:00,SEIUSDT,sei,0.03889115749875713,True,True,-1390.1591574870913,-1116.9367053942233
2025-08-14 00:00:00+00:00,SHELLUSDT,myshell,0.09179921668931347,False,True,408.6541511530401,681.8766032459081
2025-08-15 00:00:00+00:00,AGTUSDT,alaya-ai,0.050000000000000086,True,True,1550.8434524906813,1579.7591938752144
2025-08-15 00:00:00+00:00,CYBERUSDT,cyberconnect,0.11164477245172891,True,True,-4277.984086895746,-4249.068345511213
2025-08-15 00:00:00+00:00,STRKUSDT,starknet-bridge,0.06035502338394462,True,True,-527.7558025236603,-498.8400611391275
2025-08-16 00:00:00+00:00,ARBUSDT,arbitrum-foundation,0.01757724787478299,True,True,-1246.6526126436775,-1201.9009300000475
2025-08-16 00:00:00+00:00,APEUSDT,apecoin,0.01778005611914526,True,True,10.187220497289609,54.93890314091946
2025-08-18 00:00:00+00:00,ZKUSDT,zksync-era,0.03747070203328363,True,True,-1175.3957081401331,-1403.5123429409748
2025-08-19 00:00:00+00:00,SOLVUSDT,solv-protocol,0.020023715992559275,True,True,111.87275903337233,-384.33392529962714
2025-08-20 00:00:00+00:00,KAITOUSDT,kaito,0.09671756026354203,False,True,645.4000515662449,180.20267521737875
2025-08-20 00:00:00+00:00,USUALUSDT,usual,0.05482937099745592,True,True,1381.6010549295763,916.40367858071
2025-08-21 00:00:00+00:00,ZROUSDT,layerzero,0.08634079488350845,True,True,1708.4403323815707,785.7840130302443
2025-08-21 00:00:00+00:00,MELANIAUSDT,melania-meme,0.027439024390243903,True,True,1180.7508676025932,258.09454825126704
2025-08-24 00:00:00+00:00,HUSDT,humanity,0.03225806451612903,True,True,1273.7876024247728,868.8494653955541
2025-08-27 00:00:00+00:00,WALUSDT,walrus-protocol,0.023860182368621075,True,True,689.0517693660327,512.3769960777602
2025-08-27 00:00:00+00:00,ALTUSDT,altlayer,0.06014932753502826,True,True,35.64013726557773,-141.03463602269477
2025-08-28 00:00:00+00:00,SOPHUSDT,sophon-bridge,0.13102954533418326,False,True,563.9542665385178,369.770990845931
2025-08-29 00:00:00+00:00,B2USDT,b2-buzz,0.012523534076679832,True,True,-679.4066268515863,-1076.1009222063535
2025-08-30 00:00:00+00:00,REZUSDT,renzo,0.06893141172878324,True,True,1210.2856135955826,557.4870249240431
2025-08-30 00:00:00+00:00,OPUSDT,optimism-foundation,0.01443616179392652,True,True,894.4466203623384,241.64803169079894
2025-08-30 00:00:00+00:00,JUPUSDT,jupiter,0.017484454729420593,True,True,386.40317011800556,-266.39541855353394
2025-08-30 00:00:00+00:00,RESOLVUSDT,resolv,0.023673867914576763,True,True,1088.5134840315727,435.7148953600332
2025-08-31 00:00:00+00:00,GUNUSDT,gunz,0.08029548739360841,True,True,2228.5881926838106,1596.2301053729343
2025-09-01 00:00:00+00:00,OPUSDT,optimism-foundation,0.06071775892908865,True,True,1205.2997700052438,872.3816074670996
2025-09-01 00:00:00+00:00,MAVUSDT,maverick-protocol,0.013452585211644167,True,True,-3334.420260160967,-3667.3384226991107
2025-09-01 00:00:00+00:00,REZUSDT,renzo,0.021254291282785293,True,True,1500.6184887573972,1167.7003262192532
2025-09-01 00:00:00+00:00,EIGENUSDT,eigencloud,0.11951316778602032,False,True,1647.4660383912253,1314.5478758530812
2025-09-02 00:00:00+00:00,SPKUSDT,spark,0.013217417654171091,False,True,1288.4724597733707,1481.2966865472404
2025-09-02 00:00:00+00:00,ZETAUSDT,zetachain,0.04559745303347715,True,True,-239.97040657596253,-47.146179802092725
2025-09-03 00:00:00+00:00,STOUSDT,stakestone,0.015214726015734169,True,True,612.6419073819346,664.2224143908837
2025-09-07 00:00:00+00:00,HFTUSDT,hashflow,0.02675413268633966,True,True,-1648.8454274334074,-1528.5423980726712
2025-09-08 00:00:00+00:00,GMTUSDT,stepn,0.017327153205779877,True,True,-500.2617812774251,-196.32567103164257
2025-09-09 00:00:00+00:00,MOVEUSDT,movement,0.018867924528301886,True,True,-787.8094397941672,-617.5830294434129
2025-09-09 00:00:00+00:00,SPKUSDT,spark,0.015134326204903025,True,True,-1310.3513943499918,-1140.1249839992374
2025-09-10 00:00:00+00:00,CARVUSDT,carv,0.02188870655875842,True,True,-558.3419611796986,-341.169902863618
2025-09-10 00:00:00+00:00,MEUSDT,magic-eden,0.030159332321699546,True,True,-294.40794128166755,-77.23588296558698
2025-09-11 00:00:00+00:00,CARVUSDT,carv,0.02691190043395858,True,True,-551.7063380156825,-226.2795199174549
2025-09-12 00:00:00+00:00,BBUSDT,bouncebit,0.06935746222482972,True,True,-2715.5204383402875,-2207.940297421234
2025-09-12 00:00:00+00:00,APTUSDT,aptos,0.016959826731422056,True,True,-912.3703811158797,-404.790240196826
2025-09-13 00:00:00+00:00,SEIUSDT,sei,0.020162781954865375,True,True,-1607.0824371379922,-1153.5330889070808
2025-09-14 00:00:00+00:00,AGTUSDT,alaya-ai,0.04761904761904755,True,True,-3407.001073010383,-2991.336213437922
2025-09-14 00:00:00+00:00,STRKUSDT,starknet-bridge,0.05691963734121035,True,True,-749.6707616707608,-334.0059020983
2025-09-14 00:00:00+00:00,CYBERUSDT,cyberconnect,0.01769468244290266,True,True,-168.6105328116281,247.0543267608327
2025-09-15 00:00:00+00:00,ARBUSDT,arbitrum-foundation,0.017226074791214584,True,True,72.43690091185373,443.78685781093543
2025-09-16 00:00:00+00:00,APEUSDT,apecoin,0.017469448347162204,True,True,261.36071810301706,689.7811919649813
2025-09-17 00:00:00+00:00,ZKUSDT,zksync-era,0.036117359227443045,True,True,55.74894834258681,523.1972381256201
2025-09-18 00:00:00+00:00,SOLVUSDT,solv-protocol,0.019630637678923674,True,True,-78.52200684997794,219.26377677259353
2025-09-20 00:00:00+00:00,KAITOUSDT,kaito,0.03153047826321563,True,True,431.98502357723595,371.1021075451368
2025-09-20 00:00:00+00:00,MELANIAUSDT,melania-meme,0.026706231454005934,True,True,725.5138185870084,664.6309025549091
2025-09-20 00:00:00+00:00,LISTAUSDT,lista-dao,0.07483028792311462,False,True,-3814.2999830041,-3875.1828990361987
2025-09-20 00:00:00+00:00,ZROUSDT,layerzero,0.24768713204373424,True,True,10.037098832073259,-50.84581720002589
2025-09-20 00:00:00+00:00,USUALUSDT,usual,0.051979374584165,True,True,586.8476164247083,525.9647003926092
2025-09-24 00:00:00+00:00,HUSDT,humanity,0.03125,True,True,-617.8880586978651,-931.2109165101747
2025-09-26 00:00:00+00:00,ALTUSDT,altlayer,0.05673665583968499,True,True,2147.8059431964243,1474.2597080684122
2025-09-26 00:00:00+00:00,WALUSDT,walrus-protocol,0.023304141307089965,True,True,1259.7602735678854,586.2140384398732
2025-09-29 00:00:00+00:00,JUPUSDT,jupiter,0.017184001827399306,True,True,1417.8387444839855,1417.2000054702567
2025-09-30 00:00:00+00:00,ZORAUSDT,zora-protocol,0.047619047619047575,False,True,2421.830559387591,2573.0656021834952
2025-09-30 00:00:00+00:00,OPUSDT,optimism-foundation,0.013391175091960717,True,True,426.753764881123,577.988807677027
2025-09-30 00:00:00+00:00,REZUSDT,renzo,0.062158003833458514,True,True,153.11709720279686,304.35213999870086
2025-09-30 00:00:00+00:00,RESOLVUSDT,resolv,0.022293102063686544,True,True,1403.494999467431,1554.7300422633348
2025-09-30 00:00:00+00:00,GUNUSDT,gunz,0.07878697785045355,True,True,-705.7927629629619,-554.5577201670579
2025-10-01 00:00:00+00:00,EIGENUSDT,eigencloud,0.1052706787585121,True,True,838.4678573224979,1381.1274921255854
2025-10-01 00:00:00+00:00,MAVUSDT,maverick-protocol,0.0634589279742203,True,True,82.70859644268745,625.3682312457748
2025-10-01 00:00:00+00:00,REZUSDT,renzo,0.019298770190833137,True,True,-678.0554339207032,-135.39579911761572
2025-10-02 00:00:00+00:00,ZETAUSDT,zetachain,0.043431194466348466,True,True,20.369863867978548,636.2343017855031
2025-10-03 00:00:00+00:00,STOUSDT,stakestone,0.07464839523981247,True,True,-891.4088232243391,253.363623268092
2025-10-03 00:00:00+00:00,WUSDT,portal,0.011101488186756851,False,True,-1788.4517772864517,-643.6793307940205
2025-10-08 00:00:00+00:00,GMTUSDT,stepn,0.017032036499938997,True,True,-193.1712370723954,548.0970358729512
2025-10-08 00:00:00+00:00,HFTUSDT,hashflow,0.026039439924391682,True,True,-169.4183617372156,571.849911208131
2025-10-08 00:00:00+00:00,SPKUSDT,spark,0.023517294738852824,True,True,-245.3127337552763,495.9555391900703
2025-10-10 00:00:00+00:00,LINKUSDT,chainlink,0.027654476545790136,False,True,2165.2577471503064,1517.622082342413
2025-10-10 00:00:00+00:00,MOVEUSDT,movement,0.018518518518518517,True,True,3231.8952879581147,2584.2596231502216
2025-10-11 00:00:00+00:00,MEUSDT,magic-eden,0.029276376357945128,True,True,3267.543206584557,2233.5848264226256
2025-10-11 00:00:00+00:00,CARVUSDT,carv,0.11840482040710093,True,True,2521.946231966591,1487.9878518046594
2025-10-12 00:00:00+00:00,BBUSDT,bouncebit,0.06436415007706878,True,True,3473.601920734057,2897.16339069004
2025-10-12 00:00:00+00:00,APTUSDT,aptos,0.016598886440742703,True,True,2395.716136207657,1819.2776061636403
2025-10-12 00:00:00+00:00,ATHUSDT,aethir,0.08701027656915182,False,True,1427.2221071143983,850.7835770703814
2025-10-14 00:00:00+00:00,SEIUSDT,sei,0.019764279104780583,True,True,2436.1272718884834,1470.112744089991
2025-10-15 00:00:00+00:00,AGTUSDT,alaya-ai,0.04545454545454539,True,True,2978.0840406409816,2023.9486804301318
2025-10-15 00:00:00+00:00,CYBERUSDT,cyberconnect,0.017387024564604878,True,True,2882.3592312899104,1928.223871079061
2025-10-15 00:00:00+00:00,DEEPUSDT,deepbook,0.1818045736468457,False,True,2884.618937226554,1930.4835770157044
2025-10-15 00:00:00+00:00,STRKUSDT,starknet-bridge,0.05385427172532936,True,True,3000.5093697947223,2046.3740095838725
2025-10-16 00:00:00+00:00,ARBUSDT,arbitrum-foundation,0.01688708734290951,True,True,2664.402708350683,1508.5949840914272
2025-10-16 00:00:00+00:00,APEUSDT,apecoin,0.017169506539523732,True,True,3142.3406018409173,1986.5328775816613
2025-10-17 00:00:00+00:00,ZKUSDT,zksync-era,0.03485836706217635,True,True,3443.026763148316,2206.591307510598
2025-10-17 00:00:00+00:00,WUSDT,portal,0.010935314626085322,True,True,3435.8362863922644,2199.4008307545464
2025-10-18 00:00:00+00:00,SOLVUSDT,solv-protocol,0.01925269499905441,True,True,1930.841002609553,1418.2421405807836
2025-10-20 00:00:00+00:00,ZROUSDT,layerzero,0.06370070778564206,True,True,1147.0331741770597,716.6162326738483
2025-10-20 00:00:00+00:00,KAITOUSDT,kaito,0.03056669572798604,True,True,548.8855877501305,118.46864624691922
2025-10-20 00:00:00+00:00,USUALUSDT,usual,0.049411020634042215,True,True,221.18642430017846,-209.23051720303283
2025-10-20 00:00:00+00:00,MELANIAUSDT,melania-meme,0.02601156069364162,True,True,2091.6068769290723,1661.189935425861
2025-10-21 00:00:00+00:00,SPKUSDT,spark,0.011998444319881028,True,True,1112.1230225668944,493.18210400959276
2025-10-23 00:00:00+00:00,MEMEUSDT,memecoin,0.0602964139150448,False,True,276.30033290246735,269.36432582918445
2025-10-24 00:00:00+00:00,HUSDT,humanity,0.030303030303030304,True,True,-21403.57392128044,-21233.245924009934
2025-10-24 00:00:00+00:00,INITUSDT,initia,0.03007603820369393,False,True,367.6012472237795,537.9292444942856
2025-10-26 00:00:00+00:00,XPLUSDT,plasma,0.049382716049382686,False,True,741.7488568745486,1466.5596295355335
2025-10-27 00:00:00+00:00,WALUSDT,walrus-protocol,0.022773426165678415,True,True,-136.29305453788535,398.91922271880475
2025-10-27 00:00:00+00:00,ALTUSDT,altlayer,0.05369043983299882,True,True,-247.2954104547816,287.9168668019085
2025-10-28 00:00:00+00:00,GRASSUSDT,grass,0.4413015048791164,False,True,1585.2271286343603,1752.893611120614
2025-10-28 00:00:00+00:00,SIGNUSDT,sign,0.21481481481481482,False,True,6.325601986098342,173.99208447235208
2025-10-29 00:00:00+00:00,B2USDT,b2-buzz,0.029235710882375004,False,True,3676.4993629195674,3902.2643608209873
2025-10-29 00:00:00+00:00,JUPUSDT,jupiter,0.01689370044802884,True,True,-2180.197276630122,-1954.4322787287024
2025-10-30 00:00:00+00:00,OPUSDT,optimism-foundation,0.013214221142932022,True,True,357.01747574458,480.48939680987996
2025-10-30 00:00:00+00:00,REZUSDT,renzo,0.056624393591249725,True,True,1285.9482422110545,1409.4201632763545
2025-10-30 00:00:00+00:00,RESOLVUSDT,resolv,0.02106452477422802,True,True,521.092417547066,644.5643386123659
2025-10-30 00:00:00+00:00,FFUSDT,falcon-finance,0.017806267806267942,False,True,1075.3739211287977,1198.8458421940975
2025-10-30 00:00:00+00:00,ZORAUSDT,zora-protocol,0.045454545454545546,True,True,1311.9157638430434,1435.3876849083433
2025-10-31 00:00:00+00:00,ACXUSDT,across,0.03621464056975615,False,True,1675.9021893725983,1595.6860672246323
2025-10-31 00:00:00+00:00,WUSDT,portal,0.010774042464281477,True,True,1072.9552858321874,992.7391636842214
2025-10-31 00:00:00+00:00,ALPHAUSDT,stella,0.016542981526176847,False,False,-11.999999999999998,-92.21612214796602
2025-10-31 00:00:00+00:00,GUNUSDT,gunz,0.06861534239055847,True,True,1306.8190940546326,1226.6029719066664
2025-11-01 00:00:00+00:00,EIGENUSDT,eigencloud,0.0938656583207639,True,True,1665.4848907677824,1582.2786935526278
2025-11-01 00:00:00+00:00,MAVUSDT,maverick-protocol,0.01227457747709569,True,True,1394.5926409912236,1311.386443776069
2025-11-01 00:00:00+00:00,REZUSDT,renzo,0.017664574326734208,True,True,1359.219230746847,1276.0130335316924
2025-11-02 00:00:00+00:00,MUSDT,memecore,0.02569444444444452,False,True,-293.4586478943604,-480.4898154972486
2025-11-02 00:00:00+00:00,ZETAUSDT,zetachain,0.04145586738352556,True,True,263.0120585406309,75.98089093774271
2025-11-03 00:00:00+00:00,STOUSDT,stakestone,0.030816527136210737,True,True,73.68164536862027,-659.8387765833431
2025-11-04 00:00:00+00:00,SPKUSDT,spark,0.013112848908374115,True,True,2305.2004762004176,1117.0670651528192
2025-11-07 00:00:00+00:00,HFTUSDT,hashflow,0.02536193737612358,True,True,-438.66096101082974,-1054.7901271703713
2025-11-08 00:00:00+00:00,GMTUSDT,stepn,0.01674680431754523,True,True,160.90043122190357,-574.9414609521117
2025-11-09 00:00:00+00:00,MOVEUSDT,movement,0.01818181818181818,True,True,731.928972473306,386.60564529830793
2025-11-10 00:00:00+00:00,MEUSDT,magic-eden,0.02844364937388193,True,True,241.6200343519966,-98.55651243328492
2025-11-10 00:00:00+00:00,CARVUSDT,carv,0.03622434685732205,True,True,413.5296544217691,73.3531076364876
2025-11-11 00:00:00+00:00,LAYERUSDT,solayer,0.09510998628936211,False,False,-1018.1158736104628,-1367.468169229695
2025-11-12 00:00:00+00:00,APTUSDT,aptos,0.016250207337943457,True,True,-2190.446380459679,-2074.0975166684425
2025-11-12 00:00:00+00:00,BBUSDT,bouncebit,0.045348129043080665,True,True,-198.27990564563055,-81.9310418543939
2025-11-13 00:00:00+00:00,SEIUSDT,sei,0.019381223200062497,True,True,-135.9814544735236,-600.5948008016193
2025-11-14 00:00:00+00:00,KMNOUSDT,kamino,0.018593182202912353,False,True,557.6735663366343,-76.84638496198701
2025-11-14 00:00:00+00:00,WUSDT,portal,0.010617457998013596,True,True,477.84854614585106,-156.67140515277018
2025-11-14 00:00:00+00:00,AGTUSDT,alaya-ai,0.054658385093167776,True,False,790.0363345518551,155.51638325323393
2025-11-14 00:00:00+00:00,STRKUSDT,starknet-bridge,0.051102199962772224,True,True,-6170.9392137440755,-6805.459165042696
2025-11-14 00:00:00+00:00,CYBERUSDT,cyberconnect,0.09699931405178105,True,True,-141.79528350515426,-776.3152348037755
2025-11-15 00:00:00+00:00,ARBUSDT,arbitrum-foundation,0.016562695604340563,True,True,1930.2622915208617,1202.642264756695
2025-11-16 00:00:00+00:00,APEUSDT,apecoin,0.016879690581696163,True,True,1087.60262335207,437.22361757417735
2025-11-17 00:00:00+00:00,ZKUSDT,zksync-era,0.03368419116244338,True,True,1877.1333436439932,533.801239906273
2025-11-17 00:00:00+00:00,ASTERUSDT,aster,0.03417015341701534,True,True,-771.6570936086524,-2114.9891973463727
2025-11-18 00:00:00+00:00,SOLVUSDT,solv-protocol,0.01888903026061881,True,True,571.1147350029136,-734.231165091337
2025-11-19 00:00:00+00:00,KAITOUSDT,kaito,0.029660084936466838,True,True,96.44750468521244,-984.0541445041949
2025-11-19 00:00:00+00:00,USUALUSDT,usual,0.07644437149834216,True,True,987.2993695090449,-93.20227968036228
2025-11-20 00:00:00+00:00,ZROUSDT,layerzero,0.05988593155893536,True,True,1180.5455165605104,-261.84016072463396
2025-11-20 00:00:00+00:00,MELANIAUSDT,melania-meme,0.02535211267605634,True,True,1731.050006872189,288.6643295870448
2025-11-20 00:00:00+00:00,USUALUSDT,usual,0.09804393490830257,True,True,653.7935497382194,-788.5921275469249
2025-11-24 00:00:00+00:00,HUSDT,humanity,0.029411764705882353,True,True,1670.5365148456933,903.0333569863192
2025-11-25 00:00:00+00:00,METUSDT,meteora,0.01000801910485947,False,True,1212.1551482933003,702.5986948770021
2025-11-25 00:00:00+00:00,XPLUSDT,plasma,0.047058823529411736,True,True,1372.4661196078428,862.9096661915447
2025-11-26 00:00:00+00:00,ALTUSDT,altlayer,0.05095466163810722,True,True,310.3747340659341,87.17634831007993
2025-11-26 00:00:00+00:00,WALUSDT,walrus-protocol,0.02226634519734696,True,True,1279.417171197411,1056.218785441557
2025-11-28 00:00:00+00:00,JUPUSDT,jupiter,0.016613044648212068,True,True,255.29511890838194,654.481836600895
2025-11-28 00:00:00+00:00,WUSDT,portal,0.01046535976940255,True,True,944.8216952058887,1344.0084128984017
2025-11-28 00:00:00+00:00,GRASSUSDT,grass,0.03817275987054709,True,True,3573.9452992457936,3973.132016938307
2025-11-29 00:00:00+00:00,B2USDT,b2-buzz,0.02820685451717586,True,True,2715.358594266721,3430.4962917250164
2025-11-29 00:00:00+00:00,FFUSDT,falcon-finance,0.017494751574527574,True,True,1232.2069909814334,1947.3446884397288
2025-11-30 00:00:00+00:00,ZORAUSDT,zora-protocol,0.043478260869565175,True,True,874.5493589437816,1102.9381067345844
2025-11-30 00:00:00+00:00,ACXUSDT,across,0.02380100656507512,True,True,444.13103328105905,672.519781071862
2025-11-30 00:00:00+00:00,RESOLVUSDT,resolv,0.019804528629642798,True,True,1553.7703940466863,1782.1591418374892
2025-11-30 00:00:00+00:00,REZUSDT,renzo,0.05197210281860971,True,True,452.26943580550767,680.6581835963104
2025-11-30 00:00:00+00:00,OPUSDT,optimism-foundation,0.013041882819238208,True,True,191.01246825396856,419.40121604477145
2025-11-30 00:00:00+00:00,GUNUSDT,gunz,0.06806215487350707,True,True,329.96502384737636,558.3537716381792
2025-12-01 00:00:00+00:00,MAVUSDT,maverick-protocol,0.012031625761384617,True,True,-412.2105086515703,-450.71514869364574
2025-12-01 00:00:00+00:00,EIGENUSDT,eigencloud,0.08431660847642823,True,True,707.3395009192877,668.8348608772122
2025-12-01 00:00:00+00:00,REZUSDT,renzo,0.01629250142857611,True,True,489.9344577901922,451.42981774811676
2025-12-02 00:00:00+00:00,ZETAUSDT,zetachain,0.039657496605768554,True,True,195.3721787610621,587.9241837486904
2025-12-02 00:00:00+00:00,SUIUSDT,sui-foundation,0.010315374068884857,False,True,-594.9564541400058,-202.40444915237742
2025-12-03 00:00:00+00:00,STOUSDT,stakestone,0.029895259073721245,True,True,88.88245680989863,702.5857332642311
2025-12-03 00:00:00+00:00,MUSDT,memecore,0.02505077860528088,True,True,2287.424883378016,2901.128159832349
2025-12-08 00:00:00+00:00,HFTUSDT,hashflow,0.020804416005726543,True,True,-377.4773161412358,0.1596535508551606
2025-12-08 00:00:00+00:00,GMTUSDT,stepn,0.016470968235583413,True,True,-1279.7377000000001,-902.1007303079093
2025-12-10 00:00:00+00:00,CARVUSDT,carv,0.01695975685353968,True,True,-159.30620985010614,-200.79749071253428
2025-12-10 00:00:00+00:00,MOVEUSDT,movement,0.05877976190476179,True,True,1535.6182571428583,1494.1269762804302
2025-12-11 00:00:00+00:00,MEUSDT,magic-eden,0.7988284809780583,True,True,1719.07082577804,1546.5679331996196
2025-12-11 00:00:00+00:00,CARVUSDT,carv,0.01769810319516717,True,True,-807.6134008023344,-980.1162933807545
2025-12-12 00:00:00+00:00,APTUSDT,aptos,0.015918177595503433,True,True,1519.1871381355497,1292.2508548748915
2025-12-12 00:00:00+00:00,BBUSDT,bouncebit,0.043087594422586493,True,True,1097.4176275478085,870.4813442871503
2025-12-12 00:00:00+00:00,WUSDT,portal,0.010317557701313035,True,True,1008.1448413590392,781.2085580983809
2025-12-13 00:00:00+00:00,SPKUSDT,spark,0.0414250273771686,True,True,1319.8648427244577,1410.9390566059687
2025-12-14 00:00:00+00:00,SEIUSDT,sei,0.019012733174759256,True,True,284.69668717155974,167.56464540076516
2025-12-15 00:00:00+00:00,AGTUSDT,alaya-ai,0.055359246171967004,True,False,-1937.4880006664425,-2445.7743797005123
2025-12-15 00:00:00+00:00,STRKUSDT,starknet-bridge,0.04861772714830429,True,True,1254.1332063063062,745.8468272722363
2025-12-15 00:00:00+00:00,CYBERUSDT,cyberconnect,0.01557875391651822,True,True,1070.1760374317926,561.8896583977227
2025-12-16 00:00:00+00:00,APEUSDT,apecoin,0.016599496221662464,True,True,1038.2129370558378,709.688037598782
2025-12-16 00:00:00+00:00,ARBUSDT,arbitrum-foundation,0.016249076689021487,True,True,606.0200325153382,277.49513305828253
2025-12-17 00:00:00+00:00,ZKUSDT,zksync-era,0.03258653992237549,True,True,2088.467722222222,1436.5554677168482
2025-12-17 00:00:00+00:00,VANAUSDT,vana,0.1794140343490567,False,True,518.3340609934002,-133.5781935119735
2025-12-18 00:00:00+00:00,ASTERUSDT,aster,0.11732973701955496,True,True,2843.4913501228502,2199.0673024206567
2025-12-18 00:00:00+00:00,SOLVUSDT,solv-protocol,0.018538849373800046,True,True,514.9392553886347,-129.48479231355893
2025-12-19 00:00:00+00:00,LINKUSDT,chainlink,0.016146171992795038,False,True,937.0664150289016,536.7730178850775
2025-12-20 00:00:00+00:00,LISTAUSDT,lista-dao,0.06743762719549022,False,True,1357.9462177253479,1133.0346091078625
2025-12-20 00:00:00+00:00,KAITOUSDT,kaito,0.028805705271460695,True,True,1492.5161587697842,1267.6045501522988
2025-12-20 00:00:00+00:00,MELANIAUSDT,melania-meme,0.024725274725274724,True,True,277.7929918149461,52.88138319746075
2025-12-20 00:00:00+00:00,ZROUSDT,layerzero,0.05650224215246637,True,True,929.1327935825996,704.221184965114
2025-12-24 00:00:00+00:00,HUSDT,humanity,0.04816326530612248,True,True,-12008.083916497539,-12016.586745663031
2025-12-26 00:00:00+00:00,WUSDT,portal,0.010173872304893288,True,True,-644.517532612056,-447.678051888601
2025-12-26 00:00:00+00:00,WALUSDT,walrus-protocol,0.021781354049221366,True,True,120.94288064516148,317.78236136861653
2025-12-26 00:00:00+00:00,XPLUSDT,plasma,0.04494382022471908,True,True,-1801.5736704987316,-1604.7341897752767
2025-12-27 00:00:00+00:00,ALTUSDT,altlayer,0.048484167298601395,True,True,-143.080734177216,-172.7691252043368
2025-12-28 00:00:00+00:00,JUPUSDT,jupiter,0.01634156155645335,True,True,-228.53184880892147,-251.0123207244264
2025-12-28 00:00:00+00:00,GRASSUSDT,grass,0.024374303302325637,True,True,64.64889766370518,42.16842574820024
2025-12-29 00:00:00+00:00,B2USDT,b2-buzz,0.027254080799051048,True,True,1498.3485054674682,1332.9872581669538
2025-12-29 00:00:00+00:00,GRASSUSDT,grass,0.01209502584890032,True,True,176.4847264182614,11.123479117747246
2025-12-30 00:00:00+00:00,ZORAUSDT,zora-protocol,0.04166666666666663,True,True,1007.2830144329901,938.3472024609168
2025-12-30 00:00:00+00:00,FFUSDT,falcon-finance,0.017193947730398833,True,True,812.4451973541009,743.5093853820276
2025-12-30 00:00:00+00:00,REZUSDT,renzo,0.04804621895024432,True,True,-492.4316641364123,-561.3674761084854
2025-12-30 00:00:00+00:00,OPUSDT,optimism-foundation,0.012851003581853926,True,True,139.08897907827404,70.15316710620094
2025-12-30 00:00:00+00:00,RESOLVUSDT,resolv,0.01882893153258546,True,True,-310.589627886322,-379.52543985839503
2025-12-30 00:00:00+00:00,GUNUSDT,gunz,0.06372490080557906,True,True,330.69486524701847,261.75905327494536
2025-12-31 00:00:00+00:00,MAVUSDT,maverick-protocol,0.011798104906230417,True,True,-179.6227165339389,-174.81265651757548
2025-12-31 00:00:00+00:00,REZUSDT,renzo,0.015118213782791726,True,True,-1953.3325195357004,-1948.522459519337
2026-01-01 00:00:00+00:00,SUIUSDT,sui-foundation,0.010032651276282454,True,True,-390.76772292849114,-258.3256522760626
2026-01-01 00:00:00+00:00,HBARUSDT,hedera,0.012312233000486025,False,True,-431.4165895027115,-298.97451885028295
2026-01-01 00:00:00+00:00,EIGENUSDT,eigencloud,0.07597613262147611,True,True,167.69178645294645,300.13385710537494
2026-01-01 00:00:00+00:00,MAVUSDT,maverick-protocol,0.04482156184875071,True,True,-283.191800413378,-150.7497297609495
2026-01-02 00:00:00+00:00,STOUSDT,stakestone,0.029027475182873446,True,True,2476.6703898212895,2812.5508966853117
2026-01-02 00:00:00+00:00,MUSDT,memecore,0.03812040007548598,True,True,-1650.1544681382238,-1314.2739612742016
2026-01-02 00:00:00+00:00,ZETAUSDT,zetachain,0.03800399074886289,True,True,-1167.8377459358676,-831.9572390718455
2026-01-07 00:00:00+00:00,HFTUSDT,hashflow,0.02410746573501484,True,True,-1676.8384908816886,-1334.012322267569
2026-01-08 00:00:00+00:00,STABLEUSDT,stable,0.04938271604938274,False,True,-668.0894543234712,-284.21781211751727
2026-01-08 00:00:00+00:00,GMTUSDT,stepn,0.016204071488804195,True,True,-863.5069732620333,-479.6353310560795
2026-01-09 00:00:00+00:00,WUSDT,portal,0.010034133952424518,True,True,-549.2837600637126,-361.84505798632455
2026-01-09 00:00:00+00:00,MOVEUSDT,movement,0.05551651440618434,True,True,2.139199198165874,189.5779012755539
2026-01-10 00:00:00+00:00,CARVUSDT,carv,0.11510433053985787,True,True,556.7154471544712,598.6471336848664
2026-01-10 00:00:00+00:00,MEUSDT,magic-eden,0.02371472735984256,True,True,-76.0991210699204,-34.167434539525246
2026-01-12 00:00:00+00:00,BBUSDT,bouncebit,0.0410326154540552,True,True,456.9578100852925,344.0788269731577
2026-01-12 00:00:00+00:00,APTUSDT,aptos,0.01559686818189036,True,True,887.7156913858435,774.8367082737086
2026-01-13 00:00:00+00:00,SPKUSDT,spark,0.030759537443117473,True,True,-609.8842736235607,-469.6587999052237
2026-01-13 00:00:00+00:00,SEIUSDT,sei,0.01865799371861097,True,True,175.5785532869286,315.80402700526565
2026-01-14 00:00:00+00:00,CYBERUSDT,cyberconnect,0.015339779270134949,True,True,649.9427445297508,1063.4184088195357
2026-01-14 00:00:00+00:00,AGTUSDT,alaya-ai,0.05245535714285713,True,False,-49.318682649841875,364.1569816399431
2026-01-14 00:00:00+00:00,STRKUSDT,starknet-bridge,0.04636363270390141,True,True,182.09275138121583,595.5684156710008
2026-01-15 00:00:00+00:00,EIGENUSDT,eigencloud,0.012240262696065042,True,True,113.15591923356814,564.4821303092623
2026-01-15 00:00:00+00:00,ARBUSDT,arbitrum-foundation,0.01594851545351531,True,True,174.43611197745412,625.7623230531483
2026-01-16 00:00:00+00:00,APEUSDT,apecoin,0.01553556827473414,True,True,-202.82798984156435,242.03631747003976
2026-01-17 00:00:00+00:00,ASTERUSDT,aster,0.029571514785757393,True,True,-82.55146134796716,403.2120259114744
2026-01-17 00:00:00+00:00,ZKUSDT,zksync-era,0.03155816840768153,True,True,-176.91379629629435,308.8496909631472
2026-01-18 00:00:00+00:00,ONDOUSDT,ondo-finance,0.5412336968804606,False,True,1546.2835755915332,1761.46900605511
2026-01-18 00:00:00+00:00,SOLVUSDT,solv-protocol,0.11199260296085885,True,True,651.6255850233999,866.8110154869767
2026-01-18 00:00:00+00:00,TRUMPUSDT,official-trump,0.11020142058686476,False,True,770.5443329623441,985.7297634259209
2026-01-19 00:00:00+00:00,KAITOUSDT,kaito,0.027999169448481635,True,True,1523.6897971170542,1670.3014681737684
2026-01-20 00:00:00+00:00,MELANIAUSDT,melania-meme,0.024128686327077747,True,True,909.766570006261,619.8900592550606
2026-01-20 00:00:00+00:00,ZROUSDT,layerzero,0.053480475382003394,True,True,-2743.299124076608,-3033.175634827808
2026-01-21 00:00:00+00:00,PLUMEUSDT,plume-mainnet,0.40114722031105443,False,True,1383.3868396226424,811.8476983543995
2026-01-22 00:00:00+00:00,RIVERUSDT,river,0.10195199165138984,False,True,-22329.76008852093,-23079.61916175411
2026-01-23 00:00:00+00:00,APRUSDT,apriori,0.15137614678899083,False,True,2087.803287951807,1429.770665156021
2026-01-24 00:00:00+00:00,HUSDT,humanity,0.0459501557632399,True,True,1715.9944779661014,1060.3768379044357
2026-01-25 00:00:00+00:00,XPLUSDT,plasma,0.04301075268817202,True,True,1440.1604191839651,558.860901234092
2026-01-26 00:00:00+00:00,WALUSDT,walrus-protocol,0.021317040052555383,True,True,1136.38963483146,656.1207371719936
2026-01-26 00:00:00+00:00,ALTUSDT,altlayer,0.04624215492306392,True,True,154.96758987341755,-325.30130778604865
2026-01-27 00:00:00+00:00,SIGNUSDT,sign,0.17682926829268292,False,True,-51.72401374967179,-414.07324078879014
2026-01-27 00:00:00+00:00,JUPUSDT,jupiter,0.016078808714097344,True,True,-207.8588586891756,-570.208085728294
2026-01-28 00:00:00+00:00,B2USDT,b2-buzz,0.02636356972368896,True,True,-111.98288173923666,-99.62844310061148
2026-01-28 00:00:00+00:00,GRASSUSDT,grass,0.035312014607862784,True,True,122.55147378502949,134.90591242365468
2026-01-29 00:00:00+00:00,OPUSDT,optimism-foundation,0.01268795068219052,True,True,1284.8871308927414,637.2773140024901
2026-01-29 00:00:00+00:00,FFUSDT,falcon-finance,0.016903313049357802,True,True,-256.20060593131035,-903.8104228215617
2026-01-30 00:00:00+00:00,GUNUSDT,gunz,0.05990731321351882,True,True,1645.9984836916008,1024.228757951082
2026-01-30 00:00:00+00:00,REZUSDT,renzo,0.04465451751610319,True,True,601.8865131820166,-19.883212558502102
2026-01-30 00:00:00+00:00,ZORAUSDT,zora-protocol,0.039999999999999966,True,True,1557.0704403802033,935.3007146396844
2026-01-30 00:00:00+00:00,ALPHAUSDT,stella,0.016273764933520403,False,False,-11.999999999999998,-633.7697257405188
2026-01-31 00:00:00+00:00,MAVUSDT,maverick-protocol,0.011080537177184456,True,True,1710.787952380952,518.5503614837568
2026-01-31 00:00:00+00:00,SPKUSDT,spark,0.0311254856694132,True,True,694.3753774134793,-497.8622134837158
2026-01-31 00:00:00+00:00,REZUSDT,renzo,0.014096601291088756,True,True,1427.6171043574932,235.37951346029797
2026-01-31 00:00:00+00:00,ACXUSDT,across,0.04027033016311268,False,True,1450.9793059145436,258.74171501734855
2026-01-31 00:00:00+00:00,EIGENUSDT,eigencloud,0.0687621303435716,True,True,2034.8843673899942,842.646776492799
2026-02-01 00:00:00+00:00,ZETAUSDT,zetachain,0.036487159746176064,True,True,1725.9004664679583,410.3990657508553
2026-02-02 00:00:00+00:00,STOUSDT,stakestone,0.028208649314941395,True,True,738.9809202356369,-168.93468240189455
2026-02-02 00:00:00+00:00,MUSDT,memecore,0.036720596255226515,True,True,751.0116782151921,-156.90392442233934
2026-02-07 00:00:00+00:00,BERAUSDT,berachain,0.3911482974916526,False,True,1877.2757316209027,88.7390730507335
2026-02-07 00:00:00+00:00,STABLEUSDT,stable,0.047058823529411785,True,True,3108.9314724286273,1320.3948138584578
2026-02-07 00:00:00+00:00,HFTUSDT,hashflow,0.019803859000755777,True,True,2496.484210187449,707.9475516172798
2026-02-07 00:00:00+00:00,GMTUSDT,stepn,0.015945686445700016,True,True,1068.2725792349727,-720.2640793351965
2026-02-09 00:00:00+00:00,KMNOUSDT,kamino,0.016446038441626856,False,True,1289.35572884728,266.8661012651239
2026-02-09 00:00:00+00:00,MOVEUSDT,movement,0.05259653794940069,True,True,1260.5761627170968,238.08653513494073
2026-02-09 00:00:00+00:00,CARVUSDT,carv,0.030290646082545444,True,True,1279.0299727520442,256.54034516988787
2026-02-10 00:00:00+00:00,MEUSDT,magic-eden,0.023165366997310644,True,True,1516.1461665429813,254.726634232283
2026-02-11 00:00:00+00:00,APTUSDT,aptos,0.015290408837365174,True,True,2460.9539724922206,1336.6185610702023
2026-02-11 00:00:00+00:00,BBUSDT,bouncebit,0.03917303095786672,True,True,1542.7042212422693,418.3688098202507
2026-02-11 00:00:00+00:00,LAYERUSDT,solayer,0.4033702895073068,False,False,1597.2784028112449,472.94299138922645
2026-02-13 00:00:00+00:00,SEIUSDT,sei,0.01831624925506152,True,True,-554.8554698478544,315.8682444684748
2026-02-13 00:00:00+00:00,AGTUSDT,alaya-ai,0.04984093319194038,True,False,-2225.595737990259,-1354.8720236739298
2026-02-14 00:00:00+00:00,CYBERUSDT,cyberconnect,0.08575062593720083,True,True,-662.330006315033,-699.1737140775138
2026-02-14 00:00:00+00:00,STRKUSDT,starknet-bridge,0.04430929292151873,True,True,-19.4917,-56.33540776248079
2026-02-15 00:00:00+00:00,APEUSDT,apecoin,0.015297906602254557,True,True,6.751756097560736,-47.1873410396406
2026-02-15 00:00:00+00:00,ARBUSDT,arbitrum-foundation,0.015657520279731597,True,True,452.7527963302758,398.8136991930745
2026-02-16 00:00:00+00:00,ZKUSDT,zksync-era,0.030592718253004463,True,True,-635.3982995215314,-875.0926423631848
2026-02-16 00:00:00+00:00,VANAUSDT,vana,0.022075464959034653,False,True,-1509.2882368069472,-1748.9825796486004
2026-02-17 00:00:00+00:00,SOLVUSDT,solv-protocol,0.22693369849931463,True,True,528.2888845528456,153.87587356181834
2026-02-19 00:00:00+00:00,MELANIAUSDT,melania-meme,0.02356020942408377,True,True,273.3262435374142,225.51217416934333
2026-02-19 00:00:00+00:00,KAITOUSDT,kaito,0.10635934246915901,True,True,516.8838204055752,469.0697510375044
2026-02-19 00:00:00+00:00,ZROUSDT,layerzero,0.05076551168412571,True,True,3058.9907853185587,3011.1767159504884
2026-02-21 00:00:00+00:00,FLUIDUSDT,fluid,0.012898092561938254,False,True,925.7742166377803,747.2286968020379
2026-02-22 00:00:00+00:00,GLMRUSDT,moonbeam,0.02638192552855672,False,False,-11.999999999999998,-459.53942021753886
2026-02-23 00:00:00+00:00,HUSDT,humanity,0.043931496649292454,True,True,3902.708935344095,3323.905080112909
2026-02-25 00:00:00+00:00,ALTUSDT,altlayer,0.04419832894848724,True,True,1130.8302722919036,1272.032807381304
2026-02-25 00:00:00+00:00,XPLUSDT,plasma,0.041237113402061834,True,True,-570.7323348643005,-429.52979977489986
2026-02-25 00:00:00+00:00,JUPUSDT,jupiter,0.023073726883645396,True,True,9.933492004919383,151.13602709432004
2026-02-25 00:00:00+00:00,WALUSDT,walrus-protocol,0.02087210848010373,True,True,342.24814210526324,483.45067719466385
2026-02-27 00:00:00+00:00,GRASSUSDT,grass,0.1913236239968224,True,True,-1435.441091304348,-1638.510906649169
2026-02-28 00:00:00+00:00,B2USDT,b2-buzz,0.025524032539525007,True,True,-60.90888411577274,-227.70527141350036
2026-02-28 00:00:00+00:00,ACXUSDT,across,0.018046354394740064,True,True,727.0680263157897,560.2716390180622
2026-03-01 00:00:00+00:00,FFUSDT,falcon-finance,0.01662234042553185,True,True,-74.40182281103148,-298.3673075559952
2026-03-01 00:00:00+00:00,OPUSDT,optimism-foundation,0.012528983556725005,True,True,183.441717394758,-40.52376735020569
2026-03-01 00:00:00+00:00,GUNUSDT,gunz,0.05652127546123488,True,True,754.6614101310662,530.6959253861024
2026-03-01 00:00:00+00:00,REZUSDT,renzo,0.04172516644925852,True,True,431.9768657259433,208.01138098097965
2026-03-01 00:00:00+00:00,ZORAUSDT,zora-protocol,0.03846153846153854,True,True,1050.6112414161018,826.645756671138
2026-03-02 00:00:00+00:00,REZUSDT,renzo,0.013208899121062791,True,True,-82.7102928443632,256.9982542384975
2026-03-02 00:00:00+00:00,MAVUSDT,maverick-protocol,0.010882171968341077,True,True,451.18510340988337,790.893650492744
2026-03-03 00:00:00+00:00,ZETAUSDT,zetachain,0.03508676236954937,True,True,-498.7695222955911,-24.620966290525086
2026-03-03 00:00:00+00:00,EIGENUSDT,eigencloud,0.0647203356271161,True,True,-315.9695247311825,158.1790312738835
2026-03-04 00:00:00+00:00,MUSDT,memecore,0.03541995440995955,True,True,449.96648359385904,1767.8070011911373
2026-03-04 00:00:00+00:00,STOUSDT,stakestone,0.027434752016271997,True,True,-533.4545454545467,784.3859721427316
2026-03-08 00:00:00+00:00,SPKUSDT,spark,0.04612777697402906,True,True,-307.0145097843244,-383.2338411962221
2026-03-09 00:00:00+00:00,HFTUSDT,hashflow,0.022971244388100578,True,True,-372.71633544303774,12.530646391555875
2026-03-09 00:00:00+00:00,GMTUSDT,stepn,0.011748947985204863,True,True,640.6872984509473,1025.9342802855408
2026-03-10 00:00:00+00:00,STABLEUSDT,stable,0.04494382022471912,True,True,771.8569636771301,896.8843300493833
2026-03-11 00:00:00+00:00,MOVEUSDT,movement,0.04996837444655272,True,True,207.8543137236966,506.01007476668605
2026-03-12 00:00:00+00:00,CARVUSDT,carv,0.029400098115729436,True,True,676.9409480666557,488.70169058985994
2026-03-12 00:00:00+00:00,MEUSDT,magic-eden,0.022640882641770978,True,True,114.46068854435873,-73.77856893243697
2026-03-13 00:00:00+00:00,APTUSDT,aptos,0.014995596412129893,True,True,690.1890049402546,628.5078802441551
2026-03-14 00:00:00+00:00,BBUSDT,bouncebit,0.037467093470559855,True,True,-393.94996200377926,-9.25109676885576
2026-03-15 00:00:00+00:00,SEIUSDT,sei,0.017986798569168055,True,True,-553.1104301572473,229.45784607449457
2026-03-16 00:00:00+00:00,STRKUSDT,starknet-bridge,0.04242928146082162,True,True,-820.4209581699336,518.0115209599525
2026-03-16 00:00:00+00:00,AGTUSDT,alaya-ai,0.04747474747474758,True,False,543.3132801414179,1881.7457592713038
2026-03-16 00:00:00+00:00,CYBERUSDT,cyberconnect,0.013914820892514649,True,True,-1348.3511788852336,-9.918699755347637
2026-03-17 00:00:00+00:00,APEUSDT,apecoin,0.015067406819984022,True,True,-922.6293072494665,-253.39810795439948
2026-03-17 00:00:00+00:00,ARBUSDT,arbitrum-foundation,0.015378256824047537,True,True,-946.1979365482239,-276.9667372531568
2026-03-18 00:00:00+00:00,VANAUSDT,vana,0.02159866439991257,True,True,-136.87251105598912,-10.011599116950839
2026-03-19 00:00:00+00:00,ZKUSDT,zksync-era,0.029684586074762202,True,True,50.43841773347389,36.015968180985624
2026-03-20 00:00:00+00:00,SOLVUSDT,solv-protocol,0.059380573497431303,True,True,841.0025855134335,717.1096578351192
2026-03-21 00:00:00+00:00,KAITOUSDT,kaito,0.05189762314362952,True,True,-48.52279864099572,-300.67860600643434
2026-03-22 00:00:00+00:00,LISTAUSDT,lista-dao,0.06135486056621651,False,True,1039.975863960504,561.7487531901643
2026-03-22 00:00:00+00:00,ZROUSDT,layerzero,0.04831288343558282,True,True,111.60562917409709,-366.62148159624263
2026-03-22 00:00:00+00:00,MELANIAUSDT,melania-meme,0.023017902813299233,True,True,590.6947986754968,112.46768790515712
2026-03-24 00:00:00+00:00,RIVERUSDT,river,0.05709114376227511,False,True,-2128.464446372111,-2735.4920684798903
2026-03-25 00:00:00+00:00,HUSDT,humanity,0.042082738944365414,True,True,1838.2814881942622,1480.1076874077687
2026-03-26 00:00:00+00:00,XVSUSDT,venus,0.011403835910165038,False,True,1394.006311296534,1068.6771769145882
2026-03-27 00:00:00+00:00,XPLUSDT,plasma,0.039603960396039584,True,True,1169.6788706586824,620.3348892676026
2026-03-28 00:00:00+00:00,ALTUSDT,altlayer,0.04232752315644419,True,True,1685.2914016417706,1078.8310165271325
2026-03-28 00:00:00+00:00,WALUSDT,walrus-protocol,0.3954942049815869,True,True,1438.4326655860336,831.9722804713955
2026-03-30 00:00:00+00:00,GRASSUSDT,grass,0.03732009276653788,True,True,2149.645408008898,2068.162464593146
2026-03-30 00:00:00+00:00,B2USDT,b2-buzz,0.024741366406535355,True,True,-153.98289376751742,-235.46583718326923
2026-03-31 00:00:00+00:00,OPUSDT,optimism-foundation,0.012352721096356614,True,True,256.83903592232997,-89.48509712791781
2026-03-31 00:00:00+00:00,FFUSDT,falcon-finance,0.05362982341399601,True,True,156.40893120921842,-189.91520184102936
2026-04-01 00:00:00+00:00,HBARUSDT,hedera,0.09176253198079255,False,True,507.3355834057418,179.08360435927162
2026-04-01 00:00:00+00:00,REZUSDT,renzo,0.03914321780410524,True,True,-458.3077706408337,-786.5597496873039
2026-04-01 00:00:00+00:00,ZORAUSDT,zora-protocol,0.037037037037037104,True,True,838.4140118462495,510.16203279977935
2026-04-01 00:00:00+00:00,GUNUSDT,gunz,0.26509875172437003,True,True,2363.394927797834,2035.1429487513637
2026-04-02 00:00:00+00:00,BIGTIMEUSDT,big-time,0.1941747572815534,False,True,971.7632048780488,327.7630028175934
2026-04-02 00:00:00+00:00,EIGENUSDT,eigencloud,0.05888446354770456,True,True,2302.033935483871,1658.0337334234157
2026-04-02 00:00:00+00:00,MAVUSDT,maverick-protocol,0.051534693835712186,True,True,-404.3230773887671,-1048.3232794492226
2026-04-02 00:00:00+00:00,REZUSDT,renzo,0.012422323036010992,True,True,-1249.913934453783,-1893.9141365142384
2026-04-02 00:00:00+00:00,SUSHIUSDT,sushi,0.013342731794875374,False,True,722.6510025768083,78.65080051635297
2026-04-03 00:00:00+00:00,ZETAUSDT,zetachain,0.03378619221909562,True,True,1041.080268707483,755.1750169415727
2026-04-03 00:00:00+00:00,LINKUSDT,chainlink,0.02683579511325843,False,True,312.8711793095728,26.965927543662616
2026-04-03 00:00:00+00:00,MUSDT,memecore,0.034208298052497914,True,True,-2637.742026248548,-2923.6472780144577
2026-04-04 00:00:00+00:00,OPNUSDT,opinion,0.20364399662468505,False,True,-120.96950000000145,-14.412309824988792
2026-04-04 00:00:00+00:00,STOUSDT,stakestone,0.0693030988172888,True,True,-8465.399889370778,-8358.842699195766
2026-04-08 00:00:00+00:00,HFTUSDT,hashflow,0.022442372887656454,True,True,-421.5311653061229,-68.7525804888782
2026-04-09 00:00:00+00:00,STABLEUSDT,stable,0.04301075268817206,True,True,32.11931443978355,511.214638445727
2026-04-09 00:00:00+00:00,GMTUSDT,stepn,0.011612513171969882,True,True,-193.21502499999778,285.8802990059457
2026-04-10 00:00:00+00:00,BABYUSDT,babylon-protocol,0.18529951420512747,False,True,180.5303597122297,1071.8463278257302
2026-04-10 00:00:00+00:00,MOVEUSDT,movement,0.04759036144578332,True,True,-299.62813749290945,591.6878306205912
2026-04-11 00:00:00+00:00,CARVUSDT,carv,0.014704433355852059,True,True,-102.30678466076705,809.2777174734356
2026-04-11 00:00:00+00:00,MEUSDT,magic-eden,0.022139622057044273,True,True,-760.0829006006003,151.5016015336023
2026-04-12 00:00:00+00:00,CARVUSDT,carv,0.06776980926802029,True,True,1260.4018093909485,1836.8472594705884
2026-04-13 00:00:00+00:00,BBUSDT,bouncebit,0.03591051445473796,True,True,-964.0462562367865,-240.94700480416822
2026-04-13 00:00:00+00:00,APTUSDT,aptos,0.014709627534663145,True,True,-364.9741660056659,358.12508542695235
2026-04-14 00:00:00+00:00,SEIUSDT,sei,0.01766899000502699,True,True,-207.43038349878313,621.6678624674644
2026-04-15 00:00:00+00:00,STRKUSDT,starknet-bridge,0.04070231162478744,True,True,-148.82126062115356,270.26385291518005
2026-04-15 00:00:00+00:00,CYBERUSDT,cyberconnect,0.013723855895770208,True,True,-87.24059127647068,331.84452225986297
2026-04-15 00:00:00+00:00,AGTUSDT,alaya-ai,0.045323047251687655,True,False,-6132.564567501565,-5713.479453965231
2026-04-16 00:00:00+00:00,ARBUSDT,arbitrum-foundation,0.015108780547379993,True,True,-2674.09706748286,-2103.8339668456656
2026-04-17 00:00:00+00:00,VANAUSDT,vana,0.021142024899376215,True,True,-1200.3926073732719,-489.1014016145225
2026-04-18 00:00:00+00:00,ZKUSDT,zksync-era,0.028828814644999354,True,True,-546.0111155963314,-168.57539076204083
2026-04-18 00:00:00+00:00,NOMUSDT,omni-network,0.2597615350848815,False,True,2323.6917997241853,2701.1275245584766
2026-04-19 00:00:00+00:00,SOLVUSDT,solv-protocol,0.056052163861559735,True,True,1713.3643688899365,1864.1956311779265
2026-04-21 00:00:00+00:00,ZROUSDT,layerzero,0.046086320409656184,True,True,2057.1900669330653,2341.8664870124167
2026-04-21 00:00:00+00:00,KAITOUSDT,kaito,0.04933714270456456,True,True,222.47099397590358,507.147414055255
2026-04-24 00:00:00+00:00,SPKUSDT,spark,0.039345832128892116,False,True,-8366.28596929134,-8041.878322849808
2026-04-24 00:00:00+00:00,APRUSDT,apriori,0.13147410358565736,False,True,452.93373188469,777.3413783262222
2026-04-25 00:00:00+00:00,INITUSDT,initia,0.040433677812888,False,True,42.258985354895955,72.0428165808859
2026-04-25 00:00:00+00:00,HUSDT,humanity,0.040383299110198334,True,True,-1133.1987324518145,-1103.4149012258247
2026-04-25 00:00:00+00:00,DOLOUSDT,dolomite,0.260111620680084,False,True,549.3303167420829,579.1141479680728
2026-04-27 00:00:00+00:00,XPLUSDT,plasma,0.03809523809523808,True,True,623.2304292775661,1029.7781221324265
2026-04-27 00:00:00+00:00,WALUSDT,walrus-protocol,0.014515532543178517,True,True,-374.48573772337306,32.06195513148734
2026-04-27 00:00:00+00:00,ALTUSDT,altlayer,0.040608659194055645,True,True,-680.1978511677281,-273.65015831286775
2026-04-28 00:00:00+00:00,ASTERUSDT,aster,0.04337900313009097,False,True,409.6024681498827,452.94763580274093
2026-04-29 00:00:00+00:00,GRASSUSDT,grass,0.03591805559528844,True,True,1096.9056603773588,1068.1357320032946
2026-04-30 00:00:00+00:00,FFUSDT,falcon-finance,0.027932960893854747,True,True,1372.2046564954674,1108.284447386897
2026-04-30 00:00:00+00:00,B2USDT,b2-buzz,0.043340441831097615,True,True,1699.9433666666664,1436.0231575580958
2026-05-01 00:00:00+00:00,ALPHAUSDT,stella,0.01601317036318944,False,False,-11.999999999999998,-33.3650281269808
2026-05-01 00:00:00+00:00,OPUSDT,optimism-foundation,0.012201993276591445,True,True,96.60039345870933,75.23536533172852
2026-05-01 00:00:00+00:00,GUNUSDT,gunz,0.1696542553191488,True,True,480.63541446863076,459.27038634164995
2026-05-01 00:00:00+00:00,ZORAUSDT,zora-protocol,0.035714285714285574,True,True,1154.6028878186974,1133.2378596917165
2026-05-01 00:00:00+00:00,REZUSDT,renzo,0.03687395797956865,True,True,-2166.4699710806713,-2187.834999207652
2026-05-02 00:00:00+00:00,EIGENUSDT,eigencloud,0.05534053853061446,True,True,224.67580411861664,352.1748218130344
2026-05-02 00:00:00+00:00,MAVUSDT,maverick-protocol,0.010098208615094762,True,True,670.6953666666676,798.1943843610853
2026-05-03 00:00:00+00:00,ZETAUSDT,zetachain,0.03258202912915887,True,True,-1183.3888834456372,-1060.1532571529904
2026-05-04 00:00:00+00:00,STOUSDT,stakestone,0.06481146355410553,True,True,-330.1691774193554,-232.76222316412867
2026-05-04 00:00:00+00:00,MUSDT,memecore,0.03307679711806127,True,True,3817.3305234209315,3914.7374776761585
2026-05-04 00:00:00+00:00,OPNUSDT,opinion,0.16918955870319888,True,True,681.967641424802,779.3745956800286
2026-05-09 00:00:00+00:00,GMTUSDT,stepn,0.011479210686667143,True,True,-1013.4304443830579,-727.665216097662
2026-05-09 00:00:00+00:00,HFTUSDT,hashflow,0.021937305956118168,True,True,-1110.4234416088761,-824.6582133234801
2026-05-10 00:00:00+00:00,STABLEUSDT,stable,0.04123711340206187,True,True,-362.60661307505967,-1.3067744765376414
2026-05-11 00:00:00+00:00,BASEDUSDT,based,0.20349563046192268,False,True,-794.0132590785919,-423.38746119846013
2026-05-11 00:00:00+00:00,MOVEUSDT,movement,0.0454284071305347,True,True,-1826.1669909247585,-1455.5411930446269
2026-05-12 00:00:00+00:00,MEUSDT,magic-eden,0.021660076157197134,True,True,-1526.5846784688986,-1470.8829554132476
2026-05-12 00:00:00+00:00,CARVUSDT,carv,0.023162990205854595,True,True,-1438.3525404500283,-1382.6508173943776
2026-05-13 00:00:00+00:00,LAYERUSDT,solayer,0.05917011240435538,False,False,-2075.3178068192433,-2265.2001365158994
2026-05-13 00:00:00+00:00,BBUSDT,bouncebit,0.03447811330727751,True,True,-1295.5819805469232,-1485.4643102435791
2026-05-13 00:00:00+00:00,APTUSDT,aptos,0.01443628047061568,True,True,-564.9499017664283,-754.8322314630842
2026-05-15 00:00:00+00:00,SEIUSDT,sei,0.0173622171635,True,True,-483.0052940691941,-585.2979274184434
2026-05-16 00:00:00+00:00,STRKUSDT,starknet-bridge,0.03911042684361997,True,True,2414.2324429087626,2118.181281527449
2026-05-16 00:00:00+00:00,CYBERUSDT,cyberconnect,0.07683977282681088,True,True,1436.090307544583,1140.0391461632694
2026-05-16 00:00:00+00:00,AGTUSDT,alaya-ai,0.043357933579335685,True,False,3344.926721302348,3048.875559921035
2026-05-16 00:00:00+00:00,SIGNUSDT,sign,0.05757052389176732,False,True,1223.4793711289321,927.4282097476186
2026-05-17 00:00:00+00:00,ARBUSDT,arbitrum-foundation,0.014847370959513781,True,True,1753.8734906515572,1312.8781052787226
2026-05-17 00:00:00+00:00,SOLVUSDT,solv-protocol,0.1193315702281747,True,True,1020.5020014572748,579.5066160844402
2026-05-18 00:00:00+00:00,SIGNUSDT,sign,0.14611418873482976,True,True,1595.6613576019768,1052.2007096613454
2026-05-18 00:00:00+00:00,SPKUSDT,spark,0.01450795568266071,True,True,2146.3735505376326,1602.9129025970012
2026-05-18 00:00:00+00:00,VANAUSDT,vana,0.020704294195961318,True,True,1202.8902899941486,659.4296420535171
2026-05-19 00:00:00+00:00,PYTHUSDT,pyth,0.3695652173913043,False,True,3155.340779725087,2560.850812396446
2026-05-19 00:00:00+00:00,ZKUSDT,zksync-era,0.028021002361745505,True,True,2093.193545571659,1498.703578243018
2026-05-19 00:00:00+00:00,SOLVUSDT,solv-protocol,0.04741854885371928,True,True,852.099196183867,257.609228855226
2026-05-21 00:00:00+00:00,KAITOUSDT,kaito,0.04701743671953042,True,True,-1138.0023995942768,-1426.0018967026504
2026-05-22 00:00:00+00:00,ZROUSDT,layerzero,0.044055944055944055,True,True,924.5042021996625,158.90189849283954
2026-05-25 00:00:00+00:00,HUSDT,humanity,0.03881578947368424,True,True,-129.75105383329878,-196.89794592497967
2026-05-27 00:00:00+00:00,XPLUSDT,plasma,0.036697247706422,True,True,-429.6956728274186,-730.8142214635068
2026-05-28 00:00:00+00:00,ALTUSDT,altlayer,0.039023948950710034,True,True,-368.218435335883,-923.6996252893151
2026-05-28 00:00:00+00:00,WALUSDT,walrus-protocol,0.014178632709058501,True,True,1135.1184121863814,579.6372222329494
2026-05-30 00:00:00+00:00,GRASSUSDT,grass,0.03461564934486529,True,True,-2693.5230338508513,-2881.4840157808335
2026-05-30 00:00:00+00:00,B2USDT,b2-buzz,0.04131258773335025,True,True,2447.5334545468536,2259.572472616871
2026-05-31 00:00:00+00:00,FFUSDT,falcon-finance,0.0341726618705036,True,True,-1892.7619047619023,-2289.790383199657
2026-05-31 00:00:00+00:00,ZORAUSDT,zora-protocol,0.034482758620689724,True,True,-842.0968859804797,-1239.125364418234
2026-05-31 00:00:00+00:00,OPUSDT,optimism-foundation,0.012054899474256402,True,True,833.5740347959952,436.5455563582408
2026-05-31 00:00:00+00:00,MEGAUSDT,megaeth-bridge,0.014376366082869949,False,True,2134.9107872928175,1737.882308855063
2026-06-01 00:00:00+00:00,GUNUSDT,gunz,0.14504649946565423,True,True,3234.707295104895,2463.7083324492946
2026-06-02 00:00:00+00:00,EIGENUSDT,eigencloud,0.052359474822864106,True,True,1912.8076191919183,617.4346985051689
2026-06-03 00:00:00+00:00,MUSDT,memecore,0.032017752417181966,True,True,-1110.1590249040244,-2797.3742958976304
2026-06-03 00:00:00+00:00,ZETAUSDT,zetachain,0.03145754284498398,True,True,733.8784105958916,-953.3368603977148
2026-06-04 00:00:00+00:00,OPNUSDT,opinion,0.14470669656925,True,True,-5999.69779230769,-7506.608016933938
2026-06-04 00:00:00+00:00,STOUSDT,stakestone,0.06086660951017468,True,True,-94.32187903567299,-1601.2321036619223
2026-06-04 00:00:00+00:00,WETUSDT,humidifi,0.8369565217391305,False,True,2036.2090610425776,529.2988364163285
2026-06-04 00:00:00+00:00,SPKUSDT,spark,0.015891451128396576,True,True,1806.8402224948863,299.92999786863714
2026-06-08 00:00:00+00:00,HFTUSDT,hashflow,0.021454471797154373,True,True,1527.0825696714398,-19.32945388823819
2026-06-09 00:00:00+00:00,ASTERUSDT,aster,0.03331113635677298,True,True,994.0291605270786,-334.1694514454314
2026-06-09 00:00:00+00:00,STABLEUSDT,stable,0.03960396039603962,True,True,662.2900285347035,-665.9085834378064
2026-06-09 00:00:00+00:00,GMTUSDT,stepn,0.011348933883548832,True,True,2515.0009978322337,1186.8023858597235
2026-06-10 00:00:00+00:00,MOVEUSDT,movement,0.0434543454345435,True,True,650.7961283968361,-124.37049890771621
2026-06-11 00:00:00+00:00,MEUSDT,magic-eden,0.3399211207416595,True,True,1834.9906705093829,1870.8944649068642
2026-06-11 00:00:00+00:00,CARVUSDT,carv,0.022638612251987662,True,True,1327.2951402007852,1363.1989345982665
2026-06-13 00:00:00+00:00,APTUSDT,aptos,0.014170752018517755,True,True,53.221490944122905,576.9800999214976
2026-06-13 00:00:00+00:00,BBUSDT,bouncebit,0.03314965350079097,True,True,-704.714738274013,-180.95612929663835
2026-06-14 00:00:00+00:00,SEIUSDT,sei,0.01706591504047346,True,True,-1742.8034602768919,-957.5630436726418
2026-06-15 00:00:00+00:00,SIGNUSDT,sign,0.04749664729548526,True,True,-51.97760410022859,347.61562348753904
2026-06-15 00:00:00+00:00,AGTUSDT,alaya-ai,0.06531830238726805,True,False,314.74432187962776,714.3375494673953
2026-06-15 00:00:00+00:00,CYBERUSDT,cyberconnect,0.01257202959287459,True,True,216.68011803278614,616.2733456205538
2026-06-15 00:00:00+00:00,STRKUSDT,starknet-bridge,0.03763837397188011,True,True,-645.1865321020232,-245.5933045142556
2026-06-16 00:00:00+00:00,ARBUSDT,arbitrum-foundation,0.014596027124889438,True,True,-767.9299241895275,-275.0244979916417
2026-06-17 00:00:00+00:00,VANAUSDT,vana,0.14890586852699245,True,True,-704.9230435261715,-305.47628211617
2026-06-17 00:00:00+00:00,SPKUSDT,spark,0.2984811239304888,True,True,697.4128893106893,1096.8596507206908
2026-06-18 00:00:00+00:00,ZKUSDT,zksync-era,0.027257227524895764,True,True,-871.0454559191533,-689.3230270985115
2026-06-19 00:00:00+00:00,LINKUSDT,chainlink,0.02888545159085016,False,True,5.256589860582686,-25.747555212250195
2026-06-19 00:00:00+00:00,SOLVUSDT,solv-protocol,0.04527182462599454,True,True,591.8394290811781,560.8352840083453
2026-06-20 00:00:00+00:00,KAITOUSDT,kaito,0.04490606848615936,True,True,-1379.9338878277604,-1283.3358625375063
2026-06-21 00:00:00+00:00,ZROUSDT,layerzero,0.04219691895512391,True,True,316.49699174204426,203.4264593587104
2026-06-21 00:00:00+00:00,LISTAUSDT,lista-dao,0.05621459424049425,False,False,-439.3754358775657,-552.4459682608996
2026-06-23 00:00:00+00:00,SPELLUSDT,abracadabra,0.023003442269710395,False,False,1134.7482196333087,634.2324479798492
2026-06-24 00:00:00+00:00,SPELLUSDT,abracadabra,0.03372922715590368,True,False,1701.268819730942,944.3625020727425
2026-06-25 00:00:00+00:00,SPELLUSDT,abracadabra,0.043504915690804655,True,False,2204.3589422492405,1448.2348315478575
2026-06-25 00:00:00+00:00,HUSDT,humanity,0.10386320455984803,True,True,5212.974949385446,4456.850838684063
2026-06-26 00:00:00+00:00,XPLUSDT,plasma,0.03539823008849556,True,True,-792.6776361736984,-1274.3109370688953
2026-06-27 00:00:00+00:00,WALUSDT,walrus-protocol,0.01385701676855858,True,True,776.6941781411363,233.69104097516782
2026-06-27 00:00:00+00:00,ALTUSDT,altlayer,0.0375582766789154,True,True,1696.9590938389322,1153.9559566729638
2026-06-28 00:00:00+00:00,RESOLVUSDT,resolv,0.0440979205805952,False,True,-304.9472147757247,-1036.9426087969782
2026-06-29 00:00:00+00:00,GRASSUSDT,grass,0.03340615734478654,True,True,-1240.3089725036186,-1888.175270071071
2026-06-30 00:00:00+00:00,FFUSDT,falcon-finance,0.03304347826086956,True,True,-218.6903497122626,-1099.4913678128694
2026-06-30 00:00:00+00:00,MEGAUSDT,megaeth-bridge,0.013352700047500405,True,True,2063.6041394045533,1182.8031213039465
2026-06-30 00:00:00+00:00,B2USDT,b2-buzz,0.039458895701731014,True,True,473.3144053811656,-407.4866127194411
2026-07-01 00:00:00+00:00,ZORAUSDT,zora-protocol,0.033333333333333395,True,True,72.22371442910905,-457.76472990666275
2026-07-01 00:00:00+00:00,GUNUSDT,gunz,0.12667302116843382,True,True,1410.9263473684202,880.9379030326484
2026-07-02 00:00:00+00:00,MAVUSDT,maverick-protocol,0.04711383758931356,False,True,-244.75458858351018,-174.99355125474324
2026-07-02 00:00:00+00:00,EIGENUSDT,eigencloud,0.049674885576202844,True,True,1173.5278033804016,1243.2888407091682
2026-07-02 00:00:00+00:00,ARBUSDT,arbitrum-foundation,0.03553917693938439,True,True,-95.8444959863144,-26.083458657547453
2026-07-03 00:00:00+00:00,ZETAUSDT,zetachain,0.03041107822457207,True,True,-1193.567913733776,-686.28664769959
2026-07-04 00:00:00+00:00,MUSDT,memecore,0.031024420211948896,True,True,-9075.650952125643,-8599.739222988195
2026-07-04 00:00:00+00:00,OPNUSDT,opinion,0.08471714044734394,True,True,-1321.2218133154904,-845.3100841780437
2026-07-04 00:00:00+00:00,STOUSDT,stakestone,0.057374422914750915,True,True,335.0199553477022,810.9316844851489
2026-07-06 00:00:00+00:00,SNXUSDT,synthetix,0.6847335703247275,False,True,-175.91966669687216,572.9967396461363
2026-07-06 00:00:00+00:00,SUSDT,sonic,0.015034462906685819,False,True,-1083.0138229467586,-334.09741660375005
2026-07-09 00:00:00+00:00,GMTUSDT,stepn,0.01122158090380268,True,True,-258.98127897574153,292.5848474448545
2026-07-09 00:00:00+00:00,HFTUSDT,hashflow,0.01767832773746335,True,True,704.5203993710679,1256.086525791664
2026-07-10 00:00:00+00:00,STABLEUSDT,stable,0.03809523809523811,True,True,-239.66558550724542,206.23608197801553
2026-07-11 00:00:00+00:00,MOVEUSDT,movement,0.04164470216130737,True,True,969.415766832919,1127.6235133735327
2026-07-12 00:00:00+00:00,MEUSDT,magic-eden,0.01582247156479084,True,True,-122.1401778197855,37.27931791180072
2026-07-12 00:00:00+00:00,CARVUSDT,carv,0.08279594416696241,True,True,759.8923035082939,919.3117992398801
2026-07-13 00:00:00+00:00,BBUSDT,bouncebit,0.03192528182611959,True,True,848.0766391608395,646.5692923578432
2026-07-13 00:00:00+00:00,APTUSDT,aptos,0.013916607875077591,True,True,617.6653118577066,416.15796505471036
2026-07-13 00:00:00+00:00,PUMPUSDT,pump,0.19186046511627908,False,False,994.8305726176108,793.3232258146145
2026-07-15 00:00:00+00:00,SEIUSDT,sei,0.016779556553907653,True,True,1.1636256198342123,141.46154072365485
2026-07-16 00:00:00+00:00,STRKUSDT,starknet-bridge,0.036273112980399265,True,True,531.2586053085598,802.8413678049768
2026-07-16 00:00:00+00:00,AGTUSDT,alaya-ai,0.061313414254590665,True,False,-1776.9745660064818,-1505.3918035100646
2026-07-16 00:00:00+00:00,CYBERUSDT,cyberconnect,0.012415936077089964,True,True,296.7849482758621,568.3677107722792
2026-07-16 00:00:00+00:00,SIGNUSDT,sign,0.045343006508054874,True,True,92.43991372733757,364.0226762237547
2026-07-17 00:00:00+00:00,ARBUSDT,arbitrum-foundation,0.013860988708192213,True,True,-421.2439816618909,-307.0180621529088
2026-07-18 00:00:00+00:00,VANAUSDT,vana,0.01378573729896151,True,True,737.9109183673464,829.8895359697535
2026-07-18 00:00:00+00:00,ZKUSDT,zksync-era,0.026533984667667068,True,True,1237.4444144059862,1329.4230320083932
2026-07-19 00:00:00+00:00,SOLVUSDT,solv-protocol,0.09345210200171784,True,False,375.88721447611863,477.220620951372
2026-07-19 00:00:00+00:00,REUSDT,re,0.044434001670843715,False,True,2955.367516733907,3056.700923209161
2026-07-21 00:00:00+00:00,KAITOUSDT,kaito,0.04297617732397573,True,True,-4722.5561617535905,-4083.4118207593274
2026-07-21 00:00:00+00:00,ZROUSDT,layerzero,0.04048843187660668,True,True,604.4620933717584,1243.6064343660214
2026-07-24 00:00:00+00:00,APRUSDT,apriori,0.11619718309859155,False,True,885.1356019715727,902.3701027537174
2026-07-25 00:00:00+00:00,HUSDT,humanity,0.0940906483075158,True,True,-540.032863752663,-457.9525652003416
2026-07-25 00:00:00+00:00,INITUSDT,initia,0.013009936856385846,False,True,-502.52576622391,-420.4454676715885
2026-07-27 00:00:00+00:00,XPLUSDT,plasma,0.03418803418803417,True,True,177.5800637645312,-0.6939963042783293
2026-07-27 00:00:00+00:00,WALUSDT,walrus-protocol,0.013549667730052534,True,True,752.0300423398327,573.7559822710232
2026-07-28 00:00:00+00:00,RESOLVUSDT,resolv,0.04148930372325977,True,True,1898.5312751502997,1640.6620280314135
2026-07-28 00:00:00+00:00,ALTUSDT,altlayer,0.03619871531374064,True,True,737.0945775535932,479.2253304347071
2026-07-29 00:00:00+00:00,GRASSUSDT,grass,0.016388403002431363,True,True,1797.6188184977273,1347.4260707528883
2026-07-30 00:00:00+00:00,B2USDT,b2-buzz,0.03777093015450939,True,True,-626.6014500565728,-839.332095672245
2026-07-30 00:00:00+00:00,GRASSUSDT,grass,0.015684019475703057,True,True,1627.1572158022032,1414.426570186531
2026-07-31 00:00:00+00:00,FFUSDT,falcon-finance,0.03198653198653199,True,True,-754.8669155529756,-1081.5093267696834
2026-07-31 00:00:00+00:00,ZORAUSDT,zora-protocol,0.032258064516128906,True,True,1115.8743154846898,789.2319042679818
2026-07-31 00:00:00+00:00,MEGAUSDT,megaeth-bridge,0.013150980978927817,True,True,1350.8476588014985,1024.2052475847904
2026-08-01 00:00:00+00:00,ALPHAUSDT,stella,0.01576079014553046,False,False,-11.999999999999998,-217.92783093102773
2026-08-01 00:00:00+00:00,GUNUSDT,gunz,0.11243104147205542,True,True,1986.3928778702157,1780.4650469391877
2026-08-02 00:00:00+00:00,EIGENUSDT,eigencloud,0.04676329549236755,True,True,944.3790557599234,748.8101550021998
2026-08-03 00:00:00+00:00,STOUSDT,stakestone,0.05426121690800232,True,True,1159.8815550671543,876.2629638466826
2026-08-03 00:00:00+00:00,ZETAUSDT,zetachain,0.029429191501728208,True,True,1203.2316430683925,919.6130518479209
2026-08-03 00:00:00+00:00,MUSDT,memecore,0.030090868464173887,True,True,310.0073053374696,26.388714116997967
2026-08-04 00:00:00+00:00,OPNUSDT,opinion,0.06368563685820462,True,True,385.90978504795913,455.5133631237342
2026-08-06 00:00:00+00:00,MEGAUSDT,megaeth-bridge,0.010884569936124602,True,True,-37.904092500689686,47.1846584278726
2026-08-07 00:00:00+00:00,FLUIDUSDT,fluid,0.06353619850261875,False,True,-632.2851336221851,-614.6399331924985
2026-08-08 00:00:00+00:00,HFTUSDT,hashflow,0.020549877335121515,True,True,-16626.367139080463,-16313.534920048016
2026-08-09 00:00:00+00:00,GMTUSDT,stepn,0.011097054409947554,True,True,-403.05360289418167,-74.68023984040526
2026-08-09 00:00:00+00:00,STABLEUSDT,stable,0.036697247706422034,True,True,219.76226369083355,548.13562674461
2026-08-10 00:00:00+00:00,MOVEUSDT,movement,0.03997975708502016,True,True,1000.7428720430113,1100.4667724583414
2026-08-11 00:00:00+00:00,CARVUSDT,carv,0.02044471185912581,True,True,-1387.1769547325105,-1339.2441502056586
2026-08-11 00:00:00+00:00,MEUSDT,magic-eden,0.015576020424531267,True,True,-181.3463345844516,-133.41353005759947
2026-08-12 00:00:00+00:00,LAYERUSDT,solayer,0.053226284390963344,False,False,249.08288565202875,168.1765548047206
2026-08-13 00:00:00+00:00,APTUSDT,aptos,0.013669402878708829,True,True,591.46925760229,409.6629593548287
2026-08-13 00:00:00+00:00,BBUSDT,bouncebit,0.03078300418925261,True,True,1522.1217352984518,1340.3154370509903
2026-08-13 00:00:00+00:00,PUMPUSDT,pump,0.013414634146341463,True,False,-1970.9659923714746,-2152.772290618936
2026-08-14 00:00:00+00:00,SEIUSDT,sei,0.016502649414763322,True,True,192.01843583393972,-22.215438106635183
2026-08-15 00:00:00+00:00,AGTUSDT,alaya-ai,0.057771260997067565,True,False,-198.6419193462303,-494.0741118310863
2026-08-15 00:00:00+00:00,STRKUSDT,starknet-bridge,0.03500342962298349,True,True,670.9794399675059,375.54724748264994
2026-08-15 00:00:00+00:00,CYBERUSDT,cyberconnect,0.06960654622202489,True,True,251.14889102773222,-44.28330145712374
2026-08-16 00:00:00+00:00,ARBUSDT,arbitrum-foundation,0.013641684867343776,True,True,542.0890881390598,212.07403415378758
2026-08-17 00:00:00+00:00,VANAUSDT,vana,0.017415256024544832,True,True,155.94776475882838,53.42543288877741
2026-08-17 00:00:00+00:00,SIGNUSDT,sign,0.11642682180036748,True,True,380.0626391823806,277.5403073123296
2026-08-17 00:00:00+00:00,SOLVUSDT,solv-protocol,0.09467197821037988,True,False,1270.7930396149573,1168.270707744906
2026-08-18 00:00:00+00:00,ZKUSDT,zksync-era,0.02584813076233151,True,True,482.1990771414091,541.0204519791197
2026-08-18 00:00:00+00:00,REUSDT,re,0.042543618457231355,True,True,373.1466515515996,431.96802638931024
2026-08-19 00:00:00+00:00,SOLVUSDT,solv-protocol,0.03618386793591374,True,False,-55.531679899707925,822.6361240841464
2026-08-20 00:00:00+00:00,KAITOUSDT,kaito,0.07632826002118509,True,True,1586.723171428572,3172.7058599494485
2026-08-21 00:00:00+00:00,ZROUSDT,layerzero,0.03891290920321186,True,True,-2703.110974631009,-447.3930507799797
2026-08-24 00:00:00+00:00,GRAMUSDT,ton,0.012203717642690572,True,True,-1050.6788879518083,1611.2791290086923
2026-08-25 00:00:00+00:00,HUSDT,humanity,0.08599895123230206,True,True,3596.773368555146,5796.7023774958425
2026-08-26 00:00:00+00:00,XPLUSDT,plasma,0.03305785123966941,True,True,-1348.1704210790779,841.3238528359765
2026-08-27 00:00:00+00:00,WALUSDT,walrus-protocol,0.013255656871703462,True,True,-972.0775867502238,622.5724490623164
2026-08-27 00:00:00+00:00,ALTUSDT,altlayer,0.034934144174054715,True,True,-663.7857026542924,930.8643331582476
2026-08-28 00:00:00+00:00,RESOLVUSDT,resolv,0.04334186049272931,True,True,253.09999041095836,786.9041952313953
2026-08-29 00:00:00+00:00,B2USDT,b2-buzz,0.03622145525285003,True,True,616.1555204857438,632.7868627579755
2026-08-29 00:00:00+00:00,GRASSUSDT,grass,0.03122262965888086,True,True,-757.0926957446811,-740.4613534724494
2026-08-30 00:00:00+00:00,FFUSDT,falcon-finance,0.024469820554649267,True,True,-1200.2310853275333,-1135.1627353508165
2026-08-30 00:00:00+00:00,MEGAUSDT,megaeth-bridge,0.012756053115785013,True,True,1010.0525803310613,1075.1209303077778
2026-08-30 00:00:00+00:00,GRVTUSDT,grvt,0.5589948268746657,False,True,2636.986793548387,2702.055143525104
2026-08-31 00:00:00+00:00,GUNUSDT,gunz,0.1010678750237656,True,True,566.1066649781117,675.6272233109398
2026-08-31 00:00:00+00:00,ZORAUSDT,zora-protocol,0.03125000000000006,True,True,-3016.519497785978,-2906.9989394531494
2026-09-01 00:00:00+00:00,EIGENUSDT,eigencloud,0.044644819448557395,True,True,1279.7282430040236,951.1031681951384
2026-09-02 00:00:00+00:00,ZETAUSDT,zetachain,0.02851135746056844,True,True,-303.37462565444946,-514.8458240339445
2026-09-03 00:00:00+00:00,STOUSDT,stakestone,0.05146847483125916,True,True,188.00054160881118,466.7566881362778
2026-09-03 00:00:00+00:00,MUSDT,memecore,0.029211858279103425,True,True,905.3990019227373,1184.1551484502038
2026-09-03 00:00:00+00:00,OPNUSDT,opinion,0.05987261146659093,True,True,-572.9667840105835,-294.21063748311695
2026-09-08 00:00:00+00:00,STABLEUSDT,stable,0.03539823008849559,True,True,-52.85458314606806,-48.573324401251156
2026-09-08 00:00:00+00:00,HFTUSDT,hashflow,0.01695060994530498,True,False,-11.999999999999998,-7.718741255183103
2026-09-08 00:00:00+00:00,GMTUSDT,stepn,0.010975261337719486,True,True,-244.72538577085956,-240.44412702604268
2026-09-10 00:00:00+00:00,MOVEUSDT,movement,0.03844282238442815,True,True,496.16521353383536,465.4570262026919
2026-09-11 00:00:00+00:00,MEUSDT,magic-eden,0.015337128990127373,True,True,-2.990331182290858,-470.29563692046366
2026-09-11 00:00:00+00:00,CARVUSDT,carv,0.020035100012305625,True,True,-26.794650671620474,-494.0999564097933
2026-09-12 00:00:00+00:00,BBUSDT,bouncebit,0.029724423464115038,True,True,1164.1739130434783,862.6187433044573
2026-09-12 00:00:00+00:00,APTUSDT,aptos,0.013432506338667808,True,True,-421.1419832496987,-722.6971529887197
2026-09-12 00:00:00+00:00,PUMPUSDT,pump,0.013237063778580024,True,False,1038.9639441915604,737.4087744525395
2026-09-14 00:00:00+00:00,AGTUSDT,alaya-ai,0.05461602439700561,True,False,-178.45738942065512,-464.22739016951255
2026-09-14 00:00:00+00:00,SEIUSDT,sei,0.016067172980403978,True,True,954.1549646403236,668.384963891466
2026-09-15 00:00:00+00:00,STRKUSDT,starknet-bridge,0.0338196266999175,True,True,1730.6369044500163,1270.5300923536936
2026-09-16 00:00:00+00:00,ARBUSDT,arbitrum-foundation,0.013428218745621367,True,True,-67.27496789508805,-389.65263787197705
2026-09-17 00:00:00+00:00,ZKUSDT,zksync-era,0.025196839558622744,True,True,547.6872737267596,332.9807662322873
2026-09-17 00:00:00+00:00,VANAUSDT,vana,0.01711715636405269,True,True,-648.0848892675363,-862.7913967620086
2026-09-18 00:00:00+00:00,SOLVUSDT,solv-protocol,0.03492031583930379,True,False,496.35365593705313,1103.4402963293478
2026-09-18 00:00:00+00:00,REUSDT,re,0.04080751894121026,True,True,-539.3366360073769,67.7500043849176
