symbol,day,kind,missing,m,t,r
AGLDUSDT,2023-08-01,signal,False,,,
AGLDUSDT,2023-08-01,signal,False,4.0,2023-08-01 02:10:00+00:00,0.022147007999848436
AGLDUSDT,2023-08-01,signal,False,6.0,2023-08-01 02:10:00+00:00,0.03420065320437167
AGLDUSDT,2023-08-15,signal,False,,,
AGLDUSDT,2023-08-15,signal,False,4.0,2023-08-15 19:07:00+00:00,-0.012854121130165569
AGLDUSDT,2023-08-16,signal,False,,,
AGLDUSDT,2023-08-17,signal,False,,,
AGLDUSDT,2023-08-17,signal,False,4.0,2023-08-17 21:41:00+00:00,-0.0439536583177452
AGLDUSDT,2023-09-10,signal,False,,,
AGLDUSDT,2023-09-10,signal,False,4.0,2023-09-10 04:22:00+00:00,-0.010633947558629425
AGLDUSDT,2023-09-10,signal,False,6.0,2023-09-10 04:22:00+00:00,0.035151437382726594
AGLDUSDT,2023-10-09,signal,False,,,
AGLDUSDT,2023-10-09,signal,False,4.0,2023-10-09 09:49:00+00:00,0.010374241061805244
AGLDUSDT,2023-10-09,signal,False,6.0,2023-10-09 09:49:00+00:00,0.015937384511756705
AGLDUSDT,2023-10-11,signal,False,,,
AGLDUSDT,2023-10-11,signal,False,4.0,2023-10-11 02:34:00+00:00,0.011467257716423384
AGLDUSDT,2023-10-17,signal,False,,,
AGLDUSDT,2023-11-09,signal,False,,,
AGLDUSDT,2023-11-09,signal,False,4.0,2023-11-09 16:12:00+00:00,0.03147494976132799
AGLDUSDT,2023-11-09,signal,False,6.0,2023-11-09 16:12:00+00:00,0.04898662069554423
AGLDUSDT,2023-12-04,signal,False,,,
AGLDUSDT,2023-12-04,signal,False,4.0,2023-12-04 11:12:00+00:00,0.03296226248888985
AGLDUSDT,2023-12-11,signal,False,,,
AGLDUSDT,2023-12-11,signal,False,4.0,2023-12-11 02:12:00+00:00,0.00011174261941596163
AGLDUSDT,2023-12-11,signal,False,6.0,2023-12-11 02:12:00+00:00,0.019057927565966613
AGLDUSDT,2024-01-03,signal,False,,,
AGLDUSDT,2024-01-03,signal,False,4.0,2024-01-03 12:01:00+00:00,0.029524193111265265
AGLDUSDT,2024-01-03,signal,False,4.0,2024-01-03 12:09:00+00:00,0.045179785789374274
AGLDUSDT,2024-01-03,signal,False,6.0,2024-01-03 12:09:00+00:00,0.07123477644970871
AGLDUSDT,2024-02-28,signal,False,,,
AGLDUSDT,2024-02-28,signal,False,4.0,2024-02-28 17:31:00+00:00,0.03847997506804797
AGLDUSDT,2024-02-28,signal,False,6.0,2024-02-28 17:31:00+00:00,0.06027916710631538
AGLDUSDT,2024-03-03,signal,False,,,
AGLDUSDT,2024-03-03,signal,False,4.0,2024-03-03 07:27:00+00:00,0.025762394784224887
AGLDUSDT,2024-03-05,signal,False,,,
AGLDUSDT,2024-03-08,signal,False,,,
AGLDUSDT,2024-03-08,signal,False,4.0,2024-03-08 15:32:00+00:00,0.01842124490572168
AGLDUSDT,2024-04-12,signal,False,,,
AGLDUSDT,2024-04-12,signal,False,4.0,2024-04-12 18:32:00+00:00,-0.03056110853987101
AGLDUSDT,2024-04-12,signal,False,6.0,2024-04-12 18:32:00+00:00,0.03243551967898135
AGLDUSDT,2024-04-12,signal,False,6.0,2024-04-12 18:35:00+00:00,0.0712171853616867
AGLDUSDT,2024-04-13,signal,False,,,
AGLDUSDT,2024-07-25,signal,False,,,
AGLDUSDT,2024-08-05,signal,False,,,
AGLDUSDT,2024-08-05,signal,False,4.0,2024-08-05 01:10:00+00:00,0.03215910559836983
AGLDUSDT,2024-10-22,signal,False,,,
AGLDUSDT,2024-10-22,signal,False,4.0,2024-10-22 12:35:00+00:00,-0.06049948328003804
AGLDUSDT,2024-11-20,signal,False,,,
AGLDUSDT,2024-12-18,signal,False,,,
AGLDUSDT,2025-05-03,signal,False,,,
AGLDUSDT,2025-05-12,signal,False,,,
AGLDUSDT,2025-09-22,signal,False,,,
AGLDUSDT,2025-09-22,signal,False,4.0,2025-09-22 06:02:00+00:00,0.022355977193652968
AGLDUSDT,2025-09-22,signal,False,6.0,2025-09-22 06:02:00+00:00,0.034528804877677025
AGLDUSDT,2025-10-10,signal,False,,,
AGLDUSDT,2025-10-10,signal,False,4.0,2025-10-10 21:13:00+00:00,-0.06173907529408626
AGLDUSDT,2025-11-03,signal,False,,,
AGLDUSDT,2025-11-03,signal,False,4.0,2025-11-03 15:30:00+00:00,0.022762248054896975
AGLDUSDT,2026-06-25,signal,False,,,
AGLDUSDT,2026-06-25,signal,False,4.0,2026-06-25 13:43:00+00:00,-0.08709422347303006
AGLDUSDT,2026-06-25,signal,False,6.0,2026-06-25 13:43:00+00:00,-0.06273793129632485
AGLDUSDT,2026-08-22,signal,False,,,
AGLDUSDT,2026-08-22,signal,False,4.0,2026-08-22 05:11:00+00:00,0.031027337658023416
AGLDUSDT,2023-02-26,random,False,,,
AGLDUSDT,2023-06-08,random,False,,,
AGLDUSDT,2023-07-11,random,False,,,
AGLDUSDT,2023-12-09,random,False,,,
AGLDUSDT,2024-01-20,random,False,,,
AGLDUSDT,2024-09-02,random,False,,,
AGLDUSDT,2024-09-24,random,False,,,
AGLDUSDT,2024-10-09,random,False,,,
AGLDUSDT,2024-11-27,random,False,,,
AGLDUSDT,2025-02-01,random,False,,,
AGLDUSDT,2025-02-20,random,False,,,
AGLDUSDT,2025-06-20,random,False,,,
AGLDUSDT,2025-07-08,random,False,,,
AGLDUSDT,2025-08-17,random,False,,,
AGLDUSDT,2025-12-01,random,False,,,
ALICEUSDT,2023-03-03,signal,False,,,
ALICEUSDT,2023-05-08,signal,False,,,
ALICEUSDT,2023-06-10,signal,False,,,
ALICEUSDT,2023-06-28,signal,False,,,
ALICEUSDT,2023-07-05,signal,False,,,
ALICEUSDT,2023-07-24,signal,False,,,
ALICEUSDT,2023-08-15,signal,False,,,
ALICEUSDT,2023-09-10,signal,False,,,
ALICEUSDT,2023-10-09,signal,False,,,
ALICEUSDT,2023-11-09,signal,False,,,
ALICEUSDT,2023-11-09,signal,False,4.0,2023-11-09 16:12:00+00:00,0.010705991194595949
ALICEUSDT,2023-11-09,signal,False,6.0,2023-11-09 16:12:00+00:00,0.03834415028988887
ALICEUSDT,2023-12-04,signal,False,,,
ALICEUSDT,2023-12-04,signal,False,4.0,2023-12-04 11:12:00+00:00,0.022450232137782147
ALICEUSDT,2023-12-04,signal,False,6.0,2023-12-04 11:12:00+00:00,0.034676862661145516
ALICEUSDT,2023-12-11,signal,False,,,
ALICEUSDT,2023-12-11,signal,False,4.0,2023-12-11 02:12:00+00:00,-0.006452056749205764
ALICEUSDT,2023-12-11,signal,False,6.0,2023-12-11 02:12:00+00:00,0.01789900553221749
ALICEUSDT,2023-12-26,signal,False,,,
ALICEUSDT,2023-12-26,signal,False,4.0,2023-12-26 17:39:00+00:00,0.02706437706241123
ALICEUSDT,2024-01-03,signal,False,,,
ALICEUSDT,2024-01-03,signal,False,4.0,2024-01-03 12:01:00+00:00,0.022586005879076068
ALICEUSDT,2024-01-03,signal,False,4.0,2024-01-03 12:09:00+00:00,0.05129094974387645
ALICEUSDT,2024-02-20,signal,False,,,
ALICEUSDT,2024-03-03,signal,False,,,
ALICEUSDT,2024-03-03,signal,False,4.0,2024-03-03 07:27:00+00:00,0.03423705666740724
ALICEUSDT,2024-04-01,signal,False,,,
ALICEUSDT,2024-04-01,signal,False,4.0,2024-04-01 05:50:00+00:00,0.02031520701105345
ALICEUSDT,2024-06-07,signal,False,,,
ALICEUSDT,2024-06-07,signal,False,4.0,2024-06-07 18:00:00+00:00,0.028874850996610094
ALICEUSDT,2024-06-07,signal,False,4.0,2024-06-07 18:04:00+00:00,0.03955175061307377
ALICEUSDT,2024-06-18,signal,False,,,
ALICEUSDT,2024-06-24,signal,False,,,
ALICEUSDT,2024-06-24,signal,False,4.0,2024-06-24 09:33:00+00:00,0.021595240047966827
ALICEUSDT,2024-08-05,signal,False,,,
ALICEUSDT,2024-08-05,signal,False,4.0,2024-08-05 01:10:00+00:00,0.034568849507516
ALICEUSDT,2024-12-09,signal,False,,,
ALICEUSDT,2024-12-18,signal,False,,,
ALICEUSDT,2025-10-10,signal,False,,,
ALICEUSDT,2025-10-10,signal,False,4.0,2025-10-10 21:18:00+00:00,0.1089203247115455
ALICEUSDT,2026-05-06,signal,False,,,
ALICEUSDT,2026-05-06,signal,False,4.0,2026-05-06 22:17:00+00:00,-0.06709766093757794
ALICEUSDT,2026-05-06,signal,False,6.0,2026-05-06 22:17:00+00:00,-0.04972284860127671
ALICEUSDT,2026-05-17,signal,False,,,
ALICEUSDT,2026-05-17,signal,False,4.0,2026-05-17 23:41:00+00:00,0.012526692664268379
ALICEUSDT,2026-07-13,signal,False,,,
ALICEUSDT,2026-08-12,signal,False,,,
ALICEUSDT,2026-08-12,signal,False,4.0,2026-08-12 21:24:00+00:00,8.11170245236532e-05
ALICEUSDT,2026-08-12,signal,False,6.0,2026-08-12 21:24:00+00:00,0.016228908149839863
ALICEUSDT,2026-08-22,signal,False,,,
ALICEUSDT,2026-08-22,signal,False,4.0,2026-08-22 05:10:00+00:00,-0.001395467782970699
ALICEUSDT,2026-09-09,signal,False,,,
ALICEUSDT,2026-09-09,signal,False,4.0,2026-09-09 22:08:00+00:00,0.008137851302848748
ALICEUSDT,2023-06-14,random,False,,,
ALICEUSDT,2024-01-04,random,False,,,
ALICEUSDT,2024-01-06,random,False,,,
ALICEUSDT,2024-01-08,random,False,,,
ALICEUSDT,2024-04-18,random,False,,,
ALICEUSDT,2024-04-22,random,False,,,
ALICEUSDT,2024-05-24,random,False,,,
ALICEUSDT,2024-09-27,random,False,,,
ALICEUSDT,2024-11-15,random,False,,,
ALICEUSDT,2025-08-14,random,False,,,
ALICEUSDT,2025-11-10,random,False,,,
ALICEUSDT,2025-12-02,random,False,,,
ALICEUSDT,2026-05-16,random,False,,,
ALICEUSDT,2026-07-25,random,False,,,
ALICEUSDT,2026-08-13,random,False,,,
ARKUSDT,2023-10-02,signal,False,,,
ARKUSDT,2023-10-02,signal,False,4.0,2023-10-02 18:40:00+00:00,0.017091556738030714
ARKUSDT,2023-11-24,signal,False,,,
ARKUSDT,2023-11-24,signal,False,4.0,2023-11-24 21:16:00+00:00,0.01869593239963566
ARKUSDT,2023-11-25,signal,False,,,
ARKUSDT,2023-12-04,signal,False,,,
ARKUSDT,2023-12-04,signal,False,4.0,2023-12-04 11:12:00+00:00,0.019213938566299674
ARKUSDT,2023-12-04,signal,False,6.0,2023-12-04 11:12:00+00:00,0.029609512585710276
ARKUSDT,2023-12-11,signal,False,,,
ARKUSDT,2023-12-11,signal,False,4.0,2023-12-11 02:12:00+00:00,-0.026685585497845356
ARKUSDT,2023-12-11,signal,False,6.0,2023-12-11 02:12:00+00:00,-0.011996616667964338
ARKUSDT,2023-12-18,signal,False,,,
ARKUSDT,2023-12-26,signal,False,,,
ARKUSDT,2023-12-26,signal,False,4.0,2023-12-26 17:39:00+00:00,0.020527002441781364
ARKUSDT,2024-01-03,signal,False,,,
ARKUSDT,2024-01-03,signal,False,4.0,2024-01-03 12:08:00+00:00,-0.03194857389616665
ARKUSDT,2024-01-03,signal,False,6.0,2024-01-03 12:09:00+00:00,0.05360890331199082
ARKUSDT,2024-02-28,signal,False,,,
ARKUSDT,2024-02-28,signal,False,4.0,2024-02-28 17:31:00+00:00,-0.0200171775392097
ARKUSDT,2024-02-28,signal,False,6.0,2024-02-28 17:31:00+00:00,-0.0010693893327138042
ARKUSDT,2024-03-03,signal,False,,,
ARKUSDT,2024-03-03,signal,False,4.0,2024-03-03 07:27:00+00:00,0.02422621048893854
ARKUSDT,2024-03-05,signal,False,,,
ARKUSDT,2024-03-05,signal,False,4.0,2024-03-05 19:56:00+00:00,0.04128980306455517
ARKUSDT,2024-03-08,signal,False,,,
ARKUSDT,2024-04-12,signal,False,,,
ARKUSDT,2024-04-12,signal,False,4.0,2024-04-12 18:32:00+00:00,0.018143543918901675
ARKUSDT,2024-04-12,signal,False,4.0,2024-04-12 18:35:00+00:00,0.025361686588648305
ARKUSDT,2024-04-12,signal,False,6.0,2024-04-12 18:35:00+00:00,0.039264350447955024
ARKUSDT,2024-06-04,signal,False,,,
ARKUSDT,2024-06-04,signal,False,4.0,2024-06-04 13:02:00+00:00,0.008627905561693155
ARKUSDT,2024-06-07,signal,False,,,
ARKUSDT,2024-06-07,signal,False,4.0,2024-06-07 18:04:00+00:00,0.024895301253284166
ARKUSDT,2024-08-05,signal,False,,,
ARKUSDT,2024-12-09,signal,False,,,
ARKUSDT,2024-12-09,signal,False,4.0,2024-12-09 21:03:00+00:00,0.04038305906710167
ARKUSDT,2025-03-21,signal,False,,,
ARKUSDT,2025-03-21,signal,False,4.0,2025-03-21 11:05:00+00:00,-0.002893549753729657
ARKUSDT,2025-03-25,signal,False,,,
ARKUSDT,2025-07-18,signal,False,,,
ARKUSDT,2025-07-18,signal,False,4.0,2025-07-18 06:08:00+00:00,0.017877176095892636
ARKUSDT,2025-09-22,signal,False,,,
ARKUSDT,2025-09-22,signal,False,4.0,2025-09-22 06:02:00+00:00,0.014330866624427684
ARKUSDT,2025-09-22,signal,False,6.0,2025-09-22 06:02:00+00:00,0.022026664134842958
ARKUSDT,2025-10-10,signal,False,,,
ARKUSDT,2025-10-10,signal,False,4.0,2025-10-10 20:59:00+00:00,0.017688544191442238
ARKUSDT,2025-10-10,signal,False,4.0,2025-10-10 21:16:00+00:00,0.03125420873331115
ARKUSDT,2025-10-10,signal,False,4.0,2025-10-10 21:19:00+00:00,0.060852195126474176
ARKUSDT,2025-10-10,signal,False,6.0,2025-10-10 20:59:00+00:00,0.027232650710669895
ARKUSDT,2025-10-10,signal,False,6.0,2025-10-10 21:18:00+00:00,0.058926631402942145
ARKUSDT,2025-11-03,signal,False,,,
ARKUSDT,2025-11-03,signal,False,4.0,2025-11-03 15:30:00+00:00,0.020093802469433666
ARKUSDT,2025-11-21,signal,False,,,
ARKUSDT,2026-01-19,signal,False,,,
ARKUSDT,2026-01-19,signal,False,4.0,2026-01-19 00:00:00+00:00,-0.012206223176813386
ARKUSDT,2026-09-30,signal,False,,,
ARKUSDT,2023-04-04,random,True,,,
ARKUSDT,2023-04-27,random,True,,,
ARKUSDT,2023-08-10,random,False,,,
ARKUSDT,2024-01-16,random,False,,,
ARKUSDT,2024-09-01,random,False,,,
ARKUSDT,2024-10-02,random,False,,,
ARKUSDT,2024-10-17,random,False,,,
ARKUSDT,2024-10-22,random,False,,,
ARKUSDT,2024-10-30,random,False,,,
ARKUSDT,2024-11-06,random,False,,,
ARKUSDT,2025-01-17,random,False,,,
ARKUSDT,2025-02-25,random,False,,,
ARKUSDT,2025-07-06,random,False,,,
ARKUSDT,2025-12-02,random,False,,,
ARKUSDT,2026-07-04,random,False,,,
BAKEUSDT,2023-03-03,signal,False,,,
BAKEUSDT,2023-03-04,signal,False,,,
BAKEUSDT,2023-03-04,signal,False,4.0,2023-03-04 22:15:00+00:00,0.026716992010941312
BAKEUSDT,2023-04-19,signal,False,,,
BAKEUSDT,2023-04-19,signal,False,4.0,2023-04-19 08:22:00+00:00,0.02667891904024762
BAKEUSDT,2023-06-22,signal,False,,,
BAKEUSDT,2023-06-28,signal,False,,,
BAKEUSDT,2023-06-30,signal,False,,,
BAKEUSDT,2023-07-24,signal,False,,,
BAKEUSDT,2023-08-19,signal,False,,,
BAKEUSDT,2023-10-31,signal,False,,,
BAKEUSDT,2023-11-09,signal,False,,,
BAKEUSDT,2023-11-09,signal,False,4.0,2023-11-09 16:11:00+00:00,-0.015711029701364926
BAKEUSDT,2023-11-09,signal,False,6.0,2023-11-09 16:11:00+00:00,0.01400564037937227
BAKEUSDT,2023-12-04,signal,False,,,
BAKEUSDT,2023-12-04,signal,False,4.0,2023-12-04 11:12:00+00:00,0.02180759018039065
BAKEUSDT,2023-12-04,signal,False,6.0,2023-12-04 11:12:00+00:00,0.03366795239567395
BAKEUSDT,2024-01-03,signal,False,,,
BAKEUSDT,2024-01-03,signal,False,4.0,2024-01-03 12:01:00+00:00,0.04209940207594949
BAKEUSDT,2024-01-03,signal,False,4.0,2024-01-03 12:08:00+00:00,0.06940377750057575
BAKEUSDT,2024-03-03,signal,False,,,
BAKEUSDT,2024-03-03,signal,False,4.0,2024-03-03 07:27:00+00:00,0.037551571895393335
BAKEUSDT,2024-03-05,signal,False,,,
BAKEUSDT,2024-03-05,signal,False,4.0,2024-03-05 19:56:00+00:00,0.062402931612977226
BAKEUSDT,2024-04-01,signal,False,,,
BAKEUSDT,2024-04-01,signal,False,4.0,2024-04-01 05:48:00+00:00,0.014595731813558065
BAKEUSDT,2024-04-12,signal,False,,,
BAKEUSDT,2024-04-12,signal,False,4.0,2024-04-12 17:28:00+00:00,0.021938879375011447
BAKEUSDT,2024-04-12,signal,False,4.0,2024-04-12 18:32:00+00:00,0.03527971049232766
BAKEUSDT,2024-04-12,signal,False,4.0,2024-04-12 18:35:00+00:00,0.07005429568392557
BAKEUSDT,2024-06-07,signal,False,,,
BAKEUSDT,2024-06-07,signal,False,4.0,2024-06-07 18:00:00+00:00,-0.06371754771882907
BAKEUSDT,2024-06-07,signal,False,6.0,2024-06-07 18:04:00+00:00,0.04528067147941113
BAKEUSDT,2024-07-19,signal,False,,,
BAKEUSDT,2024-07-19,signal,False,4.0,2024-07-19 22:24:00+00:00,-0.011729966878070569
BAKEUSDT,2024-07-25,signal,False,,,
BAKEUSDT,2024-07-25,signal,False,4.0,2024-07-25 01:09:00+00:00,0.01851388297316854
BAKEUSDT,2024-09-01,signal,False,,,
BAKEUSDT,2024-09-01,signal,False,4.0,2024-09-01 06:00:00+00:00,-0.056495719462841126
BAKEUSDT,2024-09-01,signal,False,6.0,2024-09-01 06:00:00+00:00,-0.04810223975358638
BAKEUSDT,2024-10-25,signal,False,,,
BAKEUSDT,2024-10-25,signal,False,4.0,2024-10-25 23:23:00+00:00,0.02164763381860864
BAKEUSDT,2024-11-10,signal,False,,,
BAKEUSDT,2024-11-10,signal,False,4.0,2024-11-10 14:52:00+00:00,0.023786503494471714
BAKEUSDT,2024-12-02,signal,False,,,
BAKEUSDT,2025-03-03,signal,False,,,
BAKEUSDT,2025-03-03,signal,False,4.0,2025-03-03 00:33:00+00:00,0.03876706047912078
BAKEUSDT,2025-05-10,signal,False,,,
BAKEUSDT,2025-05-10,signal,False,4.0,2025-05-10 00:00:00+00:00,0.03679989320899986
BAKEUSDT,2025-05-18,signal,False,,,
BAKEUSDT,2025-05-18,signal,False,4.0,2025-05-18 20:00:00+00:00,0.020073550057111825
BAKEUSDT,2025-05-18,signal,False,6.0,2025-05-18 20:00:00+00:00,0.030952216254556977
BAKEUSDT,2025-06-21,signal,False,,,
BAKEUSDT,2025-06-21,signal,False,4.0,2025-06-21 21:25:00+00:00,0.015247603949676902
BAKEUSDT,2025-07-08,signal,False,,,
BAKEUSDT,2025-07-08,signal,False,4.0,2025-07-08 14:22:00+00:00,-0.01523966381753758
BAKEUSDT,2025-07-08,signal,False,6.0,2025-07-08 14:22:00+00:00,0.039290419842231875
BAKEUSDT,2025-09-03,signal,False,,,
BAKEUSDT,2025-09-03,signal,False,4.0,2025-09-03 03:01:00+00:00,-0.16945361573153814
BAKEUSDT,2025-10-03,signal,False,,,
BAKEUSDT,2025-10-03,signal,False,4.0,2025-10-03 02:03:00+00:00,0.04780935669219151
BAKEUSDT,2025-10-03,signal,False,4.0,2025-10-03 04:54:00+00:00,0.056175128489452233
BAKEUSDT,2023-02-06,random,False,,,
BAKEUSDT,2023-05-16,random,False,,,
BAKEUSDT,2023-06-13,random,False,,,
BAKEUSDT,2024-03-17,random,False,,,
BAKEUSDT,2024-04-15,random,False,,,
BAKEUSDT,2024-06-05,random,False,,,
BAKEUSDT,2024-07-27,random,False,,,
BAKEUSDT,2024-10-12,random,False,,,
BAKEUSDT,2024-12-19,random,False,,,
BAKEUSDT,2025-07-02,random,False,,,
BAKEUSDT,2025-10-16,random,True,,,
BAKEUSDT,2025-10-31,random,True,,,
BAKEUSDT,2025-11-27,random,True,,,
BAKEUSDT,2026-04-29,random,True,,,
BAKEUSDT,2026-09-25,random,True,,,
BATUSDT,2023-02-14,signal,False,,,
BATUSDT,2023-03-03,signal,False,,,
BATUSDT,2023-05-08,signal,False,,,
BATUSDT,2023-06-10,signal,False,,,
BATUSDT,2023-06-28,signal,False,,,
BATUSDT,2023-07-24,signal,False,,,
BATUSDT,2023-08-07,signal,False,,,
BATUSDT,2023-08-15,signal,False,,,
BATUSDT,2023-08-15,signal,False,4.0,2023-08-15 19:07:00+00:00,-0.00042111613327230836
BATUSDT,2023-08-17,signal,False,,,
BATUSDT,2023-08-17,signal,False,4.0,2023-08-17 21:43:00+00:00,0.033179225084942934
BATUSDT,2023-09-10,signal,False,,,
BATUSDT,2023-09-10,signal,False,4.0,2023-09-10 04:22:00+00:00,0.017521164581259588
BATUSDT,2023-10-02,signal,False,,,
BATUSDT,2023-11-09,signal,False,,,
BATUSDT,2023-11-09,signal,False,4.0,2023-11-09 16:12:00+00:00,0.026551410291424563
BATUSDT,2023-11-09,signal,False,6.0,2023-11-09 16:12:00+00:00,0.04114686196014579
BATUSDT,2023-12-04,signal,False,,,
BATUSDT,2023-12-04,signal,False,4.0,2023-12-04 11:12:00+00:00,0.014593487082251898
BATUSDT,2023-12-04,signal,False,6.0,2023-12-04 11:12:00+00:00,0.022432570473831917
BATUSDT,2023-12-11,signal,False,,,
BATUSDT,2023-12-11,signal,False,4.0,2023-12-11 02:12:00+00:00,0.010632202670582763
BATUSDT,2023-12-26,signal,False,,,
BATUSDT,2023-12-26,signal,False,4.0,2023-12-26 17:39:00+00:00,0.021415873770758778
BATUSDT,2023-12-26,signal,False,6.0,2023-12-26 17:39:00+00:00,0.033053630843800266
BATUSDT,2024-01-03,signal,False,,,
BATUSDT,2024-01-03,signal,False,4.0,2024-01-03 12:09:00+00:00,0.04821997119123207
BATUSDT,2024-02-28,signal,False,,,
BATUSDT,2024-02-28,signal,False,4.0,2024-02-28 17:31:00+00:00,0.021578583922364517
BATUSDT,2024-02-28,signal,False,6.0,2024-02-28 17:31:00+00:00,0.03330874639510957
BATUSDT,2024-03-03,signal,False,,,
BATUSDT,2024-03-03,signal,False,4.0,2024-03-03 07:27:00+00:00,0.02795682646543103
BATUSDT,2024-04-12,signal,False,,,
BATUSDT,2024-04-13,signal,False,,,
BATUSDT,2024-05-23,signal,False,,,
BATUSDT,2024-05-23,signal,False,4.0,2024-05-23 20:00:00+00:00,0.018521171535906336
BATUSDT,2024-06-07,signal,False,,,
BATUSDT,2024-06-07,signal,False,4.0,2024-06-07 18:00:00+00:00,-0.03645655136463663
BATUSDT,2024-06-07,signal,False,6.0,2024-06-07 18:04:00+00:00,0.031154812673528112
BATUSDT,2024-06-11,signal,False,,,
BATUSDT,2024-06-11,signal,False,4.0,2024-06-11 01:52:00+00:00,0.014688298169151136
BATUSDT,2024-06-18,signal,False,,,
BATUSDT,2024-08-05,signal,False,,,
BATUSDT,2024-08-05,signal,False,4.0,2024-08-05 01:08:00+00:00,0.023174685838985368
BATUSDT,2024-08-05,signal,False,4.0,2024-08-05 01:10:00+00:00,0.026605957221443613
BATUSDT,2024-12-09,signal,False,,,
BATUSDT,2024-12-09,signal,False,4.0,2024-12-09 21:04:00+00:00,0.04370264438503098
BATUSDT,2025-09-22,signal,False,,,
BATUSDT,2025-09-22,signal,False,4.0,2025-09-22 06:02:00+00:00,0.01364713494842502
BATUSDT,2025-09-22,signal,False,6.0,2025-09-22 06:02:00+00:00,0.02097090237222994
BATUSDT,2026-01-19,signal,False,,,
BATUSDT,2026-01-19,signal,False,4.0,2026-01-19 00:01:00+00:00,0.020543874772668905
BATUSDT,2026-01-19,signal,False,6.0,2026-01-19 00:01:00+00:00,0.031687856201000744
BATUSDT,2026-09-23,signal,False,,,
BATUSDT,2023-02-09,random,False,,,
BATUSDT,2023-05-31,random,False,,,
BATUSDT,2023-07-18,random,False,,,
BATUSDT,2023-07-29,random,False,,,
BATUSDT,2024-02-05,random,False,,,
BATUSDT,2024-11-22,random,False,,,
BATUSDT,2024-12-20,random,False,,,
BATUSDT,2025-02-07,random,False,,,
BATUSDT,2025-04-02,random,False,,,
BATUSDT,2025-05-23,random,False,,,
BATUSDT,2025-09-21,random,False,,,
BATUSDT,2025-10-27,random,False,,,
BATUSDT,2026-02-24,random,False,,,
BATUSDT,2026-06-09,random,False,,,
BATUSDT,2026-07-25,random,False,,,
FLMUSDT,2023-01-21,signal,False,,,
FLMUSDT,2023-01-21,signal,False,4.0,2023-01-21 10:26:00+00:00,0.020047743282032696
FLMUSDT,2023-02-05,signal,False,,,
FLMUSDT,2023-02-05,signal,False,4.0,2023-02-05 12:57:00+00:00,0.01659627857403874
FLMUSDT,2023-03-03,signal,False,,,
FLMUSDT,2023-04-19,signal,False,,,
FLMUSDT,2023-04-19,signal,False,4.0,2023-04-19 08:10:00+00:00,-0.026994205064456458
FLMUSDT,2023-04-19,signal,False,6.0,2023-04-19 08:10:00+00:00,-0.012840127535357432
FLMUSDT,2023-04-21,signal,False,,,
FLMUSDT,2023-04-21,signal,False,4.0,2023-04-21 19:07:00+00:00,0.016500989356081866
FLMUSDT,2023-05-08,signal,False,,,
FLMUSDT,2023-05-08,signal,False,4.0,2023-05-08 01:44:00+00:00,-0.0036945707455393324
FLMUSDT,2023-06-10,signal,False,,,
FLMUSDT,2023-06-10,signal,False,4.0,2023-06-10 04:21:00+00:00,-0.10010108207844179
FLMUSDT,2023-06-10,signal,False,6.0,2023-06-10 04:21:00+00:00,-0.0871655376760456
FLMUSDT,2023-06-24,signal,False,,,
FLMUSDT,2023-06-24,signal,False,4.0,2023-06-24 15:32:00+00:00,0.029912761333845198
FLMUSDT,2023-06-28,signal,False,,,
FLMUSDT,2023-06-28,signal,False,4.0,2023-06-28 19:30:00+00:00,0.01545814784259661
FLMUSDT,2023-06-28,signal,False,6.0,2023-06-28 19:30:00+00:00,0.03021765946289441
FLMUSDT,2023-06-30,signal,False,,,
FLMUSDT,2023-06-30,signal,False,4.0,2023-06-30 13:41:00+00:00,0.024678451105931656
FLMUSDT,2023-07-24,signal,False,,,
FLMUSDT,2023-07-24,signal,False,4.0,2023-07-24 09:50:00+00:00,-0.003188865096686782
FLMUSDT,2023-07-24,signal,False,6.0,2023-07-24 09:50:00+00:00,0.008307742863092021
FLMUSDT,2023-08-17,signal,False,,,
FLMUSDT,2023-08-17,signal,False,4.0,2023-08-17 21:41:00+00:00,-0.06264459879747739
FLMUSDT,2023-08-17,signal,False,6.0,2023-08-17 21:41:00+00:00,-0.0454707656139349
FLMUSDT,2023-09-26,signal,False,,,
FLMUSDT,2023-09-26,signal,False,4.0,2023-09-26 09:01:00+00:00,0.00748835368264536
FLMUSDT,2023-09-26,signal,False,6.0,2023-09-26 09:01:00+00:00,0.029604419781970218
FLMUSDT,2023-10-09,signal,False,,,
FLMUSDT,2023-10-09,signal,False,4.0,2023-10-09 09:50:00+00:00,0.01367915074928212
FLMUSDT,2023-10-09,signal,False,6.0,2023-10-09 09:50:00+00:00,0.021020305838925293
FLMUSDT,2023-11-09,signal,False,,,
FLMUSDT,2023-11-09,signal,False,4.0,2023-11-09 16:12:00+00:00,0.030640536105269914
FLMUSDT,2023-11-09,signal,False,6.0,2023-11-09 16:12:00+00:00,0.04765237565950771
FLMUSDT,2023-12-04,signal,False,,,
FLMUSDT,2023-12-04,signal,False,4.0,2023-12-04 11:12:00+00:00,0.020278841712318044
FLMUSDT,2023-12-04,signal,False,6.0,2023-12-04 11:12:00+00:00,0.03127322824180752
FLMUSDT,2023-12-11,signal,False,,,
FLMUSDT,2023-12-11,signal,False,4.0,2023-12-11 02:12:00+00:00,0.013012901305818253
FLMUSDT,2023-12-11,signal,False,6.0,2023-12-11 02:12:00+00:00,0.02941996343649507
FLMUSDT,2023-12-26,signal,False,,,
FLMUSDT,2023-12-26,signal,False,4.0,2023-12-26 17:39:00+00:00,0.0395923092464749
FLMUSDT,2024-01-03,signal,False,,,
FLMUSDT,2024-01-03,signal,False,4.0,2024-01-03 12:01:00+00:00,-0.059118206886322605
FLMUSDT,2024-01-03,signal,False,6.0,2024-01-03 12:01:00+00:00,0.0366235191955135
FLMUSDT,2024-02-28,signal,False,,,
FLMUSDT,2024-02-28,signal,False,4.0,2024-02-28 17:31:00+00:00,-0.009495209222056794
FLMUSDT,2024-02-28,signal,False,6.0,2024-02-28 17:31:00+00:00,0.03560857662216428
FLMUSDT,2024-03-03,signal,False,,,
FLMUSDT,2024-03-03,signal,False,4.0,2024-03-03 07:27:00+00:00,0.02846173860044794
FLMUSDT,2024-03-03,signal,False,6.0,2024-03-03 07:27:00+00:00,0.044179242340097916
FLMUSDT,2024-03-05,signal,False,,,
FLMUSDT,2024-03-05,signal,False,4.0,2024-03-05 19:56:00+00:00,0.0432333397031905
FLMUSDT,2024-03-08,signal,False,,,
FLMUSDT,2024-03-08,signal,False,4.0,2024-03-08 15:32:00+00:00,0.019242849513974883
FLMUSDT,2024-04-01,signal,False,,,
FLMUSDT,2024-04-13,signal,False,,,
FLMUSDT,2024-04-13,signal,False,4.0,2024-04-13 19:56:00+00:00,0.04933151507010165
FLMUSDT,2024-06-07,signal,False,,,
FLMUSDT,2024-06-07,signal,False,4.0,2024-06-07 18:00:00+00:00,-0.07471406341290329
FLMUSDT,2024-06-07,signal,False,6.0,2024-06-07 18:01:00+00:00,0.03223959160644592
FLMUSDT,2024-06-11,signal,False,,,
FLMUSDT,2024-06-11,signal,False,4.0,2024-06-11 01:52:00+00:00,0.004894684094515018
FLMUSDT,2024-06-11,signal,False,6.0,2024-06-11 01:52:00+00:00,0.02456235590748497
FLMUSDT,2025-07-05,signal,False,,,
FLMUSDT,2025-07-05,signal,False,4.0,2025-07-05 17:12:00+00:00,-0.057968899667982215
FLMUSDT,2025-07-05,signal,False,6.0,2025-07-05 17:13:00+00:00,-0.002331371544022159
FLMUSDT,2025-10-10,signal,False,,,
FLMUSDT,2025-10-10,signal,False,4.0,2025-10-10 20:59:00+00:00,0.026661966444548393
FLMUSDT,2025-10-10,signal,False,4.0,2025-10-10 21:13:00+00:00,-0.1012054843193245
FLMUSDT,2025-10-10,signal,False,6.0,2025-10-10 20:59:00+00:00,0.04132202983830542
FLMUSDT,2025-10-10,signal,False,6.0,2025-10-10 21:16:00+00:00,0.08042506969238733
FLMUSDT,2025-11-04,signal,True,,,
FLMUSDT,2023-02-07,random,False,,,
FLMUSDT,2023-03-23,random,False,,,
FLMUSDT,2023-03-25,random,False,,,
FLMUSDT,2023-06-16,random,False,,,
FLMUSDT,2023-09-09,random,False,,,
FLMUSDT,2023-10-08,random,False,,,
FLMUSDT,2024-08-29,random,False,,,
FLMUSDT,2024-09-28,random,False,,,
FLMUSDT,2024-12-22,random,False,,,
FLMUSDT,2025-01-18,random,False,,,
FLMUSDT,2025-03-31,random,False,,,
FLMUSDT,2025-07-30,random,False,,,
FLMUSDT,2025-08-30,random,False,,,
FLMUSDT,2026-01-11,random,True,,,
FLMUSDT,2026-02-12,random,True,,,
FXSUSDT,2023-03-08,signal,False,,,
FXSUSDT,2023-04-21,signal,False,,,
FXSUSDT,2023-04-21,signal,False,4.0,2023-04-21 19:07:00+00:00,0.023834494635073436
FXSUSDT,2023-06-05,signal,False,,,
FXSUSDT,2023-06-10,signal,False,,,
FXSUSDT,2023-06-10,signal,False,4.0,2023-06-10 04:21:00+00:00,-0.0678283556325798
FXSUSDT,2023-06-22,signal,False,,,
FXSUSDT,2023-06-30,signal,False,,,
FXSUSDT,2023-06-30,signal,False,4.0,2023-06-30 13:41:00+00:00,0.017574416776974203
FXSUSDT,2023-08-17,signal,False,,,
FXSUSDT,2023-11-09,signal,False,,,
FXSUSDT,2023-11-09,signal,False,4.0,2023-11-09 16:12:00+00:00,0.005989349249510918
FXSUSDT,2023-11-09,signal,False,6.0,2023-11-09 16:12:00+00:00,0.03480390746856217
FXSUSDT,2023-12-26,signal,False,,,
FXSUSDT,2024-02-28,signal,False,,,
FXSUSDT,2024-02-28,signal,False,4.0,2024-02-28 17:31:00+00:00,-0.01406508637726231
FXSUSDT,2024-02-28,signal,False,6.0,2024-02-28 17:31:00+00:00,0.03729445350228895
FXSUSDT,2024-03-03,signal,False,,,
FXSUSDT,2024-03-03,signal,False,4.0,2024-03-03 07:27:00+00:00,0.02078575609143414
FXSUSDT,2024-03-03,signal,False,6.0,2024-03-03 07:27:00+00:00,0.03206646065371284
FXSUSDT,2024-03-05,signal,False,,,
FXSUSDT,2024-03-05,signal,False,4.0,2024-03-05 19:54:00+00:00,0.004072713170746784
FXSUSDT,2024-04-12,signal,False,,,
FXSUSDT,2024-04-12,signal,False,4.0,2024-04-12 18:32:00+00:00,-0.053763142120747925
FXSUSDT,2024-04-12,signal,False,6.0,2024-04-12 18:32:00+00:00,-0.03450612261383221
FXSUSDT,2024-04-13,signal,False,,,
FXSUSDT,2024-04-13,signal,False,4.0,2024-04-13 19:56:00+00:00,0.028836833572122036
FXSUSDT,2024-04-13,signal,False,4.0,2024-04-13 20:08:00+00:00,0.039492508340572344
FXSUSDT,2024-06-07,signal,False,,,
FXSUSDT,2024-06-07,signal,False,4.0,2024-06-07 18:01:00+00:00,0.025573838276566854
FXSUSDT,2024-06-07,signal,False,4.0,2024-06-07 18:04:00+00:00,0.027193372589187928
FXSUSDT,2024-06-07,signal,False,6.0,2024-06-07 18:04:00+00:00,0.042164558608562344
FXSUSDT,2024-06-11,signal,False,,,
FXSUSDT,2024-06-14,signal,False,,,
FXSUSDT,2024-06-24,signal,False,,,
FXSUSDT,2024-06-24,signal,False,4.0,2024-06-24 09:33:00+00:00,0.015080096786443242
FXSUSDT,2024-07-03,signal,False,,,
FXSUSDT,2024-07-03,signal,False,4.0,2024-07-03 03:48:00+00:00,-0.017645315428366417
FXSUSDT,2024-07-03,signal,False,6.0,2024-07-03 03:48:00+00:00,-0.0032015886064828687
FXSUSDT,2024-07-05,signal,False,,,
FXSUSDT,2024-08-05,signal,False,,,
FXSUSDT,2024-08-05,signal,False,4.0,2024-08-05 01:08:00+00:00,0.03769826623948709
FXSUSDT,2024-08-05,signal,False,4.0,2024-08-05 01:10:00+00:00,0.044774677942066535
FXSUSDT,2024-12-09,signal,False,,,
FXSUSDT,2024-12-09,signal,False,4.0,2024-12-09 21:03:00+00:00,0.04251779376472649
FXSUSDT,2024-12-18,signal,False,,,
FXSUSDT,2024-12-18,signal,False,4.0,2024-12-18 20:08:00+00:00,0.02571837442370746
FXSUSDT,2025-09-22,signal,False,,,
FXSUSDT,2025-09-22,signal,False,4.0,2025-09-22 06:02:00+00:00,0.018216213410053375
FXSUSDT,2025-09-22,signal,False,6.0,2025-09-22 06:02:00+00:00,0.028054026341834917
FXSUSDT,2025-09-25,signal,False,,,
FXSUSDT,2025-10-10,signal,False,,,
FXSUSDT,2025-10-10,signal,False,4.0,2025-10-10 21:13:00+00:00,-0.3173748079885274
FXSUSDT,2025-10-10,signal,False,6.0,2025-10-10 21:17:00+00:00,0.09672944824688362
FXSUSDT,2025-11-21,signal,False,,,
FXSUSDT,2025-12-18,signal,False,,,
FXSUSDT,2025-12-28,signal,False,,,
FXSUSDT,2025-12-28,signal,False,4.0,2025-12-28 03:00:00+00:00,0.010893879140238604
FXSUSDT,2026-01-05,signal,True,,,
FXSUSDT,2023-09-14,random,False,,,
FXSUSDT,2023-11-17,random,False,,,
FXSUSDT,2023-11-24,random,False,,,
FXSUSDT,2024-02-15,random,False,,,
FXSUSDT,2024-03-28,random,False,,,
FXSUSDT,2024-04-11,random,False,,,
FXSUSDT,2024-05-21,random,False,,,
FXSUSDT,2024-05-22,random,False,,,
FXSUSDT,2024-06-10,random,False,,,
FXSUSDT,2024-08-26,random,False,,,
FXSUSDT,2024-11-26,random,False,,,
FXSUSDT,2025-04-05,random,False,,,
FXSUSDT,2025-07-29,random,False,,,
FXSUSDT,2025-10-03,random,False,,,
FXSUSDT,2025-12-25,random,False,,,
ICXUSDT,2023-04-19,signal,False,,,
ICXUSDT,2023-04-19,signal,False,4.0,2023-04-19 08:11:00+00:00,0.012231637470447598
ICXUSDT,2023-06-10,signal,False,,,
ICXUSDT,2023-06-10,signal,False,4.0,2023-06-10 04:21:00+00:00,-0.08104356527243903
ICXUSDT,2023-06-28,signal,False,,,
ICXUSDT,2023-06-28,signal,False,4.0,2023-06-28 19:30:00+00:00,0.01644930210023006
ICXUSDT,2023-07-24,signal,False,,,
ICXUSDT,2023-07-24,signal,False,4.0,2023-07-24 09:50:00+00:00,-0.007609117348149368
ICXUSDT,2023-08-15,signal,False,,,
ICXUSDT,2023-08-15,signal,False,4.0,2023-08-15 19:07:00+00:00,-0.017707983721101796
ICXUSDT,2023-08-15,signal,False,6.0,2023-08-15 19:08:00+00:00,0.01624626100959921
ICXUSDT,2023-08-17,signal,False,,,
ICXUSDT,2023-08-17,signal,False,4.0,2023-08-17 21:43:00+00:00,0.024747790244666404
ICXUSDT,2023-09-10,signal,False,,,
ICXUSDT,2023-09-10,signal,False,4.0,2023-09-10 04:22:00+00:00,0.009464612145743078
ICXUSDT,2023-12-04,signal,False,,,
ICXUSDT,2023-12-04,signal,False,4.0,2023-12-04 11:12:00+00:00,0.014671398143670977
ICXUSDT,2023-12-04,signal,False,6.0,2023-12-04 11:12:00+00:00,0.022553031491722567
ICXUSDT,2023-12-11,signal,False,,,
ICXUSDT,2023-12-11,signal,False,4.0,2023-12-11 02:12:00+00:00,0.012374154899259776
ICXUSDT,2023-12-11,signal,False,6.0,2023-12-11 02:12:00+00:00,0.02411217940967099
ICXUSDT,2023-12-26,signal,False,,,
ICXUSDT,2023-12-26,signal,False,4.0,2023-12-26 17:39:00+00:00,0.018196477890176158
ICXUSDT,2023-12-26,signal,False,6.0,2023-12-26 17:39:00+00:00,0.028023289917786756
ICXUSDT,2024-02-28,signal,False,,,
ICXUSDT,2024-02-28,signal,False,4.0,2024-02-28 17:32:00+00:00,0.029668912484428447
ICXUSDT,2024-02-28,signal,False,6.0,2024-02-28 17:32:00+00:00,0.04610162192674201
ICXUSDT,2024-03-03,signal,False,,,
ICXUSDT,2024-03-03,signal,False,4.0,2024-03-03 07:27:00+00:00,0.02256591624747313
ICXUSDT,2024-03-03,signal,False,6.0,2024-03-03 07:27:00+00:00,0.0348586209059369
ICXUSDT,2024-03-05,signal,False,,,
ICXUSDT,2024-03-05,signal,False,4.0,2024-03-05 19:56:00+00:00,0.04568564998128584
ICXUSDT,2024-03-08,signal,False,,,
ICXUSDT,2024-03-08,signal,False,4.0,2024-03-08 15:32:00+00:00,0.01897522041742246
ICXUSDT,2024-04-01,signal,False,,,
ICXUSDT,2024-04-12,signal,False,,,
ICXUSDT,2024-04-12,signal,False,4.0,2024-04-12 17:28:00+00:00,0.017700328220863606
ICXUSDT,2024-04-12,signal,False,4.0,2024-04-12 18:35:00+00:00,0.04491967887916433
ICXUSDT,2024-04-12,signal,False,6.0,2024-04-12 18:35:00+00:00,0.07080657754727321
ICXUSDT,2024-05-23,signal,False,,,
ICXUSDT,2024-05-23,signal,False,4.0,2024-05-23 20:00:00+00:00,0.019048086869450212
ICXUSDT,2024-06-07,signal,False,,,
ICXUSDT,2024-06-07,signal,False,4.0,2024-06-07 18:00:00+00:00,-0.052019564705542226
ICXUSDT,2024-06-07,signal,False,6.0,2024-06-07 18:04:00+00:00,0.030685542624481157
ICXUSDT,2024-06-11,signal,False,,,
ICXUSDT,2024-06-11,signal,False,4.0,2024-06-11 01:52:00+00:00,0.01249635122894328
ICXUSDT,2024-06-14,signal,False,,,
ICXUSDT,2024-06-18,signal,False,,,
ICXUSDT,2024-08-05,signal,False,,,
ICXUSDT,2024-08-05,signal,False,4.0,2024-08-05 01:10:00+00:00,0.0282073316012192
ICXUSDT,2024-08-05,signal,False,6.0,2024-08-05 01:10:00+00:00,0.04377471821417185
ICXUSDT,2024-12-09,signal,False,,,
ICXUSDT,2025-08-14,signal,False,,,
ICXUSDT,2025-09-22,signal,False,,,
ICXUSDT,2025-09-22,signal,False,4.0,2025-09-22 06:02:00+00:00,0.012826837128023304
ICXUSDT,2025-09-22,signal,False,6.0,2025-09-22 06:02:00+00:00,0.019706197086157798
ICXUSDT,2025-10-10,signal,False,,,
ICXUSDT,2025-10-10,signal,False,4.0,2025-10-10 21:13:00+00:00,-0.12179098609573033
ICXUSDT,2025-10-10,signal,False,6.0,2025-10-10 21:20:00+00:00,0.09694111543416722
ICXUSDT,2026-08-01,signal,False,,,
ICXUSDT,2026-08-01,signal,False,4.0,2026-08-01 08:41:00+00:00,-0.03282111510919092
ICXUSDT,2026-08-11,signal,False,,,
ICXUSDT,2026-08-11,signal,False,4.0,2026-08-11 09:00:00+00:00,-0.014155202356400415
ICXUSDT,2026-08-11,signal,False,6.0,2026-08-11 09:00:00+00:00,-0.0022202815630870394
ICXUSDT,2026-08-20,signal,False,,,
ICXUSDT,2026-08-20,signal,False,4.0,2026-08-20 06:00:00+00:00,-0.10746802030157418
ICXUSDT,2026-08-20,signal,False,6.0,2026-08-20 06:00:00+00:00,-0.09367890307743318
ICXUSDT,2026-08-22,signal,False,,,
ICXUSDT,2026-08-22,signal,False,4.0,2026-08-22 05:09:00+00:00,-0.0018829449692361051
ICXUSDT,2023-06-15,random,False,,,
ICXUSDT,2023-06-18,random,False,,,
ICXUSDT,2023-07-14,random,False,,,
ICXUSDT,2023-11-23,random,False,,,
ICXUSDT,2024-11-11,random,False,,,
ICXUSDT,2024-12-15,random,False,,,
ICXUSDT,2025-04-04,random,False,,,
ICXUSDT,2025-09-16,random,False,,,
ICXUSDT,2025-09-18,random,False,,,
ICXUSDT,2025-11-06,random,False,,,
ICXUSDT,2025-12-13,random,False,,,
ICXUSDT,2025-12-24,random,False,,,
ICXUSDT,2026-02-28,random,False,,,
ICXUSDT,2026-05-31,random,False,,,
ICXUSDT,2026-06-21,random,False,,,
IOSTUSDT,2023-05-08,signal,False,,,
IOSTUSDT,2023-05-08,signal,False,4.0,2023-05-08 01:44:00+00:00,0.010234121327500078
IOSTUSDT,2023-06-10,signal,False,,,
IOSTUSDT,2023-06-10,signal,False,4.0,2023-06-10 04:21:00+00:00,-0.07882735815741701
IOSTUSDT,2023-06-10,signal,False,6.0,2023-06-10 04:21:00+00:00,-0.0663291739516568
IOSTUSDT,2023-07-24,signal,False,,,
IOSTUSDT,2023-07-24,signal,False,4.0,2023-07-24 09:50:00+00:00,-0.002773364647867898
IOSTUSDT,2023-08-01,signal,False,,,
IOSTUSDT,2023-08-15,signal,False,,,
IOSTUSDT,2023-08-15,signal,False,4.0,2023-08-15 19:07:00+00:00,-0.0017279039392552316
IOSTUSDT,2023-10-31,signal,False,,,
IOSTUSDT,2023-11-09,signal,False,,,
IOSTUSDT,2023-11-09,signal,False,4.0,2023-11-09 16:12:00+00:00,0.017888299067109606
IOSTUSDT,2023-11-09,signal,False,6.0,2023-11-09 16:12:00+00:00,0.027543487456242313
IOSTUSDT,2023-11-12,signal,False,,,
IOSTUSDT,2023-11-12,signal,False,4.0,2023-11-12 00:10:00+00:00,0.028093048741117024
IOSTUSDT,2023-12-04,signal,False,,,
IOSTUSDT,2023-12-04,signal,False,4.0,2023-12-04 11:12:00+00:00,0.014984138284009196
IOSTUSDT,2023-12-11,signal,False,,,
IOSTUSDT,2023-12-11,signal,False,4.0,2023-12-11 02:12:00+00:00,0.006408379999631759
IOSTUSDT,2023-12-11,signal,False,6.0,2023-12-11 02:12:00+00:00,0.024388965590091252
IOSTUSDT,2023-12-26,signal,False,,,
IOSTUSDT,2023-12-26,signal,False,4.0,2023-12-26 17:39:00+00:00,0.017863588828039803
IOSTUSDT,2023-12-26,signal,False,6.0,2023-12-26 17:39:00+00:00,0.027505029222004887
IOSTUSDT,2024-01-03,signal,False,,,
IOSTUSDT,2024-01-03,signal,False,4.0,2024-01-03 12:01:00+00:00,-0.051142956951194724
IOSTUSDT,2024-01-03,signal,False,6.0,2024-01-03 12:01:00+00:00,-0.03537664213460498
IOSTUSDT,2024-03-05,signal,False,,,
IOSTUSDT,2024-03-05,signal,False,4.0,2024-03-05 19:56:00+00:00,0.040420959916874735
IOSTUSDT,2024-04-01,signal,False,,,
IOSTUSDT,2024-04-12,signal,False,,,
IOSTUSDT,2024-04-12,signal,False,4.0,2024-04-12 18:35:00+00:00,0.05669717183841656
IOSTUSDT,2024-06-07,signal,False,,,
IOSTUSDT,2024-06-07,signal,False,4.0,2024-06-07 18:00:00+00:00,-0.038843880369887146
IOSTUSDT,2024-06-07,signal,False,6.0,2024-06-07 18:01:00+00:00,0.022923087560232827
IOSTUSDT,2024-06-07,signal,False,6.0,2024-06-07 18:04:00+00:00,0.02668638921390616
IOSTUSDT,2024-06-14,signal,False,,,
IOSTUSDT,2024-06-14,signal,False,4.0,2024-06-14 16:08:00+00:00,0.014427881988072055
IOSTUSDT,2024-06-18,signal,False,,,
IOSTUSDT,2024-07-02,signal,False,,,
IOSTUSDT,2024-07-02,signal,False,4.0,2024-07-02 06:43:00+00:00,-0.04963940216903426
IOSTUSDT,2024-07-02,signal,False,6.0,2024-07-02 06:43:00+00:00,-0.0351007605670732
IOSTUSDT,2024-12-09,signal,False,,,
IOSTUSDT,2024-12-09,signal,False,4.0,2024-12-09 21:03:00+00:00,0.048384342715872955
IOSTUSDT,2025-05-29,signal,False,,,
IOSTUSDT,2025-05-29,signal,False,4.0,2025-05-29 13:37:00+00:00,0.013732560368047774
IOSTUSDT,2025-05-29,signal,False,6.0,2025-05-29 13:37:00+00:00,0.02110272917014662
IOSTUSDT,2025-06-21,signal,False,,,
IOSTUSDT,2025-08-14,signal,False,,,
IOSTUSDT,2025-09-11,signal,False,,,
IOSTUSDT,2025-09-11,signal,False,4.0,2025-09-11 12:30:00+00:00,0.007752999955064244
IOSTUSDT,2025-09-19,signal,False,,,
IOSTUSDT,2025-09-19,signal,False,4.0,2025-09-19 20:27:00+00:00,-0.0010297383749763016
IOSTUSDT,2025-09-22,signal,False,,,
IOSTUSDT,2025-09-22,signal,False,4.0,2025-09-22 06:02:00+00:00,0.013415616916696748
IOSTUSDT,2025-09-22,signal,False,6.0,2025-09-22 06:02:00+00:00,0.02061374320109728
IOSTUSDT,2025-11-03,signal,False,,,
IOSTUSDT,2025-11-03,signal,False,4.0,2025-11-03 15:30:00+00:00,0.019204751599909378
IOSTUSDT,2026-01-19,signal,False,,,
IOSTUSDT,2026-01-19,signal,False,4.0,2026-01-19 00:00:00+00:00,-0.0038036908679117405
IOSTUSDT,2026-01-19,signal,False,6.0,2026-01-19 00:01:00+00:00,0.023908115401562305
IOSTUSDT,2026-08-09,signal,False,,,
IOSTUSDT,2026-08-09,signal,False,4.0,2026-08-09 04:02:00+00:00,0.01239551524320066
IOSTUSDT,2026-08-17,signal,False,,,
IOSTUSDT,2026-08-17,signal,False,4.0,2026-08-17 08:49:00+00:00,-0.004006401377964346
IOSTUSDT,2026-08-17,signal,False,6.0,2026-08-17 08:49:00+00:00,0.00572730811807512
IOSTUSDT,2023-01-23,random,False,,,
IOSTUSDT,2023-03-07,random,False,,,
IOSTUSDT,2023-06-04,random,False,,,
IOSTUSDT,2024-02-02,random,False,,,
IOSTUSDT,2024-02-22,random,False,,,
IOSTUSDT,2024-06-28,random,False,,,
IOSTUSDT,2024-12-08,random,False,,,
IOSTUSDT,2025-01-19,random,False,,,
IOSTUSDT,2025-07-27,random,False,,,
IOSTUSDT,2025-10-05,random,False,,,
IOSTUSDT,2025-12-03,random,False,,,
IOSTUSDT,2025-12-05,random,False,,,
IOSTUSDT,2026-04-16,random,False,,,
IOSTUSDT,2026-05-30,random,False,,,
IOSTUSDT,2026-09-19,random,False,,,
JASMYUSDT,2023-01-18,signal,False,,,
JASMYUSDT,2023-01-18,signal,False,4.0,2023-01-18 15:54:00+00:00,0.024428122450880177
JASMYUSDT,2023-02-14,signal,False,,,
JASMYUSDT,2023-02-14,signal,False,4.0,2023-02-14 13:30:00+00:00,0.021084763910737173
JASMYUSDT,2023-03-03,signal,False,,,
JASMYUSDT,2023-03-03,signal,False,4.0,2023-03-03 01:32:00+00:00,0.02304412830362486
JASMYUSDT,2023-04-19,signal,False,,,
JASMYUSDT,2023-04-19,signal,False,4.0,2023-04-19 08:22:00+00:00,0.029545403417135366
JASMYUSDT,2023-06-10,signal,False,,,
JASMYUSDT,2023-06-10,signal,False,4.0,2023-06-10 04:21:00+00:00,-0.0473529951428758
JASMYUSDT,2023-06-14,signal,False,,,
JASMYUSDT,2023-06-30,signal,False,,,
JASMYUSDT,2023-07-10,signal,False,,,
JASMYUSDT,2023-07-10,signal,False,4.0,2023-07-10 00:11:00+00:00,0.010971663755028737
JASMYUSDT,2023-07-24,signal,False,,,
JASMYUSDT,2023-07-24,signal,False,4.0,2023-07-24 09:50:00+00:00,0.0035216306398440375
JASMYUSDT,2023-07-24,signal,False,6.0,2023-07-24 09:50:00+00:00,0.015428205611294018
JASMYUSDT,2023-08-01,signal,False,,,
JASMYUSDT,2023-08-01,signal,False,4.0,2023-08-01 02:10:00+00:00,0.013101544968929079
JASMYUSDT,2023-08-01,signal,False,6.0,2023-08-01 02:10:00+00:00,0.020129497385534115
JASMYUSDT,2023-08-15,signal,False,,,
JASMYUSDT,2023-08-15,signal,False,4.0,2023-08-15 19:07:00+00:00,-0.015684506827136485
JASMYUSDT,2023-08-15,signal,False,6.0,2023-08-15 19:07:00+00:00,-0.0056247431995393995
JASMYUSDT,2023-08-17,signal,False,,,
JASMYUSDT,2023-08-17,signal,False,4.0,2023-08-17 21:41:00+00:00,-0.02747364840566754
JASMYUSDT,2023-09-10,signal,False,,,
JASMYUSDT,2023-09-10,signal,False,4.0,2023-09-10 04:22:00+00:00,0.010946010844541342
JASMYUSDT,2023-09-10,signal,False,6.0,2023-09-10 04:22:00+00:00,0.016814330244446965
JASMYUSDT,2023-10-09,signal,False,,,
JASMYUSDT,2023-10-09,signal,False,4.0,2023-10-09 09:50:00+00:00,0.009677446223734742
JASMYUSDT,2023-11-09,signal,False,,,
JASMYUSDT,2023-11-09,signal,False,4.0,2023-11-09 16:12:00+00:00,0.024585402267358572
JASMYUSDT,2023-11-09,signal,False,6.0,2023-11-09 16:12:00+00:00,0.03803850490873813
JASMYUSDT,2024-01-03,signal,False,,,
JASMYUSDT,2024-01-03,signal,False,4.0,2024-01-03 12:01:00+00:00,-0.06212053889331823
JASMYUSDT,2024-01-03,signal,False,6.0,2024-01-03 12:01:00+00:00,0.03486822031711774
JASMYUSDT,2024-04-12,signal,False,,,
JASMYUSDT,2024-04-12,signal,False,4.0,2024-04-12 18:35:00+00:00,0.05938234659236925
JASMYUSDT,2024-04-16,signal,False,,,
JASMYUSDT,2024-06-14,signal,False,,,
JASMYUSDT,2024-10-25,signal,False,,,
JASMYUSDT,2024-10-25,signal,False,4.0,2024-10-25 23:23:00+00:00,0.023166846137512923
JASMYUSDT,2024-12-18,signal,False,,,
JASMYUSDT,2025-02-26,signal,False,,,
JASMYUSDT,2025-08-14,signal,False,,,
JASMYUSDT,2025-08-29,signal,False,,,
JASMYUSDT,2025-09-22,signal,False,,,
JASMYUSDT,2025-09-22,signal,False,4.0,2025-09-22 06:02:00+00:00,0.018090970161701983
JASMYUSDT,2025-09-22,signal,False,6.0,2025-09-22 06:02:00+00:00,0.027858991409505943
JASMYUSDT,2025-10-10,signal,False,,,
JASMYUSDT,2025-10-10,signal,False,4.0,2025-10-10 21:13:00+00:00,0.03423945767017074
JASMYUSDT,2025-10-10,signal,False,4.0,2025-10-10 21:18:00+00:00,0.057281034478270335
JASMYUSDT,2025-10-10,signal,False,6.0,2025-10-10 21:18:00+00:00,0.09141769112489556
JASMYUSDT,2026-01-19,signal,False,,,
JASMYUSDT,2026-01-19,signal,False,4.0,2026-01-19 00:01:00+00:00,0.022833604111882136
JASMYUSDT,2026-05-17,signal,False,,,
JASMYUSDT,2026-05-17,signal,False,4.0,2026-05-17 23:41:00+00:00,0.010904201369063404
JASMYUSDT,2026-08-14,signal,False,,,
JASMYUSDT,2026-08-14,signal,False,4.0,2026-08-14 07:00:00+00:00,-0.006814689357949349
JASMYUSDT,2026-08-14,signal,False,6.0,2026-08-14 07:00:00+00:00,0.024293277553889506
JASMYUSDT,2026-09-09,signal,False,,,
JASMYUSDT,2026-09-09,signal,False,4.0,2026-09-09 22:08:00+00:00,0.01924207578542121
JASMYUSDT,2023-01-13,random,False,,,
JASMYUSDT,2023-01-29,random,False,,,
JASMYUSDT,2023-03-07,random,False,,,
JASMYUSDT,2023-03-23,random,False,,,
JASMYUSDT,2023-04-13,random,False,,,
JASMYUSDT,2023-05-23,random,False,,,
JASMYUSDT,2023-11-11,random,False,,,
JASMYUSDT,2024-01-18,random,False,,,
JASMYUSDT,2024-12-03,random,False,,,
JASMYUSDT,2024-12-20,random,False,,,
JASMYUSDT,2025-04-18,random,False,,,
JASMYUSDT,2025-04-27,random,False,,,
JASMYUSDT,2025-08-24,random,False,,,
JASMYUSDT,2025-10-20,random,False,,,
JASMYUSDT,2026-08-23,random,False,,,
JTOUSDT,2023-12-11,signal,False,,,
JTOUSDT,2023-12-11,signal,False,4.0,2023-12-11 02:12:00+00:00,0.06256384860076109
JTOUSDT,2023-12-11,signal,False,6.0,2023-12-11 02:12:00+00:00,0.10039202681786591
JTOUSDT,2023-12-26,signal,False,,,
JTOUSDT,2023-12-26,signal,False,4.0,2023-12-26 17:39:00+00:00,0.04130186306869872
JTOUSDT,2023-12-29,signal,False,,,
JTOUSDT,2023-12-29,signal,False,4.0,2023-12-29 01:25:00+00:00,0.03311269587903261
JTOUSDT,2023-12-31,signal,False,,,
JTOUSDT,2023-12-31,signal,False,4.0,2023-12-31 20:33:00+00:00,0.01984728512109553
JTOUSDT,2023-12-31,signal,False,4.0,2023-12-31 22:51:00+00:00,-0.012122012890771833
JTOUSDT,2023-12-31,signal,False,6.0,2023-12-31 22:51:00+00:00,0.0143323903811923
JTOUSDT,2024-01-03,signal,False,,,
JTOUSDT,2024-01-03,signal,False,4.0,2024-01-03 12:01:00+00:00,-0.05648900820295508
JTOUSDT,2024-01-03,signal,False,6.0,2024-01-03 12:01:00+00:00,0.04628543620757504
JTOUSDT,2024-01-09,signal,False,,,
JTOUSDT,2024-01-09,signal,False,4.0,2024-01-09 12:56:00+00:00,0.04252123403963544
JTOUSDT,2024-02-20,signal,False,,,
JTOUSDT,2024-02-20,signal,False,4.0,2024-02-20 15:29:00+00:00,0.030544630110112173
JTOUSDT,2024-02-28,signal,False,,,
JTOUSDT,2024-02-28,signal,False,4.0,2024-02-28 17:31:00+00:00,0.03205690143803004
JTOUSDT,2024-02-28,signal,False,6.0,2024-02-28 17:31:00+00:00,0.04991853591783664
JTOUSDT,2024-04-12,signal,False,,,
JTOUSDT,2024-04-12,signal,False,4.0,2024-04-12 17:28:00+00:00,0.026637103298893863
JTOUSDT,2024-04-12,signal,False,4.0,2024-04-12 18:35:00+00:00,0.06302071517010205
JTOUSDT,2024-04-12,signal,False,6.0,2024-04-12 17:28:00+00:00,0.04128263259148675
JTOUSDT,2024-05-23,signal,False,,,
JTOUSDT,2024-05-23,signal,False,4.0,2024-05-23 13:50:00+00:00,0.022679724443900054
JTOUSDT,2024-05-23,signal,False,4.0,2024-05-23 20:00:00+00:00,0.02337568525625673
JTOUSDT,2024-06-07,signal,False,,,
JTOUSDT,2024-06-07,signal,False,4.0,2024-06-07 18:00:00+00:00,-0.06387380540336648
JTOUSDT,2024-06-07,signal,False,6.0,2024-06-07 18:04:00+00:00,0.04603369870338732
JTOUSDT,2024-08-05,signal,False,,,
JTOUSDT,2024-08-05,signal,False,4.0,2024-08-05 01:10:00+00:00,0.036287878068169646
JTOUSDT,2024-12-18,signal,False,,,
JTOUSDT,2024-12-18,signal,False,4.0,2024-12-18 20:08:00+00:00,0.025642150874077133
JTOUSDT,2025-09-22,signal,False,,,
JTOUSDT,2025-09-22,signal,False,4.0,2025-09-22 06:02:00+00:00,0.017928050358402906
JTOUSDT,2025-09-22,signal,False,6.0,2025-09-22 06:02:00+00:00,0.027605359170791835
JTOUSDT,2025-10-10,signal,False,,,
JTOUSDT,2025-10-10,signal,False,4.0,2025-10-10 21:13:00+00:00,-0.25182510782954787
JTOUSDT,2025-10-10,signal,False,6.0,2025-10-10 21:13:00+00:00,0.048633691823166195
JTOUSDT,2025-10-10,signal,False,6.0,2025-10-10 21:18:00+00:00,0.12570887894323984
JTOUSDT,2025-11-03,signal,False,,,
JTOUSDT,2025-11-03,signal,False,4.0,2025-11-03 15:30:00+00:00,0.02689332732917689
JTOUSDT,2025-11-21,signal,False,,,
JTOUSDT,2025-11-21,signal,False,4.0,2025-11-21 07:34:00+00:00,0.033201558669281275
JTOUSDT,2026-01-19,signal,False,,,
JTOUSDT,2026-01-19,signal,False,4.0,2026-01-19 00:00:00+00:00,-0.013472385457138442
JTOUSDT,2026-08-06,signal,False,,,
JTOUSDT,2026-08-22,signal,False,,,
JTOUSDT,2026-08-22,signal,False,4.0,2026-08-22 05:10:00+00:00,0.04024080919464397
JTOUSDT,2026-09-04,signal,False,,,
JTOUSDT,2026-09-04,signal,False,4.0,2026-09-04 12:31:00+00:00,0.025007842589722842
JTOUSDT,2026-09-04,signal,False,6.0,2026-09-04 12:31:00+00:00,0.03870534636955854
JTOUSDT,2026-09-23,signal,False,,,
JTOUSDT,2023-02-25,random,True,,,
JTOUSDT,2023-07-30,random,True,,,
JTOUSDT,2023-10-24,random,True,,,
JTOUSDT,2024-02-16,random,False,,,
JTOUSDT,2024-03-13,random,False,,,
JTOUSDT,2024-07-14,random,False,,,
JTOUSDT,2024-07-17,random,False,,,
JTOUSDT,2024-07-30,random,False,,,
JTOUSDT,2024-10-15,random,False,,,
JTOUSDT,2024-10-19,random,False,,,
JTOUSDT,2025-03-13,random,False,,,
JTOUSDT,2025-03-31,random,False,,,
JTOUSDT,2026-02-13,random,False,,,
JTOUSDT,2026-06-05,random,False,,,
JTOUSDT,2026-07-10,random,False,,,
LINAUSDT,2023-03-03,signal,False,,,
LINAUSDT,2023-03-03,signal,False,4.0,2023-03-03 01:32:00+00:00,0.032367134316292526
LINAUSDT,2023-04-19,signal,False,,,
LINAUSDT,2023-04-19,signal,False,4.0,2023-04-19 08:11:00+00:00,0.01917532399377815
LINAUSDT,2023-04-21,signal,False,,,
LINAUSDT,2023-04-21,signal,False,4.0,2023-04-21 19:07:00+00:00,0.021238098160254418
LINAUSDT,2023-06-10,signal,False,,,
LINAUSDT,2023-06-10,signal,False,4.0,2023-06-10 04:21:00+00:00,-0.034947609211941594
LINAUSDT,2023-06-18,signal,False,,,
LINAUSDT,2023-06-18,signal,False,4.0,2023-06-18 20:23:00+00:00,0.0019999171336091697
LINAUSDT,2023-06-18,signal,False,6.0,2023-06-18 20:23:00+00:00,0.03738154829114966
LINAUSDT,2023-07-24,signal,False,,,
LINAUSDT,2023-07-24,signal,False,4.0,2023-07-24 09:50:00+00:00,0.0036682475662390976
LINAUSDT,2023-08-17,signal,False,,,
LINAUSDT,2023-08-17,signal,False,4.0,2023-08-17 21:42:00+00:00,-0.004048752530703219
LINAUSDT,2023-08-17,signal,False,6.0,2023-08-17 21:42:00+00:00,0.022417433361034553
LINAUSDT,2023-09-10,signal,False,,,
LINAUSDT,2023-09-10,signal,False,4.0,2023-09-10 04:22:00+00:00,0.015726440059626826
LINAUSDT,2023-09-10,signal,False,6.0,2023-09-10 04:22:00+00:00,0.02418614711722307
LINAUSDT,2023-09-21,signal,False,,,
LINAUSDT,2023-10-06,signal,False,,,
LINAUSDT,2023-10-06,signal,False,4.0,2023-10-06 07:00:00+00:00,-0.0050647786902911765
LINAUSDT,2023-10-06,signal,False,6.0,2023-10-06 07:00:00+00:00,0.007154003744268806
LINAUSDT,2023-10-09,signal,False,,,
LINAUSDT,2023-10-09,signal,False,4.0,2023-10-09 09:50:00+00:00,0.01722971316107809
LINAUSDT,2023-10-09,signal,False,6.0,2023-10-09 09:50:00+00:00,0.0265191465742622
LINAUSDT,2023-11-09,signal,False,,,
LINAUSDT,2023-11-09,signal,False,4.0,2023-11-09 16:12:00+00:00,0.0056839312200611955
LINAUSDT,2023-11-09,signal,False,6.0,2023-11-09 16:12:00+00:00,0.036973381344193215
LINAUSDT,2023-12-04,signal,False,,,
LINAUSDT,2023-12-04,signal,False,4.0,2023-12-04 11:12:00+00:00,0.01789596524216193
LINAUSDT,2023-12-04,signal,False,6.0,2023-12-04 11:12:00+00:00,0.02755541924202483
LINAUSDT,2023-12-11,signal,False,,,
LINAUSDT,2023-12-11,signal,False,4.0,2023-12-11 02:12:00+00:00,0.01083819104003017
LINAUSDT,2023-12-11,signal,False,6.0,2023-12-11 02:12:00+00:00,0.03344227544646379
LINAUSDT,2023-12-26,signal,False,,,
LINAUSDT,2023-12-26,signal,False,4.0,2023-12-26 17:39:00+00:00,0.02860998151666734
LINAUSDT,2024-01-03,signal,False,,,
LINAUSDT,2024-01-03,signal,False,4.0,2024-01-03 12:08:00+00:00,-0.009599116963695059
LINAUSDT,2024-01-03,signal,False,6.0,2024-01-03 12:09:00+00:00,0.047678698904544084
LINAUSDT,2024-02-28,signal,False,,,
LINAUSDT,2024-02-28,signal,False,4.0,2024-02-28 17:31:00+00:00,0.033495040723495476
LINAUSDT,2024-02-28,signal,False,6.0,2024-02-28 17:31:00+00:00,0.05222633277787776
LINAUSDT,2024-03-08,signal,False,,,
LINAUSDT,2024-03-08,signal,False,4.0,2024-03-08 15:32:00+00:00,0.025779578655696647
LINAUSDT,2024-03-11,signal,False,,,
LINAUSDT,2024-04-12,signal,False,,,
LINAUSDT,2024-04-12,signal,False,4.0,2024-04-12 17:28:00+00:00,0.01848282154522192
LINAUSDT,2024-04-12,signal,False,4.0,2024-04-12 18:32:00+00:00,-0.0565586413941008
LINAUSDT,2024-04-12,signal,False,6.0,2024-04-12 18:32:00+00:00,-0.03203911035818782
LINAUSDT,2024-05-04,signal,False,,,
LINAUSDT,2024-05-23,signal,False,,,
LINAUSDT,2024-06-07,signal,False,,,
LINAUSDT,2024-06-07,signal,False,4.0,2024-06-07 18:00:00+00:00,-0.07078027421812857
LINAUSDT,2024-06-18,signal,False,,,
LINAUSDT,2024-06-18,signal,False,4.0,2024-06-18 01:43:00+00:00,0.03886187833830941
LINAUSDT,2024-06-24,signal,False,,,
LINAUSDT,2024-06-24,signal,False,4.0,2024-06-24 09:33:00+00:00,0.021560400265440774
LINAUSDT,2024-08-05,signal,False,,,
LINAUSDT,2024-08-05,signal,False,4.0,2024-08-05 01:08:00+00:00,0.031753903952104603
LINAUSDT,2024-08-05,signal,False,6.0,2024-08-05 01:08:00+00:00,0.04943318745108623
LINAUSDT,2025-03-21,signal,False,,,
LINAUSDT,2025-03-21,signal,False,4.0,2025-03-21 05:50:00+00:00,0.04927133560802517
LINAUSDT,2025-03-21,signal,False,6.0,2025-03-21 05:50:00+00:00,0.07800130073284456
LINAUSDT,2023-04-23,random,False,,,
LINAUSDT,2023-06-20,random,False,,,
LINAUSDT,2023-08-05,random,False,,,
LINAUSDT,2023-12-03,random,False,,,
LINAUSDT,2024-05-29,random,False,,,
LINAUSDT,2024-06-05,random,False,,,
LINAUSDT,2024-08-03,random,False,,,
LINAUSDT,2024-12-01,random,False,,,
LINAUSDT,2024-12-09,random,False,,,
LINAUSDT,2025-04-10,random,True,,,
LINAUSDT,2025-07-10,random,True,,,
LINAUSDT,2025-08-23,random,True,,,
LINAUSDT,2025-08-30,random,True,,,
LINAUSDT,2026-03-10,random,True,,,
LINAUSDT,2026-08-03,random,True,,,
MAGICUSDT,2023-01-30,signal,False,,,
MAGICUSDT,2023-01-30,signal,False,4.0,2023-01-30 09:07:00+00:00,-0.0054456679892249385
MAGICUSDT,2023-04-19,signal,False,,,
MAGICUSDT,2023-04-21,signal,False,,,
MAGICUSDT,2023-04-21,signal,False,4.0,2023-04-21 19:07:00+00:00,0.0197568823728433
MAGICUSDT,2023-06-10,signal,False,,,
MAGICUSDT,2023-06-10,signal,False,4.0,2023-06-10 04:21:00+00:00,-0.07839498360335159
MAGICUSDT,2023-06-10,signal,False,6.0,2023-06-10 04:21:00+00:00,-0.05925107335198729
MAGICUSDT,2023-06-24,signal,False,,,
MAGICUSDT,2023-06-30,signal,False,,,
MAGICUSDT,2023-08-01,signal,False,,,
MAGICUSDT,2023-08-01,signal,False,4.0,2023-08-01 02:10:00+00:00,0.012422707830469015
MAGICUSDT,2023-08-17,signal,False,,,
MAGICUSDT,2023-08-17,signal,False,4.0,2023-08-17 21:41:00+00:00,-0.05185146440160035
MAGICUSDT,2023-08-17,signal,False,6.0,2023-08-17 21:43:00+00:00,0.056590606694452775
MAGICUSDT,2023-09-10,signal,False,,,
MAGICUSDT,2023-09-10,signal,False,4.0,2023-09-10 00:20:00+00:00,0.00863252390664888
MAGICUSDT,2023-09-10,signal,False,4.0,2023-09-10 04:22:00+00:00,-0.00825691686334004
MAGICUSDT,2023-09-10,signal,False,6.0,2023-09-10 04:22:00+00:00,0.00393750036823784
MAGICUSDT,2023-10-22,signal,False,,,
MAGICUSDT,2023-10-22,signal,False,4.0,2023-10-22 07:40:00+00:00,0.015587824978540344
MAGICUSDT,2023-11-09,signal,False,,,
MAGICUSDT,2023-11-09,signal,False,4.0,2023-11-09 16:12:00+00:00,0.029844208189745827
MAGICUSDT,2023-11-09,signal,False,6.0,2023-11-09 16:12:00+00:00,0.04638117178339614
MAGICUSDT,2023-12-04,signal,False,,,
MAGICUSDT,2023-12-04,signal,False,4.0,2023-12-04 11:12:00+00:00,0.020340660490759402
MAGICUSDT,2023-12-04,signal,False,6.0,2023-12-04 11:12:00+00:00,0.03136991985772704
MAGICUSDT,2023-12-11,signal,False,,,
MAGICUSDT,2023-12-11,signal,False,4.0,2023-12-11 02:12:00+00:00,0.018109194583757957
MAGICUSDT,2023-12-11,signal,False,6.0,2023-12-11 02:12:00+00:00,0.0329077099732142
MAGICUSDT,2024-01-03,signal,False,,,
MAGICUSDT,2024-01-03,signal,False,4.0,2024-01-03 12:01:00+00:00,0.03093160011098979
MAGICUSDT,2024-01-03,signal,False,4.0,2024-01-03 12:08:00+00:00,0.05069656713427202
MAGICUSDT,2024-01-03,signal,False,6.0,2024-01-03 12:01:00+00:00,0.048117532079987105
MAGICUSDT,2024-03-05,signal,False,,,
MAGICUSDT,2024-03-05,signal,False,4.0,2024-03-05 19:56:00+00:00,0.043205360197076506
MAGICUSDT,2024-03-08,signal,False,,,
MAGICUSDT,2024-03-08,signal,False,4.0,2024-03-08 15:32:00+00:00,0.022258523691809987
MAGICUSDT,2024-03-08,signal,False,6.0,2024-03-08 15:32:00+00:00,0.03437575275542444
MAGICUSDT,2024-04-12,signal,False,,,
MAGICUSDT,2024-04-12,signal,False,4.0,2024-04-12 17:28:00+00:00,0.029744432189714412
MAGICUSDT,2024-04-12,signal,False,4.0,2024-04-12 18:35:00+00:00,0.05661559125103173
MAGICUSDT,2024-08-05,signal,False,,,
MAGICUSDT,2024-08-05,signal,False,4.0,2024-08-05 01:10:00+00:00,0.03482176907820041
MAGICUSDT,2024-08-05,signal,False,6.0,2024-08-05 01:10:00+00:00,0.05436144871844957
MAGICUSDT,2024-12-18,signal,False,,,
MAGICUSDT,2024-12-18,signal,False,4.0,2024-12-18 20:08:00+00:00,0.029803079442125083
MAGICUSDT,2025-08-14,signal,False,,,
MAGICUSDT,2025-08-14,signal,False,4.0,2025-08-14 12:34:00+00:00,0.022787670963618514
MAGICUSDT,2025-09-22,signal,False,,,
MAGICUSDT,2025-09-22,signal,False,4.0,2025-09-22 06:02:00+00:00,0.022997028642491382
MAGICUSDT,2025-09-22,signal,False,6.0,2025-09-22 06:02:00+00:00,0.0355363466967062
MAGICUSDT,2025-10-10,signal,False,,,
MAGICUSDT,2025-10-10,signal,False,4.0,2025-10-10 21:16:00+00:00,-0.14160106958077087
MAGICUSDT,2025-10-10,signal,False,6.0,2025-10-10 21:18:00+00:00,0.09358012220346995
MAGICUSDT,2025-11-03,signal,False,,,
MAGICUSDT,2025-11-03,signal,False,4.0,2025-11-03 15:30:00+00:00,0.02320230509990502
MAGICUSDT,2025-11-21,signal,False,,,
MAGICUSDT,2025-11-21,signal,False,4.0,2025-11-21 07:34:00+00:00,0.03710534619761381
MAGICUSDT,2025-12-08,signal,False,,,
MAGICUSDT,2025-12-08,signal,False,4.0,2025-12-08 22:09:00+00:00,0.02342819107110475
MAGICUSDT,2026-01-19,signal,False,,,
MAGICUSDT,2026-01-19,signal,False,4.0,2026-01-19 00:01:00+00:00,0.039712778138768015
MAGICUSDT,2026-03-22,signal,False,,,
MAGICUSDT,2026-03-22,signal,False,4.0,2026-03-22 00:01:00+00:00,0.008903559624435297
MAGICUSDT,2026-05-17,signal,False,,,
MAGICUSDT,2026-08-22,signal,False,,,
MAGICUSDT,2026-08-22,signal,False,4.0,2026-08-22 05:10:00+00:00,0.007465312828586673
MAGICUSDT,2026-09-04,signal,False,,,
MAGICUSDT,2023-03-26,random,False,,,
MAGICUSDT,2024-04-22,random,False,,,
MAGICUSDT,2024-05-27,random,False,,,
MAGICUSDT,2024-07-17,random,False,,,
MAGICUSDT,2025-01-14,random,False,,,
MAGICUSDT,2025-01-30,random,False,,,
MAGICUSDT,2025-04-19,random,False,,,
MAGICUSDT,2025-06-01,random,False,,,
MAGICUSDT,2025-06-30,random,False,,,
MAGICUSDT,2025-09-15,random,False,,,
MAGICUSDT,2025-10-13,random,False,,,
MAGICUSDT,2025-11-04,random,False,,,
MAGICUSDT,2025-12-17,random,False,,,
MAGICUSDT,2026-04-19,random,False,,,
MAGICUSDT,2026-06-27,random,False,,,
MAVUSDT,2023-07-10,signal,False,,,
MAVUSDT,2023-07-10,signal,False,4.0,2023-07-10 08:15:00+00:00,-0.016769147507895123
MAVUSDT,2023-07-10,signal,False,6.0,2023-07-10 08:15:00+00:00,0.010663440909759264
MAVUSDT,2023-07-12,signal,False,,,
MAVUSDT,2023-07-12,signal,False,4.0,2023-07-12 19:23:00+00:00,-0.012148037743390877
MAVUSDT,2023-07-12,signal,False,6.0,2023-07-12 19:23:00+00:00,0.036723287414265296
MAVUSDT,2023-08-05,signal,False,,,
MAVUSDT,2023-08-05,signal,False,4.0,2023-08-05 07:34:00+00:00,0.01190493773622987
MAVUSDT,2023-08-15,signal,False,,,
MAVUSDT,2023-08-15,signal,False,4.0,2023-08-15 19:07:00+00:00,-0.029715882744398927
MAVUSDT,2023-08-15,signal,False,6.0,2023-08-15 19:08:00+00:00,0.02172605133717527
MAVUSDT,2023-08-16,signal,False,,,
MAVUSDT,2023-08-16,signal,False,4.0,2023-08-16 20:29:00+00:00,0.02188591382165335
MAVUSDT,2023-08-16,signal,False,6.0,2023-08-16 20:29:00+00:00,0.03379084495667435
MAVUSDT,2023-08-17,signal,False,,,
MAVUSDT,2023-08-17,signal,False,4.0,2023-08-17 21:42:00+00:00,0.027260907669541548
MAVUSDT,2023-09-10,signal,False,,,
MAVUSDT,2023-09-10,signal,False,4.0,2023-09-10 00:20:00+00:00,0.010869902136154862
MAVUSDT,2023-09-10,signal,False,4.0,2023-09-10 04:22:00+00:00,0.015374148120024422
MAVUSDT,2023-09-10,signal,False,6.0,2023-09-10 04:22:00+00:00,0.02364043963572078
MAVUSDT,2023-09-28,signal,False,,,
MAVUSDT,2023-10-09,signal,False,,,
MAVUSDT,2023-10-09,signal,False,4.0,2023-10-09 09:50:00+00:00,0.015372425402957645
MAVUSDT,2023-10-22,signal,False,,,
MAVUSDT,2023-10-22,signal,False,4.0,2023-10-22 07:40:00+00:00,0.014189834745263318
MAVUSDT,2023-10-31,signal,False,,,
MAVUSDT,2023-10-31,signal,False,4.0,2023-10-31 15:12:00+00:00,0.022339358237468646
MAVUSDT,2023-11-09,signal,False,,,
MAVUSDT,2023-11-09,signal,False,4.0,2023-11-09 16:11:00+00:00,-0.008452880456904593
MAVUSDT,2023-11-09,signal,False,6.0,2023-11-09 16:12:00+00:00,0.05936022873745968
MAVUSDT,2023-12-04,signal,False,,,
MAVUSDT,2023-12-04,signal,False,4.0,2023-12-04 11:12:00+00:00,0.034398930291242816
MAVUSDT,2023-12-04,signal,False,6.0,2023-12-04 11:12:00+00:00,0.05368033318136996
MAVUSDT,2023-12-11,signal,False,,,
MAVUSDT,2023-12-11,signal,False,4.0,2023-12-11 02:12:00+00:00,0.02581074060330142
MAVUSDT,2023-12-11,signal,False,6.0,2023-12-11 02:12:00+00:00,0.03997435258765343
MAVUSDT,2024-01-03,signal,False,,,
MAVUSDT,2024-02-28,signal,False,,,
MAVUSDT,2024-02-28,signal,False,4.0,2024-02-28 17:31:00+00:00,0.0009606130371551397
MAVUSDT,2024-02-28,signal,False,6.0,2024-02-28 17:31:00+00:00,0.04082678051891904
MAVUSDT,2024-03-05,signal,False,,,
MAVUSDT,2024-03-05,signal,False,4.0,2024-03-05 19:56:00+00:00,0.04371329369766004
MAVUSDT,2024-03-05,signal,False,6.0,2024-03-05 19:56:00+00:00,0.06882362253833957
MAVUSDT,2024-04-12,signal,False,,,
MAVUSDT,2024-04-12,signal,False,4.0,2024-04-12 17:28:00+00:00,0.018659421932819956
MAVUSDT,2024-04-12,signal,False,4.0,2024-04-12 18:32:00+00:00,-0.035400965226263986
MAVUSDT,2024-04-12,signal,False,6.0,2024-04-12 18:35:00+00:00,0.06944306470569822
MAVUSDT,2024-04-13,signal,False,,,
MAVUSDT,2024-04-13,signal,False,4.0,2024-04-13 19:56:00+00:00,0.04044016474365959
MAVUSDT,2024-04-13,signal,False,6.0,2024-04-13 19:56:00+00:00,0.06346865344410241
MAVUSDT,2024-08-05,signal,False,,,
MAVUSDT,2024-08-05,signal,False,4.0,2024-08-05 01:10:00+00:00,0.040186279831117847
MAVUSDT,2024-10-20,signal,False,,,
MAVUSDT,2025-02-24,signal,False,,,
MAVUSDT,2025-08-14,signal,False,,,
MAVUSDT,2025-08-14,signal,False,4.0,2025-08-14 12:34:00+00:00,0.034751145164307176
MAVUSDT,2025-09-08,signal,False,,,
MAVUSDT,2025-09-08,signal,False,4.0,2025-09-08 03:52:00+00:00,0.01778198044216509
MAVUSDT,2025-09-08,signal,False,6.0,2025-09-08 03:52:00+00:00,0.04332052603043453
MAVUSDT,2025-09-22,signal,False,,,
MAVUSDT,2025-09-22,signal,False,4.0,2025-09-22 06:02:00+00:00,0.030867093716427
MAVUSDT,2025-10-10,signal,False,,,
MAVUSDT,2025-10-10,signal,False,4.0,2025-10-10 20:56:00+00:00,0.030116996169707602
MAVUSDT,2025-10-10,signal,False,4.0,2025-10-10 20:59:00+00:00,0.033168712756289145
MAVUSDT,2025-10-10,signal,False,4.0,2025-10-10 21:13:00+00:00,-0.1513522819477395
MAVUSDT,2025-10-10,signal,False,6.0,2025-10-10 21:18:00+00:00,0.16814783684515472
MAVUSDT,2025-11-03,signal,False,,,
MAVUSDT,2025-11-03,signal,False,4.0,2025-11-03 15:30:00+00:00,0.028686243898487576
MAVUSDT,2026-01-11,signal,False,,,
MAVUSDT,2026-01-19,signal,False,,,
MAVUSDT,2026-01-19,signal,False,4.0,2026-01-19 00:00:00+00:00,-0.05626696806863815
MAVUSDT,2026-01-19,signal,False,6.0,2026-01-19 00:01:00+00:00,0.038283413765696175
MAVUSDT,2026-07-08,signal,False,,,
MAVUSDT,2026-07-08,signal,False,4.0,2026-07-08 20:29:00+00:00,-0.025445793794048623
MAVUSDT,2023-05-29,random,True,,,
MAVUSDT,2023-08-02,random,False,,,
MAVUSDT,2024-02-11,random,False,,,
MAVUSDT,2024-08-02,random,False,,,
MAVUSDT,2024-09-02,random,False,,,
MAVUSDT,2024-11-28,random,False,,,
MAVUSDT,2025-01-30,random,False,,,
MAVUSDT,2025-06-07,random,False,,,
MAVUSDT,2025-06-14,random,False,,,
MAVUSDT,2025-09-24,random,False,,,
MAVUSDT,2026-01-06,random,False,,,
MAVUSDT,2026-02-03,random,False,,,
MAVUSDT,2026-08-01,random,False,,,
MAVUSDT,2026-08-15,random,False,,,
MAVUSDT,2026-09-05,random,False,,,
NMRUSDT,2023-06-28,signal,True,,,
NMRUSDT,2023-08-17,signal,True,,,
NMRUSDT,2023-10-02,signal,False,,,
NMRUSDT,2023-10-02,signal,False,4.0,2023-10-02 18:39:00+00:00,0.015714238952833484
NMRUSDT,2023-10-02,signal,False,6.0,2023-10-02 18:39:00+00:00,0.024167240818206495
NMRUSDT,2023-11-09,signal,False,,,
NMRUSDT,2023-11-09,signal,False,4.0,2023-11-09 16:12:00+00:00,0.02378099850641187
NMRUSDT,2023-11-09,signal,False,6.0,2023-11-09 16:12:00+00:00,0.03677031304381302
NMRUSDT,2023-12-04,signal,False,,,
NMRUSDT,2023-12-04,signal,False,4.0,2023-12-04 11:12:00+00:00,0.016134363718761827
NMRUSDT,2023-12-04,signal,False,6.0,2023-12-04 11:12:00+00:00,0.0248185177226163
NMRUSDT,2023-12-11,signal,False,,,
NMRUSDT,2023-12-11,signal,False,4.0,2023-12-11 02:12:00+00:00,0.005961442687238112
NMRUSDT,2023-12-11,signal,False,6.0,2023-12-11 02:12:00+00:00,0.0245327969819404
NMRUSDT,2023-12-26,signal,False,,,
NMRUSDT,2023-12-26,signal,False,4.0,2023-12-26 17:39:00+00:00,0.0226684333391058
NMRUSDT,2024-01-03,signal,False,,,
NMRUSDT,2024-01-03,signal,False,4.0,2024-01-03 12:08:00+00:00,0.03493215594020245
NMRUSDT,2024-01-03,signal,False,6.0,2024-01-03 12:08:00+00:00,0.05453935994306676
NMRUSDT,2024-02-28,signal,False,,,
NMRUSDT,2024-02-28,signal,False,4.0,2024-02-28 17:31:00+00:00,-0.006246441275528063
NMRUSDT,2024-02-28,signal,False,6.0,2024-02-28 17:31:00+00:00,0.04248960417546584
NMRUSDT,2024-04-12,signal,False,,,
NMRUSDT,2024-04-12,signal,False,4.0,2024-04-12 17:28:00+00:00,0.015766029444677046
NMRUSDT,2024-04-12,signal,False,4.0,2024-04-12 18:32:00+00:00,-0.025082888001531547
NMRUSDT,2024-04-12,signal,False,6.0,2024-04-12 17:28:00+00:00,0.024247496318233933
NMRUSDT,2024-04-12,signal,False,6.0,2024-04-12 18:35:00+00:00,0.05374997962731638
NMRUSDT,2024-04-13,signal,False,,,
NMRUSDT,2024-04-13,signal,False,4.0,2024-04-13 20:09:00+00:00,0.04555869789370477
NMRUSDT,2024-06-07,signal,False,,,
NMRUSDT,2024-06-07,signal,False,4.0,2024-06-07 18:01:00+00:00,0.017109006627461468
NMRUSDT,2024-06-07,signal,False,4.0,2024-06-07 18:04:00+00:00,0.019033830937607202
NMRUSDT,2024-06-07,signal,False,6.0,2024-06-07 18:01:00+00:00,0.026331552877689915
NMRUSDT,2024-06-07,signal,False,6.0,2024-06-07 18:04:00+00:00,0.0293284847531345
NMRUSDT,2024-06-14,signal,False,,,
NMRUSDT,2024-06-14,signal,False,4.0,2024-06-14 16:08:00+00:00,0.01841211279964812
NMRUSDT,2024-06-18,signal,False,,,
NMRUSDT,2024-08-05,signal,False,,,
NMRUSDT,2024-08-05,signal,False,4.0,2024-08-05 01:10:00+00:00,0.033486676925001915
NMRUSDT,2024-12-18,signal,False,,,
NMRUSDT,2024-12-18,signal,False,4.0,2024-12-18 20:08:00+00:00,0.026833980038523067
NMRUSDT,2025-01-01,signal,False,,,
NMRUSDT,2025-09-22,signal,False,,,
NMRUSDT,2025-09-22,signal,False,4.0,2025-09-22 06:02:00+00:00,0.02573832770186542
NMRUSDT,2025-10-10,signal,False,,,
NMRUSDT,2025-10-10,signal,False,4.0,2025-10-10 21:13:00+00:00,-0.11360128297496327
NMRUSDT,2026-01-19,signal,False,,,
NMRUSDT,2026-01-19,signal,False,4.0,2026-01-19 00:00:00+00:00,-0.02044014562710014
NMRUSDT,2026-01-19,signal,False,6.0,2026-01-19 00:01:00+00:00,0.02479578286466784
NMRUSDT,2026-01-26,signal,False,,,
NMRUSDT,2026-04-02,signal,False,,,
NMRUSDT,2026-04-08,signal,False,,,
NMRUSDT,2026-04-11,signal,False,,,
NMRUSDT,2026-04-11,signal,False,4.0,2026-04-11 09:28:00+00:00,0.0315808082852362
NMRUSDT,2026-08-22,signal,False,,,
NMRUSDT,2026-09-05,signal,False,,,
NMRUSDT,2026-09-05,signal,False,4.0,2026-09-05 15:08:00+00:00,-0.039609579180943294
NMRUSDT,2023-02-16,random,True,,,
NMRUSDT,2023-11-24,random,False,,,
NMRUSDT,2023-12-18,random,False,,,
NMRUSDT,2023-12-28,random,False,,,
NMRUSDT,2024-07-07,random,False,,,
NMRUSDT,2024-07-28,random,False,,,
NMRUSDT,2024-12-02,random,False,,,
NMRUSDT,2024-12-25,random,False,,,
NMRUSDT,2025-04-15,random,False,,,
NMRUSDT,2025-07-06,random,False,,,
NMRUSDT,2025-07-08,random,False,,,
NMRUSDT,2025-08-10,random,False,,,
NMRUSDT,2025-10-29,random,False,,,
NMRUSDT,2026-03-11,random,False,,,
NMRUSDT,2026-05-05,random,False,,,
ORDIUSDT,2023-12-11,signal,False,,,
ORDIUSDT,2023-12-11,signal,False,4.0,2023-12-11 02:12:00+00:00,0.03465641524102621
ORDIUSDT,2023-12-11,signal,False,6.0,2023-12-11 02:12:00+00:00,0.0540950230169925
ORDIUSDT,2024-02-20,signal,False,,,
ORDIUSDT,2024-02-20,signal,False,4.0,2024-02-20 15:29:00+00:00,0.021078129336061527
ORDIUSDT,2024-02-20,signal,False,6.0,2024-02-20 15:29:00+00:00,0.03252434739576411
ORDIUSDT,2024-02-28,signal,False,,,
ORDIUSDT,2024-02-28,signal,False,4.0,2024-02-28 17:31:00+00:00,0.0545652456180596
ORDIUSDT,2024-04-12,signal,False,,,
ORDIUSDT,2024-04-12,signal,False,4.0,2024-04-12 17:28:00+00:00,0.024875423150620926
ORDIUSDT,2024-04-12,signal,False,4.0,2024-04-12 18:32:00+00:00,0.034777898385466036
ORDIUSDT,2024-05-23,signal,False,,,
ORDIUSDT,2024-05-23,signal,False,4.0,2024-05-23 12:56:00+00:00,0.024395276887280784
ORDIUSDT,2024-05-23,signal,False,6.0,2024-05-23 12:56:00+00:00,0.03773857177824787
ORDIUSDT,2024-05-26,signal,False,,,
ORDIUSDT,2024-05-26,signal,False,4.0,2024-05-26 17:58:00+00:00,-0.013960304493464387
ORDIUSDT,2024-06-17,signal,False,,,
ORDIUSDT,2024-06-17,signal,False,4.0,2024-06-17 02:22:00+00:00,0.020397099681228784
ORDIUSDT,2024-06-18,signal,False,,,
ORDIUSDT,2024-12-09,signal,False,,,
ORDIUSDT,2024-12-09,signal,False,4.0,2024-12-09 21:04:00+00:00,0.05498402176069979
ORDIUSDT,2024-12-18,signal,False,,,
ORDIUSDT,2024-12-18,signal,False,4.0,2024-12-18 20:08:00+00:00,0.03036320739191374
ORDIUSDT,2025-01-07,signal,False,,,
ORDIUSDT,2025-01-07,signal,False,4.0,2025-01-07 14:59:00+00:00,-0.03154349014545707
ORDIUSDT,2025-01-07,signal,False,6.0,2025-01-07 14:59:00+00:00,0.02313007288568998
ORDIUSDT,2025-02-02,signal,False,,,
ORDIUSDT,2025-02-02,signal,False,4.0,2025-02-02 22:41:00+00:00,0.04803107388421264
ORDIUSDT,2025-04-12,signal,False,,,
ORDIUSDT,2025-06-08,signal,False,,,
ORDIUSDT,2025-06-08,signal,False,4.0,2025-06-08 11:16:00+00:00,0.0025247413949272273
ORDIUSDT,2025-06-21,signal,False,,,
ORDIUSDT,2025-06-21,signal,False,4.0,2025-06-21 21:31:00+00:00,0.02035776607353497
ORDIUSDT,2025-09-11,signal,False,,,
ORDIUSDT,2025-09-11,signal,False,4.0,2025-09-11 12:30:00+00:00,0.015456997127094097
ORDIUSDT,2025-09-22,signal,False,,,
ORDIUSDT,2025-09-22,signal,False,4.0,2025-09-22 06:02:00+00:00,0.02104866674953905
ORDIUSDT,2025-09-25,signal,False,,,
ORDIUSDT,2025-09-25,signal,False,4.0,2025-09-25 12:29:00+00:00,0.0180805447911931
ORDIUSDT,2025-09-25,signal,False,6.0,2025-09-25 12:29:00+00:00,0.027842758754988053
ORDIUSDT,2025-10-10,signal,False,,,
ORDIUSDT,2025-10-10,signal,False,4.0,2025-10-10 21:13:00+00:00,0.035372044536275474
ORDIUSDT,2025-10-10,signal,False,4.0,2025-10-10 21:16:00+00:00,-0.143880575647056
ORDIUSDT,2025-10-10,signal,False,6.0,2025-10-10 21:18:00+00:00,0.14902010955518413
ORDIUSDT,2025-11-03,signal,False,,,
ORDIUSDT,2025-11-03,signal,False,4.0,2025-11-03 15:30:00+00:00,0.027481953453318345
ORDIUSDT,2025-11-03,signal,False,6.0,2025-11-03 15:30:00+00:00,0.04262248099245532
ORDIUSDT,2025-11-21,signal,False,,,
ORDIUSDT,2025-11-21,signal,False,4.0,2025-11-21 07:34:00+00:00,0.040524776428513
ORDIUSDT,2025-11-21,signal,False,6.0,2025-11-21 07:34:00+00:00,0.06360662130981803
ORDIUSDT,2025-12-31,signal,False,,,
ORDIUSDT,2025-12-31,signal,False,4.0,2025-12-31 16:42:00+00:00,0.012885589628746263
ORDIUSDT,2026-01-19,signal,False,,,
ORDIUSDT,2026-01-19,signal,False,4.0,2026-01-19 00:00:00+00:00,-0.029947737205051474
ORDIUSDT,2026-01-19,signal,False,6.0,2026-01-19 00:00:00+00:00,-0.010646385102494799
ORDIUSDT,2026-02-23,signal,False,,,
ORDIUSDT,2026-03-29,signal,False,,,
ORDIUSDT,2026-03-29,signal,False,4.0,2026-03-29 22:45:00+00:00,0.012568393440606628
ORDIUSDT,2026-05-11,signal,False,,,
ORDIUSDT,2026-05-17,signal,False,,,
ORDIUSDT,2026-05-17,signal,False,4.0,2026-05-17 23:41:00+00:00,0.016622722610295917
ORDIUSDT,2026-08-22,signal,False,,,
ORDIUSDT,2026-08-22,signal,False,4.0,2026-08-22 05:10:00+00:00,0.04953451673770766
ORDIUSDT,2026-08-22,signal,False,6.0,2026-08-22 05:10:00+00:00,0.07843853947558127
ORDIUSDT,2026-09-04,signal,False,,,
ORDIUSDT,2026-09-04,signal,False,4.0,2026-09-04 12:30:00+00:00,0.018333733979141207
ORDIUSDT,2023-10-21,random,False,,,
ORDIUSDT,2023-11-14,random,False,,,
ORDIUSDT,2024-01-19,random,False,,,
ORDIUSDT,2024-02-19,random,False,,,
ORDIUSDT,2024-03-16,random,False,,,
ORDIUSDT,2024-04-13,random,False,,,
ORDIUSDT,2024-06-07,random,False,,,
ORDIUSDT,2024-12-21,random,False,,,
ORDIUSDT,2025-01-29,random,False,,,
ORDIUSDT,2025-10-09,random,False,,,
ORDIUSDT,2026-04-27,random,False,,,
ORDIUSDT,2026-05-01,random,False,,,
ORDIUSDT,2026-05-24,random,False,,,
ORDIUSDT,2026-08-18,random,False,,,
ORDIUSDT,2026-09-05,random,False,,,
PEOPLEUSDT,2023-04-19,signal,False,,,
PEOPLEUSDT,2023-06-05,signal,False,,,
PEOPLEUSDT,2023-06-05,signal,False,4.0,2023-06-05 16:02:00+00:00,0.027467473144139068
PEOPLEUSDT,2023-06-10,signal,False,,,
PEOPLEUSDT,2023-06-10,signal,False,4.0,2023-06-10 04:21:00+00:00,-0.11586123223411801
PEOPLEUSDT,2023-06-10,signal,False,6.0,2023-06-10 04:21:00+00:00,-0.09350898246006698
PEOPLEUSDT,2023-06-14,signal,False,,,
PEOPLEUSDT,2023-06-18,signal,False,,,
PEOPLEUSDT,2023-06-28,signal,False,,,
PEOPLEUSDT,2023-06-30,signal,False,,,
PEOPLEUSDT,2023-08-01,signal,False,,,
PEOPLEUSDT,2023-08-16,signal,False,,,
PEOPLEUSDT,2023-08-17,signal,False,,,
PEOPLEUSDT,2023-10-02,signal,False,,,
PEOPLEUSDT,2023-10-02,signal,False,4.0,2023-10-02 18:39:00+00:00,0.04096639295291711
PEOPLEUSDT,2023-10-17,signal,False,,,
PEOPLEUSDT,2023-11-09,signal,False,,,
PEOPLEUSDT,2023-11-09,signal,False,4.0,2023-11-09 16:12:00+00:00,0.012804005503049193
PEOPLEUSDT,2023-11-09,signal,False,6.0,2023-11-09 16:12:00+00:00,0.052264094333015
PEOPLEUSDT,2023-12-04,signal,False,,,
PEOPLEUSDT,2023-12-04,signal,False,4.0,2023-12-04 11:12:00+00:00,0.03097254936454981
PEOPLEUSDT,2023-12-14,signal,False,,,
PEOPLEUSDT,2023-12-14,signal,False,4.0,2023-12-14 13:30:00+00:00,0.0195445540003822
PEOPLEUSDT,2023-12-31,signal,False,,,
PEOPLEUSDT,2023-12-31,signal,False,4.0,2023-12-31 22:51:00+00:00,0.01586037694799232
PEOPLEUSDT,2024-02-28,signal,False,,,
PEOPLEUSDT,2024-02-28,signal,False,4.0,2024-02-28 17:31:00+00:00,0.03962165371400124
PEOPLEUSDT,2024-02-28,signal,False,6.0,2024-02-28 17:31:00+00:00,0.06213524447010506
PEOPLEUSDT,2024-04-01,signal,False,,,
PEOPLEUSDT,2024-04-01,signal,False,4.0,2024-04-01 05:48:00+00:00,0.015599331641871396
PEOPLEUSDT,2024-04-01,signal,False,4.0,2024-04-01 05:50:00+00:00,0.02368018686897684
PEOPLEUSDT,2024-04-01,signal,False,6.0,2024-04-01 05:50:00+00:00,0.036611524735399484
PEOPLEUSDT,2024-04-12,signal,False,,,
PEOPLEUSDT,2024-04-12,signal,False,4.0,2024-04-12 17:28:00+00:00,0.01914921800587273
PEOPLEUSDT,2024-04-12,signal,False,4.0,2024-04-12 18:32:00+00:00,-0.026821464121528162
PEOPLEUSDT,2024-04-12,signal,False,6.0,2024-04-12 17:28:00+00:00,0.02950851509054582
PEOPLEUSDT,2024-04-13,signal,False,,,
PEOPLEUSDT,2024-04-13,signal,False,4.0,2024-04-13 19:56:00+00:00,0.039496973379474734
PEOPLEUSDT,2024-04-13,signal,False,6.0,2024-04-13 19:56:00+00:00,0.06193233143724415
PEOPLEUSDT,2024-08-05,signal,False,,,
PEOPLEUSDT,2024-08-05,signal,False,4.0,2024-08-05 01:10:00+00:00,0.039886248635375224
PEOPLEUSDT,2024-11-08,signal,False,,,
PEOPLEUSDT,2024-11-08,signal,False,4.0,2024-11-08 16:43:00+00:00,0.03086476943576758
PEOPLEUSDT,2024-12-18,signal,False,,,
PEOPLEUSDT,2024-12-18,signal,False,4.0,2024-12-18 20:08:00+00:00,0.028654253145042177
PEOPLEUSDT,2025-09-11,signal,False,,,
PEOPLEUSDT,2025-09-22,signal,False,,,
PEOPLEUSDT,2025-09-22,signal,False,4.0,2025-09-22 06:02:00+00:00,0.02186800203647428
PEOPLEUSDT,2025-11-03,signal,False,,,
PEOPLEUSDT,2025-11-03,signal,False,4.0,2025-11-03 15:30:00+00:00,0.02723415375344436
PEOPLEUSDT,2025-11-03,signal,False,6.0,2025-11-03 15:30:00+00:00,0.04222925398930118
PEOPLEUSDT,2025-11-21,signal,False,,,
PEOPLEUSDT,2025-11-21,signal,False,4.0,2025-11-21 07:34:00+00:00,0.04088476379783797
PEOPLEUSDT,2025-11-21,signal,False,6.0,2025-11-21 07:34:00+00:00,0.06419388915323204
PEOPLEUSDT,2025-12-31,signal,False,,,
PEOPLEUSDT,2025-12-31,signal,False,4.0,2025-12-31 16:42:00+00:00,0.011418253186039794
PEOPLEUSDT,2026-05-17,signal,False,,,
PEOPLEUSDT,2026-05-17,signal,False,4.0,2026-05-17 23:41:00+00:00,0.013380396752263168
PEOPLEUSDT,2026-09-04,signal,False,,,
PEOPLEUSDT,2023-01-10,random,False,,,
PEOPLEUSDT,2023-03-28,random,False,,,
PEOPLEUSDT,2023-08-07,random,False,,,
PEOPLEUSDT,2023-10-24,random,False,,,
PEOPLEUSDT,2023-11-26,random,False,,,
PEOPLEUSDT,2024-02-18,random,False,,,
PEOPLEUSDT,2024-03-05,random,False,,,
PEOPLEUSDT,2024-07-10,random,False,,,
PEOPLEUSDT,2024-08-10,random,False,,,
PEOPLEUSDT,2024-09-19,random,False,,,
PEOPLEUSDT,2024-11-14,random,False,,,
PEOPLEUSDT,2025-08-11,random,False,,,
PEOPLEUSDT,2025-11-25,random,False,,,
PEOPLEUSDT,2026-05-04,random,False,,,
PEOPLEUSDT,2026-08-21,random,False,,,
PHBUSDT,2023-04-19,signal,True,,,
PHBUSDT,2023-05-08,signal,True,,,
PHBUSDT,2023-06-14,signal,False,,,
PHBUSDT,2023-06-14,signal,False,4.0,2023-06-14 20:06:00+00:00,0.0207557217166678
PHBUSDT,2023-06-14,signal,False,6.0,2023-06-14 20:06:00+00:00,0.03201943920912016
PHBUSDT,2023-06-18,signal,False,,,
PHBUSDT,2023-06-18,signal,False,4.0,2023-06-18 20:24:00+00:00,0.01796200814685074
PHBUSDT,2023-07-24,signal,False,,,
PHBUSDT,2023-07-24,signal,False,4.0,2023-07-24 09:50:00+00:00,-0.0013593219527281146
PHBUSDT,2023-07-24,signal,False,6.0,2023-07-24 09:50:00+00:00,0.01195023911255258
PHBUSDT,2023-08-01,signal,False,,,
PHBUSDT,2023-08-01,signal,False,4.0,2023-08-01 02:10:00+00:00,0.010685083713041176
PHBUSDT,2023-08-01,signal,False,6.0,2023-08-01 02:10:00+00:00,0.016414010281079208
PHBUSDT,2023-08-17,signal,False,,,
PHBUSDT,2023-08-17,signal,False,4.0,2023-08-17 21:41:00+00:00,-0.0858573935049167
PHBUSDT,2023-09-10,signal,False,,,
PHBUSDT,2023-09-10,signal,False,4.0,2023-09-10 04:22:00+00:00,0.018313900621165405
PHBUSDT,2023-10-02,signal,False,,,
PHBUSDT,2023-10-02,signal,False,4.0,2023-10-02 18:39:00+00:00,0.017335784190488604
PHBUSDT,2023-12-04,signal,False,,,
PHBUSDT,2023-12-04,signal,False,4.0,2023-12-04 11:12:00+00:00,0.019383209260023862
PHBUSDT,2023-12-11,signal,False,,,
PHBUSDT,2023-12-11,signal,False,4.0,2023-12-11 02:12:00+00:00,0.003498713912812896
PHBUSDT,2023-12-11,signal,False,6.0,2023-12-11 02:12:00+00:00,0.024516877841689575
PHBUSDT,2024-01-03,signal,False,,,
PHBUSDT,2024-01-03,signal,False,4.0,2024-01-03 12:01:00+00:00,0.02420422360961401
PHBUSDT,2024-01-03,signal,False,4.0,2024-01-03 12:08:00+00:00,0.004967617456197921
PHBUSDT,2024-01-03,signal,False,6.0,2024-01-03 12:01:00+00:00,0.03743729262289759
PHBUSDT,2024-01-03,signal,False,6.0,2024-01-03 12:08:00+00:00,0.08170124068375534
PHBUSDT,2024-01-23,signal,False,,,
PHBUSDT,2024-02-28,signal,False,,,
PHBUSDT,2024-02-28,signal,False,4.0,2024-02-28 17:31:00+00:00,0.059740097197904254
PHBUSDT,2024-03-03,signal,False,,,
PHBUSDT,2024-03-03,signal,False,4.0,2024-03-03 07:27:00+00:00,0.033171451177151215
PHBUSDT,2024-04-12,signal,False,,,
PHBUSDT,2024-04-12,signal,False,4.0,2024-04-12 17:28:00+00:00,-0.01314035403249389
PHBUSDT,2024-04-12,signal,False,4.0,2024-04-12 18:35:00+00:00,0.06808443663228098
PHBUSDT,2024-04-12,signal,False,6.0,2024-04-12 17:28:00+00:00,0.03174358090742775
PHBUSDT,2024-04-13,signal,False,,,
PHBUSDT,2024-06-07,signal,False,,,
PHBUSDT,2024-06-07,signal,False,4.0,2024-06-07 18:01:00+00:00,0.022757406538478755
PHBUSDT,2024-06-07,signal,False,4.0,2024-06-07 18:04:00+00:00,0.026595645851772834
PHBUSDT,2024-06-07,signal,False,6.0,2024-06-07 18:01:00+00:00,0.03515957739785654
PHBUSDT,2024-06-07,signal,False,6.0,2024-06-07 18:04:00+00:00,0.04121694508870673
PHBUSDT,2024-06-11,signal,False,,,
PHBUSDT,2024-06-18,signal,False,,,
PHBUSDT,2024-08-05,signal,False,,,
PHBUSDT,2024-08-05,signal,False,4.0,2024-08-05 01:10:00+00:00,0.038053812125352374
PHBUSDT,2024-10-25,signal,False,,,
PHBUSDT,2024-12-09,signal,False,,,
PHBUSDT,2024-12-09,signal,False,4.0,2024-12-09 21:03:00+00:00,0.049890264156339195
PHBUSDT,2024-12-09,signal,False,6.0,2024-12-09 21:03:00+00:00,0.07902994937026414
PHBUSDT,2024-12-18,signal,False,,,
PHBUSDT,2024-12-18,signal,False,4.0,2024-12-18 20:08:00+00:00,0.02605031469220083
PHBUSDT,2025-08-29,signal,False,,,
PHBUSDT,2025-11-07,signal,False,,,
PHBUSDT,2026-01-19,signal,False,,,
PHBUSDT,2026-01-19,signal,False,4.0,2026-01-19 00:01:00+00:00,0.0211728408669873
PHBUSDT,2026-03-13,signal,True,,,
PHBUSDT,2026-03-22,signal,True,,,
PHBUSDT,2026-05-13,signal,True,,,
PHBUSDT,2023-04-24,random,True,,,
PHBUSDT,2023-12-14,random,False,,,
PHBUSDT,2023-12-21,random,False,,,
PHBUSDT,2024-02-10,random,False,,,
PHBUSDT,2024-09-23,random,False,,,
PHBUSDT,2025-02-07,random,False,,,
PHBUSDT,2025-04-11,random,False,,,
PHBUSDT,2025-11-17,random,False,,,
PHBUSDT,2026-03-08,random,True,,,
PHBUSDT,2026-05-02,random,True,,,
PHBUSDT,2026-05-30,random,True,,,
PHBUSDT,2026-06-07,random,True,,,
PHBUSDT,2026-08-14,random,True,,,
PHBUSDT,2026-09-07,random,True,,,
PHBUSDT,2026-09-10,random,True,,,
RLCUSDT,2023-01-30,signal,True,,,
RLCUSDT,2023-04-21,signal,False,,,
RLCUSDT,2023-04-21,signal,False,4.0,2023-04-21 19:07:00+00:00,0.007671746326662704
RLCUSDT,2023-05-05,signal,False,,,
RLCUSDT,2023-05-05,signal,False,4.0,2023-05-05 12:30:00+00:00,0.01725310030608669
RLCUSDT,2023-06-05,signal,False,,,
RLCUSDT,2023-06-10,signal,False,,,
RLCUSDT,2023-06-10,signal,False,4.0,2023-06-10 04:21:00+00:00,-0.0563775435165392
RLCUSDT,2023-06-10,signal,False,6.0,2023-06-10 04:21:00+00:00,-0.03849884819188962
RLCUSDT,2023-06-28,signal,False,,,
RLCUSDT,2023-06-28,signal,False,4.0,2023-06-28 19:30:00+00:00,0.01702846239676155
RLCUSDT,2023-06-30,signal,False,,,
RLCUSDT,2023-06-30,signal,False,4.0,2023-06-30 13:41:00+00:00,0.021244690316937168
RLCUSDT,2023-07-24,signal,False,,,
RLCUSDT,2023-07-24,signal,False,4.0,2023-07-24 09:50:00+00:00,-0.012171027005556695
RLCUSDT,2023-08-01,signal,False,,,
RLCUSDT,2023-08-01,signal,False,4.0,2023-08-01 02:10:00+00:00,0.01169851402889761
RLCUSDT,2023-08-15,signal,False,,,
RLCUSDT,2023-08-15,signal,False,4.0,2023-08-15 19:08:00+00:00,0.004921171474724846
RLCUSDT,2023-08-15,signal,False,6.0,2023-08-15 19:08:00+00:00,0.016388436586038238
RLCUSDT,2023-08-17,signal,False,,,
RLCUSDT,2023-08-17,signal,False,4.0,2023-08-17 21:42:00+00:00,0.004680708232636805
RLCUSDT,2023-08-17,signal,False,6.0,2023-08-17 21:42:00+00:00,0.03266386414968321
RLCUSDT,2023-10-22,signal,False,,,
RLCUSDT,2023-11-09,signal,False,,,
RLCUSDT,2023-11-09,signal,False,4.0,2023-11-09 16:12:00+00:00,0.02197667412385891
RLCUSDT,2023-11-09,signal,False,6.0,2023-11-09 16:12:00+00:00,0.03393327570790912
RLCUSDT,2023-12-04,signal,False,,,
RLCUSDT,2023-12-04,signal,False,4.0,2023-12-04 11:12:00+00:00,0.0203686843242787
RLCUSDT,2023-12-11,signal,False,,,
RLCUSDT,2023-12-11,signal,False,4.0,2023-12-11 02:12:00+00:00,-0.0074395330079695945
RLCUSDT,2023-12-11,signal,False,6.0,2023-12-11 02:13:00+00:00,0.03421897677180526
RLCUSDT,2024-01-03,signal,False,,,
RLCUSDT,2024-01-03,signal,False,4.0,2024-01-03 12:01:00+00:00,-0.05057828332875611
RLCUSDT,2024-01-03,signal,False,6.0,2024-01-03 12:01:00+00:00,0.029564838801402663
RLCUSDT,2024-03-03,signal,False,,,
RLCUSDT,2024-03-03,signal,False,4.0,2024-03-03 07:27:00+00:00,0.02559153119541331
RLCUSDT,2024-03-03,signal,False,6.0,2024-03-03 07:27:00+00:00,0.03962767741944724
RLCUSDT,2024-03-05,signal,False,,,
RLCUSDT,2024-03-05,signal,False,4.0,2024-03-05 19:56:00+00:00,0.042375858909839484
RLCUSDT,2024-03-05,signal,False,6.0,2024-03-05 19:56:00+00:00,0.06663110129638444
RLCUSDT,2024-04-12,signal,False,,,
RLCUSDT,2024-04-12,signal,False,4.0,2024-04-12 17:28:00+00:00,0.016213657766386017
RLCUSDT,2024-04-12,signal,False,4.0,2024-04-12 18:32:00+00:00,0.008146873191588827
RLCUSDT,2024-04-12,signal,False,6.0,2024-04-12 18:35:00+00:00,0.06130579762627204
RLCUSDT,2024-06-07,signal,False,,,
RLCUSDT,2024-06-07,signal,False,4.0,2024-06-07 18:00:00+00:00,-0.009285459907415222
RLCUSDT,2024-06-07,signal,False,6.0,2024-06-07 18:04:00+00:00,0.035562679699771185
RLCUSDT,2024-06-11,signal,False,,,
RLCUSDT,2024-12-09,signal,False,,,
RLCUSDT,2024-12-18,signal,False,,,
RLCUSDT,2024-12-18,signal,False,4.0,2024-12-18 20:08:00+00:00,0.024732965477279392
RLCUSDT,2025-01-13,signal,False,,,
RLCUSDT,2025-05-21,signal,False,,,
RLCUSDT,2025-06-05,signal,False,,,
RLCUSDT,2025-06-05,signal,False,4.0,2025-06-05 19:17:00+00:00,0.030669546406609086
RLCUSDT,2025-09-24,signal,False,,,
RLCUSDT,2026-01-08,signal,False,,,
RLCUSDT,2026-01-19,signal,False,,,
RLCUSDT,2026-03-29,signal,False,,,
RLCUSDT,2026-03-29,signal,False,4.0,2026-03-29 22:45:00+00:00,0.01345176077647765
RLCUSDT,2026-03-29,signal,False,6.0,2026-03-29 22:45:00+00:00,0.02066949070970954
RLCUSDT,2023-02-01,random,True,,,
RLCUSDT,2023-03-19,random,True,,,
RLCUSDT,2023-07-07,random,False,,,
RLCUSDT,2023-08-13,random,False,,,
RLCUSDT,2023-09-27,random,False,,,
RLCUSDT,2023-11-25,random,False,,,
RLCUSDT,2024-02-17,random,False,,,
RLCUSDT,2024-04-26,random,False,,,
RLCUSDT,2025-04-02,random,False,,,
RLCUSDT,2025-06-28,random,False,,,
RLCUSDT,2026-02-15,random,False,,,
RLCUSDT,2026-02-27,random,False,,,
RLCUSDT,2026-03-08,random,False,,,
RLCUSDT,2026-04-14,random,False,,,
RLCUSDT,2026-08-19,random,False,,,
ROSEUSDT,2023-01-18,signal,False,,,
ROSEUSDT,2023-02-05,signal,False,,,
ROSEUSDT,2023-03-03,signal,False,,,
ROSEUSDT,2023-03-03,signal,False,4.0,2023-03-03 01:31:00+00:00,0.021155787662830064
ROSEUSDT,2023-05-08,signal,False,,,
ROSEUSDT,2023-05-08,signal,False,4.0,2023-05-08 01:44:00+00:00,-0.008812801789120112
ROSEUSDT,2023-06-10,signal,False,,,
ROSEUSDT,2023-06-28,signal,False,,,
ROSEUSDT,2023-07-30,signal,False,,,
ROSEUSDT,2023-07-30,signal,False,4.0,2023-07-30 20:02:00+00:00,0.007394026713131342
ROSEUSDT,2023-08-01,signal,False,,,
ROSEUSDT,2023-08-01,signal,False,4.0,2023-08-01 02:10:00+00:00,0.011841078163261142
ROSEUSDT,2023-08-15,signal,False,,,
ROSEUSDT,2023-08-15,signal,False,4.0,2023-08-15 19:07:00+00:00,-0.012392337228380929
ROSEUSDT,2023-08-17,signal,False,,,
ROSEUSDT,2023-08-17,signal,False,4.0,2023-08-17 21:41:00+00:00,0.0048641873072443895
ROSEUSDT,2023-09-10,signal,False,,,
ROSEUSDT,2023-09-10,signal,False,4.0,2023-09-10 00:20:00+00:00,0.004456157196517109
ROSEUSDT,2023-09-10,signal,False,4.0,2023-09-10 04:22:00+00:00,0.0065853639796069185
ROSEUSDT,2023-09-10,signal,False,6.0,2023-09-10 04:22:00+00:00,0.010151753810399188
ROSEUSDT,2023-10-22,signal,False,,,
ROSEUSDT,2023-10-22,signal,False,4.0,2023-10-22 07:40:00+00:00,0.010435213597998105
ROSEUSDT,2023-11-09,signal,False,,,
ROSEUSDT,2023-11-09,signal,False,4.0,2023-11-09 16:12:00+00:00,0.02893191951221881
ROSEUSDT,2023-11-09,signal,False,6.0,2023-11-09 16:12:00+00:00,0.04492741948846053
ROSEUSDT,2024-01-03,signal,False,,,
ROSEUSDT,2024-01-03,signal,False,4.0,2024-01-03 12:08:00+00:00,0.031450021238606365
ROSEUSDT,2024-01-03,signal,False,6.0,2024-01-03 12:08:00+00:00,0.04894672613331115
ROSEUSDT,2024-02-28,signal,False,,,
ROSEUSDT,2024-02-28,signal,False,4.0,2024-02-28 17:31:00+00:00,0.031426984003088035
ROSEUSDT,2024-03-08,signal,False,,,
ROSEUSDT,2024-03-08,signal,False,4.0,2024-03-08 15:32:00+00:00,0.029377507974417363
ROSEUSDT,2024-03-08,signal,False,6.0,2024-03-08 15:32:00+00:00,0.045637133058391746
ROSEUSDT,2024-04-12,signal,False,,,
ROSEUSDT,2024-04-12,signal,False,4.0,2024-04-12 18:32:00+00:00,0.02949802532296371
ROSEUSDT,2024-04-12,signal,False,6.0,2024-04-12 18:35:00+00:00,0.06433668493040451
ROSEUSDT,2024-05-23,signal,False,,,
ROSEUSDT,2024-05-23,signal,False,4.0,2024-05-23 12:56:00+00:00,0.019247376678661568
ROSEUSDT,2024-05-23,signal,False,6.0,2024-05-23 12:56:00+00:00,0.02966169853266383
ROSEUSDT,2024-06-07,signal,False,,,
ROSEUSDT,2024-06-07,signal,False,4.0,2024-06-07 18:04:00+00:00,0.024100386469230142
ROSEUSDT,2024-07-05,signal,False,,,
ROSEUSDT,2024-08-05,signal,False,,,
ROSEUSDT,2024-08-05,signal,False,4.0,2024-08-05 01:08:00+00:00,0.02998631907530598
ROSEUSDT,2024-08-05,signal,False,4.0,2024-08-05 01:10:00+00:00,0.03776967244878922
ROSEUSDT,2024-12-18,signal,False,,,
ROSEUSDT,2025-08-14,signal,False,,,
ROSEUSDT,2025-08-14,signal,False,4.0,2025-08-14 12:34:00+00:00,0.031147747632484804
ROSEUSDT,2025-09-25,signal,False,,,
ROSEUSDT,2025-11-03,signal,False,,,
ROSEUSDT,2025-11-03,signal,False,4.0,2025-11-03 15:30:00+00:00,0.030113714487794943
ROSEUSDT,2025-11-21,signal,False,,,
ROSEUSDT,2025-11-21,signal,False,4.0,2025-11-21 07:34:00+00:00,0.03789845957411071
ROSEUSDT,2026-05-15,signal,False,,,
ROSEUSDT,2026-05-15,signal,False,4.0,2026-05-15 13:51:00+00:00,-0.010559129618885027
ROSEUSDT,2026-05-15,signal,False,6.0,2026-05-15 13:51:00+00:00,0.010293412099183802
ROSEUSDT,2026-05-17,signal,False,,,
ROSEUSDT,2026-05-17,signal,False,4.0,2026-05-17 23:41:00+00:00,0.013446082568581774
ROSEUSDT,2026-08-22,signal,False,,,
ROSEUSDT,2026-08-22,signal,False,4.0,2026-08-22 05:10:00+00:00,0.036303166681508306
ROSEUSDT,2026-09-15,signal,False,,,
ROSEUSDT,2023-01-12,random,False,,,
ROSEUSDT,2023-02-09,random,False,,,
ROSEUSDT,2023-05-24,random,False,,,
ROSEUSDT,2023-10-15,random,False,,,
ROSEUSDT,2023-10-25,random,False,,,
ROSEUSDT,2024-08-21,random,False,,,
ROSEUSDT,2024-09-24,random,False,,,
ROSEUSDT,2024-11-22,random,False,,,
ROSEUSDT,2025-08-06,random,False,,,
ROSEUSDT,2025-10-13,random,False,,,
ROSEUSDT,2025-12-21,random,False,,,
ROSEUSDT,2026-03-13,random,False,,,
ROSEUSDT,2026-03-18,random,False,,,
ROSEUSDT,2026-08-29,random,False,,,
ROSEUSDT,2026-09-12,random,False,,,
RSRUSDT,2023-01-14,signal,False,,,
RSRUSDT,2023-01-30,signal,False,,,
RSRUSDT,2023-01-30,signal,False,4.0,2023-01-30 19:10:00+00:00,0.02038320352309704
RSRUSDT,2023-02-05,signal,False,,,
RSRUSDT,2023-02-05,signal,False,4.0,2023-02-05 12:56:00+00:00,0.01534024518715289
RSRUSDT,2023-02-05,signal,False,6.0,2023-02-05 12:56:00+00:00,0.023587943899239197
RSRUSDT,2023-04-19,signal,False,,,
RSRUSDT,2023-04-19,signal,False,4.0,2023-04-19 08:11:00+00:00,0.01641791893368945
RSRUSDT,2023-05-08,signal,False,,,
RSRUSDT,2023-05-08,signal,False,4.0,2023-05-08 01:44:00+00:00,-0.008265709768686761
RSRUSDT,2023-06-05,signal,False,,,
RSRUSDT,2023-06-10,signal,False,,,
RSRUSDT,2023-06-10,signal,False,4.0,2023-06-10 04:21:00+00:00,-0.09485427465339011
RSRUSDT,2023-06-10,signal,False,6.0,2023-06-10 04:21:00+00:00,-0.07936009520405882
RSRUSDT,2023-06-22,signal,False,,,
RSRUSDT,2023-06-28,signal,False,,,
RSRUSDT,2023-06-28,signal,False,4.0,2023-06-28 19:30:00+00:00,0.017922035232109848
RSRUSDT,2023-07-10,signal,False,,,
RSRUSDT,2023-07-24,signal,False,,,
RSRUSDT,2023-07-24,signal,False,4.0,2023-07-24 09:50:00+00:00,-0.010756762575704543
RSRUSDT,2023-07-24,signal,False,6.0,2023-07-24 09:50:00+00:00,0.005006843931047584
RSRUSDT,2023-08-01,signal,False,,,
RSRUSDT,2023-08-15,signal,False,,,
RSRUSDT,2023-08-15,signal,False,4.0,2023-08-15 19:07:00+00:00,-0.010215250812819016
RSRUSDT,2023-09-10,signal,False,,,
RSRUSDT,2023-09-10,signal,False,4.0,2023-09-10 04:22:00+00:00,0.006545242308183792
RSRUSDT,2023-09-10,signal,False,6.0,2023-09-10 04:22:00+00:00,0.01726178665981433
RSRUSDT,2023-09-17,signal,False,,,
RSRUSDT,2023-12-04,signal,False,,,
RSRUSDT,2023-12-04,signal,False,4.0,2023-12-04 11:12:00+00:00,0.020889116354467288
RSRUSDT,2023-12-04,signal,False,6.0,2023-12-04 11:12:00+00:00,0.032228302254852806
RSRUSDT,2023-12-11,signal,False,,,
RSRUSDT,2023-12-11,signal,False,4.0,2023-12-11 02:12:00+00:00,-0.0021630349165004665
RSRUSDT,2023-12-11,signal,False,6.0,2023-12-11 02:12:00+00:00,0.02916870777280907
RSRUSDT,2024-01-03,signal,False,,,
RSRUSDT,2024-01-03,signal,False,4.0,2024-01-03 12:01:00+00:00,0.027575369683663545
RSRUSDT,2024-01-03,signal,False,4.0,2024-01-03 12:08:00+00:00,0.05998190331090898
RSRUSDT,2024-01-03,signal,False,6.0,2024-01-03 12:01:00+00:00,0.04277077285566207
RSRUSDT,2024-02-28,signal,False,,,
RSRUSDT,2024-02-28,signal,False,4.0,2024-02-28 17:31:00+00:00,0.026724827469632076
RSRUSDT,2024-02-28,signal,False,6.0,2024-02-28 17:31:00+00:00,0.04142164614050521
RSRUSDT,2024-03-03,signal,False,,,
RSRUSDT,2024-03-03,signal,False,4.0,2024-03-03 07:27:00+00:00,0.029614215043502992
RSRUSDT,2024-04-12,signal,False,,,
RSRUSDT,2024-04-12,signal,False,4.0,2024-04-12 17:28:00+00:00,0.018489180307700706
RSRUSDT,2024-04-12,signal,False,4.0,2024-04-12 18:32:00+00:00,-0.01778256414155596
RSRUSDT,2024-04-12,signal,False,6.0,2024-04-12 17:28:00+00:00,0.02847927631909837
RSRUSDT,2024-04-12,signal,False,6.0,2024-04-12 18:32:00+00:00,0.046822525178824084
RSRUSDT,2024-04-12,signal,False,6.0,2024-04-12 18:35:00+00:00,0.08650164941758426
RSRUSDT,2024-06-07,signal,False,,,
RSRUSDT,2024-06-07,signal,False,4.0,2024-06-07 18:00:00+00:00,-0.04674049843945868
RSRUSDT,2024-06-07,signal,False,6.0,2024-06-07 18:00:00+00:00,-0.029609319095268396
RSRUSDT,2024-08-05,signal,False,,,
RSRUSDT,2024-08-05,signal,False,4.0,2024-08-05 01:10:00+00:00,0.03438979351201295
RSRUSDT,2024-12-18,signal,False,,,
RSRUSDT,2025-09-22,signal,False,,,
RSRUSDT,2025-09-22,signal,False,4.0,2025-09-22 06:02:00+00:00,0.01761009253348607
RSRUSDT,2025-09-22,signal,False,6.0,2025-09-22 06:02:00+00:00,0.027110607384883204
RSRUSDT,2025-10-10,signal,False,,,
RSRUSDT,2025-10-10,signal,False,4.0,2025-10-10 21:16:00+00:00,-0.11430374637228011
RSRUSDT,2025-10-10,signal,False,6.0,2025-10-10 21:18:00+00:00,0.1086541225336603
RSRUSDT,2026-01-19,signal,False,,,
RSRUSDT,2026-01-19,signal,False,4.0,2026-01-19 00:00:00+00:00,-0.024073927926986562
RSRUSDT,2026-05-10,signal,False,,,
RSRUSDT,2026-08-22,signal,False,,,
RSRUSDT,2026-09-04,signal,False,,,
RSRUSDT,2026-09-04,signal,False,4.0,2026-09-04 12:30:00+00:00,0.008349200324804934
RSRUSDT,2023-04-16,random,False,,,
RSRUSDT,2023-06-01,random,False,,,
RSRUSDT,2024-03-02,random,False,,,
RSRUSDT,2024-03-18,random,False,,,
RSRUSDT,2024-05-17,random,False,,,
RSRUSDT,2024-08-01,random,False,,,
RSRUSDT,2025-03-26,random,False,,,
RSRUSDT,2025-04-26,random,False,,,
RSRUSDT,2025-11-07,random,False,,,
RSRUSDT,2025-11-20,random,False,,,
RSRUSDT,2026-04-06,random,False,,,
RSRUSDT,2026-05-11,random,False,,,
RSRUSDT,2026-07-23,random,False,,,
RSRUSDT,2026-08-30,random,False,,,
RSRUSDT,2026-08-31,random,False,,,
SKLUSDT,2023-01-30,signal,False,,,
SKLUSDT,2023-06-28,signal,False,,,
SKLUSDT,2023-06-28,signal,False,4.0,2023-06-28 19:30:00+00:00,0.017280916618799005
SKLUSDT,2023-07-10,signal,False,,,
SKLUSDT,2023-07-24,signal,False,,,
SKLUSDT,2023-07-24,signal,False,4.0,2023-07-24 09:50:00+00:00,0.011738477986115114
SKLUSDT,2023-08-15,signal,False,,,
SKLUSDT,2023-08-15,signal,False,4.0,2023-08-15 19:07:00+00:00,-0.002686433573431429
SKLUSDT,2023-08-15,signal,False,6.0,2023-08-15 19:08:00+00:00,0.019434952938489583
SKLUSDT,2023-08-17,signal,False,,,
SKLUSDT,2023-08-17,signal,False,4.0,2023-08-17 21:41:00+00:00,-0.03811399195346707
SKLUSDT,2023-09-10,signal,False,,,
SKLUSDT,2023-09-10,signal,False,4.0,2023-09-10 04:22:00+00:00,0.013361988129127988
SKLUSDT,2023-09-10,signal,False,6.0,2023-09-10 04:22:00+00:00,0.020531034846783716
SKLUSDT,2023-10-09,signal,False,,,
SKLUSDT,2023-10-09,signal,False,4.0,2023-10-09 09:50:00+00:00,0.011736641892221743
SKLUSDT,2023-11-09,signal,False,,,
SKLUSDT,2023-11-09,signal,False,4.0,2023-11-09 16:12:00+00:00,0.026008391527998678
SKLUSDT,2023-12-04,signal,False,,,
SKLUSDT,2023-12-11,signal,False,,,
SKLUSDT,2023-12-11,signal,False,4.0,2023-12-11 02:12:00+00:00,0.007357120693092939
SKLUSDT,2023-12-11,signal,False,6.0,2023-12-11 02:12:00+00:00,0.028465210144430517
SKLUSDT,2024-02-28,signal,False,,,
SKLUSDT,2024-02-28,signal,False,4.0,2024-02-28 17:31:00+00:00,0.028497479095433945
SKLUSDT,2024-03-05,signal,False,,,
SKLUSDT,2024-03-05,signal,False,4.0,2024-03-05 19:56:00+00:00,0.0413032355079634
SKLUSDT,2024-04-12,signal,False,,,
SKLUSDT,2024-04-12,signal,False,4.0,2024-04-12 17:22:00+00:00,0.017685689867059165
SKLUSDT,2024-04-12,signal,False,4.0,2024-04-12 18:35:00+00:00,0.03202611057541423
SKLUSDT,2024-04-12,signal,False,6.0,2024-04-12 18:35:00+00:00,0.049869200517644166
SKLUSDT,2024-05-23,signal,False,,,
SKLUSDT,2024-06-07,signal,False,,,
SKLUSDT,2024-06-07,signal,False,4.0,2024-06-07 17:58:00+00:00,0.015404416900323525
SKLUSDT,2024-06-07,signal,False,4.0,2024-06-07 18:01:00+00:00,0.01763083258395222
SKLUSDT,2024-06-07,signal,False,4.0,2024-06-07 18:04:00+00:00,0.019940775928205492
SKLUSDT,2024-06-07,signal,False,6.0,2024-06-07 18:04:00+00:00,0.0307446706595524
SKLUSDT,2024-06-18,signal,False,,,
SKLUSDT,2024-07-24,signal,False,,,
SKLUSDT,2024-10-07,signal,False,,,
SKLUSDT,2024-12-18,signal,False,,,
SKLUSDT,2025-01-07,signal,False,,,
SKLUSDT,2025-01-07,signal,False,4.0,2025-01-07 15:07:00+00:00,0.017661149364982268
SKLUSDT,2025-09-22,signal,False,,,
SKLUSDT,2025-09-22,signal,False,4.0,2025-09-22 06:02:00+00:00,0.019403408128313607
SKLUSDT,2025-10-10,signal,False,,,
SKLUSDT,2025-10-10,signal,False,4.0,2025-10-10 21:13:00+00:00,-0.265416735868993
SKLUSDT,2025-10-10,signal,False,6.0,2025-10-10 21:18:00+00:00,0.026741883571855172
SKLUSDT,2025-11-03,signal,False,,,
SKLUSDT,2025-11-03,signal,False,4.0,2025-11-03 15:30:00+00:00,0.02295140121821189
SKLUSDT,2025-11-21,signal,False,,,
SKLUSDT,2025-11-21,signal,False,4.0,2025-11-21 07:34:00+00:00,0.034144702388566775
SKLUSDT,2026-05-17,signal,False,,,
SKLUSDT,2026-09-09,signal,False,,,
SKLUSDT,2026-09-09,signal,False,4.0,2026-09-09 22:08:00+00:00,0.01737128313587806
SKLUSDT,2023-01-12,random,False,,,
SKLUSDT,2023-02-26,random,False,,,
SKLUSDT,2023-04-17,random,False,,,
SKLUSDT,2023-08-13,random,False,,,
SKLUSDT,2023-12-07,random,False,,,
SKLUSDT,2023-12-13,random,False,,,
SKLUSDT,2024-02-15,random,False,,,
SKLUSDT,2024-04-02,random,False,,,
SKLUSDT,2024-04-05,random,False,,,
SKLUSDT,2024-12-17,random,False,,,
SKLUSDT,2024-12-28,random,False,,,
SKLUSDT,2025-09-05,random,False,,,
SKLUSDT,2025-12-02,random,False,,,
SKLUSDT,2026-04-27,random,False,,,
SKLUSDT,2026-07-04,random,False,,,
STGUSDT,2023-01-30,signal,False,,,
STGUSDT,2023-01-30,signal,False,4.0,2023-01-30 19:10:00+00:00,0.023690017156904067
STGUSDT,2023-02-05,signal,False,,,
STGUSDT,2023-02-05,signal,False,4.0,2023-02-05 12:56:00+00:00,0.023221098418183053
STGUSDT,2023-03-03,signal,False,,,
STGUSDT,2023-04-19,signal,False,,,
STGUSDT,2023-05-08,signal,False,,,
STGUSDT,2023-06-14,signal,False,,,
STGUSDT,2023-06-24,signal,False,,,
STGUSDT,2023-06-24,signal,False,4.0,2023-06-24 15:32:00+00:00,0.01581182156892598
STGUSDT,2023-07-24,signal,False,,,
STGUSDT,2023-07-24,signal,False,4.0,2023-07-24 09:50:00+00:00,0.006573793525091382
STGUSDT,2023-08-17,signal,False,,,
STGUSDT,2023-08-17,signal,False,4.0,2023-08-17 21:42:00+00:00,0.006802045011155029
STGUSDT,2023-08-22,signal,False,,,
STGUSDT,2023-09-10,signal,False,,,
STGUSDT,2023-09-10,signal,False,4.0,2023-09-10 04:22:00+00:00,0.006925353704182858
STGUSDT,2023-09-10,signal,False,6.0,2023-09-10 04:22:00+00:00,0.010669115744293477
STGUSDT,2023-10-04,signal,False,,,
STGUSDT,2023-11-09,signal,False,,,
STGUSDT,2023-11-09,signal,False,4.0,2023-11-09 16:12:00+00:00,0.02943396841983166
STGUSDT,2023-11-09,signal,False,6.0,2023-11-09 16:12:00+00:00,0.0457271072919951
STGUSDT,2023-12-04,signal,False,,,
STGUSDT,2023-12-04,signal,False,4.0,2023-12-04 11:11:00+00:00,0.0186595298247529
STGUSDT,2024-02-28,signal,False,,,
STGUSDT,2024-02-28,signal,False,4.0,2024-02-28 17:31:00+00:00,-0.008359624854713059
STGUSDT,2024-03-05,signal,False,,,
STGUSDT,2024-03-05,signal,False,4.0,2024-03-05 19:56:00+00:00,0.033004465158895616
STGUSDT,2024-03-05,signal,False,6.0,2024-03-05 19:56:00+00:00,0.0514383294069118
STGUSDT,2024-03-08,signal,False,,,
STGUSDT,2024-03-08,signal,False,4.0,2024-03-08 15:32:00+00:00,0.018119633105670288
STGUSDT,2024-04-12,signal,False,,,
STGUSDT,2024-04-12,signal,False,4.0,2024-04-12 17:28:00+00:00,0.013031281585468246
STGUSDT,2024-04-12,signal,False,4.0,2024-04-12 18:32:00+00:00,0.020399669633631004
STGUSDT,2024-04-12,signal,False,4.0,2024-04-12 18:35:00+00:00,0.0315986925184943
STGUSDT,2024-04-12,signal,False,6.0,2024-04-12 17:28:00+00:00,0.02002120533740355
STGUSDT,2024-04-12,signal,False,6.0,2024-04-12 18:35:00+00:00,0.0491846838292191
STGUSDT,2024-04-13,signal,False,,,
STGUSDT,2024-04-13,signal,False,4.0,2024-04-13 20:09:00+00:00,0.03831023717942568
STGUSDT,2024-06-28,signal,False,,,
STGUSDT,2024-07-05,signal,False,,,
STGUSDT,2024-07-25,signal,False,,,
STGUSDT,2024-08-05,signal,False,,,
STGUSDT,2024-08-05,signal,False,4.0,2024-08-05 01:08:00+00:00,0.023124453070649545
STGUSDT,2024-12-09,signal,False,,,
STGUSDT,2024-12-09,signal,False,4.0,2024-12-09 21:05:00+00:00,0.04776885009031524
STGUSDT,2025-10-10,signal,False,,,
STGUSDT,2025-10-10,signal,False,4.0,2025-10-10 21:13:00+00:00,-0.16593754915713463
STGUSDT,2026-05-19,signal,False,,,
STGUSDT,2026-05-19,signal,False,4.0,2026-05-19 02:29:00+00:00,-0.040834221611695226
STGUSDT,2026-05-19,signal,False,6.0,2026-05-19 02:29:00+00:00,-0.02200397579262822
STGUSDT,2026-06-23,signal,False,,,
STGUSDT,2026-06-23,signal,False,4.0,2026-06-23 08:15:00+00:00,-0.012062693819731879
STGUSDT,2026-06-25,signal,False,,,
STGUSDT,2026-06-25,signal,False,4.0,2026-06-25 13:00:00+00:00,-0.0026179145697438895
STGUSDT,2026-08-01,signal,False,,,
STGUSDT,2026-08-22,signal,False,,,
STGUSDT,2023-01-11,random,False,,,
STGUSDT,2023-04-02,random,False,,,
STGUSDT,2024-01-30,random,False,,,
STGUSDT,2024-01-31,random,False,,,
STGUSDT,2024-02-06,random,False,,,
STGUSDT,2024-07-13,random,False,,,
STGUSDT,2024-09-02,random,False,,,
STGUSDT,2024-10-04,random,False,,,
STGUSDT,2025-01-01,random,False,,,
STGUSDT,2025-02-02,random,False,,,
STGUSDT,2025-05-24,random,False,,,
STGUSDT,2025-10-24,random,False,,,
STGUSDT,2026-04-10,random,False,,,
STGUSDT,2026-05-31,random,False,,,
STGUSDT,2026-09-13,random,False,,,
TRUUSDT,2023-04-19,signal,False,,,
TRUUSDT,2023-04-21,signal,False,,,
TRUUSDT,2023-04-21,signal,False,4.0,2023-04-21 19:07:00+00:00,0.020601339751165473
TRUUSDT,2023-05-08,signal,False,,,
TRUUSDT,2023-06-10,signal,False,,,
TRUUSDT,2023-06-10,signal,False,4.0,2023-06-10 04:21:00+00:00,-0.07899819395506377
TRUUSDT,2023-06-14,signal,False,,,
TRUUSDT,2023-07-24,signal,False,,,
TRUUSDT,2023-07-24,signal,False,4.0,2023-07-24 09:50:00+00:00,-0.0049795917655443825
TRUUSDT,2023-07-24,signal,False,6.0,2023-07-24 09:50:00+00:00,0.009776641237913025
TRUUSDT,2023-08-15,signal,False,,,
TRUUSDT,2023-08-15,signal,False,4.0,2023-08-15 19:08:00+00:00,0.015479796525111179
TRUUSDT,2023-08-17,signal,False,,,
TRUUSDT,2023-08-17,signal,False,4.0,2023-08-17 21:41:00+00:00,-0.05658029071160839
TRUUSDT,2023-09-10,signal,False,,,
TRUUSDT,2023-09-10,signal,False,4.0,2023-09-10 04:22:00+00:00,0.01155036193664663
TRUUSDT,2023-09-10,signal,False,6.0,2023-09-10 04:22:00+00:00,0.03345544724172607
TRUUSDT,2023-11-29,signal,False,,,
TRUUSDT,2023-12-04,signal,False,,,
TRUUSDT,2023-12-04,signal,False,4.0,2023-12-04 11:12:00+00:00,0.01935864551574769
TRUUSDT,2023-12-04,signal,False,6.0,2023-12-04 11:12:00+00:00,0.02983537839741053
TRUUSDT,2023-12-11,signal,False,,,
TRUUSDT,2023-12-11,signal,False,4.0,2023-12-11 02:12:00+00:00,0.00831083880072428
TRUUSDT,2023-12-11,signal,False,6.0,2023-12-11 02:12:00+00:00,0.027574850975869567
TRUUSDT,2023-12-26,signal,False,,,
TRUUSDT,2024-01-03,signal,False,,,
TRUUSDT,2024-01-03,signal,False,4.0,2024-01-03 12:09:00+00:00,0.038714512486095656
TRUUSDT,2024-02-20,signal,False,,,
TRUUSDT,2024-02-20,signal,False,4.0,2024-02-20 15:29:00+00:00,0.026379062234346898
TRUUSDT,2024-03-05,signal,False,,,
TRUUSDT,2024-03-05,signal,False,4.0,2024-03-05 19:56:00+00:00,0.04146797331638803
TRUUSDT,2024-04-12,signal,False,,,
TRUUSDT,2024-04-12,signal,False,4.0,2024-04-12 18:32:00+00:00,-0.012803084983967622
TRUUSDT,2024-04-12,signal,False,6.0,2024-04-12 18:35:00+00:00,0.08716630082997207
TRUUSDT,2024-06-07,signal,False,,,
TRUUSDT,2024-06-07,signal,False,4.0,2024-06-07 18:01:00+00:00,0.03466914268485284
TRUUSDT,2024-06-07,signal,False,4.0,2024-06-07 18:04:00+00:00,0.03710241895738538
TRUUSDT,2024-06-07,signal,False,6.0,2024-06-07 18:01:00+00:00,0.054115526815719586
TRUUSDT,2024-08-05,signal,False,,,
TRUUSDT,2024-08-05,signal,False,4.0,2024-08-05 01:10:00+00:00,0.03962310176998081
TRUUSDT,2024-09-24,signal,False,,,
TRUUSDT,2024-09-24,signal,False,4.0,2024-09-24 17:36:00+00:00,0.02645908145959526
TRUUSDT,2024-12-02,signal,False,,,
TRUUSDT,2025-03-07,signal,False,,,
TRUUSDT,2025-07-30,signal,False,,,
TRUUSDT,2025-09-21,signal,False,,,
TRUUSDT,2025-09-21,signal,False,4.0,2025-09-21 06:52:00+00:00,0.011137333176363295
TRUUSDT,2025-10-10,signal,False,,,
TRUUSDT,2025-10-10,signal,False,4.0,2025-10-10 21:14:00+00:00,0.030678834139458336
TRUUSDT,2025-10-10,signal,False,4.0,2025-10-10 21:16:00+00:00,-0.1467361073631078
TRUUSDT,2025-10-10,signal,False,6.0,2025-10-10 21:18:00+00:00,0.09803251489825343
TRUUSDT,2025-11-03,signal,False,,,
TRUUSDT,2025-12-26,signal,False,,,
TRUUSDT,2025-12-26,signal,False,4.0,2025-12-26 14:54:00+00:00,-0.06444401006936537
TRUUSDT,2025-12-26,signal,False,6.0,2025-12-26 14:54:00+00:00,0.003404418132761295
TRUUSDT,2026-01-19,signal,False,,,
TRUUSDT,2026-01-19,signal,False,4.0,2026-01-19 00:01:00+00:00,0.021479244511248566
TRUUSDT,2026-01-19,signal,False,6.0,2026-01-19 00:02:00+00:00,0.037473622849412094
TRUUSDT,2026-04-14,signal,False,,,
TRUUSDT,2026-04-14,signal,False,4.0,2026-04-14 02:30:00+00:00,0.03810863789427117
TRUUSDT,2026-04-17,signal,False,,,
TRUUSDT,2026-04-17,signal,False,4.0,2026-04-17 09:00:00+00:00,-0.07399934045551712
TRUUSDT,2026-04-17,signal,False,6.0,2026-04-17 09:00:00+00:00,-0.046243291235593204
TRUUSDT,2023-02-03,random,True,,,
TRUUSDT,2023-05-11,random,False,,,
TRUUSDT,2023-06-27,random,False,,,
TRUUSDT,2023-07-05,random,False,,,
TRUUSDT,2023-12-27,random,False,,,
TRUUSDT,2024-03-03,random,False,,,
TRUUSDT,2024-03-29,random,False,,,
TRUUSDT,2024-04-03,random,False,,,
TRUUSDT,2024-08-28,random,False,,,
TRUUSDT,2025-06-15,random,False,,,
TRUUSDT,2025-06-27,random,False,,,
TRUUSDT,2025-06-30,random,False,,,
TRUUSDT,2025-09-30,random,False,,,
TRUUSDT,2026-01-31,random,False,,,
TRUUSDT,2026-05-01,random,True,,,
UMAUSDT,2023-06-10,signal,False,,,
UMAUSDT,2023-06-14,signal,False,,,
UMAUSDT,2023-06-22,signal,False,,,
UMAUSDT,2023-08-17,signal,False,,,
UMAUSDT,2023-08-17,signal,False,4.0,2023-08-17 21:41:00+00:00,-0.034025753897760275
UMAUSDT,2023-08-17,signal,False,6.0,2023-08-17 21:41:00+00:00,-0.019949858352273444
UMAUSDT,2023-10-09,signal,False,,,
UMAUSDT,2023-10-09,signal,False,4.0,2023-10-09 09:50:00+00:00,0.013552742307664855
UMAUSDT,2023-11-09,signal,False,,,
UMAUSDT,2023-11-09,signal,False,4.0,2023-11-09 16:12:00+00:00,0.018546634629957606
UMAUSDT,2023-11-09,signal,False,6.0,2023-11-09 16:12:00+00:00,0.02856881346940439
UMAUSDT,2023-12-04,signal,False,,,
UMAUSDT,2023-12-04,signal,False,4.0,2023-12-04 11:12:00+00:00,0.016131960377629498
UMAUSDT,2023-12-11,signal,False,,,
UMAUSDT,2023-12-11,signal,False,4.0,2023-12-11 02:12:00+00:00,0.0061501251844884594
UMAUSDT,2023-12-11,signal,False,6.0,2023-12-11 02:12:00+00:00,0.028162475047711442
UMAUSDT,2024-01-03,signal,False,,,
UMAUSDT,2024-01-03,signal,False,4.0,2024-01-03 12:01:00+00:00,0.020661964196148255
UMAUSDT,2024-01-03,signal,False,4.0,2024-01-03 12:08:00+00:00,-0.019925238886386944
UMAUSDT,2024-02-20,signal,False,,,
UMAUSDT,2024-02-20,signal,False,4.0,2024-02-20 15:29:00+00:00,0.027429429430743293
UMAUSDT,2024-02-20,signal,False,6.0,2024-02-20 15:29:00+00:00,0.04253911522303318
UMAUSDT,2024-02-28,signal,False,,,
UMAUSDT,2024-02-28,signal,False,4.0,2024-02-28 17:32:00+00:00,0.04504381798888697
UMAUSDT,2024-02-28,signal,False,6.0,2024-02-28 17:32:00+00:00,0.07101091144547927
UMAUSDT,2024-03-03,signal,False,,,
UMAUSDT,2024-03-03,signal,False,4.0,2024-03-03 07:27:00+00:00,0.024254607259940733
UMAUSDT,2024-03-03,signal,False,6.0,2024-03-03 07:27:00+00:00,0.03751673305188548
UMAUSDT,2024-03-05,signal,False,,,
UMAUSDT,2024-03-05,signal,False,4.0,2024-03-05 19:56:00+00:00,0.039411482623786534
UMAUSDT,2024-03-05,signal,False,6.0,2024-03-05 19:56:00+00:00,0.06179322857438625
UMAUSDT,2024-03-08,signal,False,,,
UMAUSDT,2024-04-01,signal,False,,,
UMAUSDT,2024-04-01,signal,False,4.0,2024-04-01 05:50:00+00:00,0.015368937362997447
UMAUSDT,2024-04-12,signal,False,,,
UMAUSDT,2024-04-12,signal,False,4.0,2024-04-12 17:28:00+00:00,-0.022732454330240705
UMAUSDT,2024-04-12,signal,False,4.0,2024-04-12 18:32:00+00:00,-0.034227145792071506
UMAUSDT,2024-04-12,signal,False,6.0,2024-04-12 17:28:00+00:00,0.02457079531147506
UMAUSDT,2024-04-12,signal,False,6.0,2024-04-12 18:35:00+00:00,0.07297715429842938
UMAUSDT,2024-04-13,signal,False,,,
UMAUSDT,2024-04-13,signal,False,4.0,2024-04-13 20:07:00+00:00,0.011060643699644795
UMAUSDT,2024-06-07,signal,False,,,
UMAUSDT,2024-06-07,signal,False,4.0,2024-06-07 18:04:00+00:00,0.03874751239596126
UMAUSDT,2024-06-07,signal,False,6.0,2024-06-07 18:04:00+00:00,0.06071371865245219
UMAUSDT,2025-04-28,signal,False,,,
UMAUSDT,2025-07-15,signal,False,,,
UMAUSDT,2025-07-15,signal,False,4.0,2025-07-15 15:18:00+00:00,0.02444871490287799
UMAUSDT,2025-09-12,signal,False,,,
UMAUSDT,2025-09-12,signal,False,4.0,2025-09-12 14:00:00+00:00,0.016509830892861913
UMAUSDT,2025-09-12,signal,False,6.0,2025-09-12 14:00:00+00:00,0.025401037520627237
UMAUSDT,2025-10-08,signal,False,,,
UMAUSDT,2025-10-08,signal,False,4.0,2025-10-08 18:46:00+00:00,0.01772322177354209
UMAUSDT,2025-10-19,signal,False,,,
UMAUSDT,2025-11-09,signal,False,,,
UMAUSDT,2025-11-21,signal,False,,,
UMAUSDT,2025-11-21,signal,False,4.0,2025-11-21 07:34:00+00:00,0.030298098903050755
UMAUSDT,2026-01-19,signal,False,,,
UMAUSDT,2026-01-19,signal,False,4.0,2026-01-19 00:00:00+00:00,-0.007071534388739724
UMAUSDT,2026-03-21,signal,False,,,
UMAUSDT,2026-05-17,signal,False,,,
UMAUSDT,2026-05-22,signal,False,,,
UMAUSDT,2026-05-22,signal,False,4.0,2026-05-22 08:22:00+00:00,0.013206778206613378
UMAUSDT,2026-05-22,signal,False,6.0,2026-05-22 08:23:00+00:00,0.02549536168796669
UMAUSDT,2026-08-22,signal,False,,,
UMAUSDT,2026-08-22,signal,False,4.0,2026-08-22 05:11:00+00:00,0.024630026183439083
UMAUSDT,2023-02-04,random,True,,,
UMAUSDT,2023-05-26,random,True,,,
UMAUSDT,2023-11-21,random,False,,,
UMAUSDT,2024-03-15,random,False,,,
UMAUSDT,2024-09-25,random,False,,,
UMAUSDT,2024-10-26,random,False,,,
UMAUSDT,2025-05-08,random,False,,,
UMAUSDT,2025-10-12,random,False,,,
UMAUSDT,2025-11-10,random,False,,,
UMAUSDT,2025-11-11,random,False,,,
UMAUSDT,2026-02-19,random,False,,,
UMAUSDT,2026-06-06,random,False,,,
UMAUSDT,2026-06-25,random,False,,,
UMAUSDT,2026-08-20,random,False,,,
UMAUSDT,2026-09-17,random,False,,,
