id,catalog,title,ts_ms,time,source
20588,listing,Qtum Trading on Binance,1500595579000,2017-07-21 00:06:19+00:00,binance
20581,listing,The Announcement for BCC Distribution ,1501654968000,2017-08-02 06:22:48+00:00,binance
20578,listing,Binance Opens BNB/ETH Trading Market,1502266291000,2017-08-09 08:11:31+00:00,binance
20575,listing,Binance Will Add USDT Market Soon(Updated),1502606273000,2017-08-13 06:37:53+00:00,binance
20573,listing,"Binance Will Add OAX, DNT, MCO, ICN ",1503068742000,2017-08-18 15:05:42+00:00,binance
20569,listing,Binance Will Add MCO/BTC Trading Pair On August 24,1503485474000,2017-08-23 10:51:14+00:00,binance
20566,listing,Binance Will Add WTC(Walton) on August 27,1503562187000,2017-08-24 08:09:47+00:00,binance
20540,listing,Binance Will List OMG Market,1504955021000,2017-09-09 11:03:41+00:00,binance
20536,listing,Binance Will List ZRX Market,1505112873000,2017-09-11 06:54:33+00:00,binance
20534,listing,Binance will List STRAT Market,1505196397000,2017-09-12 06:06:37+00:00,binance
20529,listing,Binance Lists SNGLS,1505705892000,2017-09-18 03:38:12+00:00,binance
20528,listing, Binance Lists BQX,1505901411000,2017-09-20 09:56:51+00:00,binance
20525,listing,Binance Lists KNC,1506310602000,2017-09-25 03:36:42+00:00,binance
20523,listing,Binance Lists FUN,1506424368000,2017-09-26 11:12:48+00:00,binance
20522,listing,Binance Lists SNM,1506495567000,2017-09-27 06:59:27+00:00,binance
20520,listing,Binance Adds NEO/ETH Trading Pair,1506580428000,2017-09-28 06:33:48+00:00,binance
20519,listing,Binance Lists LINK,1506585981000,2017-09-28 08:06:21+00:00,binance
20517,listing,Binance Lists XVG,1506657989000,2017-09-29 04:06:29+00:00,binance
20516,listing,Binance Lists CTR,1506679063000,2017-09-29 09:57:43+00:00,binance
20515,listing,Binance Lists SALT,1506743290000,2017-09-30 03:48:10+00:00,binance
20513,listing,Binance Lists IOTA,1506762340000,2017-09-30 09:05:40+00:00,binance
20509,listing,Binance Lists MDA,1507175295000,2017-10-05 03:48:15+00:00,binance
20505,listing,Binance Lists MTL,1507530301000,2017-10-09 06:25:01+00:00,binance
20502,listing,Binance Lists SUB,1507613645000,2017-10-10 05:34:05+00:00,binance
20501,listing,Binance Adds EOS/BTC Trading Pair,1507705238000,2017-10-11 07:00:38+00:00,binance
20499,listing,Binance Adds SNT/BTC Trading Pair,1507795184000,2017-10-12 07:59:44+00:00,binance
20498,listing,Binance Lists ETC,1507800794000,2017-10-12 09:33:14+00:00,binance
20497,listing,Binance Lists MTH,1507866345000,2017-10-13 03:45:45+00:00,binance
20495,listing,Binance Lists ENG,1507873706000,2017-10-13 05:48:26+00:00,binance
20491,listing,Binance Adds DNT/BTC Trading Pair,1508126145000,2017-10-16 03:55:45+00:00,binance
20489,listing,Binance Adds BNT/BTC Trading Pair,1508210068000,2017-10-17 03:14:28+00:00,binance
20485,listing,Binance Lists AST,1508386019000,2017-10-19 04:06:59+00:00,binance
20481,listing,Binance Lists DASH,1508468217000,2017-10-20 02:56:57+00:00,binance
20477,listing,Binance Adds OAX/BTC and ICN/BTC Trading Pairs,1508751476000,2017-10-23 09:37:56+00:00,binance
20476,listing,Binance Distributes BTG and Adds BTG Markets,1508824797000,2017-10-24 05:59:57+00:00,binance
20474,listing,Binance Lists EVX,1509018738000,2017-10-26 11:52:18+00:00,binance
20473,listing,Binance Lists REQ,1509070184000,2017-10-27 02:09:44+00:00,binance
20469,listing,Binance Lists LRC,1509335009000,2017-10-30 03:43:29+00:00,binance
20468,listing,Binance Lists VIB,1509349954000,2017-10-30 07:52:34+00:00,binance
20466,listing,Binance Lists HSR and TRX,1509421336000,2017-10-31 03:42:16+00:00,binance
20463,listing,Binance Lists POWR,1509507017000,2017-11-01 03:30:17+00:00,binance
20461,listing,Binance Lists ARK,1509527504000,2017-11-01 09:11:44+00:00,binance
20460,listing,Binance Lists YOYO,1509593285000,2017-11-02 03:28:05+00:00,binance
20459,listing,Binance Lists XRP,1509609281000,2017-11-02 07:54:41+00:00,binance
20458,listing,Binance Lists MOD,1509675517000,2017-11-03 02:18:37+00:00,binance
20457,listing,Binance Lists ENJ,1509680117000,2017-11-03 03:35:17+00:00,binance
20456,listing,Binance Lists STORJ,1509698919000,2017-11-03 08:48:39+00:00,binance
20455,listing,Binance Adds BNB/USDT Trading Pair,1509940607000,2017-11-06 03:56:47+00:00,binance
20452,listing,Binance Adds YOYO/BNB Trading Pair,1509961169000,2017-11-06 09:39:29+00:00,binance
20450,listing,Binance Adds POWR/BNB Trading Pair,1510027439000,2017-11-07 04:03:59+00:00,binance
20449,listing,Binance Adds  VEN/BTC and VEN/ETH Trading Pairs,1510032820000,2017-11-07 05:33:40+00:00,binance
20446,listing,Binance Lists KMD,1510043782000,2017-11-07 08:36:22+00:00,binance
20444,listing,Binance Lists NULS,1510110707000,2017-11-08 03:11:47+00:00,binance
20443,listing,Binance Lists RCN,1510117670000,2017-11-08 05:07:50+00:00,binance
20442,listing,Binance Adds  NULS/BTC and NULS/ETH Trading Pairs,1510194031000,2017-11-09 02:20:31+00:00,binance
20440,listing,Binance Lists RDN,1510225984000,2017-11-09 11:13:04+00:00,binance
20439,listing,Binance Lists XMR,1510294093000,2017-11-10 06:08:13+00:00,binance
20438,listing,Binance Lists DLT,1510300536000,2017-11-10 07:55:36+00:00,binance
20437,listing,Binance Adds  WTC/BNB Trading Pair,1510306830000,2017-11-10 09:40:30+00:00,binance
20436,listing,Binance Adds  DLT/BTC and DLT/ETH Trading Pairs,1510308035000,2017-11-10 10:00:35+00:00,binance
20435,listing,Binance Lists AMB,1510329779000,2017-11-10 16:02:59+00:00,binance
20434,listing,"Binance Adds  BCC/USDT, BCC/ETH and BCC/BNB Trading Pairs",1510388488000,2017-11-11 08:21:28+00:00,binance
20432,listing,Binance Lists BAT,1510567874000,2017-11-13 10:11:14+00:00,binance
20430,listing,Binance Lists ZEC,1510631276000,2017-11-14 03:47:56+00:00,binance
20427,listing,Binance Lists BCPT,1510658670000,2017-11-14 11:24:30+00:00,binance
20426,listing,Binance Lists ARN,1510713984000,2017-11-15 02:46:24+00:00,binance
20422,listing,Binance Lists GVT,1510824868000,2017-11-16 09:34:28+00:00,binance
20421,listing,Binance Lists CDT,1510829514000,2017-11-16 10:51:54+00:00,binance
20420,listing,Binance Lists GXS,1510887497000,2017-11-17 02:58:17+00:00,binance
20416,listing,Binance Adds  NEO/USDT and NEO/BNB Trading Pairs,1511149219000,2017-11-20 03:40:19+00:00,binance
20415,listing,Binance Lists POE,1511172141000,2017-11-20 10:02:21+00:00,binance
20413,listing,Binance Lists QSP,1511230020000,2017-11-21 02:07:00+00:00,binance
20412,listing,Binance Lists BTS,1511246191000,2017-11-21 06:36:31+00:00,binance
20409,listing,Binance Lists XZC,1511330091000,2017-11-22 05:54:51+00:00,binance
20407,listing,Binance Lists LSK,1511343225000,2017-11-22 09:33:45+00:00,binance
20406,listing,Binance Lists TNT,1511345208000,2017-11-22 10:06:48+00:00,binance
20404,listing,Binance Lists FUEL,1511425941000,2017-11-23 08:32:21+00:00,binance
20402,listing,Binance Lists MANA,1511490240000,2017-11-24 02:24:00+00:00,binance
20397,listing,Binance Distributes Bitcoin Diamond BCD and Adds BCD Markets,1511533205000,2017-11-24 14:20:05+00:00,binance
20394,listing,Binance Lists DGD,1511761691000,2017-11-27 05:48:11+00:00,binance
20391,listing,Binance Adds IOTA/BNB Trading Pair,1511854797000,2017-11-28 07:39:57+00:00,binance
20388,listing,Binance Lists ADX,1511924616000,2017-11-29 03:03:36+00:00,binance
20381,listing,Binance Lists ADA,1512001589000,2017-11-30 00:26:29+00:00,binance
20380,listing,Binance Lists PPT,1512099691000,2017-12-01 03:41:31+00:00,binance
20375,listing,Binance Lists CMT,1512471795000,2017-12-05 11:03:15+00:00,binance
20373,listing,Binance Lists XLM,1512712653000,2017-12-08 05:57:33+00:00,binance
20370,listing,Binance Lists Cindicator (CND),1512960878000,2017-12-11 02:54:38+00:00,binance
20369,listing,Gifto (GIFTO) Token Sale Events,1512980971000,2017-12-11 08:29:31+00:00,binance
20366,listing,Binance Lists Wabi (WABI),1513040104000,2017-12-12 00:55:04+00:00,binance
20367,listing,Binance Lists December Community Coin - ETHLend (LEND),1513068154000,2017-12-12 08:42:34+00:00,binance
20365,listing,"Binance Adds LTC/BNB, LTC/ETH and LTC/USDT Trading Pairs",1513135533000,2017-12-13 03:25:33+00:00,binance
20357,listing,Binance Lists Waves (WAVES),1513297468000,2017-12-15 00:24:28+00:00,binance
20362,listing,Binance Lists Time New Bank (TNB),1513318891000,2017-12-15 06:21:31+00:00,binance
20355,listing,Binance Lists ICON (ICX),1513572920000,2017-12-18 04:55:20+00:00,binance
20354,listing,Bread (BRD) Token Sale Events,1513576977000,2017-12-18 06:02:57+00:00,binance
20353,listing,Binance Distributes and Lists GIFTO (GTO),1513584384000,2017-12-18 08:06:24+00:00,binance
20349,listing,Binance Lists Simple Token (OST),1513662902000,2017-12-19 05:55:02+00:00,binance
20345,listing,Binance Lists ælf (ELF),1513827998000,2017-12-21 03:46:38+00:00,binance
20344,listing,Binance Lists Aion (AION),1513845863000,2017-12-21 08:44:23+00:00,binance
20341,listing,Binance Lists Neblio (NEBL),1513924370000,2017-12-22 06:32:50+00:00,binance
20340,listing,Binance Distributes and Lists Bread (BRD),1514088602000,2017-12-24 04:10:02+00:00,binance
20339,listing,Binance Adds MCO/BNB Trading Pair,1514179371000,2017-12-25 05:22:51+00:00,binance
20338,listing,Binance Lists Eidoo (EDO),1514184176000,2017-12-25 06:42:56+00:00,binance
20336,listing,Binance Lists Wings (WINGS),1514258428000,2017-12-26 03:20:28+00:00,binance
20333,listing,Binance Lists NAV Coin (NAV),1514364337000,2017-12-27 08:45:37+00:00,binance
20331,listing,Binance Lists Lunyr (LUN),1514444016000,2017-12-28 06:53:36+00:00,binance
20330,listing,Binance Lists Triggers (TRIG),1514526740000,2017-12-29 05:52:20+00:00,binance
20312,listing,Binance Lists AppCoins (APPC),1515167173000,2018-01-05 15:46:13+00:00,binance
20307,listing,Binance Lists VIBE (VIBE),1515565152000,2018-01-10 06:19:12+00:00,binance
20306,listing,Binance Lists iExec RLC (RLC),1515736454000,2018-01-12 05:54:14+00:00,binance
20305,listing,Binance Lists INS Ecosystem (INS),1515997869000,2018-01-15 06:31:09+00:00,binance
20302,listing,Binance Lists PIVX (PIVX),1516677045000,2018-01-23 03:10:45+00:00,binance
20301,listing,Binance Lists IOStoken (IOST),1516772829000,2018-01-24 05:47:09+00:00,binance
20299,listing,Binance Lists ChatCoin (CHAT),1517394095000,2018-01-31 10:21:35+00:00,binance
20297,listing,Binance Lists Steem (STEEM),1517477249000,2018-02-01 09:27:29+00:00,binance
20296,listing,Binance Lists Nano (NANO),1517579007000,2018-02-02 13:43:27+00:00,binance
20295,listing,Binance Lists Viacoin (VIA),1517815922000,2018-02-05 07:32:02+00:00,binance
20291,listing,Binance Lists Bluzelle (BLZ),1517912444000,2018-02-06 10:20:44+00:00,binance
20290,listing,Binance Lists Aeternity (AE),1518003652000,2018-02-07 11:40:52+00:00,binance
20279,listing,Binance Lists Red Pulse (RPX),1518404578000,2018-02-12 03:02:58+00:00,binance
20273,listing,Binance Lists Nucleus Vision (NCASH),1519634728000,2018-02-26 08:45:28+00:00,binance
20270,listing,Binance Lists POA Network (POA),1519800296000,2018-02-28 06:44:56+00:00,binance
20265,listing,Binance Lists Round 6 Community Coin Winner - Zilliqa (ZIL),1520229161000,2018-03-05 05:52:41+00:00,binance
20262,listing,Binance Lists Ontology (ONT),1520486800000,2018-03-08 05:26:40+00:00,binance
20258,listing,Binance Lists Storm (STORM),1520833490000,2018-03-12 05:44:50+00:00,binance
20251,listing,Binance Lists NEM (XEM),1521525561000,2018-03-20 05:59:21+00:00,binance
20249,listing,Binance Lists Wancoin (WAN),1521777088000,2018-03-23 03:51:28+00:00,binance
20247,listing,Binance Lists Qlink (QLC),1522053367000,2018-03-26 08:36:07+00:00,binance
20245,listing,Binance Lists Syscoin (SYS),1522224237000,2018-03-28 08:03:57+00:00,binance
20243,listing,Binance Lists WePower (WPR),1522303511000,2018-03-29 06:05:11+00:00,binance
20242,listing,Binance Adds QLC/BNB Trading Pair,1522649641000,2018-04-02 06:14:01+00:00,binance
20238,listing,Binance Lists Groestlcoin (GRS),1522832590000,2018-04-04 09:03:10+00:00,binance
20237,listing,Binance Delists Centra (CTR) Token,1522904848000,2018-04-05 05:07:28+00:00,binance
20231,listing,Binance Adds ADA/BNB and ADA/USDT Trading Pairs,1523937238000,2018-04-17 03:53:58+00:00,binance
20230,listing,Binance Lists CloakCoin (CLOAK),1524032382000,2018-04-18 06:19:42+00:00,binance
20228,listing,Binance Lists Golem (GNT),1524810925000,2018-04-27 06:35:25+00:00,binance
20227,listing,Binance Lists Loom Network (LOOM),1525241969000,2018-05-02 06:19:29+00:00,binance
20224,listing,Binance Adds XRP/USDT Trading Pair,1525420997000,2018-05-04 08:03:17+00:00,binance
20223,listing,Binance Lists Bytecoin (BCN),1525747827000,2018-05-08 02:50:27+00:00,binance
20220,listing,Binance Lists Augur (REP),1526021793000,2018-05-11 06:56:33+00:00,binance
20218,listing,Binance Will List TrueUSD (TUSD) on 2018/05/18,1526456000000,2018-05-16 07:33:20+00:00,binance
20216,listing,Notice to Postpone Listing of TrueUSD (TUSD),1526527047000,2018-05-17 03:17:27+00:00,binance
20214,listing,Binance Lists ZenCash (ZEN),1527042652000,2018-05-23 02:30:52+00:00,binance
20213,listing,Notice to Postpone Listing of ZenCash (ZEN),1527052787000,2018-05-23 05:19:47+00:00,binance
20212,listing,Binance To Open Trading For ZenCash (ZEN),1527058042000,2018-05-23 06:47:22+00:00,binance
20210,listing,Binance Will List Skycoin (SKY) on 2018/05/24,1527069382000,2018-05-23 09:56:22+00:00,binance
20206,listing,"Binance Adds EOS/BNB, EOS/USDT Trading Pairs and EOS Mainnet Swap Update",1527480204000,2018-05-28 04:03:24+00:00,binance
20205,listing,Binance Lists Civic (CVC),1527495779000,2018-05-28 08:22:59+00:00,binance
20204,listing,Binance Lists Theta Token (THETA),1527576325000,2018-05-29 06:45:25+00:00,binance
20203,listing,"Binance Adds XRP/BNB, TUSD/USDT, XLM/USDT and IOTA/USDT Trading Pairs",1527757392000,2018-05-31 09:03:12+00:00,binance
20202,listing,Binance Lists IoTeX (IOTX),1527824556000,2018-06-01 03:42:36+00:00,binance
20201,listing,EOS Mainnet Swap Update,1527833513000,2018-06-01 06:11:53+00:00,binance
20198,listing,Binance Lists QuarkChain (QKC),1528091880000,2018-06-04 05:58:00+00:00,binance
20197,listing,Notice to Postpone Listing of QuarkChain (QKC),1528102142000,2018-06-04 08:49:02+00:00,binance
20196,listing,Binance To Open Trading For QuarkChain (QKC) and Risk Warning,1528134993000,2018-06-04 17:56:33+00:00,binance
20195,listing,Binance Lists SingularityNET (AGI),1528182876000,2018-06-05 07:14:36+00:00,binance
20194,listing,Notice to Postpone Listing of SingularityNET (AGI),1528185759000,2018-06-05 08:02:39+00:00,binance
20192,listing,Binance Lists Nexus (NXS),1528253437000,2018-06-06 02:50:37+00:00,binance
20189,listing,Binance Lists Streamr (DATA),1528428204000,2018-06-08 03:23:24+00:00,binance
20188,listing,Binance Supports ONT Mainnet Swap and Adds ONT/USDT Trading Pair ,1528439914000,2018-06-08 06:38:34+00:00,binance
20185,listing,Binance Adds ETC/BNB and ETC/USDT Trading Pairs,1528768577000,2018-06-12 01:56:17+00:00,binance
20181,listing,Binance Supports ICX Mainnet Swap and Adds ICX/USDT Trading Pair ,1528875508000,2018-06-13 07:38:28+00:00,binance
20180,listing,Binance Lists Siacoin (SC),1528943960000,2018-06-14 02:39:20+00:00,binance
20175,listing,Binance Lists Community Coin Round 7 Winner - Pundi X (NPXS),1529466102000,2018-06-20 03:41:42+00:00,binance
20172,listing,Binance Supports VEN Mainnet Swap and Adds VEN/USDT Trading Pair ,1529651123000,2018-06-22 07:05:23+00:00,binance
20165,listing,Binance Lists SelfKey (KEY),1530066443000,2018-06-27 02:27:23+00:00,binance
20163,listing,Binance Will List Nebulas (NAS) on 2018/06/28,1530084483000,2018-06-27 07:28:03+00:00,binance
20148,listing,Binance Lists Mainframe (MFT),1530763628000,2018-07-05 04:07:08+00:00,binance
20144,listing,Binance Lists Dent (DENT),1530847167000,2018-07-06 03:19:27+00:00,binance
20132,listing,Binance Lists Ardor (ARDR),1531893587000,2018-07-18 05:59:47+00:00,binance
20127,listing,Binance Supports NULS Mainnet Swap and Adds NULS/USDT Trading Pair ,1532312359000,2018-07-23 02:19:19+00:00,binance
20126,listing,Binance Will List Holo (HOT) on 2018/07/24,1532332488000,2018-07-23 07:54:48+00:00,binance
20119,listing,Binance Lists Dock (DOCK),1532920065000,2018-07-30 03:07:45+00:00,binance
20118,listing,Binance Lists Community Coin Round 8 Winner - Polymath (POLY),1533006369000,2018-07-31 03:06:09+00:00,binance
20107,listing,Binance Completes HSR to HC Mainnet Swap and Opens Trading,1534834206000,2018-08-21 06:50:06+00:00,binance
20091,listing,Binance Will List GoChain (GO) on 2018/09/12,1536652925000,2018-09-11 08:02:05+00:00,binance
20089,listing,Binance Adds TRX/BNB Trading Pair,1537325220000,2018-09-19 02:47:00+00:00,binance
20087,listing,Binance Will List Paxos Standard Token (PAX) and Opens Deposits,1537508182000,2018-09-21 05:36:22+00:00,binance
20086,listing,Binance Will List PAX/BNB Trading Pair,1538056026000,2018-09-27 13:47:06+00:00,binance
20084,listing,Binance Will List PAX/BTC Trading Pair,1538298093000,2018-09-30 09:01:33+00:00,binance
20083,listing,Binance Will List PAX/USDT Trading Pair,1538637083000,2018-10-04 07:11:23+00:00,binance
20081,listing,Binance Will List PAX/ETH Trading Pair,1538903175000,2018-10-07 09:06:15+00:00,binance
20077,listing,Binance Will List Ravencoin (RVN) on 2018/10/12,1539251946000,2018-10-11 09:59:06+00:00,binance
20069,listing,Binance Will List Decred (DCR) on 2018/10/24,1540264572000,2018-10-23 03:16:12+00:00,binance
20058,listing,Binance Will List USD Coin (USDC) on 2018/11/17,1542250522000,2018-11-15 02:55:22+00:00,binance
20057,listing,Binance Lists Mithril (MITH),1542268987000,2018-11-15 08:03:07+00:00,binance
20056,listing,"Binance Has Distributed Bitcoin Cash ABC (BCHABC), Bitcoin Cash SV (BCHSV) and Will Open Trading",1542341053000,2018-11-16 04:04:13+00:00,binance
20054,listing,Binance Will Add PAX Quote Pairs into the USDⓈ Trading Market/Tab,1543280393000,2018-11-27 00:59:53+00:00,binance
20048,listing,Binance Lists Republic Protocol (REN),1544063863000,2018-12-06 02:37:43+00:00,binance
20046,listing,Binance Will Add TUSD Quote Pairs into the USDⓈ Trading Market/Tab,1544093962000,2018-12-06 10:59:22+00:00,binance
20042,listing,Binance Will Add USDC Quote Pairs into the USDⓈ Trading Market/Tab,1544756439000,2018-12-14 03:00:39+00:00,binance
20041,listing,"Binance Adds ADA/TUSD, TRX/TUSD and NEO/TUSD Trading Pairs",1545106535000,2018-12-18 04:15:35+00:00,binance
20037,listing,Binance Adds TRX/XRP and XZC/XRP Trading Pairs,1545632433000,2018-12-24 06:20:33+00:00,binance
20031,listing,"Binance Will Add PAX/TUSD, USDC/TUSD and USDC/PAX Trading Pairs",1546844696000,2019-01-07 07:04:56+00:00,binance
20030,listing,"Binance Will Add LINK/USDT, LINK/TUSD, LINK/PAX and LINK/USDC Trading Pairs",1547524825000,2019-01-15 04:00:25+00:00,binance
20026,listing,"Binance Will Add WAVES/USDT, WAVES/TUSD, WAVES/PAX and WAVES/USDC Trading Pairs",1547693687000,2019-01-17 02:54:47+00:00,binance
20024,listing,Binance Will Add Additional Trading Pairs for BCHABC and BCHSV,1548049077000,2019-01-21 05:37:57+00:00,binance
20022,listing,Binance Will Add Additional Trading Pairs for LTC and TRX,1548228002000,2019-01-23 07:20:02+00:00,binance
20019,listing,Binance Lists BitTorrent (BTT) and Completes Distribution for Successful Launchpad Participants and Additional Airdrop,1548826824000,2019-01-30 05:40:24+00:00,binance
20016,listing,Binance Will List StableUSD (USDS) on 2019/02/06,1549015318000,2019-02-01 10:01:58+00:00,binance
20013,listing,"Binance Adds USDS/USDT, USDS/PAX, USDS/TUSD and USDS/USDC Trading Pairs",1550035456000,2019-02-13 05:24:16+00:00,binance
20012,listing,"Binance Adds BTT/PAX, BTT/TUSD and BTT/USDC Trading Pairs",1550114293000,2019-02-14 03:18:13+00:00,binance
20010,listing,Binance Will List Ontology Gas (ONG),1550223108000,2019-02-15 09:31:48+00:00,binance
20008,listing,Binance Adds HOT/BNB and HOT/USDT Trading Pairs,1550470365000,2019-02-18 06:12:45+00:00,binance
20007,listing,Binance Adds ZIL/USDT Trading Pair,1550560103000,2019-02-19 07:08:23+00:00,binance
20002,listing,Binance Adds ZRX/BNB and ZRX/USDT Trading Pairs,1551259348000,2019-02-27 09:22:28+00:00,binance
20001,listing,Binance Lists Fetch.AI (FET) and Completes Distribution for Successful Launchpad Participants,1551262909000,2019-02-27 10:21:49+00:00,binance
19998,listing,Binance Adds BAT/USDT Trading Pair,1551682169000,2019-03-04 06:49:29+00:00,binance
19989,listing,Binance Will Add TUSD Quote Pairs into the USDⓈ Trading Market/Tab,1552381864000,2019-03-12 09:11:04+00:00,binance
19986,listing,Binance Adds XMR/BNB and XMR/USDT Trading Pairs,1552555878000,2019-03-14 09:31:18+00:00,binance
19982,listing,Binance Will Add Additional Trading Pairs for ZEC,1553061039000,2019-03-20 05:50:39+00:00,binance
19981,listing,Binance Adds IOST/BNB and IOST/USDT Trading Pairs,1553165327000,2019-03-21 10:48:47+00:00,binance
19980,listing,Binance Lists Celer Token (CELR) and Completes Distribution of CELR,1553325327000,2019-03-23 07:15:27+00:00,binance
19978,listing,"Binance Adds ADA/PAX, ADA/USDC, NEO/PAX and NEO/USDC Trading Pairs",1553596202000,2019-03-26 10:30:02+00:00,binance
19975,listing,Binance Adds DASH/BNB and DASH/USDT Trading Pairs,1553686174000,2019-03-27 11:29:34+00:00,binance
19971,listing,"Binance Adds NANO/USDT, OMG/USDT and OMG/BNB Trading Pairs",1554192518000,2019-04-02 08:08:38+00:00,binance
19968,listing,Binance Adds THETA/USDT Trading Pair,1554791835000,2019-04-09 06:37:15+00:00,binance
19963,listing,Binance Adds ENJ/USDT Trading Pair,1555496847000,2019-04-17 10:27:27+00:00,binance
19960,listing,Binance Adds MITH/USDT Trading Pairs,1555637467000,2019-04-19 01:31:07+00:00,binance
19954,listing,Binance Completes Matic Network Lottery Draw and Will Open Trading For MATIC,1556186496000,2019-04-25 10:01:36+00:00,binance
19952,listing,Binance Will List Cosmos (ATOM),1556441001000,2019-04-28 08:43:21+00:00,binance
19947,listing,"Binance Adds ATOM/USDC, ATOM/PAX and ATOM/TUSD Trading Pairs",1557137985000,2019-05-06 10:19:45+00:00,binance
19944,listing,Binance Will Add Additional Trading Pairs for ETC and BAT,1557223355000,2019-05-07 10:02:35+00:00,binance
19935,listing,Binance Will Support the Red Pulse Phoenix (PHX) Token Migration to Binance Chain,1558312877000,2019-05-20 00:41:17+00:00,binance
19933,listing,Binance Will List Theta Fuel (TFUEL),1558666813000,2019-05-24 03:00:13+00:00,binance
19931,listing,Binance Completes Harmony Lottery Draw and Will Open Trading For ONE,1559031246000,2019-05-28 08:14:06+00:00,binance
19924,listing,Binance Will List Fantom (FTM),1560159926000,2019-06-10 09:45:26+00:00,binance
19919,listing,Binance Will List Bitcoin BEP2 (BTCB),1560838455000,2019-06-18 06:14:15+00:00,binance
19917,listing,"Binance Adds BCPT/PAX, BCPT/TUSD and BCPT/USDC Trading Pairs",1560856040000,2019-06-18 11:07:20+00:00,binance
19913,listing,Binance Will List Algorand (ALGO),1561084740000,2019-06-21 02:39:00+00:00,binance
19912,listing,Binance Adds USDSB/USDT and USDSB/USDS Trading Pairs,1561358416000,2019-06-24 06:40:16+00:00,binance
19907,listing,Binance Will Add Additional Trading Pairs for GTO,1561949970000,2019-07-01 02:59:30+00:00,binance
19905,listing,Binance Completes Elrond Lottery Draw and Will Open Trading For ERD,1562054450000,2019-07-02 08:00:50+00:00,binance
19902,listing,Binance Will List Dogecoin (DOGE),1562310849000,2019-07-05 07:14:09+00:00,binance
19890,listing,More Assets and Pairs Now Available on Binance Margin Trading,1563438261000,2019-07-18 08:24:21+00:00,binance
19886,listing,Binance Will List Dusk Network (DUSK),1563780013000,2019-07-22 07:20:13+00:00,binance
19884,listing,Binance Will List Binance GBP Stable Coin (BGBP),1563795573000,2019-07-22 11:39:33+00:00,binance
19882,listing,Binance Lists First BEP2 Community Listing Project - Ankr (ANKR),1563882277000,2019-07-23 11:44:37+00:00,binance
19877,listing,Binance Adds Margin Trading for ONT & ADA,1564120993000,2019-07-26 06:03:13+00:00,binance
19875,listing,Binance Adds ONT/PAX and ONT/USDC Trading Pairs,1564140985000,2019-07-26 11:36:25+00:00,binance
19872,listing,Binance Completes WINk Lottery Draw and Will Open Trading For WIN,1564560737000,2019-07-31 08:12:17+00:00,binance
19869,listing,Binance Will List Contentos (COS),1564732095000,2019-08-02 07:48:15+00:00,binance
19864,listing,Binance Will List BEP2 TrueUSD (TUSDB),1565232614000,2019-08-08 02:50:14+00:00,binance
19860,listing,"Binance Adds Margin Trading for USDC, LTC and ETC",1565265402000,2019-08-08 11:56:42+00:00,binance
19856,listing,Binance Adds NPXS/USDT and NPXS/USDC Trading Pairs,1565681046000,2019-08-13 07:24:06+00:00,binance
19847,listing,Binance Will List Cocos-BCX (COCOS),1566300153000,2019-08-20 11:22:33+00:00,binance
19844,listing,Binance Adds Margin Trading for BCHABC & XLM,1566464294000,2019-08-22 08:58:14+00:00,binance
19842,listing,Binance Adds MTL/USDT Trading Pair,1566527128000,2019-08-23 02:25:28+00:00,binance
19839,listing,Binance Lists Second BEP2 Community Listing Project - TomoChain (TOMO),1566567665000,2019-08-23 13:41:05+00:00,binance
19836,listing,Binance Completes Perlin Lottery Draw and Will Open Trading For PERL,1566719351000,2019-08-25 07:49:11+00:00,binance
19835,listing,Binance Adds Multiple USDT Trading Pairs,1566808998000,2019-08-26 08:43:18+00:00,binance
19827,listing,Binance Adds Margin Trading for NEO & XMR,1567070230000,2019-08-29 09:17:10+00:00,binance
19821,listing,Binance Adds BTT/TRX and WIN/TRX Trading Pairs,1567577904000,2019-09-04 06:18:24+00:00,binance
19818,listing,Binance Lists Chiliz (CHZ),1567655255000,2019-09-05 03:47:35+00:00,binance
19800,listing,Binance Adds Margin Trading for ATOM,1568701958000,2019-09-17 06:32:38+00:00,binance
19799,listing,Binance Completes Band Protocol Lottery Draw and Will Open Trading For BAND,1568706734000,2019-09-17 07:52:14+00:00,binance
19797,listing,Binance Opens New BUSD Fiat Gateway and Will List BUSD,1568717023000,2019-09-17 10:43:43+00:00,binance
19794,listing,Binance Adds Margin Trading for DASH and ZEC,1568793668000,2019-09-18 08:01:08+00:00,binance
19791,listing,Binance Adds BUSD/USDT Trading Pair,1568947336000,2019-09-20 02:42:16+00:00,binance
19790,listing,Binance Lists Beam (BEAM),1568953327000,2019-09-20 04:22:07+00:00,binance
19789,listing,Binance Will Postpone the Trading of Beam (BEAM) by 24 Hours,1568976805000,2019-09-20 10:53:25+00:00,binance
19781,listing,Binance Lists Tezos (XTZ),1569236370000,2019-09-23 10:59:30+00:00,binance
19778,listing,Binance Adds Margin Trading for MATIC,1569309089000,2019-09-24 07:11:29+00:00,binance
19777,listing,"Binance Adds REN/USDT, RVN/USDT and HC/USDT Trading Pairs",1569396289000,2019-09-25 07:24:49+00:00,binance
19771,listing,Binance Lists Hedera Hashgraph (HBAR),1569544545000,2019-09-27 00:35:45+00:00,binance
19766,listing,Notice of Removal of Trading Pairs,1569811511000,2019-09-30 02:45:11+00:00,binance
19750,listing,Binance Will List Community Coin Vote Winner NKN and Has Distributed Rewards,1570788460000,2019-10-11 10:07:40+00:00,binance
19743,listing,Binance Adds Margin Trading for BUSD,1571122476000,2019-10-15 06:54:36+00:00,binance
19737,listing,Binance Adds Multiple BUSD Trading Pairs,1571626326000,2019-10-21 02:52:06+00:00,binance
19735,listing,Binance Adds Margin Trading for BAT,1571730026000,2019-10-22 07:40:26+00:00,binance
19731,listing,Binance Lists Blockstack (STX),1571842641000,2019-10-23 14:57:21+00:00,binance
19730,listing,Binance Completes Kava Lottery Draw and Will Open Trading For KAVA,1571904998000,2019-10-24 08:16:38+00:00,binance
19724,listing,Binance Adds Margin Trading for IOST and VET,1572333231000,2019-10-29 07:13:51+00:00,binance
19718,listing,Binance Adds Margin Trading for QTUM,1572506495000,2019-10-31 07:21:35+00:00,binance
19716,listing,Notice of Removal of Trading Pairs - 2019/11/01,1572520391000,2019-10-31 11:13:11+00:00,binance
19710,listing,Binance Adds Margin Trading for XRP/ETH,1572937285000,2019-11-05 07:01:25+00:00,binance
19707,listing,Binance Will List Community Coin Vote Round 2 Winner ARPA and Has Distributed Rewards,1573036658000,2019-11-06 10:37:38+00:00,binance
19706,listing,Binance Adds TRX/BUSD and EOS/BUSD Trading Pairs,1573108337000,2019-11-07 06:32:17+00:00,binance
19705,listing,Binance Margin Trading Adds BNB/ETH to Available Trading Pairs,1573112190000,2019-11-07 07:36:30+00:00,binance
19693,listing,Binance Adds IOTX/USDT and RLC/USDT Trading Pairs,1573639331000,2019-11-13 10:02:11+00:00,binance
19692,listing,Binance Adds Margin Trading for IOTA,1573716142000,2019-11-14 07:22:22+00:00,binance
19690,listing,Notice of Removal of Trading Pairs - 2019/11/15,1573726448000,2019-11-14 10:14:08+00:00,binance
19684,listing,Binance Adds MCO/USDT Trading Pair,1574134096000,2019-11-19 03:28:16+00:00,binance
19679,listing,Binance Adds XLM/BUSD and ADA/BUSD Trading Pairs,1574220967000,2019-11-20 03:36:07+00:00,binance
19674,listing,Binance Will List Community Coin Vote Round 3 Winner CTXC and Has Distributed Rewards,1574416813000,2019-11-22 10:00:13+00:00,binance
19668,listing,Binance Adds Margin Trading for XTZ,1574753545000,2019-11-26 07:32:25+00:00,binance
19661,listing,Binance Futures Launches ETH/USDT Perpetual Contract - Up to 50x Leverage,1574987392000,2019-11-29 00:29:52+00:00,binance
19660,listing,Binance Adds Trading Pairs for Russian Ruble (RUB),1575272962000,2019-12-02 07:49:22+00:00,binance
19655,listing,Binance Adds Margin Trading for RVN,1575358032000,2019-12-03 07:27:12+00:00,binance
19654,listing,Notice of Removal of Trading Pairs - 2019/12/04,1575365115000,2019-12-03 09:25:15+00:00,binance
19650,listing,Binance Completes Troy Lottery Draw and Will Open Trading For TROY,1575448147000,2019-12-04 08:29:07+00:00,binance
19646,listing,"Binance Adds BUSD/RUB, VET/BUSD and QTUM/BUSD Trading Pairs",1575602356000,2019-12-06 03:19:16+00:00,binance
19637,listing,Binance Will List Community Coin Vote Round 4 Winner VITE and Has Distributed Rewards,1576232625000,2019-12-13 10:23:45+00:00,binance
19623,listing,Notice of Removal of Trading Pairs - 2019/12/20,1576747899000,2019-12-19 09:31:39+00:00,binance
19621,listing,Binance Futures Launches BCH/USDT Perpetual Contract With Up to 75x Leverage,1576760943000,2019-12-19 13:09:03+00:00,binance
19620,listing,Binance Announces Strategic Investment in FTX and Lists FTX Token (FTT),1576810511000,2019-12-20 02:55:11+00:00,binance
19599,listing,Notice of Removal of USDC Trading Pairs on 2020/01/07,1578303174000,2020-01-06 09:32:54+00:00,binance
19597,listing,Binance Futures Launches XRP/USDT Perpetual Contract With Up to 75x Leverage,1578310929000,2020-01-06 11:42:09+00:00,binance
19596,listing,Binance Lists Origin Protocol (OGN),1578367233000,2020-01-07 03:20:33+00:00,binance
19594,listing,Binance Futures Will Launch EOS/USDT Perpetual Contract With Up to 75x Leverage,1578404008000,2020-01-07 13:33:28+00:00,binance
19591,listing,Binance Futures Will Launch LTC/USDT Perpetual Contract With Up to 75x Leverage,1578474099000,2020-01-08 09:01:39+00:00,binance
19584,listing,Binance Futures Will Launch TRX/USDT Perpetual Contract With Up to 75x Leverage,1579009087000,2020-01-14 13:38:07+00:00,binance
19582,listing,Binance Futures Will Launch ETC/USDT Perpetual Contract With Up to 75x Leverage,1579082604000,2020-01-15 10:03:24+00:00,binance
19577,listing,Binance Futures Will Launch LINK/USDT Perpetual Contract With Up to 75x Leverage,1579169113000,2020-01-16 10:05:13+00:00,binance
19576,listing,Binance Will List Community Coin Vote Round 5 Winner DREP and Has Distributed Rewards,1579172819000,2020-01-16 11:06:59+00:00,binance
19574,listing,Binance Adds Margin Trading pair for BUSD,1579241418000,2020-01-17 06:10:18+00:00,binance
19572,listing,"Binance Lists FTX Leveraged Tokens: BULL, BEAR, ETHBULL & ETHBEAR",1579253919000,2020-01-17 09:38:39+00:00,binance
19569,listing,Temporary Trading Halt for ETHBULL and ETHBEAR Trading Pairs,1579266638000,2020-01-17 13:10:38+00:00,binance
19566,listing,Binance Futures Will Launch XLM/USDT Perpetual Contract With Up to 75x Leverage,1579424671000,2020-01-19 09:04:31+00:00,binance
19550,listing,Binance Futures Will Launch ADA/USDT Perpetual Contract With Up to 75x Leverage,1580377094000,2020-01-30 09:38:14+00:00,binance
19547,listing,Binance Futures Will Launch XMR/USDT Perpetual Contract With Up to 75x Leverage,1580631153000,2020-02-02 08:12:33+00:00,binance
19546,listing,"Binance Will Resume Trading for ETHBULL/USDT, ETHBULL/BUSD, ETHBEAR/USDT and ETHBEAR/BUSD Trading Pairs",1580698208000,2020-02-03 02:50:08+00:00,binance
19543,listing,Binance Futures Will Launch DASH/USDT Perpetual Contract With Up to 50x Leverage,1580722089000,2020-02-03 09:28:09+00:00,binance
19542,listing,"Binance Adds BUSD Margin Pairs for BCH, EOS, XRP and LTC",1580728308000,2020-02-03 11:11:48+00:00,binance
19539,listing,Binance Futures Will Launch ZEC/USDT Perpetual Contract With Up to 50x Leverage,1580800357000,2020-02-04 07:12:37+00:00,binance
19538,listing,Binance Completes WazirX Lottery Draw and Will Open Trading For WRX,1580804226000,2020-02-04 08:17:06+00:00,binance
19532,listing,Binance Futures Will Launch XTZ/USDT Perpetual Contract With Up to 50x Leverage,1580897669000,2020-02-05 10:14:29+00:00,binance
19529,listing,"Binance Adds ICX, BTS, LSK and BNT Stablecoin Trading Pairs",1580965937000,2020-02-06 05:12:17+00:00,binance
19528,listing,Binance Adds BUSD Margin Pairs for BNB and ETH,1580969690000,2020-02-06 06:14:50+00:00,binance
19527,listing,Binance Futures Will Launch ATOM/USDT Perpetual Contract With Up to 50x Leverage,1580974001000,2020-02-06 07:26:41+00:00,binance
19526,listing,Notice of Removal of Trading Pairs - 2020/02/07,1580977617000,2020-02-06 08:26:57+00:00,binance
19523,listing,Binance Futures Will Launch BNB/USDT Perpetual Contract With Up to 50x Leverage,1581072201000,2020-02-07 10:43:21+00:00,binance
19519,listing,Binance Futures Will Launch ONT/USDT Perpetual Contract With Up to 50x Leverage,1581325348000,2020-02-10 09:02:28+00:00,binance
19516,listing,"Binance Adds BUSD Trading Pairs for ATOM, DASH, NEO, WAVES & XTZ",1581393547000,2020-02-11 03:59:07+00:00,binance
19508,listing,"Binance Lists FTX Leveraged Tokens: EOSBULL, EOSBEAR, XRPBULL & XRPBEAR",1581480121000,2020-02-12 04:02:01+00:00,binance
19505,listing,Binance Futures Will Launch BAT/USDT Perpetual Contract With Up to 50x Leverage,1581498048000,2020-02-12 09:00:48+00:00,binance
19503,listing,Binance Futures Will Launch VET/USDT Perpetual Contract With Up to 50x Leverage,1581573695000,2020-02-13 06:01:35+00:00,binance
19499,listing,"Binance Adds BUSD Trading Pairs for BAT, ENJ, NANO, ONT & RVN",1581656452000,2020-02-14 05:00:52+00:00,binance
19496,listing,Binance Futures Will Launch NEO/USDT Perpetual Contract With Up to 50x Leverage,1581843564000,2020-02-16 08:59:24+00:00,binance
19492,listing,Binance Adds Additional Trading Pairs for STRAT and AION,1582092316000,2020-02-19 06:05:16+00:00,binance
19490,listing,Binance Futures Will Launch QTUM/USDT Perpetual Contract With Up to 50x Leverage,1582104660000,2020-02-19 09:31:00+00:00,binance
19489,listing,Notice of Removal of Trading Pairs - 2020/02/20,1582110014000,2020-02-19 11:00:14+00:00,binance
19485,listing,Binance Futures Will Launch IOST/USDT Perpetual Contract With Up to 50x Leverage,1582189431000,2020-02-20 09:03:51+00:00,binance
19479,listing,Binance Will List Community Coin Vote Round 6 Winner MBL and Has Distributed Rewards,1582283319000,2020-02-21 11:08:39+00:00,binance
19471,listing,"Binance Adds BUSD Margin Pairs for ETC, TRX and ADA",1582783043000,2020-02-27 05:57:23+00:00,binance
19469,listing,"Binance Adds BUSD Trading Pairs for ALGO, BTT, TOMO, XMR & ZEC",1582790993000,2020-02-27 08:09:53+00:00,binance
19468,listing,Notice of Removal of Trading Pairs - 2020/02/28,1582859696000,2020-02-28 03:14:56+00:00,binance
19446,listing,Notice of Removal of Trading Pairs - 2020/03/11,1583818609000,2020-03-10 05:36:49+00:00,binance
19443,listing,Binance Lists FTX Leveraged Tokens: BNBBULL & BNBBEAR,1583900045000,2020-03-11 04:14:05+00:00,binance
19434,listing,Binance Futures Increases Maximum Leverage on XTZ/USDT Contract to 75x,1584345873000,2020-03-16 08:04:33+00:00,binance
19427,listing,Notice of Removal of Trading Pairs - 2020/03/20,1584611971000,2020-03-19 09:59:31+00:00,binance
19410,listing,Binance Will List Community Coin Vote Round 7 Winner STPT and Has Distributed Rewards,1585128742000,2020-03-25 09:32:22+00:00,binance
19406,listing,Notice of Removal of Trading Pairs - 2020/03/27,1585223428000,2020-03-26 11:50:28+00:00,binance
19400,listing,Binance Will Delist All FTX Leveraged Tokens,1585403993000,2020-03-28 13:59:53+00:00,binance
19397,listing,Binance Lists Binance KRW Stable Coin (BKRW),1585616261000,2020-03-31 00:57:41+00:00,binance
19394,listing,Binance Has Delisted All FTX Leveraged Tokens and Will Complete Distribution of BUSD,1585655319000,2020-03-31 11:48:39+00:00,binance
19385,listing,Notice of Removal of Trading Pairs - 2020/04/03,1585826231000,2020-04-02 11:17:11+00:00,binance
19376,listing,"Binance Adds Additional Trading Pairs for DATA, WTC and XZC",1586251038000,2020-04-07 09:17:18+00:00,binance
19367,listing,Binance Launches Options Trading on Mobile App,1586763704000,2020-04-13 07:41:44+00:00,binance
19364,listing,"Binance Loans Adds BCH, LTC and XRP as Collateral Options",1586862188000,2020-04-14 11:03:08+00:00,binance
19361,listing,Binance Will List Rupiah Token (IDRT) ,1587017384000,2020-04-16 06:09:44+00:00,binance
19351,listing,Binance Completes Cartesi Lottery Draw and Will Open Trading For CTSI,1587543895000,2020-04-22 08:24:55+00:00,binance
19348,listing,Notice of Removal of Trading Pairs - 2020/04/24,1587640974000,2020-04-23 11:22:54+00:00,binance
19343,listing,Binance Will List Hive (HIVE) ,1587959820000,2020-04-27 03:57:00+00:00,binance
19331,listing,Notice of Removal of Trading Pairs - 2020/04/30,1588159566000,2020-04-29 11:26:06+00:00,binance
19325,listing,Binance Will List Community Coin Vote Round 8 Winner CHR and Has Distributed Rewards,1588849686000,2020-05-07 11:08:06+00:00,binance
19322,listing,Notice of Removal of Trading Pairs - 2020/05/09,1588930393000,2020-05-08 09:33:13+00:00,binance
19309,listing,Binance Launches Binance Leveraged Tokens (BLVT) and Will List BTCUP and BTCDOWN,1589242824000,2020-05-12 00:20:24+00:00,binance
19305,listing,Notice of Removal of Trading Pairs - 2020/05/15,1589454201000,2020-05-14 11:03:21+00:00,binance
19304,listing,"Binance Adds Additional Trading Pairs for ARDR, ERD and LEND",1589511023000,2020-05-15 02:50:23+00:00,binance
27038,listing,Notice of Removal of Trading Pairs - 2020/05/22,1590050676000,2020-05-21 08:44:36+00:00,binance
27051,listing,"Binance Adds BUSD Trading Pairs for HBAR, MATIC, WRX and ZIL",1590118492000,2020-05-22 03:34:52+00:00,binance
27074,listing,Binance Options Lists ETH and XRP Contracts,1590376812000,2020-05-25 03:20:12+00:00,binance
27072,listing,"Binance Enables Isolated Margin Trading for ADA, EOS, ETC, LINK and MATIC",1590473571000,2020-05-26 06:12:51+00:00,binance
27070,listing,Binance Futures Will Launch THETA/USDT Perpetual Contract With Up to 50x Leverage,1590494174000,2020-05-26 11:56:14+00:00,binance
27200,listing,Notice of Removal of Trading Pairs - 2020/05/29,1590661737000,2020-05-28 10:28:57+00:00,binance
27270,listing,Binance Lists Binance IDR Stable Coin (BIDR),1590982748000,2020-06-01 03:39:08+00:00,binance
27275,listing,Binance Will Postpone the Trading Start Date of Binance IDR (BIDR),1591000174000,2020-06-01 08:29:34+00:00,binance
27346,listing,Binance Enables Isolated Margin Trading for THETA and ZRX,1591078517000,2020-06-02 06:15:17+00:00,binance
27397,listing,Storm (STORM) Token Swap to STMX Will Be Supported on Binance,1591144327000,2020-06-03 00:32:07+00:00,binance
27419,listing,Binance Enables Isolated Margin Trading for KAVA,1591251341000,2020-06-04 06:15:41+00:00,binance
27480,listing,Binance Will List Community Coin Vote Round 9 Winner MDT and Has Distributed Rewards,1591350531000,2020-06-05 09:48:51+00:00,binance
27556,listing,Binance Enables Isolated Margin Trading for ZIL and OMG,1591684277000,2020-06-09 06:31:17+00:00,binance
27616,listing,Isolated Margin Trading for FET and ALGO Enabled on Binance,1591856403000,2020-06-11 06:20:03+00:00,binance
27620,listing,BTCUSD Quarterly Futures Contracts Launched on Binance Futures,1591862453000,2020-06-11 08:00:53+00:00,binance
27647,listing,Notice of Removal of Trading Pairs - 2020/06/12,1591881258000,2020-06-11 13:14:18+00:00,binance
27668,listing,"BUSD and USDT Trading Pairs Added For KNC, REP and LRC on Binance",1591940335000,2020-06-12 05:38:55+00:00,binance
27713,listing,Binance Futures Will Launch ALGO/USDT Perpetual Contract With Up to 50x Leverage,1592208441000,2020-06-15 08:07:21+00:00,binance
27736,listing,Isolated Margin Trading for KNC and TFUEL Enabled on Binance,1592289242000,2020-06-16 06:34:02+00:00,binance
27764,listing,Binance Futures Will Launch ZIL/USDT Perpetual Contract With Up to 50x Leverage,1592374808000,2020-06-17 06:20:08+00:00,binance
27804,listing,"Isolated Margin Trading for HBAR, ENJ and NANO Enabled on Binance",1592460713000,2020-06-18 06:11:53+00:00,binance
27807,listing,Binance Will List Everipedia (IQ) ,1592463624000,2020-06-18 07:00:24+00:00,binance
27908,listing,Binance Futures Will Launch KNC/USDT Perpetual Contract With Up to 50x Leverage,1592795714000,2020-06-22 03:15:14+00:00,binance
27944,listing,Binance Lists DigiByte (DGB) ,1592823608000,2020-06-22 11:00:08+00:00,binance
27988,listing,Binance Futures Will Launch ZRX/USDT Perpetual Contract With Up to 50x Leverage,1592896034000,2020-06-23 07:07:14+00:00,binance
28029,listing,Binance Will Delist StableUSD (USDS),1592977026000,2020-06-24 05:37:06+00:00,binance
28089,listing,Binance Lists Compound (COMP) ,1593057612000,2020-06-25 04:00:12+00:00,binance
28178,listing,Binance Futures Will Launch COMP/USDT Perpetual Contract With Up to 50x Leverage,1593420536000,2020-06-29 08:48:56+00:00,binance
28217,listing,Binance Lists Binance IDR Stable Coin (BIDR),1593489788000,2020-06-30 04:03:08+00:00,binance
28260,listing,Binance Futures Will Launch OMG/USDT Perpetual Contract With Up to 50x Leverage,1593587403000,2020-07-01 07:10:03+00:00,binance
28301,listing,Notice of Removal of Trading Pairs - 2020/07/03,1593682890000,2020-07-02 09:41:30+00:00,binance
28345,listing,"BKRW/BUSD, BKRW/USDT, SC/USDT and ZEN/USDT Trading Pairs Added on Binance",1594004631000,2020-07-06 03:03:51+00:00,binance
28414,listing,"Isolated Margin Trading for REN, ICX Enabled on Binance",1594103200000,2020-07-07 06:26:40+00:00,binance
28435,listing,Binance Announces Acquisition of Swipe and Lists Swipe (SXP),1594131388000,2020-07-07 14:16:28+00:00,binance
28507,listing,"Isolated Margin Trading for COMP, NULS, LRC and LEND Enabled on Binance",1594274407783,2020-07-09 06:00:07.783000+00:00,binance
28511,listing,Binance Futures Will Launch DOGE/USDT Perpetual Contract With Up to 50x Leverage,1594281627052,2020-07-09 08:00:27.052000+00:00,binance
28520,listing,Binance Lists Synthetix (SNX) ,1594284922458,2020-07-09 08:55:22.458000+00:00,binance
28641,listing,Binance Will List ETHUP and ETHDOWN Binance Leveraged Tokens,1594612821555,2020-07-13 04:00:21.555000+00:00,binance
28676,listing,"Binance Will Delist ARN, FUEL and LUN on 2020/07/20",1594645207834,2020-07-13 13:00:07.834000+00:00,binance
28705,listing,"Isolated Margin Trading for DOGE, SC, REP, BNT and BTT Enabled on Binance",1594706592725,2020-07-14 06:03:12.725000+00:00,binance
28740,listing,"Binance Will List ADAUP, ADADOWN, LINKUP and LINKDOWN Binance Leveraged Tokens",1594799650999,2020-07-15 07:54:10.999000+00:00,binance
28775,listing,Isolated Margin Enabled For Multiple BUSD Trading Pairs on Binance,1594879719520,2020-07-16 06:08:39.520000+00:00,binance
28823,listing,Binance Lists VeThor Token (VTHO) ,1594976348069,2020-07-17 08:59:08.069000+00:00,binance
28868,listing,Binance Futures Will Launch ADAUSD Quarterly 0925 Futures Contract With Up to 75x Leverage,1595214010048,2020-07-20 03:00:10.048000+00:00,binance
28881,listing,"DCR/BUSD, DGB/USDT, GBP/USDT, STORJ/BUSD and SXP/USDT Trading Pairs Added on Binance",1595236404462,2020-07-20 09:13:24.462000+00:00,binance
28933,listing,Binance Futures Will Launch SXP/USDT Perpetual Contract With Up to 50x Leverage,1595304871653,2020-07-21 04:14:31.653000+00:00,binance
28942,listing,"Isolated Margin Trading for ONE, SNX, TOMO, WAVES and WRX Enabled on Binance",1595311210119,2020-07-21 06:00:10.119000+00:00,binance
28952,listing,Binance Futures Will Launch LINKUSD Quarterly 0925 Futures Contract With Up to 75x Leverage,1595315976832,2020-07-21 07:19:36.832000+00:00,binance
28972,listing,Binance Lists IRISnet (IRIS) ,1595324176713,2020-07-21 09:36:16.713000+00:00,binance
29020,listing,Binance Futures Will Launch LEND/USDT Perpetual Contract With Up to 50x Leverage,1595395727182,2020-07-22 05:28:47.182000+00:00,binance
29099,listing,"Isolated Margin Trading for ONG, ANKR, FTT and SXP Enabled on Binance",1595484006323,2020-07-23 06:00:06.323000+00:00,binance
29103,listing,Binance Futures Will Launch ETHUSD Quarterly 0925 Futures Contract With Up to 75x Leverage,1595488230023,2020-07-23 07:10:30.023000+00:00,binance
29120,listing,Binance Lists Maker (MKR) & Dai (DAI),1595502245145,2020-07-23 11:04:05.145000+00:00,binance
29165,listing,Binance Lists THORChain (RUNE),1595579765197,2020-07-24 08:36:05.197000+00:00,binance
29208,listing,Binance Futures Will Launch KAVA/USDT Perpetual Contract With Up to 50x Leverage,1595827610441,2020-07-27 05:26:50.441000+00:00,binance
29255,listing,"Isolated Margin Trading for RLC, FTM, HIVE and DGB Enabled on Binance",1595915434691,2020-07-28 05:50:34.691000+00:00,binance
29271,listing,Binance Futures Will Launch BAND/USDT Perpetual Contract With Up to 50x Leverage,1595923209869,2020-07-28 08:00:09.869000+00:00,binance
29361,listing,"Multiple BUSD, USDT and BKRW Trading Pairs Added on Binance - 2020/07/30",1596077690175,2020-07-30 02:54:50.175000+00:00,binance
29375,listing,Isolated Margin Trading for STORJ and BAND Enabled on Binance,1596087970128,2020-07-30 05:46:10.128000+00:00,binance
29384,listing,Binance Futures Will Launch RLC/USDT Perpetual Contract With Up to 50x Leverage,1596092407757,2020-07-30 07:00:07.757000+00:00,binance
29411,listing,Notice of Removal of Trading Pairs - 2020/07/31,1596110850037,2020-07-30 12:07:30.037000+00:00,binance
29453,listing,Binance Adds Multiple Australian Dollar (AUD) Trading Pairs,1596169608922,2020-07-31 04:26:48.922000+00:00,binance
29456,listing,Binance Lists FIO Protocol (FIO),1596175111091,2020-07-31 05:58:31.091000+00:00,binance
29517,listing,Binance Options Will List BNB Contract,1596436546311,2020-08-03 06:35:46.311000+00:00,binance
29538,listing,Binance Futures Will Launch ETHUSD Quarterly 1225 Futures Contract With Up to 75x Leverage,1596511762050,2020-08-04 03:29:22.050000+00:00,binance
29548,listing,"Isolated Margin Trading for IOTX, CELR, CHR, DOCK, MKR and VTHO Enabled on Binance",1596521551644,2020-08-04 06:12:31.644000+00:00,binance
29596,listing,"Binance Will List BNBUP, BNBDOWN, XTZUP and XTZDOWN Binance Leveraged Tokens",1596604270014,2020-08-05 05:11:10.014000+00:00,binance
29617,listing,Binance Lists Travala (AVA),1596629724831,2020-08-05 12:15:24.831000+00:00,binance
29655,listing,"Binance Will Add Multiple AUD, BKRW, BUSD & USDT Trading Pairs",1596694601662,2020-08-06 06:16:41.662000+00:00,binance
29676,listing,Binance Lists Balancer (BAL),1596713087058,2020-08-06 11:24:47.058000+00:00,binance
29772,listing,Binance Lists yearn.finance (YFI),1597051698760,2020-08-10 09:28:18.760000+00:00,binance
29797,listing,"Binance Adds Multiple BUSD, USDT & DAI Trading Pairs - 2020/08/11",1597116202185,2020-08-11 03:23:22.185000+00:00,binance
29800,listing,Binance Lists JUST (JST),1597120132722,2020-08-11 04:28:52.722000+00:00,binance
29803,listing,"Isolated Margin Trading for LSK, MANA and OGN Enabled on Binance",1597125165126,2020-08-11 05:52:45.126000+00:00,binance
29816,listing,Binance Futures Will Launch WAVES USDT-Margined Perpetual Contract With Up to 50x Leverage,1597133467160,2020-08-11 08:11:07.160000+00:00,binance
29868,listing,Binance Lists Serum (SRM),1597147205981,2020-08-11 12:00:05.981000+00:00,binance
29898,listing,Binance Futures Will Launch MKR USDT-Margined Perpetual Contract With Up to 50x Leverage,1597212794864,2020-08-12 06:13:14.864000+00:00,binance
29952,listing,Binance Lists Aragon (ANT),1597279631146,2020-08-13 00:47:11.146000+00:00,binance
29959,listing,Binance Futures Will Launch SNX USDT-Margined Perpetual Contract With Up to 50x Leverage,1597291208336,2020-08-13 04:00:08.336000+00:00,binance
30026,listing,"Binance Will List Curve (CRV), Deposits Now Open",1597372300411,2020-08-14 02:31:40.411000+00:00,binance
30062,listing,Binance Will Open Trading for Curve (CRV),1597382884772,2020-08-14 05:28:04.772000+00:00,binance
30066,listing,Binance Completes The Sandbox Lottery Draw and Will Open Trading For SAND,1597392881971,2020-08-14 08:14:41.971000+00:00,binance
30142,listing,Binance Lists Ocean Protocol (OCEAN),1597640405588,2020-08-17 05:00:05.588000+00:00,binance
30146,listing,Binance Futures Will Launch ETH/USD Coin-Margined Perpetual Contract With Up to 75x Leverage,1597644317308,2020-08-17 06:05:17.308000+00:00,binance
30183,listing,Binance Lists Numeraire (NMR),1597655040544,2020-08-17 09:04:00.544000+00:00,binance
30241,listing,Binance Futures Will Launch LINK/USD Coin-Margined Perpetual Contract With Up to 75x Leverage,1597723206452,2020-08-18 04:00:06.452000+00:00,binance
30244,listing,"Isolated Margin Trading for GXS, CHZ, IRIS and SOL Enabled on Binance",1597729506841,2020-08-18 05:45:06.841000+00:00,binance
30279,listing,Binance Will List Polkadot (DOT) & Support 1:100 Redenomination Plan,1597757480976,2020-08-18 13:31:20.976000+00:00,binance
30313,listing,Binance Lists Terra (LUNA),1597813335054,2020-08-19 05:02:15.054000+00:00,binance
30316,listing,Binance Futures Will Launch DOT USDT-Margined Perpetual Contract With Up to 50x Leverage,1597820406077,2020-08-19 07:00:06.077000+00:00,binance
30382,listing,Binance Futures Will Launch BNB/USD Coin-Margined Perpetual Contract With Up to 50x Leverage,1597896009461,2020-08-20 04:00:09.461000+00:00,binance
30390,listing,DOT USDT-Margined Perpetual Contract Listing Delayed to 2020/08/22,1597909559805,2020-08-20 07:45:59.805000+00:00,binance
30533,listing,Binance Lists IDEX (IDEX),1598069113259,2020-08-22 04:05:13.259000+00:00,binance
30557,listing,Binance Futures Will Launch DOT/USD Coin-Margined Perpetual Contract With Up to 50x Leverage,1598260439054,2020-08-24 09:13:59.054000+00:00,binance
30612,listing,Binance Lists Reserve Rights (RSR),1598328006004,2020-08-25 04:00:06.004000+00:00,binance
30615,listing,"Isolated Margin Trading for CTSI, ARPA, WTC, KMD, JST and COTI Enabled on Binance",1598334368099,2020-08-25 05:46:08.099000+00:00,binance
30620,listing,Binance Futures Will Launch ADA/USD Coin-Margined Perpetual Contract With Up to 75x Leverage,1598339524449,2020-08-25 07:12:04.449000+00:00,binance
30629,listing,Binance Lists PAX Gold (PAXG),1598358427913,2020-08-25 12:27:07.913000+00:00,binance
30693,listing,Binance Lists Wrapped NXM (WNXM),1598414732956,2020-08-26 04:05:32.956000+00:00,binance
30756,listing,Binance Futures Launches DEFI Composite Index Perpetual Contract With Up to 50x Leverage,1598448828579,2020-08-26 13:33:48.579000+00:00,binance
30786,listing,Binance Lists Tellor (TRB),1598500805607,2020-08-27 04:00:05.607000+00:00,binance
30789,listing,Isolated Margin Trading for DOT and SRM Enabled on Binance,1598505388972,2020-08-27 05:16:28.972000+00:00,binance
30793,listing,"Binance Adds ETH/NGN, DOT/BIDR, LINK/AUD & SXP/AUD Trading Pairs",1598509953511,2020-08-27 06:32:33.511000+00:00,binance
30874,listing,Elrond (ERD) Mainnet & Token Swap to Elrond Gold (EGLD) Will Be Supported on Binance,1598604399494,2020-08-28 08:46:39.494000+00:00,binance
30908,listing,Binance Lists bZx Protocol (BZRX),1598673618292,2020-08-29 04:00:18.292000+00:00,binance
30916,listing,Binance Futures Will Launch YFI USDT-Margined Perpetual Contract With Up to 50x Leverage,1598843099061,2020-08-31 03:04:59.061000+00:00,binance
30936,listing,Binance Lists Wrapped BTC (WBTC),1598847115865,2020-08-31 04:11:55.865000+00:00,binance
31012,listing,Binance Futures Will Launch BAL and CRV USDT-Margined Perpetual Contracts With Up to 50x Leverage,1598933182910,2020-09-01 04:06:22.910000+00:00,binance
31017,listing,"DOT, ANT, CRV, BAL and YFI Enabled on Binance Margin Trading",1598937590016,2020-09-01 05:19:50.016000+00:00,binance
31028,listing,Binance Futures Will Increase Maximum Leverage on DOT Contracts to 75x,1598947139627,2020-09-01 07:58:59.627000+00:00,binance
31042,listing,Binance Lists Sushi (SUSHI) and DFI.Money (YFII),1598951419794,2020-09-01 09:10:19.794000+00:00,binance
31051,listing,Binance Completes Elrond (ERD) Mainnet & Token Swap to Elrond Gold (EGLD),1598966101968,2020-09-01 13:15:01.968000+00:00,binance
31094,listing,Binance Futures Will Launch TRB and YFII USDT-Margined Perpetual Contracts With Up to 50x Leverage,1599015606123,2020-09-02 03:00:06.123000+00:00,binance
31099,listing,Binance Lists Kusama (KSM),1599023243637,2020-09-02 05:07:23.637000+00:00,binance
31162,listing,Binance Lists DIA (DIA),1599040576212,2020-09-02 09:56:16.212000+00:00,binance
31200,listing,Binance Futures Will Launch RUNE and SUSHI USDT-Margined Perpetual Contracts With Up to 50x Leverage,1599102003502,2020-09-03 03:00:03.502000+00:00,binance
31232,listing,"Isolated Margin Trading for TRB, WNXM and TCT Enabled on Binance",1599115400777,2020-09-03 06:43:20.777000+00:00,binance
31331,listing,Binance Adds FIO/USDT and RUNE/USDT Trading Pairs,1599199832796,2020-09-04 06:10:32.796000+00:00,binance
31334,listing,Binance Futures Will Launch SRM and BZRX USDT-Margined Perpetual Contracts With Up to 50x Leverage,1599202889059,2020-09-04 07:01:29.059000+00:00,binance
31347,listing,Binance Futures Will Launch ADAUSD and LINKUSD Quarterly 1225 Coin-Margined Contracts With Up to 75x Leverage,1599213600623,2020-09-04 10:00:00.623000+00:00,binance
31350,listing,Binance Will Delist Insolar (INS) on 2020/09/11,1599218231709,2020-09-04 11:17:11.709000+00:00,binance
31383,listing,Isolated Margin Trading for YFII and SUSHI Enabled on Binance,1599288101077,2020-09-05 06:41:41.077000+00:00,binance
31436,listing,Binance Futures Will Launch TRXUSD and EOSUSD Coin-Margined Perpetual Contracts With Up to 75x Leverage,1599440873839,2020-09-07 01:07:53.839000+00:00,binance
31461,listing,Binance Futures Will Launch LTCUSD and BCHUSD Coin-Margined Perpetual Contracts With Up to 75x Leverage,1599459669029,2020-09-07 06:21:09.029000+00:00,binance
31506,listing,Binance Futures Will Launch XRPUSD and ETCUSD Coin-Margined Perpetual Contracts With Up to 75x Leverage,1599537600709,2020-09-08 04:00:00.709000+00:00,binance
31509,listing,"Isolated Margin Trading for PNT, WAN, SAND, TROY and BZRX Enabled on Binance",1599543351854,2020-09-08 05:35:51.854000+00:00,binance
31604,listing,Binance Lists UMA (UMA),1599629911353,2020-09-09 05:38:31.353000+00:00,binance
31631,listing,"Binance Will List EOSUP, EOSDOWN, TRXUP, TRXDOWN, XRPUP, XRPDOWN, DOTUP and DOTDOWN Binance Leveraged Tokens",1599634812382,2020-09-09 07:00:12.382000+00:00,binance
31678,listing,"Isolated Margin Trading for KSM, RUNE, XEM and BLZ Enabled on Binance",1599711623561,2020-09-10 04:20:23.561000+00:00,binance
31684,listing,"Binance Adds SRM/BIDR, ONE/BIDR, LINK/TRY and USDT/NGN Trading Pairs",1599721691501,2020-09-10 07:08:11.501000+00:00,binance
31821,listing,"Isolated Margin Trading for RSR, DIA and OCEAN Enabled on Binance",1599968951193,2020-09-13 03:49:11.193000+00:00,binance
31839,listing,Binance Futures Will Increase Maximum Leverage on BNB Contracts to 75x,1600053051954,2020-09-14 03:10:51.954000+00:00,binance
31842,listing,"Binance Futures Will Launch EGLD, SOL, ICX and BTT USDT-Margined Perpetual Contracts With Up to 50x Leverage",1600058576320,2020-09-14 04:42:56.320000+00:00,binance
31858,listing,Bella Protocol (BEL) Trading Start Time Brought Forward to 2020/09/15,1600088848145,2020-09-14 13:07:28.145000+00:00,binance
31926,listing,Binance Lists Swerve (SWRV),1600138901708,2020-09-15 03:01:41.708000+00:00,binance
31929,listing,BTT USDT-Margined Perpetual Contract Listing is Cancelled,1600142500008,2020-09-15 04:01:40.008000+00:00,binance
31932,listing,"Isolated Margin Trading for STX, STPT and UMA Enabled on Binance",1600146895078,2020-09-15 05:14:55.078000+00:00,binance
31935,listing,Binance Will List LTCUP and LTCDOWN Binance Leveraged Tokens,1600150548217,2020-09-15 06:15:48.217000+00:00,binance
31938,listing,Binance Futures Will Launch STORJ USDT-Margined Perpetual Contract With Up to 50x Leverage,1600156333385,2020-09-15 07:52:13.385000+00:00,binance
32020,listing,Binance Adds LEND/BKRW & SXP/EUR Trading Pairs,1600239611234,2020-09-16 07:00:11.234000+00:00,binance
32023,listing,Binance Futures Will Launch BLZ USDT-Margined Perpetual Contract With Up to 50x Leverage,1600244353396,2020-09-16 08:19:13.396000+00:00,binance
32027,listing,Binance Lists Cream Finance (CREAM),1600252698532,2020-09-16 10:38:18.532000+00:00,binance
32086,listing,Binance Lists Uniswap (UNI),1600307105911,2020-09-17 01:45:05.911000+00:00,binance
32107,listing,Binance Futures Will Launch UNI USDT-Margined Perpetual Contract With Up to 50x Leverage,1600315201681,2020-09-17 04:00:01.681000+00:00,binance
32110,listing,Isolated Margin Trading for XZC and LUNA Enabled on Binance,1600321292724,2020-09-17 05:41:32.724000+00:00,binance
32199,listing,Binance Completes Distribution and Will List New BitShares (NBS),1600439678024,2020-09-18 14:34:38.024000+00:00,binance
32296,listing,Binance Lists Orchid (OXT),1600662011877,2020-09-21 04:20:11.877000+00:00,binance
32307,listing,Binance Options Will List LINK Contract,1600673993441,2020-09-21 07:39:53.441000+00:00,binance
32314,listing,Binance Launches New Innovation Zone and Lists SUN (SUN),1600686329643,2020-09-21 11:05:29.643000+00:00,binance
32407,listing,"Binance Lists Avalanche (AVAX), Deposits Are Now Open",1600752996107,2020-09-22 05:36:36.107000+00:00,binance
32411,listing,Isolated Margin Trading for NMR & VITE Enabled on Binance,1600756325843,2020-09-22 06:32:05.843000+00:00,binance
32414,listing,Binance Futures Will Launch AVAX USDT-Margined Perpetual Contract With Up to 50x Leverage,1600759038927,2020-09-22 07:17:18.927000+00:00,binance
32516,listing,Binance Futures Will Launch FTM USDT-Margined Perpetual Contract With Up to 50x Leverage,1600843256658,2020-09-23 06:40:56.658000+00:00,binance
32571,listing,Binance Lists Helium (HNT),1600922216262,2020-09-24 04:36:56.262000+00:00,binance
32574,listing,"Isolated Margin Trading for EUR, AVAX & NKN Enabled on Binance",1600925650744,2020-09-24 05:34:10.744000+00:00,binance
32583,listing,"Binance Will List BSC Projects, BAKE and BURGER, in the Innovation Zone",1600932633095,2020-09-24 07:30:33.095000+00:00,binance
32591,listing,"Binance Futures Will List BTC, ETH, ADA & LINK Coin-Margined Quarterly 0326 Futures Contracts",1600938498769,2020-09-24 09:08:18.769000+00:00,binance
32673,listing,Binance Adds SXP/BIDR & LINK/BKRW Trading Pairs,1601013660079,2020-09-25 06:01:00.079000+00:00,binance
32755,listing,Cross Margin Trading for UNI Enabled on Binance,1601198582840,2020-09-27 09:23:02.840000+00:00,binance
32759,listing,Binance Futures Will Launch HNT USDT-Margined Perpetual Contract With Up to 50x Leverage,1601266183108,2020-09-28 04:09:43.108000+00:00,binance
32770,listing,Binance Futures Will Launch ENJ USDT-Margined Perpetual Contract With Up to 50x Leverage,1601283879534,2020-09-28 09:04:39.534000+00:00,binance
32887,listing,Binance Futures Will Launch FLM USDT-Margined Perpetual Contract With Up to 50x Leverage,1601348403111,2020-09-29 03:00:03.111000+00:00,binance
32890,listing,Binance Will List UNIUP & UNIDOWN Binance Leveraged Tokens,1601352003111,2020-09-29 04:00:03.111000+00:00,binance
32893,listing,"Binance Will List BSC Projects, CAKE and SPARTA, in the Innovation Zone",1601356346328,2020-09-29 05:12:26.328000+00:00,binance
32996,listing,Binance Lists Orion Protocol (ORN),1601434801575,2020-09-30 03:00:01.575000+00:00,binance
33002,listing,Binance Adds TRX/NGN & SXP/TRY Trading Pairs,1601449206431,2020-09-30 07:00:06.431000+00:00,binance
33138,listing,Binance Lists UTRUST (UTK),1601607648537,2020-10-02 03:00:48.537000+00:00,binance
33149,listing,Aave (LEND) Token Swap to AAVE Will Be Supported on Binance With Various Service Updates & Settlements,1601722764759,2020-10-03 10:59:24.759000+00:00,binance
33318,listing,Binance Completes the Alpha Finance Lab Lottery Draw and Will Open Trading For ALPHA,1602230410078,2020-10-09 08:00:10.078000+00:00,binance
33333,listing,Binance Lists VIDT Datalink (VIDT) in the Innovation Zone,1602236322647,2020-10-09 09:38:42.647000+00:00,binance
33389,listing,Binance Futures Will Launch TOMO USDT-Margined Perpetual Contract With Up to 50x Leverage,1602313480820,2020-10-10 07:04:40.820000+00:00,binance
33434,listing,Binance Futures Will Launch REN USDT-Margined Perpetual Contract With Up to 50x Leverage,1602475232728,2020-10-12 04:00:32.728000+00:00,binance
33467,listing,Cross Margin Trading for YFI Enabled on Binance,1602493202667,2020-10-12 09:00:02.667000+00:00,binance
33571,listing,Binance Futures Will Launch KSM USDT-Margined Perpetual Contract With Up to 50x Leverage,1602561601757,2020-10-13 04:00:01.757000+00:00,binance
33574,listing,Binance Adds BTC/BRL & USDT/BRL Trading Pairs,1602565200661,2020-10-13 05:00:00.661000+00:00,binance
33577,listing,Isolated Margin Trading for FLM & WING Enabled on Binance,1602568802665,2020-10-13 06:00:02.665000+00:00,binance
33627,listing,"Binance Lists NEAR Protocol (NEAR), Deposits Are Now Open",1602645987248,2020-10-14 03:26:27.248000+00:00,binance
33624,listing,Binance Will List SXPUP & SXPDOWN Binance Leveraged Tokens,1602652129440,2020-10-14 05:08:49.440000+00:00,binance
33635,listing,Binance Futures Will Launch NEAR USDT-Margined Perpetual Contract With Up to 50x Leverage,1602657491008,2020-10-14 06:38:11.008000+00:00,binance
33740,listing,Cross Margin Trading for YFII Enabled on Binance,1602743893067,2020-10-15 06:38:13.067000+00:00,binance
33743,listing,Binance Adds DOT/BKRW & SXP/GBP Trading Pairs,1602747662915,2020-10-15 07:41:02.915000+00:00,binance
33755,listing,"Binance Will List Filecoin (FIL) - Deposit FIL to Share a $100,000 Prize Pool",1602760430803,2020-10-15 11:13:50.803000+00:00,binance
33758,listing,Binance Futures Will Launch FIL USDT-Margined Perpetual Contract With Up to 50x Leverage,1602813601631,2020-10-16 02:00:01.631000+00:00,binance
33898,listing,"Isolated Margin Trading for FIL, XVS & NEAR Enabled on Binance",1602828971431,2020-10-16 06:16:11.431000+00:00,binance
33988,listing,Binance Futures Will Launch RSR & LRC USDT-Margined Perpetual Contracts With Up to 50x Leverage,1603076454799,2020-10-19 03:00:54.799000+00:00,binance
34026,listing,Binance Will Launch a FIL/USD Coin-Margined Perpetual Contract With Up to 50x Leverage and List FILUP & FILDOWN Binance Leveraged Tokens,1603092228378,2020-10-19 07:23:48.378000+00:00,binance
34103,listing,FIL Coin-Margined Perpetual Contract Listing Postponed,1603159577951,2020-10-20 02:06:17.951000+00:00,binance
34106,listing,Binance Will List YFIUP & YFIDOWN Binance Leveraged Tokens,1603162802312,2020-10-20 03:00:02.312000+00:00,binance
34120,listing,Isolated Margin Trading for AAVE & DATA Enabled on Binance,1603170788763,2020-10-20 05:13:08.763000+00:00,binance
34137,listing,Binance Completes the Injective Protocol Lottery Draw and Will Open Trading For INJ,1603181051208,2020-10-20 08:04:11.208000+00:00,binance
34214,listing,Binance Futures Will Launch MATIC USDT-Margined Perpetual Contract With Up to 50x Leverage,1603260797148,2020-10-21 06:13:17.148000+00:00,binance
34220,listing,Binance Lists Aergo (AERGO),1603263602165,2020-10-21 07:00:02.165000+00:00,binance
34365,listing,Binance Will Launch a FIL/USD Coin-Margined Perpetual Contract With Up to 50x Leverage,1603344834885,2020-10-22 05:33:54.885000+00:00,binance
34368,listing,"Introducing CertiK (CTK) on Binance Launchpool! Farm CTK By Staking BNB, BUSD & CTK Tokens",1603352576988,2020-10-22 07:42:56.988000+00:00,binance
34371,listing,New BUSD Trading Pairs Enabled on Binance Margin Trading,1603356165087,2020-10-22 08:42:45.087000+00:00,binance
34377,listing,Notice of Removal of Trading Pairs - 2020/10/23,1603366176885,2020-10-22 11:29:36.885000+00:00,binance
34437,listing,Binance Adds LINK/EUR & ONE/BUSD Trading Pairs,1603424415854,2020-10-23 03:40:15.854000+00:00,binance
34443,listing,Binance Will List EasyFi (EASY) in the Innovation Zone,1603433296372,2020-10-23 06:08:16.372000+00:00,binance
34475,listing,Cross Margin Trading for FIL Enabled on Binance,1603464152835,2020-10-23 14:42:32.835000+00:00,binance
34520,listing,"Binance Lists Audius (AUDIO), Deposits Are Now Open",1603468833788,2020-10-23 16:00:33.788000+00:00,binance
34696,listing,Binance Will List BCHUP & BCHDOWN Binance Leveraged Tokens,1603779292927,2020-10-27 06:14:52.927000+00:00,binance
34719,listing,Binance Will Delist MCO (MCO) on 2020/11/02,1603803515201,2020-10-27 12:58:35.201000+00:00,binance
34784,listing,New BUSD Trading Pairs Enabled on Binance Isolated Margin,1603873802988,2020-10-28 08:30:02.988000+00:00,binance
34862,listing,Binance Will List Bounce (BOT) in the Innovation Zone,1603946363498,2020-10-29 04:39:23.498000+00:00,binance
34867,listing,Cross Margin Trading for NEAR Enabled on Binance,1603949611051,2020-10-29 05:33:31.051000+00:00,binance
34915,listing,Binance Adds ETH/BRL & DOT/EUR Trading Pairs,1603974108033,2020-10-29 12:21:48.033000+00:00,binance
35120,listing,Binance Will List Akropolis (AKRO) in the Innovation Zone,1604288004982,2020-11-02 03:33:24.982000+00:00,binance
35124,listing,Binance Futures Will Launch OCEAN USDT-Margined Perpetual Contract With Up to 50x Leverage,1604290737127,2020-11-02 04:18:57.127000+00:00,binance
35149,listing,"Introducing Hard Protocol (HARD) on Binance Launchpool! Farm HARD By Staking BNB, BUSD & KAVA Tokens",1604304004211,2020-11-02 08:00:04.211000+00:00,binance
35198,listing,Binance Futures Will Launch BNBUSD and DOTUSD Quarterly 1225 & 0326 Coin-Margined Contracts With Up to 75x Leverage,1604377548914,2020-11-03 04:25:48.914000+00:00,binance
35233,listing,Binance Will List Keep3rV1 (KP3R) in the Innovation Zone,1604394769711,2020-11-03 09:12:49.711000+00:00,binance
35237,listing,New BUSD Trading Pairs and DUSK Enabled on Binance Isolated Margin,1604397600701,2020-11-03 10:00:00.701000+00:00,binance
35346,listing,Binance Completes the Axie Infinity Lottery Draw and Will Open Trading For AXS,1604476802330,2020-11-04 08:00:02.330000+00:00,binance
35396,listing,AVA Enabled on Binance Isolated Margin,1604555329548,2020-11-05 05:48:49.548000+00:00,binance
35458,listing,Binance Will Delist POE & TNT on 2020/11/12,1604582871655,2020-11-05 13:27:51.655000+00:00,binance
35515,listing,Binance Adds BNB/BRL & LTC/EUR Trading Pairs,1604631996305,2020-11-06 03:06:36.305000+00:00,binance
35639,listing,Binance Lists renBTC (RENBTC),1604916002469,2020-11-09 10:00:02.469000+00:00,binance
35643,listing,Notice of Removal of Trading Pairs - 2020/11/10,1604920034802,2020-11-09 11:07:14.802000+00:00,binance
35694,listing,"Binance Adds DNT/BUSD, DNT/USDT, ADA/EUR & LTC/NGN Trading Pairs",1604981788775,2020-11-10 04:16:28.775000+00:00,binance
35697,listing,Binance Will List Axie Infinity's Small Love Potion (SLP) in the Innovation Zone,1604988001778,2020-11-10 06:00:01.778000+00:00,binance
35704,listing,"CVC, DNT, ALPHA & INJ Enabled on Binance Isolated Margin",1604991605749,2020-11-10 07:00:05.749000+00:00,binance
35707,listing,Binance Futures Will Launch CVC USDT-Margined Perpetual Contract With Up to 50x Leverage,1604995205887,2020-11-10 08:00:05.887000+00:00,binance
35856,listing,"AXS, CTK, EUR, LOOM & UTK Enabled on Binance Isolated Margin",1605159499713,2020-11-12 05:38:19.713000+00:00,binance
35873,listing,Cross Margin Trading for AAVE Enabled on Binance,1605173007427,2020-11-12 09:23:27.427000+00:00,binance
35934,listing,"Introducing Unifi Protocol DAO (UNFI) on Binance Launchpool! Farm UNFI By Staking BNB, BUSD & ETH Tokens",1605254406792,2020-11-13 08:00:06.792000+00:00,binance
38153,listing,Binance Will List PowerPool (CVP) in the Innovation Zone,1605496040772,2020-11-16 03:07:20.772000+00:00,binance
38162,listing,Cross Margin Trading for COMP Enabled on Binance,1605499226376,2020-11-16 04:00:26.376000+00:00,binance
38165,listing,Notice of Removal of Trading Pairs - 2020/11/17,1605508441553,2020-11-16 06:34:01.553000+00:00,binance
38258,listing,Binance Futures Will Launch BEL USDT-Margined Perpetual Contracts With Up to 50x Leverage,1605583839993,2020-11-17 03:30:39.993000+00:00,binance
38274,listing,Binance Will List The Force Protocol (FOR) in the Innovation Zone,1605604976714,2020-11-17 09:22:56.714000+00:00,binance
38319,listing,Binance Will List Frontier (FRONT) in the Innovation Zone,1605675626815,2020-11-18 05:00:26.815000+00:00,binance
38322,listing,Binance Futures Will Launch CTK USDT-Margined Perpetual Contract With Up to 50x Leverage,1605680774434,2020-11-18 06:26:14.434000+00:00,binance
38325,listing,Margin Trading for EUR & BEL Enabled on Binance,1605683897626,2020-11-18 07:18:17.626000+00:00,binance
38361,listing,Bitcoin Cash (BCH) Hard Fork Complete. Binance Completes Distribution and Lists Bitcoin Cash ABC (BCHA) in the Innovation Zone,1605695893108,2020-11-18 10:38:13.108000+00:00,binance
38427,listing,"Binance Lists Oasis Network (ROSE), Deposits Are Now Open",1605764767210,2020-11-19 05:46:07.210000+00:00,binance
38432,listing,Binance Futures Will Launch AXS USDT-Margined Perpetual Contract With Up to 50x Leverage,1605771787032,2020-11-19 07:43:07.032000+00:00,binance
38769,listing,Binance Adds AVAX/TRY & BUSD/BRL Trading Pairs,1605841201619,2020-11-20 03:00:01.619000+00:00,binance
38867,listing,Binance Futures Will Launch ALPHA USDT-Margined Perpetual Contract With Up to 50x Leverage,1606100635049,2020-11-23 03:03:55.049000+00:00,binance
38917,listing,Binance Futures Will Launch ZEN USDT-Margined Perpetual Contract With Up to 50x Leverage,1606186801319,2020-11-24 03:00:01.319000+00:00,binance
38922,listing,Binance Options Will List LTC Contract,1606190424738,2020-11-24 04:00:24.738000+00:00,binance
38932,listing,"Binance Adds AVA/USDT, SYS/BUSD & XEM/USDT Trading Pairs",1606213586271,2020-11-24 10:26:26.271000+00:00,binance
39003,listing,"Binance Futures Will Relaunch BCHUSD Coin-Margined Perpetual Contracts, and Will Adjust the Maximum Leverage for the BCHUSDT Perpetual Contract",1606271903916,2020-11-25 02:38:23.916000+00:00,binance
39028,listing,"Margin Trading for WAVES, OMG, ROSE, MDT, ZEN & OXT Enabled on Binance",1606282481566,2020-11-25 05:34:41.566000+00:00,binance
39033,listing,Binance Will List Hegic (HEGIC) in the Innovation Zone,1606285800867,2020-11-25 06:30:00.867000+00:00,binance
39036,listing,Binance Will List AAVEUP & AAVEDOWN Binance Leveraged Tokens,1606289414541,2020-11-25 07:30:14.541000+00:00,binance
39123,listing,Binance Adds XRP/BRL & XRP/NGN Trading Pairs,1606359622812,2020-11-26 03:00:22.812000+00:00,binance
39129,listing,Binance Will List Prometeus (PROM) in the Innovation Zone,1606363202153,2020-11-26 04:00:02.153000+00:00,binance
39133,listing,XVG Enabled on Binance Isolated Margin,1606368324065,2020-11-26 05:25:24.065000+00:00,binance
39589,listing,"Binance Futures Will Launch XRP, LTC, EOS, BCH Quarterly 1225 & 0326 Coin-Margined Contracts with up to 75X Leverage",1606703214458,2020-11-30 02:26:54.458000+00:00,binance
39810,listing,"Margin Trading for ARDR, HARD, LTO & ZIL Enabled on Binance",1606724751286,2020-11-30 08:25:51.286000+00:00,binance
39813,listing,Binance Will List SKALE Network (SKL),1606726801106,2020-11-30 09:00:01.106000+00:00,binance
41334,listing,"Binance Adds BCH/EUR, YFI/EUR & ZIL/BIDR Trading Pairs",1606885566714,2020-12-02 05:06:06.714000+00:00,binance
41337,listing,ORN & UNFI Enabled on Binance Isolated Margin,1606889981318,2020-12-02 06:19:41.318000+00:00,binance
41443,listing,Notice of Removal of Trading Pairs - 2020/12/04,1606989643088,2020-12-03 10:00:43.088000+00:00,binance
41511,listing,Binance Will List sUSD (SUSD) in the Innovation Zone,1607068801034,2020-12-04 08:00:01.034000+00:00,binance
41514,listing,Cross Margin Trading for YFII Enabled on Binance,1607072401744,2020-12-04 09:00:01.744000+00:00,binance
41576,listing,Binance Will List COVER Protocol (COVER) in the Innovation Zone,1607133601049,2020-12-05 02:00:01.049000+00:00,binance
41605,listing,"Binance Futures Will Launch TRX, ETC, FIL Quarterly 1225 & 0326 Coin-Margined Contracts with up to 75X Leverage",1607310000751,2020-12-07 03:00:00.751000+00:00,binance
41611,listing,"Margin Trading for GBP, SUSHI & DCR Enabled on Binance",1607322533172,2020-12-07 06:28:53.172000+00:00,binance
41614,listing,Binance Futures Will Launch SKL USDT-Margined Perpetual Contracts with up to 50X Leverage,1607326051699,2020-12-07 07:27:31.699000+00:00,binance
41677,listing,Binance Will List Aavegotchi (GHST) in the Innovation Zone,1607395229877,2020-12-08 02:40:29.877000+00:00,binance
41718,listing,"Binance Leveraged Tokens (BLVT) Target Leverage Range Adjusted to 1.25x - 4x and Will List SUSHIUP, SUSHIDOWN, XLMUP and XLMDOWN",1607480299821,2020-12-09 02:18:19.821000+00:00,binance
41742,listing,"AKRO, MTL & SKL Enabled on Binance Isolated Margin",1607502940499,2020-12-09 08:35:40.499000+00:00,binance
41859,listing,"Binance Adds LINK/BRL, LINK/NGN, LTC/RUB, TRX/TRY & XLM/EUR Trading Pairs",1607655600640,2020-12-11 03:00:00.640000+00:00,binance
41889,listing,Binance Will List dForce (DF) in the Innovation Zone,1607669769789,2020-12-11 06:56:09.789000+00:00,binance
42108,listing,Cross Margin Trading for THETA Enabled on Binance,1607926652025,2020-12-14 06:17:32.025000+00:00,binance
42117,listing,"Introducing Juventus and Paris Saint-Germain Fan Tokens on Binance Launchpool! Farm JUV and PSG tokens By Staking BNB, BUSD & CHZ Tokens",1607943601266,2020-12-14 11:00:01.266000+00:00,binance
42322,listing,"Binance Will List The Graph (GRT), Deposits Are Now Open",1608227307573,2020-12-17 17:48:27.573000+00:00,binance
42337,listing,EGLD Enabled on Binance Isolated Margin,1608276777257,2020-12-18 07:32:57.257000+00:00,binance
42393,listing,Binance Futures Will Launch USDT-Margined GRT Perpetual Contracts with Up to 50X Leverage,1608347405109,2020-12-19 03:10:05.109000+00:00,binance
42402,listing,Updates to USDT-Margined GRT Perpetual Contract,1608389568286,2020-12-19 14:52:48.286000+00:00,binance
42410,listing,GRT Enabled on Binance Isolated Margin,1608437390175,2020-12-20 04:09:50.175000+00:00,binance
42422,listing,"Binance Futures Will Launch Coin-Margined EGLDUSD 50X Perpetual Contracts and USDT-Margined BNT, UNFI 50X Perpetual Contracts",1608516574354,2020-12-21 02:09:34.354000+00:00,binance
42428,listing,Binance Will List GRTUP & GRTDOWN Binance Leveraged Tokens,1608524202509,2020-12-21 04:16:42.509000+00:00,binance
42515,listing,"Introducing Reef Finance (REEF) on Binance Launchpool! Farm REEF By Staking BNB, BUSD & DOT Tokens",1608631200664,2020-12-22 10:00:00.664000+00:00,binance
42627,listing,"Introducing OG, Atlético de Madrid and AS Roma Fan Tokens on Binance Launchpool! Farm OG, ATM & ASR By Staking BNB, BUSD & CHZ Tokens",1608717601215,2020-12-23 10:00:01.215000+00:00,binance
42700,listing,Binance Will Delist AE & HC on 2020/12/30,1608790151737,2020-12-24 06:09:11.737000+00:00,binance
42762,listing,"Binance Will List 1inch (1INCH) in the Innovation Zone, Deposits Are Now Open",1608866258778,2020-12-25 03:17:38.778000+00:00,binance
42768,listing,Binance Futures Will List Coin-Margined Quarterly 0625 Futures Contracts,1608870863778,2020-12-25 04:34:23.778000+00:00,binance
42824,listing,Binance Will Enable Isolated Margin Trading and Launch a USDT-Margined Perpetual Contract with Up to 20X Leverage for 1INCH,1608886520264,2020-12-25 08:55:20.264000+00:00,binance
42865,listing,"Binance Futures Will Launch USDT-Margined BNT, UNFI, CHZ Perpetual Contracts with Up to 20X Leverage",1609123595309,2020-12-28 02:46:35.309000+00:00,binance
42881,listing,Binance Will Suspend COVER Trading and COVER Deposits,1609158817005,2020-12-28 12:33:37.005000+00:00,binance
42877,listing,Binance Launches Vanilla Options Trading Platform,1609160433913,2020-12-28 13:00:33.913000+00:00,binance
43019,listing,"Cross Margin Trading for ALGO, CRV Enabled on Binance",1609222558059,2020-12-29 06:15:58.059000+00:00,binance
43318,listing,Binance Will List Celo (CELO),1609817785204,2021-01-05 03:36:25.204000+00:00,binance
43433,listing,COVER Compensation Distribution Complete. Trading Will Resume at 2021/01/07 5:00 AM (UTC),1609991588805,2021-01-07 03:53:08.805000+00:00,binance
43436,listing,Binance Will List RSK Infrastructure Framework (RIF),1609995606106,2021-01-07 05:00:06.106000+00:00,binance
43448,listing,"Introducing Bitcoin Standard Hashrate Token (BTCST) on Binance Launchpool! Farm BTCST By Staking BNB, BUSD & BTC Tokens",1610013605490,2021-01-07 10:00:05.490000+00:00,binance
43653,listing,Binance Futures Launches BTCBUSD Perpetual Contracts,1610341124547,2021-01-11 04:58:44.547000+00:00,binance
43745,listing,PAXG Enabled on Binance Isolated Margin,1610443029074,2021-01-12 09:17:09.074000+00:00,binance
43785,listing,Notice of Removal of Trading Pairs - 2021/01/14,1610531263796,2021-01-13 09:47:43.796000+00:00,binance
44026,listing,Binance Futures Will Launch USDT-Margined AKRO Perpetual Contracts with Up to 20X Leverage,1611024137998,2021-01-19 02:42:17.998000+00:00,binance
44029,listing,Binance Will List TrueFi (TRU) in the Innovation Zone,1611028828709,2021-01-19 04:00:28.709000+00:00,binance
44047,listing,Binance Futures Launches DOTECO (Polkadot Ecosystem) Composite Index Perpetual Contract with Up to 20x Leverage,1611111588240,2021-01-20 02:59:48.240000+00:00,binance
44143,listing,"Binance Futures Will Launch USDT-Margined CHZ, INJ Perpetual Contracts with Up to 20X Leverage",1611196604753,2021-01-21 02:36:44.753000+00:00,binance
44158,listing,Binance Will List DeXe (DEXE) in the Innovation Zone,1611208812034,2021-01-21 06:00:12.034000+00:00,binance
44382,listing,"Binance Futures Will Launch USDT-Margined SAND, ANKR Perpetual Contracts with Up to 20X Leverage",1611550798162,2021-01-25 04:59:58.162000+00:00,binance
44387,listing,"Binance Adds USDC/BUSD, TUSD/BUSD & PAX/BUSD Trading Pairs with 0 Trading Fees ",1611561609617,2021-01-25 08:00:09.617000+00:00,binance
44601,listing,Binance Will List Nervos Network (CKB),1611644408452,2021-01-26 07:00:08.452000+00:00,binance
44785,listing,Binance Will List Trust Wallet Token (TWT) in the Innovation Zone,1611723606390,2021-01-27 05:00:06.390000+00:00,binance
44806,listing,Binance Adds BETH/ETH Trading Pair ,1611751682822,2021-01-27 12:48:02.822000+00:00,binance
44879,listing,Binance Futures Will Launch USDT-Margined LUNA Perpetual Contracts with Up to 20X Leverage,1611815345827,2021-01-28 06:29:05.827000+00:00,binance
44930,listing,"Introducing Litentry (LIT) on Binance Launchpool! Farm LIT By Staking BNB, BUSD & DOT Tokens",1611828005972,2021-01-28 10:00:05.972000+00:00,binance
44933,listing,Margin Trading for SNX & REEF Enabled on Binance,1611831860713,2021-01-28 11:04:20.713000+00:00,binance
45092,listing,Binance Futures: New Listings This Week,1612159481837,2021-02-01 06:04:41.837000+00:00,binance
45147,listing,Cross Margin Trading for DOGE Enabled on Binance,1612166643842,2021-02-01 08:04:03.842000+00:00,binance
45159,listing,Introducing the SafePal (SFP) Token Sale With a New Binance Launchpad Subscription Format!,1612186219153,2021-02-01 13:30:19.153000+00:00,binance
45325,listing,Binance Will List Prosper (PROS) in the Innovation Zone,1612328405006,2021-02-03 05:00:05.006000+00:00,binance
45333,listing,Updates to Maximum Leverage and Margin Tiers of Binance Futures Contracts,1612336389776,2021-02-03 07:13:09.776000+00:00,binance
45380,listing,Binance Will List Vai (VAI) in the Innovation Zone,1612410517494,2021-02-04 03:48:37.494000+00:00,binance
45588,listing,Subscription for the SafePal (SFP) Token Sale on Binance Launchpad Is Now Open,1612756808326,2021-02-08 04:00:08.326000+00:00,binance
45597,listing,Binance Completes the SafePal Subscription Launchpad and Will Open Trading for SFP,1612774804762,2021-02-08 09:00:04.762000+00:00,binance
45620,listing,LIT Enabled on Binance Isolated Margin,1612847706049,2021-02-09 05:15:06.049000+00:00,binance
46144,listing,"Binance Futures Will Launch USDT-Margined LIT, UNFI Perpetual Contracts with Up to 25X Leverage",1613620415263,2021-02-18 03:53:35.263000+00:00,binance
46147,listing,Binance Will List Frax Share (FXS) in the Innovation Zone,1613627404541,2021-02-18 05:50:04.541000+00:00,binance
46153,listing,"Introducing DODO (DODO) on Binance Launchpool! Farm DODO By Staking BNB, BETH & BUSD Tokens",1613642414540,2021-02-18 10:00:14.540000+00:00,binance
46156,listing,"Binance Adds FRONT/BTC, EASY/BTC, CAKE/BTC, CAKE/USDT &  BAKE/BUSD Trading Pairs",1613646906438,2021-02-18 11:15:06.438000+00:00,binance
46190,listing,Binance Will Move PancakeSwap (CAKE) & Venus (XVS) to the Main Trading Zone,1613709450598,2021-02-19 04:37:30.598000+00:00,binance
46209,listing,Binance Futures Will Launch USDT-Margined DODO Perpetual Contracts with Up to 25X Leverage,1613738602025,2021-02-19 12:43:22.025000+00:00,binance
46293,listing,"Binance Futures Will Launch USDT-Margined REEF, RVN and SFP Perpetual Contracts with Up to 25X Leverage",1613962969237,2021-02-22 03:02:49.237000+00:00,binance
46326,listing,"CAKE, DODO and GLM Enabled on Binance Isolated Margin",1613979783998,2021-02-22 07:43:03.998000+00:00,binance
46356,listing,Binance Will List UniLend (UFT) in the Innovation Zone,1614058209014,2021-02-23 05:30:09.014000+00:00,binance
46359,listing,"Binance Will Add BUSD Trading Pairs for 1INCH, BAND, GRT, IOST, OMG and REEF",1614063614208,2021-02-23 07:00:14.208000+00:00,binance
46467,listing,Binance Will List AC Milan Fan Token (ACM). Purchase ACM Tokens with BNB at a 25% Discount Prior to Trading Using the Launchpad Subscription Format!,1614139268504,2021-02-24 04:01:08.504000+00:00,binance
46479,listing,Binance Completes the AC Milan Fan Token Discount Sale and Will Open Trading for ACM,1614157209888,2021-02-24 09:00:09.888000+00:00,binance
46485,listing,"Margin Trading for AION, BAKE, BQX, DENT, HOT, KEY, MFT, NPXS, SUN & SXP Enabled on Binance",1614161330192,2021-02-24 10:08:50.192000+00:00,binance
46599,listing,Binance Will List Phala Network (PHA) in the Innovation Zone,1614231014413,2021-02-25 05:30:14.413000+00:00,binance
48265,listing,"Binance Adds DOT/GBP, ADA/TRY, ADA/BRL & ADA/GBP Trading Pairs",1614309158030,2021-02-26 03:12:38.030000+00:00,binance
48295,listing,Binance Will List Terra Virtua (TVK) in the Innovation Zone,1614317208119,2021-02-26 05:26:48.119000+00:00,binance
48301,listing,AVAX and EGLD Enabled on Binance Cross Margin,1614325425408,2021-02-26 07:43:45.408000+00:00,binance
48372,listing,"BTCST, CKB, GAS and XVS Enabled on Binance Isolated Margin",1614579563604,2021-03-01 06:19:23.604000+00:00,binance
48569,listing,Binance Will List Badger DAO (BADGER) in the Innovation Zone,1614661206073,2021-03-02 05:00:06.073000+00:00,binance
48593,listing,CTXC and FIO Enabled on Binance Isolated Margin,1614672553603,2021-03-02 08:09:13.603000+00:00,binance
48647,listing,Binance Futures Will Launch USDT-Margined XEM and BTCST Perpetual Contracts with Up to 25X Leverage,1614739258666,2021-03-03 02:40:58.666000+00:00,binance
48680,listing,Binance Will List Stafi (FIS) in the Innovation Zone,1614747605650,2021-03-03 05:00:05.650000+00:00,binance
48706,listing,Cross Margin Trading for 1INCH Enabled on Binance,1614838382846,2021-03-04 06:13:02.846000+00:00,binance
48817,listing,"Binance Futures Will Increase the Maximum Leverage of LIT, UNFI, DODO, REEF, RVN, SFP USDT-Margined Perpetual Contracts to 50X",1614926312906,2021-03-05 06:38:32.906000+00:00,binance
48820,listing,"Margin Trading for AERGO, FIRO & FTM Enabled on Binance",1614929688220,2021-03-05 07:34:48.220000+00:00,binance
48971,listing,Binance Will List MANTRA DAO (OM) in the Innovation Zone,1615183207818,2021-03-08 06:00:07.818000+00:00,binance
49006,listing,Binance Will List Marlin (POND) in the Innovation Zone,1615266009176,2021-03-09 05:00:09.176000+00:00,binance
49014,listing,Binance Futures Will Launch USDT-Margined COTI Perpetual Contracts with Up to 25X Leverage,1615276082978,2021-03-09 07:48:02.978000+00:00,binance
49021,listing,"AUDIO, DREP and PERL Enabled on Binance Isolated Margin",1615280733359,2021-03-09 09:05:33.359000+00:00,binance
49049,listing,"Introducing My Neighbor Alice (ALICE) on Binance Launchpool! Farm ALICE By Staking BNB, BUSD & CHR Tokens",1615284005807,2021-03-09 10:00:05.807000+00:00,binance
49078,listing,Binance Will List Dego Finance (DEGO) in the Innovation Zone. Purchase DEGO Tokens with BNB at a 40% Discount Prior to Trading Using the Launchpad Subscription Format!,1615348807223,2021-03-10 04:00:07.223000+00:00,binance
49098,listing,Binance Completes the Dego Finance Discount Sale and Will Open Trading for DEGO,1615366805557,2021-03-10 09:00:05.557000+00:00,binance
49268,listing,Binance Futures Will Launch USDT-Margined CHR Perpetual Contracts with Up to 25X Leverage,1615521115937,2021-03-12 03:51:55.937000+00:00,binance
49508,listing,Binance Futures: New Listings This Week (2021-03-15),1615784710147,2021-03-15 05:05:10.147000+00:00,binance
49585,listing,Binance Futures Will Launch USDT-Margined ALICE Perpetual Contracts with Up to 25X Leverage,1615860047320,2021-03-16 02:00:47.320000+00:00,binance
49618,listing,Binance Will List Beefy.Finance (BIFI) in the Innovation Zone,1615872604155,2021-03-16 05:30:04.155000+00:00,binance
49785,listing,Binance Futures Will Launch USDT-Margined ONE Perpetual Contracts with Up to 25X Leverage,1615965562517,2021-03-17 07:19:22.517000+00:00,binance
49842,listing,Binance Will List Linear (LINA) in the Innovation Zone. Purchase LINA Tokens with BNB at a 30% Discount Prior to Trading Using the Launchpad Subscription Format!,1616040009455,2021-03-18 04:00:09.455000+00:00,binance
49882,listing,"ALICE, DEGO, FRONT, MBL, OM & POND Enabled on Binance Isolated Margin",1616052780319,2021-03-18 07:33:00.319000+00:00,binance
49890,listing,Binance Completes the Linear Discount Sale and Will Open Trading for LINA,1616061614441,2021-03-18 10:00:14.441000+00:00,binance
49944,listing,Binance Futures Will Launch USDT-Margined LINA Perpetual Contracts with Up to 25X Leverage,1616126147058,2021-03-19 03:55:47.058000+00:00,binance
49947,listing,Binance Will List Perpetual Protocol (PERP) in the Innovation Zone,1616129630062,2021-03-19 04:53:50.062000+00:00,binance
50014,listing,Binance Futures: New Listings This Week (2021-03-22),1616387212343,2021-03-22 04:26:52.343000+00:00,binance
50020,listing,Binance Will List RAMP (RAMP) in the Innovation Zone,1616392572034,2021-03-22 05:56:12.034000+00:00,binance
50222,listing,"Margin Trading for CHZ, COS & LINA Enabled on Binance",1616486382049,2021-03-23 07:59:42.049000+00:00,binance
50259,listing,Binance Futures Will Launch USDT-Margined DENT Perpetual Contracts with Up to 25X Leverage,1616553690512,2021-03-24 02:41:30.512000+00:00,binance
50378,listing,Binance Will List SuperFarm (SUPER) in the Innovation Zone,1616657030236,2021-03-25 07:23:50.236000+00:00,binance
50506,listing,Binance Futures: New Listings This Week (2021-03-29),1616990139288,2021-03-29 03:55:39.288000+00:00,binance
50524,listing,Binance Will List Conflux Network (CFX),1617000842522,2021-03-29 06:54:02.522000+00:00,binance
50618,listing,Introducing the Tokocrypto (TKO) Token Sale on Binance Launchpad!,1617091205728,2021-03-30 08:00:05.728000+00:00,binance
50621,listing,Cross Margin Trading for CAKE Enabled on Binance,1617094371189,2021-03-30 08:52:51.189000+00:00,binance
50688,listing,Binance Futures Will Launch USDT-Margined MTL Perpetual Contracts with Up to 25X Leverage,1617164142982,2021-03-31 04:15:42.982000+00:00,binance
50787,listing,Binance Futures Will Launch USDT-Margined OGN Perpetual Contracts with Up to 25X Leverage,1617252390607,2021-04-01 04:46:30.607000+00:00,binance
50817,listing,Margin Trading for KAVA  & SUPER Enabled on Binance,1617265791036,2021-04-01 08:29:51.036000+00:00,binance
51000,listing,Binance Will List Ellipsis (EPS) and Auto (AUTO) in the Innovation Zone,1617339616037,2021-04-02 05:00:16.037000+00:00,binance
51128,listing,New Listings This Week and Updates on Leverage and Margin Tiers of Binance Futures Contracts,1617683269693,2021-04-06 04:27:49.693000+00:00,binance
51132,listing,Cross Margin Trading for BTT & KSM Enabled on Binance,1617692485387,2021-04-06 07:01:25.387000+00:00,binance
51135,listing,Introducing Alien Worlds (TLM) on Binance Launchpool! Farm TLM By Staking BNB & BUSD Tokens,1617696030765,2021-04-06 08:00:30.765000+00:00,binance
51244,listing,Subscription for the Tokocrypto (TKO) Token Sale on Binance Launchpad Is Now Open,1617768021096,2021-04-07 04:00:21.096000+00:00,binance
51267,listing,Binance Completes the Tokocrypto Subscription Launchpad and Will Open Trading for TKO,1617786003598,2021-04-07 09:00:03.598000+00:00,binance
51378,listing,BTCST & WIN Enabled on Binance Isolated Margin,1617865533934,2021-04-08 07:05:33.934000+00:00,binance
51544,listing,Binance Futures Will Launch USDT-Margined NKN Perpetual Contracts with Up to 25X Leverage,1617938822400,2021-04-09 03:27:02.400000+00:00,binance
51779,listing,Binance Futures: New Listings This Week (2021-04-12),1618201307793,2021-04-12 04:21:47.793000+00:00,binance
52049,listing,DREP & TKO Enabled on Binance Isolated Margin,1618302574562,2021-04-13 08:29:34.562000+00:00,binance
52306,listing,"Binance Adds BTG/BUSD, BTG/USDT &  HOT/BUSD Trading Pairs",1618541847616,2021-04-16 02:57:27.616000+00:00,binance
52504,listing,Binance Will List Mirror Protocol (MIR) in the Innovation Zone,1618821719989,2021-04-19 08:41:59.989000+00:00,binance
52660,listing,Binance Futures Will Launch USDT-Margined DGB Perpetual Contracts with Up to 25X Leverage,1618902207579,2021-04-20 07:03:27.579000+00:00,binance
52729,listing,Binance Will List FC Barcelona Fan Token (BAR) in the Innovation Zone. Purchase BAR Tokens with BNB at a 30% Discount Prior to Trading Using the Launchpad Subscription Format!,1618977613203,2021-04-21 04:00:13.203000+00:00,binance
52753,listing,Binance Completes the FC Barcelona Fan Token Discount Sale and Will Open Trading for BAR,1618995601241,2021-04-21 09:00:01.241000+00:00,binance
52757,listing,Margin Trading for SOL & PUNDIX Enabled on Binance,1619001923072,2021-04-21 10:45:23.072000+00:00,binance
53033,listing,Binance Will List Ampleforth Governance Token (FORTH),1619157884672,2021-04-23 06:04:44.672000+00:00,binance
53819,listing,TLM Enabled on Binance Isolated Margin,1619688640555,2021-04-29 09:30:40.555000+00:00,binance
54229,listing,BAKE & CFX Enabled on Binance Isolated Margin,1620374809439,2021-05-07 08:06:49.439000+00:00,binance
54352,listing,Binance Will List SHIBA INU (SHIB) in the Innovation Zone,1620632679878,2021-05-10 07:44:39.878000+00:00,binance
54373,listing,Binance Futures Will Launch USDT-Margined 1000SHIB Perpetual Contracts with Up to 25X Leverage,1620640950570,2021-05-10 10:02:30.570000+00:00,binance
54382,listing,Binance Will List Internet Computer (ICP),1620654774074,2021-05-10 13:52:54.074000+00:00,binance
54392,listing,Binance Will Open Trading for Internet Computer (ICP),1620687801414,2021-05-10 23:03:21.414000+00:00,binance
54394,listing,Binance Futures Will Launch USDT-Margined ICP Perpetual Contracts with Up to 25X Leverage,1620699465546,2021-05-11 02:17:45.546000+00:00,binance
54548,listing,"BTG, DEXE & SHIB Enabled on Binance Isolated Margin",1620736569039,2021-05-11 12:36:09.039000+00:00,binance
54572,listing,Binance Will List GYEN,1620781207102,2021-05-12 01:00:07.102000+00:00,binance
54866,listing,Binance Will List Arweave (AR),1620967012596,2021-05-14 04:36:52.596000+00:00,binance
55233,listing,Binance Futures Will Launch USDT-Margined BAKE Perpetual Contracts with Up to 25X Leverage,1621317562543,2021-05-18 05:59:22.543000+00:00,binance
55237,listing,ICP & STRAX Enabled on Binance Isolated Margin,1621322753432,2021-05-18 07:25:53.432000+00:00,binance
55403,listing,Binance Will List Polkastarter (POLS) in the Innovation Zone,1621396685822,2021-05-19 03:58:05.822000+00:00,binance
55646,listing,Binance Margin Interest Rate Updates & New Assets for Isolated Margin,1621587922309,2021-05-21 09:05:22.309000+00:00,binance
55726,listing,Binance Will List Mdex (MDX) in the Innovation Zone,1621835694835,2021-05-24 05:54:54.835000+00:00,binance
55785,listing,Binance Will List Mask Network (MASK),1621912203792,2021-05-25 03:10:03.792000+00:00,binance
55853,listing,"BURGER, MASK & MDX Enabled on Binance Isolated Margin",1622018112217,2021-05-26 08:35:12.217000+00:00,binance
56005,listing,Binance Will List Livepeer (LPT),1622167978377,2021-05-28 02:12:58.377000+00:00,binance
56355,listing,"Introducing Automata (ATA) on Binance Launchpool! Farm ATA By Staking BNB, BUSD & DOT Tokens",1622534406800,2021-06-01 08:00:06.800000+00:00,binance
56361,listing,Cross Margin Trading for TFUEL Enabled on Binance,1622537462272,2021-06-01 08:51:02.272000+00:00,binance
56600,listing,"BUSD Trading Pairs for 1INCH, AUDIO, CHZ, GRT, NEAR, OMG and ONE Enabled on Binance Isolated Margin",1622708884564,2021-06-03 08:28:04.564000+00:00,binance
56799,listing,Binance Will List NuCypher (NU),1622773625650,2021-06-04 02:27:05.650000+00:00,binance
56834,listing,Binance Adds 1 USDT Trading Pair & 9 BUSD Trading Pairs,1622788345848,2021-06-04 06:32:25.848000+00:00,binance
57210,listing,"ATA Asset & BUSD Trading Pairs for CKB, FIO, THETA, XVG Enabled on Binance Isolated Margin",1623148039126,2021-06-08 10:27:19.126000+00:00,binance
57377,listing,Binance Will List Gitcoin (GTC),1623306940686,2021-06-10 06:35:40.686000+00:00,binance
57539,listing,Binance Will List Tornado Cash (TORN),1623378723635,2021-06-11 02:32:03.635000+00:00,binance
57542,listing,"Binance Adds BAKE/BTC, COTI/BUSD, ETC/GBP, MATIC/TRY & SOL/GBP Trading Pairs",1623383538382,2021-06-11 03:52:18.382000+00:00,binance
57913,listing,Binance Will List Keep Network (KEEP),1623897290178,2021-06-17 02:34:50.178000+00:00,binance
57972,listing,"Binance Adds 3 Fiat Trading Pairs, 6 BUSD Trading Pairs and 1 BIDR Trading Pair",1623915447416,2021-06-17 07:37:27.416000+00:00,binance
58011,listing,"COCOS, IQ, PHA, PROM, TVK & TWT Enabled on Binance Isolated Margin",1623923050882,2021-06-17 09:44:10.882000+00:00,binance
58599,listing,Binance Will List Ethernity Chain (ERN) in the Innovation Zone,1624329492432,2021-06-22 02:38:12.432000+00:00,binance
58974,listing,Binance Will List Klaytn (KLAY),1624506135747,2021-06-24 03:42:15.747000+00:00,binance
59044,listing,Introducing Klaytn (KLAY) on Binance Launchpool! Farm KLAY by Staking BNB & BUSD Tokens,1624522383283,2021-06-24 08:13:03.283000+00:00,binance
60064,listing,"FOR, FXS, HNT, KLAY, LPT and PERP Listing on Isolated Margin, $1M Margin 0% Interest Vouchers Giveaway",1625227402142,2021-07-02 12:03:22.142000+00:00,binance
60082,listing,Binance Will List BarnBridge (BOND) and Enzyme  (MLN),1625450714845,2021-07-05 02:05:14.845000+00:00,binance
61395,listing,Introducing the Coin98 (C98) Token Sale on Binance Launchpad!,1626336001812,2021-07-15 08:00:01.812000+00:00,binance
61952,listing,Binance Will List QuickSwap (QUICK) in the Innovation Zone,1627012836770,2021-07-23 04:00:36.770000+00:00,binance
61972,listing,Subscription for the Coin98 (C98) Token Sale on Binance Launchpad Is Now Open,1627020004301,2021-07-23 06:00:04.301000+00:00,binance
62050,listing,"COVER, ERN & PHA Listing on Isolated Margin, $1M Margin Interest Free Vouchers Giveaway",1627036230993,2021-07-23 10:30:30.993000+00:00,binance
62067,listing,Binance Completes the Coin98 Subscription Launchpad and Will Open Trading for C98,1627038002567,2021-07-23 11:00:02.567000+00:00,binance
62811,listing,Binance Will List Clover Finance (CLV) and Quant (QNT),1627524104589,2021-07-29 02:01:44.589000+00:00,binance
62987,listing,Binance Will List Flow (FLOW),1627628415523,2021-07-30 07:00:15.523000+00:00,binance
63793,listing,Binance Will List Mina (MINA) and Raydium (RAY) in the Innovation Zone,1628560538741,2021-08-10 01:55:38.741000+00:00,binance
63898,listing,Binance Will List Alpaca Finance (ALPACA) and Harvest Finance (FARM) in the Innovation Zone,1628652647130,2021-08-11 03:30:47.130000+00:00,binance
64267,listing,"Binance Adds ORN/BUSD, QUICK/USDT & TLM/TRY Trading Pairs",1628848689299,2021-08-13 09:58:09.299000+00:00,binance
64712,listing,Binance Will List MOBOX (MBOX),1629341958170,2021-08-19 02:59:18.170000+00:00,binance
64731,listing,"Binance Adds FIS/BRL, FOR/USDT, GHST/USDT, REQ/USDT & TRU/RUB Trading Pairs",1629349369571,2021-08-19 05:02:49.571000+00:00,binance
64767,listing,"Introducing Mobox (MBOX) on Binance Launchpool! Farm MBOX by Staking BNB, MBOX and BUSD Tokens",1629360097631,2021-08-19 08:01:37.631000+00:00,binance
65011,listing,Binance Will List WAX (WAXP),1629685828439,2021-08-23 02:30:28.439000+00:00,binance
65099,listing,Binance Will List Tribe (TRIBE),1629770342734,2021-08-24 01:59:02.734000+00:00,binance
65724,listing,Binance Will List Gnosis (GNO),1630288892172,2021-08-30 02:01:32.172000+00:00,binance
66920,listing,Binance Adds ELF/USDT & POLY/BUSD Trading Pairs,1631067591218,2021-09-08 02:19:51.218000+00:00,binance
67211,listing,Binance Will List dYdX (DYDX) in the Innovation Zone,1631113186919,2021-09-08 14:59:46.919000+00:00,binance
67250,listing,"Binance Adds AXS/BIDR, ELF/BUSD, IDEX/USDT, POLY/USDT, SOL/BIDR & VIDT/USDT Trading Pairs",1631164134367,2021-09-09 05:08:54.367000+00:00,binance
67504,listing,Binance Will List Gala (GALA),1631498440769,2021-09-13 02:00:40.769000+00:00,binance
68079,listing,"Binance Adds ALGO/BIDR, CAKE/AUD, FTM/BIDR, KSM/AUD, SUN/BUSD & WAVES/RUB Trading Pairs",1631844949457,2021-09-17 02:15:49.457000+00:00,binance
68169,listing,Binance Futures Will Launch USDT-Margined GALA Perpetual Contracts with Up to 25X Leverage,1631864136832,2021-09-17 07:35:36.832000+00:00,binance
68220,listing,"Binance Adds GALA & XEC on Isolated Margin, BUSD Annual Interest Rate Starts at 6.20%!",1631872398624,2021-09-17 09:53:18.624000+00:00,binance
68309,listing,Binance Futures Will List USDⓈ-M BTC & ETH Quarterly 1231 Futures Contracts,1632190956054,2021-09-21 02:22:36.054000+00:00,binance
68375,listing,Binance Will List Illuvium (ILV),1632281198989,2021-09-22 03:26:38.989000+00:00,binance
68392,listing,Binance Adds REN/BUSD Trading Pair,1632285550667,2021-09-22 04:39:10.667000+00:00,binance
68411,listing,Binance Futures Will List Coin-Margined Quarterly 0325 Futures Contracts,1632298618652,2021-09-22 08:16:58.652000+00:00,binance
68557,listing,"CELR/BUSD & FTM/BUSD Pairs Enabled on Isolated Margin, BUSD Annual Interest Rate Starts at 6.20%!",1632378686178,2021-09-23 06:31:26.178000+00:00,binance
68640,listing,Binance Will List Yield Guild Games (YGG),1632448730277,2021-09-24 01:58:50.277000+00:00,binance
68675,listing,"Binance Adds ARPA/RUB, DF/USDT, FET/BUSD, LTC/UAH, SOL/USDC, STX/BUSD & SYS/USDT Trading Pairs",1632456387953,2021-09-24 04:06:27.953000+00:00,binance
68760,listing,Binance Futures Will Launch USDT-Margined CELO & AR Perpetual Contracts with Up to 25X Leverage,1632473600386,2021-09-24 08:53:20.386000+00:00,binance
69114,listing,Introducing the Beta Finance (BETA) Token Sale on Binance Launchpad!,1632909606825,2021-09-29 10:00:06.825000+00:00,binance
69161,listing,Binance Will List Bonfida (FIDA),1632968961908,2021-09-30 02:29:21.908000+00:00,binance
69219,listing,Bonfida (FIDA) Listing Postponed,1632978197990,2021-09-30 05:03:17.990000+00:00,binance
69237,listing,"Binance Adds ALICE/BIDR, ARPA/BUSD, AVAX/BIDR & LSK/BUSD​​ Trading Pairs",1632981865187,2021-09-30 06:04:25.187000+00:00,binance
69373,listing,Binance Will List Adventure Gold (AGLD) in the Innovation Zone,1633401482769,2021-10-05 02:38:02.769000+00:00,binance
69700,listing,Binance Will List Radicle (RAD),1633577062094,2021-10-07 03:24:22.094000+00:00,binance
69732,listing,"Binance Adds HIVE/BUSD, SHIB/AUD, STPT/BUSD & UNI/AUD​​ Trading Pairs",1633658116843,2021-10-08 01:55:16.843000+00:00,binance
69761,listing,Subscription for the Beta Finance (BETA) Token Sale on Binance Launchpad Is Now Open,1633672828838,2021-10-08 06:00:28.838000+00:00,binance
69826,listing,Binance Completes the Beta Finance Subscription Launchpad and Will Open Trading for BETA,1633690804150,2021-10-08 11:00:04.150000+00:00,binance
69844,listing,Binance Will List SuperRare (RARE),1633917838716,2021-10-11 02:03:58.716000+00:00,binance
69861,listing,Binance Futures Will Launch USDT-Margined KLAY Perpetual Contracts with Up to 25X Leverage,1633919423571,2021-10-11 02:30:23.571000+00:00,binance
70224,listing,Introducing the Lazio Fan Token (LAZIO) Token Sale on Binance Launchpad!,1634112024588,2021-10-13 08:00:24.588000+00:00,binance
70498,listing,"Binance Adds AVAX/AUD, AVAX/BRL, AXS/ETH, FTM/ETH, LUNA/AUD, SOL/ETH & TROY/BUSD Trading Pairs",1634271146459,2021-10-15 04:12:26.459000+00:00,binance
70643,listing,Binance Futures Will Launch USDT-Margined ARPA & NU Perpetual Contracts with Up to 25X Leverage,1634530840863,2021-10-18 04:20:40.863000+00:00,binance
71096,listing,"Binance Adds RAD & RARE on Isolated Margin, Stablecoins Annual Interest Rate Starts at 6.20%!",1634720608324,2021-10-20 09:03:28.324000+00:00,binance
71163,listing,Subscription for the Lazio Fan Token (LAZIO) Token Sale on Binance Launchpad Is Now Open,1634796016368,2021-10-21 06:00:16.368000+00:00,binance
71268,listing,Binance Completes the Lazio Fan Token Subscription Launchpad and Will Open Trading for LAZIO,1634814003632,2021-10-21 11:00:03.632000+00:00,binance
71304,listing,Binance Will List Tranchess (CHESS) in the Innovation Zone,1634870199802,2021-10-22 02:36:39.802000+00:00,binance
71321,listing,"Binance Adds FTM/AUD, FTM/BRL & SCRT/BUSD Trading Pairs",1634873400243,2021-10-22 03:30:00.243000+00:00,binance
71467,listing,Binance Futures Will Launch USDT-Margined CTSI Perpetual Contracts with Up to 25X Leverage,1635129503763,2021-10-25 02:38:23.763000+00:00,binance
71904,listing,"Binance Adds CHESS on Isolated Margin, Stablecoins Annual Interest Rate Starts at 6.20%!",1635406103372,2021-10-28 07:28:23.372000+00:00,binance
71918,listing,Introducing Mines of Dalarnia (DAR) on Binance Launchpool! Farm DAR By Staking BNB and BUSD,1635408006977,2021-10-28 08:00:06.977000+00:00,binance
71995,listing,"Binance Adds ADX/USDT, AUCTION/USDT, CELO/BUSD, FTM/RUB, NU/AUD, NU/RUB, REEF/BIDR & REEF/TRY Trading Pairs",1635479659606,2021-10-29 03:54:19.606000+00:00,binance
72200,listing,Binance Adds SHIB/DOGE Trading Pair,1635757608847,2021-11-01 09:06:48.847000+00:00,binance
72275,listing,Binance Futures Will Launch Coin-Margined FTM Perpetual Contracts with Up to 20X Leverage,1635827480263,2021-11-02 04:31:20.263000+00:00,binance
72633,listing,Binance Will List BinaryX (BNX) in the Innovation Zone,1636008945632,2021-11-04 06:55:45.632000+00:00,binance
72774,listing,"Binance Adds DOGE/BUSD Cross Margin & SHIB/DOGE Isolated Margin Pairs, Stablecoins Annual Interest Rate Starts at 6.20%!",1636027171346,2021-11-04 11:59:31.346000+00:00,binance
72789,listing,Binance Will List Rari Governance Token (RGT),1636078142923,2021-11-05 02:09:02.923000+00:00,binance
72806,listing,"Binance Adds ALGO/RUB, AUD/USDC, LAZIO/BUSD, LUNA/BIDR, MANA/TRY, OXT/BUSD & SHIB/UAH Trading Pairs",1636081921831,2021-11-05 03:12:01.831000+00:00,binance
72876,listing,Introducing the FC Porto Fan Token (PORTO) Token Sale on Binance Launchpad!,1636106405164,2021-11-05 10:00:05.164000+00:00,binance
72913,listing,"Binance Adds BETA & BNX on Isolated Margin, Stablecoins Annual Interest Rate Starts at 6.20%!",1636110492152,2021-11-05 11:08:12.152000+00:00,binance
72929,listing,Binance Will List Moonriver (MOVR),1636336753642,2021-11-08 01:59:13.642000+00:00,binance
72963,listing,Binance Futures Will Launch Coin-Margined SAND Perpetual Contracts with Up to 20X Leverage,1636358859333,2021-11-08 08:07:39.333000+00:00,binance
73109,listing,Binance Will List Manchester City Fan Token (CITY),1636509782964,2021-11-10 02:03:02.964000+00:00,binance
73129,listing,Binance Will List Ethereum Name Service (ENS),1636513929547,2021-11-10 03:12:09.547000+00:00,binance
73148,listing,Binance Futures Will Launch USDT-Margined LPT Perpetual Contracts with Up to 25X Leverage,1636515996878,2021-11-10 03:46:36.878000+00:00,binance
73211,listing,"Introducing Manchester City Fan Token (CITY) on Binance Launchpool! Farm CITY by Staking BNB, CHZ and BUSD Tokens",1636531203404,2021-11-10 08:00:03.404000+00:00,binance
73388,listing,"Binance Adds AXS, LRC, LUNA, MANA, SAND on Cross Margin, Stablecoins Annual Interest Rate Starts at 6.20%!",1636617663126,2021-11-11 08:01:03.126000+00:00,binance
73542,listing,"Binance Adds ANKR/BUSD, DOT/ETH, KP3R/USDT, MANA/BRL, MATIC/ETH, SAND/ETH, SAND/TRY & STORJ/BUSD Trading Pairs",1636697044730,2021-11-12 06:04:04.730000+00:00,binance
73657,listing,Binance Will List BENQI (QI),1636941505934,2021-11-15 01:58:25.934000+00:00,binance
73707,listing,"Introducing BENQI (QI) on Binance Launchpool! Farm QI by Staking BNB, AVAX and BUSD Tokens",1636963209206,2021-11-15 08:00:09.206000+00:00,binance
73752,listing,Subscription for the FC Porto Fan Token (PORTO) Token Sale on Binance Launchpad Is Now Open,1637042401205,2021-11-16 06:00:01.205000+00:00,binance
73791,listing,Binance Futures Will Launch Coin-Margined MANA Perpetual Contracts with Up to 20X Leverage,1637050961647,2021-11-16 08:22:41.647000+00:00,binance
73823,listing,Binance Completes the FC Porto Fan Token Subscription Launchpad and Will Open Trading for PORTO,1637056833713,2021-11-16 10:00:33.713000+00:00,binance
73903,listing,Binance Adds POWR/BUSD and POWR/USDT Trading Pairs,1637114415113,2021-11-17 02:00:15.113000+00:00,binance
74156,listing,"Binance Adds AVAX/ETH, CHR/ETH, FIS/BIDR, FIS/TRY, LRC/TRY & SLP/TRY Trading Pairs",1637287204499,2021-11-19 02:00:04.499000+00:00,binance
74175,listing,"Binance Adds ENS on Margin, Launches Interest Rate Promotion!",1637295303715,2021-11-19 04:15:03.715000+00:00,binance
74274,listing,Binance Adds GALA/ETH and VGX/USDT Trading Pairs,1637546417892,2021-11-22 02:00:17.892000+00:00,binance
74376,listing,Binance Will List JasmyCoin (JASMY),1637567982715,2021-11-22 07:59:42.715000+00:00,binance
74685,listing,Binance Will List Amp (AMP) and PlayDapp (PLA),1637632759255,2021-11-23 01:59:19.255000+00:00,binance
75118,listing,Binance Will List Vulcan Forged PYR (PYR),1637898301794,2021-11-26 03:45:01.794000+00:00,binance
75194,listing,Introducing Santos FC Fan Token (SANTOS) on Binance Launchpool! Farm SANTOS By Staking BNB and BUSD,1637931603449,2021-11-26 13:00:03.449000+00:00,binance
75285,listing,Binance Will List Render (RNDR),1637992664388,2021-11-27 05:57:44.388000+00:00,binance
75304,listing,Binance Futures Will Launch USDT-Margined ENS Perpetual Contracts with Up to 25X Leverage,1638154059516,2021-11-29 02:47:39.516000+00:00,binance
75502,listing,Binance Will List Alchemix (ALCX),1638237546799,2021-11-30 01:59:06.799000+00:00,binance
75583,listing,Binance Futures Will Launch Coin-Margined GALA Perpetual Contracts with Up to 20X Leverage,1638269536878,2021-11-30 10:52:16.878000+00:00,binance
75817,listing,Binance Will List Merit Circle (MC),1638417768146,2021-12-02 04:02:48.146000+00:00,binance
75883,listing,"Introducing Merit Circle (MC) on Binance Launchpool! Farm MC by Staking BNB, MC and BUSD Tokens",1638432029520,2021-12-02 08:00:29.520000+00:00,binance
75925,listing,"Binance Adds BEL/TRY, COCOS/BUSD, DENT/TRY, ENJ/TRY, NEO/RUB, SAND/AUD & SLP/BIDR Trading Pairs",1638441647637,2021-12-02 10:40:47.637000+00:00,binance
76137,listing,"Binance Adds ANKR, DAR, ENJ, HIVE, ROSE, STPT on Cross Margin and AMP, DAR, RNDR on Isolated Margin, Stablecoins Annual Interest Rate Starts at 6.20%!",1638515384361,2021-12-03 07:09:44.361000+00:00,binance
76206,listing,Binance Will List Anyswap (ANY),1638583296089,2021-12-04 02:01:36.089000+00:00,binance
76282,listing,Introducing the Voxies (VOXEL) Token Sale on Binance Launchpad!,1638777606967,2021-12-06 08:00:06.967000+00:00,binance
76343,listing,Binance Futures Will Launch Coin-Margined MATIC Perpetual Contracts with Up to 20X Leverage,1638843308051,2021-12-07 02:15:08.051000+00:00,binance
76630,listing,Binance Will List Biconomy (BICO),1639014974947,2021-12-09 01:56:14.947000+00:00,binance
76711,listing,"Binance Adds ALICE/TRY, FXS/USDT, GALA/BRL, GALA/TRY, LUNA/TRY, REQ/BUSD & SAND/BRL Trading Pairs",1639034724814,2021-12-09 07:25:24.814000+00:00,binance
76733,listing,"Binance Adds CHR, IDEX, MBOX, ONE, POLS, SUPER on Cross Margin and ANY, JASMY, KP3R, PLA, POWR, PYR, VGX on Isolated Margin, Stablecoins Annual Interest Rate Starts at 6.20%!",1639038829628,2021-12-09 08:33:49.628000+00:00,binance
76772,listing,Binance Will List Flux (FLUX),1639101539909,2021-12-10 01:58:59.909000+00:00,binance
76920,listing,Binance Futures Will Launch Coin-Margined NEAR Perpetual Contracts with Up to 20X Leverage,1639377261977,2021-12-13 06:34:21.977000+00:00,binance
76976,listing,Subscription for the Voxies (VOXEL) Token Sale on Binance Launchpad Is Now Open,1639461608545,2021-12-14 06:00:08.545000+00:00,binance
76999,listing,Binance Completes the Voxies Subscription Launchpad and Will Open Trading for VOXEL,1639476004684,2021-12-14 10:00:04.684000+00:00,binance
77266,listing,"Binance Adds COS/BUSD, CTXC/BUSD, FTM/TRY, MANA/BNB, MINA/TRY & XTZ/TRY Trading Pairs",1639644993601,2021-12-16 08:56:33.601000+00:00,binance
77355,listing,Binance Will List Highstreet (HIGH),1639706209800,2021-12-17 01:56:49.800000+00:00,binance
77430,listing,Introducing Highstreet (HIGH) on Binance Launchpool! Farm HIGH by Staking BNB and BUSD Tokens,1639728025155,2021-12-17 08:00:25.155000+00:00,binance
77611,listing,"Binance Adds ANT, CLV, MDT, MIR, NEAR & WAXP on Cross Margin and ALCX, BICO & ELF on Isolated Margin",1639971696134,2021-12-20 03:41:36.134000+00:00,binance
77660,listing,Binance Futures Will Launch Coin-Margined ATOM Perpetual Contracts with Up to 20X Leverage,1639981647404,2021-12-20 06:27:27.404000+00:00,binance
77753,listing,Binance Futures Will List USDⓈ-M BTC & ETH Quarterly 0325 Futures Contracts,1640063380867,2021-12-21 05:09:40.867000+00:00,binance
78029,listing,Binance Will List Convex Finance (CVX) and ConstitutionDAO (PEOPLE) in the Innovation Zone,1640224995780,2021-12-23 02:03:15.780000+00:00,binance
78171,listing,Binance Futures Will Launch USDT-Margined PEOPLE Perpetual Contracts with Up to 25X Leverage,1640253701765,2021-12-23 10:01:41.765000+00:00,binance
78187,listing,"Binance Adds COCOS/TRY, GXS/BNB, LINK/BNB, LUNA/ETH, MDT/BUSD & NULS/BUSD Trading Pairs",1640254400737,2021-12-23 10:13:20.737000+00:00,binance
78225,listing,Binance Will List Spell Token (SPELL) and TerraUSD (UST),1640311102391,2021-12-24 01:58:22.391000+00:00,binance
78263,listing,Binance Futures Will Launch USDT-Margined ANT Perpetual Contracts with Up to 25X Leverage,1640316664860,2021-12-24 03:31:04.860000+00:00,binance
78345,listing,"Binance Adds BNX, KEEP, KLAY, MINA, TRIBE on Cross Margin and FLUX, PEOPLE, REQ, SUN, VOXEL on Isolated Margin",1640339764028,2021-12-24 09:56:04.028000+00:00,binance
78427,listing,Binance Futures Will Launch Coin-Margined AAVE Perpetual Contracts with Up to 20X Leverage,1640593583258,2021-12-27 08:26:23.258000+00:00,binance
78447,listing,Binance Will List JOE (JOE),1640667410829,2021-12-28 04:56:50.829000+00:00,binance
78545,listing,Binance Futures Will List Coin-Margined Quarterly 0624 Futures Contracts,1640774363591,2021-12-29 10:39:23.591000+00:00,binance
78561,listing,Binance Futures Will Launch USDT-Margined ROSE Perpetual Contracts with Up to 25X Leverage,1640775587721,2021-12-29 10:59:47.721000+00:00,binance
78736,listing,"Binance Adds AGLD, AUDIO, BICO, GTC, JASMY, LPT, QUICK, RNDR on Cross Margin and HIGH, MC, OOKI, SPELL on Isolated Margin",1640942011029,2021-12-31 09:13:31.029000+00:00,binance
78808,listing,"Binance Adds ATOM/ETH, DUSK/BUSD, EGLD/ETH, ICP/ETH, LUNA/BRL, LUNA/UST, NEAR/ETH, ROSE/BNB & VOXEL/ETH Trading Pairs",1641283240624,2022-01-04 08:00:40.624000+00:00,binance
78831,listing,Binance Futures Will Launch Coin-Margined CRV Perpetual Contracts with Up to 20X Leverage,1641351895874,2022-01-05 03:04:55.874000+00:00,binance
79045,listing,Binance Futures Will Launch USDT-Margined DUSK Perpetual Contracts with Up to 25X Leverage,1641443265141,2022-01-06 04:27:45.141000+00:00,binance
79221,listing,"Binance Adds ALICE/BNB, ATOM/TRY, ETH/UST, GALA/AUD, LRC/BNB, ONE/ETH & OOKI/BNB Trading Pairs",1641519695671,2022-01-07 01:41:35.671000+00:00,binance
79339,listing,"Binance Adds CTXC, DUSK, GXS, HOT, LINA, SFP on Cross Margin and AUTO, CTXC, CVP, CVX, LSK, VIDT on Isolated Margin",1641555425450,2022-01-07 11:37:05.450000+00:00,binance
79380,listing,Binance Will List Alchemy Pay (ACH) and Immutable X (IMX),1641794176091,2022-01-10 05:56:16.091000+00:00,binance
79434,listing,Binance Futures Will Launch Coin-Margined AXS Perpetual Contracts with Up to 20X Leverage,1641868441223,2022-01-11 02:34:01.223000+00:00,binance
79469,listing,Binance Will List Glimmer (GLMR),1641881720254,2022-01-11 06:15:20.254000+00:00,binance
79506,listing,Introducing the League of Kingdoms (LOKA) Token Sale on Binance Launchpad!,1641888006553,2022-01-11 08:00:06.553000+00:00,binance
79694,listing,"Binance Adds ATOM/BIDR, DYDX/ETH, FARM/ETH, FOR/BNB, ICP/TRY, JASMY/ETH, LINA/BNB, OOKI/ETH, ROSE/ETH, UMA/BUSD, UNI/ETH & XTZ/ETH Trading Pairs",1642050594643,2022-01-13 05:09:54.643000+00:00,binance
80040,listing,Binance Futures Will Launch Coin-Margined ROSE Perpetual Contracts with Up to 20X Leverage,1642391169511,2022-01-17 03:46:09.511000+00:00,binance
80504,listing,Subscription for the League of Kingdoms (LOKA) Token Sale on Binance Launchpad Is Now Open,1642658402458,2022-01-20 06:00:02.458000+00:00,binance
80596,listing,Binance Completes the League of Kingdoms Subscription Launchpad and Will Open Trading for LOKA,1642673590158,2022-01-20 10:13:10.158000+00:00,binance
80615,listing,"Binance Adds ATOM/BRL, BNB/UST, CRV/ETH, HIGH/BNB, NEAR/RUB, ROSE/TRY & SCRT/USDT Trading Pairs",1642676236813,2022-01-20 10:57:16.813000+00:00,binance
80692,listing,"Binance Adds CELO, COTI, FLUX, HBAR, ICX, POND, YGG on Cross Margin and BTC/USDC, CELO/BUSD, ETH/USDC, FTM/ETH, LINK/ETH, LUNA/ETH, POWR/ETH, SAND/ETH, SOL/ETH, SYS/USDT, XMR/ETH on Isolated Margin",1642737998183,2022-01-21 04:06:38.183000+00:00,binance
80650,listing,Binance Will List API3 (API3),1642746484252,2022-01-21 06:28:04.252000+00:00,binance
80831,listing,Binance Will List Acala (ACA),1643076171074,2022-01-25 02:02:51.074000+00:00,binance
80890,listing,Binance Will List Anchor Protocol (ANC),1643086336145,2022-01-25 04:52:16.145000+00:00,binance
81024,listing,"Introducing Anchor Protocol (ANC) on Binance Launchpool! Farm ANC by Staking BNB, LUNA and BUSD Tokens",1643108575964,2022-01-25 11:02:55.964000+00:00,binance
81370,listing,"Binance Adds COS/TRY, KAVA/ETH, MC/BNB & ONE/TRY Trading Pairs",1643277946850,2022-01-27 10:05:46.850000+00:00,binance
81389,listing,Binance Adds BDOT/DOT Trading Pair,1643280904702,2022-01-27 10:55:04.702000+00:00,binance
81412,listing,"Binance Adds GLMR & SCRT on Isolated Margin, and BETA, DENT, POND, REEF, SLP & VOXEL on Cross Margin",1643336631304,2022-01-28 02:23:51.304000+00:00,binance
81768,listing,Binance Will List WOO Network (WOO),1644286833903,2022-02-08 02:20:33.903000+00:00,binance
81966,listing,"Binance Adds CELR/ETH, PEOPLE/BNB, SLP/BNB, SPELL/BNB, SPELL/TRY & TFUEL/BUSD Trading Pairs",1644392528863,2022-02-09 07:42:08.863000+00:00,binance
81986,listing,Binance Futures Will Launch USDT-Margined FLOW Perpetual Contracts with Up to 25X Leverage,1644393004206,2022-02-09 07:50:04.206000+00:00,binance
82060,listing,Binance Futures Will Launch USDT-Margined IMX Perpetual Contracts with Up to 25X Leverage,1644455657178,2022-02-10 01:14:17.178000+00:00,binance
82244,listing,Binance Futures Will Launch Coin-Margined XTZ Perpetual Contracts with Up to 20X Leverage,1644555475667,2022-02-11 04:57:55.667000+00:00,binance
82258,listing,"Binance Adds BLZ, FET, MTL, PEOPLE on Cross Margin and ACA, IMX on Isolated Margin",1644556588358,2022-02-11 05:16:28.358000+00:00,binance
82639,listing,Introducing the Alpine F1® Team Fan Token (ALPINE) Token Sale on Binance Launchpad!,1644915618985,2022-02-15 09:00:18.985000+00:00,binance
82912,delisting,Notice of Removal of Trading Pairs - 2022-02-24,1645069676026,2022-02-17 03:47:56.026000+00:00,binance
82993,listing,"Binance Adds AXS/TRY, DAR/TRY, IDEX/BNB & NEAR/TRY Trading Pairs",1645082598542,2022-02-17 07:23:18.542000+00:00,binance
83027,listing,"Binance Adds PYR, QNT, SUN on Cross Margin and BTTC, LOKA on Isolated Margin",1645088631112,2022-02-17 09:03:51.112000+00:00,binance
83198,listing,Binance Futures Will Launch USDT-Margined API3 Perpetual Contracts with Up to 25X Leverage,1645417723129,2022-02-21 04:28:43.129000+00:00,binance
83215,listing,Subscription for the Alpine F1® Team Fan Token (ALPINE) Token Sale on Binance Launchpad Is Now Open,1645423204964,2022-02-21 06:00:04.964000+00:00,binance
83307,listing,Binance Completes the Alpine F1® Team Fan Token Subscription Launchpad and Will Open Trading for ALPINE,1645437604601,2022-02-21 10:00:04.601000+00:00,binance
83347,delisting,Notice of Removal of AXS/BIDR Trading Pair - 2022-02-25,1645495079687,2022-02-22 01:57:59.687000+00:00,binance
83555,listing,"Binance Adds API3/BNB, BETA/ETH, INJ/TRY & TLM/BNB Trading Pairs",1645683906459,2022-02-24 06:25:06.459000+00:00,binance
83629,listing,Binance Will List Astar (ASTR) in the Innovation Zone,1646033043037,2022-02-28 07:24:03.037000+00:00,binance
83759,delisting,Notice of Removal of Trading Pairs - 2022-03-03,1646103749930,2022-03-01 03:02:29.930000+00:00,binance
83779,delisting,"Binance Will Delist BCD, CND, MTH, NCASH and YOYO on 2022-03-08",1646107170632,2022-03-01 03:59:30.632000+00:00,binance
83872,listing,Introducing the STEPN (GMT) Token Sale on Binance Launchpad!,1646125235487,2022-03-01 09:00:35.487000+00:00,binance
83933,listing,"Binance Adds HNT, KEY, PAXG, RARE, SKL, WAN on Cross Margin and ANC, API3, JOE, WOO on Isolated Margin",1646200103010,2022-03-02 05:48:23.010000+00:00,binance
84052,listing,"Binance Adds API3/TRY, GLMR/BNB, MBOX/TRY & PAXG/BUSD Trading Pairs",1646302517727,2022-03-03 10:15:17.727000+00:00,binance
84192,listing,Binance Futures Will Launch USDT-Margined ANC Perpetual Contracts with Up to 25X Leverage,1646632541556,2022-03-07 05:55:41.556000+00:00,binance
84317,delisting,Notice of Removal of Trading Pairs - 2022-03-10,1646705386426,2022-03-08 02:09:46.426000+00:00,binance
84403,listing,Subscription for the STEPN (GMT) Token Sale on Binance Launchpad Is Now Open,1646805604495,2022-03-09 06:00:04.495000+00:00,binance
84485,listing,Binance Completes the STEPN Subscription Launchpad and Will Open Trading for GMT,1646820132231,2022-03-09 10:02:12.231000+00:00,binance
84617,listing,"Binance Adds ANC/BNB, ATOM/EUR, GALA/EUR, KSM/ETH & UMA/TRY Trading Pairs",1646898099647,2022-03-10 07:41:39.647000+00:00,binance
84711,delisting,Notice of Removal of Trading Pairs - 2022-03-18,1646963927030,2022-03-11 01:58:47.030000+00:00,binance
84707,listing,Binance Will List Kadena (KDA),1646975827515,2022-03-11 05:17:07.515000+00:00,binance
84807,listing,Binance Futures Will Launch Coin-Margined ICX & ALGO Perpetual Contracts with Up to 20X Leverage,1646981244796,2022-03-11 06:47:24.796000+00:00,binance
84885,listing,Binance Futures Will Launch USDT-Margined GMT Perpetual Contracts with Up to 25X Leverage,1647231005908,2022-03-14 04:10:05.908000+00:00,binance
84989,listing,"Binance Adds CVC, FRONT, QI, RAD, TWT on Cross Margin and BIDR, T on Isolated Margin",1647314142148,2022-03-15 03:15:42.148000+00:00,binance
85903,listing,Binance Will List ApeCoin (APE),1647500570924,2022-03-17 07:02:50.924000+00:00,binance
85924,listing,Binance Futures Will Launch USDT-Margined APE Perpetual Contracts with Up to 25X Leverage,1647505204834,2022-03-17 08:20:04.834000+00:00,binance
85940,listing,"Binance Adds ALPINE/BUSD, LUNA/GBP, NEAR/EUR, TWT/TRY & WAVES/EUR Trading Pairs",1647509521054,2022-03-17 09:32:01.054000+00:00,binance
86101,listing,"Binance Adds APE/EUR, APE/GBP & APE/TRY Trading Pairs",1647606279035,2022-03-18 12:24:39.035000+00:00,binance
86128,listing,Binance Futures Will List USDⓈ-M BTC & ETH Quarterly 0624 Futures Contracts,1647832210548,2022-03-21 03:10:10.548000+00:00,binance
86144,listing,Binance Futures Will List Coin-Margined Quarterly 0930 Futures Contracts,1647838867766,2022-03-21 05:01:07.766000+00:00,binance
86180,listing,"Binance Adds RUNE, GMT, APE on Cross Margin and GMT, APE on Isolated Margin",1647846007775,2022-03-21 07:00:07.775000+00:00,binance
85800,listing,Binance Will List Biswap (BSW) in the Innovation Zone,1647855364219,2022-03-21 09:36:04.219000+00:00,binance
86433,listing,Binance Futures Will Launch Coin-Margined RUNE Perpetual Contracts with Up to 20X Leverage,1647919845505,2022-03-22 03:30:45.505000+00:00,binance
86774,delisting,Notice of Removal of Trading Pairs - 2022-04-01,1648107904072,2022-03-24 07:45:04.072000+00:00,binance
86813,listing,"Binance Adds APE/BNB, GMT/BRL, GMT/ETH, JASMY/TRY & SANTOS/BUSD Trading Pairs",1648113330490,2022-03-24 09:15:30.490000+00:00,binance
86893,listing,Binance Futures Will Launch Coin-Margined APE Perpetual Contracts with Up to 20X Leverage,1648180806437,2022-03-25 04:00:06.437000+00:00,binance
87073,listing,Binance Futures Will Launch Coin-Margined VET Perpetual Contracts with Up to 20X Leverage,1648525543810,2022-03-29 03:45:43.810000+00:00,binance
87277,listing,Binance Futures Will Launch USDT-Margined BNX Perpetual Contracts with Up to 25X Leverage,1648697457847,2022-03-31 03:30:57.847000+00:00,binance
87401,listing,"Binance Adds APE/AUD, AVAX/GBP, BIFI/USDT, GMT/EUR, IMX/BNB & RUNE/ETH Trading Pairs",1648716386577,2022-03-31 08:46:26.577000+00:00,binance
87665,delisting,Binance Futures Will Delist 1000BTTC and YFII USDT-Margined Contracts,1649049710096,2022-04-04 05:21:50.096000+00:00,binance
87740,delisting,"Binance Will Delist HEGIC, RENBTC and SUSD on 2022-04-11",1649066280853,2022-04-04 09:58:00.853000+00:00,binance
87979,listing,Binance Futures Will Launch Coin-Margined ZIL Perpetual Contracts with Up to 20X Leverage,1649213104218,2022-04-06 02:45:04.218000+00:00,binance
88031,listing,"Binance Adds KDA, MBL on Cross Margin and KDA, IMX on Isolated Margin, Delisting HEGIC/BUSD Isolated Margin Pair",1649223613714,2022-04-06 05:40:13.714000+00:00,binance
88201,listing,Binance Futures Will Launch USDT-Margined WOO Perpetual Contracts with Up to 25X Leverage,1649304062794,2022-04-07 04:01:02.794000+00:00,binance
88331,listing,"Binance Adds APE/ETH, BSW/ETH, FIL/TRY, FTM/EUR, GMT/GBP & ZIL/TRY Trading Pairs",1649314808507,2022-04-07 07:00:08.507000+00:00,binance
88382,delisting,"Binance to Delist and Cease Redemption for XTZUP, XTZDOWN, LTCUP & LTCDOWN Leveraged Tokens (2022-04-07)",1649322306941,2022-04-07 09:05:06.941000+00:00,binance
88805,listing,Binance Futures Will Launch Coin-Margined KNC Perpetual Contracts and USDT-Margined FTT Perpetual Contracts,1649728802817,2022-04-12 02:00:02.817000+00:00,binance
88980,listing,Binance to Delist UST/BTC Trading Pair and Add BTC/UST Trading Pair,1649815802588,2022-04-13 02:10:02.588000+00:00,binance
89179,listing,Binance Adds GMT/TRY and WAVES/TRY Trading Pairs,1649919602737,2022-04-14 07:00:02.737000+00:00,binance
89356,delisting,Notice of Removal of Trading Pairs - 2022-04-21,1650333603777,2022-04-19 02:00:03.777000+00:00,binance
89377,listing,Binance Futures Will Launch USDT-Margined JASMY Perpetual Contracts and Coin-Margined XMR Perpetual Contracts,1650337201630,2022-04-19 03:00:01.630000+00:00,binance
89795,listing,"Binance Adds ASTR/BTC, ASTR/ETH, BSW/TRY, FTT/ETH, FUN/BNB, PORTO/BUSD, STEEM/USDT & ZIL/EUR Trading Pairs",1650533289444,2022-04-21 09:28:09.444000+00:00,binance
89816,listing,Binance Adds KNC on Cross Margin and ASTR on Isolated Margin,1650592802527,2022-04-22 02:00:02.527000+00:00,binance
89942,listing,Binance Futures Will Launch Coin-Margined GMT Perpetual Contracts with Up to 20X Leverage,1650875102314,2022-04-25 08:25:02.314000+00:00,binance
89986,delisting,Notice of Removal of Trading Pairs - 2022-04-28,1650938402498,2022-04-26 02:00:02.498000+00:00,binance
90213,listing,"Binance Adds APE/BRL, AUDIO/TRY, BTTC/BUSD, GMT/AUD & MBL/BUSD Trading Pairs",1651116006316,2022-04-28 03:20:06.316000+00:00,binance
90285,listing,"Introducing Project Galaxy (GAL) on Binance Launchpool! Farm GAL By Staking BNB, BUSD and CAKE",1651132804681,2022-04-28 08:00:04.681000+00:00,binance
90345,listing,Binance Futures Will Launch USDT-Margined DAR Perpetual Contracts with Up to 25X Leverage,1651143335256,2022-04-28 10:55:35.256000+00:00,binance
90387,listing,Binance Will List MobileCoin (MOB) and Nexo (NEXO),1651211915653,2022-04-29 05:58:35.653000+00:00,binance
90517,listing,Nexo (NEXO) Listing Postponed,1651225219368,2022-04-29 09:40:19.368000+00:00,binance
90701,listing,"Binance Adds API3, ASTR, CTK on Cross Margin and APE/BTC, APE/ETH Pairs on Isolated Margin",1651629610558,2022-05-04 02:00:10.558000+00:00,binance
90853,listing,Binance Futures Will Launch USDT-Margined GAL Perpetual Contracts with Up to 25X Leverage,1651730435679,2022-05-05 06:00:35.679000+00:00,binance
90885,listing,"Binance Adds JASMY/EUR, KNC/BNB & SHIB/GBP Trading Pairs",1651740822833,2022-05-05 08:53:42.833000+00:00,binance
90971,listing,Binance Adds GAL/EUR & GAL/TRY Trading Pairs,1651802402829,2022-05-06 02:00:02.829000+00:00,binance
91157,listing,"Binance Adds GAL, MOB, NEXO, SRM, STX, WOO on Cross Margin and GAL, MOB, NEXO on Isolated Margin",1651834547669,2022-05-06 10:55:47.669000+00:00,binance
91253,delisting,Binance Futures Will Delist FTTBUSD USDT-Margined Contract,1652070302529,2022-05-09 04:25:02.529000+00:00,binance
90740,listing,Binance Will List Lido DAO (LDO),1652079437647,2022-05-09 06:57:17.647000+00:00,binance
91346,delisting,Notice of Removal of Trading Pairs - 2022-05-12,1652148002556,2022-05-10 02:00:02.556000+00:00,binance
91590,delisting,Notice of Removal of Trading Pairs - 2022-05-19,1652320802285,2022-05-12 02:00:02.285000+00:00,binance
91613,listing,"Binance Adds ALGO/ETH, DAR/ETH, DAR/EUR & ENS/TRY Trading Pairs",1652328906828,2022-05-12 04:15:06.828000+00:00,binance
91633,delisting,Binance Futures to Delist Coin-Margined LUNA Perpetual Contracts and Update the Leverage & Margin Tiers for USDT-Margined LUNA Perpetual Contracts,1652331009976,2022-05-12 04:50:09.976000+00:00,binance
91693,delisting,Binance Margin to Delist LUNA on Cross Margin and Isolated Margin,1652353160901,2022-05-12 10:59:20.901000+00:00,binance
91745,delisting,Binance Futures Will Delist LUNA USDT-Margined Contract,1652367541271,2022-05-12 14:59:01.271000+00:00,binance
91781,delisting,Notice of Removal of Trading Pairs and Updates on Tick Size for Spot Trading Pair - 2022-05-13,1652401725571,2022-05-13 00:28:45.571000+00:00,binance
91819,delisting,Binance Futures Will Delist USDT-Margined ANC Perpetual Contract,1652408842500,2022-05-13 02:27:22.500000+00:00,binance
91834,listing,Binance Futures Will Launch BUSD-Margined AVAX Perpetual Contracts with Up to 20X Leverage,1652410967159,2022-05-13 03:02:47.159000+00:00,binance
91951,delisting,Binance Margin to Delist ANC and MIR on Cross Margin and Isolated Margin,1652424609208,2022-05-13 06:50:09.208000+00:00,binance
92104,delisting,Notice of Removal of Trading Pairs - 2022-05-14,1652447761674,2022-05-13 13:16:01.674000+00:00,binance
92180,listing,Binance Futures Will Cancel USDⓈ-M FTTBUSD Delisting and Launch Multiple USDⓈ-M  Perpetual Contracts,1652681469569,2022-05-16 06:11:09.569000+00:00,binance
92501,delisting,Binance Futures Will Delist AKRO and DODO USDT-Margined Contracts,1652871565804,2022-05-18 10:59:25.804000+00:00,binance
92520,delisting,Notice of Removal of Trading Pairs - 2022-05-26,1652925601555,2022-05-19 02:00:01.555000+00:00,binance
92564,listing,Binance Adds ALGO/TRY & GAL/ETH Trading Pairs,1652936402272,2022-05-19 05:00:02.272000+00:00,binance
92647,listing,Binance Futures Will Launch Multiple BUSD-Margined Perpetual Contracts with Up to 20X Leverage,1653022889240,2022-05-20 05:01:29.240000+00:00,binance
92663,listing,"Binance Adds DYDX, FTT, KAVA, VOXEL Cross Margin Pairs and TROY Isolated Margin Pair, Delisting YFI and YFII from Cross Margin",1653026404865,2022-05-20 06:00:04.865000+00:00,binance
92978,listing,Binance Futures Will Launch BUSD-Margined ANC Perpetual Contracts with Up to 20X Leverage,1653370515744,2022-05-24 05:35:15.744000+00:00,binance
93157,listing,"Binance Adds AKRO/BUSD, CVC/BUSD, DREP/BUSD, GAL/BRL, PUNDIX/BUSD, REI/BUSD, RUNE/TRY & STEEM/BUSD Trading Pairs",1653541201881,2022-05-26 05:00:01.881000+00:00,binance
93349,listing,Binance Will List Terra 2.0 (LUNA) in the Innovation Zone *LUNA (old) Renamed as LUNC,1653751029671,2022-05-28 15:17:09.671000+00:00,binance
93425,listing,Binance Futures Will Launch BUSD-Margined 1000LUNC Perpetual Contracts with Up to 20X Leverage,1653904367107,2022-05-30 09:52:47.107000+00:00,binance
93451,delisting,Notice of Removal of Trading Pairs - 2022-06-02,1653962401938,2022-05-31 02:00:01.938000+00:00,binance
93586,listing,Binance Futures Will Launch BUSD-Margined LUNA2 Perpetual Contracts with Up to 20X Leverage,1653998893173,2022-05-31 12:08:13.173000+00:00,binance
93602,listing,Binance Will List Optimism (OP),1654045214413,2022-06-01 01:00:14.413000+00:00,binance
93630,listing,Binance Futures Will Launch USDT-Margined OP Perpetual Contracts with Up to 25x Leverage,1654052402337,2022-06-01 03:00:02.337000+00:00,binance
93690,listing,"Binance Adds ASR/BUSD, KEY/BUSD & OG/BUSD Trading Pairs",1654061702170,2022-06-01 05:35:02.170000+00:00,binance
94026,delisting,Binance Futures Will Delist TLM and ICP USDT-Margined Contracts,1654165095432,2022-06-02 10:18:15.432000+00:00,binance
94151,listing,Binance Futures Will Launch Multiple BUSD-Margined Perpetual Contracts with Up to 20X Leverage,1654506312707,2022-06-06 09:05:12.707000+00:00,binance
94183,delisting,Notice of Removal of Trading Pairs - 2022-06-09,1654567202690,2022-06-07 02:00:02.690000+00:00,binance
94230,listing,"Binance Adds ANC, MBL, OP on Cross Margin and AKRO, ANC, EPX, LUNA, LUNC, MBL, OP on Isolated Margin",1654574402367,2022-06-07 04:00:02.367000+00:00,binance
94405,delisting,Notice of Removal of Trading Pairs - 2022-06-16,1654743904185,2022-06-09 03:05:04.185000+00:00,binance
94643,delisting,Binance Futures Will Delist USDT-Margined SC Perpetual Contract,1654855342935,2022-06-10 10:02:22.935000+00:00,binance
94973,listing,"Binance Adds BLZ/BUSD, FIRO/BUSD, NKN/BUSD, OP/BNB & OP/EUR Trading Pairs",1655370035533,2022-06-16 09:00:35.533000+00:00,binance
95038,listing,Binance Futures Will List USDⓈ-M BTC & ETH Quarterly 0930 Futures Contracts,1655448647564,2022-06-17 06:50:47.564000+00:00,binance
95156,listing,"Binance Adds HNT, PAXG Cross Margin Pairs and FIRO, PAXG on Isolated Margin",1655701234372,2022-06-20 05:00:34.372000+00:00,binance
95226,listing,Binance Futures Will List Coin-Margined Quarterly 1230 Futures Contracts,1655722619938,2022-06-20 10:56:59.938000+00:00,binance
95738,delisting,Binance Futures Will Delist CRV Coin-Margined Perpetual Contract,1655953224692,2022-06-23 03:00:24.692000+00:00,binance
95757,listing,"Binance Adds GTO/BUSD, SNX/ETH & WBTC/BUSD Trading Pairs",1655956814989,2022-06-23 04:00:14.989000+00:00,binance
96135,listing,Binance Futures Will Launch BUSD-Margined WAVES and LINK Perpetual Contracts with Up to 20X Leverage,1656390607721,2022-06-28 04:30:07.721000+00:00,binance
96375,listing,Binance Adds BEL/ETH & LIT/ETH Trading Pairs,1656554454834,2022-06-30 02:00:54.834000+00:00,binance
96418,delisting,Notice of Removal of Trading Pairs - 2022-07-07,1656561693806,2022-06-30 04:01:33.806000+00:00,binance
96661,delisting,"Binance Will Delist GRS, NAS and GO on 2022-07-08",1656658181710,2022-07-01 06:49:41.710000+00:00,binance
96898,listing,Binance Futures Will Launch BUSD-Margined SAND and LTC Perpetual Contracts with Up to 20X Leverage,1657001702382,2022-07-05 06:15:02.382000+00:00,binance
97298,delisting,"Binance Staking to Delist EZ, TRU, VITE, ANC & MIR",1657273103633,2022-07-08 09:38:23.633000+00:00,binance
97412,listing,Binance Futures Will Launch BUSD-Margined MATIC and CVX Perpetual Contracts with Up to 20X Leverage,1657595118657,2022-07-12 03:05:18.657000+00:00,binance
97721,listing,"Binance Adds BURGER/ETH, PEOPLE/ETH & UNFI/ETH Trading Pairs",1657779305217,2022-07-14 06:15:05.217000+00:00,binance
97891,listing,"Binance Futures Will Launch BUSD-Margined FIL, 1000SHIB and LEVER Perpetual Contracts with Up to 20X Leverage",1658139959893,2022-07-18 10:25:59.893000+00:00,binance
97906,listing,"Binance Adds LEVER, OGN, TVK on Cross Margin and LEVER on Isolated Margin",1658196601823,2022-07-19 02:10:01.823000+00:00,binance
98435,listing,"Binance Adds FIDA, LDO on Cross Margin and Isolated Margin, Lists New FLM, KMD Cross Margin Pairs",1658715003485,2022-07-25 02:10:03.485000+00:00,binance
98543,listing,Binance Futures Will Launch BUSD-Margined ETC Perpetual Contracts with Up to 20X Leverage,1658892911770,2022-07-27 03:35:11.770000+00:00,binance
98650,listing,Binance Adds BOND/ETH & STORJ/TRY Trading Pairs,1658973602242,2022-07-28 02:00:02.242000+00:00,binance
98698,listing,Binance Futures Will Launch BUSD-Margined LDO Perpetual Contracts with Up to 20X Leverage,1658986801678,2022-07-28 05:40:01.678000+00:00,binance
98808,listing,Binance Futures Will Launch Coin-Margined OP Perpetual Contracts with Up to 20X Leverage,1659067528329,2022-07-29 04:05:28.329000+00:00,binance
98827,listing,"Binance Adds BURGER/BUSD, BURGER/USDT Pairs on Cross Margin and ACH on Isolated Margin",1659081612543,2022-07-29 08:00:12.543000+00:00,binance
98920,listing,Binance Futures Will Launch Coin-Margined ENS Perpetual Contracts with Up to 20X Leverage,1659354924480,2022-08-01 11:55:24.480000+00:00,binance
99087,listing,Binance Futures Will Launch BUSD-Margined AUCTION and UNI Perpetual Contracts with Up to 20X Leverage,1659515415405,2022-08-03 08:30:15.405000+00:00,binance
99161,listing,Binance Adds ETC/TRY & OP/ETH Trading Pairs,1659585922534,2022-08-04 04:05:22.534000+00:00,binance
99156,delisting,"Binance Will Delist EZ, QSP, BRD, NXS, NAV, MDA and SPARTA on 2022-08-11",1659591197638,2022-08-04 05:33:17.638000+00:00,binance
99511,delisting,Binance Futures Will Delist USDT-Margined BTS Perpetual Contract,1660013959306,2022-08-09 02:59:19.306000+00:00,binance
99784,listing,Binance Adds FIL/ETH & WING/ETH Trading Pairs,1660195988145,2022-08-11 05:33:08.145000+00:00,binance
99904,listing,"Binance Adds AUCTION, PUNDIX on Cross Margin and PUNDIX/BUSD pair on Isolated Margin",1660284763048,2022-08-12 06:12:43.048000+00:00,binance
100063,listing,Binance Futures Will Launch USDT-Margined INJ Perpetual Contracts with Up to 25X Leverage,1660632311350,2022-08-16 06:45:11.350000+00:00,binance
100176,delisting,Binance Futures Will Delist USDT-Margined BLZ Perpetual Contract,1660730127229,2022-08-17 09:55:27.229000+00:00,binance
100211,listing,Binance Adds GLM/BUSD & SSV/BUSD Trading Pairs,1660789210665,2022-08-18 02:20:10.665000+00:00,binance
100259,listing,Binance Futures Will Launch Coin-Margined CHZ Perpetual Contracts with Up to 20X Leverage,1660791902706,2022-08-18 03:05:02.706000+00:00,binance
100349,listing,Binance Will List Stargate (STG) in the Innovation Zone,1660889501192,2022-08-19 06:11:41.192000+00:00,binance
100405,listing,"Binance Adds FIO, IMX & SPELL on Cross Margin",1660899498385,2022-08-19 08:58:18.385000+00:00,binance
100765,listing,"Binance Adds ANKR/TRY, ARK/BUSD, BETH/BUSD, LOOM/BUSD & SNM/BUSD Trading Pairs",1661392808979,2022-08-25 02:00:08.979000+00:00,binance
100808,listing,Binance Futures Will Launch USDT-Margined STG Perpetual Contracts with Up to 25X Leverage,1661401202619,2022-08-25 04:20:02.619000+00:00,binance
101217,listing,Binance Futures Will Launch USDⓈ-M Binance Football Fan Token Index Perpetual Contracts with Up to 25X Leverage,1661926810688,2022-08-31 06:20:10.688000+00:00,binance
101828,listing,Binance Futures Will Launch USDⓈ-M SPELL Perpetual Contracts with Up to 25X Leverage,1662430503943,2022-09-06 02:15:03.943000+00:00,binance
102082,listing,Binance Futures Will Launch USDⓈ-M 1000LUNC Perpetual Contracts with Up to 25X Leverage,1662614105529,2022-09-08 05:15:05.529000+00:00,binance
102120,listing,"Binance Adds AMB/BUSD, LUNC/USDT & PHB/BUSD Trading Pairs",1662622216988,2022-09-08 07:30:16.988000+00:00,binance
103391,listing,Binance Futures Will Launch USDⓈ-M LUNA2 Perpetual Contracts with Up to 25X Leverage,1662738959216,2022-09-09 15:55:59.216000+00:00,binance
103461,delisting,Notice of Removal of Trading Pairs - 2022-09-16,1662966001479,2022-09-12 07:00:01.479000+00:00,binance
103552,listing,Binance Futures Will Launch USDⓈ-M AMB Perpetual Contracts with Up to 20x Leverage,1663051505982,2022-09-13 06:45:05.982000+00:00,binance
103743,listing,"Binance Adds GAS/BUSD, LUNA/TRY, NEBL/BUSD, PROS/BUSD & VIB/BUSD Trading Pairs",1663210804396,2022-09-15 03:00:04.396000+00:00,binance
103793,listing,Binance Futures Will Launch USDⓈ-M PHB Perpetual Contracts with Up to 20x Leverage,1663217406520,2022-09-15 04:50:06.520000+00:00,binance
103814,delisting,Binance Margin Will Delist TCT on Isolated Margin,1663229120786,2022-09-15 08:05:20.786000+00:00,binance
121727,listing,Binance Futures Will Launch USDⓈ-M LDO and CVX Perpetual Contracts with Up to 25X Leverage,1663752003073,2022-09-21 09:20:03.073000+00:00,binance
121781,listing,Binance Futures Will List USDⓈ-M BTC & ETH Quarterly 1230 Futures Contracts,1663811727830,2022-09-22 01:55:27.830000+00:00,binance
122370,listing,Binance Futures Will Launch USDⓈ-M ICP Perpetual Contracts with Up to 25X Leverage,1664166019174,2022-09-26 04:20:19.174000+00:00,binance
122440,listing,Binance Futures Will List Coin-Margined Quarterly 0331 Futures Contracts,1664245833636,2022-09-27 02:30:33.636000+00:00,binance
122612,listing,Binance Adds USTC & More Pairs on Cross Margin and Isolated Margin,1664355903919,2022-09-28 09:05:03.919000+00:00,binance
122912,listing,"Binance Adds BTC/ZAR, ETH/ZAR & BUSD/ZAR Trading Pairs",1664544007890,2022-09-30 13:20:07.890000+00:00,binance
123079,listing,Binance Will List GMX (GMX) in the Innovation Zone,1664949629449,2022-10-05 06:00:29.449000+00:00,binance
123132,listing,"Binance Adds GMX, SNM & More Pairs on Cross Margin and Isolated Margin",1665021606928,2022-10-06 02:00:06.928000+00:00,binance
123171,delisting,Notice of Removal of Trading Pairs - 2022-10-14,1665028826479,2022-10-06 04:00:26.479000+00:00,binance
123235,listing,"Binance Adds LAZIO, PORTO & More Pairs on Cross Margin and Isolated Margin",1665129606497,2022-10-07 08:00:06.497000+00:00,binance
123513,listing,Binance Options Will Launch ETHUSDT Daily Options,1665550847924,2022-10-12 05:00:47.924000+00:00,binance
123533,listing,"Binance Adds PROS on Isolated Margin, With New FORTH, KP3R, STRAX, TROY Margin Pairs",1665561640127,2022-10-12 08:00:40.127000+00:00,binance
125621,listing,"Binance Adds AGIX/BUSD, NEBL/USDT & SNT/BUSD Trading Pairs",1665627609832,2022-10-13 02:20:09.832000+00:00,binance
125660,delisting,"Binance Will Delist DNT, NBS, BTG and TCT on 2022-10-24",1665633628184,2022-10-13 04:00:28.184000+00:00,binance
125902,listing,"Binance Adds New BSW, DODO, INJ, JST, MDX & MKR Cross Margin Pairs",1665735617174,2022-10-14 08:20:17.174000+00:00,binance
126001,listing,Binance Will List Aptos (APT),1666055040591,2022-10-18 01:04:00.591000+00:00,binance
126027,listing,"Binance Adds BTC/PLN, ETH/PLN & BUSD/PLN Trading Pairs",1666058405050,2022-10-18 02:00:05.050000+00:00,binance
126099,listing,Binance Futures Will Launch USDⓈ-M APT and QNT Perpetual Contracts with Up to 25X Leverage,1666072804317,2022-10-18 06:00:04.317000+00:00,binance
126220,listing,Binance Options Will Launch BTCUSDT Weekly Options,1666161303718,2022-10-19 06:35:03.718000+00:00,binance
126292,listing,Binance Adds APT/EUR & APT/TRY Trading Pairs,1666176308817,2022-10-19 10:45:08.817000+00:00,binance
126403,listing,Binance Adds POLYX & More Pairs on Cross Margin & Isolated Margin,1666335905097,2022-10-21 07:05:05.097000+00:00,binance
126466,listing,Binance Futures Will Launch USDⓈ-M APTBUSD and COIN-M APTUSD Perpetual Contracts,1666582622086,2022-10-24 03:37:02.086000+00:00,binance
138962,listing,Binance Adds APT/BRL & QKC/BUSD Trading Pairs,1666836006219,2022-10-27 02:00:06.219000+00:00,binance
139161,listing,Binance Will List Osmosis (OSMO) in the Innovation Zone,1666929652539,2022-10-28 04:00:52.539000+00:00,binance
139815,listing,Introducing Hashflow (HFT) on Binance Launchpool! Farm HFT by Staking BNB and BUSD,1667208614827,2022-10-31 09:30:14.827000+00:00,binance
140449,listing,Binance Options Will Launch BTCUSDT Monthly Options,1667351703733,2022-11-02 01:15:03.733000+00:00,binance
140491,listing,Binance Futures Will Launch USDⓈ-M Binance Bluebird Index Perpetual Contracts with Up to 25X Leverage,1667359506468,2022-11-02 03:25:06.468000+00:00,binance
141075,delisting,Notice of Removal of Trading Pairs - 2022-11-18,1667905204536,2022-11-08 11:00:04.536000+00:00,binance
141460,delisting,"Binance Will Delist FTT Margin Pairs, USDⓈ-M Futures Contracts and Binance Flexible Products",1668332838510,2022-11-13 09:47:18.510000+00:00,binance
141535,delisting,Notice of Removal of Trading Pairs - 2022-11-15,1668401726864,2022-11-14 04:55:26.864000+00:00,binance
141586,delisting,Binance Futures Will Delist RAYUSDT and SRMUSDT Perpetual Futures Contracts,1668409204880,2022-11-14 07:00:04.880000+00:00,binance
141881,delisting,Binance Will Delist SRM and RAY Margin Pairs and Binance Earn Products,1668650316774,2022-11-17 01:58:36.774000+00:00,binance
141905,listing,"Binance Adds ARPA/ETH, PHB/USDT & VITE/BUSD Trading Pairs",1668656405971,2022-11-17 03:40:05.971000+00:00,binance
142141,delisting,"Binance Margin Will Delist GTO, TRIBE & More Margin Pairs on Cross Margin & Isolated Margin",1668765625978,2022-11-18 10:00:25.978000+00:00,binance
142435,delisting,Binance Will Delist Multiple American-Style Daily Options,1669101669372,2022-11-22 07:21:09.372000+00:00,binance
142603,listing,Introducing the Hooked Protocol (HOOK) Token Sale on Binance Launchpad!,1669190410524,2022-11-23 08:00:10.524000+00:00,binance
142753,delisting,Notice of Removal of Trading Pairs - 2022-11-28,1669352405367,2022-11-25 05:00:05.367000+00:00,binance
142868,delisting,Binance Futures Will Delist and Update the Leverage & Margin Tiers of CVCUSDT Perpetual Futures Contract,1669606227750,2022-11-28 03:30:27.750000+00:00,binance
142904,delisting,Binance Margin Will Delist CVC & More Margin Pairs on Cross Margin & Isolated Margin,1669617922401,2022-11-28 06:45:22.401000+00:00,binance
143147,delisting,Binance Will Delist All American-Style Daily Options,1669779905243,2022-11-30 03:45:05.243000+00:00,binance
143460,listing,Subscription for the Hooked Protocol (HOOK) Token Sale on Binance Launchpad Is Now Open,1669874842118,2022-12-01 06:07:22.118000+00:00,binance
143569,listing,Binance Completes the Hooked Protocol Subscription Launchpad and Will Open Trading for HOOK,1669896165754,2022-12-01 12:02:45.754000+00:00,binance
144015,delisting,Binance Margin Will Delist ACA and More Margin Pairs on Cross Margin & Isolated Margin,1670325826754,2022-12-06 11:23:46.754000+00:00,binance
144080,delisting,Notice of Removal of Trading Pairs - 2022-12-09,1670382304520,2022-12-07 03:05:04.520000+00:00,binance
144376,delisting,"Binance Margin Will Delist BNX, TORN and More Margin Pairs on Cross Margin & Isolated Margin",1670497371715,2022-12-08 11:02:51.715000+00:00,binance
144731,listing,Binance Adds BUSD/RON Fiat Trading Pair,1670583609768,2022-12-09 11:00:09.768000+00:00,binance
144791,listing,Binance Will List Magic (MAGIC) in the Innovation Zone,1670818244836,2022-12-12 04:10:44.836000+00:00,binance
144903,delisting,"Notice on Updating Leverage & Margin Tiers, and Delisting USDⓈ-M ANCBUSD and AUCTIONBUSD Perpetual Contracts",1670912849285,2022-12-13 06:27:29.285000+00:00,binance
145048,delisting,"Binance Will Delist MITH, TRIBE, REP and BTCST on 2022-12-22",1671076804887,2022-12-15 04:00:04.887000+00:00,binance
145072,delisting,"Binance Margin Will Delist CHESS, CVP and More Tokens as Borrowable Assets From Cross Margin",1671085221101,2022-12-15 06:20:21.101000+00:00,binance
145225,listing,Binance Futures Will List USDⓈ-M BTC & ETH Quarterly 0331 Futures Contracts,1671425411128,2022-12-19 04:50:11.128000+00:00,binance
145369,delisting,Notice of Removal of Trading Pairs - 2022-12-27,1671614083784,2022-12-21 09:14:43.784000+00:00,binance
145518,delisting,"Binance Margin Will Delist FET, FORTH, KEY, MBOX, WIN as Borrowable Assets From Cross Margin and AION, BTS From Isolated Margin",1671710396824,2022-12-22 11:59:56.824000+00:00,binance
145561,delisting,"Binance Futures Will Delist COIN-M GALAUSD, ZILUSD and VETUSD Perpetual Contracts",1671768907038,2022-12-23 04:15:07.038000+00:00,binance
145660,listing,Binance Futures Will List Coin-Margined Quarterly 0630 Futures Contracts,1672118382125,2022-12-27 05:19:42.125000+00:00,binance
145676,delisting,Notice of Removal of Trading Pairs - 2022-12-30,1672193412555,2022-12-28 02:10:12.555000+00:00,binance
145827,delisting,"Binance Margin Will Delist ATA, DEXE, HIGH, STPT & WAN as Borrowable Assets From Cross Margin",1672290931854,2022-12-29 05:15:31.854000+00:00,binance
146073,delisting,Notice of Removal of Trading Pairs - 2023-01-06,1672801227284,2023-01-04 03:00:27.284000+00:00,binance
146267,delisting,"Binance Margin Will Delist AGLD, DATA, ERN, FIO & TROY as Borrowable Assets From Cross Margin and KEY From Isolated Margin",1672907126372,2023-01-05 08:25:26.372000+00:00,binance
146750,listing,Binance Futures Will Launch USDⓈ-M FET Perpetual Contracts with Up to 20X Leverage,1673589605774,2023-01-13 06:00:05.774000+00:00,binance
146721,delisting,"Binance Margin Will Delist FLM, KMD as Borrowable Assets From Cross Margin and COCOS, CREAM, SCRT From Isolated Margin",1673592309526,2023-01-13 06:45:09.526000+00:00,binance
147013,listing,Binance Futures Will Launch BUSD-Margined AGIX Perpetual Contracts,1673949611412,2023-01-17 10:00:11.412000+00:00,binance
147101,listing,Binance Will List Rocket Pool (RPL) in the Innovation Zone,1674014406526,2023-01-18 04:00:06.526000+00:00,binance
147191,listing,Binance Adds HIFI on Isolated Margin,1674025207791,2023-01-18 07:00:07.791000+00:00,binance
147243,delisting,Binance Will Delist BEAM on 2023-01-26,1674100806617,2023-01-19 04:00:06.617000+00:00,binance
147269,listing,Binance Futures Will Launch USDⓈ-M FXS Perpetual Contracts with Up to 20X Leverage,1674109257357,2023-01-19 06:20:57.357000+00:00,binance
147286,delisting,"Binance Margin Will Delist NEXO, POLS, QUICK as Borrowable Assets From Cross Margin and ALCX, NEXO, POLS, TOMO Trading Pairs From Isolated Margin",1674112226735,2023-01-19 07:10:26.735000+00:00,binance
147421,listing,Binance Futures Will Launch USDⓈ-M HOOK Perpetual Contracts with Up to 20X Leverage,1674188403181,2023-01-20 04:20:03.181000+00:00,binance
147554,listing,Binance Futures Will Launch USDⓈ-M MAGIC Perpetual Contracts with Up to 20X Leverage,1674462607907,2023-01-23 08:30:07.907000+00:00,binance
147620,delisting,Notice of Removal of Trading Pairs - 2023-01-27,1674623421071,2023-01-25 05:10:21.071000+00:00,binance
147716,listing,Binance Adds FET/TRY & PROS/USDT Trading Pairs,1674711008228,2023-01-26 05:30:08.228000+00:00,binance
147840,delisting,"Binance Margin Will Delist JST, SNM, SUN as Borrowable Assets From Cross Margin",1674799803614,2023-01-27 06:10:03.614000+00:00,binance
147887,listing,Binance Adds MAGIC on Cross Margin,1675065905612,2023-01-30 08:05:05.612000+00:00,binance
147935,listing,Binance Futures Will Launch USDⓈ-M Threshold (T) Perpetual Contracts with Up to 20X Leverage,1675155019173,2023-01-31 08:50:19.173000+00:00,binance
147986,listing,Binance Adds HOOK on Cross Margin & Isolated Margin,1675221005578,2023-02-01 03:10:05.578000+00:00,binance
148006,listing,Binance Options Will Launch BTCUSDT Daily Options,1675224903734,2023-02-01 04:15:03.734000+00:00,binance
148144,listing,Binance Futures Will Launch USDⓈ-M RNDR Perpetual Contracts with Up to 20X Leverage,1675313403726,2023-02-02 04:50:03.726000+00:00,binance
148181,listing,Binance Adds AGIX on Cross Margin & Isolated Margin,1675324827623,2023-02-02 08:00:27.623000+00:00,binance
148274,listing,Binance Futures Will Launch USDⓈ-M MINA and HIGH Perpetual Contracts with Up to 20X Leverage,1675408255005,2023-02-03 07:10:55.005000+00:00,binance
148397,delisting,Binance Futures to Suspend Trading on USDT-Margined MINA Perpetual Contract,1675653983239,2023-02-06 03:26:23.239000+00:00,binance
148599,delisting,"Binance Margin Will Delist FIO, GNO, IRIS, MLN, WTC Trading Pairs From Isolated Margin",1675749621021,2023-02-07 06:00:21.021000+00:00,binance
148665,listing,Binance Options Will List Additional BTCUSDT Monthly Options,1675774222333,2023-02-07 12:50:22.333000+00:00,binance
148721,delisting,Notice of Removal of Trading Pairs - 2023-02-10,1675830028030,2023-02-08 04:20:28.030000+00:00,binance
149201,listing,"Binance Adds HFT, OCEAN on Cross Margin and HFT on Isolated Margin",1676026803279,2023-02-10 11:00:03.279000+00:00,binance
149398,listing,Binance Futures Will Launch USDⓈ-M ASTR Perpetual Contracts with Up to 20X Leverage,1676282412174,2023-02-13 10:00:12.174000+00:00,binance
149644,listing,Binance Futures Will Launch USDⓈ-M AGIX and PHB Perpetual Contracts with Up to 20X Leverage,1676458803763,2023-02-15 11:00:03.763000+00:00,binance
149702,listing,"Binance Adds BTC/RON, AGIX/USDT & APT/ETH Trading Pairs",1676523606351,2023-02-16 05:00:06.351000+00:00,binance
149763,listing,Binance Futures Will Launch USDⓈ-M GMX Perpetual Contracts with Up to 20X Leverage,1676547005690,2023-02-16 11:30:05.690000+00:00,binance
149793,listing,Binance Adds CELR & FET on Cross Margin,1676608803962,2023-02-17 04:40:03.962000+00:00,binance
149840,listing,Binance Will List Gains Network (GNS) in the Innovation Zone,1676619260939,2023-02-17 07:34:20.939000+00:00,binance
149976,delisting,"Binance Will Delist AION, MIR, ANC on 2023-02-27",1676865785355,2023-02-20 04:03:05.355000+00:00,binance
150004,listing,Binance Futures Will Launch USDⓈ-M CFX Perpetual Contracts with Up to 20X Leverage,1676871342290,2023-02-20 05:35:42.290000+00:00,binance
150170,listing,Binance Futures Will Launch USDⓈ-M STX and COCOS Perpetual Contracts with Up to 20X Leverage,1676947519933,2023-02-21 02:45:19.933000+00:00,binance
150331,listing,Binance Futures Will Launch USDⓈ-M ACH Perpetual Contracts with Up to 20X Leverage,1677034817321,2023-02-22 03:00:17.321000+00:00,binance
150337,listing,Binance Will List Synapse (SYN) in the Innovation Zone,1677047419653,2023-02-22 06:30:19.653000+00:00,binance
150423,listing,Binance Futures to Relaunch USDⓈ-M BNX Perpetual Contracts with Up to 20X Leverage,1677060904236,2023-02-22 10:15:04.236000+00:00,binance
150439,delisting,"Binance Margin Will Delist LOOM, STRAX as Borrowable Assets From Cross Margin and OG From Isolated Margin",1677063603612,2023-02-22 11:00:03.612000+00:00,binance
150510,listing,Binance Adds SSV/USDT & VIB/USDT Trading Pairs,1677121205546,2023-02-23 03:00:05.546000+00:00,binance
150556,listing,Binance Futures Will Launch USDⓈ-M SSV Perpetual Contracts with Up to 20X Leverage,1677128401738,2023-02-23 05:00:01.738000+00:00,binance
150643,listing,Binance Adds COCOS & KEY on Cross Margin & Isolated Margin,1677207905240,2023-02-24 03:05:05.240000+00:00,binance
150801,listing,Binance Futures Will Launch USDⓈ-M CKB Perpetual Contracts with Up to 20X Leverage,1677492001679,2023-02-27 10:00:01.679000+00:00,binance
150818,delisting,Notice of Removal of Trading Pairs - 2023-03-02,1677549604336,2023-02-28 02:00:04.336000+00:00,binance
150891,listing,Binance Will List Liquity (LQTY) in the Innovation Zone,1677568518334,2023-02-28 07:15:18.334000+00:00,binance
151032,listing,"Binance Adds BNX, YFI & More Pairs on Cross Margin & Isolated Margin",1677650408402,2023-03-01 06:00:08.402000+00:00,binance
151154,listing,Binance Adds AMB/USDT & BETH/USDT Trading Pairs,1677722268163,2023-03-02 01:57:48.163000+00:00,binance
151435,listing,"Binance Adds LQTY, MDT, QUICK & More Pairs on Cross Margin & Isolated Margin",1677832668013,2023-03-03 08:37:48.013000+00:00,binance
151454,listing,Binance Futures Will Launch USDⓈ-M PERP Perpetual Contract with Up to 20X Leverage,1677834510093,2023-03-03 09:08:30.093000+00:00,binance
151501,listing,Binance Futures Will Launch USDⓈ-M TRU Perpetual Contract with Up to 20X Leverage,1678071991007,2023-03-06 03:06:31.007000+00:00,binance
151620,listing,Binance Options Will List Additional BTCUSDT Monthly Options,1678155635508,2023-03-07 02:20:35.508000+00:00,binance
151651,listing,"Binance Adds ALCX, DF & More Tokens on Cross Margin and DF on Isolated Margin",1678162095485,2023-03-07 04:08:15.485000+00:00,binance
151999,listing,"Binance Adds CFX/TRY, KEY/USDT, STX/TRY & USTC/USDT Trading Pairs",1678330804124,2023-03-09 03:00:04.124000+00:00,binance
152025,listing,Binance Futures Will Launch USDⓈ-M LQTY Perpetual Contract with Up to 20X Leverage,1678335861744,2023-03-09 04:24:21.744000+00:00,binance
152163,listing,Binance Adds TRU & More Pairs on Cross Margin,1678438808772,2023-03-10 09:00:08.772000+00:00,binance
152239,listing,"Binance Adds BNB/USDC, BTC/USDC & ETH/USDC Trading Pairs",1678592327732,2023-03-12 03:38:47.732000+00:00,binance
152267,listing,Binance Futures Will Launch USDⓈ-M USDC Perpetual Contract with Up to 30x Leverage,1678633204322,2023-03-12 15:00:04.322000+00:00,binance
152311,delisting,"Binance Futures Will Delist and Update the Leverage & Margin Tiers of USDⓈ-M CVXBUSD, GALBUSD and WAVESBUSD Perpetual Contracts",1678688117686,2023-03-13 06:15:17.686000+00:00,binance
152403,delisting,Notice of Removal of Trading Pairs - 2023-03-16,1678759204801,2023-03-14 02:00:04.801000+00:00,binance
152666,listing,Binance Options Will Launch BTCUSDT and ETHUSDT Quarterly Options,1678854008296,2023-03-15 04:20:08.296000+00:00,binance
152771,listing,Binance Adds USDC on Cross Margin & Isolated Margin,1678893817127,2023-03-15 15:23:37.127000+00:00,binance
152818,listing,"Binance Adds GAS/USDT, GLM/USDT, PROM/USDT, QKC/USDT & UFT/USDT Trading Pairs",1678935637964,2023-03-16 03:00:37.964000+00:00,binance
152972,listing,Introducing the Space ID (ID) Token Sale on Binance Launchpad!,1678976674804,2023-03-16 14:24:34.804000+00:00,binance
153024,delisting,Binance Will Delist HNT and WABI on 2023-03-24,1679036475726,2023-03-17 07:01:15.726000+00:00,binance
153227,listing,Binance Adds GNS and More Pairs on Cross Margin & Isolated Margin,1679281524335,2023-03-20 03:05:24.335000+00:00,binance
153278,delisting,Binance Futures Will Delist and Update the Leverage & Margin Tiers of USDⓈ-M ICPBUSD and LUNA2BUSD Perpetual Contracts,1679296806814,2023-03-20 07:20:06.814000+00:00,binance
153313,listing,Binance Will List Arbitrum (ARB),1679306561345,2023-03-20 10:02:41.345000+00:00,binance
153649,listing,Binance Options Will List Additional BTCUSDT and ETHUSDT Quarterly Options,1679384707132,2023-03-21 07:45:07.132000+00:00,binance
153794,listing,Binance Options Will Launch XRPUSDT Weekly Options,1679458517439,2023-03-22 04:15:17.439000+00:00,binance
153812,delisting,Notice of Removal of Trading Pairs - 2023-03-24,1679461803177,2023-03-22 05:10:03.177000+00:00,binance
153844,listing,Subscription for the Space ID (ID) Token Sale on Binance Launchpad Is Now Open,1679464827883,2023-03-22 06:00:27.883000+00:00,binance
153891,listing,Binance Completes the Space ID Subscription Launchpad and Will Open Trading for ID,1679479216978,2023-03-22 10:00:16.978000+00:00,binance
153939,listing,Binance Futures Will Launch USDⓈ-M ARB Perpetual Contract with Up to 50x Leverage,1679487302169,2023-03-22 12:15:02.169000+00:00,binance
153956,listing,Binance Futures Will List USDⓈ-M BTC & ETH Quarterly 0630 Futures Contracts,1679490004645,2023-03-22 13:00:04.645000+00:00,binance
154027,listing,"Binance Adds AGIX/TRY, LOOM/USDT & OAX/USDT Trading Pairs",1679541311099,2023-03-23 03:15:11.099000+00:00,binance
154057,listing,"Binance Adds JOE, RIF, RLC, SYN & More Pairs on Cross Margin & Isolated Margin",1679544604676,2023-03-23 04:10:04.676000+00:00,binance
154077,listing,Binance Futures Will Launch USDⓈ-M ID Perpetual Contract with Up to 20X Leverage,1679548252598,2023-03-23 05:10:52.598000+00:00,binance
154260,listing,Arbitrum (ARB) Listing Will Be Advanced,1679580874475,2023-03-23 14:14:34.475000+00:00,binance
154341,listing,"Binance Adds ARB/TUSD, ARB/EUR, ARB/TRY, ID/TUSD, ID/EUR & ID/TRY Trading Pairs",1679630876641,2023-03-24 04:07:56.641000+00:00,binance
154421,listing,"Binance Adds ARB, ID & More Pairs on Cross Margin & Isolated Margin",1679641503159,2023-03-24 07:05:03.159000+00:00,binance
154496,listing,"Auto-Invest Adds Arbitrum Portfolio and ARB, GMX, MAGIC, GNS Listings",1679652901479,2023-03-24 10:15:01.479000+00:00,binance
154573,delisting,"Binance Margin Will Delist NEBL as a Borrowable Asset From Cross Margin and DCR, NEBL, XVG From Isolated Margin",1679900403355,2023-03-27 07:00:03.355000+00:00,binance
154678,listing,"Binance Adds LDO/TUSD, MATIC/TUSD, OP/TUSD, SOL/TUSD, SSV/TUSD & XRP/TUSD Trading Pairs",1679968813126,2023-03-28 02:00:13.126000+00:00,binance
154814,listing,Binance Futures Will Launch USDⓈ-M JOE Perpetual Contract with Up to 20X Leverage,1679990405272,2023-03-28 08:00:05.272000+00:00,binance
154925,listing,Binance Options Will List Additional BTCUSDT and ETHUSDT Quarterly Options (2023-03-30),1680058218884,2023-03-29 02:50:18.884000+00:00,binance
154988,listing,Binance Adds New ARB & BNB Trading Pairs on Cross Margin & Isolated Margin,1680064512589,2023-03-29 04:35:12.589000+00:00,binance
155119,listing,Binance Futures Will List Coin-Margined Quarterly 0929 Futures Contracts,1680072005077,2023-03-29 06:40:05.077000+00:00,binance
155271,listing,"Binance Futures Will Launch USDT-Margined AMB, LEVER and TLM Perpetual Contracts with Up to 20X Leverage",1680087603472,2023-03-29 11:00:03.472000+00:00,binance
155416,listing,Binance Will List Radiant Capital (RDNT) in the Innovation Zone,1680146454557,2023-03-30 03:20:54.557000+00:00,binance
155770,listing,Introducing Radiant Capital (RDNT) on Binance Launchpool! Farm RDNT by Staking BNB and TUSD,1680162643161,2023-03-30 07:50:43.161000+00:00,binance
155876,listing,Binance Adds ARB & ID Trading Pairs on Spot Grid,1680176402521,2023-03-30 11:40:02.521000+00:00,binance
156002,listing,Binance Adds OAX & RDNT on Cross Margin & Isolated Margin,1680246611081,2023-03-31 07:10:11.081000+00:00,binance
156042,delisting,"Binance Futures Will Delist and Update the Leverage & Margin Tiers of USDⓈ-M AMBBUSD, LEVERBUSD and TLMBUSD Perpetual Contracts",1680253507407,2023-03-31 09:05:07.407000+00:00,binance
156323,listing,Binance Futures Will Launch USDⓈ-M RDNT Perpetual Contract with Up to 20X Leverage,1680593107593,2023-04-04 07:25:07.593000+00:00,binance
156339,delisting,Binance Margin Will Delist SNM From Isolated Margin,1680597004561,2023-04-04 08:30:04.561000+00:00,binance
156383,delisting,Notice of Removal of Trading Pairs - 2023-04-07,1680660330406,2023-04-05 02:05:30.406000+00:00,binance
156438,listing,"Binance Adds NKN, ZRX & More Pairs on Cross Margin",1680667216261,2023-04-05 04:00:16.261000+00:00,binance
156498,listing,Binance Futures Will Launch USDⓈ-M HFT Perpetual Contract with Up to 20X Leverage,1680682504912,2023-04-05 08:15:04.912000+00:00,binance
156629,delisting,"Binance Futures Will Delist and Update the Leverage & Margin Tiers of USDⓈ-M PHBBUSD, SANDBUSD and UNIBUSD Perpetual Contracts",1680776103366,2023-04-06 10:15:03.366000+00:00,binance
157033,delisting,"Binance Will Delist QLC, NEBL and AUTO on 2023-04-18",1681196422114,2023-04-11 07:00:22.114000+00:00,binance
157065,listing,Binance Adds ERN & STPT on Cross Margin and OG on Isolated Margin,1681200003896,2023-04-11 08:00:03.896000+00:00,binance
157152,listing,Binance Futures Will Launch USDⓈ-M XVS Perpetual Contract with Up to 20X Leverage,1681269904257,2023-04-12 03:25:04.257000+00:00,binance
157322,listing,"Binance Adds ARB/RUB, JOE/TRY, MAGIC/TRY & USDT/PLN Trading Pairs",1681358415728,2023-04-13 04:00:15.728000+00:00,binance
157511,delisting,"Binance Futures Will Delist and Update the Leverage & Margin Tiers of USDⓈ-M GMTBUSD, NEARBUSD and AVAXBUSD Perpetual Contracts",1681466509865,2023-04-14 10:01:49.865000+00:00,binance
157727,listing,Binance Adds MC & XVS on Cross Margin,1681718404971,2023-04-17 08:00:04.971000+00:00,binance
157781,listing,Binance Adds ACH/TRY & XVS/TRY Trading Pairs,1681786854071,2023-04-18 03:00:54.071000+00:00,binance
158150,listing,Binance Adds EGLD/RON & USDT/RON Trading Pairs,1681964111566,2023-04-20 04:15:11.566000+00:00,binance
158228,listing,Binance Adds CTSI on Cross Margin and USDP on Isolated Margin,1681971009404,2023-04-20 06:10:09.404000+00:00,binance
158336,listing,Introducing the Open Campus (EDU) Token Sale on Binance Launchpad!,1682063199330,2023-04-21 07:46:39.330000+00:00,binance
158450,delisting,Binance Futures Will Delist and Update the Leverage & Margin Tiers of USDⓈ-M ETCBUSD Perpetual Contract,1682071224769,2023-04-21 10:00:24.769000+00:00,binance
158597,listing,Binance Options Will Launch BNBUSDT Daily Options,1682312726534,2023-04-24 05:05:26.534000+00:00,binance
159130,listing,"Binance Adds DOGE/TUSD, USDT/ARS & WBTC/USDT Trading Pairs",1682564408683,2023-04-27 03:00:08.683000+00:00,binance
159218,delisting,"Binance to Delist and Cease Redemption for TRXUP, TRXDOWN, DOTUP, DOTDOWN, LINKUP & LINKDOWN Leveraged Tokens (2023-04-27)",1682577903228,2023-04-27 06:45:03.228000+00:00,binance
159292,listing,Binance Futures Will Launch USDⓈ-M BLUR Perpetual Contract with Up to 20X Leverage,1682598365486,2023-04-27 12:26:05.486000+00:00,binance
159542,listing,Subscription for the Open Campus (EDU) Token Sale on Binance Launchpad Is Now Open,1682661642588,2023-04-28 06:00:42.588000+00:00,binance
159573,listing,WBTC/USDT Trading Postponed,1682668311943,2023-04-28 07:51:51.943000+00:00,binance
159616,listing,Binance Completes the Open Campus Subscription Launchpad and Will Open Trading for EDU,1682676023060,2023-04-28 10:00:23.060000+00:00,binance
159643,delisting,Binance Futures Will Delist and Update the Leverage & Margin Tiers of USDⓈ-M FILBUSD Perpetual Contract,1682678706662,2023-04-28 10:45:06.662000+00:00,binance
159689,listing,Binance Futures Will Launch USDⓈ-M EDU Perpetual Contract with Up to 20X Leverage,1682693154008,2023-04-28 14:45:54.008000+00:00,binance
159735,listing,Binance Adds EDU/EUR & EDU/TRY Trading Pairs,1682820778986,2023-04-30 02:12:58.986000+00:00,binance
159763,listing,Introducing Sui (SUI) on Binance Launchpool! Farm SUI by Staking BNB and TUSD,1682870431481,2023-04-30 16:00:31.481000+00:00,binance
159816,delisting,Notice of Removal of Trading Pairs - 2023-05-04,1682996404484,2023-05-02 03:00:04.484000+00:00,binance
159924,listing,Binance Futures Will Launch USDⓈ-M IDEX Perpetual Contract With Up to 20X Leverage,1683009063503,2023-05-02 06:31:03.503000+00:00,binance
160049,listing,Binance Will Open Trading for SUI,1683097345887,2023-05-03 07:02:25.887000+00:00,binance
160121,listing,Sui (SUI) Listing Will Be Advanced,1683108925603,2023-05-03 10:15:25.603000+00:00,binance
160161,listing,Binance Futures Will Launch USDⓈ-M SUI Perpetual Contract With Up to 50X Leverage,1683127802372,2023-05-03 15:30:02.372000+00:00,binance
160179,listing,Binance Adds EDU & SUI on Cross Margin & Isolated Margin,1683165627332,2023-05-04 02:00:27.332000+00:00,binance
160199,listing,Binance Adds AERGO/USDT & RNDR/TRY Trading Pairs,1683169205961,2023-05-04 03:00:05.961000+00:00,binance
160285,delisting,Binance Futures Will Delist and Update the Leverage & Margin Tiers of USDⓈ-M DOTBUSD Perpetual Contract,1683251412529,2023-05-05 01:50:12.529000+00:00,binance
160484,listing,Binance Will List FLOKI (FLOKI) and Pepe (PEPE) in the Innovation Zone,1683285604106,2023-05-05 11:20:04.106000+00:00,binance
160527,listing,Binance Futures Will Launch USDⓈ-M 1000PEPE Perpetual Contract With Up to 20X Leverage,1683288919381,2023-05-05 12:15:19.381000+00:00,binance
160544,listing,FLOKI (FLOKI) and Pepe (PEPE) Listing Will Be Postponed,1683295450484,2023-05-05 14:04:10.484000+00:00,binance
160631,listing,Binance Futures Will Launch USDⓈ-M 1000FLOKI Perpetual Contract With Up to 20x Leverage,1683379411473,2023-05-06 13:23:31.473000+00:00,binance
160804,listing,Binance Adds OG/TRY & PEPE/TRY Trading Pairs,1683601206666,2023-05-09 03:00:06.666000+00:00,binance
160879,listing,Binance Adds FLOKI & PEPE on Cross Margin,1683611724559,2023-05-09 05:55:24.559000+00:00,binance
160899,listing,Binance Futures Will Launch USDⓈ-M RAD Perpetual Contract With Up to 20X Leverage,1683615009386,2023-05-09 06:50:09.386000+00:00,binance
160916,delisting,Binance Margin Will Delist the WRX/BTC Isolated Margin Pair,1683619303518,2023-05-09 08:01:43.518000+00:00,binance
160938,delisting,Notice of Removal of Trading Pairs - 2023-05-11,1683622803457,2023-05-09 09:00:03.457000+00:00,binance
160973,listing,Binance Futures Will Launch USDⓈ-M UMA Perpetual Contract With Up to 20X Leverage,1683630617763,2023-05-09 11:10:17.763000+00:00,binance
161233,listing,Binance Adds CVC/USDT & WBETH/ETH Trading Pairs,1683774032462,2023-05-11 03:00:32.462000+00:00,binance
161490,listing,Binance Options Will Launch Additional BTCUSDT and ETHUSDT Daily Options,1683863114601,2023-05-12 03:45:14.601000+00:00,binance
161545,delisting,Binance Futures Will Delist and Update the Leverage & Margin Tiers of USDⓈ-M APEBUSD Perpetual Contract,1683874532167,2023-05-12 06:55:32.167000+00:00,binance
161830,listing,"Binance Adds UMA on Cross Margin, PEPE & SUI Pairs on Isolated Margin",1684148405332,2023-05-15 11:00:05.332000+00:00,binance
161986,delisting,Notice of Removal of Trading Pairs - 2023-05-18,1684224328377,2023-05-16 08:05:28.377000+00:00,binance
162094,delisting,"Binance Margin Will Delist the JASMY/BTC Cross Margin Pair and AMP/BTC, JASMY/BTC, STMX/BTC Isolated Margin Pairs",1684299631912,2023-05-17 05:00:31.912000+00:00,binance
162671,listing,Binance Adds AST/USDT & SNT/USDT Trading Pairs,1684380903403,2023-05-18 03:35:03.403000+00:00,binance
162887,delisting,Binance Futures Will Delist and Update the Leverage & Margin Tiers of USDⓈ-M LINKBUSD Perpetual Contract,1684470616021,2023-05-19 04:30:16.021000+00:00,binance
163328,listing,Binance Adds CITY/TRY & FLOKI/TRY Trading Pairs,1684812903617,2023-05-23 03:35:03.617000+00:00,binance
163438,listing,Binance Futures Will Launch USDⓈ-M KEY Perpetual Contract With Up to 20X Leverage,1684838742835,2023-05-23 10:45:42.835000+00:00,binance
163565,delisting,Notice of Removal of Trading Pairs - 2023-05-26,1684899904672,2023-05-24 03:45:04.672000+00:00,binance
163827,delisting,Binance Futures Will Delist and Update the Leverage & Margin Tiers of USDⓈ-M 1000SHIBBUSD Perpetual Contract,1685007904026,2023-05-25 09:45:04.026000+00:00,binance
163933,delisting,Notice of Removal of Trading Pairs - 2023-06-01,1685088001922,2023-05-26 08:00:01.922000+00:00,binance
164121,listing,"Binance Adds ADA/TUSD, LTC/TUSD & TUSD/BUSD Trading Pairs",1685415946631,2023-05-30 03:05:46.631000+00:00,binance
164547,delisting,Binance Futures Will Delist and Update the Leverage & Margin Tiers of USDⓈ-M 1000LUNCBUSD Perpetual Contract,1685610906427,2023-06-01 09:15:06.427000+00:00,binance
164565,listing,Binance Futures Will Launch USDⓈ-M COMBO Perpetual Contract With Up to 20X Leverage,1685615673769,2023-06-01 10:34:33.769000+00:00,binance
165055,listing,Binance Adds LTC/TRY and RAD/TRY Trading Pairs,1686028215425,2023-06-06 05:10:15.425000+00:00,binance
165119,listing,Binance Futures Will Update the Leverage & Margin Tiers of USDⓈ-M MTLUSDT Perpetual Contract,1686053083324,2023-06-06 12:04:43.324000+00:00,binance
165190,listing,Binance Adds COMBO & More Pairs on Cross Margin & Isolated Margin,1686105905918,2023-06-07 02:45:05.918000+00:00,binance
165419,listing,Binance Adds BTC/NGN & USDT/ZAR Trading Pairs,1686203705268,2023-06-08 05:55:05.268000+00:00,binance
165774,delisting,"Binance Margin Will Delist the BNT/BUSD, CVX/BTC, POLS/BUSD, POWR/BUSD, STPT/BUSD & STRAX/BUSD Isolated Margin Pairs",1686550803118,2023-06-12 06:20:03.118000+00:00,binance
165806,delisting,Notice of Removal of Trading Pairs - 2023-06-14,1686555013494,2023-06-12 07:30:13.494000+00:00,binance
165961,listing,Introducing Maverick Protocol (MAV) on Binance Launchpool! Farm MAV by Staking BNB and TUSD,1686657300877,2023-06-13 11:55:00.877000+00:00,binance
166287,delisting,"Binance Margin Will Delist MBL/BUSD, PUNDIX/BUSD Cross Margin Pairs and FARM/BUSD, LSK/BUSD, MBL/BUSD, PLA/BUSD, PUNDIX/BUSD, SC/BUSD Isolated Margin Pairs",1686815412709,2023-06-15 07:50:12.709000+00:00,binance
166802,listing,"Binance Adds BTC/ARS, OP/TRY & PAXG/TRY Trading Pairs",1687230603750,2023-06-20 03:10:03.750000+00:00,binance
166989,listing,Binance Futures Will Launch USDⓈ-M NMR Perpetual Contract With Up to 20X Leverage,1687334423410,2023-06-21 08:00:23.410000+00:00,binance
167114,listing,Binance Futures Will List USDⓈ-M BTC & ETH Quarterly 0929 Futures Contracts,1687422606785,2023-06-22 08:30:06.785000+00:00,binance
167262,listing,Binance Futures Will List Coin-Margined Quarterly 1229 Futures Contracts,1687829708001,2023-06-27 01:35:08.001000+00:00,binance
167392,listing,Binance Will Open Trading for Maverick Protocol (MAV),1687856418603,2023-06-27 09:00:18.603000+00:00,binance
167573,listing,Binance Futures Will Launch USDⓈ-M MAV Perpetual Contract With Up to 20x Leverage,1687940132338,2023-06-28 08:15:32.338000+00:00,binance
167725,listing,Binance Adds BCH/TUSD & CFX/TUSD Trading Pairs,1688010626715,2023-06-29 03:50:26.715000+00:00,binance
167756,listing,Binance Futures Will Launch USDⓈ-M MDT Perpetual Contract With Up to 20x Leverage,1688022100973,2023-06-29 07:01:40.973000+00:00,binance
167902,listing,Binance Adds MAV on Cross Margin & Isolated Margin,1688355004449,2023-07-03 03:30:04.449000+00:00,binance
167951,listing,Binance Will List Pendle (PENDLE) in the Innovation Zone,1688365335567,2023-07-03 06:22:15.567000+00:00,binance
167979,delisting,Notice of Removal of Trading Pairs - 2023-07-05,1688372704022,2023-07-03 08:25:04.022000+00:00,binance
168008,listing,Introducing Pendle (PENDLE) on Binance Launchpool! Farm PENDLE by Staking BNB and TUSD,1688378424526,2023-07-03 10:00:24.526000+00:00,binance
168234,listing,Binance Futures Will Launch USDⓈ-M XVG Perpetual Contract With Up to 20x Leverage,1688468407961,2023-07-04 11:00:07.961000+00:00,binance
168470,listing,Binance Adds XVG on Isolated Margin,1688612403406,2023-07-06 03:00:03.406000+00:00,binance
168491,listing,"Binance Adds MAV/TRY, OCEAN/TRY & TUSD/TRY Trading Pairs",1688616035956,2023-07-06 04:00:35.956000+00:00,binance
168711,delisting,"Binance Margin Will Delist the ATA/BUSD, FORTH/BUSD, JST/BUSD, QTUM/BUSD, SUN/BUSD, ZEN/BUSD & ZRX/BUSD Isolated Margin Pairs",1688703003727,2023-07-07 04:10:03.727000+00:00,binance
169002,listing,Introducing the Arkham (ARKM) Token Sale on Binance Launchpad!,1688980869723,2023-07-10 09:21:09.723000+00:00,binance
169152,listing,"Binance Adds PENDLE, STORJ, XEC & XVG on Cross Margin",1689045317826,2023-07-11 03:15:17.826000+00:00,binance
169203,delisting,Notice of Removal of Trading Pairs - 2023-07-13,1689056113799,2023-07-11 06:15:13.799000+00:00,binance
169231,delisting,Binance to Delist and Cease Redemption for XRPUP and XRPDOWN Leveraged Tokens (2023-07-25),1689066007256,2023-07-11 09:00:07.256000+00:00,binance
169249,delisting,Binance Futures Will Delist and Update the Leverage & Margin Tiers of USDⓈ-M AGIXBUSD Perpetual Contract,1689072303374,2023-07-11 10:45:03.374000+00:00,binance
169475,listing,"Binance Adds ARB/ETH, BCH/TRY, XVG/TRY & XVG/TUSD Trading Pairs",1689217203103,2023-07-13 03:00:03.103000+00:00,binance
169617,delisting,"Binance Margin Will Delist the ALCX/BUSD, ALPACA/BUSD, CVX/BUSD, DOCK/BUSD, LOOM/BUSD, MC/BUSD, MOB/BUSD & TROY/BUSD Isolated Margin Pairs",1689318001849,2023-07-14 07:00:01.849000+00:00,binance
169808,listing,Subscription for the Arkham (ARKM) Token Sale on Binance Launchpad Is Now Open,1689573633422,2023-07-17 06:00:33.422000+00:00,binance
169928,listing,Binance Adds WBETH/USDT Trading Pair and Launches WBETH Zero Maker Fee Promotion,1689652808987,2023-07-18 04:00:08.987000+00:00,binance
169975,listing,Binance Completes the Arkham Subscription Launchpad and Will Open Trading for ARKM,1689663609545,2023-07-18 07:00:09.545000+00:00,binance
170292,listing,"Binance Adds ACA/TRY, AVAX/TUSD, COMP/TUSD, COMP/TRY & XEC/TRY Trading Pairs",1689746526360,2023-07-19 06:02:06.360000+00:00,binance
170522,delisting,"Binance Margin Will Delist the OGN/BUSD, OSMO/BUSD, REI/BUSD and SPELL/BUSD Cross Margin & Isolated Margin Pairs",1689760808223,2023-07-19 10:00:08.223000+00:00,binance
170612,listing,Binance Adds ARKM on Cross Margin & Isolated Margin,1689819008196,2023-07-20 02:10:08.196000+00:00,binance
170699,delisting,Binance Futures Will Delist and Update the Leverage & Margin Tiers of USDⓈ-M LDOBUSD and GALABUSD Perpetual Contracts,1689840007070,2023-07-20 08:00:07.070000+00:00,binance
171023,listing,Binance Options Will Launch Additional BNBUSDT Weekly Options,1690175407719,2023-07-24 05:10:07.719000+00:00,binance
171042,listing,Binance Will List Worldcoin (WLD),1690182131620,2023-07-24 07:02:11.620000+00:00,binance
171103,delisting,Notice of Removal of Trading Pairs - 2023-07-26,1690188303587,2023-07-24 08:45:03.587000+00:00,binance
171131,listing,Binance Futures Will Launch USDⓈ-M WLD Perpetual Contract With Up to 20x Leverage,1690192820157,2023-07-24 10:00:20.157000+00:00,binance
171184,delisting,"Binance Margin Will Delist the CKB/BUSD, CTK/BUSD, ELF/BUSD, FOR/BUSD, PERP/BUSD, SKL/BUSD & UNFI/BUSD Isolated Margin Pairs",1690252204237,2023-07-25 02:30:04.237000+00:00,binance
171474,listing,Binance Will List First Digital USD (FDUSD) and Introduce FDUSD Zero Trading Fee Promotions,1690344003220,2023-07-26 04:00:03.220000+00:00,binance
171542,listing,"Binance Adds QUICK, WLD on Cross Margin and QUICK on Isolated Margin",1690354533864,2023-07-26 06:55:33.864000+00:00,binance
171585,listing,First Digital USD (FDUSD) Listing Will Be Postponed,1690363301774,2023-07-26 09:21:41.774000+00:00,binance
171773,listing,Binance Futures Will Launch USDⓈ-M PENDLE Perpetual Contract With Up to 20x Leverage,1690424401834,2023-07-27 02:20:01.834000+00:00,binance
171790,listing,"Binance Adds ARKM/RUB, WLD/RUB & WLD/TRY Trading Pairs",1690426809820,2023-07-27 03:00:09.820000+00:00,binance
171855,delisting,Binance Futures Will Delist and Update the Leverage & Margin Tiers of USDⓈ-M APTBUSD and FTMBUSD Perpetual Contracts,1690451103030,2023-07-27 09:45:03.030000+00:00,binance
171898,listing,Binance Futures Will Launch USDⓈ-M ARKM Perpetual Contract With Up to 20x Leverage,1690455603284,2023-07-27 11:00:03.284000+00:00,binance
172146,listing,Binance Futures Will Launch USDⓈ-M AGLD Perpetual Contract With Up to 20x Leverage,1690540819158,2023-07-28 10:40:19.158000+00:00,binance
172463,listing,"Binance Adds AGLD, T on Cross Margin & New ARKM, AUCTION Isolated Margin Pairs",1690794989130,2023-07-31 09:16:29.130000+00:00,binance
172638,listing,Binance Adds AMP/TRY & OGN/TRY Trading Pairs,1690858803022,2023-08-01 03:00:03.022000+00:00,binance
172715,listing,"Introducing Sei (SEI) on Binance Launchpool! Farm SEI by Staking BNB, TUSD and FDUSD",1690873404537,2023-08-01 07:03:24.537000+00:00,binance
172718,listing,"Introducing CyberConnect (CYBER) on Binance Launchpool! Farm CYBER by Staking BNB, TUSD and FDUSD",1690873435121,2023-08-01 07:03:55.121000+00:00,binance
172816,delisting,Notice of Removal of Trading Pairs - 2023-08-04,1690945524325,2023-08-02 03:05:24.325000+00:00,binance
172922,listing,Binance Adds BTC/FDUSD & ETH/FDUSD Trading Pairs and Updates the Zero-Fee Bitcoin Trading Program,1691035203113,2023-08-03 04:00:03.113000+00:00,binance
172954,delisting,Binance Futures Will Delist and Update the Leverage & Margin Tiers of USDⓈ-M TRXBUSD and DODOBUSD Perpetual Contracts,1691055003469,2023-08-03 09:30:03.469000+00:00,binance
173055,listing,Binance Adds XEM on Cross Margin,1691121643089,2023-08-04 04:00:43.089000+00:00,binance
173121,listing,Binance Futures Will Launch USDⓈ-M YGG Perpetual Contract With Up to 20x Leverage,1691152225448,2023-08-04 12:30:25.448000+00:00,binance
173281,listing,Binance Futures Will Launch USDⓈ-M DODO Perpetual Contract With Up to 20x Leverage,1691402103041,2023-08-07 09:55:03.041000+00:00,binance
173298,listing,"Binance Will Open Spot Grid Trading for ARKM/USDT, PEPE/USDT, USTC/USDT & WLD/USDT Trading Pairs, and Delist Selected Spot Grid Trading Pairs",1691409003749,2023-08-07 11:50:03.749000+00:00,binance
173365,delisting,"Binance Margin Will Delist the ASTR/BUSD, AUDIO/BUSD, BAT/BUSD, BSW/BUSD, NMR/BUSD, PEOPLE/BUSD and RSR/BUSD Cross Margin & Isolated Margin Pairs",1691464207277,2023-08-08 03:10:07.277000+00:00,binance
173386,listing,"Binance Adds ASR/TRY, ATM/TRY, ACM/TRY, BAR/TRY, JUV/TRY & PSG/TRY Trading Pairs",1691467204322,2023-08-08 04:00:04.322000+00:00,binance
173486,listing,Binance Adds FDUSD & More Pairs on Cross Margin and Isolated Margin,1691546584430,2023-08-09 02:03:04.430000+00:00,binance
173526,listing,Binance Futures Will Launch USDⓈ-M BNT Perpetual Contract With Up to 20x Leverage,1691553667224,2023-08-09 04:01:07.224000+00:00,binance
173544,delisting,Binance to Cease ADAUP & ADADOWN Trading and Subscription Services (2023-08-09),1691556806728,2023-08-09 04:53:26.728000+00:00,binance
173562,listing,Binance Options Will Launch DOGEUSDT Weekly Options,1691561025278,2023-08-09 06:03:45.278000+00:00,binance
173705,delisting,Binance Futures Will Delist and Update the Leverage & Margin Tiers of USDⓈ-M ADABUSD and MATICBUSD Perpetual Contract,1691658004905,2023-08-10 09:00:04.905000+00:00,binance
173724,listing,Binance Futures Will Launch USDⓈ-M OXT Perpetual Contract With Up to 20x Leverage,1691661026947,2023-08-10 09:50:26.947000+00:00,binance
173967,listing,Binance Will Open Trading for CyberConnect (CYBER) and Sei (SEI),1691982500188,2023-08-14 03:08:20.188000+00:00,binance
174077,delisting,Notice of Removal of Trading Pairs - 2023-08-17,1692065113766,2023-08-15 02:05:13.766000+00:00,binance
174106,listing,"Binance Adds BNT, FRONT, OXT, RPL on Cross Margin and New FRONT Isolated Margin Pair",1692068707492,2023-08-15 03:05:07.492000+00:00,binance
174138,delisting,"Binance Will Delist SNM, SRM and YFII on 2023-08-22",1692082868922,2023-08-15 07:01:08.922000+00:00,binance
174232,delisting,"Binance Margin Will Delist the EPX/BUSD, GAL/BUSD, GMX/BUSD, HIVE/BUSD, KLAY/BUSD, RAD/BUSD and TVK/BUSD Cross Margin & Isolated Margin Pairs",1692155138357,2023-08-16 03:05:38.357000+00:00,binance
174273,listing,Binance Futures Will Launch USDⓈ-M BTC & ETH Quarterly 1229 Delivery Contracts With Up to 25x Leverage,1692170102871,2023-08-16 07:15:02.871000+00:00,binance
174290,delisting,Notice of Removal of Trading Pairs - 2023-08-18,1692174936844,2023-08-16 08:35:36.844000+00:00,binance
174336,listing,Binance Futures Will Launch USDⓈ-M SEI Perpetual Contract With Up to 20x Leverage,1692183328493,2023-08-16 10:55:28.493000+00:00,binance
174415,listing,"Binance Adds ATA, SEI on Cross Margin and SEI on Isolated Margin",1692245402830,2023-08-17 04:10:02.830000+00:00,binance
174475,delisting,Binance Futures Will Delist and Update the Leverage & Margin Tiers of USDⓈ-M LTCBUSD and DOGEBUSD Perpetual Contracts,1692266704608,2023-08-17 10:05:04.608000+00:00,binance
174562,listing,Binance Futures Will Launch USDⓈ-M CYBER Perpetual Contract With Up to 20x Leverage,1692518157094,2023-08-20 07:55:57.094000+00:00,binance
174658,delisting,Binance Futures Will Delist and Update the Leverage & Margin Tiers of USDⓈ-M SOLBUSD Perpetual Contract,1692616803287,2023-08-21 11:20:03.287000+00:00,binance
174782,listing,"Binance Adds CYBER/TUSD, LPT/TRY, SEI/TUSD & UNI/TRY Trading Pairs",1692676871303,2023-08-22 04:01:11.303000+00:00,binance
174840,listing,Binance Adds CYBER & New SEI Pairs on Cross Margin & Isolated Margin,1692756323986,2023-08-23 02:05:23.986000+00:00,binance
174901,delisting,Notice of Removal of Trading Pairs - 2023-08-25,1692777621501,2023-08-23 08:00:21.501000+00:00,binance
175347,listing,Binance Options Will Launch Additional BNBUSDT Daily Options,1693279802901,2023-08-29 03:30:02.901000+00:00,binance
175439,delisting,"Binance Margin Will Delist the AMB/BUSD, DASH/BUSD, FIDA/BUSD, HARD/BUSD, HOT/BUSD, IOST/BTC, NULS/BUSD, PORTO/BUSD and REQ/BUSD Cross Margin & Isolated Margin Pairs",1693375203152,2023-08-30 06:00:03.152000+00:00,binance
175474,delisting,Notice of Removal of Trading Pairs - 2023-09-01,1693383309241,2023-08-30 08:15:09.241000+00:00,binance
175916,delisting,"Binance Margin Will Delist ALPHA/BUSD, ANT/BUSD, BAL/BUSD, COS/BTC, DGB/BUSD, FIRO/BUSD, OOKI/BUSD, QI/BTC, RVN/BUSD & TWT/BUSD Isolated Margin Pairs",1693552182147,2023-09-01 07:09:42.147000+00:00,binance
176250,listing,"Binance Adds DOGE/FDUSD, SOL/FDUSD, TOMO/TRY, UNFI/TRY & XRP/FDUSD Trading Pairs",1693969203313,2023-09-06 03:00:03.313000+00:00,binance
176278,delisting,Notice of Removal of Trading Pairs - 2023-09-08,1693976405685,2023-09-06 05:00:05.685000+00:00,binance
176459,listing,"Binance Adds BAND, FLM, STMX on Cross Margin & New ADX, PROM, PROS Isolated Margin Pairs",1694155841169,2023-09-08 06:50:41.169000+00:00,binance
176767,delisting,Notice of Removal of Cross Margin & Isolated Margin Trading Pairs - 2023-09-21,1694575503511,2023-09-13 03:25:03.511000+00:00,binance
176889,delisting,Notice of Removal of Trading Pairs - 2023-09-15,1694595603887,2023-09-13 09:00:03.887000+00:00,binance
177142,listing,Binance Futures Will Launch USDⓈ-M HIFI Perpetual Contract with Up to 20X Leverage,1694836831060,2023-09-16 04:00:31.060000+00:00,binance
177379,listing,Binance Futures Will Launch USDⓈ-M ARK Perpetual Contract With Up to 10x Leverage,1695111607962,2023-09-19 08:20:07.962000+00:00,binance
177524,listing,Binance Adds CYBER/ETH & MTL/TRY Trading Pairs,1695189604405,2023-09-20 06:00:04.405000+00:00,binance
177552,delisting,Notice of Removal of Trading Pairs - 2023-09-22,1695198003507,2023-09-20 08:20:03.507000+00:00,binance
177645,listing,Notice of Addition & Removal of Trading Pairs - 2023-09-22,1695270606604,2023-09-21 04:30:06.604000+00:00,binance
177697,delisting,Notice of Removal of Isolated Margin Trading Pairs - 2023-09-28,1695276603853,2023-09-21 06:10:03.853000+00:00,binance
177797,listing,Binance Futures Will Launch USDⓈ-M FRONT Perpetual Contract With Up to 10x Leverage,1695365702930,2023-09-22 06:55:02.930000+00:00,binance
177884,listing,Binance Futures Will List USDⓈ-M & COIN-M Quarterly 0329 Futures Delivery Contracts,1695632760634,2023-09-25 09:06:00.634000+00:00,binance
177903,listing,Binance Futures Will Launch USDⓈ-M GLMR Perpetual Contract With Up to 10x Leverage,1695645506665,2023-09-25 12:38:26.665000+00:00,binance
177970,listing,Binance Adds VTHO/USDT Cross Margin Pair,1695693936984,2023-09-26 02:05:36.984000+00:00,binance
178137,delisting,Notice of Removal of Trading Pairs - 2023-09-29,1695787208875,2023-09-27 04:00:08.875000+00:00,binance
178439,listing,Binance Futures Will Launch USDⓈ-M BICO Perpetual Contract With Up to 10x Leverage,1695870605650,2023-09-28 03:10:05.650000+00:00,binance
178550,delisting,Notice of Removal of Margin Trading Pairs - 2023-10-06,1695956652169,2023-09-29 03:04:12.169000+00:00,binance
178766,listing,"Binance Adds ARB/FDUSD, FDUSD/TRY, FRONT/TRY, LINK/TUSD & SUI/FDUSD Trading Pairs",1696388429254,2023-10-04 03:00:29.254000+00:00,binance
178794,delisting,Notice of Removal of Isolated Margin Trading Pairs - 2023-10-12,1696392604027,2023-10-04 04:10:04.027000+00:00,binance
178857,delisting,Notice of Removal of Trading Pairs - 2023-10-06,1696403103350,2023-10-04 07:05:03.350000+00:00,binance
178959,listing,Binance Adds WBETH & More Pairs on Cross Margin & Isolated Margin,1696827003651,2023-10-09 04:50:03.651000+00:00,binance
179100,listing,Binance Will List Neutron (NTRN) with Seed Tag Applied,1696923917379,2023-10-10 07:45:17.379000+00:00,binance
179134,listing,"Introducing Neutron (NTRN) on Binance Launchpool! Farm NTRN by Staking BNB, TUSD and FDUSD",1696931539024,2023-10-10 09:52:19.024000+00:00,binance
179161,listing,Binance Futures Will Launch USDⓈ-M STRAX Perpetual Contract With Up to 10x Leverage,1696936465219,2023-10-10 11:14:25.219000+00:00,binance
179344,listing,Binance Adds New SEI & WBETH Pairs on Cross Margin,1696990532517,2023-10-11 02:15:32.517000+00:00,binance
179364,listing,"Binance Adds ADA/FDUSD, FIL/FDUSD, FRONT/TUSD, LEVER/TRY, LTC/FDUSD, RUNE/TUSD & TRB/TRY Trading Pairs",1696993228097,2023-10-11 03:00:28.097000+00:00,binance
179392,listing,Binance Futures Will Launch USDⓈ-M LOOM Perpetual Contract With Up to 10x Leverage,1696997177546,2023-10-11 04:06:17.546000+00:00,binance
179452,delisting,Notice of Removal of Margin Trading Pairs - 2023-10-19,1697005236739,2023-10-11 06:20:36.739000+00:00,binance
179500,delisting,Notice of Removal of Spot Trading Pairs - 2023-10-13,1697012705932,2023-10-11 08:25:05.932000+00:00,binance
179699,listing,Binance Futures Will Launch USDⓈ-M BIGTIME Perpetual Contract With Up to 20x Leverage,1697109442199,2023-10-12 11:17:22.199000+00:00,binance
179775,listing,Binance Adds NTRN on Margin,1697173875790,2023-10-13 05:11:15.790000+00:00,binance
179943,listing,Binance Futures Will Launch USDⓈ-M BOND Perpetual Contract With Up to 50x Leverage,1697345978273,2023-10-15 04:59:38.273000+00:00,binance
180014,listing,Binance Futures Will Launch USDⓈ-M ORBS Perpetual Contract With Up to 20x Leverage,1697506436276,2023-10-17 01:33:56.276000+00:00,binance
180152,listing,Binance Futures Will Launch USDⓈ-M STPT and WAXP Perpetual Contracts With Up to 50x Leverage,1697606833266,2023-10-18 05:27:13.266000+00:00,binance
180168,delisting,Notice of Removal of Margin Trading Pairs - 2023-10-26,1697609703004,2023-10-18 06:15:03.004000+00:00,binance
180188,listing,Notice on New Trading Pairs & Trading Bots Services on Binance Spot - 2023-10-19,1697612405894,2023-10-18 07:00:05.894000+00:00,binance
180233,delisting,Notice of Removal of Spot Trading Pairs - 2023-10-20,1697619603151,2023-10-18 09:00:03.151000+00:00,binance
180261,delisting,Binance to Delist and Cease Redemption for ADAUP and ADADOWN Leveraged Tokens (2023-11-01),1697623240905,2023-10-18 10:00:40.905000+00:00,binance
180281,listing,"Binance Adds ARK, OMG & More Pairs on Cross Margin & Isolated Margin",1697688013854,2023-10-19 04:00:13.854000+00:00,binance
180345,listing,Binance Futures Will Launch USDⓈ-M BSV Perpetual Contract With Up to 50x Leverage,1697771703998,2023-10-20 03:15:03.998000+00:00,binance
180616,listing,Binance Futures Will Launch USDⓈ-M RIF Perpetual Contract With Up to 50x Leverage,1697862003215,2023-10-21 04:20:03.215000+00:00,binance
180905,listing,Binance Futures Will Launch USDⓈ-M POLYX and GAS Perpetual Contracts With Up to 50x Leverage,1698151948683,2023-10-24 12:52:28.683000+00:00,binance
180925,delisting,Notice of Removal of Margin Trading Pairs - 2023-11-02,1698199203478,2023-10-25 02:00:03.478000+00:00,binance
180971,listing,Notice on New Trading Pairs & Trading Bots Services on Binance Spot - 2023-10-26,1698204603826,2023-10-25 03:30:03.826000+00:00,binance
181051,delisting,Notice of Removal of Spot Trading Pairs - 2023-10-27,1698216012581,2023-10-25 06:40:12.581000+00:00,binance
181213,listing,Binance Futures Will Launch USDⓈ-M POWR Perpetual Contract With Up to 50x Leverage,1698321002985,2023-10-26 11:50:02.985000+00:00,binance
181301,listing,"Introducing Memecoin (MEME) on Binance Launchpool! Farm MEME by Staking BNB, TUSD and FDUSD",1698415749172,2023-10-27 14:09:09.172000+00:00,binance
181387,listing,"Binance Adds ACA, GHST, VIDT and More Pairs on Cross Margin & Isolated Margin",1698638428354,2023-10-30 04:00:28.354000+00:00,binance
181434,listing,Binance Will List Celestia (TIA) with Seed Tag Applied,1698671932206,2023-10-30 13:18:52.206000+00:00,binance
181463,listing,Binance Futures Will Launch USDⓈ-M SLP Perpetual Contract With Up to 50x Leverage,1698731158402,2023-10-31 05:45:58.402000+00:00,binance
181528,listing,Binance Futures Will Launch USDⓈ-M TIA Perpetual Contract With Up to 50x Leverage,1698768499741,2023-10-31 16:08:19.741000+00:00,binance
181629,delisting,Notice of Removal of Margin Trading Pairs - 2023-11-09,1698811804132,2023-11-01 04:10:04.132000+00:00,binance
181693,delisting,Notice of Removal of Spot Trading Pairs - 2023-11-03,1698826851668,2023-11-01 08:20:51.668000+00:00,binance
181727,listing,Binance Futures Will Launch USDⓈ-M SNT Perpetual Contract With Up to 50x Leverage,1698892513670,2023-11-02 02:35:13.670000+00:00,binance
181791,listing,Binance Futures Will Launch USDⓈ-M CAKE Perpetual Contract With Up to 50x Leverage,1698910232851,2023-11-02 07:30:32.851000+00:00,binance
181807,listing,Binance Will Open Trading for Memecoin (MEME),1698912078594,2023-11-02 08:01:18.594000+00:00,binance
181836,listing,"Binance Adds TIA, SNT, STEEM and More Pairs on Cross Margin & Isolated Margin",1698918303755,2023-11-02 09:45:03.755000+00:00,binance
181878,listing,Binance Futures Will Launch USDⓈ-M TWT Perpetual Contract With Up to 50x Leverage,1698988203438,2023-11-03 05:10:03.438000+00:00,binance
181934,listing,Binance Futures Will Launch USDⓈ-M MEME Perpetual Contract With Up to 50x Leverage,1699003203190,2023-11-03 09:20:03.190000+00:00,binance
181951,listing,Binance Futures Will Launch USDⓈ-M TOKEN Perpetual Contract With Up to 50x Leverage,1699008602884,2023-11-03 10:50:02.884000+00:00,binance
182168,listing,Binance Will List ORDI (ORDI) with Seed Tag Applied,1699339453500,2023-11-07 06:44:13.500000+00:00,binance
182201,listing,Binance Futures Will Launch USDⓈ-M ORDI Perpetual Contract With Up to 50x Leverage,1699342203152,2023-11-07 07:30:03.152000+00:00,binance
182171,listing,"Binance Adds MEME, MULTI, UFT and More Pairs on Cross Margin & Isolated Margin",1699346703988,2023-11-07 08:45:03.988000+00:00,binance
182365,delisting,Notice of Removal of Spot Trading Pairs - 2023-11-10,1699422861670,2023-11-08 05:54:21.670000+00:00,binance
182420,listing,Binance Futures Will Launch USDⓈ-M STEEM Perpetual Contract With Up to 50x Leverage,1699431187566,2023-11-08 08:13:07.566000+00:00,binance
182452,listing,Notice on New Trading Pairs & Trading Bots Services on Binance Spot - 2023-11-09,1699437614062,2023-11-08 10:00:14.062000+00:00,binance
182549,listing,"Binance Adds AST, GNO, ORDI and More Pairs on Cross Margin & Isolated Margin",1699499194853,2023-11-09 03:06:34.853000+00:00,binance
182569,listing,Binance Futures Will Launch USDⓈ-M BADGER Perpetual Contract With Up to 50x Leverage,1699503088430,2023-11-09 04:11:28.430000+00:00,binance
182707,listing,Binance Futures Will Launch USDⓈ-M ILV Perpetual Contract With Up to 50x Leverage,1699613867763,2023-11-10 10:57:47.763000+00:00,binance
182837,listing,Binance Futures Will Launch USDⓈ-M NTRN Perpetual Contract With Up to 50x Leverage,1699929174947,2023-11-14 02:32:54.947000+00:00,binance
182853,listing,Binance Adds FIS and More Pairs on Cross Margin,1699933803477,2023-11-14 03:50:03.477000+00:00,binance
182945,listing,Binance Futures Will Launch USDⓈ-M MBL Perpetual Contract With Up to 50x Leverage,1699956293099,2023-11-14 10:04:53.099000+00:00,binance
183009,delisting,Notice of Removal of Spot Trading Pairs - 2023-11-17,1700032503062,2023-11-15 07:15:03.062000+00:00,binance
183037,listing,Notice on New Trading Pairs on Binance Spot - 2023-11-16,1700035809038,2023-11-15 08:10:09.038000+00:00,binance
183066,delisting,Notice of Removal of Margin Trading Pairs - 2023-11-23,1700038819825,2023-11-15 09:00:19.825000+00:00,binance
183194,listing,Binance Adds BEAMX and More Pairs on Cross Margin and Isolated Margin,1700104203117,2023-11-16 03:10:03.117000+00:00,binance
183275,listing,Binance Futures Will Launch USDⓈ-M KAS Perpetual Contract With Up to 50x Leverage,1700141887548,2023-11-16 13:38:07.548000+00:00,binance
183310,listing,"Binance Adds ACA, AMP, GHST & More Pairs on Cross Margin and Isolated Margin",1700187322012,2023-11-17 02:15:22.012000+00:00,binance
183381,delisting,Notice of Removal of Spot Trading Pairs - 2023-11-20,1700200806435,2023-11-17 06:00:06.435000+00:00,binance
183383,listing,Binance Futures Will Launch USDⓈ-M BEAMX Perpetual Contract With Up to 50x Leverage,1700203809901,2023-11-17 06:50:09.901000+00:00,binance
183519,listing,"Binance Adds CVC, ELF, FARM & More Pairs on Cross Margin and Isolated Margin",1700532306626,2023-11-21 02:05:06.626000+00:00,binance
183539,delisting,Notice of Removal of SOLBUSD Margin Trading Pair - 2023-11-30,1700536504320,2023-11-21 03:15:04.320000+00:00,binance
183641,delisting,Notice of Removal of Spot Trading Pairs - 2023-11-24,1700628634679,2023-11-22 04:50:34.679000+00:00,binance
183670,listing,Notice on New Trading Pairs & Trading Bots Services on Binance Spot - 2023-11-23,1700638507088,2023-11-22 07:35:07.088000+00:00,binance
183700,listing,Binance Futures Will Launch USDⓈ-M 1000BONK and PYTH Perpetual Contracts With Up to 50x Leverage,1700649023889,2023-11-22 10:30:23.889000+00:00,binance
183864,delisting,Notice of Removal of Margin Trading Pairs - 2023-12-07,1700712923504,2023-11-23 04:15:23.504000+00:00,binance
183919,listing,Binance Will List Blur (BLUR) with Seed Tag Applied,1700806187186,2023-11-24 06:09:47.186000+00:00,binance
183948,delisting,Binance Margin & Binance Futures Will Delist BUSD,1700814330006,2023-11-24 08:25:30.006000+00:00,binance
184042,listing,Binance Futures Will Launch USDⓈ-M SUPER Perpetual Contract With Up to 50x Leverage,1700988341945,2023-11-26 08:45:41.945000+00:00,binance
184090,delisting,"Binance Will Delist BTS, PERL, TORN, WTC on 2023-12-07",1701064826207,2023-11-27 06:00:26.207000+00:00,binance
184139,listing,Binance Futures Will Launch USDⓈ-M USTC Perpetual Contract With Up to 50x Leverage,1701066903333,2023-11-27 06:35:03.333000+00:00,binance
184205,listing,Binance Futures Will Launch USDⓈ-M ONG Perpetual Contract With Up to 50x Leverage,1701081932675,2023-11-27 10:45:32.675000+00:00,binance
184222,listing,"Binance Adds BLUR, VIC & More Pairs on Cross Margin and Isolated Margin",1701137106893,2023-11-28 02:05:06.893000+00:00,binance
184271,listing,Binance Futures Will Launch USDⓈ-M ETHW Perpetual Contract With Up to 50x Leverage,1701154262129,2023-11-28 06:51:02.129000+00:00,binance
184341,listing,Notice on New Trading Pairs on Binance Spot - 2023-11-30,1701234023462,2023-11-29 05:00:23.462000+00:00,binance
184701,listing,Binance Adds GFT & More Pairs on Cross Margin and Isolated Margin,1701403803065,2023-12-01 04:10:03.065000+00:00,binance
184909,listing,Binance Will List Anchored Coins EUR (AEUR) and Introduce AEUR Zero Trading Fee Promotions,1701663251934,2023-12-04 04:14:11.934000+00:00,binance
185030,listing,Notice on New Trading Pairs on Binance Spot - 2023-12-05,1701684035267,2023-12-04 10:00:35.267000+00:00,binance
185449,listing,Binance Will List Jito (JTO) with Seed Tag Applied,1701950138787,2023-12-07 11:55:38.787000+00:00,binance
185541,listing,Binance Adds PIVX & More Pairs on Cross Margin and Isolated Margin,1702008905169,2023-12-08 04:15:05.169000+00:00,binance
185602,listing,Binance Futures Will Launch USDⓈ-M JTO Perpetual Contract With Up to 50x Leverage,1702020007305,2023-12-08 07:20:07.305000+00:00,binance
185740,listing,Introducing Fusionist (ACE) on Binance Launchpool! Farm ACE by Staking BNB and FDUSD,1702296311083,2023-12-11 12:05:11.083000+00:00,binance
185818,listing,Binance Will List BRC-20 Sats (1000SATS) with Seed Tag Applied,1702361370579,2023-12-12 06:09:30.579000+00:00,binance
185871,listing,Binance Futures Will Launch USDⓈ-M 1000SATS Perpetual Contract With Up to 50x Leverage,1702368945949,2023-12-12 08:15:45.949000+00:00,binance
186039,listing,Notice on New Trading Pairs & Trading Bots Services on Binance Spot - 2023-12-14,1702450522628,2023-12-13 06:55:22.628000+00:00,binance
186068,listing,"Binance Adds AEUR, 1000SATS & More Pairs on Cross Margin and Isolated Margin",1702462503005,2023-12-13 10:15:03.005000+00:00,binance
186245,listing,Binance Will List Bonk (BONK) with Seed Tag Applied,1702612713180,2023-12-15 03:58:33.180000+00:00,binance
186301,listing,Binance Futures Will Launch USDⓈ-M AUCTION Perpetual Contract With Up to 50x Leverage,1702632304955,2023-12-15 09:25:04.955000+00:00,binance
186342,listing,Binance Futures Will Launch USDⓈ-M 1000RATS Perpetual Contract With Up to 50x Leverage,1702640460408,2023-12-15 11:41:00.408000+00:00,binance
186399,listing,Binance Options Will Launch Additional BTCUSDT & ETHUSDT Weekly Options,1702876230074,2023-12-18 05:10:30.074000+00:00,binance
186443,listing,Binance Futures Will Launch USDⓈ-M ACE Perpetual Contract With Up to 50x Leverage,1702883703825,2023-12-18 07:15:03.825000+00:00,binance
186571,listing,"Introducing NFPrompt (NFP) on Binance Launchpool Fair Mode! Farm NFP by Staking BNB, FDUSD and TUSD",1702982259023,2023-12-19 10:37:39.023000+00:00,binance
186615,listing,"Binance Margin Adds ACE, BONK, XNO & More Pairs",1702987181592,2023-12-19 11:59:41.592000+00:00,binance
186639,listing,Notice on New Trading Pairs & Trading Bots Services on Binance Spot - 2023-12-21,1703039403058,2023-12-20 02:30:03.058000+00:00,binance
186836,listing,Binance Futures Will List USDⓈ-M & COIN-M Quarterly 0628 Delivery Contracts,1703213730169,2023-12-22 02:55:30.169000+00:00,binance
186860,delisting,Notice of Removal of Spot Trading Pairs - 2023-12-29,1703237704546,2023-12-22 09:35:04.546000+00:00,binance
186884,listing,"Binance Margin Adds ADA, DOGE, MATIC & More Pairs",1703471883795,2023-12-25 02:38:03.795000+00:00,binance
187010,listing,Binance Copy Trading Adds USDⓈ-M ORDI and 1000SATS Contracts,1703572503164,2023-12-26 06:35:03.164000+00:00,binance
187023,listing,Binance Futures Will Launch USDⓈ-M MOVR Perpetual Contract With Up to 50x Leverage,1703575533016,2023-12-26 07:25:33.016000+00:00,binance
187039,listing,"Introducing Sleepless AI (AI) on Binance Launchpool! Farm AI by Staking BNB, FDUSD and TUSD",1703585038087,2023-12-26 10:03:58.087000+00:00,binance
187228,delisting,Notice of Removal of Spot Trading Pairs - 2023-12-29,1703658303224,2023-12-27 06:25:03.224000+00:00,binance
187255,listing,Notice on New Trading Pairs on Binance Spot - 2023-12-28,1703662811402,2023-12-27 07:40:11.402000+00:00,binance
187298,listing,Binance Futures Will Launch USDⓈ-M NFP Perpetual Contract With Up to 50x Leverage,1703673305599,2023-12-27 10:35:05.599000+00:00,binance
187437,listing,"Binance Futures Will Launch USDC-Margined BTC, ETH, BNB, SOL and XRP Perpetual Contracts: Enjoy 10% Off When Trading on USDC-Margined Futures!",1703757026947,2023-12-28 09:50:26.947000+00:00,binance
187661,listing,"Binance Margin Adds NFP, MLN & More Pairs",1704258903096,2024-01-03 05:15:03.096000+00:00,binance
187703,delisting,Notice of Removal of Spot Trading Pairs - 2024-01-05,1704272706024,2024-01-03 09:05:06.024000+00:00,binance
187730,listing,"Introducing Xai (XAI) on Binance Launchpool! Farm XAI by Staking BNB, FDUSD and TUSD",1704274564258,2024-01-03 09:36:04.258000+00:00,binance
187835,listing,Notice on New Trading Pairs & Trading Bots Services on Binance Spot - 2024-01-05,1704355207494,2024-01-04 08:00:07.494000+00:00,binance
188176,listing,Binance Will Launch Sleepless AI (AI) on Margin & Futures,1704702616193,2024-01-08 08:30:16.193000+00:00,binance
188258,listing,"Binance Adds Xai (XAI) on Earn, Convert, Margin, Futures & Auto-Invest",1704798001525,2024-01-09 11:00:01.525000+00:00,binance
188338,listing,Notice on New Trading Pairs & Trading Bots Services on Binance Spot - 2024-01-11,1704857735309,2024-01-10 03:35:35.309000+00:00,binance
188372,delisting,Notice of Removal of Spot Trading Pairs - 2024-01-12,1704873005010,2024-01-10 07:50:05.010000+00:00,binance
188646,listing,"Binance Margin Adds DOCK & More ARB, OP and SOL Pairs",1705039819669,2024-01-12 06:10:19.669000+00:00,binance
188822,listing,Introducing Manta (MANTA) on Binance Launchpool! Farm MANTA by Staking BNB and FDUSD,1705321485397,2024-01-15 12:24:45.397000+00:00,binance
188989,delisting,Notice of Removal of Spot Trading Pairs - 2024-01-19,1705400725138,2024-01-16 10:25:25.138000+00:00,binance
189158,listing,Binance Futures Will Launch USDC-Margined DOGE Perpetual Contract With Up to 75x Leverage,1705470605053,2024-01-17 05:50:05.053000+00:00,binance
189178,listing,Introducing AltLayer (ALT) on Binance Launchpool! Farm ALT by Staking BNB and FDUSD,1705491410042,2024-01-17 11:36:50.042000+00:00,binance
189215,listing,Notice on New Trading Pairs & Trading Bots Services on Binance Spot - 2024-01-19,1705547711039,2024-01-18 03:15:11.039000+00:00,binance
189242,listing,Binance Futures Will Launch USDⓈ-M WIF Perpetual Contract With Up to 50x Leverage,1705562715644,2024-01-18 07:25:15.644000+00:00,binance
189284,listing,"Binance Adds Manta (MANTA) on Earn, Convert, Margin & Futures",1705576221799,2024-01-18 11:10:21.799000+00:00,binance
189333,listing,"Binance Margin Adds ALPINE, BAR, CITY, PSG & More Pairs",1705635003514,2024-01-19 03:30:03.514000+00:00,binance
189387,listing,Binance Futures Will Launch USDⓈ-M ONDO Perpetual Contract With Up to 50x Leverage,1705748720362,2024-01-20 11:05:20.362000+00:00,binance
189553,listing,Notice on New Trading Pairs & Trading Bots Services on Binance Spot - 2024-01-24,1705995609675,2024-01-23 07:40:09.675000+00:00,binance
189612,delisting,Notice of Removal of Spot Trading Pairs - 2024-01-26,1706082908910,2024-01-24 07:55:08.910000+00:00,binance
189688,listing,Notice on New Trading Pairs & Trading Bots Services on Binance Spot - 2024-01-26,1706155245970,2024-01-25 04:00:45.970000+00:00,binance
189715,listing,Binance Futures Will Launch USDⓈ-M LSK Perpetual Contract With Up to 50x Leverage,1706164815354,2024-01-25 06:40:15.354000+00:00,binance
189780,listing,"Binance Adds AltLayer (ALT) on Earn, Convert, Margin & Futures",1706181013169,2024-01-25 11:10:13.169000+00:00,binance
190111,listing,Binance Margin Adds DCR & More FDUSD and USDT Pairs,1706670625137,2024-01-31 03:10:25.137000+00:00,binance
190150,delisting,Notice of Removal of Spot Trading Pairs - 2024-02-02,1706679003694,2024-01-31 05:30:03.694000+00:00,binance
190187,listing,Binance Will List Jupiter (JUP) with Seed Tag Applied,1706684813622,2024-01-31 07:06:53.622000+00:00,binance
190315,listing,"Binance Adds Jupiter (JUP) on Earn, Convert, Margin & Futures",1706719222049,2024-01-31 16:40:22.049000+00:00,binance
190392,listing,Notice on New Trading Pairs & Trading Bots Services on Binance Spot - 2024-02-02,1706771740937,2024-02-01 07:15:40.937000+00:00,binance
190486,listing,Binance Futures Will Launch USDⓈ-M ZETA Perpetual Contract With Up to 50x Leverage,1706847302780,2024-02-02 04:15:02.780000+00:00,binance
190559,listing,"Binance Margin Adds CREAM, IRIS & More FDUSD and USDC Pairs",1706857203654,2024-02-02 07:00:03.654000+00:00,binance
190521,listing,Binance Will List Pyth Network (PYTH) with Seed Tag Applied,1706860207072,2024-02-02 07:50:07.072000+00:00,binance
190693,listing,"Binance Adds Pyth Network (PYTH) on Earn, Convert & Margin",1706880006052,2024-02-02 13:20:06.052000+00:00,binance
190767,listing,Binance Will List Ronin (RONIN) with Seed Tag Applied,1707124296210,2024-02-05 09:11:36.210000+00:00,binance
190813,listing,"Binance Adds Ronin (RONIN) on Earn, Convert, Margin & Futures",1707143521999,2024-02-05 14:32:01.999000+00:00,binance
190925,listing,Notice on New Trading Pairs & Trading Bots Services on Binance Spot - 2024-02-07,1707199539841,2024-02-06 06:05:39.841000+00:00,binance
190856,delisting,"Binance Will Delist ANT, MULTI, VAI, XMR on 2024-02-20",1707202812575,2024-02-06 07:00:12.575000+00:00,binance
190993,listing,Binance Futures Will Launch USDC-Margined SUI Perpetual Contract With Up to 50x Leverage,1707210078405,2024-02-06 09:01:18.405000+00:00,binance
191009,listing,Binance Will List Dymension (DYM) with Seed Tag Applied,1707211617933,2024-02-06 09:26:57.933000+00:00,binance
191138,delisting,Notice of Removal of Margin Trading Pairs - 2024-02-16,1707275704155,2024-02-07 03:15:04.155000+00:00,binance
191174,listing,Binance Adds Dymension (DYM) on Margin & Futures,1707285913249,2024-02-07 06:05:13.249000+00:00,binance
191209,delisting,Notice of Removal of Spot Trading Pairs - 2024-02-09,1707293403373,2024-02-07 08:10:03.373000+00:00,binance
191240,listing,Introducing Pixels (PIXEL) on Binance Launchpool! Farm PIXEL by Staking BNB and FDUSD,1707359753017,2024-02-08 02:35:53.017000+00:00,binance
191434,listing,Binance Futures Will Launch USDⓈ-M OM Perpetual Contract With Up to 50x Leverage,1707801308559,2024-02-13 05:15:08.559000+00:00,binance
191520,listing,Binance Futures Will Launch USDC-Margined LINK Perpetual Contract With Up to 75x Leverage,1707901821297,2024-02-14 09:10:21.297000+00:00,binance
191907,listing,Binance Futures Will Launch USDC-Margined ORDI Perpetual Contract With Up to 75x Leverage,1708327504879,2024-02-19 07:25:04.879000+00:00,binance
191961,listing,"Binance Adds Pixels (PIXEL) on Earn, Convert, Margin & Futures",1708340422556,2024-02-19 11:00:22.556000+00:00,binance
192059,listing,Binance Will List Starknet (STRK) with Seed Tag Applied,1708395922135,2024-02-20 02:25:22.135000+00:00,binance
192126,listing,Binance Options Will Launch T+4 BTCUSDT Daily Options,1708412705927,2024-02-20 07:05:05.927000+00:00,binance
192240,listing,Binance Futures Will Launch USDⓈ-M MAVIA Perpetual Contract With Up to 50x Leverage,1708491029077,2024-02-21 04:50:29.077000+00:00,binance
192296,listing,Introducing Portal (PORTAL) on Binance Launchpool! Farm PORTAL by Staking BNB and FDUSD,1708501813542,2024-02-21 07:50:13.542000+00:00,binance
192382,listing,"Binance Margin Adds ACM, FIO, IQ & More USDT and USDC Pairs",1708571418267,2024-02-22 03:10:18.267000+00:00,binance
192404,listing,Binance Futures Will Launch USDⓈ-M GLM Perpetual Contract With Up to 50x Leverage,1708574741551,2024-02-22 04:05:41.551000+00:00,binance
192447,listing,Notice on New Trading Pairs & Trading Bots Services on Binance Spot - 2024-02-23,1708596620824,2024-02-22 10:10:20.824000+00:00,binance
192763,listing,Notice on New Trading Pairs & Trading Bots Services on Binance Spot - 2024-02-28,1709024423609,2024-02-27 09:00:23.609000+00:00,binance
192814,listing,Binance Margin Adds More FDUSD and USDT Pairs,1709087134343,2024-02-28 02:25:34.343000+00:00,binance
192862,delisting,Notice of Removal of Spot Trading Pairs - 2024-03-01,1709098527711,2024-02-28 05:35:27.711000+00:00,binance
192974,listing,"Binance Adds Portal (PORTAL) on Earn, Convert, Margin & Futures",1709204383007,2024-02-29 10:59:43.007000+00:00,binance
193112,listing,Binance Futures Will Launch USDⓈ-M TON Perpetual Contract With Up to 50x Leverage,1709269504921,2024-03-01 05:05:04.921000+00:00,binance
193153,listing,Binance Will List Axelar (AXL) with Seed Tag Applied,1709277537028,2024-03-01 07:18:57.028000+00:00,binance
193208,listing,"Binance Adds Axelar (AXL) on Earn, Convert, Margin & Futures",1709296113334,2024-03-01 12:28:33.334000+00:00,binance
193395,listing,Notice on New Trading Pairs on Binance Spot - 2024-03-05,1709538945082,2024-03-04 07:55:45.082000+00:00,binance
193491,listing,Binance Copy Trading Adds New USDⓈ-M Contracts (2024-03-05),1709608503469,2024-03-05 03:15:03.469000+00:00,binance
193509,listing,Binance Futures Will Launch MYROUSDT and 1000PEPEUSDC Perpetual Contracts With Up to 50x Leverage,1709616923762,2024-03-05 05:35:23.762000+00:00,binance
193543,listing,Binance Will List Dogwifhat (WIF) with Seed Tag Applied,1709632897364,2024-03-05 10:01:37.364000+00:00,binance
193626,listing,"Binance Adds Dogwifhat (WIF) on Earn, Convert & Margin",1709652007053,2024-03-05 15:20:07.053000+00:00,binance
193657,delisting,Notice of Removal of Margin Trading Pairs - 2024-03-15,1709692203976,2024-03-06 02:30:03.976000+00:00,binance
193722,delisting,Notice of Removal of Spot Trading Pairs - 2024-03-08,1709702704796,2024-03-06 05:25:04.796000+00:00,binance
193841,listing,Introducing AEVO (AEVO) on Binance Launchpool! Farm AEVO by Staking BNB and FDUSD,1709720755241,2024-03-06 10:25:55.241000+00:00,binance
193868,listing,Notice on New Trading Pairs & Trading Bots Services on Binance Spot - 2024-03-07,1709725251502,2024-03-06 11:40:51.502000+00:00,binance
193917,listing,"Binance Adds BNB/JPY, BTC/JPY & ETH/JPY Trading Pairs and Launches Zero-Fee Trading for JPY Spot Trading Pairs",1709787611180,2024-03-07 05:00:11.180000+00:00,binance
194068,listing,Binance Options RFQ Will Launch XRPUSDT Options,1709897109545,2024-03-08 11:25:09.545000+00:00,binance
194176,listing,Binance Will List Metis (METIS) with Seed Tag Applied,1710143970976,2024-03-11 07:59:30.976000+00:00,binance
194207,listing,"Binance Adds Metis (METIS) on Earn, Convert & Margin",1710162035327,2024-03-11 13:00:35.327000+00:00,binance
194299,listing,Binance Futures Will Launch METISUSDT and WLDUSDC Perpetual Contracts With Up to 75x Leverage,1710217805954,2024-03-12 04:30:05.954000+00:00,binance
194408,listing,Notice on New Trading Pairs & Trading Bots Services on Binance Spot - 2024-03-13 & 2024-03-14,1710234930148,2024-03-12 09:15:30.148000+00:00,binance
194456,listing,Introducing ether.fi (ETHFI) on Binance Launchpool! Farm ETHFI by Staking BNB and FDUSD,1710253801152,2024-03-12 14:30:01.152000+00:00,binance
194552,delisting,Notice of Removal of Spot Trading Pairs - 2024-03-15,1710315632769,2024-03-13 07:40:32.769000+00:00,binance
194601,listing,"Binance Adds AEVO (AEVO) on Earn, Convert, Margin & Futures",1710327333224,2024-03-13 10:55:33.224000+00:00,binance
194632,listing,Binance Futures Will Launch USDⓈ-M VANRY Perpetual Contract With Up to 50x Leverage,1710338706348,2024-03-13 14:05:06.348000+00:00,binance
194851,listing,Binance Futures Will Launch USDⓈ-M BOME Perpetual Contract With Up to 50x Leverage,1710564310142,2024-03-16 04:45:10.142000+00:00,binance
194867,listing,Binance Will List BOOK OF MEME (BOME) with Seed Tag Applied,1710581406588,2024-03-16 09:30:06.588000+00:00,binance
194971,listing,Binance Futures Will Launch USDC-Margined AVAX Perpetual Contract With Up to 75x Leverage,1710747006169,2024-03-18 07:30:06.169000+00:00,binance
195017,listing,"Binance Adds ether.fi (ETHFI) on Earn, Convert, Margin & Futures",1710766220799,2024-03-18 12:50:20.799000+00:00,binance
195125,delisting,Binance Futures Will Delist and Update the Leverage & Margin Tiers of USDⓈ-M FOOTBALLUSDT and BLUEBIRDUSDT Perpetual Contracts,1710824702006,2024-03-19 05:05:02.006000+00:00,binance
195141,listing,Binance Copy Trading Adds New USDⓈ-M Contracts (2024-03-19),1710828913565,2024-03-19 06:15:13.565000+00:00,binance
195269,listing,Notice on New Trading Pairs & Trading Bots Services on Binance Spot - 2024-03-21,1710904829478,2024-03-20 03:20:29.478000+00:00,binance
194698,delisting,"Binance Will Delist DREP, MOB, PNT on 2024-04-03",1710914407471,2024-03-20 06:00:07.471000+00:00,binance
195454,listing,Binance Futures Will List USDⓈ-M & COIN-M Quarterly 0927 Delivery Contracts,1711077367727,2024-03-22 03:16:07.727000+00:00,binance
195588,delisting,"Binance Futures Will Delist and Update the Leverage & Margin Tiers of USDⓈ-M ANTUSDT, DGBUSDT and CTKUSDT Perpetual Contracts",1711341612437,2024-03-25 04:40:12.437000+00:00,binance
195668,listing,Binance Futures Will Launch USDC-Margined 1000SHIB Perpetual Contract With Up to 50x Leverage,1711435928007,2024-03-26 06:52:08.007000+00:00,binance
195688,listing,Notice on New Trading Pairs & Trading Bots Services on Binance Spot - 2024-03-27,1711447990332,2024-03-26 10:13:10.332000+00:00,binance
195749,listing,"Binance Margin Adds DCR, LTO, MLN, WBTC & More FDUSD, USDC and USDT Pairs",1711509004008,2024-03-27 03:10:04.008000+00:00,binance
195814,delisting,Notice of Removal of Spot Trading Pairs - 2024-03-29,1711524855486,2024-03-27 07:34:15.486000+00:00,binance
196073,listing,Introducing Ethena (ENA) on Binance Launchpool! Farm ENA by Staking BNB and FDUSD,1711686374921,2024-03-29 04:26:14.921000+00:00,binance
196256,listing,Binance Futures Will Launch USDC-Margined BCH and WIF Perpetual Contracts With Up to 75x Leverage,1712029227845,2024-04-02 03:40:27.845000+00:00,binance
196294,listing,Notice on New Trading Pairs & Trading Bots Services on Binance Spot - 2024-04-03,1712040305073,2024-04-02 06:45:05.073000+00:00,binance
196327,listing,"Binance Adds Ethena (ENA) on Earn, Convert, Margin & Futures",1712048111048,2024-04-02 08:55:11.048000+00:00,binance
196322,listing,Binance Will List Wormhole (W) with Seed Tag Applied,1712054366812,2024-04-02 10:39:26.812000+00:00,binance
196456,delisting,Notice of Removal of Spot Trading Pairs - 2024-04-05,1712113246400,2024-04-03 03:00:46.400000+00:00,binance
196686,listing,Introducing Saga (SAGA) on Binance Launchpool! Farm SAGA by Staking BNB and FDUSD,1712197944107,2024-04-04 02:32:24.107000+00:00,binance
196759,listing,Notice on New Trading Pairs & Trading Bots Services on Binance Spot - 2024-04-05,1712223112512,2024-04-04 09:31:52.512000+00:00,binance
196865,listing,Binance Adds USDT/MXN Spot Trading Pair with Trading Bots Services Enabled,1712268000000,2024-04-04 22:00:00+00:00,binance
197041,listing,"Binance Adds USDT/CZK Trading Pair on Spot, with Trading Bots Services Enabled",1712570121077,2024-04-08 09:55:21.077000+00:00,binance
197057,listing,Binance Will List Tensor (TNSR) with Seed Tag Applied,1712576657942,2024-04-08 11:44:17.942000+00:00,binance
197122,listing,"Binance Adds Tensor (TNSR) on Earn, Convert, Margin & Futures",1712593208630,2024-04-08 16:20:08.630000+00:00,binance
197195,listing,Binance Futures Will Launch USDC-Margined LTC and NEAR Perpetual Contracts With Up to 75x Leverage,1712635225663,2024-04-09 04:00:25.663000+00:00,binance
197218,listing,"Binance Adds Saga (SAGA) on Earn, Convert, Margin & Futures",1712652062778,2024-04-09 08:41:02.778000+00:00,binance
197268,listing,"Binance Margin Adds ASR, ATM, FIO, JUV, WAN & More BTC, FDUSD and USDC Pairs",1712721426021,2024-04-10 03:57:06.021000+00:00,binance
197337,delisting,Notice of Removal of Spot Trading Pairs - 2024-04-12,1712732405683,2024-04-10 07:00:05.683000+00:00,binance
197362,listing,Notice on New Trading Pairs & Trading Bots Services on Binance Spot - 2024-04-11,1712736004152,2024-04-10 08:00:04.152000+00:00,binance
197420,listing,Binance Will List Bittensor (TAO) with Seed Tag Applied,1712817838489,2024-04-11 06:43:58.489000+00:00,binance
197472,listing,"Binance Adds Bittensor (TAO) on Earn, Convert, Margin & Futures",1712840407024,2024-04-11 13:00:07.024000+00:00,binance
197537,listing,Introducing Omni Network (OMNI) on Binance Launchpool! Farm OMNI by Staking BNB and FDUSD,1712901164069,2024-04-12 05:52:44.069000+00:00,binance
197863,listing,"Binance Futures Will Launch USDC-Margined ARB, NEO, and FIL Perpetual Contracts With Up to 75x Leverage",1713243610654,2024-04-16 05:00:10.654000+00:00,binance
197880,listing,Notice on New Trading Pairs & Trading Bots Services on Binance Spot - 2024-04-17,1713252609016,2024-04-16 07:30:09.016000+00:00,binance
198134,listing,"Binance Adds Omni Network (OMNI) on Earn, Buy Crypto, Convert, Margin & Futures",1713357604090,2024-04-17 12:40:04.090000+00:00,binance
198184,listing,Binance Margin Adds New USDC Pairs - 2024-04-18,1713409218694,2024-04-18 03:00:18.694000+00:00,binance
198346,listing,Notice on New Trading Pairs & Trading Bots Services on Binance Spot - 2024-04-19,1713423603192,2024-04-18 07:00:03.192000+00:00,binance
198394,listing,Binance Launches Megadrop: A Token Launch Platform with Airdrops and Web3 Quests,1713429038704,2024-04-18 08:30:38.704000+00:00,binance
198653,listing,"Binance Margin Adds ALPINE, BAR, CITY & More FDUSD, USDC and BTC Pairs",1713841238631,2024-04-23 03:00:38.631000+00:00,binance
198715,listing,Notice on New Trading Pairs & Trading Bots Services on Binance Spot - 2024-04-24,1713855628868,2024-04-23 07:00:28.868000+00:00,binance
198753,listing,Introducing Renzo (REZ) on Binance Launchpool! Farm REZ by Staking BNB and FDUSD,1713867723174,2024-04-23 10:22:03.174000+00:00,binance
198842,listing,"Binance Futures Will Launch USDC-Margined BOME, TIA, and MATIC Perpetual Contracts With Up to 75x Leverage",1713927628256,2024-04-24 03:00:28.256000+00:00,binance
198925,delisting,Notice of Removal of Spot Trading Pairs - 2024-04-26,1713942011075,2024-04-24 07:00:11.075000+00:00,binance
199061,listing,Notice on New Trading Pairs & Trading Bots Services on Binance Spot - 2024-04-26,1714032057557,2024-04-25 08:00:57.557000+00:00,binance
199064,listing,BounceBit (BB) Megadrop Is Now Open: Subscribe to BNB Locked Products or Complete Web3 Quests to Participate!,1714033831996,2024-04-25 08:30:31.996000+00:00,binance
199187,listing,Notice on New Trading Pairs & Trading Bots Services on Binance Spot - 2024-04-30,1714374014640,2024-04-29 07:00:14.640000+00:00,binance
199239,listing,Binance Futures Copy Trading Adds New USDⓈ-M Contracts (2024-04-30),1714449621471,2024-04-30 04:00:21.471000+00:00,binance
199251,listing,"Binance Futures Will Launch USDC-Margined ENA, ETHFI, and 1000BONK Perpetual Contracts With Up to 50x Leverage",1714456808602,2024-04-30 06:00:08.602000+00:00,binance
199289,listing,"Binance Adds Renzo (REZ) on Earn, Buy Crypto, Convert, Margin & Futures",1714480333322,2024-04-30 12:32:13.322000+00:00,binance
199497,delisting,"Binance Futures Will Delist and Update the Leverage & Margin Tiers of USDⓈ-M STPTUSDT, SNTUSDT, MBLUSDT, RADUSDT and CVXUSDT Perpetual Contracts",1714971617942,2024-05-06 05:00:17.942000+00:00,binance
199587,listing,Notice on New Trading Pairs & Trading Bots Services on Binance Spot - 2024-05-08,1715066119590,2024-05-07 07:15:19.590000+00:00,binance
199619,delisting,Notice of Removal of Spot Trading Pairs - 2024-05-10,1715133309910,2024-05-08 01:55:09.910000+00:00,binance
199689,delisting,"Binance Futures Will Delist and Update the Leverage & Margin Tiers of USDⓈ-M IDEXUSDT, SLPUSDT, GLMRUSDT, MDTUSDT and AUDIOUSDT Perpetual Contracts",1715144426574,2024-05-08 05:00:26.574000+00:00,binance
199818,listing,Introducing Notcoin (NOT) on Binance Launchpool! Farm NOT by Staking BNB and FDUSD,1715268300343,2024-05-09 15:25:00.343000+00:00,binance
199881,delisting,"Binance Futures Will Delist and Update the Leverage & Margin Tiers of COIN-M KNCUSD, ICXUSD, XTZUSD, ROSEUSD and APEUSD Perpetual Contracts",1715330951658,2024-05-10 08:49:11.658000+00:00,binance
200004,listing,"Binance Adds BounceBit (BB) on Earn, Buy Crypto, Convert, Margin & Futures",1715597409947,2024-05-13 10:50:09.947000+00:00,binance
200120,listing,Notice on New Trading Pairs & Trading Bots Services on Binance Spot - 2024-05-15,1715673606116,2024-05-14 08:00:06.116000+00:00,binance
200160,listing,Binance Futures Copy Trading Adds New USDⓈ-M Contracts (2024-05-14),1715680870580,2024-05-14 10:01:10.580000+00:00,binance
200281,delisting,Notice of Removal of Spot Trading Pairs - 2024-05-17,1715756405799,2024-05-15 07:00:05.799000+00:00,binance
200456,listing,Notice on New Trading Pairs & Trading Bots Services on Binance Spot - 2024-05-17,1715846408830,2024-05-16 08:00:08.830000+00:00,binance
200507,listing,"Binance Adds Notcoin (NOT) on Earn, Buy Crypto, Convert, Margin & Futures",1715862608558,2024-05-16 12:30:08.558000+00:00,binance
200862,listing,Notice on New Trading Pairs & Trading Bots Services on Binance Spot - 2024-05-23,1716343210029,2024-05-22 02:00:10.029000+00:00,binance
200889,delisting,Notice of Removal of Margin Trading Pairs - 2024-05-31,1716346801136,2024-05-22 03:00:01.136000+00:00,binance
200916,delisting,Notice of Removal of Spot Trading Pairs - 2024-05-24,1716354002528,2024-05-22 05:00:02.528000+00:00,binance
201028,listing,Introducing Lista (LISTA) on Binance Megadrop! Lock Your BNB and Complete Web3 Quests for Airdrop,1716438981742,2024-05-23 04:36:21.742000+00:00,binance
201086,listing,Binance Adds USDC/TRY Spot Trading Pair with Trading Bots Services Enabled,1716516001720,2024-05-24 02:00:01.720000+00:00,binance
201394,listing,Lista (LISTA) Megadrop Is Now Open: Subscribe to BNB Locked Products or Complete Web3 Quests to Participate!,1716890569458,2024-05-28 10:02:49.458000+00:00,binance
201417,listing,Notice on New Trading Pairs & Trading Bots Services on Binance Spot - 2024-05-29,1716908402696,2024-05-28 15:00:02.696000+00:00,binance
201466,delisting,Notice of Removal of Spot Trading Pairs - 2024-05-31,1716955213943,2024-05-29 04:00:13.943000+00:00,binance
201543,listing,Notice on New Trading Pairs & Trading Bots Services on Binance Spot - 2024-05-30,1716975423550,2024-05-29 09:37:03.550000+00:00,binance
201658,listing,Binance Adds USDT/COP Spot Trading Pair with Trading Bots Services Enabled,1717052402916,2024-05-30 07:00:02.916000+00:00,binance
201663,listing,Binance Futures Will Launch USDT-Margined TURBO Perpetual Contract With Up to 50x Leverage,1717075701188,2024-05-30 13:28:21.188000+00:00,binance
201912,delisting,"Binance Will Delist OMG, WAVES, WNXM, XEM on 2024-06-17",1717383620294,2024-06-03 03:00:20.294000+00:00,binance
201986,listing,Notice on New Trading Pairs & Trading Bots Services on Binance Spot - 2024-06-05,1717493420530,2024-06-04 09:30:20.530000+00:00,binance
202137,delisting,Notice of Removal of Spot Trading Pairs - 2024-06-07,1717565402267,2024-06-05 05:30:02.267000+00:00,binance
202145,listing,Notice on New Trading Pairs Services on Binance Spot Copy Trading - 2024-06-07,1717567201921,2024-06-05 06:00:01.921000+00:00,binance
202260,listing,Introducing IO.NET (IO) on Binance Launchpool! Farm IO by Staking BNB and FDUSD,1717648566493,2024-06-06 04:36:06.493000+00:00,binance
202441,listing,Binance Futures Copy Trading Adds New USDⓈ-M Contracts (2024-06-11),1718085691869,2024-06-11 06:01:31.869000+00:00,binance
202473,listing,"Binance Adds IO.NET (IO) on Earn, Buy Crypto, Convert, Margin & Futures",1718109021402,2024-06-11 12:30:21.402000+00:00,binance
202581,delisting,Notice of Removal of Spot Trading Pairs - 2024-06-14,1718168401265,2024-06-12 05:00:01.265000+00:00,binance
202634,listing,Notice on New Trading Pairs & Trading Bots Services on Binance Spot - 2024-06-13,1718179211366,2024-06-12 08:00:11.366000+00:00,binance
203002,listing,Binance Will List ZKsync (ZK) with ZK Token Distribution Program,1718589610865,2024-06-17 02:00:10.865000+00:00,binance
203108,listing,"Binance Adds ZKsync (ZK) on Earn, Margin & Futures",1718620201835,2024-06-17 10:30:01.835000+00:00,binance
203135,listing,Binance Futures Will Launch USDⓈ-M MEW Perpetual Contract With Up to 50x Leverage,1718625601864,2024-06-17 12:00:01.864000+00:00,binance
203163,listing,"Binance Margin Adds New FDUSD, USDC, and USDT Pairs - 2024-06-18",1718679607875,2024-06-18 03:00:07.875000+00:00,binance
203191,delisting,Notice of Removal of Margin Trading Pairs - 2024-06-19,1718690401882,2024-06-18 06:00:01.882000+00:00,binance
203249,listing,Notice on New Trading Bots Services on Binance Spot - 2024-06-20,1718762409875,2024-06-19 02:00:09.875000+00:00,binance
203303,listing,Binance Futures Will List USDⓈ-M & COIN-M Quarterly 1227 Delivery Contracts,1718769601758,2024-06-19 04:00:01.758000+00:00,binance
203365,delisting,Notice of Removal of Spot Trading Pairs - 2024-06-21,1718776801796,2024-06-19 06:00:01.796000+00:00,binance
203612,listing,Binance Will List LayerZero (ZRO) with Seed Tag Applied,1718864370953,2024-06-20 06:19:30.953000+00:00,binance
203678,listing,"Binance Adds Lista (LISTA) on Earn, Buy Crypto, Convert, Margin & Futures",1718879401842,2024-06-20 10:30:01.842000+00:00,binance
203707,listing,"Binance Adds LayerZero (ZRO) on Earn, Buy Crypto, Convert, Margin & Futures",1718890204024,2024-06-20 13:30:04.024000+00:00,binance
203734,listing,Notice on New Trading Pairs & Trading Bots Services on Binance Spot - 2024-06-21,1718892010510,2024-06-20 14:00:10.510000+00:00,binance
203998,listing,Binance Futures Copy Trading Adds New USDⓈ-M Contract (2024-06-25),1719284408864,2024-06-25 03:00:08.864000+00:00,binance
204004,delisting,Notice of Removal of Spot Trading Pairs - 2024-06-28,1719384754496,2024-06-26 06:52:34.496000+00:00,binance
204172,listing,Binance Margin Adds New FDUSD Pairs - 2024-06-28,1719540001487,2024-06-28 02:00:01.487000+00:00,binance
204334,listing,Binance Futures Will Launch USDC-Margined CRV Perpetual Contract With Up to 25x Leverage,1719824419063,2024-07-01 09:00:19.063000+00:00,binance
204430,listing,Binance Futures Copy Trading Adds New USDⓈ-M Contract (2024-07-02),1719892809548,2024-07-02 04:00:09.548000+00:00,binance
204479,listing,Notice on New Trading Pairs & Trading Bots Services on Binance Spot - 2024-07-03,1719919686593,2024-07-02 11:28:06.593000+00:00,binance
204606,delisting,Notice of Removal of Spot Trading Pairs - 2024-07-05,1719982803754,2024-07-03 05:00:03.754000+00:00,binance
204777,delisting,Notice of Removal of Margin Trading Pairs - 2024-07-08,1720152007987,2024-07-05 04:00:07.987000+00:00,binance
204802,delisting,Notice of Removal of Spot Trading Pairs - 2024-07-06,1720163547091,2024-07-05 07:12:27.091000+00:00,binance
204921,delisting,"Binance Will Delist BOND, DOCK, MDX, POLS on 2024-07-22",1720422069631,2024-07-08 07:01:09.631000+00:00,binance
204954,listing,Binance Margin Adds New USDC Pairs - 2024-07-09,1720494002020,2024-07-09 03:00:02.020000+00:00,binance
204981,delisting,Notice of Removal of Margin Trading Pairs - 2024-07-17,1720497601416,2024-07-09 04:00:01.416000+00:00,binance
205176,delisting,Notice of Removal of Spot Trading Pairs - 2024-07-12,1720601739503,2024-07-10 08:55:39.503000+00:00,binance
205202,delisting,Binance Margin Will Delist TUSD from Cross and Isolated Margin - 2024-07-24,1720663202463,2024-07-11 02:00:02.463000+00:00,binance
205283,listing,Notice on New Trading Pairs & Trading Bots Services on Binance Spot - 2024-07-12,1720683003148,2024-07-11 07:30:03.148000+00:00,binance
205654,listing,Binance Futures Will Launch WIFUSD COIN-M Perpetual Contract with up to 20x Leverage,1721095210497,2024-07-16 02:00:10.497000+00:00,binance
205820,delisting,Notice of Removal of Spot Trading Pairs - 2024-07-19,1721192408338,2024-07-17 05:00:08.338000+00:00,binance
205884,listing,Notice on New Trading Pairs & Trading Bots Services on Binance Spot - 2024-07-18,1721224018872,2024-07-17 13:46:58.872000+00:00,binance
206015,listing,Binance Margin Adds New USDC Pairs - 2024-07-18,1721271602678,2024-07-18 03:00:02.678000+00:00,binance
206046,listing,Introducing Banana Gun (BANANA) on Binance HODLer Airdrops! Subscribe your BNB to Simple Earn,1721321160825,2024-07-18 16:46:00.825000+00:00,binance
206173,listing,"Binance Adds Gravity (G) on Earn, Buy Crypto, Convert, & Margin",1721377802780,2024-07-19 08:30:02.780000+00:00,binance
206255,listing,"Binance Adds Banana Gun (BANANA) on Earn, Buy Crypto, Convert & Margin",1721468102444,2024-07-20 09:35:02.444000+00:00,binance
206383,listing,Binance Options Will List BTCUSDT and ETHUSDT 2024-11-08 Expiry Options,1721703611603,2024-07-23 03:00:11.603000+00:00,binance
206452,listing,Binance Margin Adds New USDC Pairs - 2024-07-24,1721793607759,2024-07-24 04:00:07.759000+00:00,binance
206495,delisting,Notice of Removal of Spot Trading Pairs - 2024-07-26,1721800809034,2024-07-24 06:00:09.034000+00:00,binance
206604,listing,"Binance Adds Render (RENDER) on Earn, Buy Crypto, Convert, Margin & Futures",1721982605766,2024-07-26 08:30:05.766000+00:00,binance
206789,listing,Binance Margin Adds New USDC Pairs - 2024-07-31,1722391202937,2024-07-31 02:00:02.937000+00:00,binance
206836,delisting,Notice of Removal of Spot Trading Pairs - 2024-08-02,1722409208662,2024-07-31 07:00:08.662000+00:00,binance
207258,listing,Binance Futures Copy Trading Adds New USDⓈ-M Contract (2024-08-06),1722913201749,2024-08-06 03:00:01.749000+00:00,binance
207355,listing,Binance Will List Toncoin (TON) with Seed Tag Applied,1723095568744,2024-08-08 05:39:28.744000+00:00,binance
207354,listing,Binance Futures Will Launch SOLUSD COIN-M Quarterly and Bi-Quarterly Contracts with up to 20x Leverage,1723104057596,2024-08-08 08:00:57.596000+00:00,binance
207430,listing,"Binance Adds Toncoin (TON) on Earn, Buy Crypto, Convert & Margin",1723113005368,2024-08-08 10:30:05.368000+00:00,binance
207063,delisting,"Binance Will Delist CVP, EPX, FOR, LOOM, REEF, VGX on 2024-08-26",1723446011329,2024-08-12 07:00:11.329000+00:00,binance
207714,listing,"Introducing Toncoin (TON) on Binance Launchpool and Super Earn! Farm TON by Staking BNB, FDUSD, and TON",1723551163618,2024-08-13 12:12:43.618000+00:00,binance
207775,listing,Notice on New Trading Pairs & Trading Bots Services on Binance Spot - 2024-08-16,1723597201352,2024-08-14 01:00:01.352000+00:00,binance
207839,delisting,Notice of Removal of Margin Trading Pairs - 2024-08-22,1723608007883,2024-08-14 04:00:07.883000+00:00,binance
207854,delisting,Notice of Removal of Spot Trading Pairs - 2024-08-16,1723611608432,2024-08-14 05:00:08.432000+00:00,binance
207888,listing,Binance Futures Will Launch USDⓈ-M BANANA Perpetual Contract With Up to 50x Leverage,1723636805633,2024-08-14 12:00:05.633000+00:00,binance
207979,listing,Binance Futures Will Launch USDⓈ-Margined G and RARE Perpetual Contracts With Up to 50x Leverage,1723712406380,2024-08-15 09:00:06.380000+00:00,binance
208136,listing,Binance Futures Will Launch USDⓈ-Margined SYN Perpetual Contract With up to 50x Leverage,1723797002091,2024-08-16 08:30:02.091000+00:00,binance
208212,listing,Binance Futures Will Launch USDⓈ-Margined SYS Perpetual Contract With up to 50x Leverage,1724050808420,2024-08-19 07:00:08.420000+00:00,binance
208450,listing,Binance Futures Will Launch USDⓈ-Margined VOXEL Perpetual Contract With up to 50x Leverage,1724142606175,2024-08-20 08:30:06.175000+00:00,binance
208476,listing,Binance Futures Will Launch USDⓈ-Margined BRETT Perpetual Contract With up to 50x Leverage,1724144406102,2024-08-20 09:00:06.102000+00:00,binance
208504,listing,Introducing Dogs (DOGS) on Binance Launchpool! Farm DOGS by Staking BNB and FDUSD,1724172121684,2024-08-20 16:42:01.684000+00:00,binance
208539,listing,Notice on New Trading Pairs & Trading Bots Services on Binance Spot - 2024-08-22,1724205602004,2024-08-21 02:00:02.004000+00:00,binance
208595,delisting,Notice of Removal of Spot Trading Pairs - 2024-08-23,1724223602529,2024-08-21 07:00:02.529000+00:00,binance
208718,listing,Binance Futures Will Launch USDⓈ-Margined ALPACA Perpetual Contract With up to 75x Leverage,1724315403052,2024-08-22 08:30:03.052000+00:00,binance
208745,listing,Binance Futures Will Launch USDⓈ-Margined POPCAT and SUN Perpetual Contracts With Up to 75x Leverage,1724325882887,2024-08-22 11:24:42.887000+00:00,binance
208820,listing,Binance Futures Will Launch USDⓈ-Margined VIDT Perpetual Contract With up to 75x Leverage,1724398202567,2024-08-23 07:30:02.567000+00:00,binance
208960,listing,Binance Will List Eurite (EURI) and Introduce EURI Zero Trading Fee Promotions,1724655603568,2024-08-26 07:00:03.568000+00:00,binance
208987,listing,Binance Futures Will Launch USDⓈ-Margined NULS and DOGS Perpetual Contracts With up to 75x Leverage,1724657401732,2024-08-26 07:30:01.732000+00:00,binance
209057,listing,"Binance Adds Dogs (DOGS) on Earn, Buy Crypto, Convert & Margin",1724676031569,2024-08-26 12:40:31.569000+00:00,binance
209225,listing,Notice on New Trading Pairs & Trading Bots Services on Binance Spot - 2024-08-28,1724756404423,2024-08-27 11:00:04.423000+00:00,binance
209337,delisting,Notice of Removal of Spot Trading Pairs - 2024-08-30,1724828403826,2024-08-28 07:00:03.826000+00:00,binance
209368,listing,Binance Futures Will Launch USDⓈ-Margined MBOX Perpetual Contract With up to 75x Leverage,1724833804725,2024-08-28 08:30:04.725000+00:00,binance
209462,listing,Binance Futures Will Launch USDⓈ-Margined CHESS Perpetual Contract With up to 75x Leverage,1724913004048,2024-08-29 06:30:04.048000+00:00,binance
209576,listing,Binance Margin Adds New Trading Pairs - 2024-08-30,1724983202100,2024-08-30 02:00:02.100000+00:00,binance
209683,listing,"Binance Adds Self Chain (SLF) on Earn, Buy Crypto, Convert & Margin",1725007887444,2024-08-30 08:51:27.444000+00:00,binance
209982,listing,Binance Futures Will Launch USDⓈ-Margined FLUX Perpetual Contract With up to 75x Leverage,1725343224305,2024-09-03 06:00:24.305000+00:00,binance
210009,listing,Notice on New Trading Pairs & Trading Bots Services on Binance Spot - 2024-09-04,1725350404008,2024-09-03 08:00:04.008000+00:00,binance
210298,listing,Binance Futures Will Launch USDⓈ-Margined BSW Perpetual Contract With up to 75x Leverage,1725512404575,2024-09-05 05:00:04.575000+00:00,binance
210350,listing,Binance Futures Will Launch DOGSUSD COIN-M Perpetual Contract with up to 20x Leverage,1725523209634,2024-09-05 08:00:09.634000+00:00,binance
210403,listing,Binance Futures Will Launch USDⓈ-Margined QUICK Perpetual Contract With up to 75x Leverage,1725595201777,2024-09-06 04:00:01.777000+00:00,binance
210555,listing,Binance Margin Adds New Trading Pairs - 2024-09-06,1725609608250,2024-09-06 08:00:08.250000+00:00,binance
210618,listing,Binance Futures Will Launch USDⓈ-Margined NEIROETH Perpetual Contract With up to 75x Leverage,1725627615089,2024-09-06 13:00:15.089000+00:00,binance
210740,listing,Binance Futures Will Launch USDⓈ-Margined RPL Perpetual Contract With up to 75x Leverage,1725877801244,2024-09-09 10:30:01.244000+00:00,binance
210784,listing,Binance Futures Copy Trading Adds New USDⓈ-M Contract (2024-09-10),1725948005849,2024-09-10 06:00:05.849000+00:00,binance
210814,listing,Binance Futures Will Launch USDⓈ-Margined AERGO Perpetual Contract With up to 75x Leverage,1725963306091,2024-09-10 10:15:06.091000+00:00,binance
210934,delisting,Notice of Removal of Spot Trading Pairs - 2024-09-13,1726038010024,2024-09-11 07:00:10.024000+00:00,binance
211052,listing,Notice on New Trading Bots Services on Binance Spot - 2024-09-13,1726124406011,2024-09-12 07:00:06.011000+00:00,binance
211120,listing,Binance Futures Will Launch SUIUSD COIN-M Perpetual Contract With up to 20x Leverage,1726151408197,2024-09-12 14:30:08.197000+00:00,binance
211155,listing,Introducing Hamster Kombat (HMSTR) on Binance Launchpool and Super Earn!,1726153299022,2024-09-12 15:01:39.022000+00:00,binance
211209,listing,"Binance Will Add Polygon (POL) on Earn, Buy Crypto, Convert, Margin & Futures",1726219804612,2024-09-13 09:30:04.612000+00:00,binance
211264,listing,Introducing Catizen (CATI) on Binance Launchpool! Farm CATI by Locking BNB and FDUSD,1726230768590,2024-09-13 12:32:48.590000+00:00,binance
211291,listing,Binance Futures Will Launch USDⓈ-Margined UXLINK Perpetual Contract With up to 75x Leverage,1726405472169,2024-09-15 13:04:32.169000+00:00,binance
211378,listing,"Binance Will List First Neiro on Ethereum (NEIRO), Turbo (TURBO), and Baby Doge Coin (1MBABYDOGE) with Seed Tag Applied",1726465502167,2024-09-16 05:45:02.167000+00:00,binance
211431,listing,Binance Futures Will Launch USDⓈ-Margined NEIROUSDT and 1MBABYDOGEUSDT Perpetual Contracts With up to 75x Leverage,1726475435843,2024-09-16 08:30:35.843000+00:00,binance
211457,listing,"Binance Will Add First Neiro on Ethereum (NEIRO), Turbo (TURBO) and Baby Doge Coin (1MBABYDOGE) on Earn, Buy Crypto, Convert & Margin",1726479005742,2024-09-16 09:30:05.742000+00:00,binance
211484,listing,Binance Futures Will Launch USDⓈ-Margined CATIUSDT and HMSTRUSDT Perpetual Contracts With up to 75x Leverage,1726482602376,2024-09-16 10:30:02.376000+00:00,binance
211557,delisting,Notice of Removal of Margin Trading Pairs - 2024-09-24,1726547412323,2024-09-17 04:30:12.323000+00:00,binance
211752,delisting,Notice of Removal of Spot Trading Pairs - 2024-09-20,1726642808272,2024-09-18 07:00:08.272000+00:00,binance
211820,listing,Binance Futures Will Launch USDⓈ-Margined KDAUSDT Perpetual Contract With up to 75x Leverage,1726659001250,2024-09-18 11:30:01.250000+00:00,binance
211991,listing,Binance Futures Will Launch USDⓈ-Margined FIDAUSDT Perpetual Contract With up to 75x Leverage,1726741822746,2024-09-19 10:30:22.746000+00:00,binance
212069,listing,Binance Futures Will List USDⓈ-M & COIN-M Quarterly 0328 Delivery Contracts,1726808422146,2024-09-20 05:00:22.146000+00:00,binance
212122,listing,"Binance Will Add Catizen (CATI) on Earn, Buy Crypto, Convert & Margin",1726822804324,2024-09-20 09:00:04.324000+00:00,binance
212125,listing,Binance Futures Will Launch USDⓈ-Margined FIOUSDT Perpetual Contract With up to 75x Leverage,1726824612129,2024-09-20 09:30:12.129000+00:00,binance
212426,listing,Binance Futures Will Launch USDⓈ-Margined GHSTUSDT Perpetual Contract With up to 75x Leverage,1727089206478,2024-09-23 11:00:06.478000+00:00,binance
212504,listing,Binance Futures Will Launch USDⓈ-Margined LOKAUSDT Perpetual Contract With up to 75x Leverage,1727170211745,2024-09-24 09:30:11.745000+00:00,binance
212528,listing,Notice on New Trading Pairs & Trading Bots Services on Binance Spot - 2024-09-25,1727172009113,2024-09-24 10:00:09.113000+00:00,binance
212614,delisting,Notice of Removal of Spot Trading Pairs - 2024-09-27,1727247606169,2024-09-25 07:00:06.169000+00:00,binance
212774,listing,"Binance Will Add Hamster Kombat (HMSTR) on Earn, Buy Crypto, Convert & Margin",1727350206921,2024-09-26 11:30:06.921000+00:00,binance
212985,listing,Binance Futures Will Launch WLDUSD COIN-M Perpetual Contract with up to 20x Leverage,1727409606613,2024-09-27 04:00:06.613000+00:00,binance
213035,listing,Binance Futures Will Launch USDⓈ-Margined REIUSDT Perpetual Contract With up to 75x Leverage,1727427603823,2024-09-27 09:00:03.823000+00:00,binance
213198,listing,Binance Will List EigenLayer (EIGEN) with Seed Tag Applied,1727684397115,2024-09-30 08:19:57.115000+00:00,binance
213249,listing,Binance Futures Will Launch USDⓈ-Margined COSUSDT Perpetual Contract With up to 75x Leverage,1727692857877,2024-09-30 10:40:57.877000+00:00,binance
213298,listing,"Binance Will Add EigenLayer (EIGEN) on Earn, Buy Crypto, Convert, Margin & Futures",1727755206794,2024-10-01 04:00:06.794000+00:00,binance
213377,listing,Notice on New Trading Pairs & Trading Bots Services on Binance Spot - 2024-10-02,1727776800000,2024-10-01 10:00:00+00:00,binance
213492,delisting,Notice of Removal of Spot Trading Pairs - 2024-10-04,1727852403528,2024-10-02 07:00:03.528000+00:00,binance
213581,listing,Binance Futures Will Launch USDⓈ-Margined DIAUSDT Perpetual Contract With up to 75x Leverage,1727865144788,2024-10-02 10:32:24.788000+00:00,binance
214094,listing,Introducing Scroll (SCR) on Binance Launchpool and Pre-Market!,1728375333000,2024-10-08 08:15:33+00:00,binance
214289,listing,Binance Will List Binance Staked SOL (BNSOL) and Introduce BNSOL Boosted APR Promotion,1728457213876,2024-10-09 07:00:13.876000+00:00,binance
214317,delisting,Notice of Removal of Spot Trading Pairs - 2024-10-11,1728459005581,2024-10-09 07:30:05.581000+00:00,binance
214361,listing,"Binance Will Add Binance Staked SOL (BNSOL) on Earn, Convert & Margin",1728545405645,2024-10-10 07:30:05.645000+00:00,binance
214390,listing,Notice on New Trading Bots Services on Binance Spot - 2024-10-11,1728614289121,2024-10-11 02:38:09.121000+00:00,binance
214550,listing,Notice on New Trading Pairs & Trading Bots Services on Binance Spot - 2024-10-16,1728979209984,2024-10-15 08:00:09.984000+00:00,binance
214749,listing,Notice on New Trading Pairs & Trading Bots Services on Binance Spot and Margin - 2024-10-17,1729062001941,2024-10-16 07:00:01.941000+00:00,binance
214841,listing,Binance Will End the Scroll (SCR) Pre-Market and List Scroll (SCR) with Seed Tag Applied,1729214529998,2024-10-18 01:22:09.998000+00:00,binance
214915,listing,"Binance Has Added Binance Staked SOL (BNSOL) on Auto-Invest, Buy Crypto & Loans",1729238405403,2024-10-18 08:00:05.403000+00:00,binance
214941,listing,"Binance Will Add Lumia (LUMIA) on Earn, Buy Crypto, Convert & Margin",1729240205707,2024-10-18 08:30:05.707000+00:00,binance
215164,listing,Binance Futures Will Launch USDⓈ-Margined 1000CATUSDT Perpetual Contract With up to 75x Leverage,1729506638455,2024-10-21 10:30:38.455000+00:00,binance
215222,listing,"Binance Will Add Scroll (SCR) on Earn, Buy Crypto, Convert, Margin & Futures",1729585806416,2024-10-22 08:30:06.416000+00:00,binance
215440,delisting,Notice of Removal of Spot Trading Pairs - 2024-10-25,1729665008538,2024-10-23 06:30:08.538000+00:00,binance
215319,delisting,"Binance Will Delist IDRT, KP3R, OOKI, UNFI on 2024-11-06",1729666837062,2024-10-23 07:00:37.062000+00:00,binance
215677,listing,Binance Futures Will Launch USDⓈ-Margined GOATUSDT Perpetual Contract With up to 75x Leverage,1729769672095,2024-10-24 11:34:32.095000+00:00,binance
215707,listing,Binance Futures Will Launch USDⓈ-Margined MOODENGUSDT Perpetual Contract With up to 75x Leverage,1729843231189,2024-10-25 08:00:31.189000+00:00,binance
215763,listing,Binance Futures Will Launch USDⓈ-Margined SAFEUSDT Perpetual Contract With up to 75x Leverage,1729852200674,2024-10-25 10:30:00.674000+00:00,binance
215898,listing,Binance Futures Will Launch USDⓈ-Margined SANTOSUSDT Perpetual Contract With up to 75x Leverage,1730116800976,2024-10-28 12:00:00.976000+00:00,binance
215934,listing,Binance Futures Copy Trading Adds New USDⓈ-M Perpetual Contracts (2024-10-29),1730167208125,2024-10-29 02:00:08.125000+00:00,binance
216184,listing,"Binance Will Add Kaia (KAIA) on Earn, Buy Crypto, Convert, and Margin",1730359816080,2024-10-31 07:30:16.080000+00:00,binance
216263,listing,Binance Futures Will Launch USDⓈ-Margined TROYUSDT Perpetual Contract With up to 75x Leverage,1730372403363,2024-10-31 11:00:03.363000+00:00,binance
216392,listing,Binance Futures Will Launch USDⓈ-Margined PONKEUSDT Perpetual Contract With up to 75x Leverage,1730716223083,2024-11-04 10:30:23.083000+00:00,binance
216417,listing,Binance Futures Copy Trading Adds New USDⓈ-M Perpetual Contracts (2024-11-05),1730790010168,2024-11-05 07:00:10.168000+00:00,binance
216421,delisting,Notice of Removal of Margin Trading Pairs - 2024-11-14,1730858404449,2024-11-06 02:00:04.449000+00:00,binance
216473,listing,Binance Will List Cow Protocol (COW) and Cetus Protocol (CETUS) with Seed Tag Applied,1730869807602,2024-11-06 05:10:07.602000+00:00,binance
216553,delisting,Notice of Removal of Spot Trading Pairs - 2024-11-08,1730876416575,2024-11-06 07:00:16.575000+00:00,binance
216599,listing,"Binance Will Add Cow Protocol (COW) and Cetus Protocol (CETUS) on Earn, Buy Crypto, Convert, Margin & Futures",1730892607366,2024-11-06 11:30:07.366000+00:00,binance
216744,listing,Binance Futures Will Launch USDⓈ-Margined 1000000MOGUSDT Perpetual Contract With up to 75x Leverage,1730975333236,2024-11-07 10:28:53.236000+00:00,binance
216852,listing,"Binance Futures Will Launch USDⓈ-Margined GRASSUSDT, DRIFTUSDT, and SWELLUSDT Perpetual Contracts With up to 75x Leverage",1731074582460,2024-11-08 14:03:02.460000+00:00,binance
216994,listing,Binance Will List Act I : The AI Prophecy (ACT) and Peanut the Squirrel (PNUT) with Seed Tag Applied,1731303569462,2024-11-11 05:39:29.462000+00:00,binance
217041,listing,"Binance Will Add Act I : The AI Prophecy (ACT) and Peanut the Squirrel (PNUT) on Earn, Buy Crypto, Convert, Margin & Futures",1731317423797,2024-11-11 09:30:23.797000+00:00,binance
217145,listing,Notice on New Trading Pairs & Trading Bots Services on Binance Spot - 2024-11-13,1731402006478,2024-11-12 09:00:06.478000+00:00,binance
217261,listing,Binance Futures Will Launch USDⓈ-Margined HIPPOUSDT and 1000XUSDT Perpetual Contract With up to 75x Leverage,1731493800839,2024-11-13 10:30:00.839000+00:00,binance
217379,listing,Introducing Usual (USUAL) on Binance Launchpool and Pre-Market!,1731569529354,2024-11-14 07:32:09.354000+00:00,binance
217413,listing,Notice on New Trading Pairs & Trading Bots Services on Binance Spot - 2024-11-15,1731574815563,2024-11-14 09:00:15.563000+00:00,binance
217499,listing,Binance Futures Will Launch USDⓈ-Margined DEGENUSDT Perpetual Contract With up to 75x Leverage,1731663013144,2024-11-15 09:30:13.144000+00:00,binance
217573,listing,Binance Margin Adds New USDC Pairs - 2024-11-18,1731906001533,2024-11-18 05:00:01.533000+00:00,binance
217630,listing,Binance Futures Will Launch USDⓈ-Margined BANUSDT and AKTUSDT Perpetual Contracts With up to 75x Leverage,1731922212272,2024-11-18 09:30:12.272000+00:00,binance
217727,listing,Notice on New Trading Pairs & Trading Bots Services on Binance Spot - 2024-11-20,1732006802967,2024-11-19 09:00:02.967000+00:00,binance
217730,delisting,Notice of Removal of Margin Trading Pairs - 2024-11-27,1732068016813,2024-11-20 02:00:16.813000+00:00,binance
217836,delisting,Notice of Removal of Spot Trading Pairs - 2024-11-22,1732086001462,2024-11-20 07:00:01.462000+00:00,binance
217887,listing,Notice on New Trading Pairs & Trading Bots Services on Binance Spot - 2024-11-22,1732096809305,2024-11-20 10:00:09.305000+00:00,binance
217985,listing,Binance Futures Will Launch USDⓈ-Margined SLERFUSDT and SCRTUSDT Perpetual Contracts With up to 75x Leverage,1732181402071,2024-11-21 09:30:02.071000+00:00,binance
218065,listing,Binance Margin Adds New USDC Pairs - 2024-11-25,1732501821187,2024-11-25 02:30:21.187000+00:00,binance
218165,listing,Binance Options Will Launch BNBUSDT and SOLUSDT Monthly Options,1732510801511,2024-11-25 05:00:01.511000+00:00,binance
218188,listing,Binance Futures Will Launch USDⓈ-Margined 1000WHYUSDT and 1000CHEEMSUSDT Perpetual Contracts With up to 75x Leverage,1732527302268,2024-11-25 09:35:02.268000+00:00,binance
218294,listing,Introducing Thena (THE) on Binance HODLer Airdrops! Subscribe your BNB to Simple Earn,1732607852153,2024-11-26 07:57:32.153000+00:00,binance
218253,delisting,"Binance Will Delist GFT, IRIS, KEY, OAX, REN on 2024-12-10",1732609814278,2024-11-26 08:30:14.278000+00:00,binance
218416,listing,Notice on New Trading Pairs and Trading Bots Services on Binance Spot - 2024-11-28 and 2024-11-29,1732694432674,2024-11-27 08:00:32.674000+00:00,binance
218444,listing,"Binance Will Add Thena (THE) on Earn, Buy Crypto, Convert, Margin & Futures",1732699831890,2024-11-27 09:30:31.890000+00:00,binance
218471,listing,Binance Futures Will Launch USDⓈ-Margined MORPHOUSDT and CHILLGUYUSDT Perpetual Contracts With up to 75x Leverage,1732710701624,2024-11-27 12:31:41.624000+00:00,binance
218648,delisting,"Binance Futures Will Delist USDⓈ-M XEMUSDT, ORBSUSDT and LOOMUSDT Perpetual Contracts (2024-12-09)",1732852801809,2024-11-29 04:00:01.809000+00:00,binance
218701,delisting,Suspension of Gifto (GFT) Deposits and Update on the Delisting Date (2024-12-03),1732889433223,2024-11-29 14:10:33.223000+00:00,binance
218889,delisting,Notice of Removal of Margin Trading Pairs - 2024-12-11,1733194813524,2024-12-03 03:00:13.524000+00:00,binance
218915,listing,Binance Futures Copy Trading Adds New USDⓈ-M Perpetual Contracts (2024-12-03),1733211012825,2024-12-03 07:30:12.825000+00:00,binance
218928,listing,Notice on New Trading Pairs & Trading Bots Services on Binance Spot - 2024-12-04,1733212803588,2024-12-03 08:00:03.588000+00:00,binance
218985,delisting,Notice of Removal of Spot Trading Pairs - 2024-12-06,1733295601811,2024-12-04 07:00:01.811000+00:00,binance
219071,listing,Binance Futures Will Launch USDⓈ-Margined KAIAUSDT and AEROUSDT Perpetual Contracts With up to 75x Leverage,1733313823583,2024-12-04 12:03:43.583000+00:00,binance
219122,listing,Notice on New Trading Pairs & Trading Bots Services on Binance Spot - 2024-12-06,1733385601771,2024-12-05 08:00:01.771000+00:00,binance
219234,delisting,"Binance Futures Will Delist USDⓈ-M MAVIAUSDT, OMGUSDT, and BONDUSDT Perpetual Contracts (2024-12-16)",1733454004185,2024-12-06 03:00:04.185000+00:00,binance
219276,listing,Binance Will List Across Protocol (ACX) and Orca (ORCA) with Seed Tag Applied,1733474058953,2024-12-06 08:34:18.953000+00:00,binance
219327,listing,"Binance Will Add Across Protocol (ACX) and Orca (ORCA) on Earn, Buy Crypto, Convert, Margin & Futures",1733488747249,2024-12-06 12:39:07.249000+00:00,binance
219471,listing,Introducing Movement (MOVE) on Binance HODLer Airdrops! Subscribe your BNB to Simple Earn,1733732956897,2024-12-09 08:29:16.897000+00:00,binance
219510,listing,Movement (MOVE) Listing Will Be Advanced,1733744707679,2024-12-09 11:45:07.679000+00:00,binance
219513,listing,"Binance Will Add Movement (MOVE) on Earn, Buy Crypto, Convert, Margin & Futures",1733746147487,2024-12-09 12:09:07.487000+00:00,binance
219677,listing,Binance Will List Magic Eden (ME) with Seed Tag Applied,1733815340546,2024-12-10 07:22:20.546000+00:00,binance
219709,listing,"Binance Futures Will Launch USDⓈ-Margined RAYSOLUSDT, KOMAUSDT, VIRTUALUSDT, and SPXUSDT Perpetual Contracts With up to 75x Leverage",1733822380056,2024-12-10 09:19:40.056000+00:00,binance
219706,listing,Notice on New Trading Pairs & Trading Bots Services on Binance Spot - 2024-12-11,1733824810548,2024-12-10 10:00:10.548000+00:00,binance
219757,listing,"Binance Will Add Magic Eden (ME) on Earn, Buy Crypto, Convert, Margin & Futures",1733841398159,2024-12-10 14:36:38.159000+00:00,binance
219921,delisting,Notice of Removal of Spot Trading Pairs - 2024-12-13,1733900401363,2024-12-11 07:00:01.363000+00:00,binance
220110,listing,Notice on New Trading Pairs & Trading Bots Services on Binance Spot - 2024-12-13,1733994012484,2024-12-12 09:00:12.484000+00:00,binance
220167,listing,Binance Will End the Usual (USUAL) Pre-Market and List Usual (USUAL) with Seed Tag Applied,1733996345064,2024-12-12 09:39:05.064000+00:00,binance
220224,listing,Binance Will List Velodrome Finance (VELODROME) with Seed Tag Applied,1734077277826,2024-12-13 08:07:57.826000+00:00,binance
220274,listing,Introducing Vana (VANA) on Binance Launchpool! Farm VANA by Locking BNB and FDUSD,1734080388395,2024-12-13 08:59:48.395000+00:00,binance
220330,listing,Binance Futures Will Launch USDⓈ-Margined AVAUSDT and DEGOUSDT Perpetual Contracts With up to 75x Leverage,1734086380907,2024-12-13 10:39:40.907000+00:00,binance
220356,listing,"Binance Will Add Velodrome Finance (VELODROME) on Earn, Buy Crypto, Convert, Margin & Futures",1734096627605,2024-12-13 13:30:27.605000+00:00,binance
220463,delisting,Delisting of USDⓈ-M OMGUSDT Perpetual Contract Postponed,1734184414273,2024-12-14 13:53:34.273000+00:00,binance
220594,listing,Binance Futures Will Launch USDⓈ-Margined MOCAUSDT Perpetual Contract With up to 75x Leverage,1734340783453,2024-12-16 09:19:43.453000+00:00,binance
220591,listing,"Binance Will Add Vana (VANA) on Earn, Buy Crypto, Convert, Margin & Futures",1734346825106,2024-12-16 11:00:25.106000+00:00,binance
220669,listing,Introducing Simon's Cat (1000CAT) and Pudgy Penguins (PENGU) on Binance HODLer Airdrops!,1734352605627,2024-12-16 12:36:45.627000+00:00,binance
220761,listing,"Binance Will Add Simon's Cat (1000CAT) and Pudgy Penguins (PENGU) on Earn, Buy Crypto, Convert, Margin & Futures",1734424208879,2024-12-17 08:30:08.879000+00:00,binance
220880,delisting,Notice of Removal of Spot Trading Pairs - 2024-12-20,1734494422735,2024-12-18 04:00:22.735000+00:00,binance
220963,listing,Binance Futures Copy Trading Adds New USDⓈ-M Perpetual Contracts (2024-12-18),1734507029325,2024-12-18 07:30:29.325000+00:00,binance
220874,delisting,"Binance Will Delist AKRO, BLZ, WRX on 2024-12-25",1734508872939,2024-12-18 08:01:12.939000+00:00,binance
221018,listing,Notice on New Trading Pairs & Trading Bots Services on Binance Spot - 2024-12-19,1734512409815,2024-12-18 09:00:09.815000+00:00,binance
221079,listing,Binance Futures Will Launch USDⓈ-Margined LUMIAUSDT Perpetual Contract With up to 75x Leverage,1734514149028,2024-12-18 09:29:09.028000+00:00,binance
221045,listing,"Binance Will Add Usual (USUAL) on Earn, Buy Crypto, Convert, Margin & Futures",1734517803199,2024-12-18 10:30:03.199000+00:00,binance
221313,listing,Binance Futures Will List USDⓈ-M & COIN-M Quarterly 0627 Delivery Contracts,1734660004661,2024-12-20 02:00:04.661000+00:00,binance
221339,delisting,Delisting of USDⓈ-M OMGUSDT Perpetual Contract Will Be Further Postponed,1734678000929,2024-12-20 07:00:00.929000+00:00,binance
221412,listing,"Binance Futures Will Launch USDⓈ-Margined AIXBTUSDT, FARTCOINUSDT, KMNOUSDT and CGPTUSDT Perpetual Contracts With up to 75x Leverage",1734710650493,2024-12-20 16:04:10.493000+00:00,binance
221532,listing,Binance Futures Will Launch USDⓈ-Margined HIVEUSDT Perpetual Contract With up to 75x Leverage,1734945318480,2024-12-23 09:15:18.480000+00:00,binance
221560,listing,Introducing BIO Protocol (BIO) on Binance Launchpool! Farm BIO by Locking BNB and FDUSD,1734949152975,2024-12-23 10:19:12.975000+00:00,binance
221671,delisting,Notice of Removal of Spot Trading Pairs - 2024-12-27,1735020004422,2024-12-24 06:00:04.422000+00:00,binance
221735,listing,Binance Futures Will Launch USDⓈ-Margined DEXEUSDT Perpetual Contract With up to 75x Leverage,1735031705604,2024-12-24 09:15:05.604000+00:00,binance
221988,listing,Binance Futures Will Launch USDⓈ-Margined PHAUSDT and DFUSDT Perpetual Contracts With up to 75x Leverage,1735550106345,2024-12-30 09:15:06.345000+00:00,binance
222012,listing,Introducing Solv Protocol (SOLV) on Binance Megadrop! Lock Your BNB and Complete Web3 Quests for Airdrop,1735554177872,2024-12-30 10:22:57.872000+00:00,binance
222286,listing,"Binance Futures Will Launch USDⓈ-Margined GRIFFAINUSDT, AI16ZUSDT and ZEREBROUSDT Perpetual Contracts With up to 75x Leverage",1735815037626,2025-01-02 10:50:37.626000+00:00,binance
222409,delisting,Notice on Delisting of Binance Loans (Flexible Rate) Loanable Assets - 2025-01-03,1735880404764,2025-01-03 05:00:04.764000+00:00,binance
222488,listing,"Binance Will Add BIO Protocol (BIO) on Earn, Buy Crypto, Convert, Margin & Futures",1735896622068,2025-01-03 09:30:22.068000+00:00,binance
222687,listing,Solv Protocol (SOLV) Megadrop Is Now Open: Subscribe to BNB Locked Products or Complete Web3 Quests to Participate!,1736148898028,2025-01-06 07:34:58.028000+00:00,binance
222717,listing,Binance Adds New JPY Spot Trading Pairs and Launches Zero Maker Fee Promotion,1736218809567,2025-01-07 03:00:09.567000+00:00,binance
222747,listing,Notice on New Trading Pairs & Trading Bots Services on Binance Spot - 2025-01-08,1736236804457,2025-01-07 08:00:04.457000+00:00,binance
222775,listing,"Binance Futures Will Launch USDⓈ-Margined COOKIEUSDT, ALCHUSDT, and SWARMSUSDT Perpetual Contracts With up to 75x Leverage",1736240280965,2025-01-07 08:58:00.965000+00:00,binance
222800,delisting,Notice of Removal of Margin Trading Pairs - 2025-01-16,1736301611670,2025-01-08 02:00:11.670000+00:00,binance
222844,listing,Binance Futures Will Launch USDⓈ-Margined SONICUSDT Perpetual Contract With up to 75x Leverage,1736312068898,2025-01-08 04:54:28.898000+00:00,binance
222868,delisting,Notice of Removal of Spot Trading Pairs - 2025-01-10,1736319604480,2025-01-08 07:00:04.480000+00:00,binance
222969,listing,"Binance Will Add Dar Open Network (D) on Earn, Buy Crypto, Convert, Margin & Futures",1736407805054,2025-01-09 07:30:05.054000+00:00,binance
223008,listing,Notice on New Trading Pairs & Trading Bots Services on Binance Spot - 2025-01-10,1736416810331,2025-01-09 10:00:10.331000+00:00,binance
223089,listing,"Binance Will List aixbt by Virtuals (AIXBT), ChainGPT(CGPT), Cookie DAO(COOKIE) with Seed Tag Applied",1736499327639,2025-01-10 08:55:27.639000+00:00,binance
223117,listing,"Binance Will Add aixbt by Virtuals (AIXBT), ChainGPT (CGPT) and Cookie DAO (COOKIE) on Earn, Buy Crypto, Convert & Margin",1736512210013,2025-01-10 12:30:10.013000+00:00,binance
223231,listing,Binance Options RFQ Adds SOLUSDT Options,1736827208343,2025-01-14 04:00:08.343000+00:00,binance
223237,listing,Binance Futures Copy Trading Adds New USDⓈ-M Perpetual Contracts (2025-01-14),1736838025041,2025-01-14 07:00:25.041000+00:00,binance
223240,delisting,Notice on Delisting of Binance Loans (Flexible Rate) Loanable Assets - 2025-01-15,1736841604362,2025-01-14 08:00:04.362000+00:00,binance
223397,delisting,Notice of Removal of Spot Trading Pairs - 2025-01-17,1736924413729,2025-01-15 07:00:13.729000+00:00,binance
223426,delisting,Binance Futures Will Delist and Update the Leverage & Margin Tiers of USDⓈ-M REEFUSDT Perpetual Contract (2025-01-22),1736928006723,2025-01-15 08:00:06.723000+00:00,binance
223488,listing,Binance Futures Will Launch USDⓈ-Margined PROMUSDT Perpetual Contract With up to 75x Leverage,1736937009822,2025-01-15 10:30:09.822000+00:00,binance
223546,listing,"Binance Will Add Sonic (S) on Earn, Buy Crypto, Convert, Margin & Futures",1737012604757,2025-01-16 07:30:04.757000+00:00,binance
223751,listing,"Binance Will Add Solv Protocol (SOLV) on Earn, Buy Crypto, Convert, Margin & Futures",1737106205001,2025-01-17 09:30:05.001000+00:00,binance
223855,listing,Binance Futures Will Launch USDⓈ-Margined ARCUSDT and AVAAIUSDT Perpetual Contracts With up to 25x Leverage,1737108423396,2025-01-17 10:07:03.396000+00:00,binance
223942,listing,Binance Futures Will Launch USDⓈ-Margined TRUMPUSDT Perpetual Contract With up to 25x Leverage,1737196991591,2025-01-18 10:43:11.591000+00:00,binance
223961,listing,Binance Will List OFFICIAL TRUMP (TRUMP) with Seed Tag Applied,1737259542151,2025-01-19 04:05:42.151000+00:00,binance
223988,listing,"Binance Will Add OFFICIAL TRUMP (TRUMP) on Earn, Buy Crypto, Convert & Margin",1737274502690,2025-01-19 08:15:02.690000+00:00,binance
224099,listing,Binance Futures Will Launch USDⓈ-Margined MELANIAUSDT Perpetual Contract With up to 25x Leverage,1737356113731,2025-01-20 06:55:13.731000+00:00,binance
224202,listing,Notice on New Trading Pairs & Trading Bots Services on Binance Spot - 2025-01-21,1737367204081,2025-01-20 10:00:04.081000+00:00,binance
224286,listing,Binance Futures Copy Trading Adds New USDⓈ-M Perpetual Contracts (2025-01-21),1737424802180,2025-01-21 02:00:02.180000+00:00,binance
224401,listing,Binance Futures Will Launch USDⓈ-Margined VTHOUSDT Perpetual Contract With up to 75x Leverage,1737531016033,2025-01-22 07:30:16.033000+00:00,binance
224502,listing,Introducing Animecoin (ANIME) on Binance HODLer Airdrops! Earn ANIME With Retroactive BNB Simple Earn Subscriptions,1737540163943,2025-01-22 10:02:43.943000+00:00,binance
224557,listing,"Binance Will Add Animecoin (ANIME) on Earn, Buy Crypto, Convert, Margin & Futures",1737642618313,2025-01-23 14:30:18.313000+00:00,binance
224634,listing,Binance Futures Will Launch USDⓈ-Margined VINEUSDT and PIPPINUSDT Perpetual Contracts With up to 25x Leverage,1737702606449,2025-01-24 07:10:06.449000+00:00,binance
224864,listing,Binance Futures Will Launch USDⓈ-Margined VVVUSDT Perpetual Contract With up to 25x Leverage,1738129940129,2025-01-29 05:52:20.129000+00:00,binance
225007,delisting,Notice of Removal of Spot Trading Pairs - 2025-02-06,1738652401494,2025-02-04 07:00:01.494000+00:00,binance
225084,listing,Notice on New Trading Bots Services on Binance Spot,1738724435666,2025-02-05 03:00:35.666000+00:00,binance
225175,listing,Introducing Berachain (BERA) on Binance HODLer Airdrops! Earn BERA With Retroactive BNB Simple Earn Subscriptions,1738757946573,2025-02-05 12:19:06.573000+00:00,binance
225224,listing,"Binance Will Add Berachain (BERA) on Earn, Buy Crypto, Convert, Margin & Futures",1738845009657,2025-02-06 12:30:09.657000+00:00,binance
225296,listing,Binance Will List Cheems (1000CHEEMS) and Test (TST) with Seed Tag Applied,1739085031264,2025-02-09 07:10:31.264000+00:00,binance
225322,listing,"Binance Will Add Cheems (1000CHEEMS) and Test (TST) on Earn, Buy Crypto, Convert, Margin & Futures",1739097008532,2025-02-09 10:30:08.532000+00:00,binance
225429,delisting,Notice of Removal of Margin Trading Pairs - 2025-02-17,1739239206765,2025-02-11 02:00:06.765000+00:00,binance
225453,listing,Notice on New Trading Pairs & Trading Bots Services on Binance Spot - 2025-02-12,1739250016796,2025-02-11 05:00:16.796000+00:00,binance
225484,listing,Introducing Solayer (LAYER) on Binance HODLer Airdrops! Subscribe your BNB to Simple Earn,1739256209498,2025-02-11 06:43:29.498000+00:00,binance
225510,listing,"Binance Will Add Solayer (LAYER) on Earn, Buy Crypto, Convert, Margin & Futures",1739280669974,2025-02-11 13:31:09.974000+00:00,binance
225676,delisting,Notice of Removal of Spot Trading Pairs - 2025-02-14,1739343628506,2025-02-12 07:00:28.506000+00:00,binance
225745,listing,"Binance Will Add Heima (HEI) on Earn, Buy Crypto, Convert, Margin & Futures",1739431808945,2025-02-13 07:30:08.945000+00:00,binance
225801,listing,Binance Futures Will Launch USDⓈ-Margined B3USDT Perpetual Contract With up to 25x Leverage,1739439910452,2025-02-13 09:45:10.452000+00:00,binance
225900,listing,Binance Futures Will Launch USDⓈ-Margined IPUSDT Perpetual Contract With up to 25x Leverage,1739459091469,2025-02-13 15:04:51.469000+00:00,binance
226097,listing,Binance Adds New JPY Spot Trading Pairs and Launches Zero Maker Fee Promotion - 2025-02-20,1739761201071,2025-02-17 03:00:01.071000+00:00,binance
226076,delisting,"Binance Will Delist AMB, CLV, STMX, VITE on 2025-02-24",1739775624287,2025-02-17 07:00:24.287000+00:00,binance
226229,listing,Notice on New Trading Pairs & Trading Bots Services on Binance Spot - 2025-02-18,1739786402921,2025-02-17 10:00:02.921000+00:00,binance
226329,listing,Binance Futures Will Launch USDⓈ-Margined GPSUSDT and SHELLUSDT Perpetual Contracts With up to 25x Leverage,1739804936220,2025-02-17 15:08:56.220000+00:00,binance
226537,delisting,Notice of Removal of Spot Trading Pairs - 2025-02-21,1739937608036,2025-02-19 04:00:08.036000+00:00,binance
226651,listing,Introducing KAITO (KAITO) on Binance HODLer Airdrops! Earn KAITO With Retroactive BNB Simple Earn Subscriptions,1739961066825,2025-02-19 10:31:06.825000+00:00,binance
226679,delisting,Binance Earn: Notice on Removal of Dual Investment Token Pairs - 2025-02-21,1740027606855,2025-02-20 05:00:06.855000+00:00,binance
226682,listing,Binance Futures Copy Trading Adds New USDⓈ-M Perpetual Contracts (2025-02-20),1740034816538,2025-02-20 07:00:16.538000+00:00,binance
226768,listing,"Binance Will Add KAITO (KAITO) on Earn, Buy Crypto, Convert, Margin & Futures",1740054624762,2025-02-20 12:30:24.762000+00:00,binance
226910,listing,Notice on New Trading Pairs & Trading Bots Services on Binance Spot - 2025-02-25,1740380401485,2025-02-24 07:00:01.485000+00:00,binance
227075,listing,Introducing RedStone (RED) on Binance Launchpool and Price Cap Mechanism for Binance Pre-Market,1740474674392,2025-02-25 09:11:14.392000+00:00,binance
227184,delisting,Notice of Removal of Spot Trading Pairs - 2025-02-28,1740546019347,2025-02-26 05:00:19.347000+00:00,binance
227335,listing,Introducing MyShell (SHELL) on Binance HODLer Airdrops! Earn SHELL With Retroactive BNB Simple Earn Subscriptions,1740633320602,2025-02-27 05:15:20.602000+00:00,binance
227476,listing,"Binance Will Add MyShell (SHELL) on Earn, Buy Crypto, Convert & Margin",1740659409887,2025-02-27 12:30:09.887000+00:00,binance
227577,listing,Binance Futures Will Launch USDⓈ-Margined Multiple Perpetual Contracts With up to 25x Leverage,1740729609214,2025-02-28 08:00:09.214000+00:00,binance
227872,delisting,Notice of Removal of Margin Trading Pairs - 2025-03-11,1741060808105,2025-03-04 04:00:08.105000+00:00,binance
227900,listing,Notice on New Trading Bots Services on Binance Spot - 2025-03-05,1741064401587,2025-03-04 05:00:01.587000+00:00,binance
227938,listing,Introducing GoPlus Security (GPS) on Binance HODLer Airdrops! Earn GPS With Retroactive BNB Simple Earn Subscriptions,1741065531742,2025-03-04 05:18:51.742000+00:00,binance
227998,listing,"Binance Will Add GoPlus Security (GPS) on Earn, Buy Crypto, Convert & Margin",1741091406409,2025-03-04 12:30:06.409000+00:00,binance
228025,delisting,Notice of Removal of Spot Trading Pairs - 2025-03-07,1741140001767,2025-03-05 02:00:01.767000+00:00,binance
228182,listing,Binance Will End the RedStone (RED) Pre-Market and List RedStone (RED) with Seed Tag Applied,1741162502003,2025-03-05 08:15:02.003000+00:00,binance
228414,listing,Binance Will Continue to List RedStone (RED),1741272949812,2025-03-06 14:55:49.812000+00:00,binance
228385,listing,"Binance Will Add RedStone (RED) on Earn, Buy Crypto, Convert, Margin & Futures",1741275013807,2025-03-06 15:30:13.807000+00:00,binance
228628,listing,Notice on New Trading Pairs & Trading Bots Services on Binance Spot - 2025-03-11,1741597207932,2025-03-10 09:00:07.932000+00:00,binance
228941,listing,Notice on New Trading Pairs & Trading Bots Services on Binance Spot - 2025-03-13,1741762801732,2025-03-12 07:00:01.732000+00:00,binance
228973,delisting,Notice of Removal of Spot Trading Pairs - 2025-03-14,1741770011825,2025-03-12 09:00:11.825000+00:00,binance
229013,listing,Binance Futures Will Launch USDⓈ-Margined VICUSDT Perpetual Contract With Up To 75x Leverage,1741791567497,2025-03-12 14:59:27.497000+00:00,binance
229132,listing,"Binance Will Add Epic Chain (EPIC) on Earn, Buy Crypto, Convert, Margin & Futures",1741851013944,2025-03-13 07:30:13.944000+00:00,binance
229501,listing,Binance Will List StraitsX USD (XUSD) and Introduce XUSD Zero Trading Fee Promotion,1742194803529,2025-03-17 07:00:03.529000+00:00,binance
229518,listing,Notice on New Trading Pairs & Trading Bots Services on Binance Spot - 2025-03-18,1742198404073,2025-03-17 08:00:04.073000+00:00,binance
229569,listing,Binance Futures Will Launch USDⓈ-Margined BMTUSDT and MUBARAKUSDT Perpetual Contracts With up to 25x Leverage,1742211060548,2025-03-17 11:31:00.548000+00:00,binance
229618,delisting,Notice of Removal of Margin Trading Pairs - 2025-03-25,1742266815394,2025-03-18 03:00:15.394000+00:00,binance
229691,listing,Introducing Bubblemaps (BMT) on Binance HODLer Airdrops! Earn BMT With Retroactive BNB Simple Earn Subscriptions,1742291525581,2025-03-18 09:52:05.581000+00:00,binance
229761,listing,"Binance Will Add Bubblemaps (BMT) on Earn, Buy Crypto, Convert & Margin",1742308228248,2025-03-18 14:30:28.248000+00:00,binance
229830,delisting,Notice of Removal of Spot Trading Pairs - 2025-03-21,1742356810621,2025-03-19 04:00:10.621000+00:00,binance
229896,listing,Notice on New Trading Pairs & Trading Bots Services on Binance Spot - 2025-03-20,1742367602547,2025-03-19 07:00:02.547000+00:00,binance
229923,listing,"Binance Will Add StraitsX USD (XUSD) and Four (FORM) on Earn, Buy Crypto, Margin, Convert & Futures",1742369411614,2025-03-19 07:30:11.614000+00:00,binance
230109,listing,Binance Futures Will Launch Multiple USDⓈ-Margined Perpetual Contracts With up to 25x Leverage,1742456964296,2025-03-20 07:49:24.296000+00:00,binance
230132,listing,"Introducing Nillion (NIL) on Binance Launchpool! Farm NIL by Locking BNB, FDUSD, and USDC",1742465679371,2025-03-20 10:14:39.371000+00:00,binance
230201,listing,Binance Futures Will List USDⓈ-M & COIN-M Quarterly 0926 Delivery Contracts,1742522417107,2025-03-21 02:00:17.107000+00:00,binance
230166,delisting,"Binance Will Delist AERGO, AST, BURGER, COMBO, LINA on 2025-03-28",1742536220352,2025-03-21 05:50:20.352000+00:00,binance
230352,listing,Binance Futures Will Launch USDⓈ-Margined BRUSDT and PLUMEUSDT Perpetual Contracts With up to 25x Leverage,1742553975638,2025-03-21 10:46:15.638000+00:00,binance
230563,listing,Notice on New Trading Pairs & Trading Bots Services on Binance Spot - 2025-03-25,1742806808667,2025-03-24 09:00:08.667000+00:00,binance
230595,listing,"Binance Will Add Nillion (NIL) on Earn, Buy Crypto, Convert, Margin & Futures",1742819418720,2025-03-24 12:30:18.720000+00:00,binance
230645,listing,Introducing  Particle Network (PARTI) on Binance HODLer Airdrops! Earn PARTI With Retroactive BNB Simple Earn Subscriptions,1742831808230,2025-03-24 15:56:48.230000+00:00,binance
230771,listing,"Binance Will Add Particle Network (PARTI) on Earn, Buy Crypto, Convert, Margin & Futures",1742905804808,2025-03-25 12:30:04.808000+00:00,binance
230884,delisting,Notice of Removal of Spot Trading Pairs - 2025-03-28 & 2025-03-31,1742972401256,2025-03-26 07:00:01.256000+00:00,binance
230941,listing,Binance Futures Will Launch USDⓈ-Margined JELLYJELLYUSDT and MAVIAUSDT Perpetual Contracts,1743002170581,2025-03-26 15:16:10.581000+00:00,binance
230982,listing,Binance Futures Will Launch USDⓈ-Margined PAXGUSDT Perpetual Contract,1743059245182,2025-03-27 07:07:25.182000+00:00,binance
231008,listing,"Introducing GUNZ (GUN) on Binance Launchpool! Farm GUN by Locking BNB, FDUSD and USDC",1743082161025,2025-03-27 13:29:21.025000+00:00,binance
231037,listing,Binance Futures Will Launch USDⓈ-Margined WALUSDT Perpetual Contract,1743083983691,2025-03-27 13:59:43.691000+00:00,binance
231118,listing,"Binance Announced the First Batch of Vote to List Results and Will List Mubarak (MUBARAK), CZ'S Dog (BROCCOLI714), Tutorial (TUT), and Banana For Scale (BANANAS31) With Seed Tags Applied",1743096432114,2025-03-27 17:27:12.114000+00:00,binance
231168,listing,"Binance Adds Mubarak (MUBARAK), CZ'S Dog (BROCCOLI714), Tutorial (TUT), and Banana For Scale (BANANAS31) on Earn, Buy Crypto, Convert & Margin",1743132602087,2025-03-28 03:30:02.087000+00:00,binance
231408,listing,Binance Futures Will Launch USDⓈ-Margined FUNUSDT and MLNUSDT Perpetual Contracts,1743404526565,2025-03-31 07:02:06.565000+00:00,binance
231436,listing,"Binance Will Add GUNZ (GUN) on Earn, Buy Crypto, Convert, Margin & Futures",1743424200000,2025-03-31 12:30:00+00:00,binance
231582,listing,Introducing KernelDAO (KERNEL) on Binance Megadrop! Lock Your BNB and Complete Web3 Quests for Airdrop,1743496977029,2025-04-01 08:42:57.029000+00:00,binance
231779,listing,Notice on New Trading Pairs & Trading Bots Services on Binance Spot - 2025-04-03,1743577211477,2025-04-02 07:00:11.477000+00:00,binance
231807,listing,Binance Introduces the 2nd Batch of Vote to List Campaign,1743596829538,2025-04-02 12:27:09.538000+00:00,binance
231833,listing,Binance Futures Will Launch USDⓈ-Margined ATHUSDT Perpetual Contract,1743601087323,2025-04-02 13:38:07.323000+00:00,binance
232085,listing,Binance Futures Will Launch USDⓈ-Margined BABYUSDT Perpetual Contract Pre-Market Trading,1743848691819,2025-04-05 10:24:51.819000+00:00,binance
232234,listing,Notice on New Trading Pairs & Trading Bots Services on Binance Spot - 2025-04-08,1744005606563,2025-04-07 06:00:06.563000+00:00,binance
232324,listing,KernelDAO (KERNEL) Megadrop Is Now Open: Subscribe to BNB Locked Products or Complete Web3 Quests to Participate!,1744081527591,2025-04-08 03:05:27.591000+00:00,binance
232350,delisting,"Binance Announced the First Batch of Vote to Delist Results and Will Delist BADGER, BAL, BETA, CREAM, CTXC, ELF, FIRO, HARD, NULS, PROS, SNT, TROY, UFT, VIDT on 2025-04-16",1744092007355,2025-04-08 06:00:07.355000+00:00,binance
232377,listing,Binance Futures Will Launch USDⓈ-Margined FORTHUSDT Perpetual Contract,1744093268604,2025-04-08 06:21:08.604000+00:00,binance
232604,delisting,Notice of Removal of Spot Trading Pairs - 2025-04-11,1744182005065,2025-04-09 07:00:05.065000+00:00,binance
232630,listing,Introducing Babylon (BABY) on Binance HODLer Airdrops! Earn BABY With Retroactive BNB Simple Earn Subscriptions,1744188137154,2025-04-09 08:42:17.154000+00:00,binance
232920,listing,Babylon (BABY) Listing Will Be Postponed,1744278497069,2025-04-10 09:48:17.069000+00:00,binance
232923,listing,"Introducing WalletConnect (WCT) on Binance Launchpool! Farm WCT by Locking BNB, FDUSD and USDC",1744280106069,2025-04-10 10:15:06.069000+00:00,binance
232936,listing,"Binance Will Add Babylon (BABY) on Earn, Buy Crypto, Convert, Margin & Futures",1744281003357,2025-04-10 10:30:03.357000+00:00,binance
233024,listing,Binance Futures Will Launch USDⓈ-Margined PROMPTUSDT Perpetual Contract,1744346116906,2025-04-11 04:35:16.906000+00:00,binance
233046,listing,"Binance Announced the Second Batch of Vote to List Results and Will List Ondo (ONDO), Big Time (BIGTIME), and Virtuals Protocol (VIRTUAL) With Seed Tags Applied",1744366114456,2025-04-11 10:08:34.456000+00:00,binance
233080,listing,Binance Futures Will Launch USDⓈ-Margined XCNUSDT Perpetual Contract,1744377313517,2025-04-11 13:15:13.517000+00:00,binance
233078,listing,"Binance Adds Ondo (ONDO), Big Time (BIGTIME), and Virtuals Protocol (VIRTUAL) on Earn, Buy Crypto, Convert & Margin",1744378207180,2025-04-11 13:30:07.180000+00:00,binance
233269,listing,Notice on New Trading Pairs & Trading Bots Services on Binance Spot - 2025-04-15,1744617627330,2025-04-14 08:00:27.330000+00:00,binance
233299,listing,"Binance Will Add KernelDAO (KERNEL) on Earn, Buy Crypto, Convert, Margin & Futures",1744630214007,2025-04-14 11:30:14.007000+00:00,binance
233488,delisting,Notice of Removal of Spot Trading Pair - 2025-04-15,1744702204341,2025-04-15 07:30:04.341000+00:00,binance
233520,listing,"Binance Will Add WalletConnect (WCT) on Earn, Buy Crypto, Convert, Margin & Futures",1744713006093,2025-04-15 10:30:06.093000+00:00,binance
233613,listing,Binance Futures Will Launch USDⓈ-Margined INITUSDT Perpetual Contract Pre-Market Trading,1744773363448,2025-04-16 03:16:03.448000+00:00,binance
233638,delisting,Notice of Removal of Spot Trading Pairs - 2025-04-18,1744786803310,2025-04-16 07:00:03.310000+00:00,binance
233688,listing,Binance Futures Will Launch USDⓈ-Margined AERGOUSDT Perpetual Contract,1744789658622,2025-04-16 07:47:38.622000+00:00,binance
233811,listing,"Introducing Initia (INIT) on Binance Launchpool! Farm INIT by Locking BNB, FDUSD and USDC",1744880399889,2025-04-17 08:59:59.889000+00:00,binance
233881,listing,Balance (EPT) Will Be Available on Binance Alpha and Binance Futures,1744959603605,2025-04-18 07:00:03.605000+00:00,binance
233997,listing,Binance Futures Will Launch USDⓈ-Margined BANKUSDT Perpetual Contract,1744995823178,2025-04-18 17:03:43.178000+00:00,binance
234149,listing,Notice on New Trading Pairs & Trading Bots Services on Binance Spot - 2025-04-22,1745222406797,2025-04-21 08:00:06.797000+00:00,binance
234182,listing,Introducing Hyperlane (HYPER) on Binance HODLer Airdrops! Earn HYPER With Retroactive BNB Simple Earn Subscriptions,1745248311577,2025-04-21 15:11:51.577000+00:00,binance
234258,listing,Binance Futures Will Launch USDⓈ-Margined DEEPUSDT Perpetual Contract,1745304689224,2025-04-22 06:51:29.224000+00:00,binance
234281,listing,"Binance Will Add Hyperlane (HYPER) on Earn, Buy Crypto, Convert, Margin & Futures",1745325006013,2025-04-22 12:30:06.013000+00:00,binance
234413,delisting,"Binance Will Delist ALPACA, PDA, VIB, WING on 2025-05-02",1745467205257,2025-04-24 04:00:05.257000+00:00,binance
234447,listing,"Binance Will Add Initia (INIT) on Earn, Buy Crypto, Convert, Margin & Futures",1745490628424,2025-04-24 10:30:28.424000+00:00,binance
234534,delisting,Notice of Removal of Margin Trading Pairs - 2025-05-07,1745553607900,2025-04-25 04:00:07.900000+00:00,binance
234561,listing,Binance Futures Will Launch USDⓈ-Margined MEMEFIUSDT and FISUSDT Perpetual Contracts,1745557375191,2025-04-25 05:02:55.191000+00:00,binance
234625,listing,Introducing Sign (SIGN) on Binance HODLer Airdrops! Earn SIGN With Retroactive BNB Simple Earn Subscriptions,1745573715532,2025-04-25 09:35:15.532000+00:00,binance
234836,listing,Notice on New Trading Bots Services on Binance Spot - 2025-04-29,1745823610904,2025-04-28 07:00:10.904000+00:00,binance
234861,listing,Binance Futures Will Launch USDⓈ-Margined JSTUSDT Perpetual Contract,1745825387253,2025-04-28 07:29:47.253000+00:00,binance
234882,listing,"Binance Will Add Sign (SIGN) on Earn, Buy Crypto, Convert, Margin & Futures",1745836217031,2025-04-28 10:30:17.031000+00:00,binance
235151,listing,Binance Futures Will Launch USDⓈ-Margined PUNDIXUSDT and CTKUSDT Perpetual Contracts,1746001831246,2025-04-30 08:30:31.246000+00:00,binance
235168,listing,"Binance Futures Will Launch USDⓈ-Margined AIOTUSDT, DOLOUSDT and HAEDALUSDT Perpetual Contracts",1746010079248,2025-04-30 10:47:59.248000+00:00,binance
235358,listing,Binance Futures Will Launch USDⓈ-Margined SXTUSDT Perpetual Contract Pre-Market Trading,1746162129497,2025-05-02 05:02:09.497000+00:00,binance
235375,listing,Introducing StakeStone (STO) on Binance HODLer Airdrops! Earn STO With Retroactive BNB Simple Earn Subscriptions,1746181282511,2025-05-02 10:21:22.511000+00:00,binance
235414,listing,"Binance Will Add StakeStone (STO) on Earn, Buy Crypto, Convert & Margin",1746199805635,2025-05-02 15:30:05.635000+00:00,binance
235436,listing,Obol (OBOL) Will Be Available on Binance Alpha and Binance Futures,1746262009397,2025-05-03 08:46:49.397000+00:00,binance
235491,listing,Notice on New Trading Pairs & Trading Bots Services on Binance Spot - 2025-05-06,1746439237449,2025-05-05 10:00:37.449000+00:00,binance
235513,listing,"Introducing Space and Time (SXT) on Binance Launchpool! Farm SXT by Locking BNB, FDUSD and USDC",1746454453299,2025-05-05 14:14:13.299000+00:00,binance
235580,listing,Binance Futures Will Launch USDⓈ-Margined ASRUSDT and ALPINEUSDT Perpetual Contracts,1746517100916,2025-05-06 07:38:20.916000+00:00,binance
235597,listing,Binance Futures Will Launch USDⓈ-Margined B2USDT and MILKUSDT Perpetual Contracts,1746523744451,2025-05-06 09:29:04.451000+00:00,binance
235614,listing,Binance Will List Maple Finance (SYRUP) and Kamino Finance (KMNO) with Seed Tag Applied,1746530720814,2025-05-06 11:25:20.814000+00:00,binance
235642,listing,"Binance Will Add Maple Finance (SYRUP) and Kamino Finance (KMNO) on Earn, Buy Crypto, Convert, Margin & Futures",1746542703554,2025-05-06 14:45:03.554000+00:00,binance
235798,delisting,Notice of Removal of Spot Trading Pairs - 2025-05-09,1746601202379,2025-05-07 07:00:02.379000+00:00,binance
235874,listing,Doodles (DOOD) Will Be Available on Binance Alpha and Binance Futures,1746615605390,2025-05-07 11:00:05.390000+00:00,binance
235952,listing,"Binance Will Add Space and Time (SXT) on Earn, Buy Crypto, Convert, Margin & Futures",1746707403865,2025-05-08 12:30:03.865000+00:00,binance
236047,listing,Doodles (DOOD) Will Open for Trading on Binance Alpha and Binance Futures,1746781271436,2025-05-09 09:01:11.436000+00:00,binance
236212,listing,Notice on New Trading Pairs & Trading Bots Services on Binance Spot - 2025-05-14,1747119612988,2025-05-13 07:00:12.988000+00:00,binance
236234,listing,Binance Futures Will Launch USDⓈ-Margined ZKJUSDT and SKYAIUSDT Perpetual Contracts,1747121660623,2025-05-13 07:34:20.623000+00:00,binance
236320,listing,NEXPACE (NXPC) Will Be Available on Binance Alpha and Binance Futures,1747203306806,2025-05-14 06:15:06.806000+00:00,binance
236386,listing,Introducing Nexpace (NXPC) on Binance HODLer Airdrops! Earn NXPC With Retroactive BNB Simple Earn Subscriptions,1747283790122,2025-05-15 04:36:30.122000+00:00,binance
236408,listing,"Binance Will Add Nexpace (NXPC) on Earn, Buy Crypto, Convert & Margin",1747292402665,2025-05-15 07:00:02.665000+00:00,binance
236626,listing,Binance Futures Will Launch USDⓈ-Margined CVCUSDT Perpetual Contract,1747377375939,2025-05-16 06:36:15.939000+00:00,binance
236817,listing,Binance Futures Will Launch USDⓈ-Margined AGTUSDT Perpetual Contract,1747728862110,2025-05-20 08:14:22.110000+00:00,binance
236886,delisting,Notice of Removal of Spot Trading Pairs - 2025-05-23,1747803609907,2025-05-21 05:00:09.907000+00:00,binance
236908,listing,"Binance Will Add AWE Network (AWE) on Earn, Buy Crypto, Convert, Margin & Futures",1747812600000,2025-05-21 07:30:00+00:00,binance
237038,listing,Introducing Haedal Protocol (HAEDAL) on Binance HODLer Airdrops! Earn HAEDAL With Retroactive BNB Simple Earn Subscriptions,1747821855575,2025-05-21 10:04:15.575000+00:00,binance
237062,listing,"Binance Will Add Haedal Protocol (HAEDAL) on Earn, Buy Crypto, Convert & Margin",1747837809840,2025-05-21 14:30:09.840000+00:00,binance
237117,listing,Binance Will List World Liberty Financial USD (USD1),1747884601965,2025-05-22 03:30:01.965000+00:00,binance
237144,listing,"Introducing Huma Finance (HUMA) on Binance Launchpool! Farm HUMA by Locking BNB, FDUSD, and USDC",1747910776085,2025-05-22 10:46:16.085000+00:00,binance
237147,listing,"Binance Will Add World Liberty Financial USD (USD1) on Earn, Buy Crypto, Convert & Margin",1747913410130,2025-05-22 11:30:10.130000+00:00,binance
237172,listing,Binance Futures Will Launch USDⓈ-Margined BUSDT Perpetual Contract,1747925137118,2025-05-22 14:45:37.118000+00:00,binance
237235,listing,Binance Futures Will Launch USDⓈ-Margined SOONUSDT Perpetual Contract,1747979386806,2025-05-23 05:49:46.806000+00:00,binance
237291,listing,Sophon (SOPH) Will Be Available on Binance Alpha and Binance Futures,1748002046005,2025-05-23 12:07:26.005000+00:00,binance
237363,listing,Notice on New Trading Bots Services on Binance Spot - 2025-05-27,1748242813751,2025-05-26 07:00:13.751000+00:00,binance
237406,listing,"Binance Will Add Huma Finance (HUMA) on Earn, Buy Crypto, Convert, Margin & Futures",1748262601620,2025-05-26 12:30:01.620000+00:00,binance
237571,listing,Introducing Sophon (SOPH) on Binance HODLer Airdrops! Earn SOPH With Retroactive BNB Simple Earn Subscriptions,1748416616367,2025-05-28 07:16:56.367000+00:00,binance
237546,listing,"Binance Will Add Vaulta (A) on Earn, Buy Crypto, Convert, Margin & Futures",1748417407244,2025-05-28 07:30:07.244000+00:00,binance
237629,listing,Binance Futures Will Launch USDⓈ-Margined MERLUSDT Perpetual Contract,1748428430236,2025-05-28 10:33:50.236000+00:00,binance
237646,listing,"Binance Will Add Sophon (SOPH) on Earn, Buy Crypto, Convert & Margin",1748435408399,2025-05-28 12:30:08.399000+00:00,binance
237844,listing,Binance Futures Will Launch USDⓈ-Margined HYPEUSDT Perpetual Contract,1748594200290,2025-05-30 08:36:40.290000+00:00,binance
237861,listing,Bondex (BDXN) Will Be Available on Binance Alpha and Binance Futures,1748597702121,2025-05-30 09:35:02.121000+00:00,binance
237999,listing,Notice on New Trading Pairs & Trading Bots Services on Binance Spot - 2025-06-03,1748851201988,2025-06-02 08:00:01.988000+00:00,binance
238037,listing,Binance Futures Will Launch USDⓈ-Margined PUFFERUSDT and PORT3USDT Perpetual Contracts,1748942076886,2025-06-03 09:14:36.886000+00:00,binance
238160,delisting,Notice of Removal of Spot Trading Pairs - 2025-06-06,1749018602608,2025-06-04 06:30:02.608000+00:00,binance
238183,listing,Resolv (RESOLV) Will Be Available on Binance Alpha and Binance Futures (2025-06-10),1749020402873,2025-06-04 07:00:02.873000+00:00,binance
238227,listing,Binance Futures Will Launch USDⓈ-Margined 1000000BOBUSDT Perpetual Contract (2025-06-05),1749034064967,2025-06-04 10:47:44.967000+00:00,binance
238317,listing,Binance Futures Will Launch USDⓈ-Margined LAUSDT Perpetual Contract (2025-06-05),1749103589514,2025-06-05 06:06:29.514000+00:00,binance
238357,listing,Binance Adds New JPY Spot Trading Pairs and Launches Zero Maker Fee Promotion - 2025-06-11,1749178811459,2025-06-06 03:00:11.459000+00:00,binance
238362,listing,Skate (SKATE) Will Be Available on Binance Alpha and Binance Futures (2025-06-09),1749187804052,2025-06-06 05:30:04.052000+00:00,binance
238492,listing,Defi App (HOME) Will Be Available on Binance Alpha and Binance Futures (2025-06-10),1749452460757,2025-06-09 07:01:00.757000+00:00,binance
238621,listing,Binance Futures Will Launch USDⓈ-Margined TAIKOUSDT and SQDUSDT Perpetual Contracts (2025-06-11),1749636920919,2025-06-11 10:15:20.919000+00:00,binance
238624,listing,Introducing Resolv (RESOLV) on Binance HODLer Airdrops! Earn RESOLV With Retroactive BNB Simple Earn Subscriptions,1749637480844,2025-06-11 10:24:40.844000+00:00,binance
238684,listing,"Binance Will Add Resolv (RESOLV) on Earn, Buy Crypto, Convert & Margin",1749650407958,2025-06-11 14:00:07.958000+00:00,binance
238750,listing,Introducing Defi App (HOME) on Binance HODLer Airdrops! Earn HOME With Retroactive BNB Simple Earn Subscriptions,1749726284075,2025-06-12 11:04:44.075000+00:00,binance
238790,listing,"Binance Will Add Defi App (HOME) on Earn, Buy Crypto, Convert & Margin",1749738616584,2025-06-12 14:30:16.584000+00:00,binance
238896,listing,Binance Futures Will Launch USDⓈ-Margined AAVEUSDC and UNIUSDC Perpetual Contracts (2025-06-16),1750056308887,2025-06-16 06:45:08.887000+00:00,binance
238941,listing,Notice on New Trading Pairs & Trading Bots Services on Binance Spot - 2025-06-17,1750059004522,2025-06-16 07:30:04.522000+00:00,binance
238963,delisting,Notice of Removal of Margin Trading Pairs - 2025-06-18,1750060801439,2025-06-16 08:00:01.439000+00:00,binance
238985,listing,Introducing Spark (SPK) on Binance HODLer Airdrops! Earn SPK With Retroactive BNB Simple Earn Subscriptions,1750073600186,2025-06-16 11:33:20.186000+00:00,binance
239073,listing,"Binance Will Add Spark (SPK) on Earn, Buy Crypto, Convert, Margin & Futures",1750149010662,2025-06-17 08:30:10.662000+00:00,binance
239162,delisting,Notice of Removal of Spot Trading Pairs - 2025-06-20,1750222804319,2025-06-18 05:00:04.319000+00:00,binance
239269,listing,Binance Futures Will Launch USDⓈ-Margined MYXUSDT and FUSDT Perpetual Contracts (2025-06-18),1750240261749,2025-06-18 09:51:01.749000+00:00,binance
239360,listing,Binance Futures Will Launch USDⓈ-Margined NEWTUSDT Perpetual Contract Pre-Market Trading,1750330896672,2025-06-19 11:01:36.672000+00:00,binance
239420,listing,Binance Futures Will List USDⓈ-M & COIN-M Quarterly 1226 Delivery Contracts,1750388419255,2025-06-20 03:00:19.255000+00:00,binance
239483,listing,DeLorean (DMC) Will Be Available on Binance Alpha and Binance Futures (2025-06-24),1750493741803,2025-06-21 08:15:41.803000+00:00,binance
239503,listing,Humanity Protocol (H) Will Be Available on Binance Alpha and Binance Futures (2025-06-25),1750582806231,2025-06-22 09:00:06.231000+00:00,binance
239566,listing,Binance Adds New JPY Spot Trading Pairs and Launches Zero Maker Fee Promotion - 2025-06-25,1750647601436,2025-06-23 03:00:01.436000+00:00,binance
239574,delisting,Notice of Removal of Margin Trading Pairs - 2025-06-25,1750654801773,2025-06-23 05:00:01.773000+00:00,binance
239614,listing,Introducing Newton Protocol (NEWT) on Binance HODLer Airdrops! Earn NEWT With Retroactive BNB Simple Earn Subscriptions,1750687699878,2025-06-23 14:08:19.878000+00:00,binance
239697,listing,"Binance Will Add Newton Protocol (NEWT) on Earn, Buy Crypto, Convert, Margin & Futures",1750771801368,2025-06-24 13:30:01.368000+00:00,binance
239722,listing,Introducing Sahara AI (SAHARA) on Binance HODLer Airdrops! Earn SAHARA With Retroactive BNB Simple Earn Subscriptions,1750775352649,2025-06-24 14:29:12.649000+00:00,binance
239847,delisting,Notice of Removal of Spot Trading Pairs - 2025-06-27,1750831206996,2025-06-25 06:00:06.996000+00:00,binance
239914,listing,Binance Futures Will Launch USDⓈ-Margined OLUSDT Perpetual Contract (2025-06-25),1750843841537,2025-06-25 09:30:41.537000+00:00,binance
239906,delisting,"Binance Will Delist ALPHA, BSW, KMD, LEVER, LTO on 2025-07-04",1750921209887,2025-06-26 07:00:09.887000+00:00,binance
240045,listing,"Binance Will Add Sahara AI (SAHARA) on Earn, Buy Crypto, Convert, Margin & Futures",1750937414029,2025-06-26 11:30:14.029000+00:00,binance
240186,listing,Notice on New Trading Pairs & Trading Bots Services on Binance Spot - 2025-07-01,1751266801321,2025-06-30 07:00:01.321000+00:00,binance
240359,delisting,Notice of Removal of Spot Trading Pairs - 2025-07-04,1751425204968,2025-07-02 03:00:04.968000+00:00,binance
240428,listing,Impossible Cloud Network (ICNT) Will Be Available on Binance Alpha and Binance Futures (2025-07-03),1751445001216,2025-07-02 08:30:01.216000+00:00,binance
240581,listing,Binance Futures Will Launch USDⓈ-Margined BULLAUSDT and IDOLUSDT Perpetual Contracts (2025-07-04),1751613087864,2025-07-04 07:11:27.864000+00:00,binance
240634,listing,Binance Adds New JPY Spot Trading Pairs and Launches Zero Maker Fee Promotion - 2025-07-10,1751857203958,2025-07-07 03:00:03.958000+00:00,binance
240693,listing,Binance Futures Will Launch USDⓈ-Margined MUSDT Perpetual Contract (2025-07-07),1751873413952,2025-07-07 07:30:13.952000+00:00,binance
240852,listing,Tanssi Network (TANSSI) Will Be Available on Binance Alpha and Binance Futures (2025-07-09),1751991306064,2025-07-08 16:15:06.064000+00:00,binance
240941,listing,Introducing Lagrange (LA) on Binance HODLer Airdrops! Earn LA With Retroactive BNB Simple Earn Subscriptions,1752055095037,2025-07-09 09:58:15.037000+00:00,binance
240992,listing,Binance Futures Will Launch USDⓈ-Margined PUMPUSDT Perpetual Contract Pre-Market Trading (2025-07-10),1752069921466,2025-07-09 14:05:21.466000+00:00,binance
240989,listing,"Binance Will Add Lagrange (LA) on Earn, Buy Crypto, Convert & Margin",1752075005984,2025-07-09 15:30:05.984000+00:00,binance
241089,listing,Binance Futures Will Launch USDⓈ-Margined CROSSUSDT and AINUSDT Perpetual Contracts (2025-07-10),1752131886205,2025-07-10 07:18:06.205000+00:00,binance
241318,listing,Notice on New Trading Pairs & Trading Bots Services on Binance Spot - 2025-07-15,1752480001467,2025-07-14 08:00:01.467000+00:00,binance
241360,listing,TAC (TAC) Will Be Available on Binance Alpha and Binance Futures (2025-07-15),1752496202253,2025-07-14 12:30:02.253000+00:00,binance
241502,listing,Binance Futures Will Launch USDⓈ-Margined CUSDT and VELVETUSDT Perpetual Contracts (2025-07-15),1752561737837,2025-07-15 06:42:17.837000+00:00,binance
241637,listing,Introducing Caldera (ERA) on Binance HODLer Airdrops! Earn ERA With Retroactive BNB Simple Earn Subscriptions,1752656290021,2025-07-16 08:58:10.021000+00:00,binance
241743,listing,"Binance Will Add Caldera (ERA) on Earn, Buy Crypto, Convert, Margin & Futures",1752764627134,2025-07-17 15:03:47.134000+00:00,binance
241791,listing,Trusta.AI (TA) Will Be Available on Binance Alpha and Binance Futures (2025-07-21),1752804013499,2025-07-18 02:00:13.499000+00:00,binance
241883,listing,Introducing Chainbase (C) on Binance HODLer Airdrops! Earn C With Retroactive BNB Simple Earn Subscriptions,1752824852667,2025-07-18 07:47:32.667000+00:00,binance
241960,listing,"Binance Will Add Chainbase (C) on Earn, Buy Crypto, Convert & Margin",1752845401597,2025-07-18 13:30:01.597000+00:00,binance
242118,listing,Notice on New Trading Pairs & Trading Bots Services on Binance Spot - 2025-07-22,1753084823485,2025-07-21 08:00:23.485000+00:00,binance
242340,listing,"Binance Futures Will Launch USDⓈ-Margined PENGUUSDC, CVXUSDT and SLPUSDT Perpetual Contracts (2025-07-23)",1753250402225,2025-07-23 06:00:02.225000+00:00,binance
242393,delisting,Notice of Removal of Spot Trading Pairs - 2025-07-25,1753257631403,2025-07-23 08:00:31.403000+00:00,binance
242562,listing,Binance Futures Will Launch USDⓈ-Margined ZORAUSDT and TAGUSDT Perpetual Contracts (2025-07-25),1753436738982,2025-07-25 09:45:38.982000+00:00,binance
242669,listing,Notice on New Trading Pairs & Trading Bots Services on Binance Spot - 2025-07-29,1753686001861,2025-07-28 07:00:01.861000+00:00,binance
242697,listing,Naoris Protocol (NAORIS) Will Be Available on Binance Alpha and Binance Futures (2025-07-31),1753695012578,2025-07-28 09:30:12.578000+00:00,binance
242749,listing,Introducing Treehouse (TREE) on Binance HODLer Airdrops! Earn TREE With Retroactive BNB Simple Earn Subscriptions,1753709411683,2025-07-28 13:30:11.683000+00:00,binance
242856,listing,Binance Futures Will Launch USDⓈ-Margined ZRCUSDT and ESPORTSUSDT Perpetual Contracts (2025-07-29),1753775200881,2025-07-29 07:46:40.881000+00:00,binance
242906,listing,PlaysOut (PLAY) Will Be Available on Binance Alpha and Binance Futures (2025-07-31),1753782310875,2025-07-29 09:45:10.875000+00:00,binance
242923,listing,"Binance Will Add Treehouse (TREE) on Earn, Buy Crypto, Convert, Margin & Futures",1753795801416,2025-07-29 13:30:01.416000+00:00,binance
242969,delisting,Notice of Removal of Spot Trading Pairs - 2025-08-01,1753844410680,2025-07-30 03:00:10.680000+00:00,binance
243031,listing,"Binance Will Add Arena-Z (A2Z) on Earn, Buy Crypto, Convert, Margin & Futures",1753860609470,2025-07-30 07:30:09.470000+00:00,binance
243465,delisting,Notice of Removal of Margin Trading Pairs - 2025-08-08,1754276413308,2025-08-04 03:00:13.308000+00:00,binance
243548,listing,Introducing Towns (TOWNS) on Binance HODLer Airdrops! Earn TOWNS With Retroactive BNB Simple Earn Subscriptions,1754298775552,2025-08-04 09:12:55.552000+00:00,binance
243681,listing,Introducing Succinct (PROVE) on Binance HODLer Airdrops! Earn PROVE With Retroactive BNB Simple Earn Subscriptions,1754359157964,2025-08-05 01:59:17.964000+00:00,binance
243786,listing,INFINIT (IN) Will Be Available on Binance Alpha and Binance Futures (2025-08-07),1754386232320,2025-08-05 09:30:32.320000+00:00,binance
243783,listing,Binance Futures Will Launch USDⓈ-Margined ALL Composite Index Perpetual Contract with Up to 75x Leverage (2025-08-06),1754387986697,2025-08-05 09:59:46.697000+00:00,binance
243897,listing,"Binance Will Add Towns (TOWNS) and Succinct (PROVE) on Earn, Buy Crypto, Convert, Margin & Futures",1754402404202,2025-08-05 14:00:04.202000+00:00,binance
243926,delisting,Notice of Removal of Spot Trading Pairs - 2025-08-08,1754449211273,2025-08-06 03:00:11.273000+00:00,binance
244031,delisting,Binance Futures Will Delist USDⓈ-M DEFIUSDT and MEMEFI Perpetual Contracts (2025-08-11),1754465406291,2025-08-06 07:30:06.291000+00:00,binance
244112,listing,Binance Futures Will Launch USDⓈ-Margined YALAUSDT and CARVUSDT Perpetual Contracts (2025-08-07),1754578630733,2025-08-07 14:57:10.733000+00:00,binance
244189,listing,Notice on New Trading Pairs & Trading Bots Services on Binance Spot - 2025-08-12,1754895601098,2025-08-11 07:00:01.098000+00:00,binance
244451,listing,Binance Will List BFUSD and Introduce BFUSD Zero Trading Fee Promotion,1755054000976,2025-08-13 03:00:00.976000+00:00,binance
244489,delisting,Notice of Removal of Spot Trading Pairs - 2025-08-15,1755057611582,2025-08-13 04:00:11.582000+00:00,binance
244545,listing,Binance Futures Will Launch USDⓈ-Margined AIOUSDT and XNYUSDT Perpetual Contracts (2025-08-13),1755078048874,2025-08-13 09:40:48.874000+00:00,binance
244574,listing,"Binance Will Add BFUSD on Buy Crypto, Convert & Margin",1755091809628,2025-08-13 13:30:09.628000+00:00,binance
244879,listing,Binance Futures Will Launch USDⓈ-Margined USELESSUSDT Perpetual Contract (2025-08-15),1755254813989,2025-08-15 10:46:53.989000+00:00,binance
244900,listing,Reservoir (DAM) Will Be Available on Binance Alpha and Binance Futures (2025-08-18),1755259284160,2025-08-15 12:01:24.160000+00:00,binance
245013,listing,Notice on New Trading Pairs & Trading Bots Services on Binance Spot - 2025-08-19,1755502219426,2025-08-18 07:30:19.426000+00:00,binance
245107,listing,Introducing Plume (PLUME) on Binance HODLer Airdrops! Earn PLUME With Retroactive BNB Simple Earn Subscriptions,1755509766933,2025-08-18 09:36:06.933000+00:00,binance
245137,listing,"Binance Will Add Plume (PLUME) on Earn, Buy Crypto, Convert & Margin",1755527408023,2025-08-18 14:30:08.023000+00:00,binance
245228,delisting,Notice of Removal of Spot Trading Pairs - 2025-08-22,1755658822496,2025-08-20 03:00:22.496000+00:00,binance
245232,listing,Sapien (SAPIEN) Will Be Available on Binance Alpha and Binance Futures (2025-08-20),1755659706331,2025-08-20 03:15:06.331000+00:00,binance
245340,listing,Binance Futures Will Launch USDⓈ-Margined CUDISUSDT Perpetual Contract (2025-08-20),1755683297734,2025-08-20 09:48:17.734000+00:00,binance
245568,listing,Binance Futures Will Launch USDⓈ-Margined XPLUSDT Perpetual Contract Pre-Market Trading (2025-08-22),1755851403071,2025-08-22 08:30:03.071000+00:00,binance
245589,listing,Binance Futures Will Launch USDⓈ-Margined WLFIUSDT Perpetual Contract Pre-Market Trading (2025-08-23),1755936934030,2025-08-23 08:15:34.030000+00:00,binance
245606,listing,Bitlayer (BTR) Will Be Available on Binance Alpha and Binance Futures (2025-08-27),1756085412376,2025-08-25 01:30:12.376000+00:00,binance
245664,listing,Binance Futures Will Launch USDⓈ-Margined BIOUSDC Perpetual Contract (2025-08-25),1756101605357,2025-08-25 06:00:05.357000+00:00,binance
245691,listing,Notice on New Trading Pairs & Trading Bots Services on Binance Spot - 2025-08-26,1756108802031,2025-08-25 08:00:02.031000+00:00,binance
245717,listing,Binance Futures Will Launch USDⓈ-Margined SOMIUSDT Perpetual Contract Pre-Market Trading (2025-08-25),1756113319791,2025-08-25 09:15:19.791000+00:00,binance
245842,listing,Mitosis (MITO) Will Be Available on Binance Alpha and Binance Futures (2025-08-28),1756209639698,2025-08-26 12:00:39.698000+00:00,binance
245845,listing,Binance Futures Will Launch USDⓈ-Margined BASUSDT Perpetual Contract (2025-08-26),1756210369262,2025-08-26 12:12:49.262000+00:00,binance
245913,delisting,Notice of Removal of Spot Trading Pairs - 2025-08-29,1756281637167,2025-08-27 08:00:37.167000+00:00,binance
245995,listing,Introducing Dolomite (DOLO) on Binance HODLer Airdrops! Earn DOLO With Retroactive BNB Simple Earn Subscriptions,1756291402012,2025-08-27 10:43:22.012000+00:00,binance
246029,listing,Hemi (HEMI) Will Be Available on Binance Alpha and Binance Futures (2025-08-29),1756303220269,2025-08-27 14:00:20.269000+00:00,binance
246047,listing,"Binance Will Add Dolomite (DOLO) on Earn, Buy Crypto, Convert & Margin",1756308601265,2025-08-27 15:30:01.265000+00:00,binance
246221,listing,Introducing Mitosis (MITO) on Binance HODLer Airdrops! Earn MITO With Retroactive BNB Simple Earn Subscriptions,1756458957261,2025-08-29 09:15:57.261000+00:00,binance
246227,listing,Portal to Bitcoin (PTB) Will Be Available on Binance Alpha and Binance Futures (2025-09-03),1756461609199,2025-08-29 10:00:09.199000+00:00,binance
246267,delisting,Binance Futures Will Delist USDⓈ-M LEVERUSDT Perpetual Contract (2025-09-03),1756465212480,2025-08-29 11:00:12.480000+00:00,binance
246284,listing,"Binance Will Add Mitosis (MITO) on Earn, Buy Crypto, Convert & Margin",1756479601300,2025-08-29 15:00:01.300000+00:00,binance
246312,listing,Quack AI (Q) Will Be Available on Binance Alpha and Binance Futures (2025-09-02),1756556988903,2025-08-30 12:29:48.903000+00:00,binance
246375,listing,Binance Will List  World Liberty Financial (WLFI) with Seed Tag Applied,1756691345082,2025-09-01 01:49:05.082000+00:00,binance
246589,listing,Binance Futures Will Launch USDⓈ-Margined LINEAUSDT Perpetual Contract Pre-Market Trading (2025-09-01),1756714503712,2025-09-01 08:15:03.712000+00:00,binance
246568,listing,Notice on New Trading Pairs & Trading Bots Services on Binance Spot - 2025-09-02,1756715404694,2025-09-01 08:30:04.694000+00:00,binance
246628,listing,Introducing Somnia (SOMI) on Binance HODLer Airdrops! Earn SOMI With Retroactive BNB Simple Earn Subscriptions,1756717172790,2025-09-01 08:59:32.790000+00:00,binance
246657,listing,"Binance Will Add World Liberty Financial (WLFI) on Earn, Buy Crypto, Convert, Margin & Futures",1756729808062,2025-09-01 12:30:08.062000+00:00,binance
246689,listing,Notice on New Trading Pairs & Trading Bots Services on Binance Spot - 2025-09-03,1756796410469,2025-09-02 07:00:10.469000+00:00,binance
246750,listing,"Binance Will Add Somnia (SOMI) on Earn, Buy Crypto, Convert, Margin & Futures",1756821601389,2025-09-02 14:00:01.389000+00:00,binance
246714,delisting,"Binance Will Delist BAKE, HIFI, SLF on 2025-09-17",1756868394550,2025-09-03 02:59:54.550000+00:00,binance
246849,delisting,Notice of Removal of Spot Trading Pairs - 2025-09-05,1756882801292,2025-09-03 07:00:01.292000+00:00,binance
246954,listing,Binance Futures Will Launch USDⓈ-Margined ARIAUSDT and TAKEUSDT Perpetual Contracts (2025-09-03),1756892990539,2025-09-03 09:49:50.539000+00:00,binance
247186,listing,Introducing OpenLedger (OPEN) on Binance HODLer Airdrops! Earn OPEN With Retroactive BNB Simple Earn Subscriptions,1757056711526,2025-09-05 07:18:31.526000+00:00,binance
247221,listing,Avantis (AVNT) Will Be Available on Binance Alpha and Binance Futures (2025-09-09),1757250014505,2025-09-07 13:00:14.505000+00:00,binance
247290,listing,Binance Futures Will Launch USDⓈ-Margined WLFIUSDC Perpetual Contract (2025-09-08),1757316625660,2025-09-08 07:30:25.660000+00:00,binance
247385,listing,"Binance Will Add OpenLedger (OPEN) on Earn, Buy Crypto, Convert, Margin & Futures",1757334601275,2025-09-08 12:30:01.275000+00:00,binance
247412,listing,Introducing Linea (LINEA) on Binance HODLer Airdrops! Earn LINEA With Retroactive BNB Simple Earn Subscriptions,1757341569314,2025-09-08 14:26:09.314000+00:00,binance
247470,listing,Binance Futures Will Launch USDⓈ-Margined FLOCKUSDT and SKYUSDT Perpetual Contracts (2025-09-09),1757395717523,2025-09-09 05:28:37.523000+00:00,binance
247488,listing,Binance Will List Ethena USDe (USDE),1757401201439,2025-09-09 07:00:01.439000+00:00,binance
247591,listing,"Binance Will Add USDe (USDE) on Buy Crypto, Convert & Margin",1757417401844,2025-09-09 11:30:01.844000+00:00,binance
247795,listing,Introducing Holoworld AI (HOLO) on Binance HODLer Airdrops! Earn HOLO With Retroactive BNB Simple Earn Subscriptions,1757481119424,2025-09-10 05:11:59.424000+00:00,binance
247820,delisting,Notice of Removal of Spot Trading Pairs - 2025-09-12,1757487604389,2025-09-10 07:00:04.389000+00:00,binance
247883,listing,Unibase (UB) Will Be Available on Binance Alpha and Binance Futures (2025-09-12),1757496602786,2025-09-10 09:30:02.786000+00:00,binance
247902,delisting,Binance Futures Will Delist USDⓈ-M BSWUSDT Perpetual Contract (2025-09-15),1757499283992,2025-09-10 10:14:43.992000+00:00,binance
247922,listing,"Binance Will Add Linea (LINEA) on Earn, Buy Crypto, Convert, Margin & Futures",1757518200000,2025-09-10 15:30:00+00:00,binance
247970,listing,"Binance Will Add Holoworld AI (HOLO) on Earn, Buy Crypto, Convert, Margin & Futures",1757590207408,2025-09-11 11:30:07.408000+00:00,binance
247982,listing,Binance Will List Pump.fun (PUMP) with Seed Tag Applied,1757590673797,2025-09-11 11:37:53.797000+00:00,binance
248007,listing,"Binance Will Add Pump.fun (PUMP) on Earn, Buy Crypto, Convert & Margin",1757592918590,2025-09-11 12:15:18.590000+00:00,binance
248074,listing,Notice on New Trading Pairs & Trading Bots Services on Binance Spot - 2025-09-12,1757597637023,2025-09-11 13:33:57.023000+00:00,binance
248128,listing,Binance Futures Will Launch USDⓈ-Margined XPINUSDT Perpetual Contract (2025-09-12),1757659854421,2025-09-12 06:50:54.421000+00:00,binance
248196,listing,Introducing Boundless (ZKC) on Binance HODLer Airdrops! Earn ZKC With Retroactive BNB Simple Earn Subscriptions,1757671053626,2025-09-12 09:57:33.626000+00:00,binance
248335,listing,Binance Will List Avantis (AVNT) with Seed Tag Applied,1757908021934,2025-09-15 03:47:01.934000+00:00,binance
248360,listing,"Binance Will Add Avantis (AVNT) on Earn, Buy Crypto, Convert & Margin",1757910638226,2025-09-15 04:30:38.226000+00:00,binance
248466,listing,"Binance Will Add Boundless (ZKC) on Earn, Buy Crypto, Convert, Margin & Futures",1757943007500,2025-09-15 13:30:07.500000+00:00,binance
248568,listing,DeAgent AI (AIA) Will Be Available on Binance Alpha and Binance Futures (2025-09-18),1758020401462,2025-09-16 11:00:01.462000+00:00,binance
248699,listing,Binance Futures Will Launch USDⓈ-Margined TOSHIUSDT and STBLUSDT Perpetual Contracts (2025-09-17),1758080688953,2025-09-17 03:44:48.953000+00:00,binance
248693,delisting,Notice of Removal of Spot Trading Pairs - 2025-09-19,1758090602108,2025-09-17 06:30:02.108000+00:00,binance
248775,listing,"Binance Will Add Sky (SKY) on Earn, Buy Crypto, Convert & Margin",1758094201400,2025-09-17 07:30:01.400000+00:00,binance
248842,delisting,Binance Futures Will Delist USDⓈ-M ALPHAUSDT Perpetual Contract (2025-09-23),1758098727976,2025-09-17 08:45:27.976000+00:00,binance
248896,listing,Introducing Lombard (BARD) on Binance HODLer Airdrops! Earn BARD With Retroactive BNB Simple Earn Subscriptions,1758103070745,2025-09-17 09:57:50.745000+00:00,binance
248974,listing,Binance Futures Will Launch USDⓈ-Margined 0GUSDT Perpetual Contract Pre-Market Trading (2025-09-17),1758123035501,2025-09-17 15:30:35.501000+00:00,binance
249112,listing,"Binance Will Add Lombard (BARD) on Earn, Buy Crypto, Convert, Margin & Futures",1758191419413,2025-09-18 10:30:19.413000+00:00,binance
249244,listing,Binance Futures Will List USDⓈ-M & COIN-M Quarterly 0327 Delivery Contracts,1758250800916,2025-09-19 03:00:00.916000+00:00,binance
249344,listing,Binance Futures Will Launch USDⓈ-Margined ASTERUSDT and TRADOORUSDT Perpetual Contracts (2025-09-19),1758279475276,2025-09-19 10:57:55.276000+00:00,binance
249377,listing,Bless (BLESS) Will Be Available on Binance Alpha and Binance Futures (2025-09-23),1758423636273,2025-09-21 03:00:36.273000+00:00,binance
249383,listing,Introducing 0G (0G) on Binance HODLer Airdrops! Earn 0G With Retroactive BNB Simple Earn Subscriptions,1758445097740,2025-09-21 08:58:17.740000+00:00,binance
249475,delisting,Binance Futures Will Delist USDⓈ-M NEIROETHUSDT Perpetual Contract (2025-09-26),1758526202610,2025-09-22 07:30:02.610000+00:00,binance
249478,listing,Notice on New Trading Pairs & Trading Bots Services on Binance Spot - 2025-09-23,1758529812399,2025-09-22 08:30:12.399000+00:00,binance
249541,listing,"Binance Will Add 0G (0G) on Earn, Buy Crypto, Convert, Margin & Futures",1758533406451,2025-09-22 09:30:06.451000+00:00,binance
249544,listing,Anoma (XAN) Will Be Available on Binance Alpha and Binance Futures (2025-09-23),1758535196104,2025-09-22 09:59:56.104000+00:00,binance
249647,listing,Introducing Hemi (HEMI) on Binance HODLer Airdrops! Earn HEMI With Retroactive BNB Simple Earn Subscriptions,1758604157058,2025-09-23 05:09:17.058000+00:00,binance
249742,listing,ChainOpera AI (COAI) Will Be Available on Binance Alpha and Binance Futures (2025-09-25),1758617112175,2025-09-23 08:45:12.175000+00:00,binance
249782,listing,"Binance Will Add Hemi (HEMI) on Earn, Buy Crypto, Convert & Margin",1758627001421,2025-09-23 11:30:01.421000+00:00,binance
249962,delisting,Notice of Removal of Spot Trading Pairs - 2025-09-26,1758679200745,2025-09-24 02:00:00.745000+00:00,binance
250019,listing,Hana Network (HANA) Will Be Available on Binance Alpha and Binance Futures (2025-09-26),1758693663785,2025-09-24 06:01:03.785000+00:00,binance
250065,listing,Introducing Plasma (XPL) on Binance HODLer Airdrops! Earn XPL With Retroactive BNB Simple Earn Subscriptions,1758700804069,2025-09-24 08:00:04.069000+00:00,binance
250097,listing,Binance Futures Will Launch USDⓈ-Margined FLUIDUSDT Perpetual Contract (2025-09-24),1758705925637,2025-09-24 09:25:25.637000+00:00,binance
250184,delisting,Binance Futures Will Delist USDⓈ-M UXLINKUSDT Perpetual Contract (2025-09-26),1758715205980,2025-09-24 12:00:05.980000+00:00,binance
250230,listing,Bitlight (LIGHT) Will Be Available on Binance Alpha and Binance Futures (2025-09-27),1758780004626,2025-09-25 06:00:04.626000+00:00,binance
250263,listing,Introducing Mira (MIRA) on Binance HODLer Airdrops! Earn MIRA With Retroactive BNB Simple Earn Subscriptions,1758794403425,2025-09-25 10:00:03.425000+00:00,binance
250324,listing,"Binance Will Add Plasma (XPL) on Earn, Buy Crypto, Convert, Margin & Futures",1758803407563,2025-09-25 12:30:07.563000+00:00,binance
250411,listing,Introducing Falcon Finance (FF) on Binance HODLer Airdrops! Earn FF With Retroactive BNB Simple Earn Subscriptions,1758873162488,2025-09-26 07:52:42.488000+00:00,binance
250459,listing,Binance Futures Will Launch USDⓈ-Margined AKEUSDT and ORDERUSDT Perpetual Contracts (2025-09-26),1758879995519,2025-09-26 09:46:35.519000+00:00,binance
250478,listing,"Binance Will Add Mira (MIRA) on Earn, Buy Crypto, Convert, Margin & Futures",1758886201728,2025-09-26 11:30:01.728000+00:00,binance
250525,listing,zkVerify (VFY) Will Be Available on Binance Alpha and Binance Futures (2025-09-30),1759039201424,2025-09-28 06:00:01.424000+00:00,binance
250589,listing,Swarm Network (TRUTH) Will Be Available on Binance Alpha and Binance Futures (2025-10-01),1759125603236,2025-09-29 06:00:03.236000+00:00,binance
250606,listing,Notice on New Trading Pairs & Trading Bots Services on Binance Spot - 2025-09-30,1759129207529,2025-09-29 07:00:07.529000+00:00,binance
250637,listing,Introducing OpenEden (EDEN) on Binance HODLer Airdrops! Earn EDEN With Retroactive BNB Simple Earn Subscriptions,1759134637707,2025-09-29 08:30:37.707000+00:00,binance
250722,delisting,Binance Futures Will Delist USDⓈ-M HIFIUSDT and BAKEUSDT Perpetual Contracts (2025-10-03),1759146319511,2025-09-29 11:45:19.511000+00:00,binance
250735,listing,"Binance Will Add Falcon Finance (FF) on Earn, Buy Crypto, Convert, Margin & Futures",1759149018255,2025-09-29 12:30:18.255000+00:00,binance
250822,listing,DoubleZero (2Z) Will Be Available on Binance Alpha and Binance Futures (2025-10-02),1759212006740,2025-09-30 06:00:06.740000+00:00,binance
250841,delisting,Notice of Removal of Margin Trading Pairs - 2025-10-02,1759221030976,2025-09-30 08:30:30.976000+00:00,binance
250848,listing,"Binance Will Add OpenEden (EDEN) on Earn, Buy Crypto, Convert, Margin & Futures",1759228202485,2025-09-30 10:30:02.485000+00:00,binance
250962,listing,Binance Adds New JPY Spot Trading Pair and Launches Zero Maker Fee Promotion - 2025-10-03,1759287614720,2025-10-01 03:00:14.720000+00:00,binance
250974,listing,EVAA (EVAA) Will Be Available on Binance Alpha and Binance Futures (2025-10-03),1759298414798,2025-10-01 06:00:14.798000+00:00,binance
250971,delisting,Notice of Removal of Spot Trading Pairs - 2025-10-03,1759302018652,2025-10-01 07:00:18.652000+00:00,binance
250977,listing,"Binance Will Add Nomina (NOM) on Earn, Buy Crypto, Convert, Margin & Futures",1759303816268,2025-10-01 07:30:16.268000+00:00,binance
251199,listing,Introducing DoubleZero (2Z) on Binance HODLer Airdrops! Earn 2Z With Retroactive BNB Simple Earn Subscriptions,1759375105856,2025-10-02 03:18:25.856000+00:00,binance
251324,listing,"Binance Will Add DoubleZero (2Z) on Earn, Buy Crypto, Convert & Margin",1759408207778,2025-10-02 12:30:07.778000+00:00,binance
251448,listing,Introducing Morpho (MORPHO) on Binance HODLer Airdrops! Earn MORPHO With Retroactive BNB Simple Earn Subscriptions,1759485107646,2025-10-03 09:51:47.646000+00:00,binance
251473,listing,"Binance Will Add Morpho (MORPHO) on Earn, Buy Crypto, Convert & Margin",1759501801410,2025-10-03 14:30:01.410000+00:00,binance
251501,listing,Everlyn AI (LYN) Will Be Available on Binance Alpha and Binance Futures (2025-10-06),1759557629574,2025-10-04 06:00:29.574000+00:00,binance
251527,listing,KGeN (KGEN) Will Be Available on Binance Alpha and Binance Futures (2025-10-07),1759644007072,2025-10-05 06:00:07.072000+00:00,binance
251602,listing,Binance Will List Aster (ASTER) with Seed Tag Applied,1759736929954,2025-10-06 07:48:49.954000+00:00,binance
251686,listing,"Binance Will Add Aster (ASTER) on Earn, Buy Crypto, Convert & Margin",1759750209902,2025-10-06 11:30:09.902000+00:00,binance
251773,delisting,Notice of Removal of Spot Trading Pairs - 2025-10-10,1759906800000,2025-10-08 07:00:00+00:00,binance
251895,listing,Binance Futures Will Launch USDⓈ-Margined 4USDT Perpetual Contract (2025-10-08),1759917676881,2025-10-08 10:01:16.881000+00:00,binance
252029,listing,Binance Futures Will Launch USDⓈ-Margined GIGGLEUSDT Perpetual Contract (2025-10-09),1759998183522,2025-10-09 08:23:03.522000+00:00,binance
252091,listing,Introducing Walrus (WAL) on Binance HODLer Airdrops! Earn WAL With Retroactive BNB Simple Earn Subscriptions,1760062881098,2025-10-10 02:21:21.098000+00:00,binance
252175,listing,Binance Futures Will Launch USDⓈ-Margined MONUSDT Perpetual Contract Pre-Market Trading (2025-10-10),1760078701747,2025-10-10 06:45:01.747000+00:00,binance
252172,listing,"Binance Will Add Walrus (WAL) on Earn, Buy Crypto, Convert & Margin",1760079632652,2025-10-10 07:00:32.652000+00:00,binance
252293,listing,Binance Futures Will Launch USDⓈ-Margined YBUSDT Perpetual Contract Pre-Market Trading (2025-10-10),1760106609813,2025-10-10 14:30:09.813000+00:00,binance
252348,listing,Binance Futures Will Launch USDⓈ-Margined METUSDT Perpetual Contract Pre-Market Trading (2025-10-11),1760184133382,2025-10-11 12:02:13.382000+00:00,binance
252389,listing,Yei Finance (CLO) Will Be Available on Binance Alpha and Binance Futures (2025-10-14),1760248802415,2025-10-12 06:00:02.415000+00:00,binance
252454,listing,Recall (RECALL) Will Be Available on Binance Alpha and Binance Futures (2025-10-15),1760335241433,2025-10-13 06:00:41.433000+00:00,binance
252471,listing,Introducing Euler (EUL) on Binance HODLer Airdrops! Earn EUL With Retroactive BNB Simple Earn Subscriptions,1760347368185,2025-10-13 09:22:48.185000+00:00,binance
252496,listing,"Binance Will Add Euler (EUL) on Earn, Buy Crypto, Convert, Margin & Futures",1760364007564,2025-10-13 14:00:07.564000+00:00,binance
252554,listing,Introducing Enso (ENSO) on Binance HODLer Airdrops! Earn ENSO With Retroactive BNB Simple Earn Subscriptions,1760410712966,2025-10-14 02:58:32.966000+00:00,binance
252601,listing,"Binance Will Add Enso (ENSO) on Earn, Buy Crypto, Convert, Margin & Futures",1760430607451,2025-10-14 08:30:07.451000+00:00,binance
252629,listing,Introducing Yield Basis (YB) on Binance HODLer Airdrops! Earn YB With Retroactive BNB Simple Earn Subscriptions,1760435187057,2025-10-14 09:46:27.057000+00:00,binance
252720,delisting,Notice of Removal of Margin Trading Pairs - 2025-10-16,1760451766406,2025-10-14 14:22:46.406000+00:00,binance
252699,delisting,Notice of Removal of Spot Trading Pairs - 2025-10-17,1760511600000,2025-10-15 07:00:00+00:00,binance
252800,listing,ZEROBASE (ZBT) Will Be Available on Binance Alpha and Binance Futures (2025-10-17),1760520605182,2025-10-15 09:30:05.182000+00:00,binance
252834,listing,"Binance Will Add Yield Basis (YB) on Earn, Buy Crypto, Convert, Margin & Futures",1760524219742,2025-10-15 10:30:19.742000+00:00,binance
252936,listing,Astra Nova (RVV) Will Be Available on Binance Alpha and Binance Futures (2025-10-18),1760610628235,2025-10-16 10:30:28.235000+00:00,binance
253099,listing,Introducing ZEROBASE (ZBT) on Binance HODLer Airdrops! Earn ZBT With Retroactive BNB Simple Earn Subscriptions,1760694813652,2025-10-17 09:53:33.652000+00:00,binance
253128,listing,"Binance Will Add ZEROBASE (ZBT) on Earn, Buy Crypto, Convert & Margin",1760704201471,2025-10-17 12:30:01.471000+00:00,binance
253157,listing,Binance Futures Will Launch USDⓈ-Margined LABUSDT and RIVERUSDT Perpetual Contracts (2025-10-17),1760705928360,2025-10-17 12:58:48.360000+00:00,binance
253187,delisting,Binance Futures Will Delist USDⓈ-M SLERFUSDT and COIN-M CHZUSD Perpetual Contracts (2025-10-20 & 2025-10-21),1760759930952,2025-10-18 03:58:50.952000+00:00,binance
253243,listing,Binance Futures Will Launch USDⓈ-Margined 币安人生USDT Perpetual Contract (2025-10-20),1760950818868,2025-10-20 09:00:18.868000+00:00,binance
253265,listing,Bluwhale (BLUAI) Will Be Available on Binance Alpha and Binance Futures (2025-10-21),1760958185890,2025-10-20 11:03:05.890000+00:00,binance
253306,listing,Introducing Turtle (TURTLE) on Binance HODLer Airdrops! Earn TURTLE With Retroactive BNB Simple Earn Subscriptions,1761033409816,2025-10-21 07:56:49.816000+00:00,binance
253438,delisting,Notice of Removal of Margin Trading Pairs - 2025-10-23,1761094805512,2025-10-22 01:00:05.512000+00:00,binance
253483,listing,Orochi (ON) Will Be Available on Binance Alpha and Binance Futures (2025-10-24),1761112831040,2025-10-22 06:00:31.040000+00:00,binance
253394,delisting,Notice of Removal of Spot Trading Pairs - 2025-10-24,1761117300000,2025-10-22 07:15:00+00:00,binance
253542,listing,"Binance Will Add Turtle (TURTLE) on Earn, Buy Crypto, Convert, Margin & Futures",1761143401327,2025-10-22 14:30:01.327000+00:00,binance
253670,listing,aPriori (APR) Will Be Available on Binance Alpha and Binance Futures (2025-10-23),1761201030953,2025-10-23 06:30:30.953000+00:00,binance
253761,delisting,Binance Futures Will Delist COIN-M GMTUSD and DOGSUSD Perpetual Contracts (2025-10-28),1761219095905,2025-10-23 11:31:35.905000+00:00,binance
253779,listing,Binance Futures Will Convert USDⓈ-Margined METUSDT Perpetual Contract Pre-Market Trading to Standard Perpetual Futures Contract (2025-10-23),1761227101100,2025-10-23 13:45:01.100000+00:00,binance
253898,listing,Binance Will List Giggle Fund (GIGGLE) and SynFutures (F) with Seed Tag Applied,1761361338417,2025-10-25 03:02:18.417000+00:00,binance
253931,listing,"Binance Will Add Giggle Fund (GIGGLE) and SynFutures (F) on Earn, Buy Crypto, Convert & Margin",1761370213527,2025-10-25 05:30:13.527000+00:00,binance
253901,listing,Common (COMMON) Will Be Available on Binance Alpha and Binance Futures (2025-10-27),1761372015390,2025-10-25 06:00:15.390000+00:00,binance
253928,listing,Semantic Layer (42) Will Be Available on Binance Alpha and Binance Futures (2025-10-27),1761373843379,2025-10-25 06:30:43.379000+00:00,binance
254267,delisting,"Binance Will Delist FLM, KDA, PERP on 2025-11-12",1761706804123,2025-10-29 03:00:04.123000+00:00,binance
254185,delisting,Notice of Removal of Spot Trading Pairs - 2025-10-31,1761719400000,2025-10-29 06:30:00+00:00,binance
254378,listing,Binance Futures Will Launch USDⓈ-Margined ATUSDT Perpetual Contract (2025-10-29),1761730575831,2025-10-29 09:36:15.831000+00:00,binance
254381,listing,Binance Futures Will Launch USDⓈ-Margined KITEUSDT Perpetual Contract Pre-Market Trading (2025-10-29),1761732868323,2025-10-29 10:14:28.323000+00:00,binance
254643,listing,"Introducing Kite (KITE) on Binance Launchpool! Farm KITE by Locking BNB, FDUSD and USDC",1761898168970,2025-10-31 08:09:28.970000+00:00,binance
254673,listing,Binance Futures Will Launch USDⓈ-Margined CCUSDT Perpetual Contract Pre-Market Trading (2025-10-31),1761911103896,2025-10-31 11:45:03.896000+00:00,binance
254756,delisting,Binance Futures Will Delist Multiple Perpetual Contracts,1762137028085,2025-11-03 02:30:28.085000+00:00,binance
254759,listing,Intuition (TRUST) Will Be Available on Binance Alpha and Binance Futures (2025-11-05),1762149805142,2025-11-03 06:03:25.142000+00:00,binance
254877,listing,Introducing Momentum (MMT) on Binance HODLer Airdrops! Earn MMT With Retroactive BNB Simple Earn Subscriptions,1762157651430,2025-11-03 08:14:11.430000+00:00,binance
254936,listing,"Binance Will Add Kite (KITE) on Earn, Buy Crypto, Convert, Margin & Futures",1762173001682,2025-11-03 12:30:01.682000+00:00,binance
255039,listing,UnifAI (UAI) Will Be Available on Binance Alpha and Binance Futures (2025-11-06),1762239707649,2025-11-04 07:01:47.649000+00:00,binance
255017,listing,Notice on New Trading Pairs & Trading Bots Services on Binance Spot - 2025-11-05,1762241400000,2025-11-04 07:30:00+00:00,binance
255011,listing,Folks Finance (FOLKS) Will Be Available on Binance Alpha and Binance Futures (2025-11-06),1762252207695,2025-11-04 10:30:07.695000+00:00,binance
255103,delisting,Notice of Removal of Margin Trading Pairs - 2025-11-04,1762254001220,2025-11-04 11:00:01.220000+00:00,binance
255123,listing,"Binance Will Add Momentum (MMT) on Earn, Buy Crypto, Convert, Margin & Futures",1762255824922,2025-11-04 11:30:24.922000+00:00,binance
255304,delisting,Notice of Removal of Spot Trading Pairs - 2025-11-07,1762314300000,2025-11-05 03:45:00+00:00,binance
255514,listing,Introducing Sapien (SAPIEN) on Binance HODLer Airdrops! Earn SAPIEN With Retroactive BNB Simple Earn Subscriptions,1762404341669,2025-11-06 04:45:41.669000+00:00,binance
255568,listing,"Binance Will Add Sapien (SAPIEN) on Earn, Buy Crypto, Convert & Margin",1762421404456,2025-11-06 09:30:04.456000+00:00,binance
255607,listing,Binance Futures Will Launch USDⓈ-Margined STABLEUSDT Perpetual Contract Pre-Market Trading (2025-11-06),1762429474151,2025-11-06 11:44:34.151000+00:00,binance
255692,delisting,Binance Futures Will Delist COIN-M MANAUSD and EGLDUSD Perpetual Contracts (2025-11-13),1762507832708,2025-11-07 09:30:32.708000+00:00,binance
255719,listing,Janction (JCT) Will Be Available on Binance Alpha and Binance Futures (2025-11-10),1762581610820,2025-11-08 06:00:10.820000+00:00,binance
255795,listing,Notice on New Trading Pairs & Trading Bots Services on Binance Spot - 2025-11-11,1762763400000,2025-11-10 08:30:00+00:00,binance
255876,listing,Binance Futures Will Convert USDⓈ-Margined CCUSDT Perpetual Contract Pre-Market Trading to Standard Perpetual Futures Contract (2025-11-10),1762773305951,2025-11-10 11:15:05.951000+00:00,binance
255893,delisting,Binance Futures Will Delist USDⓈ-M MYROUSDT and 1000XUSDT Perpetual Contracts (2025-11-14),1762782300002,2025-11-10 13:45:00.002000+00:00,binance
255961,listing,Introducing Allora (ALLO) on Binance HODLer Airdrops! Earn ALLO With Retroactive BNB Simple Earn Subscriptions,1762837110748,2025-11-11 04:58:30.748000+00:00,binance
256078,listing,"Binance Will Add Allora (ALLO) on Earn, Buy Crypto, Convert, Margin & Futures",1762867805464,2025-11-11 13:30:05.464000+00:00,binance
256218,listing,Planck (PLANCK) Will Be Available on Binance Alpha and Binance Futures (2025-11-13),1762930858808,2025-11-12 07:00:58.808000+00:00,binance
255990,delisting,Notice of Removal of Spot Trading Pairs - 2025-11-14,1762932600000,2025-11-12 07:30:00+00:00,binance
256318,listing,Binance Futures Will Launch USDⓈ-Margined CLANKERUSDT and BEATUSDT Perpetual Contracts (2025-11-12),1762942539520,2025-11-12 10:15:39.520000+00:00,binance
256321,listing,Notice on New Trading Pairs & Trading Bots Services on Binance Spot - 2025-11-13,1762948800000,2025-11-12 12:00:00+00:00,binance
256512,listing,Pieverse (PIEVERSE) Will Be Available on Binance Alpha and Binance Futures (2025-11-14),1763020070076,2025-11-13 07:47:50.076000+00:00,binance
256520,listing,Binance Will List Lorenzo Protocol (BANK) and Meteora (MET) with Seed Tag Applied,1763028026501,2025-11-13 10:00:26.501000+00:00,binance
256569,listing,"Binance Will Add Lorenzo Protocol (BANK) and Meteora (MET) on Earn, Buy Crypto, Convert & Margin",1763040605276,2025-11-13 13:30:05.276000+00:00,binance
256621,delisting,Binance Futures Will Delist COIN-M RUNEUSD Perpetual Contract (2025-11-19),1763105419907,2025-11-14 07:30:19.907000+00:00,binance
256640,listing,Notice on New Trading Pairs & Trading Bots Services on Binance Spot - 2025-11-26,1763110800000,2025-11-14 09:00:00+00:00,binance
256679,listing,Binance Futures Will Launch USDⓈ-Margined SENTUSDT Perpetual Contract Pre-Market Trading (2025-11-14),1763123409013,2025-11-14 12:30:09.013000+00:00,binance
256825,listing,GAIB (GAIB) Will Be Available on Binance Alpha and Binance Futures (2025-11-19),1763359232478,2025-11-17 06:00:32.478000+00:00,binance
256771,listing,Notice on New Trading Pairs & Trading Bots Services on Binance Spot - 2025-11-18,1763362800000,2025-11-17 07:00:00+00:00,binance
256905,listing,Binance Adds USDT/USD and USDC/USD Spot Trading Pairs with Zero Trading Fee Promotion,1763366400981,2025-11-17 08:00:00.981000+00:00,binance
256967,listing,Binance Will Add USD on Convert,1763434802971,2025-11-18 03:00:02.971000+00:00,binance
256994,delisting,Binance Futures Will Delist Multiple USDⓈ-M Perpetual Contracts (2025-11-21),1763438473736,2025-11-18 04:01:13.736000+00:00,binance
257030,delisting,Notice of Removal of Spot Trading Pairs - 2025-11-21,1763535600000,2025-11-19 07:00:00+00:00,binance
257245,listing,Binance Futures Will Launch USDⓈ-Margined ZECUSDC Perpetual Contract (2025-11-19),1763537407227,2025-11-19 07:30:07.227000+00:00,binance
257465,listing,Binance Futures Will Launch USDⓈ-Margined BOBUSDT Perpetual Contract (2025-11-21),1763717331171,2025-11-21 09:28:51.171000+00:00,binance
257521,delisting,Binance Futures Will Delist USDⓈ-M PORT3USDT Perpetual Contract (2025-11-23),1763877454108,2025-11-23 05:57:34.108000+00:00,binance
257592,delisting,Binance Futures Will Delist Multiple USDⓈ-M Perpetual Contracts (2025-11-28),1763991911669,2025-11-24 13:45:11.669000+00:00,binance
257609,listing,Binance Futures Will Convert USDⓈ-Margined MONUSDT Perpetual Contract Pre-Market Trading to Standard Perpetual Futures Contract (2025-11-24),1763995503423,2025-11-24 14:45:03.423000+00:00,binance
257728,listing,Notice on New Trading Pairs & Trading Bots Services on Binance Spot - 2025-11-27 & 2025-11-29,1764122409226,2025-11-26 02:00:09.226000+00:00,binance
257697,delisting,Notice of Removal of Spot Trading Pairs - 2025-11-28,1764140400000,2025-11-26 07:00:00+00:00,binance
257871,listing,Binance Futures Will Launch USDⓈ-Margined IRYSUSDT Perpetual Contract (2025-11-26),1764168236086,2025-11-26 14:43:56.086000+00:00,binance
257971,listing,Introducing APRO (AT) on Binance HODLer Airdrops! Earn AT With Retroactive BNB Simple Earn Subscriptions,1764232698399,2025-11-27 08:38:18.399000+00:00,binance
258010,listing,"Binance Will Add APRO (AT) on Earn, Buy Crypto, Convert & Margin",1764250223601,2025-11-27 13:30:23.601000+00:00,binance
258036,delisting,Notice of Removal of Margin Trading Pairs - 2025-12-04,1764295201173,2025-11-28 02:00:01.173000+00:00,binance
258292,delisting,Binance Futures Will Delist Multiple Perpetual Contracts (2025-12-05),1764576863757,2025-12-01 08:14:23.757000+00:00,binance
258432,listing,Binance Futures Will Launch USDⓈ-Margined RLSUSDT Perpetual Contract (2025-12-02),1764665000303,2025-12-02 08:43:20.303000+00:00,binance
258493,delisting,Notice of Removal of Spot Trading Pairs - 2025-12-05,1764732600000,2025-12-03 03:30:00+00:00,binance
258563,delisting,Notice of Removal of Margin Trading Pairs - 2025-12-04,1764738006158,2025-12-03 05:00:06.158000+00:00,binance
258490,listing,Notice on New Trading Pairs & Trading Bots Services on Binance Spot - 2025-12-04,1764741600000,2025-12-03 06:00:00+00:00,binance
258578,delisting,"Binance Will Delist FIS, REI, VOXEL on 2025-12-17",1764743396380,2025-12-03 06:29:56.380000+00:00,binance
258660,delisting,Notice of Removal of Margin Trading Pairs - 2025-12-11,1764824404295,2025-12-04 05:00:04.295000+00:00,binance
258807,delisting,Binance Futures Will Delist Multiple USDⓈ-M Perpetual Contracts (2025-12-10),1764930770574,2025-12-05 10:32:50.574000+00:00,binance
258836,listing,Binance Futures Will Launch USDⓈ-Margined POWERUSDT Perpetual Contract (2025-12-06),1765006814266,2025-12-06 07:40:14.266000+00:00,binance
259054,delisting,Notice of Removal of Spot Trading Pairs - 2025-12-12,1765335600000,2025-12-10 03:00:00+00:00,binance
259111,listing,Notice on New Trading Pairs & Trading Bots Services on Binance Spot and Update to B-Token Collateral - 2025-12-11,1765344602829,2025-12-10 05:30:02.829000+00:00,binance
259141,listing,Binance Futures Will Launch USDⓈ-Margined WETUSDT Perpetual Contract (2025-12-10),1765345514302,2025-12-10 05:45:14.302000+00:00,binance
259255,listing,Binance Futures Will Launch USDⓈ-Margined NIGHTUSDT Perpetual Contract (2025-12-10),1765359869769,2025-12-10 09:44:29.769000+00:00,binance
259485,delisting,Binance Futures Will Delist AIAUSDT USDⓈ-M Perpetual Contract (2025-12-11),1765453426582,2025-12-11 11:43:46.582000+00:00,binance
259585,listing,Binance Futures Will Launch USDⓈ-Margined USUSDT and CYSUSDT Perpetual Contracts (2025-12-12),1765531048292,2025-12-12 09:17:28.292000+00:00,binance
259659,listing,Binance Futures Will Launch USDⓈ-Margined RAVEUSDT Perpetual Contract (2025-12-14),1765721889439,2025-12-14 14:18:09.439000+00:00,binance
259728,listing,Notice on New Trading Pairs & Trading Bots Services on Binance Spot - 2025-12-16,1765783803804,2025-12-15 07:30:03.804000+00:00,binance
259790,delisting,Notice of Removal of Margin Trading Pairs - 2025-12-23,1765861201650,2025-12-16 05:00:01.650000+00:00,binance
259943,delisting,Notice of Removal of Spot Trading Pairs - 2025-12-19,1765956600000,2025-12-17 07:30:00+00:00,binance
260455,delisting,"Binance Alpha Will Remove BUZZ, DARK, FROG, GORK, MIRAI, PERRY, RFC, SNAI, TERMINUS (2025-12-19)",1766127601801,2025-12-19 07:00:01.801000+00:00,binance
260501,listing,"Binance Futures Will Launch USDⓈ-Margined ZKPUSDT, GUAUSDT and IRUSDT Perpetual Contract (2025-12-21)",1766306007340,2025-12-21 08:33:27.340000+00:00,binance
260568,listing,Binance Will List KGST & Enable Trading Bots Services on Binance Spot - 2025-12-24,1766386801293,2025-12-22 07:00:01.293000+00:00,binance
260547,listing,Notice on New Trading Pairs & Trading Bots Services on Binance Spot - 2025-12-24,1766387700000,2025-12-22 07:15:00+00:00,binance
260627,listing,Binance Futures Will List USDⓈ-M & COIN-M Quarterly 0626 Delivery Contracts,1766458807763,2025-12-23 03:00:07.763000+00:00,binance
260644,delisting,Notice of Removal of Margin Trading Pairs - 2025-12-30,1766462417232,2025-12-23 04:00:17.232000+00:00,binance
260698,listing,Binance Futures Will Launch USDⓈ-Margined LITUSDT Perpetual Contract Pre-Market Trading (2025-12-23),1766498015803,2025-12-23 13:53:35.803000+00:00,binance
260664,delisting,Notice of Removal of Spot Trading Pairs - 2025-12-26,1766559600000,2025-12-24 07:00:00+00:00,binance
260849,listing,"Binance Will Add KGST (KGST) on Earn, Buy Crypto & Convert",1766561407143,2025-12-24 07:30:07.143000+00:00,binance
261091,delisting,Notice of Removal of Margin Trading Pairs - 2026-01-06,1767070801410,2025-12-30 05:00:01.410000+00:00,binance
261112,listing,Binance Futures Will Launch USDⓈ-Margined BREVUSDT Perpetual Contract Pre-Market Trading (2025-12-30),1767090609767,2025-12-30 10:30:09.767000+00:00,binance
261140,delisting,Notice of Removal of Spot Trading Pairs - 2026-01-02,1767150000000,2025-12-31 03:00:00+00:00,binance
261215,listing,Binance Futures Will Launch USDⓈ-Margined COLLECTUSDT and MAGMAUSDT Perpetual Contracts (2025-12-31),1767181510384,2025-12-31 11:45:10.384000+00:00,binance
261280,delisting,Notice of Removal of Spot Trading Pair (BTC/RON) - 2026-01-02,1767261601307,2026-01-01 10:00:01.307000+00:00,binance
261357,delisting,Upcoming Changes to RON Spot Trading on Binance,1767348211827,2026-01-02 10:03:31.827000+00:00,binance
261416,delisting,Notice of Removal of Spot Trading Pairs - 2026-01-03,1767357000000,2026-01-02 12:30:00+00:00,binance
261469,delisting,Notice of Removal of Margin Trading Pair - 2026-01-03,1767358801334,2026-01-02 13:00:01.334000+00:00,binance
261496,listing,Notice on New Trading Pairs & Trading Bots Services on Binance Spot - 2026-01-06,1767596403320,2026-01-05 07:00:03.320000+00:00,binance
261583,listing,Introducing Brevis (BREV) on Binance HODLer Airdrops! Earn BREV With Retroactive BNB Simple Earn Subscriptions,1767607454724,2026-01-05 10:04:14.724000+00:00,binance
261630,listing,Binance Adds New JPY Spot Trading Pairs and Launches Zero Maker Fee Promotion - 2026-01-09,1767686416512,2026-01-06 08:00:16.512000+00:00,binance
261700,listing,"Binance Will Add Brevis (BREV) on Earn, Buy Crypto, Convert, Margin & Futures",1767706217945,2026-01-06 13:30:17.945000+00:00,binance
261749,listing,Binance Futures Will Launch USDⓈ-Margined XAGUSDT Perpetual Contract (2026-01-07),1767769249961,2026-01-07 07:00:49.961000+00:00,binance
261819,listing,Binance Will List 币安人生 (币安人生) and zkPass (ZKP) with Seed Tag Applied,1767782346580,2026-01-07 10:39:06.580000+00:00,binance
261858,listing,"Binance Will Add 币安人生 (币安人生) and zkPass (ZKP) on Earn, Buy Crypto, Convert & Margin",1767792606045,2026-01-07 13:30:06.045000+00:00,binance
261884,delisting,Notice of Removal of Spot Trading Pairs - 2026-01-09,1767850200000,2026-01-08 05:30:00+00:00,binance
262153,listing,Binance Futures Will Launch USDⓈ-Margined ZAMAUSDT Perpetual Contract Pre-Market Trading (2026-01-09),1767948118055,2026-01-09 08:41:58.055000+00:00,binance
262186,listing,Binance Futures Will Launch USDⓈ-Margined FOGOUSDT Perpetual Contract Pre-Market Trading (2026-01-10),1768052538059,2026-01-10 13:42:18.059000+00:00,binance
262223,listing,Notice on New Trading Pairs & Trading Bots Services on Binance Spot - 2026-01-13,1768201200000,2026-01-12 07:00:00+00:00,binance
262240,listing,Binance Will List United Stables (U) and Introduce U Zero Trading Fee Promotion,1768203007638,2026-01-12 07:30:07.638000+00:00,binance
262259,delisting,Notice of Removal of Spot Trading Pairs - 2026-01-13,1768212000000,2026-01-12 10:00:00+00:00,binance
262295,listing,Binance Will List Fogo (FOGO) with Seed Tag Applied,1768222253294,2026-01-12 12:50:53.294000+00:00,binance
262364,delisting,Notice of Removal of Margin Trading Pairs - 2026-01-15,1768276801133,2026-01-13 04:00:01.133000+00:00,binance
262392,listing,"Binance Will Add United Stables (U) on Earn, Buy Crypto & Convert",1768289403187,2026-01-13 07:30:03.187000+00:00,binance
262552,delisting,Notice of Removal of Spot Trading Pairs - 2026-01-16,1768442400000,2026-01-15 02:00:00+00:00,binance
262626,listing,Binance Margin Will Add United Stables (U),1768446001864,2026-01-15 03:00:01.864000+00:00,binance
262632,listing,"Binance Will Add Frax (FRAX) on Earn, Buy Crypto, Convert, Margin & Futures",1768462206116,2026-01-15 07:30:06.116000+00:00,binance
262737,listing,"Binance Will Add Fogo (FOGO) on Earn, Buy Crypto, Convert, Margin & Futures",1768484541232,2026-01-15 13:42:21.232000+00:00,binance
262853,listing,Binance Futures Will Launch USDⓈ-Margined SPORTFUNUSDT and AIAUSDT Perpetual Contracts (2026-01-16),1768565878954,2026-01-16 12:17:58.954000+00:00,binance
262907,delisting,Binance Futures Will Delist Multiple USDⓈ-M Perpetual Contracts (2026-01-21),1768636591216,2026-01-17 07:56:31.216000+00:00,binance
262947,delisting,Notice of Removal of Spot Trading Pairs - 2026-01-20,1768807800000,2026-01-19 07:30:00+00:00,binance
262975,listing,Notice on New Trading Pairs & Trading Bots Services on Binance Spot - 2026-01-20,1768809601264,2026-01-19 08:00:01.264000+00:00,binance
263014,delisting,Notice of Removal of Margin Trading Pairs - 2026-01-23,1768874401997,2026-01-20 02:00:01.997000+00:00,binance
263031,listing,Binance Margin Will Add New Pairs - 2026-01-20,1768878002705,2026-01-20 03:00:02.705000+00:00,binance
263104,listing,Binance Futures Will Launch USDⓈ-Margined AIAUSDT Perpetual Contract (2026-01-20),1768904790062,2026-01-20 10:26:30.062000+00:00,binance
263247,listing,Binance Will List Ripple USD (RLUSD) and Introduce RLUSD Zero Trading Fee Promotion,1768984201712,2026-01-21 08:30:01.712000+00:00,binance
263367,listing,Binance Futures Will Launch USDⓈ-Margined ACUUSDT and 我踏马来了USDT Perpetual Contracts (2026-01-21),1768994235066,2026-01-21 11:17:15.066000+00:00,binance
263300,delisting,Notice of Removal of Spot Trading Pairs - 2026-01-23,1769050800000,2026-01-22 03:00:00+00:00,binance
263411,listing,Binance Will List Sentient (SENT) with Seed Tag Applied,1769059554238,2026-01-22 05:25:54.238000+00:00,binance
263466,listing,Binance Futures Will Launch USDⓈ-Margined ELSAUSDT Perpetual Contract (2026-01-22),1769064429007,2026-01-22 06:47:09.007000+00:00,binance
263463,listing,"Binance Will Add Ripple USD (RLUSD) on Earn, Buy Crypto, Convert, Margin & VIP Loan",1769067003913,2026-01-22 07:30:03.913000+00:00,binance
263555,listing,Binance Futures Will Launch USDⓈ-Margined SKRUSDT Perpetual Contract (2026-01-22),1769073274832,2026-01-22 09:14:34.832000+00:00,binance
263575,listing,"Binance Will Add Sentient (SENT) on Earn, Buy Crypto, Convert, VIP Loan, Margin & Futures",1769085007940,2026-01-22 12:30:07.940000+00:00,binance
263779,listing,Binance Futures Will Launch USDⓈ-Margined SPACEUSDT and FIGHTUSDT Perpetual Contracts (2026-01-23),1769163362322,2026-01-23 10:16:02.322000+00:00,binance
263886,listing,Notice on New Trading Pairs & Trading Bots Services on Binance Spot - 2026-01-27,1769410804343,2026-01-26 07:00:04.343000+00:00,binance
263857,delisting,Notice of Removal of Spot Trading Pairs - 2026-01-27,1769412600000,2026-01-26 07:30:00+00:00,binance
263941,listing,Binance Futures Will Launch USDⓈ-Margined TSLAUSDT Equity Perpetual Contract (2026-01-28),1769426975659,2026-01-26 11:29:35.659000+00:00,binance
263987,listing,Binance Margin Will Add New Pairs - 2026-01-27,1769482801125,2026-01-27 03:00:01.125000+00:00,binance
263990,delisting,Notice of Removal of Margin Trading Pairs - 2026-01-30,1769488213713,2026-01-27 04:30:13.713000+00:00,binance
264104,delisting,Binance Futures Will Delist Multiple USDⓈ-M Perpetual Contracts (2026-01-30),1769595249706,2026-01-28 10:14:09.706000+00:00,binance
264153,listing,Binance Futures Will Launch USDⓈ-Margined BIRBUSDT and GWEIUSDT Perpetual Contracts (2026-01-29),1769657388656,2026-01-29 03:29:48.656000+00:00,binance
264214,delisting,"Binance Alpha Will Remove WIZARD, SHOGGOTH, G, FWOG, UFD, BRIC, UPTOP, PORT3, XNAP, MORE, BOMB, BOOST (2026-01-29)",1769666419390,2026-01-29 06:00:19.390000+00:00,binance
264192,delisting,Notice of Removal of Spot Trading Pairs - 2026-01-30,1769673600000,2026-01-29 08:00:00+00:00,binance
264257,listing,Binance Futures Will Launch USDⓈ-Margined XPTUSDT and XPDUSDT Perpetual Contracts (2026-01-30),1769750169670,2026-01-30 05:16:09.670000+00:00,binance
264315,listing,Binance Futures Will Launch USDⓈ-Margined INTCUSDT and HOODUSDT Equity Perpetual Contracts (2026-02-02),1769762825258,2026-01-30 08:47:05.258000+00:00,binance
264332,listing,Binance Futures Will Launch USDⓈ-Margined MEGAUSDT Perpetual Contract Pre-Market Trading (2026-01-30),1769769359414,2026-01-30 10:35:59.414000+00:00,binance
264369,listing,Binance Futures Will Launch USDⓈ-Margined INXUSDT Perpetual Contract (2026-01-30),1769794397965,2026-01-30 17:33:17.965000+00:00,binance
264540,listing,Binance Will List Zama (ZAMA) with Seed Tag Applied,1770006523224,2026-02-02 04:28:43.224000+00:00,binance
264490,delisting,"Binance Will Delist ACA, CHESS, DATA, DF, GHST, NKN on 2026-02-13",1770022792762,2026-02-02 08:59:52.762000+00:00,binance
264635,delisting,Notice of Removal of Spot Trading Pairs - 2026-02-03,1770024600000,2026-02-02 09:30:00+00:00,binance
264699,listing,"Binance Will Add Zama (ZAMA) on Earn, Buy Crypto, Convert, VIP Loan, Margin & Futures",1770035411095,2026-02-02 12:30:11.095000+00:00,binance
264856,delisting,Upcoming Changes to CZK Spot Trading on Binance,1770091201874,2026-02-03 04:00:01.874000+00:00,binance
264876,delisting,Notice of Removal of Margin Trading Pairs - 2026-02-06,1770096608931,2026-02-03 05:30:08.931000+00:00,binance
265148,delisting,Binance Futures Will Delist USDⓈ-M RVVUSDT and YALAUSDT Perpetual Contracts (2026-02-10),1770275659503,2026-02-05 07:14:19.503000+00:00,binance
265121,delisting,Notice of Removal of Spot Trading Pairs - 2026-02-06,1770278400000,2026-02-05 08:00:00+00:00,binance
265192,listing,Binance Futures Will Launch Multiple USDⓈ-Margined Equity Perpetual Contracts (2026-02-09),1770290918830,2026-02-05 11:28:38.830000+00:00,binance
265210,listing,Binance Futures Will Launch USDⓈ-Margined TRIAUSDT Perpetual Contract (2026-02-06),1770373050892,2026-02-06 10:17:30.892000+00:00,binance
265304,listing,Notice on New Trading Pairs & Trading Bots Services on Binance Spot - 2026-02-10,1770620425487,2026-02-09 07:00:25.487000+00:00,binance
265268,delisting,Notice of Removal of Spot Trading Pairs - 2026-02-10,1770622200000,2026-02-09 07:30:00+00:00,binance
265402,delisting,Notice of Removal of Margin Trading Pairs - 2026-02-13,1770692412774,2026-02-10 03:00:12.774000+00:00,binance
265422,listing,Binance Margin Will Add New Pairs - 2026-02-10,1770696001170,2026-02-10 04:00:01.170000+00:00,binance
265486,listing,Binance Futures Will Launch USDⓈ-Margined ESPUSDT Perpetual Contract Pre-Market Trading (2026-02-10),1770710418198,2026-02-10 08:00:18.198000+00:00,binance
265578,listing,Binance Futures Will Launch USDⓈ-Margined AZTECUSDT Perpetual Contract Pre-Market Trading (2026-02-11),1770783239091,2026-02-11 04:13:59.091000+00:00,binance
265750,listing,Binance Will List Espresso (ESP) with Seed Tag Applied,1770881303176,2026-02-12 07:28:23.176000+00:00,binance
265687,delisting,Notice of Removal of Spot Trading Pairs - 2026-02-13,1770882300000,2026-02-12 07:45:00+00:00,binance
265786,listing,"Binance Will Add Espresso (ESP) on Earn, Buy Crypto, Convert, VIP Loan, Margin & Futures",1770899430661,2026-02-12 12:30:30.661000+00:00,binance
266123,listing,Binance Futures Will Launch USDⓈ-Margined OPNUSDT Perpetual Contract Pre-Market Trading (2026-02-21),1771684885775,2026-02-21 14:41:25.775000+00:00,binance
266261,delisting,Notice of Removal of Margin Token and Trading Pairs - 2026-02-26,1771894800000,2026-02-24 01:00:00+00:00,binance
266296,listing,Notice on New Trading Pairs & Trading Bots Services on Binance Spot - 2026-02-25,1771921815043,2026-02-24 08:30:15.043000+00:00,binance
266365,listing,Binance Margin Will Add New Pairs - 2026-02-25,1771992016675,2026-02-25 04:00:16.675000+00:00,binance
266371,delisting,Notice of Removal of Spot Trading Pairs - 2026-02-27,1771999200000,2026-02-25 06:00:00+00:00,binance
266686,listing,Binance Futures Will Launch USDⓈ-Margined ROBOUSDT Perpetual Contract (2026-02-27),1772179222463,2026-02-27 08:00:22.463000+00:00,binance
266756,listing,Binance Futures Will Launch USDⓈ-Margined KATUSDT Perpetual Contract Pre-Market Trading (2026-03-02),1772425000299,2026-03-02 04:16:40.299000+00:00,binance
266842,listing,Notice on New Trading Pairs & Trading Bots Services on Binance Spot - 2026-03-03,1772449200000,2026-03-02 11:00:00+00:00,binance
266876,listing,"Introducing Opinion (OPN) on Binance Launchpool! Farm OPN by Locking BNB, USDC, U, and USD1",1772455551819,2026-03-02 12:45:51.819000+00:00,binance
266924,delisting,Notice of Removal of Margin Trading Pairs - 2026-03-05,1772514015211,2026-03-03 05:00:15.211000+00:00,binance
266942,listing,Notice on New Trading Pairs & Trading Bots Services on Binance Spot - 2026-03-05,1772517605207,2026-03-03 06:00:05.207000+00:00,binance
266957,delisting,Notice of Removal of Spot Trading Pairs - 2026-03-06,1772530200000,2026-03-03 09:30:00+00:00,binance
267084,listing,Binance Margin Will Add New Pairs - 2026-03-05,1772604001256,2026-03-04 06:00:01.256000+00:00,binance
267131,listing,"Binance Will Add MANTRA (MANTRA) on Earn, Buy Crypto, Convert, VIP Loan, Margin & Futures",1772609401353,2026-03-04 07:30:01.353000+00:00,binance
267265,listing,Binance Futures Will Launch USDⓈ-Margined COPPERUSDT Perpetual Contract (2026-03-06),1772627404241,2026-03-04 12:30:04.241000+00:00,binance
267283,listing,Binance Will List Fabric Protocol (ROBO) with Seed Tag Applied,1772629994452,2026-03-04 13:13:14.452000+00:00,binance
267320,listing,"Binance Will Add Fabric Protocol (ROBO) on Earn, Buy Crypto, Convert, VIP Loan & Margin",1772640008678,2026-03-04 16:00:08.678000+00:00,binance
267402,listing,"Binance Will Add Opinion (OPN) on Earn, Buy Crypto, Convert, VIP Loan, Margin & Futures",1772713833599,2026-03-05 12:30:33.599000+00:00,binance
267631,listing,Notice on New Trading Pairs & Trading Bots Services on Binance Spot - 2026-03-10,1773050407422,2026-03-09 10:00:07.422000+00:00,binance
267670,listing,Binance Margin Will Add New Pairs - 2026-03-10,1773115200912,2026-03-10 04:00:00.912000+00:00,binance
267700,delisting,Binance Margin Will Delist ARDR on 2026-03-12,1773118801491,2026-03-10 05:00:01.491000+00:00,binance
267729,delisting,Notice of Removal of Spot Trading Pairs - 2026-03-13,1773129600000,2026-03-10 08:00:00+00:00,binance
267943,listing,Binance Futures Will Launch USDⓈ-Margined 龙虾USDT Perpetual Contract (2026-03-11),1773224663446,2026-03-11 10:24:23.446000+00:00,binance
267961,listing,Introducing Midnight (NIGHT) on Binance HODLer Airdrops! Earn NIGHT With Retroactive BNB Simple Earn Subscriptions,1773228681283,2026-03-11 11:31:21.283000+00:00,binance
267988,listing,"Binance Will Add Midnight (NIGHT) on Earn, Buy Crypto, Convert, VIP Loan & Margin",1773241201739,2026-03-11 15:00:01.739000+00:00,binance
268082,delisting,"Binance Alpha Will Remove MIRROR, SHARDS, FST, DGC, COA, ULTI, TGT, AGON, BNB Card, AFT, PFVS, SGC, RDO, ELDE, MILK, TAT, BOT, SSS, SUBHUB, PLANCK, OOOO (2026-03-12)",1773316809568,2026-03-12 12:00:09.568000+00:00,binance
268115,listing,Binance Futures Will Launch EWYUSDT USDⓈ-Margined Index Perpetual Contract (2026-03-16),1773325803959,2026-03-12 14:30:03.959000+00:00,binance
268137,listing,Binance Will List Katana (KAT) with Seed Tag Applied,1773366336337,2026-03-13 01:45:36.337000+00:00,binance
268134,delisting,Binance VIP Loan Will Delist TUSD and ALCX from Eligible Collateral Asset List - 2026-03-30,1773367204369,2026-03-13 02:00:04.369000+00:00,binance
268327,delisting,Binance Futures Will Delist Multiple USDⓈ-M and COIN-M Perpetual Contracts (2026-03-17 & 2026-03-18),1773411259653,2026-03-13 14:14:19.653000+00:00,binance
268410,listing,Notice on New Trading Pairs & Trading Bots Services on Binance Spot - 2026-03-17,1773655203070,2026-03-16 10:00:03.070000+00:00,binance
268425,listing,Binance Will List Centrifuge (CFG) with Seed Tag Applied,1773656559260,2026-03-16 10:22:39.260000+00:00,binance
268452,listing,Binance Futures Will Launch EWJUSDT USDⓈ-Margined Index Perpetual Contract (2026-03-19),1773657001277,2026-03-16 10:30:01.277000+00:00,binance
268485,listing,"Binance Will Add Centrifuge (CFG) on Earn, Buy Crypto, Convert, VIP Loan, Margin & Futures",1773664209346,2026-03-16 12:30:09.346000+00:00,binance
268514,listing,Binance Margin Will Add New Pairs - 2026-03-17,1773716401712,2026-03-17 03:00:01.712000+00:00,binance
268576,listing,Introducing Fabric Protocol (ROBO) on Binance HODLer Airdrops! Earn ROBO With Retroactive BNB Simple Earn Subscriptions,1773804614268,2026-03-18 03:30:14.268000+00:00,binance
268603,delisting,Notice of Removal of Spot Trading Pairs - 2026-03-20,1773819900000,2026-03-18 07:45:00+00:00,binance
268679,delisting,"Binance Will Delist A2Z, FORTH, HOOK, IDEX, LRC, NTRN, RDNT, SXP on 2026-04-01",1773824408667,2026-03-18 09:00:08.667000+00:00,binance
268706,listing,"Binance Will Add Katana (KAT) on Earn, Buy Crypto, Convert, VIP Loan, Margin & Futures",1773837462750,2026-03-18 12:37:42.750000+00:00,binance
268858,listing,Binance Futures Will Launch USDⓈ-Margined EDGEUSDT Perpetual Contract Pre-Market Trading (2026-03-19),1773926963305,2026-03-19 13:29:23.305000+00:00,binance
268876,listing,Binance Futures Will List USDⓈ-M & COIN-M Quarterly 0925 Delivery Contracts,1773975672935,2026-03-20 03:01:12.935000+00:00,binance
268979,listing,Binance Futures Will Launch PAYPUSDT USDⓈ-Margined Equity Perpetual Contract (2026-03-23),1774015109010,2026-03-20 13:58:29.010000+00:00,binance
268976,delisting,Binance Futures Will Delist COIN-M APTUSD and OPUSD Perpetual Contracts (2026-03-25),1774016064610,2026-03-20 14:14:24.610000+00:00,binance
269059,delisting,Notice of Removal of Margin Trading Pairs - 2026-03-27,1774321214174,2026-03-24 03:00:14.174000+00:00,binance
269141,listing,Binance Futures Will Launch Multiple USDⓈ-Margined Equity Perpetual Contracts (2026-03-26),1774370442248,2026-03-24 16:40:42.248000+00:00,binance
269188,delisting,Notice of Removal of Spot Trading Pairs - 2026-03-27,1774421100000,2026-03-25 06:45:00+00:00,binance
269402,listing,Binance Futures Will Launch USDⓈ-Margined BSBUSDT Perpetual Contract (2026-03-25),1774433658121,2026-03-25 10:14:18.121000+00:00,binance
269432,delisting,Binance Margin Will Delist UTK on 2026-03-30,1774494003206,2026-03-26 03:00:03.206000+00:00,binance
269505,listing,Binance Will List Tether Gold (XAUt) with Seed Tag Applied,1774521928143,2026-03-26 10:45:28.143000+00:00,binance
269532,listing,"Binance Will Add Tether Gold (XAUT) on Earn, Buy Crypto, Convert, VIP Loan, Margin & Futures",1774530004612,2026-03-26 13:00:04.612000+00:00,binance
269535,listing,Tether Gold (XAUt) Listing Will Be Postponed,1774530837138,2026-03-26 13:13:57.138000+00:00,binance
269707,listing,Binance Futures Will Launch USDⓈ-Margined BASEDUSDT Perpetual Contract (2026-03-30),1774863642485,2026-03-30 09:40:42.485000+00:00,binance
269706,listing,Notice on New Trading Pairs & Trading Bots Services on Binance Spot - 2026-03-31,1774864801397,2026-03-30 10:00:01.397000+00:00,binance
269750,listing,"Binance Futures Will Launch USDⓈ-Margined CLUSDT, BZUSDT and NATGASUSDT Perpetual Contracts (2026-04-01)",1774875635673,2026-03-30 13:00:35.673000+00:00,binance
269849,listing,Binance Margin Will Add New Pairs - 2026-03-31,1774929601532,2026-03-31 04:00:01.532000+00:00,binance
269891,delisting,Notice of Removal of Spot Trading Pairs - 2026-04-02,1774942200000,2026-03-31 07:30:00+00:00,binance
270107,listing,Binance Futures Will Launch USDⓈ-Margined PRLUSDT Perpetual Contract (2026-04-01),1775037060284,2026-04-01 09:51:00.284000+00:00,binance
270195,listing,"Binance Futures Will Launch QQQUSDT, SPYUSDT, AAPLUSDT and TSMUSDT USDⓈ-Margined Perpetual Contracts (2026-04-06)",1775121303208,2026-04-02 09:15:03.208000+00:00,binance
270307,listing,Binance Futures Will Launch MUUSDT and SNDKUSDT USDⓈ-Margined Equity Perpetual Contracts (2026-04-07),1775223007828,2026-04-03 13:30:07.828000+00:00,binance
270310,delisting,Binance Futures Will Delist Multiple Perpetual Contracts (2026-04-08 & 2026-04-09),1775224771078,2026-04-03 13:59:31.078000+00:00,binance
270529,delisting,Notice of Removal of Spot Trading Pairs - 2026-04-10,1775548800000,2026-04-07 08:00:00+00:00,binance
270623,delisting,Binance Margin Will Delist WAN on 2026-04-10,1775552407906,2026-04-07 09:00:07.906000+00:00,binance
270759,delisting,"Binance Will Delist BIFI, FIO, FUN, MDT, OXT, WAN on 2026-04-23",1775714405744,2026-04-09 06:00:05.744000+00:00,binance
270794,listing,"Binance Will Add USDS (USDS) on Earn, Buy Crypto, Convert, VIP Loan & Margin",1775719812073,2026-04-09 07:30:12.073000+00:00,binance
271160,delisting,Binance Will Delist UTK and Support Rebranding and Airdrop Plan on Binance Alpha,1776132001137,2026-04-14 02:00:01.137000+00:00,binance
271217,delisting,"Binance Margin And Loan Will Delist BAR, PIVX, XVG on 2026-04-17",1776137401903,2026-04-14 03:30:01.903000+00:00,binance
271474,delisting,Notice of Removal of Spot Trading Pairs - 2026-04-17,1776247200000,2026-04-15 10:00:00+00:00,binance
271570,listing,Binance Futures Will Launch USDⓈ-Margined GENIUSUSDT Perpetual Contract (2026-04-16),1776304988861,2026-04-16 02:03:08.861000+00:00,binance
271611,listing,Binance Futures Will Launch USDⓈ-Margined CHIPUSDT Perpetual Contract Pre-Market Trading (2026-04-16),1776320055403,2026-04-16 06:14:15.403000+00:00,binance
271640,listing,"Binance Futures Will Launch MSFTUSDT, AVGOUSDT and BABAUSDT USDⓈ-Margined Perpetual Contracts (2026-04-20)",1776332696813,2026-04-16 09:44:56.813000+00:00,binance
271696,delisting,"Binance Will Delist DEGO, DENT, TRU on 2026-04-28",1776416406263,2026-04-17 09:00:06.263000+00:00,binance
271797,listing,Notice on New Trading Pairs & Trading Bots Services on Binance Spot - 2026-04-21,1776668405964,2026-04-20 07:00:05.964000+00:00,binance
271825,listing,Binance Margin Will Add New Pairs - 2026-04-21,1776740408299,2026-04-21 03:00:08.299000+00:00,binance
271863,delisting,Notice of Removal of Margin Trading Pairs - 2026-04-24,1776747605017,2026-04-21 05:00:05.017000+00:00,binance
271897,delisting,Notice of Removal of Spot Trading Pairs - 2026-04-24,1776756600000,2026-04-21 07:30:00+00:00,binance
271926,listing,Binance Will List Chip (CHIP) with Seed Tag Applied,1776772832132,2026-04-21 12:00:32.132000+00:00,binance
271973,listing,"Binance Will Add Chip (CHIP) on Earn, Buy Crypto, Convert, VIP Loan, Margin & Futures",1776776407020,2026-04-21 13:00:07.020000+00:00,binance
272104,listing,Binance Futures Will Launch USDⓈ-Margined OPGUSDT Perpetual Contract (2026-04-22),1776869515953,2026-04-22 14:51:55.953000+00:00,binance
272208,delisting,Binance Futures Will Delist USDⓈ-M Multiple Perpetual Contracts (2026-04-28 & 2026-04-29),1776956437768,2026-04-23 15:00:37.768000+00:00,binance
272271,delisting,Binance Futures Will Delist USDⓈ-M Multiple Perpetual Contracts (2026-04-28),1777029313345,2026-04-24 11:15:13.345000+00:00,binance
272383,listing,Notice on New Trading Pairs & Trading Bots Services on Binance Spot - 2026-04-28,1777276837542,2026-04-27 08:00:37.542000+00:00,binance
272477,listing,Binance Margin Will Add New Pairs - 2026-04-28,1777348802694,2026-04-28 04:00:02.694000+00:00,binance
272506,delisting,Notice of Removal of Margin Trading Pairs - 2026-05-01,1777352406771,2026-04-28 05:00:06.771000+00:00,binance
272575,listing,Introducing USD.AI (CHIP) on Binance HODLer Airdrops! Earn CHIP With Retroactive BNB Simple Earn Subscriptions,1777363203344,2026-04-28 08:00:03.344000+00:00,binance
272602,delisting,Notice of Removal of Spot Trading Pairs - 2026-05-01,1777368600000,2026-04-28 09:30:00+00:00,binance
272782,listing,Binance Futures Will Launch USDⓈ-Margined AIGENSYNUSDT Perpetual Contract (2026-04-29),1777469224104,2026-04-29 13:27:04.104000+00:00,binance
272818,listing,Binance Adds USDT/KZT Spot Trading Pair,1777525206261,2026-04-30 05:00:06.261000+00:00,binance
272905,listing,Binance Will List MegaETH (MEGA) with Seed Tag Applied,1777540049704,2026-04-30 09:07:29.704000+00:00,binance
272982,delisting,"Binance Alpha Will Remove REX, XO, TANSSI, DARKSTAR, YALA, RCADE, RDAC, SKATE, OVL, SLAY, Ghibli (SOL), Ghibli (BSC), PHY, VLR, SVSA, WBAI, EDGEN, FAIR3, MM, BUBB, AICELL, XLAB, SIGHT (2026-04-30)",1777541595547,2026-04-30 09:33:15.547000+00:00,binance
272985,listing,"Binance Will Add MegaETH (MEGA) on Earn, Buy Crypto, Convert, VIP Loan, Margin & Futures",1777546078718,2026-04-30 10:47:58.718000+00:00,binance
273107,listing,"Binance Futures Will Launch AMDUSDT, QCOMUSDT and USARUSDT USDⓈ-Margined Perpetual Contracts (2026-05-06)",1777876197125,2026-05-04 06:29:57.125000+00:00,binance
273135,delisting,Notice of Removal of Spot Trading Pairs - 2026-05-08,1777969800000,2026-05-05 08:30:00+00:00,binance
273334,listing,Binance Futures Will Launch USDⓈ-Margined BILLUSDT Perpetual Contract (2026-05-07),1778137169304,2026-05-07 06:59:29.304000+00:00,binance
273458,listing,Notice on New Trading Pairs & Trading Bots Services on Binance Spot - 2026-05-12,1778479205246,2026-05-11 06:00:05.246000+00:00,binance
273473,delisting,Notice of Removal of Margin Trading Pairs - 2026-05-15,1778482803295,2026-05-11 07:00:03.295000+00:00,binance
273599,listing,Binance Margin Will Add New Pairs - 2026-05-12,1778556603776,2026-05-12 03:30:03.776000+00:00,binance
273615,delisting,Notice of Removal of Spot Trading Pairs - 2026-05-15,1778561100000,2026-05-12 04:45:00+00:00,binance
273798,delisting,"Binance Will Delist ATA, FARM, MLN, PHB, SYS on 2026-05-27",1778659204681,2026-05-13 08:00:04.681000+00:00,binance
273893,listing,Binance Futures Will Launch Multiple USDⓈ-Margined TradFi Perpetual Contracts (2026-05-15),1778672701574,2026-05-13 11:45:01.574000+00:00,binance
273955,listing,Binance Futures Will Launch USDⓈ-Margined PHAROSUSDT and STARUSDT Perpetual Contracts (2026-05-14),1778732044113,2026-05-14 04:14:04.113000+00:00,binance
273972,delisting,"Binance Alpha Will Remove PRAI, COMMON, PINGPONG, TAKER, JANITOR, GATA, KLINK, CORL, SWTCH, ARIAIP, LONG, ZKWASM, GORILLA, ECHO, LITKEY, FIR, GM, DELABS, DONKEY, WHY (2026-05-14)",1778738402917,2026-05-14 06:00:02.917000+00:00,binance
274002,listing,Binance Futures Will Launch Multiple USDⓈ-Margined TradFi Perpetual Contracts (2026-05-15 & 2026-05-18),1778751995557,2026-05-14 09:46:35.557000+00:00,binance
274005,listing,Binance Will List Gensyn (AIGENSYN) with Seed Tag Applied,1778752803676,2026-05-14 10:00:03.676000+00:00,binance
274104,listing,Binance Futures Will Launch USDⓈ-Margined BTCUSD1 Perpetual Contract (2026-05-18),1778772587443,2026-05-14 15:29:47.443000+00:00,binance
274074,listing,"Binance Will Add Gensyn (AIGENSYN) on Earn, Buy Crypto, Convert, VIP Loan & Margin",1778778270843,2026-05-14 17:04:30.843000+00:00,binance
274164,listing,Binance Futures Will Launch Multiple USDⓈ-Margined TradFi Perpetual Contracts (2026-05-18),1778910261924,2026-05-16 05:44:21.924000+00:00,binance
274243,listing,Binance Futures Will Launch CBRSUSDT USDⓈ-Margined TradFi Perpetual Contract (2026-05-19),1779102956728,2026-05-18 11:15:56.728000+00:00,binance
274273,delisting,Binance Margin And Binance Loans Will Delist AEUR and AI on 2026-05-22,1779159608915,2026-05-19 03:00:08.915000+00:00,binance
274306,delisting,Notice of Removal of Spot Trading Pairs - 2026-05-22,1779177600000,2026-05-19 08:00:00+00:00,binance
274638,listing,Binance Futures Will Launch USDⓈ-Margined SPCXUSDT USDⓈ-Margined Perpetual Contract Pre-IPO Trading (2026-05-21),1779334220816,2026-05-21 03:30:20.816000+00:00,binance
274664,listing,Introducing Gensyn (AIGENSYN) on Binance HODLer Airdrops! Earn AIGENSYN With Retroactive BNB Simple Earn Subscriptions,1779361202869,2026-05-21 11:00:02.869000+00:00,binance
274823,listing,Binance Will List Genius Terminal (GENIUS) and OpenGradient (OPG) with Seed Tag Applied,1779434315961,2026-05-22 07:18:35.961000+00:00,binance
274888,listing,"Binance Will Add Genius Terminal (GENIUS) and OpenGradient (OPG) on Earn, Buy Crypto, Convert, VIP Loan & Margin",1779450306558,2026-05-22 11:45:06.558000+00:00,binance
275018,delisting,Notice of Removal of Margin Trading Pairs - 2026-05-29,1779706802381,2026-05-25 11:00:02.381000+00:00,binance
275072,listing,Binance Futures Will Launch Multiple USDⓈ-Margined TradFi Perpetual Contracts (2026-05-26),1779765307388,2026-05-26 03:15:07.388000+00:00,binance
275104,listing,Binance Futures Will Launch OPENAIUSDT USDⓈ-Margined Perpetual Contract Pre-IPO Trading (2026-05-26),1779778801392,2026-05-26 07:00:01.392000+00:00,binance
275108,delisting,Notice of Removal of Spot Trading Pairs - 2026-05-29,1779782400000,2026-05-26 08:00:00+00:00,binance
275356,listing,Binance Futures Will Launch USDⓈ-Margined CTRUSDT Perpetual Contract (2026-05-28),1779956189339,2026-05-28 08:16:29.339000+00:00,binance
275485,delisting,"Binance Alpha Will Remove DIGI, K, SKI, JOJO, PLAYSOLANA, 恶俗企鹅, PAL, TYCOON, HIPPO, LN, BNBXBT, BOOM  (2026-05-29)",1780034402285,2026-05-29 06:00:02.285000+00:00,binance
275489,listing,Binance Futures Will Launch QNTXUSDT USDⓈ-Margined Perpetual Contract Pre-IPO Trading (2026-05-29),1780038006968,2026-05-29 07:00:06.968000+00:00,binance
275505,listing,Introducing Genius Terminal (GENIUS) on Binance HODLer Airdrops! Earn GENIUS With Retroactive BNB Simple Earn Subscriptions,1780041603554,2026-05-29 08:00:03.554000+00:00,binance
275555,listing,Binance Futures Will Launch Multiple USDⓈ-Margined TradFi Perpetual Contracts (2026-06-01),1780280095548,2026-06-01 02:14:55.548000+00:00,binance
275647,listing,Binance Futures Will Launch USDⓈ-Margined SLXUSDT Perpetual Contract (2026-06-01),1780294508711,2026-06-01 06:15:08.711000+00:00,binance
275687,delisting,Notice of Removal of Margin Trading Pairs - 2026-06-05,1780306205389,2026-06-01 09:30:05.389000+00:00,binance
275716,listing,Binance Futures Will Launch Multiple USDⓈ-Margined TradFi Perpetual Contracts (2026-06-02),1780323321180,2026-06-01 14:15:21.180000+00:00,binance
275737,listing,Binance Futures Will Launch ANTHROPICUSDT USDⓈ-Margined Perpetual Contract Pre-IPO Trading (2026-06-02),1780369288377,2026-06-02 03:01:28.377000+00:00,binance
275780,delisting,Notice of Removal of Spot Trading Pairs - 2026-06-05,1780377300000,2026-06-02 05:15:00+00:00,binance
275892,listing,Binance Adds USDT/AED Spot Trading Pair,1780455601465,2026-06-03 03:00:01.465000+00:00,binance
275984,listing,Binance Futures Will Launch Multiple USDⓈ-Margined TradFi Perpetual Contracts (2026-06-03),1780469106439,2026-06-03 06:45:06.439000+00:00,binance
276229,listing,Binance Futures Will Launch USDⓈ-Margined ZESTUSDT and BTWUSDT Perpetual Contracts (2026-06-04),1780577062460,2026-06-04 12:44:22.460000+00:00,binance
276263,delisting,Binance Will Cease Support for Selected Stocks on 2026-06-05,1780628401333,2026-06-05 03:00:01.333000+00:00,binance
276280,delisting,"Binance Will Delist COS, D, HIGH, MBOX on 2026-06-19",1780642807472,2026-06-05 07:00:07.472000+00:00,binance
276395,listing,Binance Futures Will Launch Multiple USDⓈ-Margined TradFi Perpetual Contracts (2026-06-08),1780893901727,2026-06-08 04:45:01.727000+00:00,binance
276427,delisting,"Binance Margin And Loan Will Delist XNO, IQ, QUICK, DGB on 2026-06-12",1780912804311,2026-06-08 10:00:04.311000+00:00,binance
276476,listing,Binance Futures Will Launch Multiple USDⓈ-Margined TradFi Perpetual Contracts (2026-06-09),1780985712545,2026-06-09 06:15:12.545000+00:00,binance
276498,delisting,Notice of Removal of Spot Trading Pairs - 2026-06-12,1780993800000,2026-06-09 08:30:00+00:00,binance
276585,listing,Binance Futures Will Launch Multiple USDⓈ-Margined TradFi Perpetual Contracts (2026-06-10),1781065819549,2026-06-10 04:30:19.549000+00:00,binance
276722,listing,Binance Futures Will Launch Multiple USDⓈ-Margined TradFi Perpetual Contracts (2026-06-11),1781163003874,2026-06-11 07:30:03.874000+00:00,binance
276672,listing,Binance Exchange Adds bStocks Tokenized Securities Trading Pair(s) & Trading Bots Services on Binance Spot - 2026-06-11,1781186706698,2026-06-11 14:05:06.698000+00:00,binance
276964,listing,Binance Exchange Adds bStocks Tokenized Securities SpaceX (SPCXB) on Binance Spot - 2026-06-12,1781280000917,2026-06-12 16:00:00.917000+00:00,binance
277028,delisting,Notice of Removal of Margin Trading Pairs - 2026-06-19,1781521202097,2026-06-15 11:00:02.097000+00:00,binance
277105,delisting,Notice of Removal of Spot Trading Pairs - 2026-06-19,1781601300000,2026-06-16 09:15:00+00:00,binance
277364,listing,Binance Futures Will List USDⓈ-M & COIN-M Quarterly 1225 Delivery Contracts,1781748033640,2026-06-18 02:00:33.640000+00:00,binance
277436,delisting,"Binance Will Extend the Monitoring Tag to Include ACT, BLUR, PIVX & QKC on 2026-06-18",1781766018693,2026-06-18 07:00:18.693000+00:00,binance
277384,listing,Binance Will List Re (RE) with Seed Tag Applied,1781776041424,2026-06-18 09:47:21.424000+00:00,binance
277604,listing,"Binance Will Add Re (RE) on Earn, Buy Crypto, Convert, VIP Loan, Margin & Futures",1781790304798,2026-06-18 13:45:04.798000+00:00,binance
277718,listing,Notice on New Trading Pairs & Trading Bots Services on Binance Spot - 2026-06-23,1782108002890,2026-06-22 06:00:02.890000+00:00,binance
277736,listing,Binance Futures Will Launch Multiple USDⓈ-Margined TradFi Perpetual Contracts (2026-06-22),1782116120368,2026-06-22 08:15:20.368000+00:00,binance
277781,delisting,Notice of Removal of Margin Trading Pairs - 2026-06-26,1782118811009,2026-06-22 09:00:11.009000+00:00,binance
277821,listing,Binance Futures Will Launch USDⓈ-Margined ARXUSDT Perpetual Contract (2026-06-23),1782185438167,2026-06-23 03:30:38.167000+00:00,binance
277841,listing,"Binance Exchange Adds bStocks Advanced Micro Devices (AMDB), iShares MSCI South Korea ETF (EWYB), Intel (INTCB) and Strategy (MSTRB) Trading Pair(s) on Binance Spot - 2026-06-23",1782196320591,2026-06-23 06:32:00.591000+00:00,binance
277838,listing,Binance Margin Will Add New Pairs - 2026-06-23,1782198002113,2026-06-23 07:00:02.113000+00:00,binance
277891,listing,Binance Adds New JPY Spot Trading Pairs and Launches Zero Maker Fee Promotion - 2026-06-26,1782202503419,2026-06-23 08:15:03.419000+00:00,binance
277894,delisting,Notice of Removal of Spot Trading Pairs - 2026-06-26,1782203400000,2026-06-23 08:30:00+00:00,binance
277937,listing,Binance Futures Will Launch Multiple USDⓈ-Margined TradFi Perpetual Contracts (2026-06-29),1782208831403,2026-06-23 10:00:31.403000+00:00,binance
278063,listing,Binance Futures Will Launch USDⓈ-Margined OUSDT Perpetual Contract (2026-06-24),1782297018531,2026-06-24 10:30:18.531000+00:00,binance
278283,delisting,Binance Futures Will Delist USDⓈ-Margined IPUSDT and IPUSDC Perpetual Contracts (2026-06-28),1782406806669,2026-06-25 17:00:06.669000+00:00,binance
278301,delisting,"Binance Will Delist ALCX, ARDR, NFP, POND on 2026-07-10",1782464415053,2026-06-26 09:00:15.053000+00:00,binance
278360,listing,Binance Futures Will Launch USDⓈ-Margined CAPUSDT Perpetual Contract (2026-06-27),1782557443165,2026-06-27 10:50:43.165000+00:00,binance
278398,delisting,"Binance Margin And Loan Will Delist HOT, THE on 2026-07-03",1782716408506,2026-06-29 07:00:08.506000+00:00,binance
278419,listing,Notice on New Trading Pairs & Trading Bots Services on Binance Spot - 2026-06-30,1782725403090,2026-06-29 09:30:03.090000+00:00,binance
278508,listing,Binance Margin Will Add New Pairs - 2026-06-30,1782793819411,2026-06-30 04:30:19.411000+00:00,binance
278517,listing,Introducing OpenGradient (OPG) on Binance HODLer Airdrops! Earn OPG With Retroactive BNB Simple Earn Subscriptions,1782795603128,2026-06-30 05:00:03.128000+00:00,binance
278520,listing,"Binance Exchange Adds bStocks Lumentum (LITEB), Meta (METAB), Microsoft (MSFTB), Palantir (PLTRB) and Invesco QQQ Trust (QQQB) Trading Pair(s) on Binance Spot - 2026-06-30",1782797425419,2026-06-30 05:30:25.419000+00:00,binance
278637,delisting,Notice of Removal of Spot Trading Pairs - 2026-07-03,1782804600000,2026-06-30 07:30:00+00:00,binance
278720,delisting,"Binance Alpha Will Remove TTD, OIK, LUNAI, TOWN, VINU, PUP, CYPR, DGRAM (2026-06-30)",1782815410266,2026-06-30 10:30:10.266000+00:00,binance
278732,listing,Binance Futures Will Launch USDⓈ-Margined BTCU and ETHU Perpetual Contracts (2026-07-01),1782830702782,2026-06-30 14:45:02.782000+00:00,binance
278778,delisting,Updated Notice of Removal of Spot Trading Pairs - 2026-07-01,1782894611190,2026-07-01 08:30:11.190000+00:00,binance
278862,listing,"Binance Will Add Gram (GRAM) on Earn, Buy Crypto, Convert, VIP Loan, Margin & Futures",1782978317244,2026-07-02 07:45:17.244000+00:00,binance
278866,listing,Binance Futures Will Launch Multiple USDⓈ-Margined TradFi Perpetual Contracts (2026-07-02),1782980108049,2026-07-02 08:15:08.049000+00:00,binance
278948,listing,Binance Futures Will Launch USDⓈ-Margined ETHUSD1 Perpetual Contract (2026-07-03),1782989104900,2026-07-02 10:45:04.900000+00:00,binance
279021,listing,Binance Futures Will Launch USDⓈ-Margined DATAIPUSDT and DATAIPUSDC Perpetual Contracts (2026-07-03),1783056627549,2026-07-03 05:30:27.549000+00:00,binance
279185,listing,"Binance Adds ANTA, CBRS, DISK, FOTO, KMEM, QNT and STRC on Binance Stock Trading - 2026-07-06",1783324801370,2026-07-06 08:00:01.370000+00:00,binance
279189,delisting,Binance Margin And Loan Will Delist TST & IOTX on 2026-07-10,1783332001595,2026-07-06 10:00:01.595000+00:00,binance
279255,listing,Binance Exchange Adds 10 bStocks Trading Pair(s) on Binance Spot - 2026-07-07,1783405806598,2026-07-07 06:30:06.598000+00:00,binance
279327,delisting,Notice of Removal of Spot Trading Pairs - 2026-07-10,1783415700000,2026-07-07 09:15:00+00:00,binance
279610,listing,Binance Futures Will Launch Multiple USDⓈ-Margined TradFi Perpetual Contracts (2026-07-09),1783592109544,2026-07-09 10:15:09.544000+00:00,binance
279679,listing,Binance Futures Will Launch Multiple USDⓈ-Margined TradFi Perpetual Contracts (2026-07-10),1783665921461,2026-07-10 06:45:21.461000+00:00,binance
279770,listing,Binance Futures Will Launch USDⓈ-Margined SKHYUSDT Perpetual Contract (2026-07-10),1783697823303,2026-07-10 15:37:03.303000+00:00,binance
279803,listing,Binance Exchange Adds bStocks Tokenized Securities SK Hynix (SKHYB) on Binance Spot - 2026-07-13,1783929606635,2026-07-13 08:00:06.635000+00:00,binance
279827,listing,Binance Will Add SKHYB Tokenized Securities as Collateral Assets,1783933202055,2026-07-13 09:00:02.055000+00:00,binance
279840,delisting,Notice of Removal of Margin Trading Pairs - 2026-07-17,1783936810276,2026-07-13 10:00:10.276000+00:00,binance
279872,delisting,Notice of Removal of Spot Trading Pairs - 2026-07-17,1784012400000,2026-07-14 07:00:00+00:00,binance
280026,listing,Binance Exchange Adds 10 bStocks Trading Pair(s) on Binance Spot - 2026-07-15,1784097003302,2026-07-15 06:30:03.302000+00:00,binance
280034,listing,Binance Will Add 10 bStocks Tokenized Securities as Collateral Assets,1784098802033,2026-07-15 07:00:02.033000+00:00,binance
280151,listing,Binance Futures Will Launch Multiple USDⓈ-Margined TradFi Perpetual Contracts (2026-07-16),1784182511924,2026-07-16 06:15:11.924000+00:00,binance
280210,listing,Binance Futures Will Launch Multiple USDⓈ-Margined TradFi Perpetual Contracts (2026-07-17),1784201410537,2026-07-16 11:30:10.537000+00:00,binance
280314,listing,Binance Will List Aerodrome (AERO) with Seed Tag Applied,1784273401964,2026-07-17 07:30:01.964000+00:00,binance
280350,listing,Binance Futures Will Launch USDⓈ-Margined SPCXUSD1 Perpetual Contract (2026-07-20),1784277011242,2026-07-17 08:30:11.242000+00:00,binance
280389,listing,"Binance Will Add Aerodrome (AERO) on Earn, Buy Crypto, Convert, VIP Loan & Margin",1784303104983,2026-07-17 15:45:04.983000+00:00,binance
280471,delisting,Notice of Removal of Margin Trading Pairs - 2026-07-24,1784538005340,2026-07-20 09:00:05.340000+00:00,binance
280542,delisting,Notice of Removal of Spot Trading Pairs - 2026-07-24,1784619000000,2026-07-21 07:30:00+00:00,binance
280581,listing,Binance Futures Will Launch Multiple USDⓈ-Margined TradFi Perpetual Contracts (2026-07-21),1784619910945,2026-07-21 07:45:10.945000+00:00,binance
280636,delisting,Binance Futures Will Delist USDⓈ-M AERGOUSDT Perpetual Contract (2026-07-24),1784643314244,2026-07-21 14:15:14.244000+00:00,binance
280686,listing,Binance Exchange Adds 10 bStocks Trading Pair(s) on Binance Spot - 2026-07-22,1784701804196,2026-07-22 06:30:04.196000+00:00,binance
280729,listing,Binance Will Add 10 bStocks Tokenized Securities as Collateral Assets- 2026-07-22,1784714413551,2026-07-22 10:00:13.551000+00:00,binance
280767,listing,Binance Futures Will Launch POPMARTUSDT USDⓈ-Margined Perpetual Contract (2026-07-23),1784770203723,2026-07-23 01:30:03.723000+00:00,binance
281007,listing,Binance Futures Will Launch Multiple USDⓈ-Margined TradFi Perpetual Contracts (2026-07-27),1785143762441,2026-07-27 09:16:02.441000+00:00,binance
281020,delisting,Notice of Removal of Margin Trading Pairs - 2026-07-30,1785146414098,2026-07-27 10:00:14.098000+00:00,binance
281049,listing,Notice on New Trading Pairs & Trading Bots Services on Binance Spot - 2026-07-30,1785218400000,2026-07-28 06:00:00+00:00,binance
281089,delisting,Notice of Removal of Spot Trading Pairs - 2026-07-31,1785223800000,2026-07-28 07:30:00+00:00,binance
281144,listing,Binance Futures Will Launch Multiple USDⓈ-Margined TradFi Perpetual Contracts (2026-07-29),1785305721576,2026-07-29 06:15:21.576000+00:00,binance
281140,listing,Binance Exchange Adds 10 bStocks Trading Pairs on Binance Spot - 2026-07-29,1785306602972,2026-07-29 06:30:02.972000+00:00,binance
281196,listing,Binance Will Add 10 bStocks Tokenized Securities as Collateral Assets,1785315601546,2026-07-29 09:00:01.546000+00:00,binance
281279,delisting,Notice Regarding the Removal of AEUR and Conversion of AEUR to EUR,1785376806252,2026-07-30 02:00:06.252000+00:00,binance
281424,listing,Binance Futures Will Launch USDⓈ-Margined GRVTUSDT Perpetual Contract (2026-07-31),1785497411662,2026-07-31 11:30:11.662000+00:00,binance
281450,listing,Binance Futures Will Launch GIGADEVUSDT USDⓈ-Margined Perpetual Contract (2026-08-03),1785724209135,2026-08-03 02:30:09.135000+00:00,binance
281375,delisting,"Binance Will Delist ACX, HFT, PIVX, PYR, VANRY, VIC on 2026-08-17",1785727810683,2026-08-03 03:30:10.683000+00:00,binance
281584,delisting,Notice of Removal of Spot Trading Pairs - 2026-08-07,1785835800000,2026-08-04 09:30:00+00:00,binance
281675,listing,Binance Exchange Adds 10 bStocks Trading Pairs on Binance Spot - 2026-08-05,1785897001986,2026-08-05 02:30:01.986000+00:00,binance
281750,listing,Binance Will Add 10 bStocks Tokenized Securities as Collateral Assets - 2026-08-05,1785920409838,2026-08-05 09:00:09.838000+00:00,binance
281779,listing,Binance Futures Will Launch Multiple USDⓈ-Margined TradFi Perpetual Contracts (2026-08-06),1785983412862,2026-08-06 02:30:12.862000+00:00,binance
281930,listing,Binance Futures Will Launch Multiple USDⓈ-Margined TradFi Perpetual Contracts (2026-08-11),1786353327706,2026-08-10 09:15:27.706000+00:00,binance
281933,delisting,Binance Margin And Loan Will Delist BTTC & POWR on 2026-08-14,1786356004147,2026-08-10 10:00:04.147000+00:00,binance
282003,delisting,Notice of Removal of Spot Trading Pairs - 2026-08-14,1786434300000,2026-08-11 07:45:00+00:00,binance
282138,listing,Binance Futures Will Launch USDⓈ-Margined DOSUSDT Perpetual Contract (2026-08-11),1786456802967,2026-08-11 14:00:02.967000+00:00,binance
282159,listing,Binance Exchange Adds 1 bStocks Trading Pair on Binance Spot - 2026-08-12,1786505402221,2026-08-12 03:30:02.221000+00:00,binance
282194,listing,Binance Will Add 1 bStocks Tokenized Securities as Collateral Asset - 2026-08-12,1786507234213,2026-08-12 04:00:34.213000+00:00,binance
282311,listing,Binance Futures Will Launch Multiple USDⓈ-Margined TradFi Perpetual Contracts (2026-08-14),1786605305015,2026-08-13 07:15:05.015000+00:00,binance
282552,listing,Binance Futures Will Launch Multiple USDⓈ-Margined TradFi Perpetual Contracts (2026-08-17 & 2026-08-18),1786932925476,2026-08-17 02:15:25.476000+00:00,binance
282688,delisting,Notice of Removal of Margin Trading Pairs - 2026-08-21,1786960813377,2026-08-17 10:00:13.377000+00:00,binance
282753,delisting,Notice of Removal of Spot Trading Pairs - 2026-08-21,1787041800000,2026-08-18 08:30:00+00:00,binance
282805,listing,Binance Futures Will Launch UNITREEUSDT USDⓈ-Margined Perpetual Contract (2026-08-19),1787106609387,2026-08-19 02:30:09.387000+00:00,binance
282887,delisting,"Binance Will Delist ICX, SCRT, STORJ on 2026-09-03",1787205606608,2026-08-20 06:00:06.608000+00:00,binance
283053,listing,Binance Futures Will Launch Multiple USDⓈ-Margined TradFi Perpetual Contracts (2026-08-25),1787632201817,2026-08-25 04:30:01.817000+00:00,binance
283101,listing,Notice on New Trading Pairs & Trading Bots Services on Binance Spot - 2026-08-26,1787652008383,2026-08-25 10:00:08.383000+00:00,binance
283120,listing,Binance Exchange Adds Trump Media & Technology Group (DJTB) bStocks on Binance Spot - 2026-08-26,1787706002034,2026-08-26 01:00:02.034000+00:00,binance
283164,listing,Binance Will Add 1 bStocks Tokenized Securities as Collateral Asset - 2026-08-26,1787727601896,2026-08-26 07:00:01.896000+00:00,binance
283323,listing,Binance Adds bStocks to Spot Trading Bots and Extends Zero Maker Fee Promotion - 2026-08-28,1787882405563,2026-08-28 02:00:05.563000+00:00,binance
283335,listing,Binance Futures Will Launch Multiple USDⓈ-Margined TradFi Perpetual Contracts (2026-08-28),1787902209365,2026-08-28 07:30:09.365000+00:00,binance
283381,listing,Binance Futures Will Launch USDⓈ-Margined 牛来USDT Perpetual Contract (2026-08-30),1788078914398,2026-08-30 08:35:14.398000+00:00,binance
283430,delisting,Notice of Removal of Margin Trading Pairs - 2026-09-03,1788170403200,2026-08-31 10:00:03.200000+00:00,binance
283470,listing,Binance Futures Will Launch HK0625USDT USDⓈ-Margined Quanto Perpetual Contract (2026-09-01),1788228901077,2026-09-01 02:15:01.077000+00:00,binance
283552,listing,Binance Futures Will Launch USDⓈ-Margined MARSCOINUSDT Perpetual Contract (2026-09-01),1788252305663,2026-09-01 08:45:05.663000+00:00,binance
283642,listing,Binance Exchange Adds 4 bStocks Trading Pairs on Binance Spot/Convert - 2026-09-02,1788337801247,2026-09-02 08:30:01.247000+00:00,binance
283648,listing,Binance Futures Will Launch Multiple USDⓈ-Margined TradFi Perpetual Contracts (2026-09-02),1788338705651,2026-09-02 08:45:05.651000+00:00,binance
283671,listing,Binance Will Add 4 bStocks Tokenized Securities as Collateral Asset - 2026-09-02,1788341411613,2026-09-02 09:30:11.613000+00:00,binance
283746,listing,Binance Futures Will Launch USDⓈ-Margined GPROUSDT Perpetual Contract (2026-09-03),1788438625942,2026-09-03 12:30:25.942000+00:00,binance
283773,listing,Binance Futures Will Launch Multiple USDⓈ-Margined TradFi Perpetual Contracts (2026-09-07),1788497186706,2026-09-04 04:46:26.706000+00:00,binance
283832,delisting,"Binance Alpha Will Remove MTP, BDXN, TALE, BOS, MAIGA, TIMI, SAROS, U (Union), SERAPH, RVV, AIAV, PENGUIN, ODOS, SN3 (2026-09-04)",1788510602234,2026-09-04 08:30:02.234000+00:00,binance
283840,listing,Binance Will List MarsCoin (MARSCOIN) with Seed Tag Applied,1788516901870,2026-09-04 10:15:01.870000+00:00,binance
283893,listing,"Binance Will Add MarsCoin (MARSCOIN) on Earn, Buy Crypto, Convert, VIP Loan & Margin",1788525902072,2026-09-04 12:45:02.072000+00:00,binance
283915,listing,Binance Futures Will Launch USDⓈ-Margined PONSUSDT and 哈基米USDT Perpetual Contracts (2026-09-06),1788674111414,2026-09-06 05:55:11.414000+00:00,binance
284032,delisting,Notice of Removal of Spot Trading Pairs - 2026-09-11,1788862500000,2026-09-08 10:15:00+00:00,binance
284062,delisting,Notice of Removal of Margin Trading Pairs and Collateral - 2026-09-11,1788863408750,2026-09-08 10:30:08.750000+00:00,binance
284099,listing,Binance Exchange Adds Salesforce (CRMB) and Hims & Hers Health (HIMSB) bStocks Trading Pairs on Binance Spot/Convert - 2026-09-09,1788922801882,2026-09-09 03:00:01.882000+00:00,binance
284124,listing,Binance Will Add 2 bStocks Tokenized Securities as Collateral Asset - 2026-09-09,1788937216577,2026-09-09 07:00:16.577000+00:00,binance
284193,listing,Binance Will List 牛来 (牛来) with Seed Tag Applied,1788953419513,2026-09-09 11:30:19.513000+00:00,binance
284214,listing,"Binance Will Add 牛来 (牛来) on Earn, Buy Crypto, Convert, VIP Loan & Margin",1788963315144,2026-09-09 14:15:15.144000+00:00,binance
284259,delisting,Binance Will Delist USDP on 2026-09-24,1789020012727,2026-09-10 06:00:12.727000+00:00,binance
284461,listing,Binance Exchange Adds CEA Industries (BNCB) bStocks Trading Pair on Binance Spot/Convert - 2026-09-14,1789376404044,2026-09-14 09:00:04.044000+00:00,binance
284450,listing,Binance Will Add BNCB bStocks Tokenized Securities as Collateral Asset - 2026-09-14,1789378206783,2026-09-14 09:30:06.783000+00:00,binance
284587,delisting,Notice of Removal of Margin Trading Pairs - 2026-09-18,1789466415716,2026-09-15 10:00:15.716000+00:00,binance
284643,listing,Binance Exchange Adds GoPro (GPROB) and Reddit (RDDTB) bStocks Trading Pairs on Binance Spot/Convert - 2026-09-16,1789527600968,2026-09-16 03:00:00.968000+00:00,binance
284660,listing,Binance Will Add 2 bStocks Tokenized Securities as Collateral Asset - 2026-09-16,1789533009513,2026-09-16 04:30:09.513000+00:00,binance
284618,delisting,Notice of Removal of Spot Trading Pairs - 2026-09-18,1789536600000,2026-09-16 05:30:00+00:00,binance
284888,listing,"Binance Will Support the Broadcom (AVGO), Invesco QQQ Trust (QQQ), Meta (META), and Seagate (STX) Cash Dividend Distribution via bStocks",1789707610872,2026-09-18 05:00:10.872000+00:00,binance
284909,listing,Binance Futures Will Launch Multiple USDⓈ-Margined Perpetual Contracts (2026-09-18),1789714803437,2026-09-18 07:00:03.437000+00:00,binance
284923,listing,Binance Futures Will List USDⓈ-M & COIN-M Quarterly 0326 Delivery Contracts,1789718412684,2026-09-18 08:00:12.684000+00:00,binance
285011,listing,Binance Futures Will Launch USDBRLUSDT USDⓈ-Margined TradFi Perpetual Contract (2026-09-21),1789740003166,2026-09-18 14:00:03.166000+00:00,binance
285067,listing,Binance Adds 25 Stocks on Binance Stock Trading - 2026-09-21,1789974001157,2026-09-21 07:00:01.157000+00:00,binance
285082,listing,Notice on New Trading Pairs & Trading Bots Services on Binance Spot - 2026-09-22,1789983001032,2026-09-21 09:30:01.032000+00:00,binance
285157,delisting,Notice of Removal of Spot Trading Pairs - 2026-09-25,1790056800000,2026-09-22 06:00:00+00:00,binance
285191,listing,Binance Futures Will Launch MOONSHOTUSDT USDⓈ-Margined Perpetual Contract Pre-IPO Trading (2026-09-22),1790062264920,2026-09-22 07:31:04.920000+00:00,binance
285188,delisting,Notice of Removal of Margin Trading Pairs - 2026-09-25,1790064001264,2026-09-22 08:00:01.264000+00:00,binance
285324,listing,Binance Margin Will Add New Pairs - 2026-09-23,1790137801911,2026-09-23 04:30:01.911000+00:00,binance
285327,listing,"Binance Exchange Adds Axe Compute (AGPUB), AMC Entertainment (AMCB) and Cypherpunk Technologies (CYPHB) bStocks Trading Pairs on Binance Spot/Convert - 2026-09-23",1790139601336,2026-09-23 05:00:01.336000+00:00,binance
285340,listing,Binance Will Add 3 bStocks Tokenized Securities as Collateral Asset - 2026-09-23,1790141402080,2026-09-23 05:30:02.080000+00:00,binance
285338,delisting,Binance Will Close UAH Deposits and Withdrawals via Fiat Trade UAH and Delist USDT/UAH Spot Trading Pair,1790146800000,2026-09-23 07:00:00+00:00,binance
285396,listing,Binance Futures Will Launch OURAUSDT USDⓈ-Margined Perpetual Contract Pre-IPO Trading (2026-09-23),1790147746848,2026-09-23 07:15:46.848000+00:00,binance
285492,listing,Binance Will List Hyperliquid (HYPE) with Seed Tag Applied,1790235038608,2026-09-24 07:30:38.608000+00:00,binance
285530,listing,"Binance Will Add Hyperliquid (HYPE) on Earn, Buy Crypto, Convert, VIP Loan & Margin",1790246704777,2026-09-24 10:45:04.777000+00:00,binance
285606,listing,Binance Futures Will Launch Multiple TradFi USDⓈ-Margined Perpetual Contracts (2026-09-28),1790570707051,2026-09-28 04:45:07.051000+00:00,binance
285671,listing,Binance Adds 5 Stocks on Binance Stock Trading - 2026-09-28,1790589613103,2026-09-28 10:00:13.103000+00:00,binance
285781,listing,Binance Futures Will Launch Multiple TradFi USDⓈ-Margined Perpetual Contracts (2026-09-29),1790657101338,2026-09-29 04:45:01.338000+00:00,binance
285823,delisting,Binance Margin And Loans Token Delist on 2026-10-02,1790668801341,2026-09-29 08:00:01.341000+00:00,binance
285827,delisting,Notice of Removal of Spot Trading Pairs - 2026-10-02,1790673300000,2026-09-29 09:15:00+00:00,binance
285915,listing,"Binance Exchange Adds Adobe (ADBEB), Forward Industries (FWDIB), Hewlett Packard (HPEB), PDD Holdings (PDDB), SharonAI (SHAZB), Wendy's (WENB) and Zoom (ZMB) bStocks Trading Pairs on Binance Spot/Convert - 2026-09-30",1790737204692,2026-09-30 03:00:04.692000+00:00,binance
285916,listing,Binance Will Add 7 bStocks Tokenized Securities as Collateral Asset - 2026-09-30,1790739001555,2026-09-30 03:30:01.555000+00:00,binance
286016,delisting,Binance Futures Will Delist Multiple USDⓈ-M Perpetual Contracts (2026-10-05),1790822713435,2026-10-01 02:45:13.435000+00:00,binance
286040,listing,Binance Futures Will Launch USDⓈ-Margined CTUSDT Perpetual Contract (2026-10-01),1790836201040,2026-10-01 06:30:01.040000+00:00,binance
okx:https://www.okx.com/en-us/help/okx-to-list-usdg-global-dollar-for-spot-trading,listing,OKX to list USDG (Global Dollar) for spot trading,1749016802599,2025-06-04 06:00:02.599000+00:00,okx
okx:https://www.okx.com/en-us/help/announcement-from-okx-regarding-the-delay-of-usdg-global-dollar-listing,listing,Announcement from OKX regarding the delay of USDG (Global Dollar) listing,1749119414885,2025-06-05 10:30:14.885000+00:00,okx
okx:https://www.okx.com/en-us/help/okx-will-launch-usdg-usdt-for-spot-trading,listing,OKX will launch USDG/USDT for spot trading,1749448802531,2025-06-09 06:00:02.531000+00:00,okx
okx:https://www.okx.com/en-us/help/okx-to-delist-wbtc-jst-btt-ern-glmr-and-movr-spot-trading-pairs,delisting,"OKX to delist WBTC, JST, BTT, ERN, GLMR and MOVR spot trading pairs",1756713619754,2025-09-01 08:00:19.754000+00:00,okx
okx:https://www.okx.com/en-us/help/okx-to-delist-forth-runecoin-polydoge-sc-ustc-and-lunc-spot-trading-pairs,delisting,"OKX to delist FORTH, RUNECOIN, POLYDOGE, SC, USTC and LUNC spot trading pairs",1758528423462,2025-09-22 08:07:03.462000+00:00,okx
okx:https://www.okx.com/en-us/help/okx-will-launch-xpl-usd-and-xpl-usdt-for-spot-trading,listing,OKX will launch XPL/USD and XPL/USDT for spot trading,1758903291475,2025-09-26 16:14:51.475000+00:00,okx
okx:https://www.okx.com/en-us/help/okx-will-launch-linea-usd-for-spot-trading,listing,OKX will launch LINEA/USD for spot trading,1760326210305,2025-10-13 03:30:10.305000+00:00,okx
okx:https://www.okx.com/en-us/help/okx-to-list-paxg-pax-gold-for-spot-trading,listing,OKX to list PAXG (PAX Gold) for spot trading,1760414411078,2025-10-14 04:00:11.078000+00:00,okx
okx:https://www.okx.com/en-us/help/okx-to-list-yb-yield-basis-for-spot-trading-and-convert-pre-market-futures,listing,OKX to list YB (Yield Basis) for spot trading and convert pre-market futures to standard perpetual futures,1760448616981,2025-10-14 13:30:16.981000+00:00,okx
okx:https://www.okx.com/en-us/help/okx-will-launch-yb-usd-for-spot-trading,listing,OKX will launch YB/USD for spot trading,1760499003851,2025-10-15 03:30:03.851000+00:00,okx
okx:https://www.okx.com/en-us/help/okx-will-launch-ena-usd-and-paxg-usd-for-spot-trading,listing,OKX will launch ENA/USD and PAXG/USD for spot trading,1760580009721,2025-10-16 02:00:09.721000+00:00,okx
okx:https://www.okx.com/en-us/help/okx-to-delist-slerf-alpha-badger-oas-mln-and-aidoge-spot-trading-pairs,delisting,"OKX to delist SLERF, ALPHA, BADGER, OAS, MLN and AIDOGE spot trading pairs",1760601616198,2025-10-16 08:00:16.198000+00:00,okx
okx:https://www.okx.com/en-us/help/okx-to-list-aster-aster-for-spot-trading,listing,OKX to list ASTER (Aster) for spot trading,1760666409139,2025-10-17 02:00:09.139000+00:00,okx
okx:https://www.okx.com/en-us/help/okx-will-launch-aster-usd-for-spot-trading,listing,OKX will launch ASTER/USD for spot trading,1760670009854,2025-10-17 03:00:09.854000+00:00,okx
okx:https://www.okx.com/en-us/help/okx-to-list-prove-succinct-dood-doodles-for-spot-trading-17102025,listing,"OKX to list PROVE (Succinct), DOOD (Doodles) for spot trading",1760684410121,2025-10-17 07:00:10.121000+00:00,okx
okx:https://www.okx.com/en-us/help/okx-to-list-met-meteora-for-spot-trading,listing,OKX to list MET (Meteora) for spot trading,1761102009861,2025-10-22 03:00:09.861000+00:00,okx
okx:https://www.okx.com/en-us/help/okx-to-delist-kda-spot-trading-pairs,delisting,OKX to delist KDA spot trading pairs,1761123614529,2025-10-22 09:00:14.529000+00:00,okx
okx:https://www.okx.com/en-us/help/okx-will-launch-met-usdt-for-spot-trading-and-convert-pre-market-futures-to,listing,OKX will launch MET/USDT for spot trading and convert pre-market futures to standard perpetual futures,1761188409037,2025-10-23 03:00:09.037000+00:00,okx
okx:https://www.okx.com/en-us/help/okx-will-launch-met-usd-for-spot-trading,listing,OKX will launch MET/USD for spot trading,1761201013233,2025-10-23 06:30:13.233000+00:00,okx
okx:https://www.okx.com/en-us/help/okx-to-list-virtuals-protocol-virtual-for-spot-trading,listing,OKX to list Virtuals Protocol (VIRTUAL) for spot trading,1761620404821,2025-10-28 03:00:04.821000+00:00,okx
okx:https://www.okx.com/en-us/help/okx-will-launch-virtual-usd-for-spot-trading,listing,OKX will launch VIRTUAL/USD for spot trading,1761621305350,2025-10-28 03:15:05.350000+00:00,okx
okx:https://www.okx.com/en-us/help/okx-will-launch-hype-usd-for-spot-trading,listing,OKX will launch HYPE/USD for spot trading,1762156822123,2025-11-03 08:00:22.123000+00:00,okx
okx:https://www.okx.com/en-us/help/announcement-from-okx-regarding-the-delay-of-hyperliquid-hype-listing,listing,Announcement from OKX regarding the delay of Hyperliquid (HYPE) listing,1762173023017,2025-11-03 12:30:23.017000+00:00,okx
okx:https://www.okx.com/en-us/help/announcement-from-okx-regarding-the-delay-hype-usd-for-spot-trading,listing,Announcement from OKX regarding the delay HYPE/USD for spot trading,1762176622270,2025-11-03 13:30:22.270000+00:00,okx
okx:https://www.okx.com/en-us/help/okx-to-list-mmt-momentum-for-spot-trading,listing,OKX to list MMT (Momentum) for spot trading,1762236005705,2025-11-04 06:00:05.705000+00:00,okx
okx:https://www.okx.com/en-us/help/okx-will-launch-mmt-usd-for-spot-trading,listing,OKX will launch MMT/USD for spot trading,1762237811740,2025-11-04 06:30:11.740000+00:00,okx
okx:https://www.okx.com/en-us/help/okx-to-list-allo-allora-for-spot-trading,listing,OKX to list ALLO (Allora) for spot trading,1762846211292,2025-11-11 07:30:11.292000+00:00,okx
okx:https://www.okx.com/en-us/help/okx-will-launch-allo-usd-for-spot-trading,listing,OKX will launch ALLO/USD for spot trading,1762848004948,2025-11-11 08:00:04.948000+00:00,okx
okx:https://www.okx.com/en-us/help/okx-to-delist-bal-perp-flm-dep-nc-and-looks-spot-trading-pairs,delisting,"OKX to delist BAL, PERP, FLM, DEP, NC and LOOKS spot trading pairs",1762934415056,2025-11-12 08:00:15.056000+00:00,okx
okx:https://www.okx.com/en-us/help/okx-to-list-sei-sei-2z-doublezero-for-spot-trading,listing,"OKX to list SEI (Sei), 2Z (DoubleZero) for spot trading",1763089209535,2025-11-14 03:00:09.535000+00:00,okx
okx:https://www.okx.com/en-us/help/okx-will-launch-2z-usd-for-spot-trading,listing,OKX will launch 2Z/USD for spot trading,1763096412997,2025-11-14 05:00:12.997000+00:00,okx
okx:https://www.okx.com/en-us/help/okx-to-list-horizen-zen-for-spot-trading,listing,OKX to list Horizen (ZEN) for spot trading,1763384416715,2025-11-17 13:00:16.715000+00:00,okx
okx:https://www.okx.com/en-us/help/okx-will-launch-zen-usd-for-spot-trading,listing,OKX will launch ZEN/USD for spot trading,1763389810370,2025-11-17 14:30:10.370000+00:00,okx
okx:https://www.okx.com/en-us/help/okx-to-delist-aca-clv-foxy-pstake-and-raca-spot-trading-pairs,delisting,"OKX to delist ACA, CLV, FOXY, PSTAKE and RACA spot trading pairs",1764662419719,2025-12-02 08:00:19.719000+00:00,okx
okx:https://www.okx.com/en-us/help/okx-to-list-night-midnight-for-spot-trading,listing,OKX to list NIGHT (Midnight) for spot trading,1764993609403,2025-12-06 04:00:09.403000+00:00,okx
okx:https://www.okx.com/en-us/help/okx-will-launch-night-usd-for-spot-trading,listing,OKX will launch NIGHT/USD for spot trading,1765159208968,2025-12-08 02:00:08.968000+00:00,okx
okx:https://www.okx.com/en-us/help/okx-will-support-the-midnight-night-airdrop-for-ada-btc-eth-sol-xrp-bnb-avax,listing,"OKX will support the Midnight (NIGHT) airdrop for ADA, BTC, ETH, SOL, XRP, BNB, AVAX, or BAT holders in certain jurisdictions",1765249451430,2025-12-09 03:04:11.430000+00:00,okx
okx:https://www.okx.com/en-us/help/okx-to-list-wet-humidifi-for-spot-trading,listing,OKX to list WET (HumidiFi) for spot trading,1765265409391,2025-12-09 07:30:09.391000+00:00,okx
okx:https://www.okx.com/en-us/help/okx-will-launch-wet-usd-for-spot-trading,listing,OKX will launch WET/USD for spot trading,1765266309091,2025-12-09 07:45:09.091000+00:00,okx
okx:https://www.okx.com/en-us/help/okx-to-delist-ice-spot-trading-pairs,delisting,OKX to delist ICE spot trading pairs,1765454411122,2025-12-11 12:00:11.122000+00:00,okx
okx:https://www.okx.com/en-us/help/okx-to-support-fxs-crypto-migration,delisting,OKX to support FXS crypto migration,1766462409524,2025-12-23 04:00:09.524000+00:00,okx
okx:https://www.okx.com/en-us/help/okx-will-launch-sol-btc-and-eth-btc-for-spot-trading,listing,OKX will launch SOL/BTC and ETH/BTC for spot trading,1766732358339,2025-12-26 06:59:18.339000+00:00,okx
okx:https://www.okx.com/en-us/help/okx-to-list-brev-brevis-for-spot-trading-and-convert-pre-market-futures-to,listing,OKX to list BREV (Brevis) for spot trading and convert pre-market futures to standard perpetual futures,1767612604616,2026-01-05 11:30:04.616000+00:00,okx
okx:https://www.okx.com/en-us/help/okx-will-launch-brev-usd-for-spot-trading,listing,OKX will launch BREV/USD for spot trading,1767670228954,2026-01-06 03:30:28.954000+00:00,okx
okx:https://www.okx.com/en-us/help/okx-to-list-fogo-fogo-for-spot-trading-and-convert-pre-market-futures-to,listing,OKX to list FOGO (Fogo) for spot trading and convert pre-market futures to standard perpetual futures,1768285805030,2026-01-13 06:30:05.030000+00:00,okx
okx:https://www.okx.com/en-us/help/okx-will-launch-fogo-usd-for-spot-trading,listing,OKX will launch FOGO/USD for spot trading,1768288001296,2026-01-13 07:06:41.296000+00:00,okx
okx:https://www.okx.com/en-us/help/okx-to-list-lit-lighter-for-spot-trading,listing,OKX to list LIT (Lighter) for spot trading,1768474821497,2026-01-15 11:00:21.497000+00:00,okx
okx:https://www.okx.com/en-us/help/okx-will-launch-lit-usd-for-spot-trading,listing,OKX will launch LIT/USD for spot trading,1768475715550,2026-01-15 11:15:15.550000+00:00,okx
okx:https://www.okx.com/en-us/help/okx-to-list-space-spacecoin-for-spot-trading,listing,OKX to list SPACE (Spacecoin) for spot trading,1769155216339,2026-01-23 08:00:16.339000+00:00,okx
okx:https://www.okx.com/en-us/help/okx-will-launch-space-usd-for-spot-trading,listing,OKX will launch SPACE/USD for spot trading,1769157006341,2026-01-23 08:30:06.341000+00:00,okx
okx:https://www.okx.com/en-us/help/okx-to-list-sent-sentient-for-spot-trading,listing,OKX to list SENT (Sentient) for spot trading,1769493611003,2026-01-27 06:00:11.003000+00:00,okx
okx:https://www.okx.com/en-us/help/okx-will-launch-sent-usd-for-spot-trading,listing,OKX will launch SENT/USD for spot trading,1769493671117,2026-01-27 06:01:11.117000+00:00,okx
okx:https://www.okx.com/en-us/help/okx-to-list-usat-for-spot-trading,listing,OKX to list USAT for spot trading,1769518811072,2026-01-27 13:00:11.072000+00:00,okx
okx:https://www.okx.com/en-us/help/okx-will-launch-usat-usd-for-spot-trading,listing,OKX will launch USAT/USD for spot trading,1769518878028,2026-01-27 13:01:18.028000+00:00,okx
okx:https://www.okx.com/en-us/help/okx-to-list-zama-zama-for-spot-trading-and-convert-pre-market-futures-to,listing,OKX to list ZAMA (Zama) for spot trading and convert pre-market futures to standard perpetual futures,1769778009828,2026-01-30 13:00:09.828000+00:00,okx
okx:https://www.okx.com/en-us/help/okx-will-launch-zama-usd-for-spot-trading,listing,OKX will launch ZAMA/USD for spot trading,1769778010251,2026-01-30 13:00:10.251000+00:00,okx
okx:https://www.okx.com/en-us/help/okx-will-launch-zama-usds-for-spot-trading,listing,OKX will launch ZAMA/USDⓈ for spot trading,1769778024936,2026-01-30 13:00:24.936000+00:00,okx
okx:https://www.okx.com/en-us/help/okx-to-list-usd-margined-expiry-futures,listing,OKX to list USD-margined expiry futures,1770776982267,2026-02-11 02:29:42.267000+00:00,okx
okx:https://www.okx.com/en-us/help/okx-to-list-cc-canton-for-spot-trading,listing,OKX to list CC (Canton) for spot trading,1770865212493,2026-02-12 03:00:12.493000+00:00,okx
okx:https://www.okx.com/en-us/help/okx-will-launch-cc-usd-for-spot-trading,listing,OKX will launch CC/USD for spot trading,1770868804634,2026-02-12 04:00:04.634000+00:00,okx
okx:https://www.okx.com/en-us/help/okx-to-list-xaut-tether-gold-for-spot-trading,listing,OKX to list XAUT (Tether Gold) for Spot Trading,1770968338821,2026-02-13 07:38:58.821000+00:00,okx
okx:https://www.okx.com/en-us/help/okx-will-launch-robo-usd-for-spot-trading,listing,OKX will launch ROBO/USD for spot trading,1772694016984,2026-03-05 07:00:16.984000+00:00,okx
okx:https://www.okx.com/en-us/help/okx-to-delist-rss3-memefi-ghst-rio-and-sweat-spot-trading-pairs,delisting,"OKX to delist RSS3, MEMEFI, GHST, RIO and SWEAT spot trading pairs",1773302418113,2026-03-12 08:00:18.113000+00:00,okx
okx:https://www.okx.com/en-us/help/okx-to-list-luna-enj-ace-velodrome-steth-ethw-woo-for-spot-trading,listing,"OKX to list LUNA, ENJ, ACE, VELODROME, STETH, ETHW, and WOO for Spot Trading",1773429152133,2026-03-13 19:12:32.133000+00:00,okx
okx:https://www.okx.com/en-us/help/okx-to-list-kat-katana-for-spot-trading-and-convert-pre-market-futures-to,listing,OKX to list KAT (Katana) for spot trading and convert pre-market futures to standard perpetual futures,1773723610817,2026-03-17 05:00:10.817000+00:00,okx
okx:https://www.okx.com/en-us/help/okx-will-launch-kat-usd-for-spot-trading,listing,OKX will launch KAT/USD for spot trading,1773725426132,2026-03-17 05:30:26.132000+00:00,okx
okx:https://www.okx.com/en-us/help/okx-will-launch-mon-usd-for-spot-trading,listing,OKX will launch MON/USD for spot trading,1774231209706,2026-03-23 02:00:09.706000+00:00,okx
okx:https://www.okx.com/en-us/help/okx-to-list-mon-monad-for-spot-trading,listing,OKX to list MON (Monad) for spot trading,1774231210011,2026-03-23 02:00:10.011000+00:00,okx
okx:https://www.okx.com/en-us/help/okx-to-delist-uxlink-spot-trading-pairs,delisting,OKX to delist UXLINK spot trading pairs,1774598407580,2026-03-27 08:00:07.580000+00:00,okx
okx:https://www.okx.com/en-us/help/okx-will-launch-based-usd-for-spot-trading,listing,OKX will launch BASED/USD for spot trading,1774836009665,2026-03-30 02:00:09.665000+00:00,okx
okx:https://www.okx.com/en-us/help/okx-to-list-based-for-spot-trading,listing,OKX to list BASED for spot trading,1774836022545,2026-03-30 02:00:22.545000+00:00,okx
okx:https://www.okx.com/en-us/help/okx-to-support-dai-to-usds-crypto-migration,delisting,OKX to support DAI to USDS crypto migration,1775624409635,2026-04-08 05:00:09.635000+00:00,okx
okx:https://www.okx.com/en-us/help/okx-to-list-ofc-onefootball-credits-for-spot-trading,listing,OKX to list OFC (OneFootball Credits) for spot trading,1775700009881,2026-04-09 02:00:09.881000+00:00,okx
okx:https://www.okx.com/en-us/help/okx-will-launch-ofc-usd-for-spot-trading,listing,OKX will launch OFC/USD for spot trading,1775707214094,2026-04-09 04:00:14.094000+00:00,okx
okx:https://www.okx.com/en-us/help/okx-to-list-usds-for-spot-trading,listing,OKX to list USDS for spot trading,1776396611911,2026-04-17 03:30:11.911000+00:00,okx
okx:https://www.okx.com/en-us/help/okx-will-launch-usds-usd-for-spot-trading,listing,OKX will launch USDS/USD for spot trading,1776411020198,2026-04-17 07:30:20.198000+00:00,okx
okx:https://www.okx.com/en-us/help/okx-to-list-rlusd-ripple-usd-for-spot-trading,listing,OKX to list RLUSD (Ripple USD) for spot trading,1777460410097,2026-04-29 11:00:10.097000+00:00,okx
okx:https://www.okx.com/en-us/help/okx-to-list-mega-megaeth-for-spot-trading,listing,OKX to list MEGA (MegaETH) for spot trading,1777544108773,2026-04-30 10:15:08.773000+00:00,okx
okx:https://www.okx.com/en-us/help/okx-will-launch-mega-usd-for-spot-trading,listing,OKX will launch MEGA/USD for spot trading,1777544109125,2026-04-30 10:15:09.125000+00:00,okx
okx:https://www.okx.com/en-us/help/okx-will-launch-edge-usd-for-spot-trading,listing,OKX will launch EDGE/USD for spot trading,1778043614841,2026-05-06 05:00:14.841000+00:00,okx
okx:https://www.okx.com/en-us/help/okx-to-list-edge-edgex-for-spot-trading,listing,OKX to list EDGE/USDT (edgeX) for spot trading,1778043616373,2026-05-06 05:00:16.373000+00:00,okx
okx:https://www.okx.com/en-us/help/okx-to-list-pi-for-spot-trading,listing,OKX to list Pi for Spot Trading,1778128811848,2026-05-07 04:40:11.848000+00:00,okx
okx:https://www.okx.com/en-us/help/okx-to-list-pros-usdt-pharos-for-spot-trading,listing,OKX to list PROS/USDT (Pharos) for spot trading,1778644810127,2026-05-13 04:00:10.127000+00:00,okx
okx:https://www.okx.com/en-us/help/okx-will-launch-pros-usd-for-spot-trading,listing,OKX will launch PROS/USD for spot trading,1778644815142,2026-05-13 04:00:15.142000+00:00,okx
okx:https://www.okx.com/en-us/help/okx-will-launch-ai-usd-for-spot-trading,listing,OKX will launch AI/USD for spot trading,1779435009271,2026-05-22 07:30:09.271000+00:00,okx
okx:https://www.okx.com/en-us/help/okx-to-list-ai-usdt-gensyn-for-spot-trading,listing,OKX to list AI/USDT (Gensyn) for spot trading,1779435009521,2026-05-22 07:30:09.521000+00:00,okx
okx:https://www.okx.com/en-us/help/okx-to-delist-major-and-j-spot-trading-pairs,delisting,OKX to delist MAJOR and J spot trading pairs,1779782405915,2026-05-26 08:00:05.915000+00:00,okx
okx:https://www.okx.com/en-us/help/okx-will-launch-irys-usd-for-spot-trading,listing,OKX will launch IRYS/USD for spot trading,1779804918091,2026-05-26 14:15:18.091000+00:00,okx
okx:https://www.okx.com/en-us/help/okx-to-list-irys-usdt-irys-for-spot-trading,listing,OKX to list IRYS/USDT (Irys) for spot trading,1779858013753,2026-05-27 05:00:13.753000+00:00,okx
okx:https://www.okx.com/en-us/help/okx-to-support-ton-crypto-migration,delisting,OKX to support TON crypto migration,1781173810781,2026-06-11 10:30:10.781000+00:00,okx
okx:https://www.okx.com/en-us/help/okx-will-launch-gram-usd-for-spot-trading,listing,OKX will launch GRAM/USD for spot trading,1781681405331,2026-06-17 07:30:05.331000+00:00,okx
okx:https://www.okx.com/en-us/help/okx-completed-ton-token-migration,listing,OKX completed TON token migration,1781681405838,2026-06-17 07:30:05.838000+00:00,okx
okx:https://www.okx.com/en-us/help/okx-to-list-re-re-for-spot-trading-and-convert-pre-market-futures-to-standard-perpetual-futures,listing,OKX to list RE (Re) for spot trading and convert pre-market futures to standard perpetual futures,1781748010269,2026-06-18 02:00:10.269000+00:00,okx
okx:https://www.okx.com/en-us/help/okx-will-launch-re-usd-for-spot-trading,listing,OKX will launch RE/USD for spot trading,1781748010357,2026-06-18 02:00:10.357000+00:00,okx
okx:https://www.okx.com/en-us/help/okx-to-list-cards-usdt-collector-crypt-for-spot-trading,listing,OKX to list CARDS/USDT (Collector Crypt) for spot trading,1782352806026,2026-06-25 02:00:06.026000+00:00,okx
okx:https://www.okx.com/en-us/help/okx-will-launch-cards-usd-for-spot-trading,listing,OKX will launch CARDS/USD for spot trading,1782352809690,2026-06-25 02:00:09.690000+00:00,okx
okx:https://www.okx.com/en-us/help/okx-to-support-aergo-crypto-migration,delisting,OKX to support AERGO crypto migration,1784023216123,2026-07-14 10:00:16.123000+00:00,okx
okx:https://www.okx.com/en-us/help/okx-will-launch-aeon-usd-for-spot-trading,listing,OKX will launch AEON/USD for spot trading,1785121210459,2026-07-27 03:00:10.459000+00:00,okx
okx:https://www.okx.com/en-us/help/okx-will-launch-grvt-usd-for-spot-trading,listing,OKX will launch GRVT/USD for spot trading,1785380409238,2026-07-30 03:00:09.238000+00:00,okx
okx:https://www.okx.com/en-us/help/okx-to-delist-gods-prcl-and-duck-spot-trading-pairs,delisting,"OKX to delist GODS, PRCL and DUCK spot trading pairs",1786089609991,2026-08-07 08:00:09.991000+00:00,okx
okx:https://www.okx.com/en-us/help/okx-to-delist-selected-usd-spot-trading-pairs,delisting,OKX to delist selected USD spot trading pairs,1789038013041,2026-09-10 11:00:13.041000+00:00,okx
okx:https://www.okx.com/en-us/help/okx-to-delist-aeon-usd-spot-trading-pair,delisting,OKX to delist selected USD spot trading pair,1790146816439,2026-09-23 07:00:16.439000+00:00,okx
okx:https://www.okx.com/en-us/help/okx-to-delist-dora-icx-storj-zeus-and-elf-spot-trading-pairs,delisting,"OKX to delist DORA, ICX, STORJ, ZEUS and ELF spot trading pairs",1790157613684,2026-09-23 10:00:13.684000+00:00,okx
