id,source,type,ticker,direction,ts_ms,title,symbol,p_pre1h,p_pre5m,p0,entry_1,ventry_1,entry_3,ventry_3,entry_10,ventry_10,entry_30,ventry_30,entry_60,ventry_60,exit_60,vexit_60,exit_300,vexit_300,exit_900,vexit_900,exit_3600,vexit_3600,exit_14400,vexit_14400
79380,binance,spot_listing,IMX,1,1641794176091,Binance Will List Alchemy Pay (ACH) and Immutable X (IMX),IMXUSDT,3.753,3.749,3.759,3.764,3.923420598671242,3.963,4.072568714765295,4.176,4.23082331220977,4.375,4.385002695850194,4.219,4.2176783303960566,4.304,4.196021811205089,4.198,4.175921102190239,4.169,4.177166235904942,4.119,,4.088,
81768,binance,spot_listing,WOO,1,1644286833903,Binance Will List WOO Network (WOO),WOOUSDT,0.6804,0.6906,0.6922,0.6953,0.7080419951288521,0.6953,0.7081806953234905,0.7654,0.7653878333303636,0.8411,0.8434963807496559,0.8165,,0.8345,0.8343945113732416,0.8295,0.8236115059849429,0.8282,0.8300000331152002,0.7928,0.7911252675138819,0.832,0.8318400076937871
141586,binance,futures_delist,RAY,-1,1668409204880,Binance Futures Will Delist RAYUSDT and SRMUSDT Perpetual Futures Contracts,RAYUSDT,0.189,0.213,0.22,0.22,0.21999999999999997,0.22,0.22,0.218,0.218,0.215,0.21500000000000002,0.213,0.21146437975959334,0.212,,0.207,0.208,0.215,,0.225,,0.226,
141586,binance,futures_delist,SRM,-1,1668409204880,Binance Futures Will Delist RAYUSDT and SRMUSDT Perpetual Futures Contracts,SRMUSDT,0.152,0.171,0.179,0.177,0.17700000000000002,0.178,,0.178,0.17659185589040213,0.177,0.17564039106841797,0.171,0.1703918427587066,0.172,0.1714482861464964,0.167,0.16699966290099771,0.169,0.16900000000000004,0.187,0.18500000000000003,0.164,0.164
142868,binance,futures_delist,CVC,-1,1669606227750,Binance Futures Will Delist and Update the Leverage & Margin Tiers of CVCUSDT Perpetual Futures Contract,CVCUSDT,0.09449,0.095,0.09481,0.09482,0.09471041636020736,0.09482,0.09471041636020736,0.0947,,0.09444,0.09435609340986231,0.09449,,0.09444,,0.0958,,0.09646,,0.0972,0.09712681879593743,0.09999,
142904,binance,spot_delist,CVC,-1,1669617922401,Binance Margin Will Delist CVC & More Margin Pairs on Cross Margin & Isolated Margin,CVCUSDT,0.09865,0.09773,0.09796,0.09847,0.09847747132357096,0.09847,0.0986571109444375,0.09854,0.098516967961649,0.09885,0.09885,0.09844,0.09844,0.09843,,0.09887,0.09890590463177841,0.09917,,0.10129,0.10123682038465061,0.10232,
144376,binance,spot_delist,BNX,-1,1670497371715,"Binance Margin Will Delist BNX, TORN and More Margin Pairs on Cross Margin & Isolated Margin",BNXUSDT,54.85,54.65,54.5,54.45,,54.45,,54.05,54.116079308912646,54.15,54.035053997683114,53.6,53.63028896200571,53.6,53.71072719026815,53.35,53.300000000000004,53.3,,53.75,53.75000000000001,52.4,52.44351850178937
146267,binance,spot_delist,AGLD,-1,1672907126372,"Binance Margin Will Delist AGLD, DATA, ERN, FIO & TROY as Borrowable Assets From Cross Margin and KEY From Isolated Margin",AGLDUSDT,0.275,0.2745,0.274,,,,,,,,,,,0.274,,0.274,,0.271,,0.2715,,0.271,
146721,binance,spot_delist,FLM,-1,1673592309526,"Binance Margin Will Delist FLM, KMD as Borrowable Assets From Cross Margin and COCOS, CREAM, SCRT From Isolated Margin",FLMUSDT,0.0864,0.0866,0.087,0.087,,0.087,,0.087,0.08687127755358852,,,,,0.08695,,0.08675,,0.08715,,0.08665,,0.0872,
146721,binance,spot_delist,CREAM,-1,1673592309526,"Binance Margin Will Delist FLM, KMD as Borrowable Assets From Cross Margin and COCOS, CREAM, SCRT From Isolated Margin",CREAMUSDT,11.774,11.746,11.718,,,,,,,,,11.719,,11.718,,11.705,,11.734,,11.714,,11.786,
146721,binance,spot_delist,SCRT,-1,1673592309526,"Binance Margin Will Delist FLM, KMD as Borrowable Assets From Cross Margin and COCOS, CREAM, SCRT From Isolated Margin",SCRTUSDT,0.746,0.739,0.739,,,,,0.739,,0.739,,0.739,,0.739,,0.738,,0.738,,0.731,,0.739,
147286,binance,spot_delist,TOMO,-1,1674112226735,"Binance Margin Will Delist NEXO, POLS, QUICK as Borrowable Assets From Cross Margin and ALCX, NEXO, POLS, TOMO Trading Pairs From Isolated Margin",TOMOUSDT,0.31,0.31,0.3105,0.31,,0.31,,0.31,,0.31,,0.31,0.31,0.3105,,0.311,,0.311,,0.311,,0.3065,
147840,binance,spot_delist,JST,-1,1674799803614,"Binance Margin Will Delist JST, SNM, SUN as Borrowable Assets From Cross Margin",JSTUSDT,0.02538,0.02537,0.02534,0.02543,,0.02543,,0.02543,,0.02537,,0.02546,,0.02539,,0.02536,,0.02538,,0.02544,,0.02841,0.02841
147840,binance,spot_delist,SUN,-1,1674799803614,"Binance Margin Will Delist JST, SNM, SUN as Borrowable Assets From Cross Margin",SUNUSDT,0.005925,0.005965,0.00595,0.005945,,0.005945,,0.005945,,0.005945,,,,0.00593,,0.00593,,0.00594,,0.00596,,0.006205,
153024,binance,spot_delist,HNT,-1,1679036475726,Binance Will Delist HNT and WABI on 2023-03-24,HNTUSDT,1.952,1.989,1.983,1.983,,1.983,,1.982,1.9629912261157818,1.879,1.8575293483179158,1.876,1.8745737663371111,1.878,1.8765097634657197,1.756,1.7583202894611034,1.775,1.7772483348665227,1.613,1.6106655554186204,1.71,
160916,binance,spot_delist,BTC,-1,1683619303518,Binance Margin Will Delist the WRX/BTC Isolated Margin Pair,BTCUSDT,27531.5,27640.1,27640.0,27639.9,27638.525288655845,27639.9,27638.499735909754,27638.2,27638.19923077338,27630.0,27629.999999999993,27626.3,27625.076724764665,27626.9,27625.20789544904,27625.4,27625.3959821859,27585.6,27585.700000000004,27550.2,27550.199999999997,27697.8,27699.627650859187
162094,binance,spot_delist,JASMY,-1,1684299631912,"Binance Margin Will Delist the JASMY/BTC Cross Margin Pair and AMP/BTC, JASMY/BTC, STMX/BTC Isolated Margin Pairs",JASMYUSDT,0.004931,0.004968,0.004972,0.00497,0.004962902983255997,0.004958,0.004956402788894652,0.004978,,0.004975,,0.004971,,0.004966,0.004969998639853378,0.005005,0.005007,0.004977,,0.004918,,0.004848,
162094,binance,spot_delist,BTC,-1,1684299631912,"Binance Margin Will Delist the JASMY/BTC Cross Margin Pair and AMP/BTC, JASMY/BTC, STMX/BTC Isolated Margin Pairs",BTCUSDT,27055.0,27064.1,27058.0,27058.0,27057.995892910636,27058.0,27057.23113988669,27056.0,27055.999999999996,27056.0,,27056.0,27056.000000000004,27056.0,27056.1,27046.2,27046.3,27020.0,27020.000000000004,26969.3,26969.398159529548,26799.2,26799.199999999997
162094,binance,spot_delist,STMX,-1,1684299631912,"Binance Margin Will Delist the JASMY/BTC Cross Margin Pair and AMP/BTC, JASMY/BTC, STMX/BTC Isolated Margin Pairs",STMXUSDT,0.00461,0.004625,0.00462,0.004615,,0.004615,0.004614999999999999,0.00463,,0.00463,,0.00463,0.004625078729494383,0.004635,,0.00462,,0.00461,,0.00459,,0.004545,
165774,binance,spot_delist,BUSD,-1,1686550803118,"Binance Margin Will Delist the BNT/BUSD, CVX/BTC, POLS/BUSD, POWR/BUSD, STPT/BUSD & STRAX/BUSD Isolated Margin Pairs",BUSDUSDT,0.9986,0.9984,0.9986,,,,,,,,,,,0.9986,,0.9987,,0.9987,,0.9987,,0.9982,
165774,binance,spot_delist,CVX,-1,1686550803118,"Binance Margin Will Delist the BNT/BUSD, CVX/BTC, POLS/BUSD, POWR/BUSD, STPT/BUSD & STRAX/BUSD Isolated Margin Pairs",CVXUSDT,3.43,3.42,3.42,3.42,,3.42,,3.42,,3.42,,,,3.415,,3.42,,3.43,,3.425,,3.465,
165774,binance,spot_delist,BTC,-1,1686550803118,"Binance Margin Will Delist the BNT/BUSD, CVX/BTC, POLS/BUSD, POWR/BUSD, STPT/BUSD & STRAX/BUSD Isolated Margin Pairs",BTCUSDT,25801.3,25788.0,25818.0,25814.7,25814.492320503326,25812.9,25812.9,25812.9,25812.9,25812.9,25812.90000000001,25810.7,25810.7,25810.7,25810.800000000003,25809.2,25808.53359115877,25850.1,25850.1,25825.0,25825.099999999995,25970.9,25971.454714396732
166287,binance,spot_delist,BUSD,-1,1686815412709,"Binance Margin Will Delist MBL/BUSD, PUNDIX/BUSD Cross Margin Pairs and FARM/BUSD, LSK/BUSD, MBL/BUSD, PLA/BUSD, PUNDIX/BUSD, SC/BUSD Isolated Margin Pairs",BUSDUSDT,0.9989,0.9996,0.9998,,,,,,,,,,,0.9998,,0.9998,,0.9994,,1.0009,,1.0,
166287,binance,spot_delist,SC,-1,1686815412709,"Binance Margin Will Delist MBL/BUSD, PUNDIX/BUSD Cross Margin Pairs and FARM/BUSD, LSK/BUSD, MBL/BUSD, PLA/BUSD, PUNDIX/BUSD, SC/BUSD Isolated Margin Pairs",SCUSDT,0.00258,0.002574,0.002576,,,,,,,,,0.002574,,0.002576,,0.002574,,0.002574,,0.002579,,0.002577,
168711,binance,spot_delist,BUSD,-1,1688703003727,"Binance Margin Will Delist the ATA/BUSD, FORTH/BUSD, JST/BUSD, QTUM/BUSD, SUN/BUSD, ZEN/BUSD & ZRX/BUSD Isolated Margin Pairs",BUSDUSDT,0.9992,0.9993,0.9993,,,,,,,,,,,0.9993,,0.9993,,0.9993,,0.9993,0.9993,0.9991,
168711,binance,spot_delist,JST,-1,1688703003727,"Binance Margin Will Delist the ATA/BUSD, FORTH/BUSD, JST/BUSD, QTUM/BUSD, SUN/BUSD, ZEN/BUSD & ZRX/BUSD Isolated Margin Pairs",JSTUSDT,0.02236,0.02239,0.02236,,,,,,,,,,,0.02238,,0.02236,,0.0223,,0.02229,,0.02227,
168711,binance,spot_delist,QTUM,-1,1688703003727,"Binance Margin Will Delist the ATA/BUSD, FORTH/BUSD, JST/BUSD, QTUM/BUSD, SUN/BUSD, ZEN/BUSD & ZRX/BUSD Isolated Margin Pairs",QTUMUSDT,2.755,2.785,2.78,,,,,,,,,2.785,,2.785,,2.78,,2.765,,2.765,,2.81,
168711,binance,spot_delist,SUN,-1,1688703003727,"Binance Margin Will Delist the ATA/BUSD, FORTH/BUSD, JST/BUSD, QTUM/BUSD, SUN/BUSD, ZEN/BUSD & ZRX/BUSD Isolated Margin Pairs",SUNUSDT,0.00553,0.00554,0.005535,,,,,,,,,,,0.005535,,0.00553,,0.005535,,0.00553,,0.00553,
168711,binance,spot_delist,ZEN,-1,1688703003727,"Binance Margin Will Delist the ATA/BUSD, FORTH/BUSD, JST/BUSD, QTUM/BUSD, SUN/BUSD, ZEN/BUSD & ZRX/BUSD Isolated Margin Pairs",ZENUSDT,8.496,8.487,8.464,8.464,,8.464,8.463999999999999,8.474,,8.479,,8.48,,8.479,,8.45,,8.402,,8.321,,8.232,
168711,binance,spot_delist,ZRX,-1,1688703003727,"Binance Margin Will Delist the ATA/BUSD, FORTH/BUSD, JST/BUSD, QTUM/BUSD, SUN/BUSD, ZEN/BUSD & ZRX/BUSD Isolated Margin Pairs",ZRXUSDT,0.2043,0.2052,0.2049,,,,,,,,,,,0.2047,0.2047,0.2043,,0.2039,0.2038,0.204,,0.205,
169617,binance,spot_delist,BUSD,-1,1689318001849,"Binance Margin Will Delist the ALCX/BUSD, ALPACA/BUSD, CVX/BUSD, DOCK/BUSD, LOOM/BUSD, MC/BUSD, MOB/BUSD & TROY/BUSD Isolated Margin Pairs",BUSDUSDT,0.9995,0.9996,0.9995,,,,,,,,,,,0.9995,,0.9996,,0.9995,,0.9994,,0.9995,
169617,binance,spot_delist,CVX,-1,1689318001849,"Binance Margin Will Delist the ALCX/BUSD, ALPACA/BUSD, CVX/BUSD, DOCK/BUSD, LOOM/BUSD, MC/BUSD, MOB/BUSD & TROY/BUSD Isolated Margin Pairs",CVXUSDT,4.24,4.205,4.205,4.21,,4.21,,4.21,,4.21,,,,4.21,,4.21,,4.205,,4.205,4.21,4.185,
170522,binance,spot_delist,OGN,-1,1689760808223,"Binance Margin Will Delist the OGN/BUSD, OSMO/BUSD, REI/BUSD and SPELL/BUSD Cross Margin & Isolated Margin Pairs",OGNUSDT,0.0769,0.0773,0.0772,0.0772,,0.0772,,0.0771,,,,,,0.0771,,0.0772,,0.0771,,0.077,0.077,0.0767,
170522,binance,spot_delist,BUSD,-1,1689760808223,"Binance Margin Will Delist the OGN/BUSD, OSMO/BUSD, REI/BUSD and SPELL/BUSD Cross Margin & Isolated Margin Pairs",BUSDUSDT,0.9994,0.9994,0.9993,,,,,,,,,,,0.9993,,0.9993,,0.9993,,0.9993,,0.9995,
170522,binance,spot_delist,SPELL,-1,1689760808223,"Binance Margin Will Delist the OGN/BUSD, OSMO/BUSD, REI/BUSD and SPELL/BUSD Cross Margin & Isolated Margin Pairs",SPELLUSDT,0.000479,0.000481,0.000481,,,,,,,,,,,0.000482,,0.000482,,0.000481,,0.000481,,0.000483,
171184,binance,spot_delist,CKB,-1,1690252204237,"Binance Margin Will Delist the CKB/BUSD, CTK/BUSD, ELF/BUSD, FOR/BUSD, PERP/BUSD, SKL/BUSD & UNFI/BUSD Isolated Margin Pairs",CKBUSDT,0.002715,0.002725,0.002725,,,,,,,,,,,0.002725,0.002725,0.002725,,0.00274,,0.00272,,0.002705,
171184,binance,spot_delist,BUSD,-1,1690252204237,"Binance Margin Will Delist the CKB/BUSD, CTK/BUSD, ELF/BUSD, FOR/BUSD, PERP/BUSD, SKL/BUSD & UNFI/BUSD Isolated Margin Pairs",BUSDUSDT,,0.9994,0.9994,,,,,,,,,,,0.9994,,0.9994,,0.9994,,0.9994,,0.9993,
171184,binance,spot_delist,CTK,-1,1690252204237,"Binance Margin Will Delist the CKB/BUSD, CTK/BUSD, ELF/BUSD, FOR/BUSD, PERP/BUSD, SKL/BUSD & UNFI/BUSD Isolated Margin Pairs",CTKUSDT,0.5983,0.6005,0.6018,,,,,,,,,,,0.602,,0.6022,,0.6025,,0.5999,,0.5945,
171184,binance,spot_delist,SKL,-1,1690252204237,"Binance Margin Will Delist the CKB/BUSD, CTK/BUSD, ELF/BUSD, FOR/BUSD, PERP/BUSD, SKL/BUSD & UNFI/BUSD Isolated Margin Pairs",SKLUSDT,0.02622,0.02617,0.02619,,,,,,,,,,,0.02622,,0.02625,,0.02629,,0.02611,,0.02603,
171184,binance,spot_delist,UNFI,-1,1690252204237,"Binance Margin Will Delist the CKB/BUSD, CTK/BUSD, ELF/BUSD, FOR/BUSD, PERP/BUSD, SKL/BUSD & UNFI/BUSD Isolated Margin Pairs",UNFIUSDT,3.072,3.088,3.0885,,,,,,,3.0915,,3.0915,,3.0875,,3.0935,,3.099,,3.0735,,3.0865,
173365,binance,spot_delist,ASTR,-1,1691464207277,"Binance Margin Will Delist the ASTR/BUSD, AUDIO/BUSD, BAT/BUSD, BSW/BUSD, NMR/BUSD, PEOPLE/BUSD and RSR/BUSD Cross Margin & Isolated Margin Pairs",ASTRUSDT,0.05187,0.051975,0.051815,0.05186,,0.05186,,0.05186,,0.051795,,,,0.051785,,0.05183,,0.051855,,0.051805,,0.05215,
173365,binance,spot_delist,BUSD,-1,1691464207277,"Binance Margin Will Delist the ASTR/BUSD, AUDIO/BUSD, BAT/BUSD, BSW/BUSD, NMR/BUSD, PEOPLE/BUSD and RSR/BUSD Cross Margin & Isolated Margin Pairs",BUSDUSDT,1.0001,1.0009,1.0009,,,,,,,,,,,1.0009,,1.0009,,1.0009,,1.0009,,1.0003,
173365,binance,spot_delist,AUDIO,-1,1691464207277,"Binance Margin Will Delist the ASTR/BUSD, AUDIO/BUSD, BAT/BUSD, BSW/BUSD, NMR/BUSD, PEOPLE/BUSD and RSR/BUSD Cross Margin & Isolated Margin Pairs",AUDIOUSDT,0.1889,0.1891,0.1885,0.1886,,0.1886,,0.1886,,0.1885,,0.1885,,0.1885,0.1885,0.1888,0.1888,0.1893,0.1893,0.1884,0.1884,0.1965,0.1963
173365,binance,spot_delist,BAT,-1,1691464207277,"Binance Margin Will Delist the ASTR/BUSD, AUDIO/BUSD, BAT/BUSD, BSW/BUSD, NMR/BUSD, PEOPLE/BUSD and RSR/BUSD Cross Margin & Isolated Margin Pairs",BATUSDT,0.2035,0.2055,0.2055,,,,,,,,,,,0.2055,,0.2055,,0.2055,,0.2065,,0.2105,0.21050000000000002
173365,binance,spot_delist,BSW,-1,1691464207277,"Binance Margin Will Delist the ASTR/BUSD, AUDIO/BUSD, BAT/BUSD, BSW/BUSD, NMR/BUSD, PEOPLE/BUSD and RSR/BUSD Cross Margin & Isolated Margin Pairs",BSWUSDT,0.0843,0.0847,0.0847,0.0847,,0.0847,0.0847,,,0.0846,,0.0846,,0.0847,,0.0845,,0.0847,,0.0843,,0.0851,
173365,binance,spot_delist,PEOPLE,-1,1691464207277,"Binance Margin Will Delist the ASTR/BUSD, AUDIO/BUSD, BAT/BUSD, BSW/BUSD, NMR/BUSD, PEOPLE/BUSD and RSR/BUSD Cross Margin & Isolated Margin Pairs",PEOPLEUSDT,0.0127,0.0127,0.0127,,,,,,,,,,,0.0127,,0.01265,,0.0127,,0.0127,,0.01265,
173365,binance,spot_delist,RSR,-1,1691464207277,"Binance Margin Will Delist the ASTR/BUSD, AUDIO/BUSD, BAT/BUSD, BSW/BUSD, NMR/BUSD, PEOPLE/BUSD and RSR/BUSD Cross Margin & Isolated Margin Pairs",RSRUSDT,0.002044,0.002054,0.002057,0.002055,,0.002055,,0.002055,,,,,,0.002055,,0.002055,,0.002058,,0.002053,,0.002091,
174232,binance,spot_delist,BUSD,-1,1692155138357,"Binance Margin Will Delist the EPX/BUSD, GAL/BUSD, GMX/BUSD, HIVE/BUSD, KLAY/BUSD, RAD/BUSD and TVK/BUSD Cross Margin & Isolated Margin Pairs",BUSDUSDT,1.0005,1.0005,1.0005,,,,,,,,,,,1.0005,,1.0007,,1.0002,,1.0007,,1.0004,
174232,binance,spot_delist,GAL,-1,1692155138357,"Binance Margin Will Delist the EPX/BUSD, GAL/BUSD, GMX/BUSD, HIVE/BUSD, KLAY/BUSD, RAD/BUSD and TVK/BUSD Cross Margin & Isolated Margin Pairs",GALUSDT,1.124,1.123,1.122,1.1235,,1.1235,,1.1235,,1.1235,,1.1225,,1.124,,1.122,,1.12,,1.1215,,1.1095,
174232,binance,spot_delist,GMX,-1,1692155138357,"Binance Margin Will Delist the EPX/BUSD, GAL/BUSD, GMX/BUSD, HIVE/BUSD, KLAY/BUSD, RAD/BUSD and TVK/BUSD Cross Margin & Isolated Margin Pairs",GMXUSDT,43.51,43.445,43.435,43.485,,43.485,,43.485,,43.48,43.48,,,43.47,,43.41,,43.37,,43.535,43.555,42.86,
174232,binance,spot_delist,KLAY,-1,1692155138357,"Binance Margin Will Delist the EPX/BUSD, GAL/BUSD, GMX/BUSD, HIVE/BUSD, KLAY/BUSD, RAD/BUSD and TVK/BUSD Cross Margin & Isolated Margin Pairs",KLAYUSDT,0.151,0.1505,0.151,0.151,,0.151,,0.151,,0.151,,0.151,,0.1515,0.1515,0.151,,0.151,0.151,0.151,,0.1505,0.1505
174232,binance,spot_delist,RAD,-1,1692155138357,"Binance Margin Will Delist the EPX/BUSD, GAL/BUSD, GMX/BUSD, HIVE/BUSD, KLAY/BUSD, RAD/BUSD and TVK/BUSD Cross Margin & Isolated Margin Pairs",RADUSDT,1.53,1.53,1.53,,,,,1.531,,1.531,,1.531,1.5308065535770727,1.53,1.532,1.531,,1.529,1.529,1.528,,1.504,1.5079999999999998
175439,binance,spot_delist,AMB,-1,1693375203152,"Binance Margin Will Delist the AMB/BUSD, DASH/BUSD, FIDA/BUSD, HARD/BUSD, HOT/BUSD, IOST/BTC, NULS/BUSD, PORTO/BUSD and REQ/BUSD Cross Margin & Isolated Margin Pairs",AMBUSDT,0.0076,0.00747,0.00746,0.00746,0.00746,0.00746,,0.00746,0.007459999999999999,0.00747,,0.00747,,0.00747,,0.00745,,0.00747,,0.00763,0.007629999999999998,0.00739,0.007390000000000002
175439,binance,spot_delist,BUSD,-1,1693375203152,"Binance Margin Will Delist the AMB/BUSD, DASH/BUSD, FIDA/BUSD, HARD/BUSD, HOT/BUSD, IOST/BTC, NULS/BUSD, PORTO/BUSD and REQ/BUSD Cross Margin & Isolated Margin Pairs",BUSDUSDT,0.9996,0.9992,0.9992,,,,,,,,,,,0.9992,,0.9992,,0.9992,,0.9993,,0.9993,
175439,binance,spot_delist,DASH,-1,1693375203152,"Binance Margin Will Delist the AMB/BUSD, DASH/BUSD, FIDA/BUSD, HARD/BUSD, HOT/BUSD, IOST/BTC, NULS/BUSD, PORTO/BUSD and REQ/BUSD Cross Margin & Isolated Margin Pairs",DASHUSDT,27.0,26.9,26.9,,,,,,,,,,,26.9,,26.9,,26.9,,26.9,,26.85,
175439,binance,spot_delist,HOT,-1,1693375203152,"Binance Margin Will Delist the AMB/BUSD, DASH/BUSD, FIDA/BUSD, HARD/BUSD, HOT/BUSD, IOST/BTC, NULS/BUSD, PORTO/BUSD and REQ/BUSD Cross Margin & Isolated Margin Pairs",HOTUSDT,0.001102,0.001105,0.001105,,,,,,,,,,,0.001105,,0.001106,,0.001106,,0.0011,,0.001101,
175439,binance,spot_delist,IOST,-1,1693375203152,"Binance Margin Will Delist the AMB/BUSD, DASH/BUSD, FIDA/BUSD, HARD/BUSD, HOT/BUSD, IOST/BTC, NULS/BUSD, PORTO/BUSD and REQ/BUSD Cross Margin & Isolated Margin Pairs",IOSTUSDT,0.007455,0.00745,0.007449,0.007442,,0.007442,,0.007442,,0.007442,,,,0.007442,,0.007437,,0.007427,,0.007415,,0.007424,
175439,binance,spot_delist,BTC,-1,1693375203152,"Binance Margin Will Delist the AMB/BUSD, DASH/BUSD, FIDA/BUSD, HARD/BUSD, HOT/BUSD, IOST/BTC, NULS/BUSD, PORTO/BUSD and REQ/BUSD Cross Margin & Isolated Margin Pairs",BTCUSDT,27429.2,27458.8,27458.1,27458.0,,27458.0,,27458.0,27455.548561769912,27440.9,27440.899999999994,27440.8,27440.8,27440.9,27440.9,27421.2,,27440.5,27440.6,27373.7,27373.800000000003,27414.6,27414.599999999995
175439,binance,spot_delist,REQ,-1,1693375203152,"Binance Margin Will Delist the AMB/BUSD, DASH/BUSD, FIDA/BUSD, HARD/BUSD, HOT/BUSD, IOST/BTC, NULS/BUSD, PORTO/BUSD and REQ/BUSD Cross Margin & Isolated Margin Pairs",REQUSDT,0.06559,0.0655,0.0655,,,,,,,,,,,0.0655,,0.0655,,0.06554,,0.0655,,0.06578,
175916,binance,spot_delist,ALPHA,-1,1693552182147,"Binance Margin Will Delist ALPHA/BUSD, ANT/BUSD, BAL/BUSD, COS/BTC, DGB/BUSD, FIRO/BUSD, OOKI/BUSD, QI/BTC, RVN/BUSD & TWT/BUSD Isolated Margin Pairs",ALPHAUSDT,0.0776,0.0769,0.07695,,,,,,,,,,,0.07695,,0.077,,0.077,,0.0773,,0.0769,
175916,binance,spot_delist,BUSD,-1,1693552182147,"Binance Margin Will Delist ALPHA/BUSD, ANT/BUSD, BAL/BUSD, COS/BTC, DGB/BUSD, FIRO/BUSD, OOKI/BUSD, QI/BTC, RVN/BUSD & TWT/BUSD Isolated Margin Pairs",BUSDUSDT,0.9989,0.9993,0.9985,0.9985,0.9984500025038809,0.9984,0.9984500025038809,0.9985,0.9985,0.9986,0.9986,0.9987,,0.9986,,0.9984,,0.9984,,0.9984,,0.9991,
175916,binance,spot_delist,ANT,-1,1693552182147,"Binance Margin Will Delist ALPHA/BUSD, ANT/BUSD, BAL/BUSD, COS/BTC, DGB/BUSD, FIRO/BUSD, OOKI/BUSD, QI/BTC, RVN/BUSD & TWT/BUSD Isolated Margin Pairs",ANTUSDT,4.26,4.23,4.225,,,,,,,,,,,4.225,,4.22,,4.215,,4.245,,4.225,
175916,binance,spot_delist,BAL,-1,1693552182147,"Binance Margin Will Delist ALPHA/BUSD, ANT/BUSD, BAL/BUSD, COS/BTC, DGB/BUSD, FIRO/BUSD, OOKI/BUSD, QI/BTC, RVN/BUSD & TWT/BUSD Isolated Margin Pairs",BALUSDT,3.45,3.43,3.43,,,,,,,,,,,3.43,,3.43,,3.425,,3.43,,3.43,
175916,binance,spot_delist,BTC,-1,1693552182147,"Binance Margin Will Delist ALPHA/BUSD, ANT/BUSD, BAL/BUSD, COS/BTC, DGB/BUSD, FIRO/BUSD, OOKI/BUSD, QI/BTC, RVN/BUSD & TWT/BUSD Isolated Margin Pairs",BTCUSDT,26021.5,25999.0,25990.0,25990.0,25990.0,25990.0,25989.999999999996,25990.0,25990.0,25990.0,25990.038133827868,25998.3,25998.299999999996,25998.4,25998.40000000001,25997.4,25997.5,25972.8,25973.999999999996,25997.1,25997.1,25973.0,25973.1
175916,binance,spot_delist,DGB,-1,1693552182147,"Binance Margin Will Delist ALPHA/BUSD, ANT/BUSD, BAL/BUSD, COS/BTC, DGB/BUSD, FIRO/BUSD, OOKI/BUSD, QI/BTC, RVN/BUSD & TWT/BUSD Isolated Margin Pairs",DGBUSDT,0.00672,0.00666,0.00664,,,,,,,,,,,0.00667,,0.00667,,0.00666,,0.00668,,0.00667,
175916,binance,spot_delist,RVN,-1,1693552182147,"Binance Margin Will Delist ALPHA/BUSD, ANT/BUSD, BAL/BUSD, COS/BTC, DGB/BUSD, FIRO/BUSD, OOKI/BUSD, QI/BTC, RVN/BUSD & TWT/BUSD Isolated Margin Pairs",RVNUSDT,0.01485,0.0147,0.0147,,,,,,,,,,,0.0147,,0.0147,,0.0147,,0.0147,,0.0148,
175916,binance,spot_delist,TWT,-1,1693552182147,"Binance Margin Will Delist ALPHA/BUSD, ANT/BUSD, BAL/BUSD, COS/BTC, DGB/BUSD, FIRO/BUSD, OOKI/BUSD, QI/BTC, RVN/BUSD & TWT/BUSD Isolated Margin Pairs",TWTUSDT,0.834,0.828,0.8285,,,,,,,,,,,0.8285,,0.8285,,0.8275,,0.829,,0.8195,
182168,binance,spot_listing,ORDI,1,1699339453500,Binance Will List ORDI (ORDI) with Seed Tag Applied,ORDIUSDT,7.45,7.663,7.561,7.566,7.93643300992568,8.191,8.284522742949457,8.635,8.832415241811407,9.623,9.778469597059248,9.614,9.33440223676596,9.636,9.373121191926723,9.2,9.2355008100126,9.592,9.588774394376086,10.997,10.980685470978637,10.475,10.464823570421254
183919,binance,spot_listing,BLUR,1,1700806187186,Binance Will List Blur (BLUR) with Seed Tag Applied,BLURUSDT,0.5353,0.5596,0.5604,0.5601,0.5931651421810574,0.6031,0.6215050675865025,0.6589,0.6632712424701313,0.6377,0.6374135905287512,0.6116,0.6136692797203696,0.6111,0.6121099298516879,0.619,0.6192056473078084,0.6305,0.6306782522963904,0.6246,0.6243466210993747,0.6235,0.6235158161210914
190521,binance,spot_listing,PYTH,1,1706860207072,Binance Will List Pyth Network (PYTH) with Seed Tag Applied,PYTHUSDT,0.5123,0.5085,0.5121,0.5123,0.547819453677977,0.5795,0.5914676161809871,0.5955,0.5934986277698935,0.5715,0.5724557412397131,0.5447,0.5472812339197429,0.5445,0.5466230260334088,0.5403,0.5393394648218586,0.5159,0.5167590566845897,0.4928,0.4927736078209637,0.5068,0.5070435308304657
190856,binance,spot_delist,ANT,-1,1707202812575,"Binance Will Delist ANT, MULTI, VAI, XMR on 2024-02-20",ANTUSDT,5.877,5.875,5.882,5.883,5.57690440728297,5.459,5.483977862152126,5.608,5.607748113908337,5.571,5.528493700493819,5.624,5.5956171765987825,5.613,5.6095595393701725,5.623,5.62208189570928,5.718,5.729495586910786,5.867,5.864189101776414,5.873,5.873999999999999
190856,binance,spot_delist,MULTI,-1,1707202812575,"Binance Will Delist ANT, MULTI, VAI, XMR on 2024-02-20",MULTIUSDT,2.0604,2.0465,2.0461,2.0453,1.9561685412931753,1.9875,1.9231838144218674,1.894,1.8719379203951023,1.8802,1.8847692223462622,1.8519,1.8397473396757125,1.8523,1.8425742878061804,1.8234,1.8259570891016454,1.8466,1.8467076955677895,1.733,1.7395762109365316,1.5414,1.5424000000000002
190856,binance,spot_delist,XMR,-1,1707202812575,"Binance Will Delist ANT, MULTI, VAI, XMR on 2024-02-20",XMRUSDT,166.32,165.8,165.82,165.82,159.50700775901473,158.87,158.38928563614974,157.73,157.74754104249573,154.63,154.4551140094783,153.41,153.45228113912012,153.41,153.68242286306236,148.68,148.80159160890145,148.21,148.23,146.92,147.19094590079953,140.31,140.32999999999998
193153,binance,spot_listing,AXL,1,1709277537028,Binance Will List Axelar (AXL) with Seed Tag Applied,AXLUSDT,1.5447,1.5555,1.5544,1.5551,1.6455475870109735,1.6924,1.7538368954298675,1.7541,1.7103961834101262,1.7381,1.7623922352433008,1.8304,1.838523389232307,1.828,1.835018446918239,1.7991,1.818592042124949,1.8584,1.8567652587505155,1.9551,1.9519356508410257,2.4973,2.4980192210785273
193509,binance,futures_launch,MYRO,1,1709616923762,Binance Futures Will Launch MYROUSDT and 1000PEPEUSDC Perpetual Contracts With Up to 50x Leverage,MYROUSDT,0.1708,0.1626,0.1603,0.1604,0.16466441146120636,0.165,0.16589028058544264,0.1717,0.17183498507659484,0.171,0.1731807825767767,0.1816,0.18228124803040371,0.1814,0.1817166549641377,0.223,0.22197963794398295,0.2361,0.23520735310995142,0.2692,0.26931717987375586,0.2833,0.28012649227295927
193543,binance,spot_listing,WIF,1,1709632897364,Binance Will List Dogwifhat (WIF) with Seed Tag Applied,WIFUSDT,1.4711,1.5407,1.5272,1.5269,1.611566575625624,1.6969,1.7072560531064693,1.7241,1.708537724015323,1.7277,1.7120463950077494,1.7219,1.7194345126899637,1.7258,1.7165670650788838,1.7898,1.7891188550098975,1.8853,1.8855815091352832,1.8297,1.8272332012270753,1.65,1.6475673471161325
194176,binance,spot_listing,METIS,1,1710143970976,Binance Will List Metis (METIS) with Seed Tag Applied,METISUSDT,115.54,114.47,115.61,115.61,124.6672419516679,126.39,129.4845029220718,134.78,132.88447755372212,145.18,146.05416428118912,137.78,139.90901503287785,137.78,139.43324419159515,144.96,144.86197629762663,141.01,140.92163929411504,135.37,135.63980212096524,139.69,139.50751549830687
194299,binance,futures_launch,METIS,1,1710217805954,Binance Futures Will Launch METISUSDT and WLDUSDC Perpetual Contracts With Up to 75x Leverage,METISUSDT,134.1,131.57,130.62,130.76,133.6393081663491,136.8,136.86507075606758,136.13,135.57562157508534,134.28,134.28867571681747,132.26,132.58454002750975,132.14,132.17989654410738,134.14,134.25470064336676,133.39,,131.46,,125.69,125.86708377222664
194867,binance,spot_listing,BOME,1,1710581406588,Binance Will List BOOK OF MEME (BOME) with Seed Tag Applied,BOMEUSDT,0.013308,0.014251,0.013801,0.013805,0.01435512333358085,0.014522,0.01474371436531973,0.014702,0.014847239892837894,0.014581,0.014760284100654981,0.014647,0.014588547557827595,0.014635,0.014563530964987918,0.015541,0.015502386901682794,0.016616,0.016532382757531914,0.019518,0.019502233876560932,0.02359,0.02367054049923047
195588,binance,futures_delist,ANT,-1,1711341612437,"Binance Futures Will Delist and Update the Leverage & Margin Tiers of USDⓈ-M ANTUSDT, DGBUSDT and CTKUSDT Perpetual Contracts",ANTUSDT,8.752,8.785,8.785,8.785,8.784712573923047,8.787,,8.787,8.76976968989845,8.764,8.740684915330904,8.774,8.773999999999997,8.763,,8.788,,8.822,,8.848,,8.763,8.767
195588,binance,futures_delist,DGB,-1,1711341612437,"Binance Futures Will Delist and Update the Leverage & Margin Tiers of USDⓈ-M ANTUSDT, DGBUSDT and CTKUSDT Perpetual Contracts",DGBUSDT,0.014714,0.014712,0.014715,0.014711,0.014710999999999998,0.014723,,0.014723,,0.014715,0.014702415001050219,0.014644,0.01463717418132938,0.01465,,0.014579,0.014573,0.014676,,0.014821,,0.014723,0.014720999999999998
195588,binance,futures_delist,CTK,-1,1711341612437,"Binance Futures Will Delist and Update the Leverage & Margin Tiers of USDⓈ-M ANTUSDT, DGBUSDT and CTKUSDT Perpetual Contracts",CTKUSDT,0.9798,0.9775,0.979,0.9787,0.9787,0.9786,0.9786,0.9791,0.9791,0.9739,0.9736544207783208,0.972,,0.9726,,0.954,0.954032389163077,0.9539,,0.9471,0.9473,0.9376,0.9379
197420,binance,spot_listing,TAO,1,1712817838489,Binance Will List Bittensor (TAO) with Seed Tag Applied,TAOUSDT,577.22,614.03,613.42,613.42,640.4518236315432,663.3,668.1355139702364,644.91,654.5910293391222,675.88,690.3043530703353,686.92,679.4322044966613,686.92,679.5337568043872,693.73,692.075938395492,678.76,678.5472649072815,631.78,631.9919205812965,666.01,665.5659891994601
199497,binance,futures_delist,STPT,-1,1714971617942,"Binance Futures Will Delist and Update the Leverage & Margin Tiers of USDⓈ-M STPTUSDT, SNTUSDT, MBLUSDT, RADUSDT and CVXUSDT Perpetual Contracts",STPTUSDT,0.05795,0.05808,0.05817,0.05815,0.05813112335932411,0.0582,,0.0582,,0.0582,0.05812863327142355,0.05777,,0.05779,0.05775,0.05564,0.055690414621242676,0.0551,0.05510184624655036,0.05562,,0.05713,0.05714
199497,binance,futures_delist,SNT,-1,1714971617942,"Binance Futures Will Delist and Update the Leverage & Margin Tiers of USDⓈ-M STPTUSDT, SNTUSDT, MBLUSDT, RADUSDT and CVXUSDT Perpetual Contracts",SNTUSDT,0.04077,0.04085,0.04092,0.0409,0.04102580987164456,0.0411,0.04103261121147641,0.04096,0.04095247537115785,0.04093,0.04093,0.04084,,0.04083,,0.03963,0.03962,0.03893,0.038930000000000006,0.03915,,0.04011,0.040137909370836666
199497,binance,futures_delist,MBL,-1,1714971617942,"Binance Futures Will Delist and Update the Leverage & Margin Tiers of USDⓈ-M STPTUSDT, SNTUSDT, MBLUSDT, RADUSDT and CVXUSDT Perpetual Contracts",MBLUSDT,0.004522,0.00455,0.004553,0.004552,0.004552,0.004552,,0.004552,0.004552,0.00455,0.00455,0.004549,0.004548871951569654,0.004548,,0.004376,0.004379000913450559,0.004371,0.004371304396260195,0.004368,0.004369,0.004484,
199497,binance,futures_delist,RAD,-1,1714971617942,"Binance Futures Will Delist and Update the Leverage & Margin Tiers of USDⓈ-M STPTUSDT, SNTUSDT, MBLUSDT, RADUSDT and CVXUSDT Perpetual Contracts",RADUSDT,1.791,1.792,1.795,1.794,1.794,1.793,,1.793,,1.793,,1.794,,1.793,1.794,1.76,1.758351982958046,1.768,,1.792,,1.803,
199497,binance,futures_delist,CVX,-1,1714971617942,"Binance Futures Will Delist and Update the Leverage & Margin Tiers of USDⓈ-M STPTUSDT, SNTUSDT, MBLUSDT, RADUSDT and CVXUSDT Perpetual Contracts",CVXUSDT,2.606,2.604,2.605,2.605,2.605,2.605,,2.605,2.6005982252571145,2.598,2.5956043829498423,2.597,2.597,2.595,2.5969126817988077,2.521,2.519681439443492,2.533,,2.552,,2.565,2.565
199689,binance,futures_delist,IDEX,-1,1715144426574,"Binance Futures Will Delist and Update the Leverage & Margin Tiers of USDⓈ-M IDEXUSDT, SLPUSDT, GLMRUSDT, MDTUSDT and AUDIOUSDT Perpetual Contracts",IDEXUSDT,0.0657,0.06518,0.06517,0.06515,0.06515,0.06512,0.06506264259851698,0.06506,0.06498914242965423,0.06494,0.06493189958049973,0.06443,,0.06433,,0.06344,0.06342647243125552,0.06466,0.06474,0.06609,,0.06965,
199689,binance,futures_delist,SLP,-1,1715144426574,"Binance Futures Will Delist and Update the Leverage & Margin Tiers of USDⓈ-M IDEXUSDT, SLPUSDT, GLMRUSDT, MDTUSDT and AUDIOUSDT Perpetual Contracts",SLPUSDT,0.003893,0.003867,0.003859,0.003859,0.0038590000000000005,0.003857,0.0038539796314064705,0.003853,0.0038419331227878975,0.003842,0.0038240620127605583,0.003828,0.0038255004768530574,0.00383,0.003827,0.003826,0.0038295000652826734,0.003826,0.003828,0.003834,,0.003799,
199689,binance,futures_delist,GLMR,-1,1715144426574,"Binance Futures Will Delist and Update the Leverage & Margin Tiers of USDⓈ-M IDEXUSDT, SLPUSDT, GLMRUSDT, MDTUSDT and AUDIOUSDT Perpetual Contracts",GLMRUSDT,0.2898,0.2873,0.2871,0.2869,0.28639973925507556,0.28685,0.28570490717445574,0.28485,0.28466371550011854,0.28515,0.2841482497811547,0.2861,,0.286,0.2861203398899062,0.28515,0.28520291008124354,0.28555,,0.28695,,0.28455,
199689,binance,futures_delist,MDT,-1,1715144426574,"Binance Futures Will Delist and Update the Leverage & Margin Tiers of USDⓈ-M IDEXUSDT, SLPUSDT, GLMRUSDT, MDTUSDT and AUDIOUSDT Perpetual Contracts",MDTUSDT,0.073155,0.07298,0.072925,0.07288,0.07286180337135635,0.07286,0.0726896003411732,0.07264,0.07256944013231943,0.07236,0.07177570175166822,0.071965,,0.07198,0.07202,0.07162,0.07166346205107564,0.07182,,0.07168,,0.0673,
199689,binance,futures_delist,AUDIO,-1,1715144426574,"Binance Futures Will Delist and Update the Leverage & Margin Tiers of USDⓈ-M IDEXUSDT, SLPUSDT, GLMRUSDT, MDTUSDT and AUDIOUSDT Perpetual Contracts",AUDIOUSDT,0.1671,0.1661,0.1658,0.1657,0.1657,0.1657,,0.1656,0.16551823941033542,0.1654,,0.1648,0.1646763754658482,0.165,0.1647,0.1636,0.16360395499410177,0.1646,,0.1656,,0.1609,
201912,binance,spot_delist,OMG,-1,1717383620294,"Binance Will Delist OMG, WAVES, WNXM, XEM on 2024-06-17",OMGUSDT,0.7111,0.713,0.7139,0.7027,0.671703906705511,0.6702,0.6517672879135749,0.6257,0.6268529698331844,0.6058,0.6029837485061648,0.6249,0.6262071085835372,0.6248,0.6270885382292536,0.6216,0.6198113439426097,0.5929,0.5930841956936699,0.5669,0.5677490034566356,0.5293,0.5292911892982537
201912,binance,spot_delist,WAVES,-1,1717383620294,"Binance Will Delist OMG, WAVES, WNXM, XEM on 2024-06-17",WAVESUSDT,2.3595,2.36,2.36,2.359,2.241386041379089,2.2505,2.2017823518339523,2.163,2.1235518375854356,2.019,2.016781831821143,2.085,2.071919715399704,2.0785,2.0836603067655215,2.012,2.008074274628439,1.8855,1.887235512964278,1.9105,1.9111193694147959,1.734,1.7318866487976032
201912,binance,spot_delist,XEM,-1,1717383620294,"Binance Will Delist OMG, WAVES, WNXM, XEM on 2024-06-17",XEMUSDT,0.03568,0.03582,0.03585,0.03404,0.033156656126934345,0.03287,0.032578384604204785,0.03148,0.03115909720493289,0.03245,0.03183057992417413,0.03313,0.03299841443148169,0.03315,0.033044083609273765,0.03091,0.030823788323189025,0.02928,0.02930890345276457,0.02875,0.028662142265893954,0.02573,0.025681098005239465
204921,binance,spot_delist,BOND,-1,1720422069631,"Binance Will Delist BOND, DOCK, MDX, POLS on 2024-07-22",BONDUSDT,1.768,1.809,1.81,1.809,1.7095932106071936,1.7,1.63006800969434,1.585,1.5649274460414775,1.507,1.4678734950379204,1.414,1.396871955332568,1.414,1.399029495513035,1.347,1.3508922644391745,1.41,1.4088616437698869,1.527,1.5206954039445362,1.418,1.4196799915937224
207355,binance,spot_listing,TON,1,1723095568744,Binance Will List Toncoin (TON) with Seed Tag Applied,TONUSDT,5.6239,5.7245,5.741,5.741,5.941282807426464,6.0296,6.05614684387963,5.9437,5.929041700362622,5.9432,5.937655520940114,5.848,5.87800740657587,5.8474,5.866764779980126,5.968,5.972685876018598,5.9697,5.96551707416845,6.2829,6.282599518565305,6.3467,6.349199738364352
207063,binance,spot_delist,LOOM,-1,1723446011329,"Binance Will Delist CVP, EPX, FOR, LOOM, REEF, VGX on 2024-08-26",LOOMUSDT,0.05195,0.05111,0.05122,0.05121,0.04961080330472376,0.05121,0.048062194456936276,0.04352,0.04355638339361674,0.04274,0.04247989154961393,0.04264,0.04248830570207236,0.04255,0.0426716697872329,0.04397,0.04411471420717549,0.04443,0.04453344808233126,0.04591,0.04596938948555044,0.04722,0.04720769858507406
207063,binance,spot_delist,REEF,-1,1723446011329,"Binance Will Delist CVP, EPX, FOR, LOOM, REEF, VGX on 2024-08-26",REEFUSDT,0.001102,0.001093,0.001093,0.001093,0.001036801084084305,0.001093,0.0010081487908298126,0.000855,0.0008495148830994663,0.000827,0.0008418689809492076,0.000824,0.0008131247694653974,0.000825,0.0008272528345929434,0.000843,0.0008446247804626498,0.00087,0.0008713679479076011,0.00089,0.0008902007973560245,0.000875,
207063,binance,spot_delist,VGX,-1,1723446011329,"Binance Will Delist CVP, EPX, FOR, LOOM, REEF, VGX on 2024-08-26",VGXUSDT,0.05149,0.0512,0.05124,0.05123,0.04980155291622318,0.05123,0.04893718552194664,0.04604,0.04523551601146216,0.04799,0.047118770576868446,0.04583,0.04602746300811312,0.04595,0.04607171725375722,0.04243,0.04234084055624323,0.04299,0.043136053019805325,0.03924,0.03937216607645447,0.03452,0.034519999999999995
207714,binance,launchpool_airdrop,TON,1,1723551163618,"Introducing Toncoin (TON) on Binance Launchpool and Super Earn! Farm TON by Staking BNB, FDUSD, and TON",TONUSDT,6.2455,6.2815,6.3087,6.3078,6.341723526350693,6.3489,6.356653688790551,6.3574,6.35907950975121,6.3882,6.388251965637314,6.3561,6.356038750973099,6.3558,6.350760445275099,6.3912,6.391533356628039,6.3585,6.359649877367138,6.3516,6.351222861534812,6.3232,
211209,binance,product_add,POL,1,1726219804612,"Binance Will Add Polygon (POL) on Earn, Buy Crypto, Convert, Margin & Futures",POLUSDT,0.3777,0.3792,0.379,0.3789,,0.3789,,0.3789,0.37889999999999996,0.3789,0.3790891537532798,0.379,,0.3788,,0.3794,,0.3809,0.38053067043534045,0.4073,0.4069103080518521,0.4391,0.4386514783689737
211264,binance,launchpool_airdrop,CATI,1,1726230768590,Introducing Catizen (CATI) on Binance Launchpool! Farm CATI by Locking BNB and FDUSD,CATIUSDT,0.5129,0.5166,0.5163,0.5215,0.5216800414046925,0.5215,0.5216800414046925,0.5217,0.5217926645457545,0.5218,0.526294121609322,0.5338,0.5425661377166422,0.5338,0.5267,0.584,0.5846936369261211,0.637,,0.69,0.6900000000000001,0.6605,
211484,binance,futures_launch,CATI,1,1726482602376,Binance Futures Will Launch USDⓈ-Margined CATIUSDT and HMSTRUSDT Perpetual Contracts With up to 75x Leverage,CATIUSDT,0.723,0.7234,0.7234,0.7234,,0.7234,0.7453984839213365,0.7525,0.7321504129915991,0.8,0.8068206668259743,0.761,0.7700567094055486,0.7201,0.7498107955314849,0.7479,0.742,0.743,,0.7501,,0.73,0.7298682312104268
211484,binance,futures_launch,HMSTR,1,1726482602376,Binance Futures Will Launch USDⓈ-Margined CATIUSDT and HMSTRUSDT Perpetual Contracts With up to 75x Leverage,HMSTRUSDT,0.0062,0.00601,0.00595,0.006,,0.006,,0.006,,0.00609,0.006135834560591952,0.00647,0.006569571728261689,0.00608,0.006369168221430037,0.00613,0.006133876322951545,0.00582,0.00582,0.00604,,0.00574,
211820,binance,futures_launch,KDA,1,1726659001250,Binance Futures Will Launch USDⓈ-Margined KDAUSDT Perpetual Contract With up to 75x Leverage,KDAUSDT,0.5105,0.5103,0.5101,0.5103,0.5456833348666317,0.5767,0.5819252491918698,0.5904,0.5968661781877042,0.6575,0.66114712681216,0.6487,0.6564390825248019,0.6486,0.6527707170734249,0.6125,0.6138419038228706,0.6454,0.6420262923070635,0.6295,0.6290523272708858,0.591,0.590874401277577
212122,binance,product_add,CATI,1,1726822804324,"Binance Will Add Catizen (CATI) on Earn, Buy Crypto, Convert & Margin",CATIUSDT,0.81,0.796,0.797,0.799,,0.799,0.799,0.799,0.799,0.8004,0.8004000666749903,0.8053,,0.807,0.796,0.8248,0.8190414589782538,0.825,0.8204178589307715,0.7804,0.78,1.0721,1.0703967941031964
212774,binance,product_add,HMSTR,1,1727350206921,"Binance Will Add Hamster Kombat (HMSTR) on Earn, Buy Crypto, Convert & Margin",HMSTRUSDT,0.01118,0.01136,0.01139,0.0114,0.011400000000000002,0.0114,0.011400000000000002,0.01147,0.011475895043547877,0.01147,0.011604451121867568,0.01165,0.011609643817372109,0.01165,0.011612715525232641,0.01164,0.011631200353553361,0.01145,0.01144,0.00882,0.008797103905077321,0.008106,0.008112904657802716
213198,binance,spot_listing,EIGEN,1,1727684397115,Binance Will List EigenLayer (EIGEN) with Seed Tag Applied,EIGENUSDT,3.9219,3.91,3.8881,3.9162,,3.9162,3.9624504993471117,4.0952,4.099128071994758,4.3743,4.376548674341586,4.1311,,3.8686,,4.079,4.045033347067597,4.0638,,4.1995,,4.1369,
213249,binance,futures_launch,COS,1,1727692857877,Binance Futures Will Launch USDⓈ-Margined COSUSDT Perpetual Contract With up to 75x Leverage,COSUSDT,0.00756,0.00745,0.007456,0.008135,0.009050975661499107,0.00895,0.009113107092225188,0.009271,0.009150893246946784,0.008788,0.008825823973392736,0.008697,0.008747218833841929,0.008675,0.00869652288236775,0.00863,0.008605933862362731,0.00878,0.008760306134678833,0.008587,0.008584295687927776,0.008179,0.008179
213298,binance,product_add,EIGEN,1,1727755206794,"Binance Will Add EigenLayer (EIGEN) on Earn, Buy Crypto, Convert, Margin & Futures",EIGENUSDT,4.0023,3.7602,3.772,3.7877,3.79790622941899,3.7877,3.79790622941899,3.7875,3.7874999999999996,3.656,3.675129085193029,3.6627,3.6627,3.6626,3.6627,3.6169,3.602073438041545,3.7521,3.7521149649755734,4.05,4.046148382045129,4.1733,4.178704968708084
215164,binance,futures_launch,1000CAT,1,1729506638455,Binance Futures Will Launch USDⓈ-Margined 1000CATUSDT Perpetual Contract With up to 75x Leverage,1000CATUSDT,0.02488,0.02466,0.02463,0.02463,0.025834298108908638,0.02465,0.026148776946205828,0.02947,0.029870672448326887,0.02996,0.029647324620910392,0.031,0.03134075565778097,0.03096,0.03118329840108564,0.03213,0.032196844540140636,0.03381,0.03377743382191872,0.03358,0.033609664925914474,0.03677,0.03677322675097941
215222,binance,product_add,SCR,1,1729585806416,"Binance Will Add Scroll (SCR) on Earn, Buy Crypto, Convert, Margin & Futures",SCRUSDT,1.291,1.28,1.287,1.29,1.29,1.29,1.29,1.29,1.2899999999999998,1.292,1.291142342010834,1.292,1.2926056110814352,1.292,,1.292,,1.297,,1.25,1.246162320473725,1.149,1.147188099740063
215319,binance,spot_delist,UNFI,-1,1729666837062,"Binance Will Delist IDRT, KP3R, OOKI, UNFI on 2024-11-06",UNFIUSDT,2.651,2.646,2.6445,2.6435,2.4372513391117283,2.208,2.2273948372388124,2.2215,2.188840870688252,2.232,2.241509855814573,2.252,2.249310403344418,2.251,2.251819712479533,2.315,2.3122853602623525,2.2335,2.225941885088286,1.9085,1.9142936824221763,1.6055,1.6029247942567082
215677,binance,futures_launch,GOAT,1,1729769672095,Binance Futures Will Launch USDⓈ-Margined GOATUSDT Perpetual Contract With up to 75x Leverage,GOATUSDT,0.7995,0.7872,0.8022,0.8011,0.8653162000829534,0.8721,0.8907920555223753,0.902,0.8907460507129871,0.8957,0.9022278540345976,0.897,0.8881455518212623,0.8961,0.885764664251656,0.8719,0.87425429441359,0.8776,0.875131169181104,0.8016,0.8026349552325549,0.7746,0.7747413257354911
215707,binance,futures_launch,MOODENG,1,1729843231189,Binance Futures Will Launch USDⓈ-Margined MOODENGUSDT Perpetual Contract With up to 75x Leverage,MOODENGUSDT,0.0752,0.07505,0.07515,0.07526,0.08142179022890371,0.08379,0.08928614485317898,0.09164,0.0924166721011202,0.09671,0.09751156835384864,0.10105,0.10132712053391536,0.10086,0.10089881534096135,0.12061,0.12091189014789035,0.12914,0.1293923506322673,0.14908,0.15013110121346274,0.16042,0.16040016530959636
215763,binance,futures_launch,SAFE,1,1729852200674,Binance Futures Will Launch USDⓈ-Margined SAFEUSDT Perpetual Contract With up to 75x Leverage,SAFEUSDT,1.5276,1.6009,1.6151,1.6152,1.7129695251749932,1.7477,1.761349427709501,1.72,1.7256514410512973,1.7693,1.7783731167618329,1.758,1.7524034194439884,1.7592,1.753272534353478,1.7131,1.713274440202512,1.6916,1.6988301286367902,1.6639,1.664,1.574,1.575201490134147
216392,binance,futures_launch,PONKE,1,1730716223083,Binance Futures Will Launch USDⓈ-Margined PONKEUSDT Perpetual Contract With up to 75x Leverage,PONKEUSDT,0.45785,0.46397,0.46221,0.46212,0.526837868092452,0.55546,0.5888073690333936,0.61127,0.6191559504860042,0.58872,0.6056364115387566,0.61315,0.6011191609972193,0.61152,0.6018827773707599,0.54446,0.5425263009536595,0.5432,0.5440690852045411,0.50707,0.5080177248621529,0.457,0.45680417941344725
216473,binance,spot_listing,CETUS,1,1730869807602,Binance Will List Cow Protocol (COW) and Cetus Protocol (CETUS) with Seed Tag Applied,CETUSUSDT,0.21376,0.20874,0.20883,0.2091,0.2308876409562632,0.2604,0.2574143147565523,0.26184,0.27273777311278047,0.32939,0.3315312716647544,0.34206,0.3401349838159929,0.34258,0.34289921518606914,0.31068,0.3085874144348275,0.32558,0.3247783185551987,0.30596,0.30575920401201134,0.29285,0.2925078005088364
216599,binance,product_add,CETUS,1,1730892607366,"Binance Will Add Cow Protocol (COW) and Cetus Protocol (CETUS) on Earn, Buy Crypto, Convert, Margin & Futures",CETUSUSDT,0.29627,0.30375,0.3049,0.30513,0.3079632629643101,0.30523,0.30803730710091054,0.31315,0.31845340871000477,0.31097,0.31038038324476713,0.30925,0.3098395543602181,0.30942,0.3095500027971857,0.30966,0.3098743748357805,0.3077,0.307652592739285,0.29303,0.2934014331418707,0.29986,0.29957011858026117
216744,binance,futures_launch,1000000MOG,1,1730975333236,Binance Futures Will Launch USDⓈ-Margined 1000000MOGUSDT Perpetual Contract With up to 75x Leverage,1000000MOGUSDT,2.309,2.3001,2.2913,2.4711,2.5124222176215123,2.4991,2.5307428092321067,2.4875,2.5429349274406943,2.5687,2.577718976483087,2.5888,2.6402298707804457,2.5892,2.6375751288888107,2.2915,2.2685258992739326,2.2343,2.2335773827042087,2.0597,,2.0785,2.076509861017957
216852,binance,futures_launch,GRASS,1,1731074582460,"Binance Futures Will Launch USDⓈ-Margined GRASSUSDT, DRIFTUSDT, and SWELLUSDT Perpetual Contracts With up to 75x Leverage",GRASSUSDT,3.6192,3.7242,3.7447,3.8521,3.906358643627997,3.904,3.9087812914038578,3.8966,3.8880805879420475,3.8189,3.8099727510349237,3.7032,3.6866948814214258,3.7032,3.6763167196496305,3.634,3.601637576501677,3.4512,3.451941763102021,3.3522,3.3518430627639497,3.3693,3.3723165988682595
216852,binance,futures_launch,DRIFT,1,1731074582460,"Binance Futures Will Launch USDⓈ-Margined GRASSUSDT, DRIFTUSDT, and SWELLUSDT Perpetual Contracts With up to 75x Leverage",DRIFTUSDT,0.8131,0.8099,0.8099,0.8481,0.8684266308181595,0.8518,0.8563864512582542,0.8555,0.854984468381003,0.8665,0.861495586253567,0.8558,0.8545748645574349,0.8563,0.8535958158429494,0.8432,0.8422957201783784,0.875,0.876252583959464,0.9332,0.9310752483612964,1.0897,1.0926106812123
216852,binance,futures_launch,SWELL,1,1731074582460,"Binance Futures Will Launch USDⓈ-Margined GRASSUSDT, DRIFTUSDT, and SWELLUSDT Perpetual Contracts With up to 75x Leverage",SWELLUSDT,0.04532,0.05084,0.05115,0.05612,0.05632357816597241,0.0558,0.0561915111908963,0.05551,0.054340353290414915,0.05962,0.060271103385581615,0.05949,0.05906561008824137,0.05948,0.05872723675545094,0.0573,0.05702892443112416,0.05032,0.050042865328005746,0.05137,0.05137245750743308,0.04769,0.04771136442248118
217041,binance,product_add,ACT,1,1731317423797,"Binance Will Add Act I : The AI Prophecy (ACT) and Peanut the Squirrel (PNUT) on Earn, Buy Crypto, Convert, Margin & Futures",ACTUSDT,,0.348,0.3358,0.3356,0.3331824210958073,0.3356,0.33314462371321907,0.3332,0.33318749677384163,0.3362,0.3366806868455379,0.3366,0.3370012188704604,0.3365,0.33618809448636006,0.3429,0.3432454636430727,0.3316,0.331503101489196,0.4119,0.40802276386685876,0.4276,0.425417118653892
217041,binance,product_add,PNUT,1,1731317423797,"Binance Will Add Act I : The AI Prophecy (ACT) and Peanut the Squirrel (PNUT) on Earn, Buy Crypto, Convert, Margin & Futures",PNUTUSDT,,0.4454,0.4339,0.4342,0.43503404590976913,0.4348,0.43516093754984975,0.4341,0.42983253113458225,0.4322,0.4301724341339798,0.4278,0.42845449005214953,0.4284,0.42785114241786326,0.429,0.4283771998901876,0.4225,0.42090081762888387,0.4245,0.42570681129318605,0.4057,0.40456626997142564
217261,binance,futures_launch,1000X,1,1731493800839,Binance Futures Will Launch USDⓈ-Margined HIPPOUSDT and 1000XUSDT Perpetual Contract With up to 75x Leverage,1000XUSDT,0.21908,0.2272,0.22807,0.22814,0.2362355675815154,0.22808,0.23603431946525255,0.23485,0.24014012682598895,0.23645,0.23629508240793573,0.24877,0.247735856781593,0.24877,0.2477309023494757,0.26667,0.2661831002008346,0.31349,0.31160202352658567,0.30224,0.30209263023461347,0.26532,0.26711255646662724
217499,binance,futures_launch,DEGEN,1,1731663013144,Binance Futures Will Launch USDⓈ-Margined DEGENUSDT Perpetual Contract With up to 75x Leverage,DEGENUSDT,0.024852,0.027608,0.027748,0.027791,0.03110360998657138,0.031523,0.033706398694175056,0.033442,0.033123483439033194,0.034966,0.0357861910093777,0.034406,0.034456505849806744,0.034407,0.034185703699742505,0.031155,0.031156457339991228,0.02906,0.028984468634720775,0.03071,0.030673055568289236,0.028453,0.028432735643887572
217630,binance,futures_launch,BAN,1,1731922212272,Binance Futures Will Launch USDⓈ-Margined BANUSDT and AKTUSDT Perpetual Contracts With up to 75x Leverage,BANUSDT,,0.2542,0.2542,0.2547,0.27888549277604996,0.2861,0.30107692216224846,0.3234,0.32880748844113183,0.3459,0.3716940583149958,0.3706,0.3867885894656855,0.3706,0.38286742017876607,0.3474,0.3466338743092657,0.3484,0.34715652109953293,0.3228,0.32299425871128773,0.2916,0.2911524222045606
217630,binance,futures_launch,AKT,1,1731922212272,Binance Futures Will Launch USDⓈ-Margined BANUSDT and AKTUSDT Perpetual Contracts With up to 75x Leverage,AKTUSDT,3.455,3.454,3.458,3.457,3.9629693781488045,4.262,4.20371664108243,4.079,3.996088855038771,3.951,3.9844722020680092,4.086,3.92156356475653,4.088,3.9041674440726264,3.741,3.7554913359134487,4.115,4.1314734835654345,4.084,4.082233959988126,3.68,
217985,binance,futures_launch,SLERF,1,1732181402071,Binance Futures Will Launch USDⓈ-Margined SLERFUSDT and SCRTUSDT Perpetual Contracts With up to 75x Leverage,SLERFUSDT,0.2932,0.2916,0.2917,0.2917,0.32818539011974035,0.3486,0.35665388100092327,0.3733,0.3851906623520709,0.3652,0.37692406843634585,0.4144,0.4157719264671093,0.4144,0.41529270145337527,0.4171,0.4161155593769095,0.3995,0.399153423533777,0.3969,0.39659635409886945,0.3911,0.39073359723927675
217985,binance,futures_launch,SCRT,1,1732181402071,Binance Futures Will Launch USDⓈ-Margined SLERFUSDT and SCRTUSDT Perpetual Contracts With up to 75x Leverage,SCRTUSDT,0.3079,0.3028,0.3022,0.3023,0.3589056289913132,0.3633,0.38910311902958855,0.3931,0.3951875720135517,0.3861,0.38334352959924023,0.3558,0.35768422674624706,0.3551,0.35450222408599324,0.3734,0.37460363934705115,0.3351,0.3357826323508065,0.3514,0.35125939485188873,0.3437,0.3434406086637466
218253,binance,spot_delist,GFT,-1,1732609814278,"Binance Will Delist GFT, IRIS, KEY, OAX, REN on 2024-12-10",GFTUSDT,0.01697,0.01677,0.01667,0.01666,0.015791789672669757,0.01666,0.015600431413929403,0.014,0.014271153065813039,0.01521,0.014820322318807885,0.01536,0.015576072963209401,0.01535,0.015780332250581876,0.01473,0.014735971838714007,0.01463,0.014597704279008214,0.01233,0.012330961034698343,0.01196,0.011966454574385717
218253,binance,spot_delist,KEY,-1,1732609814278,"Binance Will Delist GFT, IRIS, KEY, OAX, REN on 2024-12-10",KEYUSDT,0.0039555,0.0038425,0.0038175,0.003816,0.0035383414257364456,0.003816,0.0035162939525169015,0.0032285,0.00304340591243112,0.003244,0.0032887252744956477,0.0033895,0.0033398723291208432,0.0033985,0.0033596592806915985,0.0031,0.003117682979590713,0.00307,0.0030762215170529175,0.0027135,0.002714,0.0026235,0.0026279474159237536
218253,binance,spot_delist,REN,-1,1732609814278,"Binance Will Delist GFT, IRIS, KEY, OAX, REN on 2024-12-10",RENUSDT,0.05216,0.05067,0.05044,0.05041,0.04746105943920978,0.05041,0.04689701231986914,0.04163,0.04096829306480053,0.03906,0.03961013439151041,0.0433,0.04265983088842972,0.04352,0.04261132748687278,0.04085,0.04022403466749966,0.03947,0.03935216117408929,0.03531,0.035268530143550775,0.04017,0.04001790175238949
218471,binance,futures_launch,MORPHO,1,1732710701624,Binance Futures Will Launch USDⓈ-Margined MORPHOUSDT and CHILLGUYUSDT Perpetual Contracts With up to 75x Leverage,MORPHOUSDT,1.1954,1.2054,1.2335,1.2329,1.3290621416574577,1.3068,1.3834783171437317,1.4237,1.3817893188476165,1.3603,1.3560486795112177,1.3718,1.3711308521826189,1.3662,1.3611764949188303,1.2918,1.2904427264649942,1.2862,1.2771259779806727,1.3103,1.3133786501377935,1.6958,1.6918332540488725
218471,binance,futures_launch,CHILLGUY,1,1732710701624,Binance Futures Will Launch USDⓈ-Margined MORPHOUSDT and CHILLGUYUSDT Perpetual Contracts With up to 75x Leverage,CHILLGUYUSDT,0.6367,0.6279,0.6224,0.6229,0.6613706850516649,0.6771,0.6903768792445713,0.6914,0.683276049305865,0.6571,0.6556613706370388,0.6448,0.6453625274938468,0.6435,0.6440050844500506,0.6195,0.6197680174620948,0.5874,0.5866915194700089,0.5495,0.5495231273705721,0.5525,0.5518994928581628
218648,binance,futures_delist,XEM,-1,1732852801809,"Binance Futures Will Delist USDⓈ-M XEMUSDT, ORBSUSDT and LOOMUSDT Perpetual Contracts (2024-12-09)",XEMUSDT,0.02769,0.02758,0.02756,0.02756,0.027166841231946442,0.02706,0.027113980678690332,0.02724,0.027259511772442877,0.02668,0.026588189706567077,0.02628,0.026273801913396275,0.02631,0.026292168055047225,0.02557,0.025668672165087805,0.02489,0.024842002799220147,0.02546,0.025459999999999997,0.02595,0.02591538780372952
218648,binance,futures_delist,ORBS,-1,1732852801809,"Binance Futures Will Delist USDⓈ-M XEMUSDT, ORBSUSDT and LOOMUSDT Perpetual Contracts (2024-12-09)",ORBSUSDT,0.0351,0.03497,0.03493,0.03493,0.03460209457169554,0.03461,0.03442988447752927,0.03434,0.03430659249045028,0.03439,0.03434747681360418,0.03385,0.03386002737623324,0.03387,0.03389435446008097,0.03342,0.03338913829973524,0.03203,0.032030993139892765,0.03295,0.032989982493437965,0.03275,0.032745492341557915
219071,binance,futures_launch,KAIA,1,1733313823583,Binance Futures Will Launch USDⓈ-Margined KAIAUSDT and AEROUSDT Perpetual Contracts With up to 75x Leverage,KAIAUSDT,0.3584,0.3588,0.3573,0.3573,0.3748041397842352,0.3904,0.3843032060372585,0.3852,0.37830647747608226,0.3724,0.3743759156399749,0.3773,0.3763179126272575,0.3772,0.3756011991645827,0.3762,0.3756395886202384,0.3573,0.35652404183989883,0.3599,,0.3577,
219071,binance,futures_launch,AERO,1,1733313823583,Binance Futures Will Launch USDⓈ-Margined KAIAUSDT and AEROUSDT Perpetual Contracts With up to 75x Leverage,AEROUSDT,1.6375,1.6482,1.651,1.6516,1.7644534706343207,1.9801,1.9362609339634913,1.7994,1.7800590530599165,1.6796,1.6976597588606714,1.674,1.6878186459819806,1.6711,1.6907950570839945,1.689,1.6914320612986447,1.7566,1.7533991936624964,1.8129,,1.8162,
219234,binance,futures_delist,MAVIA,-1,1733454004185,"Binance Futures Will Delist USDⓈ-M MAVIAUSDT, OMGUSDT, and BONDUSDT Perpetual Contracts (2024-12-16)",MAVIAUSDT,2.234,2.267,2.28,2.28,2.2340212755689652,2.221,2.1936916196775607,2.181,2.182527530285777,2.077,2.0482334171602115,2.054,2.0598033185607028,2.053,2.062844800998271,2.022,2.021289775065756,1.953,1.9621367113885109,2.045,2.0396901117572384,1.94,1.94
219234,binance,futures_delist,OMG,-1,1733454004185,"Binance Futures Will Delist USDⓈ-M MAVIAUSDT, OMGUSDT, and BONDUSDT Perpetual Contracts (2024-12-16)",OMGUSDT,0.6103,0.6119,0.6127,0.6129,0.5895506407490967,0.5883,0.5836246167053843,0.5889,0.5868447687239445,0.5626,0.5525599470026393,0.5585,0.5604142986901507,0.5594,0.5610675155301676,0.5625,0.5624506085327126,0.561,,0.5942,,0.5838,
219234,binance,futures_delist,BOND,-1,1733454004185,"Binance Futures Will Delist USDⓈ-M MAVIAUSDT, OMGUSDT, and BONDUSDT Perpetual Contracts (2024-12-16)",BONDUSDT,1.697,1.708,1.709,1.708,1.6316120939613703,1.601,1.590656461686439,1.604,1.593849819432886,1.597,1.5787460010695922,1.542,1.5438613067403648,1.542,1.5518937743901684,1.602,1.601654468867769,1.596,,1.645,1.6460000000000001,1.572,
219276,binance,spot_listing,ORCA,1,1733474058953,Binance Will List Across Protocol (ACX) and Orca (ORCA) with Seed Tag Applied,ORCAUSDT,4.047,4.062,4.011,4.013,5.359153113093467,5.543,6.216328854975825,6.359,6.605489741563178,5.686,5.817511112660831,6.04,5.925368056070951,6.074,5.82768201396568,6.49,6.442555222415092,6.487,6.495734251983187,6.848,6.835565415606152,7.006,7.064929679992897
219327,binance,product_add,ACX,1,1733488747249,"Binance Will Add Across Protocol (ACX) and Orca (ORCA) on Earn, Buy Crypto, Convert, Margin & Futures",ACXUSDT,1.2289,1.2367,1.2477,1.249,1.2501483875633803,1.249,1.250484491010213,1.2501,1.250095298617235,1.251,1.251419811414202,1.2394,1.2394721167705864,1.24,1.2385657136455688,1.2587,,1.2119,1.2121306823954732,1.4858,1.4816639937434557,1.2117,1.2099061549723877
219327,binance,product_add,ORCA,1,1733488747249,"Binance Will Add Across Protocol (ACX) and Orca (ORCA) on Earn, Buy Crypto, Convert, Margin & Futures",ORCAUSDT,6.866,6.998,6.909,6.909,6.9941822347825005,7.02,7.02900325204915,6.978,6.945982919686701,6.912,6.9189305941605035,6.927,6.931680165891303,6.931,6.934932956461587,6.98,6.974220779833443,6.784,6.7835570179418925,7.943,7.934968582261978,7.652,7.649903009366195
219677,binance,spot_listing,ME,1,1733815340546,Binance Will List Magic Eden (ME) with Seed Tag Applied,MEUSDT,4.47,4.5998,4.529,4.5189,4.5523066647068555,4.7659,4.765900000000001,4.6979,4.8021143763571486,4.8563,4.945829875950213,5.1081,5.189154390550345,5.0619,5.13136020554668,5.16,5.1426,5.4989,,5.74,5.742000000000001,6.22,6.214588565244964
219709,binance,futures_launch,VIRTUAL,1,1733822380056,"Binance Futures Will Launch USDⓈ-Margined RAYSOLUSDT, KOMAUSDT, VIRTUALUSDT, and SPXUSDT Perpetual Contracts With up to 75x Leverage",VIRTUALUSDT,1.5336,1.586,1.585,1.585,1.6034309197875556,1.5923,1.6112067333805231,1.6295,1.6557689923914987,1.661,1.6672158143955602,1.6474,1.6476717571216597,1.6464,1.6448929302906916,1.6376,1.638193315558973,1.6482,1.6474302628902442,1.6117,1.6112,1.6374,1.63571106581948
219709,binance,futures_launch,SPX,1,1733822380056,"Binance Futures Will Launch USDⓈ-Margined RAYSOLUSDT, KOMAUSDT, VIRTUALUSDT, and SPXUSDT Perpetual Contracts With up to 75x Leverage",SPXUSDT,0.6126,0.6297,0.6255,0.6251,0.6729874630192516,0.7097,0.6973157029582139,0.6795,0.68145239210361,0.6887,0.6881898661092936,0.6814,0.6857421351060492,0.6825,0.6840242087943426,0.6709,0.6716226695607769,0.672,0.6692010305377257,0.6822,,0.6802,
219757,binance,product_add,ME,1,1733841398159,"Binance Will Add Magic Eden (ME) on Earn, Buy Crypto, Convert, Margin & Futures",MEUSDT,6.2404,5.9144,5.7723,5.7724,5.885451466815746,5.7777,5.894074965314543,6.0515,6.062570894980563,5.8782,5.896785537965832,5.7948,5.790677424214187,5.7885,5.800790050785727,5.5826,5.588862764283491,5.1008,5.079317573270606,4.3941,4.406799683561077,4.9791,4.971737646687801
220356,binance,product_add,VELODROME,1,1734096627605,"Binance Will Add Velodrome Finance (VELODROME) on Earn, Buy Crypto, Convert, Margin & Futures",VELODROMEUSDT,0.3166,0.32653,0.33075,0.33087,0.3315847678777815,0.33158,0.33160492424348,0.3317,0.33270619827025666,0.33642,0.3353470905040105,0.32801,0.32872119886819323,0.32801,0.3279181858357576,0.33301,0.3334137687319297,0.33534,0.3352137597614684,0.31786,0.319273237242603,0.27612,0.276138169181373
220594,binance,futures_launch,MOCA,1,1734340783453,Binance Futures Will Launch USDⓈ-Margined MOCAUSDT Perpetual Contract With up to 75x Leverage,MOCAUSDT,0.219,0.21182,0.21501,0.21536,0.2288058552735222,0.23828,0.23608445179790977,0.23129,0.22899151816377672,0.24458,0.24404812193116487,0.23119,0.23238700970500153,0.2312,0.23205436104906493,0.23308,0.23370553399878258,0.22601,0.22512773344205284,0.21682,0.216863354242597,0.1849,0.18502955590880502
220669,binance,launchpool_airdrop,1000CAT,1,1734352605627,Introducing Simon's Cat (1000CAT) and Pudgy Penguins (PENGU) on Binance HODLer Airdrops!,1000CATUSDT,0.0392,0.03917,0.03928,0.03928,0.04445029269293185,0.04516,0.0478139137204243,0.05032,0.05102567213528923,0.05583,0.05480659383430805,0.05406,0.052564735374792546,0.05411,0.05248180941207194,0.05153,0.051946625716886824,0.05371,0.05361620960483349,0.06265,0.06258876503921758,0.06112,0.06115880443280034
220761,binance,product_add,1000CAT,1,1734424208879,"Binance Will Add Simon's Cat (1000CAT) and Pudgy Penguins (PENGU) on Earn, Buy Crypto, Convert, Margin & Futures",1000CATUSDT,0.06422,0.0647,0.06424,0.06424,0.06431041742135396,0.06422,0.06434172571546173,0.06437,0.06438698896730663,0.06451,0.06454715145804507,0.06456,0.06456370880890434,0.06454,0.06454181588274475,0.06456,0.06452997460853802,0.06436,0.06436069561969042,0.06017,0.05991701463674031,0.0546,0.054616687904100895
220874,binance,spot_delist,AKRO,-1,1734508872939,"Binance Will Delist AKRO, BLZ, WRX on 2024-12-25",AKROUSDT,0.003871,0.003835,0.003828,0.003826,0.0035378585653960256,0.003454,0.0031898812186045267,0.003279,0.003243440613511649,0.003175,0.003125071940792344,0.003129,0.003122206582567931,0.003136,0.00313239025297069,0.003291,0.0032739833650513566,0.002999,0.003003762017595389,0.003188,0.0032110156928657203,0.002501,0.0025099238581431527
220874,binance,spot_delist,BLZ,-1,1734508872939,"Binance Will Delist AKRO, BLZ, WRX on 2024-12-25",BLZUSDT,0.12212,0.12208,0.12248,0.12254,0.1116842782935684,0.10753,0.10519021457509765,0.1016,0.10150605612848994,0.10207,0.10400353220249843,0.1026,0.10086269088282362,0.1026,0.10006106896965691,0.10447,0.10420600661230077,0.10149,0.10147771479445815,0.10949,0.10923713584430139,0.09334,0.09350367100452281
221079,binance,futures_launch,LUMIA,1,1734514149028,Binance Futures Will Launch USDⓈ-Margined LUMIAUSDT Perpetual Contract With up to 75x Leverage,LUMIAUSDT,1.759,1.808,1.815,2.025,2.1438276277850687,2.015,2.0427433690633943,2.03,2.031544891340959,2.011,1.9978872307889533,1.991,1.9988813966873908,1.989,1.995101459171965,1.872,1.868831282709225,1.872,1.8740000000000003,1.848,,1.831,1.831
221045,binance,product_add,USUAL,1,1734517803199,"Binance Will Add Usual (USUAL) on Earn, Buy Crypto, Convert, Margin & Futures",USUALUSDT,0.7,0.6926,0.6999,0.6999,0.7055077809552709,0.6999,0.7083658241803725,0.7178,0.7223329055947695,0.7228,0.7231250742033215,0.728,0.728,0.733,0.7272126359091492,0.7409,0.7402054842909027,0.7185,,0.9674,0.9551383694587976,0.8958,0.8950933091260022
221412,binance,futures_launch,AIXBT,1,1734710650493,"Binance Futures Will Launch USDⓈ-Margined AIXBTUSDT, FARTCOINUSDT, KMNOUSDT and CGPTUSDT Perpetual Contracts With up to 75x Leverage",AIXBTUSDT,0.24,0.2332,0.2326,0.233,0.2416397762329495,0.2411,0.2448216028970594,0.2397,0.24346457880665318,0.2397,0.2396513908922452,0.2463,0.24738957078097495,0.249,0.24700258526381852,0.2468,0.24689728609939313,0.258,0.25864053388991926,0.2515,,0.3075,
221412,binance,futures_launch,FARTCOIN,1,1734710650493,"Binance Futures Will Launch USDⓈ-Margined AIXBTUSDT, FARTCOINUSDT, KMNOUSDT and CGPTUSDT Perpetual Contracts With up to 75x Leverage",FARTCOINUSDT,1.1923,1.2324,1.2058,1.2076,1.2566172336583552,1.2573,1.2973695270581411,1.3167,1.2982721457058943,1.2559,1.2419970439432906,1.2554,1.259725038727065,1.2563,1.259319023741916,1.2482,1.2453380807958188,1.1606,1.1600377621160292,1.1051,1.1048144907938529,1.1444,1.1419900185511223
221412,binance,futures_launch,KMNO,1,1734710650493,"Binance Futures Will Launch USDⓈ-Margined AIXBTUSDT, FARTCOINUSDT, KMNOUSDT and CGPTUSDT Perpetual Contracts With up to 75x Leverage",KMNOUSDT,0.17167,0.17342,0.17327,0.1732,0.1918624587300807,0.20551,0.20403706604709088,0.20011,0.1861325953144047,0.18543,0.18460367990899249,0.18065,0.1829757907395669,0.18086,0.1824113029886456,0.1822,0.18210011174468138,0.1776,,0.18708,,0.19522,0.1951723967608927
221735,binance,futures_launch,DEXE,1,1735031705604,Binance Futures Will Launch USDⓈ-Margined DEXEUSDT Perpetual Contract With up to 75x Leverage,DEXEUSDT,12.218,13.028,13.217,13.694,13.783864539230855,13.703,13.94340229286949,14.194,14.114768123476518,13.774,13.762743969175022,13.728,13.655373395698446,13.728,13.663632275610594,13.138,13.125928587365244,13.426,13.418312516011238,12.761,12.79335906129049,13.204,
221988,binance,futures_launch,PHA,1,1735550106345,Binance Futures Will Launch USDⓈ-Margined PHAUSDT and DFUSDT Perpetual Contracts With up to 75x Leverage,PHAUSDT,0.4871,0.50346,0.50029,0.52527,0.5379922827758801,0.54129,0.5413804281815017,0.53462,0.5309394816234345,0.53002,0.5286034282404873,0.53631,0.5365330716422206,0.53685,0.5356342141241283,0.51293,0.5115995597934246,0.52439,0.5250858954434436,0.52995,0.5310191702089836,0.46394,0.46436085732452625
222286,binance,futures_launch,GRIFFAIN,1,1735815037626,"Binance Futures Will Launch USDⓈ-Margined GRIFFAINUSDT, AI16ZUSDT and ZEREBROUSDT Perpetual Contracts With up to 75x Leverage",GRIFFAINUSDT,0.43584,0.41833,0.42302,0.42313,0.433337946454885,0.44437,0.44665594995411806,0.44715,0.44961411960759945,0.46212,0.46063765607335777,0.44669,0.4468258311333232,0.44667,0.4462829776939718,0.43207,0.43090391377033,0.432,0.4318583987008653,0.40023,0.40019166393844113,0.39919,0.39930298905487227
222286,binance,futures_launch,AI16Z,1,1735815037626,"Binance Futures Will Launch USDⓈ-Margined GRIFFAINUSDT, AI16ZUSDT and ZEREBROUSDT Perpetual Contracts With up to 75x Leverage",AI16ZUSDT,2.3586,2.2626,2.272,2.2728,2.3139897730425423,2.3294,2.3419678569805367,2.338,2.3272064054072743,2.2747,2.27858490979055,2.1761,2.128782560615518,2.1761,2.129627984777657,2.0823,2.085909251815645,2.0793,2.079565066343188,2.0969,2.0945415602929325,2.0154,2.015937173212725
222286,binance,futures_launch,ZEREBRO,1,1735815037626,"Binance Futures Will Launch USDⓈ-Margined GRIFFAINUSDT, AI16ZUSDT and ZEREBROUSDT Perpetual Contracts With up to 75x Leverage",ZEREBROUSDT,0.7474,0.6917,0.7025,0.7023,0.7122719455517109,0.7209,0.7266150262508795,0.7291,0.7261392734827634,0.7219,0.723536414999045,0.7111,0.7110212515314283,0.7116,0.7106262700859336,0.6852,0.6846458089743039,0.6629,0.6587591009108094,0.6647,0.6644372251953394,0.6677,0.6681058831816021
222488,binance,product_add,BIO,1,1735896622068,"Binance Will Add BIO Protocol (BIO) on Earn, Buy Crypto, Convert, Margin & Futures",BIOUSDT,0.805,0.8159,0.8125,0.8121,0.8129618119428269,0.8129,0.8129,0.8039,,0.798,0.7984502536163819,0.7917,0.7917,0.793,0.7915,0.8034,0.8030585996102259,0.8315,0.8304166783743101,0.693,0.6927137083262177,0.848,0.85341308669977
222775,binance,futures_launch,COOKIE,1,1736240280965,"Binance Futures Will Launch USDⓈ-Margined COOKIEUSDT, ALCHUSDT, and SWARMSUSDT Perpetual Contracts With up to 75x Leverage",COOKIEUSDT,,0.5925,0.5909,0.5908,0.6136892158431674,0.6354,0.6642275677085879,0.6645,0.6654181701029219,0.655,0.6552587281213174,0.6573,0.6506724145813845,0.6586,0.6497333087095712,0.6085,0.6096476961844691,0.5904,0.591150558363219,0.6194,0.619092584613269,0.6587,0.6586885289741462
222775,binance,futures_launch,ALCH,1,1736240280965,"Binance Futures Will Launch USDⓈ-Margined COOKIEUSDT, ALCHUSDT, and SWARMSUSDT Perpetual Contracts With up to 75x Leverage",ALCHUSDT,,0.18413,0.184,0.18409,0.19120233796236535,0.19323,0.19994038343411877,0.20937,0.20889130067307607,0.198,0.19852867588495726,0.20089,0.19986284678860963,0.20073,0.19920943919885786,0.18848,0.18897968021143727,0.18377,0.18407211700322795,0.18415,,0.19872,0.19871117481228487
222775,binance,futures_launch,SWARMS,1,1736240280965,"Binance Futures Will Launch USDⓈ-Margined COOKIEUSDT, ALCHUSDT, and SWARMSUSDT Perpetual Contracts With up to 75x Leverage",SWARMSUSDT,0.57241,0.60153,0.5994,0.59932,0.6083227550260587,0.60917,0.6146429857788308,0.6193,0.6192530777030544,0.59462,0.5833020363350825,0.56607,0.5663044683544113,0.56558,0.5653267484804891,0.53881,0.538397967601203,0.50345,0.5027658871478139,0.47169,0.47195981932354647,0.45885,0.45892261254205463
222844,binance,futures_launch,SONIC,1,1736312068898,Binance Futures Will Launch USDⓈ-Margined SONICUSDT Perpetual Contract With up to 75x Leverage,SONICUSDT,1.0693,1.0988,1.0679,1.0721,1.1148611930600647,1.0867,1.1211648325091372,1.1034,1.0969641417439955,1.0489,1.050128378369119,1.0635,1.0616975185635829,1.0635,1.0613879298942774,1.0613,1.062439381346952,0.9409,0.9431508253354736,1.0239,1.0252705638585478,1.0187,1.0190928587088874
223089,binance,spot_listing,AIXBT,1,1736499327639,"Binance Will List aixbt by Virtuals (AIXBT), ChainGPT(CGPT), Cookie DAO(COOKIE) with Seed Tag Applied",AIXBTUSDT,0.4478,0.4422,0.4434,0.4438,0.471815485818326,0.4995,0.5289739890458779,0.5363,0.5453692534428883,0.534,0.5418610187761487,0.572,0.5651890491498006,0.572,0.5632451138729178,0.5478,0.5469685875360292,0.5558,0.5559538876209684,0.5692,0.5688102760042663,0.5825,0.5824697127411615
223089,binance,spot_listing,COOKIE,1,1736499327639,"Binance Will List aixbt by Virtuals (AIXBT), ChainGPT(CGPT), Cookie DAO(COOKIE) with Seed Tag Applied",COOKIEUSDT,0.5028,0.5051,0.5064,0.506,0.5740822269081762,0.614,0.6249996298232042,0.6629,0.6722067331967672,0.6583,0.66852126417273,0.7089,0.7114560073092641,0.7077,0.7067168478007885,0.751,0.7542685530011296,0.7193,0.7222079466580691,0.7152,0.7143888567980913,0.6612,0.6610673213750752
223117,binance,product_add,AIXBT,1,1736512210013,"Binance Will Add aixbt by Virtuals (AIXBT), ChainGPT (CGPT) and Cookie DAO (COOKIE) on Earn, Buy Crypto, Convert & Margin",AIXBTUSDT,0.5488,0.559,0.5572,0.5574,0.5574703376004314,0.5575,0.5575742381332376,0.5585,0.558953615993228,0.5567,0.5569093374908938,0.5586,0.5576462845946291,0.5586,0.5575740532428082,0.5756,0.5755262466367055,0.5759,0.5763043437729749,0.5185,0.517323018103239,0.5297,0.5276095117922471
223117,binance,product_add,CGPT,1,1736512210013,"Binance Will Add aixbt by Virtuals (AIXBT), ChainGPT (CGPT) and Cookie DAO (COOKIE) on Earn, Buy Crypto, Convert & Margin",CGPTUSDT,0.32671,0.34795,0.3497,0.34922,0.34929518042880503,0.3495,0.3491701400571783,0.34904,0.34924518080193695,0.34768,0.3476239668004805,0.34784,0.34780444961543105,0.34783,0.3475827003750429,0.3538,0.35412424755237853,0.35239,0.3527305792588796,0.36318,0.3630511426692804,0.3819,0.3810800592888583
223117,binance,product_add,COOKIE,1,1736512210013,"Binance Will Add aixbt by Virtuals (AIXBT), ChainGPT (CGPT) and Cookie DAO (COOKIE) on Earn, Buy Crypto, Convert & Margin",COOKIEUSDT,0.6721,0.6381,0.6435,0.6439,0.6449944313948877,0.6452,0.6454494292366172,0.6445,0.6432589987669266,0.6455,0.6466939880813355,0.6454,0.6454866036154779,0.6454,0.645244510879677,0.6573,0.6576650733203041,0.6679,0.6676912906127624,0.5868,0.5839383119451697,0.5852,0.5855398031451111
223426,binance,futures_delist,REEF,-1,1736928006723,Binance Futures Will Delist and Update the Leverage & Margin Tiers of USDⓈ-M REEFUSDT Perpetual Contract (2025-01-22),REEFUSDT,0.000999,0.0010052,0.0010035,0.0010038,0.0009503723534521836,0.0009825,0.0009354630249461872,0.000911,0.0008838395870002768,0.0008436,0.0008386539526483478,0.000813,0.0008083027199440577,0.000813,0.0008126673704330073,0.0008708,0.0008696887327352963,0.0008634,0.0008634780900606331,0.0008281,0.0008283999999999999,0.0008828,0.0008832402703114182
223488,binance,futures_launch,PROM,1,1736937009822,Binance Futures Will Launch USDⓈ-Margined PROMUSDT Perpetual Contract With up to 75x Leverage,PROMUSDT,7.741,7.807,7.772,7.856,8.130496596966049,7.846,8.143064669329704,8.029,8.057423250534724,8.062,8.069256040877208,7.965,7.984375911859669,7.964,7.979693718834789,7.931,7.918000000000001,8.231,8.239181841104301,8.539,8.530992574633611,8.368,8.368234155109338
223855,binance,futures_launch,ARC,1,1737108423396,Binance Futures Will Launch USDⓈ-Margined ARCUSDT and AVAAIUSDT Perpetual Contracts With up to 25x Leverage,ARCUSDT,0.3831,0.37258,0.37031,0.37016,0.38214051058404647,0.3759,0.3875155633649948,0.38393,0.38352390576721357,0.38059,0.3800746227449221,0.35999,0.359963742589499,0.35997,0.35880463155576325,0.3483,0.3476900753560565,0.3522,0.3525394264809931,0.33413,0.33408440913151943,0.35135,0.351350584187299
223855,binance,futures_launch,AVAAI,1,1737108423396,Binance Futures Will Launch USDⓈ-Margined ARCUSDT and AVAAIUSDT Perpetual Contracts With up to 25x Leverage,AVAAIUSDT,0.27569,0.2684,0.26783,0.26786,0.27587691268577447,0.26809,0.2775335016423636,0.28582,0.2864305848016681,0.28813,0.28616880922344384,0.27532,0.27410098741366,0.2751,0.27397312074118946,0.25593,0.2568699655948688,0.24652,0.24476982237932857,0.24176,0.24166821183828768,0.22784,0.22788832570830772
223942,binance,futures_launch,TRUMP,1,1737196991591,Binance Futures Will Launch USDⓈ-Margined TRUMPUSDT Perpetual Contract With up to 25x Leverage,TRUMPUSDT,,25.83,23.88,23.999,24.126021909817485,24.0,24.134521356566196,24.252,24.279544051487555,24.0,24.04018261987348,24.32,24.22864272397549,24.3,24.117796134080812,19.352,19.38323578550873,22.896,22.93356141881291,21.052,21.046011927550243,27.254,27.257917450145417
223961,binance,spot_listing,TRUMP,1,1737259542151,Binance Will List OFFICIAL TRUMP (TRUMP) with Seed Tag Applied,TRUMPUSDT,28.494,31.794,31.077,31.091,31.651558274817884,31.112,31.735681362869222,31.798,32.44471825404143,32.911,33.08492496771601,33.764,33.786979964071826,33.768,33.75656087325489,34.312,34.4346563920289,33.337,33.399273996525785,38.064,37.833135285912256,46.138,46.253672121140916
223988,binance,product_add,TRUMP,1,1737274502690,"Binance Will Add OFFICIAL TRUMP (TRUMP) on Earn, Buy Crypto, Convert & Margin",TRUMPUSDT,44.353,46.819,47.002,46.958,46.85567484504104,46.796,46.97483624296276,47.159,47.30029545248256,47.353,47.41321604957285,47.564,47.664305309361055,47.551,47.66473902426761,47.39,47.57879358536,46.954,47.22868385891318,73.923,74.55381150383828,70.039,69.85131398582438
224099,binance,futures_launch,MELANIA,1,1737356113731,Binance Futures Will Launch USDⓈ-Margined MELANIAUSDT Perpetual Contract With up to 25x Leverage,MELANIAUSDT,10.538,12.757,13.23,13.262,13.355377280545943,13.305,13.421152910300519,13.501,13.621174406213086,13.933,13.89463782800815,13.816,13.749986490917378,13.824,13.751203425131433,13.42,13.349429186009466,11.793,11.708566755157706,12.356,12.425070907548763,10.924,10.913237434198763
224401,binance,futures_launch,VTHO,1,1737531016033,Binance Futures Will Launch USDⓈ-Margined VTHOUSDT Perpetual Contract With up to 75x Leverage,VTHOUSDT,0.008181,0.008131,0.008041,0.008238,0.008154875320936375,0.008163,0.008210351353578569,0.008315,0.008217771187631864,0.007795,0.007784365237067837,0.007855,0.007794436583593819,0.007848,0.007791610437268164,0.007954,0.007956992768688604,0.008404,0.008404000000000002,0.008708,0.008719061918177659,0.007954,0.007951506120979638
224634,binance,futures_launch,VINE,1,1737702606449,Binance Futures Will Launch USDⓈ-Margined VINEUSDT and PIPPINUSDT Perpetual Contracts With up to 25x Leverage,VINEUSDT,0.22276,0.22332,0.20905,0.20925,0.21543752091615606,0.21701,0.22453459982217405,0.22891,0.2311344345287019,0.22188,0.22389501278826346,0.23106,0.23686822105170682,0.23108,0.23628415321514332,0.22802,0.22622368020367156,0.27873,0.27882738048215955,0.25561,0.25540698792138505,0.18483,0.18493599651672385
224634,binance,futures_launch,PIPPIN,1,1737702606449,Binance Futures Will Launch USDⓈ-Margined VINEUSDT and PIPPINUSDT Perpetual Contracts With up to 25x Leverage,PIPPINUSDT,0.1341,0.13463,0.13661,0.13666,0.14067939630230847,0.14344,0.14314094891220305,0.14086,0.14202057266884402,0.13819,0.13899154393788565,0.14217,0.14157969081414426,0.14227,0.1414197236100441,0.143,0.14291907067874654,0.14594,0.1458186674310247,0.13124,0.13106490437593543,0.12762,0.12751
224864,binance,futures_launch,VVV,1,1738129940129,Binance Futures Will Launch USDⓈ-Margined VVVUSDT Perpetual Contract With up to 25x Leverage,VVVUSDT,10.7,9.837,9.756,9.736,9.87959498648156,9.821,9.885594916537695,9.85,9.890977416728326,10.401,10.207590279173116,10.24,10.372006697758884,10.239,10.352882513036997,10.431,10.465224514999527,10.159,10.152335074465782,10.5,10.493705962122295,9.869,9.864941688127907
225801,binance,futures_launch,B3,1,1739439910452,Binance Futures Will Launch USDⓈ-Margined B3USDT Perpetual Contract With up to 25x Leverage,B3USDT,0.012135,0.01225,0.012175,0.012142,0.012577790909565198,0.012779,0.012780908090576781,0.012772,0.013033401103012975,0.012582,0.012586866120610529,0.012403,0.012491071014458573,0.012406,0.012515738833645202,0.012838,0.012794654264601416,0.013402,0.013466653243050526,0.012923,0.01290012641992769,0.013711,0.013709835293504703
225900,binance,futures_launch,IP,1,1739459091469,Binance Futures Will Launch USDⓈ-Margined IPUSDT Perpetual Contract With up to 25x Leverage,IPUSDT,1.9172,1.8692,1.8593,1.8599,1.8994734767710626,1.9092,1.9153411406105936,1.8949,1.8940589608276792,1.8782,1.8845720642300965,1.8687,1.868563362357331,1.87,1.867584344461151,1.8819,1.8817984461775548,1.8948,1.8948414355933503,1.8318,1.831653302431688,1.8015,1.8003350425055031
226076,binance,spot_delist,AMB,-1,1739775624287,"Binance Will Delist AMB, CLV, STMX, VITE on 2025-02-24",AMBUSDT,0.003581,0.003626,0.003627,0.003626,0.00351403490582351,0.003581,0.0034195690010724784,0.003029,0.0029082703716599182,0.003042,0.003073283434133621,0.003033,0.0030503064325323524,0.003034,0.003049767893836394,0.003227,0.003232950241534522,0.003048,0.003054552828994265,0.002786,0.0027486867420017597,0.002605,0.002606335475563409
226076,binance,spot_delist,STMX,-1,1739775624287,"Binance Will Delist AMB, CLV, STMX, VITE on 2025-02-24",STMXUSDT,0.00407,0.00406,0.004062,0.004061,0.003966374361139443,0.003999,0.0038952655384882702,0.003824,,0.00384,,0.00384,,0.003825,0.0038250000000000003,0.003754,0.0037489649062209013,0.003712,0.0036959979704234277,0.003831,0.00382904030824656,0.003931,
226329,binance,futures_launch,SHELL,1,1739804936220,Binance Futures Will Launch USDⓈ-Margined GPSUSDT and SHELLUSDT Perpetual Contracts With up to 25x Leverage,SHELLUSDT,0.5233,0.5544,0.5524,0.5523,0.566290481929113,0.5796,0.5762640193035319,0.5718,0.5898066428134411,0.579,0.5676138288980371,0.5568,0.5570721628712301,0.5569,0.5558006102729723,0.5043,0.5040727555739212,0.4989,,0.4616,0.4606707757450852,0.4176,0.4179
227335,binance,launchpool_airdrop,SHELL,1,1740633320602,Introducing MyShell (SHELL) on Binance HODLer Airdrops! Earn SHELL With Retroactive BNB Simple Earn Subscriptions,SHELLUSDT,0.4834,0.4809,0.4843,0.4841,0.5397850039142443,0.5798,0.5929438264654174,0.6077,0.6021922475581283,0.6134,0.6177730860139369,0.61,0.6081609469516747,0.6105,0.6061324771400418,0.6384,0.6357910518802304,0.6429,0.6389966143586904,0.6149,0.6146808902301834,0.6417,0.641327770128214
227476,binance,product_add,SHELL,1,1740659409887,"Binance Will Add MyShell (SHELL) on Earn, Buy Crypto, Convert & Margin",SHELLUSDT,0.6214,0.6339,0.6379,0.6376,0.6376514823123062,0.6378,0.638967924857934,0.6387,0.6378967780256247,0.6391,0.6393253733368083,0.6393,0.639723318427281,0.6394,0.639709173890175,0.6525,0.6537658027054003,0.656,0.6524320627940996,0.6683,0.6700298716772548,0.6033,0.6050417482271163
227938,binance,launchpool_airdrop,GPS,1,1741065531742,Introducing GoPlus Security (GPS) on Binance HODLer Airdrops! Earn GPS With Retroactive BNB Simple Earn Subscriptions,GPSUSDT,0.13064,0.13073,0.13031,0.13029,0.13537217287173217,0.14061,0.1506221608278028,0.16074,0.17532753565585568,0.19648,0.1924061076038622,0.17884,0.17493162902725307,0.17919,0.17433416768568324,0.15883,0.15823148356883912,0.1531,0.15285719148078944,0.15195,0.15181033903534544,0.14398,
227998,binance,product_add,GPS,1,1741091406409,"Binance Will Add GoPlus Security (GPS) on Earn, Buy Crypto, Convert & Margin",GPSUSDT,0.14117,0.13432,0.13521,0.13484,0.13488945157170767,0.1349,0.134903387241743,0.13526,0.13532301991637496,0.13557,0.13535521519605032,0.13542,0.13544248143177928,0.13549,0.13546828901569344,0.1378,0.13762308379934168,0.14174,0.14151189840697015,0.09986,0.09999953965007824,0.06731,0.06743141932516504
228385,binance,product_add,RED,1,1741275013807,"Binance Will Add RedStone (RED) on Earn, Buy Crypto, Convert, Margin & Futures",REDUSDT,0.7424,0.875,0.9064,0.9028,0.9055649332589395,0.9054,0.9076087293557916,0.9149,0.9155327370506333,0.8989,0.8978679487287353,0.8774,0.8785890828777899,0.8772,0.8775014524337522,0.8713,0.8717952153028913,0.8759,0.875847648728436,0.8622,0.8607877630474383,0.681,0.6845609340103579
229569,binance,futures_launch,BMT,1,1742211060548,Binance Futures Will Launch USDⓈ-Margined BMTUSDT and MUBARAKUSDT Perpetual Contracts With up to 25x Leverage,BMTUSDT,0.13962,0.13573,0.13633,0.13633,0.14330666380356327,0.14225,0.14746862514556003,0.15122,0.15118829240253973,0.14319,0.1434191757432243,0.13784,0.13792021104363436,0.13784,0.1379010776974635,0.13849,0.13869555223681007,0.12937,0.129865401180944,0.12902,0.12922711281161084,0.15101,0.1508093583102831
229569,binance,futures_launch,MUBARAK,1,1742211060548,Binance Futures Will Launch USDⓈ-Margined BMTUSDT and MUBARAKUSDT Perpetual Contracts With up to 25x Leverage,MUBARAKUSDT,0.12843,0.11452,0.113,0.11305,0.11537009647890883,0.11472,0.1167830470511786,0.11829,0.1189940196118981,0.11627,0.11682705510307687,0.11951,0.12009123587472295,0.11952,0.11992432357846464,0.0947,0.09433198444145653,0.0928,0.09219704682563978,0.09422,0.0941865679383492,0.14956,0.14923401159017374
229691,binance,launchpool_airdrop,BMT,1,1742291525581,Introducing Bubblemaps (BMT) on Binance HODLer Airdrops! Earn BMT With Retroactive BNB Simple Earn Subscriptions,BMTUSDT,0.18893,0.18742,0.18618,0.18607,0.19325926062553286,0.20365,0.21496785851529907,0.22477,0.23556730500140488,0.25629,0.25562775543986394,0.25147,0.2538057532532632,0.25148,0.2529369963753079,0.26508,0.2637036532752839,0.28258,0.2822820173241251,0.27976,0.28007431457213,0.25941,0.2589922644802105
229761,binance,product_add,BMT,1,1742308228248,"Binance Will Add Bubblemaps (BMT) on Earn, Buy Crypto, Convert & Margin",BMTUSDT,0.264,0.27094,0.28322,0.28307,0.2834789811472805,0.28393,0.2828530703163283,0.28232,0.2819725318036314,0.28318,0.283595358145226,0.28238,0.2831900425537617,0.28239,0.2827935089261396,0.2791,0.2790030702977534,0.28176,0.28192715323076795,0.28877,0.28971343418792955,0.23279,0.23277638017610153
230166,binance,spot_delist,AERGO,-1,1742536220352,"Binance Will Delist AERGO, AST, BURGER, COMBO, LINA on 2025-03-28",AERGOUSDT,0.07122,0.07123,0.07062,0.07063,0.06915374116146543,0.07061,0.06915382847069514,0.06707,0.06696990410901997,0.0658,0.06576657332352503,0.0645,0.06435269304931766,0.06444,0.06409131583906943,0.06257,0.06251348000507023,0.06823,0.06834405349363208,0.06841,0.06843944255345229,0.06848,0.0684784488287184
230166,binance,spot_delist,COMBO,-1,1742536220352,"Binance Will Delist AERGO, AST, BURGER, COMBO, LINA on 2025-03-28",COMBOUSDT,0.1415,0.1448,0.1438,0.1438,0.14083645403045472,0.1437,0.14068037484285686,0.1295,0.12639394899390885,0.1309,,0.1276,0.12843731584600468,0.1276,0.12774886759172704,0.1341,0.13436345625717722,0.1543,0.15498237609836163,0.1365,,0.1295,
230166,binance,spot_delist,LINA,-1,1742536220352,"Binance Will Delist AERGO, AST, BURGER, COMBO, LINA on 2025-03-28",LINAUSDT,0.001586,0.001774,0.001693,0.001693,0.0016569782550747757,0.001694,0.0016560884923608348,0.00155,0.001471478765607501,0.001343,0.001314400549976659,0.001446,0.0014439982633841892,0.001452,0.001452657756751422,0.001586,0.0015841009813947076,0.001711,0.0017049309582517346,0.001464,0.001463,0.001278,0.0012789999999999998
230352,binance,futures_launch,BR,1,1742553975638,Binance Futures Will Launch USDⓈ-Margined BRUSDT and PLUMEUSDT Perpetual Contracts With up to 25x Leverage,BRUSDT,0.16417,0.15915,0.16011,0.16566,0.17572642608459105,0.17454,0.18330995156364652,0.18678,0.18551711947054417,0.18032,0.1778873044580256,0.17506,0.1751097659108591,0.1751,0.1746303887520325,0.18052,0.18003289230255656,0.17689,0.17668124382792152,0.17158,0.1716397886607768,0.1691,
230352,binance,futures_launch,PLUME,1,1742553975638,Binance Futures Will Launch USDⓈ-Margined BRUSDT and PLUMEUSDT Perpetual Contracts With up to 25x Leverage,PLUMEUSDT,0.19213,0.20473,0.20275,0.20269,0.20359402248596234,0.20377,0.2053877368303775,0.20681,0.2064494062984305,0.20651,0.2069052147677055,0.20204,0.19979246105669257,0.20216,0.20058492824970303,0.19583,0.19499722150065035,0.1989,0.19859064906345553,0.20428,0.20457812710289852,0.20104,0.20116999999999996
230595,binance,product_add,NIL,1,1742819418720,"Binance Will Add Nillion (NIL) on Earn, Buy Crypto, Convert, Margin & Futures",NILUSDT,0.9272,0.8579,0.864,0.8665,0.8653007396278749,0.866,0.8643542121990122,0.865,0.8691009020691188,0.876,0.8777046056521454,0.8708,0.8706524728731271,0.8708,0.8677314330617033,0.8948,0.8916196936788086,0.8507,0.8533410205875304,0.8611,0.857522053014179,0.7697,0.7719026816158753
230941,binance,futures_launch,JELLYJELLY,1,1743002170581,Binance Futures Will Launch USDⓈ-Margined JELLYJELLYUSDT and MAVIAUSDT Perpetual Contracts,JELLYJELLYUSDT,0.037802,0.034256,0.044818,0.044345,0.04802148964469603,0.047418,0.04994519182783652,0.053155,0.05432425281070098,0.052693,0.05268888276954432,0.042028,0.04092147756149788,0.042028,0.040967244042501856,0.027714,0.026901339161851116,0.022721,0.022868181858611347,0.024946,0.024964883499465993,0.020959,0.020961067331965778
230941,binance,futures_launch,MAVIA,1,1743002170581,Binance Futures Will Launch USDⓈ-Margined JELLYJELLYUSDT and MAVIAUSDT Perpetual Contracts,MAVIAUSDT,0.3912,0.376,0.3779,0.378,0.39897537100586233,0.4127,0.4073714745139876,0.4018,0.4035478779225888,0.4033,0.3995830497474073,0.3899,0.3907882545087106,0.3898,0.3907244287750894,0.3931,0.39305685039966565,0.4032,0.4037510864004392,0.4041,0.40345763724874323,0.4905,0.4900247743590924
230982,binance,futures_launch,PAXG,1,1743059245182,Binance Futures Will Launch USDⓈ-Margined PAXGUSDT Perpetual Contract,PAXGUSDT,3040.0,3037.0,3038.0,3038.0,3039.5292432089595,3038.0,3038.0000000000005,3039.0,3039.0,3039.0,3038.9999999999995,3037.0,3037.0,3036.0,,3042.0,,3043.0,,3046.0,,3059.0,
231037,binance,futures_launch,WAL,1,1743083983691,Binance Futures Will Launch USDⓈ-Margined WALUSDT Perpetual Contract,WALUSDT,0.4012,0.432,0.4232,0.424,0.43354713413728974,0.4389,0.43756271147760817,0.4294,0.4226060928896187,0.4123,0.41169280504892575,0.4179,0.4174079285242119,0.4178,0.4167699773008129,0.425,0.42446339791162774,0.441,0.4406645409815125,0.5106,0.510555976784987,0.4913,0.4915108474323316
231118,binance,spot_listing,MUBARAK,1,1743096432114,"Binance Announced the First Batch of Vote to List Results and Will List Mubarak (MUBARAK), CZ'S Dog (BROCCOLI714), Tutorial (TUT), and Banana For Scale (BANANAS31) With Seed Tags Applied",MUBARAKUSDT,0.1488,0.14915,0.14917,0.14928,0.15155134744042378,0.15379,0.15356576275959297,0.16119,0.16232695334928285,0.15806,0.15714876234291936,0.15758,0.1575968362620459,0.15758,0.1571179607254877,0.13604,0.13781618701628956,0.13245,0.13325721316863706,0.12861,0.12827854058561844,0.12343,0.1238137922858349
231118,binance,spot_listing,TUT,1,1743096432114,"Binance Announced the First Batch of Vote to List Results and Will List Mubarak (MUBARAK), CZ'S Dog (BROCCOLI714), Tutorial (TUT), and Banana For Scale (BANANAS31) With Seed Tags Applied",TUTUSDT,0.01621,0.01621,0.01634,0.01635,0.016687015218553043,0.017,0.017074069722903366,0.01873,0.0198725545826611,0.0191,0.019311267250624712,0.02511,0.02545844909524548,0.0251,0.02535268368431122,0.0356,0.036051096054143146,0.04163,0.04201567406088102,0.04719,0.047392026347878397,0.03835,0.03855074953568558
231833,binance,futures_launch,ATH,1,1743601087323,Binance Futures Will Launch USDⓈ-Margined ATHUSDT Perpetual Contract,ATHUSDT,0.0305,0.03072,0.03102,0.03101,0.03198242249998802,0.03229,0.032468690776847,0.03156,0.03195959981685599,0.03227,0.03235339358526697,0.03149,0.03136844842733429,0.03149,0.031219814360527075,0.03164,0.03159536393862865,0.03213,0.03211061009895722,0.03091,0.030832780514879487,0.03088,
232085,binance,futures_launch,BABY,1,1743848691819,Binance Futures Will Launch USDⓈ-Margined BABYUSDT Perpetual Contract Pre-Market Trading,BABYUSDT,0.06989,0.07149,0.07067,0.0707,0.07261656673192135,0.0721,0.07429048088878208,0.07292,0.0741205283381135,0.07333,0.07386107042524828,0.06962,0.0696364038913315,0.06933,0.06779240387304597,0.0685,0.06789326144406292,0.06585,0.06527776642420278,0.0642,0.0641770509050717,0.06555,
232350,binance,spot_delist,BADGER,-1,1744092007355,"Binance Announced the First Batch of Vote to Delist Results and Will Delist BADGER, BAL, BETA, CREAM, CTXC, ELF, FIRO, HARD, NULS, PROS, SNT, TROY, UFT, VIDT on 2025-04-16",BADGERUSDT,1.089,1.08,1.076,1.076,1.0475113851234596,1.036,1.0250239551417033,1.007,0.9943720606388918,0.967,0.9680253890913841,0.974,0.9717813014171662,0.975,0.974644035131728,0.946,0.9484484967268114,0.939,0.9409944212927503,0.957,0.9553647622136239,0.855,0.8544570170415512
232350,binance,spot_delist,BAL,-1,1744092007355,"Binance Announced the First Batch of Vote to Delist Results and Will Delist BADGER, BAL, BETA, CREAM, CTXC, ELF, FIRO, HARD, NULS, PROS, SNT, TROY, UFT, VIDT on 2025-04-16",BALUSDT,1.055,1.033,1.034,1.033,1.0010849712779015,0.981,0.9507847042930877,0.953,0.9511132985737311,0.981,1.004252588160323,0.98,0.9789051387427368,0.981,0.9812118156627269,0.937,0.9360208373520815,0.877,0.8761127597814315,0.753,,0.766,
232350,binance,spot_delist,NULS,-1,1744092007355,"Binance Announced the First Batch of Vote to Delist Results and Will Delist BADGER, BAL, BETA, CREAM, CTXC, ELF, FIRO, HARD, NULS, PROS, SNT, TROY, UFT, VIDT on 2025-04-16",NULSUSDT,0.0827,0.0817,0.0814,0.0814,0.07973688104486616,0.0798,0.07929733283428236,0.0784,0.07681924468237153,0.0776,0.07793104338152816,0.0766,0.07559744362838564,0.077,0.07679465320530963,0.0662,0.06630916271223483,0.0607,0.06032051030612542,0.0503,0.05024781942900192,0.0398,0.0397
232350,binance,spot_delist,PROS,-1,1744092007355,"Binance Announced the First Batch of Vote to Delist Results and Will Delist BADGER, BAL, BETA, CREAM, CTXC, ELF, FIRO, HARD, NULS, PROS, SNT, TROY, UFT, VIDT on 2025-04-16",PROSUSDT,0.2715,0.2703,0.27,0.2698,0.2615677752201984,0.2654,0.259293506036233,0.2653,0.26384762597152717,0.2606,0.2606003558550463,0.2608,,0.2613,0.2614,0.2154,0.21210259262838962,0.1774,0.17592745779605762,0.1363,0.13552760164815317,0.0998,0.09930018065396491
232350,binance,spot_delist,SNT,-1,1744092007355,"Binance Announced the First Batch of Vote to Delist Results and Will Delist BADGER, BAL, BETA, CREAM, CTXC, ELF, FIRO, HARD, NULS, PROS, SNT, TROY, UFT, VIDT on 2025-04-16",SNTUSDT,0.01985,0.01955,0.0195,0.01951,0.0188655552223113,0.01868,0.018686407527793356,0.01864,0.01843074468978459,0.0189,0.018892674031964287,0.01889,0.018890000000000004,0.01891,0.018909598876363492,0.01923,0.019203544029001526,0.01829,0.018300004431973636,0.01802,0.018040715524409077,0.01669,
232350,binance,spot_delist,TROY,-1,1744092007355,"Binance Announced the First Batch of Vote to Delist Results and Will Delist BADGER, BAL, BETA, CREAM, CTXC, ELF, FIRO, HARD, NULS, PROS, SNT, TROY, UFT, VIDT on 2025-04-16",TROYUSDT,0.0007631,0.0007553,0.0007549,0.000755,0.0007375504308959888,0.00074,0.0007334596117981411,0.0007282,0.0007210676532577632,0.0007242,0.000723794306679656,0.0007236,0.0007231277844420097,0.0007236,0.0007224,0.0006634,0.0006593256586057633,0.00055,0.0005498271546030368,0.0005387,0.0005386703213130894,0.0004688,0.00046872201011039026
232350,binance,spot_delist,VIDT,-1,1744092007355,"Binance Announced the First Batch of Vote to Delist Results and Will Delist BADGER, BAL, BETA, CREAM, CTXC, ELF, FIRO, HARD, NULS, PROS, SNT, TROY, UFT, VIDT on 2025-04-16",VIDTUSDT,0.01998,0.01937,0.01972,0.01961,0.019150004744187765,0.01921,0.019083323061243194,0.01918,0.019043782999408777,0.01938,0.0193241935718665,0.01909,0.01907964753933637,0.0191,0.019081225823358448,0.01781,0.01783139666091386,0.01481,0.014643471149331509,0.01377,0.013783756526345402,0.01242,0.012401666670972828
232377,binance,futures_launch,FORTH,1,1744093268604,Binance Futures Will Launch USDⓈ-Margined FORTHUSDT Perpetual Contract,FORTHUSDT,2.1738,2.1489,2.1466,2.256,2.4297578440022396,2.4355,2.471253543278266,2.5418,2.52755381448223,2.4809,2.544655107560695,2.3936,2.4012379164278332,2.3936,2.4015759756415975,2.3993,2.409340220160076,2.3649,2.3658471089944886,2.5719,2.5687355711731357,2.3212,2.3212
232630,binance,launchpool_airdrop,BABY,1,1744188137154,Introducing Babylon (BABY) on Binance HODLer Airdrops! Earn BABY With Retroactive BNB Simple Earn Subscriptions,BABYUSDT,0.07394,0.07504,0.07511,0.07514,0.07848238310795007,0.07569,0.07917090809141056,0.0849,0.08617041282201539,0.09241,0.09089263124528647,0.08819,0.08848552748653667,0.08784,0.08766945599421787,0.07905,0.07853931061894175,0.07047,0.07025292826540804,0.06899,0.06863262196353916,0.06772,
232936,binance,product_add,BABY,1,1744281003357,"Binance Will Add Babylon (BABY) on Earn, Buy Crypto, Convert, Margin & Futures",BABYUSDT,0.07825,0.09643,0.09023,0.09034,0.09048966677240138,0.09008,0.0905976360045811,0.0908,0.09143071816156688,0.09155,0.09194858554126777,0.0929,0.09291818594180974,0.09316,0.09257178714947889,0.08852,0.08801041081889843,0.0866,0.08662501585768131,0.08191,0.08176408992068657,0.08179,0.08174384544979062
233024,binance,futures_launch,PROMPT,1,1744346116906,Binance Futures Will Launch USDⓈ-Margined PROMPTUSDT Perpetual Contract,PROMPTUSDT,0.1649,0.16698,0.16559,0.16547,0.1700498922834368,0.17289,0.17387262154077093,0.17152,0.17241277542972297,0.1689,0.16914320235305783,0.1714,0.17107712129455985,0.1714,0.1706290559432216,0.16825,0.1684454575752981,0.17019,0.17015197059363193,0.16866,0.16883365882150228,0.18078,0.18102275953252303
233046,binance,spot_listing,ONDO,1,1744366114456,"Binance Announced the Second Batch of Vote to List Results and Will List Ondo (ONDO), Big Time (BIGTIME), and Virtuals Protocol (VIRTUAL) With Seed Tags Applied",ONDOUSDT,0.8304,0.8406,0.8418,0.8416,0.8508422627373158,0.8416,0.8606167272978924,0.8815,0.875023105626911,0.8735,0.8749769585450377,0.8748,0.8718087861921563,0.8749,0.8724097097011748,0.8757,0.8740957301222796,0.8861,0.8860530200393085,0.881,0.881027947635343,0.8895,0.8882963497590972
233046,binance,spot_listing,BIGTIME,1,1744366114456,"Binance Announced the Second Batch of Vote to List Results and Will List Ondo (ONDO), Big Time (BIGTIME), and Virtuals Protocol (VIRTUAL) With Seed Tags Applied",BIGTIMEUSDT,0.06381,0.06325,0.06338,0.06338,0.06680584160755026,0.06338,0.06947361423218855,0.0784,0.07957835585243742,0.07207,0.07159046612142958,0.07194,0.07160090879778715,0.07193,0.07157902138956042,0.07788,0.0777838118739001,0.08128,0.08132732717740192,0.0807,0.08073540350600669,0.07582,0.07591014209078532
233046,binance,spot_listing,VIRTUAL,1,1744366114456,"Binance Announced the Second Batch of Vote to List Results and Will List Ondo (ONDO), Big Time (BIGTIME), and Virtuals Protocol (VIRTUAL) With Seed Tags Applied",VIRTUALUSDT,0.4736,0.4792,0.4791,0.4793,0.506751712470992,0.4795,0.5245963162332306,0.5668,0.5608631206555099,0.5358,0.5343869440598406,0.5275,0.5274870522471372,0.5275,0.5270437139284462,0.5102,0.5100902172257651,0.5271,0.5276734459896999,0.5377,,0.5482,0.5476647949494078
233080,binance,futures_launch,XCN,1,1744377313517,Binance Futures Will Launch USDⓈ-Margined XCNUSDT Perpetual Contract,XCNUSDT,0.022387,0.020663,0.021282,0.02129,0.02135912659106969,0.021363,0.021369890464636106,0.021332,0.021272054657253292,0.021845,0.021773587259198278,0.021092,0.021049002886899218,0.021097,0.02098845518203758,0.021107,0.021069714857989603,0.021186,0.021210994200304055,0.022021,0.021990090185835653,0.025566,0.0255587537755388
233613,binance,futures_launch,INIT,1,1744773363448,Binance Futures Will Launch USDⓈ-Margined INITUSDT Perpetual Contract Pre-Market Trading,INITUSDT,0.5697,0.5572,0.5632,0.5632,0.5632401828387724,0.5632,0.5624330937011581,0.536,0.5575561390041527,0.5967,0.608295108584652,0.6421,0.6421050165726385,0.6488,0.6377638713083233,0.6229,0.6174648313025385,0.632,,0.62,,0.6393,
233688,binance,futures_launch,AERGO,1,1744789658622,Binance Futures Will Launch USDⓈ-Margined AERGOUSDT Perpetual Contract,AERGOUSDT,0.45651,0.48543,0.4858,0.48568,0.4958431696172882,0.49524,0.4960544660869051,0.49669,0.4934792302077881,0.46501,0.46938684755399024,0.46121,0.46283633355816683,0.46121,0.4621279286927549,0.46125,0.46150229298045053,0.47264,0.4715991634096003,0.50095,0.5006408967688435,0.39724,0.40016268221052026
233811,binance,launchpool_airdrop,INIT,1,1744880399889,"Introducing Initia (INIT) on Binance Launchpool! Farm INIT by Locking BNB, FDUSD and USDC",INITUSDT,0.687,0.6857,0.6824,0.6857,0.6865761554459053,0.6857,0.6948668812042746,0.7079,0.7238773002373339,0.7296,0.7279709350404141,0.7095,0.7094183797674093,0.709,0.7076061880593856,0.7356,0.7324300463810551,0.7285,0.7224435210544878,0.732,,0.7201,0.7201000000000001
234258,binance,futures_launch,DEEP,1,1745304689224,Binance Futures Will Launch USDⓈ-Margined DEEPUSDT Perpetual Contract,DEEPUSDT,0.12643,0.12657,0.12613,0.12608,0.12676697889048655,0.12673,0.1268837518507355,0.12713,0.12829981857862816,0.12871,0.1286813670931984,0.12934,0.13012243999742748,0.12925,0.13020506295345713,0.12911,0.1291802136433437,0.12747,0.1273484659527032,0.12327,0.12334664324922721,0.12014,0.12012999999999999
234413,binance,spot_delist,ALPACA,-1,1745467205257,"Binance Will Delist ALPACA, PDA, VIB, WING on 2025-05-02",ALPACAUSDT,0.04079,0.03794,0.03638,0.03661,0.033756035990256984,0.032,0.03204507480002635,0.03362,0.031139460333502598,0.02972,0.028555426895969203,0.0266,0.026073078333827555,0.02654,0.026443808124622808,0.0326,0.03212989756953154,0.03187,0.03191952887925026,0.0658,0.06652672984492122,0.04263,0.04320918786656599
234447,binance,product_add,INIT,1,1745490628424,"Binance Will Add Initia (INIT) on Earn, Buy Crypto, Convert, Margin & Futures",INITUSDT,0.7105,0.724,0.6664,0.668,0.6674220570925393,0.6684,0.6651582779999005,0.67,0.6812244918572657,0.6722,0.6770801571007276,0.6874,0.6851990566195675,0.69,0.6821685904533574,0.6766,0.6762913601059111,0.6744,0.6725286733021758,0.6651,0.6676093828028287,0.6044,0.6039017273967701
234561,binance,futures_launch,MEMEFI,1,1745557375191,Binance Futures Will Launch USDⓈ-Margined MEMEFIUSDT and FISUSDT Perpetual Contracts,MEMEFIUSDT,0.0014714,0.0014491,0.0014507,0.0017047,0.001771912621219998,0.0017592,0.0017715867830544903,0.0017573,0.0017195311318474408,0.0017975,0.0017967780650442067,0.0017613,0.0017594494641142808,0.0017614,0.001751325941046669,0.0017011,0.0016972784112792639,0.0019235,0.0018983798740511654,0.0018383,0.0018344976818204075,0.001979,0.0019846848141134173
234861,binance,futures_launch,JST,1,1745825387253,Binance Futures Will Launch USDⓈ-Margined JSTUSDT Perpetual Contract,JSTUSDT,0.03714,0.03741,0.03734,0.03735,0.038473977682553194,0.03948,0.03912575682321071,0.03879,0.03957516463151163,0.03999,0.04004863137942607,0.0414,0.04130404996726559,0.04146,0.0411234495578869,0.04066,0.04087470938048917,0.04203,0.041967746110299256,0.04025,,0.04002,
235151,binance,futures_launch,CTK,1,1746001831246,Binance Futures Will Launch USDⓈ-Margined PUNDIXUSDT and CTKUSDT Perpetual Contracts,CTKUSDT,0.4335,0.432,0.4321,0.4328,0.45603636858545005,0.469,0.4646006820118497,0.4567,0.4589956234305578,0.4544,0.4551921126104705,0.4548,0.4567756237184889,0.4552,0.45748632327705224,0.4624,0.4647658293743071,0.4546,0.4553062485508132,0.4591,0.45851127001818615,0.4904,0.49002589224023174
235375,binance,launchpool_airdrop,STO,1,1746181282511,Introducing StakeStone (STO) on Binance HODLer Airdrops! Earn STO With Retroactive BNB Simple Earn Subscriptions,STOUSDT,0.1217,0.12823,0.12735,0.12747,0.15106433495990132,0.14782,0.17680097266354414,0.18113,0.17213955991144073,0.17844,0.1804678315793888,0.20059,0.20365762367538373,0.2005,0.20047503947985548,0.18498,0.1846068185351191,0.178,0.17756426599628017,0.17405,0.173821390592281,0.17877,0.17873991407606923
235414,binance,product_add,STO,1,1746199805635,"Binance Will Add StakeStone (STO) on Earn, Buy Crypto, Convert & Margin",STOUSDT,0.1795,0.17839,0.17779,0.17781,0.17845081669782514,0.1779,0.17846725224423562,0.17855,0.17860236499030782,0.17817,0.17816832182272857,0.17835,0.178256065440974,0.17834,0.17827422428618706,0.17813,0.17802636783045425,0.17419,0.17407950652663376,0.19831,0.19881499214570955,0.19734,0.1970304527741314
235513,binance,launchpool_airdrop,SXT,1,1746454453299,"Introducing Space and Time (SXT) on Binance Launchpool! Farm SXT by Locking BNB, FDUSD and USDC",SXTUSDT,0.2674,0.2718,0.266,0.2673,0.287852936431751,0.2673,0.2909857671862306,0.3004,0.3159552265446975,0.3151,0.3132627422041489,0.2964,0.2953861412348631,0.2964,0.2913921652451356,0.2863,0.2859393574602669,0.264,0.2637708419161944,0.2829,,0.2931,0.29388368162357054
235614,binance,spot_listing,KMNO,1,1746530720814,Binance Will List Maple Finance (SYRUP) and Kamino Finance (KMNO) with Seed Tag Applied,KMNOUSDT,0.07848,0.07789,0.07795,0.07794,0.10475995578215595,0.09185,0.11116740035821895,0.11086,0.10469237651926638,0.08727,0.08789324715579348,0.08897,0.0890954617281935,0.08891,0.08883989884966706,0.08701,0.0868122194697229,0.08619,0.08628875543678105,0.0865,0.08641853042993691,0.0828,0.0824739951920319
235642,binance,product_add,KMNO,1,1746542703554,"Binance Will Add Maple Finance (SYRUP) and Kamino Finance (KMNO) on Earn, Buy Crypto, Convert, Margin & Futures",KMNOUSDT,0.08849,0.09126,0.09206,0.09206,0.0921694269441924,0.0921,0.09214555097340293,0.09195,0.0919749244526518,0.09172,0.09152986699699303,0.0915,0.09167939870947574,0.09146,0.09192233388195813,0.09183,0.09180523701478364,0.08955,0.08975147788752978,0.07727,0.07736792337676812,0.07424,
235952,binance,product_add,SXT,1,1746707403865,"Binance Will Add Space and Time (SXT) on Earn, Buy Crypto, Convert, Margin & Futures",SXTUSDT,0.1881,0.1655,0.1633,0.1639,0.1639,0.1639,0.1639,0.164,0.1635498633573904,0.1641,0.16425411511103533,0.1627,0.1627,0.1625,0.16248966088026826,0.163,,0.1611,,0.1441,0.14382891830297337,0.1503,0.15108989254994679
236234,binance,futures_launch,ZKJ,1,1747121660623,Binance Futures Will Launch USDⓈ-Margined ZKJUSDT and SKYAIUSDT Perpetual Contracts,ZKJUSDT,2.1516,2.1504,2.1514,2.1514,2.1580418776387784,2.1614,2.1608162715376427,2.1691,2.170711471341952,2.1748,2.1754562916717797,2.1835,2.184401659347289,2.1835,2.187361261365417,2.1395,2.1394311381317177,2.1465,2.1465000000000005,2.1393,,2.1231,
236408,binance,product_add,NXPC,1,1747292402665,"Binance Will Add Nexpace (NXPC) on Earn, Buy Crypto, Convert & Margin",NXPCUSDT,,2.7836,2.7867,2.7801,2.7635864553021907,2.765,2.7587381733863943,2.7627,2.7799434025041574,2.7756,2.7795822733128763,2.8155,2.802803963992718,2.8187,2.802825851663082,2.9255,2.9221045672932204,3.07,3.0785635123051627,2.9436,2.9500316926682544,3.13,3.1250816593412223
236626,binance,futures_launch,CVC,1,1747377375939,Binance Futures Will Launch USDⓈ-Margined CVCUSDT Perpetual Contract,CVCUSDT,0.13058,0.12986,0.12998,0.13261,0.13859682527088363,0.14355,0.1408909497866458,0.13875,0.13977851420135048,0.14155,0.14228971015421274,0.13716,0.13713381237896458,0.13736,0.13704756119681735,0.13539,0.13534295229301602,0.13573,0.13569026586221933,0.1329,0.13289002575521652,0.13502,
237038,binance,launchpool_airdrop,HAEDAL,1,1747821855575,Introducing Haedal Protocol (HAEDAL) on Binance HODLer Airdrops! Earn HAEDAL With Retroactive BNB Simple Earn Subscriptions,HAEDALUSDT,0.12921,0.13257,0.13475,0.13473,0.16223947276637246,0.16924,0.1799969913096994,0.18746,0.17480361047135362,0.16422,0.1630087697229527,0.16432,0.16165589169470834,0.16419,0.16203297590548468,0.16308,0.16318530819291052,0.15823,0.15799204239606185,0.16857,0.16862218536060158,0.19596,0.1957498007534108
237062,binance,product_add,HAEDAL,1,1747837809840,"Binance Will Add Haedal Protocol (HAEDAL) on Earn, Buy Crypto, Convert & Margin",HAEDALUSDT,0.1899,0.19983,0.19717,0.19695,0.19735016731811966,0.19718,0.19766518284144222,0.19806,0.1983652305684535,0.19816,0.19820196333817064,0.19766,0.19754017404903262,0.19769,0.19757006284839174,0.19904,0.1989634009761686,0.19828,0.19833983244665507,0.19432,0.1949364989439559,0.17341,0.17320126808918573
237629,binance,futures_launch,MERL,1,1748428430236,Binance Futures Will Launch USDⓈ-Margined MERLUSDT Perpetual Contract,MERLUSDT,0.12424,0.12415,0.12436,0.12761,0.1313979444854294,0.13237,0.13299673233361553,0.13025,0.12860053065416696,0.12686,0.12632996106891653,0.12553,0.12564733639696116,0.12568,0.12542509232175686,0.12745,0.12766845733491936,0.13397,0.13390365415008598,0.13207,0.1320615989389201,0.12701,
237844,binance,futures_launch,HYPE,1,1748594200290,Binance Futures Will Launch USDⓈ-Margined HYPEUSDT Perpetual Contract,HYPEUSDT,32.266,32.873,32.94,32.941,32.99799488049304,33.024,33.00221712622285,33.029,32.9911893773293,33.061,33.11483987497083,32.964,32.97704787100455,32.967,32.97728740333635,33.258,33.23280588324184,33.879,33.839223388547914,32.688,32.6738647739045,33.296,33.29194193464377
238037,binance,futures_launch,PUFFER,1,1748942076886,Binance Futures Will Launch USDⓈ-Margined PUFFERUSDT and PORT3USDT Perpetual Contracts,PUFFERUSDT,0.2041,0.2133,0.2103,0.2227,0.2292242980010182,0.2331,0.22587443424642353,0.2251,0.22196491686168432,0.2226,0.22389998024841126,0.2272,0.22564775552979735,0.2272,0.22505154398942293,0.2325,0.2324439990944144,0.2351,0.23495819250215516,0.2411,0.24119799925051463,0.2387,
238621,binance,futures_launch,TAIKO,1,1749636920919,Binance Futures Will Launch USDⓈ-Margined TAIKOUSDT and SQDUSDT Perpetual Contracts (2025-06-11),TAIKOUSDT,0.537,0.535,0.5341,0.538,0.5501499496878471,0.5551,0.5564159709951074,0.5576,0.5587366987988663,0.5609,0.5500941531271971,0.5557,0.5592409976747177,0.5555,0.559934208612388,0.5448,0.5435950628800768,0.5574,0.555597798976258,0.5545,,0.555,
238624,binance,launchpool_airdrop,RESOLV,1,1749637480844,Introducing Resolv (RESOLV) on Binance HODLer Airdrops! Earn RESOLV With Retroactive BNB Simple Earn Subscriptions,RESOLVUSDT,0.3206,0.3242,0.323,0.3235,0.3566473792952489,0.3718,0.38233179475197826,0.3746,0.37059658720796124,0.378,0.3800259550452773,0.3692,0.36520221649176243,0.3693,0.36420125966756883,0.3633,0.3629937849139118,0.3803,0.38023667884191215,0.359,0.35819683707095384,0.4017,0.40064727758938345
238684,binance,product_add,RESOLV,1,1749650407958,"Binance Will Add Resolv (RESOLV) on Earn, Buy Crypto, Convert & Margin",RESOLVUSDT,0.3771,0.3829,0.3874,0.3878,0.3883912171823705,0.3883,0.3888980062995011,0.3886,0.3882208859498458,0.3867,0.38691487071304637,0.3878,0.38800355017191035,0.388,0.3877510087387406,0.3901,0.39003211214031186,0.3937,0.393629444529977,0.3727,0.3742351730987463,0.3832,0.381966324529179
238750,binance,launchpool_airdrop,HOME,1,1749726284075,Introducing Defi App (HOME) on Binance HODLer Airdrops! Earn HOME With Retroactive BNB Simple Earn Subscriptions,HOMEUSDT,0.03336,0.03421,0.03468,0.03472,0.03765419479043298,0.03982,0.039717939352586024,0.04005,0.04041109442650375,0.03903,0.03908752666187204,0.03804,0.038131475762376264,0.03803,0.03809352314288789,0.03694,0.03696774502158007,0.0371,0.037061713694726627,0.03635,0.0363264942030558,0.0351,0.03497126016462543
238790,binance,product_add,HOME,1,1749738616584,"Binance Will Add Defi App (HOME) on Earn, Buy Crypto, Convert & Margin",HOMEUSDT,0.03718,0.03751,0.03713,0.03713,0.037150329281795465,0.03716,0.03714788831706667,0.03715,0.037149899655137555,0.03719,0.03719,0.03713,0.037150093813854305,0.03712,0.03714185044691835,0.03734,0.03733202604587179,0.03666,0.03666674805073488,0.03467,0.034608664900398455,0.02952,0.029565418338437854
239614,binance,launchpool_airdrop,NEWT,1,1750687699878,Introducing Newton Protocol (NEWT) on Binance HODLer Airdrops! Earn NEWT With Retroactive BNB Simple Earn Subscriptions,NEWTUSDT,0.3463,0.3483,0.3491,0.3492,0.36564498250275773,0.3627,0.373108689185852,0.3669,0.3640445030742506,0.3468,0.34540456588991575,0.3397,0.3361165607684548,0.3421,0.336928080034163,0.2943,0.2923324654172502,0.3131,0.31349583685293814,0.3096,,0.281,
239697,binance,product_add,NEWT,1,1750771801368,"Binance Will Add Newton Protocol (NEWT) on Earn, Buy Crypto, Convert, Margin & Futures",NEWTUSDT,0.4301,0.4188,0.4291,0.4284,0.4288306131177037,0.4289,0.4292691714645193,0.4296,0.4292786553369014,0.4302,0.430195074081568,0.4308,0.4304154882137653,0.4308,0.42931228136192384,0.4251,,0.4255,0.42477883670202615,0.5246,0.5228609101891055,0.5791,0.5761163648645281
239722,binance,launchpool_airdrop,SAHARA,1,1750775352649,Introducing Sahara AI (SAHARA) on Binance HODLer Airdrops! Earn SAHARA With Retroactive BNB Simple Earn Subscriptions,SAHARAUSDT,0.1165,0.1169,0.1179,0.1182,0.13012538199439969,0.1231,0.13729484995666674,0.1351,0.13385407161360172,0.1246,0.11836258443138545,0.129,0.12796295239986105,0.129,0.12732286078713004,0.1241,0.12400127000107472,0.1206,,0.1314,0.1314,0.127,
239914,binance,futures_launch,OL,1,1750843841537,Binance Futures Will Launch USDⓈ-Margined OLUSDT Perpetual Contract (2025-06-25),OLUSDT,0.03138,0.03155,0.03149,0.03242,0.03351011158801181,0.03261,0.03373833994206374,0.03374,0.03330538571580691,0.03324,0.03321195574644872,0.03386,0.03393468274455008,0.03386,0.033854656529112646,0.03479,0.0348095422963659,0.03398,0.03397108188076924,0.0342,0.03418703918962381,0.0339,0.033864703839728706
239906,binance,spot_delist,ALPHA,-1,1750921209887,"Binance Will Delist ALPHA, BSW, KMD, LEVER, LTO on 2025-07-04",ALPHAUSDT,0.01677,0.01714,0.01657,0.01658,0.015932900396313718,0.01653,0.015701603043266472,0.01554,0.015665881218139357,0.0163,0.016309712020925047,0.01717,0.017174569910797223,0.01718,0.017205821226795346,0.01851,0.018459499051221923,0.02063,0.02060130295625941,0.01739,0.01737574713246723,0.01791,0.01790422509426254
239906,binance,spot_delist,BSW,-1,1750921209887,"Binance Will Delist ALPHA, BSW, KMD, LEVER, LTO on 2025-07-04",BSWUSDT,0.01759,0.01936,0.0199,0.01984,0.019018643059950453,0.01989,0.018795828299472826,0.01854,0.018538518683139032,0.01804,0.018054927939269678,0.01864,0.01868951815949041,0.01866,0.01877218262242295,0.02341,0.02338958316047158,0.02911,0.02884567375346628,0.02407,0.02416023917255808,0.03425,0.03419687564623757
239906,binance,spot_delist,LEVER,-1,1750921209887,"Binance Will Delist ALPHA, BSW, KMD, LEVER, LTO on 2025-07-04",LEVERUSDT,0.0003804,0.0003818,0.0003815,0.0003812,0.00036831356814462856,0.0003812,0.0003673413384660198,0.0003671,0.00036716396585847127,0.0003592,0.00035986899438061914,0.0003768,0.00037686995594346165,0.0003769,0.00037713577485829245,0.0003715,0.0003737100949133389,0.0004726,0.00046609649103999853,0.0003734,0.00037075241516648346,0.0003857,
240045,binance,product_add,SAHARA,1,1750937414029,"Binance Will Add Sahara AI (SAHARA) on Earn, Buy Crypto, Convert, Margin & Futures",SAHARAUSDT,0.1346,0.1374,0.1352,0.1352,0.13789011150034952,0.1371,0.13894615799670265,0.1377,0.1376324350903226,0.1366,0.13658426246999197,0.137,0.1369274810406542,0.1369,0.13664243661495526,0.136,0.13552106940892894,0.1355,0.1355708111626033,0.1316,0.13193587350215707,0.09074,0.09081220658998464
240941,binance,launchpool_airdrop,LA,1,1752055095037,Introducing Lagrange (LA) on Binance HODLer Airdrops! Earn LA With Retroactive BNB Simple Earn Subscriptions,LAUSDT,0.5,0.5015,0.5022,0.5022,0.5419543674141838,0.5663,0.5733492997696507,0.5693,0.5626098681175369,0.5433,0.5387266571439119,0.5511,0.5458935167120359,0.551,0.543932883824596,0.5468,0.5474457329751767,0.6017,0.5985923137172046,0.6244,0.6238842358956106,0.6496,0.64920730918868
240989,binance,product_add,LA,1,1752075005984,"Binance Will Add Lagrange (LA) on Earn, Buy Crypto, Convert & Margin",LAUSDT,0.6563,0.6754,0.6656,0.6659,0.6663232932182814,0.6662,0.6663505707516384,0.6663,0.6666878386452061,0.6669,0.6667870859154472,0.6655,0.66621322613413,0.6655,0.6656541745670982,0.6549,0.6546578248260387,0.6275,0.6267565263057743,0.5807,0.5815284654289585,0.5078,0.5084000000000001
242340,binance,futures_launch,CVX,1,1753250402225,"Binance Futures Will Launch USDⓈ-Margined PENGUUSDC, CVXUSDT and SLPUSDT Perpetual Contracts (2025-07-23)",CVXUSDT,4.795,4.798,4.807,4.81,4.92288887454594,5.069,5.0310058098412656,5.051,5.047383357072374,5.037,5.0500166164126705,5.032,5.040363513439928,5.028,5.041262332960691,4.936,4.930666301960934,4.898,4.896817401096999,5.038,5.041000000000001,4.96,
242340,binance,futures_launch,SLP,1,1753250402225,"Binance Futures Will Launch USDⓈ-Margined PENGUUSDC, CVXUSDT and SLPUSDT Perpetual Contracts (2025-07-23)",SLPUSDT,0.001936,0.001943,0.001936,0.001936,0.002026175684459601,0.002106,0.002090784319671788,0.002048,0.002052945878943212,0.002064,0.002066848917174244,0.002094,0.00209174999310971,0.002093,0.002087228699860839,0.002345,0.002342157459888011,0.002196,0.0021943309913346532,0.002192,0.002194356617995422,0.002518,0.002515191479506264
242562,binance,futures_launch,ZORA,1,1753436738982,Binance Futures Will Launch USDⓈ-Margined ZORAUSDT and TAGUSDT Perpetual Contracts (2025-07-25),ZORAUSDT,0.04605,0.049207,0.048549,0.048578,0.05284075219668962,0.053368,0.05437811364664021,0.051552,0.05156356496420213,0.051839,0.051487410315577575,0.050245,0.049855158447738974,0.05024,0.04992615895916244,0.047712,0.04765696483474136,0.046748,0.04673430047305541,0.045018,0.04503297759945552,0.045766,0.045732250436290776
242856,binance,futures_launch,ZRC,1,1753775200881,Binance Futures Will Launch USDⓈ-Margined ZRCUSDT and ESPORTSUSDT Perpetual Contracts (2025-07-29),ZRCUSDT,0.03503,0.03509,0.03503,0.03774,0.0382330508054871,0.03757,0.03779540461927067,0.03702,0.03726221432307611,0.03766,0.038198937419793966,0.03742,0.03748743787907746,0.03742,0.03738294153765834,0.03681,0.0368407418844542,0.03652,0.03647925603956745,0.03544,0.035423050881436595,0.03874,0.038683496197444774
244112,binance,futures_launch,CARV,1,1754578630733,Binance Futures Will Launch USDⓈ-Margined YALAUSDT and CARVUSDT Perpetual Contracts (2025-08-07),CARVUSDT,0.2791,0.2782,0.2791,0.2792,0.2892815125523621,0.2933,0.2925639277859025,0.2985,0.29534315568757846,0.2912,0.28719050931807233,0.2866,0.2870853258744201,0.2871,0.28644783517178,0.2971,0.29780047344054333,0.2954,0.29604946289554446,0.2961,,0.307,0.3069
244879,binance,futures_launch,USELESS,1,1755254813989,Binance Futures Will Launch USDⓈ-Margined USELESSUSDT Perpetual Contract (2025-08-15),USELESSUSDT,0.3002,0.2995,0.2982,0.3337,0.3419586946345499,0.3491,0.3448973451588039,0.3348,0.33105280041864593,0.3216,0.3218315812576311,0.3198,0.3177435423042688,0.3197,0.31651920342721573,0.3102,0.3093127220364822,0.3209,,0.3361,0.33546834285105254,0.2914,0.29147127615065793
245107,binance,launchpool_airdrop,PLUME,1,1755509766933,Introducing Plume (PLUME) on Binance HODLer Airdrops! Earn PLUME With Retroactive BNB Simple Earn Subscriptions,PLUMEUSDT,0.09073,0.0894,0.09021,0.09026,0.10128182498762109,0.10749,0.10777888533952357,0.09955,0.1019344269493336,0.10956,0.10719230945690339,0.10388,0.10432058599675316,0.10373,0.10393830941894512,0.10732,0.10730562080149768,0.10302,0.10287183820943592,0.10568,0.10547777583498251,0.099,0.099
245137,binance,product_add,PLUME,1,1755527408023,"Binance Will Add Plume (PLUME) on Earn, Buy Crypto, Convert & Margin",PLUMEUSDT,0.09965,0.10169,0.10032,0.10029,0.10052677612001236,0.10048,0.10062548884342949,0.10078,0.10075286300714041,0.10049,0.10052328822508137,0.10107,0.10120846543531703,0.10107,0.10092906877674337,0.10183,0.10179197413500186,0.10128,0.10130393962961745,0.0939,0.09376696712432148,0.09808,0.09806238676100326
245340,binance,futures_launch,CUDIS,1,1755683297734,Binance Futures Will Launch USDⓈ-Margined CUDISUSDT Perpetual Contract (2025-08-20),CUDISUSDT,0.10859,0.10872,0.1091,0.1254,0.12792360332204475,0.12655,0.12744130757215477,0.12375,0.12424416903409996,0.12567,0.13251352695745822,0.13144,0.1313228905978076,0.131,0.13084586322508993,0.12527,0.12504757144289952,0.11843,0.11855,0.11811,0.11805528003595302,0.09028,0.09022160217440744
245995,binance,launchpool_airdrop,DOLO,1,1756291402012,Introducing Dolomite (DOLO) on Binance HODLer Airdrops! Earn DOLO With Retroactive BNB Simple Earn Subscriptions,DOLOUSDT,0.26092,0.26671,0.2707,0.27073,0.30784930468493527,0.32223,0.33362239503770713,0.36683,0.3724752934929323,0.32826,0.3199889647206874,0.31985,0.32164207263633954,0.31986,0.32209932812055697,0.30889,0.3084760441049194,0.2964,0.2969974909472897,0.30828,0.30814996054148674,0.298,0.2977056406950628
246047,binance,product_add,DOLO,1,1756308601265,"Binance Will Add Dolomite (DOLO) on Earn, Buy Crypto, Convert & Margin",DOLOUSDT,0.2947,0.29101,0.29421,0.29465,0.2948260229510409,0.29474,0.2948426528829572,0.29459,0.29492462565120237,0.29484,0.2948365049314809,0.29436,0.29367604737341085,0.29443,0.2938194647353433,0.28982,0.2891537008769497,0.28724,0.2869023924190568,0.25308,0.25303649917473753,0.25288,0.25285969307972156
246284,binance,product_add,MITO,1,1756479601300,"Binance Will Add Mitosis (MITO) on Earn, Buy Crypto, Convert & Margin",MITOUSDT,0.28663,0.2735,0.27777,0.27795,0.2784810930033069,0.27821,0.2785317738561154,0.27889,0.28019475108230424,0.28159,0.28211097712081906,0.28005,0.28060184598182214,0.28,0.2805008668848816,0.27657,0.2764990946423981,0.2593,0.25925982406967973,0.24768,0.2473002200205698,0.22339,0.22348536923877121
246375,binance,spot_listing,WLFI,1,1756691345082,Binance Will List  World Liberty Financial (WLFI) with Seed Tag Applied,WLFIUSDT,0.3282,0.3255,0.3278,0.3276,0.33368954027185177,0.336,0.3363018780941135,0.3325,0.3329415707822134,0.3292,0.3295910422639593,0.3305,0.33161518060832107,0.3302,0.33098901430562466,0.3331,0.3331876814020893,0.3392,0.339032797527572,0.3616,0.3615694183557608,0.347,
246657,binance,product_add,WLFI,1,1756729808062,"Binance Will Add World Liberty Financial (WLFI) on Earn, Buy Crypto, Convert, Margin & Futures",WLFIUSDT,0.2947,0.305,0.3044,0.305,0.3053162333154099,0.3051,0.3054522077276233,0.3054,0.30550187170184134,0.3083,0.3076142985225583,0.3102,0.3098325148056564,0.3104,0.3095984089778458,0.3158,0.3141730340774854,0.2972,0.2972816458024683,0.3175,0.3179687907622939,0.2339,0.23390484053935573
246714,binance,spot_delist,BAKE,-1,1756868394550,"Binance Will Delist BAKE, HIFI, SLF on 2025-09-17",BAKEUSDT,0.0801,0.0805,0.0796,0.0796,0.08063005672856356,0.0796,0.08057734204475356,0.08,0.08001232750147534,0.0813,0.08206669354974731,0.0887,0.08763617648677757,0.0889,0.08731418874758583,0.0743,0.0739868376819246,0.0658,0.06580075393039128,0.0705,0.07057887877133996,0.064,0.06431776371782176
246714,binance,spot_delist,HIFI,-1,1756868394550,"Binance Will Delist BAKE, HIFI, SLF on 2025-09-17",HIFIUSDT,0.09134,0.09161,0.09152,0.09609,0.10033396123544297,0.0976,0.10133918334110836,0.10151,0.10276386991778111,0.11133,0.11309124453135758,0.11239,0.11197624151932913,0.11263,0.11246315723662142,0.09288,0.09294491019652334,0.08965,0.08957889841678117,0.08899,0.0890690346979276,0.07981,
246714,binance,spot_delist,SLF,-1,1756868394550,"Binance Will Delist BAKE, HIFI, SLF on 2025-09-17",SLFUSDT,0.0524,0.0526,0.0526,0.0562,0.05741656608481186,0.058,0.05743465383757899,0.0553,0.05532137068845999,0.0553,0.05568242648083917,0.0574,0.05692931947027602,0.0574,0.057048300038345795,0.0498,0.05008222480860126,0.0399,0.03978900756105528,0.0418,0.0419,0.0419,0.0419
247412,binance,launchpool_airdrop,LINEA,1,1757341569314,Introducing Linea (LINEA) on Binance HODLer Airdrops! Earn LINEA With Retroactive BNB Simple Earn Subscriptions,LINEAUSDT,0.02804,0.02904,0.02968,0.02972,0.030331709257040925,0.03075,0.030950662737184092,0.03013,0.02995221118699339,0.02993,0.029087753031746575,0.02897,0.028917757256603633,0.02912,0.028784143972887498,0.0296,0.02952779506507861,0.03021,0.030182091457004907,0.03133,0.031234724097829944,0.02895,
247470,binance,futures_launch,FLOCK,1,1757395717523,Binance Futures Will Launch USDⓈ-Margined FLOCKUSDT and SKYUSDT Perpetual Contracts (2025-09-09),FLOCKUSDT,0.47091,0.4598,0.46236,0.47106,0.47320609201464453,0.47244,0.47400355173290604,0.47337,0.4735916944628983,0.4797,0.4790303279203062,0.47666,0.4772426450252843,0.47698,0.476925672220619,0.50204,0.5022370681871476,0.48423,0.484326482311028,0.47452,0.47424550542055205,0.46978,0.46974063146375505
247470,binance,futures_launch,SKY,1,1757395717523,Binance Futures Will Launch USDⓈ-Margined FLOCKUSDT and SKYUSDT Perpetual Contracts (2025-09-09),SKYUSDT,0.07159,0.06976,0.06977,0.07143,0.07271529273269862,0.07286,0.07302178507053053,0.07255,0.07266547531356778,0.07122,0.0710927744990005,0.07007,0.07016428123050963,0.07026,0.07012781176151082,0.0697,0.06969102542119428,0.06934,,0.07104,,0.07471,
247488,binance,spot_listing,USDE,1,1757401201439,Binance Will List Ethena USDe (USDE),USDEUSDT,1.0,0.9999,1.0,1.0,1.0001396764381916,1.0003,1.0003,,,,,,,0.9999,,0.9999,,0.9999,,0.9999,,0.9999,
247591,binance,product_add,USDE,1,1757417401844,"Binance Will Add USDe (USDE) on Buy Crypto, Convert & Margin",USDEUSDT,0.9999,0.9999,0.9999,1.0,1.0,,,,,,,,,0.9999,,0.9999,,1.0,,1.0,,1.0001,
247902,binance,futures_delist,BSW,-1,1757499283992,Binance Futures Will Delist USDⓈ-M BSWUSDT Perpetual Contract (2025-09-15),BSWUSDT,0.01791,0.02601,0.02561,0.02739,0.027963866453361214,0.02804,0.027876714835847895,0.02804,0.027770615572078407,0.02778,0.02808558728864647,0.02485,0.024172916728226777,0.0249,0.02430827844362488,0.03189,0.03211681836449903,0.0325,0.03246972759140623,0.02452,0.02451106316820504,0.02316,0.023160000000000004
247922,binance,product_add,LINEA,1,1757518200000,"Binance Will Add Linea (LINEA) on Earn, Buy Crypto, Convert, Margin & Futures",LINEAUSDT,0.02504,0.031,0.03003,0.0299,0.029760549346505773,0.02976,0.029758386349091434,0.02981,0.029638848220412364,0.0296,0.029830169841206493,0.02975,0.029772189704007645,0.02975,0.029714328899312203,0.02837,0.028393350624609712,0.03001,0.030005991773680313,0.0285,0.028662429027597015,0.02406,0.02403104313697637
248335,binance,spot_listing,AVNT,1,1757908021934,Binance Will List Avantis (AVNT) with Seed Tag Applied,AVNTUSDT,0.8606,0.8506,0.8433,0.8438,0.8823630378769288,0.8929,0.8826038593988978,0.8724,0.8723076569647674,0.8725,0.8717240620499941,0.8616,0.8617255229267636,0.8617,0.8607898991446812,0.8843,0.8848525337879164,0.894,0.8933598277164888,1.1053,1.108371736358731,1.2937,1.2899815776674903
248360,binance,product_add,AVNT,1,1757910638226,"Binance Will Add Avantis (AVNT) on Earn, Buy Crypto, Convert & Margin",AVNTUSDT,0.8594,0.9603,1.0486,1.0472,1.046278881125863,1.0451,1.0473509004595347,1.0498,1.053344821726741,1.0761,1.080067131883406,1.0609,1.0596449184464658,1.0606,1.0580626502015942,1.0519,1.0477757167785147,1.1011,1.1046614635828316,1.1142,1.1152722149523155,1.3544,1.353249890665532
248775,binance,product_add,SKY,1,1758094201400,"Binance Will Add Sky (SKY) on Earn, Buy Crypto, Convert & Margin",SKYUSDT,0.07492,0.07701,0.07851,0.07847,0.07853385699379169,0.07849,0.07853970791663538,0.07854,0.07861908792767171,0.0787,0.07870250901483986,0.07842,0.07840294931018751,0.07844,0.07839719145686995,0.07812,0.0780748554704489,0.07956,0.07952419922140222,0.07331,0.07342895191330318,0.07417,0.07417926978823393
248842,binance,futures_delist,ALPHA,-1,1758098727976,Binance Futures Will Delist USDⓈ-M ALPHAUSDT Perpetual Contract (2025-09-23),ALPHAUSDT,0.01672,0.01645,0.01645,0.01644,0.01667264431831618,0.01684,0.017321061190789126,0.01813,0.018845693541063444,0.02188,0.021604531671219368,0.0242,0.023482401836034665,0.02422,0.023697836598154144,0.02564,0.025339312529943155,0.02608,0.02600081080484245,0.02243,0.022504436636836656,0.0202,0.020215446578018003
248896,binance,launchpool_airdrop,BARD,1,1758103070745,Introducing Lombard (BARD) on Binance HODLer Airdrops! Earn BARD With Retroactive BNB Simple Earn Subscriptions,BARDUSDT,1.1064,1.1058,1.1057,1.1057,1.1431732955599494,1.1489,1.1608352469493373,1.1641,1.1764827931899076,1.1773,1.157855234074025,1.0819,1.0861679984697648,1.0746,1.079513861826155,1.1336,1.1256940921512624,1.167,1.1649792474475547,1.1561,1.1560167225160678,1.094,
249112,binance,product_add,BARD,1,1758191419413,"Binance Will Add Lombard (BARD) on Earn, Buy Crypto, Convert, Margin & Futures",BARDUSDT,1.0423,1.178,1.1752,1.1698,1.1689452678127146,1.169,1.1690518958925515,1.1672,1.1674946055016058,1.17,1.161527343077974,1.1516,1.1531200894195264,1.1515,1.154549841830853,1.1138,1.1075133492707754,1.1086,,1.05427,1.0514746532172976,1.04917,1.0478151581511137
249344,binance,futures_launch,ASTER,1,1758279475276,Binance Futures Will Launch USDⓈ-Margined ASTERUSDT and TRADOORUSDT Perpetual Contracts (2025-09-19),ASTERUSDT,0.6379,0.6052,0.6033,0.6051,0.5902095288066892,0.5826,0.5929216914403102,0.6001,0.601166969806735,0.5988,0.5972871553245593,0.6025,0.603487625384897,0.6028,0.603198579071988,0.5893,0.5862329460362243,0.5637,0.5613228979840548,0.5896,0.5880230893209861,0.668,0.6687369437326152
249383,binance,launchpool_airdrop,0G,1,1758445097740,Introducing 0G (0G) on Binance HODLer Airdrops! Earn 0G With Retroactive BNB Simple Earn Subscriptions,0GUSDT,2.3967,2.3553,2.3814,2.3803,2.4260971606021284,2.4425,2.4504827769064392,2.4443,2.4468639478884158,2.3755,2.3681831284664114,2.3078,2.3009667684467114,2.3078,2.2840355393325726,2.5433,2.57100398080892,2.7423,2.750516729892182,2.7114,2.70630019953442,2.9553,
249541,binance,product_add,0G,1,1758533406451,"Binance Will Add 0G (0G) on Earn, Buy Crypto, Convert, Margin & Futures",0GUSDT,3.4931,3.469,3.4749,3.476,3.480739621734092,3.4804,3.4803580371613654,3.4782,3.4844153851224307,3.4825,3.481945414785715,3.4877,3.491294342940477,3.4979,3.4886895941965794,3.4452,3.449104802270028,3.5758,3.579971674693361,3.1128,3.097727042883797,4.3251,4.350184192144732
250065,binance,launchpool_airdrop,XPL,1,1758700804069,Introducing Plasma (XPL) on Binance HODLer Airdrops! Earn XPL With Retroactive BNB Simple Earn Subscriptions,XPLUSDT,0.6959,0.7027,0.7043,0.7042,0.7108780456650601,0.7076,0.7108325215669568,0.7038,0.703853651642488,0.7167,0.7184801941718877,0.6948,0.6962810706662604,0.6948,0.695307690419372,0.7314,0.729198586724118,0.7045,0.7052688184355805,0.6844,0.6841296416667924,0.7232,0.7229944092770128
250184,binance,futures_delist,UXLINK,-1,1758715205980,Binance Futures Will Delist USDⓈ-M UXLINKUSDT Perpetual Contract (2025-09-26),UXLINKUSDT,0.07884,0.07526,0.07422,0.07392,0.0787468688836883,0.07907,0.07999732093630603,0.08505,0.0842160749956272,0.07568,0.07427499077584572,0.06616,0.06493228052120648,0.06618,0.06506174368304568,0.06533,0.065355573997208,0.06119,0.061315231771325404,0.06353,0.063341311897872,0.05523,0.05519792600665201
250324,binance,product_add,XPL,1,1758803407563,"Binance Will Add Plasma (XPL) on Earn, Buy Crypto, Convert, Margin & Futures",XPLUSDT,0.8053,0.7819,0.7772,0.7779,0.7767735803890259,0.7757,0.775963368722371,0.7751,0.7773054596930664,0.7764,0.7769258909216449,0.7818,0.7813435519075037,0.7819,0.7804213562598481,0.7837,0.7814225497437952,0.7761,0.7755112667995933,0.7874,0.787328937267597,0.9697,0.9687836691441476
250459,binance,futures_launch,ORDER,1,1758879995519,Binance Futures Will Launch USDⓈ-Margined AKEUSDT and ORDERUSDT Perpetual Contracts (2025-09-26),ORDERUSDT,0.1775,0.1756,0.1757,0.186,0.19240841164664854,0.2,0.1929779904093493,0.1925,0.18969971400050112,0.1892,0.18796678715218493,0.1898,0.1906486666124017,0.1898,0.18984670379480315,0.2031,0.20350590142604175,0.1994,0.19908628661879554,0.2138,0.2139766491915187,0.2186,0.21864704569205895
250722,binance,futures_delist,HIFI,-1,1759146319511,Binance Futures Will Delist USDⓈ-M HIFIUSDT and BAKEUSDT Perpetual Contracts (2025-10-03),HIFIUSDT,0.12797,0.12614,0.1262,0.13746,0.14196863598906284,0.1432,0.1410161427341544,0.13856,0.1359473213168195,0.13365,0.1334895445639895,0.13629,0.13568324924092,0.13642,0.13599647491082767,0.13009,0.12950427607866072,0.13259,0.1325274165304844,0.11454,0.11458185505842376,0.12468,0.12467
250722,binance,futures_delist,BAKE,-1,1759146319511,Binance Futures Will Delist USDⓈ-M HIFIUSDT and BAKEUSDT Perpetual Contracts (2025-10-03),BAKEUSDT,0.04198,0.04103,0.04117,0.04528,0.04726301240038962,0.0458,0.04888967996958481,0.04894,0.04792088116178457,0.049,0.048176064854425875,0.04758,0.04757390713997055,0.04758,0.04779380557874965,0.04435,0.044478595181672555,0.04687,0.0469515891135193,0.04084,0.040817684449984,0.03813,0.038090000000000006
251448,binance,launchpool_airdrop,MORPHO,1,1759485107646,Introducing Morpho (MORPHO) on Binance HODLer Airdrops! Earn MORPHO With Retroactive BNB Simple Earn Subscriptions,MORPHOUSDT,1.9825,1.9702,1.9651,1.9658,2.0330388484647663,2.0487,2.0802414026077134,2.0564,2.041230777121708,2.073,2.0813118567127864,2.0942,2.0983180042167344,2.0959,2.096345449240638,2.0808,2.0817233694454504,2.0603,2.0596869522446717,2.0928,2.090778459641897,2.1211,2.121397996464686
251473,binance,product_add,MORPHO,1,1759501801410,"Binance Will Add Morpho (MORPHO) on Earn, Buy Crypto, Convert & Margin",MORPHOUSDT,2.1038,2.1033,2.1112,2.1116,2.1129326222074702,2.113,2.1129515020314966,2.112,2.1120361483391603,2.1063,2.108416280415142,2.1078,2.1089865826327543,2.1069,2.1081028045722014,2.105,2.1065744944398794,2.1176,2.117426375366321,1.9088,1.9118821002533861,1.8991,1.8989302630509277
251602,binance,spot_listing,ASTER,1,1759736929954,Binance Will List Aster (ASTER) with Seed Tag Applied,ASTERUSDT,1.8888,1.8913,1.8947,1.8944,1.9335293483431344,1.9206,1.925351236474222,1.9207,1.9306595471204473,1.9642,1.9831994142494704,1.9715,1.9738231431828406,1.9715,1.973151984926498,1.9603,1.9589770758698744,2.03,2.026434579889263,2.0506,2.049187050932717,2.052,2.052219398547148
251686,binance,product_add,ASTER,1,1759750209902,"Binance Will Add Aster (ASTER) on Earn, Buy Crypto, Convert & Margin",ASTERUSDT,2.0353,2.0613,2.0532,2.0535,2.0549593175975907,2.0552,2.0551719038786853,2.0534,2.05219358564905,2.0529,2.0539925953552447,2.052,2.0523174034120153,2.0521,2.052753691081751,2.0605,2.0583081303691086,2.067,2.0658443682557217,2.1244,2.122328387941487,2.0897,2.0900638535750002
252091,binance,launchpool_airdrop,WAL,1,1760062881098,Introducing Walrus (WAL) on Binance HODLer Airdrops! Earn WAL With Retroactive BNB Simple Earn Subscriptions,WALUSDT,0.3615,0.3537,0.3567,0.3567,0.38114863912606733,0.3824,0.3925831975830024,0.3806,0.38311991473208057,0.3801,0.37953205659913536,0.3819,0.3837087415987877,0.3816,0.383214335713476,0.3787,0.3785228626111946,0.3775,0.3782230786167744,0.3811,,0.376,0.37579999999999997
252172,binance,product_add,WAL,1,1760079632652,"Binance Will Add Walrus (WAL) on Earn, Buy Crypto, Convert & Margin",WALUSDT,0.3802,0.368,0.3679,0.3681,0.36812470238858686,0.3681,0.3680999999999999,0.3679,,0.3684,0.36840000000000006,0.3673,,0.3678,0.3674374043857322,0.3691,0.36899999999999994,0.3684,0.3684,0.3302,0.3295739413494673,0.3346,
252348,binance,futures_launch,MET,1,1760184133382,Binance Futures Will Launch USDⓈ-Margined METUSDT Perpetual Contract Pre-Market Trading (2025-10-11),METUSDT,1.3925,1.4251,1.4168,1.4512,1.4603765558866673,1.4524,1.4555758031335089,1.461,,1.4916,1.4935700370046587,1.4991,,1.5,1.499995024834341,1.4772,1.477037606280385,1.4837,,1.4804,1.4680334506692658,1.5662,1.56611077201539
252629,binance,launchpool_airdrop,YB,1,1760435187057,Introducing Yield Basis (YB) on Binance HODLer Airdrops! Earn YB With Retroactive BNB Simple Earn Subscriptions,YBUSDT,1.1592,1.16,1.1601,1.1608,1.2198771204576981,1.2024,1.2421683218200805,1.2314,1.2800975246098156,1.2213,1.2023439775575568,1.183,1.1921026678293833,1.1826,1.1907698984996866,1.1191,1.1173109347509875,1.0496,1.0511943898378524,1.0393,,1.0,1.0017572908391041
252834,binance,product_add,YB,1,1760524219742,"Binance Will Add Yield Basis (YB) on Earn, Buy Crypto, Convert, Margin & Futures",YBUSDT,0.9386,0.8265,0.8163,0.8161,0.8177610158340676,0.8162,0.8188422064844073,0.8257,0.8262942388973823,0.8249,0.8252948126810218,0.8174,0.8184050955798033,0.8186,0.817001926639551,0.8102,0.808940149852707,0.7979,0.7949156063367953,0.8301,0.8286754194058235,0.6393,0.6385310238653652
253898,binance,spot_listing,GIGGLE,1,1761361338417,Binance Will List Giggle Fund (GIGGLE) and SynFutures (F) with Seed Tag Applied,GIGGLEUSDT,87.03,86.95,86.25,86.28,97.25130355284233,99.2,106.73190586217969,109.5,110.9895978161465,128.69,127.55113492711615,146.98,148.32745856151877,146.92,146.96671292401948,170.48,171.97652334127193,227.82,227.90715411695743,275.55,277.14884412265144,217.19,217.2154880095247
253931,binance,product_add,GIGGLE,1,1761370213527,"Binance Will Add Giggle Fund (GIGGLE) and SynFutures (F) on Earn, Buy Crypto, Convert & Margin",GIGGLEUSDT,250.14,247.09,249.02,249.18,249.7100413832143,249.06,249.8023796998088,249.42,249.42510075344654,248.71,247.9858160869043,247.47,247.48120876688895,247.46,247.35604293920207,257.94,258.078078127687,256.46,256.62554827403676,211.26,212.39548705392534,223.09,222.88342406956394
254267,binance,spot_delist,FLM,-1,1761706804123,"Binance Will Delist FLM, KDA, PERP on 2025-11-12",FLMUSDT,0.01973,0.01982,0.01981,0.0202,0.020657343493775467,0.0202,0.020672693486830793,0.0208,0.020666418883157792,0.02556,0.024033642058725303,0.02249,0.023359680653534644,0.02252,0.023304165161808135,0.02115,0.02119910847826538,0.02999,0.030452827244061974,0.02628,0.026205588530179704,0.02289,0.02299039041516165
254267,binance,spot_delist,PERP,-1,1761706804123,"Binance Will Delist FLM, KDA, PERP on 2025-11-12",PERPUSDT,0.2186,0.2185,0.2185,0.2199,0.2226254254593003,0.2199,0.22254575654045414,0.2201,0.22037542893777187,0.2264,0.22633185094855018,0.2262,0.22487583600663147,0.2263,0.22536291541677034,0.2063,0.20618778039096575,0.2096,0.20846528799245526,0.1916,0.191,0.1877,0.18763645812765972
254643,binance,launchpool_airdrop,KITE,1,1761898168970,"Introducing Kite (KITE) on Binance Launchpool! Farm KITE by Locking BNB, FDUSD and USDC",KITEUSDT,0.18512,0.18059,0.1836,0.1836,0.18628576842593594,0.18814,0.1876227023438167,0.18596,0.1855594747590973,0.17763,0.17391873187847576,0.1659,0.1661004386713714,0.16942,0.16627328748802936,0.15644,0.1561410074250098,0.16216,0.16251354072841948,0.14329,0.14314466629065453,0.15288,0.15265001637733377
254877,binance,launchpool_airdrop,MMT,1,1762157651430,Introducing Momentum (MMT) on Binance HODLer Airdrops! Earn MMT With Retroactive BNB Simple Earn Subscriptions,MMTUSDT,0.5409,0.5695,0.5682,0.5682,0.583131431708483,0.5919,0.5840731434975185,0.5766,0.5783800173877953,0.53,0.528368654639745,0.5225,0.5169350149209192,0.532,0.5233834092943587,0.5316,,0.5682,0.5681999999999999,0.5619,,0.5411,0.5410999999999999
254936,binance,product_add,KITE,1,1762173001682,"Binance Will Add Kite (KITE) on Earn, Buy Crypto, Convert, Margin & Futures",KITEUSDT,0.09561,0.08805,0.08886,0.08888,0.08892286556587714,0.08896,0.08842345597415052,0.08811,0.0882387977643101,0.08765,0.08765718628555824,0.08849,0.08854046537944908,0.08873,0.0886191058603922,0.0934,0.09336495612632471,0.09642,0.09614789412769743,0.09222,0.09000301570606227,0.07978,0.07952210659797572
255123,binance,product_add,MMT,1,1762255824922,"Binance Will Add Momentum (MMT) on Earn, Buy Crypto, Convert, Margin & Futures",MMTUSDT,0.365,0.3464,0.3466,0.347,0.34865218687019617,0.347,0.34865581804248047,0.3485,0.34889516427493295,0.3413,0.34224411909745595,0.3393,,0.3417,0.34069136064840577,0.338,,0.3367,0.33649333318038266,0.43048,0.4306624390114937,0.60272,0.6001577893935075
255514,binance,launchpool_airdrop,SAPIEN,1,1762404341669,Introducing Sapien (SAPIEN) on Binance HODLer Airdrops! Earn SAPIEN With Retroactive BNB Simple Earn Subscriptions,SAPIENUSDT,0.1215,0.12315,0.12428,0.1245,0.13887421783612783,0.14305,0.1472272931601127,0.15203,0.14683001461335343,0.15633,0.16350991001390697,0.16778,0.16797223276456258,0.16739,0.1675267782652769,0.17985,0.17863980751282799,0.29929,0.307901253173449,0.30856,0.30734788793713175,0.25724,0.2575420989309746
255568,binance,product_add,SAPIEN,1,1762421404456,"Binance Will Add Sapien (SAPIEN) on Earn, Buy Crypto, Convert & Margin",SAPIENUSDT,0.24656,0.24885,0.25317,0.25305,0.2531942392948549,0.25294,0.2528930259698458,0.2528,0.2522045002598812,0.25375,0.2545700119318558,0.25458,0.2547094901560785,0.25501,0.254214491776609,0.25853,0.25764032150127947,0.24667,0.24740762330856125,0.35728,0.3597559746476721,0.32755,0.3333179055547421
255893,binance,futures_delist,MYRO,-1,1762782300002,Binance Futures Will Delist USDⓈ-M MYROUSDT and 1000XUSDT Perpetual Contracts (2025-11-14),MYROUSDT,0.01495,0.01514,0.01511,0.01663,0.016972850064571627,0.01718,0.017099272147558176,0.01703,0.01744987830007063,0.02143,0.02109313494883745,0.01972,0.019638889322325503,0.01973,0.01967352225787901,0.01882,0.018693446438453155,0.01866,0.018639929051981627,0.01622,0.01626530803533228,0.01514,0.015150000000000002
255893,binance,futures_delist,1000X,-1,1762782300002,Binance Futures Will Delist USDⓈ-M MYROUSDT and 1000XUSDT Perpetual Contracts (2025-11-14),1000XUSDT,0.03178,0.03198,0.0319,0.03203,0.03465127205858304,0.0362,0.036538210886172116,0.03524,0.033943603868810845,0.03647,0.036915505021944676,0.03661,0.03625317961268655,0.03683,0.03635406478526328,0.03379,0.03356763575626539,0.03325,0.03354523838058216,0.03356,,0.0322,
256318,binance,futures_launch,CLANKER,1,1762942539520,Binance Futures Will Launch USDⓈ-Margined CLANKERUSDT and BEATUSDT Perpetual Contracts (2025-11-12),CLANKERUSDT,69.66,69.41,69.37,72.2,74.62857690837487,74.72,75.65828802470243,76.28,74.17983306603716,74.56,74.09387679414597,73.6,73.58215426063317,73.5,73.5815181085245,79.34,79.11216101226651,82.09,81.86616951186546,80.79,80.72890003774572,78.5,78.42583324905762
256520,binance,spot_listing,BANK,1,1763028026501,Binance Will List Lorenzo Protocol (BANK) and Meteora (MET) with Seed Tag Applied,BANKUSDT,0.0778,0.07824,0.0782,0.0782,0.09182793554489362,0.08997,0.10056795634191357,0.11003,0.11363985813783004,0.13889,0.1331385091301388,0.13219,0.13548925182416735,0.1321,0.13472297529996471,0.13387,0.13364966473787696,0.12199,0.12198058371055538,0.09099,0.09085689941526504,0.08001,0.07983827150128489
256520,binance,spot_listing,MET,1,1763028026501,Binance Will List Lorenzo Protocol (BANK) and Meteora (MET) with Seed Tag Applied,METUSDT,0.487,0.4725,0.4871,0.4872,0.5202499660294913,0.5288,0.5336855973191175,0.5081,0.5121705017651467,0.5172,0.5166998861957383,0.5084,0.5087407813413679,0.509,0.5082236650628316,0.519,0.5195221147843739,0.5,0.4995247261254675,0.4847,0.4845999999999999,0.5108,0.5111990600376908
256569,binance,product_add,BANK,1,1763040605276,"Binance Will Add Lorenzo Protocol (BANK) and Meteora (MET) on Earn, Buy Crypto, Convert & Margin",BANKUSDT,0.08166,0.08113,0.08096,0.08093,0.0810058791166055,0.08102,0.08101733068763933,0.08072,0.08064699838536697,0.08061,0.08064170167725418,0.0798,0.07991071457939002,0.0798,0.07981998739160588,0.07963,0.07976405199985796,0.07899,0.07904728501196694,0.0642,0.06333703080396437,0.05421,0.054395902920716846
256569,binance,product_add,MET,1,1763040605276,"Binance Will Add Lorenzo Protocol (BANK) and Meteora (MET) on Earn, Buy Crypto, Convert & Margin",METUSDT,0.4877,0.5012,0.4995,0.4986,0.49873430044358663,0.4986,0.49873852002221647,0.4988,0.49889648746431287,0.4984,0.49850780704499376,0.4978,0.49820020938245135,0.4978,0.49810392520433083,0.5003,0.5001964716624971,0.5036,0.5045360041610345,0.4662,0.46605800592702934,0.3999,0.40002347857105003
257971,binance,launchpool_airdrop,AT,1,1764232698399,Introducing APRO (AT) on Binance HODLer Airdrops! Earn AT With Retroactive BNB Simple Earn Subscriptions,ATUSDT,0.2012,0.2101,0.21,0.2101,0.23241135818643258,0.242,0.25354483880684253,0.2619,0.2587326604704783,0.2536,0.25784235061825256,0.2542,0.2535439526183654,0.2549,0.251849551904476,0.2734,0.2743375723696375,0.2611,0.26167133208998844,0.2779,0.2778508902073555,0.319,0.31777416810127634
258010,binance,product_add,AT,1,1764250223601,"Binance Will Add APRO (AT) on Earn, Buy Crypto, Convert & Margin",ATUSDT,0.3136,0.3158,0.317,0.3176,0.31795812879248037,0.3173,0.32048254933668485,0.3224,0.32765587863073814,0.3261,0.3262678946973054,0.3313,0.3307473112438086,0.3312,0.33067763830001223,0.3315,0.33127770781567023,0.3324,0.332312890096915,0.3145,0.31368626390441784,0.2662,0.26629084804663866
259141,binance,futures_launch,WET,1,1765345514302,Binance Futures Will Launch USDⓈ-Margined WETUSDT Perpetual Contract (2025-12-10),WETUSDT,0.23921,0.24664,0.24327,0.24335,0.26001099998508137,0.26937,0.27070536270353024,0.26646,0.26521886229347236,0.26048,0.2604350310946796,0.25368,0.2536751125632914,0.25372,0.2533615027752188,0.25594,0.2555675715731464,0.2572,0.2579349962216209,0.24496,0.24561177282768906,0.25686,0.2567495172004496
259255,binance,futures_launch,NIGHT,1,1765359869769,Binance Futures Will Launch USDⓈ-Margined NIGHTUSDT Perpetual Contract (2025-12-10),NIGHTUSDT,0.05162,0.05195,0.05182,0.05182,0.05262702487348893,0.05299,0.052856962089571385,0.05294,0.05366378444357104,0.05354,0.05349218230892788,0.05415,0.054189786665142806,0.05411,0.054117950322075455,0.05466,0.05476089101868605,0.05571,0.05571050024472305,0.06383,0.06377605575106758,0.06268,0.06271376180000253
259485,binance,futures_delist,AIA,-1,1765453426582,Binance Futures Will Delist AIAUSDT USDⓈ-M Perpetual Contract (2025-12-11),AIAUSDT,0.2674,0.2703,0.2707,0.272,0.2809683698935076,0.2795,0.28017002989184164,0.2784,0.2758702425642928,0.2543,0.2500719046995297,0.243,0.2414137230509364,0.2431,0.24174071345940612,0.2341,0.23487217501510094,0.1598,0.158783157554051,0.1521,0.15131337970558287,0.1636,0.16355083247203803
261215,binance,futures_launch,MAGMA,1,1767181510384,Binance Futures Will Launch USDⓈ-Margined COLLECTUSDT and MAGMAUSDT Perpetual Contracts (2025-12-31),MAGMAUSDT,0.13498,0.13438,0.1346,0.15469,0.1687297353593284,0.17376,0.17631207010610114,0.17384,0.16935742706331425,0.16192,0.1610910318489354,0.16058,0.16176319550872117,0.16015,0.1617369570045023,0.1663,0.16590701874969538,0.15416,0.15396514740551004,0.16364,0.16366,0.1624,0.16235151436304793
261583,binance,launchpool_airdrop,BREV,1,1767607454724,Introducing Brevis (BREV) on Binance HODLer Airdrops! Earn BREV With Retroactive BNB Simple Earn Subscriptions,BREVUSDT,0.4173,0.4108,0.4119,0.4136,0.427323066303248,0.4277,0.43860214277789744,0.446,0.446,0.4346,0.4272045804972871,0.4272,0.42986310375003284,0.4272,0.42749930158138555,0.4436,0.44287392226615696,0.4426,,0.4461,,0.4398,
261700,binance,product_add,BREV,1,1767706217945,"Binance Will Add Brevis (BREV) on Earn, Buy Crypto, Convert, Margin & Futures",BREVUSDT,0.4159,0.398,0.4014,0.4016,0.40208871026215875,0.4018,0.4021548785574486,0.4023,,0.4025,,0.3988,,0.4009,0.4000788878852699,0.4035,,0.4056,0.4049,0.3802,0.3795021880155121,0.3813,0.38119999999999993
261819,binance,spot_listing,ZKP,1,1767782346580,Binance Will List 币安人生 (币安人生) and zkPass (ZKP) with Seed Tag Applied,ZKPUSDT,0.11596,0.11716,0.11807,0.11805,0.13174864750892645,0.13547,0.13716561038018252,0.13472,0.1327966793058279,0.13942,0.13784714963542327,0.14025,0.1392600712134763,0.14034,0.13893252150776667,0.14726,0.14724754399538584,0.15236,0.15232391700786907,0.16975,0.16962053072933092,0.19691,0.19684068691420537
261858,binance,product_add,ZKP,1,1767792606045,"Binance Will Add 币安人生 (币安人生) and zkPass (ZKP) on Earn, Buy Crypto, Convert & Margin",ZKPUSDT,0.15638,0.1658,0.16348,0.16327,0.16363937461465436,0.16345,0.1636319786292071,0.16383,0.1641376399073964,0.16399,0.16362125102054606,0.16225,0.1621686490702199,0.16255,0.16222063520308835,0.16388,0.1640478400420486,0.16121,0.16140143582131758,0.19302,0.1934549130467731,0.18839,0.18812843872674515
262295,binance,spot_listing,FOGO,1,1768222253294,Binance Will List Fogo (FOGO) with Seed Tag Applied,FOGOUSDT,0.05844,0.05923,0.0582,0.05825,0.06169041826410267,0.06027,0.06304320217625708,0.06078,0.060974473586289296,0.0594,0.05953547637829427,0.06068,0.06068171404459384,0.0607,0.06053481799370782,0.05927,0.059134344872741745,0.05592,0.055798163660484006,0.05524,0.05521,0.05729,
262737,binance,product_add,FOGO,1,1768484541232,"Binance Will Add Fogo (FOGO) on Earn, Buy Crypto, Convert, Margin & Futures",FOGOUSDT,0.0449,0.04686,0.0466,0.04668,0.04688163970392952,0.04691,0.046934207721278515,0.04689,0.04691110918002638,0.04697,0.0469708024148602,0.04688,0.046885084331951536,0.04685,0.04688,0.04827,0.04817342884517414,0.047,0.046939684756850474,0.05989,0.059826584741898996,0.05244,0.052464821926511605
263247,binance,spot_listing,RLUSD,1,1768984201712,Binance Will List Ripple USD (RLUSD) and Introduce RLUSD Zero Trading Fee Promotion,RLUSDUSDT,1.0004,1.0001,1.0001,1.0001,1.0007883848605705,1.002,1.001449908267052,0.9952,,0.9952,,0.9996,0.9996000000000002,0.9996,0.9992173302895715,0.9963,0.9960030799005727,0.9991,,0.9971,,0.9999,
263411,binance,spot_listing,SENT,1,1769059554238,Binance Will List Sentient (SENT) with Seed Tag Applied,SENTUSDT,0.02034,0.02089,0.02092,0.02093,0.0218048089304553,0.022,0.02218376414281792,0.02181,0.021839853111693293,0.02197,0.021967494524615144,0.02196,0.0222485736010846,0.0219,0.022197323437380637,0.0214,0.02133340716840683,0.02142,0.021323096525920102,0.01947,,0.020027,
263463,binance,product_add,RLUSD,1,1769067003913,"Binance Will Add Ripple USD (RLUSD) on Earn, Buy Crypto, Convert, Margin & VIP Loan",RLUSDUSDT,0.9998,0.9964,0.9964,0.9964,0.9985616321555612,0.9964,,0.9964,,0.9964,,,,0.9963,,0.9963,,0.9965,,0.9965,,0.9995,
263555,binance,futures_launch,SKR,1,1769073274832,Binance Futures Will Launch USDⓈ-Margined SKRUSDT Perpetual Contract (2026-01-22),SKRUSDT,0.042371,0.044394,0.043959,0.044962,0.045473591893656656,0.046152,0.04568691847646756,0.045427,0.04494101257910497,0.04472,0.044682779485729573,0.044184,0.04428782530417124,0.044204,0.04427032424747431,0.04282,0.04284342433153016,0.042928,0.04290302444990726,0.043217,0.043177338653756545,0.042706,0.042653026153495525
263575,binance,product_add,SENT,1,1769085007940,"Binance Will Add Sentient (SENT) on Earn, Buy Crypto, Convert, VIP Loan, Margin & Futures",SENTUSDT,0.020113,0.0248,0.025619,0.025642,0.025686771819970096,0.025837,0.025813149537692103,0.025688,0.025692338276520933,0.025728,0.025797192176588813,0.026279,0.026331070955012418,0.026268,0.026288315724736864,0.026703,0.026588640820100512,0.026426,0.026309950271570223,0.027042,0.027016486168134176,0.024638,0.024625058460556706
264153,binance,futures_launch,BIRB,1,1769657388656,Binance Futures Will Launch USDⓈ-Margined BIRBUSDT and GWEIUSDT Perpetual Contracts (2026-01-29),BIRBUSDT,0.3603,0.35914,0.38711,0.38729,0.3883219237351114,0.38863,0.3890640232233896,0.39097,0.3951888646458528,0.39225,0.3915573771063965,0.38413,0.3837634189135591,0.3838,0.38282608993346595,0.37093,0.37054500816365077,0.39027,0.38954778903909804,0.35898,0.3606721989264353,0.32263,0.32277207482719555
264332,binance,futures_launch,MEGA,1,1769769359414,Binance Futures Will Launch USDⓈ-Margined MEGAUSDT Perpetual Contract Pre-Market Trading (2026-01-30),MEGAUSDT,0.17681,0.17593,0.17647,0.1768,0.17667783708830126,0.1768,0.1766737523457936,0.17605,0.17605,0.1777,0.1792808112077386,0.18067,0.18194500336628944,0.18067,0.1825245804381799,0.17208,0.17208,0.15998,,0.1567,,0.13321,0.1332
264369,binance,futures_launch,INX,1,1769794397965,Binance Futures Will Launch USDⓈ-Margined INXUSDT Perpetual Contract (2026-01-30),INXUSDT,0.021928,0.019348,0.018372,0.019361,0.019602037576922565,0.01951,0.019794094899681588,0.020346,0.02052889981811258,0.019229,0.01962945497698901,0.020747,0.020759944724321005,0.01985,0.020531997703353202,0.020517,0.020450288839834584,0.021314,,0.021792,,0.022518,0.022493590763638365
264540,binance,spot_listing,ZAMA,1,1770006523224,Binance Will List Zama (ZAMA) with Seed Tag Applied,ZAMAUSDT,0.04376,0.04498,0.0455,0.04556,0.04666674586702817,0.04678,0.046922690386505365,0.04696,0.04723963447624506,0.04612,0.046997414746408485,0.04658,0.04689140653112381,0.04616,0.046615164566072266,0.04603,,0.04576,0.045759999999999995,0.04386,,0.04415,
264699,binance,product_add,ZAMA,1,1770035411095,"Binance Will Add Zama (ZAMA) on Earn, Buy Crypto, Convert, VIP Loan, Margin & Futures",ZAMAUSDT,0.04278,0.03874,0.03902,0.03906,0.03921240001812302,0.03907,0.03922056996314202,0.03936,0.03939459680009966,0.03955,0.03961827957573022,0.03964,0.03969627469143245,0.03963,,0.04053,0.040506969190225076,0.03766,0.03748234705335779,0.03171,0.0316785371698554,0.03403,
265148,binance,futures_delist,YALA,-1,1770275659503,Binance Futures Will Delist USDⓈ-M RVVUSDT and YALAUSDT Perpetual Contracts (2026-02-10),YALAUSDT,0.009718,0.009727,0.009716,0.009748,0.009735844215517197,0.009729,0.009641260319248564,0.00961,0.009535456594366488,0.009567,0.009483427015718054,0.009478,0.009434873581081513,0.009511,0.009456486862308024,0.008692,0.008771488567213987,0.008827,,0.007484,,0.007261,
265210,binance,futures_launch,TRIA,1,1770373050892,Binance Futures Will Launch USDⓈ-Margined TRIAUSDT Perpetual Contract (2026-02-06),TRIAUSDT,0.021026,0.020476,0.021895,0.021881,0.02417752289168508,0.026043,0.026715615057972437,0.02859,0.029033747367719114,0.026254,0.026326064714217397,0.024781,0.024641489559904344,0.024768,0.024592965729163342,0.024207,0.024279823172963125,0.024102,0.024057,0.02608,0.02596984386711916,0.022062,0.022055
265750,binance,spot_listing,ESP,1,1770881303176,Binance Will List Espresso (ESP) with Seed Tag Applied,ESPUSDT,0.07747,0.08064,0.08073,0.08062,0.08424905487538552,0.08466,0.08553401576930439,0.0867,0.0871389634632772,0.08755,0.08728483463421254,0.08406,0.08445658653192784,0.08405,0.08433230276771973,0.08317,0.08269749050070069,0.08148,,0.08402,0.08406,0.07728,0.0772430275144789
265786,binance,product_add,ESP,1,1770899430661,"Binance Will Add Espresso (ESP) on Earn, Buy Crypto, Convert, VIP Loan, Margin & Futures",ESPUSDT,0.07725,0.07087,0.07044,0.07052,0.07099374709660246,0.07103,0.07117784279112474,0.07147,0.07169761582895409,0.07193,0.07193,0.07213,0.07230973666838622,0.07211,0.07223847346152057,0.07187,,0.0702,0.0700242517120269,0.07649,0.07646507551280125,0.07949,0.07948583762305653
266123,binance,futures_launch,OPN,1,1771684885775,Binance Futures Will Launch USDⓈ-Margined OPNUSDT Perpetual Contract Pre-Market Trading (2026-02-21),OPNUSDT,0.503,0.5026,0.5014,0.5027,0.5060848317571274,0.5039,0.5067882285783023,0.5062,0.5078406999677307,0.5052,0.5029456221096034,0.4857,0.4828543235829237,0.4857,0.48228841423377283,0.4566,0.4556531837964096,0.4566,0.4536211184816252,0.501,,0.658,0.6561
266686,binance,futures_launch,ROBO,1,1772179222463,Binance Futures Will Launch USDⓈ-Margined ROBOUSDT Perpetual Contract (2026-02-27),ROBOUSDT,0.03468,0.0326,0.0315,0.03471,0.03380900980957303,0.03345,0.0336292716939035,0.03317,0.03305176823406274,0.03447,0.03490357588494199,0.03591,0.036007395292487455,0.03591,0.035536824119188924,0.03368,0.0339045678174177,0.03528,0.03522931595302708,0.03441,0.03441273342654948,0.03932,0.03929004125346968
266876,binance,launchpool_airdrop,OPN,1,1772455551819,"Introducing Opinion (OPN) on Binance Launchpool! Farm OPN by Locking BNB, USDC, U, and USD1",OPNUSDT,0.5669,0.5917,0.5797,0.5813,0.5846122111525837,0.5847,0.5856762757977718,0.5841,0.5815057720793085,0.5951,0.5976552288804899,0.5669,0.5677062027264609,0.5676,0.5628382904334165,0.5367,0.5389697609892911,0.5158,0.5145301344445818,0.4996,0.4979048204701177,0.5745,0.5728
267283,binance,spot_listing,ROBO,1,1772629994452,Binance Will List Fabric Protocol (ROBO) with Seed Tag Applied,ROBOUSDT,0.04648,0.04312,0.04377,0.04378,0.047093158689183685,0.04899,0.04915758801634096,0.04812,0.04760256553956058,0.0486,0.0493367109319242,0.04887,0.04857705876254469,0.04884,0.0483239139244859,0.04693,0.04702615604676444,0.04715,0.047069056637813016,0.04459,0.04461,0.0447,0.04469079816929961
267320,binance,product_add,ROBO,1,1772640008678,"Binance Will Add Fabric Protocol (ROBO) on Earn, Buy Crypto, Convert, VIP Loan & Margin",ROBOUSDT,0.04442,0.04509,0.04473,0.04474,0.04487820174686362,0.04488,0.044913176929974805,0.04481,0.04480892606035338,0.04477,0.04477,0.04491,0.04490303244455738,0.0449,0.044898860092285164,0.04528,0.04527765300725992,0.04555,0.04551066231454912,0.04338,0.043307281655779295,0.04352,
267402,binance,product_add,OPN,1,1772713833599,"Binance Will Add Opinion (OPN) on Earn, Buy Crypto, Convert, VIP Loan, Margin & Futures",OPNUSDT,0.458,0.4854,0.4725,0.475,0.47634322545072594,0.4768,0.4775740827190443,0.4779,0.4779318737523404,0.4759,0.4753607611011328,0.4727,,0.4733,0.4731383816060476,0.4702,0.4702,0.4696,,0.4554,0.4544658075267955,0.3827,0.38360590064527555
267961,binance,launchpool_airdrop,NIGHT,1,1773228681283,Introducing Midnight (NIGHT) on Binance HODLer Airdrops! Earn NIGHT With Retroactive BNB Simple Earn Subscriptions,NIGHTUSDT,0.0518,0.05234,0.05313,0.05306,0.0556160553505053,0.05688,0.05735815059457955,0.05647,0.056370523469479926,0.05558,0.05472562589306027,0.0524,0.052418641993868816,0.05237,0.05229200874053401,0.05239,0.052425453276402,0.05099,0.05093965171671925,0.05054,0.05053507622258643,0.04979,0.049747424834191034
267988,binance,product_add,NIGHT,1,1773241201739,"Binance Will Add Midnight (NIGHT) on Earn, Buy Crypto, Convert, VIP Loan & Margin",NIGHTUSDT,0.05261,0.05322,0.05206,0.05207,0.05224107391615431,0.05225,0.05229980700308723,0.05238,0.05242974470394072,0.05253,0.052523112830753865,0.05255,0.05266611266687818,0.05258,0.05263404351947707,0.05185,0.051886544172109715,0.05196,0.05185983463614632,0.04765,0.0475940368016836,0.04907,0.04905935134434853
268137,binance,spot_listing,KAT,1,1773366336337,Binance Will List Katana (KAT) with Seed Tag Applied,KATUSDT,0.01381,0.01375,0.01449,0.01449,0.014920391779769572,0.01523,0.014969858690638469,0.01498,0.015172878463891943,0.01523,0.015152944113221422,0.01528,0.01528303755498813,0.01528,0.015207300826525117,0.0156,0.015660000000000004,0.01573,0.01571,0.01555,,0.01585,
268576,binance,launchpool_airdrop,ROBO,1,1773804614268,Introducing Fabric Protocol (ROBO) on Binance HODLer Airdrops! Earn ROBO With Retroactive BNB Simple Earn Subscriptions,ROBOUSDT,0.0297,0.03455,0.0335,0.03345,0.03376317802850632,0.03371,0.033903519769797295,0.03389,0.033999690443001745,0.03368,0.03369277609268053,0.03232,0.03246642184173403,0.03231,0.03239010567891267,0.03274,0.03271112236529634,0.03279,0.03275435806545345,0.03078,0.030751093669814853,0.02922,0.029209839669103385
268679,binance,spot_delist,HOOK,-1,1773824408667,"Binance Will Delist A2Z, FORTH, HOOK, IDEX, LRC, NTRN, RDNT, SXP on 2026-04-01",HOOKUSDT,0.02149,0.02151,0.02155,0.02152,0.021021850070239736,0.02093,0.020666899890628143,0.02093,0.02048645943052069,0.01985,0.019793368467256947,0.02015,0.020148252680250816,0.02017,0.0201392263000482,0.01758,0.017552062212221067,0.0183,0.018138116144794877,0.01741,0.01741869376894903,0.01643,0.016440673006540684
268679,binance,spot_delist,LRC,-1,1773824408667,"Binance Will Delist A2Z, FORTH, HOOK, IDEX, LRC, NTRN, RDNT, SXP on 2026-04-01",LRCUSDT,0.0299,0.03,0.02966,0.02964,0.028449469866357432,0.02865,0.028538041682609358,0.02873,0.028763138311630115,0.02724,0.026343674482209912,0.02557,0.025510946806079716,0.02557,0.02538187805576261,0.02445,0.024435346589563547,0.02467,0.024738921404940776,0.02671,0.026665818190981908,0.02597,0.025920000000000002
268679,binance,spot_delist,NTRN,-1,1773824408667,"Binance Will Delist A2Z, FORTH, HOOK, IDEX, LRC, NTRN, RDNT, SXP on 2026-04-01",NTRNUSDT,0.007753,0.007712,0.007734,0.007724,0.007514399708849541,0.007472,0.0073995713234705695,0.007442,0.007375472819096439,0.007143,0.007146424717638643,0.007245,0.0072579320055863586,0.007259,,0.006956,0.006956870996064072,0.006509,0.006535765400690026,0.006295,0.006307798447713068,0.005912,
268679,binance,spot_delist,RDNT,-1,1773824408667,"Binance Will Delist A2Z, FORTH, HOOK, IDEX, LRC, NTRN, RDNT, SXP on 2026-04-01",RDNTUSDT,0.005417,0.005417,0.005411,0.005405,0.005137215564764527,0.005139,0.005069503751140004,0.005144,0.005060086926048658,0.004873,0.004888802404438731,0.004925,0.004926879236616525,0.004931,0.0049327158099591074,0.004714,0.004709599232360752,0.004696,0.004702,0.004681,0.0046963536510400495,0.004465,
268679,binance,spot_delist,SXP,-1,1773824408667,"Binance Will Delist A2Z, FORTH, HOOK, IDEX, LRC, NTRN, RDNT, SXP on 2026-04-01",SXPUSDT,0.01077,0.01084,0.01085,0.01085,0.010428085457699396,0.0105,0.010416372521249896,0.01053,0.010558537664640679,0.01034,0.01032347048290839,0.01049,0.010480068602045162,0.01053,0.010486605505249855,0.00996,0.009906591268913396,0.00965,0.009664789829474683,0.00908,0.009083365805674657,0.00829,
268706,binance,product_add,KAT,1,1773837462750,"Binance Will Add Katana (KAT) on Earn, Buy Crypto, Convert, VIP Loan, Margin & Futures",KATUSDT,0.01446,0.01517,0.01515,0.01516,0.015211420524426762,0.01525,0.015256877558403622,0.01525,0.015176536714911698,0.01525,0.015285133445146752,0.01512,,0.01521,0.015166652677699979,0.01545,,0.01542,,0.01205,0.012014316069459435,0.01267,0.012660699975059265
269532,binance,product_add,XAUT,1,1774530004612,"Binance Will Add Tether Gold (XAUT) on Earn, Buy Crypto, Convert, VIP Loan, Margin & Futures",XAUTUSDT,4418.4,4430.6,4425.3,4426.0,4427.605990387914,4427.0,4427.802947946006,4430.8,4431.067579427542,4421.0,4420.487109119196,4424.7,4425.402816724152,4425.2,4424.868638986217,4435.3,4435.129708932281,4436.3,,4449.7,4448.860900071313,4388.4,4387.249058627667
269707,binance,futures_launch,BASED,1,1774863642485,Binance Futures Will Launch USDⓈ-Margined BASEDUSDT Perpetual Contract (2026-03-30),BASEDUSDT,0.1345,0.1327,0.1305,0.1429,0.14432049453243362,0.1458,0.14465475464948183,0.1467,0.144438765206658,0.1444,0.14978046832706382,0.1468,0.14593044085853446,0.1468,0.1452816717554174,0.1385,0.13830725975933097,0.1264,0.127143838226217,0.1179,0.11828524628086155,0.1177,0.11761847965511042
269750,binance,futures_launch,CL,1,1774875635673,"Binance Futures Will Launch USDⓈ-Margined CLUSDT, BZUSDT and NATGASUSDT Perpetual Contracts (2026-04-01)",CLUSDT,100.902,100.9,100.05,100.15,100.18166763927375,100.155,100.18185525769864,100.19,100.24348172185933,100.01,,100.076,,100.1,100.08548394114707,100.465,100.46732298841317,101.22,101.20750030877159,102.105,102.1360481228729,102.559,
270107,binance,futures_launch,PRL,1,1775037060284,Binance Futures Will Launch USDⓈ-Margined PRLUSDT Perpetual Contract (2026-04-01),PRLUSDT,0.1276,0.1289,0.128,0.1443,0.15315359548922955,0.1576,0.15000683454396527,0.1502,0.15055152563700386,0.1703,0.16604648736905955,0.1737,0.1694715439242042,0.1754,0.17110120735690176,0.1768,0.17695625013683486,0.1803,0.17987614875045466,0.1635,0.16344169144760318,0.1456,0.1451746356337272
270759,binance,spot_delist,FIO,-1,1775714405744,"Binance Will Delist BIFI, FIO, FUN, MDT, OXT, WAN on 2026-04-23",FIOUSDT,0.006247,0.006233,0.006241,0.006234,0.005581892806599945,0.005345,0.005212991881056598,0.005474,0.005195596417991182,0.005027,0.004839772873224354,0.005071,0.005000121409342036,0.005093,0.005100685694869251,0.004963,0.005039345173323811,0.005049,0.0050364099498310996,0.005192,0.005212415101471457,0.004816,0.004816879808167
270759,binance,spot_delist,OXT,-1,1775714405744,"Binance Will Delist BIFI, FIO, FUN, MDT, OXT, WAN on 2026-04-23",OXTUSDT,0.015005,0.014943,0.014923,0.014917,0.013898505149097823,0.01356,0.013287076671558137,0.013221,0.012630971333915865,0.013204,0.013550372110218145,0.012939,0.012726817180893411,0.012947,0.013028021945037356,0.012553,0.01268034743275022,0.012868,0.01290996893831865,0.013325,,0.011764,0.011807894966394148
271217,binance,spot_delist,XVG,-1,1776137401903,"Binance Margin And Loan Will Delist BAR, PIVX, XVG on 2026-04-17",XVGUSDT,0.004859,0.004819,0.004818,0.004815,0.004793924073578911,0.004772,0.004745366251808047,0.004731,0.004717040088914784,0.004735,0.004734720972724995,0.004672,0.004650298997074437,0.004678,0.00466444272834284,0.004577,,0.004642,,0.004702,0.0047064761766641115,0.004858,
271696,binance,spot_delist,TRU,-1,1776416406263,"Binance Will Delist DEGO, DENT, TRU on 2026-04-28",TRUUSDT,0.006938,0.00693,0.006908,0.006909,0.006267128278234277,0.006907,0.006183409492869508,0.005666,0.005653103234300679,0.005847,0.005951261671214799,0.00602,0.00600984050450428,0.006025,0.0060523247922033,0.00596,0.005961956436521866,0.00595,0.005963974794258287,0.006029,0.0060762806413759305,0.005578,0.0055783705193773545
271926,binance,spot_listing,CHIP,1,1776772832132,Binance Will List Chip (CHIP) with Seed Tag Applied,CHIPUSDT,0.04389,0.0433,0.04191,0.04232,0.04279337469764428,0.04232,0.04282695431030423,0.04193,0.042051281957646056,0.04299,0.043152430640828875,0.04341,0.04341,0.04323,0.04317212416483761,0.04542,0.04543098007580058,0.04563,0.04540665374505291,0.051,0.05100486096936327,0.05666,0.05674323167063424
271973,binance,product_add,CHIP,1,1776776407020,"Binance Will Add Chip (CHIP) on Earn, Buy Crypto, Convert, VIP Loan, Margin & Futures",CHIPUSDT,0.0416,0.05373,0.05138,0.0517,0.05164366270821904,0.05164,0.05177454688925516,0.05157,0.05156267884451683,0.05119,0.05122094366034909,0.05193,0.051835678731778384,0.05193,0.05155940987099467,0.0544,0.053717862833619415,0.04872,0.04862982202254475,0.05549,0.05546761609752048,0.0569,0.056859017011407706
272575,binance,launchpool_airdrop,CHIP,1,1777363203344,Introducing USD.AI (CHIP) on Binance HODLer Airdrops! Earn CHIP With Retroactive BNB Simple Earn Subscriptions,CHIPUSDT,0.07203,0.07082,0.07093,0.07091,0.0714333727457038,0.07123,0.07127890909932702,0.071,0.07085047020069028,0.06943,0.06956019057505146,0.06953,0.06954542945951717,0.06952,0.06952607491335779,0.06978,0.06975643946968643,0.07035,0.07032171296900129,0.07073,0.07072,0.06956,0.06953610805270491
272905,binance,spot_listing,MEGA,1,1777540049704,Binance Will List MegaETH (MEGA) with Seed Tag Applied,MEGAUSDT,0.19907,0.1986,0.20049,0.20146,0.20234158852082,0.202,0.2024412465129181,0.20097,0.20300438358988088,0.20022,0.20013792918019613,0.19838,0.1987775397612804,0.19871,0.19845181705357198,0.19325,0.19262155478570223,0.19872,,0.184,0.18378,0.1635,0.1635
272985,binance,product_add,MEGA,1,1777546078718,"Binance Will Add MegaETH (MEGA) on Earn, Buy Crypto, Convert, VIP Loan, Margin & Futures",MEGAUSDT,0.18823,0.18315,0.18444,0.18455,0.18487117474172207,0.18485,0.18488587794340233,0.18504,0.18561004835147105,0.18503,0.18549996029736393,0.18541,0.18570412846440837,0.1856,0.1856620223163753,0.1821,0.18217701669140948,0.1843,0.18470319472406385,0.172,0.17176254394242277,0.1707,0.17060830951581382
273334,binance,futures_launch,BILL,1,1778137169304,Binance Futures Will Launch USDⓈ-Margined BILLUSDT Perpetual Contract (2026-05-07),BILLUSDT,0.07273,0.07192,0.07474,0.07475,0.07711085717427879,0.07889,0.07835500639492916,0.07709,0.07675080962524215,0.07571,0.075807437692085,0.07621,0.07653189174409843,0.0763,0.07662999894114988,0.07603,0.076008750244473,0.07447,0.07464,0.07582,0.07584062165037803,0.07393,0.07392710949404736
273798,binance,spot_delist,MLN,-1,1778659204681,"Binance Will Delist ATA, FARM, MLN, PHB, SYS on 2026-05-27",MLNUSDT,3.123,3.115,3.111,3.109,2.706232914643002,2.653,2.562470705974834,2.495,2.463100623805753,2.533,2.5128782046243123,2.457,2.4652209409926824,2.45,2.46526874416456,2.288,2.3050318175732,2.5,2.4961340015811126,2.256,2.25203372163832,2.312,2.3080903172375713
274005,binance,spot_listing,AIGENSYN,1,1778752803676,Binance Will List Gensyn (AIGENSYN) with Seed Tag Applied,AIGENSYNUSDT,0.03179,0.03144,0.03108,0.03108,0.03455711775199985,0.03574,0.03665123848279728,0.03586,0.03618776236575267,0.03641,0.036162579484700114,0.03648,0.03663422373411612,0.03642,0.03657118564885625,0.03899,0.03919214847879771,0.04166,0.041573733647085866,0.04484,0.04491850861877247,0.04567,0.04560592764196722
274074,binance,product_add,AIGENSYN,1,1778778270843,"Binance Will Add Gensyn (AIGENSYN) on Earn, Buy Crypto, Convert, VIP Loan & Margin",AIGENSYNUSDT,0.05032,0.04813,0.04993,0.0498,0.04988326400620441,0.04988,0.050039365394294356,0.05019,0.05032355636829287,0.05012,0.05002069419997942,0.05073,0.05073521653138334,0.05071,0.050749379064029675,0.0506,0.050691910346092196,0.04871,0.048822998939609216,0.04554,0.04561974967197349,0.04128,0.04130358259595637
274664,binance,launchpool_airdrop,AIGENSYN,1,1779361202869,Introducing Gensyn (AIGENSYN) on Binance HODLer Airdrops! Earn AIGENSYN With Retroactive BNB Simple Earn Subscriptions,AIGENSYNUSDT,0.0319,0.03193,0.03189,0.03238,0.03264891204512177,0.0326,0.03263604676619051,0.03246,0.03236266251429644,0.03182,0.03127934147550632,0.03141,0.03140550232911964,0.03147,0.03138536350840704,0.03165,0.03159842266069069,0.03207,0.03206057750320018,0.032,0.03197962295046299,0.03067,0.030666025820095238
274823,binance,spot_listing,GENIUS,1,1779434315961,Binance Will List Genius Terminal (GENIUS) and OpenGradient (OPG) with Seed Tag Applied,GENIUSUSDT,0.4393,0.4341,0.4365,0.4365,0.4702945590957971,0.484,0.48230178871432666,0.469,0.4677261970799998,0.5165,0.5238922792956197,0.5433,0.5446664017069847,0.544,0.5424129882842204,0.5289,0.5253381643733918,0.5244,0.523628080158692,0.5707,0.5739967931191672,0.5895,0.5893227575455129
274823,binance,spot_listing,OPG,1,1779434315961,Binance Will List Genius Terminal (GENIUS) and OpenGradient (OPG) with Seed Tag Applied,OPGUSDT,0.2493,0.2536,0.2523,0.2524,0.2778914038878912,0.2866,0.28619705234955906,0.2806,0.280833582749511,0.2865,0.28630420765469294,0.2851,0.2849210001788237,0.2851,0.28484143692483027,0.2876,0.2861583615051138,0.2901,0.28852781018318385,0.292,,0.2661,0.26619999999999994
274888,binance,product_add,GENIUS,1,1779450306558,"Binance Will Add Genius Terminal (GENIUS) and OpenGradient (OPG) on Earn, Buy Crypto, Convert, VIP Loan & Margin",GENIUSUSDT,0.5884,0.5901,0.5898,0.5905,0.5905873618893335,0.5905,0.591725714557911,0.5926,0.5926536570874619,0.5903,0.5905382416887258,0.5874,0.5875859827834164,0.5872,0.5871360970600328,0.5935,0.5935733208026938,0.6057,0.6019200267799651,0.6209,0.6192739085762136,0.6317,0.6311970404290185
274888,binance,product_add,OPG,1,1779450306558,"Binance Will Add Genius Terminal (GENIUS) and OpenGradient (OPG) on Earn, Buy Crypto, Convert, VIP Loan & Margin",OPGUSDT,0.2694,0.2731,0.2715,0.2716,0.27162451328011855,0.2716,0.27166794443032277,0.2717,0.27141730304240763,0.2703,0.27013748388912756,0.2691,0.2692137873198361,0.2695,0.26908560485195615,0.2721,0.272,0.2731,0.27360400271459673,0.2663,0.26630210690139317,0.2415,0.2414
275505,binance,launchpool_airdrop,GENIUS,1,1780041603554,Introducing Genius Terminal (GENIUS) on Binance HODLer Airdrops! Earn GENIUS With Retroactive BNB Simple Earn Subscriptions,GENIUSUSDT,0.5901,0.5757,0.5782,0.5785,0.596654750242184,0.5977,0.5942898124091133,0.5918,0.5903627838740659,0.5837,0.586246393985386,0.5847,0.5854393225876584,0.5851,0.585242702581468,0.5668,0.5662342382359427,0.5709,0.5709705444461777,0.5861,0.5861139323432937,0.4882,0.48798214224524555
276280,binance,spot_delist,HIGH,-1,1780642807472,"Binance Will Delist COS, D, HIGH, MBOX on 2026-06-19",HIGHUSDT,0.09978,0.09536,0.09543,0.09529,0.08443835244717876,0.08205,0.07986234900583264,0.0752,0.07686827653876532,0.08062,0.08002903472139154,0.07966,0.07922115785711256,0.07984,0.07909669734037629,0.07872,0.07904984026781209,0.07986,0.08026387604916801,0.0832,0.0830681756580115,0.07551,
276280,binance,spot_delist,MBOX,-1,1780642807472,"Binance Will Delist COS, D, HIGH, MBOX on 2026-06-19",MBOXUSDT,0.011399,0.011179,0.011226,0.011204,0.00988706634897413,0.009252,0.009243429842418273,0.009406,0.009496701168036905,0.009416,0.009310793153005478,0.008999,0.009005605893671867,0.009002,0.009017408114054649,0.009105,0.009171289550612659,0.008443,0.008463949010993444,0.008842,0.008840243061306192,0.00836,0.008344839813922388
278283,binance,futures_delist,IP,-1,1782406806669,Binance Futures Will Delist USDⓈ-Margined IPUSDT and IPUSDC Perpetual Contracts (2026-06-28),IPUSDT,0.3312,0.3346,0.3329,0.3202,0.31609385551954217,0.3178,0.31451088218661666,0.312,0.30845546896097725,0.3111,0.31642852765990004,0.319,0.3199818984386262,0.319,0.31964446944947783,0.3258,0.3266998729506233,0.3429,0.34314671885960984,0.3532,0.3533,0.3754,
278398,binance,spot_delist,THE,-1,1782716408506,"Binance Margin And Loan Will Delist HOT, THE on 2026-07-03",THEUSDT,0.05611,0.05613,0.05622,0.05614,0.054958789951614864,0.05581,0.05507959771424788,0.05485,0.0539904902653839,0.05399,0.05390491687647382,0.05374,,0.05361,0.05370624669365131,0.05225,,0.05226,,0.0507,0.050843621154031814,0.05104,
278517,binance,launchpool_airdrop,OPG,1,1782795603128,Introducing OpenGradient (OPG) on Binance HODLer Airdrops! Earn OPG With Retroactive BNB Simple Earn Subscriptions,OPGUSDT,0.1309,0.1323,0.1321,0.132,0.13591354474998715,0.1373,0.13751660994945517,0.1368,0.13598895317821588,0.1318,0.13185365015041894,0.132,0.13224038386936748,0.1319,0.13194214320151224,0.1306,0.13069737293622893,0.132,0.1319313752281436,0.1293,0.12913636288468328,0.1236,
278862,binance,product_add,GRAM,1,1782978317244,"Binance Will Add Gram (GRAM) on Earn, Buy Crypto, Convert, VIP Loan, Margin & Futures",GRAMUSDT,1.5609,1.5667,1.5672,1.5673,1.567788162027907,1.5679,1.5692908026989993,1.5688,1.5688333723304688,1.5749,1.5746833900466388,1.5777,1.5777,1.5776,1.5773144589909516,1.5699,,1.5772,,1.6019,,1.6551,1.6550163273560408
279189,binance,spot_delist,IOTX,-1,1783332001595,Binance Margin And Loan Will Delist TST & IOTX on 2026-07-10,IOTXUSDT,0.002691,0.002701,0.002701,0.002703,0.002618046861848695,0.002597,0.0025738036701281036,0.002533,0.002542287667153418,0.00254,0.00251325258613776,0.002527,0.0025233861845300617,0.002529,0.0025305745953746756,0.002515,0.0025159753772902266,0.002528,0.002526,0.002548,,0.002583,0.0025835000967679503
280314,binance,spot_listing,AERO,1,1784273401964,Binance Will List Aerodrome (AERO) with Seed Tag Applied,AEROUSDT,0.4788,0.4723,0.4735,0.4736,0.506158621396696,0.4736,0.5080589178379448,0.5102,0.5074887435713751,0.5068,0.5062006092037018,0.5038,0.5038889135399021,0.5042,0.5029903832483138,0.4999,0.49991232498386967,0.4942,0.4942199450118663,0.4929,0.49269771120419237,0.4961,
280389,binance,product_add,AERO,1,1784303104983,"Binance Will Add Aerodrome (AERO) on Earn, Buy Crypto, Convert, VIP Loan & Margin",AEROUSDT,0.4834,0.4829,0.4836,0.4832,0.4832,0.4832,0.48320210794345986,0.4833,,0.4844,0.4842759107545631,0.4848,0.48511406666226836,0.4847,0.4851,0.4878,0.4871612836223786,0.4942,0.4931719836815278,0.4922,0.4921764081573018,0.4829,
280636,binance,futures_delist,AERGO,-1,1784643314244,Binance Futures Will Delist USDⓈ-M AERGOUSDT Perpetual Contract (2026-07-24),AERGOUSDT,0.02245,0.02185,0.02184,0.02024,0.019639848067479444,0.01915,0.019230500020959235,0.01922,0.01945242855682881,0.02044,0.02026273916904326,0.0205,0.020287973251559243,0.02055,0.020317423004761075,0.02014,0.020203072785314,0.02054,0.020576734442727125,0.02144,0.021633968815410957,0.0219,0.02189
281375,binance,spot_delist,ACX,-1,1785727810683,"Binance Will Delist ACX, HFT, PIVX, PYR, VANRY, VIC on 2026-08-17",ACXUSDT,0.0404,0.04065,0.04065,0.04066,0.036863880750247865,0.04066,0.0368238269444678,0.03494,0.034613576378008104,0.03665,0.03656759304669096,0.03601,0.03597931782905234,0.03607,0.036189677256727275,0.03327,0.03369665538909585,0.03463,0.03465925666582511,0.03602,0.03605,0.03689,
281375,binance,spot_delist,HFT,-1,1785727810683,"Binance Will Delist ACX, HFT, PIVX, PYR, VANRY, VIC on 2026-08-17",HFTUSDT,0.008708,0.008688,0.008704,0.008699,0.007745655815551264,0.008699,0.007736953234771812,0.007665,0.007685084336364596,0.00791,0.007802745053304492,0.007779,0.007771781361609133,0.007791,0.007829529207665779,0.007032,0.007035768354712232,0.006836,0.006807730313984677,0.00763,0.0076219999999999994,0.007206,
281375,binance,spot_delist,VANRY,-1,1785727810683,"Binance Will Delist ACX, HFT, PIVX, PYR, VANRY, VIC on 2026-08-17",VANRYUSDT,0.003682,0.003579,0.003573,0.003573,0.0032973554282342043,0.00357,0.003289309156700752,0.003207,0.003203843848505955,0.003276,0.0032870373392301145,0.003376,0.003384119678846372,0.003375,0.003384068055037316,0.003701,0.003682397285139069,0.003607,0.0035986887178448787,0.003691,0.0036943828330988433,0.003489,
281933,binance,spot_delist,POWR,-1,1786356004147,Binance Margin And Loan Will Delist BTTC & POWR on 2026-08-14,POWRUSDT,0.03857,0.03859,0.03859,0.03692,0.03637282213111124,0.03661,0.03605563252240745,0.03571,0.03630328074565631,0.03728,0.037695506132898245,0.03752,0.037561152013598414,0.03763,0.03762207313679836,0.03871,0.03902446287056586,0.03895,,0.03911,,0.03882,
282805,binance,futures_launch,UNITREE,1,1787106609387,Binance Futures Will Launch UNITREEUSDT USDⓈ-Margined Perpetual Contract (2026-08-19),UNITREEUSDT,133.44,129.01,128.91,128.91,129.0071516809696,128.8,129.0445977624867,128.96,129.18045754986383,129.12,129.15961333190884,129.05,,129.14,,128.76,129.11,129.25,129.089205827551,124.56,124.6760165620289,117.61,117.64225219779277
282887,binance,spot_delist,ICX,-1,1787205606608,"Binance Will Delist ICX, SCRT, STORJ on 2026-09-03",ICXUSDT,0.01853,0.01795,0.018,0.01799,0.016940072234037047,0.01615,0.01597767738569677,0.01698,0.016809005915556667,0.01688,0.01668753168136537,0.01666,0.016620329226617117,0.01667,0.016584574249274345,0.01569,0.0157212416501584,0.01628,0.01632903988912169,0.01563,0.01566710190703033,0.01582,0.01582
282887,binance,spot_delist,SCRT,-1,1787205606608,"Binance Will Delist ICX, SCRT, STORJ on 2026-09-03",SCRTUSDT,0.02397,0.02331,0.02312,0.0231,0.02105626965066716,0.02006,0.02010752922735703,0.02099,0.021434025926483,0.02178,0.021379174244317227,0.02134,0.021503662917796106,0.02131,0.021500583420398515,0.02206,0.02204605297628685,0.02279,0.02277,0.0215,0.02151026068703246,0.02082,0.020838666716318607
282887,binance,spot_delist,STORJ,-1,1787205606608,"Binance Will Delist ICX, SCRT, STORJ on 2026-09-03",STORJUSDT,0.04181,0.04079,0.04064,0.04059,0.03794027384537778,0.03772,0.03661749455840534,0.0386,0.038628514322407805,0.03767,0.037434845716673125,0.03774,0.0377038019274313,0.03774,0.03769496939944808,0.03745,0.03741539026405302,0.03846,0.03874743071556646,0.0409,,0.04083,0.04084
283746,binance,futures_launch,GPRO,1,1788438625942,Binance Futures Will Launch USDⓈ-Margined GPROUSDT Perpetual Contract (2026-09-03),GPROUSDT,1.8325,1.7533,1.8124,1.8361,1.8566406584399762,1.8619,1.8602056926523285,1.8319,1.828018553709145,1.831,1.8269855549893288,1.8203,1.803256223664312,1.8267,1.7973487604967935,1.7671,,1.7699,,1.7355,1.7283185567545722,1.5696,1.566417391637987
283840,binance,spot_listing,MARSCOIN,1,1788516901870,Binance Will List MarsCoin (MARSCOIN) with Seed Tag Applied,MARSCOINUSDT,0.11087,0.11033,0.11058,0.11049,0.12084842389214882,0.123,0.12837606153900324,0.13099,0.13954380118945522,0.15389,0.15697746203871904,0.16475,0.1673066171266904,0.16471,0.16472012607045997,0.17003,0.1694159735718836,0.17887,0.1781081806626482,0.18531,0.1845684138207259,0.17708,0.1770839807792264
283893,binance,product_add,MARSCOIN,1,1788525902072,"Binance Will Add MarsCoin (MARSCOIN) on Earn, Buy Crypto, Convert, VIP Loan & Margin",MARSCOINUSDT,0.19172,0.1786,0.18187,0.1806,0.18030568346351825,0.18065,0.1801488031068381,0.18003,0.1801099978518885,0.1803,0.1802105211913133,0.17921,0.1793993774614353,0.17934,0.1791049545433229,0.18414,0.18344536441414744,0.17679,0.17755714929426328,0.1804,0.18013668248738376,0.17819,0.1779320008773596
283915,binance,futures_launch,PONS,1,1788674111414,Binance Futures Will Launch USDⓈ-Margined PONSUSDT and 哈基米USDT Perpetual Contracts (2026-09-06),PONSUSDT,0.8739,0.8993,0.9089,0.9182,0.9115371549919319,0.91,0.9081861413249861,0.9071,0.907857833429906,0.9053,0.9057279158095868,0.8974,0.8952257788634581,0.8986,0.8957034708738945,0.8722,0.8731819088983378,0.8783,0.8780602591530428,0.8921,0.8922240600321726,0.9251,0.9256839993845025
285191,binance,futures_launch,MOONSHOT,1,1790062264920,Binance Futures Will Launch MOONSHOTUSDT USDⓈ-Margined Perpetual Contract Pre-IPO Trading (2026-09-22),MOONSHOTUSDT,66.93,66.34,66.34,66.93,67.07103697148295,67.34,67.34,67.33,,68.07,,67.76,,68.0,67.98053934263652,69.0,,69.36,,70.81,,68.5,
285396,binance,futures_launch,OURA,1,1790147746848,Binance Futures Will Launch OURAUSDT USDⓈ-Margined Perpetual Contract Pre-IPO Trading (2026-09-23),OURAUSDT,49.6,48.51,49.11,49.5,49.914167925701435,49.43,49.43,49.43,49.43,48.55,49.631520795822716,49.3,,49.2,,50.03,,50.5,,50.3,,50.87,50.70000788954635
285492,binance,spot_listing,HYPE,1,1790235038608,Binance Will List Hyperliquid (HYPE) with Seed Tag Applied,HYPEUSDT,92.95,92.86,93.07,93.05,93.55819294983546,93.64,93.64411340193153,93.58,93.58580046901712,94.06,94.17988746395227,94.08,94.05060824005064,94.08,94.0495745804371,94.22,94.22,94.09,94.11999999999999,92.39,92.38354152287728,90.88,90.87
285530,binance,product_add,HYPE,1,1790246704777,"Binance Will Add Hyperliquid (HYPE) on Earn, Buy Crypto, Convert, VIP Loan & Margin",HYPEUSDT,90.76,90.21,90.58,90.59,90.60698242762184,90.59,90.60700655598691,90.61,90.62826151773612,90.63,90.64724773565462,90.75,90.79163424931777,90.74,90.81826218509934,90.84,,91.11,91.1144447758906,90.95,90.95,92.73,92.71776366585148
okx:https://www.okx.com/en-us/help/okx-will-launch-xpl-usd-and-xpl-usdt-for-spot-trading,okx,spot_listing,XPL,1,1758903291475,OKX will launch XPL/USD and XPL/USDT for spot trading,XPLUSDT,1.2244,1.2173,1.225,1.225,1.2232788358050783,1.2234,1.2228737054364167,1.2224,1.2223438976442504,1.2202,1.2220069105338063,1.2213,1.2212151830277482,1.2213,1.2199921419694408,1.2329,1.2340951496977381,1.2647,1.26503868542066,1.3137,1.3136836949729152,1.2656,1.2645745578871628
okx:https://www.okx.com/en-us/help/okx-will-launch-met-usdt-for-spot-trading-and-convert-pre-market-futures-to,okx,futures_launch,MET,1,1761188409037,OKX will launch MET/USDT for spot trading and convert pre-market futures to standard perpetual futures,METUSDT,0.9745,0.9629,0.9645,,,,,,,,,0.9659,,0.9653,,0.9677,,0.9664,,0.9457,,0.9272,0.9271
okx:https://www.okx.com/en-us/help/okx-to-list-virtuals-protocol-virtual-for-spot-trading,okx,spot_listing,VIRTUAL,1,1761620404821,OKX to list Virtuals Protocol (VIRTUAL) for spot trading,VIRTUALUSDT,1.414,1.4043,1.4049,1.4039,1.403932822489014,1.4042,1.4043029835875083,1.4048,1.4057017447695825,1.4074,1.4085922794718782,1.4242,1.4200816004912842,1.424,1.4200497661169897,1.4379,1.438597959564831,1.4246,1.4254496750077443,1.4696,1.469412382924461,1.4033,1.403486263489986
okx:https://www.okx.com/en-us/help/okx-to-list-horizen-zen-for-spot-trading,okx,spot_listing,ZEN,1,1763384416715,OKX to list Horizen (ZEN) for spot trading,ZENUSDT,15.614,15.868,15.804,15.787,15.79104694937545,15.787,15.782998098401999,15.785,,16.041,16.087719122441754,16.068,16.08795309717861,16.064,16.07862890737782,15.916,15.896570396779937,15.557,15.561685924335755,15.299,15.287753790387097,16.695,16.66409345721982
okx:https://www.okx.com/en-us/help/okx-to-list-edge-edgex-for-spot-trading,okx,spot_listing,EDGE,1,1778043616373,OKX to list EDGE/USDT (edgeX) for spot trading,EDGEUSDT,1.31,1.3204,1.326,1.3261,,1.3261,,1.3261,,1.3261,1.3261672582977495,1.3229,1.3229,1.3232,1.3228418458112157,1.3308,,1.3399,,1.3552,1.3545571678672002,1.3814,1.3808691785761324
okx:https://www.okx.com/en-us/help/okx-to-list-irys-usdt-irys-for-spot-trading,okx,spot_listing,IRYS,1,1779858013753,OKX to list IRYS/USDT (Irys) for spot trading,IRYSUSDT,0.030549,0.03077,0.030763,0.030752,0.030752000000000005,0.030752,0.030752000000000005,0.030754,,0.03083,0.030853725558772496,0.031,0.03118901144580324,0.031001,0.03102587821658088,0.031289,0.031271,0.030458,0.03046863798036394,0.030486,,0.030056,0.030085999999999998
