tree
version=v4
num_class=1
num_tree_per_iteration=1
label_index=0
max_feature_idx=14
objective=regression
feature_names=aggr vol_ratio body close_loc brk_atr stop_atr ret30 effort cvd20 atr_ratio range10 approach rs7 breadth with_trend2
feature_infos=[0.11458760901670217:0.97832433883257786] [0:111.64361955403213] [0:1] [0:1] [9.5782429705324948e-15:6.4563996330692452] [0.30001341594821074:3.9999913700264309] [-0.78133058277462608:8.5070349679288224] [-2.8483875002683972:6.2206746567106572] [-0.43447941055995792:0.39802621434078639] [0.2664013650092269:3.2221915677736517] [0.23264967448330642:6.097701014776808] [-6.0940498494689095:4.7216891767416191] [-3.3826017127099055:2.812500455045436] [-32:49] [0:1]
tree_sizes=1575 1578 1596 1599 1573 1551 1590 1592 1604 1585 1591 1578 1590 1583 1591 1564 1570 1569 1602 1577 1585 1562 1565 1567 1538 1547 1565 1549 1570 1561 1580 1576 1573 1573 1537 1585 1580 1586 1581 1579 1574 1562 1594 1575 1538 1543 1585 1556 1594 1566 1604 1577 1574 1594 1579 1567 1568 1578 1590 1577 1573 1599 1576 1555 1585 1565 1542 1562 1587 1539 1552 1583 1575 1556 1573 1582 1583 1598 1545 1600 1559 1574 1577 1570 1520 1558 1554 1587 1580 1559 1577 1578 1561 1555 1534 1519 1581 1593 1515 1569 1542 1559 1576 1529 1579 1586 1581 1539 1560 1588 1523 1574 1577 1574 1551 1576 1578 1592 1551 1579 1567 1534 1584 1552 1536 1555 1571 1526 1565 1538 1566 1585 1531 1514 1575 1534 1542 1567 1549 1519 1553 1572 1566 1531 1566 1543 1554 1562 1598 1561 1565 1541 1542 1541 1551 1528 1555 1521 1549 1536 1508 1500 1553 1557 1558 1562 1581 1570 1569 1524 1585 1553 1528 1535 1560 1579 1519 1554 1538 1560 1519 1577 1537 1545 1553 1564 1530 1559 1516 1562 1512 1574 1565 1538 1583 1544 1513 1548 1558 1573 1522 1537 1548 1572 1510 1547 1560 1534 1539 1520 1523 1534 1556 1538 1520 1539 1582 1518 1552 1554 1563 1533 1538 1563 1524 1545 1518 1578 1545 1545 1504 1549 1563 1533 1553 1532 1555 1542 1548 1540 1560 1538 1526 1590 1528 1540 1556 1543 1542 1551 1564 1535 1507 1527 1544 1511 1528 1516 1529 1557 1523 1545 1524 1528 1544 1543 1548 1524 1575 1531 1554 1506 1548 1537 1543 1511 1547 1531 1504 1528 1598 1540 1535 1524 1520 1510 1527 1556 1561 1541 1530 1547 1547 1501 1556 1512 1534 1548 1542 1555

Tree=0
num_leaves=15
num_cat=0
split_feature=8 14 12 11 5 8 12 13 12 12 13 13 12 3
split_gain=830.418 249.316 319.973 143.993 141.615 116.864 154.445 108.515 106.274 89.2688 82.9082 81.7159 81.3877 78.8191
threshold=-0.0078626570155630824 1.0000000180025095e-35 0.13416890337074103 0.76065110732789976 1.0506469520464992 -0.02425225600642059 -0.010838022742359231 39.500000000000007 -0.064514824171181581 -0.15929228301783468 6.5000000000000009 10.500000000000002 0.15311870495489352 0.88888888888888229
decision_type=2 2 8 2 2 2 10 2 10 10 2 2 10 10
left_child=5 2 4 -3 8 6 -1 9 -2 11 -8 -6 -5 -11
right_child=1 3 -4 12 7 -7 10 -9 -10 13 -12 -13 -14 -15
leaf_value=-0.063113871861623316 -0.057829283227962332 -0.057753313800269893 -0.04807321311706135 -0.054418513300006313 -0.054048970460039578 -0.059955340652053386 -0.06169287324784508 -0.076176460571564797 -0.065108949252412729 -0.058633020241307475 -0.059163398683168188 -0.061856989390207499 -0.060028211423772036 -0.060708787715784716
leaf_weight=45020 2517 54504 2278 22368 5497 42757 28928 327 6357 52011 19535 1542 2597 24082
leaf_count=45020 2517 54504 2278 22368 5497 42757 28928 327 6357 52011 19535 1542 2597 24082
internal_value=-0.0595004 -0.0581275 -0.0591681 -0.0568888 -0.0594424 -0.0612546 -0.0618488 -0.0590592 -0.0630444 -0.0589909 -0.0606733 -0.0557599 -0.0550021 -0.05929
internal_weight=310320 174080 94611 79469 92333 136240 93483 83459 8874 83132 48463 7039 24965 76093
internal_count=310320 174080 94611 79469 92333 136240 93483 83459 8874 83132 48463 7039 24965 76093
is_linear=0
shrinkage=1


Tree=1
num_leaves=15
num_cat=0
split_feature=8 6 14 6 9 9 8 6 5 8 1 6 13 8
split_gain=703.655 303.967 308.154 321.386 220.573 166.074 159.948 129.169 128.65 121.588 115.488 114.212 102.643 99.0848
threshold=-0.0078626570155630824 0.52760690568732738 1.0000000180025095e-35 -0.45304290710083633 0.78343635431045933 1.258479405469705 0.036756881658000222 -0.39450751285824615 1.3385190066047008 -0.019227152728314597 0.8521017655508053 -0.47474871305554983 39.500000000000007 0.048792138431795022
decision_type=2 8 2 10 8 10 2 8 2 2 2 10 2 2
left_child=4 2 3 -2 9 11 -3 -6 -5 -1 -8 -4 -10 -7
right_child=1 6 5 8 7 13 10 -9 12 -11 -12 -13 -14 -15
leaf_value=-0.0045774112368903198 0.013216524899552981 0.003153043054181349 -0.0060331429131064516 -0.003233009597680794 0.0046827589176732104 0.006501395009210811 0.0031585909149844677 -0.0010910298458223025 8.8618099789375748e-06 -0.00029809167991658034 0.012750222138102854 0.0022048850016361744 -0.0172371885785833 0.020240686434521007
leaf_weight=27424 1539 10615 1544 13877 3611 2255 1686 98003 68964 7641 3445 68888 307 596
leaf_count=27424 1539 10615 1544 13877 3611 2255 1686 98003 68964 7641 3445 68888 307 596
internal_value=1.66154e-05 0.00128359 0.000887308 -0.000345264 -0.00159367 0.00231161 0.00525775 -0.00088563 -0.000597061 -0.00364508 0.00960464 0.00202388 -6.8809e-05 0.00940399
internal_weight=310395 173716 157970 84687 136679 73283 15746 101614 83148 35065 5131 70432 69271 2851
internal_count=310395 173716 157970 84687 136679 73283 15746 101614 83148 35065 5131 70432 69271 2851
is_linear=0
shrinkage=0.03


Tree=2
num_leaves=15
num_cat=0
split_feature=8 6 14 6 12 6 13 13 6 14 12 6 12 8
split_gain=736.448 234.281 278.111 271.851 191.603 160.869 130.269 111.418 109.766 109.748 107.956 199.131 94.9269 111.381
threshold=-0.0078626570155630824 0.59854328788681166 1.0000000180025095e-35 -0.45304290710083633 0.13416890337074103 -0.43411257425760424 7.5000000000000009 39.500000000000007 -0.058995549158613818 1.0000000180025095e-35 0.011098360557924626 0.062607133732126022 0.056581295912648107 0.0051628068744739436
decision_type=2 8 2 10 10 8 2 2 10 2 10 8 10 2
left_child=5 2 3 -2 7 9 -4 -5 -6 -1 11 -7 13 -3
right_child=1 12 6 4 8 10 -8 -9 -10 -11 -12 -13 -14 -15
leaf_value=0.0091746211668634857 0.012311950191762329 0.00038317301507241738 0.0013326291965691614 -0.00050963604098254803 0.01987310594981918 -0.0034824643548291177 0.0039173228948270293 -0.018029211106903215 0.0028672624568641188 -0.002875843357580306 -0.00072424774513752668 -0.00029000055765720107 0.0010964976742238472 0.0082499901226143601
leaf_weight=2041 1538 2041 44840 82774 629 55408 28839 323 745 1016 52572 25760 3892 7853
leaf_count=2041 1538 2041 44840 82774 629 55408 28839 323 745 1016 52572 25760 3892 7853
internal_value=1.80345e-05 0.00131592 0.000991901 -0.000166873 -0.000394796 -0.00162782 0.00234451 -0.000578816 0.0106962 0.00517147 -0.00178343 -0.00246936 0.00506747 0.00662818
internal_weight=310271 173474 159688 86009 84471 136797 73679 83097 1374 3057 133740 81168 13786 9894
internal_count=310271 173474 159688 86009 84471 136797 73679 83097 1374 3057 133740 81168 13786 9894
is_linear=0
shrinkage=0.03


Tree=3
num_leaves=15
num_cat=0
split_feature=8 6 14 6 6 9 12 9 8 6 8 5 12 6
split_gain=716.452 269.849 297.827 252.184 196.867 195.425 192.902 167.078 149.833 127.295 108.548 107.323 105.054 108.39
threshold=-0.0078626570155630824 0.52760690568732738 1.0000000180025095e-35 -0.41944632861272674 -0.43411257425760424 1.258479405469705 0.13853444363188269 0.77784718550329812 0.036756881658000222 -0.47474871305554983 -0.051709609370472663 0.54172271721923071 0.0089013707046376473 0.30066146557027013
decision_type=2 8 2 10 8 10 10 8 2 10 2 2 10 8
left_child=4 2 3 -2 -1 9 -5 10 -3 -4 -6 -11 -9 -14
right_child=1 8 5 6 7 -7 -8 12 -10 11 -12 -13 13 -15
leaf_value=0.0059003640440176393 0.0098511780885081925 0.003031966418851994 -0.0065769397031162444 -0.0007192226836767651 -0.0061249316311605398 0.010004279223105218 0.011643550638691521 -0.0019631493617184442 0.0093198797579001 -0.0061445866803884154 -0.0024398246987300189 0.0023747038672404411 0.00075969790303469578 -0.0032176055993794759
leaf_weight=3071 2149 10576 1513 81429 10640 2865 1147 60345 5035 1353 22231 67406 32843 7587
leaf_count=3071 2149 10576 1513 81429 10640 2865 1147 60345 5035 1353 22231 67406 32843 7587
internal_value=2.0408e-05 0.00130035 0.00092818 -0.000282502 -0.00160363 0.00233061 -0.000546806 -0.00177628 0.00506234 0.00201706 -0.00363341 0.00220663 -0.00117037 1.30208e-05
internal_weight=310190 173473 157862 84725 136717 73137 82576 133646 15611 70272 32871 68759 100775 40430
internal_count=310190 173473 157862 84725 136717 73137 82576 133646 15611 70272 32871 68759 100775 40430
is_linear=0
shrinkage=0.03


Tree=4
num_leaves=15
num_cat=0
split_feature=8 9 14 12 9 5 13 5 13 13 2 13 12 13
split_gain=643.207 213.528 199.351 289.884 131.587 114.343 100.133 92.9648 90.3556 108.837 101.844 88.7126 85.4691 84.5519
threshold=-0.0078626570155630824 0.7450036513234114 1.0000000180025095e-35 0.13416890337074103 1.0957604052608405 1.1330640408197932 18.500000000000004 1.5755910436711238 15.500000000000002 3.5000000000000004 0.79999999999998261 24.500000000000004 -0.13726814422544939 21.500000000000004
decision_type=2 8 2 8 10 2 2 2 2 2 10 2 10 2
left_child=1 -1 3 5 7 -2 12 13 9 -6 -11 -9 -7 -4
right_child=2 -3 4 -5 8 6 -8 11 -10 10 -12 -13 -14 -15
leaf_value=-0.0040465830492580363 -0.0028752639254946547 -0.00094304532706288512 -0.00044734728615537724 0.010888495483222968 0.0035455867438470359 0.0036909088319095943 -0.002720143644130845 0.0028120868237116888 -0.0018484797172328123 0.0079630681814195029 0.020029463225177353 -0.0033133333653425998 0.00043071584706148592 0.0088729462530705832
leaf_weight=24244 10554 112620 16860 2276 4466 8137 8105 49721 1259 3170 786 2219 65137 919
leaf_count=24244 10554 112620 16860 2276 4466 8137 8105 49721 1259 3170 786 2219 65137 919
internal_value=4.49318e-05 -0.00149293 0.00125731 0.000324001 0.0023646 6.18764e-05 0.000442946 0.00190923 0.00564133 0.00676141 0.0103827 0.0025501 0.000792984 3.67797e-05
internal_weight=310473 136864 173609 94209 79400 91933 81379 69719 9681 8422 3956 51940 73274 17779
internal_count=310473 136864 173609 94209 79400 91933 81379 69719 9681 8422 3956 51940 73274 17779
is_linear=0
shrinkage=0.03


Tree=5
num_leaves=15
num_cat=0
split_feature=11 13 13 0 13 12 13 9 12 12 13 13 10 14
split_gain=247.044 179.659 254.663 214.71 209.094 171.094 143.853 102.586 96.7376 96.4572 95.3441 169.536 89.7452 81.5427
threshold=1.0004434412533529 40.500000000000007 35.500000000000007 0.584858886089069 31.500000000000004 0.0021100591940080853 5.5000000000000009 0.8639797071814016 inf -0.12086699480010281 31.500000000000004 28.500000000000004 2.7209568227642289 1.0000000180025095e-35
decision_type=2 2 2 10 2 8 2 8 8 10 2 2 2 2
left_child=1 2 4 12 5 9 7 -7 10 13 11 -2 -4 -1
right_child=8 -3 3 -5 -6 6 -8 -9 -10 -11 -12 -13 -14 -15
leaf_value=0.0015541000034996998 0.0015933085254923481 -0.0137810176549519 0.012423984750557317 0.038589964161113814 -0.01050685849476423 -0.0018906342690116189 0.0015548493339072871 0.00061560944482251089 0.015359447023987866 -0.0014472751628861644 -0.015096162388229049 0.025638015276102242 -0.0086137885313767645 -0.005650295216371031
leaf_weight=16446 65996 888 702 240 1812 27115 59671 32089 459 102048 301 260 242 1542
leaf_count=16446 65996 888 702 240 1812 27115 59671 32089 459 102048 301 260 242 1542
internal_value=9.545e-05 -0.000349627 -0.000300039 0.0135498 -0.000368439 -0.000291327 0.000515398 -0.000532295 0.00170784 -0.00109024 0.00161255 0.00168959 0.00701386 0.000935113
internal_weight=309811 242795 241907 1184 240723 238911 118875 59204 67016 120036 66557 66256 944 17988
internal_count=309811 242795 241907 1184 240723 238911 118875 59204 67016 120036 66557 66256 944 17988
is_linear=0
shrinkage=0.03


Tree=6
num_leaves=15
num_cat=0
split_feature=8 6 6 9 5 8 6 12 13 12 6 13 5 9
split_gain=609.565 245.134 216.382 175.565 144.987 142.249 135.657 125.1 109.436 109.525 158.547 103.117 101.872 101.519
threshold=-0.0083085997889556836 0.6312408357771262 -0.39450751285824615 0.87681318897681104 1.4922651497492052 0.036756881658000222 0.088784877463156123 0.0063159620991283258 39.500000000000007 0.0015897036930385135 0.1104758499753138 21.500000000000004 2.7098741493316445 0.83603247158344618
decision_type=2 8 8 8 2 2 8 10 2 10 10 2 2 10
left_child=2 4 -1 6 -2 -3 7 -4 9 -6 12 -12 -11 -13
right_child=1 5 3 -5 8 -7 -8 -9 -10 10 11 13 -14 -15
leaf_value=0.0048689417340036078 -0.00088500644847503145 0.0029445867944395839 -0.0052237401267961996 -0.00071218680781512107 0.00039058459927273774 0.0096526896631367841 -0.00092687833665952395 -0.0018677315892796263 -0.012826486132334827 0.0017700415805935094 -0.0012192734284611931 0.024601128672014225 0.0044080985221904012 0.0024393764437250103
leaf_weight=4580 35033 8900 25244 68505 57906 4182 20744 16562 487 30195 13859 268 23383 588
leaf_count=4580 35033 8900 25244 68505 57906 4182 20744 16562 487 30195 13859 268 23383 588
internal_value=-2.83114e-05 0.00114268 -0.00153743 -0.00176149 0.00082307 0.00509187 -0.00291054 -0.0038946 0.00129543 0.00135043 0.0021642 -0.000593842 0.00292167 0.00948044
internal_weight=310436 174801 135635 131055 161719 13082 62550 41806 126686 126199 68293 14715 53578 856
internal_count=310436 174801 135635 131055 161719 13082 62550 41806 126686 126199 68293 14715 53578 856
is_linear=0
shrinkage=0.03


Tree=7
num_leaves=15
num_cat=0
split_feature=8 6 14 6 9 12 6 8 9 13 6 12 6 10
split_gain=543.359 225.085 257.526 289.158 205.488 198.61 193.933 157.602 157.073 119.837 118.484 163.036 113.358 109.268
threshold=-0.0078626570155630824 0.34579401479582711 1.0000000180025095e-35 -0.41944632861272674 1.2172038423660445 0.13853444363188269 -0.39450751285824615 0.038082240075444265 0.91579223856191949 16.500000000000004 0.088784877463156123 0.0063159620991283258 -0.47474871305554983 2.4677206450982427
decision_type=2 8 2 10 10 10 8 2 8 2 8 10 10 2
left_child=6 2 3 -2 12 -5 -1 -3 10 13 11 -8 -4 -6
right_child=1 7 4 5 9 -7 8 -9 -10 -11 -12 -13 -14 -15
leaf_value=0.0046351677085492574 0.010357754272956109 0.0021386149621660596 -0.0065409115177696335 -0.00099038089934157941 0.0075380961490250902 0.012140752499396747 -0.0047525453568237584 0.007366930223892512 -0.0004563085630854138 -0.0057838166894560502 -0.00084760593520354143 -0.0012522173338955255 0.0017928784370190368 0.020043842735494304
leaf_weight=4575 2139 16429 1498 76117 2328 1046 30596 7584 56946 435 24777 19684 65228 863
leaf_count=4575 2139 16429 1498 76117 2328 1046 30596 7584 56946 435 24777 19684 65228 863
internal_value=-1.82332e-05 0.00109513 0.000662443 -0.000509701 0.00198365 -0.000811604 -0.00143393 0.00379106 -0.00164445 0.00893406 -0.0025458 -0.00338247 0.00160531 0.0109463
internal_weight=310245 173667 149654 79302 70352 77163 136578 24013 132003 3626 75057 50280 66726 3191
internal_count=310245 173667 149654 79302 70352 77163 136578 24013 132003 3626 75057 50280 66726 3191
is_linear=0
shrinkage=0.03


Tree=8
num_leaves=15
num_cat=0
split_feature=8 6 14 6 6 9 8 6 12 9 8 5 6 12
split_gain=504.108 228.087 257.736 265.791 167.54 152.082 141.844 134.944 119.622 116.279 106.996 106.977 106.867 161.698
threshold=-0.0083085997889556836 0.52760690568732738 1.0000000180025095e-35 -0.41944632861272674 -0.39450751285824615 1.258479405469705 0.036756881658000222 -0.47474871305554983 0.16565791460372956 0.91579223856191949 0.071813385531671894 1.3913967118562327 0.088784877463156123 0.0063159620991283258
decision_type=2 8 2 10 8 10 2 10 10 8 2 2 8 10
left_child=4 2 3 -2 -1 7 -3 -4 11 12 -9 -5 13 -6
right_child=1 6 5 8 9 -7 -8 10 -10 -11 -12 -13 -14 -15
leaf_value=0.0043493340903926724 0.010119362350149831 0.0025971102677949339 -0.0068363264513023715 -0.0029853818625465932 -0.0044591006253155915 0.0088976049698327505 0.0086805279637681802 0.0015789541702366798 0.01240694610092039 -0.00048075547923205641 0.0052351780118597797 -0.00019346386134301449 -0.00066361346784670123 -0.00095838596394413791
leaf_weight=4539 2128 10646 1583 15118 30288 2830 5103 61278 626 56156 8160 67407 24410 19537
leaf_count=4539 2128 10646 1583 15118 30288 2830 5103 61278 626 56156 8160 67407 24410 19537
internal_value=6.40893e-05 0.00112705 0.000786129 -0.000337418 -0.00131357 0.00208347 0.00457039 0.00181134 -0.00060562 -0.00151086 0.00200896 -0.000705073 -0.00229001 -0.00308666
internal_weight=309809 174879 159130 85279 134930 73851 15749 71021 83151 130391 69438 82525 74235 49825
internal_count=309809 174879 159130 85279 134930 73851 15749 71021 83151 130391 69438 82525 74235 49825
is_linear=0
shrinkage=0.03


Tree=9
num_leaves=15
num_cat=0
split_feature=8 9 5 13 14 12 9 5 13 13 13 8 3 0
split_gain=503.065 184.519 164.151 137.083 123.046 176.406 90.6934 75.2418 73.2727 97.1214 98.0868 85.3521 71.2927 88.3717
threshold=-0.0078626570155630824 0.72937527861757534 1.3239866033135435 39.500000000000007 1.0000000180025095e-35 0.13416890337074103 1.2172038423660445 2.6182841553228537 6.5000000000000009 31.500000000000004 34.500000000000007 -0.02688098727973148 0.8837209302325707 0.67513542921940617
decision_type=2 8 2 2 2 8 10 2 2 2 2 2 10 10
left_child=1 -1 -2 4 5 12 -6 -8 11 -10 -11 -3 13 -4
right_child=2 8 3 -5 6 -7 7 -9 9 10 -12 -13 -14 -15
leaf_value=-0.0039472154512954546 -0.00094794295735981145 -0.0022751049371723319 0.0014606208524906184 -0.013783401362313569 0.002279340089453782 0.009749503105210288 0.002227325657928617 0.011019602523989426 0.00029062599676181548 -0.015232831879997171 -0.00035288902046158913 -5.4680641155115143e-05 -0.00075570116142052854 -0.0046634847631119858
leaf_weight=20331 28745 43790 49388 519 62207 1923 1554 2012 46822 735 865 24185 24936 2211
leaf_count=20331 28745 43790 49388 519 62207 1923 1554 2012 46822 735 865 24185 24936 2211
internal_value=5.02307e-05 -0.0013106 0.00112268 0.00153389 0.00158948 0.000787113 0.00254646 0.00719657 -0.000849909 4.19153e-05 -0.00721452 -0.00148516 0.000561304 0.00119778
internal_weight=310223 136728 173495 144750 144231 78458 65773 3566 116397 48422 1600 67975 76535 51599
internal_count=310223 136728 173495 144750 144231 78458 65773 3566 116397 48422 1600 67975 76535 51599
is_linear=0
shrinkage=0.03


Tree=10
num_leaves=15
num_cat=0
split_feature=6 12 6 6 9 12 11 12 9 9 0 2 13 2
split_gain=218.175 214.877 325.649 181.073 154.477 152.403 139.662 132.89 124.256 113.721 109.816 109.296 109.182 102.53
threshold=-0.36540946383307232 0.0021100591940080853 0.017030509663781838 -0.050926083183693786 0.94012211513575605 0.15311870495489352 1.0345554643090196 0.043973993301619281 0.86560388720653891 0.66776689341036077 0.59256444329386782 0.92857142857143737 5.5000000000000009 0.62068965517242558
decision_type=10 10 10 10 10 10 2 10 10 10 10 10 2 10
left_child=5 2 8 4 -3 6 11 -6 -2 -7 -8 12 -1 -5
right_child=1 3 -4 13 7 9 10 -9 -10 -11 -12 -13 -14 -15
leaf_value=0.00031790249959704533 -0.003512016496683491 0.00063268887596490278 0.00067357364792032699 -0.001527107619665571 0.0013682360011826288 0.01652926666121329 0.0057900696678325619 0.0057908658693932137 -0.0012030104355089011 -0.0061925323724941238 0.017232549958576517 -0.0094516867722327612 0.0051703422068149259 0.00067070789670485033
leaf_weight=8266 37871 41078 58648 36964 11893 212 3685 12589 47026 2312 948 681 8425 39526
leaf_count=8266 37871 41078 58648 36964 11893 212 3685 12589 47026 2312 948 681 8425 39526
internal_value=6.20945e-06 -0.000227005 -0.00104558 0.000600192 0.00175707 0.00272105 0.00352201 0.00364313 -0.00223316 -0.00425514 0.00814747 0.00228644 0.00276805 -0.000391423
internal_weight=310124 285595 143545 142050 65560 24529 22005 24482 84897 2524 4633 17372 16691 76490
internal_count=310124 285595 143545 142050 65560 24529 22005 24482 84897 2524 4633 17372 16691 76490
is_linear=0
shrinkage=0.03


Tree=11
num_leaves=15
num_cat=0
split_feature=8 6 14 6 9 9 6 12 6 8 13 10 1 13
split_gain=423.537 211.785 187.67 191.647 163.688 161.117 140.982 130.91 130.9 124.952 109.28 109.86 104.864 101.636
threshold=-0.0083085997889556836 0.52760690568732738 1.0000000180025095e-35 -0.43411257425760424 0.78343635431045933 1.2172038423660445 -0.47474871305554983 0.13853444363188269 -0.39450751285824615 0.036756881658000222 16.500000000000004 2.4677206450982427 0.8521017655508053 1.5000000000000002
decision_type=2 8 2 10 8 10 10 10 8 2 2 2 2 2
left_child=4 2 3 -2 -1 6 -4 -5 -6 -3 11 -7 -11 -8
right_child=1 9 5 7 8 10 13 -9 -10 12 -12 -13 -14 -15
leaf_value=-0.0030462070359592503 0.0093494531063325788 0.002433355496385604 -0.0075459438515104171 -0.00067674090733458193 0.0049810089101187871 0.0062548278569240509 -0.00051973348565618777 0.0093286851361094412 -0.00086643829085516534 0.0020055210681013485 -0.0064573817269517738 0.0184395311816077 0.011160136454659249 0.0022435040123558177
leaf_weight=34772 1799 10736 1541 82308 3567 2506 15499 1189 97323 1684 431 907 3410 52734
leaf_count=34772 1799 10736 1541 82308 3567 2506 15499 1189 97323 1684 431 907 3410 52734
internal_value=-1.36427e-05 0.00096275 0.000633051 -0.000324729 -0.00127131 0.00174271 0.00141298 -0.000533713 -0.000659463 0.00427129 0.00771819 0.00951513 0.00813869 0.00161585
internal_weight=310406 174744 158914 85296 135662 73618 69774 83497 100890 15830 3844 3413 5094 68233
internal_count=310406 174744 158914 85296 135662 73618 69774 83497 100890 15830 3844 3413 5094 68233
is_linear=0
shrinkage=0.03


Tree=12
num_leaves=15
num_cat=0
split_feature=8 6 14 6 6 12 9 8 5 6 6 8 9 12
split_gain=441.325 250.086 186.95 312.05 148.268 198.692 146.521 142.548 130.775 110.259 104.463 91.4154 85.9993 77.9776
threshold=-0.022696083539579536 0.70646336785577291 1.0000000180025095e-35 -0.43411257425760424 0.3271060510217591 0.13853444363188269 0.75325213299816918 0.036756881658000222 2.9990240621854012 -0.43411257425760424 -0.50106103143635439 0.071813385531671894 0.76696488836042642 0.073425549491799594
decision_type=2 8 2 10 10 10 8 2 2 8 10 2 10 10
left_child=6 2 3 -2 5 8 -1 13 -5 -8 -4 -12 -6 -3
right_child=1 7 10 4 12 -7 9 -9 -10 -11 11 -13 -14 -15
leaf_value=-0.0040496518312456787 0.010006488362504019 0.004431086078582433 -0.0064975178487071631 -0.0018262702282281133 -0.0028749513589349397 0.010783999243313049 0.006816936265085706 0.0095912206031018993 0.00075704137045580662 -0.0012830081882970925 0.0012844252615350233 0.0045610100499859389 0.0040390851980334833 -0.0012113990612209581
leaf_weight=19170 2535 7549 1454 69642 1992 1263 1538 3740 23614 76723 80684 8464 8573 3110
leaf_count=19170 2535 7549 1454 69642 1992 1263 1538 3740 23614 76723 80684 8464 8573 3110
internal_value=-2.73788e-05 0.0007388 0.000461439 -0.000383902 -0.00063502 -0.0010118 -0.00169933 0.00455554 -0.00117213 -0.0011234 0.00146552 0.00159575 0.00273472 0.00278497
internal_weight=310051 212620 198221 107619 105084 94519 97431 14399 93256 78261 90602 89148 10565 10659
internal_count=310051 212620 198221 107619 105084 94519 97431 14399 93256 78261 90602 89148 10565 10659
is_linear=0
shrinkage=0.03


Tree=13
num_leaves=15
num_cat=0
split_feature=8 6 14 6 6 9 9 8 5 14 5 2 1 0
split_gain=445.7 200.176 204.57 261.291 165.578 137.962 122.975 114.939 85.3033 85.2933 128.081 85.219 91.7925 83.81
threshold=-0.0078626570155630824 0.52760690568732738 1.0000000180025095e-35 -0.41944632861272674 -0.41944632861272674 0.7316903922583019 1.2710120437985524 0.036756881658000222 1.0506469520464992 1.0000000180025095e-35 2.7809039271705882 0.76190476190476619 0.84187826234525065 0.5214504865642805
decision_type=2 8 2 10 8 8 10 2 2 2 2 10 2 10
left_child=4 2 3 -2 9 -6 -4 13 -5 10 -1 -7 -13 -3
right_child=1 7 6 8 5 11 -8 -9 -10 -11 -12 12 -14 -15
leaf_value=0.0039004381229219617 0.010048438414950419 -0.0014528540603479772 0.0016367597137372117 -0.0034997574141722898 -0.0037054919036784238 -0.0015414725578151689 0.0083057789336131935 0.0079690643216242269 -0.00024569732924111876 -0.0013166233048536758 0.019223549885346608 -0.0019022554136567016 0.0014647389225180829 0.0042900825201639924
leaf_weight=1673 2138 3336 70475 8026 20348 80677 2575 5084 74596 1230 692 11201 20834 7254
leaf_count=1673 2138 3336 70475 8026 20348 80677 2575 5084 74596 1230 692 11201 20834 7254
internal_value=2.08477e-05 0.0010302 0.000708968 -0.000293777 -0.00126052 -0.00143223 0.00187239 0.00426317 -0.000561993 0.00508826 0.00841508 -0.00102169 0.00028736 0.00248114
internal_weight=310139 173484 157810 84760 136655 133060 73050 15674 82622 3595 2365 112712 32035 10590
internal_count=310139 173484 157810 84760 136655 133060 73050 15674 82622 3595 2365 112712 32035 10590
is_linear=0
shrinkage=0.03


Tree=14
num_leaves=15
num_cat=0
split_feature=8 6 14 6 9 9 12 13 6 6 12 8 13 1
split_gain=383.222 200.518 161.229 341.677 142.314 134.836 122.76 121.95 117.16 112.063 104.345 95.0401 92.8749 178.978
threshold=-0.02425225600642059 0.6312408357771262 1.0000000180025095e-35 -0.45304290710083633 0.78343635431045933 1.1936109517918634 0.15890038722066877 2.5000000000000004 -0.32378826607712685 0.29251879179221857 0.028584261264452408 0.073670674866011185 18.500000000000004 6.9262498781860309
decision_type=2 8 2 10 8 10 10 2 8 10 10 2 2 2
left_child=4 2 3 -2 -1 7 9 -4 -6 12 -3 -9 -5 -14
right_child=1 10 5 6 8 -7 -8 11 -10 -11 -12 -13 13 -15
leaf_value=-0.0035644991160224512 0.011327408766799042 0.0057345550185328737 -0.00064562150061437198 -0.00069927889496949544 0.0039535077158662961 0.0058307951821520293 0.010401610510417625 0.0014382781841859175 -0.0012142772450059991 0.0021104960207544731 0.00079077893531204777 0.0056034797377812586 -0.0046549669560991347 0.015508975711502674
leaf_weight=24412 2208 10285 25978 84473 4199 5708 903 54483 64962 11560 6135 5417 9295 409
leaf_count=24412 2208 10285 25978 84473 4199 5708 903 54483 64962 11560 6135 5417 9295 409
internal_value=9.10099e-06 0.000701502 0.000440349 -0.000340129 -0.00159548 0.0013679 -0.000582227 0.00107094 -0.00090026 -0.000676517 0.00388822 0.00181539 -0.00101871 -0.00379756
internal_weight=310427 216854 200434 108848 93573 91586 106640 85878 69161 105737 16420 59900 94177 9704
internal_count=310427 216854 200434 108848 93573 91586 106640 85878 69161 105737 16420 59900 94177 9704
is_linear=0
shrinkage=0.03


Tree=15
num_leaves=15
num_cat=0
split_feature=11 6 12 13 13 13 0 13 13 0 13 13 9 13
split_gain=202.035 170.506 137.581 111.107 264.373 213.122 200.263 121.828 108.62 108.073 101.119 220.506 95.7496 90.0652
threshold=0.87972649809944392 -0.32964371364640621 0.13853444363188269 40.500000000000007 35.500000000000007 31.500000000000004 0.58572358322425611 3.5000000000000004 20.500000000000004 0.5720204993974326 33.500000000000007 28.500000000000004 0.86871728541121707 15.500000000000002
decision_type=2 10 10 2 2 2 10 2 2 10 2 2 8 2
left_child=3 2 8 4 5 7 -6 12 9 -2 11 13 -1 -3
right_child=1 10 -4 -5 6 -7 -8 -9 -10 -11 -12 -13 -14 -15
leaf_value=-0.0023196762617227239 0.0055068387621218309 0.0011777898260465346 -0.0045300877378709479 -0.011219557746851318 0.0078368127575287449 -0.010897977561722028 0.039647515492005785 0.00018329485762760161 -0.0094908769961715832 0.014111703086931679 -0.019688874457170751 0.023695343579574004 -0.00032830149454567587 -0.0026543833829480866
leaf_weight=40048 4304 62345 1029 847 957 1735 215 142141 327 1894 209 377 47508 6051
leaf_count=40048 4304 62345 1029 847 957 1735 215 142141 327 1894 209 377 47508 6051
internal_value=3.28281e-05 0.00137038 0.00564784 -0.000405704 -0.000366086 -0.000438203 0.013816 -0.000358961 0.00725515 0.00814559 0.000901597 0.000965598 -0.00123923 0.000838588
internal_weight=309987 76536 7554 233451 232604 231432 1172 229697 6525 6198 68982 68773 87556 68396
internal_count=309987 76536 7554 233451 232604 231432 1172 229697 6525 6198 68982 68773 87556 68396
is_linear=0
shrinkage=0.03


Tree=16
num_leaves=15
num_cat=0
split_feature=8 11 9 12 5 4 1 11 0 14 12 3 10 10
split_gain=401.956 168.417 122.5 116.4 102.508 93.2076 69.0986 83.037 64.8814 63.7229 115.987 64.0754 61.9743 77.2122
threshold=-0.025283817790406383 1.0004434412533529 0.78343635431045933 inf 1.2388658041942262 0.31439129157136142 1.4540998732012218 -0.76032238648467476 0.58990220315101294 1.0000000180025095e-35 0.11123952472413874 0.28571428571427293 2.8546687895128442 1.9094953959124721
decision_type=2 2 8 8 2 2 2 2 10 2 10 10 2 2
left_child=2 4 -1 9 6 -6 -2 -8 -7 -3 11 -11 13 -4
right_child=1 3 12 -5 5 8 7 -9 -10 10 -12 -13 -14 -15
leaf_value=-0.003469414638882258 -0.0019741968896895522 0.0011622664124008081 -0.0015864771114904716 0.019511726733622673 0.0013400831667738429 -0.00097731660564756313 0.0044770343338835974 -0.0018706697947610683 0.0011420603387932819 -0.0079325861137963093 -0.0010031792466366372 0.0045710389307577317 -0.0044635351644148891 0.0005566020010311861
leaf_weight=23840 25159 28102 37855 344 76339 38194 3725 3685 19702 372 4573 18462 4268 25199
leaf_count=23840 25159 28102 37855 344 76339 38194 3725 3685 19702 372 4573 18462 4268 25199
internal_value=5.18701e-05 0.00074959 -0.0016216 0.00224281 0.000285352 0.000651679 -0.00122435 0.00132118 -0.000256057 0.0021256 0.00328166 0.00432203 -0.000967043 -0.000730037
internal_weight=309819 218657 91162 51853 166804 134235 32569 7410 57896 51509 23407 18834 67322 63054
internal_count=309819 218657 91162 51853 166804 134235 32569 7410 57896 51509 23407 18834 67322 63054
is_linear=0
shrinkage=0.03


Tree=17
num_leaves=15
num_cat=0
split_feature=8 13 13 13 1 0 12 8 0 12 8 13 13 1
split_gain=343.705 104.546 115.66 129.146 110.012 104.901 87.4763 82.0528 80.7996 77.0407 98.9732 68.3732 91.2774 67.4153
threshold=-0.0078626570155630824 40.500000000000007 35.500000000000007 31.500000000000004 0.6193640576895606 0.56844584946359278 0.045812984935724617 -0.052584131795922036 0.46417258340247408 0.045812984935724617 0.049644327412165262 28.500000000000004 25.500000000000004 1.3876289433132432
decision_type=2 2 2 2 2 10 8 2 10 10 2 2 2 2
left_child=7 2 3 4 -2 -4 -6 -1 -8 10 -10 12 -11 -9
right_child=1 -3 5 -5 6 -7 8 13 9 11 -12 -13 -14 -15
leaf_value=-0.0022294984637204339 -0.00065147369835522214 -0.011675617807620281 0.0050196288582932853 -0.009522800595058882 0.00082731756460524433 0.029103568563837886 -0.0024259874121836732 -0.0011544098324419894 0.0048810665739885337 0.0026602481276308291 0.026170105858052028 0.014010549411656258 -0.0081171634736963011 0.00056713620497335566
leaf_weight=40724 30975 587 519 1058 97435 234 2846 66194 659 37827 277 462 716 29634
leaf_count=40724 30975 587 519 1058 97435 234 2846 66194 659 37827 277 462 716 29634
internal_value=2.45148e-05 0.000910253 0.000953292 0.000901811 0.000966511 0.0126465 0.00132393 -0.00110149 0.00245461 0.00280263 0.0112869 0.00259761 0.00245901 -0.000622034
internal_weight=310147 173595 173008 172255 171197 753 140222 136552 42787 39941 936 39005 38543 95828
internal_count=310147 173595 173008 172255 171197 753 140222 136552 42787 39941 936 39005 38543 95828
is_linear=0
shrinkage=0.03


Tree=18
num_leaves=15
num_cat=0
split_feature=8 6 13 13 13 0 9 12 5 12 6 6 12 12
split_gain=392.419 162.69 110.045 141.805 160.251 121.464 108.484 103.356 102.111 102.806 156.963 91.6207 101.036 90.5892
threshold=-0.0083085997889556836 0.52760690568732738 40.500000000000007 35.500000000000007 33.500000000000007 0.56913170451549344 0.84750605670134671 0.032705256467343687 1.1487677401228913 0.0032019789276628301 0.11822793787977172 0.082352941176470643 0.0063159620991283258 0.026289032952189487
decision_type=2 8 2 2 2 10 8 10 2 10 10 8 10 8
left_child=6 2 3 4 8 -5 11 -3 -2 -10 -11 12 -1 -13
right_child=1 7 -4 5 -6 -7 -8 -9 9 10 -12 13 -14 -15
leaf_value=-0.0044342056594568798 -0.0014302775049882042 0.0055280643072324383 -0.012182071288385667 0.0057683805277723276 -0.015892448829803264 0.032608045056428107 -0.00057122336746065223 0.00043070217623480348 4.7699962123881818e-05 0.0023692524166922832 -0.0011433355915810186 0.0012474795117548068 -0.0012190153312884519 -0.003025740201842533
leaf_weight=22222 18999 10401 600 509 525 213 80538 5459 65075 58928 14207 10536 14566 7741
leaf_count=22222 18999 10401 600 509 525 213 80538 5459 65075 58928 14207 10536 14566 7741
internal_value=-6.16924e-05 0.000877311 0.000588339 0.000637077 0.000576131 0.0138563 -0.00127291 0.00377424 0.000631632 0.000915113 0.00168688 -0.00229906 -0.00316151 -0.000562723
internal_weight=310519 174916 159056 158456 157734 722 135603 15860 157209 138210 73135 55065 36788 18277
internal_count=310519 174916 159056 158456 157734 722 135603 15860 157209 138210 73135 55065 36788 18277
is_linear=0
shrinkage=0.03


Tree=19
num_leaves=15
num_cat=0
split_feature=8 6 14 6 9 10 9 6 0 6 14 11 13 6
split_gain=318.655 170.376 172.064 157.23 113.304 125.373 105.396 103.645 87.916 84.02 86.3446 82.2879 82.0306 79.9559
threshold=-0.0043173811835614537 0.52760690568732738 1.0000000180025095e-35 -0.47474871305554983 1.2172038423660445 2.4677206450982427 0.78343635431045933 -0.47474871305554983 0.59345056191970369 -0.39450751285824615 1.0000000180025095e-35 0.5761992561680509 5.5000000000000009 0.55014256738594525
decision_type=2 8 2 10 10 2 8 10 10 8 2 2 2 10
left_child=6 2 3 -2 7 -6 -1 -4 -3 10 -8 -10 -9 -13
right_child=1 8 4 -5 5 -7 9 12 11 -11 -12 13 -14 -15
leaf_value=-0.0023758835918228911 0.010740497441600634 0.0027528582437100534 -0.0065958843816191033 -0.00049096166045276923 0.0034174094015235316 0.015972033030771247 0.0068887584328152273 0.00052936701545204426 0.0047390772779042842 -0.00069435545755659983 -0.002483203765466339 0.022133078309352624 0.0026743553719729089 0.0065320995834349874
leaf_weight=37518 1133 11318 1412 78685 2573 989 2637 31938 2110 105122 1327 612 32249 579
leaf_count=37518 1133 11318 1412 78685 2573 989 2637 31938 2110 105122 1327 612 32249 579
internal_value=1.13097e-05 0.000921509 0.000618167 -0.000330871 0.00171339 0.00692074 -0.00100439 0.00143012 0.00401153 -0.000532611 0.0037522 0.0083164 0.00160718 0.0146077
internal_weight=310202 163598 148979 79818 69161 3562 146604 65599 14619 109086 3964 3301 64187 1191
internal_count=310202 163598 148979 79818 69161 3562 146604 65599 14619 109086 3964 3301 64187 1191
is_linear=0
shrinkage=0.03


Tree=20
num_leaves=15
num_cat=0
split_feature=6 11 14 6 6 0 12 13 1 9 12 9 9 13
split_gain=172.529 160.212 157.523 303.569 168.724 136.449 135.875 119.7 101.678 99.3773 98.8276 85.7179 79.8349 79.3419
threshold=-0.32964371364640621 1.0175042174649815 1.0000000180025095e-35 0.3669218966031717 0.3669218966031717 0.50786889285767445 0.15890038722066877 20.500000000000004 0.82125201730823094 1.2710120437985524 0.034316375918455551 0.57970413777946728 0.77784718550329812 5.5000000000000009
decision_type=10 2 2 10 10 10 10 2 2 10 8 8 10 2
left_child=1 11 3 6 9 10 12 -7 -5 -4 -3 -1 -2 -13
right_child=2 5 4 8 -6 7 -8 -9 -10 -11 -12 13 -14 -15
leaf_value=0.01829732229041682 -0.0027166625395631172 0.0049965476026774111 0.00082633462906843511 -0.00020111341198155537 -0.0025045763601643295 0.010130538096846669 0.010338053849308441 -0.010579268008135677 0.004768590769834994 0.0056395705100292255 -0.0094027352951686471 -0.0009449411742304928 -0.00096950233335301242 0.002515016657390116
leaf_weight=252 30251 1072 107962 5674 13907 4519 895 262 10671 3999 708 11317 106065 12603
leaf_count=252 30251 1072 107962 5674 13907 4519 895 262 10671 3999 708 11317 106065 12603
internal_value=5.92959e-05 0.0021926 -0.000175375 -0.000820253 0.000611363 0.00634831 -0.00128065 0.00898577 0.00304387 0.000998497 -0.000741103 0.00106354 -0.00135731 0.00087819
internal_weight=310157 30733 279424 153556 125868 6561 137211 4781 16345 111961 1780 24172 136316 23920
internal_count=310157 30733 279424 153556 125868 6561 137211 4781 16345 111961 1780 24172 136316 23920
is_linear=0
shrinkage=0.03


Tree=21
num_leaves=15
num_cat=0
split_feature=8 5 9 3 1 11 13 13 13 9 1 13 1 4
split_gain=298.47 150.605 101.699 96.8744 85.4438 70.9695 57.6882 74.8755 72.7521 70.014 59.2373 57.5403 57.3398 54.2745
threshold=-0.0083085997889556836 1.5755910436711238 0.72937527861757534 0.8837209302325707 0.62899746172693072 2.2186862833420702 8.5000000000000018 31.500000000000004 34.500000000000007 1.5658656874080783 0.72633304175653535 40.500000000000007 1.820579262242022 0.14879597015395574
decision_type=2 2 8 8 2 2 2 2 2 8 2 2 2 2
left_child=2 4 5 13 -2 -1 9 10 -9 -4 -8 12 -10 -3
right_child=1 3 6 -5 -6 -7 7 8 11 -11 -12 -13 -14 -15
leaf_value=-0.0032795081195739957 -0.0031813612669340744 0.0029057335367779296 -0.001298194355365588 0.0001145580315105753 -1.8908817382269246e-05 0.011624618122634822 -0.0019476260025525546 -0.013131041912832757 -0.0053957146785125649 0.0079308538775457182 0.0011222941644881076 -0.010301403160428718 0.014469591464279898 0.0013291833008565828
leaf_weight=19780 10103 29246 77675 43135 32131 287 7061 723 227 742 28367 310 297 59951
leaf_count=19780 10103 29246 77675 43135 32131 287 7061 723 227 742 28367 310 297 59951
internal_value=-3.59673e-05 0.000784009 -0.00109258 0.0012818 -0.000775701 -0.00306351 -0.000749746 0.000226912 -0.00620124 -0.00121037 0.000510253 -0.000151289 0.00589416 0.00184624
internal_weight=310035 174566 135469 132332 42234 20067 115402 36985 1557 78417 35428 834 524 89197
internal_count=310035 174566 135469 132332 42234 20067 115402 36985 1557 78417 35428 834 524 89197
is_linear=0
shrinkage=0.03


Tree=22
num_leaves=15
num_cat=0
split_feature=5 13 9 13 13 13 12 13 9 14 12 0 12 0
split_gain=171.115 87.3694 111.137 82.1963 113.395 100.287 157.479 91.1349 76.8488 76.675 122.987 81.6193 69.3177 69.1121
threshold=2.3669801376130253 3.5000000000000004 0.86871728541121707 31.500000000000004 34.500000000000007 28.500000000000004 -0.0093607544529538105 39.500000000000007 0.92863128965379227 1.0000000180025095e-35 0.16565791460372956 0.53647354498184663 -0.13268408243504951 0.58252077185242701
decision_type=2 2 10 2 2 2 10 2 10 2 10 10 8 10
left_child=1 2 -1 5 -5 -2 -7 8 -6 10 -3 -11 -13 -8
right_child=3 9 -4 4 7 6 13 -9 -10 11 -12 12 -14 -15
leaf_value=-0.0027750302844172883 0.00075874152359839929 -0.00096699621852208305 -0.00032155977594724837 -0.015817501505013543 0.019526101531707408 -0.0039563346045865663 0.012291559408088916 -0.012564573270621585 -0.0029175412022907818 -0.00073575295713419113 0.015767453506064774 -0.015441210642457008 0.0019447320331465927 0.033720048285601004
leaf_weight=32306 136392 57592 34212 633 267 421 401 286 275 18996 393 203 27611 208
leaf_count=32306 136392 57592 34212 633 267 421 401 286 275 18996 393 203 27611 208
internal_value=-2.85292e-05 -0.00066294 -0.00151326 0.000754016 -0.00631219 0.000829367 0.0101327 0.00100588 0.00821607 -0.000123156 -0.000852227 0.000779962 0.00181509 0.0198253
internal_weight=310196 171313 66518 138883 1461 137422 1030 828 542 104795 57985 46810 27814 609
internal_count=310196 171313 66518 138883 1461 137422 1030 828 542 104795 57985 46810 27814 609
is_linear=0
shrinkage=0.03


Tree=23
num_leaves=15
num_cat=0
split_feature=8 5 9 13 13 13 13 0 3 12 2 8 9 12
split_gain=226.45 109.305 95.8202 91.0994 97.9704 132.988 67.6355 67.3718 64.575 84.9492 86.822 65.1688 59.3609 55.9699
threshold=-0.0083085997889556836 1.4802609406941942 0.78343635431045933 39.500000000000007 35.500000000000007 31.500000000000004 30.500000000000004 0.55886979009774118 0.8837209302325707 0.05250726117378391 0.74999999999991906 0.12674826464415814 0.63400739528395234 -0.42275624850121185
decision_type=2 2 8 2 2 2 2 10 8 8 10 2 8 10
left_child=2 -2 -1 4 5 6 8 -6 11 -10 -11 13 -12 -3
right_child=1 3 -4 -5 7 -7 -8 -9 9 10 12 -13 -14 -15
leaf_value=-0.0022653942903292481 -0.00072152137103302313 0.0081586460832177715 -0.00044025228706015941 -0.011760505302100769 0.0046437410213900901 -0.011213349854830197 0.014976639377659764 0.025586335447055002 -0.00057835066772838684 -0.00076967374239250957 0.018985205057167238 -0.0051230675851475097 0.0040204373575012326 0.0016082837966050964
leaf_weight=34860 37097 1185 100565 488 329 779 314 237 32610 4580 243 1275 6602 89177
leaf_count=34860 37097 1185 100565 488 329 779 314 237 32610 4580 243 1275 6602 89177
internal_value=1.08361e-05 0.000723882 -0.000910132 0.00111296 0.00115913 0.00110731 0.0011783 0.0135602 0.00114581 0.000201624 0.00242716 0.0015995 0.00456516 0.00169463
internal_weight=310341 174916 135425 137819 137331 136765 135986 566 135672 44035 11425 91637 6845 90362
internal_count=310341 174916 135425 137819 137331 136765 135986 566 135672 44035 11425 91637 6845 90362
is_linear=0
shrinkage=0.03


Tree=24
num_leaves=15
num_cat=0
split_feature=8 11 13 13 0 13 13 13 12 13 9 4 2 14
split_gain=332.628 127.03 95.8478 177.07 151.383 125.593 95.6829 109.886 91.0308 105.33 84.8651 83.3246 90.4999 81.5182
threshold=-0.02425225600642059 0.93951198356851029 40.500000000000007 35.500000000000007 0.55886979009774118 33.500000000000007 31.500000000000004 28.500000000000004 inf 15.500000000000002 0.78513187208357438 0.20449296278255727 0.87500000000001432 1.0000000180025095e-35
decision_type=2 2 2 2 10 2 2 2 8 2 8 2 10 2
left_child=10 2 3 5 -5 -2 7 8 9 13 -1 -11 -13 -3
right_child=1 6 -4 4 -6 -7 -8 -9 -10 11 -12 12 -14 -15
leaf_value=-0.0029781060695176216 0.00027165373758698483 0.001108842578283805 -0.011111457610989476 0.0038209886148751499 0.028788977976635856 -0.01272507841823556 -0.016134811951973589 0.021389473204195271 0.016906996443044414 0.0052869012860165343 -0.00092992438736714893 -0.0060370197423086514 0.0073006437762259419 0.0035704785654257949
leaf_weight=24767 159377 26435 661 576 349 667 258 257 357 1025 68731 3471 523 22344
leaf_count=24767 159377 26435 661 576 349 667 258 257 357 1025 68731 3471 523 22344
internal_value=2.25127e-05 0.000668812 0.000245965 0.000292946 0.0133455 0.000217093 0.00191881 0.00200589 0.00191193 0.00181087 -0.0014726 -0.00232572 -0.00428356 0.00223668
internal_weight=309798 216300 161630 160969 925 160044 54670 54412 54155 53798 93498 5019 3994 48779
internal_count=309798 216300 161630 160969 925 160044 54670 54412 54155 53798 93498 5019 3994 48779
is_linear=0
shrinkage=0.03


Tree=25
num_leaves=15
num_cat=0
split_feature=8 5 9 12 9 3 2 12 4 11 11 8 8 10
split_gain=215.14 129.63 109.4 100.791 91.4424 65.4756 70.6081 78.8236 77.3548 63.7387 60.4465 79.074 57.4906 60.8607
threshold=-0.0078626570155630824 0.66179351899103367 0.91579223856191949 inf 0.79215263078052922 0.8837209302325707 0.73333333333330575 0.013156682943956667 0.3083489720035108 -2.1822372356470985 0.65413356622071139 0.085091331646914251 0.0025810813246180228 1.9831739703713167
decision_type=2 2 8 8 8 8 10 10 2 2 2 2 2 2
left_child=2 9 -1 5 -5 -3 10 -8 12 -2 -7 -12 13 -9
right_child=1 3 -4 4 -6 6 7 8 -10 -11 11 -13 -14 -15
leaf_value=-0.001632719399590078 -0.018362018932164412 0.0012001309330212087 8.2348387701572715e-05 0.024906127551824843 0.0049906853994697567 -0.0026056165665358801 -0.00055560703477149759 0.0064275201212055074 0.00069919987658164338 -0.0030629530348171845 -0.00015575645927812343 0.011265302977821528 0.0038012084926254152 0.022799862288777083
leaf_weight=77592 252 112645 58866 266 902 13692 17842 614 9382 5425 6822 588 4888 306
leaf_count=77592 252 112645 58866 266 902 13692 17842 614 9382 5425 6822 588 4888 306
internal_value=-1.555e-06 0.000698985 -0.000892888 0.000849736 0.00961305 0.000788078 -6.93766e-05 0.000796567 0.00238447 -0.00375763 -0.00142475 0.000757515 0.00510385 0.0119669
internal_weight=310082 173624 136458 167947 1168 166779 54134 33032 15190 5677 21102 7410 5808 920
internal_count=310082 173624 136458 167947 1168 166779 54134 33032 15190 5677 21102 7410 5808 920
is_linear=0
shrinkage=0.03


Tree=26
num_leaves=15
num_cat=0
split_feature=8 6 13 13 13 12 13 6 12 5 8 8 11 6
split_gain=257.94 145.004 121.144 139.199 160.036 114.344 111.487 120.801 153.597 110.264 110.172 91.395 104.779 78.706
threshold=-0.02425225600642059 0.6312408357771262 40.500000000000007 35.500000000000007 31.500000000000004 0.073425549491799594 6.5000000000000009 -0.32378826607712685 -0.061001822002318733 1.5163681595536913 0.0047352135404006897 0.034824818608989623 0.86426616200567308 -0.12134266747488641
decision_type=2 8 2 2 2 10 2 8 10 2 2 2 2 10
left_child=6 2 3 4 9 11 -1 8 -8 -2 13 -3 -13 -5
right_child=1 5 -4 10 -6 -7 7 -9 -10 -11 -12 12 -14 -15
leaf_value=-0.0021925190548199125 -0.00090787212645596397 0.0030932200758124993 -0.012118124520982721 -0.01244076224260552 -0.010542826031162713 -0.00087073265577196043 -0.004400308194891389 -0.0005519380140757812 0.010894153854412001 0.00077614026490329996 0.020984491035412903 0.0051420007337421468 0.016111283198194923 0.013507862424170507
leaf_weight=55301 45488 8500 696 210 1208 4404 865 35563 1845 151620 522 2334 1181 201
leaf_count=55301 45488 8500 696 210 1208 4404 865 35563 1845 151620 522 2334 1181 201
internal_value=-1.51547e-05 0.000553997 0.000331402 0.000375193 0.000320652 0.00326375 -0.00133112 -8.63529e-05 0.00601323 0.000387496 0.0119048 0.00477895 0.0088452 0.000259269
internal_weight=309938 216364 199945 199249 198316 16419 93574 38273 2710 197108 933 12015 3515 411
internal_count=309938 216364 199945 199249 198316 16419 93574 38273 2710 197108 933 12015 3515 411
is_linear=0
shrinkage=0.03


Tree=27
num_leaves=15
num_cat=0
split_feature=8 13 11 13 13 0 13 2 5 12 13 12 12 13
split_gain=246.381 137.788 117.999 88.3132 151.929 140.508 135.549 92.9519 86.7557 89.6923 92.434 81.7726 78.9987 75.8549
threshold=-0.034767003960395539 6.5000000000000009 1.0004434412533529 40.500000000000007 35.500000000000007 0.55886979009774118 31.500000000000004 0.71428571428571463 1.0159026162335112 0.12026158145875356 5.5000000000000009 0.010334742398651843 inf 31.500000000000004
decision_type=2 2 2 2 2 10 2 10 2 8 2 8 8 2
left_child=1 -1 3 4 6 7 8 -6 9 -2 -11 -3 13 -4
right_child=2 11 12 -5 5 -7 -8 -9 -10 10 -12 -13 -14 -15
leaf_value=-0.0026186300664331635 -0.0021098151557171871 -0.0011502087760687319 0.0016991149466799966 -0.010126768416327023 -0.011287943401506968 0.025887593161171077 -0.0093789107085095347 0.011913758869021396 0.00043820448157566176 -0.00063949374195474838 0.012436539644890643 0.0021698855847458042 0.015440902007669212 -0.014670703944793785
leaf_weight=41558 21088 17887 54963 746 247 384 1338 401 158112 1243 794 10646 370 251
leaf_count=41558 21088 17887 54963 746 247 384 1338 401 158112 1243 794 10646 370 251
internal_value=4.80947e-05 -0.00151658 0.000505194 0.000139867 0.000181855 0.0116323 0.000116815 0.00305119 0.000187175 -0.00152891 0.00447537 8.87209e-05 0.00171674 0.00162338
internal_weight=310028 70091 239937 184353 183607 1032 182575 648 181237 23125 2037 28533 55584 55214
internal_count=310028 70091 239937 184353 183607 1032 182575 648 181237 23125 2037 28533 55584 55214
is_linear=0
shrinkage=0.03


Tree=28
num_leaves=15
num_cat=0
split_feature=8 6 0 11 8 13 6 12 5 13 13 13 13 8
split_gain=213.576 186.243 110.991 109.251 124.524 90.5326 106.009 123.867 88.1925 73.0587 67.8699 141.372 122.429 86.8806
threshold=-0.02425225600642059 0.6312408357771262 0.51306994244661752 -0.02647510271159503 0.03286008461231562 6.5000000000000009 -0.32378826607712685 -0.061001822002318733 3.0382911926822511 17.500000000000004 40.500000000000007 35.500000000000007 32.500000000000007 0.018331163280453307
decision_type=2 8 10 2 2 2 8 10 2 2 2 2 2 2
left_child=5 8 -3 9 -5 -1 7 -7 10 -4 11 12 -2 -13
right_child=1 2 3 4 -6 6 -8 -9 -10 -11 -12 13 -14 -15
leaf_value=-0.0019811628114811226 -5.8036710061898796e-05 -0.00066931260881179853 0.0030433569370131746 0.0046037591905368986 0.013177508188295326 -0.0034629328124307465 -0.00051952642984303625 0.010126174851282326 0.0014039142273981303 -0.0083734331786420417 -0.0097315681356629109 0.0042612394721557693 -0.013007059103047305 0.024031578254407875
leaf_weight=55301 151360 4121 4935 4406 2334 900 35429 1816 46458 557 649 499 655 332
leaf_count=55301 151360 4121 4935 4406 2334 900 35429 1816 46458 557 649 499 655 332
internal_value=-7.21415e-06 0.000510555 0.00358822 0.00502228 0.00758034 -0.00120569 -8.13392e-05 0.00562507 0.000258767 0.0018789 -8.78666e-05 -4.66015e-05 -0.000114257 0.0122563
internal_weight=309752 216306 16353 12232 6740 93446 38145 2716 199953 5492 153495 152846 152015 831
internal_count=309752 216306 16353 12232 6740 93446 38145 2716 199953 5492 153495 152846 152015 831
is_linear=0
shrinkage=0.03


Tree=29
num_leaves=15
num_cat=0
split_feature=5 14 12 13 12 13 11 9 4 13 12 12 3 5
split_gain=144.568 111.251 122.949 104.726 95.3594 86.5776 82.9818 80.8913 75.8367 75.3054 72.1767 83.0099 66.9164 65.1663
threshold=3.0382911926822511 1.0000000180025095e-35 0.15890038722066877 1.5000000000000002 -0.10824228402826901 26.500000000000004 1.3103652181886252 0.70667347602771813 1.7466318401772767 12.500000000000002 0.040381207986801233 0.016686312390925776 0.84283986574874892 0.82789182376744963
decision_type=2 2 10 2 8 2 2 8 2 2 8 10 10 2
left_child=1 2 4 -3 5 -1 -5 12 -2 -4 11 -9 -8 -6
right_child=8 3 9 6 13 -7 7 10 -10 -11 -12 -13 -14 -15
leaf_value=0.0013175896232741878 0.0011856832736783388 -0.0011954729854255306 0.0047353767134675536 0.00068309027620328563 -0.0036480444532786416 -0.010036816981244976 0.0064802182854061391 0.0029314934219444653 0.012331028452566707 0.023696959860826608 -0.00037230809937413643 0.01428152896124813 0.02579030195983608 -0.0010695794068887382
leaf_weight=19266 68007 27214 729 76904 9658 619 421 1805 549 251 2696 852 262 101461
leaf_count=19266 68007 27214 729 76904 9658 619 421 1805 549 251 2696 852 262 101461
internal_value=5.96977e-05 -0.000284642 -0.000872092 0.000419235 -0.000951451 0.000961704 0.000949087 0.00433475 0.00127583 0.0096875 0.00308691 0.00659101 0.0140212 -0.00129384
internal_weight=310694 242138 131984 110154 131004 19885 82940 6036 68556 980 5353 2657 683 111119
internal_count=310694 242138 131984 110154 131004 19885 82940 6036 68556 980 5353 2657 683 111119
is_linear=0
shrinkage=0.03


Tree=30
num_leaves=15
num_cat=0
split_feature=8 6 14 6 0 13 6 6 13 4 11 8 12 14
split_gain=187.803 135.375 98.1312 200.134 97.6493 117.46 97.4774 84.8422 80.3456 79.6831 72.1319 91.1167 71.5314 68.5767
threshold=-0.0078626570155630824 0.6312408357771262 1.0000000180025095e-35 -0.45304290710083633 0.51306994244661752 16.500000000000004 -0.39450751285824615 -0.50106103143635439 2.5000000000000004 0.31439129157136142 0.985158095243723 0.03286008461231562 0.17285629702861302 1.0000000180025095e-35
decision_type=2 8 2 10 10 2 8 10 2 2 2 2 10 2
left_child=6 2 3 -2 -3 10 13 -4 -9 -10 -6 -12 -5 -1
right_child=1 4 7 12 5 -7 -8 8 9 -11 11 -13 -14 -15
leaf_value=0.006096615497374217 0.010447905793130232 -0.0010391122178990959 -0.0066713255816174119 -0.00051855188980188302 0.0045558832414187584 -0.004469374958914348 -0.0009676750989910663 -0.00013342426145541774 0.0032379317680900355 0.00085255992104893983 0.0052260488216039555 0.017164017506547783 0.010663826380169531 -0.0016155259812471604
leaf_weight=3038 1539 3107 1198 84567 6600 1041 132153 22402 24797 25636 1263 1062 513 1572
leaf_count=3038 1539 3107 1198 84567 6600 1041 132153 22402 24797 25636 1263 1062 513 1572
internal_value=1.351e-05 0.000668143 0.000429193 -0.000256275 0.00360327 0.00505037 -0.00081804 0.00123116 0.00136159 0.00202561 0.00616263 0.0107041 -0.000450504 0.00346789
internal_weight=310488 173725 160652 86619 13073 9966 136763 74033 72835 50433 8925 2325 85080 4610
internal_count=310488 173725 160652 86619 13073 9966 136763 74033 72835 50433 8925 2325 85080 4610
is_linear=0
shrinkage=0.03


Tree=31
num_leaves=15
num_cat=0
split_feature=8 5 9 14 8 9 9 13 13 13 3 2 8 8
split_gain=207.621 111.583 106.378 90.6084 106.091 86.8764 81.3488 96.2593 75.031 69.4864 65.8264 60.2148 54.9029 54.5997
threshold=-0.0078626570155630824 0.66179351899103367 0.91579223856191949 1.0000000180025095e-35 0.073670674866011185 1.1794550807769058 1.2172038423660445 16.500000000000004 10.500000000000002 -9.4999999999999982 0.88888888888888229 0.71428571428571463 -0.06579574701791481 0.020829211600139782
decision_type=2 2 8 2 2 8 10 2 2 2 10 10 2 2
left_child=2 13 9 10 6 -6 -5 8 -8 -1 -3 12 -4 -2
right_child=1 3 11 4 5 -7 7 -9 -10 -11 -12 -13 -14 -15
leaf_value=-0.017128196022389928 -0.00040732744314687713 0.00078412495254228797 -0.0030988542555891482 0.0010074623452926389 0.0041662829046370401 0.018463503653299126 0.0056236809432438761 -0.0076886632590802435 0.019500525015826685 -0.0015015210685805137 -0.0009571985522574116 0.0014086830910567086 -6.2732138763229702e-05 -0.006310300752234899
leaf_weight=252 2775 62509 6471 64779 7749 398 2880 431 396 77360 28416 21363 31119 2864
leaf_count=252 2775 62509 6471 64779 7749 398 2880 431 396 77360 28416 21363 31119 2864
internal_value=5.0993e-05 0.000740655 -0.000823658 0.000880383 0.00164025 0.00487563 0.00125504 0.00557429 0.00732826 -0.00155336 0.000239902 0.000137048 -0.000585734 -0.00340833
internal_weight=309762 173197 136565 167558 76633 8147 68486 3707 3276 77612 90925 58953 37590 5639
internal_count=309762 173197 136565 167558 76633 8147 68486 3707 3276 77612 90925 58953 37590 5639
is_linear=0
shrinkage=0.03


Tree=32
num_leaves=15
num_cat=0
split_feature=13 10 13 13 6 13 1 14 12 11 11 13 6 0
split_gain=111.456 118.45 92.3346 153.562 78.9206 100.949 82.5603 82.993 155.622 114.088 77.4937 105.111 76.7517 74.3842
threshold=40.500000000000007 1.929277925605714 35.500000000000007 31.500000000000004 -0.31845051337809727 37.500000000000007 0.51819728530686282 1.0000000180025095e-35 0.085565740711494712 1.1760244389599146 0.41758435880997091 29.500000000000004 -0.41944632861272674 0.73317101614962377
decision_type=2 2 2 2 10 2 2 2 10 2 2 2 8 10
left_child=1 2 3 10 6 13 -3 8 9 -8 -1 -12 -9 -6
right_child=-2 4 -4 -5 5 -7 7 12 -10 -11 11 -13 -14 -15
leaf_value=-0.00086409348257122074 -0.010485671268727041 -0.0060780009937011154 0.012310955288265566 -0.012566195645304336 0.00054138771921393792 0.018019623681966024 0.002291151529843969 -0.0053666297880506702 0.025361506921103876 0.011444346225714799 0.00034940445546678635 0.021761490711267446 0.0030115506867008385 -0.0061040817832353827
leaf_weight=123393 907 832 504 937 105626 290 4459 1333 346 1687 64463 202 3716 1533
leaf_count=123393 907 832 504 937 105626 290 4459 1333 346 1687 64463 202 3716 1533
internal_value=-1.34892e-05 1.73867e-05 -0.000449428 -0.000483782 0.000755644 0.000494305 0.00302404 0.00368256 0.0059248 0.00481085 -0.000423248 0.000417969 0.000796484 0.000446038
internal_weight=310228 309321 189499 188995 119822 107449 12373 11541 6492 6146 188058 64665 5049 107159
internal_count=310228 309321 189499 188995 119822 107449 12373 11541 6492 6146 188058 64665 5049 107159
is_linear=0
shrinkage=0.03


Tree=33
num_leaves=15
num_cat=0
split_feature=8 5 13 1 12 1 5 0 1 8 12 9 13 8
split_gain=189.654 111.44 115.436 118.776 104.729 73.2985 69.3928 68.7701 96.4577 71.2924 68.5608 66.018 60.4306 60.038
threshold=-0.02425225600642059 1.6793208239326833 18.500000000000004 6.1002390497460253 -0.010838022742359231 1.5668944242283729 0.66179351899103367 0.60005654541192111 1.4310476693404219 0.049644327412165262 0.022626070325880824 0.8008273542586416 6.5000000000000009 0.0025810813246180228
decision_type=2 2 2 2 10 2 2 10 2 2 10 10 2 2
left_child=4 5 -3 7 -1 6 -2 8 11 -9 -7 -4 -6 -5
right_child=1 2 3 13 12 10 -8 9 -10 -11 -12 -13 -14 -15
leaf_value=-0.002189086567412412 -0.0041751277155772969 0.0011665895722232642 0.0066312837088788974 -0.0040405158866898281 -0.0010491854210338877 -0.00045160536881502328 -0.00071964802574190159 0.0044178019249133315 -0.0056508773577330995 -0.005870185346018685 0.0039652129680906216 -0.0020169187893125176 0.0011091199768521515 0.013551650598596966
leaf_weight=44982 5956 140040 1052 234 28975 7574 42711 2260 6679 823 5425 3193 19548 661
leaf_count=44982 5956 140040 1052 234 28975 7574 42711 2260 6679 823 5425 3193 19548 661
internal_value=-1.72514e-05 0.00047019 0.000899464 -0.00161037 -0.00114639 -0.00060839 -0.00114292 -0.00228843 -0.00340482 0.00166639 0.00139252 0.000131567 -0.000179665 0.00895524
internal_weight=310113 216608 154942 14902 93505 61666 48667 14007 10924 3083 12999 4245 48523 895
internal_count=310113 216608 154942 14902 93505 61666 48667 14007 10924 3083 12999 4245 48523 895
is_linear=0
shrinkage=0.03


Tree=34
num_leaves=15
num_cat=0
split_feature=8 11 9 13 13 0 13 12 9 5 0 13 9 7
split_gain=167.2 95.5164 83.2586 78.198 114.74 122.808 91.9494 70.9256 66.1047 65.8002 64.4502 60.6028 59.5277 120.019
threshold=-0.023714032834183545 1.0345554643090196 0.77065824053903509 40.500000000000007 35.500000000000007 0.56844584946359278 33.500000000000007 inf 0.87681318897681104 0.66179351899103367 0.45475465185838521 3.5000000000000004 0.63400739528395234 0.63840176037245155
decision_type=2 2 8 2 2 10 2 8 10 2 10 2 10 8
left_child=2 3 -1 4 6 8 9 12 -6 10 -2 -4 13 -3
right_child=1 7 11 -5 5 -7 -8 -9 -10 -11 -12 -13 -14 -15
leaf_value=-0.0026428042558101325 -0.012449325486052808 0.018100298635739212 -0.0015934972894314922 -0.0099928046462305804 0.014314071090586925 0.026833766897690705 -0.010881164598570933 0.015535442300890457 -0.0046750882880853195 0.00028703073096180033 -0.0018181230361459511 0.0001673348444748624 0.0013646512432043529 -0.00017131783399094161
leaf_weight=22200 551 571 29536 679 282 285 677 323 384 156321 6717 43486 47993 738
leaf_count=22200 551 571 29536 679 282 285 677 323 384 156321 6717 43486 47993 738
internal_value=1.27358e-05 0.000475289 -0.00103415 0.000129851 0.000171754 0.0105349 0.000111439 0.00162995 0.00341211 0.000157262 -0.0026321 -0.000544948 0.00153729 0.00783751
internal_weight=310743 215521 95222 165896 165217 951 164266 49625 666 163589 7268 73022 49302 1309
internal_count=310743 215521 95222 165896 165217 951 164266 49625 666 163589 7268 73022 49302 1309
is_linear=0
shrinkage=0.03


Tree=35
num_leaves=15
num_cat=0
split_feature=8 6 14 6 6 6 12 6 9 6 0 13 8 13
split_gain=161.534 132.105 113.332 274.581 116.634 114.738 117.933 100.382 97.5043 91.0902 89.1676 88.2495 99.5809 83.5457
threshold=-0.025283817790406383 0.70646336785577291 1.0000000180025095e-35 -0.43411257425760424 -0.43411257425760424 0.28408582000372201 0.17285629702861302 -0.36540946383307232 1.1936109517918634 0.059577809591833016 0.51006488045461862 17.500000000000004 0.047080207629151515 15.500000000000002
decision_type=2 8 2 10 10 10 10 8 10 10 10 2 2 2
left_child=7 2 3 -2 -4 6 -5 -1 -6 13 -3 12 -12 -10
right_child=1 10 4 5 8 -7 -8 -9 9 -11 11 -13 -14 -15
leaf_value=0.0038439043847342418 0.0091567318195912312 -0.0010930962776433478 -0.0049353108491735813 -0.0011321088302401385 0.00089861741595628297 0.001921946842164202 0.012750401704535156 -0.0013100144273650728 0.0088188382550970102 -0.0012344511756515041 0.0038158182108118288 -0.0043163652377783725 0.011389975602795855 -0.0038571239145105654
leaf_weight=3534 2608 3448 2915 94310 84621 13319 549 87441 3687 1575 8487 951 1913 533
leaf_count=3534 2608 3448 2915 94310 84621 13319 549 87441 3687 1575 8487 951 1913 533
internal_value=-4.71469e-05 0.000394395 0.000195924 -0.000452894 0.000966067 -0.000684979 -0.0010511 -0.00110961 0.00115659 0.00491958 0.00313084 0.00441383 0.00521383 0.00721515
internal_weight=309891 218916 204117 110786 93331 108178 94859 90975 90416 5795 14799 11351 10400 4220
internal_count=309891 218916 204117 110786 93331 108178 94859 90975 90416 5795 14799 11351 10400 4220
is_linear=0
shrinkage=0.03


Tree=36
num_leaves=15
num_cat=0
split_feature=8 9 14 8 13 9 11 13 10 9 8 3 11 10
split_gain=145.417 95.2098 73.7987 104.629 73.7241 70.3708 63.503 63.01 70.3169 59.6632 72.4174 58.9516 58.3438 75.3536
threshold=-0.0043173811835614537 0.7316903922583019 1.0000000180025095e-35 0.073670674866011185 6.5000000000000009 1.2172038423660445 2.1176281940819517 16.500000000000004 2.3848323469716193 0.8639797071814016 -0.037974203810381212 0.88888888888888229 0.92340671464807378 2.6651677991863298
decision_type=2 8 2 2 2 10 2 2 2 8 2 10 2 2
left_child=1 6 11 5 9 -4 -1 8 -7 -3 -11 -2 -5 -14
right_child=2 4 3 12 -6 7 -8 -9 -10 10 -12 -13 13 -15
leaf_value=-0.0027761391133364231 0.00048695898708400558 -0.0022395737447392441 0.00061175290546523222 0.0026407052009084506 0.00043883348645416836 0.0034744766421292428 0.0090733170515621998 -0.0061236584299230387 0.013304299813056029 -0.0017503184677754059 0.00060437427477842167 -0.0011805569448314482 0.010521913473947875 -0.0015392932760503436
leaf_weight=21876 61020 24739 62810 5660 51692 2228 410 406 926 20872 26898 27756 2182 591
leaf_count=21876 61020 24739 62810 5660 51692 2228 410 406 926 20872 26898 27756 2182 591
internal_value=-6.43038e-05 -0.000750832 0.000550494 0.00124464 -0.000426804 0.000844523 -0.00255616 0.00494474 0.00637696 -0.00104391 -0.00042453 -3.44304e-05 0.00439128 0.00795321
internal_weight=310066 146487 163579 74803 124201 66370 22286 3560 3154 72509 47770 88776 8433 2773
internal_count=310066 146487 163579 74803 124201 66370 22286 3560 3154 72509 47770 88776 8433 2773
is_linear=0
shrinkage=0.03


Tree=37
num_leaves=15
num_cat=0
split_feature=8 2 5 13 7 12 8 13 13 0 3 3 10 5
split_gain=182.948 76.3994 74.0007 70.8803 64.7405 65.679 80.6733 63.0949 110.649 72.3102 61.2536 56.7699 55.8416 50.7857
threshold=-0.0078626570155630824 0.73033707865168263 0.66179351899103367 39.500000000000007 0.46344053515713818 -0.0093607544529538105 -0.025283817790406383 35.500000000000007 33.500000000000007 0.56844584946359278 0.86363636363636032 0.75555555555555964 2.1172922204725269 2.6182841553228537
decision_type=2 10 2 2 10 10 2 2 2 10 8 10 2 2
left_child=1 -1 -2 7 5 6 -3 8 10 -9 13 -6 -7 -4
right_child=2 4 3 -5 11 12 -8 9 -10 -11 -12 -13 -14 -15
leaf_value=-0.0013077269225181922 -0.0026915043510394696 -0.00294316130465709 0.00073488506563178886 -0.0093826050845588118 -0.0077278542703632935 -0.00013882860197682133 0.0013970686657458977 0.0030266772728752005 -0.012366625127619463 0.023249137750060499 7.7095434036502289e-05 0.0032686562963330835 0.0033456087274350435 0.0020867502019254526
leaf_weight=90037 5697 12696 63226 610 443 14525 5530 490 569 232 61565 7516 5784 41383
leaf_count=90037 5697 12696 63226 610 443 14525 5530 490 569 232 61565 7516 5784 41383
internal_value=2.39975e-05 -0.000797787 0.00066967 0.000783676 0.000189761 -0.000319091 -0.00162626 0.000820986 0.000782512 0.00963996 0.000827907 0.00265212 0.000854118 0.00126975
internal_weight=310303 136531 173772 168075 46494 38535 18226 167465 166743 722 166174 7959 20309 104609
internal_count=310303 136531 173772 168075 46494 38535 18226 167465 166743 722 166174 7959 20309 104609
is_linear=0
shrinkage=0.03


Tree=38
num_leaves=15
num_cat=0
split_feature=8 11 13 13 6 12 8 12 2 6 14 9 6 13
split_gain=141.502 114.915 117.391 108.297 96.4797 148.519 92.1467 84.3146 80.715 71.167 65.4026 76.7523 84.8165 73.7423
threshold=-0.052584131795922036 0.40494912757448676 31.500000000000004 29.500000000000004 -0.57615093520583893 0.080569898908240081 0.026597497103010643 0.002653615661856457 0.65517241379311053 -0.3744101073770591 1.0000000180025095e-35 1.1041971420511849 0.082352941176470643 27.500000000000004
decision_type=2 2 2 2 10 10 2 10 10 8 2 10 10 2
left_child=7 -2 3 4 5 6 -3 9 -9 -1 -6 13 -13 -12
right_child=1 2 -4 -5 10 -7 -8 8 -10 -11 11 12 -14 -15
leaf_value=0.0062383402282455667 -0.00027962956370263203 0.0049970062492076563 -0.011561386778614187 0.018275960444120644 0.00013873647620323188 -0.0051847841076852882 0.015981039317158354 -0.0020659979226659883 0.0020872942273766752 -0.0031055185742949647 0.001289173320168211 0.0071229208623555711 -0.00072307954346633818 -0.015858267912977592
leaf_weight=753 161814 2046 662 323 55759 889 1036 8638 8208 23245 40637 4237 1751 222
leaf_count=753 161814 2046 662 323 55759 889 1036 8638 8208 23245 40637 4237 1751 222
internal_value=-2.39424e-05 0.000225556 0.000985525 0.00106376 0.00101074 0.00559606 0.00870914 -0.00166927 -4.23401e-05 -0.00281109 0.000833019 0.00165928 0.00482992 0.00119408
internal_weight=310220 269376 107562 106900 106577 3971 3082 40844 16846 23998 102606 46847 5988 40859
internal_count=310220 269376 107562 106900 106577 3971 3082 40844 16846 23998 102606 46847 5988 40859
is_linear=0
shrinkage=0.03


Tree=39
num_leaves=15
num_cat=0
split_feature=11 6 0 13 13 13 13 0 1 5 13 12 6 6
split_gain=113.322 127.245 124.538 95.459 80.9374 154.439 138.415 130.833 90.7022 80.1581 79.3732 75.0903 155.49 116.184
threshold=1.0004434412533529 -0.33610859910308383 0.50786889285767445 22.500000000000004 40.500000000000007 35.500000000000007 31.500000000000004 0.55364208712544971 5.5534624209454799 1.0159026162335112 4.5000000000000009 0.0021100591940080853 -0.50106103143635439 0.01433334995836111
decision_type=2 10 10 2 2 2 2 10 2 2 2 8 10 10
left_child=4 2 -2 10 5 6 8 -7 9 -1 -4 12 -11 -14
right_child=1 -3 3 -5 -6 7 -8 -9 -10 11 -12 -13 13 -15
leaf_value=-0.001687965164427064 -0.0016557431712107516 0.00070874067780999825 0.0044088525202904639 -0.012384685340087588 -0.0093956343139445682 0.0020250719279671708 -0.0085129412280592828 0.02182893247930387 0.0042875183725687256 0.0054036190457095188 0.012391300397321853 0.00051061033804006457 -0.0017000424556396733 0.00039797637854067203
leaf_weight=31939 1767 60763 2155 200 864 715 1818 514 3955 3687 2351 100740 59791 39412
leaf_count=31939 1767 60763 2155 200 864 715 1818 514 3955 3687 2351 100740 59791 39412
internal_value=4.47328e-05 0.00113492 0.00513186 0.00767951 -0.00025639 -0.000223644 -0.000277766 0.0103625 -0.000215084 -0.000290768 0.0085828 -7.15845e-05 -0.000641611 -0.00086655
internal_weight=310671 67236 6473 4706 243435 242571 241342 1229 239524 235569 4506 203630 102890 99203
internal_count=310671 67236 6473 4706 243435 242571 241342 1229 239524 235569 4506 203630 102890 99203
is_linear=0
shrinkage=0.03


Tree=40
num_leaves=15
num_cat=0
split_feature=8 6 14 6 9 12 6 12 13 5 12 6 1 13
split_gain=141.291 113.427 110.912 219.312 108.283 99.4997 96.2917 105.404 106.891 95.8609 103.176 88.7124 82.7224 81.9344
threshold=-0.026327928773151165 0.6312408357771262 1.0000000180025095e-35 -0.47474871305554983 1.2172038423660445 0.17285629702861302 -0.32378826607712685 -0.051765292895092511 6.5000000000000009 1.8009146526737345 0.080569898908240081 -0.50106103143635439 0.80606079268489206 2.5000000000000004
decision_type=2 8 2 10 10 10 8 10 2 2 10 10 2 2
left_child=6 2 3 -2 11 -5 7 -1 -9 -10 12 -4 -11 -13
right_child=1 -3 4 5 -6 -7 -8 8 9 10 -12 13 -14 -15
leaf_value=-0.0025244076270748888 0.0097860275378488567 0.0027005389215391906 -0.0066173239945838186 -0.00074421128492175713 0.0051916061286450725 0.011101140051244573 -0.0013321714944953685 0.00081634396242032592 0.001977610358038652 0.0060973667105038961 0.00051024164916492823 -0.00060393265938676291 0.028645063816973595 0.001390076046434971
leaf_weight=2008 1829 16822 1479 108771 5000 637 83360 1627 578 202 249 26723 560 60589
leaf_count=2008 1829 16822 1479 108771 5000 637 83360 1627 578 202 249 26723 560 60589
internal_value=-7.17058e-05 0.000332724 0.00013839 -0.000502309 0.00089825 -0.000674741 -0.00108452 0.00286476 0.00622833 0.0117498 0.0172994 0.000656204 0.0227466 0.000779783
internal_weight=310434 221850 205028 111237 93791 109408 88584 5224 3216 1589 1011 88791 762 87312
internal_count=310434 221850 205028 111237 93791 109408 88584 5224 3216 1589 1011 88791 762 87312
is_linear=0
shrinkage=0.03


Tree=41
num_leaves=15
num_cat=0
split_feature=8 11 6 8 11 1 0 9 6 14 9 7 10 5
split_gain=132.157 94.4761 81.6761 172.931 89.4738 77.523 70.3136 64.3925 81.6981 62.1712 93.9979 70.3703 59.8139 59.3515
threshold=-0.052584131795922036 0.76065110732789976 -0.57615093520583893 0.032279024396289928 1.6901321410543024 0.64859332281245941 0.57130360557088844 0.75119289359867647 -0.39450751285824615 1.0000000180025095e-35 1.1041971420511849 1.427556363702448 0.84463545114690142 2.9738147425469053
decision_type=2 2 10 2 2 2 10 8 8 2 10 8 2 2
left_child=7 5 3 4 -3 -2 -5 -1 -9 12 11 -11 -4 -14
right_child=1 2 9 6 -6 -7 -8 8 -10 10 -12 -13 13 -15
leaf_value=-0.004072490228020296 -0.0013441351421110551 -0.003103863533472332 0.012425935225207999 0.0085875140339607917 0.01046452122378185 0.00010553263669509163 0.025637815977478849 0.0085997788716565948 -0.0013281675587463397 0.00053248755095716401 0.005806298078572531 0.0045912090436577317 -0.0012224211801896508 0.0010750437541438328
leaf_weight=8180 42718 1401 343 451 630 148939 430 759 31759 24871 4517 4543 20081 20391
leaf_count=8180 42718 1401 343 451 630 148939 430 759 31759 24871 4517 4543 20081 20391
internal_value=-0.000100731 0.000140066 0.00102275 0.00594765 0.0011203 -0.000217607 0.0170072 -0.001694 -0.00109515 0.000830495 0.00177932 0.00116003 4.15793e-05 -6.49001e-05
internal_weight=310013 269315 77658 2912 2031 191657 881 40698 32518 74746 33931 29414 40815 40472
internal_count=310013 269315 77658 2912 2031 191657 881 40698 32518 74746 33931 29414 40815 40472
is_linear=0
shrinkage=0.03


Tree=42
num_leaves=15
num_cat=0
split_feature=8 6 12 1 13 6 13 5 12 6 6 13 13 1
split_gain=120.15 103.61 100.143 98.4432 84.2529 89.8842 82.4614 83.5921 82.8623 193.768 167.411 97.4745 101.998 103.515
threshold=-0.02425225600642059 0.52760690568732738 0.056581295912648107 0.48787344417196127 6.5000000000000009 -0.32964371364640621 39.500000000000007 1.2100151680014364 0.002653615661856457 -0.53158120235152351 -0.017837678941398202 35.500000000000007 32.500000000000007 1.989450701324621
decision_type=2 8 10 2 2 8 2 2 10 10 10 2 2 2
left_child=4 3 -3 -2 -1 -6 7 -5 9 -9 11 12 13 -10
right_child=1 2 -4 6 5 -7 -8 8 10 -11 -12 -13 -14 -15
leaf_value=-0.0015343726547020521 -0.0018443541693370766 0.0039811237546718888 -0.00067540119509564868 -0.0010940416702086609 0.0057378275527389735 -9.3144125677769001e-05 -0.0095543293914822653 0.015564002397372058 0.0018095051411005985 -8.7194417822247509e-05 -0.00022087408651067823 0.017950816635224645 -0.015706019413385151 0.0051501633685449022
leaf_weight=55505 17692 13733 5958 24265 2544 35730 726 714 37500 72259 32143 363 272 10738
leaf_count=55505 17692 13733 5958 24265 2544 35730 726 714 37500 72259 32143 363 272 10738
internal_value=0.000109146 0.000497888 0.00257236 0.000290129 -0.000787723 0.000295128 0.000501166 0.000542388 0.000800277 6.69996e-05 0.00146071 0.00256657 0.00244962 0.00255361
internal_weight=310142 216363 19691 196672 93779 38274 178980 178254 153989 72973 81016 48873 48510 48238
internal_count=310142 216363 19691 196672 93779 38274 178980 178254 153989 72973 81016 48873 48510 48238
is_linear=0
shrinkage=0.03


Tree=43
num_leaves=15
num_cat=0
split_feature=8 9 1 11 12 3 13 12 10 13 7 4 4 1
split_gain=103.237 106.012 97.9049 70.3671 66.5898 70.6486 96.1432 73.1223 74.5486 73.1157 64.4496 61.2353 56.4124 72.3298
threshold=-0.0030149826241148022 0.7316903922583019 0.6193640576895606 2.1176281940819517 0.0032019789276628301 0.58064516129032617 12.500000000000002 0.0043574626882857967 1.9358919552321867 8.5000000000000018 0.84332335720814056 2.0343179777008746 0.24253347159757252 5.1409704944801362
decision_type=2 8 2 2 8 10 2 10 2 2 10 2 2 2
left_child=1 3 10 -1 12 6 9 8 -7 -6 -2 -9 13 -4
right_child=2 -3 4 -5 5 7 -8 11 -10 -11 -12 -13 -14 -15
leaf_value=-0.0026928190867547019 -0.001715874465672482 -0.00024625152574971054 0.0010318779141689229 0.009777311883058892 -0.00044410911268134563 0.0030903316188891886 -0.0063642373518226648 0.0016317562797759256 0.016030672805521774 0.0070505555606018887 0.0021642987257482994 0.013545805216597779 -0.00066548035484193554 0.017511392210510152
leaf_weight=22404 23777 127420 25526 410 8083 1058 2162 57639 643 1365 4593 386 34751 237
leaf_count=22404 23777 127420 25526 410 8083 1058 2162 57639 643 1365 4593 386 34751 237
internal_value=-1.85545e-05 -0.0005835 0.000511181 -0.00246662 0.000855178 0.0014761 -0.000665002 0.00189232 0.00801459 0.000641839 -0.00108742 0.00171217 0.000123155 0.00118685
internal_weight=310454 150234 160220 22814 131850 71336 11610 59726 1701 9448 28370 58025 60514 25763
internal_count=310454 150234 160220 22814 131850 71336 11610 59726 1701 9448 28370 58025 60514 25763
is_linear=0
shrinkage=0.03


Tree=44
num_leaves=15
num_cat=0
split_feature=8 12 9 0 5 13 13 9 13 2 9 11 13 9
split_gain=134.74 88.9833 88.8832 78.8099 63.2357 71.1747 98.5123 94.6924 93.7471 59.9262 58.134 82.1447 58.5994 57.7812
threshold=-0.0043173811835614537 inf 0.91579223856191949 0.51451134438196677 1.1164448173278172 39.500000000000007 35.500000000000007 0.81415992088572942 33.500000000000007 0.77777777777774315 0.92691161721398851 0.9092375616569236 29.500000000000004 0.7869087667714888
decision_type=2 8 8 10 2 2 2 10 2 10 10 2 2 8
left_child=2 4 -1 -3 -2 6 8 -8 -6 10 11 -4 -12 -5
right_child=1 3 9 13 5 -7 7 -9 -10 -11 12 -13 -14 -15
leaf_value=-0.0012632113425269152 -0.0010893370779964748 -0.0060645749704890039 0.0011766351603161708 0.026915573557982079 0.00081940695237178902 -0.01038951948445487 0.028647870576544981 0.0039909634622745218 -0.012629815629856565 0.0018049053737332682 -0.00043127363090410996 0.013725799857243622 -0.0089111000404820517 0.0088009537404878536
leaf_weight=83009 18201 246 2150 203 142436 506 214 395 463 16169 43622 596 741 708
leaf_count=83009 18201 246 2150 203 142436 506 214 395 463 16169 43622 596 741 708
internal_value=4.37144e-05 0.00063587 -0.000617598 0.00890819 0.000576594 0.000787171 0.00082694 0.012818 0.00077539 0.000229359 -0.000311542 0.00392034 -0.000573901 0.0129624
internal_weight=309659 163372 146287 1157 162215 144014 143508 609 142899 63278 47109 2746 44363 911
internal_count=309659 163372 146287 1157 162215 144014 143508 609 142899 63278 47109 2746 44363 911
is_linear=0
shrinkage=0.03


Tree=45
num_leaves=15
num_cat=0
split_feature=8 6 12 9 6 9 8 14 9 6 8 11 1 5
split_gain=129.492 82.1341 89.9917 75.3783 70.3864 79.5077 69.8273 78.6988 69.2591 68.0774 77.2131 86.1701 63.5389 59.6737
threshold=-0.034767003960395539 0.6312408357771262 0.021887096592267622 1.1662840913358843 -0.39450751285824615 0.72937527861757534 0.066734742218222717 1.0000000180025095e-35 1.1794550807769058 1.9681670663682047 0.034824818608989623 0.93951198356851029 0.8685162776537948 2.4194082608691319
decision_type=2 8 10 8 8 10 2 2 10 10 2 2 2 2
left_child=4 6 3 9 5 -1 -2 -8 -9 10 -3 -12 -13 -7
right_child=1 2 -4 -5 -6 13 7 8 -10 -11 11 12 -14 -15
leaf_value=-0.011415116547540639 -7.2942238678123781e-06 0.0038006856455600449 -0.0003249920959320251 -0.0027665567007057992 -0.0012919489402704065 0.0024080492022674465 8.8866199690651085e-05 0.0031043352213950609 0.01387383556084119 -0.0061642730943545576 0.0062747592941724516 0.0043383999487688375 0.023880626846463717 0.014408913067286653
leaf_weight=234 200103 6657 7240 1305 68410 942 11534 9588 565 471 1713 210 540 615
leaf_count=234 200103 6657 7240 1305 68410 942 11534 9588 565 471 1713 210 540 615
internal_value=-4.88254e-06 0.000326714 0.00226751 0.0039895 -0.00113812 0.0047248 0.000167965 0.00178469 0.00371018 0.00490972 0.0054847 0.0100193 0.0184738 0.00717922
internal_weight=310127 239926 18136 10896 70201 1791 221790 21687 10153 9591 9120 2463 750 1557
internal_count=310127 239926 18136 10896 70201 1791 221790 21687 10153 9591 9120 2463 750 1557
is_linear=0
shrinkage=0.03


Tree=46
num_leaves=15
num_cat=0
split_feature=8 6 12 12 6 6 6 12 5 2 1 12 1 6
split_gain=131.579 115.706 125.958 83.3206 78.5454 74.8871 72.9776 75.4865 71.3674 68.9768 86.2232 59.9728 129.723 58.3935
threshold=-0.034767003960395539 0.59854328788681166 0.023335907957466321 -0.010838022742359231 -0.022342506144555015 inf -0.36540946383307232 -0.052962910418737068 2.3565615609197264 0.8000000000000006 2.2984177847077452 0.04670186818646594 1.4540998732012218 -0.036812898815105126
decision_type=2 8 10 10 8 8 10 10 2 10 2 10 2 10
left_child=3 8 -3 4 6 9 7 -1 11 -5 -11 -2 -13 -14
right_child=1 2 -4 5 -6 -7 -8 -9 -10 10 -12 12 13 -15
leaf_value=-0.0013742494203085856 -0.00077964338900650138 0.0045542030301243108 -0.00043216252577846199 -0.00065937433250509421 -0.00059243114117170706 -0.0090533013779508023 -0.0040167012200832842 0.013685021855273325 0.00071839055740434898 0.0012063595837470682 0.0098995514180467929 -0.00045207699292467687 0.005905629366562035 0.0011094541163619259
leaf_weight=1036 85849 11481 7559 26901 15174 823 17633 416 102354 6993 1199 23578 5063 4165
leaf_count=1036 85849 11481 7559 26901 15174 823 17633 416 102354 6993 1199 23578 5063 4165
internal_value=-2.74193e-06 0.000331316 0.00257499 -0.0011454 -0.00220372 -0.000135745 -0.00348433 0.00297241 0.000137969 7.46492e-05 0.00248398 -0.000362723 0.000728256 0.00374268
internal_weight=310224 240049 19040 70175 34259 35916 19085 1452 221009 35093 8192 118655 32806 9228
internal_count=310224 240049 19040 70175 34259 35916 19085 1452 221009 35093 8192 118655 32806 9228
is_linear=0
shrinkage=0.03


Tree=47
num_leaves=15
num_cat=0
split_feature=11 13 13 13 10 13 13 13 10 13 13 8 1 9
split_gain=100.275 100.768 139.03 90.4499 93.895 71.6555 65.4563 63.4855 156.481 153.791 113.797 64.9574 56.6355 61.7689
threshold=0.86426616200567308 31.500000000000004 28.500000000000004 4.5000000000000009 1.6517916734716798 25.500000000000004 45.500000000000007 35.500000000000007 3.2112393131478485 31.500000000000004 36.500000000000007 -0.074852153410850844 3.6715489098298328 0.79040719498926537
decision_type=2 2 2 2 2 2 2 2 2 2 2 2 2 10
left_child=3 2 5 4 -1 -2 7 9 10 11 -9 -5 13 -12
right_child=1 -3 -4 6 -6 -7 -8 8 -10 -11 12 -13 -14 -15
leaf_value=-0.001924404109778035 0.00095588384898206112 -0.014589021967202721 0.019824353670515119 -0.0024088962297917566 -0.00010403913934558997 -0.0092355522850212958 -0.012923129948165604 0.024739626887652029 -0.015443643392331299 -0.0086787337734745597 0.015000980025843571 0.00041985941514479226 0.018450486880540847 -0.0031310175347021062
leaf_weight=51763 76750 372 345 7780 50262 621 338 344 256 1757 223 118750 220 650
leaf_count=51763 76750 372 345 7780 50262 621 338 344 256 1757 223 118750 220 650
internal_value=-4.61278e-05 0.000883893 0.000958891 -0.00035871 -0.00102766 0.000873493 0.000165026 0.000199556 0.00596237 0.000123275 0.00981616 0.000245838 0.00502802 0.00155969
internal_weight=310431 78088 77716 232343 102025 77371 130318 129980 1693 128287 1437 126530 1093 873
internal_count=310431 78088 77716 232343 102025 77371 130318 129980 1693 128287 1437 126530 1093 873
is_linear=0
shrinkage=0.03


Tree=48
num_leaves=15
num_cat=0
split_feature=8 6 12 6 12 9 6 14 14 6 6 9 12 8
split_gain=104.259 100.571 127.736 92.6229 91.7772 87.6627 106.22 111.203 87.1035 109.115 87.0943 77.0452 89.5222 69.1724
threshold=0.0095303282266725568 -0.41944632861272674 0.11703188517225117 0.52760690568732738 0.05763590131497693 0.91579223856191949 0.12994403872997998 1.0000000180025095e-35 1.0000000180025095e-35 -0.47474871305554983 -0.50106103143635439 1.3569044628456319 0.045812984935724617 0.073670674866011185
decision_type=2 8 10 8 10 8 10 2 2 10 10 10 10 2
left_child=1 2 -1 8 -5 6 7 -3 9 -2 -10 13 -13 -12
right_child=3 5 -4 4 -6 -7 -8 -9 10 -11 11 12 -14 -15
leaf_value=0.0057493500054177759 0.011794203493687261 -0.0027650832405735361 -0.0061494690783501392 0.0048958115365451077 -0.0013372988817544136 0.00015935348471311886 0.00049876147169365833 -0.00045848257432921062 -0.0088587468412353026 -0.00051699621729422919 0.00079488076277753708 0.0011099684920119629 0.018744745871923499 0.0038630951614996687
leaf_weight=4403 650 42239 991 8152 2873 78181 25507 33916 747 60040 43584 545 490 7792
leaf_count=4403 650 42239 991 8152 2873 78181 25507 33916 747 60040 43584 545 490 7792
internal_value=-2.31977e-05 -0.00047483 0.0035596 0.000646747 0.00327166 -0.00059593 -0.00117674 -0.00173792 0.000392419 -0.00038418 0.00127901 0.00142433 0.00950878 0.00126056
internal_weight=310110 185237 5394 124873 11025 179843 101662 76155 113848 60690 53158 52411 1035 51376
internal_count=310110 185237 5394 124873 11025 179843 101662 76155 113848 60690 53158 52411 1035 51376
is_linear=0
shrinkage=0.03


Tree=49
num_leaves=15
num_cat=0
split_feature=5 6 8 13 14 6 6 13 9 1 10 1 9 13
split_gain=96.8198 98.7777 113.751 90.174 73.6612 147.911 134.182 81.2501 73.6568 70.6371 66.3932 75.6633 67.2343 62.2782
threshold=1.8317628118924405 -0.32378826607712685 0.03286008461231562 20.500000000000004 1.0000000180025095e-35 0.3669218966031717 0.3669218966031717 21.500000000000004 0.77429556234201902 1.8414402893082031 1.9831739703713167 1.8414402893082031 1.5658656874080783 -1.0000000180025095e-35
decision_type=2 10 2 2 2 10 10 2 10 2 2 2 8 2
left_child=10 2 -2 -4 5 8 -6 -7 -3 -9 -1 12 -12 -13
right_child=1 4 3 -5 6 7 -8 9 -10 -11 11 13 -14 -15
leaf_value=-0.0010849794876401171 0.00129419597445728 -0.0025080292223260154 0.0081934934836258438 -0.0069156872168297072 0.0013411790345338054 0.0024099849499449968 -0.0025209970277946668 0.0018747683818782527 -0.00030164489608122176 0.023356205739568328 -0.00047441055846752231 -0.009079418974804741 0.014194685076412401 0.0039863752599473131
leaf_weight=81777 16839 16822 3835 388 71202 9977 9130 243 71401 316 21136 341 280 6550
leaf_count=81777 16839 16822 3835 388 71202 9977 9130 243 71401 316 21136 341 280 6550
internal_value=6.30698e-05 0.000456107 0.00239923 0.00679876 0.000227526 -0.000321201 0.0009021 0.00303754 -0.000722468 0.0141175 -0.000651533 0.000600635 -0.000279353 0.0033337
internal_weight=310237 200153 21062 4223 179091 98759 80332 10536 88223 559 110084 28307 21416 6891
internal_count=310237 200153 21062 4223 179091 98759 80332 10536 88223 559 110084 28307 21416 6891
is_linear=0
shrinkage=0.03


Tree=50
num_leaves=15
num_cat=0
split_feature=8 5 12 6 12 2 6 0 12 1 11 11 5 0
split_gain=121.364 119.762 68.0757 74.7588 63.9021 64.8715 61.6107 59.2489 128.556 63.0855 61.3839 56.8731 53.7267 56.2138
threshold=-0.052584131795922036 2.3669801376130253 -0.085699767972996208 -0.45304290710083633 -0.0086594350134125402 0.71852452127979005 -0.081845272072820649 0.53582307289854536 0.04670186818646594 0.99412848978141077 1.4411648589949879 -2.4878665933915247 0.6329711169079324 0.64886586679531488
decision_type=2 2 10 10 10 10 8 10 10 2 2 2 2 10
left_child=4 2 3 -2 -1 6 -6 10 12 -10 -4 -3 -9 -14
right_child=1 11 7 -5 5 -7 -8 8 9 -11 -12 -13 13 -15
leaf_value=-0.0026410223576625053 0.0061566524566816425 0.012903998843160088 -0.0014784191243484811 0.00062578179916621959 0.0012002809026609854 0.0019281881674219792 -0.0031985811325282026 -0.0047583185719061822 0.000147720813701357 0.003248416405874035 0.00619864065938322 0.00092861287295494216 -0.00013523440205766768 -0.0027602625176965023
leaf_weight=20948 2515 353 51198 17305 4495 7527 7890 2997 11052 12678 950 121960 39548 9011
leaf_count=20948 2515 353 51198 17305 4495 7527 7890 2997 11052 12678 950 121960 39548 9011
internal_value=3.89537e-05 0.000269903 -0.000306397 0.00132898 -0.00148454 -0.000267531 -0.00160222 -0.000560791 -2.24052e-05 0.00180464 -0.00133798 0.0009637 -0.000863442 -0.00062259
internal_weight=310427 269567 147254 19820 40860 19912 12385 127434 75286 23730 52148 122313 51556 48559
internal_count=310427 269567 147254 19820 40860 19912 12385 127434 75286 23730 52148 122313 51556 48559
is_linear=0
shrinkage=0.03


Tree=51
num_leaves=15
num_cat=0
split_feature=5 12 6 9 6 13 2 6 9 6 6 2 6 1
split_gain=80.2523 72.4255 107.945 77.5054 76.9941 76.0422 93.787 85.4318 81.1723 73.3165 67.6859 63.2457 64.9032 59.7014
threshold=3.0382911926822511 0.051511010353239968 0.55014256738594525 0.90511128303550237 -0.06524009659465678 17.500000000000004 0.6363636363635784 -0.50106103143635439 0.69242049800925964 -0.53158120235152351 -0.53158120235152351 0.85569574806381354 0.068805974526662497 0.7855701409703143
decision_type=2 8 8 8 8 2 10 10 10 10 10 10 10 2
left_child=1 2 10 5 9 -3 -7 -8 -9 -5 -1 -6 -13 -11
right_child=-2 3 -4 4 11 6 7 8 -10 13 -12 12 -14 -15
leaf_value=0.0063385258748938468 0.00087969245973898414 -0.00079824389265576378 0.0021506428854953141 -0.012053735373265225 -0.00025990711785811972 -0.0031416500553317454 -0.011974560492313824 0.019294993174410018 0.0055521558008253058 0.0010207238853695906 -0.00083282921017099291 -0.00072629574525959878 0.010761705604322099 0.005827719894699831
leaf_weight=1188 68345 31423 12100 251 12964 1300 203 468 2170 3512 167592 785 1008 6891
leaf_count=1188 68345 31423 12100 251 12964 1300 203 468 2170 3512 167592 785 1008 6891
internal_value=-2.79925e-05 -0.000284505 -0.000585921 0.000609608 0.00187477 -0.000294506 0.00352434 0.00657476 0.00802212 0.00381763 -0.000782166 0.000471284 0.00574407 0.00420617
internal_weight=310200 241855 180880 60975 25411 35564 4141 2841 2638 10654 168780 14757 1793 10403
internal_count=310200 241855 180880 60975 25411 35564 4141 2841 2638 10654 168780 14757 1793 10403
is_linear=0
shrinkage=0.03


Tree=52
num_leaves=15
num_cat=0
split_feature=8 11 6 0 10 1 9 9 4 9 12 1 4 0
split_gain=107.164 76.2624 89.6762 135.44 67.2573 57.8228 59.9354 55.0515 52.4714 55.4945 62.1331 51.9146 56.2529 60.1955
threshold=-0.052584131795922036 0.41758435880997091 1.9681670663682047 0.59800819309838249 1.8903699243211995 0.8521017655508053 0.84750605670134671 0.77065824053903509 0.14659188891562108 0.63400739528395234 0.14767097409053545 0.44089556629149612 0.41571685991767565 0.58990220315101294
decision_type=2 2 8 10 2 2 10 8 2 10 10 2 2 10
left_child=7 4 8 -4 -2 -5 -7 -1 -3 -10 -11 -6 -13 -14
right_child=1 2 3 5 11 6 -8 -9 9 10 -12 12 13 -15
leaf_value=-0.0034601448682188853 -0.00071881305038014656 0.0016768273444667857 0.0024042014698388791 0.0020636408285396855 -0.003467493305542451 0.030617686565389338 0.011507789798797323 -0.00087961357678530822 0.0048786080972388571 0.00024823409379185661 -0.0035464379133233314 0.0014010443138508823 -0.001791575846815242 0.0018726229853638272
leaf_weight=9788 103540 29216 3237 200 2759 286 320 30995 2183 66833 4118 38169 12556 5940
leaf_count=9788 103540 29216 3237 200 2759 286 320 30995 2183 66833 4118 38169 12556 5940
internal_value=-6.6243e-05 0.000150757 0.000775482 0.00515495 -0.000257113 0.0161194 0.0207034 -0.00149929 0.000602242 0.000172875 2.77567e-05 0.000547343 0.000743113 -0.000614628
internal_weight=310140 269357 106393 4043 162964 806 606 40783 102350 73134 70951 59424 56665 18496
internal_count=310140 269357 106393 4043 162964 806 606 40783 102350 73134 70951 59424 56665 18496
is_linear=0
shrinkage=0.03


Tree=53
num_leaves=15
num_cat=0
split_feature=8 3 9 5 12 13 6 3 6 12 6 1 11 1
split_gain=88.4386 66.1822 63.8886 59.3722 70.8525 60.867 80.4929 94.6417 75.889 92.777 138.262 106.075 105.231 89.6871
threshold=-0.0078626570155630824 0.8837209302325707 0.7316903922583019 1.5052779550163637 0.2116583079182344 15.500000000000002 -0.15686413434581717 0.72632484826524846 0.047673207191107243 0.002653615661856457 0.017030509663781838 1.1108058859070817 1.5313145255052658 1.0765411532199181
decision_type=2 8 8 2 8 2 10 10 10 8 8 2 2 2
left_child=2 3 -1 4 -2 8 -7 -8 9 10 -5 -11 -13 -10
right_child=1 -3 -4 5 -6 6 7 -9 13 11 -12 12 -14 -15
leaf_value=-0.0021481946912301629 -0.00072452961618020052 -0.00044962526882747226 -0.00034607843786397445 -0.00010745020348227007 0.0088387196183703429 -0.0042563612903145026 -0.0027761264645723262 0.0036890160861008875 0.0020141718087066038 0.0014165154198938867 0.0071617774796904551 0.0035696205892882453 0.009397443945630574 -0.0014730907714022167
leaf_weight=20894 25320 56072 115876 20709 712 4057 3582 4714 12500 14362 2652 11128 3722 14141
leaf_count=20894 25320 56072 115876 20709 712 4057 3582 4714 12500 14362 2652 11128 3722 14141
internal_value=-5.08782e-05 0.000398467 -0.000621452 0.000802845 -0.000461319 0.00116224 -0.000796151 0.000897543 0.00146768 0.00212863 0.000719127 0.0032555 0.00503298 0.000163209
internal_weight=310441 173671 136770 117599 26032 91567 12353 8296 79214 52573 23361 29212 14850 26641
internal_count=310441 173671 136770 117599 26032 91567 12353 8296 79214 52573 23361 29212 14850 26641
is_linear=0
shrinkage=0.03


Tree=54
num_leaves=15
num_cat=0
split_feature=5 1 12 3 13 10 3 1 1 13 11 11 7 13
split_gain=76.0468 63.7705 69.7495 69.994 74.9283 77.0129 62.2062 58.5769 49.4529 68.19 86.6143 70.6773 56.9775 51.7082
threshold=3.0382911926822511 0.50061270411935133 0.041285925703308975 0.92463039836865368 18.500000000000004 1.761662783013263 0.95098039215684926 5.1409704944801362 1.6359039722334143 27.500000000000004 0.18070776807044478 -0.77300819204098359 1.6930025283752015 -1.4999999999999998
decision_type=2 2 8 10 2 2 10 2 2 2 2 2 10 2
left_child=1 -1 3 4 5 -3 -5 -6 9 -4 11 -11 13 -10
right_child=-2 2 8 6 7 -7 -8 -9 12 10 -12 -13 -14 -15
leaf_value=-0.0017013193979093033 0.00084240704848693863 -0.00059670107516753348 4.2906499728067397e-05 -0.0035955706783118921 -0.0031519241747460288 0.0010362818143095146 -0.00083060881049273135 0.0046334926268830502 -0.006688542580148121 0.0015533441043481594 -0.0059655680998482487 0.024119067303836346 0.0072451042465176462 0.0018510159911557752
leaf_weight=25761 68399 58595 45744 10370 10021 46706 24911 948 661 200 237 331 1714 15351
leaf_count=25761 68399 58595 45744 10370 10021 46706 24911 948 661 200 237 331 1714 15351
internal_value=-4.06267e-05 -0.000290685 -0.000122247 -0.000473395 -0.000118223 0.000127619 -0.0016437 -0.00247726 0.000706157 0.000192224 0.00902817 0.0157135 0.00205425 0.00149651
internal_weight=309949 241550 215789 151551 116270 105301 35281 10969 64238 46512 768 531 17726 16012
internal_count=309949 241550 215789 151551 116270 105301 35281 10969 64238 46512 768 531 17726 16012
is_linear=0
shrinkage=0.03


Tree=55
num_leaves=15
num_cat=0
split_feature=13 5 1 13 12 4 13 0 13 13 11 1 7 0
split_gain=87.5705 86.1319 90.1589 74.5619 69.8581 67.105 64.8356 140.699 83.6856 131.215 104.619 61.588 55.8337 53.1968
threshold=3.5000000000000004 1.0329456101365908 3.1519648401110696 39.500000000000007 -0.011568356334278216 0.81577414744860588 35.500000000000007 0.55822446566327633 31.500000000000004 30.500000000000004 -0.19015659395130546 0.6193640576895606 0.26561387349897475 0.52282811956640851
decision_type=2 2 2 2 8 2 2 10 2 2 2 2 10 10
left_child=1 2 -1 4 5 -2 8 12 9 11 -11 -6 -8 -13
right_child=3 -3 -4 -5 6 -7 7 -9 -10 10 -12 13 -14 -15
leaf_value=-0.0032086432495599007 3.9684919103044657e-05 -0.00036224742757613775 0.010896281859704426 -0.0078437738027894461 -0.00088581263612213341 -0.0027251962830605598 0.010453250257594285 0.024138446070540411 -0.0068761950477280401 0.0025196024535391569 0.032712131554715369 4.974930198442547e-05 -0.0099175947696290984 0.001609786078522295
leaf_weight=14345 67759 105629 415 984 15686 8938 209 333 1249 206 204 28032 274 65965
leaf_count=14345 67759 105629 415 984 15686 8938 209 333 1249 206 204 28032 274 65965
internal_value=-2.935e-05 -0.000662269 -0.00280851 0.000372031 0.000415045 -0.000282681 0.000892163 0.00929206 0.000830187 0.000917924 0.0177554 0.000854178 -0.00108609 0.00114458
internal_weight=310228 120389 14760 189839 188855 76697 112158 816 111342 110093 410 109683 483 93997
internal_count=310228 120389 14760 189839 188855 76697 112158 816 111342 110093 410 109683 483 93997
is_linear=0
shrinkage=0.03


Tree=56
num_leaves=15
num_cat=0
split_feature=13 11 13 3 1 12 0 13 8 12 14 11 12 0
split_gain=102.832 94.5962 75.1667 81.6647 90.0056 77.1283 68.7387 72.2132 64.2036 109.35 65.6193 60.6905 59.923 65.3251
threshold=3.5000000000000004 0.053364364404817129 18.500000000000004 0.46027955249281099 5.5534624209454799 0.0069355350686821646 0.54719017675763038 28.500000000000004 0.033525575231375913 0.27561018578969715 1.0000000180025095e-35 0.78864450653730289 0.04670186818646594 0.5832922485618045
decision_type=2 2 2 8 2 10 10 2 2 8 2 2 10 10
left_child=1 -1 8 -4 12 -6 -7 -8 -2 10 -10 -12 -5 -14
right_child=2 -3 3 4 5 6 7 -9 9 -11 11 -13 13 -15
leaf_value=-0.001575447962748036 0.00035633790032251665 0.00010892796302873042 -0.010267474869346748 -0.0021073162916244331 0.013986518848940258 -0.0067004526572568071 -0.0028295453923282685 0.020916810789237461 0.00042074190471484989 0.0173092544506682 0.001702974423992674 0.0055337050801004522 -0.00073836663443211975 0.0053838138308237374
leaf_weight=57117 125650 63218 827 17884 658 520 226 228 19288 399 11095 5602 5252 2231
leaf_count=57117 125650 63218 827 17884 658 520 226 228 19288 399 11095 5602 5252 2231
internal_value=-4.50652e-06 -0.000690593 0.000430348 -0.00100997 -0.000724554 0.00609366 0.000717318 0.00919388 0.000677716 0.00178738 0.00161289 0.00298949 -0.00116432 0.00108929
internal_weight=310195 120335 189860 27826 26999 1632 974 454 162034 36384 35985 16697 25367 7483
internal_count=310195 120335 189860 27826 26999 1632 974 454 162034 36384 35985 16697 25367 7483
is_linear=0
shrinkage=0.03


Tree=57
num_leaves=15
num_cat=0
split_feature=8 6 6 11 12 12 5 6 6 0 12 6 0 9
split_gain=93.7974 102.782 82.1355 80.5369 73.1956 70.6027 90.4217 64.1156 145.195 73.6926 69.1712 104.669 76.7381 63.8788
threshold=-0.025842113189316267 0.6312408357771262 -0.32378826607712685 1.0505397805720817 -0.051765292895092511 -0.0032171637955280548 2.1977520797506789 0.068805974526662497 0.30066146557027013 0.495228242481623 0.0063159620991283258 -0.04684086163487771 0.4244181077511327 0.91579223856191949
decision_type=2 8 8 2 10 10 2 10 10 10 10 8 10 10
left_child=2 -2 4 -3 -1 6 -6 10 -9 -10 -4 12 -12 -14
right_child=1 3 7 -5 5 -7 -8 8 9 -11 11 -13 13 -15
leaf_value=-0.0016392606057873758 0.00014813304849739113 0.001483069889515315 -0.002406420534977471 0.0065020360751241015 0.0029075457824243082 0.0023934927566554923 0.019938486924708097 0.0019072016623497764 -0.0070194230859357198 -0.0011800247811147386 0.011213821816444397 -0.0030618050952937238 -0.00099082425033985319 0.0033199929112258239
leaf_weight=2079 203530 12929 36351 3698 550 2193 572 16607 2548 8180 670 7549 7313 5355
leaf_count=2079 203530 12929 36351 3698 550 2193 572 16607 2548 8180 670 7549 7313 5355
internal_value=-8.87319e-08 0.000333433 -0.000816219 0.00260095 0.00277142 0.00553587 0.0116399 -0.00104519 0.000150086 -0.00256956 -0.00161597 -0.000240055 0.00135754 0.00083203
internal_weight=310124 220157 89967 16627 5394 3315 1122 84573 27335 10728 57238 20887 13338 12668
internal_count=310124 220157 89967 16627 5394 3315 1122 84573 27335 10728 57238 20887 13338 12668
is_linear=0
shrinkage=0.03


Tree=58
num_leaves=15
num_cat=0
split_feature=6 2 8 8 2 7 9 8 5 4 0 11 9 5
split_gain=81.2692 118.638 97.0083 73.3656 61.2895 61.6735 74.5629 65.0095 57.9169 63.7627 58.8887 56.1573 55.9855 59.6374
threshold=-0.36540946383307232 0.93750000000002276 0.036164127399458984 -0.0074536774236053571 0.76190476190476619 -0.18674697444156649 0.73846837205104576 -0.088838338726744778 1.2388658041942262 0.21693961567667816 0.68671094224619067 0.87972649809944392 0.63970314924245752 1.9311332060102051
decision_type=10 10 2 2 10 10 10 2 2 2 10 2 10 2
left_child=1 2 -1 4 11 -6 -7 -8 -5 10 -10 -2 -4 -14
right_child=3 -3 12 8 5 6 7 -9 9 -11 -12 -13 13 -15
leaf_value=0.001186287408573148 -0.0014541455308938198 -0.010219915803011556 0.021147143584158683 -0.0010752274675447176 -0.0015374635283315981 -0.0022718852328530614 -0.003580005955985498 0.0024406375329888066 0.0015289977632336048 1.1558085842602808e-05 -0.0033683860906724779 0.00035696795899371324 0.00013690243765365244 0.0080376404799480661
leaf_weight=19729 70826 725 211 22762 10509 4599 1756 19421 54245 79437 2299 19690 1285 2595
leaf_count=19729 70826 725 211 22762 10509 4599 1756 19421 54245 79437 2299 19690 1285 2595
internal_value=3.78352e-05 0.00169417 0.00205886 -0.000104569 -0.000642598 0.000399085 0.00118877 0.00194068 0.000325206 0.000559657 0.0013296 -0.00106017 0.00626032 0.00542457
internal_weight=310089 24545 23820 285544 126801 36285 25776 21177 158743 135981 56544 90516 4091 3880
internal_count=310089 24545 23820 285544 126801 36285 25776 21177 158743 135981 56544 90516 4091 3880
is_linear=0
shrinkage=0.03


Tree=59
num_leaves=15
num_cat=0
split_feature=10 8 13 10 11 1 13 14 13 9 13 1 11 10
split_gain=78.4345 83.9923 57.0827 70.1658 59.1718 58.4937 55.9774 53.5898 101.744 61.1387 60.3789 136.496 61.18 53.7557
threshold=1.897021406192249 0.032279024396289928 5.5000000000000009 1.8527959426011165 1.6901321410543024 5.5534624209454799 39.500000000000007 1.0000000180025095e-35 6.5000000000000009 1.1936109517918634 18.500000000000004 1.4205794660267392 0.26924457639435223 1.641064752625929
decision_type=2 2 2 2 2 2 2 2 2 10 2 2 2 2
left_child=1 2 4 5 -1 -4 -2 13 9 -9 12 -12 -10 -3
right_child=6 7 3 -5 -6 -7 -8 8 10 -11 11 -13 -14 -15
leaf_value=-0.0015356024580245673 0.00055297599303462505 0.00066399183384550833 -8.002040051168268e-05 -0.0044519070736621612 0.0030776768379157009 0.0066897315300123482 -0.0077503775346035846 -0.00054929182750349491 0.0029173495787857234 0.010040343654676549 0.010299388489743591 -0.0076004823984762498 0.0085740818517130776 -0.0026504125001727131
leaf_weight=72667 125891 15069 63088 3280 2587 1165 730 10385 3721 510 609 1016 3209 6217
leaf_count=72667 125891 15069 63088 3280 2587 1165 730 10385 3721 510 609 1016 3209 6217
internal_value=-6.95492e-05 -0.000465823 -0.000808618 -0.000175401 -0.00137682 4.3236e-05 0.000504801 0.000735688 0.00187379 -4.92078e-05 0.00432136 -0.000881146 0.00554104 -0.000304441
internal_weight=310144 183523 142787 67533 75254 64253 126621 40736 19450 10895 8555 1625 6930 21286
internal_count=310144 183523 142787 67533 75254 64253 126621 40736 19450 10895 8555 1625 6930 21286
is_linear=0
shrinkage=0.03


Tree=60
num_leaves=15
num_cat=0
split_feature=9 6 8 14 13 6 13 5 13 6 13 12 6 3
split_gain=69.7173 87.1003 105.726 101.362 163.607 115.637 88.269 87.3477 77.9619 69.7178 64.4646 119.217 95.4956 64.4811
threshold=0.86871728541121707 0.28408582000372201 -0.0038868370615205363 1.0000000180025095e-35 35.500000000000007 -0.45304290710083633 32.500000000000007 2.0903274816919795 29.500000000000004 -0.17478256035657366 18.500000000000004 0.11703188517225117 -0.25976588339643897 0.91170204568221891
decision_type=8 8 2 2 2 10 2 2 2 10 2 10 10 10
left_child=1 3 -3 5 6 7 8 -1 -5 -6 -2 12 -12 -13
right_child=10 2 -4 4 9 -7 -8 -9 -10 -11 11 13 -14 -15
leaf_value=-0.0016613221193688948 0.00057043597478214747 -0.00092419631203270118 0.003100049576331307 -8.8092993712277946e-05 0.031156145271200402 -0.0019065555821758137 -0.018751146575427792 0.013759116117709096 0.015220913221669749 0.0061878637361873698 -0.0072699085284937456 0.011183288989833248 -0.001048517412847773 -0.003990254863185683
leaf_weight=587 153313 11423 12090 55813 203 59176 222 749 296 201 2737 962 11688 338
leaf_count=587 153313 11423 12090 55813 203 59176 222 749 296 201 2737 962 11688 338
internal_value=-2.78736e-05 -0.000521043 0.00114522 -0.000855235 5.57453e-05 -0.00170929 -8.15143e-05 0.00700289 -5.98211e-06 0.0189613 0.000382798 -0.00144621 -0.00223107 0.00723799
internal_weight=309798 140760 23513 117247 56735 60512 56331 1336 56109 404 169038 15725 14425 1300
internal_count=309798 140760 23513 117247 56735 60512 56331 1336 56109 404 169038 15725 14425 1300
is_linear=0
shrinkage=0.03


Tree=61
num_leaves=15
num_cat=0
split_feature=13 13 13 0 1 6 12 6 13 13 13 12 6 2
split_gain=64.2585 79.8667 132.202 98.5281 64.0144 80.5314 104.701 200.552 109.949 103.064 109.332 109.011 94.6544 134.558
threshold=40.500000000000007 35.500000000000007 31.500000000000004 0.55559153366881731 0.64859332281245941 -0.31347818370685354 0.0021100591940080853 0.017030509663781838 30.500000000000004 20.500000000000004 4.5000000000000009 0.15311870495489352 -0.075526541916076204 0.62666666666670146
decision_type=2 2 2 10 2 10 10 10 2 2 2 10 10 10
left_child=1 2 4 -3 -1 9 7 -7 12 10 -6 -12 -8 -14
right_child=-2 3 -4 -5 5 6 8 -9 -10 -11 11 -13 13 -15
leaf_value=-0.00072975237298338492 -0.00773276611833196 0.00077337126425597107 -0.0076630651567714354 0.017615787790873302 0.00013763758962678554 -0.0016737933373203334 0.0018623089601832151 0.00096606454604026735 0.01784937835636392 -0.0045377867869490635 0.0050182461037851294 -0.0039345139654073042 -0.0013632711831611476 0.0013487783328827243
leaf_weight=65663 945 785 1982 515 10768 60224 41336 45438 334 2077 12689 1351 32019 33883
leaf_count=65663 945 785 1982 515 10768 60224 41336 45438 334 2077 12689 1351 32019 33883
internal_value=5.7608e-05 8.15527e-05 5.01488e-05 0.00748749 0.000100268 0.000327257 0.000132155 -0.000538579 0.000790974 0.00187436 0.00241201 0.00415567 0.000737015 3.11045e-05
internal_weight=310009 309064 307764 1300 305782 240119 213234 105662 107572 26885 24808 14040 107238 65902
internal_count=310009 309064 307764 1300 305782 240119 213234 105662 107572 26885 24808 14040 107238 65902
is_linear=0
shrinkage=0.03


Tree=62
num_leaves=15
num_cat=0
split_feature=13 10 14 6 6 4 6 6 6 0 0 11 9 13
split_gain=75.9959 75.7529 69.5073 212.874 169.525 91.8233 74.8534 78.5638 61.7794 61.4177 59.8843 57.0779 56.193 54.736
threshold=3.5000000000000004 1.6015459642786165 1.0000000180025095e-35 -0.41944632861272674 0.25570068452913092 0.54595785136353758 -0.50106103143635439 0.35631855936309925 0.55014256738594525 0.5615301256603018 0.63065155873831891 1.1945053699790567 1.3813970283163342 13.500000000000002
decision_type=2 2 2 8 8 2 8 8 8 10 10 2 10 2
left_child=1 8 3 11 13 6 -4 12 -1 -10 -9 -2 -8 -5
right_child=2 -3 5 4 -6 -7 7 10 9 -11 -12 -13 -14 -15
leaf_value=-0.0018556522677769239 0.0059491486163664471 4.184290799786005e-05 -0.0070628268849849702 -0.00041001417959157734 0.0023292432394201308 -0.00056529796602876239 0.002063491759595935 -0.0020632323041295951 -0.00064485221445743381 0.006335233790302602 0.0082145921523506579 0.017528098836434032 0.010982359429555279 -0.0020593591050900519
leaf_weight=43951 2608 71027 870 59959 17522 23438 51679 6329 3518 1669 550 447 639 25942
leaf_count=43951 2608 71027 870 59959 17522 23438 51679 6329 3518 1669 550 447 639 25942
internal_value=5.77512e-06 -0.000584684 0.000379249 -0.00012892 -0.000359628 0.00102719 0.00164857 0.00177718 -0.00149022 0.00160504 -0.00123611 0.00766922 0.00217346 -0.000908205
internal_weight=310148 120165 189983 106478 103423 83505 60067 59197 49138 5187 6879 3055 52318 85901
internal_count=310148 120165 189983 106478 103423 83505 60067 59197 49138 5187 6879 3055 52318 85901
is_linear=0
shrinkage=0.03


Tree=63
num_leaves=15
num_cat=0
split_feature=13 13 6 12 6 12 9 5 13 13 1 13 5 6
split_gain=78.88 71.494 81.5193 66.2038 111.649 69.7109 115.598 85.6184 55.0082 124.566 74.0869 136.187 51.7781 50.6651
threshold=40.500000000000007 3.5000000000000004 -0.32964371364640621 -0.051765292895092511 -0.53158120235152351 0.14767097409053545 0.69836995208171759 1.7904971868457262 35.500000000000007 31.500000000000004 4.5432221491601279 36.500000000000007 1.3776261114370534 0.15030530289019342
decision_type=2 2 8 10 10 10 10 2 2 2 2 2 2 8
left_child=1 -1 3 4 -3 7 -7 -5 9 13 11 -10 -8 -4
right_child=-2 2 8 5 -6 6 12 -9 10 -11 -12 -13 -14 -15
leaf_value=-0.00055804787349203672 -0.0086271189224654387 0.010808775285400859 -5.9611942555190177e-05 0.00053963130878277815 -0.0026800014530813797 0.017805879724895494 0.008879621482476955 0.0072802404017564947 0.028241185255108339 -0.0077084830435342156 -0.0071551997025511155 0.0029291766741792262 -0.0074936817001945042 0.0011206358948043942
leaf_weight=120527 949 651 128027 2476 3488 228 200 5384 274 1787 263 613 1159 43974
leaf_count=120527 949 651 128027 2476 3488 228 200 5384 274 1787 263 613 1159 43974
internal_value=-1.39822e-05 1.26052e-05 0.00037744 0.00261554 -0.000547946 0.00400111 -0.00172962 0.00515856 0.000203555 0.000160183 0.00672894 0.0108627 -0.00506035 0.000242156
internal_weight=310000 309051 188524 13586 4139 9447 1587 7860 174938 173788 1150 887 1359 172001
internal_count=310000 309051 188524 13586 4139 9447 1587 7860 174938 173788 1150 887 1359 172001
is_linear=0
shrinkage=0.03


Tree=64
num_leaves=15
num_cat=0
split_feature=6 8 13 14 6 8 12 13 6 12 5 12 13 13
split_gain=65.0752 112.409 90.2439 79.0252 168.556 99.3277 90.7579 84.6835 82.13 75.3315 74.8092 71.6403 85.338 93.672
threshold=-0.32964371364640621 0.036164127399458984 20.500000000000004 1.0000000180025095e-35 0.3669218966031717 0.071813385531671894 0.14312412466285721 16.500000000000004 0.3669218966031717 -0.044667348182374327 1.9958709848599774 0.15311870495489352 4.5000000000000009 20.500000000000004
decision_type=10 2 2 2 10 2 10 2 10 10 2 10 2 2
left_child=1 11 10 4 6 8 -2 -8 -5 -10 -3 12 -1 -14
right_child=3 2 -4 5 -6 -7 7 -9 9 -11 -12 -13 13 -15
leaf_value=-0.0011479461069373955 -0.0010938705208277638 0.0015171781804837637 -0.0079686884068838355 0.0004034647826769433 0.0022063194651491605 0.0035477260179923639 0.0034591379945504335 0.0241252197587574 -0.0089174906069354482 -0.0013460367835336354 0.0092607547509104254 -0.0043301380700914221 0.0035584265084982521 -0.00385249445675032
leaf_weight=9930 135985 1783 424 104273 16326 8116 1116 208 1304 12289 3038 2572 11218 1774
leaf_count=9930 135985 1783 424 104273 16326 8116 1116 208 1304 12289 3038 2572 11218 1774
internal_value=-7.42736e-05 0.00123581 0.00523326 -0.000218314 -0.000675004 0.000338626 -0.00101766 0.00678432 0.000117513 -0.00207539 0.00640141 0.000412527 0.000945514 0.00254541
internal_weight=310356 30739 5245 279617 153635 125982 137309 1324 117866 13593 4821 25494 22922 12992
internal_count=310356 30739 5245 279617 153635 125982 137309 1324 117866 13593 4821 25494 22922 12992
is_linear=0
shrinkage=0.03


Tree=65
num_leaves=15
num_cat=0
split_feature=11 13 2 3 4 10 13 13 3 10 13 2 3 9
split_gain=70.7458 79.2978 66.5233 80.8498 80.8063 70.6294 64.4486 55.7984 142.756 94.2293 86.6705 82.5073 85.3953 71.4636
threshold=0.87972649809944392 33.500000000000007 0.72340425531914876 0.83104933911239753 0.35443536829740729 1.8840786202033508 30.500000000000004 15.500000000000002 0.60000000000000064 1.1370981749419904 8.5000000000000018 0.87500000000001432 0.94285714285715183 0.71977690220774859
decision_type=2 2 10 8 2 2 2 2 10 2 2 10 10 10
left_child=2 6 3 -1 5 -4 7 10 -9 -10 -2 13 -13 -11
right_child=1 -3 4 -5 -6 -7 -8 8 9 11 -12 12 -14 -15
leaf_value=-0.00017272009054241586 0.00050988747109674125 -0.015784182817276032 0.00033320041972403474 -0.001676685765925499 -0.00046130905307942283 0.0029265531459696089 0.016948747672140597 -0.011844130474027622 0.013778586195590673 -0.013431635141001697 0.0031166256766696071 0.02059078490006485 0.000554475555417983 -0.0012527643766598686
leaf_weight=104405 54704 254 22578 46492 43734 16254 218 1063 414 477 14524 294 533 4336
leaf_count=104405 54704 254 22578 46492 43734 16254 218 1063 414 477 14524 294 533 4336
internal_value=-1.70669e-06 0.000787987 -0.000261553 -0.000636138 0.000423033 0.00141894 0.000843992 0.000796899 -0.00173177 5.21343e-05 0.00105697 -0.000966757 0.00775836 -0.00247246
internal_weight=310280 76817 233463 150897 82566 38832 76563 76345 7117 6054 69228 5640 827 4813
internal_count=310280 76817 233463 150897 82566 38832 76563 76345 7117 6054 69228 5640 827 4813
is_linear=0
shrinkage=0.03


Tree=66
num_leaves=15
num_cat=0
split_feature=1 8 2 0 1 13 13 13 0 8 3 10 12 10
split_gain=67.6115 67.671 64.1239 68.4931 63.2601 60.2075 59.5839 128.506 99.1009 64.5014 55.0715 70.1849 78.654 78.4193
threshold=0.6193640576895606 -0.052584131795922036 0.72676825983221482 0.63392277905257 5.5534624209454799 40.500000000000007 35.500000000000007 33.500000000000007 0.55364208712544971 0.018331163280453307 0.91666666666667485 2.1012052828491048 0.041285925703308975 2.6302192190395233
decision_type=2 2 10 10 2 2 2 2 10 2 10 2 10 2
left_child=-1 2 -2 4 10 6 7 -3 9 -8 11 -4 13 -13
right_child=1 5 3 -5 -6 -7 8 -9 -10 -11 -12 12 -14 -15
leaf_value=-0.00094672165279601774 -0.0021396005716498761 0.00041469314454851112 0.0010517777784724721 -0.0037735238039391938 0.017124067384481304 -0.0075114362089452645 -0.0067549084052605122 -0.011293524010931586 0.017122913638540491 0.013403835418647614 -0.00085663736295114683 0.01103788808401566 0.021737380790515893 -0.0045912014594375102
leaf_weight=58470 20059 216585 2998 2517 231 863 456 842 503 202 4778 788 332 451
leaf_count=58470 20059 216585 2998 2517 231 863 456 842 503 202 4778 788 332 451
internal_value=-2.78187e-05 0.000185738 -0.00109949 0.000625669 0.0017831 0.00037407 0.000405373 0.000369094 0.00716897 -0.000511944 0.00139501 0.00374802 0.0088737 0.00535326
internal_weight=310075 251605 32154 12095 9578 219451 218588 217427 1161 658 9347 4569 1571 1239
internal_count=310075 251605 32154 12095 9578 219451 218588 217427 1161 658 9347 4569 1571 1239
is_linear=0
shrinkage=0.03


Tree=67
num_leaves=15
num_cat=0
split_feature=9 13 11 13 13 13 12 12 8 12 11 13 1 4
split_gain=89.128 92.3305 103.53 93.2605 124.825 90.5794 71.3929 77.5306 65.185 59.8701 59.7499 52.7798 72.096 95.6486
threshold=0.86560388720653891 9.5000000000000018 2.6648083000762934 40.500000000000007 35.500000000000007 31.500000000000004 0.042215178686191353 0.13853444363188269 -0.02425225600642059 -0.14191189108014687 -0.90214214042208318 18.500000000000004 5.5534624209454799 0.37654728178674868
decision_type=8 2 2 2 2 2 8 10 2 10 2 2 2 2
left_child=1 8 3 4 5 6 -3 -8 -1 -10 -6 -2 -13 -14
right_child=11 2 -4 -5 10 -7 7 -9 9 -11 -12 12 13 -15
leaf_value=-0.002232264200676464 0.00059520588342511552 -0.00024378717110892811 0.020671084918405698 -0.014801203347323986 0.0043237321331815902 -0.010553654746453565 0.0037614198680150828 -0.0021240479358673376 0.0027302711157182144 -0.00081239374587324946 0.024262415882355223 -0.0018140417130390624 -0.010029718751731493 0.010119730411855907
leaf_weight=31008 155629 27124 225 351 260 660 9579 2547 4606 62336 283 14570 267 965
leaf_count=31008 155629 27124 225 351 260 660 9579 2547 4606 62336 283 14570 267 965
internal_value=-3.02409e-05 -0.000594816 0.00059988 0.000486685 0.000621147 0.00042583 0.000611774 0.00252484 -0.00109525 -0.000568452 0.0148419 0.000427464 -0.00122424 0.00573004
internal_weight=310410 138979 41029 40804 40453 39910 39250 12126 97950 66942 543 171431 15802 1232
internal_count=310410 138979 41029 40804 40453 39910 39250 12126 97950 66942 543 171431 15802 1232
is_linear=0
shrinkage=0.03


Tree=68
num_leaves=15
num_cat=0
split_feature=10 0 11 6 12 6 13 14 12 13 13 13 13 6
split_gain=67.7881 91.9205 55.2038 68.2053 98.6071 82.8577 79.4142 60.3079 67.9789 65.0982 107.654 106.459 103.82 108.825
threshold=1.8779283427175213 0.73317101614962377 0.41758435880997091 0.07214297397024251 0.010334742398651843 -0.53158120235152351 4.5000000000000009 1.0000000180025095e-35 0.15311870495489352 6.5000000000000009 15.500000000000002 13.500000000000002 11.500000000000002 -0.32378826607712685
decision_type=2 10 2 8 10 10 2 2 8 2 2 2 2 10
left_child=2 -2 3 4 5 -1 -5 -4 9 -9 11 12 13 -11
right_child=1 -3 7 6 -6 -7 -8 8 -10 10 -12 -13 -14 -15
leaf_value=0.0097295930890125039 0.00057658165194207948 -0.006176522807724287 -0.00056493405462750132 -0.0011100273423731164 -9.4248435144740088e-05 -0.0023514111060774809 0.0016154316644965236 0.0005537890759276259 -0.0028268164163101697 0.019083225287753958 -0.0013557878489069133 0.014794833141596206 -0.0030006363040369572 0.0046505964780428856
leaf_weight=512 128721 1835 32639 19347 34989 44838 19132 14792 3155 517 2843 960 1441 4824
leaf_count=512 128721 1835 32639 19347 34989 44838 19132 14792 3155 517 2843 960 1441 4824
internal_value=-3.8985e-05 0.000481432 -0.000416475 -0.000793441 -0.00129085 -0.00221396 0.000245122 0.000315744 0.00132311 0.00183951 0.00363513 0.00546757 0.00413736 0.00606419
internal_weight=310545 130556 179989 118818 80339 45350 38479 61171 28532 25377 10585 7742 6782 5341
internal_count=310545 130556 179989 118818 80339 45350 38479 61171 28532 25377 10585 7742 6782 5341
is_linear=0
shrinkage=0.03


Tree=69
num_leaves=15
num_cat=0
split_feature=11 13 13 6 9 8 14 9 5 8 0 13 13 11
split_gain=91.4846 68.121 83.0854 78.7098 115.444 92.4735 70.8747 63.355 57.192 55.7136 55.3015 52.2381 52.0421 51.1821
threshold=0.87972649809944392 33.500000000000007 28.500000000000004 -0.38384901064696586 0.69550426796325071 0.026597497103010643 1.0000000180025095e-35 1.0104394127174467 0.57267957928155078 0.012221460563463229 0.57130360557088844 26.500000000000004 45.500000000000007 1.2310030345701251
decision_type=2 2 2 10 8 2 2 10 2 2 10 2 2 2
left_child=8 2 3 4 -2 6 9 -4 -1 13 -7 -5 -10 -6
right_child=1 -3 7 11 5 10 -8 -9 12 -11 -12 -13 -14 -15
leaf_value=-0.0026844835930972854 0.018991276395119976 -0.014259325150470688 0.0024692290150070267 0.00068463742775570356 -0.0010562345189815861 0.0044759508706053424 -0.0045036509940957073 0.025094292853275933 -0.00015892134962563963 -0.0079204417068765229 0.016422829436523116 -0.011697559578513556 -0.012081258627501401 0.0093065123274293227
leaf_weight=8487 440 260 223 70312 644 836 1489 220 224468 303 600 303 325 1274
leaf_count=8487 440 260 223 70312 644 836 1489 220 224468 303 600 303 325 1274
internal_value=2.80895e-05 0.00092538 0.000977818 0.000902023 0.00432853 0.00305759 0.000551705 0.0138598 -0.000267728 0.00394341 0.00950735 0.000630683 -0.000176427 0.00583335
internal_weight=310184 76904 76644 76201 5586 5146 3710 443 233280 2221 1436 70615 224793 1918
internal_count=310184 76904 76644 76201 5586 5146 3710 443 233280 2221 1436 70615 224793 1918
is_linear=0
shrinkage=0.03


Tree=70
num_leaves=15
num_cat=0
split_feature=5 3 0 2 11 5 8 11 12 7 2 8 1 11
split_gain=86.2316 51.2079 103.189 74.0625 48.0753 50.3626 47.9434 48.212 42.7308 42.607 40.9921 43.4317 53.2722 45.9679
threshold=3.0382911926822511 0.4957626357841719 0.59073016206140094 0.36764705882353271 2.4020533266431063 3.1894905625952887 -0.088838338726744778 1.4411648589949879 -0.018238773725136489 0.028987431201397271 0.037037037037003125 0.071813385531671894 4.8143588709472152 -0.02647510271159503
decision_type=2 10 10 10 2 2 2 2 10 10 10 2 2 2
left_child=6 2 3 -2 -3 -6 7 -1 -4 -7 -8 -12 -13 -14
right_child=1 4 8 -5 5 9 10 -9 -10 -11 11 12 13 -15
leaf_value=-0.002895690909887423 -0.0015111336722714978 0.0013943009259917629 -0.0026720010125461744 -0.010493630697776875 0.0089108116654869236 -0.010000304593917795 -0.0032829567907353575 0.0086421293349920117 0.012107092785260816 -0.0013119507999026926 -0.00027613235569906813 0.0011033336334213891 0.021517690560883946 0.0030893614658422022
leaf_weight=8618 3118 57518 250 1120 387 563 3872 334 578 4832 215372 13140 211 284
leaf_count=8618 3118 57518 250 1120 387 563 3872 334 578 4832 215372 13140 211 284
internal_value=-4.0853e-05 0.000899852 -0.00200109 -0.00389456 0.00113216 -0.00147452 -0.000306805 -0.00246063 0.00765555 -0.00222705 -0.00022396 -0.000172168 0.0014695 0.0110813
internal_weight=310197 68366 5066 4238 63300 5782 241831 8952 828 5395 232879 229007 13635 495
internal_count=310197 68366 5066 4238 63300 5782 241831 8952 828 5395 232879 229007 13635 495
is_linear=0
shrinkage=0.03


Tree=71
num_leaves=15
num_cat=0
split_feature=13 13 5 13 13 2 6 3 13 2 6 2 4 1
split_gain=70.5378 65.4938 59.5965 70.5198 131.907 77.3744 74.6356 61.6423 131.362 77.8458 67.2495 60.3914 74.7867 65.9061
threshold=40.500000000000007 -9.4999999999999982 3.0382911926822511 35.500000000000007 31.500000000000004 0.71428571428568788 -0.0070004245831625225 0.8775510204081578 29.500000000000004 0.63235294117647145 0.085625206792418043 0.87499999999998546 0.70920606759434734 1.6212612154787378
decision_type=2 2 2 2 2 10 8 8 2 10 10 10 2 2
left_child=1 -1 3 4 7 -5 -7 -3 9 -9 11 -11 13 -13
right_child=-2 2 -4 5 -6 6 -8 8 -10 10 -12 12 -14 -15
leaf_value=-0.008115561131022072 -0.0081737635838200675 0.00016751941835848569 0.00078930983539829121 -0.004020645346121004 -0.0086829527664398238 0.019632246423934997 -2.9798209012209709e-05 -0.002458791261563942 0.016898142965958717 -0.00015107663465703023 0.0011484105086573527 -0.0021365004439038728 -0.0057688525568115401 0.0041419627510273366
leaf_weight=891 952 152964 68254 366 1653 489 268 21905 369 27343 18298 10310 4453 1757
leaf_count=891 952 152964 68254 366 1653 489 268 21905 369 27343 18298 10310 4453 1757
internal_value=-4.16104e-05 -1.64502e-05 7.07792e-06 -0.000215232 -0.000250538 0.00726821 0.0127168 -0.000191642 -0.000842277 -0.000921148 -0.000379141 -0.00101644 -0.00244825 -0.001221
internal_weight=310272 309320 308429 240175 239052 1123 757 237399 84435 84066 62161 43863 16520 12067
internal_count=310272 309320 308429 240175 239052 1123 757 237399 84435 84066 62161 43863 16520 12067
is_linear=0
shrinkage=0.03


Tree=72
num_leaves=15
num_cat=0
split_feature=8 1 4 0 8 11 13 7 1 2 13 6 8 12
split_gain=67.0437 63.0688 47.5654 72.1913 79.815 71.4447 70.2463 70.3526 86.5233 63.1443 58.1119 51.6496 51.5708 49.0877
threshold=-0.052584131795922036 0.50061270411935133 0.41995443746430644 0.52282811956640851 0.07564098852500907 2.2186862833420702 16.500000000000004 0.47519141992273539 6.1002390497460253 0.72093023255815136 25.500000000000004 -0.12578188302010082 -0.0096692865964829403 0.022626070325880824
decision_type=2 2 2 10 2 2 2 10 2 10 2 10 2 8
left_child=-1 -2 9 4 -4 13 7 -7 11 10 -3 -9 -13 -5
right_child=1 2 3 5 -6 6 -8 8 -10 -11 -12 12 -14 -15
leaf_value=-0.0010583415816295828 -0.0011322377401677896 0.00043688746650589262 -0.0021700347376369996 -0.00063276028806288985 0.0060601555844669273 -0.00026323943072129551 -0.0093901652698113024 0.020049408307442295 -0.0078661369208046904 0.0017253672343699674 -0.0050589619956015837 0.021535809397030072 0.0051760526679231972 0.0010875594397408087
leaf_weight=40694 26821 115230 19413 35168 1117 984 282 502 219 40765 1753 212 892 25930
leaf_count=40694 26821 115230 19413 35168 1117 984 282 502 219 40765 1753 212 892 25930
internal_value=7.65286e-05 0.000248043 0.000400746 -0.000172614 -0.00172088 0.000322673 0.0047687 0.00620429 0.00968264 0.000708667 0.000354319 0.0120926 0.00840053 9.73729e-05
internal_weight=309982 269288 242467 84719 20530 64189 3091 2809 1825 157748 116983 1606 1104 61098
internal_count=309982 269288 242467 84719 20530 64189 3091 2809 1825 157748 116983 1606 1104 61098
is_linear=0
shrinkage=0.03


Tree=73
num_leaves=15
num_cat=0
split_feature=5 12 5 6 0 12 6 3 6 9 4 3 5 12
split_gain=58.2626 46.4787 79.1223 56.7641 50.6724 46.17 111.269 80.8984 77.8836 65.5258 54.1118 44.8866 44.1486 51.0839
threshold=3.0382911926822511 0.11703188517225117 3.0928503396665845 -0.32378826607712685 0.56636484792340491 0.0015897036930385135 -0.11114666575885206 0.49999999999999539 -0.054929218731963096 0.89491616752263836 1.3105532370724395 0.97067529911773842 3.3349299570436592 -0.10286855405828059
decision_type=2 10 2 10 10 10 10 10 10 10 2 10 2 8
left_child=-1 3 -3 4 -2 8 10 -8 9 -5 -7 12 -6 -14
right_child=1 2 -4 5 11 6 7 -9 -10 -11 -12 -13 13 -15
leaf_value=-0.00025419923790179368 0.0016376930255496416 0.010870270348977352 -0.0027239728405258632 -0.0041828704653406922 0.003078697966892154 0.0040640482873347218 -0.0064104967269321619 0.0008900224550835227 0.0012164807820640236 6.0901113372494395e-05 0.018363281652706152 -0.005029346886314923 -0.00099570851875554513 0.015141740486521291
leaf_weight=241795 3751 409 5577 5914 751 8011 1488 16065 17426 7329 241 232 213 1010
leaf_count=241795 3751 409 5577 5914 751 8011 1488 16065 17426 7329 241 232 213 1010
internal_value=-3.54993e-05 0.000737378 -0.00178683 0.000979528 0.00376359 0.000685552 0.00162056 0.000269495 -0.0001013 -0.00183513 0.00449252 0.00736651 0.00883239 0.0123386
internal_weight=310212 68417 5986 62431 5957 56474 25805 17553 30669 13243 8252 2206 1974 1223
internal_count=310212 68417 5986 62431 5957 56474 25805 17553 30669 13243 8252 2206 1974 1223
is_linear=0
shrinkage=0.03


Tree=74
num_leaves=15
num_cat=0
split_feature=1 8 5 7 2 12 9 11 11 9 1 2 1 1
split_gain=65.464 58.6343 61.2684 55.1755 52.5972 55.0094 54.8571 51.5368 51.2707 51.0764 53.6424 59.4701 50.3296 43.1616
threshold=0.6193640576895606 -0.052584131795922036 2.3669801376130253 0.28315695619133557 0.71428571428568788 -0.0093607544529538105 0.70667347602771813 0.39351011871423686 -1.6748933909664971 0.80269097046543092 0.98762199328008127 0.82558139534883157 4.8143588709472152 1.0700982604234521
decision_type=2 2 2 10 10 10 8 2 2 10 2 10 2 2
left_child=3 4 -3 -1 -2 6 -6 -5 12 13 11 -11 -4 -8
right_child=1 2 8 7 5 -7 9 -9 -10 10 -12 -13 -14 -15
leaf_value=-0.0016001986203016362 -0.0019722287958005651 -8.653449799482716e-05 0.0039976442599501671 -0.00083891474293259377 -0.0089239316706157396 0.0024464582711968873 -0.0021539082853839946 0.0022101576747659006 0.00082199793183871197 0.0084694152342257266 -0.0045498220385995847 -0.0035545391362560488 0.019448091151579371 0.0088817224955515736
leaf_weight=37257 19374 116442 1864 13154 777 6482 515 8031 100844 746 2729 726 207 826
leaf_count=37257 19374 116442 1864 13154 777 6482 515 8031 100844 746 2729 726 207 826
internal_value=-7.54913e-07 0.000209397 0.000384823 -0.00090518 -0.000986468 0.000505645 -0.00148559 0.000317204 0.000918114 -0.000435618 -0.00206302 0.00254717 0.00558506 0.00465132
internal_weight=309974 251532 219357 58442 32175 12801 6319 21185 102915 5542 4201 1472 2071 1341
internal_count=309974 251532 219357 58442 32175 12801 6319 21185 102915 5542 4201 1472 2071 1341
is_linear=0
shrinkage=0.03


Tree=75
num_leaves=15
num_cat=0
split_feature=13 12 13 4 1 2 10 13 7 2 1 4 0 8
split_gain=60.2992 64.2634 97.6918 68.9155 61.1078 63.9054 77.7533 72.2574 75.9067 73.9644 68.2922 80.3597 74.7739 76.7543
threshold=3.5000000000000004 -0.012310270191366766 45.500000000000007 0.30220066798592515 0.60920468712422082 0.60000000000000298 3.3604749353903127 13.500000000000002 0.66443808484831035 0.46994535519124825 3.6715489098298328 0.54595785136353758 0.55822446566327633 0.014561626294363328
decision_type=2 8 2 2 2 10 2 2 8 10 2 2 10 2
left_child=-1 3 4 -2 -3 7 10 8 -6 -10 11 -7 13 -12
right_child=1 2 -4 -5 5 6 -8 -9 9 -11 12 -13 -14 -15
leaf_value=-0.00055077420954863861 0.00055637448656837673 -0.00097547177887432875 -0.017573707514795762 -0.001246709978457808 -0.0015949230329595336 0.0024040166563547055 -0.0079762162521137599 -0.0022582883224602926 0.00059840986374626781 0.0044895409676224494 -0.0042848099446452948 5.4861697447875944e-05 0.0092891183695272429 0.0089997914342104246
leaf_weight=120408 37296 15092 256 39046 8244 35260 737 8899 14080 6389 1013 20857 2191 631
leaf_count=120408 37296 15092 256 39046 8244 35260 737 8899 14080 6389 1013 20857 2191 631
internal_value=-2.55496e-05 0.000307321 0.000759512 -0.000365855 0.000801675 0.00107455 0.00167668 0.00010289 0.000834954 0.00181375 0.001796 0.00153099 0.00566688 0.000825913
internal_weight=310399 189991 113649 76342 113393 98301 60689 37612 28713 20469 59952 56117 3835 1644
internal_count=310399 189991 113649 76342 113393 98301 60689 37612 28713 20469 59952 56117 3835 1644
is_linear=0
shrinkage=0.03


Tree=76
num_leaves=15
num_cat=0
split_feature=5 6 12 9 14 6 12 6 9 1 13 6 12 8
split_gain=56.2462 54.3697 69.8383 84.4748 64.274 161.836 161.478 139.783 82.6802 91.9539 72.9846 72.8097 71.504 66.3082
threshold=0.57267957928155078 -0.36540946383307232 0.14767097409053545 0.69836995208171759 1.0000000180025095e-35 0.25570068452913092 0.15890038722066877 0.3669218966031717 1.2710120437985524 3.1519648401110696 9.5000000000000018 0.085625206792418043 -0.044667348182374327 0.073670674866011185
decision_type=2 8 10 10 2 8 10 10 10 2 2 8 10 2
left_child=-1 2 -2 -4 5 6 -3 8 13 11 -8 -10 -9 -6
right_child=1 4 3 -5 7 -7 10 12 9 -11 -12 -13 -14 -15
leaf_value=-0.0023484035159726962 0.00275603736999062 -0.00091497344859046937 0.014026840792145841 -0.0060404573294441568 0.00051762019903005534 0.0016346210671472402 0.0050513807157504141 -0.0089654672197614915 0.0091961929598793641 -0.0067741170362036187 0.023077429930812545 -0.00035772568292756328 -0.0016269998080312255 0.0034108199695817415
leaf_weight=8486 12247 127633 210 1555 104265 29532 517 1319 2706 519 331 976 12312 7648
leaf_count=8486 12247 127633 210 1555 104265 29532 517 1319 2706 519 331 976 12312 7648
internal_value=5.96341e-05 0.000127388 0.00195189 -0.00361997 3.85136e-05 -0.00036776 -0.000828063 0.000533299 0.000870707 0.00500007 0.0121815 0.00666665 -0.00234013 0.000715482
internal_weight=310256 301770 14012 1765 287758 158013 128481 129745 116114 4201 848 3682 13631 111913
internal_count=310256 301770 14012 1765 287758 158013 128481 129745 116114 4201 848 3682 13631 111913
is_linear=0
shrinkage=0.03


Tree=77
num_leaves=15
num_cat=0
split_feature=1 6 8 6 6 4 3 2 4 2 9 9 14 6
split_gain=68.9551 73.8311 65.588 80.5174 77.4203 77.8977 70.0951 74.4747 60.5105 71.0697 57.7768 55.0838 53.0595 81.0985
threshold=0.64859332281245941 -0.36540946383307232 -0.022184881720256452 0.068805974526662497 0.30066146557027013 0.16207604684106755 0.90909090909088019 0.77777777777778578 0.25067393848342356 0.72676825983221482 0.61229952899431062 1.0957604052608405 1.0000000180025095e-35 -0.50106103143635439
decision_type=2 8 2 10 10 2 10 10 2 10 10 10 2 10
left_child=-1 11 3 6 -5 -6 7 10 9 -4 -3 12 -2 -14
right_child=1 2 8 4 5 -7 -8 -9 -10 -11 -12 -13 13 -15
leaf_value=-0.00087148463489201044 0.0053663089614356318 0.0066086252875020056 0.00059300790393846542 0.0022357254013045027 -0.0055117287326503445 0.00048729764146371437 -0.0030645881192098352 0.0027567644072884691 -5.6777076960742889e-05 0.0029006919550207252 -0.0013917341033208277 -0.0029983664632235703 -0.0053192655094570652 0.0033440192854077093
leaf_weight=65953 5365 831 52267 13874 2770 6535 14679 5094 92254 15591 28925 1420 1313 3706
leaf_count=65953 5365 831 52267 13874 2770 6535 14679 5094 92254 15591 28925 1420 1313 3706
internal_value=-1.0624e-05 0.000221485 0.000104106 -0.000643079 0.000816145 -0.00130055 -0.00132599 -0.000593353 0.000443418 0.00112339 -0.00116723 0.00253563 0.00329348 0.00107461
internal_weight=310577 244624 232820 72708 23179 9305 49529 34850 160112 67858 29756 11804 10384 5019
internal_count=310577 244624 232820 72708 23179 9305 49529 34850 160112 67858 29756 11804 10384 5019
is_linear=0
shrinkage=0.03


Tree=78
num_leaves=15
num_cat=0
split_feature=8 9 6 5 12 1 6 2 12 9 8 11 1 9
split_gain=63.8109 68.7166 69.0816 61.6868 75.8376 60.9817 57.8272 73.7967 60.6168 68.0732 66.7843 54.4607 66.9144 49.522
threshold=-0.034767003960395539 0.75325213299816918 -0.39450751285824615 2.2186337853628988 -0.072629458140001865 2.8662457974857762 0.70646336785577291 0.94285714285712963 0.10358406673600874 1.3813970283163342 0.036164127399458984 0.93951198356851029 0.8521017655508053 0.90511128303550237
decision_type=2 8 8 2 10 2 8 10 10 8 2 2 2 10
left_child=1 5 3 13 -5 -1 -2 8 9 10 -8 -12 -13 -3
right_child=6 2 -4 4 -6 -7 7 -9 -10 -11 11 12 -14 -15
leaf_value=-0.0032735007843867608 8.8194481603943292e-05 -0.0079106392530170645 -0.00052089721722613062 -0.0025875154177525212 0.018398336181613739 0.0041315991666106226 0.0023433441083872135 -0.01134698252942737 -0.0012065592108792954 -0.0080973132928914351 0.0046821309406857312 0.00057529019491214838 0.017942962534784262 0.0072988661011653159
leaf_weight=12873 223929 365 54639 219 516 1081 8863 363 3559 455 2079 275 727 397
leaf_count=12873 223929 365 54639 219 516 1081 8863 363 3559 455 2079 275 727 397
internal_value=-1.84866e-05 -0.000814894 -0.000346463 0.00600076 0.0121702 -0.00269856 0.000213868 0.00193759 0.00224323 0.00323355 0.0036684 0.00747015 0.0132029 9.3972e-06
internal_weight=310340 70090 56136 1497 735 13954 240250 16321 15958 12399 11944 3081 1002 762
internal_count=310340 70090 56136 1497 735 13954 240250 16321 15958 12399 11944 3081 1002 762
is_linear=0
shrinkage=0.03


Tree=79
num_leaves=15
num_cat=0
split_feature=13 8 0 10 12 3 7 13 0 3 5 8 9 12
split_gain=71.1771 60.745 62.4954 53.9792 54.3238 53.7845 52.2615 47.9211 80.2503 80.1873 65.4959 59.2018 63.2077 54.5287
threshold=3.5000000000000004 -0.034767003960395539 0.38126515512061926 1.6015459642786165 -0.074051923929089478 0.8735632183908103 1.3863743453652084 15.500000000000002 0.68235447997331289 0.61930085031720028 2.3783899201847558 0.030512738518543869 0.65044615313831644 0.12026158145875356
decision_type=2 2 10 2 10 10 10 2 10 10 2 2 8 8
left_child=1 -1 -3 4 6 -5 -4 8 11 10 -9 -2 -13 -11
right_child=7 2 3 5 -6 -7 -8 9 -10 13 -12 12 -14 -15
leaf_value=-0.0017929523656974125 0.00042264962687606433 -0.006833185967184875 0.0025437081340317328 0.001161659998902152 -0.0015188303416355173 -0.00087467346927521555 -0.0049375149854118134 -0.0012401556408057283 -0.0024390432711556805 -0.00043420580522957882 -0.0084410231144955526 0.0076468648835142285 0.0015712291438421413 0.0035966739386648155
leaf_weight=28272 107077 1257 5762 36047 30716 17259 979 2731 7384 33881 1945 1614 32225 3311
leaf_count=28272 107077 1257 5762 36047 30716 17259 979 2731 7384 33881 1945 1614 32225 3311
internal_value=-5.71675e-06 -0.000576838 -0.000203125 -0.000110933 -0.000983635 0.000502332 0.00145435 0.000355556 0.000608591 -0.000540682 -0.0042412 0.000768368 0.0018621 -7.49234e-05
internal_weight=310460 120292 92020 90763 37457 53306 6741 190168 148300 41868 4676 140916 33839 37192
internal_count=310460 120292 92020 90763 37457 53306 6741 190168 148300 41868 4676 140916 33839 37192
is_linear=0
shrinkage=0.03


Tree=80
num_leaves=15
num_cat=0
split_feature=10 6 12 6 9 0 1 0 10 10 7 12 6 5
split_gain=58.2226 62.2954 108.841 101.247 91.7805 82.2372 78.6403 73.4451 85.3608 78.3226 73.4087 83.4791 65.0674 62.0277
threshold=1.9094953959124721 -0.096127062854440712 0.0021100591940080853 -0.39450751285824615 1.0156680222489218 0.73317101614962377 6.9262498781860309 0.52618536223607459 2.8069893905890653 2.7209568227642289 1.3483968160144069 0.072120525117356518 -0.15008117539096535 3.2620293825298847
decision_type=2 10 8 10 10 10 2 10 2 2 10 10 10 2
left_child=-1 2 3 -2 7 -3 10 8 9 -4 -6 -12 -5 -9
right_child=1 5 4 12 6 -7 -8 13 -10 -11 11 -13 -14 -15
leaf_value=-0.00033646789660728534 0.0044307950643043608 5.9693956675017226e-05 -0.00072912592590388672 -0.0019406226562892492 0.0047523756830897771 -0.0088754321727604144 -0.011286741584449648 0.0016960934043026646 -0.010978396046417633 0.01703486719288123 0.0071629129883267577 0.025681637453048356 0.0017484455577907983 0.0070218115313937773
leaf_weight=186204 3772 72925 4918 15245 6860 934 244 9144 711 229 647 331 5990 2505
leaf_count=186204 3772 72925 4918 15245 6860 934 244 9144 711 229 647 331 5990 2505
internal_value=-7.04931e-07 0.000501642 0.00131252 -9.50524e-05 0.00268783 -5.38903e-05 0.00533126 0.00146633 -0.00127304 7.69938e-05 0.00585545 0.0135292 -0.000899838 0.00284386
internal_weight=310659 124455 50596 25007 25589 73859 8082 17507 5858 5147 7838 978 21235 11649
internal_count=310659 124455 50596 25007 25589 73859 8082 17507 5858 5147 7838 978 21235 11649
is_linear=0
shrinkage=0.03


Tree=81
num_leaves=15
num_cat=0
split_feature=10 8 6 12 6 12 1 3 0 11 4 4 0 5
split_gain=74.3197 79.6479 48.2157 116.629 86.5577 67.3983 67.1095 63.9263 63.8141 62.495 63.0652 60.5081 60.2762 54.4266
threshold=1.9094953959124721 0.032279024396289928 -0.090123961731354993 0.0021100591940080853 -0.39450751285824615 -0.065803631181113417 3.4261319083703516 0.97959183673470673 0.56352936704032619 1.6901321410543024 0.33721198517007162 0.88918987521250969 0.40790763735102814 2.9248894662535849
decision_type=2 2 10 8 10 10 2 10 10 2 2 2 10 2
left_child=1 -1 3 4 7 8 -6 9 11 -2 -11 -4 -7 -5
right_child=2 -3 5 13 6 12 -8 -9 -10 10 -12 -13 -14 -15
leaf_value=-0.00065520864814858255 0.0031761787807918765 0.00083789289585078344 0.0044020074780161816 0.00167591305821418 -0.00039000438364384846 -0.0067837472268692627 -0.0070432062711816394 -0.01127012278705705 -0.00054490100675326188 0.0050806614115954723 0.023883253862582068 -0.0072305533976349846 -0.00016185440484817133 0.0045072310725359534
leaf_weight=144880 2858 41321 7449 16384 20467 1259 1457 224 5048 366 286 421 58271 9750
leaf_count=144880 2858 41321 7449 16384 20467 1259 1457 224 5048 366 286 421 58271 9750
internal_value=5.53065e-05 -0.000323852 0.000623549 0.00132248 -0.000114322 0.000123833 -0.00083366 0.00410471 0.00208767 0.00510053 0.0134474 0.00377554 -0.000302459 0.00273287
internal_weight=310441 186201 124240 51792 25658 72448 21924 3734 12918 3510 652 7870 59530 26134
internal_count=310441 186201 124240 51792 25658 72448 21924 3734 12918 3510 652 7870 59530 26134
is_linear=0
shrinkage=0.03


Tree=82
num_leaves=15
num_cat=0
split_feature=13 4 11 11 6 14 14 6 6 6 12 6 5 11
split_gain=54.3355 55.5576 55.2973 54.7852 48.8316 76.0345 50.9158 108.199 80.9326 83.2211 67.3644 62.5193 56.718 52.7731
threshold=3.5000000000000004 0.26181675797648479 0.076812921106199597 1.9525969983872056 0.95870870163032806 1.0000000180025095e-35 1.0000000180025095e-35 0.12994403872997998 -0.45304290710083633 0.15451878703184865 -0.065803631181113417 0.22433297738534122 1.7244373597649261 0.053364364404817129
decision_type=2 2 2 2 10 2 2 8 8 8 8 8 2 2
left_child=2 4 -1 -4 6 -6 8 -8 12 -10 -11 -12 -2 -13
right_child=1 -3 3 -5 5 -7 7 -9 9 10 11 13 -14 -15
leaf_value=-0.0011569601996361534 -0.0037871360022017336 -0.00011203550235872804 0.00048493309013752001 -0.002093914128091511 0.013696646970189396 -0.0020870986312061927 0.0026350500281002052 -0.0013063232500208305 -0.00075113301677459231 0.005728133866383097 0.0053342309407387323 0.0018218513695982272 0.01264892453614902 -0.0044607257230147232
leaf_weight=57798 249 109720 53915 8591 654 469 26427 8214 33352 3486 1802 2490 754 2320
leaf_count=57798 249 109720 53915 8591 654 469 26427 8214 33352 3486 1802 2490 754 2320
internal_value=1.07092e-05 0.000326678 -0.000488139 0.00013035 0.000926716 0.00712483 0.000838269 0.00170043 0.000166298 -2.86582e-05 0.00235675 0.000576286 0.00857004 -0.0012099
internal_weight=310241 189937 120304 62506 80217 1123 79094 34641 44453 43450 10098 6612 1003 4810
internal_count=310241 189937 120304 62506 80217 1123 79094 34641 44453 43450 10098 6612 1003 4810
is_linear=0
shrinkage=0.03


Tree=83
num_leaves=15
num_cat=0
split_feature=9 13 11 3 8 12 9 0 14 13 9 13 12 1
split_gain=55.687 79.7046 73.673 69.6258 90.6893 65.8768 62.7559 56.4625 56.3191 105.458 56.3121 56.2834 86.157 81.4318
threshold=0.86560388720653891 9.5000000000000018 2.6648083000762934 0.69047619047619657 0.011290917802611657 -0.074051923929089478 0.71977690220774859 0.64490593450438249 1.0000000180025095e-35 27.500000000000004 0.79381876877083735 18.500000000000004 0.11407340812406737 6.9262498781860309
decision_type=8 2 2 10 2 10 10 10 2 2 10 2 10 2
left_child=1 5 3 -3 6 -1 7 -5 -6 -10 -11 -2 13 -13
right_child=11 2 -4 4 8 -7 -8 -9 9 10 -12 12 -14 -15
leaf_value=0.00079748331428654902 0.00049137303964372572 -0.0019811249712768297 0.017815555335009978 -0.0016375654721645001 0.001071188746711475 -0.0013038034168060663 0.00093317798223812416 -0.010530945770795355 0.0039145913724328496 0.025720577203083333 0.0055131517153865885 -0.0025770799144198965 0.0057781189070113589 0.0079425455103196794
leaf_weight=16075 155570 8013 218 4944 6288 81444 14242 734 6041 318 207 13744 1374 691
leaf_count=16075 155570 8013 218 4944 6288 81444 14242 734 6041 318 207 13744 1374 691
internal_value=-4.34941e-05 -0.000490787 0.000618914 0.000524828 0.00113772 -0.000957405 -0.000130072 -0.00279547 0.00310173 0.005044 0.0178803 0.000318053 -0.00138714 -0.00207093
internal_weight=309903 138524 41005 40787 32774 97519 19920 5678 12854 6566 525 171379 15809 14435
internal_count=309903 138524 41005 40787 32774 97519 19920 5678 12854 6566 525 171379 15809 14435
is_linear=0
shrinkage=0.03


Tree=84
num_leaves=15
num_cat=0
split_feature=13 13 10 13 6 0 10 13 12 0 10 13 3 6
split_gain=54.599 89.6878 121.145 109.305 83.0891 75.9265 82.6436 59.9775 104.52 92.9911 83.734 83.6471 67.5498 57.6997
threshold=31.500000000000004 34.500000000000007 3.2112393131478485 40.500000000000007 0.19192318915310616 0.58657387752837475 2.1655677007027188 27.500000000000004 -0.055147559250058313 0.57412213478032637 2.5820080021397058 26.500000000000004 0.66666666666666352 0.07553158559435226
decision_type=2 2 2 2 8 10 2 2 10 10 2 2 10 8
left_child=7 -2 3 4 5 6 -3 11 -9 10 13 -1 -13 -10
right_child=1 2 -4 -5 -6 -7 -8 8 9 -11 -12 12 -14 -15
leaf_value=2.6770618979978807e-05 -0.0088625225809085533 0.00080436515365881432 -0.01609093476744259 -0.0059744943704401303 -0.0079073104729135354 0.027400236455810679 0.019364897761405746 -0.0065582839017426613 -0.0029547978778406798 0.013845463499396769 0.019592693123145422 0.0080147916019380639 -0.010414473137439461 0.0097791970861460624
leaf_weight=301098 1642 599 352 811 244 209 333 692 1276 986 223 209 1121 422
leaf_count=301098 1642 599 352 811 244 209 333 692 1276 986 223 209 1121 422
internal_value=-7.20018e-06 -0.00340651 0.000119957 0.00274908 0.00786036 0.011252 0.00750392 3.93968e-05 0.00388665 0.00638002 0.0025222 -6.45041e-06 -0.00749927 0.000229372
internal_weight=310217 4190 2548 2196 1385 1141 932 306027 3599 2907 1921 302428 1330 1698
internal_count=310217 4190 2548 2196 1385 1141 932 306027 3599 2907 1921 302428 1330 1698
is_linear=0
shrinkage=0.03


Tree=85
num_leaves=15
num_cat=0
split_feature=13 10 8 11 13 2 13 10 13 8 6 11 8 12
split_gain=58.2394 48.7145 45.4735 43.7669 48.038 69.6275 47.9779 41.1595 43.9755 57.3336 53.7004 53.7087 49.8168 48.278
threshold=-9.4999999999999982 1.929277925605714 0.032279024396289928 -1.7158947917617164 35.500000000000007 0.73033707865168263 31.500000000000004 2.0033770917323963 10.500000000000002 -0.030115125172865544 0.3271060510217591 -1.1018937513513654 -0.06848443914283088 0.054545733532365533
decision_type=2 2 2 2 2 10 2 2 2 2 8 2 2 10
left_child=-1 2 3 -2 6 -6 -5 8 10 -10 12 -12 -3 -13
right_child=1 7 -4 4 5 -7 -8 -9 9 -11 11 13 -14 -15
leaf_value=-0.0076751120805536917 -0.0043258977255347516 -0.0075304323974685087 0.00062820421586842843 -0.00041648838795807773 -0.0045827252411209376 0.017038639467823021 -0.0081748656685568712 0.0003330126078028825 0.01146951702213898 0.0027644834648189037 -0.0076041711676177242 0.013014937047889467 0.00081225858765972042 0.00027522809840369928
leaf_weight=874 2626 699 41976 143064 221 329 716 106984 893 2839 206 810 7576 399
leaf_count=874 2626 699 41976 143064 221 329 716 106984 893 2839 206 810 7576 399
internal_value=3.60394e-05 5.79501e-05 -0.00024259 -0.000491334 -0.000421419 0.00838777 -0.000455407 0.000529526 0.00209518 0.00486 0.00102839 0.00641823 0.000103419 0.00882897
internal_weight=310212 309338 188932 146956 144330 550 143780 120406 13422 3732 9690 1415 8275 1209
internal_count=310212 309338 188932 146956 144330 550 143780 120406 13422 3732 9690 1415 8275 1209
is_linear=0
shrinkage=0.03


Tree=86
num_leaves=15
num_cat=0
split_feature=9 13 8 6 13 6 11 3 1 13 13 13 1 12
split_gain=58.0439 70.4718 81.7598 79.1871 73.5413 91.7218 72.1331 69.7863 79.1851 86.3354 99.1042 68.9369 73.5668 67.7744
threshold=0.86871728541121707 9.5000000000000018 0.052433849595043595 0.20218652480176061 18.500000000000004 -0.40621373075832856 2.0739114555336471 0.69047619047619657 3.8174241009745056 39.500000000000007 35.500000000000007 20.500000000000004 1.7836804881342285 0.040381207986801233
decision_type=8 2 2 8 2 10 2 10 2 2 2 2 2 10
left_child=1 3 6 -1 5 -4 7 -3 9 10 -9 -6 -13 -5
right_child=-2 2 4 13 11 -7 -8 8 -10 -11 -12 12 -14 -15
leaf_value=-0.0013486994352506702 0.00037063385021025093 -0.0028775496005717088 0.025740942347340465 0.0019020427241008592 -0.01151732394764108 0.0051023028540620116 0.0092896703425496014 0.00011068596121732062 0.0075180724439765671 -0.018384869433939455 0.016200277112360328 0.011538267044664978 -0.004386623726286825 -0.001493799580942403
leaf_weight=76713 169079 6716 200 14503 441 3699 743 26991 1379 219 344 457 596 8320
leaf_count=76713 169079 6716 200 14503 441 3699 743 26991 1379 219 344 457 596 8320
internal_value=-4.4183e-06 -0.000453135 0.000580781 -0.000887178 0.0040262 0.00619258 6.97156e-05 -0.000123723 0.000515888 0.000164148 0.000316093 -0.00162936 0.00254661 0.000664051
internal_weight=310400 141321 41785 99536 5393 3899 36392 35649 28933 27554 27335 1494 1053 22823
internal_count=310400 141321 41785 99536 5393 3899 36392 35649 28933 27554 27335 1494 1053 22823
is_linear=0
shrinkage=0.03


Tree=87
num_leaves=15
num_cat=0
split_feature=8 6 6 11 12 1 6 9 14 1 6 12 9 9
split_gain=60.5367 55.6779 73.2225 126.689 70.4263 67.5379 63.8051 60.896 70.5598 57.0583 57.0114 49.3517 71.8254 48.5655
threshold=-0.0078626570155630824 0.3271060510217591 0.12220835788430896 -0.62049993994805608 0.0032019789276628301 0.6193640576895606 0.11433201830623786 1.2839296805782978 1.0000000180025095e-35 3.0039964493965621 -0.57615093520583893 0.0082329890934488299 1.160225633000199 0.91579223856191949
decision_type=2 8 10 2 10 2 10 10 2 2 10 10 8 8
left_child=13 2 4 -4 6 -6 10 -7 -9 -10 -2 12 -3 -1
right_child=1 11 3 -5 5 7 -8 8 9 -11 -12 -13 -14 -15
leaf_value=-0.00093522161796954074 0.011731771929918424 0.0036429142694363627 0.0027853362544293693 -0.0025023861924636519 -0.00094725611548905923 0.0013543191790392356 0.0086946697288508568 0.0005186131925417805 0.014582070491379301 -0.0021848421355131929 -0.00050157906608978647 0.00014466180079059215 -0.0025998795641961055 0.0002072320543460439
leaf_weight=77661 340 12749 5218 18603 11764 54254 694 978 957 224 55361 10605 1903 58871
leaf_count=77661 340 12749 5218 18603 11764 54254 694 978 957 224 55361 10605 1903 58871
internal_value=3.00247e-05 0.000401642 0.000179997 -0.00134377 0.000471417 0.00112014 -0.000312862 0.0015513 0.00648679 0.0114061 -0.00042586 0.00170359 0.00283149 -0.000442619
internal_weight=310182 173650 148393 23821 124572 68177 56395 56413 2159 1181 55701 25257 14652 136532
internal_count=310182 173650 148393 23821 124572 68177 56395 56413 2159 1181 55701 25257 14652 136532
is_linear=0
shrinkage=0.03


Tree=88
num_leaves=15
num_cat=0
split_feature=3 3 2 6 4 6 11 10 9 8 7 2 1 3
split_gain=52.2093 69.7759 67.339 62.6291 82.5351 64.0236 64.8952 61.226 56.6732 52.7594 45.774 102.058 84.5365 67.5377
threshold=0.92761272644903336 0.93103448275861622 0.42857142857142289 0.024239813161455518 1.0316744185148552 -0.23117082035731387 1.7783640370677938 1.539303397037022 1.3352832086284587 0.10327646221030175 0.20743816922179681 0.83333333333340898 2.0885726082900744 0.87500000000001432
decision_type=8 10 10 10 2 8 2 2 8 2 8 10 2 10
left_child=7 -2 -3 4 5 6 -4 9 -7 -1 12 -12 -9 -13
right_child=1 2 3 -5 -6 8 -8 10 -10 -11 11 13 -14 -15
leaf_value=-0.00050646116665590418 -0.005041365855486651 -0.0037422653577070639 0.0023565388862654604 0.0010406187407362628 -0.0058684457382453901 -0.0014754534506550301 -0.0085558284145790617 -0.00012324228775756455 0.0070134597890011124 0.0051318277812450828 0.00070287090573923424 0.010589465224269451 -0.009561881530545142 0.0027251038657252068
leaf_weight=83127 3154 5244 8150 22952 2824 26965 517 34043 722 1516 116644 1468 871 2969
leaf_count=83127 3154 5244 8150 22952 2824 26965 517 34043 722 1516 116644 1468 871 2969
internal_value=3.40585e-05 -0.000683707 -0.000479352 -0.000203671 -0.000932665 -0.000548496 0.00170104 0.000244437 -0.00125286 -0.000405179 0.00059692 0.000872867 -0.000360044 0.00533605
internal_weight=311166 70528 67374 62130 39178 36354 8667 240638 27687 84643 155995 121081 34914 4437
internal_count=311166 70528 67374 62130 39178 36354 8667 240638 27687 84643 155995 121081 34914 4437
is_linear=0
shrinkage=0.03


Tree=89
num_leaves=15
num_cat=0
split_feature=9 8 8 6 12 14 6 2 6 11 5 11 2 1
split_gain=58.032 62.8671 69.7492 55.8967 80.1073 75.6689 91.9799 74.3436 64.221 68.8984 57.7001 54.9608 61.1905 51.8144
threshold=0.86560388720653891 0.071813385531671894 0.1092108152446719 0.14609858271624002 0.011783400867993512 1.0000000180025095e-35 -0.53158120235152351 0.67857142857144326 0.25570068452913092 1.8109755380086627 2.0490169979512967 0.67965756766016605 0.58823529411767539 2.3739098323023895
decision_type=8 2 2 8 10 2 10 10 10 2 2 2 10 2
left_child=1 3 -3 5 -5 6 10 8 9 -6 -1 13 -13 -10
right_child=-2 2 -4 4 7 -7 -8 -9 11 -11 -12 12 -14 -15
leaf_value=-0.0011402854084968566 0.00037058731178295359 0.0034884899335095873 -0.0024348938048595328 0.0017571363724627584 -0.0069752501806142576 -0.0001159864864734932 -0.0019470689377058849 0.0012872370218722925 -0.0039391819818656391 0.010175577772098283 0.017876603379729204 0.0073686671213192096 -0.006092036491545447 0.0077433686915196875
leaf_weight=245 171652 6818 2421 18439 3494 45755 49198 6484 3411 220 340 1168 406 375
leaf_count=245 171652 6818 2421 18439 3494 45755 49198 6484 3411 220 340 1168 406 375
internal_value=1.77967e-06 -0.000454402 0.00193584 -0.000624953 0.000419695 -0.000996691 -0.00180604 -0.00116547 -0.00291784 -0.005947 0.0099701 -0.000815311 0.0038883 -0.00277335
internal_weight=310426 138774 9239 129535 33997 95538 49783 15558 9074 3714 585 5360 1574 3786
internal_count=310426 138774 9239 129535 33997 95538 49783 15558 9074 3714 585 5360 1574 3786
is_linear=0
shrinkage=0.03


Tree=90
num_leaves=15
num_cat=0
split_feature=0 13 3 6 12 8 6 0 5 10 8 6 12 7
split_gain=48.5463 60.1033 50.4004 60.5327 71.0569 59.8068 49.98 49.1066 71.2761 50.031 48.1072 45.7923 76.3302 50.4407
threshold=0.51451134438196677 -9.4999999999999982 0.90919382678444383 0.019364429458597291 -0.10031703960293907 0.090852919157251397 -0.015703232492897064 0.63731271601058526 3.6936486235385515 0.81711285743982487 -0.088838338726744778 -0.41944632861272674 0.13853444363188269 0.20146658372237589
decision_type=10 2 8 10 10 2 10 10 2 2 2 8 8 10
left_child=1 -1 11 5 -5 6 -4 -2 9 -9 -11 12 13 -3
right_child=7 2 3 4 -6 -7 -8 8 -10 10 -12 -13 -14 -15
leaf_value=-0.014090261393123202 0.00041040794752207003 -0.0035513947658568014 -0.0028502465334776118 0.0080697098173680443 -0.00081871895610910559 0.0096589912631496865 -0.0094696589980393323 0.007016632080788762 0.004932395175959556 -0.0061025001688845976 -0.0009942415907708761 -0.0003211940698891933 -0.0091793940426060216 0.0088352277034398699
leaf_weight=292 183835 365 11584 912 6898 317 1123 666 1854 1744 32437 66558 328 1506
leaf_count=292 183835 365 11584 912 6898 317 1123 666 1854 1744 32437 66558 328 1506
internal_value=-2.91264e-05 -0.000616767 -0.00057207 -0.00186452 0.000223712 -0.00311636 -0.00343874 0.000210385 -0.00079145 -0.00109665 -0.00125573 -0.000180337 0.00407408 0.00641579
internal_weight=310419 89883 89591 20834 7810 13024 12707 220536 36701 34847 34181 68757 2199 1871
internal_count=310419 89883 89591 20834 7810 13024 12707 220536 36701 34847 34181 68757 2199 1871
is_linear=0
shrinkage=0.03


Tree=91
num_leaves=15
num_cat=0
split_feature=14 6 6 6 6 9 13 2 11 9 11 1 3 9
split_gain=44.884 160.052 119.383 113.861 88.7009 83.8772 107 87.6681 107.649 66.6478 66.475 65.7627 65.2954 61.2628
threshold=1.0000000180025095e-35 -0.43411257425760424 0.3669218966031717 -0.50106103143635439 0.3669218966031717 1.1041971420511849 15.500000000000002 0.77419354838708676 1.1564478892839414 0.57970413777946728 -1.8107311786792668 0.82125201730823094 0.96217628155556556 0.67162196453510925
decision_type=2 8 8 8 10 10 2 10 2 10 2 2 10 8
left_child=1 -1 -3 -2 5 -5 7 8 -7 -6 -11 -4 -9 -13
right_child=3 2 11 4 9 6 -8 12 -10 10 -12 13 -14 -15
leaf_value=0.0057086968778074735 -0.0073315957927128717 -0.0008165043847212578 -0.00070761144736246893 0.00042742931490620067 0.015118274029018809 0.00073169549106484274 -0.0041433254571615445 0.011318892408066343 0.0081469962303577469 0.0097345442736807911 -0.0024470836892149569 -0.0040068489079669641 0.0015302285810900945 0.0033102108798257223
leaf_weight=3815 1705 144086 7570 110228 201 7613 1730 2032 2288 411 13224 1112 880 13308
leaf_count=3815 1705 144086 7570 110228 201 7613 1730 2032 2288 411 13224 1112 880 13308
internal_value=-3.46933e-05 -0.000362638 -0.000502272 0.000362383 0.000457288 0.000710025 0.00285106 0.00379669 0.00244853 -0.00182129 -0.00207646 0.0015564 0.00836847 0.00274476
internal_weight=310203 169891 166076 140312 138607 124771 14543 12813 9901 13836 13635 21990 2912 14420
internal_count=310203 169891 166076 140312 138607 124771 14543 12813 9901 13836 13635 21990 2912 14420
is_linear=0
shrinkage=0.03


Tree=92
num_leaves=15
num_cat=0
split_feature=5 12 7 3 5 6 9 12 10 6 11 14 6 6
split_gain=67.9046 53.672 56.3297 37.8093 37.5617 36.7442 47.6387 85.8796 66.7695 43.6035 44.8423 39.453 130.29 118.055
threshold=0.57267957928155078 -0.095899012971232309 0.069313059594153278 0.32898981324278315 0.3936279786915769 -0.3432346223211345 0.63400739528395234 0.14767097409053545 1.4294573266078174 -0.38384901064696586 -0.33236128111844448 1.0000000180025095e-35 0.3669218966031717 0.3669218966031717
decision_type=2 10 10 10 2 8 10 10 2 10 2 2 10 10
left_child=1 2 -1 -3 -4 6 8 -8 -2 10 -9 13 -13 -7
right_child=5 3 4 -5 -6 11 7 9 -10 -11 -12 12 -14 -15
leaf_value=-0.0099456818205005716 -0.0028332135912317495 0.007643343313296037 0.017003837206701594 -0.003883285036433563 0.0030578652525370099 -0.00056264342731442835 0.0019613027104653895 0.00062064294776830234 0.019251733728982867 0.0027116230720927639 -0.010705947808069122 0.00075462644457604503 -0.0023662918396175079 0.0021668897141272742
leaf_weight=207 203 261 249 7233 560 140268 14980 451 304 533 1031 114251 13452 15870
leaf_count=207 203 261 249 7233 560 140268 14980 451 304 533 1031 114251 13452 15870
internal_value=4.23333e-05 -0.00259964 0.00385718 -0.00347701 0.00742834 0.000116985 0.00145085 0.00117886 0.0104677 -0.00462846 -0.00726856 3.47128e-05 0.000425795 -0.000285151
internal_weight=309853 8510 1016 7494 809 301343 17502 16995 507 2015 1482 283841 127703 156138
internal_count=309853 8510 1016 7494 809 301343 17502 16995 507 2015 1482 283841 127703 156138
is_linear=0
shrinkage=0.03


Tree=93
num_leaves=15
num_cat=0
split_feature=13 10 8 0 11 7 1 8 11 13 0 13 11 13
split_gain=45.5057 42.8492 52.9031 43.7963 51.8128 42.2373 40.3466 76.994 57.8541 60.2108 62.2114 35.5065 33.6558 42.6547
threshold=45.500000000000007 1.9427562541745691 0.061182768769131639 0.73317101614962377 -1.0315333515747149 1.0750804720448994 8.2138806638748232 0.051498735644991078 1.2907277823816181 21.500000000000004 0.54522368855801384 -7.4999999999999991 -1.8694655058257974 35.500000000000007
decision_type=2 2 2 10 2 8 2 2 2 2 10 2 2 2
left_child=1 2 11 6 -5 -4 -3 8 9 10 -8 -1 -13 -14
right_child=-2 3 5 4 -6 -7 7 -9 -10 -11 -12 12 13 -15
leaf_value=-0.0061288035008961001 -0.010594392260460004 0.000463580913248869 0.002127988584581362 0.0036932900809120419 -0.0078101285401052673 -0.0015727071100972859 0.022859541134834287 0.020283834240363754 -0.010251161708104563 -0.0050575086899076298 0.0025327429249821427 -0.0043603554018773133 -0.00037783272340210854 0.0075823714204230584
leaf_weight=972 360 114836 13109 500 1169 3517 245 257 254 288 299 1899 171674 603
leaf_count=972 360 114836 13109 500 1169 3517 245 257 254 288 299 1899 171674 603
internal_value=-7.90029e-06 4.5796e-06 -0.000272076 0.000454773 -0.00436319 0.00134492 0.000524172 0.0056842 0.0021521 0.00597729 0.0118121 -0.000425604 -0.000393602 -0.000349751
internal_weight=309982 309622 191774 117848 1669 16626 116179 1343 1086 832 544 175148 174176 172277
internal_count=309982 309622 191774 117848 1669 16626 116179 1343 1086 832 544 175148 174176 172277
is_linear=0
shrinkage=0.03


Tree=94
num_leaves=15
num_cat=0
split_feature=1 6 10 13 3 13 9 13 1 1 13 7 9 10
split_gain=58.4288 61.3682 51.1552 52.3556 66.8705 48.8919 41.8474 39.9165 57.3197 51.4667 62.1918 95.9519 88.2006 50.5049
threshold=0.6193640576895606 -0.31347818370685354 0.9890988875357315 20.500000000000004 0.96934737863463261 12.500000000000002 1.2094438043988978 4.5000000000000009 1.6990384485393879 1.989450701324621 14.500000000000002 0.1397738908934453 0.93622862028281539 2.6651677991863298
decision_type=2 8 2 2 10 2 10 2 2 2 2 10 10 2
left_child=5 2 -2 7 -5 -1 -7 8 -4 10 -9 -12 -13 -10
right_child=1 -3 3 4 -6 6 -8 9 13 -11 11 12 -14 -15
leaf_value=-0.00053284165941420742 -0.0051344545634755571 0.00011971066384956678 -0.00041603792335217653 -0.0041242627607263639 0.013510411406556766 -0.0044467744766949271 0.0059885887867957349 0.003596983131490439 0.0034251765342838561 -0.0005265175379087089 0.00081183497893049352 0.021812363579044383 0.0043602100166327809 0.017396400980651379
leaf_weight=53623 894 232078 5441 1863 211 4549 370 6351 1110 1874 653 695 420 291
leaf_count=53623 894 232078 5441 1863 211 4549 370 6351 1110 1874 653 695 420 291
internal_value=5.80896e-05 0.000256516 0.00185935 0.00219128 -0.00230201 -0.000795602 -0.00365656 0.00274535 0.00097892 0.00395369 0.00498749 0.00995822 0.0152873 0.00637867
internal_weight=310423 251881 19803 18909 2074 58542 4919 16835 6842 9993 8119 1768 1115 1401
internal_count=310423 251881 19803 18909 2074 58542 4919 16835 6842 9993 8119 1768 1115 1401
is_linear=0
shrinkage=0.03


Tree=95
num_leaves=15
num_cat=0
split_feature=5 13 13 11 11 13 7 12 13 12 7 5 8 12
split_gain=50.3276 48.8495 81.1558 67.3271 135.977 107.616 66.7407 78.4726 47.1227 101.111 122.383 61.6049 46.9538 40.7433
threshold=0.57267957928155078 31.500000000000004 34.500000000000007 0.50128856150044154 -0.9323828423761984 36.500000000000007 0.31220027222961594 0.055546626712771392 29.500000000000004 0.007571078305209201 0.15853424091533655 2.3236303702670118 0.0017288744099571934 -0.095899012971232309
decision_type=2 2 2 2 2 2 10 10 2 10 10 2 2 10
left_child=13 8 -3 4 6 -6 -4 -8 -2 10 -10 -11 -7 -1
right_child=1 2 3 -5 5 12 7 -9 9 11 -12 -13 -14 -15
leaf_value=0.0033601404410689623 4.9719601759253392e-05 -0.0084715695397302067 -0.010672140446972882 -0.012767325532592974 0.028120022019371388 -0.0048385533329940609 0.012120933288094625 -0.011170151352026817 0.017850800453162775 0.0058604479414313586 -0.0091613046700105612 0.023958537985208719 0.011159934754270594 -0.0030764876650083515
leaf_weight=1000 296216 1604 678 309 235 274 341 204 200 397 568 296 402 7458
leaf_count=1000 296216 1604 678 309 235 274 341 204 200 397 568 296 402 7458
internal_value=-3.22581e-05 3.17399e-05 -0.00324002 0.000205152 0.002109 0.0108526 -0.00442165 0.00338051 7.6274e-05 0.00544161 -0.00205694 0.0137069 0.00468743 -0.00231394
internal_weight=310182 301724 4047 2443 2134 911 1223 545 297677 1461 768 693 676 8458
internal_count=310182 301724 4047 2443 2134 911 1223 545 297677 1461 768 693 676 8458
is_linear=0
shrinkage=0.03


Tree=96
num_leaves=15
num_cat=0
split_feature=3 2 6 12 6 6 12 8 6 4 1 13 12 1
split_gain=44.3072 88.4758 68.3291 98.054 111.715 71.9803 78.188 71.7832 58.5882 77.254 63.7389 57.4555 56.6608 52.6434
threshold=0.86666666666667014 0.61313868613139288 -0.3432346223211345 -0.0045565588231654677 -0.53158120235152351 -0.50106103143635439 -0.042701719119832553 -0.031800624684144532 0.15878703131676178 0.61024865468114298 0.53562827311266659 2.5000000000000004 -0.11123121522939254 0.64859332281245941
decision_type=8 10 10 10 10 10 10 2 10 2 2 2 8 2
left_child=2 12 3 5 -5 -1 -7 -8 9 10 -3 -6 -2 -10
right_child=1 8 -4 4 11 6 7 -9 13 -11 -12 -13 -14 -15
leaf_value=0.0067837796341789569 0.0023315895118935039 -0.0021633003636755892 0.00015271441967815543 -0.0044127255171483295 -0.0023620255368570786 -0.0011758409026160278 0.020410384254432035 0.0036716851004363945 -0.0016902379445269892 -0.0018851755420655528 0.00073848744974817449 0.0045647837133094542 -0.002310242821864567 0.0022301740761466256
leaf_weight=4832 2606 8091 172840 3403 1512 3027 299 968 3803 20936 42974 3725 25385 16198
leaf_count=4832 2606 8091 172840 3403 1512 3027 299 968 3803 20936 42974 3725 25385 16198
internal_value=5.0559e-05 -0.000401026 0.00033485 0.00210625 -0.000184513 0.00427393 0.00144502 0.00768656 4.83332e-05 -0.000350694 0.000278547 0.00256457 -0.00187774 0.00148451
internal_weight=310599 119993 190606 17766 8640 9126 4294 1267 92002 72001 51065 5237 27991 20001
internal_count=310599 119993 190606 17766 8640 9126 4294 1267 92002 72001 51065 5237 27991 20001
is_linear=0
shrinkage=0.03


Tree=97
num_leaves=15
num_cat=0
split_feature=13 12 11 7 2 6 6 12 6 10 11 10 6 10
split_gain=41.582 47.4649 52.3663 44.3259 57.6348 44.0191 49.4862 72.9108 93.5971 72.0317 82.8495 65.6591 61.1079 69.403
threshold=3.5000000000000004 -0.14726253491167954 0.076812921106199597 1.5465116220914152 0.2448979591836882 -0.3432346223211345 0.15030530289019342 -0.00055905957898483283 -0.024380073611659333 2.7848363326562122 -1.8107311786792668 3.4790740206170971 -0.06524009659465678 1.2172166210028059
decision_type=2 8 2 8 10 8 8 10 10 2 2 2 10 2
left_child=1 3 -3 4 -1 -2 7 8 11 10 -8 -7 13 -9
right_child=5 2 -4 -5 -6 6 9 12 -10 -11 -12 -13 -14 -15
leaf_value=0.018447316543479853 0.002082993477929678 -0.0012123123740629559 7.9972820584912207e-05 -0.0035484991218603522 0.0024123647915996935 -0.0017208209086593299 0.0092168263782042292 -0.0016777962714932312 0.00089087523942273268 -0.0034227726578777377 0.0011652786768233242 0.011858035611109837 -0.0004283656211644809 0.001863326168667437
leaf_weight=204 12013 54081 59013 1108 5947 42400 1179 5826 19475 2990 40471 318 30866 34211
leaf_count=204 12013 54081 59013 1108 5947 42400 1179 5826 19475 2990 40471 318 30866 34211
internal_value=4.9135e-05 -0.000387053 -0.000538018 0.00196371 0.00295872 0.000325801 0.000206979 -8.29352e-05 -0.000832615 0.00107128 0.00139428 -0.00161836 0.000574664 0.00134789
internal_weight=310102 120353 113094 7259 6151 189749 177736 133096 62193 44640 41650 42718 70903 40037
internal_count=310102 120353 113094 7259 6151 189749 177736 133096 62193 44640 41650 42718 70903 40037
is_linear=0
shrinkage=0.03


Tree=98
num_leaves=15
num_cat=0
split_feature=13 13 10 13 6 5 9 9 9 9 10 1 5 1
split_gain=49.2037 94.2152 110.166 98.6049 98.6087 49.9901 47.4803 43.9694 43.2383 41.3104 41.0627 48.9553 57.4788 40.8827
threshold=31.500000000000004 34.500000000000007 3.2112393131478485 40.500000000000007 0.19192318915310616 0.57267957928155078 0.82261706126765677 0.64550373708962006 0.84254092718742657 1.2993348216857692 1.4810162362777628 1.4423613235225146 2.0068950624290207 8.2138806638748232
decision_type=2 2 2 2 8 2 10 8 10 10 2 2 2 2
left_child=5 9 3 4 10 6 7 -1 -5 -2 -3 -12 -13 -7
right_child=1 2 -4 8 -6 13 -8 -9 -10 -11 11 12 -14 -15
leaf_value=0.0030525818361955529 -0.010767286792813621 -0.00024137124211327836 -0.015051176560561309 -0.014790298930356199 -0.0096247374813681758 9.732929973048341e-05 -0.00041835930487688848 -0.0065542101755933467 -0.00030427501868042679 0.0021068721844090359 0.0034365912603227782 0.010673339714606602 0.0287922849665702 0.0042617282411192533
leaf_weight=505 1405 219 351 279 238 295823 5095 2743 535 265 273 373 281 2132
leaf_count=505 1405 219 351 279 238 295823 5095 2743 535 265 273 373 281 2132
internal_value=1.87036e-05 -0.00319706 0.000434079 0.00293548 0.00779814 6.30495e-05 -0.00222662 -0.00505815 -0.00532937 -0.00872419 0.0114426 0.0141894 0.0186178 0.000127198
internal_weight=310517 4219 2549 2198 1384 306298 8343 3248 814 1670 1146 927 654 297955
internal_count=310517 4219 2549 2198 1384 306298 8343 3248 814 1670 1146 927 654 297955
is_linear=0
shrinkage=0.03


Tree=99
num_leaves=15
num_cat=0
split_feature=13 13 10 13 13 13 14 12 6 1 12 5 11 12
split_gain=42.4567 43.4788 41.1864 48.1389 67.5716 46.632 61.841 107.472 75.2478 75.4238 65.4964 79.8888 70.6415 73.2112
threshold=40.500000000000007 38.500000000000007 1.9094953959124721 35.500000000000007 31.500000000000004 6.5000000000000009 1.0000000180025095e-35 0.12694458505636777 0.95870870163032806 1.3876289433132432 0.2116583079182344 1.3385190066047008 0.53834974982295269 -0.12086699480010281
decision_type=2 2 2 2 2 2 2 10 10 2 10 2 2 8
left_child=1 2 3 4 5 -1 7 8 -7 -10 12 -12 13 -8
right_child=-2 -3 -4 -5 -6 6 10 -9 9 -11 11 -13 -14 -15
leaf_value=-0.00065930544217100717 -0.0063857867813228407 0.011650803630017904 0.00043457745798577242 0.010479084994584161 -0.0085088184391799385 -0.0008067049780697761 -0.013012155673972197 0.010599499140366279 0.00062111835640210362 0.023186935408956416 0.010490769271726732 -0.0090590681525265296 0.003631524143626249 0.00081295406690743918
leaf_weight=107243 929 284 123117 369 892 41304 345 772 307 231 226 1020 9888 22945
leaf_count=107243 929 284 123117 369 892 41304 345 772 307 231 226 1020 9888 22945
internal_value=7.46922e-07 2.00544e-05 9.16432e-06 -0.000273124 -0.000294833 -0.000254844 0.000308205 -0.000455723 -0.000660938 0.0104344 0.00125381 -0.00548535 0.00150769 0.000605411
internal_weight=309872 308943 308659 185542 185173 184281 77038 42614 41842 538 34424 1246 33178 23290
internal_count=309872 308943 308659 185542 185173 184281 77038 42614 41842 538 34424 1246 33178 23290
is_linear=0
shrinkage=0.03


Tree=100
num_leaves=15
num_cat=0
split_feature=8 0 2 9 7 2 8 10 6 12 6 11 3 2
split_gain=47.059 42.4324 54.366 57.0773 62.2175 48.1539 44.9947 48.3867 47.7597 73.6893 72.6628 38.5085 46.8771 54.2469
threshold=-0.06579574701791481 0.63392277905257 0.73333333333330575 0.7869087667714888 0.81923290589652253 0.74999999999999167 -0.071499968826101309 1.1000711332855413 -0.12351757418599872 -0.0039242854064039925 -0.25288913923531708 0.7077673880133255 0.82658959537572707 0.96761133603238514
decision_type=2 10 10 10 8 10 2 2 8 10 10 2 10 10
left_child=1 2 6 -4 5 -5 8 -8 9 -1 -11 12 -7 -14
right_child=-2 -3 3 4 -6 11 7 -9 -10 10 -12 -13 13 -15
leaf_value=-0.0014290603817393409 9.7413505846082223e-05 -0.0041053589561184222 -0.0029400720276191723 0.012410733937731216 0.018317684585397894 -0.0071043915617001524 0.0074348366243066266 -0.0062288165302401746 -0.0022003472319066303 -0.0033693663259274768 0.011638227645177784 -0.0043315876138453578 0.0051815281466844896 -0.0080877423812361314
leaf_weight=2271 284180 3936 1937 391 226 380 251 2710 8216 406 998 828 3001 301
leaf_count=2271 284180 3936 1937 391 226 380 251 2710 8216 406 998 828 3001 301
internal_value=-1.40729e-05 -0.00123938 -0.000723842 0.00144205 0.00309888 0.00237914 -0.00175413 -0.00505999 -0.000929158 0.0019119 0.00730187 0.00149666 0.0028114 0.00396154
internal_weight=310032 25852 21916 7064 5127 4901 14852 2961 11891 3675 1404 4510 3682 3302
internal_count=310032 25852 21916 7064 5127 4901 14852 2961 11891 3675 1404 4510 3682 3302
is_linear=0
shrinkage=0.03


Tree=101
num_leaves=15
num_cat=0
split_feature=8 9 2 1 9 8 11 2 9 9 6 6 6 5
split_gain=40.7536 43.0998 43.7599 73.1792 82.0352 80.9401 49.1061 45.1851 43.3066 48.908 45.0222 42.3854 42.1201 44.9161
threshold=-0.0083085997889556836 0.7316903922583019 0.76190476190476619 1.0248745044646237 0.78871912765111818 -0.018302384686435098 -1.7158947917617164 0.78803622635879389 0.92296197809485803 0.93245484347169316 0.31782633131448085 -0.50106103143635439 -0.038701176540850472 1.3514491827987747
decision_type=2 8 10 2 8 2 2 10 8 10 8 10 10 2
left_child=1 -1 -3 8 5 6 -5 -8 12 -10 -11 -6 -4 -14
right_child=-2 2 3 4 11 -7 7 -9 9 10 -12 -13 13 -15
leaf_value=-0.001637574722588868 0.00031838481982018885 -0.00051685392844961944 -0.0044652734503005586 -0.0093815765271966275 -0.0061247907336355141 0.018056334210597737 0.016636235688547822 0.0039317724253223885 0.011404663136411725 0.0012499386134401762 -0.0056671093677404831 0.0016099126512739528 0.0063856415968957395 -0.001718110645890754
leaf_weight=20615 174986 82205 3968 203 663 485 297 1557 372 6313 973 14086 774 2929
leaf_count=20615 174986 82205 3968 203 663 485 297 1557 372 6313 973 14086 774 2929
internal_value=1.59779e-05 -0.000374724 -0.000147937 0.000781698 0.00211932 0.0070914 0.00446858 0.00600622 -0.000727326 0.000868359 0.000322957 0.00126026 -0.00231983 -1.79401e-05
internal_weight=310426 135440 114825 32620 17291 2542 2057 1854 15329 7658 7286 14749 7671 3703
internal_count=310426 135440 114825 32620 17291 2542 2057 1854 15329 7658 7286 14749 7671 3703
is_linear=0
shrinkage=0.03


Tree=102
num_leaves=15
num_cat=0
split_feature=13 13 13 10 13 5 9 13 3 8 13 6 12 3
split_gain=43.9162 51.5229 91.9094 71.6112 113.825 47.0084 43.4901 57.5861 73.7548 69.533 57.2738 53.8119 85.3756 71.0705
threshold=40.500000000000007 35.500000000000007 31.500000000000004 2.7848363326562122 36.500000000000007 1.0159026162335112 0.86560388720653891 9.5000000000000018 0.69230769230770461 0.056623319750802578 16.500000000000004 0.12994403872997998 0.028584261264452408 0.83333333333334914
decision_type=2 2 2 2 2 2 8 2 10 2 2 8 10 8
left_child=1 2 6 4 -3 -4 7 11 10 -10 -9 13 -13 -1
right_child=-2 3 5 -5 -6 -7 -8 8 9 -11 -12 12 -14 -15
leaf_value=-0.00034042644547271764 -0.0064587230918572306 0.023852517854654469 0.0069490812919460812 -0.0080578165279544933 0.002624029033359582 -0.0081989399873799006 0.00037327595578065509 -0.00013460724136929946 0.00078782637372977189 0.0053479604170163864 -0.0055039697301902876 0.0016940525964674422 -0.0016786563512398876 -0.0022757378470563668
leaf_weight=39115 935 332 203 257 703 1694 169019 5286 28014 3367 2697 17158 11134 30310
leaf_count=39115 935 332 203 257 703 1694 169019 5286 28014 3367 2697 17158 11134 30310
internal_value=1.5844e-05 3.55211e-05 1.03944e-05 0.00600228 0.00951549 -0.00656393 5.12441e-05 -0.000345816 0.000622914 0.00127788 -0.00195092 -0.000736068 0.000366699 -0.00118546
internal_weight=310224 309289 307997 1292 1035 1897 306100 137081 39364 31381 7983 97717 28292 69425
internal_count=310224 309289 307997 1292 1035 1897 306100 137081 39364 31381 7983 97717 28292 69425
is_linear=0
shrinkage=0.03


Tree=103
num_leaves=15
num_cat=0
split_feature=5 9 13 6 6 9 13 4 13 0 0 13 13 1
split_gain=34.9376 61.9201 51.3999 171.965 104.576 91.2125 104.536 88.9026 51.1063 50.7136 50.8598 49.6612 94.1704 46.51
threshold=1.0159026162335112 0.78871912765111818 18.500000000000004 0.26264971225068651 0.24258666438589085 1.029186963129578 19.500000000000004 2.0343179777008746 25.500000000000004 0.57708213107151496 0.584858886089069 34.500000000000007 39.500000000000007 1.9027532119441743
decision_type=2 10 2 10 8 10 2 2 2 10 10 2 2 2
left_child=1 -1 -2 4 7 6 -5 9 -7 -4 -11 -12 -13 -6
right_child=2 -3 3 5 13 8 -8 -9 -10 10 11 12 -14 -15
leaf_value=-0.0029132231256703621 0.0001822759887680929 -0.00010164805553061065 -0.0028626580410725183 -0.0088437297346733376 -0.00562430920238631 0.005433954999676251 0.012635511703743833 0.014418779155787299 -0.010680173416837684 0.0066820413264481026 -0.0015698625283721312 0.021967548106579068 -0.0052159682048105562 -0.019247585224433685
leaf_weight=10263 252112 22494 14669 231 492 338 1554 301 362 951 5455 230 221 421
leaf_count=10263 252112 22494 14669 231 492 338 1554 301 362 951 5455 230 221 421
internal_value=-5.63637e-05 -0.000982845 5.30812e-05 -0.00123794 -0.00205712 0.00624734 0.00983891 -0.00163954 -0.002916 -0.00186738 0.000262336 -0.00077616 0.00873589 -0.0119769
internal_weight=310094 32757 277337 25225 22740 2485 1785 21827 700 21526 6857 5906 451 913
internal_count=310094 32757 277337 25225 22740 2485 1785 21827 700 21526 6857 5906 451 913
is_linear=0
shrinkage=0.03


Tree=104
num_leaves=15
num_cat=0
split_feature=14 6 6 12 6 6 9 1 9 1 10 6 7 12
split_gain=36.5715 182.105 113.886 119.945 82.5024 88.3892 89.2613 78.7193 62.5986 103.441 75.7127 69.6501 72.3327 56.9958
threshold=1.0000000180025095e-35 -0.43411257425760424 0.3669218966031717 0.17285629702861302 -0.47474871305554983 0.35631855936309925 0.57970413777946728 0.82125201730823094 1.2710120437985524 3.1519648401110696 1.4408147049274755 0.085625206792418043 0.74906060445797695 0.007571078305209201
decision_type=2 8 8 10 8 8 8 2 10 2 2 10 10 8
left_child=1 -1 3 -3 -2 8 -7 13 -6 10 -10 12 -12 -4
right_child=4 2 7 -5 5 6 -8 -9 9 -11 11 -13 -14 -15
leaf_value=0.0061040890214821807 -0.0054089855711674734 -0.00087866485270497599 0.00051515540857195513 0.011430859794910457 0.00055493815485570502 0.015322125823267042 -0.0017747120985528754 0.0027969037056571932 -0.0034034418946280263 -0.0081862424483353444 0.0070272816178989211 -0.00049179442097685932 0.018556572698218667 -0.0055101271982522385
leaf_weight=3826 2243 143779 5694 711 114549 274 18591 14443 636 523 1731 687 685 1874
leaf_count=3826 2243 143779 5694 711 114549 274 18591 14443 636 523 1731 687 685 1874
internal_value=-6.74752e-05 -0.000362684 -0.000511462 -0.000817699 0.00029189 0.000384961 -0.0015224 0.00149855 0.000687866 0.00425571 0.00600467 0.00793535 0.0103277 -0.000979487
internal_weight=310246 170327 166501 144490 139919 137676 18865 22011 118811 4262 3739 3103 2416 7568
internal_count=310246 170327 166501 144490 139919 137676 18865 22011 118811 4262 3739 3103 2416 7568
is_linear=0
shrinkage=0.03


Tree=105
num_leaves=15
num_cat=0
split_feature=0 9 3 6 12 11 3 8 8 6 11 6 12 10
split_gain=43.3956 52.4683 83.744 45.841 54.3884 42.0911 41.6373 42.9853 40.7347 77.3829 53.6303 86.9208 71.4469 51.987
threshold=0.50155271727307571 0.91579223856191949 0.84283986574874892 0.25570068452913092 0.18034984815266988 -0.27726753412390232 0.84482758620689136 0.0081974520736016361 -0.0038868370615205363 0.66699403419038716 -0.64433290630433204 1.4533886497204411 0.0050144446118890471 1.9094953959124721
decision_type=10 8 8 10 10 2 10 2 2 8 2 8 10 2
left_child=1 2 -1 4 5 -3 -5 -8 13 -10 11 -11 -13 -2
right_child=8 3 -4 6 -6 -7 7 -9 9 10 -12 12 -14 -15
leaf_value=-0.00031495762672270969 -0.00078385733035963873 -0.0011535692782997519 -0.0031999061997477793 -0.0049393011826648469 0.010417568535783669 0.0013880459064544656 -0.0022155457293867305 0.0083819269531899519 0.00032589612394498351 0.0061447238790565987 0.0043531460382872523 0.00093594105074654762 -0.013104724262801693 0.00054363724123609374
leaf_weight=23616 66159 8927 14684 2659 504 17071 1057 505 120826 904 7374 665 634 44341
leaf_count=23616 66159 8927 14684 2659 504 17071 1057 505 120826 904 7374 665 634 44341
internal_value=-1.74051e-05 -0.000680569 -0.0014213 0.000242929 0.000705517 0.000515271 -0.00265888 0.00122647 0.000172613 0.000531708 0.00312676 -0.000978843 -0.00594083 -0.000251165
internal_weight=309926 69023 38300 30723 26502 25998 4221 1562 240903 130403 9577 2203 1299 110500
internal_count=309926 69023 38300 30723 26502 25998 4221 1562 240903 130403 9577 2203 1299 110500
is_linear=0
shrinkage=0.03


Tree=106
num_leaves=15
num_cat=0
split_feature=13 0 10 8 12 8 4 6 10 6 6 3 4 12
split_gain=40.797 43.5911 49.2348 43.3807 44.2901 51.2515 45.7541 65.957 66.6705 51.7734 50.7779 51.8309 51.404 44.9495
threshold=3.5000000000000004 0.68235447997331289 0.84463545114690142 -0.025283817790406383 -0.13726814422544939 0.058909486726184151 0.29596805093324602 0.12220835788430896 2.2911040026550729 0.29251879179221857 -0.0022647047669154814 0.46027955249281099 0.245310547481667 0.036904107566973217
decision_type=2 10 2 2 8 2 2 10 2 10 8 8 2 10
left_child=3 -2 -3 -1 5 -5 7 8 10 -9 11 -6 -13 -10
right_child=1 2 -4 4 6 -7 -8 9 13 -11 -12 12 -14 -15
leaf_value=-0.001199370909015469 0.00046702014310167695 0.011949998640680108 -0.0020573814838041856 0.0032350056516416755 0.0032289534039178216 -0.0071203640139391343 -0.0011347906706536241 -0.0034957800293176013 0.0019258101209060738 0.00038151651073665277 0.0025158298291428267 -0.0014772533611319637 0.0032375274768019092 0.0069681438135423641
leaf_weight=36687 181102 227 8605 5785 3182 460 27713 6042 4731 6357 7621 16984 2367 2397
leaf_count=36687 181102 227 8605 5785 3182 460 27713 6042 4731 6357 7621 16984 2367 2397
internal_value=9.28314e-05 0.000366639 -0.00169081 -0.000339369 3.79069e-05 0.00246715 -0.000158258 0.000386529 0.00101689 -0.00150853 0.000399839 -0.00031622 -0.000899858 0.00362514
internal_weight=310260 189934 8832 120326 83639 6245 77394 49681 37282 12399 30154 22533 19351 7128
internal_count=310260 189934 8832 120326 83639 6245 77394 49681 37282 12399 30154 22533 19351 7128
is_linear=0
shrinkage=0.03


Tree=107
num_leaves=15
num_cat=0
split_feature=11 13 13 13 9 12 10 11 1 9 1 9 12 12
split_gain=50.7843 71.4271 69.625 83.3295 52.1787 49.7837 64.1177 102.941 60.5475 44.4923 43.6466 53.6054 63.3357 52.3745
threshold=0.74709979239330038 31.500000000000004 28.500000000000004 25.500000000000004 0.63400739528395234 0.15311870495489352 2.1655677007027188 1.6359760909690719 2.5438793424359463 0.82605403314250248 5.5534624209454799 1.0770222333337551 0.11703188517225117 0.021174082270004783
decision_type=2 2 2 2 10 10 2 2 2 10 2 10 8 10
left_child=10 2 3 4 -2 -6 8 9 -7 -8 -1 12 -12 -13
right_child=1 -3 -4 -5 5 6 7 -9 -10 -11 11 13 -14 -15
leaf_value=-0.00030029254823089961 0.0050467974125228314 -0.011379231836018938 0.013096120457296342 -0.0093707122291181097 0.00074818440320247601 -0.0071143733695170647 -0.0011338569269809004 -0.0041634647357313113 0.0062711908221244807 0.015026277857928353 0.003344695714943426 0.0034289233700471856 0.018274117723054307 -0.010815836168437917
leaf_weight=218569 2410 440 399 741 79206 2364 214 1043 345 530 2902 472 276 449
leaf_count=218569 2410 440 399 741 79206 2364 214 1043 345 530 2902 472 276 449
internal_value=-1.91873e-06 0.000609569 0.000670675 0.000612843 0.000699291 0.000573821 -0.00249536 0.00191263 -0.00540127 0.0104015 -0.000242746 0.00282243 0.00466794 -0.00353649
internal_weight=310360 87692 87252 86853 86112 83702 4496 1787 2709 744 222668 4099 3178 921
internal_count=310360 87692 87252 86853 86112 83702 4496 1787 2709 744 222668 4099 3178 921
is_linear=0
shrinkage=0.03


Tree=108
num_leaves=15
num_cat=0
split_feature=3 6 13 9 13 4 7 1 9 7 14 6 6 13
split_gain=42.3748 61.8301 107.722 58.4086 56.1462 66.0693 56.5353 55.0109 50.2545 72.4833 49.6129 87.2514 79.895 69.6924
threshold=0.86547085201793161 -0.29931811710147721 20.500000000000004 0.61229952899431062 5.5000000000000009 0.73816956344321383 0.60566851049650705 1.2449004010241029 0.91393837681092338 1.1477971206699109 1.0000000180025095e-35 0.10304956663349464 -0.20635679726348546 16.500000000000004
decision_type=8 10 2 10 2 2 10 2 10 10 2 10 10 2
left_child=1 2 3 7 5 -5 -7 -1 9 -6 -3 12 13 -12
right_child=-2 10 -4 4 8 6 -8 -9 -10 -11 11 -13 -14 -15
leaf_value=0.019862054526898144 -0.00041910680823307078 -0.00037146570390723856 -0.0059930535351920078 0.00010396782669971102 0.0034318329126381995 0.0008188633877933948 0.018467232704339465 0.00032407768876165956 0.0062395648761415495 -0.0055902883823746169 -0.00017670594946655167 -0.00092066769778434464 0.001894816357586033 -0.0079612790862851925
leaf_weight=318 120942 91690 1514 11257 4591 318 332 217 4099 966 8479 21832 42652 1174
leaf_count=318 120942 91690 1514 11257 4591 318 332 217 4099 966 8479 21832 42652 1174
internal_value=1.95894e-05 0.000299666 0.0017358 0.00226657 0.002022 0.000642951 0.00990527 0.0120137 0.00372132 0.00185986 9.51294e-05 0.000672184 0.00133706 -0.0011271
internal_weight=310381 189439 23612 22098 21563 11907 650 535 9656 5557 165827 74137 52305 9653
internal_count=310381 189439 23612 22098 21563 11907 650 535 9656 5557 165827 74137 52305 9653
is_linear=0
shrinkage=0.03


Tree=109
num_leaves=15
num_cat=0
split_feature=5 2 4 3 3 2 6 4 1 9 0 7 0 0
split_gain=44.0821 41.0849 42.0355 39.8741 70.6215 71.9361 54.1391 48.5162 62.7289 51.0469 44.8802 50.9748 41.2405 53.2864
threshold=3.0382911926822511 1.0000000180025095e-35 0.028275089044281592 0.92463039836865368 0.95432184959593791 0.69999999999996232 0.088784877463156123 0.64785071276024286 1.989450701324621 0.86871728541121707 0.53139249674911593 -0.4185615295500526 0.62912422238656529 0.6130627627552071
decision_type=2 10 2 10 10 10 10 2 2 10 10 10 10 10
left_child=1 2 -1 12 -5 -6 7 8 10 -10 11 -7 13 -3
right_child=-2 3 -4 4 5 6 -8 -9 9 -11 -12 -13 -14 -15
leaf_value=-0.010937733588077253 0.00061969171823267322 5.748653398842694e-05 -0.0019626091229897665 -0.0024366047722015451 -0.0020680936212446859 -0.011325343137312118 0.0029732218819880796 -0.0026071303964273086 0.00097998555889991035 0.015240797181672686 0.0013365559545597536 -0.0011197028292860632 -0.0011742458536271542 0.0025089003978106426
leaf_weight=585 68464 151235 2319 18162 12182 513 7028 5106 433 469 9588 2953 22905 8420
leaf_count=585 68464 151235 2319 18162 12182 513 7028 5106 433 469 9588 2953 22905 8420
internal_value=-5.23335e-05 -0.000242545 -0.00378631 -0.000199406 -0.000896325 -0.000165162 0.000723586 -0.000106398 0.000809136 0.00843812 0.000278963 -0.00264437 1.60479e-05 0.000186845
internal_weight=310362 241898 2904 238994 56434 38272 26090 19062 13956 902 13054 3466 182560 159655
internal_count=310362 241898 2904 238994 56434 38272 26090 19062 13956 902 13054 3466 182560 159655
is_linear=0
shrinkage=0.03


Tree=110
num_leaves=15
num_cat=0
split_feature=13 5 13 10 13 0 1 4 13 12 13 10 3 3
split_gain=38.6979 64.2211 69.4059 84.8631 95.155 75.2955 56.8221 39.7897 39.0216 104.119 98.6212 88.1515 62.3566 57.837
threshold=31.500000000000004 0.92656551142114696 34.500000000000007 3.2112393131478485 36.500000000000007 0.55822446566327633 3.6715489098298328 0.21441926079952686 27.500000000000004 -0.055147559250058313 26.500000000000004 2.5356635478718412 0.66666666666666352 0.60000000000000064
decision_type=2 2 2 2 2 10 2 2 2 10 2 2 10 10
left_child=8 -2 -3 4 5 -4 7 -6 10 -10 -1 13 -12 -11
right_child=1 2 3 -5 6 -7 -8 -9 9 11 12 -13 -14 -15
leaf_value=7.1476588446308612e-05 0.0093337049697364508 -0.0089683592246216255 0.0028665753415791514 -0.014693580616321138 0.0053425437366140301 0.025582000970164626 0.0077735742416611331 -0.0086589779217721118 -0.0071024748581234648 -0.0096703366935253134 0.0071621496160514646 0.019043031197060575 -0.010732682624420562 0.0051755894279223247
leaf_weight=300819 353 1505 317 330 227 221 369 873 709 259 203 381 1150 2263
leaf_count=300819 353 1505 317 330 227 221 369 873 709 259 203 381 1150 2263
internal_value=3.28589e-05 -0.00282722 -0.00395524 -0.000714593 0.0016147 0.0123473 -0.0023445 -0.00575847 7.21415e-05 0.00316967 3.50634e-05 0.00568634 -0.00803131 0.00363485
internal_weight=309979 4195 3842 2337 2007 538 1469 1100 305784 3612 302172 2903 1353 2522
internal_count=309979 4195 3842 2337 2007 538 1469 1100 305784 3612 302172 2903 1353 2522
is_linear=0
shrinkage=0.03


Tree=111
num_leaves=15
num_cat=0
split_feature=13 1 12 13 13 6 12 13 6 12 6 1 0 4
split_gain=51.9465 36.5953 46.1264 40.6845 63.8675 90.8801 91.6626 97.0366 90.1062 85.7443 79.266 78.11 77.2454 60.4575
threshold=-9.4999999999999982 0.50061270411935133 0.1061180281274914 3.5000000000000004 18.500000000000004 -0.32964371364640621 0.14767097409053545 4.5000000000000009 0.26264971225068651 -0.11436528018523461 0.24258666438589085 3.9679650859735607 0.57557821288268307 2.0343179777008746
decision_type=2 2 8 2 2 10 10 2 10 10 8 2 10 2
left_child=-1 2 -2 -3 5 6 7 -5 10 -10 13 -9 -11 -6
right_child=1 3 -4 4 8 -7 -8 11 9 12 -12 -13 -14 -15
leaf_value=-0.007312228758029872 -0.00057057929577531905 -0.00032381774593601603 -0.0046139180609045113 -0.003384109593072638 -0.0013215131641550538 0.00042449254041958018 -0.0038980483762840789 0.0050213182973076146 -0.0075379657382508378 0.0029693300218941281 -0.0099485787437487167 -0.010085018958649612 0.01498381819827951 0.011591736047649672
leaf_weight=862 28598 102515 2782 1537 23186 133262 1596 11534 457 1580 952 312 690 326
leaf_count=862 28598 102515 2782 1537 23186 133262 1596 11534 457 1580 952 312 690 326
internal_value=2.0779e-05 4.13317e-05 -0.00092972 0.000150977 0.000428429 0.000673582 0.00288875 0.00369926 -0.000907984 0.00425974 -0.00148478 0.00461936 0.00664622 -0.00114004
internal_weight=310189 309327 31380 277947 175432 148241 14979 13383 27191 2727 24464 11846 2270 23512
internal_count=310189 309327 31380 277947 175432 148241 14979 13383 27191 2727 24464 11846 2270 23512
is_linear=0
shrinkage=0.03


Tree=112
num_leaves=15
num_cat=0
split_feature=12 6 6 8 5 6 2 12 11 0 0 11 6 5
split_gain=35.9365 95.0669 74.0586 61.3573 57.3282 63.017 76.4425 79.3344 64.797 53.1577 78.891 78.1578 68.2277 65.3232
threshold=-0.065803631181113417 -0.092142542079845333 -0.53158120235152351 -0.013813198521207078 0.80674178282062381 -0.034856270210058486 0.68674698795181055 -0.21796926889577825 1.0345554643090196 0.57629427198249539 0.62912422238656529 -2.7729037450840779 -0.31347818370685354 0.54172271721923071
decision_type=10 8 10 2 2 10 10 10 2 10 10 2 8 2
left_child=1 2 3 -1 -3 6 7 -6 -8 -2 11 -11 -13 -12
right_child=9 4 -4 -5 5 -7 8 -9 -10 10 13 12 -14 -15
leaf_value=-0.0029865660601721025 -0.00047367880045393821 0.0062120051603978838 -0.0012337982533270793 0.013652751979928823 0.00049431303132339355 0.00057625047494991115 -0.0018814045375042218 0.0086432546436594464 0.0087652076664270374 0.018414277951864493 -0.0088317338418289742 0.0052655483418913296 0.00082529855182067338 -0.00043153848832241476
leaf_weight=308 162802 2287 21110 553 1597 25693 2743 3290 628 231 848 3323 48619 35878
leaf_count=308 162802 2287 21110 553 1597 25693 2743 3290 628 231 848 3323 48619 35878
internal_value=3.84016e-06 0.000675574 -0.000881335 0.0077176 0.00161952 0.00130929 0.00358825 0.00598353 0.000112049 -0.000151517 0.000438456 0.00118822 0.00110984 -0.000626674
internal_weight=309910 58209 21971 861 36238 33951 8258 4887 3371 251701 88899 52173 51942 36726
internal_count=309910 58209 21971 861 36238 33951 8258 4887 3371 251701 88899 52173 51942 36726
is_linear=0
shrinkage=0.03


Tree=113
num_leaves=15
num_cat=0
split_feature=12 6 6 6 9 12 1 0 13 13 14 3 10 3
split_gain=42.4498 146.856 131.121 110.963 84.7406 80.8224 72.644 79.2269 89.5327 71.6628 104.755 70.043 67.5802 67.2366
threshold=0.002653615661856457 -0.50106103143635439 -0.048929791598498633 0.017030509663781838 1.1433107720768436 -0.0032171637955280548 1.989450701324621 0.58017396931147736 26.500000000000004 16.500000000000004 1.0000000180025095e-35 0.8837209302325707 2.3109997407263774 0.72632484826524846
decision_type=8 10 8 10 10 10 2 10 2 2 2 10 2 10
left_child=1 5 4 -3 6 11 13 8 -8 10 12 -1 -6 -2
right_child=2 3 -4 -5 9 -7 7 -9 -10 -11 -12 -13 -14 -15
leaf_value=0.0075502259436099027 0.0020669159417433542 -0.0011449742839079106 -0.00043228376487396462 0.0005220489105319298 -0.0029229570827926754 -0.011506623717392013 0.0023952242038336657 0.0060968059226335653 -0.0073907467094225894 -0.0027787628454547949 0.0088846439864029465 0.00027984441762413754 0.006920927752428755 -0.00023044677735705143
leaf_weight=3688 16749 91310 81777 59253 1567 269 6570 4731 960 1072 3647 1762 1040 36319
leaf_count=3688 16749 91310 81777 59253 1567 269 6570 4731 960 1072 3647 1762 1040 36319
internal_value=3.89249e-05 -0.000309643 0.000391667 -0.000488934 0.00131903 0.00440682 0.000975746 0.0030565 0.00114353 0.0043775 0.0056054 0.0052021 0.00100976 0.000494759
internal_weight=310714 156282 154432 150563 72655 5719 65329 12261 7530 7326 6254 5450 2607 53068
internal_count=310714 156282 154432 150563 72655 5719 65329 12261 7530 7326 6254 5450 2607 53068
is_linear=0
shrinkage=0.03


Tree=114
num_leaves=15
num_cat=0
split_feature=4 2 3 1 0 5 2 0 1 9 4 3 9 11
split_gain=35.1904 52.5714 79.8582 66.1442 48.6384 51.1796 48.3881 53.7085 47.9664 44.0689 41.9714 59.5757 41.2736 42.3717
threshold=0.41995443746430644 0.56994818652849 0.84283986574874892 0.6531869796676143 0.55688928141934257 3.5127879786730198 0.57142857142859182 0.62912422238656529 2.6410862652858564 1.5658656874080783 0.68100902588850776 0.6754966887417243 0.8442253751222778 -1.6748933909664971
decision_type=2 10 8 2 10 2 10 10 2 8 2 10 10 2
left_child=1 2 -1 12 -2 -6 10 -8 -9 -5 11 -7 -3 -14
right_child=4 3 -4 9 5 6 7 8 -10 -11 -12 -13 13 -15
leaf_value=0.00018125943064418686 -0.0011664129705932697 -0.002296757466588193 -0.0018291628267488493 0.0010957465379808646 -0.00014677619352372094 -0.0034459109435330576 -0.000443567468482305 0.0035496127772686212 0.017168659236041769 0.0096270902805498538 0.019189947268366814 0.015928034204319118 -0.0065795736567905317 0.00057829418961915862
leaf_weight=84564 46982 8613 22512 75182 49333 330 3062 950 305 544 270 245 775 16262
leaf_count=84564 46982 8613 22512 75182 49333 330 3062 950 305 544 270 245 775 16262
internal_value=-9.5781e-07 0.000222081 -0.000241484 0.000711699 -0.000459109 0.000150733 0.00299141 0.001701 0.00691442 0.00115767 0.00953513 0.00487522 -0.000604888 0.000250853
internal_weight=309929 208452 107076 101376 101477 54495 5162 4317 1255 75726 845 575 25650 17037
internal_count=309929 208452 107076 101376 101477 54495 5162 4317 1255 75726 845 575 25650 17037
is_linear=0
shrinkage=0.03


Tree=115
num_leaves=15
num_cat=0
split_feature=8 1 12 0 6 10 1 9 6 1 6 12 14 12
split_gain=38.1533 38.7408 37.5078 34.5199 51.678 71.0636 58.1269 58.0031 90.3067 60.8193 46.3489 50.9846 48.0658 40.0172
threshold=-0.088838338726744778 0.50061270411935133 0.099066822329505547 0.50155271727307571 0.35631855936309925 2.8293764465471654 0.50646020355711552 0.91579223856191949 0.12994403872997998 3.1519648401110696 -0.50106103143635439 -0.14191189108014687 1.0000000180025095e-35 0.18034984815266988
decision_type=2 2 8 10 8 2 2 10 10 2 10 10 2 10
left_child=-1 2 -2 4 6 -6 -3 8 10 13 12 -12 -8 -9
right_child=1 3 -4 -5 5 -7 7 9 -10 -11 11 -13 -14 -15
leaf_value=-0.0017054556145231971 -0.00056590364873776141 0.01448017744142182 -0.0040621227846431504 0.00038730477561455852 -0.0020036051676869497 -0.013876570973510818 0.016498464677200848 0.0011938820572913453 0.0029008354265490197 -0.0056576908763823954 -0.0086534811094357983 -0.0016845141057252795 -0.00277335388941521 0.010530833402798638
leaf_weight=10964 27285 240 3068 211741 6885 481 246 19887 4362 1161 982 22321 215 417
leaf_count=10964 27285 240 3068 211741 6885 481 246 19887 4362 1161 982 22321 215 417
internal_value=3.22981e-05 9.5985e-05 -0.000919903 0.000210656 -0.000443269 -0.0027878 -9.6457e-05 -0.000168455 -0.00106468 0.00100586 -0.00179303 -0.00197998 0.0075772 0.00138819
internal_weight=310255 299291 30353 268938 57197 7366 49831 49591 28126 21465 23764 23303 461 20304
internal_count=310255 299291 30353 268938 57197 7366 49831 49591 28126 21465 23764 23303 461 20304
is_linear=0
shrinkage=0.03


Tree=116
num_leaves=15
num_cat=0
split_feature=13 11 1 4 11 10 13 10 3 6 13 12 11 11
split_gain=43.8369 46.7028 40.1526 62.0573 50.3471 86.3541 63.7538 49.336 46.6285 68.0266 94.1676 87.8085 77.9475 46.3362
threshold=3.5000000000000004 0.076812921106199597 0.57333365801628855 0.23974136790960907 0.76065110732789976 1.1543567857758494 25.500000000000004 1.486670601034503 0.90206950350271364 -0.32964371364640621 21.500000000000004 0.15890038722066877 -0.24285637736335733 0.58992675702024588
decision_type=2 2 2 2 2 2 2 2 10 10 2 10 2 2
left_child=1 -1 -2 4 7 -6 -7 -4 9 10 11 13 -12 -5
right_child=2 -3 3 8 5 6 -8 -9 -10 -11 12 -13 -14 -15
leaf_value=-0.0010752385900024053 -0.00092089088270945279 0.00010731242512900489 -0.00077143670188765077 0.0036517291798478175 0.011437515333101372 0.0024047561953566702 -0.011421278069335785 0.0013383564398495682 -0.00091398766126149803 0.00011552418328773734 0.0047313592319305122 -0.0064909469462236602 -0.012737623923069418 0.0093319071709240791
leaf_weight=57855 22439 62549 14287 3639 948 13705 302 33028 34704 63395 385 585 558 2010
leaf_count=57855 22439 62549 14287 3639 948 13705 302 33028 34704 63395 385 585 558 2010
internal_value=-1.30993e-05 -0.000460933 0.000270722 0.000430335 0.00118101 0.00269805 0.00210269 0.00070128 -1.37193e-05 0.000429024 0.00319618 0.00453294 -0.0056182 0.00567929
internal_weight=310389 120404 189985 167546 62270 14955 14007 47315 105276 70572 7177 6234 943 5649
internal_count=310389 120404 189985 167546 62270 14955 14007 47315 105276 70572 7177 6234 943 5649
is_linear=0
shrinkage=0.03


Tree=117
num_leaves=15
num_cat=0
split_feature=13 9 13 13 14 13 13 6 12 11 8 12 7 13
split_gain=36.2837 32.5813 54.9854 68.2115 128.922 62.709 58.1992 89.2215 92.6194 84.1117 71.4402 53.4876 50.0176 49.2572
threshold=-9.4999999999999982 0.86560388720653891 39.500000000000007 35.500000000000007 1.0000000180025095e-35 33.500000000000007 9.5000000000000018 0.12994403872997998 0.041285925703308975 2.6648083000762934 0.056623319750802578 0.011783400867993512 0.53018805152694426 18.500000000000004
decision_type=2 8 2 2 2 2 2 8 10 2 2 10 8 2
left_child=-1 2 3 5 -5 6 7 11 -9 10 -8 -2 -13 -3
right_child=1 13 -4 4 -6 -7 9 8 -10 -11 -12 12 -14 -15
leaf_value=-0.0060333888562913683 -0.0019763386563838993 0.00047517142899773456 -0.012216513675862344 -0.0047040587352980548 0.02423715177532676 -0.01427866752994179 0.00011718453373891784 0.0020009328053398495 -0.0016448087943074336 0.018724183522455105 0.0041490824268820836 -0.0016211103540754378 0.00086515101450666289 -0.0012804295203869601
leaf_weight=884 39960 155360 343 266 281 284 35319 18258 9547 226 4449 13580 15692 15846
leaf_count=884 39960 155360 343 266 281 284 35319 18258 9547 226 4449 13580 15692 15846
internal_value=1.86724e-05 3.60606e-05 -0.000306571 -0.000276497 0.0102482 -0.000318795 -0.000289342 -0.00068625 0.000749077 0.000673635 0.000568713 -0.00126272 -0.000288367 0.000312649
internal_weight=310295 309411 138205 137862 547 137315 137031 97037 27805 39994 39768 69232 29272 171206
internal_count=310295 309411 138205 137862 547 137315 137031 97037 27805 39994 39768 69232 29272 171206
is_linear=0
shrinkage=0.03


Tree=118
num_leaves=15
num_cat=0
split_feature=4 2 3 0 4 13 8 1 11 13 9 3 9 11
split_gain=39.0123 65.79 98.5522 62.1518 56.0189 77.434 61.9445 52.6689 47.5707 46.9962 44.5053 41.5631 69.1917 39.5352
threshold=0.45800902169643626 0.57534246575338666 0.85714285714285687 0.55688928141934257 2.0343179777008746 21.500000000000004 0.021824627409981635 0.65814078489164773 -1.5991079053455264 25.500000000000004 1.5658656874080783 0.5681818181818159 0.94012211513575605 2.2186862833420702
decision_type=2 10 8 10 2 2 2 2 2 2 8 10 10 2
left_child=1 2 9 -2 13 6 -6 8 -3 -1 -9 -11 -13 -5
right_child=3 7 -4 4 5 -7 -8 10 -10 11 -12 12 -14 -15
leaf_value=0.0001866612367307753 -0.0014086993948348994 -0.0056359028630209316 -0.0021045636669089845 -0.00013842054463061523 0.009727182150367766 0.023402291917138628 -0.010475894827395677 0.0010553747990516122 -0.00011421946665599205 -0.015027991697649682 0.0094472768721877744 -0.013170465433689871 0.0098464293443426797 0.004161301956976303
leaf_weight=90731 41315 1481 22215 46346 367 211 211 78610 25524 337 568 221 240 2003
leaf_count=90731 41315 1481 22215 46346 367 211 211 78610 25524 337 568 221 240 2003
internal_value=-2.67294e-05 0.00018897 -0.000312356 -0.000551161 0.000169924 0.00807382 0.00232542 0.000725983 -0.000418025 0.000122721 0.00111617 -0.00710302 -0.00121062 4.012e-05
internal_weight=310380 219927 113744 90453 49138 789 578 106183 27005 91529 79178 798 461 48349
internal_count=310380 219927 113744 90453 49138 789 578 106183 27005 91529 79178 798 461 48349
is_linear=0
shrinkage=0.03


Tree=119
num_leaves=15
num_cat=0
split_feature=9 0 3 6 6 6 5 7 6 12 6 7 1 12
split_gain=42.6706 48.1544 95.1421 62.252 49.9693 47.5718 60.5808 50.0742 64.8039 48.7121 91.0606 72.1855 77.9785 123.468
threshold=0.91579223856191949 0.49144606201613322 0.8461538461538477 -0.50106103143635439 0.27668013060743318 0.12220835788430896 2.2397273607387072 0.61814353212463569 0.15878703131676178 0.051511010353239968 -0.063037837003381655 1.7279888970412947 1.4899314960057739 0.092967045813771257
decision_type=8 10 8 8 8 8 2 10 8 10 10 10 2 10
left_child=1 2 3 -1 -3 9 7 8 -7 -2 11 -11 -13 -14
right_child=5 4 -4 -5 -6 6 -8 -9 -10 10 -12 12 13 -15
leaf_value=0.014263518139719962 0.0004368802275141346 -0.00029241808710521276 -0.0034597179452311843 -0.00024343289881870246 0.0011846787749845956 -0.0040933784205805165 -0.0015060008305115393 -0.0012185281035273308 0.003005097082246961 0.0029552295526177859 -0.00057436656549637399 0.0026735460350922704 0.0052023430557641311 0.037503560677384647
leaf_weight=265 74914 119423 11804 19019 24907 1315 21547 6389 9426 12996 7624 413 221 204
leaf_count=265 74914 119423 11804 19019 24907 1315 21547 6389 9426 12996 7624 413 221 204
internal_value=4.04047e-05 -0.000268186 -0.00133907 -4.04333e-05 -3.74836e-05 0.000441234 -0.000447515 0.000883953 0.00213454 0.000797921 0.00205799 0.00350838 0.0120184 0.0209627
internal_weight=310467 175418 31088 19284 144330 135049 38677 17130 10741 96372 21458 13834 838 425
internal_count=310467 175418 31088 19284 144330 135049 38677 17130 10741 96372 21458 13834 838 425
is_linear=0
shrinkage=0.03


Tree=120
num_leaves=15
num_cat=0
split_feature=5 3 9 8 4 4 8 6 6 9 11 12 5 5
split_gain=40.2389 57.4444 46.0008 34.6252 40.0046 32.1555 56.2474 67.6057 75.9484 59.7342 55.724 50.865 48.839 48.5515
threshold=0.66179351899103367 0.32898981324278315 1.2993348216857692 0.020829211600139782 0.030054947469598397 0.31439129157136142 -0.025842113189316267 0.30066146557027013 0.18208492842355409 0.70388224028229485 2.7941321907655676 -0.12086699480010281 2.961535850019589 3.5464772971920859
decision_type=2 10 10 2 2 2 2 8 10 10 2 8 2 2
left_child=1 -1 3 4 -3 6 7 8 9 -2 -8 -9 -10 -14
right_child=5 2 -4 -5 -6 -7 10 11 12 -11 -12 -13 13 -15
leaf_value=0.0087335749867186764 -0.0040631943958940563 -0.0092927801228584132 0.0071120276474035699 -0.0054778243442085922 -0.0010282753623034847 -0.00029884923867218039 0.00073612892209232129 0.0041474469899793883 0.0020451522921133974 -5.4413174671339962e-05 -0.0073662991384201735 -0.0039815897593134678 0.014839616378957634 0.00024322287302308524
leaf_weight=452 3710 559 463 2662 8101 132058 116728 768 2680 33622 764 6739 618 306
leaf_count=452 3710 559 463 2662 8101 132058 116728 768 2680 33622 764 6739 618 306
internal_value=-1.87777e-05 -0.00170446 -0.00210833 -0.00248836 -0.0015668 5.04718e-05 0.000328477 -0.000531672 -5.16002e-05 -0.000453291 0.000683131 -0.00314775 0.00410417 0.0100331
internal_weight=310230 12237 11785 11322 8660 297993 165935 48443 40936 37332 117492 7507 3604 924
internal_count=310230 12237 11785 11322 8660 297993 165935 48443 40936 37332 117492 7507 3604 924
is_linear=0
shrinkage=0.03


Tree=121
num_leaves=15
num_cat=0
split_feature=9 6 13 12 10 5 9 13 11 10 5 7 4 12
split_gain=38.9815 49.6945 173.419 112.903 55.1252 59.5216 49.6395 51.7867 59.1572 47.5178 44.2807 43.1808 42.6814 43.2702
threshold=0.86560388720653891 0.28408582000372201 21.500000000000004 -0.0093607544529538105 1.7378897161495785 3.4124609151845782 0.74901573445509406 1.0000000180025095e-35 -1.562116520442592 2.0033770917323963 3.1753221575931572 0.74107989722615508 0.46305548506722372 0.019672898440530887
decision_type=8 10 2 10 2 2 10 2 2 2 2 10 2 10
left_child=1 -1 4 -4 -3 6 11 9 -9 -8 -10 -6 13 -13
right_child=-2 2 3 -5 5 -7 7 8 10 -11 -12 12 -14 -15
leaf_value=-0.00055662370043697092 0.00034137445040510295 -0.00088335994975924587 0.0029630851960673775 0.028809810691320041 -0.0026084544712438166 -0.004137906585448198 0.0074684957753851124 0.019720275345838294 0.0047682127930393668 -0.0069087307460336794 0.017266078636834492 0.0019562210399051046 -0.0069236550852656365 0.016096884926050405
leaf_weight=120335 171578 10057 286 323 1652 1047 349 313 2541 493 280 425 200 357
leaf_count=120335 171578 10057 286 323 1652 1047 349 313 2541 493 280 425 200 357
internal_value=3.90733e-05 -0.000334999 0.00112026 0.0167946 0.000576799 0.00249395 0.00354675 0.00566065 0.00743286 -0.000940614 0.00603705 0.000351152 0.00531803 0.008473
internal_weight=310236 138658 18323 609 17714 7657 6610 3976 3134 842 2821 2634 982 782
internal_count=310236 138658 18323 609 17714 7657 6610 3976 3134 842 2821 2634 982 782
is_linear=0
shrinkage=0.03


Tree=122
num_leaves=15
num_cat=0
split_feature=13 1 4 2 12 13 7 11 13 9 9 2 7 4
split_gain=30.6464 33.7773 57.057 57.0227 41.8887 60.7297 41.2249 88.0897 54.9371 47.763 53.2068 41.6792 41.6395 39.0984
threshold=3.5000000000000004 0.57333365801628855 0.23974136790960907 0.72676825983221482 0.00055347750328255129 45.500000000000007 0.8039902443024981 -0.8871890263640555 30.500000000000004 1.0183255835272085 0.77065824053903509 0.87096774193548054 0.86865657497679283 0.26466165323530455
decision_type=2 2 2 10 8 2 10 2 2 10 10 10 10 2
left_child=-1 -2 3 -3 6 -6 8 9 11 10 -8 13 -9 -4
right_child=1 2 4 -5 5 -7 7 12 -10 -11 -12 -13 -14 -15
leaf_value=-0.00040255396504936442 -0.00088424510829890693 0.00048673053388800108 0.0050445980460129001 0.0024764065268695961 0.00055387468911584543 -0.015458344733603645 -0.00094700517720822 -0.0082043799185770542 -0.0061764732190163806 -0.0057029811778573046 0.013299803912778879 -0.0021160429449566189 -0.0025187559464458927 0.00020243595588050655
leaf_weight=120290 22414 43741 1579 18421 55756 209 372 1344 1350 288 637 6973 8325 28584
leaf_count=120290 22414 43741 1579 18421 55756 209 372 1344 1350 288 637 6973 8325 28584
internal_value=-2.78614e-05 0.000209371 0.000355667 0.0010765 -6.94232e-05 0.000492702 -0.000705567 -0.00232782 -0.00024309 0.00500037 0.00806849 -2.65923e-05 -0.00331289 0.000456712
internal_weight=310283 189993 167579 62162 105417 55965 49452 10966 38486 1297 1009 37136 9669 30163
internal_count=310283 189993 167579 62162 105417 55965 49452 10966 38486 1297 1009 37136 9669 30163
is_linear=0
shrinkage=0.03


Tree=123
num_leaves=15
num_cat=0
split_feature=13 0 5 4 7 2 0 13 12 11 12 13 0 13
split_gain=30.8066 39.7404 51.3075 45.6491 44.4481 56.1077 48.7571 55.8952 42.7561 52.6441 74.6904 40.9515 50.4924 43.1536
threshold=3.5000000000000004 0.68235447997331289 3.7769316181212393 0.70920606759434734 0.40987767365558153 0.77142857142857413 0.61911241537480677 5.5000000000000009 0.002653615661856457 1.8782899903998638 0.032705256467343687 6.5000000000000009 0.52014847826332866 4.5000000000000009
decision_type=2 10 2 2 10 10 10 2 8 2 8 2 10 2
left_child=-1 3 -3 -2 -5 6 8 -8 -6 -10 -11 13 -13 -7
right_child=1 2 -4 4 5 11 7 -9 9 10 -12 12 -14 -15
leaf_value=-0.00037333209998133618 0.00055336778621273796 -0.0021477300124412443 0.010621695589455346 -0.001757986566257113 -0.0037151670160808213 0.0078501018840972676 0.018236547769292403 0.0019179046644719057 -0.00078931554885142239 0.023204261425720608 0.0015923972122836858 -0.0023323218908241324 0.0067619142145034818 -0.0082841486765190646
leaf_weight=120325 149944 8537 288 16774 4072 214 223 1111 4430 202 475 690 2652 465
leaf_count=120325 149944 8537 288 16774 4072 214 223 1111 4430 202 475 690 2652 465
internal_value=2.29552e-06 0.000240084 -0.00172523 0.000335818 -0.00070602 0.000508265 -0.000644743 0.00470374 -0.00142419 0.000404346 0.00816368 0.00351989 0.00488361 -0.00317891
internal_weight=310402 190077 8825 181252 31308 14534 10513 1334 9179 5107 677 4021 3342 679
internal_count=310402 190077 8825 181252 31308 14534 10513 1334 9179 5107 677 4021 3342 679
is_linear=0
shrinkage=0.03


Tree=124
num_leaves=15
num_cat=0
split_feature=9 13 13 13 13 12 13 5 1 12 8 11 10 9
split_gain=40.5874 61.087 84.5587 68.9814 79.0707 68.8092 57.9768 79.4757 69.5419 106.777 64.2354 63.0582 63.301 56.2087
threshold=0.82605403314250248 21.500000000000004 40.500000000000007 35.500000000000007 33.500000000000007 0.13853444363188269 18.500000000000004 0.9073580412432517 5.5534624209454799 0.0069355350686821646 0.048792138431795022 -2.4878665933915247 2.6474312516194165 1.0131383051749085
decision_type=8 2 2 2 2 8 2 2 2 10 2 2 2 10
left_child=1 -1 3 4 5 -3 -2 -8 11 -10 13 -9 -13 -11
right_child=6 2 -4 -5 -6 -7 7 8 9 10 -12 12 -14 -15
leaf_value=-0.00060766779734391593 0.000442693187853584 0.0042434224875482146 -0.014206591696693346 0.014620547048714128 -0.014959568217102634 -0.0077980332332268608 0.0062929555606595191 0.01302819423882638 0.017059107349189213 0.0040338854962273648 0.013253252669536602 -0.0018976080527298457 -0.0077316143737515674 -0.012796096104551662
leaf_weight=103391 182543 4522 255 441 223 467 1154 231 425 318 213 13965 1898 397
leaf_count=103391 182543 4522 255 441 223 467 1154 231 425 318 213 13965 1898 397
internal_value=2.72406e-05 -0.000438089 0.00252758 0.00329432 0.00232289 0.00310959 0.000280099 -0.00131523 -0.00182012 0.00470069 -0.00102023 -0.0023696 -0.00259786 -0.00533484
internal_weight=310443 109299 5908 5653 5212 4989 201144 18601 17447 1353 928 16094 15863 715
internal_count=310443 109299 5908 5653 5212 4989 201144 18601 17447 1353 928 16094 15863 715
is_linear=0
shrinkage=0.03


Tree=125
num_leaves=15
num_cat=0
split_feature=5 3 0 10 1 13 9 13 13 10 14 1 9 3
split_gain=42.5809 48.4338 38.7593 52.2177 44.001 32.5195 31.4627 27.0429 42.0604 83.2751 93.5247 142.545 102.751 79.884
threshold=0.57267957928155078 0.32898981324278315 0.60209430883202064 2.7209568227642289 1.4423613235225146 -9.4999999999999982 0.8639797071814016 3.5000000000000004 15.500000000000002 2.7848363326562122 1.0000000180025095e-35 5.5534624209454799 0.84750605670134671 0.57575757575757402
decision_type=2 10 10 2 2 2 10 2 2 2 2 2 10 10
left_child=1 -1 3 -3 -5 6 -2 -7 -9 13 11 -11 -12 -10
right_child=5 2 -4 4 -6 7 -8 8 9 10 12 -13 -14 -15
leaf_value=0.0093933155107949438 -0.012051212152906957 -0.0023621683822847381 -0.0063812765150456814 -0.00081382770123689064 0.014815562760945662 -0.00030486278349970325 -0.00032355316493609177 0.0005206460658256566 -0.0048405233467488235 -0.0043605685899995904 0.0040625034901830889 0.019577317925060497 -0.017245165736282996 0.00023303233423864071
leaf_weight=312 388 5676 1845 340 304 115555 433 144385 3032 1831 265 250 852 34766
leaf_count=312 388 5676 1845 340 304 115555 433 144385 3032 1831 265 250 852 34766
internal_value=-1.99058e-05 -0.00211624 -0.00256152 -0.00144225 0.00662132 3.90188e-05 -0.00590538 5.53338e-05 0.00027986 -0.000568131 -0.00521262 -0.00144477 -0.0121945 -0.000174534
internal_weight=310234 8477 8165 6320 644 301757 821 300936 185381 40996 3198 2081 1117 37798
internal_count=310234 8477 8165 6320 644 301757 821 300936 185381 40996 3198 2081 1117 37798
is_linear=0
shrinkage=0.03


Tree=126
num_leaves=15
num_cat=0
split_feature=4 13 13 6 1 4 7 4 11 14 6 6 9 12
split_gain=34.7792 44.6627 42.1052 34.7617 72.5637 50.6611 40.0472 35.592 34.9113 34.0127 95.4211 92.416 67.9898 56.1472
threshold=0.31439129157136142 38.500000000000007 -9.4999999999999982 0.95870870163032806 1.4423613235225146 0.18528935109147696 1.2007949280273857 0.085166949861160121 2.6648083000762934 1.0000000180025095e-35 -0.45304290710083633 0.099265779990537442 1.258479405469705 0.13416890337074103
decision_type=2 2 2 10 2 2 10 2 2 2 8 8 10 10
left_child=1 2 -1 8 6 -6 7 -5 9 10 -4 12 -11 -12
right_child=-2 -3 3 4 5 -7 -8 -9 -10 11 13 -13 -14 -15
leaf_value=-0.0078409103627862606 -0.00038988140857897438 0.011226037332603522 0.0068424976158409324 -0.0031289300281769597 0.017784210917735962 0.0011866202033159875 -0.0071355332624544656 0.0052688313120819183 -0.0044646682482160178 0.0011609815021895366 -0.00036828660801623377 -0.00094450484797871956 0.0067330018666028795 0.0063848285139588143
leaf_weight=575 136947 328 1718 653 451 261 449 1467 1429 51900 89228 21725 2044 1117
leaf_count=575 136947 328 1718 653 451 261 449 1467 1429 51900 89228 21725 2044 1117
internal_value=-3.25546e-05 0.000249746 0.000228614 0.000255748 0.00331181 0.0117507 0.000954682 0.00268089 0.000196377 0.000236219 -0.000151083 0.00070741 0.00137272 -0.000284444
internal_weight=310292 173345 173017 172442 3281 712 2569 2120 169161 167732 92063 75669 53944 90345
internal_count=310292 173345 173017 172442 3281 712 2569 2120 169161 167732 92063 75669 53944 90345
is_linear=0
shrinkage=0.03


Tree=127
num_leaves=15
num_cat=0
split_feature=11 12 6 9 12 13 9 6 2 5 10 5 0 11
split_gain=32.036 69.056 63.0442 97.7343 52.2121 50.64 48.2565 64.7884 50.3658 49.8655 49.025 52.6544 48.0623 47.5805
threshold=0.87972649809944392 0.10863285374001581 -0.53158120235152351 0.79040719498926537 0.069488374535981459 8.5000000000000018 0.90511128303550237 -0.31347818370685354 0.32786885245901926 3.6197020449184536 1.6244312852377047 2.8754215306789979 0.57271079682029202 1.4177488841914596
decision_type=2 10 10 8 10 2 10 10 10 2 2 2 10 2
left_child=-1 2 3 5 -4 -2 8 -8 -6 -9 13 -12 -5 -10
right_child=1 -3 4 12 6 -7 7 9 10 -11 11 -13 -14 -15
leaf_value=-0.00017769511665809563 0.0092061983346319494 -0.0021556146202530652 0.0003673663064014069 -0.0011269893588787699 0.0089296751015679118 0.026526888498793477 0.019407968721188551 0.0063099350355459152 0.0093812599757444916 -0.0032102671718945907 -0.010132597438613954 0.0002374174741357632 0.0089586715090592371 -0.0062542659404777705
leaf_weight=233234 476 7751 59802 1401 532 225 279 2481 597 615 726 1109 605 243
leaf_count=233234 476 7751 59802 1401 532 225 279 2481 597 615 726 1109 605 243
internal_value=-2.66526e-06 0.00052857 0.00082983 0.00531328 0.000646618 0.0149141 0.00318161 0.00568284 0.000544599 0.00441668 -0.00113656 -0.00388176 0.00192951 0.00484788
internal_weight=310076 76842 69091 2707 66384 701 6582 3375 3207 3096 2675 1835 2006 840
internal_count=310076 76842 69091 2707 66384 701 6582 3375 3207 3096 2675 1835 2006 840
is_linear=0
shrinkage=0.03


Tree=128
num_leaves=15
num_cat=0
split_feature=3 2 12 2 1 12 4 1 11 3 4 4 9 12
split_gain=28.2774 82.7117 70.4507 54.3792 145.205 59.4949 53.2896 61.9289 56.9652 52.7865 42.8073 37.7054 36.5003 36.1999
threshold=0.86547085201793161 0.61313868613139288 -0.11123121522939254 0.8518518518518402 1.466602803513722 0.020438070243440912 0.41995443746430644 0.61432423300044914 2.1640531600763588 0.89473684210526916 0.39551950257789786 0.25621826036159506 0.53126366454857055 -0.031786530348287483
decision_type=8 10 8 10 2 10 2 2 2 8 2 2 8 8
left_child=3 2 9 -1 -5 -6 7 11 13 -2 -11 -3 -8 -9
right_child=1 6 -4 4 5 -7 12 8 -10 10 -12 -13 -14 -15
leaf_value=0.00013820259101099571 0.010012774919058038 -0.0023630062337598062 -0.0023075425742005206 -0.00075843883112904987 0.0096772178688219607 0.030903601900559581 -0.013383068081809254 6.3224611870456811e-05 -0.0075377565100774712 -0.0018119330158748754 0.0097803756620129974 0.0012944073342103842 -0.00069297566821511245 0.0020610189115519567
leaf_weight=188008 682 8061 25525 980 275 214 200 11957 644 1560 346 3697 42141 25723
leaf_count=188008 682 8061 25525 980 275 214 200 11957 644 1560 346 3697 42141 25723
internal_value=-4.53162e-05 -0.000404536 -0.00182927 0.000183206 0.00592296 0.0191852 2.89132e-05 0.000691239 0.00127554 0.00288315 0.000312526 -0.00121297 -0.000754491 0.00142715
internal_weight=310013 120536 28113 189477 1469 489 92423 50082 38324 2588 1906 11758 42341 37680
internal_count=310013 120536 28113 189477 1469 489 92423 50082 38324 2588 1906 11758 42341 37680
is_linear=0
shrinkage=0.03


Tree=129
num_leaves=15
num_cat=0
split_feature=0 0 5 9 13 1 6 3 2 5 12 13 11 11
split_gain=33.841 58.8086 51.0766 51.7876 44.7565 71.5027 164.244 89.586 99.3184 71.1564 56.0515 54.9408 56.3838 52.6192
threshold=0.62912422238656529 0.58252077185242701 3.6750456066517896 0.68923745282105242 26.500000000000004 3.6715489098298328 -0.034856270210058486 0.6754966887417243 0.79310344827586643 0.94579360610700436 -0.14726253491167954 37.500000000000007 0.34643367918436851 0.34643367918436851
decision_type=8 10 2 10 2 2 10 10 10 2 8 2 2 2
left_child=1 4 3 -2 -1 9 11 -8 -9 -6 -11 12 -7 -12
right_child=2 -3 -4 -5 5 6 7 8 -10 10 13 -13 -14 -15
leaf_value=6.1140413770902656e-06 -0.004032077598623127 0.0010363660591008849 0.0035125075108359948 -0.00062724444277087433 0.0073582590961566424 -0.012857775068266339 -0.0014334409283162347 0.032557878859970767 0.0048205363634156017 -0.016834098594919057 -0.0024403838004394803 0.0088284386053149189 0.0052435678304531257 -0.010069158280346558
leaf_weight=206674 4522 53907 2377 35962 428 618 234 279 200 350 3163 205 203 1093
leaf_count=206674 4522 53907 2377 35962 428 618 234 279 200 350 3163 205 203 1093
internal_value=2.55913e-05 0.000151053 -0.000756929 -0.00100801 -7.25555e-05 -0.00247134 0.00276737 0.0137772 0.021146 -0.00428201 -0.00537046 -0.00491344 -0.0083774 -0.00440908
internal_weight=310215 267354 42861 40484 213447 6773 1739 713 479 5034 4606 1026 821 4256
internal_count=310215 267354 42861 40484 213447 6773 1739 713 479 5034 4606 1026 821 4256
is_linear=0
shrinkage=0.03


Tree=130
num_leaves=15
num_cat=0
split_feature=3 3 2 11 8 11 3 7 5 7 11 8 10 8
split_gain=32.7664 76.596 81.5254 53.9516 87.1017 68.3123 53.6668 45.325 56.9475 44.9171 43.7373 44.0503 58.0019 42.5482
threshold=0.92761272644903336 0.95432184959593791 0.42857142857142289 1.5567473714970721 -0.054490473688531063 -0.17943227477535742 0.97222222222223997 0.59271286125354494 2.9990240621854012 0.31768040450229357 0.83412769125240238 0.031652758247128827 1.6689453984720015 -0.05350392299815282
decision_type=8 10 10 2 2 2 10 10 2 8 2 2 2 2
left_child=-1 7 -3 5 -5 -4 -6 8 9 -2 11 -9 -13 -7
right_child=1 2 3 4 6 13 -8 10 -10 -11 -12 12 -14 -15
leaf_value=0.00019318871858226995 -0.0032401477849872584 -0.0040765203745515817 -0.00040070044039774852 0.010855024063506642 0.0013563713624865439 -0.0014439236764212213 -0.0069215296214108881 -0.0045992652975350807 0.0017078519340903825 0.00095069164940980451 -0.0094590032891315578 -0.0052231328353763056 0.013733575159054717 0.0025828319510913466
leaf_weight=239328 10351 3843 21283 365 998 2729 2383 2380 4168 2957 1270 276 297 17404
leaf_count=239328 10351 3843 21283 365 998 2729 2383 2380 4168 2957 1270 276 297 17404
internal_value=2.55553e-05 -0.000541845 0.000115251 0.000472356 -0.00297302 0.000784306 -0.00447967 -0.00202552 -0.00135073 -0.00230895 -0.00481306 -0.00280237 0.0046364 0.00203679
internal_weight=310032 70704 49005 45162 3746 41416 3381 21699 17476 13308 4223 2953 573 20133
internal_count=310032 70704 49005 45162 3746 41416 3381 21699 17476 13308 4223 2953 573 20133
is_linear=0
shrinkage=0.03


Tree=131
num_leaves=15
num_cat=0
split_feature=14 6 6 12 12 6 6 6 12 6 1 12 10 11
split_gain=36.7835 155.505 99.8358 93.3779 85.1203 91.9974 85.7056 75.0313 71.6573 69.4664 67.3333 63.9228 63.8448 54.4131
threshold=1.0000000180025095e-35 -0.41944632861272674 -0.50106103143635439 -0.15929228301783468 0.15890038722066877 -0.022342506144555015 0.3669218966031717 0.3669218966031717 0.079033800660706324 -0.16798260904412085 1.5407276524149678 0.042215178686191353 1.9358919552321867 1.1945053699790567
decision_type=2 8 8 8 10 8 8 10 10 10 2 10 2 2
left_child=1 11 -2 -4 6 -6 8 -5 -3 12 -11 13 -10 -1
right_child=2 4 3 7 5 -7 -8 -9 9 10 -12 -13 -14 -15
leaf_value=0.0022223784900629686 -0.0068744979531106948 -0.00064235831867298762 -0.010214080048100756 0.00072752989153399938 0.015673682157316654 -0.00080980509021251078 0.0012292091598662923 -0.0016022949740678439 -0.0039138517406892299 -0.003030292242696968 -0.010426658128368304 0.014596730406006807 0.0093882538278745979 0.011553515293285667
leaf_weight=3300 1697 136465 732 123602 605 608 21902 13828 698 3260 1678 562 599 674
leaf_count=3300 1697 136465 732 123602 605 608 21902 13828 698 3260 1678 562 599 674
internal_value=-1.35116e-05 -0.000309508 0.000347016 0.000435961 -0.000459491 0.00744215 -0.000517944 0.000493057 -0.000786136 -0.00392995 -0.00555168 0.00516762 0.00224199 0.00381749
internal_weight=310210 170351 139859 138162 165815 1213 164602 137430 142700 6235 4938 4536 1297 3974
internal_count=310210 170351 139859 138162 165815 1213 164602 137430 142700 6235 4938 4536 1297 3974
is_linear=0
shrinkage=0.03


Tree=132
num_leaves=15
num_cat=0
split_feature=13 0 0 13 13 13 0 13 3 13 12 13 6 1
split_gain=28.6153 46.2244 32.453 28.2791 50.2124 90.6677 84.7877 69.3297 43.1797 43.0478 106.849 78.8237 74.9989 104.215
threshold=-9.4999999999999982 0.51519407342183332 0.54971393743190167 39.500000000000007 35.500000000000007 31.500000000000004 0.55364208712544971 36.500000000000007 0.88735146966854028 27.500000000000004 -0.045616615066204617 26.500000000000004 0.1104758499753138 2.9315157346046123
decision_type=2 10 10 2 2 2 10 2 10 2 10 2 8 2
left_child=1 -1 -3 4 5 9 8 -8 -6 11 -11 -2 -12 -14
right_child=3 2 -4 -5 6 -7 7 -9 -10 10 12 -13 13 -15
leaf_value=-0.015168761804904023 4.3471304890625379e-05 0.008653488141407659 -0.0061498872375349255 -0.0049513814698701822 -0.0072494158749260122 -0.0064136863628351188 0.028723605979179986 0.0063355543023539242 0.0073582456858308463 -0.0061605072405527938 0.0034848283719714972 -0.0071741428428019087 0.005450755175963746 0.030833503546193242
leaf_weight=287 300228 213 338 1023 397 1961 202 322 328 820 2143 1363 377 235
leaf_count=287 300228 213 338 1023 397 1961 202 322 328 820 2143 1363 377 235
internal_value=1.04596e-06 -0.00551866 -0.000400991 1.60849e-05 3.26439e-05 8.18283e-06 0.00602356 0.015156 -0.000635574 4.95542e-05 0.00331989 1.07339e-05 0.0061477 0.0153683
internal_weight=310237 838 551 309399 308376 307127 1249 524 725 305166 3575 301591 2755 612
internal_count=310237 838 551 309399 308376 307127 1249 524 725 305166 3575 301591 2755 612
is_linear=0
shrinkage=0.03


Tree=133
num_leaves=15
num_cat=0
split_feature=8 12 7 7 2 10 9 7 9 11 10 12 1 1
split_gain=42.0463 45.2718 40.0542 64.5513 46.4468 44.6778 43.0141 40.1705 35.1794 41.8449 36.1216 67.9877 50.4302 75.3492
threshold=0.066734742218222717 0.27561018578969715 1.1229593765430621 1.3283550097427976 0.92105263157894479 1.6689453984720015 0.95794143349084127 -0.20906291981524538 0.63400739528395234 0.38154871483168235 2.7209568227642289 0.036904107566973217 1.0900288277129391 1.7488081271233933
decision_type=2 8 8 10 10 2 10 10 10 2 2 10 2 2
left_child=-1 2 4 -4 8 7 -7 -6 9 -2 -10 12 -12 -14
right_child=1 -3 3 -5 5 6 -8 -9 10 -11 11 -13 13 -15
leaf_value=-0.0001842102134794408 0.0022059779758478665 0.013847911092415451 -0.005895953996175052 0.0012130695296557121 -0.0063649186073465548 -0.014091300001462637 0.0024546049517102358 0.010636202875357955 0.0013687646860649657 0.017487215142216829 0.0015249734789584621 -0.0023892278819367652 0.027854589323731176 0.0056555394051330428
leaf_weight=287251 372 245 1801 3159 230 467 200 263 14580 282 292 487 277 275
leaf_count=287251 372 245 1801 3159 230 467 200 263 14580 282 292 487 277 275
internal_value=-8.55188e-05 0.00115059 0.00101044 -0.00137159 0.0016772 -0.00411429 -0.00914866 0.00272037 0.00208388 0.00887782 0.00180192 0.00652392 0.0116507 0.0169453
internal_weight=310181 22930 22685 4960 17725 1160 667 493 16565 654 15911 1331 844 552
internal_count=310181 22930 22685 4960 17725 1160 667 493 16565 654 15911 1331 844 552
is_linear=0
shrinkage=0.03


Tree=134
num_leaves=15
num_cat=0
split_feature=4 2 3 4 10 13 12 6 6 11 5 13 7 10
split_gain=31.3812 49.4147 73.4243 44.0141 47.7607 43.6418 42.7476 58.424 44.8241 67.9492 66.2324 40.7767 70.1998 43.5981
threshold=0.41995443746430644 0.57142857142859182 0.85714285714285687 0.42404810519880454 1.8341622865057321 38.500000000000007 0.0021100591940080853 -0.38384901064696586 -0.0022647047669154814 2.7941321907655676 3.9295145934745719 24.500000000000004 0.46979661884713408 1.7553187056522295
decision_type=2 10 8 2 2 2 8 10 10 2 2 2 10 2
left_child=1 2 -1 4 -2 -3 7 -5 9 -9 11 -10 -13 -14
right_child=3 5 -4 6 -6 -7 -8 8 10 -11 -12 12 13 -15
leaf_value=0.00016043189658425749 -0.00051857658430887459 0.00066520946471556035 -0.0018130035894573721 0.0030777948686343689 -0.012542887673128483 0.011247532047669996 0.00024244577562348272 -0.0022595738144096894 -0.00074175793708684302 0.012873580744696987 0.014756725796572723 -0.0019385598733300164 0.022853978768383201 0.0056525453757326882
leaf_weight=87607 636 99587 21039 2968 554 347 52077 25135 18510 265 258 615 223 328
leaf_count=87607 636 99587 21039 2968 554 347 52077 25135 18510 265 258 615 223 328
internal_value=1.04906e-05 0.000221069 -0.000221784 -0.000421938 -0.00614551 0.000702515 -0.000353782 -0.000996565 -0.00126362 -0.00209919 -0.000198683 -0.000398483 0.00503083 0.0127572
internal_weight=310149 208580 108646 101569 1190 99934 100379 48302 45334 25400 19934 19676 1166 551
internal_count=310149 208580 108646 101569 1190 99934 100379 48302 45334 25400 19934 19676 1166 551
is_linear=0
shrinkage=0.03


Tree=135
num_leaves=15
num_cat=0
split_feature=0 6 5 8 10 1 1 6 12 9 3 12 7 0
split_gain=42.8803 40.6001 46.3388 43.9947 37.5105 33.7823 40.5449 30.8836 28.555 31.9361 33.3803 43.1056 44.05 26.4923
threshold=0.68235447997331289 0.021777599857663813 2.0490169979512967 0.073670674866011185 0.86808566157984035 2.5438793424359463 2.8662457974857762 -0.13449425574047005 0.064437211717112655 0.94403441702346735 0.95522388059702135 -0.052962910418737068 0.30641001057415357 0.57629427198249539
decision_type=10 10 2 2 2 2 2 8 10 10 10 10 10 10
left_child=13 4 8 -4 -2 -6 -7 -8 9 10 11 -3 -13 -1
right_child=1 2 3 -5 5 6 7 -9 -10 -11 -12 12 -14 -15
leaf_value=-0.0001126696980327146 0.009386481904402012 0.0043485969944698057 -0.0053200647029882069 -0.017543697736940336 -0.0014833183778588535 0.01405979971019484 0.0072256884777120176 -0.0051767439393283765 0.0078278673285304915 0.004823641823648841 0.0041186988941380679 -0.019888551069958377 -0.0042778392512719705 0.0005011679837632118
leaf_weight=203970 323 200 1940 304 9265 273 331 386 298 417 279 298 359 91733
leaf_count=203970 323 200 1940 304 9265 273 331 386 298 417 279 298 359 91733
internal_value=-7.99659e-07 -0.0015835 -0.00411788 -0.00701135 -0.000600893 -0.000919884 0.00433402 0.000559175 -0.000600631 -0.00223788 -0.00483978 -0.00776323 -0.0114552 7.77603e-05
internal_weight=310376 14673 4095 2244 10578 10255 990 717 1851 1553 1136 857 657 295703
internal_count=310376 14673 4095 2244 10578 10255 990 717 1851 1553 1136 857 657 295703
is_linear=0
shrinkage=0.03


Tree=136
num_leaves=15
num_cat=0
split_feature=5 12 12 1 7 6 8 9 13 0 6 13 13 11
split_gain=32.4432 35.9409 46.1332 51.3846 48.9109 42.498 28.4198 28.2268 27.6778 27.0866 26.8774 46.0012 54.9099 92.1738
threshold=0.57267957928155078 0.092967045813771257 -0.093589567851782116 0.94049614535407 0.81144722155446025 -0.19138447245888854 -0.091862961696771869 1.2993348216857692 -9.4999999999999982 0.51519407342183332 -0.32964371364640621 4.5000000000000009 20.500000000000004 0.29058566240444572
decision_type=2 10 8 2 8 8 2 10 2 10 8 2 2 2
left_child=1 2 3 -1 -5 -3 -4 -8 9 -2 11 -10 -13 -14
right_child=8 5 6 4 -6 -7 7 -9 10 -11 -12 12 13 -15
leaf_value=-0.0035739464170876003 -0.013038050830364226 0.013239621381524581 0.0045076522711784608 0.01772485428495912 -0.00071359132791494386 -0.00036700062395080804 -0.0044876182199905593 0.0054171810649773647 -0.00074233911368217745 -0.0015312758328186141 -5.8423861946689323e-05 0.0030859054769362447 0.0023531109065520655 -0.011597183020200699
leaf_weight=499 277 279 367 297 226 757 5778 267 7626 535 281142 10313 1224 648
leaf_count=499 277 279 367 297 226 757 5778 267 7626 535 281142 10313 1224 648
internal_value=-4.95394e-05 -0.00188016 -0.00260986 0.00329776 0.00982588 0.00334332 -0.00355331 -0.00404602 1.87322e-06 -0.00551239 1.68426e-05 0.00108471 0.00222801 -0.00249387
internal_weight=310235 8470 7434 1022 523 1036 6412 6045 301765 812 300953 19811 12185 1872
internal_count=310235 8470 7434 1022 523 1036 6412 6045 301765 812 300953 19811 12185 1872
is_linear=0
shrinkage=0.03


Tree=137
num_leaves=15
num_cat=0
split_feature=10 0 2 4 8 1 13 8 10 13 1 8 12 10
split_gain=42.2645 38.0356 37.4568 43.3939 33.3247 35.7106 43.6639 31.9073 32.4544 54.4124 37.0836 38.9842 32.1689 38.0328
threshold=1.9094953959124721 0.73317101614962377 1.0000000180025095e-35 0.25621826036159506 0.032279024396289928 4.8143588709472152 15.500000000000002 0.14436542156318116 3.1496060684534553 34.500000000000007 8.2138806638748232 -0.026327928773151165 0.016686312390925776 3.4790740206170971
decision_type=2 10 10 2 2 2 2 2 2 2 2 2 8 2
left_child=2 7 3 -1 -4 -6 -7 8 -2 10 11 12 13 -10
right_child=1 -3 4 -5 5 6 -8 -9 9 -11 -12 -13 -14 -15
leaf_value=-0.0053420956886175283 0.00061770747127340485 -0.0040410724770759479 -0.00047840496248703911 0.0086882326660090922 0.00035540041824354236 0.012149526279333024 -0.00062996269688828956 -0.0072140772545460571 -0.0058966563202828125 -0.012321038440666125 0.010821932102966156 0.00027551056669995039 -0.010086530670165442 0.0047225426375516683
leaf_weight=2152 114992 1704 142876 214 39844 511 450 480 822 388 232 4519 671 475
leaf_count=2152 114992 1704 142876 214 39844 511 450 480 822 388 232 4519 671 475
internal_value=-2.46829e-05 0.000403662 -0.000310829 -0.00405743 -0.000262459 0.000493626 0.00619309 0.000465611 0.000496096 -0.00147064 -0.000835366 -0.00126029 -0.00477862 -0.00200439
internal_weight=310330 124283 186047 2366 183681 40805 961 122579 122099 7107 6719 6487 1968 1297
internal_count=310330 124283 186047 2366 183681 40805 961 122579 122099 7107 6719 6487 1968 1297
is_linear=0
shrinkage=0.03


Tree=138
num_leaves=15
num_cat=0
split_feature=10 0 7 11 0 0 5 5 5 8 11 12 0 3
split_gain=33.0886 48.9521 38.9501 41.2243 48.3962 39.7142 44.5506 40.592 38.4817 38.2502 37.7326 37.686 57.5137 58.0482
threshold=1.9094953959124721 0.73317101614962377 1.6930025283752015 2.3378043352268363 0.38126515512061926 0.54971393743190167 3.2620293825298847 3.7137783929640871 2.0387242451548273 0.017376038609707517 -1.9324162157957774 -0.0024846591059457519 0.48049311984734844 0.54838709677419628
decision_type=2 10 8 2 10 10 2 2 2 2 2 10 10 10
left_child=10 2 -2 4 -4 6 11 9 -3 -8 -1 -6 -13 -14
right_child=1 8 3 -5 5 -7 7 -9 -10 -11 -12 12 13 -15
leaf_value=-0.0049532423599044015 0.0002652710635586343 0.0010274850912616554 -0.0090575238363350113 -0.0034684725617588081 0.0058865506662268722 -0.00013015647919368105 0.0082975318127209083 0.00063011762910875773 -0.008189007381108445 0.021877760893953005 -0.00023623519136229713 -0.0044716692187458931 -0.00051485688204205577 0.01035127173962107
leaf_weight=1534 112170 659 294 1038 2620 2356 521 314 1060 296 184497 1099 1013 780
leaf_count=1534 112170 659 294 1038 2620 2356 521 314 1060 296 184497 1099 1013 780
internal_value=-2.20994e-05 0.000357033 0.000427665 0.00218989 0.00282344 0.00321641 0.0044025 0.00981577 -0.00466302 0.0133208 -0.000275263 0.00328387 0.000919883 0.00422782
internal_weight=310251 124220 122501 10331 9293 8999 6643 1131 1719 817 186031 5512 2892 1793
internal_count=310251 124220 122501 10331 9293 8999 6643 1131 1719 817 186031 5512 2892 1793
is_linear=0
shrinkage=0.03


Tree=139
num_leaves=15
num_cat=0
split_feature=5 12 7 1 4 9 9 2 12 2 2 4 13 13
split_gain=25.7052 46.735 71.8545 41.1174 41.1023 42.1576 48.2926 31.7025 29.0662 59.1851 28.8815 26.7562 41.436 33.0803
threshold=0.57267957928155078 -0.095899012971232309 0.062595461153634277 1.4423613235225146 0.042255404996892849 0.64550373708962006 0.82261706126765677 0.18749999999997211 0.079033800660706324 0.5294117647058838 0.58620689655172209 0.13559231632657512 6.5000000000000009 -1.0000000180025095e-35
decision_type=2 10 10 2 2 10 10 10 10 10 10 2 2 2
left_child=1 2 -1 10 7 -6 -7 -3 11 -10 -4 12 -8 -13
right_child=-2 4 3 -5 5 6 8 -9 9 -11 -12 13 -14 -15
leaf_value=-0.011405832165625036 0.00012168431019417373 0.0012794867595790121 -0.0006929008476436137 0.01940423504511515 0.0078564548582062688 -0.0056874311911432364 -0.00078963104813499789 -0.012364364586176006 -0.0048070754927315119 0.013088098230429357 0.013105068097651844 0.0078305622534591609 0.014645723219840756 -0.0039171266953320323
leaf_weight=200 301326 206 379 220 394 2275 560 584 287 384 208 233 212 2334
leaf_count=200 301326 206 379 220 394 2275 560 584 287 384 208 233 212 2334
internal_value=7.58413e-05 -0.00155301 0.00449907 0.00848677 -0.00237144 -0.00160256 -0.00220131 -0.00882093 -0.000218904 0.00545504 0.00426572 -0.00136558 0.00351606 -0.00283767
internal_weight=309802 8476 1007 807 7469 6679 6285 790 4010 671 587 3339 772 2567
internal_count=309802 8476 1007 807 7469 6679 6285 790 4010 671 587 3339 772 2567
is_linear=0
shrinkage=0.03


Tree=140
num_leaves=15
num_cat=0
split_feature=11 9 5 4 13 5 6 2 4 9 11 7 6 11
split_gain=30.6447 117.999 44.3444 47.0957 60.1455 37.8635 36.9385 43.0971 36.5904 44.5904 38.4806 50.4846 34.2268 58.4437
threshold=2.4020533266431063 0.74284582901561369 3.0382911926822511 1.7466318401772767 9.5000000000000018 3.3193982127877573 0.52760690568732738 0.12499999999999488 0.245310547481667 0.76696488836042642 2.2186862833420702 0.42163933137976567 0.0046478832930819678 1.2123317675769305
decision_type=2 10 2 2 2 2 10 10 2 8 2 10 8 2
left_child=2 -2 6 8 -5 -3 -1 -8 -4 12 -11 -12 -10 -14
right_child=1 5 3 4 -6 -7 7 -9 9 10 11 -13 13 -15
leaf_value=-0.00023684660400698213 0.0097473248212296675 0.0012398162917418628 0.0014284462517843914 0.00018715868209255858 0.021704511987683299 -0.004392779027807864 -0.0070835458547219461 0.0017075672062142589 -0.0047660539695329367 0.00020201512336899384 -0.0024308298030113681 0.0097981068894999919 0.0037398825596665609 -0.0061010951150234759
leaf_weight=227823 696 1357 30089 251 214 5113 517 13101 2866 24679 469 849 1475 853
leaf_count=227823 696 1357 30089 251 214 5113 517 13101 2866 24679 469 849 1475 853
internal_value=-8.47908e-06 -0.00194683 3.73665e-05 0.000754781 0.0102153 -0.00321137 -0.000146114 0.00137134 0.000682166 -3.7862e-05 0.000469268 0.00545379 -0.00257416 0.000128713
internal_weight=310352 7166 303186 61745 465 6470 241441 13618 61280 31191 25997 1318 5194 2328
internal_count=310352 7166 303186 61745 465 6470 241441 13618 61280 31191 25997 1318 5194 2328
is_linear=0
shrinkage=0.03


Tree=141
num_leaves=15
num_cat=0
split_feature=1 12 13 13 12 11 8 2 12 1 0 12 2 12
split_gain=32.1088 28.0807 26.7495 51.4955 33.813 34.6152 25.5295 43.6667 74.2023 45.8645 44.6507 47.0085 62.8444 73.3191
threshold=0.50061270411935133 0.1061180281274914 39.500000000000007 38.500000000000007 -0.033516081322109197 -1.1018937513513654 -0.052584131795922036 0.50000000000000078 0.0063159620991283258 0.7855701409703143 0.63218118054786665 -0.067063131906759707 0.87096774193548054 -0.080477752451013115
decision_type=2 10 2 2 10 2 2 10 10 2 10 8 10 10
left_child=1 -1 3 6 -4 -6 7 9 10 -2 11 12 13 -9
right_child=2 -3 4 -5 5 -7 -8 8 -10 -11 -12 -13 -14 -15
leaf_value=-0.00058737124651113057 0.00066980897547147522 -0.0038454884870268526 0.005267728891892311 0.014239795582416729 -0.01421480856835842 -0.0014389394995425362 0.0002714039734090061 0.0013850454284769038 0.0021159369680435955 -0.0035310865654150838 -0.0046686129257602887 -0.0016750195916626638 -0.0064705344011961683 0.011870311701670289
leaf_weight=28884 3438 2590 229 229 375 386 241552 2410 9923 7303 2757 8659 610 795
leaf_count=28884 3438 2590 229 229 375 386 241552 2410 9923 7303 2757 8659 610 795
internal_value=5.21533e-05 -0.00085605 0.000154744 0.000172336 -0.00475538 -0.00778623 0.000160468 -0.000585998 9.78457e-05 -0.00218677 -0.0012172 -0.00045281 0.00231983 0.00400035
internal_weight=310140 31474 278666 277676 990 761 277447 35895 25154 10741 15231 12474 3815 3205
internal_count=310140 31474 278666 277676 990 761 277447 35895 25154 10741 15231 12474 3815 3205
is_linear=0
shrinkage=0.03


Tree=142
num_leaves=15
num_cat=0
split_feature=9 11 13 6 12 12 13 6 13 2 6 13 6 6
split_gain=34.3967 60.1149 57.1552 56.4388 76.1038 72.2305 68.0136 180.971 109.081 66.2396 65.3437 56.8681 55.5241 52.9958
threshold=0.86560388720653891 2.4020533266431063 11.500000000000002 0.14609858271624002 -0.0018527090547943435 0.011783400867993512 21.500000000000004 0.16345618667364628 26.500000000000004 0.33333333333338372 -0.53158120235152351 7.5000000000000009 0.14173837325506503 -0.53158120235152351
decision_type=8 2 2 8 10 10 2 10 2 10 10 2 10 10
left_child=3 -2 -3 5 9 10 -6 -8 -9 -5 11 -1 13 -7
right_child=1 2 -4 4 6 12 7 8 -10 -11 -12 -13 -14 -15
leaf_value=-3.0399555051830454e-05 0.00036257955901324674 -0.0017816587933282063 -0.011550982232926594 -0.0023468143924002221 -0.0010268560139116241 -0.0087765934876774792 -0.016264203953138295 0.026649542774236309 0.00021037350182837627 0.0028963022986994583 -0.0015307678401295076 0.017933555273917212 -0.014521932755151519 0.0003748837837277253
leaf_weight=350 166545 4148 615 2547 18185 572 202 356 230 14466 57374 285 225 43893
leaf_count=350 166545 4148 615 2547 18185 572 202 356 230 14466 57374 285 225 43893
internal_value=-1.6828e-05 0.000267503 -0.00305387 -0.00036804 0.000654276 -0.000726276 -0.000652085 0.00794859 0.016362 0.0021109 -0.00142455 0.00810928 0.000180166 0.000256185
internal_weight=309993 171308 4763 138685 35986 102699 18973 788 586 17013 58009 635 44690 44465
internal_count=309993 171308 4763 138685 35986 102699 18973 788 586 17013 58009 635 44690 44465
is_linear=0
shrinkage=0.03


Tree=143
num_leaves=15
num_cat=0
split_feature=8 4 4 3 1 6 9 1 7 7 6 7 3 4
split_gain=28.1544 39.5557 47.0476 40.1046 39.0161 52.1892 38.7588 35.2391 39.0046 57.7531 46.7675 44.9015 42.7253 36.8429
threshold=0.066734742218222717 0.075421337454074547 0.11904211109101075 0.88541666666665975 6.1002390497460253 -0.050926083183693786 0.67539077921527568 2.4544831428578524 0.12708241115562399 0.4393143464947748 0.45982408221796983 0.10743859401926167 0.63953488372093314 0.58936279507831391
decision_type=2 2 2 10 2 8 10 2 10 10 8 8 10 2
left_child=-1 6 3 -3 7 -6 -2 8 11 12 -11 -4 -10 -9
right_child=1 2 4 -5 5 -7 -8 13 9 10 -12 -13 -14 -15
leaf_value=-6.6276508097943873e-05 -0.012194868627190589 0.0086799427578487225 -6.2276609956827435e-05 -0.00127556745982326 0.019036807797579876 -0.00078964993047217524 -0.0009252351930949214 -0.006137359740530572 0.017009489650888877 2.8224119104408532e-05 0.009280927414178599 -0.011876952200169731 0.0046494947950666944 0.00091647084551820543
leaf_weight=287542 295 1384 4190 492 244 229 3266 1225 270 5821 532 306 3119 1452
leaf_count=287542 295 1384 4190 492 244 229 3266 1225 270 5821 532 306 3119 1452
internal_value=1.42334e-05 0.00102826 0.00156522 0.00607256 0.00107731 0.0095301 -0.00187462 0.000838197 0.001432 0.0024983 0.000809734 -0.00087869 0.00565782 -0.0023168
internal_weight=310367 22825 19264 1876 17388 473 3561 16915 14238 9742 6353 4496 3389 2677
internal_count=310367 22825 19264 1876 17388 473 3561 16915 14238 9742 6353 4496 3389 2677
is_linear=0
shrinkage=0.03


Tree=144
num_leaves=15
num_cat=0
split_feature=2 3 8 1 1 4 1 4 11 13 8 10 1 0
split_gain=46.3714 53.1775 48.6976 51.5003 47.4951 49.4184 51.6305 57.9021 46.7792 44.3169 51.4535 42.6869 51.3385 70.8711
threshold=0.73033707865168263 0.92761272644903336 -0.06848443914283088 1.2100585755139128 3.6715489098298328 0.54025174346772842 3.2322755414754747 0.80348329064432167 -2.0784537306324382 12.500000000000002 -0.00044736095800825329 2.1740513617102031 1.1108058859070817 0.4197283687580175
decision_type=10 8 2 2 2 2 2 2 2 2 2 2 2 10
left_child=1 2 3 -1 5 11 -7 -8 -6 10 -9 12 -2 -14
right_child=4 -3 -4 -5 8 6 7 9 -10 -11 -12 -13 13 -15
leaf_value=-0.00052139992244117821 -0.00039985978091074825 -0.0016149714680306971 -1.4697655679520034e-05 -0.0044998986549780089 0.012905980873298138 -0.00038547566561597947 -0.01894652135367763 0.012643409121036529 0.0024494655362401752 -0.0099995891346850163 -0.0068767308622975894 0.0021256794798835514 0.017431408381162902 0.0014558567622241312
leaf_weight=8253 29486 25293 171286 4535 418 32713 266 245 4353 435 232 16457 249 15776
leaf_count=8253 29486 25293 171286 4535 418 32713 266 245 4353 435 232 16457 249 15776
internal_value=-7.09238e-05 -0.000325298 -0.00014805 -0.0019335 0.000458308 0.000312817 -0.000608191 -0.00676522 0.00337814 -0.00312841 0.00317649 0.000816535 0.00034296 0.00170945
internal_weight=309997 209367 184074 12788 100630 95859 33891 1178 4771 912 477 61968 45511 16025
internal_count=309997 209367 184074 12788 100630 95859 33891 1178 4771 912 477 61968 45511 16025
is_linear=0
shrinkage=0.03


Tree=145
num_leaves=15
num_cat=0
split_feature=13 9 13 12 11 6 1 13 12 13 11 12 8 12
split_gain=28.7869 25.832 52.7035 75.6689 74.7951 66.1486 69.7558 80.6147 93.8486 73.983 65.7629 61.7933 53.4015 65.026
threshold=45.500000000000007 0.86560388720653891 9.5000000000000018 -0.15312304207745173 2.5642717587913597 -0.30358174296362295 3.5461950874201427 14.500000000000002 0.14767097409053545 12.500000000000002 0.67965756766016605 0.048525170965334437 0.056623319750802578 0.12026158145875356
decision_type=2 8 2 8 2 8 2 2 10 2 2 10 2 8
left_child=1 2 -1 -4 5 6 7 8 9 -5 11 -9 -7 -14
right_child=-2 -3 3 4 -6 12 -8 10 -10 -11 -12 -13 13 -15
leaf_value=-0.00060457341508220598 -0.0083056321013264545 0.00032481366891624951 -0.0052369482683165295 0.0086979847695792308 0.016998923426923843 1.1644550192276369e-05 -0.01156065060047326 0.0075249319480096494 -0.015780739078154929 -0.0056163173552715422 -5.3834239922479778e-05 0.020056595786834677 0.0025387914758531267 0.016488867346368251
leaf_weight=97621 364 171368 1852 944 255 30717 222 839 255 490 464 621 3792 322
leaf_count=97621 364 171368 1852 944 255 30717 222 839 255 490 464 621 3792 322
internal_value=6.86478e-05 7.86223e-05 -0.000226228 0.000679591 0.000961758 0.00085381 0.0045907 0.00559772 0.000809515 0.00380425 0.00978809 0.0129054 0.000441767 0.00364934
internal_weight=310126 309762 138394 40773 38921 38666 3835 3613 1689 1434 1924 1460 34831 4114
internal_count=310126 309762 138394 40773 38921 38666 3835 3613 1689 1434 1924 1460 34831 4114
is_linear=0
shrinkage=0.03


Tree=146
num_leaves=15
num_cat=0
split_feature=8 6 3 1 7 2 7 6 3 3 11 8 12 11
split_gain=33.4943 45.1408 36.8114 27.8629 32.0522 31.94 38.9159 60.2075 34.8199 60.9593 53.2853 39.8683 39.3546 43.0313
threshold=-0.052584131795922036 -0.39450751285824615 0.7499999999999899 0.44089556629149612 -0.4185615295500526 0.66666666666666707 0.81923290589652253 0.024239813161455518 0.91666666666667485 0.81250000000000921 1.8109755380086627 -0.055485958718369109 -0.0039242854064039925 0.985158095243723
decision_type=2 8 10 2 8 10 10 8 10 10 2 2 10 2
left_child=1 2 -1 -3 -5 -6 8 -8 9 -7 12 -11 -10 -14
right_child=-2 3 -4 4 5 6 7 -9 10 11 -12 -13 13 -15
leaf_value=-0.0027542305786444465 0.00010977586423399303 0.001769850404072163 0.010074385455694081 -0.0057207285161171339 -0.0018232173581183117 -0.0027714060188314079 -0.00047666963163925255 0.014658335504458645 -0.0046847173792796057 0.0036343452217496163 0.012314295290850333 -0.0053026699913936038 0.0010528335809563351 -0.011675886847506993
leaf_weight=299 269268 3091 600 1351 19724 2639 570 399 3429 4817 222 491 2835 256
leaf_count=299 269268 3091 600 1351 19724 2639 570 399 3429 4817 222 491 2835 256
internal_value=-1.15004e-05 -0.000813316 0.00581606 -0.000963681 -0.00119391 -0.00102028 -8.57819e-06 0.00579865 -0.00039351 0.000951596 -0.00197856 0.00280344 -0.00247428 -1.85268e-05
internal_weight=309991 40723 899 39824 36733 35382 15658 969 14689 7947 6742 5308 6520 3091
internal_count=309991 40723 899 39824 36733 35382 15658 969 14689 7947 6742 5308 6520 3091
is_linear=0
shrinkage=0.03


Tree=147
num_leaves=15
num_cat=0
split_feature=7 6 9 12 2 1 13 2 7 1 6 13 8 13
split_gain=27.8576 53.6232 76.3817 49.6464 45.7789 80.4475 68.0465 65.4383 48.1469 47.867 44.9471 127.407 63.9001 54.0908
threshold=0.22484103807461561 0.024239813161455518 1.1273876429854253 -0.17366378913634203 0.75687588494288749 6.9262498781860309 10.500000000000002 0.89999999999997293 1.2156814946587262 4.8143588709472152 -0.12578188302010082 24.500000000000004 0.085091331646914251 28.500000000000004
decision_type=10 10 8 8 10 2 2 10 10 2 10 2 2 2
left_child=1 2 -1 -4 10 7 8 -6 -7 -9 11 12 -2 -13
right_child=4 -3 3 -5 5 6 -8 9 -10 -11 -12 13 -14 -15
leaf_value=-0.0013370105670157451 0.00064854765537364877 0.00044803720759344388 0.016210210889685845 0.0013345570635520426 0.0016910484028753569 -0.0069322553451694373 0.022312455478381784 -0.0027498456409219226 0.013278498492307132 0.0094823880362160072 -0.00040652229971040925 -0.0115413366414238 0.0056940046039741536 -0.0020257623420496074
leaf_weight=59928 59786 37862 202 8331 22817 204 288 4907 211 301 110991 1026 2343 1129
leaf_count=59928 59786 37862 202 8331 22817 204 288 4907 211 301 110991 1026 2343 1129
internal_value=-6.41649e-05 -0.000457874 -0.00095888 0.00169599 0.000141036 0.00125098 0.0112385 0.000998483 0.00337932 -0.00203446 -4.09165e-05 0.000590311 0.000839264 -0.00657238
internal_weight=310326 106323 68461 8533 204003 28728 703 28025 415 5208 175275 64284 62129 2155
internal_count=310326 106323 68461 8533 204003 28728 703 28025 415 5208 175275 64284 62129 2155
is_linear=0
shrinkage=0.03


Tree=148
num_leaves=15
num_cat=0
split_feature=14 12 12 9 13 9 9 9 12 11 0 0 12 13
split_gain=39.4708 101.197 83.0683 70.8909 133.089 70.1314 60.1024 88.4586 51.6052 49.9842 49.7795 70.725 54.8323 72.138
threshold=1.0000000180025095e-35 -0.15929228301783468 0.13416890337074103 1.1041971420511849 15.500000000000002 1.0733890705780234 0.86560388720653891 1.0957604052608405 0.080569898908240081 -0.11163965546260121 0.62190829119468527 0.61786021060668805 -0.15929228301783468 24.500000000000004
decision_type=2 8 10 10 2 8 10 10 10 2 10 10 8 2
left_child=2 -2 8 5 -5 -3 9 -8 10 -4 11 12 13 -1
right_child=1 3 6 4 -6 -7 7 -9 -10 -11 -12 -13 -14 -15
leaf_value=0.0022745563201564366 -0.010818841924225827 0.00025706171072697364 0.0068737286595361565 0.0032012522066433378 -0.0053477531555876845 -0.0037976227155204589 0.013506290459268032 -0.0016703572375338198 -0.0031599954630480158 -0.0086777148315374791 -0.0015535716074968611 0.0054754743916682882 -0.00038269651132383594 -0.0097775233517772633
leaf_weight=11009 726 119173 331 14445 1844 3962 1061 510 6063 412 25662 2003 122406 461
leaf_count=11009 726 119173 331 14445 1844 3962 1061 510 6063 412 25662 2003 122406 461
internal_value=-5.85196e-05 0.00031417 -0.000365918 0.000372527 0.00223212 0.000126449 0.00527315 0.00858977 -0.000443928 -0.00175005 -0.000341893 -0.000113007 -0.000196821 0.00178611
internal_weight=310068 140150 169918 139424 16289 123135 2314 1571 167604 743 161541 135879 133876 11470
internal_count=310068 140150 169918 139424 16289 123135 2314 1571 167604 743 161541 135879 133876 11470
is_linear=0
shrinkage=0.03


Tree=149
num_leaves=15
num_cat=0
split_feature=12 6 6 9 6 12 6 0 10 7 13 6 13 6
split_gain=32.1342 109.42 76.1747 78.8448 66.5649 62.924 58.742 58.7663 50.2972 49.625 58.5354 49.5778 54.5575 47.952
threshold=-0.0086594350134125402 -0.024380073611659333 -0.069360040780786655 1.1727086270749731 -0.53158120235152351 -0.016078451549171976 -0.53158120235152351 0.49619730130805212 2.3201865750101729 0.15242446755940203 4.5000000000000009 -0.11114666575885206 11.500000000000002 -0.020152536781241844
decision_type=8 8 8 10 10 10 10 10 2 8 2 10 2 10
left_child=1 6 3 4 -2 13 7 -1 -5 10 -10 12 -11 -3
right_child=2 5 -4 8 -6 -7 -8 -9 9 11 -12 -13 -14 -15
leaf_value=0.018763015546370297 -0.0061150083925264583 0.0039136211096685589 -0.00024430640715084767 0.0022086143006038927 0.00084324125357785685 -0.0025449690517036 -0.0012561539217179341 0.0020957763254546759 0.002951956999249163 0.011241634147843039 0.022540135241994583 -0.0050165281806076913 -0.0022803223504856956 0.00062377074220725047
leaf_weight=235 1255 4302 100614 4176 68949 5302 68206 929 221 1011 365 343 363 53805
leaf_count=235 1255 4302 100614 4176 68949 5302 68206 929 221 1011 365 343 363 53805
internal_value=3.42745e-05 -0.000318623 0.000298563 0.00101082 0.000718426 0.000582126 -0.00114195 0.00552659 0.00417609 0.00773119 0.0152403 0.00513159 0.00767392 0.000867653
internal_weight=310076 132779 177297 76683 70204 63409 69370 1164 6479 2303 586 1717 1374 58107
internal_count=310076 132779 177297 76683 70204 63409 69370 1164 6479 2303 586 1717 1374 58107
is_linear=0
shrinkage=0.03


Tree=150
num_leaves=15
num_cat=0
split_feature=13 0 0 5 3 13 13 3 5 3 12 5 1 1
split_gain=34.8142 21.3779 21.3073 37.1339 31.8607 29.4969 49.0685 72.7605 63.3513 72.5256 60.1479 52.4857 51.721 68.5433
threshold=-9.4999999999999982 0.51519407342183332 0.68235447997331289 3.7769316181212393 0.46027955249281099 3.5000000000000004 15.500000000000002 0.57575757575757402 1.3514491827987747 0.97067529911773842 0.054545733532365533 0.96469892995344841 1.2895514517338638 0.72113891009248865
decision_type=2 10 10 2 10 2 2 10 2 10 10 2 2 2
left_child=1 -1 5 4 -4 -2 -7 -8 9 10 -9 -11 13 -10
right_child=2 -3 3 -5 -6 6 7 8 12 11 -12 -13 -14 -15
leaf_value=-0.012469577240628122 -0.00028891689301998777 -0.0024751149551881539 0.0073656801537412111 0.0067462980862575874 -0.001603885641882185 0.00059206771835837902 -0.0048528294006311978 -0.00052373748260198228 -0.0028787711785220639 0.019891180576117506 0.0065702444870662955 0.0042174900155760638 -0.0017703467411253056 0.0021723831051782051
leaf_weight=297 113546 541 361 521 13776 140792 3310 4181 3355 336 1443 449 18625 8619
leaf_count=297 113546 541 361 521 13776 140792 3310 4181 3355 336 1443 449 18625 8619
internal_value=1.80258e-05 -0.00607026 3.46182e-05 -0.00108155 -0.00137232 9.01606e-05 0.000327823 -0.00059489 -0.000213455 0.0024975 0.00130065 0.0110097 -0.000781584 0.000756487
internal_weight=310152 838 309314 14658 14137 294656 181110 40318 37008 6409 5624 785 30599 11974
internal_count=310152 838 309314 14658 14137 294656 181110 40318 37008 6409 5624 785 30599 11974
is_linear=0
shrinkage=0.03


Tree=151
num_leaves=15
num_cat=0
split_feature=11 6 9 11 13 1 7 7 9 6 1 12 6 4
split_gain=28.408 60.0178 71.3129 48.7069 61.4875 89.3901 67.4828 61.7933 74.7733 61.3348 54.359 51.0912 47.8203 68.5928
threshold=1.0863422918085697 -0.57615093520583893 0.88500828125389186 1.5567473714970721 15.500000000000002 3.1519648401110696 1.0410981636928685 1.1229593765430621 0.97277251104173379 -0.12578188302010082 1.6673681222595487 -0.0024846591059457519 -0.14317786984736139 0.36173816021613464
decision_type=2 10 10 2 2 2 8 10 10 10 2 10 10 2
left_child=-1 2 -2 -3 6 9 -5 8 10 -6 -8 -10 13 -9
right_child=1 3 -4 4 5 -7 7 12 11 -11 -12 -13 -14 -15
leaf_value=-0.00016892051253505582 0.010930506886606812 0.0013120892288789019 0.00043139102125215291 -0.0010416232723383422 -0.0081459416055273837 -0.01500242726836907 0.0074492643554718669 0.0014719304396660011 0.0097197989270026829 0.0024688230994561219 0.022894285155561876 -0.0087117508842394897 -0.00047945208958571743 0.012616882495318366
leaf_weight=249092 1073 26709 1267 19758 815 594 584 1868 227 1213 318 320 5874 673
leaf_count=249092 1073 26709 1267 19758 815 594 584 1868 227 1213 318 320 5874 673
internal_value=-2.65495e-05 0.000552006 0.00525877 0.000364752 -0.000420047 -0.00481884 -2.99383e-05 0.00199601 0.00770711 -0.00180652 0.0129906 -0.00104407 0.00100861 0.00444272
internal_weight=310385 61293 2340 58953 32244 2622 29622 9864 1449 2028 902 547 8415 2541
internal_count=310385 61293 2340 58953 32244 2622 29622 9864 1449 2028 902 547 8415 2541
is_linear=0
shrinkage=0.03


Tree=152
num_leaves=15
num_cat=0
split_feature=8 8 10 11 0 7 11 5 14 1 5 12 9 2
split_gain=33.7993 33.7493 39.7488 42.0687 39.1586 34.9854 38.7081 33.7175 59.6177 40.7432 46.985 27.5924 26.109 39.9746
threshold=-0.052584131795922036 -0.054490473688531063 2.6302192190395233 0.985158095243723 0.76673463429304978 2.0729967846776365 0.29058566240444572 3.6197020449184536 1.0000000180025095e-35 0.84187826234525065 3.8189086758961133 0.064437211717112655 0.59391111497923288 0.68181818181817477
decision_type=2 2 2 2 10 10 2 2 2 2 2 10 10 10
left_child=1 4 3 11 5 7 -7 12 -9 -10 -11 -3 13 -1
right_child=-2 2 -4 -5 -6 6 -8 8 9 10 -12 -13 -14 -15
leaf_value=0.012456518533614885 7.2400451339740184e-05 -0.0063160216351059372 -0.014730502186336583 0.0062663512918754117 -0.0099348140731638779 -0.00082931730531009978 -0.012277396752298633 -0.0008978780608615343 0.020297157801358046 0.012313667712461411 -0.0039374682847743052 0.0034902267229902015 -0.00071380052997087394 -0.0026494837288904669
leaf_weight=334 269184 1558 282 374 398 607 469 1254 221 372 275 306 34064 292
leaf_count=334 269184 1558 282 374 398 607 469 1254 221 372 275 306 34064 292
internal_value=-4.95707e-05 -0.000854085 -0.00421354 -0.00285846 -0.000632443 -0.000533427 -0.00585294 -0.000377166 0.00328937 0.00930919 0.00542908 -0.00470117 -0.000601891 0.00544511
internal_weight=309990 40806 2520 2238 38286 37888 1076 36812 2122 868 647 1864 34690 626
internal_count=309990 40806 2520 2238 38286 37888 1076 36812 2122 868 647 1864 34690 626
is_linear=0
shrinkage=0.03


Tree=153
num_leaves=15
num_cat=0
split_feature=8 12 14 9 10 13 10 12 8 0 0 4 13 13
split_gain=29.7536 43.8684 37.0561 98.5059 51.9958 43.3487 45.3224 35.268 35.3068 34.7643 45.8973 34.59 33.8871 33.2286
threshold=0.066734742218222717 0.27561018578969715 1.0000000180025095e-35 1.1794550807769058 3.0524112510855943 27.500000000000004 1.266746751528897 -0.028442780176057166 0.073670674866011185 0.61786021060668805 0.56983116375647747 0.30220066798592515 12.500000000000002 -9.4999999999999982
decision_type=2 8 2 10 2 2 2 10 2 10 10 2 2 2
left_child=13 2 4 -4 5 6 -2 -8 9 10 -9 -6 -10 -1
right_child=1 -3 3 -5 11 -7 7 8 12 -11 -12 -13 -14 -15
leaf_value=-0.0061778363143410462 0.003311692109334431 0.013749145007696141 0.0014856795906985287 0.014257666583877542 0.00023609910460589364 0.011420896520823922 0.0005559777857515177 0.0031347336248153741 -0.003136221745874153 0.0098897155511769499 -0.010702206338869362 0.016471566538846887 -0.0096062278671331536 -8.925158037731232e-05
leaf_weight=804 1894 236 9960 570 209 257 3643 626 3725 310 323 267 904 286358
leaf_count=804 1894 236 9960 570 209 257 3643 626 3725 310 323 267 904 286358
internal_value=-2.33698e-05 0.00101659 0.000881149 0.00218348 -0.000247228 -0.000644976 -0.000921269 -0.00176374 -0.00319824 0.00125234 -0.00160619 0.00941952 -0.00440875 -0.000106406
internal_weight=310086 22924 22688 10530 12158 11682 11425 9531 5888 1259 949 476 4629 287162
internal_count=310086 22924 22688 10530 12158 11682 11425 9531 5888 1259 949 476 4629 287162
is_linear=0
shrinkage=0.03


Tree=154
num_leaves=15
num_cat=0
split_feature=4 11 2 3 1 12 11 0 10 6 12 12 0 9
split_gain=35.2186 48.0817 34.721 58.8867 43.7525 61.7681 45.0848 59.0038 68.22 70.9934 48.0382 72.18 58.9627 49.0734
threshold=0.23974136790960907 2.5642717587913597 0.72676825983221482 0.81818181818182023 0.6531869796676143 0.11123952472413874 -0.56004528450261293 0.51006488045461862 2.3299757201439246 0.026761741684294463 0.010334742398651843 0.077510745298462205 0.47068243924492542 0.91930461519506135
decision_type=2 2 10 8 2 10 2 10 2 8 10 10 10 10
left_child=1 2 3 -1 5 -4 -6 8 10 -10 13 12 -12 -8
right_child=-2 -3 4 -5 6 -7 7 -9 9 -11 11 -13 -14 -15
leaf_value=0.00058407521380661204 -0.00032276599920451067 -0.0048067705440738278 0.00015131480626815743 -0.00094088775696620571 0.0033811190420285722 -0.0092514106452241431 -0.0062808633664341888 -0.00023397395656401116 0.0038982324237408846 0.026267354019594433 0.002155881294413753 -0.0035749750371976961 0.021970882763754869 0.0058718271037361712
leaf_weight=74779 168330 1623 7919 32774 10418 678 744 10777 271 240 225 323 338 493
leaf_count=74779 168330 1623 7919 32774 10418 678 744 10777 271 240 225 323 338 493
internal_value=-2.94596e-05 0.000319209 0.000378812 0.00011936 0.00123923 -0.000595175 0.00190103 0.000750431 0.00477093 0.014557 0.00238678 0.0076984 0.0141406 -0.00143333
internal_weight=309932 141602 139979 107553 32426 8597 23829 13411 2634 511 2123 886 563 1237
internal_count=309932 141602 139979 107553 32426 8597 23829 13411 2634 511 2123 886 563 1237
is_linear=0
shrinkage=0.03


Tree=155
num_leaves=15
num_cat=0
split_feature=8 0 6 10 0 0 2 1 11 5 3 10 1 1
split_gain=26.2021 40.886 32.0746 29.0973 32.062 39.7052 32.5585 27.7933 27.2931 27.0146 64.3503 33.4378 48.5082 26.8308
threshold=-0.09526814298936935 0.73317101614962377 0.30927144349330321 1.3447100611114926 0.63218118054786665 0.61423897822572104 0.18749999999997211 0.40027324744152298 -1.083086305923165 2.9990240621854012 0.94285714285715183 1.9831739703713167 2.2345357575143212 0.50061270411935133
decision_type=2 10 10 2 10 10 10 2 2 2 10 2 2 2
left_child=1 2 3 -1 5 6 -5 -8 -6 11 -11 -9 -13 -2
right_child=13 -3 -4 4 8 -7 7 9 -10 10 -12 12 -14 -15
leaf_value=-0.0043030047664272698 -0.00078276527091965687 -0.012608283289841243 -0.0081071060106263186 0.0098129697731616748 0.0027502156209342089 0.01167549186505255 0.0098509486749799573 0.00072754174081557604 -0.00785992746211432 -0.00051212507981085486 0.017704022910757736 -0.0076808297207188042 0.006888700653666909 0.00015757480642919258
leaf_weight=1614 30370 289 563 312 311 300 233 1856 710 754 222 1248 242 270551
leaf_count=1614 30370 289 563 312 311 300 233 1856 710 754 222 1248 242 270551
internal_value=1.58442e-05 -0.00161119 -0.00122395 -0.000722376 0.00021427 0.00117513 0.000516571 -0.000130259 -0.00463039 -0.000679109 0.00370042 -0.0019602 -0.00529938 6.2661e-05
internal_weight=309575 8654 8365 7802 6188 5167 4867 4555 1021 4322 976 3346 1490 300921
internal_count=309575 8654 8365 7802 6188 5167 4867 4555 1021 4322 976 3346 1490 300921
is_linear=0
shrinkage=0.03


Tree=156
num_leaves=15
num_cat=0
split_feature=13 0 0 13 14 9 13 4 4 9 1 10 9 13
split_gain=33.7118 37.729 39.4854 25.3719 25.0287 44.6908 44.8489 54.0798 49.0585 43.1645 59.0963 43.089 56.2074 80.3424
threshold=-9.4999999999999982 0.51519407342183332 0.57708213107151496 45.500000000000007 1.0000000180025095e-35 0.56047140568142118 6.5000000000000009 2.0343179777008746 0.245310547481667 1.1041971420511849 3.0039964493965621 2.8293764465471654 0.83429667019775455 15.500000000000002
decision_type=2 10 10 2 2 8 2 2 2 10 2 2 10 2
left_child=1 -1 -3 4 -2 -6 9 8 -8 -7 -11 -10 -13 -14
right_child=3 2 -4 -5 5 6 7 -9 11 10 -12 12 13 -15
leaf_value=-0.014601784120171756 -0.00018935654783988756 0.0053987302871989339 -0.010566285875822992 -0.007711533090999069 0.0061275159755104953 -0.00041793578158458782 0.0020365790050539722 0.013486012711927488 0.00044409881713570364 0.0022653589801887521 -0.0062637073472142221 0.0059768108088285362 -0.0014390221632428187 -0.016203237205646849
leaf_weight=290 169667 326 236 374 1191 70558 20860 303 34002 9841 785 371 868 533
leaf_count=290 169667 326 236 374 1191 70558 20860 303 34002 9841 785 371 868 533
internal_value=2.93316e-05 -0.00591251 -0.0013395 4.57915e-05 5.53059e-05 0.000353275 0.000303264 0.000948738 0.000880477 -0.000149459 0.00163262 0.000206158 -0.00434796 -0.0070936
internal_weight=310205 852 562 309353 308979 139312 138121 56937 56634 81184 10626 35774 1772 1401
internal_count=310205 852 562 309353 308979 139312 138121 56937 56634 81184 10626 35774 1772 1401
is_linear=0
shrinkage=0.03


Tree=157
num_leaves=15
num_cat=0
split_feature=5 12 7 13 12 8 9 7 1 4 4 13 1 13
split_gain=24.9291 34.8536 74.6111 41.474 40.3297 41.1177 34.3799 34.6072 24.2509 22.687 32.5699 21.3248 66.8794 61.5543
threshold=0.60276757352655308 -0.095899012971232309 0.069313059594153278 2.5000000000000004 0.1061180281274914 -0.091862961696771869 1.2993348216857692 1.8961654087646933 0.64859332281245941 0.3509685683824893 0.16434087020181723 18.500000000000004 5.5534624209454799 32.500000000000007
decision_type=2 10 10 2 10 2 10 8 2 2 2 2 2 2
left_child=1 2 -1 -4 5 -3 7 -7 -6 10 -10 -2 -13 -14
right_child=11 4 3 -5 8 6 -8 -9 9 -11 -12 12 13 -15
leaf_value=-0.011335450712575952 0.00019218299282220064 0.0060229429890600482 -3.7923670306648175e-06 0.013032166346762944 -0.0040512711405754085 -0.0045777258571277251 0.0064842921554065141 0.0021896736067719756 0.0032076237215770509 -0.00052077612594554298 0.019433072840295187 -0.0010941697535383323 0.0077806255544851828 -0.0047080962483029244
leaf_weight=236 273302 440 383 510 265 6060 300 763 249 261 200 25403 1442 467
leaf_count=236 273302 440 383 510 265 6060 300 763 249 261 200 25403 1442 467
internal_value=6.40722e-05 -0.00143506 0.00350816 0.00747227 -0.00209039 -0.00283091 -0.00338167 -0.00381989 0.00363893 0.00651747 0.0105694 0.000112304 -0.00068691 0.00472118
internal_weight=310281 9667 1129 893 8538 7563 7123 6823 975 710 449 300614 27312 1909
internal_count=310281 9667 1129 893 8538 7563 7123 6823 975 710 449 300614 27312 1909
is_linear=0
shrinkage=0.03


Tree=158
num_leaves=15
num_cat=0
split_feature=8 5 6 12 12 9 5 1 8 12 6 9 2 12
split_gain=32.6271 44.3128 39.3717 44.5743 38.7746 76.8813 46.5518 34.6348 89.6563 80.5057 59.4144 62.7913 48.1244 43.6515
threshold=0.0021534773893002158 0.66179351899103367 -0.43411257425760424 0.17285629702861302 inf 0.7869087667714888 1.8317628118924405 2.0621368101514519 0.0042895294218596907 -0.016786072343623944 -0.024380073611659333 1.3569044628456319 0.32786885245901926 0.010334742398651843
decision_type=2 2 8 10 8 8 2 2 2 8 8 10 10 10
left_child=2 -2 3 -1 7 -6 -7 -3 -9 12 -11 13 -10 -12
right_child=1 4 -4 -5 5 6 -8 8 9 10 11 -13 -14 -15
leaf_value=0.0037089687235159498 -0.002605047547609709 0.0005528789409540042 -0.00041423943084345266 -0.0065877152091981667 0.021115943675532059 -0.0089115047547966234 0.0065467579290939609 0.0082952498463713664 0.0036172434199541648 0.0017454401602924616 0.002652358065873339 -0.014214270023514322 -0.0044086606193699937 -0.0025106593666524382
leaf_weight=3540 4648 113823 160608 419 233 251 552 963 743 9296 1968 344 6747 5824
leaf_count=3540 4648 113823 160608 419 233 251 552 963 743 9296 1968 344 6747 5824
internal_value=-5.20521e-05 0.000275404 -0.000341353 0.00261229 0.000370618 0.00613909 0.0016896 0.000327624 -0.000662794 -0.00101053 0.00010736 -0.00176419 -0.00361062 -0.00120579
internal_weight=309959 145392 164567 3959 140744 1036 803 139708 25885 24922 17432 8136 7490 7792
internal_count=309959 145392 164567 3959 140744 1036 803 139708 25885 24922 17432 8136 7490 7792
is_linear=0
shrinkage=0.03


Tree=159
num_leaves=15
num_cat=0
split_feature=11 6 0 8 12 11 8 5 7 7 2 4 2 11
split_gain=29.2581 51.5479 78.6883 72.2283 51.21 50.8783 44.4969 41.5457 41.1741 37.6896 74.0117 62.8734 63.2516 52.828
threshold=1.0863422918085697 -0.57615093520583893 0.57130360557088844 0.031102839228344437 -0.0032171637955280548 1.3720875249955486 -0.019227152728314597 1.4435855770345152 2.8534174911579302 1.0635526364433032 0.44444444444445191 1.1260246670627583 0.71852452127979005 2.2739497696782403
decision_type=2 10 10 2 8 2 2 2 10 8 10 2 10 2
left_child=-1 2 5 4 -4 -2 -7 -3 9 10 -9 12 13 -11
right_child=1 7 3 -5 -6 6 -8 8 -10 11 -12 -13 -14 -15
leaf_value=-0.00017942621022117152 -0.0071396680646448009 0.013244009915987651 0.015341228694450565 0.023281476570321105 -0.0054099713832139965 -0.0043646237229028441 0.0083554422763950659 -0.0034982722563082452 -0.0074127374066087857 0.0026604354625611401 0.00039811786371442178 -0.007096480905721095 0.017720747597907718 -0.0018045996483212936
leaf_weight=249244 468 220 200 330 220 351 814 4980 607 12359 36601 705 223 2951
leaf_count=249244 468 220 200 330 220 351 814 4980 607 12359 36601 705 223 2951
internal_value=-3.52703e-05 0.000553433 0.00487405 0.0128834 0.00453578 0.00116742 0.00452077 0.00037747 0.000327892 0.00040979 -6.89026e-05 0.00163523 0.0020337 0.00179949
internal_weight=310273 61029 2383 750 420 1633 1165 58646 58426 57819 41581 16238 15533 15310
internal_count=310273 61029 2383 750 420 1633 1165 58646 58426 57819 41581 16238 15533 15310
is_linear=0
shrinkage=0.03


Tree=160
num_leaves=15
num_cat=0
split_feature=5 12 3 1 0 4 9 12 1 0 1 1 11 4
split_gain=35.3499 39.5904 30.4677 30.4892 37.5526 44.0507 45.067 43.6346 41.9003 40.5592 64.2988 39.7591 37.4375 31.8424
threshold=0.57267957928155078 0.17285629702861302 0.37142857142856883 0.64859332281245941 0.44524276076898861 0.58253160608275489 0.79731760362247162 0.074799077698368591 0.69673287244882676 0.55958018178203817 1.4778110150455792 1.8018468006084924 -1.221743275057434 0.1667647779915947
decision_type=2 8 10 2 10 2 10 10 2 10 2 2 2 2
left_child=1 2 -1 -4 -5 7 -7 8 -6 10 -10 -12 -8 -11
right_child=-2 -3 3 4 5 6 12 -9 9 13 11 -13 -14 -15
leaf_value=0.0052687882261977159 6.3326229578735739e-05 0.0079342968859010647 -0.0061792358453102532 -0.010879854515629674 0.010763568828894397 -0.01543125389824508 -0.012171306015447129 0.0075214403572082516 -0.0026255438009324056 -0.010549856925047703 0.019218589815226467 0.0034022237960761193 0.0032260434542383466 -0.0019531234401337643
leaf_weight=444 301560 348 1805 372 249 348 210 620 1380 639 215 417 415 982
leaf_count=444 301560 348 1805 372 249 348 210 620 1380 639 215 417 415 982
internal_value=9.70512e-06 -0.00190417 -0.0023317 -0.00277586 -0.00172084 -0.00108917 -0.00686005 0.00016429 -0.00101889 -0.00184013 0.00100518 0.00889141 -0.002003 -0.00536399
internal_weight=310004 8444 8096 7652 5847 5475 973 4502 3882 3633 2012 632 625 1621
internal_count=310004 8444 8096 7652 5847 5475 973 4502 3882 3633 2012 632 625 1621
is_linear=0
shrinkage=0.03


Tree=161
num_leaves=15
num_cat=0
split_feature=13 6 6 0 13 9 12 11 1 2 13 9 4 4
split_gain=30.266 85.4283 66.8907 56.0132 46.66 107.421 52.8009 46.0851 48.3427 67.9422 71.8376 57.5268 49.4185 47.9448
threshold=18.500000000000004 inf 0.26264971225068651 0.58823883184978698 21.500000000000004 0.93245484347169316 -0.052962910418737068 2.3378043352268363 5.1409704944801362 0.79999999999998261 23.500000000000004 0.90511128303550237 0.38419116401649839 0.74723722744284105
decision_type=2 8 10 10 2 10 10 2 2 10 2 10 2 2
left_child=-1 2 7 4 -4 6 -6 8 -2 10 11 -10 -12 -14
right_child=1 -3 3 -5 5 -7 -8 -9 9 -11 12 -13 13 -15
leaf_value=6.9164853290965857e-05 -0.001474342481164542 -0.011315415344653384 -0.0047703545409627764 0.011513387632338414 0.00094429551353377686 -0.0039777685959235653 0.018005990504236992 -0.013942819416924221 0.00057070922912383565 0.017335216182229274 -0.013729919020927722 0.021269027868621664 0.011111187089274648 -0.0035844633862143383
leaf_weight=282480 22112 695 729 632 243 689 496 248 240 267 274 239 274 699
leaf_count=282480 22112 695 729 632 243 689 496 248 240 267 274 239 274 699
internal_value=-2.3848e-05 -0.000967553 -0.000700549 0.00369621 0.00138445 0.00453218 0.0124398 -0.00120474 -0.00107082 0.00339868 0.00119895 0.0110113 -0.00259911 0.000589529
internal_weight=310317 27837 27142 2789 2157 1428 739 24353 24105 1993 1726 479 1247 973
internal_count=310317 27837 27142 2789 2157 1428 739 24353 24105 1993 1726 479 1247 973
is_linear=0
shrinkage=0.03


Tree=162
num_leaves=15
num_cat=0
split_feature=6 14 9 11 5 4 2 13 9 8 8 14 6 6
split_gain=21.215 147.077 52.4468 73.3365 48.3274 51.3028 48.7466 47.5138 46.2511 46.9817 45.8296 38.5928 96.5731 87.5833
threshold=-0.41944632861272674 1.0000000180025095e-35 0.82764266181565516 1.1945053699790567 2.8041714400372517 0.1211386272577139 0.87096774193548054 1.5000000000000002 1.160225633000199 0.034161610789358865 -0.060852274829817872 1.0000000180025095e-35 0.3669218966031717 0.3669218966031717
decision_type=8 2 10 2 2 2 10 2 10 2 2 2 10 10
left_child=1 2 3 -1 5 7 -7 -3 9 10 -4 12 -2 -13
right_child=11 4 8 -5 -6 6 -8 -9 -10 -11 -12 13 -14 -15
leaf_value=-0.0027397977378191048 -0.00064272048841838348 -0.0055247459560632704 0.020785961839203494 0.015112618430855262 -0.0078122299125747852 -0.0045951443827633781 0.010267794031415953 0.011504843394930769 -0.0023734956171805252 0.02095438343256192 0.0061388783453927244 0.00053377857222344045 0.0017913119526574278 -0.0019850174677978481
leaf_weight=1179 149408 207 207 246 1198 1827 218 487 383 253 2218 122332 16263 13824
leaf_count=1179 149408 207 207 246 1198 1827 218 487 383 253 2218 122332 16263 13824
internal_value=-5.47589e-05 0.00142981 0.00514095 0.000384159 -0.00279999 -0.000597467 -0.00298955 0.00642223 0.00735116 0.00874379 0.00742936 -9.62114e-05 -0.000403738 0.00027798
internal_weight=310250 8423 4486 1425 3937 2739 2045 694 3061 2678 2425 301827 165671 136156
internal_count=310250 8423 4486 1425 3937 2739 2045 694 3061 2678 2425 301827 165671 136156
is_linear=0
shrinkage=0.03


Tree=163
num_leaves=15
num_cat=0
split_feature=11 9 6 6 0 0 14 0 9 12 6 8 7 13
split_gain=28.9192 90.1111 46.6586 49.3052 74.5514 51.1494 39.2257 38.4999 38.2422 46.9295 86.8319 62.6592 73.7379 68.5882
threshold=2.4020533266431063 0.74284582901561369 -0.13224777088556708 -0.19881737435856392 0.57057247434718394 0.5214504865642805 1.0000000180025095e-35 0.51735769989548153 0.91579223856191949 0.065704556362497848 -0.06524009659465678 -0.069860979641077195 0.79620385103065139 -1.0000000180025095e-35
decision_type=2 8 10 8 10 10 2 10 8 10 8 2 10 2
left_child=8 6 3 4 -3 -5 -2 -4 -1 -10 11 -11 -13 -14
right_child=1 2 7 5 -6 -7 -8 -9 9 10 -12 12 13 -15
leaf_value=-0.00021593924580925591 0.0010382516504324453 -0.0075730519549361752 -0.0086210957656851078 0.015985549093725588 0.0086441009995383272 0.00074120058204795488 0.015487915950566106 -0.0026836792618352085 0.00019406592090984889 0.017354387355515279 0.00010774674515399716 0.0015882640405636226 -0.006924782727903628 0.0085097067032501687
leaf_weight=172216 326 904 1477 307 350 544 348 2941 106701 291 13858 6845 281 2878
leaf_count=172216 326 904 1477 307 350 544 348 2941 106701 291 13858 6845 281 2878
internal_value=3.31625e-05 -0.00184567 -0.00292638 0.000748418 -0.00303038 0.00630188 0.00855802 -0.00467614 7.78089e-05 0.000464402 0.00165838 0.00374461 0.00334025 0.007128
internal_weight=310267 7197 6523 2105 1254 851 674 4418 303070 130854 24153 10295 10004 3159
internal_count=310267 7197 6523 2105 1254 851 674 4418 303070 130854 24153 10295 10004 3159
is_linear=0
shrinkage=0.03


Tree=164
num_leaves=15
num_cat=0
split_feature=13 5 10 1 5 11 1 1 10 3 10 6 13 3
split_gain=26.6383 37.016 38.2552 42.191 40.8353 33.2043 34.7855 49.2388 41.1764 39.4923 32.6275 46.4776 42.5865 34.8673
threshold=3.5000000000000004 1.5280924152932209 2.4296694066112301 0.69673287244882676 0.54172271721923071 -1.3882563954216203 0.67693053685501947 0.77567709048181321 1.2933195033410934 0.90666666666665996 1.0386866792779315 0.45982408221796983 1.0000000180025095e-35 0.90919382678444383
decision_type=2 2 2 2 2 2 2 2 2 10 2 8 2 10
left_child=1 2 5 -4 -5 -1 -7 8 -8 -10 11 -3 -13 -12
right_child=-2 10 3 4 -6 6 7 -9 9 -11 13 12 -14 -15
leaf_value=-0.0043637907903098056 0.00019431884796152697 -0.0034614276749304041 0.0086042284184032012 0.0085390435234975002 -0.0019206456929445265 -0.0026210828792329458 0.0083051683170472443 -0.0011057694965332023 -0.0020072966533655097 0.0083997582543632807 0.00043158650923557355 -0.0041487821809666819 0.010704634653892653 -0.00099589986834646088
leaf_weight=3409 190073 4565 670 408 1795 9722 962 12960 1313 432 63073 287 427 20369
leaf_count=3409 190073 4565 670 408 1795 9722 962 12960 1313 432 63073 287 427 20369
internal_value=-2.68398e-05 -0.000375995 -0.00125635 0.00204215 3.14596e-05 -0.00158572 -0.00121192 -0.000336915 0.0033393 0.000585758 -6.168e-05 -0.0023478 0.00474681 8.30845e-05
internal_weight=310465 120392 31671 2873 2203 28798 25389 15667 2707 1745 88721 5279 714 83442
internal_count=310465 120392 31671 2873 2203 28798 25389 15667 2707 1745 88721 5279 714 83442
is_linear=0
shrinkage=0.03


Tree=165
num_leaves=15
num_cat=0
split_feature=9 13 3 6 1 6 12 11 8 10 13 12 13 6
split_gain=30.6229 53.1991 66.6287 70.1067 73.8501 80.4584 126.136 83.2341 74.5931 54.1938 51.1252 92.7463 51.1014 49.4521
threshold=0.86871728541121707 9.5000000000000018 0.69230769230770461 -0.2783285446525966 2.4544831428578524 -0.17036547791784548 -0.0079649235811235491 0.77419619720806676 0.052433849595043595 2.7209568227642289 13.500000000000002 -0.11123121522939254 32.500000000000007 0.18208492842355409
decision_type=8 2 10 8 2 10 10 2 2 2 2 8 2 8
left_child=1 13 10 9 8 -6 7 -7 -5 -4 11 -3 -8 -1
right_child=-2 2 3 4 5 6 12 -9 -10 -11 -12 -13 -14 -15
leaf_value=-0.0011640089843717207 0.0001919454056625751 -0.014163179612232615 0.0053340544754147141 -0.00071512242644243388 -0.003438565636345421 -0.0049909900228087955 0.012467472818086908 0.011955056789221097 0.0042963602741356924 -0.010477751303009869 -0.0040379169988396081 0.0021487439596417192 -0.0026363599742864419 0.00039611250474794489
leaf_weight=75183 168923 340 4219 21524 991 1046 1879 342 3047 200 4572 3455 224 24159
leaf_count=75183 168923 340 4219 21524 991 1046 1879 342 3047 200 4572 3455 224 24159
internal_value=-8.05952e-05 -0.000406685 0.000490622 0.00108919 0.000553365 0.0040925 0.00623223 -0.000787599 -9.29109e-05 0.00460739 -0.00190315 0.00067062 0.0108563 -0.000784602
internal_weight=310104 141181 41839 33472 29053 4482 3491 1388 24571 4419 8367 3795 2103 99342
internal_count=310104 141181 41839 33472 29053 4482 3491 1388 24571 4419 8367 3795 2103 99342
is_linear=0
shrinkage=0.03


Tree=166
num_leaves=15
num_cat=0
split_feature=0 13 13 6 14 5 6 2 3 0 12 5 7 13
split_gain=27.5024 44.597 40.9711 34.1614 81.6234 56.3349 49.6134 66.4881 52.1709 50.0859 52.8974 45.8398 54.3752 73.0891
threshold=0.51451134438196677 25.500000000000004 -9.4999999999999982 0.25570068452913092 1.0000000180025095e-35 2.8517225734307918 0.068805974526662497 0.72093023255815136 0.92857142857143093 0.50713681543106615 0.10863285374001581 2.3783899201847558 0.84332335720814056 14.500000000000002
decision_type=10 2 2 8 2 2 10 10 10 10 10 2 10 2
left_child=1 2 -1 6 5 -5 8 -8 11 10 -9 12 -4 -14
right_child=-2 -3 3 4 -6 -7 7 9 -10 -11 -12 -13 13 -15
leaf_value=-0.011309750480113236 0.00024515360524239073 -0.0042044004859610644 -0.0018345332802921423 0.0022392221323720087 -0.0036350176223169193 -0.0034563428793729155 0.00059662834522970591 0.0060647457611558821 -0.0022075811950415612 -0.0036471943305484175 0.021997564041498795 0.0011833025314289254 0.00015492894039831291 0.0088134413410650165
leaf_weight=296 220177 2654 15831 5706 7915 2147 10397 2231 10748 430 201 20334 10317 954
leaf_count=296 220177 2654 15831 5706 7915 2147 10397 2231 10748 430 201 20334 10317 954
internal_value=6.4432e-05 -0.000376887 -0.000260569 -0.000222421 -0.00148603 0.000680854 5.65521e-05 0.00171229 -0.000320874 0.00575715 0.00742399 0.000106802 -0.000700941 0.000891386
internal_weight=310338 90161 87507 87211 15768 7853 71443 13259 58184 2862 2432 47436 27102 11271
internal_count=310338 90161 87507 87211 15768 7853 71443 13259 58184 2862 2432 47436 27102 11271
is_linear=0
shrinkage=0.03


Tree=167
num_leaves=15
num_cat=0
split_feature=5 3 0 6 9 0 6 12 6 9 6 6 14 2
split_gain=26.6224 45.5916 33.6348 39.8865 38.6165 27.7491 53.4509 47.1017 60.0574 37.8817 47.3037 43.192 75.9218 41.3142
threshold=0.66179351899103367 0.32898981324278315 0.63552880046712079 0.21287537692593653 1.4104788628806133 0.50322898620978307 0.35631855936309925 0.083893035836614796 0.43060704006233924 0.93245484347169316 0.13386518676621065 -0.50106103143635439 1.0000000180025095e-35 0.15789473684209995
decision_type=2 10 10 8 10 10 8 8 10 10 10 10 2 10
left_child=1 -1 4 -4 -3 6 9 -8 -9 10 11 12 -2 -12
right_child=5 2 3 -5 -6 -7 7 8 -10 -11 13 -13 -14 -15
leaf_value=0.0080662922891926708 0.017089945388275504 -0.0014508387857366579 -0.0077696154970964383 0.0064036756408387329 0.011146195892776762 0.00014224227352130478 -0.0012691583015410938 -0.011126380603076243 -0.0020796036291425763 0.00068778110791633141 -0.0057677805754379882 -0.0014659955134367539 -0.005260043328765231 0.0026672738468902888
leaf_weight=432 298 9930 1350 202 219 229088 6072 1171 1513 24288 582 29591 246 4776
leaf_count=432 298 9930 1350 202 219 229088 6072 1171 1513 24288 582 29591 246 4776
internal_value=-7.23678e-05 -0.00144955 -0.00180417 -0.00591026 -0.00117366 -1.62021e-05 -0.000545781 -0.00273418 -0.00603996 -0.000225049 -0.000849712 -0.00131153 0.00702729 0.00174651
internal_weight=309758 12133 11701 1552 10149 297625 68537 8756 2684 59781 35493 30135 544 5358
internal_count=309758 12133 11701 1552 10149 297625 68537 8756 2684 59781 35493 30135 544 5358
is_linear=0
shrinkage=0.03


Tree=168
num_leaves=15
num_cat=0
split_feature=3 6 7 11 10 1 11 4 1 12 7 5 7 12
split_gain=21.8555 51.793 44.8485 53.8369 51.7839 73.2174 65.055 49.6644 40.5489 48.8083 64.6039 54.016 65.1691 61.3054
threshold=0.86547085201793161 -1.0000000180025095e-35 0.86044355300741426 1.5830696232828416 2.0572544053984347 4.5432221491601279 -1.4687151683940238 0.74723722744284105 0.55204634777234884 0.05250726117378391 0.042434767509988987 2.303381071490191 -0.2981996174736235 -0.11757956765708087
decision_type=8 10 10 2 2 2 2 2 2 8 8 2 8 10
left_child=-1 2 3 4 5 6 -2 8 -6 11 -11 13 -13 -10
right_child=1 -3 -4 -5 7 -7 -8 -9 9 10 -12 12 -14 -15
leaf_value=0.00022448710195115812 -0.005914835844953943 0.00045222088110361306 -0.0029451480205856259 -0.0035579602231832776 -0.0023397247690531034 0.015852149450715551 -0.00065997072630514316 -0.0026098745258321546 0.0094944923123267341 0.011986094480836052 0.002455098663807804 -0.005707384754282732 0.0049918686880138646 -0.0021019919133168537
leaf_weight=189491 2235 49680 7867 4917 1790 230 39734 2659 452 1017 1722 580 4160 4012
leaf_count=189491 2235 49680 7867 4917 1790 230 39734 2659 452 1017 1722 580 4160 4012
internal_value=2.3332e-05 -0.000291538 -0.000809221 -0.000544424 -0.000291244 -0.000847089 -0.000940482 0.00113953 0.00186618 0.00249727 0.00600938 0.00144941 0.00367804 -0.000918487
internal_weight=310546 121055 71375 63508 58591 42199 41969 16392 13733 11943 2739 9204 4740 4464
internal_count=310546 121055 71375 63508 58591 42199 41969 16392 13733 11943 2739 9204 4740 4464
is_linear=0
shrinkage=0.03


Tree=169
num_leaves=15
num_cat=0
split_feature=9 8 12 11 10 9 14 1 1 6 6 11 2 11
split_gain=20.6285 49.4793 83.587 45.1547 85.6628 82.4363 54.2974 41.2826 52.0306 43.9493 35.4706 33.9679 54.8583 46.2231
threshold=0.76885861644939191 -0.020191065039703575 inf 2.2739497696782403 2.5649810501453492 0.70946541602556501 1.0000000180025095e-35 3.2322755414754747 1.8838996211593215 0.078989863308535094 -0.050926083183693786 1.0505397805720817 0.52000000000000279 1.4631969213138702
decision_type=8 2 8 2 2 10 2 2 2 10 8 2 10 2
left_child=1 7 3 10 5 -5 -6 8 9 -1 -3 -11 -13 -14
right_child=-2 2 -4 4 6 -7 -8 -9 -10 11 -12 12 13 -15
leaf_value=-0.0022028396325477367 0.0002050048514004988 0.00085319882448683753 0.017124549414234601 0.010149757142644376 0.0056785368073133773 -0.013768180881417976 0.026364190511207662 0.0035986706218492375 -0.0055921686711279967 4.472694061824351e-05 -0.00085000475755501288 0.017112363488203927 0.010271138901557397 -0.0088889363256551453
leaf_weight=13415 241402 20913 256 251 238 258 221 1344 2845 5241 23216 284 213 231
leaf_count=13415 241402 20913 256 251 238 258 221 1344 2845 5241 23216 284 213 231
internal_value=7.43076e-05 -0.00038342 0.00019609 9.81054e-05 0.00649075 -0.00198968 0.0158151 -0.00149817 -0.00180707 -0.00125023 -4.28411e-05 0.000890765 0.00693969 0.000314742
internal_weight=310328 68926 45353 45097 968 509 459 23573 22229 19384 44129 5969 728 444
internal_count=310328 68926 45353 45097 968 509 459 23573 22229 19384 44129 5969 728 444
is_linear=0
shrinkage=0.03


Tree=170
num_leaves=15
num_cat=0
split_feature=6 8 14 6 6 6 12 9 8 12 6 12 12 10
split_gain=31.5476 63.896 32.0497 120.02 95.3093 96.4558 77.9204 87.2249 83.3177 65.6494 90.9265 68.7436 57.4165 56.9644
threshold=0.95870870163032806 0.055504643795381926 1.0000000180025095e-35 -0.43411257425760424 0.3669218966031717 -0.50106103143635439 -0.044667348182374327 0.81758587708958674 0.013592687213719175 0.12694458505636777 -0.30358174296362295 0.080569898908240081 0.039498558223227571 1.7494058270354025
decision_type=10 2 2 8 10 8 10 10 2 10 8 10 10 2
left_child=2 -2 3 12 5 -4 -6 8 -8 11 -11 -5 -1 -12
right_child=1 -3 4 9 6 -7 7 -9 -10 10 13 -13 -14 -15
leaf_value=0.0034189389116065501 0.0013830507020547724 0.015186532325341969 -0.0064913842805748821 -0.00044322048615339388 -0.0099180591843809011 0.00059114914336513889 -0.00050447714445758459 -0.0037714085161464858 0.0098355332005668327 0.023264003900240696 0.0078614154060338733 -0.0038870088705338745 0.014139156478265882 -0.0015721568236466937
leaf_weight=3334 5638 314 1750 155499 1113 124531 2899 6162 920 204 1027 5393 516 1301
leaf_count=3334 5638 314 1750 155499 1113 124531 2899 6162 920 204 1027 5393 516 1301
internal_value=-3.8757e-05 0.00212339 -8.10336e-05 -0.00035988 0.000258503 0.000492746 -0.00240687 -0.00156473 0.00199604 -0.000483285 0.00430505 -0.000558771 0.0048722 0.0025974
internal_weight=310601 5952 304649 167274 137375 126281 11094 9981 3819 163424 2532 160892 3850 2328
internal_count=310601 5952 304649 167274 137375 126281 11094 9981 3819 163424 2532 160892 3850 2328
is_linear=0
shrinkage=0.03


Tree=171
num_leaves=15
num_cat=0
split_feature=11 9 6 7 11 5 5 7 11 6 0 2 9 2
split_gain=26.8336 56.2004 80.238 72.4693 41.8034 57.1145 48.4125 57.4557 56.1162 54.9677 47.5578 45.6343 43.8202 58.4727
threshold=1.0004434412533529 0.63400739528395234 -0.29065057797613331 0.3516053747836681 1.5830696232828416 2.86337769749121 2.3347456877374175 0.90303647032548662 1.7485327221379758 -0.056948707575131312 0.73317101614962377 0.73684210526317095 0.74066573699285299 0.42857142857142289
decision_type=2 10 10 10 2 2 2 10 2 10 10 10 10 10
left_child=-1 2 -2 -4 5 -3 7 -6 9 11 12 -8 13 -10
right_child=1 4 3 -5 6 -7 8 -9 10 -11 -12 -13 -14 -15
leaf_value=-0.00010691865137954035 0.020794004558941679 7.1073932045095109e-06 0.013659862015370183 -0.0008302769650585382 -0.0011099335799192936 0.0024791420956052335 0.002031311690378278 0.012089007824498454 0.011670130118727685 -0.0058306188489542126 -0.013392843237290016 -0.0062424264888404747 -0.00021564745439488139 0.0010390925733946134
leaf_weight=242617 267 18068 422 1138 584 15734 2209 597 658 3243 229 818 21584 1568
leaf_count=242617 267 18068 422 1138 584 15734 2209 597 658 3243 229 818 21584 1568
internal_value=3.99515e-05 0.000570816 0.00575312 0.00312061 0.000425375 0.00115798 -0.000361072 0.00558502 -0.000593646 -0.00312001 6.58065e-05 -0.000211145 0.000198034 0.00420071
internal_weight=309736 67119 1827 1560 65292 33802 31490 1181 30309 6270 24039 3027 23810 2226
internal_count=309736 67119 1827 1560 65292 33802 31490 1181 30309 6270 24039 3027 23810 2226
is_linear=0
shrinkage=0.03


Tree=172
num_leaves=15
num_cat=0
split_feature=13 13 7 5 9 13 13 10 13 0 6 13 13 1
split_gain=28.5719 38.5673 31.3294 28.5291 56.7464 44.9893 76.7654 191.71 77.3186 61.5063 43.7951 42.33 77.6159 63.8841
threshold=40.500000000000007 38.500000000000007 0.28906939366073159 1.0159026162335112 1.5658656874080783 31.500000000000004 34.500000000000007 2.7209568227642289 36.500000000000007 0.55822446566327633 -0.16561724209645826 27.500000000000004 26.500000000000004 2.2984177847077452
decision_type=2 2 10 2 8 2 2 2 2 10 8 2 2 2
left_child=1 3 -2 4 -1 11 -7 8 9 -8 -10 12 -5 -14
right_child=2 -3 -4 5 -6 6 7 -9 10 -11 -12 -13 13 -15
leaf_value=-0.00092376834491315972 -0.0098585549620313368 0.010888785054117946 0.0011758718980026655 0.00016698922126505287 0.011952739089631573 -0.0083113723201393847 0.0076893798641062211 -0.016962509347960866 -0.0090839840328720001 0.030105183982082364 0.010105446474126926 0.0035521696586317776 -0.012107147086839498 0.0021773812797129433
leaf_weight=32397 540 290 401 269154 306 1474 247 343 219 201 200 3292 831 423
leaf_count=32397 540 290 401 269154 306 1474 247 343 219 201 200 3292 831 423
internal_value=3.07785e-05 4.66956e-05 -0.00517496 3.6347e-05 -0.000801475 0.000135495 -0.00372602 0.00187098 0.00937637 0.0179678 8.68021e-05 0.000173429 0.000132231 -0.00729917
internal_weight=310318 309377 941 309087 32703 276384 2684 1210 867 448 419 273700 270408 1254
internal_count=310318 309377 941 309087 32703 276384 2684 1210 867 448 419 273700 270408 1254
is_linear=0
shrinkage=0.03


Tree=173
num_leaves=15
num_cat=0
split_feature=9 13 5 12 4 14 3 11 4 13 0 2 10 13
split_gain=30.1792 52.1566 78.7389 58.7083 52.2435 47.5032 40.5739 39.7009 40.9727 65.9773 57.8876 69.2468 49.3045 40.0779
threshold=0.8639797071814016 18.500000000000004 0.9073580412432517 0.11703188517225117 0.3509685683824893 1.0000000180025095e-35 0.8000000000000006 2.4020533266431063 0.38419116401649839 10.500000000000002 0.50407585839988822 0.45454545454551515 2.3003780785576322 3.5000000000000004
decision_type=8 2 2 10 2 2 10 2 2 2 10 10 2 2
left_child=-1 7 4 -4 -3 -5 -6 -2 12 10 -10 -12 -9 -14
right_child=1 2 3 5 6 -7 -8 8 9 -11 11 -13 13 -15
leaf_value=-0.00034859577829348575 0.0004970017876149025 0.015247337894909308 -0.0025057529705513359 0.013399614232136857 -0.0082200894704679162 0.00055074279761123184 0.0076248187814535722 0.0018374355778435309 -0.0085535159354616763 -0.01144305503975762 0.020303090802301919 0.0025817685202479913 -0.011113874619686891 -0.0018471836716305932
leaf_weight=137645 152083 391 13647 359 241 899 351 691 329 340 228 1353 1101 681
leaf_count=137645 152083 391 13647 359 241 899 351 691 329 340 228 1353 1101 681
internal_value=-1.72309e-05 0.000246885 -0.00139074 -0.00193382 0.00681198 0.004256 0.00115962 0.000412852 -0.00229448 0.000635004 0.00280929 0.00519336 -0.00495571 -0.00758764
internal_weight=310339 172694 15888 14905 983 1258 592 156806 4723 2250 1910 1581 2473 1782
internal_count=310339 172694 15888 14905 983 1258 592 156806 4723 2250 1910 1581 2473 1782
is_linear=0
shrinkage=0.03


Tree=174
num_leaves=15
num_cat=0
split_feature=13 10 5 11 11 4 9 10 9 11 12 7 8 7
split_gain=38.6974 31.2644 40.7461 40.3712 43.2958 42.6308 52.6579 72.0167 50.8644 37.3404 43.7425 39.433 39.5268 36.9616
threshold=3.5000000000000004 1.5957329939402054 0.54172271721923071 1.9525969983872056 0.076812921106199597 0.88918987521250969 0.74901573445509406 2.6129402984803867 0.77784718550329812 0.21408875298435767 -0.12086699480010281 0.57353740008875764 -0.052584131795922036 0.96980359012010109
decision_type=2 2 2 2 2 2 10 2 10 2 8 8 2 8
left_child=1 2 -1 4 -3 6 7 13 -8 10 -6 -11 -13 -5
right_child=-2 3 -4 5 9 -7 8 -9 -10 11 -12 12 -14 -15
leaf_value=-0.0060585222350591503 0.00029767600980781003 -0.00050816133086740924 -0.00082701592227712474 -0.0093411642749287541 0.01753906152414721 0.0048140974995493887 -0.014227338675409556 0.016165652152487268 -0.0029581066387571811 -0.00059198542065881199 0.0033579179328678387 -0.0022564267344355846 0.0021955728464391707 0.005914589371464469
leaf_weight=1374 189994 32297 47477 293 210 745 379 294 6019 11659 2250 2032 15142 270
leaf_count=1374 189994 32297 47477 293 210 745 379 294 6019 11659 2250 2032 15142 270
internal_value=3.09965e-05 -0.000389682 -0.000974764 9.60227e-06 0.000262339 -0.00199825 -0.00270063 0.00426494 -0.00363625 0.00105751 0.00460162 0.000754389 0.00166832 -0.00203724
internal_weight=310435 120441 48851 71590 63590 8000 7255 857 6398 31293 2460 28833 17174 563
internal_count=310435 120441 48851 71590 63590 8000 7255 857 6398 31293 2460 28833 17174 563
is_linear=0
shrinkage=0.03


Tree=175
num_leaves=15
num_cat=0
split_feature=3 2 12 6 12 6 6 12 12 1 9 3 9 11
split_gain=30.0014 63.2289 60.4645 37.1567 59.572 188.04 58.5699 82.0213 89.3143 90.4825 70.3013 68.5228 56.0017 55.0361
threshold=0.86547085201793161 0.61313868613139288 -0.11123121522939254 -0.096127062854440712 -0.019707277803439612 -0.50106103143635439 -0.17242550250601638 0.030205237093540119 0.059854829465192612 0.49432768375161512 0.90511128303550237 0.6666666666666422 0.62040016031067236 0.985158095243723
decision_type=8 10 8 10 8 10 10 10 10 2 10 10 10 2
left_child=3 2 -2 4 5 -1 12 11 9 -9 -10 13 -6 -8
right_child=1 -3 -4 -5 6 -7 7 8 10 -11 -12 -13 -14 -15
leaf_value=0.0066377522476227567 0.0027284897014565076 -2.3693983507869836e-05 -0.0020891186218452338 -0.00015901479894725869 0.007938408206124882 -0.0012060618508123106 0.0019362413614806742 -0.0071926535302094669 -0.0013121777893499741 0.010023311116882644 0.0061975857918920504 -0.0013218342103009011 0.00039510133707850348 0.01078574300526145
leaf_weight=3067 2577 92373 25572 108789 905 26293 2621 297 2423 3199 2082 5451 33303 830
leaf_count=3067 2577 92373 25572 108789 905 26293 2621 297 2423 3199 2082 5451 33303 830
internal_value=-3.3085e-05 -0.00040304 -0.00164767 0.000202509 0.000691234 -0.000385692 0.00130984 0.0027543 0.00495764 0.00855256 0.00216151 0.000772284 0.000595797 0.00407716
internal_weight=309782 120522 28149 189260 80471 29360 51111 16903 8001 3496 4505 8902 34208 3451
internal_count=309782 120522 28149 189260 80471 29360 51111 16903 8001 3496 4505 8902 34208 3451
is_linear=0
shrinkage=0.03


Tree=176
num_leaves=15
num_cat=0
split_feature=0 13 6 1 3 6 10 4 13 11 12 3 3 9
split_gain=29.32 63.1101 80.3673 107.856 104.303 88.5864 53.9 61.3928 68.4272 67.3978 62.4761 70.8444 59.5479 53.5473
threshold=0.57629427198249539 20.500000000000004 0.30066146557027013 6.9262498781860309 0.69230769230770461 0.21867138940058564 1.5333832434231687 0.22708213204456337 21.500000000000004 0.040304046019973262 0.051511010353239968 0.84146341463414187 0.81125076189075562 0.53126366454857055
decision_type=10 2 10 2 10 8 2 2 2 2 10 10 10 10
left_child=-1 13 3 4 -3 6 -6 9 -9 -8 12 -12 -10 -2
right_child=1 2 -4 -5 5 -7 7 8 10 -11 11 -13 -14 -15
leaf_value=-0.00022883663486471126 -0.009088218134941815 -0.008868903186395086 0.014061341992425284 0.022883175542603617 -0.00078682146581651507 -0.010141609990051094 0.018893616967956436 0.017136412111039345 -0.011646306019235778 -0.00098563289879081408 0.02453928155227772 0.0032304364373594257 0.0020837679771461455 0.00024783101695938605
leaf_weight=203548 551 764 557 214 1406 421 568 307 362 209 201 447 1257 99537
leaf_count=203548 551 764 557 214 1406 421 568 307 362 209 201 447 1257 99537
internal_value=-1.76193e-05 0.000384924 0.00319971 0.00220632 0.00144304 0.00297162 0.00414159 0.00620752 0.00396174 0.0135743 0.00214382 0.00997741 -0.00101261 0.000195983
internal_weight=310349 106801 6713 6156 5942 5178 4757 3351 2574 777 2267 648 1619 100088
internal_count=310349 106801 6713 6156 5942 5178 4757 3351 2574 777 2267 648 1619 100088
is_linear=0
shrinkage=0.03


Tree=177
num_leaves=15
num_cat=0
split_feature=8 2 7 13 2 9 1 3 13 8 1 7 8 13
split_gain=27.501 33.6405 65.9884 50.5428 44.6949 41.2297 61.907 38.9998 44.9961 36.31 35.4093 86.7617 52.8341 67.8881
threshold=-0.09526814298936935 0.75687588494288749 0.46344053515713818 -3.4999999999999996 0.96761133603238514 1.1794550807769058 2.9315157346046123 0.85714285714286642 31.500000000000004 0.032279024396289928 1.9242734038908926 0.73360244251320916 0.042997782981164565 9.5000000000000018
decision_type=2 10 8 2 10 10 2 8 2 2 2 10 2 2
left_child=-1 7 3 -3 10 -5 -7 -2 9 -9 11 12 13 -4
right_child=1 2 4 5 -6 6 -8 8 -10 -11 -12 -13 -14 -15
leaf_value=-0.0016244840487592066 0.00012480479593075805 0.010015974093417999 0.0018407647375605412 -5.6814698413256544e-05 -0.0060135287169430698 0.0031570627351465794 -0.013173228120474221 -0.0011178126867610019 -0.010252067616877285 0.00074552502191843758 0.0018149593370733511 0.015043768877122134 -0.0054958345623467358 0.011995089510014342
leaf_weight=8716 161890 467 1997 63704 522 5701 212 43694 444 11992 8565 670 521 839
leaf_count=8716 161890 467 1997 63704 522 5701 212 43694 444 11992 8565 670 521 839
internal_value=3.63076e-05 8.43902e-05 0.000597592 0.000232041 0.00255034 0.000165695 0.00256093 -0.00011146 -0.000792846 -0.000716511 0.0029076 0.00522639 0.00324755 0.00486064
internal_weight=309934 301218 83198 70084 13114 69617 5913 218020 56130 55686 12592 4027 3357 2836
internal_count=309934 301218 83198 70084 13114 69617 5913 218020 56130 55686 12592 4027 3357 2836
is_linear=0
shrinkage=0.03


Tree=178
num_leaves=15
num_cat=0
split_feature=12 2 11 9 3 0 2 8 7 7 10 9 3 13
split_gain=26.4295 52.3272 58.1412 38.9346 35.5275 51.6512 44.242 58.8985 39.6362 103.827 45.3053 34.2843 44.3292 38.7411
threshold=0.051511010353239968 0.85569574806381354 -1.8107311786792668 0.87356972875772099 0.98617670756913356 0.544602149226036 0.91352089268756409 -0.06848443914283088 -0.081137352903084423 0.10121752161832194 1.641064752625929 0.85741130218536299 0.94117647058819187 3.5000000000000004
decision_type=10 10 2 10 10 10 10 2 10 10 2 10 10 2
left_child=-1 11 3 -3 6 -6 7 -4 -7 -10 -11 12 13 -2
right_child=1 2 4 -5 5 8 -8 -9 9 10 -12 -13 -14 -15
leaf_value=-0.00015932799549249067 -0.0024508384846952417 0.0037523944166398815 0.01679337544972638 0.018902463134951315 -0.0018369948083967519 0.0035494356922032024 -0.0024221291466323194 0.0017613474352012682 0.025546885004424185 0.013798360620459464 -0.0045646461437549093 0.00078656379673348398 0.0025545981246715256 -6.8088874000996484e-05
leaf_weight=234151 10264 305 244 307 701 932 2437 4095 327 214 266 37015 3539 15279
leaf_count=234151 10264 305 244 307 701 932 2437 4095 327 214 266 37015 3539 15279
internal_value=-1.61091e-06 0.000484764 0.00252663 0.0114438 0.00192859 0.00502875 0.000809355 0.00262502 0.0077937 0.0126433 0.00368005 0.000180989 -0.000589777 -0.00102585
internal_weight=310076 75925 9828 612 9216 2440 6776 4339 1739 807 480 66097 29082 25543
internal_count=310076 75925 9828 612 9216 2440 6776 4339 1739 807 480 66097 29082 25543
is_linear=0
shrinkage=0.03


Tree=179
num_leaves=15
num_cat=0
split_feature=0 13 12 10 7 4 13 11 12 12 7 3 6 6
split_gain=22.5615 54.363 74.9969 42.6331 65.5508 55.0998 48.5597 61.4828 66.9303 64.1487 90.2729 60.7945 50.9378 46.7026
threshold=0.58252077185242701 27.500000000000004 0.036904107566973217 1.6749422744092257 1.6930025283752015 0.1270031817225907 5.5000000000000009 1.138685134767728 0.033487880020639856 0.051511010353239968 0.81923290589652253 0.4678899082568892 -0.11330162780561158 -0.073380067277236102
decision_type=10 2 10 2 8 2 2 2 10 10 8 10 10 8
left_child=3 -2 -3 6 5 -5 -1 -8 11 -10 12 -9 -11 -6
right_child=1 2 -4 4 13 -7 7 8 9 10 -12 -13 -14 -15
leaf_value=-0.001219013631072974 0.00034204347796392673 0.00075623728632047069 0.01265812773296048 0.0012095677199802284 0.0045069268691559725 -0.00035842242189457966 -0.00022294655879651784 -0.014781924920898038 0.019415981670383227 -0.0085246798499804179 0.017478049874831775 0.0021348005131474044 0.0077295570706675766 0.00074288352192452352
leaf_weight=50373 94702 1244 768 26889 5202 80669 39345 201 377 383 342 2658 309 6901
leaf_count=50373 94702 1244 768 26889 5202 80669 39345 201 377 383 342 2658 309 6901
internal_value=6.57047e-05 0.000445861 0.00531942 -0.00010639 0.000269188 3.36058e-05 -0.000584546 0.000148286 0.00356519 0.00889922 0.00498979 0.000921752 -0.00126326 0.0023619
internal_weight=310363 96714 2012 213649 119661 107558 93988 43615 4270 1411 1034 2859 692 12103
internal_count=310363 96714 2012 213649 119661 107558 93988 43615 4270 1411 1034 2859 692 12103
is_linear=0
shrinkage=0.03


Tree=180
num_leaves=15
num_cat=0
split_feature=13 5 13 8 3 12 1 9 0 1 9 9 13 0
split_gain=25.507 24.2807 39.3302 41.1454 37.3988 23.1803 36.9557 29.8944 50.4472 28.787 23.0456 34.4436 22.9932 22.5529
threshold=45.500000000000007 0.57267957928155078 23.500000000000004 0.023882497924468633 0.37142857142856883 0.1061180281274914 0.82645825441112741 1.100045998925917 0.54652676281860557 0.9124598840147583 0.70946541602556501 0.79562553569777517 -9.4999999999999982 0.51519407342183332
decision_type=2 2 2 2 10 8 2 10 10 2 10 10 2 10
left_child=1 2 3 4 -1 7 -7 -6 9 -9 -5 -12 13 -3
right_child=-2 12 -4 10 5 6 -8 8 -10 -11 11 -13 -14 -15
leaf_value=0.0090013742356314843 -0.0079147776814757799 -0.011655002451434577 0.0090370583062124709 0.0022877808864512498 -0.0029015333989933895 -0.0037153143870545732 0.010900835437688999 0.0022416045163807115 -0.0051854181236295552 0.017966514474725071 -0.016008048504140802 -0.0050094592051421255 6.7806392019598296e-05 -0.0013134170102106558
leaf_weight=324 361 286 298 254 4683 288 329 204 330 214 326 1176 301075 550
leaf_count=324 361 286 298 254 4683 288 329 204 330 214 326 1176 301075 550
internal_value=2.93266e-07 9.62785e-06 -0.0015783 -0.00197281 -0.000850337 -0.00138511 0.00410336 -0.00201184 0.00354057 0.0104094 -0.00603197 -0.00744183 5.39706e-05 -0.00489959
internal_weight=310698 310337 8426 8128 6372 6048 617 5431 748 418 1756 1502 301911 836
internal_count=310698 310337 8426 8128 6372 6048 617 5431 748 418 1756 1502 301911 836
is_linear=0
shrinkage=0.03


Tree=181
num_leaves=15
num_cat=0
split_feature=1 11 12 13 4 2 3 11 10 10 5 3 11 11
split_gain=20.2633 44.4092 52.4553 41.0955 31.9548 54.3757 47.1144 51.1672 44.8525 44.4208 44.8892 46.9941 50.9446 41.3836
threshold=0.604108451998013 -1.4687151683940238 -0.11436528018523461 13.500000000000002 0.23974136790960907 0.72676825983221482 0.83333333333331561 -1.1411808597206097 1.7095264649267012 1.1710564101556484 1.8431195950498929 0.96078431372549822 0.099692603969030139 -2.3081323790473536
decision_type=2 2 8 2 2 10 10 2 2 2 2 10 2 2
left_child=1 2 -1 -3 5 6 7 -2 9 -7 -11 -12 -13 -8
right_child=4 3 -4 -5 -6 8 13 -9 -10 10 11 12 -14 -15
leaf_value=0.0084096434651671544 -0.0019918369245045101 -8.0033666943649882e-05 -0.0053289532232564454 -0.0034183466471099104 -0.0001644450595049758 0.0038864779195552628 0.010586421673788744 0.00087594872986194105 0.0027691185137276829 0.0026636515263604808 -0.0039190893910404385 -0.0027130903582115776 0.0084336345218489518 -0.0011888982400813262
leaf_weight=271 6247 48429 2713 3558 147792 2280 267 53656 15101 2310 4184 819 664 21818
leaf_count=271 6247 48429 2713 3558 147792 2280 267 53656 15101 2310 4184 819 664 21818
internal_value=9.12171e-06 -0.000513296 -0.00406927 -0.000308815 0.000121688 0.000515619 0.000140079 0.00057674 0.00172956 0.000198441 -0.000857454 -0.00229382 0.00228932 -0.00104417
internal_weight=310109 54971 2984 51987 255138 107346 81988 59903 25358 10257 7977 5667 1483 22085
internal_count=310109 54971 2984 51987 255138 107346 81988 59903 25358 10257 7977 5667 1483 22085
is_linear=0
shrinkage=0.03


Tree=182
num_leaves=15
num_cat=0
split_feature=5 9 14 13 11 13 13 0 13 11 1 10 2 7
split_gain=28.8802 52.0846 44.5479 39.3654 54.4379 33.7196 51.0737 73.713 73.7304 41.7964 53.7479 41.6865 38.9943 49.4716
threshold=1.0159026162335112 1.4104788628806133 1.0000000180025095e-35 29.500000000000004 -2.1822372356470985 31.500000000000004 34.500000000000007 0.56844584946359278 37.500000000000007 -2.3081323790473536 0.58400849338210137 3.276426579219907 0.81999999999999296 0.17731635214221236
decision_type=2 10 2 2 2 2 2 10 2 2 2 2 10 10
left_child=1 3 -3 4 -1 9 -7 11 -9 10 -2 -8 13 -12
right_child=5 2 -4 -5 -6 6 7 8 -10 -11 12 -13 -14 -15
leaf_value=-0.0070333773982648859 -0.0089235453687698738 0.0017791015708569398 0.018869197293769482 0.0073547531104087831 -0.00086688602381222344 -0.0070549390496757883 -0.0016578709072280807 0.020890680202666448 0.0010829360548165316 0.00011437214203883577 -0.0066072071731583144 -0.015814358220524984 0.01160149376043397 0.0065435372540299354
leaf_weight=1341 242 383 210 495 30222 1474 1301 250 504 271219 358 214 697 883
leaf_count=1341 242 383 210 495 30222 1474 1301 250 504 271219 358 214 697 883
internal_value=9.49865e-06 -0.000834326 0.00793841 -0.000997814 -0.00112995 0.000108926 -0.0027173 0.000109857 0.00774485 0.000147667 0.00428026 -0.00370298 0.00594776 0.00273856
internal_weight=309793 32651 593 32058 31563 277142 3743 2269 754 273399 2180 1515 1938 1241
internal_count=309793 32651 593 32058 31563 277142 3743 2269 754 273399 2180 1515 1938 1241
is_linear=0
shrinkage=0.03


Tree=183
num_leaves=15
num_cat=0
split_feature=13 4 7 1 2 13 11 7 0 7 5 0 6 13
split_gain=24.6024 39.1059 24.4031 44.8886 83.84 52.2627 63.8325 69.421 43.6615 52.5542 48.9089 45.7667 44.4035 37.5111
threshold=-9.4999999999999982 0.46768197119560795 0.20743816922179681 2.0621368101514519 0.83333333333333381 19.500000000000004 0.38154871483168235 0.062595461153634277 0.64886586679531488 0.11440403539089637 3.0650161492464627 0.43601741262365384 -0.054929218731963096 37.500000000000007
decision_type=2 2 10 2 10 2 2 10 8 10 2 10 10 2
left_child=1 -1 3 8 -5 6 7 -6 10 -10 -2 12 -12 -4
right_child=2 -3 13 4 5 -7 -8 -9 9 -11 11 -13 -14 -15
leaf_value=-0.0085074160111261836 -0.00034761921441009408 0.0064650565183278427 0.0001965113477308566 -0.011833848712002409 0.022258757151445083 -0.0066601397233758946 -0.0073263042169337224 0.0021213715580793526 -0.001088197783689585 -0.0065513417344125304 -0.012156265245421845 0.0017706337867314679 0.0031355888506125968 0.0066335743445274584
leaf_weight=665 69789 201 205746 865 234 682 298 437 11810 1826 420 16295 283 813
leaf_count=665 69789 201 205746 865 234 682 298 437 11810 1826 420 16295 283 813
internal_value=1.97856e-05 -0.00501512 3.39544e-05 -0.000343387 -0.00429724 -0.000324817 0.0041454 0.00925664 -0.000244118 -0.0018219 3.874e-06 0.00144668 -0.0060217 0.000222007
internal_weight=310364 866 309498 102939 2516 1651 969 671 100423 13636 86787 16998 703 206559
internal_count=310364 866 309498 102939 2516 1651 969 671 100423 13636 86787 16998 703 206559
is_linear=0
shrinkage=0.03


Tree=184
num_leaves=15
num_cat=0
split_feature=4 11 13 8 8 7 11 13 0 13 0 1 4 6
split_gain=27.6374 38.7911 48.4982 38.6294 40.736 41.3952 72.0629 47.286 36.7083 41.4133 40.3375 34.4318 62.8224 34.3719
threshold=0.41995443746430644 2.6648083000762934 7.5000000000000009 0.033525575231375913 -0.013363836183186954 1.497187268430386 0.15843252009319134 2.5000000000000004 0.50482413319190078 5.5000000000000009 0.48937739662045471 0.76034298893434282 0.54595785136353758 -0.24662539040869438
decision_type=2 2 2 2 2 8 2 2 10 2 10 2 2 8
left_child=1 -1 -3 4 5 13 -7 -8 9 10 -6 12 -11 -2
right_child=3 2 -4 -5 8 6 7 -9 -10 11 -12 -13 -14 -15
leaf_value=0.00021409723725016321 0.0020747688013864718 -0.0063960498099568715 0.0064846238767185182 0.00064026294782167233 -0.0039108651040805327 -0.002195642498677557 0.0023621766399677998 0.020603397479053678 -0.0010478745108265866 -0.0048529038947037967 -0.012583483918869202 -0.0029657772669309857 0.014680696755548882 -0.00057988525844820916
leaf_weight=206489 5071 1513 314 23412 1385 516 212 323 33637 292 742 3061 292 32461
leaf_count=206489 5071 1513 314 23412 1385 516 212 323 33637 292 742 3061 292 32461
internal_value=-2.21778e-05 0.000175542 -0.00417064 -0.000428347 -0.000749147 -5.6195e-05 0.00580168 0.0134639 -0.00142748 -0.00363687 -0.00695871 -0.00169157 0.00495561 -0.000220983
internal_weight=309720 208316 1827 101404 77992 38583 1051 535 39409 5772 2127 3645 584 37532
internal_count=309720 208316 1827 101404 77992 38583 1051 535 39409 5772 2127 3645 584 37532
is_linear=0
shrinkage=0.03


Tree=185
num_leaves=15
num_cat=0
split_feature=3 2 4 1 5 6 6 5 1 8 0 0 3 7
split_gain=28.5466 72.2631 43.7515 47.2677 43.164 38.7292 45.8287 38.1067 65.9326 37.1852 38.2659 55.999 50.7819 36.9564
threshold=0.86547085201793161 0.61313868613139288 0.41995443746430644 0.64859332281245941 0.54172271721923071 0.16795558663075374 0.17702218422549124 3.9295145934745719 1.1323324290432086 0.042232666638897777 0.52414942894515149 0.62055757609084961 0.97222222222223997 0.43344330749828852
decision_type=8 10 2 2 2 10 10 2 2 2 10 10 10 10
left_child=7 4 3 9 -2 -4 -7 -1 -9 10 -3 -12 -13 -10
right_child=1 2 5 -5 -6 6 -8 8 13 -11 11 12 -14 -15
leaf_value=0.00023327333923457168 -0.0083971553363419507 -0.0028959210814728611 -0.0010787242961995134 0.0012472264099239118 -0.0014390690575563415 0.012800323756373657 0.0007523757265225304 -0.001805091491451498 0.020449428652386061 -0.0046417448078050058 0.0026061678410968505 -0.006929076979202883 0.0014421874797820909 0.0064375533567303245
leaf_weight=187299 822 3315 33725 36833 27275 289 8521 918 201 1961 5612 1290 1311 1015
leaf_count=187299 822 3315 33725 36833 27275 289 8521 918 201 1961 5612 1290 1311 1015
internal_value=4.88577e-05 -0.000311186 9.21958e-05 0.000690858 -0.00164409 -0.000616063 0.00115463 0.00027875 0.0042603 -0.000828258 -0.000177824 0.000920371 -0.00271498 0.00882792
internal_weight=310387 120954 92857 50322 28097 42535 8810 189433 2134 13489 11528 8213 2601 1216
internal_count=310387 120954 92857 50322 28097 42535 8810 189433 2134 13489 11528 8213 2601 1216
is_linear=0
shrinkage=0.03


Tree=186
num_leaves=15
num_cat=0
split_feature=13 0 6 5 6 10 13 3 6 12 6 13 13 2
split_gain=20.5423 42.404 44.0038 52.7813 46.7432 41.4113 31 78.3061 64.3511 98.228 55.6549 79.6115 83.3562 106.598
threshold=3.5000000000000004 0.68235447997331289 0.017030509663781838 3.6936486235385515 -0.013487656678092595 1.9223116015307111 15.500000000000002 0.57575757575757402 inf 0.015981529848755064 0.27668013060743318 19.500000000000004 26.500000000000004 0.84057971014493416
decision_type=2 10 10 2 10 2 2 10 8 10 10 2 2 10
left_child=-1 6 3 4 -3 -6 -2 -8 10 -10 -9 -12 13 -13
right_child=1 2 -4 -5 5 -7 7 8 9 -11 11 12 -14 -15
leaf_value=-0.00037616393057288264 0.00043355473803682328 -0.0019977816664293875 -0.0052833715713805031 0.012405404470860958 0.013342366476909973 -0.0036677537371472614 -0.004950190117629755 -0.000294689368062888 -0.0001403513786054271 -0.018539627157094309 -0.0012452447936409823 0.0073719521835692251 4.425396999125233e-05 0.027952332038371289
leaf_weight=120202 140760 5439 2490 265 348 200 3279 32201 675 421 1656 904 786 300
leaf_count=120202 140760 5439 2490 265 348 200 3279 32201 675 421 1656 904 786 300
internal_value=-6.93251e-05 0.000125081 -0.001915 -0.000570321 -0.00115453 0.00715726 0.000223674 -0.000510784 -0.000116133 -0.00726005 0.00010327 0.00361359 0.00764991 0.0125943
internal_weight=309926 189724 8742 6252 5987 548 180982 40222 36943 1096 35847 3646 1990 1204
internal_count=309926 189724 8742 6252 5987 548 180982 40222 36943 1096 35847 3646 1990 1204
is_linear=0
shrinkage=0.03


Tree=187
num_leaves=15
num_cat=0
split_feature=4 9 6 11 1 9 10 10 12 12 11 5 1 12
split_gain=18.2924 43.5926 38.1133 48.638 48.0044 47.5731 44.2096 77.6777 47.7818 41.1529 38.1887 52.354 36.2624 87.1697
threshold=0.56995472090645116 1.6919292165534776 0.15030530289019342 -0.51243222689796541 2.1453654570206075 0.70946541602556501 2.4069578804735241 2.7848363326562122 -0.011568356334278216 -0.0086594350134125402 -1.8694655058257974 0.84825657769281648 1.989450701324621 0.028584261264452408
decision_type=2 8 10 2 2 10 2 2 10 10 2 2 2 8
left_child=-1 2 10 4 5 -4 -5 8 -8 -6 11 -2 -12 -14
right_child=1 -3 3 6 9 -7 7 -9 -10 -11 12 -13 13 -15
leaf_value=8.8376048861740726e-05 -0.017434712041468514 -0.011575323995144021 -0.0032609342564780684 -0.00099938828409798096 -0.0072436790247607137 0.008232553119214777 0.0013767292447598048 -0.0025224464067449084 0.014276667564059953 0.0037263142125746307 -0.0013169588455210837 -0.0028407339440376664 -0.0012850448021531119 0.0028920869305599068
leaf_weight=245348 269 312 383 8765 521 2022 421 911 669 737 30082 1164 11399 7418
leaf_count=245348 269 312 383 8765 521 2022 421 911 669 737 30082 1164 11399 7418
internal_value=-3.02273e-05 -0.000477376 -0.00042302 0.00093603 0.00391955 0.00639923 -8.04229e-05 0.00393739 0.00932325 -0.000827593 -0.000812682 -0.00563138 -0.000670907 0.000361987
internal_weight=310421 65073 64761 14429 3663 2405 10766 2001 1090 1258 50332 1433 48899 18817
internal_count=310421 65073 64761 14429 3663 2405 10766 2001 1090 1258 50332 1433 48899 18817
is_linear=0
shrinkage=0.03


Tree=188
num_leaves=15
num_cat=0
split_feature=13 13 9 6 11 9 6 6 1 0 13 5 5 5
split_gain=25.7012 30.881 24.261 26.7716 17.1332 63.309 38.1769 57.6669 89.4079 82.5841 54.2375 35.2706 38.1218 50.1272
threshold=39.500000000000007 38.500000000000007 0.84254092718742657 -0.10050768822344684 2.4020533266431063 0.74284582901561369 -0.12578188302010082 -0.20125918291845032 1.6212612154787378 0.53956696600040543 1.0000000180025095e-35 3.9295145934745719 3.1894905625952887 3.0793149328792704
decision_type=2 2 10 8 2 10 10 8 2 10 2 2 2 2
left_child=1 4 -2 -4 -1 -6 7 8 -7 -10 -9 12 13 -8
right_child=2 -3 3 -5 5 6 11 10 9 -11 -12 -13 -14 -15
leaf_value=3.5211882177770171e-05 -0.011954571721346481 0.01114357216549771 0.0044707319224670311 -0.0071028873933464826 0.0071695732385348926 -0.009311326207428328 -0.0045560608103743985 -0.0068016150291391013 -0.0056454215728762476 0.020309489683097755 0.010045915552141035 0.0040117775157695393 -0.0061120266061890334 0.014007527322004856
leaf_weight=301945 294 219 330 384 690 809 346 218 215 218 760 441 3335 204
leaf_count=301945 294 219 330 384 690 809 346 218 215 218 760 441 3335 204
internal_value=-6.92321e-06 8.69634e-06 -0.00477764 -0.00175984 6.29169e-07 -0.00144147 -0.00235392 0.000843132 -0.00344218 0.00750462 0.00627504 -0.00399366 -0.00490637 0.00239351
internal_weight=310408 309400 1008 714 309181 7236 6546 2220 1242 433 978 4326 3885 550
internal_count=310408 309400 1008 714 309181 7236 6546 2220 1242 433 978 4326 3885 550
is_linear=0
shrinkage=0.03


Tree=189
num_leaves=15
num_cat=0
split_feature=14 8 11 5 4 13 4 4 11 5 5 4 10 0
split_gain=23.3662 58.5576 59.0681 87.1466 53.1274 37.4455 59.1301 57.6649 44.7734 46.2793 47.7916 44.8694 42.3796 52.5692
threshold=1.0000000180025095e-35 0.079962601676628789 0.67965756766016605 3.4613521981102529 0.3083489720035108 6.5000000000000009 0.245310547481667 2.0343179777008746 -0.66907521062697495 0.84825657769281648 1.0329456101365908 0.169137417725474 1.8341622865057321 0.5281269797818392
decision_type=2 2 2 2 2 2 2 2 2 2 2 2 2 10
left_child=-1 5 -3 4 -4 -2 8 12 11 -10 -11 -7 -8 -14
right_child=1 2 3 -5 -6 6 7 -9 9 10 -12 -13 13 -15
leaf_value=-0.00018040056032100346 -0.00021403756775450114 0.00075435044386923291 0.014263537539387179 -0.0028570280442761034 0.0045876582454256855 -0.001740901887976299 0.00086533579900599674 0.012898014199275236 0.0127710168726304 -0.0094058378648259489 0.0029712872811782096 0.0041976204170712395 -0.0038623905443809455 -3.9937066571520642e-05
leaf_weight=170482 78744 4025 1046 676 1007 4190 19416 307 420 282 13466 1570 4755 10128
leaf_count=170482 78744 4025 1046 676 1007 4190 19416 307 420 282 13466 1570 4755 10128
internal_value=5.54545e-05 0.000342593 0.00306674 0.00646966 0.00954018 0.000204434 0.000808647 5.89467e-05 0.0021102 0.00301661 0.00271408 -0.000120005 -5.78351e-05 -0.00126207
internal_weight=310514 140032 6754 2729 2053 133278 54534 34606 19928 14168 13748 5760 34299 14883
internal_count=310514 140032 6754 2729 2053 133278 54534 34606 19928 14168 13748 5760 34299 14883
is_linear=0
shrinkage=0.03


Tree=190
num_leaves=15
num_cat=0
split_feature=11 9 4 13 7 11 1 1 2 13 6 3 7 6
split_gain=27.9622 55.9765 39.8362 76.7076 72.3961 33.6797 93.6544 69.182 62.1218 53.6091 40.7267 37.7991 53.6007 32.2699
threshold=2.4020533266431063 0.72478346680526928 0.36173816021613464 1.5000000000000002 0.51150613932163524 2.2186862833420702 1.5801437101433842 4.5432221491601279 0.41666666666666502 7.5000000000000009 0.01433334995836111 0.73333333333331974 0.86044355300741426 0.6312408357771262
decision_type=2 10 2 2 10 2 2 2 10 2 10 10 8 8
left_child=5 -2 13 4 -4 -1 11 8 -8 10 -10 -7 -13 -3
right_child=1 2 3 -5 -6 6 7 -9 9 -11 -12 12 -14 -15
leaf_value=3.9595502019237605e-05 0.0075125891158579665 -0.0057050091339335991 -0.0058631995158215438 -0.0027511669902321794 0.013982808684500364 0.0041131870466083777 -0.00077478456121046562 -0.007683968305406047 0.025856382733354201 0.0045536495741795406 0.010825126519297608 -0.0014757919641196788 -0.017381470245151322 0.0056714894797331022
leaf_weight=299352 531 3092 234 2562 541 719 304 200 385 325 298 999 231 238
leaf_count=299352 531 3092 234 2562 541 719 304 200 385 325 298 999 231 238
internal_value=2.96987e-05 -0.00181764 -0.00256582 -0.000248036 0.00799142 7.36399e-05 0.00301394 0.00860388 0.0111065 0.0146759 0.0194244 -0.00133356 -0.00452123 -0.00488463
internal_weight=310011 7198 6667 3337 775 302813 3461 1512 1312 1008 683 1949 1230 3330
internal_count=310011 7198 6667 3337 775 302813 3461 1512 1312 1008 683 1949 1230 3330
is_linear=0
shrinkage=0.03


Tree=191
num_leaves=15
num_cat=0
split_feature=14 12 12 12 5 12 8 10 0 3 9 9 7 0
split_gain=19.0413 79.021 71.3755 63.3682 74.2216 47.0549 45.3711 51.1939 50.7338 43.886 48.1665 88.5302 54.2902 39.75
threshold=1.0000000180025095e-35 -0.15929228301783468 0.13416890337074103 0.15311870495489352 0.92656551142114696 0.080569898908240081 -0.06579574701791481 0.86808566157984035 0.63218118054786665 0.95432184959593791 0.89156058016190742 1.0957604052608405 1.0521453801402276 0.55364208712544971
decision_type=2 8 10 10 2 10 2 2 10 10 10 10 10 10
left_child=2 -2 5 -3 13 6 7 -1 -9 10 -4 12 -12 -5
right_child=1 3 9 4 -6 -7 -8 8 -10 -11 11 -13 -14 -15
leaf_value=0.0096494164516057798 -0.0096052809217228325 0.00052153188024629739 0.00064012661693911804 0.0014344002144448709 -0.002224849450699601 -0.0028699845469481351 -3.7056535463298964e-05 -0.0013023284135034795 -0.0062568299174131699 -0.0053973127144744341 0.020655659481624858 -0.00043662941905911928 0.0025595207643218155 0.012914936251418534
leaf_weight=338 723 124805 755 740 13187 6134 147206 11808 2204 312 601 449 200 425
leaf_count=338 723 124805 755 740 13187 6134 147206 11808 2204 312 601 449 200 425
internal_value=-6.38617e-06 0.000252862 -0.000219694 0.000304424 -0.00158307 -0.000292018 -0.000194051 -0.00180397 -0.00208359 0.00500403 0.00663199 0.0102341 0.0161812 0.00565987
internal_weight=309887 139880 170007 139157 14352 167690 161556 14350 14012 2317 2005 1250 801 1165
internal_count=309887 139880 170007 139157 14352 167690 161556 14350 14012 2317 2005 1250 801 1165
is_linear=0
shrinkage=0.03


Tree=192
num_leaves=15
num_cat=0
split_feature=2 3 8 12 6 10 8 11 12 5 10 6 6 0
split_gain=18.9962 52.4537 31.6358 28.0537 35.4001 27.9187 29.6265 32.4683 38.4279 27.9167 25.2564 26.9376 26.0724 35.1311
threshold=0.45454545454551515 0.88735146966854028 -0.099670970957804569 -0.31074633550812991 0.57327204927080044 1.3129721162492514 -0.0091989573560962972 0.93951198356851029 -0.0032171637955280548 3.6936486235385515 0.81711285743982487 1.2314833102203 0.21867138940058564 0.58657387752837475
decision_type=10 8 2 8 8 2 2 2 8 2 2 10 10 10
left_child=1 3 -3 4 -1 -4 -7 -8 -9 10 -5 12 -12 -14
right_child=-2 2 5 9 -6 6 7 8 -10 -11 11 -13 13 -15
leaf_value=0.014977008512176841 0.00019810083969769974 0.0073244921655978186 -0.0056151356466101901 -0.0042684243452573616 0.00064336869359305762 -0.0038815850636611752 -0.0018670977052917257 0.0092547385002829993 -0.0010453785719648327 -0.0027343837551231966 0.00029952406460085593 0.0061449413714890783 -0.00067872904384526291 -0.0059712398802459652
leaf_weight=246 228735 290 2210 1205 407 3362 2911 613 688 3458 55828 653 8903 1288
leaf_count=246 228735 290 2210 1205 407 3362 2911 613 688 3458 55828 653 8903 1288
internal_value=5.7619e-05 -0.00033394 -0.00236091 -5.01424e-05 0.00611595 -0.00265158 -0.00178371 -0.000106587 0.00382464 -0.000107011 2.70318e-05 0.00010498 4.47776e-05 -0.00135023
internal_weight=310797 82062 10074 71988 653 9784 7574 4212 1301 71335 67877 66672 66019 10191
internal_count=310797 82062 10074 71988 653 9784 7574 4212 1301 71335 67877 66672 66019 10191
is_linear=0
shrinkage=0.03


Tree=193
num_leaves=15
num_cat=0
split_feature=4 0 2 8 13 9 10 5 13 6 8 6 14 13
split_gain=21.6958 73.9241 60.392 34.9891 31.5965 19.4136 37.4728 70.2122 60.5828 84.4316 64.7279 60.9847 50.93 69.1795
threshold=2.0343179777008746 0.55427954957587056 0.72340425531914876 -0.010157380137589461 9.5000000000000018 0.86560388720653891 2.7848363326562122 1.2824079401622679 9.5000000000000018 -0.11114666575885206 -0.038636505808066157 -0.19634548619162004 1.0000000180025095e-35 15.500000000000002
decision_type=2 10 10 2 2 8 2 2 2 8 2 10 2 2
left_child=5 3 -3 -2 -4 -1 -7 -8 9 10 -9 -12 -10 -14
right_child=1 2 4 -5 -6 6 7 8 12 -11 11 -13 13 -15
leaf_value=-0.00023849035269110056 -0.014359233096793225 -0.0046740882358742211 0.0053253139750081661 0.0026918873106929614 0.019404242639528942 0.00037869981093272193 0.0040401924126559777 -0.0058829346221060518 -0.0024563152177013055 -0.002660716353603008 0.0014911096719645953 0.010905417915011914 -0.0032171363979872506 -0.016326007770949374
leaf_weight=138086 218 207 240 208 371 155857 2011 553 2438 6289 1494 1055 754 698
leaf_count=138086 218 207 240 208 371 155857 2011 553 2438 6289 1494 1055 754 698
internal_value=4.20748e-05 0.00398803 0.0092464 -0.00609916 0.0139622 2.61366e-05 0.000239643 -0.00117729 -0.00196854 -0.000663507 0.0033834 0.0054013 -0.00511419 -0.00955318
internal_weight=310479 1244 818 426 611 309235 171149 15292 13281 9391 3102 2549 3890 1452
internal_count=310479 1244 818 426 611 309235 171149 15292 13281 9391 3102 2549 3890 1452
is_linear=0
shrinkage=0.03


Tree=194
num_leaves=15
num_cat=0
split_feature=12 6 6 6 3 9 2 9 8 0 2 1 6 3
split_gain=22.8017 100.261 91.9359 91.5775 69.2696 95.5956 65.7138 57.1249 63.9153 75.8734 83.0565 71.0944 78.1545 62.4359
threshold=-0.0086594350134125402 -0.53158120235152351 -0.067177510213639199 -0.024380073611659333 0.63636363636363968 1.1727086270749731 0.85569574806381354 0.69836995208171759 -0.045054302862229008 0.44225934572578529 0.80769230769229805 2.4949748289375253 -0.10897088885760174 0.97435897435894658
decision_type=8 10 8 10 10 10 10 10 2 10 10 2 10 10
left_child=1 6 4 -3 -2 7 -1 13 9 -9 -11 -10 -13 -6
right_child=2 3 -4 -5 5 -7 -8 8 11 10 -12 12 -14 -15
leaf_value=0.0051895211972718264 0.0027024337705391513 -0.0012304315400459846 -0.00040233646123214519 0.00037717226628527839 0.0016092294063422843 0.0045202264892958265 -0.0062380960753818191 0.013769427299322116 -0.0010037496591869012 -0.00058079769990921552 0.0071573842421301407 0.00104934850212632 0.011064615943646348 0.010072606915244312
leaf_weight=4221 16435 68374 100227 59762 4976 4908 503 499 38975 4322 1750 3675 862 927
leaf_count=4221 16435 68374 100227 59762 4976 4908 503 499 38975 4322 1750 3675 862 927
internal_value=-2.51361e-05 -0.000322367 0.000197276 -0.000480668 0.000974416 0.000507849 0.00396743 0.000155732 -0.000173368 0.00258332 0.00165346 -0.00058992 0.00296227 0.00294571
internal_weight=310416 132860 177556 128136 77329 60894 4724 55986 50083 6571 6072 43512 4537 5903
internal_count=310416 132860 177556 128136 77329 60894 4724 55986 50083 6571 6072 43512 4537 5903
is_linear=0
shrinkage=0.03


Tree=195
num_leaves=15
num_cat=0
split_feature=7 13 10 13 6 13 13 3 7 0 10 1 6 12
split_gain=23.7168 40.4767 63.8209 55.3893 37.4658 59.6182 53.9231 53.7713 88.5646 51.3651 50.7928 48.9567 67.5412 44.6264
threshold=0.20743816922179681 37.500000000000007 2.0365147525848628 41.500000000000007 -0.022342506144555015 28.500000000000004 20.500000000000004 0.95238095238095888 0.15853424091533655 0.62190829119468527 2.3734493810530983 1.0059979950388169 0.27668013060743318 -0.017561999743110731
decision_type=10 2 2 2 10 2 2 10 8 10 2 2 10 10
left_child=4 -2 -3 -4 -1 6 7 9 13 -6 11 -8 -13 -9
right_child=1 2 3 -5 5 -7 10 8 -10 -11 -12 12 -14 -15
leaf_value=-0.00081513785932425798 0.00021346178939212051 -0.0037973540602986369 0.024486319968987882 0.004575317303632323 0.00016932742285716884 -0.0079200193402086307 -0.0021127473435231621 0.0051261361797231356 -0.0069241683005838465 -0.0030168081367011185 0.01579478747946076 0.0031090579534078806 0.021913892677824558 0.001189507327848646
leaf_weight=58598 206635 312 221 290 24281 768 835 4230 926 5600 336 672 227 6690
leaf_count=58598 206635 312 221 290 24281 768 835 4230 926 5600 336 672 227 6690
internal_value=5.51393e-05 0.000239993 0.00685974 0.0133404 -0.00031659 0.000338964 0.000484676 0.000249919 0.00195988 -0.000428191 0.0052049 0.00311337 0.00795227 0.00271606
internal_weight=310621 207458 823 511 103163 44565 43797 41727 11846 29881 2070 1734 899 10920
internal_count=310621 207458 823 511 103163 44565 43797 41727 11846 29881 2070 1734 899 10920
is_linear=0
shrinkage=0.03


Tree=196
num_leaves=15
num_cat=0
split_feature=13 7 13 0 13 5 3 13 3 11 3 4 5 7
split_gain=20.9551 32.0105 26.3936 57.0376 51.5659 47.1844 39.8901 34.3103 190.74 168.43 53.9042 47.9358 32.4047 38.3195
threshold=40.500000000000007 0.53018805152694426 35.500000000000007 0.55559153366881731 31.500000000000004 1.4435855770345152 0.86956521739131132 29.500000000000004 0.91803278688525858 0.72046392581509788 0.81944444444444575 0.39551950257789786 0.99889237219305127 1.1866521318961596
decision_type=2 10 2 10 2 2 8 2 10 2 10 2 2 10
left_child=2 -2 4 5 7 -4 -7 -1 9 10 11 -9 -6 -14
right_child=1 -3 3 -5 12 6 -8 8 -10 -11 -12 -13 13 -15
leaf_value=5.3131301696381704e-06 -0.0072576844647193857 0.0059703353910720179 0.01097553489097329 0.011805322616664546 0.0064383377149267104 -0.013505715446031472 0.0024993382195454897 -0.022305283940735113 0.026120739963685941 0.023898037737826023 0.0035018455713218808 -0.0049882190032563738 -0.007779712488358158 0.0058831780583937579
leaf_weight=304130 756 206 210 529 201 277 276 221 291 200 344 407 1548 206
leaf_count=304130 756 206 210 529 201 277 276 221 291 200 344 407 1548 206
internal_value=4.92666e-07 -0.00440885 1.42984e-05 0.00428488 -3.71154e-06 -0.00097208 -0.00556684 2.73979e-05 0.00460275 -0.000828291 -0.00601228 -0.0112103 -0.00485421 -0.0061629
internal_weight=309802 962 308840 1292 307548 763 553 305593 1463 1172 972 628 1955 1754
internal_count=309802 962 308840 1292 307548 763 553 305593 1463 1172 972 628 1955 1754
is_linear=0
shrinkage=0.03


Tree=197
num_leaves=15
num_cat=0
split_feature=13 1 13 9 4 9 13 11 10 2 5 13 9 12
split_gain=18.5299 32.4884 32.1531 30.6245 30.3505 41.0223 33.0247 33.2176 81.2786 49.7996 51.9364 46.5538 45.3551 60.5095
threshold=3.5000000000000004 0.48787344417196127 12.500000000000002 1.160225633000199 0.21693961567667816 1.6919292165534776 38.500000000000007 0.74709979239330038 1.1543567857758494 0.6682578381334362 2.1441689146243026 25.500000000000004 0.91393837681092338 0.0182148542954414
decision_type=2 2 2 10 2 8 2 2 2 10 2 2 10 8
left_child=-1 2 -2 -4 5 6 7 -3 9 10 -9 12 -10 -14
right_child=1 4 3 -5 -6 -7 -8 8 11 -11 -12 -13 13 -15
leaf_value=-0.0003652166037481485 -0.00068942903035308536 0.00027169348535695248 -0.0060882792140983365 0.0054004368717086651 -6.8849388190363674e-05 0.013688229012345387 0.011840335451160016 0.017958179773081364 -9.43475567370484e-05 0.019662237782115202 -0.00017151673973750457 -0.011393922163283124 0.0058527440947328865 -0.00010196093981268325
leaf_weight=120258 11201 46294 1814 232 115389 215 234 200 7132 328 464 250 3714 2616
leaf_count=120258 11201 46294 1814 232 115389 215 234 200 7132 328 464 250 3714 2616
internal_value=-7.37824e-05 0.000110601 -0.0013221 -0.00477556 0.000217961 0.000756512 0.000709992 0.000666327 0.00190828 0.010179 0.00538264 0.00130643 0.00154643 0.0033937
internal_weight=310341 190083 13247 2046 176836 61447 61232 60998 14704 992 664 13712 13462 6330
internal_count=310341 190083 13247 2046 176836 61447 61232 60998 14704 992 664 13712 13462 6330
is_linear=0
shrinkage=0.03


Tree=198
num_leaves=15
num_cat=0
split_feature=0 13 12 13 3 2 13 13 1 12 13 0 11 9
split_gain=33.9087 44.3499 75.2573 42.2341 40.9032 60.4988 52.5061 45.3244 62.8025 40.9702 40.5878 49.4965 46.5861 39.3554
threshold=0.57786641758194357 27.500000000000004 0.036904107566973217 18.500000000000004 0.46027955249281099 0.46994535519124825 20.500000000000004 19.500000000000004 2.8662457974857762 -0.14191189108014687 31.500000000000004 0.62055757609084961 -0.78678088576150784 0.80269097046543092
decision_type=10 2 10 2 10 10 2 2 2 10 2 10 2 10
left_child=3 -2 10 -1 -5 6 -6 8 -7 -9 11 -3 -12 -11
right_child=1 2 -4 4 5 7 -8 9 -10 13 12 -13 -14 -15
leaf_value=-0.00011167651769034593 0.00032404566615497099 0.011936031307988954 0.011510709953465367 -0.0090295699008838826 0.011722427814211797 -0.0085155107694710273 0.00032229833822957309 -0.0073269231268351187 0.0068077677435858146 0.0017345754608629649 -0.012351976035996364 -0.0045618563092180656 0.0032180234535622433 -0.0018682947147764183
leaf_weight=187018 102066 407 862 639 546 1611 1070 949 279 3729 357 268 328 10134
leaf_count=187018 102066 407 862 639 546 1611 1070 949 279 3729 357 268 328 10134
internal_value=-2.53039e-05 0.000415444 0.00460361 -0.000248465 -0.00159755 -0.0013359 0.00419835 -0.00187247 -0.00624151 -0.00131306 0.000199593 0.00540038 -0.00492727 -0.000898885
internal_weight=310263 104288 2222 205975 18957 18318 1616 16702 1890 14812 1360 675 685 13863
internal_count=310263 104288 2222 205975 18957 18318 1616 16702 1890 14812 1360 675 685 13863
is_linear=0
shrinkage=0.03


Tree=199
num_leaves=15
num_cat=0
split_feature=13 2 7 12 6 13 0 13 7 7 6 13 6 4
split_gain=22.1061 21.8897 33.3905 33.0918 108.246 58.4104 65.2586 64.0561 55.3172 53.0229 46.8451 45.1099 88.5802 43.4831
threshold=45.500000000000007 0.44897959183673597 0.21891634912742755 0.0021100591940080853 -0.028702304356868932 28.500000000000004 0.59800819309838249 24.500000000000004 0.61814353212463569 0.20743816922179681 -0.53158120235152351 31.500000000000004 -0.063037837003381655 1.0078503790168971
decision_type=2 10 8 8 8 2 10 2 10 10 10 2 8 2
left_child=1 2 -1 4 10 7 11 -5 -9 -8 -3 12 -7 -12
right_child=-2 3 -4 5 -6 6 9 8 -10 -11 13 -13 -14 -15
leaf_value=-0.0054142067907027953 -0.0073400682532241083 0.0057017218408736119 -0.00036547931113663635 0.00049356784618491878 0.00072329881843983829 0.017238581318051484 0.0033945747280474934 -0.0013688242627892869 -0.010473418735060179 0.020527664634225132 -0.0010122690696423989 -0.00057761474289646044 -0.0011000157967062569 -0.0043364280858279782
leaf_weight=1192 366 886 78420 109708 55455 444 298 2077 841 359 53988 1725 501 3786
leaf_count=1192 366 886 78420 109708 55455 444 298 2077 841 359 53988 1725 501 3786
internal_value=-2.14219e-05 -1.26538e-05 -0.000441407 0.000135717 -0.000226958 0.000492638 0.00440722 0.000376809 -0.0040063 0.0128408 -0.00112528 0.00231187 0.00756159 -0.00123046
internal_weight=310046 309680 79612 230068 114115 115953 3327 112626 2918 657 58660 2670 945 57774
internal_count=310046 309680 79612 230068 114115 115953 3327 112626 2918 657 58660 2670 945 57774
is_linear=0
shrinkage=0.03


Tree=200
num_leaves=15
num_cat=0
split_feature=8 8 0 11 14 9 9 10 1 11 1 1 12 0
split_gain=26.2373 37.0978 39.6573 47.327 37.6595 57.2757 48.5159 36.5595 56.1362 54.7918 48.5433 57.9981 46.3713 46.2668
threshold=0.07564098852500907 0.077698800438646895 0.58092240286797303 0.47680651957962417 1.0000000180025095e-35 1.246828712116554 1.1794550807769058 2.0033770917323963 3.9679650859735607 0.87972649809944392 0.68179903213182114 0.86327077008339348 -0.038067297660451742 0.64291848302549948
decision_type=2 2 10 2 2 10 8 2 2 2 2 2 10 10
left_child=-1 2 3 -2 5 -3 7 8 9 12 -9 -12 -6 -11
right_child=1 4 -4 -5 6 -7 -8 10 -10 13 11 -13 -14 -15
leaf_value=-5.5989647562794533e-05 0.017698387191454067 -6.038257705221785e-05 -5.1222642924746168e-05 0.0022549146433321838 0.013888335355690548 -0.011513772178171337 0.012689604759700112 0.0090127615184445783 0.018489681090535729 0.011710298066144015 -0.016756143700785753 -0.001193716499977838 -0.00023901794922783358 -0.003956034093402153
leaf_weight=293633 390 7732 539 329 219 409 380 344 204 834 241 1748 3143 210
leaf_count=293633 390 7732 539 329 219 409 380 344 204 834 241 1748 3143 210
internal_value=9.84411e-06 0.00116554 0.00610937 0.0106961 0.000761508 -0.000642509 0.00232173 0.00174556 0.00329302 0.00256925 -0.00131272 -0.00311665 0.000700493 0.00855519
internal_weight=310355 16722 1258 719 15464 8141 7323 6943 4610 4406 2333 1989 3362 1044
internal_count=310355 16722 1258 719 15464 8141 7323 6943 4610 4406 2333 1989 3362 1044
is_linear=0
shrinkage=0.03


Tree=201
num_leaves=15
num_cat=0
split_feature=13 5 13 6 4 11 12 12 12 6 6 7 8 4
split_gain=19.2655 17.9314 32.4012 47.8224 37.7237 48.6907 32.2025 32.044 34.3683 81.4513 29.4944 37.2195 28.2456 38.5691
threshold=45.500000000000007 0.6329711169079324 1.5000000000000002 -0.2783285446525966 0.29596805093324602 -0.14587021023715707 0.0032019789276628301 -0.095899012971232309 0.092967045813771257 -0.024380073611659333 -0.17478256035657366 0.53018805152694426 0.020829211600139782 0.053362815079804692
decision_type=2 2 2 8 2 2 10 10 10 8 8 8 2 2
left_child=1 2 3 -1 7 10 -7 -4 12 -10 11 -6 13 -9
right_child=-2 -3 4 -5 5 6 -8 8 9 -11 -12 -13 -14 -15
leaf_value=-0.014663579802705634 -0.0067345483049632993 5.9280036071217311e-05 0.0092667955710140915 -0.0024761586266689177 0.0063865061023018572 -0.0020589477590152194 0.013852636297233403 -0.0060742836538887398 0.020561796837165709 -0.0039583020239341554 -0.0053807334899393777 -0.0069381093978881829 -0.0054148291341245989 0.0032631240887996044
leaf_weight=317 376 298681 461 2936 490 205 251 498 239 241 2339 300 725 1907
leaf_count=317 376 298681 461 2936 490 205 251 498 239 241 2339 300 725 1907
internal_value=7.34075e-06 1.56375e-05 -0.00117875 -0.00368449 -0.000112359 -0.00235469 0.00675465 0.00186275 0.000905737 0.00833678 -0.00369089 0.00131471 -0.000245326 0.00132105
internal_weight=309966 309590 10909 3253 7656 3585 456 4071 3610 480 3129 790 3130 2405
internal_count=309966 309590 10909 3253 7656 3585 456 4071 3610 480 3129 790 3130 2405
is_linear=0
shrinkage=0.03


Tree=202
num_leaves=15
num_cat=0
split_feature=4 4 9 6 1 9 6 7 6 1 2 3 2 5
split_gain=26.384 40.3337 52.9487 35.4186 54.4699 31.8762 33.1976 35.6642 29.1012 29.3084 29.0307 51.977 47.3862 61.2121
threshold=0.23974136790960907 0.075421337454074547 1.5658656874080783 1.2314833102203 1.4540998732012218 0.67539077921527568 -0.36540946383307232 2.6299386614504221 -0.57615093520583893 6.9262498781860309 0.48387096774192356 0.73333333333331974 0.25641025641025644 2.313513613570088
decision_type=2 2 8 10 2 10 10 8 8 2 10 10 10 2
left_child=1 2 5 8 -5 6 -1 -8 -3 10 11 -10 13 -13
right_child=-2 3 -4 4 -6 -7 7 -9 9 -11 -12 12 -14 -15
leaf_value=0.0064069547242409479 -0.00021839190577065487 0.009203405845753786 0.010207030876068508 0.0025392371983088821 0.019377042449944253 -0.00022268815293357647 -0.0028879846600615143 -0.012485876496881246 0.00077183789587920994 0.0092975501390574304 0.0010386382986419332 -0.0018402268592027835 -0.0027804247989747085 0.0059694247320168864
leaf_weight=291 168777 352 420 767 219 47105 2754 395 23569 344 52379 2304 9040 1479
leaf_count=291 168777 352 420 767 219 47105 2754 395 23569 344 52379 2304 9040 1479
internal_value=3.48673e-05 0.00033712 -0.00033782 0.000717406 0.00635797 -0.000426443 -0.00321215 -0.0041098 0.000654891 0.00062061 0.000586464 -6.44035e-05 -0.00160114 0.00121688
internal_weight=310195 141418 50965 90453 986 50545 3440 3149 89467 89115 88771 36392 12823 3783
internal_count=310195 141418 50965 90453 986 50545 3440 3149 89467 89115 88771 36392 12823 3783
is_linear=0
shrinkage=0.03


Tree=203
num_leaves=15
num_cat=0
split_feature=9 2 6 3 0 9 6 1 3 6 0 12 7 1
split_gain=22.8789 37.6996 51.1813 56.8478 44.2497 39.2557 37.4801 62.3209 82.2323 64.7286 61.7367 54.3867 58.6997 75.2046
threshold=0.91579223856191949 0.91352089268756409 0.044734226221617719 0.93103448275861622 0.63898333648347272 0.63400739528395234 0.088784877463156123 1.3076444167219161 0.60714285714286109 0.45982408221796983 0.50155271727307571 0.060958792141349201 1.1100791046588083 1.967613640223268
decision_type=8 10 10 10 10 10 8 2 10 10 10 10 10 2
left_child=1 -1 5 -4 -5 -3 11 -8 -9 -10 -11 -2 -13 -14
right_child=6 2 3 4 -6 -7 7 8 9 10 -12 12 13 -15
leaf_value=-0.00012274869014892144 0.00027542001523956267 0.0043999445245072643 -0.010205798227924945 0.0041975855407065258 -0.0042529980734530267 -0.003888991845054186 0.00043214383121935237 -0.0062599285553336477 -0.0020076474032440766 -0.0073929360604860113 0.0049198878031103772 0.0013072216040074037 0.0017348297513855367 0.011011732496973823
leaf_weight=164173 74668 550 358 2500 713 7142 26932 3163 9979 426 2458 13845 1790 1401
leaf_count=164173 74668 550 358 2500 713 7142 26932 3163 9979 426 2458 13845 1790 1401
internal_value=-1.22041e-05 -0.000237964 -0.00191658 0.0010505 0.00231861 -0.00329384 0.000281911 -0.000449313 -0.00193029 -0.000863617 0.00309149 0.000624453 0.00215372 0.00581868
internal_weight=310098 175436 11263 3571 3213 7692 134662 42958 16026 12863 2884 91704 17036 3191
internal_count=310098 175436 11263 3571 3213 7692 134662 42958 16026 12863 2884 91704 17036 3191
is_linear=0
shrinkage=0.03


Tree=204
num_leaves=15
num_cat=0
split_feature=0 0 1 12 5 9 7 1 8 4 13 12 4 13
split_gain=21.878 38.7761 76.8413 54.3352 100.164 48.0666 41.5158 30.7702 40.7306 51.1873 40.6323 26.8359 30.0871 26.3002
threshold=0.68235447997331289 0.67186239197178177 2.6410862652858564 0.032705256467343687 1.5755910436711238 0.92112904132738993 0.30641001057415357 2.2345357575143212 0.061182768769131639 0.22708213204456337 11.500000000000002 0.033487880020639856 0.46768197119560795 19.500000000000004
decision_type=8 10 2 10 2 10 8 2 2 2 2 8 2 2
left_child=1 -1 3 -3 -5 6 -6 13 9 -9 11 12 -11 -2
right_child=7 2 -4 4 5 -7 -8 8 -10 10 -12 -13 -14 -15
leaf_value=7.5883735811026887e-05 -0.0018750296788538677 -0.00069185056522243682 0.017309561353940694 -0.0068277770693939508 0.01086089935168928 0.003335140344328605 0.029452328816899711 0.014896349366973427 -0.0061683973030044088 -0.0076829123540622423 0.010139029166878087 -0.0096459629063804942 0.0063969264974499613 0.0053955114281946607
leaf_weight=291427 12271 2307 312 298 240 255 207 335 392 200 360 265 405 460
leaf_count=291427 12271 2307 312 298 240 255 207 335 392 200 360 265 405 460
internal_value=5.79736e-05 0.000114237 0.00319832 0.00184287 0.00766481 0.0138217 0.0197009 -0.00107187 0.00242609 0.00459162 0.0017361 -0.00177905 0.00171761 -0.00161031
internal_weight=309734 295046 3619 3307 1000 702 447 14688 1957 1565 1230 870 605 12731
internal_count=309734 295046 3619 3307 1000 702 447 14688 1957 1565 1230 870 605 12731
is_linear=0
shrinkage=0.03


Tree=205
num_leaves=15
num_cat=0
split_feature=4 13 13 13 6 3 6 1 2 0 13 2 4 9
split_gain=17.416 40.34 30.5045 50.5613 77.1967 57.3571 48.3247 49.7825 46.6664 28.8272 24.7137 57.436 35.1845 37.5507
threshold=0.22435265457443007 38.500000000000007 26.500000000000004 22.500000000000004 0.18208492842355409 0.95432184959593791 -0.21986785505040654 2.4126847933248121 0.87096774193548054 0.51943652602853163 18.500000000000004 0.42499999999999588 0.075421337454074547 0.67539077921527568
decision_type=2 2 2 2 10 10 10 2 10 10 2 10 2 8
left_child=1 2 3 10 5 6 -5 9 -4 -8 12 -12 13 -1
right_child=-2 -3 8 4 -6 -7 7 -9 -10 -11 11 -13 -14 -15
leaf_value=-0.003415224956646186 -0.00020588194709791649 0.012410135631658593 -0.0063548490788618269 -0.0078726370564024695 0.020501093789935112 0.014602147441219864 0.00015746279870374843 -0.0076963093741373584 0.0062085894796395013 0.013545392894890479 0.008177201630681679 -0.003947965386459848 0.00066469472290012839 -0.00013435232899799336
leaf_weight=3368 175820 240 1315 451 251 293 229 226 329 389 398 2764 78515 45391
leaf_count=3368 175820 240 1315 451 251 293 229 226 329 389 398 2764 78515 45391
internal_value=-9.45548e-06 0.000247966 0.000225708 0.00027625 0.00520915 0.00273534 4.58549e-06 0.00423543 -0.00382943 0.00862557 0.000206505 -0.00241127 0.000271633 -0.000361304
internal_weight=309979 134159 133919 132275 1839 1588 1295 844 1644 618 130436 3162 127274 48759
internal_count=309979 134159 133919 132275 1839 1588 1295 844 1644 618 130436 3162 127274 48759
is_linear=0
shrinkage=0.03


Tree=206
num_leaves=15
num_cat=0
split_feature=0 4 7 2 8 2 3 8 2 13 2 3 9 1
split_gain=21.5846 27.2377 40.4176 37.1498 68.3335 61.7066 43.0281 34.6681 32.8402 55.2871 68.0665 69.0263 45.2572 50.9333
threshold=0.51451134438196677 0.12306496546209676 0.83544480518767716 0.38888888888889417 -0.013363836183186954 0.037037037037003125 0.94117647058824672 0.016440354506587897 0.71428571428588705 18.500000000000004 0.73484848484847121 0.84482758620689136 0.98645375151500148 1.6830082934680022
decision_type=10 2 10 10 2 10 10 2 10 2 10 10 8 2
left_child=1 2 -1 4 -4 -6 -7 -5 -3 10 11 -10 -12 -14
right_child=-2 8 3 7 5 6 -8 -9 9 -11 12 -13 13 -15
leaf_value=-0.00068270989934076157 0.00016654953187320796 -0.0011765238277019613 -0.0021345618222882272 0.0066779529993006648 -0.01183289246938546 0.003940089449986044 -0.0068719729535620319 -0.00034097606180412079 0.00084106639962793221 -0.0035060975569172191 -0.00074432710942203949 0.014090672771150135 0.0013451354232668588 0.0098169405281035536
leaf_weight=15534 220191 44003 4415 2054 247 5758 347 914 716 2720 8564 696 2886 816
leaf_count=15534 220191 44003 4415 2054 247 5758 347 914 716 2720 8564 696 2886 816
internal_value=6.76537e-06 -0.000385583 0.00036548 0.00155078 0.000730704 0.00272234 0.00332043 0.00451953 -0.000749532 0.000396282 0.0011733 0.00739871 0.000453945 0.00322322
internal_weight=309861 89670 29269 13735 10767 6352 6105 2968 60401 16398 13678 1412 12266 3702
internal_count=309861 89670 29269 13735 10767 6352 6105 2968 60401 16398 13678 1412 12266 3702
is_linear=0
shrinkage=0.03


Tree=207
num_leaves=15
num_cat=0
split_feature=6 9 12 13 12 5 14 4 13 10 12 1 13 12
split_gain=19.2236 61.6363 62.3656 59.669 85.0337 59.6897 73.0602 76.0768 57.2935 52.6145 47.9339 52.023 57.1632 49.6539
threshold=-0.32378826607712685 0.57970413777946728 0.14767097409053545 4.5000000000000009 -0.034372440625187677 1.7684978051697977 1.0000000180025095e-35 0.042255404996892849 22.500000000000004 1.9831739703713167 0.082159506834823662 0.75063569554359089 10.500000000000002 0.00055347750328255129
decision_type=8 10 10 2 10 2 2 2 2 2 10 2 2 10
left_child=1 -1 3 -3 9 -6 10 -8 -9 -5 11 -7 13 -13
right_child=-2 2 -4 4 5 6 7 8 -10 -11 -12 12 -14 -15
leaf_value=0.017162546524103137 -5.5248804009724368e-05 -0.00078773279710228216 -0.0038337928409507009 -0.0030033598484789721 0.0004881183121865191 -0.0010606728596006879 0.020843880276360579 0.0036653801845306058 -0.0099375418380008591 0.003596088784871642 0.02302643892636826 0.028358802892267703 0.0065495863551971872 0.01067489776557142
leaf_weight=202 288688 7549 2406 2877 2084 361 204 2307 312 1741 253 265 833 325
leaf_count=202 288688 7549 2406 2877 2084 361 204 2307 312 1741 253 265 833 325
internal_value=9.51301e-06 0.000870139 0.000713235 0.00128654 0.00264062 0.00473751 0.00655731 0.0034231 0.00202902 -0.000514149 0.0108819 0.00910002 0.0116724 0.0187892
internal_weight=310407 21719 21517 19111 11562 6944 4860 2823 2619 4618 2037 1784 1423 590
internal_count=310407 21719 21517 19111 11562 6944 4860 2823 2619 4618 2037 1784 1423 590
is_linear=0
shrinkage=0.03


Tree=208
num_leaves=15
num_cat=0
split_feature=12 5 5 12 9 3 3 1 10 9 11 3 8 12
split_gain=23.4411 45.4268 41.6391 61.6092 40.7946 64.1803 64.3496 42.865 56.0589 45.6794 44.0444 69.8278 51.185 39.7984
threshold=0.05055189489708712 3.9757363059923048 3.7137783929640871 0.055546626712771392 0.84750605670134671 0.89473684210526916 0.86363636363636032 1.528224046982664 1.8099339498195843 0.57970413777946728 0.076812921106199597 0.94285714285715183 0.013592687213719175 0.079033800660706324
decision_type=8 2 2 10 8 10 10 2 2 10 2 10 2 8
left_child=-1 2 4 -4 5 6 -2 9 10 -7 11 -9 -12 -11
right_child=1 -3 3 -5 -6 7 -8 8 -10 13 12 -13 -14 -15
leaf_value=-0.00015271344196482822 -0.00056942981716381804 0.01165512471364949 0.0090489623169808034 -0.0038790447563392203 0.0011526188421423485 0.013905230537716265 -0.0056082482120539739 0.015313583567383745 0.00043510612891745689 0.0032473916220561701 0.0077967534615443297 -0.0034263455753143018 0.026544599434997464 -0.001420290890878702
leaf_weight=230641 19469 319 362 3473 43413 221 2579 310 1153 2520 307 411 232 4707
leaf_count=230641 19469 319 362 3473 43413 221 2579 310 1153 2520 307 411 232 4707
internal_value=3.95157e-07 0.000444701 0.00039879 -0.00264853 0.000554109 -0.000260231 -0.00115997 0.00175104 0.00522164 0.000623888 0.00958267 0.00468102 0.0160361 0.000208414
internal_weight=310117 79476 79157 3835 75322 31909 22048 9861 2413 7448 1260 721 539 7227
internal_count=310117 79476 79157 3835 75322 31909 22048 9861 2413 7448 1260 721 539 7227
is_linear=0
shrinkage=0.03


Tree=209
num_leaves=15
num_cat=0
split_feature=8 7 7 12 8 1 10 9 1 10 13 11 1 1
split_gain=23.5373 36.0643 58.112 34.9227 42.9254 33.187 33.8067 65.4167 43.8284 32.9729 28.6816 35.8301 62.4612 61.3201
threshold=0.066734742218222717 1.1229593765430621 1.3283550097427976 0.11407340812406737 0.12674826464415814 5.1409704944801362 1.8840786202033508 0.85077005075300405 2.0129357589125023 3.1496060684534553 34.500000000000007 -1.4687151683940238 5.1409704944801362 5.1409704944801362
decision_type=2 8 10 8 2 2 2 10 2 2 2 2 2 2
left_child=9 -2 -3 4 5 6 8 -8 -4 -1 11 12 -11 -13
right_child=1 2 3 -5 -6 -7 7 -9 -10 10 -12 13 -14 -15
leaf_value=-3.449976936026109e-05 0.0015403507513363876 -0.0056580457112476697 0.00035547945256116407 0.011313725531101227 -0.009790798313485059 0.010393438143997426 0.014116100349368896 -0.0013859208269818028 -0.012480572140981666 -0.00013886228185949143 -0.010064574232468237 -0.002168495372683796 0.017258835114253482 -0.015909089728480291
leaf_weight=280658 17950 1792 814 270 341 322 369 708 334 1667 385 4103 204 310
leaf_count=280658 17950 1792 814 270 341 322 369 708 334 1667 385 4103 204 310
internal_value=-1.02805e-05 0.000915227 -0.0013509 0.00109826 0.00012531 0.00146949 0.000157616 0.00396604 -0.00341698 -8.40582e-05 -0.00216809 -0.00167668 0.001799 -0.00315064
internal_weight=310227 22900 4950 3158 2888 2547 2225 1077 1148 287327 6669 6284 1871 4413
internal_count=310227 22900 4950 3158 2888 2547 2225 1077 1148 287327 6669 6284 1871 4413
is_linear=0
shrinkage=0.03


Tree=210
num_leaves=15
num_cat=0
split_feature=0 5 9 0 13 8 10 11 12 12 12 5 9 2
split_gain=22.0299 37.2709 48.3262 58.464 58.9735 60.3441 62.7006 44.4571 43.1734 39.2919 39.8516 39.1196 38.0275 36.7049
threshold=0.51875945796580825 2.0800775943154934 0.72236125418275243 0.48287212735941959 5.5000000000000009 -0.024750735855137061 1.9559907568682477 2.3378043352268363 inf 0.0063159620991283258 0.049554284596658456 2.313513613570088 0.68923745282105242 0.50000000000001921
decision_type=10 2 10 10 2 2 2 2 8 8 10 2 8 8
left_child=1 13 3 11 5 -5 -7 8 -4 -6 -11 12 -3 -1
right_child=-2 2 7 4 9 6 -8 -9 -10 10 -12 -13 -14 -15
leaf_value=-0.00018493936409645376 0.0001506826545456695 6.6812032762962045e-05 0.00014435351361265754 -0.0078589993254641471 0.0055367207965047877 -0.00010614661747661577 0.015717630811980073 -0.003912300626857255 -0.010863460491039435 0.024834760948446871 0.0093236142289638523 -0.0022437736851929121 0.016280121460024801 -0.0019095310826301821
leaf_weight=22552 213163 311 44426 422 726 617 350 2676 318 257 370 2067 219 21883
leaf_count=22552 213163 311 44426 422 726 617 350 2676 318 257 370 2067 219 21883
internal_value=-1.99885e-05 -0.000394288 0.000144855 0.00284938 0.00590038 0.00154802 0.00567257 -0.000159916 6.49148e-05 0.0103464 0.0158276 -0.00037711 0.00685581 -0.00103437
internal_weight=310357 97194 52759 5339 2742 1389 967 47420 44744 1353 627 2597 530 44435
internal_count=310357 97194 52759 5339 2742 1389 967 47420 44744 1353 627 2597 530 44435
is_linear=0
shrinkage=0.03


Tree=211
num_leaves=15
num_cat=0
split_feature=4 7 9 0 10 5 13 13 13 9 1 9 10 6
split_gain=22.3012 38.7056 27.0303 70.9794 36.4732 27.9791 26.6829 29.328 44.4852 116.551 71.5414 50.7322 48.8595 40.5753
threshold=0.29596805093324602 2.4677402423527597 1.5658656874080783 0.48730448130150733 2.6129402984803867 3.1059966870312166 38.500000000000007 26.500000000000004 22.500000000000004 0.82261706126765677 2.2345357575143212 0.94206708126986916 1.7854631864113173 -0.052826789442077242
decision_type=2 10 8 8 2 2 2 2 2 10 2 10 2 10
left_child=2 -2 6 -4 -5 -6 7 8 -1 12 11 13 -10 -11
right_child=1 -3 3 4 5 -7 -8 -9 9 10 -12 -13 -14 -15
leaf_value=0.00013077512671373675 -0.00029345891690713368 -0.011923772620773593 0.020575548085233066 -0.0028071953862574012 0.014228538657429025 -0.00049846806873877841 0.0091909873759259981 -0.0033673445062926146 0.0063422634863822035 -0.0093014934855072118 -0.011664147600531577 0.0093309094084567633 0.021345884576439857 0.0072699446870252409
leaf_weight=159573 143458 253 202 703 267 202 289 2107 410 356 383 590 379 206
leaf_count=159573 143458 253 202 703 267 202 289 2107 410 356 383 590 379 206
internal_value=-4.0881e-05 -0.000314348 0.000196346 0.00437899 0.00151188 0.00794721 0.000161233 0.000145042 0.000190856 0.00430708 -0.000517973 0.00322214 0.0136384 -0.00321672
internal_weight=309378 143711 165667 1374 1172 469 164293 164004 161897 2324 1535 1152 789 562
internal_count=309378 143711 165667 1374 1172 469 164293 164004 161897 2324 1535 1152 789 562
is_linear=0
shrinkage=0.03


Tree=212
num_leaves=15
num_cat=0
split_feature=8 6 0 6 12 9 2 12 12 9 11 12 7 7
split_gain=31.7618 30.1901 48.5592 39.4891 43.5227 33.3678 42.0785 36.0667 34.4491 33.0926 33.0296 29.2516 56.3114 62.1407
threshold=-0.052584131795922036 0.29251879179221857 0.50322898620978307 0.18208492842355409 0.13047717852084065 0.80597726140406001 0.72676825983221482 0.038587490300380785 -0.087637105818306457 0.84579185218588748 0.23601626012956903 0.0050144446118890471 -0.015736555618167013 -0.1449986678837101
decision_type=2 8 10 10 10 10 10 10 10 10 2 10 10 8
left_child=1 3 10 11 5 6 7 -5 -7 -10 -3 -1 13 -13
right_child=-2 2 -4 4 -6 8 -8 -9 9 -11 -12 12 -14 -15
leaf_value=-0.0014833444110780144 7.8081080472613829e-05 -0.0036770701331970018 -0.0010075624509849419 0.010069329684746857 -0.009756956898693471 -0.0098100830561732161 0.018609883881859725 -0.0057607674142390345 -0.0078846042552771396 0.0047648114307644613 -0.012186782347022 0.00064490480603350412 -0.00074567779161653213 0.0099487002654829147
leaf_weight=20371 269373 1048 3924 338 222 203 268 204 209 1443 677 1716 9103 1032
leaf_count=20371 269373 1048 3924 338 222 203 268 204 209 1443 677 1716 9103 1032
internal_value=-4.00186e-05 -0.000820463 -0.00285498 -0.000492752 0.00286552 0.0039333 0.00899421 0.00411294 0.00170519 0.00314553 -0.00704239 -0.000794042 0.000390946 0.00415063
internal_weight=310131 40758 5649 35109 2887 2665 810 542 1855 1652 1725 32222 11851 2748
internal_count=310131 40758 5649 35109 2887 2665 810 542 1855 1652 1725 32222 11851 2748
is_linear=0
shrinkage=0.03


Tree=213
num_leaves=15
num_cat=0
split_feature=7 1 2 3 13 1 12 7 9 7 13 10 13 1
split_gain=18.5235 25.6526 18.9065 47.6075 45.6259 43.4861 74.9224 71.6646 48.5012 43.741 48.5551 53.413 41.5671 41.0585
threshold=-0.92268701017747323 0.36153285140544983 0.73333333333330575 0.84146341463414187 25.500000000000004 3.6715489098298328 -0.044667348182374327 0.66443808484831035 1.1177603555441593 0.74107989722615508 18.500000000000004 2.2252775759947006 8.5000000000000018 3.5461950874201427
decision_type=8 2 10 8 2 2 8 10 10 10 2 2 2 2
left_child=1 -1 3 13 -5 -4 7 -7 9 10 12 -12 -8 -2
right_child=2 -3 5 4 -6 6 8 -9 -10 -11 11 -13 -14 -15
leaf_value=-0.000800574623349774 0.00028953532056745246 -0.010235014866601916 0.00023518262540340301 -0.00073958016790512632 -0.0069807489422363273 0.0066497862843953705 0.0084729788863559981 -0.010798494139762253 -0.0030588158755604118 0.0031294368719600352 -0.0024779090487705739 0.015571225318497259 0.021583133702429289 -0.0016191072441610415
leaf_weight=860 141340 367 93686 57448 1069 327 477 583 564 1704 422 221 413 10923
leaf_count=860 141340 367 93686 57448 1069 327 477 583 564 1704 422 221 413 10923
internal_value=1.8716e-05 -0.00365253 3.33446e-05 -0.000126943 -0.000854182 0.000376692 0.0031876 -0.00452654 0.00503797 0.00645125 0.0101214 0.00379789 0.0146433 0.000152565
internal_weight=310404 1227 309177 210780 58517 98397 4711 910 3801 3237 1533 643 890 152263
internal_count=310404 1227 309177 210780 58517 98397 4711 910 3801 3237 1533 643 890 152263
is_linear=0
shrinkage=0.03


Tree=214
num_leaves=15
num_cat=0
split_feature=11 4 8 7 2 8 0 7 7 12 12 12 10 2
split_gain=22.183 45.3163 46.7855 43.1127 90.2098 46.8901 53.0352 35.4037 47.7982 31.8491 32.3532 31.1779 30.9966 27.6273
threshold=-1.8107311786792668 0.76838090136231951 -0.013813198521207078 0.56091053898046062 0.76190476190476619 0.031102839228344437 0.63552880046712079 0.60566851049650705 0.69202645854358225 0.042215178686191353 1.0000000180025095e-35 0.021174082270004783 2.6835709185894809 0.73333333333330575
decision_type=2 2 2 8 10 2 10 8 8 10 8 10 2 10
left_child=1 3 12 5 7 13 -7 -5 -9 10 -10 -12 -3 -1
right_child=-2 2 -4 4 -6 6 -8 8 9 -11 11 -13 -14 -15
leaf_value=-0.0030826264672671978 -1.3681445768363042e-06 0.0075684983191003493 -0.010958105899307258 0.014482537711382935 0.020797875118726977 0.002330043870187455 0.017375443257289392 -0.0082374052835249272 0.0033823126351291482 -0.0019762482033065048 0.020298632707029456 0.0043144289656004437 -0.0064823756654219453 0.0012274735304975111
leaf_weight=2131 299196 322 513 228 289 766 287 334 1117 601 236 208 244 3580
leaf_count=2131 299196 322 513 228 289 766 287 334 1117 601 236 208 244 3580
internal_value=4.69786e-05 0.00137882 -0.00444235 0.0020232 0.00500491 0.000692288 0.00649347 0.00329434 0.00224543 0.00388015 0.00613403 0.012942 0.00150751 -0.000382085
internal_weight=310052 10856 1079 9777 3013 6764 1053 2724 2496 2162 1561 444 566 5711
internal_count=310052 10856 1079 9777 3013 6764 1053 2724 2496 2162 1561 444 566 5711
is_linear=0
shrinkage=0.03


Tree=215
num_leaves=15
num_cat=0
split_feature=13 11 13 13 9 6 7 2 7 11 7 10 0 13
split_gain=20.3906 19.631 67.8697 88.5133 41.8297 135.886 46.3505 39.2565 52.0557 42.4616 51.8192 47.8996 39.4627 36.5747
threshold=-9.4999999999999982 0.76065110732789976 33.500000000000007 30.500000000000004 0.63400739528395234 -0.29476945303865942 0.33970809755023651 0.25641025641025644 2.0729967846776365 0.80396244516627113 0.93957745010658666 1.1278956248622585 0.53007897237779023 6.5000000000000009
decision_type=2 2 2 2 8 10 8 10 10 2 10 2 10 2
left_child=-1 -2 3 4 5 -3 -7 8 13 10 11 -9 -10 -6
right_child=1 2 -4 -5 7 6 -8 9 12 -11 -12 -13 -14 -15
leaf_value=-0.0045200264060371361 -2.0876487330936474e-05 0.022942761978615195 -0.01370797831020581 0.017973202218138081 0.0028532421726541564 0.0093944133435705322 -0.0008719367596049148 0.01365396976638376 0.0016349236018519909 1.6847324028928021e-05 0.011359733820033534 0.0001965148599377441 -0.0054054719253904676 0.0092086325251672894
leaf_weight=847 223285 305 296 257 5004 521 1596 262 1991 70819 616 2196 1113 971
leaf_count=847 223285 305 296 257 5004 521 1596 262 1991 70819 616 2196 1113 971
internal_value=0.000114657 0.000127424 0.00051268 0.000562622 0.000509174 0.00439133 0.00167083 0.000395594 0.00225666 0.000166794 0.00361563 0.00165576 -0.000894181 0.0038929
internal_weight=310079 309232 85947 85651 85394 2422 2117 82972 9079 73893 3074 2458 3104 5975
internal_count=310079 309232 85947 85651 85394 2422 2117 82972 9079 73893 3074 2458 3104 5975
is_linear=0
shrinkage=0.03


Tree=216
num_leaves=15
num_cat=0
split_feature=12 6 6 10 3 11 10 6 0 12 7 6 3 13
split_gain=20.9991 60.5316 68.5787 60.8978 74.6398 51.7485 49.8473 49.9065 48.4239 80.6927 68.4104 43.3033 96.8892 75.9536
threshold=-0.065803631181113417 -0.53158120235152351 -0.15008117539096535 1.9493955716778009 0.8235294117646984 1.4631969213138702 1.8527959426011165 -0.13874689678758143 0.55958018178203817 -0.083782057655187023 1.1730502971538177 -0.088205269975307019 0.63953488372093314 13.500000000000002
decision_type=10 10 10 2 10 2 2 10 10 10 10 8 10 2
left_child=1 3 -3 4 -1 -5 -4 -8 -9 10 -10 12 13 -2
right_child=11 2 6 5 -6 -7 7 8 9 -11 -12 -13 -14 -15
leaf_value=0.0053701369498318765 0.0028366826689468758 -0.0013765219019789292 -4.4461338971349572e-05 0.0049053872703322078 -0.0034010836876680523 0.016250299021090951 0.013468890028192817 0.0033447567614984862 -0.00085022432887444375 0.0055319199618603385 -0.012796515397727489 -0.00043700377633820465 -0.00011454889820411993 -0.0024500587007273856
leaf_weight=1840 18778 16730 20217 1367 1653 491 341 9195 4272 1711 475 149964 80523 2808
leaf_count=1840 18778 16730 20217 1367 1653 491 341 9195 4272 1711 475 149964 80523 2808
internal_value=6.11552e-06 0.000519239 0.000211741 0.00355848 0.00122038 0.00793899 0.00094563 0.00219676 0.00194698 -4.4246e-05 -0.00205781 -0.000112553 0.000363956 0.00214855
internal_weight=310365 58292 52941 5351 3493 1858 36211 15994 15653 6458 4747 252073 102109 21586
internal_count=310365 58292 52941 5351 3493 1858 36211 15994 15653 6458 4747 252073 102109 21586
is_linear=0
shrinkage=0.03


Tree=217
num_leaves=15
num_cat=0
split_feature=2 0 8 10 3 6 8 1 3 4 2 10 0 6
split_gain=24.0907 42.1429 40.8523 43.6282 64.558 61.9548 40.3616 38.7603 32.2536 31.612 30.0699 24.8059 23.116 31.1489
threshold=0.071507237256164133 0.40790763735102814 0.042997782981164565 1.8779283427175213 0.64285714285714624 -0.12578188302010082 0.0021534773893002158 0.97558877894314355 0.4166666666666563 0.13328747643679992 1.0000000180025095e-35 2.1012052828491048 0.46065490331626435 0.12994403872997998
decision_type=10 10 2 2 10 10 2 2 10 2 10 2 10 8
left_child=1 -1 3 6 5 8 9 -8 -5 12 -6 -7 -3 -14
right_child=-2 2 -4 4 10 11 7 -9 -10 -11 -12 -13 13 -15
leaf_value=-0.0087224734948677368 3.2388247529655466e-05 0.0011482284541399974 -0.0066340193896909068 -0.017142504197833811 0.019658115907447541 0.012631709444748451 -0.00065812628704803116 0.011332743683189799 -0.0007326834046123725 0.0024574430086121883 0.0060936096279362263 0.0010915024735425648 -0.0052464730506719542 -0.01552980253300747
leaf_weight=697 303256 313 964 221 249 246 973 318 207 480 366 508 1070 352
leaf_count=697 303256 313 964 221 249 246 973 318 207 480 366 508 1070 352
internal_value=-7.68754e-06 -0.00175161 -0.000969991 6.49176e-05 0.00385952 -0.000251925 -0.00188273 0.0023278 -0.00930609 -0.00433653 0.0116998 0.00491502 -0.00621779 -0.00783749
internal_weight=310220 6964 6267 5303 1797 1182 3506 1291 428 2215 615 754 1735 1422
internal_count=310220 6964 6267 5303 1797 1182 3506 1291 428 2215 615 754 1735 1422
is_linear=0
shrinkage=0.03


Tree=218
num_leaves=15
num_cat=0
split_feature=7 2 11 5 7 12 10 11 1 4 2 10 5 14
split_gain=26.5694 60.3546 58.5662 77.4242 60.9266 48.8596 66.184 45.086 44.749 41.7053 52.0119 41.1957 37.8643 36.1583
threshold=0.23643536884830077 0.76470588235293946 -2.0784537306324382 0.99889237219305127 0.5241519983164481 -0.091621133017961806 1.761662783013263 -0.5850892846156498 0.88482685657479854 0.10903495041211135 0.78023727864493508 1.5667445394661417 3.6197020449184536 1.0000000180025095e-35
decision_type=10 10 2 2 10 10 2 2 2 2 10 2 2 2
left_child=12 8 3 -3 -5 6 7 -4 13 -8 -11 -9 -1 -2
right_child=1 2 5 4 -6 -7 9 11 -10 10 -12 -13 -14 -15
leaf_value=-0.00059993876553238136 -5.03647504415652e-05 -0.0048205288473703685 0.010410763831325272 0.0071705933807748139 0.026480394568385891 0.00074472312401639576 -0.0031187540170264567 0.00082688910447418953 -0.00039744504906130923 -0.0029055778609896167 0.013594464514097397 -0.012569944990949856 0.0016493378696854875 0.0014880160281524309
leaf_weight=101646 30998 254 276 384 239 22571 214 682 119524 201 1123 291 7209 24708
leaf_count=101646 30998 254 276 384 239 22571 214 682 119524 201 1123 291 7209 24708
internal_value=-7.32769e-05 0.000130771 0.00147259 0.00907263 0.0147302 0.00120801 0.00495193 -0.000181185 -7.01591e-05 0.00910758 0.011088 -0.00322355 -0.00045091 0.000632045
internal_weight=310320 201465 26235 877 623 25358 2787 1249 175230 1538 1324 973 108855 55706
internal_count=310320 201465 26235 877 623 25358 2787 1249 175230 1538 1324 973 108855 55706
is_linear=0
shrinkage=0.03


Tree=219
num_leaves=15
num_cat=0
split_feature=2 12 11 9 13 9 6 9 13 6 2 13 9 1
split_gain=31.4737 44.0477 96.0446 51.4406 49.2785 59.3272 53.8875 48.0562 43.6717 43.4654 42.6931 55.0532 44.1194 40.6421
threshold=0.76190476190476619 0.051511010353239968 -1.6748933909664971 1.1041971420511849 14.500000000000002 0.73391941456340126 -0.41944632861272674 0.84082959652863931 -1.0000000180025095e-35 -0.015703232492897064 0.79999999999998261 28.500000000000004 0.77252243306924406 1.7488081271233933
decision_type=10 10 2 10 2 10 8 10 2 8 10 2 10 2
left_child=-1 10 7 4 8 13 -7 9 -4 -3 11 -2 -12 -6
right_child=1 2 3 -5 5 6 -8 -9 -10 -11 12 -13 -14 -15
leaf_value=-0.00016379173867719576 0.0019980688507493594 0.011386218231374567 0.0062014930048926347 0.0051212840387611378 0.016406641384754568 0.015472312936598948 0.00059060153558614787 0.013615195212050757 -0.00089080428212140635 -0.0047038427474243296 -0.0018756613512423094 -0.0086335663128201123 0.00021954300596872442 0.0028308746227076356
leaf_weight=226646 12815 270 833 2544 461 230 3222 865 11566 331 11871 449 37944 350
leaf_count=226646 12815 270 833 2544 461 230 3222 865 11566 331 11871 449 37944 350
internal_value=1.98449e-05 0.00051678 0.00171842 0.00115225 0.00054489 0.00332529 0.00160308 0.00910669 -0.000412016 0.00255894 0.000122879 0.00163506 -0.000279886 0.010601
internal_weight=310397 83751 20672 19206 16662 4263 3452 1466 12399 601 63079 13264 49815 811
internal_count=310397 83751 20672 19206 16662 4263 3452 1466 12399 601 63079 13264 49815 811
is_linear=0
shrinkage=0.03


Tree=220
num_leaves=15
num_cat=0
split_feature=13 13 10 13 13 6 12 6 12 8 6 3 9 6
split_gain=27.4546 34.2242 67.6247 90.4652 54.9557 44.5184 25.5012 82.5898 80.6189 86.3005 56.5632 54.6557 52.2558 48.7352
threshold=39.500000000000007 35.500000000000007 2.7848363326562122 36.500000000000007 33.500000000000007 -0.14551971594334259 -0.065803631181113417 -0.53158120235152351 -0.31074633550812991 0.024408123831360453 -0.092142542079845333 0.89655172413792739 0.85077005075300405 -0.53158120235152351
decision_type=2 2 2 2 2 10 10 10 10 2 10 10 8 10
left_child=1 4 3 -3 6 -5 7 8 9 11 -9 -1 -11 -8
right_child=-2 2 -4 5 -6 -7 13 10 -10 12 -12 -13 -14 -15
leaf_value=-1.9535799672947593e-05 -0.0049996231504414257 0.021431544009765439 -0.0081332630905316013 -0.0052157027421253065 -0.0072491720721613384 0.010495510659005381 -0.0025699281856755326 -0.0010190597916410224 0.0075902860498691643 0.019791933706567691 0.00099420435260511768 -0.011678056112638023 0.0029295262538947941 -7.0224194978679236e-05
leaf_weight=1201 992 325 273 345 942 298 7224 20781 2819 248 31730 513 484 242267
leaf_count=1201 992 325 273 345 942 298 7224 20781 2819 248 31730 513 484 242267
internal_value=-2.93254e-05 -1.33116e-05 0.00494864 0.0086609 -3.33708e-05 0.0020905 -1.11315e-05 0.000556774 0.00413702 0.000149777 0.000197443 -0.00353275 0.00873799 -0.000142653
internal_weight=310442 309450 1241 968 308209 643 307267 57776 5265 2446 52511 1714 732 249491
internal_count=310442 309450 1241 968 308209 643 307267 57776 5265 2446 52511 1714 732 249491
is_linear=0
shrinkage=0.03


Tree=221
num_leaves=15
num_cat=0
split_feature=12 6 6 13 13 0 13 8 10 6 10 7 0 13
split_gain=24.3979 70.1505 67.2003 49.4566 126.332 83.6049 46.7442 45.0692 43.7557 57.3475 54.4777 46.2364 68.9768 50.5221
threshold=-0.065803631181113417 -0.15008117539096535 -0.53158120235152351 25.500000000000004 22.500000000000004 0.55688928141934257 36.500000000000007 -0.014677542507323926 1.8779283427175213 -0.13874689678758143 1.9493955716778009 0.035729847796633678 0.55755949406650784 4.5000000000000009
decision_type=10 8 10 2 2 10 2 2 2 10 2 8 10 2
left_child=1 2 7 4 8 -6 -5 -1 -3 10 -10 -12 -13 -14
right_child=-2 3 -4 6 5 -7 -8 -9 9 -11 11 12 13 -15
leaf_value=-0.0022717483089215729 -4.0572629714468657e-05 0.00044035408294936933 -0.0013746163434796923 -0.0077460320888238171 0.025694827873925428 0.0028587217433240636 0.0080158071542301996 0.012119238950807973 -0.0071224019263310453 0.0018227664616033575 -0.0013046026221709326 0.0062002736302733154 0.01027794335681693 0.029094118489159475
leaf_weight=296 251951 22789 16612 920 314 266 203 566 206 14405 315 882 261 265
leaf_count=296 251951 22789 16612 920 314 266 203 566 206 14405 315 882 261 265
internal_value=8.74037e-05 0.000640426 -0.000950038 0.0013212 0.00149702 0.0153357 -0.00487393 0.00719295 0.00128992 0.00247474 0.00732611 0.00906916 0.0113864 0.0199423
internal_weight=310251 58300 17474 40826 39703 580 1123 862 39123 16334 1929 1723 1408 526
internal_count=310251 58300 17474 40826 39703 580 1123 862 39123 16334 1929 1723 1408 526
is_linear=0
shrinkage=0.03


Tree=222
num_leaves=15
num_cat=0
split_feature=5 11 12 9 12 8 10 7 13 12 7 12 0 12
split_gain=29.503 46.7256 42.3765 43.3165 41.8514 38.9457 28.5485 45.8295 40.7104 38.9939 73.3662 36.5556 30.6806 30.2555
threshold=0.66179351899103367 0.31262634275500106 -0.095899012971232309 1.0496721990304472 -0.12869204223863553 0.020829211600139782 2.009730341112594 2.3412978422474757 1.0000000180025095e-35 0.015225570017802672 0.84332335720814056 0.092967045813771257 0.63392277905257 0.048525170965334437
decision_type=2 2 8 10 10 2 2 8 2 8 10 10 10 10
left_child=1 2 3 4 -1 6 7 12 -9 10 -8 -11 13 -4
right_child=-2 -3 5 -5 -6 -7 9 8 -10 11 -12 -13 -14 -15
leaf_value=-0.0044290976314544676 8.1799659878656716e-05 0.012713522669197855 -0.0042208728981448394 0.013903610897149971 0.0075467706673982126 -0.0055126846549530427 0.00032521492818373511 -0.0031505063176155089 0.014532312503848892 -0.0061333703583684451 0.014597009572777812 0.0040839581409757601 -0.0097816095595220903 0.0015766709119055099
leaf_weight=620 298022 202 2876 273 448 2566 1217 217 246 923 437 473 613 1124
leaf_count=620 298022 202 2876 273 448 2566 1217 217 246 923 437 473 613 1124
internal_value=2.25143e-05 -0.00142101 -0.00166347 0.00335491 0.000606245 -0.00229415 -0.00127505 -0.00265245 0.00629957 0.00101789 0.00412857 -0.00266926 -0.0035568 -0.00259183
internal_weight=310257 12235 12033 1341 1068 10692 8126 5076 463 3050 1654 1396 4613 4000
internal_count=310257 12235 12033 1341 1068 10692 8126 5076 463 3050 1654 1396 4613 4000
is_linear=0
shrinkage=0.03


Tree=223
num_leaves=15
num_cat=0
split_feature=2 4 4 13 12 11 3 2 13 7 5 5 3 13
split_gain=28.8901 34.7968 24.5998 40.0884 33.7857 45.3587 44.0116 36.2444 37.6548 45.4766 37.0561 35.8609 39.2771 35.181
threshold=0.071507237256164133 0.17602296879631954 0.23974136790960907 38.500000000000007 0.022626070325880824 2.7941321907655676 0.72982737659164931 0.37272727272726985 11.500000000000002 1.5224520237677892 2.1554855913498678 3.9295145934745719 0.92463039836865368 28.500000000000004
decision_type=10 2 2 2 8 2 10 10 2 10 2 2 10 2
left_child=1 -1 3 -2 5 11 -7 8 9 10 -6 -4 -13 -9
right_child=2 -3 4 -5 7 6 -8 13 -10 -11 -12 12 -14 -15
leaf_value=-0.0025788989733429666 0.00035594182809881643 0.0043618063279780841 -0.00062484025417702371 0.012262214769335355 -0.00033152773304093153 0.013715087770061491 0.00064067466711108592 0.00041492885833599105 -0.008128505660545942 0.0034888182390931544 -0.0075347551864255102 0.0085540130366356989 -0.0055301427661236056 0.0041494926044112722
leaf_weight=6321 134649 720 100160 250 1591 387 568 59126 786 1360 1074 734 231 2356
leaf_count=6321 134649 720 100160 250 1591 387 568 59126 786 1360 1074 734 231 2356
internal_value=3.249e-05 -0.00186656 7.66099e-05 0.000378461 -0.000165234 -0.000507689 0.00598273 0.000362086 -0.00214421 -0.000966968 -0.00324312 -0.000569275 0.00517145 0.000558364
internal_weight=310313 7041 303272 134899 168373 102080 955 66293 4811 4025 2665 101125 965 61482
internal_count=310313 7041 303272 134899 168373 102080 955 66293 4811 4025 2665 101125 965 61482
is_linear=0
shrinkage=0.03


Tree=224
num_leaves=15
num_cat=0
split_feature=2 7 5 10 0 7 10 5 1 9 8 1 12 2
split_gain=21.8636 56.7833 51.5436 47.6426 43.296 53.2954 46.7008 66.4225 39.1481 35.6891 40.2088 39.5019 38.6915 36.8423
threshold=0.76190476190476619 0.46344053515713818 1.9421743079192904 1.1096954897029583 0.49897195295221758 0.5994623492756701 1.4810162362777628 0.66179351899103367 5.1409704944801362 1.1794550807769058 0.050512730049356927 2.9315157346046123 0.033487880020639856 0.78571428571428314
decision_type=10 8 2 2 10 10 2 2 2 10 2 2 10 10
left_child=-1 9 4 -4 5 -3 -6 -8 -9 13 11 -11 -12 -2
right_child=1 2 3 -5 6 -7 7 8 -10 10 12 -13 -14 -15
leaf_value=-0.00016395998820348083 0.0017575634613506265 0.0080535207725753472 -0.008755027591972284 0.0015171337175368419 0.0012356481515999997 -0.010725995286867933 -0.0052410369808785617 0.0094512080754104409 0.022862665033550514 0.0019775554258057663 0.0027141429157791072 -0.011392286221186319 0.017937144559215412 -0.00040529720582615299
leaf_weight=226601 8098 237 421 8835 985 306 251 1629 222 5109 336 202 270 56590
leaf_count=226601 8098 237 421 8835 985 306 251 1629 222 5109 336 202 270 56590
internal_value=-1.10535e-05 0.000403932 0.00223487 0.00104544 0.00526213 -0.00253072 0.00663476 0.00915586 0.011117 6.96359e-05 0.00229876 0.00145881 0.00958795 -0.000134423
internal_weight=310092 83491 12886 9256 3630 543 3087 2102 1851 70605 5917 5311 606 64688
internal_count=310092 83491 12886 9256 3630 543 3087 2102 1851 70605 5917 5311 606 64688
is_linear=0
shrinkage=0.03


Tree=225
num_leaves=15
num_cat=0
split_feature=4 13 11 10 2 13 13 7 4 12 8 8 1 0
split_gain=23.7563 52.22 34.4001 31.1451 42.0588 46.0107 44.2192 35.0747 65.9961 57.5483 48.5636 50.9642 37.9991 33.9317
threshold=0.31439129157136142 38.500000000000007 2.5642717587913597 1.897021406192249 0.84057971014493416 30.500000000000004 21.500000000000004 2.3412978422474757 0.17127215231298562 -0.040777853607854679 -0.015094460924265656 0.020829211600139782 1.0000277241650106 0.53203369348757612
decision_type=2 2 2 2 10 2 2 8 2 8 2 2 2 10
left_child=1 2 3 -1 5 7 -6 -5 9 10 -9 -12 13 -11
right_child=-2 -3 -4 4 6 -7 -8 8 -10 12 11 -13 -14 -15
leaf_value=-4.7964241117208024e-05 -0.00027286382837289868 0.012233194368079714 -0.0036146520667561547 0.00038670142713350964 0.0021371191549101154 -0.0088779423421032934 0.0099599109318180001 0.00023317558477687012 0.013900184917834497 0.0055491512052572231 0.020944043227479604 0.0037895241998738114 -0.0046420931055343815 -0.004596299666956247
leaf_weight=103287 136787 322 2061 55397 6971 461 713 458 460 1040 336 292 1134 410
leaf_count=103287 136787 322 2061 55397 6971 461 713 458 460 1040 336 292 1134 410
internal_value=2.27068e-05 0.000255948 0.000233304 0.000279798 0.000780024 0.000512225 0.002869 0.000585686 0.00325103 0.00189916 0.00767678 0.0130607 -0.000539183 0.0026745
internal_weight=310129 173342 173020 170959 67672 59988 7684 59527 4130 3670 1086 628 2584 1450
internal_count=310129 173342 173020 170959 67672 59988 7684 59527 4130 3670 1086 628 2584 1450
is_linear=0
shrinkage=0.03


Tree=226
num_leaves=15
num_cat=0
split_feature=5 13 3 4 4 1 11 10 4 8 10 11 8 3
split_gain=22.8163 41.3654 41.3088 38.1173 33.6167 31.776 25.3043 47.7246 38.9636 31.0697 27.1967 23.4392 29.0423 23.3936
threshold=0.66179351899103367 21.500000000000004 0.32898981324278315 0.030054947469598397 0.34770824853479637 0.73102829136385783 -2.1822372356470985 2.7209568227642289 0.17359409738843515 -0.0069865081274386133 2.6129402984803867 -1.5280913745164721 -0.099670970957804569 0.72093023255814404
decision_type=2 2 10 2 2 2 2 2 2 2 2 2 2 10
left_child=1 2 5 -4 -3 -1 9 10 -9 -5 11 13 -13 -8
right_child=-2 4 3 6 -6 -7 7 8 -10 -11 -12 12 -14 -15
leaf_value=-0.001668027060619299 1.9308466056886957e-05 0.016052231532004142 -0.008506105779504964 -0.0022506859913772465 0.00044536638779928215 0.014223449714043561 0.01035807199098847 -0.0031463219085708259 0.011496582926615423 -0.016246776290630038 -0.01223460844897349 0.0077035142955454916 -0.0024215745608084762 0.00014912488691801285
leaf_weight=202 297873 211 756 387 293 250 259 251 455 223 213 259 7628 861
leaf_count=202 297873 211 756 387 293 250 259 251 455 223 213 259 7628 861
internal_value=-3.28804e-05 -0.00130161 -0.00166386 -0.00202092 0.00707269 0.00718096 -0.00155177 -0.00118524 0.00630516 -0.00745778 -0.00176191 -0.0015076 -0.00208441 0.00254549
internal_weight=310121 12248 11744 11292 504 452 10536 9926 706 610 9220 9007 7887 1120
internal_count=310121 12248 11744 11292 504 452 10536 9926 706 610 9220 9007 7887 1120
is_linear=0
shrinkage=0.03


Tree=227
num_leaves=15
num_cat=0
split_feature=12 13 1 2 12 10 0 0 14 9 13 8 12 13
split_gain=16.1319 43.639 42.5513 61.4123 48.156 43.6187 48.2057 49.0449 43.2556 75.5881 57.2392 62.6067 47.2753 58.7697
threshold=-0.0086594350134125402 45.500000000000007 1.2539962451055069 0.97718779291287738 -0.013839371072448368 1.761662783013263 0.53392231354823705 0.51519407342183332 1.0000000180025095e-35 0.63970314924245752 1.5000000000000002 -0.060852274829817872 -0.15929228301783468 3.5000000000000004
decision_type=8 2 2 10 10 2 10 10 2 10 2 2 10 2
left_child=2 -2 8 4 -4 -6 7 -7 10 -10 11 -1 -11 -14
right_child=1 -3 3 -5 5 6 -8 -9 9 12 -12 -13 13 -15
leaf_value=-0.0038308371656807136 0.00018040333680227239 -0.012190692159220402 -0.0006094240109156112 -0.010562509681854472 -0.0084294640768394734 -0.00080147397773126599 -0.005174551411678832 0.015806367499870737 0.011181349178371221 -0.0080186344675007327 -0.00076230732744542748 0.0017845608886881759 -0.00062553849286961386 0.0029672209379191005
leaf_weight=1995 176891 252 43812 591 1379 483 1161 234 685 497 48669 16786 7537 8971
leaf_count=1995 176891 252 43812 591 1379 483 1161 234 685 497 48669 16786 7537 8971
internal_value=-2.49332e-05 0.000162461 -0.000274896 -0.000992588 -0.000871318 -0.00438789 -0.0014057 0.00469059 0.00012689 0.00144706 -0.00021943 0.00118721 0.00105177 0.00132719
internal_weight=309943 177143 132800 47660 47069 3257 1878 717 85140 17690 67450 18781 17005 16508
internal_count=309943 177143 132800 47660 47069 3257 1878 717 85140 17690 67450 18781 17005 16508
is_linear=0
shrinkage=0.03


Tree=228
num_leaves=15
num_cat=0
split_feature=1 6 11 12 14 13 1 7 11 5 9 12 4 5
split_gain=22.5474 39.1976 61.1791 28.3177 39.674 29.3496 26.2354 24.5386 24.0175 23.7854 73.5658 49.023 25.9813 25.1054
threshold=0.50646020355711552 -0.15461734671131147 -0.65688433105650945 0.072120525117356518 1.0000000180025095e-35 1.5000000000000002 0.40027324744152298 1.4058584948912141 1.6359760909690719 0.3936279786915769 0.72236125418275243 -0.095899012971232309 0.47253739063114392 0.57267957928155078
decision_type=2 8 2 10 2 2 2 8 2 2 8 8 2 2
left_child=1 2 -1 4 7 6 -6 8 -4 10 -2 -12 -13 -11
right_child=9 -3 3 -5 5 -7 -8 -9 -10 13 11 12 -14 -15
leaf_value=-0.0068327735430648651 0.015285378189086915 -0.00012223066666596725 -0.0020765471214449832 -0.0054563603824049883 0.0045002586684571013 0.0056295228073547175 -0.007547133360421259 0.0047865238355089589 -0.01085780652692017 -0.0019977107228390679 0.013549375471861465 -0.003231655670837922 0.0066151154696941373 8.0683639537494143e-05
leaf_weight=2168 370 23537 3079 1104 293 1378 354 418 304 5329 225 1227 295 269894
leaf_count=2168 370 23537 3079 1104 293 1378 354 418 304 5329 225 1227 295 269894
internal_value=-2.29733e-05 -0.000768794 -0.0024405 -0.00106247 -0.000225887 0.00316122 -0.00209869 -0.00203217 -0.0028805 6.48007e-05 0.0032288 0.000638979 -0.0013077 4.04052e-05
internal_weight=309975 32635 9098 6930 5826 2025 647 3801 3383 277340 2117 1747 1522 275223
internal_count=309975 32635 9098 6930 5826 2025 647 3801 3383 277340 2117 1747 1522 275223
is_linear=0
shrinkage=0.03


Tree=229
num_leaves=15
num_cat=0
split_feature=2 1 4 4 11 7 4 3 8 7 4 7 5 2
split_gain=21.8667 66.7879 68.1718 56.2062 46.7521 41.9285 69.8788 40.9928 38.7388 46.7212 41.465 45.7025 65.3805 46.3858
threshold=0.76190476190476619 4.8143588709472152 1.0903755011961478 1.4600938520481643 -1.1209642140703877 0.87699451579887022 0.28696542703018674 0.84482758620689136 0.085091331646914251 0.31220027222961594 0.54025174346772842 0.48736175695731804 2.5631344442598034 0.78571428571428314
decision_type=10 2 2 2 2 8 2 8 2 10 2 10 2 10
left_child=7 5 4 -4 -3 8 -7 -1 10 -10 11 -2 -13 -14
right_child=1 2 3 -5 -6 6 -8 -9 9 -11 -12 12 13 -15
leaf_value=7.8217038742353374e-05 0.00053916774178397226 0.0087628262025468487 0.021693501580845227 0.0065333751647924463 -0.0073568122159387616 0.015866170810853564 0.000744152334286453 -0.00081018478246776087 -0.00094348562056081073 -0.009757180543681682 -0.00060663736485665361 0.0072402005891113036 -0.0085514867867010798 0.0022293187776190595
leaf_weight=161387 44625 250 292 881 439 405 837 65799 2006 737 28693 2298 449 1715
leaf_count=161387 44625 250 292 881 439 405 837 65799 2006 737 28693 2298 449 1715
internal_value=-2.64322e-05 0.000388298 0.00599873 0.0103833 -0.00148689 0.000260175 0.00571909 -0.0001791 0.000175626 -0.00332503 0.000299287 0.000828838 0.00372201 -2.21054e-05
internal_weight=310813 83627 1862 1173 689 81765 1242 227186 80523 2743 77780 49087 4462 2164
internal_count=310813 83627 1862 1173 689 81765 1242 227186 80523 2743 77780 49087 4462 2164
is_linear=0
shrinkage=0.03


Tree=230
num_leaves=15
num_cat=0
split_feature=1 11 13 13 11 6 4 13 8 10 10 6 6 14
split_gain=16.7298 58.1505 48.0311 82.2768 75.5322 61.7168 65.1553 69.0257 48.629 79.696 58.6518 46.8052 38.5624 29.7901
threshold=5.5534624209454799 2.1640531600763588 32.500000000000007 28.500000000000004 -0.27726753412390232 0.02914679121077746 0.57605194175061658 5.5000000000000009 -0.025842113189316267 1.9157953419136768 1.2533483804207355 -0.077653596403596412 0.1104758499753138 1.0000000180025095e-35
decision_type=2 2 2 2 2 10 2 2 2 2 2 10 10 2
left_child=-1 2 3 4 5 6 11 -8 9 -6 -10 -2 -7 -4
right_child=1 -3 13 -5 8 12 7 -9 10 -11 -12 -13 -14 -15
leaf_value=-8.5938017174782771e-05 0.010962257233201241 -0.0081196714330443072 -9.8268665917689943e-05 0.018240349423999273 -0.0042707918247571301 -0.010734691779232688 -0.0078351857202259567 0.012390994057649042 0.010634303186230987 0.016538909415371322 -0.0044384490459073705 0.028616975115439973 0.0045340169836341213 -0.014959387194971705
leaf_weight=304193 338 514 279 304 318 211 249 374 257 337 2061 233 474 210
leaf_count=304193 338 514 279 304 318 211 249 374 257 337 2061 233 474 210
internal_value=-5.45854e-05 0.00149274 0.00237439 0.00322796 0.00226956 0.00696924 0.0110733 0.004309 -0.000707457 0.00648006 -0.00274802 0.0183522 -0.000212898 -0.00656716
internal_weight=310352 6159 5645 5156 4852 1879 1194 623 2973 655 2318 571 685 489
internal_count=310352 6159 5645 5156 4852 1879 1194 623 2973 655 2318 571 685 489
is_linear=0
shrinkage=0.03


Tree=231
num_leaves=15
num_cat=0
split_feature=0 0 13 4 10 9 3 9 8 8 3 9 3 13
split_gain=16.8966 39.7679 39.0756 37.2165 45.9696 43.4676 36.5704 63.4678 48.9768 69.2839 40.7009 57.5327 40.0044 35.7382
threshold=0.57629427198249539 0.62190829119468527 27.500000000000004 1.5739916549771136 2.0857384100706335 1.4446488767083758 0.95959595959596811 0.82927883566148208 0.061182768769131639 0.07564098852500907 0.85714285714286642 0.7170442466086655 0.97619047619046295 32.500000000000007
decision_type=10 10 2 2 2 8 10 10 2 2 10 10 10 2
left_child=-1 2 -2 5 -5 6 10 -8 12 -10 -3 -12 -9 -4
right_child=1 3 13 4 -6 -7 7 8 9 -11 11 -13 -14 -15
leaf_value=-0.00013099524862099588 0.00074003641371164189 8.7890266791940001e-06 0.0095698299642971579 0.00054853555582495719 0.015965965173074175 -0.011038493592748229 -0.001468083874026479 0.0077070771704998223 0.02212392566018196 0.0026949617809536469 -0.0064556430535872324 -0.0011947043845169163 0.0010098796163666389 0.00037175774318784212
leaf_weight=203294 55974 23707 870 461 275 338 4293 996 282 393 2220 11777 4063 673
leaf_count=203294 55974 23707 870 461 275 338 4293 996 282 393 2220 11777 4063 673
internal_value=2.92769e-05 0.000335718 0.000870139 -0.000294124 0.00637799 -0.000396936 -0.000320431 0.00128941 0.0033534 0.0109149 -0.000748665 -0.00203113 0.00233471 0.00557213
internal_weight=309616 106322 57517 48805 736 48069 47731 10027 5734 675 37704 13997 5059 1543
internal_count=309616 106322 57517 48805 736 48069 47731 10027 5734 675 37704 13997 5059 1543
is_linear=0
shrinkage=0.03


Tree=232
num_leaves=15
num_cat=0
split_feature=7 7 1 6 11 11 6 2 7 3 10 3 6 6
split_gain=25.1925 39.5442 33.8856 47.0809 46.6734 51.6714 54.5916 41.8165 69.9997 66.5745 62.935 54.1873 35.3555 40.4027
threshold=0.20743816922179681 0.17731635214221236 0.6193640576895606 0.70646336785577291 0.87972649809944392 0.9092375616569236 0.70646336785577291 0.66666666666668628 0.089054195141328285 0.94444444444444742 2.1334513399226895 0.8837209302325707 -0.16798260904412085 0.40360039855891078
decision_type=10 10 2 10 2 2 8 10 10 10 2 10 8 10
left_child=1 2 12 4 -4 -6 7 9 -9 -7 11 -10 -1 -14
right_child=-2 -3 3 -5 5 6 -8 8 10 -11 -12 -13 13 -15
leaf_value=-0.0027404902500761793 8.8572733761506177e-05 -0.0028477186675766267 -0.00046129690193599668 0.0045957924558727662 0.0124221447054916 0.0027027950864102119 0.012412093479651958 0.0014172054728193054 0.0077767310291310581 0.01936979947102313 -0.011724206764250993 -0.0061956027225650023 -0.00013118185920765724 -0.0041793999650425922
leaf_weight=8796 207524 6002 50138 2000 386 1826 379 6144 422 240 775 597 22553 2456
leaf_count=8796 207524 6002 50138 2000 386 1826 379 6144 422 240 775 597 22553 2456
internal_value=-0.000101619 -0.00048587 -0.000339153 7.25124e-05 -7.63834e-05 0.00171507 0.00131123 0.000884688 -0.0001057 0.00468103 -0.00531071 -0.000399501 -0.00110511 -0.000529492
internal_weight=310238 102714 96712 62907 60907 10769 10383 10004 7938 2066 1794 1019 33805 25009
internal_count=310238 102714 96712 62907 60907 10769 10383 10004 7938 2066 1794 1019 33805 25009
is_linear=0
shrinkage=0.03


Tree=233
num_leaves=15
num_cat=0
split_feature=4 9 1 11 7 4 2 12 6 6 2 4 8 11
split_gain=20.2904 39.4661 42.0243 46.0045 58.1075 33.6725 39.9934 34.4059 47.4951 33.6689 51.4075 66.8453 39.8775 37.5715
threshold=0.64785071276024286 1.6919292165534776 2.4949748289375253 2.7941321907655676 1.0410981636928685 0.63998348029364005 0.59935880968772437 0.0069355350686821646 -0.10464635921500513 0.092325961872233867 0.93750000000002276 1.0316744185148552 -0.013813198521207078 -0.59696623975758556
decision_type=2 8 2 2 10 2 10 8 10 10 10 2 2 2
left_child=5 2 9 -4 -5 -1 -7 -8 -9 -2 13 12 -12 -11
right_child=1 -3 3 4 -6 6 7 8 -10 10 11 -13 -14 -15
leaf_value=0.00010294384444318357 -0.0016359525013311706 -0.012140010481216866 0.00051532736512713306 0.021925606066226094 0.00042669896343175103 0.014156960076797082 -0.0039960133900342424 0.018398009901366582 -0.00081800677316884191 0.0035829648057413327 0.02214856355672791 -0.0063963816139829864 0.0059901197226630478 -0.0012118466662004524
leaf_weight=257900 25093 257 15955 202 250 317 454 200 265 1860 247 212 314 6954
leaf_count=257900 25093 257 15955 202 250 317 454 200 265 1860 247 212 314 6954
internal_value=1.87137e-05 -0.000526096 -0.000466489 0.000784306 0.0101694 0.000126668 0.00505649 0.00185775 0.00755475 -0.00105826 0.000453843 0.00784611 0.0132373 -0.00019855
internal_weight=310480 51344 51087 16407 452 259136 1236 919 465 34680 9587 773 561 8814
internal_count=310480 51344 51087 16407 452 259136 1236 919 465 34680 9587 773 561 8814
is_linear=0
shrinkage=0.03


Tree=234
num_leaves=15
num_cat=0
split_feature=7 6 9 12 1 1 0 10 5 9 9 0 8 3
split_gain=21.7174 35.362 46.0162 50.1805 87.2066 49.6643 43.5533 62.9689 50.3259 44.2096 43.2831 37.5301 48.7937 37.7887
threshold=0.20743816922179681 0.017030509663781838 1.1936109517918634 0.047632595918735927 1.0700982604234521 1.7663698132102688 0.63731271601058526 1.3943289126066649 2.4977594305142579 0.77429556234201902 0.83268019016029893 0.49144606201613322 -0.0030149826241148022 0.37142857142856883
decision_type=10 10 10 10 2 2 10 2 2 10 10 10 2 10
left_child=1 2 11 5 -5 -4 -3 -8 9 -9 -11 12 -1 -14
right_child=-2 6 3 4 -6 -7 7 8 -10 10 -12 -13 13 -15
leaf_value=-0.00091317541712499081 0.00011739228969662567 0.00073914055251489907 0.0011329349685602211 0.002478560203240371 0.02134254457061506 -0.012906668230705737 0.0031981019251186254 -0.008071456885783472 -0.0081302414954200208 0.01038817000521187 -0.0012332088911184693 -0.00076221001450211439 0.0061290974370203912 -0.0061927142557865614
leaf_weight=4932 207371 32153 3835 847 294 236 1456 637 1632 356 1431 51406 235 3588
leaf_count=4932 207371 32153 3835 847 294 236 1456 637 1632 356 1431 51406 235 3588
internal_value=-5.94897e-05 -0.000415465 -0.000837295 0.00186565 0.00741113 0.000304211 0.000316694 -0.00214599 -0.00406595 -0.0013185 0.00110449 -0.0010716 -0.00288673 -0.00542828
internal_weight=310409 103038 65373 5212 1141 4071 37665 5512 4056 2424 1787 60161 8755 3823
internal_count=310409 103038 65373 5212 1141 4071 37665 5512 4056 2424 1787 60161 8755 3823
is_linear=0
shrinkage=0.03


Tree=235
num_leaves=15
num_cat=0
split_feature=0 6 8 1 1 4 6 8 4 12 13 13 10 2
split_gain=28.5432 58.1568 49.3259 44.0707 41.3421 38.615 31.6626 29.1929 32.7727 33.034 27.9312 24.9936 61.5283 24.9193
threshold=0.68235447997331289 0.065761597046678291 0.03871490316761899 2.2345357575143212 1.8414402893082031 0.22435265457443007 0.059577809591833016 -0.037974203810381212 0.42404810519880454 0.041285925703308975 2.5000000000000004 1.5000000000000002 1.5158226175124572 0.45945945945947059
decision_type=8 10 2 2 2 2 8 2 2 8 2 2 2 10
left_child=13 3 11 4 6 -5 -2 -7 -9 -10 -4 12 -3 -1
right_child=1 2 10 5 -6 7 -8 8 9 -11 -12 -13 -14 -15
leaf_value=-0.00033970328930935936 -0.00079531651624577401 0.015332433269782498 -0.018957631834424456 0.013766987997349527 -0.0075285661200137988 -0.0057533812091172297 0.0080010979052167388 -0.0051840400829443476 0.013107638125542866 -0.00083655982409134384 -0.0072672967287470917 -0.0043676468307849445 -0.0051210745363622096 0.00027596807421178583
leaf_weight=81818 8998 215 268 314 798 316 379 218 423 237 602 1625 328 213683
leaf_count=81818 8998 215 268 314 798 316 379 218 423 237 602 1625 328 213683
internal_value=4.12619e-05 -0.00124779 -0.00494188 -0.000285493 -0.000995408 0.00449201 -0.000435708 0.00200563 0.00481493 0.00813176 -0.0109562 -0.00250872 0.00304346 0.000105499
internal_weight=310222 14721 3038 11683 10175 1508 9377 1194 878 660 870 2168 543 295501
internal_count=310222 14721 3038 11683 10175 1508 9377 1194 878 660 870 2168 543 295501
is_linear=0
shrinkage=0.03


Tree=236
num_leaves=15
num_cat=0
split_feature=2 3 12 3 13 2 7 12 3 8 7 10 4 7
split_gain=24.2945 33.0098 48.3089 49.2305 31.4973 33.4661 28.4442 37.8997 34.9829 39.6585 31.6263 40.2427 37.8085 28.4904
threshold=0.45454545454551515 0.85714285714286642 -0.14191189108014687 0.90909090909091439 7.5000000000000009 0.35769396124084113 0.49323453566576952 -0.025941257901954669 0.78571428571427304 0.12674826464415814 0.29503929513668076 1.9358919552321867 0.20946471337041148 0.66443808484831035
decision_type=10 8 8 10 2 10 8 8 10 2 10 2 2 10
left_child=1 6 3 -3 -4 -6 7 -1 9 -8 11 12 -9 -10
right_child=-2 2 4 -5 5 -7 8 10 13 -11 -12 -13 -14 -15
leaf_value=0.0013950916604001367 0.00018780949749867978 0.014079204671933541 -0.0015016265711629835 -0.0015005309142172335 -0.0092470106525234397 -0.0021086880030684145 -0.00017566821187616521 -0.010590777004395391 0.0066017027739018281 -0.0086360993744364796 -0.0074508442616664063 0.00989538628390179 0.0030665506574724401 0.0011987162419298529
leaf_weight=1356 228472 333 9763 395 1078 1310 57681 378 1022 498 1560 243 345 6096
leaf_count=1356 228472 333 9763 395 1078 1310 57681 378 1022 498 1560 243 345 6096
internal_value=2.87838e-05 -0.000413972 -0.00180819 0.00567334 -0.00225858 -0.00534368 -0.000154299 -0.00264748 -5.88401e-06 -0.000248824 -0.00481608 -0.000544716 -0.00409749 0.00197856
internal_weight=310530 82058 12879 728 12151 2388 69179 3882 65297 58179 2526 966 723 7118
internal_count=310530 82058 12879 728 12151 2388 69179 3882 65297 58179 2526 966 723 7118
is_linear=0
shrinkage=0.03


Tree=237
num_leaves=15
num_cat=0
split_feature=12 6 7 0 6 9 2 10 0 8 10 9 3 7
split_gain=24.0596 95.0912 58.5179 61.2603 54.8316 46.9281 51.8763 49.4893 50.1844 49.9731 49.8345 61.7081 47.3055 54.8061
threshold=-0.065803631181113417 -0.53158120235152351 1.427556363702448 0.49336510100461001 -0.15008117539096535 1.1727086270749731 0.8947368421052998 1.8341622865057321 0.55958018178203817 -0.06714283588138599 2.9102603353571834 0.99573473589631589 0.6499999999999978 -0.064286206446455926
decision_type=8 10 10 10 10 10 10 2 10 2 2 10 10 8
left_child=1 2 3 -1 -3 7 -7 -6 9 -9 -11 -12 -10 -14
right_child=-2 4 -4 -5 5 6 -8 8 12 10 11 -13 13 -15
leaf_value=0.01704389645555552 -7.85763300147299e-05 -0.0011093511786478061 -0.0066572083769432877 0.0051085917344010816 0.00031465296048210185 -0.0031144510723470609 0.011190581800507717 -0.0034899418634073485 -0.0055991628782011251 0.0057298035135077618 -0.0091737657127254207 0.0088982886319709971 -0.00417554480598615 0.0034109820396276227
leaf_weight=465 254280 16694 302 2247 18451 3537 239 691 935 6713 458 264 1095 3880
leaf_count=465 254280 16694 302 2247 18451 3537 239 691 935 6713 458 264 1095 3880
internal_value=4.53731e-05 0.000608441 0.00578715 0.00718262 0.00031318 0.000968118 -0.00219542 0.0013361 0.00267825 0.00420736 0.0049246 -0.00254995 0.000574024 0.00173867
internal_weight=310251 55971 3014 2712 52957 36263 3776 32487 14036 8126 7435 722 5910 4975
internal_count=310251 55971 3014 2712 52957 36263 3776 32487 14036 8126 7435 722 5910 4975
is_linear=0
shrinkage=0.03


Tree=238
num_leaves=15
num_cat=0
split_feature=8 2 6 5 12 3 10 2 3 10 8 0 12 3
split_gain=24.7845 30.6613 29.2973 58.0209 45.3255 52.3806 52.3912 43.7371 42.6563 55.1625 42.4023 36.6936 49.3243 49.3531
threshold=0.066734742218222717 0.086956521739124285 0.085625206792418043 3.4452630538582527 -0.083782057655187023 0.89655172413792739 1.521321286708518 0.62500000000000377 0.97777777777778163 2.3513444019368381 0.07564098852500907 0.65105246659249028 -0.054071791124684292 0.68181818181818132
decision_type=2 10 10 2 8 10 2 10 10 2 2 10 10 10
left_child=-1 -2 4 11 -3 -6 7 -7 9 10 -8 12 13 -4
right_child=1 2 3 -5 5 6 8 -9 -10 -11 -12 -13 -14 -15
leaf_value=-0.0001537884883627213 -0.0058396864802244316 -0.0050308043955098964 -0.0028942273150790823 -0.0075757295477558812 0.0031638516623873673 -0.0049558225513288848 0.0052783629599222137 0.0068232606356050766 -0.0077740403958925187 0.007465543519867503 -0.0069499275335534495 -0.0058661091172418842 -0.00025258830633803544 0.011447598097322752
leaf_weight=287281 592 849 303 940 11162 375 344 1123 1071 570 951 689 3243 732
leaf_count=287281 592 849 303 940 11162 375 344 1123 1071 570 951 689 3243 732
internal_value=-7.80033e-05 0.000870726 0.00104972 -0.000762025 0.00170053 0.00206846 -0.00068951 0.00386788 -0.0030174 -0.00027235 -0.00369383 0.000533783 0.00157017 0.00725525
internal_weight=310225 22944 22352 5907 16445 15596 4434 1498 2936 1865 1295 4967 4278 1035
internal_count=310225 22944 22352 5907 16445 15596 4434 1498 2936 1865 1295 4967 4278 1035
is_linear=0
shrinkage=0.03


Tree=239
num_leaves=15
num_cat=0
split_feature=13 7 1 0 10 10 10 8 8 1 12 5 9 12
split_gain=25.0738 29.1836 28.8646 52.3781 29.497 27.0022 72.2918 65.0952 46.7063 51.2466 45.8844 39.3752 48.3024 38.1338
threshold=3.5000000000000004 -0.46519269255890988 0.54079988641690557 0.61786021060668805 1.897021406192249 2.7848363326562122 2.7017551391019907 0.034161610789358865 0.045405824703252863 1.8018468006084924 -0.10542909289720424 1.8753948206460651 0.98182259087090962 0.1061180281274914
decision_type=2 8 2 10 2 2 2 2 2 2 8 2 10 10
left_child=1 2 3 -1 -5 6 -2 10 -9 -10 -8 12 -12 -7
right_child=5 -3 -4 4 -6 13 7 8 9 -11 11 -13 -14 -15
leaf_value=-0.0048003039017746598 0.00020928910254843386 -0.00028367566726400951 -0.0085169946091957546 0.0079828766147031164 -0.0043899721625470086 -0.00061973154226315473 0.014751661068890705 0.024563633233720805 0.015967086535407883 -0.0036281862222894107 0.015597301428403451 -0.0017660995228842553 -0.0024079495891001215 -0.0062685169836259351
leaf_weight=1618 174707 117186 708 596 240 11030 237 212 278 206 302 1397 236 1187
leaf_count=1618 174707 117186 708 596 240 11030 237 212 278 206 302 1397 236 1187
internal_value=-2.17503e-05 -0.000360486 -0.00320219 -0.00165463 0.00442588 0.000193048 0.000286917 0.00500708 0.0129578 0.00767513 0.00243541 0.000892775 0.00774964 -0.00117091
internal_weight=310140 120348 3162 2454 836 189792 177575 2868 696 484 2172 1935 538 12217
internal_count=310140 120348 3162 2454 836 189792 177575 2868 696 484 2172 1935 538 12217
is_linear=0
shrinkage=0.03


Tree=240
num_leaves=15
num_cat=0
split_feature=13 2 6 1 13 13 13 9 6 13 11 9 9 2
split_gain=24.4923 19.7822 40.4168 76.4127 58.8959 47.3078 46.7666 125.213 96.4868 59.7425 45.7909 43.0014 67.0533 41.6475
threshold=45.500000000000007 0.75687588494288749 -0.030900271286631083 8.2138806638748232 28.500000000000004 35.500000000000007 20.500000000000004 0.98645375151500148 0.29251879179221857 18.500000000000004 -0.7338580277227108 0.92112904132738993 0.89322577019812077 0.90909090909091861
decision_type=2 10 10 2 2 2 2 10 10 2 2 10 10 10
left_child=1 -1 3 11 6 -6 9 8 -8 -4 -9 12 13 -3
right_child=-2 2 4 -5 5 -7 7 10 -10 -11 -12 -13 -14 -15
leaf_value=-5.7707479042613589e-05 -0.0077499365341696562 0.00026896271361446193 0.0013176590739562616 0.01657888546494805 -0.0097301054153720676 0.0031953228103715607 0.0059827927502545467 0.0050075102592036669 0.023022156209049245 -0.0055176931769594919 -0.010257289794238495 0.00088447491827801027 -0.0051515619013657258 -0.002640610387468646
leaf_weight=224307 354 17932 35059 240 773 376 1464 269 373 1185 498 18700 3078 5874
leaf_count=224307 354 17932 35059 240 773 376 1464 269 373 1185 498 18700 3078 5874
internal_value=8.14355e-05 9.04996e-05 0.000477843 -0.0001304 0.00117463 -0.00550486 0.00137287 0.00525249 0.00949571 0.00109345 -0.00490591 -0.000220183 -0.000988584 -0.000449362
internal_weight=310482 310128 85821 45824 39997 1149 38848 2604 1837 36244 767 45584 26884 23806
internal_count=310482 310128 85821 45824 39997 1149 38848 2604 1837 36244 767 45584 26884 23806
is_linear=0
shrinkage=0.03


Tree=241
num_leaves=15
num_cat=0
split_feature=13 1 13 10 4 10 8 5 6 9 6 13 13 6
split_gain=18.8512 26.8704 17.548 56.9491 68.3906 59.3491 57.052 55.1789 42.5379 40.6123 40.1158 38.2301 86.5976 69.1734
threshold=41.500000000000007 4.1190380867868948 9.5000000000000018 2.7848363326562122 0.038857883241011172 2.7017551391019907 -0.00044736095800825329 0.57267957928155078 -0.21431059277629746 1.493017342871247 0.0070246945227719912 34.500000000000007 31.500000000000004 0.20218652480176061
decision_type=2 2 2 2 2 2 2 2 8 8 8 2 2 8
left_child=2 -2 -1 5 -5 9 10 -6 -9 11 -7 12 -4 -13
right_child=1 -3 3 4 7 6 -8 8 -10 -11 -12 13 -14 -15
leaf_value=-0.00018654209121504674 -0.0084880244186617271 0.0041793667976285373 0.00051014560772269437 0.0095977326290625515 0.011218484185865796 -0.0047103693113843001 0.012180603233452035 -0.0091106364566423299 -0.0025631874433877733 -0.0070867986569106119 0.011040571416723785 0.008366857066580748 -0.0070368127944349344 -0.010467208911163303
leaf_weight=217771 519 208 80656 391 222 464 757 1114 4461 641 206 1136 1387 203
leaf_count=217771 519 208 80656 391 222 464 757 1114 4461 641 206 1136 1387 203
internal_value=-5.13626e-05 -0.00486 -3.99857e-05 0.000308286 -0.00246968 0.000509589 0.00656565 -0.00329118 -0.00387849 0.000406352 0.000178366 0.000464377 0.000382137 0.00548319
internal_weight=310136 727 309409 91638 6188 85450 1427 5797 5575 84023 670 83382 82043 1339
internal_count=310136 727 309409 91638 6188 85450 1427 5797 5575 84023 670 83382 82043 1339
is_linear=0
shrinkage=0.03


Tree=242
num_leaves=15
num_cat=0
split_feature=12 5 8 12 6 9 13 14 13 0 0 11 13 0
split_gain=18.487 67.5229 48.8926 57.5262 50.5601 52.8045 49.4996 48.6689 74.4519 46.6354 42.7374 48.4739 40.3743 39.387
threshold=0.15311870495489352 1.3385190066047008 0.032279024396289928 0.27561018578969715 -0.47474871305554983 0.66368119682335946 8.5000000000000018 1.0000000180025095e-35 12.500000000000002 0.55105342091620391 0.58252077185242701 -0.94867427910875701 5.5000000000000009 0.50562489594997084
decision_type=8 2 2 8 10 10 2 2 2 10 10 2 2 10
left_child=-1 9 4 -4 5 -3 -5 8 -6 -2 11 -11 -12 -7
right_child=1 2 3 6 7 13 -8 -9 -10 10 12 -13 -14 -15
leaf_value=2.5930094831980333e-05 2.148530835173482e-05 0.0076946517481781915 -0.00082328314082697027 0.003442872225006265 -0.00037223746263631249 -0.014372344727897526 0.019932079455073998 -0.0022990297504399547 0.020077469744781654 0.024283183412214297 -0.0041877008685769958 0.0064721176559860635 0.010220728324726223 -0.0054007582715783087
leaf_weight=291929 1919 212 2095 503 556 603 240 8785 220 221 382 365 315 1644
leaf_count=291929 1919 212 2095 503 556 603 240 8785 220 221 382 365 315 1644
internal_value=-3.17007e-05 -0.000963017 -0.00181463 0.00172474 -0.00265067 -0.00648316 0.00886676 -0.00166212 0.00551678 0.00298535 0.00740115 0.0133379 0.00235042 -0.00783492
internal_weight=309989 18060 14858 2838 12020 2459 743 9561 776 3202 1283 586 697 2247
internal_count=309989 18060 14858 2838 12020 2459 743 9561 776 3202 1283 586 697 2247
is_linear=0
shrinkage=0.03


Tree=243
num_leaves=15
num_cat=0
split_feature=12 6 12 11 0 8 6 14 6 8 3 9 14 11
split_gain=18.3995 68.7469 71.3811 56.7007 72.7136 53.1046 46.0373 78.1274 83.4863 50.6952 57.839 50.0283 54.5902 89.8289
threshold=0.05055189489708712 -0.53158120235152351 0.17285629702861302 -0.35511867091292121 0.5166500671340194 -0.019705276560977123 -0.044804222476640947 1.0000000180025095e-35 0.23019789298327312 0.0030511839446425038 0.80722891566265276 0.97277251104173379 1.0000000180025095e-35 1.0000000180025095e-35
decision_type=8 10 10 2 10 2 10 2 10 2 10 10 2 2
left_child=-1 2 3 -2 -5 -6 11 8 -8 -9 -11 12 -3 -14
right_child=1 6 -4 4 5 -7 7 9 -10 10 -12 -13 13 -15
leaf_value=-0.0001150255259469248 -0.0057284944478433932 0.0038750783852638643 -0.0098660778562911205 -0.0056817818406102415 -0.0048894433127902029 0.0067055499799197173 -0.0042407945826312132 -0.00030571921546726711 0.0016091858107646986 0.00013856383622924792 0.0043624294196317045 0.0031705230241927075 0.0021442973187883337 -0.0018258048678342859
leaf_weight=230932 1610 4070 1034 949 446 1689 6744 16944 3251 5800 5867 10570 9831 10714
leaf_count=230932 1610 4070 1034 949 446 1689 6744 16944 3251 5800 5867 10570 9831 10714
internal_value=2.0501e-05 0.000414067 -0.00275052 -0.00117427 0.00120869 0.0042776 0.000659887 -5.54945e-05 -0.00233816 0.000742204 0.00226358 0.00144472 0.000703146 7.39906e-05
internal_weight=310451 79519 5728 4694 3084 2135 73791 38606 9995 28611 11667 35185 24615 20545
internal_count=310451 79519 5728 4694 3084 2135 73791 38606 9995 28611 11667 35185 24615 20545
is_linear=0
shrinkage=0.03


Tree=244
num_leaves=15
num_cat=0
split_feature=9 9 9 5 0 5 3 10 10 1 10 8 8 1
split_gain=23.9376 51.8936 50.9305 41.9971 48.1998 46.6632 41.6329 39.2738 45.5945 39.0416 63.9298 53.1108 70.6437 38.3472
threshold=1.0733890705780234 1.0630270459747118 1.100045998925917 1.8317628118924405 0.55034945965732252 2.7690340512871892 0.30564039159544759 2.4069578804735241 3.276426579219907 8.2138806638748232 1.6015459642786165 0.038082240075444265 -0.016909720722246332 1.2539962451055069
decision_type=10 8 10 2 10 2 10 2 2 2 2 2 2 2
left_child=1 9 7 -3 5 -5 -4 -2 -9 -1 -11 12 -12 -6
right_child=2 3 6 4 13 -7 -8 8 -10 10 11 -13 -14 -15
leaf_value=3.8560864333714637e-05 -0.0016159604254561337 -0.0011112880546947663 -0.0065238866422815574 0.007632642815153981 0.0052248583953746043 -0.0035959182330205907 -4.5283254638591984e-05 -0.0081738486709567737 0.0066618585178266623 -0.0043855337365981068 0.012590849369327891 0.018252272630749633 -0.0036069943766444015 0.015911666216857329
leaf_weight=250994 6585 1151 906 636 680 689 44499 1671 206 522 473 333 488 550
leaf_count=250994 6585 1151 906 636 680 689 44499 1671 206 522 473 333 488 550
internal_value=1.28186e-06 0.000122015 -0.000573609 0.00364385 0.00578397 0.00180222 -0.00017526 -0.00270968 -0.00653226 7.03163e-05 0.00444716 0.00801343 0.00438942 0.0100486
internal_weight=310383 256516 53867 3706 2555 1325 45405 8462 1877 252810 1816 1294 961 1230
internal_count=310383 256516 53867 3706 2555 1325 45405 8462 1877 252810 1816 1294 961 1230
is_linear=0
shrinkage=0.03


Tree=245
num_leaves=15
num_cat=0
split_feature=0 3 6 13 6 6 4 5 6 7 6 8 6 2
split_gain=20.0015 39.7536 70.5062 100.801 79.1912 72.2306 55.5125 77.2142 54.6125 50.2927 41.1623 39.694 47.7144 41.7391
threshold=0.62912422238656529 0.95098039215684926 -0.21715851829746183 14.500000000000002 -0.2783285446525966 0.24258666438589085 1.2080422946868301 2.9494856614452707 0.065761597046678291 0.56091053898046062 -0.096127062854440712 0.036164127399458984 0.044734226221617719 0.6363636363635784
decision_type=8 10 8 2 10 10 2 2 10 10 10 2 10 10
left_child=-1 6 3 4 -3 8 -2 -8 9 11 -11 12 13 -4
right_child=1 2 5 -5 -6 -7 7 -9 -10 10 -12 -13 -14 -15
leaf_value=5.7347191816704418e-05 -0.0014150572587612992 -0.0043464446923000095 -0.012737743566865505 0.023680526012949451 0.011073273547718789 0.0081825368706859754 0.00082771874321945784 0.017746746420907296 -0.0061639643657117613 -0.00055118172196671361 0.013779199171253875 0.0037733099995099976 0.011854166475669392 -0.0018507578505867143
leaf_weight=267559 31148 599 340 264 591 866 1039 312 1454 315 416 1375 207 3939
leaf_count=267559 31148 599 340 264 591 866 1039 312 1454 315 416 1375 207 3939
internal_value=-3.90432e-05 -0.000640638 0.00097669 0.00709012 0.00332587 -2.41369e-05 -0.00115658 0.00478603 -0.000911964 0.000250266 0.00764221 -0.000677405 -0.00204427 -0.00272967
internal_weight=310424 42865 10366 1454 1190 8912 32499 1351 8046 6592 731 5861 4486 4279
internal_count=310424 42865 10366 1454 1190 8912 32499 1351 8046 6592 731 5861 4486 4279
is_linear=0
shrinkage=0.03


Tree=246
num_leaves=15
num_cat=0
split_feature=3 3 0 12 3 8 3 8 6 14 10 6 9 9
split_gain=25.0164 51.5287 39.1241 39.3402 36.3709 33.3913 54.0857 42.1999 62.9235 47.3312 60.135 59.6637 45.7964 49.7232
threshold=0.92761272644903336 0.93103448275861622 0.4850356718310882 0.45268798461786536 0.95522388059702135 0.07564098852500907 0.92105263157894368 0.12674826464415814 -0.079648540215875682 1.0000000180025095e-35 1.266746751528897 -0.21986785505040654 1.0919621399589621 0.7316903922583019
decision_type=8 10 10 10 10 2 10 2 8 2 2 8 10 10
left_child=5 -2 -3 4 -4 -1 7 9 -9 10 -7 -11 13 -13
right_child=1 2 3 -5 -6 6 -8 8 -10 11 -12 12 -14 -15
leaf_value=-2.2422924694691979e-05 -0.0043030210776137242 -0.0022816956628496075 -0.001337323137948977 0.012508658740450354 0.0003064943774167588 0.0070164313586331952 0.015343687806129457 0.0033668013058745822 -0.007824728740038922 -0.0025623037565800392 -0.001159549527966905 0.010975502637891675 0.014650552983339751 0.0026772601570039687
leaf_weight=226130 3187 8682 17091 216 41566 957 245 796 1035 998 5107 829 444 2969
leaf_count=226130 3187 8682 17091 216 41566 957 245 796 1035 998 5107 829 444 2969
internal_value=-8.26511e-05 -0.000578307 -0.000402284 -0.000124956 -0.000172541 6.37557e-05 0.00151969 0.0012561 -0.00296346 0.00194058 0.000135474 0.00402743 0.00557896 0.00450059
internal_weight=310252 70742 67555 58873 58657 239510 13380 13135 1831 11304 6064 5240 4242 3798
internal_count=310252 70742 67555 58873 58657 239510 13380 13135 1831 11304 6064 5240 4242 3798
is_linear=0
shrinkage=0.03


Tree=247
num_leaves=15
num_cat=0
split_feature=13 0 0 12 2 6 6 11 9 9 13 12 2 13
split_gain=23.3838 31.0033 41.4608 18.4687 62.4885 63.2506 73.5549 62.4485 55.5452 63.675 61.0075 49.3233 46.4325 51.6633
threshold=-9.4999999999999982 0.51519407342183332 0.54780017462771113 0.05055189489708712 0.8518518518518402 -0.04684086163487771 -0.53158120235152351 -1.6748933909664971 0.94794032379301918 0.75119289359867647 28.500000000000004 0.080569898908240081 0.81818181818181679 15.500000000000002
decision_type=2 10 10 8 10 8 10 2 10 10 2 8 10 2
left_child=1 -1 -3 -2 5 6 -5 11 9 10 12 -6 13 -8
right_child=3 2 -4 4 7 -7 8 -9 -10 -11 -12 -13 -14 -15
leaf_value=-0.012819665129912101 -0.00012002099475148114 0.0099002150560800837 -0.006841166289674269 -0.0078984319890259801 0.018490194604799511 -0.00075346792376781904 0.0041004379823419996 0.0018569560272977525 0.0030497324542293827 -0.00075453516101560447 0.017912394374103868 0.004064192619407549 -0.0093817452080934508 -0.00455755295036556
leaf_weight=290 230042 203 365 796 368 37398 4711 9802 10714 13759 231 507 284 710
leaf_count=290 230042 203 365 796 368 37398 4711 9802 10714 13759 231 507 284 710
internal_value=2.3073e-06 -0.00492907 -0.000823712 1.60655e-05 0.000410922 7.85779e-05 0.00107571 0.0025453 0.00131189 0.000365969 0.00296163 0.0102019 0.0023411 0.00296333
internal_weight=310180 858 568 309322 79280 68603 31205 10677 30409 19695 5936 875 5705 5421
internal_count=310180 858 568 309322 79280 68603 31205 10677 30409 19695 5936 875 5705 5421
is_linear=0
shrinkage=0.03


Tree=248
num_leaves=15
num_cat=0
split_feature=1 12 14 9 5 5 8 10 11 10 0 1 3 12
split_gain=18.5666 31.2314 79.6185 59.3043 70.8002 37.7973 36.2247 61.6673 35.804 42.1024 40.2985 37.808 31.6199 29.9942
threshold=0.6193640576895606 0.02486398909748189 1.0000000180025095e-35 0.69550426796325071 2.0800775943154934 3.0246176721303022 0.045405824703252863 2.009730341112594 -1.5991079053455264 1.3061164374206018 0.60209430883202064 0.44089556629149612 0.83333333333334914 0.021887096592267622
decision_type=2 10 2 8 2 2 2 2 2 2 10 2 10 10
left_child=1 2 -1 4 -4 -3 -7 -8 -5 11 13 12 -10 -11
right_child=-2 5 3 8 -6 6 7 -9 9 10 -12 -13 -14 -15
leaf_value=-0.00087517106522077496 9.6231667937163919e-05 -0.0020729188374776007 0.0028723816035949074 -0.0068615422790427377 0.019974956999702208 0.0029610057417727435 0.002029801046504162 -0.017373020456402332 0.0079186493045878843 0.0037995613301963992 -0.0011783590620741049 -0.0039661709871143102 -0.0021602203517931884 0.015022813297275986
leaf_weight=27719 251658 16213 577 441 347 2685 405 226 578 5363 1574 1763 536 219
leaf_count=27719 251658 16213 577 441 347 2685 405 226 578 5363 1574 1763 536 219
internal_value=-1.57934e-05 -0.000496476 -7.26829e-06 0.00210286 0.00936804 -0.00147612 0.00144058 -0.00500149 0.00145777 0.00182668 0.00305831 -0.00123674 0.00308123 0.00425294
internal_weight=310304 58646 39117 11398 924 19529 3316 631 10474 10033 7156 2877 1114 5582
internal_count=310304 58646 39117 11398 924 19529 3316 631 10474 10033 7156 2877 1114 5582
is_linear=0
shrinkage=0.03


Tree=249
num_leaves=15
num_cat=0
split_feature=13 9 1 1 11 13 0 10 10 9 6 9 3 7
split_gain=21.8296 24.2079 29.425 17.473 41.8022 54.5751 29.5016 60.597 66.7236 37.6242 78.0068 35.4836 32.4549 42.0758
threshold=-9.4999999999999982 0.9249598347485094 1.2100585755139128 1.2100585755139128 2.5642717587913597 7.5000000000000009 0.63218118054786665 2.8546687895128442 2.7612785373921032 0.61229952899431062 -0.36540946383307232 1.5658656874080783 0.6499999999999978 0.89444410387932383
decision_type=2 10 2 2 2 2 8 2 2 10 10 10 10 8
left_child=1 2 -1 4 6 -6 9 8 -8 10 -2 -11 -12 -14
right_child=3 -3 -4 -5 5 -7 7 -9 -10 11 12 -13 13 -15
leaf_value=-0.00083919455962521686 0.016455030879232939 0.0018753705016258009 -0.014787110952568835 -0.00027443236167644353 -0.006703477650792493 0.0065028030908871109 -0.00065036534034883557 -0.0091310236763875226 0.016182174855999858 0.00026594031317507489 0.0072161295863263529 0.0056133022764325137 0.002012664802752731 -0.008202731260289883
leaf_weight=247 364 312 300 125484 1524 341 22109 750 209 154267 787 1120 2111 433
leaf_count=247 364 312 300 125484 1524 341 22109 750 209 154267 787 1120 2111 433
internal_value=-1.47662e-05 -0.00477668 -0.00855353 -1.47272e-06 0.000184667 -0.00427789 0.000230474 -0.000772033 -0.000489145 0.000375865 0.0033657 0.000304662 0.00191282 0.00026128
internal_weight=310358 859 547 309499 184015 1865 182150 23068 22318 159082 3695 155387 3331 2544
internal_count=310358 859 547 309499 184015 1865 182150 23068 22318 159082 3695 155387 3331 2544
is_linear=0
shrinkage=0.03


Tree=250
num_leaves=15
num_cat=0
split_feature=4 10 2 8 11 2 3 8 11 4 11 10 13 9
split_gain=19.9154 30.8415 41.2758 42.0501 33.6139 44.0753 33.5765 32.3677 29.9933 48.5818 39.084 30.7317 30.5706 31.2753
threshold=0.31144862434980114 1.897021406192249 0.76190476190476619 0.094692463009804315 2.4020533266431063 0.6363636363635784 0.68749999999999811 0.12674826464415814 2.0739114555336471 0.066172189628732891 2.2739497696782403 1.8591665071620509 -7.4999999999999991 1.0029766953935308
decision_type=2 2 10 2 2 10 10 2 2 2 2 2 2 10
left_child=1 8 4 -4 7 6 -6 -3 11 -10 -11 12 -1 -14
right_child=-2 2 3 -5 5 -7 -8 -9 9 10 -12 -13 13 -15
leaf_value=-0.0064277260746149452 -0.00029865630168924309 0.00053598053498773069 0.002351081390985609 -0.00865041029616259 -0.0047548247133475984 -0.013868149896496092 0.0024623736317255008 -0.0075806891764493263 -0.0069442869312300965 0.014614584403553109 0.0016081242938300472 -0.0027068368841867974 0.00023661124993679347 -0.001076870743918481
leaf_weight=675 138281 51835 14033 315 1328 293 1023 441 240 422 408 4205 76213 20754
leaf_count=675 138281 51835 14033 315 1328 293 1023 441 240 422 408 4205 76213 20754
internal_value=-3.05442e-05 0.000184778 0.000674159 0.00210662 0.000299766 -0.0029972 -0.00161582 0.00046679 -0.000144616 0.00484022 0.00826896 -0.000197221 -8.90102e-05 -4.45564e-05
internal_weight=310466 172185 69268 14348 54920 2644 2351 52276 102917 1070 830 101847 97642 96967
internal_count=310466 172185 69268 14348 54920 2644 2351 52276 102917 1070 830 101847 97642 96967
is_linear=0
shrinkage=0.03


Tree=251
num_leaves=15
num_cat=0
split_feature=11 12 7 7 1 6 6 9 8 12 1 1 8 8
split_gain=17.8277 40.7317 44.4289 61.8449 51.0745 48.6538 43.4475 59.3382 42.2116 39.9907 43.1348 38.3979 35.6093 60.2128
threshold=0.93951198356851029 0.10863285374001581 0.99000898161069695 1.1229593765430621 1.3566090314981019 -0.14551971594334259 -0.32378826607712685 0.70388224028229485 0.03286008461231562 0.13047717852084065 1.1548580211223491 0.7855701409703143 0.011290917802611657 0.0038814068213495062
decision_type=2 10 8 10 2 10 10 8 2 10 2 2 2 2
left_child=-1 6 5 4 -4 -3 7 -2 12 10 11 -7 13 -9
right_child=1 2 3 -5 -6 9 -8 8 -10 -11 -12 -13 -14 -15
leaf_value=-0.00017760084676770728 0.012775753015286032 -0.0070286142428014264 -0.00023108399285267351 -0.00098306189438282423 0.018456510994882828 -0.0081304632898536507 0.00035053364831282713 0.00050711789494928977 0.0067706526998665062 0.001246822129084215 -0.013574008941095757 0.0088775129483214445 -0.004249479153879192 0.012092391682307283
leaf_weight=238492 508 1968 228 1869 306 251 58533 2796 1329 2135 398 219 1011 467
leaf_count=238492 508 1968 228 1869 306 251 58533 2796 1329 2135 398 219 1011 467
internal_value=-5.26857e-05 0.000360962 -0.00175072 0.00159629 0.0105494 -0.00336865 0.00060196 0.00300794 0.00211174 -0.000962421 -0.00637246 -0.000195444 0.00065683 0.00218116
internal_weight=310510 72018 7374 2403 534 4971 64644 6111 5603 3003 868 470 4274 3263
internal_count=310510 72018 7374 2403 534 4971 64644 6111 5603 3003 868 470 4274 3263
is_linear=0
shrinkage=0.03


Tree=252
num_leaves=15
num_cat=0
split_feature=13 13 1 13 13 12 10 1 4 7 5 12 3 1
split_gain=16.0524 45.1753 83.3953 193.973 47.7051 31.6919 24.6022 21.3392 18.1244 14.8081 32.4518 28.2835 27.7467 21.7094
threshold=40.500000000000007 35.500000000000007 4.5432221491601279 36.500000000000007 33.500000000000007 -0.049597189477344754 1.8779283427175213 2.5938635317405954 0.5638689307390542 3.2052516221421716 1.6098411503973005 -0.038067297660451742 0.47619047619047433 1.1108058859070817
decision_type=2 2 2 2 2 10 2 2 2 10 2 8 10 2
left_child=1 4 3 -3 9 -5 -7 -2 -6 -1 12 -12 -11 -13
right_child=7 2 -4 5 8 6 -8 -9 -10 10 11 13 -14 -15
leaf_value=4.889623274915958e-05 -0.009071922041659285 0.029142844069061005 -0.009298733624112274 -0.0088343764106992261 -0.002305261540099194 0.011834363754914732 -0.0011432159471387231 7.1179440736854338e-05 -0.010495261834621487 0.011455191048180184 0.0010686610739850488 -0.0037134722964407701 -0.0038211598237355548 -0.015951423239591835
leaf_weight=305902 401 309 265 208 470 240 282 529 507 200 276 233 220 303
leaf_count=305902 401 309 265 208 470 240 282 529 507 200 276 233 220 303
internal_value=2.63113e-05 3.81712e-05 0.00559953 0.00942572 1.45436e-05 0.000938223 0.00487916 -0.0038986 -0.00658714 3.56506e-05 -0.0032401 -0.00672772 0.00350248 -0.0107151
internal_weight=310345 309415 1304 1039 308111 730 522 930 977 307134 1232 812 420 536
internal_count=310345 309415 1304 1039 308111 730 522 930 977 307134 1232 812 420 536
is_linear=0
shrinkage=0.03


Tree=253
num_leaves=15
num_cat=0
split_feature=6 8 12 6 5 14 6 2 5 6 0 1 3 6
split_gain=22.8215 61.9678 31.3152 86.7477 67.1502 51.5707 78.0277 44.829 34.6319 33.0723 37.1441 35.5452 32.4284 33.8517
threshold=0.95870870163032806 0.055504643795381926 0.15311870495489352 -0.50106103143635439 1.3514491827987747 1.0000000180025095e-35 -0.23418291191810145 0.22093023255814001 2.1977520797506789 -0.22260238028036036 0.54084773729209978 1.3266774149390452 0.90206950350271364 -0.017837678941398202
decision_type=10 2 10 10 2 2 10 10 2 10 10 2 10 10
left_child=2 -2 -1 -4 9 6 -6 8 -7 -5 -11 -12 13 -8
right_child=1 -3 3 4 5 7 12 -9 -10 10 11 -13 -14 -15
leaf_value=3.4171807470088571e-05 0.0011309992399936165 0.015017812467989373 -0.008391868201640118 0.0098454316723289668 0.021001449032471729 -0.0025235217831195045 0.011536837627052092 -0.0029302100086399658 0.01175309073034188 -0.0023999411455894767 0.0026189577114430198 0.016581814949001582 -0.0081562973958103045 -0.0020286634601344748
leaf_weight=290247 5612 300 1433 622 203 272 301 8762 340 907 623 219 263 358
leaf_count=290247 5612 300 1433 622 203 272 301 8762 340 907 623 219 263 358
internal_value=2.4817e-06 0.00184777 -3.33692e-05 -0.00140349 -0.000622423 -0.00165242 0.00440379 -0.00238121 0.0054389 0.0039324 0.00180746 0.00632707 0.000655857 0.00420763
internal_weight=310462 5912 304550 14303 12870 10499 1125 9374 612 2371 1749 842 922 659
internal_count=310462 5912 304550 14303 12870 10499 1125 9374 612 2371 1749 842 922 659
is_linear=0
shrinkage=0.03


Tree=254
num_leaves=15
num_cat=0
split_feature=13 5 7 12 13 8 3 10 4 0 14 8 12 6
split_gain=19.7194 24.2985 68.6891 59.2189 45.4937 37.2376 77.6578 41.7471 36.2288 36.3745 35.7481 51.4069 43.4779 35.1074
threshold=3.5000000000000004 3.1203529210358969 0.85164221424848396 0.15311870495489352 4.5000000000000009 0.058909486726184151 0.93333333333334068 1.6244312852377047 0.096970109659357553 0.53328921721646505 1.0000000180025095e-35 0.085091331646914251 0.0089013707046376473 -0.13224777088556708
decision_type=2 2 10 10 2 2 10 2 2 10 2 2 10 10
left_child=-1 -2 3 5 8 -3 10 -8 -4 -10 11 12 -7 -6
right_child=1 2 4 -5 13 6 7 -9 9 -11 -12 -13 -14 -15
leaf_value=-0.0002534746302829317 7.2897804963299674e-05 0.0015557091272702694 0.012552992064471639 -0.0048025221137722712 0.0005146747986743451 0.014725959498577417 0.0088440883202212193 -0.0065788378989673222 -0.0057387852479309784 0.0063914435366397631 0.012160490243435412 -0.002455284952502123 0.00016378657963621069 -0.0037577048317190402
leaf_weight=120253 153798 23029 322 1209 2683 506 205 635 404 483 988 546 289 4868
leaf_count=120253 153798 23029 322 1209 2683 506 205 635 404 483 988 546 289 4868
internal_value=4.71427e-05 0.000237443 0.000937057 0.00167614 -0.00137492 0.00197598 0.00502282 -0.00278485 0.00401704 0.000865315 0.00783874 0.00462129 0.0094664 -0.00224032
internal_weight=310218 189965 36167 27407 8760 26198 3169 840 1209 887 2329 1341 795 7551
internal_count=310218 189965 36167 27407 8760 26198 3169 840 1209 887 2329 1341 795 7551
is_linear=0
shrinkage=0.03


Tree=255
num_leaves=15
num_cat=0
split_feature=13 11 13 11 13 4 10 10 7 13 3 11 3 4
split_gain=14.3211 45.5976 52.9313 81.0407 87.9786 32.2909 42.8067 31.9104 34.391 26.0589 247.27 177.869 43.8496 37.2516
threshold=31.500000000000004 0.62801262502640698 35.500000000000007 -0.60867448213320396 37.500000000000007 0.21693961567667816 3.0524112510855943 2.0164422933240282 0.28906939366073159 29.500000000000004 0.91803278688525858 0.37005563726045992 0.8214285714285765 0.38419116401649839
decision_type=2 2 2 2 2 2 2 2 10 2 10 2 10 2
left_child=9 2 -2 5 -5 -4 7 -7 -9 -1 11 12 13 -11
right_child=1 -3 3 4 -6 6 -8 8 -10 10 -12 -13 -14 -15
leaf_value=-1.9603320038595802e-05 -0.0044896820065419762 -0.0097997135349103936 0.0077707777911966485 0.027456610354994023 0.0037491460941871946 -0.0077575288587278385 -0.014436847693377431 -0.0028217397850583974 0.012733145432594494 -0.024332332738394875 0.028176787704412842 0.017419581111337314 0.0001593693047761917 -0.0081753822031423312
leaf_weight=304658 1664 547 270 205 434 321 252 279 229 201 297 300 295 364
leaf_count=304658 1664 547 270 205 434 321 252 279 229 201 297 300 295 364
internal_value=-2.43182e-05 -0.00176297 -0.000548126 0.00275072 0.0115089 -0.00141894 -0.00373945 -0.00042059 0.00424597 -4.29276e-07 0.00399521 -0.00229047 -0.00922701 -0.0140863
internal_weight=310316 4201 3654 1990 639 1351 1081 829 508 306115 1457 1160 860 565
internal_count=310316 4201 3654 1990 639 1351 1081 829 508 306115 1457 1160 860 565
is_linear=0
shrinkage=0.03


Tree=256
num_leaves=15
num_cat=0
split_feature=8 10 10 11 7 0 0 0 11 0 12 3 4 12
split_gain=20.1841 29.6246 23.5975 43.0096 27.3459 41.274 24.1727 24.0883 30.5954 25.6787 21.4041 38.1483 20.1308 15.6779
threshold=-0.11760421283883156 1.1370981749419904 2.3954210246428342 0.076812921106199597 0.63840176037245155 0.55622575094158322 0.66574273559594133 0.60846822705178949 -0.28828379346689459 0.54522368855801384 0.0010968107092971804 0.80952380952379099 0.28696542703018674 -0.065803631181113417
decision_type=2 2 2 2 10 10 10 10 2 10 10 10 2 10
left_child=1 -1 3 6 5 -4 7 8 9 12 -5 -12 -3 -2
right_child=13 2 4 10 -6 -7 -8 -9 -10 -11 11 -13 -14 -15
leaf_value=-0.010289237086087057 0.00050512710914261396 -0.0008238614634074995 -0.018422596116433852 -0.0079938424399139691 0.0025303975005944571 -0.00077126001166464458 -0.0060675794784336868 0.013315899327397346 0.011558659067925284 -0.0071155642649321348 -0.0085193579834685375 0.0093594338232440653 0.010852418815547769 -4.5301404472182654e-05
leaf_weight=360 57288 334 251 649 220 224 214 235 267 293 204 216 215 248891
leaf_count=360 57288 334 251 649 220 224 214 235 267 293 204 216 215 248891
internal_value=3.1125e-05 -0.0021753 -0.00128187 2.22995e-05 -0.00617638 -0.0101933 0.00319819 0.00469057 0.00281127 -1.43979e-05 -0.00459971 0.000677386 0.00380549 5.76938e-05
internal_weight=309861 3682 3322 2627 695 475 1558 1344 1109 842 1069 420 549 306179
internal_count=309861 3682 3322 2627 695 475 1558 1344 1109 842 1069 420 549 306179
is_linear=0
shrinkage=0.03


Tree=257
num_leaves=15
num_cat=0
split_feature=6 8 7 1 4 14 3 1 10 8 5 3 5 0
split_gain=21.6271 46.9433 41.9372 48.5075 40.631 39.8258 32.5812 30.7012 38.1638 30.3303 34.2476 29.3816 22.802 27.0348
threshold=0.95870870163032806 0.055504643795381926 0.12063765246602322 0.64859332281245941 0.3177549046517083 1.0000000180025095e-35 0.90919382678444383 1.4423613235225146 2.44210872334116 -0.024750735855137061 2.4302072942564474 0.61538461538462141 3.0382911926822511 0.40042257125894026
decision_type=10 2 10 2 2 2 10 2 2 2 2 10 2 10
left_child=12 2 3 -2 7 6 -5 8 -4 -9 -11 -6 -1 -14
right_child=1 -3 4 5 11 -7 -8 9 -10 10 -12 -13 13 -15
leaf_value=-0.00017198823678597324 -0.0019669867185206193 0.013551424895365214 0.0018930994712316725 0.025255819126032291 0.0045882165738355329 0.0037522967788604423 0.0080878953048380085 -0.0019868194097425879 -0.010978513603889139 0.0031925722344645431 0.019543597093188616 -0.0054307220630697758 -0.0038051528629524625 0.00053915302215637494
leaf_weight=236715 454 286 1603 203 316 431 204 200 233 219 244 1485 1310 65883
leaf_count=236715 454 286 1603 203 316 431 204 200 233 219 244 1485 1310 65883
internal_value=1.33489e-06 0.00180293 0.00119049 0.00591884 -0.000235435 0.0101774 0.0168534 0.00223858 0.00023423 0.0077458 0.0119263 -0.00366498 -3.35396e-05 0.000454179
internal_weight=309786 5878 5592 1292 4300 838 407 2499 1836 663 463 1801 303908 67193
internal_count=309786 5878 5592 1292 4300 838 407 2499 1836 663 463 1801 303908 67193
is_linear=0
shrinkage=0.03


Tree=258
num_leaves=15
num_cat=0
split_feature=0 10 5 1 10 7 3 3 5 7 10 12 3 3
split_gain=16.9966 29.0321 26.2299 57.5217 28.507 30.9333 21.294 27.9503 32.8647 27.7908 27.2712 27.0328 23.7891 22.4471
threshold=0.68235447997331289 0.84463545114690142 3.5464772971920859 2.0621368101514519 2.0787055011885571 0.062595461153634277 0.46027955249281099 0.87500000000000488 3.3806491985015001 1.6021517243346601 1.434990773807465 0.11703188517225117 0.74999999999999944 0.86363636363636032
decision_type=8 2 2 2 2 10 8 10 2 10 2 8 10 10
left_child=-1 -2 6 4 5 -4 -3 9 11 10 -8 -9 -12 -14
right_child=1 2 3 -5 -6 -7 7 8 -10 -11 12 -13 13 -15
leaf_value=5.0352910979667327e-05 0.0071685821898476616 0.005689820023332709 0.012551736092070737 0.015888911536484956 -0.0064315113789252653 -0.0028234606155429975 -0.00050654906605168064 -0.00041829526103015046 -0.010945864996851183 0.007117902421951294 -0.0076586318914009183 0.0095660479190781359 -0.0020274758386135757 -0.011238944408164095
leaf_weight=295579 377 348 220 245 388 244 1763 6231 253 220 1720 249 2173 263
leaf_count=295579 377 348 220 245 388 244 1763 6231 253 220 1720 249 2173 263
internal_value=8.39074e-07 -0.000994841 -0.00121223 0.0032357 -0.000474312 0.0045226 -0.00158241 -0.00178115 -0.000445644 -0.00324431 -0.00363514 -2.75579e-05 -0.00496011 -0.00304297
internal_weight=310273 14694 14317 1097 852 464 13220 12872 6733 6139 5919 6480 4156 2436
internal_count=310273 14694 14317 1097 852 464 13220 12872 6733 6139 5919 6480 4156 2436
is_linear=0
shrinkage=0.03


Tree=259
num_leaves=15
num_cat=0
split_feature=4 13 3 14 10 5 0 2 13 6 6 13 13 2
split_gain=22.5079 49.2576 46.7408 32.3884 37.0983 29.1775 44.6785 28.4568 27.3343 73.881 73.6498 53.4247 105.151 88.054
threshold=0.024788267834526583 11.500000000000002 0.94117647058819187 1.0000000180025095e-35 2.2807881643935057 0.68850901563499012 0.55299429951633916 1.0000000180025095e-35 18.500000000000004 0.26264971225068651 0.23019789298327312 21.500000000000004 26.500000000000004 0.63636363636364868
decision_type=2 2 10 2 2 2 10 10 2 10 8 2 2 10
left_child=1 2 5 4 -3 6 -1 -7 -2 10 -10 -11 -13 -14
right_child=8 3 -4 -5 -6 7 -8 -9 9 11 -12 12 13 -15
leaf_value=-0.0012241630535812181 0.00016790575441128083 -0.0027905825521244388 -0.0059019753935620331 0.0072476279818262726 0.0083417986947581287 -0.0073314063072150793 -0.018148623133027876 -0.00037149559242914346 -0.00098650780755076624 -0.0021490140027171064 -0.0088159964926462012 0.01416691262610799 0.014225837319417107 -0.0062507464484544114
leaf_weight=384 265850 1040 2034 950 358 549 217 11603 23333 881 1129 888 261 648
leaf_count=384 265850 1040 2034 950 358 549 217 11603 23333 881 1129 888 261 648
internal_value=1.35029e-05 -0.00104316 -0.00168424 0.00298912 7.97678e-05 -0.00100949 -0.00743431 -0.000688815 7.53169e-05 -0.000831501 -0.00134959 0.00389466 0.00685538 -0.000325673
internal_weight=310125 17135 14787 2348 1398 12753 601 12152 292990 27140 24462 2678 1797 909
internal_count=310125 17135 14787 2348 1398 12753 601 12152 292990 27140 24462 2678 1797 909
is_linear=0
shrinkage=0.03


Tree=260
num_leaves=15
num_cat=0
split_feature=2 1 4 1 1 4 4 0 5 4 12 3 4 12
split_gain=16.9143 36.2499 35.5348 21.9026 30.6654 19.3707 21.9588 28.6981 35.7266 24.2068 27.1103 21.0456 17.062 16.033
threshold=0.037037037037003125 0.28769592737149957 0.17602296879631954 0.44790704168762213 0.40027324744152298 0.11109853393435538 0.030054947469598397 0.49144606201613322 1.1800730261425292 0.017850017651302241 -0.030101873112881258 0.53333333333332966 0.22708213204456337 -0.065803631181113417
decision_type=10 2 2 2 2 2 2 10 2 2 10 10 2 10
left_child=1 -1 3 4 -3 6 9 -8 -9 10 -5 -7 -4 -2
right_child=13 2 12 5 -6 11 7 8 -10 -11 -12 -13 -14 -15
leaf_value=-0.014035428697509424 0.00043245824507427444 -0.0022047177826005943 0.011978871338700844 0.0068384730410807337 0.012451597958894037 -0.013416881237711224 -0.0044406502538985471 -0.0061531008093544609 0.0067083057779844671 -0.011780487284660338 -0.0065072048070000076 -0.0013239367076478866 0.0012283745028365118 -0.00012362603725818357
leaf_weight=205 57455 341 231 201 200 310 785 262 714 370 405 222 307 248335
leaf_count=205 57455 341 231 201 200 310 785 262 714 370 405 222 307 248335
internal_value=-4.61777e-05 -0.00186023 -0.00127073 -0.00229141 0.00327792 -0.0032167 -0.00218987 -0.000185572 0.00324199 -0.00578686 -0.00206093 -0.00842989 0.00591209 -1.91378e-05
internal_weight=310343 4553 4348 3810 541 3269 2737 1761 976 976 606 532 538 305790
internal_count=310343 4553 4348 3810 541 3269 2737 1761 976 976 606 532 538 305790
is_linear=0
shrinkage=0.03


Tree=261
num_leaves=15
num_cat=0
split_feature=13 6 1 13 12 1 13 13 6 3 12 2 3 2
split_gain=18.9191 26.7262 27.5926 25.3111 62.3636 92.3467 131.268 47.6664 27.5259 19.8833 14.9879 13.5209 29.0702 42.3167
threshold=40.500000000000007 -0.10050768822344684 2.3739098323023895 35.500000000000007 -0.10542909289720424 4.3272659311954564 36.500000000000007 33.500000000000007 -0.27028896884690079 0.88541666666665975 0.038587490300380785 0.72676825983221482 0.85714285714286642 0.69230769230766109
decision_type=2 8 2 2 10 2 2 2 10 10 8 10 8 10
left_child=3 2 -2 7 -5 6 -6 11 -8 -3 -9 12 13 -1
right_child=1 9 -4 4 5 -7 8 10 -10 -11 -12 -13 -14 -15
leaf_value=0.00024016277405159358 -0.0062840800872951174 -0.0031638922942802306 0.0089715705894713466 -0.010806231560865284 0.029327446573747779 -0.0084296614447358382 -0.0044124729114088188 -0.0096366179998104394 0.0088568956157237515 -0.014990293198702286 -0.0020241298187777435 0.00032899663330612544 -0.00072520013440519613 -0.0017223847382819885
leaf_weight=145332 207 275 210 206 260 263 222 580 368 240 392 100813 49907 10605
leaf_count=145332 207 275 210 206 260 263 222 580 368 240 392 100813 49907 10605
internal_value=2.81855e-05 -0.00422823 0.00141389 4.1094e-05 0.00418014 0.00698982 0.0117822 2.32797e-05 0.00386889 -0.00876637 -0.00659263 4.43571e-05 -9.5051e-05 0.000106642
internal_weight=309880 932 417 308948 1319 1113 850 307629 590 515 972 306657 205844 155937
internal_count=309880 932 417 308948 1319 1113 850 307629 590 515 972 306657 205844 155937
is_linear=0
shrinkage=0.03


Tree=262
num_leaves=15
num_cat=0
split_feature=13 0 0 12 13 6 5 6 0 6 6 13 11 8
split_gain=18.7593 20.9141 26.2424 17.9255 103.459 91.3265 60.0295 57.6014 57.1345 56.7345 84.0249 53.3241 75.1656 69.3834
threshold=-9.4999999999999982 0.51519407342183332 0.55958018178203817 0.1061180281274914 16.500000000000004 0.26264971225068651 2.3669801376130253 -0.50106103143635439 0.54084773729209978 -0.15461734671131147 -0.073380067277236102 24.500000000000004 0.95547912066026652 0.0030511839446425038
decision_type=2 10 10 10 2 10 2 10 10 10 10 2 2 2
left_child=1 -1 -3 -2 7 8 -7 -5 11 -10 -11 12 13 -6
right_child=3 2 -4 4 5 6 -8 -9 9 10 -12 -13 -14 -15
leaf_value=-0.010883911929347298 7.4085673768868368e-05 0.0060612025856971738 -0.0068818456804158219 -0.0061689776465404704 -0.0019134279729815216 0.0058589609650740943 0.026883783469892151 -0.00094341872154922143 0.00067763717568777035 0.026296063230549994 0.0054579845576081419 -0.0081615658394691461 -0.01261362427347143 0.017456926614312189
leaf_weight=292 277943 253 306 2048 328 261 231 25280 959 237 635 705 208 331
leaf_count=292 277943 253 306 2048 328 261 231 25280 959 237 635 705 208 331
internal_value=-1.47611e-05 -0.00444975 -0.0010221 -2.48177e-06 -0.000683978 0.00388718 0.0159015 -0.00133609 0.00212938 0.0057244 0.0112392 -0.00206281 0.00291474 0.00787403
internal_weight=310017 851 559 309166 31223 3895 492 27328 3403 1831 872 1572 867 659
internal_count=310017 851 559 309166 31223 3895 492 27328 3403 1831 872 1572 867 659
is_linear=0
shrinkage=0.03


Tree=263
num_leaves=15
num_cat=0
split_feature=13 4 5 7 13 12 6 1 7 1 5 13 8 1
split_gain=17.5512 18.3709 32.4001 36.556 45.2631 37.3403 30.8101 29.8964 73.5682 29.4463 94.9553 39.2202 48.3924 47.419
threshold=-9.4999999999999982 0.54025174346772842 3.8618164758062079 0.8039902443024981 1.5000000000000002 -0.044667348182374327 -0.071321100306084559 8.2138806638748232 2.0079245620118109 3.5461950874201427 1.6903458806432767 16.500000000000004 -0.026327928773151165 4.3272659311954564
decision_type=2 2 2 8 2 10 10 2 8 2 2 2 2 2
left_child=-1 2 7 4 5 -4 -7 9 -9 -2 11 12 -11 -14
right_child=1 -3 3 -5 -6 6 -8 8 -10 10 -12 -13 13 -15
leaf_value=-0.0042839776099854723 0.00019147256765979752 -0.00044920252903216448 -0.0034426247111051197 -0.0053812601097305455 -0.0022306850953957612 0.0019840666559099666 0.015507915570243211 0.014843836623723759 -0.0048815716216340658 0.0186222316801548 -0.0040556594701471231 -0.0025594069207380264 -0.0053200805899889575 0.012021933901838882
leaf_weight=868 226370 70634 286 2009 2829 271 344 391 295 295 4423 389 271 288
leaf_count=868 226370 70634 286 2009 2829 271 344 391 295 295 4423 389 271 288
internal_value=-3.62635e-05 -2.42659e-05 0.00010161 -0.00212423 -0.000365114 0.00547247 0.00961269 0.000156545 0.00638739 0.000137986 -0.0019972 0.00531438 0.00889494 0.00364199
internal_weight=309963 309095 238461 5739 3730 901 615 232722 686 232036 5666 1243 854 559
internal_count=309963 309095 238461 5739 3730 901 615 232722 686 232036 5666 1243 854 559
is_linear=0
shrinkage=0.03


Tree=264
num_leaves=15
num_cat=0
split_feature=13 4 0 13 2 11 4 8 11 8 13 13 5 12
split_gain=19.8085 14.9671 77.9202 79.8671 35.9714 28.4044 16.011 49.4184 47.4015 52.7555 43.0756 39.7114 36.7915 56.2669
threshold=45.500000000000007 2.0343179777008746 0.53203369348757612 12.500000000000002 0.81999999999999296 0.54994894390774729 0.54025174346772842 0.037410518273663658 -1.6364334298727754 0.039392323096638274 30.500000000000004 -6.4999999999999991 1.3648018239027853 -0.17366378913634203
decision_type=2 2 10 2 10 2 2 2 2 2 2 2 2 10
left_child=1 6 -3 5 -5 -4 -1 11 -9 -10 -11 -8 13 -13
right_child=-2 2 3 4 -6 -7 7 8 9 10 -12 12 -14 -15
leaf_value=0.00010796737301148326 -0.0070172444319362799 -0.012185271720738805 0.0069765471175840471 0.0068166880557934441 0.023860410697460172 -0.007128154501918978 0.010635786642667552 -0.008689647323199521 0.0090032664183408596 0.00072211906329821131 0.011509049596232281 0.011247060760374992 -0.001271802343588233 0.00022936601218738928
leaf_weight=239133 357 230 221 211 245 293 266 423 780 12978 337 429 43508 10765
leaf_count=239133 357 230 221 211 245 293 266 423 780 12978 337 429 43508 10765
internal_value=-3.67863e-06 4.51611e-06 0.00334148 0.00706668 0.0161334 -0.00105489 -8.51287e-06 -0.000409353 0.00114713 0.00144531 0.000999352 -0.000820514 -0.00087719 0.000656442
internal_weight=310176 309819 1200 970 456 514 308619 69486 14518 14095 13315 54968 54702 11194
internal_count=310176 309819 1200 970 456 514 308619 69486 14518 14095 13315 54968 54702 11194
is_linear=0
shrinkage=0.03


Tree=265
num_leaves=15
num_cat=0
split_feature=0 4 11 5 12 12 12 1 1 3 4 1 7 0
split_gain=20.3971 43.3607 25.2652 29.4488 46.4167 35.8986 39.3966 36.3548 46.3904 45.9901 44.35 36.291 34.563 36.5627
threshold=0.50155271727307571 1.4600938520481643 2.6648083000762934 2.4194082608691319 -0.26262089047442289 0.0038174551327243571 0.014508800595387396 3.1519648401110696 2.1746026803279368 0.61930085031720028 0.23974136790960907 0.33763712314734956 1.1350223556925454 0.45872819439568141
decision_type=10 2 2 2 10 8 10 2 2 10 2 2 8 10
left_child=1 2 3 -1 -5 -6 12 8 11 -9 -10 -8 13 -7
right_child=-2 -3 -4 4 5 6 7 9 10 -11 -12 -13 -14 -15
leaf_value=-0.0008560030524161781 0.00012764205359473636 -0.011306022988124328 -0.0055576050379280498 -0.0091925083171115821 -0.00043643156308806628 0.015922463853172697 0.012065408657369919 -0.017651480123764132 -1.1304778684126702e-05 0.00026654187674549491 0.015068715262413023 0.00065925637474350163 -0.00078585954965856451 0.0047067029553067175
leaf_weight=40388 241153 325 841 440 14536 424 253 200 299 347 420 9366 452 687
leaf_count=40388 241153 325 841 440 14536 424 253 200 299 347 420 9366 452 687
internal_value=-2.47868e-06 -0.000457368 -0.000405192 -0.000340887 0.000417756 0.000576134 0.00175825 0.00111725 0.00151712 -0.00638538 0.00884084 0.000965375 0.00620449 0.00903923
internal_weight=310131 68978 68653 67812 27424 26984 12448 10885 10338 547 719 9619 1563 1111
internal_count=310131 68978 68653 67812 27424 26984 12448 10885 10338 547 719 9619 1563 1111
is_linear=0
shrinkage=0.03


Tree=266
num_leaves=15
num_cat=0
split_feature=4 4 9 8 4 9 11 9 6 6 7 9 1 7
split_gain=19.4148 44.8344 41.1294 39.8472 39.2055 37.6787 35.2003 40.6146 37.1935 56.5208 32.9623 37.8601 32.0255 31.135
threshold=0.1270031817225907 0.075421337454074547 0.67539077921527568 0.066734742218222717 0.098965457767747997 1.5658656874080783 0.37005563726045992 1.4446488767083758 -0.29931811710147721 -0.32964371364640621 0.028987431201397271 0.62735688754557284 0.52954036731830667 0.19554410946197229
decision_type=2 2 8 2 2 8 2 10 8 10 8 10 2 8
left_child=1 2 10 -3 -5 6 7 8 9 12 11 -1 -4 -12
right_child=-2 3 5 4 -6 -7 -8 -9 -10 -11 13 -13 -14 -15
leaf_value=0.013541123861411833 -0.00013655688281154541 0.00098948342404541747 -0.0084354432210104312 0.00942223400366155 0.0014527062654134727 0.0091903385492386625 0.0010471781149786839 -0.012399765179449877 -0.00087179716795409356 0.010298904827804446 -0.014240271353416821 -0.0040772774516234745 0.0019687217696668716 -0.003447072272719964
leaf_weight=207 227062 29751 314 1030 1204 400 17929 257 26392 678 259 224 1606 2810
leaf_count=207 227062 29751 314 1030 1204 400 17929 257 26392 678 259 224 1606 2810
internal_value=7.00804e-06 0.000399453 -0.00015212 0.00128013 0.00513994 7.89279e-05 7.07496e-07 -0.000640869 -0.000534505 0.002887 -0.00328842 0.00444271 0.000249717 -0.00437962
internal_weight=310123 83061 51076 31985 2234 47576 47176 29247 28990 2598 3500 431 1920 3069
internal_count=310123 83061 51076 31985 2234 47576 47176 29247 28990 2598 3500 431 1920 3069
is_linear=0
shrinkage=0.03


Tree=267
num_leaves=15
num_cat=0
split_feature=4 13 0 5 1 5 3 3 4 0 6 0 12 13
split_gain=20.7187 44.7294 34.526 28.2514 25.8013 30.144 23.6737 23.09 27.7485 21.6528 21.0792 23.1135 20.3879 20.3289
threshold=0.02301775150823817 11.500000000000002 0.56214898881719866 0.82789182376744963 0.92350673383838955 2.8994632576337822 0.94117647058819187 0.25263157894734556 0.019651341058267737 0.55500313508750165 -0.2373876618919524 0.47913863769735265 0.027058414546214275 2.5000000000000004
decision_type=2 2 10 2 2 2 10 10 2 10 8 10 8 2
left_child=1 3 10 9 -4 -6 7 -5 -9 12 -3 -12 -1 -10
right_child=-2 2 4 6 5 -7 -8 8 13 -11 11 -13 -14 -15
leaf_value=-0.00749331264741837 9.8189168384073752e-05 0.0072928695286575106 6.4974575584261288e-05 -0.006817010423824107 0.016455581120662088 0.0019392550820257605 -0.0044150029042958729 0.00021273560412023938 -0.00066838986406761425 -0.012786118308348315 0.0064013821865474829 -0.0041467477009564709 0.0038505304999973465 -0.0074790749144120301
leaf_weight=373 294326 280 267 532 364 200 1849 8890 784 331 234 857 225 791
leaf_count=373 294326 280 267 532 364 200 1849 8890 784 331 234 857 225 791
internal_value=4.10682e-05 -0.00101091 0.00295479 -0.00164569 0.00775996 0.0113702 -0.00127886 -0.000749787 -0.000438245 -0.00668414 2.46378e-05 -0.00186548 -0.00322861 -0.00410171
internal_weight=310303 15977 2202 13775 831 564 12846 10997 10465 929 1371 1091 598 1575
internal_count=310303 15977 2202 13775 831 564 12846 10997 10465 929 1371 1091 598 1575
is_linear=0
shrinkage=0.03


Tree=268
num_leaves=15
num_cat=0
split_feature=14 12 6 6 6 12 6 1 12 12 10 1 3 2
split_gain=21.2263 104.332 86.3214 82.343 74.5101 76.6879 140.975 71.7377 67.5974 58.0111 57.5216 70.9973 48.7422 62.3811
threshold=1.0000000180025095e-35 -0.15929228301783468 -0.50106103143635439 -0.41944632861272674 0.3669218966031717 0.13416890337074103 -0.25629184832170415 0.82125201730823094 -0.23662151990540911 0.080569898908240081 2.252799103579759 0.98762199328008127 0.8461538461538477 0.8947368421052998
decision_type=2 8 8 8 10 10 8 2 10 10 2 2 10 10
left_child=3 -2 -3 -1 5 9 -7 -6 -9 -5 -11 -12 -10 -14
right_child=1 2 -4 4 7 6 -8 8 12 10 11 -13 13 -15
leaf_value=0.0038205979307297383 -0.0107776172878835 -0.0064341926587786133 0.00046457033738494488 -0.00045725542736871003 -0.0011043522842666726 0.026661009834178032 0.0022954765800386667 -0.0026529026548296852 0.00228995538648416 -0.0054885211219590606 0.012905644538032042 -0.0025731173077906057 0.0086849062373895829 -0.0013209716628280225
leaf_weight=4510 753 1647 137484 142161 5631 243 1555 1577 5524 3924 365 951 2925 692
leaf_count=4510 753 1647 137484 142161 5631 243 1555 1577 5524 3924 365 951 2925 692
internal_value=4.84866e-05 0.000322217 0.000382676 -0.000176678 -0.000285687 -0.000496384 0.00565329 0.00163668 0.0030766 -0.000571587 -0.00367001 0.0017526 0.00406595 0.00677141
internal_weight=309942 139884 139131 170058 165548 149199 1798 16349 10718 147401 5240 1316 9141 3617
internal_count=309942 139884 139131 170058 165548 149199 1798 16349 10718 147401 5240 1316 9141 3617
is_linear=0
shrinkage=0.03


Tree=269
num_leaves=15
num_cat=0
split_feature=5 10 12 8 13 13 10 8 10 6 12 12 7 12
split_gain=17.6325 33.2245 45.5352 52.0982 43.6793 31.1406 37.5528 28.7491 34.8217 45.3115 35.5008 32.2158 65.0756 32.4923
threshold=0.66179351899103367 1.5508620573865579 -0.089588041184816045 -0.042796073807856029 1.5000000000000002 21.500000000000004 1.761662783013263 0.024952193434807118 2.0033770917323963 -0.33610859910308383 0.065704556362497848 0.015225570017802672 0.84332335720814056 0.10863285374001581
decision_type=2 2 10 2 2 2 2 2 2 10 10 10 10 10
left_child=1 -1 3 -3 -5 6 -4 8 10 -10 -8 12 -11 -13
right_child=-2 2 5 4 -6 -7 7 -9 9 11 -12 13 -14 -15
leaf_value=-0.0032501584846018386 6.4791348283724083e-05 -0.00535125582570761 0.0029070578559688828 -0.00061815731141759054 0.014362677818407181 0.0073339461281819998 -0.0084235514749088827 -0.0072153651197628338 -0.01299613942609769 0.00042054034355236598 0.0042566528716106184 -0.0050304070105465417 0.014366111028939485 0.006447553895924189
leaf_weight=4219 297823 279 1446 256 547 389 944 964 209 1092 248 924 411 287
leaf_count=4219 297823 279 1446 256 547 389 944 964 209 1092 248 924 411 287
internal_value=1.89652e-05 -0.00109793 3.89965e-05 0.0057471 0.00961245 -0.000857796 -0.0013514 -0.00256546 -0.00146872 0.00029573 -0.00577863 0.00134133 0.00426899 -0.00229487
internal_weight=310038 12215 7996 1082 803 6914 6525 5079 4115 2923 1192 2714 1503 1211
internal_count=310038 12215 7996 1082 803 6914 6525 5079 4115 2923 1192 2714 1503 1211
is_linear=0
shrinkage=0.03


Tree=270
num_leaves=15
num_cat=0
split_feature=13 9 1 9 9 14 13 0 8 8 7 11 13 7
split_gain=24.4379 16.933 26.3344 15.1924 44.8263 35.3231 80.7717 58.8799 40.1571 39.4108 60.4284 34.5376 92.0611 35.6284
threshold=-9.4999999999999982 0.93061453417287499 1.1035310888001131 1.0733890705780234 1.0957604052608405 1.0000000180025095e-35 15.500000000000002 0.66302757213508612 0.012666988290514217 0.042997782981164565 -0.2569416037919679 0.72046392581509788 20.500000000000004 -0.015736555618167013
decision_type=2 10 2 10 10 2 2 10 2 2 8 2 2 10
left_child=1 2 -1 -2 -5 7 -7 9 -9 -6 -11 13 -13 -8
right_child=3 -3 -4 4 5 6 11 8 -10 10 -12 12 -14 -15
leaf_value=0.00018453299042281755 0.00010967171280525114 0.00081635295759899208 -0.013204400656295233 -0.0026250457185179963 4.1080664278520787e-05 0.0017071306592613543 0.0014599944093435474 -0.0020481439148819685 -0.01236185681911869 0.0085925505424210846 -0.0042189748648350433 -0.0090842783951119287 0.016276622987660017 -0.0097026112503267731
leaf_weight=213 255824 288 343 7328 23404 15315 333 740 627 358 3834 293 222 1110
leaf_count=213 255824 288 343 7328 23404 15315 333 740 627 358 3834 293 222 1110
internal_value=-4.72003e-07 -0.00508329 -0.00811926 1.34757e-05 -0.000445928 -0.000100311 0.00097326 -0.000740626 -0.00680653 -0.000438966 -0.00311593 -0.00475663 0.00189938 -0.00713048
internal_weight=310232 844 556 309388 53564 46236 17273 28963 1367 27596 4192 1958 515 1443
internal_count=310232 844 556 309388 53564 46236 17273 28963 1367 27596 4192 1958 515 1443
is_linear=0
shrinkage=0.03


Tree=271
num_leaves=15
num_cat=0
split_feature=2 1 12 11 9 8 8 9 1 9 12 5 11 8
split_gain=16.0832 40.935 80.0507 61.7314 55.6291 74.7317 60.739 56.8526 55.4622 48.3361 44.0364 48.3922 43.3037 34.5394
threshold=0.72676825983221482 3.6715489098298328 -0.044667348182374327 -1.0656057205727245 1.1177603555441593 0.014561626294363328 0.02130882186882934 0.88500828125389186 4.3272659311954564 0.99573473589631589 0.015225570017802672 1.8979243872932752 -0.90214214042208318 0.017376038609707517
decision_type=10 2 8 2 10 2 2 10 2 10 8 2 2 2
left_child=-1 -2 3 -3 5 10 -7 8 -8 -9 12 -12 -4 -6
right_child=1 2 4 -5 13 6 7 9 -10 -11 11 -13 -14 -15
leaf_value=-0.00012286878971601715 0.00020230839597279283 0.0076183550984695037 0.017690255547309443 -0.0095383911877545205 0.0017081155069172383 0.026031290264479045 0.014107271030545234 0.02463789031630562 -0.0051526025899549036 0.0058292570197954769 0.011348442739969947 -0.0042601487820270057 0.0034430840374239488 -0.013195440562195935
leaf_weight=207532 98010 256 269 682 409 227 215 274 342 227 218 897 653 207
leaf_count=207532 98010 256 269 682 409 227 215 274 342 227 218 897 653 207
internal_value=2.91753e-05 0.000335855 0.00301726 -0.00484039 0.00489265 0.00642681 0.0120785 0.00897649 0.00234101 0.0162576 0.00284071 -0.00117139 0.00767279 -0.00336598
internal_weight=310418 102886 4876 938 3938 3322 1285 1058 557 501 2037 1115 922 616
internal_count=310418 102886 4876 938 3938 3322 1285 1058 557 501 2037 1115 922 616
is_linear=0
shrinkage=0.03


Tree=272
num_leaves=15
num_cat=0
split_feature=3 2 12 6 2 11 3 13 6 13 10 6 12 9
split_gain=21.2272 32.4975 41.7558 40.2223 69.6829 45.4064 39.0373 35.7249 43.2444 58.7846 39.9449 36.2197 31.8073 43.0587
threshold=0.86547085201793161 0.61313868613139288 -0.11123121522939254 1.2314833102203 0.93750000000002276 -0.66907521062697495 0.91304347826087329 7.5000000000000009 -0.20635679726348546 21.500000000000004 1.7553187056522295 -0.3744101073770591 -0.023559290692616138 0.93429474460671502
decision_type=8 10 8 8 10 2 8 2 10 2 2 10 8 10
left_child=-1 2 6 -3 5 12 -2 -4 9 10 -9 -12 -5 -14
right_child=1 3 7 4 -6 -7 -8 8 -10 -11 11 -13 13 -15
leaf_value=0.00023772979279845284 0.0069182688925517781 0.00013133834101646281 -0.00085752370487156499 0.00067838873244544494 -0.014734003885254594 0.0005952207817690084 -0.00061251312716904859 0.0073789395350196034 -0.0048334636798591903 -0.012422363067572972 -0.012266211085087431 0.0022908616431566498 -0.015558774466326232 8.4698421579178923e-05
leaf_weight=189130 1049 88879 18820 344 401 2499 1501 816 4977 260 221 478 476 236
leaf_count=189130 1049 88879 18820 344 401 2499 1501 816 4977 260 221 478 476 236
internal_value=3.92317e-05 -0.00027114 -0.00116448 -4.77124e-07 -0.00295839 -0.00161128 0.00249292 -0.0015296 -0.00340089 0.000618262 0.00288976 -0.00236602 -0.00681112 -0.0104091
internal_weight=310087 120957 28122 92835 3956 3555 2550 25572 6752 1775 1515 699 1056 712
internal_count=310087 120957 28122 92835 3956 3555 2550 25572 6752 1775 1515 699 1056 712
is_linear=0
shrinkage=0.03


Tree=273
num_leaves=15
num_cat=0
split_feature=4 7 6 0 13 11 11 6 10 13 8 2 7 0
split_gain=21.2034 24.3412 42.0841 30.5104 29.7326 28.311 27.4687 40.8923 56.5081 39.7949 73.3541 38.0382 33.6951 29.6765
threshold=0.68992256285579845 0.20743816922179681 0.70646336785577291 0.45030504768968216 37.500000000000007 0.31262634275500106 2.1640531600763588 -0.16561724209645826 2.4677206450982427 2.5000000000000004 0.0086426431479678344 0.45945945945947059 0.72680240022875631 0.57557821288268307
decision_type=2 10 10 10 2 2 2 10 2 2 2 10 10 10
left_child=-1 2 4 -3 -2 -4 11 8 -8 10 -9 -5 13 -11
right_child=1 3 5 6 -6 -7 7 9 -10 12 -12 -13 -14 -15
leaf_value=5.4643501390921632e-05 -0.001638072803335293 -0.0065137101532393741 0.012294008705627035 -0.0048970929558045046 -0.010407542783055413 -0.0016362146999953048 -0.0026615384814246772 -0.0047910962165779855 0.016934405516773932 0.0096093880904740414 0.018812836331995098 4.7073226099766454e-05 -0.0066140306741560261 -0.0050938642991965183
leaf_weight=265102 15841 650 319 1482 351 219 202 214 373 299 256 24068 659 204
leaf_count=265102 15841 650 319 1482 351 219 202 214 373 299 256 24068 659 204
internal_value=-4.76981e-05 -0.000648718 -0.00155633 -0.000114007 -0.00183133 0.00666068 3.70039e-05 0.00324416 0.0100867 0.000809908 0.00812821 -0.00024061 -0.00217231 0.0036548
internal_weight=310239 45137 16730 28407 16192 538 27757 2207 575 1632 470 25550 1162 503
internal_count=310239 45137 16730 28407 16192 538 27757 2207 575 1632 470 25550 1162 503
is_linear=0
shrinkage=0.03


Tree=274
num_leaves=15
num_cat=0
split_feature=4 11 8 0 5 12 13 11 8 11 7 5 10 8
split_gain=19.4922 43.6147 26.9913 32.7894 29.4796 56.4725 43.4758 41.8361 55.107 53.664 38.3876 31.8831 42.6852 29.193
threshold=0.22435265457443007 2.7941321907655676 -0.034767003960395539 0.57786641758194357 3.1335267877504207 -0.033516081322109197 8.5000000000000018 -0.65688433105650945 -0.081078017168076236 0.62801262502640698 0.34572597938255994 2.7449423473289429 1.9493955716778009 -0.036730559106474298
decision_type=2 2 2 10 2 8 2 2 2 2 8 2 2 2
left_child=1 2 3 13 6 -6 11 8 -8 -9 -10 -5 -13 -1
right_child=-2 -3 -4 4 5 -7 7 9 10 -11 -12 12 -14 -15
leaf_value=-0.00081890999876300919 -0.00022138869235174068 -0.0073367746489920735 0.00053123412335646198 -0.00011208007221928045 -0.0034171384048162015 0.0092364955787394964 0.022131696045398712 -0.0043650919108344823 0.0096970176389108275 0.012940358707224422 -0.0056059445272204017 -0.013161662661542112 0.001508951314925393 -0.0055893560678352593
leaf_weight=21288 175849 672 102661 4576 472 951 213 669 443 207 216 411 311 1216
leaf_count=21288 175849 672 102661 4576 472 951 213 669 443 207 216 411 311 1216
internal_value=-1.35461e-05 0.000258584 0.000297051 -0.000479116 0.00111159 0.0050421 0.000314776 0.00441035 0.00904226 -0.000225557 0.00467673 -0.00103939 -0.00687541 -0.00107786
internal_weight=310155 134306 133634 30973 8469 1423 7046 1748 872 876 659 5298 722 22504
internal_count=310155 134306 133634 30973 8469 1423 7046 1748 872 876 659 5298 722 22504
is_linear=0
shrinkage=0.03


Tree=275
num_leaves=15
num_cat=0
split_feature=9 11 9 5 7 8 8 12 4 13 6 3 9 13
split_gain=21.0636 45.1799 138.187 46.8044 41.1561 36.9239 54.585 60.4973 35.2593 33.2016 72.7198 51.1425 51.2847 38.9538
threshold=0.76696488836042642 2.0739114555336471 0.74284582901561369 3.2041404831106459 0.54865259437459868 0.041529625434843231 -0.014677542507323926 0.01244680852261182 0.37260381917813445 21.500000000000004 -0.43411257425760424 0.6754966887417243 0.59391111497923288 31.500000000000004
decision_type=8 2 10 2 8 2 2 10 2 2 10 10 10 2
left_child=1 9 3 8 -4 6 -5 -8 -3 -1 -11 -12 -13 -14
right_child=-2 2 4 5 -6 -7 7 -9 -10 10 11 12 13 -15
leaf_value=-0.00075614866012755093 0.00014188148647668747 0.024195449619043255 0.0016667470533979459 -0.0014744858123386334 -0.015363585514829338 -0.0037073295833364981 0.0053186533500885827 0.026926060866154553 0.0073524576825174416 -0.015107750963528181 -0.0052081143308939527 0.018191603967810378 0.0057443146735693422 -0.0026603747431496929
leaf_weight=62188 242297 243 201 302 341 309 271 204 215 201 537 233 1966 660
leaf_count=62188 242297 243 201 302 341 309 271 204 215 201 537 233 1966 660
internal_value=1.10351e-05 -0.000456058 0.00388536 0.00845496 -0.0090904 0.00502175 0.00849466 0.0147823 0.0164536 -0.000594006 0.00220641 0.0032519 0.00484724 0.0036309
internal_weight=310168 67871 2086 1544 542 1086 777 475 458 65785 3597 3396 2859 2626
internal_count=310168 67871 2086 1544 542 1086 777 475 458 65785 3597 3396 2859 2626
is_linear=0
shrinkage=0.03


Tree=276
num_leaves=15
num_cat=0
split_feature=2 4 10 1 12 6 2 7 10 6 9 1 9 2
split_gain=16.1965 23.2731 29.2877 20.338 29.2311 41.391 19.5509 42.3047 34.6026 57.0797 39.0449 37.6598 36.7045 48.847
threshold=0.037037037037003125 0.17838023485451152 1.7038991319891201 0.73576283452396385 -0.012310270191366766 0.042083417739144154 0.25641025641025644 2.3412978422474757 1.6517916734716798 -0.23117082035731387 0.74066573699285299 0.77567709048181321 0.72478346680526928 0.20000000000002724
decision_type=10 2 2 2 8 10 10 8 2 8 10 2 10 10
left_child=1 3 -3 4 -1 -6 8 -8 11 10 -10 -2 13 -11
right_child=6 2 -4 -5 5 -7 7 -9 9 12 -12 -13 -14 -15
leaf_value=-0.00049415992624921652 0.0014261411336554076 -0.0011414920372214722 0.012865111530093209 -0.00019922342574455184 -0.010934746317969084 0.0015738402972830102 4.8782067956726653e-05 -0.0080757805487224801 0.016935268789529799 0.0021096219144323292 0.0047907438118552871 -0.0019944985662574332 0.00047047794194091146 0.015144303427983636
leaf_weight=926 5697 371 205 1831 881 324 279699 573 267 896 2005 5883 10385 360
leaf_count=926 5697 371 205 1831 881 324 279699 573 267 896 2005 5883 10385 360
internal_value=7.79668e-05 -0.00170014 0.00391131 -0.00251985 -0.00450864 -0.00757884 0.000104384 3.20281e-05 0.000899708 0.00190778 0.00625199 -0.000311761 0.00105759 0.00589091
internal_weight=310303 4538 576 3962 2131 1205 305765 280272 25493 13913 2272 11580 11641 1256
internal_count=310303 4538 576 3962 2131 1205 305765 280272 25493 13913 2272 11580 11641 1256
is_linear=0
shrinkage=0.03


Tree=277
num_leaves=15
num_cat=0
split_feature=11 12 6 8 3 0 9 7 7 11 12 13 13 6
split_gain=15.9171 50.4145 56.5623 66.4995 54.7502 46.4849 45.2933 43.862 47.3298 46.2546 41.0178 65.0606 82.0263 72.78
threshold=1.0004434412533529 0.10863285374001581 -0.57615093520583893 0.036756881658000222 0.94444444444444742 0.56983116375647747 0.79040719498926537 0.31768040450229357 0.67118747483395824 1.4631969213138702 -0.030101873112881258 28.500000000000004 15.500000000000002 0.24258666438589085
decision_type=2 10 10 2 10 10 10 10 10 2 10 2 2 10
left_child=-1 2 3 4 6 -5 -2 -8 -9 -10 -4 12 -12 -14
right_child=1 -3 10 5 -6 -7 7 8 9 -11 11 -13 13 -15
leaf_value=-0.00013292750175861537 0.013776318739657683 -0.002051784281889053 -0.00061529300733251507 0.0054875191717725647 -0.011642741775267744 0.022921130872391005 -0.0088375305361779663 0.015781634337007997 -0.011005156393039901 0.006790329965552842 0.0013812300168335333 0.014369527819856046 -0.0051383158579320406 0.0092527124476684663
leaf_weight=243078 349 6831 19900 277 214 277 275 245 207 341 34427 323 2921 350
leaf_count=243078 349 6831 19900 277 214 277 275 245 207 341 34427 323 2921 350
internal_value=-2.0123e-05 0.000389499 0.000667097 0.0053998 0.00233149 0.0143314 0.00447544 0.00138608 0.00496462 2.95859e-05 0.000488111 0.00106563 0.000949752 -0.00358669
internal_weight=310015 66937 60106 2185 1631 554 1417 1068 793 548 57921 38021 37698 3271
internal_count=310015 66937 60106 2185 1631 554 1417 1068 793 548 57921 38021 37698 3271
is_linear=0
shrinkage=0.03


Tree=278
num_leaves=15
num_cat=0
split_feature=11 9 3 7 6 9 1 6 2 10 1 9 1 6
split_gain=25.0183 52.6575 36.7016 32.8265 33.8526 61.982 65.7022 105.57 45.9263 60.2312 39.3961 41.2041 41.1617 36.8649
threshold=2.4020533266431063 0.71211051614367482 0.30564039159544759 0.028987431201397271 -0.11734891477892472 0.81586437814198354 1.6212612154787378 -0.19881737435856392 0.43750000000003691 2.8546687895128442 3.8174241009745056 0.83926264956524432 2.0129357589125023 -0.15008117539096535
decision_type=2 10 10 8 10 10 2 8 10 2 2 10 2 8
left_child=-1 -2 -3 -4 5 -5 7 -7 -8 -10 11 12 -6 -9
right_child=1 2 3 4 10 6 8 13 9 -11 -12 -13 -14 -15
leaf_value=8.6752860548789778e-05 0.0080966709222789705 -0.014345611455461904 -0.0087633762032408059 -0.00903642020879563 -2.9343669825696692e-05 -0.0096229608564709235 0.022969665004567229 0.019178809125907716 0.014776140795287209 -0.0061793479644715503 -0.010744442888498892 -0.0035882205334152087 0.015350970810433047 0.0019550899639424043
leaf_weight=302929 457 218 577 383 556 541 206 205 295 206 503 2584 213 242
leaf_count=302929 457 218 577 383 556 541 206 205 295 206 503 2584 213 242
internal_value=4.52388e-05 -0.00170365 -0.00237475 -0.00196325 -0.00129521 0.00178866 0.00425407 -0.000748922 0.0112017 0.00618379 -0.00295727 -0.00177482 0.00430239 0.00997889
internal_weight=310115 7186 6729 6511 5934 2078 1695 988 707 501 3856 3353 769 447
internal_count=310115 7186 6729 6511 5934 2078 1695 988 707 501 3856 3353 769 447
is_linear=0
shrinkage=0.03


Tree=279
num_leaves=15
num_cat=0
split_feature=13 6 6 5 3 4 5 10 13 3 11 13 11 8
split_gain=14.8181 73.9742 85.8346 62.5179 101.76 65.9141 57.4891 62.4526 50.4918 59.6308 44.0046 40.9707 40.7527 35.1293
threshold=18.500000000000004 0.26264971225068651 0.24258666438589085 0.96469892995344841 0.96341463414634465 0.10903495041211135 1.5163681595536913 1.8280667837560001 19.500000000000004 0.62962962962962898 1.5567473714970721 30.500000000000004 1.4177488841914596 0.046251427503724997
decision_type=2 10 8 2 10 2 2 2 2 10 2 2 2 2
left_child=-1 2 3 4 5 -2 7 -3 -8 -10 12 13 -5 -11
right_child=1 6 -4 10 -6 -7 8 -9 9 11 -12 -13 -14 -15
leaf_value=0.00012832486663140756 0.017351259209107663 0.0066873086908812163 -0.0097590089609636173 -0.0010450850862923937 0.021122519405598335 -0.00079530442129528668 -0.0047520834068864679 -0.012305793923846745 -0.0065389714374730033 0.0098183336899095829 -0.0064361294166449578 -0.00085430070471305115 0.0084509322539151437 0.02206631093882443
leaf_weight=282196 202 274 987 20532 277 1386 312 349 214 1118 1350 255 410 262
leaf_count=282196 202 274 987 20532 277 1386 312 349 214 1118 1350 255 410 262
internal_value=6.30846e-05 -0.000596035 -0.00111001 -0.000754687 0.00451443 0.00156023 0.00403967 -0.00396575 0.0063514 0.00823276 -0.00119643 0.0101802 -0.0008572 0.0122149
internal_weight=310124 27928 25144 24157 1865 1588 2784 623 2161 1849 22292 1635 20942 1380
internal_count=310124 27928 25144 24157 1865 1588 2784 623 2161 1849 22292 1635 20942 1380
is_linear=0
shrinkage=0.03


Tree=280
num_leaves=15
num_cat=0
split_feature=14 6 6 6 12 6 12 9 6 9 1 12 12 12
split_gain=17.6408 94.3708 71.4845 59.1788 70.797 52.8016 69.7889 51.0887 51.6315 50.0767 59.0694 49.5451 48.7857 48.3355
threshold=1.0000000180025095e-35 -0.41944632861272674 -0.50106103143635439 0.3669218966031717 0.15890038722066877 0.3669218966031717 -0.044667348182374327 0.80920244526019414 0.70646336785577291 0.63970314924245752 0.82125201730823094 -0.021216839174083898 0.080569898908240081 -0.0045565588231654677
decision_type=2 8 8 8 10 10 10 10 10 8 2 10 10 10
left_child=1 11 -2 4 12 -4 -7 -8 -9 -5 -11 -1 -3 -13
right_child=2 3 5 9 -6 6 7 8 -10 10 -12 13 -14 -15
leaf_value=0.001962861931736247 -0.005913601068576628 -0.00043784103105604311 0.0005630429861101338 -0.005579994267999433 0.0075456571893800801 -0.0079204583377070065 0.0018301424999819177 -0.0039719610618156893 0.0010523615109567161 -0.0007182796418178126 0.002620536564256269 0.019959834012132818 -0.0032099098904186719 0.0059963234640734711
leaf_weight=3039 1645 136848 124681 942 973 1326 4574 5063 2888 7267 13858 274 5958 1159
leaf_count=3039 1645 136848 124681 942 973 1326 4574 5063 2888 7267 13858 274 5958 1159
internal_value=4.46451e-05 -0.000160498 0.000293895 -0.000276513 -0.000498532 0.000367817 -0.0013891 -0.000694748 -0.00214749 0.00116985 0.00147209 0.00413747 -0.000553603 0.00872637
internal_weight=310495 170318 140177 165846 143779 138532 13851 12525 7951 22067 21125 4472 142806 1433
internal_count=310495 170318 140177 165846 143779 138532 13851 12525 7951 22067 21125 4472 142806 1433
is_linear=0
shrinkage=0.03


Tree=281
num_leaves=15
num_cat=0
split_feature=9 9 6 3 6 12 5 12 13 6 6 5 0 2
split_gain=13.1352 20.9518 60.0034 20.1288 24.6678 19.3679 22.3427 18.2545 14.8939 96.3061 85.2843 57.9575 50.6426 50.1267
threshold=0.53126366454857055 0.56047140568142118 -0.35025478131136617 0.8837209302325707 -0.026663307273895483 0.017453107331779408 1.908885151019492 -0.020464210684456693 18.500000000000004 0.26264971225068651 0.24258666438589085 2.3236303702670118 0.58823883184978698 0.83157894736842597
decision_type=8 10 10 10 8 10 2 10 2 10 8 2 10 10
left_child=3 2 -2 -1 -5 7 -7 -4 -3 10 -10 12 -11 -13
right_child=1 8 5 4 -6 6 -8 -9 9 11 -12 13 -14 -15
leaf_value=-0.00017440797888463542 0.018559949464666155 4.0191564653324012e-05 -2.0821755144054522e-05 -0.014535872484990942 -0.00044699294226510183 0.0032596070883430051 -0.010109943072915576 0.010127225116543147 -0.00093427979662936273 -0.0023073433612255342 -0.010101729122559099 0.0058560379945398434 0.010931225904447589 0.01969379990329314
leaf_weight=770 203 280014 378 242 205 209 234 271 23704 1170 945 948 329 312
leaf_count=770 203 280014 378 242 205 209 234 271 23704 1170 945 948 329 312
internal_value=-2.13589e-05 -9.07144e-06 0.00379145 -0.00312553 -0.00815095 0.000973946 -0.00383643 0.00426168 -2.51424e-05 -0.000692512 -0.00128772 0.00461781 0.000624934 0.00934683
internal_weight=309934 308717 1295 1217 447 1092 443 649 307422 27408 24649 2759 1499 1260
internal_count=309934 308717 1295 1217 447 1092 443 649 307422 27408 24649 2759 1499 1260
is_linear=0
shrinkage=0.03


Tree=282
num_leaves=15
num_cat=0
split_feature=8 6 6 7 0 11 11 2 5 14 6 7 7 5
split_gain=17.752 29.7966 51.1892 39.2382 37.3649 42.9429 41.6782 35.9659 47.4192 44.0849 39.5485 32.7201 37.8381 35.2151
threshold=-0.052584131795922036 0.29251879179221857 0.18208492842355409 0.45737639119926982 0.50322898620978307 -0.11163965546260121 -0.70795036918076149 0.56603773584905459 2.3565615609197264 1.0000000180025095e-35 0.23019789298327312 -0.032165734096693564 -0.17570845337539137 3.9295145934745719
decision_type=2 8 10 10 10 2 2 10 2 2 10 10 8 2
left_child=1 2 11 -4 5 6 -3 8 10 -9 -5 12 -1 -13
right_child=-2 4 3 7 -6 -7 -8 9 -10 -11 -12 13 -14 -15
leaf_value=-0.00059754293872355251 7.71973906478501e-05 -0.0075803535149998645 0.0001593631938249873 0.017664301205441293 -0.0010201693969161321 -0.010686409041815977 0.0062752218110035162 0.0024248264203077718 -0.0049634162791787765 0.019898929034832324 0.00072275616970670178 -0.0012357765626512102 0.003792773993411741 0.011016259429661531
leaf_weight=4452 269333 413 1485 246 4000 922 362 214 360 332 246 24643 2923 208
leaf_count=4452 269333 413 1485 246 4000 922 362 214 360 332 246 24643 2923 208
internal_value=-1.11513e-05 -0.00059422 -0.000267501 0.00355884 -0.00260569 -0.00632896 -0.00110972 0.00715644 0.0032713 0.0131343 0.00928602 -0.000610312 0.0011439 -0.00113103
internal_weight=310139 40806 35109 2883 5697 1697 775 1398 852 546 492 32226 7375 24851
internal_count=310139 40806 35109 2883 5697 1697 775 1398 852 546 492 32226 7375 24851
is_linear=0
shrinkage=0.03


Tree=283
num_leaves=15
num_cat=0
split_feature=11 12 14 6 6 1 3 9 10 10 11 1 8 1
split_gain=16.7302 54.1552 51.0818 50.0388 40.0844 69.2066 52.0137 44.4572 40.5135 50.6865 56.5394 43.6109 63.0524 41.1785
threshold=0.87972649809944392 0.10863285374001581 1.0000000180025095e-35 -0.53158120235152351 -0.13874689678758143 1.5801437101433842 0.86547085201793161 0.91393837681092338 2.6129402984803867 2.3848323469716193 1.9525969983872056 1.31644342854723 0.0025810813246180228 2.5938635317405954
decision_type=2 10 2 8 8 2 10 10 2 2 2 2 2 2
left_child=-1 2 3 -2 5 -3 7 -7 9 13 -11 12 -10 -6
right_child=1 4 -4 -5 8 6 -8 -9 11 10 -12 -13 -14 -15
leaf_value=-8.031527216320516e-05 0.012069759124575497 -0.0082941011624740914 0.0016892832545619013 -6.8158074428756758e-05 -0.0016699040671937745 -0.0011486557331092718 -0.0107685522071176 0.014376636013364828 -0.009487940145257329 0.016844850659930292 -0.0030329690207369048 -0.010255653241985158 0.013792097806333425 0.0075974441643449509
leaf_weight=233146 303 1789 27882 40508 2996 352 212 308 205 341 203 666 204 499
leaf_count=233146 303 1789 27882 40508 2996 352 212 308 205 341 203 666 204 499
internal_value=4.59817e-05 0.000431033 0.00069966 2.3427e-05 -0.00194124 -0.0049237 0.00199891 0.0061501 -0.000386066 0.000992876 0.00946714 -0.00554765 0.00214995 -0.000337791
internal_weight=309614 76468 68693 40811 7775 2661 872 660 5114 4039 544 1075 409 3495
internal_count=309614 76468 68693 40811 7775 2661 872 660 5114 4039 544 1075 409 3495
is_linear=0
shrinkage=0.03


Tree=284
num_leaves=15
num_cat=0
split_feature=10 8 11 7 8 8 9 12 6 8 5 7 3 3
split_gain=22.0501 36.8772 57.2111 37.8683 35.7049 32.7615 31.72 32.6567 66.7712 31.4383 29.1245 49.2915 46.8983 70.3804
threshold=2.8546687895128442 -0.025283817790406383 2.1640531600763588 0.48131884682662901 0.082592008193498198 0.068335741703501859 0.74702178047644052 0.11407340812406737 -0.13224777088556708 0.090852919157251397 1.65592925262304 0.022131803222831096 0.8214285714285765 0.88095238095238071
decision_type=2 2 2 10 2 2 10 8 8 2 2 8 10 10
left_child=-1 2 10 9 5 6 -5 -8 -9 -3 12 -12 -2 -14
right_child=1 3 -4 4 -6 -7 7 8 -10 -11 11 -13 13 -15
leaf_value=6.3014980888812506e-05 -0.0053340437456413543 -0.00267112346225549 -0.012186972875385841 0.0095647794226410964 -0.0057041472490959901 0.011271750050364062 0.0016306268620918634 0.0080691314287377747 -0.01275425542002951 0.0090647970133049538 0.0039857445743952044 -0.0055386675157299194 0.019837815058537017 0.00072092714177237618
leaf_weight=292913 562 4698 559 398 601 315 5198 206 402 210 603 2514 229 670
leaf_count=292913 562 4698 559 398 601 315 5198 206 402 210 603 2514 229 670
internal_value=1.76636e-06 -0.00104313 -0.00316954 -0.000134028 0.00126324 0.00190946 0.00142541 0.000859707 -0.00569069 -0.00216026 -0.00205636 -0.00369269 0.00143538 0.00567331
internal_weight=310078 17165 5137 12028 7120 6519 6204 5806 608 4908 4578 3117 1461 899
internal_count=310078 17165 5137 12028 7120 6519 6204 5806 608 4908 4578 3117 1461 899
is_linear=0
shrinkage=0.03


Tree=285
num_leaves=15
num_cat=0
split_feature=4 5 11 12 13 13 9 6 13 6 1 13 13 5
split_gain=24.6625 52.9754 48.7522 53.9395 24.6215 18.9142 23.83 37.3272 16.6393 45.3239 54.1131 75.0458 38.6247 32.9916
threshold=2.0343179777008746 3.1478842442127628 0.31262634275500106 0.03773764009104575 10.500000000000002 40.500000000000007 0.84254092718742657 -0.10050768822344684 35.500000000000007 -0.31347818370685354 4.3272659311954564 36.500000000000007 31.500000000000004 0.98151357582202914
decision_type=2 2 2 8 2 2 10 8 2 10 2 2 2 2
left_child=5 2 3 -2 -4 8 -7 -8 12 -10 11 -11 -1 -14
right_child=1 -3 4 -5 -6 6 7 -9 9 10 -12 -13 13 -15
leaf_value=-1.2093044035247441e-06 -0.0007156225841264336 0.016549982731752098 -0.012179149135798215 0.019169548766713746 0.0010509563890787272 -0.011702920843077743 0.0070661737872882088 -0.0074755644599733117 -0.0083903568387031554 0.022918743099389453 -0.0057712295178692268 0.0033438069689667449 0.0070833166267560872 -0.0056109624227589881
leaf_weight=305338 289 245 245 208 255 271 277 359 235 262 258 525 202 1720
leaf_count=305338 289 245 245 208 255 271 277 359 235 262 258 525 202 1720
internal_value=-9.46811e-06 0.00420102 0.00109898 0.00771458 -0.0054882 -2.6435e-05 -0.00434041 -0.00113642 -1.36833e-05 0.003393 0.00607018 0.00996404 -2.793e-05 -0.00426189
internal_weight=310689 1242 997 497 500 309447 907 636 308540 1280 1045 787 307260 1922
internal_count=310689 1242 997 497 500 309447 907 636 308540 1280 1045 787 307260 1922
is_linear=0
shrinkage=0.03


Tree=286
num_leaves=15
num_cat=0
split_feature=7 6 12 11 2 7 8 0 6 8 6 5 0 8
split_gain=14.2228 58.0865 31.6902 36.6543 53.983 55.3865 48.5743 42.336 52.3838 37.4221 37.2131 38.5979 36.8287 62.0073
threshold=1.6930025283752015 -0.13449425574047005 -0.17366378913634203 -0.1682157709925878 0.48387096774192356 2.0079245620118109 -0.062008481413528431 0.57786641758194357 0.3271060510217591 0.039392323096638274 0.14173837325506503 3.247459445836157 0.49619730130805212 -0.02957601918680678
decision_type=10 8 8 2 10 10 2 10 10 2 10 2 10 2
left_child=-1 -2 -3 -4 5 7 -7 8 12 -9 -8 -12 -5 -14
right_child=1 2 3 4 -6 6 10 9 -10 -11 11 -13 13 -15
leaf_value=1.8876000987925525e-06 0.0032549363406408618 -0.0074457608238841077 -0.0023293224965660045 0.0055951349129183935 -0.011120286023674103 -0.010496515410104348 0.0023201999550668253 0.01642538223707456 0.01140157634097725 0.00087589352334280148 -0.0060231599619847975 0.006396433907723406 0.010878275450305305 -0.0050555228842278591
leaf_weight=290557 6126 528 4049 931 307 397 2948 429 526 206 1140 276 266 1161
leaf_count=290557 6126 528 4049 931 307 397 2948 429 526 206 1140 276 266 1161
internal_value=5.42649e-05 0.000842998 -0.000280232 2.20089e-05 0.00113143 0.00159213 -0.00051766 0.00444324 0.00288839 0.0114272 0.000401106 -0.0035884 0.000969242 -0.00205777
internal_weight=309847 19290 13164 12636 8587 8280 4761 3519 2884 635 4364 1416 2358 1427
internal_count=309847 19290 13164 12636 8587 8280 4761 3519 2884 635 4364 1416 2358 1427
is_linear=0
shrinkage=0.03


Tree=287
num_leaves=15
num_cat=0
split_feature=0 12 13 13 13 11 0 7 13 13 4 1 1 10
split_gain=21.6853 38.972 46.7772 72.7334 54.7557 49.9316 48.9872 44.8052 39.9512 44.1894 57.3665 44.1238 39.5908 51.0628
threshold=0.57786641758194357 -0.065803631181113417 26.500000000000004 22.500000000000004 20.500000000000004 -1.4405983984787099 0.54397728660414868 0.83544480518767716 45.500000000000007 37.500000000000007 0.3083489720035108 2.8047695394697514 1.7663698132102688 1.897021406192249
decision_type=10 8 2 2 2 2 10 10 2 2 2 2 2 2
left_child=1 2 3 4 5 7 -5 -1 9 -3 -11 -12 13 -7
right_child=-2 8 -4 6 -6 12 -8 -9 -10 10 11 -13 -14 -15
leaf_value=0.0070639192984473208 0.00037209650678525415 -0.00037407949305401052 -0.0051468293086085141 0.014542323444916315 -0.0089875847542383158 -1.1110757835199671e-05 -0.00099842365560642268 -0.002712580759586883 -0.012297171969853696 0.020480039139257986 -0.0071942543953657147 0.011229656508107753 -0.0018277020812716011 0.002580625121364445
leaf_weight=1925 103996 165351 1196 568 516 18433 267 537 247 202 245 215 5473 10875
leaf_count=1925 103996 165351 1196 568 516 18433 267 537 247 202 245 215 5473 10875
internal_value=1.89491e-05 -0.000159293 0.000684022 0.000865359 0.000671031 0.000806039 0.00959664 0.00493034 -0.000361133 -0.000343005 0.00736331 0.00144508 0.00051343 0.000950853
internal_weight=310046 206050 39790 38594 37759 37243 835 2462 166260 166013 662 460 34781 29308
internal_count=310046 206050 39790 38594 37759 37243 835 2462 166260 166013 662 460 34781 29308
is_linear=0
shrinkage=0.03


Tree=288
num_leaves=15
num_cat=0
split_feature=3 11 6 12 5 1 12 7 5 11 9 10 12 14
split_gain=17.7456 42.5285 54.2945 62.1792 37.4505 79.647 49.6894 62.4027 57.7243 51.9028 52.3324 42.6183 37.6097 35.5966
threshold=0.86363636363636032 1.607761654938429 -0.12134266747488641 0.087497982262681365 3.0246176721303022 1.6830082934680022 -0.11757956765708087 0.31220027222961594 2.5855514459191089 -1.0478389943572062 0.89156058016190742 1.7151485427915503 -0.13726814422544939 1.0000000180025095e-35
decision_type=10 2 8 10 2 2 8 10 2 2 10 2 10 2
left_child=-1 4 3 -3 6 -6 7 8 -2 10 -9 12 -11 -7
right_child=1 2 -4 -5 5 13 -8 9 -10 11 -12 -13 -14 -15
leaf_value=0.00025168887998480412 0.0015023125331636343 -0.0033194104723261314 -0.00054197608385734056 -0.014122810907253664 0.0021860888406638255 0.00015415611311498428 -0.00050454925927124409 0.025144513726234437 -0.0072986922179881604 -0.0033597068181166921 0.0055035868585109711 0.0081439967886365663 0.0084903296152990734 -0.005032082460988632
leaf_weight=188255 3720 2711 6759 579 15289 2572 84921 220 813 882 275 1035 326 2213
leaf_count=188255 3720 2711 6759 579 15289 2572 84921 220 813 882 275 1035 326 2213
internal_value=6.89008e-05 -0.000212427 -0.00208168 -0.00523922 -4.50242e-05 0.00112905 -0.000300715 0.00207866 -8.24628e-05 0.00565021 0.014397 0.00369217 -0.000139951 -0.00224716
internal_weight=310570 122315 10049 3290 112266 20074 92192 7271 4533 2738 495 2243 1208 4785
internal_count=310570 122315 10049 3290 112266 20074 92192 7271 4533 2738 495 2243 1208 4785
is_linear=0
shrinkage=0.03


Tree=289
num_leaves=15
num_cat=0
split_feature=12 6 6 1 9 1 11 3 9 9 3 13 10 8
split_gain=21.3034 50.1347 51.5272 45.6189 53.1293 63.3432 58.117 69.1426 62.3738 50.6277 54.0128 50.2875 54.9965 48.4245
threshold=0.05055189489708712 -0.53158120235152351 0.017030509663781838 1.989450701324621 0.70946541602556501 0.97558877894314355 1.4411648589949879 0.94117647058824672 1.0080546620791513 0.8442253751222778 0.58064516129032617 27.500000000000004 2.2722025556693435 -0.032384144277036411
decision_type=8 8 8 2 10 2 2 10 10 10 10 2 2 2
left_child=-1 -2 3 4 5 -3 -6 8 -8 10 -5 -11 -13 -12
right_child=1 2 -4 9 6 -7 7 -9 -10 11 13 12 -14 -15
leaf_value=-3.0158549375717734e-05 -0.006275600121764 0.00029845959807649512 -0.00019680506836304473 -0.0080452752587826613 0.00090936397513066854 0.0077562041262798842 -0.0043562883677621114 -0.012232034919106691 0.0045932022917817448 0.0062318413222788782 -0.0068772496718938654 -0.0099284241511486473 0.0082477723825268631 0.0040559677839674471
leaf_weight=230815 955 2039 36815 565 25778 2057 2024 617 1066 4570 436 379 241 2106
leaf_count=230815 955 2039 36815 565 25778 2057 2024 617 1066 4570 436 379 241 2106
internal_value=0.000115825 0.000538852 0.000621944 0.00134165 0.00084921 0.00404861 0.000404144 -0.00310558 -0.00126643 0.003333 0.000303173 0.00514478 -0.0028537 0.0021709
internal_weight=310463 79648 78693 41878 33581 4096 29485 3707 3090 8297 3107 5190 620 2542
internal_count=310463 79648 78693 41878 33581 4096 29485 3707 3090 8297 3107 5190 620 2542
is_linear=0
shrinkage=0.03


Tree=290
num_leaves=15
num_cat=0
split_feature=8 6 6 11 0 5 8 14 11 5 10 11 6 11
split_gain=19.3098 33.7921 70.7098 37.9175 36.0661 29.6736 20.4678 32.1148 21.1469 28.3097 53.2444 48.5182 38.8091 35.181
threshold=-0.088838338726744778 0.26264971225068651 0.17265244875221511 -1.0000000180025095e-35 0.73317101614962377 2.3783899201847558 -0.091862961696771869 1.0000000180025095e-35 2.0284285375044604 3.0928503396665845 2.1252547492227332 1.4411648589949879 -0.12806140897704602 0.13428339280495297
decision_type=2 10 10 2 10 2 2 2 2 2 2 2 10 2
left_child=1 2 4 -4 6 -3 8 -8 9 11 -11 13 -12 -1
right_child=-2 5 3 -5 -6 -7 7 -9 -10 10 12 -13 -14 -15
leaf_value=-6.2416656223181311e-05 4.0351953313485885e-05 -0.0021503942896408308 0.0024756199121475221 0.017552089565794404 -0.011267294185849193 -0.012628317749464367 -0.0095968773999643656 0.001761706704046668 -0.008939952481538057 -0.0016804982393611527 0.00084780670102776545 0.01214941106919871 0.017726150807869098 -0.004904057306161373
leaf_weight=4625 298865 594 341 266 314 410 572 364 255 642 200 239 314 1903
leaf_count=4625 298865 594 341 266 314 410 572 364 255 642 200 239 314 1903
internal_value=-5.16915e-06 -0.00123705 -0.00071047 0.00917186 -0.00135125 -0.0064706 -0.00100362 -0.00519376 -0.000521166 -0.000244742 0.00408369 -0.000986632 0.0112301 -0.00147649
internal_weight=309904 11039 10035 607 9428 1004 9114 936 8178 7923 1156 6767 514 6528
internal_count=309904 11039 10035 607 9428 1004 9114 936 8178 7923 1156 6767 514 6528
is_linear=0
shrinkage=0.03


Tree=291
num_leaves=15
num_cat=0
split_feature=4 12 6 11 1 6 5 9 3 7 5 8 2 5
split_gain=26.654 27.1516 53.4361 74.9612 70.2071 40.026 39.2037 45.8777 42.9987 53.6653 64.534 43.7551 42.8066 39.6613
threshold=0.29596805093324602 0.0015897036930385135 0.11433201830623786 2.7941321907655676 2.2045788650916629 -0.50106103143635439 3.905810943203178 0.98182259087090962 0.90476190476191676 0.71274204391125628 3.4783024345986093 -0.041356283410711021 0.50000000000001921 3.1335267877504207
decision_type=2 8 8 2 2 8 2 10 10 10 2 2 10 2
left_child=-1 2 3 -2 -5 -3 7 8 9 11 13 -4 -13 -11
right_child=1 5 6 4 -6 -7 -8 -9 -10 10 -12 12 -14 -15
leaf_value=0.00029009921503576002 -0.0013260463429587664 -0.0061937680549689388 0.0098134674053587667 -0.0001896328618749976 0.023706279917481983 0.00020648573875324118 0.010861179983620376 -0.0016714596263241637 -0.00093628674703498621 -0.00024043978801785345 -0.013596620712538853 0.012200848822556612 0.0021943030067906048 0.011957115390671874
leaf_weight=166220 49489 885 1080 235 204 73897 326 6244 4512 2533 301 419 4209 260
leaf_count=166220 49489 885 1080 235 204 73897 326 6244 4512 2533 301 419 4209 260
internal_value=3.09925e-05 -0.000266867 -0.000692323 -0.00121607 0.0110565 0.000130334 0.000622771 0.000449381 0.00144427 0.0026644 -0.000516995 0.00438781 0.00311244 0.000914367
internal_weight=310814 144594 69812 49928 439 74782 19884 19558 13314 8802 3094 5708 4628 2793
internal_count=310814 144594 69812 49928 439 74782 19884 19558 13314 8802 3094 5708 4628 2793
is_linear=0
shrinkage=0.03


Tree=292
num_leaves=15
num_cat=0
split_feature=13 7 9 6 8 9 13 9 1 12 9 12 12 9
split_gain=20.8723 18.165 34.5085 16.3333 39.959 99.6317 61.0101 49.8372 42.3048 40.4046 37.0299 55.2571 54.6632 46.2298
threshold=-9.4999999999999982 0.49908254447936395 0.91213322307675504 -0.32378826607712685 -0.031800624684144532 0.83092087140754556 5.5000000000000009 1.1225202431455203 1.5032728088562879 0.058721353455289012 0.63400739528395234 0.14767097409053545 0.038587490300380785 0.97063196981966826
decision_type=2 10 10 8 2 10 2 10 2 10 10 10 10 10
left_child=1 -1 -3 4 5 9 -7 10 -9 -2 12 -12 -6 -13
right_child=3 2 -4 -5 7 6 -8 8 -10 -11 11 13 -14 -15
leaf_value=0.0030683816748372675 -0.0052236080495300184 -0.012291127963789871 0.0019703246073590384 -7.4305361571176009e-05 -1.1654460435583644e-05 0.001993141501282489 0.010891127017173622 -0.0073329188271161758 0.0028684162010582303 0.0066749797802705029 0.0011309409636548753 -0.0066136931993141627 0.020467666171204584 0.0049052038759484808
leaf_weight=204 1226 415 238 287763 269 1304 1483 1329 501 320 13020 1548 203 389
leaf_count=204 1226 415 238 287763 269 1304 1483 1329 501 320 13020 1548 203 389
internal_value=-2.75784e-05 -0.00468932 -0.00711776 -1.45885e-05 0.000781109 0.00335503 0.0067389 0.000134122 -0.00453989 -0.00274719 0.000689787 0.000427222 0.00891841 -0.00429373
internal_weight=310212 857 653 309355 21592 4333 2787 17259 1830 1546 15429 14957 472 1937
internal_count=310212 857 653 309355 21592 4333 2787 17259 1830 1546 15429 14957 472 1937
is_linear=0
shrinkage=0.03


Tree=293
num_leaves=15
num_cat=0
split_feature=13 6 6 5 4 12 9 9 9 4 5 3 5 4
split_gain=16.8419 73.4336 51.1858 69.7273 61.7719 59.1579 61.0158 69.4192 70.9033 58.3852 57.4689 52.983 48.1175 41.1811
threshold=18.500000000000004 inf 0.26264971225068651 1.0159026162335112 2.0343179777008746 -0.11123121522939254 1.029186963129578 0.7316903922583019 0.83770199574943216 0.096970109659357553 2.1871708381742168 0.97222222222223997 2.0490169979512967 0.30524580633513981
decision_type=2 8 10 2 2 10 10 10 10 2 2 10 2 2
left_child=-1 2 3 9 -5 -4 7 -7 10 -2 -9 -11 -3 -8
right_child=1 12 5 4 -6 6 13 8 -10 11 -12 -13 -14 -15
leaf_value=-1.9909685437722704e-06 0.018309095750463768 -0.00075942256019033232 -0.0061965686902094681 -0.0016495628191823093 0.011487050723592076 -0.0050946007279568844 -0.01339750172554423 0.0094614072070528035 0.0063178572210928667 0.00060275810398819588 0.031093372583639717 0.015806124869813309 -0.016713360647477631 0.0028757271654092078
leaf_weight=282872 230 285 477 22027 322 282 207 218 915 1693 233 230 419 408
leaf_count=282872 230 285 477 22027 322 282 207 218 915 1693 233 230 419 408
internal_value=-7.14078e-05 -0.000773925 -0.000525757 -0.000960801 -0.00145777 0.00335922 0.00538263 0.00838499 0.0111762 0.00418932 0.0208555 0.00245743 -0.0103056 -0.00266548
internal_weight=310818 27946 27242 24502 22349 2740 2263 1648 1366 2153 451 1923 704 615
internal_count=310818 27946 27242 24502 22349 2740 2263 1648 1366 2153 451 1923 704 615
is_linear=0
shrinkage=0.03


Tree=294
num_leaves=15
num_cat=0
split_feature=2 3 1 13 1 7 3 6 6 13 13 9 9 12
split_gain=17.2798 55.2479 30.9844 38.9257 37.7031 35.0182 34.3498 32.5067 37.8023 35.076 33.5643 41.6878 37.3501 30.3517
threshold=0.44897959183673597 0.94117647058819187 0.91768354373773242 -1.0000000180025095e-35 0.51819728530686282 0.21891634912742755 0.85473916654084126 1.2314833102203 0.16345618667364628 21.500000000000004 20.500000000000004 0.94794032379301918 1.0881406406067069 0.13416890337074103
decision_type=10 10 2 2 2 8 10 10 8 2 2 10 10 10
left_child=1 2 3 4 -1 -5 13 8 10 -10 -4 -12 -13 -6
right_child=-2 -3 7 5 6 -7 -8 -9 9 -11 11 12 -14 -15
leaf_value=-0.0008128063489442767 0.00011861991590865236 -0.0034052665030003047 -0.00015476429634044841 -0.0056035991990651931 0.0044178611271820682 0.00017715207305194034 -0.003410439485167505 0.0070868608731248853 -0.0028962045101677907 0.0091867714637034643 -0.01056500882626726 0.0098611961140648106 -0.0076013294887239046 0.015124568289529954
leaf_weight=1984 230334 5124 27589 969 3502 29744 471 461 8661 217 619 226 206 252
leaf_count=1984 230334 5124 27589 969 3502 29744 471 461 8661 217 619 226 206 252
internal_value=-1.33258e-05 -0.000393086 -0.000186808 0.000432004 0.00259743 -6.11396e-06 0.00419789 -0.000788375 -0.000886073 -0.00259586 -0.000355702 -0.00560465 0.00154246 0.00515575
internal_weight=310359 80025 74901 36922 6209 30713 4225 37979 37518 8878 28640 1051 432 3754
internal_count=310359 80025 74901 36922 6209 30713 4225 37979 37518 8878 28640 1051 432 3754
is_linear=0
shrinkage=0.03


Tree=295
num_leaves=15
num_cat=0
split_feature=13 7 7 0 5 8 11 8 10 1 10 0 12 4
split_gain=17.4981 22.8335 38.2338 65.5501 46.3341 45.6982 51.8227 45.1934 36.9679 33.0465 31.8186 26.1908 24.7026 24.6394
threshold=3.5000000000000004 1.7279888970412947 2.0079245620118109 0.46918671517870963 2.9738147425469053 0.027669655281936611 0.28042403502833929 0.015033908398589415 1.8591665071620509 3.4261319083703516 2.2911040026550729 0.53520110009039845 0.083893035836614796 0.096970109659357553
decision_type=2 10 10 10 2 2 2 2 2 2 2 10 10 2
left_child=-1 -2 4 13 7 12 -7 11 -9 -6 -8 -3 -5 -4
right_child=1 2 3 5 9 6 10 8 -10 -11 -12 -13 -14 -15
leaf_value=-0.000332016464377163 6.6546166178162373e-05 0.0087054583467419365 -0.0025860821547391303 -0.0016497937048886562 0.015808456936879427 0.017736041759435051 -0.0031355976007795064 0.0020180464874490767 -0.010273194548075761 0.002298088355706288 0.01157383728083841 0.00027646668339675326 0.008162680591052433 -0.012410925122266502
leaf_weight=120358 183002 898 506 1790 456 302 351 543 364 255 206 525 260 421
leaf_count=120358 183002 898 506 1790 456 302 351 543 364 255 206 525 260 421
internal_value=-4.90336e-05 0.000130344 0.00182677 -0.000165592 0.00433613 0.00204959 0.00783654 0.0022795 -0.00294399 0.0110129 0.00235909 0.00560753 -0.000388452 -0.00709071
internal_weight=310237 189879 6877 3836 3041 2909 859 2330 907 711 557 1423 2050 927
internal_count=310237 189879 6877 3836 3041 2909 859 2330 907 711 557 1423 2050 927
is_linear=0
shrinkage=0.03


Tree=296
num_leaves=15
num_cat=0
split_feature=12 5 1 13 11 5 12 8 1 11 3 11 7 12
split_gain=17.0135 52.7355 39.5626 58.3063 72.4322 43.5732 43.7901 45.0335 47.6752 40.4119 36.3001 44.7205 49.8857 36.5789
threshold=0.05055189489708712 3.9757363059923048 1.4540998732012218 27.500000000000004 0.099692603969030139 3.247459445836157 0.05763590131497693 0.032279024396289928 2.1453654570206075 2.2186862833420702 0.9325153374233105 0.95547912066026652 1.0410981636928685 0.10863285374001581
decision_type=8 2 2 2 2 2 10 2 2 2 10 2 8 8
left_child=-1 2 3 10 -5 9 7 8 -7 -4 -2 12 -12 -13
right_child=1 -3 5 4 -6 6 -8 -9 -10 -11 11 13 -14 -15
leaf_value=-0.00011173651526240607 -0.00066433968688741913 0.012608885036352492 0.001752958407698145 0.017063805757181427 -0.0027811170538368912 -0.010054210858872613 -0.0020594208459613801 0.015289101028634657 0.0092540157340061709 0.011746433252754878 0.0025855529331098998 0.00058869134079934211 -0.0077705834727046967 -0.0073961000871274321
leaf_weight=230784 40463 312 20382 384 286 217 4910 274 234 366 9111 1254 434 872
leaf_count=230784 40463 312 20382 384 286 217 4910 274 234 366 9111 1254 434 872
internal_value=1.8646e-05 0.000397127 0.000348219 -0.000125785 0.00863484 0.00129675 -0.00104197 0.00581553 -4.45725e-05 0.00193203 -0.00023919 0.00123445 0.00211085 -0.00269602
internal_weight=310283 79499 79187 52804 670 26383 5635 725 451 20748 52134 11671 9545 2126
internal_count=310283 79499 79187 52804 670 26383 5635 725 451 20748 52134 11671 9545 2126
is_linear=0
shrinkage=0.03


Tree=297
num_leaves=15
num_cat=0
split_feature=2 13 3 0 1 10 7 7 7 0 10 2 0 5
split_gain=15.5874 29.5854 28.5095 24.7604 22.7466 45.1367 38.4761 41.7321 58.372 43.3504 44.3423 42.0478 38.8844 41.1213
threshold=0.45945945945947059 28.500000000000004 0.92913385826771144 0.53647354498184663 0.89004827269944509 2.6474312516194165 1.6930025283752015 1.9509576890542282 1.8961654087646933 0.53708429686329084 1.4640122820993182 0.28888888888888992 0.50635840167888746 1.0834232109732567
decision_type=10 2 8 10 2 2 8 10 10 10 2 10 10 2
left_child=1 2 4 -3 5 -1 -6 8 -8 10 -9 -10 13 -12
right_child=-2 3 -4 -5 6 -7 7 9 11 -11 12 -13 -14 -15
leaf_value=0.00011925034322562729 0.00012498143302602045 -0.00081721995187842319 -0.0022632289246465802 -0.015516233138711508 -0.001297604741675587 0.0045117713520491992 0.0013825748477666051 -0.0041714154357046984 0.0059520255516422663 -0.0038217776898716192 0.010768927553407973 0.021833448195920407 0.0065825131395202425 -0.0012023768080402719
leaf_weight=33876 227242 202 6243 207 27062 2240 5219 1191 576 2753 288 201 1327 2172
leaf_count=33876 227242 202 6243 207 27062 2240 5219 1191 576 2753 288 201 1327 2172
internal_value=-3.84835e-06 -0.000354201 -0.00031435 -0.00835412 -0.000156007 0.000392272 -0.00064146 0.000652093 0.00252931 -0.00080453 0.000866269 0.0101737 0.00245402 0.000218143
internal_weight=310799 83557 83148 409 76905 36116 40789 13727 5996 7731 4978 777 3787 2460
internal_count=310799 83557 83148 409 76905 36116 40789 13727 5996 7731 4978 777 3787 2460
is_linear=0
shrinkage=0.03


Tree=298
num_leaves=15
num_cat=0
split_feature=3 3 11 7 1 7 5 6 0 7 5 9 14 6
split_gain=18.2899 76.672 37.8474 73.6446 49.0901 43.458 46.1956 51.9168 72.0417 43.1312 49.2127 41.9729 80.1235 48.741
threshold=0.92761272644903336 0.95238095238095888 -0.17943227477535742 0.089054195141328285 1.1399424097333217 0.20146658372237589 2.7690340512871892 -0.19881737435856392 0.63218118054786665 0.93042958704299272 2.961535850019589 0.80920244526019414 1.0000000180025095e-35 -0.18392101794702917
decision_type=8 10 2 8 2 10 2 10 10 10 2 8 2 10
left_child=-1 -2 -3 4 -4 -5 7 8 -7 -8 -11 12 -6 -13
right_child=1 2 3 5 11 6 9 -9 -10 10 -12 13 -14 -15
leaf_value=0.00012679022976027658 -0.0019616731834680118 -0.0006722286481404278 0.001917908747116332 -0.0039072567008842729 0.0014075687179769523 0.0040992551464628145 -0.0031100132495799297 0.00053608674129640335 0.022586424577290116 -0.0088447157026723365 0.0074048127110300267 -0.0060115559430757781 0.024132447126365843 0.0075040564660822894
leaf_weight=239754 20619 23292 9874 2631 252 1368 4258 5578 216 210 764 313 310 984
leaf_count=239754 20619 23292 9874 2631 252 1368 4258 5578 216 210 764 313 310 984
internal_value=1.76848e-06 -0.000422363 0.000211916 0.000981517 0.002762 -0.000409313 0.000334507 0.00189938 0.00668337 -0.00180739 0.00387404 0.00722817 0.0140449 0.00423183
internal_weight=310423 70669 50050 26758 11733 15025 12394 7162 1584 5232 974 1859 562 1297
internal_count=310423 70669 50050 26758 11733 15025 12394 7162 1584 5232 974 1859 562 1297
is_linear=0
shrinkage=0.03


Tree=299
num_leaves=15
num_cat=0
split_feature=12 5 5 8 9 1 3 3 10 10 8 8 8 13
split_gain=22.3851 29.8143 51.2939 37.8632 39.2112 32.3036 35.0359 29.1095 34.8745 70.4902 42.3221 51.5047 46.679 39.0499
threshold=-0.065803631181113417 2.4637963993715588 2.3669801376130253 -0.056448074451974993 0.81926331207015013 4.3272659311954564 0.97222222222223997 0.94827586206896364 2.9102603353571834 2.5356635478718412 0.04461128701142749 0.0090881600879747348 -0.010157380137589461 15.500000000000002
decision_type=10 2 2 2 10 2 10 10 2 2 2 2 2 2
left_child=1 2 -1 -4 -5 6 7 8 9 13 11 12 -11 -3
right_child=-2 5 3 4 -6 -7 -8 -9 -10 10 -12 -13 -14 -15
leaf_value=0.00078623672441814998 -0.00013933612082551663 -0.00091109506226144926 -0.0054113303903143414 0.013319107175164579 0.0039943423254212825 -0.0067479642676477576 -0.0035836933996929647 0.0042231583754590886 -0.00440504639913514 0.0031235650263026654 0.015003414336948054 -0.003173583792481522 0.015353921601124846 0.0039367253516063979
leaf_weight=32199 252231 13948 242 609 1218 674 2345 1554 1512 889 335 676 408 1670
leaf_count=32199 252231 13948 242 609 1218 674 2345 1554 1512 889 335 676 408 1670
internal_value=-1.68952e-05 0.000512995 0.00108092 0.00565401 0.00713047 -0.000297594 -0.000109894 0.000278923 -3.741e-05 0.000332112 0.00521988 0.00352499 0.00701508 -0.000391634
internal_weight=310510 58279 34268 2069 1827 24011 23337 20992 19438 17926 2308 1973 1297 15618
internal_count=310510 58279 34268 2069 1827 24011 23337 20992 19438 17926 2308 1973 1297 15618
is_linear=0
shrinkage=0.03


end of trees

feature_importances:
breadth=589
ret30=511
rs7=422
atr_ratio=335
cvd20=296
vol_ratio=280
approach=264
aggr=237
stop_atr=228
range10=205
close_loc=204
effort=184
body=176
brk_atr=170
with_trend2=99

parameters:
[boosting: gbdt]
[objective: regression]
[metric: l2]
[tree_learner: serial]
[device_type: cpu]
[data_sample_strategy: bagging]
[data: ]
[valid: ]
[num_iterations: 300]
[learning_rate: 0.03]
[num_leaves: 15]
[num_threads: 0]
[seed: 7]
[deterministic: 0]
[force_col_wise: 0]
[force_row_wise: 0]
[histogram_pool_size: -1]
[max_depth: -1]
[min_data_in_leaf: 200]
[min_sum_hessian_in_leaf: 0.001]
[bagging_fraction: 0.8]
[pos_bagging_fraction: 1]
[neg_bagging_fraction: 1]
[bagging_freq: 1]
[bagging_seed: 17422]
[bagging_by_query: 0]
[feature_fraction: 0.8]
[feature_fraction_bynode: 1]
[feature_fraction_seed: 7040]
[extra_trees: 0]
[extra_seed: 6516]
[early_stopping_round: 0]
[early_stopping_min_delta: 0]
[first_metric_only: 0]
[max_delta_step: 0]
[lambda_l1: 0]
[lambda_l2: 5]
[linear_lambda: 0]
[min_gain_to_split: 0]
[drop_rate: 0.1]
[max_drop: 50]
[skip_drop: 0.5]
[xgboost_dart_mode: 0]
[uniform_drop: 0]
[drop_seed: 15215]
[top_rate: 0.2]
[other_rate: 0.1]
[min_data_per_group: 100]
[max_cat_threshold: 32]
[cat_l2: 10]
[cat_smooth: 10]
[max_cat_to_onehot: 4]
[top_k: 20]
[monotone_constraints: ]
[monotone_constraints_method: basic]
[monotone_penalty: 0]
[feature_contri: ]
[forcedsplits_filename: ]
[refit_decay_rate: 0.9]
[cegb_tradeoff: 1]
[cegb_penalty_split: 0]
[cegb_penalty_feature_lazy: ]
[cegb_penalty_feature_coupled: ]
[path_smooth: 0]
[interaction_constraints: ]
[verbosity: -1]
[saved_feature_importance_type: 0]
[use_quantized_grad: 0]
[num_grad_quant_bins: 4]
[quant_train_renew_leaf: 0]
[stochastic_rounding: 1]
[linear_tree: 0]
[max_bin: 255]
[max_bin_by_feature: ]
[min_data_in_bin: 3]
[bin_construct_sample_cnt: 200000]
[data_random_seed: 61]
[is_enable_sparse: 1]
[enable_bundle: 1]
[use_missing: 1]
[zero_as_missing: 0]
[feature_pre_filter: 1]
[pre_partition: 0]
[two_round: 0]
[header: 0]
[label_column: ]
[weight_column: ]
[group_column: ]
[ignore_column: ]
[categorical_feature: ]
[forcedbins_filename: ]
[precise_float_parser: 0]
[parser_config_file: ]
[objective_seed: 15521]
[num_class: 1]
[is_unbalance: 0]
[scale_pos_weight: 1]
[sigmoid: 1]
[boost_from_average: 1]
[reg_sqrt: 0]
[alpha: 0.9]
[fair_c: 1]
[poisson_max_delta_step: 0.7]
[tweedie_variance_power: 1.5]
[lambdarank_truncation_level: 30]
[lambdarank_norm: 1]
[label_gain: ]
[lambdarank_position_bias_regularization: 0]
[eval_at: ]
[multi_error_top_k: 1]
[auc_mu_weights: ]
[num_machines: 1]
[local_listen_port: 12400]
[time_out: 120]
[machine_list_filename: ]
[machines: ]
[gpu_platform_id: -1]
[gpu_device_id: -1]
[gpu_device_id_list: ]
[gpu_use_dp: 0]
[num_gpu: 1]

end of parameters

pandas_categorical:[]
