tree
version=v4
num_class=1
num_tree_per_iteration=1
label_index=0
max_feature_idx=14
objective=regression
feature_names=aggr vol_ratio body close_loc brk_atr stop_atr ret30 effort cvd20 atr_ratio range10 approach rs7 breadth with_trend2
feature_infos=[0.37252506566374927:0.69603503050163318] [0.1067594150557908:57.895809286213243] [0:1] [0.011061946902658475:1] [4.2390897525290929e-15:5.4857949205787824] [0.30012997797021007:3.9998357636367969] [-0.99392107664233575:10.59792027729636] [-1.7327148130908676:7.4669592269599585] [-0.11787183219617396:0.19355963670758117] [0.045524867306396315:5.7354820812872189] [0.21272108361030481:6.6250384195941292] [-6.6161954001029866:4.5692521016990337] [-1.9798304783356371:1.5469785557575066] [-75:73] [0:1]
tree_sizes=1528 1529 1529 1531 1533 1509 1511 1524 1535 1520 1504 1533 1514 1520 1529 1531 1535 1522 1518 1530 1518 1515 1506 1531 1512 1533 1531 1523 1519 1524 1533 1512 1534 1531 1520 1543 1526 1520 1541 1523 1527 1534 1539 1519 1528 1534 1538 1504 1517 1522 1520 1522 1523 1533 1512 1524 1514 1517 1520 1510 1526 1535 1529 1513 1542 1489 1514 1531 1535 1505 1497 1526 1542 1517 1530 1508 1519 1533 1531 1526 1529 1528 1529 1502 1528 1528 1537 1507 1540 1521 1524 1520 1524 1506 1497 1535 1489 1531 1509 1512 1539 1503 1510 1530 1520 1518 1525 1515 1512 1536 1528 1528 1525 1517 1515 1522 1532 1527 1533 1537 1541 1528 1505 1506 1532 1504 1525 1506 1518 1526 1524 1530 1508 1526 1524 1535 1509 1540 1531 1523 1512 1529 1511 1517 1515 1521 1535 1536 1530 1516 1538 1523 1529 1512 1536 1512 1520 1517 1510 1528 1510 1531 1519 1524 1493 1512 1534 1521 1524 1507 1501 1522 1510 1538 1521 1521 1515 1509 1521 1522 1524 1535 1525 1517 1513 1516 1502 1526 1519 1496 1508 1539 1511 1549 1502 1518 1523 1523 1499 1512 1540 1532 1517 1531 1494 1518 1544 1505 1507 1502 1520 1515 1514 1529 1533 1519 1496 1522 1528 1529 1512 1522 1517 1527 1520 1522 1504 1518 1496 1510 1522 1535 1521 1529 1514 1522 1499 1521 1527 1507 1526 1517 1518 1510 1532 1528 1524 1518 1521 1516 1508 1529 1518 1499 1514 1508 1512 1531 1523 1508 1525 1509 1492 1516 1528 1519 1536 1525 1534 1512 1518 1523 1516 1518 1525 1509 1506 1501 1526 1516 1533 1511 1517 1508 1518 1527 1517 1493 1520 1504 1513 1535 1518 1498 1517 1503 1517 1521 1511 1507

Tree=0
num_leaves=15
num_cat=0
split_feature=8 13 3 8 10 3 13 13 12 10 13 13 12 10
split_gain=245.501 172.703 94.5269 79.1998 78.5038 60.5699 66.976 55.8349 48.351 48.0937 47.2401 152.631 65.2637 47.789
threshold=0.00094030894689341052 56.500000000000007 0.85937499999999678 0.064028345784128221 1.3068296692900392 0.84105960264900614 10.500000000000002 39.500000000000007 0.031037115778009886 2.2889676433501034 23.500000000000004 27.500000000000004 0.02026859786183938 1.3645391265780933
decision_type=2 2 2 2 2 2 2 2 2 2 2 2 2 2
left_child=2 3 8 5 -4 6 -2 -6 -1 -7 -8 12 -12 -13
right_child=1 -3 4 -5 7 9 10 -9 -10 -11 11 13 -14 -15
leaf_value=-0.0068429453196419757 -0.00013527811868693654 -0.015548135065192424 -0.0093094878790587841 0.011134616667167658 -0.00043183225594843524 0.00050090550192787974 -0.0074497182018777638 -0.01447081543740991 -0.011272365171279585 0.0088547193496225536 0.0006458495375553713 -0.014785424410072311 0.021511186178673675 -0.0025894751906340311
leaf_weight=8559 5745 725 1466 495 4109 3891 2775 267 2996 736 252 448 292 797
leaf_count=8559 5745 725 1466 495 4109 3891 2775 267 2996 736 252 448 292 797
internal_value=-0.00394971 -0.00128724 -0.00642228 -0.000613651 -0.00331248 -0.0010079 -0.00228919 -0.00129952 -0.00799411 0.00184203 -0.0050016 -0.00120485 0.0119749 -0.00700411
internal_weight=33553 16156 17397 15431 5842 14936 10309 4376 11555 4627 4564 1789 544 1245
internal_count=33553 16156 17397 15431 5842 14936 10309 4376 11555 4627 4564 1789 544 1245
is_linear=0
shrinkage=1


Tree=1
num_leaves=15
num_cat=0
split_feature=8 13 3 11 13 11 6 6 2 9 4 4 6 1
split_gain=225.782 253.784 141.079 104.72 88.0749 81.0892 65.8124 70.1311 55.1157 52.2695 47.6916 43.6973 44.6236 40.874
threshold=0.02083767861397098 32.500000000000007 0.85087060250174706 -1.1014755434086898 40.500000000000007 -0.79539742159395044 -0.33753106756465245 0.072278165029163524 0.60317460317459415 0.88919828304637505 0.49033190935879112 0.99874761173323334 -0.55712077534492621 1.1104589429781411
decision_type=2 2 2 2 2 2 10 10 2 2 2 2 10 2
left_child=2 5 11 8 -5 -2 -7 -8 -4 -9 -3 12 -1 -14
right_child=1 10 3 4 -6 6 7 9 -10 -11 -12 -13 13 -15
leaf_value=0.0072892950353262995 -0.0017728546673602746 -0.0028566946474708546 0.021891018063310654 0.00087598215365013144 -0.013272603046307913 -0.0034269167205869377 0.01014636202312727 0.0083575728310247219 0.0062227387267053064 3.2320652639645271e-05 -0.013857160374987871 -0.011146108242303212 -0.0046344890375718539 -0.0014233397358225867
leaf_weight=365 1124 774 243 6416 417 516 4078 1268 1136 1454 655 614 8373 6224
leaf_count=365 1124 774 243 6416 417 516 4078 1268 1136 1454 655 614 8373 6224
internal_value=-7.09257e-05 0.00374275 -0.00165357 0.00152766 3.45758e-06 0.00572255 0.00687454 0.00765818 0.00905283 0.00391872 -0.00792963 -0.00333073 -0.00300639 -0.00326625
internal_weight=33657 9869 23788 8212 6833 8440 7316 6800 1379 2722 1429 15576 14962 14597
internal_count=33657 9869 23788 8212 6833 8440 7316 6800 1379 2722 1429 15576 14962 14597
is_linear=0
shrinkage=0.03


Tree=2
num_leaves=15
num_cat=0
split_feature=8 13 12 10 8 6 6 12 6 0 6 1 7 6
split_gain=208.085 164.261 108.08 84.098 73.1828 75.7851 76.8379 71.2548 66.4084 53.9822 53.1441 52.5764 67.0902 65.887
threshold=0.02083767861397098 32.500000000000007 -0.022780657778857513 1.7485031182329245 0.064028345784128221 0.085279450788138603 -0.33237710102824913 0.040474118828574497 -0.12645176304597724 0.52633282122240022 -0.48162325054844496 1.2078024661379547 0.41939986858866307 0.31580654395519864
decision_type=2 2 2 2 2 8 10 2 8 2 10 2 8 10
left_child=3 4 -3 7 5 6 -2 8 -1 10 -5 -10 -13 -14
right_child=1 2 -4 9 -6 -7 -8 -9 11 -11 -12 12 13 -15
leaf_value=-0.0050260059861037681 -0.0045109020062439331 0.013594859678707005 -0.0092541408923105337 0.011600330078060953 0.017203806273168282 0.00099345567900291538 0.0082229224274952151 -0.006738811437683131 -0.00184367188981156 0.0047903736802053397 -0.0010280843506780578 -0.0047228023182361613 0.0096062462558261907 -0.0079950554270180867
leaf_weight=3543 469 216 1195 307 438 3100 4404 3442 4257 2166 7745 587 1350 219
leaf_count=3543 469 216 1195 307 438 3100 4404 3442 4257 2166 7745 587 1350 219
internal_value=6.83162e-05 0.00373686 -0.0057207 -0.00145792 0.00532589 0.004663 0.00699399 -0.00302089 -0.00173279 0.000591954 -0.000539698 8.91154e-05 0.00390082 0.00713188
internal_weight=33438 9822 1411 23616 8411 7973 4873 13398 9956 10218 8052 6413 2156 1569
internal_count=33438 9822 1411 23616 8411 7973 4873 13398 9956 10218 8052 6413 2156 1569
is_linear=0
shrinkage=0.03


Tree=3
num_leaves=15
num_cat=0
split_feature=8 13 10 12 6 6 6 0 10 13 10 6 12 6
split_gain=189.176 196.223 102.788 91.308 56.756 69.7191 52.0374 52.4655 51.5356 50.5785 48.8001 44.4229 41.0931 37.7159
threshold=0.018596133041696872 32.500000000000007 1.7088435621645188 -0.022780657778857513 -0.32661863717113776 0.063490826420744675 -0.55712077534492621 0.56138220719214038 2.0290832957748344 23.500000000000004 1.9059648915952205 0.32536418004801998 0.036419121089122992 0.34083464288720339
decision_type=2 2 2 2 10 10 10 2 2 2 2 10 2 10
left_child=2 4 12 -3 10 -6 -4 -8 9 11 -2 -7 13 -1
right_child=1 3 6 -5 5 8 7 -9 -10 -11 -12 -13 -14 -15
leaf_value=-0.0017205511148471434 -0.0090139262025411265 0.010433429850265383 0.014392136697665103 -0.0097272319627989979 0.0080043449281395253 0.00015040179826036106 -1.3563159542205605e-05 0.014327473674801753 -0.0037373792934499907 0.016600882411931122 0.0078129574981062339 0.0086424758513810301 -0.0062605770752603438 -0.0081796320314067375
leaf_weight=8284 453 235 237 1300 4805 1574 9975 230 897 276 230 851 3299 898
leaf_count=8284 453 235 237 1300 4805 1574 9975 230 897 276 230 851 3299 898
internal_value=-1.99882e-05 0.00328889 -0.00155349 -0.00661689 0.0049651 0.00564107 0.00064272 0.000316513 0.00247826 0.00454556 -0.00333188 0.00314216 -0.00339042 -0.00235636
internal_weight=33544 10621 22923 1535 9086 8403 10442 10205 3598 2701 683 2425 12481 9182
internal_count=33544 10621 22923 1535 9086 8403 10442 10205 3598 2701 683 2425 12481 9182
is_linear=0
shrinkage=0.03


Tree=4
num_leaves=15
num_cat=0
split_feature=8 13 10 12 11 0 8 5 12 7 13 14 4 2
split_gain=173.136 169.403 108.128 83.828 80.5708 65.5464 52.7114 50.9917 48.8173 45.8362 70.6617 45.4667 43.123 43.6207
threshold=0.02083767861397098 32.500000000000007 1.7088435621645188 -0.025862078276377206 -1.4374630685385681 0.52633282122240022 0.064028345784128221 3.1222978561756958 0.049899278041746105 0.40789939979582263 21.500000000000004 1.0000000180025095e-35 0.48474066443078229 0.75999999999999923
decision_type=2 2 2 2 2 2 2 2 2 10 2 2 2 2
left_child=2 4 8 -3 -2 12 -6 -7 9 -1 -11 -12 13 -4
right_child=1 3 5 -5 6 7 -8 -9 -10 10 11 -13 -14 -15
leaf_value=-0.0045515543617007416 -0.0093460210281032952 0.011591236898042622 -9.6312499597494934e-05 -0.0091162176863950721 0.0050407689179215939 0.0025575081629052665 0.015901937675924682 0.012493999217294632 -0.0066465916661868846 -0.0015512985691941749 0.017816975693514019 0.00076987902395131349 -0.004093826270346216 0.0071664136167771779
leaf_weight=4299 333 201 5572 1222 7632 1651 421 644 2862 5220 288 272 2077 854
leaf_count=4299 333 201 5572 1222 7632 1651 421 644 2862 5220 288 272 2077 854
internal_value=4.27846e-05 0.00339452 -0.00134258 -0.00616093 0.00501867 0.000873767 0.00561809 0.00536689 -0.00319153 -0.00220764 -0.000461868 0.00961704 -0.000341388 0.000873708
internal_weight=33548 9809 23739 1423 8386 10798 8053 2295 12941 10079 5780 560 8503 6426
internal_count=33548 9809 23739 1423 8386 10798 8053 2295 12941 10079 5780 560 8503 6426
is_linear=0
shrinkage=0.03


Tree=5
num_leaves=15
num_cat=0
split_feature=0 13 3 11 12 11 13 2 0 13 3 4 5 13
split_gain=117.106 107.737 86.7845 83.4975 69.475 68.1188 64.5443 42.8288 32.2777 37.2026 48.0074 32.1864 32.0054 30.2366
threshold=0.52992773881151634 56.500000000000007 0.85937499999999678 1.7896181896680023 0.14158085129865619 -1.0656971879362667 31.500000000000004 0.60317460317459415 0.55163641171411737 9.5000000000000018 0.89550658655941828 0.52903943737286341 3.6325978832408636 3.5000000000000004
decision_type=2 2 2 2 2 2 2 2 2 2 2 2 2 2
left_child=2 3 4 8 11 7 -7 -4 12 13 -11 -1 -2 -10
right_child=1 -3 5 -5 -6 6 -8 -9 9 10 -12 -13 -14 -15
leaf_value=-0.0013427060365926774 0.00072677751716037362 -0.011033768308520011 0.019504362974654542 0.013269182503339997 -0.010227522318655133 0.0013860476675375932 -0.0085959524898392304 0.0052350865144803749 0.005657619899578489 0.0050262945419570415 0.016636975221037523 -0.0051510762037453948 0.011114488484187125 -0.0033689349504711572
leaf_weight=13230 5362 485 237 708 957 5234 651 901 694 1232 432 2349 276 635
leaf_count=13230 5362 485 237 708 957 5234 651 901 694 1232 432 2349 276 635
internal_value=-6.84381e-05 0.00268233 -0.00121582 0.00340017 -0.00240223 0.00157735 0.000275477 0.00827913 0.0025834 0.00509888 0.00808142 -0.0019184 0.00124469 0.00134824
internal_weight=33383 9824 23559 9339 16536 7023 5885 1138 8631 2993 1664 15579 5638 1329
internal_count=33383 9824 23559 9339 16536 7023 5885 1138 8631 2993 1664 15579 5638 1329
is_linear=0
shrinkage=0.03


Tree=6
num_leaves=15
num_cat=0
split_feature=8 13 3 10 2 6 8 1 13 13 5 13 3 13
split_gain=160.2 104.582 93.7236 78.8743 68.1303 53.8921 55.8251 52.21 48.3744 85.7036 66.0646 53.845 52.7655 50.3578
threshold=0.014393481661554556 56.500000000000007 0.84615384615384548 1.8262521272493226 0.91290123749466245 0.066423999508906331 0.064028345784128221 0.81381789557235573 27.500000000000004 22.500000000000004 1.4459482581228522 12.500000000000002 0.77480916030534308 8.5000000000000018
decision_type=2 2 2 2 2 8 2 2 2 2 2 2 2 2
left_child=2 4 -1 -4 5 8 7 -7 9 11 -10 13 -11 -2
right_child=1 -3 3 -5 -6 6 -8 -9 10 12 -12 -13 -14 -15
leaf_value=-0.003004152837107003 0.0044420515113532504 -0.0093830683048809881 -0.0013103387359386851 0.0048781176596399637 0.020183543517102682 0.0037817454955944895 0.014790467331975192 -0.0029545599416997133 0.013695056195507682 0.026311618295685773 -0.0051747230283052635 -0.00026939054659621197 0.0065802723602576395 0.012147640226635975
leaf_weight=13732 2749 597 4719 3046 210 1748 231 2525 206 278 796 1407 222 1058
leaf_count=13732 2749 597 4719 3046 210 1748 231 2525 206 278 796 1407 222 1058
internal_value=3.613e-05 0.00280804 -0.00151497 0.0011188 0.00344862 0.00312655 0.000586585 -0.000197671 0.00482824 0.00589367 -0.00124657 0.00474535 0.0177028 0.00659663
internal_weight=33524 12027 21497 7765 11430 11220 4504 4273 6716 5714 1002 5214 500 3807
internal_count=33524 12027 21497 7765 11430 11220 4504 4273 6716 5714 1002 5214 500 3807
is_linear=0
shrinkage=0.03


Tree=7
num_leaves=15
num_cat=0
split_feature=8 13 3 11 13 13 6 7 8 6 6 1 12 11
split_gain=168.178 135.015 120.305 102.387 79.9943 65.0066 68.0663 61.6196 60.9358 71.8274 67.8925 59.0509 57.4477 46.4484
threshold=0.02083767861397098 46.500000000000007 0.84615384615384548 -1.1201354685682667 34.500000000000007 8.5000000000000018 -0.36647449451903835 0.40789939979582263 0.064028345784128221 0.069205615943108714 -0.32661863717113776 2.0119375620163669 0.10727832259735144 -0.80821597769267406
decision_type=2 2 2 2 2 2 10 8 2 8 10 2 2 2
left_child=2 8 12 7 5 6 -5 -4 9 10 -2 -11 -1 -12
right_child=1 -3 3 4 -6 -7 -8 -9 -10 11 13 -13 -14 -15
leaf_value=-0.0023977228074415812 -0.0042637124109542231 -0.0093115570704742998 0.0052011028585717258 0.014376282734058214 -0.010360753125808742 0.0041341302907042035 -0.0029968197481063498 0.019727927050396298 0.014821578419999653 0.001486662125274455 -0.0016032437876355452 -0.013803815154709898 -0.0089211370004825697 0.0082223519394010597
leaf_weight=13850 517 704 1027 212 604 3110 3147 351 464 3320 483 239 1328 4058
leaf_count=13850 517 704 1027 212 604 3110 3147 351 464 3320 483 239 1328 4058
internal_value=-4.66885e-06 0.00330172 -0.00137428 0.00149391 3.41614e-05 0.00101197 -0.0018806 0.00895928 0.00428414 0.00370847 0.00600422 0.000441925 -0.00297124 0.00717665
internal_weight=33414 9785 23629 8451 7073 6469 3359 1378 9081 8617 5058 3559 15178 4541
internal_count=33414 9785 23629 8451 7073 6469 3359 1378 9081 8617 5058 3559 15178 4541
is_linear=0
shrinkage=0.03


Tree=8
num_leaves=15
num_cat=0
split_feature=8 13 3 11 11 13 13 6 8 6 12 6 5 13
split_gain=152.521 117.205 96.2725 79.125 73.8457 65.6893 63.1346 56.6654 52.7774 51.215 50.9208 49.1114 46.5186 41.6274
threshold=0.018596133041696872 30.500000000000004 0.8526315789473714 -0.76860718943499828 -1.0253255411849902 40.500000000000007 12.500000000000002 0.43708256362276726 -0.047289646088979474 -0.054652188130922867 -0.022780657778857513 0.0074547984362360884 2.3887858571183194 9.5000000000000018
decision_type=2 2 2 2 2 2 2 10 2 8 2 10 2 2
left_child=2 3 8 -2 6 7 -4 9 -1 12 -3 -11 -6 -13
right_child=1 10 4 -5 5 -7 -8 -9 -10 11 -12 13 -14 -15
leaf_value=-0.0084773961967315181 -0.0028027839676696689 0.0075757617553709631 0.00093690086148568352 0.0054295231198758136 -0.0052289330967627331 -0.012554392590517546 0.013263918684773557 -0.0093893539785244052 -0.0023035999417462885 0.010582919319714361 -0.0065512629800906124 -0.001838835341776078 0.0027564505269942444 0.0067960800706512395
leaf_weight=1368 1216 269 734 7603 1430 359 759 468 13616 785 1431 1197 1206 859
leaf_count=1368 1216 269 734 7603 1430 359 759 468 13616 785 1431 1197 1206 859
internal_value=-8.38138e-05 0.00290325 -0.00146341 0.00429347 0.00123963 -0.000182974 0.00722697 0.00057402 -0.00286989 0.00143316 -0.00430021 0.00422419 -0.00157723 0.00177658
internal_weight=33300 10519 22781 8819 7797 6304 1493 5945 14984 5477 1700 2841 2636 2056
internal_count=33300 10519 22781 8819 7797 6304 1493 5945 14984 5477 1700 2841 2636 2056
is_linear=0
shrinkage=0.03


Tree=9
num_leaves=15
num_cat=0
split_feature=8 3 13 13 13 2 9 11 8 3 10 12 13 0
split_gain=137.685 111.933 99.645 61.1899 53.4479 46.9542 47.3139 43.5416 47.2517 46.2329 41.5111 52.6788 74.1394 47.6189
threshold=0.014393481661554556 0.85087060250174706 56.500000000000007 34.500000000000007 8.5000000000000018 0.91290123749466245 0.90670681885917193 -0.97187967405288778 -0.028296898439458481 0.92348332775733277 1.6974953737875682 0.040474118828574497 21.500000000000004 0.53869532207870752
decision_type=2 2 2 2 2 2 2 2 2 2 2 2 2 2
left_child=1 10 5 4 -3 6 -2 8 -6 -10 11 12 -1 -12
right_child=2 3 -4 -5 7 -7 -8 -9 9 -11 13 -13 -14 -15
leaf_value=-0.0043116073893858424 0.0046055633025381976 -0.00026382827817106276 -0.0092540828719674065 -0.0071149409632509869 0.001915701925270743 0.017287318870853011 0.00068289461135672574 0.0031657133973102894 0.0066074573087531166 0.025469190124632383 -0.0020004010088092573 -0.0089287560284177815 0.006616698769032244 0.0076981566316245021
leaf_weight=5027 6469 3442 605 668 303 204 4837 2596 217 261 5874 1853 624 489
leaf_count=5027 6469 3442 605 668 303 204 4837 2596 217 261 5874 1853 624 489
internal_value=1.12862e-05 -0.00143795 0.00256527 0.00151734 0.00236757 0.00319028 0.00292839 0.00504604 0.0112363 0.0170635 -0.00303354 -0.00454438 -0.00310009 -0.0012496
internal_weight=33469 21354 12115 7487 6819 11510 11306 3377 781 478 13867 7504 5651 6363
internal_count=33469 21354 12115 7487 6819 11510 11306 3377 781 478 13867 7504 5651 6363
is_linear=0
shrinkage=0.03


Tree=10
num_leaves=15
num_cat=0
split_feature=13 3 0 4 13 0 6 2 11 5 13 1 2 11
split_gain=97.1547 125.133 105.891 70.3498 58.0954 67.3609 57.0357 50.6953 77.4488 49.2468 60.3903 41.4479 41.4051 40.2061
threshold=41.500000000000007 0.85937499999999678 0.5254198024051826 0.66831596262458259 8.5000000000000018 0.55163641171411737 -0.38376335723197891 0.65014931181213009 0.22811452990097589 1.6822758510192044 45.500000000000007 1.1104589429781411 0.79166666666666707 1.5710952622743588
decision_type=2 2 2 2 2 2 10 2 2 2 2 2 2 2
left_child=1 2 12 9 6 7 -3 8 -6 -2 -11 -7 -1 -4
right_child=3 4 13 -5 5 11 -8 -9 -10 10 -12 -13 -14 -15
leaf_value=-0.0020408899389419794 0.009591044938369167 0.014548772518327938 0.0013201817902567976 -0.0143072929795558 0.016261381900772382 0.0076905915980069912 -0.00012878931208280505 0.0022541248786586325 0.00062597808931041292 -0.017865337333697381 -0.00049624368061565536 0.023319198073511072 -0.012400050417603819 0.00828523756126796
leaf_weight=14546 247 248 6390 683 658 356 4093 3324 501 247 633 273 351 840
leaf_count=14546 247 248 6390 683 658 356 4093 3324 501 247 633 273 351 840
internal_value=3.02927e-06 0.000390891 -0.000843476 -0.00674664 0.00327914 0.0054448 0.000725509 0.00414484 0.0095344 -0.00212167 -0.00544482 0.0146042 -0.00228905 0.00213457
internal_weight=33390 31580 22127 1810 9453 5112 4341 4483 1159 1127 880 629 14897 7230
internal_count=33390 31580 22127 1810 9453 5112 4341 4483 1159 1127 880 629 14897 7230
is_linear=0
shrinkage=0.03


Tree=11
num_leaves=15
num_cat=0
split_feature=8 13 12 10 6 6 6 0 10 6 9 8 1 12
split_gain=128.681 121.614 100.442 68.5904 65.6792 65.068 61.7077 54.5958 53.2641 56.1013 51.292 48.6971 45.4047 56.4108
threshold=0.02083767861397098 32.500000000000007 -0.022780657778857513 1.7088435621645188 -0.12838544000848964 -0.59511045898302484 0.072278165029163524 0.52362387539158406 2.1043523981014425 -0.32661863717113776 0.70848867656378456 -0.057570151008341473 1.132687732554525 0.049899278041746105
decision_type=2 2 2 2 8 10 8 2 2 10 2 2 2 2
left_child=3 6 -3 4 -1 -5 8 -7 9 -2 -9 -6 -13 -14
right_child=1 2 -4 5 11 7 -8 10 -10 -11 -12 12 13 -15
leaf_value=-0.0054580151929461375 -0.0063109998805337833 0.013138667540340052 -0.0085453716675988785 0.016320960389880033 -0.010976350198720963 -0.00092028969648718631 0.0012440554262020062 0.013282770568567017 0.011768277335087198 0.00586910158183096 0.0021611180615330079 -0.0022262688421910443 0.004833212120111772 -0.0046131470832170727
leaf_weight=4563 374 224 1204 229 412 7922 3448 445 1267 3403 2205 4939 2246 757
leaf_count=4563 374 224 1204 229 412 7922 3448 445 1267 3403 2205 4939 2246 757
internal_value=0.000109325 0.00297757 -0.00510998 -0.00109069 -0.00256552 0.000673449 0.00433977 0.000326953 0.00645262 0.00465627 0.00405021 -0.000983308 -0.000458328 0.00244825
internal_weight=33638 9920 1428 23718 12917 10801 8492 10572 5044 3777 2650 8354 7942 3003
internal_count=33638 9920 1428 23718 12917 10801 8492 10572 5044 3777 2650 8354 7942 3003
is_linear=0
shrinkage=0.03


Tree=12
num_leaves=15
num_cat=0
split_feature=8 3 1 7 2 10 6 6 6 10 6 1 10 8
split_gain=114.568 79.1019 62.2317 66.5455 51.8969 54.6102 50.8643 45.1652 46.1602 49.6428 40.6658 39.2334 43.8326 38.5121
threshold=0.023287331873823234 0.91709844559585751 1.8125990684211108 0.61613501930101822 0.63636363636363813 1.1629358865175987 0.035996812325222678 -0.32661863717113776 0.051717695927107406 2.1043523981014425 -0.59511045898302484 0.60699514873994131 2.0783326587774136 0.054906603900799301
decision_type=2 2 2 10 2 2 8 8 8 2 10 2 2 2
left_child=1 10 7 -4 11 -6 -5 -2 9 -9 -1 -3 -13 -10
right_child=2 4 3 6 5 -7 -8 8 13 -11 -12 12 -14 -15
leaf_value=0.0073925708594496341 -0.0051541279858455654 -0.0012012532168877458 -0.0099053717951291739 0.0092381800265975006 -0.0084153583344494451 0.0021866774876774706 -0.0056846463766589781 0.0050396650020538445 0.00080237647579820242 0.013464636155319072 -0.0021000972461967496 0.015035701310902903 -0.00030845807436043801 0.0099803757520940829
leaf_weight=410 451 316 647 477 511 2861 354 2757 2927 816 19511 649 225 474
leaf_count=410 451 316 647 477 511 2861 354 2757 2927 816 19511 649 225 474
internal_value=-2.71171e-05 -0.0010869 0.00288624 -0.00272845 0.0024746 0.000569942 0.00288519 0.00400497 0.00460054 0.00697988 -0.00190292 0.0078467 0.0111063 0.00209429
internal_weight=33386 24483 8903 1478 4562 3372 831 7425 6974 3573 19921 1190 874 3401
internal_count=33386 24483 8903 1478 4562 3372 831 7425 6974 3573 19921 1190 874 3401
is_linear=0
shrinkage=0.03


Tree=13
num_leaves=15
num_cat=0
split_feature=8 3 10 11 6 9 6 6 5 8 6 8 8 0
split_gain=160.082 92.8839 91.5463 57.2464 65.3291 67.1283 52.7961 47.2672 38.7568 42.7047 38.7351 33.5328 33.0146 37.1668
threshold=0.018596133041696872 0.85087060250174706 1.71598011360905 -0.76860718943499828 -0.33753106756465245 1.2066528560021363 -0.093627296334394192 0.012600826070973016 1.2806874565947444 -0.052212460349881445 0.2934857361870194 -0.061234760704951575 0.046918107011675474 0.5483061482041941
decision_type=2 2 2 2 10 2 10 10 2 2 10 2 2 2
left_child=1 11 -3 6 -5 12 -2 -7 -4 -10 -8 -1 -6 -14
right_child=3 2 8 4 5 7 10 -9 9 -11 -12 -13 13 -15
leaf_value=-0.010988973668334486 0.0059625063407601729 -0.0019066963626110335 0.011228335200814727 -0.0049598920660995395 0.0045754953428492522 0.006771212469504022 -0.0094993439191902642 -0.0067382235033485519 0.016310918763623509 0.0021575844177724366 0.0023196113938035484 -0.0026854325981838199 0.0058427320443661303 0.01548001851051641
leaf_weight=447 490 4289 639 693 5653 338 782 724 201 2844 363 14493 955 584
leaf_count=447 490 4289 639 693 5653 338 782 724 201 2844 363 14493 955 584
internal_value=-0.000133056 -0.00154244 0.00107179 0.00291795 0.00386095 0.0046041 -0.00223837 -0.00242703 0.00453729 0.00311705 -0.00575858 -0.00293747 0.00564331 0.00953805
internal_weight=33495 22913 7973 10582 8947 8254 1635 1062 3684 3045 1145 14940 7192 1539
internal_count=33495 22913 7973 10582 8947 8254 1635 1062 3684 3045 1145 14940 7192 1539
is_linear=0
shrinkage=0.03


Tree=14
num_leaves=15
num_cat=0
split_feature=8 13 6 12 1 9 8 6 13 13 9 6 9 13
split_gain=168.087 98.141 87.8401 83.7771 54.7836 59.8804 55.2544 53.6473 60.5392 108.496 52.915 52.8584 57.9227 60.1648
threshold=0.00094030894689341052 32.500000000000007 -0.59511045898302484 -0.058073654091333464 0.76628485509079181 1.36204568173103 -0.0098207962041315811 0.30706604543043098 29.500000000000004 12.500000000000002 1.1483880290580533 -0.30110846859179696 0.77952544308289951 20.500000000000004
decision_type=2 2 10 2 2 2 2 10 2 2 2 10 2 2
left_child=2 -2 -1 -3 -4 6 7 8 9 -6 -5 -11 13 -13
right_child=1 3 4 10 5 -7 -8 -9 -10 11 -12 12 -14 -15
leaf_value=0.012164817560696975 0.0028263261027463319 0.014199466407660719 -0.0051070031291945628 -0.0040573374209259151 -0.0015675840984850132 0.01282650545780915 -0.0064069434795499727 -0.0067332112287261763 -0.0086430696383626611 -0.004983999104244503 -0.019006424218637592 0.0073531639500565467 0.0031735419419270049 0.023074928011329036
leaf_weight=363 14087 201 5513 1728 5119 253 1927 1198 655 315 239 562 998 362
leaf_count=363 14087 201 5513 1728 5119 253 1927 1198 655 315 239 562 998 362
internal_value=-0.000277371 0.00191173 -0.00233837 -0.00402386 -0.00265336 -0.00146391 -0.00179419 -0.00082601 6.10278e-05 0.000841411 -0.00591731 0.00634519 0.00821007 0.0136036
internal_weight=33520 16255 17265 2168 16902 11389 11136 9209 8011 7356 1967 2237 1922 924
internal_count=33520 16255 17265 2168 16902 11389 11136 9209 8011 7356 1967 2237 1922 924
is_linear=0
shrinkage=0.03


Tree=15
num_leaves=15
num_cat=0
split_feature=3 13 0 10 7 11 1 12 12 11 6 13 13 11
split_gain=83.2408 96.3538 72.4035 57.9712 51.473 49.8402 47.4326 44.5198 54.7773 61.3733 42.0511 49.01 39.051 91.9493
threshold=0.85937499999999678 57.500000000000007 0.5254198024051826 1.1361569567321046 0.52801465359632827 1.5710952622743588 2.0640332801804191 -0.0045907764033266676 -0.046858077341513697 -0.59066799666006065 -0.37461858958548633 8.5000000000000018 17.500000000000004 1.0665080292000024
decision_type=2 2 2 2 10 2 2 2 2 2 10 2 2 2
left_child=2 3 4 -2 -1 6 -4 8 -6 -10 -5 -12 -13 -14
right_child=1 -3 5 10 7 -7 -8 -9 9 -11 11 12 13 -15
leaf_value=-0.0046262412667780412 -0.0024447105297594656 -0.013231177236711871 0.0016051660489664443 0.011595343543413163 -0.0018375377043891104 0.0082580200584234133 -0.0052228419395305451 -0.0027723687393518114 -0.0044719242764266545 0.007443180561120131 0.00048462732684461426 0.0083431135148398922 0.0051781371791683713 -0.011020719232091015
leaf_weight=5163 1599 345 5805 573 2475 838 1082 5504 503 1671 3389 2025 2042 368
leaf_count=5163 1599 345 5805 573 2475 838 1082 5504 503 1671 3389 2025 2042 368
internal_value=8.83538e-06 0.00224436 -0.000994756 0.00278483 -0.00218886 0.00137261 0.000529423 -0.00094773 0.00121314 0.00468244 0.00378152 0.00320223 0.005276 0.00268692
internal_weight=33382 10341 23041 9996 15316 7725 6887 10153 4649 2174 8397 7824 4435 2410
internal_count=33382 10341 23041 9996 15316 7725 6887 10153 4649 2174 8397 7824 4435 2410
is_linear=0
shrinkage=0.03


Tree=16
num_leaves=15
num_cat=0
split_feature=8 11 10 9 3 11 12 3 1 7 9 3 8 3
split_gain=100.644 76.7382 67.884 57.8819 52.7628 49.0826 39.5725 81.2897 48.1146 74.1943 47.6773 60.2442 36.0331 33.4627
threshold=0.028078720293902498 -0.75546276571692783 1.7033859288396747 1.1758081229092729 0.91709844559585751 -0.95703741706597389 0.034885315402428126 0.92647058823529282 1.0626119572623389 0.28430746327455308 0.69981311488781162 0.79816513761468111 0.0014249815459328075 0.93275823603777674
decision_type=2 2 2 2 2 2 2 2 2 8 2 2 2 2
left_child=2 -2 6 -3 -4 -6 8 -8 10 -10 11 -1 -12 -13
right_child=1 3 4 -5 5 -7 7 -9 9 -11 12 13 -14 -15
leaf_value=-0.0038696441925311852 -0.0040071494026009359 0.0056468975431615874 -0.00019652660357866533 -0.0029066356497719891 0.011526550471589162 0.0019622828153816273 -0.0064656629155061913 0.0053483360209843006 -0.0063456535115122463 0.0035996042452601622 -0.0064905590366247778 0.011230326898128506 -0.00058191028943749984 -0.0013030852972320756
leaf_weight=998 1138 5188 9845 822 688 1602 3582 610 867 2987 2961 559 1354 289
leaf_count=998 1138 5188 9845 822 688 1602 3582 610 867 2987 2961 559 1354 289
internal_value=-3.26284e-05 0.00312322 -0.000889409 0.00447557 0.000758278 0.00485459 -0.00229656 -0.00474222 -0.00127102 0.00135699 -0.00291474 0.00111807 -0.00463931 0.00697632
internal_weight=33490 7148 26342 6010 12135 2290 14207 4192 10015 3854 6161 1846 4315 848
internal_count=33490 7148 26342 6010 12135 2290 14207 4192 10015 3854 6161 1846 4315 848
is_linear=0
shrinkage=0.03


Tree=17
num_leaves=15
num_cat=0
split_feature=8 13 3 12 4 2 7 7 10 13 13 1 13 12
split_gain=101.436 106.091 74.8497 70.332 52.5239 52.521 46.6961 125.182 42.2362 47.9056 40.7786 76.7114 71.7764 64.6655
threshold=0.00094030894689341052 30.500000000000004 0.85937499999999678 -0.058073654091333464 0.68762512152076971 0.90673383711167121 0.40249823623889797 0.45165364057380436 1.1361569567321046 40.500000000000007 23.500000000000004 0.98093390939817282 12.500000000000002 0.0075649707985951395
decision_type=2 2 2 2 2 2 10 10 2 2 2 2 2 2
left_child=2 5 -1 -3 -5 10 8 -8 -4 -10 12 -12 -2 -13
right_child=1 3 6 4 -6 -7 7 -9 9 -11 11 13 -14 -15
leaf_value=-0.002831329626700661 0.0034777576613418274 0.012687886189312884 -0.0082019094485146667 -0.0024415807199253759 -0.012537213045142855 0.016018759807966455 0.026703128525247432 0.0024487557059005268 0.0017206841713138957 -0.01226452230280187 -0.0024044406148386282 0.0014154338844298503 -0.0017181181083846865 0.018939885519414119
leaf_weight=11512 8941 204 560 1518 665 264 209 1837 2985 233 442 288 3263 554
leaf_count=11512 8941 204 560 1518 665 264 209 1837 2985 233 442 288 3263 554
internal_value=0.000163541 0.00187481 -0.00142965 -0.00395765 -0.0055386 0.00288825 0.00134103 0.00498541 -0.000636582 0.000690627 0.0026254 0.00770158 0.00208839 0.0129895
internal_weight=33475 16139 17336 2387 2183 13752 5824 2046 3778 3218 13488 1284 12204 842
internal_count=33475 16139 17336 2387 2183 13752 5824 2046 3778 3218 13488 1284 12204 842
is_linear=0
shrinkage=0.03


Tree=18
num_leaves=15
num_cat=0
split_feature=8 13 12 3 10 11 11 8 0 12 6 6 7 11
split_gain=116.305 95.3126 100.867 82.9331 98.7946 52.1154 47.1777 45.1021 54.0754 43.4849 38.907 57.752 37.5688 54.5396
threshold=0.02083767861397098 32.500000000000007 -0.022780657778857513 0.85087060250174706 1.8331640488202348 -1.4374630685385681 -1.2284655704079199 0.064028345784128221 0.54774234236667074 0.14158085129865619 -0.33237710102824913 -0.011544582197583917 0.39748410818371033 -0.54377992129836195
decision_type=2 2 2 2 2 2 2 2 2 2 8 8 10 2
left_child=3 5 -3 9 12 -2 -6 10 -9 -1 -7 -12 -5 -14
right_child=1 2 -4 4 6 7 -8 8 -10 -11 11 -13 13 -15
leaf_value=-0.0021079218675119317 -0.0075977877383692216 0.013824551339504188 -0.0078362306733991416 -0.0033029571015671575 0.011663737351603686 -0.0047543518394563668 0.0032485921342837575 0.00335547913925658 0.024386247429558961 -0.0092345443897211572 0.0074661964613456019 0.002055718131871154 0.011765524396494796 -0.000791688031558723
leaf_weight=14655 337 225 1222 3229 798 444 2394 227 212 809 3085 4187 403 1311
leaf_count=14655 337 225 1222 3229 798 444 2394 227 212 809 3085 4187 403 1311
internal_value=-4.74955e-05 0.00267396 -0.0044321 -0.00119399 0.0012575 0.0038867 0.00536733 0.00436565 0.0136718 -0.00248362 0.00382767 0.00435456 -0.00139921 0.00218643
internal_weight=33538 9939 1447 23599 8135 8492 3192 8155 439 15464 7716 7272 4943 1714
internal_count=33538 9939 1447 23599 8135 8492 3192 8155 439 15464 7716 7272 4943 1714
is_linear=0
shrinkage=0.03


Tree=19
num_leaves=15
num_cat=0
split_feature=13 8 3 11 13 4 6 2 6 6 14 13 13 6
split_gain=101.985 111.984 82.3428 72.9615 69.3496 68.8074 57.9713 53.4128 46.0892 64.4179 44.71 42.2651 46.8929 41.5179
threshold=41.500000000000007 0.02083767861397098 0.85087060250174706 -1.0253255411849902 22.500000000000004 0.56581193179186451 0.55458928998498735 0.69140481493387151 0.069205615943108714 -0.32661863717113776 1.0000000180025095e-35 21.500000000000004 20.500000000000004 -0.058602945108426611
decision_type=2 2 2 2 2 2 10 2 8 10 2 2 2 8
left_child=1 2 11 4 7 10 13 -4 9 -3 -2 12 -1 -5
right_child=5 8 3 6 -6 -7 -8 -9 -10 -11 -12 -13 -14 -15
leaf_value=-0.0022027493053754098 -0.0080788762776544728 -0.0047370667951598545 0.014595029861479997 -0.0014434161541773836 0.022071659990394388 -0.013236372005552626 -0.011377435257587573 0.00045476852653569778 0.00075747940445535194 0.0062475459276094582 0.0042999538718917138 0.0028361484195220769 -0.015754403492483571 0.0035859791500110934
leaf_weight=13347 497 531 345 2767 257 814 342 769 3669 4738 546 1517 229 3159
leaf_count=13347 497 531 345 2767 257 814 342 769 3669 4738 546 1517 229 3159
internal_value=9.56709e-05 0.000496762 -0.000621941 0.00191522 0.0081708 -0.00672766 0.000541514 0.00487958 0.00334072 0.0051371 -0.00160909 -0.00190628 -0.00243705 0.00123839
internal_weight=33527 31670 22732 7639 1371 1857 6268 1114 8938 5269 1043 15093 13576 5926
internal_count=33527 31670 22732 7639 1371 1857 6268 1114 8938 5269 1043 15093 13576 5926
is_linear=0
shrinkage=0.03


Tree=20
num_leaves=15
num_cat=0
split_feature=13 3 13 13 13 13 11 3 11 13 2 0 14 6
split_gain=86.8788 79.9174 62.0463 60.5133 66.1993 62.04 71.4985 73.9147 59.3389 57.7449 54.9577 55.2874 51.5083 45.0355
threshold=41.500000000000007 0.90160922459427073 8.5000000000000018 21.500000000000004 19.500000000000004 30.500000000000004 -0.068526735033080058 0.72419446503582863 -0.48294219542111455 26.500000000000004 0.63636363636363813 0.55235499275254851 1.0000000180025095e-35 -0.017907156533675802
decision_type=2 2 2 2 2 2 2 2 2 2 2 2 2 8
left_child=1 3 -3 4 -1 6 12 9 -7 -8 -4 -12 -5 -9
right_child=-2 2 10 5 -6 8 7 13 -10 -11 11 -13 -14 -15
leaf_value=-0.00058086708078241211 -0.0062005659079607854 0.00022854122242072078 0.013489966247325054 0.0077646195853152611 -0.0099270633232403302 0.0069755338292430942 0.028950672074487167 -0.0022789830490994776 -0.0072916087894962633 0.0092163226056516494 0.0025748194253322923 0.015150382515526689 -0.0056247931139082087 0.013104856265202322
leaf_weight=21004 1859 2947 721 469 700 400 275 383 741 268 2433 357 564 303
leaf_count=21004 1859 2947 721 469 700 400 275 383 741 268 2433 357 564 303
internal_value=9.30364e-05 0.000464617 0.00343961 -0.000301141 -0.000884519 0.00341542 0.0062877 0.0111623 -0.00228137 0.0193837 0.00613071 0.00420817 0.000462353 0.00456158
internal_weight=33424 31565 6458 25107 21704 3403 2262 1229 1141 543 3511 2790 1033 686
internal_count=33424 31565 6458 25107 21704 3403 2262 1229 1141 543 3511 2790 1033 686
is_linear=0
shrinkage=0.03


Tree=21
num_leaves=15
num_cat=0
split_feature=8 13 13 3 8 13 1 1 13 13 9 13 3 3
split_gain=95.9555 80.3535 68.9149 54.6988 57.2734 64.2541 52.0424 53.9343 88.7556 82.4316 96.0393 69.8196 76.9221 61.2947
threshold=0.00046995900330348974 56.500000000000007 8.5000000000000018 0.90751445086705174 0.064028345784128221 10.500000000000002 3.4268842730104905 0.65899233445255601 29.500000000000004 21.500000000000004 0.84037814390358323 17.500000000000004 0.63008680816899998 0.71428571428571452
decision_type=2 2 2 2 2 2 2 2 2 2 2 2 2 2
left_child=2 3 -1 4 5 -2 7 13 9 11 -11 12 -9 -4
right_child=1 -3 6 -5 -6 -7 -8 8 -10 10 -12 -13 -14 -15
leaf_value=-0.0031665775816983959 0.003036931944178881 -0.0077206220967295722 -0.01281627370188944 0.0063317484707259833 0.01199244904477058 -0.0012492594514021567 -0.010472586736124308 -0.0046104630437711703 -0.0057464218913645367 0.01884195805709157 -0.0021620350077774077 -0.0055758252593539328 0.0066506832487660686 0.00027068090731444865
leaf_weight=9420 6920 761 470 2462 444 5767 356 691 983 620 284 812 2542 1000
leaf_count=9420 6920 761 470 2462 444 5767 356 691 983 620 284 812 2542 1000
internal_value=0.000122809 0.00176729 -0.00144284 0.00223266 0.00146199 0.00108888 0.000650855 0.00119255 0.00246739 0.00410302 0.0122678 0.00226542 0.0042404 -0.00394284
internal_weight=33532 16354 17178 15593 13131 12687 7758 7402 5932 4949 904 4045 3233 1470
internal_count=33532 16354 17178 15593 13131 12687 7758 7402 5932 4949 904 4045 3233 1470
is_linear=0
shrinkage=0.03


Tree=22
num_leaves=15
num_cat=0
split_feature=13 3 0 2 10 1 5 10 4 0 13 3 10 12
split_gain=65.6547 70.3165 80.2929 52.6812 48.2373 47.6671 66.944 41.7089 41.3611 33.8906 46.0474 38.6316 39.8407 49.9056
threshold=56.500000000000007 0.85937499999999678 0.52335390380572144 0.64127997660362468 1.1629358865175987 1.0222000967973426 1.3975164229509265 2.5256658118781914 0.99874761173323334 0.55471177622288159 13.500000000000002 0.9597315436241608 2.0151136301925807 -0.018922518524931372
decision_type=2 2 2 2 2 2 2 2 2 2 2 2 2 2
left_child=1 2 8 5 -5 -3 -7 -4 -1 11 -11 -6 -13 -14
right_child=-2 3 7 4 9 6 -8 -9 -10 10 -12 12 13 -15
leaf_value=-0.0018359354212971802 -0.0083896257523801646 0.0028139467457450936 0.00089282051106587322 -0.0048483286003179289 -0.00046389880183674806 0.024208825277716745 0.0063388480708104515 0.008313201099592063 -0.010461841397784177 0.00051456378360044636 0.01677390617022673 0.0015255920579249085 0.022747254562065271 0.0032640262042673731
leaf_weight=14117 836 1985 7318 1143 3767 248 766 747 514 321 302 827 219 255
leaf_count=14117 836 1985 7318 1143 3767 248 766 747 514 321 302 827 219 255
internal_value=-0.000113755 0.000100193 -0.000817899 0.00221862 0.000762532 0.00552991 0.0108068 0.00158484 -0.00214244 0.0018927 0.0084671 0.00107698 0.00552322 0.0124093
internal_weight=33365 32529 22696 9833 6834 2999 1014 8065 14631 5691 623 5068 1301 474
internal_count=33365 32529 22696 9833 6834 2999 1014 8065 14631 5691 623 5068 1301 474
is_linear=0
shrinkage=0.03


Tree=23
num_leaves=15
num_cat=0
split_feature=8 13 12 1 2 8 13 13 11 12 9 5 11 2
split_gain=97.7275 89.499 60.9984 58.9072 58.3742 52.2882 43.8731 48.4409 43.5974 38.7283 38.4687 37.3676 36.4689 40.8063
threshold=0.00094030894689341052 30.500000000000004 -0.061847978297925869 0.69663147902367839 0.91290123749466245 0.046918107011675474 41.500000000000007 9.5000000000000018 -1.5023330247860067 0.097102134660517439 1.1483880290580533 1.8180500608065422 -1.325705557989411 0.71272465100038918
decision_type=2 2 2 2 2 2 2 2 2 2 2 2 2 2
left_child=3 4 -3 -1 5 9 7 -5 -9 -2 12 -7 -4 -14
right_child=1 2 10 6 -6 11 -8 8 -10 -11 -12 -13 13 -15
leaf_value=-0.004649937039064197 0.0021381764606409207 0.011592793593848389 0.0078911664807422635 -0.0019558802648521941 0.016924629990619663 0.0004810625406884655 -0.0094307889952885363 0.010764927084724239 0.0010140148928020345 -0.0026423070506497851 -0.015697921521496027 0.0096821499848374227 -0.0013255146717837613 -0.010738415328190148
leaf_weight=4653 9882 205 209 7053 240 577 493 448 4655 1799 277 1274 994 708
leaf_count=4653 9882 205 209 7053 240 577 493 448 4655 1799 277 1274 994 708
internal_value=-0.000198961 0.00147799 -0.00387168 -0.00176569 0.00240861 0.002145 -0.000703281 -0.000345595 0.00187976 0.00140111 -0.00534372 0.00682298 -0.00380583 -0.00526109
internal_weight=33467 16165 2393 17302 13772 13532 12649 12156 5103 11681 2188 1851 1911 1702
internal_count=33467 16165 2393 17302 13772 13532 12649 12156 5103 11681 2188 1851 1911 1702
is_linear=0
shrinkage=0.03


Tree=24
num_leaves=15
num_cat=0
split_feature=8 13 3 8 13 11 13 13 2 13 13 12 2 8
split_gain=84.853 74.5792 53.2147 38.2541 37.6549 65.2729 43.2685 52.8422 41.8142 38.0149 36.8716 33.1926 33.2593 29.053
threshold=0.028078720293902498 54.500000000000007 0.89868466547571002 0.06729662155389933 34.500000000000007 -0.1678450379496749 11.500000000000002 17.500000000000004 0.64127997660362468 25.500000000000004 -3.4999999999999996 0.097102134660517439 0.75167914126956104 -0.03941704907840065
decision_type=2 2 2 2 2 2 2 2 2 2 2 2 2 2
left_child=2 3 11 10 6 -6 13 8 -8 -9 -2 12 -1 -4
right_child=1 -3 4 -5 5 -7 7 9 -10 -11 -12 -13 -14 -15
leaf_value=-0.000551717140439032 0.015293928340893902 -0.0090725767760659846 0.0066473152506558286 0.013145117315909137 0.0024563807775551567 -0.01733011815690275 0.022816986077767169 -0.0021420910022270892 0.0076461775815016191 0.0084004453354074408 0.002759328102395027 -0.0048945631919858805 -0.0045620665743932006 -0.00091397823538494154
leaf_weight=15915 214 431 546 363 387 239 217 787 659 499 6199 2234 2103 2686
leaf_count=15915 214 431 546 363 387 239 217 787 659 499 6199 2234 2103 2686
internal_value=7.78918e-05 0.00296034 -0.000713242 0.00373185 0.0017622 -0.00517535 0.00257138 0.00585128 0.0115124 0.00196537 0.00318919 -0.00144933 -0.00102093 0.000371688
internal_weight=33479 7207 26272 6776 6020 626 5394 2162 876 1286 6413 20252 18018 3232
internal_count=33479 7207 26272 6776 6020 626 5394 2162 876 1286 6413 20252 18018 3232
is_linear=0
shrinkage=0.03


Tree=25
num_leaves=15
num_cat=0
split_feature=8 3 2 11 12 8 10 8 8 5 5 11 2 8
split_gain=73.7757 48.7725 50.1155 79.2029 43.6233 43.6494 40.4511 40.138 37.2258 46.8429 38.8847 34.9773 42.2426 38.8098
threshold=0.046918107011675474 0.85937499999999678 0.64127997660362468 -1.1873923258481935 0.097102134660517439 -0.012469399356962313 1.1687417560180549 0.015612158307281647 -0.041851952369571191 1.8630768778801745 0.9904419778698873 0.33816133064831722 0.74698795180722211 -0.017495955531447591
decision_type=2 2 2 2 2 2 2 2 2 2 2 2 2 2
left_child=1 4 3 -3 5 11 -4 -5 9 -8 -10 -1 13 -13
right_child=-2 2 6 7 -6 -7 8 -9 10 -11 -12 12 -14 -15
leaf_value=-0.0038191495472970171 0.0053208730116587177 0.020602838503678677 -0.0050523486802986507 0.00079779807988674778 -0.004697096086836502 0.00061187447528457579 -0.0028437676901250657 0.0091149887171207509 0.0083750014595049653 0.014171863525118539 -0.0005976868311062312 0.0028610894958785802 -0.012229156096499147 -0.0069974178459469068
leaf_weight=5067 2207 254 1162 1826 2715 10803 227 727 474 394 4694 2297 219 421
leaf_count=5067 2207 254 1162 1826 2715 10803 227 727 474 394 4694 2297 219 421
internal_value=2.60653e-05 -0.000348307 0.00141052 0.00478986 -0.0011459 -0.000632128 4.33904e-05 0.00317941 0.00106971 0.00797894 0.000232572 -0.00231049 0.000294357 0.00132403
internal_weight=33487 31280 9758 2807 21522 18807 6951 2553 5789 621 5168 8004 2937 2718
internal_count=33487 31280 9758 2807 21522 18807 6951 2553 5789 621 5168 8004 2937 2718
is_linear=0
shrinkage=0.03


Tree=26
num_leaves=15
num_cat=0
split_feature=8 13 12 10 3 11 1 12 6 6 3 6 6 6
split_gain=80.9822 90.5789 83.5359 74.777 64.8924 56.9348 43.6579 53.8125 42.4982 41.5225 41.5056 39.5692 38.3311 44.8067
threshold=0.02083767861397098 32.500000000000007 -0.022780657778857513 1.7088435621645188 0.81228707923145671 -0.91300822898515366 1.0626119572623389 0.047171451885459854 -0.38376335723197891 -0.07991125036973927 0.92500000000000038 0.28021936171511935 0.072278165029163524 -0.33753106756465245
decision_type=2 2 2 2 2 2 2 2 10 10 2 10 8 10
left_child=3 5 -3 6 -5 9 -1 -8 -6 -2 -9 -11 13 -7
right_child=1 2 -4 4 8 12 7 10 -10 11 -12 -13 -14 -15
leaf_value=-0.0041789364153735692 0.0055637575352596022 0.011697773146038147 -0.0080349243950374703 -0.0014270440417573835 0.013273001720729304 -0.0035062773000747666 0.0012294941436447806 -0.0078138764539206346 0.0024411467863178164 -0.013360951497800208 0.0063944989332336589 0.0023834834121252324 0.001415413265829819 0.0067520597650962688
leaf_weight=7644 290 225 1210 6056 347 419 3816 1191 4490 420 215 215 2934 4158
leaf_count=7644 290 225 1210 6056 347 419 3816 1191 4490 420 215 215 2934 4158
internal_value=-0.000238212 0.0020451 -0.00491107 -0.00118708 0.000641929 0.00323058 -0.00273525 -0.000619994 0.00323111 -0.00377713 -0.00562623 -0.00805318 0.00409554 0.00581016
internal_weight=33630 9871 1435 23759 10893 8436 12866 5222 4837 925 1406 635 7511 4577
internal_count=33630 9871 1435 23759 10893 8436 12866 5222 4837 925 1406 635 7511 4577
is_linear=0
shrinkage=0.03


Tree=27
num_leaves=15
num_cat=0
split_feature=8 13 3 13 11 5 12 9 12 2 13 9 11 8
split_gain=69.6539 61.0884 59.8276 50.7685 50.2622 43.3455 41.0134 53.6615 34.175 42.6881 33.2238 33.0411 36.1981 31.6728
threshold=0.028078720293902498 54.500000000000007 0.90160922459427073 34.500000000000007 -0.57896528686515536 1.8849798442964587 -0.061847978297925869 1.1986336298391975 0.097102134660517439 0.75999999999999923 11.500000000000002 0.74482264967563672 -1.0656971879362667 -0.041125058664896012
decision_type=2 2 2 2 2 2 2 2 2 2 2 2 2 2
left_child=2 6 8 5 -5 11 -2 -8 9 -1 -9 -4 -13 -7
right_child=1 -3 3 4 -6 13 7 10 -10 -11 -12 12 -14 -15
leaf_value=-0.00048218727294337658 0.010894104527805619 -0.0081821486115302537 -0.0055810471253139983 0.0032863524554142664 -0.014081851356620477 0.012460618091617023 0.003605018117207863 -0.00010635630467511487 -0.0049480607514854379 -0.0051193971264176996 -0.01411058821387589 0.010593425314570051 -0.00074883538206108947 0.0039226913572879812
leaf_weight=16352 592 433 724 272 325 453 5509 391 2193 2001 245 348 894 2757
leaf_count=16352 592 433 724 272 325 453 5509 391 2193 2001 245 348 894 2757
internal_value=5.96602e-05 0.0026799 -0.000654538 0.00204265 -0.00620713 0.00299925 0.00338358 0.00265176 -0.0014127 -0.000989032 -0.00556905 -0.000508527 0.00245892 0.00514508
internal_weight=33489 7170 26319 5773 597 5176 6737 6145 20546 18353 636 1966 1242 3210
internal_count=33489 7170 26319 5773 597 5176 6737 6145 20546 18353 636 1966 1242 3210
is_linear=0
shrinkage=0.03


Tree=28
num_leaves=15
num_cat=0
split_feature=8 11 13 12 3 2 13 7 13 1 6 12 13 8
split_gain=91.8016 76.103 72.974 78.6674 57.2499 86.4651 56.7536 82.6499 48.4272 64.6445 54.5976 44.5794 38.3786 40.4888
threshold=0.02083767861397098 -1.1201354685682667 32.500000000000007 -0.025862078276377206 0.85455715455715786 0.61946902654867153 23.500000000000004 0.36804619394746801 12.500000000000002 0.70140664677985731 0.041031436265084216 0.12576844404816181 8.5000000000000018 0.052633139904049941
decision_type=2 2 2 2 2 2 2 8 2 2 10 2 2 2
left_child=1 4 6 -4 -1 -6 8 -8 12 -10 -11 -3 -2 -14
right_child=2 11 3 -5 5 -7 7 -9 9 10 -12 -13 13 -15
leaf_value=-0.00015382145155156248 0.0024801607918949662 -0.0013904759271919983 0.013129393375516562 -0.0067926324284786344 0.02368375293932503 0.0042102920453343283 0.002252582732966558 0.019445303078232841 0.0091106942801571934 0.0010257853758398432 -0.0098058260451351908 -0.0068802402284683954 0.0060665223857452443 0.020175222640583686
leaf_weight=1930 3863 18854 204 1222 249 1086 556 457 420 904 774 1428 1207 213
leaf_count=1930 3863 18854 204 1222 249 1086 556 457 420 904 774 1428 1207 213
internal_value=-7.80346e-05 -0.00109421 0.00235794 -0.00390672 0.00315335 0.00791724 0.00342389 0.0100662 0.00250607 -0.00134772 -0.00398473 -0.0017786 0.00403632 0.00824619
internal_weight=33367 23547 9820 1426 3265 1335 8394 1013 7381 2098 1678 20282 5283 1420
internal_count=33367 23547 9820 1426 3265 1335 8394 1013 7381 2098 1678 20282 5283 1420
is_linear=0
shrinkage=0.03


Tree=29
num_leaves=15
num_cat=0
split_feature=13 2 13 13 4 2 0 1 12 13 12 10 11 3
split_gain=70.6379 45.2036 44.5717 56.7945 44.1211 42.6794 56.7277 58.811 58.7368 53.5192 42.313 39.2969 41.9049 35.5363
threshold=41.500000000000007 0.9205621086355088 22.500000000000004 19.500000000000004 0.62559306438244078 0.62198039444509534 0.55090887584715176 1.2150492656214482 -0.010849358024821674 27.500000000000004 0.026631314602402926 1.7485031182329245 -1.8545869309529168 0.81047657158101438
decision_type=2 2 2 2 2 2 2 2 2 2 2 2 2 2
left_child=1 2 3 11 -2 9 8 -8 -7 10 -4 -1 -13 -14
right_child=4 -3 5 -5 -6 6 7 -9 -10 -11 -12 12 13 -15
leaf_value=-0.0010356716735268057 -0.0019428318242829005 0.0083556696271989486 0.0064023952967548793 -0.0063612742835086472 -0.011435755901601946 0.0053328149868523186 -9.5343599942597471e-05 0.021624305160112784 -0.0052671105714061622 0.0017177300986715874 0.020855500663431715 -0.0065471486031847157 0.00044117886300538392 0.0040998359487406369
leaf_weight=14866 1087 603 434 1338 739 718 237 208 1343 879 318 570 6555 3756
leaf_count=14866 1087 603 434 1338 739 718 237 208 1343 879 318 570 6555 3756
internal_value=-7.55072e-05 0.000254116 9.63351e-05 -0.000346831 -0.00580545 0.00299467 0.00053304 0.0101842 -0.0015704 0.00676372 0.0126116 -3.3103e-05 0.00133649 0.00177526
internal_weight=33651 31825 31222 27085 1826 4137 2506 445 2061 1631 752 25747 10881 10311
internal_count=33651 31825 31222 27085 1826 4137 2506 445 2061 1631 752 25747 10881 10311
is_linear=0
shrinkage=0.03


Tree=30
num_leaves=15
num_cat=0
split_feature=8 13 3 8 13 11 12 6 13 3 7 0 11 13
split_gain=80.8004 52.3058 53.7938 44.1447 52.5351 44.2433 73.6789 37.8436 43.7303 47.1405 37.5961 36.8418 39.3735 34.4389
threshold=0.046918107011675474 41.500000000000007 0.85937499999999678 0.0022953628621300176 21.500000000000004 -0.14683515208238171 -0.0093902483477184533 0.057332674033203308 10.500000000000002 0.61538461538461575 -0.021923732340147186 0.55023997933997915 0.54092120144712552 19.500000000000004
decision_type=2 2 2 2 2 2 2 8 2 2 10 2 2 2
left_child=1 2 3 4 13 -6 -7 8 10 -10 -5 -2 -13 -1
right_child=11 -3 -4 7 5 6 -8 -9 9 -11 -12 12 -14 -15
leaf_value=-0.0023597994038551148 0.0026836872942179527 -0.0054124068032784635 0.0019771568609910652 0.014851383580460687 -0.00095718601192374016 0.024829793792789871 -0.00062198218101492287 -0.0017250207273693883 0.0061279393251757689 -0.0031493426667675733 0.0035549675498885687 0.015577887903877909 0.0019168642858080195 -0.013462046129455747
leaf_weight=10372 1399 1666 9006 288 526 201 203 3435 666 1853 2880 526 298 253
leaf_count=10372 1399 1666 9006 288 526 201 203 3435 666 1853 2880 526 298 253
internal_value=0.000144232 -0.00024806 4.26586e-05 -0.000800199 -0.00203145 0.00478856 0.0121896 0.000759706 0.0022607 -0.000689236 0.0046037 0.00566453 0.0106787 -0.00263037
internal_weight=33572 31349 29683 20677 11555 930 404 9122 5687 2519 3168 2223 824 10625
internal_count=33572 31349 29683 20677 11555 930 404 9122 5687 2519 3168 2223 824 10625
is_linear=0
shrinkage=0.03


Tree=31
num_leaves=15
num_cat=0
split_feature=8 13 3 8 13 0 5 3 2 11 10 13 9 7
split_gain=68.3936 54.9776 42.1959 36.7956 34.4853 51.2094 45.7032 48.1122 40.5175 36.8998 34.9976 37.833 38.75 37.2033
threshold=0.00094030894689341052 56.500000000000007 0.85937499999999678 0.064028345784128221 11.500000000000002 0.54313898951309658 1.775061921916693 0.83333333333333803 0.8495145631067943 -0.23919066197219255 2.1135865612455875 8.5000000000000018 0.85347868784877656 0.76242235582315387
decision_type=2 2 2 2 2 2 2 2 2 2 2 2 2 10
left_child=2 3 -1 4 10 6 7 -6 -7 -9 11 -2 13 -13
right_child=1 -3 -4 -5 5 8 -8 9 -10 -11 -12 12 -14 -15
leaf_value=-0.0023338089657474466 0.000578771219851989 -0.0063519766786078197 0.00081168401687295335 0.010005122364877024 -0.001553413978649266 0.0024999112553609499 -0.0038488173655216781 0.015986223283519105 0.016394491809826918 6.0381354104243049e-05 0.0062490430728261298 0.015152578824941577 1.9023849660182121e-05 0.00047563234007699898
leaf_weight=11487 5071 772 5760 475 944 1697 3116 323 208 218 2041 516 508 222
leaf_count=11487 5071 772 5760 475 944 1697 3116 323 208 218 2041 516 508 222
internal_value=2.93522e-05 0.0014346 -0.00128337 0.00182844 0.00156386 -7.41095e-05 -0.00178667 0.00253876 0.00405596 0.00962811 0.00283817 0.00173206 0.00640465 0.0107705
internal_weight=33358 16111 17247 15339 14864 6506 4601 1485 1905 541 8358 6317 1246 738
internal_count=33358 16111 17247 15339 14864 6506 4601 1485 1905 541 8358 6317 1246 738
is_linear=0
shrinkage=0.03


Tree=32
num_leaves=15
num_cat=0
split_feature=10 6 6 6 12 0 2 1 6 1 13 6 0 3
split_gain=48.3478 63.1362 51.6257 47.6881 50.8565 44.0125 53.0425 47.8091 45.1514 40.7077 50.3728 61.74 40.3038 39.7622
threshold=1.8331640488202348 -0.12838544000848964 -0.23924537011343491 -0.26118419605874271 -0.055668495825041846 0.50657214230633585 0.86983108810541365 1.4055259486154399 0.057332674033203308 2.2250668136045566 23.500000000000004 0.26080724087568546 0.56138220719214038 0.9597315436241608
decision_type=2 10 10 8 2 2 2 2 10 2 2 10 2 2
left_child=1 -1 3 4 -2 6 7 -3 -7 10 11 -10 13 -4
right_child=2 5 12 -5 -6 8 -8 -9 9 -11 -12 -13 -14 -15
leaf_value=-0.0032782104423216369 -0.0068526914495704392 -0.0042660124369149162 -0.00052977860414009272 0.013218068859063074 0.005618051075886134 0.0038917286555157173 0.012995328803069707 0.0025162996947831633 -0.0047130739526005487 -0.008756528142665046 0.0077374991625576879 0.0034158310439454031 0.0082005331911898151 0.0066561878631362925
leaf_weight=7086 367 3750 9116 536 1411 3934 200 1242 1858 475 706 1528 568 745
leaf_count=7086 367 3750 9116 536 1411 3934 200 1242 1858 475 706 1528 568 745
internal_value=-8.83816e-05 -0.000980516 0.00136616 0.00541481 0.00303195 0.000209282 -0.00196594 -0.00257776 0.00153818 -0.000491198 0.000477758 -0.00104512 0.000465683 1.62204e-05
internal_weight=33522 20779 12743 2314 1778 13693 5192 4992 8501 4567 4092 3386 10429 9861
internal_count=33522 20779 12743 2314 1778 13693 5192 4992 8501 4567 4092 3386 10429 9861
is_linear=0
shrinkage=0.03


Tree=33
num_leaves=15
num_cat=0
split_feature=13 8 3 4 13 13 13 13 12 9 10 12 12 7
split_gain=57.8851 70.2262 58.2629 51.5513 48.857 45.6357 39.4726 54.162 38.8253 61.3118 28.7651 51.8989 41.1568 39.161
threshold=41.500000000000007 0.028078720293902498 0.89550658655941828 0.56581193179186451 45.500000000000007 56.500000000000007 12.500000000000002 14.500000000000002 -0.06032078202731999 1.1986336298391975 1.678948023713531 0.034125265176785664 -0.047906333332688837 0.52220541665900588
decision_type=2 2 2 2 2 2 2 2 2 2 2 2 2 10
left_child=1 2 10 4 -2 -6 -4 -8 -3 -10 11 12 -1 -14
right_child=3 8 6 -5 5 -7 7 -9 9 -11 -12 -13 13 -15
leaf_value=-0.0042102657801978572 -0.011629939381998494 0.010618698095788486 0.00022712108223031731 -0.010941712369186276 0.010348525065832686 -0.0043361684344662352 0.015941970952534381 0.0032313458114804866 0.0033780802243251595 -0.0063173551121409131 -3.052862832345158e-05 -0.0056407328918259055 -0.0025470487988539865 0.0028980067527811454
leaf_weight=2365 269 549 3593 797 383 370 357 1839 5327 655 9042 3034 2046 2823
leaf_count=2365 269 549 3593 797 383 370 357 1839 5327 655 9042 3034 2046 2823
internal_value=-5.15882e-05 0.000248044 -0.000473166 -0.00524819 -0.000776474 0.00315193 0.00216548 0.00532921 0.00301794 0.00231209 -0.00126457 -0.00235072 -0.000967919 0.000609677
internal_weight=33449 31630 25099 1819 1022 753 5789 2196 6531 5982 19310 10268 7234 4869
internal_count=33449 31630 25099 1819 1022 753 5789 2196 6531 5982 19310 10268 7234 4869
is_linear=0
shrinkage=0.03


Tree=34
num_leaves=15
num_cat=0
split_feature=8 10 0 3 13 13 13 9 9 5 12 12 14 9
split_gain=66.1666 46.6479 46.0256 46.3939 45.9649 109.339 50.5044 45.0932 42.5167 37.4383 33.7087 33.224 46.067 51.1597
threshold=0.014393481661554556 1.691280481921243 0.52633282122240022 0.96153846153845957 21.500000000000004 34.500000000000007 24.500000000000004 1.3098615712347443 0.64467322050748321 2.5265989089993193 0.01739921144257495 0.097102134660517439 1.0000000180025095e-35 0.88919828304637505
decision_type=2 2 2 2 2 2 2 2 2 2 2 2 2 2
left_child=1 4 3 -3 -1 6 -6 11 -8 -5 -10 12 13 -2
right_child=7 2 -4 9 5 -7 8 -9 10 -11 -12 -13 -14 -15
leaf_value=-0.0029242980300509063 0.010190634308941661 -0.0010102961182398233 0.0048513736014503895 0.014299299791787883 0.018461241407411507 -0.0085879442471162755 -0.007769143960824826 -0.0045146178965161333 0.014590073841037141 6.6749929198514001e-06 -0.00037543318129610269 -0.00098087874019700885 0.0017980163337048541 0.0020021219165943203
leaf_weight=9930 1495 7569 1880 331 300 521 200 906 314 324 235 2091 6340 1272
leaf_count=9930 1495 7569 1880 331 300 521 200 906 314 324 235 2091 6340 1272
internal_value=0.000130927 -0.000863918 0.000623169 -0.000345755 -0.00217019 0.00259357 0.00816142 0.00190621 0.00394092 0.00728297 0.0082385 0.00242749 0.00321017 0.00643675
internal_weight=33708 21604 10104 8224 11500 1570 1049 12104 749 655 549 11198 9107 2767
internal_count=33708 21604 10104 8224 11500 1570 1049 12104 749 655 549 11198 9107 2767
is_linear=0
shrinkage=0.03


Tree=35
num_leaves=15
num_cat=0
split_feature=8 12 10 6 3 1 6 12 9 9 12 6 13 9
split_gain=64.6208 57.8443 46.7631 56.6817 45.6506 44.4522 44.2283 48.4464 38.5401 46.3704 38.8027 37.0888 47.9935 36.7183
threshold=0.028078720293902498 0.14158085129865619 1.6600731336693837 -0.46356670726579469 0.81047657158101438 1.7735387786179906 0.027641165599198717 0.051839602591566732 0.55791268308252273 0.65928167455689246 0.032548570462894562 -0.12645176304597724 11.500000000000002 0.76765815709473639
decision_type=2 2 2 10 2 2 10 2 2 2 2 10 2 2
left_child=1 2 8 13 -5 -2 7 -7 -1 10 -10 -11 -13 -4
right_child=5 -3 3 4 -6 6 -8 -9 9 11 -12 12 -14 -15
leaf_value=-0.0090964083951545812 0.0035108673626870076 -0.0066483757978969896 0.0029074609839651534 -0.0012287279836642399 0.0025610844932853786 -0.0046525918180878095 -0.0082548075566995244 0.011348687730776734 0.0050054020114994099 -0.0046350799035553489 -0.0056092518294222904 -0.0026299504123347981 0.0028327984481883832 0.02040064317790765
leaf_weight=606 5870 1441 223 6387 5173 365 634 311 1545 3583 383 4413 2148 208
leaf_count=606 5870 1441 223 6387 5173 365 634 311 1545 3583 383 4413 2148 208
internal_value=-0.000123397 -0.000816571 -0.000474637 0.000868248 0.000467554 0.00239614 -0.00259323 0.00273822 -0.00174459 -0.00137193 0.00288773 -0.00218256 -0.000840711 0.0114868
internal_weight=33290 26110 24669 11991 11560 7180 1310 676 12678 12072 1928 10144 6561 431
internal_count=33290 26110 24669 11991 11560 7180 1310 676 12678 12072 1928 10144 6561 431
is_linear=0
shrinkage=0.03


Tree=36
num_leaves=15
num_cat=0
split_feature=13 8 13 11 10 14 4 11 9 3 13 9 9 11
split_gain=59.7131 72.6345 56.718 57.0027 70.8042 53.2003 52.6461 50.2426 43.5584 43.6586 37.5498 37.1927 36.5627 33.9432
threshold=30.500000000000004 0.00094030894689341052 21.500000000000004 -0.058709237443232372 1.5938369285844562 1.0000000180025095e-35 0.68762512152076971 -1.0433133590509887 1.36204568173103 0.90160922459427073 19.500000000000004 0.61125568729461066 1.3415662015545811 0.99948510156710502
decision_type=2 2 2 2 2 2 2 2 2 2 2 2 2 2
left_child=1 2 8 5 -5 7 11 -4 9 10 -1 -2 13 -3
right_child=6 12 3 4 -6 -7 -8 -9 -10 -11 -12 -13 -14 -15
leaf_value=-0.0023221162775022147 0.0099746238486841318 0.0015063369822191071 0.016321480041118087 0.023025372071731182 0.0011539746814503752 -0.010797061420367522 -0.009494645334679681 -0.0025225741566743615 0.0076628490676184319 0.0014178067595121743 -0.013013759151493248 -0.0025789975274918258 -0.0038785204178682 0.0050166318407696663
leaf_weight=11151 231 9535 217 274 256 270 1014 296 451 3074 299 2125 882 3349
leaf_count=11151 231 9535 217 274 256 270 1014 296 451 3074 299 2125 882 3349
internal_value=-1.31677e-05 0.000411661 -0.000944079 0.00502287 0.0125706 -0.000133399 -0.00379683 0.0055291 -0.00146876 -0.00175485 -0.00260687 -0.00132963 0.00201554 0.00242038
internal_weight=33424 30054 16288 1313 530 783 3370 513 14975 14524 11450 2356 13766 12884
internal_count=33424 30054 16288 1313 530 783 3370 513 14975 14524 11450 2356 13766 12884
is_linear=0
shrinkage=0.03


Tree=37
num_leaves=15
num_cat=0
split_feature=8 13 10 1 13 13 4 13 13 1 3 2 13 3
split_gain=53.4089 52.2053 61.3095 42.2791 37.1903 58.7582 79.0666 42.4964 35.6423 33.644 32.528 32.4823 31.1302 64.1203
threshold=0.00094030894689341052 30.500000000000004 2.3581905705835355 0.66343233707192129 41.500000000000007 12.500000000000002 0.43636458004000106 15.500000000000002 20.500000000000004 0.80879138634270797 0.70998041942166801 0.90028513172110547 23.500000000000004 0.72419446503582863
decision_type=2 2 2 2 2 2 2 2 2 2 2 2 2 2
left_child=3 11 9 -1 5 -5 7 -7 10 -3 -8 12 -2 -14
right_child=1 2 -4 4 -6 6 8 -9 -10 -11 -12 -13 13 -15
leaf_value=-0.0037944347368087661 0.001238739218818912 0.0053813230319961387 0.0093878918219462166 -0.001417097803885847 -0.0083548620469801257 0.012527086700651455 -0.01625440124813797 0.0038010714149381316 0.002464035072162413 -0.0061051857506522521 -0.002873154010959706 0.011617854537441373 0.013837566162566754 0.00040990432579756563
leaf_weight=4207 12130 258 316 8602 496 710 221 1714 753 1849 602 300 551 755
leaf_count=4207 12130 258 316 8602 496 710 221 1714 753 1849 602 300 551 755
internal_value=-2.19072e-05 0.00121817 -0.00283781 -0.00117988 -0.000338976 -2.02913e-05 0.00298156 0.00637748 -0.00224526 -0.00468926 -0.00654287 0.00193441 0.00171396 0.00610619
internal_weight=33464 16159 2423 17305 13098 12602 4000 2424 1576 2107 823 13736 13436 1306
internal_count=33464 16159 2423 17305 13098 12602 4000 2424 1576 2107 823 13736 13436 1306
is_linear=0
shrinkage=0.03


Tree=38
num_leaves=15
num_cat=0
split_feature=8 13 12 9 6 8 6 8 13 5 9 6 9 11
split_gain=58.0862 51.5082 44.8292 40.3726 37.2393 52.0155 47.3193 48.9357 35.1225 65.2259 61.1229 51.3858 43.6563 49.5626
threshold=0.046918107011675474 41.500000000000007 0.10491596101524898 0.62119960183052914 0.30706604543043098 -0.019842224873947194 0.28654997494956497 0.0066044215102051699 22.500000000000004 2.2438696649920398 0.96953450738579061 -0.16157370263177626 0.75184482638323902 -0.45062898163462389
decision_type=2 2 2 2 10 2 8 2 2 2 2 10 2 2
left_child=1 2 4 -3 6 -6 8 -8 9 -1 11 12 13 -10
right_child=-2 3 -4 -5 5 -7 7 -9 10 -11 -12 -13 -14 -15
leaf_value=-0.0017438838259289449 0.0045726060916451627 0.006948110810616641 -0.0036264355905368619 -0.0072510968934476608 -0.0077502793019502084 0.00017096645354530222 0.014187771762564734 -0.0023901089484176311 0.0040111713693744833 0.0017145832319408881 -0.0053302818099693512 0.0087562825257083577 0.0077253709760764181 -0.013981595849808381
leaf_weight=10042 2214 201 3009 1485 1192 1980 448 246 256 9590 580 1560 368 289
leaf_count=10042 2214 201 3009 1485 1192 1980 448 246 256 9590 580 1560 368 289
internal_value=-0.000117525 -0.000450532 -0.000159201 -0.00554277 0.000234347 -0.00281326 0.00064835 0.0083364 0.000411365 -5.44571e-05 0.00340198 0.00545661 -0.000198377 -0.00557032
internal_weight=33460 31246 29560 1686 26551 3172 23379 694 22685 19632 3053 2473 913 545
internal_count=33460 31246 29560 1686 26551 3172 23379 694 22685 19632 3053 2473 913 545
is_linear=0
shrinkage=0.03


Tree=39
num_leaves=15
num_cat=0
split_feature=0 13 13 3 1 3 13 5 7 6 11 13 6 3
split_gain=44.5355 43.0202 43.02 44.1854 44.4158 33.2227 52.8684 40.0084 36.9246 69.7676 48.2028 47.2617 31.6913 50.7292
threshold=0.55163641171411737 54.500000000000007 10.500000000000002 0.89550658655941828 1.0161656754039399 0.7809450605761088 57.500000000000007 3.3736820493327024 0.39748410818371033 -0.38376335723197891 0.066899084592452696 8.5000000000000018 0.069205615943108714 0.57117338749408153
decision_type=2 2 2 2 2 2 2 2 10 10 2 2 10 2
left_child=5 2 -2 -4 -5 7 8 -1 -7 -10 11 -11 13 -9
right_child=1 -3 3 4 -6 6 -8 12 9 10 -12 -13 -14 -15
leaf_value=-0.0019148720727076025 0.00061034095338294032 -0.0099228319243232204 0.0045486436002746119 0.0060025563530213787 0.025584798280922871 -0.00034408312846863131 -0.010377252181930663 0.013467853153144919 0.015042714094026728 0.0012051142222195988 -0.00077421740239930681 0.0093568825248587627 -0.0024330346641449293 0.0010740500501588502
leaf_weight=13708 1623 206 1198 213 207 8121 375 450 385 1426 2867 1159 725 860
leaf_count=13708 1623 206 1198 213 207 8121 375 450 385 1426 2867 1159 725 860
internal_value=-1.05494e-05 0.00321682 0.00406599 0.00751975 0.0158413 -0.000380911 0.000663946 -0.00133209 0.000964192 0.00278313 0.00190441 0.00487102 0.00258863 0.00536648
internal_weight=33523 3447 3241 1618 420 30076 14333 15743 13958 5837 5452 2585 2035 1310
internal_count=33523 3447 3241 1618 420 30076 14333 15743 13958 5837 5452 2585 2035 1310
is_linear=0
shrinkage=0.03


Tree=40
num_leaves=15
num_cat=0
split_feature=13 8 12 6 7 12 8 0 5 1 13 9 9 12
split_gain=48.7947 48.1048 36.2329 54.1805 38.2125 37.4436 59.9588 36.1803 36.1312 31.6136 30.1714 48.9915 63.8313 52.9937
threshold=41.500000000000007 0.039688385939441177 0.097102134660517439 -0.40300076669809215 0.40789939979582263 0.068126973934275706 0.023961753378950713 0.51586863353042978 1.5698385837097288 0.50094312507264271 22.500000000000004 0.62119960183052914 1.0551338204624434 -0.032264518772108446
decision_type=2 2 2 10 8 2 2 2 2 2 2 2 2 2
left_child=1 2 3 4 -1 10 7 -7 -6 -3 -5 -12 13 -13
right_child=-2 9 -4 5 8 6 -8 -9 -10 -11 11 12 -14 -15
leaf_value=3.3751325657467907e-05 -0.0047765063592813536 0.01248507920923558 -0.0031074545288380128 -0.00082572769882213498 0.017487706362261813 -0.0032582503014141162 0.012926052726401262 0.0064958125530859712 0.0047309290972951147 0.0027108913055715234 -0.0081285916111492641 0.014131319341968117 -0.0073036034227309012 0.0031788287710846257
leaf_weight=569 1791 325 3196 19152 344 818 493 581 480 3124 333 546 369 1444
leaf_count=569 1791 325 3196 19152 344 818 493 581 480 3124 333 546 369 1444
internal_value=3.42912e-05 0.000306169 -0.000101401 0.000281462 0.0060208 -5.65611e-05 0.00398639 0.000801286 0.0101299 0.00364866 -0.00040757 0.00256339 0.00408669 0.00621177
internal_weight=33565 31774 28325 25129 1393 23736 1892 1399 824 3449 21844 2692 2359 1990
internal_count=33565 31774 28325 25129 1393 23736 1892 1399 824 3449 21844 2692 2359 1990
is_linear=0
shrinkage=0.03


Tree=41
num_leaves=15
num_cat=0
split_feature=8 6 6 1 5 11 6 10 5 5 2 10 6 5
split_gain=57.3526 62.7954 36.6928 47.4872 42.4902 37.9971 33.7244 79.7066 63.2548 54.4396 88.4426 46.9393 43.4502 46.9736
threshold=0.00094030894689341052 -0.59511045898302484 0.41022845946407677 0.69122721189200687 1.1334511527454334 -0.1065316455738906 0.057332674033203308 3.141082888769462 0.84148908908185771 2.5265989089993193 0.71428571428572019 1.9211288479026611 0.28654997494956497 2.5692626226915252
decision_type=2 10 10 2 2 2 8 2 2 2 2 2 10 2
left_child=1 -1 3 5 -4 -3 7 8 -2 10 11 -10 -8 -14
right_child=6 2 4 -5 -6 -7 12 -9 9 -11 -12 -13 13 -15
leaf_value=0.011465941113741761 0.012535128473530154 -0.0063037328548892343 0.0062790995756785073 0.00018793101908097716 -0.007915845503427504 -0.00046350190726584948 -0.0021682551653092186 0.020868114675306911 0.00029806446888424617 0.004277581829108236 -0.006990774141736246 0.0087431758957180559 0.0061375218197810208 -0.0025214981836603674
leaf_weight=353 502 2160 220 11419 1242 1869 3856 206 3003 3961 1346 733 1529 888
leaf_count=353 502 2160 220 11419 1242 1869 3856 206 3003 3961 1346 733 1529 888
internal_value=0.00023119 -0.000968422 -0.0012313 -0.000800444 -0.00576569 -0.00359846 0.00152346 0.00262688 0.00222248 0.00164339 -0.000411931 0.00196446 -0.000192477 0.00295758
internal_weight=33287 17263 16910 15448 1462 4029 16024 9751 9545 9043 5082 3736 6273 2417
internal_count=33287 17263 16910 15448 1462 4029 16024 9751 9545 9043 5082 3736 6273 2417
is_linear=0
shrinkage=0.03


Tree=42
num_leaves=15
num_cat=0
split_feature=13 13 8 6 1 7 6 6 13 3 6 8 0 4
split_gain=50.0465 70.0717 64.4255 83.8061 61.1913 60.282 52.0558 58.5888 49.0094 42.8735 40.8994 39.7266 36.9425 35.6389
threshold=32.500000000000007 22.500000000000004 0.00094030894689341052 -0.59511045898302484 0.69663147902367839 0.30119368523309092 -0.35175820955441273 0.28654997494956497 19.500000000000004 0.89550658655941828 0.43708256362276726 -0.014993537147422102 0.51999547090331233 0.62559306438244078
decision_type=2 2 2 10 2 10 8 10 2 2 10 2 2 2
left_child=1 2 3 -1 11 9 -2 13 -4 -3 -6 -5 -7 -8
right_child=6 5 8 4 10 12 7 -9 -10 -11 -12 -13 -14 -15
leaf_value=0.013459741692793997 0.0069417410079131514 -0.0037614016527949962 0.0021680241219313103 -0.0065057108570275831 0.00020901354997930987 0.0046466240089221749 -0.0039392287687278925 0.0050725390585139385 -0.0059593795748934548 0.0064813197089152843 -0.006436667897386842 -7.9428246068315069e-05 0.014038956214514979 -0.011691726325278422
leaf_weight=337 379 858 11539 2966 9788 808 1475 445 704 636 906 1222 714 839
leaf_count=337 379 858 11539 2966 9788 808 1475 445 704 636 906 1222 714 839
internal_value=0.000184212 0.000555818 7.87433e-05 -0.00122436 -0.00156129 0.00489247 -0.00342017 -0.00485356 0.00169844 0.000606028 -0.000356756 -0.00463294 0.00908429 -0.00676924
internal_weight=33616 30478 27462 15219 14882 3016 3138 2759 12243 1494 10694 4188 1522 2314
internal_count=33616 30478 27462 15219 14882 3016 3138 2759 12243 1494 10694 4188 1522 2314
is_linear=0
shrinkage=0.03


Tree=43
num_leaves=15
num_cat=0
split_feature=8 11 9 11 3 8 7 10 13 9 0 13 11 3
split_gain=66.1592 54.1781 41.804 40.1671 57.0742 45.319 42.5897 39.3054 39.1218 43.4176 40.9722 37.2809 32.4303 31.511
threshold=0.02083767861397098 -0.76860718943499828 1.3415662015545811 -1.1201354685682667 0.81775917072285131 -0.03087752257612085 0.40789939979582263 2.0229957979266961 41.500000000000007 0.55791268308252273 0.56245084356979946 30.500000000000004 -0.19805016214169532 0.68750000000000033
decision_type=2 2 2 2 2 2 8 2 2 2 2 2 2 2
left_child=3 -2 11 4 5 -1 -6 -8 9 -5 -11 -3 -10 -7
right_child=1 2 -4 8 6 13 7 -9 12 10 -12 -13 -14 -15
leaf_value=-0.0088570242597936447 -0.0029070996365044267 0.0046000746911830839 -0.0050990936257041498 -0.0087605528312593491 0.0032555190068015777 0.0070416237949992889 0.023136952702006146 0.005786201519074499 -0.00153235868151175 -0.00085961911178496838 0.0079907228481255893 -0.001349285405430653 -0.013942225152457301 -0.0030211577604115523
leaf_weight=515 1533 6728 506 606 1163 539 218 258 376 18633 478 1101 380 573
leaf_count=515 1533 6728 506 606 1163 539 218 258 376 18633 478 1101 380 573
internal_value=0.000205266 0.00226914 0.00322234 -0.000652958 0.00243428 -0.00154488 0.00637698 0.0138905 -0.00114593 -0.000888082 -0.000636224 0.00376308 -0.00782074 0.00186608
internal_weight=33607 9868 8335 23739 3266 1627 1639 476 20473 19717 19111 7829 756 1112
internal_count=33607 9868 8335 23739 3266 1627 1639 476 20473 19717 19111 7829 756 1112
is_linear=0
shrinkage=0.03


Tree=44
num_leaves=15
num_cat=0
split_feature=8 4 0 13 7 12 5 10 5 10 11 12 5 4
split_gain=42.297 28.7628 43.5153 46.2233 38.8206 32.3524 32.3296 34.7166 33.8438 31.8314 29.2416 26.9052 35.2357 26.7149
threshold=0.046918107011675474 0.47991114280532371 0.48470490798635862 41.500000000000007 -0.29430255133067468 0.097102134660517439 2.8967115580435951 1.0450793040773829 0.97334763813074621 1.4094842951025504 0.57805316807471574 0.08678903689504576 2.5137183984433329 0.5169096631699126
decision_type=2 2 2 2 10 2 2 2 2 2 2 2 2 2
left_child=1 5 -3 4 -4 11 7 -6 -9 -10 -7 -1 -13 -2
right_child=13 2 3 -5 6 10 -8 8 9 -11 -12 12 -14 -15
leaf_value=0.00018387139826298544 0.0053679925867067581 -0.0094996054099838936 0.0081304535190782016 -0.0083242669115376894 -0.0091492771100198256 -0.000828748773938093 0.0025564613960762754 0.0062137238446034878 0.0020888524846300301 -0.0043505015801219406 -0.0075610311842825729 -0.00029310137461656811 0.01591744098493731 -0.0028486115873272485
leaf_weight=20481 1772 657 422 780 609 1621 1505 451 967 2393 901 256 223 442
leaf_count=20481 1772 657 422 780 609 1621 1505 451 967 2393 901 256 223 442
internal_value=-0.000277451 -0.000561416 -0.00214118 -0.00145666 -0.000606797 -3.73983e-05 -0.00123543 -0.00252799 -0.0014593 -0.00249692 -0.0032441 0.000349128 0.00734024 0.00372492
internal_weight=33480 31266 7784 7127 6347 23482 5925 4420 3811 3360 2522 20960 479 2214
internal_count=33480 31266 7784 7127 6347 23482 5925 4420 3811 3360 2522 20960 479 2214
is_linear=0
shrinkage=0.03


Tree=45
num_leaves=15
num_cat=0
split_feature=8 13 8 6 6 9 1 7 9 13 6 6 13 13
split_gain=54.2521 42.3106 43.7504 57.5868 47.6458 41.2331 38.9382 42.7339 42.354 44.9724 67.6923 54.5058 40.9795 65.6495
threshold=0.06729662155389933 41.500000000000007 0.00094030894689341052 -0.59511045898302484 0.063490826420744675 0.61788307850173052 0.69663147902367839 -0.29430255133067468 1.36204568173103 11.500000000000002 0.29991030354395948 -0.11942271382397183 17.500000000000004 21.500000000000004
decision_type=2 2 2 10 8 2 2 8 2 2 10 10 2 2
left_child=1 2 3 -1 -4 -3 -5 -8 9 -9 11 -11 -13 -14
right_child=-2 5 4 6 -6 -7 7 8 -10 10 -12 12 13 -15
leaf_value=0.011084864480395831 0.010833504184908967 0.0076446388417881136 0.00251422320460821 -0.0037036627375490118 -0.0010269657715154879 -0.006436342043021211 0.012259377299163205 -0.0024068326747974313 0.010967422961835225 -0.001011562382238113 -0.010427831362233828 0.010540239260184624 -0.0077939456176482009 0.0078871776197632741
leaf_weight=338 394 208 8988 4523 5514 1578 229 7202 269 1837 384 971 384 624
leaf_count=338 394 208 8988 4523 5514 1578 229 7202 269 1837 384 971 384 624
internal_value=-0.000162607 -0.000295318 -3.84107e-05 -0.00108217 0.00116789 -0.00477969 -0.00133587 -0.000434736 -0.000688954 -0.000968642 0.00149744 0.00270954 0.00615749 0.00190443
internal_weight=33443 33049 31263 16761 14502 1786 16423 11900 11671 11402 4200 3816 1979 1008
internal_count=33443 33049 31263 16761 14502 1786 16423 11900 11671 11402 4200 3816 1979 1008
is_linear=0
shrinkage=0.03


Tree=46
num_leaves=15
num_cat=0
split_feature=8 6 6 9 11 5 5 9 6 6 11 1 4 11
split_gain=32.1146 72.0678 52.625 43.9129 38.0535 44.849 59.7774 59.8128 54.7752 37.2628 52.8217 35.2033 61.8592 40.7408
threshold=0.00094030894689341052 -0.59511045898302484 0.035996812325222678 1.2066528560021363 -1.8545869309529168 2.5265989089993193 1.1767563343281593 0.6868422178580974 -0.12207273330400385 0.28654997494956497 -1.1873923258481935 0.69663147902367839 0.32968352585340482 1.0000000180025095e-35
decision_type=2 10 8 2 2 2 2 2 10 10 2 2 2 2
left_child=1 -1 4 9 -2 6 7 -6 -8 10 -4 13 -13 -3
right_child=2 11 3 -5 5 -7 8 -9 -10 -11 -12 12 -14 -15
leaf_value=0.012391400995952805 0.015304558093463864 -0.0056867827163812456 -0.012375499729649164 -0.0058386157753359778 0.019080567380015769 0.0047109032441447311 -0.0042070143064802945 0.0026804720134752701 0.0027483151041474028 0.003727183975662423 -0.00028944568814679366 0.0017733702872862168 -0.002454204335081978 8.1253765860483758e-05
leaf_weight=363 202 2648 355 1296 262 3922 2331 808 1803 1873 3394 6649 5852 1885
leaf_count=363 202 2648 355 1296 262 3922 2331 808 1803 1873 3394 6649 5852 1885
internal_value=0.000151562 -0.000744035 0.00111055 -0.000871789 0.0025804 0.00229053 0.000463641 0.00676627 -0.00117387 0.00027735 -0.00144886 -0.00102751 -0.000205843 -0.00329076
internal_weight=33643 17397 16246 6918 9328 9126 5204 1070 4134 5622 3749 17034 12501 4533
internal_count=33643 17397 16246 6918 9328 9126 5204 1070 4134 5622 3749 17034 12501 4533
is_linear=0
shrinkage=0.03


Tree=47
num_leaves=15
num_cat=0
split_feature=3 13 8 11 2 1 4 3 13 0 10 5 13 2
split_gain=37.1787 55.7863 60.0915 41.6156 60.3671 39.7788 37.0258 41.1973 36.0631 35.7725 33.3786 43.7769 52.7332 38.6023
threshold=0.85455715455715786 57.500000000000007 0.038047075259114944 -1.1201354685682667 0.61020285599893298 2.7623578649080631 0.99874761173323334 0.65876777251184826 26.500000000000004 0.55397936383541724 1.2538151639290083 1.202411151996718 9.5000000000000018 0.64562612461194646
decision_type=2 2 2 2 2 2 2 2 2 2 2 2 2 2
left_child=6 2 3 4 -2 10 -1 -8 -6 -4 13 12 -12 -5
right_child=1 -3 9 5 8 -7 7 -9 -10 -11 11 -13 -14 -15
leaf_value=-0.00034348623937614781 0.01871282743368256 -0.0098849797382388471 0.0049680586836578734 0.0019966649977585017 0.00019344392026925691 0.0098344938366473796 0.004078730686795054 -0.010029784106188367 0.012802349196040423 0.017027359144966597 -0.0011594417884752347 2.7102119149016336e-05 0.015621106217777918 -0.0068376679683792019
leaf_weight=21940 263 366 702 703 938 372 249 708 256 323 303 4884 373 1200
leaf_count=21940 263 366 702 703 938 372 249 708 256 323 303 4884 373 1200
internal_value=8.56904e-05 0.00154668 0.00195682 0.00119403 0.00584054 0.000326789 -0.000596151 -0.0063568 0.00293897 0.00883242 -0.000153398 0.0010207 0.00814636 -0.00357744
internal_weight=33580 10683 10317 9292 1457 7835 22897 957 1194 1025 7463 5560 676 1903
internal_count=33580 10683 10317 9292 1457 7835 22897 957 1194 1025 7463 5560 676 1903
is_linear=0
shrinkage=0.03


Tree=48
num_leaves=15
num_cat=0
split_feature=10 6 6 9 6 0 10 9 4 0 3 5 10 9
split_gain=37.1835 60.7999 36.9749 37.9888 34.0575 32.9611 29.918 28.3482 27.4562 27.0787 36.8064 27.778 33.7575 26.8428
threshold=1.7088435621645188 -0.12838544000848964 -0.21001628826595739 0.96318460366258218 -0.27674725631741626 0.57865085242139025 2.2215118165642354 0.99078446423542277 0.48474066443078229 0.53670811936152585 0.61538461538461575 2.1891134873181253 2.0707460794957231 0.68911962318498887
decision_type=2 8 10 2 8 2 2 2 2 2 2 2 2 2
left_child=1 -1 3 -2 -5 13 -6 8 -4 11 -11 12 -9 -3
right_child=2 5 7 4 6 -7 -8 9 -10 10 -12 -13 -14 -15
leaf_value=-0.00334021015962755 0.0021799873109448354 0.0026885340815866695 0.0025879773445172259 0.0023210343159735204 0.022906057434489153 0.010275547433827472 0.0072838346675922301 0.0067649025053489855 -0.0015491357318692433 -0.0078078322390704143 0.0061110707059795766 -0.0047212236670951665 -0.0038409841990346919 -0.00065973249873306494
leaf_weight=5928 2551 2793 5470 327 219 289 231 503 1957 218 732 2261 572 9371
leaf_count=5928 2551 2793 5470 327 219 289 231 503 1957 218 732 2261 572 9371
internal_value=6.42444e-05 -0.000840835 0.00117022 0.00395817 0.00974492 0.000349806 0.0150548 0.000376729 0.00149755 -0.00156496 0.00289289 -0.00283687 0.00112993 0.000109858
internal_weight=33422 18381 15041 3328 777 12453 450 11713 7427 4286 950 3336 1075 12164
internal_count=33422 18381 15041 3328 777 12453 450 11713 7427 4286 950 3336 1075 12164
is_linear=0
shrinkage=0.03


Tree=49
num_leaves=15
num_cat=0
split_feature=13 5 13 6 11 10 10 8 13 9 9 6 1 6
split_gain=42.3954 52.2447 43.4258 54.4128 31.5694 32.6598 31.1379 58.8974 39.3212 65.3689 37.7053 42.201 47.9876 36.8031
threshold=32.500000000000007 0.97334763813074621 23.500000000000004 -0.33753106756465245 -0.92731446091572456 1.9762642448297971 1.7088435621645188 0.014393481661554556 20.500000000000004 0.80476167807245658 0.89642051988333538 -0.32150908868923944 0.50094312507264271 1.0225439224119965
decision_type=2 2 2 8 2 2 2 2 2 2 2 10 2 8
left_child=2 -2 6 -4 5 -3 7 -1 13 -10 11 -9 -13 -8
right_child=1 4 3 -5 -6 -7 8 10 9 -11 -12 12 -14 -15
leaf_value=-0.002241315976607843 0.010142817580247227 -0.0066872120372551891 -0.010030560307039887 0.0053947963869130531 -0.0063050400783540676 0.0067010521952937723 0.0011564484753743736 -0.0061672698424838348 0.0070896576292267654 -0.014047209790216819 -0.0015654426541845869 0.015148220744128056 0.0034304153315892344 0.010708548171520232
leaf_weight=10257 232 275 221 2343 2140 391 11473 341 200 367 1957 357 2447 370
leaf_count=10257 232 275 221 2343 2140 391 11473 341 200 367 1957 357 2447 370
internal_value=-2.19492e-05 -0.00339772 0.000316655 0.0040483 -0.0045333 0.00116423 -2.85658e-05 -0.000931439 0.00108878 -0.00659472 0.00170154 0.0037337 0.00494661 0.00145927
internal_weight=33371 3038 30333 2564 2806 666 27769 15359 12410 567 5102 3145 2804 11843
internal_count=33371 3038 30333 2564 2806 666 27769 15359 12410 567 5102 3145 2804 11843
is_linear=0
shrinkage=0.03


Tree=50
num_leaves=15
num_cat=0
split_feature=10 6 0 9 8 6 2 12 11 0 0 12 8 7
split_gain=42.9848 43.078 45.2787 47.2545 54.5655 41.6273 39.0446 38.3558 37.9396 38.4267 36.7974 34.8334 34.3039 34.9293
threshold=1.691280481921243 -0.12645176304597724 0.4739294087841322 0.88665886086038226 0.036522345182527741 -0.434582734602182 0.75999999999999923 0.10934595268362769 1.0505475333370879 0.50689731367906588 0.52107018114016967 -0.010085923138601792 -0.031210885248551951 0.070443853733234932
decision_type=2 10 2 2 2 10 2 2 2 2 2 2 2 10
left_child=1 -1 -3 4 6 -2 7 8 9 -4 11 -11 -8 -14
right_child=5 2 3 -5 -6 -7 12 -9 -10 10 -12 -13 13 -15
leaf_value=-0.0030269394333884612 0.008309170592000684 -0.0067105721246343156 -0.0015632304842902308 -0.0018125115892331171 0.0083079909200891155 0.00081704762761941271 -0.013414190870838878 -0.008381336901106479 0.01151076693114811 0.016120585220156552 0.00153201043190693 0.0036837866958045525 -0.0068698154136929085 0.00605612122575226
leaf_weight=6185 694 823 1618 4491 1085 14835 269 286 409 381 1386 435 409 340
leaf_count=6185 694 823 1618 4491 1085 14835 269 286 409 381 1386 435 409 340
internal_value=-3.55947e-06 -0.000996186 5.72906e-05 0.000561475 0.00217262 0.00115444 0.000963087 0.00216013 0.00288209 0.0019444 0.00451946 0.00955349 -0.00433063 -0.00100098
internal_weight=33646 18117 11932 11109 6618 15529 5533 4515 4229 3820 2202 816 1018 749
internal_count=33646 18117 11932 11109 6618 15529 5533 4515 4229 3820 2202 816 1018 749
is_linear=0
shrinkage=0.03


Tree=51
num_leaves=15
num_cat=0
split_feature=13 13 6 6 4 5 5 0 13 1 1 13 1 12
split_gain=37.3809 50.8424 42.0483 38.8027 38.4427 40.9538 37.2865 33.3599 43.2394 47.7826 39.4358 36.2073 45.8135 47.3708
threshold=34.500000000000007 8.5000000000000018 0.28654997494956497 0.4650309594403233 0.60121461099731921 1.6954535406283262 3.473264140403995 0.55310842355582146 10.500000000000002 1.7377348540854169 1.3647862294925941 23.500000000000004 0.57847535860596866 -0.12586177689636666
decision_type=2 2 10 10 2 2 2 2 2 2 2 2 2 2
left_child=1 6 4 7 5 -2 -1 8 9 -3 -9 12 -10 -14
right_child=2 3 -4 -5 -6 -7 -8 10 11 -11 -12 -13 13 -15
leaf_value=-0.0013986453732483519 0.0063977270899460521 0.0072997999883122854 0.0060829464062469221 -0.004619716445505787 -0.009944671645811861 -0.0050830214913193204 0.0030851620422812638 0.0025326247330989837 -0.0065737001228331742 -0.0056449538273644316 0.012910609380883531 0.0037976408265170216 0.012166012691571408 -7.2789519151753132e-05
leaf_weight=14648 383 1743 352 857 866 998 1879 921 943 297 511 2434 293 6341
leaf_count=14648 383 1743 352 857 866 998 1879 921 943 297 511 2434 293 6341
internal_value=-4.52261e-05 0.000245931 -0.00349699 0.00155276 -0.00500789 -0.00188741 -0.00088809 0.00194666 0.00143077 0.005406 0.00626798 0.000618423 -0.000404685 0.00047651
internal_weight=33466 30867 2599 14340 2247 1381 16527 13483 12051 2040 1432 10011 7577 6634
internal_count=33466 30867 2599 14340 2247 1381 16527 13483 12051 2040 1432 10011 7577 6634
is_linear=0
shrinkage=0.03


Tree=52
num_leaves=15
num_cat=0
split_feature=12 8 3 8 11 10 8 11 8 9 3 11 9 12
split_gain=38.9596 43.1078 29.2139 37.7726 34.6446 29.8362 24.3393 28.9868 23.3175 33.2072 30.0966 21.7982 20.5876 39.3601
threshold=0.14158085129865619 0.06729662155389933 0.89550658655941828 -0.047289646088979474 -1.9980481019269165 1.1361569567321046 -0.043040718242231928 0.20231443131343876 0.018228317764571875 1.2147423233503623 0.79474833371638909 0.85796711104271062 1.1298345145080473 -0.073721618320003443
decision_type=2 2 2 2 2 2 2 2 2 2 2 2 2 2
left_child=1 2 3 -1 -4 -6 7 -7 9 -2 11 -10 -5 -14
right_child=8 -3 4 12 5 6 -8 -9 10 -11 -12 -13 13 -15
leaf_value=-0.0048150568903227459 -0.0092816354761807579 0.010733100896786479 0.012955644308600711 0.00038418705724460914 -0.0030514555186552175 0.0031382509295325121 0.001726301332390205 0.017299105173249431 -0.0086393220475238144 0.0025858840096526733 0.0070654534123231307 0.0035291014860073726 0.003616784211901077 -0.0043488738566766043
leaf_weight=1541 931 350 242 19546 1079 364 5165 200 368 272 322 202 746 2177
leaf_count=1541 931 350 242 19546 1079 364 5165 200 368 272 322 202 746 2177
internal_value=7.38016e-05 0.000338245 0.000219401 -0.000279237 0.00191659 0.00151498 0.00237693 0.00826772 -0.00388231 -0.00659878 -0.000202386 -0.00433381 3.2847e-05 -0.0023132
internal_weight=33505 31410 31060 24010 7050 6808 5729 564 2095 1203 892 570 22469 2923
internal_count=33505 31410 31060 24010 7050 6808 5729 564 2095 1203 892 570 22469 2923
is_linear=0
shrinkage=0.03


Tree=53
num_leaves=15
num_cat=0
split_feature=8 12 9 9 6 13 11 13 9 3 2 6 8 6
split_gain=50.4189 31.2077 27.7687 26.1593 30.745 24.8221 43.2788 40.0759 59.8495 36.2859 43.9196 35.907 35.0062 49.3452
threshold=0.046918107011675474 0.097102134660517439 1.2234642229910391 1.0551338204624434 -0.0067797989646749537 34.500000000000007 -0.54377992129836195 22.500000000000004 0.96953450738579061 0.65007082152974616 0.52964281422735549 1.1584585776387148 0.0028207252599396957 0.066423999508906331
decision_type=2 2 2 2 10 2 2 2 2 2 2 8 2 10
left_child=1 5 3 4 -2 7 -7 11 9 -9 -11 12 -1 -14
right_child=2 -3 -4 -5 -6 6 -8 8 -10 10 -12 -13 13 -15
leaf_value=-0.0010673570580970431 0.0083360362617538701 -0.002678386462028151 -0.0044210211600121709 0.013885312915293877 0.00026740380582222014 0.0018311649945942146 -0.0070579739591206427 0.015106264912228808 -0.0041844707201184146 -0.0073057229712757523 0.0063796299247049545 0.0075244383350450616 0.0030902973570306612 -0.0017269693981187201
leaf_weight=13829 836 3822 273 296 860 901 1079 346 636 240 1547 559 5416 2954
leaf_count=13829 836 3822 273 296 860 901 1079 346 636 240 1547 559 5416 2954
internal_value=0.000172685 -0.000140113 0.00449002 0.00571927 0.00425744 0.000212994 -0.00301854 0.00046419 0.00386854 0.00627389 0.00452639 4.92187e-05 -0.000140669 0.00139014
internal_weight=33594 31329 2265 1992 1696 27507 1980 25527 2769 2133 1787 22758 22199 8370
internal_count=33594 31329 2265 1992 1696 27507 1980 25527 2769 2133 1787 22758 22199 8370
is_linear=0
shrinkage=0.03


Tree=54
num_leaves=15
num_cat=0
split_feature=3 13 11 4 3 2 2 9 13 4 11 10 2 5
split_gain=36.0028 43.061 43.5126 31.4155 31.5807 29.5481 47.2505 62.3581 36.746 32.7498 31.5283 30.0142 35.5263 29.0786
threshold=0.85455715455715786 57.500000000000007 -2.1756594081516241 1.0551835864020107 0.65876777251184826 0.64786839315461708 0.42699025507215577 0.67812358767318559 12.500000000000002 0.039185117701070561 -0.1678450379496749 1.1629358865175987 0.9205621086355088 1.3315311042949303
decision_type=2 2 2 2 2 2 2 2 2 2 2 2 2 2
left_child=3 2 -2 -1 -5 6 -4 -8 -9 -7 -10 -11 13 -13
right_child=1 -3 5 4 -6 9 7 8 10 11 -12 12 -14 -15
leaf_value=-0.00020899115375853542 0.015404001407845076 -0.0083444277050289048 -0.0012113705174155659 0.0036064688581973312 -0.0098593202507943414 0.0090898446419917615 0.016828302130517031 0.0011712440092173614 0.018937698074150831 -0.0042864347505013611 0.0044042787355340141 0.005500452922165759 0.0088726291049024443 -0.00070088347919708622
leaf_weight=22081 210 367 1017 211 581 386 427 1220 227 1129 329 810 475 4120
leaf_count=22081 210 367 1017 211 581 386 427 1220 227 1129 329 810 475 4120
internal_value=0.000252075 0.00168651 0.00204606 -0.000420244 -0.00627172 0.00176196 0.00413369 0.00659836 0.00409846 0.000656159 0.0104538 0.000151364 0.00108144 0.000322538
internal_weight=33590 10717 10350 22873 792 10140 3220 2203 1776 6920 556 6534 5405 4930
internal_count=33590 10717 10350 22873 792 10140 3220 2203 1776 6920 556 6534 5405 4930
is_linear=0
shrinkage=0.03


Tree=55
num_leaves=15
num_cat=0
split_feature=10 13 13 7 14 5 13 5 14 13 5 2 2 12
split_gain=30.2251 30.9363 68.1336 70.8718 67.5764 58.8337 48.1488 43.4537 37.5793 32.4853 29.371 27.9845 34.5828 27.5734
threshold=1.8331640488202348 32.500000000000007 21.500000000000004 0.30119368523309092 1.0000000180025095e-35 2.2345078965328926 19.500000000000004 2.1449367561638222 1.0000000180025095e-35 8.5000000000000018 1.5255087603787227 0.86567164179104461 0.81304612111541574 -0.036252494389954974
decision_type=2 2 2 10 2 2 2 2 2 2 2 2 2 2
left_child=1 2 6 10 5 -5 9 -6 -8 -1 -4 12 -11 -3
right_child=-2 13 3 4 7 -7 8 -9 -10 11 -12 -13 -14 -15
leaf_value=-0.0017068989760886848 0.0011277549573018482 0.0027691374367889788 -0.0089952403614201489 0.026998281413689255 -0.0033039173895750588 0.005705444222300118 -0.0010220155157652255 0.012830313026289066 -0.015574426973144408 0.0011768065694680748 0.0021375190449449627 0.0088871466717320869 -0.0081425732749925515 -0.0063674548002244577
leaf_weight=10343 12810 372 286 283 364 202 291 249 351 5179 794 381 380 1428
leaf_count=10343 12810 372 286 283 364 202 291 249 351 5179 794 381 380 1428
internal_value=-1.94483e-05 -0.000722591 -0.00036777 0.0046205 0.00996943 0.0182786 -0.00101086 0.00330057 -0.00903711 -0.000691729 -0.000838467 0.00107588 0.000533011 -0.00447679
internal_weight=33713 20903 19103 2178 1098 485 16925 613 642 16283 1080 5940 5559 1800
internal_count=33713 20903 19103 2178 1098 485 16925 613 642 16283 1080 5940 5559 1800
is_linear=0
shrinkage=0.03


Tree=56
num_leaves=15
num_cat=0
split_feature=8 10 3 13 8 13 5 3 1 1 0 5 8 13
split_gain=36.0515 31.8556 36.3429 34.2852 30.7205 36.5727 46.6674 69.9592 47.1498 29.8896 28.5241 25.8093 24.0874 35.2137
threshold=0.054906603900799301 1.8262521272493226 0.9597315436241608 -3.4999999999999996 0.00046995900330348974 10.500000000000002 1.5485760914407674 0.82274689883385743 3.1151314605393634 1.5321120789971403 0.49963963248910476 2.0863758169048845 -0.0043210675004800555 -8.4999999999999982
decision_type=2 2 2 2 2 2 2 2 2 2 2 2 2 2
left_child=1 3 4 12 -3 10 7 -7 -8 11 -6 -2 13 -1
right_child=9 2 -4 -5 5 6 8 -9 -10 -11 -12 -13 -14 -15
leaf_value=-0.0084543344883489802 0.0017619237483575427 -0.00084944115116275239 0.0066881572183830514 -0.0011334987132238926 0.012293949117980549 -0.0015747527532356299 -0.0033945554595576914 0.021079759731470981 0.011698792853188223 -0.0027309514864698242 0.0034658837840619815 0.012425548274509309 0.009541199867945372 0.0067453279485347566
leaf_weight=234 343 6066 957 18972 381 286 2045 209 200 306 2310 507 461 317
leaf_count=234 343 6066 957 18972 381 286 2045 209 200 306 2310 507 461 317
internal_value=8.18826e-05 -0.000104014 0.00108663 -0.000846105 0.000617654 0.00225556 -0.00018498 0.00810563 -0.00202693 0.00527623 0.00473627 0.00815793 0.00452076 0.00027232
internal_weight=33594 32438 12454 19984 11497 5431 2740 495 2245 1156 2691 850 1012 551
internal_count=33594 32438 12454 19984 11497 5431 2740 495 2245 1156 2691 850 1012 551
is_linear=0
shrinkage=0.03


Tree=57
num_leaves=15
num_cat=0
split_feature=8 3 8 8 10 7 5 7 5 8 9 3 4 2
split_gain=27.9764 26.8296 34.2866 32.5593 29.6945 38.6444 27.3748 37.728 26.9626 50.4333 44.9281 36.657 57.3184 44.3133
threshold=0.064028345784128221 0.85455715455715786 0.03859713528876417 -0.061234760704951575 1.2538151639290083 0.23804079921052354 3.5963758770799386 1.7045770027659604 1.202411151996718 -0.045090803238888706 1.3867441247541088 0.95806289518864285 0.54529958860113759 0.67141408287453241
decision_type=2 2 2 2 2 10 2 8 2 2 2 2 2 2
left_child=1 3 4 -1 5 -3 -5 -8 11 -10 -11 12 13 -6
right_child=-2 2 -4 6 8 -7 7 -9 9 10 -12 -13 -14 -15
leaf_value=-0.0087893666041179968 0.0066977336848104219 -0.0064874132830649613 0.0063761179281616618 -0.0010705418125475372 0.0061635928792481082 0.0015592135881156762 0.0011539602909651993 0.014367307824575478 0.0092752126084920533 -0.0008666228784728015 0.012207034891329871 0.014834814972545898 0.015825778232192115 -0.0091756926464433425
leaf_weight=459 512 1145 935 20164 318 1005 1530 218 534 5601 242 279 212 352
leaf_count=459 512 1145 935 20164 318 1005 1530 218 534 5601 242 279 212 352
internal_value=-0.000226959 -0.000335415 0.00090576 -0.000924865 0.000374793 -0.00273119 -0.000758157 0.00283813 0.00126191 0.000494545 -0.000315176 0.0054566 0.00242313 -0.00190353
internal_weight=33506 32994 10623 22371 9688 2150 21912 1748 7538 6377 5843 1161 882 670
internal_count=33506 32994 10623 22371 9688 2150 21912 1748 7538 6377 5843 1161 882 670
is_linear=0
shrinkage=0.03


Tree=58
num_leaves=15
num_cat=0
split_feature=8 0 4 3 9 11 8 8 2 3 9 5 11 0
split_gain=27.3515 36.0741 25.8462 22.0458 34.0031 43.3995 34.3118 31.1476 30.9933 34.8814 38.8092 29.2431 28.5432 28.1845
threshold=0.054906603900799301 0.55023997933997915 0.32968352585340482 0.93419272934364783 0.74482264967563672 -0.92731446091572456 -0.021540005687288342 -0.042441033258679144 0.75999999999999923 0.78489147622370725 0.88369684042935337 1.6822758510192044 0.033997097876434075 0.48668204763432299
decision_type=2 2 2 2 2 2 2 2 2 2 2 2 2 2
left_child=3 -2 -3 8 6 -6 -5 -7 9 -1 -11 -12 -8 -9
right_child=1 2 -4 4 5 7 12 13 -10 10 11 -13 -14 -15
leaf_value=-0.0006334497429284719 8.4080399851416972e-05 0.017025840862033841 0.0033886532966309097 -0.0076266514229017396 0.011104940629986404 0.012508998636621981 0.0072560882368946774 -0.0097122525393135515 -0.0026798409226707221 0.003683404561294209 0.0039554409002370864 -0.0026074256885597461 -0.0049579019840678262 0.0019718999468648583
leaf_weight=16677 669 266 238 553 584 223 420 201 4161 4289 846 2163 285 1893
leaf_count=16677 669 266 238 553 584 223 420 201 4161 4289 846 2163 285 1893
internal_value=0.000173799 0.00466394 0.0106826 1.00146e-05 0.00204735 0.00383166 -0.00206621 0.00197846 -0.00029145 0.000123541 0.00185263 -0.000758732 0.00231837 0.000829891
internal_weight=33468 1173 504 32295 4159 2901 1258 2317 28136 23975 7298 3009 705 2094
internal_count=33468 1173 504 32295 4159 2901 1258 2317 28136 23975 7298 3009 705 2094
is_linear=0
shrinkage=0.03


Tree=59
num_leaves=15
num_cat=0
split_feature=8 13 5 13 10 13 1 4 13 13 3 9 11 11
split_gain=59.3336 35.3857 36.6658 77.589 69.0563 47.4977 33.2376 33.8228 39.2559 56.2129 40.397 43.1261 33.1484 31.7132
threshold=0.00094030894689341052 30.500000000000004 1.7407642434084332 52.500000000000007 1.46122083927628 45.500000000000007 0.69663147902367839 0.32669494541201555 12.500000000000002 29.500000000000004 0.55950467003521542 0.8009363808631953 -0.077524069504312815 -0.98924481964251298
decision_type=2 2 2 2 2 2 2 2 2 2 2 2 2 2
left_child=6 -2 3 4 -3 -4 -1 8 -8 10 -10 12 13 -12
right_child=1 2 5 -5 -6 -7 7 -9 9 -11 11 -13 -14 -15
leaf_value=-0.0035289227512324147 0.0017585355254454986 -0.0019116652510654973 -0.0095152236599244967 -0.0092141230047948792 0.020113842067345181 0.00074570343040450534 -0.00062191858424472189 -0.0022014076366353753 -0.0044948977577250184 -0.0057196188507781876 0.015593222620100865 0.0029216161601591938 0.02101439784378523 -5.2436224619547521e-05
leaf_weight=4638 13744 234 869 290 276 757 4678 5993 241 398 243 640 310 220
leaf_count=4638 13744 234 869 290 276 757 4678 5993 241 398 243 640 310 220
internal_value=-0.000138531 0.0011689 -0.0021683 0.00307694 0.0100876 -0.00475051 -0.00135626 -0.000563163 0.000896229 0.00435029 0.00678334 0.00871601 0.0134638 0.00823787
internal_weight=33531 16170 2426 800 510 1626 17361 12723 6730 2052 1654 1413 773 463
internal_count=33531 16170 2426 800 510 1626 17361 12723 6730 2052 1654 1413 773 463
is_linear=0
shrinkage=0.03


Tree=60
num_leaves=15
num_cat=0
split_feature=2 6 8 13 13 9 4 9 6 9 6 14 3 5
split_gain=38.0069 59.7171 29.2553 30.8553 34.6255 33.0434 31.0816 35.8099 26.8828 53.5271 50.1245 39.6159 44.6405 32.5684
threshold=0.92889619546151903 -0.058602945108426611 0.064028345784128221 41.500000000000007 49.500000000000007 0.55791268308252273 0.72151245131778652 0.77952544308289951 0.063490826420744675 0.68911962318498887 -0.12441180514830195 1.0000000180025095e-35 0.8442622950819666 2.7019630364309886
decision_type=2 8 2 2 2 2 2 2 10 2 8 2 2 2
left_child=2 -2 3 5 -5 -1 7 -6 10 11 13 -10 -13 -7
right_child=1 -3 -4 4 6 8 -8 -9 9 -11 -12 12 -14 -15
leaf_value=-0.0051395579674666713 -0.0038654942279083468 0.016888796615263296 0.0070064432393208663 -0.010010477786267838 0.01093235913045347 -0.0018196533415725648 -0.0071802344666906763 -0.002761847879870979 0.0093651885577418076 -0.001902567086283631 0.0023866218976200475 0.0045391930886694498 -0.011788186684184011 0.0019159955823870828
leaf_weight=1076 213 291 509 584 287 6748 449 414 708 8853 9667 460 218 3044
leaf_count=1076 213 291 509 584 287 6748 449 414 708 8853 9667 460 218 3044
internal_value=3.05569e-05 0.00816583 -9.48445e-05 -0.000207095 -0.00409486 1.25961e-05 -0.00106043 0.00288249 0.0002001 -0.00104389 0.000854766 0.00442799 -0.000758479 -0.000657982
internal_weight=33521 504 33017 32508 1734 30774 1150 701 29698 10239 19459 1386 678 9792
internal_count=33521 504 33017 32508 1734 30774 1150 701 29698 10239 19459 1386 678 9792
is_linear=0
shrinkage=0.03


Tree=61
num_leaves=15
num_cat=0
split_feature=2 6 0 11 4 7 0 3 11 13 13 12 6 12
split_gain=32.4225 55.4733 28.6263 34.6813 30.1829 39.6845 30.3626 30.161 33.7831 47.7241 29.2516 29.3847 27.8891 38.0858
threshold=0.92889619546151903 -0.058602945108426611 0.52482153461517422 1.9255085152179696 0.47991114280532371 -0.29430255133067468 0.48470490798635862 0.7809450605761088 -1.1014755434086898 12.500000000000002 19.500000000000004 -0.041323449154758822 0.60442071682020915 0.097102134660517439
decision_type=2 8 2 2 2 10 2 2 2 2 2 2 10 2
left_child=2 -2 4 12 7 -6 -7 -1 9 -9 -10 -12 13 -4
right_child=1 -3 3 -5 5 6 -8 8 10 -11 11 -13 -14 -15
leaf_value=-0.0013385397180068828 -0.0043715820263984587 0.015579788173041228 0.0010069125274281925 0.0074040241005528694 0.0089083688214886929 -0.0097494953095514213 -0.0026075268391333173 0.00062599929426666314 0.0013968576673825161 0.013481764954588004 0.003174075201258657 -0.0071284481430971946 0.0076771047464318605 -0.0041304857439848613
leaf_weight=9580 210 300 9022 711 235 621 3773 602 4831 453 359 792 473 1512
leaf_count=9580 210 300 9022 711 235 621 3773 602 4831 453 359 792 473 1512
internal_value=-6.73902e-05 0.00740184 -0.000184055 0.00100609 -0.000840548 -0.00298153 -0.00362683 -0.000243417 0.00124735 0.00618361 0.000372339 -0.00391523 0.000589639 0.000267905
internal_weight=33474 510 32964 11718 21246 4629 4394 16617 7037 1055 5982 1151 11007 10534
internal_count=33474 510 32964 11718 21246 4629 4394 16617 7037 1055 5982 1151 11007 10534
is_linear=0
shrinkage=0.03


Tree=62
num_leaves=15
num_cat=0
split_feature=8 6 13 3 13 7 11 9 9 4 6 9 13 13
split_gain=27.1055 26.5179 26.1519 31.5354 42.6394 55.8856 61.9639 40.8778 30.5799 35.9009 28.3026 27.7038 26.0275 64.3521
threshold=0.064028345784128221 0.11965073807468841 41.500000000000007 0.78489147622370725 8.5000000000000018 0.39748410818371033 1.1208370103904624 0.55091885801998786 1.1423082250056258 0.75827290089012578 0.84336722861961222 0.78861937193677656 21.500000000000004 19.500000000000004
decision_type=2 8 2 2 2 10 2 2 2 2 8 2 2 2
left_child=2 -2 3 7 10 -6 11 -1 9 -4 -5 -7 13 -9
right_child=1 -3 8 4 5 6 -8 12 -10 -11 -12 -13 -14 -15
leaf_value=-0.0085234960926680869 0.0011280834648310196 0.014794222036837985 0.0012937341148473477 -0.0010225222101729438 0.00087917778932020997 0.011882785404230536 -0.003808808555789538 -0.00055438451194592716 -0.012877162662111358 -0.0084116566656628478 0.0076868162209452195 0.004976820451241596 0.0029078220409512173 -0.012274904093351857
leaf_weight=585 311 213 1028 6540 5207 1052 448 13725 266 509 349 1059 1803 430
leaf_count=585 311 213 1028 6540 5207 1052 448 13725 266 509 349 1059 1803 430
internal_value=3.3492e-05 0.00677054 -7.44903e-05 0.000128778 0.00114195 0.00266534 0.00629097 -0.000768842 -0.00358234 -0.0019372 -0.000576048 0.0084383 -0.000481986 -0.000914639
internal_weight=33525 524 33001 31198 14655 7766 2559 16543 1803 1537 6889 2111 15958 14155
internal_count=33525 524 33001 31198 14655 7766 2559 16543 1803 1537 6889 2111 15958 14155
is_linear=0
shrinkage=0.03


Tree=63
num_leaves=15
num_cat=0
split_feature=3 13 10 2 5 13 2 0 7 9 9 3 2 13
split_gain=33.87 52.6504 43.2741 40.9862 38.2028 78.5132 43.8579 39.0123 37.9195 31.4375 40.7136 40.4463 30.5796 28.023
threshold=0.8526315789473714 57.500000000000007 1.1361569567321046 0.71740532959326908 1.2550999069840933 26.500000000000004 0.76470588235293857 0.55023997933997915 0.19018141166391869 0.55091885801998786 0.59682812763071125 0.72043010752688308 0.71018403697649168 8.5000000000000018
decision_type=2 2 2 2 2 2 2 2 10 2 2 2 2 2
left_child=3 2 8 9 5 6 -4 -6 -2 -1 11 -11 -12 -9
right_child=1 -3 4 -5 7 -7 -8 13 -10 10 12 -13 -14 -15
leaf_value=-0.0066092356563537211 -0.0071729534493252924 -0.0095150310923822045 0.0083079547263108771 -0.0041612172087218662 0.00096329905599234187 0.022638554607258467 -0.0033754020518827334 0.00075697740913358491 0.0018734560591492353 0.0020915787230119292 -0.00032184334665419286 0.017302788489993583 0.01103177609672356 0.011623345468903933
leaf_weight=649 819 376 775 2569 6426 239 456 341 841 481 18481 230 211 570
leaf_count=649 819 376 775 2569 6426 239 456 341 841 481 18481 230 211 570
internal_value=6.33418e-05 0.00144151 0.00183945 -0.000597431 0.00267683 0.00708336 0.00398394 0.00178975 -0.00259794 -0.000139927 7.81085e-05 0.00709869 -0.000190765 0.00758225
internal_weight=33464 10843 10467 22621 8807 1470 1231 7337 1660 20052 19403 711 18692 911
internal_count=33464 10843 10467 22621 8807 1470 1231 7337 1660 20052 19403 711 18692 911
is_linear=0
shrinkage=0.03


Tree=64
num_leaves=15
num_cat=0
split_feature=12 8 13 13 7 6 0 8 11 14 6 6 13 13
split_gain=30.8485 33.3101 55.3217 58.2305 59.562 43.3154 41.5838 39.2735 43.2878 36.1702 31.7772 51.6777 34.8441 37.0393
threshold=0.097102134660517439 0.0028207252599396957 11.500000000000002 8.5000000000000018 -0.070145217871493817 1.4084203280439545 0.54657903309707179 0.034150524739914555 0.73776404711932353 1.0000000180025095e-35 0.34083464288720339 0.2256144157460345 38.500000000000007 21.500000000000004
decision_type=2 2 2 2 10 8 2 2 2 2 10 10 2 2
left_child=1 5 3 -3 -5 10 -4 -6 -9 -8 11 12 13 -1
right_child=-2 2 6 4 7 -7 9 8 -10 -11 -12 -13 -14 -15
leaf_value=-0.00095192680612605531 -0.0022401784905433275 0.0020252473659089915 -0.0020076454333750912 0.022970315676430861 0.002248211564298296 0.010107392151232648 0.010759255589127702 0.022397974726691125 0.0032270867677840057 0.00074009417541082796 -0.0048780352040387193 0.0065922546927380515 -0.0081238328746514842 0.0040475354695168322
leaf_weight=11536 4247 5621 4379 220 814 340 455 224 201 1102 1441 934 539 1503
leaf_count=11536 4247 5621 4379 220 814 340 455 224 201 1102 1441 934 539 1503
internal_value=0.000147821 0.000494175 0.00162542 0.00341532 0.00874558 -0.000409764 -0.000510516 0.00613762 0.0134742 0.00369305 -0.000637008 -0.000214352 -0.000684817 -0.00037431
internal_weight=33556 29309 13016 7080 1459 16293 5936 1239 425 1557 15953 14512 13578 13039
internal_count=33556 29309 13016 7080 1459 16293 5936 1239 425 1557 15953 14512 13578 13039
is_linear=0
shrinkage=0.03


Tree=65
num_leaves=15
num_cat=0
split_feature=3 13 1 7 13 13 10 2 11 0 7 4 3 9
split_gain=26.918 41.8342 42.6737 27.177 25.8123 37.3319 62.1997 42.8627 77.1853 37.7476 33.614 24.4765 31.7846 22.9172
threshold=0.8526315789473714 57.500000000000007 2.7623578649080631 0.57675405009180836 -3.4999999999999996 8.5000000000000018 2.2889676433501034 0.63636363636363813 0.33816133064831722 0.4909142238229583 0.67871660555727242 1.02636278111451 0.65876777251184826 0.84246074991028919
decision_type=2 2 2 10 2 2 2 2 2 2 10 2 2 2
left_child=11 2 4 -4 -2 6 -6 8 9 -7 -10 -1 -13 -8
right_child=1 -3 3 -5 5 7 13 -9 10 -11 -12 12 -14 -15
leaf_value=-0.00023551647955717618 0.01034108860554862 -0.0083579093475847979 0.018132730765038567 0.0042787730378040572 -0.002808953604892066 0.0018301691340047467 -0.0012058022732533097 0.0011843698336640224 0.0050867315638635563 0.016891439592220187 -0.010527997628351052 0.0038328034540841939 -0.0088846912308469753 0.010661949929790918
leaf_weight=21914 271 378 214 315 3399 201 209 4304 272 598 220 242 629 477
leaf_count=21914 271 378 214 315 3399 201 209 4304 272 598 220 242 629 477
internal_value=0.000153662 0.00138257 0.00173772 0.0100005 0.00129366 0.00103516 -0.00114442 0.00262611 0.00740955 0.0131375 -0.00193114 -0.00043214 -0.00534953 0.0070637
internal_weight=33643 10858 10480 529 9951 9680 4085 5595 1291 799 492 22785 871 686
internal_count=33643 10858 10480 529 9951 9680 4085 5595 1291 799 492 22785 871 686
is_linear=0
shrinkage=0.03


Tree=66
num_leaves=15
num_cat=0
split_feature=8 2 13 13 3 11 2 11 13 13 10 13 1 5
split_gain=33.6473 30.6817 36.7278 35.493 30.3889 34.6245 32.7865 31.5178 32.0766 32.1803 55.1103 43.2297 46.2044 37.601
threshold=0.046918107011675474 0.29793849712073989 11.500000000000002 8.5000000000000018 0.83333333333332649 -1.0253255411849902 0.61946902654867153 -0.80821597769267406 32.500000000000007 8.5000000000000018 2.2773283435310439 -2.4999999999999996 2.4797101697960384 0.91847303063450825
decision_type=2 2 2 2 2 2 2 2 2 2 2 2 2 2
left_child=4 -2 3 -3 -1 6 -6 -7 9 10 11 -9 -13 -11
right_child=1 2 -4 -5 5 7 -8 8 -10 13 -12 12 -14 -15
leaf_value=-0.0010833867173548136 -0.0051317112855613226 0.0054748983329026314 0.0011174913944154328 0.018897857834526802 0.012299266669276327 -0.0058300696643334132 0.0025568066330539313 0.0081684240972337962 -0.0044510688668621392 0.015622538440469382 0.007430166604213936 -0.0041525405189318789 0.010585232354700564 0.0024752736285576222
leaf_weight=19546 315 599 1035 251 380 739 1638 328 1003 202 640 2947 200 3709
leaf_count=19546 315 599 1035 251 380 739 1638 328 1003 202 640 2947 200 3709
internal_value=-0.000105958 0.00347607 0.00492428 0.00952595 -0.000357987 0.000844971 0.00441723 0.000105085 0.00059382 0.00122665 -0.00062519 -0.00211731 -0.00320061 0.0031734
internal_weight=33532 2200 1885 850 31332 11786 2018 9768 9029 8026 4115 3475 3147 3911
internal_count=33532 2200 1885 850 31332 11786 2018 9768 9029 8026 4115 3475 3147 3911
is_linear=0
shrinkage=0.03


Tree=67
num_leaves=15
num_cat=0
split_feature=2 8 12 9 10 9 12 10 4 13 12 13 11 1
split_gain=41.7469 31.4613 29.1754 27.7427 27.5216 24.789 33.087 43.0263 35.1233 36.7782 76.4263 45.6722 39.1838 57.0564
threshold=0.9205621086355088 0.046918107011675474 0.097102134660517439 1.2234642229910391 2.332658543780965 0.89642051988333538 0.068126973934275706 2.2121887367212261 0.81794579529915101 21.500000000000004 -0.032264518772108446 19.500000000000004 -0.086767220959282354 1.1685577024278739
decision_type=2 2 2 2 2 2 2 2 2 2 2 2 2 2
left_child=1 2 5 4 -3 6 8 -8 9 11 12 -1 13 -11
right_child=-2 3 -4 -5 -6 -7 7 -9 -10 10 -12 -13 -14 -15
leaf_value=0.00021707962457970633 0.0076073855912348861 0.003048182992249634 -0.0029788914759686126 -0.0061159333888981529 0.013629902436277916 -0.0013235594861813246 0.0026148391277314347 0.016791130812710216 -0.0047116923441001485 -0.0022184011184920864 0.00050672684181054628 -0.01050626406370382 0.02241169732356826 0.018095776410853338
leaf_weight=11431 616 1672 3723 248 251 10082 1154 227 1222 265 1740 364 224 228
leaf_count=11431 616 1672 3723 248 251 10082 1154 227 1222 265 1740 364 224 228
internal_value=-9.84595e-05 -0.000244179 -0.000491491 0.0032416 0.00446113 -0.000147215 0.000556612 0.00499722 0.000158817 0.000577932 0.00391302 -0.00011816 0.0121186 0.00726375
internal_weight=33447 32831 30660 2171 1923 26937 16855 1381 15474 14252 2457 11795 717 493
internal_count=33447 32831 30660 2171 1923 26937 16855 1381 15474 14252 2457 11795 717 493
is_linear=0
shrinkage=0.03


Tree=68
num_leaves=15
num_cat=0
split_feature=10 6 11 9 0 0 12 12 6 13 6 13 13 3
split_gain=24.6859 43.5466 33.0863 41.1599 55.4342 35.4331 64.8223 33.5065 33.9671 32.2082 31.2356 30.3156 48.0947 29.4349
threshold=1.691280481921243 -0.12645176304597724 -0.79539742159395044 0.88665886086038226 0.50657214230633585 0.5183633267611979 -0.010849358024821674 -0.020433033429161803 -0.011544582197583917 30.500000000000004 0.48022268532712281 21.500000000000004 25.500000000000004 0.81047657158101438
decision_type=2 10 2 2 2 2 2 2 10 2 10 2 2 2
left_child=1 9 10 4 -4 6 -6 -5 -9 -1 -3 -7 -13 -2
right_child=13 2 3 7 5 11 -8 8 -10 -11 -12 12 -14 -15
leaf_value=-0.0021029532158516268 -0.00030195566943333268 -0.0051080221765701893 -0.0011648171962765118 0.0022038615423119797 0.020046776810355871 0.0011442433634587439 0.0035473788435521881 0.0024880540798574639 -0.0054346302649821571 -0.0090950921996337201 0.0073893958642715354 0.019369742378969736 0.0031743590894516361 0.0023404890217462049
leaf_weight=5468 8925 1499 2346 1452 343 2069 565 644 1962 661 200 232 552 6593
leaf_count=5468 8925 1499 2346 1452 343 2069 565 644 1962 661 200 232 552 6593
internal_value=-5.55194e-05 -0.000811583 0.000249383 0.000897499 0.00245283 0.00470796 0.00985573 -0.0014433 -0.00347575 -0.00286384 -0.00361951 0.00305525 0.00805925 0.000821109
internal_weight=33511 17993 11864 10165 6107 3761 908 4058 2606 6129 1699 2853 784 15518
internal_count=33511 17993 11864 10165 6107 3761 908 4058 2606 6129 1699 2853 784 15518
is_linear=0
shrinkage=0.03


Tree=69
num_leaves=15
num_cat=0
split_feature=4 0 5 8 10 2 0 11 10 10 5 13 6 2
split_gain=33.9827 37.3148 41.4668 34.5826 35.7571 35.7431 29.4807 28.7954 28.7216 31.0715 40.5418 34.1802 28.9261 27.7195
threshold=0.47991114280532371 0.48713752246750591 2.8967115580435951 0.046918107011675474 1.6160911824034543 0.55729166666666763 0.52362387539158406 0.55396840402214331 1.0450793040773829 1.5586456745826089 1.3975164229509265 18.500000000000004 -0.056605704992882748 0.65501540041067718
decision_type=2 2 2 2 2 2 2 2 2 2 2 2 10 2
left_child=3 -2 8 -1 -5 -6 7 -4 12 -10 11 -11 -3 -9
right_child=1 2 6 4 5 -7 -8 13 9 10 -12 -13 -14 -15
leaf_value=1.0528998197177915e-05 -0.0079891767852936241 -0.014090024576218829 0.005996526722613092 0.00015633517267080407 0.0035770260569880268 0.016146504682425056 0.0069057038085055906 0.0034114339926325883 0.0012557014811192804 -0.003714188541483691 -0.0056883991029563086 0.0092977358593509113 -0.0021515976219245838 -0.0094518633747076846
leaf_weight=23414 814 357 356 871 494 346 817 239 1942 376 2171 343 373 394
leaf_count=23414 814 357 356 871 494 346 817 239 1942 376 2171 343 373 394
internal_value=-0.000235093 -0.00191368 -0.00123751 0.000311814 0.00442267 0.00881936 0.00270697 -0.00077883 -0.00251958 -0.0016772 -0.00364679 0.00251451 -0.00804611 -0.00460643
internal_weight=33307 8182 7368 25125 1711 840 1806 989 5562 4832 2890 719 730 633
internal_count=33307 8182 7368 25125 1711 840 1806 989 5562 4832 2890 719 730 633
is_linear=0
shrinkage=0.03


Tree=70
num_leaves=15
num_cat=0
split_feature=12 8 11 9 3 4 7 5 12 10 9 10 10 3
split_gain=35.5028 24.802 52.6992 27.0171 33.7961 41.0903 53.2248 38.9368 37.1475 35.2175 40.9467 31.0542 32.9294 29.7589
threshold=0.10727832259735144 0.02083767861397098 -0.66414465494232522 1.2066528560021363 0.63842719780219814 0.886612319793325 0.70628174645488029 2.4335310865527457 0.055703708931873049 1.7282337527450073 0.90422240350449579 1.0200836877930628 1.397097318711553 0.77146524848707132
decision_type=2 2 2 2 2 2 10 2 2 2 2 2 2 2
left_child=1 -1 -3 4 8 6 7 9 -4 10 11 -6 -13 -8
right_child=-2 2 3 -5 5 -7 13 -9 -10 -11 -12 12 -14 -15
leaf_value=-0.00010178077137816244 -0.00270791644354657 -0.0031069869881407137 0.0044347513998098187 -0.0021641844203742055 -4.410023438847727e-05 -0.0085100106107071048 -0.008149767103238087 0.0016346339617485158 0.01409186334470996 0.017964385993474601 -0.0030718024648797855 0.019242131151258945 0.0045275266166729267 0.002184236020370222
leaf_weight=21561 3627 1570 1303 801 211 295 490 1412 494 289 306 343 232 505
leaf_count=21561 3627 1570 1303 801 211 295 490 1412 494 289 306 343 232 505
internal_value=9.24997e-05 0.000433602 0.00183185 0.0029939 0.0036978 0.00218421 0.00302717 0.00514733 0.00712125 0.00872003 0.00620276 0.00981006 0.0133953 -0.00292017
internal_weight=33439 29812 8251 6681 5880 4083 3788 2793 1797 1381 1092 786 575 995
internal_count=33439 29812 8251 6681 5880 4083 3788 2793 1797 1381 1092 786 575 995
is_linear=0
shrinkage=0.03


Tree=71
num_leaves=15
num_cat=0
split_feature=2 6 0 4 4 13 9 5 2 3 13 3 13 6
split_gain=31.0918 41.5252 28.4083 42.8223 31.5903 30.9144 43.4705 39.027 36.6771 68.1067 54.9766 40.9997 47.781 37.0966
threshold=0.9205621086355088 -0.12207273330400385 0.48470490798635862 0.49503550251981587 0.31978291822687982 8.5000000000000018 0.93217886386019944 3.4893510294921186 0.63880006902498343 0.76923076923077227 21.500000000000004 0.75000000000000411 56.500000000000007 -0.20150313929606709
decision_type=2 8 2 2 2 2 2 2 2 2 2 2 2 10
left_child=2 -2 3 4 -1 7 8 -4 9 10 -7 -10 13 -13
right_child=1 -3 5 -5 -6 6 -8 -9 11 -11 -12 12 -14 -15
leaf_value=-0.0024330647972296512 -0.0044881624613474147 0.011871972780056715 -0.001409538143501648 -0.009670860983306568 0.0049274994071319151 -0.0006277768718006097 -0.0012032523012670321 0.0036591386015560209 -0.006555069311316792 0.0095757491827515688 0.0076064492248159908 -0.0020754553477685799 -0.0090948694179703356 0.0042655597958059987
leaf_weight=3117 204 423 12187 622 626 2444 4813 1535 647 1443 1035 1165 347 2864
leaf_count=3117 204 423 12187 622 626 2444 4813 1535 647 1443 1035 1165 347 2864
internal_value=-3.5285e-05 0.00655566 -0.000162083 -0.00241428 -0.00119711 0.000183465 0.00113635 -0.000841409 0.00226867 0.00410777 0.0018293 0.000464262 0.00150838 0.00243173
internal_weight=33472 627 32845 4365 3743 28480 14758 13722 9945 4922 3479 5023 4376 4029
internal_count=33472 627 32845 4365 3743 28480 14758 13722 9945 4922 3479 5023 4376 4029
is_linear=0
shrinkage=0.03


Tree=72
num_leaves=15
num_cat=0
split_feature=2 6 7 7 0 6 6 11 13 13 11 12 12 12
split_gain=27.2657 49.3147 22.3838 39.1836 36.4944 35.7947 40.8599 33.6143 44.6446 30.7982 42.1388 33.2183 37.5647 28.8209
threshold=0.92889619546151903 -0.063451139465191916 0.41288273752814153 0.42428904044908217 0.55163641171411737 -0.39236275715008978 -0.33237710102824913 -0.98924481964251298 8.5000000000000018 17.500000000000004 0.69920283111907466 -0.0045907764033266676 0.0082709797616788445 0.090038093295672542
decision_type=2 8 8 8 2 10 10 2 2 2 2 2 2 2
left_child=2 -2 4 -4 9 7 -7 -5 -9 10 11 -1 -13 -12
right_child=1 -3 3 5 -6 6 -8 8 -10 -11 13 12 -14 -15
leaf_value=-0.0045907076249399881 -0.0047205707320160618 0.014236762043028588 0.011706499470968308 0.016366946394123682 0.0025793939493959344 -0.0076485471820342344 0.00016260441608243948 -0.0030101453219388472 0.0099832779320130852 -0.0039866741570927242 0.0045499051894402551 0.007875326402232723 -0.001397753422990298 -0.0051731186295382496
leaf_weight=2541 202 305 266 200 1946 619 17663 516 434 3985 1691 465 2400 323
leaf_count=2541 202 305 266 200 1946 619 17663 516 434 3985 1691 465 2400 323
internal_value=-0.000158643 0.0067114 -0.000265035 0.000377722 -0.00121314 0.000219674 -0.000103888 0.00534164 0.00294699 -0.0018611 -0.000717613 -0.00209723 0.000118399 0.0029816
internal_weight=33556 507 33049 19698 13351 19432 18282 1150 950 11405 7420 5406 2865 2014
internal_count=33556 507 33049 19698 13351 19432 18282 1150 950 11405 7420 5406 2865 2014
is_linear=0
shrinkage=0.03


Tree=73
num_leaves=15
num_cat=0
split_feature=3 13 13 6 2 2 5 13 2 2 9 3 2 9
split_gain=26.8748 38.6819 38.8857 33.7296 31.9558 31.209 37.4915 45.8946 74.1064 24.7723 28.5236 24.4975 24.4344 31.2541
threshold=0.8526315789473714 57.500000000000007 8.5000000000000018 -0.36647449451903835 0.9205621086355088 0.63414634146341353 1.3975164229509265 26.500000000000004 0.50857325857325819 0.75167914126956104 0.74815465194282493 0.93980707295924926 0.71740532959326908 0.56321747782637599
decision_type=2 2 2 10 2 2 2 2 2 2 2 2 2 2
left_child=12 2 3 -2 9 6 -4 8 -8 10 11 -5 13 -1
right_child=1 -3 5 4 -6 -7 7 -9 -10 -11 -12 -13 -14 -15
leaf_value=-0.0061219035471031759 0.009141094084270298 -0.0080796190661649343 0.016167560023573873 -0.0012008865770648221 0.0096921968064168345 0.0019395993049429615 -0.0019053660782684726 -0.0083459122487325749 0.016667717923551345 -0.0048595216611834347 0.002002654066783184 -0.012935045940660628 -0.0034329014483817847 -8.8988123841520259e-05
leaf_weight=800 295 390 314 493 222 4541 376 201 391 1544 1786 233 2571 19356
leaf_count=800 295 390 314 493 222 4541 376 201 391 1544 1786 233 2571 19356
internal_value=-9.63757e-05 0.00113649 0.00148594 -0.000584266 -0.00126479 0.00311086 0.00723595 0.00427052 0.00760942 -0.0018757 -3.56889e-05 -0.00502952 -0.000681602 -0.000329896
internal_weight=33513 10786 10396 4573 4278 5823 1282 968 767 4056 2512 726 22727 20156
internal_count=33513 10786 10396 4573 4278 5823 1282 968 767 4056 2512 726 22727 20156
is_linear=0
shrinkage=0.03


Tree=74
num_leaves=15
num_cat=0
split_feature=8 1 7 1 9 7 11 3 12 8 5 11 8 4
split_gain=24.6947 38.4312 36.9383 35.0276 38.7546 34.2894 47.5057 39.9562 44.8907 90.8538 32.1962 32.1388 56.7876 36.1094
threshold=0.014058927416281021 0.60699514873994131 -0.29430255133067468 4.3447566454383768 1.3415662015545811 0.34576146618006087 -1.2284655704079199 0.81047657158101438 0.011629258489670226 -0.038863167110284987 1.4459482581228522 0.088345891460375497 -0.02972319860161737 0.39083863514335027
decision_type=2 2 8 2 2 10 2 2 2 2 2 2 2 2
left_child=1 -1 -3 4 -2 6 -4 -7 11 -10 -11 12 -9 -14
right_child=3 2 5 -5 -6 7 -8 8 9 10 -12 -13 13 -15
leaf_value=-0.0032398337029809678 0.0012478136738406716 0.0083419458743172713 0.0043439747262037833 0.01243287742190736 -0.0057947415841743347 -0.00052947179269970698 -0.0034954330564578792 0.00068322841280673836 0.016141284868503226 0.0064821365301201981 -0.006633782586133158 0.0015393736871706994 0.018034929958793265 0.0044952272435443271
leaf_weight=4157 11292 457 821 233 745 7862 4422 473 229 200 957 877 557 265
leaf_count=4157 11292 457 821 233 745 7862 4422 473 229 200 957 877 557 265
internal_value=-3.61931e-05 -0.000654256 -2.56749e-05 0.0010354 0.000809707 -0.000257599 -0.00226489 0.000664551 0.00329999 -0.000917182 -0.00434842 0.00598698 0.00898148 0.0137235
internal_weight=33547 21277 17120 12270 12037 16663 5243 11420 3558 1386 1157 2172 1295 822
internal_count=33547 21277 17120 12270 12037 16663 5243 11420 3558 1386 1157 2172 1295 822
is_linear=0
shrinkage=0.03


Tree=75
num_leaves=15
num_cat=0
split_feature=13 13 7 8 2 2 5 14 2 8 11 13 0 2
split_gain=25.2296 69.7576 43.7702 48.233 44.2728 39.3401 37.078 34.6853 27.7048 27.9234 27.2515 26.7233 25.3858 25.1373
threshold=32.500000000000007 23.500000000000004 0.30119368523309092 0.022898286887400334 0.76785714285714635 0.53444926927207337 1.0070524530150513 1.0000000180025095e-35 0.90028513172110547 -0.0056711092106681285 -1.8545869309529168 27.500000000000004 0.50158612774228717 0.86567164179104461
decision_type=2 2 10 2 2 2 2 2 2 2 2 2 2 2
left_child=1 8 4 5 -3 -4 -2 -7 10 -10 12 -6 -1 -8
right_child=6 2 3 -5 11 7 13 -9 9 -11 -12 -13 -14 -15
leaf_value=0.0015249710215588484 0.0081096741689576039 -0.0044413422472497832 -0.0031751636961317681 0.016016785414699166 0.00050779067813640547 0.016872506279713519 -0.0025448912895530171 0.00099241478158080057 0.00077653689202264236 0.012413359915777659 -0.00013823579507498597 0.013003337787591673 -0.010151503382418259 -0.01164250619400062
leaf_weight=258 265 657 362 504 310 272 2552 225 462 306 26373 302 467 302
leaf_count=258 265 657 362 504 310 272 2552 225 462 306 26373 302 467 302
internal_value=4.15042e-05 0.000304474 0.00496815 0.00869093 0.000951185 0.00432483 -0.00252622 0.00976482 -0.000136831 0.00546339 -0.000296529 0.0067293 -0.0060143 -0.00352625
internal_weight=33617 30498 2632 1363 1269 859 3119 497 27866 768 27098 612 725 2854
internal_count=33617 30498 2632 1363 1269 859 3119 497 27866 768 27098 612 725 2854
is_linear=0
shrinkage=0.03


Tree=76
num_leaves=15
num_cat=0
split_feature=8 1 2 2 0 0 10 6 5 5 6 1 2 5
split_gain=25.7488 27.3722 23.7487 38.4412 32.8802 27.7626 37.5418 27.3622 60.0621 42.3134 26.6516 24.6416 24.3682 25.5978
threshold=0.046918107011675474 2.154987471267559 0.63880006902498343 0.60780849442250384 0.53154275445201538 0.5150659946761118 1.1629358865175987 -0.40300076669809215 1.6351556578082098 2.5472719417034377 -0.32661863717113776 1.2291660269343614 0.9205621086355088 0.75689497566331043
decision_type=2 2 2 2 2 2 2 10 2 2 10 2 2 2
left_child=2 -2 3 7 -5 6 11 8 -1 -10 -9 -4 13 -8
right_child=1 -3 5 4 -6 -7 12 10 9 -11 -12 -13 -14 -15
leaf_value=0.013265350569610737 0.0044731072022968429 -0.0053230477432071261 -0.0049381667752855163 0.0021987824808868267 0.011761053595544172 5.3582352765821799e-05 0.0076965240575373167 -0.0059955847111454793 -0.0084105789516473843 0.007586225340611214 3.8240068159891806e-05 -0.015727587544548137 0.0080891557506909337 -0.0027192514624061522
leaf_weight=432 1916 292 594 1120 452 7037 219 683 333 261 15544 281 213 4163
leaf_count=432 1916 292 594 1120 452 7037 219 683 333 261 15544 281 213 4163
internal_value=4.10484e-05 0.0031685 -0.000179817 0.000493371 0.00497681 -0.00119286 -0.00279497 8.3541e-05 0.00482262 -0.00137703 -0.000217494 -0.00847279 -0.00170574 -0.00219052
internal_weight=33540 2208 31332 18825 1572 12507 5470 17253 1026 594 16227 875 4595 4382
internal_count=33540 2208 31332 18825 1572 12507 5470 17253 1026 594 16227 875 4595 4382
is_linear=0
shrinkage=0.03


Tree=77
num_leaves=15
num_cat=0
split_feature=4 2 8 0 8 13 12 12 9 1 6 8 13 0
split_gain=25.6779 32.0928 25.3294 35.4185 26.5368 22.4507 22.0971 27.5131 21.6069 20.3922 36.0708 44.3255 39.6937 34.6
threshold=0.47507041608166328 0.92889619546151903 0.046918107011675474 0.55023997933997915 0.051588982388429468 41.500000000000007 0.097102134660517439 0.08678903689504576 0.55791268308252273 1.1250208119755574 -0.39236275715008978 -0.0033442867153445884 27.500000000000004 0.45206898837852921
decision_type=2 2 2 2 2 2 2 2 2 2 10 2 2 2
left_child=2 5 6 4 -4 8 7 9 -2 10 -1 12 13 -12
right_child=1 -3 3 -5 -6 -7 -8 -9 -10 -11 11 -13 -14 -15
leaf_value=0.0053171561356237457 -0.010234679247142147 0.008852343650857129 0.0075662801267103626 0.01026918972738915 -0.0020785669801687751 -0.0063630145119126201 -0.0025667852863806525 0.0074649295167970916 -0.0010041353896185136 0.0015988484194735767 0.0068302690561304422 0.0010713527962877987 0.0082896987023307195 -0.0034833218213155565
leaf_weight=920 231 255 371 535 805 882 2440 486 7024 6946 303 5908 289 6084
leaf_count=920 231 255 371 535 805 882 2440 486 7024 6946 303 5908 289 6084
internal_value=-9.02485e-05 -0.00152624 0.000390322 0.0039083 0.000983304 -0.00185672 0.000132044 0.000447118 -0.00130488 0.000278554 -0.000400901 -0.000820887 -0.00249499 -0.00298908
internal_weight=33479 8392 25087 1711 1176 8137 23376 20936 7255 20450 13504 12584 6676 6387
internal_count=33479 8392 25087 1711 1176 8137 23376 20936 7255 20450 13504 12584 6676 6387
is_linear=0
shrinkage=0.03


Tree=78
num_leaves=15
num_cat=0
split_feature=2 6 8 12 4 12 6 6 13 4 6 13 13 1
split_gain=23.4405 38.7952 20.9288 18.3208 23.9347 31.1749 22.965 51.3157 36.7378 28.475 22.4484 34.4194 32.3407 29.0052
threshold=0.92889619546151903 -0.058602945108426611 0.06729662155389933 0.097102134660517439 0.52221265111850401 0.088212722694750459 0.33361369497160892 0.28654997494956497 37.500000000000007 0.55203454937247265 -0.40300076669809215 19.500000000000004 9.5000000000000018 1.3750734994836729
decision_type=2 8 2 2 2 2 10 8 2 2 10 2 2 2
left_child=2 -2 3 4 5 10 7 8 9 -6 11 12 -1 -12
right_child=1 -3 -4 -5 6 -7 -8 -9 -10 -11 13 -13 -14 -15
leaf_value=0.003072469954519728 -0.0032675123679655367 0.013503766322596552 0.0069092305281838748 -0.001950297212919115 -0.0074626518342373596 0.0082874461466035682 -0.0068711299702341458 0.013609654844398677 -0.0080653177707654122 0.00041106566892024256 -0.00039206376324069976 -0.0046573321348699478 0.014760198818723525 0.0022301011948667742
leaf_weight=615 211 291 384 4155 460 462 644 206 658 3720 16119 286 324 4961
leaf_count=615 211 291 384 4155 460 462 644 206 658 3720 16119 286 324 4961
internal_value=9.01728e-05 0.00649178 -8.19583e-06 -9.06989e-05 0.000181135 0.000616065 -0.00155875 -0.000874348 -0.00150448 -0.000463301 0.000455347 0.00439492 0.00716212 0.000225423
internal_weight=33496 502 32994 32610 28455 22767 5688 5044 4838 4180 22305 1225 939 21080
internal_count=33496 502 32994 32610 28455 22767 5688 5044 4838 4180 22305 1225 939 21080
is_linear=0
shrinkage=0.03


Tree=79
num_leaves=15
num_cat=0
split_feature=13 9 9 13 13 9 14 0 13 7 13 13 3 5
split_gain=25.8743 37.8086 26.0289 27.054 36.4932 64.3244 71.8882 46.0109 36.1875 34.4344 41.7684 34.2725 77.3187 41.2061
threshold=34.500000000000007 0.55791268308252273 0.57981798101528637 23.500000000000004 17.500000000000004 0.67150590953548905 1.0000000180025095e-35 0.55397936383541724 24.500000000000004 0.62270431077069222 27.500000000000004 8.5000000000000018 0.78489147622370725 1.458071700384278
decision_type=2 2 2 2 2 2 2 2 2 10 2 2 2 2
left_child=1 -1 -3 4 11 6 -6 -7 -5 -10 -11 -4 13 -13
right_child=-2 2 3 8 5 7 -8 -9 9 10 -12 12 -14 -15
leaf_value=-0.0051607156690448332 -0.0027429377671281145 0.0073707946189378775 -0.00028662169061575136 0.015189885552972553 0.020435753734691916 -0.0062538598642798513 -0.0038945302116744061 0.0081827272163474407 0.00023808813545798854 0.016053264839928361 0.0013255761072749409 0.0047598758916552221 0.0052538493208527919 -0.0022919390913400477
leaf_weight=1074 2625 491 15701 205 201 2208 230 214 1994 311 386 964 3756 3233
leaf_count=1074 2625 491 15701 205 201 2208 230 214 1994 311 386 964 3756 3233
internal_value=0.000113887 0.000356449 0.000555494 0.000440451 0.000139403 -0.00306271 0.00755631 -0.00496406 0.00319095 0.0022504 0.00796458 0.000526187 0.00213003 -0.000668486
internal_weight=33593 30968 29894 29403 26507 2853 431 2422 2896 2691 697 23654 7953 4197
internal_count=33593 30968 29894 29403 26507 2853 431 2422 2896 2691 697 23654 7953 4197
is_linear=0
shrinkage=0.03


Tree=80
num_leaves=15
num_cat=0
split_feature=10 7 8 6 1 10 6 9 4 7 6 8 6 4
split_gain=23.2093 19.4212 18.9366 43.444 31.098 30.7211 29.5608 33.8635 37.8207 27.7802 26.4727 25.5369 25.0855 31.344
threshold=3.2035166688729331 0.66496973793669267 0.00094030894689341052 -0.59511045898302484 0.86206073352054158 1.8916040423978078 -0.25674251356949701 0.89881092477752023 0.37840347781806594 0.1843125130083938 -0.5249052064035501 0.0074985935641921986 0.035996812325222678 0.057274068013566624
decision_type=2 10 2 10 2 2 10 2 2 10 10 2 10 2
left_child=2 -2 3 -1 5 6 9 8 -8 -4 -6 -7 13 -12
right_child=1 -3 4 -5 10 11 7 -9 -10 -11 12 -13 -14 -15
leaf_value=0.0096223531004327994 0.00082815596480902869 0.012422570739872752 0.0027124798059543617 -0.0010427320848058574 -0.010350292621790862 0.01451356318070594 0.0025707749928683362 -0.0012073911058909871 0.012735277640161817 -0.0094753915901211183 0.0077477907144066355 0.0041295896657392922 -0.0021182238175447891 0.00030067410437847533
leaf_weight=346 280 239 274 16709 233 246 1871 1719 396 424 561 1476 3739 5025
leaf_count=346 280 239 274 16709 233 246 1871 1719 396 424 561 1476 3739 5025
internal_value=-2.92539e-05 0.00623498 -0.000128646 -0.00082361 0.000613838 0.00223035 0.000968206 0.00196644 0.00437043 -0.00470578 -0.000470183 0.00565074 -0.000217898 0.00105485
internal_weight=33538 519 33019 17055 15964 6406 4684 3986 2267 698 9558 1722 9325 5586
internal_count=33538 519 33019 17055 15964 6406 4684 3986 2267 698 9558 1722 9325 5586
is_linear=0
shrinkage=0.03


Tree=81
num_leaves=15
num_cat=0
split_feature=10 6 6 5 0 12 13 11 6 11 1 11 8 0
split_gain=23.9037 42.1028 37.5419 29.7937 41.4884 25.7965 38.4925 50.8667 35.9736 33.718 29.2393 28.7857 45.9014 29.9837
threshold=1.7485031182329245 -0.22990247675488726 -0.10059768169328913 1.4459482581228522 0.502753953925274 -0.024328835055474892 27.500000000000004 0.20231443131343876 0.10254248214331753 -0.79539742159395044 1.5096117283425221 0.47501761592889746 -0.021869333604655556 0.5063059493713683
decision_type=2 10 10 2 2 2 2 2 10 2 2 2 2 2
left_child=2 3 -1 4 -2 6 7 -4 9 -7 -9 13 -13 -11
right_child=1 -3 5 -5 -6 8 -8 10 -10 11 -12 12 -14 -15
leaf_value=-0.0021849118472415815 3.8042493164539336e-05 0.00032289673629726267 -0.0011941625055907703 0.0027152366274755626 0.015842094797722615 -0.0057027208187565119 0.012193853062387017 0.0043701445040966935 -0.0024748092484547291 -0.00035749923579206318 0.016719431154429913 0.0096804154399490229 -0.0032989922418044161 0.0069579572812369225
leaf_weight=7362 235 11551 2089 2102 406 512 339 1008 3907 746 205 301 1230 1548
leaf_count=7362 235 11551 2089 2102 406 512 339 1008 3907 746 205 301 1230 1548
internal_value=0.000187919 0.00111705 -0.000502217 0.0044546 0.0100932 0.000540586 0.00264184 0.00164423 -0.000388481 0.00149168 0.00651727 0.00246088 -0.00072399 0.0045834
internal_weight=33541 14294 19247 2743 641 11885 3641 3302 8244 4337 1213 3825 1531 2294
internal_count=33541 14294 19247 2743 641 11885 3641 3302 8244 4337 1213 3825 1531 2294
is_linear=0
shrinkage=0.03


Tree=82
num_leaves=15
num_cat=0
split_feature=10 13 13 4 3 13 0 6 6 2 5 12 8 11
split_gain=21.4939 17.0731 32.587 35.2394 32.4877 37.7985 34.1058 29.8056 38.4448 35.5797 35.5009 36.1402 29.0571 26.7866
threshold=3.2035166688729331 17.500000000000004 21.500000000000004 0.97252320963946615 0.84105960264900614 13.500000000000002 0.54080796621268135 0.0074547984362360884 -0.046618718766441407 0.89546977217321166 2.3437414515347732 0.033370192645806547 -0.028296898439458481 -1.9209971490880242
decision_type=2 2 2 2 2 2 2 10 8 2 2 2 2 2
left_child=1 4 -3 13 -1 7 -7 8 9 10 11 12 -6 -4
right_child=-2 2 3 -5 5 6 -8 -9 -10 -11 -12 -13 -14 -15
leaf_value=-0.00037677646668517922 0.0060233494619936195 -0.0043230795562590879 0.011359030564939513 -0.0060189228741960085 -0.0055171156979975152 0.0045739256447158393 0.018314686277472392 -0.00099464254330374272 0.0088228321340131123 -0.0096916676479158921 0.0063116751250516905 -0.0081026113700340772 0.0054986224840098191 0.00033607791171495652
leaf_weight=16574 531 2204 201 787 300 815 200 3110 793 235 1148 420 732 5397
leaf_count=16574 531 2204 201 787 300 815 200 3110 793 235 1148 420 732 5397
internal_value=6.41419e-05 -3.28921e-05 -0.00118236 -9.57017e-05 0.000373104 0.00197537 0.00735797 0.0011597 0.00300527 0.00136532 0.00238139 -0.000737025 0.00228521 0.000741648
internal_weight=33447 32916 8589 6385 24327 7753 1015 6738 3628 2835 2600 1452 1032 5598
internal_count=33447 32916 8589 6385 24327 7753 1015 6738 3628 2835 2600 1452 1032 5598
is_linear=0
shrinkage=0.03


Tree=83
num_leaves=15
num_cat=0
split_feature=3 8 1 10 9 11 3 8 7 0 0 7 11 10
split_gain=18.755 34.4895 32.6826 25.6295 24.436 27.0641 39.1963 21.1737 24.8827 22.243 28.41 20.1636 36.197 34.4853
threshold=0.85455715455715786 0.038047075259114944 2.9678204238675288 1.8130427830778848 1.0551338204624434 0.48694784651470474 0.90314453050720822 -0.047289646088979474 0.67871660555727242 0.49870682157820834 0.47727067579109855 0.22590274703663002 -1.2055027014547206 1.2538151639290083
decision_type=2 2 2 2 2 2 2 2 10 2 2 8 2 2
left_child=7 2 11 -4 5 6 -3 8 -1 10 -10 13 -13 -2
right_child=1 4 3 -5 -6 -7 -8 -9 9 -11 -12 12 -14 -15
leaf_value=-0.008730081331559442 -0.0057349588877183607 0.017613142466490171 0.015584853862611841 0.0019087430672827439 0.014355236806413705 -0.0032813341325769823 0.00090574023232442655 -0.00014365036168041153 -0.0047825765986652937 -0.0080100471689783237 0.0086591996218670503 0.009325986103972464 0.00068007895227749013 0.00023041481945440436
leaf_weight=572 1128 212 219 278 250 310 304 21316 250 246 314 487 3825 3787
leaf_count=572 1128 212 219 278 250 310 304 21316 250 246 314 487 3825 3787
internal_value=0.000112269 0.00114106 0.000575629 0.00803024 0.00622469 0.0036923 0.00787318 -0.000377387 -0.00396903 -0.000573981 0.0027113 0.000169964 0.00166622 -0.00114308
internal_weight=33498 10800 9724 497 1076 826 516 22698 1382 810 564 9227 4312 4915
internal_count=33498 10800 9724 497 1076 826 516 22698 1382 810 564 9227 4312 4915
is_linear=0
shrinkage=0.03


Tree=84
num_leaves=15
num_cat=0
split_feature=12 9 9 11 11 4 0 4 3 7 7 0 12 0
split_gain=30.8985 19.6198 27.7354 26.4533 23.4943 35.1209 32.5198 27.5043 26.9723 22.3508 45.1866 18.68 28.2951 18.5179
threshold=0.10727832259735144 0.55791268308252273 0.57981798101528637 -0.97187967405288778 0.31297099362554642 0.25437732664691087 0.54080796621268135 0.29138149651688511 0.35891561518720289 1.2852899857599513 0.70628174645488029 0.54510103380280728 0.02026859786183938 0.49870682157820834
decision_type=2 2 2 2 2 2 2 2 2 10 8 2 2 2
left_child=1 3 -3 -1 -4 8 7 -7 -6 10 -10 -8 -13 -9
right_child=-2 2 4 -5 5 6 11 13 9 -11 -12 12 -14 -15
leaf_value=0.0058460505310186112 -0.0025856742379644724 0.0074090835798929612 -0.00033962777218030007 -0.0059201904296838637 -0.0041479019124446249 -0.0080171824182639732 0.012102979571389203 0.0026319473420476744 0.0050780099885925018 0.0070041720712907991 -0.0013417250017926669 -0.0027868516736572497 0.0075466264031060467 -0.0018476114341639074
leaf_weight=210 3585 510 16614 866 430 497 215 1156 2475 1326 1636 474 471 2914
leaf_count=210 3585 510 16614 866 430 497 215 1156 2475 1326 1636 474 471 2914
internal_value=4.36435e-05 0.0003604 0.000509666 -0.00360739 0.000383634 0.00141976 -0.000251599 -0.00139154 0.00305005 0.00362261 0.00252471 0.00422313 0.0023761 -0.000573616
internal_weight=33379 29794 28718 1076 28208 11594 5727 4567 5867 5437 4111 1160 945 4070
internal_count=33379 29794 28718 1076 28208 11594 5727 4567 5867 5437 4111 1160 945 4070
is_linear=0
shrinkage=0.03


Tree=85
num_leaves=15
num_cat=0
split_feature=8 3 2 13 11 13 14 13 3 7 11 8 12 8
split_gain=23.0176 22.1299 26.8859 26.8322 22.3539 47.642 35.5234 34.9898 31.727 27.0911 48.5692 66.2999 34.6659 37.9211
threshold=0.06729662155389933 0.85937499999999678 0.79166666666666707 57.500000000000007 -1.0253255411849902 27.500000000000004 1.0000000180025095e-35 -3.4999999999999996 0.92206715341043866 0.36804619394746801 0.17925883641151308 -0.028616678286353833 0.033370192645806547 -0.034820722439950727
decision_type=2 2 2 2 2 2 2 2 2 10 2 2 2 2
left_child=1 2 -1 4 5 6 -3 -6 -8 -9 12 -12 13 -11
right_child=-2 3 -4 -5 7 -7 8 9 -10 10 11 -13 -14 -15
leaf_value=-0.00042029517240781453 0.0073899338556826111 0.0058445005272476265 -0.0063718239777681828 -0.0067251108230350059 0.011440390998399571 0.015086208022270755 -0.012322832442915592 -0.00098385779741497962 0.0027934651393443344 -0.0013748170466909946 0.0098343995715243892 -0.0042848182366669258 -0.00055638441364006951 0.013073414498912132
leaf_weight=22081 370 834 700 377 261 309 229 4940 265 208 390 1231 403 744
leaf_count=22081 370 834 700 377 261 309 229 4940 265 208 390 1231 403 744
internal_value=-6.77059e-07 -8.47197e-05 -0.000604528 0.00107699 0.00137997 0.00457448 0.00208119 0.000738043 -0.00426715 0.000378175 0.00263693 -0.000868049 0.00681775 0.00992597
internal_weight=33342 32972 22781 10191 9814 1637 1328 8177 494 7916 2976 1621 1355 952
internal_count=33342 32972 22781 10191 9814 1637 1328 8177 494 7916 2976 1621 1355 952
is_linear=0
shrinkage=0.03


Tree=86
num_leaves=15
num_cat=0
split_feature=8 6 10 1 6 6 7 9 12 9 6 13 13 6
split_gain=26.4788 34.4478 45.1543 35.2868 32.8897 28.3763 32.0567 31.1892 28.0658 27.8465 29.4868 35.8175 60.694 52.39
threshold=0.00094030894689341052 0.063490826420744675 3.080709177486924 1.8580802713079081 -0.59511045898302484 0.28654997494956497 0.9834902961517199 1.1758081229092729 0.097102134660517439 1.3867441247541088 0.29991030354395948 34.500000000000007 21.500000000000004 0.002806754242956067
decision_type=2 8 2 2 10 10 8 2 2 2 10 2 2 10
left_child=4 2 -2 5 -1 8 7 -7 -3 10 11 12 -6 -14
right_child=1 3 -4 -5 9 6 -8 -9 -10 -11 -12 -13 13 -15
leaf_value=0.0084501485526561736 0.0017735734904107702 -0.00036873492997040923 0.014816413236097717 -0.0062194314440604396 -0.00092751209251465058 0.0072429502358461175 -0.0040091766807599924 -0.0019851649496539503 -0.0079747325905074173 0.0065398612101326874 -0.0044553928227601715 -0.0072845186223411719 0.0018693634942540103 0.01455294854395341
leaf_weight=343 9785 2673 240 901 12472 1231 475 447 517 440 2022 681 987 413
leaf_count=343 9785 2673 240 901 12472 1231 475 447 517 440 2022 681 987 413
internal_value=0.000134586 0.00100398 0.00209305 -0.000744839 -0.00068032 0.000183303 0.00284087 0.00478609 -0.00161198 -0.000866807 -0.00106534 -0.000592953 -0.000261946 0.0056495
internal_weight=33627 16269 10025 6244 17358 5343 2153 1678 3190 17015 16575 14553 13872 1400
internal_count=33627 16269 10025 6244 17358 5343 2153 1678 3190 17015 16575 14553 13872 1400
is_linear=0
shrinkage=0.03


Tree=87
num_leaves=15
num_cat=0
split_feature=5 8 6 12 11 11 10 6 6 5 3 7 6 8
split_gain=17.2756 18.857 33.483 18.2052 20.7971 33.8921 32.5509 21.0204 23.0274 20.4356 19.388 19.02 18.9648 45.5602
threshold=0.54054039066351234 0.0092217203641872369 -0.0045465760402407787 0.10491596101524898 1.4739093245302188 1.9979730328669547 1.6731707279682093 0.34083464288720339 -0.22990247675488726 2.9073928069371688 0.78289473684210609 0.24867469785170443 0.33361369497160892 0.043407109353305363
decision_type=2 2 8 2 2 2 2 10 8 2 2 8 10 2
left_child=1 2 -1 12 6 -6 10 8 -8 -10 -5 -12 -2 -14
right_child=3 -3 -4 4 5 -7 7 -9 9 -11 11 -13 13 -15
leaf_value=0.0016312436862238522 0.00049399273783075424 -0.0025926943234175688 0.016780342061385928 -0.0064036794059308877 -0.013665448836574797 0.0017846171469945047 0.0085587291228226749 0.010860627842070657 -0.0050621330160543574 0.0052017229718504957 -0.004800405099745584 0.0039390939245383966 -0.0030980887058598893 0.0091085952428999768
leaf_weight=343 25685 237 209 1010 315 211 255 224 532 254 433 454 2913 299
leaf_count=343 25685 237 209 1010 315 211 255 224 532 254 433 454 2913 299
internal_value=7.52029e-05 0.0044474 0.00746619 -3.13297e-05 -0.00201476 -0.00750935 -0.00109032 0.00263089 0.000816587 -0.0017334 -0.00357217 -0.000330194 0.000222111 -0.0019494
internal_weight=33374 789 552 32585 3688 526 3162 1265 1041 786 1897 887 28897 3212
internal_count=33374 789 552 32585 3688 526 3162 1265 1041 786 1897 887 28897 3212
is_linear=0
shrinkage=0.03


Tree=88
num_leaves=15
num_cat=0
split_feature=4 1 10 8 11 10 1 7 6 12 2 10 8 6
split_gain=20.7463 36.4326 41.0299 36.2099 38.0109 34.5436 38.5285 29.3611 39.297 25.0449 24.7473 24.0382 26.7913 44.6343
threshold=0.16059768984267306 1.1024492904693959 0.78937972112305499 -0.016878011367773151 0.3887687404634978 1.6974953737875682 0.63969982870456843 0.61613501930101822 0.29991030354395948 -0.023456095544336527 0.54152568833380732 1.155794676863301 -0.014649223634250393 -0.091528406386335012
decision_type=2 2 2 2 2 2 2 8 10 2 2 2 2 10
left_child=1 2 -1 4 -4 6 -5 -3 10 -8 -9 12 13 -2
right_child=11 7 3 5 -6 -7 9 8 -10 -11 -12 -13 -14 -15
leaf_value=0.0097622550915049244 -0.012829236450132482 -0.00020589257222398743 -0.0054717834394005594 0.0024580856567760073 0.0024166384490687874 0.0037693522283067291 0.0023918337052843222 0.0049829951085608804 -0.0055092015022204979 -0.0062551203797240607 0.012758194649663226 -8.0195650349673597e-05 -0.00087483436696916557 -0.0016436217255303982
leaf_weight=358 531 1312 2015 1439 752 2205 391 1766 265 1279 466 17518 2534 805
leaf_count=358 531 1312 2015 1439 752 2205 391 1766 265 1279 466 17518 2534 805
internal_value=1.05972e-05 0.000994922 -0.000104758 -0.000547647 -0.00332742 0.000901548 -0.00113517 0.00342825 0.00533434 -0.0042295 0.0066312 -0.000553185 -0.00269136 -0.00612066
internal_weight=33636 12248 8439 8081 2767 5314 3109 3809 2497 1670 2232 21388 3870 1336
internal_count=33636 12248 8439 8081 2767 5314 3109 3809 2497 1670 2232 21388 3870 1336
is_linear=0
shrinkage=0.03


Tree=89
num_leaves=15
num_cat=0
split_feature=2 6 9 8 1 12 3 11 2 7 3 3 1 9
split_gain=26.2839 29.7741 21.1789 26.6284 43.3374 36.8925 32.201 31.9873 33.4616 33.1395 33.2623 33.7201 49.8241 39.449
threshold=0.92889619546151903 -0.058602945108426611 0.90422240350449579 0.0044840623382925741 0.60230757379202904 -0.055668495825041846 0.56250000000000655 2.2183496618617116 0.71740532959326908 0.81010702022609216 0.58620689655172631 0.75294117647058945 0.63009090104346555 0.81123982899770997
decision_type=2 8 2 2 2 2 2 2 2 10 2 2 2 2
left_child=2 -2 3 4 -1 -5 -6 8 9 10 -7 12 -12 -13
right_child=1 -3 -4 5 6 7 -8 -9 -10 -11 11 13 -14 -15
leaf_value=-0.0040574229487292919 -0.0018683435350969851 0.012724005790570607 -0.00089591911490984348 0.0097366856828382687 -0.003263385285042675 0.011138138422067323 0.0013988162017587792 0.01101986172687862 -0.0023336334603965793 -0.00062721361192900719 0.01070197372934876 0.0029952794584825336 -0.0030748344543088048 0.01391445918783186
leaf_weight=2194 209 307 12753 509 1598 504 7923 297 1943 2242 289 1089 1198 407
leaf_count=2194 209 307 12753 509 1598 504 7923 297 1943 2242 289 1089 1198 407
internal_value=0.000166729 0.00685233 6.0995e-05 0.000665412 -0.000261405 0.0019455 0.000615012 0.00144206 0.00106435 0.00221781 0.00404532 0.0028303 -0.000370406 0.00600239
internal_weight=33462 516 32946 20193 11715 8478 9521 7969 7672 5729 3487 2983 1487 1496
internal_count=33462 516 32946 20193 11715 8478 9521 7969 7672 5729 3487 2983 1487 1496
is_linear=0
shrinkage=0.03


Tree=90
num_leaves=15
num_cat=0
split_feature=13 5 13 13 9 9 6 13 9 13 3 6 8 3
split_gain=20.5552 51.1436 31.7523 49.4352 44.6698 31.0161 33.1063 28.7454 46.9666 38.0206 52.8341 48.3493 37.4487 31.6395
threshold=32.500000000000007 0.93611813389472098 23.500000000000004 24.500000000000004 0.64467322050748321 1.1483880290580533 0.24805594310278137 17.500000000000004 0.66909212508787708 8.5000000000000018 0.75294117647058945 -0.28893034091053887 0.00046995900330348974 0.78489147622370725
decision_type=2 2 2 2 2 2 10 2 2 2 2 10 2 2
left_child=2 -2 7 -4 -5 6 -3 9 13 12 -11 -12 -1 -9
right_child=1 5 3 4 -6 -7 -8 8 -10 10 11 -13 -14 -15
leaf_value=-0.0016760046465948563 0.011819610419910623 -0.003553606838650779 0.016944239286137166 -0.0074112021910562494 0.0040102172135403546 -0.011606571025972776 0.0061046623863543611 -0.0030372555907960644 -0.0045768287463298458 -0.00053131182896322567 0.012436841775062501 0.0030660034984376942 0.0012196171774707433 0.011021824061400691
leaf_weight=9459 212 2128 221 360 1983 349 371 252 2399 3851 564 3896 6983 326
leaf_count=9459 212 2128 221 360 1983 349 371 252 2399 3851 564 3896 6983 326
internal_value=0.000113388 -0.00222785 0.000350205 0.00354092 0.00224328 -0.0032924 -0.00211042 5.45965e-05 -0.00272805 0.000389744 0.00204285 0.00426362 -0.000446223 0.00491878
internal_weight=33354 3060 30294 2564 2343 2848 2499 27730 2977 24753 8311 4460 16442 578
internal_count=33354 3060 30294 2564 2343 2848 2499 27730 2977 24753 8311 4460 16442 578
is_linear=0
shrinkage=0.03


Tree=91
num_leaves=15
num_cat=0
split_feature=13 5 13 1 1 13 7 6 4 3 11 6 13 9
split_gain=22.4155 40.5608 31.4302 59.4867 30.8643 35.1543 32.0561 31.8533 29.5274 29.3922 43.5179 29.0751 27.1891 54.5832
threshold=30.500000000000004 0.88179142913416264 23.500000000000004 0.75680011440725681 0.76186210459388504 35.500000000000007 0.43994819049709799 0.28654997494956497 0.62559306438244078 0.72419446503582863 1.0000000180025095e-35 -0.022333780154231816 17.500000000000004 0.82980873185174797
decision_type=2 2 2 2 2 2 10 10 2 2 2 8 2 2
left_child=2 -2 12 11 -3 6 -6 8 -7 10 -5 -4 -1 -14
right_child=1 4 3 9 5 7 -8 -9 -10 -11 -12 -13 13 -15
leaf_value=0.00010876768079645214 0.0098154092709223425 0.004921570666697031 -0.013631182954031132 0.0013873045759891548 -0.015461474898474301 -0.00084738839206582287 -0.0020883129609811039 0.0065959745579580427 -0.0085268736492266472 0.0031036066862539951 0.017604098825112862 0.001513287619749705 0.00079532258202467693 -0.0072506361820635253
leaf_weight=24813 220 355 230 249 417 1110 264 293 755 1219 369 220 1655 1395
leaf_count=24813 220 355 230 249 417 1110 264 293 755 1219 369 220 1655 1395
internal_value=-0.00020331 -0.00250539 5.77359e-05 0.00343468 -0.00336805 -0.00441145 -0.0103302 -0.00252412 -0.00397073 0.00582797 0.0111337 -0.00629195 -0.000220011 -0.00289056
internal_weight=33564 3414 30150 2287 3194 2839 681 2158 1865 1837 618 450 27863 3050
internal_count=33564 3414 30150 2287 3194 2839 681 2158 1865 1837 618 450 27863 3050
is_linear=0
shrinkage=0.03


Tree=92
num_leaves=15
num_cat=0
split_feature=10 9 2 9 11 12 8 7 5 3 7 10 6 7
split_gain=23.2534 36.9792 44.2044 29.9256 39.1419 35.0994 33.928 29.7908 25.9736 37.7618 30.8065 29.0909 24.7155 24.2301
threshold=1.3289856809589584 0.55091885801998786 0.08887026171183586 0.85347868784877656 -0.79539742159395044 0.035711458272099379 0.016715212644299645 2.752944772579669 1.0070524530150513 0.76303985989211343 0.063773272695655317 1.7221201012249272 -0.21278241911644921 -0.15985691671061061
decision_type=2 2 2 2 2 2 2 10 2 2 8 2 10 10
left_child=1 -1 -3 4 -4 13 -7 8 9 11 -11 -2 -12 -6
right_child=7 2 3 -5 5 6 -8 -9 -10 10 12 -13 -14 -15
leaf_value=-0.0090481212369914604 -0.0059643294221347135 0.0098651990154758097 -0.0068136962541103466 -0.0033438270650300379 -0.0061335841366590175 -0.0070383404669917965 0.0016385998308680132 -0.0079059410439431665 0.00028424402743729453 -0.00035436700675740585 0.017793097067415043 0.0039051644155635168 0.006806741570719691 0.0037602324835592491
leaf_weight=514 480 331 627 3573 237 760 860 370 21036 353 262 598 636 2874
leaf_count=514 480 331 627 3573 237 760 860 370 21036 353 262 598 636 2874
internal_value=-2.42307e-05 -0.00125522 -0.000818099 -0.00121934 0.000199177 0.00113481 -0.00244119 0.000482948 0.000617454 0.00362002 0.00715527 -0.000496663 0.0100929 0.00299788
internal_weight=33511 9776 9262 8931 5358 4731 1620 23735 23365 2329 1251 1078 898 3111
internal_count=33511 9776 9262 8931 5358 4731 1620 23735 23365 2329 1251 1078 898 3111
is_linear=0
shrinkage=0.03


Tree=93
num_leaves=15
num_cat=0
split_feature=8 11 12 6 13 13 10 13 1 13 12 5 10 10
split_gain=21.8847 43.7983 32.343 39.0721 31.6615 61.7039 35.5966 31.8811 36.855 37.8288 34.4645 30.684 30.3008 26.2993
threshold=0.02083767861397098 -1.4708809535078817 -0.06032078202731999 0.32536418004801998 26.500000000000004 23.500000000000004 1.8559446875316079 12.500000000000002 1.2634259790960474 14.500000000000002 0.042214292453629405 2.3533078669321736 1.5639320639327281 1.7088435621645188
decision_type=2 2 2 8 2 2 2 2 2 2 2 2 2 2
left_child=13 -2 3 -3 5 7 -6 -4 9 -9 -11 -8 -10 -1
right_child=1 2 4 -5 6 -7 11 8 12 10 -12 -13 -14 -15
leaf_value=-0.0014989590071451042 -0.0082912321393508633 0.0023289711867497923 0.0025530500729086469 0.016375953269401385 -0.0055437700376463547 0.01383536469684662 0.012803112835085327 -0.0083765091171177728 -0.00070939439637676021 -0.0011482686814573281 0.011041698394833927 -0.0014937829638866683 -0.012823363358285463 0.00050478599165729079
leaf_weight=12898 423 499 4688 274 1191 365 201 265 346 446 386 390 398 10851
leaf_count=12898 423 499 4688 274 1191 365 201 265 346 446 386 390 398 10851
internal_value=-9.00644e-05 0.00109675 0.00152118 0.00738135 0.000995111 0.00191644 -0.00256461 0.00124004 -0.00210132 0.00139544 0.00453935 0.00343523 -0.00723206 -0.000583527
internal_weight=33621 9872 9449 773 8676 6894 1782 6529 1841 1097 832 591 744 23749
internal_count=33621 9872 9449 773 8676 6894 1782 6529 1841 1097 832 591 744 23749
is_linear=0
shrinkage=0.03


Tree=94
num_leaves=15
num_cat=0
split_feature=13 9 2 6 6 13 6 7 7 1 3 13 6 5
split_gain=18.0977 29.1063 32.0298 33.1727 32.7312 28.9122 52.8755 31.124 41.2038 28.2355 45.6244 38.0841 35.8477 26.7031
threshold=32.500000000000007 1.1483880290580533 0.86567164179104461 -0.32150908868923944 0.28654997494956497 23.500000000000004 -0.33753106756465245 0.30119368523309092 0.077352501472391866 1.68510789977439 0.65312020762062095 27.500000000000004 0.002806754242956067 2.0772036836549197
decision_type=2 2 2 8 10 2 8 10 8 2 2 2 8 2
left_child=5 2 3 -2 -5 -1 -7 8 -8 10 -9 -11 -12 -10
right_child=1 -3 -4 4 -6 6 7 9 13 11 12 -13 -14 -15
leaf_value=-0.00010066299583547676 0.008292621762289518 -0.0096233195023139907 -0.010453003743728814 -0.003050248108755742 0.0076789243916791025 -0.010669735920228129 0.0057870250847190611 0.022539501438310756 -0.01320516695366486 0.010232747931142939 -0.00043417667106583418 -0.0063699892902585823 0.015316144909177508 0.00092098019614412976
leaf_weight=27753 368 410 287 1707 296 221 655 227 223 250 297 238 226 254
leaf_count=27753 368 410 287 1707 296 221 655 227 223 250 297 238 226 254
internal_value=-3.96305e-05 -0.00223348 -0.00107766 7.68011e-05 -0.00144954 0.000182515 0.00321007 0.00452409 0.000921014 0.0078017 0.0114385 0.00215303 0.00645248 -0.00575154
internal_weight=33412 3068 2658 2371 2003 30344 2591 2370 1132 1238 750 488 523 477
internal_count=33412 3068 2658 2371 2003 30344 2591 2370 1132 1238 750 488 523 477
is_linear=0
shrinkage=0.03


Tree=95
num_leaves=15
num_cat=0
split_feature=11 8 11 13 13 6 1 6 13 13 9 6 9 12
split_gain=20.8221 28.017 17.0367 17.2797 31.8474 17.6095 29.721 22.6998 34.4095 41.1143 36.4038 32.1723 28.8363 25.8839
threshold=2.2183496618617116 0.027280480736980649 -2.4502255466764673 56.500000000000007 61.000000000000007 -0.16157370263177626 1.7735387786179906 -0.088988291062336008 23.500000000000004 19.500000000000004 0.84246074991028919 -0.095930702910107954 1.1298345145080473 -0.06619210071979624
decision_type=2 2 2 2 2 8 2 10 2 2 2 10 2 2
left_child=2 -2 -1 5 -5 6 -4 11 9 -9 -11 13 -10 -7
right_child=1 -3 3 4 -6 7 -8 8 12 10 -12 -13 -14 -15
leaf_value=0.0073258810623511939 0.00073595760292796924 0.010733568509484811 -0.00048610347451625863 -0.0095877553482900911 0.0023254276925500209 0.0072491750589245008 -0.0056232090541635154 -0.00020374530794020743 0.0044401232665219536 -0.00063767902626606977 -0.012576411067924283 0.01057235474639889 -0.0042843363829223992 0.00049166187414566981
leaf_weight=272 765 372 7197 462 353 599 1175 15031 2237 451 465 386 398 3289
leaf_count=272 765 372 7197 462 353 599 1175 15031 2237 451 465 386 398 3289
internal_value=5.84636e-05 0.00403962 -8.22162e-05 -0.000146234 -0.0044451 -3.33467e-05 -0.00121002 0.00039783 -5.57939e-05 -0.000580818 -0.00673365 0.0023678 0.00311673 0.00154072
internal_weight=33452 1137 32315 32043 815 31228 8372 22856 18582 15947 916 4274 2635 3888
internal_count=33452 1137 32315 32043 815 31228 8372 22856 18582 15947 916 4274 2635 3888
is_linear=0
shrinkage=0.03


Tree=96
num_leaves=15
num_cat=0
split_feature=12 8 0 3 1 1 13 5 13 1 6 1 5 3
split_gain=23.0833 24.02 29.7576 21.2578 37.6328 25.6068 31.3549 45.0776 61.3872 49.9522 41.6111 48.8492 19.6235 18.0294
threshold=0.1494147633931843 0.064028345784128221 0.54965295753739796 0.93419272934364783 2.1275595466581048 0.60699514873994131 8.5000000000000018 1.0070524530150513 28.500000000000004 1.3179344675063722 0.10254248214331753 0.9103795377165157 1.9742034662820325 0.98723404255319192
decision_type=2 2 2 2 2 2 2 2 2 2 8 2 2 2
left_child=1 3 -3 -1 5 12 13 -8 9 10 11 -9 -5 -7
right_child=-2 2 -4 4 -6 6 7 8 -10 -11 -12 -13 -14 -15
leaf_value=-0.00024801485004283307 -0.0033053222673438795 -0.0011296021508726667 0.013621775162877239 -0.0085765341310662796 0.011215866714927965 -0.0033380113847834882 0.017585006829451869 0.0062564769524683069 -0.0068808137334360761 -0.0032380429128629723 0.000137797312234484 0.023594146846678377 0.00081843664381315976 0.0064644371418398801
leaf_weight=27169 1827 230 258 371 364 896 217 304 405 330 247 286 426 203
leaf_count=27169 1827 230 258 371 364 896 217 304 405 330 247 286 426 203
internal_value=-3.10779e-05 0.000158086 0.00672834 5.43186e-05 0.0020808 0.00116447 0.00247802 0.004923 0.00312492 0.00661188 0.0104915 0.0147885 -0.00358109 -0.00150629
internal_weight=33533 31706 488 31218 4049 3685 2888 1789 1572 1167 837 590 797 1099
internal_count=33533 31706 488 31218 4049 3685 2888 1789 1572 1167 837 590 797 1099
is_linear=0
shrinkage=0.03


Tree=97
num_leaves=15
num_cat=0
split_feature=10 6 11 6 12 8 2 0 3 3 8 7 3 10
split_gain=18.4009 43.0793 28.2325 36.1621 42.5925 31.8261 28.02 31.0972 39.4362 26.5103 43.4342 39.3578 36.4393 35.0067
threshold=1.691280481921243 -0.12645176304597724 -1.0000000180025095e-35 0.33361369497160892 -0.061847978297925869 -0.038316417517188082 0.14173228346456673 0.50657214230633585 0.81228707923145671 0.81551606778203634 0.038047075259114944 0.41288273752814153 0.59999999999999398 1.4491697892348283
decision_type=2 10 2 10 2 2 2 2 2 2 2 10 2 2
left_child=1 -1 9 4 -4 -6 -7 8 -8 12 11 -11 -3 -13
right_child=-2 2 3 -5 5 6 7 -9 -10 10 -12 13 -14 -15
leaf_value=-0.0026084910440932496 0.00084827223919487459 0.0017505942015753437 0.010567191644826293 -0.0030833203239776087 0.0097819929010399109 0.011242395417500975 0.00089162530332420479 0.0022517042155691821 -0.010743086837860115 -0.0029278885812949766 0.012565097794665589 0.0099642222491784557 -0.0049753544858366014 -0.004550579783863553
leaf_weight=6102 15504 1075 584 1068 420 228 656 2690 431 1438 271 500 2208 209
leaf_count=6102 15504 1075 584 1068 420 228 656 2690 431 1438 271 500 2208 209
internal_value=9.20463e-05 -0.000563742 0.000496269 0.00191816 0.00298656 0.00197529 0.00114544 0.000521872 -0.00374965 -0.00101975 0.00136242 -7.75256e-05 -0.00277367 0.00568362
internal_weight=33384 17880 11778 6077 5009 4425 4005 3777 1087 5701 2418 2147 3283 709
internal_count=33384 17880 11778 6077 5009 4425 4005 3777 1087 5701 2418 2147 3283 709
is_linear=0
shrinkage=0.03


Tree=98
num_leaves=15
num_cat=0
split_feature=8 5 9 9 6 14 11 5 8 7 9 5 7 9
split_gain=16.9035 28.3892 15.5829 19.3148 35.6288 45.8922 34.2484 39.0709 31.5975 21.5345 41.9729 29.8435 53.1126 24.2592
threshold=0.054906603900799301 1.8180500608065422 0.53624685307744224 0.65928167455689246 0.051717695927107406 1.0000000180025095e-35 -0.40243464560957948 2.0863758169048845 0.039191157004116371 0.73369457178789832 0.62797775725694094 1.2550999069840933 1.3441330515877377 0.60080258935519815
decision_type=2 2 2 2 8 2 2 2 2 8 2 2 10 2
left_child=2 -2 -1 4 8 6 -6 -8 9 10 13 -11 -13 -4
right_child=1 -3 3 -5 5 -7 7 -9 -10 11 -12 12 -14 -15
leaf_value=-0.0045650005726277296 -0.0034645867687723938 0.0064991281985527756 0.0030087363694818983 -0.00048793346152600108 0.0016818994001727805 3.4632246413477469e-05 0.025441068653017283 0.0071005219465480485 -0.010009593876417387 0.0055003406927717621 0.0091745206495692979 -0.011911514326810644 0.0041403588450070724 -0.0065263322759501786
leaf_weight=748 373 807 603 27428 214 609 211 213 259 302 616 463 304 392
leaf_count=748 373 807 603 27428 214 609 211 213 259 302 616 463 304 392
internal_value=-0.00017098 0.00334825 -0.000299798 -0.000198175 0.00169873 0.00593673 0.0115265 0.0164177 -0.000106458 0.000867457 0.00305429 -0.00242701 -0.00556375 -0.000761642
internal_weight=33542 1180 32362 31614 4186 1247 638 424 2939 2680 1611 1069 767 995
internal_count=33542 1180 32362 31614 4186 1247 638 424 2939 2680 1611 1069 767 995
is_linear=0
shrinkage=0.03


Tree=99
num_leaves=15
num_cat=0
split_feature=7 12 6 10 6 5 13 9 4 6 0 11 0 10
split_gain=19.8426 15.6801 20.9545 30.7524 22.1442 24.8535 21.7703 27.3018 20.3957 18.9555 17.5681 35.3257 20.3129 18.8401
threshold=2.9675518174293773 0.097102134660517439 1.1584585776387148 1.3179209254074713 0.4500601609096217 1.202411151996718 3.5000000000000004 0.82112361903696751 0.15196482558511007 0.55458928998498735 0.55642142920631443 -0.37056019623666075 0.57357386216008055 1.71598011360905
decision_type=10 2 8 2 10 2 2 2 2 10 2 2 2 2
left_child=1 2 4 -4 10 -6 8 -8 -7 -9 -1 12 13 -12
right_child=-2 -3 3 -5 5 6 7 9 -10 -11 11 -13 -14 -15
leaf_value=0.00010067677285978603 -0.0067548899074557738 -0.0017175660749779987 -0.0040817498478671194 0.0096915770105566752 0.0048970105037303042 0.0061123750873957761 -0.015413254165525017 0.0028872488636474034 -0.0055935288617036099 -0.0080789419725341861 -0.0047223344095120275 0.0058169182855896118 -0.010211531988655527 0.0075170521266793595
leaf_weight=24476 393 4244 208 466 279 251 278 221 276 381 238 1337 211 207
leaf_count=24476 393 4244 208 466 279 251 278 221 276 381 238 1337 211 207
internal_value=-9.63181e-05 -1.61865e-05 0.000234533 0.0054423 0.000108921 -0.0032195 -0.00484059 -0.00771515 -1.31834e-05 -0.00406253 0.000321499 0.00302638 -0.00266203 0.000991306
internal_weight=33466 33073 28829 674 28155 1686 1407 880 527 602 26469 1993 656 445
internal_count=33466 33073 28829 674 28155 1686 1407 880 527 602 26469 1993 656 445
is_linear=0
shrinkage=0.03


Tree=100
num_leaves=15
num_cat=0
split_feature=10 8 8 3 10 6 6 11 0 12 3 13 2 3
split_gain=24.4644 26.3438 19.1893 20.8235 15.3829 32.9603 33.4961 53.5223 47.3898 26.3309 40.5635 27.8559 32.1692 31.6267
threshold=3.2035166688729331 -0.0010060928196859269 0.064028345784128221 0.69022110960818883 1.7088435621645188 -0.12838544000848964 0.066423999508906331 -0.56871152322523078 0.50606474975976645 -0.14567669067854702 0.75000000000000411 16.500000000000004 0.39583333333333398 0.81047657158101438
decision_type=2 2 2 2 2 10 10 2 2 2 2 2 2 2
left_child=2 -2 4 -4 5 -1 7 -7 -9 10 -6 13 -13 -11
right_child=1 -3 3 -5 9 6 -8 8 -10 11 -12 12 -14 -15
leaf_value=-0.0025988154978475479 -0.00045229041439597494 0.013177243179918542 -0.0016012699699020497 0.010802931701194266 0.015082468478553776 -0.0037838795126720181 -0.0014392733941106194 -0.00080049502465076485 0.0055851306640770189 -0.0002967486511656379 -5.4410281100947602e-05 -0.010048491425213203 -0.0010332433788768486 0.003173273347979393
leaf_weight=6209 251 254 206 289 272 1233 6160 1644 2865 6140 375 393 3411 3838
leaf_count=6209 251 254 206 289 272 1233 6160 1644 2865 6140 375 393 3411 3838
internal_value=-5.55165e-05 0.00646494 -0.000156157 0.00567639 -0.00024574 -0.000827848 9.67284e-05 0.00174437 0.0032586 0.000484944 0.00637602 0.000206173 -0.0019766 0.0010389
internal_weight=33540 505 33035 495 32540 18111 11902 5742 4509 14429 647 13782 3804 9978
internal_count=33540 505 33035 495 32540 18111 11902 5742 4509 14429 647 13782 3804 9978
is_linear=0
shrinkage=0.03


Tree=101
num_leaves=15
num_cat=0
split_feature=3 2 1 5 1 12 5 12 7 10 7 5 11 2
split_gain=17.8546 28.6561 31.6412 34.3559 32.8388 28.5415 35.0288 32.3178 41.5179 30.281 28.1757 25.6393 20.0245 25.8083
threshold=0.78489147622370725 0.64562612461194646 0.89455761924562027 3.3061621412277606 0.82744461959099092 -0.06619210071979624 1.1334511527454334 0.034125265176785664 1.144603180622533 1.6350995944414441 0.34576146618006087 2.0303306849391665 0.21501453467099904 0.44444444444444547
decision_type=2 2 2 2 2 2 2 2 10 2 8 2 2 2
left_child=-1 2 4 5 10 -4 -7 8 9 -8 -2 -9 -12 -14
right_child=1 -3 3 -5 -6 6 7 11 -10 -11 12 -13 13 -15
leaf_value=-0.00049015547109028206 0.0056645988930140558 -5.1369165822744745e-05 -0.0011527528334408998 -0.0036580950017402864 -0.0084664317383215965 0.017623539931707448 0.0073781972492978137 -0.0066409577579132368 -0.00055174270736853877 0.020171746575023707 0.002217888208471568 0.0056143619755679493 0.00047583254340749525 -0.01036774831745492
leaf_weight=17577 988 10246 372 349 320 281 357 243 258 323 989 399 463 339
leaf_count=17577 988 10246 372 349 320 281 357 243 258 323 989 399 463 339
internal_value=0.000169023 0.000896416 0.00260434 0.00505379 0.000558673 0.00642052 0.00793339 0.00615986 0.00969473 0.013558 0.00161125 0.000960193 -0.000634318 -0.00414351
internal_weight=33504 15927 5681 2582 3099 2233 1861 1580 938 680 2779 642 1791 802
internal_count=33504 15927 5681 2582 3099 2233 1861 1580 938 680 2779 642 1791 802
is_linear=0
shrinkage=0.03


Tree=102
num_leaves=15
num_cat=0
split_feature=9 9 13 3 13 13 6 9 2 12 3 6 6 6
split_gain=19.7726 26.1219 24.0636 23.1894 22.9861 31.7721 43.3199 29.4308 33.7517 25.8752 41.2739 26.7589 25.54 38.2329
threshold=0.55791268308252273 0.57981798101528637 15.500000000000002 0.82608695652173914 32.500000000000007 23.500000000000004 -0.33753106756465245 1.1246524327115328 0.86567164179104461 0.045330452818641349 0.67368421052631711 -0.25674251356949701 0.30706604543043098 -0.01613754896407937
decision_type=2 2 2 2 2 2 8 2 2 2 2 8 10 8
left_child=3 2 -2 -1 5 -3 -7 8 9 -6 -11 -12 13 -8
right_child=1 4 -4 -5 7 6 12 -9 -10 10 11 -13 -14 -15
leaf_value=-0.0069435057944145185 0.01187051362369603 -3.4916902087609244e-05 -0.0011756698040413522 0.0017487618725923499 0.0026719725791828687 -0.0095582423540727345 0.0025823340497906516 -0.009774775445275441 -0.011309587481334359 0.006767217722497409 0.00086266607131963498 -0.01209715610373222 -0.0043685651505478177 0.011098690869528558
leaf_weight=759 317 26338 209 430 1292 204 1247 426 263 232 212 434 244 765
leaf_count=759 317 26338 209 430 1292 204 1247 426 263 232 212 434 244 765
internal_value=-1.49077e-05 0.000125716 0.0067245 -0.0038058 1.50288e-05 0.000269896 0.00352683 -0.00254817 -0.0012654 -2.48616e-05 -0.00398598 -0.00787013 0.00472857 0.0058399
internal_weight=33372 32183 526 1189 31657 28798 2460 2859 2433 2170 878 646 2256 2012
internal_count=33372 32183 526 1189 31657 28798 2460 2859 2433 2170 878 646 2256 2012
is_linear=0
shrinkage=0.03


Tree=103
num_leaves=15
num_cat=0
split_feature=13 0 7 10 13 0 14 9 8 6 6 8 0 1
split_gain=19.7464 28.5125 31.2205 27.7032 27.4644 41.3838 47.9448 52.4201 40.6745 40.4656 38.1932 43.6084 48.2755 36.0945
threshold=8.5000000000000018 0.48470490798635862 2.1914974471344557 1.678948023713531 10.500000000000002 0.5483061482041941 1.0000000180025095e-35 0.75617663077380748 0.0018055035595691286 0.43708256362276726 0.069205615943108714 0.0044840623382925741 0.54611437680615804 2.4330512166509615
decision_type=2 2 8 2 2 2 2 2 2 8 8 2 2 2
left_child=3 -2 4 -1 10 6 7 13 -7 -9 11 -3 -13 -6
right_child=1 2 -4 -5 5 8 -8 9 -10 -11 -12 12 -14 -15
leaf_value=-0.0018498944290574041 -0.0027132657056189156 0.00085894179366088983 0.012400651466948066 0.00061985173386410418 0.0070403724775962989 0.01543628311415131 -0.0023670888602565898 -0.0015912426071692186 0.0027560018022411261 0.0086763434891783901 -0.0017170954401501352 0.016096837119605297 0.00016214696831835305 -0.0059389117576284425
leaf_weight=8877 1901 611 215 7569 1738 255 5108 3214 1864 382 670 580 242 213
leaf_count=8877 1901 611 215 7569 1738 255 5108 3214 1864 382 670 580 242 213
internal_value=2.75421e-05 0.000744624 0.00118094 -0.000713392 0.00101468 0.000490938 -0.000271173 0.00165926 0.00431469 -0.000489993 0.00418727 0.00694423 0.0114349 0.0056118
internal_weight=33439 16993 15092 16446 14877 12774 10655 5547 2119 3596 2103 1433 822 1951
internal_count=33439 16993 15092 16446 14877 12774 10655 5547 2119 3596 2103 1433 822 1951
is_linear=0
shrinkage=0.03


Tree=104
num_leaves=15
num_cat=0
split_feature=3 2 9 3 9 5 7 12 3 11 12 6 7 10
split_gain=16.8173 22.6406 25.1178 33.2677 31.2327 23.9404 22.9574 22.8433 22.6023 29.9532 26.5897 27.6158 24.9301 30.5794
threshold=0.78489147622370725 0.71740532959326908 0.88369684042935337 0.94827586206896364 0.80895988100884697 0.75689497566331043 -0.079955573799864066 0.04390676788303894 0.60869565217391397 1.3009167725210047 0.098967995577979265 0.15865309182629764 1.5724373441603736 1.5525541568948402
decision_type=2 2 2 2 2 2 8 2 2 2 2 8 8 2
left_child=8 2 3 4 -2 -3 -4 -6 9 -1 11 -11 -10 -14
right_child=1 5 6 -5 7 -7 -8 -9 12 10 -12 -13 13 -15
leaf_value=-0.0004317926776250017 0.0027039835238844559 0.0070075786113739007 0.0077354501477687422 -0.002891498995711356 0.0061679603446350576 -0.0008532699630788874 -0.0010691221112090943 0.016829076462241712 -0.0021417079383407815 0.0084785061470648536 -0.0047933452705174314 -0.0021709411466572354 -0.0027513875823384254 0.0080688558677583927
leaf_weight=6074 2962 360 288 689 722 7807 2946 242 9179 963 238 281 440 495
leaf_count=6074 2962 360 288 689 722 7807 2946 242 9179 963 238 281 440 495
internal_value=-0.000100985 0.000602986 0.00175304 0.00317249 0.00423903 -0.00050269 -0.000274311 0.00891733 -0.000739051 0.000502137 0.00431844 0.0060739 -0.00166611 0.00298943
internal_weight=33686 16016 7849 4615 3926 8167 3234 964 17670 7556 1482 1244 10114 935
internal_count=33686 16016 7849 4615 3926 8167 3234 964 17670 7556 1482 1244 10114 935
is_linear=0
shrinkage=0.03


Tree=105
num_leaves=15
num_cat=0
split_feature=8 6 6 10 9 5 5 6 9 2 5 9 10 6
split_gain=18.6913 57.5699 38.8089 42.2454 39.1626 35.1774 37.8583 52.1185 44.2637 33.3953 33.8494 32.3815 31.7002 30.6842
threshold=0.00094030894689341052 -0.59511045898302484 0.063490826420744675 3.141082888769462 1.2066528560021363 1.1616847233838981 2.5472719417034377 -0.12207273330400385 0.62797775725694094 0.72222222222222243 1.0381276593233213 0.87923021102656207 1.9211288479026611 0.1273341062930439
decision_type=2 10 8 2 2 2 2 10 2 2 2 2 2 10
left_child=1 -1 3 5 13 9 7 12 -8 10 11 -2 -7 -4
right_child=2 -3 4 -5 -6 6 8 -9 -10 -11 -12 -13 -14 -15
leaf_value=0.011176812009102982 0.01084695429601056 -0.00088164192670418947 -0.003855660476988067 0.015325460558423612 -0.0059821539215713648 -0.0056040317929724809 -0.0071416870718795039 0.002527148646349731 0.0040691938046505151 -0.0026798197266819711 0.020051621622541572 -0.0027268684637255782 0.0028051565807866779 0.0014707291646783487
leaf_weight=359 446 16941 1312 203 1179 1936 342 2165 3709 268 201 241 506 3726
leaf_count=359 446 16941 1312 203 1179 1936 342 2165 3709 268 201 241 506 3726
internal_value=5.77602e-05 -0.000628255 0.00078879 0.00194399 -0.00107256 0.00165953 0.00100136 -0.000858647 0.00311509 0.00656349 0.00935252 0.00609995 -0.00385942 8.1179e-05
internal_weight=33534 17300 16234 10017 6217 9814 8658 4607 4051 1156 888 687 2442 5038
internal_count=33534 17300 16234 10017 6217 9814 8658 4607 4051 1156 888 687 2442 5038
is_linear=0
shrinkage=0.03


Tree=106
num_leaves=15
num_cat=0
split_feature=6 13 2 3 13 13 12 9 7 2 13 3 9 12
split_gain=14.9808 22.7695 27.6759 23.4241 19.025 51.5307 33.4603 47.6235 26.3325 31.9208 57.3428 23.1492 30.8007 21.6916
threshold=-0.32661863717113776 4.5000000000000009 0.83655351379991361 0.90464240903387705 32.500000000000007 23.500000000000004 -0.055668495825041846 0.91153700064035104 0.30119368523309092 0.76785714285714635 27.500000000000004 0.90000000000000047 1.1483880290580533 -0.16584818388123443
decision_type=8 2 2 2 2 2 2 2 10 2 2 2 2 2
left_child=1 -1 3 -3 5 13 7 -6 9 -7 -11 12 -8 -2
right_child=4 2 -4 -5 6 8 11 -9 -10 10 -12 -13 -14 -15
leaf_value=-0.0068958744965493673 0.0053318390268150377 -0.0008943088015688932 -0.010195919809808869 0.008166559744964946 0.014809742983963684 -0.0037104812987303177 -0.00043755394303548345 -0.0037880144438163918 0.0075819976944973668 -0.0031621708564731912 0.015923105270876897 -0.009082610872452674 -0.012533377144638806 -0.00021074901544892145
leaf_weight=694 647 1540 236 303 223 574 1408 268 1231 283 276 570 214 25094
leaf_count=694 647 1540 236 303 223 574 1408 268 1231 283 276 570 214 25094
internal_value=-0.000101695 -0.00221161 -0.000635136 0.000613416 8.86681e-05 0.000319226 -0.00232257 0.00472277 0.00455326 0.00124369 0.00631859 -0.00390786 -0.00206704 -7.04277e-05
internal_weight=33561 2773 2079 1843 30788 28105 2683 491 2364 1133 559 2192 1622 25741
internal_count=33561 2773 2079 1843 30788 28105 2683 491 2364 1133 559 2192 1622 25741
is_linear=0
shrinkage=0.03


Tree=107
num_leaves=15
num_cat=0
split_feature=8 4 7 13 10 2 13 7 1 8 7 3 4 1
split_gain=19.8462 28.4814 36.091 23.3901 17.2735 23.3266 23.3669 15.3475 32.459 40.5483 26.0325 71.1553 28.9473 26.4966
threshold=0.046918107011675474 0.14786927819184995 0.88801457139230311 11.500000000000002 1.1895908871074516 0.55219812156997516 12.500000000000002 0.40249823623889797 0.53376156503369299 -0.021205266934671677 0.42428904044908217 0.82119205298013231 0.4278136900649715 1.3750734994836729
decision_type=2 2 10 2 2 2 2 8 2 2 8 2 2 2
left_child=7 2 3 -2 -3 -6 -7 -1 9 -9 11 -10 13 -12
right_child=1 4 -4 -5 5 6 -8 8 10 -11 12 -13 -14 -15
leaf_value=-0.0010665633055690911 0.017788765656418706 -0.0059590555807718859 -0.00093041267144191306 0.0045611364695315173 -0.00287391489360836 0.013118767332285642 0.0011687826824190147 -0.0095511945864878763 -0.0039832406747885756 -0.00025003300204264875 0.00028322181054454663 0.020321496526225353 -0.0017514474884510814 0.0032592283332175203
leaf_weight=12601 280 320 306 216 506 235 384 640 218 1220 8617 208 3877 3912
leaf_count=12601 280 320 306 216 506 235 384 640 218 1220 8617 208 3877 3912
internal_value=-6.18908e-05 0.00265824 0.0071728 0.0121314 0.000136481 0.00188902 0.0057743 -0.000257604 0.000287887 -0.00346746 0.000703773 0.00798194 0.000512413 0.00121337
internal_weight=33540 2247 802 496 1445 1125 619 31293 18692 1860 16832 426 16406 12529
internal_count=33540 2247 802 496 1445 1125 619 31293 18692 1860 16832 426 16406 12529
is_linear=0
shrinkage=0.03


Tree=108
num_leaves=15
num_cat=0
split_feature=0 13 0 6 6 9 0 1 13 4 13 6 13 6
split_gain=19.3423 18.6137 24.3559 34.9968 26.7722 31.1938 15.0411 21.962 14.5607 24.4717 28.537 27.8899 21.486 18.6648
threshold=0.47281644330281797 17.500000000000004 0.45538031130903678 -0.0067797989646749537 -0.052660401131118022 0.73916364020584135 0.47572647470467283 0.8228245131481039 41.500000000000007 0.47991114280532371 45.500000000000007 -0.15043711406381124 54.500000000000007 -0.11751083034669173
decision_type=2 2 2 8 10 2 2 2 2 2 2 8 2 8
left_child=1 2 3 -1 5 -4 7 -2 13 10 -10 -12 -13 -8
right_child=6 -3 4 -5 -6 -7 8 -9 9 -11 11 12 -14 -15
leaf_value=-0.0028370043567471927 -0.0013110628105336573 -0.0088530325479185389 -0.0078390768216729662 0.012606217787274486 -0.0083157378516835207 0.0060017324023616102 -0.00087660143896030058 0.012517949307363762 -0.0080927840346801949 -0.0061199518263608766 0.01212914174649727 0.0062623177618968866 -0.0070322218352307873 0.00072441659907723701
leaf_weight=305 200 378 236 226 606 369 9926 207 231 889 239 208 220 19265
leaf_count=305 200 378 236 226 606 369 9926 207 231 889 239 208 220 19265
internal_value=-9.29458e-05 -0.00286289 -0.00154145 0.0037921 -0.00388609 0.000582673 9.45848e-05 0.00578893 1.88484e-05 -0.00260603 0.000887306 0.00403443 -0.000573617 0.000179955
internal_weight=33505 2120 1742 531 1211 605 31385 407 30978 1787 898 667 428 29191
internal_count=33505 2120 1742 531 1211 605 31385 407 30978 1787 898 667 428 29191
is_linear=0
shrinkage=0.03


Tree=109
num_leaves=15
num_cat=0
split_feature=13 1 6 14 6 6 5 2 5 10 7 1 7 9
split_gain=20.5703 31.3648 24.641 18.7877 40.9004 40.4493 34.4399 43.6342 33.2473 30.4148 30.0914 29.2799 45.0196 43.0696
threshold=-3.4999999999999996 0.50094312507264271 0.32536418004801998 1.0000000180025095e-35 0.057332674033203308 -0.59511045898302484 2.5265989089993193 0.69351621482497861 2.7608227391900049 2.2668810695762138 0.048893810163281738 1.162190474349402 0.23804079921052354 0.65928167455689246
decision_type=2 2 8 2 8 10 2 2 2 2 8 2 8 2
left_child=1 -1 -3 5 6 -2 7 9 -8 10 -5 13 -13 -7
right_child=3 2 -4 4 -6 11 8 -9 -10 -11 -12 12 -14 -15
leaf_value=0.013749158511829071 0.010543303783474997 -0.00076039400103749058 0.0089822677191550137 0.010026261028135195 -0.0030371909466279361 0.0039301920967541506 0.0083849610035235753 -0.0051579842912239451 0.0011060718850896113 0.0095509616064938518 -0.00095857772768852007 -0.0036744807989398639 0.0029058522425902786 -0.0015865129263641158
leaf_weight=219 347 975 302 235 5484 1493 694 1756 2952 304 3457 1120 5570 8504
leaf_count=219 347 975 302 235 5484 1493 694 1756 2952 304 3457 1120 5570 8504
internal_value=-3.96836e-05 0.00339253 0.00156971 -0.000201068 -0.000979624 0.000479216 0.000222002 -0.0012236 0.00250116 0.000509611 -0.000246766 0.000266842 0.00180229 -0.000761069
internal_weight=33412 1496 1277 31916 14882 17034 9398 5752 3646 3996 3692 16687 6690 9997
internal_count=33412 1496 1277 31916 14882 17034 9398 5752 3646 3996 3692 16687 6690 9997
is_linear=0
shrinkage=0.03


Tree=110
num_leaves=15
num_cat=0
split_feature=9 8 10 9 8 8 13 12 13 10 13 9 12 1
split_gain=23.573 23.5555 32.1548 24.4891 28.4881 31.2935 22.1052 27.4873 27.3086 24.2989 23.9551 52.2154 32.0978 66.5145
threshold=0.55091885801998786 -0.057570151008341473 1.5586456745826089 0.59682812763071125 -0.014649223634250393 0.023652784339378907 32.500000000000007 -0.15750461501439703 23.500000000000004 1.9211288479026611 17.500000000000004 0.66909212508787708 0.033370192645806547 1.5466324811254601
decision_type=2 2 2 2 2 2 2 2 2 2 2 2 2 2
left_child=-1 2 -2 4 -3 -6 7 9 10 -5 -9 -12 -13 -14
right_child=1 3 -4 6 5 -7 -8 8 -10 -11 11 12 13 -15
leaf_value=-0.0044815598350053405 -0.010989113592991121 -0.0011597135339705448 0.00042059549091147706 0.0015976142075915748 0.014008344035595956 0.0010011897318615208 -0.0025140752875636063 0.00016129131067506641 0.0032556945071064861 0.012132491504634234 0.0078906850300454884 -0.0070291937502540633 0.0063462693320763515 -0.012559288549702256
leaf_weight=1055 400 472 492 515 383 293 2769 21746 2291 316 348 1521 534 238
leaf_count=1055 400 472 492 515 383 293 2769 21746 2291 316 348 1521 534 238
internal_value=-7.93768e-05 6.50006e-05 -0.0047286 0.000201793 0.00449298 0.00841937 3.83767e-05 0.000295711 0.000127831 0.00565226 -0.000166619 -0.00286183 -0.00450732 0.000474559
internal_weight=33373 32318 892 31426 1148 676 30278 27509 26678 831 24387 2641 2293 772
internal_count=33373 32318 892 31426 1148 676 30278 27509 26678 831 24387 2641 2293 772
is_linear=0
shrinkage=0.03


Tree=111
num_leaves=15
num_cat=0
split_feature=7 7 2 6 2 5 2 8 11 13 3 13 11 13
split_gain=17.8951 18.8369 15.7963 35.2339 14.5284 34.3808 27.8346 24.112 40.5351 23.4574 21.7099 47.2075 60.8027 31.8233
threshold=2.752944772579669 2.5170058997878542 0.92889619546151903 -0.058602945108426611 0.71740532959326908 0.75689497566331043 0.71018403697649168 -0.047289646088979474 -0.13676397657743652 2.5000000000000004 0.75294117647058945 8.5000000000000018 1.3412717591442107 25.500000000000004
decision_type=10 10 2 8 2 2 2 2 2 2 2 2 2 2
left_child=1 2 4 -4 6 -6 7 8 9 -1 -9 -12 13 -13
right_child=-2 -3 3 -5 5 -7 -8 10 -10 -11 11 12 -14 -15
leaf_value=-0.00082257143907494591 -0.0054679364216281097 0.0081351781577130959 -0.004103345270401665 0.011965980951340998 0.0079445106719360972 -0.0014611749213576024 0.0082899311657486808 -0.00021079619831327297 0.0019410968951826147 -0.011754007094520114 -0.00041498838575342197 0.0071843387272334394 -0.0063758089371982055 0.00083173651157762739
leaf_weight=268 507 261 205 294 361 7912 392 13618 675 518 4381 2541 439 986
leaf_count=268 507 261 205 294 361 7912 392 13618 675 518 4381 2541 439 986
internal_value=9.74766e-05 0.000184188 0.000119274 0.00538914 3.65034e-05 -0.0010462 0.000412712 0.000279158 -0.00344609 -0.00805551 0.00052767 0.00173187 0.00410091 0.00541211
internal_weight=33358 32851 32590 499 32091 8273 23818 23426 1461 786 21965 8347 3966 3527
internal_count=33358 32851 32590 499 32091 8273 23818 23426 1461 786 21965 8347 3966 3527
is_linear=0
shrinkage=0.03


Tree=112
num_leaves=15
num_cat=0
split_feature=3 2 7 11 3 3 10 0 0 0 7 4 4 5
split_gain=12.4427 21.5272 43.3279 36.7626 29.9646 28.1436 27.0621 23.6675 21.3587 21.8622 27.4733 22.8642 27.8369 26.7089
threshold=0.78489147622370725 0.64127997660362468 -0.061104357566268135 -1.1629608909653051 0.85455715455715786 0.79656511601775504 1.5525541568948402 0.54611437680615804 0.46375840505648697 0.4909142238229583 0.12987630840577433 0.037460526367858467 0.3078155656343588 0.75689497566331043
decision_type=2 2 8 2 2 2 2 2 2 2 10 2 2 2
left_child=-1 2 -2 4 -4 -3 7 -5 -7 10 -10 -11 -13 -14
right_child=1 5 3 6 -6 8 -8 -9 9 11 -12 12 13 -15
leaf_value=-0.00066737412853752794 0.014676892668840199 0.0076278319741534279 0.0019450263581529724 -0.00070582100367543607 0.016783710780653577 0.0079539059274556009 0.0028563333109563657 -0.011156703628859548 0.00030855775359494837 0.0058357407983263727 -0.0092923348609204436 -0.0030201797134860034 0.010792361667027345 0.00015511542635024173
leaf_weight=17531 228 382 251 2109 237 250 2420 210 497 503 577 2998 217 4938
leaf_count=17531 228 382 251 2109 237 250 2420 210 497 503 577 2998 217 4938
internal_value=-0.000117033 0.000492964 0.00201742 0.00145172 0.00924865 -0.00031016 0.000639927 -0.00167418 -0.000617667 -0.000841874 -0.00486862 -0.00033973 -0.00072407 0.000612915
internal_weight=33348 15817 5455 5227 488 10362 4739 2319 9980 9730 1074 8656 8153 5155
internal_count=33348 15817 5455 5227 488 10362 4739 2319 9980 9730 1074 8656 8153 5155
is_linear=0
shrinkage=0.03


Tree=113
num_leaves=15
num_cat=0
split_feature=8 9 3 13 1 4 12 1 6 6 12 12 9 6
split_gain=15.6883 33.1731 39.6487 36.7717 34.1236 30.4085 30.2833 31.0411 30.2893 29.0755 28.4511 24.3918 45.4469 25.6105
threshold=0.014058927416281021 0.9192618419259303 0.57777777777777761 8.5000000000000018 0.44562156988661544 0.055615791639558272 0.037126205237958239 0.67650347717793236 -0.070675179950360253 0.069205615943108714 0.04320024012693386 0.14158085129865619 1.2147423233503623 -0.434582734602182
decision_type=2 2 2 2 2 2 2 2 10 8 2 2 2 10
left_child=11 2 3 5 -4 -2 -3 -8 -9 10 -5 13 -13 -1
right_child=1 6 4 9 -6 -7 7 8 -10 -11 -12 12 -14 -15
leaf_value=0.0044460304027246229 0.011610055781583086 0.00094650045647214716 0.010393529199910434 0.0088580547468215063 0.0004578598976844086 -0.0017774545966936712 0.0036378437903490973 9.5038720198014433e-05 -0.0083752328703315341 0.0036197330055758353 0.024442442261318604 -0.0080702712876914891 0.0062654444773800125 -0.00050391741694037935
leaf_weight=984 206 2940 325 236 5444 549 408 571 1130 270 200 865 254 19270
leaf_count=984 206 2940 325 236 5444 549 408 571 1130 270 200 865 254 19270
internal_value=-1.02466e-05 0.000844139 0.0021466 0.00655248 0.00102611 0.00192765 -0.00102123 -0.00376004 -0.00553995 0.01145 0.0162029 -0.000501182 -0.00480283 -0.000262396
internal_weight=33652 12279 7230 1461 5769 755 5049 2109 1701 706 436 21373 1119 20254
internal_count=33652 12279 7230 1461 5769 755 5049 2109 1701 706 436 21373 1119 20254
is_linear=0
shrinkage=0.03


Tree=114
num_leaves=15
num_cat=0
split_feature=8 11 1 9 3 11 8 5 9 7 3 5 5 5
split_gain=16.1386 50.7614 27.7896 26.2209 31.1183 17.4972 52.7267 40.9377 37.4832 33.6202 32.1279 27.4742 22.8275 18.3287
threshold=0.02083767861397098 -0.6142863091712073 0.64822901503898434 1.3415662015545811 0.59347375192715157 -1.1201354685682667 -0.028616678286353833 2.5904103304490538 0.6915430430662306 1.3639181241884153 0.92348332775733277 1.9189274191032395 0.47338711269143202 3.4120130587126289
decision_type=2 2 2 2 2 2 2 2 2 8 2 2 2 2
left_child=5 -2 -3 4 -4 6 8 9 -1 10 -8 -10 -7 -14
right_child=1 2 3 -5 -6 12 7 -9 11 -11 -12 -13 13 -15
leaf_value=0.0045204965490847826 -0.003254678700776469 0.0055002080234374268 0.0054031797520172568 -0.0068679331811233191 0.00037903088027655058 0.0083201296932726015 0.0024101410773964445 -0.0049633779368739583 -0.010905087335542579 0.017403655578899713 0.012695555064621998 0.0011613073662668468 -0.0011614126296451467 0.0015881185709324993
leaf_weight=355 1955 1725 1488 338 4323 244 1215 344 542 211 349 245 17565 2487
leaf_count=355 1955 1725 1488 338 4323 244 1215 344 542 211 349 245 17565 2487
internal_value=4.56817e-05 0.00106649 0.00214076 0.00119462 0.00166908 -0.00038038 0.00165774 0.0044546 -0.00352866 0.00628865 0.00473843 -0.0071651 -0.000708178 -0.000820084
internal_weight=33386 9829 7874 6149 5811 23557 3261 2119 1142 1775 1564 787 20296 20052
internal_count=33386 9829 7874 6149 5811 23557 3261 2119 1142 1775 1564 787 20296 20052
is_linear=0
shrinkage=0.03


Tree=115
num_leaves=15
num_cat=0
split_feature=13 8 1 13 0 11 5 13 13 2 13 8 5 11
split_gain=17.3132 33.8051 26.8685 19.1218 31.9692 29.6414 26.8646 26.7659 51.2018 46.284 43.4426 24.7685 21.7554 21.1178
threshold=-3.4999999999999996 0.022898286887400334 0.54474307068833827 8.5000000000000018 0.54657903309707179 -1.9209971490880242 1.0070524530150513 26.500000000000004 16.500000000000004 0.67441860465115921 11.500000000000002 0.064028345784128221 1.7524738006903025 -1.9980481019269165
decision_type=2 2 2 2 2 2 2 2 2 2 2 2 2 2
left_child=1 2 -1 4 5 -2 7 8 9 10 -5 13 -6 -8
right_child=3 -3 -4 6 12 -7 11 -9 -10 -11 -12 -13 -14 -15
leaf_value=0.010570560531381706 -0.0090851495512513196 0.012150172145988842 -0.0010792807656468276 0.021828505567882371 -0.0099111429015120139 -8.6703020550978359e-05 0.0076507508209565792 0.011115438652943961 -0.0049533654853840857 -0.004104610755719852 0.0045009641087474152 0.009128048919008246 -0.0023535671098449248 -4.6122562495547207e-05
leaf_weight=212 333 303 992 225 509 13049 323 390 530 228 308 275 1043 14655
leaf_count=212 333 303 992 225 509 13049 323 390 530 228 308 275 1043 14655
internal_value=0.000143776 0.00328044 0.00100725 -5.0448e-06 -0.000787433 -0.000313932 0.000684968 0.00427849 0.00217819 0.00714489 0.0119505 0.000287662 -0.00485605 0.000122358
internal_weight=33375 1507 1204 31868 14934 13382 16934 1681 1291 761 533 15253 1552 14978
internal_count=33375 1507 1204 31868 14934 13382 16934 1681 1291 761 533 15253 1552 14978
is_linear=0
shrinkage=0.03


Tree=116
num_leaves=15
num_cat=0
split_feature=0 4 4 6 6 3 12 5 12 9 6 11 10 12
split_gain=18.5583 21.2933 31.5752 18.4862 30.4398 21.5088 23.6084 17.9439 17.7724 18.9484 28.546 53.0853 45.4819 51.187
threshold=0.48470490798635862 0.49503550251981587 0.31978291822687982 0.29991030354395948 0.051717695927107406 0.74765622711159174 -0.013005260626123392 1.6593584733134066 -0.18803099766993905 0.93470866702039068 -0.12441180514830195 -0.79539742159395044 2.1135865612455875 0.057742083151494046
decision_type=2 2 2 10 8 2 2 2 2 2 10 2 2 2
left_child=1 2 3 4 -1 6 -6 -3 -2 10 12 -12 -10 -14
right_child=8 7 -4 -5 5 -7 -8 -9 9 -11 11 -13 13 -15
leaf_value=-0.0033803540405184939 0.0056148378887755724 0.00019735607396915693 0.0050110285541161825 -0.0085031507686760856 0.015375149203330706 -0.0019178416725378811 0.0010878469721875457 -0.010530195148222305 -0.0019878359712256688 -0.00098427511067733725 -0.0027282856178251209 0.0025557677862506145 0.00065703908288456119 0.013457212316216901
leaf_weight=1985 526 209 636 375 204 337 209 421 5936 9924 2094 9268 1126 370
leaf_count=1985 526 209 636 375 204 337 209 421 5936 9924 2094 9268 1126 370
internal_value=-9.62959e-05 -0.00191722 -0.00105458 -0.00230106 -0.00143672 0.00369577 0.00824451 -0.00699784 0.000176464 7.58949e-05 0.000635821 0.00158115 -0.000809489 0.00385714
internal_weight=33620 4376 3746 3110 2735 750 413 630 29244 28718 18794 11362 7432 1496
internal_count=33620 4376 3746 3110 2735 750 413 630 29244 28718 18794 11362 7432 1496
is_linear=0
shrinkage=0.03


Tree=117
num_leaves=15
num_cat=0
split_feature=0 7 7 0 9 13 1 4 13 10 6 4 11 14
split_gain=17.3602 20.9581 26.504 23.1852 24.7186 21.1653 21.0013 19.2614 19.1919 25.5085 33.8491 29.5984 24.2917 24.147
threshold=0.48470490798635862 0.13568236948795601 0.48755586332398076 0.48201302287236608 0.65448067712568625 4.5000000000000009 0.58344988332839909 0.0951213122277111 8.5000000000000018 1.1687417560180549 1.1584585776387148 0.0951213122277111 0.8265801487445662 1.0000000180025095e-35
decision_type=2 10 10 2 2 2 2 2 2 2 8 2 2 2
left_child=1 7 5 4 -4 -3 -6 -1 9 11 12 -2 -11 -10
right_child=8 2 3 -5 6 -7 -8 -9 13 10 -12 -13 -14 -15
leaf_value=-0.0039491502627674972 0.0017946040038223144 0.00058597486466169355 -0.0073460151427876081 -0.0079573748129945412 -0.005642149689784973 -0.01053741529656517 0.0024899448079262424 0.0059264203408764815 0.0021840374469586656 -0.0012536174921090233 0.0091166976870348058 -0.005012180594411584 0.0017444851649659487 -0.00021660409059447527
leaf_weight=264 795 208 367 408 341 582 1641 522 7404 7146 355 2052 3681 7678
leaf_count=264 795 208 367 408 341 582 1641 522 7404 7146 355 2052 3681 7678
internal_value=-4.43074e-05 -0.0018148 -0.00279659 -0.00140219 -0.00024913 -0.00762346 0.00108015 0.00260544 0.000219486 -0.00057908 6.68244e-05 -0.00311163 -0.000233978 0.000962243
internal_weight=33444 4333 3547 2757 2349 790 1982 786 29111 14029 11182 2847 10827 15082
internal_count=33444 4333 3547 2757 2349 790 1982 786 29111 14029 11182 2847 10827 15082
is_linear=0
shrinkage=0.03


Tree=118
num_leaves=15
num_cat=0
split_feature=9 9 11 11 0 8 1 10 11 9 9 8 11 2
split_gain=13.6442 30.1638 18.7905 18.0695 16.0205 37.3467 33.4654 30.07 37.5541 34.244 31.5581 28.9008 80.9221 34.6999
threshold=0.55791268308252273 0.57981798101528637 0.088345891460375497 -0.98924481964251298 0.52335390380572144 -0.048249900247669925 4.6549147447136807 2.1043523981014425 0.7248450850542828 0.75008331118085636 0.75408375017991525 -0.033916676560666853 -0.15820238344515444 0.79472569504812929
decision_type=2 2 2 2 2 2 2 2 2 2 2 2 2 2
left_child=3 2 -2 -1 11 -6 7 -7 10 -10 -9 12 13 -3
right_child=1 4 -4 -5 5 6 -8 8 9 -11 -12 -13 -14 -15
leaf_value=0.0045540472342596424 0.011825438470458955 -0.0041362151399613606 0.00048393496807607193 -0.0047833506829159317 -0.011358920643406529 0.00011689807298640275 0.012957900755203146 0.0093049023601682792 -0.0023655347405292558 0.0099685077457207019 -0.0015604471549853307 -0.0010118183299192688 0.0057806484066702411 0.0063352595046744682
leaf_weight=226 319 1760 222 978 212 8746 209 293 251 1010 1244 15648 2198 335
leaf_count=226 319 1760 222 978 212 8746 209 293 251 1010 1244 15648 2198 335
internal_value=0.000110203 0.000226767 0.00721849 -0.00301906 0.000107102 0.00097472 0.00120193 0.000983574 0.00368759 0.00751379 0.000534282 -0.000413599 0.00176555 -0.00245068
internal_weight=33651 32447 541 1204 31906 11965 11753 11544 2798 1261 1537 19941 4293 2095
internal_count=33651 32447 541 1204 31906 11965 11753 11544 2798 1261 1537 19941 4293 2095
is_linear=0
shrinkage=0.03


Tree=119
num_leaves=15
num_cat=0
split_feature=11 5 11 11 12 12 6 10 9 2 3 11 12 11
split_gain=21.9952 18.327 17.7261 28.1694 20.4726 20.0092 19.4412 27.8873 51.7255 36.1567 38.9416 35.6965 31.251 30.1428
threshold=-2.4502255466764673 0.42869794979965464 -1.7435857400749577 -1.6568785767275487 -0.063396565963314763 0.023440617688577529 -0.19637870936514304 1.7485031182329245 0.7602605763872966 0.64127997660362468 0.91549295774648021 0.8265801487445662 -0.052449443977993386 -0.37056019623666075
decision_type=2 2 2 2 2 2 8 2 2 2 2 2 2 2
left_child=-1 -2 4 -4 -3 -6 7 9 13 10 11 -5 -10 -9
right_child=1 2 3 6 5 -7 -8 8 12 -11 -12 -13 -14 -15
leaf_value=0.0085790852273113279 0.00640745734187815 0.003030046502684975 0.0098156101326099948 -0.00013298400673812739 -0.010625744075983164 -0.00053947544155212546 0.00029484394664536066 0.0016210261589059461 -0.003021376733734117 -0.0065542345685548351 0.011193807804705323 -0.0096452312762319876 0.0061135672158333446 -0.0089008110030817222
leaf_weight=262 384 266 255 1840 442 294 24649 411 445 1622 217 435 1352 597
leaf_count=262 384 266 255 1840 442 294 24649 411 445 1622 217 435 1352 597
internal_value=2.95639e-06 -6.59857e-05 -0.000142679 -1.86716e-05 -0.00406144 -0.00662754 -9.96528e-05 -0.00150425 0.000801619 -0.0030755 -0.000802656 -0.00196897 0.00384933 -0.00462383
internal_weight=33471 33209 32825 31823 1002 736 31568 6919 2805 4114 2492 2275 1797 1008
internal_count=33471 33209 32825 31823 1002 736 31568 6919 2805 4114 2492 2275 1797 1008
is_linear=0
shrinkage=0.03


Tree=120
num_leaves=15
num_cat=0
split_feature=8 9 14 12 12 5 12 6 12 1 6 8 6 9
split_gain=14.5866 27.9522 38.6668 42.6953 39.406 57.7568 34.5378 29.7965 26.7554 36.2818 32.2219 24.9426 30.7891 24.7659
threshold=0.013124928903403119 0.9192618419259303 1.0000000180025095e-35 0.015425234328119432 0.023440617688577529 3.3526130128328817 -0.056744758969700819 -0.15899886363370794 0.021894570368893199 0.66343233707192129 0.045962971058356235 0.024298388925987836 -0.039630691197473082 1.2234642229910391
decision_type=2 2 2 2 2 2 2 10 2 2 10 2 8 2
left_child=13 2 4 6 -2 -6 -4 -5 -3 -10 -11 12 -8 -1
right_child=1 8 3 7 5 -7 11 -9 9 10 -12 -13 -14 -15
leaf_value=-0.00084116675936305439 0.01060482884984142 0.0011199744483788882 0.0073980116175327189 -0.0010311665579643976 -0.0002411614510232215 0.016468490913752718 0.0055410517087237463 0.0047883764937328458 0.0042306648646530344 -0.0013635296117711843 -0.0090252831988634138 -0.0077198268970413066 -0.0089499350307446907 0.0032427448434725979
leaf_weight=19656 783 2639 233 1307 1241 214 353 1998 470 1042 938 994 204 1429
leaf_count=19656 783 2639 233 1307 1241 214 353 1998 470 1042 938 994 204 1429
internal_value=-8.33593e-05 0.000732231 0.00191799 0.000471144 0.00519961 0.00226446 -0.0032634 0.00248889 -0.000975202 -0.00322969 -0.00500678 -0.00488364 0.000201352 -0.000563683
internal_weight=33501 12416 7327 5089 2238 1455 1784 3305 5089 2450 1980 1551 557 21085
internal_count=33501 12416 7327 5089 2238 1455 1784 3305 5089 2450 1980 1551 557 21085
is_linear=0
shrinkage=0.03


Tree=121
num_leaves=15
num_cat=0
split_feature=9 11 13 9 6 7 13 6 9 6 9 7 13 9
split_gain=23.6836 25.5738 25.1142 27.3847 35.7368 30.9348 26.3862 37.9104 33.9607 30.3278 35.2771 31.2296 29.3348 60.6147
threshold=0.55791268308252273 -2.4502255466764673 32.500000000000007 1.1483880290580533 0.28654997494956497 0.070443853733234932 23.500000000000004 -0.33753106756465245 0.57981798101528637 0.30706604543043098 0.64467322050748321 0.6857308447855256 19.500000000000004 0.84246074991028919
decision_type=2 2 2 2 10 8 2 8 2 10 2 10 2 2
left_child=-1 -2 6 4 5 -4 8 -8 -3 10 -9 -12 -10 -14
right_child=1 2 3 -5 -6 -7 7 9 12 -11 11 -13 13 -15
leaf_value=-0.0041735358322918144 0.0098613413985585794 0.0083516833171093565 -0.0088877328657495942 -0.010119384766264372 0.0078681207292538597 -0.00073269759806258127 -0.0086438221817774705 -0.0052163604830867023 0.00013942426638894421 -0.0052974838256486696 0.0049516723610964816 0.014627762012062714 0.001473403609193423 -0.010061594365469108
leaf_weight=1203 235 428 563 378 315 1596 216 236 24689 255 1414 380 862 775
leaf_count=1203 235 428 563 378 315 1596 216 236 24689 255 1414 380 862 775
internal_value=-4.92447e-05 0.000104785 3.18495e-05 -0.00265286 -0.00149394 -0.0028749 0.000293983 0.00323757 1.826e-05 0.00437713 0.00560244 0.00703619 -0.000118782 -0.00400159
internal_weight=33545 32342 32107 2852 2474 2159 29255 2501 26754 2285 2030 1794 26326 1637
internal_count=33545 32342 32107 2852 2474 2159 29255 2501 26754 2285 2030 1794 26326 1637
is_linear=0
shrinkage=0.03


Tree=122
num_leaves=15
num_cat=0
split_feature=8 2 7 1 9 3 2 11 13 9 8 13 13 3
split_gain=17.0396 19.5899 32.6054 33.362 22.7525 15.979 26.0862 32.4552 34.6849 33.199 20.2862 21.6829 38.7098 33.6486
threshold=0.046918107011675474 0.5114503816793895 0.60344487421977433 1.5742255181889597 0.75834799569190892 0.7809450605761088 0.64562612461194646 -0.95703741706597389 8.5000000000000018 0.85784464202165711 -0.047289646088979474 27.500000000000004 12.500000000000002 0.91891891891892052
decision_type=2 2 10 2 2 2 2 2 2 2 2 2 2 2
left_child=5 -2 3 4 -3 -1 7 8 9 -7 -9 12 -12 -14
right_child=1 2 -4 -5 -6 6 -8 10 -10 -11 11 -13 13 -15
leaf_value=-0.0010786555081228595 -0.00074994629155575017 -0.0028387089739243185 0.015624351437611039 -0.0081272263315622685 0.0084046015526131924 0.0095316438680682555 -0.00064333708248887349 -0.0063257026839298458 0.014491310692822734 -0.0070253985737700293 0.00060887347153820812 -0.0053110445984176002 0.0042335114250444386 0.017696996680785244
leaf_weight=15887 1032 220 205 203 588 228 9860 313 352 200 3132 377 652 222
leaf_count=15887 1032 220 205 203 588 228 9860 313 352 200 3132 377 652 222
internal_value=-0.000230254 0.00228947 0.00486148 0.00261295 0.00534467 -0.000412008 0.000278719 0.00193803 0.0075848 0.00180292 0.00099304 0.0015223 0.0021712 0.00773451
internal_weight=33471 2248 1216 1011 808 31223 15336 5476 780 428 4696 4383 4006 874
internal_count=33471 2248 1216 1011 808 31223 15336 5476 780 428 4696 4383 4006 874
is_linear=0
shrinkage=0.03


Tree=123
num_leaves=15
num_cat=0
split_feature=2 6 1 5 1 7 0 8 4 13 2 0 7 11
split_gain=16.8229 42.3553 18.7725 36.8841 31.1889 52.8946 50.6645 42.933 47.5388 38.3475 31.1102 45.0805 27.9417 26.0321
threshold=0.92889619546151903 -0.070675179950360253 1.835234362625026 3.4893510294921186 1.3846975497098681 0.39748410818371033 0.54907298095791168 -0.033166534267470071 0.27596336797875948 22.500000000000004 0.69140481493387151 0.50158612774228717 1.1178346945507978 -0.12796554066833385
decision_type=2 8 2 2 2 8 2 2 2 2 2 2 10 2
left_child=2 -2 4 13 -1 6 -6 8 -7 10 11 -9 -5 -4
right_child=1 -3 3 12 5 7 -8 9 -10 -11 -12 -13 -14 -15
leaf_value=1.6040027677294063e-05 -0.0049344843804304088 0.012527459203982008 -3.9768948281672698e-05 0.00034375301149276342 -0.0046476015119381632 0.023828679179621025 0.0093972358971680572 0.0085608610477426964 0.0039057275654578753 0.01248972024341498 0.012565925709520266 -0.0028131645355473876 0.012426631993958321 -0.0042636222911817791
leaf_weight=23000 205 307 2464 459 1121 216 286 430 215 364 209 1119 271 2807
leaf_count=23000 205 307 2464 459 1121 216 286 430 215 364 209 1119 271 2807
internal_value=0.000186082 0.00555576 0.000101843 -0.00141496 0.000439666 0.002897 -0.00176955 0.00546724 0.0140491 0.00369525 0.00184406 0.000361633 0.00488334 -0.00229103
internal_weight=33473 512 32961 6001 26960 3960 1407 2553 431 2122 1758 1549 730 5271
internal_count=33473 512 32961 6001 26960 3960 1407 2553 431 2122 1758 1549 730 5271
is_linear=0
shrinkage=0.03


Tree=124
num_leaves=15
num_cat=0
split_feature=2 7 0 7 7 3 9 0 0 10 11 3 1 11
split_gain=13.2478 34.5793 27.1005 23.7566 25.3218 36.4354 31.0052 26.3379 24.9611 25.4127 25.136 23.3751 31.9077 30.0194
threshold=0.63880006902498343 0.048893810163281738 0.49736784004709872 1.014564827969509 0.24283240603853595 0.93419272934364783 0.74482264967563672 0.55163641171411737 0.50582952635667355 2.6656699818167566 0.8990797344512923 0.79474833371638909 0.73455352233085425 -1.2284655704079199
decision_type=2 8 2 10 10 2 2 2 2 2 2 2 2 2
left_child=1 -1 -2 4 5 7 -7 -4 -6 10 -10 -3 -13 -14
right_child=2 11 3 -5 8 6 -8 -9 9 -11 -12 12 13 -15
leaf_value=0.0066249416077302555 -0.0034951530111752456 -0.00029324659297847908 -0.0035256617010642074 -0.0081724220525043502 0.0081719537304679492 -0.003460872636684334 0.0049388628001823037 0.0020084648514052898 0.0034261464823120498 -0.0069245018817129583 -0.0033276203780705795 -0.0012200880989997919 0.013707987932114354 0.003025391191621556
leaf_weight=805 2476 14705 3641 307 530 549 1383 979 2393 310 621 1668 254 2845
leaf_count=805 2476 14705 3641 307 530 549 1383 979 2393 310 621 1668 254 2845
internal_value=7.00897e-05 0.000551428 -0.000669857 -1.55462e-05 0.000228909 -0.000905965 0.00254921 -0.00235205 0.00215693 0.00118702 0.0020314 0.000298705 0.00212312 0.00392163
internal_weight=33466 20277 13189 10713 10406 6552 1932 4620 3854 3324 3014 19472 4767 3099
internal_count=33466 20277 13189 10713 10406 6552 1932 4620 3854 3324 3014 19472 4767 3099
is_linear=0
shrinkage=0.03


Tree=125
num_leaves=15
num_cat=0
split_feature=6 5 9 9 14 13 1 11 7 9 13 13 5 11
split_gain=15.5089 32.7197 48.1539 50.7518 41.6613 40.7203 32.3095 30.2989 29.6112 29.5673 25.5725 37.3363 92.9318 28.2006
threshold=-0.16157370263177626 2.7019630364309886 0.75617663077380748 0.85573986191420603 1.0000000180025095e-35 49.500000000000007 0.78006014031885684 0.8265801487445662 0.33443091795170149 0.91153700064035104 46.500000000000007 38.500000000000007 2.2226679493548107 -0.015664414254239912
decision_type=8 2 2 2 2 2 2 2 8 2 2 2 2 2
left_child=1 5 -3 6 -5 7 -4 -1 -6 -9 11 -2 -13 -12
right_child=10 2 3 4 8 -7 -8 9 -10 -11 13 12 -14 -15
leaf_value=-0.0019596161093181678 0.00038691097420306573 -0.0036757370148582371 0.0020997944364853954 -0.004544773047287386 0.015510309749903776 0.0072549795817758419 0.01661270526099597 -0.011216720163077116 0.0013782397423628249 0.0015617082316883549 -0.0092582992246995378 0.023386821007791804 -0.0026534093544860644 0.0018888463147221446
leaf_weight=5247 23002 972 213 601 211 379 396 645 352 216 499 213 282 341
leaf_count=5247 23002 972 213 601 211 379 396 645 352 216 499 213 282 341
internal_value=-1.81546e-05 -0.00106478 0.00167868 0.00461618 0.000930818 -0.00222608 0.0115952 -0.00281983 0.00676454 -0.00802047 0.000379008 0.000563291 0.0086736 -0.00474869
internal_weight=33569 9232 2745 1773 1164 6487 609 6108 563 861 24337 23497 495 840
internal_count=33569 9232 2745 1773 1164 6487 609 6108 563 861 24337 23497 495 840
is_linear=0
shrinkage=0.03


Tree=126
num_leaves=15
num_cat=0
split_feature=0 6 13 1 0 13 12 13 1 9 14 13 13 6
split_gain=18.0024 26.2752 32.567 27.9724 30.7393 29.3985 38.0779 37.4777 34.8332 39.1021 39.3499 28.5406 28.0826 27.2411
threshold=0.48470490798635862 0.035996812325222678 -1.4999999999999998 1.5602135139368649 0.49702097260170092 8.5000000000000018 0.014897170712720899 15.500000000000002 1.1685577024278739 0.777548665509875 1.0000000180025095e-35 11.500000000000002 32.500000000000007 0.0053194558570608405
decision_type=2 10 2 2 2 2 2 2 2 2 2 2 2 10
left_child=-1 13 -3 5 -5 -4 8 -8 9 10 -7 -11 -9 -2
right_child=1 2 3 4 -6 6 7 12 -10 11 -12 -13 -14 -15
leaf_value=-0.0017951445237971665 0.00064926057869790505 0.0041004011156860476 -0.0023204097471612919 0.0046861607030080198 -0.0051939993173495949 0.01693678217465416 -0.0072896700894612377 0.00519602701559957 0.010942298370484561 0.0077487179680277027 7.1390846316687391e-05 -0.0039040572342406489 -0.0063115436370285707 0.0050153910283966679
leaf_weight=4319 16653 1070 3726 318 2363 255 686 666 506 239 239 838 262 1389
leaf_count=4319 16653 1070 3726 318 2363 255 686 666 506 239 239 838 262 1389
internal_value=1.1499e-05 0.000278891 -0.000864497 -0.00139235 -0.00401555 -0.00044209 0.00145461 -0.00199865 0.00413644 0.00191659 0.00885968 -0.0012943 0.00193071 0.000986692
internal_weight=33529 29210 11168 10098 2681 7417 3691 1614 2077 1571 494 1077 928 18042
internal_count=33529 29210 11168 10098 2681 7417 3691 1614 2077 1571 494 1077 928 18042
is_linear=0
shrinkage=0.03


Tree=127
num_leaves=15
num_cat=0
split_feature=12 4 10 12 12 10 9 4 12 6 13 4 11 10
split_gain=17.0569 21.1329 22.7963 14.4743 23.4435 25.4855 17.6629 16.7979 26.3359 19.9077 26.0462 17.3589 17.9537 19.8733
threshold=-0.18803099766993905 0.31978291822687982 1.7432056323542693 0.097102134660517439 0.088212722694750459 1.5014357278053001 0.86156639838358096 0.60901163688745785 0.19308970184659788 -0.13325403490428575 18.500000000000004 0.49503550251981587 1.448937827350667 1.6731707279682093
decision_type=2 2 2 2 2 2 2 2 2 10 2 2 2 2
left_child=1 2 -1 4 -2 -6 -7 11 9 -9 -11 12 13 -5
right_child=3 -3 -4 7 5 6 -8 8 -10 10 -12 -13 -14 -15
leaf_value=0.0016838279899771083 9.7734854115060779e-05 -0.0025291297638965452 0.01544988980139228 -0.0031987288088397002 -0.0021692422853958645 0.016101272764080521 0.0036775107025736713 -0.002428584264068688 -0.0069315977371114442 0.012503464202136667 -0.00054301470947953369 -0.0096234345070419711 -0.0080232117503790477 0.0022654062046884344
leaf_weight=214 27802 227 217 1550 228 216 200 281 249 339 229 294 384 970
leaf_count=214 27802 227 217 1550 228 216 200 281 249 339 229 294 384 970
internal_value=8.05767e-05 0.00484446 0.00871246 -1.58858e-05 0.000229326 0.0058657 0.0102429 -0.00163794 0.00155841 0.00407442 0.00728469 -0.00273609 -0.00202347 -0.00109515
internal_weight=33400 658 431 32742 28446 644 416 4296 1098 849 568 3198 2904 2520
internal_count=33400 658 431 32742 28446 644 416 4296 1098 849 568 3198 2904 2520
is_linear=0
shrinkage=0.03


Tree=128
num_leaves=15
num_cat=0
split_feature=8 4 2 13 12 11 3 2 7 9 12 9 13 1
split_gain=15.3987 33.7969 24.5936 31.9641 16.7537 16.068 14.7564 14.5188 32.1975 33.0119 25.2916 24.6688 24.5535 35.4267
threshold=0.046918107011675474 0.039185117701070561 0.5114503816793895 11.500000000000002 0.019678280224404657 -2.4502255466764673 0.77870829965512145 0.63880006902498343 0.048893810163281738 1.1298345145080473 -0.1509149372583117 1.1546276733861245 -7.4999999999999991 1.1397583156322688
decision_type=2 2 2 2 2 2 2 2 8 2 2 2 2 2
left_child=5 -2 -3 -4 -5 -1 -6 8 -7 10 -10 -11 13 -12
right_child=1 2 3 4 6 7 -8 -9 9 11 12 -13 -14 -15
leaf_value=0.007292860983341763 0.013043990618354625 -0.0025407924367199567 0.010623904650794788 0.006376868947559307 0.002491480667148516 0.0064181049943460317 -0.008466922271248142 -0.00094070257906803654 0.0076896667558254157 -0.011763561180131476 -0.0014906311550898091 -0.0020878226709989392 0.00021090516993152751 0.015637064625053678
leaf_weight=259 239 875 421 243 204 759 232 12287 438 264 207 2038 14776 222
leaf_count=259 239 875 421 243 204 759 232 12287 438 264 207 2038 14776 222
internal_value=9.44595e-05 0.0025093 0.00120475 0.00418218 0.000139653 -7.70013e-05 -0.00336948 -0.00013976 0.000386505 0.000129676 0.000623563 -0.00322055 0.000417554 0.00745069
internal_weight=33464 2214 1975 1100 679 31250 436 30991 18704 17945 15643 2302 15205 429
internal_count=33464 2214 1975 1100 679 31250 436 30991 18704 17945 15643 2302 15205 429
is_linear=0
shrinkage=0.03


Tree=129
num_leaves=15
num_cat=0
split_feature=7 2 11 7 0 11 0 6 6 7 2 11 12 12
split_gain=12.8296 23.1595 17.6177 13.9121 9.29076 25.895 11.5373 11.0323 9.54694 31.612 41.7991 19.3784 28.0355 17.0911
threshold=2.9675518174293773 0.065578287836149399 0.014212365648473262 2.752944772579669 0.57865085242139025 0.63057097079112101 0.57357386216008055 -0.026163683176665727 -0.39236275715008978 0.558746440675157 0.42699025507215577 -1.7990638628463662 -0.092065447750317206 -0.016615406712274124
decision_type=10 2 2 8 2 2 2 8 8 10 2 2 2 2
left_child=1 2 -1 4 6 7 8 -6 9 -3 -11 12 -10 -14
right_child=-2 3 -4 -5 5 -7 -8 -9 11 10 -12 -13 13 -15
leaf_value=0.012649601896822715 -0.0055566930114513344 -0.0016434185209263622 0.00069198828173859766 -0.0060227734539446166 -0.0056029252611499809 0.012248503688203457 -0.0063556593229831286 0.003908641165932235 0.0055020032827251099 0.00010590097861792738 0.015136069782203236 -1.6055260376388725e-05 -0.011772034753179341 -0.0030639478542603725
leaf_weight=222 373 819 218 347 205 203 258 225 213 356 308 28946 337 511
leaf_count=222 373 819 218 347 205 203 258 225 213 356 308 28946 337 511
internal_value=-6.10183e-05 1.6131e-06 0.00679949 -9.08032e-05 -2.63152e-05 0.00355809 -9.83311e-05 -0.000638223 -4.60635e-05 0.00229949 0.00713874 -0.000162349 -0.00413471 -0.00657331
internal_weight=33541 33168 440 32728 32381 633 31748 430 31490 1483 664 30007 1061 848
internal_count=33541 33168 440 32728 32381 633 31748 430 31490 1483 664 30007 1061 848
is_linear=0
shrinkage=0.03


Tree=130
num_leaves=15
num_cat=0
split_feature=6 6 7 10 0 0 6 8 11 6 8 11 10 3
split_gain=12.1741 32.7611 32.3646 26.7544 32.1316 25.8036 35.5093 28.5113 23.7438 32.1155 44.3166 30.3965 35.1409 29.4652
threshold=-0.11942271382397183 -0.084287967960278085 0.49872705058620592 1.8262521272493226 0.49639366842977911 0.4950206087887159 -0.098375913823807323 -0.026507978177668003 -0.79539742159395044 0.24805594310278137 0.02538402230065848 -0.92731446091572456 1.4558562226179703 0.80891573061327959
decision_type=8 10 8 2 2 2 10 2 2 10 2 2 2 2
left_child=3 2 -2 -1 -5 7 -7 -4 9 10 -3 12 -11 -14
right_child=1 8 5 4 -6 6 -8 -9 -10 11 -12 -13 13 -15
leaf_value=-0.0019017309163479746 -0.00017459701645254554 -0.0019654806930397926 0.0048004265115508486 -0.0034061181372002278 0.0025503609515713402 -0.00025073730937120585 0.011369544217602057 0.0205506581065115 0.00055388950663003654 0.015053501339534873 -0.011688539592159838 -0.0073848342568409147 -0.0039802036333891847 0.0081734730495446467
leaf_weight=6974 1115 2068 207 1076 3311 644 369 210 15814 212 526 241 411 311
leaf_count=6974 1115 2068 207 1076 3311 644 369 210 15814 212 526 241 411 311
internal_value=5.04787e-05 0.000460305 0.00365883 -0.000747598 0.0010872 0.00663802 0.00401717 0.0128817 4.3798e-05 -0.00209435 -0.00395577 0.0020144 0.00446609 0.00127518
internal_weight=33489 22128 2545 11361 4387 1430 1013 417 19583 3769 2594 1175 934 722
internal_count=33489 22128 2545 11361 4387 1430 1013 417 19583 3769 2594 1175 934 722
is_linear=0
shrinkage=0.03


Tree=131
num_leaves=15
num_cat=0
split_feature=2 6 4 6 6 2 8 12 12 6 6 9 9 0
split_gain=17.5318 46.7319 15.6227 14.9867 31.5251 26.2326 24.1774 34.1411 23.384 21.0368 22.0692 18.3848 17.11 17.0162
threshold=0.92889619546151903 -0.065787101838033588 0.003291349254508523 0.30706604543043098 0.28654997494956497 0.45450658789691639 0.023287331873823234 -0.044620812561051153 0.10727832259735144 0.035996812325222678 -0.017907156533675802 0.777548665509875 0.91415558162501254 0.49702097260170092
decision_type=2 8 2 10 10 2 2 2 2 8 10 2 2 2
left_child=2 -2 -1 4 8 -5 11 -8 -4 10 13 -7 -9 -10
right_child=1 -3 3 5 -6 6 7 12 9 -11 -12 -13 -14 -15
leaf_value=-0.0070106523067081875 -0.0054404392613150989 0.012768733291146911 0.0005604380446766257 -0.0049067904724582256 0.0088617866177580894 -0.0062258499121106833 0.014943495422440509 0.0059128299053935775 -0.0090711526271815487 -0.0057718602814684156 0.0085375314288433975 0.00014190475241124693 -0.0038779948858427816 -0.00030056089890422298
leaf_weight=272 206 316 25367 1381 385 564 203 310 229 1012 215 1442 323 1337
leaf_count=272 206 316 25367 1381 385 564 203 310 229 1012 215 1442 323 1337
internal_value=0.000170629 0.0055993 8.40271e-05 0.000143979 0.000390816 -0.00152298 0.000127023 0.0043981 0.00027345 -0.00232942 -0.000362679 -0.00165946 0.000925641 -0.00160789
internal_weight=33562 522 33040 32768 28545 4223 2842 836 28160 2793 1781 2006 633 1566
internal_count=33562 522 33040 32768 28545 4223 2842 836 28160 2793 1781 2006 633 1566
is_linear=0
shrinkage=0.03


Tree=132
num_leaves=15
num_cat=0
split_feature=3 2 9 13 1 9 13 3 2 1 13 1 2 0
split_gain=17.9808 29.7526 31.9203 20.1948 32.7026 38.6176 57.7316 51.3597 20.5447 19.5118 19.3648 31.7289 24.3217 44.1851
threshold=0.85455715455715786 0.71740532959326908 0.55091885801998786 57.500000000000007 2.0955324074315569 0.70183934904956968 23.500000000000004 0.94301347415629055 0.82150455957672297 1.835234362625026 8.5000000000000018 1.0949856785441374 0.83004385964912597 0.53228134274662664
decision_type=2 2 2 2 2 2 2 2 2 2 2 2 2 2
left_child=1 2 -1 4 9 -6 7 8 -7 10 -2 -12 13 -13
right_child=3 -3 -4 -5 5 6 -8 -9 -10 -11 11 12 -14 -15
leaf_value=-0.0064090168619385128 -0.00043399191825268423 -0.00330831859218687 0.00028452906022866911 -0.0057187191238551524 -0.0050056772849832966 0.0048754768841292552 0.02252917287182318 0.016765560067924005 -0.0081222741566063673 -0.0056562543425120806 0.00058195414657387606 0.0047034096617445155 0.00087723624312101007 0.018276179753015064
leaf_weight=658 3968 2660 19501 366 211 225 214 205 204 394 3165 842 632 288
leaf_count=658 3968 2660 19501 366 211 225 214 205 204 394 3165 842 632 288
internal_value=0.000146728 -0.000329295 6.45133e-05 0.00116026 0.00140621 0.00638838 0.00923618 0.00460809 -0.00132764 0.000835077 0.00112562 0.00238084 0.00560131 0.00822794
internal_weight=33533 22819 20159 10714 10348 1059 848 634 429 9289 8895 4927 1762 1130
internal_count=33533 22819 20159 10714 10348 1059 848 634 429 9289 8895 4927 1762 1130
is_linear=0
shrinkage=0.03


Tree=133
num_leaves=15
num_cat=0
split_feature=8 9 12 6 12 6 12 10 0 0 6 1 9 11
split_gain=14.8602 32.2462 35.674 24.8683 22.5196 28.5576 27.2128 35.3473 24.6592 26.4681 21.8892 40.4687 32.6216 30.9793
threshold=0.016715212644299645 1.2066528560021363 -0.061847978297925869 -0.020024245968650763 0.14158085129865619 1.4084203280439545 0.074332522571395901 1.3346839272659952 0.50498903679822593 0.49463358724939294 -0.32661863717113776 0.77545259508528985 0.73916364020584135 -1.4374630685385681
decision_type=2 2 2 8 2 8 2 2 2 2 10 2 2 2
left_child=4 10 -3 -4 5 6 -1 -8 9 -9 11 -2 -13 -12
right_child=1 2 3 -5 -6 -7 7 8 -10 -11 13 12 -14 -15
leaf_value=-0.00073111995358125011 -0.012445750898018264 0.0050414831118415233 0.0010087962402480426 -0.0090493819376605243 -0.0044851698810473468 0.0070792491661569781 -0.0032883090958230853 0.0062545893891213858 0.0088968756188146664 -0.0064703439517052172 -0.0062335507651424095 -0.0051394060839870344 0.0079188290516370372 0.0023534847479494293
leaf_weight=18662 273 340 313 742 1165 468 574 341 813 251 391 354 326 8500
leaf_count=18662 273 340 313 742 1165 468 574 341 813 251 391 354 326 8500
internal_value=1.48786e-05 0.000903974 -0.00335699 -0.00607461 -0.000433843 -0.000209242 -0.000376171 0.00296441 0.00552151 0.000850385 0.0015092 -0.0028015 0.00113297 0.00197256
internal_weight=33513 11239 1395 1055 22274 21109 20641 1979 1405 592 9844 953 680 8891
internal_count=33513 11239 1395 1055 22274 21109 20641 1979 1405 592 9844 953 680 8891
is_linear=0
shrinkage=0.03


Tree=134
num_leaves=15
num_cat=0
split_feature=10 6 5 3 0 3 6 6 13 12 2 10 0 11
split_gain=13.9972 29.3077 24.4487 23.3263 22.6643 30.2971 23.9517 32.5097 45.8977 40.6245 20.9149 21.2676 24.098 25.3035
threshold=1.8331640488202348 -0.11942271382397183 0.60001063515049979 0.35891561518720289 0.56030814183493527 0.6944444444444432 -0.22990247675488726 -0.26871734823127086 33.500000000000007 -0.061847978297925869 0.34595875496349399 2.1416001350554166 0.5374214666690641 1.5710952622743588
decision_type=2 10 2 2 2 2 10 8 2 2 2 2 2 2
left_child=1 2 -1 -4 6 -6 7 8 9 -2 -8 12 13 -12
right_child=4 -3 3 -5 5 -7 10 -9 -10 -11 11 -13 -14 -15
leaf_value=0.0077922877155501271 -0.010882519857386256 0.0005626268089488197 -0.011168881997443463 -0.0017808630139585411 -0.0029159810195112418 0.010443389804993226 0.0029037662538764367 0.0084369464871989937 0.012938701587225326 0.0015480263931995513 0.0034943654302808103 -0.0019412930306356112 -0.0048115148145798587 -0.005107802573853815
leaf_weight=227 298 13310 242 6884 221 477 1827 767 239 1076 2329 4677 495 350
leaf_count=227 298 13310 242 6884 221 477 1827 767 239 1076 2329 4677 495 350
internal_value=0.000205259 -0.000277138 -0.00179658 -0.00210729 0.00098648 0.0062229 0.000680906 0.00337374 0.000947501 -0.00117766 1.72867e-05 -0.000655844 0.00123838 0.00236311
internal_weight=33419 20663 7353 7126 12756 698 12058 2380 1613 1374 9678 7851 3174 2679
internal_count=33419 20663 7353 7126 12756 698 12058 2380 1613 1374 9678 7851 3174 2679
is_linear=0
shrinkage=0.03


Tree=135
num_leaves=15
num_cat=0
split_feature=7 7 12 0 11 3 10 0 6 6 1 11 5 8
split_gain=13.3928 18.0828 14.4462 11.8716 26.9372 20.4521 13.4413 25.5196 19.8642 32.4892 26.5179 23.0481 21.4332 19.2664
threshold=2.752944772579669 2.5170058997878542 -0.18803099766993905 0.57865085242139025 -0.32634617409553485 0.81047657158101438 1.5409198903016599 0.56658012885579345 -0.10059768169328913 -0.088988291062336008 1.5466324811254601 -1.1629608909653051 0.9904419778698873 -0.057570151008341473
decision_type=10 10 2 2 2 2 2 2 10 10 2 2 2 2
left_child=1 2 -1 6 -5 -6 7 8 10 -10 11 -4 -13 -11
right_child=-2 -3 3 4 5 -7 -8 -9 9 13 -12 12 -14 -15
leaf_value=0.0046847133893083218 -0.0046146276194070071 0.0081415882406770772 0.0082003948973419834 -0.004606587386801155 0.0014016511850059032 0.014384476510951151 0.00052941754490797271 -0.0084391755349934108 0.010302777321000272 -0.0078610839266608015 -0.0066420393738304022 -0.0075771771561249793 -0.0007119020645917827 0.00032038627379385638
leaf_weight=616 520 252 228 213 207 229 17678 370 283 263 897 458 3540 7750
leaf_count=616 520 252 228 213 207 229 17678 370 283 263 897 458 3540 7750
internal_value=0.00013929 0.000214925 0.000152664 6.50214e-05 0.00406557 0.00830639 -1.81218e-05 -0.000720025 -0.000504122 0.000402967 -0.00197199 -0.000974057 -0.00150685 4.71221e-05
internal_weight=33504 32984 32732 32116 649 436 31467 13789 13419 8296 5123 4226 3998 8013
internal_count=33504 32984 32732 32116 649 436 31467 13789 13419 8296 5123 4226 3998 8013
is_linear=0
shrinkage=0.03


Tree=136
num_leaves=15
num_cat=0
split_feature=7 7 5 9 0 1 1 8 8 7 11 8 10 7
split_gain=13.9402 14.0637 23.9504 24.986 22.1922 27.6147 32.8469 40.7041 19.7747 19.6051 20.0527 20.9047 18.7262 17.5871
threshold=2.752944772579669 1.5532520295397982 1.6013085909654918 0.71209930056494497 0.49535450531740483 1.3750734994836729 1.7560852544771808 -0.024454613777509699 -0.041125058664896012 -0.13891908505626946 -1.1201354685682667 -0.03087752257612085 1.8703651038678684 1.2114622892380538
decision_type=10 10 2 2 2 2 2 2 2 8 2 2 2 8
left_child=1 4 3 -3 5 9 12 8 -8 -1 11 -11 -7 -12
right_child=-2 2 -4 -5 -6 6 7 -9 -10 10 13 -13 -14 -15
leaf_value=0.0033754622436660739 -0.0050255002077581766 -0.0009663340792452034 0.000166792814240772 0.0096823344438987449 0.00019264191368168829 0.011688177136892682 -0.0026246740676854788 -0.0098529636177193854 0.0083295950893360598 -0.0046509135317802427 -0.0032568953335929927 0.0069011671986016964 0.00041576265099926201 -0.0085979619301643339
leaf_weight=415 508 299 2064 579 23644 351 280 340 306 245 3404 319 212 662
leaf_count=415 508 299 2064 579 23644 351 280 340 306 245 3404 319 212 662
internal_value=-0.000118001 -4.19816e-05 0.00193614 0.00607103 -0.000235114 -0.00178196 0.00180349 -0.00167218 0.00311755 -0.00284092 -0.00340115 0.0018862 0.00748453 -0.00413599
internal_weight=33628 33120 2942 878 30178 6534 1489 926 586 5045 4630 564 563 4066
internal_count=33628 33120 2942 878 30178 6534 1489 926 586 5045 4630 564 563 4066
is_linear=0
shrinkage=0.03


Tree=137
num_leaves=15
num_cat=0
split_feature=0 4 0 8 5 8 3 2 13 6 6 12 13 12
split_gain=14.6462 44.2426 23.2816 16.8969 12.8613 74.7319 33.0202 34.1008 30.2719 30.3054 36.7332 33.9843 33.2405 31.2988
threshold=0.57865085242139025 0.3078155656343588 0.57357386216008055 0.06729662155389933 1.1767563343281593 -0.028616678286353833 0.94641489827171221 0.74698795180722211 -1.4999999999999998 0.29991030354395948 0.28021936171511935 0.097102134660517439 36.500000000000007 0.10081796241052322
decision_type=2 2 2 2 2 2 2 2 2 10 10 2 2 2
left_child=2 -2 3 4 5 -1 7 -7 -6 10 11 -10 13 -11
right_child=1 -3 -4 -5 8 6 -8 -9 9 12 -12 -13 -14 -15
leaf_value=-0.0047919437919938289 -0.0030710337161136093 0.012538002186261539 -0.0088201804287425835 0.0069728102809971286 0.0032480922710687865 0.0039871880790967196 0.012923155673749886 -0.004652238276118559 0.00014187888621178138 -0.0055771545938229682 0.010299551569635553 -0.0035682655231959724 0.0066211545696577079 0.0023165859167237537
leaf_weight=1285 333 313 263 310 2040 2817 309 477 19184 2473 294 2508 278 550
leaf_count=1285 333 313 263 310 2040 2817 309 477 19184 2473 294 2508 278 550
internal_value=7.42879e-05 0.00453007 -1.41787e-05 5.83721e-05 -9.23621e-06 0.00140726 0.00362177 0.00273097 -0.000262817 -0.000546642 -0.000143921 -0.000287806 -0.00322465 -0.00413953
internal_weight=33434 646 32788 32525 32215 4888 3603 3294 27327 25287 21986 21692 3301 3023
internal_count=33434 646 32788 32525 32215 4888 3603 3294 27327 25287 21986 21692 3301 3023
is_linear=0
shrinkage=0.03


Tree=138
num_leaves=15
num_cat=0
split_feature=0 7 7 12 12 7 5 12 8 7 0 9 14 9
split_gain=17.159 21.5784 25.3982 35.8774 22.2143 22.1493 29.1427 16.8193 18.7955 16.5936 15.7806 15.9222 44.9866 41.5435
threshold=0.48470490798635862 0.92530667001851274 1.0848521436732608 0.025039997927306382 -0.041323449154758822 0.20169253764506281 0.95411136006891584 0.1494147633931843 0.06729662155389933 1.6446199877222851 0.48563974849680019 0.65928167455689246 1.0000000180025095e-35 0.62797775725694094
decision_type=2 10 10 2 2 8 2 2 2 10 2 2 2 2
left_child=1 5 -3 4 -4 -1 -7 8 10 -6 -2 12 13 -12
right_child=7 2 3 -5 9 6 -8 -9 -10 -11 11 -13 -14 -15
leaf_value=0.00090200354602102632 0.0075751468432949482 0.0089175654262227504 -0.0026173649549888199 -0.0087519264310124065 0.0010374977726275352 0.0042766410324413312 -0.0066998592203060441 -0.0026153079278826321 0.0073324509222920126 0.01130613339209775 0.0022494180736549458 -3.597462494340193e-05 -0.00097371852329885601 0.011708160245239735
leaf_weight=738 264 286 493 372 291 248 1615 1725 346 273 1271 22718 2136 620
leaf_count=738 264 286 493 372 291 248 1615 1725 346 273 1271 22718 2136 620
internal_value=-8.5837e-06 -0.00177258 0.000838542 -0.000803849 0.00202143 -0.00349255 -0.00523115 0.000253485 0.000434835 0.00606363 0.000345132 0.000272362 0.0020097 0.00537334
internal_weight=33396 4316 1715 1429 1057 2601 1863 29080 27355 564 27009 26745 4027 1891
internal_count=33396 4316 1715 1429 1057 2601 1863 29080 27355 564 27009 26745 4027 1891
is_linear=0
shrinkage=0.03


Tree=139
num_leaves=15
num_cat=0
split_feature=13 7 13 0 2 9 10 7 12 13 12 4 2 7
split_gain=20.4619 35.8095 35.1401 26.3799 17.7531 16.0056 21.7401 21.622 18.8331 22.339 19.7939 18.5745 17.5786 18.022
threshold=-3.4999999999999996 1.5049489419702524 -10.499999999999998 0.51613299871923368 0.92889619546151903 0.90422240350449579 1.3289856809589584 -0.63623462193552405 -0.1118308120692683 12.500000000000002 -0.078323148033263831 0.27317602605804364 0.75167914126956104 -0.079955573799864066
decision_type=2 8 2 2 2 2 2 10 2 2 2 2 2 10
left_child=1 2 -1 -4 5 8 -7 -8 9 11 -10 -2 13 -9
right_child=4 -3 3 -5 -6 6 7 12 10 -11 -12 -13 -14 -15
leaf_value=-0.0030038974351482462 0.0052718561934450492 -0.0025859514666559114 0.0050215215806752971 0.016776232127076723 0.0053057046426604106 -0.0034585337130218548 0.0090448925067793656 0.006072260471836231 -0.0041628153279560723 0.010314789055175378 0.00029741180088511845 -0.0058840188582521338 -0.0032077849007012787 -0.0003425029751991132
leaf_weight=235 320 558 389 312 519 2748 207 413 939 354 17421 224 1906 6909
leaf_count=235 320 558 389 312 519 2748 207 413 939 354 17421 224 1906 6909
internal_value=-1.02195e-05 0.00341542 0.0069879 0.010335 -0.000170864 -0.000262095 -0.00111288 -0.000428223 0.000276277 0.004506 6.82276e-05 0.000666508 -0.000645504 2.32209e-05
internal_weight=33454 1494 936 701 31960 31441 12183 9435 19258 898 18360 544 9228 7322
internal_count=33454 1494 936 701 31960 31441 12183 9435 19258 898 18360 544 9228 7322
is_linear=0
shrinkage=0.03


Tree=140
num_leaves=15
num_cat=0
split_feature=13 8 13 8 4 10 3 7 7 8 11 13 10 10
split_gain=16.2065 28.4423 38.7683 19.2819 15.9866 21.6546 12.0624 26.8864 51.0469 63.8543 27.2724 34.2072 33.4869 32.4937
threshold=-3.4999999999999996 -0.0047818456666828546 -9.4999999999999982 -0.03087752257612085 0.075262382877513495 1.4672380929363011 0.78489147622370725 0.40249823623889797 0.45165364057380436 -0.019842224873947194 1.1208370103904624 8.5000000000000018 2.3209566457996682 1.4959380697089524
decision_type=2 2 2 2 2 2 2 8 8 2 2 2 2 2
left_child=1 2 -1 -4 -3 -6 -2 -8 9 -9 11 -10 13 -13
right_child=6 4 3 -5 5 -7 7 8 10 -11 -12 12 -14 -15
leaf_value=-0.0096141763979825986 -0.00069423705472658373 0.014194303733561564 0.011124473660827824 -0.00067875648239770759 0.011355178396444062 -0.0011913130815756298 -0.00050865605109654379 0.023403762833554349 -0.00039785494249774495 0.0027452442073519086 -0.003283259490443263 0.0019502262964275817 -0.0048044625032470437 0.010062531585979799
leaf_weight=285 16525 213 204 307 217 278 9569 212 2220 359 1008 807 271 992
leaf_count=285 16525 213 204 307 217 278 9569 212 2220 359 1008 807 271 992
internal_value=1.23745e-05 0.0030505 -0.000842532 0.00409543 0.00740262 0.00436742 -0.000131037 0.000471847 0.00206956 0.0105519 0.00114628 0.00218968 0.00495899 0.00643898
internal_weight=33467 1504 796 511 708 495 31963 15438 5869 571 5298 4290 2070 1799
internal_count=33467 1504 796 511 708 495 31963 15438 5869 571 5298 4290 2070 1799
is_linear=0
shrinkage=0.03


Tree=141
num_leaves=15
num_cat=0
split_feature=9 10 9 2 8 12 9 6 13 0 13 1 5 9
split_gain=16.7737 22.5534 19.4742 27.479 40.712 26.4689 18.4621 17.5659 23.3518 32.7802 28.5837 39.8548 34.707 30.9418
threshold=0.55791268308252273 1.3645391265780933 0.60080258935519815 0.62428462067497625 -0.014649223634250393 -1.0000000180025095e-35 0.60843291461822313 0.030369632428893348 28.500000000000004 0.49133122939935742 22.500000000000004 0.77075589680984435 2.5265989089993193 0.8009363808631953
decision_type=2 2 2 2 2 2 2 10 2 2 2 2 2 2
left_child=1 -1 3 4 -2 -5 -4 8 10 -10 12 -12 -8 -13
right_child=2 -3 6 5 -6 -7 7 -9 9 -11 11 13 -14 -15
leaf_value=-0.0076281262598618732 -0.0004401720482511101 0.00062022108614036308 -0.0078548500133650521 0.0061946409363561952 0.013890355423272651 -0.0079659550380806483 -0.00048510063357936158 -0.00082834440418520588 -0.011249736285040945 -0.00077636866951199656 -0.0053690836975856873 0.014079377385871948 0.0024393272914518455 0.0031635241255288569
leaf_weight=590 319 597 263 208 399 264 9206 12269 308 1918 238 437 6048 504
leaf_count=590 319 597 263 208 399 264 9206 12269 308 1918 238 437 6048 504
internal_value=5.84887e-07 -0.00349443 0.000129222 0.00388762 0.00756444 -0.00172617 -1.47681e-05 5.31599e-05 0.000632849 -0.00224748 0.00102358 0.00551405 0.000674814 0.00828046
internal_weight=33568 1187 32381 1190 718 472 31191 30928 18659 2226 16433 1179 15254 941
internal_count=33568 1187 32381 1190 718 472 31191 30928 18659 2226 16433 1179 15254 941
is_linear=0
shrinkage=0.03


Tree=142
num_leaves=15
num_cat=0
split_feature=13 6 6 13 0 1 8 3 1 11 1 6 0 6
split_gain=17.3827 21.9558 26.6353 19.1093 15.551 24.0204 12.2388 12.8493 23.0963 27.134 30.6944 30.2836 24.695 23.1486
threshold=-3.4999999999999996 -0.15899886363370794 -0.084287967960278085 -9.4999999999999982 0.52482153461517422 1.2220770591697236 0.06729662155389933 0.85455715455715786 0.60699514873994131 -0.17688903907024514 0.4597158396875794 0.03342509583654852 0.49428839693499166 0.48022268532712281
decision_type=2 8 10 2 2 2 2 2 2 2 2 8 2 10
left_child=1 -1 -3 -4 5 -5 7 -2 9 12 11 -11 -9 -10
right_child=6 2 3 4 -6 -7 -8 8 13 10 -12 -13 -14 -15
leaf_value=-0.004350913789979107 -0.00075767086163958824 0.014360162796669226 -0.0031861930002107411 0.0027385611407624634 -0.0014558977962842265 0.016205622539788054 0.0052200396427074629 0.0017427167811511475 0.0016194174843762021 0.014419036774233179 -0.0033743237333934161 -0.0014228787509990588 -0.0096106607750729312 -0.0050970166913269733
leaf_weight=291 21147 210 330 287 201 202 356 238 7818 224 648 205 608 486
leaf_count=291 21147 210 330 287 201 202 356 238 7818 224 648 205 608 486
internal_value=-0.000122005 0.00300557 0.00475657 0.00271896 0.00554577 0.00840936 -0.000272377 -0.000335521 0.000537327 -0.00242123 0.000739114 0.00691971 -0.00642521 0.0012235
internal_weight=33251 1521 1230 1020 690 489 31730 31374 10227 1923 1077 429 846 8304
internal_count=33251 1521 1230 1020 690 489 31730 31374 10227 1923 1077 429 846 8304
is_linear=0
shrinkage=0.03


Tree=143
num_leaves=15
num_cat=0
split_feature=4 7 1 7 9 6 13 13 1 8 11 1 14 11
split_gain=14.0055 26.5173 24.2842 27.2969 26.9464 36.9753 29.008 27.3872 24.988 23.5993 43.7528 34.0529 30.3689 36.5099
threshold=0.26254743749640591 -0.29430255133067468 1.0555264354962746 0.28430746327455308 0.76992847117542873 -0.26118419605874271 21.500000000000004 2.5000000000000004 1.9238242382961708 -0.020888040295833941 0.3887687404634978 0.9103795377165157 1.0000000180025095e-35 0.88592892337386242
decision_type=2 10 2 8 2 10 2 2 2 2 2 2 2 2
left_child=2 -2 9 -4 5 -5 7 -7 -9 10 -1 -11 13 -12
right_child=1 -3 3 4 -6 6 -8 8 -10 11 12 -13 -14 -15
leaf_value=-0.0047054903096790616 0.0041773279555746027 -0.0010561826816271715 -0.0026062934155789397 -0.0026095096575457374 0.0011958771044346869 0.012195579622723701 0.01681633615696972 0.0059289255075789284 -0.005340491257744228 0.001375067100344625 0.014399350388170955 -0.0039705524347558177 -0.0056334992241114379 0.00051593852093961162
leaf_weight=2337 920 15045 981 387 3324 409 259 631 241 6750 281 1270 270 423
leaf_count=2337 920 15045 981 387 3324 409 259 631 241 6750 281 1270 270 423
internal_value=-0.000110398 -0.000753383 0.000474132 0.00197753 0.00283555 0.00565351 0.00773173 0.00583671 0.00280164 -0.000353238 -0.00248204 0.00052662 0.00284967 0.00611994
internal_weight=33528 15965 17563 6232 5251 1927 1540 1281 872 11331 3311 8020 974 704
internal_count=33528 15965 17563 6232 5251 1927 1540 1281 872 11331 3311 8020 974 704
is_linear=0
shrinkage=0.03


Tree=144
num_leaves=15
num_cat=0
split_feature=8 0 3 13 13 5 11 2 5 13 11 0 10 3
split_gain=15.2206 25.1588 10.405 27.2259 32.512 59.3831 46.2632 32.128 38.5163 29.3087 27.0685 26.5841 32.3608 25.4345
threshold=0.064028345784128221 0.55023997933997915 0.75294117647058945 8.5000000000000018 17.500000000000004 0.82384487229950121 1.0665080292000024 0.69140481493387151 2.2672129334451308 7.5000000000000009 -0.30314020023617771 0.52278795690501301 1.3918056906925766 0.86666666666666647
decision_type=2 2 2 2 2 2 2 2 2 2 2 2 2 2
left_child=2 -2 -1 9 -5 -6 7 8 11 -4 -11 12 -7 -9
right_child=1 -3 3 4 5 6 -8 13 -10 10 -12 -13 -14 -15
leaf_value=-0.00054385094724561259 -0.0016261430591045095 0.011369271732125713 -0.00024898662716609421 0.0034943362089654541 0.012015693348253352 0.013686200882712343 -0.0077747008966764924 -0.0051662315360799169 -0.0024807987094121447 -0.015086464906971041 -0.0021828346303722208 0.015103513436112555 -0.00073618056297373882 0.00061909109742158035
leaf_weight=15135 256 274 7310 4401 344 207 724 1038 513 229 396 295 411 1984
leaf_count=15135 256 274 7310 4401 344 207 724 1038 513 229 396 295 411 1984
internal_value=0.000116127 0.00513571 3.47112e-05 0.000525234 0.00157287 3.80251e-05 -0.000769469 0.000378221 0.00408192 -0.000784243 -0.00699294 0.00776283 0.00416569 -0.00137331
internal_weight=33517 530 32987 17852 9917 5516 5172 4448 1426 7935 625 913 618 3022
internal_count=33517 530 32987 17852 9917 5516 5172 4448 1426 7935 625 913 618 3022
is_linear=0
shrinkage=0.03


Tree=145
num_leaves=15
num_cat=0
split_feature=10 12 6 8 6 13 13 2 1 12 6 13 8 12
split_gain=12.7589 11.8359 19.1381 17.8391 17.8164 18.3273 44.7 41.8926 34.068 25.7451 30.332 19.6377 19.3767 19.5968
threshold=0.67051717034057379 0.035711458272099379 1.4084203280439545 -0.0047818456666828546 inf 27.500000000000004 23.500000000000004 0.65247687619663786 3.5807299999995945 0.037938670447802532 0.060416993365756906 -1.4999999999999998 -0.040571332787969906 0.058684157315294479
decision_type=2 2 8 2 8 2 2 2 2 2 10 2 2 2
left_child=-1 2 -2 -4 5 6 9 -8 -7 -3 11 -11 -13 -14
right_child=1 4 3 -5 -6 8 7 -9 -10 10 -12 12 13 -15
leaf_value=-0.0054332743148944171 0.00022762353508617156 -0.008960399032683572 0.011617658494550979 -0.00026992818988535717 -0.0094747947797982554 -0.0050835718874546812 0.017868258171261118 -0.00031703338059822366 0.0077688543709381573 -0.0049707207084025463 -0.0024818769019024382 0.010056439404563682 -0.0017164253560692834 0.0025848638934789403
leaf_weight=396 21361 316 254 202 206 1511 229 222 207 427 3447 233 1370 3108
leaf_count=396 21361 316 254 202 206 1511 229 222 207 427 3447 233 1370 3108
internal_value=-0.000114139 -4.96773e-05 0.000358194 0.00640585 -0.000838642 -0.000673728 -0.000149818 0.00901142 -0.00351695 -0.000618802 -0.000306724 0.00115354 0.00171332 0.00126848
internal_weight=33489 33093 21817 456 11276 11070 9352 451 1718 8901 8585 5138 4711 4478
internal_count=33489 33093 21817 456 11276 11070 9352 451 1718 8901 8585 5138 4711 4478
is_linear=0
shrinkage=0.03


Tree=146
num_leaves=15
num_cat=0
split_feature=6 8 11 5 11 0 0 12 12 5 8 0 2 8
split_gain=17.3008 40.5907 31.8072 31.4783 25.0744 23.1093 21.7873 16.5608 22.9018 13.7639 39.9766 47.4635 38.4683 34.0906
threshold=0.4500601609096217 -0.019549622312225002 -0.35956690302311006 2.0209419798938915 -0.22974226770544678 0.51069277509970801 0.49428839693499166 0.078343722343518565 -0.021970770673148395 1.9073108552727205 -0.033916676560666853 0.51891252686211142 0.81304612111541574 -0.027919213086689008
decision_type=10 2 2 2 2 2 2 2 2 2 2 2 2 2
left_child=9 4 3 -3 -2 -4 -6 8 -7 12 11 -11 13 -1
right_child=1 2 5 -5 6 7 -8 -9 -10 10 -12 -13 -14 -15
leaf_value=-0.0031013825130825688 -0.014065738835096434 0.010942990727489815 -0.0098938852944945709 -0.0028576052210160662 0.0027446116106368081 0.003383909732995116 -0.0092888414716341561 0.0064806914730351174 -0.0090502447966972124 0.0058988012969339214 2.2473579924380561e-05 -0.0046624944671366277 -0.0054941392818863774 0.00082609350801360869
leaf_weight=2616 338 379 300 240 253 254 282 232 271 2146 16124 462 1343 8245
leaf_count=2616 338 379 300 240 253 254 282 232 271 2146 16124 462 1343 8245
internal_value=-0.000126295 -0.00249941 0.000237269 0.00561217 -0.00772476 -0.00292198 -0.00362553 -0.000112219 -0.00305931 6.96119e-05 0.000580318 0.00402256 -0.000714191 -0.000120877
internal_weight=33485 2549 1676 619 873 1057 535 757 525 30936 18732 2608 12204 10861
internal_count=33485 2549 1676 619 873 1057 535 757 525 30936 18732 2608 12204 10861
is_linear=0
shrinkage=0.03


Tree=147
num_leaves=15
num_cat=0
split_feature=14 6 6 6 10 6 5 4 8 12 1 5 6 6
split_gain=11.1421 31.7025 21.6721 29.9604 52.0041 45.9056 29.8061 25.6778 25.6225 32.3072 23.4224 23.2288 29.8054 30.8679
threshold=1.0000000180025095e-35 -0.59511045898302484 0.030369632428893348 -0.16157370263177626 2.1318247168020945 -0.24938853950776099 2.0529767191740436 0.13558380198690648 -0.022897270453502542 -0.027266586187962846 1.9015887776534091 1.1767563343281593 -0.024335641480105582 -0.01355897580942955
decision_type=2 10 8 10 2 10 2 2 2 2 2 2 10 10
left_child=1 -1 3 4 6 -6 -2 -8 9 -5 -4 -10 -13 -14
right_child=2 -3 10 8 5 -7 7 -9 11 -11 -12 12 13 -15
leaf_value=0.0089373464722508986 -0.0061648845988716075 0.00018952824162754328 -0.0012254106881455398 0.0027622380635218685 0.010511435093322814 -0.0026722870047750143 -0.005704311011541059 0.0021735339822882616 0.0085392633745811075 -0.010187244104026858 -0.0060127523587732946 0.00014892493622226216 0.016007062155934695 0.0033971997583420364
leaf_weight=376 1682 17449 5441 356 522 430 558 1095 537 330 1103 2568 221 789
leaf_count=376 1682 17449 5441 356 522 430 558 1095 537 330 1103 2568 221 789
internal_value=-0.000136137 0.000376509 -0.000720634 0.000227335 -0.00159453 0.00457375 -0.00335952 -0.000494958 0.00185412 -0.00349574 -0.0020363 0.00274914 0.00186943 0.00622165
internal_weight=33457 17825 15632 9088 4287 952 3335 1653 4801 686 6544 4115 3578 1010
internal_count=33457 17825 15632 9088 4287 952 3335 1653 4801 686 6544 4115 3578 1010
is_linear=0
shrinkage=0.03


Tree=148
num_leaves=15
num_cat=0
split_feature=13 7 13 4 4 1 8 11 7 9 1 8 10 10
split_gain=14.1147 28.879 20.378 15.8551 17.9867 29.0082 33.6712 31.7368 31.0241 31.7224 31.7861 37.3561 58.1685 25.1156
threshold=-3.4999999999999996 1.5049489419702524 -9.4999999999999982 0.003291349254508523 0.16059768984267306 0.84662489238774963 -0.017224341991598304 -0.30314020023617771 0.40789939979582263 0.84037814390358323 1.5466324811254601 -0.01088812841637562 1.4959380697089524 0.97387077735726946
decision_type=2 8 2 2 2 2 2 2 8 2 2 2 2 2
left_child=1 2 -1 -2 5 6 7 -5 -7 10 11 12 -10 -6
right_child=3 -3 -4 4 13 8 -8 -9 9 -11 -12 -13 -14 -15
leaf_value=-0.0009337036554251429 -0.0074894911641638509 -0.0024375853541944367 0.0088257459201748611 -0.0077372963484618569 -0.0038839239098255487 -0.0014113118439344136 0.0011708377450371148 -8.2485989215958896e-05 0.025438758699208731 0.0011717169403847125 0.00081326219135187036 0.0044596361968281253 0.0070219724013788065 -0.00017900553782901994
leaf_weight=266 250 565 684 919 1800 1342 3682 1032 249 2044 634 798 408 18790
leaf_count=266 250 565 684 919 1800 1342 3682 1032 249 2044 634 798 408 18790
internal_value=9.55522e-05 0.00292005 0.00610252 -3.88239e-05 2.11109e-05 0.000993807 -0.000517545 -0.00369877 0.00254783 0.00383353 0.00642898 0.0088648 0.0141413 -0.000503758
internal_weight=33463 1515 950 31948 31698 11108 5633 1951 5475 4133 2089 1455 657 20590
internal_count=33463 1515 950 31948 31698 11108 5633 1951 5475 4133 2089 1455 657 20590
is_linear=0
shrinkage=0.03


Tree=149
num_leaves=15
num_cat=0
split_feature=4 7 0 5 0 0 10 10 6 10 5 8 11 11
split_gain=12.1773 34.6942 30.2369 30.11 29.0981 35.7397 19.9946 22.2521 34.5659 32.9939 39.4497 26.7289 19.5003 19.2786
threshold=0.47991114280532371 -0.29430255133067468 0.48755213352441251 2.8967115580435951 0.49901325525010459 0.52389769054547419 2.5797729668139202 1.1162073521613658 -0.070675179950360253 1.5459004320060701 1.3975164229509265 -0.00048270125443986971 -0.6142863091712073 0.55396840402214331
decision_type=2 10 2 2 2 2 2 2 10 2 2 2 2 2
left_child=-1 -2 -3 6 -5 13 7 8 -4 -9 12 -10 -11 -6
right_child=1 2 3 4 5 -7 -8 9 11 10 -12 -13 -14 -15
leaf_value=0.00030786341756938647 0.0063347516725512426 -0.0069452708099819313 -0.012202381760529849 0.012942310261120363 0.0030026254845115373 0.0056576221191378543 -0.0097164411102957007 0.0028576588240419327 -0.0079382479085303177 -6.0476144237439031e-05 -0.0048534356281117099 0.005872236947308887 0.011212429574755734 -0.0070524756011706427
leaf_weight=25085 535 824 409 208 260 759 282 1529 228 386 1891 270 210 487
leaf_count=25085 535 824 409 208 260 759 282 1529 228 386 1891 270 210 487
internal_value=-2.14022e-05 -0.00101877 -0.00153062 -0.000881221 0.00256254 0.00109087 -0.00201662 -0.00156615 -0.00579664 -0.000604685 -0.00273479 -0.000466693 0.00397176 -0.00355601
internal_weight=33363 8278 7743 6919 1714 1506 5205 4923 907 4016 2487 498 596 747
internal_count=33363 8278 7743 6919 1714 1506 5205 4923 907 4016 2487 498 596 747
is_linear=0
shrinkage=0.03


Tree=150
num_leaves=15
num_cat=0
split_feature=11 3 7 7 7 9 8 13 13 5 7 14 3 1
split_gain=13.0043 18.3869 14.7939 21.1712 21.431 19.5523 19.5952 12.6852 28.9135 18.2851 13.1132 12.4497 27.5551 27.9288
threshold=-2.2813313261318302 0.83921645465324357 -0.45442130527491881 -0.36044273470956872 -0.31199476595718717 0.80476167807245658 0.0061781252057425684 56.500000000000007 61.000000000000007 2.1330154311326606 2.9675518174293773 1.0000000180025095e-35 0.92647058823529282 1.7735387786179906
decision_type=2 2 8 8 8 2 2 2 2 2 10 2 2 2
left_child=1 -1 5 -4 -5 -2 -7 10 9 -9 11 -6 13 -13
right_child=2 -3 3 4 7 6 -8 8 -10 -11 -12 12 -14 -15
leaf_value=-0.0010425007782983952 -0.0030033477414909697 0.011671347972096466 -0.0070317086772271834 0.0083710658697058269 0.00059399161655800483 0.013720373457677111 0.0010647285901583157 -0.015388792351647433 0.0025166330996074411 -0.0030625294970396235 -0.0056128269305825229 -0.00044297713095269709 0.0030048583981058174 -0.0041489694977032117
leaf_weight=203 214 200 392 264 16431 238 203 206 350 229 370 10365 1664 2218
leaf_count=203 214 200 392 264 16431 238 203 206 350 229 370 10365 1664 2218
internal_value=9.53285e-06 0.00533281 -5.59878e-05 -0.000146295 -6.11218e-05 0.00439058 0.00797201 -0.000132356 -0.00388641 -0.00900833 -3.68302e-05 3.13243e-05 -0.000617578 -0.00109762
internal_weight=33547 403 33144 32489 32097 655 441 31833 785 435 31048 30678 14247 12583
internal_count=33547 403 33144 32489 32097 655 441 31833 785 435 31048 30678 14247 12583
is_linear=0
shrinkage=0.03


Tree=151
num_leaves=15
num_cat=0
split_feature=4 10 6 12 1 1 10 11 13 13 1 10 4 7
split_gain=13.6427 25.8394 19.9565 23.8282 22.8618 26.7995 22.6409 23.5179 25.793 26.8792 22.6019 31.2814 26.1867 20.056
threshold=0.2485209833429253 1.1162073521613658 -0.46356670726579469 0.034125265176785664 1.0482618606454952 1.0092729066316826 0.82261127040046034 0.96726625287272572 27.500000000000004 20.500000000000004 0.66791249879323056 2.1043523981014425 0.15196482558511007 0.48137793476120422
decision_type=2 2 10 2 2 2 2 2 2 2 2 2 2 8
left_child=2 -2 3 -1 5 6 -4 8 9 -8 13 12 -12 -9
right_child=1 -3 4 -5 -6 -7 7 10 -10 -11 11 -13 -14 -15
leaf_value=0.0099266107939629308 -0.0035690672985661553 -0.00028630295280777587 0.0059443277094414545 -0.0013254485259919116 0.0017095994642514136 -0.0084864338033583103 -0.001364813685228267 0.01037702866563683 0.0060779313443658448 -0.0088790220552933397 -0.0090232137277177198 0.0052571183545453261 0.0039423835441561002 0.0017183062320321309
leaf_weight=413 2545 14044 486 283 5833 372 6707 420 385 453 446 448 200 561
leaf_count=413 2545 14044 486 283 5833 372 6707 420 385 453 446 448 200 561
internal_value=-0.000178855 -0.000790852 0.000418157 0.0053746 0.00020508 -0.000632887 -0.000339746 -0.000660139 -0.00143799 -0.00184609 0.0021649 -0.000800552 -0.00500965 0.00545923
internal_weight=33596 16589 17007 696 16311 10478 10106 9620 7545 7160 2075 1094 646 981
internal_count=33596 16589 17007 696 16311 10478 10106 9620 7545 7160 2075 1094 646 981
is_linear=0
shrinkage=0.03


Tree=152
num_leaves=15
num_cat=0
split_feature=2 7 8 0 7 7 11 2 12 9 5 11 0 8
split_gain=16.5981 27.2944 26.241 20.0217 30.8484 41.1771 41.9861 31.1666 25.8327 24.2906 19.131 54.4737 27.3918 34.7336
threshold=0.64562612461194646 0.048893810163281738 -0.0028536188115349426 0.49736784004709872 0.88801457139230311 0.34576146618006087 1.5942749340409004 0.84615384615384881 -0.027266586187962846 0.86555627964253101 1.5587831460953796 -0.32634617409553485 0.5183633267611979 -0.0051310148741253803
decision_type=2 8 2 2 10 10 2 2 2 2 2 2 2 2
left_child=1 2 -1 -2 5 10 7 8 9 -7 11 12 -5 -14
right_child=3 -3 -4 4 -6 6 -8 -9 -10 -11 -12 -13 13 -15
leaf_value=-0.00051144211438234244 -0.0032429991250515107 0.00039379751289996521 0.010016570956291522 0.0058255866843721135 -0.0082699379555004476 0.020100168743602386 -0.0073552884742578801 -0.0049623337799105157 0.0042675110180488297 0.0057198024821725297 -8.8807486938611684e-05 -0.010892553231814532 -0.012116982281977839 0.00095499454085902686
leaf_weight=356 2360 19843 524 455 403 200 283 256 1564 230 5554 613 266 561
leaf_count=356 2360 19843 524 455 403 200 283 256 1564 230 5554 613 266 561
internal_value=9.99205e-05 0.000623805 0.00577868 -0.000751811 -0.000184398 0.000146013 0.00344638 0.00481829 0.00608325 0.0125625 -0.000977822 -0.00357632 -4.92661e-05 -0.00329709
internal_weight=33468 20723 880 12745 10385 9982 2533 2250 1994 430 7449 1895 1282 827
internal_count=33468 20723 880 12745 10385 9982 2533 2250 1994 430 7449 1895 1282 827
is_linear=0
shrinkage=0.03


Tree=153
num_leaves=15
num_cat=0
split_feature=8 11 8 4 4 7 9 11 12 12 9 11 9 0
split_gain=16.1615 27.6649 25.4449 27.1041 29.0667 23.3214 21.2857 46.3563 37.2115 20.9929 20.8875 24.8331 19.9307 28.5655
threshold=0.030390399749203639 -1.5023330247860067 0.032055762021376118 0.97252320963946615 0.74603376622507156 0.41288273752814153 0.74668252222449383 0.49826895660061327 0.079733190357512099 0.14158085129865619 1.3415662015545811 -0.30314020023617771 1.1423082250056258 0.51123807233815266
decision_type=2 2 2 2 2 8 2 2 2 2 2 2 2 2
left_child=9 -2 5 4 6 -3 7 8 -4 -1 11 -8 13 -11
right_child=1 2 3 -5 -6 -7 10 -9 -10 12 -12 -13 -14 -15
leaf_value=-1.1549099428711288e-05 -0.0081493035480595805 0.015513576307644446 -0.0010334856163811039 -0.0072264612139035719 0.011148206254478885 0.0024781247744546596 -0.0012382665892125022 -0.0083628236721317792 0.013108220751434731 -0.010847069844068295 -0.0047466156161347518 0.0047239671289291121 0.0020188790353317856 -0.0011061247636526561
leaf_weight=25461 254 220 661 313 278 279 841 577 219 517 322 2465 401 566
leaf_count=25461 254 220 661 313 278 279 841 577 219 517 322 2465 401 566
internal_value=0.000108501 0.00145941 0.00186093 0.00128607 0.00178916 0.00832211 0.00126704 -0.00179153 0.00254005 -0.000214034 0.00249614 0.00320768 -0.00367636 -0.00578471
internal_weight=33374 6429 6175 5676 5363 499 5085 1457 880 26945 3628 3306 1484 1083
internal_count=33374 6429 6175 5676 5363 499 5085 1457 880 26945 3628 3306 1484 1083
is_linear=0
shrinkage=0.03


Tree=154
num_leaves=15
num_cat=0
split_feature=6 14 9 1 0 6 11 12 6 11 12 12 10 9
split_gain=13.0387 30.6768 64.3068 26.7331 25.7265 31.461 70.0417 30.2059 28.4502 32.3392 51.1516 28.3761 48.8931 34.3778
threshold=0.066423999508906331 1.0000000180025095e-35 0.65928167455689246 0.80362972531564314 0.50689731367906588 -0.050589727676614842 -0.55501062579454985 -0.0032836508125183568 -0.063451139465191916 -0.42799462861989845 -0.06619210071979624 0.059785783574154323 1.5997310289816873 0.66909212508787708
decision_type=10 2 2 2 2 10 2 2 8 2 2 2 2 2
left_child=4 2 3 -2 -1 8 7 -7 9 10 -6 13 -13 -12
right_child=1 -3 -4 -5 5 6 -8 -9 -10 -11 11 12 -14 -15
leaf_value=-0.00056313115487433842 0.0022134390118935328 -0.0021408373326994479 -0.00010288702769855014 0.015003127488666322 -0.0056768628861755127 -0.0085745511602198145 0.0061101938456330522 0.0021010484360158444 -0.0047694892211116204 -0.00010742097804978924 0.010881354219908773 0.00041633727556440682 0.018489460607511502 0.0011717594136209019
leaf_weight=8587 242 5509 5329 378 424 474 2926 472 804 6051 438 221 341 1272
leaf_count=8587 242 5509 5329 378 424 474 2926 472 804 6051 438 221 341 1272
internal_value=0.000291843 -0.000528697 0.000964749 0.0100687 0.000719025 0.00153915 0.00381841 -0.00326499 0.000613624 0.00111087 0.00384037 0.00562504 0.0114488 0.00368325
internal_weight=33468 11458 5949 620 22010 13423 3872 946 9551 8747 2696 2272 562 1710
internal_count=33468 11458 5949 620 22010 13423 3872 946 9551 8747 2696 2272 562 1710
is_linear=0
shrinkage=0.03


Tree=155
num_leaves=15
num_cat=0
split_feature=2 6 2 3 2 4 10 11 1 1 9 8 4 5
split_gain=16.0212 22.5531 14.3696 16.7962 18.195 14.857 32.739 24.4258 18.7684 36.1251 46.2824 28.5364 27.0384 22.0237
threshold=0.92889619546151903 -0.058602945108426611 0.84615384615384881 0.88888888888888784 0.8571428571428602 0.99874761173323334 1.8703651038678684 0.033997097876434075 1.4392890466626926 1.5219730974207599 0.9812218344823741 0.056336380521225492 0.034206049745417362 2.4218997436212368
decision_type=2 8 2 2 2 2 2 2 2 2 2 2 2 2
left_child=2 -2 5 -4 -5 8 -7 -8 11 10 13 -1 -11 -10
right_child=1 -3 3 4 -6 6 7 -9 9 12 -12 -13 -14 -15
leaf_value=-0.00041406038596520007 -0.0023373005939956522 0.010480390912622655 -0.0091291862586036377 -0.0087130802366035907 -0.0002248094222696508 -0.006697937936204163 -0.0051177523040623176 0.0080185135771973122 0.016853756953964859 0.0080391460809830836 -0.0041845960044176195 0.0059293004928529505 0.00028260883696413916 0.0048390144993907501
leaf_weight=21287 206 298 288 259 1636 827 206 318 338 428 217 653 6146 238
leaf_count=21287 206 298 288 259 1636 827 206 318 338 428 217 653 6146 238
internal_value=-1.17498e-05 0.00526992 -9.35957e-05 -0.00244242 -0.00140482 7.40231e-05 -0.00299598 0.0028547 0.000216032 0.00152564 0.00755356 -0.000223955 0.000793324 0.0119737
internal_weight=33345 504 32841 2183 1895 30658 1351 524 29307 7367 793 21940 6574 576
internal_count=33345 504 32841 2183 1895 30658 1351 524 29307 7367 793 21940 6574 576
is_linear=0
shrinkage=0.03


Tree=156
num_leaves=15
num_cat=0
split_feature=3 8 8 9 8 0 9 0 0 7 0 8 3 3
split_gain=15.4655 28.3954 22.1912 20.5562 20.0101 24.732 32.1155 35.126 18.1446 22.2278 26.1234 31.3924 23.9412 32.4723
threshold=0.8526315789473714 0.038047075259114944 0.0412375298840277 1.0506243514447691 -0.047289646088979474 0.50411396658042273 0.93217886386019944 0.49017073588760529 0.5254198024051826 1.5049489419702524 0.49702097260170092 -0.0018969122162334241 0.56250000000000655 0.59347375192715157
decision_type=2 2 2 2 2 2 2 2 2 10 2 2 2 2
left_child=4 -2 -3 -4 5 6 7 -1 9 12 11 -11 -6 -14
right_child=1 2 3 -5 8 -7 -8 -9 -10 10 -12 -13 13 -15
leaf_value=-0.009262552013631669 0.00030318450124685643 0.014050691329462583 0.00057019100275851483 0.011010742145610819 -0.0043376399608113072 -0.010608459624711335 0.0068623658053833863 0.0049903559157003959 0.00085373899205086663 0.0022121719285297168 -0.0011490598887642838 0.014126405436905194 0.0063627570139694169 -0.0013136858267682665
leaf_weight=506 9652 210 658 224 2225 372 285 220 7517 871 1428 254 522 8430
leaf_count=506 9652 210 658 224 2225 372 285 220 7517 871 1428 254 522 8430
internal_value=-0.000113852 0.000823169 0.0053969 0.00326888 -0.000558804 -0.00404873 -0.00159473 -0.0049389 -0.00033074 -0.000979301 0.00154417 0.00495274 -0.00155614 -0.000862763
internal_weight=33374 10744 1092 882 22630 1383 1011 726 21247 13730 2553 1125 11177 8952
internal_count=33374 10744 1092 882 22630 1383 1011 726 21247 13730 2553 1125 11177 8952
is_linear=0
shrinkage=0.03


Tree=157
num_leaves=15
num_cat=0
split_feature=2 9 12 12 9 5 1 11 11 12 13 8 13 9
split_gain=16.6772 19.2794 13.6349 24.0079 27.6941 30.2548 18.1313 17.8034 29.6902 17.591 15.3429 28.0206 34.5512 18.7206
threshold=0.9205621086355088 0.86156639838358096 0.097102134660517439 0.08678903689504576 0.89881092477752023 2.5137183984433329 7.1910026536357066 1.4739093245302188 1.9255085152179696 0.10081796241052322 -3.4999999999999996 -0.0047818456666828546 -8.4999999999999982 0.92983298784537405
decision_type=2 2 2 2 2 2 2 2 2 2 2 2 2 2
left_child=2 -2 3 6 5 -5 10 9 -9 -4 11 12 -1 -13
right_child=1 -3 7 4 -6 -7 -8 8 -10 -11 -12 13 -14 -15
leaf_value=-0.0093224847271054408 -0.00012562531743059868 0.010278257439756999 -0.0091111540750323516 0.0026720882852934299 -0.0015897057616160682 0.018119391824037247 -0.0083981569322393694 -0.012353324748081176 0.00072417709770007535 -0.00039342428763041788 -0.00014461711716224832 0.012238901015832896 0.0049104436091211142 0.00099375836044755957
leaf_weight=260 344 295 217 245 312 212 228 338 286 3390 26411 358 360 212
leaf_count=260 344 295 217 245 312 212 228 338 286 3390 26411 358 360 212
internal_value=-6.1122e-05 0.00471993 -0.000154887 8.03845e-05 0.00529198 0.00995656 -6.45526e-05 -0.00174334 -0.00640136 -0.000929776 5.79636e-06 0.00333073 -0.00108503 0.00810151
internal_weight=33468 639 32829 28598 769 457 27829 4231 624 3607 27601 1190 620 570
internal_count=33468 639 32829 28598 769 457 27829 4231 624 3607 27601 1190 620 570
is_linear=0
shrinkage=0.03


Tree=158
num_leaves=15
num_cat=0
split_feature=5 7 2 5 4 10 3 6 1 9 2 5 3 8
split_gain=18.6523 14.752 19.2594 25.1808 15.8534 26.8685 16.8482 24.7812 28.7284 31.9243 45.6657 19.2645 18.2109 35.0373
threshold=0.42869794979965464 2.752944772579669 0.10782992442259749 1.434056070696865 0.10704388341577827 2.8071447339953686 0.48227331246048349 0.23604420150144403 1.3647862294925941 0.96646633041667496 0.34208711433756583 1.715997434533991 0.78489147622370725 -0.061234760704951575
decision_type=2 8 2 2 2 2 2 8 2 2 2 2 2 2
left_child=-1 4 3 -3 5 -2 7 8 11 10 -10 -6 13 -8
right_child=1 2 -4 -5 6 -7 12 -9 9 -11 -12 -13 -14 -15
leaf_value=0.0064316063431593086 0.00074463337750061722 0.0058678827434778215 -0.011403802069000884 -0.0050656900737358597 0.0062990979828378727 0.0090670635603490087 -0.013684064016734819 -0.0045213673704026921 0.0036568044052858436 -0.0012928833246178112 0.022160184561674085 -0.0038054220909067319 0.00012267122540258026 -0.0013279978070499271
leaf_weight=385 7205 275 221 583 267 362 206 365 247 206 233 447 12559 9963
leaf_count=385 7205 275 221 583 267 362 206 365 247 206 233 447 12559 9963
internal_value=-9.09205e-05 -0.000167656 -0.00360967 -0.00154765 -5.12684e-05 0.0011485 -0.000422089 0.00239731 0.00421078 0.0085714 0.0127745 -9.31312e-06 -0.000641516 -0.0015849
internal_weight=33524 33139 1079 858 32060 7567 24493 1765 1400 686 480 714 22728 10169
internal_count=33524 33139 1079 858 32060 7567 24493 1765 1400 686 480 714 22728 10169
is_linear=0
shrinkage=0.03


Tree=159
num_leaves=15
num_cat=0
split_feature=8 0 12 8 6 2 6 5 5 2 0 6 7 5
split_gain=16.9626 25.0308 10.0407 19.8037 25.3444 17.1089 11.6719 40.7227 33.9587 29.189 33.3661 34.6714 37.773 27.2872
threshold=0.064028345784128221 0.55023997933997915 -0.15750461501439703 -0.027573402180161233 0.27366550020084207 0.60583941605839409 0.030369632428893348 2.5137183984433329 2.4335310865527457 0.35441609280795061 0.49639366842977911 -0.050589727676614842 0.59770904007370274 1.1767563343281593
decision_type=2 2 2 2 8 2 10 2 2 2 2 10 8 2
left_child=2 -2 3 -1 5 -5 7 13 -8 -9 -11 -12 -13 -4
right_child=1 -3 6 4 -6 -7 8 9 -10 10 11 12 -14 -15
leaf_value=-0.0039367656559533585 -0.0014830159428467077 0.011705449002070559 0.0016600584514505519 0.0061147318009170705 0.011407584660311701 -0.0058794434298477249 0.0004857609491060184 0.0060614014120908043 -0.0026852562967572464 -0.0034935692346556796 0.00078507799061190177 0.01040092915008778 -0.00068572399937744501 -0.0016301201341702932
leaf_weight=281 247 265 3024 219 336 200 6937 1314 5403 1135 3839 798 421 9037
leaf_count=281 247 265 3024 219 336 200 6937 1314 5403 1135 3839 798 421 9037
internal_value=-1.6652e-06 0.00539023 -8.62688e-05 0.00281315 0.00533474 0.000387769 -0.000180834 0.000274805 -0.000903176 0.00200878 0.00114472 0.00218797 0.00658483 -0.000804842
internal_weight=33456 512 32944 1036 755 419 31908 19568 12340 7507 6193 5058 1219 12061
internal_count=33456 512 32944 1036 755 419 31908 19568 12340 7507 6193 5058 1219 12061
is_linear=0
shrinkage=0.03


Tree=160
num_leaves=15
num_cat=0
split_feature=11 0 11 9 9 9 3 5 10 2 1 6 6 2
split_gain=12.5112 11.7527 27.9002 19.6071 43.1088 35.2321 34.635 22.6962 42.5314 20.8437 21.0877 24.0945 29.988 18.7656
threshold=-2.4502255466764673 0.53188330383198745 1.9255085152179696 0.55791268308252273 0.68911962318498887 0.67576458259872185 0.66666666666666707 3.5788503448684419 2.0060516497927892 0.29793849712073989 0.73870309080623986 0.28021936171511935 -0.030340282020334616 0.54152568833380732
decision_type=2 2 2 2 2 2 2 2 2 2 2 10 10 2
left_child=-1 -2 3 -3 5 6 -5 9 -9 -6 11 12 -11 -4
right_child=1 2 13 4 7 -7 -8 8 -10 10 -12 -13 -14 -15
leaf_value=0.0062965749509966192 -0.0005547419320762895 -0.006531846190779662 0.0006190784447746158 0.011857679017205438 -0.0067597189677996543 0.016345540100982894 0.00039144665807772745 -0.0019582006163241187 0.016007013635700972 0.0049909569191480905 -0.0015649408078944064 0.0099996025970456402 -0.0042578443032949406 0.011874693430981669
leaf_weight=263 24193 358 227 312 503 214 942 272 204 672 4005 307 586 320
leaf_count=263 24193 358 227 312 503 214 942 272 204 672 4005 307 586 320
internal_value=-0.000159333 -0.000211548 0.000718849 0.000288098 0.000596525 0.00523371 0.00328005 -0.00044613 0.00582753 -0.000942248 -0.000411308 0.00253654 0.000682891 0.00725163
internal_weight=33378 33115 8922 8375 8017 1468 1254 6549 476 6073 5570 1565 1258 547
internal_count=33378 33115 8922 8375 8017 1468 1254 6549 476 6073 5570 1565 1258 547
is_linear=0
shrinkage=0.03


Tree=161
num_leaves=15
num_cat=0
split_feature=2 6 7 12 12 9 1 6 7 9 3 11 13 3
split_gain=14.5756 35.0949 13.4705 12.5562 25.1423 21.8467 18.3807 18.5206 31.101 15.3053 19.5421 12.9094 29.0697 30.7673
threshold=0.92889619546151903 -0.063451139465191916 -0.63623462193552405 0.097102134660517439 0.088212722694750459 0.89149359912271275 7.1910026536357066 1.1584585776387148 0.30579049792073221 1.2234642229910391 0.71232876712328486 0.31297099362554642 8.5000000000000018 0.6944444444444432
decision_type=2 8 8 2 2 2 2 8 10 2 2 2 2 2
left_child=2 -2 -1 4 6 -6 7 11 -9 -5 -11 12 -4 -14
right_child=1 -3 3 9 5 -7 -8 8 -10 10 -12 -13 13 -15
leaf_value=0.0068465591621817094 -0.0046913392048828851 0.011288588387980346 -0.0019795684257090788 -0.0023719764439513978 0.010661874084752053 -0.00054435733582947272 -0.0084964222210998589 -0.0043623202994296497 0.0093867829872760922 -0.0035150238872328509 0.0076419217548899746 0.00072346680341223038 -0.0023277152278087005 0.00170452246493344
leaf_weight=248 200 310 7446 3575 370 268 223 215 454 242 327 11013 2351 6142
leaf_count=248 200 310 7446 3575 370 268 223 215 454 242 327 11013 2351 6142
internal_value=2.93456e-05 0.00503724 -4.91001e-05 -0.000102557 0.000122029 0.00598693 -1.34068e-05 5.66068e-05 0.00496858 -0.00164444 0.0029075 -6.62167e-05 -0.000611902 0.000587621
internal_weight=33384 510 32874 32626 28482 638 27844 27621 669 4144 569 26952 15939 8493
internal_count=33384 510 32874 32626 28482 638 27844 27621 669 4144 569 26952 15939 8493
is_linear=0
shrinkage=0.03


Tree=162
num_leaves=15
num_cat=0
split_feature=2 7 2 3 11 7 8 1 11 6 6 1 3 11
split_gain=14.2569 33.9223 19.706 26.0385 21.0244 20.7347 48.9169 21.8565 27.289 30.9243 22.5941 21.524 17.972 24.2648
threshold=0.64127997660362468 -0.0063546237812253095 0.54716981132075759 0.91406249999999634 0.077802213253153271 0.69209803102147971 -0.023784025103640302 1.2078024661379547 -0.015664414254239912 -0.11552779585393767 0.15019013962189334 1.9015887776534091 0.72881355932203495 -0.91300822898515366
decision_type=2 8 2 2 2 10 2 2 2 8 10 2 2 2
left_child=1 -1 -3 5 -5 7 -7 8 9 -4 -11 -8 13 -2
right_child=12 2 3 4 -6 6 11 -9 -10 10 -12 -13 -14 -15
leaf_value=0.0074779380252811964 0.0046370420810105143 -0.0002005481169021689 0.0052446265390016511 0.014033077040525234 0.0018481725278709615 0.01306977560148934 -0.0042283705293443309 -0.0037338117188436067 0.0051127935925411976 -0.010460891894113861 0.0010635562725723362 0.0057905086947847963 -0.00040738730199220299 -0.0069009104950355808
leaf_weight=610 202 15190 349 271 240 399 433 987 1027 375 255 340 11995 804
leaf_count=610 202 15190 349 271 240 399 433 987 1027 375 255 340 11995 804
internal_value=4.54648e-05 0.000538737 0.000323836 0.00202569 0.00838359 0.00123653 0.00460993 -8.99115e-05 0.0017078 -0.00187197 -0.00582459 0.000187274 -0.000731325 -0.00457267
internal_weight=33477 20476 19866 4676 511 4165 1172 2993 2006 979 630 773 13001 1006
internal_count=33477 20476 19866 4676 511 4165 1172 2993 2006 979 630 773 13001 1006
is_linear=0
shrinkage=0.03


Tree=163
num_leaves=15
num_cat=0
split_feature=6 13 13 2 13 13 4 6 11 6 12 12 10 7
split_gain=11.8079 23.0246 39.6519 34.5873 28.3942 27.7428 32.5406 26.3176 39.6537 48.4428 41.1936 34.2916 40.5594 31.9017
threshold=0.030369632428893348 28.500000000000004 22.500000000000004 0.62198039444509534 19.500000000000004 49.500000000000007 0.56581193179186451 -0.12441180514830195 -0.6142863091712073 0.019880142459283937 0.01293679203686249 -0.06619210071979624 1.5525541568948402 -0.079955573799864066
decision_type=10 2 2 2 2 2 2 8 2 8 2 2 2 8
left_child=1 2 4 -4 7 -3 -7 -1 9 10 -9 12 -10 -13
right_child=-2 5 3 -5 -6 6 -8 8 11 -11 -12 13 -14 -15
leaf_value=-0.00039756504977727129 -0.00068147329101286543 -0.0041949816783776175 0.012025775241674763 0.0020322808024662909 -0.0045678325324119383 0.0087823722818793047 -0.0041059801006253721 -0.0070893612609089071 0.0013826667061959304 0.011206996395845305 0.0038709690525477163 0.010310120999282139 0.017083706473225112 0.0017405044852730664
leaf_weight=8259 12981 1793 500 821 950 376 324 1047 269 215 433 423 327 4569
leaf_count=8259 12981 1793 500 821 950 376 324 1047 269 215 433 423 327 4569
internal_value=2.50633e-05 0.000476787 0.000854831 0.00584591 0.000453397 -0.00222072 0.00283009 0.000761689 0.00207567 -0.0019394 -0.00388049 0.0032942 0.0100676 0.00247625
internal_weight=33287 20306 17813 1321 16492 2493 700 15542 7283 1695 1480 5588 596 4992
internal_count=33287 20306 17813 1321 16492 2493 700 15542 7283 1695 1480 5588 596 4992
is_linear=0
shrinkage=0.03


Tree=164
num_leaves=15
num_cat=0
split_feature=11 8 6 6 1 0 10 7 13 9 1 6 11 7
split_gain=14.0087 54.2476 52.6726 52.8744 45.577 39.296 48.4284 37.5679 30.6287 27.771 27.6571 26.6425 33.7425 37.3596
threshold=0.76943291342394671 -0.030076441483912131 -0.16431882077460139 0.15019013962189334 0.64401808719221665 0.5254198024051826 2.1043523981014425 0.95216843872688262 12.500000000000002 0.76380198271972366 1.0555264354962746 0.012600826070973016 1.647170821726236 0.45165364057380436
decision_type=2 2 8 8 2 2 2 10 2 2 2 8 2 8
left_child=-1 2 -2 -4 8 -6 7 10 11 -8 -7 12 13 -3
right_child=1 4 3 -5 5 6 9 -9 -10 -11 -12 -13 -14 -15
leaf_value=-0.00036377856329857243 -0.005120135435985552 0.023956302559542418 0.014192842940221382 0.0013085363085250839 -0.0030690146995456177 -0.0045924021064589812 -0.0021884769860368507 -0.011051159266060873 -0.0035248350388100069 0.0096835903286856904 0.0045710140036868997 0.001973574249789673 0.0010751457549184236 0.0066738359643803797
leaf_weight=24262 291 223 713 479 3788 503 229 298 336 757 707 600 224 233
leaf_count=24262 291 223 713 479 3788 503 229 298 336 757 707 600 224 233
internal_value=1.68872e-05 0.00100107 0.00625553 0.00904243 1.11099e-05 -0.00114536 0.00177668 -0.00160402 0.0044964 0.00692915 0.000758536 0.00660749 0.010652 0.0152937
internal_weight=33643 9381 1483 1192 7898 6282 2494 1508 1616 986 1210 1280 680 456
internal_count=33643 9381 1483 1192 7898 6282 2494 1508 1616 986 1210 1280 680 456
is_linear=0
shrinkage=0.03


Tree=165
num_leaves=15
num_cat=0
split_feature=10 2 13 12 5 3 8 8 2 5 10 6 3 10
split_gain=11.3618 13.6896 19.8846 22.954 31.3053 27.109 21.5983 16.0006 25.697 22.5658 21.6547 17.7308 27.0713 27.2295
threshold=3.2035166688729331 0.28386720053386549 -1.4999999999999998 0.085268223999614381 1.2408326134545578 0.62182180564533185 -0.021205266934671677 -0.03680438352159885 0.10782992442259749 1.1616847233838981 1.8262521272493226 -0.039630691197473082 0.4920634920634927 1.2282192370654981
decision_type=2 2 2 2 2 2 2 2 2 2 2 8 2 2
left_child=1 7 3 4 -3 -6 -7 -1 9 -9 11 -10 -13 -14
right_child=-2 2 -4 -5 5 6 -8 8 10 -11 -12 12 13 -15
leaf_value=-0.0060282844219716331 0.004355294999029217 -0.0055897683165605783 -3.4947711281973515e-05 -0.0033472032088416913 0.015203193237366609 -0.0019567931699868918 0.008078242134989793 0.011377343811608594 -0.0013160042492560418 0.00079935575295173402 0.0010838534486875739 -0.00051063583760211858 -0.003240169401786576 -0.016222556196463605
leaf_weight=627 522 201 26710 358 278 303 519 227 948 838 1073 355 249 355
leaf_count=627 522 201 26710 358 278 303 519 227 948 838 1073 355 249 355
internal_value=-1.49336e-05 -8.46254e-05 0.000163271 0.00334512 0.00519243 0.00717901 0.00438973 -0.00158845 -0.000893657 0.00309664 -0.00232252 -0.00423698 -0.00710265 -0.0109411
internal_weight=33563 33041 28369 1659 1301 1100 822 4672 4045 1065 2980 1907 959 604
internal_count=33563 33041 28369 1659 1301 1100 822 4672 4045 1065 2980 1907 959 604
is_linear=0
shrinkage=0.03


Tree=166
num_leaves=15
num_cat=0
split_feature=3 2 13 13 11 13 10 10 11 0 9 9 3 10
split_gain=17.3862 18.6063 16.9246 46.5841 102.476 44.9882 31.3392 19.5015 40.1358 32.539 21.384 25.6985 23.1175 33.3354
threshold=0.84105960264900614 0.79166666666666707 21.500000000000004 25.500000000000004 -0.1065316455738906 19.500000000000004 2.5058253867053755 2.2773283435310439 0.7248450850542828 0.53053589255672318 0.55791268308252273 0.57981798101528637 0.82119205298013231 1.5997310289816873
decision_type=2 2 2 2 2 2 2 2 2 2 2 2 2 2
left_child=1 2 5 4 -4 7 -5 10 -9 -10 -1 -12 -13 -14
right_child=-2 -3 3 6 -6 -7 -8 8 9 -11 11 12 13 -15
leaf_value=-0.0053782041570072537 0.0011062722324199272 -0.0066108421324931367 -0.0035310090663132525 -0.0011971794154286678 0.018632330702798017 -0.0089985148340655623 0.0095940223137491471 -0.0061027360958231342 -0.0016178272203699006 0.0082812669936510666 0.010032370660682114 0.00054487378394696862 -0.0095095254181098484 0.002836186516380638
leaf_weight=596 11711 411 349 2427 398 548 264 1445 1243 388 240 12631 494 322
leaf_count=596 11711 411 349 2427 398 548 264 1445 1243 388 240 12631 494 322
internal_value=0.000174542 -0.000327137 -0.000204624 0.00172178 0.00832294 -0.000574856 -0.000122681 -0.000306418 -0.00247111 0.000755189 0.000160473 0.00040353 0.000228011 -0.00465021
internal_weight=33467 21756 21345 3438 747 17907 2691 17359 3076 1631 14283 13687 13447 816
internal_count=33467 21756 21345 3438 747 17907 2691 17359 3076 1631 14283 13687 13447 816
is_linear=0
shrinkage=0.03


Tree=167
num_leaves=15
num_cat=0
split_feature=0 0 6 12 6 1 9 5 11 4 8 3 9 8
split_gain=10.7837 22.4545 21.5893 21.913 33.7989 34.4656 27.0789 27.0778 47.8565 35.6161 37.6742 36.6979 28.7862 23.3767
threshold=0.50744267401494281 0.50824441959058608 0.43708256362276726 0.042214292453629405 0.060416993365756906 0.58344988332839909 1.1298345145080473 2.6890222766966669 0.76943291342394671 0.16281351412619879 -0.021869333604655556 0.85087060250174706 0.75617663077380748 -0.052212460349881445
decision_type=2 2 10 2 8 2 2 2 2 2 2 2 2 2
left_child=2 -2 3 4 6 -6 13 9 -9 10 -7 12 -11 -1
right_child=1 -3 -4 -5 5 7 -8 8 -10 11 -12 -13 -14 -15
leaf_value=0.0065387764724280529 0.0076698948718929797 0.00040073043910043534 -0.0045676521003469688 -0.002484697009373745 -0.0034120889244511113 0.0066584298105060473 -0.0072315356743435349 -0.0076410682315012184 0.008208840330427054 0.0067573562675689374 0.023078218236867641 0.011940983424515083 -0.0064305622964124648 -0.00059679652161020416
leaf_weight=441 385 19832 1104 2861 533 304 511 344 332 262 217 319 332 5615
leaf_count=441 385 19832 1104 2861 533 304 511 344 332 262 217 319 332 5615
internal_value=0.000105862 0.000541022 -0.000561843 -0.000193736 0.000518891 0.00338019 -0.000634384 0.00509998 0.000146324 0.00742655 0.0136517 0.00381916 -0.000605819 -7.22162e-05
internal_weight=33392 20217 13175 12071 9210 2643 6567 2110 676 1434 521 913 594 6056
internal_count=33392 20217 13175 12071 9210 2643 6567 2110 676 1434 521 913 594 6056
is_linear=0
shrinkage=0.03


Tree=168
num_leaves=15
num_cat=0
split_feature=4 7 9 7 8 6 5 6 12 5 10 3 9 6
split_gain=11.4295 11.7242 29.3996 27.5148 21.261 23.2303 27.0874 25.4651 27.25 24.6604 36.063 32.3989 35.7323 26.769
threshold=0.003291349254508523 0.40249823623889797 1.0822547506473554 0.45768875567287021 -0.015408548502605191 0.38924644999207952 2.6146669427270344 0.035996812325222678 -0.10848373350854183 2.6503417725308975 1.1361569567321046 0.65876777251184826 0.59257915569433206 -0.19357851011153601
decision_type=2 10 2 10 2 10 2 8 2 2 2 2 2 10
left_child=-1 4 -3 -4 -2 7 -7 9 -9 11 -11 -6 -13 -14
right_child=1 2 3 -5 5 6 -8 8 -10 10 -12 12 13 -15
leaf_value=-0.0060219410642121845 -0.0021625834284791224 0.001122094471520507 0.0083960175084208614 -0.0028941750766747474 0.0079016534667965526 0.008903513935672 -0.0019340989457899169 0.0079174750487161979 -0.003260919364723306 0.013607636979915542 0.0020421274843551922 0.0088370688069950437 -0.0058654466512729122 3.228491157622392e-05
leaf_weight=268 4701 16297 204 2787 365 559 326 207 2684 279 1686 270 1206 1618
leaf_count=268 4701 16297 204 2787 365 559 326 207 2684 279 1686 270 1206 1618
internal_value=9.13798e-05 0.000141644 0.000620257 -0.0021114 -0.000522427 0.000316376 0.00492292 -0.000176581 -0.00244824 0.00103536 0.00371462 -0.000489853 -0.00149095 -0.00249228
internal_weight=33457 33189 19288 2991 13901 9200 885 8315 2891 5424 1965 3459 3094 2824
internal_count=33457 33189 19288 2991 13901 9200 885 8315 2891 5424 1965 3459 3094 2824
is_linear=0
shrinkage=0.03


Tree=169
num_leaves=15
num_cat=0
split_feature=8 4 8 3 8 10 2 0 11 11 0 3 9 9
split_gain=12.7293 24.0315 16.7691 17.5631 19.9576 16.9606 16.5149 13.3896 11.406 10.1678 24.6705 25.1046 21.7811 20.5607
threshold=0.046918107011675474 0.15603395847488011 0.052633139904049941 0.85455715455715786 0.059734930730833698 1.6410061850496345 0.29793849712073989 0.54611437680615804 2.7916444460015968 1.647170821726236 0.53154275445201538 0.77146524848707132 1.0359682135829493 0.71388352637845254
decision_type=2 2 2 2 2 2 2 2 2 2 2 2 2 2
left_child=8 6 5 4 -4 -3 -2 -8 9 -1 12 -12 13 -11
right_child=1 2 3 -5 -6 -7 7 -9 -10 10 11 -13 -14 -15
leaf_value=9.1710020045692402e-05 -0.00067998016646977043 -0.00044374516137124758 -0.010697056135456812 0.0046714645449072124 -0.00025414305971297498 0.010824243567610841 0.0052608317846625846 0.014457127129455573 0.0066731847988955456 -0.0081107990489057875 0.0090417486190387739 -0.0026293668714729517 -0.0087836263461179252 0.00019693612340180311
leaf_weight=28371 222 284 299 220 360 203 380 233 222 340 327 328 511 1202
leaf_count=28371 222 284 299 220 360 203 380 233 222 340 327 328 511 1202
internal_value=0.000128094 0.00233068 -0.00012428 -0.00259456 -0.00503715 0.00431545 0.00632364 0.00884501 -2.71327e-05 -7.60594e-05 -0.00183066 0.00322164 -0.00344649 -0.00165515
internal_weight=33502 2201 1366 879 659 487 835 613 31301 31079 2708 655 2053 1542
internal_count=33502 2201 1366 879 659 487 835 613 31301 31079 2708 655 2053 1542
is_linear=0
shrinkage=0.03


Tree=170
num_leaves=15
num_cat=0
split_feature=1 0 1 1 11 9 2 12 1 1 0 0 10 11
split_gain=14.5429 38.9421 33.988 29.1523 27.2045 25.0156 32.4053 55.3988 30.5189 35.0164 24.4214 26.1669 34.7076 20.7995
threshold=1.3846975497098681 0.49997438558080015 1.5896692207293424 1.3179344675063722 -1.9209971490880242 0.81518842709215056 0.67141408287453241 0.042214292453629405 2.5727598744297011 2.0119375620163669 0.54907298095791168 0.55813712130453852 1.4558562226179703 -1.612513852529281
decision_type=2 2 2 2 2 2 2 2 2 2 2 2 2 2
left_child=3 2 -2 -1 -3 8 7 -7 9 -4 13 -12 -13 -6
right_child=1 4 5 -5 10 6 -8 -9 -10 -11 11 12 -14 -15
leaf_value=-0.00017899871447505321 0.010604385964509588 0.0082516781943753493 -0.0030007157211612468 -0.0055999848644639697 -0.010162546557188035 0.015476561626796139 -0.0028409127620133484 -0.002385657329234432 -0.008106908262276849 0.011704034049748157 0.0088008507241171836 0.0077525869896145237 -0.0058916793559568329 -0.00087150285217137797
leaf_weight=22338 573 332 356 925 220 440 281 239 352 240 485 280 403 6049
leaf_count=22338 573 332 356 925 220 440 281 239 352 240 485 280 403 6049
internal_value=1.91174e-05 0.000960325 0.00422843 -0.000395709 -8.5379e-05 0.00229092 0.00569168 0.00921779 -0.00116468 0.00296877 -0.000462853 0.00351074 -0.000282439 -0.0012054
internal_weight=33513 10250 2481 23263 7769 1908 960 679 948 596 7437 1168 683 6269
internal_count=33513 10250 2481 23263 7769 1908 960 679 948 596 7437 1168 683 6269
is_linear=0
shrinkage=0.03


Tree=171
num_leaves=15
num_cat=0
split_feature=8 11 13 8 3 3 8 8 2 6 6 5 0 3
split_gain=12.5733 49.2852 37.7694 28.4796 27.3244 30.9531 29.0761 27.0955 25.2256 22.1191 23.1938 20.5954 23.9772 18.6992
threshold=-0.032359726921630451 -0.17688903907024514 21.500000000000004 -0.031549748250407149 0.91549295774648021 0.48227331246048349 -0.043040718242231928 -0.035277981638691211 0.79472569504812929 -0.29617414780394669 -0.0045465760402407787 3.4568885467798487 0.49669767902710155 0.92804862809504252
decision_type=2 2 2 2 2 2 2 2 2 10 10 2 2 2
left_child=1 8 4 -2 5 -3 -6 11 9 -1 -11 12 -7 -10
right_child=3 2 -4 -5 6 7 -8 -9 13 10 -12 -13 -14 -15
leaf_value=0.0044512200970084044 -0.010023766373596893 0.0094804085180407675 0.015713502948762229 -0.0002507858811467169 0.016149186176027504 0.0004583944618409755 0.0015130523761923787 0.0077094482439192553 0.011112860107982377 -0.0072690419673556231 -0.00078572231947336951 0.0071007976540620778 -0.0075914879241404509 -0.0010532892626783658
leaf_weight=309 266 361 220 27637 257 760 231 328 213 1020 966 202 587 236
leaf_count=309 266 361 220 27637 257 760 231 328 213 1020 966 202 587 236
internal_value=-8.35992e-05 0.00120104 0.00389263 -0.000345731 0.00291161 0.00149953 0.00930663 -5.65238e-05 -0.00169053 -0.00296349 -0.00412542 -0.00172048 -0.00306471 0.00477701
internal_weight=33593 5690 2946 27903 2726 2238 488 1877 2744 2295 1986 1549 1347 449
internal_count=33593 5690 2946 27903 2726 2238 488 1877 2744 2295 1986 1549 1347 449
is_linear=0
shrinkage=0.03


Tree=172
num_leaves=15
num_cat=0
split_feature=13 13 1 13 6 9 13 13 10 9 13 5 8 7
split_gain=19.3873 20.6177 32.16 35.9566 23.3108 20.6375 49.4149 47.4606 65.346 24.2786 44.4016 32.4448 26.817 25.0196
threshold=17.500000000000004 21.500000000000004 0.80362972531564314 19.500000000000004 -0.07991125036973927 0.88139112586911994 23.500000000000004 24.500000000000004 1.5119489354510394 0.70656349318416611 49.500000000000007 1.146877635072358 -0.018863643994454806 0.34576146618006087
decision_type=2 2 2 2 8 2 2 2 2 2 2 2 2 8
left_child=-1 2 3 -2 -4 7 -7 8 -3 10 11 -9 -11 -14
right_child=1 5 4 -5 -6 6 -8 9 -10 12 -12 -13 13 -15
leaf_value=0.00019092714850396647 0.0073164811771524079 0.018710331909416109 -0.0020986364963204978 -0.0067549596553910457 -0.0095191138077425925 -0.014726371112872252 -0.0012581066596928368 0.0046357144591932615 -1.4195405039704053e-05 0.008590825699954497 0.0064600653819255182 -0.008338965741193435 -0.0038938213996010814 0.0040843570933540591
leaf_weight=24711 394 286 677 272 877 270 2273 206 396 384 314 1006 780 639
leaf_count=24711 394 286 677 272 877 270 2273 206 396 384 314 1006 780 639
internal_value=-0.000239266 -0.00145028 -0.00394561 0.00156207 -0.00630348 -0.000602683 -0.00271418 0.00073773 0.00791705 -0.000742739 -0.00352175 -0.00612371 0.00161256 -0.000299385
internal_weight=33485 8774 2220 666 1554 6554 2543 4011 682 3329 1526 1212 1803 1419
internal_count=33485 8774 2220 666 1554 6554 2543 4011 682 3329 1526 1212 1803 1419
is_linear=0
shrinkage=0.03


Tree=173
num_leaves=15
num_cat=0
split_feature=8 13 10 9 12 12 8 9 3 5 9 13 13 8
split_gain=13.9221 22.1427 19.9804 18.5861 31.2776 25.757 20.1472 21.2244 47.8951 37.2899 39.0904 33.7786 44.0037 25.8416
threshold=0.00094030894689341052 -9.4999999999999982 3.141082888769462 1.2147423233503623 0.14158085129865619 -0.012413908824157825 -0.00048270125443986971 0.76992847117542873 0.96905003524944855 1.2408326134545578 0.56907386040666175 29.500000000000004 21.500000000000004 -0.016081792373873624
decision_type=2 2 2 2 2 2 2 2 2 2 2 2 2 2
left_child=1 -1 -2 4 6 -5 7 8 9 10 -3 12 -11 -12
right_child=2 3 -4 5 -6 -7 -8 -9 -10 11 13 -13 -14 -15
leaf_value=-0.008281490437801067 0.00055259370718340416 -0.014397862212998526 0.0082801212012352191 -0.0019706076671898911 -0.0073919180549467597 0.0074942140653729439 -0.0079780404196129907 -0.001184704428249878 -0.0087138298000064545 0.0028250716947517246 -0.0027908404701740461 -0.0064504634675201494 0.013395021368804223 0.007430951288065959
leaf_weight=320 15879 205 302 447 588 604 302 8637 414 3865 942 306 386 286
leaf_count=320 15879 205 302 447 588 604 302 8637 414 3865 942 306 386 286
internal_value=6.68751e-05 -0.000524636 0.000699332 -0.000376076 -0.000631379 0.00347847 -0.000369967 -0.000214608 0.00109365 0.0017782 -0.00243677 0.00310486 0.00379946 -0.000389715
internal_weight=33483 17302 16181 16982 15931 1051 15343 15041 6404 5990 1433 4557 4251 1228
internal_count=33483 17302 16181 16982 15931 1051 15343 15041 6404 5990 1433 4557 4251 1228
is_linear=0
shrinkage=0.03


Tree=174
num_leaves=15
num_cat=0
split_feature=13 6 6 5 12 7 6 8 5 12 9 9 12 13
split_gain=13.2057 28.3892 28.3238 24.4482 15.9354 14.1222 14.2492 33.5289 22.5963 29.6061 24.0245 16.2541 15.3845 15.2599
threshold=-3.4999999999999996 -0.15899886363370794 -0.084287967960278085 2.6026711198477801 0.0075649707985951395 2.9675518174293773 0.41022845946407677 -0.041125058664896012 1.0210373576258496 0.075671333739203775 0.93470866702039068 0.97836783563389229 -0.1118308120692683 34.500000000000007
decision_type=2 8 10 2 2 10 10 2 2 2 2 2 2 2
left_child=1 -1 -3 4 -4 6 13 -8 -9 11 -11 -10 -13 -2
right_child=5 2 3 -5 -6 -7 7 8 9 10 -12 12 -14 -15
leaf_value=-0.0057169048738856011 0.0003300694966603281 0.014837460979246176 0.010564788390112958 -0.0035255484607040395 0.0011072211971670293 -0.0063450132498369073 -0.011240982624162741 0.007520169910262612 -0.0069137281080468198 0.0096172848915425588 -0.0024001938249852695 -0.0076030276748465329 0.0021767423213147848 -0.0021629219611147923
leaf_weight=284 26721 203 340 364 302 321 317 250 842 301 290 200 488 2404
leaf_count=284 26721 203 340 364 302 321 317 250 842 301 290 200 488 2404
internal_value=-4.40662e-06 0.0027489 0.00475291 0.00265464 0.00615884 -0.000132738 -6.90671e-05 -0.0021569 -0.000921271 -0.0019316 0.00374972 -0.00413121 -0.000700558 0.00012396
internal_weight=33627 1493 1209 1006 642 32134 31813 2688 2371 2121 591 1530 688 29125
internal_count=33627 1493 1209 1006 642 32134 31813 2688 2371 2121 591 1530 688 29125
is_linear=0
shrinkage=0.03


Tree=175
num_leaves=15
num_cat=0
split_feature=5 4 4 8 1 10 10 2 9 6 12 14 3 12
split_gain=14.0555 12.8844 12.1286 25.6037 22.9531 28.7013 33.4059 24.6798 20.8396 19.2846 20.8213 22.3813 28.7265 19.0428
threshold=0.42869794979965464 0.2156242805353023 0.14573078255791536 0.053871072497947647 1.0813658699583029 0.78937972112305499 1.6974953737875682 0.097970656794185235 1.0214661717090883 -0.18766426525780985 0.0051991079548342487 1.0000000180025095e-35 0.73689044038668483 0.061837328535201193
decision_type=2 2 2 2 2 2 2 2 2 8 2 2 2 2
left_child=1 -1 3 4 5 -2 7 -7 9 -6 11 12 -11 -9
right_child=2 -3 -4 -5 8 6 -8 13 -10 10 -12 -13 -14 -15
leaf_value=5.8054365579364372e-05 0.0082674248369149633 0.010748600921979764 -0.00056580947071644403 0.0075176473593231864 -0.00074560178653199289 0.0036936557432047171 0.0014750904494271809 -0.0046825735630489466 -0.0020311690464057024 0.019170145866707625 0.0020243672442329728 0.002975175568703995 0.0054753229207032033 0.00076600443485738896
leaf_weight=201 309 200 22073 463 671 469 2864 2882 745 267 978 425 291 720
leaf_count=201 309 200 22073 463 671 469 2864 2882 745 267 978 425 291 720
internal_value=-9.13461e-05 0.00545671 -0.000159257 0.000650254 0.000347488 -0.000604833 -0.00100582 -0.00275084 0.00238819 0.00364059 0.0051395 0.00821286 0.0121403 -0.00359391
internal_weight=33558 401 33157 11084 10621 7244 6935 4071 3377 2632 1961 983 558 3602
internal_count=33558 401 33157 11084 10621 7244 6935 4071 3377 2632 1961 983 558 3602
is_linear=0
shrinkage=0.03


Tree=176
num_leaves=15
num_cat=0
split_feature=9 9 11 0 12 12 8 9 9 13 11 8 0 4
split_gain=14.211 23.2559 25.2995 15.7522 20.468 13.1991 14.5951 21.5937 18.1966 11.6942 10.8648 10.5516 12.9627 10.7399
threshold=0.55091885801998786 0.57981798101528637 0.024026722458555468 0.53228134274662664 0.010188747943148448 0.14158085129865619 0.030756191038650946 1.2147423233503623 0.93703282992661896 6.5000000000000009 -0.77993359360672543 0.064028345784128221 0.54965295753739796 1.4717581139733615
decision_type=2 2 2 2 2 2 2 2 2 2 2 2 2 2
left_child=3 2 -2 4 9 11 7 10 -8 -1 -7 13 -13 -3
right_child=1 5 -4 -5 -6 6 8 -9 -10 -11 -12 12 -14 -15
leaf_value=-0.0099228768280190879 0.01075606886478077 2.007461195509245e-05 -0.0009781591515197897 -0.0087905360644321834 0.0057273107834076619 0.0005336588421377583 0.0062481792626619742 0.0028232230057063344 -0.0047522162967710245 -0.00047151818851029476 -0.0071028360365774507 -0.00066112933018303011 0.0093499097395462055 0.0049275206603654441
leaf_weight=206 374 28961 292 330 262 202 331 335 222 268 963 219 242 402
leaf_count=206 374 28961 292 330 262 202 331 335 222 268 963 219 242 402
internal_value=3.32355e-06 0.000115209 0.00564238 -0.00339691 -0.000935573 -1.13638e-06 -0.00232485 -0.00385726 0.0018291 -0.00463977 -0.00578212 0.000159185 0.00463806 8.80885e-05
internal_weight=33609 32543 666 1066 736 31877 2053 1500 553 474 1165 29824 461 29363
internal_count=33609 32543 666 1066 736 31877 2053 1500 553 474 1165 29824 461 29363
is_linear=0
shrinkage=0.03


Tree=177
num_leaves=15
num_cat=0
split_feature=13 2 2 13 3 2 13 13 5 13 13 13 1 8
split_gain=13.2658 18.9053 43.0373 38.1912 30.5533 27.5369 21.8647 18.7504 18.7125 45.4357 37.6984 32.8322 17.4043 46.0097
threshold=32.500000000000007 0.87755102040816213 0.84615384615384881 13.500000000000002 0.88888888888888784 0.8571428571428602 19.500000000000004 10.500000000000002 1.7279947229188026 54.500000000000007 51.500000000000007 38.500000000000007 0.6819212411490706 -0.014993537147422102
decision_type=2 2 2 2 2 2 2 2 2 2 2 2 2 2
left_child=1 2 12 -3 -4 -6 -5 -7 9 11 -10 -2 13 -1
right_child=8 3 4 6 5 7 -8 -9 10 -11 -12 -13 -14 -15
leaf_value=-0.0038977813015756641 -7.4687529748408644e-05 -0.00029231437977210185 -0.016487502065943911 0.017122046647442355 -0.01145786517765373 -0.0050215434283018114 0.004827963580171059 0.0072698508846263084 -0.0064778034053478307 -0.0074090133745233861 0.0021222806204150013 0.012823549880197755 0.00076757686109849238 0.00088128751868844779
leaf_weight=2888 393 859 203 217 235 217 329 220 1315 347 700 319 20372 4853
leaf_count=2888 393 859 203 217 235 217 329 220 1315 347 700 319 20372 4853
internal_value=7.80141e-05 0.000268065 0.000103045 0.00366034 -0.00642995 -0.0032924 0.00982511 0.00117858 -0.00179843 0.00142588 -0.00349232 0.00575328 0.000307487 -0.000903045
internal_weight=33467 30393 28988 1405 875 672 546 437 3074 1059 2015 712 28113 7741
internal_count=33467 30393 28988 1405 875 672 546 437 3074 1059 2015 712 28113 7741
is_linear=0
shrinkage=0.03


Tree=178
num_leaves=15
num_cat=0
split_feature=14 5 10 13 8 0 3 2 5 3 0 13 11 9
split_gain=15.0097 29.2739 34.6829 34.8189 36.0101 44.1543 27.8534 27.0891 29.4633 28.4503 25.9231 24.902 24.7298 24.9426
threshold=1.0000000180025095e-35 2.1212082703863975 0.74745336388752126 -4.4999999999999991 -0.041125058664896012 0.47727067579109855 0.95806289518864285 0.75167914126956104 2.0001896006984672 0.71636281882212438 0.53228134274662664 27.500000000000004 1.4739093245302188 0.81924741213107855
decision_type=2 2 2 2 2 2 2 2 2 2 2 2 2 2
left_child=-1 2 -2 -4 -5 -6 7 8 -7 -10 -3 -9 -12 -14
right_child=1 10 3 4 5 6 -8 11 9 -11 12 -13 13 -15
leaf_value=0.00068728549621869823 -0.012498190433200862 -0.00062435699670931226 0.0087365921894578553 -0.0097048555979453235 0.008957532654825082 -0.00073088449739456911 0.0059044901667324101 -0.0099887831486188457 -0.016215434315976357 -0.0011168300419520702 0.0013820973353130496 5.2703952932932294e-06 0.0005498813172237257 0.012313648276201017
leaf_weight=17811 265 5266 280 497 348 4260 376 710 224 222 2335 327 262 423
leaf_count=17811 265 5266 280 497 348 4260 376 710 224 222 2335 327 262 423
internal_value=9.03202e-05 -0.000582843 -0.00193893 -0.0015443 -0.00196363 -0.00136166 -0.00195537 -0.00247465 -0.00150373 -0.00879569 0.000646506 -0.00685243 0.00285989 0.00785081
internal_weight=33606 15795 7509 7244 6964 6467 6119 5743 4706 446 8286 1037 3020 685
internal_count=33606 15795 7509 7244 6964 6467 6119 5743 4706 446 8286 1037 3020 685
is_linear=0
shrinkage=0.03


Tree=179
num_leaves=15
num_cat=0
split_feature=12 10 4 13 4 13 13 13 3 1 0 8 1 0
split_gain=15.9458 24.3205 26.9392 25.9974 21.9641 23.7189 51.5134 48.6648 51.2752 43.4759 33.9016 30.236 30.1767 25.5585
threshold=0.035711458272099379 2.5256658118781914 0.75827290089012578 16.500000000000004 0.4278136900649715 15.500000000000002 27.500000000000004 12.500000000000002 0.87368421052631684 1.3543831219986207 0.49179653189435846 -0.055911605058659053 0.94320569695819934 0.49806022788954057
decision_type=2 2 2 2 2 2 2 2 2 2 2 2 2 2
left_child=4 2 -2 -4 5 7 -7 11 9 13 -8 -1 -12 -9
right_child=1 -3 3 -5 -6 6 10 8 -10 -11 12 -13 -14 -15
leaf_value=-0.0067025095204198337 -0.0021109026426983164 0.0029897386667849181 0.0061184460590697539 -0.0019897987049997353 -0.0012259774571854829 -0.003506672368769777 -0.0060180437365128965 0.0067987909562652925 0.017826042649469204 0.015168411114386148 0.013798611608233995 0.0012979032239589126 0.0027957481284904633 -0.0059054995080631261
leaf_weight=438 8933 1208 756 665 5865 2656 258 235 310 205 312 10592 780 346
leaf_count=438 8933 1208 756 665 5865 2656 258 235 310 205 312 10592 780 346
internal_value=-0.000128568 -0.00103032 -0.00150056 0.00233028 0.000345535 0.000917081 -0.00108332 0.00157812 0.0075926 0.00346934 0.00367976 0.000977315 0.00598799 -0.000752765
internal_weight=33559 11562 10354 1421 21997 16132 4006 12126 1096 786 1350 11030 1092 581
internal_count=33559 11562 10354 1421 21997 16132 4006 12126 1096 786 1350 11030 1092 581
is_linear=0
shrinkage=0.03


Tree=180
num_leaves=15
num_cat=0
split_feature=8 7 1 3 9 3 12 9 7 1 8 0 3 7
split_gain=11.5776 19.0676 17.6206 22.5767 32.678 15.1508 38.7824 20.6269 12.3468 23.0554 19.0365 25.7093 17.8387 32.3402
threshold=0.046918107011675474 1.3639181241884153 2.154987471267559 0.67857142857142794 0.91153700064035104 0.84105960264900614 0.033370192645806547 0.94215769972826047 0.37422344500950061 0.55885335184787677 -0.014649223634250393 0.52700523017876522 0.92206715341043866 -0.45442130527491881
decision_type=2 10 2 2 2 2 2 2 10 2 2 2 2 8
left_child=8 2 3 4 -2 7 -7 -5 10 -10 11 -1 13 -12
right_child=1 -3 -4 5 -6 6 -8 -9 9 -11 12 -13 -14 -15
leaf_value=-0.0014536719809755743 0.015830123486994491 -0.0055639280810214154 -0.0046914156402543756 -0.0058533604057394734 0.0012539603963802408 0.01378795815867254 -0.0018026758800983799 0.0051581625567059817 -0.0027745138544291999 0.00062951231527867137 0.0094448319063504208 -0.0073700307333695418 0.0025073509611098542 -0.0013107868777784369
leaf_weight=3807 292 260 232 381 261 256 317 249 2000 16754 258 796 1860 5817
leaf_count=3807 292 260 232 381 261 256 317 249 2000 16754 258 796 1860 5817
internal_value=-7.18775e-05 0.00200522 0.00300663 0.00403411 0.00902348 0.00171272 0.00522179 -0.00149484 -0.000221392 0.000265851 -0.000950011 -0.00248368 -5.93452e-05 -0.000846614
internal_weight=33540 2248 1988 1756 553 1203 573 630 31292 18754 12538 4603 7935 6075
internal_count=33540 2248 1988 1756 553 1203 573 630 31292 18754 12538 4603 7935 6075
is_linear=0
shrinkage=0.03


Tree=181
num_leaves=15
num_cat=0
split_feature=11 11 4 11 12 12 11 10 1 12 4 10 12 4
split_gain=11.1773 17.5383 21.7176 17.6757 13.3105 11.6336 19.9413 21.2054 32.1156 20.7937 33.6895 33.4713 30.2402 19.8564
threshold=2.2183496618617116 1.9979730328669547 0.33349992467305217 1.9255085152179696 0.08085349702883339 0.035711458272099379 1.647170821726236 2.5256658118781914 1.2453682652897697 0.059785783574154323 0.1815338880217082 2.1230685049922742 0.052784714273041385 1.2061427677184062
decision_type=2 2 2 2 2 2 2 2 2 2 2 2 2 2
left_child=1 3 -3 5 -2 13 7 9 -9 10 -7 12 -12 -1
right_child=4 2 -4 -5 -6 6 -8 8 -10 -11 11 -13 -14 -15
leaf_value=0.00046442984913289381 0.0011219736066982401 -0.009421271927044228 0.0018433455204649363 0.0077441718590708858 0.0087936347392475554 -0.0071450598683384043 -0.0069266770230784159 0.012466459859387723 -0.0011632244411396652 -1.9699043926560162e-05 0.0035078132999784677 -0.010663052790985984 -0.0060292239306480658 -0.0060057000260492531
leaf_weight=20457 886 388 251 257 260 1118 466 268 360 6504 1175 248 396 431
leaf_count=20457 886 388 251 257 260 1118 466 268 360 6504 1175 248 396 431
internal_value=-1.19239e-05 -0.000115366 -0.00501656 -1.57305e-05 0.00289313 -8.04186e-05 -0.000892986 -0.000610444 0.00470579 -0.000966375 -0.0030592 -0.000535226 0.00109232 0.000329521
internal_weight=33465 32319 639 31680 1146 31423 10535 10069 628 9441 2937 1819 1571 20888
internal_count=33465 32319 639 31680 1146 31423 10535 10069 628 9441 2937 1819 1571 20888
is_linear=0
shrinkage=0.03


Tree=182
num_leaves=15
num_cat=0
split_feature=2 0 7 2 7 7 7 11 13 13 9 8 1 0
split_gain=12.6625 13.1487 11.3002 13.2744 37.7268 22.3815 24.383 27.8756 25.7131 25.8929 23.6274 27.1238 22.4681 20.9742
threshold=0.92889619546151903 0.52081614602812154 -0.63623462193552405 0.64562612461194646 0.048893810163281738 0.87981351822924125 0.34576146618006087 0.88592892337386242 1.0000000180025095e-35 2.5000000000000004 0.84037814390358323 0.017876087967216573 1.5321120789971403 0.50072981268767702
decision_type=2 2 8 2 8 10 10 2 2 2 2 2 2 2
left_child=2 -2 -1 4 -4 6 -5 8 -8 -10 13 -12 -9 -11
right_child=1 -3 3 5 -6 -7 7 12 9 10 11 -13 -14 -15
leaf_value=0.0063462772071361546 0.0099647620029683255 0.00027034468614095254 0.0064073120067582963 -0.0014937131714161135 6.9014086980580901e-05 -0.0070093126970510169 -0.0063996364082531051 0.001973350097676511 0.014310950697648329 -0.0012572130394070894 -0.0037634453904401093 0.0077068760698804483 -0.0083324080559158305 0.0084543634927491673
leaf_weight=240 227 276 878 8287 19733 514 224 362 201 263 643 255 393 817
leaf_count=240 227 276 878 8287 19733 514 224 362 201 263 643 255 393 817
internal_value=2.06262e-07 0.00470038 -7.25558e-05 -0.000120821 0.000340505 -0.000915715 -0.000639107 0.0016023 0.00318113 0.00417843 0.00311529 -0.000481644 -0.00341063 0.00609452
internal_weight=33313 503 32810 32570 20611 11959 11445 3158 2403 2179 1978 898 755 1080
internal_count=33313 503 32810 32570 20611 11959 11445 3158 2403 2179 1978 898 755 1080
is_linear=0
shrinkage=0.03


Tree=183
num_leaves=15
num_cat=0
split_feature=13 1 8 0 1 5 10 7 5 8 2 10 2 6
split_gain=11.7382 25.888 18.4321 17.7408 20.7496 25.083 13.569 21.947 12.3744 37.3062 31.1983 26.8211 52.8604 37.0265
threshold=-3.4999999999999996 0.49565089139205482 0.023652784339378907 0.52137507664395122 1.2220770591697236 2.4668597793091656 3.2035166688729331 0.63917318782123977 1.8849798442964587 -0.03680438352159885 0.10782992442259749 1.3289856809589584 0.38896296296296878 0.69663461419274864
decision_type=2 2 2 2 2 2 2 10 2 2 2 2 2 8
left_child=1 -1 3 4 -3 -6 8 -8 9 -2 -11 -12 -13 -14
right_child=6 2 -4 -5 5 -7 7 -9 -10 10 11 12 13 -15
leaf_value=0.012349907407271011 -0.0049853728098659374 -0.0041518713695512825 0.0086395180453385772 -0.0082616366632282737 0.01192996530775055 -0.0016623733954743724 -0.0012390157313678751 0.011359250480309129 0.00025632111105626759 0.0074578630778200112 -0.002578556442712225 -0.0048364889415166389 0.0014592854884447016 0.013747847342606761
leaf_weight=205 1769 358 227 216 246 236 259 233 19364 444 3864 1261 4575 227
leaf_count=205 1769 358 227 216 246 236 259 233 19364 444 3864 1261 4575 227
internal_value=-1.55902e-05 0.00258452 0.000982303 -0.000696665 0.00128599 0.00532606 -0.000136895 0.00478149 -0.000214453 -0.00096516 -0.000277354 -0.000626903 0.000618002 0.00205389
internal_weight=33484 1488 1283 1056 840 482 31996 492 31504 12140 10371 9927 6063 4802
internal_count=33484 1488 1283 1056 840 482 31996 492 31504 12140 10371 9927 6063 4802
is_linear=0
shrinkage=0.03


Tree=184
num_leaves=15
num_cat=0
split_feature=11 7 11 8 10 7 0 11 9 0 1 9 9 7
split_gain=18.3858 10.2864 22.3918 17.4579 16.4132 24.3013 16.4252 15.5136 36.4154 31.2076 28.2594 17.9839 48.3248 24.5892
threshold=-2.4502255466764673 1.8336394840047801 1.9255085152179696 -0.031549748250407149 1.3594760028704986 2.1914974471344557 0.51208023699267413 1.5455327717246743 0.63376787386681077 0.53053589255672318 0.76186210459388504 0.64194050529192215 0.63646432966555955 -0.14857934804850451
decision_type=2 10 2 2 2 10 2 2 2 2 2 2 2 10
left_child=-1 7 3 -3 6 -6 -5 11 -9 -10 -11 12 13 -2
right_child=1 2 -4 4 5 -7 -8 8 9 10 -12 -13 -14 -15
leaf_value=0.0081691054159994513 -0.0069653851808747277 -0.0043412415083329634 0.01136831417258264 0.010689840494100586 0.0059705986138433214 -0.0035756648893468081 -4.173333386770276e-05 -0.01399845404972164 -0.0030577743869073027 -0.0048971909752676471 0.0065674019642232868 -0.00011602833412918545 0.015255053347047371 0.0020365314789105417
leaf_weight=250 295 416 206 341 395 595 204 207 2293 264 690 23903 232 3052
leaf_count=250 295 416 206 341 395 595 204 207 2293 264 690 23903 232 3052
internal_value=0.000144448 8.26008e-05 0.00208319 0.00107625 0.00255377 0.000244061 0.00670902 -5.72035e-05 -0.00195069 -0.00116229 0.00338582 0.000181086 0.00216281 0.00123391
internal_weight=33343 33093 2157 1951 1535 990 545 30936 3454 3247 954 27482 3579 3347
internal_count=33343 33093 2157 1951 1535 990 545 30936 3454 3247 954 27482 3579 3347
is_linear=0
shrinkage=0.03


Tree=185
num_leaves=15
num_cat=0
split_feature=0 6 0 4 0 2 5 7 0 4 0 4 6 6
split_gain=11.0753 17.7781 10.0885 20.2395 16.4474 29.4699 12.0684 14.0928 11.0757 24.9077 17.966 16.2508 14.5635 15.4849
threshold=0.45206898837852921 -0.0067797989646749537 0.47185423059404091 0.366517359941893 0.47572647470467283 0.45450658789691639 3.0432590311174801 0.92530667001851274 0.48470490798635862 0.47507041608166328 0.48563974849680019 0.30475823180487788 0.041031436265084216 0.2675507535945742
decision_type=2 8 2 2 2 2 2 10 2 2 2 2 10 10
left_child=1 -1 3 6 5 -4 7 -2 9 11 -10 12 -6 -14
right_child=2 -3 4 -5 8 -7 -8 -9 10 -11 -12 -13 13 -15
leaf_value=-0.00045793764474033149 -0.0093967245954408134 0.010603008136421637 -0.0023977698354297372 0.0041102555526472693 -0.0045946206739744923 0.011686484897317851 0.0018035259674924115 -0.0017698623468528068 0.0079619012882350491 -0.0095917362827840236 2.5274331232982525e-05 0.0054843473090667432 0.0075899255538116328 -0.0037159785110718354
leaf_weight=304 488 224 244 316 792 287 220 396 254 338 28874 306 225 203
leaf_count=304 488 224 244 316 792 287 220 396 254 338 28874 306 225 203
internal_value=1.02263e-07 0.00429003 -6.92959e-05 -0.00253833 4.23101e-05 0.00525263 -0.00445131 -0.00600934 -4.77936e-05 -0.00228651 9.58374e-05 -0.000642405 -0.00219523 0.00224656
internal_weight=33471 528 32943 1420 31523 531 1104 884 30992 1864 29128 1526 1220 428
internal_count=33471 528 32943 1420 31523 531 1104 884 30992 1864 29128 1526 1220 428
is_linear=0
shrinkage=0.03


Tree=186
num_leaves=15
num_cat=0
split_feature=13 6 0 4 13 9 6 13 6 3 12 1 0 9
split_gain=13.2235 34.5746 17.2113 25.1785 18.3521 18.3924 16.1379 13.8412 32.689 34.6906 33.3376 40.5626 39.5986 34.1955
threshold=34.500000000000007 0.28654997494956497 0.49362276365037722 0.10542251279046229 49.500000000000007 0.75008331118085636 -0.054652188130922867 22.500000000000004 0.4249935048273627 0.63267472594133545 -0.032983065834875584 1.132687732554525 0.5483061482041941 0.94215769972826047
decision_type=2 10 2 2 2 2 10 2 10 2 2 2 2 2
left_child=7 2 -2 -4 6 -6 -5 -1 9 -9 13 -12 -13 -11
right_child=1 -3 3 4 5 -7 -8 8 -10 10 11 12 -14 -15
leaf_value=-6.9210103424610425e-05 -0.010319773052408771 0.0065064937228023938 0.006713148073797897 -0.0099280488211147024 0.0044693806655704974 -0.0043201212229952218 -0.0016253866940188 0.010207396355758914 -0.0087097325251430015 0.012656904707839509 -0.0050152287753269494 0.00033195428651629151 0.0134748512879014 -0.0011751188825927337
leaf_weight=27332 281 361 234 538 370 495 348 471 237 406 946 909 262 263
leaf_count=27332 281 361 234 538 370 495 348 471 237 406 946 909 262 263
internal_value=-1.60391e-05 -0.00205713 -0.00343274 -0.00243432 -0.0036724 -0.000556371 -0.00669438 0.000158209 0.00193476 0.00272149 0.0014399 -0.000409185 0.00331734 0.00725082
internal_weight=33453 2627 2266 1985 1751 865 886 30826 3494 3257 2786 2117 1171 669
internal_count=33453 2627 2266 1985 1751 865 886 30826 3494 3257 2786 2117 1171 669
is_linear=0
shrinkage=0.03


Tree=187
num_leaves=15
num_cat=0
split_feature=12 8 9 6 4 3 11 11 6 10 12 6 6 1
split_gain=11.9248 24.2815 23.7045 21.0551 10.4283 18.4419 18.5461 25.6719 27.5131 25.0858 27.7238 24.0595 29.1554 23.3551
threshold=-0.15750461501439703 -0.034352054062980024 0.94215769972826047 0.27366550020084207 0.12805299143664764 0.39101944806149463 0.290321647265181 0.52635387889577889 -0.26118419605874271 0.89239961311344917 0.059785783574154323 -0.41153054764165869 -0.20150313929606709 1.2453682652897697
decision_type=2 2 2 8 2 2 2 2 10 2 2 10 10 2
left_child=1 -1 -3 -4 5 -2 9 -8 -9 -7 11 -11 -13 -14
right_child=4 2 3 -5 -6 6 7 8 -10 10 -12 12 13 -15
leaf_value=-0.0059667092161725197 -0.0036660961911520146 0.012918362129257729 -0.0036473060788018582 0.0076362296874808566 -0.00058685319155274223 0.0070584889951981556 0.0079200833364882241 -0.0060171044630886513 0.0025867920584351145 0.0077490203898098013 0.003748562661886592 -0.0078901045492138638 -0.0026569001594567024 0.0034306918339936507
leaf_weight=212 833 251 296 290 22853 399 674 382 2468 217 993 705 2251 753
leaf_count=212 833 251 296 290 22853 399 674 382 2468 217 993 705 2251 753
internal_value=-0.000135655 0.00300491 0.00529923 0.00195406 -0.000237381 0.000587972 0.000990591 0.00267675 0.00142505 -0.000128217 -0.000717735 -0.00185072 -0.00242205 -0.00112778
internal_weight=33577 1049 837 586 32528 9675 8842 3524 2850 5318 4919 3926 3709 3004
internal_count=33577 1049 837 586 32528 9675 8842 3524 2850 5318 4919 3926 3709 3004
is_linear=0
shrinkage=0.03


Tree=188
num_leaves=15
num_cat=0
split_feature=5 9 6 12 9 8 11 12 1 12 5 8 5 8
split_gain=15.2915 20.5426 10.5011 36.9315 25.4902 43.4149 27.182 25.3568 27.2502 23.3409 21.9866 19.1765 18.6091 32.4933
threshold=0.42869794979965464 0.8132286430370147 -0.18190863323006976 -0.070580363403371968 0.72350038382207105 0.031206332860395255 -0.43835101057902731 0.0039406891641945449 1.0813658699583029 -0.12586177689636666 1.7631727459174913 -0.014649223634250393 2.9405830380419387 -0.0131602347132262
decision_type=2 2 8 2 2 2 2 2 2 2 2 2 2 2
left_child=1 -1 3 9 5 6 10 8 -8 -2 11 -5 -6 -14
right_child=2 -3 -4 4 12 -7 7 -9 -10 -11 -12 -13 13 -15
leaf_value=0.012262868420772642 -0.00051197843055187417 -0.0011134011768600316 0.00021071871452624439 -0.0062119171092676565 1.8840042081571015e-05 -0.011898892641057779 0.0073646789709106084 -0.0071124475119608392 -0.0067490247291240963 -0.0090305114765754733 0.0097261260153501256 0.0054355628616306407 -0.0034670582664382112 0.0075957264347414162
leaf_weight=206 466 201 25013 253 3185 378 295 752 204 762 302 246 331 832
leaf_count=206 466 201 25013 253 3185 378 295 752 204 762 302 246 331 832
internal_value=-2.03361e-05 0.00572355 -9.19925e-05 -0.00103729 -0.000168388 -0.00262627 -0.000893385 -0.00365069 0.00158503 -0.00581309 0.0034089 -0.000472913 0.00120671 0.0044458
internal_weight=33426 407 33019 8006 6778 2430 2052 1251 499 1228 801 499 4348 1163
internal_count=33426 407 33019 8006 6778 2430 2052 1251 499 1228 801 499 4348 1163
is_linear=0
shrinkage=0.03


Tree=189
num_leaves=15
num_cat=0
split_feature=11 8 8 5 0 9 2 9 10 5 13 7 0 8
split_gain=9.64561 51.2947 24.4574 42.7764 32.0557 29.1955 27.7407 32.574 23.7119 52.456 18.2324 17.8415 18.6625 16.1027
threshold=-1.1201354685682667 0.03606994778390523 -0.028616678286353833 2.5904103304490538 0.48844884054634613 0.6915430430662306 0.77817862503622826 0.65928167455689246 2.1318247168020945 1.2159863657573726 12.500000000000002 0.17903491103402416 0.50498903679822593 0.02083767861397098
decision_type=2 2 2 2 2 2 2 2 2 2 2 8 2 2
left_child=1 2 5 4 -4 -1 7 -6 9 -9 -11 -7 -13 -2
right_child=13 -3 3 -5 6 11 -8 8 -10 10 -12 12 -14 -15
leaf_value=0.0055750161378419951 -0.00080994819657758364 -0.0099700535998671451 0.015473301284453447 -0.0050095070133595295 -0.0040313615435734395 0.0020833375014333807 -0.00214712352533544 0.013724878589701221 0.013212551067500142 -0.0079646565495912931 0.0041361648702824654 -0.0032538288122344159 -0.01476862053147384 0.00070933256922903155
leaf_weight=356 20501 334 250 414 235 236 476 327 488 224 215 329 205 9045
leaf_count=356 20501 334 250 414 235 236 476 327 488 224 215 329 205 9045
internal_value=-0.000155761 0.00120897 0.00221526 0.00379761 0.0054513 -0.00147969 0.00414021 0.00615058 0.00806711 0.00472466 -0.00205845 -0.00475626 -0.0077703 -0.000344805
internal_weight=33635 4089 3755 2629 2215 1126 1965 1489 1254 766 439 770 534 29546
internal_count=33635 4089 3755 2629 2215 1126 1965 1489 1254 766 439 770 534 29546
is_linear=0
shrinkage=0.03


Tree=190
num_leaves=15
num_cat=0
split_feature=7 7 0 6 0 6 4 3 13 1 7 10 7 13
split_gain=15.1101 12.5535 39.4042 31.0184 25.5197 23.3469 25.3331 25.8955 24.5183 19.2236 17.265 16.179 12.9172 38.0725
threshold=2.9675518174293773 1.5049489419702524 0.49362276365037722 -0.098375913823807323 0.48072463338497945 0.051717695927107406 0.32669494541201555 0.4175824175824186 9.5000000000000018 0.94878360932123285 1.4417939887362505 1.6859680525369527 1.2684065563754119 15.500000000000002
decision_type=10 10 2 8 2 8 2 2 2 2 10 2 10 2
left_child=1 10 3 11 -5 6 7 -4 9 -9 12 -3 -1 -14
right_child=-2 2 5 4 -6 -7 -8 8 -10 -11 -12 -13 13 -15
leaf_value=-0.00018181646543506016 -0.0058963982891309429 -0.0058074826904720512 -0.0035560224261906455 0.0048743193709063076 0.016569868688005956 -0.004542396997601339 -0.0078536115106391281 0.0036513644176622531 -0.0027118126116693021 0.01386559918594089 -0.0063776439192610654 0.0054724036176439107 0.0052917567042330251 -0.0084174766715160859
leaf_weight=27916 382 209 339 366 315 815 204 326 211 343 388 241 1044 216
leaf_count=27916 382 209 339 366 315 815 204 326 211 343 388 241 1044 216
internal_value=-3.03872e-06 6.62049e-05 0.00179987 0.00635048 0.0103655 -0.000508856 0.00180911 0.00345164 0.00615602 0.00895227 -0.000131628 0.000227275 -4.74866e-05 0.00291762
internal_weight=33315 32933 3369 1131 681 2238 1423 1219 880 669 29564 450 29176 1260
internal_count=33315 32933 3369 1131 681 2238 1423 1219 880 669 29564 450 29176 1260
is_linear=0
shrinkage=0.03


Tree=191
num_leaves=15
num_cat=0
split_feature=2 7 2 3 3 12 2 14 3 12 9 14 8 4
split_gain=10.0036 31.2291 20.6985 18.7167 32.4579 32.017 20.525 18.6962 17.7323 22.4286 17.5269 15.8321 22.8468 34.5179
threshold=0.64562612461194646 0.048893810163281738 0.60780849442250384 0.74999999999999856 0.80179508868033433 -0.019695011478046639 0.62921348314606651 1.0000000180025095e-35 0.72881355932203495 0.0019302079573347288 1.1298345145080473 1.0000000180025095e-35 -0.019549622312225002 0.071992075087053756
decision_type=2 8 2 2 2 2 2 2 2 2 2 2 2 2
left_child=1 -1 10 6 -5 -6 7 -4 9 -2 11 -3 -13 -14
right_child=8 2 3 4 5 -7 -8 -9 -10 -11 -12 12 13 -15
leaf_value=0.005870623114801448 0.0015052148709578596 0.00097863264742840744 -0.0021040658367311822 0.014764367723242671 -0.0064754451144724452 0.0073599498102973615 -0.0057822289765534687 0.0088059188123180039 -0.00046476159451945879 -0.0082549347801274854 -0.002651635889720966 -0.0042292433544354286 0.0041697492491010665 -0.0013575691757436873
leaf_weight=860 327 8526 271 269 230 415 337 287 11786 590 2386 1493 1323 4335
leaf_count=860 327 8526 271 269 230 415 337 287 11786 590 2386 1493 1323 4335
internal_value=-0.000115642 0.000290538 4.76326e-05 0.00310252 0.00610978 0.00241454 1.45376e-05 0.00353571 -0.000778404 -0.0047852 -0.000259087 0.000105783 -0.000934856 -6.25858e-05
internal_weight=33435 20732 19872 1809 914 645 895 558 12703 917 18063 15677 7151 5658
internal_count=33435 20732 19872 1809 914 645 895 558 12703 917 18063 15677 7151 5658
is_linear=0
shrinkage=0.03


Tree=192
num_leaves=15
num_cat=0
split_feature=8 5 11 6 5 3 6 5 5 12 3 11 3 6
split_gain=11.7993 51.002 30.2789 27.2986 25.7078 27.6242 25.2407 23.1912 26.6307 28.6873 23.9558 26.8534 36.8479 21.4224
threshold=-0.033916676560666853 1.8732008793235153 -0.20947442397055419 0.11965073807468841 2.4004960407411171 0.8292130138939825 -0.20491391586610955 1.1767563343281593 1.2408326134545578 -0.023456095544336527 0.86859228362877994 -1.1014755434086898 0.91406249999999634 -0.13998434955462305
decision_type=2 2 2 10 2 2 10 2 2 2 2 2 2 8
left_child=1 13 3 -3 5 -4 -6 10 9 -9 -2 -12 -13 -1
right_child=7 2 4 -5 6 -7 -8 8 -10 -11 11 12 -14 -15
leaf_value=0.0025176176795219181 0.00046867436226627777 -0.0036262116900814528 0.0061673897655540799 0.0071322927855904774 -0.0053625281474181351 0.02006190366555597 0.0056398974102498459 0.0020947872502047838 -0.00037856605574149182 -0.012008865678313472 0.012451791981771841 0.01072595487330474 -0.0024582199857929557 -0.0039321707850469021
leaf_weight=651 2946 688 341 301 218 209 1205 200 23816 358 349 301 503 1580
leaf_count=651 2946 688 341 301 218 209 1205 200 23816 358 349 301 503 1580
internal_value=6.00199e-05 0.00137441 0.00395184 -0.000332478 0.00609484 0.0115805 0.00394148 -0.000179902 -0.000531097 -0.00698008 0.00190652 0.00556244 0.00251343 -0.00204872
internal_weight=33666 5193 2962 989 1973 550 1423 28473 24374 558 4099 1153 804 2231
internal_count=33666 5193 2962 989 1973 550 1423 28473 24374 558 4099 1153 804 2231
is_linear=0
shrinkage=0.03


Tree=193
num_leaves=15
num_cat=0
split_feature=0 4 14 8 6 8 6 1 1 1 6 12 1 13
split_gain=14.7981 39.3406 8.49456 31.5982 31.1725 25.8419 25.7819 24.1708 26.1404 38.7757 27.9673 31.1448 26.9172 23.8562
threshold=0.57865085242139025 0.31338791457745246 1.0000000180025095e-35 -0.021540005687288342 -0.59511045898302484 -0.01784138694725949 -0.55712077534492621 4.1187225536899543 1.7735387786179906 1.6315346115796163 0.0053194558570608405 0.054669950687808007 1.2373465011707068 10.500000000000002
decision_type=2 2 2 2 10 2 10 2 2 2 10 2 2 2
left_child=2 -2 6 -4 -5 -6 -1 8 9 12 11 -10 13 -7
right_child=1 -3 3 4 5 7 -8 -9 10 -11 -12 -13 -14 -15
leaf_value=0.0073249187043734707 -0.0026968370706004939 0.012010811636449037 -0.0035435363909084357 -0.010810109184174233 0.0072178969546920725 0.002078992938404732 3.4945754978300402e-05 0.0096197889109628579 -0.0040728019571254536 0.0093727415590632839 -0.0080167608661207528 0.0062622966590643965 -0.0033753856980302272 -0.0014284432601837144
leaf_weight=443 340 308 2931 234 441 4484 17194 219 777 402 751 390 1798 2851
leaf_count=443 340 308 2931 234 441 4484 17194 219 777 402 751 390 1798 2851
internal_value=-0.000139776 0.00433227 -0.000228462 -0.00074616 -8.0938e-05 0.000130704 0.000220077 -0.000140046 -0.000330786 0.000312563 -0.00352158 -0.000606932 -9.11419e-05 0.000715663
internal_weight=33563 648 32915 15278 12347 12113 17637 11672 11453 9535 1918 1167 9133 7335
internal_count=33563 648 32915 15278 12347 12113 17637 11672 11453 9535 1918 1167 9133 7335
is_linear=0
shrinkage=0.03


Tree=194
num_leaves=15
num_cat=0
split_feature=9 6 9 3 5 6 10 2 6 2 2 3 2 5
split_gain=13.77 19.0776 16.5052 23.6053 12.6793 22.1204 18.7939 31.9417 24.6151 28.9119 23.8935 25.7451 25.467 19.6218
threshold=0.55091885801998786 0.043063960236897965 0.57981798101528637 0.72043010752688308 1.0070524530150513 0.60442071682020915 1.575723401975657 0.4097582782170322 0.027641165599198717 0.69842305938911708 0.21052631578947253 0.76528216920570979 0.75167914126956104 0.71021232213167063
decision_type=2 10 2 2 2 8 2 2 10 2 2 2 2 2
left_child=1 -1 3 -2 5 6 10 -8 9 13 -4 -12 -13 -9
right_child=2 -3 4 -5 -6 -7 7 8 -10 -11 11 12 -14 -15
leaf_value=-0.0061783558318297925 -0.0016572725254238819 0.0023177526302361282 0.0072082595681748447 0.0095460757303875987 -0.00030832155697170619 0.010311987291022045 -0.0037366325663519906 0.0077317589213108193 -0.00018269601172970649 0.0020170486525605664 -0.0077303199546853284 0.0048603608716150807 -0.0075143924827489371 0.020751137719199987
leaf_weight=732 301 348 236 378 28674 241 424 227 394 308 577 459 216 204
leaf_count=732 301 348 236 378 28674 241 424 227 394 308 577 459 216 204
internal_value=-0.00011781 -0.00344266 -7.28254e-06 0.00460383 -0.000105952 0.00165773 0.000957001 0.0032562 0.00587803 0.00908883 -0.00145166 -0.00310622 0.000874304 0.0140614
internal_weight=33719 1080 32639 679 31960 3286 3045 1557 1133 739 1488 1252 675 431
internal_count=33719 1080 32639 679 31960 3286 3045 1557 1133 739 1488 1252 675 431
is_linear=0
shrinkage=0.03


Tree=195
num_leaves=15
num_cat=0
split_feature=13 5 13 3 7 7 5 4 0 13 3 10 8 7
split_gain=13.2087 24.387 27.3661 30.3296 24.1128 22.4167 21.4716 38.7914 34.6782 41.8347 42.506 37.5871 35.0074 23.9701
threshold=8.5000000000000018 3.4893510294921186 7.5000000000000009 0.80542986425339158 -0.45442130527491881 1.6765188101648498 1.715997434533991 1.2519004518745633 0.54224312363814275 30.500000000000004 0.90160922459427073 1.1231953373127159 -0.033916676560666853 1.8336394840047801
decision_type=2 2 2 2 8 8 2 2 2 2 2 2 2 8
left_child=1 2 4 -4 -1 -3 7 13 12 10 11 -10 -8 -2
right_child=6 5 3 -5 -6 -7 8 -9 9 -11 -12 -13 -14 -15
leaf_value=0.008982756888850571 0.0023246148925328237 0.0013781404746255662 -0.0013657133600098036 -0.011780627378335237 -0.00071161502904044168 0.010723631026676934 0.0037708188330570908 -0.0101394538198636 0.013868699056478456 -0.0038886654922881954 0.013679486524366529 0.0007390610172090178 -0.0016427719876473208 0.012404687013980504
leaf_weight=230 5066 1580 625 418 13329 266 1242 214 229 580 418 1220 7799 217
leaf_count=230 5066 1580 625 418 13329 266 1242 214 229 580 418 1220 7799 217
internal_value=0.000111692 -0.000494188 -0.000905137 -0.00557596 -0.00054392 0.00275011 0.000698388 0.00223944 -3.96592e-05 0.00312487 0.00530825 0.00285463 -0.000897411 0.00274999
internal_weight=33433 16448 14602 1043 13559 1846 16985 5497 11488 2447 1867 1449 9041 5283
internal_count=33433 16448 14602 1043 13559 1846 16985 5497 11488 2447 1867 1449 9041 5283
is_linear=0
shrinkage=0.03


Tree=196
num_leaves=15
num_cat=0
split_feature=1 1 13 6 6 11 4 4 7 9 6 13 5 3
split_gain=9.49961 9.46114 10.8699 24.1579 20.4746 29.0678 20.7246 13.7505 34.444 25.901 15.3401 14.7016 33.3437 34.1327
threshold=7.1910026536357066 5.5821503534664609 34.500000000000007 0.24805594310278137 -0.028247383754167184 -0.1678450379496749 0.73490709544584387 0.75827290089012578 -0.29430255133067468 1.1546276733861245 0.34848091460252933 23.500000000000004 0.86217230897206643 0.61209853147143234
decision_type=2 2 2 10 8 2 2 2 10 2 10 2 2 2
left_child=1 2 7 4 5 6 -4 11 -9 10 -10 -1 -13 -14
right_child=-2 -3 3 -5 -6 -7 -8 8 9 -11 -12 12 13 -15
leaf_value=-0.00039004333503360445 -0.0048218116458080751 0.0055470172046942819 0.0059334534705638665 0.004830514478568847 -0.007188025430365336 -0.0060253692879957046 -0.0050902228014735136 0.01384254419298556 0.00086172294227948381 0.0099903094712858916 -0.0074556574012551984 0.013538203394931295 0.010508361069243275 -0.00038124267788580598
leaf_weight=25140 381 261 542 385 768 587 209 203 1825 256 219 202 291 2073
leaf_count=25140 381 261 542 385 768 587 209 203 1825 256 219 202 291 2073
internal_value=-0.000142809 -8.80009e-05 -0.000133819 -0.00203653 -0.00330037 -0.00105043 0.00285224 2.33874e-05 0.00215056 0.00109083 -4.54438e-05 -0.000169138 0.0019917 0.000978579
internal_weight=33342 32961 32700 2491 2106 1338 751 30209 2503 2300 2044 27706 2566 2364
internal_count=33342 32961 32700 2491 2106 1338 751 30209 2503 2300 2044 27706 2566 2364
is_linear=0
shrinkage=0.03


Tree=197
num_leaves=15
num_cat=0
split_feature=2 6 4 5 7 1 0 5 1 11 2 10 0 9
split_gain=14.141 20.6671 19.5827 20.9121 19.5024 18.1022 18.9357 22.2527 17.1365 25.3198 22.286 20.6336 29.1583 22.679
threshold=0.92889619546151903 -0.058602945108426611 0.47991114280532371 3.4893510294921186 0.57675405009180836 0.73870309080623986 0.48470490798635862 1.6822758510192044 1.3846975497098681 -1.9209971490880242 0.84615384615384881 1.691280481921243 0.56138220719214038 0.69601982448995114
decision_type=2 8 2 2 10 2 2 2 2 2 2 2 2 2
left_child=2 -2 8 5 -5 -4 7 -7 9 -1 -10 13 -13 -11
right_child=1 -3 3 4 -6 6 -8 -9 10 11 -12 12 -14 -15
leaf_value=-0.0075654049143556827 -0.0024843455730856824 0.0098431008686897473 0.0022050487379558018 -0.00035880657506134845 0.0098874109002248245 -6.2185658550843954e-06 -0.0020089346639504827 -0.012666543469101458 0.0021424336498588018 0.0013668575897924375 -0.0056424477208859517 0.0007010138806853505 0.0089859269671465625 -0.0017027242884202593
leaf_weight=407 203 297 828 455 259 200 5962 328 5354 2951 348 7481 398 8109
leaf_count=407 203 297 828 455 259 200 5962 328 5354 2951 348 7481 398 8109
internal_value=-0.000119173 0.00486311 -0.000195203 -0.0014837 0.00340087 -0.00196228 -0.00249523 -0.00791601 0.000218186 -0.000207912 0.00166279 -4.78439e-05 0.00112495 -0.000883459
internal_weight=33580 500 33080 8032 714 7318 6490 528 25048 19346 5702 18939 7879 11060
internal_count=33580 500 33080 8032 714 7318 6490 528 25048 19346 5702 18939 7879 11060
is_linear=0
shrinkage=0.03


Tree=198
num_leaves=15
num_cat=0
split_feature=11 0 0 12 2 1 12 9 8 0 3 9 11 9
split_gain=10.0491 43.667 26.1006 23.5696 22.8986 23.8655 23.2434 28.2219 42.9787 17.9974 12.991 14.6963 11.1951 19.8693
threshold=1.5197431545185929 0.53053589255672318 0.55163641171411737 0.097102134660517439 0.2297906059277722 2.258381048305715 -0.043473299590684238 0.94215769972826047 0.015969902361582054 0.49669767902710155 0.62699215785479334 0.89387070816499858 -1.7435857400749577 1.077167263244059
decision_type=2 2 2 2 2 2 2 2 2 2 2 2 2 2
left_child=12 3 10 4 -2 6 -6 8 9 -8 -3 -12 13 -1
right_child=1 2 -4 -5 5 -7 7 -9 -10 -11 11 -13 -14 -15
leaf_value=-0.0043458522868577284 0.0048044093997860462 0.013134337772538706 -0.0028923828013163681 -0.010090752856633464 -0.0086026409444917105 -0.010916095378722708 0.0012361449615996892 -0.005707565955009381 -0.0060059899504424311 0.012226077708943257 -0.00031178250728489858 0.0099501898580867977 0.000328574253391793 0.0046183244547152776
leaf_weight=1059 350 214 355 398 378 320 221 525 301 341 279 223 28182 277
leaf_count=1059 350 214 355 398 378 320 221 525 301 341 279 223 28182 277
internal_value=1.1917e-05 -0.00141727 0.00373165 -0.00336626 -0.00224917 -0.00344132 -0.00205989 -0.00025359 0.00307806 0.00795342 0.0070132 0.00429999 0.000201196 -0.00247697
internal_weight=33423 3905 1071 2834 2436 2086 1766 1388 863 562 716 502 29518 1336
internal_count=33423 3905 1071 2834 2436 2086 1766 1388 863 562 716 502 29518 1336
is_linear=0
shrinkage=0.03


Tree=199
num_leaves=15
num_cat=0
split_feature=5 8 9 13 8 6 7 9 13 8 6 6 9 9
split_gain=11.4389 35.9425 41.0149 19.6459 30.2574 51.7329 40.4515 30.312 17.92 16.0222 40.5439 48.2821 34.6412 59.8559
threshold=1.1767563343281593 -0.028296898439458481 0.6243732218058452 8.5000000000000018 0.024298388925987836 -0.035189297814513902 0.95216843872688262 1.0079792435339985 5.5000000000000009 -0.032359726921630451 0.41022845946407677 -0.048541682065613816 0.66225455655949006 0.87477158896621066
decision_type=2 2 2 2 2 10 8 2 2 2 8 10 2 2
left_child=1 2 -1 8 6 -6 7 -5 -3 10 11 -2 -13 -14
right_child=9 3 -4 4 5 -7 -8 -9 -10 -11 -12 12 13 -15
leaf_value=-0.014488144091197421 -0.001151109936872326 0.0020843234438370994 -0.00056219619660338098 0.0022504566499480494 0.010118512670541632 -0.0081089679416963614 0.01763592494058085 0.015019890605539514 -0.0050921739382376692 -0.00060323067651498862 -0.005924408928227709 0.013784345481848424 -0.0013437296628423842 0.009412196671345404
leaf_weight=226 1889 1425 1084 886 227 349 268 202 396 23810 603 363 993 870
leaf_count=226 1889 1425 1084 886 227 349 268 202 396 23810 603 363 993 870
internal_value=-5.34433e-05 0.00125995 -0.00301064 0.00275264 0.00485586 -0.000900309 0.00729528 0.00467912 0.000514031 -0.000286718 0.00130955 0.0023755 0.00536408 0.00369092
internal_weight=33591 5063 1310 3753 1932 576 1356 1088 1821 28528 4718 4115 2226 1863
internal_count=33591 5063 1310 3753 1932 576 1356 1088 1821 28528 4718 4115 2226 1863
is_linear=0
shrinkage=0.03


Tree=200
num_leaves=15
num_cat=0
split_feature=1 11 8 6 9 9 12 3 12 3 14 9 3 5
split_gain=10.9206 31.8707 35.4616 26.3576 26.2853 18.6573 18.0599 17.0755 21.5654 17.0039 20.6773 31.9596 37.6585 30.9509
threshold=0.60699514873994131 -1.0000000180025095e-35 -0.014993537147422102 -0.11310159895892562 0.67576458259872185 0.99078446423542277 -0.033755699015417633 0.73689044038668483 0.0089563790457749554 0.7809450605761088 1.0000000180025095e-35 0.75617663077380748 0.93419272934364783 1.0070524530150513
decision_type=2 2 2 10 2 2 2 2 2 2 2 2 2 2
left_child=1 2 6 5 -5 7 -1 -3 -9 -2 11 12 -11 -13
right_child=9 3 -4 4 -6 -7 -8 8 -10 10 -12 13 -14 -15
leaf_value=-0.010203585746054598 -0.00063232872454144055 -0.0096066200891437824 -0.0005289858199979524 0.011154603535177731 0.0014837629650827379 0.0040821546644164144 -0.0034870592398728861 0.0042923995848507318 -0.0083908557636725115 0.0071138671332583829 -0.00042187770314042292 0.0088673166724724511 -0.001414668757894168 -0.00018778534461659908
leaf_weight=723 14160 384 1764 292 1721 267 729 277 206 1723 6004 364 636 4280
leaf_count=723 14160 384 1764 292 1721 267 729 277 206 1723 6004 364 636 4280
internal_value=-0.000175187 -0.00129338 -0.00339133 0.000852554 0.00291075 -0.00279776 -0.00685498 -0.00492774 -0.00114757 8.69034e-05 0.000869834 0.00197679 0.0048164 0.000530733
internal_weight=33530 6363 3216 3147 2013 1134 1452 867 483 27167 13007 7003 2359 4644
internal_count=33530 6363 3216 3147 2013 1134 1452 867 483 27167 13007 7003 2359 4644
is_linear=0
shrinkage=0.03


Tree=201
num_leaves=15
num_cat=0
split_feature=13 5 13 7 6 1 2 10 13 13 1 11 13 7
split_gain=10.4085 23.91 41.3784 35.8454 34.5422 23.2326 21.9163 22.0469 20.9028 24.6566 39.5571 25.3702 23.2882 27.7027
threshold=8.5000000000000018 1.5048063184104126 5.5000000000000009 1.0439804299466648 -0.33237710102824913 0.37601063491984793 0.10782992442259749 2.1937346109132583 17.500000000000004 22.500000000000004 1.5466324811254601 -1.9209971490880242 32.500000000000007 0.31121535912468867
decision_type=2 2 2 8 8 2 2 2 2 2 2 2 2 10
left_child=1 2 5 -4 -3 -1 -7 -8 -2 10 -10 -11 13 -13
right_child=8 4 3 -5 -6 6 7 -9 9 11 -12 12 -14 -15
leaf_value=-0.0096557552406662372 0.0016931127461670321 -0.0062355290537379916 -0.011891221047035048 0.00081841517201666129 0.00060923467384054884 0.0076106882158666848 -0.0019517963500767569 0.0061934672191477653 -0.00055569278797666525 0.0098045080570647349 -0.0087345757679852653 -0.00075390494948675984 -0.001648422383580087 0.0050905185418087051
leaf_weight=242 8211 699 642 288 11546 295 2382 337 1918 255 732 1478 2953 1435
leaf_count=242 8211 699 642 288 11546 295 2382 337 1918 255 732 1478 2953 1435
internal_value=8.50193e-05 -0.000453207 -0.00240906 -0.007972 0.000216119 -0.000810346 -8.53149e-05 -0.000932736 0.000605762 -0.00041255 -0.00282711 0.000634255 0.000227606 0.00212896
internal_weight=33413 16431 4186 930 12245 3256 3014 2719 16982 8771 2650 6121 5866 2913
internal_count=33413 16431 4186 930 12245 3256 3014 2719 16982 8771 2650 6121 5866 2913
is_linear=0
shrinkage=0.03


Tree=202
num_leaves=15
num_cat=0
split_feature=13 8 13 1 6 1 6 8 12 13 1 14 12 12
split_gain=9.81567 20.4901 11.885 32.0325 24.7869 30.6159 11.8467 25.6644 16.3622 12.1552 12.0637 14.1953 15.6836 10.0665
threshold=-9.4999999999999982 -0.0098207962041315811 -3.4999999999999996 0.54474307068833827 -0.12838544000848964 1.2078024661379547 0.49487447858184425 -0.019549622312225002 0.11980497626653965 3.5000000000000004 0.5979422382790579 1.0000000180025095e-35 0.022699373267756066 0.25116409622420494
decision_type=2 2 2 2 8 2 10 2 2 2 2 2 2 2
left_child=1 -1 3 -2 -5 -6 13 9 10 -8 -9 12 -12 -4
right_child=2 -3 6 4 5 -7 7 8 -10 -11 11 -13 -14 -15
leaf_value=-0.0097328988910558509 0.013203929801912685 0.0027892748375405682 0.00021122240680466686 -0.0085667626786431889 -0.0027297434898353118 0.010568089332988428 -0.0015242119480216921 0.0038638260776241279 0.0071572966991663581 -0.010015682078794472 0.0044790648105845323 -0.0082718826914890495 -0.0062148608784708716 -0.0056840545445492044
leaf_weight=262 223 207 29627 200 332 286 237 285 242 427 283 308 211 258
leaf_count=262 223 207 29627 200 332 286 237 285 242 427 283 308 211 258
internal_value=5.1435e-05 -0.00423493 0.000113137 0.00325975 0.00048506 0.0034597 9.88694e-06 -0.00222663 0.000185025 -0.00701888 -0.00139288 -0.00327328 -0.000105089 0.000159386
internal_weight=33388 469 32919 1041 818 618 31878 1993 1329 664 1087 802 494 29885
internal_count=33388 469 32919 1041 818 618 31878 1993 1329 664 1087 802 494 29885
is_linear=0
shrinkage=0.03


Tree=203
num_leaves=15
num_cat=0
split_feature=6 1 10 10 9 12 13 3 13 6 8 1 12 9
split_gain=14.5136 21.9293 23.9378 34.8912 23.9257 17.9483 14.5875 30.5729 26.7971 47.556 34.9046 33.5554 31.6721 27.0786
threshold=0.4500601609096217 1.496908316474493 1.4558562226179703 1.3179209254074713 0.77952544308289951 -0.023456095544336527 8.5000000000000018 0.95294117647058962 10.500000000000002 -0.11751083034669173 -0.055911605058659053 1.2220770591697236 -0.12586177689636666 1.3098615712347443
decision_type=10 2 2 2 2 2 2 2 2 8 2 2 2 2
left_child=6 2 3 5 -3 -2 -1 8 9 11 -10 -8 -12 -14
right_child=1 4 -4 -5 -6 -7 7 -9 10 -11 12 -13 13 -15
leaf_value=-0.00035253065983517021 0.0058576848592895728 -0.014735601681222517 -0.0033039969399172218 0.013919144036195609 -0.0025105620435829164 -0.0044333907728636166 0.013441167078805631 0.0049552535675867647 0.010045705509952979 9.723864716121491e-05 0.0067767238236271623 -2.8578699912783526e-05 -0.00032492232312267521 -0.00832783499947716
leaf_weight=15063 255 220 1116 207 408 364 554 1543 298 1284 544 237 11137 389
leaf_count=15063 255 220 1116 207 408 364 554 1543 298 1284 544 237 11137 389
internal_value=0.000137861 -0.00202649 -0.000444707 0.00341508 -0.00687579 -0.000180967 0.000317307 0.000948383 0.000518747 0.00366925 -1.10872e-05 0.00943052 -0.000263439 -0.000598513
internal_weight=33619 2570 1942 826 628 619 31049 15986 14443 2075 12368 791 12070 11526
internal_count=33619 2570 1942 826 628 619 31049 15986 14443 2075 12368 791 12070 11526
is_linear=0
shrinkage=0.03


Tree=204
num_leaves=15
num_cat=0
split_feature=5 8 0 13 13 0 9 13 0 12 10 1 1 12
split_gain=11.8196 27.6639 24.8775 26.8587 20.4216 21.2751 28.9502 26.2337 31.7619 28.1477 24.4694 21.1749 18.9966 18.5479
threshold=1.1767563343281593 -0.03941704907840065 0.54411842746802119 -1.4999999999999998 35.500000000000007 0.50437743231538368 0.72765595371502501 24.500000000000004 0.51477289472226395 0.051839602591566732 1.3753876961286691 0.86206073352054158 1.0949856785441374 -0.06619210071979624
decision_type=2 2 2 2 2 2 2 2 2 2 2 2 2 2
left_child=1 -1 3 -3 5 6 11 8 10 13 -7 -5 -4 -10
right_child=-2 2 12 4 -6 7 -8 -9 9 -11 -12 -13 -14 -15
leaf_value=-0.0042733664738022594 -0.00021596540813843471 -0.0055085134929096372 0.0012380242060669421 0.0010602274997753298 -0.0048383924822012585 0.003283570237317175 0.0050837988789816024 0.016370468061434197 -0.0027726204233748893 -0.0065863557741409392 0.016657352651868546 -0.011246610360486166 -0.0094071071519041954 0.0074567563672398411
leaf_weight=672 28431 291 348 312 220 207 852 216 209 241 310 205 260 640
leaf_count=672 28431 291 348 312 220 207 852 216 209 241 310 205 260 640
internal_value=2.03154e-05 0.0013673 0.00225051 0.00317396 0.00392144 0.00453181 0.00169659 0.00665048 0.00529727 0.0023708 0.0113854 -0.00388064 -0.00335377 0.00493708
internal_weight=33414 4983 4311 3703 3412 3192 1369 1823 1607 1090 517 517 608 849
internal_count=33414 4983 4311 3703 3412 3192 1369 1823 1607 1090 517 517 608 849
is_linear=0
shrinkage=0.03


Tree=205
num_leaves=15
num_cat=0
split_feature=9 6 12 0 7 3 3 3 13 2 5 13 5 4
split_gain=10.1343 9.73416 30.2108 19.3341 10.4564 14.1092 26.4616 23.8357 24.1969 42.9516 34.653 28.9299 32.4442 31.4442
threshold=0.48314458618268302 1.1584585776387148 0.034125265176785664 0.51283186574960371 2.752944772579669 0.60869565217391397 0.75294117647058945 0.75714285714285756 8.5000000000000018 0.64285714285714846 3.3220417297451585 20.500000000000004 1.7631727459174913 0.43205404021357691
decision_type=2 8 2 2 10 2 2 2 2 2 2 2 2 2
left_child=-1 4 3 -3 5 -2 -7 -8 -9 10 11 13 -13 -10
right_child=1 2 -4 -5 -6 6 7 8 9 -11 -12 12 -14 -15
leaf_value=-0.0059632963307650012 0.0010990958869142645 0.012354960133809418 -0.0034615798585767312 0.00047040155596243073 -0.0044310364083880007 -0.0019051340151920646 0.0094112558607570822 -0.0012030496654249806 0.010021698871029544 -0.00019148131245086126 -0.0053127164267934863 0.0077291562829081345 -0.0036382588753441727 -0.0009336119542940188
leaf_weight=261 6900 310 373 203 505 7626 245 7450 1238 6891 300 388 527 290
leaf_count=261 6900 310 373 203 505 7626 245 7450 1238 6891 300 388 527 290
internal_value=-0.000130905 -8.4228e-05 0.00300918 0.00770204 -0.000169376 -0.00010113 -0.000433144 0.000215 8.04021e-05 0.00107301 0.00424424 0.00542629 0.00119783 0.00794622
internal_weight=33507 33246 886 513 32360 31855 24955 17329 17084 9634 2743 2443 915 1528
internal_count=33507 33246 886 513 32360 31855 24955 17329 17084 9634 2743 2443 915 1528
is_linear=0
shrinkage=0.03


Tree=206
num_leaves=15
num_cat=0
split_feature=4 9 13 13 13 13 6 1 6 1 14 13 12 13
split_gain=13.7574 13.2334 22.8631 25.1074 22.8885 23.6037 22.7223 22.738 18.4219 29.0824 29.0081 33.5054 31.9849 37.8319
threshold=0.003291349254508523 0.93470866702039068 61.000000000000007 56.500000000000007 49.500000000000007 41.500000000000007 -0.2072434086071592 1.8815942402555283 -0.16157370263177626 0.74767898394297183 1.0000000180025095e-35 1.5000000000000002 -0.047906333332688837 30.500000000000004
decision_type=2 2 2 2 2 2 10 2 10 2 2 2 2 2
left_child=-1 2 3 4 5 8 7 -3 9 -2 11 -11 -12 -14
right_child=1 6 -4 -5 -6 -7 -8 -9 -10 10 12 -13 13 -15
leaf_value=-0.0067121839612421285 -0.0034768065409984867 0.0039796349118196199 0.01037227480971026 -0.0075449852539748608 0.0089436037518875033 -0.0080740838982099727 -0.0012573358192181931 -0.0059923747990713195 0.0012345062954501934 -0.0053196096373721953 -0.011205753507027695 0.0043053410499685413 0.0011534483410214041 -0.01186435721603153
leaf_weight=261 2230 1419 207 341 287 281 9604 236 13851 379 282 2151 1634 224
leaf_count=261 2230 1419 207 341 287 281 9604 236 13851 379 282 2151 1634 224
internal_value=8.3197e-05 0.000137743 0.000567962 0.000471892 0.000601862 0.000485933 -0.000697701 0.00254388 0.000603765 -0.000662355 0.000683871 0.00285585 -0.00188461 -0.000443605
internal_weight=33387 33126 21867 21660 21319 21032 11259 1655 20751 6900 4670 2530 2140 1858
internal_count=33387 33126 21867 21660 21319 21032 11259 1655 20751 6900 4670 2530 2140 1858
is_linear=0
shrinkage=0.03


Tree=207
num_leaves=15
num_cat=0
split_feature=13 1 1 5 1 0 1 10 3 13 0 12 12 9
split_gain=13.6341 19.8075 20.658 30.6316 12.496 21.2255 18.7956 17.8139 17.1086 25.8385 17.3299 16.651 16.4059 14.9467
threshold=-3.4999999999999996 0.54474307068833827 1.2220770591697236 2.0120597385167698 0.53376156503369299 0.52633282122240022 0.4174281973818173 1.9611833156303049 0.92348332775733277 7.5000000000000009 0.54556525088424379 0.0039406891641945449 -0.079899743667381937 1.0040951997942089
decision_type=2 2 2 2 2 2 2 2 2 2 2 2 2 2
left_child=1 -1 -3 -4 5 6 12 13 9 10 -7 -11 -2 -8
right_child=4 2 3 -5 -6 8 7 -9 -10 11 -12 -13 -14 -15
leaf_value=0.0098371054694997104 -0.0070321181861765347 -0.0027041100724692468 0.014232658549796702 0.00017717392532797367 0.00025865018380281842 0.0036680163546554644 -0.0087560275452287922 0.00052537680196568487 -0.0055571635126942347 0.0031254016681729504 -0.0064904442250858551 0.015209859991519603 0.0015667154743243675 -0.00066265821769937035
leaf_weight=296 246 601 210 398 27786 360 921 376 233 211 253 201 972 265
leaf_count=296 246 601 210 398 27786 360 921 376 233 211 253 201 972 265
internal_value=0.000164116 0.00294947 0.0012296 0.00510836 3.19501e-05 -0.00152639 -0.00298787 -0.00516071 0.0017023 0.00337147 -0.000543218 0.00913266 -0.000191644 -0.00695802
internal_weight=33329 1505 1209 608 31824 4038 2780 1562 1258 1025 613 412 1218 1186
internal_count=33329 1505 1209 608 31824 4038 2780 1562 1258 1025 613 412 1218 1186
is_linear=0
shrinkage=0.03


Tree=208
num_leaves=15
num_cat=0
split_feature=3 9 2 4 9 9 11 2 8 2 1 11 14 10
split_gain=11.0953 24.3329 17.7061 22.9045 13.019 38.0353 29.2891 26.7386 37.2532 29.7835 28.006 58.0407 36.3796 31.0095
threshold=0.98723404255319192 0.79702638727280639 0.92889619546151903 0.51208558905009849 0.64194050529192215 0.63646432966555955 1.496828959769114 0.48763468958845169 0.00046995900330348974 0.39270471549772662 1.2833542207958604 -0.71826344156035804 1.0000000180025095e-35 1.5287366253802062
decision_type=2 2 2 2 2 2 2 2 2 2 2 2 2 2
left_child=2 -2 4 -4 5 6 7 8 9 -1 12 -12 13 -9
right_child=1 -3 3 -5 -6 -7 -8 10 -10 -11 11 -13 -14 -15
leaf_value=-0.003297262701246697 -0.0099542540543582237 0.0011962839932339892 -0.00072674681419047753 0.013490164747666114 -9.6788251386679115e-05 0.012781697008616597 -0.0089036184689214107 0.012763150796642848 0.010650660262414121 0.0089690638344671406 0.0073325586023926734 -0.0099871955584947374 -0.0028607037906279368 -0.00033360963570885362
leaf_weight=543 302 411 202 200 28423 257 248 377 581 259 245 573 629 283
leaf_count=543 302 411 202 200 28423 257 248 377 581 259 245 573 629 283
internal_value=0.000126124 -0.00356309 0.000206801 0.00642518 0.000128711 0.00173118 0.000955357 0.00166767 0.00490073 0.000695084 -0.000461033 -0.00478671 0.00229193 0.00718713
internal_weight=33533 713 32820 402 32418 3995 3738 3490 1383 802 2107 818 1289 660
internal_count=33533 713 32820 402 32418 3995 3738 3490 1383 802 2107 818 1289 660
is_linear=0
shrinkage=0.03


Tree=209
num_leaves=15
num_cat=0
split_feature=13 5 9 8 4 12 8 0 7 7 7 8 5 9
split_gain=12.3251 38.4058 28.3925 40.2125 29.492 27.7997 25.2609 15.5984 29.1361 14.0909 18.0525 17.2103 23.7291 27.4803
threshold=-1.4999999999999998 1.2408326134545578 0.72140868714248874 -0.021205266934671677 0.045551643312434172 0.025883543298735438 -0.032359726921630451 0.5019289075075376 1.0638807888489954 2.9675518174293773 1.5532520295397982 0.028443843588714882 1.6144259072706284 0.71209930056494497
decision_type=2 2 2 2 2 2 2 2 8 10 10 2 2 2
left_child=1 -1 5 6 -5 -3 -4 -6 -9 10 -2 12 13 -12
right_child=9 2 3 4 7 -7 -8 8 -10 -11 11 -13 -14 -15
leaf_value=-0.0057215058917694898 -0.00032822502160755117 0.01571324942912157 0.00060279169832837991 0.0151285614230851 0.0097271636685410737 0.0012683327486057107 -0.013007564192421214 0.0053456704208285225 -0.0077134981948749817 -0.0068115946321110968 -0.00052205574639300079 -0.0032224670543949652 0.001189365025709307 0.012139951043518444
leaf_weight=465 28194 298 285 206 201 200 210 387 248 280 230 418 1426 461
leaf_count=465 28194 298 285 206 201 200 210 387 248 280 230 418 1426 461
internal_value=-8.15784e-06 0.00201601 0.00379373 0.00176271 0.0051002 0.00998235 -0.00524363 0.00255384 0.000224981 -0.000171649 -0.000110048 0.00231237 0.00341023 0.00795192
internal_weight=33509 2500 2035 1537 1042 498 495 836 635 31009 30729 2535 2117 691
internal_count=33509 2500 2035 1537 1042 498 495 836 635 31009 30729 2535 2117 691
is_linear=0
shrinkage=0.03


Tree=210
num_leaves=15
num_cat=0
split_feature=8 1 13 6 13 12 9 0 6 1 5 9 9 8
split_gain=8.80059 35.0077 37.2762 37.1981 51.2444 28.3591 35.6449 29.9174 27.2665 26.988 35.0591 26.2672 25.2749 24.9265
threshold=0.00046995900330348974 4.3447566454383768 10.500000000000002 0.069205615943108714 8.5000000000000018 -0.061847978297925869 1.2066528560021363 0.53670811936152585 -0.59511045898302484 1.0352401806533853 2.7480586001028118 1.1614518976125803 1.3867441247541088 0.0044840623382925741
decision_type=2 2 2 8 2 2 2 2 10 2 2 2 2 2
left_child=8 2 3 4 11 7 -7 -4 -1 10 -6 -2 -10 -5
right_child=1 -3 5 13 9 6 -8 -9 12 -11 -12 -13 -14 -15
leaf_value=0.0075499765255594466 0.00098679023806256378 0.01021588524230066 -0.00018052730923237629 0.0088145978073589492 0.021688879316088056 -0.0011115461292289929 -0.0085051072611971642 0.012890578236076981 -0.00088410927427198989 0.0041681652337127754 0.0050564969385015791 0.0083665159621437012 0.0063779271656001797 -0.0015574457059402988
leaf_weight=364 3650 319 426 219 269 6541 640 245 16443 418 202 488 438 3022
leaf_count=364 3650 319 426 219 269 6541 640 245 16443 418 202 488 438 3022
internal_value=-4.43344e-05 0.000452255 0.000255934 0.00166132 0.00327583 -0.00122402 -0.00177595 0.00465213 -0.000517708 0.00979036 0.0146837 0.00186614 -0.000693853 -0.000844091
internal_weight=33684 16439 16120 8268 5027 7852 7181 671 17245 889 471 4138 16881 3241
internal_count=33684 16439 16120 8268 5027 7852 7181 671 17245 889 471 4138 16881 3241
is_linear=0
shrinkage=0.03


Tree=211
num_leaves=15
num_cat=0
split_feature=13 13 6 6 4 9 1 1 9 9 13 13 0 6
split_gain=11.9873 16.035 23.9034 23.6052 14.0318 12.3216 11.9148 17.5425 18.1091 19.4145 16.9777 27.5069 18.5689 23.3508
threshold=-9.4999999999999982 -3.4999999999999996 -0.15899886363370794 -0.022333780154231816 0.13003486150611718 0.79050536178507091 0.60699514873994131 0.63452569693062755 0.93703282992661896 0.72552397336113328 26.500000000000004 20.500000000000004 0.52633282122240022 0.33361369497160892
decision_type=2 2 8 10 2 2 2 2 2 2 2 2 2 10
left_child=5 2 -2 -4 -5 -1 10 8 9 -8 11 12 -3 -14
right_child=1 6 3 4 -6 -7 7 -9 -10 -11 -12 -13 13 -15
leaf_value=-0.010420733246134548 -0.0050048314897319325 -0.002405459514893116 0.014175536856383479 0.0082284063494539785 -0.0010160462684847046 -0.00068268434775452453 0.00049742246403881949 -5.4933627540087688e-05 -0.002632127364476522 0.01213908725018196 0.0057833119713641863 -0.0098115240011166505 -0.00010528597638174669 0.0097290020360672989
leaf_weight=200 226 3681 222 246 357 274 214 25202 220 321 277 353 1406 252
leaf_count=200 226 3681 222 246 357 274 214 25202 220 321 277 353 1406 252
internal_value=-0.000145699 -7.72473e-05 0.0035599 0.00592213 0.00279198 -0.00485745 -0.00019752 8.04767e-05 0.00457112 0.00753014 -0.00140548 -0.00176009 -0.00121907 0.00141419
internal_weight=33451 32977 1051 825 603 474 31926 25957 755 535 5969 5692 5339 1658
internal_count=33451 32977 1051 825 603 474 31926 25957 755 535 5969 5692 5339 1658
is_linear=0
shrinkage=0.03


Tree=212
num_leaves=15
num_cat=0
split_feature=9 3 11 2 6 9 13 13 14 6 13 13 2 12
split_gain=14.1051 11.9292 28.335 22.209 9.60631 27.4721 40.5176 45.5075 49.2366 34.5588 25.3752 32.4665 22.105 27.3921
threshold=0.55091885801998786 0.79049224841393251 -0.48294219542111455 0.44827586206896269 0.030369632428893348 0.70398081280457225 3.5000000000000004 9.5000000000000018 1.0000000180025095e-35 0.19361298155930987 28.500000000000004 22.500000000000004 0.5964636433851872 0.01360594150306327
decision_type=2 2 2 2 10 2 2 2 2 10 2 2 2 2
left_child=1 3 -3 -1 10 6 -6 -8 -9 -10 11 -2 13 -13
right_child=4 2 -4 -5 5 -7 7 8 9 -11 -12 12 -14 -15
leaf_value=3.066028062682534e-05 0.00058117940236253297 0.0083614549460545393 -0.0064097851736320032 -0.011466312605024892 0.0094883947940805641 -0.0011214738293062222 -0.0075176577393949156 0.010408176782593764 -0.010708176128815595 0.0053020703800566206 -0.0023255841727850253 0.0031467297580758374 0.0027162576838937907 0.018447910064982399
leaf_weight=282 16085 208 254 321 563 10673 476 489 249 228 2431 205 831 217
leaf_count=282 16085 208 254 321 563 10673 476 489 249 228 2431 205 831 217
internal_value=1.67137e-05 -0.0033723 0.000258791 -0.00613358 0.000128453 -0.000516009 0.00270177 2.84393e-05 0.00376637 -0.00307986 0.000541777 0.00094437 0.00558588 0.0111388
internal_weight=33512 1065 462 603 32447 12678 2005 1442 966 477 19769 17338 1253 422
internal_count=33512 1065 462 603 32447 12678 2005 1442 966 477 19769 17338 1253 422
is_linear=0
shrinkage=0.03


Tree=213
num_leaves=15
num_cat=0
split_feature=9 2 0 10 4 5 13 13 13 13 12 13 13 10
split_gain=11.4813 17.661 20.32 20.7244 18.9988 15.7738 14.3086 17.0415 34.8452 19.1122 36.0276 23.6731 47.0756 90.2039
threshold=0.89881092477752023 0.90673383711167121 0.54774234236667074 1.6047585220102312 0.32669494541201555 0.42869794979965464 59.500000000000007 56.500000000000007 49.500000000000007 34.500000000000007 -0.027266586187962846 21.500000000000004 24.500000000000004 1.6101991823742126
decision_type=2 2 2 2 2 2 2 2 2 2 2 2 2 2
left_child=5 2 -2 4 -4 -1 7 8 9 11 -11 -7 13 -13
right_child=1 -3 3 -5 -6 6 -8 -9 -10 10 -12 12 -14 -15
leaf_value=0.0078081030193276292 -0.00051757069627735421 0.0054772637407142916 -0.013677996749543491 -0.0012388689688678028 -0.0031094190410403595 -6.5554145610494016e-05 0.0081504584829892642 -0.0071326722795959042 0.011347395141075519 0.0068069951141752844 -0.0076156545005240514 0.019443296838812338 0.00047217295252535815 -0.001628855037319864
leaf_weight=249 11403 392 306 864 309 15887 201 276 249 200 653 381 1835 346
leaf_count=249 11403 392 306 864 309 15887 201 276 249 200 653 381 1835 346
internal_value=-7.00866e-05 -0.000755837 -0.000947563 -0.00424986 -0.00843583 0.000378904 0.000284614 0.000202838 0.00030819 0.00016288 -0.00421406 0.000366338 0.00303942 0.00947184
internal_weight=33551 13274 12882 1479 615 20277 20028 19827 19551 19302 853 18449 2562 727
internal_count=33551 13274 12882 1479 615 20277 20028 19827 19551 19302 853 18449 2562 727
is_linear=0
shrinkage=0.03


Tree=214
num_leaves=15
num_cat=0
split_feature=5 8 11 11 2 0 5 8 8 7 5 12 3 4
split_gain=9.16856 28.7112 47.8538 31.6535 27.0387 26.3712 23.9599 20.4467 32.8601 37.4308 37.2311 25.7765 21.7055 20.7303
threshold=1.8849798442964587 -0.033916676560666853 -0.20947442397055419 -1.0433133590509887 0.36363636363636265 0.51664995391517587 2.1666246994747218 -0.028296898439458481 -0.0098207962041315811 0.35204198165480044 1.5587831460953796 0.0019302079573347288 0.87500000000000144 0.080479692486831123
decision_type=2 2 2 2 2 2 2 2 2 10 2 2 2 2
left_child=7 2 3 -2 -4 -3 -6 13 9 -9 12 -12 -11 -1
right_child=1 5 4 -5 6 -7 -8 8 -10 10 11 -13 -14 -15
leaf_value=-0.0078459919306338791 0.0050086324079624362 -0.0015249245122714399 -0.00092489924902185692 -0.0061735685369756271 0.016881692169710645 0.00080440587659141264 0.0060026485466178666 -0.0017380138490359241 -0.0012508189563923719 0.0063847023748625931 0.0042285145615989514 -0.009273355446996227 0.017177258863032441 -0.001713868983139474
leaf_weight=617 341 8063 433 664 210 9550 1301 1092 6990 989 303 212 201 2476
leaf_count=617 341 8063 433 664 210 9550 1301 1092 6990 989 303 212 201 2476
internal_value=-0.00019624 0.000196907 0.00293392 -0.0023734 0.00567671 -0.000262061 0.00756532 -0.000823704 -0.000151257 0.00259399 0.00536548 -0.00136526 0.00827189 -0.00294781
internal_weight=33442 20562 2949 1005 1944 17613 1511 12880 9787 2797 1705 515 1190 3093
internal_count=33442 20562 2949 1005 1944 17613 1511 12880 9787 2797 1705 515 1190 3093
is_linear=0
shrinkage=0.03


Tree=215
num_leaves=15
num_cat=0
split_feature=7 7 4 7 9 2 2 7 0 6 8 7 3 11
split_gain=14.4248 21.2147 19.1741 18.2212 17.683 13.0021 39.9655 32.3692 57.0327 26.1191 19.5548 14.5425 12.6381 26.1053
threshold=-0.45442130527491881 -0.36044273470956872 0.44107380987144468 -0.31199476595718717 0.92740400074072848 0.84615384615384881 0.86567164179104461 0.28955029768949631 0.51098302080675972 -0.11552779585393767 0.004051771728069288 -0.22619921557409592 0.85937499999999678 -1.7990638628463662
decision_type=8 8 2 8 2 2 2 10 2 10 2 8 2 2
left_child=2 -2 4 -3 -1 11 -7 8 -8 -10 -11 -5 -13 -14
right_child=1 3 -4 5 -6 6 7 -9 9 10 -12 12 13 -15
leaf_value=-0.0058893603089197376 -0.0068441345682219946 0.0078629515687833069 0.010699043820922573 -0.0050024588931903494 0.0065562948477522302 -0.009301674700431568 0.011870561755461988 -0.0078883619997809126 -0.0080558121653526524 -0.0032013900227445572 0.0081551977648828804 -4.2813789361737367e-06 0.011061472505694482 0.0011073370836066048
leaf_weight=200 389 269 265 461 201 526 390 347 356 275 262 22575 241 6646
leaf_count=200 389 269 265 461 201 526 390 347 356 275 262 22575 241 6646
internal_value=0.00016445 7.51921e-05 0.00451866 0.000159445 0.000352901 9.36318e-05 -0.00215369 0.000174354 0.00237715 -0.00181191 0.00236356 0.000255888 0.000339001 0.00146344
internal_weight=33403 32737 666 32348 401 32079 2156 1630 1283 893 537 29923 29462 6887
internal_count=33403 32737 666 32348 401 32079 2156 1630 1283 893 537 29923 29462 6887
is_linear=0
shrinkage=0.03


Tree=216
num_leaves=15
num_cat=0
split_feature=3 2 11 2 6 10 5 3 5 1 1 5 5 3
split_gain=12.2449 25.1753 32.1389 40.2504 21.6275 31.1068 19.7855 31.48 25.0713 18.6048 19.9688 15.5215 17.8374 24.8938
threshold=0.85937499999999678 0.64127997660362468 -1.2055027014547206 0.55219812156997516 0.09816173969484622 1.8486841681907047 1.8849798442964587 0.91406249999999634 2.1891134873181253 2.7623578649080631 3.4268842730104905 0.75689497566331043 1.4694781013885343 0.90751445086705174
decision_type=2 2 2 2 10 2 2 2 2 2 2 2 2 2
left_child=-1 2 -2 6 5 -5 7 -4 -8 11 -11 -3 13 -13
right_child=1 9 3 4 -6 -7 8 -9 -10 10 -12 12 -14 -15
leaf_value=-0.00016284404481144838 0.013939424424897878 0.0061583783192055248 0.002732156788811863 0.0091159181652302034 0.014226971922026044 -0.0046967893575318156 0.01138526282472802 -0.0096566762229493217 0.00010009421631508231 0.012106519522479712 0.00019975015150502007 0.0021012848580584803 0.00016756238800713801 -0.0068467376607605629
leaf_weight=23192 235 316 341 421 292 220 219 393 848 229 277 420 5239 822
leaf_count=23192 235 316 341 421 292 220 219 393 848 229 277 420 5239 822
internal_value=0.000219105 0.00108112 0.00340791 0.00247888 0.00751814 0.00437555 -0.000145267 -0.00392156 0.00245866 0.000133496 0.00565412 -0.000281339 -0.000599832 -0.00382454
internal_weight=33464 10272 2969 2734 933 641 1801 734 1067 7303 506 6797 6481 1242
internal_count=33464 10272 2969 2734 933 641 1801 734 1067 7303 506 6797 6481 1242
is_linear=0
shrinkage=0.03


Tree=217
num_leaves=15
num_cat=0
split_feature=11 11 8 6 13 1 13 9 2 2 11 8 6 11
split_gain=9.21422 8.70335 44.2027 17.7504 10.3187 18.4244 15.8788 26.5558 14.3132 14.556 13.4636 11.5283 15.0295 19.4243
threshold=-2.4502255466764673 -1.8545869309529168 -0.021869333604655556 -0.030340282020334616 30.500000000000004 0.64822901503898434 33.500000000000007 0.61125568729461066 0.92889619546151903 0.94768516338637943 -1.6568785767275487 0.017510292082159224 -0.10572129463781609 -0.04762177099596359
decision_type=2 2 2 8 2 2 2 2 2 2 2 2 10 2
left_child=-1 2 -2 -4 8 -6 -7 -8 10 -10 -3 -9 -13 -14
right_child=1 4 3 -5 5 6 7 11 9 -11 -12 12 13 -15
leaf_value=0.0055246678812611366 -0.011339490933468668 0.0053852350326438602 0.0079536800894228019 -0.003666828279949237 0.0068039639350112287 -0.0071016368792722537 0.0077155257374944535 -0.0046594054362477464 0.011307868090494033 0.0002802627851299974 1.2008414677381125e-05 -0.005145134966414151 -0.0026516116621171674 0.0065434697591431005
leaf_weight=261 338 421 261 209 213 497 261 1017 203 224 28355 389 407 411
leaf_count=261 338 421 261 209 213 497 261 1017 203 224 28355 389 407 411
internal_value=-3.66552e-05 -8.11926e-05 -0.00314695 0.00280206 -4.25943e-06 -0.00162153 -0.00223374 -0.00124785 0.000172928 0.00559309 9.15419e-05 -0.0023147 -0.000328023 0.0019801
internal_weight=33467 33206 808 470 32398 3195 2982 2485 29203 427 28776 2224 1207 818
internal_count=33467 33206 808 470 32398 3195 2982 2485 29203 427 28776 2224 1207 818
is_linear=0
shrinkage=0.03


Tree=218
num_leaves=15
num_cat=0
split_feature=7 11 0 4 11 10 5 4 2 5 12 5 2 1
split_gain=14.1897 12.8703 15.9682 11.0532 22.3408 21.1384 19.0377 15.8508 19.3503 15.2142 14.7862 12.41 11.1434 11.9224
threshold=2.752944772579669 0.033997097876434075 0.50158612774228717 0.19800519441494649 -1.6932669142516288 0.78937972112305499 1.8961212654284976 0.18803870341423354 0.52706031154307154 0.51159404501228856 -0.051470267420374076 0.60001063515049979 0.097970656794185235 1.0222000967973426
decision_type=8 2 2 2 2 2 2 2 2 2 2 2 2 2
left_child=3 2 -2 4 10 6 -5 12 -9 -7 -1 -11 -6 -14
right_child=1 -3 -4 5 7 9 -8 8 -10 11 -12 -13 13 -15
leaf_value=0.0016119672407018336 -0.0043392089969500986 -0.0066024930406685754 0.0059321889232892494 -0.010304608431433429 0.006624076099359783 0.0060436722842944152 0.00079088822850186761 0.011853149283084679 0.00014337678372859953 -0.0072618084910668823 -0.0082311146224848929 -0.00021852885506074254 -3.8625496700409742e-05 0.0019462042361448979
leaf_weight=207 327 547 226 352 285 341 227 259 245 223 395 18045 7619 4234
leaf_count=207 327 547 226 352 285 341 227 259 245 223 395 18045 7619 4234
internal_value=-1.8735e-05 -0.00336186 -0.000125953 9.5155e-05 0.000761629 -0.00036494 -0.00598503 0.0010312 0.00621822 -0.000188516 -0.00486113 -0.000306471 0.000813346 0.000670896
internal_weight=33532 1100 553 32432 13244 19188 579 12642 504 18609 602 18268 12138 11853
internal_count=33532 1100 553 32432 13244 19188 579 12642 504 18609 602 18268 12138 11853
is_linear=0
shrinkage=0.03


Tree=219
num_leaves=15
num_cat=0
split_feature=0 6 1 6 8 9 13 13 0 13 1 13 1 0
split_gain=11.4166 35.2719 10.1416 21.6138 21.999 19.8474 21.0994 29.0956 56.1289 45.8455 43.9526 37.3474 49.1992 39.2851
threshold=0.45538031130903678 -0.0067797989646749537 1.1546036904871058 -0.39236275715008978 0.0053376335752719252 0.56321747782637599 46.500000000000007 23.500000000000004 0.54907298095791168 16.500000000000004 1.5321120789971403 10.500000000000002 1.3647862294925941 0.56364899782096434
decision_type=2 8 2 8 2 2 2 2 2 2 2 2 2 2
left_child=1 -1 3 4 -2 -4 7 9 -9 11 -11 13 -13 -7
right_child=2 -3 5 -5 -6 6 -8 8 -10 10 -12 12 -14 -15
leaf_value=-0.0022520350967533886 0.0069645705716760388 0.011667484249143552 -0.0052248109450770746 -0.00089494456879842769 -0.0021148327238972651 0.00048765917417225744 -0.0034239618674672041 0.0018092415301186452 0.014088839187938495 0.0015922862928556768 -0.0083410108178467689 -0.0031107164781204746 0.0073268923399869724 -0.012565945827602516
leaf_weight=377 639 283 535 18165 380 5940 1051 1785 408 679 969 544 1575 210
leaf_count=377 639 283 535 18165 380 5940 1051 1785 408 679 969 544 1575 210
internal_value=-0.000132328 0.00375934 -0.000211005 -0.000656114 0.00358493 0.000412472 0.000643527 0.000997802 0.00412067 0.000305497 -0.00425591 0.0012166 0.00464628 3.20805e-05
internal_weight=33540 660 32880 19184 1019 13696 13161 12110 2193 9917 1648 8269 2119 6150
internal_count=33540 660 32880 19184 1019 13696 13161 12110 2193 9917 1648 8269 2119 6150
is_linear=0
shrinkage=0.03


Tree=220
num_leaves=15
num_cat=0
split_feature=7 0 13 8 11 6 6 0 1 11 1 6 7 10
split_gain=13.1351 8.99449 17.5589 10.3768 11.0951 25 26.5393 39.2628 25.8095 20.1428 19.4839 19.3782 34.4487 22.1025
threshold=2.9675518174293773 0.45206898837852921 10.500000000000002 -0.070161275587530658 -1.2985115922971089 0.2675507535945742 -0.34413626447938411 0.50466696887822649 1.1468933859351147 -1.2284655704079199 0.6819212411490706 -0.065787101838033588 0.35204198165480044 2.0529886243229511
decision_type=10 2 2 2 2 8 10 2 2 2 2 10 8 2
left_child=1 2 -1 -3 5 6 -5 8 -8 -6 -9 13 -13 -12
right_child=-2 3 -4 4 9 -7 7 10 -10 -11 11 12 -14 -15
leaf_value=0.0085097804486464999 -0.0054999403610169265 -0.0062914636005193762 -0.0025550285978494466 0.0061017347844424599 0.0069786623397804035 0.004448103419512601 -0.0036629736545227957 -0.014602534741903823 0.0073996085198491475 0.00013258067255714689 -0.0079581376636165303 -0.0018366534101445912 -0.016224547488670246 0.0036817356105893848
leaf_weight=307 381 229 217 256 387 489 402 244 351 29141 256 299 298 331
leaf_count=307 381 229 217 256 387 489 402 244 351 29141 256 299 298 331
internal_value=2.24485e-06 6.61926e-05 0.00394676 3.38207e-06 4.87617e-05 -0.00171173 -0.00295432 -0.00402882 0.00150848 0.000223473 -0.00694377 -0.00531067 -0.00909366 -0.00141894
internal_weight=33588 33207 524 32683 32454 2926 2437 2181 753 29528 1428 1184 597 587
internal_count=33588 33207 524 32683 32454 2926 2437 2181 753 29528 1428 1184 597 587
is_linear=0
shrinkage=0.03


Tree=221
num_leaves=15
num_cat=0
split_feature=13 0 0 5 7 0 1 8 13 8 5 11 11 0
split_gain=12.3133 26.0628 29.1292 19.8008 27.2279 23.6403 23.5425 21.4462 26.5226 23.6087 19.4993 18.5205 23.2295 17.9983
threshold=8.5000000000000018 0.54657903309707179 0.57865085242139025 3.5265138014853368 1.0974632172526102 0.45206898837852921 1.300112360908054 0.00046995900330348974 7.5000000000000009 0.0057384390581994077 1.8402464176116564 -1.8545869309529168 -1.5399948747858476 0.52422584192046984
decision_type=2 2 2 2 8 2 2 2 2 2 2 2 2 2
left_child=1 3 -3 5 13 -1 -6 8 11 -9 -10 -7 -13 -5
right_child=-2 2 -4 4 6 7 -8 9 10 -11 -12 12 -14 -15
leaf_value=0.0087209100272080883 0.00057893769999636802 -0.0057947963050687468 0.0046574011522387132 -0.0025116519363148808 0.0019361703078525951 -0.0082699743986176764 0.014811208639914791 0.005986580035805357 -0.013705748892028392 1.1445480162649705e-05 -0.0027463025882794863 0.0079990866649823425 -0.0011893089494128088 0.006456332835596758
leaf_weight=239 17076 1436 284 676 246 312 265 687 266 4252 324 252 6820 281
leaf_count=239 17076 1436 284 676 246 312 265 687 266 4252 324 252 6820 281
internal_value=1.56878e-05 -0.00057293 -0.00406047 -0.000161383 0.00313719 -0.000530615 0.00869187 -0.000705156 -0.00166696 0.000847783 -0.00776099 -0.0011751 -0.000856474 0.000141451
internal_weight=33416 16340 1720 14620 1468 13152 511 12913 7974 4939 590 7384 7072 957
internal_count=33416 16340 1720 14620 1468 13152 511 12913 7974 4939 590 7384 7072 957
is_linear=0
shrinkage=0.03


Tree=222
num_leaves=15
num_cat=0
split_feature=13 6 6 10 9 6 8 8 3 9 8 8 10 8
split_gain=8.92896 24.9947 17.959 17.2312 16.7392 47.1179 38.1191 33.0733 28.6651 19.7246 18.2927 18.1409 30.7009 24.1717
threshold=3.5000000000000004 -0.33237710102824913 -0.39236275715008978 3.2035166688729331 0.69374704595876879 0.038550226506531844 -0.03195325110831896 0.012668712429567094 0.73504273504273454 0.61125568729461066 -0.054522960445425657 -0.028616678286353833 1.5586456745826089 -0.020888040295833941
decision_type=2 8 10 2 2 8 2 2 2 2 2 2 2 2
left_child=1 2 -1 -2 5 7 -7 9 -8 -3 -6 12 -12 -13
right_child=3 4 -4 -5 10 6 8 -9 -10 -11 11 13 -14 -15
leaf_value=-0.00085948411495454847 -0.00047148008799499392 -0.010926431647342879 -0.011605293113290028 0.0066030739807778861 -0.0061202350985102285 0.020034929038042069 0.011702144945986934 0.0089530233557914094 -0.0034887363524355279 -1.7378849443048238e-05 -0.0014869065940779694 -0.0051567374269055905 0.0074825623044153852 0.00080305408265048432
leaf_weight=336 23552 241 236 309 352 219 239 227 203 379 573 690 847 5153
leaf_count=336 23552 241 236 309 352 219 239 227 203 379 573 690 847 5153
internal_value=-6.65721e-05 0.000700934 -0.00535522 -0.0003785 0.00108337 0.00396564 0.00993617 -0.000724735 0.00476435 -0.00431132 0.000510368 0.000835709 0.00387067 9.54549e-05
internal_weight=33556 9695 572 23861 9123 1508 661 847 442 620 7615 7263 1420 5843
internal_count=33556 9695 572 23861 9123 1508 661 847 442 620 7615 7263 1420 5843
is_linear=0
shrinkage=0.03


Tree=223
num_leaves=15
num_cat=0
split_feature=9 12 0 5 11 8 8 7 12 0 11 8 8 2
split_gain=10.3897 12.2766 23.7009 20.1308 9.33241 33.6075 59.0296 26.3608 28.4089 27.9001 24.0857 25.2543 23.1925 27.7119
threshold=0.55091885801998786 0.010188747943148448 0.53021941664990746 1.2292167652900379 -0.77993359360672543 -0.028616678286353833 0.020441470208426512 0.16608687210491183 -0.12155414277368913 0.48470490798635862 -1.0253255411849902 -0.053416801000549526 -0.033916676560666853 0.2297906059277722
decision_type=2 2 2 2 2 2 2 8 2 2 2 2 2 2
left_child=1 3 -3 -1 5 10 7 -7 -9 -10 11 -2 13 -6
right_child=4 2 -4 -5 12 6 -8 8 9 -11 -12 -13 -14 -15
leaf_value=-0.013412157192462828 0.005932713508339865 0.0070989982718490507 -0.005837495465723359 -0.001560164643216784 -0.0045590055872101421 -0.0013461788790210853 -0.0045215019558376103 0.015078017889135856 -0.0055751704606142906 0.0046669745687841178 -0.0095462016583218977 -0.0042821591096046151 3.997971368794217e-05 0.003547811625892443
leaf_weight=200 275 246 254 352 425 1034 1488 200 270 1875 550 980 21997 3264
leaf_count=200 275 246 254 352 425 1034 1488 200 270 1875 550 980 21997 3264
internal_value=5.41094e-05 -0.00287279 0.000534529 -0.00593621 0.000149696 -0.000849552 0.000447958 0.00263979 0.00439648 0.00336779 -0.00433973 -0.00202918 0.000409367 0.00260894
internal_weight=33410 1052 500 552 32358 6672 4867 3379 2345 2145 1805 1255 25686 3689
internal_count=33410 1052 500 552 32358 6672 4867 3379 2345 2145 1805 1255 25686 3689
is_linear=0
shrinkage=0.03


Tree=224
num_leaves=15
num_cat=0
split_feature=10 9 3 12 9 2 5 2 0 7 3 3 0 0
split_gain=13.4969 23.8058 20.6568 27.0915 21.6117 18.029 29.5311 20.9539 36.0723 24.2761 31.7541 22.2433 34.584 34.8008
threshold=1.8262521272493226 1.1758081229092729 0.9597315436241608 -0.027266586187962846 0.86799720911060596 0.065578287836149399 1.4807107604529166 0.29793849712073989 0.52389769054547419 1.5724373441603736 0.42553191489361636 0.60869565217391397 0.50606474975976645 0.49428839693499166
decision_type=2 2 2 2 2 2 2 2 2 10 2 2 2 2
left_child=5 2 -2 -4 -5 6 -1 8 9 10 -7 12 13 -9
right_child=1 -3 3 4 -6 7 -8 11 -10 -11 -12 -13 -14 -15
leaf_value=0.013375235477538959 0.00088437084557871294 -0.0024108889719008666 0.012447018484439116 -0.0043908567255472432 0.0081496697148135833 0.0056333678710453819 -0.0012657346270952669 0.002079462106694198 -0.0092870689051788909 0.001797473283658187 -0.0072955450400185515 -0.00072445543417074942 0.0047321266105537279 -0.0097992787670260397
leaf_weight=214 10186 1861 327 267 222 213 284 586 640 1143 801 14713 1747 351
leaf_count=214 10186 1861 327 267 222 213 284 586 640 1143 801 14713 1747 351
internal_value=-4.00736e-05 0.000722877 0.00125381 0.005832 0.00132725 -0.000514415 0.00509618 -0.000654004 -0.00306167 -0.00119733 -0.00456539 -0.000266144 0.00224288 -0.00239871
internal_weight=33555 12863 11002 816 489 20692 498 20194 2797 2157 1014 17397 2684 937
internal_count=33555 12863 11002 816 489 20692 498 20194 2797 2157 1014 17397 2684 937
is_linear=0
shrinkage=0.03


Tree=225
num_leaves=15
num_cat=0
split_feature=8 6 6 12 10 12 6 0 4 7 12 7 2 1
split_gain=12.8292 25.8514 9.43908 28.2498 27.9418 22.7519 21.0246 19.5118 18.9829 33.7045 36.6738 27.0746 18.7164 16.863
threshold=0.064028345784128221 0.11965073807468841 -0.18190863323006976 -0.070580363403371968 1.9534782940127136 -0.10297604572159606 -0.2072434086071592 0.49639366842977911 0.56581193179186451 0.81010702022609216 0.01293679203686249 0.33443091795170149 0.9205621086355088 0.76628485509079181
decision_type=2 8 8 2 2 2 10 2 2 10 2 8 2 2
left_child=2 -2 3 5 13 -1 7 -6 9 10 -9 -12 -4 -5
right_child=1 -3 12 4 6 -7 -8 8 -10 -11 11 -13 -14 -15
leaf_value=-0.001723109327135427 -0.00091157058593151826 0.01276619654526745 -3.4324050339152218e-05 -0.0041512273106995125 -0.0022239534303773452 -0.0099002000902732659 -0.0044395472239869248 0.018098115125157965 -0.0018208970274437557 -0.00023616226199506355 -0.0031921713487603346 0.011377608823126117 0.0059111670401223275 -0.00033899478645159646
leaf_weight=717 310 202 24449 1589 388 533 331 329 270 391 203 254 481 3031
leaf_count=717 310 202 24449 1589 388 533 331 329 270 391 203 254 481 3031
internal_value=-0.000133204 0.00455601 -0.000206713 -0.00110049 -0.000335534 -0.00523537 0.00247242 0.00372789 0.00532599 0.00696623 0.0105279 0.00494119 8.15507e-05 -0.00165324
internal_weight=33478 512 32966 8036 6786 1250 2166 1835 1447 1177 786 457 24930 4620
internal_count=33478 512 32966 8036 6786 1250 2166 1835 1447 1177 786 457 24930 4620
is_linear=0
shrinkage=0.03


Tree=226
num_leaves=15
num_cat=0
split_feature=13 13 1 9 13 3 6 6 5 5 11 6 7 7
split_gain=5.80074 26.1577 29.8306 21.1093 19.7392 48.399 41.0308 39.5353 32.5061 31.6282 36.0328 30.1541 28.8262 28.1652
threshold=17.500000000000004 21.500000000000004 0.70140664677985731 0.82980873185174797 8.5000000000000018 0.73689044038668483 -0.28893034091053887 -0.20150313929606709 2.3887858571183194 3.2903800142638437 0.98240809734438828 0.57895891380982445 0.1589465298864563 0.32878769831963889
decision_type=2 2 2 2 2 2 8 8 2 2 2 8 10 10
left_child=4 2 3 -2 -1 11 12 8 -8 10 -9 -6 -7 -12
right_child=1 -3 -4 -5 5 6 7 9 -10 -11 13 -13 -14 -15
leaf_value=-0.00016708483627946667 0.0091847340566203976 0.00049316022144538999 -0.0051414508222604998 -0.0029430207695769167 -0.0017302713752232629 0.0029837595904245971 -0.011863290830515323 0.003661226963877222 0.0027696844729246531 -0.0023386991527432001 0.020821236465913308 0.0097131757768570571 0.017217191914948471 0.0053338177541549419
leaf_weight=16454 252 6556 1725 256 3334 219 283 2610 257 637 208 216 312 219
leaf_count=16454 252 6556 1725 256 3334 219 283 2610 257 637 208 216 312 219
internal_value=0.000199447 -0.000462445 -0.0032629 0.00310399 0.000434548 0.00162733 0.00360792 0.00260995 -0.00493756 0.00372448 0.00499796 -0.00102131 0.0114295 0.0130317
internal_weight=33538 8789 2233 508 24749 8295 4745 4214 540 3674 3037 3550 531 427
internal_count=33538 8789 2233 508 24749 8295 4745 4214 540 3674 3037 3550 531 427
is_linear=0
shrinkage=0.03


Tree=227
num_leaves=15
num_cat=0
split_feature=12 10 10 13 1 8 1 2 3 0 4 8 1 13
split_gain=10.4101 19.7496 13.1617 10.9457 26.6443 12.0378 15.6931 10.9439 13.0386 10.2426 9.96154 8.21197 9.00304 23.475
threshold=0.1494147633931843 1.0615451481880613 1.3695667120336703 -3.4999999999999996 0.54474307068833827 0.022898286887400334 0.9269631780640456 0.79166666666666707 0.70114942528735669 0.49997438558080015 0.003291349254508523 0.06729662155389933 1.3750734994836729 49.500000000000007
decision_type=2 2 2 2 2 2 2 2 2 2 2 2 2 2
left_child=3 -2 -3 4 -1 6 -6 8 -4 -8 -5 12 13 -12
right_child=1 2 7 10 5 -7 9 -9 -10 -11 11 -13 -14 -15
leaf_value=0.011319422969476883 0.0055115916464435121 -0.0084190408617175506 -0.0045898010017175117 -0.0059425423611417279 -0.0063357989842626559 0.0072059575456172916 0.0063752009884121205 -0.0079239531876433861 0.0024659724349926091 -0.0013076709784465292 -0.00035288404595066914 0.0047771567733806749 0.00090671542971776549 0.0079782934831364935
leaf_weight=264 257 356 399 237 294 210 269 213 561 360 20431 339 9010 304
leaf_count=264 257 356 399 237 294 210 269 213 561 360 20431 339 9010 304
internal_value=0.000114034 -0.00211122 -0.00340628 0.000239648 0.00283117 0.000812287 -0.000673382 -0.00185565 -0.00047517 0.00200237 0.0001198 0.000168538 0.00011522 -0.000228845
internal_weight=33504 1786 1529 31718 1397 1133 923 1173 960 629 30321 30084 29745 20735
internal_count=33504 1786 1529 31718 1397 1133 923 1173 960 629 30321 30084 29745 20735
is_linear=0
shrinkage=0.03


Tree=228
num_leaves=15
num_cat=0
split_feature=2 11 9 7 13 7 13 5 5 7 9 1 5 4
split_gain=8.57939 22.8289 14.1506 11.5407 9.4765 20.6831 20.4039 12.6592 17.7291 11.9125 17.5532 16.3881 22.183 19.8962
threshold=0.065578287836149399 -0.37056019623666075 0.75408375017991525 2.752944772579669 -3.4999999999999996 1.5970623038577922 -9.4999999999999982 2.4668597793091656 1.6461881756529155 1.5049489419702524 0.67150590953548905 1.0352401806533853 3.1222978561756958 0.37039468417188764
decision_type=2 2 2 8 2 8 2 2 2 10 2 2 2 2
left_child=1 -1 -3 4 5 6 -2 8 -8 -6 -11 12 -12 -13
right_child=3 2 -4 -5 9 -7 7 -9 -10 10 11 13 -14 -15
leaf_value=0.010761635982327992 -0.0019325759297978121 0.0057809934791583587 -0.0041261984138730194 -0.0050783280949016551 -0.00028096854985030926 -0.003780090309595082 0.0045669524219975003 0.0023154079955597607 0.016854308408263297 -0.0035811790248173048 0.0021981560935503538 0.0070454486586106089 -0.0087136742990446148 -0.0020112886657653326
leaf_weight=238 294 206 332 401 28170 348 221 271 207 456 843 1006 204 276
leaf_count=238 294 206 332 401 28170 348 221 271 207 456 843 1006 204 276
internal_value=2.2345e-05 0.00312975 -0.000314437 -5.18706e-05 1.13163e-05 0.00247555 0.00467581 0.00744929 0.0106357 -9.5819e-05 0.0017741 0.00282804 4.0759e-05 0.0050954
internal_weight=33473 776 538 32697 32296 1341 993 699 428 30955 2785 2329 1047 1282
internal_count=33473 776 538 32697 32296 1341 993 699 428 30955 2785 2329 1047 1282
is_linear=0
shrinkage=0.03


Tree=229
num_leaves=15
num_cat=0
split_feature=3 1 6 11 2 6 6 2 1 6 11 11 7 7
split_gain=13.8113 22.8947 21.1317 16.8816 40.0337 31.0655 31.4867 26.482 15.4607 27.5566 24.9156 29.3024 27.8963 20.784
threshold=0.85455715455715786 2.8224750633994335 -0.070675179950360253 -1.2055027014547206 0.81304612111541574 0.088423602605427046 -0.19357851011153601 0.86567164179104461 1.254097704681413 -0.31005603010402361 1.448937827350667 -0.63615596621810433 0.88801457139230311 0.53472984237394672
decision_type=2 2 8 2 2 8 10 2 2 8 2 2 10 10
left_child=-1 3 -3 4 5 6 -2 -6 -5 -10 11 -11 13 -13
right_child=1 2 -4 8 7 -7 -8 -9 9 10 -12 12 -14 -15
leaf_value=-0.00041853807614584634 0.01312423653395048 -0.00044446756091454749 0.011336686234376833 0.00088375844589801383 -0.0097447590899330302 0.017996798826706246 -0.0021648317075956443 0.0032004947833642787 -0.01144659334519992 -0.0066954963124966878 -0.0086337503971299148 0.0018927578249536693 -0.0077154182895742135 0.010925163674959274
leaf_weight=22830 205 225 344 6355 234 213 284 347 240 412 315 1082 214 287
leaf_count=22830 205 225 344 6355 234 213 284 347 240 412 315 1082 214 287
internal_value=-9.62837e-07 0.000885056 0.00671477 0.000556333 0.00376656 0.0085626 0.00431266 -0.00205192 9.19602e-05 -0.00187919 -0.000862602 0.000382938 0.00224049 0.0038192
internal_weight=33587 10757 569 10188 1283 702 489 581 8905 2550 2310 1995 1583 1369
internal_count=33587 10757 569 10188 1283 702 489 581 8905 2550 2310 1995 1583 1369
is_linear=0
shrinkage=0.03


Tree=230
num_leaves=15
num_cat=0
split_feature=6 5 8 8 13 13 5 0 6 5 2 7 8 13
split_gain=10.1432 24.1585 18.6117 23.0578 14.7705 14.1502 23.2977 13.4959 12.2866 23.9598 25.2449 23.1404 22.614 21.1021
threshold=-0.32661863717113776 1.6461881756529155 0.015271301059744009 -0.018166668099919556 4.5000000000000009 10.500000000000002 2.2345078965328926 0.52389769054547419 0.063490826420744675 3.6134971086393848 0.32942891442291794 2.1914974471344557 0.02610974943016468 26.500000000000004
decision_type=8 2 2 2 2 2 2 2 8 2 2 10 2 2
left_child=1 2 3 -1 -3 -6 -7 -8 9 11 -11 12 -2 -14
right_child=8 4 -4 -5 5 6 7 -9 -10 10 -12 -13 13 -15
leaf_value=-0.0020478722113226834 -8.0073467009984778e-05 -0.0085934892364802132 -0.0058547362440252949 0.0083413132638962169 0.0025333800473144289 -0.010476231483337671 -0.0043923532481593116 0.0049175816862784983 -0.00066432055875899018 0.01389206632545365 0.0026269477341439819 -0.0052101667698539553 0.0038381421741998075 -0.0020672723461356277
leaf_weight=326 13249 451 214 458 381 340 338 232 12016 207 1178 664 2723 677
leaf_count=326 13249 451 214 458 381 340 338 232 12016 207 1178 664 2723 677
internal_value=-7.21326e-05 -0.00181937 0.00189631 0.00403572 -0.00394743 -0.00229747 -0.00432285 -0.000593235 8.40091e-05 0.000564961 0.00435453 0.000260635 0.000480322 0.00266096
internal_weight=33454 2740 998 784 1742 1291 910 570 30714 18698 1385 17313 16649 3400
internal_count=33454 2740 998 784 1742 1291 910 570 30714 18698 1385 17313 16649 3400
is_linear=0
shrinkage=0.03


Tree=231
num_leaves=15
num_cat=0
split_feature=5 8 8 11 12 9 11 3 9 11 8 9 10 13
split_gain=11.4052 12.6732 8.10409 22.8109 21.7629 24.2226 19.504 20.3082 18.2843 45.1755 31.1848 21.4164 18.2256 16.8592
threshold=0.42869794979965464 -0.070161275587530658 -0.0056711092106681285 -2.1756594081516241 0.14158085129865619 1.1423082250056258 -1.7990638628463662 0.85087060250174706 0.59682812763071125 0.48694784651470474 0.023287331873823234 0.63646432966555955 1.1433332931353706 -10.499999999999998
decision_type=2 2 2 2 2 2 2 2 2 2 2 2 2 2
left_child=-1 -2 4 -4 6 -6 7 -3 9 10 -5 12 -10 -8
right_child=1 2 3 8 5 -7 13 -9 11 -11 -12 -13 -14 -15
leaf_value=0.0049274523699949233 -0.0067165851492560309 -0.010321668006396025 0.01017858038264988 0.013905731106463533 -0.0097148890604267027 0.002663538790159467 -0.008715748312088047 0.00021392111262228709 0.0025927799785775796 -0.004836957199096277 0.0018958978170073902 0.00014476026538646925 -0.0078149308849586752 -4.7165940774700973e-05
leaf_weight=389 262 351 202 385 462 202 200 306 205 365 392 15749 553 13452
leaf_count=389 262 351 202 385 462 202 200 306 205 365 392 15749 553 13452
internal_value=-0.000146635 -0.000207028 -0.000154053 0.000277638 -0.000668642 -0.0059574 -0.000421226 -0.00545013 0.000161467 0.00382409 0.00789758 -9.30047e-05 -0.00500164 -0.000177304
internal_weight=33475 33086 32824 17851 14973 664 14309 657 17649 1142 777 16507 758 13652
internal_count=33475 33086 32824 17851 14973 664 14309 657 17649 1142 777 16507 758 13652
is_linear=0
shrinkage=0.03


Tree=232
num_leaves=15
num_cat=0
split_feature=11 8 11 8 10 11 8 1 2 5 5 7 5 0
split_gain=9.0904 19.7429 14.9057 12.5427 12.0701 12.0205 11.7756 14.4233 11.3767 22.8835 37.6867 29.5932 27.1815 48.5608
threshold=2.2183496618617116 0.027280480736980649 1.9979730328669547 -0.010565640828002943 2.3450407744625501 1.9255085152179696 -0.021205266934671677 1.0092729066316826 0.38558154185369131 2.2568902049076236 1.6262051181729362 1.5970623038577922 2.7141235019725785 0.49736784004709872
decision_type=2 2 2 2 2 2 2 2 2 2 2 8 2 2
left_child=2 6 5 -4 -5 8 -2 -8 9 10 11 -1 13 -11
right_child=1 -3 3 4 -6 -7 7 -9 -10 12 -12 -13 -14 -15
leaf_value=-0.003088051569333364 0.0056922402361516463 0.0082632177227962445 0.0008520781928971641 -0.0025828518565383929 -0.012893853956243569 0.0062366388047395815 0.0026797839298956377 -0.0068967985923212068 0.00020519331025229185 0.013275394427657627 -0.0057067541329269399 0.0032080925432756875 -0.0012985579949032901 -0.00010828325048808431
leaf_weight=1445 218 366 237 207 203 266 261 299 24203 381 1875 1247 1735 663
leaf_count=1445 218 366 237 207 203 266 261 299 24203 381 1875 1247 1735 663
internal_value=-5.39103e-05 0.00256851 -0.000146709 -0.00463694 -0.00778189 -5.46799e-05 -0.000146149 -0.00244921 -0.000108704 -0.00114234 -0.00244747 -0.000170984 0.00100305 0.00481599
internal_weight=33606 1144 32462 647 410 31815 778 560 31549 7346 4567 2692 2779 1044
internal_count=33606 1144 32462 647 410 31815 778 560 31549 7346 4567 2692 2779 1044
is_linear=0
shrinkage=0.03


Tree=233
num_leaves=15
num_cat=0
split_feature=7 6 2 7 8 9 9 1 6 6 8 6 4 13
split_gain=16.4949 18.0294 12.4207 29.5347 25.7531 19.562 23.4833 20.9966 41.2834 39.0413 36.8392 52.1545 32.0559 44.8693
threshold=2.752944772579669 0.015117439320524341 0.63880006902498343 0.048893810163281738 0.00094030894689341052 1.1298345145080473 1.1546276733861245 1.1104589429781411 -0.40300076669809215 0.34083464288720339 -0.02616962766133275 -0.20150313929606709 0.15196482558511007 23.500000000000004
decision_type=10 8 2 8 2 2 2 2 10 8 2 10 2 2
left_child=2 -2 3 4 -1 7 -7 8 -5 10 11 -9 -12 -14
right_child=1 -3 -4 5 -6 6 -8 9 -10 -11 12 -13 13 -15
leaf_value=0.00010909951911995337 -0.010014991771802147 0.001539051133723369 -0.00063370130292406623 0.0068482756931058835 0.010910621043734116 -0.010042204984757525 -0.0010805919812208256 -0.0039457138781263321 -0.0007575292128939831 -0.0043022712310679216 0.005294027797970299 0.0096339259825698603 -0.0022296649876083954 0.0060579867837647541
leaf_weight=354 298 201 13272 687 448 293 2267 319 8936 788 1344 1210 2421 771
leaf_count=354 298 201 13272 687 448 293 2267 319 8936 788 1344 1210 2421 771
internal_value=-5.43328e-06 -0.00539186 7.65473e-05 0.000551757 0.00617308 0.000313368 -0.00212385 0.000692587 -0.000211265 0.00196101 0.00277764 0.00679714 0.00141675 -0.000221511
internal_weight=33609 499 33110 19838 802 19036 2560 16476 9623 6853 6065 1529 4536 3192
internal_count=33609 499 33110 19838 802 19036 2560 16476 9623 6853 6065 1529 4536 3192
is_linear=0
shrinkage=0.03


Tree=234
num_leaves=15
num_cat=0
split_feature=0 11 0 10 6 6 5 8 11 12 6 9 3 3
split_gain=8.51788 25.4467 23.5219 20.7952 8.37173 29.6235 20.8158 24.5197 26.3338 33.702 31.0479 23.0275 17.9801 15.2738
threshold=0.57865085242139025 0.67219344197021813 0.57357386216008055 1.403985137389661 0.30706604543043098 0.28654997494956497 2.4335310865527457 -0.025089652844782359 -1.2985115922971089 -0.032264518772108446 0.38924644999207952 0.70656349318416611 0.74150569493612017 0.86304117424729576
decision_type=2 2 2 2 8 10 2 2 2 2 10 2 2 2
left_child=2 3 4 -2 5 -1 7 11 -9 13 -11 -6 -12 -10
right_child=1 -3 -4 -5 6 -7 -8 8 9 10 12 -13 -14 -15
leaf_value=1.4334071710982123e-05 0.0058882690412415698 0.011892680001149385 -0.0088147027472845248 -0.0069467050496964371 0.0035603223048588806 0.0082078566690779765 -0.0036286692868043318 0.011682926597523279 0.0032566701942585907 -0.0086514404108926947 -0.0031395108644359225 -0.0073031062819879176 0.0059982898280590393 0.013272713235056981
leaf_weight=27286 215 206 274 230 250 398 1928 227 428 411 376 566 390 200
leaf_count=27286 215 206 274 230 250 398 1928 227 428 411 376 566 390 200
internal_value=-7.33393e-05 0.00331143 -0.00014115 -0.000749014 -6.65885e-05 0.000133589 -0.00122584 0.000404298 0.00216772 0.000942108 -0.00205231 -0.00397344 0.00152162 0.00652614
internal_weight=33385 651 32734 445 32460 27684 4776 2848 2032 1805 1177 816 766 628
internal_count=33385 651 32734 445 32460 27684 4776 2848 2032 1805 1177 816 766 628
is_linear=0
shrinkage=0.03


Tree=235
num_leaves=15
num_cat=0
split_feature=13 0 0 7 7 4 5 1 5 14 13 2 5 0
split_gain=10.3018 21.6955 23.1518 20.9148 30.0738 22.6133 42.1392 22.9369 20.7981 27.9201 33.8303 34.5079 33.7709 33.199
threshold=8.5000000000000018 0.54510103380280728 0.54169912974952417 1.300818865354324 2.1914974471344557 0.29871828377628912 2.300769192858485 1.300112360908054 1.434056070696865 1.0000000180025095e-35 38.500000000000007 0.76785714285714635 1.3582543953331905 0.4851966868906506
decision_type=2 2 2 10 10 2 2 2 2 2 2 2 2 2
left_child=1 2 3 -1 5 6 -5 -8 9 12 11 -11 13 -2
right_child=8 -3 -4 4 -6 -7 7 -9 -10 10 -12 -13 -14 -15
leaf_value=-0.0010058161686277104 -0.005344234626082813 -0.0035953566286711881 0.0071740275386955113 0.00088900021815056091 -0.0027632598026498998 -0.0021247023872486997 0.0060715651698178058 0.016165550309100742 -6.1165570563208145e-05 0.00060065083740221809 0.0097656801686837116 -0.0097629515108035754 0.016515999352469026 0.0055744250917929448
leaf_weight=10760 301 1853 373 1107 994 529 596 311 13116 1361 268 362 201 1397
leaf_count=10760 301 1853 373 1107 994 529 596 311 13116 1361 268 362 201 1397
internal_value=-7.81085e-06 -0.000541215 -0.000154346 -0.00034798 0.00165184 0.00337963 0.00482709 0.00960233 0.00051045 0.00243538 -4.83384e-05 -0.00159868 0.00503272 0.00362889
internal_weight=33529 16523 14670 14297 3537 2543 2014 907 17006 3890 1991 1723 1899 1698
internal_count=33529 16523 14670 14297 3537 2543 2014 907 17006 3890 1991 1723 1899 1698
is_linear=0
shrinkage=0.03


Tree=236
num_leaves=15
num_cat=0
split_feature=13 7 5 3 3 8 5 5 6 8 8 3 5 3
split_gain=12.097 20.5943 23.2582 21.5858 20.2915 11.7527 49.5916 28.6886 16.6233 16.8662 10.7783 23.6739 12.9487 33.3464
threshold=-3.4999999999999996 1.5049489419702524 2.8059138274451585 0.69230769230769262 0.83333333333333803 -0.047289646088979474 1.8732008793235153 2.4004960407411171 0.1057778424503555 -0.053416801000549526 -0.043040718242231928 0.80891573061327959 1.1767563343281593 0.95806289518864285
decision_type=2 8 2 2 2 2 2 2 8 2 2 2 2 2
left_child=1 2 3 -1 -5 6 8 -8 9 -2 11 -7 13 -12
right_child=5 -3 -4 4 -6 10 7 -9 -10 -11 12 -13 -14 -15
leaf_value=0.015466958970959442 -0.00049210595895872889 -0.0016131666554465665 -0.001965252324677591 -0.0023863772912160819 0.010607476972697956 -0.0012043121357849479 0.0087137369415722782 -0.0014743572239116845 -0.01293662762023368 -0.011043757086229879 0.00088698471945813635 0.0094213690349044133 -0.00017244483840530347 0.011279827929210902
leaf_weight=246 374 592 266 208 217 406 379 703 313 210 3949 346 24905 294
leaf_count=246 374 592 266 208 217 406 379 703 313 210 3949 346 24905 294
internal_value=0.000157326 0.00275953 0.00551612 0.00847451 0.00429433 3.21039e-05 -0.0022039 0.00211797 -0.00739996 -0.0043479 0.000180443 0.00371457 8.86429e-05 0.00161954
internal_weight=33408 1529 937 671 425 31879 1979 1082 897 584 29900 752 29148 4243
internal_count=33408 1529 937 671 425 31879 1979 1082 897 584 29900 752 29148 4243
is_linear=0
shrinkage=0.03


Tree=237
num_leaves=15
num_cat=0
split_feature=9 13 2 2 6 4 8 13 4 13 7 10 10 3
split_gain=11.0217 25.3601 26.7297 41.3432 42.5245 32.0704 16.847 13.0177 17.9848 17.6581 21.8979 20.7723 25.2984 19.7088
threshold=0.6243732218058452 42.500000000000007 0.48763468958845169 0.26315789473684553 -0.11751083034669173 0.2458243839749259 -0.016878011367773151 41.500000000000007 1.5924637691237002 8.5000000000000018 2.1914974471344557 3.141082888769462 2.8633519430665184 0.9597315436241608
decision_type=2 2 2 2 8 2 2 2 2 2 8 2 2 2
left_child=1 2 3 6 -5 -6 -1 8 9 -2 11 12 13 -11
right_child=7 -3 -4 4 5 -7 -8 -9 -10 10 -12 -13 -14 -15
leaf_value=-0.01191131914232289 -0.00048345874030724295 0.0083558695647917985 -0.0045980467256099269 -0.0036144673950529015 0.017228373576244207 0.0016152593589254787 -0.0004529737711937959 -0.0024581859534899414 0.0077991175623120437 0.00053732890466216658 0.0095714729926972223 0.0094443553351917335 -0.0080068927745697849 0.0049782463901031472
leaf_weight=221 14954 208 1879 299 279 205 237 1622 280 11629 259 243 290 970
leaf_count=221 14954 208 1879 299 279 205 237 1622 280 11629 259 243 290 970
internal_value=-2.82282e-05 -0.00166554 -0.00234593 0.00106877 0.00524526 0.0106995 -0.00605092 0.000152166 0.000300482 0.000225046 0.00101613 0.000843818 0.000678071 0.000881075
internal_weight=33575 3328 3120 1241 783 484 458 30247 28625 28345 13391 13132 12889 12599
internal_count=33575 3328 3120 1241 783 484 458 30247 28625 28345 13391 13132 12889 12599
is_linear=0
shrinkage=0.03


Tree=238
num_leaves=15
num_cat=0
split_feature=0 13 7 9 8 7 7 2 6 6 8 6 7 2
split_gain=8.38709 20.1159 8.04552 19.3691 19.9415 17.7557 11.7012 10.0679 23.0009 18.9203 18.5847 17.6317 12.7773 15.9551
threshold=0.45206898837852921 7.5000000000000009 -0.45442130527491881 0.80278235008747734 0.0061781252057425684 -0.36044273470956872 -0.31199476595718717 0.84615384615384881 -0.10572129463781609 -0.01355897580942955 -0.024118930869914224 -0.24244244042047383 -0.22619921557409592 0.10782992442259749
decision_type=2 2 8 2 2 8 8 2 10 10 2 8 10 2
left_child=1 -1 3 -2 -5 -4 -7 12 10 -10 -9 -12 13 -8
right_child=2 -3 5 4 -6 6 7 8 9 -11 11 -13 -14 -15
leaf_value=0.0097397200569839162 -0.0044189035504216883 -0.0018796290441563256 -0.0064942198446427931 0.012081059608391898 -0.00042637498660887021 0.0060964191365696233 0.0012426638401880422 0.0020418474562579718 0.0059279364009943696 -0.0019402506937528446 -0.0031109007453342199 -0.012926070172124063 7.5254121775969362e-05 -0.006454096078474204
leaf_weight=250 208 280 395 253 206 264 403 200 382 946 315 350 28618 598
leaf_count=250 208 280 395 253 206 264 403 200 382 946 315 350 28618 598
internal_value=-8.52802e-05 0.003641 -0.000145418 0.00310375 0.0065236 -0.000212628 -0.000134273 -0.00018693 -0.00214592 0.000336784 -0.00593755 -0.00833469 -4.15479e-05 -0.00336463
internal_weight=33668 530 33138 667 459 32471 32076 31812 2193 1328 865 665 29619 1001
internal_count=33668 530 33138 667 459 32471 32076 31812 2193 1328 865 665 29619 1001
is_linear=0
shrinkage=0.03


Tree=239
num_leaves=15
num_cat=0
split_feature=1 0 8 0 0 7 1 11 9 13 12 5 8 8
split_gain=13.8726 32.3192 33.1043 30.6108 46.8626 31.1935 29.8017 28.8025 28.1876 27.8536 32.2522 23.9212 26.1313 22.2503
threshold=1.3750734994836729 0.49997438558080015 -0.033916676560666853 0.54907298095791168 0.55813712130453852 0.39214936273633433 1.5096117283425221 -1.9980481019269165 0.68288284800517174 10.500000000000002 -0.013802301755896805 3.1353255974259446 -0.024454613777509699 0.056336380521225492
decision_type=2 2 2 2 2 8 2 2 2 2 2 2 2 2
left_child=13 2 9 7 5 -5 -4 -3 -8 10 -2 12 -10 -1
right_child=1 3 6 4 -6 -7 8 -9 11 -11 -12 -13 -14 -15
leaf_value=-0.00058522732563317582 -0.0046034299030769856 0.0090598701517808113 0.010003991174361819 0.019682151865049759 -0.00072226750824179605 0.004741342608067617 -0.01007616541379968 -0.001263848159426382 0.0070560007544089344 0.014909542677982245 0.0099486381304991801 0.009142356499205969 -0.0046506299620851337 0.0048349207103488218
leaf_weight=22463 224 248 281 216 712 302 231 6311 239 355 339 263 574 698
leaf_count=22463 224 248 281 216 712 302 231 6311 239 355 339 263 574 698
internal_value=-1.35957e-05 0.000902428 0.00386215 -5.16854e-05 0.00428136 0.0111001 0.00123181 -0.000866898 -0.000685117 0.00838091 0.00416927 0.00136827 -0.0011871 -0.000420873
internal_weight=33456 10295 2506 7789 1230 518 1588 6559 1307 918 563 1076 813 23161
internal_count=33456 10295 2506 7789 1230 518 1588 6559 1307 918 563 1076 813 23161
is_linear=0
shrinkage=0.03


Tree=240
num_leaves=15
num_cat=0
split_feature=1 1 11 9 5 7 7 2 10 12 10 8 7 11
split_gain=9.07412 21.4968 28.3972 26.7634 15.124 10.7689 13.0634 36.4916 25.9189 27.1193 15.7712 13.3973 29.5475 20.8354
threshold=0.33174208185818183 0.4091895696887568 0.22811452990097589 0.80278235008747734 1.5255087603787227 2.9675518174293773 1.5724373441603736 0.32139845820284013 1.5119489354510394 0.021894570368893199 0.95519806984526212 -0.038316417517188082 2.1362402753823631 0.61916313681326129
decision_type=2 2 2 2 2 10 8 2 2 2 2 2 8 2
left_child=4 2 3 -2 -1 6 7 8 10 -10 -3 12 -8 -13
right_child=1 5 -4 -5 -6 -7 11 -9 9 -11 -12 13 -14 -15
leaf_value=-0.0096973212399381267 -0.0069208082459893891 -0.00037944358186391385 0.010073763721560151 0.0055290717366388289 -0.00025661931385031198 -0.0054039747919489298 0.0038046854010359808 -2.1800093288568983e-05 0.0023499806716657102 -0.0071245329372480607 -0.0098440874566736985 0.0045191828310844201 -0.010777693076464145 -0.00078331697103930207
leaf_weight=230 272 202 428 349 437 346 270 25965 738 424 737 1718 225 1086
leaf_count=230 272 202 428 349 437 346 270 25965 738 424 737 1718 225 1086
internal_value=-0.000109086 -3.82924e-05 0.00417663 6.42612e-05 -0.00355996 -0.000178358 -0.00011986 -0.000329856 -0.00412785 -0.00112287 -0.00782082 0.00166446 -0.00286516 0.00246777
internal_weight=33427 32760 1049 621 667 31711 31365 28066 2101 1162 939 3299 495 2804
internal_count=33427 32760 1049 621 667 31711 31365 28066 2101 1162 939 3299 495 2804
is_linear=0
shrinkage=0.03


Tree=241
num_leaves=15
num_cat=0
split_feature=12 7 6 7 12 6 6 10 9 9 4 1 13 6
split_gain=9.91405 25.2938 20.9367 41.7 18.4429 23.5222 21.439 21.9199 39.6362 45.2391 21.1095 20.4418 21.0587 19.5665
threshold=0.035711458272099379 -0.41798551138870405 -0.434582734602182 0.40789939979582263 0.059785783574154323 -0.26118419605874271 0.035996812325222678 2.0290832957748344 0.9192618419259303 0.76583927120881523 0.28466514170574037 1.8580802713079081 8.5000000000000018 -0.024335641480105582
decision_type=2 8 10 10 2 10 8 2 2 2 2 2 2 10
left_child=2 -2 3 -1 5 10 7 13 9 -9 -3 12 -10 -6
right_child=1 4 -4 -5 6 -7 -8 8 11 -11 -12 -13 -14 -15
leaf_value=-0.0018302128514649165 0.0079430933422501519 -0.013947255500471862 0.00026719070005205527 0.010896712225831315 -0.0010480269919677569 -0.0016191694764195069 -0.0017768010797574155 0.0016335316035564582 0.010280737723246579 0.017859072641823095 -0.0019146523211571959 -0.0080263757383588208 -0.0027317437271948061 0.005707417730651386
leaf_weight=438 297 285 21173 484 2535 2909 3521 298 200 319 243 212 243 450
leaf_count=438 297 285 21173 484 2535 2909 3521 298 200 319 243 212 243 450
internal_value=8.85645e-05 -0.000625114 0.000460465 0.00487347 -0.00085546 -0.00268385 -4.63137e-05 0.00138539 0.00467475 0.0100986 -0.00847943 -0.000472189 0.00319214 -2.17771e-05
internal_weight=33607 11512 22095 922 11215 3437 7778 4257 1272 617 528 655 443 2985
internal_count=33607 11512 22095 922 11215 3437 7778 4257 1272 617 528 655 443 2985
is_linear=0
shrinkage=0.03


Tree=242
num_leaves=15
num_cat=0
split_feature=12 6 7 7 7 7 9 6 5 12 10 7 11 13
split_gain=8.16691 25.1055 12.786 14.7841 19.3851 27.6983 18.227 14.058 11.6019 11.0584 19.2119 30.0555 29.6369 28.6842
threshold=0.12576844404816181 0.63484258877577859 0.36804619394746801 0.49286460744802957 0.67871660555727242 0.90641275335096017 0.8445120967171923 0.14202779309623317 2.2902951731389165 0.069251281401176881 1.3289856809589584 0.67167382017530453 -0.21902805101410014 24.500000000000004
decision_type=2 10 10 10 10 10 2 8 2 2 2 10 2 2
left_child=9 2 8 -4 -5 -6 -7 -8 -2 -1 12 13 -11 -12
right_child=1 -3 3 4 5 6 7 -9 -10 10 11 -13 -14 -15
leaf_value=5.7319334765051262e-05 -0.0082994742627524147 0.0076614293683858877 0.0062051892090417352 -0.0089161124629276202 0.0077656138569078843 -0.0091745147084659837 -0.0037490661043673755 0.0064002684156338752 -0.0015947161482780822 -0.0084943197952769191 0.0077773291087874985 -0.00084207089201864796 0.0017481789786693248 -0.001022755470852145
leaf_weight=26776 484 244 234 275 291 273 295 203 448 366 1294 1080 804 447
leaf_count=26776 484 244 234 275 291 273 295 203 448 366 1294 1080 804 447
internal_value=0.00013702 -0.00142877 -0.00232842 -0.000671846 -0.00189409 -4.25093e-05 -0.00302059 0.000410608 -0.00510229 0.00027703 0.00174917 0.00308805 -0.0014784 0.00552146
internal_weight=33514 2747 2503 1571 1337 1062 771 498 932 30767 3991 2821 1170 1741
internal_count=33514 2747 2503 1571 1337 1062 771 498 932 30767 3991 2821 1170 1741
is_linear=0
shrinkage=0.03


Tree=243
num_leaves=15
num_cat=0
split_feature=1 1 4 14 11 3 7 7 1 10 10 3 7 6
split_gain=7.04472 22.0622 18.8854 27.2626 21.3721 23.7033 21.6387 28.229 17.107 20.0313 24.8705 18.9311 33.0196 23.8319
threshold=1.3846975497098681 1.3179344675063722 0.48474066443078229 1.0000000180025095e-35 0.55396840402214331 0.89550658655941828 0.36804619394746801 0.69209803102147971 3.5807299999995945 2.4574411417202895 1.1162073521613658 0.8649680497819674 0.39748410818371033 -0.072993165318081463
decision_type=2 2 2 2 2 2 10 10 2 2 2 2 10 8
left_child=1 -1 -2 8 5 -5 -6 -8 9 10 -4 12 -12 -14
right_child=2 -3 3 4 6 -7 7 -9 -10 -11 11 -13 13 -15
leaf_value=-0.00026243803983690334 0.0016181066815210891 -0.0049565530410066198 -0.0045750700385811241 -0.008345344257807941 0.0080961013664009752 0.00094301214194403293 -0.010567049364165779 0.0031937082431769052 -0.0028398948561088838 -0.0056852562226621158 -0.0070353463099648546 0.010288411673938652 0.014422191504401983 0.0019119112855428225
leaf_weight=22363 5815 934 255 937 227 334 234 302 689 219 220 482 211 380
leaf_count=22363 5815 934 255 937 227 334 234 302 689 219 220 482 211 380
internal_value=-0.00016278 -0.000451653 0.000490191 -0.000970748 -0.00353526 -0.00591037 0.000433905 -0.00285593 0.00115599 0.0027177 0.00392097 0.00560769 0.00277981 0.00646188
internal_weight=33602 23297 10305 4490 2034 1271 763 536 2456 1767 1548 1293 811 591
internal_count=33602 23297 10305 4490 2034 1271 763 536 2456 1767 1548 1293 811 591
is_linear=0
shrinkage=0.03


Tree=244
num_leaves=15
num_cat=0
split_feature=1 1 12 9 8 2 2 0 9 5 10 6 9 4
split_gain=9.96965 16.1639 13.2782 13.0373 18.2739 8.34853 17.5062 20.7477 22.3925 26.5169 21.4171 25.0503 28.7022 30.7256
threshold=0.36551396051672297 0.39327314831776256 -0.083817560122870269 1.0246757026486988 0.013571090730018514 0.54716981132075759 0.64562612461194646 0.49736784004709872 1.086566915775008 1.9299702979386508 2.6656699818167566 -0.16157370263177626 0.88665886086038226 1.1580610570900272
decision_type=2 2 2 2 2 2 2 2 2 2 2 10 2 2
left_child=2 -2 -1 4 -4 -3 -7 -8 10 -10 11 -9 13 -13
right_child=1 5 3 -5 -6 6 7 8 9 -11 -12 12 -14 -15
leaf_value=-0.0096247643552935455 0.0062107099298887025 -0.0004793234646121184 -0.0074227550476884023 0.0043146513602696354 0.0035222303124039242 0.0019498047547007334 -0.0026895079737764109 -0.0021742655393343344 0.0093339924324748556 0.0011171343601642815 -0.0057222583728542683 0.0037635503827127288 -0.0018216881153811611 -0.0064615811360999933
leaf_weight=203 383 14599 389 265 207 5205 2302 2572 506 1152 576 3298 1658 283
leaf_count=203 383 14599 389 265 207 5205 2302 2572 506 1152 576 3298 1658 283
internal_value=3.04657e-05 0.000124115 -0.00282025 -0.00116963 -0.00362371 5.06541e-05 0.000491478 -0.000123835 0.000465183 0.00364534 -0.00016529 0.000247892 0.00143795 0.00294759
internal_weight=33598 32534 1064 861 596 32151 17552 12347 10045 1658 8387 7811 5239 3581
internal_count=33598 32534 1064 861 596 32151 17552 12347 10045 1658 8387 7811 5239 3581
is_linear=0
shrinkage=0.03


Tree=245
num_leaves=15
num_cat=0
split_feature=3 9 5 7 3 9 9 2 8 3 9 10 0 13
split_gain=12.4829 37.2545 22.0046 14.1076 15.5697 16.2927 24.0368 26.6189 27.9625 15.1508 15.0132 16.6058 18.3122 16.3692
threshold=0.97972287703524852 0.73916364020584135 2.5265989089993193 -0.63623462193552405 0.97087378640776723 0.56321747782637599 0.59682812763071125 0.62428462067497625 -0.014649223634250393 0.77146524848707132 0.89881092477752023 1.5696155092934769 0.53785577172649512 17.500000000000004
decision_type=2 2 2 8 2 2 2 2 2 2 2 2 2 2
left_child=3 -2 -3 -1 5 9 7 8 -7 -5 -8 12 -12 -13
right_child=1 2 -4 4 -6 6 10 -9 -10 -11 11 13 -14 -15
leaf_value=0.0073791662631673294 -0.011766524087042084 0.0051317519405520108 -0.0050578750638296515 -0.0063320716939496155 0.0053268941384123037 0.0011809706352803795 0.00054818158897515436 -0.0017312371193566733 0.01477015027636662 0.00032141482407447474 -0.0012352774648730978 0.00079868749649415218 -0.0057739090826181005 -0.002416691076609306
leaf_weight=234 314 410 348 689 493 239 17145 332 315 553 3641 5932 1022 1870
leaf_count=234 314 410 348 689 493 239 17145 332 315 553 3641 5932 1022 1870
internal_value=1.19674e-05 -0.00316553 0.000451176 0.00011736 6.35024e-05 -1.90823e-05 0.000118336 0.00497326 0.00897067 -0.0033802 -2.77495e-05 -0.000819817 -0.00223514 2.69645e-05
internal_weight=33537 1072 758 32465 32231 31738 30496 886 554 1242 29610 12465 4663 7802
internal_count=33537 1072 758 32465 32231 31738 30496 886 554 1242 29610 12465 4663 7802
is_linear=0
shrinkage=0.03


Tree=246
num_leaves=15
num_cat=0
split_feature=0 6 0 9 12 0 0 11 0 0 7 7 8 6
split_gain=6.41837 25.2716 9.81774 22.2965 15.2192 10.7017 18.3843 19.9918 10.3084 18.1786 14.6393 13.9703 17.5407 18.6005
threshold=0.45206898837852921 -0.0067797989646749537 0.47072456865391393 1.0214661717090883 -0.06032078202731999 0.47572647470467283 0.4739294087841322 0.024026722458555468 0.48470490798635862 0.48616824429802635 0.077352501472391866 0.47597421210991325 -0.034352054062980024 0.085279450788138603
decision_type=2 8 2 2 2 2 2 2 2 2 10 10 2 8
left_child=1 -1 3 4 -2 6 7 -4 10 -10 -7 -12 -13 -14
right_child=2 -3 5 -5 -6 8 -8 -9 9 -11 11 12 13 -15
leaf_value=-0.0028469896115651673 0.0014952227883672309 0.010357798435940493 -0.0068398178885821425 0.0063228314411252788 -0.0064607472388113997 0.0038916843425209117 0.00960142092699693 0.006237120624037756 0.0062668108074732196 -0.00014143563023228623 -0.0082894846963592703 0.0028840505680531865 -0.0075519061868177494 0.0030989863453432919
leaf_weight=285 290 233 209 202 829 282 270 202 399 28762 400 442 534 200
leaf_count=285 290 233 209 202 829 282 270 202 399 28762 400 442 534 200
internal_value=-0.000162601 0.00313485 -0.000214795 -0.00274385 -0.0044014 -0.000108988 0.00359731 -0.000414993 -0.000190924 -5.26945e-05 -0.00235445 -0.00348087 -0.00181712 -0.00464842
internal_weight=33539 518 33021 1321 1119 31700 681 411 31019 29161 1858 1576 1176 734
internal_count=33539 518 33021 1321 1119 31700 681 411 31019 29161 1858 1576 1176 734
is_linear=0
shrinkage=0.03


Tree=247
num_leaves=15
num_cat=0
split_feature=6 6 8 9 7 7 5 2 12 12 12 0 6 6
split_gain=9.19146 9.64044 27.4264 21.8399 17.5113 15.2712 23.3623 19.5735 14.1327 12.9013 15.8779 16.1211 15.6395 25.2718
threshold=1.1584585776387148 0.41022845946407677 -0.0047818456666828546 0.80675874750776477 0.60344487421977433 0.6857308447855256 2.7948884826325813 0.70522779708681227 -0.0073610662727659473 0.097102134660517439 0.10299391878084442 0.50744267401494281 0.035996812325222678 -0.020024245968650763
decision_type=10 10 2 2 8 8 2 2 2 2 2 2 8 10
left_child=1 9 3 4 -3 6 7 -4 -7 -1 -11 -12 13 -13
right_child=-2 2 5 -5 -6 8 -8 -9 -10 10 11 12 -14 -15
leaf_value=0.0002619104051929711 0.0045409966197945753 -0.0044524774337808288 0.010520897011556464 -0.0020707116329844 -0.016561835193498568 0.0031926074096614993 -0.0041919832321848961 -0.00048254575389317973 -0.006815001766808132 -0.0078094590295325304 -0.0042633436222909585 0.00061887464431728989 -0.0026420851301863137 0.011716906864734349
leaf_weight=26838 381 220 392 727 215 200 257 229 332 335 964 1212 952 213
leaf_count=26838 381 220 392 727 215 200 257 229 332 335 964 1212 952 213
internal_value=-6.16005e-05 -0.00011528 -0.00187728 -0.0052795 -0.0105578 0.000935272 0.00335853 0.00649182 -0.00305805 3.35216e-05 -0.00163201 -0.00100185 0.000327028 0.00231291
internal_weight=33467 33086 2572 1162 435 1410 878 621 532 30514 3676 3341 2377 1425
internal_count=33467 33086 2572 1162 435 1410 878 621 532 30514 3676 3341 2377 1425
is_linear=0
shrinkage=0.03


Tree=248
num_leaves=15
num_cat=0
split_feature=2 2 4 1 10 3 3 9 10 5 8 11 5 14
split_gain=9.83498 26.7448 17.7165 21.2408 25.58 17.4342 15.0137 16.4823 25.7254 20.0494 28.6672 24.3621 30.0573 22.5577
threshold=0.64562612461194646 0.54716981132075759 0.36282598047753806 0.60699514873994131 2.1416001350554166 0.48227331246048349 0.90160922459427073 0.74121145194146776 2.0529886243229511 3.217402673753317 0.0018055035595691286 0.91475632604022539 1.7631727459174913 1.0000000180025095e-35
decision_type=2 2 2 2 2 2 2 2 2 2 2 2 2 2
left_child=1 2 -1 -4 5 -5 7 8 -3 11 -11 12 -9 -13
right_child=-2 6 3 4 -6 -7 -8 9 -10 10 -12 13 -14 -15
leaf_value=0.00013923767906441332 -0.00078240956555597355 0.0023592896418930327 -0.011700886958751124 0.005786905138594832 -0.0066460855175358297 -0.0013387132873275566 0.0061329831391531446 0.0018209522566732539 0.01326017842219865 0.01201109560735983 -0.00066998294803003464 -0.0016491252373022432 -0.0053997712072319601 0.010519742410073115
leaf_weight=12475 12766 1161 202 371 708 1730 713 906 230 287 355 257 1203 286
leaf_count=12475 12766 1161 202 371 708 1730 713 906 230 287 355 257 1203 286
internal_value=-0.000126586 0.000274398 -0.000359554 -0.00242292 -0.00173612 -6.97014e-05 0.00209175 0.00147084 0.00420277 0.000312575 0.00504798 -0.000841122 -0.00230087 0.00479776
internal_weight=33650 20884 15486 3011 2809 2101 5398 4685 1391 3294 642 2652 2109 543
internal_count=33650 20884 15486 3011 2809 2101 5398 4685 1391 3294 642 2652 2109 543
is_linear=0
shrinkage=0.03


Tree=249
num_leaves=15
num_cat=0
split_feature=11 8 13 6 13 9 0 1 3 9 0 6 7 1
split_gain=8.18811 8.44614 24.0016 31.3073 38.3265 37.5705 28.6619 25.2395 24.5374 21.6985 22.0612 27.3202 21.2187 40.6172
threshold=-2.4502255466764673 0.00094030894689341052 10.500000000000002 -0.0092030510812723381 8.5000000000000018 1.1614518976125803 0.48713752246750591 1.132687732554525 0.75294117647058945 1.3098615712347443 0.5483061482041941 0.28654997494956497 1.5049489419702524 1.0813658699583029
decision_type=2 2 2 8 2 2 2 2 2 2 2 10 8 2
left_child=-1 -2 3 4 5 12 -5 8 -6 10 11 -4 -3 -14
right_child=1 2 9 6 7 -7 -8 -9 -10 -11 -12 -13 13 -15
leaf_value=0.0051507811582363816 -0.00049938698122555197 -0.00027110303737964319 -0.0020287723123307675 0.010054444921594673 0.0064914917872975703 0.011633233857079001 -0.00076654361892099416 0.0028679892234189587 0.021008356202697549 -0.0069292571576617399 0.0026337223987160014 0.0041005896575928326 -0.00031025445471251649 0.016385415299765525
leaf_weight=271 17222 2297 4965 228 202 329 4037 291 228 471 1737 749 331 212
leaf_count=271 17222 2297 4965 228 202 329 4037 291 228 471 1737 749 331 212
internal_value=4.82138e-06 -3.78254e-05 0.00045661 0.00159862 0.00354311 0.00211494 -0.000176975 0.00976255 0.0143418 -0.000719255 -0.000322319 -0.00122244 0.000993782 0.00629816
internal_weight=33570 33299 16077 8155 3890 3169 4265 721 430 7922 7451 5714 2840 543
internal_count=33570 33299 16077 8155 3890 3169 4265 721 430 7922 7451 5714 2840 543
is_linear=0
shrinkage=0.03


Tree=250
num_leaves=15
num_cat=0
split_feature=13 3 5 13 6 6 11 3 9 8 5 13 11 6
split_gain=10.259 20.3979 29.559 55.3187 22.9515 27.4753 32.011 17.7953 17.008 16.6154 16.0798 38.9655 20.7928 24.2971
threshold=8.5000000000000018 0.94827586206896364 1.1616847233838981 28.500000000000004 0.2256144157460345 -0.10794671963552931 -0.28025030230701681 0.94145770263323358 0.76765815709473639 0.06729662155389933 1.4917550794027929 7.5000000000000009 -1.1629608909653051 0.13454030488855043
decision_type=2 2 2 2 8 10 2 2 2 2 2 2 2 8
left_child=10 7 -3 4 5 8 -7 9 -4 -2 11 12 13 -1
right_child=1 2 3 -5 -6 6 -8 -9 -10 -11 -12 -13 -14 -15
leaf_value=-8.2729090758360151e-05 0.00026859071218763512 0.012636595290899276 -0.0045768014530408871 -0.0072139732938423301 -0.0037069516041329208 0.0020518537568048052 0.01669700092771605 -0.0065649383644071904 0.0074197976318174513 0.0082764581666339796 0.00010143405518355294 -0.012051667462758443 -0.0023120801668992308 0.011950899810311897
leaf_weight=544 14571 270 214 428 208 213 366 333 202 232 12321 319 3039 204
leaf_count=544 14571 270 214 428 208 213 366 333 202 232 12321 319 3039 204
internal_value=9.42584e-05 0.000609955 0.00353479 0.00199403 0.00528633 0.00717547 0.0113731 0.000241566 0.00126741 0.000396846 -0.000440611 -0.00206529 -0.0012093 0.00325673
internal_weight=33464 17037 1901 1631 1203 995 579 15136 416 14803 16427 4106 3787 748
internal_count=33464 17037 1901 1631 1203 995 579 15136 416 14803 16427 4106 3787 748
is_linear=0
shrinkage=0.03


Tree=251
num_leaves=15
num_cat=0
split_feature=9 6 11 0 3 5 8 6 7 11 11 8 0 3
split_gain=9.60141 8.33855 37.3174 20.8569 20.5218 16.1784 19.362 15.4214 19.1899 25.8079 15.9816 19.5748 22.7017 29.1366
threshold=0.48314458618268302 -0.39236275715008978 -1.0433133590509887 0.50498903679822593 0.7333208477697627 2.5137183984433329 0.012277650184249736 -0.33237710102824913 0.52220541665900588 -1.0000000180025095e-35 -0.77993359360672543 -0.031549748250407149 0.52192831297779707 0.73504273504273454
decision_type=2 10 2 2 2 2 2 10 8 2 2 2 2 2
left_child=-1 2 -2 4 -4 6 -5 8 9 -3 11 12 13 -9
right_child=1 7 3 5 -6 -7 -8 10 -10 -11 -12 -13 -14 -15
leaf_value=-0.0055427166660515104 0.010590236976862273 0.0069780000396511329 -0.0014620306175232467 -0.00056830326392262511 0.0090950864982525144 0.0026591609774031448 -0.010573885108111426 -0.0086468173837276757 -0.0073954110982743177 -0.0065421818925327137 0.00051681982314860523 -0.00024825306677604784 -0.012695748231463352 0.00095199648661610601
leaf_weight=262 369 269 302 383 359 361 315 444 545 232 24135 4629 234 775
leaf_count=262 369 269 302 383 359 361 315 444 545 232 24135 4629 234 775
internal_value=0.000123656 0.000168993 0.00200173 0.000133841 0.00429695 -0.00247264 -0.00512681 4.62286e-05 -0.00352617 0.000714377 0.000170455 -0.00120331 -0.00423467 -0.00256525
internal_weight=33614 33352 2089 1720 661 1059 698 31263 1046 501 30217 6082 1453 1219
internal_count=33614 33352 2089 1720 661 1059 698 31263 1046 501 30217 6082 1453 1219
is_linear=0
shrinkage=0.03


Tree=252
num_leaves=15
num_cat=0
split_feature=13 13 9 13 13 12 3 13 1 3 1 1 5 9
split_gain=9.57715 11.2728 13.1301 12.4331 17.0408 22.5284 10.6069 28.9396 29.7047 36.3534 29.221 21.7221 30.4459 29.8746
threshold=61.000000000000007 56.500000000000007 0.76765815709473639 49.500000000000007 41.500000000000007 -0.0040179167128862594 0.92348332775733277 12.500000000000002 0.77545259508528985 0.94145770263323358 2.1275595466581048 0.8180156660757566 1.3582543953331905 0.79702638727280639
decision_type=2 2 2 2 2 2 2 2 2 2 2 2 2 2
left_child=1 3 -3 4 6 -6 -1 10 -9 -10 11 13 -13 -8
right_child=-2 2 -4 -5 5 -7 7 8 9 -11 -12 12 -14 -15
leaf_value=-0.00015781303727374984 0.0048422495352671195 -0.010027531246492348 -7.7744338689129591e-05 0.0052731479916232867 0.00034744092108747731 -0.011108414413024532 -0.0042053712487891736 -0.0015145430941239445 0.014810607746965122 0.0036508605476217948 0.0097871878598389649 -0.013945864557192243 -0.0020021355950312924 0.0049193935513783182
leaf_weight=27013 363 213 264 399 334 282 528 564 357 977 224 227 1131 815
leaf_count=27013 363 213 264 399 334 282 528 564 357 977 224 227 1131 815
internal_value=2.90809e-05 -2.40614e-05 -0.00457866 4.27586e-05 -2.23519e-05 -0.00494417 7.36427e-05 0.00136882 0.00424846 0.00668154 -0.000503809 -0.00137377 -0.00404246 0.0013297
internal_weight=33691 33328 477 32851 32452 616 31836 4823 1898 1334 2925 2701 1358 1343
internal_count=33691 33328 477 32851 32452 616 31836 4823 1898 1334 2925 2701 1358 1343
is_linear=0
shrinkage=0.03


Tree=253
num_leaves=15
num_cat=0
split_feature=1 1 14 10 13 5 3 13 13 9 6 10 9 9
split_gain=9.62172 20.0204 17.807 50.2622 9.67218 29.7277 35.8612 25.4703 36.9845 48.4906 38.4289 26.6156 67.6353 33.236
threshold=7.1910026536357066 4.3447566454383768 1.0000000180025095e-35 1.898039338307729 32.500000000000007 1.6954535406283262 0.71821826648847564 23.500000000000004 24.500000000000004 0.62119960183052914 0.13808437454887471 1.9138213858652866 0.83407574076547453 0.81711660678708375
decision_type=2 2 2 2 2 2 2 2 2 2 10 2 2 2
left_child=1 4 3 -3 7 6 -6 -1 -9 -10 11 13 -13 -11
right_child=-2 2 -4 -5 5 -7 -8 8 9 10 -12 12 -14 -15
leaf_value=-8.0090194937273897e-05 -0.0045693567081241671 0.012517702009131028 0.011946815798590438 -0.0076862369161099196 -0.0077465355429983786 -0.003675656704792848 0.0061003005333953135 0.015022762075433849 -0.0096969461688515158 -0.0020898609501883796 -0.0046423634427363971 0.023111851105971609 0.0018100983775572253 0.0082180660207747305
leaf_weight=26959 391 201 229 235 216 1993 705 208 278 579 410 231 313 540
leaf_count=26959 391 201 229 235 216 1993 705 208 278 579 410 231 313 540
internal_value=7.92154e-05 0.000134814 0.00526792 0.00166429 2.87672e-05 -0.00161861 0.00282854 0.000191642 0.00304891 0.00195991 0.00354273 0.00556857 0.0109836 0.0028989
internal_weight=33488 33097 665 436 32432 2914 921 29518 2559 2351 2073 1663 544 1119
internal_count=33488 33097 665 436 32432 2914 921 29518 2559 2351 2073 1663 544 1119
is_linear=0
shrinkage=0.03


Tree=254
num_leaves=15
num_cat=0
split_feature=10 6 7 10 5 8 6 12 6 12 9 7 12 8
split_gain=10.8138 7.5609 19.5353 28.5092 16.0361 25.4386 13.0701 19.3733 17.9709 23.7908 16.5061 24.683 24.8402 19.8846
threshold=0.62361439721567657 -0.434582734602182 0.40789939979582263 1.8262521272493226 1.8180500608065422 -0.0093945067628387526 -0.32661863717113776 -0.063396565963314763 -0.30494814028908745 0.0057367031471247118 0.72350038382207105 0.84979450658091149 0.04320024012693386 0.016335041637036855
decision_type=2 10 10 2 2 2 10 2 10 2 2 8 2 2
left_child=-1 2 3 -2 5 -4 7 -3 9 -8 13 12 -12 -9
right_child=1 6 4 -5 -6 -7 8 10 -10 -11 11 -13 -14 -15
leaf_value=-0.0058330775204333751 -0.0055855192108362241 -0.0092261865787997034 0.016977064865957764 0.0071174668853755223 0.0012646257925059345 0.0020824425343510715 -0.00075347223097791348 -0.00055360953080762403 0.0001180736778280608 0.012018966585873885 -0.00081558231351968517 -0.0056982294516291698 0.011913982208499678 -0.012334868632690999
leaf_weight=267 483 309 201 231 443 210 258 346 29439 261 282 264 264 201
leaf_count=267 483 309 201 231 443 210 258 346 29439 261 282 264 264 201
internal_value=0.000124314 0.000173107 0.00220314 -0.00145481 0.0052521 0.00948317 7.21201e-05 -0.00251009 0.000216115 0.00572306 -0.000952522 0.00176437 0.00539163 -0.00495525
internal_weight=33459 33192 1568 714 854 411 31624 1666 29958 519 1357 810 546 547
internal_count=33459 33192 1568 714 854 411 31624 1666 29958 519 1357 810 546 547
is_linear=0
shrinkage=0.03


Tree=255
num_leaves=15
num_cat=0
split_feature=11 7 2 9 14 13 13 7 9 13 1 2 0 1
split_gain=12.8242 11.5723 19.0566 12.2333 35.2923 23.6778 45.2606 48.8281 35.1755 23.6374 43.5517 22.4074 18.6048 23.829
threshold=-2.4502255466764673 2.9675518174293773 0.065578287836149399 0.65226094975354532 1.0000000180025095e-35 12.500000000000002 27.500000000000004 0.45165364057380436 0.62797775725694094 4.5000000000000009 0.76186210459388504 0.52173913043477638 0.51233128529604088 1.0295037528950386
decision_type=2 10 2 2 2 2 2 8 2 2 2 2 2 2
left_child=-1 2 -2 4 5 8 7 -7 11 10 -6 -4 -11 -14
right_child=1 -3 3 -5 9 6 -8 -9 -10 12 -12 -13 13 -15
leaf_value=0.0067131224512717771 0.0064561256790747401 -0.0051125650441564002 0.0034139633271575058 -0.00015673033397700195 -0.0055168793387195764 0.022020999179306354 -0.0021605588994753448 0.0046509365157820053 0.010462436587110442 -0.0073050249256392842 0.011122842795025985 -0.0054417436657928104 0.005050006918609142 -0.0038382400197313612
leaf_weight=261 422 374 516 27931 239 270 263 317 313 556 334 503 418 753
leaf_count=261 422 374 516 27931 239 270 263 317 313 556 334 503 418 753
internal_value=0.00015221 9.96426e-05 0.00015978 7.68223e-05 0.00153083 0.00425957 0.00815713 0.0127591 0.00175118 -0.00106153 0.00419468 -0.000962628 -0.00281256 -0.000657511
internal_weight=33470 33209 32835 32413 4482 2182 850 587 1332 2300 573 1019 1727 1171
internal_count=33470 33209 32835 32413 4482 2182 850 587 1332 2300 573 1019 1727 1171
is_linear=0
shrinkage=0.03


Tree=256
num_leaves=15
num_cat=0
split_feature=9 11 7 12 9 9 2 3 12 7 3 0 8 8
split_gain=7.72119 14.1597 14.4368 15.6311 13.5802 46.1464 29.702 30.9366 40.3845 36.3196 27.1455 22.4 13.5174 11.2831
threshold=0.55791268308252273 -1.0833661073121459 0.84979450658091149 0.014243231071331798 0.64194050529192215 0.63376787386681077 0.50857325857325819 0.93419272934364783 -0.024328835055474892 0.17903491103402416 0.54337441378558116 0.51098302080675972 0.0088092437963810284 0.028078720293902498
decision_type=2 2 10 2 2 2 2 2 2 10 2 2 2 2
left_child=1 -1 3 -3 5 6 10 8 -8 -10 -2 -12 -11 -6
right_child=4 2 -4 -5 13 -7 7 -9 9 12 11 -13 -14 -15
leaf_value=0.0048813343782355819 -0.0023062431734915969 -0.010948290392847324 0.0014291272893276257 -0.0017576169624025451 -0.00032186289730171499 0.011584347236687852 0.0092182749909714753 -0.011264998749281992 0.0052901192176962059 -0.0028227279814765664 0.0032760750452977654 0.014204274213739803 -0.011881998222309294 0.0011068372451698892
leaf_weight=202 351 323 324 343 23075 396 308 267 293 291 406 289 306 6337
leaf_count=202 351 323 324 343 23075 396 308 267 293 291 406 289 306 6337
internal_value=9.19736e-05 -0.00227408 -0.00375126 -0.00626332 0.000179577 0.00213382 0.000623358 -0.00213138 -5.74009e-05 -0.00330098 0.00447336 0.00788932 -0.00752629 -1.39047e-05
internal_weight=33511 1192 990 666 32319 2907 2511 1465 1198 890 1046 695 597 29412
internal_count=33511 1192 990 666 32319 2907 2511 1465 1198 890 1046 695 597 29412
is_linear=0
shrinkage=0.03


Tree=257
num_leaves=15
num_cat=0
split_feature=8 6 6 11 1 11 1 10 4 1 6 8 8 1
split_gain=10.3828 23.6791 42.3243 29.6928 27.7524 26.3539 23.0333 20.9957 25.8702 18.9006 26.3628 24.1447 53.6788 18.4102
threshold=-0.0033442867153445884 0.41022845946407677 0.08201849577492494 -1.8545869309529168 0.66791249879323056 -0.74210642180471087 4.3447566454383768 2.0963379978949583 0.49503550251981587 1.1397583156322688 -0.31005603010402361 -0.0098207962041315811 -0.012469399356962313 3.1151314605393634
decision_type=2 10 8 2 2 2 2 2 2 2 10 2 2 2
left_child=1 2 3 -1 -4 -6 -2 13 -9 -5 -11 12 -12 -7
right_child=6 -3 4 9 5 7 -8 8 -10 10 11 -13 -14 -15
leaf_value=-0.0082294977290931406 0.00045964283995899923 -0.004169471677424698 -0.0020568738308607702 -0.0017344400384264977 0.0096934410116407878 0.0053883393136500085 0.0080979506573678282 -0.0073508530798829901 0.005735701561228118 -0.0055277714937997675 0.0016165403950401734 -0.0043964719529699667 0.016990924117806023 -0.0041730161788670912
leaf_weight=486 16837 1393 857 6262 593 1518 358 352 215 510 3091 502 214 202
leaf_count=486 16837 1393 857 6262 593 1518 358 352 215 510 3091 502 214 202
internal_value=0.000107663 -0.000437374 -8.48607e-05 -0.0010172 0.0026734 0.00408212 0.00062098 0.00260917 -0.00238182 -0.000682136 0.000844518 0.0017043 0.0026362 0.0042566
internal_weight=33390 16195 14802 11065 3737 2880 17195 2287 567 10579 4317 3807 3305 1720
internal_count=33390 16195 14802 11065 3737 2880 17195 2287 567 10579 4317 3807 3305 1720
is_linear=0
shrinkage=0.03


Tree=258
num_leaves=15
num_cat=0
split_feature=5 5 13 13 3 0 12 13 7 1 9 11 11 4
split_gain=11.7825 24.8642 18.4324 32.2066 23.1507 30.5425 24.1341 30.7378 35.9486 20.2585 18.1836 17.6781 17.879 20.9648
threshold=1.8849798442964587 1.953266166404479 30.500000000000004 45.500000000000007 0.9124423963133651 0.56138220719214038 0.031797242164019364 11.500000000000002 0.32246993869463392 0.75680011440725681 0.90670681885917193 0.8265801487445662 0.68523881404955589 1.2519004518745633
decision_type=2 2 2 2 2 2 2 2 10 2 2 2 2 2
left_child=11 10 4 9 -3 6 -6 8 -8 -4 -2 12 13 -1
right_child=1 2 3 -5 5 -7 7 -9 -10 -11 -12 -13 -14 -15
leaf_value=-0.00042319921527558438 0.0090279581700993122 7.3485873617951057e-05 0.0028098487514578757 0.0020955848377652284 0.00016457454691774749 0.013604823433952782 0.0080822298994227756 0.013588407761263573 -0.0057328767244268601 -0.0075016707928418774 -0.00039597278326442562 -0.0060509752467331219 0.0066157899985001198 -0.0083898413559940991
leaf_weight=11806 511 14521 206 815 1980 218 398 313 288 955 286 522 310 300
leaf_count=11806 511 14521 206 815 1980 218 398 313 288 955 286 522 310 300
internal_value=3.93966e-05 0.000486894 0.000275962 -0.00246863 0.000582663 0.00289165 0.00208619 0.00587502 0.00228279 -0.00566786 0.00566484 -0.000669257 -0.000440652 -0.000624004
internal_weight=33429 20491 19694 1976 17718 3197 2979 999 686 1161 797 12938 12416 12106
internal_count=33429 20491 19694 1976 17718 3197 2979 999 686 1161 797 12938 12416 12106
is_linear=0
shrinkage=0.03


Tree=259
num_leaves=15
num_cat=0
split_feature=9 13 6 2 2 11 1 6 6 0 6 10 3 13
split_gain=9.21663 7.54711 26.7217 20.2872 26.4182 27.0798 20.6285 26.3656 26.257 27.1066 18.0254 17.3385 16.3596 15.7781
threshold=1.5871301075999023 3.5000000000000004 -0.33237710102824913 0.84615384615384881 0.55729166666666763 -0.77993359360672543 1.1104589429781411 0.041031436265084216 -0.046618718766441407 0.51862169937110691 -0.40300076669809215 1.9445678435495501 0.80179508868033433 8.5000000000000018
decision_type=2 2 8 2 2 2 2 8 8 2 10 2 2 2
left_child=1 2 10 4 -4 11 7 -7 -8 12 -1 -6 -10 -3
right_child=-2 13 3 -5 5 6 8 -9 9 -11 -12 -13 -14 -15
leaf_value=-0.000396463574071078 -0.0039603866477306059 -0.0014728291851215504 0.00026819899130403526 -0.0051539618655189459 0.0024591029912997514 0.012327202117231338 -0.004739813819296855 0.0036214842541333536 0.006877026609040696 0.013245301046792198 -0.010989760980177536 -0.0078371265456291268 -0.0043773232213003025 0.00024325691422609147
leaf_weight=302 522 6745 5447 429 346 609 334 651 218 250 273 249 238 16877
leaf_count=302 522 6745 5447 429 346 609 334 651 218 250 273 249 238 16877
internal_value=-2.4355e-05 3.85574e-05 0.000759949 0.00117174 0.00149994 0.00381302 0.00528644 0.00786134 0.00214416 0.00541131 -0.00547736 -0.00187914 0.00101928 -0.00024696
internal_weight=33490 32968 9346 8771 8342 2895 2300 1260 1040 706 575 595 456 23622
internal_count=33490 32968 9346 8771 8342 2895 2300 1260 1040 706 575 595 456 23622
is_linear=0
shrinkage=0.03


Tree=260
num_leaves=15
num_cat=0
split_feature=12 3 2 2 13 12 1 12 4 9 9 12 6 2
split_gain=9.83909 10.7505 16.7244 22.0371 19.9737 29.2853 19.9872 19.0869 18.3947 18.1139 19.7523 14.9402 12.4725 32.4669
threshold=-0.15750461501439703 0.8526315789473714 0.71740532959326908 0.71018403697649168 14.500000000000002 -0.0066214598308356179 1.0949856785441374 0.019678280224404657 0.60901163688745785 0.68911962318498887 0.81924741213107855 0.071870525073175942 -0.35969678953461226 0.82677165354330817
decision_type=2 2 2 2 2 2 2 2 2 2 2 2 10 2
left_child=-1 2 3 -2 5 6 -4 -7 9 -6 -11 -9 13 -3
right_child=1 12 4 -5 8 7 -8 11 -10 10 -12 -13 -14 -15
leaf_value=0.0030222419346454033 -9.0913776257466294e-05 0.0083816875906146983 -0.00040152068853378293 0.0093317090229963692 -0.00053213708102703091 0.010915357181535025 -0.012882416428972596 -0.003350549590428771 -0.00024276149749344019 -0.017398946984814336 -0.0058263922446561093 0.0052817402238043041 0.00058291319007591053 -0.0043275863264669789
leaf_weight=1064 19298 571 245 221 201 204 214 389 393 242 304 328 9657 260
leaf_count=1064 19298 571 245 221 201 204 214 389 393 242 304 328 9657 260
internal_value=0.000190268 9.71799e-05 -0.000279064 1.81345e-05 -0.00257654 -0.000145572 -0.00629662 0.00293738 -0.00550579 -0.00825467 -0.011067 0.000607622 0.000887558 0.00440316
internal_weight=33591 32527 22039 19519 2520 1380 459 921 1140 747 546 717 10488 831
internal_count=33591 32527 22039 19519 2520 1380 459 921 1140 747 546 717 10488 831
is_linear=0
shrinkage=0.03


Tree=261
num_leaves=15
num_cat=0
split_feature=8 6 6 13 13 1 0 6 13 8 9 12 0 9
split_gain=8.05674 16.033 6.88819 20.8622 22.737 15.928 20.726 20.2618 16.2615 18.0842 16.6603 16.2027 21.1363 28.4216
threshold=0.064028345784128221 0.11965073807468841 0.17503697221787765 38.500000000000007 54.500000000000007 0.90008386655110262 0.47281644330281797 0.19361298155930987 17.500000000000004 0.01480578051002842 1.2234642229910391 -0.079899743667381937 0.49573887502744352 0.8445120967171923
decision_type=2 8 10 2 2 2 2 10 2 2 2 2 2 2
left_child=2 -2 -1 5 -5 6 -4 -8 10 -10 11 -7 13 -13
right_child=1 -3 3 4 -6 8 7 -9 9 -11 -12 12 -14 -15
leaf_value=0.00028969861684616059 -0.00048819676734435943 0.010104077358405258 -0.0083343495090195188 0.011610826037546259 -0.0015445063843119353 -0.0088572821915864318 -0.0079863779995430033 0.0016973878338985744 -0.0011200211968690414 -0.010282525358380128 0.0044240937968517873 -0.0030210928242415821 -0.0031266616488867202 0.010627499438304999
leaf_weight=25608 319 210 224 243 224 298 204 2802 343 445 371 277 1663 264
leaf_count=25608 319 210 224 243 224 298 204 2802 343 445 371 277 1663 264
internal_value=0.000116456 0.00377191 5.72342e-05 -0.000751458 0.00535126 -0.00116862 0.000366877 0.00102804 -0.00252199 -0.00632649 -0.00146933 -0.00235029 -0.00145243 0.00367555
internal_weight=33495 529 32966 7358 467 6891 3230 3006 3661 788 2873 2502 2204 541
internal_count=33495 529 32966 7358 467 6891 3230 3006 3661 788 2873 2502 2204 541
is_linear=0
shrinkage=0.03


Tree=262
num_leaves=15
num_cat=0
split_feature=7 7 5 5 4 13 6 5 13 11 10 6 8 4
split_gain=14.4104 32.1431 19.0875 23.3618 20.9514 21.2103 16.4143 27.215 19.9907 32.596 14.8608 11.9587 24.3287 15.7986
threshold=-0.079955573799864066 -0.10599090345216568 1.5149607005287851 1.1019719970506683 0.74603376622507156 18.500000000000004 0.0098307634862063748 2.5265989089993193 12.500000000000002 0.71042248839813504 1.7432056323542693 1.1584585776387148 0.0083439370630193996 0.23333391394262279
decision_type=8 10 2 2 2 2 8 2 2 2 2 8 2 2
left_child=1 2 3 -1 6 -6 8 -8 9 -4 -10 -2 13 -13
right_child=11 -3 4 -5 5 -7 7 -9 10 -11 -12 12 -14 -15
leaf_value=0.002320169137120247 -0.00014219870683516178 0.010043517821114586 0.0020575673291795722 -0.0080407441732500799 0.014516966127705106 0.0011150246564208006 0.0036923210444261452 -0.0062671785556437437 0.0034745366543817977 0.016819440395210349 -0.0064787667919579267 0.013155184554290555 -0.0025771190896068281 0.0022894471769354173
leaf_weight=370 28909 389 383 407 224 200 443 546 320 204 226 242 343 240
leaf_count=370 28909 389 383 407 224 200 443 546 320 204 226 242 343 240
internal_value=0.000179858 0.00194096 0.000978791 -0.00312369 0.00223447 0.00828197 0.00100948 -0.00180992 0.00346769 0.00728649 -0.000666735 -4.0288e-05 0.00351013 0.00782391
internal_weight=33446 3712 3323 777 2546 424 2122 989 1133 587 546 29734 825 482
internal_count=33446 3712 3323 777 2546 424 2122 989 1133 587 546 29734 825 482
is_linear=0
shrinkage=0.03


Tree=263
num_leaves=15
num_cat=0
split_feature=13 13 1 13 6 13 13 7 2 12 4 13 0 5
split_gain=10.9588 10.5219 9.36238 8.72591 60.0441 10.6114 30.8239 24.7522 36.275 28.7664 24.6459 20.4073 34.4279 30.9516
threshold=61.000000000000007 57.500000000000007 7.1910026536357066 49.500000000000007 -0.030340282020334616 19.500000000000004 21.500000000000004 0.30119368523309092 0.38558154185369131 -0.010849358024821674 0.5169096631699126 26.500000000000004 0.52509050472060603 1.715997434533991
decision_type=2 2 2 2 8 2 2 10 2 2 2 2 2 2
left_child=1 2 3 5 -5 -1 -7 -8 -9 10 -10 12 -11 -13
right_child=-2 -3 -4 4 -6 6 7 8 9 11 -12 13 -14 -15
leaf_value=0.0001872774703276284 0.0050785478589889721 -0.0056665529004130202 -0.0049630387223743152 0.016598375148526436 -0.0036821372551295987 -0.0061902034941720965 -0.0023684041762997341 -0.0067180364557893838 0.0045812732471218363 -0.0022147079899423943 0.016954183987911462 0.0064208191367659236 0.012881180393854256 -0.0050252054022632917
leaf_weight=25669 364 300 343 201 359 938 2609 384 509 261 201 298 276 709
leaf_count=25669 364 300 343 201 359 938 2609 384 509 261 201 298 276 709
internal_value=-6.28452e-05 -0.000120218 -6.85656e-05 -1.60156e-05 0.00367959 -8.15524e-05 -0.0011965 -0.000298739 0.00174878 0.0032029 0.00817809 0.000896069 0.00559133 -0.00162301
internal_weight=33421 33057 32757 32414 560 31854 6185 5247 2638 2254 710 1544 537 1007
internal_count=33421 33057 32757 32414 560 31854 6185 5247 2638 2254 710 1544 537 1007
is_linear=0
shrinkage=0.03


Tree=264
num_leaves=15
num_cat=0
split_feature=0 6 12 12 13 6 13 0 5 0 9 6 8 2
split_gain=16.1484 28.4613 11.9592 11.6791 19.2506 25.0821 19.4769 16.5257 18.5566 17.4106 16.8462 33.2184 65.4112 43.8331
threshold=0.45538031130903678 -0.0067797989646749537 -0.023456095544336527 -0.118073847322393 7.5000000000000009 -0.091528406386335012 19.500000000000004 0.47281644330281797 2.0001896006984672 0.47572647470467283 0.65928167455689246 0.069205615943108714 -0.033554912766618268 0.64127997660362468
decision_type=2 8 2 2 2 8 2 2 2 2 2 8 2 2
left_child=1 2 -1 4 -2 6 -6 8 -5 -9 11 -11 -13 -14
right_child=3 -3 -4 7 5 -7 -8 9 -10 10 -12 12 13 -15
leaf_value=0.0044855604646045983 -0.00095814254371832822 0.011829880472993657 -0.0057627518689487038 -0.0073240310113847724 0.0057528126385405585 0.0086569675387814637 -0.0069344739327373509 0.0064826948676655538 -0.00023993410643665712 -0.00023455324782196637 -0.00058262974119096579 0.018474380031092599 0.0070088958555807991 -0.0057715820425661493
leaf_weight=200 1015 274 200 630 207 620 219 342 700 3112 24601 270 603 396
leaf_count=200 1015 274 200 630 207 620 219 342 700 3112 24601 270 603 396
internal_value=-0.00010397 0.00447528 -0.00064648 -0.000198982 0.0019843 0.00483052 -0.000774306 -0.000346073 -0.00361042 -0.000197427 -0.00027736 0.00143556 0.00551606 0.00193925
internal_weight=33389 674 400 32715 2061 1046 426 30654 1330 29324 28982 4381 1269 999
internal_count=33389 674 400 32715 2061 1046 426 30654 1330 29324 28982 4381 1269 999
is_linear=0
shrinkage=0.03


Tree=265
num_leaves=15
num_cat=0
split_feature=11 1 7 11 0 9 10 7 12 12 12 1 12 3
split_gain=12.2446 23.1973 16.3868 20.3512 21.9208 20.6904 19.6051 25.8277 19.4797 16.5147 29.7614 20.2105 17.5174 16.1749
threshold=-0.80821597769267406 0.53376156503369299 1.1334385686883894 -0.97187967405288778 0.49428839693499166 0.56907386040666175 1.7979756372702471 1.4417939887362505 0.027319623677665609 -0.083817560122870269 -0.016615406712274124 1.0626119572623389 -0.026476860857027214 0.66486439092822092
decision_type=2 2 8 2 2 2 2 10 2 2 2 2 2 2
left_child=1 13 3 5 -5 -3 7 -4 -6 11 12 -7 -11 -1
right_child=-2 2 6 4 8 9 -8 -9 -10 10 -12 -13 -14 -15
leaf_value=-0.012697094038717056 0.00028368107498185355 0.008861305461161666 0.015508404801721156 -0.013089308554894829 0.00096340610381865819 0.0097349020774439767 -0.00084609827086329456 0.00062981001177981287 -0.0083551507660307774 -0.003606004601206316 0.0004743591266823779 -0.0016587003563689265 -0.013074079127253396 -0.0032235147397323117
leaf_weight=223 26999 211 202 223 528 276 495 214 321 777 2124 277 225 581
leaf_count=223 26999 211 202 223 528 276 495 214 321 777 2124 277 225 581
internal_value=-8.35711e-07 -0.00115065 -0.000494174 -0.00117372 -0.00482326 -0.000163088 0.00319336 0.00795289 -0.00258815 -0.000691984 -0.00153849 0.00406408 -0.00578643 -0.00591337
internal_weight=33676 6677 5873 4962 1072 3890 911 416 849 3679 3126 553 1002 804
internal_count=33676 6677 5873 4962 1072 3890 911 416 849 3679 3126 553 1002 804
is_linear=0
shrinkage=0.03


Tree=266
num_leaves=15
num_cat=0
split_feature=2 2 9 8 8 3 2 8 8 3 3 8 3 1
split_gain=8.18735 10.8077 7.48745 16.4813 37.9446 30.4815 27.8681 15.8221 30.752 21.6544 30.9401 38.4705 28.8818 67.6145
threshold=0.94768516338637943 0.9205621086355088 0.90422240350449579 -0.047289646088979474 -0.043040718242231928 0.81775917072285131 0.78606673407482464 0.00094030894689341052 -0.00048270125443986971 0.58620689655172631 0.5270813344327917 0.018596133041696872 0.7333208477697627 0.63452569693062755
decision_type=2 2 2 2 2 2 2 2 2 2 2 2 2 2
left_child=1 2 3 6 5 -5 -1 8 -6 10 11 -9 13 -11
right_child=-2 -3 -4 4 7 -7 -8 9 -10 12 -12 -13 -14 -15
leaf_value=-0.0048121012514909887 -0.0054258777845595171 0.004959142802779465 -0.00069918810658485368 0.0019738783182590221 -0.00036461256005089737 0.016535807395402086 0.0066941754150692586 -0.0060033400564588465 -0.011269790861350347 0.0085172798226867772 0.0095471871489701838 0.0049542743814126539 0.0016303916117705933 -0.0049393748187654112
leaf_weight=1152 254 375 12719 296 8891 227 222 426 234 407 603 867 5012 1823
leaf_count=1152 254 375 12719 296 8891 227 222 426 234 407 603 867 5012 1823
internal_value=-0.000112642 -7.12485e-05 -0.000129368 0.000230218 0.000462475 0.00839099 -0.00293548 0.00023319 -0.000650282 0.00111528 0.00396495 0.00133489 0.000366996 -0.00246982
internal_weight=33508 33254 32879 20160 18786 523 1374 18263 9125 9138 1896 1293 7242 2230
internal_count=33508 33254 32879 20160 18786 523 1374 18263 9125 9138 1896 1293 7242 2230
is_linear=0
shrinkage=0.03


Tree=267
num_leaves=15
num_cat=0
split_feature=4 9 4 12 9 13 9 13 13 1 0 6 8 11
split_gain=9.07866 21.3787 18.3928 25.2996 26.113 14.7424 21.7424 16.9803 13.4357 19.2186 12.785 40.4818 14.9585 36.5935
threshold=0.51208558905009849 0.56907386040666175 0.55203454937247265 -0.019695011478046639 0.76213302412071204 45.500000000000007 0.78692129058042382 41.500000000000007 41.500000000000007 7.1910026536357066 0.45206898837852921 -0.01613754896407937 -0.021540005687288342 -0.22974226770544678
decision_type=2 2 2 2 2 2 2 2 2 2 2 8 2 2
left_child=5 -2 3 -3 -5 7 -7 10 9 -4 11 -1 13 -12
right_child=1 2 8 4 -6 6 -8 -9 -10 -11 12 -13 -14 -15
leaf_value=-0.003037580610289583 -0.0086539119393400053 0.0027494483327679979 0.00087599554050589543 0.00061474396755367938 -0.012421314863306356 0.010654391771007989 7.4010414176318843e-05 -0.0077610001770863461 -0.0037361752136127317 -0.0077389711454953448 -0.0033437491533400768 0.014705341111555277 0.00056686482689050446 0.00098362702046642754
leaf_weight=249 306 284 5198 208 405 294 421 239 768 239 3340 209 17569 3705
leaf_count=249 306 284 5198 208 405 294 421 239 768 239 3340 209 17569 3705
internal_value=-2.8462e-05 -0.000954693 -0.000617106 -0.00461996 -0.0080288 0.000235312 0.00446832 0.000114876 -3.51961e-05 0.000490536 0.000191486 0.00513045 9.8562e-05 -0.00106888
internal_weight=33434 7408 7102 897 613 26026 715 25311 6205 5437 25072 458 24614 7045
internal_count=33434 7408 7102 897 613 26026 715 25311 6205 5437 25072 458 24614 7045
is_linear=0
shrinkage=0.03


Tree=268
num_leaves=15
num_cat=0
split_feature=6 1 6 3 6 3 10 5 2 7 6 12 12 7
split_gain=10.1496 20.1666 26.4961 50.6558 29.6179 21.2781 27.9666 25.8771 21.2484 21.8785 19.1614 20.3295 35.1646 48.0728
threshold=0.030369632428893348 0.93794024361627504 0.13094154668478289 0.46447557927733363 0.15019013962189334 0.7863341993297942 1.2720544174007282 2.9405830380419387 0.36713805379747011 0.048893810163281738 -0.050589727676614842 -0.0045907764033266676 -0.06619210071979624 0.43455287713106844
decision_type=10 2 10 2 10 2 2 2 2 10 8 2 2 10
left_child=10 -2 3 -3 -4 7 -7 -5 -6 -10 -1 12 13 -12
right_child=1 2 4 5 8 6 -8 -9 9 -11 11 -13 -14 -15
leaf_value=-8.9534441844514634e-06 0.00071970049101957069 0.0090054967859958084 0.0083026164186647128 -0.011709954620599747 -0.0056368688441145775 0.0067603007933316151 -0.0051478379248813414 -0.0012983945111725962 -0.0065096412560903642 0.00078401978384245584 -0.0030848052693682854 0.0037513253848729072 -0.0027799750563178545 0.0125135416898501
leaf_weight=15279 6062 230 327 745 732 219 856 303 413 3228 326 2912 1442 382
leaf_count=15279 6062 230 327 745 732 219 856 303 413 3228 326 2912 1442 382
internal_value=0.0001017 -0.00054892 -0.00163903 -0.00423412 -0.000336705 -0.00568626 -0.00270183 -0.0087202 -0.000991472 -5.10955e-05 0.000521224 0.00211993 -9.325e-05 0.00535999
internal_weight=33456 13115 7053 2353 4700 2123 1075 1048 4373 3641 20341 5062 2150 708
internal_count=33456 13115 7053 2353 4700 2123 1075 1048 4373 3641 20341 5062 2150 708
is_linear=0
shrinkage=0.03


Tree=269
num_leaves=15
num_cat=0
split_feature=1 7 1 5 5 8 12 5 4 5 4 10 10 7
split_gain=8.86255 12.211 22.9962 18.8615 17.2006 14.1581 11.9777 9.41043 8.56899 25.4078 25.3963 21.6381 21.5805 18.5934
threshold=0.33174208185818183 -0.29430255133067468 1.0555264354962746 1.1175688490263076 1.5149607005287851 -0.0028536188115349426 0.039600454472248976 1.5255087603787227 0.52221265111850401 3.5445063875956984 0.55203454937247265 2.4722397541862482 2.332658543780965 0.56960175574226335
decision_type=2 10 2 2 2 2 2 2 2 2 2 2 2 10
left_child=7 2 3 -2 -5 -6 -7 -1 -3 10 -10 12 -12 -11
right_child=1 8 -4 4 5 6 -8 -9 9 13 11 -13 -14 -15
leaf_value=-0.0081804213110015893 0.0084951785515461654 0.00037040838243812416 0.01191799165900656 -0.0080453852551437693 -0.0020087141830838853 0.0011880945712022604 0.0099670533682827064 -0.00063730980054524833 -0.0074428016469624322 0.00093212875824454902 -0.00059695367933035326 -0.0063167516671145622 0.0084063981065437901 0.012327102647988863
leaf_weight=224 275 24243 207 201 567 361 225 428 560 331 4867 565 247 207
leaf_count=224 275 24243 207 201 567 361 225 428 560 331 4867 565 247 207
internal_value=0.00017872 0.000247671 0.00262151 0.00140733 -5.81817e-05 0.00136294 0.00461466 -0.00327134 0.00010677 -0.000835909 -0.00137663 -0.00077243 -0.000154316 0.00538958
internal_weight=33508 32856 1836 1629 1354 1153 586 652 31020 6777 6239 5679 5114 538
internal_count=33508 32856 1836 1629 1354 1153 586 652 31020 6777 6239 5679 5114 538
is_linear=0
shrinkage=0.03


Tree=270
num_leaves=15
num_cat=0
split_feature=7 3 7 3 0 10 3 11 8 3 8 8 13 3
split_gain=8.73013 24.3928 36.2214 34.5405 33.767 34.7841 28.7438 24.0205 30.9094 46.1638 39.6669 27.3279 25.0682 25.3417
threshold=0.40249823623889797 0.75294117647058945 0.42428904044908217 0.75886524822695145 0.55090887584715176 1.6101991823742126 0.66876990445860185 0.066899084592452696 -0.029000608719782696 0.82119205298013231 0.019318273208555517 -0.021540005687288342 8.5000000000000018 0.87696213001091117
decision_type=10 2 10 2 2 2 2 2 2 2 2 2 2 2
left_child=-1 6 -3 -4 7 -6 -2 11 -9 10 -10 -5 13 -13
right_child=1 2 3 4 5 -7 -8 8 9 -11 -12 12 -14 -15
leaf_value=-0.00031757861126519135 0.00073528584874633593 0.011983548484742642 0.012914958057972865 0.00017406614593097139 -0.015403023145723796 0.001531822868192677 -0.0025396271714405241 0.0052092478844968067 -0.00064214634273121972 -0.0045142120186756609 0.012949647885838017 0.0065315346071060662 0.0095267389478182508 -0.0034903581787311421
leaf_weight=14066 8787 310 229 1220 212 218 3319 770 559 1680 290 559 900 376
leaf_count=14066 8787 310 229 1220 212 218 3319 770 559 1680 290 559 900 376
internal_value=0.000251579 0.000663608 0.0020297 0.00158148 0.00118968 -0.00689853 -0.000163247 0.00174203 -3.36878e-05 -0.00163712 0.00404915 0.0036565 0.00596503 0.00250421
internal_weight=33495 19429 7323 7013 6784 430 12106 6354 3299 2529 849 3055 1835 935
internal_count=33495 19429 7323 7013 6784 430 12106 6354 3299 2529 849 3055 1835 935
is_linear=0
shrinkage=0.03


Tree=271
num_leaves=15
num_cat=0
split_feature=9 11 2 12 9 8 2 11 6 9 6 8 9 2
split_gain=11.2438 14.6332 16.586 20.6036 11.6274 31.3224 30.0053 17.8208 15.9069 14.9517 13.1429 20.9606 17.8119 15.0168
threshold=0.55091885801998786 -1.0253255411849902 0.47368421052631698 0.023440617688577529 0.60080258935519815 -0.014649223634250393 0.63636363636363813 0.077802213253153271 -0.095930702910107954 0.60843291461822313 0.063490826420744675 0.02610974943016468 1.4110953209483073 0.14173228346456673
decision_type=2 2 2 2 2 2 2 2 8 2 8 2 2 2
left_child=1 -1 -3 -4 5 8 7 -7 -2 -6 11 12 -11 -12
right_child=4 2 3 -5 9 6 -8 -9 -10 10 13 -13 -14 -15
leaf_value=0.0042424794945579306 -0.0087316141583128459 0.00058879591438467098 -0.013252505742925771 -0.001612585495776412 -0.0071987624475150364 0.017431104607786595 -0.00073955129160687273 0.0053917414281567377 0.0014779512453427974 -7.4213170094693148e-05 0.0040509098135101205 0.0025121562960663613 0.007670061370299663 -0.00098973620856260833
leaf_weight=203 212 341 289 259 251 234 278 218 371 15447 555 3914 267 10647
leaf_count=203 212 341 289 259 251 234 278 218 371 15447 555 3914 267 10647
internal_value=3.7379e-05 -0.00294968 -0.00460653 -0.00781548 0.000138512 0.00289837 0.00701918 0.011747 -0.0022773 2.14763e-05 8.1417e-05 0.000549313 5.97694e-05 -0.000738303
internal_weight=33486 1092 889 548 32394 1313 730 452 583 31081 30830 19628 15714 11202
internal_count=33486 1092 889 548 32394 1313 730 452 583 31081 30830 19628 15714 11202
is_linear=0
shrinkage=0.03


Tree=272
num_leaves=15
num_cat=0
split_feature=14 6 11 13 13 11 0 0 10 13 13 5 13 9
split_gain=9.83358 26.8484 52.5243 32.3602 33.5135 28.1015 24.3492 23.4721 22.229 22.1681 54.3014 21.5822 20.8672 33.2067
threshold=1.0000000180025095e-35 0.030369632428893348 -1.8545869309529168 10.500000000000002 8.5000000000000018 -1.7990638628463662 0.54556525088424379 0.54907298095791168 1.6731707279682093 27.500000000000004 24.500000000000004 0.97334763813074621 49.500000000000007 0.7602605763872966
decision_type=2 8 2 2 2 2 2 2 2 2 2 2 2 2
left_child=-1 2 -2 4 -4 -3 8 12 -6 10 11 -7 13 -5
right_child=1 5 3 7 6 9 -8 -9 -10 -11 -12 -13 -14 -15
leaf_value=0.00037064883597363386 0.013598751841863696 -0.012279832017478308 0.000611649588586271 -0.0074887416046779589 0.016218006579968771 -0.0075179343980349839 -0.0013899340187767293 0.0027258609302862279 0.0039776460635662075 0.0032043586164945737 -0.017213093280861867 -0.0011574054060832922 0.0041127410736699699 -0.0011935654008404433
leaf_weight=17841 258 232 3872 1252 300 529 200 804 245 715 209 4793 336 1891
leaf_count=17841 258 232 3872 1252 300 529 200 804 245 715 209 4793 336 1891
internal_value=-0.000110653 -0.00065977 0.000385804 -4.6434e-06 0.00173677 -0.00213706 0.00754129 -0.00188169 0.0108016 -0.0017508 -0.00239368 -0.0017961 -0.00294888 -0.00370913
internal_weight=33477 15636 9158 8900 4617 6478 745 4283 545 6246 5531 5322 3479 3143
internal_count=33477 15636 9158 8900 4617 6478 745 4283 545 6246 5531 5322 3479 3143
is_linear=0
shrinkage=0.03


Tree=273
num_leaves=15
num_cat=0
split_feature=0 12 0 2 6 6 7 0 10 0 2 7 7 2
split_gain=10.1499 15.7892 15.6514 25.8984 15.0353 19.2865 23.7502 13.5502 26.0536 19.0273 16.2203 25.4588 20.8476 11.6322
threshold=0.47185423059404091 0.040474118828574497 0.47645562384556484 0.45450658789691639 0.15865309182629764 0.072278165029163524 0.25422445725595372 0.48470490798635862 1.2214603881240802 0.48563974849680019 0.4390243902439015 0.19567521964667475 1.2114622892380538 0.10782992442259749
decision_type=2 2 2 2 10 8 8 2 2 2 2 10 10 2
left_child=1 4 3 -2 5 6 -1 8 -4 -9 12 -12 -10 -11
right_child=2 -3 7 -5 -6 -7 -8 9 10 13 11 -13 -14 -15
leaf_value=0.0074618063198159564 -0.0016748687010794021 -0.008253882395577913 0.0041843134796573324 0.010253527409676192 -0.0068269786069868133 0.0086693834356754724 -0.0033359038209547776 0.0079947111080400646 0.0063673626260632374 0.0033567051030695435 0.001529103948368824 -0.010787557435033053 -0.0054630221632130799 -8.6350910104567689e-05
leaf_weight=225 308 317 383 342 315 209 900 267 219 907 205 557 329 27877
leaf_count=225 308 317 383 342 315 209 900 267 219 907 205 557 329 27877
internal_value=-8.82444e-05 -0.00217652 4.28561e-05 0.00463166 -0.000986797 0.000412599 -0.0011529 -5.48994e-05 -0.0026598 9.73376e-05 -0.00466909 -0.00748565 -0.000720362 2.27059e-05
internal_weight=33360 1966 31394 650 1649 1334 1125 30744 1693 29051 1310 762 548 28784
internal_count=33360 1966 31394 650 1649 1334 1125 30744 1693 29051 1310 762 548 28784
is_linear=0
shrinkage=0.03


Tree=274
num_leaves=15
num_cat=0
split_feature=2 2 8 4 11 5 8 7 4 12 5 2 13 2
split_gain=9.39433 15.2416 14.9063 14.9526 11.1579 10.6185 25.6766 39.2234 27.364 27.2931 26.6705 24.8951 23.9781 30.0679
threshold=0.097970656794185235 0.1157911538325142 -0.026507978177668003 0.085815221285352475 0.63057097079112101 1.8849798442964587 -0.026858335643802227 1.2551600686599627 0.99874761173323334 -0.037119268583210123 1.8180500608065422 0.42326811861695679 22.500000000000004 0.75492649551576518
decision_type=2 2 2 2 2 2 2 10 2 2 2 2 2 2
left_child=2 -2 -1 4 -4 6 7 11 10 -9 12 -3 13 -8
right_child=1 5 3 -5 -6 -7 8 9 -10 -11 -12 -13 -14 -15
leaf_value=-0.0027759158724873531 -0.007229100853371662 -0.011044662713869969 0.010404521647063831 -0.0012173727506094357 0.0016552088616172906 0.00042486883090348557 0.00096073354003757994 -0.0033412280835603408 -0.0067266731788376286 0.010527956632217042 -0.0060460853039113515 -0.0032158222391452853 0.0041991535937482907 -0.0048026153536038048
leaf_weight=323 260 438 381 259 202 19753 5507 223 494 288 521 2143 1607 951
leaf_count=323 260 438 381 259 202 19753 5507 223 494 288 521 2143 1607 951
internal_value=3.19203e-05 -6.40629e-05 0.00267255 0.00476669 0.00741288 -4.58736e-06 -0.000701407 -0.00306021 0.000103076 0.00450173 0.000499716 -0.00456318 0.000926059 0.000108968
internal_weight=33350 32185 1165 842 583 31925 12172 3092 9080 511 8586 2581 8065 6458
internal_count=33350 32185 1165 842 583 31925 12172 3092 9080 511 8586 2581 8065 6458
is_linear=0
shrinkage=0.03


Tree=275
num_leaves=15
num_cat=0
split_feature=6 11 7 3 13 13 6 7 11 0 9 9 11 5
split_gain=8.36994 43.4232 21.4952 33.2573 38.6686 29.0169 11.8306 20.122 15.2605 21.1086 12.4547 15.5061 20.0847 13.7938
threshold=-0.38376335723197891 -1.0433133590509887 0.11711219626373465 0.73504273504273454 17.500000000000004 8.5000000000000018 -0.33237710102824913 0.12987630840577433 0.40261510390890726 0.50824441959058608 0.55791268308252273 0.57981798101528637 0.024026722458555468 1.202411151996718
decision_type=10 2 10 2 2 2 10 8 2 2 2 2 2 2
left_child=1 -1 -3 5 -5 -4 7 -2 9 -9 13 12 -12 -8
right_child=6 2 3 4 -6 -7 10 8 -10 -11 11 -13 -14 -15
leaf_value=0.010526411514391825 0.0048069520385085954 -0.0058560741937862329 -0.0093537150659347024 0.011147340105158412 -0.0034322984120532456 0.0032544326739152893 -0.0096621713768534293 -0.0090810005234502177 -0.011276638242926171 0.0039782506165138634 0.011245987089387923 -1.7884514116078611e-05 -0.0014138191540797171 -0.0013375335964336385
leaf_weight=409 201 454 334 466 248 315 233 209 278 228 246 28902 203 733
leaf_count=409 201 454 334 466 248 315 233 209 278 228 246 28902 203 733
internal_value=-1.70315e-05 0.00175819 -0.00023897 0.00164659 0.00609461 -0.0032561 -0.000143814 -0.00349344 -0.00584401 -0.00229955 -4.20492e-05 6.85271e-05 0.00556975 -0.00338486
internal_weight=33459 2226 1817 1363 714 649 31233 916 715 437 30317 29351 449 966
internal_count=33459 2226 1817 1363 714 649 31233 916 715 437 30317 29351 449 966
is_linear=0
shrinkage=0.03


Tree=276
num_leaves=15
num_cat=0
split_feature=6 1 1 9 5 6 12 5 1 7 12 12 10 3
split_gain=14.6324 8.86426 20.4645 15.2699 22.8626 24.8507 19.2452 14.9307 11.8812 29.8815 24.0671 16.6287 16.4211 15.958
threshold=1.1584585776387148 0.31625997271757894 0.4091895696887568 0.8009363808631953 1.6593584733134066 0.048738160463292053 -0.01818706117059021 1.6954535406283262 0.52826868902012458 0.048893810163281738 0.047171451885459854 0.071870525073175942 2.0290832957748344 0.8526315789473714
decision_type=10 2 2 2 2 8 2 2 2 8 2 2 2 2
left_child=1 7 3 6 -5 -6 -3 -1 9 10 13 12 -11 -4
right_child=-2 2 8 4 5 -7 -8 -9 -10 11 -12 -13 -14 -15
leaf_value=-0.0099745701900068318 0.005835149352466899 0.0065309724708398189 0.0061384433585566656 0.014189684482557433 0.0092190859934669876 -0.0045920332465320826 -0.0054538051945740695 0.0002927736740309262 0.00012672849927953929 -0.0046332120826317151 0.011614325057106235 -0.012130948828735371 0.0034316325021635911 -0.0043897362454600429
leaf_weight=207 392 211 204 240 247 215 268 319 29054 1203 203 207 276 336
leaf_count=207 392 211 204 240 247 215 268 319 29054 1203 203 207 276 336
internal_value=0.000109806 4.13168e-05 0.000103807 0.00397237 0.00677431 0.00281148 -0.000161568 -0.00380367 -4.19199e-05 -0.00205529 0.0029436 -0.00426043 -0.00312172 -0.000392597
internal_weight=33582 33190 32664 1181 702 462 479 526 31483 2429 743 1686 1479 540
internal_count=33582 33190 32664 1181 702 462 479 526 31483 2429 743 1686 1479 540
is_linear=0
shrinkage=0.03


Tree=277
num_leaves=15
num_cat=0
split_feature=1 4 9 3 12 7 3 9 13 6 12 13 7 7
split_gain=8.39006 21.4501 22.6285 22.5357 33.8935 35.8161 28.8294 27.436 31.4185 29.8271 21.9314 30.9099 21.4459 22.3981
threshold=1.1546036904871058 0.26774562368613991 1.1298345145080473 0.48227331246048349 0.06481767080329949 1.3147324246271663 0.86666666666666647 1.1614518976125803 10.500000000000002 0.085279450788138603 0.025039997927306382 19.500000000000004 0.36804619394746801 2.0699230043459114
decision_type=2 2 2 2 2 10 2 2 2 8 2 2 8 10
left_child=-1 2 12 4 5 -3 -5 8 9 -8 -10 -12 -2 -14
right_child=1 3 -4 6 -6 -7 7 -9 10 -11 11 -13 13 -15
leaf_value=-0.00036421753490277248 -0.0013341332638608563 0.018887984963993614 -0.0030564070504258967 -0.0020469934651241046 -0.0048279725148984527 0.0012504330172505177 -0.0084615562918592298 0.011140155220491579 0.00022218329661361573 0.0033144852401954784 0.016765707423134397 0.002881227441248484 0.004709113274893686 -0.0024418841745393969
leaf_weight=19652 887 203 664 5246 201 208 501 251 884 310 211 443 3271 445
leaf_count=19652 887 203 664 5246 201 208 501 251 884 310 211 443 3271 445
internal_value=3.3246e-05 0.000602275 0.00210422 -0.000333709 0.00518716 0.0100842 -0.000767375 0.00181347 0.000795335 -0.00396751 0.00331154 0.00745399 0.00285116 0.00385063
internal_weight=33377 13725 5267 8458 612 411 7846 2600 2349 811 1538 654 4603 3716
internal_count=33377 13725 5267 8458 612 411 7846 2600 2349 811 1538 654 4603 3716
is_linear=0
shrinkage=0.03


Tree=278
num_leaves=15
num_cat=0
split_feature=12 10 11 6 10 11 11 9 11 12 6 12 10 11
split_gain=9.69803 20.6159 20.8752 28.9563 19.8344 22.1414 16.6745 23.1106 12.6068 12.5453 17.7275 29.9574 43.2163 24.9154
threshold=0.035711458272099379 2.6656699818167566 0.71042248839813504 0.063490826420744675 3.141082888769462 -1.2508724812621634 2.3361610009703644 0.89881092477752023 2.0761407037829138 0.068126973934275706 0.038550226506531844 0.091688262483832175 2.1318247168020945 1.4739093245302188
decision_type=2 2 2 8 2 2 2 2 2 2 8 2 2 2
left_child=1 8 4 -4 5 -3 9 -8 -1 -2 11 12 -11 -12
right_child=6 2 3 -5 -6 -7 7 -9 -10 10 13 -13 -14 -15
leaf_value=0.0007697250365876322 -0.0021551019612782393 -0.0021414200785339521 0.0052478769762465396 -0.0082289926888610143 0.0010748376205056182 -0.013399789327608658 0.012377265040554758 -0.0013354971613119208 -0.0038679084746271021 0.0020084107261084893 -0.00079271288016897687 -0.00066829807772213093 0.015192838131692513 -0.0093009564895076106
leaf_weight=19903 4390 274 463 202 263 371 201 237 537 966 2767 2327 287 344
leaf_count=19903 4390 274 463 202 263 371 201 237 537 966 2767 2327 287 344
internal_value=2.30071e-05 0.00039205 -0.00291199 0.00112329 -0.00585731 -0.00867043 -0.000682105 0.00502602 0.000646969 -0.000909896 -9.191e-05 0.00134672 0.00507669 -0.00174693
internal_weight=33532 22013 1573 665 908 645 11519 438 20440 11081 6691 3580 1253 3111
internal_count=33532 22013 1573 665 908 645 11519 438 20440 11081 6691 3580 1253 3111
is_linear=0
shrinkage=0.03


Tree=279
num_leaves=15
num_cat=0
split_feature=7 11 12 4 12 10 6 13 5 13 7 4 5 13
split_gain=12.3395 12.5729 25.3471 24.9388 24.0182 31.9739 10.412 26.067 28.6558 18.9014 31.8238 18.0376 16.5717 15.7933
threshold=2.9675518174293773 -1.6932669142516288 0.0033226312228330506 0.20271415064898723 -0.094595300333148821 2.2889676433501034 0.063490826420744675 26.500000000000004 1.0070524530150513 22.500000000000004 0.31121535912468867 0.30475823180487788 2.300769192858485 19.500000000000004
decision_type=10 2 2 2 2 2 10 2 2 2 10 2 2 2
left_child=1 2 4 -4 -1 -6 7 9 -9 13 12 -12 -11 -3
right_child=-2 6 3 -5 5 -7 -8 8 -10 10 11 -13 -14 -15
leaf_value=0.0017833057727253934 -0.0053531442341672912 0.0010176787454870507 -0.0055924147129382774 0.0070334831176960206 -0.0025000787652055181 -0.016149801712496407 -0.00057460035368382103 0.0075583391140871016 -0.0029251074337391953 0.0051609338212170097 0.0044515995465469766 0.016882095717735142 -0.0065200394664758016 -0.0028869601236407266
leaf_weight=258 380 15791 225 359 324 294 10896 252 2720 223 203 224 205 986
leaf_count=258 380 15791 225 359 324 294 10896 252 2720 223 203 224 205 986
internal_value=-1.34289e-05 4.8936e-05 -0.00266783 0.00216287 -0.0058823 -0.00907113 0.000175259 0.000571851 -0.002025 0.00101002 0.00534816 0.0110924 -0.000444608 0.000787408
internal_weight=33340 32960 1460 584 876 618 31500 20604 2972 17632 855 427 428 16777
internal_count=33340 32960 1460 584 876 618 31500 20604 2972 17632 855 427 428 16777
is_linear=0
shrinkage=0.03


Tree=280
num_leaves=15
num_cat=0
split_feature=14 6 1 6 1 0 11 6 11 8 11 7 2 7
split_gain=10.2791 22.3655 20.7824 19.881 19.3715 21.8965 33.569 24.4241 17.6026 17.5659 42.4536 39.4035 23.6888 21.4416
threshold=1.0000000180025095e-35 inf 4.6549147447136807 -0.59511045898302484 1.7735387786179906 0.51362019947335835 -0.60258987579361734 -0.27674725631741626 -0.80821597769267406 -0.033916676560666853 -0.55501062579454985 0.036112292082013449 0.42699025507215577 0.37422344500950061
decision_type=2 8 2 10 2 2 2 10 2 2 2 8 2 10
left_child=3 2 4 -1 8 6 -6 -7 -2 10 11 -5 -12 -14
right_child=1 -3 -4 9 5 7 -8 -9 -10 -11 12 -13 13 -15
leaf_value=0.007345541823525592 -0.0026811605576968944 -0.0095289691583532836 0.0081672960115886269 0.0095173900053102754 0.010595587343455126 0.0043518817273434252 -0.002497946856457333 -0.0063157529459312639 0.00036617623550742147 -0.00019172708478899417 0.00014968583511199032 -0.0046937308743226084 0.0025289740134012218 0.0097980425662401015
leaf_weight=361 2032 245 241 207 229 218 709 1501 10494 14015 711 1022 629 881
leaf_count=361 2032 245 241 207 229 218 709 1501 10494 14015 711 1022 629 881
internal_value=-6.70465e-05 -0.000627494 -0.000483058 0.000425623 -0.000623009 -0.00294712 0.000737893 -0.00495421 -0.000129043 0.000280528 0.00219648 -0.00227129 0.00466829 0.00678841
internal_weight=33495 15669 15424 17826 15183 2657 938 1719 12526 17465 3450 1229 2221 1510
internal_count=33495 15669 15424 17826 15183 2657 938 1719 12526 17465 3450 1229 2221 1510
is_linear=0
shrinkage=0.03


Tree=281
num_leaves=15
num_cat=0
split_feature=1 5 7 1 0 11 0 9 13 7 2 6 2 9
split_gain=10.4041 18.6569 10.8665 20.3 15.997 29.8803 20.9263 9.6656 20.1034 16.7886 19.2703 37.6716 27.206 26.7404
threshold=0.33174208185818183 1.5255087603787227 -0.29430255133067468 0.90008386655110262 0.54169912974952417 0.066899084592452696 0.51042650157676062 0.89881092477752023 59.500000000000007 0.67167382017530453 0.57025054922062923 -0.11552779585393767 0.68698971125124364 0.91153700064035104
decision_type=2 2 8 2 2 2 2 2 2 8 2 10 2 2
left_child=1 -1 3 4 5 6 -2 8 -4 -9 13 -12 -13 -11
right_child=2 -3 7 -5 -6 -7 -8 9 -10 10 11 12 -14 -15
leaf_value=-0.010969848069426131 0.00034720183455083572 -0.00019732597442473181 0.00019945577899004296 0.010629938496309893 0.0063797931402771648 0.0058649700729550853 -0.012776016836338068 -0.001733510009650233 0.0094457124885189061 -0.010285702497747382 -0.0059098517510522107 0.01355141789825633 0.00058707996845993465 0.0002618486284775233
leaf_weight=214 208 427 19155 232 324 286 225 7024 209 223 218 370 239 4221
leaf_count=214 208 427 19155 232 324 286 225 7024 209 223 218 370 239 4221
internal_value=-8.04211e-05 -0.00385084 -6.46342e-06 0.00270346 0.000898023 -0.0015992 -0.00654002 -0.000116009 0.000301665 -0.000773681 0.000505793 0.00469607 0.00850982 -0.000278392
internal_weight=33575 641 32934 1275 1043 719 433 31659 19364 12295 5271 827 609 4444
internal_count=33575 641 32934 1275 1043 719 433 31659 19364 12295 5271 827 609 4444
is_linear=0
shrinkage=0.03


Tree=282
num_leaves=15
num_cat=0
split_feature=8 13 8 7 8 5 5 8 9 1 11 8 7 2
split_gain=18.7459 34.923 14.331 31.7124 17.3715 13.2931 22.8254 22.079 26.8297 21.0048 19.2596 18.9665 19.2706 27.9716
threshold=-0.057570151008341473 12.500000000000002 -0.052212460349881445 0.74815056277487468 -0.049982368090666633 1.1767563343281593 1.2159863657573726 -0.028296898439458481 0.74299652567633812 0.80879138634270797 -2.1756594081516241 0.047882813302598311 0.40789939979582263 0.57025054922062923
decision_type=2 2 2 10 2 2 2 2 2 2 2 2 10 2
left_child=1 -1 3 -2 -4 7 -7 8 9 -6 -8 12 -9 -14
right_child=2 -3 4 -5 5 6 10 11 -10 -11 -12 -13 13 -15
leaf_value=-0.0072156095685592539 -0.001107999042179615 0.0061850639575277457 -0.0073905782093911356 0.013655644660129357 -0.01394007117857579 -0.0073299400264711864 0.0076886124080944298 0.00074255060675090909 0.0023650168014897241 -0.0011064732753777804 5.7056483999776425e-05 -0.0055184148115362142 0.003451887954276069 0.012136736560455509
leaf_weight=715 306 227 262 223 224 368 296 1427 535 232 26518 224 1577 421
leaf_count=715 306 227 262 223 224 368 296 1427 535 232 26518 224 1577 421
internal_value=0.000190172 -0.00397075 0.000310947 0.0051852 0.000229785 0.000293677 4.02219e-05 0.00177682 -0.00218615 -0.00749352 0.000142719 0.00285461 0.00340947 0.00530761
internal_weight=33555 942 32613 529 32084 31822 27182 4640 991 456 26814 3649 3425 1998
internal_count=33555 942 32613 529 32084 31822 27182 4640 991 456 26814 3649 3425 1998
is_linear=0
shrinkage=0.03


Tree=283
num_leaves=15
num_cat=0
split_feature=12 7 1 3 11 10 8 0 9 8 0 12 3 8
split_gain=9.48416 18.7777 19.8577 13.7893 13.299 12.0936 8.20856 25.6343 12.7489 10.3469 9.29947 9.02204 21.7597 22.9926
threshold=0.1494147633931843 0.16608687210491183 2.5266873839752297 0.7308772628539536 0.49826895660061327 1.7554179791108349 0.054906603900799301 0.55023997933997915 0.83838909030532294 0.051588982388429468 0.56509661550996104 0.068126973934275706 0.92206715341043866 -0.0033442867153445884
decision_type=2 8 2 2 2 2 2 2 2 2 2 2 2 2
left_child=6 -2 3 5 -5 -3 9 8 -8 11 -9 -1 -13 -14
right_child=1 2 -4 4 -6 -7 7 10 -10 -11 -12 12 13 -15
leaf_value=-0.00012401840135167544 -0.0074752558827290887 -0.0056441745769486504 -0.0069516455563051359 0.0087961489695804248 -0.00092069107915552866 0.0036864459028652916 -0.0063727134108261833 0.012838555820610211 0.0023782148996924759 -0.0050326393385139402 0.0040750187528925015 0.00050775797335427973 0.013369433301821006 0.0016222537578887317
leaf_weight=25452 438 303 310 321 206 206 253 202 353 353 245 4023 254 360
leaf_count=25452 438 303 310 321 206 206 253 202 353 353 245 4023 254 360
internal_value=7.097e-06 -0.00211772 -0.000353113 0.00164526 0.00502496 -0.0018688 0.000127772 0.0027255 -0.00129748 3.74826e-05 0.00813349 9.77909e-05 0.0013141 0.00655057
internal_weight=33279 1784 1346 1036 527 509 31495 1053 606 30442 447 30089 4637 614
internal_count=33279 1784 1346 1036 527 509 31495 1053 606 30442 447 30089 4637 614
is_linear=0
shrinkage=0.03


Tree=284
num_leaves=15
num_cat=0
split_feature=2 6 10 3 8 10 6 5 12 10 5 2 3 3
split_gain=10.0462 30.0712 9.01941 9.88763 22.4192 26.8773 19.728 25.4802 23.9273 19.6686 24.5277 20.6586 18.7444 17.1922
threshold=0.92889619546151903 -0.063451139465191916 0.62361439721567657 0.55950467003521542 0.017109591336122304 1.0696302611831279 0.095061322278210084 1.6144259072706284 0.0033226312228330506 2.2668810695762138 3.217402673753317 0.065578287836149399 0.45283018867924169 0.60869565217391397
decision_type=2 8 2 2 2 2 8 2 2 2 2 2 2 2
left_child=2 -2 -1 4 9 -6 8 -8 -7 10 11 -4 -9 -5
right_child=1 -3 3 13 5 6 7 12 -10 -11 -12 -13 -14 -15
leaf_value=-0.0057160365411414293 -0.004939660790367323 0.00983238034448616 0.0053455697435341515 0.0028810463723427269 0.0097346487999158474 -0.0043261600019676343 -0.012076942542424567 -0.0058608277678075769 0.0054940207315547791 -0.0074760598444052603 0.0066484205853129096 -0.0034573997902547305 0.0052176561339625288 -0.00012403377465790863
leaf_weight=260 201 309 262 1834 280 317 229 265 727 641 282 2404 275 25086
leaf_count=260 201 309 262 1834 280 317 229 265 727 641 282 2404 275 25086
internal_value=-0.00013861 0.00401902 -0.000203736 -0.000158906 -0.00129551 0.0011704 -0.000175404 -0.00380812 0.00250581 -0.00273318 -0.001691 -0.0025839 -0.000222899 8.11927e-05
internal_weight=33372 510 32862 32602 5682 2093 1813 769 1044 3589 2948 2666 540 26920
internal_count=33372 510 32862 32602 5682 2093 1813 769 1044 3589 2948 2666 540 26920
is_linear=0
shrinkage=0.03


Tree=285
num_leaves=15
num_cat=0
split_feature=12 11 3 7 3 10 5 10 9 3 6 4 6 11
split_gain=7.82495 9.90028 14.5088 31.2325 31.1765 29.4127 21.0856 20.5589 28.5265 27.4399 21.9587 21.8676 20.8651 34.7887
threshold=0.1494147633931843 0.31297099362554642 0.82119205298013231 0.41939986858866307 0.80730408600412229 2.2121887367212261 3.108378780928081 1.71598011360905 0.68081377949876343 0.35891561518720289 -0.024335641480105582 0.85186621478327595 -0.13998434955462305 0.8265801487445662
decision_type=2 2 2 8 2 2 2 2 2 2 8 2 10 2
left_child=1 -1 4 5 7 -4 -7 9 10 -3 -9 -10 13 -11
right_child=-2 2 3 -5 -6 6 -8 8 11 12 -12 -13 -14 -15
leaf_value=-0.00046537957205331995 -0.0020522626327457564 -0.0067801843998127409 -0.00032058446376248648 -0.0037753077636328972 0.0095916607913714407 0.014853248812970168 0.0030097171336537533 -0.012184828246753772 -0.00020558931980121673 0.004811662229142059 0.00050399862413402069 0.0091681324180390208 0.0047719840565145838 -0.0056200575959551406
leaf_weight=18624 1799 261 2319 1833 390 203 397 304 3354 602 203 235 2448 542
leaf_count=18624 1799 261 2319 1833 390 203 397 304 3354 602 203 235 2448 542
internal_value=-0.000130363 -2.10394e-05 0.000611041 -0.000711514 0.00136468 0.00121558 0.00710642 0.000955262 -0.000524385 0.00252687 -0.00714898 0.000420083 0.00321162 -0.000133588
internal_weight=33514 31715 13091 4752 8339 2919 600 7949 4096 3853 507 3589 3592 1144
internal_count=33514 31715 13091 4752 8339 2919 600 7949 4096 3853 507 3589 3592 1144
is_linear=0
shrinkage=0.03


Tree=286
num_leaves=15
num_cat=0
split_feature=4 0 12 2 5 11 2 6 7 7 3 6 7 8
split_gain=8.20625 7.65217 24.0497 7.88101 14.9984 35.2801 30.7113 30.199 30.1584 20.3709 21.0258 19.4805 21.2996 16.258
threshold=0.003291349254508523 0.45538031130903678 -0.033755699015417633 0.32139845820284013 2.2902951731389165 0.64524000289457495 0.10782992442259749 0.24230225553244947 2.2626146745277347 1.4830280604103918 0.39101944806149463 -0.28065141556441936 1.0026359630358173 0.00094030894689341052
decision_type=2 2 2 2 2 2 2 8 10 10 2 8 10 2
left_child=-1 2 -2 4 5 6 8 11 -3 10 -8 -6 -13 -11
right_child=1 3 -4 -5 7 -7 9 -9 -10 13 -12 12 -14 -15
leaf_value=-0.0052155719472289971 0.0097962659050326237 0.011724565474693957 -0.0017811674877362021 0.00020075168350277631 -0.0053491943444024361 -0.0091197840538815352 0.0029754426162147403 -0.0065495287988554026 -0.0011447974947119547 -0.0030997675835438398 -0.00777125477460687 -0.0041536330668956838 0.0051988487887821748 0.0045972699746989563
leaf_weight=263 281 296 368 27069 244 566 201 403 358 547 830 258 1338 442
leaf_count=263 281 296 368 27069 244 566 201 403 358 547 830 258 1338 442
internal_value=1.29736e-05 5.51703e-05 0.00326813 -9.37956e-06 -0.00104601 -0.00235008 -0.000902805 0.000838742 0.00472463 -0.00273193 -0.00567187 0.0024703 0.00367873 0.000345984
internal_weight=33464 33201 649 32552 5483 3240 2674 2243 654 2020 1031 1840 1596 989
internal_count=33464 33201 649 32552 5483 3240 2674 2243 654 2020 1031 1840 1596 989
is_linear=0
shrinkage=0.03


Tree=287
num_leaves=15
num_cat=0
split_feature=2 5 5 5 7 2 1 7 4 5 1 1 4 8
split_gain=8.058 19.1049 34.1765 32.3437 18.644 22.1545 20.9895 19.1985 22.0025 18.4767 17.4199 21.6109 25.8273 14.0412
threshold=0.3715830669494849 2.5137183984433329 1.6013085909654918 2.6766242857712186 1.2242827652871593 0.25806451612903575 1.254097704681413 1.0848521436732608 0.16059768984267306 1.7965230956441232 1.2741297305047474 0.72485093755144037 0.055615791639558272 -0.018507624001483629
decision_type=2 2 2 2 8 2 2 8 2 2 2 2 2 2
left_child=1 2 4 -3 7 10 -7 8 -1 -4 11 12 -6 -5
right_child=-2 3 9 13 5 6 -8 -9 -10 -11 -12 -13 -14 -15
leaf_value=0.0059380044350187287 0.00030450790338613481 0.0098655346872513743 -0.0096217838413790308 -0.003745961623745193 -0.0093308162849304113 0.0015455964029109971 0.014983829117990568 -0.011148197942126828 -0.0058371315887019888 -0.0031182001513181657 -0.0066524148056405852 0.0068800752001210979 0.003224716508199298 0.0014714224931485615
leaf_weight=257 26084 337 496 648 237 212 204 203 309 1874 254 461 373 1601
leaf_count=257 26084 337 496 648 237 212 204 203 309 1874 254 461 373 1601
internal_value=5.57536e-05 -0.000812943 -0.00191699 0.00127017 0.000522907 0.00224 0.00823519 -0.00335391 -0.000485293 -0.00449668 0.000333853 0.00201394 -0.00168962 -3.68272e-05
internal_weight=33550 7466 4880 2586 2510 1741 416 769 566 2370 1325 1071 610 2249
internal_count=33550 7466 4880 2586 2510 1741 416 769 566 2370 1325 1071 610 2249
is_linear=0
shrinkage=0.03


Tree=288
num_leaves=15
num_cat=0
split_feature=12 4 6 11 6 7 11 7 6 13 5 12 5 10
split_gain=8.53141 15.0458 6.38649 6.82465 35.4378 33.776 16.9272 13.7529 21.9955 15.9264 21.3907 14.4449 18.1568 12.8049
threshold=-0.18803099766993905 0.28796518860802817 1.1584585776387148 -1.2985115922971089 -0.35175820955441273 -0.19800878639541289 -1.2284655704079199 0.097254553993638679 -0.052660401131118022 15.500000000000002 1.2159863657573726 -0.011713151362001016 1.434056070696865 1.9368022949947654
decision_type=2 2 10 2 10 8 2 10 10 2 2 2 2 2
left_child=1 -1 3 4 -2 -6 -5 8 -7 11 -11 12 -9 -13
right_child=2 -3 -4 6 5 7 -8 9 -10 10 -12 13 -14 -15
leaf_value=0.006901576860549135 0.0081322998919916376 -0.0024311341400447073 0.0039964420537458743 0.0062539019901305436 -0.013250630057609153 -0.003639318469670499 -0.00011896561395175673 0.0011032856466179645 0.0088511477695166606 -0.013970843749120831 -0.0027517350410750834 -0.0026312372108478715 -0.0093398693945669839 0.0066922562847083261
leaf_weight=400 299 249 329 375 242 242 29143 319 257 219 493 218 276 325
leaf_count=400 299 249 329 375 242 242 29143 319 257 219 493 218 276 325
internal_value=-6.30252e-05 0.00332971 -0.000130783 -0.000173292 -0.00156331 -0.00269569 -3.69585e-05 -0.00158246 0.00281764 -0.00277369 -0.00627592 -0.000564619 -0.0037784 0.00295927
internal_weight=33386 649 32737 32408 2890 2591 29518 2349 499 1850 712 1138 595 543
internal_count=33386 649 32737 32408 2890 2591 29518 2349 499 1850 712 1138 595 543
is_linear=0
shrinkage=0.03


Tree=289
num_leaves=15
num_cat=0
split_feature=3 13 13 11 5 6 4 9 10 5 13 9 12 12
split_gain=9.17073 25.8704 29.366 54.0992 33.8747 59.7793 47.3701 51.5903 28.8444 28.502 28.0095 26.6061 24.3139 36.5133
threshold=0.78489147622370725 8.5000000000000018 17.500000000000004 0.79903846253236621 1.6013085909654918 0.37799082921034138 0.74603376622507156 0.70183934904956968 1.2720544174007282 0.80528797981997113 12.500000000000002 0.63376787386681077 0.091688262483832175 0.056753154002523627
decision_type=2 2 2 2 2 8 2 2 2 2 2 2 2 2
left_child=-1 -2 4 9 8 6 7 11 -3 -4 -10 -6 13 -9
right_child=1 2 3 -5 5 -7 -8 12 10 -11 -12 -13 -14 -15
leaf_value=-0.00047842523945490538 -0.0008581754363781081 -0.0083088893054333417 0.010317396753470614 -0.0062645763884374532 0.0069467554668345578 -0.0072144144719924787 0.01706576424401773 0.0023380127126005476 -0.0029566068279905885 0.00086363882836479843 0.0089586901102425929 0.022254069484770298 -0.0066609179804390161 0.015497623931023885
leaf_weight=17510 6937 334 306 975 215 308 339 1402 398 3741 313 202 208 215
leaf_count=17510 6937 334 306 975 215 308 339 1402 398 3741 313 202 208 215
internal_value=-4.91327e-06 0.000516762 0.00158162 6.05961e-05 0.00352077 0.0051927 0.00668437 0.00508018 -0.00110415 0.0015903 0.00231474 0.0145376 0.0028854 0.00413012
internal_weight=33403 15893 8956 5022 3934 2889 2581 2242 1045 4047 711 417 1825 1617
internal_count=33403 15893 8956 5022 3934 2889 2581 2242 1045 4047 711 417 1825 1617
is_linear=0
shrinkage=0.03


Tree=290
num_leaves=15
num_cat=0
split_feature=13 8 6 11 11 11 7 10 1 5 13 13 2 6
split_gain=9.33581 21.6982 46.7821 21.7632 22.1024 20.5472 16.7464 16.5422 14.939 11.8161 16.3392 32.0425 27.8491 24.5886
threshold=-1.0000000180025095e-35 -0.021205266934671677 0.035996812325222678 -0.30314020023617771 0.31297099362554642 -1.0000000180025095e-35 0.44615114323230065 1.4209126450039493 0.63969982870456843 1.0070524530150513 26.500000000000004 16.500000000000004 0.68965517241379437 -0.27268185951953222
decision_type=2 2 8 2 2 2 8 2 2 2 2 2 2 10
left_child=1 2 -1 6 7 -4 -3 -5 -6 10 11 13 -12 -2
right_child=9 3 5 4 8 -7 -8 -9 -10 -11 12 -13 -14 -15
leaf_value=-0.0081543414394780918 0.0092663342867578789 0.00038364251056369745 -0.0022549976768310776 0.00078707842301400238 0.0087738687119086854 0.0089684196974256798 0.010493633297006708 -0.010347065765410661 0.0010820561592909184 -0.00027699848750007436 -0.000275270144144694 -0.0058873502344920711 0.015087142410801677 0.00093522286721255566
leaf_weight=536 380 207 259 279 347 329 511 205 646 26905 220 517 200 1864
leaf_count=536 380 207 259 279 347 329 511 205 646 26905 220 517 200 1864
internal_value=9.42029e-05 0.00160293 -0.00178155 0.00333614 0.0012439 0.00404744 0.00760172 -0.00398641 0.00380042 -7.24744e-05 0.00165512 0.000810656 0.0071316 0.00236348
internal_weight=33405 3319 1124 2195 1477 588 718 484 993 30086 3181 2761 420 2244
internal_count=33405 3319 1124 2195 1477 588 718 484 993 30086 3181 2761 420 2244
is_linear=0
shrinkage=0.03


Tree=291
num_leaves=15
num_cat=0
split_feature=11 6 11 12 6 11 8 1 7 8 7 7 9 7
split_gain=14.0232 19.3962 9.46309 18.3 17.8453 12.2541 23.8201 11.6477 9.18624 20.435 11.0083 15.9078 9.24238 8.41977
threshold=-2.2813313261318302 -0.054652188130922867 -1.7435857400749577 -0.063396565963314763 0.012600826070973016 -1.5399948747858476 -0.024118930869914224 1.2922397810661836 -0.45442130527491881 0.0070500860724291309 -0.36044273470956872 -0.29430255133067468 1.6538159697392911 0.34576146618006087
decision_type=2 8 2 2 8 2 2 2 8 2 8 8 2 10
left_child=1 -1 3 -2 -5 6 -4 -8 9 -7 -10 -12 13 -13
right_child=2 -3 5 4 -6 8 7 -9 10 -11 11 12 -14 -15
leaf_value=0.011869186873025284 0.0037401673885151033 -0.0012183472832429756 0.012040311476636317 -0.0022260370197827403 -0.012438912411160925 0.008039016182652764 0.0045220307105792168 -0.0050651277872185187 -0.0053867210102043943 -0.0029918366294361281 0.0061262044849082356 -0.00095328119657295165 -0.005339759811116211 0.00010515979568749725
leaf_weight=200 247 201 212 455 230 353 233 214 374 258 344 10334 321 19560
leaf_count=200 247 201 212 455 230 353 233 214 374 258 344 10334 321 19560
internal_value=-0.000166792 0.00537489 -0.000234658 -0.00320662 -0.00572047 -0.000148161 0.00388513 -7.30524e-05 -0.000233025 0.00339467 -0.000305217 -0.000242155 -0.000315661 -0.000260829
internal_weight=33536 401 33135 932 685 32203 659 447 31544 611 30933 30559 30215 29894
internal_count=33536 401 33135 932 685 32203 659 447 31544 611 30933 30559 30215 29894
is_linear=0
shrinkage=0.03


Tree=292
num_leaves=15
num_cat=0
split_feature=8 1 6 10 7 6 7 6 9 9 13 2 3 9
split_gain=7.09113 28.0571 27.0441 23.2082 52.0647 37.5024 28.1797 24.0348 29.8107 25.1265 25.6282 23.4073 21.4005 19.462
threshold=-0.021540005687288342 0.76628485509079181 0.63484258877577859 2.0444330313145831 0.077352501472391866 0.22135998997283449 0.0074482717802208604 -0.01613754896407937 0.65711067635494791 1.0916942623444126 9.5000000000000018 0.63880006902498343 0.55950467003521542 0.71022430142827031
decision_type=2 2 10 2 8 10 8 8 2 2 2 2 2 2
left_child=1 12 3 6 -5 11 -3 13 -9 10 -10 -6 -1 -8
right_child=-2 2 -4 4 5 -7 7 8 9 -11 -12 -13 -14 -15
leaf_value=-0.0090283734279002249 -7.9318046335248405e-06 -0.0059283588048930714 -0.0082384751477194099 0.012123541232834502 -0.0029163086794718909 0.0061629669909226761 -0.0038469269252422019 0.012313713519328612 -0.0017512862132276063 0.01204679782065062 0.0065510838280325046 -0.010864767320038035 -0.0022253907779265871 0.0023022338392065284
leaf_weight=489 23676 387 325 200 926 277 697 382 853 233 544 521 2684 1357
leaf_count=489 23676 387 325 200 926 277 697 382 853 233 544 521 2684 1357
internal_value=-0.000289654 -0.000964756 0.000136023 0.000568944 -0.00218075 -0.00387044 0.00175811 0.00249609 0.00482225 0.0030343 0.00149354 -0.00580575 -0.00328637 0.000211316
internal_weight=33551 9875 6702 6377 1924 1724 4453 4066 2012 1630 1397 1447 3173 2054
internal_count=33551 9875 6702 6377 1924 1724 4453 4066 2012 1630 1397 1447 3173 2054
is_linear=0
shrinkage=0.03


Tree=293
num_leaves=15
num_cat=0
split_feature=5 9 13 7 9 7 6 9 9 9 6 6 5 7
split_gain=9.26083 19.8955 29.4254 29.379 23.2028 22.2952 20.7681 18.6597 14.279 20.7398 16.4571 30.4563 13.3976 12.015
threshold=1.0210373576258496 1.1009440835531203 26.500000000000004 1.0344896801720926 0.94802839846911258 0.558746440675157 -0.27268185951953222 0.63089202044894999 0.68288284800517174 0.73916364020584135 -0.16157370263177626 0.041031436265084216 1.0682970384612458 1.3292798466305153
decision_type=2 2 2 8 2 10 10 2 2 2 10 10 2 8
left_child=1 2 3 4 7 -3 -5 -1 -9 -10 -11 -12 -2 -8
right_child=12 5 -4 6 -6 -7 13 8 9 10 11 -13 -14 -15
leaf_value=-0.0074141047800983396 -0.0056808152832948334 0.012337717866531411 0.008570476896014095 0.012091717330945861 -0.0098632261929352105 -0.00015322373081476259 0.0070723001797993977 0.007497298412732948 -0.0078216109204460194 -0.0045700629328011538 0.012299139233956853 -0.0021756159626751498 -9.0845833465074804e-05 -0.0013852215742135975
leaf_weight=328 386 288 358 211 323 229 220 216 279 252 244 273 29486 457
leaf_count=328 386 288 358 211 323 229 220 216 279 252 244 273 29486 457
internal_value=1.09564e-05 0.00143035 0.000533442 -0.000506483 -0.00259652 0.00685651 0.00399004 -0.00109591 0.00056637 -0.000890958 0.00165783 0.00470817 -0.000164017 0.00139486
internal_weight=33550 3678 3161 2803 1915 517 888 1592 1264 1048 769 517 29872 677
internal_count=33550 3678 3161 2803 1915 517 888 1592 1264 1048 769 517 29872 677
is_linear=0
shrinkage=0.03


Tree=294
num_leaves=15
num_cat=0
split_feature=2 13 1 3 2 3 6 9 13 6 13 6 13 9
split_gain=9.43506 13.8587 13.5351 49.1506 25.7264 27.5814 13.0782 35.5544 31.9607 22.0412 16.8131 15.1478 17.8462 16.5504
threshold=0.75167914126956104 61.000000000000007 2.0955324074315569 0.94827586206896364 0.82417582417582491 0.85937499999999678 -0.054652188130922867 0.61125568729461066 27.500000000000004 -0.01355897580942955 1.0000000180025095e-35 -0.13547786022465688 8.5000000000000018 0.76380198271972366
decision_type=2 2 2 2 2 2 10 2 2 10 2 10 2 2
left_child=1 -1 6 4 5 -4 11 -8 9 -9 -11 -2 -13 -14
right_child=2 -3 3 -5 -6 -7 7 8 -10 10 -12 12 13 -15
leaf_value=0.00017173061840983361 -0.0016334235514849759 0.0072687087044119832 -0.0021680856736874901 0.014474252737927278 -0.0064028307592787709 0.011552202702584592 -0.01182365843907676 0.0066621155201274651 0.0083302590747397123 0.005732356269808509 -0.0027669368573607729 -0.012556010539790517 0.0033126931869706441 -0.0073105516608642498
leaf_weight=26270 1993 245 326 222 436 215 215 316 415 232 1815 280 210 340
leaf_count=26270 1993 245 326 222 436 215 215 316 415 232 1815 280 210 340
internal_value=-2.02151e-05 0.000238665 -0.000998193 0.00189855 -0.00101813 0.00334038 -0.00159649 -0.00021388 0.000704273 -0.000649796 -0.00179204 -0.00305939 -0.00645314 -0.0032611
internal_weight=33530 26515 7015 1199 977 541 5816 2993 2778 2363 2047 2823 830 550
internal_count=33530 26515 7015 1199 977 541 5816 2993 2778 2363 2047 2823 830 550
is_linear=0
shrinkage=0.03


Tree=295
num_leaves=15
num_cat=0
split_feature=8 11 11 7 8 13 13 9 12 10 12 10 11 1
split_gain=12.3088 29.022 30.809 29.5029 25.7282 24.7022 32.8485 24.634 21.2859 20.7909 20.6724 19.8186 37.2055 17.9364
threshold=-0.032359726921630451 -0.17688903907024514 -0.40243464560957948 2.1362402753823631 -0.031549748250407149 21.500000000000004 2.5000000000000004 0.8132286430370147 0.010188747943148448 1.71598011360905 -0.012413908824157825 1.5229129914186135 1.1208370103904624 1.3846975497098681
decision_type=2 2 2 8 2 2 2 2 2 2 2 2 2 2
left_child=1 2 7 5 -2 6 11 9 -9 -1 -11 -3 -13 -8
right_child=4 3 -4 -5 -6 -7 13 8 -10 10 -12 12 -14 -15
leaf_value=-0.0004884263928616445 -0.0095185704893686555 0.0027452084364679953 -0.0076970045950533472 -0.0073343796212209291 -0.00029629206187203758 0.013296332868292467 -0.0014887949748318965 -0.006142774694240221 0.003270185903277037 0.0027059878547354838 0.013767553084272596 0.01982160563098723 0.0025902600290530031 0.0050071166071793283
leaf_weight=713 270 355 506 216 27352 234 1094 676 313 404 242 252 204 582
leaf_count=713 270 355 506 216 27352 234 1094 676 313 404 242 252 204 582
internal_value=-0.000124466 0.00113248 -0.00102128 0.00322356 -0.000388145 0.00407359 0.00318089 0.000430656 -0.00316228 0.00304739 0.00692371 0.00811739 0.0122245 0.000775129
internal_weight=33413 5791 2854 2937 27622 2721 2487 2348 989 1359 646 811 456 1676
internal_count=33413 5791 2854 2937 27622 2721 2487 2348 989 1359 646 811 456 1676
is_linear=0
shrinkage=0.03


Tree=296
num_leaves=15
num_cat=0
split_feature=11 8 8 8 8 5 13 9 9 12 9 9 5 12
split_gain=6.88955 33.4423 31.1212 9.03201 27.8527 28.1417 22.1093 18.6255 25.1585 17.5313 27.2154 29.167 22.9014 24.6273
threshold=-1.8545869309529168 -0.0098207962041315811 0.018596133041696872 -0.033916676560666853 -0.03680438352159885 1.5485760914407674 21.500000000000004 0.71730534994329043 0.8132286430370147 -0.079899743667381937 0.66225455655949006 0.89642051988333538 2.9305097270815446 0.0089563790457749554
decision_type=2 2 2 2 2 2 2 2 2 2 2 2 2 2
left_child=1 -1 -3 4 5 7 9 -2 -9 -7 -11 12 13 -12
right_child=3 2 -4 -5 -6 6 -8 8 -10 10 11 -13 -14 -15
leaf_value=-0.0074288700255177292 -0.0081165070903588491 0.0095033150575002528 -0.0056740769478336476 -0.00028391115976188295 0.0063382531646976447 -0.0044352570416564055 0.009768557854030014 0.00659918339459044 -0.0046560597144776868 0.0096078404176226824 -0.0035161274325194928 0.0048719479708479382 -0.0088740548996681431 0.0081572424976193176
leaf_weight=571 493 287 204 27535 768 454 275 272 499 351 479 801 353 240
leaf_count=571 493 287 204 27535 768 454 275 272 499 351 479 801 353 240
internal_value=-0.000148977 -0.00252103 0.0032038 -7.11374e-05 0.00110324 0.000143463 0.00174659 -0.00359393 -0.000668402 0.000906152 0.00200403 0.000557293 -0.00267427 0.000409833
internal_weight=33582 1062 491 32520 4985 4217 2953 1264 771 2678 2224 1873 1072 719
internal_count=33582 1062 491 32520 4985 4217 2953 1264 771 2678 2224 1873 1072 719
is_linear=0
shrinkage=0.03


Tree=297
num_leaves=15
num_cat=0
split_feature=2 6 5 13 13 13 13 12 9 5 14 9 2 10
split_gain=8.34337 22.2675 10.5373 8.06396 11.1994 11.0112 12.5476 16.9061 13.7816 14.1005 16.8131 12.023 13.0718 11.8859
threshold=0.9205621086355088 -0.12207273330400385 2.4335310865527457 61.000000000000007 56.500000000000007 49.500000000000007 41.500000000000007 -0.010085923138601792 0.55791268308252273 1.5048063184104126 1.0000000180025095e-35 0.57981798101528637 0.56276603452336149 0.62361439721567657
decision_type=2 8 2 2 2 2 2 2 2 2 2 2 2 2
left_child=3 -2 -3 4 5 6 8 -8 9 -1 -11 12 -10 -13
right_child=1 2 -4 -5 -6 -7 7 -9 11 10 -12 13 -14 -15
leaf_value=-0.0073748825651568338 -0.0043317900689035516 0.012395450973656118 0.002771190173456162 0.0044790109827493631 -0.0047146266694324257 0.0051136321270748384 0.0008966585020305681 -0.0089511923639556609 0.0092114844144536891 0.0047483766554413656 -0.0048644367078660242 -0.0068509921126744958 -0.00050893553033023434 0.00014813645564713921
leaf_weight=439 212 200 212 355 449 374 300 322 268 299 350 215 228 29430
leaf_count=439 212 200 212 355 449 374 300 322 268 299 350 215 228 29430
internal_value=7.87463e-05 0.00350146 0.00753577 1.35626e-05 -3.5632e-05 3.02831e-05 -3.01998e-05 -0.00423215 5.41562e-05 -0.00325509 -0.000433285 0.00017413 0.00478274 9.62286e-05
internal_weight=33653 624 412 33029 32674 32225 31851 622 31229 1088 649 30141 496 29645
internal_count=33653 624 412 33029 32674 32225 31851 622 31229 1088 649 30141 496 29645
is_linear=0
shrinkage=0.03


Tree=298
num_leaves=15
num_cat=0
split_feature=0 13 1 13 1 0 11 11 6 7 7 5 0 7
split_gain=7.91863 22.0984 8.26561 24.4712 17.4338 20.3379 16.4235 29.1069 20.9112 16.1847 25.3631 30.8106 24.4508 34.114
threshold=0.45206898837852921 9.5000000000000018 1.1546036904871058 49.500000000000007 1.2453682652897697 0.49603710498074444 0.27658297887166255 -0.31414581634235589 -0.061303147947581065 0.62270431077069222 0.65188235619794799 3.6697937125040245 0.49997438558080015 1.8722322605013237
decision_type=2 2 2 2 2 2 2 2 8 8 10 2 2 10
left_child=1 -1 3 -2 5 -4 7 -7 -8 -6 -11 12 13 -12
right_child=2 -3 4 -5 9 6 8 -9 -10 10 11 -13 -14 -15
leaf_value=0.0093718248443476829 -0.00040113662820911072 -0.0032409744340542185 -0.0024561229282791942 0.0097532928651586793 -0.00090937852822963025 0.0072163513984206474 0.0031597919409495105 -0.0054886616852393363 0.015396034377575142 0.0097861084976659102 0.0049736434631575165 0.0082307569117824487 -0.0010508716819749018 -0.0056879381754892733
leaf_weight=282 19192 218 371 211 5514 431 242 254 264 297 1539 470 3954 323
leaf_count=282 19192 218 371 211 5514 431 242 254 264 297 1539 470 3954 323
internal_value=0.000166704 0.003895 0.00010974 -0.000288227 0.000674962 0.00365237 0.0055575 0.00249966 0.0096321 0.00028916 0.001293 0.000884259 0.000284017 0.00311391
internal_weight=33562 500 33062 19403 13659 1562 1191 685 506 12097 6583 6286 5816 1862
internal_count=33562 500 33062 19403 13659 1562 1191 685 506 12097 6583 6286 5816 1862
is_linear=0
shrinkage=0.03


Tree=299
num_leaves=15
num_cat=0
split_feature=11 9 3 5 3 2 12 11 1 1 8 8 8 1
split_gain=8.97509 26.4284 24.6887 18.6932 18.6029 16.7243 21.3363 16.2075 15.6729 23.6804 24.6055 14.6634 16.332 13.4075
threshold=1.448937827350667 0.68081377949876343 0.51041666666666674 3.5265138014853368 0.76729559748427589 0.42986555172979596 -0.046858077341513697 1.406058744777541 0.91570099467207788 0.75188221905415409 0.012277650184249736 -0.031210885248551951 -0.0010060928196859269 1.6505384509264056
decision_type=2 2 2 2 2 2 2 2 2 2 2 2 2 2
left_child=7 4 3 -3 -2 -4 -7 -1 9 10 -8 -10 -13 -14
right_child=1 2 5 -5 -6 6 8 -9 11 -11 -12 12 13 -15
leaf_value=-4.3515008188953746e-05 -0.012711225198299595 0.0011993002643573072 -0.0054440805262829118 0.012320583158967698 -0.00095411305099513859 -0.006978799430975618 0.0081526412412488043 0.0072478850513851322 0.0062352542797832382 0.011943564626229244 -0.00570483410533674 -0.007626147032431441 -0.0027631620917028545 0.0056567229295750995
leaf_weight=28898 292 408 781 200 206 369 201 272 202 241 257 364 499 252
leaf_count=28898 292 408 781 200 206 369 201 272 202 241 257 364 499 252
internal_value=-0.000162466 -0.00144586 -0.000584123 0.00492827 -0.00790567 -0.00164883 -0.000397231 2.57052e-05 0.000821716 0.00443593 0.000399088 -0.00110606 -0.00245795 8.08784e-05
internal_weight=33442 4272 3774 608 498 3166 2385 29170 2016 699 458 1317 1115 751
internal_count=33442 4272 3774 608 498 3166 2385 29170 2016 699 458 1317 1115 751
is_linear=0
shrinkage=0.03


end of trees

feature_importances:
breadth=523
ret30=446
cvd20=361
atr_ratio=343
approach=301
rs7=282
effort=275
close_loc=271
vol_ratio=253
stop_atr=253
aggr=249
body=236
range10=223
brk_atr=142
with_trend2=42

parameters:
[boosting: gbdt]
[objective: regression]
[metric: l2]
[tree_learner: serial]
[device_type: cpu]
[data_sample_strategy: bagging]
[data: ]
[valid: ]
[num_iterations: 300]
[learning_rate: 0.03]
[num_leaves: 15]
[num_threads: 0]
[seed: 7]
[deterministic: 0]
[force_col_wise: 0]
[force_row_wise: 0]
[histogram_pool_size: -1]
[max_depth: -1]
[min_data_in_leaf: 200]
[min_sum_hessian_in_leaf: 0.001]
[bagging_fraction: 0.8]
[pos_bagging_fraction: 1]
[neg_bagging_fraction: 1]
[bagging_freq: 1]
[bagging_seed: 17422]
[bagging_by_query: 0]
[feature_fraction: 0.8]
[feature_fraction_bynode: 1]
[feature_fraction_seed: 7040]
[extra_trees: 0]
[extra_seed: 6516]
[early_stopping_round: 0]
[early_stopping_min_delta: 0]
[first_metric_only: 0]
[max_delta_step: 0]
[lambda_l1: 0]
[lambda_l2: 5]
[linear_lambda: 0]
[min_gain_to_split: 0]
[drop_rate: 0.1]
[max_drop: 50]
[skip_drop: 0.5]
[xgboost_dart_mode: 0]
[uniform_drop: 0]
[drop_seed: 15215]
[top_rate: 0.2]
[other_rate: 0.1]
[min_data_per_group: 100]
[max_cat_threshold: 32]
[cat_l2: 10]
[cat_smooth: 10]
[max_cat_to_onehot: 4]
[top_k: 20]
[monotone_constraints: ]
[monotone_constraints_method: basic]
[monotone_penalty: 0]
[feature_contri: ]
[forcedsplits_filename: ]
[refit_decay_rate: 0.9]
[cegb_tradeoff: 1]
[cegb_penalty_split: 0]
[cegb_penalty_feature_lazy: ]
[cegb_penalty_feature_coupled: ]
[path_smooth: 0]
[interaction_constraints: ]
[verbosity: -1]
[saved_feature_importance_type: 0]
[use_quantized_grad: 0]
[num_grad_quant_bins: 4]
[quant_train_renew_leaf: 0]
[stochastic_rounding: 1]
[linear_tree: 0]
[max_bin: 255]
[max_bin_by_feature: ]
[min_data_in_bin: 3]
[bin_construct_sample_cnt: 200000]
[data_random_seed: 61]
[is_enable_sparse: 1]
[enable_bundle: 1]
[use_missing: 1]
[zero_as_missing: 0]
[feature_pre_filter: 1]
[pre_partition: 0]
[two_round: 0]
[header: 0]
[label_column: ]
[weight_column: ]
[group_column: ]
[ignore_column: ]
[categorical_feature: ]
[forcedbins_filename: ]
[precise_float_parser: 0]
[parser_config_file: ]
[objective_seed: 15521]
[num_class: 1]
[is_unbalance: 0]
[scale_pos_weight: 1]
[sigmoid: 1]
[boost_from_average: 1]
[reg_sqrt: 0]
[alpha: 0.9]
[fair_c: 1]
[poisson_max_delta_step: 0.7]
[tweedie_variance_power: 1.5]
[lambdarank_truncation_level: 30]
[lambdarank_norm: 1]
[label_gain: ]
[lambdarank_position_bias_regularization: 0]
[eval_at: ]
[multi_error_top_k: 1]
[auc_mu_weights: ]
[num_machines: 1]
[local_listen_port: 12400]
[time_out: 120]
[machine_list_filename: ]
[machines: ]
[gpu_platform_id: -1]
[gpu_device_id: -1]
[gpu_device_id_list: ]
[gpu_use_dp: 0]
[num_gpu: 1]

end of parameters

pandas_categorical:[]
