tree
version=v4
num_class=1
num_tree_per_iteration=1
label_index=0
max_feature_idx=14
objective=regression
feature_names=aggr vol_ratio body close_loc brk_atr stop_atr ret30 effort cvd20 atr_ratio range10 approach rs7 breadth with_trend2
feature_infos=[0.11856658309983778:0.91020731263772703] [0.11414820779369274:191.02219613328032] [0:1] [0:1] [2.8500889661794172e-15:5.0672432487762586] [0.30045451537127238:3.9999578713050594] [-0.99332570120206065:9.0485886163813056] [-1.8572204839982489:6.8971342385928098] [-0.24743080758222488:0.26609345462199235] [0.05435408453210494:5.7101017569435939] [0.26169920041860828:5.9495239131914763] [-5.6283514570481588:4.9320118051689787] [-3.2022287808389502:2.9217883610669872] [-94:128] [0:1]
tree_sizes=1513 1546 1532 1552 1547 1514 1558 1557 1532 1549 1512 1545 1580 1569 1557 1514 1573 1531 1536 1575 1498 1517 1491 1526 1547 1572 1559 1556 1561 1532 1547 1583 1525 1558 1556 1545 1534 1530 1535 1546 1532 1561 1565 1531 1542 1548 1573 1555 1552 1548 1565 1538 1563 1548 1516 1558 1523 1549 1572 1522 1545 1542 1553 1536 1546 1531 1533 1547 1508 1544 1576 1571 1549 1498 1542 1527 1534 1560 1520 1528 1575 1545 1564 1558 1515 1551 1558 1530 1535 1584 1513 1519 1533 1548 1520 1526 1555 1552 1526 1548 1532 1537 1511 1530 1558 1538 1538 1519 1554 1531 1504 1516 1511 1492 1532 1539 1552 1536 1551 1538 1536 1572 1534 1531 1514 1527 1549 1528 1546 1554 1532 1541 1528 1533 1541 1550 1528 1516 1531 1506 1535 1528 1498 1532 1511 1537 1553 1540 1534 1526 1503 1548 1537 1545 1541 1535 1546 1521 1539 1562 1535 1518 1526 1554 1515 1536 1524 1520 1537 1525 1528 1562 1506 1511 1503 1538 1513 1522 1563 1512 1538 1522 1519 1526 1530 1536 1526 1547 1521 1523 1517 1536 1509 1517 1522 1519 1546 1541 1512 1525 1539 1547 1526 1537 1537 1528 1515 1531 1512 1507 1516 1501 1536 1519 1524 1549 1520 1525 1498 1541 1525 1536 1530 1535 1534 1516 1563 1514 1502 1528 1505 1522 1518 1524 1546 1516 1542 1566 1525 1540 1514 1554 1543 1544 1506 1524 1526 1524 1542 1487 1518 1544 1511 1553 1513 1505 1548 1515 1538 1504 1540 1520 1532 1569 1546 1508 1533 1497 1509 1528 1524 1534 1522 1540 1518 1547 1519 1535 1538 1512 1517 1524 1523 1548 1553 1519 1521 1530 1559 1505 1522 1523 1514 1523 1516 1553 1534 1541 1541 1533

Tree=0
num_leaves=15
num_cat=0
split_feature=8 8 13 11 14 12 13 8 13 12 13 0 11 13
split_gain=948.948 237.039 164.681 837.076 126.197 184.972 130.041 184.56 131.022 122.299 116.43 91.2765 87.0849 76.0595
threshold=0.017566079871188075 -0.039612250868978398 95.000000000000014 -0.37935237368956976 1.0000000180025095e-35 0.16755081458644153 39.500000000000007 0.054295560144002365 44.500000000000007 0.04237207985101716 14.500000000000002 0.52613224269301095 -0.93299783522926971 17.500000000000004
decision_type=2 2 2 2 2 2 2 2 2 2 2 2 2 2
left_child=1 -1 10 -4 -2 6 9 8 -8 13 -3 -12 -10 -6
right_child=4 2 3 -5 5 -7 7 -9 12 -11 11 -13 -14 -15
leaf_value=0.0082915177243098916 0.014849658550847977 0.010965464304901446 0.068883608861383713 -0.013330799497798649 0.014697089309976973 0.0073862128212712702 0.036997120917897836 0.045540416434097418 0.033269207308889145 0.021083166421827736 0.011769997423424649 0.015373174936632525 0.011571895033334369 0.020056483192517287
leaf_weight=20491 22322 48545 231 207 8745 1374 358 361 204 7304 13385 11992 816 3274
leaf_count=20491 22322 48545 231 207 8745 1374 358 361 204 7304 13385 11992 816 3274
internal_value=0.0128471 0.011148 0.0119354 0.0301723 0.0164474 0.0180362 0.0187321 0.0265822 0.0215153 0.0180222 0.0118262 0.0134729 0.01599 0.0161594
internal_weight=139609 94851 74360 438 44758 22436 21062 1739 1378 19323 73922 25377 1020 12019
internal_count=139609 94851 74360 438 44758 22436 21062 1739 1378 19323 73922 25377 1020 12019
is_linear=0
shrinkage=1


Tree=1
num_leaves=15
num_cat=0
split_feature=8 8 6 13 11 14 9 13 8 13 13 13 13 5
split_gain=889.206 263.426 222.198 187.227 741.757 160.508 222.07 117.666 196.269 104.951 92.623 91.1151 87.181 87.6364
threshold=0.017566079871188075 -0.039612250868978398 -0.42142425369539133 95.000000000000014 -0.52583350342751578 1.0000000180025095e-35 1.0718119608790244 39.500000000000007 0.054295560144002365 37.500000000000007 36.500000000000007 42.500000000000007 14.500000000000002 2.6185026565160636
decision_type=2 2 10 2 2 2 2 2 2 2 2 2 2 2
left_child=1 -1 -2 12 -5 6 9 10 11 -4 -7 -9 -3 -14
right_child=2 3 5 4 -6 7 -8 8 -10 -11 -12 -13 13 -15
leaf_value=-0.0047522138327363676 -0.0054483478507268189 -0.0017755480420904453 0.0029249904583764134 0.054666117512727083 -0.023263748160120352 0.0053535111259325387 -0.0032218788284049307 0.025489598434666725 0.033149004108952669 0.010302583852809778 -0.011574131080226317 0.0046044771609478124 -0.00080394383299691135 0.0029922546232957919
leaf_weight=20582 2428 48774 14607 232 201 18617 5355 221 351 1966 291 1140 17346 7990
leaf_count=20582 2428 48774 14607 232 201 18617 5355 221 351 1966 291 1140 17346 7990
internal_value=-0.000104804 -0.0017482 0.00337081 -0.000918496 0.0186382 0.00387465 0.00208713 0.00577459 0.0132987 0.00380301 0.00509 0.0080767 -0.00103401 0.000393585
internal_weight=140101 95125 44976 74543 433 42548 21928 20620 1712 16573 18908 1361 74110 25336
internal_count=140101 95125 44976 74543 433 42548 21928 20620 1712 16573 18908 1361 74110 25336
is_linear=0
shrinkage=0.03


Tree=2
num_leaves=15
num_cat=0
split_feature=8 8 6 13 11 13 13 6 13 13 8 12 13 2
split_gain=877.067 261.544 197.519 167.132 235.5 488.151 302.634 140.631 173.753 198.132 171.082 107.498 100.728 91.3624
threshold=0.017566079871188075 -0.039612250868978398 -0.42142425369539133 39.500000000000007 -0.26017180225603603 95.000000000000014 71.000000000000014 0.010913398558096034 39.500000000000007 82.500000000000014 0.054295560144002365 0.16755081458644153 57.500000000000007 0.6984126984126976
decision_type=2 2 10 2 2 2 2 10 2 2 2 2 2 2
left_child=1 -1 -2 -3 5 -5 11 8 -4 10 12 13 -10 -6
right_child=2 3 7 4 6 -7 -8 -9 9 -11 -12 -13 -14 -15
leaf_value=-0.0045734367339753425 -0.0048237033144666831 -0.0011385310616306384 0.0048448519134026043 0.0067847894620740364 -0.00027680725344224821 0.051677539763443262 -0.020343884427403099 0.0022320180434850403 0.0079980013739177069 -0.013665298099078021 0.034739630196187921 -0.014412562675944721 0.02819956601426845 0.012632572327113508
leaf_weight=20525 2412 69368 19618 2144 1007 238 595 20753 1055 201 397 257 279 962
leaf_count=20525 2412 69368 19618 2144 1007 238 595 20753 1055 201 397 257 279 962
internal_value=5.43288e-05 -0.00157501 0.00351925 -0.000749464 0.00443381 0.0113691 -0.00143201 0.00399545 0.00569276 0.0142679 0.0175414 0.00365732 0.0123126 0.00604639
internal_weight=139811 95096 44715 74571 5203 2382 2821 42303 21550 1932 1731 2226 1334 1969
internal_count=139811 95096 44715 74571 5203 2382 2821 42303 21550 1932 1731 2226 1334 1969
is_linear=0
shrinkage=0.03


Tree=3
num_leaves=15
num_cat=0
split_feature=8 8 13 6 6 9 13 13 6 9 6 8 12 0
split_gain=879.525 207.009 176.223 158.554 158.059 226.995 142.803 150.706 142.347 134.736 109.144 102.085 89.368 88.0861
threshold=0.017566079871188075 -0.019785837690491821 75.500000000000014 -0.42142425369539133 0.0080469784561263431 0.97892562595839228 39.500000000000007 82.500000000000014 -0.53635489384601454 0.88658657826639753 0.28684041344263905 0.054295560144002365 0.025577719315888817 0.52940334037989223
decision_type=2 2 2 10 10 2 2 2 8 2 10 2 2 2
left_child=1 2 8 -2 6 -6 12 11 -1 -10 -11 13 -5 -8
right_child=3 -3 -4 4 5 -7 7 -9 9 10 -12 -13 -14 -15
leaf_value=0.016643548463910536 -0.0040265445339068857 -0.000404305162496982 0.022640516005330166 0.0029515096956171257 0.0042953756537367823 -0.0022453013216886561 0.001848812469281256 -0.01058243367873447 -0.0050013974773184828 -0.00056335158452946619 -0.0066308708463005258 0.029887639281246089 0.0070184878654887253 0.017838300266737737
leaf_weight=313 2433 51778 231 10318 13503 7383 475 208 23890 15554 3216 382 9214 895
leaf_count=313 2433 51778 231 10318 13503 7383 475 208 23890 15554 3216 382 9214 895
internal_value=-4.92766e-05 -0.00168372 -0.00321683 0.00341492 0.00384258 0.00198333 0.00564852 0.013361 -0.00335844 -0.00350713 -0.00160443 0.0162256 0.00487137 0.0123214
internal_weight=139793 94982 43204 44811 42378 20886 21492 1960 42973 42660 18770 1752 19532 1370
internal_count=139793 94982 43204 44811 42378 20886 21492 1960 42973 42660 18770 1752 19532 1370
is_linear=0
shrinkage=0.03


Tree=4
num_leaves=15
num_cat=0
split_feature=8 8 13 11 12 12 14 13 9 9 5 2 11 8
split_gain=808.934 184.781 122.98 689.926 98.8107 113.587 102.552 90.2908 106.937 80.6108 79.5116 87.1517 70.8647 75.2913
threshold=0.017566079871188075 -0.039612250868978398 95.000000000000014 -0.37935237368956976 0.1809295201457142 0.046648656909582704 1.0000000180025095e-35 31.500000000000004 1.1181428734679872 0.76839154452192027 2.6077138570684935 0.87500000000000566 1.9924509634545571 0.051407061647920117
decision_type=2 2 2 2 2 2 2 2 2 2 2 2 2 2
left_child=1 9 10 -4 5 -2 7 -7 -9 -1 -3 -12 13 -8
right_child=4 2 3 -5 -6 6 12 8 -10 -11 11 -13 -14 -15
leaf_value=-0.0068516635924793763 0.0025937235802056258 -0.0016634750979173142 0.051203848228580623 -0.024311226893748556 -0.0038177644875751569 0.00059640161347538603 0.0070175435769977458 0.01538100876129276 -0.008165572188558623 -0.0028071500044679247 -0.00012419560290409881 0.0062421198134898397 -0.0031375741730385437 0.013943498087171222
leaf_weight=6487 30287 49282 222 205 1676 4035 5419 826 216 14044 22772 2110 471 1920
leaf_count=6487 30287 49282 222 205 1676 4035 5419 826 216 14044 22772 2110 471 1920
internal_value=-4.73969e-07 -0.00156649 -0.000872654 0.0150878 0.00332067 0.0035982 0.00595698 0.0026341 0.0104843 -0.00408642 -0.000965557 0.000416815 0.008114 0.00883774
internal_weight=139972 95122 74591 427 44850 43174 12887 5077 1042 20531 74164 24882 7810 7339
internal_count=139972 95122 74591 427 44850 43174 12887 5077 1042 20531 74164 24882 7810 7339
is_linear=0
shrinkage=0.03


Tree=5
num_leaves=15
num_cat=0
split_feature=13 12 2 13 3 0 10 13 11 13 13 10 5 9
split_gain=258.905 298.396 223.17 281.811 212.171 158.289 126.386 168.938 142.384 177.991 132.604 127.153 106.015 98.7927
threshold=39.500000000000007 0.16755081458644153 0.57971014492753403 47.500000000000007 0.70103092783505072 0.55055626622827458 1.9863054668153215 53.500000000000007 -1.4078937785325407 46.500000000000007 42.500000000000007 2.6222250942053598 1.2608445522945715 0.76428083658191703
decision_type=2 2 2 2 2 2 2 2 2 2 2 2 2 2
left_child=5 2 3 4 -2 13 10 8 -8 -10 -4 -9 -7 -1
right_child=1 -3 6 -5 -6 12 7 11 9 -11 -12 -13 -14 -15
leaf_value=-0.0026808832698686108 0.02490104918322221 -0.013043500036441755 0.016272533016825658 -0.011861928340292325 -0.0044851988260032373 -0.0023976119462741394 -0.011964693017018382 0.014645836229911585 0.019686929958516296 -0.0056892554675702185 0.0033250044186753655 0.03569387641655547 0.0019814793086165715 -0.000465461073083117
leaf_weight=24688 441 797 861 1228 436 5932 282 706 782 361 4026 415 30736 68022
leaf_count=24688 441 797 861 1228 436 5932 282 706 782 361 4026 415 30736 68022
internal_value=-3.05364e-05 0.00453757 0.00601272 -0.00260562 0.0103491 -0.000395608 0.00845351 0.0138699 0.00697726 0.0116824 0.00562042 0.0225618 0.00127282 -0.00105552
internal_weight=139713 10335 9538 2105 877 129378 7433 2546 1425 1143 4887 1121 36668 92710
internal_count=139713 10335 9538 2105 877 129378 7433 2546 1425 1143 4887 1121 36668 92710
is_linear=0
shrinkage=0.03


Tree=6
num_leaves=15
num_cat=0
split_feature=8 8 13 6 6 13 9 3 6 9 13 9 6 12
split_gain=712.937 201.601 235.289 128.959 117.961 163.269 129.235 117.872 103.274 94.0601 106.12 110.05 97.3947 83.0199
threshold=0.023984975594457048 -0.016454339884773187 75.500000000000014 -0.42142425369539133 -0.0054373605542540329 39.500000000000007 0.97629456371638534 0.94845360824742853 -0.53635489384601454 0.79051033767671852 38.500000000000007 0.64506280678259775 0.30004037275885159 -0.024952558413009748
decision_type=2 2 2 10 10 2 2 2 8 2 2 2 10 2
left_child=1 2 8 -2 5 -5 13 -7 -1 10 -10 -12 -11 -6
right_child=3 -3 -4 4 6 7 -8 -9 9 12 11 -13 -14 -15
leaf_value=0.012817605966107643 -0.0039125040703490606 -2.7137201640071002e-05 0.025345271636745822 0.0048972478224097952 0.0076073441645247708 0.011632579116244341 -0.0010398971352631463 0.035130602402398278 -0.0053732961037860827 -0.0012599090461519742 0.020838366190346728 -0.002210429454975522 -0.0058890312936498374 0.0023404854221044549
leaf_weight=371 1933 55516 263 14912 4227 1373 6445 221 15457 25840 278 544 4856 7429
leaf_count=371 1933 55516 263 14912 4227 1373 6445 221 15457 25840 278 544 4856 7429
internal_value=2.03573e-05 -0.00125552 -0.00268776 0.00362088 0.00404217 0.00587617 0.00236861 0.0149901 -0.00284614 -0.0029712 -0.00481443 0.00566352 -0.00199306 0.00425293
internal_weight=139665 103125 47609 36540 34607 16506 18101 1594 47346 46975 16279 822 30696 11656
internal_count=139665 103125 47609 36540 34607 16506 18101 1594 47346 46975 16279 822 30696 11656
is_linear=0
shrinkage=0.03


Tree=7
num_leaves=15
num_cat=0
split_feature=8 13 11 13 13 6 8 9 6 14 13 9 14 13
split_gain=666.574 198.225 228.106 441.97 271.232 180.878 155.905 154.201 131.462 126.9 132.194 126.5 131.324 145.542
threshold=0.017566079871188075 39.500000000000007 -0.26017180225603603 95.000000000000014 72.500000000000014 -0.42142425369539133 -0.017287247841511869 0.76839154452192027 0.30004037275885159 1.0000000180025095e-35 44.500000000000007 0.85206774053284295 1.0000000180025095e-35 53.500000000000007
decision_type=2 2 2 2 2 10 2 2 10 2 2 2 2 2
left_child=1 6 3 -3 9 -2 7 -1 -9 -4 -11 -7 -13 -14
right_child=5 2 4 -5 -6 11 -8 8 -10 10 -12 12 13 -15
leaf_value=-0.0056745098597543019 -0.0048984077839277114 0.0062369595595312436 0.0089407388093835638 0.046295728944039535 -0.020061643307442902 0.0053970437862961287 -0.00047437680265670481 -0.00097536334062473472 -0.0062741870189982982 0.0095682249488521758 -0.011797235278327349 5.1005197038931555e-05 0.0039265496604579909 0.02512323264600709
leaf_weight=13405 2425 2460 1341 271 577 18306 44508 26205 5017 389 767 13036 10623 295
leaf_count=13405 2425 2460 1341 271 577 18306 44508 26205 5017 389 767 13036 10623 295
internal_value=4.11357e-05 -0.00138092 0.00398838 0.0102894 -0.00161716 0.00306233 -0.00173081 -0.0029837 -0.00182769 0.00267652 -0.0045974 0.00351967 0.00208412 0.00451051
internal_weight=139625 94940 5805 2731 3074 44685 89135 44627 31222 2497 1156 42260 23954 10918
internal_count=139625 94940 5805 2731 3074 44685 89135 44627 31222 2497 1156 42260 23954 10918
is_linear=0
shrinkage=0.03


Tree=8
num_leaves=15
num_cat=0
split_feature=8 8 6 13 12 13 13 11 9 10 13 7 13 14
split_gain=665.397 195.259 130.747 102.282 195.445 134.442 137.738 104.973 104.321 100.541 138.988 98.7543 119.612 99.2003
threshold=0.023546866251126081 -0.039612250868978398 -0.42142425369539133 39.500000000000007 0.16755081458644153 95.000000000000014 46.500000000000007 -1.1268773167639614 1.2125084902709713 2.6040414716500342 72.500000000000014 -0.080704338666902339 59.500000000000007 1.0000000180025095e-35
decision_type=2 2 10 2 2 2 2 2 2 2 2 8 2 2
left_child=1 -1 -2 -3 5 6 7 -5 9 10 11 13 -13 -8
right_child=2 3 -4 4 -6 -7 8 -9 -10 -11 -12 12 -14 -15
leaf_value=-0.003928295238149266 -0.0041751420897775844 -0.00094358112272627931 0.003805726044092809 -0.0089183755455610574 -0.014931833683115589 0.022753592934168409 0.027595066890078648 0.012652892700401003 -0.020193046257238497 0.020876686158268133 -0.012258328688372899 -0.0042821166467806584 0.016481055720686148 0.00069905184173679096
leaf_weight=20417 1946 76248 35129 228 487 347 262 1641 215 212 661 1262 306 230
leaf_count=20417 1946 76248 35129 228 487 347 262 1641 215 212 661 1262 306 230
internal_value=-5.76114e-05 -0.00130322 0.00338632 -0.000650192 0.00317069 0.0048266 0.00356526 0.0100046 -0.000267666 0.00122482 -0.00034179 0.00350234 -0.000190612 0.0151553
internal_weight=139591 102516 37075 82099 5851 5364 5017 1869 3148 2933 2721 2060 1568 492
internal_count=139591 102516 37075 82099 5851 5364 5017 1869 3148 2933 2721 2060 1568 492
is_linear=0
shrinkage=0.03


Tree=9
num_leaves=15
num_cat=0
split_feature=8 13 13 9 14 8 12 13 3 9 9 13 0 10
split_gain=607.762 262.651 145.345 122.327 116.955 112.576 105.062 132.855 202.78 85.8279 79.0334 78.6663 72.9962 63.4133
threshold=0.0038798632807384684 95.000000000000014 114.00000000000001 0.88852876161735661 1.0000000180025095e-35 0.028212583899926282 -0.04366241670257353 38.500000000000007 0.84000000000000974 1.3144142936588432 0.55489946484526265 43.500000000000007 0.54518071361133713 1.4530160958418505
decision_type=2 2 2 2 2 2 2 2 2 2 2 2 2 2
left_child=1 3 5 6 -5 10 -1 -8 11 -7 -2 -9 -10 -6
right_child=2 -3 -4 4 13 9 7 8 12 -11 -12 -13 -14 -15
leaf_value=-0.0050647025892846557 0.011353331714059077 0.023961323101189588 -0.023105393136419902 0.00082041808274061043 -0.0058681063428742426 0.0038318215800516816 -0.0024055407909547087 0.035917681056425108 -0.0086259685614719413 -0.0032379317761618404 0.00071878107609757175 0.011727681767803673 0.011157740729770833 -0.0014476904361748735
leaf_weight=15116 637 348 200 20123 4125 29912 25353 213 515 1626 31026 289 243 9993
leaf_count=15116 637 348 200 20123 4125 29912 25353 213 515 1626 31026 289 243 9993
internal_value=-5.40262e-05 -0.00185738 0.00211671 -0.00197722 -0.000648132 0.00219835 -0.00306761 -0.00193253 0.007557 0.00346687 0.000934487 0.0222446 -0.00225214 -0.00274087
internal_weight=139719 76318 63401 75970 34241 63201 41729 26613 1260 31538 31663 502 758 14118
internal_count=139719 76318 63401 75970 34241 63201 41729 26613 1260 31538 31663 502 758 14118
is_linear=0
shrinkage=0.03


Tree=10
num_leaves=15
num_cat=0
split_feature=13 12 2 13 3 0 9 10 13 13 11 4 6 9
split_gain=262.269 239.237 203.959 291.24 152.877 130.044 98.5963 94.4703 159.443 123.384 277.417 126.572 105.647 93.5869
threshold=39.500000000000007 0.16755081458644153 0.57971014492753403 47.500000000000007 0.70370370370370283 0.52533442903356009 1.0533832110916361 2.7612196869537065 53.500000000000007 71.000000000000014 -0.33721383417477407 0.74472563546066695 -0.61063753863801618 0.74247697329248485
decision_type=2 2 2 2 2 2 2 2 2 2 2 2 10 2
left_child=5 2 3 4 -2 13 -5 9 -9 12 11 -11 -4 -1
right_child=1 -3 7 6 -6 -7 -8 8 -10 10 -12 -13 -14 -15
leaf_value=-0.0034741608044549926 0.022988031123014011 -0.0112582493957862 -0.011812082960957534 -0.0053064892529486561 -0.0020864989616396559 0.00053451763182849846 -0.022993381413476618 0.00099250206761514605 0.032664789107715725 0.0045209713156630351 -0.012227694114304898 0.033069688672243157 0.010145310831696671 -0.00074122781153826379
leaf_weight=14623 449 788 201 791 421 65600 441 242 346 405 802 210 5169 49249
leaf_count=14623 449 788 201 791 421 65600 441 242 346 405 802 210 5169 49249
internal_value=-3.76096e-05 0.004577 0.00589892 -0.00234043 0.0109117 -0.000403635 -0.0117049 0.00824727 0.0197479 0.0072371 -0.000635842 0.0144574 0.00931322 -0.00136713
internal_weight=139737 10265 9477 2102 870 129472 1232 7375 588 6787 1417 615 5370 63872
internal_count=139737 10265 9477 2102 870 129472 1232 7375 588 6787 1417 615 5370 63872
is_linear=0
shrinkage=0.03


Tree=11
num_leaves=15
num_cat=0
split_feature=8 8 13 12 13 13 14 6 5 12 14 9 13 9
split_gain=536.766 182.593 124.548 228.726 358.697 157.276 127.129 122.848 96.4096 99.7749 89.6635 174.427 88.7934 109.186
threshold=0.023546866251126081 -0.039612250868978398 39.500000000000007 0.073845741799969236 95.000000000000014 46.500000000000007 1.0000000180025095e-35 -0.42142425369539133 1.3259488406218831 -0.060055508865497369 1.0000000180025095e-35 1.0166814074415951 15.500000000000002 1.0679860710828437
decision_type=2 2 2 2 2 2 2 10 2 2 2 2 2 2
left_child=1 -1 -3 4 5 8 -5 -2 -4 -10 11 -9 -12 -14
right_child=7 2 3 6 -6 -7 -8 10 9 -11 12 -13 13 -15
leaf_value=-0.0036913981072261349 -0.0042349532113703245 -0.00085523865563645867 -0.0043096967553892989 0.008292986301710702 0.040002463019817414 0.00027593319818901968 -0.013080469722577816 0.0040134143304892938 0.0045393470395356413 0.021689668103898239 0.003338219682129594 -0.0022515065127260529 0.0062249537522315159 0.017542310756793345
leaf_weight=20591 1974 76197 264 336 271 2687 947 12378 483 840 10606 5904 5451 891
leaf_count=20591 1974 76197 264 336 271 2687 947 12378 483 840 10606 5904 5451 891
internal_value=-4.67755e-05 -0.001166 -0.00053186 0.0036932 0.00684992 0.00470355 -0.00747259 0.00304002 0.0121757 0.0154691 0.00344819 0.00199015 0.00501994 0.00782752
internal_weight=139820 102616 82025 5828 4545 4274 1283 37204 1587 1323 35230 18282 16948 6342
internal_count=139820 102616 82025 5828 4545 4274 1283 37204 1587 1323 35230 18282 16948 6342
is_linear=0
shrinkage=0.03


Tree=12
num_leaves=15
num_cat=0
split_feature=8 8 6 9 12 6 6 6 8 6 9 12 5 3
split_gain=509.161 154.609 107.91 88.2285 120.865 121.192 96.8692 93.2389 77.91 143.04 76.2329 73.7308 73.5603 107.752
threshold=0.023546866251126081 -0.039612250868978398 -0.42142425369539133 0.90845566961192248 -0.035194699049235272 -0.53635489384601454 -0.2138202135420009 0.050450301100582691 0.0098563703343472805 -0.17616220764157106 1.3312480570631371 0.019603941843579501 2.5055329713090875 0.97435897435898033
decision_type=2 2 10 2 2 10 8 10 2 10 2 2 2 2
left_child=1 -1 -2 7 5 -5 -6 8 -3 -10 -4 -11 -8 -14
right_child=2 3 10 4 6 -7 12 -9 9 11 -12 -13 13 -15
leaf_value=-0.0034561345190875542 -0.0038158281601990674 -0.00316127207545468 0.0036814892061911996 0.017379046521692691 0.0031544815089783076 0.0023009415790336937 -0.0034149284472296051 0.00045498591214038838 -0.0038626950395455259 0.00094057528572981245 -0.002807016445257853 0.0099785087797025305 -0.00044545295373473544 0.014203074499154868
leaf_weight=20520 1987 24065 33294 494 4531 12562 10214 16020 3335 1834 1710 1455 7024 478
leaf_count=20520 1987 24065 33294 494 4531 12562 10214 16020 3335 1834 1710 1455 7024 478
internal_value=-3.89707e-05 -0.00112752 0.00297802 -0.000544705 0.000587081 0.00287789 -0.000757659 -0.00140009 -0.00236837 0.000512436 0.00336416 0.00494789 -0.00175883 0.000496736
internal_weight=139523 102532 36991 82012 35303 13056 22247 46709 30689 6624 35004 3289 17716 7502
internal_count=139523 102532 36991 82012 35303 13056 22247 46709 30689 6624 35004 3289 17716 7502
is_linear=0
shrinkage=0.03


Tree=13
num_leaves=15
num_cat=0
split_feature=8 8 6 14 9 6 9 6 1 10 5 8 11 6
split_gain=511.085 139.043 125.506 117.739 137.002 107.777 101.089 103.562 96.5347 82.5742 67.7728 66.3006 70.315 65.6858
threshold=0.017566079871188075 -0.019785837690491821 -0.42142425369539133 1.0000000180025095e-35 1.0194150384862026 -0.53635489384601454 0.7984533867400363 0.30710420656665732 2.3236471008771331 1.1221833775259602 0.92063123102116629 0.084855125201032791 0.48353549011882707 0.066608721322974032
decision_type=2 2 10 2 2 8 2 10 2 2 2 2 2 10
left_child=1 5 -2 4 11 -1 9 -8 -6 -7 -5 -4 -13 -12
right_child=2 -3 3 10 8 6 7 -9 -10 -11 13 12 -14 -15
leaf_value=0.015064985380519792 -0.0038893840440037864 -9.0754777790000976e-05 0.0028113796608787004 -0.0016011895107156931 -0.00030590407366665542 -0.0091883246260617973 -0.00060549166286371834 -0.0056795374039807995 -0.0097727785610706372 -0.0034391893129395818 0.0058618342886314536 0.0023754371965632719 0.02392422482013384 0.00038611644938907737
leaf_weight=311 2424 51718 14455 1404 5728 2710 22854 4297 1162 13180 16889 267 276 2233
leaf_count=311 2424 51718 14455 1404 5728 2710 22854 4297 1162 13180 16889 267 276 2233
internal_value=0.000104018 -0.0011412 0.00274409 0.00312362 0.00159242 -0.00239421 -0.0025221 -0.00140942 -0.00190842 -0.00442227 0.00475563 0.00320078 0.0134468 0.00522267
internal_weight=139908 95070 44838 42414 21888 43352 43041 27151 6890 15890 20526 14998 543 19122
internal_count=139908 95070 44838 42414 21888 43352 43041 27151 6890 15890 20526 14998 543 19122
is_linear=0
shrinkage=0.03


Tree=14
num_leaves=15
num_cat=0
split_feature=8 8 6 6 9 13 8 0 12 13 12 0 12 12
split_gain=503.563 144.564 121.462 119.369 125.372 107.817 120.054 94.9337 94.2227 91.1205 84.155 79.5535 76.9153 88.9391
threshold=0.017566079871188075 -0.039612250868978398 -0.42142425369539133 -0.030833900632299679 0.99449980453290221 39.500000000000007 0.054295560144002365 0.52940334037989223 -0.03605235634570219 14.500000000000002 0.050842145005599589 0.60719107915218851 0.043426349602320787 0.16170018965303315
decision_type=2 2 10 10 2 2 2 2 2 2 2 2 2 2
left_child=1 -1 -2 5 8 12 7 -7 -5 -3 -10 -12 -4 -14
right_child=2 9 3 4 -6 6 -8 -9 10 -11 11 -13 13 -15
leaf_value=-0.0034491744598677209 -0.003811480089408082 -0.0013686920290037273 0.0025462855348426616 0.0065967952652942882 -0.0015199435623785471 -0.0027686174657623052 0.027021819492527372 0.013634867515616319 -0.00050060698175052399 0.00083309510847717728 0.0035449581207999087 0.017469876088124579 0.0080816366008948527 -0.0030021071012857623
leaf_weight=20502 2478 48790 10784 4878 7776 492 368 883 6734 25889 3860 404 5415 738
leaf_count=20502 2478 48790 10784 4878 7776 492 368 883 6734 25889 3860 404 5415 738
internal_value=1.64556e-05 -0.00121809 0.00263861 0.00301658 0.0016003 0.00480892 0.0119055 0.00777664 0.00312858 -0.000605393 0.00158801 0.00488321 0.0040753 0.00675088
internal_weight=139991 95181 44810 42332 23652 18680 1743 1375 15876 74679 10998 4264 16937 6153
internal_count=139991 95181 44810 42332 23652 18680 1743 1375 15876 74679 10998 4264 16937 6153
is_linear=0
shrinkage=0.03


Tree=15
num_leaves=15
num_cat=0
split_feature=13 12 2 13 3 0 7 9 9 1 13 11 13 13
split_gain=176.471 196.903 187.603 244.358 155.473 141.16 106.188 102.936 102.265 99.738 96.2023 441.391 235.245 104.643
threshold=39.500000000000007 0.16755081458644153 0.60000000000000031 46.500000000000007 0.71428571428570897 0.55055626622827458 0.58085644977487882 1.0912064548877185 0.74900819326512069 3.2766757431884934 95.000000000000014 -0.74274785418850109 71.000000000000014 75.500000000000014
decision_type=2 2 2 2 2 2 10 2 2 2 2 2 2 2
left_child=5 2 3 4 -2 8 9 -5 -1 10 12 -12 -4 -14
right_child=1 -3 6 7 -6 -7 -8 -9 -10 -11 11 -13 13 -15
leaf_value=-0.0025607282860070696 0.021282767942267848 -0.010584491827707218 0.006876010052535581 -0.0045327093214103855 -0.0033913805870942667 0.0014126520495357116 0.017247505829380647 -0.021876004583612423 -0.00022746662891009965 0.022936653637719389 0.046637790550372586 -0.012447154975100738 -0.021766219923714386 -0.00071826231636438608
leaf_weight=22217 498 774 4597 1062 421 36662 888 431 70676 299 234 214 383 471
leaf_count=22217 498 774 4597 1062 421 36662 888 431 70676 299 234 214 383 471
internal_value=0.000136649 0.00392063 0.00510761 -0.00211578 0.0100222 -0.00016351 0.00756614 -0.00959569 -0.000785615 0.00616628 0.00529755 0.0185883 0.00418919 -0.0102296
internal_weight=139827 10272 9498 2412 919 129555 7086 1493 92893 6198 5899 448 5451 854
internal_count=139827 10272 9498 2412 919 129555 7086 1493 92893 6198 5899 448 5451 854
is_linear=0
shrinkage=0.03


Tree=16
num_leaves=15
num_cat=0
split_feature=8 9 14 12 14 9 1 8 12 12 9 12 8 7
split_gain=449.136 163.19 92.1238 88.8917 92.5543 78.981 121.301 89.4594 76.4587 75.5537 90.873 69.6191 68.8401 68.433
threshold=0.0058332482112384591 0.79051033767671852 1.0000000180025095e-35 -0.0070506845083138639 1.0000000180025095e-35 0.85206774053284295 6.0687647590915077 0.040713836018987412 0.073845741799969236 -0.096687096628996869 0.84454386061842823 -0.067270182740406678 -0.049178175814845966 0.3665215937299906
decision_type=2 2 2 2 2 2 2 2 2 2 2 2 2 8
left_child=1 3 9 4 -1 7 -7 -2 -4 10 13 -9 -12 -3
right_child=5 2 8 -5 -6 6 -8 11 -10 -11 12 -13 -14 -15
leaf_value=-0.0066954289787850927 0.00190422824564867 0.0041313777848866603 -0.0010696352243150993 -0.0016078711900847755 -0.0014872406483176545 0.0011641513807472319 -0.012639189767579374 0.011706433449980284 -0.0052686403944430743 -0.00030975133370132372 -0.0033210176860543773 0.004423445192808944 0.0061728339512968321 -0.010596691147927361
leaf_weight=9816 17957 488 16331 12586 4473 33404 578 1412 5125 23677 797 7205 4869 667
leaf_count=9816 17957 488 16331 12586 4473 33404 578 1412 5125 23677 797 7205 4869 667
internal_value=-5.70312e-05 -0.00154957 -0.000567726 -0.00344719 -0.00506616 0.00188586 0.000927545 0.00311091 -0.00207361 0.00049186 0.00327259 0.00562295 0.00483564 -0.00438294
internal_weight=139385 78829 51954 26875 14289 60556 33982 26574 21456 30498 6821 8617 5666 1155
internal_count=139385 78829 51954 26875 14289 60556 33982 26574 21456 30498 6821 8617 5666 1155
is_linear=0
shrinkage=0.03


Tree=17
num_leaves=15
num_cat=0
split_feature=8 13 13 13 13 1 0 12 2 13 3 11 13 13
split_gain=407.661 194.319 148.682 134.643 143.276 118.685 99.7288 115.266 123.997 91.1634 90.5756 87.7779 94.4764 132.452
threshold=0.0034992830179052963 95.000000000000014 85.000000000000014 75.500000000000014 64.500000000000014 2.480850733551013 0.58607338213029159 0.022152599782424291 0.58730158730159054 14.500000000000002 0.95454545454545003 -1.066501546851474 71.000000000000014 59.500000000000007
decision_type=2 2 2 2 2 2 2 2 2 2 2 2 2 2
left_child=1 9 3 4 6 -5 -2 -8 -9 -1 -10 -11 13 -13
right_child=2 -3 -4 5 -6 -7 7 8 10 11 -12 12 -14 -15
leaf_value=-0.0023988611547382972 0.001317467728874593 0.021390256701545284 -0.015194876734526306 0.0010350603229906281 -0.015482757303992222 0.031343582690621798 0.0015234823443066581 0.00071510878349731433 0.0095642887458390509 -0.0041004024392527387 0.024047432635412661 0.00066720441734522415 -0.012218858821839094 0.02000946615167238
leaf_weight=51270 53914 325 462 211 430 255 4538 1264 2287 4216 468 19264 495 319
leaf_count=51270 53914 325 462 211 430 255 4538 1264 2287 4216 468 19264 495 319
internal_value=-9.53153e-05 -0.00158142 0.00167157 0.00179573 0.00167593 0.0177769 0.00179527 0.00480313 0.00849982 -0.00168163 0.0120637 -0.000167818 0.000658766 0.00098731
internal_weight=139718 75889 63829 63367 62901 466 62471 8557 4019 75564 2755 24294 20078 19583
internal_count=139718 75889 63829 63367 62901 466 62471 8557 4019 75564 2755 24294 20078 19583
is_linear=0
shrinkage=0.03


Tree=18
num_leaves=15
num_cat=0
split_feature=8 13 12 8 6 6 6 13 13 3 13 13 12 9
split_gain=392.507 146.868 609.362 131.831 130.897 116.635 141.549 126.291 186.429 121.772 132.911 140.201 118.501 103.342
threshold=0.017566079871188075 95.000000000000014 -0.037920219860594066 -0.017287247841511869 -0.41032650207893301 -0.42142425369539133 0.010913398558096034 39.500000000000007 82.500000000000014 0.94845360824742853 55.500000000000007 46.500000000000007 -0.037920219860594066 0.93977169650587355
decision_type=2 2 2 2 10 8 8 2 2 2 2 2 2 2
left_child=1 3 -3 4 -1 -2 7 -7 9 10 11 -9 -8 -13
right_child=5 2 -4 -5 -6 6 12 8 -10 -11 -12 13 -14 -15
leaf_value=0.0038855807370139859 -0.0064249142939701905 0.045857621575263061 -0.023027639233547708 -0.00011531388366493627 -0.0027594811377468329 0.003536876746797838 0.0040305384348693308 0.016036393131772186 -0.014682816373645713 0.035358214142367179 0.025310313397728983 0.0057905427681131131 -0.00069195427066595172 -0.021672970263884875
leaf_weight=2837 1342 258 202 48143 43722 19713 7063 563 213 222 447 291 14783 207
leaf_count=2837 1342 258 202 48143 43722 19713 7063 563 213 222 447 291 14783 207
internal_value=-4.31722e-05 -0.00113358 0.0156857 -0.0012161 -0.0023542 0.00227061 0.00253957 0.00425806 0.0115471 0.0148096 0.0116776 0.0058424 0.000835441 -0.00572698
internal_weight=140006 95162 460 94702 46559 44844 43502 21656 1943 1730 1508 1061 21846 498
internal_count=140006 95162 460 94702 46559 44844 43502 21656 1943 1730 1508 1061 21846 498
is_linear=0
shrinkage=0.03


Tree=19
num_leaves=15
num_cat=0
split_feature=8 8 0 6 6 9 13 8 9 9 11 13 4 11
split_gain=424.708 138.177 91.5836 91.6575 84.9553 95.8361 73.8775 75.0011 86.6807 70.2096 61.8613 61.3365 59.8085 58.6641
threshold=0.024869066820084187 -0.040241087020223963 0.58607338213029159 -0.42142425369539133 -0.093805604410432439 0.82336799057070964 14.500000000000002 0.0038798632807384684 0.7964974366823282 0.72046578861649058 -1.1268773167639614 53.500000000000007 0.83426536113446337 0.074258255643828167
decision_type=2 2 2 10 10 2 2 2 2 2 2 2 2 2
left_child=1 -1 3 -2 11 9 7 8 -3 10 -6 13 -7 -5
right_child=2 6 -4 4 5 12 -8 -9 -10 -11 -12 -13 -14 -15
leaf_value=-0.0031857201422848887 -0.0049948702107323242 -0.0038640772748976073 0.0062778740360776601 0.0014876351652855799 -0.01284213614703595 0.00046523079430542196 0.00079515459572822257 0.00056731383770977314 -0.00080207381728954685 0.0073035592203883398 0.0023669204662606276 0.016382405013030413 -0.0070218658687355631 0.0064841555106343544
leaf_weight=19991 1516 12447 5883 3618 256 11004 29612 17346 25089 3407 3093 399 1047 5098
leaf_count=19991 1516 12447 5883 3618 256 11004 29612 17346 25089 3407 3093 399 1047 5098
internal_value=1.82269e-05 -0.00094316 0.00286189 0.00217828 0.00256856 0.00141587 -0.000412421 -0.00106399 -0.00181782 0.00427461 0.00118692 0.00494483 -0.000187896 0.00441215
internal_weight=139806 104485 35321 29438 27922 18807 84494 54882 37536 6756 3349 9115 12051 8716
internal_count=139806 104485 35321 29438 27922 18807 84494 54882 37536 6756 3349 9115 12051 8716
is_linear=0
shrinkage=0.03


Tree=20
num_leaves=15
num_cat=0
split_feature=13 12 2 13 3 7 13 11 13 13 2 13 1 13
split_gain=154.693 211.909 205.495 266.823 171.868 103.883 139.277 117.369 289.681 253.713 125.645 112.702 98.8679 130.167
threshold=39.500000000000007 0.16755081458644153 0.57971014492753403 47.500000000000007 0.70370370370370283 0.48976657721064737 55.500000000000007 -0.33721383417477407 72.500000000000014 95.000000000000014 0.70000000000000495 46.500000000000007 0.99614307822158299 56.500000000000007
decision_type=2 2 2 2 2 10 2 2 2 2 2 2 2 2
left_child=-1 2 3 4 -2 7 11 9 10 12 -9 -7 13 -4
right_child=1 -3 5 -5 -6 6 -8 8 -10 -11 -12 -13 -14 -15
leaf_value=-0.00025142148604566286 0.021940196914760315 -0.011305042665592341 0.024891646054124663 -0.012303409320831299 -0.0044457412071319084 0.016266280471214228 0.026419882296148094 -0.0045765960879313441 -0.016211435093705776 0.038492898575495926 0.010189758140988268 -0.0044594714209508666 0.0029990858438899383 -0.0029210893326514476
leaf_weight=129669 455 790 489 1245 427 541 537 715 653 251 1860 413 1659 217
leaf_count=129669 455 790 489 1245 427 541 537 715 653 251 1860 413 1659 217
internal_value=2.91119e-05 0.00357574 0.00482348 -0.00338055 0.009213 0.00720316 0.0142626 0.0053914 0.00155943 0.0101078 0.00608866 0.00731734 0.00702045 0.0163825
internal_weight=139921 10252 9462 2127 882 7335 1491 5844 3228 2616 2575 954 2365 706
internal_count=139921 10252 9462 2127 882 7335 1491 5844 3228 2616 2575 954 2365 706
is_linear=0
shrinkage=0.03


Tree=21
num_leaves=15
num_cat=0
split_feature=8 13 13 13 1 13 9 14 13 13 9 11 13 13
split_gain=376.005 213.804 108.434 107.221 130.003 125.948 104.865 103.454 94.6421 108.365 136.91 116.371 108.227 203.168
threshold=0.0038798632807384684 95.000000000000014 85.000000000000014 75.500000000000014 2.480850733551013 64.500000000000014 0.7964974366823282 1.0000000180025095e-35 40.500000000000007 52.500000000000007 0.69350126118642474 -0.020362897648973009 59.500000000000007 71.000000000000014
decision_type=2 2 2 2 2 2 2 2 2 2 2 2 2 2
left_child=1 6 3 5 -5 -2 8 -8 -1 10 11 -10 -11 -14
right_child=2 -3 -4 4 -6 -7 7 -9 9 12 -12 -13 13 -15
leaf_value=-0.0034696662137336247 0.0018194950868378472 0.021780282132997271 -0.012573550967009442 -0.0013464230270339892 0.031026348819737495 -0.014823457641454721 0.00046193066026598559 -0.0023308448152507271 0.035737584523740221 -0.018613870706837558 -0.003157826870105033 0.006272699965336242 0.026936442174439159 -0.011284280869306301
leaf_weight=25441 62139 351 470 203 242 407 28743 20411 251 282 332 233 207 301
leaf_count=25441 62139 351 470 203 242 407 28743 20411 251 282 332 233 207 301
internal_value=1.78933e-07 -0.00141528 0.0017076 0.00181515 0.0164077 0.00171002 -0.00152354 -0.000697877 -0.00302367 0.00403035 0.0116657 0.0217622 -0.00388006 0.00440065
internal_weight=140013 76552 63461 62991 445 62546 76201 49154 27047 1606 816 484 790 508
internal_count=140013 76552 63461 62991 445 62546 76201 49154 27047 1606 816 484 790 508
is_linear=0
shrinkage=0.03


Tree=22
num_leaves=15
num_cat=0
split_feature=13 2 12 1 0 3 10 13 13 13 9 9 4 4
split_gain=140.466 180.064 185.668 162.955 113.366 109.735 99.8422 98.97 127.411 96.5069 92.9141 82.6038 77.504 76.46
threshold=39.500000000000007 0.52173913043479125 0.16755081458644153 3.0081786673233393 0.4931051869362581 0.69958777926682314 1.948127382879776 53.500000000000007 46.500000000000007 42.500000000000007 0.98415536958946359 1.0344411908452507 0.4523379282580916 0.24716407415699829
decision_type=2 2 2 2 2 2 2 2 2 2 2 2 2 2
left_child=4 3 6 5 -1 -2 9 8 11 -3 -10 12 -8 -9
right_child=1 2 -4 -5 -6 -7 7 13 10 -11 -12 -13 -14 -15
leaf_value=-0.0020504074843311934 0.0099992439660758197 0.012634702821983802 -0.010509977049543522 -0.018602431424141648 0.00015481319349353585 -0.010060139658232761 -0.0016396950710613548 0.0063173782313350598 0.0045103519801589454 0.0018377858968824014 -0.020636274316287659 0.024930554254367798 0.01736677164317512 0.021888940384419527
leaf_weight=26341 567 901 635 576 103022 425 454 426 306 4209 226 298 330 878
leaf_count=26341 567 901 635 576 103022 425 454 426 306 4209 226 298 330 878
internal_value=-2.66022e-05 0.00335643 0.00504969 -0.00598494 -0.000294278 0.0013979 0.00628621 0.0107101 0.00571646 0.003752 -0.00626492 0.0116092 0.00641983 0.0168455
internal_weight=139594 10231 8663 1568 129363 992 8028 2918 1614 5110 532 1082 784 1304
internal_count=139594 10231 8663 1568 129363 992 8028 2918 1614 5110 532 1082 784 1304
is_linear=0
shrinkage=0.03


Tree=23
num_leaves=15
num_cat=0
split_feature=8 8 13 12 13 13 14 11 3 1 2 3 13 9
split_gain=358.848 138.999 71.5245 170.577 248.871 164.716 130.888 111.444 107.837 119.679 89.6692 101.898 70.889 69.9922
threshold=0.023984975594457048 -0.039612250868978398 39.500000000000007 0.063859701802864058 95.000000000000014 46.500000000000007 1.0000000180025095e-35 -1.0511761889198843 0.95588235294117385 2.5752406879213354 0.66115300119903153 0.79090909090909067 55.500000000000007 1.4540120282616378
decision_type=2 2 2 2 2 2 2 2 2 2 2 2 2 2
left_child=1 -1 -3 4 5 7 -5 -4 9 -7 11 -9 -11 -2
right_child=13 2 3 6 -6 8 -8 10 -10 12 -12 -13 -14 -15
leaf_value=-0.0030388214478040344 0.0028383709490078313 -0.00052946130793127776 -0.0072211890527394025 0.0085855706885401423 0.033136090069903167 -0.0063029023188441481 -0.011533692923840135 0.015930053036227739 0.016090057553336409 -0.00052389336644478564 0.022027444514909737 -0.009911879790393081 0.022150720615835885 -0.0055228293314588733
leaf_weight=20595 35566 76835 234 397 276 1843 1055 357 303 260 736 217 232 920
leaf_count=20595 35566 76835 234 397 276 1843 1055 357 303 260 736 217 232 920
internal_value=6.92983e-05 -0.000833761 -0.000284777 0.00289408 0.00580166 0.00396025 -0.00602218 0.0117254 -0.000598236 -0.00279354 0.0151244 0.00615931 0.0102835 0.00262681
internal_weight=139826 103340 82745 5910 4458 4182 1452 1544 2638 2335 1310 574 492 36486
internal_count=139826 103340 82745 5910 4458 4182 1452 1544 2638 2335 1310 574 492 36486
is_linear=0
shrinkage=0.03


Tree=24
num_leaves=15
num_cat=0
split_feature=8 13 12 8 13 13 0 12 2 9 12 9 13 3
split_gain=294.394 87.3848 466.766 87.8837 84.6171 102.594 84.4031 158.216 103.944 74.6183 70.1724 73.4051 70.9277 89.6051
threshold=0.017566079871188075 95.000000000000014 -0.060055508865497369 -0.019785837690491821 83.500000000000014 77.500000000000014 0.59117335695181517 0.022152599782424291 0.58267716535433067 0.9248580554965925 -0.042702567231096326 0.7704706165350349 38.500000000000007 0.84000000000000974
decision_type=2 2 2 2 2 2 2 2 2 2 2 2 2 2
left_child=1 3 -3 9 5 6 -2 -8 -9 10 11 -1 -12 -14
right_child=4 2 -4 -5 -6 -7 7 8 -10 -11 12 -13 13 -15
leaf_value=-0.0075774985032962599 0.0015116354239800996 0.041226063598937622 -0.019872777692107269 -0.00015913474425283797 -0.012002221858128905 0.019541986089402646 0.0006283050547423772 0.0020523933149495365 0.014550774034511722 -0.00035301177230571067 -0.0021314959672063382 -0.0025260474047487371 0.022361401146827418 -0.00087688422869594052
leaf_weight=4852 38147 232 210 51401 379 298 2995 880 1882 15752 16223 5561 239 384
leaf_count=4852 38147 232 210 51401 379 298 2995 880 1882 15752 16223 5561 239 384
internal_value=1.11818e-05 -0.000933846 0.0122996 -0.000996448 0.00202178 0.00214336 0.00202306 0.0054076 0.0105796 -0.00199696 -0.0029467 -0.00488231 -0.00174915 0.00814502
internal_weight=139435 94854 442 94412 44581 44202 43904 5757 2762 43011 27259 10413 16846 623
internal_count=139435 94854 442 94412 44581 44202 43904 5757 2762 43011 27259 10413 16846 623
is_linear=0
shrinkage=0.03


Tree=25
num_leaves=15
num_cat=0
split_feature=8 9 14 12 12 12 14 12 12 2 9 3 0 9
split_gain=285.077 181.852 136.372 117.276 88.5463 88.5384 80.7706 79.4956 78.0311 74.853 72.4028 110.903 86.0077 69.4292
threshold=0.0038798632807384684 0.83694955313690989 1.0000000180025095e-35 -0.0031484315338539122 -0.096687096628996869 0.13004950652579758 1.0000000180025095e-35 0.18845806939056473 0.046648656909582704 0.72807017543859653 1.1757731858403095 0.79274611398964157 0.53702988660197659 1.0374064052942493
decision_type=2 2 2 2 2 2 2 2 2 2 2 2 2 2
left_child=1 3 4 6 -3 -6 9 8 -2 -1 12 -12 -10 -7
right_child=7 2 -4 -5 5 13 -8 -9 10 -11 11 -13 -14 -15
leaf_value=-0.007212482289673831 0.00096682514765310528 0.0047798797917136373 -0.0020047975997214361 -0.0009062064320232736 0.00011910271484277754 0.018133138748658757 -0.0015740425256601481 -0.004054768141032024 0.0016202469026611497 -0.002119063868271257 -0.008661874500405441 0.0066969487931920393 0.0060229869712111117 -0.0027657740627263865
leaf_weight=9418 43371 5551 17600 14572 19038 436 5899 2273 7527 3592 1043 705 8513 210
leaf_count=9418 43371 5551 17600 14572 19038 436 5899 2273 7527 3592 1043 705 8513 210
internal_value=-3.7715e-05 -0.00127299 2.17716e-05 -0.00292924 0.00143531 0.000491145 -0.00448761 0.00144844 0.00165329 -0.00580757 0.00332629 -0.00246595 0.00395809 0.0113703
internal_weight=139748 76316 42835 33481 25235 19684 18909 63432 61159 13010 17788 1748 16040 646
internal_count=139748 76316 42835 33481 25235 19684 18909 63432 61159 13010 17788 1748 16040 646
is_linear=0
shrinkage=0.03


Tree=26
num_leaves=15
num_cat=0
split_feature=8 6 6 13 13 3 9 13 13 13 12 12 9 8
split_gain=296.551 111.09 111.687 111.827 126.569 110.354 106.724 371.022 121.263 155.338 133.909 97.0698 87.7761 81.2404
threshold=0.017566079871188075 -0.42142425369539133 0.066608721322974032 39.500000000000007 83.500000000000014 0.94845360824742853 0.76428083658191703 95.000000000000014 74.500000000000014 59.500000000000007 -0.0077859562789246986 0.061346152663994187 1.0166814074415951 0.061762148517013164
decision_type=2 10 10 2 2 2 2 2 2 2 2 2 2 2
left_child=6 13 3 11 5 -5 8 -8 9 10 -1 -3 -4 -2
right_child=1 2 12 4 -6 -7 7 -9 -10 -11 -12 -13 -14 -15
leaf_value=-0.0046017998361313041 -0.0063691964236954638 0.0019138635947142661 0.0019771826009642134 0.0097625298068227326 -0.011894989419314595 0.031555081863864132 -0.00041751849188893851 0.033646650014760991 -0.017214947368159438 0.019883426345700509 -0.00031732712807511064 0.0064150801277496096 -0.0026709917860306947 0.0094880924175476892
leaf_weight=13155 2094 16955 11953 1833 211 233 67680 284 490 278 13103 5781 5262 333
leaf_count=13155 2094 16955 11953 1833 211 233 67680 284 490 278 13103 5781 5262 333
internal_value=4.09933e-05 0.00205719 0.00241603 0.00369578 0.0100282 0.0122905 -0.000906884 -0.00027271 -0.00250134 -0.00222645 -0.00246427 0.00305953 0.000556042 -0.00417844
internal_weight=139645 44655 42228 25013 2277 2066 94990 67964 27026 26536 26258 22736 17215 2427
internal_count=139645 44655 42228 25013 2277 2066 94990 67964 27026 26536 26258 22736 17215 2427
is_linear=0
shrinkage=0.03


Tree=27
num_leaves=15
num_cat=0
split_feature=8 9 13 13 12 8 9 5 0 12 2 13 14 11
split_gain=291.1 92.9952 333.876 119.011 131.909 76.9249 67.2731 65.5264 67.3212 75.1239 78.8132 62.5177 161.338 95.7255
threshold=0.024869066820084187 0.76223241453499291 95.000000000000014 90.500000000000014 -0.0062705059539362442 0.0034992830179052963 1.4540120282616378 0.92063123102116629 0.58607338213029159 0.022152599782424291 0.70000000000000495 39.500000000000007 1.0000000180025095e-35 0.17346411381841112
decision_type=2 2 2 2 2 2 2 2 2 2 2 2 2 2
left_child=1 3 -3 4 5 -1 7 -2 -9 -10 -11 -6 -13 -14
right_child=6 2 -4 -5 11 -7 -8 8 9 10 -12 12 13 -15
leaf_value=-0.0052229233668188791 -0.0024168160474485408 -0.0003931158703196817 0.031639526711434732 -0.024244900744069705 -0.00058305994557664848 0.0001582463880622671 -0.005886528332751698 0.0022587581173676157 0.0024434015018535622 0.0046156853844827794 0.014977691715067942 0.02289619509667239 0.0083336455071762166 -0.016443417039921596
leaf_weight=11554 2250 74778 289 215 13586 3014 872 26869 2749 1405 1253 363 312 247
leaf_count=11554 2250 74778 289 215 13586 3014 872 26869 2749 1405 1253 363 312 247
internal_value=-2.97377e-05 -0.000827159 -0.000267695 -0.00226067 -0.00209396 -0.00410993 0.00232095 0.00252906 0.00287417 0.00592742 0.00951936 -6.89412e-05 0.00746907 -0.00266308
internal_weight=139756 104358 75067 29291 29076 14568 35398 34526 32276 5407 2658 14508 922 559
internal_count=139756 104358 75067 29291 29076 14568 35398 34526 32276 5407 2658 14508 922 559
is_linear=0
shrinkage=0.03


Tree=28
num_leaves=15
num_cat=0
split_feature=8 8 12 13 13 4 13 5 6 6 1 6 12 12
split_gain=275.412 105.917 85.7483 208.994 96.2273 71.8062 76.5471 86.2326 69.4043 82.7556 75.6531 67.332 67.0575 65.4228
threshold=0.023546866251126081 -0.037875369124427107 0.10669355854841762 95.000000000000014 64.500000000000014 0.64917936941085308 27.500000000000004 1.4375773765095432 -0.42142425369539133 -0.086791750989144587 4.3491162732091633 -0.35949869666729611 0.099693786624079586 0.0092343547717430047
decision_type=2 2 2 2 2 2 2 2 10 10 2 10 2 2
left_child=1 -1 3 5 11 -3 -7 -8 12 13 -11 -4 -2 -10
right_child=8 2 4 -5 -6 6 7 -9 9 10 -12 -13 -14 -15
leaf_value=-0.0025359699469257595 0.00085697659237723078 0.0004510251302137987 -0.0081788722002588687 0.02501838129308849 -0.020087197661399839 -0.003796679436975323 -0.0070839317702525578 0.0048184229510391573 0.0019903358583864203 0.0019130322010330978 -0.0073807843253153264 -0.0011993767921904016 -0.010832921692401656 0.0065473876820438806
leaf_weight=22216 1272 60240 1491 298 280 7689 722 2220 4816 22539 812 7400 671 6910
leaf_count=22216 1272 60240 1491 298 280 7689 722 2220 4816 22539 812 7400 671 6910
internal_value=9.78463e-05 -0.000702818 -0.00019578 0.000156123 -0.00292522 4.98241e-05 -0.0022227 0.00189039 0.00231571 0.00262151 0.00158834 -0.00237376 -0.00319748 0.0046774
internal_weight=139576 102556 80340 71169 9171 70871 10631 2942 37020 35077 23351 8891 1943 11726
internal_count=139576 102556 80340 71169 9171 70871 10631 2942 37020 35077 23351 8891 1943 11726
is_linear=0
shrinkage=0.03


Tree=29
num_leaves=15
num_cat=0
split_feature=0 13 9 13 13 13 13 1 13 3 1 4 3 13
split_gain=112.717 117.461 74.6232 221.478 70.0613 86.0785 151.46 132.79 92.8552 160.618 109.711 96.1196 94.6121 68.3583
threshold=0.52533442903356009 14.500000000000002 0.76223241453499291 95.000000000000014 85.000000000000014 75.500000000000014 64.500000000000014 2.5752406879213354 39.500000000000007 0.57282508982493729 3.784052933026095 0.47141117303153746 0.75641025641025472 35.500000000000007
decision_type=2 2 2 2 2 2 2 2 2 2 2 2 2 2
left_child=2 -2 -1 -4 5 6 8 -7 12 10 -10 -11 -3 -14
right_child=1 4 3 -5 -6 7 -8 -9 9 11 -12 -13 13 -15
leaf_value=-0.0025442268928763051 -0.00016569692220221033 0.0045463579869780774 -0.00044113279333718583 0.029794421401130009 -0.0091052179245677597 -0.0013976232000210316 -0.014829766774476554 0.031519444859118957 0.007135597955224649 0.0037410912656272539 -0.02114141395047656 0.012913515780760873 0.00097357323433464483 -0.0066142540648651601
leaf_weight=18376 44154 7340 49779 214 469 212 451 224 207 2024 294 2097 13029 1159
leaf_count=18376 44154 7340 49779 214 469 212 451 224 207 2024 294 2097 13029 1159
internal_value=-3.83656e-05 0.000792986 -0.000909729 -0.00030874 0.00233166 0.0025317 0.0023133 0.0156795 0.00261173 0.00646776 -0.00950304 0.00841854 0.00178255 0.000351621
internal_weight=140029 71660 68369 49993 27506 27037 26601 436 26150 4622 501 4121 21528 14188
internal_count=140029 71660 68369 49993 27506 27037 26601 436 26150 4622 501 4121 21528 14188
is_linear=0
shrinkage=0.03


Tree=30
num_leaves=15
num_cat=0
split_feature=8 6 8 6 12 13 14 13 13 6 0 11 6 0
split_gain=274.55 96.7818 77.6638 78.2818 69.6211 155.345 100.402 83.2198 75.7675 95.6936 72.3334 67.4771 72.3928 53.3705
threshold=0.024869066820084187 -0.42142425369539133 -0.024503288629004184 -0.53635489384601454 0.10206281585538525 95.000000000000014 1.0000000180025095e-35 27.500000000000004 19.500000000000004 -0.14108938986974742 0.54145433770594487 -1.2552787284479348 -0.23780570830356615 0.58607338213029159
decision_type=2 8 2 8 2 2 2 2 2 8 2 2 8 2
left_child=2 -2 3 -1 5 -4 8 -8 -6 -10 -9 12 -3 -13
right_child=1 11 4 -5 6 -7 7 10 9 -11 -12 13 -14 -15
leaf_value=0.015464993613831541 -0.0071143374054559632 0.01261388261125169 0.00017616601917497219 -0.0019066675988460933 -0.00066921911095559473 0.024361518186517061 -0.0027189073580157889 -0.015538258763511345 0.028587322975531584 0.0035228685031146391 -0.00044632456516914993 0.0024400694368445818 -0.0040338180126741653 0.005749581065119377
leaf_weight=230 940 259 58556 37024 1486 235 4888 963 200 419 406 26777 2149 5245
leaf_count=230 940 259 58556 37024 1486 235 4888 963 200 419 406 26777 2149 5245
internal_value=7.49533e-05 0.00235911 -0.000698926 -0.00179736 -8.94692e-05 0.000274903 -0.00264991 -0.00455575 0.00301246 0.0117854 -0.0110804 0.00261874 -0.0022208 0.00298296
internal_weight=139777 35370 104407 37254 67153 58791 8362 6257 2105 619 1369 34430 2408 32022
internal_count=139777 35370 104407 37254 67153 58791 8362 6257 2105 619 1369 34430 2408 32022
is_linear=0
shrinkage=0.03


Tree=31
num_leaves=15
num_cat=0
split_feature=8 13 8 10 4 0 11 7 7 13 7 14 13 3
split_gain=223.86 87.7182 82.0911 65.8929 65.7503 61.1872 55.1309 53.9308 51.3793 53.6703 101.375 99.4619 129.533 82.4061
threshold=0.023546866251126081 14.500000000000002 -0.017287247841511869 1.2316483468233008 0.80602830174728313 0.52613224269301095 -1.2552787284479348 0.37818718462658923 -0.071849874981437065 24.500000000000004 1.1716868637551341 1.0000000180025095e-35 43.500000000000007 0.93333333333334101
decision_type=2 2 2 2 2 2 2 10 8 2 10 2 2 2
left_child=1 2 3 -1 -4 8 -2 -5 -3 10 -10 12 -11 -14
right_child=6 5 4 7 -6 -7 -8 -9 9 11 -12 -13 13 -15
leaf_value=-0.0051761373790946089 -0.0023136461535032196 0.0031677978836901679 -6.6409352360153432e-05 -7.2512165446466815e-05 -0.0053322352050301182 0.0018207069146144487 0.0022675362832590379 -0.0029022718099110233 -0.0012169428405455101 -0.0033504079703553461 0.0074764750467762042 -0.0072480165015892462 0.011430559660234842 -0.0080403648063632812
leaf_weight=6561 2534 2637 33343 9897 2275 16010 34526 15637 6585 3515 1473 3137 1038 237
leaf_count=6561 2534 2637 33343 9897 2275 16010 34526 15637 6585 3515 1473 3137 1038 237
internal_value=-4.36118e-05 -0.000767033 -0.00139511 -0.00249539 -0.00040345 0.000461013 0.00195403 -0.00180568 -0.000708139 -0.00134833 0.000375862 -0.00310015 -0.000378964 0.00779399
internal_weight=139405 102345 67713 32095 35618 34632 37060 25534 18622 15985 8058 7927 4790 1275
internal_count=139405 102345 67713 32095 35618 34632 37060 25534 18622 15985 8058 7927 4790 1275
is_linear=0
shrinkage=0.03


Tree=32
num_leaves=15
num_cat=0
split_feature=13 0 6 7 1 7 13 13 13 3 10 13 7 13
split_gain=96.473 96.1099 81.1466 75.8105 74.9777 72.3838 72.347 91.9448 127.106 73.3456 64.6844 171.742 84.7155 60.9537
threshold=14.500000000000002 0.52574691077130709 0.063241716401485473 1.6758654861298921 3.784052933026095 1.2845919366668033 85.000000000000014 39.500000000000007 35.500000000000007 0.96399445983379273 2.6633238414018909 48.500000000000007 0.42219292799801034 77.500000000000014
decision_type=2 2 8 8 2 10 2 2 2 2 2 2 10 2
left_child=-1 10 6 4 5 -4 7 8 -3 13 -2 12 -12 -9
right_child=1 2 3 -5 -6 -7 -8 9 -10 -11 11 -13 -14 -15
leaf_value=-0.00067039334577542026 -0.000894080553594527 0.0033543032583700648 -3.2571122110229667e-05 0.017871546551585196 -0.0098810247585541834 0.017869447103629893 -0.010774907999457526 0.0052069418997641639 -0.0086037731098242316 0.021297562231188234 -0.0069170099321560945 0.030937012927064182 0.0080228072863213623 0.01962655827597886
leaf_weight=89567 21307 12704 8944 205 685 203 312 2671 849 340 597 201 785 289
leaf_count=89567 21307 12704 8944 205 685 203 312 2671 849 340 597 201 785 289
internal_value=-8.07468e-05 0.000973532 0.0021788 3.58976e-05 -0.000344876 0.000374275 0.00343146 0.00369758 0.00260232 0.00818507 -0.000458949 0.00538224 0.0015674 0.00664553
internal_weight=139659 50092 27202 10037 9832 9147 17165 16853 13553 3300 22890 1583 1382 2960
internal_count=139659 50092 27202 10037 9832 9147 17165 16853 13553 3300 22890 1583 1382 2960
is_linear=0
shrinkage=0.03


Tree=33
num_leaves=15
num_cat=0
split_feature=8 8 0 12 7 12 0 10 13 13 7 14 13 13
split_gain=232.858 85.0514 67.604 71.6229 69.9742 69.166 66.9012 54.5431 45.8519 51.7522 116.356 101.839 256.712 126.427
threshold=0.027273068114481141 -0.039612250868978398 0.58607338213029159 0.022152599782424291 0.21234465775681741 -0.091120281105064913 0.43818666121137489 1.688718445408687 14.500000000000002 24.500000000000004 1.1716868637551341 1.0000000180025095e-35 95.000000000000014 74.500000000000014
decision_type=2 2 2 2 8 2 2 2 2 2 10 2 2 2
left_child=1 -1 -2 5 -5 -4 -3 -7 -8 10 -10 12 13 -11
right_child=2 6 3 4 -6 7 8 -9 9 11 -12 -13 -14 -15
leaf_value=-0.0024441409716816627 0.0015721825750283714 -0.0058315164645002231 0.011089533829852286 0.014238468658579544 0.0044338635238726064 -0.0046545003671006752 -0.00068626561156557848 0.0047464461329672298 0.0010903585384094865 0.0018408808094604351 0.0094810724697003117 -0.0031502542978793374 0.032182297735505787 -0.012362123884601832
leaf_weight=20515 27167 1916 578 1167 1501 1254 54632 989 12318 8148 1687 6859 237 601
leaf_count=20515 27167 1916 578 1167 1501 1254 54632 989 12318 8148 1687 6859 237 601
internal_value=-3.06916e-05 -0.000707936 0.00218632 0.0052217 0.00874107 0.00188363 -0.000295561 -0.000508029 -0.000169671 0.000775766 0.0021041 -0.00039861 0.0017023 0.000858722
internal_weight=139569 106913 32656 5489 2668 2821 86398 2243 84482 29850 14005 15845 8986 8749
internal_count=139569 106913 32656 5489 2668 2821 86398 2243 84482 29850 14005 15845 8986 8749
is_linear=0
shrinkage=0.03


Tree=34
num_leaves=15
num_cat=0
split_feature=8 9 13 13 12 13 13 0 5 3 14 13 9 3
split_gain=221.235 84.5511 242.509 110.344 104.766 68.7702 106.997 65.3294 63.29 86.1116 62.3383 60.8355 59.0193 56.0122
threshold=0.024869066820084187 0.76223241453499291 95.000000000000014 90.500000000000014 -0.0062705059539362442 82.500000000000014 77.500000000000014 0.54236415775665614 2.5501934831391626 0.97093023255814193 1.0000000180025095e-35 15.500000000000002 1.4540120282616378 0.4444444444444447
decision_type=2 2 2 2 2 2 2 2 2 2 2 2 2 2
left_child=1 3 8 4 10 6 12 -6 -3 11 -1 -10 -2 -12
right_child=5 2 -4 -5 7 -7 -8 -9 9 -11 13 -13 -14 -15
leaf_value=-0.0048998030502379374 0.0023607959530971469 -0.00083218950220777146 0.027532301300756429 -0.022504397257203195 -0.0014236221416337508 -0.011201558385055196 0.022877493233345779 0.002818113764999625 -0.0004019642960197946 0.0068304053222723047 0.01153795980200881 0.002775748904717695 -0.0056303402497749752 -0.0015708222164927852
leaf_weight=9985 34069 46253 281 228 9522 338 221 4969 19081 2081 310 7569 848 4268
leaf_count=9985 34069 46253 281 228 9522 338 221 4969 19081 2081 310 7569 848 4268
internal_value=0.000122334 -0.000572319 -4.01399e-05 -0.00193997 -0.00177474 0.00216925 0.00229944 3.135e-05 -0.000145296 0.000960463 -0.0035713 0.000500905 0.00216594 -0.00067154
internal_weight=140023 104547 75265 29282 29054 35476 35138 14491 74984 28731 14563 26650 34917 4578
internal_count=140023 104547 75265 29282 29054 35476 35138 14491 74984 28731 14563 26650 34917 4578
is_linear=0
shrinkage=0.03


Tree=35
num_leaves=15
num_cat=0
split_feature=8 8 6 12 12 9 3 13 10 1 12 6 9 9
split_gain=195.903 92.0115 81.7083 82.5018 76.5146 106.611 77.6322 67.6114 92.2378 80.0989 54.5114 103.419 74.7713 66.5907
threshold=0.023984975594457048 -0.039612250868978398 -0.42142425369539133 0.099693786624079586 0.061346152663994187 1.1131250904674339 0.68421052631577095 53.500000000000007 1.6703182997471751 2.6843576742573698 -0.040762181556044601 -0.098638088882254657 1.0056332865422395 0.81744524767612892
decision_type=2 2 10 2 2 2 2 2 2 2 2 10 2 2
left_child=1 -1 3 -2 10 7 -7 9 -9 -6 13 12 -12 -4
right_child=2 -3 4 -5 5 6 -8 8 -10 -11 11 -13 -14 -15
leaf_value=-0.0023320128078820525 0.00052658137832634359 -8.4444123336350457e-05 0.0070488703343533302 -0.012575119798158904 0.0064605773233689682 -0.011303704931567876 0.0037445839910998664 0.0025929137444096889 0.030073604494395098 -0.0045092968420205612 0.0017653827048926857 -0.0010181867551385204 0.0093565159078451993 0.0014802737278487037
leaf_weight=20448 1247 82585 3074 657 6340 580 649 204 236 658 4236 11780 1609 5201
leaf_count=20448 1247 82585 3074 657 6340 580 649 204 236 658 4236 11780 1609 5201
internal_value=0.000138279 -0.00053059 0.00202769 -0.00401543 0.00236109 0.00480035 -0.00337416 0.00615241 0.0175048 0.00542663 0.00154406 0.000600628 0.00386127 0.00355191
internal_weight=139504 103033 36471 1904 34567 8667 1229 7438 440 6998 25900 17625 5845 8275
internal_count=139504 103033 36471 1904 34567 8667 1229 7438 440 6998 25900 17625 5845 8275
is_linear=0
shrinkage=0.03


Tree=36
num_leaves=15
num_cat=0
split_feature=8 13 13 9 13 13 1 4 3 11 13 1 11 13
split_gain=217.243 129.614 89.5862 77.7751 64.6719 137.07 223.339 73.8827 65.8219 72.0608 103.448 171.892 123.593 92.0082
threshold=-0.012860485638590904 88.500000000000014 114.00000000000001 0.79051033767671852 19.500000000000004 20.500000000000004 2.0191587576822343 1.1028824728059303 0.45833333333333437 -0.22782893877309204 57.500000000000007 1.7741756538568898 -1.2552787284479348 64.500000000000014
decision_type=2 2 2 2 2 2 2 2 2 2 2 2 2 2
left_child=1 3 4 -1 7 6 -6 -2 -7 10 -10 -12 -13 -11
right_child=2 -3 -4 -5 5 8 -8 -9 9 13 11 12 -14 -15
leaf_value=-0.0032012882530971982 0.00062786189830422643 0.020955247316347514 -0.01470397156065947 -0.00077623836345690114 0.0047770679047013202 -0.0054573027856212901 0.032940467927266251 -0.0059849349861145198 0.003054133917379308 0.001306652623281328 -0.00019705341822956373 0.010145431328383692 0.039898841919807283 -0.0094232031007803335
leaf_weight=18202 60240 225 324 34388 1102 1091 325 1555 7802 12823 441 252 255 757
leaf_count=18202 60240 225 324 34388 1102 1091 325 1555 7802 12823 441 252 255 757
internal_value=-1.17631e-07 -0.00151767 0.000921525 -0.0016158 0.000980801 0.00227318 0.0112839 0.000460988 0.00172188 0.00207379 0.0041961 0.0135291 0.0253537 0.000705282
internal_weight=139782 52815 86967 52590 86643 24848 1427 61795 23421 22330 8750 948 507 13580
internal_count=139782 52815 86967 52590 86643 24848 1427 61795 23421 22330 8750 948 507 13580
is_linear=0
shrinkage=0.03


Tree=37
num_leaves=15
num_cat=0
split_feature=8 13 14 13 13 13 12 13 13 1 8 3 13 5
split_gain=176.622 77.7076 120.404 176.407 164.45 189.456 81.455 79.9259 88.8459 77.6306 72.9529 66.8733 66.7867 50.761
threshold=0.027273068114481141 40.500000000000007 1.0000000180025095e-35 44.500000000000007 95.000000000000014 72.500000000000014 -0.085910454073439654 114.00000000000001 73.500000000000014 1.7541064587326543 -0.018965689924807027 0.87999999999999734 35.500000000000007 1.1930641032238383
decision_type=2 2 2 2 2 2 2 2 2 2 2 2 2 2
left_child=1 10 4 -4 5 6 11 8 -5 -7 12 -3 -1 -2
right_child=13 2 3 7 -6 9 -8 -9 -10 -11 -12 -13 -14 -15
leaf_value=-0.0015523256169819161 -0.0012603108477065876 -0.0071078083826875199 0.011494609569721426 -0.0063049690881612115 0.029192750330018346 -0.016107998881108906 0.011297626461892373 -0.02198943376895927 0.013566617493936587 0.0055151524334665263 -9.8396616727356424e-05 0.009854555643074317 -0.0094496094752499395 0.0023712716491939073
leaf_weight=41400 3934 485 664 1760 254 485 1932 247 224 212 57898 360 982 28820
leaf_count=41400 3934 485 664 1760 254 485 1932 247 224 212 57898 360 982 28820
internal_value=7.72362e-06 -0.000582827 0.00256328 -0.00202516 0.0061244 0.00439823 0.00790711 -0.00606568 -0.00403294 -0.00953865 -0.000790729 0.00013422 -0.0017364 0.00193497
internal_weight=139657 106903 6623 2895 3728 3474 2777 2231 1984 697 100280 845 42382 32754
internal_count=139657 106903 6623 2895 3728 3474 2777 2231 1984 697 100280 845 42382 32754
is_linear=0
shrinkage=0.03


Tree=38
num_leaves=15
num_cat=0
split_feature=8 13 6 6 14 8 9 13 13 13 13 9 7 14
split_gain=162.504 111.163 100.337 85.0763 170.986 112.181 104.881 70.0958 185.331 82.7937 140.243 118.229 164.082 75.738
threshold=-0.012860485638590904 88.500000000000014 -0.41032650207893301 -0.42142425369539133 1.0000000180025095e-35 0.061762148517013164 0.94631180860567443 82.500000000000014 75.500000000000014 64.500000000000014 56.500000000000007 0.96882755937053877 0.42219292799801034 1.0000000180025095e-35
decision_type=2 2 10 10 2 2 2 2 2 2 2 2 10 2
left_child=1 2 -1 4 -2 6 -6 8 9 10 -5 12 -12 -9
right_child=3 -3 -4 7 5 -7 -8 13 -10 -11 11 -13 -14 -15
leaf_value=0.0037381079521622319 0.0038080331668016287 0.019444529796382049 -0.0017475747775829587 0.00098118298654704733 -0.011750217462567129 0.012991723172083686 0.00045195648851740643 -0.00094164687892917334 0.023599681567434663 -0.010826789618792017 0.0071535023673193684 -0.00090355448370982457 0.040409323099670533 -0.019171913824619573
leaf_weight=3191 2163 226 49227 78755 2321 232 871 593 324 521 312 341 232 309
leaf_count=3191 2163 226 49227 78755 2321 232 871 593 324 521 312 341 232 309
internal_value=-6.45903e-06 -0.00132192 -0.0014133 0.000789801 -0.00278974 -0.00695715 -0.00842511 0.00103568 0.00112908 0.00103679 0.00111507 0.0129573 0.021575 -0.00725809
internal_weight=139618 52644 52418 86974 5587 3424 3192 81387 80485 80161 79640 885 544 902
internal_count=139618 52644 52418 86974 5587 3424 3192 81387 80485 80161 79640 885 544 902
is_linear=0
shrinkage=0.03


Tree=39
num_leaves=15
num_cat=0
split_feature=0 5 12 9 13 13 7 13 7 12 13 13 13 13
split_gain=65.4124 84.3299 53.0028 51.4726 195.945 75.8092 72.946 71.5518 57.3021 70.6818 50.027 46.0599 96.6264 108.621
threshold=0.52533442903356009 1.1791277476989139 -0.1243870221260157 0.76428083658191703 75.500000000000014 64.500000000000014 0.69761237331284176 39.500000000000007 0.022145651102890736 -0.013745142159496902 42.500000000000007 85.000000000000014 75.500000000000014 64.500000000000014
decision_type=2 2 2 2 2 2 8 2 10 2 2 2 2 2
left_child=3 2 -2 6 5 -5 8 -8 10 -10 -1 12 13 -3
right_child=1 11 -4 4 -6 -7 7 -9 9 -11 -12 -13 -14 -15
leaf_value=-0.0010780255090512203 0.0048141321590284463 0.0011341845239372173 -0.0026577945110236468 -0.00023526203100379981 0.021369094176897929 -0.018129726947572467 -0.00058394784069575837 0.014262903950960431 -0.0082556650337623633 -0.0023656827519555365 0.01373508817963786 -0.0089402033775695597 0.016048936452428553 -0.014341245205515493
leaf_weight=1832 941 60329 8858 49235 373 209 8945 297 3400 3986 226 407 383 406
leaf_count=1832 941 60329 8858 49235 373 209 8945 297 3400 3986 226 407 383 406
internal_value=1.01007e-05 0.000645984 -0.00193817 -0.000651967 -0.000148259 -0.000312728 -0.00199446 -9.93767e-05 -0.00384797 -0.00508077 0.000578028 0.00105768 0.00112499 0.00102956
internal_weight=139827 71324 9799 68503 49817 49444 18686 9242 9444 7386 2058 61525 61118 60735
internal_count=139827 71324 9799 68503 49817 49444 18686 9242 9444 7386 2058 61525 61118 60735
is_linear=0
shrinkage=0.03


Tree=40
num_leaves=15
num_cat=0
split_feature=8 9 13 13 13 12 14 6 14 6 12 5 6 9
split_gain=154.383 76.9822 206.744 90.8686 144.352 137.226 149.78 140.817 107.461 142.84 177.062 105.404 86.7191 86.1044
threshold=0.024869066820084187 0.76223241453499291 95.000000000000014 74.500000000000014 40.500000000000007 -0.13324826455612185 1.0000000180025095e-35 -0.28336756477480923 1.0000000180025095e-35 -0.33882887476114243 -0.13324826455612185 2.4714474192239453 -0.47664151103190683 0.64506280678259775
decision_type=2 2 2 2 2 2 2 10 2 8 2 2 10 2
left_child=1 3 -3 4 8 -6 13 -8 9 10 -1 12 -12 -7
right_child=-2 2 -4 -5 5 6 7 -9 -10 -11 11 -13 -14 -15
leaf_value=-0.010219395127673343 0.0016916314071482609 -0.00018979030996168708 0.025102656300128628 -0.013706547539914026 -0.013860477677947807 0.037554185229163727 -0.018252869636813798 0.010257176698999493 -0.000218671076413288 -0.0051045537576615866 0.031465691702981149 -0.0042736066383836065 0.010067875972550291 0.013571696114364791
leaf_weight=509 35497 74927 287 571 234 201 220 503 12968 12379 243 294 572 420
leaf_count=509 35497 74927 287 571 234 201 220 503 12968 12379 243 294 572 420
internal_value=-1.7195e-05 -0.000598666 -9.16177e-05 -0.00190835 -0.00166997 0.00713533 0.0108287 0.00151614 -0.00218649 -0.00400891 0.00436357 0.0110726 0.0166008 0.0215721
internal_weight=139825 104328 75214 29114 28543 1578 1344 723 26965 13997 1618 1109 815 621
internal_count=139825 104328 75214 29114 28543 1578 1344 723 26965 13997 1618 1109 815 621
is_linear=0
shrinkage=0.03


Tree=41
num_leaves=15
num_cat=0
split_feature=8 6 6 14 9 9 14 7 9 14 6 6 5 5
split_gain=140.817 96.3038 91.4259 111.378 87.1526 85.3397 80.324 75.408 94.4797 74.6202 70.8376 86.2961 62.9753 62.6057
threshold=-0.012860485638590904 -0.41032650207893301 -0.42142425369539133 1.0000000180025095e-35 0.94631180860567443 0.78459077326157678 1.0000000180025095e-35 1.1716868637551341 0.66659882301165863 1.0000000180025095e-35 0.30710420656665732 0.024184037442526955 2.2098595588848906 2.2311907738151757
decision_type=2 10 10 2 2 2 2 10 2 2 10 10 2 2
left_child=1 6 3 7 -5 9 -1 8 -2 -3 11 -7 -13 -9
right_child=2 5 -4 4 -6 10 -8 13 -10 -11 -12 12 -14 -15
leaf_value=0.0060416863888125517 -0.014825495158595416 -0.0052890618838259771 0.00095300259535084837 -0.0093171459216853866 0.0013640533870424203 -0.0013124271340811341 -0.0062151745304011453 0.024742576840248977 0.002855889138285668 -0.0012113151514252598 -0.0038839260373073063 -0.00030491494230448036 0.0046079184943363504 0.0015699642611856476
leaf_weight=2599 329 8625 81268 2486 948 18312 586 215 1460 7599 5345 4562 4833 202
leaf_count=2599 329 8625 81268 2486 948 18312 586 215 1460 7599 5345 4562 4833 202
internal_value=-4.42651e-05 -0.00127157 0.000696614 -0.00299532 -0.00637077 -0.00159846 0.00378037 0.00226165 -0.000428003 -0.00338009 -0.000723543 -0.000113278 0.00222346 0.0136691
internal_weight=139369 52461 86908 5640 3434 49276 3185 2206 1789 16224 33052 27707 9395 417
internal_count=139369 52461 86908 5640 3434 49276 3185 2206 1789 16224 33052 27707 9395 417
is_linear=0
shrinkage=0.03


Tree=42
num_leaves=15
num_cat=0
split_feature=8 9 13 12 13 13 6 12 8 6 13 5 3 6
split_gain=140.925 63.144 207.093 104.339 118.332 107.825 83.6719 129.229 91.4248 60.4868 74.4433 58.2654 73.7926 69.1396
threshold=0.023546866251126081 0.76428083658191703 95.000000000000014 -0.0062705059539362442 74.500000000000014 51.500000000000007 -0.33882887476114243 -0.13324826455612185 0.0034992830179052963 0.13065476937771883 43.500000000000007 2.5845442600564805 0.95588235294117385 -0.34523505985770137
decision_type=2 2 2 2 2 2 8 2 2 8 2 2 2 10
left_child=1 3 11 6 5 -5 7 -1 9 10 -8 -3 -13 -14
right_child=-2 2 -4 4 -6 -7 8 -9 -10 -11 -12 12 13 -15
leaf_value=-0.0069676224811340524 0.001618915131482988 -0.00082622925184199381 0.024200263046082995 8.2865372717207019e-05 -0.019306900625606235 0.018723010587064843 -0.0078229693367427959 0.010301252263025569 0.00074087247136993978 -0.0021350364354986743 0.0055983548847180374 0.00037703443971050867 -0.010080790104810148 0.0067318480424712257
leaf_weight=673 37020 46130 310 13957 273 280 6803 914 2582 3209 390 24263 235 2732
leaf_count=673 37020 46130 310 13957 273 280 6803 914 2582 3209 390 24263 235 2732
internal_value=3.20269e-05 -0.000539762 -7.24731e-05 -0.00172331 7.75547e-05 0.000455907 -0.00351605 0.00297915 -0.00431079 -0.00556447 -0.00709189 -0.000176686 0.000923648 0.00538549
internal_weight=139771 102751 73670 29081 14510 14237 14571 1587 12984 10402 7193 73360 27230 2967
internal_count=139771 102751 73670 29081 14510 14237 14571 1587 12984 10402 7193 73360 27230 2967
is_linear=0
shrinkage=0.03


Tree=43
num_leaves=15
num_cat=0
split_feature=8 13 11 13 13 9 13 14 12 13 0 9 11 13
split_gain=171.731 68.0126 111.698 141.663 108.865 141.53 80.0826 68.503 104.068 80.2598 65.126 73.4974 57.8958 55.6501
threshold=0.023546866251126081 39.500000000000007 -0.088897360581432786 72.500000000000014 95.000000000000014 0.71350874041370327 52.500000000000007 1.0000000180025095e-35 -0.0023355073640785591 44.500000000000007 0.56491353876654904 0.95489489766715985 -1.2552787284479348 35.500000000000007
decision_type=2 2 2 2 2 2 2 2 2 2 2 2 2 2
left_child=1 13 4 7 5 6 -3 8 -4 -9 11 -7 -2 -1
right_child=12 2 3 -5 -6 10 -8 9 -10 -11 -12 -13 -14 -15
leaf_value=-0.00077811989911034528 -0.0026485930187979592 0.024952508135161963 -0.00031028644807758876 -0.015230328916072027 0.024567406990661702 -0.0057738651319905283 0.0047400280210820045 0.0067851646591236096 0.017393529024136749 -0.0097313783182998107 0.011993251393449682 0.0054873093131973041 0.0020219496932704639 -0.0057890591206041847
leaf_weight=94153 2562 401 849 578 256 1234 317 399 456 766 407 896 34515 2033
leaf_count=94153 2562 401 849 578 256 1234 317 399 456 766 407 896 34515 2033
internal_value=-5.11526e-05 -0.000682738 0.00227194 -0.00192844 0.00591597 0.00441364 0.0161231 0.00120879 0.00591865 -0.00406982 0.00107453 -0.00103501 0.0016989 -0.000884327
internal_weight=139822 102745 6559 3048 3511 3255 718 2470 1305 1165 2537 2130 37077 96186
internal_count=139822 102745 6559 3048 3511 3255 718 2470 1305 1165 2537 2130 37077 96186
is_linear=0
shrinkage=0.03


Tree=44
num_leaves=15
num_cat=0
split_feature=8 14 9 12 12 9 13 13 4 8 12 0 13 10
split_gain=138.962 68.9369 125.782 111.941 105.761 85.7599 117.938 76.6806 98.0801 61.6144 74.0662 61.2859 52.9716 52.9543
threshold=0.017566079871188075 1.0000000180025095e-35 0.96882755937053877 0.16755081458644153 0.062574199553407275 1.0718119608790244 14.500000000000002 39.500000000000007 0.96478285340898129 0.053267972288974154 0.099693786624079586 0.4931051869362581 42.500000000000007 1.8782942419047177
decision_type=2 2 2 2 2 2 2 2 2 2 2 2 2 2
left_child=11 2 -2 4 5 7 -7 8 -3 10 13 -1 -9 -6
right_child=1 3 -4 -5 9 6 -8 12 -10 -11 -12 -13 -14 -15
leaf_value=-0.0019029043320463515 0.0020889025743585183 0.00087809949744473083 -0.0025315087173792172 -0.0056113509276095848 0.0052861594630699039 0.0024417192731875739 0.01585890887744101 0.021843890169492133 -0.01107725048870801 0.012340590563896846 0.0006266435562787394 -0.00012253291367467366 0.00515138758275345 0.014983432725871552
leaf_weight=22960 13666 11088 8658 1379 1482 1828 867 216 649 1344 1925 71830 781 773
leaf_count=22960 13666 11088 8658 1379 1482 1828 867 216 649 1344 1925 71830 781 773
internal_value=9.61653e-05 0.00147584 0.000296786 0.00265415 0.00319935 0.00192286 0.0067795 0.000892749 0.00021259 0.00675972 0.0049527 -0.000553851 0.00885877 0.00863612
internal_weight=139446 44656 22324 22332 20953 15429 2695 12734 11737 5524 4180 94790 997 2255
internal_count=139446 44656 22324 22332 20953 15429 2695 12734 11737 5524 4180 94790 997 2255
is_linear=0
shrinkage=0.03


Tree=45
num_leaves=15
num_cat=0
split_feature=8 6 13 9 6 6 14 9 9 1 9 13 13 13
split_gain=117.053 84.766 86.8134 71.5475 73.1572 57.1785 178.121 96.5394 66.167 65.406 64.4391 130.875 88.4746 147.311
threshold=-0.019785837690491821 -0.53635489384601454 75.500000000000014 0.87868598708589374 0.30004037275885159 -0.43316160390790315 1.0000000180025095e-35 0.90845566961192248 0.61045920392653319 1.526222426077102 1.1971146537045942 46.500000000000007 37.500000000000007 36.500000000000007
decision_type=2 8 2 2 10 10 2 2 2 2 2 2 2 2
left_child=1 -1 3 -3 -5 6 8 -8 -2 -9 12 -12 13 -7
right_child=5 2 -4 4 -6 10 7 9 -10 -11 11 -13 -14 -15
leaf_value=0.014151904069924656 -0.011369054681742291 -0.002670721800018211 0.016741541191459972 0.00060818284249509005 -0.0043446784479175913 0.00079107611562782745 -0.010344404683388301 -0.0035282031615858833 0.0052164259636728605 0.013645758623091871 -0.00071579216698542216 -0.015343325311359148 0.0040741758087142962 -0.015934789417510701
leaf_weight=311 234 23177 230 16324 3207 73495 2274 865 2321 254 8432 584 7636 472
leaf_count=311 234 23177 230 16324 3207 73495 2274 865 2321 254 8432 584 7636 472
internal_value=-3.30913e-05 -0.00133006 -0.00144383 -0.00154372 -0.000205983 0.000547816 -0.00230035 -0.00680111 0.0036782 0.000413447 0.000734878 -0.00167125 0.00100081 0.000683275
internal_weight=139816 43249 42938 42708 19531 96567 5948 3393 2555 1119 90619 9016 81603 73967
internal_count=139816 43249 42938 42708 19531 96567 5948 3393 2555 1119 90619 9016 81603 73967
is_linear=0
shrinkage=0.03


Tree=46
num_leaves=15
num_cat=0
split_feature=8 9 6 6 1 3 11 12 9 6 12 3 0 11
split_gain=114.444 61.3962 117.198 96.3591 64.3872 65.2252 62.8715 73.5209 57.85 111.72 79.1128 75.3189 59.1197 58.1499
threshold=0.027273068114481141 0.82336799057070964 -0.42142425369539133 -0.091573869795854787 2.1865313136382114 0.67272727272726651 0.79204600385000101 0.072353828454745098 0.93550741913693314 0.28053908081065421 -0.024952558413009748 0.99275886658696921 0.5608990264353283 2.2314801947569336
decision_type=2 2 8 8 2 2 2 2 2 10 2 2 2 2
left_child=8 2 -2 6 -5 -6 7 -3 13 10 -10 12 -12 -1
right_child=1 3 -4 4 5 -7 -8 -9 9 -11 11 -13 -14 -15
leaf_value=-0.00085217217597595614 -0.01242075813116787 -0.00081220215415627351 0.0037579444085202077 6.2358438425911893e-06 -0.01056126887609057 -0.00016665247148977449 0.0075950240711739553 0.0082253186207871115 0.0028806050576347252 -0.003009174400673731 -0.0012291438859532455 0.010421203741371029 0.0032451252883315602 -0.0067913788004516961
leaf_weight=65853 412 3285 12151 11342 1139 1035 2243 1070 14124 6913 14958 589 3227 1513
leaf_count=65853 412 3285 12151 11342 1139 1035 2243 1070 14124 6913 14958 589 3227 1513
internal_value=2.35869e-05 0.00157766 0.00322264 0.000549681 -0.000901165 -0.00562433 0.00352017 0.00141515 -0.000450284 0.000456333 0.0011849 -9.12317e-05 -0.000434493 -0.000986057
internal_weight=139854 32677 12563 20114 13516 2174 6598 4355 107177 39811 32898 18774 18185 67366
internal_count=139854 32677 12563 20114 13516 2174 6598 4355 107177 39811 32898 18774 18185 67366
is_linear=0
shrinkage=0.03


Tree=47
num_leaves=15
num_cat=0
split_feature=8 9 8 3 1 0 5 2 7 13 1 11 2 11
split_gain=125.076 63.7522 69.0971 61.7498 63.8162 52.1403 73.9549 67.5162 55.4794 75.3605 62.5758 57.1992 53.9112 50.6631
threshold=0.023984975594457048 0.93550741913693314 -0.034515781273734822 0.99275886658696921 1.1211196023730112 0.58607338213029159 2.2098595588848906 0.88709677419355215 0.64421943855102282 34.500000000000007 6.0687647590915077 -0.84031259690652915 0.88709677419355215 2.2912129397993497
decision_type=2 2 2 2 2 2 2 2 10 2 2 2 2 2
left_child=1 2 -1 -3 -5 8 -7 -8 9 12 -10 -11 -2 -4
right_child=5 3 13 4 -6 6 7 -9 10 11 -12 -13 -14 -15
leaf_value=-0.002685927381609944 -0.00047242028999969682 0.00029658825672875937 -0.00031402763886314677 0.0029379687565890588 0.018503711450413414 0.00037430625909884826 0.0056559761485274005 0.019945287795180282 0.0028836009320815804 0.013534706420206473 -0.007972606485146248 0.0023985882816185042 -0.0079498874667299612 -0.0073078172505254436
leaf_weight=16812 13184 37138 47206 864 323 2657 3068 326 13254 503 491 2289 924 946
leaf_count=16812 13184 37138 47206 864 323 2657 3068 326 13254 503 491 2289 924 946
internal_value=7.65348e-05 -0.000457975 -0.00103041 0.000512353 0.00723348 0.00158089 0.00412469 0.00705581 0.00107801 -7.32449e-05 0.00249304 0.00442545 -0.000964798 -0.000452173
internal_weight=139985 103289 64964 38325 1187 36696 6051 3394 30645 16900 13745 2792 14108 48152
internal_count=139985 103289 64964 38325 1187 36696 6051 3394 30645 16900 13745 2792 14108 48152
is_linear=0
shrinkage=0.03


Tree=48
num_leaves=15
num_cat=0
split_feature=8 8 0 14 9 6 9 6 12 12 8 9 12 12
split_gain=138.313 60.6601 62.375 58.8697 105.656 98.3035 74.7861 67.0802 62.726 52.8864 68.4854 85.2941 49.125 90.3697
threshold=0.023984975594457048 -0.040241087020223963 0.43818666121137489 1.0000000180025095e-35 1.0166814074415951 -0.42142425369539133 0.90431339160087065 0.61067905654017995 0.10206281585538525 -0.049459727024908633 0.043410387794395197 0.82725930613129195 0.062574199553407275 0.11993319617378907
decision_type=2 2 2 2 2 8 2 10 2 2 2 2 2 2
left_child=1 -1 -3 4 9 6 -5 8 -6 10 -2 -12 -7 -14
right_child=3 2 -4 5 7 12 -8 -9 -10 -11 11 -13 13 -15
leaf_value=-0.0020878363057761995 0.0012937565823085606 -0.005613400514606944 -0.00012024188876529908 -0.01331692247849363 -0.0028860426168473004 0.0022070390962720221 0.0052547901463569011 0.0068555365164530572 -0.013484139176611631 0.00063073090285227669 0.015049127866872227 0.0011612641123776638 0.008811367819964817 0.00065626942311102518
leaf_weight=19949 2107 1899 81279 574 4744 11982 291 561 558 8739 983 668 3205 1977
leaf_count=19949 2107 1899 81279 574 4744 11982 291 561 558 8739 983 668 3205 1977
internal_value=-4.12553e-05 -0.000602358 -0.000245984 0.00154878 0.000352869 0.00276621 -0.0070748 -0.00296816 -0.00401307 0.0019115 0.00488506 0.00945052 0.00326408 0.00570372
internal_weight=139516 103127 83178 36389 18360 18029 865 5863 5302 12497 3758 1651 17164 5182
internal_count=139516 103127 83178 36389 18360 18029 865 5863 5302 12497 3758 1651 17164 5182
is_linear=0
shrinkage=0.03


Tree=49
num_leaves=15
num_cat=0
split_feature=8 13 6 13 5 6 13 13 1 4 14 7 1 9
split_gain=77.2024 88.3375 76.4394 64.1162 61.2012 58.5259 78.8315 128.248 250.294 80.3358 77.4958 80.3349 70.8489 127.406
threshold=-0.017287247841511869 75.500000000000014 -0.42142425369539133 114.00000000000001 1.8538925883587032 -0.38307483183909596 19.500000000000004 20.500000000000004 2.0713091726472075 0.19847456396200244 1.0000000180025095e-35 1.0409398458656327 3.784052933026095 0.95489489766715985
decision_type=2 2 10 2 2 8 2 2 2 2 2 10 2 2
left_child=1 2 4 5 -1 10 9 8 -8 -7 11 -2 -9 -14
right_child=3 -3 -4 -5 -6 6 7 12 -10 -11 -12 -13 13 -15
leaf_value=0.0092617927303397518 -0.00094982099828894466 0.016192531883578096 -0.0013449166054792063 -0.012344405470978512 -6.8399065233243564e-05 0.0013806100255159607 0.003726458047240434 0.0021930806733309323 0.033116532389459941 -0.00076526361033763608 -0.0053043371365522028 0.013448228313251823 0.0032698856082546261 -0.012668059114198051
leaf_weight=1111 1665 264 43770 341 1461 29148 1047 20871 343 34025 3295 436 989 823
leaf_count=1111 1665 264 43770 341 1461 29148 1047 20871 343 34025 3295 436 989 823
internal_value=4.6439e-05 -0.000950034 -0.00104943 0.000545927 0.00397202 0.000594038 0.000781603 0.00224224 0.0110715 0.000224873 -0.00243656 0.0020629 0.00169887 -0.00398398
internal_weight=139589 46606 46342 92983 2572 92642 87246 24073 1390 63173 5396 2101 22683 1812
internal_count=139589 46606 46342 92983 2572 92642 87246 24073 1390 63173 5396 2101 22683 1812
is_linear=0
shrinkage=0.03


Tree=50
num_leaves=15
num_cat=0
split_feature=8 6 9 5 6 12 8 10 6 6 11 5 9 9
split_gain=86.6831 85.4267 58.3324 67.3159 54.6497 129.688 63.9104 50.8017 54.6053 59.9302 65.1755 59.8452 48.8803 47.3448
threshold=-0.019785837690491821 -0.53635489384601454 0.92697347520403739 2.4714474192239453 -0.42142425369539133 0.099693786624079586 -0.0057985496574191912 1.1924854556506006 -0.31713264711408945 0.050450301100582691 -0.610231638790243 3.2768286243196632 0.93130454823164655 1.3496699066245252
decision_type=2 8 2 2 10 2 2 2 10 10 2 2 2 2
left_child=1 -1 7 -4 5 6 -2 -3 11 -10 -11 -9 -8 -6
right_child=4 2 3 -5 13 -7 12 8 9 10 -12 -13 -14 -15
leaf_value=0.014652202080499815 0.0064278798988112425 -0.0046652025312469026 -0.0014567182027828763 0.0025145038973484525 0.00085572493552526455 -0.0092463504688901684 -0.004184450613128215 0.0044887889924763863 -0.00344450657868827 -0.0038119992459893924 0.0016451210372641998 -0.010621090817507927 0.0035253413849413821 -0.0025276689396383765
leaf_weight=303 1186 5332 8897 6753 86448 1700 2255 2159 10684 2907 6082 260 1096 3885
leaf_count=303 1186 5332 8897 6753 86448 1700 2255 2159 10684 2907 6082 260 1096 3885
internal_value=2.21262e-05 -0.00109183 -0.00120427 0.000257126 0.000522521 -0.00219239 0.000457981 -0.00203814 -0.00140317 -0.00192626 -0.000120824 0.00284618 -0.00166134 0.000710082
internal_weight=139947 43377 43074 15650 96570 6237 4537 27424 22092 19673 8989 2419 3351 90333
internal_count=139947 43377 43074 15650 96570 6237 4537 27424 22092 19673 8989 2419 3351 90333
is_linear=0
shrinkage=0.03


Tree=51
num_leaves=15
num_cat=0
split_feature=13 4 1 9 9 0 6 12 13 13 13 4 11 9
split_gain=76.4746 77.5254 63.5847 61.2983 60.893 59.8498 71.7997 72.7299 71.1007 87.0728 115.275 99.3687 57.8853 97.9637
threshold=14.500000000000002 0.20878955484652376 6.8563948202691449 1.5564632732145112 0.85019300835076539 0.52574691077130709 0.026886380391967672 -0.096687096628996869 83.500000000000014 39.500000000000007 35.500000000000007 0.47141117303153746 1.1735990098880913 0.89442534521928885
decision_type=2 2 2 2 2 2 8 2 2 2 2 2 2 2
left_child=1 -1 3 5 -4 -2 8 -8 9 10 12 -11 -7 -14
right_child=2 -3 4 -5 -6 6 7 -9 -10 11 -12 -13 13 -15
leaf_value=0.00042056685024777603 5.2416095590269831e-05 -0.0013456437250862895 0.0054846748234166831 -0.010969698833378448 -0.014038029778474256 0.0025410599494285779 0.0059889169095563508 -0.00078545812453581141 -0.0098178239381254712 0.0028598157901772079 -0.008453664188604177 0.013915971661261692 0.0018682377446096162 0.016460471814537768
leaf_weight=43387 22529 46157 203 371 470 10049 1685 9137 351 1464 783 1464 903 762
leaf_count=43387 22529 46157 203 371 470 10049 1685 9137 351 1464 783 1464 903 762
internal_value=3.54844e-05 -0.000489881 0.0009731 0.00109798 -0.00815229 0.00119022 0.00215378 0.0002716 0.00344442 0.00374929 0.0026562 0.00840219 0.00340211 0.00857577
internal_weight=139715 89544 50171 49498 673 49127 26598 10822 15776 15425 12497 2928 11714 1665
internal_count=139715 89544 50171 49498 673 49127 26598 10822 15776 15425 12497 2928 11714 1665
is_linear=0
shrinkage=0.03


Tree=52
num_leaves=15
num_cat=0
split_feature=8 6 9 6 6 14 0 12 6 9 3 0 12 9
split_gain=150.091 88.9734 66.4633 69.8679 57.4048 56.5246 52.7997 52.6024 66.4958 61.0908 50.8551 48.2201 76.9607 55.529
threshold=-0.017287247841511869 -0.43316160390790315 0.7984533867400363 0.30004037275885159 0.01872073760195914 1.0000000180025095e-35 0.52380152508657696 0.18845806939056473 -0.25771549973287017 0.93755084045562831 0.89320388349513691 0.58607338213029159 0.022152599782424291 1.0790084988325368
decision_type=2 10 2 10 10 2 2 2 10 2 2 2 2 2
left_child=1 10 5 4 -4 -3 -7 11 -9 -10 -1 -2 -13 -14
right_child=7 2 3 -5 -6 6 -8 8 9 -11 -12 12 13 -15
leaf_value=0.0068605715394332986 0.00057556872846929914 -0.0048960777383714816 -0.0012319984323287665 -0.004180881459945952 0.0018974804493172813 -0.0033687975638568 0.0018269426104580975 -0.0084113434034040861 0.0041225814980060949 -0.0057939301263710491 -0.0029014664031902829 0.00048024296815479654 0.0069135315403769399 -0.0026861430815789725
leaf_weight=1757 78807 8632 15369 4655 8026 4450 2906 1259 1388 929 657 5998 4022 624
leaf_count=1757 78807 8632 15369 4655 8026 4450 2906 1259 1388 929 657 5998 4022 624
internal_value=-6.44877e-06 -0.00139903 -0.00170656 -0.000826412 -0.000158208 -0.00325 -0.00131637 0.000688958 -0.00287649 0.000142647 0.00420321 0.000831647 0.00272646 0.00562271
internal_weight=139479 46452 44038 28050 23395 15988 7356 93027 3576 2317 2414 89451 10644 4646
internal_count=139479 46452 44038 28050 23395 15988 7356 93027 3576 2317 2414 89451 10644 4646
is_linear=0
shrinkage=0.03


Tree=53
num_leaves=15
num_cat=0
split_feature=8 6 9 13 6 1 13 13 13 11 3 12 12 13
split_gain=92.2543 127.512 84.0658 115.182 80.575 80.4489 92.7109 101.074 100.756 85.7826 82.3614 79.8411 74.1286 72.3966
threshold=0.0058332482112384591 -0.42142425369539133 0.8464097168146858 85.000000000000014 -0.20273707682329142 3.5002642397682835 31.500000000000004 46.500000000000007 42.500000000000007 -0.20840706146365578 0.67272727272726651 -0.073905215421379164 0.046648656909582704 90.500000000000014
decision_type=2 10 2 2 10 2 2 2 2 2 2 2 2 2
left_child=13 11 3 12 -4 6 -6 8 9 -8 -11 -2 -3 -1
right_child=1 2 4 -5 5 -7 7 -9 -10 10 -12 -13 -14 -15
leaf_value=-0.00067053873090779667 0.004843398999417178 0.0016974226582488431 0.0035266638535592751 -0.018769501942609037 -0.0006189831055123451 -0.0067917218833533901 0.014747772129042677 -0.0021338747811757704 0.025049984438153001 0.016976301793009043 -0.0037367006337027183 -0.0066936367892458572 0.005299184303128323 0.012703111688339258
leaf_weight=78968 659 16110 5793 219 22722 1643 634 1150 296 215 800 2905 7555 361
leaf_count=78968 659 16110 5793 219 22722 1643 634 1150 296 215 800 2905 7555 361
internal_value=6.4677e-05 0.000944918 0.00128845 0.00264605 0.000313104 -0.000365352 4.48594e-05 0.00491161 0.00907211 0.00613698 0.000712493 -0.00455659 0.00284815 -0.000608883
internal_weight=140030 60701 57137 23884 33253 27460 25817 3095 1945 1649 1015 3564 23665 79329
internal_count=140030 60701 57137 23884 33253 27460 25817 3095 1945 1649 1015 3564 23665 79329
is_linear=0
shrinkage=0.03


Tree=54
num_leaves=15
num_cat=0
split_feature=13 1 9 7 13 3 1 11 1 7 11 12 13 13
split_gain=75.6711 58.1275 61.442 61.1035 93.7084 106.321 112.871 70.1424 68.3652 66.6912 66.4325 66.1491 58.0787 109.395
threshold=14.500000000000002 6.8563948202691449 0.85206774053284295 0.82674092290673407 27.500000000000004 0.8482142857142827 2.0713091726472075 1.0032871731276003 2.6258815088244765 -0.1100962584076403 1.1558326531794594 -0.094706593117839008 114.00000000000001 75.500000000000014
decision_type=2 2 2 10 2 2 2 2 2 8 2 2 2 2
left_child=-1 3 -3 9 5 7 -7 11 -9 10 -2 -5 13 -11
right_child=1 2 -4 4 -6 6 -8 8 -10 12 -12 -13 -14 -15
leaf_value=-0.00056322069498631125 0.0021239910016730154 0.0057138383288153453 -0.014090136536530086 0.010462994547777398 -0.0012733591051370245 0.0072835218693086037 0.029456910953169962 0.0051640585272518915 0.019609991564622731 -0.00025350594898567493 0.011686139944507856 3.389343781189957e-05 -0.012410581801919665 0.01064203245368537
leaf_weight=89481 6632 201 450 640 2979 656 300 1064 406 31208 721 3616 336 847
leaf_count=89481 6632 201 450 640 2979 656 300 1064 406 31208 721 3616 336 847
internal_value=-4.07077e-05 0.000893309 -0.0079786 0.00101101 0.00315027 0.00512191 0.0143588 0.00356856 0.00920684 0.000490664 0.00306891 0.00161262 -9.50018e-05 3.60053e-05
internal_weight=139537 50056 651 49405 9661 6682 956 5726 1470 39744 7353 4256 32391 32055
internal_count=139537 50056 651 49405 9661 6682 956 5726 1470 39744 7353 4256 32391 32055
is_linear=0
shrinkage=0.03


Tree=55
num_leaves=15
num_cat=0
split_feature=13 4 0 1 12 12 9 9 13 10 13 7 12 7
split_gain=75.1907 77.5639 70.2295 48.4548 45.4034 71.2111 56.2577 44.6477 76.2676 42.3979 133.198 77.5199 47.3373 61.5878
threshold=14.500000000000002 0.92359080337765398 0.52574691077130709 6.8563948202691449 0.046648656909582704 0.10445031458579281 1.0404881211111674 1.3950692599194361 46.500000000000007 2.6222250942053598 49.500000000000007 0.45542314061471306 -0.013745142159496902 0.84298685780507632
decision_type=2 2 2 2 2 2 2 2 2 2 2 10 2 10
left_child=1 4 3 9 -1 -6 -7 -4 -9 12 11 -11 13 -2
right_child=2 -3 7 -5 5 6 -8 8 -10 10 -12 -13 -14 -15
leaf_value=-0.00071962784319051039 -0.00036995785194740089 -0.0044518513221505135 0.0021566686533711498 -0.013289504125714302 0.0023803639013207827 0.00014089598585228095 -0.0054221117742154655 0.001308918189802395 -0.020573419941641951 -0.0061774516978882685 0.025841273330316872 0.007365801580423271 -0.0019399547902400245 0.0050361089047217499
leaf_weight=63531 7997 4276 26635 250 12260 7532 2085 441 207 698 221 824 10466 2481
leaf_count=63531 7997 4276 26635 250 12260 7532 2085 441 207 698 221 824 10466 2481
internal_value=9.15596e-06 -0.000511275 0.000938512 -0.000285027 -0.000313739 0.000864861 -0.00106737 0.00196701 -0.00578528 -0.000138828 0.0043499 0.00115488 -0.000513337 0.000911892
internal_weight=139904 89684 50220 22937 85408 21877 9617 27283 648 22687 1743 1522 20944 10478
internal_count=139904 89684 50220 22937 85408 21877 9617 27283 648 22687 1743 1522 20944 10478
is_linear=0
shrinkage=0.03


Tree=56
num_leaves=15
num_cat=0
split_feature=8 11 13 14 10 0 5 2 13 3 3 2 5 0
split_gain=120.39 67.9838 78.561 68.4301 53.0122 49.3038 61.3678 64.6817 49.0177 52.5091 42.4442 49.7584 47.295 40.1878
threshold=0.028212583899926282 -0.91599721358294883 23.500000000000004 1.0000000180025095e-35 2.1458341682421458 0.58607338213029159 2.2098595588848906 0.87931034482758441 3.5000000000000004 0.58853258754040638 0.79274611398964157 0.73600000000000143 0.64091261214036999 0.64366282396464403
decision_type=2 2 2 2 2 2 2 2 2 2 2 2 2 2
left_child=-1 2 -2 -4 -5 10 13 8 -8 -10 11 12 -3 -7
right_child=1 5 3 4 -6 6 7 -9 9 -11 -12 -13 -14 -15
leaf_value=-0.00046807617019045835 -0.0051518243834684473 -0.0094670151653936351 -0.0026471377823396886 0.0043039315474410365 0.022269838070258115 0.0024985875395715125 0.013967975684345395 0.021382394175137012 -0.0088218807797186931 0.0058429754747004103 0.00011772830922079931 0.014043722133528825 0.0026900290915669212 -0.010314460096269613
leaf_weight=108281 2558 290 705 410 229 1576 566 279 248 1688 9984 335 12503 251
leaf_count=108281 2558 290 705 410 229 1576 566 279 248 1688 9984 335 12503 251
internal_value=7.51103e-06 0.00163585 -0.0020697 0.00379378 0.0108653 0.00215774 0.00498988 0.00779201 0.00623691 0.00394653 0.00159212 0.00271294 0.00241085 0.000714937
internal_weight=139903 31622 3902 1344 639 27720 4608 2781 2502 1936 23112 13128 12793 1827
internal_count=139903 31622 3902 1344 639 27720 4608 2781 2502 1936 23112 13128 12793 1827
is_linear=0
shrinkage=0.03


Tree=57
num_leaves=15
num_cat=0
split_feature=8 6 9 9 6 6 9 6 11 12 2 0 5 12
split_gain=89.2169 49.617 51.3732 50.4709 83.5748 74.923 52.3803 68.1935 66.9527 49.7403 47.5487 59.6039 52.3111 46.577
threshold=0.024869066820084187 -0.42142425369539133 0.91445006889697289 0.82336799057070964 0.010913398558096034 0.56875062033809043 0.90638199082559867 -0.20273707682329142 0.86382916706328017 0.072353828454745098 0.80446927374301591 0.58497586688040959 0.74501021641924015 -0.16079821466004016
decision_type=2 10 2 2 10 10 2 10 2 2 2 2 2 2
left_child=-1 2 -2 10 6 -6 -5 8 9 -8 12 -12 -3 -7
right_child=1 3 -4 4 5 13 7 -9 -10 -11 11 -13 -14 -15
leaf_value=-0.00047437410129760199 -0.0071078115875782269 -0.0051953391568816225 0.0035361661831166866 -0.00092263705871944827 -0.0022423724993513978 -0.0051551175275172043 0.0012075489475005447 0.0019240907337727926 0.015314185655758851 0.013117961962313074 -0.0047919203506208577 0.0064601603259047194 0.0042943383870874836 0.0081824794556723986
leaf_weight=104270 1213 547 610 2869 9147 298 1140 5216 769 432 1348 612 10173 1071
leaf_count=104270 1213 547 610 2869 9147 298 1140 5216 769 432 1348 612 10173 1071
internal_value=-3.23718e-05 0.00126777 -0.00354626 0.00152928 0.000624555 -0.00126222 0.00252731 0.00383682 0.00808541 0.00451185 0.00302266 -0.00127102 0.00380792 0.005271
internal_weight=139715 35445 1823 33622 20942 10516 10426 7557 2341 1572 12680 1960 10720 1369
internal_count=139715 35445 1823 33622 20942 10516 10426 7557 2341 1572 12680 1960 10720 1369
is_linear=0
shrinkage=0.03


Tree=58
num_leaves=15
num_cat=0
split_feature=8 9 6 6 1 6 6 11 7 9 11 2 9 6
split_gain=88.0768 68.1144 78.6666 73.8781 60.8837 54.8797 53.8469 89.1994 62.7659 58.1555 58.9118 52.663 48.469 48.3427
threshold=-0.012860485638590904 0.76839154452192027 -0.46086467597303504 0.51404826898247968 0.52480424855531338 0.13065476937771883 -0.42142425369539133 1.1209924996884759 1.9534988293735982 0.95262567910326135 -0.48085617269103831 0.64242424242424068 0.56329432177592176 -0.17860159010886326
decision_type=2 2 8 10 2 8 10 2 10 2 2 2 2 10
left_child=1 2 -1 4 -3 13 7 8 9 10 -2 -6 -8 -4
right_child=6 3 5 -5 11 -7 12 -9 -10 -11 -12 -13 -14 -15
leaf_value=0.0089259849196738177 0.0024341674649104887 -0.0032867799454927931 -0.0014034084523084666 -0.0050471503657946136 -0.00063662266177119686 -0.00061637682668227837 0.0054614033296453849 -0.0097963165584706111 0.015374068266505166 0.0044942676012559224 -0.0061669391940857091 0.0018912547576051169 0.00061774401178998374 -0.0058548396512584861
leaf_weight=505 1075 4254 3290 2741 15824 5388 1899 1133 211 1179 2132 13953 79480 6620
leaf_count=505 1075 4254 3290 2741 15824 5388 1899 1133 211 1179 2132 13953 79480 6620
internal_value=-5.20971e-05 -0.0010217 -0.00266855 -0.000313697 6.82406e-05 -0.00305409 0.000533139 -0.00227656 -0.000414567 -0.00119076 -0.00328451 0.000548017 0.000731101 -0.00437847
internal_weight=139684 52575 15803 36772 34031 15298 87109 5730 4597 4386 3207 29777 81379 9910
internal_count=139684 52575 15803 36772 34031 15298 87109 5730 4597 4386 3207 29777 81379 9910
is_linear=0
shrinkage=0.03


Tree=59
num_leaves=15
num_cat=0
split_feature=8 13 13 12 14 13 13 3 1 13 11 11 11 3
split_gain=101.879 75.2549 59.943 47.7132 61.2218 55.224 136.106 182.867 180.904 232.611 184.734 169.862 131.515 128.186
threshold=-0.017287247841511869 75.500000000000014 114.00000000000001 0.20641677436352937 1.0000000180025095e-35 37.500000000000007 46.500000000000007 0.62835762550957786 2.2196696844383244 55.500000000000007 -0.99982062344711486 1.2671436862680026 -1.2552787284479348 0.79090909090909067
decision_type=2 2 2 2 2 2 2 2 2 2 2 2 2 2
left_child=1 -1 3 5 -5 -2 11 -8 10 -10 -9 12 -7 -11
right_child=2 -3 -4 4 -6 6 7 8 9 13 -12 -13 -14 -15
leaf_value=-0.0011998527449080668 0.00053716116799217559 0.015143116366775596 -0.011713760807257841 0.0051372632102190865 -0.0055650513940704383 -0.0086584813154097322 -0.012466688192355427 0.017521698257193231 -0.0048542866275814549 0.038431321835831589 -0.0044851956678004347 -0.0090826149807813079 0.012509931212470375 0.012736667850635415
leaf_weight=46295 81767 250 349 613 2175 290 876 393 442 280 2494 463 2635 473
leaf_count=46295 81767 250 349 613 2175 290 876 393 442 280 2494 463 2635 473
internal_value=3.57931e-05 -0.00111046 0.000607963 0.000654879 -0.00320694 0.000774531 0.00309837 -6.98836e-05 0.00260248 0.0123927 -0.00146434 0.00772806 0.0104 0.0224816
internal_weight=139795 46545 93250 92901 2788 90113 8346 4958 4082 1195 2887 3388 2925 753
internal_count=139795 46545 93250 92901 2788 90113 8346 4958 4082 1195 2887 3388 2925 753
is_linear=0
shrinkage=0.03


Tree=60
num_leaves=15
num_cat=0
split_feature=8 4 13 11 9 9 13 13 2 1 13 6 13 13
split_gain=78.2683 61.4185 76.6316 65.3345 49.0438 54.8001 127.668 106.829 63.4069 63.0577 57.8842 64.641 84.5425 63.1477
threshold=-0.042196620832374944 0.20878955484652376 14.500000000000002 -1.4373322302968015 1.4540120282616378 0.74247697329248485 95.000000000000014 83.500000000000014 0.44485338890166898 6.0687647590915077 59.500000000000007 -0.13339456698855165 40.500000000000007 32.500000000000007
decision_type=2 2 2 2 2 2 2 2 2 2 2 10 2 2
left_child=-1 3 -3 -2 5 7 9 8 -4 -7 11 -10 13 -13
right_child=1 2 4 -5 -6 6 -8 -9 10 -11 -12 12 -14 -15
leaf_value=-0.0018567678980186491 -0.0028644681756889007 -0.0012171306500334247 0.0074801099340363244 0.0013192162213862765 -0.0087355147705010915 0.0017290806628855592 0.022816561118425692 -0.016460458605113078 -0.0055877287348772382 -0.0083487116266366488 0.009290152975377516 0.00061121467560009768 0.011079818072418372 -0.01039901190776921
leaf_weight=18374 3607 39093 815 48103 474 21237 250 387 2700 569 426 2517 571 571
leaf_count=18374 3607 39093 815 48103 474 21237 250 387 2700 569 426 2517 571 571
internal_value=-3.23522e-05 0.000244022 -0.000337749 0.00102714 0.000788774 0.000940471 0.0017114 -0.00118818 -0.000400188 0.00146426 -0.00135156 -0.00207121 0.000527737 -0.0014382
internal_weight=139694 121320 69610 51710 30517 30043 22056 7987 7600 21806 6785 6359 3659 3088
internal_count=139694 121320 69610 51710 30517 30043 22056 7987 7600 21806 6785 6359 3659 3088
is_linear=0
shrinkage=0.03


Tree=61
num_leaves=15
num_cat=0
split_feature=13 0 6 4 13 4 13 11 13 13 10 13 11 3
split_gain=63.3766 79.0736 88.0483 58.7491 54.9377 125.232 114.945 112.024 99.6795 52.5906 52.5745 109.389 58.6128 53.7907
threshold=14.500000000000002 0.52574691077130709 0.069724307663969434 0.20878955484652376 39.500000000000007 0.47141117303153746 46.500000000000007 -0.40297841664859407 35.500000000000007 8.5000000000000018 2.6633238414018909 44.500000000000007 -0.292346477755767 0.74432002536723441
decision_type=2 2 8 2 2 2 2 2 2 2 2 2 2 2
left_child=3 10 4 -1 8 -6 -7 -8 -3 -5 -2 12 -12 -14
right_child=1 2 -4 9 5 6 7 -9 -10 -11 11 -13 13 -15
leaf_value=0.00039664851189204198 -0.00075183928698208677 0.0030893618381833661 -0.00024789130771227041 -0.00047535553930618354 0.00081547906360816011 0.02309913875712679 0.018300228318877863 0.00031730314583966679 -0.0075711606572272522 -0.002688021117797347 -0.0046766218824041443 0.021853852269556769 -0.0025341336381284642 0.015514185054685565
leaf_weight=43562 21299 12928 9762 32153 1767 572 492 837 836 13821 697 277 252 353
leaf_count=43562 21299 12928 9762 32153 1767 572 492 837 836 13821 697 277 252 353
internal_value=8.52139e-05 0.000939898 0.00203323 -0.000392784 0.00331037 0.00657109 0.0119048 0.00701828 0.00243935 -0.00114076 -0.000359856 0.00491326 0.00123934 0.00803739
internal_weight=139608 50072 27194 89536 17432 3668 1901 1329 13764 45974 22878 1579 1302 605
internal_count=139608 50072 27194 89536 17432 3668 1901 1329 13764 45974 22878 1579 1302 605
is_linear=0
shrinkage=0.03


Tree=62
num_leaves=15
num_cat=0
split_feature=8 13 6 9 6 14 13 0 2 8 6 13 13 13
split_gain=57.0665 71.6404 60.6375 56.6504 83.7063 50.101 50.0096 45.2966 63.5881 61.2243 51.6458 55.9618 53.7871 46.3048
threshold=-0.017287247841511869 75.500000000000014 -0.41032650207893301 0.88852876161735661 0.23953741067391401 1.0000000180025095e-35 114.00000000000001 0.58607338213029159 0.5669291338582706 0.07376219665481451 -0.34523505985770137 58.500000000000007 41.500000000000007 75.500000000000014
decision_type=2 2 10 2 10 2 2 2 2 2 8 2 2 2
left_child=1 2 -1 5 -5 -4 7 13 -9 10 -10 12 -12 -2
right_child=6 -3 3 4 -6 -7 -8 8 9 -11 11 -13 -14 -15
leaf_value=0.0034253594091311255 0.00022305492804735105 0.014765459266473662 -0.0033466022350481604 0.0010814405038234755 -0.0037089555265919466 -0.0006032831512822912 -0.010855908512362632 -0.0013272913313634321 -0.0074100733982750376 0.013194291956873652 0.0034505839161905845 -0.010387348932051947 0.014432209657721741 0.0072171108873775192
leaf_weight=2767 81064 260 13381 15305 4174 10851 343 3036 398 572 6199 242 425 856
leaf_count=2767 81064 260 13381 15305 4174 10851 343 3036 398 572 6199 242 425 856
internal_value=6.63098e-05 -0.000789033 -0.000877625 -0.00115037 5.42563e-05 -0.00211853 0.000495567 0.000538109 0.0023571 0.00378452 0.00303499 0.00364541 0.00416553 0.000296573
internal_weight=139873 46738 46478 43711 19479 24232 93135 92792 10872 7836 7264 6866 6624 81920
internal_count=139873 46738 46478 43711 19479 24232 93135 92792 10872 7836 7264 6866 6624 81920
is_linear=0
shrinkage=0.03


Tree=63
num_leaves=15
num_cat=0
split_feature=0 13 9 1 7 13 13 12 6 7 5 3 1 6
split_gain=57.7604 50.162 80.8122 69.1244 72.9862 77.2405 73.0954 94.9042 75.5962 91.4883 83.6545 96.5481 85.1062 81.5653
threshold=0.44180489426122765 14.500000000000002 1.4540120282616378 6.8563948202691449 0.82674092290673407 27.500000000000004 39.500000000000007 0.16755081458644153 0.10385446763775864 0.58708898142758803 1.5875656719306424 0.96551724137932571 1.261042221745555 -0.15969523867409238
decision_type=2 2 2 2 10 2 2 2 8 10 2 2 2 10
left_child=-1 -2 3 4 6 -6 -3 8 10 -10 -8 13 -13 -12
right_child=1 2 -4 -5 5 -7 7 -9 9 -11 11 12 -14 -15
leaf_value=-0.0036363179298404612 -0.00034633738378882722 -0.00013355740598594172 -0.0093786371174662698 -0.0086001323277197835 0.0053854984840058986 -0.00056434825636501331 -0.00028556517394211553 -0.0081764508641240796 -0.0031183005279800551 0.013239864535363657 0.0023811262662602689 0.034190254434201435 0.0080929838139799561 0.011512419858557128
leaf_weight=3852 86884 30067 680 661 6318 2847 1469 626 1985 359 2004 221 232 1570
leaf_count=3852 86884 30067 680 661 6318 2847 1469 626 1985 359 2004 221 232 1570
internal_value=-1.60909e-05 8.66348e-05 0.000853703 0.00099854 0.00113245 0.00353795 0.000559917 0.00302142 0.00392017 -0.000590084 0.00584255 0.00807559 0.021059 0.00640283
internal_weight=139775 135923 49039 48359 47698 9165 38533 8466 7840 2344 5496 4027 453 3574
internal_count=139775 135923 49039 48359 47698 9165 38533 8466 7840 2344 5496 4027 453 3574
is_linear=0
shrinkage=0.03


Tree=64
num_leaves=15
num_cat=0
split_feature=8 6 12 13 13 5 3 12 6 12 11 12 5 8
split_gain=72.0548 81.111 78.0727 75.7738 67.185 59.2297 53.8813 65.8041 44.4902 102.479 65.8718 52.4509 58.8368 61.1843
threshold=-0.012860485638590904 -0.41032650207893301 0.051870967778191564 88.500000000000014 114.00000000000001 1.9452564348151344 0.92057761732852006 -0.048512174728104755 -0.42142425369539133 0.099693786624079586 1.1209924996884759 0.046648656909582704 0.87963331441885784 0.0058332482112384591
decision_type=2 10 2 2 2 2 2 2 10 2 2 2 2 2
left_child=1 2 5 -3 8 6 7 -1 9 10 -2 -10 -13 -14
right_child=4 3 -4 -5 -6 -7 -8 -9 11 -11 -12 12 13 -15
leaf_value=0.00776913907638514 0.0025472667129723156 -0.0012495528143827495 -0.0056577084658307117 0.016357118580869624 -0.013018100917475616 0.0018303561081256152 -0.0010941601753904579 0.024105197819730927 0.00028014481843450731 -0.0083698227863364845 -0.0068379546515643591 -0.003557191139470668 -0.00038295486888301574 0.0032944815329553766
leaf_weight=569 3186 49313 636 216 323 1398 262 367 57879 1612 848 1612 5427 16290
leaf_count=569 3186 49313 636 216 323 1398 262 367 57879 1612 848 1612 5427 16290
internal_value=4.4608e-06 -0.000870535 0.00373058 -0.00117113 0.000534043 0.00603709 0.0109181 0.0142685 0.000585188 -0.00198875 0.000568347 0.000764253 0.001965 0.00237563
internal_weight=139938 52761 3232 49529 87177 2596 1198 936 86854 5646 4034 81208 23329 21717
internal_count=139938 52761 3232 49529 87177 2596 1198 936 86854 5646 4034 81208 23329 21717
is_linear=0
shrinkage=0.03


Tree=65
num_leaves=15
num_cat=0
split_feature=0 5 14 2 1 9 3 13 13 11 13 1 13 4
split_gain=56.5701 62.138 48.6862 75.9848 77.7384 49.7886 48.5556 59.5946 76.6125 77.7974 58.7626 63.2852 44.2398 40.8661
threshold=0.55320834559756527 1.1791277476989139 1.0000000180025095e-35 0.63492063492064099 2.3607007962011939 0.66081313336585146 0.7380952380952327 39.500000000000007 55.500000000000007 -0.020362897648973009 35.500000000000007 3.784052933026095 -23.499999999999996 0.04317536708062146
decision_type=2 2 2 2 2 2 2 2 2 2 2 2 2 2
left_child=12 -2 3 4 13 -5 -4 10 -9 -10 11 -8 -1 -3
right_child=1 2 6 5 -6 -7 7 8 9 -11 -12 -13 -14 -15
leaf_value=0.0120973081045291 -0.0020989441197215631 0.0059459343800428973 0.0051689501143303796 -0.0038846914343482969 -0.0097314888700410461 0.0028182239235628897 0.0016164237487069015 0.01506957764167664 0.011390998375315506 -0.014466092693862192 -0.013162509579190306 -0.013427202418713082 -0.00041396904873101546 -0.0016397883694171567
leaf_weight=250 5090 721 4857 1121 1003 8760 8933 613 203 206 259 254 102443 5342
leaf_count=250 5090 721 4857 1121 1003 8760 8933 613 203 206 259 254 102443 5342
internal_value=-1.92497e-05 0.00098026 0.00146617 0.000357895 -0.00201676 0.0020562 0.00269122 0.00153968 0.0084031 -0.0016498 0.000793043 0.00119342 -0.000382924 -0.000733553
internal_weight=140055 37362 32272 16947 7066 9881 15325 10468 1022 409 9446 9187 102693 6063
internal_count=140055 37362 32272 16947 7066 9881 15325 10468 1022 409 9446 9187 102693 6063
is_linear=0
shrinkage=0.03


Tree=66
num_leaves=15
num_cat=0
split_feature=0 8 12 1 13 13 11 1 11 1 13 12 13 1
split_gain=72.3599 63.419 47.4776 41.8556 68.5553 154.455 206.153 118.979 98.6214 98.5848 85.2714 72.3434 68.6196 68.2704
threshold=0.44180489426122765 -0.037875369124427107 -0.10942713118813739 3.9493521036352717 39.500000000000007 46.500000000000007 -0.71412147384034153 1.0996291947763079 -1.1880242393008296 1.0656721776829996 55.500000000000007 -0.060055508865497369 114.00000000000001 2.2515315047827773
decision_type=2 2 2 2 2 2 2 2 2 2 2 2 2 2
left_child=2 -2 -1 4 -3 8 7 -7 -6 -10 -9 -11 13 -8
right_child=1 3 -4 -5 5 6 12 10 9 11 -12 -13 -14 -15
leaf_value=-0.013879564705461558 -0.0014764666183192221 0.00022027506469066735 -0.0029926565787494353 -0.002503944813160121 -0.0077962174767353494 0.025022802872830902 -0.0044998927354452465 -0.0070784449679394288 0.002356152102788881 0.0024205533132678077 0.010739014639929765 0.017384908891111401 -0.01815833935043314 0.006207992850615439
leaf_weight=399 20969 102011 3408 4540 300 341 2930 360 944 367 714 1428 268 651
leaf_count=399 20969 102011 3408 4540 300 341 2930 360 944 367 714 1428 268 651
internal_value=-7.39266e-05 4.04817e-05 -0.00415039 0.000317485 0.000433709 0.00305426 -5.62459e-05 0.00971522 0.00843336 0.0102219 0.00476156 0.0143406 -0.00365645 -0.00254733
internal_weight=139630 135823 3807 114854 110314 8303 5264 1415 3039 2739 1074 1795 3849 3581
internal_count=139630 135823 3807 114854 110314 8303 5264 1415 3039 2739 1074 1795 3849 3581
is_linear=0
shrinkage=0.03


Tree=67
num_leaves=15
num_cat=0
split_feature=8 13 13 7 11 11 1 9 13 13 7 13 8 13
split_gain=58.9784 77.197 43.0263 43.0095 54.7348 41.7582 53.1085 44.8857 73.9621 56.2347 46.3232 90.8104 104.713 85.7556
threshold=-0.017287247841511869 75.500000000000014 114.00000000000001 0.20636501316850261 -0.23892727069093841 2.2912129397993497 0.94886494799353083 1.3496699066245252 46.500000000000007 26.500000000000004 1.1716868637551341 37.500000000000007 0.07376219665481451 36.500000000000007
decision_type=2 2 2 8 2 2 2 2 2 2 10 2 2 2
left_child=1 3 5 4 -1 7 -7 10 9 -9 11 13 -13 -2
right_child=2 -3 -4 -5 -6 6 -8 8 -10 -11 -12 12 -14 -15
leaf_value=-0.0013242678742756318 0.00021086730830225197 0.015257602629821692 -0.009900316457379231 -0.0014895787860543168 0.0024353333277055021 0.0032060043878396958 -0.0057769829590419005 -0.0023980831931732444 -0.015948063970573842 0.011171973457071075 0.0023343180045721093 0.0028698040753731436 0.021192356656554272 -0.012583748917085559
leaf_weight=7167 63375 263 351 32410 6775 846 1950 3163 332 296 14720 7390 287 470
leaf_count=7167 63375 263 351 32410 6775 846 1950 3163 332 296 14720 7390 287 470
internal_value=7.36043e-05 -0.000797549 0.000509434 -0.000890282 0.000502897 0.000549326 -0.00305808 0.000661519 -0.00253131 -0.00122239 0.000802007 0.0004865 0.00356813 0.000115701
internal_weight=139795 46615 93180 46352 13942 92829 2796 90033 3791 3459 86242 71522 7677 63845
internal_count=139795 46615 93180 46352 13942 92829 2796 90033 3791 3459 86242 71522 7677 63845
is_linear=0
shrinkage=0.03


Tree=68
num_leaves=15
num_cat=0
split_feature=13 1 12 6 9 13 6 11 11 13 2 7 13 3
split_gain=45.9125 109.656 104.437 114.076 103.75 112.861 80.2104 113.463 79.6484 69.4063 79.8565 80.9774 59.4191 79.9327
threshold=39.500000000000007 6.0687647590915077 0.17356390123795881 0.10044362968877953 0.73164741114187215 58.500000000000007 -0.15693431036372066 -1.1268773167639614 -1.1692611001486071 46.500000000000007 0.74311926605504042 0.049229490032051799 46.500000000000007 0.93251533742330883
decision_type=2 2 2 8 2 2 10 2 2 2 2 10 2 2
left_child=-1 2 3 6 5 -5 7 -2 -8 10 -9 -12 -10 -14
right_child=1 -3 -4 4 -6 -7 8 9 12 -11 11 -13 13 -15
leaf_value=-0.00027401873058644757 0.014850508885369569 -0.012142825097030734 -0.0088773326032254955 0.017041155539404121 -0.0049499386685584101 -0.0090390638492567118 -0.0020064207654574822 -0.00099946228330400201 0.017270845405571542 -0.0033904494913873182 0.003008269963902421 0.027296022511337226 0.0039627135652665017 0.022705386449166906
leaf_weight=129739 563 478 671 452 2121 218 459 633 977 1831 251 241 1092 248
leaf_count=129739 563 478 671 452 2121 218 459 633 977 1831 251 241 1092 248
internal_value=-0.000121388 0.00181255 0.0025021 0.00334689 -0.00169938 0.00855125 0.00558382 0.00257023 0.0093925 0.000210205 0.00605954 0.0150602 0.0116501 0.00750302
internal_weight=139974 10235 9757 9086 2791 670 6295 3519 2776 2956 1125 492 2317 1340
internal_count=139974 10235 9757 9086 2791 670 6295 3519 2776 2956 1125 492 2317 1340
is_linear=0
shrinkage=0.03


Tree=69
num_leaves=15
num_cat=0
split_feature=8 13 13 11 13 13 4 11 13 14 7 10 13 13
split_gain=79.1917 61.5092 91.8387 114.953 126.323 94.5216 73.7416 72.0758 69.0869 77.1281 65.6298 69.3894 58.7657 85.4499
threshold=-0.03904662107822085 19.500000000000004 24.500000000000004 0.12928366451034978 95.000000000000014 72.500000000000014 0.19847456396200244 -1.4373322302968015 25.500000000000004 1.0000000180025095e-35 1.0846042922599246 2.025257168626323 85.000000000000014 75.500000000000014
decision_type=2 2 2 2 2 2 2 2 2 2 10 2 2 2
left_child=-1 6 10 4 12 8 7 -2 9 -5 -3 -12 13 -4
right_child=1 2 3 5 -6 -7 -8 -9 -10 -11 11 -13 -14 -15
leaf_value=-0.001739129858565384 -0.0041635994511907181 0.0030608946291308618 0.0017265809181350789 -0.0183404168368104 0.021676416580348905 -0.012270966404513136 -0.00096822131096964935 0.0011258510024428846 -0.00044492028691047006 0.0030537905217694842 0.0054513260216826785 0.021499817119010032 -0.011354821636010023 0.015416377551831742
leaf_weight=21107 2469 7176 12013 410 292 725 46741 36916 9501 237 711 367 290 420
leaf_count=21107 2469 7176 12013 410 292 725 46741 36916 9501 237 711 367 290 420
internal_value=-4.66212e-05 0.000255497 0.00137531 0.000432376 0.00233412 -0.00184404 -0.00016247 0.000793775 -0.00109344 -0.0105403 0.00410236 0.010989 0.00188186 0.00219505
internal_weight=139375 118268 32142 23888 13015 10873 86126 39385 10148 647 8254 1078 12723 12433
internal_count=139375 118268 32142 23888 13015 10873 86126 39385 10148 647 8254 1078 12723 12433
is_linear=0
shrinkage=0.03


Tree=70
num_leaves=15
num_cat=0
split_feature=8 9 12 12 2 5 12 9 11 7 5 7 8 2
split_gain=57.1439 84.9154 80.9799 78.0037 64.3083 61.6717 55.6784 55.5984 74.4879 57.7321 59.7047 56.7417 54.3706 53.9453
threshold=0.0038798632807384684 0.7964974366823282 -0.0077859562789246986 0.014740121151738119 0.81818181818181734 2.5731332658609998 -0.10275064697044721 0.8464097168146858 1.8068283263938401 1.3178306060090812 2.4145562250538055 -0.52866359584834832 0.0042594829379718454 0.91304347826086951
decision_type=2 2 2 2 2 2 2 2 2 10 2 8 2 2
left_child=1 2 -1 5 -4 6 -3 8 9 -2 -11 -9 -13 -6
right_child=7 3 4 -5 13 -7 -8 11 -10 10 -12 12 -14 -15
leaf_value=-0.0033958884193171493 0.0015741137497553026 0.0027611608583236304 0.00082015777318300987 -0.0015055856700256565 -0.0080694744138829211 0.002700630611935003 -0.00085349524004739777 0.0086963811855580355 -0.0043205201955484529 0.0030476094629419475 0.011648221049772142 0.011999146005104261 -0.00034654588180255049 0.0031162632445111533
leaf_weight=14556 21969 5083 10577 15971 1443 12580 15572 647 1714 2275 1066 319 35307 527
leaf_count=14556 21969 5083 10577 15971 1443 12580 15572 647 1714 2275 1066 319 35307 527
internal_value=2.7216e-05 -0.000525556 -0.00187381 0.000217189 -0.00010738 0.00104517 3.64904e-05 0.00069361 0.00172357 0.00213365 0.00580508 -7.38592e-05 -0.000234333 -0.00507683
internal_weight=139606 76309 27103 49206 12547 33235 20655 63297 27024 25310 3341 36273 35626 1970
internal_count=139606 76309 27103 49206 12547 33235 20655 63297 27024 25310 3341 36273 35626 1970
is_linear=0
shrinkage=0.03


Tree=71
num_leaves=15
num_cat=0
split_feature=8 9 12 6 6 13 9 6 13 9 13 12 6 7
split_gain=58.6697 82.2483 105.183 92.872 79.8733 77.4979 72.1601 104.869 101.91 92.3759 72.0567 66.7847 84.3018 86.707
threshold=0.0015766365593906809 0.87692238928190702 0.024751874083696061 -0.53635489384601454 -0.42142425369539133 80.000000000000014 0.85019300835076539 -0.091573869795854787 85.000000000000014 1.0000417400498316 53.500000000000007 -0.042702567231096326 -0.31246276305208209 -0.0069047413486773212
decision_type=2 2 2 10 8 2 2 8 2 2 2 2 10 8
left_child=1 11 3 -3 -2 -5 8 9 -6 10 -8 12 -1 -14
right_child=4 2 -4 5 6 -7 7 -9 -10 -11 -12 -13 13 -15
leaf_value=0.0017465561844214499 -0.0046797794843140336 0.012207199231356006 -0.0021645884046956735 0.0010333584318926797 0.002195981221462084 0.017823918907376939 -0.00090586268278945823 -0.001184615355033593 -0.016534645167941394 0.0048766273248191765 0.014644074040864196 -0.00057131226533155971 0.0016203609166725995 -0.005410506993962616
leaf_weight=2568 2422 706 9669 24038 27469 245 6360 23827 259 6036 275 24320 1885 9645
leaf_count=2568 2422 706 9669 24038 27469 245 6360 23827 259 6036 275 24320 1885 9645
internal_value=1.90355e-05 -0.000568028 0.000491594 0.00151958 0.000662714 0.0012064 0.000864531 -1.19859e-05 0.00201807 0.00219267 -0.000250825 -0.00152388 -0.00316635 -0.00426085
internal_weight=139724 73076 34658 24989 66648 24283 64226 36498 27728 12671 6635 38418 14098 11530
internal_count=139724 73076 34658 24989 66648 24283 64226 36498 27728 12671 6635 38418 14098 11530
is_linear=0
shrinkage=0.03


Tree=72
num_leaves=15
num_cat=0
split_feature=4 12 10 11 6 13 12 0 4 6 11 11 12 0
split_gain=42.018 64.5606 63.9325 58.5346 56.3859 53.2553 82.1873 59.5242 48.6958 46.8055 44.3713 58.3066 42.8956 40.9922
threshold=0.33747233073610022 0.10669355854841762 2.9427429093772104 -1.5013423192909487 -0.53635489384601454 14.500000000000002 0.058802975494826444 0.45079874401403502 0.2660684929034251 0.27430866983586427 1.4568420491143923 0.97161864164581624 0.19640531920730633 0.46342675301410924
decision_type=2 2 2 2 10 2 2 2 2 10 2 2 2 2
left_child=1 3 4 -1 -3 6 7 -5 9 -8 11 -6 -13 -2
right_child=13 2 -4 5 10 -7 8 -9 -10 -11 -12 12 -14 -15
leaf_value=-0.0024760520794015269 -0.0045593947167588324 -0.010836764569916332 0.013732786161204179 -0.0045971782182799431 -0.001957729178964918 0.0021830949903024017 0.0061022838262123399 0.00017326185670542071 -0.0030184923815718789 -0.0016192548208327359 -0.008317748773954586 0.01098200080111519 -0.0045165002532303331 -0.00053971676365881802
leaf_weight=5068 2381 664 220 2488 6430 19717 4176 42238 833 848 830 569 220 53123
leaf_count=5068 2381 664 220 2488 6430 19717 4176 42238 833 848 830 569 220 53123
internal_value=-7.16208e-05 0.000350384 -0.00206039 0.000636239 -0.00246681 0.000860768 0.000345166 -9.25905e-05 0.00368525 0.00479865 -0.00177003 -0.00101198 0.00665926 -0.000712547
internal_weight=139805 84301 8933 75368 8713 70300 50583 44726 5857 5024 8049 7219 789 55504
internal_count=139805 84301 8933 75368 8713 70300 50583 44726 5857 5024 8049 7219 789 55504
is_linear=0
shrinkage=0.03


Tree=73
num_leaves=15
num_cat=0
split_feature=12 14 13 13 2 9 3 1 4 13 1 7 5 6
split_gain=44.6247 51.95 49.045 106.864 165.99 88.6936 86.6978 101.245 85.9253 82.9216 140.538 112.921 107.378 87.4995
threshold=0.20641677436352937 1.0000000180025095e-35 39.500000000000007 46.500000000000007 0.55172413793104036 0.7557117311093523 0.63747128622103233 2.8626313789829045 0.72419875213888452 49.500000000000007 1.0086168278092082 0.54975893461656633 2.01823860625101 0.49879567844759581
decision_type=2 2 2 2 2 2 2 2 2 2 2 10 2 8
left_child=2 -2 -1 6 5 -5 -4 8 -8 10 -6 13 -13 -11
right_child=1 -3 3 4 9 -7 7 -9 -10 11 -12 12 -14 -15
leaf_value=-8.6951416502699641e-05 0.0036623112340579403 -0.0046485355172886022 0.020448369367982108 0.0064034408618249159 0.014730481768863789 -0.014789059812196888 0.0038525822097238835 -0.012032147727298492 0.016924986808250348 0.0030169644379450778 -0.013861127927826906 0.0029291273965682397 0.026375350016868401 -0.013145965127579675
leaf_weight=125540 837 3465 348 218 202 902 2267 289 562 3377 612 353 348 326
leaf_count=125540 837 3465 348 218 202 902 2267 289 562 3377 612 353 348 326
internal_value=-2.29883e-05 -0.0030292 7.26744e-05 0.00211568 -0.000201424 -0.010654 0.00634698 0.0047429 0.00647478 0.00205018 -0.0067193 0.00367684 0.014673 0.00157823
internal_weight=139646 4302 135344 9804 6338 1120 3466 3118 2829 5218 814 4404 701 3703
internal_count=139646 4302 135344 9804 6338 1120 3466 3118 2829 5218 814 4404 701 3703
is_linear=0
shrinkage=0.03


Tree=74
num_leaves=15
num_cat=0
split_feature=8 9 12 12 2 8 10 0 8 12 9 3 5 3
split_gain=65.7692 68.4119 59.5571 58.4697 64.3206 65.4387 62.845 56.3562 64.7817 55.2744 58.163 56.2462 51.4798 48.8468
threshold=0.039484931312448665 0.91653741388304322 -0.068591448389432028 -0.024952558413009748 0.84972595765072478 0.012259944826933133 1.3631226697953116 0.52091440092895069 0.07376219665481451 0.072353828454745098 1.1131250904674339 0.75409836065573244 2.0492898946829672 0.68888888888889055
decision_type=2 2 2 2 2 2 2 2 2 2 2 2 2 2
left_child=1 -1 7 13 -5 -6 -7 -2 -9 -4 -11 -12 -8 -3
right_child=2 3 9 4 5 6 12 8 -10 10 11 -13 -14 -15
leaf_value=-0.00096524699984925548 -0.0019049064222384582 -0.00057795744660556192 -0.0001977179664666331 -0.00087113619912083918 0.00091387632730442823 -0.0032521966556708017 0.0030783315727839597 0.0056868908939993789 0.020520007145052848 0.0050291438681356829 -0.011518772287405471 0.0075426801724172259 0.020935352163021535 0.0026476954820690906
leaf_weight=70295 721 5943 12792 25647 2155 220 217 1964 303 3867 397 209 447 14599
leaf_count=70295 721 5943 12792 25647 2155 220 217 1964 303 3867 397 209 447 14599
internal_value=-9.67562e-05 -0.000364648 0.0014839 0.000492988 -0.000381931 0.00374126 0.0105899 0.00539081 0.00771023 0.000806383 0.00367495 -0.00493685 0.0151662 0.00171457
internal_weight=139776 119523 20253 49228 28686 3039 884 2988 2267 17265 4473 606 664 20542
internal_count=139776 119523 20253 49228 28686 3039 884 2988 2267 17265 4473 606 664 20542
is_linear=0
shrinkage=0.03


Tree=75
num_leaves=15
num_cat=0
split_feature=0 4 8 11 13 2 13 1 13 13 11 11 10 2
split_gain=52.6287 42.8099 67.1802 61.0034 52.925 143.72 134.378 90.8653 127.971 107.306 212.771 79.2741 101.222 78.1579
threshold=0.45079874401403502 0.21623134320538359 -0.050016226585003702 -1.4689383146356012 39.500000000000007 0.57971014492753403 47.500000000000007 3.2766757431884934 56.500000000000007 46.500000000000007 -0.54809509686857383 -1.0342220249604657 2.0095907266799991 0.74999999999996725
decision_type=2 2 2 2 2 2 2 2 2 2 2 2 2 2
left_child=-1 2 -2 -4 -3 6 -6 9 -9 11 -11 -7 -13 -14
right_child=1 4 3 -5 5 7 -8 8 -10 10 -12 12 13 -15
leaf_value=-0.0028910390867407038 -0.0026569568102637335 -0.00063102934166409347 -0.0026972014240199678 0.0012992439446629508 0.0056379130857216343 -0.0064905254641077015 -0.012848058188795496 -0.00031197375599660126 0.02574973962178511 0.010496739318482679 -0.005493676161364096 0.0064791354257535353 0.0096121917027926097 0.035536884426100659
leaf_weight=5518 4875 68797 3690 49399 550 268 976 301 383 1096 2337 1188 202 224
leaf_count=5518 4875 68797 3690 49399 550 268 976 301 383 1096 2337 1188 202 224
internal_value=-2.09638e-05 9.70748e-05 0.000711686 0.00102124 -0.000369718 0.00201814 -0.0061887 0.00410918 0.014362 0.00277746 -0.000380826 0.00852431 0.0110298 0.0234981
internal_weight=139804 134286 57964 53089 76322 7525 1526 5999 684 5315 3433 1882 1614 426
internal_count=139804 134286 57964 53089 76322 7525 1526 5999 684 5315 3433 1882 1614 426
is_linear=0
shrinkage=0.03


Tree=76
num_leaves=15
num_cat=0
split_feature=8 9 13 14 6 13 10 13 13 13 6 10 9 2
split_gain=51.6251 39.1657 62.2884 76.1331 52.8723 38.0612 38.0162 134.745 119.679 86.1553 76.5297 59.1401 44.0709 69.094
threshold=-0.039612250868978398 1.3496699066245252 46.500000000000007 1.0000000180025095e-35 -0.24122130710578368 14.500000000000002 1.9264131528482487 56.500000000000007 61.500000000000007 114.00000000000001 -0.12331431799540647 2.3336365214915378 0.89073431823383886 0.87500000000000566
decision_type=2 2 2 2 8 2 2 2 2 2 10 2 2 2
left_child=-1 6 3 -3 -5 -6 9 12 -9 -2 11 -10 -8 -14
right_child=1 2 -4 4 5 -7 7 8 10 -11 -12 -13 13 -15
leaf_value=-0.0014153249437508422 1.3138278344475137e-06 -0.0045219301508010942 -0.014613830674460773 0.016380627885527112 -0.00098685424008221139 0.012665873421733646 -0.00036320318328734574 0.0309024543484052 0.0025896677528931336 -0.01703792334714932 -0.0029524009474421993 0.023642644210637588 0.001240356222550107 0.0080361007027759043
leaf_weight=20486 76924 2697 348 248 1064 217 16421 220 215 263 421 271 18590 1447
leaf_count=20486 76924 2697 348 248 1064 217 16421 220 215 263 421 271 18590 1447
internal_value=-2.42066e-05 0.000214631 -0.00250617 -0.00149305 0.00384692 0.00136616 0.000323168 0.00110554 0.011299 -5.7844e-05 0.00640063 0.0144503 0.000788933 0.001733
internal_weight=139832 119346 4574 4226 1529 1281 114772 37585 1127 77187 907 486 36458 20037
internal_count=139832 119346 4574 4226 1529 1281 114772 37585 1127 77187 907 486 36458 20037
is_linear=0
shrinkage=0.03


Tree=77
num_leaves=15
num_cat=0
split_feature=8 12 13 6 9 13 12 13 8 14 13 0 1 13
split_gain=46.8454 47.8927 93.9848 80.5641 81.7413 76.3463 68.2851 65.4419 59.1821 71.0972 55.7113 52.1901 49.3909 48.5104
threshold=-0.039612250868978398 0.10206281585538525 95.000000000000014 -0.42142425369539133 1.0567580348701688 95.000000000000014 0.061346152663994187 51.500000000000007 0.0070280283416042652 1.0000000180025095e-35 85.000000000000014 0.57966588695222143 1.6835521574390306 39.500000000000007
decision_type=2 2 2 10 2 2 2 2 2 2 2 2 2 2
left_child=-1 2 6 -3 5 7 10 -5 -8 11 13 -10 -9 -2
right_child=1 3 -4 4 -6 -7 8 12 9 -11 -12 -13 -14 -15
leaf_value=-0.0014129129988232751 -9.9925191378766353e-05 -0.0073780345226419309 0.015519988652468121 0.00037680801312978672 -0.0055197339416419916 -0.016282974986218605 -0.00012798923874081513 0.002491647918284635 -0.00146717043024546 0.0067126516632421895 -0.011855620876925526 0.0093057275999352505 0.021796546435023264 0.0026468672700106981
leaf_weight=20554 85820 1809 362 9896 2488 233 4652 252 2235 4166 348 489 224 6200
leaf_count=20554 85820 1809 362 9896 2488 233 4652 252 2235 4166 348 489 224 6200
internal_value=-9.0414e-05 0.000137728 0.0003651 -0.00145282 -0.000631662 0.000517172 0.000311559 0.000902239 0.00248662 0.00425077 3.96512e-05 0.000480237 0.0117084 8.52783e-05
internal_weight=139728 119174 104272 14902 13093 10605 103910 10372 11542 6890 92368 2724 476 92020
internal_count=139728 119174 104272 14902 13093 10605 103910 10372 11542 6890 92368 2724 476 92020
is_linear=0
shrinkage=0.03


Tree=78
num_leaves=15
num_cat=0
split_feature=8 6 6 8 9 6 6 13 3 7 7 13 1 8
split_gain=63.4874 47.7524 78.3037 63.7209 94.6081 80.7227 58.4361 50.3602 83.55 76.4249 70.5857 60.709 47.9911 43.9497
threshold=0.024869066820084187 0.53152256811901244 0.12652585482746917 0.076890494304320364 0.96155773500278607 0.22323545527327884 -0.41032650207893301 18.500000000000004 0.53846153846155131 0.84298685780507632 -0.080704338666902339 34.500000000000007 0.89004354923466378 0.040098001390833256
decision_type=2 10 8 2 2 8 10 2 2 10 8 2 2 2
left_child=-1 2 6 -4 5 -5 -2 -8 -9 10 11 12 -10 -3
right_child=1 13 3 4 -6 -7 7 8 9 -11 -12 -13 -14 -15
leaf_value=-0.00043256598216237377 -0.0053849825784306592 0.0010485547509155263 -0.0023129424126794914 -0.002443078254593663 -0.0087519668730132224 0.020914893445671372 0.0009796262077620898 -0.0058802962507892012 -0.00088389525516302753 0.013588603988859662 0.0023266568289388558 0.020977632081820977 0.015915879585934795 0.008700939337519295
leaf_weight=104471 1008 1356 8777 201 257 384 14866 691 401 822 4825 354 242 1344
leaf_count=104471 1008 1356 8777 201 257 384 14866 691 401 822 4825 354 242 1344
internal_value=-6.00095e-05 0.00103541 0.000719598 -0.00155576 0.00630414 0.0129366 0.00166276 0.00198389 0.00401719 0.00505021 0.00383406 0.0110812 0.0055129 0.00486678
internal_weight=139999 35528 32828 9619 842 585 23209 22201 7335 6644 5822 997 643 2700
internal_count=139999 35528 32828 9619 842 585 23209 22201 7335 6644 5822 997 643 2700
is_linear=0
shrinkage=0.03


Tree=79
num_leaves=15
num_cat=0
split_feature=13 4 7 13 10 1 13 13 10 13 13 13 13 13
split_gain=38.2296 64.4553 57.4155 139.899 93.1698 69.2955 115.005 196.612 97.6536 66.5211 208.396 80.4497 72.3374 181.115
threshold=14.500000000000002 0.92359080337765398 0.82674092290673407 27.500000000000004 2.0016397512475632 1.9091847976226732 55.500000000000007 83.500000000000014 1.8923185643396228 95.000000000000014 71.000000000000014 62.500000000000007 55.500000000000007 51.500000000000007
decision_type=2 2 10 2 2 2 2 2 2 2 2 2 2 2
left_child=1 -1 5 4 -4 9 -7 8 -8 10 11 12 13 -2
right_child=2 -3 3 -5 -6 6 7 -9 -10 -11 -12 -13 -14 -15
leaf_value=-0.0001838457319376725 0.00077867698815556764 -0.0039686993954526177 0.0026567776034046838 -0.0022474367890971299 0.01007620101669382 -0.0039894234797303576 0.0040925747128654818 -0.01181544720954178 0.024284860850522973 0.013365264952647182 -0.014734170795370316 0.01812910683641248 -0.0078032644051558514 0.017401954536465463
leaf_weight=85452 29348 4246 4523 3453 2296 6505 449 384 414 368 771 240 837 597
leaf_count=85452 29348 4246 4523 3453 2296 6505 449 384 414 368 771 240 837 597
internal_value=7.74239e-06 -0.000363219 0.000670749 0.00267039 0.0051605 0.000155853 -0.00238932 0.00594024 0.0138633 0.000769611 0.000621739 0.0010057 0.000869267 0.00111294
internal_weight=139883 89698 50185 10272 6819 39913 7752 1247 863 32161 31793 31022 30782 29945
internal_count=139883 89698 50185 10272 6819 39913 7752 1247 863 32161 31793 31022 30782 29945
is_linear=0
shrinkage=0.03


Tree=80
num_leaves=15
num_cat=0
split_feature=8 6 9 6 9 1 12 10 7 6 9 12 6 12
split_gain=41.4534 110.353 63.6232 68.0354 78.0415 70.6327 69.8584 95.5009 67.5417 62.8475 62.4546 126.86 101.592 87.9893
threshold=0.0070280283416042652 -0.42142425369539133 0.85019300835076539 -0.23175735478428314 0.90638199082559867 2.4388138249869882 0.025577719315888817 1.9055656261275531 -0.25769892059076654 -0.17069136939399362 0.87692238928190702 0.024751874083696061 -0.53635489384601454 -0.04366241670257353
decision_type=2 10 2 10 2 2 2 2 10 10 2 2 10 2
left_child=10 -2 8 4 -4 -5 -6 -8 -3 -10 13 12 -12 -1
right_child=1 2 3 5 6 -7 7 -9 9 -11 11 -13 -14 -15
leaf_value=-0.0030398216511741713 -0.0045491802114248489 -0.0042547514497818986 -0.0037667880502967048 0.00011553144031676909 0.0016314443023237538 -0.0044487245766800573 0.0037826104625496943 0.018679708370770539 -0.00026878772877492283 0.0034397794665999523 0.01222289707387646 -0.0022414705589303701 0.0012450703538047045 -0.00018488329628495417
leaf_weight=15120 3471 1396 991 23996 1718 3491 879 692 5435 16889 776 11107 26687 27169
leaf_count=15120 3471 1396 991 23996 1718 3491 879 692 5435 16889 776 11107 26687 27169
internal_value=3.13935e-05 0.000636307 0.000961066 8.31855e-05 0.00359926 -0.000464858 0.00582106 0.010383 0.0021365 0.00253703 -0.000409688 0.000463312 0.00155743 -0.00120588
internal_weight=139817 58958 55487 31767 4280 27487 3289 1571 23720 22324 80859 38570 27463 42289
internal_count=139817 58958 55487 31767 4280 27487 3289 1571 23720 22324 80859 38570 27463 42289
is_linear=0
shrinkage=0.03


Tree=81
num_leaves=15
num_cat=0
split_feature=13 8 4 4 11 13 10 13 6 13 0 12 0 10
split_gain=41.8536 39.1053 38.1506 47.8607 41.7108 39.8089 40.5108 73.3488 69.4488 62.502 56.7168 66.031 54.8014 44.4793
threshold=-19.499999999999996 -0.037875369124427107 0.33747233073610022 0.32794301614041194 2.2912129397993497 -9.4999999999999982 2.2535750878570302 56.500000000000007 -0.12083828146057461 114.00000000000001 0.54057731786384589 -0.0031484315338539122 0.58280906467528226 2.5018910152733187
decision_type=2 2 2 2 2 2 2 2 10 2 2 2 2 2
left_child=-1 -2 3 -3 5 -4 9 10 -9 -7 -8 -12 -13 -14
right_child=1 2 4 -5 -6 6 7 8 -10 -11 11 12 13 -15
leaf_value=0.0092293319697765736 -0.0011770146491888579 0.00052804814143754986 -0.010854646373178144 0.0061111840654877901 -0.0051570197205734808 -0.00052822450076370751 -0.0013926675897762699 0.025937881615017238 0.001406853393329164 -0.015919809404402099 -0.0009530277343649437 0.004435550758808391 0.025507049225564231 0.007763885623171019
leaf_weight=437 22013 69406 314 1405 1641 36771 3867 209 203 234 1403 1354 233 287
leaf_count=437 22013 69406 314 1405 1641 36771 3867 209 203 234 1403 1354 233 287
internal_value=1.23462e-05 -1.68904e-05 0.000200814 0.00063925 -0.000466611 -0.000294535 -0.000218914 0.00178213 0.0140128 -0.00062769 0.00106747 0.00396825 0.00764537 0.0158814
internal_weight=139777 139340 117327 70811 46516 44875 44561 7556 412 37005 7144 3277 1874 520
internal_count=139777 139340 117327 70811 46516 44875 44561 7556 412 37005 7144 3277 1874 520
is_linear=0
shrinkage=0.03


Tree=82
num_leaves=15
num_cat=0
split_feature=0 10 11 13 12 8 12 14 12 12 6 6 8 13
split_gain=36.7771 45.0019 38.1611 37.3913 37.6458 34.9496 66.6305 93.9757 76.0945 73.2052 70.6267 49.5327 47.2849 43.3818
threshold=0.48530378491866816 2.7612196869537065 2.2912129397993497 8.5000000000000018 -0.025740739698148104 0.039484931312448665 -0.061175722913064161 1.0000000180025095e-35 0.072353828454745098 0.097410162290908944 0.61067905654017995 -0.42142425369539133 0.047978917540430821 -23.499999999999996
decision_type=2 2 2 2 2 2 2 2 2 2 10 10 2 2
left_child=1 -1 5 4 -4 13 -7 10 -9 -10 12 -11 -8 -2
right_child=2 -3 3 -5 -6 6 7 8 9 11 -12 -13 -14 -15
leaf_value=-0.0014946690650391495 0.01339037914900747 0.0044873242140992279 0.0055266872121880837 -0.0068828699236381042 -0.0034807376697008046 0.0055479565979685572 0.00098622236259329407 0.0010242168726654198 0.014619480725293439 -0.0090089512944097842 0.0082706758922575854 0.0058559333468698642 -0.0045681791716283742 2.3107655275468138e-05
leaf_weight=20259 214 1194 645 1329 1163 3027 2022 5755 823 236 560 1244 4325 96956
leaf_count=20259 214 1194 645 1329 1163 3027 2022 5755 823 236 560 1244 4325 96956
internal_value=-1.80959e-05 -0.00116076 0.000189162 -0.00307285 -0.000260979 0.000278149 0.0014925 0.000670615 0.00287081 0.00747306 -0.00189644 0.00346323 -0.0027993 5.32342e-05
internal_weight=139752 21453 118299 3137 1808 115162 17992 14965 8058 2303 6907 1480 6347 97170
internal_count=139752 21453 118299 3137 1808 115162 17992 14965 8058 2303 6907 1480 6347 97170
is_linear=0
shrinkage=0.03


Tree=83
num_leaves=15
num_cat=0
split_feature=8 9 14 9 12 7 12 11 13 9 3 10 12 9
split_gain=48.4065 72.4342 74.8742 71.939 55.8598 52.5687 55.1606 57.5065 47.3809 39.2172 66.0452 59.6176 50.3587 47.538
threshold=0.040713836018987412 0.82336799057070964 1.0000000180025095e-35 1.0718119608790244 0.072353828454745098 -0.42811630310379212 -0.057764733037701126 -0.77057260831187813 18.500000000000004 0.91653741388304322 0.99275886658696921 1.7553267867668862 -0.035194699049235272 1.1690781415975373
decision_type=2 2 2 2 2 10 2 2 2 2 2 2 2 2
left_child=9 5 -3 4 -4 -2 -7 -8 -5 -1 12 -12 13 -11
right_child=1 2 3 8 -6 6 7 -9 -10 10 11 -13 -14 -15
leaf_value=-0.00065564557068514947 -0.010183114806142977 -0.0023020726728995725 -0.0016574388869760341 0.0048476480547690222 0.0064802220178757112 0.0096940339098820511 -0.0043654583528202895 0.0041365187400015865 0.017019469448672629 0.0024343037334155562 0.00068842981862170358 0.012842955822707154 -0.00048622047325155908 -0.0011453121654719917
leaf_weight=71160 232 6215 2939 1031 1018 1330 830 5049 398 13179 730 719 30430 4468
leaf_count=71160 232 6215 2939 1031 1018 1330 830 5049 398 13179 730 719 30430 4468
internal_value=1.73106e-05 0.00142284 -5.92896e-05 0.00252843 0.000441637 0.00373206 0.00418663 0.00293352 0.00828522 -0.000204505 0.000443703 0.00674298 0.000253167 0.00152792
internal_weight=139728 19042 11601 5386 3957 7441 7209 5879 1429 120686 49526 1449 48077 17647
internal_count=139728 19042 11601 5386 3957 7441 7209 5879 1429 120686 49526 1449 48077 17647
is_linear=0
shrinkage=0.03


Tree=84
num_leaves=15
num_cat=0
split_feature=13 13 11 2 11 7 6 11 13 6 3 9 4 13
split_gain=44.5283 79.3659 182.108 138.318 129.945 148.165 133.593 124.791 95.4773 134.234 205.524 105.164 83.9642 83.7573
threshold=39.500000000000007 46.500000000000007 -1.2552787284479348 0.57971014492753403 -0.87094507442425362 0.71164889350446991 -0.098638088882254657 1.2109486778680012 72.500000000000014 -0.391418128940483 0.95000000000000129 0.9918746796116682 0.72419875213888452 75.500000000000014
decision_type=2 2 2 2 2 10 10 2 2 10 2 2 2 2
left_child=-1 2 -2 -3 6 8 -5 12 9 -6 11 -11 -4 -10
right_child=1 3 7 4 5 -7 -8 -9 13 10 -12 -13 -14 -15
leaf_value=-0.00016878378213746546 -0.014107438968470344 -0.0084146728738944271 0.0071421887421554333 0.020557194449471263 -0.013942930161444978 0.021479064202097456 0.0017550137504508008 -0.0081362578772668608 -0.022952228408343722 0.005359830725524501 0.02686331822677036 -0.010489146998320245 0.019556740885290497 -0.0044755372499975443
leaf_weight=129528 380 1405 2259 605 435 249 771 390 298 1173 304 549 626 827
leaf_count=129528 380 1405 2259 605 435 249 771 390 298 1173 304 549 626 827
internal_value=-1.79871e-05 0.00188287 0.0054276 -7.8029e-05 0.00217562 -0.000665031 0.0100665 0.00771232 -0.00223041 0.00108223 0.00433464 0.000291195 0.00986513 -0.00944971
internal_weight=139799 10271 3655 6616 5211 3835 1376 3275 3586 2461 2026 1722 2885 1125
internal_count=139799 10271 3655 6616 5211 3835 1376 3275 3586 2461 2026 1722 2885 1125
is_linear=0
shrinkage=0.03


Tree=85
num_leaves=15
num_cat=0
split_feature=8 11 4 6 6 10 11 5 8 12 12 8 11 12
split_gain=39.5311 60.053 50.2097 46.1155 82.1178 44.6769 41.4958 68.5187 42.2896 38.5496 45.4338 42.6451 37.8975 36.2526
threshold=0.023546866251126081 -1.2552787284479348 0.30465278145829627 0.1705745334956468 0.53152256811901244 2.7612196869537065 -0.33721383417477407 1.2868924455734057 0.045635925214299843 -0.037920219860594066 1.0000000180025095e-35 0.032714999459994822 -0.6490112429490168 0.23093544203658353
decision_type=2 2 2 8 10 2 2 2 2 2 2 2 2 2
left_child=-1 -2 13 5 9 6 7 -4 12 -5 -11 -12 -9 -3
right_child=1 2 3 4 -6 -7 -8 8 -10 10 11 -13 -14 -15
leaf_value=-0.00034209661461178476 -0.0036625163065697841 0.0023055092187772019 -0.0038220151479948644 -0.00036509083680963763 0.0046380598405186563 0.0083798595426612457 -0.00064059498688166544 0.0059072968078926749 0.0010810205700350249 -0.014898602416460511 0.0036052128076780494 -0.0074784558959851465 0.017860877689302342 -0.0082610072865329613
leaf_weight=102921 2522 19005 699 1075 1027 667 7851 543 588 532 405 1325 432 292
leaf_count=102921 2522 19005 699 1075 1027 667 7851 543 588 532 405 1325 432 292
internal_value=-3.98651e-05 0.000801611 0.00112899 -0.000164042 -0.00276415 0.000889337 0.000391405 0.00396681 0.00745118 -0.0050458 -0.00726456 -0.00488081 0.0112678 0.00214352
internal_weight=139884 36963 34441 15144 4364 10780 10113 2262 1563 3337 2262 1730 975 19297
internal_count=139884 36963 34441 15144 4364 10780 10113 2262 1563 3337 2262 1730 975 19297
is_linear=0
shrinkage=0.03


Tree=86
num_leaves=15
num_cat=0
split_feature=8 13 6 13 13 13 12 11 7 11 6 10 9 12
split_gain=38.3267 63.4064 62.7972 37.2511 105.486 75.726 42.5561 40.7148 37.0177 48.4592 41.0397 77.395 48.4683 43.1182
threshold=-0.017287247841511869 75.500000000000014 -0.41032650207893301 82.500000000000014 75.500000000000014 72.500000000000014 -0.042702567231096326 -0.56074585737210458 0.27022354643526275 -0.22782893877309204 0.050450301100582691 1.268619628512017 0.8329724191891642 -0.034249081285818155
decision_type=2 2 8 2 2 2 2 2 8 2 8 2 2 2
left_child=1 2 -1 4 5 -2 7 -5 9 -4 12 -12 13 -10
right_child=3 -3 8 6 -6 -7 -8 -9 10 -11 11 -13 -14 -15
leaf_value=0.0048671712435951284 0.00030605316005994938 0.013947781947703668 -0.001555910117424523 0.010947481998394048 0.017174134744113095 -0.015403410623435079 -0.010983369480917762 -0.0062941411952246434 -0.0070360824789571334 0.0018160863774916228 -0.0048968277725147209 0.00076989709774884414 -0.0012543923778162258 -0.0024127644530421905
leaf_weight=1645 91478 256 7795 210 328 272 558 284 3341 7542 2756 10115 9212 3987
leaf_count=1645 91478 256 7795 210 328 272 558 284 3341 7542 2756 10115 9212 3987
internal_value=-9.60191e-05 -0.000797871 -0.000880733 0.000255564 0.00031983 0.000258644 -0.00534431 0.00107155 -0.00109255 0.000102327 -0.00171556 -0.000444919 -0.00270391 -0.004524
internal_weight=139779 46649 46393 93130 92078 91750 1052 494 44748 15337 29411 12871 16540 7328
internal_count=139779 46649 46393 93130 92078 91750 1052 494 44748 15337 29411 12871 16540 7328
is_linear=0
shrinkage=0.03


Tree=87
num_leaves=15
num_cat=0
split_feature=8 6 12 12 9 10 3 5 1 11 0 9 3 6
split_gain=47.9576 50.6735 58.806 53.0759 50.8563 44.8727 44.3682 64.0547 64.6731 42.5474 38.1429 37.5561 39.6958 39.6659
threshold=-0.017287247841511869 -0.46086467597303504 -0.13324826455612185 -0.016989903123297009 0.7984533867400363 1.2316483468233008 0.97835497835498397 3.0841426914548973 0.91068430856786209 -1.4078937785325407 0.47554407931619413 1.3496699066245252 0.69642857142857573 -0.38307483183909596
decision_type=2 8 2 2 2 2 2 2 2 2 2 2 2 10
left_child=1 2 -1 -4 -5 9 -7 10 -9 -3 -8 13 -13 -2
right_child=11 5 3 4 -6 6 7 8 -10 -11 -12 12 -14 -15
leaf_value=-0.0067483553645387292 -0.0015866311943761365 0.01017822987247597 0.018639834561628054 0.013174609055788052 -0.0079136139084247572 -0.00075367844524020118 -0.0097153355001375584 0.00046823212347172813 0.02229855404667011 -0.0031895498094543276 0.0026015514629514022 -0.0063332821441611916 -0.00014725729855623199 0.00070627994882858577
leaf_weight=245 7401 215 344 200 202 34415 256 213 282 8601 1698 1486 2498 81702
leaf_count=245 7401 215 344 200 202 34415 256 213 282 8601 1698 1486 2498 81702
internal_value=-5.2114e-06 -0.000790005 0.00590451 0.0100772 0.002611 -0.000935869 -0.000475877 0.00342156 0.0130035 -0.00285796 0.000967197 0.000388282 -0.00245964 0.00051575
internal_weight=139758 46671 991 746 402 45680 36864 2449 495 8816 1954 93087 3984 89103
internal_count=139758 46671 991 746 402 45680 36864 2449 495 8816 1954 93087 3984 89103
is_linear=0
shrinkage=0.03


Tree=88
num_leaves=15
num_cat=0
split_feature=8 9 6 3 11 9 10 7 8 7 3 6 12 9
split_gain=48.0011 68.0419 76.337 67.0174 38.1716 91.2923 51.9166 44.4517 53.0198 42.3269 36.3957 32.5292 31.1092 92.8562
threshold=0.07376219665481451 1.0755039736610492 0.22323545527327884 0.78723404255318552 2.2912129397993497 0.96155773500278607 1.8640332073935324 2.2943136352186295 0.017134754978232018 0.85173559168476776 0.72490752185744134 0.015948250709891369 0.00071824286445543184 1.1971146537045942
decision_type=2 2 10 2 2 2 2 10 2 8 2 10 2 2
left_child=4 2 -2 -4 6 -6 -1 12 11 -7 -11 -9 -8 -14
right_child=1 -3 3 -5 5 9 7 8 -10 10 -12 -13 13 -15
leaf_value=-0.00044369163249886217 0.0030421210446761665 -0.0063493758666272205 0.025181927136019678 0.0034282136907608342 -0.0073510818287152151 0.0069043518174077183 -6.3637697791016199e-05 -0.0028671192541374129 0.016379970475126897 0.0014346040425663614 -0.012501642540622795 0.0086302836172911061 0.0022417721322996668 -0.0037531629326497981
leaf_weight=85618 2258 519 291 227 2025 830 25568 471 341 559 236 410 18545 2654
leaf_count=85618 2258 519 291 227 2025 830 25568 471 341 559 236 410 18545 2654
internal_value=2.25522e-06 0.00357771 0.00544175 0.0157728 -8.37046e-05 -0.00310844 -9.58851e-07 0.000788892 0.00642566 0.00218488 -0.00275472 0.00250205 0.000640935 0.00149053
internal_weight=140552 3295 2776 518 137257 3650 133607 47989 1222 1625 795 881 46767 21199
internal_count=140552 3295 2776 518 137257 3650 133607 47989 1222 1625 795 881 46767 21199
is_linear=0
shrinkage=0.03


Tree=89
num_leaves=15
num_cat=0
split_feature=8 6 9 11 1 7 6 6 6 12 6 14 5 12
split_gain=42.62 66.0507 85.1709 57.5849 54.5298 62.5225 53.7123 56.6361 58.7372 48.8463 46.6812 61.8687 50.3953 79.4088
threshold=0.017566079871188075 0.047281165554928679 0.93550741913693314 2.1746360442270904 2.6258815088244765 0.62443055589011076 -0.46086467597303504 -0.0054373605542540329 0.32250613881305207 0.046648656909582704 0.30004037275885159 1.0000000180025095e-35 2.5267649486418087 0.0037104856892828946
decision_type=2 8 2 2 2 10 8 8 10 2 8 2 2 2
left_child=1 2 3 9 5 -2 -7 -8 -9 -1 12 -12 -3 -14
right_child=4 10 -4 -5 -6 6 7 8 -10 -11 11 -13 13 -15
leaf_value=-0.0023288065475796571 0.00010610235703271269 0.00039442719112981015 0.00045625792997825939 -0.0098720267336162276 -0.0023736372448813414 -0.0093905238474945758 0.0046343480647397422 -0.00079719604192366172 0.0048343156067553556 0.00036100635990068801 0.0019561497985553337 -0.0019295949017819369 0.006109654969022704 -0.00019213476966302678
leaf_weight=28374 24583 12909 21187 799 4672 328 7573 5276 2431 7730 5556 10944 4337 3073
leaf_count=28374 24583 12909 21187 799 4672 328 7573 5276 2431 7730 5556 10944 4337 3073
internal_value=-6.95232e-05 -0.000429689 -0.00105973 -0.00193004 0.000692382 0.00104904 0.00253369 0.00279264 0.00098112 -0.00175294 0.000564343 -0.000620962 0.00152678 0.00349787
internal_weight=139772 94909 58090 36903 44863 40191 15608 15280 7707 36104 36819 16500 20319 7410
internal_count=139772 94909 58090 36903 44863 40191 15608 15280 7707 36104 36819 16500 20319 7410
is_linear=0
shrinkage=0.03


Tree=90
num_leaves=15
num_cat=0
split_feature=0 5 8 0 12 12 6 3 9 13 8 0 10 10
split_gain=46.479 66.7224 43.6058 77.6778 53.5161 49.3801 37.9246 35.6802 40.5283 67.722 49.1687 48.981 45.2451 45.0804
threshold=0.54902863575780114 1.0768743712931519 0.07376219665481451 0.56218973890232682 -0.026520568377411454 0.062574199553407275 -0.048080700301037387 0.95755117403978585 0.92293349460153384 18.500000000000004 -0.029008312286197931 0.56419155648722219 2.2655322869731624 1.978544274885045
decision_type=2 2 2 2 2 2 10 2 2 2 2 2 2 2
left_child=-1 -2 7 -4 -5 -6 -7 -3 12 10 -10 -12 -9 -11
right_child=1 2 3 4 5 6 -8 8 9 13 11 -13 -14 -15
leaf_value=-0.00038797332698374564 -0.002608886594730739 0.00064983710857475867 -0.0077123169412908069 0.019176669544798294 0.00028940122449443541 0.022119517537341878 0.0042784988494081935 0.0027297441907698449 0.014263633527397679 0.0071249168810688631 0.0094544129637685031 -0.0050275540276160163 -0.0090650513910925413 0.024968191213507688
leaf_weight=98147 4580 31291 307 338 650 215 215 2182 273 259 313 615 333 257
leaf_count=98147 4580 31291 307 338 650 215 215 2182 273 259 313 615 333 257
internal_value=-3.10974e-05 0.000806238 0.00122645 0.00587773 0.00883677 0.0055273 0.0133507 0.000999792 0.00358351 0.00712971 0.00319628 -0.000118521 0.00115316 0.0161663
internal_weight=139975 41828 37248 1725 1418 1080 430 35523 4232 1717 1201 928 2515 516
internal_count=139975 41828 37248 1725 1418 1080 430 35523 4232 1717 1201 928 2515 516
is_linear=0
shrinkage=0.03


Tree=91
num_leaves=15
num_cat=0
split_feature=9 14 6 5 13 13 10 11 4 11 4 3 11 3
split_gain=37.3193 61.2231 61.2369 40.9545 31.1962 83.0025 149.154 95.1017 93.6564 86.6971 58.2737 61.4732 77.5575 55.3598
threshold=1.3496699066245252 1.0000000180025095e-35 -0.2508725418593496 2.8369884868969821 39.500000000000007 42.500000000000007 2.5511925659727961 1.1735990098880913 1.2667307130513492 -1.6134627145652984 1.1028824728059303 0.95918367346938949 0.64504924570662958 0.97835497835498397
decision_type=2 2 8 2 2 2 2 2 2 2 2 2 2 2
left_child=4 -2 -3 -4 10 7 8 -6 13 -8 -1 -12 -13 -7
right_child=1 2 3 -5 5 6 9 -9 -10 -11 11 12 -14 -15
leaf_value=6.8762132154217748e-05 -0.0051161937351080289 0.016236019708248305 -0.00370895078939971 0.0066918726458307905 0.010055756269972864 -0.002665646530428029 0.00014930358410180944 -0.010855855447672574 0.010313057821077198 0.019720775298844528 -0.0046794296320215424 -0.0029543585835371984 0.019660382494497457 0.0097984796071414054
leaf_weight=120374 3124 227 1034 502 1587 6316 331 219 598 525 4020 349 218 333
leaf_count=120374 3124 227 1034 502 1587 6316 331 219 598 525 4020 349 218 333
internal_value=-2.26175e-05 -0.00259661 0.00186987 -0.00029904 7.07438e-05 0.00169057 0.00039261 0.00749699 -0.00100922 0.0121977 -5.77658e-05 -0.00337463 0.0058364 -0.00203452
internal_weight=139757 4887 1763 1536 134870 9909 8103 1806 7247 856 124961 4587 567 6649
internal_count=139757 4887 1763 1536 134870 9909 8103 1806 7247 856 124961 4587 567 6649
is_linear=0
shrinkage=0.03


Tree=92
num_leaves=15
num_cat=0
split_feature=10 10 11 12 9 9 9 6 11 9 9 8 9 6
split_gain=36.9965 59.3498 53.147 59.8054 55.9064 36.4231 45.6762 40.0812 34.4461 87.0602 34.1536 35.6504 69.3714 73.1742
threshold=2.7612196869537065 2.9065738943497261 0.43575982254421591 0.041343569877617399 0.88456403125199767 0.81370159490066329 0.85206774053284295 0.20355022932505998 2.2912129397993497 1.1181428734679872 1.3312480570631371 0.040713836018987412 0.83100871409178079 0.69175242851027208
decision_type=2 2 2 2 2 2 2 10 2 2 2 2 2 10
left_child=8 2 3 4 -2 7 -7 -3 10 -10 11 -1 13 -13
right_child=1 5 -4 -5 -6 6 -8 -9 9 -11 -12 12 -14 -15
leaf_value=-0.00019305265374501966 -0.0026809748344873981 -0.0081612281101624742 0.0014642079478009037 0.02043738678646493 0.011886593910895837 0.011389349688778349 0.0003935305267953999 0.0055546331140599228 -0.006383615430173642 0.0098329580685575634 -0.0026295479771064395 0.0028281338493240157 -0.00042989625895575363 0.017632609891236585
leaf_weight=107901 397 798 1406 348 578 366 4074 248 1888 349 4580 7123 9319 309
leaf_count=107901 397 798 1406 348 578 366 4074 248 1888 349 4580 7123 9319 309
internal_value=-2.85568e-05 0.00192397 0.00553494 0.00983925 0.00597156 0.000124297 0.00131173 -0.00489833 -0.000150631 -0.00383734 -8.66686e-05 6.86432e-06 0.0012943 0.0034551
internal_weight=139684 8215 2729 1323 975 5486 4440 1046 131469 2237 129232 124652 16751 7432
internal_count=139684 8215 2729 1323 975 5486 4440 1046 131469 2237 129232 124652 16751 7432
is_linear=0
shrinkage=0.03


Tree=93
num_leaves=15
num_cat=0
split_feature=0 5 3 1 6 6 8 11 5 13 13 6 8 13
split_gain=34.3929 37.5746 98.3262 71.9876 61.2335 66.4114 94.3427 56.9886 56.4961 43.8293 42.4644 41.7748 59.2573 71.7747
threshold=0.49421837544748587 2.6077138570684935 0.97835497835498397 0.97797306464444311 -0.33882887476114243 0.26210776757556836 0.071235129695356864 2.5195555396212348 3.04372421647003 1.5000000000000002 22.500000000000004 -0.31246276305208209 0.011018747596181717 82.500000000000014
decision_type=2 2 2 2 8 8 2 2 2 2 2 8 2 2
left_child=-1 11 4 -4 10 7 -7 -6 -5 -9 -3 -2 -13 -14
right_child=1 2 3 8 5 6 -8 9 -10 -11 -12 12 13 -15
leaf_value=-0.00093389701550531561 0.0020181240545242528 -0.0011058197167822332 0.0016559804390988567 0.0033386536034964776 0.001949574664136026 -0.0021476276985755811 0.015440686415292714 0.0055822523011981196 0.017737711332658456 -0.0078178152524525247 -0.0090333771237485379 -0.0011978128546170032 0.00082336152089787691 -0.013934596559405326
leaf_weight=29122 6955 1876 1061 382 25823 7454 280 283 694 932 896 37423 26192 295
leaf_count=29122 6955 1876 1061 382 25823 7454 280 283 694 932 896 37423 26192 295
internal_value=-1.67797e-05 0.000224855 0.000963925 0.00721568 0.000607162 0.000949405 -0.0015013 0.00165056 0.0126649 -0.00468656 -0.00367991 -0.000189027 -0.00042936 0.000656395
internal_weight=139668 110546 39681 2137 37544 34772 7734 27038 1076 1215 2772 70865 63910 26487
internal_count=139668 110546 39681 2137 37544 34772 7734 27038 1076 1215 2772 70865 63910 26487
is_linear=0
shrinkage=0.03


Tree=94
num_leaves=15
num_cat=0
split_feature=0 4 2 13 13 1 13 14 13 13 13 13 3 3
split_gain=35.4222 30.9957 41.1991 87.2767 57.1542 75.0145 71.883 53.8323 105.012 67.5793 137.376 42.4057 124.073 57.9362
threshold=0.45079874401403502 0.33747233073610022 0.59509780134715318 47.500000000000007 39.500000000000007 3.2766757431884934 56.500000000000007 1.0000000180025095e-35 44.500000000000007 95.000000000000014 72.500000000000014 49.500000000000007 0.89189189189188689 0.84545454545455045
decision_type=2 2 2 2 2 2 2 2 2 2 2 2 2 2
left_child=-1 -2 3 -3 -4 7 -7 9 -9 10 11 13 -13 -6
right_child=1 2 4 -5 5 6 -8 8 -10 -11 -12 12 -14 -15
leaf_value=-0.0022422268370683898 0.00058517897816124764 -0.0010565496169756845 -0.00024297250215263847 -0.010556183633810145 0.012228355882967362 0.00085797988911386297 0.022710946508095815 0.010798076187809891 -0.0052070930278117506 0.021136666432976032 -0.012560112125352215 0.0024774606333812701 0.029708009676347333 -0.002439444387587262
leaf_weight=5513 80096 15889 32523 916 397 233 320 473 1613 210 386 379 246 607
leaf_count=5513 80096 15889 32523 916 397 233 320 473 1613 210 386 379 246 607
internal_value=0.000113502 0.000210293 -0.000343792 -0.00157734 0.000210808 0.00324213 0.0135937 0.00190007 -0.00156078 0.00514094 0.0034257 0.00724046 0.0133461 0.00339233
internal_weight=139801 134288 54192 16805 37387 4864 553 4311 2086 2225 2015 1629 625 1004
internal_count=139801 134288 54192 16805 37387 4864 553 4311 2086 2225 2015 1629 625 1004
is_linear=0
shrinkage=0.03


Tree=95
num_leaves=15
num_cat=0
split_feature=0 5 14 6 9 9 13 9 9 12 8 13 6 12
split_gain=31.8156 54.9176 47.0362 62.2562 65.0469 49.5364 68.4438 61.447 45.7149 43.2699 70.5102 55.2673 43.992 62.7381
threshold=0.54902863575780114 1.2340182020453843 1.0000000180025095e-35 -0.42142425369539133 0.91445006889697289 0.78851998981115845 39.500000000000007 1.0643647941879204 0.96882755937053877 0.061346152663994187 0.054295560144002365 -2.4999999999999996 0.15361519032946916 0.0052853494566842416
decision_type=2 2 2 10 2 2 2 2 2 2 2 2 10 2
left_child=-1 -2 -3 4 -4 9 7 -7 -8 11 -11 -5 -13 -14
right_child=1 2 3 5 -6 6 8 -9 -10 10 -12 12 13 -15
leaf_value=-0.00038975987726019363 -0.0019702105288309183 2.8070642924168745e-05 -0.0097053258274060576 0.01816203176555499 0.004939581283268075 -0.00071375582293218426 0.017172477250022612 0.0048150789189215972 0.0020278980183178808 0.0063951450882543592 0.023721216721016732 0.00086370033080453352 0.0030279646707961618 0.021954276694049094
leaf_weight=97831 6357 18866 752 208 423 6819 392 2457 330 1362 247 3052 498 227
leaf_count=97831 6357 18866 752 208 423 6819 392 2457 330 1362 247 3052 498 227
internal_value=-9.32874e-05 0.000597417 0.0010557 0.00221162 -0.00443457 0.00271373 0.00144765 0.000752511 0.010312 0.00497325 0.00912014 0.00328955 0.00244759 0.00906364
internal_weight=139821 41990 35633 16767 1175 15592 9998 9276 722 5594 1609 3985 3777 725
internal_count=139821 41990 35633 16767 1175 15592 9998 9276 722 5594 1609 3985 3777 725
is_linear=0
shrinkage=0.03


Tree=96
num_leaves=15
num_cat=0
split_feature=8 0 6 3 8 4 13 13 1 12 14 0 5 7
split_gain=38.1804 34.9393 29.8936 26.6921 26.5563 26.3658 38.2759 51.4037 171.528 48.9913 79.7956 53.0424 39.2906 64.7635
threshold=-0.039612250868978398 0.43818666121137489 -0.14628009687681517 0.8878504672897215 0.0042594829379718454 0.21623134320538359 19.500000000000004 20.500000000000004 2.0713091726472075 0.17356390123795881 1.0000000180025095e-35 0.55428025759057198 1.4612089100487975 -0.080704338666902339
decision_type=2 2 10 2 2 2 2 2 2 2 2 2 2 8
left_child=-1 2 4 -4 -2 -3 -7 8 -8 12 -11 -12 -9 -14
right_child=1 5 3 -5 -6 6 7 9 -10 10 11 -13 13 -15
leaf_value=-0.0011475652102757763 -0.0034741593107866374 0.00083764260132042638 -0.0030717206648498605 0.0063844169240476027 -0.014113153574391987 -0.00058496783334955596 0.00012946846086697356 -0.0015897251199930907 0.02518238868431321 0.008132702506814353 -0.013922491794915668 0.0035189387115879332 0.0058825580710099683 0.00075920508815439654
leaf_weight=20567 537 50838 1063 354 348 43876 918 4315 331 291 672 202 2680 12850
leaf_count=20567 537 50838 1063 354 348 43876 918 4315 331 291 672 202 2680 12850
internal_value=4.60192e-05 0.000251873 -0.00340422 -0.000695212 -0.00771341 0.000323966 -7.09311e-05 0.00094222 0.00684273 0.000589903 -0.00537592 -0.00989432 0.000941392 0.00164495
internal_weight=139842 119275 2302 1417 885 116973 66135 22259 1249 21010 1165 874 19845 15530
internal_count=139842 119275 2302 1417 885 116973 66135 22259 1249 21010 1165 874 19845 15530
is_linear=0
shrinkage=0.03


Tree=97
num_leaves=15
num_cat=0
split_feature=0 0 10 12 6 11 13 13 13 13 11 11 0 6
split_gain=45.8936 39.4155 39.4823 31.6575 44.696 36.7687 91.4657 77.1022 80.7749 103.041 43.8133 73.2544 82.7259 99.0692
threshold=0.4931051869362581 0.49251300422976746 2.3086481544605948 0.21776650024199082 -0.25771549973287017 -0.67597421559605653 88.500000000000014 85.000000000000014 75.500000000000014 72.500000000000014 1.8068283263938401 1.6297946077808201 0.53746642681579426 -0.20273707682329142
decision_type=2 2 2 2 8 2 2 2 2 2 2 2 2 8
left_child=1 2 -1 5 -5 6 -2 8 9 10 11 -7 -13 -14
right_child=3 -3 -4 4 -6 7 -8 -9 -10 -11 -12 12 13 -15
leaf_value=-0.0014120976291629511 -0.00078452439406455755 -0.008896360226230849 0.0017004089195632648 -0.0093919380166459926 -0.00076279523625651644 0.00079630158562988445 0.018300406610054012 -0.011155113380470334 0.018087508420602909 -0.018773014404978906 -0.0014310431308137213 0.00050882151751272041 0.029476278730295596 0.007462689935289089
leaf_weight=23121 25903 564 4355 694 2383 71319 223 488 236 239 7507 1246 220 1046
leaf_count=23121 25903 564 4355 694 2383 71319 223 488 236 239 7507 1246 220 1046
internal_value=4.24586e-06 -0.00108056 -0.00091854 0.00027708 -0.00272113 0.000362286 -0.000618153 0.00067354 0.000744773 0.000693496 0.000751846 0.00097388 0.00600397 0.011389
internal_weight=139544 28040 27476 111504 3077 108427 26126 82301 81813 81577 81338 73831 2512 1266
internal_count=139544 28040 27476 111504 3077 108427 26126 82301 81813 81577 81338 73831 2512 1266
is_linear=0
shrinkage=0.03


Tree=98
num_leaves=15
num_cat=0
split_feature=4 10 13 11 13 9 13 9 5 13 13 13 11 2
split_gain=32.9705 40.7896 109.352 89.5129 70.3268 89.3762 62.9711 134.208 57.2432 53.0245 105.748 92.9415 95.0281 71.3724
threshold=1.1028824728059303 2.6633238414018909 44.500000000000007 -1.6520744792605204 64.500000000000014 0.96882755937053877 59.500000000000007 0.79440649003790653 2.861476455653047 48.500000000000007 51.500000000000007 39.500000000000007 -1.4689383146356012 0.72380952380952701
decision_type=2 2 2 2 2 2 2 2 2 2 2 2 2 2
left_child=1 4 -3 -4 6 8 9 -8 -6 11 -11 -1 -13 -12
right_child=-2 2 3 -5 5 -7 7 -9 -10 10 13 12 -14 -15
leaf_value=-5.1107727952341639e-06 -0.0021019054769570228 0.001185757381307177 -0.00010080835665576159 0.022774665786711563 -0.013996348297015166 0.0037863970196045098 0.028175444852661442 -0.0026634067513048648 0.0028548206795791257 -0.018339340183678464 -0.0069874243010338895 -0.013878716271031986 0.0059938551465654839 0.0049819131895367588
leaf_weight=115779 6012 9230 251 393 934 563 217 295 223 403 957 226 3536 835
leaf_count=115779 6012 9230 251 393 934 563 217 295 223 403 957 226 3536 835
internal_value=7.05261e-05 0.000168184 0.00202338 0.0139268 2.03423e-05 -0.00599478 0.000105215 0.010553 -0.0107501 6.0842e-05 -0.00455434 0.000145772 0.00478318 -0.00141185
internal_weight=139854 133842 9874 644 123968 1720 122248 512 1157 121736 2195 119541 3762 1792
internal_count=139854 133842 9874 644 123968 1720 122248 512 1157 121736 2195 119541 3762 1792
is_linear=0
shrinkage=0.03


Tree=99
num_leaves=15
num_cat=0
split_feature=13 11 9 13 9 5 9 7 12 9 13 12 13 13
split_gain=34.6872 32.1513 68.5558 37.1841 38.2668 31.9417 60.4891 62.7674 55.2113 54.2144 88.4926 58.5327 62.085 68.2022
threshold=-19.499999999999996 2.2912129397993497 0.96155773500278607 1.5000000000000002 0.83883794937355438 2.5845442600564805 0.72046578861649058 -0.45583036919431258 0.14584393827630035 1.2125084902709713 46.500000000000007 -0.10275064697044721 88.500000000000014 26.500000000000004
decision_type=2 2 2 2 2 2 2 8 2 2 2 2 2 2
left_child=-1 5 3 4 -3 9 -7 -8 -9 11 -11 12 13 -2
right_child=1 2 -4 -5 -6 6 7 8 -10 10 -12 -13 -14 -15
leaf_value=0.0083326582421495779 0.0028205787766837683 -0.0069225193659855615 0.0018904685508417832 -0.0083964073978046345 0.0099515458392342177 -0.001723467221663545 0.0088132173775963829 0.0013471556786791745 -0.0035286940774908234 -0.0019937877869999764 -0.017092184461653229 -0.00030937789697138421 0.018121197469161725 -0.003124081874926533
leaf_weight=453 9155 249 1659 1633 226 7296 959 35530 2216 5789 367 71652 206 2139
leaf_count=453 9155 249 1659 1633 226 7296 959 35530 2216 5789 367 71652 206 2139
internal_value=9.01485e-05 6.30023e-05 -0.0026689 -0.00625311 0.00112601 0.000139154 0.000781351 0.00125368 0.00106047 -0.000191656 -0.00290704 9.53559e-06 0.00199583 0.00169382
internal_weight=139529 139076 3767 2108 475 135309 46001 38705 37746 89308 6156 83152 11500 11294
internal_count=139529 139076 3767 2108 475 135309 46001 38705 37746 89308 6156 83152 11500 11294
is_linear=0
shrinkage=0.03


Tree=100
num_leaves=15
num_cat=0
split_feature=4 13 2 6 8 2 11 6 3 13 13 13 13 13
split_gain=33.5832 58.4709 70.6443 69.3779 65.1863 43.9352 42.3735 38.6204 33.5974 61.1057 192.299 60.0267 49.7233 47.782
threshold=1.1028824728059303 49.500000000000007 0.62962962962963565 -0.033389121280822824 0.027273068114481141 0.89062499999999767 0.69668034233643006 -0.20547467458666094 0.9101725626760675 54.500000000000007 50.500000000000007 59.500000000000007 71.000000000000014 35.500000000000007
decision_type=2 2 2 8 2 2 2 10 2 2 2 2 2 2
left_child=8 3 -3 7 -4 -5 -7 -2 -1 10 13 -11 -13 -10
right_child=1 2 4 5 -6 6 -8 -9 9 11 -12 12 -14 -15
leaf_value=0.00033735381049445674 -0.0026833845393116032 -0.010196647538613636 0.0018460334228381278 -0.0019604138834430473 0.021206797211812428 0.00064191626814695502 0.017849275527728928 -0.010317608485836535 -0.00048729356155658582 -0.019177895886178062 0.021325132148105556 0.008538114905233183 -0.0082400483848408933 -0.0053590920479735836
leaf_weight=104956 1047 201 373 2282 266 320 211 1395 25264 298 352 220 539 1947
leaf_count=104956 1047 201 373 2282 266 320 211 1395 25264 298 352 220 539 1947
internal_value=-1.05054e-05 -0.00218732 0.00514122 -0.00336254 0.0100075 -0.000148829 0.00758221 -0.00705663 8.88995e-05 -0.000822138 -0.00054996 -0.00788363 -0.00335276 -0.000836801
internal_weight=139671 6095 840 5255 639 2813 531 2442 133576 28620 27563 1057 759 27211
internal_count=139671 6095 840 5255 639 2813 531 2442 133576 28620 27563 1057 759 27211
is_linear=0
shrinkage=0.03


Tree=101
num_leaves=15
num_cat=0
split_feature=8 8 1 1 6 3 5 11 12 11 9 12 1 5
split_gain=32.7406 33.1703 55.7954 43.8447 39.8234 39.2719 27.3894 44.2024 38.3208 29.1688 58.6131 45.816 52.1047 51.173
threshold=-0.037875369124427107 -0.084962152251087775 1.5005927463958699 2.1553208890505542 0.083570781074535652 0.78723404255318552 0.58278855923654038 -0.66230414036682628 -0.053533748606337354 1.9551134283217586 0.83694955313690989 -0.025740739698148104 0.81326557983151504 3.5995447532195368
decision_type=2 2 2 2 8 2 2 2 2 2 2 2 2 2
left_child=1 2 4 -4 -1 -6 7 8 -2 -8 -11 12 -12 -13
right_child=6 -3 3 -5 5 -7 9 -9 -10 10 11 13 -14 -15
leaf_value=-0.0043780504720709037 0.001351554355175375 -0.0013590466350543412 0.022138944791532805 0.0027251803461048338 0.016235337849234192 -0.00081771427278734662 0.00042104226057488822 0.0021820360325825279 -0.0079961012893396879 -0.0059423036765137664 0.01243424893146561 -0.0050263414502857888 0.00066598796160818809 0.002818807455324198
leaf_weight=771 551 20554 206 211 208 282 107863 1109 1375 1981 491 1868 1069 1242
leaf_count=771 551 20554 206 211 208 282 107863 1109 1375 1981 491 1868 1069 1242
internal_value=2.78423e-05 -0.00102777 0.003022 0.0124644 -0.000137381 0.00651201 0.000227526 -0.00258302 -0.0053253 0.000302124 -0.00162531 0.000210347 0.00439786 -0.00189383
internal_weight=139781 22232 1678 417 1261 490 117549 3035 1926 114514 6651 4670 1560 3110
internal_count=139781 22232 1678 417 1261 490 117549 3035 1926 114514 6651 4670 1560 3110
is_linear=0
shrinkage=0.03


Tree=102
num_leaves=15
num_cat=0
split_feature=4 13 2 13 3 7 13 14 10 2 8 10 4 5
split_gain=37.2867 45.5588 115.304 84.3447 76.1852 71.5229 47.5238 67.299 69.6773 76.7502 54.7372 46.2575 39.8957 39.4734
threshold=0.33747233073610022 39.500000000000007 0.57971014492753403 47.500000000000007 0.6785714285714245 0.71831710287490635 42.500000000000007 1.0000000180025095e-35 2.0722215936265576 0.72380952380952701 0.017960901868143257 2.0095907266799991 0.32794301614041194 1.8433966154977213
decision_type=2 2 2 2 2 10 2 2 2 2 2 2 2 2
left_child=12 -2 3 4 -3 6 -4 8 9 -8 -9 13 -1 -12
right_child=1 2 5 -5 -6 -7 7 10 -10 -11 11 -13 -14 -15
leaf_value=0.00029668830266901461 -0.000923510331024174 0.017641204631199007 0.0099093362797975214 -0.011805614448480599 -0.008119002656228301 0.016711361569420085 -0.0080379928932709146 -0.0072058457851152252 0.014366862721533676 0.0063149773897199684 -0.011839409983739621 0.015372731164367734 0.0050207198066619888 0.0039426152315189334
leaf_weight=82469 48988 202 713 838 202 353 476 1036 547 1103 200 202 1636 464
leaf_count=82469 48988 202 713 838 202 353 476 1036 547 1103 200 202 1636 464
internal_value=-9.0138e-06 -0.000613872 0.001779 -0.00640019 0.00481931 0.00377754 0.00279794 0.00152842 0.00519063 0.00197646 -0.00256797 0.00298985 0.000388873 -0.000863965
internal_weight=139429 55324 6336 1242 404 5094 4741 4028 2126 1579 1902 866 84105 664
internal_count=139429 55324 6336 1242 404 5094 4741 4028 2126 1579 1902 866 84105 664
is_linear=0
shrinkage=0.03


Tree=103
num_leaves=15
num_cat=0
split_feature=0 5 9 13 6 8 13 7 13 13 9 9 13 8
split_gain=36.7449 42.5379 37.409 35.3068 90.0585 79.7362 56.5217 78.7055 63.9559 61.5268 61.4545 53.4275 59.6731 72.9892
threshold=0.52574691077130709 0.92063123102116629 0.66081313336585146 14.500000000000002 0.066608721322974032 0.0054270837527578596 48.500000000000007 1.1981047967499283 37.500000000000007 56.500000000000007 1.0718119608790244 0.57109559883965699 6.5000000000000009 0.0019908897863829336
decision_type=2 2 2 2 8 2 2 10 2 2 2 2 2 2
left_child=-1 2 -2 11 -5 -6 7 8 -7 -8 -11 12 13 -3
right_child=1 3 -4 4 5 6 9 -9 -10 10 -12 -13 -14 -15
leaf_value=-0.00052363961206285819 -0.0078668948628430081 0.0015146375729088799 -0.0010234690729084017 0.0028914155270926647 0.0033279437375417151 -0.0038213600884128176 -0.017015326159105112 0.012304844661080212 0.005584651678800583 0.0052610420761255413 -0.013303637156421516 -7.411299994266041e-05 -0.0018690930296705194 0.021871807246625078
leaf_weight=68712 843 294 4737 16145 2877 4174 469 348 766 368 277 38886 433 341
leaf_count=68712 843 294 4737 16145 2877 4174 469 348 766 368 277 38886 433 341
internal_value=-2.91745e-05 0.000449643 -0.00206346 0.000664277 0.00153812 -0.000816833 -0.0026806 -0.00138298 -0.00235869 -0.00880654 -0.0027527 0.000108099 0.00671189 0.0125321
internal_weight=139670 70958 5580 65378 25424 9279 6402 5288 4940 1114 645 39954 1068 635
internal_count=139670 70958 5580 65378 25424 9279 6402 5288 4940 1114 645 39954 1068 635
is_linear=0
shrinkage=0.03


Tree=104
num_leaves=15
num_cat=0
split_feature=7 6 6 9 5 6 3 1 1 12 6 9 12 12
split_gain=33.0262 44.8531 48.2559 32.641 26.1287 74.1618 71.2131 55.5104 54.1622 52.1428 48.8296 68.16 44.3948 73.2824
threshold=2.0661540109426046 0.15361519032946916 0.22323545527327884 0.82336799057070964 2.6646454896133944 -0.34523505985770137 0.97835497835498397 3.9493521036352717 0.97797306464444311 0.016279137626660004 0.26210776757556836 0.80608691807979127 -0.10275064697044721 0.0014345484356319551
decision_type=10 8 10 2 2 8 2 2 2 2 10 2 2 2
left_child=4 -2 -3 -4 7 -6 10 12 -8 -10 11 -7 -1 -14
right_child=1 2 3 -5 5 6 8 -9 9 -11 -12 -13 13 -15
leaf_value=0.0014641599992443204 0.00060069257750791887 0.015221354599332732 0.009899567652365257 -0.00049477526446643435 -0.0039082589460635812 -0.0010705162253907114 0.0013427775773304765 -0.0045962398535437342 0.016059676853582443 0.0032059073770547859 -0.0015269324049440184 0.0020125743667386824 -0.0014838313499323439 0.00040070898890191711
leaf_weight=12456 3805 423 430 724 3100 9061 1129 2651 662 500 7796 22399 34517 40188
leaf_count=12456 3805 423 430 724 3100 9061 1129 2651 662 500 7796 22399 34517 40188
internal_value=6.33434e-05 0.00236662 0.00661211 0.00340433 -2.89347e-05 0.000564167 0.000898304 -0.00032379 0.00603375 0.0105662 0.000597866 0.00112456 -0.000193587 -0.000470073
internal_weight=139841 5382 1577 1154 134459 44647 41547 89812 2291 1162 39256 31460 87161 74705
internal_count=139841 5382 1577 1154 134459 44647 41547 89812 2291 1162 39256 31460 87161 74705
is_linear=0
shrinkage=0.03


Tree=105
num_leaves=15
num_cat=0
split_feature=8 6 9 6 6 9 11 12 0 5 10 10 7 6
split_gain=29.881 58.013 71.0833 70.652 65.2787 64.2561 67.591 67.3399 78.9016 57.5002 54.4853 58.691 50.5631 45.2361
threshold=0.00082343703533764242 -0.46086467597303504 0.85019300835076539 -0.20547467458666094 -0.165164197345221 1.0082480998970584 0.80667468612292492 0.087187804009603534 0.5475724415714005 3.5423015767396069 2.3086481544605948 1.8853299501737624 -0.45583036919431258 -0.53635489384601454
decision_type=2 8 2 8 10 2 2 2 2 2 2 2 8 8
left_child=13 -2 4 5 -3 7 -7 -4 -9 -6 11 -8 -5 -1
right_child=1 2 3 12 9 6 10 8 -10 -11 -12 -13 -14 -15
leaf_value=0.0063596221462924136 -0.0049618699136392578 -0.00058595445382250255 -0.0023089709461583878 0.006467304219854089 0.0030124696432375832 0.0024578012102026282 0.0098936807010322793 0.00039276001396152256 0.019696841071917361 -0.003130983930599299 0.0030083424732894022 0.028800207363688442 -0.0011663648980570938 -0.00059830113812866571
leaf_weight=846 1789 8410 2932 797 18641 1959 385 526 294 1476 382 244 29830 71381
leaf_count=846 1789 8410 2932 797 18641 1959 385 526 294 1476 382 244 29830 71381
internal_value=-9.20054e-05 0.000360972 0.000505891 -0.00035536 0.00163335 0.00242866 0.00572139 -0.000181937 0.00739141 0.00256105 0.012002 0.0173971 -0.000966692 -0.000516368
internal_weight=139892 67665 65876 37349 28527 6722 2970 3752 820 20117 1011 629 30627 72227
internal_count=139892 67665 65876 37349 28527 6722 2970 3752 820 20117 1011 629 30627 72227
is_linear=0
shrinkage=0.03


Tree=106
num_leaves=15
num_cat=0
split_feature=13 13 7 10 4 9 6 6 3 8 2 13 13 9
split_gain=39.7774 62.3332 122.745 92.3569 102.229 79.5628 73.848 65.7972 72.1235 73.1286 63.3231 68.1731 63.1308 97.6228
threshold=14.500000000000002 24.500000000000004 1.1334159319847772 2.025257168626323 0.24457657535728103 0.96882755937053877 -0.19480335019004144 -0.26090063987579476 0.9101725626760675 -0.011646235217451173 0.72807017543859653 22.500000000000004 34.500000000000007 0.82725930613129195
decision_type=2 2 10 2 2 2 10 10 2 2 2 2 2 2
left_child=-1 2 10 6 -5 -6 -4 8 9 -3 11 -2 -11 -14
right_child=1 7 3 4 5 -7 -8 -9 -10 12 -12 -13 13 -15
leaf_value=-0.00034944851853386188 -0.0012901507644939969 0.0047024142176976475 0.012342057573024664 0.005981563580923225 0.03523204761283958 0.010795380994922629 -0.00018104119799835117 0.00054478504002959628 -0.0079683132453810413 -0.0081776043421523583 0.003113511577033639 0.0047634911341634806 -0.0066159517589018746 0.0078002319341868194
leaf_weight=89612 10576 1424 599 601 271 223 1420 20452 1829 1408 7762 1984 861 821
leaf_count=89612 10576 1424 599 601 271 223 1420 20452 1829 1408 7762 1984 861 821
internal_value=2.93576e-05 0.000705115 0.00183495 0.00737635 0.0143729 0.0244196 0.00355564 -0.000283241 -0.0029514 -0.000912066 0.000984215 -0.000332392 -0.00350287 0.000422986
internal_weight=139843 50231 23436 3114 1095 494 2019 26795 6343 4514 20322 12560 3090 1682
internal_count=139843 50231 23436 3114 1095 494 2019 26795 6343 4514 20322 12560 3090 1682
is_linear=0
shrinkage=0.03


Tree=107
num_leaves=15
num_cat=0
split_feature=10 13 11 13 13 10 12 5 12 12 13 1 13 9
split_gain=40.9534 100.26 69.6867 60.5384 49.9402 49.9144 44.0693 52.1865 41.0007 85.3127 37.0767 154.775 105.79 160.195
threshold=2.7612196869537065 44.500000000000007 -1.6134627145652984 114.00000000000001 90.500000000000014 2.9065738943497261 0.087187804009603534 3.4530795566617329 0.039361761552692727 0.10669355854841762 64.500000000000014 2.4019123155063107 59.500000000000007 0.7766450526544969
decision_type=2 2 2 2 2 2 2 2 2 2 2 2 2 2
left_child=3 5 -3 4 10 8 -7 -8 -2 -10 12 -12 -1 -14
right_child=1 2 -4 -5 -6 6 7 -9 9 -11 11 -13 13 -15
leaf_value=-7.8741807159685956e-05 0.0020830266885319103 0.001620732733681798 0.022492742374597582 -0.013199603145446959 0.014327005140723721 -0.0015922308141142984 -0.00020576228882983284 0.017869540056314213 0.018156888502686902 -0.0024006759974400738 -0.0113357807572405 0.0087531042059728562 0.033232095618214871 0.00052779751883533135
leaf_weight=129025 1787 245 347 311 212 4437 356 236 474 291 1036 512 211 359
leaf_count=129025 1787 245 347 311 212 4437 356 236 474 291 1036 512 211 359
internal_value=4.34373e-05 0.00210339 0.0139408 -8.45069e-05 -5.2954e-05 0.00117044 -0.000564245 0.00708924 0.00458324 0.0103721 -7.67453e-05 -0.00468461 -2.15263e-05 0.0128178
internal_weight=139839 8173 592 131666 131355 7581 5029 592 2552 765 131143 1548 129595 570
internal_count=139839 8173 592 131666 131355 7581 5029 592 2552 765 131143 1548 129595 570
is_linear=0
shrinkage=0.03


Tree=108
num_leaves=15
num_cat=0
split_feature=0 6 3 5 4 9 13 14 6 5 8 4 10 10
split_gain=36.6169 40.1651 32.2753 64.7469 50.8149 30.6307 50.5361 56.1044 55.8974 37.9451 32.0535 35.4355 38.4571 38.3726
threshold=0.43818666121137489 -0.14628009687681517 0.87101559235556691 1.7905109715234542 0.33747233073610022 1.3496699066245252 46.500000000000007 1.0000000180025095e-35 -0.29046899241259638 2.9137433681590568 -0.039612250868978398 0.19847456396200244 2.9065738943497261 2.7612196869537065
decision_type=2 10 2 2 2 2 2 2 10 2 2 2 2 2
left_child=1 -1 4 -4 -3 10 7 -7 -9 -10 -2 12 13 -12
right_child=5 2 3 -5 -6 6 -8 8 9 -11 11 -13 -14 -15
leaf_value=-0.0076341277152955573 -0.00098466765735047727 -0.00034284600258192426 -0.0067849067479004085 0.013291390793901299 -0.01402507637806286 -0.0039886911289027287 -0.013200571919203057 0.016700566581352366 -0.002504942802200366 0.0077292355410871578 0.0010251750486920939 -0.00010053877135920292 -0.0037038355766632301 0.0076686596985523084
leaf_weight=1154 19248 1280 238 354 297 2859 348 223 1021 473 43388 66761 1518 792
leaf_count=1154 19248 1280 238 354 297 2859 348 223 1021 473 43388 66761 1518 792
internal_value=-1.61931e-05 -0.00312536 -0.000714468 0.00523095 -0.00295583 5.95366e-05 -0.00226236 -0.00141702 0.00286425 0.000750169 0.000146426 0.000340054 0.000983664 0.00114512
internal_weight=139954 3323 2169 592 1577 136631 4924 4576 1717 1494 131707 112459 45698 44180
internal_count=139954 3323 2169 592 1577 136631 4924 4576 1717 1494 131707 112459 45698 44180
is_linear=0
shrinkage=0.03


Tree=109
num_leaves=15
num_cat=0
split_feature=0 13 13 1 9 7 13 10 1 9 6 13 6 6
split_gain=40.5234 26.8335 28.4181 52.1713 74.346 64.2045 79.22 94.3245 81.1908 67.0024 48.921 67.7185 73.1661 62.2902
threshold=0.44180489426122765 -23.499999999999996 14.500000000000002 6.0687647590915077 0.79229750988049019 0.82674092290673407 27.500000000000004 2.0016397512475632 2.7952527517606911 1.0137723012725954 -0.49437503133964694 22.500000000000004 -0.0028147342858841347 -0.057892610371199409
decision_type=2 2 2 2 2 10 2 2 2 2 10 2 10 10
left_child=-1 -2 -3 5 -5 -4 7 10 -9 -10 -7 12 -12 -13
right_child=1 2 3 4 -6 6 -8 8 9 -11 11 13 -14 -15
leaf_value=-0.0031371533691917633 0.0089188029875582782 -0.00037481187990495783 0.0001358655072617241 0.0079384585257540347 -0.011712373444576285 0.015825702893522989 -0.001275164746904653 0.0063942517329883316 0.027597683376438604 0.0058343078217644624 0.0032418528603425788 -0.00041371604239369479 -0.0064274456439780423 0.013721811885665531
leaf_weight=3877 296 86656 39028 230 663 221 2773 1481 355 202 1602 492 1249 647
leaf_count=3877 296 86656 39028 230 663 221 2773 1481 355 202 1602 492 1249 647
internal_value=-0.000114904 -2.8569e-05 -4.84284e-05 0.000529429 -0.00663511 0.000663257 0.00294334 0.00481484 0.0101051 0.0198272 0.00224555 0.0014745 -0.000998025 0.00764074
internal_weight=139772 135895 135599 48943 893 48050 9022 6249 2038 557 4211 3990 2851 1139
internal_count=139772 135895 135599 48943 893 48050 9022 6249 2038 557 4211 3990 2851 1139
is_linear=0
shrinkage=0.03


Tree=110
num_leaves=15
num_cat=0
split_feature=1 9 13 0 0 7 13 12 3 7 1 1 10 13
split_gain=30.955 60.876 63.0353 55.0882 62.0152 79.1756 54.1892 35.0681 34.6973 42.6502 51.1851 34.0308 31.6001 90.9468
threshold=3.9493521036352717 1.0056332865422395 56.500000000000007 0.54562291871167312 0.52423860172713654 1.2697896912680118 38.500000000000007 0.024751874083696061 0.64077669902912271 0.81920150460310104 6.0687647590915077 4.9831522483306037 2.7612196869537065 44.500000000000007
decision_type=2 2 2 2 2 10 2 2 2 8 2 2 2 2
left_child=12 2 3 4 8 7 -3 -6 11 -10 -11 -2 -1 -14
right_child=1 6 -4 -5 5 -7 -8 -9 9 10 -12 -13 13 -15
leaf_value=-1.1590247387485217e-05 -0.017010115393002827 -0.0037277956495449802 0.015046291448749029 -0.0066384065178897948 0.0069146091402858814 0.017877578291500329 -0.015877678463904032 -0.0090234896065002051 -0.010201551869850266 0.012145154864515643 -0.0035720494141181312 -0.0022311823943834651 0.0010788590145507241 0.013950137317192012
leaf_weight=126763 220 1319 229 1085 274 387 438 219 215 395 346 377 6948 527
leaf_count=126763 220 1319 229 1085 274 387 438 219 215 395 346 377 6948 527
internal_value=9.77003e-06 -0.00219426 -3.16531e-05 -0.0010331 0.00147509 0.0078146 -0.00679308 -0.000184911 -0.00213072 0.00141512 0.00483146 -0.0077734 0.000100218 0.00199502
internal_weight=139742 5504 3747 3518 2433 880 1757 493 1553 956 741 597 134238 7475
internal_count=139742 5504 3747 3518 2433 880 1757 493 1553 956 741 597 134238 7475
is_linear=0
shrinkage=0.03


Tree=111
num_leaves=15
num_cat=0
split_feature=13 13 11 2 11 6 1 11 1 13 8 6 3 5
split_gain=28.894 81.0133 141.405 109.438 116.325 145.582 144.065 99.935 95.575 67.4389 89.0081 96.4547 97.3261 68.1689
threshold=39.500000000000007 46.500000000000007 -1.2552787284479348 0.57971014492753403 -0.87094507442425362 -0.13593254006448832 3.2766757431884934 1.1387284510945364 1.05914326652332 74.500000000000014 -0.023154670000178759 -0.391418128940483 0.77966101694915546 1.4375773765095432
decision_type=2 2 2 2 2 8 2 2 2 2 2 10 2 2
left_child=-1 2 -2 -3 5 -5 9 8 -4 10 -6 -12 -13 -14
right_child=1 3 7 4 6 -7 -8 -9 -10 -11 11 12 13 -15
leaf_value=-9.043538237759283e-05 -0.011936530568565314 -0.0079934155282489986 0.0018548742016960514 0.021210867722340772 0.015067075509202959 0.001122104198426316 0.016280017584949347 -0.0058525804813372483 0.013417266314136979 -0.0093862117633435396 -0.016852925349998268 -0.011422173425474243 -0.0097745793093289585 0.0079265624698239556
leaf_weight=129730 385 1358 1002 534 293 818 380 452 1802 1050 344 455 236 1049
leaf_count=129730 385 1358 1002 534 293 818 380 452 1802 1050 344 455 236 1049
internal_value=3.02364e-05 0.00157065 0.00515167 -0.000432457 0.00156362 0.00910549 -0.00112319 0.00718744 0.00929614 -0.00307384 -0.000271603 -0.00245905 0.000426776 0.00465033
internal_weight=139888 10158 3641 6517 5159 1352 3807 3256 2804 3427 2377 2084 1740 1285
internal_count=139888 10158 3641 6517 5159 1352 3807 3256 2804 3427 2377 2084 1740 1285
is_linear=0
shrinkage=0.03


Tree=112
num_leaves=15
num_cat=0
split_feature=8 8 0 6 11 10 2 4 6 2 11 2 2 2
split_gain=30.2647 29.2879 75.6887 66.0863 31.2761 40.3979 30.2999 38.2918 28.0903 37.2475 44.6751 28.8544 26.8863 39.4605
threshold=-0.084962152251087775 0.07376219665481451 0.57005149295254898 0.39128135967264871 2.2912129397993497 3.2011398081376781 0.34374999999999928 0.58700996158353957 0.063241716401485473 0.66826365858416803 0.018903877060975956 0.76923076923077227 0.44897959183673025 0.79999999999999838
decision_type=2 2 2 8 2 2 2 2 8 2 2 2 2 2
left_child=8 4 3 6 -2 -6 -3 -8 11 10 -10 -1 -4 -14
right_child=1 2 12 -5 5 -7 7 -9 9 -11 -12 -13 13 -15
leaf_value=-0.0026799407208762953 2.0709711706786252e-05 0.0042449952615086738 0.000532925371811086 0.013834529980278211 -0.004073221648751511 0.0052415803411793079 -0.0077080294876960683 0.00443755026881976 0.022524173539361834 9.9997930107365216e-05 0.0037830035236820709 0.0092745796933529842 0.014340927310953362 0.00090389806573299596
leaf_weight=675 130977 408 301 237 3101 480 1056 296 238 302 221 243 734 269
leaf_count=675 130977 408 301 237 3101 480 1056 296 238 302 221 243 734 269
internal_value=6.23995e-05 1.35688e-05 0.00280318 -0.000869819 -5.4968e-05 -0.00281909 -0.00288348 -0.00504239 0.00405984 0.00830161 0.0136386 0.000517591 0.00841 0.0107595
internal_weight=139538 137859 3301 1997 134558 3581 1760 1352 1679 761 459 918 1304 1003
internal_count=139538 137859 3301 1997 134558 3581 1760 1352 1679 761 459 918 1304 1003
is_linear=0
shrinkage=0.03


Tree=113
num_leaves=15
num_cat=0
split_feature=13 13 10 10 14 3 13 13 1 9 4 5 1 5
split_gain=29.9217 72.6778 120.538 106.256 69.0702 63.5047 61.1983 67.7662 73.8373 56.7736 56.2706 48.9561 48.4606 47.9908
threshold=39.500000000000007 42.500000000000007 2.4551122253553803 2.734792005973135 1.0000000180025095e-35 0.98242596142222871 43.500000000000007 45.500000000000007 1.0929782795060159 1.3950692599194361 1.2667307130513492 2.0492898946829672 1.7910044352017584 2.1669381422170932
decision_type=2 2 2 2 2 2 2 2 2 2 2 2 2 2
left_child=-1 2 4 5 11 6 -3 8 -8 10 -9 -2 -5 -12
right_child=1 3 -4 12 -6 -7 7 9 -10 -11 13 -13 -14 -15
leaf_value=-0.0001160883372879487 0.011294576182816792 -0.011929363350429876 -0.01390641792829741 0.022509197664200044 0.016276014481332601 0.012703869819295622 -0.0023996196686644857 -0.0018418030875535052 0.017010857764994083 -0.015737947104464928 0.0002547463323666717 -0.0030531145997295442 0.0056374063588181551 0.017378318823241399
leaf_weight=129801 407 441 215 240 768 305 318 5473 388 236 332 442 422 260
leaf_count=129801 407 441 215 240 768 305 318 5473 388 236 332 442 422 260
internal_value=7.14221e-06 0.00156743 0.00697364 0.000387017 0.00978421 -0.000601089 -0.00115409 -0.000467905 0.0083125 -0.00145752 -0.00088934 0.00385085 0.011877 0.0078578
internal_weight=140048 10247 1832 8415 1617 7753 7448 7007 706 6301 6065 849 662 592
internal_count=140048 10247 1832 8415 1617 7753 7448 7007 706 6301 6065 849 662 592
is_linear=0
shrinkage=0.03


Tree=114
num_leaves=15
num_cat=0
split_feature=11 10 10 11 8 2 0 8 5 9 8 3 4 0
split_gain=38.3271 44.4032 46.2332 63.3415 44.8296 36.0881 34.9177 39.727 35.5472 36.1267 68.0656 72.0145 56.446 61.009
threshold=-1.6134627145652984 2.7612196869537065 2.9065738943497261 0.43575982254421591 -0.010062172732378272 0.16071428571428167 0.54191706417625574 -0.045071713134439591 0.92063123102116629 0.86380630859879137 0.071235129695356864 0.66911764705882193 0.62389921681791471 0.59252981343565969
decision_type=2 2 2 2 2 2 2 2 2 2 2 2 2 2
left_child=-1 6 3 4 -3 -4 -2 -8 -9 10 -10 -12 13 -13
right_child=1 2 5 -5 -6 -7 7 8 9 -11 11 12 -14 -15
leaf_value=-0.0020628385171294213 -0.00030503135561640496 0.0048219398810458846 0.012704179705662089 0.001888030686627214 0.01795781758891107 9.0736849043794249e-05 -0.0024282615607866447 -0.0022263403933563812 0.0016945485658930004 0.00031160429496462504 0.020318433235236896 -0.0082684482513633497 0.01772488818108672 0.011108736903597524
leaf_weight=7140 80972 438 210 1391 509 4045 3300 2876 18225 19372 356 360 200 239
leaf_count=7140 80972 438 210 1391 509 4045 3300 2876 18225 19372 356 360 200 239
internal_value=7.74338e-05 0.000192846 0.00259185 0.00597615 0.0119395 0.000727437 6.71194e-05 0.000737792 0.000989037 0.00122792 0.00214355 0.00919061 0.004137 -0.000509026
internal_weight=139633 132493 6593 2338 947 4255 125900 44928 41628 38752 19380 1155 799 599
internal_count=139633 132493 6593 2338 947 4255 125900 44928 41628 38752 19380 1155 799 599
is_linear=0
shrinkage=0.03


Tree=115
num_leaves=15
num_cat=0
split_feature=8 12 11 10 13 9 11 2 9 13 13 11 11 13
split_gain=31.468 35.7981 38.0987 32.5735 32.4336 35.8865 31.8447 44.3051 31.384 30.7264 104.91 114.083 87.3217 92.9276
threshold=-0.039612250868978398 0.21776650024199082 -1.3796310118128428 1.6356059060222996 8.5000000000000018 0.70875568245375142 -2.4853874447119204 0.60218978102189524 0.54380998388489254 39.500000000000007 46.500000000000007 -0.96625918976428882 -0.54809509686857383 95.000000000000014
decision_type=2 2 2 2 2 2 2 2 2 2 2 2 2 2
left_child=8 6 -3 4 5 -4 7 -2 -1 -8 11 -11 13 -12
right_child=1 2 3 -5 -6 -7 9 -9 -10 10 12 -13 -14 -15
leaf_value=-0.010063378287934114 -0.017027538262440689 0.0094008212368673003 0.011630982885001853 -0.00692726970378881 -0.0057921194750815627 -0.0010474235875661459 0.00018082859653878016 -0.0011960461270231317 -0.00092392230092720078 -0.0071648074833640619 0.0023104544295221587 0.0088758630341416404 -0.002979752684201406 0.021997822775429457
leaf_weight=339 219 208 284 1481 669 657 106077 552 20124 466 1824 2642 3888 240
leaf_count=339 219 208 284 1481 669 657 106077 552 20124 466 1824 2642 3888 240
internal_value=8.95133e-06 0.000195532 -0.00288362 -0.00372411 -0.000765281 0.00282025 0.000283292 -0.00577367 -0.00107775 0.0003241 0.00200054 0.00646315 -0.000333203 0.00464731
internal_weight=139670 119207 3299 3091 1610 941 115908 771 20463 115137 9060 3108 5952 2064
internal_count=139670 119207 3299 3091 1610 941 115908 771 20463 115137 9060 3108 5952 2064
is_linear=0
shrinkage=0.03


Tree=116
num_leaves=15
num_cat=0
split_feature=12 6 11 3 9 12 13 9 6 3 9 8 6 13
split_gain=33.1941 57.2481 72.0294 44.8809 46.3942 37.5733 93.7243 85.9438 77.3359 55.402 66.4272 57.4605 52.2512 51.7965
threshold=0.16170018965303315 -0.33882887476114243 -0.96625918976428882 0.82432432432433445 0.7984533867400363 0.070832310450425609 95.000000000000014 0.56329432177592176 1.3305120412759848 0.68421052631577095 1.12317485693272 0.012259944826933133 -0.030833900632299679 51.500000000000007
decision_type=2 10 2 2 2 2 2 2 8 2 2 2 10 2
left_child=5 2 -2 4 -3 6 -1 -7 9 10 11 -9 -13 -11
right_child=1 3 -4 -5 -6 7 -8 8 -10 13 -12 12 -14 -15
leaf_value=-0.00022629267232735569 0.0088731941285495938 0.0015265411692802855 -0.009815674867647629 0.0022240722198598509 -0.0057277656279952696 0.014201576346984808 0.014979412304771849 -0.0032368364051109017 -0.0086159370129893498 0.0020269723032870007 -0.0088753361124785518 0.0079112080357417944 -0.0012252690147646923 0.011064662601327687
leaf_weight=113447 212 1271 1314 2643 2099 447 361 2147 724 11475 848 1192 1062 596
leaf_count=113447 212 1271 1314 2643 2099 447 361 2147 724 11475 848 1192 1062 596
internal_value=-8.39704e-05 -0.00201954 -0.00719882 -0.000700234 -0.00299359 2.63993e-05 -0.000177404 0.00128047 0.000956535 0.00135905 -0.00121317 0.000271603 0.00361326 0.0024776
internal_weight=139838 7539 1526 6013 3370 132299 113808 18491 18044 17320 5249 4401 2254 12071
internal_count=139838 7539 1526 6013 3370 132299 113808 18491 18044 17320 5249 4401 2254 12071
is_linear=0
shrinkage=0.03


Tree=117
num_leaves=15
num_cat=0
split_feature=12 6 9 14 13 8 6 13 12 10 1 13 7 9
split_gain=26.3144 67.8257 94.0179 64.7786 126.351 67.155 65.5845 62.5151 58.3332 49.7581 47.6414 55.2703 57.6029 61.3031
threshold=0.10206281585538525 -0.42142425369539133 1.0567580348701688 1.0000000180025095e-35 31.500000000000004 0.053267972288974154 -0.27943857642548148 95.000000000000014 0.089083261763585511 1.5193045984411033 1.1504159049518761 83.500000000000014 0.3665215937299906 0.72046578861649058
decision_type=2 10 2 2 2 2 10 2 2 2 2 2 8 2
left_child=7 -2 3 4 6 10 -3 8 -1 -6 -5 12 13 -12
right_child=1 2 -4 5 9 -7 -8 -9 -10 -11 11 -13 -14 -15
leaf_value=0.00013289673790252779 -0.0062765807201719303 0.016674382523652862 -0.0052576343487943933 -0.0034048268846133614 0.004687891981880599 0.0094971487137514195 0.00036106100985310025 0.012475682025224425 0.0042192820332362206 0.0227318267242776 0.021344474664505789 -0.013105746761491868 -8.6175871711276788e-06 0.0036060471529545993
leaf_weight=119424 1926 236 2794 4354 213 550 2787 372 3224 400 250 221 2551 570
leaf_count=119424 1926 236 2794 4354 213 550 2787 372 3224 400 250 221 2551 570
internal_value=0.000125679 -0.000985915 -0.000301352 0.000841775 0.00418977 -0.000592675 0.00166004 0.000277985 0.000240482 0.0165507 -0.0012966 0.00126005 0.00221987 0.00911069
internal_weight=139872 16852 14926 12132 3636 8496 3023 123020 122648 613 7946 3592 3371 820
internal_count=139872 16852 14926 12132 3636 8496 3023 123020 122648 613 7946 3592 3371 820
is_linear=0
shrinkage=0.03


Tree=118
num_leaves=15
num_cat=0
split_feature=0 12 3 1 9 3 0 12 4 13 13 2 9 13
split_gain=31.6487 37.6745 29.3935 48.5175 52.061 36.0768 49.0578 51.1186 49.0165 54.6737 42.354 40.2709 42.743 105.115
threshold=0.45079874401403502 -0.073905215421379164 0.99275886658696921 1.0996291947763079 0.9248580554965925 0.93950397609946013 0.57966588695222143 -0.09868455314983153 1.1028824728059303 49.500000000000007 35.500000000000007 0.62264150943396235 0.760128240038484 90.500000000000014
decision_type=2 2 2 2 2 2 2 2 2 2 2 2 2 2
left_child=1 -1 5 -4 -5 8 -7 -8 11 10 -10 -2 -13 -14
right_child=2 -3 3 4 -6 6 7 -9 9 -11 -12 12 13 -15
leaf_value=-0.0069564777649256827 -0.00010525508326566812 -0.00089942392443288365 0.00061391649625700483 0.0032912054606618322 0.016758785352235357 -0.0020589679766305148 0.014002761365406425 0.00092929991244352945 -0.0028277689139107431 0.005173678545047437 -0.011862239280590482 -0.00046427762743479761 0.0015002353718153358 0.022949553778060995
leaf_weight=1169 66340 4353 3096 779 384 12797 305 2051 3683 678 531 11942 31692 202
leaf_count=1169 66340 4353 3096 779 384 12797 305 2051 3683 678 531 11942 31692 202
internal_value=3.80661e-05 -0.00218683 0.000129502 0.00258049 0.00779064 4.92443e-05 -0.00132652 0.00264782 0.000230465 -0.00270642 -0.0039789 0.000360985 0.00106651 0.00163966
internal_weight=140002 5522 134480 4259 1163 130221 15153 2356 115068 4892 4214 110176 43836 31894
internal_count=140002 5522 134480 4259 1163 130221 15153 2356 115068 4892 4214 110176 43836 31894
is_linear=0
shrinkage=0.03


Tree=119
num_leaves=15
num_cat=0
split_feature=4 11 12 9 1 9 6 10 3 5 10 0 7 9
split_gain=25.4817 42.9224 41.3074 38.3725 32.8572 49.1243 44.2007 44.8121 39.8812 45.6999 34.8962 31.0687 31.9753 62.1823
threshold=0.33747233073610022 -0.71412147384034153 0.21776650024199082 0.48006394477732905 2.2515315047827773 0.69846415678746576 -0.20547467458666094 1.5895331636592989 0.67567567567567799 1.7382997363480677 1.4416268102478706 0.46342675301410924 1.9082610680957168 0.98653546007123949
decision_type=2 2 2 2 2 2 8 2 2 2 2 2 10 2
left_child=1 -1 3 -3 -5 -6 7 -7 9 -8 -11 -2 -13 -14
right_child=11 2 -4 4 5 6 8 -9 -10 10 -12 12 13 -15
leaf_value=-0.00097335128023376275 -0.0039465209938365229 0.013367894436750146 -0.0040415786187348816 0.00051879235549794696 -0.0048168361843249959 0.0012635150873393285 0.012728247462847586 0.017162505806933633 0.0067974692058505306 -0.012316678128554486 -1.848839190031707e-06 -0.00050239115974693382 0.01644763050580858 -0.0053653239933092413
leaf_weight=19875 2360 211 1661 58513 574 251 204 437 1307 251 1084 52728 274 200
leaf_count=19875 2360 211 1661 58513 574 251 204 437 1307 251 1084 52728 274 200
internal_value=-8.31151e-05 0.000245415 0.000621052 0.000744623 0.000701026 0.00329291 0.00461506 0.0114131 0.00295454 -0.000320518 -0.00235454 -0.000581948 -0.000432342 0.00728392
internal_weight=139930 84368 64493 62832 62621 4108 3534 688 2846 1539 1335 55562 53202 474
internal_count=139930 84368 64493 62832 62621 4108 3534 688 2846 1539 1335 55562 53202 474
is_linear=0
shrinkage=0.03


Tree=120
num_leaves=15
num_cat=0
split_feature=4 3 11 8 10 5 9 12 3 1 11 6 9 3
split_gain=35.9377 48.4768 52.7563 45.4699 25.3403 35.3708 44.4679 71.8413 59.2353 52.0868 51.6772 74.0027 75.1664 58.0768
threshold=1.1028824728059303 0.95918367346938949 0.69668034233643006 -0.0042192294458748116 1.7860411906956684 1.5299441041948725 0.93550741913693314 0.043426349602320787 0.98947368421052995 1.1211196023730112 1.9924509634545571 0.30004037275885159 0.76636088823571347 0.87837837837838306
decision_type=2 2 2 2 2 2 2 2 2 2 2 8 2 2
left_child=4 -2 3 -3 -1 -6 7 -7 -8 -10 11 13 -13 -9
right_child=1 2 -4 -5 5 6 8 10 9 -11 -12 12 -14 -15
leaf_value=-0.00018218481566977242 -0.0032136175628591271 -0.0088541902817601444 0.015784374657620226 0.0091056261315293936 0.0021702962015095555 -0.0016490373406102779 0.0009929745697863535 0.0070573983211647991 0.0042548303899820894 0.0222917146413265 -0.0046232050934830972 0.0052081485029865692 -0.0094697642424480914 -0.00041062835128145234
leaf_weight=77475 5286 278 257 225 11113 17004 20528 3187 451 209 907 538 741 1326
leaf_count=77475 5286 278 257 225 11113 17004 20528 3187 451 209 907 538 741 1326
internal_value=6.67475e-05 -0.00219454 0.00486806 -0.000809925 0.000169252 0.000655397 0.000280176 -0.000612476 0.00127869 0.0100912 0.00201788 0.00306094 -0.00329939 0.00486513
internal_weight=139525 6046 760 503 133479 56004 44891 23703 21188 660 6699 5792 1279 4513
internal_count=139525 6046 760 503 133479 56004 44891 23703 21188 660 6699 5792 1279 4513
is_linear=0
shrinkage=0.03


Tree=121
num_leaves=15
num_cat=0
split_feature=13 8 6 9 6 11 9 6 12 8 6 6 6 5
split_gain=31.1236 28.1673 61.7349 85.0468 65.4492 58.3195 58.3856 56.6855 57.8018 54.2717 54.2372 54.0288 51.749 84.7495
threshold=-23.499999999999996 0.0038798632807384684 -0.42142425369539133 0.8464097168146858 0.0080469784561263431 0.84909198145833564 1.0082480998970584 0.56875062033809043 -0.14324600994632444 0.061762148517013164 -0.3222556487082936 -0.20273707682329142 -0.47664151103190683 1.9969822018036198
decision_type=2 2 10 2 10 2 2 10 2 2 10 10 10 2
left_child=-1 12 9 -4 5 -5 10 8 -6 -3 -7 -8 13 -2
right_child=1 2 3 4 7 6 11 -9 -10 -11 -12 -13 -14 -15
leaf_value=0.0096931284993924966 0.008090063485619782 -0.0044356587057789512 0.0019591254934018931 -0.00021679485582889714 0.0043590516603394525 -0.013212938732172868 0.012988225420977217 0.0025790212773137561 -0.0029425887743823702 0.0082001416043203795 0.0017707056218882553 0.0037534763619073352 -0.00064080489062409804 -0.0011244073875346467
leaf_weight=289 1631 3456 24985 12384 1049 232 839 2394 13239 331 2628 1778 72667 1990
leaf_count=289 1631 3456 24985 12384 1049 232 839 2394 13239 331 2628 1778 72667 1990
internal_value=-5.75806e-05 -7.81125e-05 0.000389629 0.000626003 -0.00033839 0.000923511 0.00349969 -0.00168935 -0.00240518 -0.00332188 0.000534311 0.00673322 -0.000466313 0.00303148
internal_weight=139892 139603 63315 59528 34543 17861 5477 16682 14288 3787 2860 2617 76288 3621
internal_count=139892 139603 63315 59528 34543 17861 5477 16682 14288 3787 2860 2617 76288 3621
is_linear=0
shrinkage=0.03


Tree=122
num_leaves=15
num_cat=0
split_feature=0 11 0 9 13 9 4 7 12 14 2 11 13 11
split_gain=35.9865 27.6337 57.6332 33.0962 37.0624 32.1763 31.2957 38.6115 27.5662 48.6139 54.3612 49.7275 41.9791 35.35
threshold=0.45079874401403502 2.2912129397993497 0.47554407931619413 0.83883794937355438 -1.0000000180025095e-35 1.1757731858403095 0.14438480988294247 0.95956840525021303 0.20641677436352937 1.0000000180025095e-35 0.67692307692307951 -1.4373322302968015 20.500000000000004 -1.5013423192909487
decision_type=2 2 2 2 2 2 2 10 2 2 2 2 2 2
left_child=-1 8 -3 6 -5 -6 -4 -8 13 10 -10 -11 -13 -2
right_child=1 2 3 4 5 -7 7 -9 9 11 -12 12 -14 -15
leaf_value=-0.0023708114965320681 -0.0016343127612722141 0.010679109357146123 0.0010469554751238563 0.0092260117276757956 -0.0047717465862801289 0.0043569686950918306 -0.0058627506277528323 -0.02055002590342522 -0.0014860624294070635 0.0096951144972914141 0.014833876003297821 -0.0028761430752228929 -0.011113373825012145 0.0003896576169171522
leaf_weight=5486 8307 272 234 245 1752 429 419 263 505 223 283 2352 727 118350
leaf_count=5486 8307 272 234 245 1752 429 419 263 505 223 283 2352 727 118350
internal_value=9.6865e-06 0.000106968 -0.00247897 -0.00356424 -0.00172214 -0.00297028 -0.00840716 -0.011635 0.000178538 -0.00224403 0.00443161 -0.00384142 -0.00483595 0.000256853
internal_weight=139847 134361 3614 3342 2426 2181 916 682 130747 4090 788 3302 3079 126657
internal_count=139847 134361 3614 3342 2426 2181 916 682 130747 4090 788 3302 3079 126657
is_linear=0
shrinkage=0.03


Tree=123
num_leaves=15
num_cat=0
split_feature=13 1 7 5 13 9 13 9 4 1 1 11 12 0
split_gain=27.7029 46.4851 73.7695 71.9873 86.3251 68.7793 43.3749 48.1951 57.213 42.838 41.6616 41.7703 114.753 38.2427
threshold=14.500000000000002 6.0687647590915077 1.3024030289332835 1.9870651313359484 27.500000000000004 0.79440649003790653 8.5000000000000018 0.64858683324350441 0.30465278145829627 2.480850733551013 1.552602481753347 1.2311858152322839 -0.0070506845083138639 0.55157576550782716
decision_type=2 2 10 2 2 2 2 2 2 2 2 2 2 2
left_child=6 2 -2 -4 10 -3 13 -8 9 -9 -5 12 -12 -1
right_child=1 5 3 4 -6 -7 7 8 -10 -11 11 -13 -14 -15
leaf_value=-0.00032488793953888852 0.00040158492687477671 0.007346471419253672 -0.00015728003051545885 0.0062999714379897345 -0.0031356186401772213 -0.011085804907738098 -0.0055789681466292167 3.2336454748474354e-05 -0.0026972626160378975 0.0087870733075825665 0.027607212670457862 0.024934719892903502 -0.0012979650032728808 0.0013312471714668067
leaf_weight=49086 46055 246 1345 595 410 667 2240 11515 9517 521 211 335 288 16853
leaf_count=49086 46055 246 1345 595 410 667 2240 11515 9517 521 211 335 288 16853
internal_value=1.78558e-05 0.000582538 0.000707173 0.0051198 0.00896928 -0.00610642 -0.000297765 -0.00139565 -0.000959682 0.000414793 0.0124412 0.0167588 0.0110771 9.84637e-05
internal_weight=139884 50152 49239 3184 1839 913 89732 23793 21553 12036 1429 834 499 65939
internal_count=139884 50152 49239 3184 1839 913 89732 23793 21553 12036 1429 834 499 65939
is_linear=0
shrinkage=0.03


Tree=124
num_leaves=15
num_cat=0
split_feature=10 13 13 9 13 7 13 13 13 11 13 2 13 11
split_gain=38.7541 86.7122 88.7294 102.374 83.4386 59.969 53.3686 55.4787 132.895 93.2466 50.457 44.5502 39.2786 143.17
threshold=1.9264131528482487 53.500000000000007 82.500000000000014 1.1082087140336774 95.000000000000014 0.13442668933786442 100.50000000000001 75.500000000000014 72.500000000000014 -0.33721383417477407 48.500000000000007 0.57017543859649733 40.500000000000007 -1.2552787284479348
decision_type=2 2 2 2 2 10 2 2 2 2 2 2 2 2
left_child=6 10 3 5 -4 -3 7 8 -1 -9 12 -7 -2 -14
right_child=1 2 4 -5 -6 11 -8 9 -10 -11 -12 -13 13 -15
leaf_value=-0.00027519127486094205 0.00041110536934425385 0.0045623987301374779 -0.014789608341924259 -0.0071641993279465367 0.010019635476420322 0.0083516032718917686 -0.012475912987633987 0.020457772908152125 -0.020938044521308027 -0.0030736022452382663 -0.010244570619371883 0.025361860712993897 -0.01385427194631378 0.0095326595614168824
leaf_weight=91367 43530 308 262 211 220 201 319 300 276 299 386 494 284 1277
leaf_count=91367 43530 308 262 211 220 201 319 300 276 299 386 494 284 1277
internal_value=3.51059e-05 0.000734897 0.00738516 0.0116953 -0.00347928 0.0156786 -0.000321558 -0.00027885 -0.00033856 0.00878352 0.000486101 0.0205371 0.000579086 0.00524712
internal_weight=139734 47173 1696 1214 482 1003 92561 92242 91643 599 45477 695 45091 1561
internal_count=139734 47173 1696 1214 482 1003 92561 92242 91643 599 45477 695 45091 1561
is_linear=0
shrinkage=0.03


Tree=125
num_leaves=15
num_cat=0
split_feature=13 13 7 10 6 14 11 13 5 13 13 13 13 0
split_gain=34.7659 55.605 132.441 111.39 82.7545 79.2345 63.6946 71.4172 64.2219 63.3947 63.9307 72.0001 151.307 59.5753
threshold=14.500000000000002 24.500000000000004 1.1334159319847772 2.025257168626323 -0.17860159010886326 1.0000000180025095e-35 0.22821410897846608 95.000000000000014 1.2066030759535191 25.500000000000004 64.500000000000014 56.500000000000007 58.500000000000007 0.52173522813564455
decision_type=2 2 10 2 10 2 2 2 2 2 2 2 2 2
left_child=-1 2 -2 4 -4 -5 7 8 -3 -8 11 -11 -13 -7
right_child=1 6 3 5 -6 13 9 -9 -10 10 -12 12 -14 -15
leaf_value=-0.00030414351979304063 0.00087164352516153325 -0.0030768470846100526 0.012106483506870939 0.0085337205048740938 -0.00094705595223877961 0.014246653685747068 -0.010792027025963971 0.014879380925479703 0.0016602650671367915 -0.0013234274284269613 -0.0089680100076449821 0.028107040204489842 -0.0040436645273707415 0.036877256617523162
leaf_weight=89690 20273 3252 643 654 1341 232 689 320 12311 8757 914 229 299 203
leaf_count=89690 20273 3252 643 654 1341 232 689 320 12311 8757 914 229 299 203
internal_value=4.94873e-05 0.000682316 0.00175222 0.00755065 0.0033033 0.0152383 -0.00025086 0.00096062 0.000669741 -0.00201775 -0.00142 -0.000672562 0.0100333 0.0251067
internal_weight=139807 50117 23346 3073 1984 1089 26771 15883 15563 10888 10199 9285 528 435
internal_count=139807 50117 23346 3073 1984 1089 26771 15883 15563 10888 10199 9285 528 435
is_linear=0
shrinkage=0.03


Tree=126
num_leaves=15
num_cat=0
split_feature=4 13 2 0 13 1 12 12 2 6 9 14 13 13
split_gain=33.4924 41.5058 100.891 83.6683 53.3105 51.7387 38.6042 67.0326 55.1856 48.6758 49.2752 67.1009 82.725 82.0035
threshold=0.55459672863628795 38.500000000000007 0.55172413793104036 0.49903252932366821 114.00000000000001 2.480850733551013 0.10669355854841762 0.070832310450425609 0.94923297587431332 -0.56865187875928758 1.0344411908452507 1.0000000180025095e-35 28.500000000000004 32.500000000000007
decision_type=2 2 2 2 2 2 2 2 2 10 2 2 2 2
left_child=6 -2 5 -4 -5 -3 7 8 -1 -8 11 13 -13 -11
right_child=1 2 3 4 -6 -7 9 -9 -10 10 -12 12 -14 -15
leaf_value=0.00027639830389756794 -0.0013925194522212861 0.0031478891852829193 -0.0070147311043535767 0.0064648123840213229 -0.0085942042210923608 -0.014766509956228937 -0.0086535132388674448 0.0030740044341192609 -0.0066642636642367187 0.0022617416940222718 -0.0047703613110802266 -5.0727312534664643e-05 -0.0096698190866751424 0.018777310383891532
leaf_weight=89780 24681 211 566 3062 223 449 770 7918 1038 2193 2308 5322 943 304
leaf_count=89780 24681 211 566 3062 223 449 770 7918 1038 2193 2308 5322 943 304
internal_value=-5.15264e-06 -0.000908898 0.00173575 0.0035951 0.00543103 -0.00905872 0.000233466 0.000427593 0.000196708 -0.00138489 -0.000875626 0.000152422 -0.00150514 0.00430595
internal_weight=139768 29192 4511 3851 3285 660 110576 98736 90818 11840 11070 8762 6265 2497
internal_count=139768 29192 4511 3851 3285 660 110576 98736 90818 11840 11070 8762 6265 2497
is_linear=0
shrinkage=0.03


Tree=127
num_leaves=15
num_cat=0
split_feature=13 12 11 6 9 1 3 3 11 6 13 12 13 4
split_gain=24.4151 20.311 59.7108 43.4984 38.1796 36.6202 32.2883 38.389 25.4246 78.9048 62.7226 66.8147 50.9822 37.727
threshold=-23.499999999999996 0.20641677436352937 -1.5013423192909487 -0.22291501153153612 0.80410239819018925 1.1137015382101205 0.84999999999999476 0.93793103448277459 -1.4373322302968015 -0.21668235190058147 52.500000000000007 -0.072600240057400608 6.5000000000000009 0.21623134320538359
decision_type=2 2 2 10 2 2 2 2 2 8 2 2 2 2
left_child=-1 8 -3 -4 5 -5 -6 -8 9 10 11 -2 -11 -13
right_child=1 2 3 4 6 -7 7 -9 -10 12 -12 13 -14 -15
leaf_value=0.0085082792876597733 -0.0063029506600324053 0.012183250043363798 -0.0076792902453335088 -0.0018975900190911538 -0.0069525656155270997 0.0086477064088038239 0.0072645662860605781 -0.0079882032664145442 0.00021732725724508248 0.0004104108177538669 0.019582488316186301 0.0010170288241036619 -0.0046091314104512371 0.012171391893782888
leaf_weight=302 549 247 1189 602 1054 576 396 231 125345 2925 206 558 4817 531
leaf_count=302 549 247 1189 602 1054 576 396 231 125345 2925 206 558 4817 531
internal_value=5.73807e-05 3.87447e-05 -0.001991 -0.00286985 -0.000859781 0.00327344 -0.00375735 0.00162638 0.000103425 -0.00138528 0.00418417 0.00219392 -0.00271366 0.0064867
internal_weight=139528 139226 4295 4048 2859 1178 1681 627 134931 9586 1844 1638 7742 1089
internal_count=139528 139226 4295 4048 2859 1178 1681 627 134931 9586 1844 1638 7742 1089
is_linear=0
shrinkage=0.03


Tree=128
num_leaves=15
num_cat=0
split_feature=4 11 0 9 2 1 13 13 3 13 3 4 4 13
split_gain=30.3384 44.34 36.4472 37.9832 34.2075 33.0984 32.1497 32.4112 41.4096 31.0907 56.2441 43.3774 36.5992 43.5254
threshold=0.33747233073610022 -1.0342220249604657 0.52813665091400319 0.51047432686578709 0.9685286980636959 0.52480424855531338 48.500000000000007 55.500000000000007 0.84000000000000974 15.500000000000002 0.75641025641025472 0.12010753212578057 0.15281002313160641 24.500000000000004
decision_type=2 2 2 2 2 2 2 2 2 2 2 2 2 2
left_child=1 -1 5 -4 -2 -3 9 -8 -9 11 -11 -5 -12 -14
right_child=4 2 3 6 -6 -7 7 8 -10 10 12 -13 13 -15
leaf_value=-0.0012665935205492329 -0.00060097126066485228 -0.0018554614761568896 0.013169520363995902 0.0024566928363836506 0.0064632118855101556 0.0004580848249964707 -0.013962394268251955 0.0085755095271200978 -0.0096129585700492331 0.0063421713095065668 -0.0017553146353848381 -0.00021776915280249777 0.0077013034547222092 -0.00039104438882127314
leaf_weight=12498 54698 6627 242 9601 619 34599 235 227 214 3010 2173 12638 1181 1206
leaf_count=12498 54698 6627 242 9601 619 34599 235 227 214 3010 2173 12638 1181 1206
internal_value=2.47452e-05 0.000382455 0.000668957 0.00145095 -0.000521346 8.60068e-05 0.00135578 -0.00509059 -0.000259461 0.0015028 0.00316287 0.00093714 0.00105961 0.00362048
internal_weight=139768 84451 71953 30727 55317 41226 30485 676 441 29809 7570 22239 4560 2387
internal_count=139768 84451 71953 30727 55317 41226 30485 676 441 29809 7570 22239 4560 2387
is_linear=0
shrinkage=0.03


Tree=129
num_leaves=15
num_cat=0
split_feature=13 9 0 9 11 13 6 7 12 6 6 13 13 13
split_gain=25.9697 25.8669 21.3414 26.2604 37.2812 32.8408 35.0649 28.8753 24.0219 52.6402 55.3541 52.4656 58.1446 133.767
threshold=-19.499999999999996 0.86567141772898337 0.44180489426122765 0.83883794937355438 1.6056023228922702 10.500000000000002 0.047281165554928679 1.2845919366668033 -0.10275064697044721 -0.53635489384601454 -0.20273707682329142 114.00000000000001 75.500000000000014 74.500000000000014
decision_type=2 2 2 2 2 2 8 8 2 10 10 2 2 2
left_child=1 -1 3 5 -5 7 -7 -2 9 -4 -11 12 13 -10
right_child=2 -3 8 4 -6 6 -8 -9 11 10 -12 -13 -14 -15
leaf_value=-4.3896204525870931e-05 -0.01167721506539081 0.014438554500540096 0.0068515394123405959 -0.0011803422703455348 0.011790744382806024 -0.0042816830958172852 0.0087101616651463001 -0.0020144165931190602 -4.0672555083127703e-05 -0.0023073074749841815 0.0016219307889433579 -0.012050638770394981 0.0082354053282914196 -0.021299571709686452
leaf_weight=219 693 220 1321 1637 222 566 273 467 115505 4284 13027 323 755 262
leaf_count=219 693 220 1321 1637 222 566 273 467 115505 4284 13027 323 755 262
internal_value=5.07918e-05 0.00729469 2.77077e-05 -0.00217099 0.000396125 -0.00455335 -2.77442e-05 -0.00781245 9.03982e-05 0.00109063 0.000649166 -6.9138e-05 -3.54095e-05 -8.97028e-05
internal_weight=139774 439 139335 3858 1859 1999 839 1160 135477 18632 17311 116845 116522 115767
internal_count=139774 439 139335 3858 1859 1999 839 1160 135477 18632 17311 116845 116522 115767
is_linear=0
shrinkage=0.03


Tree=130
num_leaves=15
num_cat=0
split_feature=10 10 0 1 9 11 9 3 5 6 5 1 5 3
split_gain=29.6867 36.3492 29.6149 47.5801 40.1423 35.1396 77.3166 31.1956 49.5841 33.8622 36.8534 35.2319 33.1316 29.1427
threshold=2.7612196869537065 2.9065738943497261 0.48530378491866816 1.6523434036791433 0.7704706165350349 2.2912129397993497 1.1181428734679872 0.99275886658696921 0.95735752431209642 -0.19480335019004144 2.285544844994623 1.3151159789082818 1.6538668294194012 0.78181818181817597
decision_type=2 2 2 2 2 2 2 2 2 10 2 2 2 2
left_child=2 -2 3 -1 -5 7 -7 -4 -9 12 -11 -12 -10 -6
right_child=1 -3 5 4 13 6 -8 8 9 10 11 -13 -14 -15
leaf_value=-0.00046414107625360277 0.0046910517719882657 0.00045562213159828027 0.00017148609493337897 -0.0097170764492878117 -0.005488197201524268 -0.0065116049761252959 0.0097813772645061175 -0.0072925006246566774 0.0081184723645054829 0.0025902046311580373 0.0068836948823219422 0.019410967516836106 -0.0056616116201176365 0.001930233363094258
leaf_weight=17421 2722 5509 105773 936 1051 1592 309 370 222 1343 831 267 505 865
leaf_count=17421 2722 5509 105773 936 1051 1592 309 370 222 1343 831 267 505 865
internal_value=0.000111045 0.00185828 1.60151e-06 -0.00105277 -0.00464123 0.000193844 -0.00384453 0.000264247 0.00303329 0.00424886 0.00593874 0.0100041 -0.00142695 -0.00214276
internal_weight=139716 8231 131485 20273 2852 111212 1901 109311 3538 3168 2441 1098 727 1916
internal_count=139716 8231 131485 20273 2852 111212 1901 109311 3538 3168 2441 1098 727 1916
is_linear=0
shrinkage=0.03


Tree=131
num_leaves=15
num_cat=0
split_feature=8 1 1 1 0 11 6 11 6 9 2 12 12 6
split_gain=26.6459 41.5361 46.4613 32.1205 27.8591 34.1701 40.9867 39.5847 64.9898 32.33 34.0362 31.4507 33.7745 71.2807
threshold=-0.084962152251087775 1.5005927463958699 2.2196696844383244 1.0466231946785609 0.52533442903356009 -1.2552787284479348 -0.21668235190058147 -1.5746914821749407 -0.26090063987579476 1.4966324971403635 0.55922611623846818 0.21776650024199082 0.046648656909582704 0.0080469784561263431
decision_type=2 2 2 2 2 2 10 2 10 2 2 2 2 8
left_child=1 3 -3 -1 -2 6 7 8 -6 11 -11 12 -7 -14
right_child=4 2 -4 -5 5 9 -8 -9 -10 10 -12 -13 13 -15
leaf_value=0.0037688604715679372 -0.00054066455308110191 0.021852794831352572 0.0018016497077236713 -0.0071780219966873383 0.001905079959804425 0.00030729283529443504 -0.0027153498639606853 -0.0026436611828252717 0.020193382447108256 -0.011354080368663954 -0.00027713141889710511 -0.0039019227965695603 0.0037020352087444269 -0.00033661346816216408
leaf_weight=940 67088 205 208 319 635 45230 6016 686 237 411 625 1346 8875 7059
leaf_count=940 67088 205 208 319 635 45230 6016 686 237 411 625 1346 8875 7059
internal_value=-5.6537e-05 0.00370229 0.0118967 0.000977764 -0.000102142 0.000311528 -0.00159254 0.00273786 0.00696243 0.000538579 -0.00470499 0.000625852 0.000725803 0.00191331
internal_weight=139880 1672 413 1259 138208 71120 7574 1558 872 63546 1036 62510 61164 15934
internal_count=139880 1672 413 1259 138208 71120 7574 1558 872 63546 1036 62510 61164 15934
is_linear=0
shrinkage=0.03


Tree=132
num_leaves=15
num_cat=0
split_feature=0 12 4 6 2 13 9 6 10 12 11 2 3 2
split_gain=24.2353 36.2854 48.1067 52.1341 39.1238 52.7396 40.7816 42.6551 44.5659 44.4144 40.6677 36.7675 46.7932 35.4831
threshold=0.56284881041373269 0.00071824286445543184 0.52404009836554577 0.59070442501772047 0.91304347826086951 20.500000000000004 0.56329432177592176 0.15740589396195806 1.0061111177370472 0.035559431349939837 0.25052827325722643 0.75757575757575712 0.70370370370370283 0.4000000000000003
decision_type=2 2 2 8 2 2 2 10 2 2 2 2 2 2
left_child=-1 2 13 -4 6 10 -3 -8 -9 11 -6 12 -10 -2
right_child=1 4 3 -5 5 -7 7 8 9 -11 -12 -13 -14 -15
leaf_value=-9.8194173392118509e-05 -0.0032635233828656467 0.011242533044682609 -0.0040521478285251728 0.0094664730032105737 0.0059840492651748812 -0.0013309854869040401 0.0021063364529519445 0.010610382141968373 -0.0035126728076249995 -0.0059780893529879676 0.022347364702476905 -0.0065105517092917363 0.013997302185688445 0.0016309074840356599
leaf_weight=111169 1575 373 3555 272 299 339 10718 224 230 1705 255 272 330 8532
leaf_count=111169 1575 373 3555 272 299 339 10718 224 230 1705 255 272 330 8532
internal_value=0.000102405 0.000879871 -0.000217859 -0.00308023 0.00191695 0.0079862 0.00152294 0.0012499 -0.00207251 -0.00321099 0.0136484 0.0024614 0.00683826 0.000866959
internal_weight=139848 28679 13934 3827 14745 893 13852 13479 2761 2537 554 832 560 10107
internal_count=139848 28679 13934 3827 14745 893 13852 13479 2761 2537 554 832 560 10107
is_linear=0
shrinkage=0.03


Tree=133
num_leaves=15
num_cat=0
split_feature=4 2 12 12 9 6 11 11 8 6 4 12 9 6
split_gain=25.6763 39.3963 56.8672 39.1031 68.1876 58.7016 52.8981 60.1042 56.7118 35.0782 33.9132 34.5761 55.7601 107.771
threshold=0.35874021153659824 0.94923297587431332 0.0052853494566842416 0.10669355854841762 1.0374064052942493 inf 1.4123878047895517 1.2311858152322839 0.053267972288974154 0.51404826898247968 0.3662201601330094 0.040315871208020333 0.86944587464043088 -0.17616220764157106
decision_type=2 2 2 2 2 8 2 2 2 8 2 2 2 10
left_child=1 3 -3 -1 5 6 7 8 -5 -6 -2 -12 13 -13
right_child=10 2 -4 4 9 -7 -8 -9 -10 -11 11 12 -14 -15
leaf_value=0.00054882835900063988 -0.0057643073667847629 -0.012363259482972976 0.0027246771548267547 -0.00015132916854721382 -0.0089000577006422641 -0.012591227440840817 -0.0070499039834324229 0.015657625348168978 0.011062493008395579 0.0010976380828658715 -0.00098625765428739264 -0.0025746510351997991 -0.001109269765747944 0.0048598231624281908
leaf_weight=77488 1105 521 390 5535 1426 325 767 246 433 404 35226 2589 7756 5425
leaf_count=77488 1105 521 390 5535 1426 325 767 246 433 404 35226 2589 7756 5425
internal_value=-4.93276e-05 0.000264518 -0.00592448 0.000329944 -0.00152583 -0.000227132 0.000357078 0.00127626 0.000670854 -0.00669594 -0.000576595 -0.000463632 0.000703718 0.00245794
internal_weight=139636 87535 911 86624 9136 7306 6981 6214 5968 1830 52101 50996 15770 8014
internal_count=139636 87535 911 86624 9136 7306 6981 6214 5968 1830 52101 50996 15770 8014
is_linear=0
shrinkage=0.03


Tree=134
num_leaves=15
num_cat=0
split_feature=11 6 13 12 13 4 10 7 13 5 13 13 5 13
split_gain=27.8509 40.8361 48.983 40.7127 29.6247 44.1554 39.6387 80.4196 79.104 54.6621 54.2821 47.9186 41.7533 39.2485
threshold=-1.9151054326549735 -0.22291501153153612 11.500000000000002 0.0014345484356319551 14.500000000000002 0.19847456396200244 2.5511925659727961 0.98908936430454386 53.500000000000007 2.8481415573082889 114.00000000000001 90.500000000000014 3.128239009238873 64.500000000000014
decision_type=2 8 2 2 2 2 2 8 2 2 2 2 2 2
left_child=1 3 -3 -1 5 -2 10 8 9 -8 11 13 -11 -6
right_child=4 2 -4 -5 6 -7 7 -9 -10 12 -12 -13 -14 -15
leaf_value=-0.001845766309591964 0.0004096804470322439 -0.00047008200016165463 -0.0079677110470074298 0.013207962822391471 0.00054149971326162909 -0.00094003828490652429 -0.0047642776151232925 0.012245918957603213 0.013907597746194607 0.013865624064928852 -0.012190794139471533 0.014609127200304347 0.0011063346406980834 -0.0045495493384723057
leaf_weight=405 40955 1662 1481 263 42531 46665 1334 758 393 283 303 209 1168 1403
leaf_count=405 40955 1662 1481 263 42531 46665 1334 758 393 283 303 209 1168 1403
internal_value=-5.10819e-05 -0.00257879 -0.00401005 0.00413517 1.98409e-05 -0.000309171 0.000615653 0.00349924 0.00139707 -0.000390085 0.000359926 0.000447445 0.00363395 0.000378422
internal_weight=139813 3811 3143 668 136002 87620 48382 3936 3178 2785 44446 44143 1451 43934
internal_count=139813 3811 3143 668 136002 87620 48382 3936 3178 2785 44446 44143 1451 43934
is_linear=0
shrinkage=0.03


Tree=135
num_leaves=15
num_cat=0
split_feature=1 9 8 6 8 6 7 6 3 9 0 1 7 9
split_gain=27.7976 31.9416 45.537 37.4403 34.5202 28.1512 28.0015 89.7125 35.9991 94.9559 52.1344 55.4052 45.4848 41.2904
threshold=0.52480424855531338 0.9815100535629645 0.015164873242607445 -0.19999379883418075 0.041343026230134382 0.33009311206913533 2.0661540109426046 0.56875062033809043 0.64679875073199489 1.1971146537045942 0.50512970697844828 6.8563948202691449 0.73238708671064734 0.99728654931109384
decision_type=2 2 2 8 2 10 10 8 2 2 2 2 8 2
left_child=1 -1 5 -4 -5 -3 8 -8 9 10 13 12 -12 -2
right_child=6 2 3 4 -6 -7 7 -9 -10 -11 11 -13 -14 -15
leaf_value=-0.002114806285090789 -0.0033186546768375468 -0.00013819514966566251 0.01353100283879956 0.0057062959712930027 -0.0030944467656467147 -0.0071675157442033675 0.0010791739583989048 0.014491056726761162 0.00041609550814131273 -0.0063109534725134088 -0.0014729192344199577 -0.0098932803315899213 0.002046081525934087 0.0020799399816363953
leaf_weight=10176 6373 3111 325 1090 629 609 4400 495 92273 2569 4685 426 11200 1590
leaf_count=10176 6373 3111 325 1090 629 609 4400 495 92273 2569 4685 426 11200 1590
internal_value=7.46396e-05 -0.00110446 0.000679542 0.00427123 0.00248638 -0.00129704 0.000226236 0.00244883 0.0001348 -0.000832052 -0.000251021 0.000720419 0.00100808 -0.00224007
internal_weight=139951 15940 5764 2044 1719 3720 124011 4895 119116 26843 24274 16311 15885 7963
internal_count=139951 15940 5764 2044 1719 3720 124011 4895 119116 26843 24274 16311 15885 7963
is_linear=0
shrinkage=0.03


Tree=136
num_leaves=15
num_cat=0
split_feature=11 3 11 0 7 13 13 3 13 10 1 12 1 6
split_gain=32.1111 44.0732 42.3309 55.9203 43.8445 40.672 101.162 143.266 94.2473 87.9474 87.5932 84.5706 94.6917 112.997
threshold=1.9551134283217586 0.97435897435898033 1.1387284510945364 0.46038945707695816 -0.48959480585929926 37.500000000000007 46.500000000000007 0.84210526315788681 49.500000000000007 2.6040414716500342 1.05914326652332 -0.061175722913064161 1.9091847976226732 -0.12578163484273999
decision_type=2 2 2 2 8 2 2 2 2 2 2 2 2 10
left_child=2 -2 5 -4 -5 -1 7 11 10 -10 -8 -7 13 -13
right_child=1 -3 3 4 -6 6 8 -9 9 -11 -12 12 -14 -15
leaf_value=-0.00023525465878042632 -0.0023321519956025359 0.0091152231183044517 -0.0050990807327546683 0.01549076987199819 0.0017579646473160218 0.00014737737983323428 0.0068536383706906982 7.6483594266671319e-05 -0.00054265206974115211 0.012168503192981536 -0.014980878606001651 0.009217472585406639 0.0040016579722429437 0.029670130999142678
leaf_weight=104534 7259 311 1079 207 16654 468 215 2178 4479 545 677 464 494 521
leaf_count=104534 7259 311 1079 207 16654 468 215 2178 4479 545 677 464 494 521
internal_value=4.35591e-05 -0.00185615 0.000152147 0.00150697 0.0019311 -6.00457e-05 0.00176321 0.00536634 -0.000751517 0.000846973 -0.00970921 0.0112685 0.0147751 0.0201308
internal_weight=140085 7570 132515 17940 16861 114575 10041 4125 5916 5024 892 1947 1479 985
internal_count=140085 7570 132515 17940 16861 114575 10041 4125 5916 5024 892 1947 1479 985
is_linear=0
shrinkage=0.03


Tree=137
num_leaves=15
num_cat=0
split_feature=13 13 11 2 1 11 1 11 13 13 6 6 4 6
split_gain=21.1214 73.4892 124.479 96.8701 96.6195 122.077 166.879 87.2546 85.6255 75.4301 71.271 69.9576 78.2508 68.7479
threshold=39.500000000000007 46.500000000000007 -1.4689383146356012 0.57971014492753403 3.2766757431884934 -0.94997294514731145 1.1958500090156461 1.2109486778680012 55.500000000000007 56.500000000000007 -0.11841710815577343 -0.10093230829187326 0.56680240481792532 1.0000000180025095e-35
decision_type=2 2 2 2 2 2 2 2 2 2 10 10 2 10
left_child=-1 2 -2 -3 5 6 -5 11 -8 -6 -10 12 -4 -13
right_child=1 3 7 4 9 -7 8 -9 10 -11 -12 13 -14 -15
leaf_value=-0.00016584528834309487 -0.014064395388304177 -0.0075213539501169015 -0.0014082904067860605 0.027210049766793681 -0.0015297154056639806 -0.0029443669561284819 -0.013820584058761597 -0.0068869938355880962 0.020291270162973815 0.019352431628190614 -0.0030557719597532622 0.022618250525418611 0.013084904333043318 0.0084122843474402492
leaf_weight=129406 290 1437 1003 305 242 3522 235 397 222 428 242 434 498 1056
leaf_count=129406 290 1437 1003 305 242 3522 235 397 222 428 242 434 498 1056
internal_value=-6.17088e-05 0.00124468 0.0046428 -0.000641653 0.00126639 -0.000312351 0.00888951 0.00626243 0.000759094 0.0118545 0.00821182 0.00801635 0.00342772 0.0126119
internal_weight=139717 10311 3678 6633 5196 4526 1004 3388 699 670 464 2991 1501 1490
internal_count=139717 10311 3678 6633 5196 4526 1004 3388 699 670 464 2991 1501 1490
is_linear=0
shrinkage=0.03


Tree=138
num_leaves=15
num_cat=0
split_feature=7 8 0 7 5 7 5 2 11 7 12 9 5 1
split_gain=25.0768 31.9406 26.0296 52.7643 42.4309 31.3175 30.6222 25.8812 93.6543 56.5149 50.0315 38.4168 37.1479 28.2977
threshold=2.0661540109426046 0.052323891973159245 0.55320834559756527 -0.52866359584834832 2.7000595284113902 -0.48959480585929926 1.7062235725728552 0.88709677419355215 0.018903877060975956 0.48405770620024774 0.12662781466198589 0.86944587464043088 2.5267649486418087 1.0525392962379687
decision_type=10 2 2 8 2 10 2 2 2 10 2 2 2 2
left_child=2 -2 7 4 -4 6 -5 -1 10 -10 11 -9 -13 -14
right_child=1 -3 3 5 -6 -7 -8 8 9 -11 -12 12 13 -15
leaf_value=-0.00025867838715514619 0.0012565887759438798 0.0094672799145511695 0.0028023675700005052 -0.015386356572399224 0.015279510018243004 0.00046583390317355501 -0.00012114482674501287 -0.010852558992566886 0.00067240526506131561 0.017009674089903375 0.0065612693674890719 -0.0069168630260920188 -0.0042626981411888762 0.011214262003340332
leaf_weight=92451 4939 462 729 218 367 35308 252 1304 1973 206 258 944 201 216
leaf_count=92451 4939 462 729 218 367 35308 252 1304 1973 206 258 944 201 216
internal_value=-3.6323e-05 0.00196704 -0.000116884 0.000562071 0.0070308 0.000362957 -0.00728904 -0.000373537 -0.00245255 0.00225232 -0.00595774 -0.00717973 -0.00363387 0.00379203
internal_weight=139828 5401 134427 36874 1096 35778 470 97553 5102 2179 2923 2665 1361 417
internal_count=139828 5401 134427 36874 1096 35778 470 97553 5102 2179 2923 2665 1361 417
is_linear=0
shrinkage=0.03


Tree=139
num_leaves=15
num_cat=0
split_feature=4 13 2 11 5 5 12 7 7 10 9 1 1 11
split_gain=27.1314 38.7053 41.2473 37.9635 37.742 27.7979 25.2238 54.656 39.3777 28.791 27.791 24.6161 29.9469 24.1554
threshold=1.1028824728059303 49.500000000000007 0.89062499999999767 0.69668034233643006 2.1669381422170932 1.5992322920292636 0.035559431349939837 0.28732646754415053 0.32113652798769837 2.4695256995784063 0.7984533867400363 2.6843576742573698 6.8563948202691449 -1.6134627145652984
decision_type=2 2 2 2 2 2 2 10 10 2 2 2 2 2
left_child=13 2 5 -4 -3 -2 8 -8 -7 10 -10 -9 -13 -1
right_child=1 4 3 -5 -6 6 7 11 9 -11 -12 12 -14 -15
leaf_value=-0.0016330226095039922 -0.0086786552466976349 -0.0019325617127825977 -0.00186071977267216 0.010873234407729743 0.011038964970086359 -0.0064828851537676799 0.0038733487412696927 -0.00038086600619497476 -0.0023453199231818793 -0.0066988444480706342 0.007689370359621338 -0.015871223249145458 -0.0029617850336281556 0.00018907670653338314
leaf_weight=6900 933 428 551 335 375 706 364 204 371 259 735 550 232 126675
leaf_count=6900 933 428 551 335 375 706 364 204 371 259 735 550 232 126675
internal_value=5.91339e-06 -0.00195942 -0.00289963 0.00298804 0.00415595 -0.00409977 -0.00284015 -0.00602274 -0.000756037 0.00221883 0.0043279 -0.00967717 -0.0120845 9.48961e-05
internal_weight=139618 6043 5240 886 803 4354 3421 1350 2071 1365 1106 986 782 133575
internal_count=139618 6043 5240 886 803 4354 3421 1350 2071 1365 1106 986 782 133575
is_linear=0
shrinkage=0.03


Tree=140
num_leaves=15
num_cat=0
split_feature=10 13 13 6 13 13 13 13 11 7 10 7 7 13
split_gain=30.5206 69.1056 110.862 46.5324 42.5783 42.4001 37.472 116.291 59.7317 36.0229 46.4366 33.463 51.0121 38.707
threshold=1.9264131528482487 56.500000000000007 61.500000000000007 -0.13593254006448832 82.500000000000014 114.00000000000001 75.500000000000014 72.500000000000014 -0.53647757399814056 -0.48959480585929926 2.2213723115524506 0.73238708671064734 0.71831710287490635 14.500000000000002
decision_type=2 2 2 8 2 2 2 2 2 8 2 10 10 2
left_child=5 9 -3 4 -4 6 7 -1 -8 10 -2 12 -11 -13
right_child=1 2 3 -5 -6 -7 8 -9 -10 11 -12 13 -14 -15
leaf_value=-0.00033109739608693623 -0.001381898341005889 0.024851746450381716 0.017345722312923004 -0.0030298837948326222 -0.00014205765027504463 -0.012033053874902959 0.018880921932039937 -0.019133935667047595 -5.7231242905295854e-06 -0.000236749182359435 0.013298573584042591 0.00046719680497419447 -0.011261431747566004 0.0037273200823070411
leaf_weight=91222 349 256 276 550 226 275 231 292 417 27488 429 13013 378 4377
leaf_count=91222 349 256 276 550 226 275 231 292 417 27488 429 13013 378 4377
internal_value=-5.92494e-05 0.000560151 0.00734657 0.00298935 0.00954898 -0.000376491 -0.000341058 -0.000392135 0.00682003 0.000366546 0.00674635 0.000256137 -0.000388292 0.00128859
internal_weight=139779 47342 1308 1052 502 92437 92162 91514 648 46034 778 45256 27866 17390
internal_count=139779 47342 1308 1052 502 92437 92162 91514 648 46034 778 45256 27866 17390
is_linear=0
shrinkage=0.03


Tree=141
num_leaves=15
num_cat=0
split_feature=8 9 12 12 6 8 11 6 5 12 6 9 0 13
split_gain=21.818 51.499 72.0098 73.233 60.577 53.2556 50.8246 48.0083 46.8855 49.9894 54.4526 46.658 46.2415 59.25
threshold=0.040713836018987412 0.83100871409178079 -0.068591448389432028 0.0068767029558641233 -0.089272609342675543 0.07376219665481451 -0.77057260831187813 0.024184037442526955 2.3381863670851537 0.072353828454745098 -0.050508682002480258 0.9918746796116682 0.5885086684663362 21.500000000000004
decision_type=2 2 2 2 8 2 2 10 2 2 8 2 2 2
left_child=-1 2 4 6 -2 -6 -4 8 9 10 11 -3 13 -5
right_child=1 7 3 12 5 -7 -8 -9 -10 -11 -12 -13 -14 -15
leaf_value=-0.00013224506123826312 -0.0037253990659222064 -0.011142622857971827 -0.014077263346876199 -0.00038021515801437013 0.0090660122648781819 0.026157130342309494 -0.00102954652089216 -0.0023813907440317964 0.0039869760454297482 0.0063003152397249924 0.0044557535838911418 -0.00066893230596823351 0.009656464735179492 0.0083339378673028593
leaf_weight=120596 252 849 308 2391 806 205 1905 5392 3199 590 558 695 951 989
leaf_count=120596 252 849 308 2391 806 205 1905 5392 3199 590 558 695 951 989
internal_value=1.69392e-05 0.000959159 0.00283154 0.00156236 0.00937548 0.0126432 -0.00287314 -0.000337072 0.00153451 -0.00138182 -0.00354792 -0.00644548 0.00382946 0.00217812
internal_weight=139686 19090 7807 6544 1263 1011 2213 11283 5891 2692 2102 1544 4331 3380
internal_count=139686 19090 7807 6544 1263 1011 2213 11283 5891 2692 2102 1544 4331 3380
is_linear=0
shrinkage=0.03


Tree=142
num_leaves=15
num_cat=0
split_feature=13 2 13 3 7 13 3 11 13 2 1 13 13 13
split_gain=25.9587 58.7167 113.144 102.425 59.9295 77.3625 74.5018 70.9846 95.2048 93.7186 70.3346 89.8807 125.071 75.186
threshold=39.500000000000007 0.57971014492753403 47.500000000000007 0.69642857142857573 0.58085644977487882 55.500000000000007 0.77966101694915546 -0.26017180225603603 72.500000000000014 0.70000000000000495 1.1958500090156461 61.500000000000007 51.500000000000007 57.500000000000007
decision_type=2 2 2 2 10 2 2 2 2 2 2 2 2 2
left_child=-1 2 3 -2 7 -6 -7 10 9 -9 11 12 -3 -12
right_child=1 4 -4 -5 5 6 -8 8 -10 -11 13 -13 -14 -15
leaf_value=-0.00010317466707673111 0.014938881602002746 0.0058860298043737196 -0.0082289960446682835 -0.00502326423239788 0.003085237536744982 0.032283408806091402 0.0065375304794142025 -0.006666806117176711 -0.0097960360572424028 0.0048952934161698766 -0.0030736374146346454 -0.0028117370992762651 0.028848509535033644 0.0094406317846763513
leaf_weight=129501 476 507 1370 442 712 200 206 894 869 2112 1209 323 368 666
leaf_count=129501 476 507 1370 442 712 200 206 894 869 2112 1209 323 368 666
internal_value=1.24162e-05 0.0014575 -0.00278006 0.00535233 0.0026605 0.00909139 0.0194587 0.00161992 -0.00108038 0.0014513 0.00502117 0.0106832 0.0156524 0.00138472
internal_weight=139855 10354 2288 918 8066 1118 406 6948 3875 3006 3073 1198 875 1875
internal_count=139855 10354 2288 918 8066 1118 406 6948 3875 3006 3073 1198 875 1875
is_linear=0
shrinkage=0.03


Tree=143
num_leaves=15
num_cat=0
split_feature=8 6 9 7 6 9 13 6 5 3 8 13 6 14
split_gain=26.2306 56.335 59.8707 72.5825 55.4029 64.0362 55.0932 53.2751 58.0147 60.7553 50.8039 51.9428 47.1216 79.7147
threshold=0.0058332482112384591 -0.38307483183909596 0.8464097168146858 -0.42811630310379212 -0.25771549973287017 1.0718119608790244 53.500000000000007 -0.33333333333333326 2.5501934831391626 0.87499999999999167 0.026791207231075937 10.500000000000002 -0.53635489384601454 1.0000000180025095e-35
decision_type=2 10 2 8 10 2 2 10 2 2 2 2 8 2
left_child=12 6 -3 -4 5 7 -2 -5 -9 -10 -7 -12 13 -1
right_child=1 2 3 4 -6 10 -8 8 9 -11 11 -13 -14 -15
leaf_value=0.011520958618319534 -0.0017865407165346188 0.0019441181988724466 0.0078444375604455607 -0.0072168594220713474 -0.00070341595119381023 0.0032287586271980018 -0.014752403373285284 -0.0012551301024993631 0.01672881795389175 -0.0025569413935623629 0.0069304791806886592 0.027983288250376721 -0.00037281860844389295 -0.0072675578249128238
leaf_weight=710 4105 23648 1013 551 28488 441 313 930 439 218 211 215 78178 280
leaf_count=710 4105 23648 1013 551 28488 441 313 930 439 218 211 215 78178 280
internal_value=6.92422e-05 0.000539117 0.000795813 -3.9746e-05 -0.000294553 0.00357628 -0.00272077 0.000779877 0.00357026 0.0103586 0.0104281 0.0177571 -0.000290274 0.00619722
internal_weight=139740 60572 56154 32506 31493 3005 4418 2138 1587 657 867 426 79168 990
internal_count=139740 60572 56154 32506 31493 3005 4418 2138 1587 657 867 426 79168 990
is_linear=0
shrinkage=0.03


Tree=144
num_leaves=15
num_cat=0
split_feature=8 9 3 13 11 4 0 1 0 2 9 1 13 11
split_gain=19.2226 51.3224 43.8841 40.8203 48.0448 40.2601 35.4282 31.2249 23.7557 21.8705 21.1677 63.2095 66.7152 60.0539
threshold=0.07376219665481451 1.0755039736610492 0.8878504672897215 35.500000000000007 0.3999843363882753 0.35169005978418788 0.58607338213029159 1.6089600800296271 0.56565552857001056 0.4000000000000003 0.94201319189821497 3.784052933026095 38.500000000000007 2.2912129397993497
decision_type=2 2 2 2 2 2 2 2 2 2 2 2 2 2
left_child=10 2 3 4 7 9 -4 8 -2 -6 13 -12 -13 -1
right_child=1 -3 6 -5 5 -7 -8 -9 -10 -11 11 12 -14 -15
leaf_value=-0.00026477067044398906 -0.0026832872918793852 -0.0063558400628038556 -0.0074982004195403356 0.018171214935012229 0.0077418659565167336 0.00045186939459673298 0.0066789625295676476 -0.010752690989550862 0.0088134766730086113 0.018814060748300769 0.00064190845663376537 -0.0015539931654349525 -0.013116583943826286 -0.0057216099174718328
leaf_weight=84439 350 522 457 219 336 329 237 204 293 325 47289 1952 579 1850
leaf_count=84439 350 522 457 219 336 329 237 204 293 325 47289 1952 579 1850
internal_value=-4.31584e-05 0.00222735 0.00386518 0.00606328 0.00457442 0.00904476 -0.00264358 -0.000673079 0.0025831 0.0132862 -9.78203e-05 0.000394524 -0.00421974 -0.000382088
internal_weight=139381 3272 2750 2056 1837 990 694 847 643 661 136109 49820 2531 86289
internal_count=139381 3272 2750 2056 1837 990 694 847 643 661 136109 49820 2531 86289
is_linear=0
shrinkage=0.03


Tree=145
num_leaves=15
num_cat=0
split_feature=0 10 8 11 12 12 11 13 13 13 13 6 13 11
split_gain=21.9423 27.7066 33.5948 35.0006 45.6235 50.6229 26.7806 58.6362 59.597 71.8387 51.1915 96.1333 44.261 65.0061
threshold=0.49421837544748587 2.685244900099375 -0.027175405596864769 -1.1268773167639614 -0.035194699049235272 0.039361761552692727 -0.71412147384034153 85.000000000000014 75.500000000000014 72.500000000000014 49.500000000000007 -0.082084979075119122 42.500000000000007 -1.2552787284479348
decision_type=2 2 2 2 2 2 2 2 2 2 2 8 2 2
left_child=1 -1 -3 -4 -5 -6 10 8 9 -8 12 -12 -2 -14
right_child=6 2 3 4 5 -7 7 -9 -10 -11 11 -13 13 -15
leaf_value=-0.0008657758275637139 -0.00070428628722460406 -0.0020240825002146943 -0.0043672356096770473 0.016935971639044273 -0.0035862899958055638 0.014040157420583713 0.00062968743126206466 -0.0092022165469655935 0.015553672391921279 -0.01567225035951763 0.013292692143403426 -0.001649368225174207 -0.020298808170663707 0.0007481731190953565
leaf_weight=27233 23128 780 234 356 366 238 84244 545 235 239 666 915 252 271
leaf_count=27233 23128 780 234 356 366 238 84244 545 235 239 666 915 252 271
internal_value=0.000114368 -0.000616854 0.00281074 0.00596444 0.00849236 0.00341748 0.000307671 0.000561737 0.000625089 0.000582645 -0.000550801 0.00466707 -0.000900514 -0.0094892
internal_weight=139702 29207 1974 1194 960 604 110495 85263 84718 84483 25232 1581 23651 523
internal_count=139702 29207 1974 1194 960 604 110495 85263 84718 84483 25232 1581 23651 523
is_linear=0
shrinkage=0.03


Tree=146
num_leaves=15
num_cat=0
split_feature=13 7 6 8 8 11 1 11 13 13 2 1 4 8
split_gain=41.8248 21.9622 44.1525 56.1657 28.1176 26.0197 24.8247 22.9717 62.973 41.6733 35.913 53.084 40.7785 42.2531
threshold=-23.499999999999996 2.0661540109426046 0.15361519032946916 0.047137617759143206 -0.025847839351802335 1.3901026559290648 1.526222426077102 -1.0342220249604657 88.500000000000014 114.00000000000001 0.63667275724013284 6.8563948202691449 0.33747233073610022 0.013459122710157924
decision_type=2 10 8 2 2 2 2 2 2 2 2 2 2 2
left_child=-1 7 4 5 -3 6 -4 8 -2 10 11 12 13 -9
right_child=1 2 3 -5 -6 -7 -8 9 -10 -11 -12 -13 -14 -15
leaf_value=0.011162344420498068 -0.0013227466840092347 -0.004354432893677828 0.002831505043302466 0.020388968148799032 0.0015066700729357261 -0.0048997864951021396 0.012397006942002579 -0.00061638276129921243 0.014967899316220105 -0.01100688949587845 0.00061487471480550164 -0.010215254938790956 -0.0015558105394470009 0.001267697213038969
leaf_weight=292 19096 992 857 204 2816 255 339 27978 211 305 49575 493 18831 17353
leaf_count=292 19096 992 857 204 2816 255 339 27978 211 305 49575 493 18831 17353
internal_value=-8.36558e-05 -0.000107629 0.00175597 0.00583896 -2.38797e-05 0.00373035 0.00558312 -0.000183757 -0.00114088 -2.23733e-05 7.43637e-06 -0.000458336 -0.000382577 0.000104916
internal_weight=139597 139305 5463 1655 3808 1451 1196 133842 19307 114535 114230 64655 64162 45331
internal_count=139597 139305 5463 1655 3808 1451 1196 133842 19307 114535 114230 64655 64162 45331
is_linear=0
shrinkage=0.03


Tree=147
num_leaves=15
num_cat=0
split_feature=7 6 13 7 9 6 5 7 13 12 8 6 10 1
split_gain=25.0677 45.1978 32.6028 27.3511 25.2842 86.8956 62.1218 76.2902 63.5015 57.8722 56.6228 70.824 54.8168 53.2518
threshold=1.6758654861298921 0.56875062033809043 -1.0000000180025095e-35 2.1341629870424268 0.94201319189821497 -0.20273707682329142 2.5386977015806651 -0.48959480585929926 10.500000000000002 -0.10942713118813739 0.07376219665481451 0.23953741067391401 0.82283496807735135 1.5662310283918928
decision_type=10 8 2 10 2 10 2 8 2 2 2 8 2 2
left_child=4 -2 -3 -4 10 12 9 8 -8 -7 -1 -12 -6 -14
right_child=1 2 3 -5 5 6 7 -9 -10 -11 11 -13 13 -15
leaf_value=-0.00054746566078363518 0.00078264503625662281 -0.001327445380631767 0.0053599749755460033 0.017153045453331964 0.017714451656422832 0.0026909838201578844 0.0019314471257922167 0.00085123975714885289 0.025541087900373068 -0.0019051707054958422 0.0015430969785677265 0.01513146778440411 0.001363960724501397 0.0065446388377823333
leaf_weight=80043 9244 272 391 329 215 2843 203 15510 204 18380 1558 439 7683 2323
leaf_count=80043 9244 272 391 329 215 2843 203 15510 204 18380 1558 439 7683 2323
internal_value=8.82793e-06 0.00143762 0.00750648 0.0108299 -0.000104245 0.00044765 -0.000226567 0.00118998 0.0139316 -0.00128899 -0.000422857 0.00456056 0.00289646 0.00256938
internal_weight=139637 10236 992 720 129401 47361 37140 15917 407 21223 82040 1997 10221 10006
internal_count=139637 10236 992 720 129401 47361 37140 15917 407 21223 82040 1997 10221 10006
is_linear=0
shrinkage=0.03


Tree=148
num_leaves=15
num_cat=0
split_feature=5 0 9 5 7 8 12 0 1 0 9 0 1 1
split_gain=25.6005 46.9191 47.1124 49.7304 44.3914 38.9871 35.6114 44.2764 34.2818 70.9067 41.6973 31.9406 28.4207 27.9488
threshold=3.0987790711455503 0.65364778741414009 0.9248580554965925 3.2768286243196632 -0.48959480585929926 0.07376219665481451 -0.016989903123297009 0.57422551718129133 2.7952527517606911 0.5127315634366546 0.73600905250825455 0.60719107915218851 0.91068430856786209 3.9493521036352717
decision_type=2 2 2 2 8 2 2 2 2 2 2 2 2 2
left_child=13 2 3 6 -4 8 -2 12 11 -10 -11 -5 -8 -1
right_child=1 -3 4 5 -6 -7 7 -9 9 10 -12 -13 -14 -15
leaf_value=-0.00017574782055792423 0.0060042949652242689 0.014554304581897501 0.013024150463928168 -0.0029374023032457662 0.0016729795403966998 0.0082470057035838682 0.0036561046875021757 0.0088355338506054468 0.014104271102539249 -0.01103199145187697 0.0027890038790284238 0.0054344170052221087 -0.0047281572719687056 -0.0027439977239446666
leaf_weight=108152 1509 215 313 8676 12671 347 521 404 350 288 592 426 1179 3948
leaf_count=108152 1509 215 313 8676 12671 347 521 404 350 288 592 426 1179 3948
internal_value=-6.51207e-05 0.000755193 0.000643776 -0.000544556 0.00195153 -0.00157382 0.00249564 -2.9063e-05 -0.00190749 0.00278516 -0.001771 -0.00254281 -0.00215544 -0.000266316
internal_weight=139591 27491 27276 14292 12984 10679 3613 2104 10332 1230 880 9102 1700 112100
internal_count=139591 27491 27276 14292 12984 10679 3613 2104 10332 1230 880 9102 1700 112100
is_linear=0
shrinkage=0.03


Tree=149
num_leaves=15
num_cat=0
split_feature=8 9 0 6 5 11 11 0 6 6 5 11 7 10
split_gain=23.3251 55.3194 29.2779 35.4603 65.3084 25.3363 76.4958 64.6006 95.5233 53.163 47.8236 42.2873 42.1173 41.7753
threshold=-0.084962152251087775 0.64506280678259775 0.43818666121137489 0.013389679192039707 3.0987790711455503 1.8068283263938401 1.6297946077808201 0.53746642681579426 -0.20273707682329142 -0.43316160390790315 2.7122865599204418 1.710358752673353 -0.35773232519562376 1.749303522151137
decision_type=2 2 2 10 2 2 2 2 8 8 2 2 10 2
left_child=1 -1 3 -2 -5 6 -4 11 -9 -7 -10 -8 -11 -12
right_child=2 -3 5 4 -6 9 7 8 10 12 13 -13 -14 -15
leaf_value=-0.010346425517014994 -0.0053562285192310811 0.0055766962378537054 -2.988010339515714e-05 -0.0022187317070808815 0.015873698769388971 -0.012753982703402408 0.005646643238772662 0.027642748267451923 -0.0055594198459284257 0.011196199127834063 0.021136488579391863 -0.003550474883302698 -0.0014157417499622311 0.0055662680258669536
leaf_weight=222 2001 1463 122344 935 217 360 896 220 242 240 204 894 8769 625
leaf_count=222 2001 1463 122344 935 217 360 896 220 242 240 204 894 8769 625
internal_value=-4.86367e-05 0.00345441 -9.15494e-05 -0.00294688 0.00124317 -2.46529e-05 8.77833e-05 0.00475258 0.00985395 -0.00152911 0.00608838 0.00105613 -0.00107374 0.00950153
internal_weight=139632 1685 137947 3153 1152 134794 125425 3081 1291 9369 1071 1790 9009 829
internal_count=139632 1685 137947 3153 1152 134794 125425 3081 1291 9369 1071 1790 9009 829
is_linear=0
shrinkage=0.03


Tree=150
num_leaves=15
num_cat=0
split_feature=13 7 9 12 7 11 5 8 3 13 13 9 11 13
split_gain=26.8427 53.5026 82.5045 58.2736 59.0384 116.242 81.4621 62.358 58.1915 57.8996 136.332 87.7198 71.7697 56.1963
threshold=39.500000000000007 1.1217550571428141 0.81744524767612892 0.16755081458644153 0.58085644977487882 -0.88602933615427359 1.4836572754602171 0.068905102733188478 0.73333333333334005 74.500000000000014 75.500000000000014 0.64190704253188946 -0.46986191258694082 62.500000000000007
decision_type=2 8 2 2 10 2 2 2 2 2 2 2 2 2
left_child=-1 3 -3 4 7 -6 -7 8 -2 11 -11 -10 -12 -13
right_child=1 2 -4 -5 5 6 -8 -9 9 10 12 13 -14 -15
leaf_value=-0.00010714530870592092 -0.005920144114915568 0.0093622971322478311 -0.013399828266291424 -0.0061270014377053953 -0.004646301735123805 -0.0022985354534007219 0.015218504727870986 0.016116639331877233 0.015512932718878512 -0.021868526508272316 0.0098964500725851404 0.001248654241172356 -0.0066067886114247578 0.016814793733399513
leaf_weight=129520 970 200 476 720 537 299 1161 245 489 282 475 3785 464 216
leaf_count=129520 970 200 476 720 537 299 1161 245 489 282 475 3785 464 216
internal_value=1.01966e-05 0.00148236 -0.00664618 0.00205535 0.00271864 0.00725661 0.0116355 0.0014059 0.000854795 0.00200968 -0.00377207 0.0035844 0.0017497 0.00210895
internal_weight=139839 10319 676 9643 8923 1997 1460 6926 6681 5711 1221 4490 939 4001
internal_count=139839 10319 676 9643 8923 1997 1460 6926 6681 5711 1221 4490 939 4001
is_linear=0
shrinkage=0.03


Tree=151
num_leaves=15
num_cat=0
split_feature=4 7 11 4 7 13 11 13 11 4 13 11 12 11
split_gain=26.0533 32.5764 82.1674 35.0258 32.6717 34.1882 75.6386 74.4892 36.6053 30.579 30.2582 29.1144 29.1062 30.6817
threshold=0.33747233073610022 -0.42811630310379212 1.1209924996884759 0.73469914009531168 -0.37736174070691425 77.500000000000014 -0.22782893877309204 72.500000000000014 -1.3264842019268699 0.32794301614041194 13.500000000000002 -0.610231638790243 0.20641677436352937 -0.50308351381663963
decision_type=2 8 2 2 10 2 2 2 2 2 2 2 2 2
left_child=9 2 3 -2 -3 7 8 -6 -7 11 -5 -1 13 -13
right_child=1 4 -4 10 5 6 -8 -9 -10 -11 -12 12 -14 -15
leaf_value=-0.00064827190721923763 -0.0017373330303858457 -0.0076577533662649756 0.020975543127201918 -0.0018260399172218835 -0.00057083644023207911 0.0018850443215542956 -0.0038317358535873195 -0.017323060169816017 0.016986535135656594 0.0043872498578051682 0.012768183805470094 0.0037328187196689526 -0.0031317516048425947 0.00057910351864439325
leaf_weight=22246 1176 581 207 200 51812 227 523 235 399 1659 344 2917 1800 55812
leaf_count=22246 1176 581 207 200 51812 227 523 235 399 1659 344 2917 1800 55812
internal_value=2.84245e-05 -0.000475156 0.00335237 0.00117679 -0.000612608 -0.000534949 0.00457256 -0.000648132 0.0115688 0.000360663 0.0074349 0.000279701 0.00062078 0.000736049
internal_weight=140138 55704 1927 1720 53777 53196 1149 52047 626 84434 544 82775 60529 58729
internal_count=140138 55704 1927 1720 53777 53196 1149 52047 626 84434 544 82775 60529 58729
is_linear=0
shrinkage=0.03


Tree=152
num_leaves=15
num_cat=0
split_feature=1 5 10 14 9 7 11 9 12 10 0 2 2 14
split_gain=20.4683 27.5383 31.0584 30.5385 32.5266 33.1591 25.3066 24.2536 22.2037 21.6769 20.1198 19.1882 41.5774 33.8116
threshold=0.53039985929061861 1.2066030759535191 1.015151785768053 1.0000000180025095e-35 0.90845566961192248 0.292781033135941 -1.9151054326549735 1.1445244327312387 -0.016989903123297009 1.6472667503689131 0.42884085740372674 0.8437499999999879 0.79411764705882193 1.0000000180025095e-35
decision_type=2 2 2 2 2 10 2 2 2 2 2 2 2 2
left_child=1 2 8 -4 5 -5 -3 10 -1 -6 -8 12 -12 -14
right_child=-2 6 3 4 9 -7 7 -9 -10 -11 11 -13 13 -15
leaf_value=-0.0025870319511279586 0.00016947725354929516 -0.010572730060840878 -0.0050411621696692848 -0.00027947961523824811 -0.0085246202806244318 0.012758608828081148 -0.0085886014714992836 0.0027352644638534542 -0.014592429415130059 0.0032334864521637941 -0.00063946794414487438 -0.0046293449760102237 0.0017620120358375786 0.016545207660596865
leaf_weight=237 123334 209 1447 387 354 316 282 2149 338 229 8983 934 354 226
leaf_count=237 123334 209 1447 387 354 316 282 2149 338 229 8983 934 354 226
internal_value=3.69045e-05 -0.000957112 -0.00340138 -0.00205899 0.00130306 0.00562988 -0.000340566 -0.000171125 -0.00970908 -0.00391786 -0.000751569 -0.000537039 -0.000135141 0.00761454
internal_weight=139779 16445 3308 2733 1286 703 13137 12928 575 583 10779 10497 9563 580
internal_count=139779 16445 3308 2733 1286 703 13137 12928 575 583 10779 10497 9563 580
is_linear=0
shrinkage=0.03


Tree=153
num_leaves=15
num_cat=0
split_feature=7 13 13 10 12 8 5 9 13 13 4 9 3 3
split_gain=19.5853 57.79 56.7177 64.9832 49.4184 35.6877 33.3223 34.4448 40.7512 50.9328 35.282 32.8386 31.1376 31.4804
threshold=1.1716868637551341 27.500000000000004 14.500000000000002 2.4264565736209041 0.08345192615668641 0.0062146073501055223 0.72061998389883219 0.82725930613129195 -8.4999999999999982 -3.4999999999999996 0.041542023379219924 0.84263010249584658 0.16981132075472904 0.27698967698967752
decision_type=10 2 2 2 2 2 2 2 2 2 2 2 2 2
left_child=12 2 5 4 -4 6 -2 10 -9 -10 -8 -7 -1 -14
right_child=1 -3 3 -5 -6 11 7 8 9 -11 -12 -13 13 -15
leaf_value=-0.010824672144583679 0.006011117757166195 -0.0049525835324058199 0.0045092640843667642 0.014381243903077375 -0.0073174552687839288 0.0043551592220041615 0.0029591224859209604 0.011504894270982644 -0.010661585030562066 0.00074574741928669147 -0.0040876157044554152 0.0004900739379988645 0.0089571080894755399 -7.9587848886802101e-05
leaf_weight=237 666 1442 2483 533 360 3431 768 287 371 5576 3725 4667 343 114743
leaf_count=237 666 1442 2483 533 360 3431 768 287 371 5576 3725 4667 343 114743
internal_value=8.82614e-05 0.000862038 0.00122971 0.00481671 0.00300147 0.00060734 -0.00047493 -0.000880238 0.000563021 2.57494e-05 -0.00288115 0.00212933 -7.48738e-05 -5.22671e-05
internal_weight=139632 24309 22867 3376 2843 19491 11393 10727 6234 5947 4493 8098 115323 115086
internal_count=139632 24309 22867 3376 2843 19491 11393 10727 6234 5947 4493 8098 115323 115086
is_linear=0
shrinkage=0.03


Tree=154
num_leaves=15
num_cat=0
split_feature=10 10 7 3 12 9 6 6 9 6 1 14 1 1
split_gain=18.7147 34.1795 27.8533 48.4567 43.9936 55.6433 53.1052 59.7837 58.2613 49.3866 48.7454 43.5274 42.1436 39.748
threshold=1.7860411906956684 1.7797967995262185 0.73238708671064734 0.64999999999999203 0.10669355854841762 1.1824084816431462 -0.25423497394218214 -0.43316160390790315 0.80980168281621168 -0.15969523867409238 2.3236471008771331 1.0000000180025095e-35 2.0983915932659047 0.84848266677562523
decision_type=2 2 10 2 2 2 8 10 2 8 2 2 2 2
left_child=1 -1 3 12 6 -6 7 8 -4 -8 13 -12 -2 -9
right_child=2 -3 4 -5 5 -7 9 10 -10 -11 11 -13 -14 -15
leaf_value=-0.00036162309281261728 -0.0023680017663833168 -0.0078056835937909347 0.0074904529085474698 0.00016129898074437272 -0.00087455971548771173 -0.014225513288191306 -0.0029234509790912028 0.012169503163960243 -0.013176675948831014 0.0016698164751113619 0.0074566708336563873 0.025352155005272763 -0.013048421958228572 0.0021635680342233358
leaf_weight=80321 3497 554 218 33190 2039 321 2471 508 269 14131 269 229 363 1187
leaf_count=80321 3497 554 218 33190 2039 321 2471 508 269 14131 269 229 363 1187
internal_value=-0.000117165 -0.000413095 0.000290613 -0.000208885 0.00114558 -0.00271675 0.00161889 0.00553349 -0.00394317 0.000985492 0.00764216 0.0158559 -0.00338798 0.00518937
internal_weight=139567 80875 58692 37050 21642 2360 19282 2680 487 16602 2193 498 3860 1695
internal_count=139567 80875 58692 37050 21642 2360 19282 2680 487 16602 2193 498 3860 1695
is_linear=0
shrinkage=0.03


Tree=155
num_leaves=15
num_cat=0
split_feature=8 1 9 8 9 5 6 3 3 10 6 1 10 1
split_gain=23.5941 62.4908 34.5084 27.0752 33.0228 71.6627 73.5071 35.8403 30.7257 28.8171 27.1452 48.6064 42.8362 51.6743
threshold=-0.084962152251087775 1.5005927463958699 0.82336799057070964 -0.039612250868978398 0.76839154452192027 2.1669381422170932 -0.2138202135420009 0.95000000000000129 0.96399445983379273 2.384717147309757 -0.12331431799540647 2.3236471008771331 2.6435694282600442 1.8874767244220201
decision_type=2 2 2 2 2 2 10 2 2 2 10 2 2 2
left_child=1 -1 -3 4 5 6 -2 -8 9 -7 12 -12 13 -6
right_child=3 2 -4 -5 10 8 7 -9 -10 -11 11 -13 -14 -15
leaf_value=0.00013684342503992921 0.008471609688541621 0.0044553609624868483 0.021888778567728067 6.4636553094132989e-05 -0.0017993451584778705 -0.009486703188583254 -0.0038953560390521695 0.0059270876021031531 0.0031815472505986688 0.0011678082030266521 -0.00024302407190199371 0.0063666978765717615 0.0071138699528208449 -0.011528589716966612
leaf_weight=1250 687 200 211 118957 3202 1870 2317 386 235 259 7697 1146 388 576
leaf_count=1250 687 200 211 118957 3202 1870 2317 386 235 259 7697 1146 388 576
internal_value=-5.95115e-05 0.00348923 0.0135609 -0.000102437 -0.00116141 -0.00305276 -0.000254837 -0.00248432 -0.00705601 -0.00819085 -0.000324002 0.00061667 -0.00231907 -0.00329596
internal_weight=139381 1661 411 137720 18763 5754 3390 2703 2364 2129 13009 8843 4166 3778
internal_count=139381 1661 411 137720 18763 5754 3390 2703 2364 2129 13009 8843 4166 3778
is_linear=0
shrinkage=0.03


Tree=156
num_leaves=15
num_cat=0
split_feature=9 13 13 14 4 8 9 1 8 2 8 9 14 13
split_gain=25.6764 44.6302 49.9209 37.2601 24.9235 23.9982 32.854 32.6749 46.8122 29.1249 24.3732 48.9187 108.251 42.8873
threshold=1.3312480570631371 46.500000000000007 32.500000000000007 1.0000000180025095e-35 0.063838379032726086 -0.084962152251087775 0.64506280678259775 1.526222426077102 -0.10223413805284955 0.64918565438148879 0.0034992830179052963 0.83694955313690989 1.0000000180025095e-35 -11.499999999999998
decision_type=2 2 2 2 2 2 2 2 2 2 2 2 2 2
left_child=5 2 3 4 -2 6 -1 8 -8 -10 11 -7 -13 -14
right_child=1 -3 -4 -5 -6 10 7 -9 9 -11 -12 12 13 -15
leaf_value=-0.0071348486325957562 -0.0099845630636103671 -0.012004372153766454 0.012670740999078074 0.0014133174190399374 -0.0027279688486360342 -0.001199501846545342 -0.0063573889362200488 0.013521955101750791 0.012026628262764953 0.00016960499324242154 0.00048406378244934595 0.0016774501471862313 0.011266867124151774 -0.0016996035694770545
leaf_weight=215 512 370 216 1864 2464 32251 341 331 431 326 60756 23424 228 15943
leaf_count=215 512 370 216 1864 2464 32251 341 331 431 326 60756 23424 228 15943
internal_value=4.71418e-06 -0.00201755 -0.00127557 -0.0019104 -0.00399107 8.65227e-05 0.00368332 0.00533017 0.0028106 0.00695505 4.17923e-05 -0.000332219 0.000374265 -0.00151336
internal_weight=139672 5426 5056 4840 2976 134246 1644 1429 1098 757 132602 71846 39595 16171
internal_count=139672 5426 5056 4840 2976 134246 1644 1429 1098 757 132602 71846 39595 16171
is_linear=0
shrinkage=0.03


Tree=157
num_leaves=15
num_cat=0
split_feature=12 13 9 13 13 1 9 2 5 13 14 9 1 5
split_gain=19.552 57.5036 44.2692 45.2982 45.5759 75.97 99.2658 42.5125 62.2716 41.4676 69.9338 70.5967 43.3173 47.2885
threshold=0.040315871208020333 95.000000000000014 0.85582897687075254 90.500000000000014 51.500000000000007 2.0191587576822343 0.74483346560517905 0.77669902912621458 2.188580937606488 28.500000000000004 1.0000000180025095e-35 0.71585706329517229 0.97797306464444311 1.7692281729550627
decision_type=2 2 2 2 2 2 2 2 2 2 2 2 2 2
left_child=1 -1 3 4 9 6 -6 -4 -9 -2 11 -11 -12 -14
right_child=2 -3 7 -5 5 -7 -8 8 -10 10 12 -13 13 -15
leaf_value=-0.00022255556853650971 0.0020789798640856111 0.011856133993021788 -0.0010397953255299895 -0.010497044051810588 0.017059480398169999 0.021434420023645675 -0.010870159483233163 -0.0020292975167890237 0.0053752002371722256 -0.0062967924180540071 -0.012992181404687391 0.011879569700940919 0.0069206744084900386 -0.0063910610665791059
leaf_weight=99510 15862 351 16578 268 201 275 253 1732 2482 304 500 507 338 798
leaf_count=99510 15862 351 16578 268 201 275 253 1732 2482 304 500 507 338 798
internal_value=4.51808e-05 -0.000179509 0.000604706 0.00163897 0.00181252 0.00914358 0.0015463 -0.000355806 0.00233307 0.00151821 -0.00211364 0.0050694 -0.00567903 -0.00241738
internal_weight=139959 99861 40098 19306 19038 729 454 20792 4214 18309 2447 811 1636 1136
internal_count=139959 99861 40098 19306 19038 729 454 20792 4214 18309 2447 811 1636 1136
is_linear=0
shrinkage=0.03


Tree=158
num_leaves=15
num_cat=0
split_feature=3 9 6 5 1 7 3 6 4 7 5 9 7 4
split_gain=19.0812 47.8558 47.6535 42.755 34.8707 30.7482 27.3544 47.6213 55.0419 42.0105 35.9442 38.0514 40.9057 35.733
threshold=0.99275886658696921 0.91445006889697289 0.086719674171630526 3.3071653366190294 0.5410697895045834 0.21234465775681741 0.93793103448277459 -0.56865187875928758 0.98764706922674173 -0.22941837951000765 2.7726124177662475 1.0996238076776323 0.6116479949906608 1.1028824728059303
decision_type=2 2 10 2 2 10 2 10 2 10 2 2 10 2
left_child=6 2 -2 4 -3 -4 13 -8 10 -10 -9 12 -12 -1
right_child=1 3 5 -5 -6 -7 7 8 9 -11 11 -13 -14 -15
leaf_value=0.00015536418746070829 -0.0029434324157104562 -0.0043782037703527345 0.00073247984970826248 0.017001992373094663 0.0065767609721616559 0.012823246013076026 -0.0099212221652067254 -0.0025010479790486258 0.016326446675528319 0.0023763824208707512 0.00084997873944823218 0.0065649120268616709 -0.0081234961495847326 -0.002477389470571259
leaf_weight=114308 2005 346 453 260 1030 321 548 9958 229 1160 2807 825 541 4831
leaf_count=114308 2005 346 453 260 1030 321 548 9958 229 1160 2807 825 541 4831
internal_value=-4.48133e-05 0.00189486 -0.000503033 0.00595718 0.00381622 0.00579699 -0.000108218 -0.00126995 -0.000961383 0.0047266 -0.00152195 0.000814645 -0.000609988 4.85085e-05
internal_weight=139622 4415 2779 1636 1376 774 135207 16068 15520 1389 14131 4173 3348 119139
internal_count=139622 4415 2779 1636 1376 774 135207 16068 15520 1389 14131 4173 3348 119139
is_linear=0
shrinkage=0.03


Tree=159
num_leaves=15
num_cat=0
split_feature=13 13 11 13 5 13 13 13 11 11 10 4 7 8
split_gain=32.6927 68.7023 65.4261 57.3646 60.8887 65.0228 121.634 55.0829 54.2592 53.8547 53.8078 52.6672 53.2046 52.2969
threshold=19.500000000000004 24.500000000000004 -0.11069851904844184 25.500000000000004 1.4254123008385853 58.500000000000007 56.500000000000007 95.000000000000014 0.49461921765735489 -1.4689383146356012 1.2194635233068853 0.79296401255160764 -0.13952135384610223 0.07376219665481451
decision_type=2 2 2 2 2 2 2 2 2 2 2 2 10 2
left_child=11 9 7 8 -5 6 10 -3 -4 -2 -6 12 -1 -12
right_child=1 2 3 4 5 -7 -8 -9 -10 -11 13 -13 -14 -15
leaf_value=-0.0021023787613650355 -0.0050134368356270316 0.001250872772181978 0.0020713804152878846 -0.0072916106812012903 0.0048729548125389516 -0.0063992681075088808 0.019239776308491528 0.014828862771442667 -0.014183496142057604 0.0035504095108449658 -0.0014442085421129569 -0.0026540549945902295 0.00015656194372857632 0.011203915548495582
leaf_weight=10541 709 12248 270 1229 1672 1383 298 270 573 8986 8341 7808 85152 300
leaf_count=10541 709 12248 270 1229 1672 1383 298 270 573 8986 8341 7808 85152 300
internal_value=-1.41037e-05 0.000760776 -2.77616e-05 -0.00143153 -0.000946069 -0.000293088 0.000505409 0.00154954 -0.00899579 0.00292187 -4.49918e-05 -0.000285737 -9.2367e-05 -0.000998863
internal_weight=139780 36279 26584 14066 13223 11994 10611 12518 843 9695 10313 103501 95693 8641
internal_count=139780 36279 26584 14066 13223 11994 10611 12518 843 9695 10313 103501 95693 8641
is_linear=0
shrinkage=0.03


Tree=160
num_leaves=15
num_cat=0
split_feature=10 10 9 1 6 11 2 0 5 6 9 0 3 6
split_gain=20.9137 41.5413 28.3545 45.5297 33.4607 38.33 27.3855 40.6009 27.3838 43.9928 34.7989 43.2382 47.7343 33.9912
threshold=1.7860411906956684 1.7797967995262185 1.1338480947847605 2.2853140757361738 0.12255430109018274 0.38867946083715549 0.61270553176195575 0.54057731786384589 1.5992322920292636 0.42199784519160938 1.0755039736610492 0.5521410490645029 0.77966101694915546 -0.25771549973287017
decision_type=2 2 2 2 8 2 2 2 2 8 2 2 2 10
left_child=1 2 8 4 5 -4 -7 -8 9 10 -1 12 -12 -10
right_child=-2 -3 3 -5 -6 6 7 -9 13 -11 11 -13 -14 -15
leaf_value=-0.0016276674377879458 0.00041055502373875765 -0.0085569557562200707 -0.0017192107971068429 -0.0087253274120758836 -0.0040284103168204913 0.00079391642398065341 0.015821834185626358 0.00030264734725385687 -0.001358042000306486 0.0024827583011136525 0.00068830919701878617 -0.0068672003974653267 0.017391813033718173 0.00069205961111171329
leaf_weight=20771 58853 544 2632 814 2393 833 347 267 8914 3008 323 214 290 39578
leaf_count=20771 58853 544 2632 814 2393 833 347 267 8914 3008 323 214 290 39578
internal_value=-1.97313e-05 -0.000332653 -0.000276466 -0.00206046 -0.00121612 0.000436667 0.00435049 0.00913022 -9.85187e-05 -0.000913552 -0.00138703 0.00463033 0.00866723 0.0003151
internal_weight=139781 80928 80384 7286 6472 4079 1447 614 73098 24606 21598 827 613 48492
internal_count=139781 80928 80384 7286 6472 4079 1447 614 73098 24606 21598 827 613 48492
is_linear=0
shrinkage=0.03


Tree=161
num_leaves=15
num_cat=0
split_feature=4 11 13 13 2 1 2 3 7 13 13 11 1 9
split_gain=21.064 40.0867 34.074 52.0205 49.7711 55.9717 57.6026 40.1658 33.1715 50.6156 70.7953 53.947 41.3506 35.5139
threshold=0.21623134320538359 -1.5013423192909487 14.500000000000002 15.500000000000002 0.56447509042750699 0.92693538184689517 0.80446927374301591 0.74218750000000389 -0.1100962584076403 55.500000000000007 47.500000000000007 1.1558326531794594 1.0466231946785609 1.4540120282616378
decision_type=2 2 2 2 2 2 2 2 10 2 2 2 2 2
left_child=1 -1 -2 4 7 -6 -7 -4 9 10 11 -5 -11 -10
right_child=2 -3 3 8 5 6 -8 -9 13 12 -12 -13 -14 -15
leaf_value=-0.002438633794825069 -0.00088519422793405071 0.00060484358103478862 0.0058125356272663341 0.001122280490508642 -0.0062621652997093252 0.00098644675444535404 0.017251764925715233 0.021213976161217125 -0.00021226428821440353 -0.012394932233175988 0.016768148561262269 0.012266398517375857 0.0045537191544415302 -0.0095594715919205039
leaf_weight=4177 45145 56759 395 3653 493 602 286 249 26270 349 325 433 201 366
leaf_count=4177 45145 56759 395 3653 493 602 286 249 26270 349 325 433 201 366
internal_value=-2.27602e-05 0.000396038 -0.000346757 0.000376238 0.00503145 0.0018041 0.00629231 0.011885 7.71447e-05 0.00232818 0.00339934 0.00231679 -0.00621575 -0.000342472
internal_weight=139703 60936 78767 33622 2025 1381 888 644 31597 4961 4411 4086 550 26636
internal_count=139703 60936 78767 33622 2025 1381 888 644 31597 4961 4411 4086 550 26636
is_linear=0
shrinkage=0.03


Tree=162
num_leaves=15
num_cat=0
split_feature=2 3 5 3 2 9 1 2 1 11 9 6 4 13
split_gain=22.8723 43.5918 40.8091 84.3306 81.2886 52.8744 74.9311 42.8129 43.0762 42.7042 46.6335 78.5041 46.302 45.3003
threshold=0.73600000000000143 0.75851393188853888 2.4829056640603526 0.97835497835498397 0.81249999999999833 0.80790199601174528 1.0865595449007024 0.80952380952381675 3.784052933026095 2.1746360442270904 0.7964974366823282 -0.040641089671188006 0.19617975909581939 3.5000000000000004
decision_type=2 2 2 2 2 2 2 2 2 2 2 8 2 2
left_child=-1 -2 4 9 7 -5 -7 8 -3 10 11 12 -4 -13
right_child=1 2 3 5 -6 6 -8 -9 -10 -11 -12 13 -14 -15
leaf_value=-0.00010309918898781965 0.0085406680221799501 0.0018518182261637217 0.0017062209168628207 0.00052083128242763523 -0.0018734479720183294 0.0043565781951680049 0.018727666016206231 0.012828609135783006 -0.010294943406243165 -0.0058286772859495253 0.0025081112342537539 0.011880143959075213 -0.008579848647782844 0.00057589984255384077
leaf_weight=101492 632 8718 546 642 11969 710 606 305 266 784 9456 385 1395 1757
leaf_count=101492 632 8718 546 642 11969 710 606 305 266 784 9456 385 1395 1757
internal_value=0.00013235 0.000758313 0.000626171 0.00175619 -0.000239492 0.00758764 0.0110201 0.00186576 0.00148665 0.000956641 0.00135156 -0.00132673 -0.00568945 0.00263064
internal_weight=139663 38171 37539 16281 21258 1958 1316 9289 8984 14323 13539 4083 1941 2142
internal_count=139663 38171 37539 16281 21258 1958 1316 9289 8984 14323 13539 4083 1941 2142
is_linear=0
shrinkage=0.03


Tree=163
num_leaves=15
num_cat=0
split_feature=13 8 9 12 8 6 6 10 12 7 12 11 9 6
split_gain=29.8207 17.9395 28.4486 29.3063 21.7943 46.2645 60.8311 46.7837 26.068 25.6668 24.5262 23.299 34.0264 23.1883
threshold=-23.499999999999996 -0.084962152251087775 0.65752543424889898 -0.082729174489498833 -0.055891672861805151 0.23953741067391401 0.14600393154612648 2.4401847809785617 -0.084347142994651667 0.94940089868603272 -0.10064627964162946 1.0367080046044475 0.95262567910326135 0.47077119802011563
decision_type=2 2 2 2 2 8 10 2 2 8 2 2 2 8
left_child=-1 2 -2 -4 5 6 8 10 -3 -8 -7 12 -10 -6
right_child=1 4 3 -5 13 7 9 -9 11 -11 -12 -13 -14 -15
leaf_value=0.0094847024901180844 -0.0066260580981478967 -0.0057233577875516603 -0.0036684128648129758 0.0067786665849712746 -0.00016668613210139526 0.00079614680798517331 0.0041217897471371306 0.0067370872722962239 -0.0033026600928106695 0.01661516443707084 -0.009154672729819905 0.0046831316996133647 0.0032221409824494955 0.0011073363084427583
leaf_weight=289 233 1041 303 1138 115693 265 513 232 2473 206 1374 669 1009 14460
leaf_count=289 233 1041 303 1138 115693 265 513 232 2473 206 1374 669 1009 14460
internal_value=-5.9732e-05 -7.98286e-05 0.00300247 0.00457686 -0.000117343 -0.00165901 -0.000355993 -0.00576367 -0.00149066 0.00779128 -0.00754826 -0.000423559 -0.00141002 -2.51051e-05
internal_weight=139898 139609 1674 1441 137935 7782 5911 1871 5192 719 1639 4151 3482 130153
internal_count=139898 139609 1674 1441 137935 7782 5911 1871 5192 719 1639 4151 3482 130153
is_linear=0
shrinkage=0.03


Tree=164
num_leaves=15
num_cat=0
split_feature=7 13 6 13 10 7 11 1 9 0 6 13 13 11
split_gain=17.0815 52.3761 42.0534 53.8278 62.7147 41.3741 41.2572 46.9877 44.6595 52.8617 37.8906 41.635 52.5056 84.211
threshold=1.1716868637551341 51.500000000000007 0.18452620898133512 12.500000000000002 2.11292799086289 1.6758654861298921 1.9551134283217586 1.4755826377749814 0.74247697329248485 0.50986011031772038 -0.055093915054729985 24.500000000000004 14.500000000000002 0.95670938597733324
decision_type=10 2 8 2 2 10 2 2 2 2 10 2 2 2
left_child=-1 2 10 6 5 -5 7 -4 -9 -10 11 12 -2 -14
right_child=1 -3 3 4 -6 -7 -8 8 9 -11 -12 -13 13 -15
leaf_value=-0.00023684469206877184 0.0008324984204030728 -0.01044413503491327 0.00020935978436579684 -0.00075533187997356888 0.018909955605327999 0.012816093549841924 -0.0071760788656334753 -0.0027255720781404888 0.0023372794489778296 0.014929714659518666 -0.0016638919433449068 -0.0052639234711905174 0.002003007558724625 0.017739966330642731
leaf_weight=115475 8553 373 3056 563 363 310 441 356 544 670 6952 829 948 448
leaf_count=115475 8553 373 3056 563 363 310 441 356 544 670 6952 829 948 448
internal_value=-8.44324e-05 0.000636595 0.000810708 0.0029144 0.00851483 0.00410939 0.00154123 0.00237911 0.00658844 0.00931971 6.22376e-05 0.00117588 0.00171485 0.00709855
internal_weight=139881 24406 24033 6303 1236 873 5067 4626 1570 1214 17730 10778 9949 1396
internal_count=139881 24406 24033 6303 1236 873 5067 4626 1570 1214 17730 10778 9949 1396
is_linear=0
shrinkage=0.03


Tree=165
num_leaves=15
num_cat=0
split_feature=10 10 2 12 5 6 8 3 3 1 12 6 5 1
split_gain=19.0732 41.5097 33.5169 33.7681 35.7741 32.9144 32.0533 37.4746 32.2509 37.9515 31.152 38.9825 38.0129 39.1649
threshold=1.4141576977425274 1.5248553607609643 0.064516129032278005 -0.24005862873383951 0.90155330763150654 -0.56865187875928758 -0.024503288629004184 0.81424542496790042 0.83333333333333159 0.78453611580493454 0.057574438633738907 -0.17616220764157106 1.8838737712312978 2.0713091726472075
decision_type=2 2 2 2 2 8 2 2 2 2 2 8 2 2
left_child=5 2 -2 -4 -5 -1 7 -7 9 -9 -6 -12 -13 -14
right_child=1 -3 3 4 10 6 -8 8 -10 -11 11 12 13 -15
leaf_value=0.0084582028470811289 0.012793773518919589 1.8036644358320225e-05 0.012947385463926752 -0.0044216091384082718 0.0010114052711693723 -0.0035585427183404254 -0.00010707631127110519 -0.0025518324929223934 -0.00085959564799486913 0.014199831602792014 -0.00082544509899731638 0.0015046404073855611 0.0077490128897663001 0.021671020670347853
leaf_weight=361 247 83513 231 848 7303 6074 33508 208 4860 284 731 612 824 233
leaf_count=361 247 83513 231 848 7303 6074 33508 208 4860 284 731 612 824 233
internal_value=4.01408e-06 0.000246525 0.00197587 0.00172224 0.00147046 -0.000502138 -0.000575058 -0.00194682 -0.000116058 0.0071634 0.00198741 0.00494905 0.00747312 0.0109055
internal_weight=139837 94542 11029 10782 10551 45295 44934 11426 5352 492 9703 2400 1669 1057
internal_count=139837 94542 11029 10782 10551 45295 44934 11426 5352 492 9703 2400 1669 1057
is_linear=0
shrinkage=0.03


Tree=166
num_leaves=15
num_cat=0
split_feature=10 7 3 13 13 9 14 6 7 10 6 13 11 7
split_gain=19.1503 35.6084 52.8828 51.7173 93.5271 85.7564 76.7028 102.854 59.3455 69.2251 53.939 51.6637 59.4062 43.5181
threshold=1.9264131528482487 0.74037296164750932 0.63512586660734427 14.500000000000002 24.500000000000004 1.1131250904674339 1.0000000180025095e-35 -0.035950856360629384 0.99859445401792624 2.1373309616406968 -0.25771549973287017 40.500000000000007 -1.1059128904826183 0.99859445401792624
decision_type=2 10 2 2 2 2 2 8 10 2 8 2 2 10
left_child=-1 2 -2 10 5 6 7 -5 -8 -10 -3 -6 -13 -14
right_child=1 3 -4 4 11 -7 8 -9 9 -11 -12 12 13 -15
leaf_value=-0.00024945149571396443 -0.0041357785118238096 0.0056285033034144212 0.00026286550629938673 -0.004186615158956665 -0.0037945998958938696 -0.0036119509157927139 0.007383008402172285 0.013882020396945246 0.0088345001644866399 0.030586024866154349 -0.00016432694168763045 -0.0063770236888306634 0.020295902969301644 0.0018784495014079374
leaf_weight=92531 2700 1658 27145 531 1377 455 366 599 210 374 11118 224 261 206
leaf_count=92531 2700 1658 27145 531 1377 455 366 599 210 374 11118 224 261 206
internal_value=1.4245e-06 0.000492967 -0.000135695 0.0015723 0.00429697 0.00815348 0.0107297 0.00541032 0.0169954 0.0229058 0.000589343 -0.000438694 0.00622805 0.0122777
internal_weight=139755 47224 29845 17379 4603 2535 2080 1130 950 584 12776 2068 691 467
internal_count=139755 47224 29845 17379 4603 2535 2080 1130 950 584 12776 2068 691 467
is_linear=0
shrinkage=0.03


Tree=167
num_leaves=15
num_cat=0
split_feature=0 5 12 2 6 12 9 6 0 6 5 9 0 8
split_gain=19.3085 44.578 39.0304 42.2097 41.951 43.2951 49.4253 38.1136 32.4162 55.7958 40.7013 40.2884 39.6618 58.9338
threshold=0.5608990264353283 1.0768743712931519 0.00071824286445543184 0.91304347826086951 0.25076850928524125 0.019603941843579501 0.84454386061842823 0.59070442501772047 0.60719107915218851 -0.013312006248942019 2.0795817625618263 0.82911008838665146 0.61868055903817942 0.018794521174892876
decision_type=2 2 2 2 10 2 2 10 2 8 2 2 2 2
left_child=-1 -2 -3 4 8 -6 7 -7 -4 11 -11 12 -10 -14
right_child=1 2 3 -5 5 6 -8 -9 9 10 -12 -13 13 -15
leaf_value=-0.00013431971017123978 -0.0025440756102058297 -5.3649889631153759e-05 0.0016165018243996887 0.0086905414539728762 0.0089309327762531129 0.0057057660816342759 -0.0095193533421905393 -0.0083187546308797142 0.016741987727431632 0.0032238592535101303 0.015794707766029894 -0.0027623940347849658 -0.0077909415927198203 0.011962467161734609
leaf_weight=109544 3338 12961 8615 851 256 525 792 255 242 377 610 802 265 269
leaf_count=109544 3338 12961 8615 851 256 525 792 255 242 377 610 802 265 269
internal_value=5.07416e-05 0.000722857 0.00112986 0.0022363 0.00181087 -0.00239758 -0.0042649 0.00109704 0.00249975 0.00545737 0.0110335 0.00194579 0.00679825 0.00217841
internal_weight=139702 30158 26820 13859 13008 1828 1572 780 11180 2565 987 1578 776 534
internal_count=139702 30158 26820 13859 13008 1828 1572 780 11180 2565 987 1578 776 534
is_linear=0
shrinkage=0.03


Tree=168
num_leaves=15
num_cat=0
split_feature=10 4 11 7 8 11 5 9 3 1 8 4 1 7
split_gain=22.0864 30.1139 49.2936 41.4138 40.4775 35.9571 34.4638 50.1977 115.308 52.5958 47.9207 47.5342 42.747 62.5751
threshold=1.8436717852830804 0.12010753212578057 -1.4373322302968015 0.59885113339509566 -0.0081674346704666539 1.9551134283217586 2.0388300918938906 0.93550741913693314 0.97093023255814193 1.235343021156512 -0.07119373725091184 1.1028824728059303 4.9831522483306037 1.3024030289332835
decision_type=2 2 2 10 2 2 2 2 2 2 2 2 2 10
left_child=-1 2 -2 5 -5 -4 11 10 -9 -10 -8 -3 -12 -14
right_child=1 6 3 4 -6 -7 7 8 9 -11 12 -13 13 -15
leaf_value=-0.00021737235104595971 -0.0026445771802531422 0.001893577305324025 0.001163995548458143 0.0011044129045286644 0.0058152730974849291 -0.0082059381191791902 0.0078526317218575361 0.00011367311197486033 0.0054850586963331571 0.020571034037128441 -0.0023563152555453092 -0.006261006168660088 0.016240369485471057 -0.004601321310287545
leaf_weight=86060 1984 11682 4987 2690 4218 393 452 12252 547 336 13158 676 270 242
leaf_count=86060 1984 11682 4987 2690 4218 393 452 12252 547 336 13158 676 270 242
internal_value=8.08498e-05 0.0005571 0.00173839 0.00244684 0.00398297 0.000472554 0.000131356 -0.000464463 0.000870302 0.0113091 -0.00170581 0.00144516 -0.00202461 0.00644018
internal_weight=139947 53887 14272 12288 6908 5380 39615 27257 13135 883 14122 12358 13670 512
internal_count=139947 53887 14272 12288 6908 5380 39615 27257 13135 883 14122 12358 13670 512
is_linear=0
shrinkage=0.03


Tree=169
num_leaves=15
num_cat=0
split_feature=11 6 11 0 11 1 4 9 0 2 3 10 0 6
split_gain=22.7216 40.8689 40.3496 79.3247 53.7126 35.9414 34.5079 34.308 28.2805 24.2752 27.3225 33.0145 23.9014 24.9538
threshold=1.9551134283217586 -0.43316160390790315 1.6297946077808201 0.59887817236725083 1.710358752673353 3.1794619869495349 0.072818058699590113 0.70098617154419807 0.55003872872252335 0.17647058823530698 0.86363636363636209 1.9863054668153215 0.43818666121137489 -0.072463768115942004
decision_type=2 8 2 2 2 2 2 2 2 2 2 2 2 10
left_child=2 -2 12 4 6 7 -4 -6 -8 -9 -11 -12 13 -1
right_child=1 -3 3 -5 5 -7 8 9 -10 10 11 -13 -14 -15
leaf_value=-0.0054584238917239018 -0.012354509378087233 -0.0010735781065018531 0.016929554299351352 0.017488541278818791 -0.0090965973952386002 0.0099643911793828015 0.0018283724729769152 0.0089769903688491984 0.01185077136811993 -0.0028358144040715985 0.010886595530819408 -0.0012330174771507819 0.00012042147833667941 2.8973366560848852e-05
leaf_weight=1424 296 7322 237 303 415 283 941 247 343 1807 337 493 123913 1560
leaf_count=1424 296 7322 237 303 415 283 941 247 343 1807 337 493 123913 1560
internal_value=7.29101e-05 -0.00151972 0.000164668 0.00270175 0.0018075 -0.000200153 0.00652075 -0.00108586 0.00454128 8.06088e-05 -0.000768101 0.00372356 5.64817e-05 -0.00259443
internal_weight=139921 7618 132303 5406 5103 3582 1521 3299 1284 2884 2637 830 126897 2984
internal_count=139921 7618 132303 5406 5103 3582 1521 3299 1284 2884 2637 830 126897 2984
is_linear=0
shrinkage=0.03


Tree=170
num_leaves=15
num_cat=0
split_feature=0 11 11 6 9 1 4 6 12 12 1 4 11 1
split_gain=28.2017 28.6759 27.1178 54.0151 33.9024 30.2205 28.9907 25.2779 22.9008 25.1875 21.7951 21.3024 20.2511 37.9219
threshold=0.45079874401403502 -0.96625918976428882 0.50694430021430115 0.029876610858111555 0.71813099878448428 1.261042221745555 0.17996617388015765 0.27430866983586427 -0.0070506845083138639 0.041343569877617399 0.83304541413396183 0.40062982606860997 1.9551134283217586 0.78453611580493454
decision_type=2 2 2 10 2 2 2 8 2 2 2 2 2 2
left_child=1 -1 4 11 10 7 -5 8 -6 -10 -3 -4 -2 -14
right_child=12 2 3 6 5 -7 -8 -9 9 -11 -12 -13 13 -15
leaf_value=-0.0078616535844158956 0.00015877197617459365 0.00097192347811704332 -0.009661196361743684 0.0081336077078012752 -0.0013227476175395145 -0.0087901499486379032 -0.0035237607674422551 -0.0091727763724823788 0.011498621649701486 -0.00053678991572631821 0.011567396737508855 -0.00016476263418746092 0.002641655754366555 -0.0026095738577843696
leaf_weight=680 127224 347 1012 385 881 388 374 211 347 281 349 269 1577 5690
leaf_count=680 127224 347 1012 385 881 388 374 211 347 281 349 269 1577 5690
internal_value=-1.55554e-05 -0.0021154 -0.00130147 -0.0039286 0.000613444 -0.00128434 0.00240393 0.000429402 0.00179791 0.00615165 0.00632949 -0.00767541 7.07677e-05 -0.00146898
internal_weight=140015 5524 4844 2040 2804 2108 759 1720 1509 628 696 1281 134491 7267
internal_count=140015 5524 4844 2040 2804 2108 759 1720 1509 628 696 1281 134491 7267
is_linear=0
shrinkage=0.03


Tree=171
num_leaves=15
num_cat=0
split_feature=13 7 13 6 5 13 3 0 9 6 3 5 8 5
split_gain=27.315 21.2706 52.2431 67.5194 37.6961 33.3148 27.7937 44.6661 60.1877 46.5447 40.4983 39.4318 36.7809 34.5322
threshold=-23.499999999999996 1.7795870138768348 -1.0000000180025095e-35 1.0590562868065985 3.2008175821830904 -9.4999999999999982 0.64999999999999203 0.50813485612100895 1.1338480947847605 -0.47664151103190683 0.71739130434782095 3.3071653366190294 -0.077222621850918396 1.7692281729550627
decision_type=2 10 2 8 2 2 2 2 2 8 2 2 2 2
left_child=-1 6 4 -4 5 -3 7 9 11 -2 12 -9 -8 -11
right_child=1 2 3 -5 -6 -7 10 8 -10 13 -12 -13 -14 -15
leaf_value=0.0092218722109151125 0.0099701104466696725 0.0056456787266901563 0.0020515333902936688 0.016784329835592478 0.0068613777176522815 -0.0063440011694321568 0.014275613938162965 0.0012671079173878694 -0.0040629159660127596 -0.00057631556244837074 -0.00010595620793182486 -0.0031294458848907035 0.0014672721880055388 -0.0042157405214413267
leaf_weight=284 257 240 6373 288 300 1432 200 13622 2845 3768 88520 2117 13194 6222
leaf_count=284 257 240 6373 288 300 1432 200 13622 2845 3768 88520 2117 13194 6222
internal_value=8.40316e-06 -1.07006e-05 0.00143113 0.00270064 -0.00285302 -0.00461129 -0.000105954 -0.000928243 -5.12731e-05 -0.00251792 0.000126701 0.000674936 0.00166378 -0.00284401
internal_weight=139662 139378 8633 6661 1972 1672 130745 28831 18584 10247 101914 15739 13394 9990
internal_count=139662 139378 8633 6661 1972 1672 130745 28831 18584 10247 101914 15739 13394 9990
is_linear=0
shrinkage=0.03


Tree=172
num_leaves=15
num_cat=0
split_feature=13 1 13 13 9 13 1 6 6 10 3 6 3 4
split_gain=32.3811 25.7521 47.6234 187.223 45.8979 93.1174 35.2533 50.2336 38.1539 51.8654 33.4722 31.2396 25.0373 24.4453
threshold=-23.499999999999996 3.9493521036352717 24.500000000000004 19.500000000000004 0.94418077117589128 56.500000000000007 5.4483116787089321 -0.018235765367852538 0.37304143040420662 1.7427338910714085 0.79090909090909067 -0.018235765367852538 0.7722772277227764 1.0698613046205476
decision_type=2 2 2 2 2 2 2 8 10 2 2 8 2 2
left_child=-1 -2 3 6 5 12 13 10 9 -9 -8 -6 -4 -3
right_child=1 2 4 -5 11 -7 7 8 -10 -11 -12 -13 -14 -15
leaf_value=0.010018729124373446 3.053544557667818e-05 -0.003326301455851772 -0.0017501712995454226 0.020388239330800449 -0.017847476424411909 0.016520503896583872 -0.0093459574732069773 0.019548435120648425 -0.0047650166299371497 0.002514144118483129 0.0044918015248158593 -0.0063056961000875099 -0.013559943333159399 -0.011780466762110944
leaf_weight=283 134176 1163 398 356 348 200 515 253 247 432 222 548 269 417
leaf_count=283 134176 1163 398 356 348 200 515 253 247 432 222 548 269 417
internal_value=-3.02775e-05 -5.10155e-05 -0.00208756 -0.000109471 -0.00612062 -0.00118583 -0.00238333 0.000657786 0.00527363 0.00890171 -0.00517555 -0.0108626 -0.00657849 -0.00558768
internal_weight=139827 139544 5368 3605 1763 867 3249 1669 932 685 737 896 667 1580
internal_count=139827 139544 5368 3605 1763 867 3249 1669 932 685 737 896 667 1580
is_linear=0
shrinkage=0.03


Tree=173
num_leaves=15
num_cat=0
split_feature=9 5 13 8 10 13 11 10 5 5 3 0 2 3
split_gain=17.6798 21.2085 32.6558 19.8193 19.1035 63.9943 74.5798 49.2641 48.9789 74.0072 52.5121 34.5035 31.5587 35.1923
threshold=1.4540120282616378 2.285544844994623 15.500000000000002 0.021773214804406971 2.7612196869537065 44.500000000000007 -1.6134627145652984 2.9065738943497261 0.74501021641924015 3.1852427399525065 0.83870967741934932 0.49851385618235816 0.20752749522890931 0.83673469387755872
decision_type=2 2 2 2 2 2 2 2 2 2 2 2 2 2
left_child=4 2 -2 -3 -1 7 -7 -6 -9 10 -10 -12 -11 -14
right_child=1 3 -4 -5 5 6 -8 8 9 12 11 -13 13 -15
leaf_value=-4.1853119670271523e-05 -0.0024974697224499618 0.0031061257901995802 -0.013720512480366152 -0.0039838656832693843 0.00418042822286543 -0.0011140806239655636 0.020757990819518454 0.012261436917519164 -0.0014552191412386499 0.012324878477003212 -0.00016926857174896613 -0.014215355647147184 -0.0022612186362325646 0.0054055412878023243
leaf_weight=129238 976 832 303 611 2441 249 315 231 1046 222 200 736 1441 854
leaf_count=129238 976 832 303 611 2441 249 315 231 1046 222 200 736 1441 854
internal_value=-2.77104e-06 -0.00239463 -0.00519933 0.000100667 4.4847e-05 0.00149254 0.0111768 0.00072362 -0.00106286 -0.00175984 -0.00608843 -0.0112309 0.001654 0.000597234
internal_weight=139695 2722 1279 1443 136973 7735 564 7171 4730 4499 1982 936 2517 2295
internal_count=139695 2722 1279 1443 136973 7735 564 7171 4730 4499 1982 936 2517 2295
is_linear=0
shrinkage=0.03


Tree=174
num_leaves=15
num_cat=0
split_feature=10 13 13 9 5 13 13 13 6 13 5 9 13 13
split_gain=25.3869 45.3825 63.051 70.4353 58.7597 50.9899 35.7958 45.142 190.346 56.1733 56.945 59.978 52.443 46.2592
threshold=1.9264131528482487 53.500000000000007 82.500000000000014 1.0567580348701688 2.1116524434316202 95.000000000000014 48.500000000000007 43.500000000000007 -0.10365602241873233 34.500000000000007 2.0388300918938906 1.0872109645421373 37.500000000000007 40.500000000000007
decision_type=2 2 2 2 2 2 2 2 10 2 2 2 2 2
left_child=-1 6 3 4 -3 -4 7 9 -9 -2 12 13 -11 -12
right_child=1 2 5 -5 -6 -7 -8 8 -10 10 11 -13 -14 -15
leaf_value=-0.00027011121527144462 0.00059831839077694219 0.021337786288162984 -0.012587653862546152 -0.003451648723472514 0.0056556902678178492 0.0067879241911946555 -0.0086894094036322634 -0.0055118167884725781 0.022673410641852066 -0.0073706164515117203 -0.014067297543202633 0.0069917470717505694 0.0079585699207187881 -0.00063237357023611385
leaf_weight=92786 42106 431 258 291 434 224 381 473 389 327 877 202 504 313
leaf_count=92786 42106 431 258 291 434 224 381 473 389 327 877 202 504 313
internal_value=1.80533e-05 0.000584377 0.00548285 0.00927169 0.0135473 -0.00360599 0.000407729 0.000485379 0.00726491 0.000352743 -0.00428963 -0.00798938 0.0019185 -0.010551
internal_weight=139996 47210 1638 1156 865 482 45572 45191 862 44329 2223 1392 831 1190
internal_count=139996 47210 1638 1156 865 482 45572 45191 862 44329 2223 1392 831 1190
is_linear=0
shrinkage=0.03


Tree=175
num_leaves=15
num_cat=0
split_feature=1 5 12 10 3 6 12 6 9 1 2 8 12 9
split_gain=21.4891 27.4631 27.0263 31.5335 49.5241 28.3908 25.5186 23.3051 22.5002 34.6813 24.8958 21.7779 26.3775 26.403
threshold=0.53039985929061861 1.2999676981154646 -0.030745239767383688 1.2501754859105485 0.7380952380952327 0.29363273394231931 0.020509474674194176 0.079873865879915421 1.4540120282616378 1.0406557609784601 0.41176470588234931 -0.0088985140435255631 -0.055561106825978639 1.1893467979647712
decision_type=2 2 2 2 2 8 2 10 2 2 2 2 2 2
left_child=1 2 5 4 -4 7 -5 -1 -2 10 -10 -3 -13 -14
right_child=8 11 3 6 -6 -7 -8 -9 9 -11 -12 12 13 -15
leaf_value=-6.0365244837626351e-05 0.00023847392190935756 -0.0017502598960553309 -0.0016289102605410984 -0.0072374725891993594 -0.01571784715476203 -0.0079299132375542179 0.00089336561364727419 0.010274672282905113 -0.0066821301390451414 -0.0059514583629401369 0.0044601446207861804 -0.0019657951079909679 0.0010826332805245885 0.0072928873498273317
leaf_weight=973 120996 5322 401 580 509 322 853 241 238 1302 698 2209 4400 712
leaf_count=973 120996 5322 401 580 509 322 853 241 238 1302 698 2209 4400 712
internal_value=4.70702e-05 -0.000968729 -0.00317515 -0.0051992 -0.00955225 -8.08238e-05 -0.00241128 0.00202505 0.000183292 -0.00279395 0.00160651 -0.000290789 0.000770643 0.00195388
internal_weight=139756 16522 3879 2343 910 1536 1433 1214 123234 2238 936 12643 7321 5112
internal_count=139756 16522 3879 2343 910 1536 1433 1214 123234 2238 936 12643 7321 5112
is_linear=0
shrinkage=0.03


Tree=176
num_leaves=15
num_cat=0
split_feature=11 6 9 9 13 0 13 13 6 12 9 1 4 4
split_gain=20.5039 35.0181 29.0549 73.7699 37.4972 29.6996 29.9907 48.0148 34.2929 32.3246 29.8573 26.6011 26.5908 58.6872
threshold=1.9551134283217586 -0.43316160390790315 0.83694955313690989 0.85019300835076539 -1.4999999999999998 0.4551652309972844 15.500000000000002 36.500000000000007 -0.055093915054729985 0.0029335642048838322 0.89073431823383886 1.7910044352017584 0.5070745687611431 0.79296401255160764
decision_type=2 8 2 2 2 2 2 2 10 2 2 2 2 2
left_child=-1 -2 -3 -4 -5 -6 9 8 -8 -7 -11 -10 -12 -14
right_child=1 2 3 4 5 6 7 -9 11 10 12 -13 13 -15
leaf_value=0.00012461698888549758 -0.011485490001374176 -0.0039770161231919158 0.017038753325194788 0.0090956380289437169 0.0096755703806356563 -0.00026476507320948684 0.01377826213801854 -0.0094853360871473957 -0.0052776357138011234 -0.016129986206553395 -0.0070104059918370942 0.0090842859031863114 0.012875222746386297 -0.0094007121010550431
leaf_weight=132262 297 2163 218 330 207 1734 316 220 261 226 1058 201 211 205
leaf_count=132262 297 2163 218 330 207 1734 316 220 261 226 1058 201 211 205
internal_value=3.72682e-05 -0.0014726 -0.00106047 0.000158401 -0.000598557 -0.00129721 -0.00182003 0.00274789 0.00624564 -0.00314964 -0.00608281 0.0010011 -0.00449301 0.00191662
internal_weight=139909 7647 7350 5187 4969 4639 4432 998 778 3434 1700 462 1474 416
internal_count=139909 7647 7350 5187 4969 4639 4432 998 778 3434 1700 462 1474 416
is_linear=0
shrinkage=0.03


Tree=177
num_leaves=15
num_cat=0
split_feature=8 9 9 13 8 14 1 13 10 13 13 13 13 5
split_gain=18.689 39.5566 35.0237 66.9639 49.5451 36.4592 51.796 33.3904 29.9704 25.749 54.9965 29.3736 46.6591 65.0602
threshold=-0.012860485638590904 0.54380998388489254 0.56329432177592176 1.0000000180025095e-35 0.052323891973159245 1.0000000180025095e-35 1.4755826377749814 75.500000000000014 1.3689008112602494 82.500000000000014 75.500000000000014 64.500000000000014 57.500000000000007 2.1454347172594637
decision_type=2 2 2 2 2 2 2 2 2 2 2 2 2 2
left_child=1 -1 3 -2 5 6 -5 -3 -7 10 11 12 -4 -14
right_child=2 7 9 4 -6 8 -8 -9 -10 -11 -12 -13 13 -15
leaf_value=-0.0071413269703276445 0.016663813903403935 -0.00048076427415668022 8.9578210333116784e-05 -0.0060414257535635323 -0.01145439804930772 0.0017719371810418928 0.0116631590331473 0.008965660313688284 0.013324916025793009 -0.0048878113455851999 0.012268704550141202 -0.0069130735660555432 0.017121705216499528 -0.0020443774403329702
leaf_weight=795 315 51338 82506 537 219 377 200 334 435 916 331 528 338 296
leaf_count=795 315 51338 82506 537 219 377 200 334 435 916 331 528 338 296
internal_value=-7.42102e-05 -0.000521375 0.000195482 0.00403399 0.00174312 0.00363986 -0.00119071 -0.000418842 0.0080047 0.000101089 0.000155781 0.00010713 0.000152127 0.00822752
internal_weight=139465 52467 86998 2083 1768 1549 737 51672 812 84915 83999 83668 83140 634
internal_count=139465 52467 86998 2083 1768 1549 737 51672 812 84915 83999 83668 83140 634
is_linear=0
shrinkage=0.03


Tree=178
num_leaves=15
num_cat=0
split_feature=9 12 5 11 2 10 2 12 12 8 2 5 13 13
split_gain=19.803 53.5384 56.1719 38.5744 52.4474 36.0358 37.6516 33.0328 65.7105 60.6167 49.2006 55.5136 51.1591 105.304
threshold=0.94201319189821497 -0.020132975948810135 3.7300261360290476 2.2912129397993497 0.37777777777777705 2.2424089184528389 0.45476788705432231 0.062574199553407275 0.10206281585538525 0.061762148517013164 0.86879432624113428 2.6299799482459316 37.500000000000007 32.500000000000007
decision_type=2 2 2 2 2 2 2 2 2 2 2 2 2 2
left_child=3 -2 -3 7 -5 -4 -7 10 9 -9 12 -12 13 -1
right_child=1 2 5 4 -6 6 -8 8 -10 -11 11 -13 -14 -15
leaf_value=-0.00034608988327180541 0.0014907802231189395 -0.0007919190972633278 0.0002042188955696068 0.0032505932044079328 -0.0075681617977167836 -0.00099837781838801225 0.012882517951012851 0.0022085364195412725 -0.00065908510309507079 0.012611844946812438 -0.0055258714340083049 0.0009000899164261771 0.0027510223980308562 -0.0072190428908658327
leaf_weight=55927 21762 27776 783 559 1421 242 632 7280 11099 537 3555 1831 4428 2076
leaf_count=55927 21762 27776 783 559 1421 242 632 7280 11099 537 3555 1831 4428 2076
internal_value=-0.000107117 0.000362695 -0.000471493 -0.000378245 -0.00451328 0.00488597 0.00905525 -0.000283593 0.000824815 0.00293081 -0.000592796 -0.00334252 -0.000355325 -0.000592683
internal_weight=139908 51195 29433 88713 1980 1657 874 86733 18916 7817 67817 5386 62431 58003
internal_count=139908 51195 29433 88713 1980 1657 874 86733 18916 7817 67817 5386 62431 58003
is_linear=0
shrinkage=0.03


Tree=179
num_leaves=15
num_cat=0
split_feature=3 9 13 7 9 10 7 8 10 10 3 6 9 0
split_gain=20.5705 28.2214 52.6335 41.9622 41.0367 37.354 33.7626 32.276 31.3727 27.9204 27.2803 62.5409 32.3274 30.8071
threshold=0.99275886658696921 0.91445006889697289 7.5000000000000009 0.3381099445605889 0.86380630859879137 2.1915582349209157 0.34426930342844025 -0.024972824208444971 1.7004949185265923 1.7553267867668862 0.94117647058823406 0.75841703207495414 0.80410239819018925 0.58723465612601677
decision_type=2 2 2 8 2 2 10 2 2 2 2 8 2 2
left_child=10 4 8 -4 5 6 7 -2 -3 -9 -1 13 -13 -12
right_child=1 2 3 -5 -6 -7 -8 9 -10 -11 11 12 -14 -15
leaf_value=-2.4101500098724932e-05 0.01278920614376876 -0.0073237784592242068 0.0062742764677677764 0.021724657036775338 -0.0081786464435967387 -0.0076709434558379364 -0.0022899948019059822 9.3905546215196326e-05 0.00487700712900582 0.012447534706355271 -0.0013757556742869854 -0.0015343098776546989 -0.012624388266268164 0.002947614409941542
leaf_weight=120118 417 343 635 209 448 327 678 750 412 206 12351 376 640 1681
leaf_count=120118 417 343 635 209 448 327 678 750 412 206 12351 376 640 1681
internal_value=-0.000109053 0.00190255 0.00508083 0.0102057 9.842e-05 0.00167165 0.00317622 0.005874 -0.000677583 0.00280679 -0.000174975 -0.00137889 -0.0085478 -0.000856961
internal_weight=139591 4425 1599 844 2826 2378 2051 1373 755 956 135166 15048 1016 14032
internal_count=139591 4425 1599 844 2826 2378 2051 1373 755 956 135166 15048 1016 14032
is_linear=0
shrinkage=0.03


Tree=180
num_leaves=15
num_cat=0
split_feature=8 0 11 12 2 7 9 13 3 13 13 1 8 9
split_gain=21.4368 24.4166 23.7592 30.2742 24.8769 33.1848 31.606 45.1898 31.3974 29.6978 80.5093 25.8915 23.3137 22.8293
threshold=-0.039612250868978398 0.42884085740372674 -1.5013423192909487 0.19640531920730633 0.41176470588234931 1.1094181557620455 0.81180328418122738 15.500000000000002 0.76470588235293568 52.500000000000007 61.500000000000007 0.66619751262940519 0.01556121887585994 0.76839154452192027
decision_type=2 2 2 2 2 10 2 2 2 2 2 2 2 2
left_child=13 -2 3 4 11 6 7 8 -6 -8 -11 -3 -9 -1
right_child=1 2 -4 -5 5 -7 9 12 -10 10 -12 -13 -14 -15
leaf_value=-0.0024236163519550809 -0.003667392778377191 0.00094304057471838196 0.00024609503398843722 0.0090697968757615013 -0.0083441599205417456 0.010435120499921294 -0.00099887259239167178 -0.013226571717822896 0.0030088840108153754 0.020623712878142082 -0.0056341280485942679 -0.0099149392831377244 -0.0025653721542238331 -0.00027641577070373837
leaf_weight=6516 1530 286 110989 227 313 207 3138 584 701 205 207 629 273 14081
leaf_count=6516 1530 286 110989 227 313 207 3138 584 701 205 207 629 273 14081
internal_value=-6.25007e-05 9.18295e-05 0.000140825 -0.0015839 -0.00196016 -0.00121134 -0.00166526 -0.00481492 -0.000519304 -8.19128e-07 0.00752169 -0.0065344 -0.00986499 -0.000956121
internal_weight=139886 119289 117759 6770 6543 5628 5421 1871 1014 3550 412 915 857 20597
internal_count=139886 119289 117759 6770 6543 5628 5421 1871 1014 3550 412 915 857 20597
is_linear=0
shrinkage=0.03


Tree=181
num_leaves=15
num_cat=0
split_feature=10 5 9 12 12 5 1 9 9 13 1 8 9 11
split_gain=16.7425 37.5751 33.0007 37.0546 45.0177 31.0613 28.6343 28.1813 35.2901 30.1789 26.5311 25.2098 48.0244 37.2036
threshold=1.0507347011363823 1.0269753732347466 0.93130454823164655 -0.024952558413009748 -0.078200801039626497 2.7990447586080447 0.69410824551925443 0.64506280678259775 0.81744524767612892 6.5000000000000009 1.0726310508761869 -0.019385426879079969 0.58986913189487311 0.31720843783903757
decision_type=2 2 2 2 2 2 2 2 2 2 2 2 2 2
left_child=1 6 11 4 -4 -5 -1 -8 -9 -10 -7 -3 13 -13
right_child=-2 2 3 5 -6 10 7 8 9 -11 -12 12 -14 -15
leaf_value=-0.0093350759269919432 9.9456877839145197e-05 -0.0037035974358398793 0.00019799064835751779 0.0018266336782117743 0.011396595473908996 -0.00066448005124275544 -0.011481161613330662 0.006920289070054284 0.0027038704861294138 -0.012996195503949049 -0.014082163578783303 0.001944574765697813 -0.001134096934007674 0.017238754220630811
leaf_weight=778 125457 2788 611 1536 681 304 209 414 215 218 231 383 5749 225
leaf_count=778 125457 2788 611 1536 681 304 209 414 215 218 231 383 5749 225
internal_value=-1.15601e-05 -0.00098238 -0.000393525 0.00214553 0.00612184 -0.000343869 -0.00498642 -0.00175369 0.000699884 -0.00525868 -0.00653466 -0.00132791 -0.000283902 0.00769887
internal_weight=139799 14342 12508 3363 1292 2071 1834 1056 847 433 535 9145 6357 608
internal_count=139799 14342 12508 3363 1292 2071 1834 1056 847 433 535 9145 6357 608
is_linear=0
shrinkage=0.03


Tree=182
num_leaves=15
num_cat=0
split_feature=13 0 8 9 13 2 11 9 13 9 4 13 8 11
split_gain=26.1677 23.376 24.237 60.3781 41.527 28.4912 35.9879 32.1504 50.1439 28.3298 28.1868 39.8371 48.75 48.4931
threshold=-23.499999999999996 0.45079874401403502 0.07376219665481451 1.0755039736610492 35.500000000000007 0.75510204081633014 0.10705495212589877 0.86191737003226943 10.500000000000002 0.90215933193795106 1.1028824728059303 49.500000000000007 0.039484931312448665 0.69668034233643006
decision_type=2 2 2 2 2 2 2 2 2 2 2 2 2 2
left_child=-1 -2 10 4 5 6 9 8 -8 -4 -3 12 13 -12
right_child=1 2 3 -5 -6 -7 7 -9 -10 -11 11 -13 -14 -15
leaf_value=0.0088750836169537231 -0.002003130381624087 2.6270729503610149e-05 -0.0047596407126680564 -0.0068036787289385342 0.014325476653021143 -0.0037606180029670574 0.0038050309563343356 0.0017015217115614013 0.019660689910873771 0.0084845973106408585 -0.00454266491522517 0.004298640137060398 -0.011653678823685305 0.0018104345065932323
leaf_weight=289 5485 124823 489 513 327 452 364 483 355 201 2758 755 528 1773
leaf_count=289 5485 124823 489 513 327 452 364 483 355 201 2758 755 528 1773
internal_value=-6.56411e-05 -8.45072e-05 -5.79551e-06 0.00257823 0.00438949 0.00297582 0.00459083 0.0077152 0.0117153 -0.000868252 -6.88718e-05 -0.00210979 -0.00306948 -0.00205741
internal_weight=139595 139306 133821 3184 2671 2344 1892 1202 719 690 130637 5814 5059 4531
internal_count=139595 139306 133821 3184 2671 2344 1892 1202 719 690 130637 5814 5059 4531
is_linear=0
shrinkage=0.03


Tree=183
num_leaves=15
num_cat=0
split_feature=3 2 6 5 5 11 3 13 1 2 13 13 13 13
split_gain=18.0094 59.717 40.5551 63.8592 49.1382 50.9213 40.2022 46.4929 103.785 46.6375 41.7886 44.4313 39.7205 57.7138
threshold=0.64679875073199489 0.50666370633511293 -0.391418128940483 1.8838737712312978 1.2474354884817889 -0.1333689882218371 0.75851393188853888 56.500000000000007 2.4019123155063107 0.75000000000000033 46.500000000000007 43.500000000000007 47.500000000000007 39.500000000000007
decision_type=2 2 10 2 2 2 2 2 2 2 2 2 2 2
left_child=1 2 3 4 -1 -6 7 9 -9 10 11 -2 13 -4
right_child=6 -3 12 -5 5 -7 -8 8 -10 -11 -12 -13 -14 -15
leaf_value=0.0019446276769246138 0.0010267121613782269 -0.0030575229737671399 -0.00019873120806479692 -0.0005928586633225162 0.026279299371096552 0.0068088523955213221 -8.6988182389276643e-05 -0.0013146882108887848 0.026338577715424 0.015316887941319966 -0.0081495757114234679 0.014695302070015006 -0.0077548959800629947 0.014493406441660575
leaf_weight=360 23954 6838 24683 1074 240 248 80476 289 206 201 438 211 613 238
leaf_count=360 23954 6838 24683 1074 240 248 80476 289 206 201 438 211 613 238
internal_value=4.72597e-05 -0.000550114 7.48064e-05 0.00427149 0.0103996 0.0165539 0.000240955 0.00128395 0.0103418 0.00110114 0.000981913 0.00114908 -0.000241862 -5.55395e-05
internal_weight=140069 34294 27456 1922 848 488 105775 25299 495 24804 24603 24165 25534 24921
internal_count=140069 34294 27456 1922 848 488 105775 25299 495 24804 24603 24165 25534 24921
is_linear=0
shrinkage=0.03


Tree=184
num_leaves=15
num_cat=0
split_feature=1 11 13 9 7 11 9 13 13 13 6 1 0 8
split_gain=19.5734 22.1344 57.0421 35.5199 35.0805 29.2663 26.2675 44.5045 80.3477 41.8119 26.9762 26.6416 39.8164 37.3349
threshold=0.52480424855531338 2.2912129397993497 8.5000000000000018 0.83694955313690989 1.052072886586588 2.7610735258551524 1.1971146537045942 46.500000000000007 38.500000000000007 55.500000000000007 -0.23175735478428314 1.0086168278092082 0.48530378491866816 0.046388713910998365
decision_type=2 2 2 2 10 2 2 2 2 2 10 2 2 2
left_child=-1 6 3 4 -3 -5 -2 8 10 -9 -8 13 -13 -12
right_child=1 2 -4 5 -6 -7 7 9 -10 -11 11 12 -14 -15
leaf_value=-0.000932937033932739 0.00038359209406404403 0.0025978479169957015 -0.0066759186027581718 0.00063564853796190619 -0.012218385508449951 0.0097601189152307938 0.0027753491681141084 -0.017682572990495096 0.017848904737612095 -0.0017473327992054131 0.0013197581792856303 -0.012444819650528105 -0.0024611645755021195 -0.0090479097578009329
leaf_weight=15964 110219 271 1461 966 298 466 1338 273 200 320 2921 391 3966 345
leaf_count=15964 110219 271 1461 966 298 466 1338 273 200 320 2921 391 3966 345
internal_value=5.53875e-05 0.000183241 -0.00217993 0.0011112 -0.00520064 0.00362855 0.000251522 -0.00124028 -0.000722264 -0.00916996 -0.00114648 -0.00183621 -0.00337034 0.000212426
internal_weight=139399 123435 3462 2001 569 1432 119973 9754 9161 593 8961 7623 4357 3266
internal_count=139399 123435 3462 2001 569 1432 119973 9754 9161 593 8961 7623 4357 3266
is_linear=0
shrinkage=0.03


Tree=185
num_leaves=15
num_cat=0
split_feature=5 6 3 1 5 9 4 0 9 1 6 14 3 8
split_gain=19.0605 93.932 46.001 50.5868 57.9012 45.8126 63.0949 41.0035 38.0823 34.058 30.8006 91.0658 60.658 44.4322
threshold=2.6755471132156958 -0.34523505985770137 0.97647058823529387 1.0026007107747221 2.8879152876522367 0.90431339160087065 0.36235612257681432 0.63639412781907156 1.3312480570631371 1.8091849636511677 -0.391418128940483 1.0000000180025095e-35 0.53359329343247952 0.011018747596181717
decision_type=2 8 2 2 2 2 2 2 2 2 8 2 2 2
left_child=7 -2 -3 -4 -5 -6 -7 8 10 -9 11 12 -1 -12
right_child=1 2 3 4 5 6 -8 9 -10 -11 13 -13 -14 -15
leaf_value=0.018496615506303958 -0.0043732260469783527 0.00070522752855713296 0.00066469288632221108 -0.0044491631783840409 0.0062738945763487729 0.031787681065499777 0.0092280477418532382 -0.0031773779185603835 -0.0032633192279747317 -0.015838302841926985 -0.00062381729789537268 -0.0023712641049446082 0.0044015958003647479 0.00080540289890259037
leaf_weight=308 3205 40018 1231 222 524 200 258 1242 3284 222 54105 2026 2310 30670
leaf_count=308 3205 40018 1231 222 524 200 258 1242 3284 222 54105 2026 2310 30670
internal_value=7.21215e-05 0.000575109 0.000949156 0.00494834 0.00930718 0.0124239 0.0193163 -0.000171776 -9.29691e-05 -0.00514465 2.36411e-05 0.00240118 0.00609193 -0.000106735
internal_weight=139825 45658 42453 2435 1204 982 458 94167 92703 1464 89419 4644 2618 84775
internal_count=139825 45658 42453 2435 1204 982 458 94167 92703 1464 89419 4644 2618 84775
is_linear=0
shrinkage=0.03


Tree=186
num_leaves=15
num_cat=0
split_feature=1 5 5 6 0 12 13 11 6 3 1 0 9 6
split_gain=20.7587 38.5165 34.0922 31.5087 32.0589 29.024 18.1962 17.3136 33.1094 26.1954 28.9864 24.4558 23.4278 22.4974
threshold=0.378702208145758 1.8122887351611194 1.9452564348151344 -0.22291501153153612 0.52940334037989223 1.0000000180025095e-35 -23.499999999999996 1.9551134283217586 -0.31713264711408945 0.97647058823529387 0.86398270528211929 0.50558911598942768 0.88262312856318026 -0.25423497394218214
decision_type=2 2 2 8 2 2 2 2 8 2 2 2 2 8
left_child=1 -1 -3 -4 -5 -6 -2 -8 -9 10 11 12 -10 -12
right_child=6 2 3 4 5 -7 7 8 9 -11 13 -13 -14 -15
leaf_value=-0.0050975328629169992 0.0075452805570129199 0.011322863064393276 0.0072909583739699827 -0.005760973914536339 0.0062838998626610007 -0.0051258059271860031 0.00019319161845580916 -0.0076297188991372132 1.1294907781966897e-05 0.008388358778320254 0.0049094185765408641 -0.00050612038089781555 0.01183171459973415 -0.0028033263961000322
leaf_weight=1957 292 233 373 1026 540 313 127517 671 253 271 364 991 369 4452
leaf_count=1957 292 233 373 1026 540 313 127517 671 253 271 364 991 369 4452
internal_value=6.14514e-05 -0.00195534 0.000524489 -0.000615358 -0.00220002 0.00209175 0.000127793 0.000111457 -0.00130172 -0.000662757 -0.00105051 0.00242514 0.00706216 -0.0022159
internal_weight=139622 4442 2485 2252 1879 853 135180 134888 7371 6700 6429 1613 622 4816
internal_count=139622 4442 2485 2252 1879 853 135180 134888 7371 6700 6429 1613 622 4816
is_linear=0
shrinkage=0.03


Tree=187
num_leaves=15
num_cat=0
split_feature=8 6 6 9 12 12 1 4 11 1 11 12 3 4
split_gain=25.1809 38.8001 57.9393 33.9038 53.5531 32.4374 28.7408 27.5893 28.6925 37.0858 48.7675 46.3436 65.3304 49.2633
threshold=-0.057012234560591436 0.23953741067391401 0.038381425830405498 0.8464097168146858 -0.069962165089558756 -0.014626111726402989 0.67545986036749794 0.22614178845375435 -1.4373322302968015 2.2515315047827773 1.2311858152322839 -0.0054862302262769771 0.4716981132075469 0.04317536708062146
decision_type=2 10 10 2 2 2 2 2 2 2 2 2 2 2
left_child=1 2 3 -1 -5 6 -6 8 -2 -10 11 -11 -13 -14
right_child=7 -3 -4 4 5 -7 -8 -9 9 10 -12 12 13 -15
leaf_value=-0.0048321510308926702 -0.0017904261840578487 -0.0055349120105501644 0.0034557185455489515 -0.0068201879101234073 -0.0019543647768521873 -0.00098369255492816092 0.010478735322108749 -0.00032253029116240464 0.00053971782136749463 0.0064825995242670277 0.010523778824172766 -0.013092186864963624 0.014688541567820007 -0.0011902925004105937
leaf_weight=2509 4357 1775 2206 709 227 920 617 71667 51720 1101 748 339 212 924
leaf_count=2509 4357 1775 2206 709 227 920 617 71667 51720 1101 748 339 212 924
internal_value=-3.15061e-05 -0.00156944 -0.000587043 -0.00237882 0.000114944 0.00291376 0.00714295 7.37204e-05 0.000551782 0.000737325 0.00380657 0.00183947 -0.00163654 0.00182439
internal_weight=140031 8963 7188 4982 2473 1764 844 131068 59401 55044 3324 2576 1475 1136
internal_count=140031 8963 7188 4982 2473 1764 844 131068 59401 55044 3324 2576 1475 1136
is_linear=0
shrinkage=0.03


Tree=188
num_leaves=15
num_cat=0
split_feature=10 5 9 5 9 13 11 5 12 8 6 11 13 11
split_gain=24.5903 38.1668 38.6291 38.9127 43.8106 45.4402 32.7968 28.3103 32.2997 27.3927 26.2615 26.122 42.8567 32.2882
threshold=1.0507347011363823 1.0269753732347466 0.93130454823164655 2.9256929938733358 1.1971146537045942 32.500000000000007 -0.53647757399814056 3.9043765916590534 -0.04366241670257353 0.015949153721303542 0.024184037442526955 -0.34851789840698194 20.500000000000004 -0.5975342272397246
decision_type=2 2 2 2 2 2 2 2 2 2 8 2 2 2
left_child=1 9 11 4 5 6 -4 -2 -9 -1 -10 12 -3 -14
right_child=7 2 3 -5 -6 -7 -8 8 10 -11 -12 -13 13 -15
leaf_value=-0.002747157805803709 9.5685727651229652e-05 -0.00096455756122701603 -0.0036750486597763492 -0.0039885114267358421 -0.005179755163475977 0.019007511396986847 0.006100593755761728 -0.0018614207605218537 0.009673645855829428 -0.01078864066722791 0.0012705370441995834 -0.0024978961039883829 0.0017104288666498857 0.016912568212802438
leaf_weight=1225 123513 1824 380 706 396 202 1581 647 816 552 568 6877 268 234
leaf_count=1225 123513 1824 380 706 396 202 1581 647 816 552 568 6877 268 234
internal_value=1.94837e-05 -0.00116152 -0.000574309 0.002227 0.00394623 0.00562509 0.00420175 0.000153528 0.0036623 -0.00526839 0.00624196 -0.00156881 0.00117755 0.00889359
internal_weight=139789 14245 12468 3265 2559 2163 1961 125544 2031 1777 1384 9203 2326 502
internal_count=139789 14245 12468 3265 2559 2163 1961 125544 2031 1777 1384 9203 2326 502
is_linear=0
shrinkage=0.03


Tree=189
num_leaves=15
num_cat=0
split_feature=11 13 0 5 11 10 7 13 13 11 14 8 3 3
split_gain=19.4444 25.3463 28.7784 25.0914 24.6507 29.5938 23.7023 38.959 67.0018 89.2133 88.6857 39.8812 39.0243 44.2227
threshold=2.2912129397993497 8.5000000000000018 0.53618473432148983 3.4687730492349957 2.7610735258551524 2.6633238414018909 1.1716868637551341 24.500000000000004 14.500000000000002 0.95670938597733324 1.0000000180025095e-35 0.041343026230134382 0.8482142857142827 0.67567567567567799
decision_type=2 2 2 2 2 2 10 2 2 2 2 2 2 2
left_child=6 -2 4 -4 5 -3 -1 8 -8 12 -11 -9 13 -10
right_child=1 2 3 -5 -6 -7 7 11 9 10 -12 -13 -14 -15
leaf_value=-5.0297658224936697e-05 -2.0091847745902365e-05 -0.0099258184565398921 -0.0074275299699916707 0.0048739399970447348 -0.016044528123586817 0.0033190666430602512 0.00071381267622388004 -0.0053640105537511411 0.0035582729428727733 0.0043879213842612586 0.024877668062055651 0.0052316870489123417 0.013148697355445826 -0.0072621638104809743
leaf_weight=113085 2241 417 242 372 264 234 18450 1495 1331 392 369 402 260 451
leaf_count=113085 2241 417 242 372 264 234 18450 1495 1331 392 369 402 260 451
internal_value=6.99081e-05 -0.00205395 -0.00502512 4.64536e-06 -0.00838197 -0.00517597 0.000128754 0.00100322 0.00137108 0.00568838 0.0144207 -0.00311079 0.0024068 0.00080711
internal_weight=140005 3770 1529 614 915 651 136235 23150 21253 2803 761 1897 2042 1782
internal_count=140005 3770 1529 614 915 651 136235 23150 21253 2803 761 1897 2042 1782
is_linear=0
shrinkage=0.03


Tree=190
num_leaves=15
num_cat=0
split_feature=0 0 10 6 1 10 10 9 1 3 9 1 10 7
split_gain=21.2894 40.4345 25.7666 27.099 25.0321 29.7492 46.1995 33.1674 30.2142 29.3558 37.1084 40.7941 29.3398 30.0479
threshold=0.4931051869362581 0.49251300422976746 0.80381161638431686 -0.1061540093853781 1.6994458266094334 2.3086481544605948 2.1547155287533557 0.6384856654553831 3.3815229164677763 0.77611940298507431 0.91653741388304322 2.4388138249869882 1.5686258829839799 1.1461881734221369
decision_type=2 2 2 10 2 2 2 2 2 2 2 2 2 8
left_child=1 2 3 -1 -4 6 7 -6 -7 12 11 -11 -9 -14
right_child=-2 -3 4 -5 5 8 -8 9 -10 10 -12 -13 13 -15
leaf_value=0.0013986732081578271 0.00021025899989150448 -0.0086652987933856368 -2.0168178570739925e-05 -0.011327683315319137 -0.01310079369855326 -0.00095319256895152343 -0.014754009000472608 -0.0091602136958500689 0.011265975782538162 0.0001174875178939871 -0.0049912410701451063 0.014565421138338896 -0.0075446927916295453 0.0049333150747989558
leaf_weight=241 111502 559 22799 392 249 773 318 671 233 438 450 289 298 402
leaf_count=241 111502 559 22799 392 249 773 318 671 233 438 450 289 298 402
internal_value=2.42413e-05 -0.000713476 -0.000550605 -0.00650943 -0.000409306 -0.00255954 -0.00400653 -0.00276046 0.00191861 -0.00172629 0.00174557 0.00592115 -0.00470239 -0.000394585
internal_weight=139614 28112 27553 633 26920 4121 3115 2797 1006 2548 1177 727 1371 700
internal_count=139614 28112 27553 633 26920 4121 3115 2797 1006 2548 1177 727 1371 700
is_linear=0
shrinkage=0.03


Tree=191
num_leaves=15
num_cat=0
split_feature=2 12 14 9 8 11 7 11 12 7 4 2 3 9
split_gain=18.2387 37.4189 36.9206 41.9269 41.6321 42.4963 40.7071 43.4276 48.1737 44.322 34.9122 39.1351 31.6406 31.4751
threshold=0.63667275724013284 0.16170018965303315 1.0000000180025095e-35 0.58986913189487311 0.051407061647920117 -1.0158128139633293 0.292781033135941 2.0359344114424345 0.029894841628722194 0.5316728840101469 0.27464628684674691 0.35294117647058659 0.74999999999999545 1.370902209274343
decision_type=2 2 2 2 2 2 10 2 2 10 2 2 2 2
left_child=1 2 13 10 -5 -6 -7 8 9 -8 11 -4 -13 -1
right_child=-2 -3 3 4 5 6 7 -9 -10 -11 -12 12 -14 -15
leaf_value=-0.00050471442120640381 0.00046339010649897662 -0.002993388807803071 0.0025451274243366981 8.7963153863775072e-05 -0.0092608006466442429 -0.004756407879638087 0.015480190199219954 -0.0058992502301579378 0.011582787348767548 0.00039119464561607187 -0.0005228318530734222 0.022052764555224699 0.0061367803012979203 -0.0048015249235453987
leaf_weight=39782 60974 4165 406 28546 208 362 207 249 1147 1011 500 264 202 1591
leaf_count=39782 60974 4165 406 28546 208 362 207 249 1147 1011 500 264 202 1591
internal_value=7.40039e-05 -0.000227919 -7.30704e-05 0.000673635 0.000451158 0.00370212 0.00462214 0.00592754 0.00718254 0.00300838 0.00579849 0.00940542 0.0152919 -0.000670509
internal_weight=139614 78640 74475 33102 31730 3184 2976 2614 2365 1218 1372 872 466 41373
internal_count=139614 78640 74475 33102 31730 3184 2976 2614 2365 1218 1372 872 466 41373
is_linear=0
shrinkage=0.03


Tree=192
num_leaves=15
num_cat=0
split_feature=10 10 11 12 10 3 9 5 3 0 5 12 3 5
split_gain=17.7635 38.3708 51.2463 42.4909 68.671 36.5094 31.2531 39.1014 36.0784 34.7324 32.8247 29.8427 29.3544 27.8
threshold=2.7612196869537065 2.9065738943497261 0.43575982254421591 0.095327575814795909 3.0726467613569866 0.93950397609946013 0.93329884361034721 0.95735752431209642 0.86021505376344309 0.56353128482179149 3.4025980586117597 -0.058880811717000874 0.66292134831460625 3.0841426914548973
decision_type=2 2 2 2 2 2 2 2 2 2 2 2 2 2
left_child=-1 2 5 6 -5 11 13 -8 9 -9 -10 -2 -13 -3
right_child=1 3 -4 4 -6 -7 7 8 10 -11 -12 12 -14 -15
leaf_value=-0.00013323638047844593 0.0036308740152405728 -0.0074395257381694663 0.00018764188342322127 -0.0054156805501718603 0.015941732382785623 -0.0010587022656975346 0.013403938940593175 0.00064591861362910488 -0.010070931187346577 0.012279159560806448 0.0015154308310681671 0.0049535835555030239 0.018442090950895121 -0.00034887480208406783
leaf_weight=132092 342 1005 1402 219 342 288 205 1536 495 267 391 211 496 982
leaf_count=132092 342 1005 1402 219 342 288 205 1536 495 267 391 211 496 982
internal_value=-4.92006e-05 0.00130691 0.00419941 -0.000151428 0.00763016 0.00838985 -0.0010527 0.000936448 -3.71429e-05 0.00239784 -0.00497795 0.0109766 0.0144796 -0.00394491
internal_weight=140273 8181 2739 5442 561 1337 4881 2894 2689 1803 886 1049 707 1987
internal_count=140273 8181 2739 5442 561 1337 4881 2894 2689 1803 886 1049 707 1987
is_linear=0
shrinkage=0.03


Tree=193
num_leaves=15
num_cat=0
split_feature=4 1 8 6 9 8 2 12 6 9 12 12 5 8
split_gain=15.5561 32.0934 34.3708 31.933 33.2228 43.3798 33.2648 30.8022 26.9512 26.339 23.3037 30.9425 22.6649 20.5813
threshold=0.024679280334702309 0.68459934596794103 -0.036104697822864053 1.0590562868065985 0.7725467353848291 0.056526079399070395 0.63207547169811351 0.087187804009603534 0.41110881293663576 0.73600905250825455 0.052955267098407428 0.024751874083696061 1.1652915217363107 0.0086836477588569591
decision_type=2 2 2 8 2 2 2 2 8 2 2 2 2 2
left_child=1 8 -3 4 6 7 9 10 12 13 11 -6 -1 -4
right_child=-2 2 3 -5 5 -7 -8 -9 -10 -11 -12 -13 -14 -15
leaf_value=-0.0093270123649712919 9.1636366999048964e-05 -0.0053091596828470401 0.01007241633449282 0.012337575132228634 0.0018048394174061423 -0.013508900583685724 -0.0030463039597212259 -0.0082615738791429385 -0.010633428373850435 0.017245479236910308 0.009909277169639805 -0.0080572234971546808 -0.0013836140302449778 -0.00028702370854823486
leaf_weight=374 131645 855 345 217 1754 228 349 349 429 202 244 337 2218 340
leaf_count=374 131645 855 345 217 1754 228 349 349 429 202 244 337 2218 340
internal_value=1.24633e-05 -0.00125157 0.000173242 0.00125196 0.000657868 -0.00109209 0.00476853 -1.41484e-05 -0.00370972 0.0078432 0.00123357 0.000199972 -0.00254552 0.00496568
internal_weight=139886 8241 5220 4365 4148 2912 1236 2684 3021 887 2335 2091 2592 685
internal_count=139886 8241 5220 4365 4148 2912 1236 2684 3021 887 2335 2091 2592 685
is_linear=0
shrinkage=0.03


Tree=194
num_leaves=15
num_cat=0
split_feature=5 10 2 0 12 6 1 0 1 9 3 5 9 12
split_gain=21.9053 46.8758 25.3249 22.821 22.2719 21.2658 30.8245 20.9348 40.0047 31.3607 28.406 24.2676 22.9429 47.8259
threshold=3.9043765916590534 1.2501754859105485 0.84972595765072478 0.48809264201181024 -0.041751482158849544 0.026886380391967672 1.2976251724234704 0.48530378491866816 1.6994458266094334 0.75790440449908758 0.88181818181818272 2.1773680841625169 1.0643647941879204 0.08345192615668641
decision_type=2 2 2 2 2 8 2 2 2 2 2 2 2 2
left_child=7 -2 3 -3 -5 6 -6 8 12 -10 -11 -12 -1 -14
right_child=1 2 -4 4 5 -7 -8 -9 9 10 11 -13 13 -15
leaf_value=-0.00088877413268047029 -0.0076877431001668925 0.011620476227472811 0.013659409309253096 -0.0034846644201623729 0.00050080147180936224 -0.00077922732239732364 0.015113900896771859 8.1916588637596423e-05 -0.0091286431138366628 -0.0042582424249402373 -0.0031682789395837221 0.0094679130602515101 0.0033530781883397533 -0.0084630625759035249
leaf_weight=15232 314 250 245 464 238 385 282 116653 824 1597 250 292 2648 344
leaf_count=15232 314 250 245 464 238 385 282 116653 824 1597 250 292 2648 344
internal_value=-2.84407e-05 0.00295321 0.0047615 0.00337709 0.00183492 0.00456647 0.00849407 -7.5659e-05 -0.000943065 -0.00417294 -0.00224704 0.00366373 -0.000416926 0.00198269
internal_weight=140018 2178 1864 1619 1369 905 520 137840 21187 2963 2139 542 18224 2992
internal_count=140018 2178 1864 1619 1369 905 520 137840 21187 2963 2139 542 18224 2992
is_linear=0
shrinkage=0.03


Tree=195
num_leaves=15
num_cat=0
split_feature=7 13 13 5 10 4 0 5 6 6 6 13 0 3
split_gain=30.1285 52.6475 64.9604 76.9435 64.3089 53.8795 41.8607 40.0764 34.3394 39.3264 33.7501 49.6712 32.0012 28.4833
threshold=1.1716868637551341 27.500000000000004 14.500000000000002 1.9870651313359484 2.025257168626323 0.18242219146117594 0.52692414740973081 2.9004815752253381 0.2180358242195454 -0.0081528255656344011 -0.17860159010886326 18.500000000000004 0.50772104897757842 0.64999999999999203
decision_type=10 2 2 2 2 2 2 2 10 8 10 2 2 2
left_child=13 2 12 10 8 -6 -7 -3 9 -5 11 -4 -2 -1
right_child=1 7 3 4 5 6 -8 -9 -10 -11 -12 -13 -14 -15
leaf_value=-0.001220753387458405 -0.00063549934337869135 -0.0021129021509538643 0.016861220888584574 0.0059713049928582672 0.0060638631067253769 0.013906194130896022 0.031828471757109879 -0.014704648433286078 0.014754204650413695 -0.0069488450627902456 -0.0036466431307161859 -0.0029093186605361199 0.0017927274521214167 2.2451658769375827e-05
leaf_weight=20066 9225 1172 209 628 367 308 201 278 218 314 921 243 10372 95530
leaf_count=20066 9225 1172 209 628 367 308 201 278 218 314 921 243 10372 95530
internal_value=9.00171e-06 0.00096552 0.00131528 0.00513427 0.00882822 0.0149433 0.0212243 -0.00456928 0.00416596 0.00165064 -0.000355589 0.00631683 0.000649805 -0.000193396
internal_weight=140052 24456 23006 3409 2036 876 509 1450 1160 942 1373 452 19597 115596
internal_count=140052 24456 23006 3409 2036 876 509 1450 1160 942 1373 452 19597 115596
is_linear=0
shrinkage=0.03


Tree=196
num_leaves=15
num_cat=0
split_feature=4 6 0 5 7 14 6 3 2 1 1 13 6 13
split_gain=16.4011 20.8652 16.6102 43.6294 37.7626 34.0014 54.7326 41.6093 40.3218 65.3016 53.9234 48.9379 55.4831 44.412
threshold=0.0017138814749516498 0.032817234275032588 0.54902863575780114 1.1791277476989139 -0.48959480585929926 1.0000000180025095e-35 -0.53635489384601454 0.7380952380952327 0.89491823671592219 1.8293134192377725 2.6843576742573698 26.500000000000004 -0.3222556487082936 56.500000000000007
decision_type=2 8 2 2 10 2 8 2 2 2 2 2 10 2
left_child=1 -1 -2 4 -4 8 -7 -8 10 -10 11 12 -5 -12
right_child=2 -3 3 5 -6 6 7 -9 9 -11 13 -13 -14 -15
leaf_value=0.0001661140979184005 -0.00014094899858780579 0.011666189188957215 -0.012941112545403567 0.00677138807432254 -0.0013206055682517253 -0.013210001864277248 0.004319344084464871 0.0011072953327409514 0.0012789313764860763 0.015426534393379177 -0.0072468995717827056 0.0040233926665054496 -0.0010498427324501791 0.0055383499797229483
leaf_weight=329 97304 245 259 871 5449 207 5328 11381 1263 378 1531 2557 11979 287
leaf_count=329 97304 245 259 871 5449 207 5328 11381 1263 378 1531 2557 11979 287
internal_value=9.43795e-05 0.00513304 7.33573e-05 0.000575913 -0.00185875 0.0009645 0.00194091 0.00213251 8.87267e-05 0.00457476 -0.000339854 0.00023737 -0.000517276 -0.00521889
internal_weight=139368 574 138794 41490 5708 35782 16916 16709 18866 1641 17225 15407 12850 1818
internal_count=139368 574 138794 41490 5708 35782 16916 16709 18866 1641 17225 15407 12850 1818
is_linear=0
shrinkage=0.03


Tree=197
num_leaves=15
num_cat=0
split_feature=11 13 6 13 13 5 9 7 7 10 13 6 13 12
split_gain=21.3535 72.5618 45.493 44.3946 55.9225 46.2527 43.8289 41.6808 41.3478 36.971 36.3681 138.44 56.8848 81.7507
threshold=-0.71412147384034153 95.000000000000014 -0.41032650207893301 64.500000000000014 59.500000000000007 2.861476455653047 0.89823162997610073 -0.0069047413486773212 0.49566131095395033 2.2655322869731624 48.500000000000007 -0.22598246367968924 39.500000000000007 0.19640531920730633
decision_type=2 2 10 2 2 2 2 10 10 2 2 10 2 2
left_child=1 2 7 4 10 8 -6 -1 -5 -9 12 -12 -2 -14
right_child=3 -3 -4 5 6 -7 -8 9 -10 -11 11 -13 13 -15
leaf_value=-0.0035184762336099317 0.00012612096281489337 0.015105818286321536 -0.0011704480087224877 -0.010944867735656585 0.021094074211469509 0.0040013276139421045 0.001391737764665427 0.0033089405690207257 0.0017549153543508851 0.014225224072616251 -0.014949645343050919 0.0019812231115289031 0.0052265456531590251 -0.013971658658078858
leaf_weight=551 101139 253 29221 900 200 401 203 1087 308 373 662 1245 3231 208
leaf_count=551 101139 253 29221 900 200 401 203 1087 308 373 662 1245 3231 208
internal_value=-5.13967e-05 -0.000739155 -0.000869907 0.00014821 0.000222769 -0.00479013 0.0113083 0.0034892 -0.00771296 0.00613686 0.000180286 -0.00391992 0.000255238 0.00404679
internal_weight=139982 31485 31232 108497 106888 1609 403 2011 1208 1460 106485 1907 104578 3439
internal_count=139982 31485 31232 108497 106888 1609 403 2011 1208 1460 106485 1907 104578 3439
is_linear=0
shrinkage=0.03


Tree=198
num_leaves=15
num_cat=0
split_feature=8 9 1 8 1 8 4 5 13 13 9 8 12 4
split_gain=18.4599 44.0578 40.2374 36.7261 49.8125 27.8531 26.1318 20.6234 26.8835 51.5566 48.9392 33.7102 32.2211 29.7121
threshold=-0.084962152251087775 0.64506280678259775 1.526222426077102 -0.10223413805284955 1.05914326652332 -0.057012234560591436 0.16365780471716537 3.5800382133183546 19.500000000000004 14.500000000000002 0.71813099878448428 -0.06371672531555396 -0.058880811717000874 0.201001492395289
decision_type=2 2 2 2 2 2 2 2 2 2 2 2 2 2
left_child=1 -1 3 -3 -5 6 -2 8 9 12 -10 -11 -8 -14
right_child=5 2 -4 4 -6 -7 7 -9 10 11 -12 -13 13 -15
leaf_value=-0.0095678805162973477 -0.0042479009910923564 -0.0060867031059825601 0.014041664284760476 0.010259644515239277 -0.0067158457316773036 8.6833029884428862e-05 -0.0055586445551236326 -0.007853851400339118 0.0068042112886905664 0.015328850576221773 -0.0085624430757580382 6.9607055523026158e-05 0.012288716401372636 0.00040228712912126677
leaf_weight=209 2572 330 336 580 208 130766 773 314 251 344 688 208 205 1921
leaf_count=209 2572 330 336 580 208 130766 773 314 251 344 688 208 205 1921
internal_value=2.419e-05 0.0031613 0.00501753 0.00225501 0.00576471 -1.37161e-05 -0.00181963 -0.000488823 4.63049e-05 0.00127182 -0.00444057 0.00963123 -0.000333743 0.00157458
internal_weight=139705 1663 1454 1118 788 138042 7276 4704 4390 3451 939 552 2899 2126
internal_count=139705 1663 1454 1118 788 138042 7276 4704 4390 3451 939 552 2899 2126
is_linear=0
shrinkage=0.03


Tree=199
num_leaves=15
num_cat=0
split_feature=12 12 13 6 9 14 12 8 9 12 6 13 9 6
split_gain=17.204 54.7779 58.0184 50.5848 52.0054 51.0476 82.1644 73.7488 69.1501 80.1053 49.6023 44.9288 44.9234 56.1328
threshold=0.10206281585538525 0.061346152663994187 95.000000000000014 inf 1.0222032682351896 1.0000000180025095e-35 0.17356390123795881 0.053267972288974154 0.85206774053284295 0.21776650024199082 -0.030833900632299679 31.500000000000004 0.86380630859879137 0.34543361823247692
decision_type=2 2 2 8 2 2 2 2 2 2 10 2 2 10
left_child=1 2 -1 4 5 6 11 -7 9 -8 -10 -2 13 -3
right_child=3 12 -4 -5 -6 7 8 -9 10 -11 -12 -13 -14 -15
leaf_value=-9.7552109148629375e-05 -0.0011658821877279166 0.0048668326867447329 0.011949058124418899 -0.0085606455280925423 -0.0037407548596024502 -0.001523937403429739 0.014845022519568464 0.0095907913508601079 0.030434653633274137 -0.0078428931534290317 0.0096943577999389213 0.0093557045902972185 0.00029256488424646727 -0.0038438100076592613
leaf_weight=109585 2146 5536 356 730 3502 8400 281 569 203 270 221 435 6706 753
leaf_count=109585 2146 5536 356 730 3502 8400 281 569 203 270 221 435 6706 753
internal_value=3.68239e-05 0.00015975 -5.80023e-05 -0.000864788 -0.000511695 0.000392285 0.00343131 -0.00081386 0.0108267 0.00375698 0.0198632 0.000622079 0.0020013 0.00382166
internal_weight=139693 122936 109941 16757 16027 12525 3556 8969 975 551 424 2581 12995 6289
internal_count=139693 122936 109941 16757 16027 12525 3556 8969 975 551 424 2581 12995 6289
is_linear=0
shrinkage=0.03


Tree=200
num_leaves=15
num_cat=0
split_feature=12 6 3 9 12 6 3 5 8 12 8 10 6 3
split_gain=16.9157 65.2764 70.9488 50.3973 38.9273 45.7646 73.0476 69.8769 61.195 55.3552 38.6685 42.7593 37.02 35.1732
threshold=0.10206281585538525 -0.42142425369539133 0.82300884955752163 1.0996238076776323 0.095327575814795909 -0.53635489384601454 0.96908153701968514 2.0288602564701557 0.0034992830179052963 -0.091120281105064913 0.046388713910998365 1.688718445408687 0.51404826898247968 0.70588235294117763
decision_type=2 10 2 2 2 10 2 2 2 2 2 2 10 2
left_child=4 -2 3 10 5 6 7 8 -1 -9 -3 -12 -5 -6
right_child=1 2 -4 12 13 -7 -8 9 -10 -11 11 -13 -14 -15
leaf_value=0.013876939385592115 -0.0062146139635117555 -0.0020256315695910028 0.0020476319369766775 -0.010139163562857266 -0.0014553377343052849 -0.0001727072058208748 -0.01243357956469059 0.0065826463385982286 0.0014191282556081811 -0.003761207813043847 0.010096105921652113 -0.0024620448430379234 0.0019979588218250193 0.0078665480110616734
leaf_weight=938 1925 6168 6349 1037 556 117892 245 793 571 1113 531 445 287 1044
leaf_count=938 1925 6168 6349 1037 556 117892 245 793 571 1113 531 445 287 1044
internal_value=-0.000130444 -0.00102501 -0.000348913 -0.0021459 -8.79527e-06 -7.00804e-05 0.00323135 0.00437172 0.0091832 0.000548363 -0.0011471 0.00438694 -0.00751061 0.00463275
internal_weight=139894 16742 14817 8468 123152 121552 3660 3415 1509 1906 7144 976 1324 1600
internal_count=139894 16742 14817 8468 123152 121552 3660 3415 1509 1906 7144 976 1324 1600
is_linear=0
shrinkage=0.03


Tree=201
num_leaves=15
num_cat=0
split_feature=4 11 13 10 13 8 13 6 6 6 1 4 12 1
split_gain=16.8814 37.8659 32.0044 43.8656 71.7982 84.4748 59.9771 53.2515 52.7938 49.5492 48.6627 53.678 54.7702 48.0626
threshold=0.21623134320538359 -1.5013423192909487 14.500000000000002 1.948127382879776 20.500000000000004 -0.054772279364490174 40.500000000000007 -0.098638088882254657 0.28053908081065421 0.069724307663969434 1.9091847976226732 0.75614603308551787 0.10669355854841762 0.94886494799353083
decision_type=2 2 2 2 2 2 2 10 8 8 2 2 2 2
left_child=1 -1 -2 9 5 -5 8 13 -6 10 11 -4 -13 -7
right_child=2 -3 3 4 6 7 -8 -9 -10 -11 -12 12 -14 -15
leaf_value=-0.00241821410252325 -0.00085113949813338599 0.00053903911427814831 0.00066237348175573747 0.022044430230023726 -0.0027762698630713996 -0.0014245505328692987 0.0042355797183204124 0.00083414202391563289 0.0053579220040425504 -0.0023259556801220977 -0.002170181310609733 0.0043108893777593794 0.020053110703426812 0.012777974892443226
leaf_weight=4178 44960 56974 8986 260 4328 284 2484 1643 856 7712 4078 1831 219 859
leaf_count=4178 44960 56974 8986 260 4328 284 2484 1643 856 7712 4078 1831 219 859
internal_value=-3.68779e-05 0.000336814 -0.000327989 0.000373311 0.00195642 0.00584887 0.000407396 0.00430066 -0.00142926 -0.00037003 0.00062843 0.00166308 0.00603732 0.00925825
internal_weight=139652 61152 78500 33540 10714 3046 7668 2786 5184 22826 15114 11036 2050 1143
internal_count=139652 61152 78500 33540 10714 3046 7668 2786 5184 22826 15114 11036 2050 1143
is_linear=0
shrinkage=0.03


Tree=202
num_leaves=15
num_cat=0
split_feature=13 4 13 7 6 5 1 13 9 5 9 9 4 2
split_gain=17.9026 46.2361 39.9116 68.9842 68.3538 62.5936 57.4395 108.474 132.824 55.6171 53.2756 65.0662 54.9349 50.7692
threshold=14.500000000000002 0.92359080337765398 24.500000000000004 1.1217550571428141 -0.24747263762632701 3.1132191691019488 2.5272578155857794 56.500000000000007 1.0718119608790244 0.97545735622740104 0.6830128939565111 0.80032800030337381 0.24197052721515447 0.75999999999999912
decision_type=2 2 2 10 10 2 2 2 2 2 2 2 2 2
left_child=1 -1 3 -2 -4 10 -6 9 13 -8 -5 -12 -13 -9
right_child=2 -3 4 5 6 -7 7 8 -10 -11 11 12 -14 -15
leaf_value=-0.00014619694190955187 0.00066735467416692692 -0.0033528388143377473 -0.0029971768195314204 -0.0059493188908331844 0.0012889027260980753 0.014223961268985844 0.0094356842882825295 0.023085831644989195 -0.010600146279016983 -0.0065605736548156957 0.014036426060943753 -0.0020998494991923962 0.0094588982129501075 0.0047982530129541236
leaf_weight=85503 20288 4243 6731 449 16015 587 206 310 263 2792 567 989 585 247
leaf_count=85503 20288 4243 6731 449 16015 587 206 310 263 2792 567 989 585 247
internal_value=-4.44893e-05 -0.000297978 0.000410224 0.00131166 -0.000386142 0.00541858 0.000500534 -0.00280372 0.0068368 -0.00544755 0.00339936 0.00536921 0.00221248 0.0150911
internal_weight=139775 89746 50029 23465 26564 3177 19833 3818 820 2998 2590 2141 1574 557
internal_count=139775 89746 50029 23465 26564 3177 19833 3818 820 2998 2590 2141 1574 557
is_linear=0
shrinkage=0.03


Tree=203
num_leaves=15
num_cat=0
split_feature=0 10 8 12 8 0 1 4 7 2 9 8 12 6
split_gain=19.4486 30.8697 27.2233 36.5744 25.8857 23.9885 27.4528 23.0395 25.5007 22.6653 21.4793 20.5389 27.6095 24.5719
threshold=0.4931051869362581 2.685244900099375 -0.08089964829588335 -0.046572391960122021 0.0038798632807384684 0.49251300422976746 0.966141803753371 0.10266226076403093 1.1716868637551341 0.4393939393939435 0.57109559883965699 -0.055891672861805151 0.15042498787703726 -0.53635489384601454
decision_type=2 2 2 2 2 2 2 2 8 2 2 2 2 10
left_child=1 2 3 -1 7 10 -7 8 -3 -6 -4 -12 13 -13
right_child=-2 4 5 -5 9 6 -8 -9 -10 -11 11 12 -14 -15
leaf_value=-0.0034606630331981258 0.00012085975264378393 0.01433889083627884 -0.0062191619662822807 0.0096059942999777714 0.0024100084321830293 1.0582325579244877e-05 -0.013932815691277226 -0.0015274240411123048 -0.00070122404419249143 0.015178720794887426 -0.0036968354548914074 0.0053602228872478008 -0.0050851222302689646 -0.00057495818928289934
leaf_weight=317 111660 200 704 479 256 232 276 1039 200 244 2177 643 1187 20145
leaf_count=317 111660 200 704 479 256 232 276 1039 200 244 2177 643 1187 20145
internal_value=-5.66782e-05 -0.000762076 -0.00103294 0.00441319 0.0028856 -0.0012047 -0.00762693 0.00083178 0.00690302 0.00872973 -0.00107193 -0.000920642 -0.000644834 -0.00039013
internal_weight=139759 28099 26160 796 1939 25364 508 1439 400 500 24856 24152 21975 20788
internal_count=139759 28099 26160 796 1939 25364 508 1439 400 500 24856 24152 21975 20788
is_linear=0
shrinkage=0.03


Tree=204
num_leaves=15
num_cat=0
split_feature=0 0 9 10 1 1 1 1 7 2 1 7 7 7
split_gain=20.6088 54.4004 35.9664 26.1056 34.2463 25.2955 24.0672 28.135 26.7699 42.4933 37.7787 23.3964 39.7186 22.7906
threshold=0.4931051869362581 0.49251300422976746 0.57777904400844726 1.262900404279869 0.66176797914925156 1.0406557609784601 1.6381859569828257 1.5933394592104959 0.80297099047749454 0.64242424242424068 2.7375153911200889 2.0661540109426046 1.5144709913336341 2.6559849418833346
decision_type=2 2 2 2 2 2 2 2 10 2 2 10 10 10
left_child=1 2 5 4 -4 -1 7 13 10 -10 -8 12 -6 -5
right_child=-2 -3 3 6 11 -7 8 -9 9 -11 -12 -13 -14 -15
leaf_value=-0.0022617862092760895 0.00019806263429606653 -0.0099940910337148383 -0.0052222109321428435 0.00031305218433805857 -1.2120978458744795e-05 -0.012706769277831003 -0.0029873683175188803 0.010602547658906718 -0.0015869536541929183 0.010666541954052859 -0.015975765216224375 0.0073348408296843547 -0.01019453455022601 0.0069594469693758246
leaf_weight=515 111429 552 2043 16265 3160 349 1096 247 2088 285 243 316 382 473
leaf_count=515 111429 552 2043 16265 3160 349 1096 247 2088 285 243 316 382 473
internal_value=1.51896e-05 -0.000712115 -0.000523757 -0.000327471 -0.00208673 -0.00652972 0.000174502 0.000652844 -0.00201218 -9.59617e-05 -0.00539515 -0.000421735 -0.0011231 0.000502895
internal_weight=139443 28014 27462 26598 5901 864 20697 16985 3712 2373 1339 3858 3542 16738
internal_count=139443 28014 27462 26598 5901 864 20697 16985 3712 2373 1339 3858 3542 16738
is_linear=0
shrinkage=0.03


Tree=205
num_leaves=15
num_cat=0
split_feature=7 6 5 13 0 10 6 2 2 13 13 2 9 2
split_gain=17.072 40.7931 29.8202 24.9598 48.9824 47.5816 23.4979 18.4115 25.554 21.6123 31.5424 32.9412 30.1917 28.293
threshold=2.0661540109426046 0.56875062033809043 2.4029152933965787 -1.0000000180025095e-35 0.51520532904001726 1.6297423677710519 0.093586389602536194 0.27710843373494837 0.28301886792454189 30.500000000000004 14.500000000000002 0.21428571428572876 0.81744524767612892 0.26578791066708285
decision_type=10 8 2 2 2 2 10 2 2 2 2 2 2 2
left_child=7 3 -3 4 6 -6 -2 9 -9 10 13 -12 -13 -1
right_child=1 2 -4 -5 5 -7 -8 8 -10 -11 11 12 -14 -15
leaf_value=-0.0010471130578855298 -0.012284043116477343 0.014883408777612395 0.00070012064476807903 0.0019996952631155277 -0.0036869226463535098 0.014859427182187497 -0.00047700417866098119 0.0065603266148810783 3.1765497438250074e-05 -0.0092827503709122534 -0.0017375456446380244 0.00048330894698506415 0.012892067180874744 -0.0066863257131984143
leaf_weight=9720 443 336 220 3673 296 208 230 537 121550 283 612 304 417 868
leaf_count=9720 443 336 220 3673 296 208 230 537 121550 283 612 304 417 868
internal_value=1.62382e-05 0.00166838 0.00932757 0.000781633 -0.00301189 0.00403791 -0.00828222 -5.03298e-05 6.07489e-05 -0.00116111 -0.000964498 0.00337648 0.00769944 -0.00151235
internal_weight=139697 5406 556 4850 1177 504 673 134291 122087 12204 11921 1333 721 10588
internal_count=139697 5406 556 4850 1177 504 673 134291 122087 12204 11921 1333 721 10588
is_linear=0
shrinkage=0.03


Tree=206
num_leaves=15
num_cat=0
split_feature=4 0 6 6 9 0 7 7 12 4 9 7 9 6
split_gain=17.5082 30.8539 38.9757 53.9032 39.2617 39.6959 29.766 33.6777 33.5358 45.9917 39.1392 29.3496 26.4202 36.2165
threshold=0.20878955484652376 0.48464849063812937 0.047281165554928679 0.066608721322974032 0.74900819326512069 0.45079874401403502 0.16523466753758836 0.30960204233125282 0.029040478680567586 0.48665203336079504 0.87493615987706463 0.95956840525021303 0.9918746796116682 -0.17860159010886326
decision_type=2 2 10 10 2 2 8 10 2 2 2 10 2 8
left_child=-1 2 12 -4 5 -5 -6 -8 9 10 -9 -12 -2 -14
right_child=1 -3 3 4 6 -7 7 8 -10 -11 11 -13 13 -15
leaf_value=0.0003768021022774868 -0.0044284483373772127 -8.2893397650484881e-05 0.014608513397839048 0.005312017964702819 -0.0045643115224302715 -0.008959292346338155 0.01303662780004162 0.016886265518235376 -0.004881248139780186 -0.0050983014213926026 0.0091928782150693892 -0.0054342641127961017 0.0058010949470186507 -0.0035498161331540155
leaf_weight=59448 4690 70481 227 228 527 717 277 300 473 312 296 205 604 956
leaf_count=59448 4690 70481 227 228 527 717 277 300 473 312 296 205 604 956
internal_value=-1.34367e-05 -0.00030237 -0.00187806 0.00062606 -0.000346114 -0.00550622 0.00170142 0.00348132 0.00177673 0.00461539 0.00840716 0.00321316 -0.00330457 7.76316e-05
internal_weight=139741 80293 9812 3562 3335 945 2390 1863 1586 1113 801 501 6250 1560
internal_count=139741 80293 9812 3562 3335 945 2390 1863 1586 1113 801 501 6250 1560
is_linear=0
shrinkage=0.03


Tree=207
num_leaves=15
num_cat=0
split_feature=13 13 1 1 13 13 2 3 13 13 6 3 13 14
split_gain=21.4617 38.2388 174.599 68.6231 74.6763 102.064 161.501 86.0098 80.4032 77.2627 65.5177 81.7098 54.7534 52.7061
threshold=19.500000000000004 20.500000000000004 2.5752406879213354 1.9091847976226732 55.500000000000007 82.500000000000014 0.58267716535433067 0.78571428571428148 47.500000000000007 43.500000000000007 -0.33333333333333326 0.93526170798898101 21.500000000000004 1.0000000180025095e-35
decision_type=2 2 2 2 2 2 2 2 2 2 10 2 2 2
left_child=-1 2 -2 10 8 6 -6 -8 9 12 11 13 -5 -3
right_child=1 3 -4 4 5 -7 7 -9 -10 -11 -12 -13 -14 -15
leaf_value=-0.00023812888550547268 0.00096493357915173629 0.0033407949197008313 0.025361051135560839 -0.014536398892851894 -0.0067960783058643032 -0.0067255712437820029 0.030898998989300295 0.0095511069444872698 -0.011290853201668151 0.009940517210127944 0.0018629780893891373 -0.010996774749851612 -0.0021097861737380992 -0.0045056107246401519
leaf_weight=103394 1817 1710 304 332 383 544 259 497 930 457 20895 784 6097 1394
leaf_count=103394 1817 1710 304 332 383 544 259 497 930 457 20895 784 6097 1394
internal_value=-1.75681e-05 0.000608829 0.00451302 0.000366657 -0.00180075 0.00392344 0.00901671 0.0170197 -0.00303505 -0.00191266 0.00119759 -0.00237615 -0.00276231 -0.000184589
internal_weight=139797 36403 2121 34282 9499 1683 1139 756 7816 6886 24783 3888 6429 3104
internal_count=139797 36403 2121 34282 9499 1683 1139 756 7816 6886 24783 3888 6429 3104
is_linear=0
shrinkage=0.03


Tree=208
num_leaves=15
num_cat=0
split_feature=4 3 11 7 11 11 3 11 8 14 2 8 5 12
split_gain=22.3413 34.4027 43.0072 26.9634 50.2391 46.7711 78.7377 26.0028 22.5816 19.7557 35.6683 43.2346 25.683 35.8524
threshold=1.1028824728059303 0.95918367346938949 0.69668034233643006 0.65688786767660778 0.76443765076583203 1.9551134283217586 0.77966101694915546 1.7733056597723185 0.0015766365593906809 1.0000000180025095e-35 0.78124999999998923 0.014736485187948751 1.7905109715234542 -0.012234810708525943
decision_type=2 2 2 10 2 2 2 2 2 2 2 2 2 2
left_child=-1 3 8 7 -5 6 -6 9 -3 10 -2 -12 -11 -14
right_child=1 2 -4 4 5 -7 -8 -9 -10 12 11 -13 13 -15
leaf_value=0.00017903861240736702 -0.0056701998105259397 -0.0061407685117556314 0.014004966858634374 -0.0039091458843880092 0.0011318060883558263 -0.0038655946028363693 0.024494291687115831 -0.012003552900983349 0.0066075795275014892 -0.010815060587972401 -0.0010173870907252893 0.01418234114404306 0.0078863316481666904 -0.0056146887993331436
leaf_weight=133670 698 298 261 1066 301 280 224 335 208 545 552 237 219 844
leaf_count=133670 698 298 261 1066 301 280 224 335 208 545 552 237 219 844
internal_value=9.81922e-05 -0.00168143 0.00423845 -0.00254116 0.000355616 0.00599238 0.0112368 -0.00411951 -0.000886964 -0.00324817 -0.000751145 0.00360887 -0.00554781 -0.0028093
internal_weight=139738 6068 767 5301 1871 805 525 3430 506 3095 1487 789 1608 1063
internal_count=139738 6068 767 5301 1871 805 525 3430 506 3095 1487 789 1608 1063
is_linear=0
shrinkage=0.03


Tree=209
num_leaves=15
num_cat=0
split_feature=13 7 4 13 11 3 7 7 13 8 5 8 1 1
split_gain=20.235 21.8815 15.2826 65.3516 51.7846 48.4615 40.1519 40.8945 32.529 35.3941 32.2808 23.1307 28.8326 25.8345
threshold=-19.499999999999996 1.158968116934459 1.1028824728059303 49.500000000000007 0.69668034233643006 0.96078431372549311 0.81920150460310104 1.3024030289332835 11.500000000000002 0.031128989993103814 2.1669381422170932 -0.054772279364490174 3.784052933026095 4.5906554660970125
decision_type=2 10 2 2 2 2 10 10 2 2 2 2 2 2
left_child=1 -1 -2 4 11 6 8 -8 -6 -10 -5 -4 -13 -14
right_child=2 -3 3 10 5 -7 7 -9 9 -11 -12 12 13 -15
leaf_value=-5.8617882399368761e-05 2.0178096179105955e-05 0.013149833159367425 0.0029230643609135421 0.00078545199817945722 -0.0095444620800252417 0.013921703053638339 0.011929161828569559 -0.0047607329846001585 0.0042696960574851667 -0.0098179394006729127 0.012812872038681119 -0.0040355292816602918 -0.019605918652420742 -0.0074693559858346938
leaf_weight=234 133279 213 286 430 501 225 362 203 555 220 373 2030 213 621
leaf_count=234 133279 213 286 430 501 225 362 203 555 220 373 2030 213 621
internal_value=-2.60632e-05 0.00631118 -4.66249e-05 -0.00152464 -0.00275222 0.000937835 -0.000682413 0.00594346 -0.00362803 0.000233325 0.006417 -0.00517008 -0.00598195 -0.0106674
internal_weight=139745 447 139298 6019 5216 2066 1841 565 1276 775 803 3150 2864 834
internal_count=139745 447 139298 6019 5216 2066 1841 565 1276 775 803 3150 2864 834
is_linear=0
shrinkage=0.03


Tree=210
num_leaves=15
num_cat=0
split_feature=11 9 13 2 5 13 6 9 8 10 1 11 6 8
split_gain=18.5794 32.3082 40.1852 25.505 28.8622 24.9198 21.8864 21.4665 20.182 18.9454 29.237 17.5147 53.6036 44.4035
threshold=2.2912129397993497 0.96155773500278607 1.5000000000000002 0.49894514298431036 3.5800382133183546 8.5000000000000018 -0.018235765367852538 0.83883794937355438 0.017960901868143257 2.6633238414018909 0.94886494799353083 1.1387284510945364 -0.42142425369539133 -0.0034450648368085962
decision_type=2 2 2 2 2 2 8 2 2 2 2 2 10 2
left_child=11 2 7 5 -5 6 -3 -2 -6 10 -4 -1 13 -13
right_child=1 3 9 4 8 -7 -8 -9 -10 -11 -12 12 -14 -15
leaf_value=-8.8919861448403354e-05 -0.0027937130241965256 0.0064046235775290913 -0.00083657890844803591 -0.0019180079148136038 0.0041310218915497545 -0.01045020899820703 -0.0054515150208235457 0.0098366892799767892 0.016174226266379745 -0.0027322000616387416 -0.012432350245486097 0.0013235804463322114 0.0012324587575727707 -0.0094065200372418327
leaf_weight=114365 256 290 268 369 318 257 262 222 207 652 728 606 20334 804
leaf_count=114365 256 290 268 369 318 257 262 222 207 652 728 606 20334 804
internal_value=1.46658e-06 -0.00205811 -0.00452022 0.00101978 0.00450047 -0.00283065 0.000778832 0.00311339 0.00898728 -0.00673706 -0.00933197 5.94799e-05 0.000839846 -0.00480648
internal_weight=139938 3829 2126 1703 894 809 552 478 525 1648 996 136109 21744 1410
internal_count=139938 3829 2126 1703 894 809 552 478 525 1648 996 136109 21744 1410
is_linear=0
shrinkage=0.03


Tree=211
num_leaves=15
num_cat=0
split_feature=4 13 6 3 5 6 5 6 5 6 0 0 5 12
split_gain=17.5341 50.5835 50.7678 31.4735 43.02 28.6413 30.7061 28.5882 30.4875 32.5608 30.2402 28.3874 25.8436 22.9468
threshold=1.1028824728059303 49.500000000000007 -0.033389121280822824 0.70833333333333293 2.0388300918938906 -0.23175735478428314 2.4376075296071318 0.026886380391967672 2.6185026565160636 0.25645732390013704 0.56353128482179149 0.52130239011811341 1.8017259445723515 0.0068767029558641233
decision_type=2 2 10 2 2 8 2 10 2 10 2 2 2 2
left_child=-1 2 5 -3 -5 6 12 13 9 -9 -10 -11 -2 -4
right_child=1 3 7 4 -6 -7 -8 8 10 11 -12 -13 -14 -15
leaf_value=0.00011684257695606663 -0.002785852494873578 -0.0044423939153138128 0.012452673477877815 0.00093211354375346666 0.01698794960115629 -0.007887033260898825 -0.0070740979550832726 -0.0085290892831292302 -8.9461342021995404e-05 0.0098203268422270718 0.012883972910543282 -0.0035145102529849171 0.011420112119377714 -5.8864565417025006e-05
leaf_weight=133242 232 211 273 302 295 1696 410 698 643 207 211 441 221 251
leaf_count=133242 232 211 273 302 295 1696 410 698 643 207 211 441 221 251
internal_value=4.48639e-05 -0.00152849 -0.00259846 0.00544033 0.0089411 -0.00562827 -0.00116942 0.000252924 -0.00125013 -0.00405737 0.00317226 0.000787807 0.00419366 0.00651564
internal_weight=139333 6091 5283 808 597 2559 863 2724 2200 1346 854 648 453 524
internal_count=139333 6091 5283 808 597 2559 863 2724 2200 1346 854 648 453 524
is_linear=0
shrinkage=0.03


Tree=212
num_leaves=15
num_cat=0
split_feature=12 6 9 5 8 6 3 6 12 13 9 9 6 6
split_gain=17.4816 67.2479 62.1053 42.4962 32.6516 32.8792 40.9519 32.4024 37.1954 30.2541 31.7911 27.8323 71.1107 46.937
threshold=-0.11899553191437699 -0.20273707682329142 0.62700419064588464 1.1506381796327327 0.064958802765489654 -0.19999379883418075 0.99275886658696921 -0.26090063987579476 -0.13324826455612185 7.5000000000000009 0.85206774053284295 0.96155773500278607 0.25076850928524125 0.25645732390013704
decision_type=2 8 2 2 2 10 2 10 2 2 2 2 10 10
left_child=1 2 -1 -4 5 -3 11 8 9 10 -5 13 -13 -7
right_child=-2 4 3 7 -6 6 -8 -9 -10 -11 -12 12 -14 -15
leaf_value=-0.012608719304887089 -6.5898735995948945e-05 0.0077840959008635873 0.0065409506849510961 -0.005081701267716795 0.011994831015007815 -0.0023605982447549904 0.013681154886987137 -0.0079203532937758055 0.0080353019194256883 -0.005024337872952824 0.0087753597448150134 0.007044417027970244 -0.00098786018350862617 0.0029398779783853983
leaf_weight=464 124350 792 562 248 292 3520 236 723 367 1247 359 2027 1936 2617
leaf_count=464 124350 792 562 248 292 3520 236 723 367 1247 359 2027 1936 2617
internal_value=5.21608e-05 0.00100578 -0.00235561 -0.000982648 0.00217485 0.0019119 0.00145839 -0.00242753 -0.000625687 -0.00235713 0.00311856 0.00116616 0.0031242 -9.97637e-05
internal_weight=139740 15390 3970 3506 11420 11128 10336 2944 2221 1854 607 10100 3963 6137
internal_count=139740 15390 3970 3506 11420 11128 10336 2944 2221 1854 607 10100 3963 6137
is_linear=0
shrinkage=0.03


Tree=213
num_leaves=15
num_cat=0
split_feature=12 14 9 9 9 3 13 3 2 1 4 0 3 4
split_gain=14.0668 36.4844 46.6071 52.6608 36.127 41.8215 30.4061 20.7201 23.7573 22.7025 18.2828 59.674 16.4562 43.5703
threshold=0.21776650024199082 1.0000000180025095e-35 0.78851998981115845 0.98902116498967596 0.7984533867400363 0.84999999999999476 24.500000000000004 0.7700524921989681 0.65591397849462318 1.0793284414007702 2.0590443594333139 0.53355717488377608 0.89320388349513691 1.1402514728278328
decision_type=2 2 2 2 2 2 2 2 2 2 2 2 2 2
left_child=10 2 -2 -4 6 -6 7 9 -9 -3 12 -12 13 -1
right_child=1 4 3 -5 5 -7 -8 8 -10 -11 11 -13 -14 -15
leaf_value=0.00035319254689057878 -0.0076682319481355633 0.0013661909735482522 0.017485736095356044 -0.0020214291395598345 -0.0098635979935302043 4.8964808343863878e-05 -0.0071965342331369803 -0.0092675170240832903 0.0034904442874611674 0.014168810147695757 -0.0046325371466403777 0.015685709493065421 -0.00050811723845684833 -0.0033064567058511585
leaf_weight=97035 203 272 288 215 1039 605 358 200 361 227 253 259 35612 3014
leaf_count=97035 203 272 288 215 1039 605 358 200 361 227 253 259 35612 3014
internal_value=1.7054e-05 -0.00178987 0.00433701 0.00920985 -0.00320731 -0.00622664 0.000302824 0.00285752 -0.00109954 0.00727301 6.71168e-05 0.00569794 4.56562e-05 0.000242785
internal_weight=139941 3768 706 503 3062 1644 1418 1060 561 499 136173 512 135661 100049
internal_count=139941 3768 706 503 3062 1644 1418 1060 561 499 136173 512 135661 100049
is_linear=0
shrinkage=0.03


Tree=214
num_leaves=15
num_cat=0
split_feature=13 13 10 11 3 13 14 8 12 8 13 12 14 7
split_gain=21.0563 67.2261 90.9918 84.3791 57.8707 75.0313 60.6911 87.1382 53.3205 78.2169 51.3037 49.9957 59.3841 45.9562
threshold=39.500000000000007 42.500000000000007 2.4401847809785617 1.0861926467814549 0.97835497835498397 43.500000000000007 1.0000000180025095e-35 0.054295560144002365 -0.0015479085492126063 0.01144022578733613 95.000000000000014 0.041343569877617399 1.0000000180025095e-35 -0.054813096746129109
decision_type=2 2 2 2 2 2 2 2 2 2 2 2 2 10
left_child=-1 2 3 11 5 -3 8 -8 10 -10 -7 12 -2 -6
right_child=1 4 -4 -5 13 6 7 -9 9 -11 -12 -13 -14 -15
leaf_value=-9.7531270741044694e-05 0.0083944902112612942 -0.01241168246446829 -0.012041721706989252 -0.0085580689417335629 0.020698597543899001 -0.0014139101638599328 -0.0043452369712495198 0.012625016941502691 0.015899760685466901 0.0021256060064409432 0.012363113978348425 0.001789424887925969 0.022828598156888435 0.0016511607032076295
leaf_weight=129391 586 438 206 212 209 2372 2962 295 562 1079 266 353 465 246
leaf_count=129391 586 438 206 212 209 2372 2962 295 562 1079 266 353 465 246
internal_value=6.17809e-06 0.00131464 0.00653163 0.00892912 0.000183734 -0.000412875 0.000292275 -0.00279118 0.00263979 0.00687687 -3.95784e-06 0.0115906 0.0148585 0.0105303
internal_weight=139642 10251 1822 1616 8429 7974 7536 3257 4279 1641 2638 1404 1051 455
internal_count=139642 10251 1822 1616 8429 7974 7536 3257 4279 1641 2638 1404 1051 455
is_linear=0
shrinkage=0.03


Tree=215
num_leaves=15
num_cat=0
split_feature=13 4 11 2 8 13 7 11 7 10 13 11 13 2
split_gain=15.9756 16.1617 35.6671 34.8304 33.1091 29.889 37.2836 51.6578 39.1307 84.5782 78.3409 85.685 84.0162 53.7307
threshold=-23.499999999999996 0.19847456396200244 -0.98320488012482199 0.89062499999999767 0.044104249616103118 14.500000000000002 -0.080704338666902339 1.1387284510945364 0.81158538237850208 1.6063398842916419 24.500000000000004 1.0861926467814549 17.500000000000004 0.52777777777776791
decision_type=2 2 2 2 2 2 10 2 10 2 2 2 2 2
left_child=-1 2 3 4 -2 -3 7 -7 -8 -10 11 -11 -13 -12
right_child=1 5 -4 -5 -6 6 8 -9 9 10 13 12 -14 -15
leaf_value=0.0068011522010065512 -0.00033456017434536168 -0.00079793123972642327 0.00068341468235533275 -0.0081544866531625352 -0.0074298999213020913 0.0015519091610593158 -0.00067531328873045857 0.010609304861022175 -0.0022488958685999917 0.0042610149737227843 -0.0033982039156524955 0.0060295526418871386 0.026851212943833584 0.0071860677084623599
leaf_weight=303 8199 47446 47617 624 633 5370 22554 629 2551 1267 1202 327 378 667
leaf_count=303 8199 47446 47617 624 633 5370 22554 629 2551 1267 1202 327 378 667
internal_value=-2.37387e-05 -3.88098e-05 0.000349196 -0.00133328 -0.000847008 -0.00030759 0.000358183 0.00250963 -8.80566e-05 0.00198297 0.00479283 0.00895591 0.017304 0.000388157
internal_weight=139767 139464 57073 9456 8832 82391 34945 5999 28946 6392 3841 1972 705 1869
internal_count=139767 139464 57073 9456 8832 82391 34945 5999 28946 6392 3841 1972 705 1869
is_linear=0
shrinkage=0.03


Tree=216
num_leaves=15
num_cat=0
split_feature=0 3 5 7 1 11 10 12 11 11 3 2 10 12
split_gain=14.8433 35.9333 62.4556 21.2305 18.0785 18.4814 17.8163 17.6215 21.5072 17.1009 30.8184 41.0685 39.2809 45.365
threshold=0.43818666121137489 0.89983738812224046 2.3819029936475151 1.2845919366668033 0.86869943702640806 0.79204600385000101 1.5471665100935734 -0.021732379290654965 0.44726462453089605 1.8790949246703774 0.7662337662337646 0.36510144968683139 2.4853397410309186 0.10669355854841762
decision_type=2 2 2 10 2 2 2 2 2 2 2 2 2 2
left_child=1 3 6 4 -1 -6 -3 -5 -9 -2 12 -12 13 -11
right_child=9 2 -4 7 5 -7 -8 8 -10 10 11 -13 -14 -15
leaf_value=-0.0027684218683902964 9.6586871225451496e-05 0.0031262071919344694 0.016209463642501247 -0.0043649377136923077 -0.0055926513667847655 -0.015473853244086889 -0.0085410321306074611 0.011047669915358226 -0.0023716943399407545 0.0046141110660253663 -0.012635103671890783 -0.0022174188003424252 -0.0026214901924966226 -0.0079250649795538242
leaf_weight=1064 128052 242 241 353 550 249 221 220 203 2080 371 3663 2030 292
leaf_count=1064 128052 242 241 353 550 249 221 220 203 2080 371 3663 2030 292
internal_value=-3.80321e-05 -0.00201151 0.00399073 -0.00361723 -0.00534996 -0.0087491 -0.00247457 0.000550276 0.00465517 1.03762e-05 -0.00129752 -0.00318997 0.000438381 0.00305708
internal_weight=139831 3343 704 2639 1863 799 463 776 423 136488 8436 4034 4402 2372
internal_count=139831 3343 704 2639 1863 799 463 776 423 136488 8436 4034 4402 2372
is_linear=0
shrinkage=0.03


Tree=217
num_leaves=15
num_cat=0
split_feature=10 2 9 9 11 6 1 13 8 9 1 1 2 6
split_gain=18.7694 28.5872 25.5259 43.1959 38.5987 33.1059 30.7103 29.9204 29.4787 37.7899 31.1265 41.4868 37.7296 33.628
threshold=1.0507347011363823 0.78360655737704488 0.93977169650587355 0.95262567910326135 0.64504924570662958 -0.22903448377593758 0.46542439792154094 8.5000000000000018 0.043410387794395197 0.91874911995387121 3.5002642397682835 2.1553208890505542 0.60999999999999932 0.72337450045862295
decision_type=2 2 2 2 2 10 2 2 2 2 2 2 2 10
left_child=1 2 6 -4 5 -5 -1 -6 9 10 11 13 -13 -8
right_child=-2 -3 3 4 7 -7 8 -9 -10 -11 -12 12 -14 -15
leaf_value=-0.0062590572409765809 0.00026580654057421923 -0.0039862834449845884 0.013883380037279444 0.0067193367958876251 0.013949950061011886 -0.0026899612478909563 -0.00059353164724110772 -0.00013435818800492267 0.004072901222279126 -0.011518077424855208 -0.011195517359716207 0.0012088129782806272 0.017672663348404546 -0.01205334836244583
leaf_weight=922 125376 2244 252 414 318 1706 5817 234 1095 301 242 317 203 235
leaf_count=922 125376 2244 252 414 318 1706 5817 234 1095 301 242 317 203 235
internal_value=0.000148349 -0.000881195 -0.000301828 0.00213541 0.00100359 -0.000840998 -0.00108296 0.00803182 -0.000498214 -0.00120408 -0.000740356 -0.000347148 0.00774315 -0.0010481
internal_weight=139676 14300 12056 2924 2672 2120 9132 552 8210 7115 6814 6572 520 6052
internal_count=139676 14300 12056 2924 2672 2120 9132 552 8210 7115 6814 6572 520 6052
is_linear=0
shrinkage=0.03


Tree=218
num_leaves=15
num_cat=0
split_feature=7 6 10 10 11 9 4 10 5 11 1 5 12 0
split_gain=16.5609 38.8332 35.1094 38.0637 33.0765 20.4298 25.9204 20.7042 35.4759 29.3247 29.2093 29.1055 22.2397 22.9973
threshold=2.0661540109426046 0.15361519032946916 1.956508997718643 1.6414150337756483 1.3697446835591016 0.78459077326157678 0.13596754879794207 1.4530160958418505 3.0841426914548973 -0.49219234932975958 1.5134048365657689 1.6538668294194012 -0.037002603305363917 0.5184847339365396
decision_type=10 8 2 2 2 2 2 2 2 2 2 2 2 2
left_child=-1 5 3 -3 -4 6 -2 10 9 -9 11 -7 -11 -14
right_child=1 2 4 -5 -6 7 -8 8 -10 12 -12 -13 13 -15
leaf_value=-0.00014290636811619447 0.0002731517738847265 0.0058761334263461185 0.017094644349247807 -0.0064665317792316959 0.0017760237623460409 -0.0011733098550276322 0.0097820753982860199 0.0011293836596400239 0.0037780320482318935 -0.0020827310178017579 -0.0072366611740904523 0.012383767121285199 -0.016068014349225612 -0.0040702202808498948
leaf_weight=134473 893 759 348 314 200 270 358 382 456 312 201 295 412 226
leaf_count=134473 893 759 348 314 200 270 358 382 456 312 201 295 412 226
internal_value=-7.73165e-05 0.00154684 0.00542745 0.00225097 0.0115705 -0.000111329 0.00302244 -0.00164922 -0.00341443 -0.00588163 0.00246656 0.0059517 -0.00869195 -0.0118827
internal_weight=139899 5426 1621 1073 548 3805 1251 2554 1788 1332 766 565 950 638
internal_count=139899 5426 1621 1073 548 3805 1251 2554 1788 1332 766 565 950 638
is_linear=0
shrinkage=0.03


Tree=219
num_leaves=15
num_cat=0
split_feature=1 5 5 11 10 12 10 0 13 13 11 13 9 13
split_gain=19.0992 42.5944 30.1054 19.3222 18.4877 19.1988 18.6558 34.1153 32.2296 78.1548 52.2785 51.2688 71.1017 31.9542
threshold=0.38877962107586433 1.8122887351611194 2.01823860625101 0.018903877060975956 0.61694452929919652 -0.027387890933355582 2.2759169036967433 0.63639412781907156 64.500000000000014 75.500000000000014 -0.53647757399814056 59.500000000000007 0.79229750988049019 53.500000000000007
decision_type=2 2 2 2 2 2 2 2 2 2 2 2 2 2
left_child=1 -1 3 -3 5 -2 8 13 11 -10 -11 -6 -13 -8
right_child=4 2 -4 -5 6 -7 7 -9 9 10 -12 12 -14 -15
leaf_value=-0.0049527595399079432 -0.0014979181429598388 0.0015531263753557889 -0.00066425684803079761 0.014621265228584554 -0.00011257282731831952 0.010360715774000639 0.00044132082873540407 0.010824870422321598 -0.012491082835549153 0.0097169378028290031 -0.003846276666952577 0.022231704999958229 -0.00033381170992789836 0.006173952055757272
leaf_weight=2199 200 204 2374 201 107928 309 22865 296 639 373 786 216 291 905
leaf_count=2199 200 204 2374 201 107928 309 22865 296 639 373 786 216 291 905
internal_value=-1.42596e-05 -0.00183816 0.000630861 0.00813801 5.31566e-05 0.00573189 3.14213e-05 0.000788068 -0.000133798 -0.00411185 0.000541751 -6.76496e-05 0.00940312 0.000660833
internal_weight=139786 4978 2779 405 134808 509 134299 24066 110233 1798 1159 108435 507 23770
internal_count=139786 4978 2779 405 134808 509 134299 24066 110233 1798 1159 108435 507 23770
is_linear=0
shrinkage=0.03


Tree=220
num_leaves=15
num_cat=0
split_feature=13 13 13 13 13 6 9 9 9 12 6 13 13 6
split_gain=18.3641 58.6655 66.8667 59.4596 52.9617 102.507 59.5931 34.5801 31.9261 28.9862 19.2563 17.3508 46.4542 47.6587
threshold=64.500000000000014 75.500000000000014 82.500000000000014 74.500000000000014 59.500000000000007 0.086719674171630526 0.83492178922515181 1.0533832110916361 0.7534211112792738 -0.038867316634294539 -0.23478849715747882 14.500000000000002 8.5000000000000018 -0.28681916005187469
decision_type=2 2 2 2 2 8 2 2 2 2 8 2 2 8
left_child=4 3 -3 8 11 6 -6 9 -2 10 -4 12 13 -1
right_child=1 2 7 -5 5 -7 -8 -9 -10 -11 -12 -13 -14 -15
leaf_value=0.0025867296063768548 0.0061642087564088297 0.01220509316462004 -0.0062317157765885561 -0.019815758776507878 0.028675755519384085 -0.008468113290944268 0.0058445852667439813 0.0062282748848005694 -0.0097035892373498744 -0.010740109245561819 0.0051212366123857735 0.00043480992607798538 -0.0014091971345411305 -0.00013034990628310657
leaf_weight=6437 202 344 260 299 203 205 210 302 250 462 268 47233 23865 59223
leaf_count=6437 202 344 260 299 203 205 210 302 250 462 268 47233 23865 59223
internal_value=-3.59989e-05 -0.00264201 0.000550103 -0.00955346 9.37686e-06 0.0087365 0.0172755 -0.00258817 -0.00262237 -0.00529542 -0.000475248 -3.03784e-05 -0.00027582 0.000136197
internal_weight=139763 2387 1636 751 137376 618 413 1292 452 990 528 136758 89525 65660
internal_count=139763 2387 1636 751 137376 618 413 1292 452 990 528 136758 89525 65660
is_linear=0
shrinkage=0.03


Tree=221
num_leaves=15
num_cat=0
split_feature=10 7 7 2 12 12 1 6 13 0 1 8 8 11
split_gain=24.734 34.8928 51.0097 40.5228 44.4214 56.1783 65.5138 58.5642 44.0012 45.9134 46.3259 46.458 41.9417 41.5047
threshold=1.7860411906956684 0.73238708671064734 0.71831710287490635 0.85594394103009985 0.11161710184267683 0.036452835388091472 4.5906554660970125 -0.25771549973287017 31.500000000000004 0.52813665091400319 0.69895214717326415 -0.033461338992346122 0.0058332482112384591 0.70978615529937839
decision_type=2 10 10 2 2 2 2 8 2 2 2 2 2 2
left_child=-1 2 -2 4 5 -3 7 12 9 10 -9 -12 -7 -6
right_child=1 3 -4 -5 13 6 -8 8 -10 -11 11 -13 -14 -15
leaf_value=-0.00042817002269033416 -4.8409620091208609e-05 0.00079146051794804601 -0.0097146785243257244 0.014419931477085814 0.001066864484504282 0.0049184210112025919 -0.0063280374011744486 0.011061818100464572 0.017530541029958942 0.0079605406862657165 0.008709839326227346 -0.0040840317883363399 0.021489700624171423 -0.007250069121278754
leaf_weight=80883 36713 14997 493 206 1139 237 435 309 209 1229 314 1279 335 1020
leaf_count=80883 36713 14997 493 206 1139 237 435 309 209 1229 314 1279 335 1020
internal_value=-8.76143e-05 0.000379923 -0.000177781 0.00133557 0.00120689 0.00166255 0.00466342 0.00589215 0.00435958 0.00345385 0.000528554 -0.00154284 0.0147257 -0.00287007
internal_weight=139798 58915 37206 21709 21503 19344 4347 3912 3340 3131 1902 1593 572 2159
internal_count=139798 58915 37206 21709 21503 19344 4347 3912 3340 3131 1902 1593 572 2159
is_linear=0
shrinkage=0.03


Tree=222
num_leaves=15
num_cat=0
split_feature=12 6 9 6 12 5 5 9 9 13 6 8 4 13
split_gain=21.1475 60.5702 50.816 56.6866 48.1288 41.4259 41.3742 45.8829 58.611 77.7151 53.467 53.1593 43.9765 32.8374
threshold=-0.10275064697044721 -0.20273707682329142 0.6384856654553831 -0.36688632994270887 -0.13324826455612185 2.7122865599204418 3.04372421647003 1.2307951574767355 0.95262567910326135 13.500000000000002 0.069724307663969434 0.050457138237441961 0.019645570256061614 64.500000000000014
decision_type=2 8 2 10 2 2 2 2 2 2 10 2 2 2
left_child=1 2 -1 4 5 -4 7 8 11 -10 -11 12 -3 -2
right_child=13 6 3 -5 -6 -7 -8 -9 9 10 -12 -13 -14 -15
leaf_value=-0.010161431064614311 -8.4558314665743236e-05 0.011991013524122537 0.0040727044610851231 -0.0034416640997625646 0.012206642090246595 -0.0085971440853980872 -0.0013206286741187796 -0.0029895978778694552 0.0032083191395265538 0.019908958981003689 0.0067287886341286796 0.010993291477825346 0.0005970128188734653 -0.004188577022777056
leaf_weight=593 118668 315 809 2711 430 320 2875 1146 2003 534 586 526 6464 1776
leaf_count=593 118668 315 809 2711 430 320 2875 1146 2003 534 586 526 6464 1776
internal_value=2.53581e-06 0.000924007 -0.00197064 -0.000822587 0.00372826 0.000459532 0.00189859 0.00269847 0.0033247 0.00676149 0.0130735 0.0018518 0.00113491 -0.000145245
internal_weight=139756 19312 4863 4270 1559 1129 14449 11574 10428 3123 1120 7305 6779 120444
internal_count=139756 19312 4863 4270 1559 1129 14449 11574 10428 3123 1120 7305 6779 120444
is_linear=0
shrinkage=0.03


Tree=223
num_leaves=15
num_cat=0
split_feature=3 2 9 0 0 11 0 7 4 3 13 11 13 7
split_gain=17.9049 60.204 42.5477 31.9698 43.5962 38.7615 31.7149 32.8552 33.8848 30.7403 49.82 47.0898 42.1863 39.5564
threshold=0.64679875073199489 0.48360655737704977 1.0996238076776323 0.520509399874164 0.53966938810096365 1.2109486778680012 0.50464513765797248 1.0965054025204923 0.18242219146117594 0.75641025641025472 56.500000000000007 -1.7921537084853563 48.500000000000007 0.59885113339509566
decision_type=2 2 2 2 2 2 2 10 2 2 2 2 2 10
left_child=1 2 3 -1 5 -5 -3 8 -8 10 11 -2 -13 -12
right_child=9 6 -4 4 -6 -7 7 -9 -10 -11 13 12 -14 -15
leaf_value=-0.0002573868575100536 -0.0069154678317741164 -0.0057942389622517619 -0.0024233679162665514 0.0030736809302093445 0.00047930938405345763 0.010692025666611026 0.0010498896616242882 0.0037634412946204675 -0.0039917275230250274 1.505251813396917e-05 0.0032441351314385727 0.0013914770714707884 -0.01032434966574822 0.020452779194796985
leaf_weight=11512 648 2162 4442 2927 5841 754 1728 883 3907 80873 283 23238 275 207
leaf_count=11512 648 2162 4442 2927 5841 754 1728 883 3907 80873 283 23238 275 207
internal_value=0.000104529 -0.000492435 0.000242859 0.00080636 0.00209188 0.00464658 -0.00264944 -0.00160267 -0.00244613 0.000297768 0.00122509 0.00103184 0.00125229 0.0106471
internal_weight=139680 34156 25476 21034 9522 3681 8680 6518 5635 105524 24651 24161 23513 490
internal_count=139680 34156 25476 21034 9522 3681 8680 6518 5635 105524 24651 24161 23513 490
is_linear=0
shrinkage=0.03


Tree=224
num_leaves=15
num_cat=0
split_feature=12 8 13 9 0 10 2 13 12 12 9 13 3 0
split_gain=27.1468 58.2078 53.0824 49.5381 41.8544 42.3207 39.229 69.0528 39.7203 33.8046 32.4796 58.8386 39.1636 36.2157
threshold=0.061346152663994187 0.046388713910998365 95.000000000000014 1.0755039736610492 0.56218973890232682 1.2316483468233008 0.35714285714285476 18.500000000000004 0.10206281585538525 0.08345192615668641 0.85582897687075254 28.500000000000004 0.9101725626760675 0.56565552857001056
decision_type=2 2 2 2 2 2 2 2 2 2 2 2 2 2
left_child=2 10 -1 4 5 -3 -7 8 -8 -5 11 -2 13 -13
right_child=1 3 -4 9 -6 6 7 -9 -10 -11 -12 12 -14 -15
leaf_value=-0.00023508576935349267 0.0023168208907019231 0.011465800013801042 0.011450200759164957 0.0068293262071429037 0.0097908616974949833 0.0093762295172037033 -0.0012267839318585835 0.0061499054960265122 -0.015806566763317164 -0.0073684082525658553 -0.00076845296664169549 -0.0024868784513407253 -0.0084636109439088624 0.008551280657858101
leaf_weight=109410 10626 406 346 213 1345 351 347 525 323 488 12856 1323 763 330
leaf_count=109410 10626 406 346 213 1345 351 347 525 323 488 12856 1323 763 330
internal_value=2.05754e-05 0.000821925 -0.000197729 0.00418868 0.00572717 0.00290927 0.000632499 -0.00196411 -0.00832057 -0.00303659 0.000301475 0.00135603 -0.00286574 -0.000264111
internal_weight=139652 29896 109756 3998 3297 1952 1546 1195 670 701 25898 13042 2416 1653
internal_count=139652 29896 109756 3998 3297 1952 1546 1195 670 701 25898 13042 2416 1653
is_linear=0
shrinkage=0.03


Tree=225
num_leaves=15
num_cat=0
split_feature=7 10 12 0 4 4 7 8 11 6 4 8 8 2
split_gain=14.8143 46.0345 27.6028 46.5839 28.2072 25.0678 18.3787 40.9271 28.0718 34.6443 27.0535 21.8786 21.5736 17.2022
threshold=-0.52866359584834832 2.2974818123986354 -0.025740739698148104 0.55592648597699867 0.42118047280315229 0.27464628684674691 -0.37736174070691425 -0.022288273297797912 0.54426834506228328 -0.025862043427542222 0.28916920948646985 0.026791207231075937 -0.039612250868978398 0.91304347826086951
decision_type=8 2 2 2 2 2 8 2 2 8 2 2 2 2
left_child=1 2 -1 4 -4 -5 7 10 11 -10 -2 13 -12 -9
right_child=6 -3 3 5 -6 -7 -8 8 9 -11 12 -13 -14 -15
leaf_value=-0.003562779209954348 -0.0029576997752935844 0.013370040127428179 -0.0081265196911300772 0.018211512692019486 0.0056546530284379655 0.0049083774562104273 -7.6311766329552582e-06 -0.0073309572159070448 0.010189124445917956 -0.0058912377622392436 0.0019413529402926065 -0.00093566471473737194 0.014818096830391548 -0.017053540150793092
leaf_weight=790 384 294 319 201 223 349 134879 814 213 265 264 380 208 207
leaf_count=790 384 294 319 201 223 349 134879 814 213 265 264 380 208 207
internal_value=-1.8168e-05 0.00243496 0.000695811 0.00377886 -0.00245655 0.00989034 -5.70447e-05 -0.00248946 -0.00496234 0.00130558 0.00293604 -0.00709789 0.0077117 -0.00937564
internal_weight=139790 2176 1882 1092 542 550 137614 2735 1879 478 856 1401 472 1021
internal_count=139790 2176 1882 1092 542 550 137614 2735 1879 478 856 1401 472 1021
is_linear=0
shrinkage=0.03


Tree=226
num_leaves=15
num_cat=0
split_feature=4 8 12 3 9 13 13 8 9 6 12 1 12 6
split_gain=14.2213 32.8947 14.3964 19.5776 15.4661 28.1664 33.4991 27.0939 19.5666 55.8667 62.483 58.555 40.6182 97.7949
threshold=2.0590443594333139 -0.0042192294458748116 0.45165325107042303 0.72727272727272629 1.3496699066245252 46.500000000000007 30.500000000000004 0.04272531179346109 0.94201319189821497 -0.043025648356520445 -0.068591448389432028 3.784052933026095 0.065236775011033102 -0.42142425369539133
decision_type=2 2 2 2 2 2 2 2 2 10 2 2 2 10
left_child=2 -2 4 -4 8 6 7 -6 12 11 -11 -10 -1 -14
right_child=1 -3 3 -5 5 -7 -8 -9 9 10 -12 -13 13 -15
leaf_value=-0.00063156746479517867 -0.0022918509082713472 0.012411314552444468 0.012080401357950516 0.00032255177253254637 -0.00082615097212735799 -0.010069171172697422 0.0094498195472782053 -0.0078843659593731963 0.0018749123515063313 0.0021987500718596651 -0.0013952751077039127 -0.0059149887971580032 -0.0054272679986598366 0.0017193518879975434
leaf_weight=69793 283 258 201 335 3674 337 249 560 21063 5709 18282 901 1923 16233
leaf_count=69793 283 258 201 335 3674 337 249 560 21063 5709 18282 901 1923 16233
internal_value=-6.2746e-05 0.00476946 -8.16888e-05 0.00480264 -0.000100733 -0.00176943 -0.00113499 -0.00176789 -4.06033e-05 0.000461052 -0.000539746 0.00155408 -0.000302739 0.000961129
internal_weight=139801 541 139260 536 138724 4820 4483 4234 133904 45955 23991 21964 87949 18156
internal_count=139801 541 139260 536 138724 4820 4483 4234 133904 45955 23991 21964 87949 18156
is_linear=0
shrinkage=0.03


Tree=227
num_leaves=15
num_cat=0
split_feature=11 11 3 0 10 4 1 13 13 13 12 0 3 1
split_gain=14.4889 56.7831 48.1721 44.9008 37.5397 51.1864 36.7129 33.3241 41.7558 33.8568 33.2972 32.5606 40.2533 43.4718
threshold=1.7410940720383035 1.6297946077808201 0.97647058823529387 0.54379538999783616 2.1373309616406968 0.29840096011267675 0.98442595480074824 36.500000000000007 41.500000000000007 30.500000000000004 -0.026520568377411454 0.60089931861037382 0.74999999999999545 2.7952527517606911
decision_type=2 2 2 2 2 2 2 2 2 2 2 2 2 2
left_child=1 -1 7 4 -3 -6 -4 9 -9 10 -2 12 13 -12
right_child=2 3 6 -5 5 -7 -8 8 -10 -11 11 -13 -14 -15
leaf_value=2.125004555530917e-05 0.0010464133419659087 -0.0025161549719499494 0.00010716964323331134 0.010659273159072486 0.0160473120234523 -0.0018776132285742875 0.017828368093444114 -0.017167315277284149 0.00019881633203476667 0.010213815650592248 -0.0024715727659621683 0.0068899805523782772 -0.0057540378359352299 0.006652916573220864
leaf_weight=126791 3405 804 212 779 296 272 204 260 235 229 2548 302 2786 571
leaf_count=126791 3405 804 212 779 296 272 204 260 235 229 2548 302 2786 571
internal_value=1.51024e-05 0.000103344 -0.00104268 0.0049311 0.00165183 0.00752206 0.0089059 -0.0014472 -0.00900325 -0.00106275 -0.00133658 -0.00264362 -0.00313661 -0.000793164
internal_weight=139694 128942 10752 2151 1372 568 416 10336 495 9841 9612 6207 5905 3119
internal_count=139694 128942 10752 2151 1372 568 416 10336 495 9841 9612 6207 5905 3119
is_linear=0
shrinkage=0.03


Tree=228
num_leaves=15
num_cat=0
split_feature=3 1 11 4 13 12 5 7 1 7 2 14 13 12
split_gain=23.4707 32.0107 36.5648 55.8957 33.8588 29.0353 23.4218 21.0587 26.3921 20.3372 32.5365 18.3112 29.8151 26.4495
threshold=0.99275886658696921 1.1211196023730112 -0.68806953595479647 0.2138544636970223 16.500000000000004 -0.063563767500471755 1.0768743712931519 -0.5812599174431009 0.966141803753371 0.27022354643526275 0.82954545454545581 1.0000000180025095e-35 13.500000000000002 0.013942581430926972
decision_type=2 2 2 2 2 2 2 10 2 10 2 2 2 2
left_child=-1 5 -3 -4 -5 9 -7 -8 11 10 -2 13 -13 -9
right_child=1 2 3 4 -6 6 7 8 -10 -11 -12 12 -14 -15
leaf_value=-5.8473495426585757e-05 0.018339513430735952 -0.0025574985477111196 0.023169594678239754 -0.00068963152946859832 0.013141120778691532 -0.0074707272715367392 0.00953103664358264 -0.0079210530781652078 0.0082973188255336342 -0.0013375039420428169 0.0024489671046019723 0.0051234525864497877 -0.0076228707286932953 0.0034658056164489069
leaf_weight=135224 207 297 203 372 273 398 201 662 258 224 260 563 228 250
leaf_count=135224 207 297 203 372 273 398 201 662 258 224 260 563 228 250
internal_value=1.16943e-05 0.00216772 0.0064697 0.0096278 0.00522037 0.000644957 -0.000830676 0.0004061 -0.000551055 0.00607854 0.00961219 -0.00191193 0.00142461 -0.00479778
internal_weight=139620 4396 1145 848 645 3251 2560 2162 1961 691 467 1703 791 912
internal_count=139620 4396 1145 848 645 3251 2560 2162 1961 691 467 1703 791 912
is_linear=0
shrinkage=0.03


Tree=229
num_leaves=15
num_cat=0
split_feature=0 5 8 2 11 12 0 2 8 0 5 0 14 12
split_gain=18.8273 43.99 20.1459 42.6196 32.6175 17.0359 13.1592 39.6946 34.9993 32.4423 31.6395 31.5708 29.7444 29.3551
threshold=0.64366282396464403 3.2149428420314812 0.032714999459994822 0.74576271186441134 -0.31461026690030086 0.0052853494566842416 0.56284881041373269 0.4000000000000003 0.071235129695356864 0.56419155648722219 2.861476455653047 0.59887817236725083 1.0000000180025095e-35 -0.0092659531653298526
decision_type=2 2 2 2 2 2 2 2 2 2 2 2 2 2
left_child=6 2 3 4 -2 -4 -1 -8 9 -9 11 12 -10 -11
right_child=1 -3 5 -5 -6 -7 7 8 10 13 -12 -13 -14 -15
leaf_value=-6.960445575215938e-05 0.012465127775634544 0.0079321299561609833 -0.016539195152757646 -0.0097567486548150832 -0.0032203980572784955 -0.0051950687012868001 -0.0024126662078305361 0.0063781778755361094 -0.0094580631932163987 -0.00068466434599754342 0.012492944145358282 0.0095999817677387377 0.0054358075230725496 0.0015466884741496586
leaf_weight=111339 202 265 210 399 278 283 3302 904 252 9266 433 323 223 12405
leaf_count=111339 202 265 210 399 278 283 3302 904 252 9266 433 323 223 12405
internal_value=3.68481e-05 -0.00315667 -0.00531948 -0.00257106 0.00344105 -0.0101448 7.47209e-05 0.000667403 0.00109504 0.000825715 0.0060108 0.00243765 -0.002482 0.000592678
internal_weight=140084 1637 1372 879 480 493 138447 27108 23806 22575 1231 798 475 21671
internal_count=140084 1637 1372 879 480 493 138447 27108 23806 22575 1231 798 475 21671
is_linear=0
shrinkage=0.03


Tree=230
num_leaves=15
num_cat=0
split_feature=1 7 13 2 6 8 0 4 8 11 7 4 5 6
split_gain=13.1523 39.8574 39.765 36.4221 30.1814 48.3027 36.0725 33.0456 29.1658 42.0235 39.9147 27.9371 27.1152 39.8119
threshold=3.9493521036352717 0.73238708671064734 49.500000000000007 0.82954545454545581 -0.018235765367852538 -0.024049194109487023 0.55003872872252335 0.88445874383443868 -0.033461338992346122 -0.90048005147410815 1.3492175557437303 0.76840467156969028 2.6755471132156958 -0.10365602241873233
decision_type=2 8 2 2 8 2 2 2 2 2 8 2 2 10
left_child=-1 2 -2 4 5 -3 8 -8 10 -10 -6 -11 -7 -14
right_child=1 3 -4 -5 6 12 7 -9 9 11 -12 -13 13 -15
leaf_value=-1.8155370042388199e-05 -0.011268021402669684 -0.011623878324439504 0.0034871530402285447 0.009284109221383308 0.00015792266880585386 -0.004627143924601557 -0.011040575786585538 0.0029898632181421764 -0.0094751216139753961 0.0082191137848174663 0.017648328779962877 -0.0019100305232508429 0.0092805706217811614 -0.0063124005771081505
leaf_weight=134375 631 525 219 319 215 815 350 260 267 560 254 430 401 227
leaf_count=134375 631 525 219 319 215 815 350 260 267 560 254 430 401 227
internal_value=-7.68965e-05 -0.0015178 -0.00746823 -0.000416844 -0.00114579 -0.00387809 0.00115945 -0.0050847 0.00337456 0.000979162 0.00971658 0.0038321 -0.00102957 0.00363892
internal_weight=139848 5473 850 4623 4304 1968 2336 610 1726 1257 469 990 1443 628
internal_count=139848 5473 850 4623 4304 1968 2336 610 1726 1257 469 990 1443 628
is_linear=0
shrinkage=0.03


Tree=231
num_leaves=15
num_cat=0
split_feature=5 4 8 9 2 12 0 0 12 12 13 5 11 0
split_gain=19.5261 32.2889 17.6505 36.6356 21.849 29.2225 27.6989 16.6348 35.7038 26.3112 36.1907 25.7797 17.8297 16.1888
threshold=0.35342405325619247 0.27769970043399206 -0.084962152251087775 0.64506280678259775 0.6714888644727004 -0.024952558413009748 0.5172528265992723 0.44180489426122765 -0.076821705555675232 0.0068767029558641233 26.500000000000004 3.128239009238873 0.77875153079610204 0.49579292248972617
decision_type=2 2 2 2 2 2 2 2 2 2 2 2 2 2
left_child=1 -1 3 -2 5 13 -6 8 -4 10 11 -10 -11 -5
right_child=2 -3 7 4 6 -7 -8 -9 9 12 -12 -13 -14 -15
leaf_value=-0.011373252525793767 -0.0084239954335821998 0.0034869165958896758 -0.0080549174308239407 -0.0027378370384609353 -0.0069303794618795125 0.013767531603546952 0.0062016571391478315 5.1970858121947123e-05 -0.0015648747272273868 -0.0013425845638986669 0.013513099390060401 0.0093156100101019178 -0.0088479176547105725 0.008344382209189493
leaf_weight=334 211 212 702 239 258 397 316 133713 1151 941 210 231 405 227
leaf_count=334 211 212 702 239 258 397 316 133713 1151 941 210 231 405 227
internal_value=1.22083e-05 -0.00562409 3.45493e-05 0.00311607 0.00483388 0.00783688 0.000290228 -2.53581e-06 -0.00200213 -0.000544657 0.00206312 0.000280814 -0.00362526 0.00269186
internal_weight=139547 546 139001 1648 1437 863 574 137353 3640 2938 1592 1382 1346 466
internal_count=139547 546 139001 1648 1437 863 574 137353 3640 2938 1592 1382 1346 466
is_linear=0
shrinkage=0.03


Tree=232
num_leaves=15
num_cat=0
split_feature=7 10 7 8 11 6 13 13 13 6 6 3 2 5
split_gain=15.4959 47.0429 32.7633 32.8867 35.8262 29.125 27.5763 31.7171 22.445 26.6801 23.7556 27.4967 19.087 34.3332
threshold=-0.52866359584834832 2.2974818123986354 -0.37736174070691425 -0.022288273297797912 1.4568420491143923 -0.27566724998840475 2.5000000000000004 35.500000000000007 15.500000000000002 0.059970128302303867 0.11520283099650787 0.91176470588235536 0.039340917770503837 1.9149189897399865
decision_type=8 2 10 2 2 10 2 2 2 8 8 2 2 2
left_child=1 6 3 5 12 -2 -1 8 10 -10 11 -8 13 -5
right_child=2 -3 -4 4 -6 -7 7 -9 9 -11 -12 -13 -14 -15
leaf_value=-0.0072338734635939957 0.011651391282358921 0.013458459137173572 4.1431852451892146e-05 0.0039466487441533879 0.0063066956459121269 -0.00043346655852732674 0.0064489563430349022 -0.006767387620933157 0.014533450552452132 0.00056415656147506621 0.0084823410602018409 -0.0072392442153736214 -0.0062970424169614004 -0.0095436440939190743
leaf_weight=320 201 298 132671 481 270 1392 202 280 314 201 266 361 2396 256
leaf_count=320 201 298 132671 481 270 1392 202 280 314 201 266 361 2396 256
internal_value=-8.08611e-06 0.00246314 -4.84197e-05 -0.00243212 -0.00409556 0.00112305 0.000747439 0.00233749 0.00425239 0.00913921 0.00117996 -0.00231449 -0.00500064 -0.000771994
internal_weight=139909 2242 137667 4996 3403 1593 1944 1624 1344 515 829 563 3133 737
internal_count=139909 2242 137667 4996 3403 1593 1944 1624 1344 515 829 563 3133 737
is_linear=0
shrinkage=0.03


Tree=233
num_leaves=15
num_cat=0
split_feature=11 9 8 8 13 6 9 1 1 12 7 13 6 1
split_gain=17.7921 34.6438 35.4858 33.7739 31.1277 27.4064 26.3061 24.4783 33.2197 32.5245 22.9611 34.073 36.0997 52.4733
threshold=2.2912129397993497 1.0608621701622356 -0.017687341524149126 0.010636797788950528 1.5000000000000002 -0.074941045886656663 0.83883794937355438 1.0793284414007702 0.82831702929475115 0.029894841628722194 1.1716868637551341 51.500000000000007 0.15740589396195806 2.1865313136382114
decision_type=2 2 2 2 2 10 2 2 2 2 10 2 8 2
left_child=10 4 -3 -4 6 -5 -2 8 -6 -9 -1 12 -12 -14
right_child=1 2 3 5 7 -7 -8 9 -10 -11 11 -13 13 -15
leaf_value=-0.00013769955791715366 -0.0058596416852560651 0.013519615699056416 -0.0084526451942379729 0.012638669237756814 -0.0062119197640045781 -0.0016813608086718025 0.0062395288164896713 -0.011489780968246615 0.0070367073412497556 -0.0021827606916834247 0.00030210591733369538 -0.0080446835146322643 0.0014709911718861961 0.0079346936823132888
leaf_weight=112910 251 212 279 208 423 274 435 851 278 563 16325 372 4896 1466
leaf_count=112910 251 212 279 208 423 274 435 851 278 563 16325 372 4896 1466
internal_value=-1.79426e-05 -0.0020484 0.00281814 -0.000231873 -0.00374093 0.00456455 0.00180221 -0.00553886 -0.000945203 -0.00780483 3.84887e-05 0.00090105 0.00104947 0.00296549
internal_weight=139743 3774 973 761 2801 482 686 2115 701 1414 135969 23059 22687 6362
internal_count=139743 3774 973 761 2801 482 686 2115 701 1414 135969 23059 22687 6362
is_linear=0
shrinkage=0.03


Tree=234
num_leaves=15
num_cat=0
split_feature=8 9 6 7 1 1 7 3 3 12 6 1 9 3
split_gain=15.7659 37.7764 33.5603 49.8748 21.4416 23.8379 14.894 43.2817 49.7059 42.4769 53.3741 39.8827 44.6187 38.0404
threshold=-0.084962152251087775 0.64506280678259775 0.083570781074535652 0.45030701873391371 1.5005927463958699 0.92693538184689517 0.73238708671064734 0.64679875073199489 0.62162162162162349 0.080213057907794885 -0.51361829167018336 1.5005927463958699 0.74483346560517905 0.92307692307693134
decision_type=2 2 8 8 2 2 10 2 2 2 10 2 2 2
left_child=1 -1 4 -4 5 -3 7 8 -2 11 13 -9 -13 -11
right_child=6 2 3 -5 -6 -7 -8 9 -10 10 -12 12 -14 -15
leaf_value=-0.0089966367653438011 -0.0010400658315471057 0.0028472537408103641 0.00092785584799786832 0.018489302716568692 0.0093340128630507689 -0.0086382457502463261 0.00039841585569481009 5.448104686965541e-05 -0.0062823523951337952 -0.0011090653355138459 0.002071436529620311 -0.0048648128737973509 -0.00082898424430023689 -0.014007538834030366
leaf_weight=205 7979 407 277 303 202 264 48825 52268 2041 623 12169 3186 10856 303
leaf_count=205 7979 407 277 303 202 264 48825 52268 2041 623 12169 3186 10856 303
internal_value=1.19587e-05 0.00291557 0.00462132 0.0101818 0.000890115 -0.0017021 -2.29678e-05 -0.000253048 -0.00211048 -1.85427e-05 0.00154251 -0.000326914 -0.00174608 -0.00538219
internal_weight=139908 1658 1453 580 873 671 138250 89425 10020 79405 13095 66310 14042 926
internal_count=139908 1658 1453 580 873 671 138250 89425 10020 79405 13095 66310 14042 926
is_linear=0
shrinkage=0.03


Tree=235
num_leaves=15
num_cat=0
split_feature=13 13 10 14 13 13 10 4 1 12 1 13 10 13
split_gain=18.867 50.7463 83.6105 97.1191 60.3604 60.3212 64.3916 72.6455 56.7964 50.0609 38.6272 38.3043 83.3273 69.5974
threshold=39.500000000000007 42.500000000000007 2.4551122253553803 1.0000000180025095e-35 43.500000000000007 45.500000000000007 2.734792005973135 1.2667307130513492 1.1137015382101205 0.041343569877617399 1.718580282699943 35.500000000000007 1.6525344258188386 34.500000000000007
decision_type=2 2 2 2 2 2 2 2 2 2 2 2 2 2
left_child=11 2 3 -2 -3 8 7 -7 -6 -5 -8 13 -13 -1
right_child=1 4 -4 9 5 6 10 -9 -10 -11 -12 12 -14 -15
leaf_value=-1.5036423922997042e-05 0.0010475440292635509 -0.0099624825482515934 -0.011783059634682205 0.021147314526759171 -0.00010705636379278295 -0.0018595643206179519 0.019944507993953437 0.0086879726394848353 0.015963105537871621 0.0051541490530554986 0.0039067988378447618 0.002467344105048563 -0.0077896575544460162 0.0084132567295376708
leaf_weight=125726 850 480 211 513 359 5874 202 648 436 273 399 1236 1673 883
leaf_count=125726 850 480 211 513 359 5874 202 648 436 273 399 1236 1673 883
internal_value=6.38609e-05 0.00130286 0.00579788 0.00809434 0.000311399 0.00094011 6.28125e-05 -0.00080575 0.00875095 0.0156601 0.00941726 -3.4192e-05 -0.00343482 4.40743e-05
internal_weight=139763 10245 1847 1636 8398 7918 7123 6522 795 786 601 129518 2909 126609
internal_count=139763 10245 1847 1636 8398 7918 7123 6522 795 786 601 129518 2909 126609
is_linear=0
shrinkage=0.03


Tree=236
num_leaves=15
num_cat=0
split_feature=13 13 13 13 13 5 13 2 13 7 10 11 11 11
split_gain=16.3462 44.0071 20.7033 41.541 109.722 41.7066 23.5685 92.6314 38.0924 16.7203 58.7052 27.3753 28.1728 26.4707
threshold=114.00000000000001 95.000000000000014 85.000000000000014 75.500000000000014 74.500000000000014 1.8229199250771964 62.500000000000007 0.57971014492753403 61.500000000000007 -0.52866359584834832 2.2759169036967433 0.83449901092341094 0.34144409500819134 0.063226145983107232
decision_type=2 2 2 2 2 2 2 2 2 8 2 2 2 2
left_child=1 2 3 4 6 -5 8 -8 9 10 11 12 13 -1
right_child=-2 -3 -4 5 -6 -7 7 -9 -10 -11 -12 -13 -14 -15
leaf_value=-0.00095422112972516062 -0.0057306123212875213 0.013817127449527525 -0.0065879782798767645 -0.0014968936427913863 -0.017775093541982079 0.015307006917560017 -0.0085440782219053726 0.014649745449771297 -0.011714583501129982 -1.1616245057807588e-05 0.014993900500462206 0.0098713051500543946 -0.010519019400538957 0.010629462573145116
leaf_weight=1145 440 203 422 227 307 313 248 397 244 134862 294 245 225 205
leaf_count=1145 440 203 422 227 307 313 248 397 244 134862 294 245 225 205
internal_value=9.98498e-06 2.83177e-05 7.70367e-06 2.80063e-05 -4.59846e-06 0.00829422 3.56164e-05 0.00573469 8.62001e-06 2.99298e-05 0.00267412 0.000648375 -0.000813001 0.000837515
internal_weight=139777 139337 139134 138712 138172 540 137865 645 137220 136976 2114 1820 1575 1350
internal_count=139777 139337 139134 138712 138172 540 137865 645 137220 136976 2114 1820 1575 1350
is_linear=0
shrinkage=0.03


Tree=237
num_leaves=15
num_cat=0
split_feature=9 6 6 12 3 12 6 9 14 6 10 6 6 4
split_gain=20.7448 73.3968 61.8299 47.52 45.4374 57.8442 95.6075 91.6447 65.9784 91.2877 72.5553 46.5836 45.9195 43.4276
threshold=0.94201319189821497 0.041255048588408678 -0.20273707682329142 -0.068591448389432028 0.94845360824742853 0.043426349602320787 -0.17327337616601582 0.85982070262707977 1.0000000180025095e-35 -0.28681916005187469 1.8250836829013541 -0.33882887476114243 0.026886380391967672 1.0698613046205476
decision_type=2 10 10 2 2 2 10 2 2 8 2 10 10 2
left_child=1 4 -2 -4 5 -1 8 12 9 10 -7 -10 13 -8
right_child=2 -3 3 -5 -6 6 7 -9 11 -11 -12 -13 -14 -15
leaf_value=-0.0012035576112593336 0.0025238621818690784 0.00090024972253476216 0.0019514762462396228 -0.00054688090430205026 -0.0032082700885444622 0.0054981791715779165 0.0075344985419738362 -0.0021362200056177535 -0.005893718220599445 -0.0026758027361898588 0.025394999944386962 -0.00042060005699385693 -0.0067161275596050035 -0.0061949489744888104
leaf_weight=35057 11184 33575 8772 31234 6624 567 4015 1660 2400 865 230 3350 234 215
leaf_count=35057 11184 33575 8772 31234 6624 567 4015 1660 2400 865 230 3350 234 215
internal_value=7.15093e-05 -0.000205786 0.000552468 1.10206e-06 -0.000878338 -0.000560434 0.00110503 0.00387728 -0.00118655 0.00407009 0.0113626 -0.00270817 0.00611337 0.00683018
internal_weight=139982 88792 51190 40006 55217 48593 13536 6124 7412 1662 797 5750 4464 4230
internal_count=139982 88792 51190 40006 55217 48593 13536 6124 7412 1662 797 5750 4464 4230
is_linear=0
shrinkage=0.03


Tree=238
num_leaves=15
num_cat=0
split_feature=12 10 9 14 13 12 6 9 9 2 6 5 13 5
split_gain=17.3353 46.7279 40.9345 59.1131 73.4439 59.4806 63.284 116.46 52.3949 49.1836 56.0583 40.6705 39.3753 45.8355
threshold=0.10206281585538525 3.2011398081376781 1.0344411908452507 1.0000000180025095e-35 28.500000000000004 0.15569946604796767 -0.12083828146057461 0.83883794937355438 0.81180328418122738 0.45238095238095671 0.54935095367674869 2.4253676502320025 31.500000000000004 2.3708501523171601
decision_type=2 2 2 2 2 2 8 2 2 2 8 2 2 2
left_child=-1 2 3 5 8 -2 7 -7 9 -5 11 -11 -6 -14
right_child=1 -3 -4 4 12 6 -8 -9 -10 10 -12 -13 13 -15
leaf_value=1.9858393490200874e-05 -0.00017088431638734829 0.013022131232359397 -0.0041696875558166844 -0.0026722866333796676 -0.01659108723109623 0.0010817161735591537 0.0032912081881271873 0.031926566868223351 -0.0030766839845603969 0.0099045122592534545 -0.0031445969675038738 0.0012483702851743036 -0.00062574822523406867 -0.010885542534768314
leaf_weight=123071 2292 206 3307 1406 313 213 942 224 3498 1301 697 783 921 678
leaf_count=123071 2292 206 3307 1406 313 213 942 224 3498 1301 697 783 921 678
internal_value=-0.000103491 -0.00100787 -0.00118611 -0.000441174 -0.00167954 0.00279414 0.00770504 0.0170747 -0.000368884 0.0018943 0.0042037 0.006663 -0.00693283 -0.00499643
internal_weight=139852 16781 16575 13268 9597 3671 1379 437 7685 4187 2781 2084 1912 1599
internal_count=139852 16781 16575 13268 9597 3671 1379 437 7685 4187 2781 2084 1912 1599
is_linear=0
shrinkage=0.03


Tree=239
num_leaves=15
num_cat=0
split_feature=7 1 13 8 6 6 7 12 7 7 13 13 10 9
split_gain=11.6373 45.7751 43.5113 39.0753 32.5331 71.4015 38.5136 37.161 32.8287 32.2554 30.666 56.7333 81.4918 77.3171
threshold=0.73238708671064734 3.784052933026095 56.500000000000007 0.040098001390833256 0.28684041344263905 0.0026555330798465619 1.9082610680957168 -0.081201131582853955 0.80297099047749454 0.71164889350446991 24.500000000000004 14.500000000000002 1.4530160958418505 1.1393306225969257
decision_type=10 2 2 2 8 10 10 2 10 10 2 2 2 2
left_child=1 9 -3 10 5 -5 7 -6 -7 -1 11 -2 -13 -14
right_child=3 2 -4 4 6 8 -8 -9 -10 -11 -12 12 13 -15
leaf_value=-0.00016315518237922338 -0.00031882656273386393 -0.0095831141082122102 0.0055490935807029013 0.003990889745768421 0.013171838041100847 0.0077830630550161 0.01699133423253894 0.0011001604871851949 -0.0039262673124301848 -0.0045330242510600843 -0.0024533176269537545 -0.0022280647760553277 0.0067802822919262873 -0.0062869171693177642
leaf_weight=87885 31674 838 211 3499 299 235 245 941 2132 1542 4425 1907 3570 456
leaf_count=87885 31674 838 211 3499 299 235 245 941 2132 1542 4425 1907 3570 456
internal_value=-0.000109857 -0.000312024 -0.00652748 0.000260535 0.00227765 0.00127092 0.00623679 0.0040522 -0.00274979 -0.000238755 -9.24691e-05 0.000185608 0.00287659 0.00529428
internal_weight=139859 90476 1049 49383 7351 5866 1485 1240 2367 89427 42032 37607 5933 4026
internal_count=139859 90476 1049 49383 7351 5866 1485 1240 2367 89427 42032 37607 5933 4026
is_linear=0
shrinkage=0.03


Tree=240
num_leaves=15
num_cat=0
split_feature=9 13 13 13 11 13 3 9 12 13 1 13 13 10
split_gain=18.4084 36.0065 52.345 19.9729 70.3422 95.5642 99.5088 67.5104 78.0156 66.2723 64.9989 59.8257 60.3599 69.2957
threshold=1.3312480570631371 46.500000000000007 32.500000000000007 37.500000000000007 1.2109486778680012 42.500000000000007 0.95265338146766076 0.96403169638148156 -0.054579929357267458 41.500000000000007 1.2699227031390035 43.500000000000007 45.500000000000007 2.6222250942053598
decision_type=2 2 2 2 2 2 2 2 2 2 2 2 2 2
left_child=3 2 -2 -1 5 6 7 8 -5 -6 -9 -7 -13 -14
right_child=1 -3 -4 4 9 11 -8 10 -10 -11 -12 12 13 -15
leaf_value=-2.1594846698621368e-05 -0.001692809850572065 -0.010724393344006022 0.012862759052452035 0.0033361486624144268 -0.016003790457792107 -0.010233827637345998 -0.006457788605848557 0.012378119727596641 0.017608889016636174 -0.000667782558998431 -0.0083886304175337933 0.0094357706974333572 -0.00090336613411737287 0.0096504167661705664
leaf_weight=123187 4877 365 228 516 373 442 401 235 1050 772 307 696 5606 617
leaf_count=123187 4877 365 228 516 373 442 401 235 1050 772 307 696 5606 617
internal_value=1.83062e-05 -0.00168681 -0.00103078 8.78662e-05 0.00131149 0.0021287 0.00717866 0.00978183 0.0129316 -0.00571157 0.000646245 0.00040371 0.00109016 0.000149931
internal_weight=139672 5470 5105 134202 11015 9870 2509 2108 1566 1145 542 7361 6919 6223
internal_count=139672 5470 5105 134202 11015 9870 2509 2108 1566 1145 542 7361 6919 6223
is_linear=0
shrinkage=0.03


Tree=241
num_leaves=15
num_cat=0
split_feature=2 9 2 9 5 12 6 12 5 6 9 13 6 13
split_gain=15.7476 30.8887 57.7512 56.3673 60.0543 53.4422 51.8797 58.8126 74.1556 46.6985 46.5937 64.6961 45.0373 55.0949
threshold=0.65853658536585258 0.92092934462825926 0.79999999999999838 0.86567141772898337 1.0269753732347466 0.014740121151738119 0.23953741067391401 -0.024952558413009748 1.4128523318123676 -0.21111035101321043 0.68067664305573261 41.500000000000007 -0.18131581116188497 37.500000000000007
decision_type=2 2 2 2 2 2 8 2 2 10 2 2 10 2
left_child=-1 2 3 5 -5 10 7 -3 -9 -10 11 -2 -7 -14
right_child=1 6 -4 4 -6 12 -8 8 9 -11 -12 -13 13 -15
leaf_value=-0.00018134697732240918 -0.0048988506973017846 0.0042629676108970338 -0.001552468714162029 0.0097995088890330765 -0.0036531810580004436 -7.0329731633631645e-07 -0.0013973298477396739 -0.0049258823048012428 0.0056646647096954029 0.00061838172240408879 0.0015793171661894337 0.011240726016372082 0.004377780984812632 0.015501254116406356
leaf_weight=83651 2200 6816 14317 324 3252 1923 4947 1756 2145 7110 6576 244 4066 441
leaf_count=83651 2200 6816 14317 324 3252 1923 4947 1756 2145 7110 6576 244 4066 441
internal_value=7.9468e-05 0.000468234 -0.000113477 0.000969483 -0.00242233 0.00175507 0.00131974 0.00207391 0.000717532 0.00179037 0.000264871 -0.00326787 0.00384369 0.00548216
internal_weight=139768 56117 33343 19026 3576 15450 22774 17827 11011 9255 9020 2444 6430 4507
internal_count=139768 56117 33343 19026 3576 15450 22774 17827 11011 9255 9020 2444 6430 4507
is_linear=0
shrinkage=0.03


Tree=242
num_leaves=15
num_cat=0
split_feature=11 6 13 7 9 11 13 12 8 7 7 11 9 13
split_gain=20.1705 43.3649 55.4309 34.8787 34.6715 38.262 35.7749 56.9529 42.1636 36.3775 34.3951 32.9167 36.3122 30.4871
threshold=-1.0342220249604657 -0.21668235190058147 51.500000000000007 0.74037296164750932 0.91653741388304322 -1.2552787284479348 11.500000000000002 1.0000000180025095e-35 -0.017287247841511869 -0.071849874981437065 0.99859445401792624 -1.2094400368471887 1.1181428734679872 2.5000000000000004
decision_type=2 10 2 10 2 2 2 2 2 8 10 2 2 2
left_child=1 2 3 11 6 -6 -3 8 9 -8 -5 12 13 -1
right_child=-2 4 -4 10 5 -7 7 -9 -10 -11 -12 -13 -14 -15
leaf_value=0.0089411721353821211 0.00017623358326886325 -0.0010148053246554762 0.012692399856187014 0.012557297540041281 -0.0014282654457736426 0.0036066566111927867 -0.0026514505819373187 -0.00062769039667078419 -0.0038109041361596538 -0.014554625867860022 0.001175098961307889 -0.0062774015365590777 0.011918571088617005 -0.0018980125828905127
leaf_weight=266 119980 4754 378 383 4548 1931 310 1738 1263 933 625 758 237 1685
leaf_count=266 119980 4754 378 383 4548 1931 310 1738 1263 933 625 758 237 1685
internal_value=2.97979e-05 -0.00085696 0.00179474 0.000738216 -0.00159951 7.39659e-05 -0.00280386 -0.00480436 -0.00769402 -0.0116085 0.00554052 -0.000911537 0.00095746 -0.000401116
internal_weight=139789 19809 4332 3954 15477 6479 8998 4244 2506 1243 1008 2946 2188 1951
internal_count=139789 19809 4332 3954 15477 6479 8998 4244 2506 1243 1008 2946 2188 1951
is_linear=0
shrinkage=0.03


Tree=243
num_leaves=15
num_cat=0
split_feature=7 10 4 12 9 0 3 8 6 7 4 6 6 9
split_gain=16.0575 43.0324 22.1124 17.1212 41.0945 35.4027 14.0754 13.3267 45.1221 30.4776 30.0964 40.6931 45.9569 38.8697
threshold=-0.52866359584834832 2.2974818123986354 0.73469914009531168 -0.025740739698148104 0.9918746796116682 0.55836699911537235 0.92499999999999727 -0.019785837690491821 -0.53635489384601454 -0.37736174070691425 0.089138412154787725 0.54935095367674869 0.47077119802011563 0.91244427985175192
decision_type=8 2 2 2 2 2 2 2 8 8 2 10 8 2
left_child=1 2 3 4 -1 -5 -7 8 -2 -9 13 12 -12 -10
right_child=7 -3 -4 5 -6 6 -8 9 10 -11 11 -13 -14 -15
leaf_value=-0.010463319831866432 0.010858556489069615 0.013016522475131524 0.0080990101755879368 -0.0034878144412117448 0.0046351191940029023 0.013928995022777377 0.0031280717647588644 -0.0037273733566171017 -0.0038143568381254394 0.00016848214040312046 -0.0001826427299009569 -0.0039194605121463293 0.005297660727087419 0.00030571473152657424
leaf_weight=391 305 296 308 496 271 200 239 1838 5275 93157 29747 2478 1439 3379
leaf_count=391 305 296 308 496 271 200 239 1838 5275 93157 29747 2478 1439 3379
internal_value=-6.41423e-05 0.0024751 0.000807386 -0.000619777 -0.00429413 0.00199074 0.00815021 -0.000104842 -0.00054554 9.29114e-05 -0.000629007 -0.000223238 7.10409e-05 -0.00220641
internal_weight=139819 2201 1905 1597 662 935 439 137618 42623 94995 42318 33664 31186 8654
internal_count=139819 2201 1905 1597 662 935 439 137618 42623 94995 42318 33664 31186 8654
is_linear=0
shrinkage=0.03


Tree=244
num_leaves=15
num_cat=0
split_feature=1 5 3 6 2 2 4 8 10 9 6 13 10 1
split_gain=15.713 32.2882 25.8183 40.6348 35.363 32.5715 26.5134 16.9638 35.3126 24.6704 20.3685 16.2986 24.8278 15.4049
threshold=0.38877962107586433 1.8229199250771964 0.77611940298507431 0.1705745334956468 0.53600000000000214 0.83448275862069365 0.10461856567557394 0.019225999939777444 1.2377366526871763 0.88658657826639753 0.26210776757556836 6.5000000000000009 1.4864699221603384 3.9493521036352717
decision_type=2 2 2 10 2 2 2 2 2 2 8 2 2 2
left_child=1 7 3 4 6 -4 -3 9 -9 -1 11 12 -11 -2
right_child=13 2 5 -5 -6 -7 -8 8 -10 10 -12 -13 -14 -15
leaf_value=-0.0018922771775988728 0.0001718123395338585 0.0086001986284185584 -0.0039627595490961112 -0.0049961264488200203 0.017335993441939354 0.0082754868372984514 -0.0031306921342810806 -0.0089083607829928968 0.0071765578333163422 -0.016498895176678647 -0.017346138454161549 -8.95150779168817e-05 -0.0026028448575502864 -0.0014569543860757594
leaf_weight=801 129476 403 1283 348 220 226 298 204 293 237 206 232 226 5441
leaf_count=801 129476 403 1283 348 220 226 298 204 293 237 206 232 226 5441
internal_value=4.49829e-05 -0.00160955 0.00054073 0.00368701 0.00697719 -0.00210858 0.00362646 -0.00432107 0.000551328 -0.00574131 -0.00913382 -0.00659315 -0.00981622 0.000106075
internal_weight=139894 4977 2778 1269 921 1509 701 2199 497 1702 901 695 463 134917
internal_count=139894 4977 2778 1269 921 1509 701 2199 497 1702 901 695 463 134917
is_linear=0
shrinkage=0.03


Tree=245
num_leaves=15
num_cat=0
split_feature=9 13 13 8 13 6 9 10 6 5 13 3 13 1
split_gain=13.2729 26.0084 32.4866 22.0989 15.9399 50.7509 75.5546 79.5006 64.3722 89.0049 47.0964 87.1249 81.3125 69.8415
threshold=1.3496699066245252 46.500000000000007 30.500000000000004 0.04272531179346109 39.500000000000007 0.10044362968877953 0.69350126118642474 1.6009715883665387 -0.14890248052492586 1.4254123008385853 35.500000000000007 0.84210526315788681 37.500000000000007 1.9716277576534535
decision_type=2 2 2 2 2 8 2 2 10 2 2 2 2 2
left_child=4 2 3 -2 10 8 7 -7 -6 -10 -1 12 -12 -14
right_child=1 -3 -4 -5 5 6 -8 -9 9 -11 11 -13 13 -15
leaf_value=5.3242612088640457e-05 -0.0007152248815133535 -0.0091875522339913401 0.0090733432048506549 -0.0070983547328866735 0.00019251335462865419 -0.00295447144301957 -0.0043231737440871882 0.020123226956226103 -0.0043426134093352033 0.0087833097888661768 -0.0041775352183311912 -0.0089174374506044065 0.019268886883743109 -0.0026795502905159778
leaf_weight=122315 3771 364 271 556 4028 278 2417 253 582 2256 865 1471 325 214
leaf_count=122315 3771 364 271 556 4028 278 2417 253 582 2256 865 1471 325 214
internal_value=-7.82805e-07 -0.00152382 -0.000907804 -0.00154267 5.52501e-05 0.0012192 -0.00207079 0.00812626 0.00263227 0.00608862 -3.60401e-05 -0.00382801 0.001517 0.0106101
internal_weight=139966 4962 4598 4327 135004 9814 2948 531 6866 2838 125190 2875 1404 539
internal_count=139966 4962 4598 4327 135004 9814 2948 531 6866 2838 125190 2875 1404 539
is_linear=0
shrinkage=0.03


Tree=246
num_leaves=15
num_cat=0
split_feature=11 3 13 12 11 9 13 9 3 5 3 6 3 10
split_gain=18.6698 48.8334 28.9192 26.249 16.3821 42.8626 29.3657 22.4874 35.8455 26.7466 26.8539 24.1499 18.2552 17.3606
threshold=-2.4853874447119204 0.89772727272727237 15.500000000000002 -0.052551654569620458 2.2912129397993497 0.83492178922515181 -1.0000000180025095e-35 0.959418612181555 0.60000000000000042 3.6723468570227387 0.84000000000000974 -0.086791750989144587 0.58853258754040638 2.2759169036967433
decision_type=2 2 2 2 2 2 2 2 2 2 2 8 2 2
left_child=1 2 -1 -3 13 -6 -7 12 -9 10 -10 -11 -8 -2
right_child=4 3 -4 -5 5 6 7 8 9 11 -12 -13 -14 -15
leaf_value=-0.0045162925759005702 -0.00018453491161108887 0.011472787356031114 -0.017713082933822413 -0.0028388468443437385 -0.0072742152578852337 0.0091811088160594877 0.0028619350748749018 -0.0057651190334891385 0.0052637799182691826 0.0013699609101938738 -0.0081807947312839899 0.014515230239617942 -0.0070588122804057917 0.00075287136190274368
leaf_weight=431 113661 202 228 257 1021 272 214 465 307 217 229 298 718 21073
leaf_count=431 113661 202 228 257 1021 272 214 465 307 217 229 298 718 21073
internal_value=-0.000123553 -0.0039761 -0.0091811 0.00351528 -9.23066e-05 -0.0020492 -7.81493e-05 -0.00112357 0.00113125 0.0041953 -0.000502785 0.00904278 -0.00477776 -3.78979e-05
internal_weight=139593 1118 659 459 138475 3741 2720 2448 1516 1051 536 515 932 134734
internal_count=139593 1118 659 459 138475 3741 2720 2448 1516 1051 536 515 932 134734
is_linear=0
shrinkage=0.03


Tree=247
num_leaves=15
num_cat=0
split_feature=2 13 13 13 3 11 13 12 9 8 13 6 6 6
split_gain=17.9577 37.7145 78.6346 70.2065 62.1574 61.4825 50.4115 32.911 35.6132 36.253 29.595 29.0759 28.4791 26.7423
threshold=0.65853658536585258 46.500000000000007 56.500000000000007 58.500000000000007 0.74999999999999545 -0.1333689882218371 44.500000000000007 0.1336394202942093 0.65457553773771437 0.054295560144002365 28.500000000000004 -0.19999379883418075 0.21305498950478544 0.47077119802011563
decision_type=2 2 2 2 2 2 2 2 2 2 2 10 10 8
left_child=1 6 4 -4 -3 -5 7 13 11 10 -10 -9 -13 -1
right_child=-2 2 3 5 -6 -7 -8 8 9 -11 -12 12 -14 -15
leaf_value=-0.00026195406419758866 0.00039775057459139312 -0.014079831209776036 0.017134899546460407 0.0056754219063629621 0.00302386486148204 -0.0091508221100110778 0.010381529206334552 -0.0046917463870565015 -0.0033446813416188863 0.0053741925984621044 -0.012193847703772621 0.016054121324024492 0.0019489913797553849 0.0016164163713609622
leaf_weight=67444 56193 808 200 474 248 526 399 261 4375 395 365 206 335 7584
leaf_count=67444 56193 808 200 474 248 526 399 261 4375 395 365 206 335 7584
internal_value=-1.69798e-05 -0.000295687 -0.00411755 0.00113867 -0.0100677 -0.00212991 -0.000189471 -0.000242204 -0.0023914 -0.00330968 -0.00403824 0.00347221 0.00741772 -7.19891e-05
internal_weight=139813 83620 2256 1200 1056 1000 81364 80965 5937 5135 4740 802 541 75028
internal_count=139813 83620 2256 1200 1056 1000 81364 80965 5937 5135 4740 802 541 75028
is_linear=0
shrinkage=0.03


Tree=248
num_leaves=15
num_cat=0
split_feature=12 5 9 8 0 14 2 2 9 8 8 1 5 1
split_gain=19.8801 54.3805 50.6815 65.9388 30.3768 29.1062 51.5207 54.7775 46.3388 60.3116 50.7919 45.0548 39.7805 41.3269
threshold=-0.096687096628996869 0.9922107210790384 0.67231666514174548 0.026297012836672479 0.44542691009243079 1.0000000180025095e-35 0.92857142857143959 0.6984126984126976 0.95489489766715985 0.049591586771984962 0.0015766365593906809 2.4019123155063107 2.285544844994623 0.50167351997178
decision_type=2 2 2 2 2 2 2 2 2 2 2 2 2 2
left_child=1 -1 3 -3 -4 6 7 8 9 11 -10 -6 13 -9
right_child=-2 2 4 -5 5 -7 -8 12 10 -11 -12 -13 -14 -15
leaf_value=0.0051666786362375714 -0.00026326360128645998 -0.0065021487795889231 -0.0069072244785326935 0.006072444691938364 -0.0029508192253856636 -0.0013463920981581948 -0.0092566100778904824 -0.0037187505751077468 0.0069550013093064777 0.011550525222396985 -0.00046648078870986578 0.0097677373894479846 0.0021304065637794004 0.0098896220759820009
leaf_weight=2226 118808 1839 443 467 4134 3627 369 227 1700 303 1616 262 2098 1597
leaf_count=2226 118808 1839 443 467 4134 3627 369 227 1700 303 1616 262 2098 1597
internal_value=-0.000113137 0.000739802 0.000211089 -0.00394797 0.000797777 0.00101411 0.00171009 0.00205283 0.000630202 -0.00128569 0.003343 -0.00218256 0.00495561 0.0081905
internal_weight=139716 20908 18682 2306 16376 15933 12306 11937 8015 4699 3316 4396 3922 1824
internal_count=139716 20908 18682 2306 16376 15933 12306 11937 8015 4699 3316 4396 3922 1824
is_linear=0
shrinkage=0.03


Tree=249
num_leaves=15
num_cat=0
split_feature=1 6 10 6 3 7 11 9 4 4 1 0 4 3
split_gain=17.2061 58.6846 41.6608 54.1464 41.4631 84.473 52.0809 71.862 34.1662 26.6219 24.5023 28.5506 27.0553 22.2746
threshold=3.784052933026095 -0.018235765367852538 2.1819806254753198 -0.20547467458666094 0.45833333333333437 1.4242692044973471 1.1387284510945364 0.90215933193795106 0.5018045915800079 0.38111999740096508 5.4483116787089321 0.54471446130161494 0.86563539260302647 0.74218750000000389
decision_type=2 8 2 10 2 8 2 2 2 2 2 2 2 2
left_child=-1 2 -2 -4 8 6 10 -8 -3 -7 12 -12 13 -6
right_child=1 4 3 -5 5 9 7 -9 -10 -11 11 -13 -14 -15
leaf_value=0.0001359597381305376 -0.0072656168206520254 -0.011609457144918648 0.010448728451712904 -0.0046066593125022219 -0.007968136347234249 0.02023685001176917 0.020252980394171005 -0.0024627405917445081 0.0022211075285061572 0.0074951138074981103 -0.003728038372530306 0.0095461858106469077 -0.011564560083930857 0.0041780426080694939
leaf_weight=133812 1867 363 318 638 245 236 232 264 283 408 338 249 413 293
leaf_count=133812 1867 363 318 638 245 236 232 264 283 408 338 249 413 293
internal_value=6.4644e-05 -0.00148665 -0.0046635 0.000429612 0.00121433 0.00286064 -0.00014589 0.00825844 -0.00558003 0.0122844 -0.00287424 0.00193583 -0.00583783 -0.00137565
internal_weight=139959 6147 2823 956 3324 2678 2034 496 646 644 1538 587 951 538
internal_count=139959 6147 2823 956 3324 2678 2034 496 646 644 1538 587 951 538
is_linear=0
shrinkage=0.03


Tree=250
num_leaves=15
num_cat=0
split_feature=11 6 4 3 11 5 6 2 5 10 3 13 9 13
split_gain=15.4629 85.0718 64.8844 29.2419 27.2597 30.8474 29.2011 25.7302 24.7256 23.8417 29.7959 21.9839 33.2474 60.3969
threshold=-1.4373322302968015 -0.21668235190058147 0.15499085605773041 0.59663865546218398 -1.3796310118128428 1.4722990771457338 0.10044362968877953 0.31818181818182001 1.6314559412093701 1.6472667503689131 0.85714285714284011 6.5000000000000009 0.7984533867400363 11.500000000000002
decision_type=2 8 2 2 2 2 8 2 2 2 2 2 2 2
left_child=1 2 8 7 5 -2 -7 -3 -1 -4 -11 -5 13 -13
right_child=4 3 9 11 -6 6 -8 -9 -10 10 -12 12 -14 -15
leaf_value=-0.0082333724135225939 -0.0010057046997451013 -0.0014878677589531923 0.018002339761326279 0.00027971832494086901 -0.00011341080316320222 0.013985234494558902 0.00046621664244569195 -0.011247819007240005 0.0029275380603080107 0.012104688305172974 0.0016494755768804875 0.0034811500768496917 -0.0012746365526713724 -0.0099471200805765631
leaf_weight=359 491 404 202 2531 129050 389 227 612 347 471 510 397 2874 1220
leaf_count=359 491 404 202 2531 129050 389 227 612 347 471 510 397 2874 1220
internal_value=-0.000160183 -0.00130117 0.00441993 -0.00264759 -7.31144e-05 0.00460388 0.00904725 -0.00739319 -0.00276576 0.00870185 0.00670518 -0.00195619 -0.00321519 -0.00664969
internal_weight=140084 9927 1889 8038 130157 1107 616 1016 706 1183 981 7022 4491 1617
internal_count=140084 9927 1889 8038 130157 1107 616 1016 706 1183 981 7022 4491 1617
is_linear=0
shrinkage=0.03


Tree=251
num_leaves=15
num_cat=0
split_feature=3 6 8 6 8 5 5 1 9 0 1 7 6 8
split_gain=12.7475 46.0911 78.2472 49.0407 37.2985 42.8692 35.2628 35.9436 57.1763 29.7609 28.2049 33.9088 32.9492 41.4606
threshold=0.75851393188853888 0.45761960759347281 0.071235129695356864 0.54935095367674869 0.037594091061434479 2.2637117489125047 1.2868924455734057 0.64365186310620326 0.92697347520403739 0.51071823282982487 0.90060142095422224 -0.42811630310379212 0.096888976044229982 0.0023538134785195098
decision_type=2 8 2 8 2 2 2 2 2 2 2 8 8 2
left_child=1 -1 3 4 5 -3 7 -5 -9 -2 -11 -12 -13 -14
right_child=9 2 -4 6 -6 -7 -8 8 -10 10 11 12 13 -15
leaf_value=7.2159340856731791e-06 0.00057761710164480487 0.0039060351106069854 0.020777916722539543 -0.0033120766844782798 -0.0043417326646958479 0.015851026823415475 -0.00036907109756927271 0.0038322255889946056 0.02204560554270291 -0.0014719823520632314 0.010636657321747718 0.00051340324272424506 0.00047761198717311194 -0.0032282993391024874
leaf_weight=52471 25558 585 202 281 206 505 4418 530 216 22681 258 21078 5048 5876
leaf_count=52471 25558 585 202 281 206 505 4418 530 216 22681 258 21078 5048 5876
internal_value=-2.20391e-05 0.000311261 0.00260739 0.0020479 0.00728092 0.00948729 0.000796819 0.00578979 0.00921747 -0.000268043 -0.000661452 -9.14531e-05 -0.000179591 -0.00151636
internal_weight=139913 59414 6943 6741 1296 1090 5445 1027 746 80499 54941 32260 32002 10924
internal_count=139913 59414 6943 6741 1296 1090 5445 1027 746 80499 54941 32260 32002 10924
is_linear=0
shrinkage=0.03


Tree=252
num_leaves=15
num_cat=0
split_feature=7 5 0 4 12 9 9 3 4 13 3 7 7 5
split_gain=15.2771 45.6984 39.1222 18.2534 27.6617 21.046 16.9851 15.7207 14.2434 44.2712 32.0504 66.3017 42.1541 39.6585
threshold=-0.52866359584834832 2.6646454896133944 0.55963992371337601 0.72419875213888452 -0.023411962722572784 0.80032800030337381 1.0000417400498316 0.91176470588235536 1.1028824728059303 49.500000000000007 0.89473684210526316 0.32113652798769837 0.20636501316850261 2.2746674297824847
decision_type=8 2 2 2 2 2 2 2 2 2 2 10 10 2
left_child=1 3 -3 4 6 -6 -1 -7 -2 10 -10 12 -12 -13
right_child=8 2 -4 -5 5 7 -8 -9 9 -11 11 13 -14 -15
leaf_value=-0.011436376748692004 -2.3308427766658756e-05 0.0014524864105726865 0.015769249820071732 0.0067163175514442387 0.0096529399888176052 0.0049361979328798799 -0.00032926244524920858 -0.0055497482266822235 -0.0042899121640531815 0.0049096745651573386 -0.0010265086115289412 -0.00078491454782045398 -0.01596389211141146 0.014013550955463538
leaf_weight=322 131730 335 350 258 211 207 200 323 3347 826 936 271 203 402
leaf_count=322 131730 335 350 258 211 207 200 323 3347 826 936 271 203 402
internal_value=-4.86516e-05 0.00242529 0.00882888 -0.00047812 -0.00196846 0.00175763 -0.00722428 -0.00144644 -8.83672e-05 -0.0015191 -0.00255216 0.000660674 -0.00374688 0.00809274
internal_weight=139921 2206 685 1521 1263 741 522 530 137715 5985 5159 1812 1139 673
internal_count=139921 2206 685 1521 1263 741 522 530 137715 5985 5159 1812 1139 673
is_linear=0
shrinkage=0.03


Tree=253
num_leaves=15
num_cat=0
split_feature=13 13 1 1 6 14 10 6 6 1 9 8 12 14
split_gain=16.7821 67.9889 93.2143 98.5489 108.644 60.7989 50.4831 50.223 51.0107 84.8385 75.8249 54.0489 42.9479 71.4269
threshold=24.500000000000004 21.500000000000004 3.2766757431884934 1.306500084746969 -0.14364753512908399 1.0000000180025095e-35 2.4695256995784063 -0.14364753512908399 -0.030833900632299679 1.7910044352017584 0.99728654931109384 -0.030415378689163549 -0.060055508865497369 1.0000000180025095e-35
decision_type=2 2 2 2 10 2 2 10 10 2 2 2 2 2
left_child=1 -1 3 4 5 -3 -6 12 9 -9 -11 -10 -2 -14
right_child=7 2 -4 -5 6 -7 -8 8 11 10 -12 -13 13 -15
leaf_value=-8.3642264058793897e-05 -0.0053740513380251586 0.0077397893839720854 0.017966803425183035 -0.0026827742996902906 0.0034396120068428916 0.022916091729263611 -0.01131114594606643 0.0062163296984608773 -0.0055877072345220189 0.00135731634144211 -0.013786669733002781 0.00013702246594419698 0.0026637155769066918 -0.0033461690591766358
leaf_weight=107513 3016 608 360 2131 1875 394 230 2785 1742 1159 395 9869 2801 4863
leaf_count=107513 3016 608 360 2131 1875 394 230 2785 1742 1159 395 9869 2801 4863
internal_value=-7.52718e-05 8.42568e-05 0.00330606 0.00228227 0.00568649 0.0137915 0.00180491 -0.000752759 0.000313384 0.00308674 -0.00252389 -0.000723895 -0.00234439 -0.0011494
internal_weight=139741 113111 5598 5238 3107 1002 2105 26630 15950 4339 1554 11611 10680 7664
internal_count=139741 113111 5598 5238 3107 1002 2105 26630 15950 4339 1554 11611 10680 7664
is_linear=0
shrinkage=0.03


Tree=254
num_leaves=15
num_cat=0
split_feature=9 12 13 13 6 13 13 12 5 13 13 9 6 6
split_gain=15.0965 69.8991 66.3183 77.5989 60.9919 51.8994 43.9751 37.5851 46.2177 36.4096 36.7663 35.947 32.5467 37.9922
threshold=0.62700419064588464 0.016279137626660004 39.500000000000007 1.0000000180025095e-35 0.35452680120879626 54.500000000000007 -1.4999999999999998 0.052955267098407428 2.1991225023606948 35.500000000000007 20.500000000000004 0.57109559883965699 -0.079634717965024457 0.16181049505739567
decision_type=2 2 2 2 8 2 2 2 2 2 2 2 8 10
left_child=1 2 3 11 -5 -4 -3 8 12 10 -9 -1 -8 -14
right_child=-2 6 5 4 -6 -7 7 9 -10 -11 -12 -13 13 -15
leaf_value=0.011401950218116437 0.00012228656987616765 -0.0073517508210885494 0.017335815019905568 -0.0072483723859785533 0.0026031757477877559 -0.0017535466390572409 0.019028025405499541 0.00037860677257978332 -0.00037564022866494814 -0.0078172592203990983 0.010749883962438462 -0.0012508152593605267 0.00013210940968107294 0.016637889906979987
leaf_weight=353 129818 414 233 3791 662 276 304 1694 484 377 371 462 319 202
leaf_count=353 129818 414 233 3791 662 276 304 1694 484 377 371 462 319 202
internal_value=3.59854e-05 -0.00109039 -0.00322511 -0.00422544 -0.00578253 0.00706844 0.00187085 0.00289719 0.00698845 0.000694326 0.00226339 0.00426557 0.0112849 0.00662899
internal_weight=139760 9942 5777 5268 4453 509 4165 3751 1309 2442 2065 815 825 521
internal_count=139760 9942 5777 5268 4453 509 4165 3751 1309 2442 2065 815 825 521
is_linear=0
shrinkage=0.03


Tree=255
num_leaves=15
num_cat=0
split_feature=1 9 13 0 0 11 4 3 0 4 8 13 7 0
split_gain=18.7073 28.7047 70.8514 50.8749 41.7601 54.5566 41.6368 38.3585 37.2033 33.5181 31.5945 26.2832 23.1328 28.9223
threshold=3.9493521036352717 1.0056332865422395 56.500000000000007 0.54562291871167312 0.51395305997165353 0.18470035502501522 0.86563539260302647 0.60745398819319363 0.49635757113692019 0.52404009836554577 0.00039363369092104754 22.500000000000004 0.73238708671064734 0.56218973890232682
decision_type=2 2 2 2 2 2 2 2 2 2 2 2 10 2
left_child=-1 2 3 4 7 6 -6 -2 -3 -5 -7 -9 -10 -14
right_child=1 8 -4 9 5 10 -8 11 12 -11 -12 -13 13 -15
leaf_value=0.00014303999419178117 -0.01068821316225823 0.0062608973331609152 0.015584303311089679 -0.014359194407071211 0.0049130161836890892 0.01683649908024613 -0.010205623200973089 0.0046445156576294241 -0.014959691446350544 -0.0030396676645432306 0.0035512658007442952 -0.0076450667606799728 -0.0068523065334417715 0.0051266242374908427
leaf_weight=134087 384 234 236 338 399 359 271 516 240 763 295 219 1080 214
leaf_count=134087 384 234 236 338 399 359 271 516 240 763 295 219 1080 214
internal_value=7.23821e-05 -0.00163391 -0.000156485 -0.00122517 0.00118936 0.00478704 -0.00123243 -0.00306977 -0.0047833 -0.0065639 0.0109163 0.000955808 -0.00648288 -0.00485914
internal_weight=139635 5548 3780 3544 2443 1324 670 1119 1768 1101 654 735 1534 1294
internal_count=139635 5548 3780 3544 2443 1324 670 1119 1768 1101 654 735 1534 1294
is_linear=0
shrinkage=0.03


Tree=256
num_leaves=15
num_cat=0
split_feature=5 0 3 8 7 14 12 5 10 12 12 11 0 8
split_gain=14.2023 40.0351 40.8494 44.7571 34.2177 28.5532 27.7283 45.4384 40.1509 40.0643 36.2242 35.3435 32.0942 33.9696
threshold=3.1132191691019488 0.65364778741414009 0.97647058823529387 0.014736485187948751 0.10953368131008084 1.0000000180025095e-35 -0.015397161271616775 3.486895342854988 3.0726467613569866 -0.046572391960122021 -0.041751482158849544 -0.23892727069093841 0.57247203394683333 -0.050016226585003702
decision_type=2 2 2 2 10 2 2 2 2 2 2 2 2 2
left_child=-1 2 6 4 -4 -6 7 9 12 -2 -11 -12 13 -8
right_child=1 -3 3 -5 5 -7 8 -9 -10 10 11 -13 -14 -15
leaf_value=-0.00018321227961200001 0.0014251306661937438 0.01356985036973197 0.0034791356439311657 -0.0023176593598309746 0.0075054849441284714 0.022012602490630556 -0.0076495647259239401 -0.00053681042241218301 0.0054526119913319527 0.017442290262551976 -0.0036722743314523136 0.0075021234501099921 0.0021135362678288282 -0.0012862905798748613
leaf_weight=112986 3357 207 553 484 271 230 810 5569 898 251 317 1240 2334 10329
leaf_count=112986 3357 207 553 484 271 230 810 5569 898 251 317 1240 2334 10329
internal_value=-3.58241e-05 0.000584311 0.000480894 0.00521873 0.00867406 0.0143171 0.00018966 0.00134296 -0.000671929 0.00336831 0.00696244 0.00522258 -0.00108201 -0.00175224
internal_weight=139836 26850 26643 1538 1054 501 25105 10734 14371 5165 1808 1557 13473 11139
internal_count=139836 26850 26643 1538 1054 501 25105 10734 14371 5165 1808 1557 13473 11139
is_linear=0
shrinkage=0.03


Tree=257
num_leaves=15
num_cat=0
split_feature=2 3 0 5 2 3 6 1 5 8 0 0 2 3
split_gain=13.8043 39.5243 30.9347 28.7929 77.2592 65.0509 56.9939 43.9891 38.8215 36.3153 36.95 41.5019 34.0607 33.5968
threshold=0.73333333333333595 0.75851393188853888 0.53020100104622092 2.4829056640603526 0.81249999999999833 0.97835497835498397 -0.36688632994270887 1.0026007107747221 1.5759329684779895 -0.045847971413316042 0.48874763642273666 0.51031842506239589 0.80952380952381675 0.98242596142222871
decision_type=2 2 2 2 2 2 8 2 2 2 2 2 2 2
left_child=-1 2 -2 4 6 -5 8 -7 -3 10 -8 -12 -11 -9
right_child=1 3 -4 5 -6 7 9 13 -10 12 11 -13 -14 -15
leaf_value=-0.00020960496827292257 0.00042211026773540249 0.018583837524319705 0.012873520814248472 0.00056724989581684023 -0.0020110124691251328 0.0015656591926093461 -0.0040604941858801728 0.021127920813030665 0.0035949788073531721 -0.00010567934113411742 0.019892700384147304 0.0050073946833162379 0.011376842215657235 0.007762826744506326
leaf_weight=100961 322 278 402 14533 11900 928 253 211 352 7437 224 660 235 848
leaf_count=100961 322 278 402 14533 11900 928 253 211 352 7437 224 660 235 848
internal_value=-2.51483e-05 0.000457488 0.00737662 0.000324213 -0.000403709 0.00126431 0.00162265 0.00634843 0.0103034 0.000996337 0.00598751 0.00886991 0.000253221 0.0105125
internal_weight=139544 38583 724 37859 21339 16520 9439 1987 630 8809 1137 884 7672 1059
internal_count=139544 38583 724 37859 21339 16520 9439 1987 630 8809 1137 884 7672 1059
is_linear=0
shrinkage=0.03


Tree=258
num_leaves=15
num_cat=0
split_feature=0 1 7 5 10 10 4 4 0 0 12 1 9 7
split_gain=19.4204 32.0798 40.5663 32.7763 27.3099 23.8853 22.2574 28.2762 28.8085 20.6204 25.4824 30.3694 38.1033 23.8727
threshold=0.49421837544748587 1.1426619494166055 0.089389388186559268 3.7924216656168315 2.6633238414018909 2.8142885422866804 0.087154967021652499 0.10461856567557394 0.47644843630852002 0.44542691009243079 -0.07118752662762988 0.90561817637431463 0.86380630859879137 1.1217550571428141
decision_type=2 2 8 2 2 2 2 2 2 2 2 2 2 8
left_child=1 4 -3 -4 6 -6 -1 8 -8 10 -9 12 -12 -11
right_child=-2 2 3 -5 5 -7 7 9 -10 13 11 -13 -14 -15
leaf_value=-0.0019476131055341244 8.4346044760929496e-05 -0.0096929253682198104 -0.0020250066165175941 0.0071087798815278802 0.010444349512212016 0.0012141316429132747 0.0099442634862230827 -0.0097811012603726578 -0.00061879773131714988 0.001185932783319371 -0.0085220533034361286 0.0061265904522174366 0.0025885296307773475 -0.0026730001187741789
leaf_weight=5434 110474 599 9136 363 389 706 528 383 411 8066 626 380 493 1752
leaf_count=5434 110474 599 9136 363 389 706 528 383 411 8066 626 380 493 1752
internal_value=-9.76918e-05 -0.00078475 -0.00215273 -0.00167241 -6.37005e-05 0.00452575 -0.000342939 0.000347471 0.00534203 -5.54853e-05 -0.00292775 -0.00114999 -0.0036373 0.000496305
internal_weight=139740 29266 10098 9499 19168 1095 18073 12639 939 11700 1882 1499 1119 9818
internal_count=139740 29266 10098 9499 19168 1095 18073 12639 939 11700 1882 1499 1119 9818
is_linear=0
shrinkage=0.03


Tree=259
num_leaves=15
num_cat=0
split_feature=0 5 1 3 9 13 9 6 10 2 2 5 9 0
split_gain=20.6916 34.1194 19.805 17.5383 39.257 54.0993 46.7395 33.0168 47.0529 32.4359 52.8662 28.8691 23.8147 26.4499
threshold=0.64366282396464403 3.1426289018423534 1.5397607611179154 0.99275886658696921 0.91445006889697289 7.5000000000000009 0.6015333233138257 -0.035950856360629384 1.8989772956734392 0.85594394103009985 0.68646472723281693 0.95735752431209642 0.86380630859879137 0.48232656044529754
decision_type=2 2 2 2 2 2 2 8 2 2 2 2 2 2
left_child=3 2 -2 -1 6 9 -5 8 -7 10 -6 -8 13 -13
right_child=1 -3 -4 4 5 7 11 -9 -10 -11 -12 12 -14 -15
leaf_value=-5.5169590663676607e-05 -0.0034059566146214084 0.0058056465231897027 -0.012096499931615065 0.01261483182767769 -0.0040074961182643776 0.0076991615659133955 -0.010659814069487832 0.003880536083670243 0.026946641105290464 -0.0099893024052205709 0.015293096103487865 -0.0079048228715045531 -0.0069007114568583354 0.0025927165378705481
leaf_weight=133734 1064 296 301 226 313 270 270 348 201 212 209 246 402 1548
leaf_count=133734 1064 296 301 226 313 270 270 348 201 212 209 246 402 1548
internal_value=-3.50044e-05 -0.00335834 -0.00535949 5.12238e-06 0.00190238 0.0056924 -0.000290558 0.0109686 0.0161098 -0.000229147 0.00379191 -0.00149642 -0.00034812 0.00113529
internal_weight=139640 1661 1365 137979 4245 1553 2692 819 471 734 522 2466 2196 1794
internal_count=139640 1661 1365 137979 4245 1553 2692 819 471 734 522 2466 2196 1794
is_linear=0
shrinkage=0.03


Tree=260
num_leaves=15
num_cat=0
split_feature=0 5 12 9 6 13 3 12 3 13 13 13 13 6
split_gain=18.5142 47.6173 24.5902 18.2625 25.1237 14.9485 13.8845 34.9685 32.5252 46.2582 153.434 41.6269 36.0562 30.8938
threshold=0.64366282396464403 2.7122865599204418 0.0014345484356319551 0.6513995525096995 -0.18931840178288437 -23.499999999999996 0.99275886658696921 -0.1164318003250132 0.93793103448277459 54.500000000000007 49.500000000000007 8.5000000000000018 59.500000000000007 -0.34523505985770137
decision_type=2 2 2 2 10 2 2 2 2 2 2 2 2 10
left_child=5 3 -3 -2 -5 -1 8 -8 -7 10 11 -10 -11 -13
right_child=1 2 -4 4 -6 6 7 -9 9 12 -12 13 -14 -15
leaf_value=0.0066612577615274629 0.0016349885634426931 -0.0024527553426479678 0.01076405353711995 0.00083095538176699169 -0.010845044620357423 6.351245097359359e-05 0.010579618467638888 0.00080529329787027099 0.00044728121604514293 -0.017858677516459476 0.021826058616037838 -0.0081727750875211537 -0.0039640794697277867 -0.0021757356875984424
leaf_weight=294 201 239 261 212 746 117874 355 3892 6202 248 255 856 513 7673
leaf_count=294 201 239 261 212 746 117874 355 3892 6202 248 255 856 513 7673
internal_value=-7.72388e-05 -0.0032228 0.00448469 -0.00655284 -0.00827031 -3.93528e-05 -5.38827e-05 0.00163379 -0.000107583 -0.00138793 -0.00102001 -0.00142276 -0.00857916 -0.00278206
internal_weight=139821 1659 500 1159 958 138162 137868 4247 133621 15747 14986 14731 761 8529
internal_count=139821 1659 500 1159 958 138162 137868 4247 133621 15747 14986 14731 761 8529
is_linear=0
shrinkage=0.03


Tree=261
num_leaves=15
num_cat=0
split_feature=0 6 3 5 2 1 3 11 12 9 6 11 3 9
split_gain=21.3447 29.9375 32.0301 47.0414 22.528 20.3246 18.5009 16.5136 17.3247 16.4035 42.0952 31.5525 27.0545 20.8414
threshold=0.44180489426122765 -0.1061540093853781 0.8846153846153767 1.7588478482317405 0.23529411764705915 0.64365186310620326 0.83478260869565257 0.97161864164581624 -0.022582291538597418 1.2214297938069321 -0.23175735478428314 0.76443765076583203 0.63512586660734427 1.2617003026687013
decision_type=2 10 2 2 2 2 2 2 2 2 8 2 2 2
left_child=1 4 6 -4 -1 -6 -3 8 -7 -2 11 13 -12 -11
right_child=9 2 3 -5 5 7 -8 -9 -10 10 12 -13 -14 -15
leaf_value=0.0015152619169936676 0.00019694206201428379 -0.00082424153377355191 -0.0044929086141129752 0.012752962597837187 -0.013489652391078312 -0.007043342831380227 -0.010165320152586156 -0.011952549819270724 0.0022598248170448577 0.0089775741247949507 -0.0045238379818102435 0.010896061498040208 -0.00079202633407207169 -0.0016521653647322465
leaf_weight=343 125664 1448 230 360 330 369 215 218 344 212 2383 402 6539 702
leaf_count=343 125664 1448 230 360 330 369 215 218 344 212 2383 402 6539 702
internal_value=4.03584e-05 -0.0021589 7.30755e-05 0.00604874 -0.00528445 -0.00713269 -0.00205875 -0.00481939 -0.00257038 0.000102852 -0.00105157 0.00394758 -0.00179074 0.000848806
internal_weight=139759 3857 2253 590 1604 1261 1663 931 713 135902 10238 1316 8922 914
internal_count=139759 3857 2253 590 1604 1261 1663 931 713 135902 10238 1316 8922 914
is_linear=0
shrinkage=0.03


Tree=262
num_leaves=15
num_cat=0
split_feature=5 6 4 1 13 8 13 7 14 8 12 13 0 7
split_gain=15.743 31.6535 14.3776 30.9561 60.6672 29.6112 28.5659 27.3933 30.2802 31.4194 26.3541 47.4407 44.3136 47.0219
threshold=0.35342405325619247 -0.070140756738883633 0.21623134320538359 2.1865313136382114 27.500000000000004 -0.047519196912441539 58.500000000000007 1.9082610680957168 1.0000000180025095e-35 0.0027246410758224133 0.021336053780344925 2.5000000000000004 0.5168646018365729 1.4893592246704481
decision_type=2 8 2 2 2 2 2 8 2 2 2 2 2 10
left_child=1 -1 3 5 10 -2 -7 -4 9 -9 11 -5 13 -13
right_child=2 -3 7 4 -6 6 -8 8 -10 -11 -12 12 -14 -15
leaf_value=-0.014204927491691876 -0.0018886715377292921 0.00041664019103877797 -0.00035704107030264077 -0.00026807646980233041 -0.0039117962961338964 0.00044285277610427452 -0.0067778681912066705 -0.004986365365768128 0.0099135849521015621 0.0093191679928983969 0.001345112106699575 0.023298374833322543 0.0052028402978771485 0.0063243464827537534
leaf_weight=207 5808 358 77351 592 938 50185 493 399 490 205 1276 339 810 265
leaf_count=207 5808 358 77351 592 938 50185 493 399 490 205 1276 339 810 265
internal_value=-4.23731e-05 -0.0050179 -2.19912e-05 0.000324641 0.0028016 0.000139359 0.000371947 -0.000290242 0.00441288 -9.43618e-05 0.00472333 0.00686349 0.0098397 0.0159642
internal_weight=139716 565 139151 60706 4220 56486 50678 78445 1094 604 3282 2006 1414 604
internal_count=139716 565 139151 60706 4220 56486 50678 78445 1094 604 3282 2006 1414 604
is_linear=0
shrinkage=0.03


Tree=263
num_leaves=15
num_cat=0
split_feature=8 6 12 12 6 6 9 6 9 7 12 9 12 5
split_gain=13.5703 53.3864 65.0461 84.5304 60.8608 64.4761 55.9119 45.6165 58.2296 51.6984 46.4198 50.7077 43.9997 42.0411
threshold=0.0038798632807384684 -0.53635489384601454 -0.19004492253276475 -0.017739802934809642 0.047281165554928679 0.30004037275885159 0.90845566961192248 -0.42142425369539133 0.8464097168146858 -0.52866359584834832 -0.068591448389432028 0.90019019463554006 0.046648656909582704 3.3528928866434988
decision_type=2 8 2 2 8 10 2 10 2 8 2 2 2 2
left_child=1 2 -1 -4 6 -6 -3 10 13 -10 -2 -12 -8 -9
right_child=7 4 3 -5 5 -7 12 8 9 -11 11 -13 -14 -15
leaf_value=-0.008122951123700704 0.0039992296330013275 -0.0018165781340422143 0.02124387672251981 0.0011950923165193561 0.0019167560239647073 -0.00092462194580009377 0.00096134647058592512 0.0022066954428997571 0.0083342436883809441 -0.0002990457869021448 -0.0073071532559602758 0.00083517789701694877 -0.0029357736109286246 -0.0016524824690936954
leaf_weight=201 731 26324 363 391 18536 11734 15840 22087 631 33823 1930 1067 3116 2867
leaf_count=201 731 26324 363 391 18536 11734 15840 22087 631 33823 1930 1067 3116 2867
internal_value=0.000131988 -0.00013667 0.00689341 0.0109236 -0.000225985 0.000815341 -0.000922131 0.00045752 0.0006596 -0.000139747 -0.00275934 -0.00441174 0.00032013 0.00176307
internal_weight=139641 76505 955 754 75550 30270 45280 63136 59408 34454 3728 2997 18956 24954
internal_count=139641 76505 955 754 75550 30270 45280 63136 59408 34454 3728 2997 18956 24954
is_linear=0
shrinkage=0.03


Tree=264
num_leaves=15
num_cat=0
split_feature=2 13 9 12 12 9 6 5 13 13 8 13 6 13
split_gain=13.8723 35.036 36.8907 67.4115 35.2255 52.8785 50.9592 130.296 42.3071 40.949 36.7361 36.1941 74.6183 56.1134
threshold=0.62264150943396235 47.500000000000007 0.7766450526544969 -0.027387890933355582 0.10445031458579281 1.0374064052942493 -0.47664151103190683 1.9969822018036198 1.0000000180025095e-35 13.500000000000002 0.0042594829379718454 22.500000000000004 -0.12578163484273999 20.500000000000004
decision_type=2 2 2 2 2 2 10 2 2 2 2 2 10 2
left_child=1 4 3 -3 6 -6 7 8 -1 -9 -10 13 -13 -8
right_child=-2 2 -4 -5 5 -7 11 9 10 -11 -12 12 -14 -15
leaf_value=-1.3933491950132409e-06 0.00030517044294067807 -0.0072572786508952282 -0.0072062927029469441 0.014707930009296563 -0.00081919982631141908 -0.0067672551702048275 -0.00024744431602774346 -0.0057660645520800739 0.018360584867407187 0.0051387647738860495 0.0061073772706323574 -0.0021060825530969233 0.0040897308478006203 -0.0064670112082784812
leaf_weight=240 64404 282 1258 219 6541 1689 53837 926 629 460 348 2758 4767 1333
leaf_count=240 64404 282 1258 219 6541 1689 53837 926 629 460 348 2758 4767 1333
internal_value=-1.80497e-05 -0.000294549 -0.00447268 0.00239474 -0.000194299 -0.00204326 3.88776e-05 0.00414781 0.0112898 -0.0021414 0.0140494 -0.000132036 0.001819 -0.000398292
internal_weight=139691 75287 1759 501 73528 8230 65298 2603 1217 1386 977 62695 7525 55170
internal_count=139691 75287 1759 501 73528 8230 65298 2603 1217 1386 977 62695 7525 55170
is_linear=0
shrinkage=0.03


Tree=265
num_leaves=15
num_cat=0
split_feature=13 11 13 9 4 5 7 12 10 11 1 13 13 11
split_gain=13.5647 74.567 42.5805 125.451 38.7031 34.4089 29.8849 28.7223 21.9233 16.2712 14.5602 60.9525 155.073 104.077
threshold=64.500000000000014 -0.11069851904844184 59.500000000000007 0.7725467353848291 0.4913301489775122 2.493872358359392 0.082942533373552799 0.029040478680567586 2.320872107279095 -0.23892727069093841 3.784052933026095 24.500000000000004 19.500000000000004 0.51988057444796476
decision_type=2 2 2 2 2 2 10 2 2 2 2 2 2 2
left_child=2 4 10 -4 8 -3 -6 -7 -2 -5 -1 12 -12 -14
right_child=1 5 3 9 6 7 -8 -9 -10 -11 11 -13 13 -15
leaf_value=0.00014098828802223737 -0.0067677082362129007 -0.012468554856153644 0.026615207985987963 -0.0076657194621041064 -0.0008226127379938311 0.004133282596214872 0.013368478174871572 -0.0094020841105667587 0.0046078337354636253 0.004164184156273093 -0.0014801765748387354 -0.0065252274678125246 0.0028096855355200364 0.03285858689305874
leaf_weight=131396 371 609 208 204 202 300 386 258 252 205 3643 1525 209 203
leaf_count=131396 371 609 208 204 202 300 386 258 252 205 3643 1525 209 203
internal_value=7.39307e-05 -0.00217014 0.000112792 0.00794435 0.00303976 -0.00756637 0.00852748 -0.00215293 -0.00216631 -0.00175762 7.72266e-05 -0.00142299 0.000501521 0.0178318
internal_weight=139971 2378 137593 617 1211 1167 588 558 623 409 136976 5580 4055 412
internal_count=139971 2378 137593 617 1211 1167 588 558 623 409 136976 5580 4055 412
is_linear=0
shrinkage=0.03


Tree=266
num_leaves=15
num_cat=0
split_feature=11 9 9 6 1 8 2 10 1 7 6 3 2 4
split_gain=18.3783 41.879 45.9056 37.6922 59.7451 45.5866 29.1448 25.5101 28.0881 23.9424 40.3829 30.0463 46.57 33.2181
threshold=1.9551134283217586 0.83694955313690989 0.85019300835076539 -0.18131581116188497 0.70382259832123162 0.013873091895719192 0.73076923076923006 2.7090054868156019 1.4630981870257311 1.1716868637551341 0.84820738445730348 0.64999999999999203 0.48360655737704977 0.150516163649241
decision_type=2 2 2 10 2 2 2 2 2 10 10 2 2 2
left_child=9 3 -3 6 -5 7 -2 8 -6 11 -11 12 13 -1
right_child=1 2 -4 4 5 -7 -8 -9 -10 10 -12 -13 -14 -15
leaf_value=-0.0016584920015584241 -0.014004843608656925 0.013286770604682125 -0.00050537455493070821 0.011154686137924728 -0.0095744058714337544 -0.010765165250619515 -0.00057045176834799344 0.0087615252361322449 0.0041105514569651511 0.00078865996485793155 0.0081880131112071729 0.00016275062002714128 -0.0029833001235295229 0.0015986967294038135
leaf_weight=5325 531 222 5022 251 287 602 200 220 247 21567 680 91245 7514 5974
leaf_count=5325 531 222 5022 251 287 602 200 220 247 21567 680 91245 7514 5974
internal_value=3.67771e-05 -0.00139915 9.06037e-05 -0.00473364 -0.00215098 -0.00464583 -0.0103581 0.000278624 -0.00326506 0.000119115 0.00101662 -6.23424e-05 -0.00115382 6.35921e-05
internal_weight=139887 7582 5244 2338 1607 1356 731 754 534 132305 22247 110058 18813 11299
internal_count=139887 7582 5244 2338 1607 1356 731 754 534 132305 22247 110058 18813 11299
is_linear=0
shrinkage=0.03


Tree=267
num_leaves=15
num_cat=0
split_feature=13 11 3 8 9 12 12 6 1 0 10 10 3 12
split_gain=12.3326 22.0311 13.4184 39.3211 40.7199 35.3892 25.8334 31.5912 26.1019 21.7383 48.455 43.8052 20.4403 14.1483
threshold=-19.499999999999996 0.16241899662118489 0.33333333333332488 -0.05084790623448552 1.1338480947847605 -0.0062705059539362442 0.02298338999008143 -0.0028147342858841347 1.0996291947763079 0.52728324906799473 1.6180313752495843 2.0483359223082225 0.25000000000000483 0.095327575814795909
decision_type=2 2 2 2 2 2 2 8 2 2 2 2 2 2
left_child=1 -1 3 -2 5 9 -7 8 -8 11 -11 12 -5 -9
right_child=2 -3 -4 4 -6 6 7 13 -10 10 -12 -13 -14 -15
leaf_value=-0.001682192854714551 -0.0089467931606805155 0.011533309245806025 1.1884953853271322e-05 0.014702696803761154 -0.0048115835712389064 -0.0051270414219313368 0.0021469795614778003 -0.0063460463527783388 0.015088132249398362 0.003330616330107053 0.022338156120851632 -0.0067780795987411463 0.0040741486188454841 0.0037714387251906196
leaf_weight=222 276 225 135630 280 538 439 296 284 265 247 235 218 393 214
leaf_count=222 276 225 135630 280 538 439 296 284 265 247 235 218 393 214
internal_value=7.65015e-05 0.0050239 6.04478e-05 0.00184541 0.002731 0.00415032 0.000955135 0.0034887 0.00833929 0.00762028 0.012732 0.00479941 0.00857195 -0.0020041
internal_weight=139762 447 139315 3685 3409 2871 1498 1059 561 1373 482 891 673 498
internal_count=139762 447 139315 3685 3409 2871 1498 1059 561 1373 482 891 673 498
is_linear=0
shrinkage=0.03


Tree=268
num_leaves=15
num_cat=0
split_feature=2 3 0 0 5 6 5 1 6 6 6 0 0 1
split_gain=15.7193 46.857 26.9603 47.6083 35.5753 29.028 26.905 26.7289 25.9691 45.3352 31.695 25.6963 25.3148 23.4547
threshold=0.27710843373494837 0.71107943716908595 0.51603489151393744 0.52335138917714985 1.8229199250771964 0.23953741067391401 2.6523644723351576 2.1553208890505542 -0.028394889566851541 0.33739157411817816 -0.15969523867409238 0.54562291871167312 0.56636251641080515 0.85352417883216247
decision_type=2 2 2 2 2 8 2 2 8 10 10 2 2 2
left_child=1 2 -1 5 12 6 -4 11 10 -10 -6 -3 -5 -12
right_child=-2 7 3 4 8 -7 -8 -9 9 -11 13 -13 -14 -15
leaf_value=-0.0010936385690018277 8.457596262593042e-05 -0.003136609066232655 0.00044678505063056945 -0.0007114479480858167 0.0013500002224102431 0.016997303766738466 0.013181341095765431 0.0060240379524395217 -0.0037617797285173205 0.0089941247035830001 0.018178192355014659 -0.010139930426058444 -0.0088350167336023362 0.0056620756281401396
leaf_weight=7400 122179 3868 445 1388 639 233 220 249 906 341 238 534 455 318
leaf_count=7400 122179 3868 445 1388 639 233 220 249 906 341 238 534 455 318
internal_value=-3.50771e-05 -0.000883126 6.82557e-05 0.0017266 0.000406849 0.00798695 0.00472665 -0.00345434 0.00277913 -0.000251609 0.00592963 -0.00399671 -0.00273547 0.011134
internal_weight=139413 17234 12583 5183 4285 898 665 4651 2442 1247 1195 4402 1843 556
internal_count=139413 17234 12583 5183 4285 898 665 4651 2442 1247 1195 4402 1843 556
is_linear=0
shrinkage=0.03


Tree=269
num_leaves=15
num_cat=0
split_feature=13 13 5 9 3 1 4 9 12 8 6 4 1 6
split_gain=22.7464 40.2947 54.4603 43.9058 35.8943 49.1653 45.636 43.3528 48.0457 38.9865 42.5105 35.4331 47.9285 33.5568
threshold=14.500000000000002 8.5000000000000018 1.5417443768561621 0.67231666514174548 0.67567567567567799 1.8293134192377725 0.38846580395333075 0.85206774053284295 -0.029900430281179332 -0.034515781273734822 -0.074941045886656663 0.25533099649430097 2.5752406879213354 -0.28336756477480923
decision_type=2 2 2 2 2 2 2 2 2 2 8 2 2 8
left_child=1 13 3 -3 5 -5 7 9 -9 -6 -11 12 -4 -1
right_child=-2 2 11 4 6 -7 -8 8 -10 10 -12 -13 -14 -15
leaf_value=0.0021357397991950021 0.00053392446873877812 -0.0043290667291747686 -0.001242626499320186 -0.0040108779747875366 0.00019265212217966715 0.011734616365729337 -0.00033363934855372944 0.009773426907772274 -0.0022094249675602175 0.006805088595181954 0.021207054373946519 -0.0034719947543699172 0.010183652473727328 -0.00010905588032397406
leaf_weight=6664 49987 1088 8361 1220 220 204 1401 514 714 352 399 9068 339 59154
leaf_count=6664 49987 1088 8361 1220 220 204 1401 514 714 352 399 9068 339 59154
internal_value=2.1134e-05 -0.000264648 -0.00132013 0.0011219 0.0023055 -0.00172204 0.00389879 0.00658995 0.00282549 0.0113119 0.0145464 -0.00216025 -0.000791802 0.000118372
internal_weight=139685 89698 23880 6112 5024 1424 3600 2199 1228 971 751 17768 8700 65818
internal_count=139685 89698 23880 6112 5024 1424 3600 2199 1228 971 751 17768 8700 65818
is_linear=0
shrinkage=0.03


Tree=270
num_leaves=15
num_cat=0
split_feature=10 5 5 0 8 9 10 4 8 10 4 11 4 4
split_gain=17.064 48.307 32.4561 27.364 25.0739 47.6744 41.1057 32.9979 32.7087 21.5996 47.6634 36.5201 26.5849 32.6657
threshold=1.0424069051452693 1.0269753732347466 0.5488750073702654 0.62584569725047146 -0.029008312286197931 0.78851998981115845 0.96504553069562726 0.013154038366154175 -0.041526371504016189 1.0061111177370472 0.4523379282580916 0.16241899662118489 0.027980971599562046 0.041542023379219924
decision_type=2 2 2 2 2 2 2 2 2 2 2 2 2 2
left_child=1 2 -1 4 5 -3 8 -6 -7 12 11 -11 -9 -14
right_child=-2 3 -4 -5 7 6 -8 9 -10 10 -12 -13 13 -15
leaf_value=0.0046975729288148485 0.00021276458857408831 -0.007072330878577864 -0.0071633969695701193 -0.008701350457697838 0.010194556718848854 0.0028669292285712529 0.0088416690992501878 -0.0079138859616709762 -0.0083790414328450847 -0.0046866101007812574 -0.011772620100247903 0.0064412709903620847 0.012024873445431392 0.0010270556102360072
leaf_weight=237 125978 1163 1513 328 316 498 427 281 429 577 394 483 247 6916
leaf_count=237 125978 1163 1513 328 316 498 427 281 429 577 394 483 247 6916
internal_value=0.000103015 -0.000897932 -0.00554828 -0.000221055 1.96608e-05 -0.00263098 0.00119585 0.000744773 -0.00235455 0.00040364 -0.00293457 0.00039036 0.00105721 0.00141441
internal_weight=139787 13809 1750 12059 11731 2517 1354 9214 927 8898 1454 1060 7444 7163
internal_count=139787 13809 1750 12059 11731 2517 1354 9214 927 8898 1454 1060 7444 7163
is_linear=0
shrinkage=0.03


Tree=271
num_leaves=15
num_cat=0
split_feature=12 8 9 1 11 8 11 0 0 1 8 0 11 1
split_gain=20.1579 17.216 31.8413 25.8854 36.4415 46.3175 24.1855 16.4107 34.9539 43.3084 44.2188 27.7191 22.3592 21.402
threshold=0.45165325107042303 -0.084962152251087775 0.64506280678259775 1.526222426077102 -0.85630974972266993 -0.10223413805284955 -0.020362897648973009 0.49421837544748587 0.49251300422976746 1.0341087470441686 -0.0015376184113981403 0.4931051869362581 2.7610735258551524 1.1881474102958278
decision_type=2 2 2 2 2 2 2 2 2 2 2 2 2 2
left_child=1 2 -1 4 -4 -6 -7 8 12 11 -11 -10 13 -3
right_child=-2 7 3 -5 5 6 -8 -9 9 10 -12 -13 -14 -15
leaf_value=-0.0078879231917408279 0.0058184571774095237 4.3763526222622315e-05 -0.0070449786657116164 0.011736301665188948 -0.0055039931400622947 0.016657769614516683 0.004459460105856552 9.8012098436947608e-05 -0.0079857650637640658 -0.0041757785269059241 -0.018516283671122898 0.0038207522441226125 0.0088614790501153999 -0.0017885141780585934
leaf_weight=207 527 18231 276 341 244 262 335 109277 261 495 317 542 225 8367
leaf_count=207 527 18231 276 341 244 262 335 109277 261 495 317 542 225 8367
internal_value=-1.00993e-05 -3.23452e-05 0.00299535 0.00456218 0.00232951 0.00542949 0.00990671 -6.9058e-05 -0.000710953 -0.00499037 -0.00985328 -4.24035e-05 -0.000452409 -0.000532849
internal_weight=139907 139380 1665 1458 1117 841 597 137715 28438 1615 812 803 26823 26598
internal_count=139907 139380 1665 1458 1117 841 597 137715 28438 1615 812 803 26823 26598
is_linear=0
shrinkage=0.03


Tree=272
num_leaves=15
num_cat=0
split_feature=11 11 8 10 11 3 3 9 0 12 6 10 8 6
split_gain=15.1933 34.0856 70.4409 61.4315 46.8815 41.2017 34.9753 53.9899 33.2853 25.3698 28.6621 24.4789 23.621 26.7759
threshold=1.9551134283217586 1.6297946077808201 0.044807741552797146 1.8052975549894701 1.710358752673353 0.86809163294609137 0.47826086956521979 0.79051033767671852 0.48809264201181024 -0.025740739698148104 0.48410662272582289 1.9636729790759258 -0.034515781273734822 0.18930589481170015
decision_type=2 2 2 2 2 2 2 2 2 2 10 2 2 8
left_child=1 -1 4 -4 5 -3 -6 -8 -9 -2 12 -10 -11 -14
right_child=9 2 3 -5 6 -7 7 8 11 10 -12 -13 13 -15
leaf_value=-3.4944135704245309e-05 0.0010358880258954843 0.0021356485517437006 0.022909882903970297 0.0050914663813132416 0.0078349085955121446 0.013498010923951 -0.0088144525233302042 0.0084899754118919375 0.0032860472995839677 0.0030302873419732162 0.0053817710396338331 -0.0040558525704477788 -0.0028912024356338157 -0.0094208934993537906
leaf_weight=126688 2680 946 243 599 352 409 784 370 642 480 371 1106 3409 675
leaf_count=126688 2680 946 243 599 352 409 784 370 642 480 371 1106 3409 675
internal_value=-1.00678e-05 6.50436e-05 0.00238678 0.0103387 0.000924447 0.00560234 -0.00102908 -0.00211587 0.000378597 -0.00131262 -0.00258776 -0.00135766 -0.00324077 -0.00398062
internal_weight=139754 132139 5451 842 4609 1355 3254 2902 2118 7615 4935 1748 4564 4084
internal_count=139754 132139 5451 842 4609 1355 3254 2902 2118 7615 4935 1748 4564 4084
is_linear=0
shrinkage=0.03


Tree=273
num_leaves=15
num_cat=0
split_feature=6 7 10 12 12 5 0 10 8 10 8 4 2 8
split_gain=13.071 40.1968 37.4657 35.6261 44.9824 27.8994 32.2808 27.1182 26.7365 43.1039 26.3868 24.636 24.302 24.1403
threshold=0.17517672220153049 0.67069002196341365 2.9427429093772104 0.17356390123795881 0.19640531920730633 3.5049024799161588 0.52380152508657696 2.6435694282600442 -0.027657084159108208 1.262900404279869 -0.06525367858877533 0.25790055365448533 0.76224470893345619 0.041343026230134382
decision_type=10 10 2 2 2 2 2 2 2 2 2 2 2 2
left_child=-1 3 5 -2 -5 7 -7 10 -6 -10 -3 -8 13 -12
right_child=1 2 -4 4 8 6 11 -9 9 -11 12 -13 -14 -15
leaf_value=0.00015508794868303953 -0.0017129103917065522 -0.0066407990873131499 0.0085412937130973626 0.012347408221700253 0.0058424551663231756 0.00036875824320991082 -0.003797905897967272 0.0076565978528682407 0.0094330158923725486 -0.0061297356851082061 -5.5836488459989333e-06 -0.017542080167576531 0.0097334045714207295 0.0038853197608166956
leaf_weight=105461 19204 434 531 346 509 631 268 503 201 718 8741 209 266 1712
leaf_count=105461 19204 434 531 346 509 631 268 503 201 718 8741 209 266 1712
internal_value=-1.03217e-05 -0.00051925 0.000771134 -0.00133703 0.00272533 0.000444667 -0.00409371 0.000877648 0.000358984 -0.00269329 0.000568624 -0.00993949 0.000863485 0.000633224
internal_weight=139734 34273 13295 20978 1774 12764 1108 11656 1428 919 11153 477 10719 10453
internal_count=139734 34273 13295 20978 1774 12764 1108 11656 1428 919 11153 477 10719 10453
is_linear=0
shrinkage=0.03


Tree=274
num_leaves=15
num_cat=0
split_feature=2 13 8 13 0 7 13 3 11 8 0 3 0 3
split_gain=13.5151 45.2583 60.8547 48.8487 63.0735 38.2813 60.2496 30.6358 33.0872 49.3635 35.7478 62.4949 38.5699 35.5949
threshold=0.62264150943396235 3.5000000000000004 0.0062146073501055223 2.5000000000000004 0.55320834559756527 0.12214817662220941 -6.4999999999999991 0.97276264591439421 -1.2094400368471887 -0.023607729114851074 0.5168646018365729 0.90909090909090862 0.49127162227511778 0.9101725626760675
decision_type=2 2 2 2 2 10 2 2 2 2 2 2 2 2
left_child=-1 2 5 -4 -5 -2 -7 8 -8 10 12 -12 -10 -11
right_child=1 -3 3 4 -6 6 7 -9 9 13 11 -13 -14 -15
leaf_value=-0.00033019602399213239 -0.0022637336476781702 -0.00012511785833061232 0.0032426599563105218 0.002519028158363034 0.019639993480123651 -0.0094744692186987597 0.0092034767225215378 0.010996281260312511 -0.0060531476013375302 0.0066656901604556212 -0.011059167958376121 0.0068521721425103179 0.0081581391584347272 -0.0039239458878269004
leaf_weight=75182 3134 51970 3702 371 404 373 523 389 284 1432 687 231 420 353
leaf_count=75182 3134 51970 3702 371 404 373 523 389 284 1432 687 231 420 353
internal_value=-5.71375e-05 0.000262268 0.00189804 0.00468551 0.0115127 0.000301443 0.00201543 0.00301753 0.00221481 0.00113008 -0.00265395 -0.00653936 0.00242292 0.00456638
internal_weight=139455 64273 12303 4477 775 7826 4692 4319 3930 3407 1622 918 704 1785
internal_count=139455 64273 12303 4477 775 7826 4692 4319 3930 3407 1622 918 704 1785
is_linear=0
shrinkage=0.03


Tree=275
num_leaves=15
num_cat=0
split_feature=7 13 13 6 13 11 6 13 3 13 11 10 6 7
split_gain=15.6236 48.5671 44.5049 101.583 61.3621 56.1467 50.1095 43.5259 37.8394 34.5329 32.0895 46.2588 43.9158 41.9275
threshold=0.096607115336574553 71.000000000000014 51.500000000000007 -0.020573540234889217 56.500000000000007 0.085229064164515894 -0.27943857642548148 95.000000000000014 0.92647058823529194 42.500000000000007 0.12928366451034978 1.1719301069804617 0.28684041344263905 -0.31945752473642708
decision_type=10 2 2 8 2 2 10 2 2 2 2 2 10 8
left_child=1 2 5 4 -4 6 -1 -3 -5 -8 -7 -12 13 -13
right_child=-2 7 3 8 -6 10 9 -9 -10 -11 11 12 -14 -15
leaf_value=-0.005395876758164022 0.00024098725572920112 -0.0134286921227076 0.023478627098163517 -0.013332856480747734 0.0048762564772997447 0.008480186573879403 -0.00072062433641324037 0.00036166021992501459 0.0041563119177774688 -0.0097956325634844712 -0.0033511431797789313 0.0069852369273606463 -0.002868156906581648 0.0014402663909926301
leaf_weight=2660 106777 483 284 241 364 491 15269 356 200 382 2101 1485 1695 6986
leaf_count=2660 106777 483 284 241 364 491 15269 356 200 382 2101 1485 1695 6986
internal_value=6.46681e-05 -0.000505844 -0.000319349 0.00562781 0.0131465 -0.000528675 -0.00159302 -0.00760977 -0.00544358 -0.000945179 0.000998958 0.000696181 0.00153387 0.00241587
internal_weight=139774 32997 32158 1089 648 31069 18311 839 441 15651 12758 12267 10166 8471
internal_count=139774 32997 32158 1089 648 31069 18311 839 441 15651 12758 12267 10166 8471
is_linear=0
shrinkage=0.03


Tree=276
num_leaves=15
num_cat=0
split_feature=2 5 7 3 1 7 9 12 14 9 5 3 13 6
split_gain=14.3513 57.292 80.1647 50.9546 36.2397 49.8462 35.9717 41.3945 69.8533 60.2153 44.2971 34.1095 32.3443 34.623
threshold=0.81249999999999833 2.4829056640603526 0.82674092290673407 0.97835497835498397 0.99614307822158299 -0.20418170300269289 0.79440649003790653 0.051870967778191564 1.0000000180025095e-35 0.91445006889697289 3.128239009238873 0.98441760573810599 14.500000000000002 0.10778240186678158
decision_type=2 2 10 2 2 10 2 2 2 2 2 2 2 8
left_child=-1 -2 3 6 5 -5 -3 12 -9 -10 -11 -6 -8 -14
right_child=1 2 -4 4 11 -7 7 8 9 10 -12 -13 13 -15
leaf_value=9.2195339241982305e-05 -0.0021169952756136179 -0.0036762072815324405 0.016259598485985769 0.0065431084227273052 0.01913575826925628 -0.0099390446301549674 -0.0031868470648637702 0.014336747779835098 -0.010468005775565319 -0.0022997626328313966 0.015872584902839933 0.005761137476963241 0.0047652252129073858 -0.0039151111072397351
leaf_weight=118528 12092 2262 295 436 238 259 2136 492 301 246 230 610 1365 588
leaf_count=118528 12092 2262 295 436 238 259 2136 492 301 246 230 610 1365 588
internal_value=-3.72912e-05 -0.000749341 0.000999391 0.000499494 0.00546169 0.000373719 -0.00050824 0.000831368 0.00555335 -6.44408e-05 0.00655471 0.00960503 -0.000639067 0.00214847
internal_weight=140078 21550 9458 9163 1543 695 7620 5358 1269 777 476 848 4089 1953
internal_count=140078 21550 9458 9163 1543 695 7620 5358 1269 777 476 848 4089 1953
is_linear=0
shrinkage=0.03


Tree=277
num_leaves=15
num_cat=0
split_feature=0 0 8 9 13 0 6 13 11 13 8 6 9 13
split_gain=18.2676 31.9231 74.7956 21.4641 39.9553 49.5877 33.1135 31.7966 32.7686 98.225 42.1341 45.5713 39.4247 33.7312
threshold=0.55055626622827458 0.55103379101428351 0.0058332482112384591 0.72046578861649058 -10.499999999999998 0.52214270575291877 1.6150606306136261 -10.499999999999998 -0.12219547202130616 40.500000000000007 -0.037875369124427107 1.0590562868065985 0.6384856654553831 32.500000000000007
decision_type=2 2 2 2 2 2 10 2 2 2 2 10 2 2
left_child=3 2 -2 7 5 -5 -6 -1 9 -9 -10 13 -11 -12
right_child=1 -3 -4 4 6 -7 -8 8 10 12 11 -13 -14 -15
leaf_value=-0.010431429971279781 -0.0037296275569064148 0.00055057358648321275 0.018131807351963142 0.0017208166726157758 8.9640655260373822e-05 0.016881613646663966 -0.007032139648831248 -0.00036244598976701767 -0.0062510326074017505 0.021893370044077924 -0.00067524930380775158 0.012415876451008227 0.0060010001542740781 -0.0060207456128900123
leaf_weight=312 266 39586 291 643 78788 274 587 8012 1734 228 7060 213 368 1246
leaf_count=312 266 39586 291 643 78788 274 587 8012 1734 228 7060 213 368 1246
internal_value=0.000111306 0.000651441 0.0077514 -0.000106709 0.00010866 0.00631785 3.65335e-05 -0.00100842 -0.000849818 0.00051478 -0.00199517 -0.00112575 0.0122122 -0.00148028
internal_weight=139608 40143 557 99465 80292 917 79375 19173 18861 8608 10253 8519 596 8306
internal_count=139608 40143 557 99465 80292 917 79375 19173 18861 8608 10253 8519 596 8306
is_linear=0
shrinkage=0.03


Tree=278
num_leaves=15
num_cat=0
split_feature=11 13 6 3 13 14 13 13 6 5 7 13 6 10
split_gain=15.829 43.077 40.6656 56.4265 32.7792 31.9076 31.4397 47.972 58.7144 38.6442 34.4362 32.3546 103.353 65.407
threshold=-0.71412147384034153 95.000000000000014 -0.36688632994270887 0.50626307531380788 1.0000000180025095e-35 1.0000000180025095e-35 64.500000000000014 59.500000000000007 -0.11598504657313734 2.861476455653047 0.49566131095395033 48.500000000000007 -0.22598246367968924 1.9264131528482487
decision_type=2 2 10 2 2 2 2 2 8 2 10 2 10 2
left_child=1 2 3 -1 -5 -6 7 11 -9 10 -8 -2 -13 -14
right_child=6 -3 -4 4 5 -7 9 8 -10 -11 -12 12 13 -15
leaf_value=0.017656399803323165 0.00027837267152156468 0.012134871108737722 -0.0010070018611256094 -0.0090000116349268355 0.0056877928040496104 -0.0016871446239746222 -0.0096120047622654647 0.02184764906373329 -0.00073204717311625169 0.0042660119064868874 0.0021275362066260658 -0.013339886207070778 -0.002398320157430499 0.013798447937129301
leaf_weight=209 104422 233 28476 233 1308 880 892 200 209 380 298 648 954 288
leaf_count=209 104422 233 28476 233 1308 880 892 200 209 380 298 648 954 288
internal_value=1.36637e-05 -0.000580044 -0.00067722 0.00288858 0.00157994 0.00272455 0.000185499 0.000247585 0.0104399 -0.00402217 -0.00667559 0.000207884 -0.00367704 0.00139772
internal_weight=139630 31339 31106 2630 2421 2188 108291 106721 409 1570 1190 106312 1890 1242
internal_count=139630 31339 31106 2630 2421 2188 108291 106721 409 1570 1190 106312 1890 1242
is_linear=0
shrinkage=0.03


Tree=279
num_leaves=15
num_cat=0
split_feature=3 8 3 11 12 13 7 11 5 12 6 13 0 5
split_gain=15.0271 36.847 33.1718 19.4379 19.3205 31.594 39.2463 39.9754 32.8843 21.5555 27.1092 32.8126 27.2003 25.2486
threshold=0.37142857142857161 -0.049178175814845966 0.381818181818181 0.73688696844588564 -0.0062705059539362442 -2.4999999999999996 1.539699456977732 -0.18701033123840291 2.307404698401109 0.015534907762765339 -0.0028147342858841347 13.500000000000002 0.54471446130161494 1.6755514737740074
decision_type=2 2 2 2 2 2 10 2 2 2 8 2 2 2
left_child=1 -1 3 -2 5 -3 -7 -8 -9 13 12 -12 -11 -6
right_child=2 4 -4 -5 9 6 7 8 -10 10 11 -13 -14 -15
leaf_value=-0.0068422158425521518 -0.012120212133256545 -0.0045610023332903014 1.7889668446121366e-05 -0.00032894278402036088 0.0035143815676371253 0.00082316462468547829 0.017279083699826638 -0.0010820248180088846 0.011289897692848496 0.0026837590586613206 0.001724090727757494 -0.010431088941653122 0.014083262893338023 -0.0092508613974900261
leaf_weight=423 317 307 133661 207 220 849 377 371 397 760 791 262 247 366
leaf_count=423 317 307 133661 207 220 849 377 371 397 760 791 262 247 366
internal_value=5.05201e-05 0.00160591 -1.17833e-05 -0.00750935 0.00233446 0.00434183 0.00572051 0.00933244 0.00534502 0.00058393 0.00202873 -0.00133528 0.00553563 -0.00446926
internal_weight=139555 5370 134185 524 4947 2301 1994 1145 768 2646 2060 1053 1007 586
internal_count=139555 5370 134185 524 4947 2301 1994 1145 768 2646 2060 1053 1007 586
is_linear=0
shrinkage=0.03


Tree=280
num_leaves=15
num_cat=0
split_feature=11 6 1 4 1 9 10 10 8 9 10 8 7 9
split_gain=19.8992 39.8701 36.6879 47.8709 43.7534 42.437 32.815 29.83 29.3094 23.9594 25.2611 23.44 32.2475 27.0255
threshold=-0.91599721358294883 0.10044362968877953 0.65748633628027309 0.31092891497999836 0.4904950681616112 0.69350126118642474 2.9427429093772104 1.7922461104805254 0.015949153721303542 0.7725467353848291 2.1204946641657645 0.052323891973159245 0.37244542228745275 0.89632688208921962
decision_type=2 10 2 2 2 2 2 2 2 2 2 2 10 2
left_child=1 11 4 7 -3 -5 -7 -4 -6 -9 -11 -1 13 -13
right_child=-2 2 3 5 8 6 -8 9 -10 10 -12 12 -14 -15
leaf_value=0.00036460286953938852 0.0002030918517882843 -0.0040645184461155486 -0.0094413787641581259 0.0077766517274654827 0.0087803726303430953 -0.0034990281615877626 0.0090104081857789071 -0.0087976444198697955 -0.003680195324452577 0.0043408385219914844 -0.0041790636372222318 -0.0064797758554808 -0.011082101024973852 0.00867375537969064
leaf_weight=15211 116085 722 1336 450 697 1959 204 586 221 441 1049 212 385 202
leaf_count=15211 116085 722 1336 450 697 1959 204 586 221 441 1049 212 385 202
internal_value=4.14246e-05 -0.00075115 -0.00252964 -0.00361187 0.0014451 -0.000554064 -0.00230116 -0.00594938 0.00577692 -0.00368483 -0.00165132 0.000100851 -0.00489137 0.000929251
internal_weight=139760 23675 7665 6025 1640 2613 2163 3412 918 2076 1490 16010 799 414
internal_count=139760 23675 7665 6025 1640 2613 2163 3412 918 2076 1490 16010 799 414
is_linear=0
shrinkage=0.03


Tree=281
num_leaves=15
num_cat=0
split_feature=13 13 11 13 1 13 5 12 11 13 9 11 0 6
split_gain=10.0188 129.304 67.2064 35.2015 30.9932 53.8959 23.4746 30.9268 16.8807 16.8354 49.8163 116.065 44.7145 60.1446
threshold=64.500000000000014 62.500000000000007 -0.26017180225603603 61.500000000000007 2.5752406879213354 95.000000000000014 2.493872358359392 0.022152599782424291 -0.79776369060271279 39.500000000000007 0.69350126118642474 0.14051065270476029 0.49954786743049168 0.035575453285542576
decision_type=2 2 2 2 2 2 2 2 2 2 2 2 2 8
left_child=1 3 4 9 5 8 -4 -8 -2 -1 11 -11 -12 -14
right_child=2 -3 6 -5 -6 -7 7 -9 -10 10 12 -13 13 -15
leaf_value=-3.711054746027369e-05 -0.012986766086625202 0.023580915596336124 -0.010171377346773536 -0.011179882749815337 0.010121632492294221 0.010117325743653533 0.0049109743138498084 -0.0092693352136284778 -0.0011448722690730899 0.014666644040464369 -0.0050285576554299962 -0.00379958723748761 0.004214391836559717 -0.0024343191800123925
leaf_weight=129272 205 205 717 247 399 269 284 261 226 721 1140 527 3031 2048
leaf_count=129272 205 205 717 247 399 269 284 261 226 721 1140 527 3031 2048
internal_value=2.49558e-05 5.83345e-05 -0.00191061 2.22735e-05 0.00350507 -0.000311403 -0.00662203 -0.00190249 -0.00686167 4.29167e-05 0.00142748 0.00688476 0.000327689 0.00153368
internal_weight=139552 137191 2361 136986 1099 700 1262 545 431 136739 7467 1248 6219 5079
internal_count=139552 137191 2361 136986 1099 700 1262 545 431 136739 7467 1248 6219 5079
is_linear=0
shrinkage=0.03


Tree=282
num_leaves=15
num_cat=0
split_feature=0 5 7 6 7 13 1 11 13 13 4 6 4 4
split_gain=15.1054 33.9205 17.7252 21.1718 20.9281 14.6139 13.7464 20.3191 19.8206 33.3482 26.0234 34.8976 42.2012 19.1001
threshold=0.64366282396464403 3.0719333924691656 0.58708898142758803 -0.17616220764157106 -0.099973439302006209 10.500000000000002 0.38877962107586433 -0.96625918976428882 23.500000000000004 12.500000000000002 0.12010753212578057 0.42199784519160938 0.087154967021652499 0.016259085924581359
decision_type=2 2 8 10 10 2 2 2 2 2 2 8 2 2
left_child=6 2 3 -2 -5 -6 7 -1 9 10 11 12 13 -9
right_child=1 -3 -4 4 5 -7 -8 8 -10 -11 -12 -13 -14 -15
leaf_value=-0.0061201426534824169 8.5025851840452119e-05 0.0060105667312193327 0.0014460096322000025 -0.0024135975970420985 -0.0080622444786834276 -0.018765277943783128 0.00011781483283960762 -0.006552515470463296 0.0080528166766090908 -0.008679063003430975 -0.0026036284978732684 -0.0071515408377755768 0.014079891190663954 0.0036288373120459579
leaf_weight=725 288 311 301 251 260 222 133458 202 216 465 1836 270 316 832
leaf_count=725 288 311 301 251 260 222 133458 202 216 465 1836 270 316 832
internal_value=2.67939e-05 -0.00283722 -0.00493346 -0.00681207 -0.00950419 -0.0131339 6.07077e-05 -0.00150535 -0.000690205 -0.00118148 -0.000161613 0.0026055 0.0045761 0.00161787
internal_weight=139953 1633 1322 1021 733 482 138320 4862 4137 3921 3456 1620 1350 1034
internal_count=139953 1633 1322 1021 733 482 138320 4862 4137 3921 3456 1620 1350 1034
is_linear=0
shrinkage=0.03


Tree=283
num_leaves=15
num_cat=0
split_feature=12 9 6 8 6 9 8 10 10 5 5 12 6 3
split_gain=14.9497 64.8118 83.898 66.488 63.1992 61.6304 58.4548 50.8211 59.9027 52.9042 41.7824 38.7085 52.4445 39.4704
threshold=0.00071824286445543184 0.8329724191891642 -0.17069136939399362 -0.0081674346704666539 0.12652585482746917 0.56329432177592176 0.021773214804406971 1.7860411906956684 1.9055656261275531 2.2201306953753304 1.7588478482317405 -0.014626111726402989 -0.53635489384601454 0.94419277205897145
decision_type=2 2 10 2 10 2 2 2 2 2 2 2 10 2
left_child=11 2 5 7 -5 10 -6 -4 9 -9 -2 12 13 -1
right_child=1 -3 3 4 6 -7 -8 8 -10 -11 -12 -13 -14 -15
leaf_value=0.0059168492386178244 0.016964388967578788 -0.00042071312217572979 -0.0013854589826667782 0.0057137746654518295 0.0048893603470827364 -0.0016166208827975842 -0.0022683923192214077 0.0038474717395332023 0.0016062862822843426 0.023470122439430113 7.8390098788077002e-05 -0.0017973154518208265 -0.00010539614311154985 -0.006031057231167568
leaf_weight=2052 273 37730 4928 7332 1918 8086 2199 266 2232 230 251 11947 59567 279
leaf_count=2052 273 37730 4928 7332 1918 8086 2199 266 2232 230 251 11947 59567 279
internal_value=5.82939e-05 0.00038842 0.00148982 0.00259768 0.00404441 -0.000968533 0.0010681 0.000432964 0.00371438 0.0130901 0.00895306 -0.000234286 6.75166e-05 0.00447694
internal_weight=139290 65445 27715 19105 11449 8610 4117 7656 2728 496 524 73845 61898 2331
internal_count=139290 65445 27715 19105 11449 8610 4117 7656 2728 496 524 73845 61898 2331
is_linear=0
shrinkage=0.03


Tree=284
num_leaves=15
num_cat=0
split_feature=3 11 6 0 11 8 7 8 8 12 6 12 8 0
split_gain=12.8652 39.4447 34.3293 35.2312 56.1336 38.1114 57.1109 46.375 50.8601 34.5017 38.0547 45.4271 37.3344 40.5747
threshold=0.9101725626760675 -2.4853874447119204 -0.11356476590503504 0.61228065424250289 -0.088897360581432786 -0.026725438852882418 0.84298685780507632 -0.014020675813116125 0.0046492456877853553 0.12662781466198589 0.090147033864568252 -0.10709427695306227 -0.045071713134439591 0.55373779874492612
decision_type=2 2 10 2 2 2 10 2 2 2 10 2 2 2
left_child=1 -1 -2 5 -5 9 -7 -8 -9 10 11 -4 -12 -14
right_child=2 -3 3 4 -6 6 7 8 -10 -11 12 -13 13 -15
leaf_value=-0.0068369556392075389 -0.00183040051374028 0.0002522997871871914 0.014225008280959024 0.012578749546834399 -0.00091028489832472659 -0.0016655140019882007 -0.0069594777295412108 0.017240252908782141 0.0031624014984681119 0.0094800717570629727 -0.0047869697097919139 0.0023272006870801581 -0.00013123046251110217 0.013332140479908614
leaf_weight=706 10999 108497 327 520 588 11270 237 333 739 497 1338 2247 1155 239
leaf_count=706 10999 108497 327 520 588 11270 237 333 739 497 1338 2247 1155 239
internal_value=5.40306e-05 0.000206157 -0.000490787 0.000265488 0.00544838 -4.83147e-05 -0.000976067 0.00494356 0.0075952 0.00196186 0.00124938 0.00386334 -0.00121596 0.00221645
internal_weight=139692 109203 30489 19490 1108 18382 12579 1309 1072 5803 5306 2574 2732 1394
internal_count=139692 109203 30489 19490 1108 18382 12579 1309 1072 5803 5306 2574 2732 1394
is_linear=0
shrinkage=0.03


Tree=285
num_leaves=15
num_cat=0
split_feature=5 10 6 7 7 5 11 11 3 1 13 13 13 6
split_gain=14.166 27.5279 28.3403 27.5771 23.7309 25.3721 15.7016 40.9161 40.4369 39.1215 28.6449 37.0428 34.6187 59.3464
threshold=3.9043765916590534 1.2564756647359521 0.26210776757556836 -0.080704338666902339 1.0301621237128786 3.9284423090972189 1.710358752673353 1.6297946077808201 0.97435897435898033 0.98442595480074824 35.500000000000007 41.500000000000007 11.500000000000002 -0.3521673239957413
decision_type=2 2 10 10 10 2 2 2 2 2 2 2 2 8
left_child=6 -2 3 -3 5 -5 7 -1 10 -10 12 -12 -8 -14
right_child=1 2 -4 4 -6 -7 8 -9 9 -11 11 -13 13 -15
leaf_value=8.8431873275902486e-05 -0.0055806224350603891 0.015522732164779113 -0.0036898938460301046 0.010107258704577116 0.010162345070768687 -0.0013995777763897792 -0.0022845281832351173 0.0049163491860323124 -0.00078385613821775114 0.017306646987652548 -0.016298434539162281 0.00027696431542510892 -0.012660828685957536 0.0028313342762053524
leaf_weight=125513 322 213 360 222 388 714 6650 1595 222 203 254 228 237 2771
leaf_count=125513 322 213 360 222 388 714 6650 1595 222 203 254 228 237 2771
internal_value=9.5195e-05 0.00247038 0.00384805 0.00561985 0.00397431 0.00136881 5.68236e-05 0.000149205 -0.00105417 0.00795778 -0.00143563 -0.00853545 -0.00107706 0.00159172
internal_weight=139892 2219 1897 1537 1324 936 137673 127108 10565 425 10140 482 9658 3008
internal_count=139892 2219 1897 1537 1324 936 137673 127108 10565 425 10140 482 9658 3008
is_linear=0
shrinkage=0.03


Tree=286
num_leaves=15
num_cat=0
split_feature=7 13 5 1 12 3 3 0 5 11 7 1 8 0
split_gain=15.3694 37.4964 28.4481 17.2098 24.6076 32.7608 19.8962 15.8248 42.2212 43.3501 37.8252 18.1626 14.5941 22.1385
threshold=-0.52866359584834832 2.5000000000000004 3.2610129448179279 0.378702208145758 -0.0077859562789246986 0.91489361702128191 0.9624999999999998 0.63639412781907156 2.7366793739853734 -1.0000000180025095e-35 0.39969771760381806 1.1724291082178857 -0.042196620832374944 0.59117335695181517
decision_type=8 2 2 2 2 2 2 2 2 2 8 2 2 2
left_child=1 -1 3 -3 6 -6 -5 12 9 -9 -10 -11 13 -2
right_child=7 2 -4 4 5 -7 -8 8 10 11 -12 -13 -14 -15
leaf_value=-0.0064829918046096528 -0.00052941950246200012 -0.0026556893290906416 0.012873032700736075 -0.0041451188447336629 0.018333275148300764 0.0033298377976193499 0.007276516101831062 -0.0012664759227980491 -0.001781465757796146 -0.0074159731526356352 0.013372460788518378 -0.018677329167122263 0.00017194541472558987 -0.0058570076574067593
leaf_weight=343 17175 405 286 360 206 353 215 871 396 334 231 218 117682 727
leaf_count=343 17175 405 286 360 206 353 215 871 396 334 231 218 117682 727
internal_value=5.04655e-05 0.0025538 0.00426529 0.00262917 0.00451999 0.00897235 0.000151492 1.09418e-05 -0.00260193 -0.00545413 0.00386319 -0.0119911 5.05423e-05 -0.000747348
internal_weight=139802 2168 1825 1539 1134 559 575 137634 2050 1423 627 552 135584 17902
internal_count=139802 2168 1825 1539 1134 559 575 137634 2050 1423 627 552 135584 17902
is_linear=0
shrinkage=0.03


Tree=287
num_leaves=15
num_cat=0
split_feature=12 13 7 13 13 5 2 10 4 2 5 11 0 11
split_gain=13.5313 16.4096 12.8407 25.4663 61.5143 54.4338 60.309 37.8442 68.8131 33.6241 28.9566 28.5634 46.4473 35.8094
threshold=-0.47149664713166073 3.5000000000000004 1.1716868637551341 30.500000000000004 14.500000000000002 1.9870651313359484 0.50666370633511293 2.025257168626323 0.18242219146117594 0.16739507047799299 2.8744907737985304 1.8068283263938401 0.47554407931619413 1.2492126945105535
decision_type=2 2 10 2 2 2 2 2 2 2 2 2 2 2
left_child=1 -1 -2 4 11 9 7 10 -9 -6 -7 13 -13 -4
right_child=2 -3 3 -5 5 6 -8 8 -10 -11 -12 12 -14 -15
leaf_value=0.0093166971942047015 -0.00013555190067793255 -0.00097706597038479752 5.4719562686369384e-05 -0.0036824295388438923 -0.0087778572766826699 0.0089168411787633305 -0.0049799638348357643 0.0050457453679089133 0.022794477425863227 0.0022827669554132614 -0.0017556673625772846 0.0076309792316569302 -0.0048662590980917417 0.0041404176823469953
leaf_weight=303 114847 253 15134 1172 307 762 301 378 413 1189 324 308 1857 2208
leaf_count=303 114847 253 15134 1172 307 762 301 378 413 1189 324 308 1857 2208
internal_value=1.58755e-05 0.0046657 -2.864e-06 0.000622782 0.000841195 0.00439937 0.00742022 0.00941669 0.0143978 -8.70601e-06 0.00573932 0.000170083 -0.00307487 0.000575958
internal_weight=139756 556 139200 24353 23181 3674 2178 1877 791 1496 1086 19507 2165 17342
internal_count=139756 556 139200 24353 23181 3674 2178 1877 791 1496 1086 19507 2165 17342
is_linear=0
shrinkage=0.03


Tree=288
num_leaves=15
num_cat=0
split_feature=6 6 3 1 12 10 11 12 9 13 13 13 6 13
split_gain=15.3193 45.4154 58.608 42.6113 40.0766 42.3366 84.1144 39.4687 67.8911 50.699 84.4143 68.9885 60.3626 57.3331
threshold=0.047281165554928679 0.069724307663969434 0.6941148311885762 8.2739679371207426 -0.023411962722572784 3.0726467613569866 -0.68806953595479647 0.00071824286445543184 0.90845566961192248 59.500000000000007 52.500000000000007 82.500000000000014 -0.31713264711408945 38.500000000000007
decision_type=8 8 2 2 2 2 2 2 2 2 2 2 10 2
left_child=7 2 -2 4 -3 -6 -7 8 9 10 12 -11 -1 -14
right_child=1 3 -4 -5 5 6 -8 -9 -10 11 -12 -13 13 -15
leaf_value=0.0014973336860503151 -0.0019833090595581431 0.0010248335320068485 0.006060051689930861 0.0087046898120805676 -0.00082285820749046685 -0.0078820876816385679 0.014712162028582523 0.00042244600107330235 0.00047808216745579408 0.016538277756327543 -0.017924166578193044 -0.0020846334776692889 -0.0029233115368424633 0.0049677282340144929
leaf_weight=3869 1184 22190 2599 513 29435 223 423 39268 18832 308 296 416 19510 861
leaf_count=3869 1184 22190 2599 513 29435 223 423 39268 18832 308 296 416 19510 861
internal_value=-1.0673e-05 0.000370363 0.00354335 0.000142642 5.7788e-05 -0.000655629 0.00691197 -0.000269246 -0.000885239 -0.00190152 -0.00213279 0.00589691 -0.0019363 -0.00258865
internal_weight=139927 56567 3783 52784 52271 30081 646 83360 44092 25260 24536 724 24240 20371
internal_count=139927 56567 3783 52784 52271 30081 646 83360 44092 25260 24536 724 24240 20371
is_linear=0
shrinkage=0.03


Tree=289
num_leaves=15
num_cat=0
split_feature=10 10 12 6 8 10 3 8 1 6 8 1 11 1
split_gain=14.9617 50.7765 50.2451 40.9133 39.4365 33.5236 33.5033 40.5834 44.5604 40.2706 60.6202 38.9452 29.3084 28.1918
threshold=2.7612196869537065 2.9065738943497261 0.095327575814795909 0.35452680120879626 -0.0077797058284574281 2.734792005973135 0.85714285714285765 -0.025420034751661592 1.4178532019551591 0.13065476937771883 -0.010477917037054025 1.3859151587871099 0.73688696844588564 2.1553208890505542
decision_type=2 2 2 8 2 2 2 2 2 10 2 2 2 2
left_child=5 3 13 6 -4 -1 9 -8 -9 10 -2 -12 -7 -3
right_child=1 2 4 -5 -6 12 7 8 -10 -11 11 -13 -14 -15
leaf_value=-5.4226508880427697e-05 -0.0018456442533585872 -0.002837447462085323 0.018358275790949567 -0.0036159625199078289 0.0020386412217232742 -0.0016732807716997116 0.011164023948184559 0.0033254684077780594 -0.0136082785548558 0.018948859210826993 0.0045033076426097707 0.018813634223614064 -0.015733551630742092 0.0022765913067879099
leaf_weight=131224 474 3543 203 458 375 327 262 377 216 286 330 360 222 1331
leaf_count=131224 474 3543 203 458 375 327 262 377 216 286 330 360 222 1331
internal_value=-7.8613e-06 0.00123389 -0.000445764 0.00454304 0.00787857 -8.53188e-05 0.00616854 0.00144616 -0.00290485 0.00893858 0.00640849 0.0120512 -0.00744954 -0.00144
internal_weight=139988 8215 5452 2763 578 131773 2305 855 593 1450 1164 690 549 4874
internal_count=139988 8215 5452 2763 578 131773 2305 855 593 1450 1164 690 549 4874
is_linear=0
shrinkage=0.03


Tree=290
num_leaves=15
num_cat=0
split_feature=4 4 13 11 10 10 5 2 8 7 11 5 13 13
split_gain=14.6411 34.6508 28.4396 27.1159 28.5265 50.5311 48.4676 32.639 34.2493 26.9532 26.8389 33.7006 31.5155 29.9933
threshold=0.33747233073610022 0.32794301614041194 17.500000000000004 -0.610231638790243 3.025062047901486 2.7612196869537065 2.5963614442000007 0.70967741935484907 -0.016028219993779184 0.24114382351211985 -0.50308351381663963 1.0269753732347466 21.500000000000004 8.5000000000000018
decision_type=2 2 2 2 2 2 2 2 2 10 2 2 2 2
left_child=1 3 -3 4 5 -1 -7 -6 -9 -4 11 -5 13 -13
right_child=-2 2 9 10 7 6 -8 8 -10 -11 -12 12 -14 -15
leaf_value=-0.00077878356762435335 -0.00034220544416635549 0.0020802304898412081 0.0023565849506305262 0.0099073058255809421 -0.010237800149352301 0.001958979162011753 0.016886078825969573 0.0092259490628575167 -0.007310190474307989 0.01687691967243498 0.00038482022277740386 0.0029667197831674107 0.0088896499921071303 -0.0046508406725902897
leaf_weight=20206 55368 1189 201 559 579 679 271 210 232 270 57257 1242 449 737
leaf_count=20206 55368 1189 201 559 579 679 271 210 232 270 57257 1242 449 737
internal_value=3.6585e-05 0.000286027 0.00457081 0.000199457 -0.000697291 -0.000460257 0.00628325 -0.00558266 0.000561664 0.0107702 0.000529598 0.00329953 0.00176099 0.00012529
internal_weight=139449 84081 1660 82421 22177 21156 950 1021 442 471 60244 2987 2428 1979
internal_count=139449 84081 1660 82421 22177 21156 950 1021 442 471 60244 2987 2428 1979
is_linear=0
shrinkage=0.03


Tree=291
num_leaves=15
num_cat=0
split_feature=11 11 6 12 8 2 1 14 8 3 6 8 11 3
split_gain=20.341 48.054 35.8407 34.6992 71.0029 48.7143 67.4745 28.4694 28.3617 59.1681 47.7766 39.122 33.7959 28.8694
threshold=1.7410940720383035 1.6056023228922702 -0.43316160390790315 0.00071824286445543184 0.024408732023034885 0.78571428571429391 1.3548000718765978 1.0000000180025095e-35 0.028675451637182343 0.97435897435898033 -0.26090063987579476 0.019225999939777444 1.8068283263938401 0.93526170798898101
decision_type=2 2 8 2 2 2 2 2 2 2 8 2 2 2
left_child=1 -1 -2 5 7 6 -3 -5 9 11 -10 -4 -12 -14
right_child=2 3 8 4 -6 -7 -8 -9 10 -11 12 -13 13 -15
leaf_value=5.4354500898047847e-05 -0.010072573912294694 0.0034925443518838148 -0.0016262788286674642 0.0085878235838144495 0.015813913684835489 0.013906619567691425 -0.011881827079185147 -0.0025473958800695399 0.01287400868322168 0.010638269776892331 0.010360433793873252 -0.0083931853713388894 0.00019669494866173261 -0.011309837953227781
leaf_weight=126538 391 734 6129 341 542 204 389 509 296 319 267 875 2363 209
leaf_count=126538 391 734 6129 341 542 204 389 509 296 319 267 875 2363 209
internal_value=3.44834e-05 0.000139225 -0.00121291 0.0040816 0.0073817 0.000605131 -0.0018621 0.00194389 -0.000877016 -0.00189885 0.0015091 -0.00247704 0.000303624 -0.000758452
internal_weight=140106 129257 10849 2719 1392 1327 1123 850 10458 7323 3135 7004 2839 2572
internal_count=140106 129257 10849 2719 1392 1327 1123 850 10458 7323 3135 7004 2839 2572
is_linear=0
shrinkage=0.03


Tree=292
num_leaves=15
num_cat=0
split_feature=10 6 6 3 4 5 10 6 1 8 9 8 9 4
split_gain=16.8234 48.0615 57.766 49.3519 51.5183 50.0132 49.2627 61.8668 38.8727 37.3186 36.3275 40.2501 31.1985 32.0701
threshold=2.7612196869537065 0.056813906559956225 0.083570781074535652 0.87999999999999734 0.68437441679171684 3.3528928866434988 2.9823259659596033 -0.22903448377593758 2.0713091726472075 -0.048315290984074652 0.79440649003790653 -0.031873609048626898 0.85582897687075254 0.081647158256362345
decision_type=2 10 10 2 2 2 2 8 2 2 2 2 2 2
left_child=-1 6 -3 4 -4 -5 9 8 -8 -2 -11 -12 -13 -14
right_child=1 2 3 5 -6 -7 7 -9 -10 10 11 12 13 -15
leaf_value=-4.3867801389519471e-06 0.01401022510236776 0.017611197769904999 0.00777596024729645 -0.0076827769534400861 -0.0055974341469345159 0.0072551827776840957 -0.00040209269103070255 -0.0061835205088362636 0.013789190372849607 -0.0069419202799834894 -0.0087520178978982028 0.015472995461388068 -0.0057171222680694302 0.0056460282560860039
leaf_weight=131719 234 264 1670 604 303 297 635 1881 234 373 214 215 279 1054
leaf_count=131719 234 264 1670 604 303 297 635 1881 234 373 214 215 279 1054
internal_value=7.79817e-05 0.00139116 0.00431129 0.00306112 0.00571321 -0.00274586 -0.000401365 -0.00313025 0.00347629 0.00276632 0.00150411 0.00330665 0.00499648 0.00325522
internal_weight=139976 8257 3138 2874 1973 901 5119 2750 869 2369 2135 1762 1548 1333
internal_count=139976 8257 3138 2874 1973 901 5119 2750 869 2369 2135 1762 1548 1333
is_linear=0
shrinkage=0.03


Tree=293
num_leaves=15
num_cat=0
split_feature=0 8 12 13 4 8 7 13 13 13 9 6 13 2
split_gain=16.1314 30.641 26.5867 26.555 25.4593 16.2488 14.704 35.8148 56.7979 38.9518 79.6524 102.379 79.6799 29.6371
threshold=0.64366282396464403 0.032190383327119952 0.0052853494566842416 6.5000000000000009 0.29840096011267675 -0.00075673688694692859 0.096607115336574553 72.500000000000014 95.000000000000014 51.500000000000007 0.73164741114187215 -0.020573540234889217 56.500000000000007 0.93515106462061648
decision_type=2 2 2 2 2 2 10 2 2 2 2 8 2 2
left_child=6 3 -3 4 -2 -5 7 9 -9 -1 -11 12 -12 -8
right_child=1 2 -4 5 -6 -7 13 8 -10 10 11 -13 -14 -15
leaf_value=-0.00055444655623289947 0.01172916639965909 -0.015447672250974541 -0.0028421585974130002 -0.0093813738332170511 -0.0021230357845087307 0.00070205412919963951 0.00017128306067013024 -0.013652213818353154 0.0025269142561183686 0.020403863344618602 0.021317261926014908 -0.011402991976709305 -0.0027701977511082796 0.0057729153848897615
leaf_weight=30419 257 258 359 271 217 299 105059 455 337 237 251 351 237 852
leaf_count=30419 257 258 359 271 217 299 105059 455 337 237 251 351 237 852
internal_value=1.0385e-05 -0.002924 -0.00819499 0.000215341 0.00543158 -0.00413189 4.57579e-05 -0.000514654 -0.00679525 -0.000355663 0.00524061 0.000861808 0.0097096 0.000216616
internal_weight=139859 1661 617 1044 474 570 138198 32287 792 31495 1076 839 488 105911
internal_count=139859 1661 617 1044 474 570 138198 32287 792 31495 1076 839 488 105911
is_linear=0
shrinkage=0.03


Tree=294
num_leaves=15
num_cat=0
split_feature=7 13 6 13 6 12 9 3 11 9 3 13 8 1
split_gain=22.2625 30.0441 34.4464 34.7657 23.8832 23.6464 25.5867 21.5928 21.1819 21.6994 19.7344 19.3781 18.9346 26.6101
threshold=2.0661540109426046 1.0000000180025095e-35 0.66251714207350532 1.5000000000000002 0.14183817577292604 0.020509474674194176 1.0026247768442884 0.2983979856220127 2.980393928286913 0.93977169650587355 0.50000000000000067 -3.4999999999999996 -0.084962152251087775 1.526222426077102
decision_type=10 2 8 2 8 2 2 2 2 2 2 2 2 2
left_child=8 4 3 10 5 6 11 -5 12 -10 -3 -2 13 -1
right_child=1 2 -4 7 -6 -7 -8 -9 9 -11 -12 -13 -14 -15
leaf_value=0.00096511269220499771 -0.002845966054693512 0.0041962601565879529 0.013197754754516103 0.0064458252508286847 0.0034327772679565785 0.0019865000757078332 0.0021104329356073756 4.4212518783777062e-05 -0.013733815836139779 -0.00074492556981216123 0.017230622954033676 -0.014581193964052471 -0.00012706111905033812 0.010048871813487494
leaf_weight=1194 202 221 293 592 609 400 201 2306 202 264 201 348 132477 379
leaf_count=1194 202 221 293 592 609 400 201 2306 202 264 201 348 132477 379
internal_value=-3.48035e-05 0.00185791 0.00342209 0.00254081 -0.00135369 -0.00389013 -0.0070126 0.00136078 -0.000110471 -0.00646133 0.0105336 -0.0103356 -8.81532e-05 0.00317867
internal_weight=139889 5373 3613 3320 1760 1151 751 2898 134516 466 422 550 134050 1573
internal_count=139889 5373 3613 3320 1760 1151 751 2898 134516 466 422 550 134050 1573
is_linear=0
shrinkage=0.03


Tree=295
num_leaves=15
num_cat=0
split_feature=5 8 4 13 8 4 10 5 5 8 0 7 12 7
split_gain=13.3299 27.8621 12.3547 18.2065 11.1273 26.9444 24.4429 22.6373 24.8073 24.4099 20.1212 20.0623 19.7201 44.5193
threshold=0.35342405325619247 -0.020627184671340105 0.0017138814749516498 5.5000000000000009 -0.039612250868978398 0.089138412154787725 2.7612196869537065 0.72061998389883219 0.79279524049008265 -0.052800863600779499 0.41256751854535595 0.31574651255635061 -0.062335802996470839 0.042696456730809275
decision_type=2 2 2 2 2 2 2 2 2 2 2 8 2 8
left_child=1 -1 3 -2 5 6 -4 9 -9 11 -6 -7 13 -10
right_child=2 -3 4 -5 10 7 -8 8 12 -11 -12 -13 -14 -15
leaf_value=0.0041785926697323617 -0.00096126859209367198 -0.0097277956089730985 -0.0034120796189324246 0.010080526594572993 -0.0048191409147224362 0.0013977920067937749 0.0059624106364686092 -0.0097855675508899086 0.0035955598193756445 -0.0014527535621170213 0.00013004642486148392 0.013526617644693904 0.0004583893709536007 -0.0036481086863633621
leaf_weight=201 268 349 3896 263 739 204 263 243 993 354 117382 308 10857 3253
leaf_count=201 268 349 3896 263 739 204 263 243 993 354 117382 308 10857 3253
internal_value=-1.37307e-05 -0.00465378 4.79287e-06 0.00455066 -1.28004e-05 -0.000660244 -0.00281282 -0.000107328 -0.00037424 0.00459751 9.88802e-05 0.00875429 -0.000219628 -0.00195182
internal_weight=139573 550 139023 531 138492 20371 4159 16212 15346 866 118121 512 15103 4246
internal_count=139573 550 139023 531 138492 20371 4159 16212 15346 866 118121 512 15103 4246
is_linear=0
shrinkage=0.03


Tree=296
num_leaves=15
num_cat=0
split_feature=9 1 5 1 5 10 12 9 5 1 4 11 9 5
split_gain=16.4606 23.2698 20.2219 15.7734 14.2407 24.6321 38.0945 29.1031 23.1418 50.8897 31.7741 37.238 44.8845 29.11
threshold=1.4540120282616378 1.0406557609784601 2.9382484810441194 3.3815229164677763 3.486895342854988 2.7612196869537065 0.038424830974339193 0.83694955313690989 3.128239009238873 4.9831522483306037 0.10837886488510227 2.2314801947569336 0.64506280678259775 3.2008175821830904
decision_type=2 2 2 2 2 2 2 2 2 2 2 2 2 2
left_child=4 2 -2 -3 8 -6 7 -7 -1 10 -10 12 -12 -14
right_child=1 3 -4 -5 5 6 -8 -9 9 -11 11 -13 13 -15
leaf_value=-5.5324136334159029e-06 -0.0021301612745487858 -0.0066305269072826833 0.0054184166560841372 0.0023101149730288604 -0.0015263747425956322 -0.0079595158529987969 0.0073279353168306163 0.0013064291933361364 0.0035808555385612238 0.011972603837387437 -0.0082238867466471032 -0.0059975706226443933 0.0048257005228821174 0.00029045708740042244
leaf_weight=111212 983 1100 467 209 10840 380 764 1465 3178 389 471 817 1623 5857
leaf_count=111212 983 1100 467 209 10840 380 764 1465 3178 389 471 817 1623 5857
internal_value=-1.59394e-05 -0.00230806 0.000311267 -0.00519967 3.03048e-05 -0.00089656 0.00171814 -0.000618358 0.000131233 0.00136381 0.00101349 8.14233e-05 0.000709443 0.00127707
internal_weight=139755 2759 1450 1309 136996 13449 2609 1845 123547 12335 11946 8768 7951 7480
internal_count=139755 2759 1450 1309 136996 13449 2609 1845 123547 12335 11946 8768 7951 7480
is_linear=0
shrinkage=0.03


Tree=297
num_leaves=15
num_cat=0
split_feature=13 2 2 12 1 12 9 14 5 7 1 7 9 5
split_gain=14.7543 14.4278 33.6737 45.1777 38.198 38.0185 41.3119 36.8029 48.2107 37.3009 67.4013 35.2515 33.784 38.3104
threshold=-23.499999999999996 0.73333333333333595 0.77160997321410452 0.075403583346264416 1.6523434036791433 -0.076821705555675232 0.6830128939565111 1.0000000180025095e-35 1.2868924455734057 0.28732646754415053 1.4755826377749814 0.46687596919271085 0.75790440449908758 3.1569309704219823
decision_type=2 2 2 2 2 2 2 2 2 10 2 10 2 2
left_child=-1 -2 5 4 -4 6 -3 8 -5 10 -10 -8 13 -6
right_child=1 2 3 7 12 -7 11 -9 9 -11 -12 -13 -14 -15
leaf_value=0.0065103585945749743 -0.00024165258686333445 -0.0053641666129420878 0.00011975981998201716 -0.0070825001875930854 -0.0035096889499748618 0.0011443714705241077 0.0059186695996844901 0.0008316164271500383 0.0069399545116770643 0.00045384577738939236 0.025287832351041439 0.018375148516236325 -0.0013306053899384347 -0.014035540521144868
leaf_weight=304 100819 231 18162 209 1153 7220 1104 3835 770 398 233 249 4899 424
leaf_count=304 100819 231 18162 209 1153 7220 1104 3835 770 398 233 249 4899 424
internal_value=-3.7831e-05 -5.23123e-05 0.000438542 -3.91338e-05 -0.000585768 0.00206984 0.00627133 0.00243259 0.00623171 0.00823604 0.0113065 0.00827032 -0.00256299 -0.00637514
internal_weight=140010 139706 38887 30083 24638 8804 1584 5445 1610 1401 1003 1353 6476 1577
internal_count=140010 139706 38887 30083 24638 8804 1584 5445 1610 1401 1003 1353 6476 1577
is_linear=0
shrinkage=0.03


Tree=298
num_leaves=15
num_cat=0
split_feature=13 13 9 14 13 1 12 13 1 6 1 12 8 7
split_gain=13.1441 37.8347 50.2697 59.8352 62.3294 53.4838 47.5463 50.2752 46.9754 83.2548 42.5392 43.465 42.5576 55.097
threshold=14.500000000000002 8.5000000000000018 0.63094199380824423 1.0000000180025095e-35 11.500000000000002 1.1575644554598308 -0.0070506845083138639 10.500000000000002 2.5272578155857794 -0.060533362155299912 0.93776431093509183 -0.073905215421379164 -0.0054289318429581934 0.51981520731406972
decision_type=2 2 2 2 2 2 2 2 2 10 2 2 2 8
left_child=1 -1 5 -4 -5 6 -3 -8 10 -10 12 -12 -6 -14
right_child=-2 2 3 4 8 -7 7 -9 9 -11 11 -13 13 -15
leaf_value=0.0002034380529651317 0.00043892939557514183 -0.0081960658855223783 0.00065709493913542567 -0.0044605205103746548 -0.0027208300697480797 -0.012779451254979672 -0.0068399363625552745 0.011229010704776336 0.023274460695683955 -0.0036542915062119179 0.0079490363150246067 -0.0053437115691092251 0.0018724005407412955 0.01667192222990773
leaf_weight=65803 50180 562 11804 5953 780 659 226 343 203 203 248 1792 726 325
leaf_count=65803 50180 562 11804 5953 780 659 226 343 203 203 248 1792 726 325
internal_value=5.01987e-05 -0.000167455 -0.00119171 -0.000798225 -0.00247696 -0.00601953 -0.00204181 0.00405517 0.000285862 0.00992943 -0.000737084 -0.00371225 0.00257876 0.00650612
internal_weight=139807 89627 23824 22034 10230 1790 1131 569 4277 406 3871 2040 1831 1051
internal_count=139807 89627 23824 22034 10230 1790 1131 569 4277 406 3871 2040 1831 1051
is_linear=0
shrinkage=0.03


Tree=299
num_leaves=15
num_cat=0
split_feature=3 13 13 13 9 12 12 13 13 12 10 3 1 13
split_gain=17.5593 39.8733 98.5786 103.51 66.1625 81.9673 40.3971 60.1934 50.1216 50.4863 39.1093 37.6805 33.8735 45.0685
threshold=0.75851393188853888 56.500000000000007 46.500000000000007 44.500000000000007 1.0872109645421373 -0.0031484315338539122 0.10669355854841762 28.500000000000004 23.500000000000004 -0.089422278047887035 1.4530160958418505 0.8000000000000006 1.8293134192377725 34.500000000000007
decision_type=2 2 2 2 2 2 2 2 2 2 2 2 2 2
left_child=1 2 3 6 5 -3 8 -8 -1 -10 12 -2 13 -11
right_child=11 4 -4 -5 -6 -7 7 -9 9 10 -12 -13 -14 -15
leaf_value=0.0002992413260391835 -0.0018134398849563057 0.0032127567511838926 -0.0088474425929548333 0.017771160387370772 -0.0050301483738291602 0.024459047122515711 -0.00093440534611980417 -0.010821358890217892 -0.002643226216958974 0.0071323185975392164 0.0024751300365057141 -1.2475650731363102e-05 0.0019403603817799483 0.01989918565541168
leaf_weight=44640 12353 421 1039 304 314 264 5883 607 1084 881 3153 67920 568 348
leaf_count=44640 12353 421 1039 304 314 264 5883 607 1084 881 3153 67920 568 348
internal_value=-2.23203e-07 0.000390293 0.000288542 0.000454473 0.00631823 0.011519 0.000360836 -0.00186674 0.000646285 0.00321137 0.00449484 -0.000289717 0.00802191 0.0108133
internal_weight=139779 59506 58507 57468 999 685 57164 6490 50674 6034 4950 80273 1797 1229
internal_count=139779 59506 58507 57468 999 685 57164 6490 50674 6034 4950 80273 1797 1229
is_linear=0
shrinkage=0.03


end of trees

feature_importances:
breadth=778
ret30=429
atr_ratio=408
rs7=330
cvd20=312
approach=286
vol_ratio=247
close_loc=217
stop_atr=216
aggr=204
effort=197
range10=188
brk_atr=150
body=147
with_trend2=91

parameters:
[boosting: gbdt]
[objective: regression]
[metric: l2]
[tree_learner: serial]
[device_type: cpu]
[data_sample_strategy: bagging]
[data: ]
[valid: ]
[num_iterations: 300]
[learning_rate: 0.03]
[num_leaves: 15]
[num_threads: 0]
[seed: 7]
[deterministic: 0]
[force_col_wise: 0]
[force_row_wise: 0]
[histogram_pool_size: -1]
[max_depth: -1]
[min_data_in_leaf: 200]
[min_sum_hessian_in_leaf: 0.001]
[bagging_fraction: 0.8]
[pos_bagging_fraction: 1]
[neg_bagging_fraction: 1]
[bagging_freq: 1]
[bagging_seed: 17422]
[bagging_by_query: 0]
[feature_fraction: 0.8]
[feature_fraction_bynode: 1]
[feature_fraction_seed: 7040]
[extra_trees: 0]
[extra_seed: 6516]
[early_stopping_round: 0]
[early_stopping_min_delta: 0]
[first_metric_only: 0]
[max_delta_step: 0]
[lambda_l1: 0]
[lambda_l2: 5]
[linear_lambda: 0]
[min_gain_to_split: 0]
[drop_rate: 0.1]
[max_drop: 50]
[skip_drop: 0.5]
[xgboost_dart_mode: 0]
[uniform_drop: 0]
[drop_seed: 15215]
[top_rate: 0.2]
[other_rate: 0.1]
[min_data_per_group: 100]
[max_cat_threshold: 32]
[cat_l2: 10]
[cat_smooth: 10]
[max_cat_to_onehot: 4]
[top_k: 20]
[monotone_constraints: ]
[monotone_constraints_method: basic]
[monotone_penalty: 0]
[feature_contri: ]
[forcedsplits_filename: ]
[refit_decay_rate: 0.9]
[cegb_tradeoff: 1]
[cegb_penalty_split: 0]
[cegb_penalty_feature_lazy: ]
[cegb_penalty_feature_coupled: ]
[path_smooth: 0]
[interaction_constraints: ]
[verbosity: -1]
[saved_feature_importance_type: 0]
[use_quantized_grad: 0]
[num_grad_quant_bins: 4]
[quant_train_renew_leaf: 0]
[stochastic_rounding: 1]
[linear_tree: 0]
[max_bin: 255]
[max_bin_by_feature: ]
[min_data_in_bin: 3]
[bin_construct_sample_cnt: 200000]
[data_random_seed: 61]
[is_enable_sparse: 1]
[enable_bundle: 1]
[use_missing: 1]
[zero_as_missing: 0]
[feature_pre_filter: 1]
[pre_partition: 0]
[two_round: 0]
[header: 0]
[label_column: ]
[weight_column: ]
[group_column: ]
[ignore_column: ]
[categorical_feature: ]
[forcedbins_filename: ]
[precise_float_parser: 0]
[parser_config_file: ]
[objective_seed: 15521]
[num_class: 1]
[is_unbalance: 0]
[scale_pos_weight: 1]
[sigmoid: 1]
[boost_from_average: 1]
[reg_sqrt: 0]
[alpha: 0.9]
[fair_c: 1]
[poisson_max_delta_step: 0.7]
[tweedie_variance_power: 1.5]
[lambdarank_truncation_level: 30]
[lambdarank_norm: 1]
[label_gain: ]
[lambdarank_position_bias_regularization: 0]
[eval_at: ]
[multi_error_top_k: 1]
[auc_mu_weights: ]
[num_machines: 1]
[local_listen_port: 12400]
[time_out: 120]
[machine_list_filename: ]
[machines: ]
[gpu_platform_id: -1]
[gpu_device_id: -1]
[gpu_device_id_list: ]
[gpu_use_dp: 0]
[num_gpu: 1]

end of parameters

pandas_categorical:[]
