t,cls,symbol,title,g1_4h,d1_4h,g1_24h,d1_24h,g1_72h,d1_72h,g5_4h,d5_4h,g5_24h,d5_24h,g5_72h,d5_72h,g60_4h,d60_4h,g60_24h,d60_24h,g60_72h,d60_72h,g240_4h,d240_4h,g240_24h,d240_24h,g240_72h,d240_72h,bybit,by_g1_4h,by_d1_4h,by_g1_24h,by_d1_24h,by_g1_72h,by_d1_72h,by_g5_4h,by_d5_4h,by_g5_24h,by_d5_24h,by_g5_72h,by_d5_72h,by_g60_4h,by_d60_4h,by_g60_24h,by_d60_24h,by_g60_72h,by_d60_72h,by_g240_4h,by_d240_4h,by_g240_24h,by_d240_24h,by_g240_72h,by_d240_72h
2022-01-25 11:02:55.964000+00:00,spot_fade,LUNAUSDT,"Introducing Anchor Protocol (ANC) on Binance Launchpool! Farm ANC by Staking BNB, LUNA and BUSD Tokens",476.900314541495,476.900314541495,372.70844422937245,372.02824422937243,2149.8678925719814,2143.3214925719813,441.65011060941373,441.65011060941373,359.8294493772545,359.1492493772545,2164.429588775418,2157.883188775418,204.43366269999075,204.35016269999076,135.29725595766018,134.6170559576602,2450.296185261097,2443.749785261097,-601.4022782541919,-601.4857782541918,-444.7723025726371,-445.4525025726371,2246.7354409317795,2240.1890409317793,True,490.2658610271913,490.2658610271913,379.23867069486454,378.55847069486447,2158.6948640483392,2152.148464048339,452.7993943981832,452.7993943981832,365.7441332323994,365.0639332323994,2162.110522331567,2155.564122331567,199.72513949400008,199.64163949400006,138.5770847664911,137.89688476649113,2450.737904150425,2444.191504150425,-613.8407362945167,-613.9242362945166,-455.3773509403771,-456.05755094037715,2238.5002000800323,2231.953800080032
2022-01-25 11:02:55.964000+00:00,spot_list,LUNAUSDT,"Introducing Anchor Protocol (ANC) on Binance Launchpool! Farm ANC by Staking BNB, LUNA and BUSD Tokens",-500.90031454149494,-500.90031454149494,-396.70844422937245,-396.02824422937243,-2173.8678925719814,-2167.3214925719813,-465.65011060941373,-465.65011060941373,-383.8294493772545,-383.1492493772545,-2188.4295887754183,-2181.883188775418,-228.43366269999075,-228.35016269999076,-159.29725595766018,-158.6170559576602,-2474.296185261097,-2467.749785261097,577.4022782541919,577.4857782541918,420.7723025726371,421.4525025726371,-2270.7354409317795,-2264.1890409317793,True,-514.2658610271912,-514.2658610271912,-403.2386706948645,-402.55847069486447,-2182.6948640483392,-2176.148464048339,-476.7993943981832,-476.7993943981832,-389.7441332323994,-389.0639332323994,-2186.110522331567,-2179.564122331567,-223.72513949400008,-223.64163949400006,-162.5770847664911,-161.89688476649113,-2474.737904150425,-2468.191504150425,589.8407362945167,589.9242362945166,431.37735094037714,432.05755094037715,-2262.5002000800323,-2255.953800080032
2022-05-28 15:17:09.671000+00:00,spot_fade,LUNAUSDT,Binance Will List Terra 2.0 (LUNA) in the Innovation Zone *LUNA (old) Renamed as LUNC,,,,,,,,,,,,,,,,,,,,,,,,,False,,,,,,,,,,,,,,,,,,,,,,,,
2022-05-28 15:17:09.671000+00:00,spot_list,LUNAUSDT,Binance Will List Terra 2.0 (LUNA) in the Innovation Zone *LUNA (old) Renamed as LUNC,,,,,,,,,,,,,,,,,,,,,,,,,False,,,,,,,,,,,,,,,,,,,,,,,,
2022-07-08 09:38:23.633000+00:00,delist,ANCUSDT,"Binance Staking to Delist EZ, TRU, VITE, ANC & MIR",,,,,,,,,,,,,,,,,,,,,,,,,False,,,,,,,,,,,,,,,,,,,,,,,,
2022-12-15 04:00:04.887000+00:00,delist,BTCSTUSDT,"Binance Will Delist MITH, TRIBE, REP and BTCST on 2022-12-22",-11.999999999999998,-10.999999999999998,-11.999999999999998,-8.999999999999998,-11.999999999999998,-2.9999999999999982,-11.999999999999998,-10.999999999999998,-11.999999999999998,-8.999999999999998,-11.999999999999998,-2.9999999999999982,-11.999999999999998,-10.999999999999998,-11.999999999999998,-8.999999999999998,-11.999999999999998,-2.9999999999999982,-11.999999999999998,-11.999999999999998,-11.999999999999998,-8.999999999999998,-11.999999999999998,-2.9999999999999982,False,,,,,,,,,,,,,,,,,,,,,,,,
2023-02-20 04:03:05.355000+00:00,delist,ANCUSDT,"Binance Will Delist AION, MIR, ANC on 2023-02-27",,,,,,,,,,,,,,,,,,,,,,,,,False,,,,,,,,,,,,,,,,,,,,,,,,
2023-03-17 07:01:15.726000+00:00,delist,HNTUSDT,Binance Will Delist HNT and WABI on 2023-03-24,697.5709570957098,691.8128570957098,1055.1067106710664,999.6984106710663,2127.71397139714,1976.6178713971403,23.377358490565893,17.619258490565894,418.42452830188705,363.016228301887,1674.3207547169811,1523.2246547169811,-453.8170504044805,-453.8170504044805,-43.11387678904842,-94.57657678904842,1269.8917237087735,1125.5537237087735,655.4542232722979,655.4542232722979,620.0141760189014,568.5514760189013,1523.7353809805074,1379.3973809805075,True,669.6932380428797,663.9351380428797,1065.5151181968113,1010.1068181968112,2148.527762506872,1997.4316625068718,-0.20754716981173865,-5.965647169811739,430.2169811320753,374.80868113207526,1686.1132075471705,1535.0171075471706,-465.9800995024867,-465.9800995024867,-24.43781094527385,-75.90051094527385,1287.7512437810954,1143.4132437810954,676.2352941176472,676.2352941176472,646.8235294117638,595.3608294117638,1982.1176470588227,1837.7796470588228
2023-04-17 04:00:15.414000+00:00,spot_list,1INCHUSDT,"Binance Will Move SHIB, FXS, TWT and 1INCH Out of the Innovation Zone on 2023-04-18",-139.84588441330902,-141.60288441330903,-220.40630472854448,-224.1633047285445,-1036.5183887915932,-1047.7555887915933,-139.93550648440234,-141.69250648440234,-211.7896950578337,-215.54669505783372,-1021.4637223974756,-1032.7009223974756,-45.38604814619561,-47.14304814619561,-152.57283429977142,-156.3298342997714,-959.1094710947115,-970.3466710947115,-134.42725337118566,-134.42725337118566,108.65294535131387,105.01054535131388,-938.1887863733155,-948.6689863733154,True,-134.69938650306787,-136.4563865030679,-222.3418054338302,-226.0988054338302,-1028.6520595968454,-1039.8892595968452,-134.69938650306787,-136.4563865030679,-213.5775635407524,-217.33456354075238,-1011.1235758106932,-1022.3607758106931,-47.118525021948784,-48.87552502194878,-170.03336259877065,-173.79036259877066,-968.9798068481128,-980.2170068481128,-136.22360248447228,-136.22360248447228,112.22360248447228,108.58120248447229,-934.8039041703652,-945.2841041703651
2023-04-17 04:00:15.414000+00:00,spot_list,1000SHIBUSDT,"Binance Will Move SHIB, FXS, TWT and 1INCH Out of the Innovation Zone on 2023-04-18",102.35055865921973,101.35055865921973,-66.1201117318435,-74.8472117318435,-525.2681564245811,-547.7753564245811,87.69392216877982,86.69392216877982,-45.231307389595116,-53.95840738959512,-497.3519895059033,-519.8591895059033,167.2741582859625,166.2741582859625,22.105815478793215,13.378715478793213,-437.01093135111523,-459.5181313511152,-70.63079841352037,-70.63079841352037,-57.69753405759713,-69.91563405759713,-645.7299534402497,-668.2371534402497,False,,,,,,,,,,,,,,,,,,,,,,,,
2023-04-17 04:00:15.414000+00:00,spot_fade,1000SHIBUSDT,"Binance Will Move SHIB, FXS, TWT and 1INCH Out of the Innovation Zone on 2023-04-18",-126.35055865921973,-125.35055865921973,42.1201117318435,50.84721173184351,501.26815642458115,523.7753564245811,-111.6939221687798,-110.69392216877982,21.231307389595123,29.958407389595127,473.3519895059033,495.85918950590326,-191.2741582859625,-190.2741582859625,-46.10581547879321,-37.378715478793204,413.01093135111523,435.5181313511152,46.630798413520374,46.630798413520374,33.69753405759714,45.91563405759714,621.7299534402496,644.2371534402497,False,,,,,,,,,,,,,,,,,,,,,,,,
2023-04-17 04:00:15.414000+00:00,spot_fade,FXSUSDT,"Binance Will Move SHIB, FXS, TWT and 1INCH Out of the Innovation Zone on 2023-04-18",274.97996918335855,275.97996918335855,20.742681047766013,23.742681047766013,1458.5315870570112,1468.2809870570113,256.8379263827323,257.8379263827323,22.688764694545963,25.688764694545963,1441.0738099826567,1450.8232099826569,110.72328820492784,111.72328820492784,-108.42544073244386,-105.42544073244386,1333.0861985000495,1342.8355985000496,10.83331678745171,10.83331678745171,-611.6227538965537,-608.2785538965537,1163.4194381018578,1173.1688381018578,True,277.37358563243197,278.37358563243197,23.630025518801347,26.630025518801347,1458.942269728923,1468.6916697289232,254.97508553804707,255.97508553804704,17.39617367837655,20.39617367837655,1438.5325044576166,1448.2819044576167,111.66114897760406,112.66114897760404,-104.01557935735183,-101.01557935735183,1334.1538461538469,1343.903246153847,6.366840407048058,6.366840407048058,-615.1273268801197,-611.7831268801195,1161.9885827748808,1171.7379827748807
2023-04-17 04:00:15.414000+00:00,spot_fade,1INCHUSDT,"Binance Will Move SHIB, FXS, TWT and 1INCH Out of the Innovation Zone on 2023-04-18",115.84588441330902,117.60288441330903,196.40630472854448,200.1633047285445,1012.5183887915931,1023.755588791593,115.93550648440232,117.69250648440234,187.78969505783374,191.54669505783372,997.4637223974755,1008.7009223974756,21.386048146195616,23.143048146195614,128.57283429977142,132.32983429977142,935.1094710947114,946.3466710947113,110.42725337118566,110.42725337118566,-132.6529453513139,-129.01054535131388,914.1887863733153,924.6689863733153,True,110.69938650306788,112.4563865030679,198.3418054338302,202.0988054338302,1004.6520595968453,1015.8892595968452,110.69938650306788,112.4563865030679,189.5775635407524,193.3345635407524,987.1235758106931,998.360775810693,23.11852502194879,24.87552502194879,146.03336259877065,149.79036259877066,944.9798068481127,956.2170068481126,112.22360248447228,112.22360248447228,-136.22360248447228,-132.58120248447227,910.803904170365,921.2841041703649
2023-04-17 04:00:15.414000+00:00,spot_list,FXSUSDT,"Binance Will Move SHIB, FXS, TWT and 1INCH Out of the Innovation Zone on 2023-04-18",-298.97996918335855,-299.97996918335855,-44.742681047766006,-47.742681047766006,-1482.5315870570114,-1492.2809870570113,-280.8379263827323,-281.8379263827323,-46.68876469454596,-49.68876469454595,-1465.073809982657,-1474.8232099826569,-134.72328820492783,-135.72328820492783,84.42544073244386,81.42544073244386,-1357.0861985000495,-1366.8355985000496,-34.83331678745171,-34.83331678745171,587.6227538965537,584.2785538965537,-1187.4194381018578,-1197.168838101858,True,-301.37358563243197,-302.37358563243197,-47.63002551880134,-50.63002551880134,-1482.9422697289233,-1492.6916697289232,-278.97508553804704,-279.97508553804704,-41.39617367837654,-44.39617367837654,-1462.5325044576168,-1472.281904457617,-135.66114897760406,-136.66114897760403,80.01557935735183,77.01557935735184,-1358.153846153847,-1367.903246153847,-30.366840407048056,-30.366840407048056,591.1273268801197,587.7831268801195,-1185.9885827748808,-1195.7379827748807
2023-05-10 03:45:20.471000+00:00,spot_fade,BTSUSDT,"Binance Will Move AMB, ARK, BTS, DREP, FTT, GFT, JASMY, LOOM, MLN, OAX, OMG, PERL, PNT, SNM, SRM, VGX, WRX, and YFII into the Innovation Zone on 2023-05-10",-11.999999999999998,-11.999999999999998,-11.999999999999998,-8.999999999999998,-11.999999999999998,-2.9999999999999982,-11.999999999999998,-11.999999999999998,-11.999999999999998,-8.999999999999998,-11.999999999999998,-2.9999999999999982,-11.999999999999998,-10.999999999999998,-11.999999999999998,-8.999999999999998,-11.999999999999998,-2.9999999999999982,-11.999999999999998,-10.999999999999998,-11.999999999999998,-8.999999999999998,-11.999999999999998,-2.9999999999999982,False,,,,,,,,,,,,,,,,,,,,,,,,
2023-05-10 03:45:20.471000+00:00,spot_fade,JASMYUSDT,"Binance Will Move AMB, ARK, BTS, DREP, FTT, GFT, JASMY, LOOM, MLN, OAX, OMG, PERL, PNT, SNM, SRM, VGX, WRX, and YFII into the Innovation Zone on 2023-05-10",1020.6797385620911,1020.6797385620911,2115.8140885984008,2105.543488598401,3001.7981118373273,2976.589511837327,1001.8584974471198,1001.8584974471198,2076.9861415025534,2066.7155415025536,3007.6936542669587,2982.4850542669583,1240.7831378952058,1241.7831378952058,1856.784325367374,1846.513725367374,2929.962297758647,2904.753697758647,1350.3094388582545,1351.3094388582545,1061.6295815763851,1051.358981576385,2287.7080765488163,2262.4994765488163,True,1015.1683858782509,1015.1683858782509,2112.0738050268783,2101.803205026878,2999.768124364376,2974.5595243643756,1004.3312919218437,1004.3312919218437,2074.614173228346,2064.343573228346,3004.914552347624,2979.7059523476237,1232.4312444312443,1233.4312444312443,1845.736857736858,1835.466257736858,2920.8779328779333,2895.6693328779334,1351.931235809276,1352.9312358092757,1063.2513785274075,1052.9807785274077,2287.7080765488163,2262.4994765488163
2023-05-10 03:45:20.471000+00:00,spot_list,JASMYUSDT,"Binance Will Move AMB, ARK, BTS, DREP, FTT, GFT, JASMY, LOOM, MLN, OAX, OMG, PERL, PNT, SNM, SRM, VGX, WRX, and YFII into the Innovation Zone on 2023-05-10",-1044.6797385620912,-1044.6797385620912,-2139.814088598401,-2129.543488598401,-3025.798111837327,-3000.5895118373264,-1025.85849744712,-1025.85849744712,-2100.9861415025534,-2090.7155415025536,-3031.693654266958,-3006.485054266958,-1264.783137895206,-1265.7831378952058,-1880.7843253673743,-1870.5137253673743,-2953.9622977586464,-2928.7536977586465,-1374.3094388582547,-1375.3094388582547,-1085.6295815763854,-1075.3589815763853,-2311.7080765488167,-2286.4994765488163,True,-1039.168385878251,-1039.168385878251,-2136.0738050268783,-2125.8032050268785,-3023.7681243643756,-2998.559524364375,-1028.3312919218438,-1028.3312919218438,-2098.6141732283463,-2088.343573228346,-3028.9145523476236,-3003.705952347623,-1256.4312444312445,-1257.4312444312443,-1869.7368577368582,-1859.466257736858,-2944.877932877933,-2919.669332877933,-1375.931235809276,-1376.931235809276,-1087.2513785274077,-1076.9807785274077,-2311.7080765488167,-2286.4994765488163
2023-05-10 03:45:20.471000+00:00,spot_list,FTTUSDT,"Binance Will Move AMB, ARK, BTS, DREP, FTT, GFT, JASMY, LOOM, MLN, OAX, OMG, PERL, PNT, SNM, SRM, VGX, WRX, and YFII into the Innovation Zone on 2023-05-10",-11.999999999999998,-11.999999999999998,-11.999999999999998,-15.0,-11.999999999999998,-21.0,-11.999999999999998,-11.999999999999998,-11.999999999999998,-15.0,-11.999999999999998,-21.0,-11.999999999999998,-13.0,-11.999999999999998,-15.0,-11.999999999999998,-21.0,-11.999999999999998,-13.0,-11.999999999999998,-15.0,-11.999999999999998,-21.0,False,,,,,,,,,,,,,,,,,,,,,,,,
2023-05-10 03:45:20.471000+00:00,spot_fade,OMGUSDT,"Binance Will Move AMB, ARK, BTS, DREP, FTT, GFT, JASMY, LOOM, MLN, OAX, OMG, PERL, PNT, SNM, SRM, VGX, WRX, and YFII into the Innovation Zone on 2023-05-10",171.0663615560646,171.0663615560646,399.89931350114506,402.89931350114506,1200.814645308924,1209.180445308924,170.8571428571435,170.8571428571435,399.4285714285715,402.4285714285715,1199.428571428571,1207.7943714285711,250.25769669327326,251.25769669327326,421.2953249714944,424.2953249714944,1208.0684150513107,1216.4342150513107,244.4102564102566,245.4102564102566,256.0652680652684,259.06526806526847,1001.9860139860134,1010.3518139860134,True,159.62471395881008,159.62471395881008,388.45766590389053,391.45766590389053,1189.3729977116705,1197.7387977116705,182.06392694063967,182.06392694063967,421.7899543378998,424.7899543378998,1198.0456621004562,1206.4114621004562,261.6602052451542,262.6602052451542,421.2953249714944,424.2953249714944,1208.0684150513107,1216.4342150513107,267.3946449359719,268.3946449359719,267.3946449359719,270.3946449359719,1012.4470314318976,1020.8128314318976
2023-05-10 03:45:20.471000+00:00,spot_list,OMGUSDT,"Binance Will Move AMB, ARK, BTS, DREP, FTT, GFT, JASMY, LOOM, MLN, OAX, OMG, PERL, PNT, SNM, SRM, VGX, WRX, and YFII into the Innovation Zone on 2023-05-10",-195.06636155606458,-195.06636155606458,-423.89931350114506,-426.89931350114506,-1224.814645308924,-1233.180445308924,-194.8571428571435,-194.8571428571435,-423.4285714285715,-426.4285714285715,-1223.428571428571,-1231.7943714285711,-274.25769669327326,-275.25769669327326,-445.2953249714944,-448.2953249714944,-1232.068415051311,-1240.434215051311,-268.4102564102566,-269.4102564102566,-280.0652680652684,-283.0652680652684,-1025.9860139860136,-1034.3518139860137,True,-183.62471395881008,-183.62471395881008,-412.45766590389053,-415.45766590389053,-1213.3729977116707,-1221.7387977116705,-206.06392694063967,-206.06392694063967,-445.7899543378998,-448.7899543378998,-1222.0456621004564,-1230.4114621004564,-285.6602052451542,-286.6602052451542,-445.2953249714944,-448.2953249714944,-1232.068415051311,-1240.434215051311,-291.3946449359719,-292.3946449359719,-291.3946449359719,-294.3946449359719,-1036.4470314318978,-1044.8128314318978
2023-05-10 03:45:20.471000+00:00,spot_list,YFIIUSDT,"Binance Will Move AMB, ARK, BTS, DREP, FTT, GFT, JASMY, LOOM, MLN, OAX, OMG, PERL, PNT, SNM, SRM, VGX, WRX, and YFII into the Innovation Zone on 2023-05-10",,,,,,,,,,,,,,,,,,,,,,,,,False,,,,,,,,,,,,,,,,,,,,,,,,
2023-05-10 03:45:20.471000+00:00,spot_fade,YFIIUSDT,"Binance Will Move AMB, ARK, BTS, DREP, FTT, GFT, JASMY, LOOM, MLN, OAX, OMG, PERL, PNT, SNM, SRM, VGX, WRX, and YFII into the Innovation Zone on 2023-05-10",,,,,,,,,,,,,,,,,,,,,,,,,False,,,,,,,,,,,,,,,,,,,,,,,,
2023-05-10 03:45:20.471000+00:00,spot_list,BTSUSDT,"Binance Will Move AMB, ARK, BTS, DREP, FTT, GFT, JASMY, LOOM, MLN, OAX, OMG, PERL, PNT, SNM, SRM, VGX, WRX, and YFII into the Innovation Zone on 2023-05-10",-11.999999999999998,-11.999999999999998,-11.999999999999998,-15.0,-11.999999999999998,-21.0,-11.999999999999998,-11.999999999999998,-11.999999999999998,-15.0,-11.999999999999998,-21.0,-11.999999999999998,-13.0,-11.999999999999998,-15.0,-11.999999999999998,-21.0,-11.999999999999998,-13.0,-11.999999999999998,-15.0,-11.999999999999998,-21.0,False,,,,,,,,,,,,,,,,,,,,,,,,
2023-05-10 03:45:20.471000+00:00,spot_fade,FTTUSDT,"Binance Will Move AMB, ARK, BTS, DREP, FTT, GFT, JASMY, LOOM, MLN, OAX, OMG, PERL, PNT, SNM, SRM, VGX, WRX, and YFII into the Innovation Zone on 2023-05-10",-11.999999999999998,-11.999999999999998,-11.999999999999998,-8.999999999999998,-11.999999999999998,-2.9999999999999982,-11.999999999999998,-11.999999999999998,-11.999999999999998,-8.999999999999998,-11.999999999999998,-2.9999999999999982,-11.999999999999998,-10.999999999999998,-11.999999999999998,-8.999999999999998,-11.999999999999998,-2.9999999999999982,-11.999999999999998,-10.999999999999998,-11.999999999999998,-8.999999999999998,-11.999999999999998,-2.9999999999999982,False,,,,,,,,,,,,,,,,,,,,,,,,
2023-05-10 03:45:20.471000+00:00,spot_fade,AMBUSDT,"Binance Will Move AMB, ARK, BTS, DREP, FTT, GFT, JASMY, LOOM, MLN, OAX, OMG, PERL, PNT, SNM, SRM, VGX, WRX, and YFII into the Innovation Zone on 2023-05-10",300.8054740957953,300.8054740957953,212.82893450635368,215.82893450635368,427.88269794721367,436.88269794721367,281.5420743639916,281.5420743639916,203.26418786692702,206.26418786692705,418.52837573385517,427.52837573385517,231.66471734892815,232.66471734892815,202.42495126705597,205.42495126705597,524.062378167641,533.062378167641,351.6363636363649,352.6363636363649,-123.11111111111072,-120.11111111111072,149.61616161616155,158.61616161616158,False,,,,,,,,,,,,,,,,,,,,,,,,
2023-05-10 03:45:20.471000+00:00,spot_fade,SRMUSDT,"Binance Will Move AMB, ARK, BTS, DREP, FTT, GFT, JASMY, LOOM, MLN, OAX, OMG, PERL, PNT, SNM, SRM, VGX, WRX, and YFII into the Innovation Zone on 2023-05-10",-11.999999999999998,-11.999999999999998,-11.999999999999998,-8.999999999999998,-11.999999999999998,-2.9999999999999982,-11.999999999999998,-11.999999999999998,-11.999999999999998,-8.999999999999998,-11.999999999999998,-2.9999999999999982,-11.999999999999998,-10.999999999999998,-11.999999999999998,-8.999999999999998,-11.999999999999998,-2.9999999999999982,-11.999999999999998,-10.999999999999998,-11.999999999999998,-8.999999999999998,-11.999999999999998,-2.9999999999999982,False,,,,,,,,,,,,,,,,,,,,,,,,
2023-05-10 03:45:20.471000+00:00,spot_list,AMBUSDT,"Binance Will Move AMB, ARK, BTS, DREP, FTT, GFT, JASMY, LOOM, MLN, OAX, OMG, PERL, PNT, SNM, SRM, VGX, WRX, and YFII into the Innovation Zone on 2023-05-10",-324.80547409579526,-324.80547409579526,-236.82893450635365,-239.82893450635368,-451.88269794721367,-460.88269794721367,-305.5420743639916,-305.5420743639916,-227.26418786692702,-230.26418786692705,-442.52837573385517,-451.5283757338551,-255.66471734892815,-256.66471734892815,-226.42495126705597,-229.42495126705597,-548.062378167641,-557.062378167641,-375.6363636363649,-376.6363636363649,99.11111111111072,96.11111111111072,-173.61616161616155,-182.61616161616155,False,,,,,,,,,,,,,,,,,,,,,,,,
2023-05-10 03:45:20.471000+00:00,spot_list,SRMUSDT,"Binance Will Move AMB, ARK, BTS, DREP, FTT, GFT, JASMY, LOOM, MLN, OAX, OMG, PERL, PNT, SNM, SRM, VGX, WRX, and YFII into the Innovation Zone on 2023-05-10",-11.999999999999998,-11.999999999999998,-11.999999999999998,-15.0,-11.999999999999998,-21.0,-11.999999999999998,-11.999999999999998,-11.999999999999998,-15.0,-11.999999999999998,-21.0,-11.999999999999998,-13.0,-11.999999999999998,-15.0,-11.999999999999998,-21.0,-11.999999999999998,-13.0,-11.999999999999998,-15.0,-11.999999999999998,-21.0,False,,,,,,,,,,,,,,,,,,,,,,,,
2023-08-15 07:01:08.922000+00:00,delist,YFIIUSDT,"Binance Will Delist SNM, SRM and YFII on 2023-08-22",,,,,,,,,,,,,,,,,,,,,,,,,True,,,,,,,,,,,,,,,,,,,,,,,,
2023-08-15 07:01:08.922000+00:00,delist,SRMUSDT,"Binance Will Delist SNM, SRM and YFII on 2023-08-22",-11.999999999999998,-10.999999999999998,-11.999999999999998,-8.999999999999998,-11.999999999999998,-2.9999999999999982,-11.999999999999998,-10.999999999999998,-11.999999999999998,-8.999999999999998,-11.999999999999998,-2.9999999999999982,-11.999999999999998,-11.999999999999998,-11.999999999999998,-8.999999999999998,-11.999999999999998,-2.9999999999999982,-11.999999999999998,-11.999999999999998,-11.999999999999998,-8.999999999999998,-11.999999999999998,-2.9999999999999982,False,,,,,,,,,,,,,,,,,,,,,,,,
2023-10-04 06:00:16.946000+00:00,monitoring,XEMUSDT,"Binance Will Extend the Monitoring Tag to Include BETA, BOND, WTC and XEM on 2023-10-04",-254.9149797570851,-253.9149797570851,-214.42914979757165,-211.42914979757163,-416.8582995951411,-408.8829995951411,-213.61290322580737,-212.61290322580737,-132.96774193548487,-129.96774193548487,-374.9032258064524,-366.92792580645244,-11.999999999999998,-10.999999999999998,-11.999999999999998,-8.999999999999998,-170.73015873015817,-162.75485873015816,106.57707509881355,106.57707509881355,-51.525691699604515,-48.525691699604515,-130.57707509881575,-124.96057509881575,True,-308.7479674796736,-307.7479674796736,-223.38211382113914,-220.38211382113911,-438.8292682926833,-430.8539682926833,-205.23671497584405,-204.23671497584405,-120.69565217391353,-117.69565217391353,-334.06119162640823,-326.0858916264082,-0.08578236695665425,0.9142176330433458,11.82843526608447,14.82843526608447,-150.99920571882384,-143.02390571882384,102.48874851954116,102.48874851954116,3.7915515199358323,6.791551519935832,-142.2803000394781,-136.6638000394781
2023-11-24 06:09:47.186000+00:00,spot_list,BLURUSDT,Binance Will List Blur (BLUR) with Seed Tag Applied,246.12775690246647,245.12775690246647,478.11599411860954,475.1159941186095,-1220.9527854925664,-1232.0896854925663,121.56935951078341,120.56935951078343,324.33730286450003,321.33730286450003,-1321.9452848406813,-1333.0821848406813,290.6905829596416,289.6905829596416,56.866111467009716,53.86611146700972,-1498.2267777065986,-1509.3636777065985,23.23946820438884,23.23946820438884,-120.92199263174639,-123.92199263174639,-1556.12942495595,-1568.6973249559503,True,231.26530612244656,230.2653061224466,477.79591836734613,474.79591836734613,-1228.326530612245,-1239.463430612245,97.25449871465266,96.25449871465266,312.55012853470413,309.5501285347041,-1337.5141388174798,-1348.6510388174797,284.2844330557357,283.2844330557357,58.46764894298674,55.46764894298674,-1501.4298526585515,-1512.5667526585514,26.455375741066614,26.455375741066614,-119.35459061048003,-122.35459061048002,-1555.0219516103184,-1567.5898516103184
2023-11-24 06:09:47.186000+00:00,spot_fade,BLURUSDT,Binance Will List Blur (BLUR) with Seed Tag Applied,-270.1277569024665,-269.1277569024665,-502.11599411860954,-499.1159941186095,1196.9527854925664,1208.0896854925663,-145.5693595107834,-144.5693595107834,-348.33730286450003,-345.33730286450003,1297.945284840681,1309.082184840681,-314.6905829596416,-313.6905829596415,-80.86611146700972,-77.86611146700972,1474.2267777065983,1485.3636777065985,-47.239468204388835,-47.239468204388835,96.9219926317464,99.9219926317464,1532.12942495595,1544.69732495595,True,-255.26530612244656,-254.26530612244656,-501.79591836734613,-498.79591836734613,1204.326530612245,1215.463430612245,-121.25449871465264,-120.25449871465266,-336.55012853470413,-333.5501285347041,1313.5141388174795,1324.6510388174795,-308.2844330557357,-307.2844330557357,-82.46764894298674,-79.46764894298674,1477.4298526585515,1488.5667526585514,-50.45537574106661,-50.45537574106661,95.35459061048003,98.35459061048003,1531.0219516103182,1543.5898516103184
2023-11-27 06:00:26.207000+00:00,delist,BTSUSDT,"Binance Will Delist BTS, PERL, TORN, WTC on 2023-12-07",-11.999999999999998,-10.999999999999998,-11.999999999999998,-8.999999999999998,-11.999999999999998,-2.9999999999999982,-11.999999999999998,-10.999999999999998,-11.999999999999998,-8.999999999999998,-11.999999999999998,-2.9999999999999982,-11.999999999999998,-10.999999999999998,-11.999999999999998,-8.999999999999998,-11.999999999999998,-2.9999999999999982,-11.999999999999998,-11.999999999999998,-11.999999999999998,-8.999999999999998,-11.999999999999998,-2.9999999999999982,False,,,,,,,,,,,,,,,,,,,,,,,,
2023-12-15 03:58:33.180000+00:00,spot_fade,1000BONKUSDT,Binance Will List Bonk (BONK) with Seed Tag Applied,-835.0887110505703,-893.0941110505703,1090.6732504682434,1011.0905504682434,2732.423633577389,2682.240733577389,-853.0129888977581,-911.018388897758,444.7883317611199,365.20563176111995,2245.093099194544,2194.9101991945436,-463.48081471283905,-521.4862147128391,1183.5946203537014,1104.0119203537015,2436.727452433901,2386.5445524339007,195.32051563529197,137.31511563529196,2554.571527146129,2474.988827146129,3656.4126336919367,3606.229733691937,True,-804.5385757130089,-862.5439757130088,1101.7452831149951,1022.1625831149951,2753.3598078941377,2703.176907894138,-904.1365470607491,-962.141947060749,415.63660159232273,336.0539015923228,2225.612244156033,2175.429344156033,-443.40547175934296,-501.41087175934297,1175.335092348285,1095.752392348285,2435.1942770871847,2385.0113770871844,153.28951594907193,95.28411594907193,2538.9399092934896,2459.3572092934896,3640.5242874070077,3590.341387407008
2023-12-15 03:58:33.180000+00:00,spot_list,1000BONKUSDT,Binance Will List Bonk (BONK) with Seed Tag Applied,811.0887110505702,869.0941110505701,-1114.6732504682436,-1035.0905504682435,-2756.4236335773885,-2706.2407335773887,829.012988897758,887.0183888977579,-468.7883317611199,-389.2056317611199,-2269.093099194544,-2218.9101991945436,439.48081471283905,497.48621471283906,-1207.5946203537017,-1128.0119203537015,-2460.727452433901,-2410.5445524339007,-219.32051563529197,-161.31511563529196,-2578.5715271461286,-2498.9888271461286,-3680.412633691936,-3630.2297336919364,True,780.5385757130088,838.5439757130086,-1125.7452831149953,-1046.1625831149952,-2777.3598078941377,-2727.176907894138,880.1365470607489,938.1419470607489,-439.63660159232273,-360.0539015923228,-2249.6122441560333,-2199.429344156033,419.40547175934296,477.41087175934297,-1199.3350923482851,-1119.7523923482852,-2459.1942770871847,-2409.0113770871844,-177.28951594907193,-119.28411594907193,-2562.939909293489,-2483.357209293489,-3664.5242874070073,-3614.3413874070075
2024-01-04 07:00:09.013000+00:00,monitoring,GMXUSDT,"Binance Will Extend the Monitoring Tag to Include ANT, FIRO, KP3R, MDX, MOB, REEF, VAI, XMR, ZEC & ZEN, and Remove the Seed Tag for GMX & SUSHI on 2024-01-04",192.50249183708524,193.50249183708524,357.47929197456597,360.47929197456597,1070.6602509022164,1079.6602509022164,280.46726747151786,281.46726747151786,457.30794082639113,460.3079408263912,1196.9780649549398,1205.9780649549398,194.07934054610922,194.07934054610922,381.26807487549354,384.26807487549354,1075.0685213807317,1084.0685213807317,-247.0877192982459,-247.0877192982459,337.1228070175445,340.1228070175445,1045.8947368421054,1054.8947368421054,True,192.52006530892965,193.52006530892962,358.3703703703709,361.37037037037095,1063.019334880124,1072.019334880124,279.64186718816376,280.64186718816376,460.7489159085119,463.7489159085119,1199.631663974152,1208.631663974152,183.89311796546104,183.89311796546104,371.1944325113834,374.1944325113834,1076.581493255435,1085.581493255435,-249.71929824561332,-249.71929824561332,336.24561403508756,339.2456140350876,1046.771929824561,1055.771929824561
2024-01-04 07:00:09.013000+00:00,monitoring,XMRUSDT,"Binance Will Extend the Monitoring Tag to Include ANT, FIRO, KP3R, MDX, MOB, REEF, VAI, XMR, ZEC & ZEN, and Remove the Seed Tag for GMX & SUSHI on 2024-01-04",-452.74371321562336,-451.7437132156233,-587.1738897806314,-593.3984897806313,-278.18512573568734,-286.8589257356873,-521.651993854785,-520.6519938547849,-557.721728675439,-563.946328675439,-249.79306659541754,-258.46686659541757,-312.3926701570658,-312.3926701570658,-428.8848167539241,-436.139416753924,-8.727748691098812,-19.59104869109881,-345.58944807273525,-345.58944807273525,-312.9348187988214,-320.1894187988214,167.2803175822777,156.4170175822777,True,-455.44859875593556,-454.4485987559355,-592.563173031905,-598.787773031905,-290.9111096247754,-299.5849096247754,-516.2072926405749,-515.2072926405749,-560.9515159609981,-567.1761159609981,-249.07760117537057,-257.7514011753706,-319.7930582842181,-319.7930582842181,-440.945645055665,-448.200245055665,-21.16830386378686,-32.03160386378686,-339.06093189964093,-339.06093189964093,-315.3794162826409,-322.63401628264086,169.1315924219159,158.2682924219159
2024-01-04 07:00:09.013000+00:00,monitoring,SUSHIUSDT,"Binance Will Extend the Monitoring Tag to Include ANT, FIRO, KP3R, MDX, MOB, REEF, VAI, XMR, ZEC & ZEN, and Remove the Seed Tag for GMX & SUSHI on 2024-01-04",74.32596685082872,75.32596685082872,442.0745856353612,445.0745856353612,635.4447513812164,644.4447513812164,97.47332126540755,98.47332126540753,478.47495905525375,481.47495905525375,690.5256443410043,699.5256443410043,-0.6680613668055163,-0.6680613668055163,378.5160390516038,381.51603905160385,584.2343096234313,593.2343096234313,-91.19241145244004,-91.19241145244004,477.0784091898015,480.0784091898015,745.1142633365234,754.1142633365234,True,69.98136002761537,70.98136002761537,439.32896099413176,442.3289609941318,636.0842250604068,645.0842250604068,99.15898319689954,100.15898319689954,480.89099526066417,483.89099526066417,690.28349849203,699.28349849203,-2.416448858687736,-2.416448858687736,380.0543648719288,383.05436487192884,586.5363303711443,595.5363303711443,-97.27671423599115,-97.27671423599115,477.03585102680114,480.03585102680114,736.3466759484869,745.3466759484868
2024-01-04 07:00:09.013000+00:00,monitoring,ZECUSDT,"Binance Will Extend the Monitoring Tag to Include ANT, FIRO, KP3R, MDX, MOB, REEF, VAI, XMR, ZEC & ZEN, and Remove the Seed Tag for GMX & SUSHI on 2024-01-04",409.59180457052804,410.59180457052804,677.5193065405836,680.5193065405834,831.183609141056,840.183609141056,414.54028436019064,415.5402843601907,663.3554502369674,666.3554502369673,833.1816745655615,842.1816745655615,258.5977382875613,258.5977382875613,500.92407108239235,503.92407108239235,589.7770597738293,598.7770597738293,-300.3031301482708,-300.3031301482708,350.43822075782697,353.43822075782697,519.3014827018137,528.3014827018136,True,413.3643166601029,414.36431666010293,677.2477353288695,680.2477353288693,822.9743993698311,831.974399369831,410.4240031583093,411.42400315830935,659.1409395973155,662.1409395973154,821.0043426766675,830.0043426766675,270.3719241629685,270.3719241629685,504.3372327551419,507.3372327551419,597.1165792658327,606.1165792658326,-300.065843621399,-300.065843621399,354.25514403292203,357.25514403292203,527.0946502057625,536.0946502057625
2024-01-04 07:00:09.013000+00:00,monitoring,REEFUSDT,"Binance Will Extend the Monitoring Tag to Include ANT, FIRO, KP3R, MDX, MOB, REEF, VAI, XMR, ZEC & ZEN, and Remove the Seed Tag for GMX & SUSHI on 2024-01-04",638.9482316760628,639.9482316760628,1202.761660686827,1205.761660686827,1638.4356740133262,1647.4356740133264,690.2039979497696,691.2039979497696,1218.1383905689388,1221.1383905689388,1674.3147104049215,1683.3147104049215,564.2179151388169,564.2179151388169,1082.8140387637516,1085.8140387637516,1491.4049240440027,1500.4049240440029,53.68144499178974,53.68144499178974,1022.4827586206906,1025.4827586206904,1279.7350848385333,1288.7350848385333,True,638.9482316760628,639.9482316760628,1187.3849308047154,1190.3849308047154,1623.0589441312145,1632.0589441312147,679.9528446950284,680.9528446950285,1207.8872373141987,1210.8872373141987,1669.1891337775496,1678.1891337775498,548.796645702305,548.796645702305,1072.9056603773577,1075.9056603773577,1460.746331236897,1469.7463312368973,20.858707557502644,20.858707557502644,1006.6199342825852,1009.6199342825851,1269.4895947426064,1278.4895947426064
2024-01-04 07:00:09.013000+00:00,monitoring,ANTUSDT,"Binance Will Extend the Monitoring Tag to Include ANT, FIRO, KP3R, MDX, MOB, REEF, VAI, XMR, ZEC & ZEN, and Remove the Seed Tag for GMX & SUSHI on 2024-01-04",75.78089887640395,76.78089887640395,-87.49157303370801,-84.49157303370801,-61.15730337078816,-53.26650337078816,56.57745735888932,57.57745735888932,-106.9534024969223,-103.9534024969223,-62.99349393353325,-55.102693933533246,-17.31067445565636,-17.31067445565636,-153.61798548415706,-150.61798548415706,-142.99663657284432,-135.1058365728443,-220.96051000531156,-220.96051000531156,-100.54258898530087,-97.54258898530087,-63.354701611474596,-55.46390161147459,True,65.30147575544689,66.30147575544689,-99.84258608573347,-96.84258608573347,-66.46240337315444,-58.57160337315444,47.838085181275204,48.83808518127521,-115.83667722632772,-112.83667722632772,-75.3579725448774,-67.4671725448774,-8.46142958244943,-8.46142958244943,-141.15782024062185,-138.15782024062185,-137.61924982307016,-129.72844982307015,-212.0708215297453,-212.0708215297453,-91.67422096317289,-88.67422096317289,-61.57507082153034,-53.68427082153034
2024-01-04 07:00:09.013000+00:00,monitoring,ZENUSDT,"Binance Will Extend the Monitoring Tag to Include ANT, FIRO, KP3R, MDX, MOB, REEF, VAI, XMR, ZEC & ZEN, and Remove the Seed Tag for GMX & SUSHI on 2024-01-04",747.4936708860755,748.4936708860755,678.1168451801353,681.1168451801352,631.8656280428422,640.8656280428422,683.2264381884942,684.2264381884943,633.0428396572827,636.0428396572826,599.995104039168,608.995104039168,407.96730793411376,407.96730793411376,487.1826983528236,490.1826983528236,356.414434804476,365.414434804476,-367.59067562228375,-367.59067562228375,55.16712761754229,58.16712761754229,28.827077571446992,37.82707757144699,True,746.2765335929886,747.2765335929886,679.3339824732222,682.3339824732221,626.9970788704957,635.9970788704957,682.971246788204,683.9712467882041,624.241282270893,627.241282270893,599.7704637220112,608.7704637220112,401.5763670647386,401.5763670647386,490.828409805155,493.828409805155,350.03645505971105,359.03645505971105,-370.13034891375884,-370.13034891375884,61.732718894009565,64.73271889400957,30.132982225148165,39.13298222514816
2024-02-02 07:50:07.072000+00:00,spot_list,PYTHUSDT,Binance Will List Pyth Network (PYTH) with Seed Tag Applied,-485.9690240716565,-487.9109240716565,-1467.495428251541,-1471.937328251541,-747.2117932450099,-757.6536932450098,-386.39161362785467,-388.33351362785464,-1434.6881317858488,-1439.1300317858488,-762.6551853238498,-773.0970853238498,146.60105734038177,146.10105734038177,-447.13623424156214,-450.13623424156214,22.566897112646714,13.566897112646712,62.407675739180945,61.90767573918095,-378.1640885059736,-381.1640885059736,-166.68964166829858,-175.68964166829858,True,-481.24658814731737,-483.1884881473173,-1455.2604225088808,-1459.702322508881,-737.3692278930646,-747.8111278930646,-386.81259370314876,-388.75449370314874,-1428.7916041979001,-1433.2335041979002,-756.0029985007491,-766.4448985007491,150.86644951140073,150.36644951140073,-441.56026058631915,-444.56026058631915,30.75244299674297,21.752442996742968,64.45559694177572,63.95559694177573,-364.87198588512035,-367.87198588512035,-159.02999411879912,-168.02999411879915
2024-02-02 07:50:07.072000+00:00,spot_fade,PYTHUSDT,Binance Will List Pyth Network (PYTH) with Seed Tag Applied,461.9690240716565,463.9109240716565,1443.4954282515407,1447.937328251541,723.2117932450096,733.6536932450097,362.39161362785467,364.33351362785464,1410.6881317858486,1415.1300317858486,738.6551853238497,749.0970853238496,-170.60105734038177,-170.10105734038174,423.13623424156214,426.13623424156214,-46.56689711264671,-37.56689711264671,-86.40767573918095,-85.90767573918095,354.1640885059736,357.1640885059736,142.68964166829858,151.68964166829858,True,457.24658814731737,459.18848814731734,1431.2604225088808,1435.7023225088808,713.3692278930645,723.8111278930645,362.81259370314876,364.75449370314874,1404.7916041979,1409.2335041979002,732.002998500749,742.444898500749,-174.86644951140073,-174.3664495114007,417.56026058631915,420.56026058631915,-54.752442996742964,-45.752442996742964,-88.45559694177572,-87.95559694177572,340.87198588512035,343.8719858851204,135.02999411879912,144.02999411879912
2024-02-06 07:00:12.575000+00:00,delist,ANTUSDT,"Binance Will Delist ANT, MULTI, VAI, XMR on 2024-02-20",-536.1428827858563,-552.6310827858563,-746.1590378747088,-787.5058378747088,-1133.881170346437,-1196.489170346437,-548.9608018614636,-565.4490018614636,-711.8389117594406,-753.1857117594407,-1114.559513155541,-1177.167513155541,-23.923011412025005,-23.923011412025005,-202.76818259240235,-234.86218259240238,-591.117697155509,-640.8323971555089,-88.64793050587537,-88.64793050587537,-180.6254471129267,-212.7194471129267,-681.391926417986,-731.106626417986,True,-551.083557951483,-567.571757951483,-759.529200359387,-800.876000359387,-1144.075471698113,-1206.683471698113,-541.5169946332745,-558.0051946332745,-709.6744186046525,-751.0212186046525,-1099.656529516996,-1162.264529516996,-37.571087623594835,-37.571087623594835,-206.3402659393123,-238.43426593931233,-601.8397545175582,-651.5544545175582,-90.36456558773408,-90.36456558773408,-182.35775127768326,-214.4517512776833,-686.6166950596245,-736.3313950596246
2024-02-06 07:00:12.575000+00:00,delist,XMRUSDT,"Binance Will Delist ANT, MULTI, VAI, XMR on 2024-02-20",696.7346396546012,697.7346396546012,1420.746595815345,1372.688695815345,1572.191298571903,1338.493098571903,582.2320590207905,583.2320590207906,1293.164319248827,1245.106419248827,1483.640509725017,1249.942309725017,650.1841890790547,650.1841890790547,1164.989948383592,1071.6923483835922,1526.3048084759575,1273.1007084759576,1492.0708470218556,1492.0708470218556,833.5934866447656,740.2958866447657,1182.115126410513,928.9110264105132,True,689.8943170488534,690.8943170488534,1393.7826520438664,1345.7247520438664,1557.2921236291113,1323.593923629111,585.4252380313794,586.4252380313794,1267.334853158105,1219.276953158105,1479.2163068257998,1245.5181068257998,651.815923437182,651.815923437182,1158.8409692526977,1065.5433692526979,1523.3288535939735,1270.1247535939735,1483.5006427653193,1483.5006427653193,823.5949150121421,730.2973150121422,1165.6889015854886,912.4848015854885
2024-03-05 10:01:37.364000+00:00,spot_list,WIFUSDT,Binance Will List Dogwifhat (WIF) with Seed Tag Applied,-804.1545667447306,-807.1675667447306,2259.0772833723645,2210.9776833723645,2623.8313817330204,2513.9586817330205,-1120.7925102927077,-1123.8055102927078,1839.5594157125936,1791.4598157125936,2392.82770289324,2282.9550028932395,-2161.067643681304,-2164.080643681304,1290.5646634221032,1242.4650634221032,2140.895499535188,2031.022799535188,-1765.3333333333323,-1784.4731333333325,2994.666666666669,2939.097966666669,4186.181818181819,4067.448018181819,True,-872.1712189156142,-875.1842189156142,2206.8573758080474,2158.7577758080474,2585.9849746665873,2476.1122746665874,-1195.2959641255613,-1198.3089641255615,1792.3721973094184,1744.2725973094184,2338.8968609865465,2229.0241609865466,-2194.2737920139457,-2197.2867920139456,1258.9048319442172,1210.8052319442172,2117.4329138748158,2007.5602138748159,-1741.4053464266224,-1760.5451464266225,3016.429411408136,2960.860711408136,4190.582287688672,4071.8484876886723
2024-03-05 10:01:37.364000+00:00,spot_fade,WIFUSDT,Binance Will List Dogwifhat (WIF) with Seed Tag Applied,780.1545667447305,783.1675667447305,-2283.077283372365,-2234.977683372365,-2647.83138173302,-2537.95868173302,1096.7925102927077,1099.8055102927076,-1863.5594157125936,-1815.4598157125936,-2416.82770289324,-2306.95500289324,2137.0676436813037,2140.0806436813036,-1314.5646634221034,-1266.4650634221034,-2164.895499535188,-2055.022799535188,1741.3333333333321,1760.4731333333323,-3018.6666666666683,-2963.0979666666685,-4210.181818181818,-4091.4480181818185,True,848.1712189156141,851.1842189156141,-2230.857375808048,-2182.757775808048,-2609.9849746665873,-2500.112274666587,1171.2959641255613,1174.3089641255613,-1816.3721973094184,-1768.2725973094184,-2362.8968609865465,-2253.0241609865466,2170.2737920139457,2173.2867920139456,-1282.9048319442174,-1234.8052319442174,-2141.4329138748158,-2031.5602138748159,1717.4053464266224,1736.5451464266223,-3040.4294114081354,-2984.8607114081356,-4214.582287688671,-4095.848487688672
2024-03-16 09:30:06.588000+00:00,spot_list,MEMEUSDT,Binance Will List BOOK OF MEME (BOME) with Seed Tag Applied,-529.0775842569542,-531.2066842569541,-1118.31078941416,-1124.28948941416,-2575.2209907260803,-2595.2462907260806,-589.7225485765936,-591.8516485765936,-1108.0234975146866,-1114.0021975146865,-2509.514685946679,-2529.539985946679,-564.4001465738371,-566.529246573837,-875.6405276658122,-881.6192276658122,-2514.290216196409,-2534.3155161964087,-551.6286015123964,-552.8094015123963,-607.3862352828554,-611.7358352828554,-1763.2204460610703,-1781.6166460610702,True,-527.6037991858897,-529.7328991858897,-1120.0958842152877,-1126.0745842152878,-2583.2347354138406,-2603.260035413841,-592.397470641374,-594.5265706413738,-1114.0776874435412,-1120.0563874435413,-2518.775067750677,-2538.800367750677,-561.7022446174993,-563.8313446174992,-875.4906092533201,-881.4693092533201,-2513.14521300962,-2533.1705130096198,-542.9734513274334,-544.1542513274334,-609.9430758191828,-614.2926758191828,-1769.9526429083958,-1788.3488429083957
2024-03-16 09:30:06.588000+00:00,spot_fade,MEMEUSDT,Binance Will List BOOK OF MEME (BOME) with Seed Tag Applied,505.07758425695414,507.20668425695413,1094.31078941416,1100.2894894141598,2551.220990726081,2571.2462907260806,565.7225485765936,567.8516485765936,1084.0234975146864,1090.0021975146865,2485.514685946679,2505.539985946679,540.4001465738371,542.529246573837,851.6405276658121,857.6192276658121,2490.290216196409,2510.3155161964087,527.6286015123964,528.8094015123963,583.3862352828554,587.7358352828554,1739.2204460610703,1757.61664606107,True,503.6037991858897,505.73289918588966,1096.0958842152877,1102.0745842152876,2559.234735413841,2579.2600354138413,568.397470641374,570.526570641374,1090.0776874435412,1096.056387443541,2494.7750677506774,2514.8003677506767,537.7022446174993,539.8313446174992,851.49060925332,857.46930925332,2489.14521300962,2509.1705130096198,518.9734513274334,520.1542513274334,585.9430758191828,590.2926758191828,1745.9526429083958,1764.3488429083957
2024-04-03 06:00:16.944000+00:00,monitoring,UNFIUSDT,"Binance Will Extend the Monitoring Tag to Include EPX, FOR, UNFI, WAVES & WNXM on 2024-04-03",16.44311377245501,19.25771377245501,142.19161676646698,149.88261676646698,2004.4670658682626,2022.1005658682625,58.170200059720415,60.98480005972041,244.793072558974,252.48407255897402,2008.0059719319206,2025.6394719319208,54.02641056422498,56.84101056422498,256.6074429771901,264.2984429771901,1991.3013205282111,2008.9348205282113,410.5985313951741,411.9341313951741,178.31919676307464,184.75309676307464,2006.5823467705688,2021.9012467705688,True,4.481869943062445,7.296469943062444,133.34012586155276,141.03112586155277,1992.045549895116,2009.679049895116,44.05381165919354,46.86841165919354,230.15246636771437,237.8434663677144,1996.9686098654713,2014.6021098654712,48.76975016880537,51.58435016880537,255.08680321104293,262.77780321104296,1987.3998049366046,2005.0333049366045,400.88872236792787,402.2243223679278,176.83476957662126,183.26866957662128,2005.2349194454853,2020.5538194454853
2024-04-03 06:00:16.944000+00:00,monitoring,WAVESUSDT,"Binance Will Extend the Monitoring Tag to Include EPX, FOR, UNFI, WAVES & WNXM on 2024-04-03",149.35597162460712,150.35597162460712,1548.0651238516105,1549.3634238516104,1215.4683102686367,1222.7666102686367,155.360363244754,156.360363244754,1476.77957912507,1478.07787912507,1219.7722734813863,1227.0705734813862,171.67226989538077,172.67226989538077,1417.4110732338083,1418.7093732338083,1096.792758904431,1104.091058904431,870.7264404477119,870.7264404477119,1238.996721892442,1240.2950218924423,1108.1677446029346,1115.6225446029346,True,142.04737683476168,143.04737683476165,1541.553262607179,1542.851562607179,1214.5659061182976,1221.8642061182975,146.54545454545456,147.54545454545453,1478.9090909090917,1480.2073909090916,1222.909090909091,1230.207390909091,170.11191070641843,171.1119107064184,1418.4596857100892,1419.7579857100893,1098.295197532678,1105.593497532678,878.9868712199442,878.9868712199442,1241.8722525446221,1243.170552544622,1115.0098834636376,1122.4646834636378
2024-06-03 03:00:20.294000+00:00,delist,XEMUSDT,"Binance Will Delist OMG, WAVES, WNXM, XEM on 2024-06-17",1788.64308681672,1788.64308681672,2431.7299035369774,2300.9534035369775,2721.118971061094,2507.727671061094,1681.8110749185676,1681.8110749185676,2300.70358306189,2169.9270830618902,2593.863192182411,2380.4718921824106,1260.0848056537104,1261.0848056537102,1684.1130742049468,1553.3365742049468,2037.469964664311,1824.078664664311,223.2941176470591,224.2941176470591,929.1764705882352,798.3999705882353,1478.1960784313717,1264.8047784313715,True,1762.9196141479106,1762.9196141479106,2441.3762057877807,2310.5997057877807,2692.180064308682,2478.7887643086824,1635.0971950424007,1635.0971950424007,2280.8897586431826,2150.1132586431827,2590.739726027398,2377.3484260273976,1238.44154009184,1239.4415400918401,1683.5139526669016,1552.7374526669016,2026.149063935004,1812.757763935004,218.46875000000023,219.46875000000023,956.7499999999993,825.9734999999993,1507.5312500000002,1294.13995
2024-06-03 03:00:20.294000+00:00,delist,WAVESUSDT,"Binance Will Delist OMG, WAVES, WNXM, XEM on 2024-06-17",1393.3623043954954,1393.3623043954954,2356.683344961626,2301.938644961626,2622.3067876009177,2486.4435876009175,1349.7977528089887,1349.7977528089887,2312.594257178527,2257.849557178527,2606.7265917603,2470.8633917602997,1125.6803960813231,1124.883496081323,1952.078794901506,1897.3340949015058,2245.979563889182,2110.1163638891817,222.64139166618492,221.84449166618492,1073.9388545338954,1019.1941545338955,1667.477547246142,1531.614347246142,True,1369.1188811188802,1369.1188811188802,2340.6473526473524,2285.902652647352,2600.387612387611,2464.524412387611,1355.2654690618767,1355.2654690618767,2320.8343313373257,2266.0896313373255,2607.7604790419164,2471.897279041916,1123.106663155122,1122.309763155122,1947.4416644719524,1892.6969644719525,2239.7777192520402,2103.9145192520405,210.41478913922697,209.61788913922697,1076.9659156556907,1022.2212156556908,1654.6666666666674,1518.8034666666672
2024-06-03 03:00:20.294000+00:00,delist,OMGUSDT,"Binance Will Delist OMG, WAVES, WNXM, XEM on 2024-06-17",1111.0125523012557,1111.0125523012557,2476.7029288702934,2393.5617288702933,2526.912133891215,2331.6642338912147,1406.9962399869216,1406.9962399869216,2593.852542095799,2510.7113420957994,2693.5746280856633,2498.326728085663,768.9694793536825,769.1613793536825,1754.6068222621188,1671.4656222621188,2063.403949730701,1868.156049730701,325.69683172073627,325.8887317207363,959.3526845000952,876.2114845000951,1606.2887497628528,1411.040849762853,True,1113.7945801271328,1113.7945801271328,2472.108397457344,2388.967197457344,2523.9652057544336,2328.7173057544337,1409.104214309049,1409.104214309049,2596.6246324730478,2513.483432473048,2686.464554067298,2491.216654067298,770.2030857552919,770.3949857552919,1755.1331180480809,1671.9919180480808,2058.326515966989,1863.0786159669892,323.60864618884966,323.8005461888497,966.3845278725821,883.2433278725821,1597.7838452787248,1402.535945278725
2024-07-01 07:00:03.584000+00:00,monitoring,SNTUSDT,"Binance Will Extend the Monitoring Tag to Include BAL, CTXC, CVP, CVX, DOCK, HARD, IRIS, MBL, POLS, SNT & SUN and Remove the Monitoring Tag for MLN & ZEN on 2024-07-01",-11.999999999999998,-11.5,-11.999999999999998,-8.999999999999998,-11.999999999999998,-2.9999999999999982,-11.999999999999998,-11.5,-11.999999999999998,-8.999999999999998,-11.999999999999998,-2.9999999999999982,-11.999999999999998,-11.5,-11.999999999999998,-8.999999999999998,-11.999999999999998,-2.9999999999999982,-11.999999999999998,-11.5,-11.999999999999998,-8.999999999999998,-11.999999999999998,-2.9999999999999982,True,255.99387442572709,256.4938744257271,389.99081163859177,392.99081163859177,1565.3353751914253,1574.3353751914256,256.7140115163145,257.2140115163145,368.0383877159319,371.03838771593195,1531.1861804222647,1540.1861804222647,289.04206869934313,289.54206869934313,343.07526051717474,346.0752605171748,1543.3840216132762,1552.3840216132764,200.5147579693032,201.01475796930322,153.28925619834766,156.2892561983477,1389.0232192050364,1398.0232192050366
2024-07-01 07:00:03.584000+00:00,monitoring,BALUSDT,"Binance Will Extend the Monitoring Tag to Include BAL, CTXC, CVP, CVX, DOCK, HARD, IRIS, MBL, POLS, SNT & SUN and Remove the Monitoring Tag for MLN & ZEN on 2024-07-01",557.7250745279903,557.5376745279902,1356.002649884068,1244.3118498840681,1471.9350778403436,1322.4019778403438,562.5599468615081,562.3725468615081,1316.4623048820986,1204.7715048820987,1436.0239123214876,1286.4908123214877,744.6666666666665,744.6666666666665,1354.666666666667,1208.6858666666672,1468.0000000000002,1319.6543000000001,439.0218463706839,439.0218463706839,763.1937984496126,617.2129984496127,1073.2713178294582,924.925617829458,True,571.1676607024506,570.9802607024504,1353.1424784625576,1241.4516784625575,1465.799867461894,1316.2667674618942,575.8445699103286,575.6571699103284,1319.7834606443046,1208.0926606443045,1436.0239123214876,1286.4908123214877,715.3940607273943,715.3940607273943,1349.3613613613607,1203.3805613613606,1456.134801468135,1307.789101468135,432.28772919605007,432.28772919605007,763.7404795486589,617.7596795486588,1070.5105782792664,922.1648782792664
2024-07-01 07:00:03.584000+00:00,monitoring,MBLUSDT,"Binance Will Extend the Monitoring Tag to Include BAL, CTXC, CVP, CVX, DOCK, HARD, IRIS, MBL, POLS, SNT & SUN and Remove the Monitoring Tag for MLN & ZEN on 2024-07-01",,,,,,,,,,,,,,,,,,,,,,,,,True,302.8425787106446,303.3425787106446,291.5982008995497,294.59820089954974,1217.3853073463256,1226.3853073463256,325.71106941838605,326.21106941838605,303.19699812382675,306.19699812382675,1200.007504690431,1209.007504690431,178.18638265500098,178.686382655001,162.9714720426021,165.97147204260213,1072.0623811335092,1081.0623811335092,-147.50135501355197,-147.00135501355197,-23.61440185830642,-20.61440185830642,1102.982578397211,1111.982578397211
2024-07-01 07:00:03.584000+00:00,monitoring,CVXUSDT,"Binance Will Extend the Monitoring Tag to Include BAL, CTXC, CVP, CVX, DOCK, HARD, IRIS, MBL, POLS, SNT & SUN and Remove the Monitoring Tag for MLN & ZEN on 2024-07-01",-11.999999999999998,-10.999999999999998,-11.999999999999998,-8.999999999999998,-11.999999999999998,-2.9999999999999982,-11.999999999999998,-10.999999999999998,-11.999999999999998,-8.999999999999998,-11.999999999999998,-2.9999999999999982,-11.999999999999998,-11.999999999999998,-11.999999999999998,-8.999999999999998,-11.999999999999998,-2.9999999999999982,-11.999999999999998,-11.999999999999998,-11.999999999999998,-8.999999999999998,-11.999999999999998,-2.9999999999999982,True,303.66043518234665,304.66043518234665,622.3855347839411,625.3855347839411,1848.2513024823775,1857.2513024823775,372.02925937214394,373.029259372144,695.1014934471209,698.1014934471208,1883.7634867418483,1892.7634867418483,112.45550715619147,112.45550715619147,554.272557560672,557.272557560672,1811.2731798382074,1820.2731798382074,219.15896136795433,219.15896136795433,456.6510449651682,459.6510449651682,1840.4382520582649,1849.438252058265
2024-07-01 07:00:03.584000+00:00,monitoring,ZENUSDT,"Binance Will Extend the Monitoring Tag to Include BAL, CTXC, CVP, CVX, DOCK, HARD, IRIS, MBL, POLS, SNT & SUN and Remove the Monitoring Tag for MLN & ZEN on 2024-07-01",484.87858325901504,479.980583259015,772.8133520193667,754.6080520193667,-241.32857688877428,-269.61277688877425,408.45891552365157,403.56091552365154,717.3936674785283,699.1883674785283,-302.9883348288678,-331.2725348288677,-166.7904990659199,-166.7904990659199,499.07552708833714,475.5855270883372,-844.6661329063257,-867.1628329063257,-16.024144869214652,-16.024144869214652,18.851777330650478,-4.638222669349522,-682.6908115358813,-705.1875115358812,True,500.4618514750756,495.56385147507564,784.0325534079337,765.8272534079337,-218.00203458799538,-246.28623458799535,419.3323947267367,414.4343947267367,730.3524894406763,712.1471894406762,-285.9024702419046,-314.1866702419046,-173.67824692677746,-173.67824692677746,481.051843933725,457.5618439337251,-861.8129342597528,-884.3096342597527,-17.36912751677887,-17.36912751677887,21.557046979866282,-1.932953020133718,-685.8255033557051,-708.322203355705
2024-07-08 07:01:09.631000+00:00,delist,BONDUSDT,"Binance Will Delist BOND, DOCK, MDX, POLS on 2024-07-22",-997.5951478392733,-1197.5951478392733,314.0045489006813,-462.3642510993186,-148.46702047005243,-1417.2075204700525,-856.4444444444433,-1056.4444444444434,588.0000000000016,-188.36879999999826,47.259259259258904,-1221.481240740741,620.5878594249201,480.09865942492013,2122.1853035143763,1440.0514035143763,1636.5623003194894,562.6863003194894,22.31708991077587,-118.17211008922412,516.4831846259452,-165.65071537405476,509.6197666437894,-564.2562333562105,True,-790.6259541984731,-990.6259541984731,339.1450381679393,-437.22376183206063,-210.4732824427482,-1479.2137824427482,-726.285714285714,-926.2857142857141,506.79699248120414,-269.57180751879577,-87.18796992481258,-1355.9284699248126,528.7166123778495,388.22741237784953,2007.5439739413666,1325.4100739413666,1479.856677524429,405.98067752442915,-223.86440677966044,-364.3536067796604,390.54237288135596,-291.591527118644,263.42372881355857,-810.4522711864412
2024-08-08 05:39:28.744000+00:00,spot_fade,TONUSDT,Binance Will List Toncoin (TON) with Seed Tag Applied,-849.7732240437164,-852.3825240437164,-875.5587431693992,-886.9622431693992,-1352.1639344262285,-1379.2230344262284,-553.5604621139391,-556.1697621139391,-543.9606739713323,-555.3641739713323,-987.8681187725516,-1014.9272187725517,343.8888482864908,341.2795482864908,-306.87933143737877,-318.2828314373788,-547.7398198312712,-574.7989198312713,85.70857629148533,82.37137629148533,-172.11598953572735,-183.87228953572736,-377.93437765940706,-403.55707765940707,True,-853.4057027659605,-856.0150027659606,-876.9821468231612,-888.3856468231611,-1358.7616558180873,-1385.8207558180875,-554.8538317633214,-557.4631317633214,-547.9005347416512,-559.3040347416512,-989.2693409267764,-1016.3284409267765,344.0076287349023,341.39832873490235,-309.9974570883659,-321.4009570883659,-549.3490146217418,-576.4081146217419,89.49084376083417,86.15364376083419,-169.43688341160578,-181.1931834116058,-376.9888107920707,-402.61151079207065
2024-08-08 05:39:28.744000+00:00,spot_list,TONUSDT,Binance Will List Toncoin (TON) with Seed Tag Applied,825.7732240437163,828.3825240437163,851.5587431693991,862.9622431693991,1328.1639344262283,1355.2230344262284,529.5604621139391,532.1697621139391,519.9606739713323,531.3641739713323,963.8681187725515,990.9272187725516,-367.8888482864908,-365.2795482864908,282.87933143737877,294.2828314373788,523.7398198312712,550.7989198312713,-109.70857629148533,-106.37137629148533,148.11598953572738,159.87228953572736,353.93437765940706,379.55707765940707,True,829.4057027659604,832.0150027659605,852.9821468231611,864.385646823161,1334.761655818087,1361.8207558180873,530.8538317633214,533.4631317633214,523.9005347416512,535.3040347416512,965.2693409267763,992.3284409267764,-368.0076287349023,-365.39832873490235,285.9974570883659,297.4009570883659,525.3490146217418,552.4081146217419,-113.49084376083417,-110.15364376083417,145.43688341160578,157.1931834116058,352.9888107920707,378.61151079207065
2024-08-12 07:00:11.329000+00:00,delist,REEFUSDT,"Binance Will Delist CVP, EPX, FOR, LOOM, REEF, VGX on 2024-08-26",-954.2110552763808,-965.0907552763807,-966.7738693467345,-1130.2385693467345,-74.81407035175768,-314.78327035175766,-151.3728222996504,-162.25252229965042,-209.44483159117365,-372.9095315911737,661.6353077816492,421.66610778164915,99.48272017837301,99.48272017837301,389.3377926421402,186.1534926421402,1013.6410256410253,784.8194256410253,-80.72852233676952,-80.72852233676952,480.55441008018266,277.37011008018266,892.9255441008019,664.1039441008019,True,-966.7738693467345,-977.6535693467345,-966.7738693467345,-1130.2385693467345,-62.25125628140614,-302.22045628140614,-162.81206496519783,-173.69176496519785,-220.8167053364276,-384.2814053364276,672.4547563805103,432.4855563805102,77.18617614269708,77.18617614269708,367.0412486064654,163.85694860646538,1013.6410256410253,784.8194256410253,-69.20823798627039,-69.20823798627039,491.43249427917567,288.2481942791757,903.3318077803207,674.5102077803207
2024-08-12 07:00:11.329000+00:00,delist,LOOMUSDT,"Binance Will Delist CVP, EPX, FOR, LOOM, REEF, VGX on 2024-08-26",-1514.5528811086785,-1697.2523811086787,-1492.6710430342807,-1912.6327430342808,-1475.651835643083,-2215.464635643083,-621.9732858414964,-804.6727858414963,-548.5093499554763,-968.4710499554764,-510.6642920747997,-1250.4770920747999,-272.30368763557465,-329.2541876355746,-335.21041214750545,-639.7888121475054,-311.34924078091063,-872.9110407809104,-305.5545628589664,-362.5050628589664,-167.28610933843723,-471.86450933843724,-33.27206977238893,-594.8338697723888,True,-1492.9419762078169,-1675.641476207817,-1475.9475600873998,-1895.9092600873998,-1454.097596504006,-2193.9103965040063,-612.0000000000006,-794.6995000000005,-532.0000000000005,-951.9617000000005,-494.22222222222166,-1234.0350222222219,-277.10212950890957,-334.05262950890955,-348.810082572796,-653.388482572796,-327.08039982616197,-888.6421998261618,-303.427355881726,-360.37785588172596,-163.03169538396077,-467.61009538396075,-22.636034886193354,-584.1978348861932
2024-09-16 05:45:02.167000+00:00,spot_fade,TURBOUSDT,"Binance Will List First Neiro on Ethereum (NEIRO), Turbo (TURBO), and Baby Doge Coin (1MBABYDOGE) with Seed Tag Applied",-1095.1426392067135,-1097.4864392067136,-1674.85278413425,-1680.94858413425,-3078.361556064074,-3084.741456064074,-697.4738926008408,-699.8176926008409,-1318.6072754268744,-1324.7030754268744,-2625.2145508537483,-2631.594450853748,-418.40966093822504,-420.75346093822503,-555.4277751973982,-561.5235751973981,-1953.4770088248945,-1959.8569088248946,-278.15104640582257,-279.34534640582257,-705.8125568698839,-709.0645568698839,-1583.8835304822587,-1587.4196304822588,False,,,,,,,,,,,,,,,,,,,,,,,,
2024-09-16 05:45:02.167000+00:00,spot_list,TURBOUSDT,"Binance Will List First Neiro on Ethereum (NEIRO), Turbo (TURBO), and Baby Doge Coin (1MBABYDOGE) with Seed Tag Applied",1071.1426392067133,1073.4864392067134,1650.85278413425,1656.9485841342498,3054.3615560640746,3060.7414560640746,673.4738926008407,675.8176926008408,1294.6072754268741,1300.7030754268742,2601.2145508537487,2607.5944508537486,394.40966093822504,396.75346093822503,531.4277751973982,537.5235751973981,1929.4770088248945,1935.8569088248944,254.15104640582254,255.34534640582254,681.8125568698838,685.0645568698837,1559.8835304822587,1563.4196304822588,False,,,,,,,,,,,,,,,,,,,,,,,,
2024-10-03 07:00:05.269000+00:00,monitoring,SEIUSDT,"Binance Will Extend the Monitoring Tag to Include BLZ, CLV, KEY, PROS & VITE and Remove the Seed Tag for PENDLE & SEI on 2024-10-03",-21.620009620010524,-22.183409620010526,514.6955266955275,505.8789266955276,305.46031746031747,279.80461746031744,81.2791198277927,80.7157198277927,552.4582635733075,543.6416635733075,349.1576177947862,323.50191779478615,-68.60841742554767,-68.60841742554767,157.82525227664303,145.97275227664304,42.147181885305656,15.128281885305652,592.6845124282985,592.6845124282985,169.64435946462666,157.79185946462667,248.51625239005838,221.4973523900584,True,-16.81116189559705,-17.374561895597047,512.4166466201594,503.60004662015945,307.94226605725373,282.28656605725376,83.69377990430672,83.13037990430672,552.5933014354065,543.7767014354065,349.2440191387556,323.58831913875554,-71.08419497784311,-71.08419497784311,162.7907434761198,150.93824347611977,47.084194977844234,20.06529497784423,590.7266204257353,590.7266204257353,167.3829227457544,155.5304227457544,243.9196364506111,216.90073645061113
2024-10-03 07:00:05.269000+00:00,monitoring,PENDLEUSDT,"Binance Will Extend the Monitoring Tag to Include BLZ, CLV, KEY, PROS & VITE and Remove the Seed Tag for PENDLE & SEI on 2024-10-03",355.15895641434736,356.1589564143474,381.1456800288169,383.74708002881687,182.51448566870866,189.59128566870865,196.2461280870662,197.2461280870662,206.97237337798248,209.57377337798246,15.731268313102577,22.808068313102574,46.773242145757635,46.773242145757635,-49.40115409275546,-47.25725409275546,-212.63047659756305,-205.55367659756305,196.58928476042982,196.58928476042982,14.173815501309152,16.317715501309152,-241.68858501148492,-234.61178501148493,True,362.2160995168087,363.2160995168087,388.6888043590007,391.29020435900065,195.66937390767959,202.74617390767958,200.49346576058593,201.4934657605859,216.17564035546246,218.77704035546245,26.159958180867818,33.23675818086782,47.290120983894745,47.290120983894745,-47.25358544988366,-45.109685449883656,-210.96909969820743,-203.89229969820744,199.93679265428145,199.93679265428145,17.09459748024701,19.23849748024701,-235.1475549861206,-228.07075498612062
2024-10-03 07:00:05.269000+00:00,monitoring,KEYUSDT,"Binance Will Extend the Monitoring Tag to Include BLZ, CLV, KEY, PROS & VITE and Remove the Seed Tag for PENDLE & SEI on 2024-10-03",1506.13953488372,1506.95223488372,1317.0697674418604,1318.2394674418604,1603.5813953488373,1610.7510953488375,1363.8151403459028,1364.6278403459028,1207.166430394103,1208.3361303941028,1479.5886967205372,1486.7583967205371,837.1614467569219,837.1614467569219,603.275813295616,604.632813295616,868.2283289553446,875.5853289553447,293.759334282274,293.759334282274,170.0321909558742,171.3891909558742,31.249753640645096,38.6067536406451,True,1496.8413215449036,1497.6540215449036,1324.6682177757093,1325.8379177757092,1612.0111679851088,1619.1808679851088,1371.8336090758696,1372.6463090758696,1208.7515953675263,1209.9212953675262,1479.373197825574,1486.542897825574,842.150895786021,842.150895786021,610.0035326772655,611.3605326772655,883.7860206913958,891.1430206913959,302.6374829001364,302.6374829001364,184.99042407660738,186.34742407660738,42.7195622435015,50.0765622435015
2024-10-03 07:00:05.269000+00:00,monitoring,BLZUSDT,"Binance Will Extend the Monitoring Tag to Include BLZ, CLV, KEY, PROS & VITE and Remove the Seed Tag for PENDLE & SEI on 2024-10-03",-1074.7312623698494,-1074.2312623698494,-1006.7508820239226,-1004.1684820239226,-73.95680234059031,-68.31660234059031,-1100.762571053783,-1100.262571053783,-1322.013117621338,-1319.4307176213383,-270.8543944031496,-265.21419440314963,-364.3476279599636,-363.8476279599635,-444.09374237122677,-441.51134237122676,444.505818211409,450.146018211409,389.5311303804403,390.03113038044035,422.3410671041337,424.9234671041337,840.2771658464189,845.9173658464189,True,-1080.07814786126,-1079.57814786126,-1007.7827696015165,-1005.2003696015165,-88.59867458473136,-82.95847458473135,-1099.507649270041,-1099.007649270041,-1325.926042486231,-1323.3436424862311,-278.6316985750505,-272.99149857505057,-361.00748454279153,-360.5074845427915,-445.615359583468,-443.03295958346797,436.2590302635858,441.8992302635858,379.375673775487,379.87567377548703,419.997500195298,422.579900195298,836.3712209983595,842.0114209983595
2024-10-09 07:00:13.876000+00:00,spot_fade,SOLUSDT,Binance Will List Binance Staked SOL (BNSOL) and Introduce BNSOL Boosted APR Promotion,32.002402670875185,31.63110267087519,191.8777990417262,193.5064990417262,-189.7557377736172,-188.8578377736172,38.94919039642543,38.57789039642543,205.1970965940817,206.8257965940817,-169.24455611390243,-168.34665611390244,-17.523741600765852,-17.523741600765852,221.81508750585533,223.44938750585533,-185.1937714569387,-183.22957145693871,73.22727272727293,73.22727272727293,208.67901234568032,210.31331234568032,-315.94219977553314,-313.97799977553314,True,35.492666573544234,35.121366573544236,189.8438329375616,191.47253293756157,-190.79592121804677,-189.89802121804678,41.04669505130311,40.67539505130311,202.97871152369785,204.60741152369783,-170.44210232428102,-169.54420232428103,-15.496503496505097,-15.496503496505097,221.56643356643337,223.20073356643337,-188.22377622377616,-186.25957622377618,71.50291207634531,71.50291207634531,207.63370991509356,209.26800991509356,-320.04855799593025,-318.0843579959302
2024-10-09 07:00:13.876000+00:00,spot_list,SOLUSDT,Binance Will List Binance Staked SOL (BNSOL) and Introduce BNSOL Boosted APR Promotion,-56.002402670875185,-55.63110267087519,-215.8777990417262,-217.5064990417262,165.7557377736172,164.8578377736172,-62.94919039642542,-62.577890396425424,-229.1970965940817,-230.82579659408168,145.24455611390243,144.34665611390244,-6.476258399234147,-6.476258399234147,-245.81508750585533,-247.44938750585533,161.19377145693872,159.22957145693871,-97.22727272727293,-97.22727272727293,-232.67901234568032,-234.31331234568032,291.94219977553314,289.9779997755332,True,-59.49266657354423,-59.12136657354423,-213.8438329375616,-215.47253293756157,166.79592121804677,165.89802121804678,-65.0466950513031,-64.6753950513031,-226.97871152369785,-228.60741152369783,146.44210232428102,145.54420232428103,-8.5034965034949,-8.5034965034949,-245.56643356643335,-247.20073356643334,164.22377622377616,162.25957622377618,-95.5029120763453,-95.5029120763453,-231.63370991509356,-233.26800991509356,296.04855799593025,294.08435799593025
2024-10-23 07:00:37.062000+00:00,delist,UNFIUSDT,"Binance Will Delist IDRT, KP3R, OOKI, UNFI on 2024-11-06",2695.581227436823,2695.637327436823,-819.7617328519838,-821.6435328519838,317.4223826714815,252.7451826714815,2924.8512110726642,2924.907311072664,-362.3460207612452,-364.22782076124525,753.5709342560557,688.8937342560557,1592.8092002090953,1591.0220002090953,-4413.4636696288535,-4415.5198696288535,-1433.850496602195,-1498.0837966021952,-792.7620237351665,-794.5492237351665,-6845.229231730166,-6847.285431730167,-3316.1848844472206,-3380.418184447221,True,2720.9889961823496,2721.0450961823494,-771.0388502133405,-772.9206502133405,365.273748035033,300.596548035033,2914.3021396153013,2914.358239615301,-364.280095094013,-366.16189509401306,761.71947266047,697.0422726604701,1607.718309859155,1605.931109859155,-4380.805425143453,-4382.861625143454,-1407.4094940010432,-1471.6427940010433,-788.1845386533662,-789.9717386533662,-6810.62842892768,-6812.68462892768,-3294.418952618453,-3358.652252618453
2024-11-11 05:39:29.462000+00:00,spot_list,AIUSDT,Binance Will List Act I : The AI Prophecy (ACT) and Peanut the Squirrel (PNUT) with Seed Tag Applied,-227.93090211132537,-228.4309021113254,733.2223983977312,724.1577983977313,20.12884920303694,-5.039150796963066,-354.61551155115535,-355.11551155115535,614.8564356435658,605.7918356435657,-123.59240924092484,-148.76040924092484,45.930567888704324,45.430567888704324,1014.4704638673949,1005.4058638673949,251.22466066218465,226.05666066218464,136.7472790131883,136.2472790131883,998.9266293909269,989.2346293909268,152.75308378505193,125.73668378505194,True,-220.3333333333337,-220.8333333333337,729.6666666666648,720.6020666666649,21.333333333334107,-3.8346666666658984,-341.8289012574718,-342.3289012574718,627.0434961863533,617.9788961863533,-113.01010101010054,-138.17810101010053,49.22018154950393,48.720181549503934,1020.2989233692192,1011.2343233692192,253.99113362888005,228.82313362888004,122.09961685823868,121.59961685823869,984.1685823754784,974.4765823754783,162.54235845040466,135.52595845040466
2024-11-11 05:39:29.462000+00:00,spot_fade,AIUSDT,Binance Will List Act I : The AI Prophecy (ACT) and Peanut the Squirrel (PNUT) with Seed Tag Applied,203.93090211132537,204.4309021113254,-757.2223983977314,-748.1577983977314,-44.128849203036935,-18.96084920303693,330.61551155115535,331.11551155115535,-638.8564356435658,-629.7918356435658,99.59240924092484,124.76040924092484,-69.93056788870432,-69.43056788870432,-1038.470463867395,-1029.405863867395,-275.22466066218465,-250.05666066218464,-160.7472790131883,-160.2472790131883,-1022.926629390927,-1013.234629390927,-176.75308378505193,-149.73668378505192,True,196.3333333333337,196.8333333333337,-753.666666666665,-744.602066666665,-45.3333333333341,-20.165333333334097,317.8289012574718,318.3289012574718,-651.0434961863534,-641.9788961863535,89.01010101010056,114.17810101010055,-73.22018154950392,-72.72018154950392,-1044.2989233692192,-1035.2343233692193,-277.99113362888005,-252.82313362888004,-146.09961685823868,-145.59961685823868,-1008.1685823754785,-998.4765823754785,-186.54235845040466,-159.5259584504047
2024-11-26 08:30:14.278000+00:00,delist,RENUSDT,"Binance Will Delist GFT, IRIS, KEY, OAX, REN on 2024-12-10",724.9640787949016,724.9640787949016,451.4994206257248,348.1409206257248,650.8041714947863,359.8818714947863,-158.7982789167288,-158.7982789167288,-449.86383194127865,-553.2223319412786,-237.2594279929121,-528.1817279929121,-1853.216216216215,-1853.216216216215,-1546.346846846846,-1649.705346846846,-2131.93243243243,-2422.85473243243,-603.5983097191147,-626.3634097191147,338.4847129008204,235.1262129008204,-2597.1354710415108,-2888.0577710415105,True,712.0659085634726,712.0659085634726,433.57902065444523,330.22052065444524,635.4820143884896,344.55971438848957,-187.03805175038022,-187.03805175038022,-473.6945712836129,-577.0530712836129,-265.6783358701178,-556.6006358701178,-1826.606741573035,-1826.606741573035,-1526.0449438202254,-1629.4034438202254,-2101.8876404494395,-2392.809940449439,-615.5767511177359,-638.3418511177359,353.12667660208666,249.76817660208664,-2560.435171385992,-2851.3574713859916
2024-11-26 08:30:14.278000+00:00,delist,KEYUSDT,"Binance Will Delist GFT, IRIS, KEY, OAX, REN on 2024-12-10",1872.040092521203,1872.040092521203,1797.097918272937,1800.097918272937,2590.0046260601393,2607.7341260601393,1532.6368120707998,1532.6368120707998,1425.276332333882,1428.276332333882,1974.3300770545188,1992.0595770545187,303.2500835468408,303.2500835468408,377.8852623370841,380.8852623370841,116.84779621996967,134.57729621996967,-409.8719361580829,-408.87193615808286,1007.570587117613,1010.570587117613,-728.3214896446891,-710.5919896446891,True,1876.2198548710826,1876.2198548710826,1786.67222479543,1789.6722247954299,2578.7055735680096,2596.4350735680096,1544.6645202833229,1544.6645202833229,1440.0283322601413,1443.0283322601413,1974.4777849323889,1992.2072849323888,303.69173630454975,303.69173630454975,376.1151346332401,379.11513463324013,108.70566388115101,126.43516388115101,-376.1881638846733,-375.1881638846733,1017.9696509863431,1020.969650986343,-728.9954476479523,-711.2659476479524
2024-12-16 12:36:45.627000+00:00,spot_fade,1000CATUSDT,Introducing Simon's Cat (1000CAT) and Pudgy Penguins (PENGU) on Binance HODLer Airdrops!,-1460.185066766974,-1461.9636667669738,-403.19804400977955,-416.4389440097795,2918.2238104194103,2912.34001041941,-1620.3916083916083,-1622.1702083916084,-372.99036099036084,-386.23126099036085,2913.722925722926,2907.839125722926,-471.0531030070366,-472.83170300703665,1581.0902111324385,1567.8493111324385,3924.3403710812554,3918.4565710812553,-629.3243818568852,-628.8243818568853,1266.8603242181096,1256.2101242181095,3886.804650401179,3883.199450401179,True,-1487.1318764129608,-1488.9104764129606,-428.3526752072344,-441.5935752072344,2904.352675207235,2898.4688752072348,-1661.9336995643123,-1663.7122995643122,-406.01401780640333,-419.25491780640334,2893.8533813222202,2887.96958132222,-511.83979493751997,-513.61839493752,1558.0096123037488,1544.7687123037488,3914.6260813841727,3908.7422813841727,-620.5391787992811,-620.0391787992811,1273.7843939146085,1263.1341939146084,3894.428921969573,3890.823721969573
2024-12-16 12:36:45.627000+00:00,spot_list,1000CATUSDT,Introducing Simon's Cat (1000CAT) and Pudgy Penguins (PENGU) on Binance HODLer Airdrops!,1436.1850667669737,1437.9636667669738,379.19804400977955,392.43894400977956,-2942.22381041941,-2936.3400104194097,1596.3916083916083,1598.1702083916082,348.99036099036084,362.23126099036085,-2937.7229257229255,-2931.8391257229255,447.0531030070366,448.83170300703665,-1605.0902111324385,-1591.8493111324385,-3948.340371081255,-3942.456571081255,605.3243818568852,604.8243818568852,-1290.8603242181096,-1280.2101242181097,-3910.8046504011786,-3907.1994504011786,True,1463.1318764129605,1464.9104764129606,404.3526752072344,417.5935752072344,-2928.3526752072344,-2922.4688752072343,1637.933699564312,1639.7122995643122,382.01401780640333,395.25491780640334,-2917.85338132222,-2911.9695813222197,487.83979493751997,489.61839493751995,-1582.0096123037488,-1568.7687123037488,-3938.6260813841723,-3932.742281384172,596.5391787992811,596.0391787992811,-1297.7843939146087,-1287.1341939146087,-3918.4289219695725,-3914.8237219695725
2024-12-18 08:01:12.939000+00:00,delist,BLZUSDT,"Binance Will Delist AKRO, BLZ, WRX on 2024-12-25",1017.6873458920985,1018.1873458920984,2953.7757175263832,2847.1514175263833,2797.9418088568887,2663.2253088568887,1193.8937572702598,1194.3937572702598,3099.6711903838705,2993.0468903838705,3001.765025203568,2867.048525203568,2042.5073375262057,2043.0073375262057,3373.2884878315563,3266.6641878315563,3538.2688907118763,3403.5523907118763,1742.4242953899925,1677.7118953899924,1529.40266550142,1405.44856550142,2323.5909984706136,2195.0454984706134,True,1003.9637366968865,1004.4637366968865,2954.1016949152545,2847.4773949152545,2801.362238864802,2666.645738864802,1202.1130981150316,1202.6130981150316,3117.047849202513,3010.423549202513,3020.3827936201055,2885.6662936201055,2041.0102923763548,2041.5102923763548,3369.910920848893,3263.286620848893,3541.1469168412423,3406.4304168412423,1814.2102049716532,1749.4978049716533,1561.2664631487137,1437.3123631487135,2329.910161360663,2201.364661360663
2024-12-18 08:01:12.939000+00:00,delist,AKROUSDT,"Binance Will Delist AKRO, BLZ, WRX on 2024-12-25",,,,,,,,,,,,,,,,,,,,,,,,,True,1454.1134163208844,1454.1134163208844,1772.2323651452284,1772.2323651452284,3151.9004149377593,3151.9004149377593,2662.9335695305576,2662.9335695305576,2804.651904340124,2804.651904340124,4177.548272807794,4177.548272807794,1786.9417989417989,1786.9417989417989,2614.8285091814505,2614.8285091814505,4093.1976346094,4093.1976346094,80.1105326391669,80.1105326391669,248.3123748498193,248.3123748498193,2446.9507408890677,2446.9507408890677
2025-01-02 09:00:19.305000+00:00,monitoring,SUNUSDT,"Binance Will Extend the Monitoring Tag to Include STMX & TROY, Remove the Monitoring Tag for CVX & SUN, and Remove the Seed Tag for ARKM, BLUR, JTO & TIA on 2025-01-02",349.4010325743777,349.9010325743777,554.8016194331982,557.8016194331982,310.40092114548924,319.40092114548924,128.15151515151425,128.65151515151425,356.1818181818186,359.18181818181864,146.33333333333255,155.33333333333255,-120.9696358630321,-120.4696358630321,119.849381471284,122.849381471284,-37.206499398922055,-28.206499398922052,-162.12928871907638,-161.62928871907636,194.86195052294298,197.861950522943,87.9575469877656,96.9575469877656,True,374.8263917219905,375.32639172199055,579.5513852316135,582.5513852316135,318.8237213959875,327.8237213959875,148.49055603921448,148.99055603921448,370.67913244256044,373.6791324425605,143.9483704909359,152.9483704909359,-123.40439406878366,-122.90439406878366,118.0364878503213,121.0364878503213,-47.7115130812824,-38.71151308128239,-172.3369006683919,-171.83690066839188,187.35865239732564,190.35865239732567,78.79318471583609,87.79318471583609
2025-01-02 09:00:19.305000+00:00,monitoring,STMXUSDT,"Binance Will Extend the Monitoring Tag to Include STMX & TROY, Remove the Monitoring Tag for CVX & SUN, and Remove the Seed Tag for ARKM, BLUR, JTO & TIA on 2025-01-02",57.565217391304174,58.06521739130417,405.3913043478261,408.3913043478261,-168.5217391304352,-159.52173913043518,-208.42857142857073,-207.9285714285707,130.85714285714346,133.85714285714346,-404.85714285714147,-395.85714285714147,-245.81294964028854,-245.3129496402885,59.942446043166136,62.942446043166136,-407.68345323741204,-398.6834532374121,93.26315789473718,93.76315789473718,268.7017543859658,271.7017543859658,-257.61403508771787,-248.6140350877178,True,29.79728317659337,30.297283176593375,390.2988505747116,393.2988505747116,-182.67223963775692,-173.6722396377569,-244.93316609926507,-244.43316609926504,113.42555097652675,116.42555097652675,-440.23866690557156,-431.23866690557156,-252.87722451914263,-252.3772245191426,52.71328419917377,55.71328419917377,-418.2556174725862,-409.2556174725862,96.73377762188663,97.23377762188663,252.81936162749741,255.81936162749744,-248.75903191862523,-239.75903191862523
2025-01-02 09:00:19.305000+00:00,monitoring,TROYUSDT,"Binance Will Extend the Monitoring Tag to Include STMX & TROY, Remove the Monitoring Tag for CVX & SUN, and Remove the Seed Tag for ARKM, BLUR, JTO & TIA on 2025-01-02",284.17595601099777,284.67595601099777,4230.689327668083,4059.5811276680834,4508.1199700074985,4137.410870007498,249.80633846924817,250.30633846924817,4230.765877489666,4059.6576774896657,4495.077539772016,4124.368439772016,318.3716681266422,318.87166812664225,4494.319609560756,4323.211409560756,4548.130146414716,4177.421046414716,2730.371572035535,2730.871572035535,4316.569589288013,4058.740089288013,4420.856958928802,4050.1478589288013,True,283.18449030644155,283.6844903064416,4301.946216385242,4130.838016385242,4499.569731081926,4128.860631081926,247.56112852664526,248.06112852664526,4295.210031347962,4124.101831347962,4484.551724137932,4113.842624137932,321.04119193689587,321.54119193689587,4535.389507950419,4364.2813079504185,4545.405784399649,4174.696684399649,2719.9587628865984,2720.4587628865984,4306.298969072165,4048.469469072166,4413.257731958763,4042.5486319587626
2025-01-02 09:00:19.305000+00:00,monitoring,BLURUSDT,"Binance Will Extend the Monitoring Tag to Include STMX & TROY, Remove the Monitoring Tag for CVX & SUN, and Remove the Seed Tag for ARKM, BLUR, JTO & TIA on 2025-01-02",-176.70220903910703,-176.70220903910703,4.3921629849339565,7.3921629849339565,-653.6360939817346,-644.6360939817346,-178.2763466042172,-178.2763466042172,-15.512880562062113,-12.512880562062113,-620.118657298986,-611.1186572989861,-24.36762773440425,-24.36762773440425,15.440674035713599,18.4406740357136,-461.48597047228753,-452.4859704722876,56.761524277812796,57.761524277812796,-171.41917639827884,-168.41917639827884,-492.9465273509539,-483.9465273509539,True,-172.03122560499517,-172.03122560499517,11.419203747072627,14.419203747072627,-652.1249024199851,-643.1249024199852,-172.03122560499517,-172.03122560499517,-11.999999999999998,-8.999999999999998,-616.9960967993751,-607.9960967993751,-19.730962504832736,-19.730962504832736,15.058368766910148,18.05836876691015,-460.3958252802478,-451.39582528024783,57.177555726362975,58.177555726362975,-169.57109915449652,-166.5710991544965,-496.2428900845497,-487.2428900845497
2025-01-02 09:00:19.305000+00:00,monitoring,JTOUSDT,"Binance Will Extend the Monitoring Tag to Include STMX & TROY, Remove the Monitoring Tag for CVX & SUN, and Remove the Seed Tag for ARKM, BLUR, JTO & TIA on 2025-01-02",33.503458877786954,34.003458877786954,678.5457340507303,681.5457340507303,426.73943120676387,435.7394312067638,31.65738178687906,32.157381786879064,676.3723790198615,679.3723790198613,441.48336715243187,450.48336715243187,113.07298484988216,113.57298484988216,583.8636796656535,586.8636796656535,495.0526412833043,504.0526412833043,-17.86329270174435,-17.36329270174435,497.1806819935196,500.18068199351967,410.15707452553653,419.15707452553653,True,24.889025514909026,25.38902551490903,682.7433138641256,685.7433138641255,433.7423916384873,442.7423916384873,24.90036900368843,25.400369003688432,670.6568265682653,673.6568265682652,440.02952029520185,449.0295202952018,110.92562999385414,111.42562999385414,590.3355869698833,593.3355869698833,495.0682237246471,504.0682237246471,-21.253547193091013,-20.753547193091013,500.0296113510181,503.0296113510181,419.83220234423226,428.83220234423226
2025-01-02 09:00:19.305000+00:00,monitoring,ARKMUSDT,"Binance Will Extend the Monitoring Tag to Include STMX & TROY, Remove the Monitoring Tag for CVX & SUN, and Remove the Seed Tag for ARKM, BLUR, JTO & TIA on 2025-01-02",128.5833901034248,128.5833901034248,251.2067876385702,254.2067876385702,-174.25924320307118,-165.25924320307115,93.2041832669326,93.2041832669326,179.73306772908515,182.73306772908518,-175.09760956175313,-166.0976095617531,195.35038490191315,195.35038490191315,212.73305189967706,215.7330518996771,-32.48671467593799,-23.486714675937986,100.40894247676492,101.40894247676492,-148.9002763124838,-145.9002763124838,-318.4556644059269,-309.4556644059268,True,131.78679888441215,131.78679888441215,252.6420824295004,255.6420824295004,-173.1403780601184,-164.14037806011837,91.42034764189157,91.42034764189157,173.0352002990474,176.03520029904743,-172.7376487446266,-163.73764874462657,199.16700826035674,199.16700826035674,214.69399416185288,217.69399416185288,-28.769144773616237,-19.769144773616237,89.84195637140903,90.84195637140903,-157.21908593700726,-154.21908593700726,-319.41183126925307,-310.41183126925307
2025-01-02 09:00:19.305000+00:00,monitoring,CVXUSDT,"Binance Will Extend the Monitoring Tag to Include STMX & TROY, Remove the Monitoring Tag for CVX & SUN, and Remove the Seed Tag for ARKM, BLUR, JTO & TIA on 2025-01-02",-11.999999999999998,-11.999999999999998,-11.999999999999998,-8.999999999999998,-11.999999999999998,-2.9999999999999982,-11.999999999999998,-11.999999999999998,-11.999999999999998,-8.999999999999998,-11.999999999999998,-2.9999999999999982,-11.999999999999998,-11.999999999999998,-11.999999999999998,-8.999999999999998,-11.999999999999998,-2.9999999999999982,-11.999999999999998,-10.999999999999998,-11.999999999999998,-8.999999999999998,-11.999999999999998,-2.9999999999999982,True,155.75560656895783,155.75560656895783,946.8557301783507,949.8557301783505,616.6420625110367,625.6420625110368,-94.94266137756745,-94.94266137756745,799.3956004327449,802.3956004327448,429.7598269022716,438.7598269022715,-426.158000364897,-426.158000364897,641.1654807516873,644.1654807516873,382.08866995073953,391.08866995073953,-512.5382131323998,-511.53821313239985,739.7043415859337,742.7043415859335,533.3893074991034,542.3893074991034
2025-01-02 09:00:19.305000+00:00,monitoring,TIAUSDT,"Binance Will Extend the Monitoring Tag to Include STMX & TROY, Remove the Monitoring Tag for CVX & SUN, and Remove the Seed Tag for ARKM, BLUR, JTO & TIA on 2025-01-02",-96.04188316800453,-95.54188316800453,130.8908833254594,133.8908833254594,-781.7606676113988,-772.760667611399,-96.29284395016889,-95.79284395016889,135.1686249852644,138.1686249852644,-735.2679687192967,-726.2679687192967,98.1598283825822,98.6598283825822,265.5254623813839,268.5254623813839,-507.3327020080023,-498.3327020080023,89.90137820637935,90.40137820637935,-163.290360363876,-160.29036036387598,-659.5227423573959,-650.522742357396,True,-86.78842747490555,-86.28842747490555,139.54497146231182,142.54497146231182,-775.6292068490459,-766.6292068490459,-92.55009823182857,-92.05009823182857,139.2770137524555,142.2770137524555,-727.1277013752444,-718.1277013752444,98.16621569385433,98.66621569385433,270.1801314263639,273.1801314263639,-504.84885968303047,-495.8488596830305,93.46875000000067,93.96875000000067,-164.34375000000134,-161.3437500000013,-662.3906250000014,-653.3906250000014
2025-01-10 08:55:27.639000+00:00,spot_fade,COOKIEUSDT,"Binance Will List aixbt by Virtuals (AIXBT), ChainGPT(CGPT), Cookie DAO(COOKIE) with Seed Tag Applied",1465.0408163265301,1465.9832163265303,3271.163265306124,3272.2977653061243,4735.448979591837,4742.316679591838,1317.1644491750942,1318.106849175094,2940.368281000534,2941.502781000534,4522.326769558276,4529.194469558276,2176.3233948134784,2177.2657948134784,2681.107752045485,2682.242252045485,4377.127721536541,4383.9954215365415,797.5453858933687,798.0453858933687,2064.7255701555664,2065.417670155566,3747.250868448875,3753.6761684488747,True,1451.570243715706,1452.512643715706,3266.0400663519194,3267.1745663519196,4734.714303942836,4741.582003942835,1272.3791722296394,1273.3215722296393,2917.2389853137524,2918.3734853137526,4502.018691588785,4508.886391588785,2160.102706453852,2161.045106453852,2672.2470506592645,2673.3815506592646,4369.679389312978,4376.547089312979,793.7944771389768,794.2944771389767,2064.3543081333933,2065.0464081333935,3754.410140334993,3760.8354403349927
2025-01-10 08:55:27.639000+00:00,spot_fade,CGPTUSDT,"Binance Will List aixbt by Virtuals (AIXBT), ChainGPT(CGPT), Cookie DAO(COOKIE) with Seed Tag Applied",-2060.8160774689936,-2098.3102774689937,-385.08483119984135,-962.1174311998413,-504.14034622272476,-1384.8453462227249,-2101.2838618209475,-2138.7780618209476,-978.8384107334283,-1555.8710107334284,-963.6235001210283,-1844.3285001210286,-257.4780361757103,-294.9722361757103,718.6919322423188,141.6593322423188,1134.712604076945,254.0076040769447,-325.5553664094903,-525.5553664094903,1002.2500205925141,380.2393205925141,788.0878613986439,-55.70113860135617,True,,,,,,,,,,,,,,,,,,,-268.87518887881566,-468.8751888788156,967.6972444297912,345.68654442979124,776.7579329102433,-67.0310670897567
2025-01-10 08:55:27.639000+00:00,spot_list,COOKIEUSDT,"Binance Will List aixbt by Virtuals (AIXBT), ChainGPT(CGPT), Cookie DAO(COOKIE) with Seed Tag Applied",-1489.0408163265304,-1489.9832163265303,-3295.163265306124,-3296.297765306124,-4759.448979591837,-4766.316679591837,-1341.1644491750942,-1342.1068491750943,-2964.3682810005334,-2965.5027810005336,-4546.326769558275,-4553.194469558275,-2200.3233948134784,-2201.2657948134784,-2705.1077520454846,-2706.2422520454847,-4401.127721536541,-4407.995421536541,-821.5453858933688,-822.0453858933688,-2088.7255701555664,-2089.4176701555666,-3771.2508684488744,-3777.6761684488743,True,-1475.570243715706,-1476.5126437157062,-3290.040066351919,-3291.174566351919,-4758.714303942835,-4765.5820039428345,-1296.3791722296394,-1297.3215722296393,-2941.238985313752,-2942.373485313752,-4526.018691588784,-4532.886391588785,-2184.1027064538525,-2185.0451064538524,-2696.247050659264,-2697.381550659264,-4393.679389312978,-4400.547089312978,-817.794477138977,-818.294477138977,-2088.3543081333937,-2089.0464081333935,-3778.4101403349923,-3784.835440334992
2025-01-10 08:55:27.639000+00:00,spot_fade,AIXBTUSDT,"Binance Will List aixbt by Virtuals (AIXBT), ChainGPT(CGPT), Cookie DAO(COOKIE) with Seed Tag Applied",-402.6807478236063,-402.1807478236063,1581.584986442129,1584.584986442129,2631.606393606393,2640.606393606393,-508.85235341483167,-508.35235341483167,1355.9452455896355,1358.9452455896355,2426.328087255691,2435.328087255691,982.2834893722462,982.7834893722462,1726.49176149939,1729.49176149939,2744.313824044742,2753.313824044742,970.6350606394707,971.1350606394706,1731.0402425578827,1734.0402425578827,3067.5203969128993,3071.732996912899,True,-411.71448965024916,-411.2144896502491,1576.151320485368,1579.151320485368,2628.970735189151,2637.970735189151,-501.6765941896586,-501.17659418965854,1362.0179060844137,1365.0179060844137,2438.2101224191483,2447.210122419149,974.0152239334396,974.5152239334395,1724.590546999468,1727.590546999468,2746.0102673039464,2755.010267303947,977.3324156916726,977.8324156916726,1742.9896765313144,1745.9896765313142,3079.8788713007575,3084.0914713007573
2025-01-10 08:55:27.639000+00:00,spot_list,AIXBTUSDT,"Binance Will List aixbt by Virtuals (AIXBT), ChainGPT(CGPT), Cookie DAO(COOKIE) with Seed Tag Applied",378.6807478236063,378.1807478236063,-1605.5849864421293,-1608.5849864421293,-2655.6063936063924,-2664.6063936063924,484.85235341483167,484.35235341483167,-1379.9452455896358,-1382.9452455896358,-2450.328087255691,-2459.3280872556916,-1006.2834893722463,-1006.7834893722463,-1750.4917614993901,-1753.4917614993901,-2768.3138240447415,-2777.3138240447415,-994.6350606394708,-995.1350606394707,-1755.040242557883,-1758.0402425578827,-3091.520396912899,-3095.7329969128987,True,387.71448965024916,387.2144896502491,-1600.1513204853682,-1603.1513204853682,-2652.9707351891507,-2661.9707351891507,477.6765941896586,477.1765941896586,-1386.0179060844139,-1389.0179060844139,-2462.210122419149,-2471.210122419149,-998.0152239334398,-998.5152239334396,-1748.5905469994682,-1751.590546999468,-2770.010267303946,-2779.0102673039464,-1001.3324156916728,-1001.8324156916727,-1766.9896765313144,-1769.9896765313144,-3103.878871300757,-3108.091471300757
2025-01-10 08:55:27.639000+00:00,spot_list,CGPTUSDT,"Binance Will List aixbt by Virtuals (AIXBT), ChainGPT(CGPT), Cookie DAO(COOKIE) with Seed Tag Applied",2036.8160774689934,2074.3102774689933,361.08483119984135,938.1174311998413,480.14034622272476,1360.8453462227249,2077.2838618209475,2114.7780618209476,954.8384107334282,1531.8710107334282,939.6235001210282,1820.3285001210284,233.4780361757103,270.9722361757103,-742.6919322423189,-165.65933224231895,-1158.712604076945,-278.00760407694486,301.5553664094903,501.5553664094903,-1026.2500205925144,-404.2393205925143,-812.087861398644,31.70113860135604,True,,,,,,,,,,,,,,,,,,,244.87518887881566,444.87518887881566,-991.6972444297915,-369.68654442979135,-800.7579329102435,43.03106708975657
2025-02-09 07:10:31.264000+00:00,spot_fade,1000CHEEMSUSDT,Binance Will List Cheems (1000CHEEMS) and Test (TST) with Seed Tag Applied,1615.2779960074702,1616.2270960074702,5191.168265825231,5174.326265825231,3932.2333698242005,3867.4915698242007,205.7057166780838,206.65481667808382,4320.800487173632,4303.9584871736315,2822.7415696125445,2757.9997696125447,2269.211750305998,2260.692250305998,4461.684210526316,4431.081110526316,2790.9375764993883,2725.7466764993883,2992.156403940887,2983.6369039408864,4657.796798029556,4627.193698029557,2581.9039408866993,2516.7130408866997,False,,,,,,,,,,,,,,,,,,,,,,,,
2025-02-09 07:10:31.264000+00:00,spot_list,1000CHEEMSUSDT,Binance Will List Cheems (1000CHEEMS) and Test (TST) with Seed Tag Applied,-1639.2779960074702,-1640.2270960074702,-5215.168265825231,-5198.326265825231,-3956.2333698242,-3891.4915698242003,-229.7057166780838,-230.6548166780838,-4344.800487173631,-4327.958487173631,-2846.741569612544,-2781.9997696125442,-2293.211750305998,-2284.692250305998,-4485.684210526315,-4455.081110526315,-2814.937576499388,-2749.746676499388,-3016.1564039408863,-3007.6369039408864,-4681.796798029556,-4651.193698029556,-2605.9039408866993,-2540.713040886699,False,,,,,,,,,,,,,,,,,,,,,,,,
2025-02-17 07:00:24.287000+00:00,delist,STMXUSDT,"Binance Will Delist AMB, CLV, STMX, VITE on 2025-02-24",-808.7032967032984,-1057.8266967032985,15.472527472527377,-447.37267252747273,-259.25274725274636,-838.1445472527464,-522.7526881720426,-771.8760881720425,203.05376344086113,-259.79143655913896,-11.999999999999998,-590.8918000000001,-142.2083333333326,-238.85533333333257,560.9166666666674,337.38126666666744,222.3750000000011,-115.06019999999887,-114.04081632653184,-210.68781632653182,600.2448979591833,376.70949795918324,396.1632653061229,58.728065306122915,True,-352.1001845504892,-601.2235845504891,433.55760611653005,-29.287593883470034,138.27682573161005,-440.61497426839,-539.0233933853197,-788.1467933853196,219.2449583221299,-243.6002416778702,-33.51115891368516,-612.4029589136852,-179.49542004710793,-276.1424200471079,485.25202826485184,261.71662826485186,205.220622873594,-132.21457712640597,-106.2675159235673,-202.91451592356728,622.3949044585984,398.8595044585984,380.3566878980877,42.92148789808777
2025-02-17 07:00:24.287000+00:00,delist,AMBUSDT,"Binance Will Delist AMB, CLV, STMX, VITE on 2025-02-24",1692.2925278219377,1684.6511278219377,3282.117647058823,3276.976247058823,4843.325914149444,5069.196114149444,1680.5023726668785,1672.8609726668785,3335.04207529263,3329.9006752926302,4723.843087630497,4949.713287630497,466.93410154843275,467.43410154843275,2422.2815988476773,2425.2815988476773,3552.9981994958594,3902.7984994958592,-180.26003824091717,-179.76003824091717,1081.690248565966,1084.690248565966,3353.2007648183558,3703.001064818356,True,1706.9977798921661,1699.3563798921662,3305.475420234697,3300.334020234697,4973.727878211228,5199.598078211228,1695.7020202020199,1688.06062020202,3359.212121212122,3354.070721212122,4871.207070707071,5097.077270707071,452.69740634005666,453.19740634005666,2419.5561959654174,2422.5561959654174,3593.907780979827,3943.708080979827,-176.31027894535654,-175.81027894535654,1103.7814291173106,1106.7814291173106,3377.3771494077187,3727.1774494077185
2025-03-04 08:01:22.062000+00:00,monitoring,STPTUSDT,"Binance Will Change the Monitoring Tag Inclusion Frequency to Monthly and Extend the Monitoring Tag to Include AERGO, ALPACA, AST, BADGER, BURGER, COMBO, NULS, STPT, UFT & VIDT on 2025-03-04",-11.999999999999998,-11.5,-11.999999999999998,-8.999999999999998,-11.999999999999998,-2.9999999999999982,-11.999999999999998,-11.5,-11.999999999999998,-8.999999999999998,-11.999999999999998,-2.9999999999999982,-11.999999999999998,-11.5,-11.999999999999998,-8.999999999999998,-11.999999999999998,-2.9999999999999982,-11.999999999999998,-11.5,-11.999999999999998,-8.999999999999998,-11.999999999999998,-2.9999999999999982,True,1572.932480454868,1573.432480454868,1964.8504416692033,1967.8504416692033,2682.689816224997,2691.689816224997,1274.267937572012,1274.767937572012,1706.8645647847488,1709.8645647847488,2486.1669634440127,2495.166963444013,-487.3864138199759,-486.8864138199759,-154.87569814261713,-151.87569814261713,653.0214313547209,662.0214313547208,594.0606060606056,594.5606060606056,514.3793311602083,517.3793311602083,1272.5587347579378,1281.558734757938
2025-03-04 08:01:22.062000+00:00,monitoring,ALPACAUSDT,"Binance Will Change the Monitoring Tag Inclusion Frequency to Monthly and Extend the Monitoring Tag to Include AERGO, ALPACA, AST, BADGER, BURGER, COMBO, NULS, STPT, UFT & VIDT on 2025-03-04",876.4395813510947,876.9395813510947,1461.596574690771,1463.3794746907708,1940.9019980970506,1942.9210980970506,825.6150077667587,826.1150077667587,1448.1505556219374,1449.9334556219374,1899.8174214362525,1901.8365214362525,-176.47368421052656,-175.97368421052653,420.89473684210543,422.6776368421054,1099.8421052631577,1101.8612052631577,-98.04954367666062,-97.54954367666062,905.8617992177318,907.6446992177317,971.0508474576282,973.0699474576282,True,864.190476190477,864.6904761904769,1457.0476190476197,1458.8305190476196,1924.904761904763,1926.923861904763,826.7096774193546,827.2096774193546,1450.3655913978494,1452.1484913978495,1896.0047789725206,1898.0238789725206,-176.4087860055232,-175.9087860055232,428.6155464948058,430.3984464948058,1090.196501381033,1092.215601381033,-107.16360318081007,-106.66360318081007,909.6529787511417,911.4358787511418,963.1010298526918,965.1201298526918
2025-03-04 08:01:22.062000+00:00,monitoring,AERGOUSDT,"Binance Will Change the Monitoring Tag Inclusion Frequency to Monthly and Extend the Monitoring Tag to Include AERGO, ALPACA, AST, BADGER, BURGER, COMBO, NULS, STPT, UFT & VIDT on 2025-03-04",523.475234270415,523.9752342704151,443.15394912985283,445.17584912985285,456.5408299866134,460.9262299866134,421.6043360433617,422.1043360433617,299.65311653116646,301.6750165311665,353.8536585365868,358.2390585365868,-98.45533141210527,-97.95533141210527,-343.412103746398,-341.39020374639796,-242.54755043227627,-238.16215043227623,143.58698727015653,144.08698727015653,-195.87553041018245,-193.85363041018243,-167.58698727015542,-164.40738727015543,True,519.4591700133875,519.9591700133875,423.07362784471206,425.095527844712,445.83132530120565,450.21672530120566,427.4861392832994,427.9861392832994,305.7822853279244,307.8041853279244,377.4523326572019,381.8377326572019,-95.46524679810008,-94.96524679810008,-357.37343502662355,-355.35153502662354,-226.4193409123618,-222.0339409123618,133.66539386225318,134.16539386225318,-185.94993635978074,-183.92803635978072,-156.25116673737915,-153.07156673737916
2025-03-04 08:01:22.062000+00:00,monitoring,BADGERUSDT,"Binance Will Change the Monitoring Tag Inclusion Frequency to Monthly and Extend the Monitoring Tag to Include AERGO, ALPACA, AST, BADGER, BURGER, COMBO, NULS, STPT, UFT & VIDT on 2025-03-04",-541.2459962884033,-540.7459962884033,-936.8058285792827,-933.8058285792828,-372.162210461199,-363.526810461199,-58.0163029187477,-57.5163029187477,-461.3163292137781,-458.31632921377803,135.2521693399964,143.88756933999642,160.22924978106514,160.72924978106514,-389.54208426583614,-386.54208426583614,289.9687976387397,298.6041976387397,157.00395541172176,157.50395541172176,-561.1811317054029,-558.1811317054029,39.976071393546874,48.61147139354688,True,-548.0824742268022,-547.5824742268022,-953.5807560137468,-950.580756013747,-376.26116838487843,-367.6257683848784,10.831050228309115,11.331050228309113,-400.12785388127935,-397.12785388127935,206.52576647097055,215.16116647097056,159.85473411154285,160.35473411154285,-404.34760051880755,-401.34760051880755,289.5564202334631,298.1918202334631,144.81149950996453,145.31149950996453,-557.5733420450848,-554.5733420450848,46.804312316236285,55.43971231623629
2025-03-04 08:01:22.062000+00:00,monitoring,VIDTUSDT,"Binance Will Change the Monitoring Tag Inclusion Frequency to Monthly and Extend the Monitoring Tag to Include AERGO, ALPACA, AST, BADGER, BURGER, COMBO, NULS, STPT, UFT & VIDT on 2025-03-04",2043.3846153846155,2043.8846153846155,2332.6153846153848,2335.6153846153848,2868.0000000000005,2876.2389000000003,1799.2244897959172,1799.7244897959172,2239.2755102040815,2242.2755102040815,2647.438775510205,2655.6776755102046,815.933765298776,816.433765298776,1211.9020878329732,1214.902087832973,1809.4542836573066,1817.6931836573065,73.8034321372847,74.3034321372847,713.429017160687,715.6679171606869,994.2402496099842,1002.4791496099841,True,2022.525277435265,2023.025277435265,2324.6214549938336,2327.6214549938336,2848.665844636251,2856.904744636251,1809.6560509554124,1810.1560509554124,2255.5159235668784,2258.5159235668784,2656.789808917197,2665.028708917197,827.9138549892315,828.4138549892314,1229.9239052404873,1232.9239052404873,1818.5814788226849,1826.8203788226847,89.24610591900286,89.74610591900284,720.0872274143297,722.3261274143297,1016.0373831775702,1024.2762831775701
2025-03-04 08:01:22.062000+00:00,monitoring,COMBOUSDT,"Binance Will Change the Monitoring Tag Inclusion Frequency to Monthly and Extend the Monitoring Tag to Include AERGO, ALPACA, AST, BADGER, BURGER, COMBO, NULS, STPT, UFT & VIDT on 2025-03-04",1404.2914449447394,1404.2914449447394,1924.1440851412192,1927.1440851412192,2267.9836266884977,2276.9836266884977,299.6279069767436,299.6279069767436,815.906976744186,818.9069767441858,1225.2093023255802,1234.2093023255802,167.3298725814063,167.3298725814063,780.8268050967446,783.8268050967445,1101.7328928739976,1110.7328928739976,226.43586075345758,227.43586075345758,770.0696232713398,773.0696232713397,1003.7367668097272,1012.7367668097271,True,1404.8714168714168,1404.8714168714168,1920.841932841932,1923.841932841932,2273.0122850122843,2282.0122850122843,304.27906976744225,304.27906976744225,843.8139534883724,846.8139534883722,1239.162790697675,1248.162790697675,167.58412098298626,167.58412098298626,777.2249527410222,780.2249527410221,1112.7637051039703,1121.7637051039703,236.09160305343525,237.09160305343525,765.671755725191,768.671755725191,1013.7633587786263,1022.7633587786263
2025-03-04 08:01:22.062000+00:00,monitoring,NULSUSDT,"Binance Will Change the Monitoring Tag Inclusion Frequency to Monthly and Extend the Monitoring Tag to Include AERGO, ALPACA, AST, BADGER, BURGER, COMBO, NULS, STPT, UFT & VIDT on 2025-03-04",1082.7046843177188,1083.2046843177186,1602.0529531568216,1595.6386531568214,2498.1832993890016,2497.5477993890017,939.6380655226219,940.1380655226219,1366.0551222048875,1359.6408222048876,2374.895475819033,2374.259975819033,275.8526194588371,276.3526194588371,390.9936672423717,384.57936724237175,1628.759930915371,1628.1244309153708,233.01424501424452,233.51424501424452,911.0769230769231,904.6626230769231,1509.3675213675215,1508.7320213675214,True,1116.0487804878046,1116.5487804878046,1619.0975609756094,1612.6832609756095,2513.406504065041,2512.771004065041,958.9241952232605,959.4241952232604,1369.1007268951191,1362.6864268951192,2386.753894080996,2386.118394080996,309.4695752009178,309.9695752009178,424.2801377726744,417.8658377726744,1652.7531572904704,1652.1176572904706,233.2937820878498,233.79378208784982,895.0165430690257,888.6022430690257,1499.6942384483755,1499.0587384483756
2025-03-07 09:00:45.829000+00:00,monitoring,GPSUSDT,Binance Will Extend the Monitoring Tag to GPS on 2025-03-07,-1598.9565217391314,-1598.4565217391314,-925.043478260871,-922.396378260871,1379.3043478260856,1371.2724478260855,-1693.4159292035404,-1692.9159292035404,-1162.4424778761081,-1159.795377876108,1271.1858407079644,1263.1539407079642,1053.2920962199319,1053.7920962199319,1482.8453608247423,1485.4924608247425,3063.601374570447,3055.5694745704473,-812.7448789571714,-812.5977789571715,993.5865921787698,996.2336921787698,2408.8566108007444,2400.8247108007445,True,-1583.6453500975504,-1583.1453500975504,-892.1213960546295,-889.4742960546296,1407.9002818122697,1399.8683818122695,-1691.9116997792485,-1691.4116997792487,-1124.5827814569545,-1121.9356814569544,1294.8432671081687,1286.8113671081685,1011.2558139534885,1011.7558139534885,1436.7510766580535,1439.3981766580534,3045.7088716623593,3037.6769716623594,-800.1040892193304,-799.9569892193304,993.576208178438,996.2233081784381,2430.3791821561335,2422.3472821561336
2025-03-21 05:50:20.352000+00:00,delist,AERGOUSDT,"Binance Will Delist AERGO, AST, BURGER, COMBO, LINA on 2025-03-28",-882.2531645569601,-962.0963645569601,-692.3797468354422,-868.4685468354422,-170.22784810126444,-484.6605481012644,-886.403815580287,-966.247015580287,-711.5230524642283,-887.6118524642281,-218.67726550079425,-533.1099655007941,90.04081632652962,10.197616326529623,221.23615160349755,45.14735160349757,600.2448979591833,285.81219795918327,-26.55604075691452,-53.87614075691452,250.00873362445364,136.53983362445365,526.5735080058219,273.61690800582187,True,-743.5551396038056,-823.3983396038057,-547.0179379192022,-723.1067379192021,-24.478552487911184,-338.91125248791116,-842.0395256916993,-921.8827256916993,-674.4505928853753,-850.5393928853753,-160.6166007905143,-475.0493007905143,102.99272197962097,23.149521979620967,213.61863173216847,37.52983173216848,600.809315866083,286.37661586608306,-35.296447291787366,-62.61654729178737,236.98078043098516,123.51188043098516,528.1863715783351,275.2297715783351
2025-03-21 05:50:20.352000+00:00,delist,LINAUSDT,"Binance Will Delist AERGO, AST, BURGER, COMBO, LINA on 2025-03-28",1339.3513513513508,1338.7592513513507,4447.45945945946,4447.24475945946,5123.135135135135,5128.849735135134,1718.7692307692312,1718.177130769231,4795.6923076923085,4795.477607692308,5308.51282051282,5314.227420512821,1289.369863013697,1288.777763013697,4303.068493150685,4302.853793150684,4988.0,4993.7146,302.9606299212604,302.9606299212604,3531.307086614174,3532.6844866141737,4161.2283464566935,4168.535046456694,True,1467.0139906728848,1466.421890672885,4524.975349766823,4524.760649766822,5144.562291805462,5150.276891805462,1850.373737373737,1849.7816373737369,4836.484848484849,4836.2701484848485,5398.353535353536,5404.068135353536,1259.360218728641,1258.768118728641,4335.231715652769,4335.017015652768,5025.5939849624065,5031.308584962406,331.4816549570652,331.4816549570652,3617.976580796254,3619.353980796254,4219.069476971117,4226.376176971116
2025-03-21 05:50:20.352000+00:00,delist,COMBOUSDT,"Binance Will Delist AERGO, AST, BURGER, COMBO, LINA on 2025-03-28",-397.85209003215493,-444.92539003215495,-309.42765273311767,-512.7996527331177,1024.9774919614138,632.4937919614138,813.0355618776672,765.9622618776672,884.1593172119485,680.7873172119486,2071.926031294453,1679.442331294453,473.6512141280345,426.5779141280344,606.1015452538629,402.72954525386297,1739.2877115526114,1346.8040115526114,3.5038759689929426,3.5038759689929426,329.08527131782915,89.32827131782922,1166.2945736434112,810.1662736434114,True,117.47448591013044,70.40118591013045,231.71667936024411,28.34467936024411,1495.9969535415082,1103.5132535415082,822.5120226308344,775.4387226308345,942.7383309759538,739.3663309759538,2116.712871287128,1724.2291712871283,508.14652014652165,461.0732201465216,647.3406593406603,443.9686593406603,1797.5238095238108,1405.0401095238108,26.63987635239541,26.63987635239541,382.1267387944358,142.36973879443588,1201.2921174652233,845.1638174652234
2025-03-27 17:27:12.114000+00:00,spot_list,BANANAS31USDT,"Binance Announced the First Batch of Vote to List Results and Will List Mubarak (MUBARAK), CZ'S Dog (BROCCOLI714), Tutorial (TUT), and Banana For Scale (BANANAS31) With Seed Tags Applied",-1212.1568832527132,-1230.4045832527133,-3017.6216498888753,-3019.633949888875,-2913.0328147470264,-2920.9590147470267,260.37354085603016,242.12584085603015,-1668.0311284046693,-1670.0434284046692,-1543.517509727627,-1551.4437097276268,-919.108031819347,-937.355731819347,-3122.084680523479,-3124.096980523479,-2973.2522453169095,-2981.17844531691,-1235.491027732464,-1235.991027732464,-2107.50645113451,-2091.77105113451,-1997.7630134954763,-1987.9415134954763,True,,,,,,,,,,,,,,,,,,,,,,,,
2025-03-27 17:27:12.114000+00:00,spot_list,TUTUSDT,"Binance Announced the First Batch of Vote to List Results and Will List Mubarak (MUBARAK), CZ'S Dog (BROCCOLI714), Tutorial (TUT), and Banana For Scale (BANANAS31) With Seed Tags Applied",1246.3745994756755,1446.3745994756755,1374.5423827556067,1941.807882755607,1170.6390911739004,1881.1932911739004,796.9033659066235,996.9033659066235,701.897937024972,1269.1634370249722,416.88165038002415,1127.4358503800242,-517.029337803855,-317.02933780385507,-1411.8323554065385,-844.5668554065385,-1864.4727577535627,-1153.9185577535627,2173.4817876517686,2373.481787651768,390.9966416946529,758.5394416946529,228.2479979333516,738.3021979333516,True,1226.7321895899972,1426.732189589997,1354.6763594068043,1921.9418594068045,1154.0366385577192,1864.5908385577193,776.1906825568796,976.1906825568796,670.5568797399794,1237.8223797399794,396.99241603466805,1107.546616034668,-390.2307207396518,-190.2307207396518,-1398.8459760453877,-831.5804760453877,-1831.7100231140996,-1121.1558231140996,2429.290322580647,2629.2903225806467,385.4193548387106,752.9621548387105,225.41935483870824,735.4735548387083
2025-03-27 17:27:12.114000+00:00,spot_fade,BANANAS31USDT,"Binance Announced the First Batch of Vote to List Results and Will List Mubarak (MUBARAK), CZ'S Dog (BROCCOLI714), Tutorial (TUT), and Banana For Scale (BANANAS31) With Seed Tags Applied",1188.1568832527132,1206.404583252713,2993.6216498888757,2995.6339498888756,2889.032814747027,2896.959014747027,-284.37354085603016,-266.12584085603015,1644.031128404669,1646.0434284046692,1519.5175097276267,1527.4437097276266,895.1080318193469,913.3557318193469,3098.0846805234796,3100.0969805234795,2949.25224531691,2957.1784453169103,1211.4910277324639,1211.9910277324639,2083.50645113451,2067.77105113451,1973.7630134954761,1963.9415134954763,True,,,,,,,,,,,,,,,,,,,,,,,,
2025-03-27 17:27:12.114000+00:00,spot_fade,TUTUSDT,"Binance Announced the First Batch of Vote to List Results and Will List Mubarak (MUBARAK), CZ'S Dog (BROCCOLI714), Tutorial (TUT), and Banana For Scale (BANANAS31) With Seed Tags Applied",-1270.3745994756757,-1470.3745994756757,-1398.5423827556067,-1965.807882755607,-1194.6390911739004,-1905.1932911739007,-820.9033659066237,-1020.9033659066237,-725.8979370249722,-1293.1634370249724,-440.8816503800241,-1151.435850380024,493.02933780385507,293.02933780385507,1387.8323554065382,820.5668554065384,1840.4727577535625,1129.9185577535627,-2197.4817876517686,-2397.4817876517686,-414.99664169465285,-782.539441694653,-252.2479979333516,-762.3021979333516,True,-1250.7321895899972,-1450.7321895899972,-1378.6763594068043,-1945.9418594068045,-1178.0366385577192,-1888.5908385577193,-800.1906825568797,-1000.1906825568798,-694.5568797399795,-1261.8223797399796,-420.99241603466805,-1131.546616034668,366.2307207396518,166.23072073965182,1374.8459760453877,807.5804760453876,1807.7100231140994,1097.1558231140993,-2453.290322580647,-2653.290322580647,-409.4193548387106,-776.9621548387107,-249.41935483870824,-759.4735548387083
2025-03-27 17:27:12.114000+00:00,spot_list,BROCCOLI714USDT,"Binance Announced the First Batch of Vote to List Results and Will List Mubarak (MUBARAK), CZ'S Dog (BROCCOLI714), Tutorial (TUT), and Banana For Scale (BANANAS31) With Seed Tags Applied",-774.7871557304234,-643.9335557304233,-3052.995050133266,-2919.607450133266,-3677.4397766213983,-3550.0521766213983,587.7429672997301,718.59656729973,-2186.7822361844915,-2053.3946361844914,-2883.626445808939,-2756.2388458089385,-13.279099513942226,117.57450048605779,-2828.57712970069,-2695.18952970069,-3092.0716295727802,-2964.6840295727798,-1399.0614035087726,-1394.5274035087725,-2496.9232456140357,-2494.889245614036,-2457.175438596491,-2461.141438596491,False,,,,,,,,,,,,,,,,,,,,,,,,
2025-03-27 17:27:12.114000+00:00,spot_fade,BROCCOLI714USDT,"Binance Announced the First Batch of Vote to List Results and Will List Mubarak (MUBARAK), CZ'S Dog (BROCCOLI714), Tutorial (TUT), and Banana For Scale (BANANAS31) With Seed Tags Applied",750.7871557304233,619.9335557304232,3028.9950501332664,2895.6074501332664,3653.439776621399,3526.0521766213988,-611.7429672997301,-742.59656729973,2162.7822361844915,2029.3946361844914,2859.6264458089395,2732.238845808939,-10.72090048605777,-141.5745004860578,2804.5771297006904,2671.1895297006904,3068.0716295727807,2940.68402957278,1375.0614035087724,1370.5274035087725,2472.9232456140357,2470.8892456140356,2433.1754385964905,2437.141438596491,False,,,,,,,,,,,,,,,,,,,,,,,,
2025-03-27 17:27:12.114000+00:00,spot_fade,MUBARAKUSDT,"Binance Announced the First Batch of Vote to List Results and Will List Mubarak (MUBARAK), CZ'S Dog (BROCCOLI714), Tutorial (TUT), and Banana For Scale (BANANAS31) With Seed Tags Applied",2029.0783055198965,2029.5783055198965,4557.961489088576,4560.961489088576,6233.186136071888,6239.1168360718875,374.6565579984838,375.1565579984838,3604.3760424564066,3607.3760424564066,5537.658832448825,5543.589532448825,267.7202797202813,268.2202797202814,3142.623154623155,3145.6231546231556,5302.685314685315,5308.616014685314,2296.3067092651763,2296.8067092651763,3031.130990415336,3034.1309904153363,4932.08945686901,4938.02015686901,True,2038.4590100789621,2038.959010078962,4558.199653335046,4561.199653335046,6231.179046029401,6237.109746029401,363.0949126803338,363.59491268033383,3589.3667425968124,3592.3667425968124,5527.86332574032,5533.79402574032,258.08094645080917,258.58094645080917,3139.4632627646333,3142.463262764634,5306.337484433376,5312.268184433376,2297.8434004474266,2298.3434004474266,3028.907638223075,3031.907638223075,4934.468520294023,4940.399220294023
2025-03-27 17:27:12.114000+00:00,spot_list,MUBARAKUSDT,"Binance Announced the First Batch of Vote to List Results and Will List Mubarak (MUBARAK), CZ'S Dog (BROCCOLI714), Tutorial (TUT), and Banana For Scale (BANANAS31) With Seed Tags Applied",-2053.0783055198967,-2053.5783055198967,-4581.961489088575,-4584.961489088575,-6257.186136071888,-6263.116836071887,-398.6565579984838,-399.1565579984838,-3628.376042456406,-3631.376042456406,-5561.658832448825,-5567.589532448825,-291.7202797202813,-292.2202797202814,-3166.6231546231547,-3169.623154623155,-5326.685314685315,-5332.616014685314,-2320.306709265177,-2320.806709265177,-3055.130990415336,-3058.130990415336,-4956.089456869009,-4962.020156869009,True,-2062.4590100789624,-2062.9590100789624,-4582.199653335045,-4585.199653335046,-6255.179046029401,-6261.1097460294,-387.0949126803338,-387.5949126803338,-3613.366742596812,-3616.366742596812,-5551.863325740319,-5557.794025740319,-282.08094645080917,-282.58094645080917,-3163.463262764633,-3166.4632627646333,-5330.337484433375,-5336.268184433375,-2321.8434004474266,-2322.3434004474266,-3052.9076382230746,-3055.907638223075,-4958.468520294023,-4964.399220294023
2025-04-03 07:00:36.245000+00:00,monitoring,TONUSDT,"Binance Will Extend the Monitoring Tag to Include ARDR, BSW, FLM, LTO, NKN, PDA, PERP, VIB, VOXEL & WING, and Remove the Seed Tag for JUP, STRK & TON on 2025-04-03",300.3588939945288,300.3475939945288,703.2912427952928,700.6968427952928,1355.366995139312,1348.3659951393117,331.5689915099582,331.5576915099582,703.7026104895658,701.1082104895657,1406.7098309926205,1399.7088309926203,169.82786252429196,168.68506252429194,469.3247078241889,466.2090078241889,1338.5311077389981,1331.341407738998,257.08532909519334,255.94252909519332,534.1171699457445,531.0014699457446,875.2691401326238,868.0794401326237,True,301.7286154500052,301.71731545000523,700.4641377111894,697.8697377111895,1354.7516735734785,1347.7506735734785,331.0944634023758,331.0831634023758,702.4935587122714,699.8991587122713,1404.025183186519,1397.0241831865187,165.35406902428585,164.21126902428585,465.20494247976086,462.0892424797609,1336.5300383468245,1329.3403383468244,254.15865358258884,253.01585358258882,528.8146483197196,525.6989483197196,874.4645578641516,867.2748578641516
2025-04-03 07:00:36.245000+00:00,monitoring,NKNUSDT,"Binance Will Extend the Monitoring Tag to Include ARDR, BSW, FLM, LTO, NKN, PDA, PERP, VIB, VOXEL & WING, and Remove the Seed Tag for JUP, STRK & TON on 2025-04-03",2699.204313960455,2686.049913960455,1890.3367285799886,1863.4067285799886,1959.2402636309166,1931.9379636309168,2432.9270865653116,2419.7726865653117,1610.7117592305306,1583.7817592305305,1694.484641638225,1667.1823416382251,162.67248908296872,162.67248908296872,-591.595077411672,-604.370677411672,-591.595077411672,-604.7429774116721,-826.4796380090514,-826.4796380090514,-735.9819004524884,-748.7575004524883,-892.2961744138239,-905.4440744138238,True,2708.191731575794,2695.0373315757943,1893.332534451768,1866.402534451768,1944.2612342720197,1916.9589342720196,2445.390765416796,2432.2363654167957,1624.1946079950417,1597.2646079950416,1707.8636504493336,1680.5613504493335,182.290245836638,182.290245836638,-582.9754163362413,-595.7510163362413,-579.0103092783507,-592.1582092783508,-818.9164265129692,-818.9164265129692,-736.5780156442994,-749.3536156442993,-893.0209962947724,-906.1688962947724
2025-04-03 07:00:36.245000+00:00,monitoring,JUPUSDT,"Binance Will Extend the Monitoring Tag to Include ARDR, BSW, FLM, LTO, NKN, PDA, PERP, VIB, VOXEL & WING, and Remove the Seed Tag for JUP, STRK & TON on 2025-04-03",428.5979543666405,428.97215436664055,-331.9580382900624,-330.7288382900624,-43.47128245476027,-40.49688245476027,477.91354466858763,478.28774466858766,-368.30075975897404,-367.07155975897405,-14.61985852763935,-11.645458527639349,274.9176098973425,275.4176098973425,-438.4280073703608,-437.6571073703608,9.058173203475363,11.425273203475362,125.09898546750755,125.59898546750755,-404.103098437071,-403.332198437071,-420.55497669317174,-418.18787669317175,True,418.4461942257221,418.8203942257221,-334.8346456692899,-333.6054456692899,-51.37007874015741,-48.3956787401574,472.92791612057664,473.30211612057667,-368.487549148099,-367.258349148099,-17.242463958059496,-14.268063958059493,272.36018957346045,272.86018957346045,-435.9073196419163,-435.1364196419163,9.063717746182544,11.430817746182543,127.87931980252277,128.3793198025228,-404.21064179923326,-403.4397417992332,-426.15249588590217,-423.7853958859022
2025-04-03 07:00:36.245000+00:00,monitoring,FLMUSDT,"Binance Will Extend the Monitoring Tag to Include ARDR, BSW, FLM, LTO, NKN, PDA, PERP, VIB, VOXEL & WING, and Remove the Seed Tag for JUP, STRK & TON on 2025-04-03",1733.2830188679236,1732.5048188679234,1686.1132075471694,1687.8350075471692,1308.7547169811317,1298.2145169811317,2086.214285714285,2085.4360857142847,2086.214285714285,2087.9360857142847,1684.428571428572,1673.888371428572,1048.6060606060607,1049.1060606060607,1048.6060606060607,1047.9620606060607,594.0606060606077,581.7443060606078,216.5714285714291,217.0714285714291,445.1428571428582,444.4988571428582,-640.5714285714273,-652.8877285714273,True,1653.8778987221956,1653.0996987221954,1606.5518220539518,1608.2736220539518,1261.0714623757676,1250.5312623757677,2084.3425512934873,2083.564351293487,2084.3425512934873,2086.064351293487,1651.6931311329172,1641.1529311329173,999.6337885685377,1000.1337885685377,1055.273646939808,1054.629646939808,524.165907941325,511.849607941325,232.1794434980127,232.6794434980127,436.6087450312315,435.96474503123153,-545.7876206700743,-558.1039206700742
2025-04-03 07:00:36.245000+00:00,monitoring,PERPUSDT,"Binance Will Extend the Monitoring Tag to Include ARDR, BSW, FLM, LTO, NKN, PDA, PERP, VIB, VOXEL & WING, and Remove the Seed Tag for JUP, STRK & TON on 2025-04-03",2625.9928315412194,2622.3232315412192,1432.4444444444448,1430.257444444445,1891.2258064516138,1892.8806064516139,2480.784992784992,2477.115392784992,1366.066378066378,1363.8793780663782,1856.6868686868695,1858.3416686868695,203.4974782209984,202.9800782209984,-855.6497019715717,-853.6671019715717,-314.61348005502066,-308.78908005502063,-1429.4378957622991,-1429.955295762299,-1244.3429128105201,-1242.36031281052,-874.1529469069645,-868.3285469069644,True,2629.5770609319,2625.9074609319,1428.860215053764,1426.6732150537641,1901.978494623657,1903.633294623657,2495.2046109510093,2491.535010951009,1378.489913544669,1376.302913544669,1872.0057636887607,1873.6605636887607,198.9124254928929,198.3950254928929,-864.8198074277849,-862.8372074277848,-305.44337459880967,-299.61897459880964,-1409.954213346322,-1410.4716133463219,-1239.471992206528,-1237.489392206528,-864.4111056989759,-858.5867056989758
2025-04-03 07:00:36.245000+00:00,monitoring,VOXELUSDT,"Binance Will Extend the Monitoring Tag to Include ARDR, BSW, FLM, LTO, NKN, PDA, PERP, VIB, VOXEL & WING, and Remove the Seed Tag for JUP, STRK & TON on 2025-04-03",3860.1136767317944,3851.9339767317947,3327.253996447603,3288.036896447603,3877.8756660746008,3746.7162660746008,3629.404805914973,3621.225105914973,3074.8761552680226,3035.6590552680223,3647.8890942698717,3516.7296942698717,1351.6363636363624,1331.9291636363623,1160.24880382775,1121.40690382775,1830.1052631578948,1706.723363157895,-336.4837758112107,-356.1909758112107,-1044.4483775811211,-1083.290277581121,-247.9882005899716,-371.37010058997157,True,3864.13454351308,3855.95484351308,3333.7910660259827,3294.573966025983,3857.0158391172804,3725.8564391172804,3634.6026587887736,3626.4229587887735,3076.995568685377,3037.7784686853765,3669.6838995568683,3538.5244995568682,1364.0152890587674,1344.308089058767,1180.068800764453,1141.2269007644531,1825.0759675107506,1701.6940675107505,-348.4817001180653,-368.18890011806536,-1080.4769775678872,-1119.318877567887,-256.98229043683483,-380.3641904368348
2025-04-03 07:00:36.245000+00:00,monitoring,BSWUSDT,"Binance Will Extend the Monitoring Tag to Include ARDR, BSW, FLM, LTO, NKN, PDA, PERP, VIB, VOXEL & WING, and Remove the Seed Tag for JUP, STRK & TON on 2025-04-03",2835.31182795699,2831.36892795699,2280.473118279571,2241.287318279571,2667.569892473118,2566.670492473118,2273.9787135585375,2270.0358135585375,1690.915316982878,1651.729516982878,2084.251735307727,1983.3523353077271,739.2520868113526,726.7663868113525,249.54702281580344,207.12532281580346,466.57540345019436,366.6061034501943,-578.9481302774426,-591.4338302774426,-657.3558504221935,-699.7775504221936,-241.19179734619988,-341.1610973461999,True,2829.788478073946,2825.8455780739455,2288.085984522786,2248.900184522786,2679.315563198624,2578.416163198624,2278.9930715935334,2275.0501715935334,1710.863741339492,1671.677941339492,2112.7113163972285,2011.8119163972287,739.6703786191536,727.1846786191535,244.12472160356225,201.70302160356226,477.97772828507703,378.008428285077,-547.4993983152845,-559.9850983152844,-625.7184115523464,-668.1401115523465,-216.57280385078212,-316.54210385078215
2025-04-03 07:00:36.245000+00:00,monitoring,STRKUSDT,"Binance Will Extend the Monitoring Tag to Include ARDR, BSW, FLM, LTO, NKN, PDA, PERP, VIB, VOXEL & WING, and Remove the Seed Tag for JUP, STRK & TON on 2025-04-03",541.1295487627364,541.6295487627364,60.780203784570396,59.484203784570404,-19.278020378458372,-14.75602037845837,570.6656955571741,571.1656955571741,38.98324836125268,37.68724836125268,2.5666423889301297,7.08864238893013,327.98521803399797,328.0310180339979,-189.3835920177369,-190.6795920177369,-174.60162601626104,-170.07962601626105,26.520801232665438,26.56660123266544,-304.7580893682591,-306.0540893682591,-497.3620955315874,-492.8400955315874,True,520.0699708454813,520.5699708454813,53.597667638482854,52.301667638482854,-33.865889212828726,-29.34388921282872,571.0903790087449,571.590379008745,39.0204081632637,37.724408163263696,-4.711370262391534,-0.18937026239153276,335.1196454948289,335.1654454948289,-181.86706056129952,-183.16306056129952,-167.09601181683985,-162.57401181683986,26.520801232665438,26.56660123266544,-304.7580893682591,-306.0540893682591,-497.3620955315874,-492.8400955315874
2025-04-08 06:00:07.355000+00:00,delist,BADGERUSDT,"Binance Announced the First Batch of Vote to Delist Results and Will Delist BADGER, BAL, BETA, CREAM, CTXC, ELF, FIRO, HARD, NULS, PROS, SNT, TROY, UFT, VIDT on 2025-04-16",1362.4999487126886,1217.8945487126884,1383.0148733203405,1083.0791733203405,1350.190993948098,992.2559939480981,1076.1484605651624,931.5430605651626,1133.0864614086886,833.1507614086886,1107.780683256011,749.845683256011,946.78889823381,802.1834982338099,1246.4104289318752,946.4747289318753,1119.2026913372586,761.2676913372586,171.95442677427098,119.868526774271,-218.5036790885344,-382.7303790885344,-680.1699501542848,-892.9995501542847,True,1382.8717948717947,1238.2663948717948,1382.8717948717947,1082.9360948717947,1331.5897435897436,973.6547435897437,1147.8746081504696,1003.2692081504696,1210.5705329153602,910.6348329153602,1168.7732497387667,810.8382497387669,972.2931937172772,827.6877937172771,1275.9581151832463,976.0224151832464,1150.3036649214657,792.3686649214658,177.57345971563956,125.48755971563956,-201.57345971563956,-365.80015971563955,-663.6587677725117,-876.4883677725117
2025-04-08 06:00:07.355000+00:00,delist,BALUSDT,"Binance Announced the First Batch of Vote to Delist Results and Will Delist BADGER, BAL, BETA, CREAM, CTXC, ELF, FIRO, HARD, NULS, PROS, SNT, TROY, UFT, VIDT on 2025-04-16",1715.8617710583155,1641.3629710583155,484.76025917926637,295.48975917926634,981.5205183585315,739.8696183585315,1831.5155412647375,1757.0167412647374,523.905680600215,334.63518060021494,1070.5294748124336,828.8785748124336,-319.4866310160429,-393.98543101604287,-1522.695187165776,-1711.965687165776,-1228.5775401069513,-1470.2284401069512,-299.20626631853816,-299.20626631853816,-873.6187989556124,-1019.0816989556124,-965.0026109660562,-1150.295610966056,True,1756.4887459807073,1681.9899459807075,534.6237942122187,345.3532942122187,1049.093247588425,807.4423475884249,1851.6847710330128,1777.185971033013,584.379126730564,395.108626730564,1116.8604898828535,875.2095898828535,-304.9427430093212,-379.4415430093212,-1476.713715046604,-1665.9842150466038,-1183.7709720372827,-1425.4218720372828,-285.4375,-285.4375,-845.3333333333327,-990.7962333333327,-949.5000000000001,-1134.7930000000001
2025-04-08 06:00:07.355000+00:00,delist,NULSUSDT,"Binance Announced the First Batch of Vote to Delist Results and Will Delist BADGER, BAL, BETA, CREAM, CTXC, ELF, FIRO, HARD, NULS, PROS, SNT, TROY, UFT, VIDT on 2025-04-16",4163.182481751826,4139.4041817518255,3783.6204379562046,3277.5595379562046,3579.2408759124096,2514.4509759124094,3711.4042553191484,3687.625955319148,3529.033434650456,3022.972534650456,3346.662613981762,2281.8727139817624,1714.1904761904755,1690.4121761904755,1476.0952380952383,970.0343380952384,1277.6825396825395,212.8926396825395,-2087.0000000000005,-2135.9679000000006,-4587.0,-5213.563300000001,-536.9999999999999,-1607.3032999999998,True,4171.673469387755,4147.895169387755,3778.0874635568507,3272.0265635568508,3603.1603498542277,2538.3704498542274,3736.1031866464346,3712.324886646434,3538.8345978755688,3032.773697875569,3387.089529590289,2322.2996295902894,1714.1904761904755,1690.4121761904755,1456.2539682539684,950.1930682539686,1317.365079365079,252.57517936507907,-2036.999999999999,-2085.967899999999,-4536.999999999999,-5163.563299999999,-536.9999999999999,-1607.3032999999998
2025-04-08 06:00:07.355000+00:00,delist,SNTUSDT,"Binance Announced the First Batch of Vote to Delist Results and Will Delist BADGER, BAL, BETA, CREAM, CTXC, ELF, FIRO, HARD, NULS, PROS, SNT, TROY, UFT, VIDT on 2025-04-16",-11.999999999999998,-11.5,-11.999999999999998,-8.999999999999998,-11.999999999999998,-2.9999999999999982,-11.999999999999998,-11.5,-11.999999999999998,-8.999999999999998,-11.999999999999998,-2.9999999999999982,-11.999999999999998,-11.5,-11.999999999999998,-8.999999999999998,-11.999999999999998,-2.9999999999999982,-11.999999999999998,-11.5,-11.999999999999998,-8.999999999999998,-11.999999999999998,-2.9999999999999982,True,1242.6125461254608,1243.1125461254608,1110.8255139694254,1113.8255139694254,-1625.073273589878,-1616.0732735898778,1309.1488250652747,1309.6488250652747,1136.8250652741515,1139.8250652741515,-1547.2480417754566,-1538.2480417754566,559.2701053799218,559.7701053799219,470.52911813643885,473.52911813643885,-2213.885745978922,-2204.885745978922,-673.0576923076917,-672.5576923076917,-270.41346153846257,-267.41346153846257,-3239.1634615384623,-3230.1634615384623
2025-04-08 06:00:07.355000+00:00,delist,TROYUSDT,"Binance Announced the First Batch of Vote to Delist Results and Will Delist BADGER, BAL, BETA, CREAM, CTXC, ELF, FIRO, HARD, NULS, PROS, SNT, TROY, UFT, VIDT on 2025-04-16",3214.744186046512,3210.5348860465124,3679.8604651162805,3678.15116511628,3636.2558139534885,2646.787213953489,2879.9330289193304,2875.7237289193304,3458.3196347031962,3456.6103347031963,3321.333333333334,2331.864733333334,1496.3798882681565,1492.1705882681563,2092.283054003725,2090.573754003725,1850.19739292365,860.7287929236501,1211.1759656652353,1211.675965665235,653.236051502146,656.2360515021459,653.236051502146,-331.5232484978539,True,3216.197674418605,3211.988374418605,3675.5000000000005,3673.7907000000005,3639.1627906976755,2649.694190697676,2885.537245363333,2881.3279453633336,3464.740650653695,3463.0313506536945,3332.481605351171,2343.0130053511707,1486.2319002419508,1482.0226002419506,2079.9411874185744,2078.2318874185744,1847.2964824120604,857.8278824120605,1180.3654299806985,1180.8654299806983,678.542569161484,681.542569161484,639.9408106369284,-344.81848936307154
2025-04-08 06:00:07.355000+00:00,delist,VIDTUSDT,"Binance Announced the First Batch of Vote to Delist Results and Will Delist BADGER, BAL, BETA, CREAM, CTXC, ELF, FIRO, HARD, NULS, PROS, SNT, TROY, UFT, VIDT on 2025-04-16",3233.283018867925,3233.783018867925,451.61185983827437,-43.31024016172559,-3381.272237196765,-5122.969237196765,2735.56725815684,2736.06725815684,-0.5518030910136468,-495.4739030910136,-4087.5580995993146,-5829.255099599314,326.2352941176459,326.7352941176459,-3247.294117647058,-3742.216217647058,-7725.235294117649,-9466.932294117649,-99.78930566640142,-99.28930566640142,-5478.879489225859,-6374.301589225859,-9788.536312849163,-11565.231612849162,True,3269.4178302900114,3269.9178302900114,471.35123523093546,-23.57086476906446,-3298.788399570355,-5040.485399570354,2744.849315068494,2745.349315068494,-6.292237442922166,-501.2143374429221,-4013.1415525114157,-5754.838552511415,318.88235294117527,319.3823529411753,-3445.823529411766,-3940.7456294117655,-7732.588235294119,-9474.285235294119,-115.99999999999964,-115.49999999999964,-5588.000000000001,-6483.422100000001,-9828.0,-11604.695300000001
2025-04-11 10:08:34.456000+00:00,spot_list,BIGTIMEUSDT,"Binance Announced the Second Batch of Vote to List Results and Will List Ondo (ONDO), Big Time (BIGTIME), and Virtuals Protocol (VIRTUAL) With Seed Tags Applied",437.1920021911811,454.25750219118106,-537.883319638455,-519.7779196384549,-752.8929060531356,-734.4852060531355,-446.235368156074,-429.16986815607396,-1310.9301447451242,-1292.824744745124,-1514.8319697923232,-1496.4242697923232,-994.8528827037775,-977.7873827037776,-1440.9264413518888,-1422.8210413518889,-1506.781312127237,-1488.373612127237,-209.81089278649634,-208.15229278649633,-535.5394962415929,-533.4825962415929,-1053.804035342212,-1052.375535342212,True,427.2446633825942,444.31016338259417,-544.2933771209637,-526.1879771209638,-761.8631636562692,-743.4554636562692,-441.2547834843907,-424.1892834843907,-1312.3524672708957,-1294.2470672708955,-1515.0211480362532,-1496.6134480362534,-992.9772472957857,-975.9117472957856,-1435.5981598905878,-1417.4927598905879,-1497.7640184010945,-1479.3563184010948,-212.3162888771759,-210.6576888771759,-544.419609910385,-542.3627099103851,-1062.3426462836064,-1060.9141462836064
2025-04-11 10:08:34.456000+00:00,spot_list,ONDOUSDT,"Binance Announced the Second Batch of Vote to List Results and Will List Ondo (ONDO), Big Time (BIGTIME), and Virtuals Protocol (VIRTUAL) With Seed Tags Applied",299.7394831382558,304.5218831382559,169.9446054003948,185.6517054003948,166.46795688955862,190.39155688955864,93.74189880613983,98.52429880613983,-19.959067652074655,-4.251967652074656,-35.877202956225084,-11.953602956225081,88.91847148202771,93.70087148202771,-32.410477378387526,-16.703377378387525,49.23143213516258,73.15503213516257,194.81128470270815,201.12248470270814,145.35641227379915,155.94501227379916,68.92615488366928,89.71065488366926,True,292.644966987142,297.4273669871421,158.2768446658176,173.9839446658176,159.43519054789724,183.35879054789723,91.51495848026416,96.29735848026415,-19.962689113867324,-4.255589113867325,-32.47548629280027,-8.551886292800267,94.63641520136214,99.41881520136214,-27.88201928530819,-12.174919285308189,52.6625070901874,76.5861070901874,200.55060728744945,206.86180728744944,146.5695006747634,157.1581006747634,70.09626630679257,90.88076630679255
2025-04-11 10:08:34.456000+00:00,spot_list,VIRTUALUSDT,"Binance Announced the Second Batch of Vote to List Results and Will List Ondo (ONDO), Big Time (BIGTIME), and Virtuals Protocol (VIRTUAL) With Seed Tags Applied",274.8318122555413,289.4577122555413,418.247718383312,471.23511838331206,265.5190910784109,363.81069107841085,837.6093749999999,852.2352749999999,905.9687499999999,958.9561499999999,736.0468749999991,834.3384749999991,-210.92173266406465,-196.29583266406465,121.85387618516376,174.84127618516376,471.3612195575365,569.6528195575365,-374.54326835489235,-363.33806835489236,312.2849335033693,357.4280335033693,295.8885042812884,382.00500428128845,True,257.9683485384474,272.5942485384474,403.19270154533496,456.180101545335,261.6920498975981,359.98364989759807,839.8952715904637,854.5211715904637,906.3274716686184,959.3148716686184,740.2469714732315,838.5385714732316,-199.8021569356636,-185.1762569356636,125.59761993306307,178.58501993306308,473.3105243584976,571.6021243584976,-360.15895005468445,-348.95375005468446,316.10791104630033,361.25101104630033,299.70251549398563,385.81901549398566
2025-04-11 10:08:34.456000+00:00,spot_fade,VIRTUALUSDT,"Binance Announced the Second Batch of Vote to List Results and Will List Ondo (ONDO), Big Time (BIGTIME), and Virtuals Protocol (VIRTUAL) With Seed Tags Applied",-298.8318122555413,-313.4577122555413,-442.247718383312,-495.235118383312,-289.5190910784109,-387.81069107841085,-861.6093750000001,-876.2352750000001,-929.9687500000001,-982.95615,-760.0468749999992,-858.3384749999992,186.92173266406465,172.29583266406465,-145.85387618516376,-198.84127618516374,-495.3612195575365,-593.6528195575365,350.54326835489235,339.33806835489236,-336.2849335033693,-381.4280335033693,-319.8885042812884,-406.00500428128845,True,-281.9683485384474,-296.5942485384474,-427.19270154533496,-480.180101545335,-285.6920498975981,-383.98364989759807,-863.8952715904638,-878.5211715904638,-930.3274716686186,-983.3148716686185,-764.2469714732317,-862.5385714732317,175.8021569356636,161.17625693566362,-149.59761993306307,-202.58501993306308,-497.3105243584976,-595.6021243584976,336.15895005468445,324.95375005468446,-340.10791104630033,-385.25101104630033,-323.70251549398563,-409.8190154939856
2025-04-11 10:08:34.456000+00:00,spot_fade,ONDOUSDT,"Binance Announced the Second Batch of Vote to List Results and Will List Ondo (ONDO), Big Time (BIGTIME), and Virtuals Protocol (VIRTUAL) With Seed Tags Applied",-323.7394831382558,-328.5218831382558,-193.9446054003948,-209.6517054003948,-190.46795688955862,-214.39155688955861,-117.74189880613982,-122.52429880613981,-4.040932347925341,-19.748032347925342,11.877202956225087,-12.046397043774915,-112.9184714820277,-117.7008714820277,8.410477378387528,-7.296622621612472,-73.23143213516258,-97.15503213516257,-218.81128470270815,-225.12248470270814,-169.35641227379915,-179.94501227379916,-92.92615488366927,-113.71065488366926,True,-316.644966987142,-321.427366987142,-182.2768446658176,-197.9839446658176,-183.43519054789724,-207.35879054789723,-115.51495848026416,-120.29735848026415,-4.037310886132672,-19.744410886132673,8.475486292800273,-15.44811370719973,-118.63641520136213,-123.41881520136212,3.882019285308192,-11.825080714691808,-76.66250709018739,-100.58610709018738,-224.55060728744945,-230.86180728744944,-170.5695006747634,-181.1581006747634,-94.09626630679256,-114.88076630679255
2025-04-11 10:08:34.456000+00:00,spot_fade,BIGTIMEUSDT,"Binance Announced the Second Batch of Vote to List Results and Will List Ondo (ONDO), Big Time (BIGTIME), and Virtuals Protocol (VIRTUAL) With Seed Tags Applied",-461.1920021911811,-478.25750219118106,513.883319638455,495.77791963845493,728.8929060531354,710.4852060531354,422.235368156074,405.169868156074,1286.930144745124,1268.824744745124,1490.831969792323,1472.4242697923232,970.8528827037774,953.7873827037774,1416.9264413518886,1398.8210413518887,1482.7813121272368,1464.3736121272368,185.81089278649634,184.15229278649633,511.53949624159293,509.4825962415929,1029.8040353422118,1028.3755353422118,True,-451.2446633825942,-468.31016338259417,520.2933771209637,502.1879771209637,737.8631636562691,719.455463656269,417.2547834843907,400.1892834843907,1288.3524672708954,1270.2470672708955,1491.0211480362532,1472.6134480362532,968.9772472957856,951.9117472957855,1411.5981598905878,1393.4927598905876,1473.7640184010945,1455.3563184010945,188.3162888771759,186.6576888771759,520.419609910385,518.3627099103851,1038.3426462836062,1036.9141462836062
2025-04-17 08:59:59.889000+00:00,spot_list,INITUSDT,"Introducing Initia (INIT) on Binance Launchpool! Farm INIT by Locking BNB, FDUSD and USDC",203.8577878103829,203.3577878103829,549.5124153498874,546.5124153498874,367.51467268622974,358.51467268622974,-249.61578735400747,-250.11578735400747,29.616324338837888,26.616324338837888,-139.5338971674045,-148.5338971674045,-259.18185522205613,-259.6818552220562,30.102403911448153,27.102403911448153,-14.716284123318589,-23.71628412331859,598.8347153123273,598.3347153123273,52.953012714206174,49.953012714206174,374.9541182974023,365.9541182974024,True,137.40098661028856,136.90098661028856,446.06906272022553,443.06906272022553,238.88090204369084,229.88090204369084,-210.4774333877115,-210.97743338771153,96.75475802066381,93.75475802066381,-113.9575856443733,-122.95758564437328,-298.8852459016391,-299.3852459016391,16.688524590163578,13.688524590163578,-39.322404371584724,-48.322404371584724,547.6444938203038,547.1444938203038,14.385224274405596,11.385224274405594,333.785307596167,324.785307596167
2025-04-17 08:59:59.889000+00:00,spot_fade,INITUSDT,"Introducing Initia (INIT) on Binance Launchpool! Farm INIT by Locking BNB, FDUSD and USDC",-227.8577878103829,-227.3577878103829,-573.5124153498874,-570.5124153498874,-391.51467268622974,-382.51467268622974,225.61578735400747,226.11578735400747,-53.616324338837885,-50.616324338837885,115.53389716740449,124.53389716740449,235.18185522205616,235.68185522205619,-54.10240391144815,-51.10240391144815,-9.283715876681407,-0.2837158766814073,-622.8347153123273,-622.3347153123273,-76.95301271420617,-73.95301271420617,-398.9541182974023,-389.9541182974024,True,-161.40098661028856,-160.90098661028853,-470.06906272022553,-467.0690627202255,-262.88090204369087,-253.88090204369084,186.4774333877115,186.97743338771153,-120.75475802066381,-117.75475802066381,89.9575856443733,98.9575856443733,274.8852459016391,275.3852459016391,-40.688524590163574,-37.688524590163574,15.322404371584732,24.32240437158473,-571.6444938203038,-571.1444938203038,-38.385224274405594,-35.385224274405594,-357.785307596167,-348.785307596167
2025-04-24 04:00:05.257000+00:00,delist,ALPACAUSDT,"Binance Will Delist ALPACA, PDA, VIB, WING on 2025-05-02",-5328.133720930234,-5327.767120930233,-16494.558139534885,-17621.672839534884,-87297.6104651163,-93319.21596511631,-3573.470215462612,-3573.1036154626117,-13519.604562737648,-14646.719262737648,-74897.93155893538,-80919.53705893537,3719.3190383365827,3719.685638336583,-2000.3040935672525,-3127.4187935672526,-33720.57699805068,-39761.34899805068,806.2230281051683,806.0214281051682,-11473.92203082502,-13001.403330825022,-40796.2248413418,-47000.52074134179,True,-5194.244677011911,-5193.878077011911,-15901.570552147241,-17028.685252147243,-84725.09996391195,-90746.70546391196,-3452.1508011310098,-3451.7842011310095,-12936.913603518693,-14064.028303518695,-72333.70907948478,-78355.31457948477,3701.493228911731,3701.8598289117313,-1774.1145374449343,-2901.2292374449344,-33144.64806656877,-39185.420066568775,789.3620885357541,789.1604885357541,-10556.83541430193,-12084.316714301931,-39424.03178206583,-45628.32768206583
2025-05-05 14:14:13.299000+00:00,spot_list,SXTUSDT,"Introducing Space and Time (SXT) on Binance Launchpool! Farm SXT by Locking BNB, FDUSD and USDC",-242.6589780340651,-243.15897803406511,-3862.2049931668944,-3865.204993166895,-5180.827705743141,-5189.827705743141,74.29088378566685,73.79088378566685,-3563.496172581767,-3566.4961725817675,-4812.626304801669,-4821.626304801669,562.7248846290365,562.2248846290365,-3854.030528931487,-3857.030528931487,-4981.471068512602,-4990.471068512602,-297.62684892379895,-298.126848923799,-3874.763099731374,-3877.7630997313745,-5210.068618450133,-5219.068618450134,True,-288.8512341561047,-289.3512341561047,-3861.232821881254,-3864.2328218812545,-5192.12008005337,-5201.12008005337,-5.057965984033507,-5.557965984033507,-3587.1475182228396,-3590.14751822284,-4826.300590072891,-4835.300590072892,572.6702317290542,572.1702317290542,-3865.832442067737,-3868.8324420677372,-4971.001782531194,-4980.001782531195,-304.0203735144311,-304.5203735144311,-3933.9015280135827,-3936.9015280135827,-5217.432937181664,-5226.432937181664
2025-05-05 14:14:13.299000+00:00,spot_fade,SXTUSDT,"Introducing Space and Time (SXT) on Binance Launchpool! Farm SXT by Locking BNB, FDUSD and USDC",218.65897803406511,219.15897803406511,3838.204993166895,3841.2049931668953,5156.827705743142,5165.827705743142,-98.29088378566685,-97.79088378566685,3539.4961725817675,3542.496172581768,4788.62630480167,4797.62630480167,-586.7248846290365,-586.2248846290364,3830.0305289314874,3833.0305289314874,4957.471068512602,4966.471068512602,273.62684892379895,274.126848923799,3850.7630997313745,3853.763099731375,5186.068618450134,5195.068618450134,True,264.8512341561047,265.3512341561047,3837.2328218812545,3840.232821881255,5168.12008005337,5177.12008005337,-18.94203401596649,-18.44203401596649,3563.14751822284,3566.14751822284,4802.300590072892,4811.300590072892,-596.6702317290542,-596.1702317290542,3841.8324420677372,3844.8324420677377,4947.001782531195,4956.001782531195,280.0203735144311,280.5203735144311,3909.9015280135827,3912.901528013583,5193.432937181665,5202.432937181665
2025-05-06 11:25:20.814000+00:00,spot_fade,KMNOUSDT,Binance Will List Maple Finance (SYRUP) and Kamino Finance (KMNO) with Seed Tag Applied,448.29395009684396,429.32825009684393,1617.2582887091266,1506.1022887091267,1710.6842884812577,1601.0627884812575,757.669327251996,738.7036272519961,1756.5290763968064,1645.3730763968063,1748.5473204104892,1638.9258204104892,1163.1125476162981,1122.5940476162982,1873.0282811958907,1781.3379811958907,1884.5716264573473,1794.4158264573473,797.6625394513223,757.1440394513223,1760.2748239864027,1668.5845239864027,597.3712066035439,507.2154066035439,True,504.51719831990016,485.5514983199002,1655.6126688613913,1544.456668861391,1735.0768532183001,1625.4553532183,781.3432121281213,762.3775121281213,1773.022227288272,1661.866227288272,1753.6445913598538,1644.0230913598539,1185.1425279410084,1144.6240279410085,1892.597303836848,1800.907003836848,1902.9671621154519,1812.8113621154519,769.9732034104765,729.4547034104764,1729.7783191230217,1638.088019123022,573.8708891595621,483.71508915956207
2025-05-06 11:25:20.814000+00:00,spot_list,KMNOUSDT,Binance Will List Maple Finance (SYRUP) and Kamino Finance (KMNO) with Seed Tag Applied,-472.2939500968439,-453.32825009684393,-1641.2582887091269,-1530.1022887091267,-1734.6842884812577,-1625.0627884812577,-781.6693272519962,-762.7036272519962,-1780.5290763968064,-1669.3730763968065,-1772.5473204104894,-1662.9258204104895,-1187.1125476162983,-1146.5940476162984,-1897.0282811958907,-1805.3379811958907,-1908.5716264573473,-1818.4158264573475,-821.6625394513225,-781.1440394513224,-1784.274823986403,-1692.584523986403,-621.3712066035439,-531.2154066035439,True,-528.5171983199002,-509.5514983199002,-1679.6126688613913,-1568.4566688613913,-1759.0768532183001,-1649.4553532183002,-805.3432121281215,-786.3775121281215,-1797.0222272882722,-1685.866227288272,-1777.644591359854,-1668.023091359854,-1209.1425279410087,-1168.6240279410088,-1916.5973038368481,-1824.9070038368482,-1926.9671621154519,-1836.8113621154519,-793.9732034104766,-753.4547034104766,-1753.778319123022,-1662.088019123022,-597.8708891595621,-507.71508915956207
2025-05-07 05:30:01.464000+00:00,spot_list,MOVEUSDT,Postponement of Additional MOVE HODLer Airdrops (2025-05-07),-311.43855271366226,-234.03905271366227,-55.66812227074246,195.53267772925753,1647.3886462882112,1965.2788462882113,-207.3371140516713,-129.93761405167132,38.409577819785504,289.6103778197855,1733.4316320100816,2051.3218320100814,-271.6580113996216,-194.25851139962165,139.99493350221528,391.1957335022152,1963.934135528814,2281.824335528814,167.7175866495504,217.1560866495504,328.17971758665055,525.3254175866506,2266.562259306804,2506.552959306804,True,-310.6932171748602,-233.2937171748602,-68.00497822028649,183.1958217797135,1612.1443683883006,1930.0345683883006,-219.28643216080366,-141.88693216080367,19.40703517587884,270.60783517587885,1690.2613065326618,2008.1515065326619,-289.9532533164863,-212.55375331648636,114.34238787113006,365.54318787113004,1933.6727732154143,2251.5629732154143,154.4532650448147,203.89176504481472,301.7003841229191,498.84608412291914,2241.5211267605623,2481.511826760562
2025-05-07 05:30:01.464000+00:00,spot_fade,MOVEUSDT,Postponement of Additional MOVE HODLer Airdrops (2025-05-07),287.43855271366226,210.03905271366227,31.66812227074246,-219.53267772925753,-1671.3886462882112,-1989.2788462882113,183.3371140516713,105.93761405167133,-62.4095778197855,-313.61037781978547,-1757.4316320100816,-2075.321832010082,247.65801139962164,170.25851139962165,-163.99493350221528,-415.1957335022152,-1987.934135528814,-2305.824335528814,-191.71758664955038,-241.1560866495504,-352.17971758665055,-549.3254175866506,-2290.5622593068047,-2530.5529593068045,True,286.6932171748602,209.2937171748602,44.004978220286496,-207.1958217797135,-1636.1443683883006,-1954.0345683883006,195.28643216080368,117.88693216080368,-43.40703517587884,-294.60783517587885,-1714.261306532662,-2032.151506532662,265.9532533164863,188.55375331648636,-138.34238787113006,-389.54318787113,-1957.6727732154145,-2275.5629732154143,-178.4532650448147,-227.89176504481472,-325.7003841229191,-522.8460841229191,-2265.5211267605628,-2505.5118267605626
2025-05-07 08:00:33.736000+00:00,monitoring,LEVERUSDT,"Binance Will Extend the Monitoring Tag to Include ALPHA, HIFI, LEVER, MOVE, PORTAL & REI on 2025-05-07",-3994.924226254003,-3994.924226254003,-2355.6499466382065,-2364.8669466382066,-3113.387406616862,-3118.677306616862,-4638.801462680145,-4638.801462680145,-2560.935254893525,-2570.152254893525,-3275.067326306732,-3280.357226306732,-232.73374942913614,-232.73374942913614,1396.1290911858734,1386.9120911858734,720.2271274166525,714.9372274166524,-331.82942430703656,-341.06322430703653,1253.6107219007006,1244.3937219007007,687.0557416996645,681.7658416996644,True,-3959.5926714955253,-3959.5926714955253,-2342.6348530038345,-2351.8518530038345,-3086.137196420963,-3091.4270964209627,-4637.806451612902,-4637.806451612902,-2549.6344086021495,-2558.8514086021496,-3265.763440860213,-3271.053340860213,-228.232678544237,-228.232678544237,1398.0807065631182,1388.8637065631183,714.3590680676112,709.0691680676111,-348.89024390243907,-358.12404390243904,1247.1463414634152,1237.929341463415,681.5975609756094,676.3076609756095
2025-05-07 08:00:33.736000+00:00,monitoring,PORTALUSDT,"Binance Will Extend the Monitoring Tag to Include ALPHA, HIFI, LEVER, MOVE, PORTAL & REI on 2025-05-07",20.05128205128194,20.55128205128194,516.8461538461531,515.243653846153,-749.1794871794891,-744.7819871794891,464.9230769230781,465.42307692307816,895.6923076923082,894.0898076923081,-335.0769230769237,-330.6794230769237,1038.3597122302165,1038.8597122302165,1470.0143884892088,1468.4118884892089,592.3165467625911,596.7140467625911,753.5502392344504,754.0502392344503,753.5502392344504,751.9477392344503,-378.82615629983985,-374.4286562998398,True,-3.9807538091420787,-3.480753809142078,536.5164394546915,534.9139394546916,-736.9398556535681,-732.542355653568,457.37519236688206,457.8751923668821,902.1274238227137,900.5249238227136,-341.3321021852891,-336.93460218528907,1041.0858869227443,1041.5858869227443,1492.8194504387868,1491.2169504387869,635.3888649115244,639.7863649115244,747.1706539074971,747.670653907497,758.3349282296667,756.7324282296667,-356.49760765550064,-352.1001076555006
2025-05-07 08:00:33.736000+00:00,monitoring,MOVEUSDT,"Binance Will Extend the Monitoring Tag to Include ALPHA, HIFI, LEVER, MOVE, PORTAL & REI on 2025-05-07",-437.8150365934799,-487.25353659347985,-750.522954091816,-947.6686540918159,-2766.4910179640733,-3006.4817179640736,-315.030303030305,-364.46880303030497,-703.6996047430836,-900.8453047430835,-2726.0974967061934,-2966.0881967061937,82.28032683846621,32.84182683846622,-137.70710245128902,-334.85280245128905,-2067.3111250785673,-2307.301825078567,13.493945188018731,-20.642254811981267,-241.4455066921608,-399.55330669216085,-1949.5398342893548,-2139.5920342893546,True,-334.58064516129,-384.01914516129006,-657.1612903225802,-854.3069903225802,-2618.97827518104,-2858.9689751810397,-294.33749179251475,-343.7759917925148,-675.1648063033491,-872.3105063033491,-2677.7912015758375,-2917.7819015758378,82.10288582183068,32.66438582183069,-137.47051442910904,-334.61621442910905,-2038.348808030114,-2278.339508030114,19.847133757961778,-14.28906624203822,-241.2993630573248,-399.4071630573248,-1941.936305732485,-2131.9885057324846
2025-05-07 08:00:33.736000+00:00,monitoring,ALPHAUSDT,"Binance Will Extend the Monitoring Tag to Include ALPHA, HIFI, LEVER, MOVE, PORTAL & REI on 2025-05-07",-1612.8316008316026,-1612.8316008316026,-1625.3056133056134,-1631.9021133056135,-2619.0686070686074,-2624.0620070686077,-1292.907985407378,-1292.907985407378,-1309.1220105391158,-1315.7185105391159,-2354.9266315362797,-2359.9200315362796,668.433310765065,668.433310765065,543.1794177386594,536.5829177386594,-208.34394041976978,-213.3373404197698,285.27793696275097,281.58823696275095,174.24641833810853,167.6499183381085,-714.0057306590255,-718.9991306590256,True,-1668.2369628702545,-1668.2369628702545,-1651.5494367959952,-1658.1459367959953,-2656.9728827701288,-2661.966282770129,-1315.2886723507931,-1315.2886723507931,-1327.4689403166865,-1334.0654403166866,-2379.032074705644,-2384.025474705644,664.1325219743063,664.1325219743063,549.1899932386743,542.5934932386743,-197.9364435429356,-202.9298435429356,288.42918454935676,284.73948454935675,181.1330472102999,174.5365472102999,-713.0014306151647,-717.9948306151647
2025-05-07 08:00:33.736000+00:00,monitoring,HIFIUSDT,"Binance Will Extend the Monitoring Tag to Include ALPHA, HIFI, LEVER, MOVE, PORTAL & REI on 2025-05-07",-1778.3421418637015,-1777.8421418637017,-837.2202132591569,-836.2887132591569,2709.3722763096894,2126.4598763096897,-910.4375000000001,-909.9375000000001,-268.0763888888906,-267.1448888888906,3191.125,2608.2126000000007,334.168805912096,334.668805912096,785.3551147413449,786.2866147413448,3908.653442240374,3325.7410422403746,847.2826172644851,847.7526172644851,618.6661411115489,617.7125411115488,3811.413480488766,3152.3508804887656,True,-1756.5627024525702,-1756.0627024525702,-831.0652475705696,-830.1337475705697,2741.354928273948,2158.442528273948,-881.0012970168626,-880.5012970168627,-241.13964548205712,-240.20814548205712,3221.8953739731946,2638.982973973195,326.25816485225425,326.75816485225425,777.2690513219279,778.200551321928,3918.7931570762057,3335.880757076206,831.1836091410571,831.6536091410571,618.4176516942483,617.4640516942483,3813.847123719465,3154.784523719465
2025-05-07 08:00:33.736000+00:00,monitoring,REIUSDT,"Binance Will Extend the Monitoring Tag to Include ALPHA, HIFI, LEVER, MOVE, PORTAL & REI on 2025-05-07",733.489078822411,733.087278822411,1303.2896486229813,1286.5214486229816,614.7806267806264,603.3411267806264,570.0105820105814,569.6087820105814,1156.831168831168,1140.062968831168,493.05050505050497,481.611005050505,1820.6865028029326,1820.2847028029325,1777.5644674428622,1760.7962674428622,1505.8956446744285,1494.4561446744283,393.75243965074617,391.43133965074617,285.89419619928094,269.3564961992809,-17.136106831022946,-27.67380683102295,False,,,,,,,,,,,,,,,,,,,,,,,,
2025-06-05 05:00:18.433000+00:00,monitoring,MDTUSDT,"Binance Will Extend the Monitoring Tag to Include BIFI, FIS, KMD & MDT on 2025-06-05",-11.999999999999998,-10.999999999999998,-11.999999999999998,-8.999999999999998,-11.999999999999998,-2.9999999999999982,-11.999999999999998,-10.999999999999998,-11.999999999999998,-8.999999999999998,-11.999999999999998,-2.9999999999999982,-11.999999999999998,-10.999999999999998,-11.999999999999998,-8.999999999999998,-11.999999999999998,-2.9999999999999982,-11.999999999999998,-11.999999999999998,-11.999999999999998,-8.999999999999998,-11.999999999999998,-2.9999999999999982,True,750.1052631578939,751.1052631578939,1411.1578947368428,1414.1578947368428,1061.6842105263156,1070.6842105263154,1182.209891435465,1183.209891435465,1777.3043827905108,1780.3043827905108,1491.819863289103,1500.819863289103,800.4999999999993,801.4999999999993,979.0714285714283,982.0714285714282,599.6071428571423,608.6071428571423,202.4160583941601,202.4160583941601,521.7591240875905,524.7591240875905,444.20437956204296,453.20437956204296
2025-06-05 05:00:18.433000+00:00,monitoring,FISUSDT,"Binance Will Extend the Monitoring Tag to Include BIFI, FIS, KMD & MDT on 2025-06-05",117.78938369472282,117.30398369472282,648.604647547992,649.6288475479921,755.8557550322528,762.8799550322528,132.24195424583175,131.75655424583175,686.7204342768515,687.7446342768516,812.3505234587055,819.3747234587055,342.6320887361343,342.1466887361343,778.5014841431023,779.5256841431024,858.9576628651771,865.981862865177,-11.20967359519408,-10.709673595194081,547.551094602071,549.560694602071,754.6166126610285,761.6799126610285,False,,,,,,,,,,,,,,,,,,,,,,,,
2025-06-26 07:00:09.887000+00:00,delist,LEVERUSDT,"Binance Will Delist ALPHA, BSW, KMD, LEVER, LTO on 2025-07-04",-372.5769230769229,-379.4216230769229,1475.7136752136755,1460.9107752136754,2004.5598290598284,1945.5586290598285,-99.87800465236417,-106.72270465236416,1512.941845438098,1498.138945438098,2141.0111139829423,2082.009913982942,191.7533512064349,191.7533512064349,1323.1206434316352,1300.7974434316352,1459.8498659517431,1355.613765951743,1177.2450879007242,1177.2450879007242,1554.7011375387794,1532.3779375387794,1996.7900723888329,1892.553972388833,True,-386.9330476700585,-393.77774767005855,1460.951258703804,1446.148358703804,2007.2822710230328,1948.2810710230328,-123.4856105781703,-130.3303105781703,1515.0935960591137,1500.2906960591135,2155.4876847290634,2096.4864847290632,202.41972661484954,202.41972661484954,1341.524524256232,1319.201324256232,1496.9788260519977,1392.7427260519976,1176.1957028216416,1176.1957028216416,1543.7856588143925,1521.4624588143924,2017.510742945897,1913.2746429458969
2025-06-26 07:00:09.887000+00:00,delist,ALPHAUSDT,"Binance Will Delist ALPHA, BSW, KMD, LEVER, LTO on 2025-07-04",-296.4141069397055,-314.6562069397055,1176.8509670079627,1148.4059670079628,1825.315130830488,1760.009330830488,1211.5872235872234,1193.3451235872235,2361.4643734643732,2333.0193734643735,2941.3169533169535,2876.0111533169534,-177.52511415524938,-177.52511415524938,941.1963470319637,914.3346470319636,1854.4383561643838,1798.8123561643838,810.1476510067105,810.1476510067105,866.0760626398198,839.2143626398198,2034.9798657718118,1979.3538657718118,True,-255.48810872027116,-273.73020872027115,1222.4280860702138,1193.9830860702139,1879.2797281993198,1813.9739281993197,1279.4230019493177,1261.1809019493178,2434.3937621832356,2405.9487621832354,3004.5692007797265,2939.2634007797265,-183.03762827822112,-183.03762827822112,951.5119726339802,924.6502726339802,1869.4139110604333,1813.7879110604333,798.9619686800894,798.9619686800894,860.4832214765098,833.6215214765099,2029.3870246085007,1973.7610246085007
2025-06-26 07:00:09.887000+00:00,delist,BSWUSDT,"Binance Will Delist ALPHA, BSW, KMD, LEVER, LTO on 2025-07-04",-7896.615384615386,-7901.906984615385,-1919.4844074844077,-1965.1749074844076,-1680.3991683991685,-1723.7666683991683,-4489.110457790843,-4494.402057790842,386.9920201595976,341.3015201595976,517.1894162116762,473.8219162116761,-3966.545454545455,-3997.844554545455,768.9917355371897,729.0928355371898,678.0826446280983,640.5067446280982,2491.660322108345,2460.361222108345,3706.8872620790626,3666.988362079063,3074.3836017569547,3036.807701756955,True,-7816.878048780488,-7822.169648780488,-1895.7571354436955,-1941.4476354436954,-1682.991177996888,-1726.3586779968878,-4499.394957983191,-4504.68655798319,387.15966386554703,341.46916386554705,496.40336134453935,453.03586134453934,-3953.39496491952,-3984.69406491952,776.278992983905,736.3800929839051,673.1011143210904,635.5252143210904,2462.3175814499564,2431.018481449956,3689.2034047549173,3649.304504754917,3055.2145582624025,3017.6386582624027
2025-07-07 03:29:57.414000+00:00,monitoring,BAKEUSDT,"Binance Will Extend the Monitoring Tag to Include BAKE, IDEX & SLF on 2025-07-07",450.18487394958044,450.18487394958044,964.8907563025208,966.4634563025209,1899.7647058823538,1904.070105882354,140.0086862106407,140.0086862106407,650.3235613463639,651.896261346364,1660.0955483170462,1664.4009483170464,-212.2224694104582,-211.2224694104582,699.9021134593983,701.4748134593983,1389.5572858731928,1393.8626858731927,131.17180616740143,132.17180616740143,891.0837004405289,892.656400440529,1474.784140969164,1479.089540969164,True,449.6998950682061,449.6998950682061,953.3725078698849,954.9452078698848,1908.2518363064003,1912.5572363064002,128.99783080260386,128.99783080260386,660.4511930585696,662.0238930585697,1669.1279826464208,1673.433382646421,-212.2224694104582,-211.2224694104582,699.9021134593983,701.4748134593983,1367.3103448275856,1371.6157448275856,131.01430143014215,132.01430143014215,901.0913091309122,902.6640091309123,1451.1463146314627,1455.4517146314627
2025-07-07 03:29:57.414000+00:00,monitoring,IDEXUSDT,"Binance Will Extend the Monitoring Tag to Include BAKE, IDEX & SLF on 2025-07-07",-11.999999999999998,-11.999999999999998,-11.999999999999998,-11.999999999999998,-11.999999999999998,-11.999999999999998,-11.999999999999998,-11.999999999999998,-11.999999999999998,-11.999999999999998,-11.999999999999998,-11.999999999999998,-11.999999999999998,-11.999999999999998,-11.999999999999998,-11.999999999999998,-11.999999999999998,-11.999999999999998,-11.999999999999998,-11.999999999999998,-11.999999999999998,-11.999999999999998,-11.999999999999998,-11.999999999999998,True,160.619047619047,160.619047619047,291.5714285714286,291.5714285714286,160.619047619047,160.619047619047,372.8396501457707,372.8396501457707,471.9650145772578,471.9650145772578,361.1778425655963,361.1778425655963,-119.46268656716352,-119.46268656716352,268.5970149253745,268.5970149253745,155.16417910447868,155.16417910447868,339.0895883777243,339.0895883777243,236.184019370461,236.184019370461,6.159806295399151,6.159806295399151
2025-07-09 01:59:56.407000+00:00,monitoring,TAOUSDT,"Binance Will Remove the Monitoring Tag for ZEC and the Seed Tag for ENA, PYTH, TAO & W on 2025-07-09",-152.98659214368593,-152.48659214368593,-938.6178917951452,-935.9604917951451,-2501.7164568091166,-2493.0590568091166,-113.30790703509751,-112.80790703509751,-950.1174920804192,-947.4600920804193,-2504.2372424175896,-2495.5798424175896,-182.04988548301014,-181.54988548301012,-947.9018605088943,-945.2444605088943,-2505.3329150064296,-2496.6755150064296,-112.11468245358479,-111.61468245358479,-847.322195704058,-844.6647957040581,-2147.2633047143786,-2138.605904714379,True,-151.42534149788077,-150.92534149788077,-940.2461924948971,-937.5887924948971,-2508.4672633066407,-2499.8098633066406,-115.21244823691788,-114.71244823691788,-954.4018070021334,-951.7444070021335,-2512.3137156481366,-2503.6563156481366,-187.7910597689616,-187.29105976896156,-955.6212958312407,-952.9638958312407,-2516.394776494223,-2507.737376494223,-113.98388096714028,-113.48388096714028,-848.0198388096696,-845.3624388096696,-2149.321760694357,-2140.664360694357
2025-07-09 01:59:56.407000+00:00,monitoring,PYTHUSDT,"Binance Will Remove the Monitoring Tag for ZEC and the Seed Tag for ENA, PYTH, TAO & W on 2025-07-09",-108.47608408652309,-107.97608408652309,-658.8975322433224,-655.8975322433225,-1779.0356453742265,-1770.0356453742263,-96.38389589263906,-95.88389589263906,-686.0544936966254,-683.0544936966254,-1792.1952013013422,-1783.1952013013422,-249.41593641736225,-248.91593641736225,-778.2522926431637,-775.2522926431637,-1837.962910128387,-1828.962910128387,-255.80415071529438,-255.30415071529436,-638.6371146483986,-635.6371146483986,-1644.0773725569193,-1635.0773725569193,True,-103.37055837563412,-102.87055837563412,-651.5939086294412,-648.5939086294412,-1778.4974619289333,-1769.497461928933,-93.38351983723257,-92.88351983723257,-683.4140386571721,-680.4140386571722,-1802.4374364191256,-1793.4374364191256,-246.45463812436174,-245.9546381243617,-776.5259938837912,-773.5259938837913,-1836.6687054026502,-1827.66870540265,-253.69184290030233,-253.1918429003023,-636.3705941591138,-633.3705941591139,-1643.419939577039,-1634.419939577039
2025-07-09 01:59:56.407000+00:00,monitoring,ZECUSDT,"Binance Will Remove the Monitoring Tag for ZEC and the Seed Tag for ENA, PYTH, TAO & W on 2025-07-09",968.4362491567352,968.4362491567352,680.6017539914541,682.538953991454,388.2698448392172,396.2070448392172,604.6783461807989,604.6783461807989,308.018687222613,309.95588722261294,20.702639570193483,28.639839570193487,202.73889702293692,202.73889702293692,-55.92386530014613,-53.986665300146136,-404.8745729624228,-396.9373729624228,-49.31343283582156,-49.376232835821554,-84.1393034825879,-82.2021034825879,-462.24875621890504,-454.311556218905,True,953.5638082376771,953.5638082376771,672.2223722709883,674.1595722709883,361.62142696376276,369.5586269637628,597.8130841121497,597.8130841121497,301.084112149532,303.02131214953204,16.03738317756932,23.974583177569322,202.79131071515667,202.79131071515667,-58.375396631681554,-56.438196631681556,-417.17451793995684,-409.2373179399569,-51.81089823339223,-51.87369823339223,-89.1336153271962,-87.1964153271962,-459.8726051256543,-451.9354051256543
2025-07-09 01:59:56.407000+00:00,monitoring,ENAUSDT,"Binance Will Remove the Monitoring Tag for ZEC and the Seed Tag for ENA, PYTH, TAO & W on 2025-07-09",-241.62112514351318,-242.1256251435132,-1079.7382319173391,-1077.742731917339,-2836.339839265213,-2833.6877392652127,-191.73231357552467,-192.23681357552465,-1094.2179732313564,-1092.2224732313564,-2822.7074569789665,-2820.0553569789668,-137.5707762557079,-138.0752762557079,-1073.6438356164394,-1071.6483356164392,-2869.686453576864,-2867.034353576864,70.42787560884368,70.92787560884368,-772.5844885724978,-769.5844885724979,-2454.8624953165977,-2451.205895316598,True,-249.36600306278888,-249.87050306278888,-1083.9754977029106,-1081.9799977029106,-2845.078101071975,-2842.426001071975,-195.5564053537264,-196.0609053537264,-1090.3938814531548,-1088.3983814531546,-2822.7074569789665,-2820.0553569789668,-137.61857632280348,-138.12307632280348,-1077.8545869813497,-1075.8590869813495,-2882.1941377997728,-2879.5420377997725,70.42787560884368,70.92787560884368,-768.8377669539151,-765.8377669539151,-2454.8624953165977,-2451.205895316598
2025-07-21 02:29:56.612000+00:00,spot_list,ETHFIUSDT,"Binance Will Remove the Seed Tag for BONK, EIGEN, ETHFI, PENGU & PEPE on 2025-07-21",447.0163934426217,445.9781934426217,150.40945482272062,146.40525482272062,-1221.3023255813962,-1230.537325581396,476.66152554019936,475.6233255401994,191.86348018630153,187.85928018630153,-1184.7876612964817,-1194.0226612964816,235.10712952594304,234.06892952594305,-329.28256812243336,-333.2867681224334,-1322.936916759985,-1332.171916759985,-226.08286608898152,-226.58286608898155,-724.1532076021253,-727.6192076021254,-2011.5630961916545,-2020.2598961916547,True,444.7985968123245,443.76039681232453,151.19682757568899,147.192627575689,-1222.2493708533502,-1231.4843708533501,476.00977546968215,474.9715754696822,191.9101878723093,187.9059878723093,-1183.5289445547585,-1192.7639445547584,235.92771264282143,234.88951264282142,-327.137032335151,-331.14123233515096,-1320.3414233440371,-1329.576423344037,-224.68846966275845,-225.18846966275845,-722.9039259960659,-726.369925996066,-2010.6889066938597,-2019.3857066938597
2025-07-21 02:29:56.612000+00:00,spot_fade,EIGENUSDT,"Binance Will Remove the Seed Tag for BONK, EIGEN, ETHFI, PENGU & PEPE on 2025-07-21",-417.7896097182723,-417.28960971827223,-16.523132592400003,-13.523132592400001,1337.1858361333686,1346.1858361333686,-405.82787784879804,-405.327877848798,-45.572212537931186,-42.572212537931186,1326.3691652140228,1335.3691652140228,-148.60511004300656,-148.10511004300656,431.3341765747523,434.3341765747523,1480.5373134328356,1489.5373134328358,218.48327137546565,218.98327137546568,878.9541511772001,881.9541511772,1995.434944237918,2004.434944237918,True,-413.88667054338765,-413.38667054338765,-16.522840343734735,-13.522840343734734,1333.2219422368682,1342.2219422368685,-411.12167398605146,-410.62167398605146,-45.58305347455514,-42.58305347455514,1321.634719710668,1330.634719710668,-146.083865663146,-145.583865663146,425.6699765985703,428.6699765985703,1477.469356776928,1486.469356776928,225.19576391899477,225.6957639189948,884.7610082368249,887.7610082368248,1991.4681364959438,2000.468136495944
2025-07-21 02:29:56.612000+00:00,spot_list,PENGUUSDT,"Binance Will Remove the Seed Tag for BONK, EIGEN, ETHFI, PENGU & PEPE on 2025-07-21",1815.2360999194182,1814.7360999194182,2243.922643029815,2237.913543029815,3388.1611603545534,3376.1520603545537,1778.6132545215069,1778.113254521507,2166.9970766809083,2160.9879766809086,3386.7599987150265,3374.7508987150263,1646.9511066015605,1646.4511066015605,1692.6103113704114,1686.6012113704112,3233.925550130002,3221.9164501300024,443.2236781422092,442.1600781422092,108.99508966116002,102.98598966116002,802.6821844225593,790.6730844225593,True,1815.9673853491872,1815.4673853491872,2244.5986657642843,2238.589565764284,3387.4005607657355,3375.3914607657352,1777.5345475570966,1777.0345475570966,2169.748096752434,2163.7389967524336,3386.8628698082302,3374.8537698082305,1642.042404842646,1641.542404842646,1688.9476119544909,1682.9385119544907,3233.0163217443696,3221.00722174437,441.97841297391216,440.91481297391215,103.2573629115361,97.2482629115361,803.208548028421,791.199448028421
2025-07-21 02:29:56.612000+00:00,spot_fade,PENGUUSDT,"Binance Will Remove the Seed Tag for BONK, EIGEN, ETHFI, PENGU & PEPE on 2025-07-21",-1839.2360999194182,-1838.7360999194182,-2267.9226430298154,-2261.913543029815,-3412.161160354553,-3400.152060354553,-1802.613254521507,-1802.113254521507,-2190.997076680909,-2184.9879766809086,-3410.759998715026,-3398.7508987150263,-1670.9511066015607,-1670.4511066015607,-1716.6103113704114,-1710.6012113704114,-3257.9255501300017,-3245.916450130002,-467.2236781422092,-466.1600781422092,-132.99508966116002,-126.98598966116002,-826.6821844225594,-814.6730844225594,True,-1839.9673853491875,-1839.4673853491875,-2268.5986657642848,-2262.5895657642845,-3411.400560765735,-3399.391460765735,-1801.5345475570969,-1801.0345475570969,-2193.748096752434,-2187.7389967524336,-3410.86286980823,-3398.85376980823,-1666.0424048426462,-1665.5424048426462,-1712.9476119544909,-1706.9385119544909,-3257.016321744369,-3245.0072217443694,-465.97841297391216,-464.91481297391215,-127.25736291153609,-121.2482629115361,-827.2085480284211,-815.1994480284211
2025-07-21 02:29:56.612000+00:00,spot_list,EIGENUSDT,"Binance Will Remove the Seed Tag for BONK, EIGEN, ETHFI, PENGU & PEPE on 2025-07-21",393.7896097182723,393.28960971827223,-7.476867407599996,-10.476867407599997,-1361.1858361333686,-1370.1858361333689,381.82787784879804,381.32787784879804,21.572212537931193,18.572212537931193,-1350.3691652140228,-1359.369165214023,124.60511004300658,124.10511004300658,-455.3341765747523,-458.3341765747523,-1504.5373134328358,-1513.5373134328358,-242.48327137546565,-242.98327137546565,-902.9541511772002,-905.9541511772002,-2019.434944237918,-2028.4349442379182,True,389.88667054338765,389.38667054338765,-7.477159656265264,-10.477159656265265,-1357.2219422368685,-1366.2219422368685,387.12167398605146,386.62167398605146,21.58305347455515,18.58305347455515,-1345.634719710668,-1354.6347197106682,122.08386566314601,121.58386566314601,-449.6699765985703,-452.6699765985703,-1501.469356776928,-1510.4693567769282,-249.19576391899477,-249.69576391899477,-908.761008236825,-911.761008236825,-2015.468136495944,-2024.468136495944
2025-07-21 02:29:56.612000+00:00,spot_fade,ETHFIUSDT,"Binance Will Remove the Seed Tag for BONK, EIGEN, ETHFI, PENGU & PEPE on 2025-07-21",-471.0163934426217,-469.9781934426217,-174.40945482272062,-170.40525482272062,1197.3023255813962,1206.537325581396,-500.66152554019936,-499.6233255401994,-215.8634801863015,-211.85928018630153,1160.7876612964815,1170.0226612964814,-259.10712952594304,-258.068929525943,305.28256812243336,309.2867681224334,1298.9369167599848,1308.1719167599847,202.08286608898152,202.58286608898155,700.1532076021252,703.6192076021252,1987.5630961916543,1996.2598961916544,True,-468.7985968123245,-467.76039681232453,-175.19682757568899,-171.192627575689,1198.24937085335,1207.4843708533501,-500.00977546968215,-498.9715754696822,-215.9101878723093,-211.9059878723093,1159.5289445547583,1168.7639445547582,-259.9277126428214,-258.88951264282144,303.137032335151,307.141232335151,1296.3414233440371,1305.576423344037,200.68846966275845,201.18846966275848,698.9039259960658,702.3699259960658,1986.6889066938595,1995.3857066938597
2025-07-21 02:29:56.612000+00:00,spot_fade,1000BONKUSDT,"Binance Will Remove the Seed Tag for BONK, EIGEN, ETHFI, PENGU & PEPE on 2025-07-21",-593.4270565065893,-592.9270565065893,-628.2702620815043,-624.7455620815042,-426.78563853961646,-414.0608385396165,-694.9608092555574,-694.4608092555574,-750.3851232660988,-746.8604232660989,-412.08480222908815,-399.36000222908814,-356.72493450821815,-356.22493450821815,-407.3322219576094,-403.8075219576094,-427.8728268635392,-415.1480268635392,-23.436413540713005,-22.826213540713002,135.24382433668805,138.76852433668805,567.5402561756636,580.2650561756635,True,-594.6948120778952,-594.1948120778952,-624.9804052212351,-621.4557052212351,-426.6097701323481,-413.88497013234814,-698.3873077388872,-697.8873077388872,-745.9227322271992,-742.3980322271992,-415.59694804408485,-402.87214804408484,-354.8061300401719,-354.30613004017187,-401.2277934831112,-397.7030934831112,-430.3901205177798,-417.6653205177798,-18.571428571426896,-17.961228571426897,144.28571428571547,147.81041428571547,574.8571428571435,587.5819428571434
2025-07-21 02:29:56.612000+00:00,spot_list,1000PEPEUSDT,"Binance Will Remove the Seed Tag for BONK, EIGEN, ETHFI, PENGU & PEPE on 2025-07-21",233.39659805582926,233.39659805582926,398.17605309245033,393.2250530924503,-909.5658869658321,-921.2350869658321,242.20725050685488,242.20725050685488,428.006805325166,423.05580532516603,-896.2669388796743,-907.9361388796743,74.75789517802014,74.75789517802014,-64.45988669782098,-69.41088669782097,-955.9286936719838,-967.5978936719838,-288.9949160035368,-291.94591600353675,-389.15517241379337,-394.10617241379333,-1485.1156056587092,-1496.784805658709,True,233.32047646057765,233.32047646057765,399.9398752127057,394.9888752127057,-909.6176971072036,-921.2868971072037,240.32121340988067,240.32121340988067,426.7270536536958,421.77605365369584,-895.8330143879792,-907.5022143879792,75.3026959072476,75.3026959072476,-67.17530381338287,-72.12630381338286,-955.567537365555,-967.2367373655551,-291.04406686006354,-293.99506686006356,-388.433209006769,-393.384209006769,-1487.3418980522172,-1499.011098052217
2025-07-21 02:29:56.612000+00:00,spot_fade,1000PEPEUSDT,"Binance Will Remove the Seed Tag for BONK, EIGEN, ETHFI, PENGU & PEPE on 2025-07-21",-257.39659805582926,-257.39659805582926,-422.17605309245033,-417.2250530924503,885.565886965832,897.235086965832,-266.2072505068549,-266.2072505068549,-452.006805325166,-447.05580532516603,872.2669388796742,883.9361388796742,-98.75789517802012,-98.75789517802012,40.459886697820984,45.410886697820985,931.9286936719836,943.5978936719837,264.9949160035368,267.94591600353675,365.15517241379337,370.10617241379333,1461.115605658709,1472.784805658709,True,-257.32047646057765,-257.32047646057765,-423.9398752127057,-418.9888752127057,885.6176971072035,897.2868971072036,-264.32121340988067,-264.32121340988067,-450.7270536536958,-445.7760536536958,871.833014387979,883.502214387979,-99.3026959072476,-99.3026959072476,43.175303813382875,48.126303813382876,931.5675373655549,943.236737365555,267.04406686006354,269.99506686006356,364.433209006769,369.384209006769,1463.341898052217,1475.0110980522168
2025-07-21 02:29:56.612000+00:00,spot_list,1000BONKUSDT,"Binance Will Remove the Seed Tag for BONK, EIGEN, ETHFI, PENGU & PEPE on 2025-07-21",569.4270565065893,568.9270565065893,604.2702620815041,600.7455620815042,402.78563853961646,390.0608385396165,670.9608092555571,670.4608092555573,726.3851232660986,722.8604232660987,388.08480222908815,375.36000222908814,332.72493450821815,332.22493450821815,383.3322219576094,379.8075219576094,403.8728268635392,391.1480268635392,-0.5635864592869905,-1.1737864592869904,-159.24382433668802,-162.76852433668805,-591.5402561756636,-604.2650561756635,True,570.6948120778952,570.1948120778952,600.9804052212351,597.4557052212351,402.6097701323481,389.88497013234814,674.3873077388871,673.8873077388871,721.922732227199,718.3980322271991,391.59694804408485,378.87214804408484,330.8061300401719,330.3061300401719,377.2277934831112,373.7030934831112,406.3901205177798,393.66532051777983,-5.428571428573103,-6.038771428573102,-168.28571428571547,-171.81041428571547,-598.8571428571435,-611.5819428571434
2025-09-01 01:49:05.082000+00:00,spot_fade,WLFIUSDT,Binance Will List  World Liberty Financial (WLFI) with Seed Tag Applied,-584.9166666666674,-584.4166666666674,2567.6568627450993,2571.376962745099,3342.779411764706,3341.2844117647055,-488.77261613692013,-488.27261613692013,2601.080684596577,2604.800784596577,3365.139364303178,3363.6443643031776,1680.3076923076917,1680.8076923076917,3655.1328671328674,3658.8529671328674,4035.5524475524476,4034.0574475524472,775.5617553036906,776.0617553036906,3091.7489102005234,3095.4690102005234,4515.753560011625,4514.2585600116245,True,-484.0384846662662,-483.5384846662662,2705.9795550210465,2709.699655021046,3457.633193024654,3456.138193024654,-402.0390039003909,-401.5390039003909,2736.2748274827486,2739.9949274827486,3477.3489348934895,3475.853934893489,1764.2430939226515,1764.7430939226513,3731.0939226519336,3734.814022651933,4104.022099447514,4102.527099447514,777.1705069124432,777.6705069124432,3147.562211981567,3151.282311981567,4561.732718894009,4560.237718894009
2025-09-01 01:49:05.082000+00:00,spot_list,WLFIUSDT,Binance Will List  World Liberty Financial (WLFI) with Seed Tag Applied,560.9166666666674,560.4166666666674,-2591.656862745099,-2595.3769627450984,-3366.7794117647054,-3365.284411764705,464.77261613692013,464.27261613692013,-2625.0806845965767,-2628.8007845965767,-3389.1393643031774,-3387.644364303177,-1704.307692307692,-1704.807692307692,-3679.132867132867,-3682.852967132867,-4059.552447552447,-4058.057447552447,-799.5617553036907,-800.0617553036907,-3115.748910200523,-3119.469010200523,-4539.753560011624,-4538.2585600116245,True,460.0384846662662,459.5384846662662,-2729.979555021046,-2733.6996550210456,-3481.633193024654,-3480.1381930246534,378.0390039003909,377.5390039003909,-2760.274827482748,-2763.994927482748,-3501.348934893489,-3499.8539348934887,-1788.2430939226515,-1788.7430939226515,-3755.093922651933,-3758.8140226519326,-4128.022099447514,-4126.527099447513,-801.1705069124433,-801.6705069124433,-3171.5622119815666,-3175.2823119815666,-4585.732718894009,-4584.237718894009
2025-09-03 02:59:54.550000+00:00,delist,BAKEUSDT,"Binance Will Delist BAKE, HIFI, SLF on 2025-09-17",3010.9885057471265,3010.9885057471265,4079.9540229885056,4076.9625229885055,5344.32183908046,5347.33033908046,1765.476255088195,1765.476255088195,3068.0542740841256,3065.062774084125,4519.886024423337,4522.894524423337,1569.196581196581,1569.196581196581,3449.538461538462,3446.5469615384613,4204.524216524217,4207.532716524217,1218.5295950155748,1217.7706950155748,2916.3489096573203,2913.35740965732,3461.520249221184,3464.528749221184,True,2986.8465974625146,2986.8465974625146,4054.8973471741647,4051.905847174164,5317.8731257208765,5320.881625720877,1751.9077340569886,1751.9077340569886,3073.4816824966083,3070.490182496608,4507.674355495252,4510.682855495252,1569.196581196581,1569.196581196581,3439.5669515669524,3436.5754515669523,4201.675213675213,4204.683713675214,1216.6158631415233,1215.8569631415235,2913.349922239502,2910.358422239502,3481.0015552099526,3484.010055209953
2025-09-03 02:59:54.550000+00:00,delist,HIFIUSDT,"Binance Will Delist BAKE, HIFI, SLF on 2025-09-17",2766.332274748209,2766.832274748209,4091.0759459214228,4094.075945921423,3907.7894927864986,3917.3305927864985,1304.4121316412113,1304.9121316412113,3098.3463110346297,3101.34631103463,2767.0922779092266,2776.6333779092265,1442.2391914654695,1442.7391914654695,3021.127456485122,3024.6274564851224,2501.1948343627187,2511.235934362719,473.7537341533824,474.2537341533824,2341.4580143090243,2344.4580143090243,1481.6613530814623,1491.2024530814624,True,2750.1297474105045,2750.6297474105045,4083.039069598401,4086.039069598401,3896.777030710522,3906.318130710522,1294.9221660027986,1295.4221660027983,3090.5944665733664,3093.594466573367,2756.8664011196042,2766.407501119604,1432.2823476601939,1432.7823476601939,3023.5740096509935,3027.0740096509935,2498.3804286836494,2508.4215286836493,468.1303748276298,468.6303748276298,2352.2973548953237,2355.2973548953237,1484.8033095148546,1494.3444095148548
2025-09-11 11:37:53.797000+00:00,spot_list,PUMPUSDT,Binance Will List Pump.fun (PUMP) with Seed Tag Applied,-578.402814423923,-578.902814423923,709.1961301671054,706.1961301671055,4350.357080035182,4335.786480035182,-554.4570111682325,-554.9570111682325,766.2308101400458,763.230810140046,4380.838149264313,4366.267549264313,-713.4795474325498,-713.9795474325497,545.0060922541331,542.0060922541331,4155.101827676241,4139.293827676241,187.6641164396351,187.1641164396351,788.5224855383464,785.5224855383464,5169.9369285314415,5154.128928531441,False,,,,,,,,,,,,,,,,,,,,,,,,
2025-09-11 11:37:53.797000+00:00,spot_fade,PUMPUSDT,Binance Will List Pump.fun (PUMP) with Seed Tag Applied,554.402814423923,554.902814423923,-733.1961301671056,-730.1961301671056,-4374.357080035182,-4359.786480035182,530.4570111682325,530.9570111682325,-790.230810140046,-787.2308101400461,-4404.838149264313,-4390.267549264313,689.4795474325497,689.9795474325496,-569.0060922541331,-566.0060922541331,-4179.101827676241,-4163.293827676241,-211.6641164396351,-211.16411643963508,-812.5224855383465,-809.5224855383465,-5193.936928531441,-5178.128928531441,False,,,,,,,,,,,,,,,,,,,,,,,,
2025-09-15 03:47:01.934000+00:00,spot_fade,AVNTUSDT,Binance Will List Avantis (AVNT) with Seed Tag Applied,-5127.281878251089,-5157.20617825109,-2816.7237452551662,-2883.445145255166,-3455.811799990628,-3564.4206999906282,-4730.81402102704,-4760.73832102704,-2425.1565321146354,-2491.8779321146353,-3048.08816047187,-3156.6970604718704,-2345.1557032795326,-2360.7080032795325,13.741304406731171,-32.69809559326882,-286.75455440447274,-366.71465440447275,329.2521633850463,313.6998633850463,1210.7491094226561,1164.3097094226562,1124.058487066256,1044.098387066256,True,-5164.653828088302,-5194.578128088303,-2852.535462658524,-2919.256862658524,-3484.287458900891,-3592.8963589008913,-4801.545145960623,-4831.469445960623,-2494.462095496718,-2561.1834954967185,-3117.9063136456207,-3226.515213645621,-2349.5214679562496,-2365.0737679562494,10.597848684806634,-35.84155131519336,-294.9250655337612,-374.8851655337612,345.50290810391607,329.95060810391607,1217.158588600233,1170.719188600233,1127.2012407910045,1047.2411407910045
2025-09-15 03:47:01.934000+00:00,spot_list,AVNTUSDT,Binance Will List Avantis (AVNT) with Seed Tag Applied,5103.28187825109,5133.206178251091,2792.7237452551667,2859.4451452551666,3431.8117999906285,3540.4206999906287,4706.81402102704,4736.73832102704,2401.1565321146354,2467.8779321146353,3024.0881604718707,3132.697060471871,2321.155703279532,2336.7080032795325,-37.74130440673117,8.698095593268826,262.75455440447274,342.71465440447275,-353.2521633850463,-337.6998633850463,-1234.7491094226561,-1188.3097094226562,-1148.058487066256,-1068.098387066256,True,5140.653828088303,5170.578128088304,2828.5354626585245,2895.2568626585244,3460.2874589008916,3568.8963589008913,4777.545145960623,4807.4694459606235,2470.462095496718,2537.183495496718,3093.906313645621,3202.5152136456213,2325.5214679562496,2341.0737679562494,-34.59784868480663,11.841551315193364,270.9250655337612,350.8851655337612,-369.50290810391607,-353.95060810391607,-1241.1585886002333,-1194.7191886002333,-1151.2012407910047,-1071.2411407910047
2025-10-06 07:48:49.954000+00:00,spot_list,ASTERUSDT,Binance Will List Aster (ASTER) with Seed Tag Applied,340.5252525252509,338.5694525252509,14.76767676767611,10.311876767676107,-742.8080808080808,-755.913080808081,586.7993226948519,584.8435226948518,231.72723074554736,227.27143074554735,-578.9865052080659,-592.0915052080658,664.9080712021446,664.4080712021447,-351.91709339185604,-355.1166933918561,-1288.2740794928075,-1301.4095794928073,174.72907220515845,174.22907220515842,-36.37716347325813,-39.57676347325813,-1249.8723611720545,-1263.0078611720544,True,340.6142965395307,338.6584965395307,15.279616064663783,10.82381606466378,-740.4667845415516,-753.5717845415517,587.5585442225781,585.6027442225782,232.3406395975578,227.8848395975578,-570.4928905087005,-583.5978905087005,668.4979253112008,667.9979253112009,-343.9502074688807,-347.14980746888074,-1276.827922870393,-1289.963422870393,180.68292682927068,180.18292682927068,-27.609756097558765,-30.80935609755877,-1244.6829268292684,-1257.8184268292682
2025-10-06 07:48:49.954000+00:00,spot_fade,ASTERUSDT,Binance Will List Aster (ASTER) with Seed Tag Applied,-364.5252525252509,-362.5694525252509,-38.76767676767611,-34.311876767676104,718.8080808080807,731.9130808080807,-610.7993226948518,-608.8435226948518,-255.72723074554736,-251.27143074554735,554.9865052080659,568.0915052080658,-688.9080712021448,-688.4080712021448,327.91709339185604,331.1166933918561,1264.2740794928072,1277.4095794928073,-198.72907220515845,-198.22907220515842,12.377163473258136,15.576763473258135,1225.8723611720543,1239.0078611720542,True,-364.6142965395307,-362.6584965395307,-39.27961606466378,-34.823816064663774,716.4667845415515,729.5717845415516,-611.5585442225781,-609.6027442225782,-256.3406395975578,-251.8848395975578,546.4928905087005,559.5978905087005,-692.497925311201,-691.997925311201,319.9502074688807,323.14980746888074,1252.8279228703927,1265.9634228703928,-204.68292682927068,-204.18292682927066,3.60975609755877,6.80935609755877,1220.6829268292681,1233.8184268292682
2025-10-09 02:29:52.334000+00:00,monitoring,GPSUSDT,"Binance Will Extend the Monitoring Tag to Include WAN, Remove the Monitoring Tag for GPS & MBL, and Remove the Seed Tag for BERA, BIO, ZK & ZRO on 2025-10-09",1727.3976644130294,1727.2195644130293,1788.860479409957,1791.1823794099569,4560.833435771358,4563.702235771359,973.254691689007,973.076591689007,1107.3029490616623,1109.6248490616622,4096.57908847185,4099.44788847185,1348.1036269430056,1347.9255269430055,1412.870466321244,1415.192366321244,4282.041450777202,4284.910250777202,25.119524870081747,25.619524870081747,166.17371937639103,169.17371937639106,3440.1158129175947,3442.978812917595,True,1690.6526835286847,1690.4745835286847,1758.5120296113507,1760.8339296113506,4540.745219000617,4543.614019000617,942.3010752688174,942.1229752688174,1083.4301075268822,1085.7520075268824,4087.462365591399,4090.3311655913985,1355.4659753726503,1355.2878753726502,1407.3130265716136,1409.6349265716135,4271.8626053143225,4274.731405314323,32.51038575667754,33.01038575667754,166.04154302670682,169.04154302670685,3452.3916913946596,3455.25469139466
2025-10-09 02:29:52.334000+00:00,monitoring,MBLUSDT,"Binance Will Extend the Monitoring Tag to Include WAN, Remove the Monitoring Tag for GPS & MBL, and Remove the Seed Tag for BERA, BIO, ZK & ZRO on 2025-10-09",,,,,,,,,,,,,,,,,,,,,,,,,False,,,,,,,,,,,,,,,,,,,,,,,,
2025-10-09 02:29:52.334000+00:00,monitoring,ZROUSDT,"Binance Will Extend the Monitoring Tag to Include WAN, Remove the Monitoring Tag for GPS & MBL, and Remove the Seed Tag for BERA, BIO, ZK & ZRO on 2025-10-09",-113.31584478917155,-112.81584478917155,468.51456678017246,471.51456678017246,2731.094967839576,2731.0204678395753,-170.16628605261008,-169.66628605261005,463.3446671741501,466.3446671741502,2708.967605514674,2708.8931055146736,-122.51348852844755,-122.01348852844755,375.42751491722015,378.4275149172202,2637.3823010336996,2637.3078010336994,319.8168537918964,320.31685379189645,431.6746107934386,434.67461079343866,2665.4907133018914,2663.7240133018913,True,-115.07109802271785,-114.57109802271785,465.0719394194356,468.07193941943564,2729.6912074042903,2729.6167074042896,-167.714467058774,-167.214467058774,462.33673253501564,465.33673253501564,2703.2710193373678,2703.1965193373676,-121.68229954614328,-121.18229954614328,379.66246427971066,382.66246427971066,2638.025214321734,2637.950714321734,316.6012526096038,317.1012526096038,432.25887265135634,435.25887265135634,2661.9039665970777,2660.137266597078
2025-10-09 02:29:52.334000+00:00,monitoring,BERAUSDT,"Binance Will Extend the Monitoring Tag to Include WAN, Remove the Monitoring Tag for GPS & MBL, and Remove the Seed Tag for BERA, BIO, ZK & ZRO on 2025-10-09",-179.21192293711385,-178.71192293711383,166.1170483460559,169.11704834605592,3503.0854234823696,3477.8298234823696,-271.9780300256316,-271.47803002563154,105.17319663127057,108.17319663127057,3499.5342365433903,3474.2786365433903,-156.7701773434673,-156.27017734346728,82.10061527325264,85.10061527325264,3476.961273977561,3451.7056739775617,492.8335123523096,493.3335123523096,256.528464017187,259.528464017187,3421.58395989975,3391.83025989975,True,-179.33357584576058,-178.83357584576058,158.97126227719195,161.97126227719198,3502.0050927610046,3476.749492761005,-275.736263736265,-275.236263736265,105.2161172161168,108.2161172161168,3504.4835164835163,3479.2279164835168,-156.82259232440288,-156.32259232440285,78.51412020275151,81.51412020275151,3474.6039102099935,3449.3483102099935,489.6123253314231,490.1123253314231,253.13794338946516,256.1379433894652,3416.8785381583657,3387.124838158366
2025-10-09 02:29:52.334000+00:00,monitoring,ZKUSDT,"Binance Will Extend the Monitoring Tag to Include WAN, Remove the Monitoring Tag for GPS & MBL, and Remove the Seed Tag for BERA, BIO, ZK & ZRO on 2025-10-09",122.00035733428628,122.50035733428628,93.41361443630493,96.41361443630493,2810.9408611756303,2813.9233611756304,45.57466714645609,46.07466714645609,58.16912558474142,61.16912558474142,2798.363440086361,2801.345940086361,113.76356449874204,114.26356449874204,-89.25476104922801,-86.25476104922801,2853.612648221344,2856.595148221344,222.1197822141572,222.6197822141572,-237.0453720508161,-234.04537205081607,2770.2141560798555,2772.9874560798557,True,120.33190271816797,120.83190271816797,88.14306151645225,91.14306151645225,2804.523605150215,2807.5061051502153,43.81562837594478,44.31562837594478,54.61865322290295,57.61865322290295,2793.1854519265385,2796.1679519265385,113.83138594283616,114.33138594283616,-91.09401402121263,-88.09401402121263,2851.5628258134107,2854.5453258134107,224.10606610969808,224.6060661096981,-239.025063567019,-236.025063567019,2764.970577551762,2767.743877551762
2025-10-09 02:29:52.334000+00:00,monitoring,BIOUSDT,"Binance Will Extend the Monitoring Tag to Include WAN, Remove the Monitoring Tag for GPS & MBL, and Remove the Seed Tag for BERA, BIO, ZK & ZRO on 2025-10-09",301.4598724108051,301.30597241080505,1015.0142553359062,1014.5319553359062,3432.12065842325,3392.16915842325,187.57064482786004,187.41674482786001,973.1315894092394,972.6492894092394,3390.242188121173,3350.290688121173,293.05774591796154,292.9038459179615,805.2043010752683,804.7220010752683,3346.024691358024,3306.073191358024,277.80788016932604,276.88618016932605,711.7056333441882,711.2724333441882,3138.4395962227286,3094.9780962227287,True,300.72154391492666,300.5676439149267,1011.2374950768019,1010.7551950768019,3436.601811736906,3396.6503117369057,190.71881707607963,190.56491707607964,972.9749582637734,972.4926582637735,3391.2911996184125,3351.3396996184124,292.26125049780927,292.10735049780925,812.3727598566308,811.8904598566309,3348.4141776184783,3308.462677618478,277.85507246376716,276.93337246376717,710.1950822341638,709.7618822341637,3139.766813222602,3096.305313222602
2025-10-29 03:00:04.123000+00:00,delist,PERPUSDT,"Binance Will Delist FLM, KDA, PERP on 2025-11-12",1135.4654377880188,1124.0884377880188,1296.755760368664,1277.4408603686638,1301.3640552995396,1284.1350552995395,921.5288367546434,910.1518367546433,809.1143695014666,789.7994695014667,716.250244379276,699.0212443792759,273.1218247796772,265.37352477967715,309.4100570243639,301.97215702436387,242.01762571280352,236.66562571280352,-291.2696025778718,-299.01790257787184,-1027.037593984962,-1034.475493984962,79.2996777658437,73.9476777658437,True,1152.2890013805795,1140.9120013805793,1308.7547169811317,1289.4398169811316,1313.3566497929125,1296.1276497929125,967.0550414028253,955.6780414028253,835.5401850949826,816.2252850949826,747.8636142230885,730.6346142230885,257.7095435684649,249.96124356846488,283.643153526971,276.205253526971,242.1493775933601,236.7973775933601,-290.96995708154515,-298.7182570815452,-1020.5836909871238,-1028.0215909871238,89.93133047210368,84.57933047210368
2025-10-29 03:00:04.123000+00:00,delist,KDAUSDT,"Binance Will Delist FLM, KDA, PERP on 2025-11-12",3795.4781225139222,3795.9781225139222,2735.8122513922035,2733.2828513922036,2244.165473349245,2243.4520733492454,3573.2651635439815,3573.7651635439815,2739.667195935217,2737.137795935217,2274.4401397268975,2273.7267397268974,3314.36991804596,3315.74921804596,2737.477743853447,2734.948343853447,2232.8979591836737,2232.1845591836736,-1807.5304392499372,-1806.1511392499372,-2937.7641921397367,-2940.2935921397366,-1966.7906498844081,-1967.5040498844082,False,,,,,,,,,,,,,,,,,,,,,,,,
2025-10-29 03:00:04.123000+00:00,delist,FLMUSDT,"Binance Will Delist FLM, KDA, PERP on 2025-11-12",-56.05286343612369,-55.55286343612369,1617.9559471365642,1620.7592471365642,-1113.3215859030834,-1148.3102859030835,-101.28571428571396,-100.78571428571396,1461.214285714286,1464.0175857142858,-1262.0,-1296.9886999999999,1421.962264150943,1422.462264150943,3082.339622641509,3085.142922641509,629.509433962264,605.3525339622639,-1103.7030567685583,-1103.2030567685583,-2239.07423580786,-2236.27093580786,-492.34934497816596,-516.5062449781659,True,-86.8568912373404,-86.3568912373404,1582.0114487010137,1584.8147487010137,-1099.6265962131226,-1134.6152962131227,-132.42818911685904,-131.92818911685904,1433.1382694023196,1435.9415694023194,-1278.726137377343,-1313.714837377343,1396.6102719033233,1397.110271903323,3092.229607250756,3095.032907250756,614.8882175226598,590.7313175226598,-1052.0348128807657,-1051.534812880766,-2166.046997389034,-2163.2436973890344,-481.97389033942574,-506.1307903394257
2025-10-31 08:09:28.970000+00:00,spot_list,KITEUSDT,"Introducing Kite (KITE) on Binance Launchpool! Farm KITE by Locking BNB, FDUSD and USDC",-651.0051711401135,-651.5051711401135,-957.5799064269888,-960.5799064269887,-3193.4823934991387,-3202.4823934991387,31.633478778262184,31.133478778262184,-363.7122834853903,-366.7122834853903,-1748.0835647229933,-1757.0835647229935,58.372976776917895,57.8729767769179,431.34975369458186,428.34975369458186,-2519.389162561577,-2528.3891625615775,-618.239349849258,-618.739349849258,-737.5210381439248,-740.5210381439248,-4102.313278280246,-4111.313278280247,True,-629.8771638021319,-630.3771638021319,-929.2672950163253,-932.2672950163252,-3179.005482658781,-3188.005482658781,16.351025252193462,15.851025252193464,-371.99208808597524,-374.9920880859753,-1745.3684973956622,-1754.3684973956622,23.043453882814827,22.543453882814827,409.923184749089,406.92318474908893,-2520.4104289318752,-2529.4104289318752,-614.0307893874876,-614.5307893874876,-748.9800196528009,-751.9800196528009,-4068.993121519817,-4077.993121519817
2025-10-31 08:09:28.970000+00:00,spot_fade,KITEUSDT,"Introducing Kite (KITE) on Binance Launchpool! Farm KITE by Locking BNB, FDUSD and USDC",627.0051711401134,627.5051711401134,933.5799064269887,936.5799064269886,3169.482393499139,3178.482393499139,-55.63347877826218,-55.13347877826218,339.7122834853903,342.71228348539034,1724.0835647229933,1733.0835647229933,-82.3729767769179,-81.8729767769179,-455.34975369458186,-452.3497536945818,2495.3891625615775,2504.389162561577,594.239349849258,594.739349849258,713.5210381439247,716.5210381439247,4078.313278280247,4087.313278280247,True,605.8771638021319,606.3771638021319,905.2672950163251,908.2672950163251,3155.0054826587816,3164.0054826587816,-40.35102525219346,-39.85102525219346,347.9920880859753,350.9920880859753,1721.368497395662,1730.368497395662,-47.04345388281482,-46.54345388281482,-433.923184749089,-430.92318474908893,2496.4104289318752,2505.4104289318752,590.0307893874876,590.5307893874876,724.9800196528008,727.9800196528008,4044.9931215198176,4053.9931215198176
2025-11-13 10:00:26.501000+00:00,spot_list,METUSDT,Binance Will List Lorenzo Protocol (BANK) and Meteora (MET) with Seed Tag Applied,-247.43495610534703,-247.93495610534706,-323.25299281723915,-315.6019928172392,-1478.480446927374,-1468.225746927374,-663.9654841802492,-664.4654841802492,-656.2953020134224,-648.6443020134224,-1751.2138063278994,-1740.9591063278995,-710.2028506506922,-710.7028506506921,41.7079115885164,49.358911588516406,-1205.9681883908272,-1195.7134883908273,-1952.2398270100264,-1951.5957270100264,-1187.5455081580503,-1178.5612081580502,-1820.5315510123846,-1810.2768510123847,True,-223.8728762742339,-224.3728762742339,-307.82250649610177,-300.17150649610176,-1459.1317209674185,-1448.8770209674185,-665.6323557600166,-666.1323557600166,-663.7155453325674,-656.0645453325674,-1754.3806785508923,-1744.1259785508923,-695.8842975206605,-696.3842975206605,41.71900826446341,49.370008264463415,-1206.2148760330574,-1195.9601760330575,-1940.0660377358495,-1939.4219377358495,-1197.1415094339625,-1188.1572094339624,-1818.2106918238997,-1807.9559918238997
2025-11-13 10:00:26.501000+00:00,spot_fade,BANKUSDT,Binance Will List Lorenzo Protocol (BANK) and Meteora (MET) with Seed Tag Applied,4410.4620303757,4390.7575303757,6349.577404742873,6332.372904742873,6456.824940047962,6446.218040047962,4647.953298307064,4628.248798307063,6039.517805020432,6022.313305020432,6087.678925861063,6077.072025861064,3672.5637583892612,3652.859258389261,3922.0044742729297,3904.79997427293,4084.196868008948,4073.5899680089483,2961.1725326113715,2961.6725326113715,3633.0898350972197,3636.0898350972197,3386.9662810730983,3396.563881073098,True,4356.342995820412,4336.638495820413,6315.356073884321,6298.151573884321,6417.823378724552,6407.216478724552,4644.042108341253,4624.337608341253,6039.611959938592,6022.407459938592,6087.130053366475,6076.5231533664755,3717.490022172949,3697.7855221729487,3980.2394678492237,3963.034967849224,4136.558758314856,4125.9518583148565,2945.711749476021,2946.211749476021,3627.5019109850828,3630.5019109850828,3380.9231907286407,3390.5207907286403
2025-11-13 10:00:26.501000+00:00,spot_list,BANKUSDT,Binance Will List Lorenzo Protocol (BANK) and Meteora (MET) with Seed Tag Applied,-4434.4620303757,-4414.757530375699,-6373.577404742873,-6356.372904742873,-6480.824940047961,-6470.218040047961,-4671.953298307063,-4652.248798307063,-6063.517805020432,-6046.313305020432,-6111.678925861062,-6101.072025861063,-3696.563758389261,-3676.8592583892605,-3946.0044742729297,-3928.7999742729294,-4108.196868008948,-4097.589968008948,-2985.172532611371,-2985.672532611371,-3657.0898350972193,-3660.0898350972193,-3410.966281073098,-3420.5638810730975,True,-4380.342995820412,-4360.638495820412,-6339.35607388432,-6322.15157388432,-6441.823378724552,-6431.216478724552,-4668.042108341253,-4648.337608341252,-6063.611959938592,-6046.407459938592,-6111.130053366474,-6100.523153366475,-3741.4900221729486,-3721.7855221729483,-4004.2394678492233,-3987.0349678492234,-4160.558758314856,-4149.9518583148565,-2969.7117494760205,-2970.2117494760205,-3651.5019109850823,-3654.5019109850823,-3404.9231907286403,-3414.52079072864
2025-11-13 10:00:26.501000+00:00,spot_fade,METUSDT,Binance Will List Lorenzo Protocol (BANK) and Meteora (MET) with Seed Tag Applied,223.43495610534703,223.93495610534706,299.25299281723915,291.60199281723914,1454.480446927374,1444.2257469273738,639.9654841802491,640.4654841802491,632.2953020134223,624.6443020134222,1727.2138063278994,1716.9591063278995,686.2028506506921,686.702850650692,-65.7079115885164,-73.3589115885164,1181.968188390827,1171.713488390827,1928.2398270100261,1927.5957270100264,1163.54550815805,1154.56120815805,1796.5315510123844,1786.2768510123844,True,199.8728762742339,200.37287627423393,283.82250649610177,276.17150649610176,1435.1317209674182,1424.8770209674183,641.6323557600165,642.1323557600165,639.7155453325673,632.0645453325673,1730.380678550892,1720.1259785508921,671.8842975206604,672.3842975206603,-65.71900826446341,-73.37000826446341,1182.2148760330572,1171.9601760330572,1916.0660377358492,1915.4219377358495,1173.1415094339623,1164.1572094339622,1794.2106918238994,1783.9559918238995
2025-12-01 04:30:24.832000+00:00,monitoring,GHSTUSDT,"Binance Will Extend the Monitoring Tag to Include CHESS, DENT, DF, GHST & SXP on 2025-12-01",292.347826086957,292.847826086957,940.173913043478,942.718313043478,979.3043478260873,987.8487478260873,395.80911062906824,396.30911062906824,955.4620390455534,958.0064390455534,985.8308026030379,994.3752026030379,93.94196222938668,94.44196222938668,259.7641639797319,262.30856397973196,407.16167664670655,415.70607664670655,-508.02246139447857,-507.9780613944786,390.43331773514245,392.9777177351425,165.81937295273775,174.36377295273778,False,,,,,,,,,,,,,,,,,,,,,,,,
2025-12-01 04:30:24.832000+00:00,monitoring,SXPUSDT,"Binance Will Extend the Monitoring Tag to Include CHESS, DENT, DF, GHST & SXP on 2025-12-01",838.722311396469,839.722311396469,1817.8555377207058,1820.8555377207058,983.184590690209,837.5758906902089,638.4065040650397,639.4065040650397,1727.8373983739834,1730.8373983739832,833.528455284552,687.919755284552,422.7826086956519,423.7826086956519,1855.9549114331717,1858.9549114331717,889.7713365539447,744.1626365539447,-699.8306878306884,-699.8306878306884,1645.848324514991,1648.848324514991,-2798.5961199294516,-3079.157219929452,True,821.0663248958668,822.066324895867,1828.7561678949057,1831.7561678949057,923.5975648830505,777.9888648830505,615.533646829902,616.5336468299021,1744.1212907410406,1747.1212907410404,776.0655099724343,630.4568099724341,395.7356970185331,396.73569701853313,1868.7413376309423,1871.741337630942,785.743755036262,640.135055036262,-658.9760900140643,-658.9760900140643,1659.9409282700415,1662.9409282700415,-2867.133614627285,-3147.6947146272855
2025-12-01 04:30:24.832000+00:00,monitoring,CHESSUSDT,"Binance Will Extend the Monitoring Tag to Include CHESS, DENT, DF, GHST & SXP on 2025-12-01",220.62492820218196,221.12492820218196,1645.0936243538192,1647.5483243538192,1119.533601378517,1126.4443013785171,-277.4600301659116,-276.9600301659116,1264.01809954751,1266.47279954751,690.8657616892907,697.7764616892907,46.63383172090231,47.13383172090231,1562.3183817062445,1564.7730817062445,838.1905599530922,845.1012599530923,-4743.277533039651,-4742.777533039651,1958.631424375917,1960.216124375917,813.25697503671,820.16767503671,False,,,,,,,,,,,,,,,,,,,,,,,,
2025-12-01 04:30:24.832000+00:00,monitoring,DENTUSDT,"Binance Will Extend the Monitoring Tag to Include CHESS, DENT, DF, GHST & SXP on 2025-12-01",1001.0718954248363,1000.4155954248363,1327.8692810457524,1329.2129810457523,2242.9019607843147,2241.6142607843144,467.45205479452136,466.7957547945214,878.4109589041086,879.7546589041086,1871.5616438356171,1870.2739438356173,762.4107744107753,761.7544744107753,1132.781144781145,1134.124844781145,2008.202020202021,2006.914320202021,-121.09090909090757,-121.09090909090757,787.9999999999995,787.1596999999996,1151.6363636363644,1149.5023636363644,True,1033.943304007819,1033.2870040078192,1323.9400456174642,1325.283745617464,2275.3900293255124,2274.102329325512,482.88054607508604,482.22424607508606,916.3276450511945,917.6713450511945,1899.262798634813,1897.9750986348129,776.3260650788314,775.6697650788315,1185.5847031197584,1186.9284031197583,2017.520295202951,2016.2325952029512,-51.85507246376807,-51.85507246376807,788.7246376811594,787.8843376811594,1161.9130434782596,1159.7790434782596
2025-12-01 04:30:24.832000+00:00,monitoring,DFUSDT,"Binance Will Extend the Monitoring Tag to Include CHESS, DENT, DF, GHST & SXP on 2025-12-01",198.60275962236696,199.102759622367,430.9920116194619,433.9920116194619,-164.50544662309463,-155.50544662309463,361.0272596843609,361.5272596843609,540.3672883787656,543.3672883787656,-69.38880918221057,-60.388809182210565,272.6715328467153,273.1715328467153,389.4598540145986,392.45985401459865,-230.97810218978185,-221.97810218978185,-205.30855018587334,-204.80855018587332,315.1375464684012,318.13754646840124,-562.1858736059484,-553.1858736059484,False,,,,,,,,,,,,,,,,,,,,,,,,
2025-12-03 06:29:56.380000+00:00,delist,REIUSDT,"Binance Will Delist FIS, REI, VOXEL on 2025-12-17",738.853242320818,739.3532423208179,1057.3970420932874,1060.3970420932874,2138.1706484641636,2145.4650484641634,401.71158392435103,402.21158392435103,744.5011820330968,747.5011820330968,1831.9716312056742,1839.2660312056742,315.6699029126229,316.1699029126229,631.2038834951469,634.2038834951469,1614.2135922330112,1621.507992233011,-36.60024600245969,-36.100246002459684,590.7060270602702,593.7060270602702,1722.3173431734315,1729.6117431734315,False,,,,,,,,,,,,,,,,,,,,,,,,
2025-12-03 06:29:56.380000+00:00,delist,FISUSDT,"Binance Will Delist FIS, REI, VOXEL on 2025-12-17",1393.085488820692,1393.585488820692,226.9302937308202,229.9302937308202,2149.332748794389,2158.332748794389,351.1901840490803,351.69018404908036,-922.4294478527609,-919.429447852761,1227.263803680981,1236.263803680981,255.24975704567666,255.7497570456767,-592.6608357628762,-589.6608357628762,1302.3828960155502,1311.3828960155502,-819.358201328563,-818.858201328563,-1046.747061829331,-1043.747061829331,1045.7414409810924,1054.7414409810924,False,,,,,,,,,,,,,,,,,,,,,,,,
2025-12-03 06:29:56.380000+00:00,delist,VOXELUSDT,"Binance Will Delist FIS, REI, VOXEL on 2025-12-17",580.7405927405927,581.2405927405927,-641.370629370627,-638.3706293706271,870.4508824508824,904.1521824508825,-75.89776357827559,-75.39776357827559,-1343.2034078807235,-1340.2034078807235,257.79055733049375,291.4918573304937,-459.8707782672542,-459.3707782672542,-1495.1130690161533,-1492.1130690161533,-34.02643171806295,-0.3251317180629496,-1197.7846586910625,-1197.2846586910628,-1134.4489795918369,-1131.448979591837,920.4419422941587,956.4137422941587,False,,,,,,,,,,,,,,,,,,,,,,,,
2026-01-02 10:59:57.739000+00:00,monitoring,FLOWUSDT,"Binance Will Extend the Monitoring Tag to Include ACA, D, DATA & FLOW on 2026-01-02",-11.999999999999998,-23.3396,-1262.0,-1339.643,-1262.0,-1391.613,112.99999999999956,101.66039999999956,-1386.9999999999995,-1464.6429999999996,-1136.9999999999982,-1266.6129999999985,-140.20512820512775,-145.74462820512773,-1678.6666666666674,-1750.6345666666675,-1550.4615384615374,-1675.5310384615375,-391.74683544303775,-410.86203544303777,-2290.481012658229,-2372.088512658229,-1277.8227848101267,-1399.0111848101267,True,125.08178438661677,113.74218438661678,-1357.2602230483258,-1434.9032230483258,-829.843866171002,-959.4568661710019,240.47867189301388,229.1390718930139,-1291.6864191837676,-1369.3294191837676,-749.8372146645141,-879.4502146645141,-79.04980842912045,-84.58930842912044,-1875.0268199233724,-1946.9947199233725,-1173.3984674329504,-1298.4679674329502,-558.377153646449,-577.492353646449,-2425.264101958934,-2506.871601958934,-838.0561718196847,-959.2445718196848
2026-01-07 10:39:06.580000+00:00,spot_list,ZKPUSDT,Binance Will List 币安人生 (币安人生) and zkPass (ZKP) with Seed Tag Applied,3380.385170369312,3472.7810703693126,2396.0291449389233,3109.8210449389235,1151.6545467533388,2236.0130467533386,2408.6482916638583,2501.0441916638583,1707.118538985107,2420.9104389851072,523.7503874924197,1608.1088874924196,1089.8384131591663,1182.2343131591663,776.5824866956947,1515.9430866956948,-555.6623125302365,535.4690874697635,47.286407243721584,337.70340724372153,-982.1412094427087,-287.79410944270876,-1812.1509108548032,-795.9449108548033,True,4337.012567324952,4429.408467324953,2645.809694793536,3359.6015947935366,1262.685816876122,2347.044316876122,3257.1141798585368,3349.510079858537,1884.261367463794,2598.053267463794,566.6460087571577,1651.0045087571575,1000.776931192123,1093.172831192123,595.1972805063886,1334.5578805063888,-803.2319774938449,287.89942250615513,-334.6622161533399,-44.245216153339896,-1498.8760430890604,-804.5289430890605,-2283.2790168411457,-1267.073016841146
2026-01-07 10:39:06.580000+00:00,spot_fade,ZKPUSDT,Binance Will List 币安人生 (币安人生) and zkPass (ZKP) with Seed Tag Applied,-3404.3851703693117,-3496.781070369312,-2420.0291449389238,-3133.8210449389235,-1175.6545467533388,-2260.013046753339,-2432.6482916638583,-2525.0441916638583,-1731.1185389851073,-2444.9104389851072,-547.7503874924197,-1632.1088874924196,-1113.8384131591663,-1206.2343131591665,-800.5824866956948,-1539.9430866956948,531.6623125302365,-559.4690874697635,-71.28640724372158,-361.70340724372153,958.1412094427086,263.79410944270865,1788.150910854803,771.9449108548032,True,-4361.012567324952,-4453.408467324953,-2669.8096947935355,-3383.601594793536,-1286.6858168761223,-2371.044316876122,-3281.1141798585363,-3373.5100798585368,-1908.2613674637942,-2622.0532674637943,-590.6460087571577,-1675.0045087571577,-1024.7769311921231,-1117.172831192123,-619.1972805063886,-1358.5578805063885,779.2319774938447,-311.89942250615525,310.6622161533399,20.2452161533399,1474.8760430890604,780.5289430890604,2259.2790168411457,1243.0730168411458
2026-01-12 12:50:53.294000+00:00,spot_fade,FOGOUSDT,Binance Will List Fogo (FOGO) with Seed Tag Applied,539.9641969169564,540.4641969169564,1033.9141389027027,1036.9141389027025,2489.2431626056687,2498.2431626056687,370.0682628629635,370.5682628629635,828.5501782985225,831.5501782985224,2431.538801154695,2440.5388011546956,-46.62099125364437,-46.12099125364437,199.37026239067103,202.37026239067106,1332.7521865889212,1341.7521865889212,481.37517433751697,481.875174337517,936.3960948396096,939.3960948396096,1115.9637377963747,1089.6776377963747,True,577.4006934125795,577.9006934125795,1042.977711738484,1045.9777117384838,2413.293049364372,2422.293049364372,422.4885883347427,422.9885883347427,818.092983939139,821.092983939139,2365.0076077768385,2374.007607776839,-15.623188405796894,-15.123188405796895,209.01449275362285,212.01449275362285,1288.7246376811586,1297.7246376811588,463.8584626111206,464.3584626111207,883.9386438905348,886.9386438905346,1122.7394108419028,1096.4533108419027
2026-01-12 12:50:53.294000+00:00,spot_list,FOGOUSDT,Binance Will List Fogo (FOGO) with Seed Tag Applied,-563.9641969169564,-564.4641969169564,-1057.9141389027027,-1060.9141389027027,-2513.243162605668,-2522.2431626056687,-394.0682628629635,-394.5682628629635,-852.5501782985226,-855.5501782985225,-2455.5388011546956,-2464.5388011546956,22.620991253644377,22.120991253644377,-223.37026239067103,-226.37026239067103,-1356.7521865889212,-1365.7521865889214,-505.37517433751697,-505.875174337517,-960.3960948396098,-963.3960948396098,-1139.9637377963747,-1113.6776377963747,True,-601.4006934125795,-601.9006934125795,-1066.977711738484,-1069.977711738484,-2437.293049364372,-2446.293049364372,-446.4885883347427,-446.9885883347427,-842.0929839391391,-845.0929839391391,-2389.007607776839,-2398.007607776839,-8.376811594203103,-8.876811594203105,-233.01449275362285,-236.01449275362285,-1312.7246376811588,-1321.724637681159,-487.8584626111206,-488.3584626111207,-907.9386438905349,-910.9386438905348,-1146.739410841903,-1120.453310841903
2026-01-22 05:25:54.238000+00:00,spot_list,SENTUSDT,Binance Will List Sentient (SENT) with Seed Tag Applied,-907.7280661460732,-908.2280661460732,2932.41892512632,2934.2493251263204,2615.4689940284793,2609.8567940284793,-682.1520912547521,-682.6520912547521,3443.323193916349,3445.153593916349,3243.7034220532337,3238.0912220532337,711.5142118863068,711.014211886307,4484.124031007751,4485.954431007752,3817.457364341085,3811.845164341085,3336.4162895927598,3335.9162895927598,3155.420814479638,3169.8446144796385,3331.388637506284,3325.586237506284,True,-879.8213309024608,-880.3213309024608,2845.7939835916122,2847.6243835916125,2506.687329079308,2501.075129079308,-690.6716557530405,-691.1716557530403,3247.5884003741808,3249.418800374181,3024.4826941066417,3018.8704941066417,670.7021494370532,670.2021494370533,4367.73387922211,4369.56427922211,3653.301944728763,3647.6897447287633,3252.093473810357,3251.593473810357,3062.3496280021977,3076.773428002198,3236.614370599692,3230.811970599692
2026-01-22 05:25:54.238000+00:00,spot_fade,SENTUSDT,Binance Will List Sentient (SENT) with Seed Tag Applied,883.728066146073,884.228066146073,-2956.4189251263197,-2958.24932512632,-2639.468994028479,-2633.8567940284793,658.152091254752,658.6520912547519,-3467.3231939163484,-3469.1535939163487,-3267.703422053233,-3262.091222053233,-735.514211886307,-735.0142118863071,-4508.124031007751,-4509.954431007751,-3841.4573643410845,-3835.8451643410845,-3360.4162895927593,-3359.9162895927593,-3179.4208144796376,-3193.844614479638,-3355.3886375062834,-3349.5862375062834,True,855.8213309024607,856.3213309024605,-2869.793983591612,-2871.624383591612,-2530.6873290793073,-2525.0751290793078,666.6716557530402,667.1716557530402,-3271.5884003741803,-3273.4188003741806,-3048.4826941066412,-3042.8704941066417,-694.7021494370534,-694.2021494370534,-4391.73387922211,-4393.56427922211,-3677.3019447287625,-3671.689744728763,-3276.0934738103565,-3275.5934738103565,-3086.3496280021973,-3100.7734280021978,-3260.6143705996915,-3254.8119705996914
2026-02-02 04:28:43.224000+00:00,spot_list,ZAMAUSDT,Binance Will List Zama (ZAMA) with Seed Tag Applied,-658.5517241379305,-659.0517241379304,-2835.275862068964,-2831.9428620689646,-4408.55172413793,-4355.641824137931,-473.538461538461,-474.03846153846104,-2561.4505494505493,-2558.117549450549,-4275.736263736263,-4222.8263637362625,-149.93103448275778,-150.43103448275778,-2379.816091954023,-2376.4830919540227,-4195.908045977011,-4142.9981459770115,-1067.0458715596335,-1067.5458715596333,-2764.2935779816503,-2760.96057798165,-4163.376146788991,-4110.466246788991,True,-577.9574468085116,-578.4574468085116,-2916.255319148936,-2912.9223191489364,-4460.936170212766,-4408.026270212766,-389.5222390974175,-390.0222390974176,-2652.486005641137,-2649.153005641137,-4342.657409416358,-4289.747509416358,-78.02914389799652,-78.52914389799652,-2434.5865209471776,-2431.2535209471775,-4251.526411657559,-4198.616511657559,-1157.0554424077852,-1157.5554424077852,-2858.7979180810144,-2855.4649180810143,-4230.148902466622,-4177.239002466622
2026-02-02 04:28:43.224000+00:00,spot_fade,ZAMAUSDT,Binance Will List Zama (ZAMA) with Seed Tag Applied,634.5517241379304,635.0517241379303,2811.2758620689647,2807.942862068965,4384.55172413793,4331.641824137931,449.53846153846104,450.03846153846104,2537.4505494505493,2534.1175494505496,4251.736263736263,4198.826363736263,125.9310344827578,126.43103448275778,2355.8160919540223,2352.4830919540223,4171.908045977012,4118.9981459770115,1043.0458715596333,1043.5458715596333,2740.2935779816507,2736.9605779816507,4139.376146788991,4086.466246788991,True,553.9574468085116,554.4574468085116,2892.2553191489365,2888.922319148937,4436.936170212766,4384.026270212767,365.5222390974176,366.0222390974176,2628.4860056411376,2625.1530056411375,4318.657409416359,4265.747509416359,54.029143897996526,54.529143897996526,2410.5865209471776,2407.2535209471775,4227.526411657559,4174.616511657559,1133.0554424077852,1133.555442407785,2834.7979180810144,2831.4649180810147,4206.1489024666225,4153.239002466622
2026-02-02 08:59:52.762000+00:00,delist,GHSTUSDT,"Binance Will Delist ACA, CHESS, DATA, DF, GHST, NKN on 2026-02-13",1923.9331476323127,1924.4331476323125,2146.7743732590525,2149.7743732590525,2745.66016713092,2772.84336713092,1000.5588697017273,1001.0588697017273,1071.2025117739406,1074.2025117739406,1777.638932496076,1804.822132496076,-396.6153846153855,-396.11538461538544,-101.44543828264706,-98.44543828264706,533.61717352415,560.80037352415,188.8733624454162,189.37336244541623,-90.60262008733577,-87.60262008733577,896.2969432314413,927.5647432314413,False,,,,,,,,,,,,,,,,,,,,,,,,
2026-02-02 08:59:52.762000+00:00,delist,NKNUSDT,"Binance Will Delist ACA, CHESS, DATA, DF, GHST, NKN on 2026-02-13",1577.7435897435885,1578.2435897435885,972.6153846153849,975.7687846153848,2613.641025641026,2650.193025641026,1016.1385281385279,1016.6385281385279,648.1731601731597,651.3265601731597,1806.1818181818187,1842.7338181818186,-170.73015873015817,-170.23015873015814,-402.72039072039155,-399.5669907203916,903.7509157509146,940.3029157509146,-231.78021978022122,-231.28021978022122,-134.10012210012388,-130.94672210012388,915.9609279609268,962.2773279609269,False,,,,,,,,,,,,,,,,,,,,,,,,
2026-02-02 08:59:52.762000+00:00,delist,DFUSDT,"Binance Will Delist ACA, CHESS, DATA, DF, GHST, NKN on 2026-02-13",1844.2231759656643,1844.7231759656643,2917.184549356223,2920.184549356223,4526.626609442061,4564.7146094420605,-365.7414965986385,-365.2414965986385,913.1700680272112,916.1700680272111,3022.0136054421764,3060.1016054421766,-321.1397849462352,-320.6397849462352,901.9784946236562,904.978494623656,2918.1075268817212,2956.1955268817214,966.835978835979,967.335978835979,1760.486772486772,1763.486772486772,2924.5079365079364,2962.595936507936,False,,,,,,,,,,,,,,,,,,,,,,,,
2026-02-02 08:59:52.762000+00:00,delist,CHESSUSDT,"Binance Will Delist ACA, CHESS, DATA, DF, GHST, NKN on 2026-02-13",1217.5081967213105,1218.0081967213105,-1914.5021570319245,-1911.5021570319245,-1582.3192407247625,-1437.2183407247624,1267.9657534246578,1268.4657534246576,-2079.636986301371,-2076.636986301371,-1608.7465753424672,-1463.645675342467,875.9781420765031,876.478142076503,-2439.140255009106,-2436.140255009106,-2489.231329690346,-2344.130429690346,811.5294117647062,812.0294117647062,-3874.745098039215,-3868.7186980392153,-3472.7843137254886,-3296.2864137254887,False,,,,,,,,,,,,,,,,,,,,,,,,
2026-02-12 07:28:23.176000+00:00,spot_fade,ESPUSDT,Binance Will List Espresso (ESP) with Seed Tag Applied,806.6577820085671,807.1577820085671,2623.649690623513,2444.852190623513,2810.465492622561,2205.799092622561,740.5325615050648,741.0325615050648,2522.97346840328,2344.17596840328,2636.3357452966707,2031.6693452966706,1459.3276667065722,1459.827666706572,2686.431701185202,2436.3497011852023,2839.6700586615584,2228.9159586615588,-424.39787316820207,-423.89787316820207,2520.7454286084817,2270.663428608482,2650.430294384646,2039.676194384646,True,834.3541666666673,834.8541666666673,2737.7632575757584,2558.9657575757583,2827.7253787878785,2223.0589787878785,761.8524393174716,762.3524393174716,2631.595289593849,2452.797789593849,2650.82143715453,2046.15503715453,1490.0796197266784,1490.5796197266782,2791.3273915626855,2541.245391562686,2870.9471182412362,2260.193018241236,-376.13113904366855,-375.63113904366855,2530.4387715433463,2280.356771543346,2632.810159388365,2022.0560593883647
2026-02-12 07:28:23.176000+00:00,spot_list,ESPUSDT,Binance Will List Espresso (ESP) with Seed Tag Applied,-830.6577820085673,-831.1577820085672,-2647.6496906235125,-2468.8521906235123,-2834.4654926225608,-2229.7990926225607,-764.5325615050649,-765.0325615050649,-2546.9734684032796,-2368.1759684032795,-2660.33574529667,-2055.66934529667,-1483.3276667065722,-1483.8276667065722,-2710.4317011852017,-2460.349701185202,-2863.6700586615584,-2252.9159586615583,400.39787316820207,399.89787316820207,-2544.7454286084812,-2294.6634286084814,-2674.4302943846455,-2063.6761943846454,True,-858.3541666666674,-858.8541666666674,-2761.763257575758,-2582.9657575757583,-2851.725378787878,-2247.058978787878,-785.8524393174717,-786.3524393174717,-2655.5952895938485,-2476.7977895938484,-2674.8214371545296,-2070.1550371545295,-1514.0796197266784,-1514.5796197266784,-2815.327391562685,-2565.2453915626857,-2894.947118241236,-2284.1930182412357,352.13113904366855,351.63113904366855,-2554.438771543346,-2304.356771543346,-2656.8101593883644,-2046.0560593883642
2026-03-02 12:45:51.819000+00:00,spot_fade,OPNUSDT,"Introducing Opinion (OPN) on Binance Launchpool! Farm OPN by Locking BNB, USDC, U, and USD1",-142.46544428772845,-141.96544428772845,991.1734837799733,994.1734837799731,1870.933709449931,1879.933709449931,-708.2025316455689,-707.702531645569,477.5755770662691,480.5755770662691,1453.0037230081903,1462.0037230081903,-1769.1949736522074,-1768.6949736522076,-354.52128090798584,-351.52128090798584,1402.6736927442237,1411.673692744224,-110.00490024501008,-109.50490024501008,1265.56387819391,1268.56387819391,3262.413720686035,3271.413720686035,True,-163.5151515151514,-163.01515151515136,974.6102889358696,977.6102889358696,1755.0894996476393,1764.0894996476395,-715.5455726749597,-715.0455726749597,518.907740857619,521.907740857619,1395.0911453499157,1404.091145349916,-1678.6666666666652,-1678.1666666666654,-287.10040160642734,-284.10040160642734,1469.9277108433726,1478.9277108433726,-113.32774283717838,-112.82774283717838,1261.5849056603777,1264.5849056603774,3267.1754018169117,3276.175401816912
2026-03-02 12:45:51.819000+00:00,spot_list,OPNUSDT,"Introducing Opinion (OPN) on Binance Launchpool! Farm OPN by Locking BNB, USDC, U, and USD1",118.46544428772845,117.96544428772845,-1015.1734837799734,-1018.1734837799733,-1894.933709449931,-1903.9337094499313,684.2025316455688,683.7025316455689,-501.5755770662691,-504.5755770662691,-1477.0037230081903,-1486.0037230081905,1745.1949736522074,1744.6949736522074,330.52128090798584,327.52128090798584,-1426.673692744224,-1435.6736927442241,86.00490024501008,85.50490024501008,-1289.5638781939103,-1292.5638781939103,-3286.4137206860346,-3295.4137206860346,True,139.5151515151514,139.0151515151514,-998.6102889358697,-1001.6102889358697,-1779.0894996476395,-1788.0894996476395,691.5455726749594,691.0455726749595,-542.907740857619,-545.907740857619,-1419.091145349916,-1428.091145349916,1654.6666666666652,1654.1666666666652,263.10040160642734,260.10040160642734,-1493.9277108433728,-1502.9277108433728,89.32774283717838,88.82774283717839,-1285.5849056603777,-1288.5849056603777,-3291.1754018169113,-3300.1754018169117
2026-03-04 13:13:14.452000+00:00,spot_fade,ROBOUSDT,Binance Will List Fabric Protocol (ROBO) with Seed Tag Applied,743.3807947019864,703.2063947019864,1442.8841059602646,1301.7698059602644,1353.8940397350993,1083.9550397350993,682.6790540540547,642.5046540540548,1307.6790540540537,1166.5647540540538,1235.888513513513,965.9495135135131,154.14279299506208,113.96839299506208,746.8684328693306,605.7541328693306,659.3066906151787,389.3676906151787,102.32414256893009,88.83304256893008,777.0607487110501,663.8321487110501,727.7444519166096,494.1268519166096,True,712.3377483443713,672.1633483443713,1430.4668874172196,1289.3525874172196,1349.7549668874174,1079.8159668874173,662.3940990516339,622.2196990516339,1309.390937829293,1168.2766378292931,1244.0590094836664,974.1200094836664,144.9154898004932,104.74108980049319,745.6776507509519,604.5633507509518,662.73660614212,392.79760614212,108.72434607645843,95.23324607645843,792.828973843058,679.6003738430579,748.116253073999,514.4986530739991
2026-03-04 13:13:14.452000+00:00,spot_list,ROBOUSDT,Binance Will List Fabric Protocol (ROBO) with Seed Tag Applied,-767.3807947019865,-727.2063947019865,-1466.8841059602646,-1325.7698059602646,-1377.8940397350993,-1107.9550397350995,-706.6790540540549,-666.504654054055,-1331.6790540540537,-1190.5647540540538,-1259.8885135135133,-989.9495135135132,-178.14279299506208,-137.96839299506206,-770.8684328693307,-629.7541328693309,-683.3066906151788,-413.36769061517884,-126.32414256893009,-112.83304256893008,-801.0607487110502,-687.8321487110502,-751.7444519166097,-518.1268519166098,True,-736.3377483443714,-696.1633483443715,-1454.4668874172198,-1313.3525874172196,-1373.7549668874174,-1103.8159668874175,-686.394099051634,-646.219699051634,-1333.3909378292933,-1192.2766378292933,-1268.0590094836666,-998.1200094836666,-168.9154898004932,-128.74108980049317,-769.677650750952,-628.563350750952,-686.7366061421201,-416.7976061421201,-132.72434607645843,-119.23324607645843,-816.8289738430582,-703.6003738430582,-772.1162530739991,-538.4986530739992
2026-03-06 08:29:56.086000+00:00,monitoring,ONDOUSDT,"Binance Will Extend the Monitoring Tag to Include COS, DEGO, FORTH, FUN, HOOK, LRC, MBOX, OXT & WIF, Remove the Monitoring Tag for FLOW, and Remove the Seed Tag for ONDO & VIRTUAL on 2026-03-06",193.9925093632964,193.9190093632964,512.3445692883897,509.72406928838967,605.9775280898881,596.801128089888,224.1319340329826,224.0584340329826,512.7376311844065,510.11713118440656,591.4482758620696,582.2718758620697,60.078907435508825,60.00540743550883,428.0606980273136,425.4401980273136,500.13960546282243,490.9632054628225,313.17214996174437,311.06394996174436,339.95103289977214,335.8033328997721,404.9854628921199,396.3825628921199,True,190.32296740352209,190.24946740352206,512.5410266017236,509.9205266017236,598.7156238291511,589.5392238291512,224.1319340329826,224.0584340329826,512.7376311844065,510.11713118440656,587.7001499250365,578.5237499250366,60.05157375805849,59.97807375805849,431.68600682593853,429.0655068259385,503.737580583997,494.56118058399704,313.17214996174437,311.06394996174436,339.95103289977214,335.8033328997721,401.1599081866888,392.5570081866888
2026-03-06 08:29:56.086000+00:00,monitoring,FORTHUSDT,"Binance Will Extend the Monitoring Tag to Include COS, DEGO, FORTH, FUN, HOOK, LRC, MBOX, OXT & WIF, Remove the Monitoring Tag for FLOW, and Remove the Seed Tag for ONDO & VIRTUAL on 2026-03-06",806.9655172413801,807.46551724138,1044.034482758622,1047.034482758622,720.7586206896552,729.7586206896551,479.07142857142907,479.57142857142907,735.767857142858,738.767857142858,389.7857142857151,398.7857142857151,-261.4061757719712,-260.9061757719712,23.629453681710334,26.629453681710334,-213.90023752969077,-204.90023752969074,176.23529411764684,176.73529411764684,58.588235294117844,61.588235294117844,-188.4705882352935,-179.47058823529346,False,,,,,,,,,,,,,,,,,,,,,,,,
2026-03-06 08:29:56.086000+00:00,monitoring,DEGOUSDT,"Binance Will Extend the Monitoring Tag to Include COS, DEGO, FORTH, FUN, HOOK, LRC, MBOX, OXT & WIF, Remove the Monitoring Tag for FLOW, and Remove the Seed Tag for ONDO & VIRTUAL on 2026-03-06",1051.005983808518,1051.505983808518,688.4575853572692,691.4575853572691,-13831.077789510735,-14336.502389510735,600.9985228951263,601.4985228951263,235.41506646971834,238.41506646971837,-15270.493353028069,-15775.917953028069,308.8758021895053,309.3758021895053,-53.525103812758424,-50.525103812758424,-17584.66893167233,-18090.09353167233,-580.271507498026,-579.771507498026,-3587.37490134175,-3612.08520134175,-18891.24230465667,-19406.82190465667,False,,,,,,,,,,,,,,,,,,,,,,,,
2026-03-06 08:29:56.086000+00:00,monitoring,LRCUSDT,"Binance Will Extend the Monitoring Tag to Include COS, DEGO, FORTH, FUN, HOOK, LRC, MBOX, OXT & WIF, Remove the Monitoring Tag for FLOW, and Remove the Seed Tag for ONDO & VIRTUAL on 2026-03-06",229.98617221873,230.48617221873,-565.1112507856694,-562.3439507856694,374.5493400377129,380.28044003771294,193.69620253164666,194.1962025316467,-670.227848101265,-667.460548101265,298.1265822784816,303.85768227848155,80.20985691573924,80.70985691573924,-825.9904610492855,-823.2231610492854,210.5755166931631,216.30661669316314,126.6649467913581,126.93224679135811,-415.09577555627254,-412.3284755562725,7.34859722670157,13.079697226701573,True,229.75824175824312,230.25824175824314,-555.1711145996853,-552.4038145996853,377.32496075353316,383.0560607535332,199.75726927939343,200.25726927939343,-659.9140328697831,-657.146732869783,310.3767383059417,316.10783830594175,92.7286575690265,93.2286575690265,-792.7045382418277,-789.9372382418277,219.6724849254226,225.4035849254226,139.36876006441312,139.63606006441316,-414.57648953301083,-411.8091895330108,13.764895330112616,19.495995330112617
2026-03-06 08:29:56.086000+00:00,monitoring,MBOXUSDT,"Binance Will Extend the Monitoring Tag to Include COS, DEGO, FORTH, FUN, HOOK, LRC, MBOX, OXT & WIF, Remove the Monitoring Tag for FLOW, and Remove the Seed Tag for ONDO & VIRTUAL on 2026-03-06",792.8395581273015,793.3395581273014,1371.4823776959493,1374.671777695949,156.33245660178852,12.59475660178852,764.9556025369972,765.4556025369972,1335.7801268498945,1338.9695268498945,98.993657505285,-44.744042494715,44.02240896358746,44.52240896358746,761.1092436974806,764.2986436974807,-628.2464985994399,-771.98419859944,251.61031518624569,252.11031518624569,549.604584527221,552.793984527221,-768.4469914040096,-914.3148914040096,True,793.72963294539,794.2296329453899,1373.0123755858656,1376.2017755858656,139.14013376165136,-4.5975662383486435,760.6094089008839,761.1094089008837,1317.8407154574809,1321.0301154574809,80.60729216277852,-63.13040783722148,46.80376344086114,47.30376344086113,758.6093189964147,761.7987189964147,-630.8396057347668,-774.5773057347668,259.2155963302754,259.7155963302754,544.7660550458709,547.9554550458708,-763.1467889908241,-909.0146889908242
2026-03-06 08:29:56.086000+00:00,monitoring,VIRTUALUSDT,"Binance Will Extend the Monitoring Tag to Include COS, DEGO, FORTH, FUN, HOOK, LRC, MBOX, OXT & WIF, Remove the Monitoring Tag for FLOW, and Remove the Seed Tag for ONDO & VIRTUAL on 2026-03-06",108.66788269959328,107.16108269959328,418.75627893924496,408.625078939245,756.906973481127,714.445373481127,149.3582152378279,147.8514152378279,429.9811982601374,419.8499982601374,752.697628735793,710.2360287357931,16.336639274582076,14.829839274582076,353.54264664210746,343.4114466421075,645.4100311703035,602.9484311703035,223.86246092639928,221.39656092639927,313.376527422564,303.170927422564,611.7567490764418,566.0237490764417,True,111.43947257679955,109.93267257679955,420.03815401879564,409.90695401879566,755.288539767148,712.826939767148,152.09537166900301,150.58857166900302,432.60028050490763,422.46908050490765,753.7784011220192,711.3168011220191,12.086143383394989,10.579343383394987,350.70898271464904,340.577782714649,641.1595352791163,598.6979352791163,221.05385817820047,218.58795817820044,310.58064516129,300.37504516129,606.1611482165695,560.4281482165694
2026-03-06 08:29:56.086000+00:00,monitoring,HOOKUSDT,"Binance Will Extend the Monitoring Tag to Include COS, DEGO, FORTH, FUN, HOOK, LRC, MBOX, OXT & WIF, Remove the Monitoring Tag for FLOW, and Remove the Seed Tag for ONDO & VIRTUAL on 2026-03-06",825.1454711802384,825.1454711802384,1323.7731015553532,1321.264501555353,1003.5535224153699,994.2768224153699,896.2610680054759,896.2610680054759,1361.8019169329064,1359.2933169329062,1024.0565951620258,1014.7798951620258,-225.30624682579958,-225.30624682579958,323.19553072625774,320.68693072625774,-1.8425596749618183,-11.11925967496182,322.9999999999998,321.63749999999976,318.0000000000003,315.4914000000003,23.00000000000059,13.72330000000059,True,816.3752860411907,816.3752860411907,1328.96109839817,1326.45249839817,1008.5949656750579,999.3182656750578,895.8467153284663,895.8467153284663,1329.2408759124082,1326.7322759124083,1014.4598540145975,1005.1831540145973,-224.87379624936653,-224.87379624936653,363.06335529650323,360.5547552965033,28.54738976178474,19.270689761784737,347.281437125748,345.918937125748,327.3213572854292,324.81275728542926,42.89021956087803,33.61351956087803
2026-03-06 08:29:56.086000+00:00,monitoring,COSUSDT,"Binance Will Extend the Monitoring Tag to Include COS, DEGO, FORTH, FUN, HOOK, LRC, MBOX, OXT & WIF, Remove the Monitoring Tag for FLOW, and Remove the Seed Tag for ONDO & VIRTUAL on 2026-03-06",559.725571725571,560.225571725571,1245.7962577962576,1239.7636577962576,-1716.7817047817061,-2441.8935047817063,440.6315789473678,441.13157894736787,1156.4210526315785,1150.3884526315785,-2001.4736842105276,-2726.5854842105273,171.98268398268414,172.48268398268416,875.4458874458878,869.4132874458879,-2295.549783549783,-3024.0795835497834,341.20088300220823,340.47838300220815,650.251655629139,642.438255629139,-2683.0816777041923,-3421.9285777041923,False,,,,,,,,,,,,,,,,,,,,,,,,
2026-03-06 08:29:56.086000+00:00,monitoring,FLOWUSDT,"Binance Will Extend the Monitoring Tag to Include COS, DEGO, FORTH, FUN, HOOK, LRC, MBOX, OXT & WIF, Remove the Monitoring Tag for FLOW, and Remove the Seed Tag for ONDO & VIRTUAL on 2026-03-06",-1196.1738645862376,-1242.8725645862376,-1366.1376427974374,-1524.8935427974372,-1608.5449986068547,-1790.4490986068547,-1049.7358490566048,-1096.4345490566047,-1307.7824639289672,-1466.5383639289673,-1576.9278579356273,-1758.8319579356273,-1178.5776828617181,-1225.276382861718,-876.9225840896958,-1035.6784840896958,-1320.0619327282438,-1501.9660327282438,439.3715710723187,418.8844710723187,165.05735660847765,49.642556608477676,-1573.0972568578552,-1708.5464568578552,True,-1191.0878754171308,-1237.7865754171307,-1355.1590656284766,-1513.9149656284765,-1610.9988876529471,-1792.902987652947,-1060.543689320387,-1107.242389320387,-1321.2926490984746,-1480.0485490984747,-1601.4590846047163,-1783.3631846047163,-1188.9415532425942,-1235.640253242594,-871.3541499866553,-1030.1100499866552,-1335.7256471844128,-1517.6297471844127,446.16733067729155,425.68023067729155,174.75298804780917,59.338188047809176,-1553.334661354581,-1688.7838613545807
2026-03-06 08:29:56.086000+00:00,monitoring,FUNUSDT,"Binance Will Extend the Monitoring Tag to Include COS, DEGO, FORTH, FUN, HOOK, LRC, MBOX, OXT & WIF, Remove the Monitoring Tag for FLOW, and Remove the Seed Tag for ONDO & VIRTUAL on 2026-03-06",1306.9269746646803,1307.4269746646803,1321.830104321908,1323.983104321908,934.3487332339803,942.4294332339803,1203.3038259564896,1203.8038259564896,1263.3188297074269,1265.4718297074269,880.7231807951985,888.8038807951984,170.72425249169387,171.2242524916939,386.67109634551537,388.8240963455154,-53.52823920265725,-45.44753920265724,-192.41237113401996,-191.91237113401996,48.13745704467444,50.21815704467444,-458.73539518900407,-450.65469518900403,False,,,,,,,,,,,,,,,,,,,,,,,,
2026-03-06 08:29:56.086000+00:00,monitoring,OXTUSDT,"Binance Will Extend the Monitoring Tag to Include COS, DEGO, FORTH, FUN, HOOK, LRC, MBOX, OXT & WIF, Remove the Monitoring Tag for FLOW, and Remove the Seed Tag for ONDO & VIRTUAL on 2026-03-06",388.46430644225194,388.46430644225194,800.5362739408004,803.5362739408002,771.517121300058,776.063521300058,378.215492137449,378.215492137449,774.2550960978454,777.2550960978452,716.0139778683758,720.5603778683759,99.89634864546494,99.89634864546494,606.3745583038858,609.3745583038858,665.2673733804468,669.8137733804468,157.38898971566752,158.38898971566752,193.68663036902635,196.68663036902637,332.82758620689725,337.37398620689726,True,370.37351363954343,370.37351363954343,825.6078339939385,828.6078339939385,753.9128001865256,758.4592001865257,365.84406621044656,365.84406621044656,793.989354857578,796.989354857578,666.4816049599351,671.0280049599352,79.05960264900737,79.05960264900737,643.1561021759699,646.1561021759699,679.2251655629142,683.7715655629142,146.18181818181841,147.18181818181841,181.93939393939408,184.9393939393941,345.5757575757577,350.1221575757576
2026-03-06 08:29:56.086000+00:00,monitoring,WIFUSDT,"Binance Will Extend the Monitoring Tag to Include COS, DEGO, FORTH, FUN, HOOK, LRC, MBOX, OXT & WIF, Remove the Monitoring Tag for FLOW, and Remove the Seed Tag for ONDO & VIRTUAL on 2026-03-06",665.0098730606488,664.8843730606488,1233.8862247296663,1216.3146247296665,1610.0028208744707,1534.6342208744707,538.766283524905,538.640783524905,1084.743295019157,1067.171695019157,1472.674329501916,1397.305729501916,-37.17623363544885,-37.30173363544885,703.0050352467263,685.4334352467263,1105.8247734138968,1030.4561734138967,452.8812531581603,450.3148531581603,821.7544214249614,801.6109214249615,1114.8317331985843,1037.2409331985843,True,660.8101932389862,660.6846932389863,1233.9448022944187,1216.3732022944187,1603.9669001833643,1528.5983001833642,550.544845730687,550.4193457306869,1095.8689308777812,1078.2973308777812,1480.9442717053341,1405.5756717053341,-39.19717955175005,-39.32267955175005,696.637622765047,679.066022765047,1105.602618987661,1030.2340189876606,450.71974136189107,448.1533413618911,823.0171751869061,802.8736751869062,1115.5005051525566,1037.9097051525566
2026-03-13 01:45:36.337000+00:00,spot_list,KATUSDT,Binance Will List Katana (KAT) with Seed Tag Applied,281.5420743639905,281.0420743639905,496.8062622309186,493.8062622309186,418.52837573385625,409.5283757338563,-18.333122229258414,-18.83312222925841,203.32615579480608,200.32615579480606,114.66244458518162,105.66244458518162,227.0180878552961,226.5180878552961,550.0155038759677,547.0155038759677,504.7958656330751,495.79586563307515,127.24050632911245,126.74050632911245,171.5443037974671,168.5443037974671,171.5443037974671,162.5443037974671,True,293.5916775032519,293.0916775032519,521.1599479843941,518.159947984394,443.13654096228873,434.13654096228873,6.987341772152001,6.487341772152001,260.1518987341764,257.1518987341764,171.5443037974671,162.5443037974671,225.94212218649636,225.44212218649633,573.2090032154344,570.2090032154344,508.90032154340935,499.9003215434094,120.24181360201648,119.74181360201648,227.29471032745786,224.29471032745784,189.51133501259412,180.5113350125941
2026-03-13 01:45:36.337000+00:00,spot_fade,KATUSDT,Binance Will List Katana (KAT) with Seed Tag Applied,-305.5420743639905,-305.0420743639905,-520.8062622309186,-517.8062622309186,-442.52837573385625,-433.5283757338563,-5.666877770741585,-5.166877770741585,-227.32615579480608,-224.32615579480606,-138.66244458518162,-129.66244458518162,-251.0180878552961,-250.51808785529607,-574.0155038759677,-571.0155038759677,-528.7958656330751,-519.7958656330751,-151.24050632911243,-150.74050632911243,-195.5443037974671,-192.54430379746708,-195.5443037974671,-186.54430379746708,True,-317.5916775032519,-317.0916775032519,-545.1599479843941,-542.159947984394,-467.13654096228873,-458.13654096228873,-30.987341772151996,-30.487341772151996,-284.1518987341764,-281.1518987341764,-195.5443037974671,-186.54430379746708,-249.94212218649636,-249.44212218649633,-597.2090032154344,-594.2090032154344,-532.9003215434094,-523.9003215434094,-144.24181360201646,-143.74181360201646,-251.29471032745786,-248.29471032745784,-213.51133501259412,-204.5113350125941
2026-03-13 09:00:23.060000+00:00,monitoring,ATAUSDT,"Binance Will Extend the Monitoring Tag to Include ATA, A2Z, FIO, GTC, NTRN, PHB, QI & RDNT on 2026-03-13",-378.9724770642202,-378.9724770642202,-287.2293577981657,-275.0991577981657,-745.9449541284405,-727.8147541284405,-773.9047619047615,-773.9047619047615,-773.9047619047615,-761.7745619047615,-1059.6190476190461,-1041.4888476190463,-752.7407407407396,-752.7407407407396,-382.3703703703698,-370.24017037036975,-752.7407407407396,-734.6105407407397,-277.4867256637172,-272.9201256637172,-11.999999999999998,0.1302000000000009,-277.4867256637172,-259.35652566371726,False,,,,,,,,,,,,,,,,,,,,,,,,
2026-03-13 09:00:23.060000+00:00,monitoring,NTRNUSDT,"Binance Will Extend the Monitoring Tag to Include ATA, A2Z, FIO, GTC, NTRN, PHB, QI & RDNT on 2026-03-13",396.3484573502727,396.8484573502727,1321.93829401089,1327.3258940108901,1684.9147005444652,1700.602000544465,44.3380281690129,44.8380281690129,1020.8638497652586,1026.2514497652587,1368.2816901408444,1383.9689901408442,-163.94681861348647,-163.44681861348644,975.6543209876531,981.041920987653,1260.5546058879388,1276.2419058879386,139.3718070009451,144.4495070009451,1066.524124881741,1072.1209248817413,1482.796594134342,1501.703694134342,True,432.20270147765285,432.70270147765285,1319.7015683074972,1325.0891683074972,1656.9330069803275,1672.6203069803275,63.096217028065574,63.596217028065574,1008.3698488688627,1013.7574488688628,1361.3220689007785,1377.0093689007783,-155.0330586340811,-154.5330586340811,988.2841716396704,993.6717716396704,1280.0337217012411,1295.721021701241,91.41555977229744,96.49325977229744,1041.1309297912726,1046.7277297912728,1441.5104364326378,1460.4175364326377
2026-03-13 09:00:23.060000+00:00,monitoring,RDNTUSDT,"Binance Will Extend the Monitoring Tag to Include ATA, A2Z, FIO, GTC, NTRN, PHB, QI & RDNT on 2026-03-13",-204.7973808657679,-204.7973808657679,166.24663514005135,169.16613514005135,128.05092761004147,136.97042761004147,-406.78584729981446,-406.78584729981446,-69.72811918063336,-66.80861918063336,-129.3184357541901,-120.39893575419009,-443.32173269159637,-443.32173269159637,-86.04664938911453,-83.12714938911455,-73.08848574601922,-64.16898574601922,112.68827930174564,113.68827930174564,169.68863555397152,172.60813555397152,383.43997149982135,392.3594714998214,True,-199.13662790697637,-199.13662790697637,167.8691860465118,170.7886860465118,140.61627906976716,149.53577906976716,-383.81632273656675,-383.81632273656675,-56.61795872838792,-53.69845872838791,-106.81316229782432,-97.89366229782432,-444.9324699352455,-444.9324699352455,-86.00555041628066,-83.08605041628066,-54.55319148936065,-45.63369148936065,114.53715915166619,115.53715915166619,151.96364284441245,154.88314284441245,383.6513990376043,392.5708990376043
2026-03-13 09:00:23.060000+00:00,monitoring,GTCUSDT,"Binance Will Extend the Monitoring Tag to Include ATA, A2Z, FIO, GTC, NTRN, PHB, QI & RDNT on 2026-03-13",-643.5789473684208,-643.5789473684208,-11.999999999999998,-3.539999999999999,-117.26315789473716,-81.09725789473717,-424.3711340206193,-424.3711340206193,297.27835051546396,305.73835051546394,91.09278350515427,127.25868350515427,-428.6666666666674,-428.6666666666674,92.1666666666663,100.6266666666663,-11.999999999999998,24.165900000000004,87.0099009900991,95.3569009900991,582.0594059405946,590.5194059405945,483.0495049504955,519.2154049504956,False,,,,,,,,,,,,,,,,,,,,,,,,
2026-03-13 09:00:23.060000+00:00,monitoring,FIOUSDT,"Binance Will Extend the Monitoring Tag to Include ATA, A2Z, FIO, GTC, NTRN, PHB, QI & RDNT on 2026-03-13",209.96261682242869,210.46261682242869,1062.7663551401863,1065.4316551401864,1097.81308411215,1106.0285841121502,82.22850412249551,82.72850412249551,1000.9564193168427,1003.6217193168427,1000.9564193168427,1009.1719193168427,58.33997655334079,58.83997655334079,1054.8229777256731,1057.4882777256732,972.7596717467754,980.9751717467755,119.421744324971,119.58704432497102,418.1075268817212,420.7728268817212,704.8458781362019,713.0613781362019,True,212.1419565724978,212.64195657249783,1038.6654214335754,1041.3307214335753,1080.6920382909188,1088.9075382909189,69.29123468426202,69.79123468426202,976.4542884071634,979.1195884071634,1005.9076343072579,1014.1231343072579,66.50949144598052,67.00949144598052,1049.635809702367,1052.301109702367,985.187719709398,993.4032197093981,96.66969190351017,96.83499190351017,434.6204919990435,437.2857919990435,714.0568426080715,722.2723426080715
2026-03-13 09:00:23.060000+00:00,monitoring,PHBUSDT,"Binance Will Extend the Monitoring Tag to Include ATA, A2Z, FIO, GTC, NTRN, PHB, QI & RDNT on 2026-03-13",458.26279391424674,458.26279391424674,617.3222683264177,620.3222683264177,326.86583679114904,335.17443679114905,-334.58064516129,-334.58064516129,-177.0412603150797,-174.04126031507968,-514.625656414104,-506.31705641410406,-237.56390977443553,-237.56390977443553,-320.2706766917287,-317.2706766917287,-545.8345864661642,-537.5259864661642,97.17030567685559,98.17030567685559,-368.62299854439806,-365.62299854439806,-106.61426491994106,-98.30566491994108,False,,,,,,,,,,,,,,,,,,,,,,,,
2026-03-13 09:00:23.060000+00:00,monitoring,A2ZUSDT,"Binance Will Extend the Monitoring Tag to Include ATA, A2Z, FIO, GTC, NTRN, PHB, QI & RDNT on 2026-03-13",170.9637707500298,171.4637707500298,601.1103841027497,604.1103841027497,-76.21907185266029,-67.21907185266029,350.8171686032722,351.3171686032722,775.2895423286695,778.2895423286695,171.77993834479466,180.7799383447947,-136.3781094527363,-135.8781094527363,338.74626865671644,341.74626865671644,-331.6517412935318,-322.6517412935318,27.37492309585289,27.874923095852893,258.7025962839915,261.7025962839915,-281.47212993724713,-272.4721299372471,False,,,,,,,,,,,,,,,,,,,,,,,,
2026-03-18 09:00:08.667000+00:00,delist,IDEXUSDT,"Binance Will Delist A2Z, FORTH, HOOK, IDEX, LRC, NTRN, RDNT, SXP on 2026-04-01",-11.999999999999998,-11.999999999999998,-11.999999999999998,-11.999999999999998,-11.999999999999998,-11.999999999999998,-11.999999999999998,-11.999999999999998,-11.999999999999998,-11.999999999999998,-11.999999999999998,-11.999999999999998,-11.999999999999998,-11.999999999999998,-11.999999999999998,-11.999999999999998,-11.999999999999998,-11.999999999999998,-11.999999999999998,-11.999999999999998,-11.999999999999998,-11.999999999999998,-11.999999999999998,-11.999999999999998,False,,,,,,,,,,,,,,,,,,,,,,,,
2026-03-18 09:00:08.667000+00:00,delist,RDNTUSDT,"Binance Will Delist A2Z, FORTH, HOOK, IDEX, LRC, NTRN, RDNT, SXP on 2026-04-01",621.7880377754468,621.7880377754468,1052.0083945435474,1050.7824945435473,-1164.1511017838404,-1191.3395017838404,301.7170056252703,301.7170056252703,797.1735179575942,795.9476179575942,-1424.8083080917354,-1451.9967080917354,487.5784148397986,487.5784148397986,902.8397976391242,901.6138976391242,-1308.3743676222596,-1335.5627676222596,95.55097468070907,96.55097468070906,610.8993950257666,609.6734950257667,-1291.408469639256,-1318.596869639256,True,606.5567010309279,606.5567010309279,1027.34357248054,1026.1176724805398,-1175.4756995581743,-1202.6640995581743,276.3781439722455,276.3781439722455,775.077189939288,773.851289939288,-1421.366869037294,-1448.555269037294,496.01011804384456,496.01011804384456,894.408094435076,893.182194435076,-1302.0505902192228,-1329.2389902192228,88.8742434431742,89.8742434431742,615.6619592019728,614.4360592019727,-1469.072405290294,-1496.260805290294
2026-03-18 09:00:08.667000+00:00,delist,LRCUSDT,"Binance Will Delist A2Z, FORTH, HOOK, IDEX, LRC, NTRN, RDNT, SXP on 2026-04-01",-695.6902800658985,-717.2271800658984,-197.33772652388646,-260.4419265238865,222.76112026359243,52.05232026359242,-869.0234113712384,-890.5603113712383,-363.1705685618738,-426.2747685618738,92.51505016722429,-78.19374983277571,188.30234315948525,166.76544315948524,411.28042328042324,348.17622328042324,974.3945578231292,803.6857578231292,611.3166602539442,608.1631602539442,457.4113120430932,380.19951204309314,1019.165833012696,854.681133012696,True,-580.274734260017,-601.811634260017,-126.47260834014816,-189.57680834014818,302.7996729354052,132.09087293540523,-720.0745341614914,-741.6114341614914,-268.72877846790954,-331.8329784679096,190.89855072463837,20.189750724638362,180.96254256526703,159.42564256526703,404.19371925841864,341.0895192584186,975.5141884222471,804.8053884222471,578.050134978789,574.896634978789,431.50173544157377,354.2899354415738,994.5561126108756,830.0714126108758
2026-03-18 09:00:08.667000+00:00,delist,FORTHUSDT,"Binance Will Delist A2Z, FORTH, HOOK, IDEX, LRC, NTRN, RDNT, SXP on 2026-04-01",1091.8961038961036,1092.3961038961036,2312.6753246753246,2314.4408246753246,3520.4675324675327,3518.704932467533,434.3040446304034,434.80404463040344,1731.375174337517,1733.1406743375169,3056.3403068340313,3054.5777068340312,643.7377049180324,644.2377049180323,1668.3278688524592,1670.0933688524592,3034.4480874316937,3032.6854874316937,1137.9272197962161,1138.4272197962161,1385.3799126637564,1387.1454126637564,2797.3158660844256,2795.5532660844256,False,,,,,,,,,,,,,,,,,,,,,,,,
2026-03-18 09:00:08.667000+00:00,delist,NTRNUSDT,"Binance Will Delist A2Z, FORTH, HOOK, IDEX, LRC, NTRN, RDNT, SXP on 2026-04-01",1652.3159379407612,1652.059837940761,2145.968970380818,2141.9946703808178,1356.1241184767277,1305.8818184767279,1133.8333333333326,1133.5772333333325,1669.5476190476186,1665.5733190476185,1059.428571428572,1009.1862714285719,661.9811912225701,661.7250912225702,928.4388714733535,924.4645714733534,473.89341692790055,423.6511169279006,462.576271186441,461.654371186441,649.0169491525419,656.8754491525419,-350.98305084745897,-412.22815084745895,True,1611.7259343148346,1611.4698343148345,2122.767836919592,2118.793536919592,1325.7689694224225,1275.5266694224226,1185.862550096481,1185.6064500964812,1703.8972836574137,1699.9229836574136,1056.7249517589437,1006.4826517589436,645.5643440050216,645.3082440050216,909.2178279974892,905.2435279974891,439.97740112994376,389.7351011299438,483.60216508795605,482.68026508795606,705.1853856562926,713.0438856562927,-331.68876860622555,-392.93386860622553
2026-03-18 09:00:08.667000+00:00,delist,A2ZUSDT,"Binance Will Delist A2Z, FORTH, HOOK, IDEX, LRC, NTRN, RDNT, SXP on 2026-04-01",2454.169566418116,2454.669566418116,2780.046396023198,2781.9760960231984,2313.324495995582,2377.052195995582,2186.6417657045854,2187.1417657045854,2637.97170345218,2639.90140345218,2219.182795698926,2282.910495698926,516.0190768182591,516.5190768182591,621.622892181912,623.552592181912,730.6332822347125,794.3609822347125,990.9282576866771,991.4282576866771,452.8609077598842,454.7906077598842,549.8594436310398,627.1695436310398,False,,,,,,,,,,,,,,,,,,,,,,,,
2026-03-18 09:00:08.667000+00:00,delist,SXPUSDT,"Binance Will Delist A2Z, FORTH, HOOK, IDEX, LRC, NTRN, RDNT, SXP on 2026-04-01",-11.999999999999998,-11.999999999999998,-11.999999999999998,-11.999999999999998,-11.999999999999998,-11.999999999999998,-11.999999999999998,-11.999999999999998,-11.999999999999998,-11.999999999999998,-11.999999999999998,-11.999999999999998,-11.999999999999998,-11.999999999999998,-11.999999999999998,-11.999999999999998,-11.999999999999998,-11.999999999999998,-11.999999999999998,-11.999999999999998,-11.999999999999998,-11.999999999999998,-11.999999999999998,-11.999999999999998,True,2149.6358325219085,2149.6358325219085,2441.748782862707,2441.748782862707,1682.2551119766313,1682.2551119766313,1465.9874213836474,1465.9874213836474,1843.3459119496852,1843.3459119496852,1025.7358490566035,1025.7358490566035,645.7480490523967,645.7480490523967,812.9721293199563,812.9721293199563,668.0445930880727,668.0445930880727,595.1871127633221,595.1871127633221,99.52416356877471,99.52416356877471,-73.95786864931829,-73.95786864931829
2026-03-18 09:00:08.667000+00:00,delist,HOOKUSDT,"Binance Will Delist A2Z, FORTH, HOOK, IDEX, LRC, NTRN, RDNT, SXP on 2026-04-01",1683.4314720812179,1683.4314720812179,2886.4771573604053,2821.9990573604055,2485.4619289340094,2336.4641289340093,914.234054353855,914.234054353855,2256.4414864115374,2191.9633864115376,1740.6344980587915,1591.6366980587916,572.1924398625431,572.1924398625431,1689.0309278350521,1624.552827835052,1425.571592210768,1276.5737922107678,762.3902439024397,747.3562439024396,1256.2926829268304,1191.8145829268303,884.3414634146349,735.3436634146349,True,1698.5263157894744,1698.5263157894744,2892.8582995951424,2828.3801995951426,2498.1214574898777,2349.1236574898776,909.1986681465045,909.1986681465045,2252.150943396227,2187.672843396227,1713.860155382909,1564.8623553829088,582.285714285716,582.285714285716,1708.0000000000014,1643.5219000000016,1410.8571428571433,1261.8593428571435,756.2926829268299,741.2586829268299,1268.48780487805,1204.00970487805,890.4390243902446,741.4412243902447
2026-04-09 06:00:05.744000+00:00,delist,MDTUSDT,"Binance Will Delist BIFI, FIO, FUN, MDT, OXT, WAN on 2026-04-23",-11.999999999999998,-11.999999999999998,-11.999999999999998,-11.999999999999998,-11.999999999999998,-11.999999999999998,-11.999999999999998,-11.999999999999998,-11.999999999999998,-11.999999999999998,-11.999999999999998,-11.999999999999998,-11.999999999999998,-11.999999999999998,-11.999999999999998,-11.999999999999998,-11.999999999999998,-11.999999999999998,-11.999999999999998,-11.999999999999998,-11.999999999999998,-11.999999999999998,-11.999999999999998,-11.999999999999998,False,,,,,,,,,,,,,,,,,,,,,,,,
2026-04-09 06:00:05.744000+00:00,delist,FIOUSDT,"Binance Will Delist BIFI, FIO, FUN, MDT, OXT, WAN on 2026-04-23",606.7389510901597,607.2389510901597,763.8790021606765,766.8790021606764,1832.4313494401874,1905.0311494401876,294.8847163335353,295.3847163335353,547.25701594993,550.25701594993,1597.1257823541282,1669.7255823541282,407.79587906797457,408.29587906797457,775.5986905449638,778.5986905449638,2063.871365299442,2136.471165299442,-92.86253369272266,-92.36253369272266,-437.0466514617468,-434.04665146174676,1507.8009537632183,1584.2874537632185,True,627.5462546450225,628.0462546450225,823.1261490318794,826.1261490318794,1875.3459808331716,1947.9457808331715,284.9097152090483,285.40971520904833,559.6016966269433,562.6016966269433,1613.9341547162176,1686.5339547162175,410.37222757955715,410.8722275795572,765.242044358728,768.2420443587279,2063.216972034717,2135.816772034717,-84.4937862468944,-83.9937862468944,-442.8202154101082,-439.8202154101082,1535.2245236122606,1611.7110236122605
2026-04-09 06:00:05.744000+00:00,delist,FUNUSDT,"Binance Will Delist BIFI, FIO, FUN, MDT, OXT, WAN on 2026-04-23",1288.8130081300817,1289.3130081300817,1166.8617886178874,1169.8617886178874,2935.154471544716,2967.9300715447166,1449.006910167818,1449.506910167818,1449.006910167818,1452.006910167818,3156.8055281342545,3189.5811281342544,1593.5500495540132,1594.050049554013,1534.0852329038644,1537.0852329038642,3218.9217046580766,3251.6973046580765,-589.8301886792448,-589.3301886792448,-1049.7358490566025,-1046.7358490566025,2039.8867924528306,2072.6623924528308,False,,,,,,,,,,,,,,,,,,,,,,,,
2026-04-09 06:00:05.744000+00:00,delist,OXTUSDT,"Binance Will Delist BIFI, FIO, FUN, MDT, OXT, WAN on 2026-04-23",489.21261115602334,469.04501115602335,319.44704931285406,169.68094931285407,731.7348423605505,418.7953423605505,510.0228384991843,489.8552384991843,355.04730831974007,205.28120831974007,632.3719412724313,319.4324412724313,1138.3759398496238,1118.2083398496236,942.8872180451117,793.1211180451118,1484.2406015037589,1171.3011015037587,-420.85860306643985,-420.85860306643985,-1391.8977853492333,-1587.3795853492334,482.0374787052815,183.73807870528148,True,423.94522323960774,403.77762323960775,276.46932987602213,126.70322987602215,705.9320962644841,392.9925962644841,490.36117896108044,470.19357896108045,339.7342452369321,189.9681452369321,665.4141019377943,352.4746019377943,1096.1833923059546,1076.0157923059546,893.668900097869,743.902800097869,1458.3003839494088,1145.3608839494088,-399.75510204081655,-399.75510204081655,-1385.299319727892,-1580.781119727892,493.95238095238136,195.6529809523814
2026-04-14 02:30:06.111000+00:00,monitoring,SYSUSDT,"Binance Will Extend the Monitoring Tag to Include FARM, HIGH, MLN, RESOLV, SYS, TRU & VELODROME, Remove the Seed Tag for XAUT on 2026-04-14",1250.0423892100196,1250.5423892100196,1144.069364161849,1147.069364161849,-214.31213872832444,-205.3121387283244,1306.5755534167465,1307.0755534167463,1162.2059672762273,1165.205967276227,-204.49278152069448,-195.49278152069448,793.3007135575929,793.8007135575928,660.7828746177366,663.7828746177365,-939.6248725790027,-930.6248725790027,-133.01210121012062,-132.51210121012062,-177.0165016501637,-174.01650165016366,-1805.1793179317924,-1796.1793179317922,False,,,,,,,,,,,,,,,,,,,,,,,,
2026-04-14 02:30:06.111000+00:00,monitoring,TRUUSDT,"Binance Will Extend the Monitoring Tag to Include FARM, HIGH, MLN, RESOLV, SYS, TRU & VELODROME, Remove the Seed Tag for XAUT on 2026-04-14",167.3781557268137,167.3781557268137,397.24794047302646,330.52034047302647,884.8907786340674,743.6225786340674,137.59262722051614,137.59262722051614,329.9260050754647,263.1984050754647,833.4654734873778,692.1972734873779,508.18633540372616,508.18633540372616,254.56314699792904,187.83554699792904,1007.6687370600409,866.400537060041,386.26605256028216,379.2923525602821,428.2600921159572,361.5324921159572,678.8696830127336,537.6014830127336,True,155.55319148936132,155.55319148936132,392.2553191489351,325.5277191489351,878.9574468085101,737.6892468085101,144.20827770360447,144.20827770360447,337.7997329773028,271.07213297730283,830.456608811749,689.188408811749,498.23051023050937,498.23051023050937,257.3602693602692,190.63266936026926,1003.2810152810154,862.0128152810154,394.33888663145103,387.36518663145097,418.7192198293375,351.9916198293375,678.7761072734663,537.5079072734663
2026-04-14 02:30:06.111000+00:00,monitoring,HIGHUSDT,"Binance Will Extend the Monitoring Tag to Include FARM, HIGH, MLN, RESOLV, SYS, TRU & VELODROME, Remove the Seed Tag for XAUT on 2026-04-14",442.54545454545416,442.54545454545416,108.06861063464825,102.16291063464824,399.6638078902224,414.1858078902224,476.4318766066831,476.4318766066831,133.67266495287058,127.76696495287057,365.03513281919453,379.5571328191946,269.44239226033375,269.44239226033375,-82.36059806508455,-88.26629806508454,14.385224274405596,28.907224274405596,-65.85996409335681,-71.0420640933568,-182.55655296229764,-188.46225296229764,-353.1131059245953,-338.5911059245953,True,405.4540456966147,405.4540456966147,98.8057034873733,92.90000348737328,371.0956880261116,385.61768802611164,465.49443778880686,465.49443778880686,141.1747390039362,135.2690390039362,379.92195789834017,394.44395789834016,232.63217177050356,232.63217177050356,-74.47800070397602,-80.38370070397602,13.51918338613124,28.04118338613124,-72.0573682323402,-77.2394682323402,-162.59160989601804,-168.49730989601804,-334.6963069200428,-320.1743069200428
2026-04-14 02:30:06.111000+00:00,monitoring,RESOLVUSDT,"Binance Will Extend the Monitoring Tag to Include FARM, HIGH, MLN, RESOLV, SYS, TRU & VELODROME, Remove the Seed Tag for XAUT on 2026-04-14",-427.77825159914596,-428.4491515991459,752.9253731343274,746.0073731343274,664.9722814498934,644.0715814498934,-257.6874019864075,-258.35830198640747,975.9769994772624,969.0589994772623,884.4976476738117,863.5969476738118,-86.03490216816522,-86.70580216816522,852.6218931782134,845.7038931782133,786.5193019566372,765.6186019566371,248.40336992596335,248.90336992596337,1254.2752106203745,1245.3379106203745,1203.2157263211639,1183.4859263211638,True,-419.0231444533134,-419.69404445331344,751.5009310986961,744.5829310986961,674.3527533918589,653.452053391859,-257.3667449752039,-258.03764497520393,972.0772644218209,965.1592644218208,896.3790133124502,875.4783133124503,-88.57776604172106,-89.24866604172107,851.4803274359658,844.5623274359658,785.4650118827575,764.5643118827575,243.10204081632625,243.60204081632628,1235.4489795918364,1226.5116795918364,1197.1836734693884,1177.4538734693883
2026-04-14 02:30:06.111000+00:00,monitoring,XAUTUSDT,"Binance Will Extend the Monitoring Tag to Include FARM, HIGH, MLN, RESOLV, SYS, TRU & VELODROME, Remove the Seed Tag for XAUT on 2026-04-14",-21.038593527268542,-20.591593527268543,-153.99883849849382,-152.15553849849383,-81.69009028034323,-79.66869028034323,-15.884101780353697,-15.437101780353698,-138.10665236866936,-136.26335236866936,-78.40969674453156,-76.38829674453156,-28.15744012149589,-27.71044012149589,-137.63147958699173,-135.78817958699173,-79.0554858306005,-77.0340858306005,-43.875283470628176,-43.60368347062818,-116.50705116710867,-114.97735116710867,-69.29534738996067,-67.39854738996067,True,-20.02636025684311,-19.57936025684311,-153.9398445420761,-152.0965445420761,-83.39236228455692,-81.37096228455692,-15.16729660676973,-14.72029660676973,-139.11417048502094,-137.27087048502094,-80.83591292045965,-78.81451292045965,-29.090410380842243,-28.643410380842244,-139.65059605443608,-137.80729605443608,-79.93965608186569,-77.91825608186569,-47.66830586099856,-47.39670586099856,-119.84913784006145,-118.31943784006144,-73.62807876574972,-71.7312787657497
2026-04-14 02:30:06.111000+00:00,monitoring,VELODROMEUSDT,"Binance Will Extend the Monitoring Tag to Include FARM, HIGH, MLN, RESOLV, SYS, TRU & VELODROME, Remove the Seed Tag for XAUT on 2026-04-14",-384.37643872714887,-383.87643872714887,-52.622884224779106,-49.622884224779106,-797.3757616790791,-788.3757616790791,-279.9169457468178,-279.41694574681776,48.28131279303351,51.28131279303351,-668.3965170797048,-659.396517079705,-210.93899204244113,-210.43899204244113,120.62599469495929,123.62599469495929,-529.2413793103448,-520.2413793103448,1.0463144161774303,1.5463144161774303,327.20417482061316,330.20417482061316,-559.945205479452,-550.945205479452,True,-410.8083147132504,-410.3083147132504,-66.84460694698434,-63.84460694698434,-811.6479111652777,-802.6479111652777,-297.04516560722504,-296.54516560722504,60.934091669454304,63.934091669454304,-664.3921043827374,-655.3921043827376,-221.8226105374623,-221.3226105374623,139.57532433147992,142.57532433147992,-526.9589621392647,-517.9589621392647,-3.540864133264809,-3.0408641332648085,338.72878709005664,341.72878709005664,-579.4128058302986,-570.4128058302986
2026-04-14 02:30:06.111000+00:00,monitoring,MLNUSDT,"Binance Will Extend the Monitoring Tag to Include FARM, HIGH, MLN, RESOLV, SYS, TRU & VELODROME, Remove the Seed Tag for XAUT on 2026-04-14",-422.34482758620874,-421.8448275862087,-587.862068965518,-584.862068965518,-677.5172413793099,-668.5172413793099,112.6310265660866,113.1310265660866,-90.71433256805504,-87.71433256805504,-159.58937356510236,-150.58937356510236,-169.68725361366532,-169.1872536136653,-205.8239159001309,-202.8239159001309,-100.69908015768813,-91.69908015768813,-91.70773829292676,-91.20773829292676,-476.9618067087347,-473.9618067087346,-370.6848223181671,-361.6848223181671,True,-439.43881420199915,-438.93881420199915,-594.5577387107894,-591.5577387107894,-666.9465701482271,-657.9465701482272,86.45749917952173,86.95749917952173,-113.73941581883783,-110.73941581883783,-159.68624876928092,-150.68624876928092,-169.53199868723254,-169.03199868723254,-189.223498523138,-186.223498523138,-57.9468329504431,-48.9468329504431,-84.96849087893742,-84.46849087893742,-479.6616915422893,-476.6616915422893,-366.8922056384729,-357.89220563847294
2026-04-17 09:00:06.263000+00:00,delist,DEGOUSDT,"Binance Will Delist DEGO, DENT, TRU on 2026-04-28",1487.6084573218493,1488.1084573218493,1616.817541111982,1619.8175411119819,3782.048551292091,3826.423351292091,1284.3686060132761,1284.8686060132761,1721.6977743069115,1724.6977743069115,3838.0585708707536,3882.4333708707536,496.2032813125259,496.7032813125259,1448.584233693477,1451.584233693477,3993.602240896359,4037.977040896359,192.8417132216007,193.34171322160074,914.4432029795155,918.2546029795155,2674.219739292365,2723.001339292365,False,,,,,,,,,,,,,,,,,,,,,,,,
2026-04-17 09:00:06.263000+00:00,delist,DENTUSDT,"Binance Will Delist DEGO, DENT, TRU on 2026-04-28",703.9005275056506,703.9005275056506,1457.4800301431799,1451.2331301431798,4449.1906556141685,4508.051155614168,916.3625730994138,916.3625730994138,1800.8654970760226,1794.6185970760225,4585.953216374269,4644.813716374269,640.6806526806538,640.6806526806538,1262.2812742812748,1256.0343742812747,4261.504273504274,4320.364773504274,330.2982885085579,325.7412885085579,1789.1409942950283,1782.8940942950283,3851.080684596577,3909.941184596577,False,,,,,,,,,,,,,,,,,,,,,,,,
2026-04-17 09:00:06.263000+00:00,delist,TRUUSDT,"Binance Will Delist DEGO, DENT, TRU on 2026-04-28",652.5410303742227,652.5410303742227,1582.2272193321016,1489.2036193321014,3431.5307937573425,3226.002293757342,867.3556870479946,867.3556870479946,1753.2859960552269,1660.2623960552269,3564.594345825115,3359.065845825115,957.767057657359,957.767057657359,1638.4212787047745,1545.3976787047743,3612.648934412689,3407.1204344126886,436.43049327354277,424.5700932735428,1309.9730941704033,1216.9494941704033,2893.829596412556,2688.301096412556,True,677.1937102709933,677.1937102709933,1588.8698561391764,1495.8462561391764,3423.9317497490797,3218.4032497490794,838.3625576796303,838.3625576796303,1710.1489782465392,1617.1253782465392,3506.457481872116,3300.928981872116,936.0476505625412,936.0476505625412,1629.2971542025145,1536.2735542025143,3570.0648577101256,3364.5363577101257,443.52367288378747,431.6632728837875,1293.5954088952658,1200.5718088952658,2859.2338593974177,2653.7053593974174
2026-04-21 12:00:32.132000+00:00,spot_fade,CHIPUSDT,Binance Will List Chip (CHIP) with Seed Tag Applied,-3289.830637488106,-3428.7154374881056,-12473.941008563273,-12695.718808563275,-11531.98097050428,-12059.207470504281,-2170.3850931677007,-2309.269893167701,-11453.881100266191,-11675.658900266193,-10189.462289263533,-10716.688789263533,-1361.2537313432829,-1500.138531343283,-11196.079601990052,-11417.857401990053,-8455.781094527363,-8983.007594527362,-398.1279942795859,-438.67569427958585,-9885.07829817662,-9980.77819817662,-5757.441544511979,-6151.83744451198,True,-3211.4362226920357,-3350.3210226920355,-12168.448202959835,-12390.226002959835,-11318.084096781773,-11845.310596781774,-2119.5837742504414,-2258.468574250441,-11314.910052910052,-11536.687852910052,-10104.592592592597,-10631.819092592596,-1302.8334983171655,-1441.7182983171656,-11047.438527024351,-11269.21632702435,-8388.559097208474,-8915.785597208473,-347.9999999999985,-388.5476999999985,-9841.333333333332,-9937.033233333332,-5697.333333333333,-6091.729233333333
2026-04-21 12:00:32.132000+00:00,spot_list,CHIPUSDT,Binance Will List Chip (CHIP) with Seed Tag Applied,3265.8306374881063,3404.715437488106,12449.941008563272,12671.718808563273,11507.980970504279,12035.20747050428,2146.3850931677007,2285.2698931677005,11429.88110026619,11651.658900266191,10165.46228926353,10692.688789263531,1337.2537313432829,1476.138531343283,11172.07960199005,11393.857401990052,8431.781094527363,8959.007594527362,374.1279942795859,414.67569427958585,9861.07829817662,9956.778198176622,5733.44154451198,6127.83744451198,True,3187.436222692036,3326.321022692036,12144.448202959833,12366.226002959833,11294.084096781771,11821.310596781772,2095.583774250441,2234.468574250441,11290.91005291005,11512.68785291005,10080.592592592595,10607.819092592594,1278.8334983171653,1417.7182983171654,11023.43852702435,11245.216327024349,8364.559097208474,8891.785597208474,323.9999999999985,364.54769999999854,9817.333333333332,9913.033233333332,5673.333333333334,6067.7292333333335
2026-04-30 07:00:05.981000+00:00,monitoring,VICUSDT,"Binance Will Extend the Monitoring Tag to Include NFP, NOM, POND, QUICK & VIC on 2026-04-30",1019.4091680814951,1017.1896680814951,692.5840407470293,682.6694407470294,280.8692699490665,268.05556994906647,839.0182207931393,836.7987207931393,568.9217577706316,559.0071577706316,198.07502679528335,185.26132679528334,713.3086419753074,712.8969419753074,345.14285714285586,336.0184571428559,137.91181657848296,127.81761657848295,-77.68144499178973,-78.09314499178974,-1177.845648604269,-1186.970048604269,-696.9636406286642,-707.0578406286642,False,,,,,,,,,,,,,,,,,,,,,,,,
2026-04-30 07:00:05.981000+00:00,monitoring,NFPUSDT,"Binance Will Extend the Monitoring Tag to Include NFP, NOM, POND, QUICK & VIC on 2026-04-30",1054.8670172802408,1054.0767172802407,468.84147257700937,459.6707725770094,-695.6964688204362,-818.6747688204362,885.1384377416869,884.3481377416869,189.08275328692972,179.9120532869297,-1094.7532869296208,-1217.7315869296208,621.0128205128194,618.3999205128194,-172.25641025640968,-180.3348102564097,-1125.7820512820529,-1247.470051282053,-355.6714165968158,-358.28431659681576,-2761.371332774517,-2769.449732774517,-1738.7393126571685,-1860.4273126571686,False,,,,,,,,,,,,,,,,,,,,,,,,
2026-04-30 07:00:05.981000+00:00,monitoring,QUICKUSDT,"Binance Will Extend the Monitoring Tag to Include NFP, NOM, POND, QUICK & VIC on 2026-04-30",-11.999999999999998,-11.999999999999998,-11.999999999999998,-11.999999999999998,-11.999999999999998,-11.999999999999998,-11.999999999999998,-11.999999999999998,-11.999999999999998,-11.999999999999998,-11.999999999999998,-11.999999999999998,-11.999999999999998,-11.999999999999998,-11.999999999999998,-11.999999999999998,-11.999999999999998,-11.999999999999998,-11.999999999999998,-11.999999999999998,-11.999999999999998,-11.999999999999998,-11.999999999999998,-11.999999999999998,False,,,,,,,,,,,,,,,,,,,,,,,,
2026-04-30 07:00:05.981000+00:00,monitoring,NOMUSDT,"Binance Will Extend the Monitoring Tag to Include NFP, NOM, POND, QUICK & VIC on 2026-04-30",67.47976878612707,64.81786878612706,482.9421965317913,474.7827965317913,909.2427745664742,884.1370745664741,132.19610670511895,129.53420670511898,539.5501081470798,531.3907081470797,903.6452775775048,878.5395775775047,400.18637992831543,400.3759799283154,704.8458781362008,698.1864781362007,923.4838709677415,898.2129709677415,486.00072700836085,486.19032700836084,413.299890948746,406.640490948746,816.7895310796067,791.5186310796067,True,63.81227436822991,61.150374368229905,493.41516245487304,485.25576245487304,904.9675090252704,879.8618090252704,114.21709340064902,111.55519340064903,532.5366029570853,524.3772029570853,882.3382618103134,857.2325618103134,399.59627773801,399.78587773800996,714.5569076592703,707.8975076592703,929.3027916964933,904.0318916964933,488.725689404935,488.915289404935,430.6705370101602,424.01113701016027,826.1712626995651,800.9003626995652
2026-04-30 09:07:29.704000+00:00,spot_fade,MEGAUSDT,Binance Will List MegaETH (MEGA) with Seed Tag Applied,1491.0258764607684,1444.4802764607684,2207.32387312187,2166.53867312187,3374.894824707846,3290.937724707846,1365.0611563347945,1318.5155563347944,2200.481736589438,2159.6965365894375,3376.64537674807,3292.6882767480697,650.995474619703,604.449874619703,1744.7199171255654,1703.9347171255654,3126.8692001526633,3042.9121001526632,169.1348653810607,169.63486538106073,399.55812950526837,401.5658295052684,2319.957365535088,2278.897165535088,True,1563.299958626397,1516.754358626397,2266.6512205213085,2225.866020521308,3430.2838229209765,3346.3267229209764,1389.5387814514456,1342.9931814514457,2226.5111249740075,2185.7259249740073,3396.192971511749,3312.235871511749,713.3914079852652,666.8458079852652,1786.0388970150063,1745.2536970150063,3162.0614334470997,3078.1043334470996,172.5018450184499,173.00184501844993,412.35424354243526,414.36194354243526,2325.023370233702,2283.963170233702
2026-04-30 09:07:29.704000+00:00,spot_list,MEGAUSDT,Binance Will List MegaETH (MEGA) with Seed Tag Applied,-1515.0258764607686,-1468.4802764607684,-2231.3238731218703,-2190.53867312187,-3398.8948247078456,-3314.9377247078455,-1389.0611563347945,-1342.5155563347946,-2224.481736589438,-2183.696536589438,-3400.6453767480693,-3316.6882767480693,-674.9954746197031,-628.4498746197031,-1768.7199171255654,-1727.9347171255654,-3150.869200152663,-3066.912100152663,-193.1348653810607,-193.63486538106073,-423.55812950526837,-425.5658295052684,-2343.957365535088,-2302.897165535088,True,-1587.2999586263973,-1540.754358626397,-2290.6512205213085,-2249.866020521308,-3454.283822920976,-3370.326722920976,-1413.5387814514459,-1366.9931814514457,-2250.5111249740075,-2209.7259249740077,-3420.1929715117485,-3336.2358715117484,-737.3914079852653,-690.8458079852653,-1810.0388970150063,-1769.2536970150063,-3186.0614334470993,-3102.104333447099,-196.5018450184499,-197.00184501844993,-436.3542435424352,-438.36194354243526,-2349.023370233702,-2307.963170233702
2026-05-13 08:00:04.681000+00:00,delist,PHBUSDT,"Binance Will Delist ATA, FARM, MLN, PHB, SYS on 2026-05-27",2047.0790616854904,2047.0790616854904,2802.9435273675062,2785.5966273675062,3506.6794092093833,3487.697509209383,1425.9699248120291,1425.9699248120291,1980.4812030075188,1963.1343030075188,2986.1203007518798,2967.1384007518795,1043.9006211180122,1043.9006211180122,1457.9792960662528,1440.6323960662526,1996.2815734989645,1977.2996734989645,1574.4332603938735,1569.6733603938735,305.2866520787743,287.9397520787743,939.8599562363238,920.8780562363239,False,,,,,,,,,,,,,,,,,,,,,,,,
2026-05-13 08:00:04.681000+00:00,delist,SYSUSDT,"Binance Will Delist ATA, FARM, MLN, PHB, SYS on 2026-05-27",2393.9293044469787,2394.4293044469787,2747.407069555303,2750.3036695553033,3613.99771949829,3622.89431949829,1767.1411042944771,1767.641104294477,2172.049079754601,2174.945679754601,3141.374233128834,3150.270833128834,858.1657458563527,858.6657458563526,1079.1602209944747,1082.0568209944747,1700.707182320442,1709.603782320442,590.4096385542166,590.9096385542166,-539.1084337349397,-536.2118337349397,515.1084337349407,524.0050337349408,False,,,,,,,,,,,,,,,,,,,,,,,,
2026-05-13 08:00:04.681000+00:00,delist,MLNUSDT,"Binance Will Delist ATA, FARM, MLN, PHB, SYS on 2026-05-27",1089.6291698991465,1081.6430698991464,-799.4321179208699,-814.6726179208699,344.86578743211686,49.427787432116816,525.546163315551,517.5600633155509,-1645.1555190808378,-1660.3960190808377,-176.13623307345082,-471.57423307345084,131.0487259722846,123.06262597228458,-2752.2771569065717,-2767.517656906572,-1214.5033527045139,-1509.9413527045137,515.4535235624744,513.1752235624745,-5515.6748811067855,-5556.671581106786,-1239.842628620839,-1532.1590286208389,True,1042.0645663166092,1034.0784663166091,-821.0237261765832,-836.2642261765832,314.7211201866982,19.28312018669817,524.4455364455379,516.4594364455379,-1609.0515970515953,-1624.2920970515954,-151.2301392301376,-446.6681392301376,95.38255033557076,87.39645033557076,-2772.6263982102905,-2787.8668982102904,-1237.9507829977624,-1533.3887829977625,507.03114186851116,504.7528418685112,-5608.885813148789,-5649.882513148788,-1244.6989619377173,-1537.0153619377172
2026-05-13 08:00:04.681000+00:00,delist,ATAUSDT,"Binance Will Delist ATA, FARM, MLN, PHB, SYS on 2026-05-27",2041.5714285714278,2041.5714285714278,2342.910714285713,2343.855414285713,3682.196428571428,3690.577728571428,1293.9250302297453,1293.9250302297453,1680.865779927448,1681.8104799274483,3143.9854897218866,3152.3667897218866,845.5197889182051,845.5197889182051,871.9050131926118,872.8497131926117,2257.1292875989443,2265.5105875989443,801.4642356241228,791.0519356241227,-1091.9438990182343,-1090.9991990182343,1081.9691444600285,1090.3504444600285,False,,,,,,,,,,,,,,,,,,,,,,,,
2026-05-14 10:00:03.676000+00:00,spot_fade,AIGENSYNUSDT,Binance Will List Gensyn (AIGENSYN) with Seed Tag Applied,-2260.803827751196,-2285.2987277511957,-1840.8144603934065,-1911.3429603934064,-261.86709197235336,-428.87759197235334,-1564.857865452706,-1589.3527654527059,-1266.4258978249868,-1336.9543978249867,276.31562974203416,109.30512974203415,-964.8110182885508,-989.3059182885509,125.72860690901001,55.20010690901002,1333.6762248814634,1166.6657248814636,73.2086519554296,62.470851955429595,1209.3240113611535,1161.6912113611534,1585.116014856893,1436.263114856893,True,-2264.3240371845945,-2288.8189371845942,-1844.6693227091619,-1915.1978227091618,-277.60424966799224,-444.61474966799227,-1589.2151898734178,-1613.7100898734177,-1310.7341772151906,-1381.2626772151907,253.8227848101269,86.81228481012687,-962.3386004514681,-986.833500451468,100.86681715575675,30.33831715575676,1331.1151241534976,1164.1046241534978,57.80802792321162,47.07022792321162,1200.9144851657936,1153.2816851657935,1595.766143106457,1446.9132431064572
2026-05-14 10:00:03.676000+00:00,spot_list,AIGENSYNUSDT,Binance Will List Gensyn (AIGENSYN) with Seed Tag Applied,2236.8038277511955,2261.2987277511957,1816.8144603934063,1887.3429603934064,237.86709197235336,404.8775919723534,1540.8578654527057,1565.3527654527059,1242.4258978249866,1312.9543978249867,-300.31562974203416,-133.30512974203415,940.8110182885507,965.3059182885506,-149.72860690901,-79.20010690901002,-1357.6762248814637,-1190.6657248814636,-97.20865195542959,-86.4708519554296,-1233.3240113611535,-1185.6912113611536,-1609.1160148568931,-1460.2631148568933,True,2240.324037184594,2264.8189371845942,1820.6693227091616,1891.1978227091618,253.60424966799224,420.61474966799227,1565.2151898734176,1589.7100898734177,1286.7341772151906,1357.2626772151905,-277.8227848101269,-110.81228481012687,938.338600451468,962.8335004514679,-124.86681715575675,-54.338317155756755,-1355.1151241534978,-1188.104624153498,-81.80802792321161,-71.0702279232116,-1224.9144851657936,-1177.2816851657938,-1619.7661431064573,-1470.9132431064572
2026-05-22 07:18:35.961000+00:00,spot_list,GENIUSUSDT,Binance Will List Genius Terminal (GENIUS) and OpenGradient (OPG) with Seed Tag Applied,703.7129881925516,703.2129881925517,928.9627611262472,927.4064611262471,2798.1725703905545,2790.6162703905547,1010.7486369618343,1010.2486369618343,1527.7631133671741,1526.2068133671742,3172.8091746568907,3165.252874656891,905.2220273588216,904.7220273588216,370.32199228340755,368.7656922834076,2281.9319537004544,2274.375653700454,720.0793085917642,719.5793085917643,-34.0301643789178,-35.5864643789178,1489.4404338247766,1481.8841338247764,True,697.090909090908,696.5909090909081,949.8181818181814,948.2618818181813,2817.090909090908,2809.534609090908,986.120300751879,985.6203007518791,1540.6315789473676,1539.0752789473677,3183.488721804509,3175.9324218045094,906.81465895143,906.3146589514301,368.50149044362547,366.9451904436255,2297.3108890057842,2289.7545890057845,752.266304347827,751.766304347827,1.5869565217405797,0.030656521740579614,1523.326086956523,1515.7697869565231
2026-05-22 07:18:35.961000+00:00,spot_fade,GENIUSUSDT,Binance Will List Genius Terminal (GENIUS) and OpenGradient (OPG) with Seed Tag Applied,-727.7129881925517,-727.2129881925518,-952.9627611262473,-951.4064611262472,-2822.172570390554,-2814.6162703905543,-1034.7486369618343,-1034.2486369618346,-1551.7631133671741,-1550.2068133671742,-3196.8091746568907,-3189.2528746568905,-929.2220273588217,-928.7220273588217,-394.32199228340755,-392.7656922834076,-2305.9319537004544,-2298.375653700454,-744.0793085917644,-743.5793085917644,10.030164378917807,11.586464378917805,-1513.4404338247766,-1505.8841338247767,True,-721.0909090909082,-720.5909090909082,-973.8181818181815,-972.2618818181815,-2841.0909090909076,-2833.5346090909075,-1010.1203007518791,-1009.6203007518792,-1564.6315789473679,-1563.075278947368,-3207.488721804509,-3199.932421804509,-930.8146589514301,-930.3146589514303,-392.50149044362547,-390.9451904436255,-2321.3108890057847,-2313.7545890057845,-776.2663043478271,-775.7663043478271,-25.586956521740575,-24.030656521740575,-1547.3260869565233,-1539.7697869565234
2026-05-22 07:18:35.961000+00:00,spot_fade,OPGUSDT,Binance Will List Genius Terminal (GENIUS) and OpenGradient (OPG) with Seed Tag Applied,660.268907563025,660.7689075630249,2701.58543417367,2684.76693417367,1903.266106442578,1835.704706442578,494.32911392405,494.82911392405003,2628.646976090013,2611.8284760900133,1865.637130801687,1798.075730801687,983.5827387020043,971.6177387020043,2825.240910635407,2802.002310635407,1938.390757730207,1870.829357730207,983.118287645511,971.153287645511,2203.5463762673667,2180.3077762673665,1148.3454750281628,1080.7840750281628,True,649.7647058823538,650.2647058823538,2684.07843137255,2667.25993137255,1892.7619047619057,1825.2005047619057,481.13138429024406,481.63138429024406,2601.596336738288,2584.777836738288,1837.2426910884108,1769.6812910884107,963.1953788651035,951.2303788651035,2815.047230716956,2791.808630716956,1921.4012911994569,1853.8398911994568,974.8667917448414,962.9017917448414,2179.3696060037523,2156.131006003752,1151.2270168855541,1083.665616885554
2026-05-22 07:18:35.961000+00:00,spot_list,OPGUSDT,Binance Will List Genius Terminal (GENIUS) and OpenGradient (OPG) with Seed Tag Applied,-684.2689075630251,-684.7689075630251,-2725.5854341736695,-2708.7669341736696,-1927.2661064425781,-1859.704706442578,-518.32911392405,-518.82911392405,-2652.6469760900127,-2635.828476090013,-1889.6371308016871,-1822.075730801687,-1007.5827387020045,-995.6177387020044,-2849.2409106354066,-2826.0023106354065,-1962.3907577302073,-1894.8293577302072,-1007.1182876455111,-995.1532876455111,-2227.5463762673667,-2204.3077762673665,-1172.3454750281628,-1104.784075028163,True,-673.764705882354,-674.264705882354,-2708.0784313725494,-2691.2599313725495,-1916.7619047619057,-1849.200504761906,-505.13138429024406,-505.63138429024406,-2625.5963367382874,-2608.7778367382875,-1861.2426910884108,-1793.681291088411,-987.1953788651036,-975.2303788651036,-2839.0472307169557,-2815.8086307169556,-1945.401291199457,-1877.839891199457,-998.8667917448415,-986.9017917448415,-2203.3696060037523,-2180.131006003752,-1175.2270168855541,-1107.6656168855543
2026-05-22 08:00:04.004000+00:00,monitoring,EPICUSDT,"Binance Will Extend the Monitoring Tag to Include ALCX, COOKIE, DODO, EPIC, HEI, HFT, STORJ, SYN & TLM on 2026-05-22",846.2621082621089,845.3271082621089,1636.8603988603988,1638.2862988603988,1562.0740740740732,1569.4999740740732,876.252148997134,875.3171489971339,1599.747851002866,1601.1737510028659,1506.62464183381,1514.0505418338098,-54.45465071401,-55.389650714009996,1022.3496719413347,1023.7755719413346,763.7622539560016,771.1881539560015,362.5610612563388,363.0610612563388,581.055013655871,583.915913655871,963.4194303550511,972.2803303550512,True,849.5165539337843,848.5815539337843,1614.9134923460304,1616.3393923460303,1557.9537201851188,1565.3796201851187,876.252148997134,875.3171489971339,1581.8395415472783,1583.2654415472782,1499.4613180515767,1506.8872180515766,-73.75221922037677,-74.68721922037676,1014.6306445387874,1016.0565445387873,740.6051717483595,748.0310717483594,346.8143525741039,347.3143525741039,573.0234009360378,575.8843009360378,955.2386895475826,964.0995895475826
2026-05-22 08:00:04.004000+00:00,monitoring,DODOUSDT,"Binance Will Extend the Monitoring Tag to Include ALCX, COOKIE, DODO, EPIC, HEI, HFT, STORJ, SYN & TLM on 2026-05-22",,,,,,,,,,,,,,,,,,,,,,,,,False,,,,,,,,,,,,,,,,,,,,,,,,
2026-05-22 08:00:04.004000+00:00,monitoring,COOKIEUSDT,"Binance Will Extend the Monitoring Tag to Include ALCX, COOKIE, DODO, EPIC, HEI, HFT, STORJ, SYN & TLM on 2026-05-22",856.2811577082105,855.4679577082105,1872.2291789722387,1867.5283789722384,1836.789131718843,1829.929131718843,683.2841596130587,682.4709596130588,1656.6819830713416,1651.9811830713415,1656.6819830713416,1649.8219830713417,59.15135834411368,58.33815834411368,945.3091849935322,940.6083849935322,1022.9288486416551,1016.0688486416551,253.02908855849938,251.9466885584994,1009.3316095669034,1005.1613095669034,1145.0782159017456,1137.4434159017455,True,851.351836541869,850.5386365418691,1867.650407464274,1862.9496074642736,1831.03767568206,1824.17767568206,682.5702723923407,681.7570723923408,1665.840188439934,1661.139388439934,1646.5130156429295,1639.6530156429296,55.18346253229979,54.37026253229979,958.9302325581403,954.2294325581403,1037.095607235142,1030.235607235142,252.19481945610724,251.11241945610723,1015.7113881532207,1011.5410881532207,1139.0884309799108,1131.4536309799107
2026-05-22 08:00:04.004000+00:00,monitoring,HEIUSDT,"Binance Will Extend the Monitoring Tag to Include ALCX, COOKIE, DODO, EPIC, HEI, HFT, STORJ, SYN & TLM on 2026-05-22",756.7894434882392,756.0135434882391,520.128514056226,521.368514056226,1557.1336775674135,1563.1312775674137,686.044895003621,685.2689950036211,428.2606806661846,429.5006806661846,1462.2939898624186,1468.2915898624185,-31.969278033793444,-32.745178033793444,-236.27035330260912,-235.03035330260914,737.6159754224274,743.6135754224274,-266.3818830463795,-265.9774830463795,-376.51062509694543,-373.9947250969454,520.0304017372424,527.3039017372424,True,747.0759075907594,746.3000075907593,506.0083225713883,507.24832257138826,1557.8091548285274,1563.8067548285276,675.1556973035653,674.3797973035652,389.56567120904543,390.8056712090454,1459.4409973905472,1465.4385973905473,-47.35741737125342,-48.13331737125341,-234.90545734050758,-233.6654573405076,732.0430438124512,738.0406438124512,-279.03927961496674,-278.6348796149668,-381.5078403974539,-378.99194039745385,511.2106815711846,518.4841815711845
2026-05-22 08:00:04.004000+00:00,monitoring,HFTUSDT,"Binance Will Extend the Monitoring Tag to Include ALCX, COOKIE, DODO, EPIC, HEI, HFT, STORJ, SYN & TLM on 2026-05-22",927.1435011269732,927.1435011269732,897.0909090909093,899.5052090909094,1175.077385424493,1184.965785424493,733.5803228285939,733.5803228285939,702.8347425057655,705.2490425057655,987.23136049193,997.11976049193,20.976092333059096,20.976092333059096,29.22011541632276,31.63441541632276,144.63643858202846,154.52483858202848,-20.264462809917102,-19.850162809917105,376.4297520661162,378.8440520661162,120.23140495867814,130.11980495867815,True,900.6447150804383,900.6447150804383,893.8788152157571,896.293115215757,1157.7489099383552,1167.6373099383552,730.5894639840279,730.5894639840279,722.1422208570114,724.5565208570114,1002.4371064352641,1012.3255064352642,12.732069249794321,12.732069249794321,40.76174773289344,43.176047732893444,139.69002473206962,149.5784247320696,-40.1107895824717,-39.6964895824717,394.7796610169483,397.1939610169483,109.53782554774617,119.42622554774617
2026-05-22 08:00:04.004000+00:00,monitoring,TLMUSDT,"Binance Will Extend the Monitoring Tag to Include ALCX, COOKIE, DODO, EPIC, HEI, HFT, STORJ, SYN & TLM on 2026-05-22",112.04016538688722,112.54016538688722,1204.7749556999406,1207.0225556999408,1399.6952155936212,1406.3524155936213,17.815146094216427,18.315146094216427,1126.938580799047,1129.186180799047,1305.8294573643411,1312.4866573643412,379.6913946587541,380.1913946587542,1121.531157270029,1123.778757270029,1323.3115727002973,1329.9687727002974,730.5149700598798,731.0149700598797,1155.6646706586835,1157.9122706586834,1293.3892215568862,1300.0464215568863,True,91.59933696424406,92.09933696424406,1158.3765095903395,1160.6241095903395,1365.5751835188264,1372.2323835188265,5.309299271816015,5.809299271816015,1099.3763877283045,1101.6239877283044,1280.2287214993444,1286.8859214993445,368.0094854161729,368.5094854161729,1123.8785866729902,1126.1261866729903,1304.6943324638369,1311.351532463837,734.5454327929654,735.0454327929654,1164.6465274869886,1166.8941274869885,1298.0436681222704,1304.7008681222705
2026-05-22 08:00:04.004000+00:00,monitoring,SYNUSDT,"Binance Will Extend the Monitoring Tag to Include ALCX, COOKIE, DODO, EPIC, HEI, HFT, STORJ, SYN & TLM on 2026-05-22",330.5076452599385,331.0076452599385,385.55351681957205,388.5535168195721,901.3537206931707,909.8926206931707,320.65306122448936,321.15306122448936,361.4693877551032,364.4693877551032,885.9591836734689,894.498083673469,-493.2951214176331,-492.7951214176331,-136.6991905491135,-133.6991905491135,241.77379129293388,250.31269129293386,184.65891308944805,185.15891308944808,252.32649608796766,255.32649608796768,651.9881581729744,660.5270581729744,False,,,,,,,,,,,,,,,,,,,,,,,,
2026-05-22 08:00:04.004000+00:00,monitoring,STORJUSDT,"Binance Will Extend the Monitoring Tag to Include ALCX, COOKIE, DODO, EPIC, HEI, HFT, STORJ, SYN & TLM on 2026-05-22",60.661217075387086,59.963417075387085,778.1907356948223,747.2688356948223,478.46321525885617,381.95031525885616,78.33423667569984,77.63643667569984,801.0081300813018,770.0862300813019,520.9719963866308,424.45909638663085,-66.99541704858002,-67.69321704858002,602.1154903758018,571.1935903758017,336.3043079743353,239.79140797433533,161.51598173515947,159.09818173515947,636.4018264840174,604.4414264840174,408.09132420091413,311.34042420091413,True,57.86661827420471,57.16881827420471,777.4020506306142,746.4801506306143,489.76934942382735,393.25644942382735,67.46541448437871,66.76761448437871,802.5204984648724,771.5985984648723,517.1674191800622,420.65451918006215,-66.91488193300364,-67.61268193300364,607.6229178107271,576.7010178107271,350.43822075782475,253.92532075782472,168.49225159526117,166.07445159526117,656.1859617137652,624.2255617137653,420.99908842297174,324.2481884229717
2026-06-05 07:00:07.472000+00:00,delist,MBOXUSDT,"Binance Will Delist COS, D, HIGH, MBOX on 2026-06-19",1214.2156448202954,1205.7882448202954,2408.718816067653,2182.5524160676528,2789.268498942917,2394.1925989429174,734.9342251950949,726.506825195095,2016.985507246377,1790.819107246377,2485.2129319955416,2090.1370319955413,761.6063708759954,754.4491708759954,1819.6268486916942,1598.103848691694,2240.5597269624564,1855.0251269624562,204.08643457383116,196.92923457383114,1140.4609843937583,900.8962843937582,1524.614645858344,1118.073645858344,True,1089.1427961123566,1080.7153961123565,2268.2520559649683,2042.0856559649685,2729.6426359072943,2334.5667359072945,671.4733893557432,663.0459893557431,1944.3025210084038,1718.136121008404,2458.5882352941176,2063.5123352941177,761.6877982276768,754.5305982276768,1788.7271074755736,1567.2041074755734,2261.3469665985017,1875.8123665985015,200.1030557219894,192.9458557219894,1082.0683043738763,842.5036043738762,1523.0509286998204,1116.5099286998204
2026-06-05 07:00:07.472000+00:00,delist,COSUSDT,"Binance Will Delist COS, D, HIGH, MBOX on 2026-06-19",491.97877984084903,444.55207984084905,1115.3209549071616,983.1791549071617,823.5437665782493,344.9306665782494,1038.000000000001,990.5733000000008,1612.9999999999998,1480.8582,1400.4999999999998,921.8868999999997,1437.451887941534,1431.429187941534,1741.9585870889161,1645.7108870889163,1559.2545676004875,1115.5965676004873,184.07843137254943,178.05573137254945,310.1288515406162,213.88115154061623,506.20728291316567,62.54928291316561,False,,,,,,,,,,,,,,,,,,,,,,,,
2026-06-05 07:00:07.472000+00:00,delist,HIGHUSDT,"Binance Will Delist COS, D, HIGH, MBOX on 2026-06-19",14.420079260238706,7.0111792602387055,476.77146631440047,450.6922663144005,80.47027741083325,-100.20612258916674,502.4291091593467,495.0202091593467,866.2936010037633,840.2144010037633,627.8996235884557,447.2232235884557,986.7966305655826,986.7966305655826,866.4596871239457,838.7704871239458,890.5270758122738,718.3764758122737,-65.26231691078486,-65.26231691078486,-744.356857523302,-772.0460575233019,-318.25832223701633,-490.40892223701627,True,11.74356944994105,4.33466944994105,480.01952249043666,453.9403224904367,80.33610341643717,-100.34029658356283,488.62735257214496,481.21845257214494,855.0012547051441,828.9220547051442,614.097867001254,433.42146700125403,1002.5275543282505,1002.5275543282505,876.4620002401255,848.7728002401255,912.4807299795887,740.3301299795886,-15.978252221188415,-15.978252221188415,-766.5418379525271,-794.231037952527,-283.8472351147061,-455.99783511470605
2026-06-18 07:00:18.693000+00:00,monitoring,ACTUSDT,"Binance Will Extend the Monitoring Tag to Include ACT, BLUR, PIVX & QKC on 2026-06-18",-478.20046620046594,-477.70046620046594,-653.0256410256388,-651.2905410256388,-711.3006993007001,-706.2560993007002,-320.9244851258588,-320.4244851258588,-469.6659038901609,-467.9308038901609,-515.4324942791768,-510.3878942791768,-145.77926421404672,-145.70306421404672,-502.5239687848373,-500.7888687848373,-279.55852842809344,-274.51392842809344,32.49388209121219,32.57008209121219,-1413.557285873194,-1411.822185873194,-145.48164627363877,-140.43704627363877,True,-490.1341107871717,-489.6341107871717,-659.2303206997077,-657.4952206997077,-733.8658892128294,-728.8212892128295,-310.28571428571314,-309.78571428571314,-448.57142857142617,-446.8363285714261,-513.7142857142832,-508.6696857142831,-132.48192771084487,-132.40572771084487,-501.7367246764839,-500.00162467648386,-297.5867916108901,-292.54219161089003,26.997214484679525,27.07341448467952,-1433.7270194986065,-1431.9919194986066,-178.01671309192102,-172.972113091921
2026-06-18 07:00:18.693000+00:00,monitoring,BLURUSDT,"Binance Will Extend the Monitoring Tag to Include ACT, BLUR, PIVX & QKC on 2026-06-18",-99.44534665833913,-98.94534665833913,275.32042473454067,261.3959247345407,212.859462835727,194.94276283572702,-5.788819875776274,-5.288819875776274,335.826086956522,321.901586956522,255.08074534161463,237.16404534161464,129.71287738755422,121.98227738755422,419.3000616142948,402.6775616142948,320.71719038817093,302.80049038817094,191.82952439777614,184.09892439777613,303.009264978382,286.386764978382,303.009264978382,285.09256497838203,True,-101.83156581410023,-101.33156581410023,276.8334373050527,262.90893730505275,215.07423580786036,197.15753580786037,-14.48462637430835,-13.984626374308352,322.803403938132,308.878903938132,242.05304677309172,224.13634677309173,115.59662207976419,107.86602207976418,402.226715157493,385.604215157493,304.21771558898007,286.3010155889801,194.0456508328179,186.31505083281792,302.0037014188768,285.3812014188768,292.13325107958025,274.21655107958026
2026-06-26 09:00:15.053000+00:00,delist,NFPUSDT,"Binance Will Delist ALCX, ARDR, NFP, POND on 2026-07-10",613.4319281271592,613.1803281271592,65.74706288873557,67.46136288873556,126.21700069108434,157.56470069108437,570.9596412556059,570.708041255606,24.219385995170942,25.933685995170944,10.421524663677197,41.7692246636772,-811.3760967050113,-811.6276967050112,-2271.699746539288,-2269.9854465392878,-943.955546890233,-912.6078468902331,282.88130563798285,283.3813056379829,-2409.9970326409484,-2412.0240326409485,-503.4688427299696,-455.64014272996957,False,,,,,,,,,,,,,,,,,,,,,,,,
2026-07-03 06:00:11.367000+00:00,monitoring,VANRYUSDT,"Binance Will Extend the Monitoring Tag to Include AEUR, PYR, SCRT & VANRY on 2026-07-03",-100.82815169115155,-100.32815169115155,-90.57874957294175,-87.57874957294175,-7572.642295866073,-8291.190095866074,-426.47137337548236,-425.9713733754823,-380.8092729188619,-377.8092729188619,-8340.064629434493,-9058.612429434494,271.1109664822662,271.61096648226624,411.03937520338565,414.03937520338565,-7177.636186137325,-7908.227386137325,95.96221322537103,96.46221322537103,-221.17678812415684,-218.17678812415684,-12208.356275303644,-12975.184775303645,True,-135.07692307692352,-134.57692307692352,-73.53846153846176,-70.53846153846176,-7663.282051282051,-8381.829851282051,-423.2478031634437,-422.7478031634437,-359.9789103690689,-356.9789103690689,-8458.39718804921,-9176.94498804921,293.8900097624484,294.3900097624484,427.31012040351436,430.31012040351436,-7291.531402538233,-8022.122602538233,102.78730587440866,103.28730587440866,-190.93315327481395,-187.93315327481395,-12375.26806212019,-13142.096562120192
2026-07-03 06:00:11.367000+00:00,monitoring,SCRTUSDT,"Binance Will Extend the Monitoring Tag to Include AEUR, PYR, SCRT & VANRY on 2026-07-03",42.336013910019076,42.836013910019076,-737.9291458378603,-734.9291458378603,-1124.8015648771996,-1115.8015648771996,-332.3248364538691,-331.82483645386907,-1175.9972930295507,-1172.9972930295507,-1543.6941123392726,-1534.6941123392724,-100.18342151675651,-99.68342151675651,-1109.8835978836,-1106.8835978836,-1250.9770723104054,-1241.9770723104054,-211.29916776171729,-210.79916776171729,-393.07752956636045,-390.0775295663604,-2351.027595269383,-2342.027595269383,True,31.554006968642426,32.054006968642426,-778.5505226480818,-775.5505226480819,-1174.8919860627175,-1165.8919860627175,-355.27009936766075,-354.7700993676607,-1195.3785004516706,-1192.3785004516708,-1574.7822944896132,-1565.782294489613,-135.86640123866366,-135.36640123866366,-1162.1880115018803,-1159.1880115018805,-1312.5972130059718,-1303.5972130059718,-228.63019693654473,-228.1301969365447,-414.62582056892705,-411.625820568927,-2322.722100656455,-2313.722100656455
2026-07-17 07:30:01.964000+00:00,spot_list,AEROUSDT,Binance Will List Aerodrome (AERO) with Seed Tag Applied,-244.64984227129304,-244.79244227129303,-763.1829652996838,-749.0688652996838,-1151.5899053627757,-1112.7763053627757,-84.05764611689314,-84.20024611689314,-614.481985588471,-600.367885588471,-1048.8294635708576,-1010.0158635708575,-78.95069993913671,-75.1739999391367,-559.7784540474751,-541.6578540474751,-924.9640900791237,-886.0704900791237,-296.33151845130067,-292.55481845130066,-729.8866706997378,-711.7660706997378,-1000.1024400080663,-961.2088400080663,True,-246.4827586206888,-246.6253586206888,-762.7389162561574,-748.6248162561574,-1156.8275862068958,-1118.0139862068959,-87.98480303939169,-88.12740303939171,-617.8788242351532,-603.7647242351532,-1053.7916416716655,-1014.9780416716656,-82.96512570965108,-79.18842570965107,-555.3901054339019,-537.2695054339019,-926.4363341443641,-887.5427341443641,-296.27419354838725,-292.49749354838724,-731.7580645161295,-713.6374645161295,-997.887096774194,-958.9934967741941
2026-07-17 07:30:01.964000+00:00,spot_fade,AEROUSDT,Binance Will List Aerodrome (AERO) with Seed Tag Applied,220.64984227129304,220.79244227129303,739.1829652996837,725.0688652996837,1127.5899053627754,1088.7763053627755,60.05764611689314,60.20024611689314,590.4819855884712,576.367885588471,1024.8294635708573,986.0158635708574,54.95069993913672,51.17399993913672,535.7784540474751,517.6578540474751,900.9640900791235,862.0704900791236,272.33151845130067,268.55481845130066,705.8866706997377,687.7660706997376,976.1024400080662,937.2088400080662,True,222.4827586206888,222.6253586206888,738.7389162561573,724.6248162561573,1132.8275862068956,1094.0139862068957,63.98480303939171,64.12740303939171,593.8788242351532,579.7647242351532,1029.7916416716655,990.9780416716654,58.96512570965108,55.18842570965108,531.3901054339019,513.2695054339019,902.436334144364,863.542734144364,272.27419354838725,268.49749354838724,707.7580645161294,689.6374645161293,973.8870967741939,934.9934967741939
2026-07-24 03:00:06.343000+00:00,monitoring,ACXUSDT,"Binance Will Extend the Monitoring Tag to Include ACX, LSK & STX on 2026-07-24",-1372.7257203842062,-1372.2257203842062,-977.8484525080047,-974.8484525080048,-1119.2572038420492,-1110.2572038420492,-884.5690890481076,-884.0690890481076,-592.8597748208811,-589.8597748208811,-667.0665301944748,-658.0665301944748,-212.0482043866003,-211.5482043866003,-146.97228247770553,-143.97228247770553,-38.51241262954906,-29.51241262954906,60.85546415981115,61.35546415981115,225.3678025851933,228.36780258519332,119.60987074030461,128.60987074030461,True,-1388.2693746659527,-1387.7693746659527,-1000.7760555852477,-997.7760555852477,-1134.3944414751452,-1125.3944414751454,-895.2565284178196,-894.7565284178197,-603.3978494623651,-600.397849462365,-672.5222734255012,-663.5222734255012,-226.45783132530093,-225.95783132530093,-151.75903614457775,-148.75903614457775,-50.55421686747018,-41.55421686747018,58.4556129638334,58.9556129638334,232.24612494128638,235.2461249412864,112.47158290277206,121.47158290277206
2026-07-24 03:00:06.343000+00:00,monitoring,LSKUSDT,"Binance Will Extend the Monitoring Tag to Include ACX, LSK & STX on 2026-07-24",-710.8564167725531,-710.3564167725532,-304.24904701397713,-301.24904701397713,-253.4231257941557,-244.42312579415568,-591.3450881612094,-590.8450881612094,-226.10579345088277,-223.10579345088274,-150.53904282115968,-141.53904282115968,-268.09756097560773,-267.59756097560773,170.92682926829283,173.92682926829286,219.70731707317094,228.70731707317097,166.35909631391033,166.85909631391036,475.51486325802506,478.51486325802506,487.40546967895295,496.4054696789529,True,-673.941526389065,-673.441526389065,-258.8042019997485,-255.8042019997485,-209.44336159979835,-200.44336159979835,-561.0097768864377,-560.5097768864376,-166.17397844071036,-163.17397844071033,-109.7688643770369,-100.7688643770369,-279.0406048042917,-278.54060480429166,161.14961590050083,164.14961590050083,202.6079746372387,211.6079746372387,164.00190272327177,164.50190272327177,464.87002021643445,467.87002021643445,475.57283862528203,484.572838625282
2026-07-24 03:00:06.343000+00:00,monitoring,STXUSDT,"Binance Will Extend the Monitoring Tag to Include ACX, LSK & STX on 2026-07-24",43.05849965588561,43.05849965588561,442.2326221610471,376.9110221610471,49.94081211287062,-38.37038788712938,340.8628495339548,340.8628495339548,727.0146471371505,661.6930471371505,374.15179760319586,285.8405976031959,29.01161995898939,4.422919958989389,575.8332194121683,510.5116194121682,172.55228981544835,84.24108981544836,1.7931034482741144,-22.795596551725886,636.2758620689655,570.9542620689654,160.41379310344863,72.10259310344863,True,70.53094910591564,70.53094910591564,455.6753782668497,390.35377826684964,63.653370013754056,-24.657829986245943,354.178428761651,354.178428761651,733.672436750998,668.3508367509982,374.15179760319586,285.8405976031959,56.30601092896127,31.717310928961272,589.0928961748641,523.771296174864,186.08743169398957,97.77623169398957,-11.999999999999998,-36.588699999999996,624.2378976486871,558.9162976486871,133.22821576763656,44.91701576763656
2026-08-03 03:30:10.683000+00:00,delist,ACXUSDT,"Binance Will Delist ACX, HFT, PIVX, PYR, VANRY, VIC on 2026-08-17",-518.4377682403442,-517.9377682403442,-1605.7052932761087,-1602.7052932761087,-1319.58226037196,-1307.48706037196,-184.94281729428153,-184.4428172942815,-1548.9595536959557,-1545.959553695956,-1049.6569037656914,-1037.5617037656914,15.77777777777657,16.27777777777657,-967.5555555555562,-964.5555555555562,-989.7777777777775,-977.6825777777774,-1064.6315789473695,-1064.1315789473697,34.12045577862101,37.12045577862101,-747.214324470972,-735.1191244709719,True,-518.5827132226675,-518.0827132226674,-1597.575271894677,-1594.5752718946771,-1337.1287922152267,-1325.0335922152267,-219.05092333519693,-218.5509233351969,-1573.2758813654182,-1570.2758813654184,-1078.0324566312252,-1065.9372566312252,10.197558268591823,10.697558268591822,-949.8468368479442,-946.8468368479444,-969.2697003329612,-957.1745003329611,-1048.0726878220762,-1047.5726878220762,28.68348250610199,31.68348250610199,-738.8782207756997,-726.7830207756997
2026-08-03 03:30:10.683000+00:00,delist,HFTUSDT,"Binance Will Delist ACX, HFT, PIVX, PYR, VANRY, VIC on 2026-08-17",817.0816326530603,817.0816326530603,-2958.428571428572,-2955.4285714285716,-13200.775510204086,-13107.446510204087,-281.88636363636465,-281.88636363636465,-4088.7045454545455,-4085.7045454545455,-15580.181818181818,-15486.852818181818,476.1266490765168,477.12664907651686,-2729.6781002638513,-2726.6781002638513,-16555.53562005277,-16462.20662005277,43.632823365785455,44.63282336578546,-2946.6314325452004,-2943.6314325452,-21792.250347705143,-21698.92134770514,True,835.6736775015936,835.6736775015936,-2910.6615678776293,-2907.6615678776293,-13015.186743148506,-12921.857743148506,-281.92470521380875,-281.92470521380875,-4039.5607330586745,-4036.5607330586745,-15409.073447932948,-15315.744447932948,474.3864657679085,475.3864657679085,-2710.9162040708447,-2707.9162040708443,-16368.066613798574,-16274.737613798574,58.981210855950444,59.981210855950444,-2933.363952679192,-2930.3639526791917,-21565.235908141956,-21471.90690814196
2026-08-03 03:30:10.683000+00:00,delist,VICUSDT,"Binance Will Delist ACX, HFT, PIVX, PYR, VANRY, VIC on 2026-08-17",321.69214208826656,321.90854208826664,-11282.18299246502,-11298.93759246502,-2599.011123071403,-2557.996423071403,-57.09582863585049,-56.87942863585049,-12195.389703119128,-12212.144303119128,-3153.6760616309643,-3112.6613616309646,184.43506729719817,184.9350672971982,-11001.450709348857,-11018.857609348857,-2958.5260094579835,-2917.2277094579836,-1737.286930766381,-1736.7869307663811,-7505.520918178453,-7522.927818178453,-5080.493150684932,-5039.194850684931,False,,,,,,,,,,,,,,,,,,,,,,,,
2026-08-03 03:30:10.683000+00:00,delist,VANRYUSDT,"Binance Will Delist ACX, HFT, PIVX, PYR, VANRY, VIC on 2026-08-17",-447.0417163289633,-478.5704163289633,-1314.1454112038145,-1454.0349112038145,-715.2181168057217,-1032.0541168057218,359.6028840820851,328.0741840820851,-405.78813089295585,-545.6776308929558,35.14364947309924,-281.6923505269007,638.362805697393,621.331005697393,-398.9927438860521,-519.5798438860521,436.80408492340763,145.86028492340762,686.9401317674026,669.9083317674026,-751.0432540819259,-871.6303540819259,-201.05757662560862,-492.0013766256086,True,-394.67576386828983,-426.20446386828985,-1266.8205280332247,-1406.7100280332247,-667.5918125185412,-984.4278125185413,338.09724923590005,306.56854923590004,-423.2253403723254,-563.1148403723254,7.449847179772163,-309.38615282022784,648.5800214822765,631.5482214822765,-385.2545649838892,-505.8416649838892,455.23952738990215,164.29572738990217,687.140401146131,670.108601146131,-768.4469914040118,-889.0340914040117,-201.11174785100292,-492.05554785100287
2026-08-11 09:00:12.289000+00:00,monitoring,RAREUSDT,"Binance Will Extend the Monitoring Tag to Include GLMR, ICX, MOVR, RARE & SOPH on 2026-08-11",385.14058776807,385.6405877680701,178.62748212867353,181.62748212867356,742.5671167593337,728.7649167593337,368.04750593824355,368.54750593824355,201.77672209026198,204.776722090262,803.5186064924791,789.716406492479,-128.3757273482946,-127.8757273482946,-269.6891105569401,-266.6891105569401,436.8778054862852,423.0756054862852,-161.25373134328402,-160.753731343284,-2391.7678275290223,-2391.8234275290224,742.560530679933,727.4824306799329,True,361.96562698917893,362.46562698917893,153.4996817313814,156.49968173138143,726.3831954169317,712.5809954169317,373.58786346396977,374.0878634639698,206.0783817951959,209.07838179519592,790.7812895069541,776.9790895069541,-130.67219917012451,-130.17219917012451,-267.6016597510369,-264.60165975103683,428.6639004149382,414.8617004149382,-171.1775824904662,-170.6775824904662,-2402.1508870834023,-2402.206487083402,726.6834687448185,711.6053687448184
2026-08-11 09:00:12.289000+00:00,monitoring,GLMRUSDT,"Binance Will Extend the Monitoring Tag to Include GLMR, ICX, MOVR, RARE & SOPH on 2026-08-11",-11.999999999999998,-11.999999999999998,-11.999999999999998,-11.999999999999998,-11.999999999999998,-11.999999999999998,-11.999999999999998,-11.999999999999998,-11.999999999999998,-11.999999999999998,-11.999999999999998,-11.999999999999998,-11.999999999999998,-11.999999999999998,-11.999999999999998,-11.999999999999998,-11.999999999999998,-11.999999999999998,-11.999999999999998,-11.999999999999998,-11.999999999999998,-11.999999999999998,-11.999999999999998,-11.999999999999998,False,,,,,,,,,,,,,,,,,,,,,,,,
2026-08-11 09:00:12.289000+00:00,monitoring,MOVRUSDT,"Binance Will Extend the Monitoring Tag to Include GLMR, ICX, MOVR, RARE & SOPH on 2026-08-11",1352.9289099526063,1353.428909952606,1466.6729857819903,1469.67298578199,2755.7725118483413,2764.260511848341,1230.82982791587,1231.3298279158698,1402.91395793499,1405.9139579349899,2712.6653919694077,2721.1533919694075,176.2845188284521,176.78451882845212,887.5815899581582,890.5815899581581,2069.5899581589956,2078.077958158996,-451.0779363336983,-450.5779363336983,-593.7782656421499,-590.7782656421499,1821.1503841931951,1829.6383841931952,True,1324.49289099526,1324.9928909952598,1457.1943127962081,1460.1943127962081,2727.336492890995,2735.824492890995,1245.1428571428567,1245.6428571428567,1426.0952380952383,1429.0952380952383,2730.8571428571436,2739.3451428571434,176.2845188284521,176.78451882845212,887.5815899581582,890.5815899581581,2069.5899581589956,2078.077958158996,-439.63157894736725,-439.13157894736725,-571.2105263157898,-568.2105263157898,1819.1403508771928,1827.6283508771928
2026-08-11 09:00:12.289000+00:00,monitoring,ICXUSDT,"Binance Will Extend the Monitoring Tag to Include GLMR, ICX, MOVR, RARE & SOPH on 2026-08-11",118.18322082931633,118.68322082931633,-494.1600771456103,-491.1600771456103,1183.7569913211196,1191.9188913211196,26.759689922480693,27.259689922480693,-506.1860465116288,-503.1860465116288,1136.255813953487,1144.417713953487,31.082814743896638,31.58281474389664,-442.82814743896637,-439.8281474389663,1294.8453805648637,1303.0072805648638,-564.0273571079648,-563.5273571079648,-598.2237420615535,-595.2237420615535,1131.1362970200287,1139.2981970200285,True,103.8301158301145,104.3301158301145,-528.4092664092678,-525.4092664092678,1180.0849420849422,1188.246842084942,26.740920096852484,27.240920096852488,-515.6319612590789,-512.6319612590789,1140.5423728813555,1148.7042728813553,31.06220095693814,31.56220095693814,-442.62200956937914,-439.6220095693791,1299.004784688995,1307.1666846889948,-558.6081015129331,-558.1081015129331,-592.7711078574918,-589.7711078574918,1134.900927281601,1143.062827281601
2026-08-11 09:00:12.289000+00:00,monitoring,SOPHUSDT,"Binance Will Extend the Monitoring Tag to Include GLMR, ICX, MOVR, RARE & SOPH on 2026-08-11",56.80127017729554,57.301270177295535,-115.20190526594386,-112.27700526594387,956.5101878803914,963.3920878803914,-30.552875695732048,-30.052875695732048,-136.56930824277902,-133.644408242779,942.1478929234037,949.0297929234038,-254.40809802877015,-253.90809802877015,-105.23388385721776,-102.30898385721775,1013.5727224294086,1020.4546224294087,-307.8422174840081,-307.3422174840081,-126.6055437100224,-123.9082437100224,971.4754797441358,978.3573797441359,True,48.83046813012416,49.33046813012416,-136.30573922242783,-133.38083922242782,945.4186723089128,952.3005723089128,-6.715984147951592,-6.215984147951592,-136.17437252311592,-133.2494725231159,949.6908850726556,956.5727850726557,-278.2406815761464,-277.7406815761464,-137.13312034078794,-134.20822034078793,1002.3769968051118,1009.2588968051119,-320.7569869576789,-320.2569869576789,-137.09981368112878,-134.40251368112877,970.1666223050306,977.0485223050307
2026-08-20 06:00:06.608000+00:00,delist,ICXUSDT,"Binance Will Delist ICX, SCRT, STORJ on 2026-09-03",400.87188828172395,401.06658828172397,145.86278081360018,144.53118081360017,-224.50758955677185,-210.07638955677186,-37.412960609909604,-37.2182606099096,-323.3087674714099,-324.6403674714099,-704.5031766200763,-690.0719766200763,-56.6998722860803,-56.5051722860803,-395.1417624521061,-396.4733624521061,-695.2694763729231,-680.838276372923,-316.76190476190544,-316.26190476190544,-831.0476190476193,-832.0739190476194,-913.5873015873034,-898.4737015873033,True,418.8252427184478,419.0199427184478,163.97087378640853,162.63927378640852,-206.17475728155108,-191.7435572815511,-31.047619047618532,-30.85291904761853,-304.0634920634901,-305.39509206349015,-678.6666666666666,-664.2354666666665,-43.84713375796289,-43.65243375796289,-330.47133757961774,-331.8029375796178,-655.312101910829,-640.880901910829,-291.54256670902123,-291.04256670902123,-825.2147395171542,-826.2410395171541,-863.3341804320219,-848.2205804320218
2026-08-20 06:00:06.608000+00:00,delist,SCRTUSDT,"Binance Will Delist ICX, SCRT, STORJ on 2026-09-03",449.041954817889,449.541954817889,988.4610419548187,1005.4200419548187,2482.2369755647774,2556.7054755647773,839.5381185911718,840.0381185911717,1343.3276861346396,1360.2866861346397,2738.7802050824785,2813.2487050824784,422.37645959831684,422.87645959831684,903.4600653900046,920.4190653900047,2570.9051844932283,2645.3736844932287,-229.39130434782484,-228.8913043478248,113.6038647342994,137.2567647342994,2186.0676328502414,2258.221732850241,True,411.76784891755005,412.26784891755005,959.9023491478583,976.8613491478584,2498.363887609397,2572.832387609397,804.2355040142721,804.735504014272,1285.9482604817126,1302.9072604817127,2766.7689562890273,2841.2374562890273,429.4498141263934,429.9498141263934,926.6617100371752,943.6207100371752,2632.052044609666,2706.520544609666,-160.96684286400895,-160.46684286400895,151.38298894762127,175.03588894762126,2232.1134070158564,2304.267507015856
2026-08-20 06:00:06.608000+00:00,delist,STORJUSDT,"Binance Will Delist ICX, SCRT, STORJ on 2026-09-03",-935.1178504921523,-935.2542504921522,-775.5009310986974,-773.1373310986974,-408.38201649374815,-383.2549164937481,-855.2776451869529,-855.4140451869529,-706.7759215062322,-704.4123215062322,-369.9952267303099,-344.8681267303099,0.23091976516710416,0.09451976516710416,102.97064579256367,105.33424579256366,413.6360078277888,438.76310782778876,39.35730007336803,39.85730007336803,5.1191000244563805,8.119100024456381,146.96307165566225,172.72657165566227,True,-938.2709608730391,-938.4073608730391,-773.245674740485,-770.882074740485,-387.2994410433863,-362.17234104338627,-863.6847970283892,-863.8211970283892,-683.2655876890406,-680.9019876890405,-343.65295834438837,-318.5258583443883,7.5790504160553445,7.442650416055344,144.6324033284394,146.99600332843943,448.10768477728783,473.2347847772878,46.69405722670695,47.19405722670695,22.23820004891165,25.23820004891165,188.5380288579117,214.30152885791173
2026-09-04 08:00:06.500000+00:00,monitoring,SCRUSDT,"Binance Will Extend the Monitoring Tag to Include AVA, GNS, SCR & TOWNS on 2026-09-04",554.8934240362822,555.3934240362822,364.4172335600913,367.4172335600913,604.7800453514737,613.7800453514737,334.90101757631874,335.4010175763188,182.2645698427381,185.26456984273813,395.03052728954583,404.0305272895458,244.1714019562178,244.6714019562178,-30.630647414998865,-27.630647414998865,318.6939916162077,327.6939916162077,-93.69149447381008,-93.19149447381008,-588.6458433445454,-585.6458433445454,21.637674195097226,30.637674195097226,False,,,,,,,,,,,,,,,,,,,,,,,,
2026-09-04 08:00:06.500000+00:00,monitoring,TOWNSUSDT,"Binance Will Extend the Monitoring Tag to Include AVA, GNS, SCR & TOWNS on 2026-09-04",496.9058524173018,497.4058524173018,403.6064461407971,406.6064461407971,1272.9872773536897,1281.2205773536898,299.4186851211076,299.9186851211076,225.88927335640088,228.88927335640088,1095.2664359861583,1103.4997359861584,121.15579227696217,121.65579227696217,-29.754105636929026,-26.754105636929026,831.3200177541044,839.5533177541043,59.46047342563633,59.96047342563633,10.331397945511979,13.331397945511979,613.2791424743187,621.5991424743187,True,500.2777307366644,500.7777307366644,432.5385266723123,435.53852667231234,1296.2133784928017,1304.446678492802,286.3138780804151,286.8138780804151,225.78642455685173,228.78642455685176,1112.0812797233023,1120.3145797233024,121.15579227696217,121.65579227696217,-29.754105636929026,-26.754105636929026,844.6355969818006,852.8688969818006,77.20606601248937,77.70606601248937,19.222123104371892,22.222123104371892,634.7439785905448,643.0639785905448
2026-09-04 08:00:06.500000+00:00,monitoring,AVAUSDT,"Binance Will Extend the Monitoring Tag to Include AVA, GNS, SCR & TOWNS on 2026-09-04",900.5067096081584,901.0067096081584,658.9608158883517,661.9608158883517,1549.9967793880828,1558.996779388083,1003.9574468085108,1004.4574468085108,647.5744680851057,650.5744680851055,1615.6595744680844,1624.6595744680844,82.84291641967957,83.34291641967957,-320.2394783639608,-317.2394783639608,640.045050385298,649.045050385298,199.64021164021162,200.14021164021165,29.15226337448541,32.152263374485415,622.9206349206349,631.9206349206349,True,850.9989212513489,851.4989212513487,629.8554476806914,632.8554476806913,1509.0355987055013,1518.0355987055013,984.2706446457114,984.7706446457114,637.97336174747,640.97336174747,1596.9504528502928,1605.950452850293,77.02077151335286,77.52077151335286,-332.47477744806986,-329.4747774480698,634.8842729970336,643.8842729970336,228.89306698002355,229.39306698002358,29.12808460634443,32.12808460634443,651.924794359576,660.924794359576
2026-09-04 10:15:01.870000+00:00,spot_list,MARSCOINUSDT,Binance Will List MarsCoin (MARSCOIN) with Seed Tag Applied,252.79839862739496,250.21519862739498,3652.855590506149,3630.309390506149,-333.41835859308077,-387.96575859308075,-213.8916975496443,-216.4748975496443,3125.8947950660986,3103.348595066099,-484.37125947231726,-538.9186594723172,-620.960417572857,-623.5436175728569,3158.9438886472376,3136.397688647238,-794.4053936494136,-848.9527936494136,1199.2819353380066,1198.7819353380066,3110.880397919963,3086.7698979199627,-548.4006330544879,-603.7498330544879,True,207.4107254801403,204.8275254801403,3602.2930415455644,3579.7468415455646,-384.71328432210595,-439.26068432210593,-194.17054263566013,-196.7537426356601,3129.1960132890363,3106.6498132890365,-485.975636766335,-540.523036766335,-662.7498240485088,-665.333024048509,3090.701532131449,3068.155332131449,-842.4910400086629,-897.038440008663,1185.7841840483848,1185.284184048385,3111.6221807698807,3087.5116807698805,-543.9088802215821,-599.2580802215821
2026-09-04 10:15:01.870000+00:00,spot_fade,MARSCOINUSDT,Binance Will List MarsCoin (MARSCOIN) with Seed Tag Applied,-276.79839862739493,-274.21519862739495,-3676.8555905061485,-3654.3093905061487,309.41835859308077,363.96575859308075,189.8916975496443,192.4748975496443,-3149.894795066098,-3127.3485950660984,460.37125947231726,514.9186594723172,596.960417572857,599.5436175728569,-3182.943888647237,-3160.3976886472374,770.4053936494134,824.9527936494135,-1223.2819353380066,-1222.7819353380069,-3134.8803979199624,-3110.769897919962,524.4006330544879,579.7498330544879,True,-231.4107254801403,-228.82752548014028,-3626.293041545564,-3603.746841545564,360.71328432210595,415.26068432210593,170.17054263566013,172.75374263566013,-3153.196013289036,-3130.649813289036,461.975636766335,516.523036766335,638.7498240485087,641.3330240485088,-3114.7015321314484,-3092.1553321314486,818.4910400086628,873.0384400086629,-1209.784184048385,-1209.284184048385,-3135.6221807698803,-3111.51168076988,519.9088802215821,575.2580802215821
2026-09-24 07:30:38.608000+00:00,spot_fade,HYPEUSDT,Binance Will List Hyperliquid (HYPE) with Seed Tag Applied,354.65748256787367,354.9352825678736,166.242163491088,165.783163491088,145.04808935421698,144.024689354217,369.10659554652426,369.3843955465243,199.98459063584752,199.5255906358475,159.55617644568522,158.53277644568522,109.32352941176428,109.32372941176428,-132.35034602076112,-132.79794602076112,-76.6626297577857,-78.45732975778569,-182.1533249741516,-182.15312497415158,-311.5006489364038,-311.94824893640384,-261.0155964715446,-262.8102964715446,True,354.7196608373069,354.9974608373069,167.12029676735554,166.6612967673555,140.62321144674073,139.59981144674074,368.05504975650916,368.3328497565092,199.7298327334316,199.27083273343158,156.32521702307756,155.30181702307758,109.12036336109023,109.12056336109022,-133.12036336109134,-133.56796336109133,-77.96734075916544,-79.76204075916543,-182.4982950170497,-182.4980950170497,-312.29699703002956,-312.7445970300295,-263.8974810251895,-265.6921810251895
2026-09-24 07:30:38.608000+00:00,spot_list,HYPEUSDT,Binance Will List Hyperliquid (HYPE) with Seed Tag Applied,-378.65748256787367,-378.9352825678736,-190.242163491088,-189.783163491088,-169.04808935421698,-168.024689354217,-393.10659554652426,-393.3843955465242,-223.98459063584752,-223.5255906358475,-183.55617644568522,-182.53277644568522,-133.32352941176427,-133.32372941176428,108.35034602076111,108.79794602076112,52.662629757785695,54.4573297577857,158.1533249741516,158.15312497415158,287.5006489364038,287.94824893640384,237.0155964715446,238.8102964715446,True,-378.7196608373069,-378.99746083730685,-191.1202967673555,-190.6612967673555,-164.62321144674073,-163.59981144674074,-392.05504975650916,-392.3328497565091,-223.7298327334316,-223.27083273343158,-180.32521702307756,-179.30181702307758,-133.12036336109023,-133.1205633610902,109.12036336109134,109.56796336109133,53.96734075916544,55.762040759165444,158.4982950170497,158.49809501704974,288.29699703002956,288.7445970300296,239.8974810251895,241.6921810251895
