t,symbol,side,R,bars,risk
2022-02-03 00:00:00+00:00,YFIUSDT,-1,-1.0301720640731074,6,0.04577943347373403
2022-02-04 20:00:00+00:00,XMRUSDT,1,1.8616381233341415,60,0.03645839673650051
2022-02-05 04:00:00+00:00,FTMUSDT,1,-1.031508218320371,8,0.05078040223447398
2022-02-07 04:00:00+00:00,ETCUSDT,1,0.44733652292882825,60,0.04202532256331897
2022-02-08 00:00:00+00:00,KLAYUSDT,1,-1.0382767959411612,2,0.033963135315671786
2022-02-15 00:00:00+00:00,SXPUSDT,1,-1.0449522127096194,16,0.04443007094893583
2022-02-15 00:00:00+00:00,DYDXUSDT,1,-1.0255636285281657,10,0.06448536827171356
2022-02-16 16:00:00+00:00,FILUSDT,1,-1.0313881564786798,4,0.044602810647735316
2022-02-18 20:00:00+00:00,ROSEUSDT,-1,4.99793840640103,32,0.06455685546681922
2022-02-20 00:00:00+00:00,ADAUSDT,-1,4.924580630420925,25,0.041702151815288455
2022-02-20 00:00:00+00:00,MASKUSDT,-1,3.0853247843973013,60,0.061590898120452736
2022-02-20 04:00:00+00:00,FTMUSDT,-1,-1.0572823040674293,35,0.0544791284290266
2022-02-20 04:00:00+00:00,UNIUSDT,-1,-0.9894857490383067,44,0.051723132915636585
2022-03-03 12:00:00+00:00,ALGOUSDT,-1,2.158855698180327,60,0.057067860982234514
2022-03-04 00:00:00+00:00,BTCUSDT,-1,1.9961795125544792,60,0.039831859610785
2022-03-04 00:00:00+00:00,ETHUSDT,-1,1.4095049552572294,60,0.04985124696335232
2022-03-04 16:00:00+00:00,LINKUSDT,-1,1.1175401019634768,60,0.056159760672525705
2022-03-04 16:00:00+00:00,AAVEUSDT,-1,0.9642952261888469,60,0.062030607743810376
2022-03-04 16:00:00+00:00,DOGEUSDT,-1,2.0648595341216827,60,0.043976657971708376
2022-03-04 16:00:00+00:00,EOSUSDT,-1,0.9848766266303062,60,0.0441267591043229
2022-03-04 16:00:00+00:00,ENJUSDT,-1,-1.0478065626306217,8,0.06536801284262105
2022-03-07 00:00:00+00:00,XTZUSDT,-1,-1.026542032310958,3,0.05188449715779739
2022-03-12 16:00:00+00:00,MATICUSDT,-1,-1.029355614622398,25,0.03930730168121135
2022-03-12 20:00:00+00:00,DUSKUSDT,-1,-1.032773731627485,17,0.06438235425808224
2022-03-13 20:00:00+00:00,SOLUSDT,-1,-1.026198431801787,3,0.03817022360597148
2022-03-13 20:00:00+00:00,ALPHAUSDT,-1,-1.0206788157130413,13,0.062202304902244265
2022-03-13 20:00:00+00:00,1000SHIBUSDT,-1,-1.0294416449433914,2,0.04189711554404512
2022-03-13 20:00:00+00:00,DYDXUSDT,-1,-1.013896946218769,13,0.05562948779033718
2022-03-14 12:00:00+00:00,ATAUSDT,-1,-1.0221505373148145,3,0.04640022882481669
2022-03-15 16:00:00+00:00,IOTXUSDT,1,-1.0229181735194117,6,0.05463349856127967
2022-03-16 16:00:00+00:00,SXPUSDT,1,5.05497616721133,24,0.03697620447394615
2022-03-16 16:00:00+00:00,KAVAUSDT,1,4.976380953380075,33,0.03607850959069054
2022-03-16 20:00:00+00:00,COTIUSDT,1,4.897782192111466,60,0.04108873088513048
2022-03-17 00:00:00+00:00,BATUSDT,1,-1.0276151900005124,8,0.05793912697940365
2022-03-23 08:00:00+00:00,KAVAUSDT,1,-1.03913353299405,14,0.03984741168749311
2022-04-01 00:00:00+00:00,ATOMUSDT,-1,-1.0188403566375812,4,0.05393740784996667
2022-04-06 12:00:00+00:00,BTCUSDT,-1,3.523165472576907,60,0.02644192891909073
2022-04-06 20:00:00+00:00,LTCUSDT,-1,-0.6132967992734611,60,0.04099872039310205
2022-04-09 12:00:00+00:00,XTZUSDT,-1,-1.0214377132624728,3,0.046646766273835294
2022-04-10 20:00:00+00:00,YFIUSDT,-1,1.294680271830082,60,0.03730091303647472
2022-04-11 00:00:00+00:00,MANAUSDT,-1,1.0597382309921193,60,0.04056831110155962
2022-04-17 16:00:00+00:00,KSMUSDT,1,-1.0314855332613933,1,0.038112741811853715
2022-04-17 20:00:00+00:00,RVNUSDT,-1,-1.0224642628002176,5,0.040063633870559646
2022-04-17 20:00:00+00:00,DYDXUSDT,-1,-1.0343134192695338,10,0.04359985194854458
2022-04-17 20:00:00+00:00,ZECUSDT,-1,-1.024917030042097,4,0.0401331939765929
2022-04-17 20:00:00+00:00,ROSEUSDT,-1,-1.02435372483198,6,0.037613958699125274
2022-04-17 20:00:00+00:00,SRMUSDT,-1,-1.0166213095998484,10,0.0421146117154558
2022-04-18 04:00:00+00:00,ATAUSDT,-1,-1.0205789374920502,3,0.048593373704850305
2022-04-18 04:00:00+00:00,DUSKUSDT,-1,-1.0163412551255069,3,0.061194809842921284
2022-04-21 16:00:00+00:00,CTKUSDT,-1,-1.0244495277617973,5,0.04090058547317012
2022-04-21 20:00:00+00:00,CHRUSDT,-1,-0.9948052545555391,39,0.059941339441770915
2022-04-21 20:00:00+00:00,ROSEUSDT,-1,-1.0026422853657584,22,0.04586938321295979
2022-04-21 20:00:00+00:00,GALAUSDT,-1,5.014566612375282,54,0.049895609306756204
2022-04-21 20:00:00+00:00,RVNUSDT,-1,5.029519662017939,54,0.04639856645945478
2022-04-21 20:00:00+00:00,1000SHIBUSDT,-1,-1.0076455321286204,23,0.03635456568934746
2022-04-21 20:00:00+00:00,XLMUSDT,-1,3.3807225732795394,60,0.03106802172233279
2022-04-25 00:00:00+00:00,ONEUSDT,-1,5.005153275144125,28,0.038810270052838575
2022-04-25 00:00:00+00:00,BELUSDT,-1,-1.0181121201475907,6,0.04969048309453123
2022-04-25 00:00:00+00:00,AVAXUSDT,-1,-1.0458300068128994,5,0.030891551157297636
2022-04-25 00:00:00+00:00,FTMUSDT,-1,-1.0271986293378566,6,0.039152340611434855
2022-04-25 00:00:00+00:00,SOLUSDT,-1,-1.037456838183333,5,0.03553850417071067
2022-04-25 00:00:00+00:00,ENJUSDT,-1,-1.0209451979105555,7,0.04296927648253215
2022-04-25 00:00:00+00:00,ADAUSDT,-1,-1.0445554231553875,5,0.02867709269742342
2022-04-25 00:00:00+00:00,EGLDUSDT,-1,-1.0292247032134594,4,0.03449650087586716
2022-04-25 00:00:00+00:00,AAVEUSDT,-1,-1.0265204957636507,5,0.046831703715822556
2022-04-25 00:00:00+00:00,NKNUSDT,-1,-1.0247539160433374,6,0.04408474190869434
2022-04-25 00:00:00+00:00,MANAUSDT,-1,5.003751351962688,33,0.03613897105587623
2022-04-25 00:00:00+00:00,LTCUSDT,-1,-1.0523716476930787,5,0.02682443768492685
2022-04-25 00:00:00+00:00,XTZUSDT,-1,0.9409038460451026,60,0.039096786051263474
2022-04-25 00:00:00+00:00,SKLUSDT,-1,-1.0039245812126067,20,0.050960851404368554
2022-04-25 04:00:00+00:00,BANDUSDT,-1,-1.020764367799024,2,0.05297536677479492
2022-04-25 04:00:00+00:00,BLZUSDT,-1,-1.0208523192104584,3,0.04795629636719135
2022-04-25 04:00:00+00:00,TOMOUSDT,-1,-1.0209766949484451,2,0.05243914747788294
2022-04-29 16:00:00+00:00,VETUSDT,-1,-1.0139842137506456,30,0.05027025562788796
2022-04-29 16:00:00+00:00,UNIUSDT,-1,-1.0054203235324983,31,0.046093189548928055
2022-04-29 16:00:00+00:00,LINKUSDT,-1,5.011942464035989,58,0.04267209835963323
2022-04-30 20:00:00+00:00,ROSEUSDT,-1,-1.0141654741455008,5,0.08459512104510701
2022-05-04 08:00:00+00:00,LUNAUSDT,1,-1.030148427090767,1,0.03980307152964224
2022-05-04 16:00:00+00:00,LUNAUSDT,1,-1.0224708949170596,5,0.04576853764819459
2022-05-05 12:00:00+00:00,BTCUSDT,-1,4.9768784700806,25,0.032964081644117654
2022-05-08 20:00:00+00:00,AAVEUSDT,-1,4.982404817913463,16,0.059299187406440114
2022-05-09 04:00:00+00:00,ONEUSDT,-1,4.986217606743261,14,0.06909540181160859
2022-05-09 04:00:00+00:00,THETAUSDT,-1,4.972509023466343,14,0.06465175938090523
2022-05-09 08:00:00+00:00,C98USDT,-1,4.979979831396074,13,0.07277011641721502
2022-05-09 08:00:00+00:00,DUSKUSDT,-1,4.984206329267427,13,0.07548340219233002
2022-05-09 12:00:00+00:00,OCEANUSDT,-1,4.9921206387018024,15,0.0781675032646179
2022-05-09 12:00:00+00:00,VETUSDT,-1,4.978937760067244,16,0.06730100903443886
2022-05-09 12:00:00+00:00,ZECUSDT,-1,-1.0640492470662688,36,0.0738756537622434
2022-05-09 12:00:00+00:00,GRTUSDT,-1,4.987636898852204,12,0.0717724452297487
2022-05-09 16:00:00+00:00,NEOUSDT,-1,-1.0190103119319756,3,0.0689915033847485
2022-05-09 16:00:00+00:00,REEFUSDT,-1,-1.0190784706406317,3,0.07612402625748275
2022-05-09 16:00:00+00:00,YFIUSDT,-1,-1.018508182174683,3,0.0729001901572784
2022-05-09 16:00:00+00:00,OGNUSDT,-1,-1.0158451811147102,4,0.10184042633011027
2022-05-26 00:00:00+00:00,EGLDUSDT,-1,4.975917035715544,7,0.04141558274218757
2022-05-29 12:00:00+00:00,ALICEUSDT,1,0.7067806345756417,60,0.06165779592041685
2022-05-29 16:00:00+00:00,IOTXUSDT,1,-1.0293498020244252,19,0.060431072023040426
2022-05-29 16:00:00+00:00,CTKUSDT,1,-1.0345788700434624,19,0.04916036868363185
2022-05-29 16:00:00+00:00,LINAUSDT,1,-1.0004075598268625,28,0.07517914666863024
2022-05-29 20:00:00+00:00,ETCUSDT,1,-1.0339609624032073,17,0.04543481370404874
2022-05-29 20:00:00+00:00,GALAUSDT,1,-1.0289832345920766,18,0.06110843130269977
2022-05-30 00:00:00+00:00,ONTUSDT,1,1.4345220961016338,60,0.04607644146963071
2022-05-30 00:00:00+00:00,ANKRUSDT,1,-1.037017797548233,17,0.05402806575388473
2022-05-30 00:00:00+00:00,ALGOUSDT,1,-1.0337711008113069,30,0.05011622243102327
2022-05-30 00:00:00+00:00,ICXUSDT,1,-1.0345054721344482,17,0.05349035633560804
2022-05-30 00:00:00+00:00,FLMUSDT,1,-1.0340416623421052,17,0.058751537451398536
2022-05-30 00:00:00+00:00,NEARUSDT,1,-0.9843498153168296,48,0.060720689195569014
2022-05-30 00:00:00+00:00,CHZUSDT,1,0.5141668325283004,60,0.05228657573975355
2022-05-30 00:00:00+00:00,UNIUSDT,1,-0.2867885298442598,60,0.05775356312016945
2022-05-30 00:00:00+00:00,JASMYUSDT,1,-1.0194776543016353,16,0.06777458823105016
2022-05-30 04:00:00+00:00,ENJUSDT,1,-0.9938426434337478,25,0.05356844230978532
2022-05-30 04:00:00+00:00,1INCHUSDT,1,-0.901755867375212,17,0.03956276976707004
2022-05-30 04:00:00+00:00,CELRUSDT,1,-1.0222632107822525,17,0.065639229412716
2022-05-30 12:00:00+00:00,ALPHAUSDT,1,-1.027130048007498,13,0.06914805309159218
2022-05-31 08:00:00+00:00,MASKUSDT,1,-1.019612598310495,4,0.06875070700237171
2022-06-03 08:00:00+00:00,ZECUSDT,-1,-1.012632912119394,16,0.05055603917481015
2022-06-06 00:00:00+00:00,LTCUSDT,1,-1.0449644658400317,6,0.03154646615944403
2022-06-06 00:00:00+00:00,RUNEUSDT,1,-1.0208011015370835,6,0.0620745972369815
2022-06-06 04:00:00+00:00,FLOWUSDT,1,-1.0242837183997642,3,0.03777016290919266
2022-06-07 00:00:00+00:00,MASKUSDT,-1,-1.0189534710664514,5,0.06499970352030433
2022-06-10 08:00:00+00:00,ICXUSDT,-1,4.953181398004095,16,0.047898269157974294
2022-06-10 12:00:00+00:00,ALGOUSDT,-1,2.5754206802463493,60,0.053814610694378595
2022-06-10 12:00:00+00:00,EOSUSDT,-1,4.933618608671012,15,0.037976757484730735
2022-06-10 12:00:00+00:00,SCUSDT,-1,4.926324799612483,15,0.05083080847153684
2022-06-10 16:00:00+00:00,UNIUSDT,-1,4.955594057514032,15,0.048130269967254
2022-06-11 08:00:00+00:00,ETHUSDT,-1,4.967471557622839,12,0.04632745652334222
2022-06-11 08:00:00+00:00,BTCUSDT,-1,4.966266804662587,11,0.028688654908618112
2022-06-11 08:00:00+00:00,ZECUSDT,-1,4.964872607236606,13,0.047770980650424885
2022-06-11 08:00:00+00:00,COMPUSDT,-1,4.962287248260992,16,0.06017990985400797
2022-06-11 08:00:00+00:00,SFPUSDT,-1,0.3360167104887983,60,0.06408467152872048
2022-06-11 08:00:00+00:00,FILUSDT,-1,4.901159871502092,42,0.04620006134549503
2022-06-26 08:00:00+00:00,COTIUSDT,1,-1.0226232337839474,3,0.05410499717633437
2022-06-28 12:00:00+00:00,LINAUSDT,-1,-1.0089810109067152,53,0.063932669268968
2022-06-30 00:00:00+00:00,ZECUSDT,-1,-0.993632477257887,46,0.06577911331668143
2022-06-30 08:00:00+00:00,ALGOUSDT,-1,-1.0277501425758762,2,0.056752861564361705
2022-06-30 08:00:00+00:00,ZILUSDT,-1,-1.0172064501634441,3,0.07964745702815652
2022-07-03 12:00:00+00:00,MASKUSDT,-1,-1.0031042578194962,25,0.07832145850546951
2022-07-04 08:00:00+00:00,JASMYUSDT,1,-1.02101961643505,7,0.04615307814953265
2022-07-04 20:00:00+00:00,XRPUSDT,1,-1.0358821986946036,3,0.03477824786104013
2022-07-04 20:00:00+00:00,MANAUSDT,1,-1.0296350164878318,3,0.04631919137158684
2022-07-04 20:00:00+00:00,SOLUSDT,1,-1.0207872574043253,3,0.05236765864907131
2022-07-05 00:00:00+00:00,LRCUSDT,1,-1.0615428840150933,33,0.04435914961883206
2022-07-07 16:00:00+00:00,IOTXUSDT,1,-1.0109955146220952,25,0.04638618723448094
2022-07-10 08:00:00+00:00,ATAUSDT,-1,-1.00567477268293,47,0.05452553208530924
2022-07-10 12:00:00+00:00,ETCUSDT,-1,-1.0697884718558741,37,0.033330863080135144
2022-07-11 00:00:00+00:00,GALAUSDT,-1,-1.0294645129694535,44,0.040626498772979976
2022-07-11 20:00:00+00:00,HOTUSDT,-1,-1.084608653522868,17,0.03637949396237697
2022-07-11 20:00:00+00:00,DUSKUSDT,-1,-1.0312584894797663,22,0.05493675569676963
2022-07-11 20:00:00+00:00,LINKUSDT,-1,-1.016695570217781,17,0.04202491983488882
2022-07-11 20:00:00+00:00,CHRUSDT,-1,-1.0504447996615993,17,0.05339281785373497
2022-07-12 04:00:00+00:00,EOSUSDT,-1,-1.0411723711085492,15,0.0343106302106227
2022-07-12 08:00:00+00:00,BAKEUSDT,-1,-1.0309110752012576,10,0.07173318901277927
2022-07-12 08:00:00+00:00,ARUSDT,-1,-1.0319493790228769,7,0.0577638769967517
2022-07-15 04:00:00+00:00,KAVAUSDT,1,0.19876180346713726,60,0.04584011835666495
2022-07-18 04:00:00+00:00,CTKUSDT,1,-1.0734190952328604,16,0.025285383783497144
2022-07-26 12:00:00+00:00,GRTUSDT,-1,-1.0194094810111318,7,0.05673309860105939
2022-08-07 00:00:00+00:00,DYDXUSDT,1,-1.0097822229767197,15,0.052277483473545806
2022-08-08 08:00:00+00:00,SANDUSDT,1,-1.0362619882379753,3,0.03392147148489086
2022-08-09 08:00:00+00:00,GALUSDT,-1,4.268996127589409,60,0.06700446296161346
2022-08-09 12:00:00+00:00,KNCUSDT,-1,-1.0243241377317271,6,0.04107483730849312
2022-08-14 16:00:00+00:00,BANDUSDT,-1,5.002119784904575,27,0.0471745976604746
2022-08-14 16:00:00+00:00,KSMUSDT,-1,4.96447178707042,27,0.04296923132683246
2022-08-14 16:00:00+00:00,CHRUSDT,-1,-1.0253016552503198,2,0.043475416494188825
2022-08-15 04:00:00+00:00,APEUSDT,-1,2.445469777660171,60,0.0535446271909991
2022-08-15 08:00:00+00:00,BAKEUSDT,-1,4.990990089732544,23,0.04464195403287186
2022-08-16 16:00:00+00:00,DYDXUSDT,-1,3.3897661081173616,60,0.04954146965366698
2022-08-17 00:00:00+00:00,XTZUSDT,1,-1.032898417222264,2,0.039515578856487425
2022-08-17 12:00:00+00:00,IMXUSDT,-1,3.610175257129161,60,0.05277208302917757
2022-08-17 20:00:00+00:00,C98USDT,-1,3.053282276201197,60,0.051489662984675215
2022-08-18 16:00:00+00:00,SKLUSDT,-1,-0.9978676470358501,39,0.05254289598566087
2022-08-18 16:00:00+00:00,CHRUSDT,-1,2.5130447496709856,60,0.04523952993467417
2022-08-18 20:00:00+00:00,NEARUSDT,-1,4.3104608604769945,60,0.0523253042351969
2022-08-18 20:00:00+00:00,DASHUSDT,-1,2.7089695872689177,60,0.044901188284716086
2022-08-19 00:00:00+00:00,BTCUSDT,-1,4.9331351116795386,47,0.02281915125151217
2022-08-22 20:00:00+00:00,BALUSDT,1,-1.0188956813774221,24,0.05233894349963092
2022-08-22 20:00:00+00:00,ATOMUSDT,1,-1.0181582424999307,36,0.0477105645000198
2022-08-26 12:00:00+00:00,BAKEUSDT,-1,0.6403568560201102,60,0.047094416442620184
2022-08-26 12:00:00+00:00,DENTUSDT,-1,0.45555088653336595,60,0.0449557018596674
2022-08-26 20:00:00+00:00,ENJUSDT,-1,-1.0332219329380945,20,0.05063793257107455
2022-08-28 20:00:00+00:00,API3USDT,-1,-1.0244224808560283,4,0.05810998515532608
2022-08-28 20:00:00+00:00,GTCUSDT,-1,-1.0198100727907289,4,0.056759508754869736
2022-08-28 20:00:00+00:00,FLOWUSDT,-1,-1.0323255391977588,4,0.05644113123181912
2022-08-28 20:00:00+00:00,WOOUSDT,-1,-1.0271969345071013,4,0.05534153121584536
2022-08-29 16:00:00+00:00,OCEANUSDT,1,2.159705081410173,60,0.03998523062413281
2022-08-29 16:00:00+00:00,XMRUSDT,1,-1.0769418587802004,48,0.03009740129381737
2022-08-29 20:00:00+00:00,ZRXUSDT,1,-1.0339471370524094,4,0.03374717574066189
2022-08-30 04:00:00+00:00,SXPUSDT,1,-1.027006415864942,2,0.032772582797593604
2022-08-30 04:00:00+00:00,DASHUSDT,1,-1.0381085331856172,2,0.034113094662237345
2022-09-02 08:00:00+00:00,MATICUSDT,1,-1.0210173926980228,26,0.041884358000450525
2022-09-02 12:00:00+00:00,DOTUSDT,1,-1.0336487660364198,1,0.03503962073152591
2022-09-04 08:00:00+00:00,KSMUSDT,1,-1.0297140288294389,6,0.032095614010279216
2022-09-04 20:00:00+00:00,NEOUSDT,1,-1.0468350085408284,2,0.027757014261388945
2022-09-05 08:00:00+00:00,FTMUSDT,-1,-1.0390733797861518,4,0.03652435514436328
2022-09-05 20:00:00+00:00,SUSHIUSDT,1,-1.0283225327856012,5,0.04224233789600462
2022-09-06 16:00:00+00:00,RENUSDT,-1,-1.0251289637371999,7,0.0513869180402517
2022-09-06 16:00:00+00:00,BELUSDT,-1,-1.0267646725031168,7,0.04272796537550574
2022-09-06 16:00:00+00:00,LINKUSDT,-1,-1.028302162690507,7,0.04862596597473545
2022-09-06 16:00:00+00:00,IMXUSDT,-1,-1.0425600022033052,7,0.04923167038363572
2022-09-06 16:00:00+00:00,NEARUSDT,-1,-1.0205318898923197,6,0.05007381226920006
2022-09-09 00:00:00+00:00,KNCUSDT,1,-0.9578605711483217,58,0.03292332235643844
2022-09-09 20:00:00+00:00,LRCUSDT,1,-1.0443852287102668,8,0.03604802873596415
2022-09-09 20:00:00+00:00,COMPUSDT,1,-0.9786368130164663,54,0.038260209051672975
2022-09-12 12:00:00+00:00,LRCUSDT,-1,3.1590801312375403,60,0.043238533565513555
2022-09-12 20:00:00+00:00,GTCUSDT,-1,2.5837803892991844,60,0.05281153254170451
2022-09-13 12:00:00+00:00,SXPUSDT,-1,1.6460288452277465,60,0.04301474498924723
2022-09-13 12:00:00+00:00,VETUSDT,-1,1.1869089673589885,60,0.04207617912503
2022-09-17 08:00:00+00:00,KAVAUSDT,1,-1.0310905576263971,8,0.03929649685545565
2022-09-18 04:00:00+00:00,ADAUSDT,1,-1.043900504048439,1,0.029612416262136017
2022-09-18 16:00:00+00:00,ENSUSDT,-1,-1.0170828440205468,18,0.054543611056762274
2022-09-18 16:00:00+00:00,ETHUSDT,-1,0.7113669378649408,60,0.04390995566671906
2022-09-18 20:00:00+00:00,PEOPLEUSDT,-1,-1.018151367635275,4,0.06336932968976672
2022-09-18 20:00:00+00:00,UNIUSDT,-1,-1.0293601150804905,17,0.04626242084801952
2022-09-18 20:00:00+00:00,ALICEUSDT,-1,1.2734904431827982,60,0.045668583351496074
2022-09-18 20:00:00+00:00,THETAUSDT,-1,-1.0287751488786807,17,0.037353759820037906
2022-09-18 20:00:00+00:00,ZILUSDT,-1,-1.0310163895590723,17,0.037067499355796424
2022-09-18 20:00:00+00:00,SOLUSDT,-1,-1.0277036952064842,4,0.044795829247702965
2022-09-22 08:00:00+00:00,RSRUSDT,1,5.06303881264879,5,0.055782300653271014
2022-09-25 20:00:00+00:00,JASMYUSDT,-1,1.263217797029163,60,0.03775415313846812
2022-09-27 00:00:00+00:00,DOTUSDT,1,-1.0315061151470424,4,0.03557277673776441
2022-09-28 00:00:00+00:00,ADAUSDT,-1,0.330492115836117,60,0.03700065045387555
2022-09-28 00:00:00+00:00,GALAUSDT,-1,-1.0213786237118347,11,0.04070000069828365
2022-10-01 16:00:00+00:00,THETAUSDT,-1,-0.9965024534632366,26,0.02859147089219964
2022-10-02 08:00:00+00:00,FTMUSDT,-1,-1.0467045410898512,11,0.02409508740991754
2022-10-02 08:00:00+00:00,OPUSDT,-1,5.026399031750469,51,0.03454028195499158
2022-10-02 08:00:00+00:00,ENJUSDT,-1,-1.0357238918695713,10,0.025044303774808496
2022-10-02 08:00:00+00:00,SUSHIUSDT,-1,-1.032982339685097,7,0.03518913488494487
2022-10-02 08:00:00+00:00,RUNEUSDT,-1,-1.0310142622350644,7,0.029018907274938836
2022-10-02 08:00:00+00:00,ZECUSDT,-1,-1.0353046074521353,7,0.029573477099711292
2022-10-02 08:00:00+00:00,UNFIUSDT,-1,-1.0104267952651895,16,0.038362698204641
2022-10-02 08:00:00+00:00,FILUSDT,-1,-1.0174677581176894,12,0.034348998649824665
2022-10-02 20:00:00+00:00,AAVEUSDT,-1,-1.0312097614507196,4,0.03278589622082541
2022-10-02 20:00:00+00:00,CRVUSDT,-1,-1.029375991195899,4,0.038185605126291156
2022-10-02 20:00:00+00:00,APEUSDT,-1,-1.0297643957193146,6,0.036694848781737135
2022-10-02 20:00:00+00:00,ETHUSDT,-1,-1.039651739483132,4,0.030263741657803753
2022-10-04 08:00:00+00:00,RLCUSDT,1,-0.9629832531823177,23,0.03235940764594029
2022-10-04 08:00:00+00:00,BNBUSDT,1,-1.0625190597760075,15,0.01881874110415795
2022-10-04 08:00:00+00:00,MATICUSDT,1,-1.0592828379665022,27,0.026344723929756786
2022-10-07 12:00:00+00:00,EOSUSDT,-1,4.927119751357542,34,0.025378480925247776
2022-10-08 16:00:00+00:00,UNIUSDT,-1,5.000531236687105,28,0.03305494598972895
2022-10-08 16:00:00+00:00,ARUSDT,-1,-1.0337146915406767,29,0.02332158367966524
2022-10-08 20:00:00+00:00,STGUSDT,-1,-1.0363251408123413,6,0.024776228801135877
2022-10-08 20:00:00+00:00,ALGOUSDT,-1,5.002314925951625,26,0.025253507551250762
2022-10-09 20:00:00+00:00,MKRUSDT,1,-1.0157321564855146,1,0.05494796602080384
2022-10-10 12:00:00+00:00,STGUSDT,-1,4.96478198327192,16,0.02832726236979276
2022-10-10 20:00:00+00:00,NEARUSDT,-1,4.98123817957675,15,0.027888018763447396
2022-10-10 20:00:00+00:00,UNFIUSDT,-1,4.983596574136093,15,0.03297359981307912
2022-10-10 20:00:00+00:00,GRTUSDT,-1,4.962817141501851,14,0.02337609412260016
2022-10-10 20:00:00+00:00,ADAUSDT,-1,4.912257324852474,14,0.02062816066363177
2022-10-10 20:00:00+00:00,GALAUSDT,-1,5.0152340918336265,51,0.02811588670185856
2022-10-10 20:00:00+00:00,FTMUSDT,-1,-1.0109049432725334,43,0.025284863305476947
2022-10-10 20:00:00+00:00,1000SHIBUSDT,-1,-1.0682561619331676,17,0.030513142564904634
2022-10-10 20:00:00+00:00,RUNEUSDT,-1,2.157902532102998,60,0.028541143482255317
2022-10-11 00:00:00+00:00,ETHUSDT,-1,-1.05162260126048,8,0.020299441996586575
2022-10-11 00:00:00+00:00,CRVUSDT,-1,-1.1036107027139865,39,0.030891306748834054
2022-10-11 08:00:00+00:00,XLMUSDT,-1,2.457208880813147,60,0.03136943253130834
2022-10-11 20:00:00+00:00,SOLUSDT,-1,-1.0509211414487591,13,0.026391003064066675
2022-10-13 00:00:00+00:00,ZECUSDT,-1,-1.0580119591447728,6,0.02400229229502672
2022-10-13 00:00:00+00:00,SANDUSDT,-1,-1.0604404637006568,5,0.02705157935414989
2022-10-13 04:00:00+00:00,GALUSDT,-1,-1.0311286538824322,2,0.04063651466515777
2022-10-13 04:00:00+00:00,AAVEUSDT,-1,-1.0433471704267325,2,0.032525998493558216
2022-10-13 04:00:00+00:00,LTCUSDT,-1,-1.0477217961355727,5,0.02392491675620293
2022-10-16 16:00:00+00:00,BELUSDT,1,-0.9979629446340773,12,0.03763275229645319
2022-10-17 08:00:00+00:00,MKRUSDT,1,-0.9472548206791521,30,0.043674702212823165
2022-10-17 08:00:00+00:00,INJUSDT,1,-0.9371598105813197,15,0.05116264017887043
2022-10-17 20:00:00+00:00,IOTAUSDT,1,-1.038234947059831,4,0.023613475875544195
2022-10-19 04:00:00+00:00,XMRUSDT,1,-1.0523776729574603,4,0.020615081561126614
2022-10-19 20:00:00+00:00,GRTUSDT,-1,-1.0148814751166217,34,0.03531504745876534
2022-10-19 20:00:00+00:00,SOLUSDT,-1,-1.021349017095782,34,0.030933508415735538
2022-10-19 20:00:00+00:00,GALAUSDT,-1,-1.0049341835019814,35,0.043632345638047694
2022-10-19 20:00:00+00:00,1000SHIBUSDT,-1,-1.0281017697660475,24,0.03325342168054661
2022-10-19 20:00:00+00:00,GALUSDT,-1,-0.9888810236732822,44,0.04256506948960749
2022-10-19 20:00:00+00:00,NEARUSDT,-1,-1.032330293458881,4,0.035246818945498776
2022-10-19 20:00:00+00:00,PEOPLEUSDT,-1,-1.0015244814254454,35,0.053808461441872193
2022-10-19 20:00:00+00:00,ETHUSDT,-1,-1.045475883802685,16,0.022372517363587457
2022-10-20 00:00:00+00:00,BTCUSDT,-1,-1.0485621125913531,22,0.016746388421017885
2022-10-23 16:00:00+00:00,STGUSDT,1,4.9714802947805845,29,0.03202066756911594
2022-10-24 20:00:00+00:00,RSRUSDT,-1,-1.0294839476452273,4,0.03720973911638155
2022-10-25 16:00:00+00:00,TRXUSDT,1,-1.147098370861011,48,0.013500285478188214
2022-10-27 00:00:00+00:00,IOTAUSDT,1,-1.051350545983754,5,0.023835384347952147
2022-11-01 16:00:00+00:00,KSMUSDT,-1,-1.0295356451486701,16,0.039102243888246624
2022-11-02 08:00:00+00:00,COMPUSDT,-1,-1.039516096374342,5,0.03829123164560671
2022-11-06 20:00:00+00:00,EOSUSDT,-1,-1.048818719924258,7,0.03424301175028084
2022-11-18 16:00:00+00:00,NEARUSDT,-1,2.3240959747307466,60,0.048100967521410236
2022-11-19 12:00:00+00:00,CELOUSDT,1,-1.0248714653500561,7,0.04323348000875131
2022-11-20 08:00:00+00:00,ROSEUSDT,-1,-1.0166544770219643,15,0.033714057743118565
2022-11-20 20:00:00+00:00,ADAUSDT,-1,-0.9991958085848036,31,0.030166947248648813
2022-11-26 00:00:00+00:00,APTUSDT,1,-1.0170298631452737,12,0.060143759891824154
2022-11-28 00:00:00+00:00,VETUSDT,-1,-1.019911104049104,12,0.030133939259231194
2022-12-02 16:00:00+00:00,APTUSDT,1,-0.9470118979975425,27,0.043209511446432286
2022-12-03 16:00:00+00:00,AVAXUSDT,1,-1.0395653902291049,1,0.030329537837271724
2022-12-03 20:00:00+00:00,ETHUSDT,-1,-1.0496650553172064,5,0.024473344331075866
2022-12-03 20:00:00+00:00,FLOWUSDT,-1,-1.050893206472574,4,0.026159287108730736
2022-12-03 20:00:00+00:00,HBARUSDT,-1,-1.079006632931833,7,0.021032917596092764
2022-12-03 20:00:00+00:00,RSRUSDT,-1,-1.0261358113769994,7,0.0337387650714345
2022-12-05 04:00:00+00:00,BCHUSDT,1,-1.0517719842324516,2,0.02203141364794462
2022-12-07 04:00:00+00:00,C98USDT,-1,-1.0209756111768094,8,0.0384231950719521
2022-12-07 04:00:00+00:00,ZILUSDT,-1,-1.0590237926271824,9,0.027144816161171585
2022-12-07 04:00:00+00:00,UNFIUSDT,-1,-1.0236443793218002,1,0.05078120189405526
2022-12-08 16:00:00+00:00,XMRUSDT,1,-0.7258901918126482,48,0.021127481859538923
2022-12-11 16:00:00+00:00,APEUSDT,1,-0.9873278796197291,2,0.040305014841488775
2022-12-11 20:00:00+00:00,ARUSDT,-1,-1.0583215305762328,10,0.022525986321341753
2022-12-11 20:00:00+00:00,RSRUSDT,-1,-1.0486374869731936,10,0.023197127775573433
2022-12-11 20:00:00+00:00,EGLDUSDT,-1,4.997395308567817,30,0.02218304989456449
2022-12-11 20:00:00+00:00,THETAUSDT,-1,4.984649470745295,30,0.020915891216038963
2022-12-16 08:00:00+00:00,RSRUSDT,-1,5.002690963144459,54,0.03654453618306845
2022-12-16 20:00:00+00:00,ARUSDT,-1,-1.0258122280303186,6,0.04569965826330227
2022-12-21 12:00:00+00:00,RUNEUSDT,1,-1.0408200910054808,6,0.028583718734075274
2022-12-23 04:00:00+00:00,ANTUSDT,1,1.3597532912775967,60,0.03114571489906352
2022-12-24 04:00:00+00:00,YFIUSDT,-1,0.6167206374032486,60,0.023844991095779276
2022-12-26 16:00:00+00:00,XRPUSDT,1,-1.051818268100035,2,0.017917812270521038
2022-12-27 12:00:00+00:00,JASMYUSDT,-1,-1.1055693715273485,28,0.02283995788849966
2022-12-28 00:00:00+00:00,KNCUSDT,-1,4.924491034694515,17,0.02317751266912001
2022-12-28 04:00:00+00:00,ZECUSDT,-1,-1.0031180091810377,33,0.026597099362113578
2022-12-28 04:00:00+00:00,CHZUSDT,-1,-1.0117816074041768,47,0.027914696926962204
2022-12-28 20:00:00+00:00,BTCUSDT,-1,-1.0149827600198098,26,0.010110286742871157
2022-12-29 00:00:00+00:00,ICPUSDT,1,-0.9938549219827045,7,0.03523144854965308
2022-12-30 04:00:00+00:00,LINKUSDT,-1,-1.0367930811034833,7,0.02506802834494568
2023-01-02 04:00:00+00:00,NEARUSDT,1,4.943247950551924,12,0.024273308424930282
2023-01-02 08:00:00+00:00,TRXUSDT,1,-1.0628558961637475,14,0.013103146248275228
2023-01-30 08:00:00+00:00,WOOUSDT,-1,-1.0110505077697336,15,0.045246789597261985
2023-02-05 12:00:00+00:00,ZECUSDT,-1,-1.0171206936670547,11,0.035045309008397946
2023-02-05 16:00:00+00:00,XRPUSDT,-1,-1.0057445836181642,23,0.023592658582161002
2023-03-06 04:00:00+00:00,DASHUSDT,-1,5.0,24,0.03861011966267709
2023-03-07 08:00:00+00:00,LTCUSDT,-1,4.975645753450208,16,0.027141467860589737
2023-03-08 04:00:00+00:00,FLOWUSDT,-1,-1.023491752978941,38,0.039287404427735054
2023-03-08 04:00:00+00:00,DOTUSDT,-1,-1.0694188966134903,28,0.03148364647984464
2023-03-08 04:00:00+00:00,CHZUSDT,-1,-1.0095942629489474,38,0.03100186033911821
2023-03-08 04:00:00+00:00,ETCUSDT,-1,4.951843919128042,13,0.02763472392071106
2023-03-09 16:00:00+00:00,ETHUSDT,-1,-1.0575561577399761,18,0.02152506436577933
2023-03-09 16:00:00+00:00,ADAUSDT,-1,-1.042265801936159,8,0.03367923793685881
2023-03-24 08:00:00+00:00,RNDRUSDT,-1,-0.9976849940358303,45,0.08703217318587088
2023-03-27 12:00:00+00:00,FLOWUSDT,-1,-1.019033050390702,10,0.04079009848990138
2023-03-27 12:00:00+00:00,ONEUSDT,-1,-1.0148285376952815,10,0.05142044452857072
2023-03-27 12:00:00+00:00,UNIUSDT,-1,-1.0277729012050583,7,0.034668326254103245
2023-03-27 12:00:00+00:00,ATAUSDT,-1,-1.0152174438358001,10,0.04599984120547807
2023-03-27 12:00:00+00:00,THETAUSDT,-1,-1.0183591756247152,10,0.038128073629719594
2023-03-27 12:00:00+00:00,LITUSDT,-1,-1.0154777204216385,8,0.05168719799858861
2023-03-27 12:00:00+00:00,WOOUSDT,-1,-1.019464452678738,6,0.04650683042266245
2023-03-27 12:00:00+00:00,XEMUSDT,-1,-1.01912581964008,8,0.0418282727252876
2023-03-27 12:00:00+00:00,HBARUSDT,-1,-1.0385682253387687,10,0.04167186812156662
2023-04-02 08:00:00+00:00,APEUSDT,1,-1.0383481128419778,1,0.03129228301129009
2023-04-02 12:00:00+00:00,KLAYUSDT,-1,-1.0312455057351306,16,0.02753259964145053
2023-04-02 12:00:00+00:00,LITUSDT,-1,-1.0133996089794315,11,0.04477742603691613
2023-04-02 12:00:00+00:00,CRVUSDT,-1,-1.033006887729882,7,0.029285402728984923
2023-04-07 00:00:00+00:00,XMRUSDT,-1,-1.0490695118233704,8,0.018874856618381168
2023-04-07 04:00:00+00:00,ENSUSDT,-1,-1.0034286242953572,22,0.02916621693878077
2023-04-07 04:00:00+00:00,GALAUSDT,-1,-1.0088460675200641,21,0.03878107410121736
2023-04-07 04:00:00+00:00,ICPUSDT,-1,-1.0364337445398895,2,0.030191790986392887
2023-04-07 04:00:00+00:00,COMPUSDT,-1,-1.0029801959082933,21,0.033554841049770016
2023-04-07 04:00:00+00:00,SOLUSDT,-1,-1.0245145404774936,22,0.0283949846271502
2023-04-07 08:00:00+00:00,CKBUSDT,-1,-1.0245101654061857,5,0.040799398267120035
2023-04-08 00:00:00+00:00,LDOUSDT,-1,-0.998064020290656,36,0.04298082237036236
2023-04-08 16:00:00+00:00,HOOKUSDT,-1,-1.0272761401511867,7,0.032995870933771314
2023-04-08 16:00:00+00:00,AAVEUSDT,-1,-1.0218789026394492,13,0.02742367886943778
2023-04-08 16:00:00+00:00,CKBUSDT,-1,-1.0187729401372079,13,0.04253356129429409
2023-04-09 04:00:00+00:00,XEMUSDT,-1,-1.018371641786166,10,0.03810220165119483
2023-04-09 04:00:00+00:00,OCEANUSDT,-1,-1.0190422105364598,9,0.038549621042919195
2023-04-09 04:00:00+00:00,GMTUSDT,-1,-1.0378971646178112,9,0.026562145483753057
2023-04-09 04:00:00+00:00,UNIUSDT,-1,-1.041651619441573,9,0.020522371313774386
2023-04-09 04:00:00+00:00,EGLDUSDT,-1,-1.031297453738769,9,0.02271973962914599
2023-04-10 16:00:00+00:00,TRXUSDT,1,-1.1027462495411546,6,0.011882769497207192
2023-04-11 12:00:00+00:00,INJUSDT,1,5.199872885222198,18,0.04936027210010077
2023-04-12 00:00:00+00:00,1000SHIBUSDT,-1,-1.0567826696545846,3,0.02237496066543928
2023-04-12 00:00:00+00:00,UNIUSDT,-1,-1.051857939636853,3,0.023487049592197044
2023-04-12 00:00:00+00:00,SNXUSDT,-1,-1.031958474628653,3,0.034419665293218216
2023-04-17 12:00:00+00:00,API3USDT,-1,-1.027453221722489,4,0.03463819327336221
2023-04-17 12:00:00+00:00,STORJUSDT,-1,-1.0292616028209798,5,0.030757030143089104
2023-04-17 12:00:00+00:00,MTLUSDT,-1,-1.0335361170547417,4,0.029818598210628208
2023-04-17 12:00:00+00:00,GMTUSDT,-1,-1.0133237433282936,5,0.03523259105443024
2023-04-19 08:00:00+00:00,FLOWUSDT,-1,1.7345169802043967,60,0.04037095155756551
2023-04-19 08:00:00+00:00,EOSUSDT,-1,2.2067265765937374,60,0.033746258868398056
2023-04-19 08:00:00+00:00,FTMUSDT,-1,2.4625712550605434,60,0.052470404562210256
2023-04-19 08:00:00+00:00,DUSKUSDT,-1,2.164411140571171,60,0.053117505193426826
2023-04-19 08:00:00+00:00,XTZUSDT,-1,1.6715771287351642,60,0.03373835423471041
2023-04-19 08:00:00+00:00,ALGOUSDT,-1,2.466377936945213,60,0.04163943741862091
2023-04-19 08:00:00+00:00,ZRXUSDT,-1,1.2946242673579311,60,0.04620481484262899
2023-04-19 08:00:00+00:00,MTLUSDT,-1,0.7889124019613006,60,0.037249066035087146
2023-04-19 08:00:00+00:00,AXSUSDT,-1,1.5934616573025109,60,0.045059042213097235
2023-04-19 08:00:00+00:00,BATUSDT,-1,1.1670802118753174,60,0.0364210682363687
2023-04-19 08:00:00+00:00,RLCUSDT,-1,1.0461264984384715,60,0.048983657525068176
2023-04-19 08:00:00+00:00,1INCHUSDT,-1,1.5439282160414147,60,0.03952697625843823
2023-04-19 08:00:00+00:00,MINAUSDT,-1,2.1840754026043956,60,0.05647770253778594
2023-04-19 08:00:00+00:00,IMXUSDT,-1,0.3863363506780067,60,0.05643205996819651
2023-04-21 16:00:00+00:00,SSVUSDT,-1,-1.0128788112240374,5,0.07764691807373603
2023-04-25 00:00:00+00:00,STGUSDT,-1,-1.025210643491378,5,0.03966578641049051
2023-04-25 00:00:00+00:00,NEOUSDT,-1,-1.0259346176035884,5,0.03904125426009333
2023-04-25 04:00:00+00:00,UNIUSDT,-1,-1.0335261861734744,4,0.029827430857351865
2023-04-25 12:00:00+00:00,MANAUSDT,-1,-1.0320270936545866,2,0.034345920109501646
2023-04-25 20:00:00+00:00,BNBUSDT,1,-0.9728973323780651,5,0.019154203093270285
2023-04-25 20:00:00+00:00,MASKUSDT,1,-1.0261165663306275,5,0.045888115031209195
2023-04-26 16:00:00+00:00,ACHUSDT,-1,-1.0155912644035627,6,0.06124455177489336
2023-04-30 20:00:00+00:00,FXSUSDT,-1,-1.0159653317599922,11,0.03758143012746801
2023-05-01 00:00:00+00:00,LTCUSDT,-1,2.9020559048521535,60,0.028518189808705043
2023-05-01 00:00:00+00:00,1INCHUSDT,-1,3.3860977566030557,60,0.03293363617754922
2023-05-01 16:00:00+00:00,FILUSDT,-1,5.015809028620712,42,0.031550958124423524
2023-05-01 16:00:00+00:00,1000SHIBUSDT,-1,-1.0422930926444456,6,0.021280070662276288
2023-05-01 16:00:00+00:00,OCEANUSDT,-1,-1.0005545538035232,24,0.03662403876961511
2023-05-01 16:00:00+00:00,CELOUSDT,-1,-1.0177908120051908,13,0.033725273462785726
2023-05-01 16:00:00+00:00,ETHUSDT,-1,-1.0425395974539278,5,0.025277155035720103
2023-05-01 16:00:00+00:00,JOEUSDT,-1,5.0166710564511225,38,0.041988940656054775
2023-05-01 16:00:00+00:00,NEARUSDT,-1,-1.0186328170775993,13,0.03857334062835262
2023-05-01 16:00:00+00:00,MAGICUSDT,-1,-1.0146426641283408,13,0.040976149882364275
2023-05-01 16:00:00+00:00,ZECUSDT,-1,-1.0017709944727187,24,0.027984277062075142
2023-05-03 04:00:00+00:00,VETUSDT,-1,-1.014207905453184,15,0.028153340498926666
2023-05-03 04:00:00+00:00,ANTUSDT,-1,-1.0548800070003193,16,0.03233855272630839
2023-05-03 08:00:00+00:00,UNIUSDT,-1,-1.0524068930421833,3,0.021602310961053795
2023-05-03 08:00:00+00:00,DASHUSDT,-1,-1.044402895312052,3,0.024887791488228617
2023-05-03 08:00:00+00:00,LRCUSDT,-1,-1.0409674439517527,3,0.026850589001731213
2023-05-03 08:00:00+00:00,IMXUSDT,-1,-1.0295134690887544,3,0.03727111837283628
2023-05-03 12:00:00+00:00,ANKRUSDT,-1,-1.0423136289239197,2,0.02599635219134288
2023-05-03 12:00:00+00:00,LQTYUSDT,-1,-1.026272897669776,2,0.04186824056584491
2023-05-03 12:00:00+00:00,APTUSDT,-1,-1.0328435882811762,2,0.03557680695533888
2023-05-03 12:00:00+00:00,DYDXUSDT,-1,-1.03027156608887,1,0.03633773015808554
2023-05-04 16:00:00+00:00,GALAUSDT,-1,4.990480108795371,20,0.034974139183246385
2023-05-04 20:00:00+00:00,OPUSDT,-1,4.981826813050035,23,0.03276310322671283
2023-05-06 04:00:00+00:00,LUNA2USDT,-1,4.974802593838724,11,0.025537549217625365
2023-05-06 12:00:00+00:00,ZRXUSDT,-1,-1.0281636267978203,6,0.03195611156407018
2023-05-06 12:00:00+00:00,FTMUSDT,-1,1.679258277051933,60,0.036557418138679965
2023-05-06 12:00:00+00:00,SANDUSDT,-1,2.441254541868313,60,0.02916420466481917
2023-05-06 12:00:00+00:00,DASHUSDT,-1,1.6310862718821852,60,0.029197852667768476
2023-05-06 12:00:00+00:00,1000SHIBUSDT,-1,2.370695709904206,60,0.029422690230260423
2023-05-07 00:00:00+00:00,GMTUSDT,-1,-1.0334787721874121,3,0.03285664103337686
2023-05-07 00:00:00+00:00,XTZUSDT,-1,4.955574107301197,34,0.022616315372929397
2023-05-07 00:00:00+00:00,MAGICUSDT,-1,4.988423493900756,28,0.042524920367133526
2023-05-07 04:00:00+00:00,STMXUSDT,1,-0.8055882692763546,3,0.03532502886753369
2023-05-08 00:00:00+00:00,LQTYUSDT,-1,-1.0438193773960112,52,0.058988971400478075
2023-05-08 00:00:00+00:00,MANAUSDT,-1,-1.0032218500876435,54,0.030659402924683436
2023-05-08 00:00:00+00:00,MINAUSDT,-1,-1.0267957045796183,15,0.04596632256263904
2023-05-08 00:00:00+00:00,THETAUSDT,-1,-0.951362150588383,58,0.031255288183792584
2023-05-12 00:00:00+00:00,SNXUSDT,-1,-1.0234907364006058,3,0.04792570061664953
2023-05-12 00:00:00+00:00,ETHUSDT,-1,-1.043172490386864,5,0.02790272206225485
2023-05-12 00:00:00+00:00,ENJUSDT,-1,-1.028236109587444,5,0.03882758694517859
2023-05-15 04:00:00+00:00,NEARUSDT,1,-1.0500767634071717,5,0.029954012558750992
2023-05-15 04:00:00+00:00,MASKUSDT,1,5.003038211394788,22,0.041475060035672515
2023-05-16 16:00:00+00:00,RUNEUSDT,-1,-1.0463505263248851,6,0.022442247855155154
2023-05-16 16:00:00+00:00,AVAXUSDT,-1,-1.0476337795307973,6,0.022208399384224087
2023-05-17 00:00:00+00:00,RNDRUSDT,1,4.977121788263187,11,0.04738569659513518
2023-05-17 08:00:00+00:00,1000SHIBUSDT,-1,-1.0513507749664328,2,0.02142129307140994
2023-05-18 16:00:00+00:00,SOLUSDT,-1,-0.9566898333697291,60,0.026776622909354047
2023-05-20 20:00:00+00:00,THETAUSDT,-1,0.9400718597801184,60,0.019767188668616407
2023-05-21 00:00:00+00:00,ANTUSDT,1,-1.0373192461049976,34,0.0324722529654147
2023-05-21 08:00:00+00:00,COTIUSDT,-1,-1.0107984001895558,10,0.02101792821305808
2023-05-21 08:00:00+00:00,EOSUSDT,-1,-0.9767347630222107,32,0.01719303355396442
2023-05-21 12:00:00+00:00,RUNEUSDT,-1,-0.992825044408527,39,0.022004317376914287
2023-05-21 16:00:00+00:00,ZECUSDT,-1,-1.0241364182929054,31,0.01854914820280841
2023-05-21 20:00:00+00:00,LQTYUSDT,-1,-1.0189614536838745,7,0.04219085800791621
2023-05-23 00:00:00+00:00,TOMOUSDT,1,4.985763267335461,35,0.05465860870860979
2023-05-24 00:00:00+00:00,SANDUSDT,-1,-1.0335314160160176,6,0.027643031822971675
2023-05-24 00:00:00+00:00,CHZUSDT,-1,-0.9855710645286487,30,0.0207915546226942
2023-05-24 00:00:00+00:00,ICPUSDT,-1,-0.9988186712411204,29,0.026563308278200616
2023-05-24 00:00:00+00:00,WOOUSDT,-1,-1.0126196341212688,18,0.04270963760285418
2023-05-24 04:00:00+00:00,ICXUSDT,-1,-0.9967348095121469,28,0.028855896876610092
2023-05-24 12:00:00+00:00,FLOWUSDT,-1,-1.0241920908189999,12,0.024972624504431603
2023-05-24 12:00:00+00:00,DYDXUSDT,-1,-0.9971773749837354,26,0.03542801449846242
2023-05-24 12:00:00+00:00,FTMUSDT,-1,-1.0206131515878398,23,0.03829642433065192
2023-05-24 12:00:00+00:00,CELOUSDT,-1,-1.0202147351534105,13,0.026149241926166623
2023-05-24 12:00:00+00:00,ROSEUSDT,-1,-1.0207279452562288,12,0.029067521770830145
2023-05-29 16:00:00+00:00,OPUSDT,-1,5.023477734725134,42,0.030420737279880684
2023-05-31 04:00:00+00:00,ICPUSDT,-1,5.018545829860616,33,0.026960238703673683
2023-05-31 04:00:00+00:00,PEOPLEUSDT,-1,-1.0244715892608334,11,0.02451822779488515
2023-05-31 04:00:00+00:00,FLOWUSDT,-1,4.970747013671058,33,0.022350196750789173
2023-05-31 04:00:00+00:00,HOOKUSDT,-1,-1.0217410253452117,7,0.036796792575205184
2023-05-31 08:00:00+00:00,RDNTUSDT,-1,-1.0180410259330315,11,0.038800454175854295
2023-06-05 00:00:00+00:00,GALAUSDT,-1,4.997559133103889,30,0.02768688456862283
2023-06-05 00:00:00+00:00,RLCUSDT,-1,4.9606455665016025,4,0.025410097696888383
2023-06-05 12:00:00+00:00,BNBUSDT,-1,-1.0591447246784278,1,0.020289214406264265
2023-06-05 12:00:00+00:00,MATICUSDT,-1,5.000608081796285,25,0.022332521846469708
2023-06-05 12:00:00+00:00,RNDRUSDT,-1,-1.017123936860156,1,0.064237564584781
2023-06-05 12:00:00+00:00,AVAXUSDT,-1,-1.038183701811761,7,0.023223782868711948
2023-06-05 12:00:00+00:00,AAVEUSDT,-1,-1.035807717561687,6,0.025134246505647433
2023-06-05 12:00:00+00:00,STXUSDT,-1,-1.027628830769263,6,0.03433189076735253
2023-06-05 16:00:00+00:00,DYDXUSDT,-1,-1.0206763946891622,6,0.05032260293161194
2023-06-10 00:00:00+00:00,1000FLOKIUSDT,-1,4.975082334025299,1,0.04815860366771205
2023-06-20 12:00:00+00:00,OMGUSDT,-1,-1.033284966261185,1,0.03483104026312194
2023-06-20 12:00:00+00:00,FLOWUSDT,-1,-1.0415620869910887,1,0.03118996407177302
2023-06-20 16:00:00+00:00,JOEUSDT,1,4.941350660624328,27,0.042626226085626114
2023-06-28 04:00:00+00:00,IDUSDT,-1,-0.991497924386395,36,0.05632271715318246
2023-07-05 08:00:00+00:00,HBARUSDT,-1,-1.0290751984872497,6,0.03439185463990673
2023-07-05 08:00:00+00:00,GALUSDT,-1,-0.9753115826579399,51,0.04190629094062528
2023-07-05 08:00:00+00:00,LINAUSDT,-1,-1.0396992856114888,25,0.047717987133043205
2023-07-08 16:00:00+00:00,ALPHAUSDT,-1,-1.0275338330414918,12,0.03684303592860737
2023-07-10 00:00:00+00:00,HIGHUSDT,-1,-1.0305610743158689,5,0.03678568326429022
2023-07-10 00:00:00+00:00,AGIXUSDT,-1,-1.0273809471873234,4,0.03652174605789489
2023-07-10 00:00:00+00:00,RENUSDT,-1,-1.0310072025732377,3,0.035475628522174917
2023-07-10 08:00:00+00:00,KAVAUSDT,1,-1.0230586852106067,16,0.03062880617647223
2023-07-10 16:00:00+00:00,RDNTUSDT,1,-1.0375045516738661,2,0.034662459407718914
2023-07-19 20:00:00+00:00,ACHUSDT,-1,-1.0282817978188787,3,0.03535843111545174
2023-07-21 20:00:00+00:00,CRVUSDT,-1,4.928377109587693,53,0.029317163659722784
2023-07-22 20:00:00+00:00,EDUUSDT,-1,-0.0657379505590214,60,0.03600693164752542
2023-07-24 00:00:00+00:00,SXPUSDT,-1,2.7534514210382732,60,0.024453792844307626
2023-07-24 08:00:00+00:00,ATOMUSDT,-1,1.3705214996123325,60,0.027128912137204468
2023-07-24 08:00:00+00:00,ALPHAUSDT,-1,-0.9909571190033465,33,0.0402537642743112
2023-07-30 12:00:00+00:00,TRXUSDT,-1,3.884549708639717,60,0.015363119305863537
2023-08-04 04:00:00+00:00,FLOWUSDT,-1,0.27668584063569357,60,0.025481152450097567
2023-08-04 16:00:00+00:00,APTUSDT,-1,-0.9978422520155379,29,0.022940584515202683
2023-08-04 20:00:00+00:00,GALAUSDT,-1,-1.034278806172687,4,0.03028839437317664
2023-08-05 00:00:00+00:00,RNDRUSDT,-1,-0.9992509866506905,55,0.024739211947383443
2023-08-05 00:00:00+00:00,FETUSDT,-1,-1.0135167196417374,22,0.0264635214372237
2023-08-07 12:00:00+00:00,GMTUSDT,-1,-1.0332289758826514,7,0.029016843715107155
2023-08-07 12:00:00+00:00,XVGUSDT,-1,-1.012062377198542,14,0.04145119919317331
2023-08-10 08:00:00+00:00,XMRUSDT,-1,-1.1052475251603027,5,0.012826334851522002
2023-08-11 04:00:00+00:00,1000XECUSDT,-1,-1.090261581247857,9,0.021265747546889337
2023-08-11 12:00:00+00:00,SANDUSDT,-1,4.847753257054312,25,0.018271852298294266
2023-08-12 16:00:00+00:00,XLMUSDT,-1,-1.0447522705817944,6,0.020110711441001
2023-08-12 16:00:00+00:00,AGIXUSDT,-1,-1.0529698879489642,5,0.018878650469556217
2023-08-13 00:00:00+00:00,BANDUSDT,-1,-1.0603152579735242,3,0.01823750800307957
2023-08-13 20:00:00+00:00,IMXUSDT,-1,-1.0580333951269647,4,0.017231457815146043
2023-08-13 20:00:00+00:00,ADAUSDT,-1,4.931930025686332,18,0.014332751111440218
2023-08-15 04:00:00+00:00,DYDXUSDT,-1,4.983031993190094,16,0.02357377648896429
2023-08-15 08:00:00+00:00,MANAUSDT,-1,4.931847767005545,2,0.01614033688506526
2023-08-15 08:00:00+00:00,XEMUSDT,-1,4.957715741433021,9,0.01891957023989938
2023-08-15 16:00:00+00:00,MATICUSDT,-1,4.955836010857761,13,0.024548054219201438
2023-08-15 16:00:00+00:00,ETHUSDT,-1,4.910259999943591,11,0.008446735006947769
2023-08-15 16:00:00+00:00,RDNTUSDT,-1,4.964959487001258,13,0.03167019843687389
2023-08-15 16:00:00+00:00,IMXUSDT,-1,4.974203755567404,13,0.034127448369483344
2023-08-17 08:00:00+00:00,XMRUSDT,-1,4.918477191128106,3,0.014033618515252528
2023-08-21 12:00:00+00:00,THETAUSDT,-1,-1.036446111368511,2,0.03378769239738292
2023-08-22 12:00:00+00:00,IMXUSDT,-1,-1.0389887195311978,9,0.03477775152156417
2023-08-24 16:00:00+00:00,TOMOUSDT,-1,-1.160880523884602,29,0.07960149364745826
2023-08-26 16:00:00+00:00,LQTYUSDT,-1,-1.0380267292189715,5,0.029077178676947764
2023-08-26 16:00:00+00:00,GMTUSDT,-1,-1.0240321906270757,18,0.02407520849756033
2023-08-27 12:00:00+00:00,IDUSDT,-1,-1.0468970120983008,3,0.027446737913748884
2023-08-27 16:00:00+00:00,THETAUSDT,-1,-1.0489679153795688,11,0.023785166082154547
2023-08-27 16:00:00+00:00,XMRUSDT,1,-0.9906353684287815,6,0.01853569984894283
2023-08-28 00:00:00+00:00,AUDIOUSDT,-1,-1.0479163205875108,3,0.022956687544298554
2023-08-28 04:00:00+00:00,ARPAUSDT,-1,-1.0480024797312288,2,0.02659758427374425
2023-08-29 04:00:00+00:00,MASKUSDT,-1,-1.0455810978856213,2,0.024952229164245984
2023-09-04 00:00:00+00:00,SNXUSDT,1,-0.8360214985780599,37,0.03782983712016074
2023-09-07 00:00:00+00:00,APTUSDT,1,-1.0289426683771834,8,0.02439028740544472
2023-09-09 00:00:00+00:00,LDOUSDT,-1,-1.010194760597502,42,0.024221265191899082
2023-09-10 04:00:00+00:00,FILUSDT,-1,-1.0362744871872551,26,0.02696137356680944
2023-09-10 04:00:00+00:00,YGGUSDT,-1,-1.034968201967576,13,0.041896063210754425
2023-09-21 08:00:00+00:00,GALAUSDT,-1,-0.9956093568373373,47,0.03607899665977282
2023-09-23 08:00:00+00:00,XMRUSDT,-1,-1.048593715848906,24,0.01377379746140528
2023-09-23 12:00:00+00:00,FETUSDT,-1,-0.9813467236361568,45,0.031177900796416004
2023-09-23 12:00:00+00:00,AGIXUSDT,-1,-0.9975404883008469,33,0.023199727010728307
2023-09-24 20:00:00+00:00,LDOUSDT,-1,-1.0124216357090838,20,0.02141022376026237
2023-09-25 20:00:00+00:00,TRXUSDT,1,4.967330272146322,21,0.010036508460328214
2023-09-25 20:00:00+00:00,ALGOUSDT,-1,-1.0147330140189827,20,0.024934477054501848
2023-09-26 20:00:00+00:00,NEARUSDT,-1,-1.0912464169592713,11,0.019810969682314685
2023-10-01 08:00:00+00:00,ATOMUSDT,1,-1.0762124084530567,8,0.017779125834011953
2023-10-06 08:00:00+00:00,LINAUSDT,-1,-1.0222527244246091,10,0.03506357177267851
2023-10-08 08:00:00+00:00,OPUSDT,-1,1.709357397604064,60,0.02632804910308956
2023-10-09 08:00:00+00:00,LINAUSDT,-1,-1.0055883883319576,21,0.03578849359060152
2023-10-17 08:00:00+00:00,UNIUSDT,-1,-1.0427735632401,18,0.02315004701482674
2023-10-17 12:00:00+00:00,CFXUSDT,-1,-1.006184038477258,38,0.027685791514664736
2023-10-23 00:00:00+00:00,CRVUSDT,1,4.865874097994144,59,0.029256690477494292
2023-12-04 08:00:00+00:00,LOOMUSDT,-1,-0.9024029568156698,17,0.031078298081955048
2023-12-17 20:00:00+00:00,ILVUSDT,-1,-1.0161491561830258,7,0.05215071242454421
2023-12-18 00:00:00+00:00,MKRUSDT,-1,-0.9855582729157759,23,0.025965730955375448
2023-12-23 00:00:00+00:00,ZRXUSDT,-1,-0.9985068587161693,9,0.035408571561584445
2023-12-31 20:00:00+00:00,SLPUSDT,-1,-1.0214334559368694,6,0.046650899553717845
2024-01-14 20:00:00+00:00,OMGUSDT,-1,-1.015051086562402,8,0.05315230875080758
2024-01-18 08:00:00+00:00,SKLUSDT,-1,1.1023703663178506,60,0.05234559145611925
2024-01-18 08:00:00+00:00,DOTUSDT,-1,1.8354390283663164,60,0.036865452951871436
2024-01-18 08:00:00+00:00,HOTUSDT,-1,0.5486750361744778,60,0.03793385768941889
2024-01-18 12:00:00+00:00,KAVAUSDT,-1,-0.9936620957506604,27,0.0315561725346069
2024-01-18 16:00:00+00:00,LEVERUSDT,-1,-1.022043735017607,5,0.045364363126358886
2024-01-18 16:00:00+00:00,UNIUSDT,-1,-1.0200654631558106,9,0.039869500832746645
2024-01-18 16:00:00+00:00,SNXUSDT,-1,0.9086657358400839,60,0.04600151447479724
2024-01-18 16:00:00+00:00,ALGOUSDT,-1,1.8122774611523442,60,0.04601682464842717
2024-01-18 16:00:00+00:00,ADAUSDT,-1,-1.0132698303979737,14,0.0376794567077699
2024-01-18 16:00:00+00:00,GMXUSDT,-1,5.005448374843892,28,0.03670819386156881
2024-01-18 16:00:00+00:00,MATICUSDT,-1,-0.9572066597282614,58,0.03972580754867377
2024-01-18 16:00:00+00:00,LUNA2USDT,-1,1.3194164403301936,60,0.05333844715821496
2024-01-18 16:00:00+00:00,AGIXUSDT,-1,-1.0108035632888144,14,0.04628102660513819
2024-01-18 16:00:00+00:00,APTUSDT,-1,-0.9766791272512306,55,0.05379043972812444
2024-01-18 16:00:00+00:00,CTSIUSDT,-1,-1.0077420145406975,17,0.05166613907754494
2024-01-18 16:00:00+00:00,XRPUSDT,-1,1.7936765269005583,60,0.024458482225161643
2024-01-18 16:00:00+00:00,XLMUSDT,-1,-1.0214651984685903,15,0.023293518610212564
2024-01-18 16:00:00+00:00,CELOUSDT,-1,-0.9673634850877711,56,0.04902484239824388
2024-01-19 00:00:00+00:00,ARUSDT,-1,-1.021827102536409,2,0.05039606141791625
2024-01-19 12:00:00+00:00,1000SATSUSDT,-1,5.014077030783613,35,0.056913990763777816
2024-01-23 08:00:00+00:00,WLDUSDT,-1,-1.0105628461779106,11,0.06627001739965852
2024-01-23 08:00:00+00:00,1000LUNCUSDT,-1,-1.0143477534470184,6,0.06272759030348449
2024-01-23 08:00:00+00:00,AVAXUSDT,-1,-1.0201252958295262,2,0.0546575816483737
2024-01-23 08:00:00+00:00,ONTUSDT,-1,-1.0200179625457801,6,0.044959620537889704
2024-01-27 00:00:00+00:00,RDNTUSDT,1,-1.042806914238734,10,0.036722572228242024
2024-01-30 16:00:00+00:00,XRPUSDT,-1,-1.0080449955758792,22,0.022683666917998235
2024-01-30 20:00:00+00:00,1000PEPEUSDT,-1,-0.14249855493649416,60,0.03960639552533762
2024-01-31 08:00:00+00:00,POLYXUSDT,-1,-0.9787602616067467,37,0.03060301346303422
2024-01-31 08:00:00+00:00,MANAUSDT,-1,-0.966196534636598,45,0.0295827658273975
2024-01-31 08:00:00+00:00,ATOMUSDT,-1,-1.0058157241790346,44,0.025804181109718362
2024-01-31 12:00:00+00:00,HBARUSDT,-1,-0.9932620540984759,36,0.03062802863308383
2024-01-31 20:00:00+00:00,JTOUSDT,-1,-0.21261633932667492,60,0.0707536306825288
2024-01-31 20:00:00+00:00,LTCUSDT,-1,-1.0295678483469306,10,0.023674363849088276
2024-02-01 20:00:00+00:00,TRXUSDT,1,5.028570866809532,27,0.01410667736078454
2024-02-04 16:00:00+00:00,FETUSDT,-1,-1.0080540582882103,18,0.03724830256556125
2024-02-04 20:00:00+00:00,ARKMUSDT,-1,-1.0281063743566041,4,0.03557911765182945
2024-02-04 20:00:00+00:00,WAVESUSDT,-1,-1.011909055483663,17,0.025190914628922784
2024-02-04 20:00:00+00:00,SANDUSDT,-1,-1.043341435300295,4,0.023229041517070316
2024-02-04 20:00:00+00:00,GALAUSDT,-1,-1.0347276535572842,3,0.028795495738015976
2024-02-04 20:00:00+00:00,INJUSDT,-1,-1.0023923966253236,21,0.04179908922352798
2024-02-04 20:00:00+00:00,1000SHIBUSDT,-1,-1.0171600489568136,17,0.017482467605710997
2024-02-04 20:00:00+00:00,DOTUSDT,-1,-1.0425240230480055,1,0.02586773125294794
2024-02-04 20:00:00+00:00,FRONTUSDT,-1,-1.0339794266873352,3,0.02942957246458564
2024-02-05 00:00:00+00:00,COMPUSDT,-1,-1.0036575585739829,24,0.02916973107660225
2024-02-05 16:00:00+00:00,APTUSDT,-1,-1.0027859999164626,23,0.03589375556297501
2024-02-06 08:00:00+00:00,RLCUSDT,-1,-1.021965118395771,7,0.040974056400862977
2024-02-07 04:00:00+00:00,BIGTIMEUSDT,-1,-1.0207876679615306,3,0.05051071635082088
2024-02-08 08:00:00+00:00,BNBUSDT,1,5.741965677235019,40,0.013992924900098125
2024-02-08 12:00:00+00:00,TIAUSDT,1,-1.019089090994651,4,0.04245304295668632
2024-02-09 00:00:00+00:00,BSVUSDT,1,-1.2235039275496051,51,0.03254238115518486
2024-02-11 12:00:00+00:00,1000SATSUSDT,-1,-1.0054573353503407,7,0.047094412107898345
2024-02-11 16:00:00+00:00,STORJUSDT,-1,-1.019203921583075,8,0.037117418799933966
2024-02-12 08:00:00+00:00,FTMUSDT,-1,-1.0393725317204026,1,0.0304781010406348
2024-02-12 08:00:00+00:00,APTUSDT,-1,-1.0377397222478246,1,0.03179673639673207
2024-02-13 12:00:00+00:00,ASTRUSDT,-1,2.983968745434756,60,0.040804278294725896
2024-02-16 12:00:00+00:00,DUSKUSDT,-1,0.20740953257942804,60,0.05019372296165231
2024-02-17 12:00:00+00:00,XAIUSDT,-1,-1.0126891302817895,3,0.062384890250207346
2024-03-03 04:00:00+00:00,SUIUSDT,-1,-0.7925515400405778,38,0.06405629621255965
2024-03-03 04:00:00+00:00,API3USDT,-1,-0.85001803136154,36,0.07046193683105244
2024-03-03 04:00:00+00:00,RLCUSDT,-1,-0.9192423350354214,23,0.07861680996825146
2024-03-03 04:00:00+00:00,TIAUSDT,-1,-0.9181597890329839,12,0.058393422298556576
2024-03-14 12:00:00+00:00,NFPUSDT,-1,-1.0052733045915825,2,0.08425836063202279
2024-03-14 12:00:00+00:00,ZETAUSDT,-1,-0.9921425173097416,10,0.07345227762518346
2024-03-14 12:00:00+00:00,TRXUSDT,-1,4.9372912859014395,28,0.012766806200836872
2024-03-14 12:00:00+00:00,COTIUSDT,-1,1.0151147248370178,60,0.06668970901642168
2024-03-14 12:00:00+00:00,MAVUSDT,-1,1.7688978006578369,60,0.06819312352958845
2024-03-14 16:00:00+00:00,BIGTIMEUSDT,-1,2.9688380888177193,60,0.08802048176766333
2024-03-14 16:00:00+00:00,MINAUSDT,-1,1.8474119998402148,60,0.06867452671211804
2024-03-15 00:00:00+00:00,XAIUSDT,-1,-1.003116343914672,8,0.08365572194153573
2024-03-27 12:00:00+00:00,1000RATSUSDT,-1,-0.9406799729267166,9,0.07208020985421537
2024-03-29 00:00:00+00:00,CKBUSDT,-1,-0.9239990638585134,15,0.055293134707929764
2024-03-29 04:00:00+00:00,MAGICUSDT,-1,-0.9200896518706694,16,0.04381810468818092
2024-03-29 04:00:00+00:00,ACEUSDT,-1,2.399384884740527,60,0.05435570936362171
2024-03-29 12:00:00+00:00,INJUSDT,-1,0.6003381468097906,60,0.04495838585031022
2024-03-29 12:00:00+00:00,WLDUSDT,-1,-1.0106581342188636,1,0.057463153252096166
2024-03-30 12:00:00+00:00,MANTAUSDT,-1,1.390315493354249,60,0.04757708628074885
2024-03-30 16:00:00+00:00,XMRUSDT,-1,-0.7288956861750296,30,0.029840321925762206
2024-03-30 20:00:00+00:00,LDOUSDT,-1,-1.0148425726122123,2,0.04383000285710231
2024-03-30 20:00:00+00:00,WOOUSDT,-1,-1.0047596092558966,4,0.040020091935910176
2024-03-30 20:00:00+00:00,GLMRUSDT,-1,1.9116202081436622,60,0.04415196480277946
2024-03-30 20:00:00+00:00,ROSEUSDT,-1,1.6339729258282942,60,0.03685123098390215
2024-04-01 04:00:00+00:00,SSVUSDT,-1,-0.942654302815362,45,0.05726602275714892
2024-04-01 04:00:00+00:00,CRVUSDT,-1,1.8700739674346467,60,0.038291672049368605
2024-04-01 04:00:00+00:00,XAIUSDT,-1,2.2452741024578575,60,0.04943124919765443
2024-04-01 04:00:00+00:00,AVAXUSDT,-1,2.7947818426041233,60,0.03549732950227009
2024-04-01 04:00:00+00:00,ARKUSDT,-1,2.3217181243809595,60,0.040792934764092514
2024-04-01 04:00:00+00:00,SANDUSDT,-1,1.721270160828088,60,0.03983802713018022
2024-04-01 04:00:00+00:00,KSMUSDT,-1,3.1014076835149185,60,0.039414950574457666
2024-04-01 04:00:00+00:00,ACHUSDT,-1,1.2598838054190118,60,0.055275291890030394
2024-04-01 04:00:00+00:00,MANAUSDT,-1,0.8138621154773601,60,0.03493459973282664
2024-04-01 04:00:00+00:00,BIGTIMEUSDT,-1,1.4849551328656334,60,0.057206029132190465
2024-04-01 04:00:00+00:00,SLPUSDT,-1,-0.9243619927405343,45,0.04237895888774689
2024-04-01 12:00:00+00:00,BEAMXUSDT,-1,-0.9666296240811502,42,0.05055831567804047
2024-04-01 12:00:00+00:00,1000LUNCUSDT,-1,2.526963819186425,60,0.04805124724354973
2024-04-01 12:00:00+00:00,ZECUSDT,-1,1.5601192195469449,60,0.03992395177704452
2024-04-01 12:00:00+00:00,UMAUSDT,-1,2.8032965987607485,60,0.04744438715394539
2024-04-01 12:00:00+00:00,LPTUSDT,-1,2.4590413684807735,60,0.045507186717600526
2024-04-02 00:00:00+00:00,EDUUSDT,-1,2.024891959173015,60,0.053657389687572686
2024-04-09 12:00:00+00:00,ONDOUSDT,-1,-0.9931812626878848,14,0.06230772363749335
2024-04-09 12:00:00+00:00,SUIUSDT,-1,5.017813055352938,19,0.040926723998520806
2024-04-09 12:00:00+00:00,SOLUSDT,-1,5.04368109350688,25,0.03831497486976579
2024-04-09 12:00:00+00:00,ZETAUSDT,-1,5.018273788377238,19,0.05611370662895784
2024-04-09 20:00:00+00:00,PORTALUSDT,-1,5.0119728508904515,17,0.05124761058282154
2024-04-09 20:00:00+00:00,DYMUSDT,-1,5.006209434602022,17,0.04241771060995695
2024-04-10 00:00:00+00:00,BAKEUSDT,-1,4.995265496133708,16,0.04744319707904442
2024-04-12 12:00:00+00:00,DYDXUSDT,-1,4.971981818356652,1,0.03481917607710439
2024-04-12 12:00:00+00:00,MYROUSDT,-1,4.9912165097857315,8,0.08371387478812543
2024-04-12 12:00:00+00:00,TIAUSDT,-1,4.975977737975376,1,0.045073607093713434
2024-04-12 12:00:00+00:00,XAIUSDT,-1,4.980567615179745,1,0.054429243234088404
2024-04-12 16:00:00+00:00,CRVUSDT,-1,-0.21753035796156273,60,0.08356283374694234
2024-04-12 16:00:00+00:00,INJUSDT,-1,-1.0402667334694253,30,0.08331294125328584
2024-04-24 00:00:00+00:00,MINAUSDT,1,-1.0221681040282857,3,0.04331042468832358
2024-04-24 12:00:00+00:00,ARPAUSDT,-1,1.2659844296138594,60,0.047974883818566696
2024-04-24 12:00:00+00:00,ORDIUSDT,-1,1.378968490168943,60,0.06512013927809011
2024-04-24 12:00:00+00:00,STRKUSDT,-1,-1.0398670721626642,21,0.055572428066960944
2024-04-24 12:00:00+00:00,ARBUSDT,-1,1.3233892776310228,60,0.04130902806899271
2024-04-24 12:00:00+00:00,FILUSDT,-1,-0.08096222582601892,60,0.04769995571395735
2024-04-24 12:00:00+00:00,SNXUSDT,-1,0.382413574890654,60,0.04717089131378288
2024-04-24 12:00:00+00:00,HIFIUSDT,-1,-1.0183439434390398,7,0.046336819715163416
2024-04-24 12:00:00+00:00,DUSKUSDT,-1,1.0538580416119212,60,0.054039977176305584
2024-04-24 12:00:00+00:00,ZRXUSDT,-1,1.0672651492296357,60,0.04627294543454861
2024-04-24 20:00:00+00:00,DYMUSDT,-1,1.994562281859675,60,0.0512346235209754
2024-04-28 20:00:00+00:00,ENJUSDT,-1,-0.9946482135695425,45,0.04274834262778718
2024-04-28 20:00:00+00:00,LINKUSDT,-1,-1.0105961544563649,33,0.034473827415810475
2024-04-29 04:00:00+00:00,LINAUSDT,-1,-1.0077017197806004,26,0.049340927847981934
2024-04-29 04:00:00+00:00,RENUSDT,-1,-1.0132992349327552,20,0.044806336831625
2024-04-30 08:00:00+00:00,CFXUSDT,-1,-1.0109011427672034,12,0.055040101098862745
2024-04-30 08:00:00+00:00,DYDXUSDT,-1,-1.023496305477666,8,0.04918815858512854
2024-05-06 04:00:00+00:00,ENAUSDT,1,-1.0248002131756921,3,0.054435015958781176
2024-05-07 00:00:00+00:00,XTZUSDT,-1,-1.0091315826701472,19,0.03285301254302681
2024-05-07 16:00:00+00:00,PIXELUSDT,-1,1.8857375427300753,60,0.05141041012031816
2024-05-07 16:00:00+00:00,SNXUSDT,-1,0.1508558286247317,60,0.038353192932167345
2024-05-07 20:00:00+00:00,JASMYUSDT,-1,-1.0132969094864088,11,0.051420971218835876
2024-05-07 20:00:00+00:00,XAIUSDT,-1,1.6547693639233199,60,0.05040162023714106
2024-05-07 20:00:00+00:00,MAGICUSDT,-1,0.5538212698927324,60,0.040112078581422544
2024-05-08 00:00:00+00:00,ALTUSDT,-1,1.0355317618840514,60,0.05437700458786913
2024-05-08 04:00:00+00:00,1000RATSUSDT,-1,-0.9528365986028714,21,0.07667322315349757
2024-05-08 04:00:00+00:00,RVNUSDT,-1,-1.0273186850271838,2,0.04026548125963636
2024-05-08 04:00:00+00:00,IOSTUSDT,-1,-1.0301969221000429,3,0.03311595786772456
2024-05-08 04:00:00+00:00,ARPAUSDT,-1,-1.0277041947229397,3,0.037477357143333376
2024-05-08 04:00:00+00:00,XEMUSDT,-1,-1.0160051770261114,12,0.03748787026980192
2024-05-08 04:00:00+00:00,UNIUSDT,-1,-1.0188988768251004,10,0.037039238176861354
2024-05-08 16:00:00+00:00,ROSEUSDT,-1,-1.0162078677051256,11,0.043188901386371666
2024-05-08 20:00:00+00:00,ANKRUSDT,-1,-1.0195611928832853,6,0.04600946401223909
2024-05-08 20:00:00+00:00,WIFUSDT,-1,-1.0117828055669678,5,0.08062595912329401
2024-05-10 12:00:00+00:00,GALUSDT,-1,-1.020473010595768,6,0.04745320652551698
2024-05-11 08:00:00+00:00,STXUSDT,-1,-1.0146379552346219,13,0.04606449392638421
2024-05-11 20:00:00+00:00,ALGOUSDT,-1,-0.991849350758324,35,0.031057648598785542
2024-05-12 00:00:00+00:00,VETUSDT,-1,-1.0032789562047841,22,0.030497510108247475
2024-05-13 00:00:00+00:00,LDOUSDT,-1,-1.0301126175485231,2,0.036529537766931915
2024-05-13 00:00:00+00:00,EOSUSDT,-1,-1.03621025100258,2,0.03037813794556752
2024-05-13 00:00:00+00:00,CKBUSDT,-1,-1.0188501606713425,2,0.05835494026702153
2024-05-13 00:00:00+00:00,ENSUSDT,-1,-1.0324248986925224,1,0.03700859673855275
2024-05-13 00:00:00+00:00,CFXUSDT,-1,-1.0324438033734633,1,0.03698703219800606
2024-05-14 12:00:00+00:00,DYDXUSDT,-1,-1.0298069850797704,6,0.03878621057802465
2024-05-14 16:00:00+00:00,TOKENUSDT,-1,-1.0160196842139289,5,0.05835133748686648
2024-05-14 20:00:00+00:00,CRVUSDT,-1,-1.0265380582793668,4,0.03768173200438899
2024-05-14 20:00:00+00:00,OPUSDT,-1,-1.0279063519760174,4,0.03583413557097831
2024-05-16 12:00:00+00:00,STRKUSDT,-1,-1.0286889211846908,6,0.04701640718089434
2024-05-19 00:00:00+00:00,UNFIUSDT,1,-1.0250227288890128,3,0.04588068731800351
2024-05-19 12:00:00+00:00,WIFUSDT,-1,-1.0156064970794005,4,0.07391472885498457
2024-05-19 16:00:00+00:00,APTUSDT,-1,-1.0310624031305313,5,0.032193259349502686
2024-05-19 16:00:00+00:00,ATOMUSDT,-1,-1.0438346210659173,6,0.022801383374503034
2024-05-19 16:00:00+00:00,STRKUSDT,-1,-1.0440785743762795,6,0.04447376140765226
2024-05-19 16:00:00+00:00,FILUSDT,-1,-1.0374976169501433,6,0.030860361114111102
2024-05-19 16:00:00+00:00,PIXELUSDT,-1,-1.0214039178067793,6,0.047883757041687125
2024-05-19 16:00:00+00:00,DYDXUSDT,-1,-1.0339505523432095,3,0.03277413541764026
2024-05-19 16:00:00+00:00,ATAUSDT,-1,-1.0227397724543226,6,0.03957823244747878
2024-05-19 20:00:00+00:00,XAIUSDT,-1,-1.0286886543718963,5,0.04177017103924626
2024-05-20 16:00:00+00:00,MANAUSDT,1,-1.061552684034966,17,0.03249249047960168
2024-05-20 20:00:00+00:00,IDUSDT,1,-1.0355890659797764,4,0.035660952740968435
2024-05-23 12:00:00+00:00,ARKMUSDT,-1,-0.9891009331862085,37,0.06422568206612381
2024-05-23 12:00:00+00:00,CKBUSDT,-1,-1.0123307806760256,10,0.05676850626018195
2024-05-28 00:00:00+00:00,IMXUSDT,-1,0.5096877571047024,60,0.04405933653317313
2024-05-28 00:00:00+00:00,JTOUSDT,-1,-1.0194015704919135,3,0.05028974331777194
2024-05-28 04:00:00+00:00,OPUSDT,-1,0.06552604637412715,60,0.04686524874906017
2024-05-28 04:00:00+00:00,EOSUSDT,-1,-1.0099782029969437,17,0.03006553385332869
2024-05-28 04:00:00+00:00,LTCUSDT,-1,-1.0195989247756385,14,0.022498683221034124
2024-05-29 16:00:00+00:00,TAOUSDT,-1,-0.9371939134165876,41,0.047141290933130596
2024-05-29 16:00:00+00:00,ZETAUSDT,-1,5.158076827099626,54,0.04332171973368359
2024-05-29 16:00:00+00:00,ALTUSDT,-1,-1.0056372365327684,17,0.0498116405738451
2024-05-30 04:00:00+00:00,GLMUSDT,-1,-1.0301834413170041,2,0.03644382323563446
2024-05-30 04:00:00+00:00,OCEANUSDT,-1,-1.0239058572787745,2,0.04601382779008858
2024-05-30 04:00:00+00:00,FETUSDT,-1,-1.0218755068116783,1,0.04804780108861234
2024-05-30 04:00:00+00:00,JUPUSDT,-1,-1.0209232667521981,3,0.050183368229996556
2024-05-30 04:00:00+00:00,STRKUSDT,-1,-0.9905652566940768,21,0.04515120191267927
2024-05-30 04:00:00+00:00,GALAUSDT,-1,-1.0230850240200562,2,0.04764993959046136
2024-05-30 04:00:00+00:00,XLMUSDT,-1,-1.0443423054083694,3,0.02255182699209037
2024-05-30 04:00:00+00:00,AGIXUSDT,-1,-1.0237285706623362,2,0.04635761739100388
2024-05-30 04:00:00+00:00,ADAUSDT,-1,-0.9736303005754485,25,0.0245979292200847
2024-05-31 04:00:00+00:00,GRTUSDT,-1,5.030219235087269,45,0.03640065662891149
2024-05-31 04:00:00+00:00,POWRUSDT,-1,5.093216573243472,45,0.02920929085097632
2024-05-31 12:00:00+00:00,DOTUSDT,-1,-1.0301710810762754,5,0.02982988901606339
2024-05-31 12:00:00+00:00,STXUSDT,-1,-1.0040862269618485,18,0.04161785470748446
2024-06-02 04:00:00+00:00,BLZUSDT,-1,-1.0306383903677483,1,0.03753460890721489
2024-06-02 16:00:00+00:00,SOLUSDT,-1,-1.0394065025566623,5,0.02461801827262227
2024-06-02 16:00:00+00:00,MINAUSDT,-1,-1.0350407687735794,2,0.031392005326931045
2024-06-02 16:00:00+00:00,TRBUSDT,-1,-1.0068764443320855,10,0.042671762589688744
2024-06-02 20:00:00+00:00,SEIUSDT,-1,-1.0300472584965605,2,0.03660899712783976
2024-06-03 16:00:00+00:00,MKRUSDT,-1,-1.0392819278851515,7,0.02252104333031937
2024-06-03 20:00:00+00:00,AAVEUSDT,-1,-1.0287931596132678,5,0.031257424057946806
2024-06-03 20:00:00+00:00,LOOMUSDT,-1,-1.02921642254182,7,0.025609569375887594
2024-06-06 04:00:00+00:00,YGGUSDT,-1,5.033376963724256,51,0.05236725588462491
2024-06-06 16:00:00+00:00,CELOUSDT,-1,4.96794974388445,6,0.02808089884696178
2024-06-06 16:00:00+00:00,AXLUSDT,-1,5.011245502151445,29,0.049543363426275404
2024-06-06 16:00:00+00:00,LINKUSDT,-1,-1.0392050510185789,4,0.024234632408710186
2024-06-06 16:00:00+00:00,FETUSDT,-1,4.975613191587722,6,0.03132021161143259
2024-06-06 16:00:00+00:00,LDOUSDT,-1,-1.0189673272301754,5,0.04347212393152465
2024-06-06 16:00:00+00:00,OCEANUSDT,-1,4.980116711431769,6,0.029775255635827006
2024-06-06 16:00:00+00:00,EOSUSDT,-1,-1.0491357777929298,3,0.022386945916185733
2024-06-07 12:00:00+00:00,MEMEUSDT,-1,5.000537720310733,24,0.04106223915909458
2024-06-07 12:00:00+00:00,RSRUSDT,-1,4.971603945524346,1,0.038737776085869396
2024-06-07 16:00:00+00:00,GALAUSDT,-1,3.8637047048380864,60,0.06049452335532028
2024-06-07 16:00:00+00:00,WLDUSDT,-1,3.8668544262518036,60,0.06832133632895165
2024-06-07 16:00:00+00:00,ARBUSDT,-1,1.920704132529307,60,0.04991805909237223
2024-06-07 16:00:00+00:00,THETAUSDT,-1,3.749592840474671,60,0.05928202525049388
2024-06-07 16:00:00+00:00,DOTUSDT,-1,-1.0158130689641798,30,0.04369423807390475
2024-06-07 16:00:00+00:00,HBARUSDT,-1,2.652750622972384,60,0.043078069764701334
2024-06-07 16:00:00+00:00,EOSUSDT,-1,2.658510988827925,60,0.045794135328398745
2024-06-07 16:00:00+00:00,FTMUSDT,-1,2.6717352070260243,60,0.06026247350735183
2024-06-07 16:00:00+00:00,ENJUSDT,-1,3.228020753361794,60,0.06100768731555876
2024-06-07 16:00:00+00:00,SSVUSDT,-1,-0.9820198589276186,46,0.06117860786363733
2024-06-07 16:00:00+00:00,LINKUSDT,-1,2.465054720268583,60,0.04040987823621812
2024-06-07 16:00:00+00:00,NEOUSDT,-1,3.4282322803110077,60,0.04441962048539506
2024-06-07 16:00:00+00:00,BTCUSDT,-1,2.025846391019721,60,0.01959543026660654
2024-06-07 16:00:00+00:00,CRVUSDT,-1,5.006843982727775,32,0.0584455010934919
2024-06-07 16:00:00+00:00,MANTAUSDT,-1,4.093636426897264,60,0.060106827706461946
2024-06-07 16:00:00+00:00,ARKMUSDT,-1,5.021330213013353,60,0.0664470626295559
2024-06-07 16:00:00+00:00,WIFUSDT,-1,1.7230922269088365,60,0.0875890957381762
2024-06-10 20:00:00+00:00,1000SATSUSDT,-1,5.01380121584046,43,0.06472545682396778
2024-06-11 00:00:00+00:00,OMNIUSDT,-1,-1.0131289712419949,8,0.07133993842594631
2024-06-11 00:00:00+00:00,TNSRUSDT,-1,3.350914308693384,60,0.09244320581154881
2024-06-11 12:00:00+00:00,MATICUSDT,-1,-1.0250054761022362,6,0.03599211613969154
2024-06-11 12:00:00+00:00,OGNUSDT,-1,-1.019008871862659,6,0.04734631315854329
2024-06-11 12:00:00+00:00,AAVEUSDT,-1,-1.0237907525036847,5,0.03782982483890082
2024-06-11 12:00:00+00:00,RUNEUSDT,-1,-1.021254513717038,6,0.04234394688966767
2024-06-11 12:00:00+00:00,SOLUSDT,-1,-1.0254051433228126,5,0.03542589736905042
2024-06-18 00:00:00+00:00,PHBUSDT,-1,-1.0088845419586305,11,0.078788529927541
2024-06-18 00:00:00+00:00,NFPUSDT,-1,-1.0073455988841788,13,0.08694730138010656
2024-06-18 00:00:00+00:00,ACEUSDT,-1,-0.08875940392948221,60,0.08291905876324368
2024-06-22 12:00:00+00:00,SSVUSDT,-1,-0.9782735554635196,50,0.05907225169056161
2024-06-23 12:00:00+00:00,WIFUSDT,-1,-1.010056053850662,8,0.07955406881072744
2024-06-23 12:00:00+00:00,BEAMXUSDT,-1,-1.0223615933582464,15,0.044790636514754484
2024-06-23 16:00:00+00:00,PIXELUSDT,-1,4.118340861011888,60,0.05065156918210586
2024-06-23 16:00:00+00:00,YGGUSDT,-1,1.516851398629604,60,0.05770094595255636
2024-06-23 16:00:00+00:00,MYROUSDT,-1,-1.0122193453020307,7,0.06560089597162558
2024-06-23 16:00:00+00:00,RNDRUSDT,-1,-1.0205496218486971,7,0.04633564583381317
2024-06-23 16:00:00+00:00,REZUSDT,-1,-1.0156086625556893,8,0.05382908349784918
2024-06-23 20:00:00+00:00,LINKUSDT,-1,-1.0328723405487192,4,0.030480336455354473
2024-06-23 20:00:00+00:00,MINAUSDT,-1,-1.025645632598376,7,0.040776143695759305
2024-06-23 20:00:00+00:00,BTCUSDT,-1,4.92361990152062,5,0.012173066263471581
2024-06-24 04:00:00+00:00,LTCUSDT,-1,-1.0144531385688689,21,0.021521968983961217
2024-06-24 04:00:00+00:00,MOVRUSDT,-1,-1.0256513579275752,1,0.04483193456061487
2024-06-24 04:00:00+00:00,RSRUSDT,-1,-1.0201399351641176,4,0.04965259281379001
2024-06-24 04:00:00+00:00,OPUSDT,-1,-1.0272776085434494,4,0.03953755690430385
2024-06-24 04:00:00+00:00,STXUSDT,-1,-1.0229947449713352,4,0.04566434641084362
2024-06-24 04:00:00+00:00,SOLUSDT,-1,-1.0333270053717598,2,0.03501124649467125
2024-06-24 04:00:00+00:00,ALTUSDT,-1,-1.019914922636748,2,0.055512643466662175
2024-06-24 04:00:00+00:00,HBARUSDT,-1,-1.0350674948722383,4,0.03421516148704989
2024-06-28 16:00:00+00:00,TIAUSDT,-1,4.985332996572046,38,0.0471582353817209
2024-06-28 16:00:00+00:00,MYROUSDT,-1,5.016636055249863,38,0.07340021307094567
2024-06-28 16:00:00+00:00,ALTUSDT,-1,4.990457744628206,38,0.05340875716935296
2024-06-28 16:00:00+00:00,VANRYUSDT,-1,-1.0167404408683913,14,0.05167426633508985
2024-06-29 12:00:00+00:00,ETHFIUSDT,-1,4.970011908635022,25,0.04529364618337366
2024-06-29 16:00:00+00:00,ENJUSDT,-1,-1.030805736770431,7,0.03177265349288745
2024-06-29 16:00:00+00:00,THETAUSDT,-1,-1.0260976720098876,7,0.0344858345855127
2024-06-29 16:00:00+00:00,OMGUSDT,-1,-1.0299921122823723,4,0.03518925209613558
2024-06-29 20:00:00+00:00,BLZUSDT,-1,4.8994724950579736,30,0.04890701308895882
2024-06-30 00:00:00+00:00,LINAUSDT,-1,-1.0293162861259288,2,0.03752180597756904
2024-07-01 08:00:00+00:00,REZUSDT,-1,4.996738338725325,22,0.053031257826508
2024-07-01 20:00:00+00:00,ARKMUSDT,-1,-1.0233690404195488,3,0.055315493353274486
2024-07-02 04:00:00+00:00,PORTALUSDT,-1,4.992586047960968,17,0.05062077526589661
2024-07-03 00:00:00+00:00,BICOUSDT,-1,4.981052891093817,11,0.03694495046532228
2024-07-03 12:00:00+00:00,XRPUSDT,-1,4.945264312677288,9,0.01735430843134573
2024-07-03 12:00:00+00:00,OMGUSDT,-1,4.9802919386385,9,0.03551846055073992
2024-07-03 12:00:00+00:00,ONDOUSDT,-1,4.974646522974763,9,0.040161749766565946
2024-07-04 00:00:00+00:00,ARBUSDT,-1,4.9739221736411485,6,0.03611382279491008
2024-07-04 00:00:00+00:00,TNSRUSDT,-1,1.2425258388421758,60,0.06641454938569544
2024-07-04 12:00:00+00:00,OPUSDT,-1,-1.0141264285426008,32,0.043890074418331024
2024-07-04 20:00:00+00:00,THETAUSDT,-1,-1.026469699368232,12,0.050156973131074
2024-07-04 20:00:00+00:00,LINAUSDT,-1,-1.0018121212839681,21,0.05518394430033977
2024-07-04 20:00:00+00:00,MEMEUSDT,-1,-0.9920895011307302,60,0.0656823303544649
2024-07-11 12:00:00+00:00,WIFUSDT,-1,-1.0066937324382268,17,0.08177201659184218
2024-07-11 16:00:00+00:00,MYROUSDT,-1,-1.0030429764515192,19,0.0748872045612362
2024-07-11 20:00:00+00:00,GALAUSDT,-1,-1.013120415117928,12,0.047816322453303535
2024-07-11 20:00:00+00:00,PIXELUSDT,-1,-1.0136313670717765,8,0.0603915950370383
2024-07-11 20:00:00+00:00,BOMEUSDT,-1,-1.010375694057212,13,0.06354177333724485
2024-07-11 20:00:00+00:00,YGGUSDT,-1,-1.0157790891199139,4,0.06337501438774085
2024-07-12 00:00:00+00:00,HBARUSDT,-1,-1.0270182724307386,4,0.03761047278669902
2024-07-12 08:00:00+00:00,INJUSDT,-1,-1.0198271944649804,5,0.050435779089483185
2024-07-12 08:00:00+00:00,ARKMUSDT,-1,-1.0192822688035534,4,0.06255850970076947
2024-07-14 20:00:00+00:00,AXSUSDT,1,5.065202656933707,37,0.027235239843146773
2024-07-15 00:00:00+00:00,ENAUSDT,1,0.44534092406151116,60,0.04894859975899466
2024-07-15 20:00:00+00:00,SUIUSDT,1,-1.0484013440297002,17,0.037347310002192616
2024-07-15 20:00:00+00:00,MANTAUSDT,1,-1.0324696504508781,2,0.04003738820554091
2024-07-15 20:00:00+00:00,AVAXUSDT,1,-1.0377772129896312,2,0.034412279178900385
2024-07-15 20:00:00+00:00,ETHFIUSDT,1,-1.0178957544348666,2,0.05349481093319
2024-07-16 04:00:00+00:00,UNIUSDT,-1,-1.0291864045055104,2,0.038602562360406587
2024-07-22 20:00:00+00:00,FETUSDT,-1,3.3102561905501933,60,0.050207573149896045
2024-07-22 20:00:00+00:00,ONDOUSDT,-1,2.6236241867741996,60,0.04443338949295054
2024-07-25 00:00:00+00:00,TRBUSDT,-1,-1.0177549497275784,7,0.05302408705431402
2024-07-29 12:00:00+00:00,WUSDT,-1,4.958429845049332,32,0.052081595619963526
2024-07-29 20:00:00+00:00,POLYXUSDT,-1,5.001430618400098,34,0.042827633138065216
2024-07-29 20:00:00+00:00,DOTUSDT,-1,4.981952772457887,29,0.02639186539253971
2024-07-30 16:00:00+00:00,SUIUSDT,-1,4.978088113787668,32,0.040912041588437295
2024-07-30 16:00:00+00:00,PIXELUSDT,-1,5.002898588830241,29,0.05004504208622564
2024-07-30 16:00:00+00:00,MEMEUSDT,-1,4.988740689327564,24,0.048058892390697626
2024-07-31 20:00:00+00:00,FLMUSDT,-1,4.999251668546465,25,0.03773728855919649
2024-08-01 04:00:00+00:00,ARBUSDT,-1,4.9702450477813365,23,0.03464835004350245
2024-08-01 04:00:00+00:00,ARKMUSDT,-1,4.995031228522397,21,0.0512017912570151
2024-08-01 04:00:00+00:00,OMNIUSDT,-1,4.995003455071506,21,0.05161366578119809
2024-08-01 04:00:00+00:00,ORDIUSDT,-1,4.9776337507743476,21,0.04664081086977917
2024-08-01 04:00:00+00:00,MYROUSDT,-1,4.99934506144275,23,0.07634303927689325
2024-08-01 12:00:00+00:00,WIFUSDT,-1,4.991453095322579,21,0.07407594022576955
2024-08-01 12:00:00+00:00,LTCUSDT,-1,4.981220794289708,21,0.030636546022002407
2024-08-01 12:00:00+00:00,DARUSDT,-1,4.987953360213603,21,0.04603275351739344
2024-08-01 16:00:00+00:00,GMTUSDT,-1,-1.0310252885946416,1,0.03867812530862878
2024-08-01 16:00:00+00:00,PENDLEUSDT,-1,-1.0201387306890848,1,0.05958667497601555
2024-08-01 16:00:00+00:00,CKBUSDT,-1,-1.0203269498026422,2,0.057315534859463946
2024-08-05 00:00:00+00:00,ZKUSDT,-1,-1.008341756219911,6,0.11958273218522306
2024-08-15 04:00:00+00:00,1000RATSUSDT,-1,-1.0058490243894225,16,0.06838747342605518
2024-08-15 16:00:00+00:00,ETCUSDT,-1,-1.02902410229967,14,0.03133878149300641
2024-08-15 16:00:00+00:00,LDOUSDT,-1,-1.0220565674626754,12,0.05609395034352384
2024-08-15 16:00:00+00:00,YGGUSDT,-1,-1.0098407161997258,16,0.0627555949654615
2024-08-15 16:00:00+00:00,MYROUSDT,-1,-0.9843277573095798,27,0.08017805905775126
2024-08-15 16:00:00+00:00,1000PEPEUSDT,-1,-1.0105683243951207,27,0.05862613379713652
2024-08-20 04:00:00+00:00,1000FLOKIUSDT,1,4.964229633943805,22,0.04481558834152153
2024-08-21 12:00:00+00:00,BNXUSDT,1,-0.8234198905290447,12,0.04407619874808288
2024-08-24 20:00:00+00:00,NOTUSDT,-1,3.5396501990405564,60,0.06857194445114442
2024-08-25 16:00:00+00:00,UNIUSDT,-1,0.8218242582742133,60,0.03644089243102915
2024-08-26 20:00:00+00:00,JTOUSDT,-1,-1.0224894767050872,1,0.05113502706533791
2024-08-27 08:00:00+00:00,WIFUSDT,-1,1.6983613266138524,60,0.06329618389792627
2024-08-27 08:00:00+00:00,OPUSDT,-1,2.060465272051071,60,0.03656993575148796
2024-08-27 08:00:00+00:00,ETHUSDT,-1,4.984050122783988,46,0.02359955471143579
2024-08-27 08:00:00+00:00,ENAUSDT,-1,4.907712130037191,46,0.0595008856766649
2024-08-27 08:00:00+00:00,SOLUSDT,-1,4.954556368414864,33,0.031663622598127425
2024-08-27 20:00:00+00:00,RSRUSDT,-1,-1.0178747996951387,10,0.05866359443933642
2024-09-01 20:00:00+00:00,XEMUSDT,-1,-1.0301069479831526,3,0.0479583649863164
2024-09-01 20:00:00+00:00,DOGEUSDT,-1,-1.0393831909475022,6,0.037258788957857294
2024-09-03 12:00:00+00:00,ADAUSDT,-1,-1.0358652136520012,12,0.03392953438971196
2024-09-03 12:00:00+00:00,INJUSDT,-1,-1.0243940790071215,6,0.051381730773034255
2024-09-09 16:00:00+00:00,SEIUSDT,1,-1.0341766796912775,9,0.044563427862443626
2024-09-11 00:00:00+00:00,ARUSDT,-1,-1.0301473829946892,4,0.04364756968230873
2024-09-12 20:00:00+00:00,JUPUSDT,1,-1.0295492930731633,4,0.03441266758843507
2024-09-13 20:00:00+00:00,JUPUSDT,1,-1.013937410887321,10,0.033826225244525984
2024-09-13 20:00:00+00:00,ONDOUSDT,1,-1.0515730829975818,11,0.033932429443513996
2024-09-13 20:00:00+00:00,INJUSDT,1,-1.0295512699910736,12,0.040417213891680286
2024-09-14 16:00:00+00:00,APTUSDT,-1,-1.022039404598925,25,0.028246679587269542
2024-09-15 00:00:00+00:00,ENAUSDT,1,-1.028521442313613,4,0.042831985373226494
2024-09-15 16:00:00+00:00,SANDUSDT,-1,-1.0283841037037789,19,0.023648447983602078
2024-09-15 16:00:00+00:00,ARUSDT,-1,-1.031624090641345,22,0.03666603454785376
2024-09-15 16:00:00+00:00,FILUSDT,-1,-1.057360170135627,19,0.02614584295084779
2024-09-15 20:00:00+00:00,GALAUSDT,-1,-1.0392508489127896,12,0.035132743321398104
2024-09-15 20:00:00+00:00,NEARUSDT,-1,-1.0268906019029072,10,0.0346663865452256
2024-09-15 20:00:00+00:00,ETHUSDT,-1,-1.050276569786394,10,0.02281341000137925
2024-09-15 20:00:00+00:00,XAIUSDT,-1,-1.0243241772037663,11,0.03913020333746897
2024-09-16 00:00:00+00:00,JASMYUSDT,-1,-1.0341922197871147,9,0.03864563366248627
2024-09-16 16:00:00+00:00,REZUSDT,-1,-1.0190152045718555,5,0.050762009756587484
2024-09-18 08:00:00+00:00,XLMUSDT,-1,-1.0630233841442178,3,0.01752301966953845
2024-09-18 12:00:00+00:00,SOLUSDT,-1,-1.041907799048647,1,0.0280725790117099
2024-09-19 00:00:00+00:00,1000BONKUSDT,1,4.932027056275145,46,0.0417911869684301
2024-09-22 12:00:00+00:00,WIFUSDT,-1,-1.0202740225521914,3,0.05179041294331357
2024-09-22 12:00:00+00:00,LINKUSDT,-1,-1.0441782013247203,3,0.026781307625080374
2024-09-28 04:00:00+00:00,POPCATUSDT,-1,-0.9724901941684444,10,0.08192715040593739
2024-09-29 04:00:00+00:00,COTIUSDT,-1,-1.0198716079615862,3,0.050323053973943904
2024-09-29 04:00:00+00:00,DARUSDT,-1,-1.0247084410292848,3,0.040471998974554856
2024-10-01 12:00:00+00:00,ETHUSDT,-1,1.2893603355055323,60,0.02564874603579094
2024-10-01 16:00:00+00:00,BTCUSDT,-1,-1.0333489941547533,30,0.019730430157704513
2024-10-06 20:00:00+00:00,UNIUSDT,1,4.930058124560514,22,0.031753795362857294
2024-10-07 08:00:00+00:00,BNXUSDT,-1,-1.0175225806613322,1,0.06848306326522297
2024-10-07 08:00:00+00:00,MKRUSDT,-1,3.838661165579166,60,0.029296450861039252
2024-10-07 20:00:00+00:00,RENDERUSDT,-1,-0.9982144576612286,27,0.05785917127621804
2024-10-07 20:00:00+00:00,ICPUSDT,-1,-0.985994159124691,41,0.039710575391483
2024-10-09 16:00:00+00:00,BIGTIMEUSDT,-1,-1.0145941032098849,8,0.05481666043434614
2024-10-09 16:00:00+00:00,ENSUSDT,-1,-1.02689653089992,11,0.04042565950403944
2024-10-09 20:00:00+00:00,ONDOUSDT,-1,-1.0229040507668206,9,0.04237591026500878
2024-10-14 12:00:00+00:00,BCHUSDT,1,-1.0532043615953337,6,0.02819317730769515
2024-10-17 08:00:00+00:00,NEARUSDT,-1,-1.0189360552642854,8,0.04528715131168238
2024-10-17 08:00:00+00:00,COTIUSDT,-1,-1.0170619891134438,8,0.04688785080571853
2024-10-17 16:00:00+00:00,ATOMUSDT,-1,-1.038355269448506,6,0.02929636569255957
2024-10-21 12:00:00+00:00,LISTAUSDT,-1,-1.0053894978183688,19,0.04638651103037464
2024-10-21 12:00:00+00:00,BTCUSDT,-1,-1.0132783956457634,20,0.015062060608489499
2024-10-22 08:00:00+00:00,WUSDT,-1,5.0168024702905125,38,0.0388508349494672
2024-10-23 04:00:00+00:00,INJUSDT,-1,2.6049956512361145,60,0.03493692549073292
2024-10-23 04:00:00+00:00,1000SATSUSDT,-1,3.1297808985561892,60,0.04071958679036536
2024-10-23 08:00:00+00:00,1000RATSUSDT,-1,2.952334058224782,60,0.05281758556822725
2024-10-23 08:00:00+00:00,SANDUSDT,-1,2.358322036086195,60,0.03649614497271424
2024-10-23 08:00:00+00:00,MANTAUSDT,-1,2.64241825266172,60,0.04586786958479878
2024-10-25 04:00:00+00:00,SAGAUSDT,-1,3.6802954492522213,60,0.06870665989654015
2024-10-25 16:00:00+00:00,HBARUSDT,-1,3.7999185445399504,60,0.03425699425285109
2024-10-25 16:00:00+00:00,ARBUSDT,-1,-1.0068601660771117,28,0.03577755949944941
2024-10-25 16:00:00+00:00,DOTUSDT,-1,-1.0208851024271397,16,0.026727185176489098
2024-10-25 16:00:00+00:00,OPUSDT,-1,-1.0271879021800985,24,0.04160453397643863
2024-10-25 20:00:00+00:00,MASKUSDT,-1,-1.0284349601996268,1,0.038684773682731356
2024-10-29 00:00:00+00:00,JUPUSDT,1,-0.9761623710496116,9,0.052940248488069434
2024-10-31 12:00:00+00:00,XRPUSDT,-1,-1.0541705398313026,4,0.01846021847140811
2024-10-31 12:00:00+00:00,FIDAUSDT,-1,-0.9805992386325957,45,0.05166292090391812
2024-10-31 16:00:00+00:00,WUSDT,-1,-0.9862794582000699,37,0.04601931973292891
2024-10-31 16:00:00+00:00,NOTUSDT,-1,-1.0214594921793392,5,0.04426945391161724
2024-10-31 16:00:00+00:00,GALAUSDT,-1,-0.9963134873262272,32,0.04334719941067822
2024-10-31 16:00:00+00:00,NEARUSDT,-1,-1.0239558164300904,32,0.03811266473277986
2024-10-31 16:00:00+00:00,CKBUSDT,-1,-0.9854631870074603,35,0.03439543456028169
2024-10-31 16:00:00+00:00,AVAXUSDT,-1,-1.05564287728546,5,0.0302288465668447
2024-11-01 00:00:00+00:00,GASUSDT,-1,-1.0026967087863201,35,0.031286285129476225
2024-11-01 04:00:00+00:00,BOMEUSDT,-1,-1.0183048046400007,2,0.06009351214796952
2024-11-01 20:00:00+00:00,OPUSDT,-1,-1.001387761061346,30,0.04443127979116334
2024-11-02 12:00:00+00:00,1MBABYDOGEUSDT,-1,-1.0122367708777604,8,0.06537672462708137
2024-11-02 12:00:00+00:00,BOMEUSDT,-1,-1.0033274467627031,21,0.06102576975116682
2024-11-03 00:00:00+00:00,1000SATSUSDT,-1,-1.0092230130384703,18,0.05518478591291539
2024-11-03 00:00:00+00:00,TRBUSDT,-1,-1.0091563119700142,18,0.038571206524701515
2024-11-03 00:00:00+00:00,1000RATSUSDT,-1,-1.0133171823514373,6,0.06758186350905007
2024-11-20 16:00:00+00:00,REEFUSDT,-1,-0.9425241483992759,14,0.08266828359512438
2024-11-20 16:00:00+00:00,LISTAUSDT,-1,-1.0141490728209008,5,0.0671422086821617
2024-12-02 00:00:00+00:00,BANANAUSDT,-1,5.184463454206094,47,0.05062260186002488
2024-12-02 00:00:00+00:00,TIAUSDT,-1,-0.9843065903300988,11,0.05800842641265325
2024-12-09 00:00:00+00:00,OMNIUSDT,-1,-1.0002284436952618,21,0.05883287776684567
2024-12-09 08:00:00+00:00,REEFUSDT,-1,5.130696326550762,58,0.0792289291771192
2024-12-09 20:00:00+00:00,CETUSUSDT,-1,-1.005843186142988,11,0.11124068001496926
2024-12-14 08:00:00+00:00,1000CATUSDT,-1,-1.0043187532367128,13,0.07221065499853267
2024-12-14 12:00:00+00:00,MOODENGUSDT,-1,-1.007174444691424,9,0.08833018125536092
2024-12-14 12:00:00+00:00,1000SATSUSDT,-1,2.675828130331889,60,0.06448769917609319
2024-12-14 12:00:00+00:00,SAGAUSDT,-1,-1.01055547736374,9,0.07105315791555931
2024-12-14 16:00:00+00:00,SWELLUSDT,-1,-1.0134540993275234,5,0.07061044941570165
2024-12-14 16:00:00+00:00,BICOUSDT,-1,-1.0181291161274333,5,0.061577740037239995
2024-12-15 04:00:00+00:00,WIFUSDT,-1,-1.0145856540217533,5,0.06513249241913768
2024-12-15 04:00:00+00:00,ALTUSDT,-1,-1.0158394326687439,2,0.06944693178124955
2024-12-15 04:00:00+00:00,1000RATSUSDT,-1,-1.0137903310848682,2,0.0722665753176583
2024-12-15 04:00:00+00:00,TNSRUSDT,-1,-1.013547500198876,5,0.07012363801839205
2024-12-16 08:00:00+00:00,WIFUSDT,-1,-1.0139560834862489,6,0.06448800631543293
2024-12-16 08:00:00+00:00,TIAUSDT,-1,4.999513393629139,24,0.06424083586217331
2024-12-16 08:00:00+00:00,HMSTRUSDT,-1,1.3305990034671222,60,0.061667627421243126
2024-12-16 08:00:00+00:00,TNSRUSDT,-1,3.468139459730948,60,0.06915009277236482
2024-12-16 20:00:00+00:00,POPCATUSDT,-1,3.9523390976181103,60,0.07767045529789368
2024-12-17 20:00:00+00:00,JTOUSDT,-1,0.5044327488659266,60,0.06492105226964001
2024-12-17 20:00:00+00:00,NEIROUSDT,-1,4.989591577442945,12,0.06615699893287737
2024-12-18 12:00:00+00:00,DEGENUSDT,-1,2.6444621212265407,60,0.07307434043742228
2024-12-18 16:00:00+00:00,ARKMUSDT,-1,2.622313232430624,60,0.058226581341863065
2024-12-19 12:00:00+00:00,LISTAUSDT,-1,-1.0092245143359007,10,0.07588475387540282
2024-12-19 12:00:00+00:00,HIPPOUSDT,-1,-1.0024621614978113,8,0.09572483373230858
2024-12-27 00:00:00+00:00,SUNUSDT,1,2.4463384064231533,60,0.04026358684314294
2024-12-29 12:00:00+00:00,CETUSUSDT,-1,-0.9949186069596004,30,0.05903892842276169
2024-12-30 12:00:00+00:00,STXUSDT,-1,-1.0229594072743928,5,0.04626774495110058
2024-12-30 12:00:00+00:00,OMNIUSDT,-1,-1.0169483039514744,6,0.05310265868354315
2024-12-31 16:00:00+00:00,AXLUSDT,-1,-1.012649562265114,10,0.05533788326656044
2025-01-07 00:00:00+00:00,MANTAUSDT,-1,5.010184772170717,38,0.04204708684905185
2025-01-07 04:00:00+00:00,PEOPLEUSDT,-1,4.982080730700692,9,0.04151229537181153
2025-01-07 04:00:00+00:00,SUPERUSDT,-1,4.989325660645928,14,0.046841306371737695
2025-01-07 08:00:00+00:00,RUNEUSDT,-1,4.98307657706131,11,0.04136279064442213
2025-01-07 12:00:00+00:00,LDOUSDT,-1,5.010850022675529,36,0.05267915257809849
2025-01-07 12:00:00+00:00,ATOMUSDT,-1,0.6625865428801821,60,0.04741335690592037
2025-01-07 12:00:00+00:00,IMXUSDT,-1,-0.9710908434850195,59,0.043742196329549114
2025-01-07 12:00:00+00:00,ONEUSDT,-1,0.2892343356514158,60,0.055731395815183465
2025-01-07 12:00:00+00:00,APEUSDT,-1,5.002900183196358,36,0.044386851203614075
2025-01-07 12:00:00+00:00,SSVUSDT,-1,0.8805302720507576,60,0.05586848252750388
2025-01-07 12:00:00+00:00,IOUSDT,-1,0.3463840321401298,60,0.058511684037712224
2025-01-07 12:00:00+00:00,TONUSDT,-1,-0.5050454947299146,60,0.027731164630521363
2025-01-07 12:00:00+00:00,CFXUSDT,-1,-0.9690626718387486,54,0.043373816672398854
2025-01-07 16:00:00+00:00,MYROUSDT,-1,0.6509444056004516,60,0.06802555639022305
2025-01-07 20:00:00+00:00,DOGSUSDT,-1,0.5565626986540468,60,0.047360383253181336
2025-01-08 00:00:00+00:00,POPCATUSDT,-1,-0.9635149934445038,57,0.08168807631887462
2025-01-08 04:00:00+00:00,MINAUSDT,-1,-0.969994448478582,54,0.04567354807732148
2025-01-08 16:00:00+00:00,1000RATSUSDT,-1,-0.9065059906359937,55,0.08259513152265004
2025-01-08 16:00:00+00:00,BOMEUSDT,-1,-0.9840734686642308,52,0.05628595336303415
2025-01-08 16:00:00+00:00,PENDLEUSDT,-1,0.6578169195681962,60,0.06024945249140885
2025-01-08 16:00:00+00:00,ACXUSDT,-1,1.8951844996995748,60,0.07407851918347012
2025-01-13 00:00:00+00:00,SAGAUSDT,-1,-1.0107057667824564,15,0.05002630926704377
2025-01-13 00:00:00+00:00,BBUSDT,-1,-1.0160273834257927,11,0.054380055486619686
2025-01-13 00:00:00+00:00,TRBUSDT,-1,-1.011977678315901,15,0.038247812966547994
2025-01-13 00:00:00+00:00,INJUSDT,-1,-1.0209340689229096,11,0.05374158287827291
2025-01-13 00:00:00+00:00,ETHFIUSDT,-1,-1.0155983561059747,11,0.05463588561576264
2025-01-13 00:00:00+00:00,ARBUSDT,-1,-1.0180306745985677,11,0.04853617623766352
2025-01-13 04:00:00+00:00,WLDUSDT,-1,-1.012281676483616,14,0.056642104270373646
2025-01-13 04:00:00+00:00,LINKUSDT,-1,-1.0234887915859499,7,0.04295751002378311
2025-01-13 08:00:00+00:00,EIGENUSDT,-1,-1.0267634905912586,3,0.07939024219411903
2025-01-13 08:00:00+00:00,JTOUSDT,-1,-1.0184096802305804,3,0.0637659093094934
2025-01-13 08:00:00+00:00,NEIROETHUSDT,-1,-1.0128838600335734,3,0.06253560640215315
2025-01-13 08:00:00+00:00,KSMUSDT,-1,-1.0224493440465763,1,0.05345367764467039
2025-01-13 08:00:00+00:00,NEARUSDT,-1,-1.0231629872555177,1,0.05180678928682357
2025-01-13 08:00:00+00:00,1000PEPEUSDT,-1,-1.0201321278348452,3,0.05463903314263687
2025-01-13 08:00:00+00:00,SOLUSDT,-1,-1.0312891131145685,3,0.0380908846996097
2025-01-13 08:00:00+00:00,ICPUSDT,-1,-1.0219387879080368,1,0.0546976435083903
2025-01-13 08:00:00+00:00,DOTUSDT,-1,-1.0234411928854616,3,0.04902480883184093
2025-01-13 08:00:00+00:00,THEUSDT,-1,-1.0143448135890696,3,0.07481658742626572
2025-01-18 16:00:00+00:00,FETUSDT,-1,-1.0158481871485472,9,0.05047895967541687
2025-01-23 08:00:00+00:00,XTZUSDT,-1,3.2860076194285748,60,0.047056876993450694
2025-01-24 00:00:00+00:00,TRBUSDT,-1,5.010885631535657,59,0.05977237038279748
2025-01-24 20:00:00+00:00,AIUSDT,-1,5.009201845066117,53,0.0780745594865044
2025-01-24 20:00:00+00:00,DEGENUSDT,-1,-1.0082898955004913,11,0.07840870852491792
2025-01-25 00:00:00+00:00,USUALUSDT,-1,-1.035308052658324,10,0.1020713329867059
2025-01-26 20:00:00+00:00,SYNUSDT,-1,-1.0018889221601965,28,0.052786717261893164
2025-01-26 20:00:00+00:00,UNIUSDT,-1,-1.0170047178569268,14,0.0450357369315621
2025-01-26 20:00:00+00:00,CAKEUSDT,-1,-0.9978438985035017,28,0.041152979182141905
2025-01-26 20:00:00+00:00,INJUSDT,-1,5.007995953345592,42,0.05339450864046618
2025-01-27 00:00:00+00:00,EOSUSDT,-1,-0.9977309438423105,27,0.04407118777606288
2025-01-27 04:00:00+00:00,BNBUSDT,-1,-1.0630717394948335,2,0.02089779052483434
2025-02-01 16:00:00+00:00,1000LUNCUSDT,-1,4.977577755059176,8,0.04457448407319285
2025-02-01 16:00:00+00:00,DOGEUSDT,-1,4.971827865542338,7,0.03983333253241619
2025-02-01 20:00:00+00:00,TONUSDT,-1,4.959220742798239,6,0.030110651450193343
2025-02-03 00:00:00+00:00,AIXBTUSDT,-1,-1.00505776694431,3,0.2076014991519558
2025-02-06 16:00:00+00:00,GOATUSDT,-1,-1.00805494948148,5,0.12963954676575126
2025-02-07 20:00:00+00:00,MORPHOUSDT,-1,-1.009165875741146,5,0.10364530644196371
2025-02-07 20:00:00+00:00,OMNIUSDT,-1,-1.0106256172544594,7,0.08888613031903397
2025-02-09 04:00:00+00:00,STGUSDT,1,-1.0291649666549327,2,0.042983076745196726
2025-02-12 12:00:00+00:00,TONUSDT,-1,-1.02971541451376,2,0.037203586693635965
2025-02-12 12:00:00+00:00,TURBOUSDT,-1,-1.015373650336308,2,0.07587332705526482
2025-02-15 04:00:00+00:00,FARTCOINUSDT,-1,2.127884983190692,60,0.18427937245860276
2025-02-15 08:00:00+00:00,SWARMSUSDT,-1,-1.005678547296921,5,0.1672963084264866
2025-02-15 12:00:00+00:00,ONDOUSDT,-1,5.0664650530990425,56,0.04321218243397929
2025-02-16 16:00:00+00:00,TRXUSDT,1,-1.0706723196800603,8,0.019973307886173977
2025-02-17 04:00:00+00:00,1000PEPEUSDT,-1,-1.024865955515651,2,0.048265187285668754
2025-02-17 04:00:00+00:00,RENDERUSDT,-1,-1.0280703261360484,2,0.04369382792546083
2025-02-18 04:00:00+00:00,APEUSDT,-1,-1.0210614569058254,17,0.052652103079026055
2025-02-18 04:00:00+00:00,RSRUSDT,-1,-1.020030441788321,9,0.057765076388616075
2025-02-18 04:00:00+00:00,XAIUSDT,-1,-1.014323783691339,19,0.062369693598504916
2025-02-18 04:00:00+00:00,NEOUSDT,-1,-1.0213697574241978,15,0.042159580107348674
2025-02-18 04:00:00+00:00,RENDERUSDT,-1,-1.024028962101454,14,0.0520888082770845
2025-02-18 04:00:00+00:00,THETAUSDT,-1,-1.012898577131789,16,0.048819338254609025
2025-02-18 12:00:00+00:00,FLOWUSDT,-1,-1.0225358451015574,5,0.04154625645414126
2025-02-18 12:00:00+00:00,XTZUSDT,-1,-1.0216679620490412,8,0.043873530784686005
2025-02-18 16:00:00+00:00,BTCUSDT,-1,-1.074257715909719,1,0.016159936853685275
2025-02-20 00:00:00+00:00,SEIUSDT,1,-0.7854577267057344,48,0.04556151032571933
2025-02-20 08:00:00+00:00,TAOUSDT,1,-1.0285518937257974,9,0.05702774098408737
2025-02-20 12:00:00+00:00,CHZUSDT,-1,-1.0330296021672483,5,0.04608774856844879
2025-02-21 08:00:00+00:00,POLUSDT,1,-1.0347626557723195,1,0.035958127255493744
2025-02-21 16:00:00+00:00,SANDUSDT,-1,-1.019889990498072,55,0.05667674904667691
2025-02-24 00:00:00+00:00,DOTUSDT,-1,-1.0359622515289413,19,0.03607699587318125
2025-02-24 00:00:00+00:00,SUSHIUSDT,-1,-1.0048924073196759,41,0.04773314745500065
2025-02-24 12:00:00+00:00,AIUSDT,-1,2.609304365477299,60,0.05722664793888194
2025-02-24 12:00:00+00:00,CGPTUSDT,-1,-1.013870113281297,15,0.075192608657808
2025-02-24 20:00:00+00:00,APEUSDT,-1,-1.0214104938047723,7,0.06640482059704435
2025-02-24 20:00:00+00:00,BTCUSDT,-1,4.955550197062071,12,0.018862625806706675
2025-02-24 20:00:00+00:00,HBARUSDT,-1,-1.017285952802098,23,0.06582049673663186
2025-02-24 20:00:00+00:00,ARUSDT,-1,-1.0119454547335178,13,0.07201065335641249
2025-02-25 00:00:00+00:00,AUCTIONUSDT,1,-1.0177205572741632,18,0.05729447354797968
2025-03-03 16:00:00+00:00,1000LUNCUSDT,-1,1.3846656018577572,60,0.054970847278173716
2025-03-03 20:00:00+00:00,MASKUSDT,-1,0.32960891008777055,60,0.023784071369098162
2025-03-07 08:00:00+00:00,AI16ZUSDT,-1,1.4086994558639059,60,0.12963575186955764
2025-03-07 20:00:00+00:00,MOODENGUSDT,-1,-0.50678098813389,60,0.09655897761119682
2025-03-08 04:00:00+00:00,XMRUSDT,-1,-1.0266398213824741,3,0.03753778922323875
2025-03-08 08:00:00+00:00,GOATUSDT,-1,1.230041257577504,60,0.09248533521815439
2025-03-08 08:00:00+00:00,NEIROUSDT,-1,-1.0030359683784602,36,0.11570937381707677
2025-03-08 08:00:00+00:00,GRTUSDT,-1,0.8290795299256176,60,0.0577095414231781
2025-03-08 08:00:00+00:00,SPELLUSDT,-1,-1.0233033104090332,40,0.05725838846839261
2025-03-08 12:00:00+00:00,ZENUSDT,-1,1.9767038681402633,60,0.06814798033406275
2025-03-08 20:00:00+00:00,AIXBTUSDT,-1,-0.9966023527615052,45,0.11170671154435186
2025-03-08 20:00:00+00:00,ARCUSDT,-1,-1.0032940514465645,3,0.24162039145749045
2025-03-09 00:00:00+00:00,THETAUSDT,-1,1.2773509780796561,60,0.05411200742409353
2025-03-09 00:00:00+00:00,IOTAUSDT,-1,0.5932443106601243,60,0.06659399014284224
2025-03-09 04:00:00+00:00,MEMEUSDT,-1,1.6556545128583575,60,0.06645787812671995
2025-03-09 08:00:00+00:00,LDOUSDT,-1,-0.09863934650783815,60,0.061923313370769624
2025-03-09 08:00:00+00:00,GALAUSDT,-1,-0.5024798703833567,60,0.06017382112589643
2025-03-09 08:00:00+00:00,ICPUSDT,-1,-1.020384575286075,50,0.044903069460823584
2025-03-09 08:00:00+00:00,WLDUSDT,-1,-0.17697433969218765,60,0.06769554274724725
2025-03-09 08:00:00+00:00,SUSHIUSDT,-1,-0.777792330913695,60,0.06162487990624888
2025-03-09 08:00:00+00:00,STORJUSDT,-1,-1.0273016409939553,55,0.044510511301096206
2025-03-09 08:00:00+00:00,INJUSDT,-1,0.7405156488177155,60,0.0656436906963431
2025-03-09 12:00:00+00:00,DYDXUSDT,-1,-1.0063522197015704,30,0.05451480211153391
2025-03-09 12:00:00+00:00,TRBUSDT,-1,-1.0083061402705524,36,0.0566689201804976
2025-03-09 12:00:00+00:00,UNIUSDT,-1,-0.6228799650279861,60,0.04783787487627148
2025-03-09 12:00:00+00:00,ALGOUSDT,-1,0.7750863973779797,60,0.06189035058546083
2025-03-09 16:00:00+00:00,MORPHOUSDT,-1,-0.2585710430187625,60,0.07404994137565585
2025-03-09 16:00:00+00:00,BAKEUSDT,-1,-1.0136631794478563,33,0.0600745970681717
2025-03-09 20:00:00+00:00,PYTHUSDT,-1,-1.0188935613533587,3,0.0697920299586956
2025-03-10 00:00:00+00:00,SWARMSUSDT,-1,-1.003877847866715,9,0.16795140562120398
2025-03-14 12:00:00+00:00,PNUTUSDT,1,-1.021584902686464,12,0.0833916198810949
2025-03-15 00:00:00+00:00,XRPUSDT,1,-1.0250314174587563,8,0.043888445462989284
2025-03-15 12:00:00+00:00,ATOMUSDT,1,1.5839939114185297,60,0.040901431194068825
2025-03-15 16:00:00+00:00,SPELLUSDT,1,-0.8769879783743161,2,0.06335592161646715
2025-03-15 16:00:00+00:00,BAKEUSDT,1,-1.0268669760471312,4,0.04997436249038797
2025-03-18 00:00:00+00:00,AVAAIUSDT,-1,-1.0059949183820438,6,0.1501271481352645
2025-03-18 00:00:00+00:00,STXUSDT,-1,-1.027510546624372,8,0.04558688044711732
2025-03-20 08:00:00+00:00,STRKUSDT,-1,-0.9999520119066911,25,0.04688663051197136
2025-03-21 08:00:00+00:00,BOMEUSDT,-1,-1.0240420976658375,5,0.049914945720616666
2025-03-21 16:00:00+00:00,BERAUSDT,1,5.183855780770995,23,0.04486473019999519
2025-03-21 20:00:00+00:00,WLDUSDT,-1,-1.0146052240185284,14,0.04535021162014912
2025-03-22 00:00:00+00:00,JASMYUSDT,-1,-1.0200288557607613,2,0.05915315453622379
2025-03-23 00:00:00+00:00,ARKMUSDT,1,-1.020734180398852,1,0.05787544898887764
2025-03-24 04:00:00+00:00,IOTAUSDT,1,-1.0507084572787906,27,0.032190093873801805
2025-03-24 04:00:00+00:00,HBARUSDT,1,-1.0769576698419858,24,0.028698763937821635
2025-03-24 04:00:00+00:00,SUIUSDT,1,4.953362513793554,18,0.03394908535574448
2025-03-24 08:00:00+00:00,UNIUSDT,1,-1.053118984071305,13,0.030091689966327127
2025-03-25 12:00:00+00:00,MOVEUSDT,1,-0.1982016278459312,16,0.054770427984308166
2025-03-25 12:00:00+00:00,MEUSDT,1,-1.040651838579434,11,0.038820138403244615
2025-03-27 08:00:00+00:00,DOTUSDT,-1,4.927925464734534,43,0.031038701696240883
2025-03-28 04:00:00+00:00,VETUSDT,-1,4.9754164480135,58,0.04087814488938816
2025-03-28 04:00:00+00:00,KAITOUSDT,-1,4.370384643419918,60,0.06348237018343016
2025-03-28 04:00:00+00:00,FETUSDT,-1,4.969650941634612,57,0.04620802342913539
2025-03-31 20:00:00+00:00,JTOUSDT,1,-1.0291721705422834,4,0.04418731880549256
2025-04-01 08:00:00+00:00,NEIROUSDT,-1,1.2887547118975347,60,0.07552012027778479
2025-04-01 08:00:00+00:00,PENGUUSDT,-1,2.4336999080913775,60,0.0740723826577559
2025-04-01 12:00:00+00:00,PENDLEUSDT,1,-1.0310875093030594,11,0.050755433142554575
2025-04-02 00:00:00+00:00,TRBUSDT,-1,1.8827843197398868,60,0.05246313112589124
2025-04-02 00:00:00+00:00,ARKMUSDT,-1,-1.0178235505615651,5,0.05723326541904975
2025-04-02 04:00:00+00:00,AVAAIUSDT,-1,-0.1407539420611194,60,0.1245617691162738
2025-04-02 20:00:00+00:00,ARUSDT,-1,0.044476033678379503,60,0.07244153093404544
2025-04-06 12:00:00+00:00,AAVEUSDT,-1,1.3056327601493283,60,0.04676656364578608
2025-04-06 16:00:00+00:00,SOLVUSDT,-1,-1.0145546473084963,5,0.06527124841049066
2025-04-06 16:00:00+00:00,SANDUSDT,-1,-1.0295392218157742,5,0.044283834156437406
2025-04-06 16:00:00+00:00,TRXUSDT,-1,-1.0709166330946835,19,0.01780146553650559
2025-04-13 20:00:00+00:00,PEOPLEUSDT,-1,-1.0181455259435017,33,0.06228918376459271
2025-04-14 12:00:00+00:00,DOGSUSDT,-1,-1.0851318515553834,25,0.059003650316851675
2025-04-15 12:00:00+00:00,ARBUSDT,-1,-1.0159435825984653,25,0.0425845317893145
2025-04-16 00:00:00+00:00,RENDERUSDT,-1,-1.0158037571067589,7,0.05423647011339326
2025-04-16 04:00:00+00:00,JTOUSDT,-1,-1.0194485041856451,21,0.04700721409077971
2025-04-16 12:00:00+00:00,LAYERUSDT,1,-1.0186904158811916,4,0.07240662854173394
2025-04-18 00:00:00+00:00,TAOUSDT,1,5.101864765547312,17,0.04936319219882326
2025-04-18 12:00:00+00:00,BNBUSDT,1,0.9350263525913152,60,0.01313122788580536
2025-04-19 00:00:00+00:00,ETHFIUSDT,1,4.9630747550332135,23,0.04169938483509127
2025-04-19 00:00:00+00:00,TRUMPUSDT,1,4.959266385387206,27,0.04509224181207382
2025-04-19 20:00:00+00:00,CAKEUSDT,1,-1.055695841566782,13,0.03321612436328463
2025-04-20 00:00:00+00:00,TIAUSDT,1,4.9249030345658475,50,0.03985740279511562
2025-04-21 00:00:00+00:00,SUSDT,1,-1.0391905523097877,4,0.03572289537880051
2025-04-21 00:00:00+00:00,ADAUSDT,1,-1.0526436898048768,4,0.02659388058073119
2025-04-21 04:00:00+00:00,XRPUSDT,1,-1.0601028133753831,3,0.023293418749901436
2025-04-21 12:00:00+00:00,FETUSDT,1,-1.0126741041623362,1,0.05051954692803873
2025-04-22 12:00:00+00:00,ADAUSDT,1,2.3162443923315528,60,0.031234781956426084
2025-04-22 20:00:00+00:00,ATOMUSDT,1,0.3834911190151936,60,0.030488059243539038
2025-04-26 20:00:00+00:00,REDUSDT,1,-1.0229495729458928,1,0.05446724446451002
2025-04-27 12:00:00+00:00,UNIUSDT,-1,3.5158005354958517,60,0.03864897702721181
2025-04-27 20:00:00+00:00,JTOUSDT,-1,-1.0249300760935622,3,0.04211780164887391
2025-05-02 04:00:00+00:00,TIAUSDT,-1,-1.0436615700649787,36,0.05003599267613765
2025-05-03 16:00:00+00:00,1000PEPEUSDT,-1,-1.0313007070398463,26,0.043635116556992905
2025-05-03 16:00:00+00:00,ARKMUSDT,-1,-1.0057931110306302,29,0.04774118751351378
2025-05-04 00:00:00+00:00,JUPUSDT,-1,-1.0309122607791055,25,0.042585044471730574
2025-05-04 04:00:00+00:00,LINKUSDT,-1,-1.0364582917360319,24,0.028953633034780768
2025-05-04 08:00:00+00:00,NEARUSDT,-1,-1.0363110307433825,24,0.03727489890236037
2025-05-04 08:00:00+00:00,ALGOUSDT,-1,-1.0104650126684154,23,0.03915332097366901
2025-05-04 12:00:00+00:00,ARBUSDT,-1,-1.033686958535622,21,0.03519166026064519
2025-05-04 16:00:00+00:00,EIGENUSDT,-1,-1.0307101458109935,22,0.0518421504670975
2025-05-06 12:00:00+00:00,SWARMSUSDT,-1,-1.0073390468679007,10,0.10631898311111276
2025-05-06 20:00:00+00:00,BCHUSDT,1,-1.0119655419451792,5,0.034466470627859215
2025-05-08 20:00:00+00:00,ZROUSDT,1,5.030272317050322,30,0.041360230137609755
2025-05-22 04:00:00+00:00,JUPUSDT,1,-0.994380014423522,20,0.05367807370586536
2025-05-23 00:00:00+00:00,BANKUSDT,1,-0.9555174611679004,2,0.06040392636179849
2025-05-23 00:00:00+00:00,REZUSDT,1,-1.021341600100403,2,0.060913895578782774
2025-05-23 00:00:00+00:00,FIDAUSDT,1,-1.0232324283501162,2,0.055956268557417796
2025-05-23 08:00:00+00:00,FUNUSDT,-1,3.6925754479887827,60,0.06536925553249505
2025-05-23 20:00:00+00:00,SUSDT,-1,2.156529199041939,60,0.05455081479849886
2025-05-25 08:00:00+00:00,PROMPTUSDT,-1,2.040667198225099,60,0.07970494900482972
2025-05-29 12:00:00+00:00,PIPPINUSDT,-1,2.294233273934945,60,0.08986966190310508
2025-05-29 12:00:00+00:00,MUBARAKUSDT,-1,2.1023100034155338,60,0.07511892500736674
2025-05-30 00:00:00+00:00,FARTCOINUSDT,-1,1.4203556732793146,60,0.07845251554583063
2025-05-30 16:00:00+00:00,TSTUSDT,-1,-1.0092475022439036,11,0.08551065781263997
2025-05-30 20:00:00+00:00,GUNUSDT,-1,-1.0144209289838653,8,0.08041922966942644
2025-06-04 16:00:00+00:00,PORTALUSDT,-1,4.050495250861745,60,0.054063273353666244
2025-06-04 20:00:00+00:00,CRVUSDT,-1,-1.0118441322070095,28,0.052096682915682674
2025-06-04 20:00:00+00:00,TAOUSDT,-1,-1.0340701434939115,27,0.04055750455664751
2025-06-04 20:00:00+00:00,STOUSDT,-1,2.3800291112441005,60,0.06556286111255809
2025-06-05 16:00:00+00:00,NEOUSDT,-1,-1.031905528917677,9,0.037530172375128734
2025-06-08 12:00:00+00:00,XLMUSDT,1,-1.0430584308900526,3,0.020124049624859888
2025-06-09 08:00:00+00:00,SPXUSDT,1,0.6885120106478366,60,0.06781313375994497
2025-06-12 20:00:00+00:00,MUBARAKUSDT,-1,-1.0120682510778882,21,0.07306195357631012
2025-06-12 20:00:00+00:00,HAEDALUSDT,-1,-1.0154592879100273,21,0.062420727630934245
2025-06-13 00:00:00+00:00,VINEUSDT,-1,-1.0064914386029347,19,0.08764621138723694
2025-06-13 00:00:00+00:00,AVAAIUSDT,-1,-1.0022301126555764,19,0.1121019601296228
2025-06-16 04:00:00+00:00,LINKUSDT,1,-1.0424071397568964,7,0.033544587259476066
2025-06-16 04:00:00+00:00,WIFUSDT,1,-1.0217698371546873,4,0.05506472058022975
2025-06-18 12:00:00+00:00,ACTUSDT,-1,0.319439053199178,60,0.059087466014822294
2025-06-19 08:00:00+00:00,NEIROETHUSDT,-1,2.182933080109857,60,0.0561083782522419
2025-06-19 12:00:00+00:00,FARTCOINUSDT,-1,-1.001161292515158,33,0.09194065974450143
2025-06-19 16:00:00+00:00,FLMUSDT,-1,-1.0172654583883896,5,0.055023155402508635
2025-06-20 12:00:00+00:00,FILUSDT,-1,-1.0212317521924252,56,0.032834784132827914
2025-06-20 12:00:00+00:00,SUSDT,-1,-1.0222253213186703,20,0.051000837456861035
2025-06-20 16:00:00+00:00,ZENUSDT,-1,0.8360373960017883,60,0.045122782780360506
2025-06-20 16:00:00+00:00,DOTUSDT,-1,-1.0254349092235604,55,0.03543987486163207
2025-06-21 12:00:00+00:00,1000SATSUSDT,-1,-1.028197124580787,14,0.04866382726609573
2025-06-21 12:00:00+00:00,GRIFFAINUSDT,-1,-1.0058128463644502,14,0.08601637969616877
2025-06-21 16:00:00+00:00,BOMEUSDT,-1,-1.0263587710863307,13,0.05524005634523101
2025-06-21 20:00:00+00:00,SUIUSDT,-1,-1.0190386175983612,12,0.04722454218931472
2025-06-22 12:00:00+00:00,AI16ZUSDT,-1,-1.0106456690522856,6,0.08454142201675709
2025-06-22 12:00:00+00:00,APEUSDT,-1,-1.0227953517475594,7,0.043838762001421526
2025-06-27 08:00:00+00:00,XMRUSDT,-1,-1.0211965327695092,6,0.02901276386507001
2025-06-27 16:00:00+00:00,EIGENUSDT,-1,-1.0164208890112816,7,0.06317928336811067
2025-06-28 04:00:00+00:00,PENGUUSDT,1,5.065984823589793,12,0.06453453640298382
2025-06-28 12:00:00+00:00,KAITOUSDT,1,-1.0278024201203544,1,0.04341132875394671
2025-06-29 12:00:00+00:00,BIDUSDT,1,-0.9292060159552507,9,0.08326074707526321
2025-06-29 20:00:00+00:00,VIRTUALUSDT,1,-1.0238165811912825,4,0.05878257625458172
2025-06-29 20:00:00+00:00,1000FLOKIUSDT,1,-1.0291463868041415,4,0.04154237052216288
2025-06-29 20:00:00+00:00,INJUSDT,1,-1.0296269696371638,2,0.04295309360305832
2025-07-01 00:00:00+00:00,TRUMPUSDT,-1,-1.064303773913071,13,0.02878260306311195
2025-07-01 08:00:00+00:00,DOGEUSDT,-1,-1.045424817751392,7,0.02769653379537246
2025-07-01 12:00:00+00:00,POPCATUSDT,-1,-1.0145043265121838,6,0.06205045089435497
2025-07-01 12:00:00+00:00,TONUSDT,-1,-1.0541092397424399,6,0.020442349684917545
2025-07-01 16:00:00+00:00,AI16ZUSDT,-1,-1.0133657416785147,5,0.07107723782565364
2025-07-04 16:00:00+00:00,TONUSDT,-1,-1.054273498632124,9,0.022209734592024064
2025-07-07 16:00:00+00:00,POPCATUSDT,-1,-1.0151758661186816,11,0.059991304145687076
2025-07-07 20:00:00+00:00,FARTCOINUSDT,-1,-1.0051815052681028,14,0.06275975477662092
2025-07-08 00:00:00+00:00,COOKIEUSDT,-1,-1.0200692616599956,10,0.047817902634303855
2025-07-08 12:00:00+00:00,INITUSDT,-1,-1.0199207624618853,6,0.06026727151117042
2025-07-08 16:00:00+00:00,PNUTUSDT,1,-1.0233871266406198,2,0.05558613591043345
2025-07-09 08:00:00+00:00,SOPHUSDT,1,-0.9524367127287269,2,0.04846300859848602
2025-07-09 16:00:00+00:00,NEIROUSDT,1,4.939808707124139,44,0.05648657534258782
2025-07-09 16:00:00+00:00,ZROUSDT,1,5.00002530409948,9,0.032405816325284456
2025-07-09 16:00:00+00:00,WIFUSDT,1,4.928745915550495,42,0.04631313454513035
2025-07-10 00:00:00+00:00,GRIFFAINUSDT,1,0.3200317740939492,60,0.06507016773268028
2025-07-10 08:00:00+00:00,GOATUSDT,1,4.972383549376427,3,0.04888390685686509
2025-07-10 20:00:00+00:00,BERAUSDT,1,5.056420703359027,29,0.04139154354633577
2025-07-11 12:00:00+00:00,TRXUSDT,1,-1.238158718105818,24,0.010077313226609359
2025-07-18 16:00:00+00:00,MUBARAKUSDT,-1,-1.0071952006141562,12,0.08338891883285926
2025-07-23 12:00:00+00:00,INJUSDT,-1,-1.0042740383036217,19,0.060806661414296075
2025-07-27 20:00:00+00:00,ZROUSDT,1,-1.021301982264857,4,0.04300820405392165
2025-07-28 12:00:00+00:00,TURBOUSDT,-1,-1.0194375700266858,16,0.05421459568008163
2025-07-28 12:00:00+00:00,SYNUSDT,-1,-1.0149251559937391,43,0.06621237328537825
2025-07-28 16:00:00+00:00,MAGICUSDT,-1,-1.0309047296120815,4,0.04584152709901449
2025-07-28 20:00:00+00:00,TRBUSDT,-1,0.9507391145111599,60,0.04206231562366266
2025-07-28 20:00:00+00:00,SUSDT,-1,-1.0162757417298762,13,0.04515124485239778
2025-07-29 08:00:00+00:00,HUSDT,-1,3.7444377433417015,60,0.061723544830614846
2025-07-29 12:00:00+00:00,VIRTUALUSDT,-1,0.774307135735919,60,0.05958303879211662
2025-07-30 08:00:00+00:00,INITUSDT,-1,-1.013699053476752,4,0.07299774409210787
2025-07-30 08:00:00+00:00,LAYERUSDT,-1,-0.6998282821746314,60,0.040096477887683064
2025-07-31 20:00:00+00:00,ARCUSDT,-1,-0.934088714902327,51,0.08078161413648446
2025-08-02 16:00:00+00:00,IMXUSDT,-1,-1.0266625427419969,8,0.05736024559994556
2025-08-02 16:00:00+00:00,1000000MOGUSDT,-1,-1.0093484588611885,8,0.08557560255426937
2025-08-04 12:00:00+00:00,WUSDT,1,4.976628030263931,25,0.04243673131534611
2025-08-08 16:00:00+00:00,HUMAUSDT,1,-0.33449046881379385,60,0.04643267133195976
2025-08-08 16:00:00+00:00,BERAUSDT,1,-0.9108422540096869,19,0.037189814111723
2025-08-11 08:00:00+00:00,NXPCUSDT,-1,-1.025798718734517,9,0.029071211160440362
2025-08-14 12:00:00+00:00,SYRUPUSDT,-1,-0.9974065747652432,56,0.05506231607767511
2025-08-18 16:00:00+00:00,MKRUSDT,-1,2.967702238815186,60,0.03616206582900834
2025-08-19 00:00:00+00:00,IMXUSDT,-1,-1.0282558167192166,21,0.04911448901974928
2025-08-19 04:00:00+00:00,RESOLVUSDT,-1,1.6647538649312827,60,0.058056572491804785
2025-08-22 00:00:00+00:00,ZROUSDT,-1,-1.0258300018765047,3,0.04065040355088195
2025-08-25 16:00:00+00:00,POPCATUSDT,-1,-1.0210469255070305,16,0.061161902225105425
2025-08-25 20:00:00+00:00,ENAUSDT,-1,-1.014244287579038,16,0.0609711082552206
2025-08-28 12:00:00+00:00,WUSDT,1,-1.0106809047732754,1,0.04957726065725419
2025-08-28 20:00:00+00:00,AI16ZUSDT,1,-1.0237186366657123,2,0.05480922104934053
2025-08-28 20:00:00+00:00,PEOPLEUSDT,1,-1.028522862338238,2,0.04557747341707956
2025-08-29 00:00:00+00:00,JUPUSDT,1,-1.0278354924974742,2,0.046554232877953836
2025-08-29 00:00:00+00:00,XTZUSDT,-1,1.8553904882528207,60,0.03514670571996204
2025-08-29 08:00:00+00:00,TURBOUSDT,-1,-0.9830648942589836,43,0.043686765900024294
2025-08-31 20:00:00+00:00,WLDUSDT,-1,-0.9985313194750759,28,0.03453439950982081
2025-08-31 20:00:00+00:00,ICPUSDT,-1,-1.0404767850152252,3,0.029018361995850298
2025-08-31 20:00:00+00:00,LAUSDT,-1,-0.9962058758835504,27,0.03953481630970737
2025-08-31 20:00:00+00:00,HBARUSDT,-1,-0.9937907809194245,46,0.032087771008651476
2025-09-01 00:00:00+00:00,ALGOUSDT,-1,-1.0320159542714367,2,0.035390167989179655
2025-09-01 00:00:00+00:00,KAITOUSDT,-1,-1.0155337540171203,47,0.040136466646296706
2025-09-01 00:00:00+00:00,RENDERUSDT,-1,-1.0334508374398164,2,0.03412291252957969
2025-09-01 00:00:00+00:00,XRPUSDT,-1,-1.0458475919238048,2,0.02404859129422653
2025-09-01 00:00:00+00:00,ENSUSDT,-1,-1.0311580778279519,2,0.036714074800012916
2025-09-01 00:00:00+00:00,1000PEPEUSDT,-1,-1.0371880526411514,2,0.03282317608234321
2025-09-01 00:00:00+00:00,ALTUSDT,-1,-1.0251354693076484,2,0.04376285903145373
2025-09-01 04:00:00+00:00,MYXUSDT,-1,-0.9230041869118412,8,0.05566991019488595
2025-09-01 16:00:00+00:00,AI16ZUSDT,-1,-0.9942692317909543,38,0.058006184838417754
2025-09-01 20:00:00+00:00,ALTUSDT,-1,-1.0206275801634705,4,0.04847878384546688
2025-09-01 20:00:00+00:00,ARKMUSDT,-1,-1.01985550605762,7,0.046317630854192125
2025-09-01 20:00:00+00:00,VIRTUALUSDT,-1,-1.0299822371873772,9,0.04875820276065078
2025-09-04 16:00:00+00:00,STRKUSDT,-1,-1.0398752401825033,3,0.03274387800610367
2025-09-07 16:00:00+00:00,RAYSOLUSDT,-1,-1.0360982377733494,2,0.030472401642059416
2025-09-08 12:00:00+00:00,ALLUSDT,1,4.951327819178989,32,0.022195635818595585
2025-09-09 12:00:00+00:00,AVAAIUSDT,-1,-1.0029570874809854,4,0.08097156460187761
2025-09-10 16:00:00+00:00,SUSDT,-1,-1.028382973267243,7,0.02994753199380449
2025-09-10 16:00:00+00:00,SYRUPUSDT,-1,-1.0195991208734554,7,0.04336929219877706
2025-09-14 12:00:00+00:00,RAYSOLUSDT,-1,5.026738931425167,46,0.03850789635635724
2025-09-14 16:00:00+00:00,DOLOUSDT,1,-0.9770448503848413,1,0.06480375972011342
2025-09-15 04:00:00+00:00,ALGOUSDT,-1,-1.0301935056287794,16,0.030818547916907787
2025-09-15 04:00:00+00:00,SEIUSDT,-1,-1.0104319624533318,21,0.03802736079377827
2025-09-15 04:00:00+00:00,DYDXUSDT,-1,-1.014343591298547,15,0.036085105133497615
2025-09-15 08:00:00+00:00,NEOUSDT,-1,-1.019202898731178,15,0.02671575823951477
2025-09-18 08:00:00+00:00,ICPUSDT,1,-1.0563836962081388,7,0.026603435050847286
2025-09-20 08:00:00+00:00,SUSDT,-1,4.973298989603285,11,0.03253771999979912
2025-09-21 04:00:00+00:00,HYPEUSDT,-1,5.033584403150063,15,0.0332332837660654
2025-09-21 08:00:00+00:00,POPCATUSDT,-1,4.9790788698195625,25,0.03809593426005746
2025-09-21 16:00:00+00:00,FARTCOINUSDT,-1,1.9872686552530165,60,0.06141464002403027
2025-09-21 20:00:00+00:00,SPXUSDT,-1,0.87918452507371,60,0.050223476812305955
2025-09-21 20:00:00+00:00,TAOUSDT,-1,4.950534747975397,23,0.026257422065777063
2025-09-22 00:00:00+00:00,POLUSDT,-1,-0.24470975611338228,60,0.028203390497144307
2025-09-22 00:00:00+00:00,INJUSDT,-1,1.0070852601825437,60,0.03167121439007251
2025-09-22 00:00:00+00:00,USELESSUSDT,-1,-0.9692663390621841,46,0.10102538731985783
2025-09-22 00:00:00+00:00,NEOUSDT,-1,0.8919745036253558,60,0.026249417380773764
2025-09-22 00:00:00+00:00,1000PEPEUSDT,-1,0.3746978907911122,60,0.035184226533284915
2025-09-22 00:00:00+00:00,ZROUSDT,-1,-1.0240949430161812,10,0.034877442932137785
2025-09-22 12:00:00+00:00,SAHARAUSDT,-1,-1.0300345443468955,7,0.028300745640838492
2025-09-25 16:00:00+00:00,TRBUSDT,-1,-1.0067343020979571,19,0.04481533433011922
2025-09-25 16:00:00+00:00,OPUSDT,-1,-1.0175427390103986,19,0.044287268911624975
2025-09-27 08:00:00+00:00,KAITOUSDT,1,5.712650557400191,6,0.04875736030679581
2025-09-28 00:00:00+00:00,TOWNSUSDT,-1,-0.9898220479293411,34,0.04912579628287688
2025-09-30 12:00:00+00:00,JUPUSDT,-1,-1.0319777043152083,2,0.038687267472532275
2025-09-30 16:00:00+00:00,SAPIENUSDT,-1,-1.0097087565154443,9,0.07724985159601962
2025-10-04 12:00:00+00:00,JUPUSDT,-1,-1.0292317801549955,3,0.037858795945098965
2025-10-06 20:00:00+00:00,PUMPUSDT,-1,5.0,24,0.08149639209642176
2025-10-07 16:00:00+00:00,ARIAUSDT,-1,5.026663634256566,19,0.08496553688821462
2025-10-08 00:00:00+00:00,CRVUSDT,-1,-1.0244614991176535,4,0.04651881695912525
2025-10-08 20:00:00+00:00,PTBUSDT,-1,-1.0104739101674651,8,0.07638026173692654
2025-10-09 12:00:00+00:00,RENDERUSDT,-1,-1.0437320207778973,6,0.0367719115511977
2025-10-10 12:00:00+00:00,ZROUSDT,-1,4.980662246433964,2,0.05688354628388788
2025-10-21 12:00:00+00:00,TOSHIUSDT,1,-0.9957836462559719,2,0.05485545427196461
2025-10-21 20:00:00+00:00,TSTUSDT,-1,-0.9868822080357046,40,0.05684721956483033
2025-10-24 08:00:00+00:00,OGUSDT,-1,4.980501577706007,14,0.03804974519546221
2025-10-25 16:00:00+00:00,KAITOUSDT,1,-0.8096676605959134,2,0.05179687293744478
2025-10-26 08:00:00+00:00,TONUSDT,1,-1.0428269211025232,25,0.021212124911459303
2025-10-26 12:00:00+00:00,ONDOUSDT,1,-1.0544775278805167,13,0.02906464484718866
2025-10-26 20:00:00+00:00,OPUSDT,1,-1.043103295205224,6,0.030353595792867456
2025-10-27 20:00:00+00:00,JTOUSDT,-1,4.966581285420253,38,0.042819420734609814
2025-10-27 20:00:00+00:00,RDNTUSDT,-1,4.971048869943278,40,0.04231544667167788
2025-10-28 16:00:00+00:00,ORDIUSDT,-1,4.966352450037866,35,0.03799266221281165
2025-10-28 20:00:00+00:00,ALPINEUSDT,-1,4.981726146591166,34,0.03626383473557059
2025-10-28 20:00:00+00:00,VETUSDT,-1,-1.0442934736882612,5,0.03281950768257813
2025-10-28 20:00:00+00:00,1000BONKUSDT,-1,-1.0356211471648709,5,0.040748547296407936
2025-10-28 20:00:00+00:00,LDOUSDT,-1,-1.0322108220284392,4,0.03997786827244061
2025-10-28 20:00:00+00:00,GALAUSDT,-1,4.943937649490153,34,0.041387490515448246
2025-10-29 16:00:00+00:00,XPLUSDT,-1,4.990710703631928,37,0.06706212993065828
2025-10-30 08:00:00+00:00,TRADOORUSDT,-1,-1.0073072485242087,10,0.09579529116616523
2025-10-30 08:00:00+00:00,AKEUSDT,-1,-1.0041209515310592,5,0.06299758636890704
2025-10-30 12:00:00+00:00,AAVEUSDT,-1,-1.024355534546141,7,0.047453690569196044
2025-10-30 12:00:00+00:00,SPXUSDT,-1,2.7678721057859152,60,0.08213038530172799
2025-11-02 08:00:00+00:00,COAIUSDT,-1,-0.9991468536579506,7,0.515128505321051
2025-11-03 00:00:00+00:00,PENDLEUSDT,-1,1.5530994465120576,60,0.04657484086446632
2025-11-03 00:00:00+00:00,1000PEPEUSDT,-1,1.4444441264229393,60,0.041711516798821506
2025-11-05 16:00:00+00:00,UBUSDT,-1,2.1022197916849352,60,0.12634517268385687
2025-11-08 08:00:00+00:00,EVAAUSDT,-1,1.5465265644919945,60,0.28075971881455003
2025-11-14 04:00:00+00:00,BLESSUSDT,-1,1.8922115279680718,60,0.17718762567360435
2025-11-14 08:00:00+00:00,MYXUSDT,-1,-1.0105002609119031,3,0.09999751518648374
2025-11-17 12:00:00+00:00,PUMPUSDT,-1,-1.005647108648962,16,0.08583684680640119
2025-11-17 12:00:00+00:00,RECALLUSDT,-1,-1.0015583389467866,27,0.0918092949515024
2025-11-19 16:00:00+00:00,ZBTUSDT,-1,-1.020648451968772,1,0.0556942477692375
2025-11-24 16:00:00+00:00,1000BONKUSDT,1,-1.0035828458127678,38,0.055483827769412186
2025-11-28 16:00:00+00:00,FFUSDT,-1,-1.0198069947651305,2,0.06309033827786338
2025-11-30 04:00:00+00:00,AVNTUSDT,-1,3.9291132349844307,60,0.04391413253717329
2025-11-30 20:00:00+00:00,PYTHUSDT,-1,1.82255069622687,60,0.03718337706153662
2025-12-01 00:00:00+00:00,TRXUSDT,-1,-1.123254983897982,9,0.00934761389408526
2025-12-01 00:00:00+00:00,SNXUSDT,-1,-1.0211446521349592,9,0.04948863633797062
2025-12-02 16:00:00+00:00,ESPORTSUSDT,-1,-1.0079934323114617,11,0.08131675789235143
2025-12-05 16:00:00+00:00,ALGOUSDT,-1,-1.043024176648376,23,0.0345549901431102
2025-12-05 16:00:00+00:00,ARBUSDT,-1,-1.023336652904018,9,0.043968173337458394
2025-12-06 04:00:00+00:00,SPXUSDT,-1,-1.00998104816034,9,0.0751424086881036
2025-12-07 12:00:00+00:00,HYPEUSDT,-1,-1.0226737730490174,3,0.04979056628816834
2025-12-07 12:00:00+00:00,HBARUSDT,-1,-1.0389329511825423,5,0.03198344749571329
2025-12-11 00:00:00+00:00,GIGGLEUSDT,-1,0.893764913429978,60,0.08893473243468157
2025-12-12 12:00:00+00:00,MAVUSDT,-1,-1.0221995490305527,5,0.042218875649685225
2025-12-15 12:00:00+00:00,SPXUSDT,-1,1.0417966820462226,60,0.06503154684019026
2025-12-15 12:00:00+00:00,ENAUSDT,-1,1.678508298233552,60,0.04603424956167861
2025-12-16 16:00:00+00:00,ASTERUSDT,-1,1.1056859356466753,60,0.06592343397233165
2025-12-17 04:00:00+00:00,TAOUSDT,-1,2.8785044559590887,60,0.046647270991540854
2025-12-17 16:00:00+00:00,PUMPUSDT,-1,1.7281059592996975,60,0.06860102340724458
2025-12-17 16:00:00+00:00,USELESSUSDT,-1,0.36584982125905463,60,0.10464117020760176
2025-12-18 16:00:00+00:00,LINKUSDT,-1,-1.0258562425409998,2,0.0465713453178865
2025-12-21 20:00:00+00:00,AAVEUSDT,-1,2.4354802897112227,60,0.047352943897304524
2025-12-22 16:00:00+00:00,1000PEPEUSDT,-1,-1.0217606569550455,20,0.03934991492991511
2025-12-23 12:00:00+00:00,SOLUSDT,-1,-1.0056712583487883,33,0.028268858539002146
2025-12-25 08:00:00+00:00,DOGEUSDT,-1,-1.0337260624489808,48,0.026014599282891536
2025-12-29 20:00:00+00:00,ICPUSDT,-1,-1.0431121527854288,16,0.03493771251685309
2025-12-31 00:00:00+00:00,XLMUSDT,-1,-1.0937284740131248,16,0.02283318940731169
2026-01-01 16:00:00+00:00,1000SHIBUSDT,1,4.950315996013254,6,0.024282060687415737
2026-01-01 20:00:00+00:00,EIGENUSDT,1,4.940772632729201,24,0.03943075823921551
2026-01-02 00:00:00+00:00,VIRTUALUSDT,1,4.958266081922138,6,0.034916922903843434
2026-01-02 04:00:00+00:00,XNYUSDT,-1,-1.0109677170592573,5,0.047764725983503675
2026-01-02 12:00:00+00:00,XRPUSDT,1,4.9148249007987,11,0.018170451393806894
2026-01-02 12:00:00+00:00,MOODENGUSDT,1,4.969904728342048,13,0.042378085650638955
2026-01-03 00:00:00+00:00,BCHUSDT,1,-0.8144174690820193,60,0.027954079135819775
2026-01-10 16:00:00+00:00,HYPEUSDT,-1,-1.0329779913299693,8,0.03915520466604607
2026-01-11 16:00:00+00:00,IPUSDT,1,5.052543045000458,5,0.045629825983232314
2026-01-12 08:00:00+00:00,LTCUSDT,-1,-1.0319668484293771,12,0.023776194318285215
2026-01-13 00:00:00+00:00,DASHUSDT,1,4.973057618400848,2,0.04825111674763388
2026-01-13 12:00:00+00:00,APTUSDT,1,-1.049406250648599,12,0.0346697022646594
2026-01-13 12:00:00+00:00,WLFIUSDT,1,-1.03553660472195,9,0.0409732446696211
2026-01-18 20:00:00+00:00,FARTCOINUSDT,-1,1.145439261484962,60,0.072937189490291
2026-01-18 20:00:00+00:00,PENGUUSDT,-1,1.3484887679484154,60,0.048616509086339334
2026-01-19 00:00:00+00:00,ASTERUSDT,-1,-1.0126885720379053,53,0.0634247886677818
2026-01-24 08:00:00+00:00,4USDT,-1,5.092276022448875,44,0.0828466572043183
2026-01-24 12:00:00+00:00,RVVUSDT,-1,-0.9612701816680806,34,0.10146135895405035
2026-01-25 16:00:00+00:00,CRVUSDT,-1,-1.029316175332593,2,0.043556159202676165
2026-01-25 16:00:00+00:00,AAVEUSDT,-1,-1.0403509303773304,2,0.02846303639742799
2026-01-27 08:00:00+00:00,MERLUSDT,-1,4.979472627039456,29,0.09962502283808128
2026-01-27 20:00:00+00:00,DOGEUSDT,1,-1.0619695840628578,7,0.024685013190477362
2026-01-29 00:00:00+00:00,GIGGLEUSDT,-1,4.991520767102788,16,0.05421009253693253
2026-01-29 00:00:00+00:00,SUIUSDT,-1,4.976385070326397,16,0.0353530589139633
2026-01-29 00:00:00+00:00,BROCCOLI714USDT,-1,-1.0188381833538243,5,0.060373655922035425
2026-01-29 12:00:00+00:00,BNBUSDT,-1,4.94100383498878,13,0.01995383936864491
2026-01-29 12:00:00+00:00,WIFUSDT,-1,4.961166672917487,13,0.04420069381005748
2026-02-05 04:00:00+00:00,CCUSDT,-1,0.6763489147108549,60,0.07554704142265388
2026-02-10 16:00:00+00:00,INJUSDT,-1,-1.0276248556475547,22,0.04738088106954002
2026-02-11 00:00:00+00:00,FARTCOINUSDT,-1,-1.006373933568018,16,0.06275559601170756
2026-02-11 04:00:00+00:00,PENGUUSDT,-1,-1.023079637308572,2,0.05398958325646061
2026-02-13 16:00:00+00:00,WIFUSDT,1,-1.0012656752365037,53,0.04257016211274584
2026-02-14 20:00:00+00:00,IPUSDT,1,-1.0170386503820406,4,0.05267905496470682
2026-02-18 16:00:00+00:00,PUMPUSDT,-1,1.4845441450169463,60,0.06313042471229592
2026-02-18 16:00:00+00:00,ARBUSDT,-1,-1.040700648740298,52,0.039648016676506304
2026-02-19 12:00:00+00:00,1000BONKUSDT,-1,-1.0385051163814885,5,0.03971602071913686
2026-02-22 12:00:00+00:00,CRVUSDT,-1,-1.027243379159395,17,0.03706038058248154
2026-02-22 12:00:00+00:00,MERLUSDT,-1,2.127953886839452,60,0.06552078947613836
2026-02-23 00:00:00+00:00,BCHUSDT,-1,4.921282947658645,31,0.03412538859243657
2026-02-23 00:00:00+00:00,PENGUUSDT,-1,-1.0273321059171054,1,0.045865108374818365
2026-02-23 00:00:00+00:00,FARTCOINUSDT,-1,-1.0142996640600186,15,0.05430617088210151
2026-03-10 04:00:00+00:00,AAVEUSDT,1,0.24457330318895437,60,0.03977351896660109
2026-03-10 08:00:00+00:00,XLMUSDT,1,-1.0433073567685311,5,0.03232707106745699
2026-03-10 08:00:00+00:00,ADAUSDT,1,0.36470584001768264,60,0.03613410525039644
2026-03-10 08:00:00+00:00,DOGEUSDT,1,-1.0381732773730867,7,0.03377257832488303
2026-03-10 12:00:00+00:00,XRPUSDT,1,-1.042398366759975,1,0.02872162521952589
2026-03-14 04:00:00+00:00,币安人生USDT,-1,-1.0156392622771495,7,0.05435038973941523
2026-03-15 12:00:00+00:00,HUSDT,-1,4.417022504734286,60,0.05643043190515135
2026-03-21 20:00:00+00:00,XLMUSDT,-1,-1.0522708617277248,10,0.025768467468857744
2026-03-21 20:00:00+00:00,NEARUSDT,-1,-1.0294643746280816,9,0.033766201134699414
2026-03-21 20:00:00+00:00,TIAUSDT,-1,-1.0340883757205686,14,0.03472268698580914
2026-03-22 08:00:00+00:00,AAVEUSDT,-1,-1.037285454145938,6,0.03297639865636282
2026-03-22 12:00:00+00:00,CRVUSDT,-1,-1.0340480824790015,5,0.037791555538951443
2026-03-26 16:00:00+00:00,INJUSDT,-1,1.6654929366274653,60,0.02919181537097523
2026-03-26 16:00:00+00:00,NEARUSDT,-1,-0.9992861581538681,53,0.033915075350687274
2026-03-28 00:00:00+00:00,TRIAUSDT,-1,-1.0068234500915214,3,0.15388109913850684
2026-03-29 20:00:00+00:00,FARTCOINUSDT,-1,-1.0224702504753795,1,0.051178779749694744
2026-04-01 04:00:00+00:00,1000BONKUSDT,1,-1.045118323452446,5,0.03157165184786408
2026-04-01 16:00:00+00:00,TRIAUSDT,-1,-1.0042294970809456,14,0.11821736495637072
2026-04-02 00:00:00+00:00,DASHUSDT,-1,-1.1070695857243835,35,0.04121030234821486
2026-04-02 08:00:00+00:00,PUMPUSDT,-1,-1.023994290545815,5,0.046752372105275164
2026-04-06 08:00:00+00:00,PENGUUSDT,1,-1.0393216754503476,3,0.034332209513926695
2026-04-07 16:00:00+00:00,ZECUSDT,1,4.996387278144468,4,0.04533700809245475
2026-04-11 16:00:00+00:00,BTCUSDT,1,-1.0633248900141927,2,0.017669513515919714
2026-04-12 12:00:00+00:00,TRXUSDT,1,-1.1707139523142196,3,0.007039670652039212
2026-04-12 20:00:00+00:00,ASTERUSDT,-1,-1.0628632904784066,6,0.016489750888176776
2026-04-14 16:00:00+00:00,TRXUSDT,1,4.848415876728389,30,0.007200160389121599
2026-04-16 00:00:00+00:00,POLYXUSDT,1,-1.0520008234604457,14,0.034187150927566405
2026-04-19 20:00:00+00:00,LTCUSDT,-1,-1.0570344993444005,2,0.02061839787352156
2026-04-27 04:00:00+00:00,LTCUSDT,-1,-1.0597328313946868,13,0.016231777020472966
2026-04-27 04:00:00+00:00,1000SHIBUSDT,-1,-1.0397658874842017,12,0.021946196984709145
2026-04-27 12:00:00+00:00,HBARUSDT,-1,-1.0453875796997143,11,0.021302744195591788
2026-04-27 12:00:00+00:00,NEARUSDT,-1,-1.0222467666321948,53,0.024054731586273838
2026-04-28 04:00:00+00:00,XAUUSDT,-1,-0.5443642478582074,48,0.00792734104604651
2026-04-28 08:00:00+00:00,HYPEUSDT,-1,-1.0334768373896002,22,0.02902813036639524
2026-05-03 00:00:00+00:00,ENAUSDT,-1,-1.0327536789550036,6,0.03425752574364059
2026-05-04 00:00:00+00:00,BTCUSDT,1,-1.0876840875724065,2,0.013667474147008724
2026-05-04 00:00:00+00:00,LTCUSDT,1,-1.092456226205685,2,0.01406070800583915
2026-05-04 16:00:00+00:00,INTCUSDT,-1,-1.0337045522083141,2,0.028952468911878446
2026-05-05 04:00:00+00:00,GALAUSDT,1,4.951232716679513,8,0.03158736544491696
2026-05-05 16:00:00+00:00,ZECUSDT,1,4.973981573762406,1,0.04612116002105279
2026-05-14 00:00:00+00:00,ARIAUSDT,-1,2.2908168732796854,60,0.05057783023930266
2026-05-17 20:00:00+00:00,ETHUSDT,-1,2.404543439199931,60,0.020837325305546307
2026-05-17 20:00:00+00:00,CLUSDT,1,-1.0659217401544994,3,0.01487900649620692
2026-05-22 08:00:00+00:00,OPUSDT,1,-1.0413175355871838,2,0.031463638417079644
2026-05-22 12:00:00+00:00,MSTRUSDT,-1,2.5398595952412553,60,0.028803675415169573
2026-05-22 16:00:00+00:00,ENAUSDT,-1,2.7755681527063887,60,0.04497665751832717
2026-05-23 04:00:00+00:00,ADAUSDT,-1,-1.0420552857394518,3,0.02848250770238786
2026-05-27 16:00:00+00:00,SUIUSDT,-1,4.980839201223064,44,0.0414413829634177
2026-05-27 20:00:00+00:00,TAOUSDT,-1,4.987703331164489,50,0.04918079913264397
2026-05-27 20:00:00+00:00,LINKUSDT,-1,4.976739832667949,43,0.02878053242022809
2026-05-28 00:00:00+00:00,ETHUSDT,-1,-1.0392384339261638,9,0.025199782485218983
2026-05-28 00:00:00+00:00,HBARUSDT,-1,-1.0473487579571688,3,0.02513518941883586
2026-06-01 04:00:00+00:00,LTCUSDT,-1,4.941754598677307,17,0.01854464001399596
2026-06-01 04:00:00+00:00,FARTCOINUSDT,-1,4.987195280381789,24,0.05015963013251375
2026-06-01 12:00:00+00:00,XAUTUSDT,-1,-1.1340644774096051,4,0.00790246618992933
2026-06-02 12:00:00+00:00,ETHUSDT,-1,4.971238331741531,16,0.025835775356361026
2026-06-02 12:00:00+00:00,CRCLUSDT,-1,-1.0136566204398818,1,0.03432767294541855
2026-06-14 04:00:00+00:00,RIVERUSDT,-1,-1.009297398141348,7,0.04881042987518806
2026-06-14 12:00:00+00:00,OPNUSDT,-1,0.518403180149577,60,0.14079882168550106
2026-06-14 12:00:00+00:00,ETCUSDT,-1,-1.049010180849109,2,0.023063167293343824
2026-06-14 20:00:00+00:00,PENGUUSDT,1,-1.0417881415550108,22,0.041264577361736915
2026-06-14 20:00:00+00:00,1000PEPEUSDT,1,-1.0276962580479658,22,0.03157538460558376
2026-06-15 12:00:00+00:00,RONINUSDT,1,-1.0266184196344184,6,0.04566837613560539
2026-06-21 20:00:00+00:00,DOTUSDT,-1,-1.041578459086352,1,0.03045302851099736
2026-06-23 04:00:00+00:00,DOTUSDT,-1,1.5847764875087689,60,0.034172452211013
2026-06-23 04:00:00+00:00,1000BONKUSDT,-1,0.16343612922119372,60,0.03497983989613415
2026-06-24 04:00:00+00:00,PHAROSUSDT,-1,-1.0226573514197312,5,0.04192899613026313
2026-06-24 12:00:00+00:00,1000SHIBUSDT,-1,-1.070019344101123,56,0.027850874997966547
2026-06-24 12:00:00+00:00,CRCLUSDT,-1,-0.9439586835400041,30,0.03962183867656008
2026-07-04 08:00:00+00:00,SKYAIUSDT,-1,2.409365771660577,60,0.22122646864272824
2026-07-05 08:00:00+00:00,ORDIUSDT,-1,-1.0235001910440444,8,0.050528950925314564
2026-07-06 16:00:00+00:00,STGUSDT,1,-1.030941790575728,6,0.04847812528266178
2026-07-07 16:00:00+00:00,PAXGUSDT,-1,2.533664999615488,60,0.009683749952507634
2026-07-08 00:00:00+00:00,OPUSDT,-1,-1.0288399295294641,7,0.03869912368751569
2026-07-08 12:00:00+00:00,TAOUSDT,-1,-1.0339746101739007,7,0.03762338974479021
2026-07-11 20:00:00+00:00,PUMPUSDT,-1,-1.0332025688679656,5,0.045825068718340974
2026-07-12 20:00:00+00:00,RAVEUSDT,-1,-1.0085298367979285,14,0.07373763588919786
2026-07-12 20:00:00+00:00,XPLUSDT,-1,-1.0168408135121785,11,0.053789563036543926
2026-07-13 16:00:00+00:00,QQQUSDT,-1,-1.1318440371741982,5,0.008048600624979247
2026-07-15 12:00:00+00:00,ONDOUSDT,1,4.958541734711939,6,0.03196925850106937
2026-07-16 20:00:00+00:00,ICPUSDT,-1,-1.0631301404865245,8,0.025174346005758522
2026-07-17 00:00:00+00:00,TIAUSDT,-1,1.560588917885998,60,0.04984012754826974
2026-07-17 16:00:00+00:00,BZUSDT,1,-0.35955531225389464,60,0.022994605077351713
2026-07-18 04:00:00+00:00,BEATUSDT,-1,-1.0044808664969325,14,0.07903382085641025
2026-07-18 12:00:00+00:00,OPUSDT,-1,-1.0494181700620648,18,0.03126987498847548
2026-07-19 12:00:00+00:00,FILUSDT,-1,-1.0661172056836032,9,0.025277686537416147
2026-07-20 08:00:00+00:00,1000SHIBUSDT,1,-1.0897281170998596,19,0.019008980185127724
2026-07-21 04:00:00+00:00,DOTUSDT,1,-1.0522050688730036,8,0.02670238791162469
2026-07-21 16:00:00+00:00,FILUSDT,1,-1.0557017226196266,8,0.028724425830165816
2026-07-22 04:00:00+00:00,NEARUSDT,-1,4.987508222220166,43,0.032665486625832234
2026-07-22 16:00:00+00:00,MUSDT,-1,-1.004588592152347,10,0.048121513673225196
2026-07-23 12:00:00+00:00,ARBUSDT,-1,1.8614257117007136,60,0.03566216681867479
2026-07-23 12:00:00+00:00,INUSDT,-1,-1.026091547765635,3,0.03476106546636653
2026-07-23 12:00:00+00:00,DOGEUSDT,-1,-1.0621462247594988,12,0.024025916389585136
2026-07-25 08:00:00+00:00,FARTCOINUSDT,-1,-1.03069104001624,4,0.03642561475298265
2026-07-26 04:00:00+00:00,FILUSDT,1,-1.0599873456943931,3,0.023322252115094592
2026-07-28 00:00:00+00:00,XAUTUSDT,-1,-1.131618402626632,10,0.006464065685506956
2026-08-02 08:00:00+00:00,UBUSDT,-1,-1.0078644615531094,1,0.14622742984170456
2026-08-05 00:00:00+00:00,XLMUSDT,-1,2.205682836505955,60,0.02067287827560012
2026-08-06 16:00:00+00:00,XRPUSDT,-1,1.7644076275347746,60,0.01843622393683881
2026-08-07 04:00:00+00:00,1000BONKUSDT,-1,1.6564087249708142,60,0.04475494002007412
2026-08-09 20:00:00+00:00,DOTUSDT,-1,-1.0648666954806263,2,0.018815510655456207
2026-08-10 16:00:00+00:00,EVAAUSDT,-1,-1.0184361831900286,2,0.05788020161228777
2026-08-11 04:00:00+00:00,ESPORTSUSDT,-1,-0.9376923946984136,14,0.11107825387447277
2026-08-11 12:00:00+00:00,MSTRUSDT,-1,-1.0261934287811172,6,0.02486119726598835
2026-08-12 04:00:00+00:00,USUSDT,-1,1.851122497596765,60,0.17472005157846351
2026-08-15 08:00:00+00:00,PENGUUSDT,-1,-1.0274489639428577,23,0.028465919574474245
2026-08-17 20:00:00+00:00,BLESSUSDT,-1,-0.9992276717475573,22,0.131187742620647
2026-08-18 00:00:00+00:00,INTCUSDT,-1,4.959869532236691,15,0.022452765946173698
2026-08-18 00:00:00+00:00,DOTUSDT,-1,-1.0684610343567194,3,0.022383389535358435
2026-08-18 00:00:00+00:00,TAOUSDT,-1,-1.0427146238619287,9,0.022749585789190403
2026-08-18 08:00:00+00:00,TSLAUSDT,-1,-1.091067785452339,1,0.013176997706045187
2026-08-18 12:00:00+00:00,XAGUSDT,-1,-1.0308437290724508,6,0.01616406365225798
2026-08-25 04:00:00+00:00,SKYAIUSDT,-1,-1.000187816031476,18,0.16441620961375772
2026-08-26 12:00:00+00:00,CBRSUSDT,-1,-1.0316615685341834,2,0.03447081274010787
2026-08-28 12:00:00+00:00,RKLBUSDT,-1,-0.10111208071604601,60,0.028812476619323672
2026-08-30 20:00:00+00:00,REUSDT,-1,1.7055639997575955,60,0.055571430484227774
2026-08-30 20:00:00+00:00,ONDOUSDT,-1,-1.0178246611122137,22,0.040041714987275066
2026-08-31 12:00:00+00:00,MRVLUSDT,-1,-1.0012159355742083,24,0.027493232955047183
2026-08-31 16:00:00+00:00,SPCXUSDT,1,-1.033842127720624,4,0.012172697987573783
2026-09-01 04:00:00+00:00,CLUSDT,1,5.372736424941699,42,0.01506418376169754
2026-09-01 08:00:00+00:00,BZUSDT,1,5.359684505534524,41,0.013590104452055156
2026-09-01 12:00:00+00:00,SPCXUSDT,1,-1.0859834736455771,1,0.013336981531206184
2026-09-03 12:00:00+00:00,SPCXUSDT,1,-1.0360871022629714,30,0.018217034862190284
2026-09-03 12:00:00+00:00,INJUSDT,1,-1.0317784416755542,4,0.03923823618321863
2026-09-07 04:00:00+00:00,ZHIPUUSDT,-1,5.064677190422838,17,0.034198919055380195
2026-09-08 16:00:00+00:00,PLTRUSDT,-1,-1.0623140801906656,36,0.01700626883615215
2026-09-10 08:00:00+00:00,CBRSUSDT,-1,-0.9994512184542951,49,0.03161549460939215
2026-09-15 12:00:00+00:00,AVGOUSDT,-1,-0.9677131318677555,11,0.014253163178143423
2026-09-20 12:00:00+00:00,TRXUSDT,1,-1.163262155877038,12,0.0082102921696662
2026-09-21 04:00:00+00:00,PAXGUSDT,-1,-1.190871347895759,1,0.006025000675470895
2026-09-23 12:00:00+00:00,ETHFIUSDT,-1,-1.0167097231530924,8,0.0655265194981587
2026-09-28 04:00:00+00:00,SKRUSDT,-1,0.07011126220340155,16,0.05270459087484541
2026-09-30 16:00:00+00:00,CRCLUSDT,-1,0.1285414230752089,1,0.032256481583734585
