tree
version=v4
num_class=1
num_tree_per_iteration=1
label_index=0
max_feature_idx=14
objective=regression
feature_names=aggr vol_ratio body close_loc brk_atr stop_atr ret30 effort cvd20 atr_ratio range10 approach rs7 breadth with_trend2
feature_infos=[0.38094625454057829:0.6427994332024064] [0.225339779296652:43.139378471533881] [0:1] [0.10576923076923184:1] [7.2272955177323615e-15:2.9539666774097939] [0.31075117368048438:3.9998357636367969] [-0.68083530119924063:7.6273875991771973] [-0.88201198562576932:7.4669592269599585] [-0.10776733365237802:0.10453913971549933] [0.37127880911880873:3.4423790578626057] [0.40622431154530136:4.7453090057655434] [-4.2334416019372538:3.476885584255029] [-1.1273378447686548:0.64563229667730249] [-6:16] [0:1]
tree_sizes=765 854 861 854 946 767 951 862 860 857 851 772 858 868 859 857 945 862 862 858 951 857 859 857 774 867 867 857 856 855 861 863 771 870 775 863 776 858 776 867 780 858 859 780 954 778 771 860 859 861 856 770 958 778 870 866 767 864 864 777 861 855 864 861 771 683 866 866 862 777 860 856 955 775 954 863 776 866 951 871 859 859 869 953 867 874 873 769 875 789 865 862 781 856 688 776 864 865 865 779 780 865 782 950 777 779 779 865 865 773 856 860 781 777 860 781 956 861 865 863 779 868 870 780 776 950 867 876 769 865 864 860 868 955 784 868 870 862 861 870 955 867 868 859 872 774 869 868 867 780 864 773 773 781 867 865 860 873 872 781 873 874 858 775 944 865 873 951 772 772 957 959 871 864 873 952 866 863 860 868 859 951 865 864 870 777 865 778 863 868 870 861 869 863 867 868 866 772 863 780 869 866 870 861 868 947 774 778 778 863 870 943 952 865 858 868 866 866 868 771 862 777 856 780 768 862 781 942 860 861 955 861 868 866 871 962 872 864 869 962 862 862 778 862 871 867 779 958 858 862 876 868 950 868 874 859 773 954 955 779 863 776 952 872 876 868 867 859 867 948 947 864 953 779 957 784 860 873 780 783 870 863 773 781 868 871 776 875 871 868 870 864 875 871 957 859 864 867 781 953

Tree=0
num_leaves=7
num_cat=0
split_feature=8 5 0 12 12 8
split_gain=29.1149 19.5635 15.6314 14.6975 27.8114 5.24536
threshold=0.042712166421780669 2.9020313775271149 0.5185174544749076 0.027905448622304822 -0.016293867211072063 0.0089026039248434365
decision_type=2 2 2 2 2 2
left_child=1 3 -3 4 -1 -5
right_child=-2 2 -4 5 -6 -7
leaf_value=0.00024343213044101478 0.01745292725159487 0.005235131400731838 0.014148620763591699 -0.0047196715853134157 0.011902458051388632 0.0022132152809396736
leaf_weight=390 200 372 331 208 340 200
leaf_count=390 200 372 331 208 340 200
internal_value=0.00672772 0.00553573 0.00945717 0.00311041 0.00567428 -0.00141281
internal_weight=2041 1841 703 1138 730 408
internal_count=2041 1841 703 1138 730 408
is_linear=0
shrinkage=1


Tree=1
num_leaves=8
num_cat=0
split_feature=8 6 4 5 9 3 1
split_gain=34.588 15.5584 14.1479 19.918 18.9994 9.41887 9.33437
threshold=0.019075359797094113 0.059103143751301553 0.42706721152205163 1.9167163101239442 0.76398796132411018 0.78461538461538749 1.8305218129975538
decision_type=2 8 2 2 2 2 2
left_child=2 -2 3 -1 -5 -6 -4
right_child=1 -3 6 4 5 -7 -8
leaf_value=-0.0073077282814515959 0.00946103176298475 0.00018202714826375674 -0.0026007423038465964 0.0095160879226357398 -0.0053011972861068332 0.0034221666356611053 -0.011327428857015596
leaf_weight=265 398 273 227 217 234 204 217
leaf_count=265 398 273 227 217 234 204 217
internal_value=0.000163269 0.00571509 -0.00257877 -0.000445696 0.00236488 -0.00124549 -0.00694446
internal_weight=2035 671 1364 920 655 438 444
internal_count=2035 671 1364 920 655 438 444
is_linear=0
shrinkage=0.03


Tree=2
num_leaves=8
num_cat=0
split_feature=11 1 2 4 4 4 6
split_gain=19.5006 13.5925 15.2038 13.2107 9.45655 13.2191 7.52163
threshold=0.44362454042104177 0.90376853174534399 0.66482938844166661 0.13022142407501078 0.26129423280057912 0.52651148911633638 -0.0091179402997099129
decision_type=2 2 2 2 2 2 8
left_child=3 -2 6 -1 -5 -6 -3
right_child=1 2 -4 4 5 -7 -8
leaf_value=0.0017098226292883276 0.0071052342590767975 0.0065820414635478358 -0.0058008999066928831 -0.011168241334783557 0.0018865925883496733 -0.0085494177215110316 -0.00077084831355692942
leaf_weight=300 366 262 255 203 217 212 234
leaf_count=300 366 262 255 203 217 212 234
internal_value=-0.000261401 0.00240729 8.58973e-05 -0.0034556 -0.00590172 -0.00330968 0.00314006
internal_weight=2049 1117 751 932 632 429 496
internal_count=2049 1117 751 932 632 429 496
is_linear=0
shrinkage=0.03


Tree=3
num_leaves=8
num_cat=0
split_feature=0 4 0 5 12 10 8
split_gain=34.428 25.2535 21.8118 21.6956 13.1298 8.4181 5.82273
threshold=0.5185174544749076 0.51883837657437692 0.49685803021440811 2.0970315020753696 0.0053903941602725944 2.0561074902541372 0.021097922458123922
decision_type=2 2 2 2 2 2 2
left_child=1 2 -1 -2 -4 6 -5
right_child=3 -3 4 5 -6 -7 -8
leaf_value=0.0048559727868734952 -0.0027431323491999143 -0.011944063144552125 0.0005170695584215154 0.0011542952072836378 -0.0096412969813016915 0.011105531206884189 0.0081018700629125161
leaf_weight=351 266 228 209 230 247 295 204
leaf_count=351 266 228 209 230 247 295 204
internal_value=0.000579669 -0.00324346 -0.000726881 0.00455282 -0.00503027 0.00721554 0.00447506
internal_weight=2030 1035 807 995 456 729 434
internal_count=2030 1035 807 995 456 729 434
is_linear=0
shrinkage=0.03


Tree=4
num_leaves=9
num_cat=0
split_feature=5 8 12 12 4 5 7 11
split_gain=39.7561 23.1392 27.0981 21.6871 21.5394 15.3582 8.30269 6.29251
threshold=1.4414857035701114 0.03036146252511995 0.035821923450864331 -0.046254490482822867 0.40982252263016022 2.9020313775271149 0.62127928159615953 0.8563100303428145
decision_type=2 2 2 2 2 2 10 2
left_child=-1 2 3 -2 6 -4 -5 -3
right_child=1 7 5 4 -6 -7 -8 -9
leaf_value=-0.010909542659626287 -0.0050029207414222406 0.0040594851381431981 -0.010962063205387333 0.0050712644919674076 -0.0021198335336521266 -8.8127977172612336e-05 0.013119969401904878 0.011604298911791048
leaf_weight=250 234 203 250 247 227 216 230 207
leaf_count=250 234 203 250 247 227 216 230 207
internal_value=0.000184341 0.00173905 -0.000100178 0.00283526 0.00545748 -0.00597623 0.00904803 0.00796261
internal_weight=2064 1814 1404 938 704 466 477 410
internal_count=2064 1814 1404 938 704 466 477 410
is_linear=0
shrinkage=0.03


Tree=5
num_leaves=7
num_cat=0
split_feature=5 4 13 3 3 0
split_gain=20.3727 19.4873 16.4578 15.1877 19.7957 13.234
threshold=1.3772727808669423 0.42706721152205163 3.5000000000000004 0.81014550339634039 0.60775525199559088 0.51873702058813909
decision_type=2 2 2 2 2 2
left_child=-1 2 3 4 -2 -3
right_child=1 5 -4 -5 -6 -7
leaf_value=-0.0072172480435615562 0.0090622126323668135 -0.0076610264779570008 -0.0027887972204644028 0.010527488552145362 -0.0017105100068633688 0.0014903944624658628
leaf_weight=244 261 255 251 371 360 311
leaf_count=244 261 255 251 371 360 311
internal_value=0.000832176 0.00193479 0.00403094 0.00576183 0.00285337 -0.00266358
internal_weight=2053 1809 1243 992 621 566
internal_count=2053 1809 1243 992 621 566
is_linear=0
shrinkage=0.03


Tree=6
num_leaves=9
num_cat=0
split_feature=8 12 7 10 4 9 3 6
split_gain=26.2278 18.1073 18.5468 18.1865 14.6922 12.9405 10.3563 8.33619
threshold=0.027979473734621878 0.035032302697894153 0.36880273858588491 1.8958760407849697 0.13911334056595925 0.9185604006129372 0.85625588365077443 -0.040179431325572383
decision_type=2 2 10 2 2 2 2 10
left_child=1 2 6 -3 -4 -2 -1 -6
right_child=5 3 4 -5 7 -7 -8 -9
leaf_value=-0.01009106888829802 0.0098685518330664228 -0.013060393111916644 0.0087033330576783158 -0.001242309609891658 -0.0049872668155628011 -9.0210177519354406e-05 -0.00076608935346532804 0.0035386644976992659
leaf_weight=203 258 246 232 222 200 212 223 203
leaf_count=203 258 246 232 222 200 212 223 203
internal_value=-0.00073931 -0.002645 -0.000466481 -0.00752677 0.00277554 0.00542285 -0.0052752 -0.000701832
internal_weight=1999 1529 1061 468 635 470 426 403
internal_count=1999 1529 1061 468 635 470 426 403
is_linear=0
shrinkage=0.03


Tree=7
num_leaves=8
num_cat=0
split_feature=8 7 12 12 10 6 8
split_gain=25.9569 24.2675 27.0097 22.1091 19.277 15.6411 8.62027
threshold=0.0010876400994656516 0.3840840386578564 0.018437953042233283 -0.028132859353303282 1.2767553074700351 0.062439871945585097 0.027979473734621878
decision_type=2 10 2 2 2 10 2
left_child=1 -1 3 -3 -2 6 -6
right_child=4 2 -4 -5 5 -7 -8
leaf_value=-0.0089803796916338979 -0.0042509775575702994 -0.00218842531256016 -0.0075446707289276256 0.011385723400294132 0.0055468598156407168 0.00054038315536869552 0.013572439390313999
leaf_weight=373 209 201 234 225 289 309 218
leaf_count=373 209 201 234 225 289 309 218
internal_value=0.000430219 -0.00291894 0.000548458 0.00502993 0.0038033 0.00587955 0.00909654
internal_weight=2058 1033 660 426 1025 816 507
internal_count=2058 1033 660 426 1025 816 507
is_linear=0
shrinkage=0.03


Tree=8
num_leaves=8
num_cat=0
split_feature=8 11 7 12 12 0 13
split_gain=25.4967 16.4976 13.6942 14.5313 30.5054 10.966 8.65208
threshold=0.03110183625000348 0.762084968347713 -0.019507879461307106 0.01576393174565283 -0.046254490482822867 0.51826726957564329 1.5000000000000002
decision_type=2 2 10 2 2 2 2
left_child=2 -2 -1 4 -4 -5 -6
right_child=1 -3 3 5 6 -7 -8
leaf_value=-0.008456143444727943 0.00078407191823829303 0.012683666634816423 -0.0063785402774574748 -0.0077997064576614001 0.0095656513103329743 0.000314573035280312 0.0017238278764061035
leaf_weight=225 215 201 249 318 300 279 221
leaf_count=225 215 201 249 318 300 279 221
internal_value=4.83911e-05 0.00661599 -0.00168311 -0.00054155 0.00217672 -0.00403649 0.00628728
internal_weight=2008 416 1592 1367 770 597 521
internal_count=2008 416 1592 1367 770 597 521
is_linear=0
shrinkage=0.03


Tree=9
num_leaves=8
num_cat=0
split_feature=8 11 12 2 12 0 4
split_gain=26.4676 15.3439 15.3013 21.2376 18.947 15.2122 13.6902
threshold=0.027979473734621878 0.97723161522910262 0.035821923450864331 0.7606497883003519 -0.046254490482822867 0.51826726957564329 0.2153266789597599
decision_type=2 2 2 2 2 2 2
left_child=2 -2 3 4 -1 -4 -6
right_child=1 -3 5 -5 6 -7 -8
leaf_value=-0.0045070423977499711 0.001822006452685365 0.012829343209747206 -0.010459989221858699 -0.007170734286277753 0.0097715484478587342 1.238462226861652e-05 0.00093894073241045908
leaf_weight=227 255 204 268 239 324 230 306
leaf_count=227 255 204 268 239 324 230 306
internal_value=0.000492685 0.00679969 -0.00133903 0.000646282 0.00285524 -0.00567131 0.0055226
internal_weight=2053 459 1594 1096 857 498 630
internal_count=2053 459 1594 1096 857 498 630
is_linear=0
shrinkage=0.03


Tree=10
num_leaves=8
num_cat=0
split_feature=4 3 5 3 9 1 2
split_gain=21.974 19.6689 20.5467 13.9867 12.8735 12.8562 10.4238
threshold=0.43099208890760682 0.84697513664130353 1.8915375017503908 0.61065237945162376 0.79116226553504754 1.3568263217458283 0.71987483664295437
decision_type=2 2 2 2 2 2 2
left_child=1 2 -1 -4 -5 -2 -3
right_child=5 6 3 4 -6 -7 -8
leaf_value=-0.0077747441412386849 0.0012232817805964838 0.0119354894503132 0.0076342716254378887 0.0047712930446224553 -0.005056298455007241 -0.0078555954556593938 0.0026635145599022505
leaf_weight=240 215 219 269 205 275 393 220
leaf_count=240 215 219 269 205 275 393 220
internal_value=9.24162e-05 0.00212563 -0.000228183 0.00222546 -0.000853179 -0.00466135 0.00737126
internal_weight=2036 1428 989 749 480 608 439
internal_count=2036 1428 989 749 480 608 439
is_linear=0
shrinkage=0.03


Tree=11
num_leaves=7
num_cat=0
split_feature=6 0 12 6 13 6
split_gain=21.849 21.884 17.9216 26.4156 16.1349 15.9221
threshold=0.32983471823630056 0.5185174544749076 0.016849456623950324 -0.017275561623727172 2.5000000000000004 -0.051533231973598319
decision_type=10 2 2 8 2 10
left_child=1 2 3 -1 5 -3
right_child=-2 4 -4 -5 -6 -7
leaf_value=-0.0038078820177965341 -0.0095620479099906789 0.001514108025633237 -0.0072261836446073846 0.0096781089588000267 -0.0011590633020255141 0.011681009089114449
leaf_weight=356 200 250 396 200 326 311
leaf_count=356 200 250 396 200 326 311
internal_value=-0.00027148 0.000762101 -0.00239115 0.00108622 0.00414086 0.0072037
internal_weight=2039 1839 952 556 887 561
internal_count=2039 1839 952 556 887 561
is_linear=0
shrinkage=0.03


Tree=12
num_leaves=8
num_cat=0
split_feature=5 1 9 9 7 2 3
split_gain=31.1841 17.6081 13.3666 27.4836 13.3023 10.5535 6.84697
threshold=1.8915375017503908 0.92068924729867552 0.70830187112270304 0.93137407348679735 0.61359367244151297 0.64367816091954044 0.75000000000000322
decision_type=2 2 2 2 10 2 2
left_child=4 6 -3 5 -1 -4 -2
right_child=1 2 3 -5 -6 -7 -8
leaf_value=-0.010981074299501336 0.0025351492884333861 -0.0064032863438883911 0.010601555527198927 -0.0045405019702236746 -0.00082774309252483256 0.0016179808608244078 0.0097584411428290434
leaf_weight=271 209 232 248 360 202 224 281
leaf_count=271 209 232 248 360 202 224 281
internal_value=4.51076e-06 0.00205984 -0.000114267 0.00166718 -0.00669899 0.00639981 0.00673421
internal_weight=2027 1554 1064 832 473 472 490
internal_count=2027 1554 1064 832 473 472 490
is_linear=0
shrinkage=0.03


Tree=13
num_leaves=8
num_cat=0
split_feature=6 8 6 0 2 11 7
split_gain=16.1922 13.8871 11.8192 16.3708 14.9144 12.5004 9.20341
threshold=0.32983471823630056 0.038340656350516221 0.095506590548554718 0.5185174544749076 0.71830503238760768 -0.13404196964808796 0.87988322561233201
decision_type=8 2 10 2 2 2 10
left_child=1 2 3 5 -5 -1 -7
right_child=-2 -3 -4 4 -6 6 -8
leaf_value=-0.010208006867272365 -0.0083543948842606571 0.007371983880420094 0.0045645159222334674 0.0060663984623944402 -0.0042006620546368861 -0.0054144361107902224 0.0028145044022370304
leaf_weight=243 203 225 323 330 201 282 209
leaf_count=243 203 225 323 330 201 282 209
internal_value=-0.000426182 0.000482068 -0.000514223 -0.00182387 0.00217707 -0.00471343 -0.00191863
internal_weight=2016 1813 1588 1265 531 734 491
internal_count=2016 1813 1588 1265 531 734 491
is_linear=0
shrinkage=0.03


Tree=14
num_leaves=8
num_cat=0
split_feature=5 1 9 2 0 12 8
split_gain=22.4133 18.2971 13.7336 16.247 16.0013 10.7668 6.5524
threshold=1.8915375017503908 0.92068924729867552 0.99531120461912848 0.49734168708988891 0.51873702058813909 0.0088673582129313328 -0.02102173157288648
decision_type=2 2 2 2 2 2 2
left_child=6 5 3 -3 -5 -2 -1
right_child=1 2 -4 4 -6 -7 -8
leaf_value=-0.010053118398611985 0.010410277544654876 0.0080084179105636265 -0.0066518204251941127 -0.006958539321785793 0.0030515702849414632 0.0015079661045023355 -0.0029625506677396904
leaf_weight=201 252 219 267 259 311 237 287
leaf_count=201 252 219 267 259 311 237 287
internal_value=-0.000384596 0.00138852 -0.000837104 0.00116011 -0.00151784 0.00615459 -0.00595539
internal_weight=2033 1545 1056 789 570 489 488
internal_count=2033 1545 1056 789 570 489 488
is_linear=0
shrinkage=0.03


Tree=15
num_leaves=8
num_cat=0
split_feature=2 0 3 11 1 10 12
split_gain=19.3656 20.8343 14.6658 20.959 8.5918 8.0604 7.90918
threshold=0.71830503238760768 0.52972300354090751 0.78571428571428981 0.045499880953161403 1.2432386533999698 1.708691091583 0.0098649067481491066
decision_type=2 2 2 2 2 2 2
left_child=1 2 3 -1 -2 -3 -5
right_child=4 5 -4 6 -6 -7 -8
leaf_value=-0.011166901157202773 -0.00084926217713433751 0.002458107457689305 0.0043990104738912137 0.0040921442053984212 -0.0082678062060745662 0.010755392495196027 -0.0034412887269374827
leaf_weight=209 248 200 317 230 323 227 264
leaf_count=209 248 200 317 230 323 227 264
internal_value=-0.000427498 0.00142002 -0.000914428 -0.00332453 -0.00508108 0.00694251 7.20385e-05
internal_weight=2018 1447 1020 703 571 427 494
internal_count=2018 1447 1020 703 571 427 494
is_linear=0
shrinkage=0.03


Tree=16
num_leaves=9
num_cat=0
split_feature=8 12 7 12 3 5 9 9
split_gain=24.5026 20.4244 25.2978 23.3491 15.709 10.731 4.87526 2.21673
threshold=0.019075359797094113 0.0066335455469914159 0.3840840386578564 -0.032268576076250992 0.83285441002889715 2.2930411523881369 0.9185604006129372 0.82216211331311173
decision_type=2 2 10 2 2 2 2 2
left_child=1 2 -1 -4 7 -2 -7 -3
right_child=5 4 3 -5 -6 6 -8 -9
leaf_value=-0.0053693189334034089 -0.00047601014886000388 -0.01148627076661864 -0.00083604029972631367 0.012890119147695802 0.00053608137586597722 0.01041028918909602 0.0040799058618968429 -0.0066922450785353348
leaf_weight=284 214 210 222 218 228 253 208 201
leaf_count=284 214 210 222 218 228 253 208 201
internal_value=0.000421129 -0.00189347 0.00155416 0.00603307 -0.00578143 0.00507445 0.00762849 -0.00925036
internal_weight=2038 1363 724 440 639 675 461 411
internal_count=2038 1363 724 440 639 675 461 411
is_linear=0
shrinkage=0.03


Tree=17
num_leaves=8
num_cat=0
split_feature=8 10 13 7 10 8 11
split_gain=26.8546 11.0497 17.6883 8.84225 12.4529 7.67462 5.8321
threshold=-0.0033812213225209342 2.2154310789996758 2.5000000000000004 0.25176721404362867 1.9888295559238325 0.02637891043764028 0.42550589179262716
decision_type=2 2 2 10 2 2 2
left_child=3 2 5 -1 6 -2 -5
right_child=1 -3 -4 4 -6 -7 -8
leaf_value=-0.0086034791154826293 0.00058540655234280746 0.007256162222808421 -0.005233761442490709 -0.0024908758988925095 -0.0075288662337698042 0.0082175716097643049 0.0043947929541035642
leaf_weight=279 250 330 279 227 251 222 207
leaf_count=279 250 330 279 227 251 222 207
internal_value=-0.000516035 0.00272476 0.000698782 -0.00414547 -0.00228055 0.00422362 0.000805952
internal_weight=2045 1081 751 964 685 472 434
internal_count=2045 1081 751 964 685 472 434
is_linear=0
shrinkage=0.03


Tree=18
num_leaves=8
num_cat=0
split_feature=6 5 3 0 3 12 11
split_gain=13.617 9.04871 18.1109 10.6155 9.01898 11.0693 8.00976
threshold=0.32983471823630056 2.9244146242648914 0.84850125103338037 0.53388586336462829 0.63553478712357236 0.017470472050792666 1.5432011366499192
decision_type=10 2 2 2 2 2 2
left_child=1 2 4 6 -1 -6 -3
right_child=-2 3 -4 -5 5 -7 -8
leaf_value=0.00020524994578113815 -0.0077039055945351716 0.0038469773391751868 0.0040345196197024329 0.0084966361554138156 -0.0021041358932636159 -0.011313133486297113 -0.0038648443528058189
leaf_weight=297 203 280 385 217 253 219 206
leaf_count=297 203 280 385 217 253 219 206
internal_value=-0.000424607 0.000389688 -0.0012438 0.00306096 -0.00389538 -0.00645075 0.000572111
internal_weight=2060 1857 1154 703 769 472 486
internal_count=2060 1857 1154 703 769 472 486
is_linear=0
shrinkage=0.03


Tree=19
num_leaves=8
num_cat=0
split_feature=4 8 3 3 11 13 3
split_gain=16.3375 21.165 16.1677 25.1919 13.1216 12.2065 6.33162
threshold=0.42706721152205163 0.0162339781794715 0.78461538461538749 0.59495491821847712 0.70622412061919226 1.0000000180025095e-35 0.81014550339634039
decision_type=2 2 2 2 2 2 2
left_child=2 6 3 -1 -5 -4 -2
right_child=1 -3 5 4 -6 -7 -8
leaf_value=0.0053145812268001833 -0.0042077199374642047 0.0033800701894275147 0.010370210794149896 -0.010015269776212645 -3.966680186432461e-05 0.0016552406189218165 -0.011696943725645541
leaf_weight=302 201 209 235 268 210 370 220
leaf_count=302 201 209 235 268 210 370 220
internal_value=-0.000384566 -0.0043705 0.00143773 -0.00141544 -0.00567846 0.00509765 -0.00821268
internal_weight=2015 630 1385 780 478 605 421
internal_count=2015 630 1385 780 478 605 421
is_linear=0
shrinkage=0.03


Tree=20
num_leaves=9
num_cat=0
split_feature=6 0 10 13 6 12 6 11
split_gain=16.1288 14.5555 14.8791 18.1831 14.9052 12.6795 31.4163 12.0387
threshold=0.32983471823630056 0.51826726957564329 2.3248593790249337 2.5000000000000004 -0.037950161520584717 0.039841857075092087 0.018543628346725297 0.47835226662296509
decision_type=10 2 2 2 10 2 8 2
left_child=1 5 3 4 -3 6 7 -1
right_child=-2 2 -4 -5 -6 -7 -8 -9
leaf_value=-0.0086582466938489224 -0.0078824090908439642 -0.00082654085815405461 0.010533612151210906 -0.0049370399521403881 0.010061031961623503 -0.007396162999365693 0.009906754538473438 0.00098133777729842971
leaf_weight=235 207 209 206 253 240 256 209 225
leaf_count=235 207 209 206 253 240 256 209 225
internal_value=-4.73283e-05 0.00085652 0.00354535 0.00143468 0.00503981 -0.00178777 0.000397291 -0.00398338
internal_weight=2040 1833 908 702 449 925 669 460
internal_count=2040 1833 908 702 449 925 669 460
is_linear=0
shrinkage=0.03


Tree=21
num_leaves=8
num_cat=0
split_feature=4 5 9 8 0 0 1
split_gain=21.9875 12.2533 11.8273 21.1491 9.08609 16.6443 7.21584
threshold=0.82645119951113621 1.3772727808669423 0.73971760824827315 0.023487983206751092 0.5185174544749076 0.49590662641925148 1.1159327512608013
decision_type=2 2 2 2 2 2 2
left_child=1 -1 6 4 5 -4 -3
right_child=-2 2 3 -5 -6 -7 -8
leaf_value=-0.0057650310530194208 -0.0092137583355869392 0.010010459879671947 0.0015433634497770449 0.0060820539822656807 0.0015602449735122995 -0.0097206910957687229 0.0024222002126276492
leaf_weight=205 204 211 200 380 302 279 245
leaf_count=205 204 211 200 380 302 279 245
internal_value=3.82895e-06 0.00105827 0.00193841 0.000322727 -0.00250037 -0.00505018 0.00600392
internal_weight=2026 1822 1617 1161 781 479 456
internal_count=2026 1822 1617 1161 781 479 456
is_linear=0
shrinkage=0.03


Tree=22
num_leaves=8
num_cat=0
split_feature=5 4 0 12 9 4 14
split_gain=31.8726 18.5346 14.822 14.1504 15.3595 11.4247 7.74392
threshold=1.4414857035701114 0.52651148911633638 0.52309172157738082 0.037183829107819096 0.72815938766260024 0.21906775685200552 1.0000000180025095e-35
decision_type=2 2 2 2 2 2 2
left_child=-1 3 -3 4 -2 -5 -6
right_child=1 2 -4 5 6 -7 -8
leaf_value=-0.01078354704624214 0.011342335014753503 -0.009628449023617312 0.0014439174092874148 -0.0056703221750498385 -0.00050207059901768037 0.0036301336850091399 0.0062158372798668485
leaf_weight=233 238 228 202 260 354 211 268
leaf_count=233 238 228 202 260 354 211 268
internal_value=-0.00047858 0.000911553 -0.0044702 0.00266043 0.00493973 -0.00150951 0.00241895
internal_weight=1994 1761 430 1331 860 471 622
internal_count=1994 1761 430 1331 860 471 622
is_linear=0
shrinkage=0.03


Tree=23
num_leaves=8
num_cat=0
split_feature=5 3 2 0 7 12 1
split_gain=13.0595 20.7099 22.931 15.8079 8.94847 7.48348 4.6871
threshold=2.9147418081440275 0.78461538461538749 0.77777777777777735 0.52994865022519688 0.53518502871493034 0.012906302767278334 1.2603517396189221
decision_type=2 2 2 2 10 2 2
left_child=1 4 -3 6 -1 -6 -2
right_child=3 2 -4 -5 5 -7 -8
leaf_value=-0.010597582187933417 0.0025281316442522994 0.0065119242793107573 -0.0052680482122912462 0.0085233535048297848 0.00059576995244110201 -0.007263263505949101 -0.0031111044954741374
leaf_weight=229 254 365 244 270 222 208 267
leaf_count=229 254 365 244 270 222 208 267
internal_value=-0.000310811 -0.00219482 0.00178773 0.00270413 -0.00586095 -0.0032456 -0.000363944
internal_weight=2059 1268 609 791 659 430 521
internal_count=2059 1268 609 791 659 430 521
is_linear=0
shrinkage=0.03


Tree=24
num_leaves=7
num_cat=0
split_feature=13 3 11 4 3 12
split_gain=13.2642 22.1304 18.1395 14.7852 11.172 9.11073
threshold=5.5000000000000009 0.78461538461538749 0.97723161522910262 0.42706721152205163 0.61065237945162376 0.016849456623950324
decision_type=2 2 2 2 2 2
left_child=1 2 4 5 -1 -3
right_child=-2 3 -4 -5 -6 -7
leaf_value=-0.00039795077747423283 -0.0064951136859178723 0.010531237115319303 0.0027488160798030781 -0.0010548643641644269 -0.0090349193364381783 0.0026287193868784957
leaf_weight=222 244 321 386 288 340 227
leaf_count=222 244 321 386 288 340 227
internal_value=-7.82453e-06 0.000895124 -0.00223777 0.00443992 -0.00565676 0.00731111
internal_weight=2028 1784 948 836 562 548
internal_count=2028 1784 948 836 562 548
is_linear=0
shrinkage=0.03


Tree=25
num_leaves=8
num_cat=0
split_feature=5 12 12 0 7 10 12
split_gain=23.6546 12.7115 14.9252 13.5828 11.5944 6.08099 3.17929
threshold=1.3772727808669423 -0.046254490482822867 0.0098649067481491066 0.5185174544749076 0.36880273858588491 1.5100783008560477 0.052562807034372057
decision_type=2 2 2 2 10 2 2
left_child=-1 -2 4 6 -3 -5 -4
right_child=1 2 3 5 -6 -7 -8
leaf_value=-0.008797189182899099 -0.0049071040576301869 0.00063855576082024466 -0.0011418628464970324 -0.00081744899565108981 0.0095569722440684724 0.0056122190391093424 -0.0062793752042714941
leaf_weight=230 249 210 211 210 348 348 224
leaf_count=230 249 210 211 210 348 348 224
internal_value=0.000156216 0.00132146 0.00233396 0.000120984 0.00623606 0.00320668 -0.00382868
internal_weight=2030 1800 1551 993 558 558 435
internal_count=2030 1800 1551 993 558 558 435
is_linear=0
shrinkage=0.03


Tree=26
num_leaves=8
num_cat=0
split_feature=5 6 1 8 6 9 6
split_gain=12.9096 14.3181 13.8036 13.5291 16.8814 3.40733 0.411649
threshold=2.9095160379174465 -0.044442690257924793 1.8305218129975538 0.0025868859132420654 -0.032428556760023423 0.90019549680897493 0.035260110972420884
decision_type=2 10 2 2 8 2 8
left_child=2 -2 3 4 -1 -3 -5
right_child=1 5 -4 6 -6 -7 -8
leaf_value=-0.0078968305854126807 0.0076627533295116311 0.0021096856651480118 -0.0072863029115143472 0.0050239258736099407 0.0031221229352781338 -0.0032235756593301155 0.0029274925319705066
leaf_weight=295 328 204 319 200 211 218 200
leaf_count=295 328 204 319 200 211 218 200
internal_value=-7.65799e-05 0.00301161 -0.00197186 -7.09439e-05 -0.00331638 -0.000650897 0.00402479
internal_weight=1975 750 1225 906 506 422 400
internal_count=1975 750 1225 906 506 422 400
is_linear=0
shrinkage=0.03


Tree=27
num_leaves=8
num_cat=0
split_feature=1 13 12 12 1 0 4
split_gain=16.011 16.0947 15.2504 20.4261 11.8507 10.9043 10.278
threshold=1.8006179887461369 3.5000000000000004 -0.04361525304074914 0.017470472050792666 0.84572252329688968 0.51702600502023688 0.34909352767805751
decision_type=2 2 2 2 2 2 2
left_child=1 2 -1 4 -4 -5 -2
right_child=6 -3 3 5 -6 -7 -8
leaf_value=-0.0035084017588187591 0.0012106070314070294 -0.0040786403210336568 0.0047096459975635458 -0.0041196701827390892 0.014502937725051361 0.0047198488908748214 -0.0069410390698606455
leaf_weight=206 234 282 215 200 242 320 334
leaf_count=206 234 282 215 200 242 320 334
internal_value=0.000654194 0.00231083 0.00384469 0.00540506 0.00999642 0.00131318 -0.00360153
internal_weight=2033 1465 1183 977 457 520 568
internal_count=2033 1465 1183 977 457 520 568
is_linear=0
shrinkage=0.03


Tree=28
num_leaves=8
num_cat=0
split_feature=12 12 13 5 4 1 2
split_gain=14.7097 22.5306 27.871 13.0927 11.1162 12.3703 6.61791
threshold=-0.04719051083240771 0.035032302697894153 3.5000000000000004 2.9020313775271149 0.33480066306687351 0.84572252329688968 0.60023228803716677
decision_type=2 2 2 2 2 2 2
left_child=-1 2 4 6 5 -2 -3
right_child=1 3 -4 -5 -6 -7 -8
leaf_value=-0.0059213396568231057 0.0038741409414307735 -0.0024681416601161203 -0.0056129035986598255 0.001826992285281732 0.0016083717157735543 0.013374305318260716 -0.0099402325607515409
leaf_weight=304 221 227 201 329 250 291 204
leaf_count=304 221 227 201 329 250 291 204
internal_value=0.000107594 0.00118537 0.00422337 -0.00266654 0.00683766 0.00935077 -0.00607825
internal_weight=2027 1723 963 760 762 512 431
internal_count=2027 1723 963 760 762 512 431
is_linear=0
shrinkage=0.03


Tree=29
num_leaves=8
num_cat=0
split_feature=5 0 0 5 13 10 12
split_gain=13 11.9911 14.0149 10.2103 12.3093 7.32316 1.72085
threshold=1.3772727808669423 0.5185174544749076 0.49780507688589287 2.9244146242648914 1.5000000000000002 1.9420371171324498 1.0000000180025095e-35
decision_type=2 2 2 2 2 2 2
left_child=-1 2 6 4 -3 -4 -2
right_child=1 3 5 -5 -6 -7 -8
leaf_value=-0.0071270163587011425 0.0042004006182002583 0.0046571238525906821 -0.0018957160292835586 0.0065353463798886284 -0.0044962422256143875 -0.009075758959154915 0.00028148141357956863
leaf_weight=222 200 263 285 392 256 232 200
leaf_count=222 200 263 285 392 256 232 200
internal_value=-0.000355541 0.000484013 -0.00193268 0.00291389 0.000142347 -0.00517378 0.00226861
internal_weight=2050 1828 917 911 519 517 400
internal_count=2050 1828 917 911 519 517 400
is_linear=0
shrinkage=0.03


Tree=30
num_leaves=8
num_cat=0
split_feature=3 3 13 5 12 14 6
split_gain=14.6122 25.2293 23.8368 12.5972 12.1645 8.21221 3.85868
threshold=0.60775525199559088 0.78571428571428981 2.5000000000000004 2.3015380233937406 0.029183136238045641 1.0000000180025095e-35 -0.011837395016796202
decision_type=2 2 2 2 2 2 10
left_child=5 3 4 -2 -3 -1 -5
right_child=1 2 -4 6 -6 -7 -8
leaf_value=0.0095609059777655974 -0.010237032268196345 0.009345424176771755 -0.0042384070760751033 0.0011897148032950834 0.00099063048853461895 0.001391431692455496 -0.0044996543748670129
leaf_weight=241 235 393 289 216 261 205 205
leaf_count=241 235 393 289 216 261 205 205
internal_value=0.00109375 -0.000250619 0.00288702 -0.0047487 0.00604399 0.00586293 -0.00160094
internal_weight=2045 1599 943 656 654 446 421
internal_count=2045 1599 943 656 654 446 421
is_linear=0
shrinkage=0.03


Tree=31
num_leaves=8
num_cat=0
split_feature=4 8 0 13 2 9 10
split_gain=14.8918 12.8333 9.63171 13.6207 10.4571 6.83502 3.90459
threshold=0.82645119951113621 0.037271026311712842 0.50592424189874496 1.5000000000000002 0.55008196721311553 0.73971760824827315 1.8004602133898906
decision_type=2 2 2 2 2 2 2
left_child=1 2 5 4 -4 -1 -5
right_child=-2 -3 3 6 -6 -7 -8
leaf_value=0.00096378660706527555 -0.0074684368314123471 0.0067677615845909795 -0.00013307539670178706 -0.0052926769888036931 0.0082710783726092675 -0.0056194421993102876 0.0004743815196318624
leaf_weight=218 223 260 234 216 304 395 201
leaf_count=218 223 260 234 216 304 395 201
internal_value=-0.000238424 0.00066154 -0.000369265 0.0015125 0.00464817 -0.00328941 -0.00254019
internal_weight=2051 1828 1568 955 538 613 417
internal_count=2051 1828 1568 955 538 613 417
is_linear=0
shrinkage=0.03


Tree=32
num_leaves=7
num_cat=0
split_feature=13 3 12 0 7 3
split_gain=12.0296 21.2404 22.004 20.4525 20.4376 17.9374
threshold=2.5000000000000004 0.78571428571428981 0.029183136238045641 0.52994865022519688 0.4577641690319138 0.61793662312530329
decision_type=2 2 2 2 10 2
left_child=1 3 -3 5 -2 -1
right_child=4 2 -4 -5 -6 -7
leaf_value=0.0014796582475746813 -0.0075904425015785888 0.010541140142912893 -0.00071797797598570356 0.0068834284514836643 0.0031394460488909978 -0.0090505142329097947
leaf_weight=273 354 391 257 202 284 304
leaf_count=273 354 391 257 202 284 304
internal_value=0.000583632 0.00211298 0.00610441 -0.00122499 -0.00282686 -0.00409839
internal_weight=2065 1427 648 779 638 577
internal_count=2065 1427 648 779 638 577
is_linear=0
shrinkage=0.03


Tree=33
num_leaves=8
num_cat=0
split_feature=8 12 5 8 0 10 7
split_gain=15.0216 9.76173 9.51254 10.2614 12.9269 11.8187 10.7313
threshold=0.042712166421780669 0.096052707614573477 1.4414857035701114 -0.034198597721686243 0.5185174544749076 2.0561074902541372 0.62127928159615953
decision_type=2 2 2 2 2 2 10
left_child=1 2 -1 -4 6 -6 -5
right_child=-2 -3 3 4 5 -7 -8
leaf_value=-0.0055051033438767421 0.0077064332694094188 -0.0066253234807880134 0.0068005281040525957 -0.0075809304322035087 -0.00014441359375838106 0.0086092742059069374 0.00044568104242361764
leaf_weight=231 207 217 225 271 388 211 327
leaf_count=231 207 217 225 271 388 211 327
internal_value=0.00013753 -0.000718628 7.4424e-05 0.000996916 -0.000117739 0.00298485 -0.0032245
internal_weight=2077 1870 1653 1422 1197 599 598
internal_count=2077 1870 1653 1422 1197 599 598
is_linear=0
shrinkage=0.03


Tree=34
num_leaves=7
num_cat=0
split_feature=7 12 12 4 0 12
split_gain=14.3419 11.0777 11.904 15.1228 9.61392 7.82327
threshold=0.013423482996318627 -0.046254490482822867 0.01576393174565283 0.19697901133770804 0.51826726957564329 0.057792689002592386
decision_type=10 2 2 2 2 2
left_child=-1 -2 3 -3 -4 -6
right_child=1 2 4 -5 5 -7
leaf_value=-0.0052768070424944044 -0.004217624689726268 0.010498906480382797 -0.0032373303552478095 0.0012686730518775141 -0.001353025737857172 0.0063488210578479106
leaf_weight=321 250 299 388 340 204 274
leaf_count=321 250 299 388 340 204 274
internal_value=0.000504514 0.00157394 0.00254677 0.00563565 0.000248298 0.00308186
internal_weight=2076 1755 1505 639 866 478
internal_count=2076 1755 1505 639 866 478
is_linear=0
shrinkage=0.03


Tree=35
num_leaves=8
num_cat=0
split_feature=12 3 2 6 1 2 6
split_gain=11.834 11.9886 18.3133 16.3561 20.3949 11.8292 10.9773
threshold=-0.04719051083240771 0.78461538461538749 0.71428571428571541 -0.01312146506494216 1.3441377057392547 0.48336233144845792 -0.028341189191791401
decision_type=2 2 2 8 2 2 10
left_child=-1 3 -3 4 -2 -5 -4
right_child=1 2 6 5 -6 -7 -8
leaf_value=-0.0057227036360561522 -0.0033284266558294795 0.008556340027871168 -0.005733309719143662 -0.00062737557032544692 0.0086920416784509041 -0.010606052090600133 0.0038854644671416599
leaf_weight=296 278 346 200 205 226 220 218
leaf_count=296 278 346 200 205 226 220 218
internal_value=-0.000240884 0.000731573 0.00350378 -0.00155481 0.00209414 -0.00585607 -0.000730189
internal_weight=1989 1693 764 929 504 425 418
internal_count=1989 1693 764 929 504 425 418
is_linear=0
shrinkage=0.03


Tree=36
num_leaves=7
num_cat=0
split_feature=8 7 11 11 4 3
split_gain=12.163 11.6258 9.65381 9.08435 9.56661 8.5891
threshold=0.042712166421780669 1.0000000180025095e-35 -0.36446991087219865 1.5282205946903624 0.42706721152205163 0.78295680238331644
decision_type=2 10 2 2 2 2
left_child=1 -1 -3 4 5 -4
right_child=-2 2 3 -5 -6 -7
leaf_value=-0.0065617897641361469 0.0066350478428063913 -0.0043016274355662364 0.0019747512370654166 -0.0028851480923990222 -0.0017530176638484859 0.0092412387014949235
leaf_weight=281 204 355 360 335 273 246
leaf_count=281 204 355 360 335 273 246
internal_value=-0.00022656 -0.000999036 1.49047e-05 0.00128962 0.002888 0.004976
internal_weight=2054 1850 1569 1214 879 606
internal_count=2054 1850 1569 1214 879 606
is_linear=0
shrinkage=0.03


Tree=37
num_leaves=8
num_cat=0
split_feature=5 0 0 10 7 2 7
split_gain=11.2723 12.5276 15.1831 9.03617 8.09004 12.398 7.49782
threshold=1.3772727808669423 0.5185174544749076 0.49856188340216379 1.9420371171324498 0.70712762997178813 0.71987483664295437 0.78467107454799767
decision_type=2 2 2 2 10 2 10
left_child=-1 2 6 -4 5 -3 -2
right_child=1 4 3 -5 -6 -7 -8
leaf_value=-0.0070466685478212474 -0.0023490439565933266 0.007833549157268754 -0.0023564232296421719 -0.010537690464324786 -0.0020411204536886591 -0.0004662296050513277 0.0057341828359209965
leaf_weight=231 202 362 271 221 261 289 202
leaf_count=231 202 362 271 221 261 289 202
internal_value=-0.000880273 -7.51595e-05 -0.00258731 -0.00610038 0.00239357 0.00417354 0.00171326
internal_weight=2039 1808 896 492 912 651 404
internal_count=2039 1808 896 492 912 651 404
is_linear=0
shrinkage=0.03


Tree=38
num_leaves=7
num_cat=0
split_feature=5 4 12 12 9 2
split_gain=16.1076 11.735 11.7386 17.2333 9.32957 15.9599
threshold=2.9020313775271149 0.44906748082814835 -0.019931510004880467 0.014548044224728831 0.99165928588403851 0.63288081697548093
decision_type=2 2 2 2 2 2
left_child=1 2 -1 -4 5 -2
right_child=4 -3 3 -5 -6 -7
leaf_value=-0.0057819867026686232 0.009410083703922989 -0.0069320158322232883 0.0084772412985357256 -0.0020652313759474427 -0.0019234347181892578 -0.00093839107644050682
leaf_weight=269 314 380 212 387 247 230
leaf_count=269 314 380 212 387 247 230
internal_value=-0.000453283 -0.00257231 -0.000634907 0.00170528 0.00288516 0.00506611
internal_weight=2039 1248 868 599 791 544
internal_count=2039 1248 868 599 791 544
is_linear=0
shrinkage=0.03


Tree=39
num_leaves=8
num_cat=0
split_feature=12 0 11 12 6 6 9
split_gain=11.769 8.38826 8.84302 14.8202 13.5293 10.899 1.10175
threshold=-0.063717205201775859 0.53971022595190365 0.42550589179262716 0.0049340455925490087 -0.011837395016796202 -0.053446235775842003 0.84060586457907227
decision_type=2 2 2 2 10 8 2
left_child=-1 2 5 -4 -5 -2 -3
right_child=1 6 3 4 -6 -7 -8
leaf_value=-0.0066822820042888092 -0.0068428864476893763 0.0059490520953800986 0.0072328190626609447 0.0035363660357490348 -0.0060532531891669371 0.0010996475445106625 0.0027664853412029773
leaf_weight=210 321 213 278 259 261 295 207
leaf_count=210 321 213 278 259 261 295 207
internal_value=-4.09302e-05 0.000735631 -0.0003739 0.0017065 -0.00128869 -0.00306101 0.0044315
internal_weight=2044 1834 1414 798 520 616 420
internal_count=2044 1834 1414 798 520 616 420
is_linear=0
shrinkage=0.03


Tree=40
num_leaves=7
num_cat=0
split_feature=6 7 6 8 9 12
split_gain=18.644 9.57236 6.62606 19.887 12.4716 8.23974
threshold=0.32983471823630056 -0.019507879461307106 -0.10614944279683856 -0.0082466240001187168 0.77177678379058412 0.026229732790213071
decision_type=8 10 10 2 2 2
left_child=1 -1 3 -3 -4 -6
right_child=-2 2 4 -5 5 -7
leaf_value=-0.0042344571500143504 -0.0083540543830157177 -0.0059695490724547299 0.0081394471242699929 0.0048493984184144572 0.0042059891844733752 -0.0026860039333584844
leaf_weight=251 202 294 340 308 331 287
leaf_count=251 202 294 340 308 331 287
internal_value=0.000176742 0.00114865 0.00202554 -0.000439923 0.00356906 0.00100947
internal_weight=2013 1811 1560 602 958 618
internal_count=2013 1811 1560 602 958 618
is_linear=0
shrinkage=0.03


Tree=41
num_leaves=8
num_cat=0
split_feature=6 3 3 2 7 5 9
split_gain=16.4485 14.442 13.2356 10.3055 8.47727 7.00357 6.33498
threshold=0.32983471823630056 0.61065237945162376 0.84850125103338037 0.71830503238760768 1.1860431462322782 2.3015380233937406 0.89249671910173933
decision_type=10 2 2 2 8 2 2
left_child=1 4 5 -4 -1 -3 -7
right_child=-2 2 3 -5 -6 6 -8
leaf_value=0.010050519978373565 -0.0078485850661129848 -0.0064775689593138727 0.0078869229968404394 -0.00016352852915405895 0.0015483383689172355 0.0019166443898257883 -0.0046130779025455315
leaf_weight=215 200 291 235 354 207 325 220
leaf_count=215 200 291 235 354 207 325 220
internal_value=0.000215276 0.00110729 -0.000341717 0.0030878 0.00594698 -0.00276196 -0.000737182
internal_weight=2047 1847 1425 589 422 836 545
internal_count=2047 1847 1425 589 422 836 545
is_linear=0
shrinkage=0.03


Tree=42
num_leaves=8
num_cat=0
split_feature=6 3 3 5 2 13 3
split_gain=14.3731 10.8968 19.3771 14.24 12.9632 11.0602 5.77668
threshold=0.32983471823630056 0.61065237945162376 0.78571428571428981 2.3015380233937406 0.64017238342252181 2.5000000000000004 0.50461199966150527
decision_type=10 2 2 2 2 2 2
left_child=1 6 3 -3 -4 -6 -1
right_child=-2 2 4 -5 5 -7 -8
leaf_value=0.0012844042561880153 -0.0076795130867831872 -0.010648036882676909 0.0080472105857916174 -0.0011349922308659891 0.0029774098057319355 -0.0055288848230225403 0.0084715239756295215
leaf_weight=200 204 221 247 383 377 210 202
leaf_count=200 204 221 247 383 377 210 202
internal_value=-0.000223712 0.000621481 -0.000603102 -0.0046746 0.00235585 -8.67225e-05 0.00495555
internal_weight=2044 1840 1438 604 834 587 402
internal_count=2044 1840 1438 604 834 587 402
is_linear=0
shrinkage=0.03


Tree=43
num_leaves=7
num_cat=0
split_feature=12 12 12 4 3 12
split_gain=6.979 14.553 13.4597 9.81944 11.486 13.9565
threshold=0.10604851897062441 0.066729088933256311 0.035821923450864331 0.42706721152205163 0.87748518762343697 -0.015805288090877331
decision_type=2 2 2 2 2 2
left_child=1 2 3 4 5 -1
right_child=-2 -3 -4 -5 -6 -7
leaf_value=-0.0037081726325601254 -0.0049647722718809996 0.0074410615028813482 -0.0059906770221332352 -0.0031049628824740649 0.0086192603836603033 0.0046937508084171336
leaf_weight=329 213 245 302 370 216 376
leaf_count=329 213 245 302 370 216 376
internal_value=0.000111426 0.000711564 -0.000343462 0.00099559 0.00265081 0.000774351
internal_weight=2051 1838 1593 1291 921 705
internal_count=2051 1838 1593 1291 921 705
is_linear=0
shrinkage=0.03


Tree=44
num_leaves=9
num_cat=0
split_feature=13 12 2 12 12 8 8 4
split_gain=10.8422 17.5518 17.0904 16.6349 23.5575 21.3904 9.50423 8.88721
threshold=3.5000000000000004 0.094318104759278279 0.64264069264068246 -0.046254490482822867 0.0049340455925490087 0.019075359797094113 -0.016421227036719329 0.23378725929512292
decision_type=2 2 2 2 2 2 2 2
left_child=1 3 -2 -1 7 6 -6 -5
right_child=2 -3 -4 4 5 -7 -8 -9
leaf_value=-0.0042923485809865172 0.0028124858590139858 -0.0059904874948629484 -0.0090213797102145603 0.01363084982397903 0.0013011347967724612 0.0076726737205685541 -0.0074631888773419881 0.005032808832753608
leaf_weight=228 202 220 231 246 224 267 214 206
leaf_count=228 202 220 231 246 224 267 214 206
internal_value=0.000655368 0.00179241 -0.00353165 0.00304578 0.00450409 0.00105703 -0.00301688 0.00981021
internal_weight=2038 1605 433 1385 1157 705 438 452
internal_count=2038 1605 433 1385 1157 705 438 452
is_linear=0
shrinkage=0.03


Tree=45
num_leaves=7
num_cat=0
split_feature=8 12 8 13 3 6
split_gain=9.85081 9.3648 11.807 11.034 15.7823 6.75264
threshold=0.042332591270367953 0.022684695192410568 -0.0033812213225209342 2.5000000000000004 0.78461538461538749 -0.01312146506494216
decision_type=2 2 2 2 2 10
left_child=1 3 -3 4 -1 -4
right_child=-2 2 5 -5 -6 -7
leaf_value=-0.00085017998115737221 0.0063427073692266436 -0.0074146807649387754 0.0036847978213935878 -0.0033639931386373672 0.007902074620413424 -0.0034417683891980431
leaf_weight=390 202 320 228 316 347 241
leaf_count=390 202 320 228 316 347 241
internal_value=0.000137101 -0.000558755 -0.00302001 0.00129099 0.0032961 2.50693e-05
internal_weight=2044 1842 789 1053 737 469
internal_count=2044 1842 789 1053 737 469
is_linear=0
shrinkage=0.03


Tree=46
num_leaves=7
num_cat=0
split_feature=5 0 4 4 3 8
split_gain=9.71322 10.8616 10.5597 12.9393 8.19572 3.80174
threshold=2.9020313775271149 0.5185174544749076 0.52651148911633638 0.28057512380949112 0.78461538461538749 0.022945236122140254
decision_type=2 2 2 2 2 2
left_child=2 -2 3 4 -1 -3
right_child=1 5 -4 -5 -6 -7
leaf_value=-0.0057343155807256692 -0.0016550532770230159 0.0082940871335225735 -0.0069402967929485257 0.0049786546813944971 0.00099305155401696577 0.0024726423427042826
leaf_weight=370 366 203 308 265 286 208
leaf_count=370 366 203 308 265 286 208
internal_value=-0.000522948 0.0020944 -0.00217947 -0.000558481 -0.00281602 0.00541308
internal_weight=2006 777 1229 921 656 411
internal_count=2006 777 1229 921 656 411
is_linear=0
shrinkage=0.03


Tree=47
num_leaves=8
num_cat=0
split_feature=3 3 2 11 11 8 1
split_gain=10.4628 17.8912 16.0098 12.566 10.322 8.8967 6.36632
threshold=0.61065237945162376 0.78461538461538749 0.71830503238760768 0.70622412061919226 0.71355454352359249 0.0020393934404019467 1.2432386533999698
decision_type=2 2 2 2 2 2 2
left_child=5 3 4 -2 -3 -1 -4
right_child=1 2 6 -5 -6 -7 -8
leaf_value=-0.00080574341656141724 -0.0090090807716486573 0.0096063463421082722 0.0010811300446512179 -0.00051992316348874505 0.00047620399746138158 0.0076535535603179583 -0.005640794030007194
leaf_weight=208 359 230 235 277 213 235 267
leaf_count=208 359 230 235 277 213 235 267
internal_value=-0.000332289 -0.00147506 0.00114366 -0.00534465 0.00527077 0.00371703 -0.00251445
internal_weight=2024 1581 945 636 443 443 502
internal_count=2024 1581 945 636 443 443 502
is_linear=0
shrinkage=0.03


Tree=48
num_leaves=8
num_cat=0
split_feature=8 0 8 10 3 3 10
split_gain=11.0224 11.2853 19.6607 11.1515 4.78491 8.18223 4.51344
threshold=0.042332591270367953 0.5185174544749076 -0.034198597721686243 2.0451442085459584 0.63267472594133134 0.78571428571428981 1.5358358293738317
decision_type=2 2 2 2 2 2 2
left_child=1 2 -1 6 -4 -6 -3
right_child=-2 3 4 -5 5 -7 -8
leaf_value=0.0040640916651664451 0.0060217745285350045 0.001008295424937926 -0.0017543667207643825 0.0060532833540322952 -0.011751848097886344 -0.004140994856975614 -0.0046595733550090623
leaf_weight=239 208 319 201 292 213 327 203
leaf_count=239 208 319 201 292 213 327 203
internal_value=-0.000432743 -0.00119575 -0.00335683 0.00141065 -0.00576155 -0.00722333 -0.00121917
internal_weight=2002 1794 980 814 741 540 522
internal_count=2002 1794 980 814 741 540 522
is_linear=0
shrinkage=0.03


Tree=49
num_leaves=8
num_cat=0
split_feature=13 10 5 8 11 11 4
split_gain=8.80819 13.1826 9.57273 9.14867 8.31816 10.0714 6.87925
threshold=3.5000000000000004 1.8265184101454788 1.8915375017503908 0.034695485452644149 1.5773766235910207 0.42550589179262716 0.24828573672859244
decision_type=2 2 2 2 2 2 2
left_child=2 -2 -1 4 5 -4 -7
right_child=1 -3 3 -5 -6 6 -8
leaf_value=-0.0023275191723116373 -0.0080530544998643466 0.0022944306846299808 -0.00067755391460846265 0.0088624644532202951 -0.0028759979358481532 0.0098755078065471767 0.0025044301745750135
leaf_weight=382 221 214 318 201 244 229 231
leaf_count=382 221 214 318 201 244 229 231
internal_value=0.000769853 -0.00299434 0.00179619 0.00308844 0.00191523 0.00342665 0.00624068
internal_weight=2040 435 1605 1223 1022 778 460
internal_count=2040 435 1605 1223 1022 778 460
is_linear=0
shrinkage=0.03


Tree=50
num_leaves=8
num_cat=0
split_feature=8 0 6 2 1 2 2
split_gain=14.7178 14.4486 12.3688 11.5667 10.9194 10.0947 3.18628
threshold=-0.034198597721686243 0.5185174544749076 0.076296453031407543 0.71830503238760768 0.90376853174534399 0.63288081697548093 0.53896462394360689
decision_type=2 2 8 2 2 2 2
left_child=-1 4 3 6 -2 -6 -3
right_child=1 2 -4 -5 5 -7 -8
leaf_value=0.0067480177584779899 0.0012635130464272984 0.0047410012895739836 -0.0024961637772494823 -0.0010876185866072773 -0.0023093634485770518 -0.010899680530024401 0.010229909655984444
leaf_weight=301 290 208 338 211 291 213 200
leaf_count=301 290 208 338 211 291 213 200
internal_value=0.00067758 -0.000382181 0.00209548 0.00460263 -0.00336291 -0.0060112 0.00752292
internal_weight=2052 1751 957 619 794 504 408
internal_count=2052 1751 957 619 794 504 408
is_linear=0
shrinkage=0.03


Tree=51
num_leaves=7
num_cat=0
split_feature=6 2 2 1 13 10
split_gain=8.7724 9.62411 16.5916 10.6635 10.6031 10.4277
threshold=0.33841528074120303 0.43603769318169266 0.5822119768973556 1.1531408147996667 3.5000000000000004 1.6024286390129714
decision_type=10 2 2 2 2 2
left_child=1 3 -3 -1 5 -4
right_child=-2 2 4 -5 -6 -7
leaf_value=-0.0065937398619466672 -0.0058436737262198453 0.0071069158482167487 0.0059075373089931245 0.0023081523902230682 -0.0049364781375090773 -0.001398332255667815
leaf_weight=288 202 394 311 203 288 393
leaf_count=288 202 394 311 203 288 393
internal_value=1.82372e-05 0.000662937 0.0019407 -0.00292716 -0.000136552 0.00184802
internal_weight=2079 1877 1386 491 992 704
internal_count=2079 1877 1386 491 992 704
is_linear=0
shrinkage=0.03


Tree=52
num_leaves=9
num_cat=0
split_feature=6 3 8 11 6 7 12 3
split_gain=14.2267 14.1239 12.7777 11.7661 14.4645 9.07766 6.45731 3.17482
threshold=0.32983471823630056 0.61065237945162376 0.029860101508833368 1.5049921713634815 -0.098329109480481056 0.37855217116098122 -0.0010373136139858461 0.51028734010534216
decision_type=10 2 2 2 8 10 2 2
left_child=1 7 3 4 6 -6 -3 -1
right_child=-2 2 -4 -5 5 -7 -8 -9
leaf_value=0.003057646181272424 -0.0072851128550902216 -0.0083753022439243124 0.0053292432975662997 -0.0083958709937315881 -0.0014537463239227156 0.0063200527500059146 -0.000953512527385718 0.0084705140529024118
leaf_weight=202 208 204 269 200 246 291 216 201
leaf_count=202 208 204 269 200 246 291 216 201
internal_value=5.38049e-05 0.000905997 -0.000500531 -0.00187304 -0.000473305 0.00277831 -0.0046145 0.00582808
internal_weight=2037 1829 1426 1157 957 537 420 403
internal_count=2037 1829 1426 1157 957 537 420 403
is_linear=0
shrinkage=0.03


Tree=53
num_leaves=7
num_cat=0
split_feature=5 12 12 1 12 8
split_gain=20.6101 13.8594 10.5776 11.0949 8.05503 10.0488
threshold=1.4414857035701114 0.096052707614573477 -0.046254490482822867 1.8006179887461369 -0.001458415448548078 0.019075359797094113
decision_type=2 2 2 2 2 2
left_child=-1 2 -2 4 -4 -6
right_child=1 -3 3 -5 5 -7
leaf_value=-0.0078284868137716776 -0.0033332428326243607 -0.005199267523721433 0.0090120571039492489 -0.0010973477926960245 -0.00044172074010888069 0.0070837465183271019
leaf_weight=254 249 255 309 361 339 296
leaf_count=254 249 255 309 361 339 296
internal_value=8.8192e-05 0.00121828 0.00228465 0.0033652 0.00506854 0.00309415
internal_weight=2063 1809 1554 1305 944 635
internal_count=2063 1809 1554 1305 944 635
is_linear=0
shrinkage=0.03


Tree=54
num_leaves=8
num_cat=0
split_feature=5 12 12 4 10 12 12
split_gain=8.25413 10.5046 10.7174 8.15083 13.0283 7.56961 17.2265
threshold=1.4414857035701114 0.10604851897062441 0.066729088933256311 0.40982252263016022 1.7201991368071294 0.017470472050792666 -0.015805288090877331
decision_type=2 2 2 2 2 2 2
left_child=-1 2 3 5 -5 6 -2
right_child=1 -3 -4 4 -6 -7 -8
leaf_value=-0.0051849460433947715 -0.00042587283206736948 -0.0057149110195972904 0.0075112737645081865 0.0026040166562759418 -0.0074536882889723139 -0.0018398412201723984 0.009309387760539781
leaf_weight=248 376 206 218 211 247 312 284
leaf_count=248 376 206 218 211 247 312 284
internal_value=-0.000101357 0.000590765 0.00139388 0.000438372 -0.00284203 0.00199071 0.00380174
internal_weight=2102 1854 1648 1430 458 972 660
internal_count=2102 1854 1648 1430 458 972 660
is_linear=0
shrinkage=0.03


Tree=55
num_leaves=8
num_cat=0
split_feature=10 7 11 12 11 12 10
split_gain=8.01029 8.76734 14.447 14.5939 13.7464 6.53309 5.43502
threshold=2.4160021649910406 0.24143208866928401 1.471601125530867 0.033178403022800736 0.24296378260006038 0.011258695738135151 1.3681779217816741
decision_type=2 10 2 2 2 2 2
left_child=1 6 3 4 -3 -2 -1
right_child=5 2 -4 -5 -6 -7 -8
leaf_value=-0.0077469443419532292 -9.5613294621793238e-05 0.00029519047481673104 -0.0064124204507009864 -0.0024641416413797232 0.0094802466721212973 0.0073384893625679255 -0.0014956044947661191
leaf_weight=201 200 275 204 356 310 222 327
leaf_count=201 200 275 204 356 310 222 327
internal_value=0.000187145 -0.00074686 0.000729722 0.00230378 0.00520158 0.00385535 -0.00392572
internal_weight=2095 1673 1145 941 585 422 528
internal_count=2095 1673 1145 941 585 422 528
is_linear=0
shrinkage=0.03


Tree=56
num_leaves=7
num_cat=0
split_feature=11 1 13 0 10 3
split_gain=9.28096 9.6681 9.27587 11.1109 6.1209 9.2861
threshold=0.42550589179262716 0.92068924729867552 1.5000000000000002 0.51215358544623346 1.566932789148096 0.70678160919540256
decision_type=2 2 2 2 2 2
left_child=2 -2 3 -1 -3 -6
right_child=1 4 -4 -5 5 -7
leaf_value=-0.0039590897042410377 0.0060525349246760467 0.0043088864509359392 -0.0052540806195613167 0.0048617089958695753 0.002637271005883813 -0.0053300898653324894
leaf_weight=232 383 223 398 276 245 274
leaf_count=232 383 223 398 276 245 274
internal_value=0.000399545 0.00221507 -0.00185462 0.000833988 0.000207026 -0.00157973
internal_weight=2031 1125 906 508 742 519
internal_count=2031 1125 906 508 742 519
is_linear=0
shrinkage=0.03


Tree=57
num_leaves=8
num_cat=0
split_feature=7 10 2 6 6 9 12
split_gain=11.9732 13.6639 13.483 13.9992 11.5877 9.06414 5.70752
threshold=1.423682718914772 1.1572168212148248 0.71830503238760768 -0.051533231973598319 -0.022297801964819227 0.87407727734845941 0.0055524814119595764
decision_type=8 2 2 10 10 2 2
left_child=1 -1 4 -4 5 -3 -6
right_child=-2 2 3 -5 6 -7 -8
leaf_value=-0.0053101328917239841 -0.0060962292011444968 0.0035228024969257195 -0.0078060943519419708 0.002373403070795272 0.0042184686807117287 0.011627617909353004 -0.0023199311659913313
leaf_weight=280 263 304 217 265 205 213 276
leaf_count=280 263 304 217 265 205 213 276
internal_value=-0.000188347 0.000709248 0.00186209 -0.00224258 0.00384581 0.00694132 0.000481436
internal_weight=2023 1760 1480 482 998 517 481
internal_count=2023 1760 1480 482 998 517 481
is_linear=0
shrinkage=0.03


Tree=58
num_leaves=8
num_cat=0
split_feature=8 8 8 6 0 11 2
split_gain=10.8203 10.8818 12.7701 8.44948 7.79474 13.6115 10.718
threshold=0.027979473734621878 -0.034198597721686243 -0.020225980416338152 0.051001943206761109 0.51779188038575186 0.66146572940033377 0.70652331201342944
decision_type=2 2 2 8 2 2 2
left_child=1 -1 -3 -2 5 -4 -6
right_child=3 2 4 -5 6 -7 -8
leaf_value=0.004721231771591566 0.0080829587189334504 -0.0068249558452859608 0.0023673645057715473 -2.66440699740154e-05 0.0059065826953587086 -0.0081680282607792601 -0.0027463877796693593
leaf_weight=287 269 321 217 200 319 216 210
leaf_count=287 269 321 217 200 319 216 210
internal_value=0.000688167 -0.000509623 -0.00169352 0.0046609 4.51707e-05 -0.00292141 0.00247801
internal_weight=2039 1570 1283 469 962 433 529
internal_count=2039 1570 1283 469 962 433 529
is_linear=0
shrinkage=0.03


Tree=59
num_leaves=7
num_cat=0
split_feature=3 3 13 12 8 2
split_gain=9.34088 13.537 19.9997 10.1967 9.86128 6.18025
threshold=0.61065237945162376 0.71066849816849809 3.5000000000000004 0.029183136238045641 -0.015227854976830031 0.36680107526881628
decision_type=2 2 2 2 2 2
left_child=5 -2 3 4 -3 -1
right_child=1 2 -4 -5 -6 -7
leaf_value=-0.00024956558050061555 -0.0067184721421692847 0.00058726059606200762 -0.0068901073456926832 -0.0016684792633168397 0.0084330439324144975 0.0066624978680096293
leaf_weight=218 333 280 282 379 294 244
leaf_count=218 333 280 282 379 294 244
internal_value=-0.000293289 -0.0013987 5.70101e-05 0.00213795 0.00464395 0.00343321
internal_weight=2030 1568 1235 953 574 462
internal_count=2030 1568 1235 953 574 462
is_linear=0
shrinkage=0.03


Tree=60
num_leaves=8
num_cat=0
split_feature=5 1 9 9 8 1 1
split_gain=11.6938 10.1049 12.9259 27.8856 9.77942 9.70436 5.61015
threshold=1.8915375017503908 0.94962068807711997 0.71155496603702095 0.93137407348679735 -0.014185286441889084 0.77824877768472878 1.5644789681717115
decision_type=2 2 2 2 2 2 2
left_child=4 5 -3 6 -1 -2 -4
right_child=1 2 3 -5 -6 -7 -8
leaf_value=-0.0094695780359112646 0.00039204523693661561 -0.0077885413593263885 0.0089244798736805783 -0.00593360068796513 -0.00079604411944131218 0.0085623202049042862 0.0021818667186373399
leaf_weight=228 338 222 200 355 237 209 252
leaf_count=228 338 222 200 355 237 209 252
internal_value=-0.000951165 0.000286509 -0.00146406 0.000313007 -0.00510437 0.00356306 0.00523032
internal_weight=2041 1576 1029 807 465 547 452
internal_count=2041 1576 1029 807 465 547 452
is_linear=0
shrinkage=0.03


Tree=61
num_leaves=8
num_cat=0
split_feature=12 3 4 2 3 10 2
split_gain=13.9098 7.20378 14.8512 17.4834 11.1551 11.4658 9.58406
threshold=0.10604851897062441 0.78835351089588401 0.42706721152205163 0.75608646064088825 0.63553478712357236 1.607374754821796 0.36680107526881628
decision_type=2 2 2 2 2 2 2
left_child=1 4 3 -3 6 -6 -1
right_child=-2 2 -4 -5 5 -7 -8
leaf_value=-0.00248594790355328 -0.0073628285821019249 0.009524132551692736 -0.0027293769806553763 -0.0014926401930658712 0.0011074884481624596 -0.0080087700155493328 0.006054634095742726
leaf_weight=213 215 351 299 202 211 293 255
leaf_count=213 215 351 299 202 211 293 255
internal_value=-0.000236334 0.000621518 0.00262764 0.00552261 -0.00114138 -0.00421885 0.00218239
internal_weight=2039 1824 852 553 972 504 468
internal_count=2039 1824 852 553 972 504 468
is_linear=0
shrinkage=0.03


Tree=62
num_leaves=8
num_cat=0
split_feature=3 13 7 3 11 6 11
split_gain=9.03909 16.2703 13.1887 10.0183 12.3104 5.65629 4.68265
threshold=0.78571428571428981 2.5000000000000004 0.45177053766283914 0.61065237945162376 0.10169271046873994 -0.017275561623727172 0.63079345690284672
decision_type=2 2 10 2 2 10 2
left_child=3 2 -2 6 -5 -6 -1
right_child=1 -3 -4 4 5 -7 -8
leaf_value=0.0051832582834131502 0.0087292959269322443 -0.0034573156078172838 9.5956848855031297e-05 -0.0098682563423797068 0.0023147266103380731 -0.0045749741436346717 -0.00097761853362353119
leaf_weight=201 370 288 277 209 218 202 238
leaf_count=201 370 288 277 209 218 202 238
internal_value=0.000286404 0.00243357 0.00506219 -0.00159595 -0.00401048 -0.00101373 0.0018698
internal_weight=2003 935 647 1068 629 420 439
internal_count=2003 935 647 1068 629 420 439
is_linear=0
shrinkage=0.03


Tree=63
num_leaves=8
num_cat=0
split_feature=6 13 1 1 9 2 3
split_gain=8.80103 7.94 21.8859 18.6113 15.9164 20.5454 10.6883
threshold=0.32983471823630056 1.0000000180025095e-35 0.75577966733997526 0.76462443804524749 0.99531120461912848 0.64367816091954044 0.7539284245166592
decision_type=8 2 2 2 2 2 2
left_child=1 2 -1 -3 5 -5 -4
right_child=-2 3 6 4 -6 -7 -8
leaf_value=0.01097904069561656 -0.0062836705380375831 -0.0088857466202622651 -0.0047024597624674216 0.0079811448961671465 -0.0063385439876852646 -0.0021023690989511309 0.0040409360173297047
leaf_weight=201 202 227 266 346 222 374 230
leaf_count=201 202 227 266 346 222 374 230
internal_value=-0.000414637 0.000235797 0.00275917 -0.00127407 0.000597396 0.00276494 -0.000648197
internal_weight=2068 1866 697 1169 942 720 496
internal_count=2068 1866 697 1169 942 720 496
is_linear=0
shrinkage=0.03


Tree=64
num_leaves=7
num_cat=0
split_feature=5 0 8 6 8 3
split_gain=13.0577 15.1712 25.4985 8.309 8.06705 10.4605
threshold=1.3772727808669423 0.5185174544749076 -0.033644089584074881 -0.085775558781719149 0.014704962074554356 0.75000000000000322
decision_type=2 2 2 8 2 2
left_child=-1 2 -2 -4 -3 -6
right_child=1 4 3 -5 5 -7
leaf_value=-0.0064298811236565764 0.0077218820561953429 0.0074315743930837581 -0.0004839071359363247 -0.0071371156233183287 -0.0022814209151935452 0.0060505682824665121
leaf_weight=215 204 368 300 384 283 252
leaf_count=215 204 368 300 384 283 252
internal_value=0.000470062 0.00131396 -0.00146703 -0.00424373 0.00404177 0.00166286
internal_weight=2006 1791 888 684 903 535
internal_count=2006 1791 888 684 903 535
is_linear=0
shrinkage=0.03


Tree=65
num_leaves=6
num_cat=0
split_feature=10 5 1 5 3
split_gain=11.4433 13.313 5.82209 5.77281 4.87698
threshold=2.4160021649910406 1.8915375017503908 1.8305218129975538 3.1099972718682283 0.78571428571428981
decision_type=2 2 2 2 2
left_child=1 -1 3 4 -3
right_child=-2 2 -4 -5 -6
leaf_value=-0.0062270353402393737 0.0042954391634557392 1.3171444133180995e-05 -0.0030589669488964009 -0.0023919688127934931 0.0052663488720233239
leaf_weight=382 395 285 359 250 355
leaf_count=382 395 285 359 250 355
internal_value=-0.000253765 -0.00136526 0.000140582 0.00144107 0.00294528
internal_weight=2026 1631 1249 890 640
internal_count=2026 1631 1249 890 640
is_linear=0
shrinkage=0.03


Tree=66
num_leaves=8
num_cat=0
split_feature=12 12 13 8 12 4 10
split_gain=9.55809 8.22571 14.656 10.7655 9.38332 6.99101 4.31893
threshold=-0.046254490482822867 0.016849456623950324 2.5000000000000004 0.013350026008367875 -0.0073227799208102065 0.25930288076747371 1.7579687834048048
decision_type=2 2 2 2 2 2 2
left_child=-1 2 4 6 -2 -5 -3
right_child=1 3 -4 5 -6 -7 -8
leaf_value=-0.0046945438807866032 0.0021782735324300385 -0.0070635507089862656 -0.0029726696888968157 -0.0014109157306323964 0.010352157324093973 0.0056213471509623698 -0.0013696626141426567
leaf_weight=320 267 224 228 246 241 255 258
leaf_count=320 267 224 228 246 241 255 258
internal_value=2.46567e-05 0.000914226 0.0033016 -0.000880935 0.00611914 0.00218856 -0.00406114
internal_weight=2039 1719 736 983 508 501 482
internal_count=2039 1719 736 983 508 501 482
is_linear=0
shrinkage=0.03


Tree=67
num_leaves=8
num_cat=0
split_feature=12 12 3 3 1 2 9
split_gain=10.6424 10.8982 8.13639 11.8125 10.4175 8.89125 6.42912
threshold=0.10604851897062441 0.066729088933256311 0.61065237945162376 0.84523257866631385 0.8180156660757566 0.61694204443447009 0.90019549680897493
decision_type=2 2 2 2 2 2 2
left_child=1 2 -1 4 -4 -6 -5
right_child=-2 -3 3 6 5 -7 -8
leaf_value=0.0037716984912230253 -0.0062767208968044115 0.0064299883338880823 -0.0096196102200334435 0.0044933276530355216 -0.0058717818188449462 0.0020857139901964217 -0.0022538388685147833
leaf_weight=337 223 244 204 327 231 268 202
leaf_count=337 223 244 204 327 231 268 202
internal_value=-0.00016742 0.000599224 -0.000325081 -0.00145643 -0.00399271 -0.00161972 0.00191993
internal_weight=2036 1813 1569 1232 703 499 529
internal_count=2036 1813 1569 1232 703 499 529
is_linear=0
shrinkage=0.03


Tree=68
num_leaves=8
num_cat=0
split_feature=3 6 6 1 12 0 11
split_gain=6.90756 14.759 12.5985 13.9774 11.3142 8.21743 8.20814
threshold=0.78571428571428981 -0.046474884518907626 -0.022297801964819227 1.1839064410293954 0.0030333000085801536 0.51972238563722828 0.71355454352359249
decision_type=2 8 10 2 2 2 2
left_child=2 4 3 -1 -2 -4 -3
right_child=1 6 5 -5 -6 -7 -8
leaf_value=-0.0037614170543383801 -0.0078064984152229813 0.007884754597822341 -0.0018009013405560585 0.0055005122041080559 0.001770156489124094 -0.0093615711939388085 0.00019125583240578711
leaf_weight=283 200 308 272 294 239 247 208
leaf_count=283 200 308 272 294 239 247 208
internal_value=-0.00046515 0.0013961 -0.00208592 0.000964545 -0.00263156 -0.00545413 0.0048151
internal_weight=2051 955 1096 577 439 519 516
internal_count=2051 955 1096 577 439 519 516
is_linear=0
shrinkage=0.03


Tree=69
num_leaves=7
num_cat=0
split_feature=5 4 4 11 11 7
split_gain=8.37859 8.71974 9.65744 10.8866 13.5791 9.24602
threshold=3.5831172262404478 0.41273332793027356 0.28441620250976646 0.045499880953161403 1.2452279828962871 0.44113254515555234
decision_type=2 2 2 2 2 10
left_child=1 2 3 -1 -5 -3
right_child=-2 5 -4 4 -6 -7
leaf_value=-0.004958606608733534 0.0045785006788338868 -0.00056129987814319718 0.0059548547127046053 0.0051764907234882378 -0.004297292387903961 -0.0080663324046404434
leaf_weight=370 257 312 218 356 214 277
leaf_count=370 257 312 218 356 214 277
internal_value=-0.000426585 -0.00117385 0.000340551 -0.000986107 0.00161323 -0.00412902
internal_weight=2004 1747 1158 940 570 589
internal_count=2004 1747 1158 940 570 589
is_linear=0
shrinkage=0.03


Tree=70
num_leaves=8
num_cat=0
split_feature=5 7 10 10 5 12 0
split_gain=7.46212 10.379 9.62754 9.3795 8.82125 7.67025 7.51729
threshold=2.9095160379174465 1.0614720662356063 1.2022296344082275 1.5046459723532524 3.2609468376290418 -0.0028824577193564123 0.51740265271484631
decision_type=2 10 2 2 2 2 2
left_child=1 2 -1 -4 -2 -5 -6
right_child=4 -3 3 5 6 -7 -8
leaf_value=-0.008115581197988081 0.0062098297289921904 0.0039544529547950007 0.0041171220473542403 -0.0075446762673316041 -0.0045013004769548842 -0.00039403634177248798 0.003208267200984992
leaf_weight=225 315 260 217 215 204 351 245
leaf_count=225 315 260 217 215 204 351 245
internal_value=7.05362e-05 -0.00133917 -0.00271736 -0.0011245 0.00240369 -0.00315255 -0.000305518
internal_weight=2032 1268 1008 783 764 566 449
internal_count=2032 1268 1008 783 764 566 449
is_linear=0
shrinkage=0.03


Tree=71
num_leaves=8
num_cat=0
split_feature=5 0 6 3 6 6 3
split_gain=9.39622 10.5014 14.4448 7.65979 16.2776 11.6498 6.05248
threshold=3.0656053199396567 0.5317530608397506 -0.01312146506494216 0.78461538461538749 -0.047957373317637879 -0.15762460451027019 0.63553478712357236
decision_type=2 2 10 2 8 8 2
left_child=3 2 -2 5 -5 -1 -7
right_child=1 -3 -4 4 -6 6 -8
leaf_value=0.00249959222449841 0.0062438663723213324 0.0086897662199834098 -0.0045622518265478404 -0.0038541445787707712 0.005341508182931074 -0.0023583957925438878 -0.0088914489330473682
leaf_weight=216 205 205 232 318 369 253 263
leaf_count=216 205 205 232 318 369 253 263
internal_value=0.000178451 0.0031759 0.000520268 -0.00118408 0.00108791 -0.00330931 -0.0057416
internal_weight=2061 642 437 1419 687 732 516
internal_count=2061 642 437 1419 687 732 516
is_linear=0
shrinkage=0.03


Tree=72
num_leaves=9
num_cat=0
split_feature=12 12 2 2 6 10 12 10
split_gain=8.22639 10.5839 14.8233 14.3919 12.1412 8.30807 15.4403 2.01962
threshold=-0.063717205201775859 1.0000000180025095e-35 0.43603769318169266 0.58370069718214068 0.045621633486296671 2.1809910378397643 0.04730698396829331 1.6547439162966679
decision_type=2 2 2 2 8 2 2 2
left_child=-1 4 -3 -4 7 6 -5 -2
right_child=1 2 3 5 -6 -7 -8 -9
leaf_value=-0.0048528754965397793 0.0036234550100367213 -0.0058508972309909433 0.0075714318665644417 0.0024371051231826669 0.010479672400717529 0.004294955808651673 -0.0083884370678951482 -0.00055614845643643868
leaf_weight=207 206 309 262 239 204 206 227 203
leaf_count=207 206 309 262 239 204 206 227 203
internal_value=0.000749262 0.00138543 -0.000209004 0.00167875 0.00459405 -0.000657649 -0.00286935 0.00156732
internal_weight=2063 1856 1243 934 613 672 466 409
internal_count=2063 1856 1243 934 613 672 466 409
is_linear=0
shrinkage=0.03


Tree=73
num_leaves=7
num_cat=0
split_feature=3 13 5 6 0 12
split_gain=8.88688 16.4253 16.3267 11.5608 5.8165 5.63607
threshold=0.78571428571428981 3.5000000000000004 2.9417309829362743 -0.025089483855983304 0.51444577045719886 0.026229732790213071
decision_type=2 2 2 8 2 2
left_child=2 3 4 -2 -1 -4
right_child=1 -3 5 -5 -6 -7
leaf_value=-0.0077942423203161788 8.8987683899894121e-05 -0.0053405289790085086 0.0059032985714397258 0.0076568646649164806 -0.0022155000478894615 -0.00097919425970622296
leaf_weight=331 350 215 212 373 348 209
leaf_count=331 350 215 212 373 348 209
internal_value=-0.000283162 0.00185681 -0.00210812 0.00401907 -0.00497213 0.00251518
internal_weight=2038 938 1100 723 679 421
internal_count=2038 938 1100 723 679 421
is_linear=0
shrinkage=0.03


Tree=74
num_leaves=9
num_cat=0
split_feature=12 12 8 0 7 12 3 8
split_gain=10.784 7.86622 6.96774 13.7972 14.4706 7.42725 7.70845 3.46876
threshold=0.10604851897062441 -0.04719051083240771 -0.034198597721686243 0.52972300354090751 0.44113254515555234 0.016140777639754581 0.74973739013127882 0.003014496362132611
decision_type=2 2 2 2 8 2 2 2
left_child=1 -1 -3 5 -5 6 -4 -7
right_child=-2 2 3 4 -6 7 -8 -9
leaf_value=-0.004244994783610203 -0.0067719593122724043 0.005879791659525538 -0.0034518166184787035 0.008493805976274112 -0.0015926901336815286 -0.0078280312980262973 0.0047564904342938972 -0.0022781130128229658
leaf_weight=302 223 221 201 283 228 201 201 211
leaf_count=302 223 221 201 283 228 201 201 211
internal_value=-0.000616162 0.000142933 0.001011 0.000179876 0.00402155 -0.00224162 0.000660351 -0.00504711
internal_weight=2071 1848 1546 1325 511 814 402 412
internal_count=2071 1848 1546 1325 511 814 402 412
is_linear=0
shrinkage=0.03


Tree=75
num_leaves=8
num_cat=0
split_feature=12 5 12 12 12 5 4
split_gain=9.71826 13.5056 8.51069 14.5311 10.187 4.38804 3.99571
threshold=0.10604851897062441 1.3952561413489275 -0.046254490482822867 0.0098649067481491066 0.066729088933256311 2.7226891404125575 0.17458457894321935
decision_type=2 2 2 2 2 2 2
left_child=1 -1 -3 6 5 -5 -4
right_child=-2 2 3 4 -6 -7 -8
leaf_value=-0.0053817193582653992 -0.0049743026539249002 -0.0022679575932208714 0.010497949189702758 0.0017694651786811077 0.0064840970792030108 -0.0034854384293330127 0.0051027680793777107
leaf_weight=211 218 264 218 255 213 314 323
leaf_count=211 218 264 218 255 213 314 323
internal_value=0.0009375 0.00166609 0.00261709 0.00359675 0.000967902 -0.00113553 0.00735302
internal_weight=2016 1798 1587 1323 782 569 541
internal_count=2016 1798 1587 1323 782 569 541
is_linear=0
shrinkage=0.03


Tree=76
num_leaves=7
num_cat=0
split_feature=0 2 4 12 0 10
split_gain=9.27184 9.15596 6.29778 8.22093 8.03665 15.1526
threshold=0.55245898613556454 0.76231385390009143 0.19697901133770804 0.017470472050792666 0.52882192329393418 1.6135358687159409
decision_type=2 2 2 2 2 2
left_child=1 2 3 -1 5 -4
right_child=-2 -3 4 -5 -6 -7
leaf_value=0.0048964864601446102 0.0053470661315090443 -0.005549384396075328 0.0026390544652357835 -0.0019120808152461443 0.0031145224019027721 -0.0073462855749042528
leaf_weight=382 219 336 213 268 209 367
leaf_count=382 219 336 213 268 209 367
internal_value=-0.000406529 -0.00112944 -8.17551e-05 0.00209609 -0.00187783 -0.00368804
internal_weight=1994 1775 1439 650 789 580
internal_count=1994 1775 1439 650 789 580
is_linear=0
shrinkage=0.03


Tree=77
num_leaves=8
num_cat=0
split_feature=8 6 3 1 2 9 12
split_gain=11.3623 14.6166 15.3534 13.7356 20.8812 4.56865 0.110464
threshold=0.0010876400994656516 -0.015534838808273164 0.78461538461538749 0.84934662942537187 0.60327824091153659 0.88549343365457223 0.0035153811086698909
decision_type=2 8 2 2 2 2 2
left_child=3 5 -3 -1 -5 -2 -6
right_child=1 2 -4 4 6 -7 -8
leaf_value=-0.0073891092481316104 0.0034625841453353955 -0.0058343305132514218 0.0044315022171088833 0.0059516889433253485 -0.0035834596513248068 0.0094893251798050682 -0.0049505955996673283
leaf_weight=302 259 276 241 313 200 210 200
leaf_count=302 259 276 241 313 200 210 200
internal_value=0.000139446 0.00242687 -0.00105229 -0.00208363 0.000199381 0.00623276 -0.00431971
internal_weight=2001 986 517 1015 713 469 400
internal_count=2001 986 517 1015 713 469 400
is_linear=0
shrinkage=0.03


Tree=78
num_leaves=9
num_cat=0
split_feature=5 8 4 9 9 4 1 6
split_gain=12.9612 8.93839 7.97999 7.42753 11.0395 8.51246 6.59627 3.37867
threshold=1.8915375017503908 -0.033373098413807402 0.2878109538775665 0.68585601476550917 0.89637619166735183 0.24327152598784146 0.92068924729867552 -0.01312146506494216
decision_type=2 2 2 2 2 2 2 10
left_child=2 -2 -1 -3 5 -5 -6 -8
right_child=1 3 -4 4 6 -7 7 -9
leaf_value=-0.0076380620850250124 0.0069843213046331277 -0.0049004337307224626 0.00015852003889839825 0.0082279828927685848 0.0028196693496563684 0.00066503925248980519 -0.00096084405442030678 -0.0064561282162491265
leaf_weight=283 201 206 200 257 203 276 201 201
leaf_count=283 201 206 200 257 203 276 201 201
internal_value=-0.00017771 0.00116515 -0.00444112 0.00027221 0.0012259 0.00435429 -0.00154329 -0.00375404
internal_weight=2028 1545 483 1344 1138 533 605 402
internal_count=2028 1545 483 1344 1138 533 605 402
is_linear=0
shrinkage=0.03


Tree=79
num_leaves=8
num_cat=0
split_feature=8 1 8 8 0 14 13
split_gain=9.37112 11.5001 9.84471 8.98593 10.0098 5.2897 2.6339
threshold=0.042712166421780669 0.76462443804524749 -0.010095281454864673 -0.034198597721686243 0.50452420818196841 1.0000000180025095e-35 2.5000000000000004
decision_type=2 2 2 2 2 2 2
left_child=1 2 -1 -3 -5 -6 -7
right_child=-2 3 -4 4 5 6 -8
leaf_value=-0.0092415128845088883 0.0062938235236226388 0.0063117339922967603 -0.00031838539824821053 -0.0046501742700501428 -0.0009594649513901182 0.0058505028163813857 0.0012356730364042365
leaf_weight=207 207 231 235 313 391 246 206
leaf_count=207 207 231 235 313 391 246 206
internal_value=0.000322757 -0.000368345 -0.00455394 0.000977061 -0.000111542 0.0015911 0.00378381
internal_weight=2036 1829 442 1387 1156 843 452
internal_count=2036 1829 442 1387 1156 843 452
is_linear=0
shrinkage=0.03


Tree=80
num_leaves=8
num_cat=0
split_feature=5 6 1 9 7 8 12
split_gain=6.53115 9.46423 6.26751 10.383 6.67538 7.40137 23.7701
threshold=1.8915375017503908 -0.10614944279683856 0.66716121139351625 0.99165928588403851 0.36880273858588491 0.0187068129450822 0.002405356083453714
decision_type=2 10 2 2 10 2 2
left_child=1 -1 -2 4 -4 6 -6
right_child=2 -3 3 -5 5 -7 -8
leaf_value=-0.007687514894445178 0.0054784422558713007 0.00080626821340020014 -0.0019265037028743976 -0.0043254501645201785 0.008734584681191284 0.0082094687876723155 -0.0048210182939637958
leaf_weight=208 236 263 296 332 208 200 252
leaf_count=208 236 263 296 332 208 200 252
internal_value=8.28977e-05 -0.00298605 0.00103804 0.000206382 0.00179451 0.00346527 0.00133648
internal_weight=1995 471 1524 1288 956 660 460
internal_count=1995 471 1524 1288 956 660 460
is_linear=0
shrinkage=0.03


Tree=81
num_leaves=8
num_cat=0
split_feature=4 12 3 1 1 5 12
split_gain=6.9817 10.3601 9.68241 8.72362 8.60957 8.42479 7.89617
threshold=0.43099208890760682 0.038406840397701709 0.84697513664130353 1.1450237073103053 1.7023470921370738 2.5592164315718775 0.027905448622304822
decision_type=2 2 2 2 2 2 2
left_child=2 -2 3 6 -5 -4 -1
right_child=1 -3 5 4 -6 -7 -8
leaf_value=-0.00024341643516514341 -0.0057831643216722586 0.002169781020911764 0.0091790052496217647 0.006745519059722733 -0.0014177351891234212 0.00078544752159883876 -0.0076975400484381954
leaf_weight=333 376 237 204 218 240 224 203
leaf_count=333 376 237 204 218 240 224 203
internal_value=-5.21944e-05 -0.00271569 0.00110149 -0.000526984 0.00249872 0.00484591 -0.00311158
internal_weight=2035 613 1422 994 458 428 536
internal_count=2035 613 1422 994 458 428 536
is_linear=0
shrinkage=0.03


Tree=82
num_leaves=8
num_cat=0
split_feature=6 12 3 6 3 8 13
split_gain=11.3467 6.50928 9.32272 9.81934 9.70026 5.96839 8.40623
threshold=0.32983471823630056 0.096052707614573477 0.51947939950878996 0.1225294679114637 0.87006409088147996 -0.022740871350867293 2.5000000000000004
decision_type=8 2 2 10 2 2 2
left_child=1 2 -1 4 5 -4 -7
right_child=-2 -3 3 -5 -6 6 -8
leaf_value=0.0077356922967093331 -0.0062108244431706575 -0.0036234152290437901 -0.0059965241137420345 0.0066535507557368692 0.0038938256146954023 0.0022872158806052454 -0.0050230271630916255
leaf_weight=205 203 219 228 224 369 389 216
leaf_count=205 203 219 228 224 369 389 216
internal_value=0.000434809 0.00117881 0.00183272 0.000960054 -0.00012413 -0.00191661 -0.000342502
internal_weight=2053 1850 1631 1426 1202 833 605
internal_count=2053 1850 1631 1426 1202 833 605
is_linear=0
shrinkage=0.03


Tree=83
num_leaves=9
num_cat=0
split_feature=8 7 3 3 11 9 11 7
split_gain=7.70485 7.58827 5.60246 9.0196 27.5181 15.9611 7.22725 6.11202
threshold=0.042712166421780669 0.013423482996318627 0.52825350749879074 0.78295680238331644 1.1106227842522161 0.88549343365457223 0.67255983788069251 0.3840840386578564
decision_type=2 10 2 2 2 2 2 10
left_child=1 -1 -3 5 7 6 -4 -5
right_child=-2 2 3 4 -6 -7 -8 -9
leaf_value=-0.0050849051656830426 0.005318937915498795 0.0044602004094381944 -0.010204163760846031 0.0019357117296506961 -0.0073829660101271252 0.0028407226419292072 -0.0023466442199196759 0.0088598473374357171
leaf_weight=303 202 219 227 211 200 254 200 256
leaf_count=303 202 219 227 211 200 254 200 256
internal_value=-0.000174146 -0.000780118 6.57951e-05 -0.000661977 0.00181105 -0.00307971 -0.00659358 0.00578503
internal_weight=2072 1870 1567 1348 667 681 427 467
internal_count=2072 1870 1567 1348 667 681 427 467
is_linear=0
shrinkage=0.03


Tree=84
num_leaves=8
num_cat=0
split_feature=12 12 2 2 13 6 6
split_gain=14.2853 10.0226 8.24063 12.498 13.7798 9.7155 5.25023
threshold=-0.04719051083240771 -0.02260935460173202 0.71987483664295437 0.43603769318169266 2.5000000000000004 0.0058070216630610192 -0.028341189191791401
decision_type=2 2 2 2 2 8 10
left_child=-1 -2 3 -3 5 -5 -4
right_child=1 2 6 4 -6 -7 -8
leaf_value=-0.0053878853831241733 0.0074578248130976509 -0.0021890411103398068 -0.0060646011064060821 0.011720529033558991 -0.0013393826811300025 0.0029133476627369722 0.00064167793273277904
leaf_weight=300 227 384 212 236 236 220 202
leaf_count=300 227 384 212 236 236 220 202
internal_value=0.000598191 0.00165671 0.000750924 0.00213305 0.00452993 0.00754913 -0.00282385
internal_weight=2017 1717 1490 1076 692 456 414
internal_count=2017 1717 1490 1076 692 456 414
is_linear=0
shrinkage=0.03


Tree=85
num_leaves=8
num_cat=0
split_feature=6 8 11 11 13 4 7
split_gain=7.49989 11.143 7.6545 7.30435 8.61763 6.86688 3.93598
threshold=0.32983471823630056 0.037271026311712842 1.5282205946903624 1.0587583569302546 1.0000000180025095e-35 0.28441620250976646 0.59044299553644153
decision_type=8 2 2 2 2 2 10
left_child=1 2 3 4 6 -6 -1
right_child=-2 -3 -4 -5 5 -7 -8
leaf_value=-0.00047409000088061604 -0.0060626188265841176 0.0059429605020856376 -0.0052638246885644609 0.005252646487567899 -0.0059217900404972693 0.00019102734144566192 0.0053521126006416519
leaf_weight=205 200 240 293 201 345 313 206
leaf_count=205 200 240 293 201 345 313 206
internal_value=-0.000625263 -7.02003e-06 -0.000936682 7.83547e-05 -0.000914472 -0.00303451 0.00247533
internal_weight=2003 1803 1563 1270 1069 658 411
internal_count=2003 1803 1563 1270 1069 658 411
is_linear=0
shrinkage=0.03


Tree=86
num_leaves=8
num_cat=0
split_feature=12 12 12 13 12 1 1
split_gain=9.41012 9.84346 10.2617 9.82742 7.76421 7.13596 14.0424
threshold=0.10604851897062441 0.062173875723448187 0.037183829107819096 3.5000000000000004 -0.046254490482822867 0.84572252329688968 1.3117336129244961
decision_type=2 2 2 2 2 2 2
left_child=1 2 3 4 -1 -6 -7
right_child=-2 -3 -4 -5 5 6 -8
leaf_value=-0.0026559329003842222 -0.0059265267792100139 0.0059335326638511833 -0.0058345984434708953 -0.0041568958488552221 -0.00040035054815644531 0.011343928088293705 0.0014070550080283019
leaf_weight=237 221 258 251 286 279 214 312
leaf_count=237 221 258 251 286 279 214 312
internal_value=-0.000149427 0.000559786 -0.000334212 0.000723379 0.00207633 0.00347735 0.00551856
internal_weight=2058 1837 1579 1328 1042 805 526
internal_count=2058 1837 1579 1328 1042 805 526
is_linear=0
shrinkage=0.03


Tree=87
num_leaves=7
num_cat=0
split_feature=10 1 3 7 10 7
split_gain=7.56347 11.1053 15.5353 12.4847 13.6991 9.02372
threshold=1.2113011975222949 0.92068924729867552 0.83697199810156719 0.69065325554168255 2.027346916085254 0.32031497192605829
decision_type=2 2 2 10 2 8
left_child=-1 2 -2 5 -5 -3
right_child=1 3 -4 4 -6 -7
leaf_value=-0.0034090250092807389 0.00064800012174665044 0.000478034248121425 0.010976754690572205 0.0082004674445806426 -0.0014826493374248211 -0.0069025838036031921
leaf_weight=388 335 278 211 233 291 315
leaf_count=388 335 278 211 233 291 315
internal_value=0.00033602 0.00121739 0.0047029 -0.000499729 0.00285982 -0.00346746
internal_weight=2051 1663 546 1117 524 593
internal_count=2051 1663 546 1117 524 593
is_linear=0
shrinkage=0.03


Tree=88
num_leaves=8
num_cat=0
split_feature=8 12 11 12 7 2 12
split_gain=10.7604 4.97249 13.7929 12.6944 8.00115 7.55253 6.46111
threshold=0.042712166421780669 -0.016293867211072063 -0.13404196964808796 0.028601654291306736 0.52680395467643071 0.66077651219639011 0.066729088933256311
decision_type=2 2 2 2 10 2 2
left_child=1 2 -1 4 -3 6 -5
right_child=-2 3 -4 5 -6 -7 -8
leaf_value=-0.0092062704503605847 0.0063767094376668762 0.00014680189426851011 0.00026867664006503318 -0.0033575672250266328 0.0074958095499367888 -0.0059486061348961511 0.0039646783339935283
leaf_weight=209 201 273 390 216 256 300 208
leaf_count=209 201 273 390 216 256 300 208
internal_value=-0.000128798 -0.000850117 -0.00308612 0.000226825 0.00374011 -0.00234825 0.000238821
internal_weight=2053 1852 599 1253 529 724 424
internal_count=2053 1852 599 1253 529 724 424
is_linear=0
shrinkage=0.03


Tree=89
num_leaves=7
num_cat=0
split_feature=1 7 9 8 14 12
split_gain=7.50821 6.48598 12.3293 7.45322 8.29276 9.61521
threshold=2.202041815744864 1.0000000180025095e-35 0.72815938766260024 0.028281861021508228 1.0000000180025095e-35 -1.0000000180025095e-35
decision_type=2 10 2 2 2 2
left_child=1 -1 -3 4 5 -4
right_child=-2 2 3 -5 -6 -7
leaf_value=-0.0032750750324320073 -0.0038767532691625609 0.0061126774994504892 -0.00011656535627401393 0.0039654912983858454 0.0022077709563189181 -0.0090671042242320248
leaf_weight=293 387 386 225 274 276 203
leaf_count=293 387 386 225 274 276 203
internal_value=-0.000142321 0.000738912 0.00160997 -0.000189229 -0.00182283 -0.00441748
internal_weight=2044 1657 1364 978 704 428
internal_count=2044 1657 1364 978 704 428
is_linear=0
shrinkage=0.03


Tree=90
num_leaves=8
num_cat=0
split_feature=0 3 11 11 11 6 6
split_gain=6.49747 7.49696 14.2526 12.72 13.1579 10.6239 1.71641
threshold=0.55079839993302893 0.78461538461538749 0.063743283826934796 1.1388918880060637 0.39034890683253515 -0.044442690257924793 -0.029765391037772423
decision_type=2 2 2 2 2 8 10
left_child=1 2 -1 4 6 -4 -3
right_child=-2 3 5 -5 -6 -7 -8
leaf_value=-0.0077422426198759378 0.0045976320805638654 -0.0014210740703998542 0.004014964938454795 -0.0045568918076936494 0.0098370410623745269 -0.0034927568800742236 0.0024627826335590062
leaf_weight=305 236 200 315 226 203 356 200
leaf_count=305 236 200 315 226 203 356 200
internal_value=-2.98874e-05 -0.000645955 -0.00242221 0.00144726 0.00371654 3.53603e-05 0.000527285
internal_weight=2041 1805 976 829 603 671 400
internal_count=2041 1805 976 829 603 671 400
is_linear=0
shrinkage=0.03


Tree=91
num_leaves=8
num_cat=0
split_feature=6 9 5 2 13 7 9
split_gain=9.2579 6.81878 9.72228 9.4939 8.9903 7.17581 4.60098
threshold=0.32983471823630056 1.0865744559144117 1.9399083520960192 0.71830503238760768 1.5000000000000002 0.76693457591201841 0.75088609815070917
decision_type=10 2 2 2 2 8 2
left_child=1 2 6 4 5 -4 -1
right_child=-2 -3 3 -5 -6 -7 -8
leaf_value=-0.0015622865348248866 -0.0066852501620139389 0.0044576430102360662 0.0038319656868775684 -0.0036348443474210519 0.006140657679705847 -0.0033076721093906409 -0.0078519267549451727
leaf_weight=217 205 256 220 330 331 285 203
leaf_count=217 205 256 220 330 331 285 203
internal_value=-0.000717315 -3.68317e-05 -0.000774024 0.000639245 0.00233796 -0.00019026 -0.00465889
internal_weight=2047 1842 1586 1166 836 505 420
internal_count=2047 1842 1586 1166 836 505 420
is_linear=0
shrinkage=0.03


Tree=92
num_leaves=7
num_cat=0
split_feature=10 6 12 14 11 6
split_gain=8.73411 9.3201 6.63241 7.55715 8.03154 5.32164
threshold=2.4160021649910406 -0.17819257940532954 -0.031178123968968904 1.0000000180025095e-35 0.4356950892448333 0.079990188530781117
decision_type=2 8 2 2 2 8
left_child=1 -1 -3 4 -4 -5
right_child=-2 2 3 5 -6 -7
leaf_value=0.0024640251309028826 0.0033054932162388043 0.0013283791512584508 -0.011082473676027863 0.0014460614873897484 -0.0033574573520245483 -0.0049166210058136182
leaf_weight=379 397 263 204 274 304 201
leaf_count=379 397 263 204 274 304 201
internal_value=-0.000657161 -0.00163244 -0.00288334 -0.0040112 -0.00653741 -0.00126953
internal_weight=2022 1625 1246 983 508 475
internal_count=2022 1625 1246 983 508 475
is_linear=0
shrinkage=0.03


Tree=93
num_leaves=8
num_cat=0
split_feature=3 7 10 1 8 3 5
split_gain=10.9914 10.8356 8.59945 14.8539 8.28712 7.60233 3.12854
threshold=0.60775525199559088 0.89338839498134182 1.2767553074700351 1.8305218129975538 -0.0059512203935202833 0.82758620689654894 2.69082105425989
decision_type=2 8 2 2 2 2 2
left_child=6 2 -2 4 -4 -6 -1
right_child=1 -3 3 -5 5 -7 -8
leaf_value=0.0065645437016102828 -0.0044752473593060232 -0.006111602581900741 -6.4645957801554162e-05 -0.005395214991287086 0.0021020250870611205 0.010267050967623408 0.0014327438506232179
leaf_weight=223 291 322 349 222 209 203 208
leaf_count=223 291 322 349 222 209 203 208
internal_value=-9.03028e-05 -0.00124009 1.02489e-05 0.00135403 0.00334529 0.00619995 0.00413278
internal_weight=2027 1596 1274 983 761 412 431
internal_count=2027 1596 1274 983 761 412 431
is_linear=0
shrinkage=0.03


Tree=94
num_leaves=6
num_cat=0
split_feature=6 6 0 2 3
split_gain=7.23876 17.8778 5.55898 13.306 11.7839
threshold=-0.20625820944957671 -0.11805623892003346 0.5185174544749076 0.49926346321980469 0.80549270990447142
decision_type=10 10 2 2 2
left_child=-1 -2 3 -3 -4
right_child=1 2 4 -5 -6
leaf_value=0.0039381020885863984 -0.0073371019299816459 0.003842103087742414 -0.00068754885487164121 -0.0048032511547207828 0.007198273776876216
leaf_weight=391 285 275 390 370 297
leaf_count=391 285 275 390 370 297
internal_value=0.000302333 -0.000586247 0.000880229 -0.00111605 0.00274898
internal_weight=2008 1617 1332 645 687
internal_count=2008 1617 1332 645 687
is_linear=0
shrinkage=0.03


Tree=95
num_leaves=7
num_cat=0
split_feature=7 6 0 11 1 7
split_gain=7.80163 7.84525 8.33776 7.61674 11.5911 14.8365
threshold=1.4904622720461151 0.32983471823630056 0.55079839993302893 -0.36446991087219865 0.90376853174534399 0.55318816386523051
decision_type=8 8 2 2 2 10
left_child=1 2 3 -1 -5 -6
right_child=-2 -3 -4 4 5 -7
leaf_value=-0.0030475637783487159 -0.0046751481268134075 -0.0044432103825596779 0.0072049042587568855 0.006514925658548912 -0.0047309990655294201 0.0039029873812757906
leaf_weight=327 234 200 216 358 327 384
leaf_count=327 234 200 216 358 327 384
internal_value=0.00042163 0.00109088 0.0017891 0.000928406 0.00215315 -7.32257e-05
internal_weight=2046 1812 1612 1396 1069 711
internal_count=2046 1812 1612 1396 1069 711
is_linear=0
shrinkage=0.03


Tree=96
num_leaves=8
num_cat=0
split_feature=2 2 7 6 1 7 3
split_gain=7.13671 10.9534 10.8624 8.2662 5.82671 7.71873 9.14874
threshold=0.43323201621073815 0.50333348148806323 1.0901034707071673 -0.212941795209275 2.4248979695869828 0.42691693641794798 0.85442415264542415
decision_type=2 2 10 8 2 10 2
left_child=2 -2 -1 -3 5 6 -5
right_child=1 3 -4 4 -6 -7 -8
leaf_value=-0.0085899791984364038 0.0070921945066905571 0.0048726486176252368 6.4517692648957673e-05 -0.0044648593173785642 0.0030970645764643707 -0.0064460018149170208 0.0030524696171764401
leaf_weight=210 201 220 332 270 201 292 305
leaf_count=210 201 220 332 270 201 292 305
internal_value=-0.000405601 0.000668876 -0.00333657 -0.00035707 -0.00145204 -0.00251839 -0.000485467
internal_weight=2031 1489 542 1288 1068 867 575
internal_count=2031 1489 542 1288 1068 867 575
is_linear=0
shrinkage=0.03


Tree=97
num_leaves=8
num_cat=0
split_feature=5 0 12 6 7 6 6
split_gain=6.13384 6.39791 11.1759 22.4568 16.49 6.19844 13.0212
threshold=1.3772727808669423 0.5185174544749076 -0.001458415448548078 -0.044442690257924793 0.62127928159615953 0.059103143751301553 -0.14038897616772436
decision_type=2 2 2 10 10 10 10
left_child=-1 2 4 -4 -2 6 -3
right_child=1 5 3 -5 -6 -7 -8
leaf_value=-0.0047623513817540864 -0.0038316817955991013 -0.0013859868242633434 0.0027591399615001233 -0.0099980211824570835 0.0081386274523569634 -0.0011983142095390042 0.0076937104743732103
leaf_weight=237 201 240 217 280 204 326 339
leaf_count=237 201 240 217 280 204 326 339
internal_value=-0.000276877 0.00032294 -0.00146115 -0.00445599 0.00222353 0.00209937 0.00395046
internal_weight=2044 1807 902 497 405 905 579
internal_count=2044 1807 902 497 405 905 579
is_linear=0
shrinkage=0.03


Tree=98
num_leaves=8
num_cat=0
split_feature=8 8 6 2 2 1 2
split_gain=9.2201 13.7606 6.36958 8.49385 6.43381 5.06275 4.55993
threshold=-0.034198597721686243 -0.020225980416338152 -0.015534838808273164 0.69916689712389635 0.66961342523224354 1.2603517396189221 0.49926346321980469
decision_type=2 2 8 2 2 2 2
left_child=-1 -2 4 5 6 -4 -3
right_child=1 2 3 -5 -6 -7 -8
leaf_value=0.0043676255123274443 -0.0069254550363008795 0.0012346313404268585 -0.0015235066327589633 0.0030320056188033843 -0.0016855487875591768 -0.0076783256096688143 0.0073499289304018011
leaf_weight=291 320 235 277 200 274 212 205
leaf_count=291 320 235 277 200 274 212 205
internal_value=-0.000526346 -0.00136314 -7.43863e-05 -0.0021243 0.00190477 -0.00424256 0.00413437
internal_weight=2014 1723 1403 689 714 489 440
internal_count=2014 1723 1403 689 714 489 440
is_linear=0
shrinkage=0.03


Tree=99
num_leaves=7
num_cat=0
split_feature=12 6 10 1 4 6
split_gain=8.0759 14.2624 11.4874 8.01648 6.58916 4.19573
threshold=0.0049340455925490087 -0.098329109480481056 2.4443286074692194 1.1590781814262006 0.35508238105971884 0.0073923433886166076
decision_type=2 8 2 2 2 10
left_child=1 -1 4 -3 5 -2
right_child=2 3 -4 -5 -6 -7
leaf_value=-0.0033713894926916932 -0.0033611592129719529 0.0010239290862754241 0.0038671337090756585 0.0082058630245653054 -0.00054816521904468135 -0.0087296274430790684
leaf_weight=318 314 288 225 270 374 234
leaf_count=318 314 288 225 270 374 234
internal_value=-0.000497653 0.00166591 -0.00215009 0.00454107 -0.00363144 -0.00571174
internal_weight=2023 876 1147 558 922 548
internal_count=2023 876 1147 558 922 548
is_linear=0
shrinkage=0.03


Tree=100
num_leaves=7
num_cat=0
split_feature=6 13 12 8 9 7
split_gain=8.12833 8.65467 9.05779 14.9531 11.3892 9.50196
threshold=0.22159259152553504 3.5000000000000004 0.016849456623950324 -0.021349477258064613 0.85316422973523764 0.43569900438384529
decision_type=8 2 2 2 2 10
left_child=1 2 3 -1 -5 -4
right_child=-2 -3 5 4 -6 -7
leaf_value=-0.0030767723005390006 0.0037245579176322296 -0.0053534357288461468 0.0019157665083184838 0.010678131249889231 0.00075469498732562445 -0.0056384946755825144
leaf_weight=293 328 381 235 204 209 399
leaf_count=293 328 381 235 204 209 399
internal_value=-0.000568627 -0.00139527 -0.000254135 0.00207645 0.00572544 -0.00284533
internal_weight=2049 1721 1340 706 413 634
internal_count=2049 1721 1340 706 413 634
is_linear=0
shrinkage=0.03


Tree=101
num_leaves=8
num_cat=0
split_feature=11 5 7 9 8 2 1
split_gain=6.20812 7.53566 6.2504 6.09811 6.28116 8.91032 5.93113
threshold=-0.91788754028769548 2.9095160379174465 0.42298854303939815 0.66529623155824924 -0.020646621552344233 0.52734944380513993 1.1665920793589593
decision_type=2 2 8 2 2 2 2
left_child=-1 3 -3 -2 -5 -6 -4
right_child=1 2 6 4 5 -7 -8
leaf_value=0.0041187763062058664 0.0019760871030246978 0.0048361660614906947 -0.0046079624374731308 -0.0075928668646996185 -0.0064789721673522383 0.0011461867614484885 0.0020475152783389935
leaf_weight=240 203 277 204 261 228 335 280
leaf_count=240 203 277 204 261 228 335 280
internal_value=-0.000361631 -0.000972837 0.00128496 -0.00264397 -0.00378721 -0.00197165 -0.000776119
internal_weight=2028 1788 761 1027 824 563 484
internal_count=2028 1788 761 1027 824 563 484
is_linear=0
shrinkage=0.03


Tree=102
num_leaves=7
num_cat=0
split_feature=7 6 6 9 2 7
split_gain=7.64772 10.6646 11.9422 14.5683 9.8085 14.6417
threshold=0.013423482996318627 -0.20388643488661665 -0.11805623892003346 0.99165928588403851 0.49390467324889276 0.42691693641794798
decision_type=10 8 8 2 2 10
left_child=-1 -2 -3 4 -4 -6
right_child=1 2 3 -5 5 -7
leaf_value=-0.0042423239500494671 0.0056023410075743277 -0.0066996403148784469 0.0068578905837090162 -0.0049043540083605914 0.0055575713725193052 -0.0042479195582001642
leaf_weight=315 331 219 328 290 251 290
leaf_count=315 331 219 328 290 251 290
internal_value=1.50905e-05 0.000809896 -0.000357357 0.000864687 0.00280696 0.000310626
internal_weight=2024 1709 1378 1159 869 541
internal_count=2024 1709 1378 1159 869 541
is_linear=0
shrinkage=0.03


Tree=103
num_leaves=9
num_cat=0
split_feature=6 5 2 7 10 5 4 4
split_gain=6.91543 7.99481 8.04684 10.551 13.65 9.49566 5.90816 2.08903
threshold=0.32983471823630056 3.5831172262404478 0.4283992654372904 0.24143208866928401 1.9754864785626332 2.4054278344561388 0.24828573672859244 0.34616685223199478
decision_type=10 2 2 10 2 2 2 2
left_child=1 2 5 7 6 -1 -5 -4
right_child=-2 -3 3 4 -6 -7 -8 -9
leaf_value=-0.0089829690316217299 -0.0058572657854444729 0.0052132612745590771 -0.0050996409032384718 0.0095567451151612314 -0.0025874443081862104 5.983622049406377e-05 0.0027252000820014504 -0.0010194971705476444
leaf_weight=201 202 221 234 201 281 212 268 220
leaf_count=201 202 221 234 201 281 212 268 220
internal_value=-0.000658829 -7.31693e-05 -0.000809524 0.000433796 0.00261279 -0.00439595 0.00572293 -0.00315512
internal_weight=2040 1838 1617 1204 750 413 469 454
internal_count=2040 1838 1617 1204 750 413 469 454
is_linear=0
shrinkage=0.03


Tree=104
num_leaves=7
num_cat=0
split_feature=5 4 3 6 11 9
split_gain=5.90852 6.53985 9.75674 6.10806 8.54413 4.32403
threshold=2.9020313775271149 0.44048324714862597 0.78110717971399024 -0.044442690257924793 1.4798645135365078 0.75832245046988711
decision_type=2 2 2 10 2 2
left_child=1 2 5 -2 -5 -1
right_child=3 -3 -4 4 -6 -7
leaf_value=0.00051527415994893422 0.0046789181529740863 -0.0046656878821015584 0.0035571888405974434 0.0032744732135906811 -0.0050661531102264351 -0.0051817909172192835
leaf_weight=204 361 391 381 235 200 283
leaf_count=204 361 391 381 235 200 283
internal_value=-0.000193886 -0.00147089 -1.32744e-05 0.00182247 -0.00057429 -0.00281436
internal_weight=2055 1259 868 796 435 487
internal_count=2055 1259 868 796 435 487
is_linear=0
shrinkage=0.03


Tree=105
num_leaves=7
num_cat=0
split_feature=6 7 3 3 8 3
split_gain=5.56779 7.23956 8.01156 13.5234 7.41687 10.5711
threshold=0.22159259152553504 -0.019507879461307106 0.58918644986663071 0.85442415264542415 -0.022740871350867293 0.74973739013127882
decision_type=8 10 2 2 2 2
left_child=1 -1 -3 4 -4 -6
right_child=-2 2 3 -5 5 -7
leaf_value=-0.0043943017633387539 0.004641378567699926 0.0055254444575525427 -0.0066656697423481456 0.0045465640735346822 -0.0037669890035602217 0.0045535608337439115
leaf_weight=239 327 299 231 397 326 230
leaf_count=239 327 299 231 397 326 230
internal_value=0.00108388 0.00039685 0.00118116 6.54618e-05 -0.00220945 -0.000315128
internal_weight=2049 1722 1483 1184 787 556
internal_count=2049 1722 1483 1184 787 556
is_linear=0
shrinkage=0.03


Tree=106
num_leaves=7
num_cat=0
split_feature=7 9 8 3 8 3
split_gain=9.2377 13.408 10.6479 11.4639 6.66034 4.60181
threshold=1.1341887627870262 0.76803632665878896 -0.0033812213225209342 0.75000000000000322 -0.023220633422132049 0.80000000000000471
decision_type=10 2 2 2 2 2
left_child=1 5 4 -4 -3 -1
right_child=-2 2 3 -5 -6 -7
leaf_value=-0.0072633154566292876 0.0039845844593010557 0.0012085415225801537 -0.0010737266608824333 0.0071445080079955226 -0.0063205272808924988 -0.0019393902334495117
leaf_weight=300 396 201 274 337 215 290
leaf_count=300 396 201 274 337 215 290
internal_value=-9.28233e-05 -0.00110058 0.000971217 0.00348028 -0.00271154 -0.00468476
internal_weight=2013 1617 1027 611 416 590
internal_count=2013 1617 1027 611 416 590
is_linear=0
shrinkage=0.03


Tree=107
num_leaves=8
num_cat=0
split_feature=11 11 7 7 9 8 11
split_gain=7.9702 7.52862 7.04555 9.33815 13.3998 9.50307 14.0702
threshold=-1.0987470368082592 -0.45974268321002565 1.4036579979987012 0.87257529013337698 0.68708379623230698 0.0010876400994656516 1.0872476252739232
decision_type=2 2 8 10 2 2 2
left_child=-1 -2 3 4 -3 -6 -7
right_child=1 2 -4 -5 5 6 -8
leaf_value=0.0063777321535479102 -0.005001917677249626 -0.0065156546115278475 -0.0038979214082265493 0.00634758245193751 -0.0016561499085660659 0.00024915243573986844 0.010203601022277619
leaf_weight=201 219 201 234 297 374 293 222
leaf_count=201 219 201 234 297 374 293 222
internal_value=0.000781676 0.000154741 0.000864653 0.00167926 0.000384072 0.00197179 0.00459705
internal_weight=2041 1840 1621 1387 1090 889 515
internal_count=2041 1840 1621 1387 1090 889 515
is_linear=0
shrinkage=0.03


Tree=108
num_leaves=8
num_cat=0
split_feature=3 8 6 9 3 1 14
split_gain=9.00364 9.12547 7.84446 6.74477 7.43318 8.29713 4.62651
threshold=0.60775525199559088 0.03036146252511995 0.21437489169534454 1.0042840794191261 0.89614342228924915 1.2731789808275216 1.0000000180025095e-35
decision_type=2 2 8 2 2 2 2
left_child=6 2 3 4 5 -2 -1
right_child=1 -3 -4 -5 -6 -7 -8
leaf_value=0.0065003220742519902 -0.0087728719543509991 0.0038634814830099951 0.0034496463727259979 0.0018505383269471485 0.00064185447841882699 -0.0018891691616162247 0.00050455980548369029
leaf_weight=264 354 300 202 210 220 287 205
leaf_count=264 354 300 202 210 220 287 205
internal_value=0.000287331 -0.00080252 -0.00191294 -0.0029357 -0.00410702 -0.00572925 0.00391254
internal_weight=2042 1573 1273 1071 861 641 469
internal_count=2042 1573 1273 1071 861 641 469
is_linear=0
shrinkage=0.03


Tree=109
num_leaves=7
num_cat=0
split_feature=1 7 5 2 4 1
split_gain=9.2869 8.02874 6.30712 12.6672 7.14747 9.46022
threshold=0.5696788347487135 0.013423482996318627 3.3207905523478498 0.43323201621073815 0.14296321416348443 1.5828558802943691
decision_type=2 10 2 2 2 2
left_child=-1 -2 3 -3 -5 -6
right_child=1 2 -4 4 5 -7
leaf_value=0.0063994318151481119 -0.0054921751164285276 -0.0035014213818837614 -0.0030169290826802166 0.0077446372001957935 0.0050479986578510303 -0.001898248451720934
leaf_weight=204 227 335 358 234 362 336
leaf_count=204 227 335 358 234 362 336
internal_value=0.000404633 -0.000271154 0.000472793 0.00146682 0.00326177 0.00171453
internal_weight=2056 1852 1625 1267 932 698
internal_count=2056 1852 1625 1267 932 698
is_linear=0
shrinkage=0.03


Tree=110
num_leaves=8
num_cat=0
split_feature=7 7 7 1 1 7 10
split_gain=6.12929 7.16397 7.08473 10.0266 17.0857 4.65224 6.94149
threshold=1.0901034707071673 1.423682718914772 0.83365995654950809 1.0080880717767531 0.77824877768472878 0.58421822712063676 1.8823505307477013
decision_type=10 10 8 2 2 10 2
left_child=2 -2 3 4 -1 6 -5
right_child=1 -3 -4 5 -6 -7 -8
leaf_value=3.9182807726973894e-05 0.0083075543503935752 0.00063420101523029905 -0.0044896594869657134 -0.0051715250160449585 0.010810196447435399 0.0026925719517472938 0.0014987089168438212
leaf_weight=351 200 237 240 346 208 206 231
leaf_count=351 200 237 240 346 208 206 231
internal_value=0.00107693 0.00420028 0.00020364 0.00105653 0.00410731 -0.00113373 -0.00251119
internal_weight=2019 437 1582 1342 559 783 577
internal_count=2019 437 1582 1342 559 783 577
is_linear=0
shrinkage=0.03


Tree=111
num_leaves=8
num_cat=0
split_feature=3 3 5 2 11 8 2
split_gain=7.22268 12.6381 11.0001 10.4837 9.95883 7.47389 4.48951
threshold=0.78571428571428981 0.61793662312530329 2.9469343475519194 0.71830503238760768 0.65074324236675862 0.0010876400994656516 0.36680107526881628
decision_type=2 2 2 2 2 2 2
left_child=1 6 -3 4 -2 -5 -1
right_child=3 2 -4 5 -6 -7 -8
leaf_value=-0.00075336329705779324 0.009882381777724495 -0.0074156588280020128 0.00070625184678100781 -0.003987595500209583 0.00080269815400242802 0.0032518626265867329 0.0051555320428165246
leaf_weight=218 225 372 248 281 208 228 239
leaf_count=218 225 372 248 281 208 228 239
internal_value=0.000263875 -0.00141134 -0.00418723 0.00217651 0.00557973 -0.000744685 0.0023592
internal_weight=2019 1077 620 942 433 509 457
internal_count=2019 1077 620 942 433 509 457
is_linear=0
shrinkage=0.03


Tree=112
num_leaves=7
num_cat=0
split_feature=11 11 0 6 5 2
split_gain=6.21409 7.96954 8.40173 8.20606 7.71132 11.6114
threshold=-1.1271331340059467 -0.18028155904065055 0.49856188340216379 0.079990188530781117 3.3294406750228003 0.52941176470588391
decision_type=2 2 2 10 2 2
left_child=-1 -2 -3 4 5 -4
right_child=1 2 3 -5 -6 -7
leaf_value=0.0051062000697529916 -0.0042640498991858488 0.0047831130277365443 -0.0062224646197112819 -0.0040760853487739682 0.0060486360092502122 0.0026546605000434026
leaf_weight=213 354 345 204 384 213 358
leaf_count=213 354 345 204 384 213 358
internal_value=0.000314354 -0.00024721 0.000709239 -0.00051877 0.00125865 -0.000594098
internal_weight=2071 1858 1504 1159 775 562
internal_count=2071 1858 1504 1159 775 562
is_linear=0
shrinkage=0.03


Tree=113
num_leaves=7
num_cat=0
split_feature=8 6 3 9 10 3
split_gain=7.23965 5.50269 8.71295 8.12536 4.17534 3.34816
threshold=-0.034198597721686243 -0.011837395016796202 0.78461538461538749 0.78017698913781108 2.038679788611661 0.63553478712357236
decision_type=2 8 2 2 2 2
left_child=-1 3 5 -2 -5 -3
right_child=1 2 -4 4 -6 -7
leaf_value=0.0038112729515475956 -0.0029653349681697844 -0.0032005355857429646 0.00028263439757833427 0.00037945859828268332 0.0056406972473795128 -0.0086952201733892821
leaf_weight=299 386 206 372 311 237 207
leaf_count=299 386 206 372 311 237 207
internal_value=-0.000458729 -0.00121035 -0.00305335 0.000346658 0.00268528 -0.0060256
internal_weight=2018 1719 785 934 548 413
internal_count=2018 1719 785 934 548 413
is_linear=0
shrinkage=0.03


Tree=114
num_leaves=8
num_cat=0
split_feature=11 5 5 10 11 4 11
split_gain=9.02938 8.88613 11.0403 10.5174 8.58035 7.33981 6.83067
threshold=1.5049921713634815 1.8915375017503908 2.435441550523699 1.3329831198079196 0.47835226662296509 0.24828573672859244 1.9283914922653984
decision_type=2 2 2 2 2 2 2
left_child=1 3 -3 -1 -4 -6 -2
right_child=6 2 4 -5 5 -7 -8
leaf_value=-0.0073813624188159271 -0.0077003981053102299 0.0069384951940595768 -0.003084867404340527 0.0016170128073324176 0.0074489878475575179 -0.00038219125094738872 -9.5220513773702943e-05
leaf_weight=201 200 356 326 267 200 226 221
leaf_count=201 200 356 326 267 200 226 221
internal_value=0.000120693 0.00116491 0.00262575 -0.00228485 0.000551737 0.00333818 -0.00375611
internal_weight=1997 1576 1108 468 752 426 421
internal_count=1997 1576 1108 468 752 426 421
is_linear=0
shrinkage=0.03


Tree=115
num_leaves=7
num_cat=0
split_feature=8 8 2 2 11 1
split_gain=10.3177 8.54709 7.42971 9.57312 8.64091 9.37871
threshold=-0.031992251324474107 -0.023402860234548701 0.43323201621073815 0.71987483664295437 1.2322877970208295 1.3783710053623575
decision_type=2 2 2 2 2 2
left_child=-1 -2 -3 4 5 -4
right_child=1 2 3 -5 -6 -7
leaf_value=0.0048001801274570816 -0.0066220205270074769 -0.0036871339972573873 0.0093815211601951422 -0.0026458735843647484 -0.0014078631887678055 0.00072801041966531331
leaf_weight=333 204 384 256 381 235 200
leaf_count=333 204 384 256 381 235 200
internal_value=2.14155e-05 -0.000948752 -0.000133929 0.00115007 0.00324703 0.00563518
internal_weight=1993 1660 1456 1072 691 456
internal_count=1993 1660 1456 1072 691 456
is_linear=0
shrinkage=0.03


Tree=116
num_leaves=9
num_cat=0
split_feature=1 1 1 8 0 3 6 1
split_gain=8.58041 6.04832 12.3694 5.61848 10.7239 5.83891 5.67221 4.65552
threshold=0.5696788347487135 0.77824877768472878 0.92068924729867552 -0.028092617891591176 0.51826726957564329 0.82046767786204267 -0.017275561623727172 1.660417389070288
decision_type=2 2 2 2 2 2 8 2
left_child=-1 -2 -3 -4 7 6 -6 -5
right_child=1 2 3 4 5 -7 -8 -9
leaf_value=0.0061198999690420279 -0.0042772136997316296 0.0072253276591309513 0.003261376464787912 -0.0082561491349258942 0.0065595568010273072 -0.0028087421664044505 -0.00051282002022717062 -0.0020223598904707237
leaf_weight=203 286 204 264 217 202 237 200 218
leaf_count=203 286 204 264 217 202 237 200 218
internal_value=0.000346172 -0.000309947 0.000437322 -0.000620668 -0.0015856 0.000889728 0.00307789 -0.00519057
internal_weight=2031 1828 1542 1338 1074 639 402 435
internal_count=2031 1828 1542 1338 1074 639 402 435
is_linear=0
shrinkage=0.03


Tree=117
num_leaves=8
num_cat=0
split_feature=9 8 11 7 6 11 9
split_gain=5.5351 6.48981 14.9668 15.7674 14.3206 14.6962 6.69162
threshold=0.65865379725908568 -0.0059512203935202833 1.1106227842522161 0.3840840386578564 -0.015534838808273164 1.0669573129194692 0.9185604006129372
decision_type=2 2 2 10 8 2 2
left_child=-1 2 3 -2 5 -3 -6
right_child=1 4 -4 -5 6 -7 -8
leaf_value=0.0040127827086549554 -0.0057122128786502684 0.00042206311901275042 -0.0086105376777586423 0.0045424132530591374 0.0014628957938708244 0.011148890806090772 -0.0054480318470146267
leaf_weight=317 221 261 231 330 239 201 258
leaf_count=317 221 261 231 330 239 201 258
internal_value=0.000399337 -0.000268204 -0.00228887 0.000415015 0.00138284 0.00515833 -0.0021432
internal_weight=2058 1741 782 551 959 462 497
internal_count=2058 1741 782 551 959 462 497
is_linear=0
shrinkage=0.03


Tree=118
num_leaves=8
num_cat=0
split_feature=12 12 0 8 10 0 7
split_gain=8.22825 7.64218 8.12699 8.21483 12.782 6.02576 3.99479
threshold=-0.046254490482822867 -0.023563389200880965 0.5185174544749076 0.023968612277694878 1.6135358687159409 0.50941466190588824 0.62127928159615953
decision_type=2 2 2 2 2 2 10
left_child=-1 -2 5 4 -4 6 -3
right_child=1 2 3 -5 -6 -7 -8
leaf_value=-0.0039781029143853589 0.0065389314487089064 -0.0032412811159484192 -9.7678887771397095e-05 -0.00058212692756899088 0.01033423928560556 -0.006215615889648112 0.002142513459454281
leaf_weight=319 209 208 200 398 219 200 292
leaf_count=319 209 208 200 398 219 200 292
internal_value=0.00041093 0.00123126 0.000480933 0.00250638 0.00541237 -0.00188407 -0.000107062
internal_weight=2045 1726 1517 817 419 700 500
internal_count=2045 1726 1517 817 419 700 500
is_linear=0
shrinkage=0.03


Tree=119
num_leaves=8
num_cat=0
split_feature=5 9 7 12 4 12 3
split_gain=8.72433 9.70483 5.80965 5.70307 5.48453 9.58863 8.59673
threshold=1.8915375017503908 0.99165928588403851 0.50956689296592284 0.0040433743890176963 0.42706721152205163 0.035821923450864331 0.78461538461538749
decision_type=2 2 8 2 2 2 2
left_child=3 4 -3 -1 5 6 -2
right_child=1 2 -4 -5 -6 -7 -8
leaf_value=-0.0064605174273733171 0.0030096268661712346 0.0010645745336191684 -0.005992873488250402 0.00011043420613067856 -0.00026454586860915968 -0.00030691445055172628 0.010923683998514552
leaf_weight=243 280 200 213 228 373 280 224
leaf_count=243 280 200 213 228 373 280 224
internal_value=0.000247856 0.00132291 -0.00260337 -0.00331193 0.0027296 0.00414676 0.00659974
internal_weight=2041 1570 413 471 1157 784 504
internal_count=2041 1570 413 471 1157 784 504
is_linear=0
shrinkage=0.03


Tree=120
num_leaves=7
num_cat=0
split_feature=6 11 12 9 6 5
split_gain=6.9741 14.0883 10.2336 12.1657 7.75409 6.09181
threshold=-0.098329109480481056 -0.16154416044188333 0.023621154038435236 0.83895631437474438 -0.18843378490321108 2.5689260999572827
decision_type=8 2 2 2 10 2
left_child=1 -1 5 -4 -3 -2
right_child=2 4 3 -5 -6 -7
leaf_value=-0.0084834882995074093 0.0065636960332563447 0.0032854874921465138 0.0031524900917559305 -0.0054078997077575113 -0.0040929586185850728 0.00091067839358161147
leaf_weight=230 339 317 264 332 208 346
leaf_count=230 339 317 264 332 208 346
internal_value=-0.000100135 -0.00237828 0.00124659 -0.00162137 0.000351183 0.00373559
internal_weight=2036 755 1281 596 525 685
internal_count=2036 755 1281 596 525 685
is_linear=0
shrinkage=0.03


Tree=121
num_leaves=8
num_cat=0
split_feature=6 12 6 11 9 10 4
split_gain=6.9793 4.08025 8.91195 15.3784 6.33169 9.72718 7.12801
threshold=0.32983471823630056 0.096052707614573477 0.095506590548554718 -0.45974268321002565 0.78682120158898428 1.5767478308031102 0.13776096731109336
decision_type=10 2 8 2 2 2 2
left_child=1 2 3 -1 5 -5 -6
right_child=-2 -3 -4 4 6 -7 -8
leaf_value=-0.0055056691928249265 -0.004289150071557629 -0.0022923659496380229 0.0063301388114756331 0.0093357507267501205 -0.0040258134219759295 0.00037989416087353691 0.0028554046499034897
leaf_weight=265 204 221 336 235 201 201 391
leaf_count=265 204 221 336 235 201 201 391
internal_value=0.000911996 0.00149554 0.00201488 0.000873444 0.00253655 0.00525814 0.000504896
internal_weight=2054 1850 1629 1293 1028 436 592
internal_count=2054 1850 1629 1293 1028 436 592
is_linear=0
shrinkage=0.03


Tree=122
num_leaves=8
num_cat=0
split_feature=8 1 12 12 12 7 1
split_gain=7.79543 12.6209 5.99213 8.9605 11.7876 4.41439 4.39372
threshold=-0.028092617891591176 2.202041815744864 -0.0073227799208102065 0.035032302697894153 0.066729088933256311 0.45177053766283914 1.2291522182404975
decision_type=2 2 2 2 2 10 2
left_child=6 2 5 -4 -5 -2 -1
right_child=1 -3 3 4 -6 -7 -8
leaf_value=0.00045440542710565245 0.00045450978952905403 -0.0065375266379300769 0.0052388079103827473 -0.0063457017163080819 0.0028494012327148362 -0.0057839413609173966 0.0066293684424211579
leaf_weight=201 202 291 370 205 307 200 211
leaf_count=201 202 291 370 205 307 200 211
internal_value=9.93351e-06 -0.000953015 0.000333083 0.00171473 -0.000857996 -0.00268212 0.0036584
internal_weight=1987 1575 1284 882 512 402 412
internal_count=1987 1575 1284 882 512 402 412
is_linear=0
shrinkage=0.03


Tree=123
num_leaves=7
num_cat=0
split_feature=8 8 13 7 6 7
split_gain=9.726 12.3505 11.1722 8.55247 8.5282 8.20964
threshold=-0.034198597721686243 -0.020225980416338152 2.5000000000000004 0.45177053766283914 -0.015534838808273164 1.0777223161892542
decision_type=2 2 2 8 10 10
left_child=-1 -2 3 -3 -4 -5
right_child=1 2 4 5 -6 -7
leaf_value=0.0055207072499418447 -0.0056011494662177854 0.0062552234518897624 0.00077956063731552186 -0.0024797934422824989 -0.0073888798533142475 0.0049393877429188106
leaf_weight=305 312 382 257 337 202 216
leaf_count=305 312 382 257 337 202 216
internal_value=0.000632385 -0.000255132 0.000957136 0.00283435 -0.00285615 0.000436407
internal_weight=2011 1706 1394 935 459 553
internal_count=2011 1706 1394 935 459 553
is_linear=0
shrinkage=0.03


Tree=124
num_leaves=7
num_cat=0
split_feature=1 8 9 9 5 1
split_gain=6.87178 12.2609 6.62009 9.27687 9.37683 5.72783
threshold=0.76462443804524749 -0.0094392968796490218 0.90019549680897493 0.71425080948001229 2.3672105269742922 1.1450237073103053
decision_type=2 2 2 2 2 2
left_child=1 -1 3 -2 -5 -4
right_child=2 -3 5 4 -6 -7
leaf_value=-0.0090246588856262976 -0.0015896360025457713 0.00063567162597916226 -0.0059687081128270971 -0.00061925977912791273 0.0072605551792789373 0.00013183455203088129
leaf_weight=207 386 266 207 213 367 399
leaf_count=207 386 266 207 213 367 399
internal_value=-0.000492042 -0.00364218 0.000464347 0.00200245 0.0043862 -0.00198381
internal_weight=2045 473 1572 966 580 606
internal_count=2045 473 1572 966 580 606
is_linear=0
shrinkage=0.03


Tree=125
num_leaves=9
num_cat=0
split_feature=10 1 7 11 3 7 10 3
split_gain=5.55149 10.7947 9.39916 12.6359 14.5174 6.45824 5.27518 3.33995
threshold=2.1142447571638483 1.0168388302276388 0.24143208866928401 0.63079345690284672 0.71428571428571086 0.80840965005862364 1.4301000573175171 0.74043883464731386
decision_type=2 2 10 2 2 10 2 2
left_child=2 -2 6 4 -4 -5 -1 -3
right_child=1 7 3 5 -6 -7 -8 -9
leaf_value=-0.0081605941553330313 0.0070526572130620475 0.0017469772445407206 -0.0019959611599333583 0.00034799076766043046 0.0079122734666780409 -0.0071652854741483495 -0.0015665977942542389 -0.0035314179048647433
leaf_weight=209 248 222 235 204 297 202 229 201
leaf_count=209 248 222 235 204 297 202 229 201
internal_value=-7.7751e-05 0.00215002 -0.00116796 0.000530214 0.00355768 -0.00343183 -0.00476964 -0.00077315
internal_weight=2047 671 1376 938 532 406 438 423
internal_count=2047 671 1376 938 532 406 438 423
is_linear=0
shrinkage=0.03


Tree=126
num_leaves=8
num_cat=0
split_feature=6 1 7 2 4 11 14
split_gain=6.56842 6.39354 10.3491 9.82903 11.063 7.75665 5.81289
threshold=0.30813057518847226 1.1531408147996667 0.43569900438384529 0.71987483664295437 0.41273332793027356 0.93207131418200884 1.0000000180025095e-35
decision_type=10 2 8 2 2 2 2
left_child=1 2 6 4 -3 -4 -1
right_child=-2 3 5 -5 -6 -7 -8
leaf_value=-0.0014189184347346221 -0.0050684253884375917 0.0073812434971051036 -0.0079845743119949467 -0.0021521651821590406 -0.00061533312521015228 -0.00010780489795560976 0.0056236040120853517
leaf_weight=214 211 392 251 319 255 201 200
leaf_count=214 211 392 251 319 255 201 200
internal_value=-0.000120057 0.000462113 -0.00140547 0.00213498 0.00424903 -0.00452135 0.00200977
internal_weight=2043 1832 866 966 647 452 414
internal_count=2043 1832 866 966 647 452 414
is_linear=0
shrinkage=0.03


Tree=127
num_leaves=8
num_cat=0
split_feature=4 12 0 6 6 12 0
split_gain=6.30047 5.33401 5.97379 8.86621 8.62743 15.3501 3.99413
threshold=0.82645119951113621 -0.04719051083240771 0.55079839993302893 -0.20845289307125828 -0.047957373317637879 0.00071593086198734623 0.51635427706122827
decision_type=2 2 2 10 10 2 2
left_child=1 -1 3 -3 -5 -6 -7
right_child=-2 2 -4 4 5 6 -8
leaf_value=-0.0029282416385082101 -0.0045886517164453995 0.0054417576459901669 0.0061307254007884433 -0.0041832350294003038 0.0076615447257408643 -0.004557555528382027 0.00095366274719296199
leaf_weight=298 221 275 205 376 231 224 242
leaf_count=298 221 275 205 376 231 224 242
internal_value=0.000141087 0.000716635 0.00142319 0.000687272 -0.000550847 0.0014245 -0.00171577
internal_weight=2072 1851 1553 1348 1073 697 466
internal_count=2072 1851 1553 1348 1073 697 466
is_linear=0
shrinkage=0.03


Tree=128
num_leaves=7
num_cat=0
split_feature=13 7 0 2 1 11
split_gain=6.57588 9.01133 10.9857 7.85889 6.2326 3.26354
threshold=3.5000000000000004 0.47442880825468886 0.49856188340216379 0.65851946966077213 0.7716702197509494 1.0086965052637205
decision_type=2 8 2 2 2 2
left_child=1 4 -3 -2 -1 -4
right_child=3 2 5 -5 -6 -7
leaf_value=2.4216487218516498e-05 0.0011061987647923029 0.003884306236831649 -0.0011672221509099472 -0.0071227074649262544 0.0061183765404788188 -0.0054618520437433931
leaf_weight=242 200 309 395 211 397 266
leaf_count=242 200 309 395 211 397 266
internal_value=0.000210596 0.00107695 -0.000746029 -0.00315321 0.00382852 -0.0029235
internal_weight=2020 1609 970 411 639 661
internal_count=2020 1609 970 411 639 661
is_linear=0
shrinkage=0.03


Tree=129
num_leaves=8
num_cat=0
split_feature=5 7 3 3 2 0 12
split_gain=4.13039 5.51392 7.20671 6.29938 5.55075 5.12483 6.58451
threshold=1.3772727808669423 1.4036579979987012 0.61065237945162376 0.90076335877862646 0.54419775411336591 0.51466938081666902 0.035032302697894153
decision_type=2 8 2 2 2 2 2
left_child=-1 2 -2 4 -4 -6 -7
right_child=1 -3 3 -5 5 6 -8
leaf_value=-0.0042904777190786725 0.005107407739763095 -0.0043442156273374435 -0.0051659454157181681 0.0031840646292901607 -0.0032836458144728936 0.0051114880751414469 -0.0021588228773779983
leaf_weight=230 258 231 269 338 282 244 200
leaf_count=230 258 231 269 338 282 244 200
internal_value=-0.000547296 -6.43273e-05 0.00056874 -0.000325515 -0.00152767 -0.000153495 0.001849
internal_weight=2052 1822 1591 1333 995 726 444
internal_count=2052 1822 1591 1333 995 726 444
is_linear=0
shrinkage=0.03


Tree=130
num_leaves=8
num_cat=0
split_feature=2 5 8 8 2 5 9
split_gain=9.67754 5.5176 7.20588 9.03903 6.8494 6.57089 4.85775
threshold=0.78761598934616439 1.5110397615452247 -0.033644089584074881 -0.020225980416338152 0.40308737505679232 2.7226891404125575 0.9185604006129372
decision_type=2 2 2 2 2 2 2
left_child=1 -1 -3 -4 -5 -6 -7
right_child=-2 2 3 4 5 6 -8
leaf_value=-0.0033068732917308804 -0.0046109728825950488 0.0067885891472225625 -0.0049703284571001281 -0.0023067557594661872 0.0063530400285716129 0.0036024607578472282 -0.0025646734304483167
leaf_weight=232 333 204 202 261 344 254 202
leaf_count=232 333 204 202 261 344 254 202
internal_value=2.62559e-05 0.000946005 0.00162753 0.000770431 0.00188158 0.00325386 0.000872343
internal_weight=2032 1699 1467 1263 1061 800 456
internal_count=2032 1699 1467 1263 1061 800 456
is_linear=0
shrinkage=0.03


Tree=131
num_leaves=8
num_cat=0
split_feature=3 3 4 2 1 9 3
split_gain=6.37742 9.02345 12.6054 6.86508 9.93038 9.08773 6.02754
threshold=0.78461538461538749 0.61065237945162376 0.20976318451437204 0.64017238342252181 0.91491871519300505 0.84060586457907227 0.70000000000000062
decision_type=2 2 2 2 2 2 2
left_child=1 2 -1 -2 -5 -6 -3
right_child=3 6 -4 4 5 -7 -8
leaf_value=-0.0027170895696570145 0.0059354487775555367 -0.0066812811884412304 0.0072820603651574476 0.0057703480859728233 0.0019510194511967712 -0.0064819309430045853 -0.00087045617949281051
leaf_weight=240 280 297 207 204 235 217 347
leaf_count=240 280 297 207 204 235 217 347
internal_value=0.000236626 -0.00131938 0.00194272 0.00204767 0.000355913 -0.00212417 -0.00358112
internal_weight=2027 1091 447 936 656 452 644
internal_count=2027 1091 447 936 656 452 644
is_linear=0
shrinkage=0.03


Tree=132
num_leaves=8
num_cat=0
split_feature=3 6 11 3 11 2 12
split_gain=8.20323 5.61541 4.66564 3.63136 6.53587 9.14328 5.81765
threshold=0.61065237945162376 0.22159259152553504 0.67255983788069251 0.70000000000000062 1.2106131663739423 0.75313363337514128 0.016849456623950324
decision_type=2 8 2 2 2 2 2
left_child=2 3 -1 -2 5 6 -5
right_child=1 -3 -4 4 -6 -7 -8
leaf_value=0.0068555515146836998 -0.0050341629365394857 0.0030199740989098741 0.00071674681274175994 0.0057795535385426824 -0.0050255537052511521 -0.0037066012475802336 -0.00083915280186852743
leaf_weight=200 256 248 247 269 273 304 210
leaf_count=200 256 248 247 269 273 304 210
internal_value=-5.12518e-05 -0.00107931 0.00350887 -0.0018627 -0.00107376 0.000327208 0.00289913
internal_weight=2007 1560 447 1312 1056 783 479
internal_count=2007 1560 447 1312 1056 783 479
is_linear=0
shrinkage=0.03


Tree=133
num_leaves=9
num_cat=0
split_feature=9 9 6 1 12 3 6 3
split_gain=8.72431 8.3131 10.7656 7.74105 11.0314 15.9148 8.51764 4.7995
threshold=0.90019549680897493 1.0264781167669803 0.0073923433886166076 0.70154789922952698 0.0049340455925490087 0.68160309721823964 -0.049455532633101255 0.83285441002889715
decision_type=2 2 10 2 2 2 8 2
left_child=3 -2 -3 -1 6 -6 -5 -7
right_child=1 2 -4 4 5 7 -8 -9
leaf_value=-0.0035357808516196469 -0.006472754701249429 0.0043992305003307955 -0.0050878645681317119 0.0016388006116672654 0.0062368641768212182 -0.0068546941092548271 0.010281748522538691 -0.00047333901252889961
leaf_weight=267 343 217 204 209 214 211 201 210
leaf_count=267 343 217 204 209 214 211 201 210
internal_value=-0.000503965 -0.00304194 -0.000203602 0.00097988 0.00214499 -0.000338295 0.00594878 -0.00371451
internal_weight=2076 764 421 1312 1045 635 410 421
internal_count=2076 764 421 1312 1045 635 410 421
is_linear=0
shrinkage=0.03


Tree=134
num_leaves=7
num_cat=0
split_feature=7 12 12 8 2 10
split_gain=7.03536 9.30033 6.51906 13.9908 9.0655 6.13492
threshold=1.0000000180025095e-35 -0.046254490482822867 0.016849456623950324 0.0187068129450822 0.58370069718214068 1.9093444199870382
decision_type=10 2 2 2 2 2
left_child=-1 -2 4 5 -3 -4
right_child=1 2 3 -5 -6 -7
leaf_value=-0.0049202772808775042 -0.0052010272732669754 3.7812371464336616e-05 -0.0077226695594904216 0.0034623538612048575 0.0071617551593344368 -0.00075987370994517599
leaf_weight=285 247 352 225 386 291 228
leaf_count=285 247 352 225 386 291 228
internal_value=-0.000596159 0.00012874 0.00103154 -0.000710289 0.00329225 -0.00426477
internal_weight=2014 1729 1482 839 643 453
internal_count=2014 1729 1482 839 643 453
is_linear=0
shrinkage=0.03


Tree=135
num_leaves=8
num_cat=0
split_feature=3 8 10 10 6 6 7
split_gain=5.62855 6.73195 7.50849 11.5213 9.59742 7.31473 3.69538
threshold=0.60775525199559088 -0.034198597721686243 2.0150919367024689 2.4892404591124091 0.079990188530781117 -0.12621751418457575 1.1860431462322782
decision_type=2 2 2 2 8 10 8
left_child=6 -2 4 -4 5 -3 -1
right_child=1 2 3 -5 -6 -7 -8
leaf_value=0.0051471860404728497 0.0034573310037426972 -0.0051557757916549842 0.0046997636242224264 -0.0044283198589600689 -0.0083407237491213721 0.0016045403937478698 -0.00036541827482069837
leaf_weight=227 225 265 287 212 277 305 206
leaf_count=227 225 265 287 212 277 305 206
internal_value=-0.000459493 -0.00129452 -0.00209871 0.000816241 -0.00381072 -0.00155592 0.00255033
internal_weight=2004 1571 1346 499 847 570 433
internal_count=2004 1571 1346 499 847 570 433
is_linear=0
shrinkage=0.03


Tree=136
num_leaves=8
num_cat=0
split_feature=7 10 6 1 13 1 12
split_gain=5.94911 14.2892 10.5633 8.31194 7.27474 6.67853 4.28337
threshold=1.0901034707071673 1.2907600455970787 -0.23155183603970134 0.89579669858367461 3.5000000000000004 1.3720180926228851 0.0049340455925490087
decision_type=10 2 10 2 2 2 2
left_child=1 -1 -3 -4 5 -5 -2
right_child=6 2 3 4 -6 -7 -8
leaf_value=-0.0062255071383960385 0.0059986270878736566 0.0066759817712008958 0.0030297828556706558 -0.00072710544681048957 0.001951663884399242 -0.0078472255395851294 6.9249319646863029e-05
leaf_weight=371 200 200 340 214 210 264 236
leaf_count=371 200 200 340 214 210 264 236
internal_value=-0.000260325 -0.00110815 0.000456869 -0.000779532 -0.00267032 -0.00470008 0.00282632
internal_weight=2035 1599 1228 1028 688 478 436
internal_count=2035 1599 1228 1028 688 478 436
is_linear=0
shrinkage=0.03


Tree=137
num_leaves=8
num_cat=0
split_feature=3 3 10 11 2 0 1
split_gain=8.68985 6.55312 9.77917 9.50322 13.2978 8.87113 7.15918
threshold=0.53160528510600991 0.70588235294117407 1.8823505307477013 1.1540437116856463 0.69538596175450185 0.52146767921939097 0.96889414626029302
decision_type=2 2 2 2 2 2 2
left_child=-1 2 -2 4 6 -6 -3
right_child=1 3 -4 -5 5 -7 -8
leaf_value=0.0045488990796074052 -0.0080049944482388259 0.0016290840905586945 0.00049151492849040519 -0.0041703328645433212 0.0026730894300089096 -0.0052215582719375292 0.0096458598994082073
leaf_weight=279 257 201 227 344 234 272 200
leaf_count=279 257 201 227 344 234 272 200
internal_value=-0.000317656 -0.00111105 -0.00405578 3.98433e-05 0.00165076 -0.00158024 0.00569703
internal_weight=2014 1735 484 1251 907 506 401
internal_count=2014 1735 484 1251 907 506 401
is_linear=0
shrinkage=0.03


Tree=138
num_leaves=8
num_cat=0
split_feature=2 1 1 8 11 9 9
split_gain=8.68758 8.14483 8.00494 9.75711 9.5969 15.8525 5.95431
threshold=0.43603769318169266 0.85611605637250798 0.90376853174534399 -0.0059512203935202833 -0.1234649403803471 0.74336032931428686 0.9294642701500041
decision_type=2 2 2 2 2 2 2
left_child=1 -1 3 -2 -4 -6 -7
right_child=2 -3 4 -5 5 6 -8
leaf_value=-0.0069427920181209905 0.00016918951483524365 0.00048501383937785733 0.0045045223852574097 0.0091042459520611387 -0.008729086854504714 0.0040524082677930754 -0.0022598449578435974
leaf_weight=232 202 301 323 237 201 279 251
leaf_count=232 202 301 323 237 201 279 251
internal_value=0.000488861 -0.00278258 0.00166215 0.0050411 0.000237635 -0.00166553 0.00106984
internal_weight=2026 533 1493 439 1054 731 530
internal_count=2026 533 1493 439 1054 731 530
is_linear=0
shrinkage=0.03


Tree=139
num_leaves=8
num_cat=0
split_feature=11 11 1 7 2 10 10
split_gain=7.25986 8.23082 6.90472 14.7494 12.0588 7.39085 4.07997
threshold=-0.91788754028769548 -0.30616978467149619 0.90376853174534399 0.55318816386523051 0.44948979591836685 1.9420371171324498 1.6357305021534423
decision_type=2 2 2 10 2 2 2
left_child=-1 -2 4 6 -3 -5 -4
right_child=1 2 3 5 -6 -7 -8
leaf_value=0.0053922382973610088 -0.0052330404759307388 -0.0022481867060929104 -0.0017730990664865732 0.0052551888112138184 0.0070862514774788065 -0.0012835443639481554 -0.0075677046277224337
leaf_weight=230 248 202 206 328 312 289 238
leaf_count=230 248 202 206 328 312 289 238
internal_value=0.000429409 -0.000209766 0.000595257 -0.000788424 0.00343154 0.00220678 -0.0049289
internal_weight=2053 1823 1575 1061 514 617 444
internal_count=2053 1823 1575 1061 514 617 444
is_linear=0
shrinkage=0.03


Tree=140
num_leaves=9
num_cat=0
split_feature=10 12 12 11 3 7 9 9
split_gain=8.95882 7.38936 5.21211 7.934 9.48356 12.1221 7.27618 3.66108
threshold=2.4160021649910406 0.096052707614573477 0.058650739755561017 0.64142701881620801 0.71066849816849809 0.28532861113297092 0.87407727734845941 0.9185604006129372
decision_type=2 2 2 2 2 10 2 2
left_child=1 2 3 4 -1 -6 -5 -2
right_child=7 -3 -4 6 5 -7 -8 -9
leaf_value=-0.0041679226463323732 0.0063038245876168098 -0.0065013874913479978 0.0038498570983959497 -0.0069863790763352229 -0.0015662133280278706 0.0078926099625370293 9.8128010102204575e-05 0.00066787602608271224
leaf_weight=230 210 212 202 309 241 239 223 203
leaf_count=230 210 212 202 309 241 239 223 203
internal_value=-0.00035195 -0.00133906 -0.000561341 -0.00129134 0.00078468 0.00317631 -0.00404348 0.00357474
internal_weight=2069 1656 1444 1242 710 480 532 413
internal_count=2069 1656 1444 1242 710 480 532 413
is_linear=0
shrinkage=0.03


Tree=141
num_leaves=8
num_cat=0
split_feature=1 1 12 8 0 1 11
split_gain=6.68149 7.1081 7.9037 6.72252 9.62595 5.91055 10.7176
threshold=0.5696788347487135 0.76462443804524749 -0.046254490482822867 -0.028092617891591176 0.51585213535980656 1.8006179887461369 0.59859451792782714
decision_type=2 2 2 2 2 2 2
left_child=-1 -2 -3 -4 -5 6 -6
right_child=1 2 3 4 5 -7 -8
leaf_value=0.0053238977333530781 -0.0046443663809487149 -0.0047230022074965143 0.0057156626360512662 -0.0036089943636791163 0.0093628702939474746 -0.001229784855001109 0.00011865938777073976
leaf_weight=205 284 220 252 366 206 261 243
leaf_count=205 284 220 252 366 206 261 243
internal_value=0.000255132 -0.000325007 0.000479835 0.00135623 0.000313537 0.00234667 0.00441628
internal_weight=2037 1832 1548 1328 1076 710 449
internal_count=2037 1832 1548 1328 1076 710 449
is_linear=0
shrinkage=0.03


Tree=142
num_leaves=8
num_cat=0
split_feature=11 9 8 8 2 2 0
split_gain=7.19426 9.02813 8.69492 10.4371 8.37968 8.0901 12.3633
threshold=-0.91788754028769548 0.73599826756111086 0.028281861021508228 -0.028092617891591176 0.53579972658920216 0.54419775411336591 0.51873702058813909
decision_type=2 2 2 2 2 2 2
left_child=-1 4 3 -3 -2 -5 -7
right_child=1 2 -4 5 -6 6 -8
leaf_value=0.0049529257801920181 0.00046051386157091754 0.0051966833257397942 0.0049944815291672147 -0.0062282136030443608 -0.007327782142032402 -0.0051516513593280995 0.0047716889397536469
leaf_weight=245 222 210 332 284 276 204 241
leaf_count=245 222 210 332 284 276 204 241
internal_value=0.000188844 -0.000483064 0.000860199 -0.000620261 -0.00388583 -0.00231991 0.000215867
internal_weight=2014 1769 1271 939 498 729 445
internal_count=2014 1769 1271 939 498 729 445
is_linear=0
shrinkage=0.03


Tree=143
num_leaves=8
num_cat=0
split_feature=9 1 13 4 9 9 1
split_gain=6.79796 6.45331 12.427 6.468 8.11174 6.96344 5.79658
threshold=0.62659298171518285 1.1531408147996667 1.0000000180025095e-35 0.42706721152205163 0.80186770849328026 0.87030206557997769 0.76462443804524749
decision_type=2 2 2 2 2 2 2
left_child=-1 2 -2 4 -3 -5 -4
right_child=1 3 6 5 -6 -7 -8
leaf_value=-0.0049390624140874598 0.0030833112242398784 0.0089961234651097684 -0.0078905518771442661 -0.0041930856271143605 0.0015886360386577554 0.0034713467016245759 -0.0013651569996506077
leaf_weight=208 355 214 214 213 346 204 284
leaf_count=208 355 214 214 213 346 204 284
internal_value=0.000134406 0.000722949 -0.00118015 0.00238206 0.00447392 -0.000446875 -0.0042198
internal_weight=2038 1830 853 977 560 417 498
internal_count=2038 1830 853 977 560 417 498
is_linear=0
shrinkage=0.03


Tree=144
num_leaves=8
num_cat=0
split_feature=0 11 8 9 3 14 9
split_gain=8.05954 9.83073 7.62324 5.41293 7.65489 6.64926 7.71032
threshold=0.49954397657288346 0.34973396078842472 -0.020225980416338152 0.68585601476550917 0.60775525199559088 1.0000000180025095e-35 0.89249671910173933
decision_type=2 2 2 2 2 2 2
left_child=1 -1 -2 -4 -5 -6 -7
right_child=2 -3 3 4 5 6 -8
leaf_value=-0.0017381158034102274 -0.005005932490856394 0.0068222104547519796 -0.0044173211281801133 0.0058650769960826342 -0.0035090434839030807 -0.0021074829815805368 0.0057543195605588449
leaf_weight=203 344 287 200 216 350 212 229
leaf_count=203 344 287 200 216 350 212 229
internal_value=-4.02763e-05 0.00329406 -0.00110088 2.81417e-05 0.000928516 -0.000447894 0.00199369
internal_weight=2041 490 1551 1207 1007 791 441
internal_count=2041 490 1551 1207 1007 791 441
is_linear=0
shrinkage=0.03


Tree=145
num_leaves=7
num_cat=0
split_feature=10 13 1 8 1 10
split_gain=5.72931 6.06271 9.08996 8.05987 10.4659 5.1972
threshold=2.6990045870034631 2.5000000000000004 1.2193162088036102 0.0010876400994656516 1.2139438281309067 1.588973057161587
decision_type=2 2 2 2 2 2
left_child=1 3 -3 5 -5 -1
right_child=-2 2 -4 4 -6 -7
leaf_value=0.0025447009696089274 -0.0041896874681618566 -0.0066441643549548244 0.0012998860645119464 0.0079873578624020131 -0.00061471287936460479 -0.0025289278865860002
leaf_weight=353 217 204 338 339 201 364
leaf_count=353 217 204 338 339 201 364
internal_value=0.000359213 0.000918004 -0.00172353 0.00205931 0.00480921 -3.07084e-05
internal_weight=2016 1799 542 1257 540 717
internal_count=2016 1799 542 1257 540 717
is_linear=0
shrinkage=0.03


Tree=146
num_leaves=8
num_cat=0
split_feature=1 1 11 11 8 6 3
split_gain=8.91048 6.18262 5.6118 9.25925 14.2611 13.4027 7.43509
threshold=0.5696788347487135 0.77824877768472878 1.8616340084565544 1.1540437116856463 -0.011118511063592634 -0.062901153715863342 0.73127870110234727
decision_type=2 2 2 2 2 8 2
left_child=-1 -2 3 4 5 -3 -6
right_child=1 2 -4 -5 6 -7 -8
leaf_value=0.0052859475024962339 -0.0052284080553239203 -0.0016021614096572863 0.0040624839413920012 -0.0058293063276735326 -0.0066739579725413108 0.0087268664461115121 5.0334515847840947e-05
leaf_weight=202 294 202 204 299 260 248 335
leaf_count=202 294 202 204 299 260 248 335
internal_value=-0.00061854 -0.0012786 -0.000514028 -0.00122116 0.000118823 0.00412363 -0.00291914
internal_weight=2044 1842 1548 1344 1045 450 595
internal_count=2044 1842 1548 1344 1045 450 595
is_linear=0
shrinkage=0.03


Tree=147
num_leaves=8
num_cat=0
split_feature=1 4 1 8 8 5 9
split_gain=7.93201 8.39126 10.2759 11.0851 10.3955 8.94254 6.1108
threshold=0.56067747670352508 0.10365433325082686 0.7889899631623164 -0.018382474472631475 -0.00072416428871330187 2.9285126517660331 0.80887754591754513
decision_type=2 2 2 2 2 2 2
left_child=-1 -2 -3 6 -5 -6 -4
right_child=1 2 3 4 5 -7 -8
leaf_value=0.0048786102607846259 -0.0050536261101156504 -0.0062396690327639007 0.0085289466963149596 -0.0069382699268559613 -0.0022869859143342499 0.0051235372632577577 0.0012138599541064632
leaf_weight=208 399 207 203 202 340 250 207
leaf_count=208 399 207 203 202 340 250 207
internal_value=-0.00060005 -0.00124205 -0.000148643 0.000921814 -0.00115274 0.000869734 0.00489484
internal_weight=2016 1808 1409 1202 792 590 410
internal_count=2016 1808 1409 1202 792 590 410
is_linear=0
shrinkage=0.03


Tree=148
num_leaves=8
num_cat=0
split_feature=12 8 13 8 7 7 13
split_gain=11.2703 7.02092 15.8453 6.01626 7.71426 11.4406 7.29052
threshold=0.10604851897062441 0.019075359797094113 2.5000000000000004 -0.034198597721686243 0.42691693641794798 0.73120242018083614 1.5000000000000002
decision_type=2 2 2 2 8 10 2
left_child=1 3 -3 -1 6 -6 -5
right_child=-2 2 -4 4 5 -7 -8
leaf_value=0.0033840541497561828 -0.0062026464518812755 0.0078489173058771435 -0.0024387556435945239 0.0053864724667520691 -0.0092307121162432133 -0.00045339244562631645 -0.0024721586175907688
leaf_weight=287 226 324 225 213 211 352 203
leaf_count=287 226 324 225 213 211 352 203
internal_value=3.96186e-05 0.000831797 0.0036487 -0.000399299 -0.00151997 -0.00379524 0.0015678
internal_weight=2041 1815 549 1266 979 563 416
internal_count=2041 1815 549 1266 979 563 416
is_linear=0
shrinkage=0.03


Tree=149
num_leaves=7
num_cat=0
split_feature=6 8 6 9 12 4
split_gain=5.78282 13.2957 6.20842 8.30582 5.54011 6.16246
threshold=-0.11805623892003346 -0.0059512203935202833 0.32983471823630056 0.76978260320972214 -0.0028824577193564123 0.2878109538775665
decision_type=8 2 10 2 2 2
left_child=1 -1 3 -2 -5 -6
right_child=2 -3 -4 4 5 -7
leaf_value=-0.0052674082785405304 0.0065314180312421042 0.0029993093305510348 -0.0026214922778700174 0.0045753424466893457 -0.0039502575351500662 0.0028068467899933294
leaf_weight=351 392 340 203 266 254 224
leaf_count=351 392 340 203 266 254 224
internal_value=0.00101564 -0.00120752 0.00216315 0.00302589 0.00114762 -0.000787472
internal_weight=2030 691 1339 1136 744 478
internal_count=2030 691 1339 1136 744 478
is_linear=0
shrinkage=0.03


Tree=150
num_leaves=8
num_cat=0
split_feature=9 1 0 4 1 14 9
split_gain=7.52709 10.2329 7.17966 9.4056 5.29192 5.42922 6.66985
threshold=0.7157160865317348 0.9299300767091766 0.54520355565546308 0.56441241198069314 1.6754967613435803 1.0000000180025095e-35 0.87631961368415989
decision_type=2 2 2 2 2 2 2
left_child=1 -1 3 4 5 6 -2
right_child=2 -3 -4 -5 -6 -7 -8
leaf_value=0.0020873157370199513 0.0034426661839838638 -0.0065584527499402481 -0.0036833784923869734 0.0068547864783820604 -0.0030295783704446218 0.0047697933257902806 -0.0039388610343490029
leaf_weight=200 210 308 240 269 264 324 221
leaf_count=200 210 308 240 269 264 324 221
internal_value=-2.19579e-05 -0.00316744 0.00103071 0.00191996 0.000590133 0.00186744 -0.000344058
internal_weight=2036 508 1528 1288 1019 755 431
internal_count=2036 508 1528 1288 1019 755 431
is_linear=0
shrinkage=0.03


Tree=151
num_leaves=7
num_cat=0
split_feature=3 6 7 2 9 6
split_gain=5.021 10.1774 11.6936 8.42999 5.66575 4.52944
threshold=0.78461538461538749 -0.18086248324787682 0.44802553782004972 0.64017238342252181 0.88549343365457223 -0.051533231973598319
decision_type=2 8 10 2 2 8
left_child=1 -1 -3 -2 -4 -5
right_child=3 2 4 5 -6 -7
leaf_value=0.0049742687827373823 0.0072277285947533751 -0.0078175517011591228 -0.0021602530172492702 -0.0016647040325991035 0.0036388454301507747 0.0032632171162026557
leaf_weight=262 277 208 346 303 262 365
leaf_count=262 277 208 346 303 262 365
internal_value=0.00128659 -0.000114207 -0.00176835 0.00287672 0.000347998 0.00103219
internal_weight=2023 1078 816 945 608 668
internal_count=2023 1078 816 945 608 668
is_linear=0
shrinkage=0.03


Tree=152
num_leaves=7
num_cat=0
split_feature=1 4 1 11 2 5
split_gain=6.47131 8.41416 8.20673 7.19853 5.16223 4.63939
threshold=2.202041815744864 0.10253080921424758 0.77824877768472878 0.088886541979367864 0.64367816091954044 2.7116834152257216
decision_type=2 2 2 2 2 2
left_child=1 5 -3 -4 -5 -1
right_child=-2 2 3 4 -6 -7
leaf_value=-0.00046239301260666323 -0.0041615100528004691 -0.0026827424248869096 0.0069748343600203157 0.0035562986390385238 -0.001953991553322835 -0.006543736448904997
leaf_weight=242 380 311 271 341 270 208
leaf_count=242 380 311 271 341 270 208
internal_value=-0.000660636 0.000159231 0.00147783 0.00295173 0.00112521 -0.00331434
internal_weight=2023 1643 1193 882 611 450
internal_count=2023 1643 1193 882 611 450
is_linear=0
shrinkage=0.03


Tree=153
num_leaves=7
num_cat=0
split_feature=5 11 3 7 12 0
split_gain=3.99133 7.7924 11.7926 8.3028 5.88211 6.40516
threshold=3.5831172262404478 1.5049921713634815 0.78571428571428981 0.24143208866928401 -0.0085863033591129217 0.51702600502023688
decision_type=2 2 2 10 2 2
left_child=1 2 4 -4 -1 -6
right_child=-2 -3 3 -5 5 -7
leaf_value=-0.0064202698517971451 0.0028599935510024922 -0.0056572001952583254 -0.00088504642845155333 0.0055560436629223317 -0.0048543328090777825 0.0019523502407329423
leaf_weight=269 243 290 346 368 211 289
leaf_count=269 243 290 346 368 211 289
internal_value=-0.000708333 -0.00120406 -0.000317168 0.00245028 -0.00288592 -0.000939693
internal_weight=2016 1773 1483 714 769 500
internal_count=2016 1773 1483 714 769 500
is_linear=0
shrinkage=0.03


Tree=154
num_leaves=8
num_cat=0
split_feature=2 12 1 9 7 4 1
split_gain=8.33697 7.71806 5.92147 6.48599 8.29616 8.81367 4.19918
threshold=0.43323201621073815 -0.046254490482822867 0.89579669858367461 0.74672340619313415 0.67997359678814073 0.3797031077367285 1.1531408147996667
decision_type=2 2 2 2 10 2 2
left_child=6 -2 -3 -4 5 -5 -1
right_child=1 2 3 4 -6 -7 -8
leaf_value=-0.0055824170548046418 -0.0041983049036314092 0.0051296593105199483 -0.0031674794558564138 -0.0046983742761850652 0.0070495289959619902 0.0037690267059172669 -0.00021081100308657747
leaf_weight=318 220 349 285 201 210 234 221
leaf_count=318 220 349 285 201 210 234 221
internal_value=-0.000220005 0.000931711 0.00182703 0.000566858 0.00222859 -0.000152427 -0.00340214
internal_weight=2038 1499 1279 930 645 435 539
internal_count=2038 1499 1279 930 645 435 539
is_linear=0
shrinkage=0.03


Tree=155
num_leaves=8
num_cat=0
split_feature=1 1 5 8 6 0 1
split_gain=7.79607 6.53346 6.75988 6.37512 14.6927 10.975 8.14714
threshold=0.5696788347487135 0.76462443804524749 3.5831172262404478 -0.011118511063592634 0.016643684144038055 0.51799377147999792 1.2193162088036102
decision_type=2 2 2 2 8 2 2
left_child=-1 -2 3 4 -3 -5 -7
right_child=1 2 -4 5 -6 6 -8
leaf_value=0.0055283001129116322 -0.0048195572927701774 -0.0021806906810281183 0.0052587748057685967 -0.0078078465648155349 0.0074210813146878456 0.0046533429261706944 -0.002804705620196231
leaf_weight=205 272 344 200 228 239 204 352
leaf_count=205 272 344 200 228 239 204 352
internal_value=5.15851e-05 -0.000572259 0.000177972 -0.000581834 0.00178517 -0.00234215 -5.12143e-05
internal_weight=2044 1839 1567 1367 583 784 556
internal_count=2044 1839 1567 1367 583 784 556
is_linear=0
shrinkage=0.03


Tree=156
num_leaves=8
num_cat=0
split_feature=9 2 7 14 10 10 0
split_gain=8.9393 7.21507 11.8005 6.19962 5.89659 8.84294 4.44661
threshold=0.89637619166735183 0.74349750968455652 1.1469567645147645 1.0000000180025095e-35 2.027346916085254 1.3034741388903353 0.5153317523382227
decision_type=2 2 10 2 2 2 2
left_child=1 2 4 6 5 -1 -2
right_child=3 -3 -4 -5 -6 -7 -8
leaf_value=-0.0049725439166198072 -0.0021920033311019242 0.0054176156554358 0.0054589823373966638 -5.6018728921014183e-05 -0.006221376974811994 0.0031681293500393317 -0.008530216506965782
leaf_weight=201 201 279 252 366 208 283 202
leaf_count=201 201 279 252 366 208 283 202
internal_value=-0.000367354 0.00122515 -3.59511e-05 -0.00289159 -0.0020618 -0.000228881 -0.00543458
internal_weight=1992 1223 944 769 692 484 403
internal_count=1992 1223 944 769 692 484 403
is_linear=0
shrinkage=0.03


Tree=157
num_leaves=8
num_cat=0
split_feature=8 12 11 13 11 7 8
split_gain=6.99015 8.41989 5.78861 16.7488 9.55196 4.53779 3.73174
threshold=-0.034198597721686243 -0.019931510004880467 0.9499668654323663 1.0000000180025095e-35 1.4798645135365078 0.47442880825468886 0.0058329922152917371
decision_type=2 2 2 2 2 8 2
left_child=-1 5 3 -3 -4 -2 -5
right_child=1 2 4 6 -6 -7 -8
leaf_value=0.003831795070888632 -0.0014569242466416841 0.0038890507640586595 0.0074199812571403359 -0.0018031975734924923 -0.00074759496300631832 -0.0075858213118735248 -0.007157203483167199
leaf_weight=290 207 306 206 202 329 231 289
leaf_count=290 207 306 206 202 329 231 289
internal_value=-0.000445912 -0.0011556 3.58522e-05 -0.00158103 0.00243689 -0.00473842 -0.00499492
internal_weight=2060 1770 1332 797 535 438 491
internal_count=2060 1770 1332 797 535 438 491
is_linear=0
shrinkage=0.03


Tree=158
num_leaves=8
num_cat=0
split_feature=2 6 12 12 1 8 8
split_gain=6.21541 7.1021 5.34869 13.9572 11.8292 7.27257 4.54142
threshold=0.71830503238760768 -0.051533231973598319 0.066729088933256311 0.037183829107819096 1.4490797355101928 0.0096817066801192977 -0.023402860234548701
decision_type=2 10 2 2 2 2 2
left_child=2 -2 3 4 5 6 -1
right_child=1 -3 -4 -5 -6 -7 -8
leaf_value=-0.0017699280419364207 -0.0064100738755546336 0.00034436882352456447 0.0042134542472300395 -0.007008940595527027 0.0063292949937443299 -0.0052837314910509367 0.0044579251057579429
leaf_weight=200 261 295 326 210 299 215 213
leaf_count=200 261 295 326 210 299 215 213
internal_value=-0.000169645 -0.0028552 0.000857226 -0.000119304 0.00147068 -0.000874295 0.00145692
internal_weight=2019 556 1463 1137 927 628 413
internal_count=2019 556 1463 1137 927 628 413
is_linear=0
shrinkage=0.03


Tree=159
num_leaves=7
num_cat=0
split_feature=0 6 2 12 7 6
split_gain=9.11496 8.31392 9.41708 8.955 7.53375 6.42505
threshold=0.49856188340216379 0.062439871945585097 0.69113355780022601 -0.0065611503808446483 0.43569900438384529 -0.017275561623727172
decision_type=2 8 2 2 10 10
left_child=5 3 -3 -2 -5 -1
right_child=1 2 -4 4 -6 -7
leaf_value=0.00041936018613769729 -0.0038651739594192719 -0.007140696182585329 0.00094496325230816508 0.0056896212502953502 -0.00061264983164365384 0.0073964030254041633
leaf_weight=284 313 358 200 305 378 200
leaf_count=284 313 358 200 305 378 200
internal_value=-0.000225592 -0.00134595 -0.00425996 0.000299713 0.00222258 0.00334858
internal_weight=2038 1554 558 996 683 484
internal_count=2038 1554 558 996 683 484
is_linear=0
shrinkage=0.03


Tree=160
num_leaves=8
num_cat=0
split_feature=6 6 12 6 12 11 11
split_gain=4.58925 6.04982 6.00568 9.13803 8.72815 6.01065 7.93076
threshold=0.32983471823630056 0.13570238919571834 -0.0065611503808446483 -0.098329109480481056 0.0098649067481491066 1.3876851202604101 0.11142636943291208
decision_type=10 8 2 10 2 2 2
left_child=1 2 3 -1 -4 6 -6
right_child=-2 -3 4 -5 5 -7 -8
leaf_value=-0.0065308295757687809 -0.0040677765200751413 0.0045929230246154274 0.0067482419336295646 0.0012987301774908986 0.0020064785732783405 0.0039586750203307016 -0.0051625834720865184
leaf_weight=267 202 288 202 262 254 219 296
leaf_count=267 202 288 202 262 254 219 296
internal_value=0.000162126 0.000650012 -0.000119771 -0.0026772 0.00128009 -0.00019059 -0.00186353
internal_weight=1990 1788 1500 529 971 769 550
internal_count=1990 1788 1500 529 971 769 550
is_linear=0
shrinkage=0.03


Tree=161
num_leaves=8
num_cat=0
split_feature=6 3 7 7 4 6 12
split_gain=5.3225 5.52113 11.0038 6.53826 4.19009 5.16432 3.26098
threshold=0.32983471823630056 0.61065237945162376 0.90101167886532485 0.61359367244151297 0.15804494081121459 -0.026088484525379426 0.014548044224728831
decision_type=10 2 8 10 2 10 2
left_child=1 6 3 4 -3 -6 -1
right_child=-2 2 -4 -5 5 -7 -8
leaf_value=0.0057175614511214409 -0.0050488765998078248 -0.0038425643308862543 -0.0061638314347518116 0.0051026217778717435 -0.0016839335655280826 0.0036932233272922422 0.00038255866728460704
leaf_weight=201 205 262 280 213 371 276 208
leaf_count=201 205 262 280 213 371 276 208
internal_value=-0.000527763 -3.49433e-06 -0.000899537 0.000435709 -0.00067979 0.000620608 0.00304179
internal_weight=2016 1811 1402 1122 909 647 409
internal_count=2016 1811 1402 1122 909 647 409
is_linear=0
shrinkage=0.03


Tree=162
num_leaves=8
num_cat=0
split_feature=2 5 1 5 11 9 9
split_gain=4.96373 16.094 7.37416 9.58794 6.49612 10.1981 4.26356
threshold=0.43603769318169266 2.2118916522739345 0.89579669858367461 3.3207905523478498 -0.21276567622479023 0.76624608786327808 0.80186770849328026
decision_type=2 2 2 2 2 2 2
left_child=1 -1 6 4 -4 -6 -2
right_child=2 -3 3 -5 5 -7 -8
leaf_value=-0.0083648197363580812 0.001580150758359328 0.0021846472748388358 0.0053864070407177453 -0.0051722590007442738 -0.0055280918783499194 0.0027962910460503998 0.0075925526698819423
leaf_weight=204 201 341 278 230 201 366 228
leaf_count=204 201 341 278 230 201 366 228
internal_value=0.000637646 -0.00180429 0.00152557 0.000192138 0.00167411 -0.000177208 0.00482621
internal_weight=2049 545 1504 1075 845 567 429
internal_count=2049 545 1504 1075 845 567 429
is_linear=0
shrinkage=0.03


Tree=163
num_leaves=7
num_cat=0
split_feature=4 4 10 11 2 12
split_gain=9.05586 8.27516 7.2807 8.31948 6.37609 3.97447
threshold=0.28441620250976646 0.42706721152205163 2.1142447571638483 0.045499880953161403 0.49926346321980469 0.02560499561565455
decision_type=2 2 2 2 2 2
left_child=2 -2 3 -1 -5 -3
right_child=1 5 -4 4 -6 -7
leaf_value=-0.0080785553371731204 0.0057446061762579789 -0.0025538084719397398 0.0012133476908665634 -0.0050815077792657048 0.0019453504501583698 0.0021900980338076374
leaf_weight=278 299 327 348 223 233 300
leaf_count=278 299 327 348 223 233 300
internal_value=-0.00049033 0.00168257 -0.00234914 -0.00403494 -0.00150887 -0.000284627
internal_weight=2008 926 1082 734 456 627
internal_count=2008 926 1082 734 456 627
is_linear=0
shrinkage=0.03


Tree=164
num_leaves=9
num_cat=0
split_feature=5 3 7 13 3 9 7 8
split_gain=5.64567 6.10105 6.35114 10.9206 9.44211 5.46708 4.62319 2.43339
threshold=1.3772727808669423 0.61065237945162376 0.42691693641794798 2.5000000000000004 0.84016806722688919 0.88051200975293287 0.89338839498134182 0.0053904905430790561
decision_type=2 2 8 2 2 2 8 2
left_child=-1 7 3 5 6 -3 -4 -2
right_child=1 2 4 -5 -6 -7 -8 -9
leaf_value=-0.0037316851802170273 0.001961908302025743 0.0085729019136517835 0.0029626951445193991 -0.0023227420159952438 -0.0069285967099395659 0.001675150124174429 -0.0027918273497576991 0.0066493194962718655
leaf_weight=235 201 216 290 277 215 200 214 205
leaf_count=235 201 216 290 277 215 200 214 205
internal_value=0.000595823 0.00116391 0.000226745 0.00226791 -0.00174269 0.00531596 0.000515884 0.0043808
internal_weight=2053 1818 1412 693 719 416 504 406
internal_count=2053 1818 1412 693 719 416 504 406
is_linear=0
shrinkage=0.03


Tree=165
num_leaves=8
num_cat=0
split_feature=6 2 3 11 5 1 9
split_gain=5.40344 5.05884 9.36846 8.02289 9.32387 8.77021 3.04259
threshold=0.22159259152553504 0.75608646064088825 0.85442415264542415 0.97723161522910262 1.7996550430749683 1.2291522182404975 0.85316422973523764
decision_type=8 2 2 2 2 2 2
left_child=1 2 3 4 -1 -6 -5
right_child=-2 -3 -4 6 5 -7 -8
leaf_value=0.0021638007604557535 0.003879883036991025 -0.0034892192995435866 0.0056261623666846545 0.0050407436387352291 -0.0097803598918499816 -0.0012566086422588865 -4.7148493092472306e-05
leaf_weight=225 324 353 256 209 203 231 209
leaf_count=225 324 353 256 209 203 231 209
internal_value=0.000362878 -0.000322462 0.000526052 -0.000706628 -0.00276084 -0.00530951 0.00252631
internal_weight=2010 1686 1333 1077 659 434 418
internal_count=2010 1686 1333 1077 659 434 418
is_linear=0
shrinkage=0.03


Tree=166
num_leaves=8
num_cat=0
split_feature=11 11 6 3 3 2 12
split_gain=6.34842 7.88952 6.57407 4.93236 7.68951 11.1273 3.95046
threshold=-0.91788754028769548 -0.36446991087219865 0.11675064327486763 0.90243902439024481 0.58318975419251251 0.61417181637607621 0.024502548316312382
decision_type=2 2 8 2 2 2 2
left_child=-1 -2 3 4 -3 -6 -4
right_child=1 2 6 -5 5 -7 -8
leaf_value=0.0045328410486690706 -0.0060532494881731826 0.0049954446139862801 -0.00014298500306904313 0.0054461537078832802 -0.0048862793325583952 0.0025927655011192597 -0.0059606522634728914
leaf_weight=235 210 233 205 202 361 346 211
leaf_count=235 210 233 205 202 361 346 211
internal_value=-4.63857e-05 -0.000666116 7.70469e-05 0.00125366 0.000328675 -0.00123359 -0.00312952
internal_weight=2003 1768 1558 1142 940 707 416
internal_count=2003 1768 1558 1142 940 707 416
is_linear=0
shrinkage=0.03


Tree=167
num_leaves=9
num_cat=0
split_feature=3 0 11 4 8 8 2 4
split_gain=6.09929 6.55898 12.023 8.05199 12.345 8.8269 7.56285 7.2695
threshold=0.51264769867337812 0.53692036336667737 1.5282205946903624 0.33780001158948963 0.008111889058389405 -0.022011458059593623 0.70093967614732378 0.28441620250976646
decision_type=2 2 2 2 2 2 2 2
left_child=-1 2 3 4 5 -2 -5 -3
right_child=1 7 -4 6 -6 -7 -8 -9
leaf_value=0.0044845698700875652 0.00070067837247298848 -0.0016056043141777963 -0.0070619409821986159 -0.0073541185261559814 -0.0042604779336574373 0.0089399057476019315 0.00072292561251400167 0.0060285565027997133
leaf_weight=240 252 202 281 209 201 215 202 243
leaf_count=240 252 202 281 209 201 215 202 243
internal_value=4.23345e-05 -0.000559079 -0.00159315 -0.000142934 0.00188588 0.00454842 -0.0034234 0.00258383
internal_weight=2045 1805 1360 1079 668 467 411 445
internal_count=2045 1805 1360 1079 668 467 411 445
is_linear=0
shrinkage=0.03


Tree=168
num_leaves=7
num_cat=0
split_feature=11 4 11 5 1 12
split_gain=5.88896 10.4412 6.12154 5.3952 5.29542 8.35218
threshold=0.3218318622119396 0.25714037034231035 0.65074324236675862 2.0261176567126093 0.83264351256230029 0.019617467127176661
decision_type=2 2 2 2 2 2
left_child=1 3 -2 -1 -4 -6
right_child=2 -3 4 -5 5 -7
leaf_value=-0.001878526355673673 0.0055694907462639992 0.0016513983965370457 0.0038745571209404328 -0.0083666264400439894 -0.0048155141317796323 0.0017770282589006047
leaf_weight=248 237 392 255 217 305 387
leaf_count=248 237 392 255 217 305 387
internal_value=-5.77057e-05 -0.00194554 0.00131118 -0.0049631 0.000221818 -0.00114234
internal_weight=2041 857 1184 465 947 692
internal_count=2041 857 1184 465 947 692
is_linear=0
shrinkage=0.03


Tree=169
num_leaves=7
num_cat=0
split_feature=6 2 0 0 9 1
split_gain=7.32311 5.611 12.4602 6.15645 8.58037 4.98005
threshold=-0.23155183603970134 0.49000655728095993 0.52056386236937824 0.5185174544749076 0.87407727734845941 1.224039635684826
decision_type=10 2 2 2 2 2
left_child=-1 2 -2 4 -3 -5
right_child=1 3 -4 5 -6 -7
leaf_value=0.0036569152769008904 0.004483801061213411 -0.0081006503687774539 -0.00442758160466081 0.0023229369155845594 -0.00034985687289583055 -0.0028307767699457583
leaf_weight=322 372 300 221 304 223 367
leaf_count=322 372 300 221 304 223 367
internal_value=-0.000473111 -0.00122543 0.00115344 -0.00240678 -0.00483043 -0.000495949
internal_weight=2109 1787 593 1194 523 671
internal_count=2109 1787 593 1194 523 671
is_linear=0
shrinkage=0.03


Tree=170
num_leaves=9
num_cat=0
split_feature=3 4 1 11 0 12 8 0
split_gain=5.22535 5.21904 8.62903 8.63218 5.91706 5.00525 4.59009 2.54947
threshold=0.61065237945162376 0.12735682637639109 0.7889899631623164 0.063743283826934796 0.51090800455775931 0.0040433743890176963 0.0020393934404019467 0.5312983648050329
decision_type=2 2 2 2 2 2 2 2
left_child=6 5 -3 -4 -5 -2 -1 -6
right_child=1 2 3 4 7 -7 -8 -9
leaf_value=-0.00088037420817932411 0.0048419775117961861 -0.0073246895787211098 0.0031657785295096576 -0.0068206628561424823 0.0015726646146504207 -0.001543091836963491 0.0051345396380464313 -0.0031332092738939801
leaf_weight=210 207 240 300 225 203 227 242 202
leaf_count=210 207 240 300 225 203 227 242 202
internal_value=-0.000471493 -0.00127452 -0.00231421 -0.000988931 -0.00297671 0.00152278 0.00236094 -0.000784049
internal_weight=2056 1604 1170 930 630 434 452 405
internal_count=2056 1604 1170 930 630 434 452 405
is_linear=0
shrinkage=0.03


Tree=171
num_leaves=9
num_cat=0
split_feature=11 7 7 8 11 8 6 8
split_gain=5.68976 7.3469 10.9113 10.3124 13.4973 8.46408 7.04736 4.14391
threshold=1.5049921713634815 0.24143208866928401 0.47442880825468886 -0.0066782294648771688 0.29804941532274315 0.024729682083372548 -0.0043042818747043845 -0.0059512203935202833
decision_type=2 10 10 2 2 2 10 2
left_child=1 7 -3 4 -4 -5 -2 -1
right_child=6 2 3 5 -6 -7 -8 -9
leaf_value=-0.0051241448014515082 0.00068354103572760953 0.0073393288820771362 -0.0017244267370551823 -0.0071091738114399568 0.008689916671729395 0.0014414730305342298 -0.0068514799983316818 0.00034205287429785815
leaf_weight=222 232 278 213 205 228 204 209 276
leaf_count=222 232 278 213 205 228 204 209 276
internal_value=7.86272e-05 0.00089953 0.00223671 0.000534698 0.00369692 -0.0028784 -0.00292425 -0.0021214
internal_weight=2067 1626 1128 850 441 409 441 498
internal_count=2067 1626 1128 850 441 409 441 498
is_linear=0
shrinkage=0.03


Tree=172
num_leaves=8
num_cat=0
split_feature=10 7 14 9 8 6 8
split_gain=5.49952 5.89833 5.68701 9.389 6.4929 3.26948 3.91986
threshold=2.6990045870034631 1.0614720662356063 1.0000000180025095e-35 0.89249671910173933 0.015738421475419141 -0.15762460451027019 -0.0089784329160477027
decision_type=2 10 2 2 2 8 2
left_child=1 2 5 4 -4 -1 -7
right_child=-2 -3 3 -5 -6 6 -8
leaf_value=0.00099773270078003413 -0.0042382290978904488 0.0038792145458484036 0.0024265691101268568 0.0057379491950778922 -0.0050479686364101675 -0.00094549951438536854 -0.0061573464228176925
leaf_weight=208 238 377 206 286 203 276 244
leaf_count=208 238 377 206 286 203 276 244
internal_value=-1.27531e-06 0.000569133 -0.00031833 0.00161682 -0.00129945 -0.00216418 -0.00342641
internal_weight=2038 1800 1423 695 409 728 520
internal_count=2038 1800 1423 695 409 728 520
is_linear=0
shrinkage=0.03


Tree=173
num_leaves=8
num_cat=0
split_feature=2 13 11 9 9 12 2
split_gain=8.83356 7.89965 8.6346 12.3842 12.3386 6.60901 4.1891
threshold=0.43323201621073815 5.5000000000000009 0.39034890683253515 0.73745236979163131 0.84060586457907227 0.0088673582129313328 0.68995521663279491
decision_type=2 2 2 2 2 2 2
left_child=5 2 4 -4 -2 -1 -5
right_child=1 -3 3 6 -6 -7 -8
leaf_value=-0.00039319445857325113 0.0028994374214772471 -0.0044355629691402816 -0.0023801943105531903 0.0040264340141204892 -0.0058099708720388363 -0.007218454914427427 0.0097343808399831377
leaf_weight=254 318 222 200 296 263 253 200
leaf_count=254 318 222 200 296 263 253 200
internal_value=-0.000433645 0.000726156 0.00163729 0.00387955 -0.00105897 -0.00383633 0.00640221
internal_weight=2006 1499 1277 696 581 507 496
internal_count=2006 1499 1277 696 581 507 496
is_linear=0
shrinkage=0.03


Tree=174
num_leaves=8
num_cat=0
split_feature=7 9 6 12 8 6 11
split_gain=8.5482 7.20297 6.47507 8.78811 7.42587 7.62972 8.87897
threshold=1.0901034707071673 0.85316422973523764 -0.23412551980848115 -0.030088803309315234 -0.021349477258064613 0.085901497644763528 0.52266906291268345
decision_type=10 2 10 2 2 10 2
left_child=2 -2 -1 -4 -5 6 -6
right_child=1 -3 3 4 5 -7 -8
leaf_value=0.0035937838838619039 0.0072195250739015837 -0.0003586938248302501 0.0030347909344367076 -0.0074085183053400859 0.0049880345948353534 -0.0053481921711749075 -0.002695677700055063
leaf_weight=249 248 203 284 244 233 293 309
leaf_count=249 248 203 284 244 233 293 309
internal_value=0.000214717 0.00384196 -0.000808842 -0.00162333 -0.00285772 -0.00149173 0.000622869
internal_weight=2063 451 1612 1363 1079 835 542
internal_count=2063 451 1612 1363 1079 835 542
is_linear=0
shrinkage=0.03


Tree=175
num_leaves=9
num_cat=0
split_feature=10 1 10 5 6 4 12 5
split_gain=5.22045 13.3884 10.379 5.03521 6.47703 10.2321 6.60877 3.25042
threshold=1.2767553074700351 1.0513467447016416 1.4444875586461412 3.5770134321210816 0.095506590548554718 0.5149615203004686 -0.0065611503808446483 2.7464301656593895
decision_type=2 2 2 2 8 2 2 2
left_child=1 -1 -2 4 5 6 -4 -8
right_child=2 -3 3 -5 -6 -7 7 -9
leaf_value=-0.0086910554824370725 0.0066107276376085045 0.0018732599037535049 -0.0048517852261374689 0.0035870281937280418 0.0021834591883911751 -0.0084621561795552545 0.0041253519009636797 -0.0012009140041967235
leaf_weight=208 204 216 228 217 332 206 202 202
leaf_count=208 204 216 228 217 332 206 202 202
internal_value=-0.00041289 -0.00335013 0.000377923 -0.00055925 -0.00134025 -0.00274095 -0.000824344 0.00148009
internal_weight=2015 424 1591 1387 1170 838 632 404
internal_count=2015 424 1591 1387 1170 838 632 404
is_linear=0
shrinkage=0.03


Tree=176
num_leaves=8
num_cat=0
split_feature=8 4 1 6 11 11 6
split_gain=4.84767 7.5186 8.0589 7.51014 7.40844 9.19818 7.43409
threshold=0.0010876400994656516 0.28441620250976646 1.4013277048011255 -0.06444566847512094 1.1540437116856463 0.48822273021454804 -0.040179431325572383
decision_type=2 2 2 8 2 2 8
left_child=4 3 -3 -2 5 6 -1
right_child=1 2 -4 -5 -6 -7 -8
leaf_value=-0.0048867709901228859 0.0036275687515342106 0.0085478273806660326 0.00060598507929615327 -0.0034703215535668549 -0.0055072002090782541 0.0050334738040765546 0.0021097825324306123
leaf_weight=326 208 210 249 358 286 233 229
leaf_count=326 208 210 249 358 286 233 229
internal_value=-1.13175e-05 0.00146082 0.00429246 -0.000852985 -0.00141655 9.34864e-05 -0.00200684
internal_weight=2099 1025 459 566 1074 788 555
internal_count=2099 1025 459 566 1074 788 555
is_linear=0
shrinkage=0.03


Tree=177
num_leaves=8
num_cat=0
split_feature=0 0 0 10 10 1 8
split_gain=5.70046 6.67454 6.95293 14.3292 6.85078 6.40219 4.8102
threshold=0.49856188340216379 0.50703875844362867 0.52235803579997453 1.7337488701602704 1.9005224834735435 0.91491871519300505 0.019394471223640269
decision_type=2 2 2 2 2 2 2
left_child=5 -2 3 -3 6 -1 -4
right_child=1 2 4 -5 -6 -7 -8
leaf_value=0.0072971387999584371 -0.0050078595480536692 0.0091892145118067856 -0.0063792546276956619 -0.0014114684490749705 0.0019235941249122156 0.00035389346541049555 -0.00051806427034977321
leaf_weight=201 238 204 247 252 367 286 254
leaf_count=201 238 204 247 252 367 286 254
internal_value=0.000448349 -0.000437323 0.000400019 0.00337917 -0.00117546 0.00326462 -0.0034422
internal_weight=2049 1562 1324 456 868 487 501
internal_count=2049 1562 1324 456 868 487 501
is_linear=0
shrinkage=0.03


Tree=178
num_leaves=8
num_cat=0
split_feature=12 12 3 5 0 7 13
split_gain=8.17845 6.7023 5.60456 9.82078 7.96797 10.0444 8.46126
threshold=0.10604851897062441 0.069847424930635185 0.61793662312530329 3.2449851136474086 0.49856188340216379 0.46647891919137335 1.5000000000000002
decision_type=2 2 2 2 2 8 2
left_child=1 2 -1 4 -4 6 -6
right_child=-2 -3 3 -5 5 -7 -8
leaf_value=0.0042968580507852317 -0.0044085286069093848 0.0066843819238447564 0.0062207459063590067 -0.004988639001534026 0.0070220925907293948 -0.0043427413466299285 -0.0012757177429688548
leaf_weight=354 219 207 233 268 211 294 224
leaf_count=354 219 207 233 268 211 294 224
internal_value=0.00100096 0.00167286 0.00099897 3.62689e-05 0.0014547 -0.000100609 0.00278326
internal_weight=2010 1791 1584 1230 962 729 435
internal_count=2010 1791 1584 1230 962 729 435
is_linear=0
shrinkage=0.03


Tree=179
num_leaves=8
num_cat=0
split_feature=11 9 12 6 0 4 9
split_gain=5.87318 5.78734 5.94575 13.4551 8.8093 7.367 4.80441
threshold=-0.91788754028769548 0.7199185136053784 -0.00049683948453083094 -0.15436572750782632 0.51873702058813909 0.24327152598784146 0.65645801673970561
decision_type=2 2 2 8 2 2 2
left_child=-1 6 5 -4 -5 -3 -2
right_child=1 2 3 4 -6 -7 -8
leaf_value=0.0041587074709335163 -0.00090618775116789311 0.0064235275351317732 0.0052187926593287894 -0.0071366728633978759 -0.00014747862997923939 -0.0010201452370716755 -0.0070518880925964618
leaf_weight=243 260 249 213 298 350 224 202
leaf_count=243 260 249 213 298 350 224 202
internal_value=-0.000170073 -0.000765679 0.000239651 -0.00124373 -0.00339168 0.00292461 -0.00364
internal_weight=2039 1796 1334 861 648 473 462
internal_count=2039 1796 1334 861 648 473 462
is_linear=0
shrinkage=0.03


Tree=180
num_leaves=8
num_cat=0
split_feature=1 7 3 7 13 0 12
split_gain=4.70336 8.35384 6.07222 12.6314 5.32467 8.89172 7.69652
threshold=1.8006179887461369 0.62127928159615953 0.59752457364488698 0.89338839498134182 2.5000000000000004 0.50703875844362867 0.016849456623950324
decision_type=2 8 2 8 2 2 2
left_child=2 -2 -1 4 5 -4 -7
right_child=1 -3 3 -5 -6 6 -8
leaf_value=0.0055046327784657482 -0.0061965493735573864 0.0011381697605036241 -0.0017317090239888483 -0.0062090775701933755 -0.0013734589723388773 0.0094029853052819048 0.0018360892105407601
leaf_weight=265 225 353 213 203 306 236 249
leaf_count=265 225 353 213 203 306 236 249
internal_value=0.000537639 -0.0017457 0.0014371 0.000525033 0.00191063 0.00334989 0.0055765
internal_weight=2050 578 1472 1207 1004 698 485
internal_count=2050 578 1472 1207 1004 698 485
is_linear=0
shrinkage=0.03


Tree=181
num_leaves=9
num_cat=0
split_feature=12 12 4 4 4 1 11 5
split_gain=5.99549 7.22057 5.39979 14.0026 11.5128 8.32279 4.29774 3.52946
threshold=-0.063717205201775859 0.10604851897062441 0.41273332793027356 0.27400565187807507 0.66556075659932701 0.92068924729867552 0.54067626414316627 2.5689260999572827
decision_type=2 2 2 2 2 2 2 2
left_child=-1 2 3 5 -4 7 -7 -2
right_child=1 -3 4 -5 -6 6 -8 -9
leaf_value=-0.0048112255080779024 0.0066347837884251663 -0.0045931231582861587 -0.0053867366023739021 0.0093013609516968444 0.0033738278145184039 -0.0046433403027408265 0.00096955554317741427 0.001037743195492242
leaf_weight=212 200 219 285 206 248 250 234 205
leaf_count=212 200 219 285 206 248 250 234 205
internal_value=-9.35827e-05 0.000459439 0.0011511 0.00235301 -0.00131705 0.00069992 -0.0019475 0.00384892
internal_weight=2059 1847 1628 1095 533 889 484 405
internal_count=2059 1847 1628 1095 533 889 484 405
is_linear=0
shrinkage=0.03


Tree=182
num_leaves=8
num_cat=0
split_feature=11 10 8 8 11 1 2
split_gain=4.97651 7.14966 6.89491 7.3218 6.54939 5.6176 3.20772
threshold=-0.45974268321002565 1.0904280408424893 -0.028092617891591176 0.02951236086291939 -1.1271331340059467 0.91491871519300505 0.55247913598428922
decision_type=2 2 2 2 2 2 2
left_child=4 -2 -3 5 -1 -4 -7
right_child=1 2 3 -5 -6 6 -8
leaf_value=0.0014673754904204262 0.0064771783369808236 0.0048026375009954624 0.0012151589455070759 0.0032003511645838012 -0.0059918419907399271 -0.0068010523360488668 -0.0019419259310682088
leaf_weight=203 203 268 299 335 213 205 307
leaf_count=203 203 268 299 335 213 205 307
internal_value=0.00053032 0.00128348 0.00051765 -0.000500933 -0.00237769 -0.00204007 -0.00393443
internal_weight=2033 1617 1414 1146 416 811 512
internal_count=2033 1617 1414 1146 416 811 512
is_linear=0
shrinkage=0.03


Tree=183
num_leaves=8
num_cat=0
split_feature=6 6 7 0 2 1 5
split_gain=6.32639 16.2857 6.88246 10.3495 7.68381 7.8702 6.13891
threshold=0.32983471823630056 0.19011325767983969 -0.019507879461307106 0.49072083229051283 0.43323201621073815 0.92068924729867552 2.5417891265245536
decision_type=10 8 10 2 2 2 2
left_child=1 2 -1 -4 -5 -6 -7
right_child=-2 -3 3 4 5 6 -8
leaf_value=-0.0049379291958782986 -0.0046451037211674975 0.0088449521643541203 -0.0050634466419350122 -0.0023511996960267423 0.0082093083119063187 0.00480470649279254 -0.00095667787508196345
leaf_weight=225 203 200 232 295 210 293 374
leaf_count=225 203 200 232 295 210 293 374
internal_value=0.000314254 0.000875855 -0.00012662 0.000659209 0.00180872 0.0032134 0.0015911
internal_weight=2032 1829 1629 1404 1172 877 667
internal_count=2032 1829 1629 1404 1172 877 667
is_linear=0
shrinkage=0.03


Tree=184
num_leaves=8
num_cat=0
split_feature=12 6 6 8 4 9 14
split_gain=3.48461 10.788 6.65828 6.38178 4.99335 8.76677 3.15452
threshold=0.067606690575764475 0.011708694566260782 0.018543628346725297 0.004677444029016581 0.52651148911633638 0.72815938766260024 1.0000000180025095e-35
decision_type=2 8 8 2 2 2 2
left_child=2 -2 4 -4 5 -1 -7
right_child=1 -3 3 -5 -6 6 -8
leaf_value=0.0035882523502497109 0.0069145550311558003 -0.0024713733537906333 0.0044601236979015689 -0.0015703504878615381 -0.0062661390507178921 -0.0054004314011261746 -0.0006709144748747348
leaf_weight=233 213 219 324 300 224 291 225
leaf_count=233 213 219 324 300 224 291 225
internal_value=-0.000192513 0.00218258 -0.000839798 0.00157142 -0.00238628 -0.00119209 -0.00336437
internal_weight=2029 432 1597 624 973 749 516
internal_count=2029 432 1597 624 973 749 516
is_linear=0
shrinkage=0.03


Tree=185
num_leaves=7
num_cat=0
split_feature=5 1 0 3 3 10
split_gain=11.5409 5.75583 7.40578 4.87751 7.90221 7.42079
threshold=3.6216794482451635 2.1721285037206424 0.54660340689613085 0.89614342228924915 0.8181818181818179 1.6135358687159409
decision_type=2 2 2 2 2 2
left_child=1 2 3 4 5 -1
right_child=-2 -3 -4 -5 -6 -7
leaf_value=0.0038390263967178107 0.0054893739641053985 -0.0050798877061315161 -0.0060204692748196138 0.0035064767677465392 -0.0056787408894992302 -0.0021573147518355123
leaf_weight=339 228 342 203 285 233 399
leaf_count=339 228 342 203 285 233 399
internal_value=-0.000797221 -0.00160607 -0.00077722 9.07279e-05 -0.000924662 0.000604401
internal_weight=2029 1801 1459 1256 971 738
internal_count=2029 1801 1459 1256 971 738
is_linear=0
shrinkage=0.03


Tree=186
num_leaves=8
num_cat=0
split_feature=1 11 9 12 6 11 11
split_gain=5.71444 11.3216 5.68051 7.19164 14.5796 9.24696 7.43368
threshold=0.7889899631623164 0.045499880953161403 0.99165928588403851 0.0040433743890176963 -0.047957373317637879 1.2452279828962871 0.15444170115447878
decision_type=2 2 2 2 10 2 2
left_child=1 -1 3 4 -2 6 -5
right_child=2 -3 -4 5 -6 -7 -8
leaf_value=-0.0073332247410736011 4.8722178750746957e-05 0.0017215202198750882 -0.0014955368356445566 0.0024831828133366402 0.01079091942630451 0.0055673779203897992 -0.0051575004772859675
leaf_weight=204 217 303 372 206 234 236 247
leaf_count=204 217 303 372 206 234 236 247
internal_value=0.000785382 -0.00195784 0.00170865 0.0027562 0.00567949 0.000815561 -0.00169375
internal_weight=2019 507 1512 1140 451 689 453
internal_count=2019 507 1512 1140 451 689 453
is_linear=0
shrinkage=0.03


Tree=187
num_leaves=7
num_cat=0
split_feature=0 11 0 8 4 4
split_gain=8.76485 7.29644 6.52515 4.43396 10.3242 9.12008
threshold=0.49856188340216379 0.44362454042104177 0.51090800455775931 0.015066137984232656 0.31206819310033124 0.34909352767805751
decision_type=2 2 2 2 2 2
left_child=1 -1 -2 4 -4 -5
right_child=2 -3 3 5 -6 -7
leaf_value=-0.00083011358628206169 -0.0048986514626307084 0.0065883753617294134 0.0054467303957191219 -0.0047776708167880664 -0.0023462035227566958 0.0023784933364324602
leaf_weight=209 338 270 306 396 297 263
leaf_count=209 338 270 306 396 297 263
internal_value=-0.00016272 0.00337636 -0.00122945 -0.000231279 0.00162069 -0.00192532
internal_weight=2079 479 1600 1262 603 659
internal_count=2079 479 1600 1262 603 659
is_linear=0
shrinkage=0.03


Tree=188
num_leaves=8
num_cat=0
split_feature=8 0 5 9 14 5 1
split_gain=6.0337 8.62443 5.93727 4.45049 6.6229 6.45374 5.69897
threshold=-0.021349477258064613 0.49685803021440811 1.693193677396992 0.90019549680897493 1.0000000180025095e-35 3.173892323152721 1.2350258171066304
decision_type=2 2 2 2 2 2 2
left_child=1 -1 -2 5 -5 6 -4
right_child=2 -3 3 4 -6 -7 -8
leaf_value=0.0012189027943543306 0.0050593764873753701 -0.0060261404654406879 0.0028065555747395945 -0.0056638682669175686 0.00088301194857862988 0.0056312673142683957 -0.0037380509823560712
leaf_weight=252 219 348 225 261 289 213 245
leaf_count=252 219 348 225 261 289 213 245
internal_value=-0.000480817 -0.0029983 0.000566183 -0.000249089 -0.00224682 0.00136426 -0.000608432
internal_weight=2052 600 1452 1233 550 683 470
internal_count=2052 600 1452 1233 550 683 470
is_linear=0
shrinkage=0.03


Tree=189
num_leaves=8
num_cat=0
split_feature=5 7 9 9 8 11 14
split_gain=6.53787 7.78974 7.68028 6.00494 4.86968 6.63424 4.06464
threshold=1.8915375017503908 0.42298854303939815 0.67375863048657225 0.94171345948348906 -0.020225980416338152 0.98977384525111456 1.0000000180025095e-35
decision_type=2 10 2 2 2 2 2
left_child=1 -1 -2 4 -4 -6 -5
right_child=2 -3 3 6 5 -7 -8
leaf_value=-0.0069822915131869945 -0.0036881115272918269 0.00075851529836654661 0.00041008659353312314 -0.0029204733445626365 0.0022684519877019401 0.0090365278670314422 0.0023636666657798093
leaf_weight=212 237 252 262 268 287 241 247
leaf_count=212 237 252 262 268 287 241 247
internal_value=0.000288652 -0.00281497 0.00122864 0.00213223 0.00376713 0.00541346 -0.000387779
internal_weight=2006 464 1542 1305 790 528 515
internal_count=2006 464 1542 1305 790 528 515
is_linear=0
shrinkage=0.03


Tree=190
num_leaves=8
num_cat=0
split_feature=11 3 11 0 2 6 7
split_gain=6.52276 5.33157 6.21044 5.04949 11.3344 5.29514 4.31054
threshold=-0.91788754028769548 0.51655629139072767 0.39034890683253515 0.49856188340216379 0.52033921676778927 -0.011837395016796202 0.44802553782004972
decision_type=2 2 2 2 2 10 8
left_child=-1 -2 6 -4 -5 -6 -3
right_child=1 2 3 4 5 -7 -8
leaf_value=0.0038580973796456691 0.0030821215919935689 -0.0019942233529811918 0.0035581890948030142 -0.0070042971940997411 0.0034854132297680081 -0.0023869424870475954 -0.0073394874787748093
leaf_weight=244 212 299 210 239 293 253 252
leaf_count=244 212 299 210 239 293 253 252
internal_value=-0.000689697 -0.00133006 -0.00194307 -0.000521216 -0.00162813 0.000767372 -0.0044829
internal_weight=2002 1758 1546 995 785 546 551
internal_count=2002 1758 1546 995 785 546 551
is_linear=0
shrinkage=0.03


Tree=191
num_leaves=8
num_cat=0
split_feature=11 0 11 3 10 11 11
split_gain=5.68708 8.14101 8.7195 8.91623 8.17318 4.25189 4.80419
threshold=1.6228576584495065 0.52235803579997453 0.93207131418200884 0.85897435897436003 1.566932789148096 -0.21276567622479023 0.64142701881620801
decision_type=2 2 2 2 2 2 2
left_child=1 2 3 4 -1 -3 -7
right_child=-2 5 -4 -5 -6 6 -8
leaf_value=0.0025326973648204395 -0.0032816692031871196 0.0017515318020852892 0.0075902219381937877 0.006028478084955104 -0.0051199380210042002 -0.0062394309570081531 -0.00028528552127481382
leaf_weight=248 377 224 232 210 245 235 249
leaf_count=248 377 224 232 210 245 235 249
internal_value=1.64793e-05 0.000780927 0.00261255 0.00092784 -0.00128356 -0.00163931 -0.00321048
internal_weight=2020 1643 935 703 493 708 484
internal_count=2020 1643 935 703 493 708 484
is_linear=0
shrinkage=0.03


Tree=192
num_leaves=8
num_cat=0
split_feature=0 0 6 0 6 9 12
split_gain=4.89769 8.24129 8.18615 5.46705 6.83343 6.32647 13.062
threshold=0.55079839993302893 0.5382651544663416 0.22159259152553504 0.49031590878944942 0.035260110972420884 0.76803632665878896 1.0000000180025095e-35
decision_type=2 2 8 2 10 2 2
left_child=1 2 3 -1 5 -5 -7
right_child=-2 -3 -4 4 -6 6 -8
leaf_value=-0.0044658104705600048 0.004072194435977651 -0.0056585361216421005 0.0051747968943001554 -0.0015662156554819399 -0.003637574162425064 -0.0017975518099315789 0.008227779712671272
leaf_weight=264 236 235 255 306 282 202 268
leaf_count=264 236 235 255 306 282 202 268
internal_value=5.38276e-05 -0.000479301 0.000307938 -0.000646789 0.000322685 0.00177593 0.00394545
internal_weight=2048 1812 1577 1322 1058 776 470
internal_count=2048 1812 1577 1322 1058 776 470
is_linear=0
shrinkage=0.03


Tree=193
num_leaves=8
num_cat=0
split_feature=12 1 13 1 4 9 12
split_gain=6.32789 7.48144 14.4803 8.9851 10.0846 7.67056 3.7713
threshold=-0.04719051083240771 0.7889899631623164 1.0000000180025095e-35 1.8006179887461369 0.10454304807210364 0.9185604006129372 0.046124993970516955
decision_type=2 2 2 2 2 2 2
left_child=-1 2 -2 4 -3 -6 -5
right_child=1 3 -4 6 5 -7 -8
leaf_value=-0.003921793500778239 0.0028612198530548684 -0.0019674820782201834 -0.0083645762379414255 0.00091097483910581927 0.008146511300071848 0.0010797250026053833 -0.0042770490420339083
leaf_weight=312 200 206 205 287 391 215 218
leaf_count=312 200 206 205 287 391 215 218
internal_value=-2.57859e-05 0.000689422 -0.00285369 0.00178566 0.00373124 0.00566867 -0.00134858
internal_weight=2034 1722 405 1317 812 606 505
internal_count=2034 1722 405 1317 812 606 505
is_linear=0
shrinkage=0.03


Tree=194
num_leaves=8
num_cat=0
split_feature=1 4 12 12 4 2 6
split_gain=5.78558 10.5744 11.7198 11.7433 8.78965 8.22454 4.9784
threshold=1.7885631224242502 0.34909352767805751 0.041287636008136681 -0.0073227799208102065 0.34147861177100985 0.66482938844166661 -0.046474884518907626
decision_type=2 2 2 2 2 2 8
left_child=1 2 3 6 -2 -3 -1
right_child=4 5 -4 -5 -6 -7 -8
leaf_value=-0.0050000708525497197 0.0020668117057154826 0.00078286960703688999 -0.0053491686032010382 0.0058613693293106429 -0.0054821131890088583 0.0090407490648230782 0.0015676422142966208
leaf_weight=206 232 210 307 319 333 222 201
leaf_count=206 232 210 307 319 333 222 201
internal_value=0.000174698 0.00116914 -0.000483562 0.00159645 -0.00239144 0.00508139 -0.00177689
internal_weight=2030 1465 1033 726 565 432 407
internal_count=2030 1465 1033 726 565 432 407
is_linear=0
shrinkage=0.03


Tree=195
num_leaves=8
num_cat=0
split_feature=7 0 12 5 6 3 13
split_gain=5.50623 5.18251 15.7114 8.53673 15.071 7.59354 6.16505
threshold=0.013423482996318627 0.52146767921939097 0.0075940593183357894 2.6570208091639644 -0.01312146506494216 0.74973739013127882 1.0000000180025095e-35
decision_type=10 2 2 2 8 2 2
left_child=-1 3 -3 4 -2 -4 -5
right_child=1 2 5 6 -6 -7 -8
leaf_value=-0.0037987795655471668 0.00037407803743217999 -0.0072835007517425051 -0.0014855940113390298 0.0029843342183784654 0.010854626147049493 0.0061968474290830999 -0.0038164062821470254
leaf_weight=312 307 258 261 203 202 201 279
leaf_count=312 307 258 261 203 202 201 279
internal_value=-0.000166612 0.000504851 -0.00142645 0.00190813 0.00459848 0.00188733 -0.000950961
internal_weight=2023 1711 720 991 509 462 482
internal_count=2023 1711 720 991 509 462 482
is_linear=0
shrinkage=0.03


Tree=196
num_leaves=8
num_cat=0
split_feature=1 1 1 7 11 4 4
split_gain=5.41309 6.28053 10.0507 9.72966 7.44154 4.7864 4.25258
threshold=0.56067747670352508 0.76462443804524749 0.89579669858367461 0.62127928159615953 -0.21276567622479023 0.19438973464639059 0.3797031077367285
decision_type=2 2 2 10 2 2 2
left_child=-1 -2 -3 4 -4 -5 -6
right_child=1 2 3 5 6 -7 -8
leaf_value=0.0051430705519042155 -0.0039880167340575643 0.0069080715956005966 0.0019265075561565323 0.0054583745035935534 -0.0080141412695733504 0.00030756709152005295 -0.0022412037937551417
leaf_weight=202 290 204 217 270 200 398 274
leaf_count=202 290 204 217 270 200 398 274
internal_value=0.000541956 2.78872e-05 0.000783341 -0.000157997 -0.00264441 0.00241457 -0.00473527
internal_weight=2055 1853 1563 1359 691 668 474
internal_count=2055 1853 1563 1359 691 668 474
is_linear=0
shrinkage=0.03


Tree=197
num_leaves=7
num_cat=0
split_feature=5 12 4 4 9 1
split_gain=3.90395 5.08429 18.1035 7.67936 9.6774 7.17615
threshold=1.3772727808669423 0.035821923450864331 0.33480066306687351 0.57689049730447672 0.72815938766260024 1.1665920793589593
decision_type=2 2 2 2 2 2
left_child=-1 3 -3 4 -2 -6
right_child=1 2 -4 -5 5 -7
leaf_value=-0.0035421974700288613 0.007747372703221231 -0.0056614490429292164 0.0038445673505147129 -0.0032746857312852388 -0.0015838035318931959 0.0047857093695404659
leaf_weight=233 266 399 321 214 390 262
leaf_count=233 266 399 321 214 390 262
internal_value=7.54184e-05 0.000538862 -0.00142606 0.00178941 0.00298128 0.000992667
internal_weight=2085 1852 720 1132 918 652
internal_count=2085 1852 720 1132 918 652
is_linear=0
shrinkage=0.03


Tree=198
num_leaves=8
num_cat=0
split_feature=12 12 5 1 0 5 5
split_gain=6.2925 13.2648 5.64316 6.26763 7.98926 4.64694 8.13407
threshold=0.10604851897062441 0.062763384383134072 3.305627994015349 1.968591383249626 0.53752621899896902 2.7226891404125575 1.8915375017503908
decision_type=2 2 2 2 2 2 2
left_child=1 2 3 4 5 6 -1
right_child=-2 -3 -4 -5 -6 -7 -8
leaf_value=-0.0019382940762572819 -0.0051417769775015569 0.0063807362917419307 -0.0044925491512394864 0.0040533213907937432 -0.0064202323917572088 -0.0032583634389116416 0.0053999260628130284
leaf_weight=265 231 252 320 259 200 232 270
leaf_count=265 231 252 320 259 200 232 270
internal_value=-0.000536063 6.82796e-05 -0.000977912 -4.60298e-05 -0.0011592 0.000245347 0.00178082
internal_weight=2029 1798 1546 1226 967 767 535
internal_count=2029 1798 1546 1226 967 767 535
is_linear=0
shrinkage=0.03


Tree=199
num_leaves=7
num_cat=0
split_feature=4 10 2 12 12 7
split_gain=5.17709 10.2482 8.57444 6.74162 7.93391 4.84034
threshold=0.32085631668547604 1.4251468499633024 0.63793103448275856 -0.014462332439880097 0.037183829107819096 0.30619863481397319
decision_type=2 2 2 2 2 10
left_child=2 -2 3 -1 -5 -3
right_child=1 5 -4 4 -6 -7
leaf_value=-0.0033112303351885393 0.0066610262040048829 0.0031019719788645947 -0.0049866125429921509 0.0061500946967862546 -0.0011872177149404536 -0.0024146009409567342
leaf_weight=280 255 218 390 255 268 395
leaf_count=280 255 218 390 255 268 395
internal_value=-8.74793e-05 0.00166984 -0.00136769 0.000409918 0.00241461 -0.000443529
internal_weight=2061 868 1193 803 523 613
internal_count=2061 868 1193 803 523 613
is_linear=0
shrinkage=0.03


Tree=200
num_leaves=8
num_cat=0
split_feature=11 10 11 12 3 5 1
split_gain=5.31645 5.28536 5.29938 4.38067 5.64611 4.93892 4.65326
threshold=-0.91788754028769548 2.5485077518666013 1.4484386045238902 -0.036832657574187348 0.90076335877862646 2.8291433035961702 1.3912436149067069
decision_type=2 2 2 2 2 2 2
left_child=-1 2 3 -2 5 6 -5
right_child=1 -3 -4 4 -6 -7 -8
leaf_value=0.0038230648136041204 0.0030982814255085859 0.0031723259507693471 -0.0049069299992364661 -0.0018007096809081055 0.0029617358367980979 0.00074864616427781439 -0.0074940688685550313
leaf_weight=239 226 243 327 303 200 260 226
leaf_count=239 226 243 327 303 200 260 226
internal_value=-0.0003322 -0.000897688 -0.00154725 -0.000626638 -0.00148914 -0.00262891 -0.00428043
internal_weight=2024 1785 1542 1215 989 789 529
internal_count=2024 1785 1542 1215 989 789 529
is_linear=0
shrinkage=0.03


Tree=201
num_leaves=8
num_cat=0
split_feature=5 12 8 4 13 7 1
split_gain=9.38555 8.16784 8.42847 4.68931 6.59312 9.77926 7.45378
threshold=1.3772727808669423 0.10438723717383576 -0.030664222770707478 0.089861877898902404 3.5000000000000004 0.40691970174117248 1.4490797355101928
decision_type=2 2 2 2 2 8 2
left_child=-1 2 -2 -4 5 -5 -7
right_child=1 -3 3 4 -6 6 -8
leaf_value=-0.0052960870238511178 0.0067049231818252864 -0.0043139090614729668 0.0042258128196452603 0.0053744392240636018 -0.0041151846794599892 -0.0049315055314495806 0.0027783339121265379
leaf_weight=223 268 211 292 314 262 247 200
leaf_count=223 268 211 292 314 262 247 200
internal_value=0.00043952 0.00116521 0.00190681 0.000907256 -5.59233e-05 0.00135935 -0.00148934
internal_weight=2017 1794 1583 1315 1023 761 447
internal_count=2017 1794 1583 1315 1023 761 447
is_linear=0
shrinkage=0.03


Tree=202
num_leaves=8
num_cat=0
split_feature=4 12 3 7 7 7 14
split_gain=5.90816 8.97375 7.6826 8.93919 7.45334 7.36029 10.4481
threshold=0.42706721152205163 0.0030333000085801536 0.84697513664130353 0.30619863481397319 0.29655666012047938 0.78467107454799767 1.0000000180025095e-35
decision_type=2 2 2 10 10 10 2
left_child=2 -2 3 -1 -4 -5 -7
right_child=1 -3 4 5 -6 6 -8
leaf_value=-0.0058742601360896179 -0.0072376593962311742 0.00027208070879118824 0.0082441331677105077 0.0048857536977023608 0.00026485114992744679 0.0028654903695843684 -0.0060352019736662913
leaf_weight=206 220 393 216 283 202 256 213
leaf_count=206 220 393 216 283 202 256 213
internal_value=-2.18458e-05 -0.00245985 0.00106924 -0.000415527 0.00443683 0.00110874 -0.00119785
internal_weight=1989 613 1376 958 418 752 469
internal_count=1989 613 1376 958 418 752 469
is_linear=0
shrinkage=0.03


Tree=203
num_leaves=8
num_cat=0
split_feature=10 1 7 1 7 10 7
split_gain=6.84761 15.5284 10.339 9.89764 6.13668 7.39522 5.12586
threshold=1.2767553074700351 1.0080880717767531 0.67997359678814073 1.1531408147996667 0.69065325554168255 2.0677691776981204 0.32031497192605829
decision_type=2 2 8 2 8 2 10
left_child=3 2 -2 -1 6 -6 -3
right_child=1 4 -4 -5 5 -7 -8
leaf_value=-0.0077262132965828755 0.0073663254911662075 -0.00077901558211598268 -0.00075109775977143559 0.0010967524605379861 0.0049550806148581103 -0.0026062863600958531 -0.0066718308424497854
leaf_weight=237 379 254 222 215 208 252 277
leaf_count=237 379 254 222 215 208 252 277
internal_value=-0.00032596 0.000601481 0.00438642 -0.00356337 -0.00170442 0.000829283 -0.00388661
internal_weight=2044 1592 601 452 991 460 531
internal_count=2044 1592 601 452 991 460 531
is_linear=0
shrinkage=0.03


Tree=204
num_leaves=8
num_cat=0
split_feature=8 1 2 1 8 12 8
split_gain=7.26749 6.74838 9.57739 9.25026 9.95751 6.74283 4.84885
threshold=0.042712166421780669 1.1531408147996667 0.66482938844166661 0.90376853174534399 0.0069067274241677605 0.011258695738135151 -0.011932839526654701
decision_type=2 2 2 2 2 2 2
left_child=1 3 5 4 -1 -3 -4
right_child=-2 2 6 -5 -6 -7 -8
leaf_value=0.0021838989686634742 0.0050822437305056874 0.0073794543468472303 -0.0057597051377794367 -0.0075741483953601051 -0.0056415306232296498 0.00060028364484468379 0.0005131508252602451
leaf_weight=386 204 231 200 248 229 302 240
leaf_count=386 204 231 200 248 229 302 240
internal_value=-0.000219787 -0.000821104 0.00089041 -0.00274478 -0.000751958 0.00357963 -0.00237083
internal_weight=2040 1836 973 863 615 533 440
internal_count=2040 1836 973 863 615 533 440
is_linear=0
shrinkage=0.03


Tree=205
num_leaves=9
num_cat=0
split_feature=12 2 4 2 3 5 7 0
split_gain=6.28585 6.5512 12.2131 7.36781 7.11035 5.35896 4.85568 4.16392
threshold=-0.04719051083240771 0.43323201621073815 0.13022142407501078 0.71830503238760768 0.7296942611903231 2.8109293173682386 0.61359367244151297 0.51945693712517638
decision_type=2 2 2 2 2 2 10 2
left_child=-1 2 -2 4 6 -5 -3 -6
right_child=1 3 -4 5 7 -7 -8 -9
leaf_value=-0.0040489147524471938 0.0028134227422455887 -0.0025320784358019138 -0.0069603878195700518 -0.0041517171396434991 0.0030851852588310111 0.0021266596795093003 0.0039294385484609645 0.0092787086535064331
leaf_weight=299 210 208 244 256 200 226 201 201
leaf_count=299 210 208 244 256 200 226 201 201
internal_value=-6.70497e-05 0.000624454 -0.00245806 0.00171293 0.00345277 -0.0012163 0.000652492 0.00626571
internal_weight=2045 1746 454 1292 810 482 409 401
internal_count=2045 1746 454 1292 810 482 409 401
is_linear=0
shrinkage=0.03


Tree=206
num_leaves=7
num_cat=0
split_feature=7 0 1 3 7 3
split_gain=5.72912 4.22765 5.22287 6.55854 9.41138 3.97355
threshold=1.423682718914772 0.49820055699322469 1.8006179887461369 0.8181818181818179 0.63087713541921497 0.90322580645161976
decision_type=8 2 2 2 10 2
left_child=1 -1 3 4 -3 -5
right_child=-2 2 -4 5 -6 -7
leaf_value=0.0034456927675257797 -0.0041536633598364212 0.0065170631855871759 -0.003140831902813784 -0.0042773742315008259 -0.0015251168804076899 0.0010974109299083355
leaf_weight=363 259 315 381 239 219 248
leaf_count=363 259 315 381 239 219 248
internal_value=-3.11058e-05 0.000583872 -0.00016671 0.000953021 0.00323531 -0.00155698
internal_weight=2024 1765 1402 1021 534 487
internal_count=2024 1765 1402 1021 534 487
is_linear=0
shrinkage=0.03


Tree=207
num_leaves=7
num_cat=0
split_feature=10 4 10 13 6 2
split_gain=6.18705 5.93389 10.1121 4.61431 6.38726 4.7521
threshold=1.2113011975222949 0.10253080921424758 1.5983834372121011 1.5000000000000002 -0.047957373317637879 0.60023228803716677
decision_type=2 2 2 2 8 2
left_child=-1 -2 -3 4 -4 -5
right_child=1 2 3 5 -6 -7
leaf_value=-0.0042877109922670031 -0.0032029626103174795 0.0056200508940964936 -0.0066126182420951562 0.0050085754951961882 0.00033049224700438742 -0.0011463515909955551
leaf_weight=365 389 315 200 200 284 248
leaf_count=365 389 315 200 200 284 248
internal_value=-0.000784321 7.98633e-06 0.00101843 -0.000558531 -0.00257684 0.00162634
internal_weight=2001 1636 1247 932 484 448
internal_count=2001 1636 1247 932 484 448
is_linear=0
shrinkage=0.03


Tree=208
num_leaves=7
num_cat=0
split_feature=11 5 4 5 10 12
split_gain=9.3632 5.20481 10.1455 7.41911 5.73876 4.60618
threshold=1.9283914922653984 1.8915375017503908 0.2878109538775665 3.2609468376290418 1.9366214848638026 0.0044544454801874753
decision_type=2 2 2 2 2 2
left_child=1 2 -1 4 5 -3
right_child=-2 3 -4 -5 -6 -7
leaf_value=-0.0085367441914414848 0.0041106582632990645 0.0044879587218419684 0.00028423062026284744 -0.0053322000900749116 -0.0030305132860900868 -0.00048974159398500075
leaf_weight=274 239 288 202 295 356 388
leaf_count=274 239 288 202 295 356 388
internal_value=-0.00141235 -0.00215381 -0.00482935 -0.00117956 2.74717e-05 0.00164832
internal_weight=2042 1803 476 1327 1032 676
internal_count=2042 1803 476 1327 1032 676
is_linear=0
shrinkage=0.03


Tree=209
num_leaves=8
num_cat=0
split_feature=9 9 1 1 5 11 5
split_gain=5.95099 5.28014 11.7968 9.52882 5.71515 3.53323 2.53316
threshold=0.73745236979163131 0.84060586457907227 1.1665920793589593 1.9274483943043736 2.6439030831084662 0.19405678223115158 3.2783409244780497
decision_type=2 2 2 2 2 2 2
left_child=5 2 -2 4 -3 -1 -6
right_child=1 3 -4 -5 6 -7 -8
leaf_value=-0.0050436109214645926 -0.0013822649857155741 0.0046605769168241943 0.0082733278889835123 -0.0049769172474526755 -0.0028106885615927285 -0.00046703237701174716 0.0017475349554096928
leaf_weight=273 216 304 233 272 229 337 202
leaf_count=273 216 304 233 272 229 337 202
internal_value=-6.40882e-05 0.000978181 0.00366425 -0.000231669 0.00154616 -0.00253959 -0.000678811
internal_weight=2066 1456 449 1007 735 610 431
internal_count=2066 1456 449 1007 735 610 431
is_linear=0
shrinkage=0.03


Tree=210
num_leaves=8
num_cat=0
split_feature=11 5 2 0 0 6 6
split_gain=6.47098 8.98185 10.2625 7.51365 12.2797 9.36842 2.73596
threshold=-0.91788754028769548 3.5831172262404478 0.4283992654372904 0.53097671854003792 0.5185174544749076 -0.049455532633101255 -0.017275561623727172
decision_type=2 2 2 2 2 10 10
left_child=-1 2 -2 4 5 -4 -5
right_child=1 -3 3 6 -6 -7 -8
leaf_value=0.005262764957459534 -0.0049808659274499893 0.0051189509014313277 0.0040592026242648989 -0.005139560267601798 0.0082607160475744023 -0.0038641989052687819 -0.00025530008886392427
leaf_weight=233 399 259 249 200 218 280 209
leaf_count=233 399 259 249 200 218 280 209
internal_value=0.000611748 1.52259e-06 -0.000864509 0.000571608 0.00235622 -0.000131572 -0.00267692
internal_weight=2047 1814 1555 1156 747 529 409
internal_count=2047 1814 1555 1156 747 529 409
is_linear=0
shrinkage=0.03


Tree=211
num_leaves=9
num_cat=0
split_feature=4 7 1 12 3 9 4 1
split_gain=5.59695 6.67748 6.82534 5.78157 4.9727 7.98772 4.8487 4.60902
threshold=0.28441620250976646 1.0901034707071673 0.92611491989996797 0.0015859391583086804 0.67013176368938399 0.75466387360791554 0.54133364303951448 1.3538380579982909
decision_type=2 10 2 2 2 2 2 2
left_child=1 2 3 -1 -2 -6 -7 -4
right_child=4 -3 7 -5 5 6 -8 -9
leaf_value=-0.0033407443591450909 0.0060084954540975191 0.00274735954355021 -0.0083977039250113621 0.0035947929403266389 -0.0035072348855488423 -0.00032712063659206392 0.0058266981441597891 -0.00194141281935956
leaf_weight=206 217 300 200 217 243 203 260 201
leaf_count=206 217 300 200 217 243 203 260 201
internal_value=0.000365379 -0.00105436 -0.0024467 0.000217633 0.00209065 0.000852658 0.00315392 -0.00522527
internal_weight=2047 1124 824 423 923 706 463 401
internal_count=2047 1124 824 423 923 706 463 401
is_linear=0
shrinkage=0.03


Tree=212
num_leaves=9
num_cat=0
split_feature=2 2 12 5 6 6 3 5
split_gain=7.19087 7.68653 16.6778 7.23094 6.67344 5.98929 8.12813 3.17573
threshold=0.43603769318169266 0.64017238342252181 -0.0085863033591129217 2.2396188896229359 -0.026088484525379426 -0.042443278506222752 0.88193867070963705 2.5689260999572827
decision_type=2 2 2 2 10 8 2 2
left_child=3 2 -2 -1 -4 7 -7 -3
right_child=1 5 4 -5 -6 6 -8 -9
leaf_value=-0.0067348162147186997 -0.0029582304434334389 -0.0056361297321982856 0.010982114070558695 0.00036654362840589822 0.003345920640478233 0.0056444797510094942 -0.0023620303726856599 -0.00035904663333774734
leaf_weight=216 206 200 218 309 203 245 206 207
leaf_count=216 206 200 218 309 203 245 206 207
internal_value=0.000411257 0.00147784 0.00398857 -0.00259113 0.00738254 -0.000369401 0.0020016 -0.00298914
internal_weight=2010 1485 627 525 421 858 451 407
internal_count=2010 1485 627 525 421 858 451 407
is_linear=0
shrinkage=0.03


Tree=213
num_leaves=8
num_cat=0
split_feature=7 12 12 0 2 2 5
split_gain=5.18599 5.24038 9.60728 6.79619 6.00154 4.74661 9.34356
threshold=-0.073817714790200037 -0.015805288090877331 0.012021360833830876 0.49954397657288346 0.69113355780022601 0.43603769318169266 2.6684652130399074
decision_type=8 2 2 2 2 2 2
left_child=-1 3 -3 -2 5 -4 -7
right_child=1 2 4 -5 -6 6 -8
leaf_value=0.004543244314622389 0.0015566409657736425 0.005049682377445644 -0.0026267728404075442 -0.005344038099474582 -0.0045767682243985208 0.006922248447483236 -0.0017604464910752876
leaf_weight=214 201 333 247 342 270 215 223
leaf_count=214 201 333 247 342 270 215 223
internal_value=0.000180002 -0.00034094 0.000702048 -0.00279875 -0.000832339 0.000666038 0.00253163
internal_weight=2045 1831 1288 543 955 685 438
internal_count=2045 1831 1288 543 955 685 438
is_linear=0
shrinkage=0.03


Tree=214
num_leaves=8
num_cat=0
split_feature=10 7 7 11 3 7 0
split_gain=8.34218 16.1157 11.3747 10.3277 12.2345 8.50905 2.63999
threshold=2.038679788611661 0.24143208866928401 0.32845137163117283 0.90857984268025282 0.71066849816849809 0.87257529013337698 0.52484808549678885
decision_type=2 10 8 2 2 10 2
left_child=1 6 -2 4 -3 -4 -1
right_child=2 3 5 -5 -6 -7 -8
leaf_value=-0.0034685529037046113 0.0084316973788663742 -0.00146487984846071 -0.0035647974256248363 -0.0039337843428258832 0.0070315253591159421 0.0039903909192843864 -0.0083303690195968994
leaf_weight=205 215 276 257 256 332 270 218
leaf_count=205 215 276 257 256 332 270 218
internal_value=0.000178742 -0.0012808 0.00270195 0.00107166 0.00319412 0.000307106 -0.00604222
internal_weight=2029 1287 742 864 608 527 423
internal_count=2029 1287 742 864 608 527 423
is_linear=0
shrinkage=0.03


Tree=215
num_leaves=8
num_cat=0
split_feature=9 11 2 9 6 2 0
split_gain=3.52881 5.90967 6.10969 4.82237 6.40138 12.2583 3.41039
threshold=0.64347514674625061 1.8801200883886409 0.38476052249637427 1.024044806094204 -0.0072588912182192092 0.69332956841648341 0.51826726957564329
decision_type=2 2 2 2 10 2 2
left_child=-1 2 -2 4 5 -4 -6
right_child=1 -3 3 -5 6 -7 -8
leaf_value=0.0032317292490242054 -0.0053261669895806303 0.0038887478955537949 0.00041306064682663043 0.003063442063614212 -0.0015176564446854881 -0.0086781836324668626 0.0037489109213102211
leaf_weight=252 263 231 308 285 200 230 237
leaf_count=252 263 231 308 285 200 230 237
internal_value=-5.20557e-05 -0.000531688 -0.00121269 -0.000336419 -0.00134078 -0.00351765 0.00134868
internal_weight=2006 1754 1523 1260 975 538 437
internal_count=2006 1754 1523 1260 975 538 437
is_linear=0
shrinkage=0.03


Tree=216
num_leaves=8
num_cat=0
split_feature=11 0 12 6 12 10 1
split_gain=17.3923 4.28953 9.69959 14.9283 8.12766 7.2866 8.08182
threshold=-0.97710696923595364 0.5185174544749076 -0.0059872368848506432 -0.076429605048392843 -0.0073227799208102065 2.152443123768077 1.2139438281309067
decision_type=2 2 2 10 2 2 2
left_child=-1 2 -2 -4 -3 6 -6
right_child=1 4 3 -5 5 -7 -8
leaf_value=0.0086393298525866621 0.0018223949668428566 -0.0035707290453259603 0.0020029506660309546 -0.0083624098594817856 0.0049494982362696116 0.0075768565280290622 -0.00279246912605461
leaf_weight=217 397 234 201 319 222 201 256
leaf_count=217 397 234 201 319 222 201 256
internal_value=0.000709479 -0.000251815 -0.00169654 -0.00437488 0.00120058 0.00285897 0.000817188
internal_weight=2047 1830 917 520 913 679 478
internal_count=2047 1830 917 520 913 679 478
is_linear=0
shrinkage=0.03


Tree=217
num_leaves=8
num_cat=0
split_feature=8 1 9 2 9 0 2
split_gain=5.53176 9.10889 11.8358 7.85012 11.7459 9.00176 5.33008
threshold=0.042712166421780669 0.84934662942537187 0.81134783339782313 0.78571428571429014 0.73971760824827315 0.50667634442414788 0.55247913598428922
decision_type=2 2 2 2 2 2 2
left_child=1 2 -1 4 -3 -6 -7
right_child=-2 3 -4 -5 5 6 -8
leaf_value=-0.0080069682493244532 0.0045574499995152395 0.0070680146096242027 0.00056266830364969393 -0.0040068988551596003 -0.0045346560638695388 -0.0013145148165774746 0.0050388273623360996
leaf_weight=287 200 284 287 243 258 203 276
leaf_count=287 200 284 287 243 258 203 276
internal_value=-0.000117786 -0.0006375 -0.00375429 0.000787094 0.00194204 -6.75514e-05 0.00236052
internal_weight=2038 1838 574 1264 1021 737 479
internal_count=2038 1838 574 1264 1021 737 479
is_linear=0
shrinkage=0.03


Tree=218
num_leaves=8
num_cat=0
split_feature=10 7 11 4 6 1 12
split_gain=5.39969 6.90783 12.8588 6.05114 3.78139 2.89818 2.24473
threshold=2.4013327310081025 0.24143208866928401 0.65074324236675862 0.18693909122392757 -0.12458435545497741 0.93633679156791905 0.010443375458685624
decision_type=2 10 2 2 10 2 2
left_child=1 5 4 -4 -3 -1 -2
right_child=6 2 3 -5 -6 -7 -8
leaf_value=-0.0012435924066913865 0.00093131831588178144 0.00046272079636044098 -0.0066937265544675471 -0.00010997730474495752 0.0054847453972538011 -0.0058725500544533132 0.005341373562554803
leaf_weight=254 200 207 200 325 388 235 217
leaf_count=254 200 207 200 325 388 235 217
internal_value=0.000241407 -0.000549199 0.000751196 -0.00265756 0.003756 -0.00350507 0.00326233
internal_weight=2026 1609 1120 525 595 489 417
internal_count=2026 1609 1120 525 595 489 417
is_linear=0
shrinkage=0.03


Tree=219
num_leaves=7
num_cat=0
split_feature=9 1 9 0 2 6
split_gain=4.55651 8.92127 13.1456 9.2485 7.72093 16.0747
threshold=0.65865379725908568 1.1665920793589593 1.0264781167669803 0.52648117924489435 0.71830503238760768 -0.011837395016796202
decision_type=2 2 2 2 2 8
left_child=-1 2 3 -2 5 -3
right_child=1 4 -4 -5 -6 -7
leaf_value=0.0035542966183393625 -0.0020466849701023019 0.0083070292887300005 0.0035326236551302161 -0.009746504330759246 -0.0024136449330736222 -0.0012597615448436859
leaf_weight=309 383 311 224 220 282 314
leaf_count=309 383 311 224 220 282 314
internal_value=0.000228703 -0.000372435 -0.00261792 -0.00491296 0.00167812 0.00352882
internal_weight=2043 1734 827 603 907 625
internal_count=2043 1734 827 603 907 625
is_linear=0
shrinkage=0.03


Tree=220
num_leaves=8
num_cat=0
split_feature=1 1 7 10 6 7 7
split_gain=6.92591 8.92439 6.9329 11.4913 4.69427 7.06959 7.73251
threshold=0.76462443804524749 0.5696788347487135 0.091251160371502563 1.4444875586461412 -0.17526626343473797 0.87988322561233201 0.46647891919137335
decision_type=2 2 8 2 10 10 8
left_child=1 -1 -2 -4 -5 6 -6
right_child=2 -3 3 4 5 -7 -8
leaf_value=0.0017609730516688538 0.00637186142743179 -0.0063353006778015053 0.0049210981084382467 0.0024419536792389036 -0.00079076275073549816 0.0011289191855957694 -0.0086761963468253312
leaf_weight=213 200 278 369 231 222 301 223
leaf_count=213 200 278 369 231 222 301 223
internal_value=0.000245739 -0.00284072 0.00123198 0.000447495 -0.00125858 -0.00241308 -0.00479484
internal_weight=2037 491 1546 1346 977 746 445
internal_count=2037 491 1546 1346 977 746 445
is_linear=0
shrinkage=0.03


Tree=221
num_leaves=7
num_cat=0
split_feature=11 11 8 6 11 1
split_gain=5.18423 12.6723 7.84825 14.5266 6.19212 4.81052
threshold=1.1540437116856463 1.8179039954426865 0.004677444029016581 -0.032428556760023423 -0.16154416044188333 1.2291522182404975
decision_type=2 2 2 8 2 2
left_child=2 -2 3 4 -1 -4
right_child=1 -3 5 -5 -6 -7
leaf_value=-0.0045149967088255766 -0.006277390380836083 0.0021289674579197341 0.00092477609579627573 0.0073840239117118093 0.0023925833174234866 -0.004428502551049378
leaf_weight=210 352 291 291 337 251 306
leaf_count=210 352 291 291 337 251 306
internal_value=-0.000267876 -0.00248589 0.000759702 0.00269877 -0.000768719 -0.00183311
internal_weight=2038 643 1395 798 461 597
internal_count=2038 643 1395 798 461 597
is_linear=0
shrinkage=0.03


Tree=222
num_leaves=8
num_cat=0
split_feature=4 6 5 9 9 7 3
split_gain=5.54353 4.67955 7.69702 7.40827 8.87884 3.42774 2.56903
threshold=0.10253080921424758 -0.212941795209275 1.9399083520960192 0.94171345948348906 0.71425080948001229 0.65917647502130994 0.78461538461538749
decision_type=2 8 2 2 2 8 2
left_child=5 -2 -3 4 -4 -1 -6
right_child=1 2 3 -5 6 -7 -8
leaf_value=3.1615451897506585e-05 0.0044052160154682933 -0.0040767822639471056 -0.0018264411206224134 -0.0021603467723230428 0.0033627388522458764 -0.0049668964458396657 0.008048117160882955
leaf_weight=226 281 292 205 336 229 267 212
leaf_count=226 281 292 205 336 229 267 212
internal_value=5.77137e-05 0.000937294 0.00015816 0.0014317 0.00330226 -0.00269818 0.00568009
internal_weight=2048 1555 1274 982 646 493 441
internal_count=2048 1555 1274 982 646 493 441
is_linear=0
shrinkage=0.03


Tree=223
num_leaves=7
num_cat=0
split_feature=12 12 0 13 7 2
split_gain=4.80832 9.1057 7.8086 5.60989 4.39421 3.76076
threshold=-0.027370469150613638 -0.0065611503808446483 0.5185174544749076 1.5000000000000002 1.0197678107497954 0.6456844531147351
decision_type=2 2 2 2 8 2
left_child=5 -2 4 -4 -3 -1
right_child=1 2 3 -5 -6 -7
leaf_value=-0.00011804759380492296 -0.0065037495221000113 -0.0008698860997912671 0.0043846047890000045 -0.00078547120155090611 -0.0061992042104995577 0.0052693023752966306
leaf_weight=270 244 391 370 378 213 200
leaf_count=270 244 391 370 378 213 200
internal_value=-0.000446258 -0.0012317 -0.000259772 0.00178405 -0.00278473 0.00220578
internal_weight=2066 1596 1352 748 604 470
internal_count=2066 1596 1352 748 604 470
is_linear=0
shrinkage=0.03


Tree=224
num_leaves=7
num_cat=0
split_feature=3 5 5 10 2 0
split_gain=4.33333 8.764 7.39221 7.81724 5.67793 5.82171
threshold=0.84850125103338037 2.5237985426060763 2.5237985426060763 1.6286506354325216 0.4873779798974579 0.52337440590915885
decision_type=2 2 2 2 2 2
left_child=2 -2 3 -1 -4 -6
right_child=1 -3 4 -5 5 -7
leaf_value=-0.00071974867340573599 0.0056586077689441136 -0.0011913195903593254 0.0039603534451131623 -0.0076615433438011436 -0.0045347823539915949 0.0022209522362996253
leaf_weight=371 303 367 321 237 229 221
leaf_count=371 303 367 321 237 229 221
internal_value=-4.5359e-05 0.00192545 -0.00100639 -0.0034661 0.000943133 -0.00122902
internal_weight=2049 670 1379 608 771 450
internal_count=2049 670 1379 608 771 450
is_linear=0
shrinkage=0.03


Tree=225
num_leaves=8
num_cat=0
split_feature=12 12 6 0 10 1 0
split_gain=3.98633 7.37945 6.35739 7.07344 5.99637 6.67785 7.35898
threshold=0.096052707614573477 0.062173875723448187 0.018543628346725297 0.50821156063823258 2.2906174911078119 1.6183492640561414 0.5220257063510173
decision_type=2 2 8 2 2 2 2
left_child=1 2 4 -4 5 6 -1
right_child=-2 -3 3 -5 -6 -7 -8
leaf_value=0.0012501102817014187 -0.0028644618189230396 0.0061189384359866383 0.0072507336834053762 0.00034429438570203079 -0.0054086415976329081 0.0047129580192267892 -0.0059482906931123437
leaf_weight=314 266 220 200 384 227 201 209
leaf_count=314 266 220 200 384 227 201 209
internal_value=0.00052455 0.00104489 0.00030016 0.00275099 -0.00121139 0.000132675 -0.00165559
internal_weight=2021 1755 1535 584 951 724 523
internal_count=2021 1755 1535 584 951 724 523
is_linear=0
shrinkage=0.03


Tree=226
num_leaves=7
num_cat=0
split_feature=5 6 8 11 12 10
split_gain=5.80377 6.19125 5.28341 5.59923 4.35197 4.08376
threshold=1.8915375017503908 0.26146039850698338 0.027979473734621878 1.1540437116856463 -0.0053477388769557202 1.378133710183991
decision_type=2 8 2 2 2 2
left_child=5 2 3 4 -2 -1
right_child=1 -3 -4 -5 -6 -7
leaf_value=-0.0066539374256835261 0.0029708157335547034 0.0047338640996895266 0.0027954871988819015 -0.004523851142568959 -0.0020079690493981948 -0.001081849059336028
leaf_weight=216 263 219 303 384 380 260
leaf_count=216 263 219 303 384 380 260
internal_value=-0.000774622 0.000118873 -0.000655923 -0.00168282 3.56644e-05 -0.00365324
internal_weight=2025 1549 1330 1027 643 476
internal_count=2025 1549 1330 1027 643 476
is_linear=0
shrinkage=0.03


Tree=227
num_leaves=9
num_cat=0
split_feature=11 9 11 1 1 10 3 1
split_gain=4.37557 7.12401 6.72179 5.88631 9.2631 4.39599 3.10144 2.77681
threshold=0.39034890683253515 0.69157189806133668 0.66146572940033377 0.83264351256230029 1.1590781814262006 1.9888295559238325 0.71573243948994814 1.1720822484903282
decision_type=2 2 2 2 2 2 2 2
left_child=1 -1 -2 -4 -5 7 -6 -3
right_child=2 5 3 4 6 -7 -8 -9
leaf_value=0.0034776969532559223 0.0064302397873252622 -0.0034161562847836715 0.0043676164460119378 -0.0062450164376059549 0.0035994048830980318 -0.0059803456257356974 -0.001119738594112307 0.0014196707785595207
leaf_weight=213 205 200 253 203 251 239 242 219
leaf_count=213 205 200 253 203 251 239 242 219
internal_value=0.0003644 -0.00123673 0.001573 0.000495549 -0.000933083 -0.00277754 0.00129492 -0.000901665
internal_weight=2025 871 1154 949 696 658 493 419
internal_count=2025 871 1154 949 696 658 493 419
is_linear=0
shrinkage=0.03


Tree=228
num_leaves=8
num_cat=0
split_feature=7 4 1 9 6 4 3
split_gain=4.52289 9.46145 11.2913 8.38153 6.89258 5.49562 3.97331
threshold=1.0901034707071673 0.2878109538775665 1.8006179887461369 0.84843513237289192 -0.15762460451027019 0.44048324714862597 0.72777381589112855
decision_type=10 2 2 2 10 2 2
left_child=1 4 5 -2 -1 -3 -6
right_child=3 2 -4 -5 6 -7 -8
leaf_value=0.00097677170067083209 0.0062915034628793836 0.0076499323652464936 -0.0034057050531070368 -0.0017899644881385754 -0.0082850383580949198 0.0014245891111168247 -0.0030139103177109334
leaf_weight=248 239 212 283 216 206 317 356
leaf_count=248 239 212 283 216 206 317 356
internal_value=-0.000149657 -0.000891906 0.00139279 0.00247727 -0.00317674 0.0039677 -0.00500205
internal_weight=2077 1622 812 455 810 529 562
internal_count=2077 1622 812 455 810 529 562
is_linear=0
shrinkage=0.03


Tree=229
num_leaves=8
num_cat=0
split_feature=8 5 2 7 5 12 2
split_gain=4.06271 6.16453 11.583 7.18939 8.57663 6.39397 3.8681
threshold=0.042712166421780669 2.435441550523699 0.4283992654372904 0.53518502871493034 3.0086161329403978 -0.0059872368848506432 0.73561242678889871
decision_type=2 2 2 10 2 2 2
left_child=1 2 -1 6 -5 -4 -3
right_child=-2 3 5 4 -6 -7 -8
leaf_value=-0.0043710210414950931 0.0040568591689994068 -0.0067738695313493092 0.00022686065584864642 -0.0039060460763538007 0.0036413028075105761 0.0066182252076259131 -0.001459595776355729
leaf_weight=204 207 274 247 225 325 324 227
leaf_count=204 207 274 247 225 325 324 227
internal_value=0.000125505 -0.000330025 0.00169362 -0.0018232 0.000546377 0.00387945 -0.00440422
internal_weight=2033 1826 775 1051 550 571 501
internal_count=2033 1826 775 1051 550 571 501
is_linear=0
shrinkage=0.03


Tree=230
num_leaves=9
num_cat=0
split_feature=6 1 10 0 6 11 8 0
split_gain=6.70072 4.02867 13.5047 11.8225 5.43659 11.0659 6.53176 0.97674
threshold=0.33841528074120303 0.92068924729867552 1.9754864785626332 0.49556286582788761 -0.047957373317637879 0.36326430025050327 0.012648561428353636 0.51340052325765562
decision_type=10 2 2 2 8 2 2 2
left_child=1 2 7 -3 6 -6 -5 -1
right_child=-2 3 -4 4 5 -7 -8 -9
leaf_value=0.001094599555996133 -0.0046976205077616197 -0.0065864244576361846 0.0087692006608765371 -0.0039438305821229694 0.0085640722994099958 -0.00043378563351804137 0.0029983908718039841 -0.0018350802032140697
leaf_weight=200 202 200 223 274 215 278 212 200
leaf_count=200 202 200 223 274 215 278 212 200
internal_value=0.000416432 0.00100112 0.00294201 -3.25679e-05 0.00133298 0.00353682 -0.000915841 -0.000374811
internal_weight=2004 1802 623 1179 979 493 486 400
internal_count=2004 1802 623 1179 979 493 486 400
is_linear=0
shrinkage=0.03


Tree=231
num_leaves=8
num_cat=0
split_feature=8 5 11 8 10 5 3
split_gain=3.8756 5.27688 8.74829 6.43562 10.7536 5.87742 4.36151
threshold=0.042712166421780669 1.693193677396992 0.47835226662296509 -0.017368285112254904 1.666639849603597 2.4232532447236328 0.71573243948994814
decision_type=2 2 2 2 2 2 2
left_child=1 -1 5 -4 -5 -3 -6
right_child=-2 2 3 4 6 -7 -8
leaf_value=0.0031060339983225542 0.004136866020220939 -0.0006295980573043056 0.0042287590002759662 -0.0066325249710608635 0.0048722620976600541 -0.0068506034365477591 -0.0011679146359859257
leaf_weight=348 202 256 317 200 201 291 222
leaf_count=348 202 256 317 200 201 291 222
internal_value=0.000245455 -0.000192995 -0.000972883 0.000783664 -0.00098901 -0.0039712 0.00172563
internal_weight=2037 1835 1487 940 623 547 423
internal_count=2037 1835 1487 940 623 547 423
is_linear=0
shrinkage=0.03


Tree=232
num_leaves=8
num_cat=0
split_feature=8 0 6 0 1 8 0
split_gain=3.67042 4.39053 7.5688 5.64265 7.07193 4.75182 3.48707
threshold=0.042332591270367953 0.54660340689613085 0.22159259152553504 0.5185174544749076 1.2496248823384379 -0.015227854976830031 0.49335140964059515
decision_type=2 2 8 2 2 2 2
left_child=1 2 3 5 -5 6 -1
right_child=-2 -3 -4 4 -6 -7 -8
leaf_value=-0.0032529268440435102 0.0036366136014112272 -0.004454412200390544 0.0045392317834289765 0.0051636481085792184 -0.0019720510200808838 -0.0050722321397034635 0.0017657854941588911
leaf_weight=223 203 224 268 245 246 350 270
leaf_count=223 203 224 268 245 246 350 270
internal_value=-0.000140229 -0.000568892 -1.34295e-05 -0.000941592 0.00160469 -0.00242538 -0.000514209
internal_weight=2029 1826 1602 1334 491 843 493
internal_count=2029 1826 1602 1334 491 843 493
is_linear=0
shrinkage=0.03


Tree=233
num_leaves=8
num_cat=0
split_feature=6 6 11 9 4 1 4
split_gain=8.8482 6.19643 6.59318 8.92769 5.35972 9.86313 3.8974
threshold=0.32983471823630056 0.095506590548554718 0.9499668654323663 0.84577215463507749 0.48404043026745019 1.4490797355101928 0.15804494081121459
decision_type=10 10 2 2 2 2 2
left_child=1 2 4 -4 5 6 -1
right_child=-2 -3 3 -5 -6 -7 -8
leaf_value=-0.0059335175938904283 -0.0064537776995040293 0.0033544489175755419 0.0059165951301644289 -0.0018312738912512334 -0.0063336442050408136 0.0042711722237032115 -0.00044871128287055279
leaf_weight=255 204 397 246 283 228 211 213
leaf_count=255 204 397 246 283 228 211 213
internal_value=-0.000605481 6.11792e-05 -0.000857766 0.00179337 -0.00240537 -0.00104965 -0.00346836
internal_weight=2037 1833 1436 529 907 679 468
internal_count=2037 1833 1436 529 907 679 468
is_linear=0
shrinkage=0.03


Tree=234
num_leaves=8
num_cat=0
split_feature=12 0 7 5 1 10 7
split_gain=6.23545 6.94144 7.93724 9.45069 9.06162 9.62514 6.93398
threshold=0.10438723717383576 0.55079839993302893 1.3192616605962091 1.5110397615452247 0.92068924729867552 2.2223810916015778 0.62127928159615953
decision_type=2 2 10 2 2 2 10
left_child=1 2 3 -1 -5 6 -6
right_child=-2 -3 -4 4 5 -7 -8
leaf_value=-0.0068595469654961069 -0.0047692822064471212 0.0055399081736396977 0.0045268447487172405 0.0036723731547709578 -0.0025971948861945094 -0.0074676485276386996 0.0041839216072112329
leaf_weight=215 230 206 258 382 337 203 220
leaf_count=215 230 206 258 382 337 203 220
internal_value=-0.000169904 0.000422486 -0.000245346 -0.00116595 -6.88063e-05 -0.00196095 9.45582e-05
internal_weight=2051 1821 1615 1357 1142 760 557
internal_count=2051 1821 1615 1357 1142 760 557
is_linear=0
shrinkage=0.03


Tree=235
num_leaves=9
num_cat=0
split_feature=1 7 10 12 12 6 12 8
split_gain=6.939 7.68808 7.71334 9.02769 6.71053 8.77546 6.67635 5.21184
threshold=0.5696788347487135 0.013423482996318627 2.2386374993711624 0.009539054771604551 0.0044544454801874753 -0.092730107433145512 0.056682567888647291 -0.013139965758204837
decision_type=2 10 2 2 2 10 2 2
left_child=-1 -2 4 -4 7 -6 -7 -3
right_child=1 2 3 -5 5 6 -8 -9
leaf_value=0.0048624350611066467 -0.0060361124391482886 0.0064083413744658322 -0.0079710614048466785 0.0003782934111547477 0.0037892824916121687 -0.0072096038377574547 0.00032976078490416208 0.00011983259854157669
leaf_weight=202 227 281 209 255 231 206 211 203
leaf_count=202 227 281 209 255 231 206 211 203
internal_value=-0.000344493 -0.000933176 -0.000190798 -0.0034274 0.0011451 -0.000851037 -0.00343601 0.003799
internal_weight=2025 1823 1596 464 1132 648 417 484
internal_count=2025 1823 1596 464 1132 648 417 484
is_linear=0
shrinkage=0.03


Tree=236
num_leaves=8
num_cat=0
split_feature=6 6 12 12 11 11 4
split_gain=7.34425 6.76544 6.76749 6.29386 8.17921 7.49483 4.94359
threshold=0.32983471823630056 0.17932374093226469 -0.0073227799208102065 0.046124993970516955 0.64142701881620801 0.59859451792782714 0.13911334056595925
decision_type=10 8 2 2 2 2 2
left_child=1 2 6 5 -5 -4 -1
right_child=-2 -3 3 4 -6 -7 -8
leaf_value=0.0016257699247358775 -0.0048475707474096522 0.0060385351050791288 0.0074515627399086952 -0.0046723550137021909 0.0031310739325201738 0.00066236277441977971 -0.0041775139433823391
leaf_weight=200 200 218 280 231 243 303 372
leaf_count=200 200 218 280 231 243 303 372
internal_value=0.000542269 0.00113741 0.000465051 0.00188468 -0.000680938 0.00395868 -0.00215189
internal_weight=2047 1847 1629 1057 474 583 572
internal_count=2047 1847 1629 1057 474 583 572
is_linear=0
shrinkage=0.03


Tree=237
num_leaves=8
num_cat=0
split_feature=3 14 3 4 2 0 6
split_gain=8.19271 7.97763 5.85177 6.861 6.26553 5.414 1.71228
threshold=0.61065237945162376 1.0000000180025095e-35 0.78571428571428981 0.42396036356276284 0.75608646064088825 0.52882192329393418 -0.058602945108426611
decision_type=2 2 2 2 2 2 8
left_child=1 -1 5 4 -4 6 -2
right_child=2 -3 3 -5 -6 -7 -8
leaf_value=0.0071273455014716275 -0.0029890316581914146 -0.00082882231393251833 0.004580328250691915 -0.0029494311102005368 -0.0017965947744696465 0.00063523209237649491 -0.0068613986954248196
leaf_weight=242 201 208 391 339 210 216 238
leaf_count=242 201 208 391 339 210 216 238
internal_value=-7.11323e-05 0.00348113 -0.00108109 0.000436971 0.00235568 -0.00324648 -0.00514203
internal_weight=2045 450 1595 940 601 655 439
internal_count=2045 450 1595 940 601 655 439
is_linear=0
shrinkage=0.03


Tree=238
num_leaves=8
num_cat=0
split_feature=8 3 9 12 9 12 9
split_gain=5.8904 6.49903 10.5307 5.05728 23.2215 12.1912 5.47836
threshold=-0.036244479864769676 0.66821011709911637 0.84060586457907227 0.0044544454801874753 0.84060586457907227 0.039083154843542252 0.84060586457907227
decision_type=2 2 2 2 2 2 2
left_child=-1 2 -2 4 -3 -5 -7
right_child=1 3 -4 5 -6 6 -8
leaf_value=-0.0048446321380618941 0.0069120219207546687 0.0072411747415596084 -0.0012866716797268669 -0.0077552316861200926 -0.0054782818027292596 -0.0031949165856609138 0.003341828029993589
leaf_weight=264 262 258 296 279 249 219 233
leaf_count=264 262 258 296 279 249 219 233
internal_value=-0.000704519 -8.41893e-05 0.00259009 -0.00129513 0.00100185 -0.00288423 0.000174385
internal_weight=2060 1796 558 1238 507 731 452
internal_count=2060 1796 558 1238 507 731 452
is_linear=0
shrinkage=0.03


Tree=239
num_leaves=9
num_cat=0
split_feature=12 6 8 11 12 9 7 7
split_gain=3.34439 11.2734 7.03226 5.41375 6.43009 5.91865 6.90473 4.32942
threshold=0.066729088933256311 0.013596919165040468 -0.034198597721686243 -0.57577216567038392 0.035821923450864331 0.82813809557405904 0.52680395467643071 0.54362388458797939
decision_type=2 8 2 2 2 2 10 8
left_child=2 -2 -1 -4 5 6 -5 -7
right_child=1 -3 3 4 -6 7 -8 -9
leaf_value=0.0044491485744071087 0.007568284738678095 -0.0018538406119352718 0.0031469669388607142 -0.0018794691049068878 -0.0061278242880686519 1.2238927884027361e-05 0.0058913713650427003 -0.005710150855496773
leaf_weight=254 222 227 235 201 239 235 202 236
leaf_count=254 222 227 235 201 239 235 202 236
internal_value=0.000563938 0.00283681 -7.99336e-05 -0.000946624 -0.00182116 -0.000615319 0.00204006 -0.00288489
internal_weight=2051 449 1602 1348 1113 874 403 471
internal_count=2051 449 1602 1348 1113 874 403 471
is_linear=0
shrinkage=0.03


Tree=240
num_leaves=8
num_cat=0
split_feature=9 9 5 10 10 12 8
split_gain=5.91785 6.5639 6.95363 6.4586 4.4829 5.56553 9.60011
threshold=0.81134783339782313 0.94171345948348906 2.5491774955355688 1.8401666082655923 1.1367228930166635 0.029633938653396589 -0.017556492574020307
decision_type=2 2 2 2 2 2 2
left_child=4 3 -3 -2 -1 6 -6
right_child=1 2 -4 -5 5 -7 -8
leaf_value=0.0022556225427369015 0.00064170812015108673 0.0036703249993260507 -0.0028295281444191836 0.0075562277043849345 -0.00062861324180347989 0.00071407417531360639 -0.0092885435063289386
leaf_weight=206 236 231 393 248 246 268 213
leaf_count=206 236 231 393 248 246 268 213
internal_value=0.000143996 0.00162302 -0.000413284 0.00422572 -0.00161173 -0.00271549 -0.00470406
internal_weight=2041 1108 624 484 933 727 459
internal_count=2041 1108 624 484 933 727 459
is_linear=0
shrinkage=0.03


Tree=241
num_leaves=8
num_cat=0
split_feature=1 5 1 4 9 2 2
split_gain=7.60619 6.48931 5.6004 6.00972 5.65481 7.18059 4.52357
threshold=0.5696788347487135 1.693193677396992 0.76462443804524749 0.10454304807210364 0.99165928588403851 0.64367816091954044 0.4846851157621101
decision_type=2 2 2 2 2 2 2
left_child=-1 -2 -3 -4 5 6 -5
right_child=1 2 3 4 -6 -7 -8
leaf_value=0.0049746400411598956 0.0028987015783786775 -0.0063612400905315785 -0.0051924985400571373 0.00057316361485343229 -0.0038941401399403969 -0.0018117821813395977 0.0067835448027590535
leaf_weight=203 304 210 259 204 266 390 216
leaf_count=203 304 210 259 204 266 390 216
internal_value=-0.000466735 -0.00107594 -0.00186484 -0.00113644 -0.000140621 0.00110834 0.0038093
internal_weight=2052 1849 1545 1335 1076 810 420
internal_count=2052 1849 1545 1335 1076 810 420
is_linear=0
shrinkage=0.03


Tree=242
num_leaves=7
num_cat=0
split_feature=11 5 8 5 9 13
split_gain=6.89368 7.23579 7.15186 6.72884 6.28793 8.63309
threshold=-0.91788754028769548 1.5797422952401308 -0.028092617891591176 2.4054278344561388 0.99165928588403851 1.5000000000000002
decision_type=2 2 2 2 2 2
left_child=-1 -2 -3 -4 5 -5
right_child=1 2 3 4 -6 -7
leaf_value=0.0047096122484440086 -0.005798785624645867 0.004362578690176624 -0.0042106585462351109 -0.00096309309145893715 -0.0030199447166295631 0.0058629980660119246
leaf_weight=256 201 294 365 361 301 303
leaf_count=256 201 294 365 361 301 303
internal_value=0.00014877 -0.000502117 0.00016923 -0.000770588 0.000545576 0.00217236
internal_weight=2081 1825 1624 1330 965 664
internal_count=2081 1825 1624 1330 965 664
is_linear=0
shrinkage=0.03


Tree=243
num_leaves=8
num_cat=0
split_feature=0 11 3 11 12 12 10
split_gain=5.2191 7.88377 8.46978 8.80511 7.30529 7.79468 3.68342
threshold=0.5212498729944629 1.5282205946903624 0.85994746059544647 0.3218318622119396 -0.0073227799208102065 0.029183136238045641 1.7841468913395413
decision_type=2 2 2 2 2 2 2
left_child=1 2 3 -1 -2 -6 -7
right_child=4 -3 -4 -5 5 6 -8
leaf_value=-0.0020275900023511428 -0.0057287151158567032 -0.0028248850207472607 0.0078204538214206691 0.0050226375536760312 0.0046642486353255345 -0.0046648197918296606 0.00083301639459817337
leaf_weight=336 236 253 245 295 238 224 208
leaf_count=336 236 253 245 295 238 224 208
internal_value=0.000442969 0.00180042 0.00314472 0.00128205 -0.0012492 0.000359409 -0.00203847
internal_weight=2035 1129 876 631 906 670 432
internal_count=2035 1129 876 631 906 670 432
is_linear=0
shrinkage=0.03


Tree=244
num_leaves=8
num_cat=0
split_feature=8 6 1 12 12 10 8
split_gain=4.54704 5.81511 10.1939 8.39333 8.41643 8.45337 7.77661
threshold=-0.034198597721686243 0.062439871945585097 1.2350258171066304 0.066729088933256311 0.03397933341428578 2.1809910378397643 -0.011118511063592634
decision_type=2 8 2 2 2 2 2
left_child=-1 3 -3 4 5 6 -2
right_child=1 2 -4 -5 -6 -7 -8
leaf_value=0.0036150921681715594 0.0073164342399523897 0.0012234558923777488 -0.0065612639498659501 0.0057115329328917136 -0.0056777683328309986 -0.0039273712048704303 -0.00014091641091230049
leaf_weight=305 224 297 301 251 207 206 279
leaf_count=305 224 297 301 251 207 206 279
internal_value=0.000263927 -0.000323746 -0.00271685 0.000908902 -0.000430965 0.00112993 0.00321938
internal_weight=2070 1765 598 1167 916 709 503
internal_count=2070 1765 598 1167 916 709 503
is_linear=0
shrinkage=0.03


Tree=245
num_leaves=8
num_cat=0
split_feature=8 0 13 7 1 6 4
split_gain=6.47471 7.25736 7.19225 9.35677 5.13905 8.41553 6.15945
threshold=-0.0033812213225209342 0.5104257593734397 2.5000000000000004 0.46170541965286621 1.1312526675183088 -0.047957373317637879 0.14718052890664032
decision_type=2 2 2 10 2 10 2
left_child=4 -2 3 -3 6 -6 -1
right_child=1 2 -4 -5 5 -7 -8
leaf_value=-0.00046471597699493898 0.006337942933681809 0.0062539958072110949 -0.0033283915766925717 -0.0018154181899444665 -0.0041556746598149915 0.0034287493378966001 -0.0074975466976079956
leaf_weight=200 201 258 335 251 239 281 252
leaf_count=200 201 258 335 251 239 281 252
internal_value=-0.000346925 0.00128954 5.70091e-05 0.00229582 -0.00210389 -6.35473e-05 -0.00442481
internal_weight=2017 1045 844 509 972 520 452
internal_count=2017 1045 844 509 972 520 452
is_linear=0
shrinkage=0.03


Tree=246
num_leaves=7
num_cat=0
split_feature=6 9 3 8 6 14
split_gain=5.11884 5.29137 8.19647 7.74691 12.0407 5.55309
threshold=0.33841528074120303 0.84060586457907227 0.80000000000000471 -0.0019810125796443762 -0.017971168328506256 1.0000000180025095e-35
decision_type=10 2 2 2 8 2
left_child=1 2 5 -3 -5 -1
right_child=-2 3 -4 4 -6 -7
leaf_value=0.0025543585478119573 -0.0043152661546348369 -0.0043882442677317 0.0054450473279028314 0.0059459172964408911 -0.0029940431090561969 -0.003318014714573876
leaf_weight=312 203 360 399 254 280 262
leaf_count=312 203 360 399 254 280 262
internal_value=0.000149892 0.000645621 0.00217139 -0.00101782 0.00127401 -0.000131569
internal_weight=2070 1867 973 894 534 574
internal_count=2070 1867 973 894 534 574
is_linear=0
shrinkage=0.03


Tree=247
num_leaves=9
num_cat=0
split_feature=7 7 0 0 1 0 8 12
split_gain=5.68141 7.10646 6.58758 8.85938 8.49015 8.61304 10.6155 2.84721
threshold=1.5700713740661822 1.1341887627870262 0.55298789622557065 0.53800669717685279 1.3783710053623575 0.5048934430704709 0.0093340835225202007 0.014548044224728831
decision_type=8 10 2 2 2 2 2 2
left_child=1 2 3 4 5 -1 -7 -6
right_child=-2 -3 -4 -5 7 6 -8 -9
leaf_value=-0.0023298531707943134 -0.0048421525849132894 0.005425827186987843 0.0046123669459484512 -0.0065464080694451563 -0.00094397679140247341 0.0086180374093143448 -0.00041481686409859528 -0.0057961989588372108
leaf_weight=271 211 210 202 222 221 243 221 214
leaf_count=271 211 210 202 222 221 243 221 214
internal_value=-0.000243984 0.000305725 -0.000383675 -0.00112259 -6.99754e-05 0.00189255 0.0043572 -0.00336979
internal_weight=2015 1804 1594 1392 1170 735 464 435
internal_count=2015 1804 1594 1392 1170 735 464 435
is_linear=0
shrinkage=0.03


Tree=248
num_leaves=8
num_cat=0
split_feature=3 3 4 5 8 0 1
split_gain=4.96569 8.19569 5.96176 5.5323 4.13202 3.9369 5.8269
threshold=0.71066849816849809 0.63553478712357236 0.22222738688586088 1.693193677396992 0.028775250774507419 0.49820055699322469 1.1531408147996667
decision_type=2 2 2 2 2 2 2
left_child=1 2 -1 -2 5 -5 -7
right_child=3 -3 -4 4 -6 6 -8
leaf_value=-0.0027608546435885575 0.004826213014125824 -0.0063626136845280328 0.0036464489759369329 0.0025332854142605622 0.0036663038582291181 -0.0052857326953380827 0.00047630754506729472
leaf_weight=296 245 272 226 200 200 295 332
leaf_count=296 245 272 226 200 200 295 332
internal_value=-0.000337454 -0.00219165 2.14658e-05 0.000824013 -0.000149504 -0.0010888 -0.00225507
internal_weight=2066 794 522 1272 1027 827 627
internal_count=2066 794 522 1272 1027 827 627
is_linear=0
shrinkage=0.03


Tree=249
num_leaves=8
num_cat=0
split_feature=0 6 10 0 6 7 10
split_gain=7.42598 9.65461 8.33279 9.86598 7.78737 5.54226 3.08214
threshold=0.52222629432216172 -0.11805623892003346 2.0936682502838035 0.50430327832280442 0.079990188530781117 0.71554304566939719 2.505657213706217
decision_type=2 10 2 2 10 10 2
left_child=2 -2 3 5 -3 -1 -4
right_child=1 4 6 -5 -6 -7 -8
leaf_value=-0.0025342702783608547 -0.0061950018880332801 0.0035918991774220059 -0.0038200157292295192 0.0078661122304414782 -0.0030418436736415724 0.0043612254144357937 0.0013516017980427974
leaf_weight=204 263 347 202 335 286 206 204
leaf_count=204 263 347 202 335 286 206 204
internal_value=0.00062168 -0.00142185 0.00221174 0.00408671 0.000594313 0.000941099 -0.00123664
internal_weight=2047 896 1151 745 633 410 406
internal_count=2047 896 1151 745 633 410 406
is_linear=0
shrinkage=0.03


Tree=250
num_leaves=8
num_cat=0
split_feature=3 3 9 3 6 8 0
split_gain=3.48304 4.11831 3.85344 9.5661 6.95536 7.47288 0.907648
threshold=0.94448931969125927 0.88758616029193149 1.0264781167669803 0.53160528510600991 -0.096183721649292939 -0.0087055521588225975 0.51411193965504209
decision_type=2 2 2 2 10 2 2
left_child=1 2 3 -1 6 -6 -5
right_child=-2 -3 -4 4 5 -7 -8
leaf_value=0.0047890285655622263 0.0033607604662132151 -0.0040302434515260659 0.0028024152056271329 -0.0065404861970679261 0.0033297895323822126 -0.0031710072039085589 -0.0035259526044963143
leaf_weight=218 207 278 322 203 299 329 203
leaf_count=218 207 278 322 203 299 329 203
internal_value=-0.000283146 -0.000698382 -9.90098e-05 -0.000853402 -0.00206033 -7.4029e-05 -0.00509445
internal_weight=2059 1852 1574 1252 1034 628 406
internal_count=2059 1852 1574 1252 1034 628 406
is_linear=0
shrinkage=0.03


Tree=251
num_leaves=8
num_cat=0
split_feature=8 1 12 6 10 4 6
split_gain=6.54556 7.80767 10.2871 15.4548 11.1655 11.0054 9.88289
threshold=0.042712166421780669 0.60855582599948976 0.0049340455925490087 -0.098329109480481056 1.8105354276266994 0.57689049730447672 -0.078300842473028862
decision_type=2 2 2 8 2 2 10
left_child=1 -1 3 -3 -5 6 -4
right_child=-2 2 5 4 -6 -7 -8
leaf_value=-0.0052125689878773224 0.0051967874717166913 -0.0026156540876714086 0.00073632153961206083 0.011324013750234696 0.0018122345318502568 0.0038362929530521023 -0.0067238082581197352
leaf_weight=255 205 266 266 214 230 230 392
leaf_count=255 205 266 266 214 230 230 392
internal_value=0.000176815 -0.000391042 0.00039221 0.00307272 0.00647179 -0.00175619 -0.0037252
internal_weight=2058 1853 1598 710 444 888 658
internal_count=2058 1853 1598 710 444 888 658
is_linear=0
shrinkage=0.03


Tree=252
num_leaves=9
num_cat=0
split_feature=10 5 1 0 12 9 4 10
split_gain=5.41827 6.36955 9.15623 6.79812 6.82092 6.68847 5.92764 4.29306
threshold=2.4013327310081025 2.953565246343524 1.1379882963931605 0.52222629432216172 -0.02260935460173202 0.80029290971383638 0.34616685223199478 2.7481048727984052
decision_type=2 2 2 2 2 2 2 2
left_child=1 3 -3 4 -1 -6 -5 -2
right_child=7 2 -4 6 5 -7 -8 -9
leaf_value=0.003880726502304008 0.0057767528898936384 -0.0027171412737316217 0.0056682890653083065 -0.0079237435539146403 -0.0058358259045151097 0.0014285974705748378 -0.0013978409880772234 -0.00027039438343752546
leaf_weight=236 211 206 260 257 233 216 245 206
leaf_count=236 211 206 260 257 233 216 245 206
internal_value=-0.000213941 -0.000985918 0.00197193 -0.00215053 -0.00019993 -0.00236389 -0.00478399 0.00282162
internal_weight=2070 1653 466 1187 685 449 502 417
internal_count=2070 1653 466 1187 685 449 502 417
is_linear=0
shrinkage=0.03


Tree=253
num_leaves=8
num_cat=0
split_feature=12 12 10 3 8 3 10
split_gain=9.20579 14.009 6.53995 6.785 6.81111 4.58798 3.47252
threshold=-0.0065611503808446483 -0.027370469150613638 2.5241283031950918 0.89614342228924915 0.019075359797094113 0.7539284245166592 1.764529724149398
decision_type=2 2 2 2 2 2 2
left_child=1 5 3 4 6 -1 -2
right_child=2 -3 -4 -5 -6 -7 -8
leaf_value=-0.0035507513720144344 -0.0054913375433218682 -0.0091724001048430013 0.0056213548286930363 0.0045951132015236706 0.0019286883331323776 0.0023987102726661358 -0.00048620543275613152
leaf_weight=201 290 230 227 232 376 264 218
leaf_count=201 290 230 227 232 376 264 218
internal_value=-0.000412167 -0.00320245 0.00103832 8.51951e-05 -0.00111759 -0.000183408 -0.00336914
internal_weight=2038 695 1343 1116 884 465 508
internal_count=2038 695 1343 1116 884 465 508
is_linear=0
shrinkage=0.03


Tree=254
num_leaves=8
num_cat=0
split_feature=7 12 4 6 12 14 5
split_gain=8.78458 8.83532 10.3796 6.99453 5.37806 5.72671 3.36869
threshold=1.0000000180025095e-35 -0.046254490482822867 0.089861877898902404 -0.20845289307125828 0.030486078209198523 1.0000000180025095e-35 2.7827189333115281
decision_type=10 2 2 8 2 2 2
left_child=-1 -2 -3 -4 6 -6 -5
right_child=1 2 3 4 5 -7 -8
leaf_value=-0.0044269914658578453 -0.004057365461579851 0.006931513430620543 0.0055812264947240359 -0.004821632680551839 -0.0014431839253151472 0.0050668883957315147 0.00027715167232857243
leaf_weight=306 254 295 208 273 241 237 200
leaf_count=306 254 295 208 273 241 237 200
internal_value=0.00021207 0.00105369 0.00195738 0.000666982 -0.000431416 0.00180365 -0.00268535
internal_weight=2014 1708 1454 1159 951 478 473
internal_count=2014 1708 1454 1159 951 478 473
is_linear=0
shrinkage=0.03


Tree=255
num_leaves=8
num_cat=0
split_feature=1 7 11 4 7 11 2
split_gain=7.68812 4.59134 10.3829 8.27166 5.95149 4.71268 5.90349
threshold=0.5696788347487135 0.71554304566939719 1.4484386045238902 0.19099128646675259 0.47442880825468886 -0.23909400154652369 0.7412197592715396
decision_type=2 10 2 2 10 2 2
left_child=-1 4 3 -3 5 -2 -7
right_child=1 2 -4 -5 -6 6 -8
leaf_value=0.0061565568674161533 0.0037359601321828658 0.0081013921664763733 -0.0035925388957635598 0.0005282993656446171 -0.0046233662259200564 -0.0041209349381868673 0.0021560789257861097
leaf_weight=206 239 249 212 267 308 293 242
leaf_count=206 239 249 212 267 308 293 242
internal_value=0.000737198 0.000105148 0.0019398 0.00422543 -0.0011325 0.00027739 -0.00128794
internal_weight=2016 1810 728 516 1082 774 535
internal_count=2016 1810 728 516 1082 774 535
is_linear=0
shrinkage=0.03


Tree=256
num_leaves=7
num_cat=0
split_feature=2 3 5 7 8 0
split_gain=6.32502 7.26524 7.19725 4.96199 5.43738 4.72095
threshold=0.64809972299168794 0.80874970117141121 2.9417309829362743 0.46647891919137335 0.0010876400994656516 0.52222629432216172
decision_type=2 2 2 8 2 2
left_child=1 2 5 4 -2 -1
right_child=3 -3 -4 -5 -6 -7
leaf_value=0.00045186848246976533 -0.0030535570835043867 0.0061661876128386453 0.0037458438754312652 -0.005767817112097803 0.002519354091398418 -0.0050732424459946912
leaf_weight=374 327 248 362 203 295 216
leaf_count=374 327 248 362 203 295 216
internal_value=0.000259685 0.00164717 0.000443883 -0.00175624 -0.000411443 -0.00159652
internal_weight=2025 1200 952 825 622 590
internal_count=2025 1200 952 825 622 590
is_linear=0
shrinkage=0.03


Tree=257
num_leaves=9
num_cat=0
split_feature=4 4 4 11 10 4 1 0
split_gain=6.95614 5.29169 4.86351 10.7129 8.80937 4.41839 8.04555 4.27002
threshold=0.046353626282561775 0.28441620250976646 0.14296321416348443 0.57170461908771808 1.7426351808853324 0.42706721152205163 1.3568263217458283 0.52001713617831913
decision_type=2 2 2 2 2 2 2 2
left_child=-1 2 4 -4 -2 -3 -7 -8
right_child=1 5 3 -5 -6 6 7 -9
leaf_value=0.0040460857448322094 -0.0048132383681109385 0.0032923830115169487 -0.0096765937401275884 -0.00044934390481658185 0.0038483514385702819 0.0032920610956564734 -0.00053744380529288465 -0.0067133582197129726
leaf_weight=249 211 298 223 226 202 232 200 200
leaf_count=249 211 298 223 226 202 232 200 200
internal_value=-0.000603133 -0.00125861 -0.00294477 -0.00508824 -0.000581461 0.000311654 -0.00110863 -0.00367016
internal_weight=2041 1792 862 449 413 930 632 400
internal_count=2041 1792 862 449 413 930 632 400
is_linear=0
shrinkage=0.03


Tree=258
num_leaves=9
num_cat=0
split_feature=11 9 7 10 5 9 4 9
split_gain=4.37884 5.9897 4.82241 3.68522 7.6317 6.93714 7.02401 2.58094
threshold=1.9283914922653984 1.1059919440907533 -0.019507879461307106 2.3089215786328636 2.9417309829362743 0.88051200975293287 0.12735682637639109 0.72815938766260024
decision_type=2 2 10 2 2 2 2 2
left_child=1 2 -1 4 5 6 -4 -8
right_child=-2 -3 3 -5 -6 -7 7 -9
leaf_value=-0.0055146698269151872 0.0037557150677447891 0.0037558419135387375 0.0047295000063521525 -0.0040208930888699619 0.0043793582507239822 -0.00597297233924882 0.00014765299783040409 -0.0043989058461539991
leaf_weight=212 218 232 205 242 270 214 248 200
leaf_count=212 218 232 205 242 270 214 248 200
internal_value=-0.000213669 -0.000697315 -0.00135641 -0.000699525 2.19073e-05 -0.00135241 0.000195707 -0.00190821
internal_weight=2041 1823 1591 1379 1137 867 653 448
internal_count=2041 1823 1591 1379 1137 867 653 448
is_linear=0
shrinkage=0.03


Tree=259
num_leaves=7
num_cat=0
split_feature=11 9 2 3 2 10
split_gain=6.47166 8.43766 7.12821 8.56883 6.61278 3.43301
threshold=-0.45974268321002565 0.68585601476550917 0.56792935684355594 0.61065237945162376 0.71830503238760768 1.9005224834735435
decision_type=2 2 2 2 2 2
left_child=5 -2 3 -3 -4 -1
right_child=1 2 4 -5 -6 -7
leaf_value=-0.0062131850746512977 -0.0038567268641390758 0.0029610494612551511 0.0065235588040973864 -0.0041158448865171518 0.00077265253412737945 -0.00081134092384441332
leaf_weight=207 300 292 361 315 357 215
leaf_count=207 300 292 361 315 357 215
internal_value=-0.00021555 0.000646247 0.00167645 -0.000715096 0.00368924 -0.00350279
internal_weight=2047 1625 1325 607 718 422
internal_count=2047 1625 1325 607 718 422
is_linear=0
shrinkage=0.03


Tree=260
num_leaves=8
num_cat=0
split_feature=7 7 9 12 2 12 4
split_gain=7.0131 7.29701 4.98776 5.0466 10.1388 9.75653 8.97899
threshold=1.4036579979987012 1.067542411303948 1.0500584113152731 -0.0073227799208102065 0.67972125435540143 0.035821923450864331 0.26129423280057912
decision_type=8 10 2 2 2 2 2
left_child=1 2 3 4 -1 -5 -7
right_child=-2 -3 -4 5 -6 6 -8
leaf_value=-0.0075923376306232093 -0.0041785663463499234 0.006256250241042479 0.00364195531693912 0.0042881667896365319 0.0016472018124853692 -0.0068237950304604091 0.0014530235650422778
leaf_weight=221 271 202 311 383 200 202 271
leaf_count=221 271 202 311 383 200 202 271
internal_value=0.000274319 0.000958233 0.000266782 -0.000566205 -0.00323519 0.000757628 -0.00211609
internal_weight=2061 1790 1588 1277 421 856 473
internal_count=2061 1790 1588 1277 421 856 473
is_linear=0
shrinkage=0.03


Tree=261
num_leaves=7
num_cat=0
split_feature=8 6 0 6 3 11
split_gain=5.86412 12.7912 12.2688 10.2058 9.2271 9.90863
threshold=-0.0059512203935202833 -0.11805623892003346 0.50972796490533212 -0.17526626343473797 0.78461538461538749 0.96966968835186651
decision_type=2 8 2 8 2 2
left_child=1 -1 -3 -2 5 -5
right_child=3 2 -4 4 -6 -7
leaf_value=-0.0062805176679755189 0.0069953954928019171 -0.0023525367328090306 0.0064195941493605645 -0.0062696726641922685 0.0036460287838270861 0.0024019113760668691
leaf_weight=332 242 369 228 279 362 200
leaf_count=332 242 369 228 279 362 200
internal_value=0.000137403 -0.00160666 0.00102312 0.00163397 5.89803e-05 -0.00266156
internal_weight=2012 929 597 1083 841 479
internal_count=2012 929 597 1083 841 479
is_linear=0
shrinkage=0.03


Tree=262
num_leaves=9
num_cat=0
split_feature=1 7 1 10 0 13 4 11
split_gain=4.08196 9.61879 6.42591 8.27092 7.13041 6.04371 5.08368 4.90341
threshold=0.84934662942537187 0.73120242018083614 1.0233681695539691 1.2392857172134288 0.53036347111328663 2.5000000000000004 0.32831304900797836 0.27652192964285682
decision_type=2 8 2 2 2 2 2 2
left_child=1 7 -2 -4 5 6 -5 -1
right_child=2 -3 3 4 -6 -7 -8 -9
leaf_value=-0.0030053164266595025 0.0054444301191081358 -0.0076418034893532211 0.0049125013071378417 -0.0021154663104127037 0.0021061062419487696 0.00093189255875903505 -0.0085169904334513342 0.0035251137828142447
leaf_weight=200 200 203 219 238 331 210 213 204
leaf_count=200 200 203 219 238 331 210 213 204
internal_value=-0.000353476 -0.00240006 0.000532313 -0.000297988 -0.00146716 -0.00325887 -0.00519904 0.00029501
internal_weight=2018 607 1411 1211 992 661 451 404
internal_count=2018 607 1411 1211 992 661 451 404
is_linear=0
shrinkage=0.03


Tree=263
num_leaves=8
num_cat=0
split_feature=7 7 6 8 6 4 9
split_gain=6.68317 6.75748 6.50253 9.84838 7.79552 4.50948 2.89532
threshold=-0.073817714790200037 0.20159684108862505 -0.19426325310930762 -0.013925535830594211 0.016643684144038055 0.29959891644850334 0.89637619166735183
decision_type=8 10 10 2 10 2 2
left_child=-1 -2 -3 4 -4 6 -5
right_child=1 2 3 5 -6 -7 -8
leaf_value=0.004704266762654361 -0.004786714698095453 0.0037629230620626073 -0.0015083282823022855 0.0012218394652764137 0.006251375243899987 -0.006053811551774947 -0.0035728576786960018
leaf_weight=214 317 320 228 217 230 289 228
leaf_count=214 317 320 228 217 230 289 228
internal_value=-0.000249782 -0.000840669 -3.06781e-07 -0.00102207 0.00241389 -0.00316786 -0.00124717
internal_weight=2043 1829 1512 1192 458 734 445
internal_count=2043 1829 1512 1192 458 734 445
is_linear=0
shrinkage=0.03


Tree=264
num_leaves=8
num_cat=0
split_feature=5 12 12 8 11 1 12
split_gain=4.91838 6.43233 8.10859 5.06012 4.40796 6.18271 5.31574
threshold=1.3772727808669423 0.096052707614573477 0.062173875723448187 -0.034198597721686243 -0.21276567622479023 0.92068924729867552 0.018437953042233283
decision_type=2 2 2 2 2 2 2
left_child=-1 2 3 -2 -5 -6 -7
right_child=1 -3 -4 4 5 6 -8
leaf_value=-0.004222872147552445 0.0044558606247022134 -0.0040577281917002659 0.0066171994512125342 0.0033794414507938879 0.0018909903497782332 -0.0053080150398867416 0.00040874700821842604
leaf_weight=228 214 246 204 209 333 383 234
leaf_count=228 214 246 204 209 333 383 234
internal_value=-0.000118217 0.000405292 0.00111211 0.000273127 -0.000515004 -0.00138499 -0.00315405
internal_weight=2051 1823 1577 1373 1159 950 617
internal_count=2051 1823 1577 1373 1159 950 617
is_linear=0
shrinkage=0.03


Tree=265
num_leaves=8
num_cat=0
split_feature=0 10 7 11 11 0 12
split_gain=6.19512 7.12674 11.5946 5.23147 8.21732 8.46844 7.7349
threshold=0.55079839993302893 1.1678224581142607 0.091251160371502563 1.5282205946903624 -0.25161302636989541 0.52222629432216172 0.0053903941602725944
decision_type=2 2 8 2 2 2 2
left_child=1 -1 -3 4 -4 6 -6
right_child=-2 2 3 -5 5 -7 -8
leaf_value=-0.0042731429729610682 0.0051706537267714103 0.0071643865243468836 -0.0033838397435114517 -0.0034352568142898732 0.0088986385930898936 -0.0021705517925035495 0.0010828985735139949
leaf_weight=289 231 217 281 338 224 216 230
leaf_count=289 231 217 281 338 224 216 230
internal_value=0.000601167 3.86654e-07 0.000831899 -0.000257723 0.000883681 0.0026853 0.00499405
internal_weight=2026 1795 1506 1289 951 670 454
internal_count=2026 1795 1506 1289 951 670 454
is_linear=0
shrinkage=0.03


Tree=266
num_leaves=8
num_cat=0
split_feature=2 6 5 5 14 2 14
split_gain=3.80461 12.6342 9.19963 11.6695 7.10065 6.90037 5.40251
threshold=0.49390467324889276 -0.10768622522766334 3.425436646528198 2.9244146242648914 1.0000000180025095e-35 0.68493150684931525 1.0000000180025095e-35
decision_type=2 8 2 2 2 2 2
left_child=1 -1 3 4 5 -2 -3
right_child=2 6 -4 -5 -6 -7 -8
leaf_value=-0.0036581788601180317 -0.0080670267449475946 0.0077130820650962127 -0.006310226167970074 0.0056565062583955102 0.0014888196219125704 -0.00072933565408213818 0.0011229090224951506
leaf_weight=242 202 247 229 266 391 263 205
leaf_count=242 202 247 229 266 391 263 205
internal_value=2.75579e-05 0.00182538 -0.000899295 0.000228171 -0.00148172 -0.0039688 0.00476916
internal_weight=2045 694 1351 1122 856 465 452
internal_count=2045 694 1351 1122 856 465 452
is_linear=0
shrinkage=0.03


Tree=267
num_leaves=8
num_cat=0
split_feature=10 4 5 13 9 9 5
split_gain=5.30828 10.4267 4.78412 5.31667 13.5722 8.80447 3.77079
threshold=1.2820350840321868 0.28441620250976646 2.1459045598565045 1.5000000000000002 0.9185604006129372 0.82399668149360539 3.0027666568490354
decision_type=2 2 2 2 2 2 2
left_child=1 -1 -2 5 -5 -4 -7
right_child=2 -3 3 4 -6 6 -8
leaf_value=-0.0069791768709333932 0.0037265315134414382 0.0021060496720839554 -0.0059817578750730981 0.0066171352124396472 -0.0033607677332715157 -0.0018526101307320395 0.003830053563870024
leaf_weight=241 394 208 267 277 213 208 203
leaf_count=241 394 208 267 277 213 208 203
internal_value=6.29906e-05 -0.00279359 0.000890413 -7.80974e-05 0.00228967 -0.00179355 0.000966455
internal_weight=2011 449 1562 1168 490 678 411
internal_count=2011 449 1562 1168 490 678 411
is_linear=0
shrinkage=0.03


Tree=268
num_leaves=8
num_cat=0
split_feature=12 7 12 4 4 6 10
split_gain=5.07499 7.22181 6.01247 11.6247 8.82969 8.75681 5.97464
threshold=-0.04719051083240771 -0.010963868234579397 0.01576393174565283 0.33480066306687351 0.57689049730447672 -0.011837395016796202 1.7035663065275899
decision_type=2 10 2 2 2 10 2
left_child=-1 -2 3 6 5 -4 -3
right_child=1 2 4 -5 -6 -7 -8
leaf_value=-0.0031458994807693564 -0.0038438001927872528 0.0032047369299094061 0.0017882953417619042 -0.0018279646434155956 0.0054632810180327883 -0.0050957956450419376 0.010385964038851453
leaf_weight=304 232 216 340 205 209 317 209
leaf_count=304 232 216 340 205 209 317 209
internal_value=0.000397234 0.00102784 0.00179362 0.00401098 0.000166771 -0.00154665 0.00681591
internal_weight=2032 1728 1496 630 866 657 425
internal_count=2032 1728 1496 630 866 657 425
is_linear=0
shrinkage=0.03


Tree=269
num_leaves=9
num_cat=0
split_feature=9 10 10 7 7 4 8 9
split_gain=4.23151 4.39535 6.8482 7.52238 15.0948 7.52671 5.48661 2.00314
threshold=0.62659298171518285 1.1678224581142607 1.4444875586461412 0.61359367244151297 0.3348757485214538 0.3309092912596186 0.0010876400994656516 0.87631961368415989
decision_type=2 2 2 10 8 2 2 2
left_child=-1 -2 -3 4 6 7 -4 -5
right_child=1 2 3 5 -6 -7 -8 -9
leaf_value=-0.0036790522219429553 -0.0028098924749109457 0.0056469475264380618 -0.0018088538058601863 0.0072723807629762813 -0.0072848027328217624 -0.001707359635903406 0.0049378440239274037 0.0029833482128701037
leaf_weight=208 258 274 200 206 262 213 227 205
leaf_count=208 258 274 200 206 262 213 227 205
internal_value=0.000326216 0.000786481 0.00137814 0.000469267 -0.00168628 0.00284383 0.00179344 0.00519465
internal_weight=2053 1845 1587 1313 689 624 427 411
internal_count=2053 1845 1587 1313 689 624 427 411
is_linear=0
shrinkage=0.03


Tree=270
num_leaves=9
num_cat=0
split_feature=0 7 4 11 1 7 8 5
split_gain=5.34627 7.52926 6.45701 8.33353 7.10314 5.93557 4.68882 3.40915
threshold=0.52001713617831913 0.42298854303939815 0.29959891644850334 0.60816309141950275 0.72824415569870704 0.083667455093876367 -0.015227854976830031 2.841649179241347
decision_type=2 8 2 2 2 10 2 2
left_child=2 5 4 -4 -1 -2 -6 -3
right_child=1 7 3 -5 6 -7 -8 -9
leaf_value=0.0040314798807984239 -0.0025923734017913895 -0.0066083200884583804 0.0085108285164887752 0.00028296416951948175 0.000411079671471594 0.004204821448643193 -0.005717666165080181 -0.0014490885936330803
leaf_weight=218 205 247 213 226 234 253 210 219
leaf_count=218 205 247 213 226 234 253 210 219
internal_value=0.000117856 -0.00156022 0.00152685 0.00432596 -0.000347871 0.00116727 -0.00251904 -0.00422482
internal_weight=2025 924 1101 439 662 458 444 466
internal_count=2025 924 1101 439 662 458 444 466
is_linear=0
shrinkage=0.03


Tree=271
num_leaves=8
num_cat=0
split_feature=11 11 6 1 1 4 12
split_gain=4.10593 7.69909 6.97802 5.97919 9.10133 8.70668 10.095
threshold=1.9283914922653984 1.5049921713634815 0.22159259152553504 1.1531408147996667 0.67174772085792589 0.46985151338467385 0.012344144645115686
decision_type=2 2 8 2 2 2 2
left_child=1 2 3 4 -1 6 -5
right_child=-2 -3 -4 5 -6 -7 -8
leaf_value=0.0023531711067879147 0.0042298297293018551 -0.005420966352881273 0.0053352317988451213 0.0087449521867468891 -0.0051287626271809671 -0.0023543814614807304 -0.00034305978437057798
leaf_weight=233 235 200 247 224 378 280 211
leaf_count=233 235 200 247 224 378 280 211
internal_value=0.000547229 4.86014e-05 0.000759006 -0.000110268 -0.00227965 0.00174652 0.00438294
internal_weight=2008 1773 1573 1326 611 715 435
internal_count=2008 1773 1573 1326 611 715 435
is_linear=0
shrinkage=0.03


Tree=272
num_leaves=9
num_cat=0
split_feature=6 0 12 10 3 12 9 0
split_gain=6.65588 4.56299 10.383 8.57047 8.85555 4.50919 3.6629 3.61478
threshold=0.32983471823630056 0.5220257063510173 -0.0073227799208102065 1.607374754821796 0.67907239819004361 0.0088673582129313328 0.78682120158898428 0.50007452530373808
decision_type=10 2 2 2 2 2 2 2
left_child=1 3 -3 7 -5 -6 -4 -1
right_child=-2 2 6 4 5 -7 -8 -9
leaf_value=0.001771491506652346 -0.0056311289681807942 -0.0073198282501205454 0.0029761102427399567 0.0038940956051412377 -0.00025441181929601196 -0.0065398459572574537 -0.0016655506534685551 0.007451189627297944
leaf_weight=201 204 210 264 223 201 206 350 206
leaf_count=201 204 210 264 223 201 206 350 206
internal_value=-0.000554928 1.51157e-05 -0.00164591 0.00133653 -0.000857421 -0.0034765 0.000338131 0.00470177
internal_weight=2065 1861 824 1037 630 407 614 407
internal_count=2065 1861 824 1037 630 407 614 407
is_linear=0
shrinkage=0.03


Tree=273
num_leaves=7
num_cat=0
split_feature=8 3 2 11 4 0
split_gain=4.3047 4.63051 14.1538 5.60108 6.05418 5.43838
threshold=-0.036244479864769676 0.5735731317948517 0.43323201621073815 0.39034890683253515 0.28441620250976646 0.5212498729944629
decision_type=2 2 2 2 2 2
left_child=-1 -2 -3 4 -4 -5
right_child=1 2 3 5 -6 -7
leaf_value=-0.0037956291248564819 0.0035423258995145278 -0.0076945053927528744 -0.0046326046862194071 0.0053619892699558521 0.0017226644760735756 3.1027421317388854e-05
leaf_weight=266 313 203 271 322 260 364
leaf_count=266 313 203 271 322 260 364
internal_value=-0.000279384 0.000269695 -0.000461565 0.000771462 -0.00153376 0.00255401
internal_weight=1999 1733 1420 1217 531 686
internal_count=1999 1733 1420 1217 531 686
is_linear=0
shrinkage=0.03


Tree=274
num_leaves=9
num_cat=0
split_feature=11 3 3 11 8 4 12 12
split_gain=4.13816 4.78624 4.65287 8.08536 10.4582 7.2477 8.75905 3.85588
threshold=-0.91788754028769548 0.52825350749879074 0.64999999999999913 1.1540437116856463 -0.026015730930851501 0.42706721152205163 0.021889641451876777 0.026749734061613965
decision_type=2 2 2 2 2 2 2 2
left_child=-1 -2 -3 4 -4 6 -6 -5
right_child=1 2 3 7 5 -7 -8 -9
leaf_value=0.0048119153667773515 0.0043787438570803338 -0.0036390018881706705 -0.0034835204263151541 -0.0055799723799178766 0.010349571299739182 -0.00032426863354207439 0.0018934871006246296 0.00021377026143929232
leaf_weight=233 253 262 206 206 231 215 212 202
leaf_count=233 253 262 206 206 231 215 212 202
internal_value=0.00109493 0.000598216 -3.75007e-05 0.000715662 0.00235561 0.00419615 0.00636916 -0.00274364
internal_weight=2020 1787 1534 1272 864 658 443 408
internal_count=2020 1787 1534 1272 864 658 443 408
is_linear=0
shrinkage=0.03


Tree=275
num_leaves=7
num_cat=0
split_feature=11 6 8 4 8 9
split_gain=5.01097 4.87916 5.90907 7.97094 5.21988 11.1154
threshold=1.6477460412357534 0.22159259152553504 -0.035284882442898485 0.072265204990467333 0.019075359797094113 0.84060586457907227
decision_type=2 10 2 2 2 2
left_child=1 2 -1 -4 5 -5
right_child=-2 -3 3 4 -6 -7
leaf_value=-0.0049309970701929846 -0.0036426523439053978 0.0040148464200862703 0.0055615243849319379 0.0013516017242201736 0.002260938645069769 -0.0065072636571851103
leaf_weight=214 345 263 217 345 339 298
leaf_count=214 345 263 217 345 339 298
internal_value=-0.000377619 0.000303314 -0.000399229 0.000426728 -0.000730372 -0.00231272
internal_weight=2021 1676 1413 1199 982 643
internal_count=2021 1676 1413 1199 982 643
is_linear=0
shrinkage=0.03


Tree=276
num_leaves=8
num_cat=0
split_feature=13 7 4 10 1 12 4
split_gain=5.74276 5.23592 7.92101 12.5109 6.03286 4.93689 7.2347
threshold=6.5000000000000009 1.1341887627870262 0.35858403162064123 1.2981693731452817 1.7885631224242502 0.037183829107819096 0.15804494081121459
decision_type=2 10 2 2 2 2 2
left_child=1 2 3 -1 -4 6 -5
right_child=-2 -3 4 5 -6 -7 -8
leaf_value=-0.0077462893404405229 -0.0042067286840084791 0.0041370981084899259 0.0054191121147413339 -0.0013349707481734778 -0.0010688652229103922 -0.0029718794595746316 0.0063548951637914771
leaf_weight=215 203 385 345 225 202 234 208
leaf_count=215 203 385 345 225 202 234 208
internal_value=0.000517304 0.00105607 0.00021445 -0.00154218 0.00303521 0.000500402 0.00238938
internal_weight=2017 1814 1429 882 547 667 433
internal_count=2017 1814 1429 882 547 667 433
is_linear=0
shrinkage=0.03


Tree=277
num_leaves=8
num_cat=0
split_feature=4 7 12 11 12 4 4
split_gain=7.14953 5.74624 5.07867 5.0252 5.69137 13.0438 6.93175
threshold=0.81084796389375668 -0.019507879461307106 -0.046254490482822867 -0.6121576995262038 0.021889641451876777 0.34616685223199478 0.23758986472429267
decision_type=2 10 2 2 2 2 2
left_child=1 -1 -3 -4 6 -6 -5
right_child=-2 2 3 4 5 -7 -8
leaf_value=-0.0034452709358003806 -0.0048588682725260561 -0.0025020675155807471 0.0064396501699803578 0.0066417368858842953 -0.003840825811595114 0.0054838469119977609 -0.00021618898757018489
leaf_weight=241 219 239 208 297 387 201 236
leaf_count=241 219 239 208 297 387 201 236
internal_value=0.000198224 0.000822148 0.00148691 0.00221096 0.00140122 -0.000633948 0.00363142
internal_weight=2028 1809 1568 1329 1121 588 533
internal_count=2028 1809 1568 1329 1121 588 533
is_linear=0
shrinkage=0.03


Tree=278
num_leaves=7
num_cat=0
split_feature=12 6 1 6 1 1
split_gain=4.43733 6.60049 5.68138 6.43203 7.80811 8.20929
threshold=0.10604851897062441 0.22159259152553504 0.65575049183319012 -0.17819257940532954 1.1531408147996667 1.5828558802943691
decision_type=2 10 2 8 2 2
left_child=1 2 -1 -4 -5 -6
right_child=-2 -3 3 4 5 -7
leaf_value=0.0035566482418912578 -0.0040892045374591873 0.0046333150283426492 0.0021192181557610937 -0.0063962603334737859 0.0039720665246248243 -0.003188604022320499
leaf_weight=256 233 261 355 316 220 396
leaf_count=256 233 261 355 316 220 396
internal_value=-0.000238825 0.000268408 -0.000482501 -0.00129659 -0.00260204 -0.000619831
internal_weight=2037 1804 1543 1287 932 616
internal_count=2037 1804 1543 1287 932 616
is_linear=0
shrinkage=0.03


Tree=279
num_leaves=7
num_cat=0
split_feature=5 6 12 7 4 4
split_gain=7.56467 4.84112 7.69562 7.51938 14.5818 5.30715
threshold=3.6216794482451635 -0.11805623892003346 -0.0041867656116034704 1.0614720662356063 0.2286584518306248 0.44048324714862597
decision_type=2 10 2 10 2 2
left_child=1 2 -1 4 -3 -6
right_child=-2 3 -4 -5 5 -7
leaf_value=-0.0071261303064975171 0.0048842581235382159 -0.0058314907076624286 -0.00028762478700918243 0.0044923660739722262 0.0053545015729975567 -0.00056834792248304966
leaf_weight=242 227 350 371 281 232 318
leaf_count=242 227 350 371 281 232 318
internal_value=-0.000214746 -0.000871719 -0.00302314 0.000253017 -0.00108811 0.00195575
internal_weight=2021 1794 613 1181 900 550
internal_count=2021 1794 613 1181 900 550
is_linear=0
shrinkage=0.03


Tree=280
num_leaves=8
num_cat=0
split_feature=0 12 0 11 0 0 11
split_gain=6.12143 7.22213 7.54012 6.17654 5.62493 5.32664 4.74298
threshold=0.48645927866929756 -0.0065611503808446483 0.5212498729944629 1.7396778305546474 0.51799377147999792 0.53097671854003792 0.39842796203612146
decision_type=2 2 2 2 2 2 2
left_child=-1 2 -2 4 -3 -6 -7
right_child=1 3 -4 -5 5 6 -8
leaf_value=0.0044972703910254415 -0.00053281061291962943 -0.0031783568272367121 -0.0073709454528260521 0.0052897562986860668 0.005398886087124498 0.0026887214205196601 -0.0037035487588655434
leaf_weight=230 356 375 241 211 201 204 204
leaf_count=230 356 375 241 211 201 204 204
internal_value=-5.61694e-05 -0.000651482 -0.00333156 0.000695736 -0.000311126 0.00146591 -0.000513557
internal_weight=2022 1792 597 1195 984 609 408
internal_count=2022 1792 597 1195 984 609 408
is_linear=0
shrinkage=0.03


Tree=281
num_leaves=8
num_cat=0
split_feature=5 12 12 6 11 7 5
split_gain=5.16793 4.1136 11.2784 6.72636 6.9393 14.3991 6.42421
threshold=1.5110397615452247 0.10438723717383576 0.066729088933256311 0.016643684144038055 0.59859451792782714 0.70712762997178813 2.9973256925908851
decision_type=2 2 2 8 2 8 2
left_child=-1 2 3 4 -2 -6 -5
right_child=1 -3 -4 6 5 -7 -8
leaf_value=-0.0041930005260639716 0.0010989517034861701 -0.0035803202704357152 0.007342176400577125 0.0051127062923772412 0.0005905066029499135 -0.010110137072961196 -0.0016013113548112817
leaf_weight=265 382 215 201 317 243 206 210
leaf_count=265 382 215 201 317 243 206 210
internal_value=-0.000326214 0.000261567 0.00080115 -0.000190381 -0.00186782 -0.0043762 0.00244739
internal_weight=2039 1774 1559 1358 831 449 527
internal_count=2039 1774 1559 1358 831 449 527
is_linear=0
shrinkage=0.03


Tree=282
num_leaves=7
num_cat=0
split_feature=7 6 5 9 14 1
split_gain=6.1263 5.34782 5.33274 5.7405 6.4211 2.80583
threshold=0.29655666012047938 0.0096704236664593175 2.953565246343524 0.69157189806133668 1.0000000180025095e-35 1.660417389070288
decision_type=8 10 2 2 2 2
left_child=1 -1 3 -2 -5 -4
right_child=2 -3 5 4 -6 -7
leaf_value=0.0045685011711084174 0.0012094335678276143 -0.0010176018587986213 -0.00069882225385496774 -0.0017440835342988098 -0.0078933154753858936 0.0037693796852012957
leaf_weight=359 233 265 327 378 256 200
leaf_count=359 233 265 327 378 256 200
internal_value=-0.000252792 0.00220697 -0.00135781 -0.0027985 -0.00426939 0.00101638
internal_weight=2018 624 1394 867 634 527
internal_count=2018 624 1394 867 634 527
is_linear=0
shrinkage=0.03


Tree=283
num_leaves=7
num_cat=0
split_feature=10 6 7 5 12 3
split_gain=6.47233 8.01439 7.34981 5.90947 9.22745 5.15953
threshold=1.1572168212148248 0.22159259152553504 0.091251160371502563 2.7464301656593895 0.027502907342453201 0.73526153445129694
decision_type=2 8 8 2 2 2
left_child=-1 2 -2 4 -4 -5
right_child=1 -3 3 5 -6 -7
leaf_value=-0.0039356913165439194 0.0046364910871616065 0.0050565235379852764 -0.002065842122602181 -0.0008624648519730318 0.0054650646158564487 -0.0065324389088704119
leaf_weight=323 224 302 376 329 233 255
leaf_count=323 224 302 376 329 233 255
internal_value=-7.31292e-05 0.000661956 -0.000289129 -0.00122946 0.000836481 -0.00337266
internal_weight=2042 1719 1417 1193 609 584
internal_count=2042 1719 1417 1193 609 584
is_linear=0
shrinkage=0.03


Tree=284
num_leaves=8
num_cat=0
split_feature=0 0 0 2 6 9 0
split_gain=5.70291 6.33096 6.10833 5.75042 5.54183 5.82447 4.84722
threshold=0.49685803021440811 0.55079839993302893 0.5382651544663416 0.52033921676778927 -0.022297801964819227 0.76257697819596615 0.51635427706122827
decision_type=2 2 2 2 10 2 2
left_child=3 2 4 -1 5 -2 -6
right_child=1 -3 -4 -5 6 -7 -8
leaf_value=0.0065759435193265374 -0.0020973485667893687 0.0040460513852017578 -0.0056469821646906336 -0.0002710292302072048 -0.0054459427175243035 0.0041443957883019406 0.00014615671018923114
leaf_weight=236 212 239 226 203 251 352 306
leaf_count=236 212 239 226 203 251 352 306
internal_value=0.000436911 -0.000403204 -0.00120469 0.00344241 -0.000287995 0.00180039 -0.00239983
internal_weight=2025 1586 1347 439 1121 564 557
internal_count=2025 1586 1347 439 1121 564 557
is_linear=0
shrinkage=0.03


Tree=285
num_leaves=8
num_cat=0
split_feature=10 12 4 6 11 14 1
split_gain=3.72405 6.80862 10.6876 5.07219 5.05619 4.24387 3.82919
threshold=2.6236678909274551 0.0049340455925490087 0.34616685223199478 -0.098329109480481056 0.63079345690284672 1.0000000180025095e-35 1.7023470921370738
decision_type=2 2 2 10 2 2 2
left_child=1 3 4 -1 -3 -5 -4
right_child=-2 2 6 5 -6 -7 -8
leaf_value=-0.001227746398485813 -0.0039344122800575466 -0.0017701512773441062 0.0045650299814426233 0.0062113536514422224 -0.0074551154639063907 0.00050843559145661329 -0.0010639685856776808
leaf_weight=286 274 297 211 273 270 205 216
leaf_count=286 274 297 211 273 270 205 216
internal_value=-0.000714423 -0.000202824 -0.00183567 0.00191971 -0.00451878 0.00379612 0.00173822
internal_weight=2032 1758 994 764 567 478 427
internal_count=2032 1758 994 764 567 478 427
is_linear=0
shrinkage=0.03


Tree=286
num_leaves=7
num_cat=0
split_feature=6 1 4 7 8 4
split_gain=7.8395 6.10561 8.76101 7.66216 7.46873 6.69845
threshold=-0.20845289307125828 1.1450237073103053 0.33780001158948963 0.8124170152480531 -0.0019810125796443762 0.61076594055651845
decision_type=10 2 2 10 2 2
left_child=-1 4 3 -3 -2 -4
right_child=1 2 5 -5 -6 -7
leaf_value=0.004062904383275695 -0.0060180797995943352 9.2672111898444689e-05 -0.0053995482988111959 0.0083177538830967786 0.00011004484734028749 0.0015453343594625483
leaf_weight=389 327 202 228 201 388 266
leaf_count=389 327 202 228 201 388 266
internal_value=0.000268874 -0.000656415 0.000990389 0.00424667 -0.00271494 -0.00168198
internal_weight=2001 1612 897 403 715 494
internal_count=2001 1612 897 403 715 494
is_linear=0
shrinkage=0.03


Tree=287
num_leaves=8
num_cat=0
split_feature=12 12 10 2 7 0 12
split_gain=5.44824 9.40412 7.4522 8.07452 9.95868 6.73387 5.21555
threshold=-0.027370469150613638 -0.0065611503808446483 2.4160021649910406 0.43603769318169266 0.25176721404362867 0.5257871731772108 -0.05304560232240723
decision_type=2 2 2 2 10 2 2
left_child=6 -2 3 -3 -5 -6 -1
right_child=1 2 -4 4 5 -7 -8
leaf_value=-0.00013841863519147685 -0.0064992977684620911 -0.0056998618343528703 0.0044173698283266278 -0.0038058524927833959 -0.00017246520902133652 0.0069248927639458668 0.0061327293702330716
leaf_weight=271 234 260 265 310 265 215 208
leaf_count=271 234 260 265 310 265 215 208
internal_value=-0.000159848 -0.00102512 -3.00805e-05 -0.00116815 0.00034977 0.00304518 0.00261997
internal_weight=2028 1549 1315 1050 790 480 479
internal_count=2028 1549 1315 1050 790 480 479
is_linear=0
shrinkage=0.03


Tree=288
num_leaves=8
num_cat=0
split_feature=9 9 7 12 6 12 7
split_gain=3.93781 8.06681 6.96901 7.88907 12.2616 6.26099 3.09932
threshold=0.77886029824756442 0.84060586457907227 0.93617098504130902 0.0066335455469914159 0.0058070216630610192 1.0000000180025095e-35 0.44113254515555234
decision_type=2 2 10 2 10 2 8
left_child=5 -2 3 -3 -5 -1 -7
right_child=1 2 -4 4 -6 6 -8
leaf_value=0.001691038854342805 0.0060605741988705554 -0.0019990892260249916 -0.0040096731858327989 0.0094296367754313076 -0.00081655028691991814 -0.00088921139590388183 -0.0058767182034505311
leaf_weight=332 248 311 270 204 210 202 253
leaf_count=332 248 311 270 204 210 202 253
internal_value=0.000227916 0.00127739 6.08635e-05 0.00159387 0.00428457 -0.00142725 -0.00369622
internal_weight=2030 1243 995 725 414 787 455
internal_count=2030 1243 995 725 414 787 455
is_linear=0
shrinkage=0.03


Tree=289
num_leaves=8
num_cat=0
split_feature=8 9 6 3 12 7 11
split_gain=4.73259 7.52108 6.21218 11.5491 8.4704 7.41749 3.35892
threshold=-0.021349477258064613 0.67997919595824297 -0.035931130253461889 0.79706557612282902 0.053761023911310164 0.54012379210144912 0.39842796203612146
decision_type=2 2 8 2 2 8 2
left_child=6 -2 3 -3 5 -4 -1
right_child=1 2 4 -5 -6 -7 -8
leaf_value=-0.0050220765358466183 -0.004668002304970287 0.0073828405525964511 0.0056876550586507889 -0.0012266930646774737 -0.0054047217277809973 -0.0021746411602826909 -0.00048830578930447906
leaf_weight=297 219 314 212 248 220 211 289
leaf_count=297 219 314 212 248 220 211 289
internal_value=-0.000552185 0.000383189 0.0013167 0.0036063 -0.000696858 0.00178621 -0.00280919
internal_weight=2010 1424 1205 562 643 423 586
internal_count=2010 1424 1205 562 643 423 586
is_linear=0
shrinkage=0.03


Tree=290
num_leaves=8
num_cat=0
split_feature=6 5 11 11 8 10 6
split_gain=5.86121 4.64595 6.21259 8.74671 7.28793 6.08553 5.39394
threshold=0.32983471823630056 1.3772727808669423 0.65074324236675862 0.97723161522910262 -0.0013654811453396763 1.6547439162966679 -0.049455532633101255
decision_type=10 2 2 2 2 2 8
left_child=1 -1 5 -4 -5 6 -3
right_child=-2 2 3 4 -6 -7 -8
leaf_value=-0.003812742593856353 -0.0049867570287570719 0.0019712402805303914 -0.0062648826107927933 -0.002998184766263214 0.0034717993415563989 -0.00016774163436845117 0.0087100542871200518
leaf_weight=207 200 229 200 259 381 338 202
leaf_count=207 200 229 200 259 381 338 202
internal_value=-0.000177921 0.000363925 0.000911406 -0.000870659 0.000850533 0.00285105 0.00519324
internal_weight=2016 1816 1609 840 640 769 431
internal_count=2016 1816 1609 840 640 769 431
is_linear=0
shrinkage=0.03


Tree=291
num_leaves=8
num_cat=0
split_feature=3 5 6 2 3 6 1
split_gain=9.393 6.78967 4.74646 4.14161 9.44658 8.78636 12.5142
threshold=0.53160528510600991 1.693193677396992 0.22159259152553504 0.79999999999999738 0.85442415264542415 -0.011837395016796202 1.3441377057392547
decision_type=2 2 8 2 2 8 2
left_child=-1 -2 3 4 5 6 -3
right_child=1 2 -4 -5 -6 -7 -8
leaf_value=0.0056678185311074443 0.0035576321882707577 -0.0043578563129516596 0.0027722969372230379 -0.0055694532756770925 0.0041889825823142168 -0.0069640294386373175 0.0051415567801316869
leaf_weight=268 328 287 225 224 230 272 213
leaf_count=268 328 287 225 224 230 272 213
internal_value=0.00048634 -0.000307929 -0.00119096 -0.00192662 -0.00108864 -0.00267783 -0.000300267
internal_weight=2047 1779 1451 1226 1002 772 500
internal_count=2047 1779 1451 1226 1002 772 500
is_linear=0
shrinkage=0.03


Tree=292
num_leaves=8
num_cat=0
split_feature=12 5 6 10 6 8 8
split_gain=4.43129 11.4118 10.9309 7.51738 5.62603 5.77205 7.67417
threshold=-0.0073227799208102065 2.0128295712639228 -0.10614944279683856 1.6135358687159409 -0.12621751418457575 0.028775250774507419 -0.0089784329160477027
decision_type=2 2 8 2 10 2 2
left_child=2 -2 -1 -4 -3 6 -6
right_child=1 4 3 -5 5 -7 -8
leaf_value=-0.0071346949102977907 0.0057163517106432245 0.002480592529359713 0.0048301877710715084 -0.0028762475803275319 -0.00032702901644543519 0.0017562832450388338 -0.0077750681738723952
leaf_weight=256 306 313 201 250 247 215 247
leaf_count=256 306 313 201 250 247 215 247
internal_value=-0.000337898 0.000683622 -0.00224801 0.000573631 -0.000843737 -0.00231841 -0.00409164
internal_weight=2035 1328 707 451 1022 709 494
internal_count=2035 1328 707 451 1022 709 494
is_linear=0
shrinkage=0.03


Tree=293
num_leaves=8
num_cat=0
split_feature=6 5 4 12 6 8 8
split_gain=3.0738 4.63318 7.13789 7.602 5.57539 9.94959 4.78106
threshold=0.22159259152553504 3.5831172262404478 0.14296321416348443 -0.0065611503808446483 0.0058070216630610192 0.010151810506095328 0.0050476346101967556
decision_type=8 2 2 2 10 2 2
left_child=1 2 6 -4 5 -5 -1
right_child=-2 -3 3 4 -6 -7 -8
leaf_value=0.0046353799210417206 0.0027470183873958237 0.0038404312124698638 -0.0058776567224593512 -0.0027633638111148086 -0.004046120615712856 0.0060820806837467919 -0.0014052109521524073
leaf_weight=276 341 204 350 233 248 216 200
leaf_count=276 341 204 350 233 248 216 200
internal_value=0.000165854 -0.000350262 -0.000922319 -0.00230397 -0.000480355 0.00151202 0.00210909
internal_weight=2068 1727 1523 1047 697 449 476
internal_count=2068 1727 1523 1047 697 449 476
is_linear=0
shrinkage=0.03


Tree=294
num_leaves=9
num_cat=0
split_feature=6 12 6 12 6 1 4 1
split_gain=3.85919 4.53802 13.1544 5.90969 4.75469 4.23684 6.78516 4.48196
threshold=0.33841528074120303 -0.028132859353303282 -0.062901153715863342 -0.0073227799208102065 0.1130627055773752 1.1787451880750357 0.5017414774845933 0.80349754718879207
decision_type=8 2 10 2 10 2 2 2
left_child=1 2 -1 -3 5 7 -7 -5
right_child=-2 3 -4 4 -6 6 -8 -9
leaf_value=-0.0014764442963093095 -0.0032195913629470075 -0.004128598387513129 0.0091626336748844815 0.0029631363976439203 -0.0025921659327310617 0.0066301019297843088 -0.00037910636011646056 -0.0030860440833744649
leaf_weight=206 200 222 205 213 239 316 202 218
leaf_count=206 200 222 205 213 239 316 202 218
internal_value=0.000686323 0.00112295 0.0038765 0.000309458 0.00115262 0.00210436 0.00391929 -9.68443e-05
internal_weight=2021 1821 411 1410 1188 949 518 431
internal_count=2021 1821 411 1410 1188 949 518 431
is_linear=0
shrinkage=0.03


Tree=295
num_leaves=8
num_cat=0
split_feature=1 4 4 10 12 9 10
split_gain=5.02306 5.63846 7.80615 5.93791 4.56609 5.2298 4.33148
threshold=0.5696788347487135 0.28441620250976646 0.20976318451437204 1.764529724149398 -0.013664274344544645 0.75832245046988711 1.8823505307477013
decision_type=2 2 2 2 2 2 2
left_child=-1 2 3 -2 -3 -6 -7
right_child=1 4 -4 -5 5 6 -8
leaf_value=0.0045097864118537733 -0.0032738287892745254 0.004828063112677845 -0.0071231190064413976 0.0020987858854213219 -0.0035948918934744331 -0.0011956013125117597 0.0048479584921151397
leaf_weight=205 359 238 204 372 229 200 220
leaf_count=205 359 238 204 372 229 200 220
internal_value=0.000115944 -0.000389412 -0.00200975 -0.000544064 0.0013203 6.86191e-06 0.00198986
internal_weight=2027 1822 935 731 887 649 420
internal_count=2027 1822 935 731 887 649 420
is_linear=0
shrinkage=0.03


Tree=296
num_leaves=8
num_cat=0
split_feature=7 7 4 4 9 10 1
split_gain=5.16067 5.13573 5.74478 7.86989 6.24413 4.79939 4.33206
threshold=1.4036579979987012 1.067542411303948 0.32085631668547604 0.44906748082814835 0.86147839954385297 1.2820350840321868 0.89579669858367461
decision_type=8 10 2 2 2 2 2
left_child=1 2 5 -4 -5 -1 -7
right_child=-2 -3 3 4 -6 6 -8
leaf_value=-0.0058156530640047534 -0.0038900524582259535 0.0047361449131488121 0.0065627945660946705 -0.0035434256031903503 0.0030962305023734056 0.0021533821458762435 -0.0028061940783355652
leaf_weight=202 282 215 213 253 247 287 342
leaf_count=202 282 215 213 253 247 287 342
internal_value=-0.000159609 0.000447781 -0.000162728 0.00180604 -0.000265255 -0.00185263 -0.000544104
internal_weight=2041 1759 1544 713 500 831 629
internal_count=2041 1759 1544 713 500 831 629
is_linear=0
shrinkage=0.03


Tree=297
num_leaves=8
num_cat=0
split_feature=10 12 10 6 3 7 7
split_gain=4.40182 7.38448 7.38193 7.20445 8.41511 3.69217 7.93375
threshold=2.6990045870034631 0.0049340455925490087 2.2082144682831659 -0.098329109480481056 0.78571428571428981 0.25176721404362867 0.85529901229999272
decision_type=2 2 2 8 2 8 10
left_child=1 3 5 -1 -5 -3 -7
right_child=-2 2 -4 4 -6 6 -8
leaf_value=-0.0009061481845580113 -0.0037989033036518525 -0.0053992942988315201 0.0039395067491400718 0.0011937638745406892 0.0089974368817200227 0.0017183442733836182 -0.0054715903401873732
leaf_weight=306 230 249 203 263 234 356 219
leaf_count=306 230 249 203 263 234 356 219
internal_value=6.70433e-05 0.000561955 -0.00112143 0.00270854 0.00492095 -0.00238448 -0.00104364
internal_weight=2060 1830 1027 803 497 824 575
internal_count=2060 1830 1027 803 497 824 575
is_linear=0
shrinkage=0.03


Tree=298
num_leaves=7
num_cat=0
split_feature=9 9 6 8 3 13
split_gain=4.02259 5.4259 5.91027 5.12233 7.42756 5.02902
threshold=0.81134783339782313 0.94171345948348906 -0.0025675129933979686 -0.025717390861206554 0.80000000000000471 1.0000000180025095e-35
decision_type=2 2 10 2 2 2
left_child=3 2 -2 -1 -5 -3
right_child=1 5 -4 4 -6 -7
leaf_value=-0.005155111273417055 4.6187793496139946e-05 0.0025727776820434031 0.0066237939068351879 -0.002875655323137031 0.0036218981487579197 -0.0028897730401135926
leaf_weight=263 243 240 244 382 263 394
leaf_count=263 243 240 244 382 263 394
internal_value=-0.000189621 0.00101074 0.00337557 -0.00166898 -0.000218784 -0.00081798
internal_weight=2029 1121 487 908 645 634
internal_count=2029 1121 487 908 645 634
is_linear=0
shrinkage=0.03


Tree=299
num_leaves=9
num_cat=0
split_feature=10 8 12 4 5 11 4 9
split_gain=4.34277 7.05968 5.68878 6.5916 5.31115 5.07621 3.78559 4.44458
threshold=2.4160021649910406 -0.037250704884128863 0.0098649067481491066 0.56995324676931081 3.2609468376290418 0.16879772620601871 0.36366285018703148 0.81522548276517581
decision_type=2 2 2 2 2 2 2 2
left_child=1 -1 6 5 -2 -4 7 -3
right_child=4 2 3 -5 -6 -7 -8 -9
leaf_value=-0.0050711436023366287 0.0067791764269730893 0.001390882707288805 0.0012514093382334386 0.0038052467488025018 -3.0872403927471324e-06 -0.0044335473193363702 -0.00035745022452880287 0.0075837868532552316
leaf_weight=206 209 207 217 200 202 391 209 211
leaf_count=206 209 207 217 200 202 391 209 211
internal_value=0.000748064 5.38658e-05 0.000804635 -0.000858298 0.00348583 -0.00241088 0.00293745 0.00456966
internal_weight=2052 1641 1435 808 411 608 627 418
internal_count=2052 1641 1435 808 411 608 627 418
is_linear=0
shrinkage=0.03


end of trees

feature_importances:
rs7=235
ret30=194
vol_ratio=167
cvd20=162
effort=158
approach=156
close_loc=152
aggr=135
brk_atr=135
atr_ratio=131
stop_atr=129
body=117
range10=115
breadth=54
with_trend2=22

parameters:
[boosting: gbdt]
[objective: regression]
[metric: l2]
[tree_learner: serial]
[device_type: cpu]
[data_sample_strategy: bagging]
[data: ]
[valid: ]
[num_iterations: 300]
[learning_rate: 0.03]
[num_leaves: 15]
[num_threads: 0]
[seed: 7]
[deterministic: 0]
[force_col_wise: 0]
[force_row_wise: 0]
[histogram_pool_size: -1]
[max_depth: -1]
[min_data_in_leaf: 200]
[min_sum_hessian_in_leaf: 0.001]
[bagging_fraction: 0.8]
[pos_bagging_fraction: 1]
[neg_bagging_fraction: 1]
[bagging_freq: 1]
[bagging_seed: 17422]
[bagging_by_query: 0]
[feature_fraction: 0.8]
[feature_fraction_bynode: 1]
[feature_fraction_seed: 7040]
[extra_trees: 0]
[extra_seed: 6516]
[early_stopping_round: 0]
[early_stopping_min_delta: 0]
[first_metric_only: 0]
[max_delta_step: 0]
[lambda_l1: 0]
[lambda_l2: 5]
[linear_lambda: 0]
[min_gain_to_split: 0]
[drop_rate: 0.1]
[max_drop: 50]
[skip_drop: 0.5]
[xgboost_dart_mode: 0]
[uniform_drop: 0]
[drop_seed: 15215]
[top_rate: 0.2]
[other_rate: 0.1]
[min_data_per_group: 100]
[max_cat_threshold: 32]
[cat_l2: 10]
[cat_smooth: 10]
[max_cat_to_onehot: 4]
[top_k: 20]
[monotone_constraints: ]
[monotone_constraints_method: basic]
[monotone_penalty: 0]
[feature_contri: ]
[forcedsplits_filename: ]
[refit_decay_rate: 0.9]
[cegb_tradeoff: 1]
[cegb_penalty_split: 0]
[cegb_penalty_feature_lazy: ]
[cegb_penalty_feature_coupled: ]
[path_smooth: 0]
[interaction_constraints: ]
[verbosity: -1]
[saved_feature_importance_type: 0]
[use_quantized_grad: 0]
[num_grad_quant_bins: 4]
[quant_train_renew_leaf: 0]
[stochastic_rounding: 1]
[linear_tree: 0]
[max_bin: 255]
[max_bin_by_feature: ]
[min_data_in_bin: 3]
[bin_construct_sample_cnt: 200000]
[data_random_seed: 61]
[is_enable_sparse: 1]
[enable_bundle: 1]
[use_missing: 1]
[zero_as_missing: 0]
[feature_pre_filter: 1]
[pre_partition: 0]
[two_round: 0]
[header: 0]
[label_column: ]
[weight_column: ]
[group_column: ]
[ignore_column: ]
[categorical_feature: ]
[forcedbins_filename: ]
[precise_float_parser: 0]
[parser_config_file: ]
[objective_seed: 15521]
[num_class: 1]
[is_unbalance: 0]
[scale_pos_weight: 1]
[sigmoid: 1]
[boost_from_average: 1]
[reg_sqrt: 0]
[alpha: 0.9]
[fair_c: 1]
[poisson_max_delta_step: 0.7]
[tweedie_variance_power: 1.5]
[lambdarank_truncation_level: 30]
[lambdarank_norm: 1]
[label_gain: ]
[lambdarank_position_bias_regularization: 0]
[eval_at: ]
[multi_error_top_k: 1]
[auc_mu_weights: ]
[num_machines: 1]
[local_listen_port: 12400]
[time_out: 120]
[machine_list_filename: ]
[machines: ]
[gpu_platform_id: -1]
[gpu_device_id: -1]
[gpu_device_id_list: ]
[gpu_use_dp: 0]
[num_gpu: 1]

end of parameters

pandas_categorical:[]
