tree
version=v4
num_class=1
num_tree_per_iteration=1
label_index=0
max_feature_idx=14
objective=regression
feature_names=aggr vol_ratio body close_loc brk_atr stop_atr ret30 effort cvd20 atr_ratio range10 approach rs7 breadth with_trend2
feature_infos=[0.23790422482037729:0.89923016333021244] [0.11942990946070416:87.25913229367778] [0:1] [0:1] [1.8840262320818126e-14:5.3617582856537167] [0.30191341890446638:3.9996353967914247] [-0.74143146560097684:8.2850881769800679] [-1.671459739395869:5.2816412771725769] [-0.30260405320392109:0.28418346238856274] [0.36534665965017915:3.0346043632262516] [0.45711215674457567:5.14278517161208] [-5.3606997975278494:4.2594739983965697] [-2.5809202603921113:2.242105237356796] [-12:30] [0:1]
tree_sizes=1505 1510 1527 1526 1517 1517 1498 1517 1510 1514 1509 1532 1517 1520 1527 1522 1519 1534 1518 1513 1508 1508 1514 1521 1508 1525 1523 1515 1527 1519 1506 1511 1517 1509 1521 1510 1513 1529 1516 1529 1526 1511 1520 1521 1516 1512 1513 1511 1535 1521 1502 1520 1521 1522 1512 1513 1520 1533 1515 1514 1531 1517 1529 1502 1535 1512 1509 1523 1522 1522 1506 1514 1515 1507 1528 1528 1528 1514 1504 1503 1525 1519 1518 1518 1507 1516 1522 1510 1509 1505 1506 1516 1516 1505 1509 1518 1515 1522 1525 1504 1516 1526 1524 1534 1512 1510 1518 1513 1505 1503 1515 1506 1512 1515 1512 1503 1505 1505 1525 1504 1510 1528 1507 1529 1500 1502 1521 1500 1506 1520 1511 1506 1509 1507 1517 1515 1514 1527 1505 1506 1516 1512 1517 1513 1508 1503 1516 1510 1522 1504 1509 1520 1511 1523 1499 1515 1506 1527 1532 1515 1517 1505 1522 1516 1513 1514 1519 1504 1528 1515 1514 1524 1517 1515 1517 1514 1530 1520 1514 1508 1522 1495 1515 1505 1524 1509 1508 1515 1512 1524 1508 1523 1524 1518 1508 1532 1514 1525 1494 1514 1495 1508 1508 1510 1520 1503 1506 1515 1511 1519 1510 1502 1511 1507 1510 1512 1502 1513 1521 1509 1507 1510 1517 1519 1512 1515 1513 1515 1520 1522 1513 1515 1517 1493 1517 1527 1526 1506 1509 1522 1502 1504 1498 1509 1524 1507 1531 1505 1505 1507 1509 1522 1513 1533 1513 1515 1513 1519 1510 1514 1511 1506 1514 1508 1525 1514 1511 1508 1502 1526 1513 1529 1503 1512 1520 1495 1518 1528 1525 1521 1504 1519 1515 1514 1511 1512 1519 1532 1509 1512 1499 1525 1522 1523 1518 1507 1514 1523 1517 1504

Tree=0
num_leaves=15
num_cat=0
split_feature=11 0 2 0 8 8 3 12 5 7 3 12 2 0
split_gain=70.1748 43.9338 51.6903 32.3985 30.4999 29.0043 30.7019 24.7258 24.5477 24.0923 32.0985 23.5505 22.7365 21.316
threshold=0.13273687857857569 0.62269153100535568 0.77777777777779278 0.60184993782785978 -0.050094695770992341 0.012459799526207526 0.62500000000000078 -0.040026219258870725 1.9277288114430664 0.66495445584014801 0.70230710150065434 0.056036756826886198 0.88293774382847778 0.55162193415767302
decision_type=2 2 2 2 2 2 2 8 2 10 2 10 2 2
left_child=1 2 5 12 -2 7 -7 -1 -8 13 -11 -3 -4 -6
right_child=4 11 3 -5 9 6 8 -9 -10 10 -12 -13 -14 -15
leaf_value=-0.035882484337736942 -0.038277686686302603 -0.045250031966155596 -0.030742857247351072 -0.021171174003620993 -0.036958430168543534 -0.026218853667567387 -0.042969267415601572 -0.042136444393995533 -0.033189950786103803 -0.034161005677557733 -0.029382114801272698 -0.034756058612875104 -0.038325875389229255 -0.033164468186952095
leaf_weight=811 1299 921 867 203 2344 287 397 1905 539 2715 2370 242 597 3077
leaf_count=811 1299 921 867 203 2344 287 397 1905 539 2715 2370 242 597 3077
internal_value=-0.0353445 -0.0377787 -0.0366749 -0.0322533 -0.0339484 -0.038548 -0.034714 -0.0402729 -0.0373549 -0.0334121 -0.0319297 -0.0430721 -0.0338338 -0.0348047
internal_weight=18574 6769 5606 1667 11805 3939 1223 2716 936 10506 5085 1163 1464 5421
internal_count=18574 6769 5606 1667 11805 3939 1223 2716 936 10506 5085 1163 1464 5421
is_linear=0
shrinkage=1


Tree=1
num_leaves=15
num_cat=0
split_feature=11 6 2 9 13 8 8 5 3 6 9 1 3 6
split_gain=57.7241 64.524 37.7554 35.1222 32.8274 31.3003 30.6367 29.9747 23.7669 22.8227 22.21 21.3019 20.7743 19.9413
threshold=0.11886890817570149 0.95614847727936159 0.77777777777779278 0.6894884344182145 1.5000000000000002 0.01995680578377158 -0.052700534768663841 2.7311290996927347 0.45614035087720078 0.084976242727431442 1.1811751435357001 0.64025681310340599 0.35252692626345483 0.027015640722955595
decision_type=2 8 2 2 2 2 2 2 2 8 2 2 2 10
left_child=2 4 7 -4 6 -3 -2 11 12 -9 -10 -1 -8 -6
right_child=1 5 3 -5 13 -7 8 9 10 -11 -12 -13 -14 -15
leaf_value=-0.010828395596790042 -0.005785545504332839 0.0056106280073613289 -0.010482874628645261 0.0021196662540363515 0.004760472672978926 0.019873328800400211 0.00042300749651707001 0.0036962922328020271 -0.00083727186823252971 -0.0056711498259305526 0.0052975518591957139 -0.0042534766108136635 0.01226582211129508 -4.8655549932522583e-05
leaf_weight=523 853 410 216 1999 2225 209 269 690 5861 348 579 2896 260 1190
leaf_count=523 853 410 216 1999 2225 209 269 690 5861 348 579 2896 260 1190
internal_value=-9.90088e-05 0.00115704 -0.00233018 0.000869863 0.000635331 0.010547 -0.000436351 -0.0039197 0.000222065 0.000543631 -0.000282027 -0.00527358 0.00630402 0.00308705
internal_weight=18528 11856 6672 2215 11237 619 7822 4457 6969 1038 6440 3419 529 3415
internal_count=18528 11856 6672 2215 11237 619 7822 4457 6969 1038 6440 3419 529 3415
is_linear=0
shrinkage=0.03


Tree=2
num_leaves=15
num_cat=0
split_feature=8 6 0 13 1 12 4 6 2 4 8 11 2 10
split_gain=68.5328 43.9612 34.9173 34.098 33.2241 30.0953 29.1625 50.6373 25.7802 22.8001 21.7252 21.2508 53.1919 25.1973
threshold=-0.022693691543866041 -0.42196190509408821 0.63101362936321925 9.5000000000000018 0.52890053952225136 -0.0012156703381702714 0.26662030929909858 0.14919227460415965 0.46072923551443656 0.22115960635219173 -0.071035137326076067 0.11886890817570149 0.85714285714284799 1.8677099132727066
decision_type=2 10 2 2 2 10 2 10 2 2 2 2 2 2
left_child=2 5 6 4 -3 -2 8 -8 -1 11 -4 12 13 -6
right_child=1 3 10 -5 9 -7 7 -9 -10 -11 -12 -13 -14 -15
leaf_value=-0.0084180285301712031 0.014469692325379167 -0.0055099496181453345 -0.017445706668524786 -0.011031933645401538 -0.006229178126826238 0.0022339470905717463 -0.0022071526219229576 0.0079651782046971549 -0.0020970512940867462 4.6265576926343062e-05 -0.0057619328970308246 0.0042801023515126853 0.013980926280575139 0.0019887070228671372
leaf_weight=897 345 711 203 220 689 379 1796 578 1644 6714 489 2977 205 647
leaf_count=897 345 711 203 220 689 379 1796 578 1644 6714 489 2977 205 647
internal_value=-0.000236713 0.000967936 -0.00300385 0.000538823 0.000756493 0.00812377 -0.00211026 0.00028105 -0.00434057 0.00115544 -0.00928996 0.00280187 -5.84852e-05 -0.00225683
internal_weight=18494 12887 5607 12163 11943 724 4915 2374 2541 11232 692 4518 1541 1336
internal_count=18494 12887 5607 12163 11943 724 4915 2374 2541 11232 692 4518 1541 1336
is_linear=0
shrinkage=0.03


Tree=3
num_leaves=15
num_cat=0
split_feature=8 9 6 12 14 8 5 4 4 8 12 10 6 10
split_gain=40.9273 65.3256 33.269 46.4434 30.9029 28.0241 26.2065 24.7363 28.7108 24.0246 23.7036 23.6529 22.9447 22.0599
threshold=-0.024092275191183461 0.77910181823488056 0.81717120702250701 0.011890168504146372 1.0000000180025095e-35 0.070962868331785056 3.3713977549380538 0.45468879773012855 0.86098472499584944 0.050645765365477019 -0.090313022536023677 2.3697994117264218 0.053777032264921594 1.9708896605382151
decision_type=2 2 8 10 2 2 2 2 2 2 10 2 10 2
left_child=1 -1 4 -4 6 7 -2 9 -9 -6 -3 12 -8 -12
right_child=2 10 3 -5 5 -7 11 8 -10 -11 13 -13 -14 -15
leaf_value=-0.0079431397399902775 -0.0019840526198651532 -0.0067168163879526939 0.01317359565030018 -0.001731486321166829 0.0036424644209058364 0.0080463448391942128 0.002522645626063468 -0.0047608894480097282 0.0036181077559483492 -0.0042689070941842331 -0.0019027771723476496 0.0063183054671570897 -0.008520292108008776 0.0028596357339922608
leaf_weight=1404 5370 469 433 328 2947 609 492 1039 564 387 1781 735 252 1712
leaf_count=1404 5370 469 433 328 2947 609 492 1039 564 387 1781 735 252 1712
internal_value=-0.00018823 -0.00239509 0.00071246 0.00677996 0.000337358 0.00200107 -0.00101031 0.00124797 -0.00181074 0.00271912 -0.000421512 0.00251994 -0.00124961 0.000432143
internal_weight=18522 5366 13156 761 12395 5546 6849 4937 1603 3334 3962 1479 744 3493
internal_count=18522 5366 13156 761 12395 5546 6849 4937 1603 3334 3962 1479 744 3493
is_linear=0
shrinkage=0.03


Tree=4
num_leaves=15
num_cat=0
split_feature=8 9 11 4 10 12 14 8 12 10 2 9 5 10
split_gain=57.5339 44.3166 40.992 29.7796 25.6146 25.0418 31.1085 28.3842 25.4043 23.0954 20.2014 27.7018 19.7906 24.5316
threshold=-0.050817116396373464 0.7808193146549024 0.11886890817570149 0.95444515614473502 1.7180619374399118 -0.13687346212585064 1.0000000180025095e-35 0.070962868331785056 0.16062712601045606 2.2705386297722767 0.50000000000000122 1.0805167885719986 2.7496094979210555 2.2359554634250487
decision_type=2 2 2 2 2 10 2 2 10 2 2 2 2 2
left_child=1 -1 3 -2 -3 -4 9 8 -8 -7 -11 -12 13 -6
right_child=2 4 5 -5 12 6 7 -9 -10 10 11 -13 -14 -15
leaf_value=-0.010518503638826835 -0.000884797028114526 -0.0068502262858815277 0.0074973771494694086 -0.0096149478107690808 0.010861634989174045 -0.0016256748312447643 0.003099547354832739 0.0099213340624076558 -0.0044028065431003386 0.0069617105223920735 0.0034114983217951693 -0.007000104323919263 -0.0028361291657258733 -0.0014353900252755589
leaf_weight=718 5071 588 628 373 289 3550 3825 487 450 612 724 331 651 288
leaf_count=718 5071 588 628 373 289 3550 3825 487 450 612 724 331 651 288
internal_value=-3.95007e-05 -0.00423585 0.000624097 -0.00149122 -0.00172978 0.00170997 0.00134218 0.00309404 0.0023056 -0.000258321 0.00264971 0.000127309 0.000739863 0.00476418
internal_weight=18585 2534 16051 5444 1816 10607 9979 4762 4275 5217 1667 1055 1228 577
internal_count=18585 2534 16051 5444 1816 10607 9979 4762 4275 5217 1667 1055 1228 577
is_linear=0
shrinkage=0.03


Tree=5
num_leaves=15
num_cat=0
split_feature=11 0 4 10 2 7 3 7 12 7 11 12 11 2
split_gain=38.8792 30.2052 33.3246 34.5918 27.3907 23.9279 35.4532 37.2191 33.95 29.5451 27.0418 23.1917 33.2011 26.2999
threshold=0.07486742701534177 0.62269153100535568 1.0150769603351206 1.6243084892089497 0.47761194029850979 0.65852956287594533 0.95555555555556082 0.096377267804463748 -0.14799335869093497 -0.12571576350266142 1.1968866698173781 -0.010633883427756783 -0.82495211183080464 0.83181046951490334
decision_type=2 2 2 2 2 8 2 10 10 10 2 8 2 2
left_child=1 2 3 -1 -5 6 8 9 -2 -8 -9 -6 13 -13
right_child=5 -3 -4 4 11 -7 7 10 -10 -11 -12 12 -14 -15
leaf_value=-0.0036497456772553909 0.0091012125296725151 -0.0062397019965496747 -0.010686176017783452 -0.0033752712514372577 -0.00017217762900841193 0.0025795783250935999 0.0037718842178583139 0.0049093986241269608 -0.0018434189475080621 0.016829783844647648 -0.0076718621261809995 -0.0025222611685657061 0.010073736332621206 0.010085605609136215
leaf_weight=1703 265 1078 282 764 1119 5919 364 329 4633 273 280 526 728 202
leaf_count=1703 265 1078 282 764 1119 5919 364 329 4633 273 280 526 728 202
internal_value=0.000216447 -0.00167238 -0.000742609 -0.000176427 0.00159789 0.00121915 -9.24843e-05 0.00441548 -0.0012426 0.00945562 -0.000890459 0.0030771 0.00556636 0.00102101
internal_weight=18465 6402 5324 5042 3339 12063 6144 1246 4898 637 609 2575 1456 728
internal_count=18465 6402 5324 5042 3339 12063 6144 1246 4898 637 609 2575 1456 728
is_linear=0
shrinkage=0.03


Tree=6
num_leaves=15
num_cat=0
split_feature=8 10 9 13 6 2 8 10 5 2 8 13 6 3
split_gain=43.8544 44.29 34.9923 34.1913 38.7091 33.6511 26.4127 25.7808 23.1188 21.012 28.3462 20.7571 19.3155 29.2766
threshold=-0.024092275191183461 1.743417025377265 0.75511728423940228 6.5000000000000009 inf 0.65714285714285581 0.004010678428859848 2.611655241999975 2.9287504006634419 0.76122764555601197 0.0022454295337712695 1.5000000000000002 -0.073560051210753971 0.66666666666666619
decision_type=2 2 2 2 8 2 2 2 2 2 2 2 10 2
left_child=1 2 -1 4 5 11 -5 -3 -4 10 -7 -2 13 -13
right_child=3 7 8 6 -6 9 -8 -9 -10 -11 -12 12 -14 -15
leaf_value=-0.011830610240576788 0.0015546300661653989 0.0016945579999097316 -0.0052126099766276112 -0.013554796878034707 0.010616596662474593 -0.0078366812386033297 -0.00064039999410646158 -0.0043262513765772474 0.0033106366266793812 0.00088757156945698198 -0.00057703873159500266 0.014725833930418413 0.0024516360504510527 0.0030224964128565471
leaf_weight=571 4935 2357 1179 239 392 702 344 873 374 3340 1538 383 922 388
leaf_count=571 4935 2357 1179 239 392 702 344 873 374 3340 1538 383 922 388
internal_value=0.000137451 -0.00215102 -0.0055103 0.00106733 0.00139681 0.00109654 -0.00600488 6.30904e-05 -0.00315597 -0.000619871 -0.00286455 0.00254093 0.0054029 0.00889364
internal_weight=18537 5354 2124 13183 12600 12208 583 3230 1553 5580 2240 6628 1693 771
internal_count=18537 5354 2124 13183 12600 12208 583 3230 1553 5580 2240 6628 1693 771
is_linear=0
shrinkage=0.03


Tree=7
num_leaves=15
num_cat=0
split_feature=8 9 6 11 10 14 8 1 13 7 6 6 13 9
split_gain=53.0615 47.0323 33.3846 56.5125 24.3038 27.6631 24.2363 22.9181 22.3722 22.0199 23.2364 41.0794 19.0744 28.3862
threshold=-0.052700534768663841 0.74631372399932194 0.95614847727936159 -0.059137721969683345 2.091444879523674 1.0000000180025095e-35 0.0062033913225752408 3.2151962228575006 7.5000000000000009 0.60110605581101684 -0.19807359569963659 -0.12952373734259595 2.5000000000000004 0.88195030642332639
decision_type=2 2 8 2 2 2 2 2 2 8 10 10 2 2
left_child=1 -1 4 -4 5 7 -5 -2 -6 12 -11 -12 -7 -14
right_child=2 -3 3 6 8 9 -8 -9 -10 10 11 -13 13 -15
leaf_value=-0.012583041165146183 -0.0028539520601661116 -0.0020938993822408069 -0.0059316632890504253 0.0049219124577308104 0.0020684654560681011 -0.002423152879436449 0.017087676652904171 0.003945274177772796 -0.0069106465715101399 -0.0027579745352268215 0.016740196831005881 0.0030566914877139693 0.010179700418328396 -0.0041963266318952534
leaf_weight=483 4660 1832 237 290 5879 1697 307 489 256 405 233 1181 292 208
leaf_count=483 4660 1832 237 290 5879 1697 307 489 256 405 233 1181 292 208
internal_value=-6.2465e-05 -0.00430475 0.000547388 0.00637408 0.000227797 -0.000750353 0.011268 -0.00220503 0.00168846 0.00111514 0.00355188 0.00536251 -0.000905837 0.00421694
internal_weight=18449 2315 16134 834 15300 9165 597 5149 6135 4016 1819 1414 2197 500
internal_count=18449 2315 16134 834 15300 9165 597 5149 6135 4016 1819 1414 2197 500
is_linear=0
shrinkage=0.03


Tree=8
num_leaves=15
num_cat=0
split_feature=8 10 13 6 0 10 13 9 12 0 7 0 7 3
split_gain=36.0512 42.0578 37.2375 35.6177 38.2143 30.7389 29.3914 27.9352 29.5996 27.2849 26.5587 24.6792 23.9334 22.14
threshold=-0.022693691543866041 1.743417025377265 6.5000000000000009 -0.42196190509408821 0.56641461896258838 3.0979813491128101 1.5000000000000002 1.1811751435357001 0.18159032394147581 0.55416119930855301 1.8705494575361814 0.64192475127563708 2.4458782886694124 0.95294117647057719
decision_type=2 2 2 10 2 2 2 2 10 2 8 2 8 2
left_child=1 -1 3 4 -2 11 7 8 10 -4 -5 -3 -12 -8
right_child=2 5 9 6 -6 -7 13 -9 -10 -11 12 -13 -14 -15
leaf_value=-0.0049542504862564842 0.0019956583262441784 0.0021230936363292826 -0.012556353065618637 -0.00063190980397409015 0.016242249067683342 -0.0089551492208211694 0.0024464078614992815 0.0055215372778618915 -0.010735486455128659 0.00067857277931048063 0.012644417848604827 -0.0070931372776060365 -0.00043335876235168824 0.0095839385751766704
leaf_weight=2240 402 2753 298 6692 290 286 2963 765 240 260 263 284 237 447
leaf_count=2240 402 2753 298 6692 290 286 2963 765 240 260 263 284 237 447
internal_value=0.000234599 -0.00178209 0.00110754 0.00145236 0.00803974 0.000360465 0.00105634 8.20923e-05 -0.000481143 -0.00643828 -0.000131731 0.00125101 0.00650264 0.00339469
internal_weight=18420 5563 12857 12299 692 3323 11607 8197 7432 558 7192 3037 500 3410
internal_count=18420 5563 12857 12299 692 3323 11607 8197 7432 558 7192 3037 500 3410
is_linear=0
shrinkage=0.03


Tree=9
num_leaves=15
num_cat=0
split_feature=8 5 12 9 4 11 0 0 2 0 10 13 13 0
split_gain=46.9375 31.0757 29.8176 26.1569 24.3483 25.3945 24.8593 42.4158 20.0206 19.4582 28.1288 18.7452 29.1972 24.2317
threshold=-0.050817116396373464 1.95530372813092 -0.12425488551840495 0.69264208705846164 0.6039758955708755 -0.044025776428841958 0.5678784281377186 0.60392491972548401 0.44988443003107675 0.59817489768423859 2.6381351839301388 6.5000000000000009 1.5000000000000002 0.55162193415767302
decision_type=2 2 10 2 2 2 2 2 2 2 2 2 2 2
left_child=3 2 -2 -1 5 6 -4 -8 -5 10 -10 12 -3 -13
right_child=1 11 4 8 -6 -7 7 -9 9 -11 -12 13 -14 -15
leaf_value=-0.012462817304210899 0.0076831015613343968 0.00063605155042189524 -0.0066827321643586632 -0.0082253974644017624 -0.0079522741959377561 0.0027690818786073636 0.0088970631497758846 -0.0060325588867626082 0.0027136173839381801 -0.0064617556207527812 -0.0083549454628544691 -0.010432752038691165 0.0038851497156888815 0.0023389538061873156
leaf_weight=271 265 8509 954 459 631 866 311 369 1085 468 250 267 3515 260
leaf_count=271 265 8509 954 459 631 866 311 369 1085 468 250 267 3515 260
internal_value=5.20963e-05 0.00065499 -0.00188909 -0.00373735 -0.00271021 -0.00137388 -0.00357135 0.00081065 -0.00266681 -0.0012329 0.000617412 0.00134383 0.00158709 -0.00416896
internal_weight=18480 15947 3396 2533 3131 2500 1634 680 2262 1803 1335 12551 12024 527
internal_count=18480 15947 3396 2533 3131 2500 1634 680 2262 1803 1335 12551 12024 527
is_linear=0
shrinkage=0.03


Tree=10
num_leaves=15
num_cat=0
split_feature=13 5 6 11 13 3 10 0 1 6 0 5 10 9
split_gain=35.7429 34.9246 29.0414 37.9694 26.9161 45.361 35.5334 34.0479 26.059 31.9694 26.0156 24.8634 28.0559 26.6537
threshold=6.5000000000000009 3.1275621436525731 -0.42196190509408821 -0.076373773796488229 1.5000000000000002 0.99977846699158712 2.295553325805983 0.60184993782785978 1.9799642321885476 -0.02700999497554479 0.63383310071612808 2.6513338591249611 1.5544614543161881 0.77548952436731367
decision_type=2 2 10 2 2 2 2 2 2 10 2 2 2 2
left_child=2 -2 3 -1 6 7 8 -6 9 10 -4 12 -10 -13
right_child=1 -3 4 -5 5 -7 -8 -9 11 -11 -12 13 -14 -15
leaf_value=-0.0037401436361455421 -0.010091348751000814 0.0035111924593783455 -0.0034391988891577844 0.0091892030339158926 0.0026509750381849338 0.013347093431941615 0.0018954679050214242 -0.0036852627605846035 -0.00091343521544363644 -0.00043845848539973248 -0.010663575812629082 -0.011014732981861477 0.010634405904288949 0.0011722272089891024
leaf_weight=286 565 239 2910 692 3450 293 3461 975 334 3328 528 208 430 665
leaf_count=286 565 239 2910 692 3450 293 3461 975 334 3328 528 208 430 665
internal_value=0.000114382 -0.0060511 0.000398316 0.00540844 0.000101279 0.00201673 -0.000660972 0.00125227 -0.00171441 -0.00253586 -0.00456258 0.00167818 0.00561289 -0.00177761
internal_weight=18364 804 17560 978 16582 4718 11864 4425 8403 6766 3438 1637 764 873
internal_count=18364 804 17560 978 16582 4718 11864 4425 8403 6766 3438 1637 764 873
is_linear=0
shrinkage=0.03


Tree=11
num_leaves=15
num_cat=0
split_feature=8 9 5 9 4 0 0 1 12 14 1 6 6 6
split_gain=51.3132 44.7115 41.6807 24.5257 22.1522 18.5305 18.2787 29.364 21.0423 25.0017 18.113 17.0889 16.6365 16.3642
threshold=-0.052700534768663841 0.74631372399932194 2.8661965184192755 1.0654398922008081 0.18064423561357409 0.63101362936321925 0.62960657619331106 0.87301284543101842 0.18159032394147581 1.0000000180025095e-35 1.2166780347149206 -0.56674258042297831 -0.4400368739452396 -0.024590709717972611
decision_type=2 2 2 2 2 2 2 2 10 2 2 10 10 10
left_child=1 -1 3 6 10 -3 8 -8 9 12 -5 -4 -2 -14
right_child=2 5 11 4 -6 -7 7 -9 -10 -11 -12 -13 13 -15
leaf_value=-0.012010049101296917 0.0075392017594345332 -0.00077013766190776954 0.0098920860665605986 -0.0040732023958116774 -0.007104092707282952 -0.0095895569715724292 -0.010934048897257896 -0.00050368433127959209 -0.0073122646347667927 0.0032346796670874342 0.0075297640468568738 0.0020913570237193185 -0.0031820662007731649 0.00093679323795665341
leaf_weight=498 207 1634 258 283 906 242 332 872 284 2570 204 6800 1727 1737
leaf_count=498 207 1634 258 283 906 242 332 872 284 2570 204 6800 1727 1737
internal_value=4.84185e-05 -0.00406554 0.000653107 -0.000686181 -0.00434277 -0.00193029 -2.47717e-05 -0.00341316 0.000602591 0.000968326 0.000814306 0.00238331 -0.000620548 -0.00111832
internal_weight=18554 2374 16180 9122 1393 1876 7729 1204 6525 6241 487 7058 3671 3464
internal_count=18554 2374 16180 9122 1393 1876 7729 1204 6525 6241 487 7058 3671 3464
is_linear=0
shrinkage=0.03


Tree=12
num_leaves=15
num_cat=0
split_feature=8 9 6 12 5 2 14 8 3 7 12 7 5 10
split_gain=36.728 37.455 29.9403 33.1605 32.7359 20.7414 20.2787 23.8802 23.5577 19.6909 18.7107 30.2514 20.72 18.6522
threshold=-0.052700534768663841 0.74631372399932194 0.81717120702250701 -0.066899338310809672 2.8748897659730592 0.50000000000000122 1.0000000180025095e-35 0.069258079046786228 0.49999999999996775 0.40796060687103575 0.0025539705625536873 0.46158221083519252 2.2874976178397479 1.0860148640125142
decision_type=2 2 8 10 2 2 2 2 2 8 8 10 2 2
left_child=1 9 4 -4 6 -3 -2 8 -8 -1 11 -7 -12 -10
right_child=2 5 3 -5 -6 10 7 -9 13 -11 12 -13 -14 -15
leaf_value=-0.017000975873769565 -0.0022660912554149678 -0.0065321101352129284 0.012483922009705566 0.0010920307042779282 0.0017873245905301095 -0.0072314089268815419 0.0082445943110755499 0.0084713869484216442 -0.0085495832251766008 -0.0048459454154705303 0.012177883351721415 0.0049132795098633273 0.0003176221433352298 -0.00012759844872689004
leaf_weight=236 4984 533 379 576 6549 479 275 318 254 250 200 294 376 2747
leaf_count=236 4984 533 379 576 6549 479 275 318 254 250 200 294 376 2747
internal_value=3.00545e-06 -0.00348111 0.000516948 0.00565447 0.000190844 -0.00155152 -0.00102834 0.000688872 -7.83318e-05 -0.0108614 0.000433197 -0.00261045 0.00450513 -0.000853457
internal_weight=18450 2368 16082 955 15127 1882 8578 3594 3276 486 1349 773 576 3001
internal_count=18450 2368 16082 955 15127 1882 8578 3594 3276 486 1349 773 576 3001
is_linear=0
shrinkage=0.03


Tree=13
num_leaves=15
num_cat=0
split_feature=8 6 11 8 9 14 10 9 0 8 9 6 7 9
split_gain=41.2595 31.5362 43.9606 29.8621 24.7375 21.6934 27.4483 30.2444 30.1587 26.4859 24.8032 22.1104 33.581 27.6849
threshold=-0.052700534768663841 0.81717120702250701 -0.027491672607321906 0.023602198753471557 0.74631372399932194 1.0000000180025095e-35 1.9500654355960945 0.7376940047465721 0.57323679053511134 0.070962868331785056 1.2364146096755915 -0.16121067516764878 0.49066198628736529 1.0872994903758213
decision_type=2 8 2 2 2 2 2 2 2 2 2 10 8 2
left_child=4 5 -3 -4 -1 6 7 -2 11 10 -7 12 -8 -13
right_child=1 2 3 -5 -6 9 8 -9 -10 -11 -12 13 -14 -15
leaf_value=-0.009667635670687515 -0.0078508568882036806 -0.0042391350104109106 0.0053510056856712679 0.018690212879759759 -0.0020703094900173173 0.00052017007093286215 -0.0092352329342878896 -0.0012500298255368604 -0.0025454706909502716 0.0075002271779736522 0.0094351459839933753 0.006828462317932266 0.0035987569979774071 -0.0011374192683957516
leaf_weight=483 749 271 444 229 1862 5885 297 3661 1393 605 290 1388 463 545
leaf_count=483 749 271 444 229 1862 5885 297 3661 1393 605 290 1388 463 545
internal_value=6.28038e-05 0.000600884 0.00590739 0.00999426 -0.00365237 0.000271136 -0.000738628 -0.00237874 0.00103228 0.00153608 0.000946144 0.00288423 -0.00144421 0.00458538
internal_weight=18565 16220 944 673 2345 15276 8496 4410 4086 6780 6175 2693 760 1933
internal_count=18565 16220 944 673 2345 15276 8496 4410 4086 6780 6175 2693 760 1933
is_linear=0
shrinkage=0.03


Tree=14
num_leaves=15
num_cat=0
split_feature=8 0 2 10 6 12 12 9 10 8 7 2 10 2
split_gain=31.5183 29.5813 41.1381 28.0282 24.4419 38.347 22.8456 22.7132 21.6253 20.7946 14.2863 35.69 27.8395 24.084
threshold=-0.052700534768663841 0.63241679335361844 0.46072923551443656 0.91079746894998581 0.81717120702250701 0.1081221158453521 -0.030961351311922011 0.74839241764039743 1.158980132141415 -0.0041817970322786781 1.3834278540236711 0.44444444444445436 1.5756474611517246 0.67929655455292415
decision_type=2 2 2 2 8 10 10 2 2 2 10 2 2 2
left_child=1 2 -1 -2 6 9 -5 -4 -8 -6 11 -10 -12 -13
right_child=3 -3 7 4 5 -7 8 -9 10 -11 12 13 -14 -15
leaf_value=-0.0098182654952318031 -0.0079204830694198612 -0.011907420338498891 -0.0068204033320103221 -0.0017555509481616109 0.001643613482334397 -0.0061061017670565173 0.0060547575139077254 0.0020737873333167623 -0.0047795620580820802 0.012145121582212948 -0.006706007947282093 0.0027448597129335296 0.0053754134132572139 -0.00070579807805401789
leaf_weight=478 370 322 322 4319 270 211 664 1227 1186 460 200 3253 1066 4122
leaf_count=478 370 322 322 4319 270 211 664 1227 1186 460 200 3253 1066 4122
internal_value=-0.000288038 -0.00353072 -0.00217401 0.000185403 0.000378268 0.00505344 7.96107e-05 0.000208902 0.000835598 0.00829861 0.000480045 3.9396e-05 0.00344794 0.000817063
internal_weight=18470 2349 2027 16121 15751 941 14810 1549 10491 730 9827 8561 1266 7375
internal_count=18470 2349 2027 16121 15751 941 14810 1549 10491 730 9827 8561 1266 7375
is_linear=0
shrinkage=0.03


Tree=15
num_leaves=15
num_cat=0
split_feature=11 0 12 4 2 6 1 13 10 10 13 12 11 7
split_gain=48.2818 34.6606 42.6668 34.3355 35.2581 28.1807 23.2157 19.713 38.9272 29.0651 28.9301 24.1262 21.594 23.2762
threshold=0.13273687857857569 0.62553861779951536 0.037958421331602883 0.97453663830459969 0.77449525804386854 1.9915444348626405 0.64025681310340599 1.5000000000000002 1.4154820908544175 1.0151112740169317 6.5000000000000009 0.17417075051187367 0.2175868212838884 0.61802092352911264
decision_type=2 2 10 2 2 8 2 2 2 2 2 10 2 8
left_child=1 3 -3 4 6 7 -1 9 -9 -2 -10 12 -11 -14
right_child=5 2 -4 -5 -6 -7 -8 8 10 11 -12 -13 13 -15
leaf_value=-0.007424328730253435 -0.0085490742183544407 -0.010402441172821277 0.002413719949222742 -0.0099732699627187883 0.0034956825412518809 0.0087901915635216731 -0.0008917051438471741 0.010439203399415503 0.0025786957298094661 0.0093020179817136731 -0.0070714431907833329 -0.0076772918564557736 -0.0013087147746680414 0.0021660276028825725
leaf_weight=574 325 801 327 350 1531 428 3184 517 2557 260 309 303 3194 3787
leaf_count=574 325 801 327 350 1531 428 3184 517 2557 260 309 303 3194 3787
internal_value=0.000111172 -0.00190438 -0.00669286 -0.000941438 -0.000334901 0.00127923 -0.00189804 0.000989756 0.00290303 0.000165892 0.00152776 0.000546751 0.000895947 0.000576438
internal_weight=18447 6767 1128 5639 5289 11680 3758 11252 3383 7869 2866 7544 7241 6981
internal_count=18447 6767 1128 5639 5289 11680 3758 11252 3383 7869 2866 7544 7241 6981
is_linear=0
shrinkage=0.03


Tree=16
num_leaves=15
num_cat=0
split_feature=11 12 0 4 7 11 4 11 7 8 3 3 8 5
split_gain=32.4231 28.6814 29.4313 27.6803 28.1974 26.5289 30.9838 23.5288 22.1161 20.2132 24.3237 19.2882 39.9349 24.5262
threshold=0.060874141162190913 0.066334532893597378 0.62960657619331106 0.69076770806618548 0.50445744351246846 -0.82495211183080464 0.47390399777482334 -1.4466563873298133 0.62408758639814477 -0.056838164620457828 0.91666666666667196 0.63816024703397012 -0.0068350837997280854 2.8841576456123947
decision_type=2 10 2 2 8 2 2 2 10 2 2 2 2 2
left_child=1 2 3 4 -1 -3 -7 -6 -5 10 -2 12 -9 -13
right_child=9 5 -4 8 7 6 -8 11 -10 -11 -12 13 -14 -15
leaf_value=0.0017676554146407381 -9.3120025708178292e-05 -0.0030569584094410555 -0.0078227311336468673 -0.011640939077878013 0.0045463213995364212 0.0017278997939525885 0.014611148952962867 -0.0090581007864598048 0.00053891409441684049 0.0014255647770291275 -0.010208759918758595 -0.0099293899595365425 0.0080287827311576083 0.0012435551608602205
leaf_weight=2023 772 471 806 396 276 513 246 228 201 11043 291 756 256 229
leaf_count=2023 772 471 806 396 276 513 246 228 201 11043 291 756 256 229
internal_value=0.000132002 -0.00159411 -0.00257326 -0.0015961 -0.000640863 0.00251606 0.00597179 -0.00343016 -0.00756977 0.00104496 -0.00289714 -0.00493914 -3.07264e-05 -0.00733866
internal_weight=18507 6401 5171 4365 3768 1230 759 1745 597 12106 1063 1469 484 985
internal_count=18507 6401 5171 4365 3768 1230 759 1745 597 12106 1063 1469 484 985
is_linear=0
shrinkage=0.03


Tree=17
num_leaves=15
num_cat=0
split_feature=11 2 3 12 0 1 8 4 12 12 12 3 0 8
split_gain=40.6902 24.365 31.8332 29.5246 28.6109 24.1941 22.569 22.3233 20.7349 30.8965 22.4799 23.5135 20.8203 19.2023
threshold=-0.2039099616334229 0.71951219512195286 0.66666666666666619 0.045761634194332219 0.64433740207683099 0.92133704582736231 -0.00046697908758245248 0.73754129228854071 -0.13687346212585064 -0.17694243278533769 -0.018728428628435708 0.87931034482759207 0.56564396034888509 0.059657289936365161
decision_type=2 2 2 10 2 2 2 2 10 8 10 2 2 2
left_child=1 2 6 4 7 -4 -1 -3 9 -2 11 -10 -13 -12
right_child=8 3 5 -5 -6 -7 -8 -9 10 -11 13 12 -14 -15
leaf_value=-0.0034923955934535256 -0.00015713340340105513 0.00149632121455208 -0.010576522978043361 0.0055861217310687276 -0.010772444602622781 -0.0035859203303054946 0.0064305680596138818 -0.0081081639761837673 0.00043861594287605886 0.011596676296324607 0.00097744794735968072 -0.0076272961202327599 -9.5001784733162736e-05 0.0051039533083309723
leaf_weight=473 408 1177 716 631 274 1189 358 262 2736 392 7363 766 578 1173
leaf_count=473 408 1177 716 631 274 1189 358 262 2736 392 7363 766 578 1173
internal_value=0.000104221 -0.00218118 -0.00410154 6.42968e-05 -0.00198006 -0.00623417 0.000795372 -0.000274396 0.000970084 0.00563849 0.000671936 -0.00115882 -0.00440032 0.00154716
internal_weight=18496 5080 2736 2344 1713 1905 831 1439 13416 800 12616 4080 1344 8536
internal_count=18496 5080 2736 2344 1713 1905 831 1439 13416 800 12616 4080 1344 8536
is_linear=0
shrinkage=0.03


Tree=18
num_leaves=15
num_cat=0
split_feature=8 5 9 12 12 10 9 6 11 13 3 0 12 9
split_gain=38.0476 22.7728 27.0627 26.962 23.538 27.7467 22.3227 21.2677 29.681 22.7326 25.8508 21.346 23.0655 20.8072
threshold=-0.050817116396373464 2.8748897659730592 1.0654398922008081 0.16062712601045606 0.061661007215526704 2.6881298059008123 0.7808193146549024 0.81717120702250701 0.043996574804776985 1.5000000000000002 0.45614035087720078 0.5052581296367028 0.074943602724305239 0.71785699915226453
decision_type=2 2 2 10 8 2 2 8 2 2 2 2 10 2
left_child=6 2 7 4 13 -6 -1 9 -9 10 -2 -11 -13 -3
right_child=1 3 -4 -5 5 -7 -8 8 -10 11 -12 12 -14 -15
leaf_value=-0.0079870988607929991 0.0064094647320664735 -0.0048372856128428661 -0.0044045817211386742 -0.0064848269602056415 0.0082727258978459225 -0.0018564459872901986 -0.0017350478784116787 -0.0020899802446365358 0.012934166293843348 -0.0037531129754485733 -0.0020307254551750519 0.0020008859994906591 0.010634462600546745 0.0018233225278549902
leaf_weight=721 347 457 1395 339 972 322 1774 211 261 434 4548 1501 338 4908
leaf_count=721 347 457 1395 339 972 322 1774 211 261 434 4548 1501 338 4908
internal_value=-0.000111763 0.000424865 -0.000570109 0.00170895 0.00213064 0.00575473 -0.00355411 0.000132456 0.00626636 -0.000275536 -0.00142648 0.00220076 0.00361223 0.00125198
internal_weight=18528 16033 9035 6998 6659 1294 2495 7640 472 7168 4895 2273 1839 5365
internal_count=18528 16033 9035 6998 6659 1294 2495 7640 472 7168 4895 2273 1839 5365
is_linear=0
shrinkage=0.03


Tree=19
num_leaves=15
num_cat=0
split_feature=11 6 0 9 2 14 6 6 8 4 11 7 6 7
split_gain=32.2166 29.5965 61.7976 21.8233 26.0591 19.8629 32.2393 31.4925 24.1118 21.6448 21.2338 25.194 19.7606 19.6959
threshold=-0.71448864776093524 -0.42196190509408821 0.56564396034888509 0.74839241764039743 0.69230769230766576 1.0000000180025095e-35 0.36774629440935719 0.2229110918898978 0.072886791708934612 0.11329812936381674 -0.14188521162142545 1.4170824277119158 -0.10219267730223712 0.95718540669883001
decision_type=2 10 2 2 2 2 10 10 2 2 2 8 10 10
left_child=3 2 -2 4 -1 6 7 -3 10 -8 -7 -12 -10 -9
right_child=1 5 -4 -5 -6 8 9 13 12 -11 11 -13 -14 -15
leaf_value=-0.013793602958344177 -7.9301717737432332e-05 -0.00059593954335602584 0.01648832764327526 -0.0012821845078514408 -0.0017850718613375317 0.0054594958445121503 -0.0035585397386620212 -0.0038863499904663798 0.014032059620793272 0.0073729657141731681 -0.00046846902186998938 0.0055949732992268868 0.0024392125308701786 -0.015224386781309416
leaf_weight=304 538 6593 320 2420 347 865 210 433 241 686 4369 713 292 201
leaf_count=304 538 6593 320 2420 347 865 210 433 241 686 4369 713 292 201
internal_value=0.000203332 0.000760961 0.0061595 -0.00260074 -0.00745514 0.00044177 -0.000546361 -0.00121273 0.00167991 0.00480536 0.00112867 0.00038689 0.0077627 -0.0075719
internal_weight=18532 15461 858 3071 651 14603 8123 7227 6480 896 5947 5082 533 634
internal_count=18532 15461 858 3071 651 14603 8123 7227 6480 896 5947 5082 533 634
is_linear=0
shrinkage=0.03


Tree=20
num_leaves=15
num_cat=0
split_feature=11 2 0 6 0 13 12 12 10 10 0 3 13 9
split_gain=25.0979 29.026 39.4526 28.1531 33.5969 23.2749 22.537 22.2725 29.732 21.6857 21.2658 21.1363 23.8353 21.0385
threshold=0.11886890817570149 0.77777777777779278 0.64818267857602851 -0.42196190509408821 0.56641461896258838 2.5000000000000004 -0.010633883427756783 -0.054709777005048081 1.3385746202050945 1.9350700828487495 0.55749195172747446 0.71645637790429106 4.5000000000000009 1.1881882979035938
decision_type=2 2 2 10 2 2 10 10 2 2 2 2 2 2
left_child=1 -1 6 4 9 13 10 -7 -9 -2 -3 12 -10 -5
right_child=3 2 -4 5 -6 7 -8 8 11 -11 -12 -13 -14 -15
leaf_value=-0.0029646456432457923 -0.0049560105080012551 -0.0058604160924190718 -0.0077296819471246829 -0.00072471357041282807 0.015839966364829067 -0.0041074968615588472 0.0058205810515987574 0.015277987262369066 0.0042698853743942554 0.0082511018114861945 0.0039980090364701761 0.0057413512189460744 -0.0083048145563134317 0.0043744807522848976
leaf_weight=4463 216 384 364 8323 230 308 1073 202 284 222 394 981 251 793
leaf_count=4463 216 384 364 8323 230 308 1073 202 284 222 394 981 251 793
internal_value=-0.000103111 -0.00157238 0.00123326 0.000728004 0.00668665 0.000367925 0.0030119 0.0032722 0.0046033 0.00175558 -0.000874197 0.0031354 -0.00165192 -0.00027898
internal_weight=18488 6678 2215 11810 668 11142 1851 2026 1718 438 778 1516 535 9116
internal_count=18488 6678 2215 11810 668 11142 1851 2026 1718 438 778 1516 535 9116
is_linear=0
shrinkage=0.03


Tree=21
num_leaves=15
num_cat=0
split_feature=8 13 0 13 11 9 10 0 7 10 10 4 7 0
split_gain=41.9222 30.5802 39.914 30.1085 22.7667 25.6623 20.3063 19.756 29.9852 24.6449 21.038 19.7208 18.6315 18.4236
threshold=-0.050094695770992341 6.5000000000000009 0.55416119930855301 3.5000000000000004 0.60891813462334732 0.9263888127560832 1.7365851280861637 0.63883674419732428 0.2960634473592843 0.91079746894998581 1.1213225353635707 0.33343489510921193 0.37676501098657372 0.5510341827512778
decision_type=2 2 2 2 2 2 2 2 8 2 2 2 10 2
left_child=6 3 -3 7 5 12 -1 9 11 -2 13 -9 -5 -11
right_child=1 2 -4 4 -6 -7 -8 8 -10 10 -12 -13 -14 -15
leaf_value=-0.0071148561179390554 -0.0082265601404335181 -0.012162398670902977 0.0022493672713779717 -0.0001451847260551793 0.0091737753920390786 -0.0041940142155785839 -0.0016266723077102445 -0.0024497142579892406 0.00081535425591303622 0.0010320517607033254 0.00053620219164213429 -0.01239445972310539 0.012251470090237809 0.011028500864933054
leaf_weight=989 271 384 309 205 608 377 1568 363 879 334 11334 356 228 327
leaf_count=989 271 384 309 205 608 377 1568 363 879 334 11334 356 228 327
internal_value=-0.000196613 0.000374613 -0.00576629 0.000654882 0.00481062 0.00149937 -0.00375914 0.000228255 -0.00290401 0.00063734 0.000840944 -0.00742527 0.00644773 0.00602301
internal_weight=18532 15975 693 15282 1418 810 2557 13864 1598 12266 11995 719 433 661
internal_count=18532 15975 693 15282 1418 810 2557 13864 1598 12266 11995 719 433 661
is_linear=0
shrinkage=0.03


Tree=22
num_leaves=15
num_cat=0
split_feature=13 9 5 2 2 10 14 12 10 9 3 12 5 1
split_gain=26.2825 28.884 36.9986 33.4628 43.4197 37.3502 28.6582 24.3228 21.5192 26.9914 23.6416 28.9332 21.3419 20.3403
threshold=10.500000000000002 0.91360069066523575 3.3040741252464856 0.9149616457461589 0.84000000000001573 2.1230399167815537 1.0000000180025095e-35 0.0011058083968190637 1.3683994246144986 1.0654398922008081 0.97999999999999787 0.070086278188898024 1.1790131007822773 0.59513532845718808
decision_type=2 2 2 2 2 2 2 8 2 2 2 8 2 2
left_child=1 3 8 4 12 7 -5 -6 9 -3 11 13 -1 -10
right_child=-2 2 -4 6 5 -7 -8 -9 10 -11 -12 -13 -14 -15
leaf_value=-0.0063398913467346239 -0.0096801738006312126 0.0084322569856430558 0.0045557551414911624 -0.013345472289642816 -0.0044913392719977043 0.013648878170377932 -0.00097975450136312636 0.00648238861025847 -0.0092469633400440211 -0.0037862514834454716 0.0067063831667269549 0.0039249155697437203 -0.0008263108043495386 -0.0016447914993155067
leaf_weight=683 249 532 2339 350 335 320 323 386 345 230 358 796 7776 3384
leaf_count=683 249 532 2339 350 335 320 323 386 345 230 358 796 7776 3384
internal_value=-9.67362e-05 3.73172e-05 0.00138749 -0.00102249 -0.000562643 0.00520406 -0.00746166 0.00138782 7.1857e-05 0.00474362 -0.000661285 -0.00125094 -0.00127497 -0.00235957
internal_weight=18406 18157 7984 10173 9500 1041 673 721 5645 762 4883 4525 8459 3729
internal_count=18406 18157 7984 10173 9500 1041 673 721 5645 762 4883 4525 8459 3729
is_linear=0
shrinkage=0.03


Tree=23
num_leaves=15
num_cat=0
split_feature=11 9 2 12 9 9 7 11 12 8 8 2 2 3
split_gain=29.8103 23.9132 25.6998 39.3819 22.1867 25.8309 24.9291 22.3762 30.8996 19.0392 18.9625 21.3122 18.7303 18.5136
threshold=0.11886890817570149 0.7376940047465721 0.77777777777779278 0.063854874642833029 1.2822367916341926 1.0872994903758213 0.1980679702920625 -0.92543588554535827 -0.025115175154018284 0.042213290373946874 -0.024092275191183461 0.63157894736842646 0.88293774382847778 0.86486486486485858
decision_type=2 2 2 8 2 2 10 2 8 2 2 2 2 2
left_child=1 10 4 12 5 6 -3 8 -8 -9 11 -1 -4 -2
right_child=13 2 3 -5 -6 -7 7 9 -10 -11 -12 -13 -14 -15
leaf_value=-0.017157957732107078 0.0017498521827765342 -0.0070426370671435234 0.0028523824101453149 0.011002149042536411 0.0069581720071869926 -0.0088793792772982535 0.012081435185782339 -0.0036275872676923217 -0.00075534785952646082 0.006055316400360054 -0.0022255924344062802 -0.0047149870307660506 -0.0040200164180357306 -0.00072800734360992049
leaf_weight=204 7686 608 838 357 217 531 269 1296 438 208 739 318 614 4190
leaf_count=204 7686 608 838 357 217 531 269 1296 438 208 739 318 614 4190
internal_value=-2.41662e-05 -0.00163379 -0.000759494 0.00214936 -0.00223566 -0.00284069 -0.0016895 -0.00020488 0.00417935 -0.00227284 -0.00534344 -0.00969441 -5.75373e-05 0.000875694
internal_weight=18513 6637 5376 1809 3567 3350 2819 2211 707 1504 1261 522 1452 11876
internal_count=18513 6637 5376 1809 3567 3350 2819 2211 707 1504 1261 522 1452 11876
is_linear=0
shrinkage=0.03


Tree=24
num_leaves=15
num_cat=0
split_feature=13 13 9 13 9 12 10 2 11 9 0 3 3 10
split_gain=24.0327 38.6534 34.775 30.6868 25.8526 22.6254 21.6697 18.5125 18.0007 22.8416 20.6876 21.7437 16.8507 16.7548
threshold=6.5000000000000009 2.5000000000000004 1.0839877238799431 8.5000000000000018 0.91713143156970334 -0.16153346324008247 1.4444693769131838 0.91836734693880906 0.33983180996705425 0.9263888127560832 0.56564396034888509 0.80434782608696043 0.83333333333330628 1.1345726770500344
decision_type=2 2 2 2 2 10 2 2 2 2 2 2 2 2
left_child=1 4 3 -2 6 -6 -1 13 9 10 11 -3 -11 -7
right_child=2 8 -4 -5 5 7 -8 -9 -10 12 -12 -13 -14 -15
leaf_value=-0.0037929013838794031 -0.0078650806320766948 0.015432940350388582 -0.015653481742776022 0.0054461243909890529 0.0088556305870722309 0.0078409377765816402 -0.00044005274499384409 0.0081954803740311617 0.0056411961625339587 -0.0087445916169106141 -0.0013023161306251994 0.0016502781337700211 0.0018584471341340318 3.1316723435646312e-08
leaf_weight=2400 314 207 200 300 321 252 6232 280 1574 287 334 203 248 5375
leaf_count=2400 314 207 200 300 321 252 6232 280 1574 287 334 203 248 5375
internal_value=7.08134e-05 0.000303035 -0.00495343 -0.00136978 -0.000311376 0.00116123 -0.00137392 0.000735961 0.00349817 0.000849161 0.00423706 0.00871094 -0.00385784 0.000357828
internal_weight=18527 17713 814 614 14860 6228 8632 5907 2853 1279 744 410 535 5627
internal_count=18527 17713 814 614 14860 6228 8632 5907 2853 1279 744 410 535 5627
is_linear=0
shrinkage=0.03


Tree=25
num_leaves=15
num_cat=0
split_feature=8 10 9 10 12 2 7 8 12 2 7 3 4 12
split_gain=27.064 38.0692 28.8217 24.819 22.468 20.2962 32.2953 18.1229 20.4777 38.4659 30.3536 18.0597 17.9615 17.5058
threshold=-0.024092275191183461 1.6698388808520359 0.70489416599041799 3.0979813491128101 -0.10742028613221032 0.60869565217390653 0.77548026881496956 -0.028510441691500282 -0.0081898558958350392 0.84808241046849153 0.69123807221725697 0.950730900554842 0.012710307232018424 0.00054270253405258606
decision_type=2 2 2 2 10 2 10 2 10 2 10 2 2 8
left_child=1 2 -1 7 -2 6 -4 8 10 -10 -3 13 -6 -7
right_child=4 3 5 -5 12 11 -8 -9 9 -11 -12 -13 -14 -15
leaf_value=-0.013398301738888117 0.0045595735783950939 -0.0045204507633367563 -0.014826921748362505 -0.0084532137682780308 0.0074473515536310599 -0.007593092629097793 -0.0012757005317469846 -0.0059892250636503809 0.0018418914435605744 0.014765014122666946 0.0046253579950738272 0.0062128045265713036 0.00011835954478135335 0.0017920094973900738
leaf_weight=318 1231 849 296 277 304 375 336 310 1202 246 524 243 11562 335
leaf_count=318 1231 849 296 277 304 375 336 310 1202 246 524 243 11562 335
internal_value=-2.2258e-05 -0.00182765 -0.00522059 7.18192e-05 0.000710268 -0.00354291 -0.00768904 0.000838305 0.00159785 0.00408065 -0.00102587 -0.000767554 0.000309182 -0.00318335
internal_weight=18408 5311 1903 3408 13097 1585 632 3131 2821 1448 1373 953 11866 710
internal_count=18408 5311 1903 3408 13097 1585 632 3131 2821 1448 1373 953 11866 710
is_linear=0
shrinkage=0.03


Tree=26
num_leaves=15
num_cat=0
split_feature=8 9 6 6 3 3 2 10 6 13 3 11 1 12
split_gain=26.8848 22.4333 21.4963 45.9939 30.7139 27.5882 23.4029 20.6964 20.5106 23.097 19.9241 23.4542 22.0572 19.9972
threshold=-0.0076155107441350581 0.70489416599041799 0.29541757851777378 0.19609689661384436 0.8749999999999728 0.6818181818181891 0.61788617886178143 2.8713645382765214 0.095141405919624514 1.5000000000000002 0.95454545454545159 1.7701003111245044 1.1609503756335833 0.18159032394147581
decision_type=2 2 8 10 2 2 2 2 10 2 2 2 2 8
left_child=1 -1 3 4 6 -4 -2 10 9 -6 11 13 -13 -3
right_child=2 7 5 -5 8 -7 -8 -9 -10 -11 -12 12 -14 -15
leaf_value=-0.0058682901665366534 0.0037682231655222073 -0.001278448939450189 -0.0022349258224038703 -0.0072778025252741739 -0.0046727938801096377 0.0062362555986318355 -0.00028273536763896853 -0.0056623235224208361 0.0052980619956574894 0.0014382222125595304 0.0035088869565805987 -0.0024291951245651012 0.0092364882997983747 -0.010426831793996085
leaf_weight=881 3422 4506 470 656 1608 1284 2051 705 335 847 1048 241 358 221
leaf_count=881 3422 4506 470 656 1608 1284 2051 705 335 847 1048 241 358 221
internal_value=-4.85448e-05 -0.00136761 0.0009354 0.000337434 0.000946043 0.00396643 0.00225126 -0.000803737 -0.00161378 -0.00256579 -0.000262334 -0.00100699 0.00456169 -0.00171673
internal_weight=18633 7960 10673 8919 8263 1754 5473 7079 2790 2455 6374 5326 599 4727
internal_count=18633 7960 10673 8919 8263 1754 5473 7079 2790 2455 6374 5326 599 4727
is_linear=0
shrinkage=0.03


Tree=27
num_leaves=15
num_cat=0
split_feature=11 12 4 2 5 0 4 3 3 12 12 3 2 2
split_gain=33.1127 25.491 23.2176 23.782 28.7676 24.6979 42.649 25.2929 21.4109 20.7926 20.3346 20.1719 43.015 19.6026
threshold=0.060874141162190913 0.18159032394147581 1.0150769603351206 0.77777777777779278 2.7311290996927347 0.60392491972548401 0.50442093923256615 0.69553340745342374 0.59523809523810101 -0.0059090697654021742 -0.13687346212585064 0.90476190476191964 0.61111111111110927 0.86609838907751757
decision_type=2 10 2 2 2 2 2 2 2 8 10 2 2 2
left_child=2 10 3 4 5 6 7 8 -1 13 -2 -9 -13 -5
right_child=1 -3 -4 9 -6 -7 -8 11 -10 -11 -12 12 -14 -15
leaf_value=-0.0039758444705790879 0.0066671717439299024 -0.0057034869270411997 -0.0085607825679992269 0.003058879407363779 0.0024952124347090254 -0.0087529299157490647 0.0067120155499070955 -0.0084628874130213434 0.0060901356938916828 0.0047669125651097237 0.0013626448791263387 -0.01027669544045518 0.0090647371576733568 -0.0060135963390523231
leaf_weight=413 687 432 364 420 949 628 408 1000 344 1055 10956 200 204 428
leaf_count=413 687 432 364 420 949 628 408 1000 344 1055 10956 200 204 428
internal_value=0.000486962 0.00141202 -0.00125457 -0.000808207 -0.0020819 -0.00344234 -0.00212967 -0.00381064 0.000608339 0.00196492 0.00167837 -0.00618694 -0.000518808 -0.00152856
internal_weight=18488 12075 6413 6049 4146 3197 2569 2161 757 1903 11643 1404 404 848
internal_count=18488 12075 6413 6049 4146 3197 2569 2161 757 1903 11643 1404 404 848
is_linear=0
shrinkage=0.03


Tree=28
num_leaves=15
num_cat=0
split_feature=8 6 12 12 2 3 8 5 12 4 1 11 4 6
split_gain=26.0448 28.8453 42.1471 27.8597 33.2175 26.1116 36.5343 36.2078 31.7971 24.1795 22.7623 21.6545 21.2388 24.6796
threshold=-0.03454678156334897 0.29541757851777378 0.12452414243716432 0.0020807420814077386 0.62500000000008693 0.43925986656112287 -0.031578682437831788 3.3713977549380538 0.059309580147054237 0.30745095356064706 2.7554332293071422 0.328305881497376 0.62346424933000211 0.35631311685194617
decision_type=2 8 10 8 2 2 2 2 10 2 2 2 2 10
left_child=3 5 12 10 9 -2 -7 8 -8 -5 11 -1 13 -3
right_child=1 2 -4 4 -6 6 7 -9 -10 -11 -12 -13 -14 -15
leaf_value=-0.008094394132494926 0.0058612770060925967 0.011969531876096264 -0.0055809638675726279 -0.00747377801646033 0.0044492519619715558 0.010397814602395028 -0.0023747848860260108 0.0027114694529814976 0.0020169733185614117 0.0036185876185890666 0.0041843194934277229 -0.0018604769051925448 -0.00072580816500847876 0.0041883219573376831
leaf_weight=1096 671 573 364 524 996 280 6690 2477 1902 262 256 928 399 1030
leaf_count=1096 671 573 364 524 996 280 6690 2477 1902 262 256 928 399 1030
internal_value=0.000130816 0.000729856 0.00375399 -0.00198904 0.000820501 0.000133277 -0.000207819 -0.000480671 -0.00140198 -0.00377682 -0.0041819 -0.00524778 0.00546092 0.00699832
internal_weight=18448 14386 2366 4062 1782 12020 11349 11069 8592 786 2280 2024 2002 1603
internal_count=18448 14386 2366 4062 1782 12020 11349 11069 8592 786 2280 2024 2002 1603
is_linear=0
shrinkage=0.03


Tree=29
num_leaves=15
num_cat=0
split_feature=13 1 1 11 12 12 3 11 0 5 0 12 4 14
split_gain=19.1662 17.7576 22.9131 27.0912 20.9879 22.9241 27.5992 62.2601 23.5685 23.2602 20.215 19.5826 16.7219 18.9601
threshold=10.500000000000002 0.52890053952225136 0.45405536119628676 0.62932394490746957 -0.010633883427756783 -0.0018379222325597409 0.97142857142859007 1.0159254329510736 0.52617304459576775 2.0064092556009192 0.57190805563064873 1.0000000180025095e-35 0.86098472499584944 1.0000000180025095e-35
decision_type=2 2 2 2 8 10 2 2 2 2 2 10 2 2
left_child=1 2 3 -1 -3 8 12 9 -6 -8 -11 -4 13 -7
right_child=-2 4 11 -5 5 6 7 -9 -10 10 -12 -13 -14 -15
leaf_value=-0.0048044031386062034 -0.0080295375705664532 -0.00087626699738765641 -0.0030183134841788935 0.0075043486898595637 -0.0010484249985546147 -0.0021962731296517359 0.0026926852332857937 -0.0058231064644788198 0.0088197319349762743 0.021939087679109921 0.008413706339143831 -0.014913270110053714 0.0041125772812631942 0.00093487599569073195
leaf_weight=383 256 6929 293 270 322 2727 203 282 662 200 213 216 901 4791
leaf_count=383 256 6929 293 270 322 2727 203 282 662 200 213 216 901 4791
internal_value=4.30209e-05 0.000157535 -0.00342391 0.000303324 0.000399993 0.00125848 0.000797038 0.00578134 0.00560154 0.0110979 0.0151476 -0.00816204 0.000262279 -0.000201589
internal_weight=18648 18392 1162 653 17230 10301 9317 898 984 616 413 509 8419 7518
internal_count=18648 18392 1162 653 17230 10301 9317 898 984 616 413 509 8419 7518
is_linear=0
shrinkage=0.03


Tree=30
num_leaves=15
num_cat=0
split_feature=11 6 0 6 2 0 0 13 5 11 7 3 2 8
split_gain=35.9197 33.213 26.6841 31.0378 25.3343 22.083 21.9936 26.9844 18.0999 17.1573 14.6087 14.3216 24.5532 22.3468
threshold=-0.18870396239291967 0.95614847727936159 0.62553861779951536 1.0599157289168875 0.78378378378377844 0.57057998374712759 0.59460588464775432 4.5000000000000009 2.5066085382711392 -1.2154336050866943 0.78259225856875891 0.64285714285713547 0.39639639639640367 -0.00046697908758245248
decision_type=2 8 2 8 2 2 2 2 2 2 10 2 2 2
left_child=2 -2 3 4 11 10 7 -6 9 -4 -3 13 -13 -1
right_child=1 5 8 -5 6 -7 -8 -9 -10 -11 -12 12 -14 -15
leaf_value=-0.0032571207745230361 0.00017232335830927304 -0.0010667009591076614 -0.0029839545566784707 -0.012520094859517283 0.0032930307357840363 0.015036332391202448 0.010953316181620701 -0.0084269168506066004 -0.00025905075886352793 -0.01335792170355269 0.0093382825728911909 -0.012432660538568552 -0.0024242363687916354 0.0081546224963698361
leaf_weight=360 12661 284 223 211 821 205 230 220 249 416 206 244 1979 263
leaf_count=360 12661 284 223 211 821 205 230 220 249 416 206 244 1979 263
internal_value=-0.000300511 0.000524091 -0.00241045 -0.00143438 -0.000851725 0.00688533 0.00266302 0.000787751 -0.00713306 -0.00978886 0.00335778 -0.0024233 -0.00354821 0.00158693
internal_weight=18572 13356 5216 4328 4117 695 1271 1041 888 639 490 2846 2223 623
internal_count=18572 13356 5216 4328 4117 695 1271 1041 888 639 490 2846 2223 623
is_linear=0
shrinkage=0.03


Tree=31
num_leaves=15
num_cat=0
split_feature=8 9 4 14 9 5 8 13 13 10 0 4 4 10
split_gain=26.992 36.0602 32.1102 23.1707 30.0069 28.0856 23.2094 26.3709 21.5922 21.496 23.2848 26.2524 19.8445 19.2045
threshold=-0.023166003449527874 0.73500653203912203 0.29705457660907009 1.0000000180025095e-35 1.2364146096755915 3.3713977549380538 0.095447343399887849 6.5000000000000009 2.5000000000000004 3.0979813491128101 0.63101362936321925 0.19313705242543391 0.5367825626703524 1.7365851280861637
decision_type=2 2 2 2 2 2 2 2 2 2 2 2 2 2
left_child=1 2 -1 5 -5 6 7 -2 -7 10 11 13 -4 -3
right_child=3 9 12 4 -6 8 -8 -9 -10 -11 -12 -13 -14 -15
leaf_value=-0.012029931670021064 -0.00022046655758814821 -0.0061303996622274455 0.0059151093776409437 0.0019945303815485566 0.012035187705558665 0.0016998819832966703 -0.010710081820272737 -0.010275274515947008 0.010454666796566372 -0.0086208723596808388 -0.0057789185179858652 0.0030196020098271804 -0.006860344255125367 0.0007384898016295795
leaf_weight=492 5143 616 203 5470 277 1281 211 241 312 261 516 2272 226 891
leaf_count=492 5143 616 203 5470 277 1281 211 241 312 261 516 2272 226 891
internal_value=0.00032205 -0.00144234 -0.00683939 0.0010694 0.00248852 -6.61587e-05 -0.00106715 -0.000679658 0.00344191 -0.000345018 0.000167332 0.00098582 -0.000816582 -0.00208022
internal_weight=18412 5477 921 12935 5747 7188 5595 5384 1593 4556 4295 3779 429 1507
internal_count=18412 5477 921 12935 5747 7188 5595 5384 1593 4556 4295 3779 429 1507
is_linear=0
shrinkage=0.03


Tree=32
num_leaves=15
num_cat=0
split_feature=10 10 10 9 11 1 1 6 7 2 13 9 1 12
split_gain=28.9276 16.7436 18.0346 23.2483 21.7061 19.3223 21.8352 19.2001 19.1181 19.9805 18.389 41.3144 21.4822 22.2686
threshold=0.95897187445478105 3.0979813491128101 2.091444879523674 0.7376940047465721 -0.28666596056929244 1.2733357172441298 0.96207065537271386 -0.39827188141660513 0.96731129369514768 0.72413793103449409 1.5000000000000002 1.0691770618235725 1.9799642321885476 -0.10742028613221032
decision_type=2 2 2 2 2 2 2 10 10 2 2 2 2 10
left_child=-1 2 3 4 -2 6 -6 -4 9 -7 12 -12 13 -5
right_child=1 -3 7 10 5 8 -8 -9 -10 -11 11 -13 -14 -15
leaf_value=-0.006686138916702976 -0.0081382791583786661 -0.0037475170232121788 0.0079032299673115758 0.0042695277536120508 -0.0019090623179106017 -0.014803626964221129 0.0090609735272965328 0.0011547941672840842 0.0020618553681671621 -0.0024581854989510453 0.0039625102831688866 -0.0061180246367170286 0.0030551476280148569 -0.0022950895587924279
leaf_weight=576 592 951 400 518 422 217 260 6076 245 257 2228 433 1110 4217
leaf_count=576 592 951 400 518 422 217 260 6076 245 257 2228 433 1110 4217
internal_value=-9.79919e-05 0.000115504 0.000332964 -0.000435013 -0.00334712 -0.00130085 0.00230857 0.0015774 -0.00471683 -0.00820553 0.000248875 0.0023138 -0.000692379 -0.00157319
internal_weight=18502 17926 16975 10499 1993 1401 682 6476 719 474 8506 2661 5845 4735
internal_count=18502 17926 16975 10499 1993 1401 682 6476 719 474 8506 2661 5845 4735
is_linear=0
shrinkage=0.03


Tree=33
num_leaves=15
num_cat=0
split_feature=8 7 1 0 13 9 9 5 12 4 3 7 7 7
split_gain=20.7239 18.7941 18.0777 28.33 32.2257 27.1892 26.7073 29.4159 21.3065 19.0055 18.6838 17.8901 23.5952 25.4485
threshold=-0.0076155107441350581 2.0849758261627014 2.5578239383512567 0.63883674419732428 2.5000000000000004 1.2021277944146966 0.78247759401006034 2.7943307984449048 0.110708578237688 0.32680362553285131 0.8108108108108093 1.7614618097511279 0.90632814397568007 0.80372987749602987
decision_type=2 10 2 2 2 2 2 2 10 2 2 10 8 10
left_child=1 -1 3 4 5 8 -6 -8 11 10 -5 12 13 -2
right_child=2 -3 -4 9 6 -7 7 -9 -10 -11 -12 -13 -14 -15
leaf_value=-0.00061035971079918133 0.0015175281447949327 -0.009603381600837374 -0.0013076020305433621 0.0075914068216163854 0.015411490160365436 0.0083126134749183286 -0.00062392595427981489 0.0095225370835828032 -0.0046608661300587377 -0.0071274334664751839 -0.0034969646760605669 -0.0053238304263213652 0.005620439640203442 -0.0078499664237242275
leaf_weight=7740 3360 210 2118 223 253 486 502 521 545 487 337 315 1211 278
leaf_count=7740 3360 210 2118 223 253 486 502 521 545 487 337 315 1211 278
internal_value=0.000304591 -0.000853798 0.00117044 0.00178701 0.00243479 0.00153771 0.00676713 0.00456471 0.000954199 -0.00282492 0.000946688 0.00155074 0.00200235 0.000791914
internal_weight=18586 7950 10636 8518 7471 6195 1276 1023 5709 1047 560 5164 4849 3638
internal_count=18586 7950 10636 8518 7471 6195 1276 1023 5709 1047 560 5164 4849 3638
is_linear=0
shrinkage=0.03


Tree=34
num_leaves=15
num_cat=0
split_feature=8 10 7 12 10 7 13 0 13 8 12 12 8 0
split_gain=25.022 28.4024 16.8557 28.7954 15.6994 14.9563 14.6743 30.3705 18.6884 25.2123 23.4488 20.4213 25.7882 23.318
threshold=-0.052700534768663841 1.7180619374399118 0.43710895609083661 -0.0074351743438142983 0.91079746894998581 1.167206736670471 6.5000000000000009 0.55416119930855301 1.5000000000000002 -0.0085923811854078328 0.18159032394147581 0.074943602724305239 0.017074677307409546 0.55865373689881648
decision_type=2 2 8 10 2 10 2 2 2 2 10 8 2 2
left_child=1 -1 3 -3 -2 -4 8 -8 10 -10 -6 12 13 -11
right_child=4 2 5 -5 6 -7 7 -9 9 11 -12 -13 -14 -15
leaf_value=-0.0071762262787306349 -0.0055630935879889872 -0.0096494568022322067 0.005198242642568505 0.0025077643331762982 0.00038366010013748118 -0.003638880301101005 -0.00908959021847279 0.0032194585081121723 -0.00092641560846959859 0.011481479601630198 -0.0068802616486776129 0.0088794789394636732 0.00035049858087427216 0.0016701062905760307
leaf_weight=866 379 358 570 336 10371 242 398 323 1380 454 411 604 1521 419
leaf_count=866 379 358 570 336 10371 242 398 323 1380 454 411 604 1521 419
internal_value=1.09947e-05 -0.00286408 -0.000368907 -0.0037877 0.00043116 0.00255837 0.000575919 -0.00359108 0.000775217 0.00242699 0.000103705 0.00396956 0.00271487 0.0068088
internal_weight=18632 2372 1506 694 16260 812 15881 721 15160 4378 10782 2998 2394 873
internal_count=18632 2372 1506 694 16260 812 15881 721 15160 4378 10782 2998 2394 873
is_linear=0
shrinkage=0.03


Tree=35
num_leaves=15
num_cat=0
split_feature=12 2 12 3 13 3 2 3 3 8 6 9 3 6
split_gain=24.3093 34.2437 29.6991 26.969 22.2965 22.0801 29.2439 33.2318 20.9031 17.2289 17.0593 44.5102 28.6971 16.3607
threshold=-0.0087646560816360668 0.62287638287637404 -0.0018379222325597409 0.92063492063492258 3.5000000000000004 0.80645161290323053 0.8684210526315731 0.95454545454545159 0.98437499999999367 -0.0090663918305168532 -0.075526055127484545 1.1382956764811389 0.66666666666666619 0.10634951780246583
decision_type=8 2 10 2 2 2 2 2 2 2 8 2 2 8
left_child=1 3 13 4 -1 9 7 -7 -9 -3 11 12 -4 -2
right_child=2 5 10 -5 -6 6 -8 8 -10 -11 -12 -13 -14 -15
leaf_value=0.001188028460931175 0.0032912679498290848 -0.011429948681174602 0.0057185437990778382 -0.006594549756536775 0.010715008459392949 -0.0017047766092097541 -0.0061949532558105381 0.014163641567612366 0.0010013477334619631 -0.0033802440964167055 -0.00042233976649169339 0.01051018303682388 -0.00053187822963035158 0.012026394359791706
leaf_weight=2981 535 426 861 371 234 1723 928 212 219 552 5805 493 2791 302
leaf_count=2981 535 426 861 371 234 1723 928 212 219 552 5805 493 2791 302
internal_value=0.000168486 -0.00112511 0.00108551 0.00101052 0.001897 -0.00301034 -0.00175832 0.000163019 0.00756379 -0.00692686 0.000627364 0.00209619 0.000947533 0.00649571
internal_weight=18433 7646 10787 3586 3215 4060 3082 2154 431 978 9950 4145 3652 837
internal_count=18433 7646 10787 3586 3215 4060 3082 2154 431 978 9950 4145 3652 837
is_linear=0
shrinkage=0.03


Tree=36
num_leaves=15
num_cat=0
split_feature=8 14 10 11 7 1 1 13 0 11 2 9 2 8
split_gain=20.4285 23.8736 21.3199 18.4649 23.3751 18.1462 23.3887 19.2024 17.424 16.944 15.7557 14.8761 28.565 25.7869
threshold=0.072886791708934612 1.0000000180025095e-35 0.95897187445478105 -1.2154336050866943 0.20422355222448277 4.6358004252093039 5.6289146404091239 1.5000000000000002 0.55749195172747446 -1.0334100137604039 0.75000000000000056 1.1811751435357001 0.71251414267039437 0.01897260917615249
decision_type=2 2 2 2 8 2 2 2 2 2 2 2 2 2
left_child=2 -2 -1 4 -4 7 -7 9 -8 -5 -6 -11 13 -13
right_child=1 -3 3 5 10 6 8 -9 -10 11 -12 12 -14 -15
leaf_value=-0.005915970689755805 -0.00014700058055006795 0.0080692738971423986 -0.007562556576193198 0.0073890136341557243 -0.0025114354975367625 -0.011020630450245547 -0.005394147683060571 0.0022565069875034281 0.0058453607361498771 -0.00070683374707621244 0.0058335531117927686 -0.0048597133482946326 0.011596864608389542 0.0081832450918160309
leaf_weight=559 670 601 622 257 721 277 262 4311 227 8850 278 381 261 206
leaf_count=559 670 601 622 257 721 277 262 4311 227 8850 278 381 261 206
internal_value=9.19332e-05 0.00375451 -0.000179537 1.47385e-05 -0.00302222 0.00034313 -0.00413999 0.000585213 -0.000170271 -0.000139308 -0.00017172 -0.000342516 0.00344148 -0.000252001
internal_weight=18483 1271 17212 16653 1621 15032 766 14266 489 9955 999 9698 848 587
internal_count=18483 1271 17212 16653 1621 15032 766 14266 489 9955 999 9698 848 587
is_linear=0
shrinkage=0.03


Tree=37
num_leaves=15
num_cat=0
split_feature=8 2 0 5 13 10 12 12 4 12 4 8 4 2
split_gain=30.0835 24.2415 17.7486 16.4915 19.758 22.1054 17.9237 17.0125 17.0561 24.5357 19.9876 16.0784 32.6688 15.5454
threshold=-0.052700534768663841 0.55844155844157206 0.63241679335361844 0.58167200383505169 10.500000000000002 2.3500596428066172 -0.043982017487692253 0.17417075051187367 0.71115537977029586 -0.010633883427756783 0.87442640993427456 -0.03016082494360808 0.29705457660907009 0.749999999999996
decision_type=2 2 2 2 2 2 8 10 2 8 2 2 2 2
left_child=1 -1 -3 -2 5 6 -5 8 11 -10 -11 12 -8 -12
right_child=3 2 -4 4 -6 -7 7 -9 9 10 13 -13 -14 -15
leaf_value=-0.0075803701160298553 -0.0076890038078576981 0.00031204593773139318 -0.0082881132504654675 -0.0021718368283811587 -0.0081433131637735461 0.0024566589554820481 0.00085798754815371507 -0.0051982570226398218 -0.010878594942162839 -0.0059306639475701119 -0.0026720023646273393 0.00089305256628282822 0.012599738058467794 0.0068453990525007245
leaf_weight=784 222 1298 254 2814 232 4164 586 431 240 353 259 6172 331 370
leaf_count=784 222 1298 254 2814 232 4164 586 431 240 353 259 6172 331 370
internal_value=-0.000119535 -0.00329814 -0.00111755 0.000340426 0.000454543 0.000583982 -9.15749e-05 0.000578908 0.000881452 -0.00238534 -0.000265007 0.00144587 0.00514163 0.0029363
internal_weight=18510 2336 1552 16174 15952 15720 11556 8742 8311 1222 982 7089 917 629
internal_count=18510 2336 1552 16174 15952 15720 11556 8742 8311 1222 982 7089 917 629
is_linear=0
shrinkage=0.03


Tree=38
num_leaves=15
num_cat=0
split_feature=11 7 7 8 6 2 12 4 4 8 12 7 13 8
split_gain=22.9305 22.4269 29.9824 33.1435 21.3539 18.4996 25.0119 23.1393 22.3763 20.3633 18.2148 17.2497 18.8177 17.1738
threshold=0.6605168354665002 1.230965791846504 2.0849758261627014 0.015187782438552918 0.95614847727936159 0.76923076923078426 0.067560943253690844 0.32349816112811863 0.079083448006883605 -0.041493552942051183 0.080761557269835985 0.096377267804463748 6.5000000000000009 -0.0046358505755435134
decision_type=2 8 10 2 8 2 8 2 2 2 10 10 2 2
left_child=5 4 3 -3 10 11 7 8 -7 -9 -2 -1 -13 -8
right_child=1 2 -4 -5 -6 6 13 9 -10 -11 -12 12 -14 -15
leaf_value=-0.0058322108279367504 0.00046890153217293449 0.009787090520375602 -0.003823475152403116 0.0011325422591126533 0.0071973754454001384 -0.0041169960344476352 0.0011958204735727871 0.0032052140318144674 0.0049934334218807537 -0.0053003459817426669 -0.0039651762889688696 -0.001042879485607426 -0.0099158096925488545 0.011115774024313631
leaf_weight=909 5397 822 370 771 365 331 318 332 873 1027 981 5499 219 308
leaf_count=909 5397 822 370 771 365 331 318 332 873 1027 981 5499 219 308
internal_value=-0.000107402 0.00101313 0.00383078 0.005615 0.00019063 -0.00110123 0.000775395 -0.00054084 0.00248215 -0.00321833 -0.000215676 -0.00200419 -0.00139108 0.00612597
internal_weight=18522 8706 1963 1593 6743 9816 3189 2563 1204 1359 6378 6627 5718 626
internal_count=18522 8706 1963 1593 6743 9816 3189 2563 1204 1359 6378 6627 5718 626
is_linear=0
shrinkage=0.03


Tree=39
num_leaves=15
num_cat=0
split_feature=0 13 9 5 10 6 12 6 6 13 6 6 7 7
split_gain=21.0862 26.1398 26.9468 24.0709 23.3205 20.4838 33.1643 20.8389 15.6774 15.316 19.8504 25.6666 16.9463 18.3659
threshold=0.60693657753077457 5.5000000000000009 1.0767874766459744 1.141595565307207 1.9500654355960945 0.034438757275672811 0.0025539705625536873 -0.020181829374936063 0.25288916514703891 1.0000000180025095e-35 0.24614225194407249 0.43050190647522718 2.3211065635207331 0.88958725116203674
decision_type=2 2 2 2 2 10 8 8 10 2 10 10 10 10
left_child=1 9 4 -2 -3 6 7 -5 -7 12 -11 -12 13 -1
right_child=3 2 -4 5 -6 8 -8 -9 -10 10 11 -13 -14 -15
leaf_value=-0.0010582203423847667 -0.010928780071875628 0.0044667202287733002 -0.013231639571201343 -0.0053387305013835422 -0.0065450232241663232 -0.0070886758186536119 0.0033883217132409638 0.0052011140890237759 0.00010574786634031781 0.0024808157489103282 -0.0068599652557581456 0.0025430751306832664 -0.0083644449221272326 0.0022638972390581669
leaf_weight=4443 250 319 229 970 367 785 1330 200 416 5771 502 535 217 2253
leaf_count=4443 250 319 229 970 367 785 1330 200 416 5771 502 535 217 2253
internal_value=-6.82699e-05 0.000456849 -0.00443884 -0.00201163 -0.00142913 -0.00139535 0.000153443 -0.00352258 -0.00460658 0.000784821 0.00179428 -0.00201991 -0.000209886 6.04262e-05
internal_weight=18587 14636 915 3951 686 3701 2500 1170 1201 13721 6808 1037 6913 6696
internal_count=18587 14636 915 3951 686 3701 2500 1170 1201 13721 6808 1037 6913 6696
is_linear=0
shrinkage=0.03


Tree=40
num_leaves=15
num_cat=0
split_feature=8 0 13 5 12 7 0 6 1 7 13 12 9 1
split_gain=28.1811 26.4066 24.601 21.1592 18.8219 27.9203 18.7584 17.5903 15.1444 17.4743 15.1938 18.0406 17.1645 21.1988
threshold=0.066476465311644264 0.62269153100535568 6.5000000000000009 3.3040741252464856 0.057052397300256581 0.65247354621697273 0.56180438330022919 -0.18630615448789326 0.64670287462597698 -0.23573386326587051 1.5000000000000002 -0.12871951666893763 1.0618715400566063 1.5261299131105526
decision_type=2 2 2 2 8 8 2 10 2 10 2 10 2 2
left_child=1 2 8 4 5 7 -4 -3 -1 -10 11 -11 -12 -14
right_child=-2 3 6 -5 -6 -7 -8 -9 9 10 12 -13 13 -15
leaf_value=-0.0019291634737594943 0.0040080175344462165 -0.0015442443230098352 -0.0087151707657704171 0.0021582691802931346 0.0013537397532534779 0.00066699197909611129 0.0016757893480826168 -0.010452462904990674 0.0068560113443606567 0.0048100391289202168 0.003457952755803051 -0.00039170037706151144 -0.0084201461260220885 0.0021124326915571198
leaf_weight=1835 1588 261 454 551 394 416 235 869 436 649 2826 7271 263 476
leaf_count=1835 1588 261 454 551 394 416 235 869 436 649 2826 7271 263 476
internal_value=0.000193208 -0.000165564 0.000326676 -0.00301494 -0.004486 -0.00597383 -0.00518454 -0.00841077 0.000604501 0.000995153 0.000769774 3.73191e-05 0.00239466 -0.00166736
internal_weight=18524 16936 14445 2491 1940 1546 689 1130 13756 11921 11485 7920 3565 739
internal_count=18524 16936 14445 2491 1940 1546 689 1130 13756 11921 11485 7920 3565 739
is_linear=0
shrinkage=0.03


Tree=41
num_leaves=15
num_cat=0
split_feature=11 6 2 9 6 0 11 5 11 3 2 11 7 1
split_gain=16.6143 30.2716 24.7614 33.4565 22.2052 21.1168 20.7156 38.739 23.217 18.8237 35.7885 33.6015 28.6569 21.3731
threshold=0.060874141162190913 1.9915444348626405 0.77777777777779278 0.70489416599041799 -0.19582571799199502 0.549786998029553 -0.95484519213648011 1.2457307949115193 -1.180105498059675 0.96000000000000629 0.65714285714285581 0.95286494118086085 0.11013247393820559 1.5940207038443512
decision_type=2 8 2 2 10 2 2 2 2 2 2 2 8 2
left_child=2 9 4 -4 -1 -3 8 -8 -6 10 -2 -11 -13 -14
right_child=1 5 3 -5 6 -7 7 -9 -10 11 -12 12 13 -15
leaf_value=-0.0064359563267744569 0.0012524080025255423 0.0013923561839952266 -0.0086851773111299522 0.0027890588502066395 -0.00064000733756481687 0.014310414412058889 -0.012086737180958275 -0.0012824161333545873 0.0093159928278527034 0.0086998299655110436 -0.0023998242202321134 0.006989426973493809 -0.010322410373889901 0.0022704258716573387
leaf_weight=1025 6333 219 256 1848 777 235 352 1838 284 626 3896 277 281 208
leaf_count=1025 6333 219 256 1848 777 235 352 1838 284 626 3896 277 281 208
internal_value=-4.875e-05 0.0006055 -0.00128651 0.00137567 -0.00259651 0.00816206 -0.00137796 -0.00304258 0.00205613 0.000306903 -0.000139139 0.00357337 -0.000645383 -0.00499718
internal_weight=18455 12075 6380 2104 4276 454 3251 2190 1061 11621 10229 1392 766 489
internal_count=18455 12075 6380 2104 4276 454 3251 2190 1061 11621 10229 1392 766 489
is_linear=0
shrinkage=0.03


Tree=42
num_leaves=15
num_cat=0
split_feature=0 8 1 13 3 4 0 2 0 8 8 4 4 8
split_gain=22.2904 31.0143 26.583 19.5154 23.9732 17.1483 20.8824 32.5391 24.5921 19.8755 21.4819 22.3179 19.2359 26.4216
threshold=0.62960657619331106 -0.071035137326076067 0.88599400436026909 5.5000000000000009 0.84360174436460678 0.092618461481376285 0.54196331480216531 0.58339895013124721 0.58323388990007874 -0.022693691543866041 0.014274552014591676 0.028789160496542985 0.12322541892454447 -0.033285911714171744
decision_type=2 2 2 2 2 2 2 2 2 2 2 2 2 2
left_child=3 -2 -3 5 -5 6 9 -8 -9 -1 -11 -12 13 -7
right_child=1 2 -4 4 -6 12 7 8 -10 10 11 -13 -14 -15
leaf_value=-0.0033444036512808007 -0.013543452996213288 -0.0067323562711540915 0.00041163198687654173 -0.0079675671616463318 0.0012450226464329579 -0.0033602174393864656 -0.008797394512320143 0.0053761683249070385 -0.0059591604840775201 0.0075212010131916439 0.0074140061416796271 -0.0045410015135565222 0.00093147588153734277 0.0083473344136768112
leaf_weight=638 206 639 1721 523 488 228 654 396 297 548 205 420 10929 691
leaf_count=638 206 639 1721 523 488 228 654 396 297 548 205 420 10929 691
internal_value=7.15593e-05 -0.00252152 -0.00153284 0.00048764 -0.0035365 0.000759846 -0.00120314 -0.00402463 0.000510282 0.000900764 0.00321413 -0.000592039 0.00128335 0.00544027
internal_weight=18583 2566 2360 16017 1011 15006 3158 1347 693 1811 1173 625 11848 919
internal_count=18583 2566 2360 16017 1011 15006 3158 1347 693 1811 1173 625 11848 919
is_linear=0
shrinkage=0.03


Tree=43
num_leaves=15
num_cat=0
split_feature=11 8 0 3 10 1 1 12 9 8 8 7 7 12
split_gain=25.9228 27.1906 22.6013 16.8968 13.9416 24.5748 40.5359 14.7968 12.293 11.9515 38.7088 20.0254 19.2644 17.5636
threshold=-0.28666596056929244 -0.066714848822327144 0.66443585994502552 0.91666666666667196 2.1230399167815537 0.98179261160196474 0.64025681310340599 0.094514954810814469 0.81341383812317714 0.0584414809901826 0.053449263904900783 0.88958725116203674 1.167206736670471 -0.033600884928485279
decision_type=2 2 2 2 2 2 2 10 2 2 2 8 8 10
left_child=2 3 4 8 7 6 -6 -1 -2 10 11 13 -11 -3
right_child=1 9 -4 -5 5 -7 -8 -9 -10 12 -12 -13 -14 -15
leaf_value=-0.0035738145659060527 -0.0070012714197026918 -0.0020852137839481714 -0.0090883082069393075 -0.01042778095842278 -0.0045342995477123896 -0.0014546464541237631 0.012194130709236962 0.003162316941708064 0.001575473669854155 0.0052087244924708719 -0.0098168206615899482 0.0028969427813102158 -0.0021949617261998356 0.0011427310567411258
leaf_weight=2142 230 2165 347 269 203 1319 349 336 414 1334 296 3655 411 5037
leaf_count=2142 230 2165 347 269 203 1319 349 336 414 1334 296 3655 411 5037
internal_value=0.000148963 0.000803682 -0.00177538 -0.00418561 -0.00118213 0.000771661 0.00605671 -0.00265591 -0.00151799 0.00115834 0.000796261 0.00109 0.00346364 0.000171602
internal_weight=18507 13811 4696 913 4349 1871 552 2478 644 12898 11153 10857 1745 7202
internal_count=18507 13811 4696 913 4349 1871 552 2478 644 12898 11153 10857 1745 7202
is_linear=0
shrinkage=0.03


Tree=44
num_leaves=15
num_cat=0
split_feature=12 12 5 8 8 10 11 7 5 2 12 5 4 2
split_gain=25.3002 31.9172 30.4803 26.9215 22.2506 19.4686 17.7944 44.469 27.3409 23.1758 19.3805 17.6161 18.0355 16.5356
threshold=-0.0087646560816360668 -0.0018379222325597409 3.5865826213109018 0.015187782438552918 -0.033846419235654117 1.7573708091877287 -1.0635201948073898 0.075569483486221292 1.141595565307207 0.87500000000002365 -0.05233243725454139 3.1828799769447165 0.20527405675427762 0.84210526315791467
decision_type=8 10 2 2 2 2 2 10 2 2 10 2 2 2
left_child=2 3 6 5 -4 -2 7 -1 -8 11 -9 -10 -13 -3
right_child=1 13 4 -5 -6 -7 8 10 9 -11 -12 12 -14 -15
leaf_value=-0.0087129354476928721 -0.0044282996654510494 -9.9545161890798317e-05 -0.005364288186781036 0.013353457838667104 0.0056743408092593938 0.0072792380318196133 -0.011995299074384902 0.011054759156124704 -0.000684609119840447 -0.0080792675958520702 0.00057971999552768288 -0.00043791143948005302 -0.0085673225821991418 0.003206133555730678
leaf_weight=250 220 8304 201 317 820 292 265 332 4025 542 302 427 575 1624
leaf_count=250 220 8304 201 317 820 292 265 332 4025 542 302 427 575 1624
internal_value=-2.46647e-05 0.000916284 -0.00133231 0.00655321 0.00348566 0.00225448 -0.00206659 0.0018916 -0.00266746 -0.00221323 0.00610865 -0.00157337 -0.00512237 0.000442532
internal_weight=18496 10757 7739 829 1021 512 6718 884 5834 5569 634 5027 1002 9928
internal_count=18496 10757 7739 829 1021 512 6718 884 5834 5569 634 5027 1002 9928
is_linear=0
shrinkage=0.03


Tree=45
num_leaves=15
num_cat=0
split_feature=12 6 6 5 9 12 3 12 13 5 5 11 9 5
split_gain=26.7735 27.6803 25.4981 20.3851 32.9571 23.5356 27.5448 18.3331 29.8318 38.7029 24.7479 24.5514 21.4581 27.6082
threshold=-0.010633883427756783 -0.0046964782516969441 1.0000000180025095e-35 2.8661965184192755 0.8951270421137929 -0.040026219258870725 0.66666666666664665 0.013823882546868007 1.5000000000000002 3.1551501259244437 2.0313469072583437 -1.180105498059675 0.9886036928619617 2.4592311073319286
decision_type=8 8 10 2 2 10 2 10 2 2 2 2 2 2
left_child=1 3 -3 5 -5 -1 -7 8 10 12 -2 -9 13 -10
right_child=7 2 -4 4 -6 6 -8 11 9 -11 -12 -13 -14 -15
leaf_value=-0.0023882855026403464 0.0065695909282832005 0.0094462583672388321 3.7434596788115972e-06 -0.0050820038213834663 0.0034550202424503775 0.0009698745917599155 -0.011530529236579689 -0.0049227746860611389 0.013159024480809557 0.016681695777650284 -0.00093690754112793105 0.0008891099568838557 -0.0041325163106123598 -0.0013608384653202537
leaf_weight=1524 531 275 3186 723 918 207 664 713 277 282 1502 7355 220 201
leaf_count=1524 531 275 3186 723 918 207 664 713 277 282 1502 7355 220 201
internal_value=0.000182597 -0.00120152 0.00076656 -0.00288808 -0.000310276 -0.00465 -0.00857113 0.00111916 0.00311389 0.00739933 0.00103503 0.000372761 0.00355718 0.00710251
internal_weight=18578 7497 3461 4036 1641 2395 871 11081 3013 980 2033 8068 698 478
internal_count=18578 7497 3461 4036 1641 2395 871 11081 3013 980 2033 8068 698 478
is_linear=0
shrinkage=0.03


Tree=46
num_leaves=15
num_cat=0
split_feature=11 2 9 12 2 6 6 8 9 4 3 3 12 0
split_gain=26.2616 21.6384 27.3304 21.9233 29.5415 20.7221 29.4422 41.5811 26.0043 20.0643 22.9195 31.5416 21.7945 21.6282
threshold=0.11886890817570149 0.84000000000001573 0.71785699915226453 0.045761634194332219 0.88888888888890016 -0.12952373734259595 -0.1703191960315362 -0.016999922975137506 1.1753811635740268 0.86098472499584944 0.76923076923076972 0.89655172413792728 -0.13687346212585064 0.44872045343751005
decision_type=2 2 2 8 2 10 8 2 2 2 2 2 10 2
left_child=1 -1 -3 4 -4 6 8 -8 -2 12 -11 -12 -7 -14
right_child=5 2 3 -5 -6 9 7 -9 -10 10 11 -13 13 -15
leaf_value=-0.0027375242793980536 -0.00032244032174499329 -0.0085217020797057896 0.0072088319578535115 0.0097506248348570874 -0.003749041511173095 0.0060530361394692013 -0.0018747552652754376 0.0099518368924410155 0.0097713368821756123 -0.0031987732511430562 0.014281073160212616 0.00062095146306270473 0.0049182378574723047 -0.00180748509592092
leaf_weight=5236 2594 208 368 324 540 375 393 824 247 281 285 321 458 6130
leaf_count=5236 2594 208 368 324 540 375 393 824 247 281 285 321 458 6130
internal_value=-0.000336926 -0.00184237 0.00141073 0.0031153 0.000707192 0.000507491 0.00224668 0.00614069 0.00057075 -0.000392429 0.00384427 0.00710956 -0.000934504 -0.00133654
internal_weight=18584 6676 1440 1232 908 11908 4058 1217 2841 7850 887 606 6963 6588
internal_count=18584 6676 1440 1232 908 11908 4058 1217 2841 7850 887 606 6963 6588
is_linear=0
shrinkage=0.03


Tree=47
num_leaves=15
num_cat=0
split_feature=10 8 1 1 9 2 9 9 9 0 4 7 11 10
split_gain=19.4224 20.2768 15.6985 35.2949 22.1871 21.0441 20.9496 15.6815 18.212 17.5892 10.9127 14.9395 14.8318 13.8361
threshold=3.0979813491128101 -0.069598330630864749 0.49098282270872201 0.45405536119628676 0.6355000488820145 0.67680942807258981 0.85340245573462237 0.8118709828478835 0.89658862084329949 0.54920536292579059 0.44091227761109181 1.4373875422700404 2.3876115777213651 2.3409424625961903
decision_type=2 2 2 2 2 2 2 2 2 2 2 10 2 2
left_child=1 7 3 6 5 -4 -3 -1 -9 -10 12 -12 13 -6
right_child=-2 2 4 -5 10 -7 -8 8 9 -11 11 -13 -14 -15
leaf_value=-0.0075881067859499074 -0.0042992677245748852 -0.007377474292766216 0.0012322363324936063 -0.014270885338740689 0.00058650681998282804 0.012696448493462341 0.0043745467223894382 0.0051678474525885601 0.00058345767931724103 -0.010916823689874851 -0.0011373115884398611 0.0060900680077440265 -0.0048712600807711065 0.0033592246826130733
leaf_weight=508 943 210 326 205 7461 255 369 284 279 204 4811 267 373 2065
leaf_count=508 943 210 326 205 7461 255 369 284 279 204 4811 267 373 2065
internal_value=-0.000116267 0.000108796 0.000393486 -0.00373506 0.000602665 0.00632926 8.54854e-05 -0.00352743 -0.000806226 -0.00433589 0.000378476 -0.000751681 0.000958312 0.00118901
internal_weight=18560 17617 16342 784 15558 581 579 1275 767 483 14977 5078 9899 9526
internal_count=18560 17617 16342 784 15558 581 579 1275 767 483 14977 5078 9899 9526
is_linear=0
shrinkage=0.03


Tree=48
num_leaves=15
num_cat=0
split_feature=8 0 10 12 12 12 11 12 10 1 10 14 8 6
split_gain=20.6782 28.3008 27.7813 21.7784 21.7264 21.2507 20.7196 20.3036 28.8503 28.2581 23.9239 14.8983 26.1466 14.8136
threshold=0.066476465311644264 0.64433740207683099 0.95897187445478105 -0.065769128440165567 0.18159032394147581 1.0000000180025095e-35 0.76859912496225702 0.060503108023121595 2.6881298059008123 0.75855575014254273 2.3500596428066172 1.0000000180025095e-35 0.079781207902288528 -0.15467663490369685
decision_type=2 2 2 8 10 10 2 8 2 2 2 2 2 10
left_child=1 2 -1 -3 7 6 -5 -4 9 -9 -11 12 -2 -7
right_child=11 3 4 5 -6 13 -8 8 -10 10 -12 -13 -14 -15
leaf_value=-0.0071735870725613956 0.0073470478611078801 0.0045728547289767075 -8.6289031301413799e-05 -0.014868525106414973 -0.0054764224798176048 0.003010881739423463 -0.0025700062956751845 -0.0031635413149541072 -0.004223597989865404 0.0041055758450928188 0.013045003511034315 0.0063023576016647482 -0.0035398988943133088 -0.0053222750546960363
leaf_weight=465 309 218 11461 327 571 280 200 391 438 1569 323 734 535 588
leaf_count=465 309 218 11461 327 571 280 200 391 438 1569 323 734 535 588
internal_value=-8.61772e-05 -0.000394377 6.68239e-06 -0.00416654 0.000235351 -0.00554372 -0.0102692 0.000467169 0.00279425 0.00414693 0.00566207 0.00319196 0.000465757 -0.00263231
internal_weight=18409 16831 15218 1613 14753 1395 527 14182 2721 2283 1892 1578 844 868
internal_count=18409 16831 15218 1613 14753 1395 527 14182 2721 2283 1892 1578 844 868
is_linear=0
shrinkage=0.03


Tree=49
num_leaves=15
num_cat=0
split_feature=6 0 11 1 1 14 4 4 13 9 8 8 10 7
split_gain=17.2219 31.8948 21.4953 19.5494 22.4506 16.2551 26.8283 22.1581 19.003 18.9533 21.0207 23.7457 23.1641 20.3312
threshold=-0.39827188141660513 0.56564396034888509 0.57085831835144851 1.3817933986542419 0.94185931364938613 1.0000000180025095e-35 0.44091227761109181 0.51439218249826124 6.5000000000000009 0.76650046814050488 -0.061523836487182973 0.055300790455473585 2.2123466878780005 0.85330633408159617
decision_type=10 2 2 2 2 2 2 2 2 2 2 2 2 10
left_child=1 3 -3 4 -1 8 -7 -8 9 10 -2 12 -12 -11
right_child=5 2 -4 -5 -6 6 7 -9 -10 13 11 -13 -14 -15
leaf_value=-0.0026201680545643161 -0.01206592524914365 0.0036021337281000564 0.016929170456088074 -0.0060503115012580828 0.010998281328984111 0.0020997004577027936 -0.0076892415745109972 -0.000374499838539671 -0.0071974166672859156 -0.0011240665277842234 -0.0026713437352087455 -0.011708722969760065 0.0075969664228183256 0.0022539502971089323
leaf_weight=228 223 236 203 305 201 5027 449 2085 424 5223 1057 202 238 2308
leaf_count=228 223 236 203 305 201 5027 449 2085 424 5223 1057 202 238 2308
internal_value=2.95666e-05 0.00353899 0.00988599 -0.000298308 0.0038137 -0.000210225 0.000831625 -0.00168319 -0.00102444 -0.000737778 -0.00357428 -0.00227338 -0.000762234 -8.80086e-05
internal_weight=18409 1173 439 734 429 17236 7561 2534 9675 9251 1720 1497 1295 7531
internal_count=18409 1173 439 734 429 17236 7561 2534 9675 9251 1720 1497 1295 7531
is_linear=0
shrinkage=0.03


Tree=50
num_leaves=15
num_cat=0
split_feature=6 11 8 12 10 9 8 1 8 5 6 7 6 12
split_gain=15.9853 46.0783 32.6509 18.1378 12.4926 15.6651 32.4878 17.2064 12.5148 12.063 21.211 16.6038 20.4155 26.582
threshold=0.81717120702250701 -0.28666596056929244 0.01995680578377158 -0.028566012873863397 2.091444879523674 0.74220341491826403 -0.030877643004005393 1.3624002014697651 -0.078956299075295319 1.6477019081599449 0.029477058061327392 1.4170824277119158 0.12574986811566838 0.035533034772516077
decision_type=8 2 2 8 2 2 2 2 2 2 10 8 10 10
left_child=4 -2 3 -3 8 6 -6 -8 -1 10 -7 -11 13 -13
right_child=1 2 -4 -5 5 9 7 -9 -10 11 -12 12 -14 -15
leaf_value=-0.0053565452667648219 -0.0070267652749070823 0.0097316733411578239 0.015425163790205261 -0.001254565833334377 -0.0050108370490475184 2.2395382367490184e-05 0.013944995257482733 0.0031297355077483436 -0.00064939294406778677 -0.0009009554508669197 0.010699481535773766 0.0017301158236209737 -0.0045346537570499978 0.014380284025622851
leaf_weight=531 279 210 271 362 212 461 274 259 9912 4791 258 425 206 227
leaf_count=531 279 210 271 362 212 461 274 259 9912 4791 258 425 206 227
internal_value=-8.62691e-06 0.00345486 0.00694485 0.00282822 -0.000230898 0.000738457 0.0048394 0.00876748 -0.000891189 0.000255261 0.0039011 -0.000211818 0.00361919 0.00621031
internal_weight=18678 1122 843 572 17556 7113 745 533 10443 6368 719 5649 858 652
internal_count=18678 1122 843 572 17556 7113 745 533 10443 6368 719 5649 858 652
is_linear=0
shrinkage=0.03


Tree=51
num_leaves=15
num_cat=0
split_feature=10 13 13 0 5 12 6 0 12 4 4 11 0 10
split_gain=19.2366 18.2016 23.9731 20.42 18.8711 21.9047 17.099 16.9159 24.39 15.4899 27.0273 14.4275 14.4103 12.8399
threshold=0.91079746894998581 6.5000000000000009 1.5000000000000002 0.55416119930855301 3.9296275016731417 0.18159032394147581 -0.42196190509408821 0.66443585994502552 0.009159873190049574 0.043397733606206114 0.073446935048640569 0.46035861088577201 0.54548710577024939 2.091444879523674
decision_type=2 2 2 2 2 10 8 2 8 2 2 2 2 2
left_child=-1 2 4 -3 5 6 -2 13 11 -4 -11 -9 -7 -8
right_child=1 3 9 -5 -6 12 7 8 -10 10 -12 -13 -14 -15
leaf_value=-0.006028342905560596 0.008341485537125163 -0.0084465186013462576 0.0083719171748258339 0.0011611511336721398 0.0074764625315544416 -0.0019942297514747168 -0.00085102069959551972 -0.014280236177820156 0.001069548894275925 -0.0081949745611059818 0.0022902072611982543 -0.0035586371147013325 -0.012772900034037487 0.001285065958047065
leaf_weight=442 204 439 339 359 274 250 6258 230 397 228 4441 226 200 4247
leaf_count=442 204 439 339 359 274 250 6258 230 397 228 4441 226 200 4247
internal_value=0.000119697 0.000271521 0.000476404 -0.00414395 -0.000236877 -0.00041586 -0.000161703 -0.000318031 -0.00436823 0.00222477 0.00176997 -0.00906269 -0.00687247 1.27648e-05
internal_weight=18534 18092 17294 798 12286 12012 11562 11358 853 5008 4669 456 450 10505
internal_count=18534 18092 17294 798 12286 12012 11562 11358 853 5008 4669 456 450 10505
is_linear=0
shrinkage=0.03


Tree=52
num_leaves=15
num_cat=0
split_feature=0 3 6 12 6 7 1 0 3 6 3 10 6 8
split_gain=19.1812 20.8755 18.1764 20.1115 21.3618 27.2087 22.8761 31.9753 27.9301 23.5949 19.1513 19.0095 18.1979 17.1482
threshold=0.58471639086533689 0.46428571428570387 -0.40952826301369155 -0.011941958984657939 -0.015783734579196903 0.85330633408159617 1.9934882662455884 0.64192475127563708 0.83333333333332982 -0.20658951418937846 0.80851063829788394 2.6381351839301388 -0.22655819402326302 -0.052700534768663841
decision_type=2 2 10 10 10 8 2 2 2 10 2 2 10 2
left_child=-1 -2 -3 11 6 -6 7 9 -8 -5 -11 12 -4 -14
right_child=1 2 3 4 5 -7 8 -9 -10 10 -12 -13 13 -15
leaf_value=0.00048946520680913017 0.0073026031169942333 0.0053011022196436412 -0.010906197362860968 -0.004839522798964188 -0.0015378026435488121 -0.011905324914707586 5.512687092532917e-05 -0.0069655616736660391 0.013692237181427674 0.013147084560599261 0.0015748308810525887 -0.012016524409333963 -0.0099744229917288624 -0.00094416895653038648
leaf_weight=12729 223 289 253 242 1130 281 289 481 249 216 312 272 217 1293
leaf_count=12729 223 289 253 242 1130 281 289 481 249 216 312 272 217 1293
internal_value=-0.000160059 -0.00159786 -0.00196345 -0.00236916 -0.000883679 -0.00363724 0.00129216 -0.000936225 0.00643469 0.00285079 0.00638786 -0.00469717 -0.00353713 -0.00227053
internal_weight=18476 5747 5524 5235 3200 1411 1789 1251 538 770 528 2035 1763 1510
internal_count=18476 5747 5524 5235 3200 1411 1789 1251 538 770 528 2035 1763 1510
is_linear=0
shrinkage=0.03


Tree=53
num_leaves=15
num_cat=0
split_feature=11 6 11 11 5 12 1 9 13 3 3 12 1 8
split_gain=18.5297 16.3686 25.0417 17.9542 16.4479 22.0769 22.6103 21.2872 19.0221 30.7473 29.8585 28.8921 24.2498 24.4488
threshold=-1.180105498059675 1.2359259547926791 1.0159254329510736 -1.0635201948073898 3.3140202153621625 0.11851799406911852 0.77162211518751211 0.90668524979069265 1.0000000180025095e-35 0.45614035087720078 0.53767496292177008 0.073552281985187054 0.8295428017889519 0.03037246172994169
decision_type=2 8 2 2 2 10 2 2 2 2 2 10 2 2
left_child=-1 3 -3 -2 8 6 7 -6 9 -5 -11 12 13 -10
right_child=1 2 -4 4 5 -7 -8 -9 11 10 -12 -13 -14 -15
leaf_value=-0.0029764074901449085 0.0075487073227553294 0.00023091088318707127 0.01156933308991146 0.0060939897437841065 -0.0094651890249493036 -0.0054905462301390404 0.0033609390635571212 0.0016748967846728744 0.0013303363782446013 -0.011989480289679956 -0.0019631025336663138 0.0048850799221312208 -0.0014708628435550562 0.01289836715763578
leaf_weight=1738 279 451 282 398 255 356 3036 377 792 278 4922 1113 4067 203
leaf_count=1738 279 451 282 398 255 356 3036 377 792 278 4922 1113 4067 203
internal_value=-3.20725e-05 0.000273157 0.00464186 7.25811e-05 -6.18059e-05 0.0015928 0.00228682 -0.00285893 -0.000627785 -0.00189351 -0.00251013 0.000520276 -0.000443303 0.00374314
internal_weight=18547 16809 733 16076 15797 4024 3668 632 11773 5598 5200 6175 5062 995
internal_count=18547 16809 733 16076 15797 4024 3668 632 11773 5598 5200 6175 5062 995
is_linear=0
shrinkage=0.03


Tree=54
num_leaves=15
num_cat=0
split_feature=13 13 12 3 9 10 11 4 12 11 1 11 2 11
split_gain=13.0035 14.1058 15.3886 14.6177 15.2199 26.5449 32.0863 27.4632 20.7637 18.693 17.6642 28.27 28.1677 23.1422
threshold=10.500000000000002 1.5000000000000002 0.18159032394147581 0.99343183779119293 0.71503027814129094 1.5756474611517246 0.15089963097512729 0.32349816112811863 -0.099431495902902997 0.41480982833610497 1.5441000530458977 1.1194159396373002 0.59999999999996156 1.222028820725497
decision_type=2 2 10 2 2 2 2 2 10 2 2 2 2 2
left_child=1 2 -1 4 9 6 7 -6 -7 -3 11 12 -10 -12
right_child=-2 3 -4 -5 5 8 -8 -9 10 -11 13 -13 -14 -15
leaf_value=-0.0001712298069965664 -0.0064707416067502311 -0.0084427807536327608 -0.0056144964128134788 0.0073911515934666572 -0.00742832068277865 0.0080051587753254792 0.0098730494410476898 0.0066364175563349446 -0.0070900454958930563 0.002422626595657605 -0.00095057437220384601 -0.0091161584929616429 0.0041359088724713979 0.0058799756139668877
leaf_weight=12249 264 313 481 342 240 285 655 250 308 255 1275 449 558 681
leaf_count=12249 264 313 481 342 240 285 655 250 308 255 1275 449 558 681
internal_value=7.73705e-05 0.000173362 -0.000379026 0.00142582 0.00103198 0.0015932 0.00555527 -0.000257883 0.000311435 -0.00358625 -0.000370108 -0.00305258 0.000125525 0.00143648
internal_weight=18605 18341 12730 5611 5269 4701 1145 490 3556 568 3271 1315 866 1956
internal_count=18605 18341 12730 5611 5269 4701 1145 490 3556 568 3271 1315 866 1956
is_linear=0
shrinkage=0.03


Tree=55
num_leaves=15
num_cat=0
split_feature=11 2 13 13 11 4 12 4 7 1 0 4 5 12
split_gain=15.3355 20.5945 21.5298 22.3586 20.296 19.2262 27.7984 16.1259 20.6129 23.6535 18.0697 26.739 14.6511 16.7915
threshold=0.060874141162190913 0.65957446808511577 5.5000000000000009 2.5000000000000004 0.24316176941330489 0.93722903618961062 0.009159873190049574 0.094650965021696412 0.075569483486221292 0.61785160742984069 0.62960657619331106 0.53096260726106081 1.7211219152298343 0.094514954810814469
decision_type=2 2 2 2 2 2 10 2 10 2 2 2 2 10
left_child=5 2 3 12 -3 -1 -7 -6 9 -9 11 -11 -2 -14
right_child=1 4 -4 -5 7 6 -8 8 -10 10 -12 -13 13 -15
leaf_value=-0.00092616801369882907 0.0068005434597978856 0.0049468371935952925 -0.006819300022924738 0.0064746098757147569 -0.0063221012274320212 -0.015244082951209914 -0.00057610891531896947 -0.0047423543771699678 -0.0023195159448368939 0.011935497322938885 -0.0029668023489730459 0.00010815101742657231 0.0013956952423883086 -0.0035839210342262584
leaf_weight=5971 384 463 266 808 568 208 257 314 2923 410 208 294 4904 691
leaf_count=5971 384 463 266 808 568 208 257 314 2923 410 208 294 4904 691
internal_value=-0.000202023 0.000421649 0.0014761 0.001806 -0.00101411 -0.00138685 -0.00722964 -0.00160383 -0.000951063 0.00230774 0.0047477 0.00703183 0.0011702 0.000778046
internal_weight=18669 12233 7053 6787 5180 6436 465 4717 4149 1226 912 704 5979 5595
internal_count=18669 12233 7053 6787 5180 6436 465 4717 4149 1226 912 704 5979 5595
is_linear=0
shrinkage=0.03


Tree=56
num_leaves=15
num_cat=0
split_feature=8 13 0 1 12 10 13 12 10 3 3 12 14 10
split_gain=34.1176 14.7139 33.3518 13.6149 15.804 15.0562 12.9523 18.1006 33.7913 29.1795 21.6863 18.7559 14.9389 14.0093
threshold=-0.069598330630864749 6.5000000000000009 0.55416119930855301 2.2474729462120249 -0.011941958984657939 1.6778021220213761 2.5000000000000004 0.070086278188898024 1.7893626166369967 0.66666666666666763 0.82352941176472727 0.0072878998049135122 1.0000000180025095e-35 2.0758887588031705
decision_type=2 2 2 2 8 2 2 8 2 2 2 10 2 2
left_child=3 6 -3 4 -1 -6 13 9 -9 11 12 -8 -11 -2
right_child=1 2 -4 -5 5 -7 7 8 -10 10 -12 -13 -14 -15
leaf_value=-0.010106830566874123 -0.00081738924901545373 -0.0097353791869029156 0.0029061104557383537 0.0015801185078737211 -0.0089779610688036134 0.00099804513249546287 0.012005425439718621 0.016239524675558691 0.001145553040000634 -0.001739376038116844 0.0016383293560790272 0.00025720173971993584 -0.011466390815648165 0.0011319817684388122
leaf_weight=507 8184 404 344 241 215 355 299 214 344 375 1068 205 226 5573
leaf_count=507 8184 404 344 241 215 355 299 214 344 375 1068 205 226 5573
internal_value=-0.000196166 0.000160153 -0.00394095 -0.00483888 -0.00627593 -0.00281018 0.000347344 0.00223251 0.00702709 0.000988012 -0.000926984 0.00727635 -0.00546155 -2.75691e-05
internal_weight=18554 17236 748 1318 1077 570 16488 2731 558 2173 1669 504 601 13757
internal_count=18554 17236 748 1318 1077 570 16488 2731 558 2173 1669 504 601 13757
is_linear=0
shrinkage=0.03


Tree=57
num_leaves=15
num_cat=0
split_feature=12 2 11 6 3 0 8 3 0 6 4 8 6 12
split_gain=12.6969 28.5442 23.5246 26.1468 43.6765 28.8248 26.4622 30.3797 37.2895 24.6075 20.2725 27.651 19.6672 19.0091
threshold=-0.010633883427756783 0.84210526315791467 0.49972604493659528 -0.075526055127484545 0.63636363636362636 0.52617304459576775 -0.056838164620457828 0.7058823529411683 0.50369766419276785 -0.2483257844660853 0.41094187438054847 -0.03454678156334897 -0.12500987300325986 0.082355127490546867
decision_type=8 2 2 10 2 2 2 2 2 10 2 2 8 10
left_child=10 2 9 4 5 -4 -5 -8 -9 -2 11 -1 -3 -6
right_child=1 12 3 6 13 -7 7 8 -10 -11 -12 -13 -14 -15
leaf_value=-0.0037351723223533889 -0.0071047929165546182 0.0088819175085189644 0.0025735559416699494 -0.010889267254603135 0.0029629156956191053 0.015346227364181101 -0.0036593727119327559 0.011591217060687772 0.00038862308822662869 -0.00077768969983187824 -0.0031943197043104304 0.0013947261657160724 0.0019899339535415072 -0.0042816366326379855
leaf_weight=1263 655 526 272 206 1193 386 1102 337 1228 3430 2555 3715 1264 443
leaf_count=1263 655 526 272 206 1193 386 1102 337 1228 3430 2555 3715 1264 443
internal_value=-7.56093e-05 0.000572142 -9.94999e-05 0.00124506 0.00362969 0.0101256 -0.000661985 0.000146872 0.00283017 -0.00179964 -0.00102484 9.07451e-05 0.00403428 0.00099415
internal_weight=18575 11042 9252 5167 2294 658 2873 2667 1565 4085 7533 4978 1790 1636
internal_count=18575 11042 9252 5167 2294 658 2873 2667 1565 4085 7533 4978 1790 1636
is_linear=0
shrinkage=0.03


Tree=58
num_leaves=15
num_cat=0
split_feature=11 10 2 5 6 8 9 2 11 6 3 3 0 10
split_gain=18.5434 21.7033 25.0568 15.2894 13.2363 12.4852 28.0009 18.6976 15.9151 22.8223 21.2923 19.9449 15.3153 19.3751
threshold=-1.5790414396679389 2.0223476906412947 0.80769230769231226 3.9568297949968456 -0.0087487553984368343 -0.035879086721490532 0.69264208705846164 0.62500000000008693 -0.044025776428841958 0.10634951780246583 0.91666666666667196 0.81818181818184688 0.54483995390215945 1.7573708091877287
decision_type=2 2 2 2 10 2 2 2 2 10 2 2 2 2
left_child=1 -1 4 5 -3 6 -2 12 -9 10 11 -10 13 -8
right_child=3 2 -4 -5 -6 -7 7 8 9 -11 -12 -13 -14 -15
leaf_value=-0.012060551405340045 -0.0097064488698568579 -0.0092414685586990324 0.0058923227184299216 0.0080191158605236058 0.00050034459082866616 0.0005046859065278936 -0.011073580059374487 0.004983114897515916 -0.0060739069086617054 0.0058651930396445093 -0.009974128554009476 0.0070496048970739422 0.00089380008459975606 -0.0021223382839914598
leaf_weight=226 333 312 263 217 207 13733 339 698 201 307 293 206 551 601
leaf_count=226 333 312 263 217 207 13733 339 698 201 307 293 206 551 601
internal_value=-3.23898e-05 -0.0039786 -0.00158111 0.000196257 -0.00538831 9.56229e-05 -0.0014947 -0.000625265 0.00151873 -0.000895364 -0.00388092 0.000573402 -0.00307386 -0.00539201
internal_weight=18487 1008 782 17479 519 17262 3529 3196 1705 1007 700 407 1491 940
internal_count=18487 1008 782 17479 519 17262 3529 3196 1705 1007 700 407 1491 940
is_linear=0
shrinkage=0.03


Tree=59
num_leaves=15
num_cat=0
split_feature=1 9 8 13 9 13 1 8 12 1 3 1 4 3
split_gain=16.3426 34.4547 26.9915 13.8605 24.141 31.4362 22.312 13.0272 17.8062 20.2655 20.4251 19.895 13.6023 15.4746
threshold=0.52890053952225136 0.80836372552307523 -0.013757363520087378 6.5000000000000009 1.0839877238799431 8.5000000000000018 8.0831787243793194 -0.0076155107441350581 -0.15351059648967866 0.57861275081351249 0.35252692626345483 1.3715781658467991 0.31684398980105982 0.87931034482759207
decision_type=2 2 2 2 2 2 2 2 10 2 2 2 2 2
left_child=1 -1 -3 6 5 -5 7 -2 11 -10 -11 -9 -12 -14
right_child=3 2 -4 4 -6 -7 -8 8 9 10 12 -13 13 -15
leaf_value=-0.011935390637486011 -0.00059220472595455649 0.0057876744629844785 -0.0048820433043399629 -0.0069648448461996108 -0.012110962622040925 0.0068031404241400313 0.010083931189455298 0.012196477110253963 0.0099823479335052218 -0.0074528704624284396 0.0020090487897619588 0.00010934955984741062 0.0009775828307180324 -0.0028721494671079969
leaf_weight=303 6887 373 485 306 210 282 212 263 207 270 4412 226 2639 1453
leaf_count=303 6887 373 485 306 210 282 212 263 207 270 4412 226 2639 1453
internal_value=0.000110101 -0.0033281 -0.000236918 0.000340839 -0.00350862 -0.000360144 0.00052724 0.000400334 0.00112208 0.000816584 0.000594779 0.00666785 0.000854519 -0.000391229
internal_weight=18528 1161 858 17367 798 588 16569 16357 9470 8981 8774 489 8504 4092
internal_count=18528 1161 858 17367 798 588 16569 16357 9470 8981 8774 489 8504 4092
is_linear=0
shrinkage=0.03


Tree=60
num_leaves=15
num_cat=0
split_feature=8 1 5 12 6 12 4 5 6 14 9 5 8 3
split_gain=20.4662 30.6176 23.4028 18.7384 18.1825 18.0366 17.3553 16.705 22.0627 15.4496 24.6506 18.3758 27.5058 25.2153
threshold=-0.024092275191183461 2.7200553216325649 2.6775439427640975 -0.019550418369781549 -0.42196190509408821 -0.0030111001060473259 0.034627057621772532 2.9536530420626153 -0.10648668904430807 1.0000000180025095e-35 1.2699414361485888 3.3814451304065876 0.091967072107331113 0.65454545454545421
decision_type=2 2 2 10 10 10 2 2 8 2 2 2 2 2
left_child=1 3 -3 7 5 -2 -5 -1 -9 11 -11 12 13 -6
right_child=4 2 -4 6 9 -7 -8 8 -10 10 -12 -13 -14 -15
leaf_value=-0.0063841078481100301 0.010354389815263043 0.0096540371024900155 -0.00094891078566963023 -0.0084549028009112299 0.0030267525746137929 0.00080374490449557437 0.00011578380979007514 -0.0071583369425074614 0.0041080073394550711 0.0013218236191097333 0.011358799892275229 0.0025267065149650603 -0.011309482501498583 -0.0019035030530863684
leaf_weight=1340 344 363 380 228 1214 365 2432 259 379 5261 225 1518 227 3985
leaf_count=1340 344 363 380 228 1214 365 2432 259 379 5261 225 1518 227 3985
internal_value=0.000183746 -0.00137383 0.00426117 -0.00228016 0.000821921 0.00547769 -0.000633331 -0.00448762 -0.000485733 0.000554263 0.00174344 -0.00038581 -0.0012022 -0.000750455
internal_weight=18520 5381 743 4638 13139 709 2660 1978 638 12430 5486 6944 5426 5199
internal_count=18520 5381 743 4638 13139 709 2660 1978 638 12430 5486 6944 5426 5199
is_linear=0
shrinkage=0.03


Tree=61
num_leaves=15
num_cat=0
split_feature=11 13 4 11 10 7 13 3 6 12 3 12 2 6
split_gain=15.2079 10.5684 24.1602 15.5462 46.4485 21.4662 23.3106 20.668 20.8544 22.6185 19.5362 19.2164 17.7867 15.1214
threshold=-1.9541168962442785 1.5000000000000002 0.024965889426799479 0.3737778092509651 1.5756474611517246 0.068203305524038818 6.5000000000000009 0.9142857142857147 -0.081828883564342966 0.019073910584622492 0.9523809523809188 -0.010055848643872876 0.90187324929971224 -0.23254653483730212
decision_type=2 2 2 2 2 10 2 2 8 10 2 10 2 10
left_child=-1 -2 -3 10 -5 -6 7 8 11 -10 13 -7 -12 -4
right_child=1 2 3 4 5 6 -8 -9 9 -11 12 -13 -14 -15
leaf_value=-0.0046169939068278166 -0.0001365564708735738 0.011244900289940119 -0.0069274857930984313 0.0094830282015683949 0.0076478696695887116 -0.00097957974445709987 -0.0095417410127739306 -0.006455364530269481 0.003451659950158835 -0.0061982681185802071 0.010565318476815685 0.010205421033706374 -0.0013261273544128626 -0.0006214700999742981
leaf_weight=566 12356 212 431 660 320 212 230 311 473 398 233 388 214 1597
leaf_count=566 12356 212 431 660 320 212 230 311 473 398 233 388 214 1597
internal_value=0.000203361 0.000355878 0.00142646 0.00103579 0.00248906 0.000493584 -0.000660412 0.000509378 0.00199875 -0.000968046 -0.000722522 0.00627795 0.00492063 -0.0019754
internal_weight=18601 18035 5679 5467 2992 2332 2012 1782 1471 871 2475 600 447 2028
internal_count=18601 18035 5679 5467 2992 2332 2012 1782 1471 871 2475 600 447 2028
is_linear=0
shrinkage=0.03


Tree=62
num_leaves=15
num_cat=0
split_feature=6 0 13 8 11 0 10 4 4 4 3 11 4 3
split_gain=15.9259 25.6078 23.1815 22.9865 18.0301 15.8301 20.3568 15.0683 18.403 18.4744 16.6236 31.1436 36.2667 28.0714
threshold=-0.39827188141660513 0.56564396034888509 10.500000000000002 0.0096033202957214441 0.6605168354665002 0.62960657619331106 0.95897187445478105 0.012710307232018424 0.094650965021696412 0.12322541892454447 0.94999999999998497 1.5739778751516 0.4454026975566035 0.92708333333333492
decision_type=10 2 2 2 2 2 2 2 2 2 2 2 2 2
left_child=1 3 5 -1 -3 6 -2 -8 -9 -10 13 12 -12 -11
right_child=2 4 -4 -5 -6 -7 7 8 9 10 11 -13 -14 -15
leaf_value=0.0034238149063552125 -0.0061045653035243352 0.0032947616174351423 -0.009147801190106707 -0.0077722527306587968 0.015293773452086108 -0.0024441132769452336 0.0059000209998987668 -0.0020769509743084648 0.0052063125965470169 0.00034761958053604357 0.0095699183078265526 -0.0051669703488322815 -0.00023786576135021649 -0.0061848765935567807
leaf_weight=505 445 251 259 239 205 2405 426 2585 767 8213 741 325 622 633
leaf_count=505 445 251 259 239 205 2405 426 2585 767 8213 741 325 622 633
internal_value=-9.49714e-05 0.00324055 -0.000325594 -0.000200646 0.00879642 -0.000189828 0.000178264 0.000375678 0.000204137 0.000726603 0.000398112 0.00312163 0.00510966 -0.000123061
internal_weight=18621 1200 17421 744 456 17162 14757 14312 13886 11301 10534 1688 1363 8846
internal_count=18621 1200 17421 744 456 17162 14757 14312 13886 11301 10534 1688 1363 8846
is_linear=0
shrinkage=0.03


Tree=63
num_leaves=15
num_cat=0
split_feature=13 10 9 0 10 9 1 7 9 5 6 10 2 3
split_gain=16.9381 16.9261 17.9156 19.0718 18.3222 18.135 18.8955 29.1004 27.1864 19.092 19.3801 17.5836 16.0473 15.335
threshold=10.500000000000002 2.091444879523674 0.7376940047465721 0.45151891572220665 2.0091575085047686 0.72354074643594279 1.3262797764867853 0.97618520533613606 0.6415519081794655 2.6142279397666002 -0.044841163760784335 0.91079746894998581 0.49999999999999928 0.62264150943396179
decision_type=2 2 2 2 2 2 2 10 2 2 10 2 2 2
left_child=1 2 5 -4 11 6 8 -8 -1 10 -10 -5 -6 -3
right_child=-2 13 3 4 12 -7 7 -9 9 -11 -12 -13 -14 -15
leaf_value=0.0081825526163076898 -0.0076037742375114625 -0.001613538891878253 0.0055161938979378282 -0.0073447242524434511 -0.012076371421409975 -0.009552022863132453 -0.0091919355047615902 0.0028109127609059212 -0.004822763939138869 -0.01008535292998388 0.006457732661152786 0.00035665260596432212 -0.0020366156705636149 0.00192095101708081
leaf_weight=309 253 1355 525 272 200 322 552 267 279 202 260 7253 485 5900
leaf_count=309 253 1355 525 272 200 322 552 267 279 202 260 7253 485 5900
internal_value=2.90442e-05 0.000137321 -0.000608497 4.66927e-07 -0.000355387 -0.00303077 -0.00188477 -0.00528561 0.000780367 -0.00234053 0.000628004 7.35851e-05 -0.0050342 0.00126017
internal_weight=18434 18181 10926 8735 8210 2191 1869 819 1050 741 539 7525 685 7255
internal_count=18434 18181 10926 8735 8210 2191 1869 819 1050 741 539 7525 685 7255
is_linear=0
shrinkage=0.03


Tree=64
num_leaves=15
num_cat=0
split_feature=13 8 5 12 11 7 10 10 4 6 7 8 12 12
split_gain=14.5233 13.8629 17.9983 20.0683 22.1031 17.7483 12.0147 22.2135 20.0009 19.6812 18.2462 17.6699 17.8143 19.5309
threshold=10.500000000000002 -0.06810634507609746 1.5852294279518162 0.0020807420814077386 0.2175868212838884 0.27124013425245125 2.3173454797024617 2.5662693755576238 0.075565941981407647 0.24096813558774136 0.24602871801008863 -0.037927721108900948 -0.079121196969591009 -0.016667726495866338
decision_type=2 2 2 10 2 10 2 2 2 10 10 2 10 10
left_child=1 2 -1 5 -5 -4 -3 8 -8 10 -9 -12 -13 -14
right_child=-2 6 3 4 -6 -7 7 9 -10 -11 11 12 13 -15
leaf_value=0.0042674230866962008 -0.0068906194337813005 -7.1617400289386207e-05 -0.014705713971146287 0.0076076728190694531 -0.0052975908664159395 -0.0041203187481104898 -0.0033388120887684635 0.0056959972694368421 0.0057726520978528028 -0.0052857014289439987 -0.0080461201610925962 0.0084621688351035115 -0.0061156087521425815 0.0016440995010925817
leaf_weight=265 259 12092 218 205 272 412 251 619 1464 493 223 233 389 1122
leaf_count=265 259 12092 218 205 272 412 251 619 1464 493 223 233 389 1122
internal_value=9.55351e-05 0.000196497 -0.00269801 -0.00437713 0.00027008 -0.00787015 0.000432407 0.00170247 0.00443331 0.000176671 0.00122622 -0.000191262 0.000833246 -0.000367183
internal_weight=18517 18258 1372 1107 477 630 16886 4794 1715 3079 2586 1967 1744 1511
internal_count=18517 18258 1372 1107 477 630 16886 4794 1715 3079 2586 1967 1744 1511
is_linear=0
shrinkage=0.03


Tree=65
num_leaves=15
num_cat=0
split_feature=3 2 3 11 4 4 7 7 3 10 5 4 4 3
split_gain=17.6718 30.6428 23.3616 22.9678 23.8821 19.7816 19.0737 17.6392 24.9035 22.5073 18.0533 17.3419 16.8406 14.9983
threshold=0.96000000000000629 0.5303030303030235 0.9142857142857147 1.5891713571490167 0.90538359644624833 0.15473100424719652 0.20422355222448277 0.32065636759051502 0.90379473467706728 0.91079746894998581 3.1916039041082613 0.4877467669268773 0.71983339948764902 0.97674418604651858
decision_type=2 2 2 2 2 2 10 10 2 2 2 2 2 2
left_child=2 -2 6 4 5 -3 -1 10 9 -9 -8 13 -4 -7
right_child=1 3 12 -5 -6 11 7 8 -10 -11 -12 -13 -14 -15
leaf_value=-0.0022175603906031357 -0.0068738491487939177 0.00093339473554461267 -0.0018754475056909695 -0.0038212872844154912 -0.0047107623325926915 0.017830216752631325 0.0071203669901559793 -0.0098219626342378012 0.0092164843644508537 0.00022268709421680225 -0.0021631183186386614 0.0032823580314575787 -0.0082176907048668972 0.008154558248719886
leaf_weight=2624 282 480 1878 319 205 205 676 200 267 9722 258 421 468 527
leaf_count=2624 282 480 1878 319 205 205 676 200 267 9722 258 421 468 527
internal_value=-3.10446e-05 0.00234591 -0.000391904 0.00356438 0.00485312 0.00606444 8.06837e-05 0.00062361 0.000260885 1.53697e-05 0.00455811 0.00818727 -0.00315544 0.0109669
internal_weight=18532 2439 16093 2157 1838 1633 13747 11123 10189 9922 934 1153 2346 732
internal_count=18532 2439 16093 2157 1838 1633 13747 11123 10189 9922 934 1153 2346 732
is_linear=0
shrinkage=0.03


Tree=66
num_leaves=15
num_cat=0
split_feature=10 10 8 12 3 11 2 0 4 10 11 5 0 11
split_gain=20.9937 16.1682 22.6776 20.8835 16.871 11.4039 21.8632 13.9425 19.36 21.1288 21.2887 26.436 16.4176 20.086
threshold=0.91079746894998581 1.158980132141415 -0.041493552942051183 -0.030961351311922011 0.82258064516128382 -0.18870396239291967 0.33521140172677616 0.62684623708618104 0.93722903618961062 1.6630736068014611 -1.0334100137604039 1.95530372813092 0.51354234870323523 -1.0914325525121591
decision_type=2 2 2 8 2 2 2 2 2 2 2 2 2 2
left_child=-1 2 -2 -4 -5 6 -3 8 9 10 -8 -12 -11 -14
right_child=1 5 3 4 -6 -7 7 -9 -10 12 11 -13 13 -15
leaf_value=-0.0065277866078226748 -0.005483249401023506 -0.0082789537829480002 -0.0013271203061509689 0.012662306471519972 0.003209930288160706 0.00031315187282809302 0.0042344968799154763 -0.0045488138505888559 -0.0076487251008030312 -0.0018618674172572627 -0.012424561065225936 -0.00038640982447526388 0.0003922084010216992 0.0068917461703173243
leaf_weight=440 207 380 294 358 328 12163 242 739 272 676 308 346 855 853
leaf_count=440 207 380 294 358 328 12163 242 739 272 676 308 346 855 853
internal_value=-9.07013e-05 6.82334e-05 0.00344469 0.00534875 0.00819873 -0.000170799 -0.00142997 -0.000814508 -3.22766e-05 0.000610012 -0.00330588 -0.00610701 0.00208559 0.00364881
internal_weight=18461 18021 1187 980 686 16834 4671 4291 3552 3280 896 654 2384 1708
internal_count=18461 18021 1187 980 686 16834 4671 4291 3552 3280 896 654 2384 1708
is_linear=0
shrinkage=0.03


Tree=67
num_leaves=15
num_cat=0
split_feature=8 2 9 7 13 0 11 7 7 11 3 4 12 9
split_gain=19.533 22.1373 21.7798 16.6768 15.3919 21.438 14.8078 12.2148 19.8575 15.3823 20.1289 38.0465 30.7249 18.6683
threshold=-0.050817116396373464 0.4424778761061951 0.6894884344182145 0.83891720455750995 6.5000000000000009 0.55416119930855301 1.2932731715845101 0.64740820842597002 0.55796711265205723 1.529408885987886 0.94717236102627222 0.71115537977029586 0.046665205200344458 0.78247759401006034
decision_type=2 2 2 10 2 2 2 10 10 2 2 2 10 2
left_child=1 -1 -3 6 7 -6 -4 8 9 10 13 12 -12 -2
right_child=4 2 3 -5 5 -7 -8 -9 -10 -11 11 -13 -14 -15
leaf_value=-0.0082816814398393029 0.003108624609631168 -0.0099959382522699525 -1.8052797165216395e-05 0.0066169195365199636 -0.0085101209158575768 0.0018339248727041683 -0.0082804887597651578 0.001504163877688263 -0.0044016809594421853 -0.0027660056779897505 0.0031853969905812005 -0.0063035430934024628 0.013624290921671499 -0.0012029713851694991
leaf_weight=475 1216 216 1291 282 399 323 225 6867 899 1223 970 272 341 3474
leaf_count=475 1216 216 1291 282 399 323 225 6867 899 1223 970 272 341 3474
internal_value=-2.1902e-05 -0.00249124 -0.00110845 -1.60027e-05 0.000363278 -0.00390174 -0.00126753 0.000566255 -0.00020138 0.000304962 0.000905412 0.00382474 0.00594207 -8.2962e-05
internal_weight=18473 2489 2014 1798 15984 722 1516 15262 8395 7496 6273 1583 1311 4690
internal_count=18473 2489 2014 1798 15984 722 1516 15262 8395 7496 6273 1583 1311 4690
is_linear=0
shrinkage=0.03


Tree=68
num_leaves=15
num_cat=0
split_feature=11 11 12 10 11 11 1 6 9 10 11 3 12 9
split_gain=20.1122 15.7583 34.3151 12.7408 10.8629 20.0082 19.1068 43.2018 19.4558 18.9908 17.0975 15.468 49.8971 22.0239
threshold=-1.9541168962442785 -1.4857738531344213 -0.022733441516199545 2.5336069823006153 1.4036363665441975 1.1439439946841565 1.9799642321885476 -0.079544027569168882 0.99791809435322854 3.0711268671892955 1.8632660629875444 0.95555555555556082 -0.0067048820585665627 0.97555624585824485
decision_type=2 2 8 2 2 2 2 10 2 2 2 2 10 2
left_child=3 2 -2 -1 5 9 -6 8 -8 11 -9 -3 -13 -14
right_child=1 4 -4 -5 6 -7 7 10 -10 -11 -12 12 13 -15
leaf_value=-0.010898559311357867 0.014257442063201066 -0.00030491052981459593 -0.00075056712599853935 -0.0018937057324995596 -0.0027009840943582508 0.0037925679200667551 0.00363502668994552 -0.0076007257772974131 0.015081826565142774 -0.0072421110015129667 0.00079942318605555395 -0.0028261196907538515 0.010269146463074742 0.00011478698783001483
leaf_weight=233 216 9509 360 355 3028 1370 377 368 206 315 523 780 676 268
leaf_count=233 216 9509 360 355 3028 1370 377 368 206 315 523 780 676 268
internal_value=-8.77056e-05 9.13967e-05 0.0049517 -0.00552376 -7.06862e-05 0.000371625 -0.00133885 0.00145901 0.00777355 -3.56853e-05 -0.00269305 0.000169532 0.00277971 0.00740213
internal_weight=18584 17996 576 588 17420 12918 4502 1474 583 11548 891 11233 1724 944
internal_count=18584 17996 576 588 17420 12918 4502 1474 583 11548 891 11233 1724 944
is_linear=0
shrinkage=0.03


Tree=69
num_leaves=15
num_cat=0
split_feature=5 11 0 10 0 13 10 10 6 8 11 11 0 6
split_gain=19.6936 20.025 19.0641 18.9581 18.2255 23.6102 19.198 17.5733 22.9985 22.2366 19.6304 16.5787 15.726 15.5248
threshold=3.3713977549380538 2.4189513173767474 0.67994608987934801 0.91079746894998581 0.56856556048472917 1.5000000000000002 2.1820174131488659 2.5159949134546395 0.17646201712507839 -0.0080921722009236682 -1.875750716081005 -1.4466563873298133 0.54859905432432809 -0.077830707437850574
decision_type=2 2 2 2 2 2 2 2 10 2 2 2 2 10
left_child=2 4 3 -1 12 6 13 10 9 11 -5 -9 -2 -6
right_child=1 -3 -4 7 5 -7 -8 8 -10 -11 -12 -13 -14 -15
leaf_value=-0.0072494185876846307 0.0020961833745937533 -0.0032114793724966196 -0.0056885788581072742 -0.0084338306114077558 0.0042119685410756938 0.011025378422237166 0.0069367312210881875 0.00063107170275972528 -0.0090683374493201307 0.0019702625046388706 0.00023804118598351944 -0.0083407384787382022 -0.0043476336616512434 -0.0067043635338688125
leaf_weight=370 1533 658 690 235 209 423 435 296 431 873 11125 488 433 255
leaf_count=370 1533 658 690 235 209 423 435 296 431 873 11125 488 433 255
internal_value=-0.000329002 0.0015489 -0.000840126 -0.000596049 0.00250499 0.00522174 0.00244512 -0.000410366 -0.00293642 -0.00131898 5.5018e-05 -0.00497089 0.000669542 -0.00179483
internal_weight=18454 3946 14508 13818 3288 1322 899 13448 2088 1657 11360 784 1966 464
internal_count=18454 3946 14508 13818 3288 1322 899 13448 2088 1657 11360 784 1966 464
is_linear=0
shrinkage=0.03


Tree=70
num_leaves=15
num_cat=0
split_feature=8 7 9 5 12 12 11 5 9 0 0 2 9 9
split_gain=14.1547 20.9404 13.8593 21.8781 12.2285 13.7563 11.1923 21.6862 18.0663 21.1106 19.6826 27.037 14.9492 30.3452
threshold=-0.06810634507609746 0.075569483486221292 0.7808193146549024 2.1031764386730134 0.18159032394147581 0.16792382987109225 1.5739778751516 3.32407594814832 0.92425917168642324 0.52676193995188247 0.59713393527613001 0.69250740061435478 1.0654398922008081 1.1753811635740268
decision_type=2 10 2 2 10 8 2 2 2 2 2 2 2 2
left_child=1 -1 -3 -4 5 6 7 12 9 -9 11 -10 -2 -14
right_child=4 2 3 -5 -6 -7 -8 8 10 -11 -12 -13 13 -15
leaf_value=-0.009004012933693642 0.00074451248114163122 -0.0058440862094687514 0.0099278293448744458 -0.0015730790575606173 -0.0037835544765519257 0.0077741108906009913 -0.0011879948705324083 0.0079658915662333702 0.0086890166873986614 -0.0019285842511004997 0.014168601215473914 -0.0022657451039914778 -0.0061125756040363022 0.001625754181712037
leaf_weight=358 9120 316 201 533 621 225 3250 259 485 728 223 343 904 912
leaf_count=358 9120 316 201 533 621 225 3250 259 485 728 223 343 904 912
internal_value=9.32808e-05 -0.00279235 -0.000641834 0.00162221 0.000332047 0.000488526 0.000385123 0.000779496 0.0036167 0.000694902 0.0063443 0.00416463 0.000249352 -0.00223257
internal_weight=18478 1408 1050 734 17070 16449 16224 12974 2038 987 1051 828 10936 1816
internal_count=18478 1408 1050 734 17070 16449 16224 12974 2038 987 1051 828 10936 1816
is_linear=0
shrinkage=0.03


Tree=71
num_leaves=15
num_cat=0
split_feature=1 7 7 1 1 12 8 6 4 9 9 8 7 0
split_gain=16.3486 25.0205 15.5974 12.6701 12.9378 12.6207 9.98096 26.2685 38.1429 26.4341 22.3752 22.1634 21.3758 21.1433
threshold=0.49098282270872201 0.35930525917510309 -0.1750445495631337 4.6358004252093039 5.6289146404091239 0.013168952100684252 -0.024092275191183461 -0.028976305440872093 0.2814793840450836 0.89966133301077456 0.99052173709998403 -0.054605076450560251 0.60110605581101684 0.61202568457269146
decision_type=2 10 8 2 2 10 2 10 2 2 2 2 10 2
left_child=1 2 -1 6 -5 -6 7 10 -9 12 11 13 -10 -2
right_child=3 -3 -4 4 5 -7 -8 8 9 -11 -12 -13 -14 -15
leaf_value=-0.0029128519387931124 0.0018597170156764589 0.0044030628680534981 -0.012346244858733068 -0.007630354647205846 0.0040456313149509378 -0.0042096712373003555 0.0007455916085881678 -0.0020759870345592496 0.0055501424778252838 0.00011210344596682781 0.0018687232015683012 -0.007367419892278522 0.017495358127270828 -0.0091640554089099172
leaf_weight=358 629 225 283 366 289 380 11848 1245 395 443 647 1092 206 203
leaf_count=358 629 225 283 366 289 380 11848 1245 395 443 647 1092 206 203
internal_value=-0.00012082 -0.00413362 -0.007141 7.61454e-05 -0.0031367 -0.000639923 0.000276048 -0.000868222 0.00146766 0.00568332 -0.00294671 -0.00456668 0.00975508 -0.000868653
internal_weight=18609 866 641 17743 1035 669 16708 4860 2289 1044 2571 1924 601 832
internal_count=18609 866 641 17743 1035 669 16708 4860 2289 1044 2571 1924 601 832
is_linear=0
shrinkage=0.03


Tree=72
num_leaves=15
num_cat=0
split_feature=1 2 12 12 6 6 14 13 2 11 10 8 4 6
split_gain=12.848 17.0115 29.2228 21.3731 18.0396 16.3647 17.1614 16.8974 14.1246 15.8429 12.4152 29.5767 20.0583 19.7224
threshold=0.61785160742984069 0.66331952311988085 -0.019550418369781549 0.021304571073872739 -0.033173289826855239 -0.39827188141660513 1.0000000180025095e-35 10.500000000000002 0.73126303964050143 0.57085831835144851 1.158980132141415 0.020479956124913313 0.46368557158618767 -0.12745623615090132
decision_type=2 2 10 10 8 8 2 2 2 2 2 2 2 10
left_child=1 2 4 -4 -1 6 -2 10 -3 -10 11 12 13 -7
right_child=5 8 3 -5 -6 7 -8 -9 9 -11 -12 -13 -14 -15
leaf_value=-0.010712860206950387 0.010435779207882565 -0.011475227214843033 0.010231299752357021 -0.00057627787873629601 0.00044512176821971759 0.0097879422390008269 -0.00042634211875954448 -0.00754860783368349 0.00086750777389136657 -0.0090620084400982303 -1.3935014084242346e-05 0.009844833380801785 -0.0068082502649279095 -0.0011618374824824201
leaf_weight=260 282 245 293 367 256 232 240 250 374 230 14563 394 266 392
leaf_count=260 282 245 293 367 256 232 240 250 374 230 14563 394 266 392
internal_value=7.85498e-06 -0.00224521 9.46831e-05 0.00426248 -0.00522597 0.00028298 0.00548504 0.000112635 -0.00546791 -0.00295696 0.00023584 0.00305783 1.50358e-05 0.00295468
internal_weight=18644 2025 1176 660 516 16619 522 16097 849 604 15847 1284 890 624
internal_count=18644 2025 1176 660 516 16619 522 16097 849 604 15847 1284 890 624
is_linear=0
shrinkage=0.03


Tree=73
num_leaves=15
num_cat=0
split_feature=9 13 6 13 12 3 0 1 4 0 6 6 6 3
split_gain=15.2769 20.4345 18.2223 14.7302 17.8583 21.2336 36.4912 26.9257 26.9147 24.5968 21.252 21.7025 20.6342 19.1066
threshold=0.58461768794671698 6.5000000000000009 0.029477058061327392 1.5000000000000002 0.14972008013698909 0.93333333333334056 0.59713393527613001 2.0270448702756512 0.47824361691303785 0.54196331480216531 -0.02700999497554479 -0.20658951418937846 -0.11670822546741892 0.66666666666666763
decision_type=2 2 10 2 8 2 2 2 2 2 10 8 8 2
left_child=-1 3 -3 -2 5 6 8 9 13 -7 11 -10 -8 -5
right_child=1 2 -4 4 -6 7 12 -9 10 -11 -12 -13 -14 -15
leaf_value=-0.0075827762951410881 -0.00019011506169020964 -0.0071681844006709367 0.0030575019257930844 0.0038256352181154762 0.0092392997331917272 0.00089048385203301496 0.00097535540856488929 -0.0042763590723561328 0.001601989055183572 0.012122529695747765 0.0008814363150346663 0.013644012408760878 -0.0085197795198403582 -0.0024654579609723649
leaf_weight=228 12470 596 209 668 265 281 324 204 208 466 460 385 556 1221
leaf_count=228 12470 596 209 668 265 281 324 204 208 466 460 385 556 1221
internal_value=5.06066e-05 0.000147687 -0.00451083 0.000363108 0.00173127 0.00130519 0.000304561 0.00530401 0.00190847 0.00793137 0.00573937 0.00946888 -0.00503808 -0.000236536
internal_weight=18541 18313 805 17508 5038 4773 3822 951 2942 747 1053 593 880 1889
internal_count=18541 18313 805 17508 5038 4773 3822 951 2942 747 1053 593 880 1889
is_linear=0
shrinkage=0.03


Tree=74
num_leaves=15
num_cat=0
split_feature=8 8 7 7 8 10 12 4 1 12 8 0 2 8
split_gain=15.8687 20.5868 16.9832 23.9451 16.8656 16.7781 13.9613 13.6941 29.6124 15.2829 12.9285 12.6216 15.4695 12.1769
threshold=0.0584414809901826 0.048321996614149536 2.0849758261627014 1.8705494575361814 0.045212710659336415 0.91079746894998581 0.1081221158453521 0.53096260726106081 2.4887403688105416 0.019771831403847921 0.095447343399887849 0.59914495240371546 0.57142857142857217 -0.060177023371844003
decision_type=2 2 10 8 2 2 8 2 2 10 2 2 2 2
left_child=1 2 3 4 5 -1 7 8 10 -9 -2 12 -3 -7
right_child=6 11 -4 -5 -6 13 -8 9 -10 -11 -12 -13 -14 -15
leaf_value=-0.0066561559538310016 0.0038353806096184961 0.002588135979831555 -0.005707233615279317 0.0073335541304230143 0.0072414287492971532 -0.0026273808913641074 0.0095825913092960104 0.00072471403330564503 -0.0098066670957858825 0.010634686446071347 -0.003328781824736368 -0.011035708021056852 -0.0073314288248749158 8.0210669399693383e-05
leaf_weight=372 808 261 494 377 259 1693 206 300 233 259 310 231 299 12496
leaf_count=372 808 261 494 377 259 1693 206 300 233 259 310 231 299 12496
internal_value=-0.000186062 -0.000500239 -0.000261385 -8.25414e-05 -0.000273606 -0.000409718 0.00225655 0.00144345 -0.000194977 0.00536985 0.00184292 -0.00520696 -0.00272621 -0.000243665
internal_weight=18598 16482 15691 15197 14820 14561 2116 1910 1351 559 1118 791 560 14189
internal_count=18598 16482 15691 15197 14820 14561 2116 1910 1351 559 1118 791 560 14189
is_linear=0
shrinkage=0.03


Tree=75
num_leaves=15
num_cat=0
split_feature=13 0 12 0 12 2 7 2 12 7 13 1 14 1
split_gain=16.2723 21.1042 14.3643 19.2517 25.4546 23.1722 19.0595 24.4977 18.1491 16.8194 16.4824 23.8033 29.3181 33.3057
threshold=6.5000000000000009 0.56564396034888509 0.052044840627587914 0.62960657619331106 0.040519950592305905 0.49999999999998168 1.6879808275541146 0.47058823529411425 0.058206025561664661 0.37676501098657372 1.0000000180025095e-35 1.4197573503982301 1.0000000180025095e-35 1.2414770112957429
decision_type=2 2 8 2 10 2 10 2 10 10 2 2 2 2
left_child=2 -2 3 4 10 -5 7 -4 9 -9 -1 12 13 -12
right_child=1 -3 6 5 -6 -7 -8 8 -10 -11 11 -13 -14 -15
leaf_value=-0.00033099917727780074 -0.0076013166852464615 0.002308714513001697 -0.0031069736158413483 0.0053205272824551064 -0.0048286664477269359 -0.0041118226085386476 0.0094740453914745702 0.0022861515359907615 0.0017899706312874851 0.014553059425906857 0.00022684400974181838 6.1760975842188541e-05 0.0088931886558279837 0.011191338708229137
leaf_weight=5257 501 310 839 269 753 1638 281 200 2958 202 1555 2716 787 292
leaf_count=5257 501 310 839 269 753 1638 281 200 2958 202 1555 2716 787 292
internal_value=0.000320127 -0.00382233 0.000510451 1.42717e-05 0.000482826 -0.00277087 0.00197818 0.00146588 0.00261065 0.00855318 0.000861991 0.00203346 0.00406257 0.0019858
internal_weight=18558 811 17747 13267 11360 1907 4480 4199 3360 402 10607 5350 2634 1847
internal_count=18558 811 17747 13267 11360 1907 4480 4199 3360 402 10607 5350 2634 1847
is_linear=0
shrinkage=0.03


Tree=76
num_leaves=15
num_cat=0
split_feature=12 6 0 0 12 10 13 12 13 8 14 9 6 1
split_gain=17.0983 19.9337 35.4877 21.7659 20.9761 20.933 16.4624 14.6465 13.8198 13.7691 13.2171 20.0771 19.4349 21.725
threshold=0.17417075051187367 -0.42196190509408821 0.56564396034888509 0.68403197087996692 -0.032824897181763173 0.95897187445478105 1.5000000000000002 0.0048359467699155565 10.500000000000002 -0.01287454275458041 1.0000000180025095e-35 1.2364146096755915 0.36774629440935719 1.8430451995269397
decision_type=10 10 2 2 8 2 2 10 2 2 2 2 10 2
left_child=1 2 4 5 -1 -3 9 -5 10 -2 12 -12 -7 -14
right_child=6 3 -4 7 -6 8 -8 -9 -10 -11 11 -13 13 -15
leaf_value=0.0062797791691763059 -0.0026600093188684738 -0.0061579333662282769 0.011637400398269677 -0.0093060863569378854 -0.0051929770529571644 -0.001099862801791024 0.0022839395259841209 -0.0010379006845377214 -0.0068554405222625231 -0.012530908781654117 0.00080583538788192382 0.0086925985550843788 0.00034677736853512748 0.0099087376447949699
leaf_weight=240 252 503 346 395 341 7909 204 375 253 259 6155 300 681 307
leaf_count=240 252 503 346 395 341 7909 204 375 253 259 6155 300 681 307
internal_value=-0.000348794 -0.000165468 0.00410569 -0.000401201 -0.000440656 -0.000164876 -0.00488117 -0.00531205 3.02105e-05 -0.00773601 0.000145881 0.00117882 -0.000603786 0.00335289
internal_weight=18520 17805 927 16878 581 16108 715 770 15605 511 15352 6455 8897 988
internal_count=18520 17805 927 16878 581 16108 715 770 15605 511 15352 6455 8897 988
is_linear=0
shrinkage=0.03


Tree=77
num_leaves=15
num_cat=0
split_feature=8 8 6 3 6 7 2 2 1 12 7 0 6 6
split_gain=11.3907 19.8403 21.4054 19.2427 14.2311 27.9716 17.0496 13.4714 12.8865 24.3191 16.4502 20.6365 16.4072 16.0122
threshold=0.066476465311644264 0.048321996614149536 0.32016235905356721 0.67647058823529349 -0.047005896352973135 0.79012822227350832 0.77449525804386854 0.71428571428571141 4.3621516843540862 0.013168952100684252 1.1004243788249453 0.60571584249565935 -0.028976305440872093 -0.075526055127484545
decision_type=2 2 8 2 8 8 2 2 2 10 8 2 8 8
left_child=1 8 3 -3 6 7 -2 -6 10 13 -1 -12 -11 -10
right_child=4 2 -4 -5 5 -7 -8 -9 9 12 11 -13 -14 -15
leaf_value=-0.00032884816761556348 0.0078649047353009701 0.0010282909416968061 0.0049449662551356169 -0.0080291684150414645 0.0097681809885596695 -0.006758621144263695 -0.0022112731735866803 -0.00034806267112150955 -0.004931105776530941 -0.0022323202726931422 0.0013770455264479587 0.010050958998636766 -0.013419625673223945 0.0061934349538965349
leaf_weight=11940 566 286 201 790 215 355 203 256 200 224 2440 270 250 265
leaf_count=11940 566 286 201 790 215 355 203 256 200 224 2440 270 250 265
internal_value=-0.000134213 -0.000363603 -0.00395109 -0.00562808 0.00228498 -0.000451201 0.0052079 0.00432386 -6.85556e-05 -0.00346595 0.00015031 0.00225815 -0.00821129 0.00140713
internal_weight=18461 16866 1277 1076 1595 826 769 471 15589 939 14650 2710 474 465
internal_count=18461 16866 1277 1076 1595 826 769 471 15589 939 14650 2710 474 465
is_linear=0
shrinkage=0.03


Tree=78
num_leaves=15
num_cat=0
split_feature=12 3 6 7 7 11 4 3 1 9 4 6 6 7
split_gain=12.9952 26.9829 20.5199 19.6967 32.4042 15.8371 15.426 23.9786 25.8849 27.9495 24.2548 31.2398 19.3185 30.5057
threshold=-0.010633883427756783 0.95652173913044392 -0.4400368739452396 0.082350603103142267 -0.1750445495631337 0.95286494118086085 0.26405459103384649 0.92307692307693046 3.9446096036073404 0.93588084406594463 0.78571001846431721 -0.13851775362248034 -0.12745623615090132 0.76248001342500304
decision_type=8 2 10 10 8 2 2 2 2 2 2 10 10 8
left_child=2 6 -1 4 -3 -5 -2 8 10 -10 12 -12 13 -8
right_child=1 3 -4 5 -6 -7 7 -9 9 -11 11 -13 -14 -15
leaf_value=0.0060007447577830227 -0.0011436977544778898 0.001581777045260429 -0.0012740678364064036 0.0046089307094613705 0.015027194594571349 -0.0037203873117196275 0.0015119773711038515 -0.0045327512330611717 -0.0094602401819146031 0.0024008060273665345 -0.0012474967741027407 0.0124660237930081 8.5785170544225436e-05 0.012338891588151454
leaf_weight=362 4584 321 7127 535 322 327 705 563 334 375 218 465 1945 347
leaf_count=362 4584 321 7127 535 322 327 705 563 334 375 218 465 1945 347
internal_value=4.56431e-05 0.000699835 -0.000918652 0.00442596 0.00837894 0.00144597 0.000109754 0.00127004 0.00201871 -0.00321389 0.00302983 0.00811169 0.00186012 0.00512469
internal_weight=18530 11041 7489 1505 643 862 9536 4952 4389 709 3680 683 2997 1052
internal_count=18530 11041 7489 1505 643 862 9536 4952 4389 709 3680 683 2997 1052
is_linear=0
shrinkage=0.03


Tree=79
num_leaves=15
num_cat=0
split_feature=10 1 9 8 7 1 9 3 13 9 4 3 12 0
split_gain=17.4343 15.9845 16.7455 27.7724 15.651 15.1922 21.9697 20.341 24.0026 17.2775 21.7337 35.9669 20.106 14.9964
threshold=1.9088921543312816 4.3621516843540862 0.7257208337577411 -0.035879086721490532 0.79012822227350832 1.8604333126184829 1.0722558942908105 0.8108108108108093 2.5000000000000004 0.67287290593435267 0.22115960635219173 0.8000000000000006 -0.0012156703381702714 0.60571584249565935
decision_type=2 2 2 2 8 2 2 2 2 2 2 2 8 2
left_child=5 2 3 -2 -5 6 7 8 -1 -7 11 -11 -12 -9
right_child=1 -3 -4 4 -6 9 -8 13 -10 10 12 -13 -14 -15
leaf_value=-0.00033106704521924257 -0.0042311488191515622 -0.0036679518225076666 0.00063419981591524694 0.01181340013088575 0.0019518360099259841 -0.0070539546407124391 -0.0067091067035095278 -0.0015828412932366251 0.0085675104654412224 0.00088740701361061773 -0.0039747818549240909 0.016363187819978968 0.0027431284824264383 -0.0061221202115932134
leaf_weight=2385 212 688 7836 397 230 218 742 2399 303 360 682 212 958 899
leaf_count=2385 212 688 7836 397 230 218 742 2399 303 360 682 212 958 899
internal_value=-0.000192739 0.000717376 0.00106708 0.00508236 0.00823998 -0.00112311 -0.00185708 -0.00125054 0.000686054 0.000908682 0.00170757 0.00671528 -5.41291e-05 -0.0028276
internal_weight=18521 9363 8675 839 627 9158 6728 5986 2688 2430 2212 572 1640 3298
internal_count=18521 9363 8675 839 627 9158 6728 5986 2688 2430 2212 572 1640 3298
is_linear=0
shrinkage=0.03


Tree=80
num_leaves=15
num_cat=0
split_feature=7 9 7 2 5 4 1 14 10 1 1 8 8 8
split_gain=16.3019 20.7001 13.1545 12.9553 19.5184 24.9167 15.4969 14.1506 17.9281 13.2321 32.9129 12.8146 24.9973 26.8308
threshold=2.0849758261627014 0.8583401157480185 1.8705494575361814 0.34279516578865166 1.4397337899142426 0.14516869538320765 0.90722085674270325 1.0000000180025095e-35 2.0298099468024255 0.49098282270872201 0.42470763498052178 0.066476465311644264 0.048321996614149536 0.045212710659336415
decision_type=10 2 10 2 2 2 2 2 2 2 2 2 2 2
left_child=2 -2 3 4 -1 7 -7 8 -6 10 -5 12 13 -11
right_child=1 -3 -4 9 5 6 -8 -9 -10 11 -12 -13 -14 -15
leaf_value=-0.01129304879765178 -0.012222815657464357 -0.00066674877533593889 0.0060839199145092497 0.0015280072643595226 -0.0072644286531212861 0.00036690765266529228 -0.0094719583511542419 0.0062709170311932997 0.0048056697190481511 3.15892535854908e-05 -0.011435261242887348 0.0029722129142957182 -0.0045249942307266566 0.0099367429523828966
leaf_weight=210 229 347 288 408 235 221 407 362 201 12670 304 1294 1076 246
leaf_count=210 229 347 288 408 235 221 407 362 201 12670 304 1294 1076 246
internal_value=-0.000381039 -0.00532674 -0.000220647 -0.000325309 -0.00286386 -0.00158742 -0.00603401 0.00192769 -0.00170861 -6.48957e-05 -0.00404802 0.000121895 -0.000142674 0.000224016
internal_weight=18498 576 17922 17634 1636 1426 628 798 436 15998 712 15286 13992 12916
internal_count=18498 576 17922 17634 1636 1426 628 798 436 15998 712 15286 13992 12916
is_linear=0
shrinkage=0.03


Tree=81
num_leaves=15
num_cat=0
split_feature=1 2 2 12 12 13 10 10 4 4 10 11 0 8
split_gain=11.1884 19.9287 12.2729 12.067 25.1077 11.3264 18.3841 21.3634 18.2626 24.6555 19.3454 22.642 17.1432 22.0807
threshold=4.0353562436790833 0.80232558139535615 0.70909090909092087 0.013168952100684252 0.053063887917746806 1.0000000180025095e-35 1.9430839535812612 2.002937700576588 0.043397733606206114 0.077189263162789151 2.7860808439963698 1.1968866698173781 0.60693657753077457 0.031522797829699641
decision_type=2 2 2 10 10 2 2 2 2 2 2 2 2 2
left_child=5 2 3 -2 -5 -1 12 -8 -9 -10 -11 -12 13 -7
right_child=1 -3 -4 4 -6 6 7 8 9 10 11 -13 -14 -15
leaf_value=-0.00063983569634788317 0.00090507974404403389 0.0049057627452930314 -0.010726305338726863 -0.013677963582907132 7.2249892528039681e-05 -0.00070226863817414681 0.0099151547676460308 0.008442316441922575 -0.0083892047618116649 0.0030459710959885823 -0.0063086372922302901 0.0032882583382485495 -0.0037776527981004723 0.0050243857496259457
leaf_weight=8345 420 251 216 210 269 2700 303 328 226 2582 496 392 1054 776
leaf_count=8345 420 251 216 210 269 2700 303 328 226 2582 496 392 1054 776
internal_value=-5.4795e-05 -0.00266298 -0.00438109 -0.00280565 -0.00603505 0.000153033 0.000900007 0.00229732 0.00171212 0.00110425 0.00173374 -0.00207748 -0.00043575 0.000581559
internal_weight=18568 1366 1115 899 479 17202 8857 4327 4024 3696 3470 888 4530 3476
internal_count=18568 1366 1115 899 479 17202 8857 4327 4024 3696 3470 888 4530 3476
is_linear=0
shrinkage=0.03


Tree=82
num_leaves=15
num_cat=0
split_feature=8 12 3 13 4 2 12 11 5 10 5 4 6 4
split_gain=16.0965 22.0614 25.0402 23.5412 21.8013 19.7411 28.3386 34.7853 31.776 22.628 20.8543 18.4187 31.3127 26.2983
threshold=-0.0076155107441350581 0.071234926881642527 0.69779546138009252 2.5000000000000004 0.14731296342413294 0.70909090909092087 0.011890168504146372 -1.0074446010314799 2.9718795655020327 1.1345726770500344 3.5762651369794223 0.26943060032883703 0.14034415025293304 0.24225600158724572
decision_type=2 8 2 2 2 2 10 2 2 2 2 2 10 2
left_child=11 5 4 -4 -3 6 7 -2 -8 -7 -10 13 -13 -1
right_child=1 2 3 -5 -6 9 8 -9 10 -11 -12 12 -14 -15
leaf_value=-0.0015765353524483758 0.013912796610851347 0.0066100821245957345 0.0037405278618393798 0.012726967646006527 -0.0045491856399845158 0.0065214140432816679 -0.0048458594781777232 0.0021373591560977872 0.0066591339245350399 -0.0024324713288669518 -0.0035304865364896806 -0.00086515363940305558 0.0054833442591878234 -0.010721582223324512
leaf_weight=3668 238 228 1088 344 482 274 1111 3245 502 2853 277 2993 907 302
leaf_count=3668 238 228 1088 344 482 274 1111 3245 502 2853 277 2993 907 302
internal_value=0.000180755 0.000941308 0.0036585 0.00593605 -0.000944481 0.000254827 0.00135735 0.00296079 -0.00159757 -0.00163874 0.00303646 -0.000847627 0.00061641 -0.00228482
internal_weight=18512 10642 2142 1432 710 8500 5373 3483 1890 3127 779 7870 3900 3970
internal_count=18512 10642 2142 1432 710 8500 5373 3483 1890 3127 779 7870 3900 3970
is_linear=0
shrinkage=0.03


Tree=83
num_leaves=15
num_cat=0
split_feature=10 10 4 14 12 7 12 3 8 7 11 8 1 12
split_gain=13.4509 13.9595 19.7132 16.7614 32.2941 24.0704 20.1619 19.6031 33.4577 22.3281 15.8519 14.9295 16.0071 24.572
threshold=3.0979813491128101 2.091444879523674 0.014201005982376494 1.0000000180025095e-35 0.11320990721087089 1.6879808275541146 0.15539644034099034 0.95294117647057719 0.0057616085884571785 0.075569483486221292 -0.40952675074827344 -0.050094695770992341 0.79575886453056666 0.017493274480011704
decision_type=2 2 2 2 8 8 10 2 2 8 2 2 2 8
left_child=1 3 -3 4 7 6 10 -1 9 -9 -5 -12 13 -13
right_child=-2 2 -4 5 -6 -7 -8 8 -10 -11 11 12 -14 -15
leaf_value=-0.0026296812795219763 -0.0035163062413214102 0.010373513842664229 0.00098396452908639789 -0.0029911456850962898 0.0098738413475762867 0.0086237521161754687 -0.0056194303896373666 0.012932275745577808 -0.0049822869566385963 0.00084688986514831754 -0.0035896594377595988 0.013795822133225473 0.0014140122470718758 0.0017865785869956015
leaf_weight=5098 928 203 6275 744 212 329 463 266 354 281 397 259 2306 370
leaf_count=5098 928 203 6275 744 212 329 463 266 354 281 397 259 2306 370
internal_value=-6.23442e-06 0.000180244 0.00128598 -0.000466578 -0.0014991 0.00085099 0.000278728 -0.0019089 0.00216139 0.00678778 0.000954775 0.00183902 0.00257818 0.00680136
internal_weight=18485 17557 6478 11079 6211 4868 4539 5999 901 547 4076 3332 2935 629
internal_count=18485 17557 6478 11079 6211 4868 4539 5999 901 547 4076 3332 2935 629
is_linear=0
shrinkage=0.03


Tree=84
num_leaves=15
num_cat=0
split_feature=10 9 9 9 12 4 10 3 4 10 2 11 7 3
split_gain=11.6417 20.0861 23.0768 22.89 21.9947 19.2908 18.7718 15.9638 15.2016 13.0087 22.4512 20.4751 17.7535 12.8514
threshold=1.9430839535812612 0.7376940047465721 0.9956747674069728 0.96465256540108546 -0.010055848643872876 0.37288700202902475 1.9708896605382151 0.91141048824593796 0.014201005982376494 1.3683994246144986 0.79487179487180692 0.15089963097512729 0.50445744351246846 0.81450651468303736
decision_type=2 2 2 2 10 2 2 2 2 2 2 2 10 2
left_child=1 5 3 -3 -5 -1 -2 -7 -8 11 12 -4 13 -11
right_child=6 2 9 4 -6 7 8 -9 -10 10 -12 -13 -14 -15
leaf_value=-0.0058196425611675654 0.0083559825279238362 0.00036733949276180386 -0.0056789953622449138 0.014670411501715821 0.0015073548839952713 0.0031617225114347175 0.0073940920001561092 -0.00629746158712584 0.00028819322190812117 -0.0055465720191597932 0.0024581165692250384 0.0062839840718346539 -0.0031722433463804559 -0.015840711796130891
leaf_weight=1193 279 5095 218 200 261 527 275 225 8407 220 338 300 661 229
leaf_count=1193 279 5095 218 200 261 527 275 225 8407 220 338 300 661 229
internal_value=-8.83467e-06 -0.000742248 -3.88288e-05 0.000949797 0.00731414 -0.00345554 0.000765974 0.000308613 0.000517397 -0.00282805 -0.00428375 0.00124321 -0.00633849 -0.0109134
internal_weight=18428 9467 7522 5556 461 1945 8961 752 8682 1966 1448 518 1110 449
internal_count=18428 9467 7522 5556 461 1945 8961 752 8682 1966 1448 518 1110 449
is_linear=0
shrinkage=0.03


Tree=85
num_leaves=15
num_cat=0
split_feature=10 10 6 11 5 12 12 5 13 2 5 3 7 4
split_gain=10.3069 17.537 18.4143 10.2303 8.22029 17.7505 16.3646 23.5536 22.3387 22.7951 20.3779 19.4227 26.2269 19.2946
threshold=3.0979813491128101 3.3828391443983885 0.031885897349505428 -1.9541168962442785 2.4696448585013253 -0.18816765511047848 0.052044840627587914 3.2942592236638562 1.0000000180025095e-35 0.61788617886178143 3.3713977549380538 0.91666666666667196 0.054559076016346054 0.34397169620492035
decision_type=2 2 8 2 2 10 8 2 2 2 2 2 8 2
left_child=3 2 -2 -1 5 -5 10 8 9 -8 11 -6 -13 -14
right_child=1 -3 -4 4 6 -7 7 -9 -10 -11 -12 12 13 -15
leaf_value=-0.0043808713761256564 -0.00173701944549314 0.0021983290905019854 -0.01272753530238881 0.009490162669316583 -0.00077772440503078391 0.0010084245362334437 0.0054164754306770743 -0.0014845063460093876 0.0074563378278107188 -0.005174001592856187 0.0014427645038677572 0.00068915001179049396 -0.0040382673929441337 -0.013364509528851121
leaf_weight=393 347 374 224 225 3838 6533 377 1064 881 346 2535 458 449 364
leaf_count=393 347 374 224 225 3838 6533 377 1064 881 346 2535 458 449 364
internal_value=0.000208645 -0.0028346 -0.00612159 0.000374093 0.000484816 0.00129762 -4.82288e-05 0.00197246 0.0042631 0.000347554 -0.000754344 -0.00184486 -0.00505157 -0.00827002
internal_weight=18408 945 571 17463 17070 6758 10312 2668 1604 723 7644 5109 1271 813
internal_count=18408 945 571 17463 17070 6758 10312 2668 1604 723 7644 5109 1271 813
is_linear=0
shrinkage=0.03


Tree=86
num_leaves=15
num_cat=0
split_feature=13 9 13 9 2 7 6 9 11 11 8 9 11 12
split_gain=20.4583 20.4523 27.1394 20.3032 12.4413 26.7836 22.5033 20.0007 20.287 12.5201 11.4371 10.757 11.7357 16.1276
threshold=6.5000000000000009 1.0805167885719986 8.5000000000000018 0.58461768794671698 0.16216216216216686 1.6879808275541146 -0.073560051210753971 0.6355000488820145 0.3737778092509651 1.0008057153662244 0.014274552014591676 0.66064891927267222 1.2932731715845101 -0.015166721086149247
decision_type=2 2 2 2 2 8 10 2 2 2 2 2 2 8
left_child=3 2 -2 -1 10 7 -7 8 -6 -8 -5 -9 -13 -14
right_child=1 -3 -4 4 5 6 9 11 -10 -11 -12 12 13 -15
leaf_value=-0.0091201053479233289 -0.0083805055925264375 -0.013174246320288725 0.0042311045483197319 -0.00081285606385070341 -0.00019533336833472501 0.011979965272235171 -0.0041010666402374824 -0.0055975977098008233 0.013130327074266061 0.0062070742940360845 -0.0088826696569022107 0.00036445062679074338 -0.0039191909050739736 -6.8351168607203459e-05
leaf_weight=217 307 200 298 399 206 302 200 327 200 215 258 11269 1549 2645
leaf_count=217 307 200 298 399 206 302 200 327 200 215 258 11269 1549 2645
internal_value=-0.000316748 -0.00497952 -0.00218474 -0.000104381 9.53135e-06 0.000167399 0.0058209 -8.4602e-05 0.00644891 0.00124961 -0.00402498 -0.000254583 -0.00013982 -0.00149358
internal_weight=18592 805 605 17787 17570 16913 717 16196 406 415 657 15790 15463 4194
internal_count=18592 805 605 17787 17570 16913 717 16196 406 415 657 15790 15463 4194
is_linear=0
shrinkage=0.03


Tree=87
num_leaves=15
num_cat=0
split_feature=0 1 12 6 6 5 10 12 5 11 6 8 9 10
split_gain=11.9927 23.0122 24.2926 28.274 15.7555 17.0949 15.0031 15.7453 31.4491 16.0145 11.6268 16.1483 11.4344 11.2172
threshold=0.63710591931949301 1.9799642321885476 -0.0081898558958350392 -0.060945353292881414 0.21200051593117666 1.5852294279518162 0.95897187445478105 -0.12425488551840495 2.0426478475010339 1.0663456986531243 0.034438757275672811 0.041418547299231979 0.79106083768434876 1.158980132141415
decision_type=2 2 8 10 8 2 2 10 2 2 10 2 2 2
left_child=6 4 -3 -4 5 -2 12 8 -8 -10 11 -7 -1 -9
right_child=1 2 3 -5 -6 10 7 13 9 -11 -12 -13 -14 -15
leaf_value=0.00067156353248999667 -0.0129380799936906 -0.0053304687639077501 0.015155327716251698 -0.00064404271111108251 0.0033445213392189854 -0.0043095861241654971 0.012227236108452666 0.0038498223742777803 -0.0023933579182753078 0.0056197291273877058 -0.0095058641412967358 0.0048361251516074967 -0.0086572995246305146 0.00015422008169492881
leaf_weight=203 204 202 200 202 234 691 301 776 512 392 232 227 276 13819
leaf_count=203 204 202 200 202 234 691 301 776 512 392 232 227 276 13819
internal_value=0.000184881 -0.00189576 0.0030708 0.00730596 -0.00378851 -0.00502902 0.000465539 0.00062473 0.00391339 0.00109314 -0.00357609 -0.00203412 -0.00473764 0.000351962
internal_weight=18471 2192 604 402 1588 1354 16279 15800 1205 904 1150 918 479 14595
internal_count=18471 2192 604 402 1588 1354 16279 15800 1205 904 1150 918 479 14595
is_linear=0
shrinkage=0.03


Tree=88
num_leaves=15
num_cat=0
split_feature=7 6 12 6 9 7 3 1 1 11 4 9 12 11
split_gain=12.3916 21.2908 31.5393 22.778 26.6213 28.0851 21.1722 15.799 17.9149 17.3696 14.1536 22.0955 21.5745 20.539
threshold=0.88274148671321184 -0.12952373734259595 -0.047866667370518694 -0.19582571799199502 0.91185949504673414 1.1556772180170787 0.64754784688994638 0.49098282270872201 0.43975450369944863 0.61856426932077302 0.45468879773012855 1.0767874766459744 0.043933271949524073 2.2219828143020828
decision_type=10 10 8 10 2 10 2 2 2 2 2 2 8 2
left_child=7 2 -2 4 5 -4 -5 8 9 -1 -9 13 -13 -12
right_child=1 -3 3 6 -6 -7 -8 10 -10 -11 11 12 -14 -15
leaf_value=-0.006028719922670951 -0.0035124729704199675 -0.00020288869855088996 0.0065947085463605214 0.016551392291892657 0.0082821240322664379 -0.0077241609825028316 0.0044565018085862386 0.00046371302288059589 -0.011092908537683596 0.0049388876488858273 -0.0012962357350051221 -0.0092869053807272204 0.0020063111945430598 0.0074992214422491786
leaf_weight=307 419 3676 206 270 441 292 257 7877 257 218 3403 562 206 252
leaf_count=307 419 3676 206 270 441 292 257 7877 257 218 3403 562 206 252
internal_value=-5.8409e-05 0.00112726 0.00371491 0.0057855 0.00295682 -0.00179442 0.0107504 -0.000562662 -0.00468352 -0.00147092 -0.000298873 -0.00165597 -0.00626435 -0.000680402
internal_weight=18643 5561 1885 1466 939 498 527 13082 782 525 12300 4423 768 3655
internal_count=18643 5561 1885 1466 939 498 527 13082 782 525 12300 4423 768 3655
is_linear=0
shrinkage=0.03


Tree=89
num_leaves=15
num_cat=0
split_feature=2 3 7 3 8 11 8 5 1 8 8 8 6 2
split_gain=11.341 20.3275 20.0329 27.8504 19.0983 18.6594 17.7518 16.5357 17.6076 15.4309 19.0209 15.0235 32.8458 22.6071
threshold=0.73126303964050143 0.80645161290323053 0.60110605581101684 0.87258104073695952 -0.08749265021817991 0.6605168354665002 0.012897374212944906 2.1031764386730134 1.3157944534733217 0.074329040097525001 0.051648949520481324 0.0087182034008583213 0.11048207317058202 0.65957446808511577
decision_type=2 2 10 2 2 2 2 2 2 2 2 2 10 2
left_child=5 6 4 -4 -3 9 -2 8 -7 10 11 -1 13 -13
right_child=1 2 3 -5 -6 7 -8 -9 -10 -11 -12 12 -14 -15
leaf_value=-0.0025512184969906501 -0.0073700495114554258 -0.0075970751307394401 0.01405959407570443 0.0020832591433735453 0.0014662690682549747 0.011232766133190979 0.0022833297120958148 0.0003007695772658278 2.0158099481996929e-05 0.0049249233997637224 -0.0087073289861225259 0.0059145870811100733 -0.0059848263965705173 -0.0041638057186053345
leaf_weight=3663 432 214 264 505 4729 263 279 5722 238 305 347 880 438 255
leaf_count=3663 432 214 264 505 4729 263 279 5722 238 305 347 880 438 255
internal_value=0.000155996 0.00117452 0.00177052 0.00625903 0.0010666 -0.000384433 -0.00359252 0.000760724 0.00595905 -0.00159436 -0.0019546 -0.0014992 0.000950914 0.00364195
internal_weight=18534 6423 5712 769 4943 12111 711 6223 501 5888 5583 5236 1573 1135
internal_count=18534 6423 5712 769 4943 12111 711 6223 501 5888 5583 5236 1573 1135
is_linear=0
shrinkage=0.03


Tree=90
num_leaves=15
num_cat=0
split_feature=5 11 11 9 6 7 6 6 8 3 0 9 9 5
split_gain=12.6837 25.2907 40.5932 21.4548 23.064 19.9234 26.5444 17.0838 30.9665 22.1789 20.0532 18.9318 32.4877 25.5622
threshold=3.4208983830082036 1.3593169216069656 1.1686545107507145 0.92984033307053549 0.065108358507536726 0.70298196883642372 -0.091941360972982819 0.36774629440935719 0.014718715445712594 0.68421052631582935 0.62269153100535568 0.77210764887492067 0.89166847511186886 2.3558131348879767
decision_type=2 2 2 2 8 8 10 8 2 2 2 2 2 2
left_child=7 2 3 5 -5 6 -2 10 11 -10 -1 -9 -13 -14
right_child=1 -3 -4 4 -6 -7 -8 8 9 -11 -12 12 13 -15
leaf_value=-4.3990012993957815e-05 -0.0052313660702535082 -0.00043321238293294266 0.016249841338501245 0.010246932374642595 -0.0012772303191303464 -0.0084812279912463862 0.0095459070749678472 -0.0061687497183924821 -0.0010074532526018827 0.010698425407693224 -0.003195321431724706 0.0087919429530587002 0.0050849732710048553 -0.0080891627531521522
leaf_weight=10705 205 1988 227 452 236 221 224 361 202 510 2184 363 219 321
leaf_count=10705 205 1988 227 452 236 221 224 361 202 510 2184 363 219 321
internal_value=0.000204493 0.00181346 0.00465966 0.00264014 0.00631318 -0.00126616 0.00250559 -0.000180559 0.00241332 0.00739351 -0.000579005 -0.000410056 0.00191344 -0.00274868
internal_weight=18418 3553 1565 1338 688 650 429 14865 1976 712 12889 1264 903 540
internal_count=18418 3553 1565 1338 688 650 429 14865 1976 712 12889 1264 903 540
is_linear=0
shrinkage=0.03


Tree=91
num_leaves=15
num_cat=0
split_feature=5 13 4 4 9 2 1 1 2 3 5 3 1 2
split_gain=11.4291 12.7145 10.4623 20.1574 21.3076 15.6302 13.7451 36.9398 13.4732 24.5333 14.6286 13.4576 12.7315 9.27997
threshold=0.58167200383505169 10.500000000000002 0.077189263162789151 0.068046538266934326 0.68669887055629741 0.71251414267039437 0.40930620952505692 0.51993297185013276 0.59579980156543377 0.83653846153845535 2.2962297320228893 0.92063492063492258 0.75114782913008538 0.14854215918046854
decision_type=2 2 2 2 2 2 2 2 2 2 2 2 2 2
left_child=-1 2 3 4 -2 8 -4 -8 9 10 -6 -7 -12 -9
right_child=1 -3 6 -5 5 11 7 13 -10 -11 12 -13 -14 -15
leaf_value=-0.006063852241164759 -0.0092249314062138824 -0.0063883171482717726 0.0064025563121018845 -0.0080312358367443087 -0.0028362858351320026 -0.0080633858311066932 -0.008000586002431016 -0.0056534020825524198 0.0065223085718881567 -0.0077305911630794078 0.01076170914156257 0.00079323124329282624 0.0021553747985644388 0.00064182536343299643
leaf_weight=280 230 272 332 370 355 322 465 209 392 273 207 291 586 14035
leaf_count=280 230 272 332 370 355 322 465 209 392 273 207 291 586 14035
internal_value=-0.00010234 -9.6916e-06 8.808e-05 -0.00151996 -0.000599508 0.000235528 0.000411989 0.000274645 0.00163614 0.000270085 0.00219796 -0.00388662 0.00445527 0.000547505
internal_weight=18619 18339 18067 3026 2656 2426 15041 14709 1813 1421 1148 613 793 14244
internal_count=18619 18339 18067 3026 2656 2426 15041 14709 1813 1421 1148 613 793 14244
is_linear=0
shrinkage=0.03


Tree=92
num_leaves=15
num_cat=0
split_feature=11 6 8 11 4 3 11 3 5 7 2 2 8 12
split_gain=10.0199 18.0258 36.6584 14.444 17.3761 13.6896 21.2362 16.6098 16.1076 17.352 15.3695 29.2914 15.8335 14.4875
threshold=-0.28666596056929244 0.95614847727936159 0.01995680578377158 2.4189513173767474 0.21061836922860955 0.96000000000000629 1.5891713571490167 0.92307692307693046 3.0461449791975812 0.082350603103142267 0.63888888888889006 0.9149616457461589 -0.015646551763136726 0.2001807188952566
decision_type=2 8 2 2 2 2 2 2 2 8 2 2 2 10
left_child=-1 3 -3 5 -5 7 10 13 9 -9 -7 12 -12 -2
right_child=1 2 -4 4 -6 6 -8 8 -10 -11 11 -13 -14 -15
leaf_value=-0.0014050583084497849 0.00039817654215798987 2.8742845923759629e-05 0.014423873282922238 -0.010297975230576663 -0.00092654977666511995 -0.0021681035127389292 -0.0046267240927357909 0.00026940213336098579 0.00056476262424589153 -0.010215634659870521 0.015860270590856377 -0.00042987898838790979 0.0061165381717815329 -0.0074246742343957268
leaf_weight=4691 9409 477 234 256 564 252 279 212 469 424 248 391 397 213
leaf_count=4691 9409 477 234 256 564 252 279 212 469 424 248 391 397 213
internal_value=-0.000207785 0.000198826 0.00483402 -5.42267e-05 -0.00389694 0.000203559 0.00281811 -0.000179509 -0.00365437 -0.00674578 0.00444243 0.00605309 0.00995615 0.000221238
internal_weight=18516 13825 711 13114 820 12294 1567 10727 1105 636 1288 1036 645 9622
internal_count=18516 13825 711 13114 820 12294 1567 10727 1105 636 1288 1036 645 9622
is_linear=0
shrinkage=0.03


Tree=93
num_leaves=15
num_cat=0
split_feature=1 3 11 12 1 1 7 7 3 8 11 10 4 1
split_gain=11.8209 17.7417 26.0553 25.845 19.875 17.6519 27.978 17.309 16.5307 19.0849 20.1611 15.214 13.6374 18.5511
threshold=0.52890053952225136 0.96000000000000629 1.4724877218587937 -0.0067048820585665627 1.5940207038443512 0.45405536119628676 0.25926667432289058 0.054559076016346054 0.92708333333333492 -0.021065020996332028 -1.0000000180025095e-35 2.2868341873515114 0.71115537977029586 1.0549802636959311
decision_type=2 2 2 10 2 2 10 10 2 2 2 2 2 2
left_child=5 8 3 4 -3 6 -1 -5 -2 10 -10 -4 13 -11
right_child=1 2 11 7 -6 -7 -8 -9 9 12 -12 -13 -14 -15
leaf_value=-0.003754884209851489 0.0002714372118947251 0.0033936470930392925 -0.0097583921354951215 0.012544400464970297 -0.0069047383086968074 -0.0069685747305889729 0.0094148925912212311 0.004342405553907156 -0.0016837365666099828 -0.0041641766685946774 -0.013524543562578213 0.0017358269642208707 -0.006719536466002464 0.0051803900138927585
leaf_weight=451 13666 580 201 389 232 510 208 583 258 321 258 206 245 458
leaf_count=451 13666 580 201 389 232 510 208 583 258 321 258 206 245 458
internal_value=0.000106467 0.000303004 0.00282364 0.00438496 0.000427002 -0.00280722 0.000441483 0.00767229 -6.09983e-05 -0.00300237 -0.00767712 -0.00399022 -0.00062088 0.0013278
internal_weight=18566 17397 2191 1784 812 1169 659 972 15206 1540 516 407 1024 779
internal_count=18566 17397 2191 1784 812 1169 659 972 15206 1540 516 407 1024 779
is_linear=0
shrinkage=0.03


Tree=94
num_leaves=15
num_cat=0
split_feature=2 9 6 2 13 7 13 3 3 4 3 6 6 5
split_gain=14.2127 29.1048 18.985 13.614 23.9144 20.1119 18.3112 19.6507 19.7655 18.3741 17.8969 17.6581 16.741 32.4614
threshold=0.9149616457461589 0.95394558319450251 0.0400312501427268 0.83181046951490334 7.5000000000000009 0.66495445584014801 1.0000000180025095e-35 0.89655172413792728 0.95652173913044392 0.45468879773012855 0.93750000000000522 0.95614847727936159 0.053777032264921594 1.1790131007822773
decision_type=2 2 10 2 2 10 2 2 2 2 2 8 10 2
left_child=3 2 -2 4 11 6 7 -5 -9 10 -8 12 13 -1
right_child=1 -3 -4 5 -6 -7 9 8 -10 -11 -12 -13 -14 -15
leaf_value=-0.0058712431303290426 -0.0093383114625394861 0.0039915075643463986 0.0001669662010092224 0.0052286492852454489 -0.0073398346085364104 0.011241701265246094 0.0032948086130843816 -0.0098975096453823158 0.0016817978475438919 -3.0523841498328036e-05 0.014044786146425821 0.0045413941354853198 -0.0015781294720800761 0.0011073023452506255
leaf_weight=640 560 359 284 230 392 208 353 318 223 544 230 766 4704 8583
leaf_count=640 560 359 284 230 392 208 353 318 223 544 230 766 4704 8583
internal_value=2.04763e-05 -0.00312499 -0.00615771 0.000241436 -7.43108e-05 0.00249791 0.00151266 -0.00204216 -0.00515283 0.00394285 0.00761916 0.00012196 -0.000122657 0.00062013
internal_weight=18394 1203 844 17191 15085 2106 1898 771 541 1127 583 14693 13927 9223
internal_count=18394 1203 844 17191 15085 2106 1898 771 541 1127 583 14693 13927 9223
is_linear=0
shrinkage=0.03


Tree=95
num_leaves=15
num_cat=0
split_feature=1 5 6 8 1 12 1 4 12 13 7 0 12 9
split_gain=12.4919 15.4991 12.9341 11.0609 27.6151 25.4391 14.4366 25.042 13.7655 10.8549 20.9244 27.0732 18.2219 19.0847
threshold=0.92133704582736231 1.0180376947290128 -0.28713120277491455 0.066476465311644264 1.3517900827317904 0.033854693027518097 4.4817864326831129 0.87442640993427456 0.013168952100684252 1.5000000000000002 0.63055167355061881 0.60571584249565935 0.14972008013698909 1.0618715400566063
decision_type=2 2 8 2 2 8 2 2 10 2 8 2 8 2
left_child=1 -1 -3 6 -5 -6 9 8 -8 10 -2 -12 13 -11
right_child=3 2 -4 4 5 -7 7 -9 -10 12 11 -13 -14 -15
leaf_value=-0.0074943970708704708 -0.0019158694806834975 -0.0057667877427462879 -0.00035050204104649822 0.010736050957825427 -0.0039112094513069811 0.0062397201235729217 -0.0025374608747661112 0.0020989559043884136 -0.012302632290307137 0.0023116713923922879 0.00025249981638923881 0.0072783093965988702 0.0098021970065817181 -0.0031342844696094592
leaf_weight=330 3352 430 4529 317 508 387 250 419 273 2962 3192 579 234 715
leaf_count=330 3352 430 4529 317 508 387 250 419 273 2962 3192 579 234 715
internal_value=-1.72103e-05 -0.00124827 -0.000825489 0.000476789 0.00320175 0.000488355 0.000199795 -0.00335504 -0.007703 0.000504663 -0.000192733 0.00133945 0.00177343 0.00124988
internal_weight=18477 5289 4959 13188 1212 895 11976 942 523 11034 7123 3771 3911 3677
internal_count=18477 5289 4959 13188 1212 895 11976 942 523 11034 7123 3771 3911 3677
is_linear=0
shrinkage=0.03


Tree=96
num_leaves=15
num_cat=0
split_feature=1 6 13 6 8 7 12 8 13 12 7 6 7 7
split_gain=8.08228 12.9374 9.74501 20.9537 19.7343 18.0961 14.9951 12.5942 12.0295 16.3779 10.4915 25.398 18.6113 15.4883
threshold=4.3621516843540862 -0.17722759638520511 3.5000000000000004 -0.12952373734259595 0.0096033202957214441 0.30803712802876321 0.019771831403847921 -0.015646551763136726 5.5000000000000009 0.012422497525747313 1.089795151687351 0.24096813558774136 1.0174997369289793 1.2845878784091567
decision_type=2 8 2 10 2 8 10 2 2 10 10 8 10 10
left_child=2 -2 10 4 7 6 -5 -4 9 -7 12 13 -1 -12
right_child=1 -3 3 5 -6 8 -8 -9 -10 -11 11 -13 -14 -15
leaf_value=-1.1316536542171864e-05 -0.0085549585605609567 -0.00061466000094059163 -0.0010781822946261275 -0.0037256896451067227 0.0043200506323639969 0.016385177651072964 0.0065848713326785296 -0.010878917036986933 0.0028314477635117677 0.0047113457899107493 0.0069075673531934422 -0.0038636898746253132 -0.0063708453885950407 0.0015720910586906368
leaf_weight=11974 224 959 281 303 321 231 211 200 268 210 688 577 424 1684
leaf_count=11974 224 959 281 303 321 231 211 200 268 210 688 577 424 1684
internal_value=0.000246267 -0.00214783 0.000409871 0.00236327 -0.0014005 0.00482707 0.000529518 -0.00522333 0.00791712 0.0109413 0.000151439 0.00175814 -0.000231287 0.00313092
internal_weight=18555 1183 17372 2025 802 1223 514 481 709 441 15347 2949 12398 2372
internal_count=18555 1183 17372 2025 802 1223 514 481 709 441 15347 2949 12398 2372
is_linear=0
shrinkage=0.03


Tree=97
num_leaves=15
num_cat=0
split_feature=10 13 0 13 4 4 10 12 7 12 6 8 7 7
split_gain=9.07007 9.85289 29.0644 15.8593 23.3687 22.4576 13.64 18.6642 13.7065 18.4984 20.1971 21.5428 14.8061 15.4455
threshold=0.91079746894998581 6.5000000000000009 0.56180438330022919 1.5000000000000002 0.043397733606206114 0.098551811613591819 2.8713645382765214 0.0072878998049135122 0.54118915230144782 0.076386531854921794 -0.19133381848056549 -0.013310037269788773 -0.20524760682282106 -0.045910307283483269
decision_type=2 2 2 2 2 2 2 10 10 8 8 2 8 10
left_child=-1 3 -3 -2 -5 -6 8 -8 12 10 -10 -12 -7 -14
right_child=1 2 -4 4 5 6 7 -9 9 -11 11 -13 13 -15
leaf_value=-0.0040897199180026413 -0.00022752389785622251 -0.0076163359302416694 0.0041291792084495876 0.0093730104116394233 -0.0052213780708661693 -0.0023458377240164266 0.0029724311361258677 -0.0095197899296510739 -0.007513985374356707 0.0071372366271350747 0.006926219586879015 -0.0017702410442917693 0.012420553295744647 0.0040625883232057094
leaf_weight=449 12220 483 306 335 436 268 215 207 315 313 370 806 227 1495
leaf_count=449 12220 483 306 335 436 268 215 207 315 313 370 806 227 1495
internal_value=9.81569e-05 0.000203751 -0.00306372 0.000354423 0.00177921 0.00122289 0.00189472 -0.00319499 0.0024643 0.000567625 -0.000830754 0.00098363 0.00417796 0.00519713
internal_weight=18445 17996 789 17207 4987 4652 4216 422 3794 1804 1491 1176 1990 1722
internal_count=18445 17996 789 17207 4987 4652 4216 422 3794 1804 1491 1176 1990 1722
is_linear=0
shrinkage=0.03


Tree=98
num_leaves=15
num_cat=0
split_feature=4 8 2 10 7 11 9 1 1 6 9 5 6 13
split_gain=10.1336 19.455 14.5883 23.5599 20.3177 12.3582 8.10992 9.66089 19.4666 17.1418 8.61983 22.4456 23.1539 18.0215
threshold=0.012710307232018424 -0.015130388945480395 0.17213114754098668 1.7180619374399118 1.8705494575361814 1.1194159396373002 0.58461768794671698 8.0831787243793194 4.6358004252093039 -0.035173091024058016 1.0691770618235725 2.820446944353098 -0.10648668904430807 8.5000000000000018
decision_type=2 2 2 2 8 2 2 2 2 10 2 2 10 2
left_child=1 -1 3 -2 6 -5 -4 8 10 -10 13 -12 -13 -8
right_child=2 -3 4 5 -6 -7 7 -9 9 -11 11 12 -14 -15
leaf_value=-0.0027008940990828822 -0.012308308452630357 0.0090164899004959182 -0.0059147213903111466 0.0042335344808684151 0.0068106991662738878 -0.0055227189574522514 0.00027462437295991399 0.0063858298279131139 -0.010345258358926648 -0.0005508276926310256 -0.0044812489600709318 0.0055063975782509806 -0.0019083190481267742 0.0085890695903154107
leaf_weight=216 222 300 208 237 387 221 12839 204 302 339 1208 609 986 234
leaf_count=216 222 300 208 237 387 221 12839 204 302 339 1208 609 986 234
internal_value=8.03243e-06 0.00413269 -0.000111349 -0.00440526 5.8496e-05 -0.000482979 -9.78259e-05 -2.37205e-05 -0.000104793 -0.00520972 0.000102896 -0.00140526 0.000931115 0.000426676
internal_weight=18512 516 17996 680 17316 458 16929 16721 16517 641 15876 2803 1595 13073
internal_count=18512 516 17996 680 17316 458 16929 16721 16517 641 15876 2803 1595 13073
is_linear=0
shrinkage=0.03


Tree=99
num_leaves=15
num_cat=0
split_feature=6 9 4 12 6 0 5 10 1 4 11 6 6 6
split_gain=9.34489 25.1438 22.7629 16.0823 19.6282 15.4208 23.9299 20.1397 23.4561 20.1554 17.3933 16.7724 16.4505 15.6557
threshold=-0.075526055127484545 1.2364146096755915 0.28736644833149355 -0.018728428628435708 -0.4400368739452396 0.57815246600021764 1.8256353961620067 2.4152131349104451 1.3157944534733217 0.68265947450681275 2.0264138742209021 -0.23254653483730212 -0.13183171515374034 -0.21228884426939096
decision_type=10 2 2 8 10 2 2 2 2 2 2 10 10 8
left_child=1 3 -3 4 -1 6 -5 8 12 11 -8 -10 13 -7
right_child=-2 2 -4 5 -6 7 10 -9 9 -11 -12 -13 -14 -15
leaf_value=0.005403356876733721 -0.0004159343996839034 0.014219845504606071 0.0011534211445832624 -0.0050895049635148208 -0.0021663584130494976 -0.0041402569919262288 0.0024943702275267692 0.0099854907115313873 0.0024506205200867832 -0.0014958686123673732 -0.0050107862246837817 0.013513934304316837 -0.0088606494723296753 0.0060001847620161485
leaf_weight=346 10160 232 245 599 2538 260 2213 366 207 229 313 310 200 279
leaf_count=346 10160 232 245 599 2538 260 2213 366 207 229 313 310 200 279
internal_value=0.000194816 0.000938919 0.00759016 0.000530707 -0.00125042 0.00156324 0.000276365 0.00372923 0.00215895 0.00589399 0.00155633 0.00915023 -0.00162574 0.0011156
internal_weight=18497 8337 477 7860 2884 4976 3125 1851 1485 746 2526 517 739 539
internal_count=18497 8337 477 7860 2884 4976 3125 1851 1485 746 2526 517 739 539
is_linear=0
shrinkage=0.03


Tree=100
num_leaves=15
num_cat=0
split_feature=11 10 7 7 6 0 6 7 0 8 7 4 7 6
split_gain=10.4676 26.4601 24.0618 19.0229 15.7038 20.8276 22.4706 17.8669 16.9165 26.6706 18.3123 22.4904 22.9781 16.8066
threshold=0.73023962388031738 1.1932829895083703 1.2717881407183385 1.7211345727636067 -0.56674258042297831 0.55807426702237284 0.12875908581205711 0.69726470033873278 0.51486465149551675 -0.03016082494360808 0.65852956287594533 0.052981121018011453 1.0174997369289793 0.28066876897129717
decision_type=2 2 8 10 10 2 10 8 2 2 8 2 8 10
left_child=2 -2 -1 -4 -3 8 -7 -8 10 -10 -6 -12 -13 -11
right_child=1 4 3 -5 5 6 7 -9 9 13 11 12 -14 -15
leaf_value=-0.00012397353653900307 0.007717470363713801 0.0071114360631415333 -0.0072605108268032625 0.00031487255951834653 -0.0039639213472280055 -0.00029261111551551623 -0.0021503564656065528 -0.011149352714006923 0.011034190021779225 0.00058320466988752114 0.010201908466525567 0.0057502856387479885 -0.003088840358672833 0.0086403540024708059
leaf_weight=8925 459 292 816 468 801 2512 466 345 340 1445 229 402 752 273
leaf_count=8925 459 292 816 468 801 2512 466 345 340 1445 229 402 752 273
internal_value=-3.39298e-05 0.000755956 -0.000677406 -0.00450888 0.00034462 7.89045e-05 -0.0016982 -0.0060234 0.00147137 0.00341952 -0.000368004 0.00172144 1.82408e-06 0.00188489
internal_weight=18525 8316 10209 1284 7857 7565 3323 811 4242 2058 2184 1383 1154 1718
internal_count=18525 8316 10209 1284 7857 7565 3323 811 4242 2058 2184 1383 1154 1718
is_linear=0
shrinkage=0.03


Tree=101
num_leaves=15
num_cat=0
split_feature=5 5 6 8 7 7 7 6 9 2 2 12 12 6
split_gain=9.24322 16.7401 10.9543 11.5664 18.4703 10.2717 9.25768 43.3948 22.2969 21.6248 18.5459 14.5559 14.4926 9.94608
threshold=0.58167200383505169 0.75231612376899548 -0.42196190509408821 -0.08749265021817991 0.62408758639814477 2.4458782886694124 1.6879808275541146 0.13642181022461999 0.95794143349084127 0.17213114754098668 0.3235294117647049 0.039630361032247381 -0.016667726495866338 0.45802752591260759
decision_type=2 2 8 2 10 10 8 8 2 2 2 10 8 8
left_child=-1 -2 -3 4 -4 6 10 8 9 -8 11 12 -5 -12
right_child=1 2 3 5 -6 -7 7 -9 -10 -11 13 -13 -14 -15
leaf_value=-0.005191127951992185 0.0082711873344472921 0.0048363270468481587 -0.0079835331073030823 -0.0060400832243124886 0.0028988128934704926 -0.0057673133361865487 0.0028094898487784361 -0.0074692522632433984 -0.00075000280813713159 0.015202707291753433 -0.00011028820394957553 -0.010708439692854881 0.0036151255182771671 0.0023400868389185886
leaf_weight=299 217 404 395 317 213 267 223 269 261 297 13237 235 243 1675
leaf_count=299 217 404 395 317 213 267 223 269 261 297 13237 235 243 1675
internal_value=-3.00636e-06 8.33779e-05 -1.73987e-05 -0.000129951 -0.00417858 1.58274e-05 0.000109667 0.00283005 0.00640239 0.0099653 -7.30315e-05 -0.00452298 -0.0018555 0.000165644
internal_weight=18552 18253 18036 17632 608 17024 16757 1050 781 520 15707 795 560 14912
internal_count=18552 18253 18036 17632 608 17024 16757 1050 781 520 15707 795 560 14912
is_linear=0
shrinkage=0.03


Tree=102
num_leaves=15
num_cat=0
split_feature=5 2 9 6 8 12 12 9 10 5 6 12 7 9
split_gain=13.3594 14.1899 23.4985 15.616 11.1715 19.24 23.2872 13.2344 28.4307 16.2168 21.7704 17.0702 18.3266 19.989
threshold=0.58167200383505169 0.9149616457461589 0.95394558319450251 0.0400312501427268 -0.06810634507609746 0.0020807420814077386 0.031190673900911906 0.98653583914407439 2.0687080645480083 1.7020931998506559 0.078912440372831974 0.052044840627587914 0.63689821995604068 1.0940378142548808
decision_type=2 2 2 10 2 8 10 2 2 2 10 10 10 2
left_child=-1 4 3 -3 5 -2 -7 -6 -9 -10 11 12 13 -11
right_child=1 2 -4 -5 7 6 -8 8 9 10 -12 -13 -14 -15
leaf_value=-0.0065352239397664866 -0.0058452356670324395 -0.009106524761836484 0.0030111665899805241 -0.00017269479519372536 0.00099145470595648675 0.0090368416209577994 -0.0035059050260682592 -0.0033938570545192534 0.0080354376121233861 -0.0095616215901830476 -0.0037868931541054523 0.0073668992946304915 0.0040238410925060551 0.0015030497910552903
leaf_weight=283 692 525 367 264 10918 222 318 2219 274 254 762 438 633 337
leaf_count=283 692 525 367 264 10918 222 318 2219 274 254 762 438 633 337
internal_value=-0.000124396 -2.30711e-05 -0.00323235 -0.00613717 0.000195186 -0.00255067 0.00168616 0.000409558 -0.000882216 0.00118597 0.000396782 0.00232053 0.000492102 -0.00329265
internal_weight=18506 18223 1156 789 17067 1232 540 15835 4917 2698 2424 1662 1224 591
internal_count=18506 18223 1156 789 17067 1232 540 15835 4917 2698 2424 1662 1224 591
is_linear=0
shrinkage=0.03


Tree=103
num_leaves=15
num_cat=0
split_feature=8 8 7 6 2 6 9 0 1 4 4 4 8 2
split_gain=14.2311 25.5749 17.2592 30.0761 26.6376 18.4961 16.2044 11.4956 16.8592 15.0666 25.6504 17.1921 26.2475 17.2545
threshold=0.057462610376647107 0.053449263904900783 0.77548026881496956 0.21200051593117666 0.69230769230766576 0.091513617816636264 0.86135543576993301 0.62960657619331106 0.89247183369770433 0.075565941981407647 0.061114292535054009 0.12322541892454447 -0.040836887922268944 0.34900195397457406
decision_type=2 2 8 8 2 8 2 2 2 2 2 2 2 2
left_child=1 7 3 4 -2 6 -4 9 -9 10 -1 12 -11 -13
right_child=2 -3 5 -5 -6 -7 -8 8 -10 11 -12 13 -14 -15
leaf_value=-0.00048768078830918154 0.0078677894294431269 -0.0092279902803646015 -0.0032976355217397215 0.014202090735676921 -0.0019263997663711678 -0.0069930118068602656 0.0064942685868591065 -0.0065527107060108693 -0.00052944749789802647 -0.0040391953810286077 -0.0084069206147949892 -0.0036225062514147906 0.0059458596039313281 0.00058038635288903137
leaf_weight=1896 435 279 271 232 575 293 335 579 1477 300 452 966 1071 9287
leaf_count=1896 435 279 271 232 575 293 335 579 1477 300 452 966 1071 9287
internal_value=-1.92561e-06 -0.000304066 0.00229469 0.00457932 0.00230987 -0.000869484 0.00212423 -0.000145898 -0.00223747 0.00016257 -0.00202679 0.000605494 0.00375421 0.000182833
internal_weight=18448 16307 2141 1242 1010 899 606 16028 2056 13972 2348 11624 1371 10253
internal_count=18448 16307 2141 1242 1010 899 606 16028 2056 13972 2348 11624 1371 10253
is_linear=0
shrinkage=0.03


Tree=104
num_leaves=15
num_cat=0
split_feature=12 12 9 12 6 11 6 7 5 9 10 10 3 5
split_gain=9.18475 13.7629 25.1472 9.08147 11.0157 8.42608 8.16692 32.1003 15.8022 16.1185 19.1533 18.5783 14.1575 13.7713
threshold=0.18159032394147581 0.14463157556114756 0.88195030642332639 0.11851799406911852 -0.089822721915452361 0.328305881497376 0.16788377671489621 1.4545224851075116 1.5852294279518162 1.0654398922008081 2.0604317443502853 2.5999227818597292 0.80218585762062966 1.0990940145543087
decision_type=10 8 2 10 8 2 8 8 2 2 2 2 2 2
left_child=1 3 -3 6 -5 -2 13 8 -8 10 -10 12 -12 -1
right_child=5 2 -4 4 -6 -7 7 -9 9 -11 11 -13 -14 -15
leaf_value=-0.0042716561967869118 0.00052448765290054409 -0.0018851628330620854 0.010894450665788449 0.0011560573972283152 -0.0076755627534588816 -0.0064392249760389019 0.007367459108520831 -0.0064860944829399688 0.00036226832752106361 -0.0029829785060339646 0.0030369025549704305 4.3288210315791803e-05 0.012731918560454199 -0.0001776228937384033
leaf_weight=782 259 270 277 213 306 387 443 436 1504 617 223 317 357 12251
leaf_count=782 259 270 277 213 306 387 443 436 1504 617 223 317 357 12251
internal_value=-0.000164043 -3.73975e-05 0.00462648 -0.000184886 -0.00407458 -0.00366469 -6.44776e-05 0.00113962 0.00210825 0.00132536 0.0024364 0.0058928 0.00906217 -0.000424815
internal_weight=18642 17996 547 17449 519 646 16930 3897 3461 3018 2401 897 580 13033
internal_count=18642 17996 547 17449 519 646 16930 3897 3461 3018 2401 897 580 13033
is_linear=0
shrinkage=0.03


Tree=105
num_leaves=15
num_cat=0
split_feature=11 6 8 12 6 8 8 8 0 6 3 3 2 7
split_gain=15.3165 19.7874 42.9515 24.428 16.6554 28.1597 19.6245 15.7075 13.6593 11.778 19.3901 15.3118 11.6194 18.4912
threshold=-0.31770231401959792 0.86746747268018298 0.01995680578377158 -0.0030111001060473259 -0.13430159358135094 -0.023166003449527874 0.040205093142353578 0.012014740031838342 0.60987281536827498 0.23455293279179804 0.67942846675215207 0.86746100750572464 0.55844155844157206 0.1360277666008943
decision_type=2 8 2 8 10 2 2 2 2 10 2 2 2 10
left_child=4 -2 3 -3 6 -6 7 12 9 10 -7 -12 -1 -14
right_child=1 2 -4 -5 5 8 -8 -9 -10 -11 11 -13 13 -15
leaf_value=-0.0088467113644441191 0.00030417160512151377 0.0074630537015480634 0.015066316502846101 -0.005428823590410318 -0.0035636682227692183 0.013729452070264624 -0.012158607309220602 0.0039005504618482897 -0.0022397894948108558 -0.00075799131596630267 -0.0012127553018111755 0.0073006701123306391 -0.0073756435865974289 0.0016482309535053965
leaf_weight=323 13208 231 259 296 1219 203 216 272 433 358 353 404 348 482
leaf_count=323 13208 231 259 296 1219 203 216 272 433 358 353 404 348 482
internal_value=8.6186e-05 0.000580308 0.00518927 0.000239107 -0.00141244 -7.07815e-05 -0.00383307 -0.00253299 0.0023641 0.00387935 0.00560366 0.00334883 -0.004061 -0.00215678
internal_weight=18605 13994 786 527 4611 2970 1641 1425 1751 1318 960 757 1153 830
internal_count=18605 13994 786 527 4611 2970 1641 1425 1751 1318 960 757 1153 830
is_linear=0
shrinkage=0.03


Tree=106
num_leaves=15
num_cat=0
split_feature=6 0 12 0 3 2 6 3 8 0 0 8 2 8
split_gain=14.2819 18.2585 16.7194 20.4747 17.5521 17.4904 15.4854 14.011 12.1766 27.3922 44.5852 19.4946 18.6871 17.0363
threshold=-0.20658951418937846 0.40765135318432427 -0.032824897181763173 0.57457890031683656 0.64447655748233823 0.84808241046849153 -0.32163341277900137 0.57142857142859182 0.062687087367435071 0.51918655301391292 0.59109307579429937 0.082293426677444534 0.69250740061435478 0.048321996614149536
decision_type=8 2 10 2 2 2 10 2 2 2 2 2 2 2
left_child=2 -2 3 6 7 -6 -1 -4 13 -10 11 -11 -12 -3
right_child=1 8 4 -5 5 -7 -8 -9 9 10 12 -13 -14 -15
leaf_value=0.0031847723444128873 -0.0069178594858611666 0.00044930466536161485 0.00041617346936478634 -0.010539773342179809 -0.0031072673870570209 0.0044686031394930029 -0.0054331475558380285 0.010479249361370291 0.011321091012558723 0.00037569423412021837 0.011357669196574084 -0.010853063027860354 0.0010265117301226437 -0.0038796124458695719
leaf_weight=309 304 12397 307 371 1516 330 463 205 284 280 327 271 302 871
leaf_count=309 304 12397 307 371 1516 330 463 205 284 280 327 271 302 871
internal_value=-0.000102411 0.000299543 -0.00182668 -0.00479586 -0.000380314 -0.00174456 -0.00198545 0.00450771 0.000450773 0.00304242 0.00101056 -0.00519491 0.00644461 0.000163771
internal_weight=18537 15036 3501 1143 2358 1846 772 512 14732 1464 1180 551 629 13268
internal_count=18537 15036 3501 1143 2358 1846 772 512 14732 1464 1180 551 629 13268
is_linear=0
shrinkage=0.03


Tree=107
num_leaves=15
num_cat=0
split_feature=4 4 8 12 10 11 8 4 4 3 5 12 5 3
split_gain=12.6376 19.8684 21.3472 21.4936 19.7997 24.0171 14.5945 14.3371 20.143 17.852 16.557 19.5416 16.3161 14.1463
threshold=0.086707872858636098 0.12322541892454447 -0.040071111051235016 0.009159873190049574 1.4942909877598651 0.20410102464651078 0.019463830580628876 0.26943060032883703 0.3102466796706933 0.94816635849162945 1.141595565307207 1.0000000180025095e-35 1.3358128517636427 0.92440861504035443
decision_type=2 2 2 8 2 2 2 2 2 2 2 8 2 2
left_child=4 2 -2 -4 5 -1 -5 9 -9 13 11 -10 -12 -3
right_child=1 7 3 6 -6 -7 -8 8 10 -11 12 -13 -14 -15
leaf_value=-0.011147035333989043 -0.0038139298364694698 -0.0017150655622197978 0.00961501432998077 0.0058742570441046894 -0.00030930410624786293 -0.0012146625026915837 -0.0044415230297579844 0.0047669234389366103 -0.01082668201573567 0.0030429076405564361 0.0086901167492533828 0.00076905262336802126 0.0003121750568258931 -0.0088448003267120167
leaf_weight=381 259 3388 578 259 2527 510 227 963 254 677 210 263 7793 266
leaf_count=381 259 3388 578 259 2527 510 227 963 254 677 210 263 7793 266
internal_value=-2.23179e-05 0.000349838 0.0038547 0.00573052 -0.00166856 -0.00550034 0.00105982 1.28952e-05 0.000666009 -0.00141626 0.000199966 -0.00497702 0.000537302 -0.00224547
internal_weight=18555 15137 1323 1064 3418 891 486 13814 9483 4331 8520 517 8003 3654
internal_count=18555 15137 1323 1064 3418 891 486 13814 9483 4331 8520 517 8003 3654
is_linear=0
shrinkage=0.03


Tree=108
num_leaves=15
num_cat=0
split_feature=7 4 5 8 10 9 13 0 4 4 3 3 4 8
split_gain=9.60117 10.751 18.1942 13.8248 12.089 11.3447 11.25 13.7629 12.3915 10.4882 15.9185 17.9475 15.3328 25.2136
threshold=3.1652975285044667 0.6039758955708755 1.141595565307207 -0.036660599259781636 1.915354572844695 1.2257944417527264 2.5000000000000004 0.54418716256966859 0.99534233282216411 0.52535137726200498 0.81250000000000044 0.69004768995057886 0.45468879773012855 -0.015130388945480395
decision_type=8 2 2 2 2 2 2 2 2 2 2 2 2 2
left_child=1 9 -3 4 -4 6 -5 -8 -9 12 11 -11 -1 -14
right_child=-2 2 3 5 -6 -7 7 8 -10 10 -12 -13 13 -15
leaf_value=0.00090053912607896021 -0.0052080088394292953 -0.0094762134887802756 -0.00066330930693101744 -0.002146909237633934 0.0072139520787508384 -0.0072363332483861868 -0.0033125503719097279 0.0081871290356767441 -0.00032384032128954964 0.0017406151401788278 0.00038106022903121241 0.014083946953351432 0.0034794200082548807 -0.0063611388575664897
leaf_weight=12461 269 208 344 1791 351 263 300 347 273 206 530 217 357 663
leaf_count=12461 269 208 344 1791 351 263 300 347 273 206 530 217 357 663
internal_value=0.00036652 0.000449813 -0.000951941 -0.000456451 0.0033381 -0.00134732 -0.000763746 0.00192596 0.00446695 0.000826526 0.00385989 0.00816333 0.000610739 -0.00291677
internal_weight=18580 18311 3877 3669 695 2974 2711 920 620 14434 953 423 13481 1020
internal_count=18580 18311 3877 3669 695 2974 2711 920 620 14434 953 423 13481 1020
is_linear=0
shrinkage=0.03


Tree=109
num_leaves=15
num_cat=0
split_feature=7 7 6 9 9 1 3 2 5 4 6 3 2 1
split_gain=15.1832 15.4749 23.7136 17.2345 13.0905 12.3407 17.8477 21.4472 19.9721 19.0559 22.2096 14.8628 20.8062 21.484
threshold=2.0849758261627014 1.6879808275541146 0.065108358507536726 0.90112828720023308 0.8550486146422317 0.52890053952225136 0.96000000000000629 0.53628203199439406 2.6421482418300521 0.4877467669268773 -0.079544027569168882 0.9285714285714245 0.85714285714284799 1.43856794707015
decision_type=10 10 8 2 2 2 2 2 2 2 8 2 2 2
left_child=1 5 3 -3 -2 -1 11 -8 9 10 -9 -7 13 -13
right_child=4 2 -4 -5 -6 6 7 8 -10 -11 -12 12 -14 -15
leaf_value=-0.0031032209243463432 -0.010263442580251634 0.015098690839166321 -0.0030151635753929993 0.0028582263558637354 -0.0010936820159338011 5.6201605069527718e-05 -0.0060206899398370928 0.017470035709631748 0.00081451268486195348 0.0015297689960022602 0.0051207863964869019 -0.0026520127651228956 0.0009338557258222217 -0.012773395915910347
leaf_weight=1145 233 200 233 215 344 12516 225 229 1028 358 312 534 637 290
leaf_count=1145 233 200 233 215 344 12516 225 229 1028 358 312 534 637 290
internal_value=-8.41872e-05 7.06529e-05 0.00460403 0.00886677 -0.00485291 -0.000100691 0.000113355 0.00265332 0.00367908 0.00693206 0.0104602 -0.000278526 -0.00313646 -0.00626971
internal_weight=18499 17922 648 415 577 17274 16129 2152 1927 899 541 13977 1461 824
internal_count=18499 17922 648 415 577 17274 16129 2152 1927 899 541 13977 1461 824
is_linear=0
shrinkage=0.03


Tree=110
num_leaves=15
num_cat=0
split_feature=10 10 10 5 14 7 8 13 8 12 9 12 3 7
split_gain=17.5384 8.32899 14.9547 20.6354 12.529 22.4026 19.4934 17.549 17.5235 16.9897 17.1854 16.3416 16.5584 14.9244
threshold=0.91079746894998581 1.9430839535812612 1.84002891588372 1.9277288114430664 1.0000000180025095e-35 1.6653790349816771 0.023141998381487065 2.5000000000000004 0.012459799526207526 0.1081221158453521 0.85656704924019633 0.017493274480011704 0.88888888888889717 0.60691901627943889
decision_type=2 2 2 2 2 8 2 2 2 8 2 10 2 10
left_child=-1 2 4 -4 -2 6 7 8 9 10 13 -8 -13 -6
right_child=1 -3 3 -5 5 -7 11 -9 -10 -11 -12 12 -14 -15
leaf_value=-0.0061956237290470362 -0.0013529655530405463 0.00051719025208067833 -0.012500621841855025 -0.0020616822991047111 -0.0059502063820759451 0.010416437446450193 0.0094914355470198334 0.0044123612397995128 -0.010529861912693618 -0.0069651533622999452 0.0046239152275735426 -0.0019702090640385389 0.0080597128830593792 0.0029317201202565973
leaf_weight=434 4438 9019 204 940 445 211 316 411 207 365 499 458 213 270
leaf_count=434 4438 9019 204 940 445 211 316 411 207 365 499 458 213 270
internal_value=-0.000271126 -0.000126566 -0.000773263 -0.00396947 -0.000304226 0.00106668 0.000431718 -0.00114206 -0.00242901 -0.00133714 0.000376607 0.00392294 0.00124972 -0.00259912
internal_weight=18430 17996 8977 1144 7833 3395 3184 2197 1786 1579 1214 987 671 715
internal_count=18430 17996 8977 1144 7833 3395 3184 2197 1786 1579 1214 987 671 715
is_linear=0
shrinkage=0.03


Tree=111
num_leaves=15
num_cat=0
split_feature=2 7 4 8 8 2 7 3 3 12 2 5 7 11
split_gain=8.99496 19.3548 14.8302 11.2863 14.6356 10.9118 25.7027 24.4834 19.4025 19.0886 28.0306 18.4122 22.6463 28.8733
threshold=0.16216216216216686 1.8300902528139618 0.21572536946078275 0.014274552014591676 -0.020463548343800805 0.47761194029850979 0.72239778430652746 0.87258104073695952 0.57692307692307965 0.050257683429811302 0.60196589866204542 2.0064092556009192 1.4170824277119158 1.1819816144154871
decision_type=2 8 2 2 2 2 10 2 2 8 2 2 10 2
left_child=3 5 -3 4 -1 7 -7 11 -8 -10 -11 -2 -13 -14
right_child=1 2 -4 -5 -6 6 8 -9 9 10 -12 12 13 -15
leaf_value=-0.0053829229700840218 0.0040722850033009655 0.0020526070062254296 0.012564150516943234 -0.0075424845429226204 0.0059258193897029146 5.005637316694786e-05 -0.0035497657599675857 -0.0068784213619860445 0.0024337768845975067 0.014382899660911214 0.0028444911265911991 -0.0031281108365932165 -0.0036705179902614205 0.0091130735192370277
leaf_weight=201 741 300 200 278 201 10455 346 550 2085 337 432 1714 281 355
leaf_count=201 741 300 200 278 201 10455 346 550 2085 337 432 1714 281 355
internal_value=0.000420937 0.000550644 0.00633999 -0.00295283 0.000274783 0.0003815 0.000770586 -0.00107676 0.00312094 0.00393445 0.00796123 -3.49999e-05 -0.001336 0.0034804
internal_weight=18476 17796 500 680 402 17296 13655 3641 3200 2854 769 3091 2350 636
internal_count=18476 17796 500 680 402 17296 13655 3641 3200 2854 769 3091 2350 636
is_linear=0
shrinkage=0.03


Tree=112
num_leaves=15
num_cat=0
split_feature=10 10 12 5 12 4 2 5 6 10 4 6 6 3
split_gain=12.6348 11.7926 15.3944 14.8204 15.6602 29.149 21.9382 17.689 20.0815 28.2686 16.8336 16.146 14.5739 13.0306
threshold=2.8423348098736674 2.091444879523674 -0.25585480975158598 3.8112242989680745 -0.011941958984657939 0.41094187438054847 0.84808241046849153 3.4520723778147109 -0.23935048522056188 2.5560048203483516 0.26405459103384649 -0.14988562598529778 0.14034415025293304 0.88888888888887918
decision_type=2 2 10 2 8 2 2 2 8 2 2 8 8 2
left_child=1 2 -1 4 5 -3 7 8 -6 11 -9 -10 -7 -13
right_child=-2 3 -4 -5 6 12 -8 10 9 -11 -12 13 -14 -15
leaf_value=0.0076592048624821753 -0.0023916826517973019 0.0023692254755789547 -0.0005228876671506407 -0.0045893788296242737 -0.0061122911371737244 -0.0077976263452444383 0.0091965127224723497 0.0019420673503643935 0.011261278104037046 -0.0042773032157241552 0.01305248981434049 0.00095570020426492222 0.0016896233805795994 0.0083430710419061336
leaf_weight=206 1882 1286 10817 351 312 517 445 265 235 473 227 910 200 277
leaf_count=206 1882 1286 10817 351 312 517 445 265 235 473 227 910 200 277
internal_value=-6.60638e-05 0.000199504 -0.000366576 0.00133375 0.00174174 -0.000331334 0.00306089 0.00203414 0.000880548 0.00204493 0.00714796 0.00415551 -0.00515788 0.00270739
internal_weight=18403 16521 11023 5498 5147 2003 3144 2699 2207 1895 492 1422 717 1187
internal_count=18403 16521 11023 5498 5147 2003 3144 2699 2207 1895 492 1422 717 1187
is_linear=0
shrinkage=0.03


Tree=113
num_leaves=15
num_cat=0
split_feature=9 10 9 9 0 0 6 5 5 9 12 3 10 5
split_gain=14.2393 28.7154 26.649 25.0662 15.6094 17.6409 17.022 20.842 19.5594 18.9188 16.3465 18.459 25.0913 25.0703
threshold=0.91360069066523575 1.3925959432227561 1.0398262552218249 0.89658862084329949 0.71189622715953449 0.66999370842425809 -0.024590709717972611 1.0575049887214467 1.0990940145543087 0.82898115319349597 0.11320990721087089 0.6818181818181891 1.7511751096439301 2.266340373986393
decision_type=2 2 2 2 2 2 10 2 2 2 10 2 2 2
left_child=3 2 -2 4 5 6 8 -8 -1 -10 11 12 13 -9
right_child=1 -3 -4 -5 -6 -7 7 10 9 -11 -12 -13 -14 -15
leaf_value=-0.0086548129897617409 0.0092581814268178683 -3.4695078480489959e-06 -0.00064491368353101412 -0.0062614947919644006 -0.0074338156030964607 0.0056087264471442987 0.0088645753575794725 -0.00045402052333054033 1.3113089156517191e-05 -0.0041296879793386787 -0.005101021152793192 0.0022452232804708633 0.0021937611778073593 -0.015154303315719334
leaf_weight=348 617 7165 402 752 286 418 263 201 3082 1458 454 2473 429 213
leaf_count=348 617 7165 402 752 286 418 263 201 3082 1458 454 2473 429 213
internal_value=-0.000267314 0.00066812 0.00536729 -0.00100503 -0.000591301 -0.000377888 -0.00066138 0.000780814 -0.00185089 -0.00132041 0.000205886 0.000939051 -0.00288334 -0.0081078
internal_weight=18561 8184 1019 10377 9625 9339 8921 4033 4888 4540 3770 3316 843 414
internal_count=18561 8184 1019 10377 9625 9339 8921 4033 4888 4540 3770 3316 843 414
is_linear=0
shrinkage=0.03


Tree=114
num_leaves=15
num_cat=0
split_feature=7 4 5 9 9 9 9 2 0 8 9 11 0 8
split_gain=12.7818 12.8394 16.0094 13.274 20.5588 19.5523 26.3264 16.6958 15.5347 14.251 12.5255 11.0409 17.3517 11.7026
threshold=2.0849758261627014 0.44091227761109181 1.141595565307207 1.0767874766459744 1.1753811635740268 0.97314195431304096 0.89796499759890158 0.57347799259562571 0.54920536292579059 0.015187782438552918 1.1177440225763362 -0.027491672607321906 0.549786998029553 0.049864583519742871
decision_type=10 2 2 2 2 2 2 2 2 2 2 2 2 2
left_child=1 -1 -3 5 10 6 7 8 -4 -6 -5 12 -9 -13
right_child=-2 2 3 4 9 -7 -8 11 -10 -11 -12 13 -14 -15
leaf_value=0.00053360143207057471 -0.0045015655950511862 -0.0075458215617421852 -2.1279895231507869e-05 -0.0037352122014219112 0.0036697563512957301 0.0040177083580627947 -0.0056109546742244467 0.0094061346658288608 0.0098063289310526235 -0.0056659983238753148 -0.014155764597068939 -0.0032320096675404805 -0.0009706642049261264 0.0033376535984000772
leaf_weight=11885 591 330 289 215 343 840 864 214 285 250 205 1379 427 292
leaf_count=11885 591 330 289 215 343 840 864 214 285 250 205 1379 427 292
internal_value=-0.00017992 -3.53543e-05 -0.00117458 -0.000792937 -0.00389215 -0.000105458 -0.00103317 0.000344648 0.00490083 -0.000280526 -0.00892813 -0.000794649 0.00253965 -0.00207746
internal_weight=18409 17818 5933 5603 1013 4590 3750 2886 574 593 420 2312 641 1671
internal_count=18409 17818 5933 5603 1013 4590 3750 2886 574 593 420 2312 641 1671
is_linear=0
shrinkage=0.03


Tree=115
num_leaves=15
num_cat=0
split_feature=8 2 1 10 11 6 5 9 0 6 0 11 10 1
split_gain=14.5064 14.9312 21.8393 18.7854 21.7607 18.563 20.7052 20.4339 21.8768 36.5119 19.393 27.3054 18.3016 16.3302
threshold=0.066476465311644264 0.77777777777779278 4.0353562436790833 2.0158185683968024 0.328305881497376 0.11771286631645229 2.6142279397666002 1.0722558942908105 0.60879998395505419 0.26696948385062841 0.52972143028840335 0.47541411715651555 1.9776369811414725 2.0270448702756512
decision_type=2 2 2 2 2 10 2 2 2 10 2 2 2 2
left_child=1 2 -1 4 -4 6 10 8 9 -7 -3 13 -11 -12
right_child=-2 5 3 -5 -6 7 -8 -9 -10 12 11 -13 -14 -15
leaf_value=-0.00048257333217225252 0.0027058065893503895 -0.0036414677923561163 -0.0073201891649597962 -0.0091678463470323285 0.0058897107511354952 0.017146136819233531 -0.0022317681260302629 -0.003994997699362025 -0.0015951631495282671 -0.0024841833659089529 0.0044744814299514605 -0.0044461336898803713 0.0097355569973587991 0.013825022051376956
leaf_weight=11465 1563 346 218 501 221 284 1721 209 237 229 712 245 205 219
leaf_count=11465 1563 346 218 501 221 284 1721 209 237 229 712 245 205 219
internal_value=-5.39684e-05 -0.000311271 -0.000844107 -0.00522779 -0.000678666 0.00118784 1.94851e-05 0.00442895 0.00628372 0.00887746 0.00256406 0.00439752 0.00333296 0.00673612
internal_weight=18375 16812 12405 940 439 4407 3243 1164 955 718 1522 1176 434 931
internal_count=18375 16812 12405 940 439 4407 3243 1164 955 718 1522 1176 434 931
is_linear=0
shrinkage=0.03


Tree=116
num_leaves=15
num_cat=0
split_feature=6 0 1 11 1 1 4 5 4 1 1 11 0 1
split_gain=9.97393 27.4662 22.8585 17.1531 11.4234 9.34037 8.52283 11.774 8.07798 8.24826 12.9279 18.8658 18.8295 11.8499
threshold=-0.39827188141660513 0.56564396034888509 1.43856794707015 0.57085831835144851 0.94185931364938613 9.3102751128080925 0.012710307232018424 2.8841576456123947 0.018094913008846244 4.3621516843540862 5.6289146404091239 1.0159254329510736 0.55478172514266333 2.7200553216325649
decision_type=10 2 2 2 2 2 2 2 2 2 2 2 2 2
left_child=1 2 4 -3 -1 6 7 -2 -8 13 11 -11 -12 -10
right_child=5 3 -4 -5 -6 -7 8 -9 9 10 12 -13 -14 -15
leaf_value=-0.0017095441538594366 -0.00096222840505474395 0.0025971035029561744 -0.0075116936036265722 0.014126289963190045 0.007768642358449907 0.005854369717014727 -0.0063444483564343559 0.0083329987390038784 -0.00061708561987513426 -0.011316400724744435 -0.005322351735005987 0.00058074366882806877 0.0070089891644300149 0.0020283670922207901
leaf_weight=222 257 247 298 219 228 209 210 228 13871 293 230 200 207 1707
leaf_count=222 257 247 298 219 228 209 210 228 13871 293 230 200 207 1707
internal_value=-0.000191358 0.00243211 -0.00113415 0.00810777 0.00312533 -0.000374917 -0.000452276 0.00344793 -0.000566421 -0.000491019 -0.0032279 -0.0065326 0.00053202 -0.000326645
internal_weight=18626 1214 748 466 450 17412 17203 485 16718 16508 930 493 437 15578
internal_count=18626 1214 748 466 450 17412 17203 485 16718 16508 930 493 437 15578
is_linear=0
shrinkage=0.03


Tree=117
num_leaves=15
num_cat=0
split_feature=11 1 9 1 10 9 12 6 6 11 10 1 12 9
split_gain=10.5934 21.4503 21.6422 18.04 24.0232 40.0865 16.6025 24.4834 21.5169 20.4125 16.2092 15.3112 14.408 12.6196
threshold=0.73023962388031738 0.43975450369944863 0.6355000488820145 0.53883331634319909 1.3925959432227561 0.7808193146549024 0.064972891859430351 -0.037061922930437301 -0.11261108632951887 -0.5501392356279674 1.4302155208308827 5.6289146404091239 0.060503108023121595 0.91360069066523575
decision_type=2 2 2 2 2 2 10 8 10 2 2 2 8 2
left_child=6 -2 -3 -4 5 -5 11 8 9 -8 -9 12 -1 -7
right_child=1 2 3 4 -6 13 7 10 -10 -11 -12 -13 -14 -15
leaf_value=-0.0011216862199667727 0.0099844390025119415 0.009717966864078208 -0.0071568871919925397 -0.0044144810483820974 0.00010822235505212977 0.0056508518590440392 -0.0043636613606642454 0.0049515366289568574 0.013351150714952078 0.0066275834879524652 -0.0031314875735655744 0.0056103957755289768 -0.0088251682644089058 0.014944549431430729
leaf_weight=7757 225 227 268 243 6652 284 229 299 234 432 837 291 220 257
leaf_count=7757 225 227 268 243 6652 284 229 299 234 432 837 291 220 257
internal_value=0.000144881 0.000952257 0.000689888 0.000417743 0.000695365 0.00564484 -0.00049465 0.00193253 0.00562898 0.00281555 -0.000991626 -0.00109169 -0.00133954 0.0101622
internal_weight=18455 8156 7931 7704 7436 784 10299 2031 895 661 1136 8268 7977 541
internal_count=18455 8156 7931 7704 7436 784 10299 2031 895 661 1136 8268 7977 541
is_linear=0
shrinkage=0.03


Tree=118
num_leaves=15
num_cat=0
split_feature=0 13 11 2 7 7 8 0 3 11 11 0 12 8
split_gain=11.3316 21.6074 17.929 16.1534 15.7862 17.6757 14.6983 14.4894 14.3145 17.7142 15.3816 14.1533 12.9885 12.2916
threshold=0.55162193415767302 7.5000000000000009 0.46035861088577201 0.38235294117647639 0.63055167355061881 0.78259225856875891 -0.015130388945480395 0.54257589880747592 0.77777777777778667 0.70808808476069407 1.0534135165174077 0.51289232694877251 -1.0000000180025095e-35 -0.074418643621681504
decision_type=2 2 2 2 8 10 2 2 2 2 2 2 10 2
left_child=1 2 3 6 7 -6 -1 -4 9 -7 -11 12 -10 -2
right_child=13 -3 4 -5 5 8 -8 -9 11 10 -12 -13 -14 -15
leaf_value=-0.010419338639674848 -0.0036049637851764019 -0.0088094871621578925 -0.0003018875667577857 -0.00098765303215468973 0.0070378788085603298 -0.0086262287948120145 -0.0020017004340029446 -0.0079554053395986552 -0.0039840987037932955 0.0065667900431325386 -0.00086851700499241237 0.009440061166912558 0.0063572388544890545 0.0010753219351648873
leaf_weight=341 531 280 1711 3223 542 204 412 251 222 312 1188 305 206 8777
leaf_count=341 531 280 1711 3223 542 204 412 251 222 312 1188 305 206 8777
internal_value=6.88126e-05 -0.000677841 -0.000417708 -0.00191609 0.000788749 0.00216346 -0.00585726 -0.00129874 0.00106718 -0.000443154 0.000694705 0.00455746 0.00100921 0.00080653
internal_weight=18505 9197 8917 3976 4941 2979 753 1962 2437 1704 1500 733 428 9308
internal_count=18505 9197 8917 3976 4941 2979 753 1962 2437 1704 1500 733 428 9308
is_linear=0
shrinkage=0.03


Tree=119
num_leaves=15
num_cat=0
split_feature=0 6 7 7 2 12 10 0 1 11 7 1 10 1
split_gain=12.7766 15.1462 32.1626 14.2425 13.1989 16.8645 19.755 44.5556 19.4553 29.742 17.2297 14.763 24.6258 19.171
threshold=0.64433740207683099 -0.1703191960315362 0.22905486323305602 0.35930525917510309 0.77777777777779278 -0.011941958984657939 1.6105178269560214 0.55992767505849994 3.7724620077356961 1.1968866698173781 0.10274464251410098 2.2264638518652684 2.3409424625961903 1.4197573503982301
decision_type=2 10 8 8 2 8 2 2 2 2 10 2 2 2
left_child=4 3 -3 -2 -1 6 7 -6 9 11 -11 12 13 -7
right_child=1 2 -4 -5 5 8 -8 -9 -10 10 -12 -13 -14 -15
leaf_value=-0.00024729481605979532 0.0066186678537758451 -0.0094690830754606357 -0.00014982382162925925 -0.0033456535146598743 -0.0048569066776143902 0.0011488891117847882 -0.0029938671984558189 0.012628605325869024 0.012109214459424433 0.0029359324223978416 -0.0080866537607413771 -0.0014673539496298077 0.014000342961358414 0.0096508697314844644
leaf_weight=12603 274 565 803 236 252 775 1070 264 202 208 317 311 259 341
leaf_count=12603 274 565 803 236 252 775 1070 264 202 208 317 311 259 341
internal_value=-3.62326e-05 -0.00237819 -0.00401925 0.00202001 0.000229323 0.00172984 -0.000672242 0.00412451 0.00330678 0.00247707 -0.00373311 0.00441617 0.00574741 0.00377818
internal_weight=18480 1878 1368 510 16602 3999 1586 516 2413 2211 525 1686 1375 1116
internal_count=18480 1878 1368 510 16602 3999 1586 516 2413 2211 525 1686 1375 1116
is_linear=0
shrinkage=0.03


Tree=120
num_leaves=15
num_cat=0
split_feature=12 3 9 6 6 9 5 12 5 11 4 12 6 9
split_gain=11.2275 30.5144 22.7956 18.065 28.3294 22.632 16.9166 29.2818 26.3005 17.1158 25.4794 16.4146 26.8758 22.0546
threshold=0.052044840627587914 0.98684210526312366 0.87558471813827266 -0.06336129202046141 -0.16585310440176984 1.014939285297501 2.8748897659730592 0.080761557269835985 3.2658392814418398 0.46035861088577201 0.32349816112811863 0.040519950592305905 -0.12500987300325986 0.86135543576993301
decision_type=8 2 2 10 10 2 2 8 2 2 2 10 10 2
left_child=11 2 6 4 5 -4 9 -8 -9 10 -2 -1 -13 -14
right_child=1 -3 3 -5 -6 -7 7 8 -10 -11 -12 12 13 -15
leaf_value=-0.00033413411752814529 -0.0059063220163034389 0.010412069307052449 -0.0033887864310082382 -1.9856257656944237e-06 0.012021274328678846 0.0072642363720174345 0.0098789273196796205 0.0055283066112962031 -0.0082778393899316256 -0.0082334004645188592 0.0042826344182386117 0.0023185179593773293 -0.0013456857922237093 -0.013197063181247842
leaf_weight=12914 477 291 364 1191 370 345 260 211 288 488 403 331 241 341
leaf_count=12914 477 291 364 1191 370 345 260 211 288 488 403 331 241 341
internal_value=-0.000179658 0.00108835 0.000460165 0.00254841 0.00535055 0.00180955 -0.00176922 0.00181495 -0.00244304 -0.00375717 -0.00124241 -0.000609809 -0.00448606 -0.0083428
internal_weight=18515 4688 4397 2270 1079 709 2127 759 499 1368 880 13827 913 582
internal_count=18515 4688 4397 2270 1079 709 2127 759 499 1368 880 13827 913 582
is_linear=0
shrinkage=0.03


Tree=121
num_leaves=15
num_cat=0
split_feature=12 5 5 6 12 6 4 8 5 6 13 12 4 10
split_gain=8.40691 21.658 14.1245 13.495 12.3525 24.947 19.7941 18.9721 18.5928 18.1069 17.1088 19.1932 16.469 14.8418
threshold=-0.010633883427756783 0.63630053672321052 3.9015833203612833 0.81717120702250701 0.0084804856804097124 0.10634951780246583 0.26662030929909858 -0.0059108665364643502 1.3019823756613402 0.12126027126027129 1.0000000180025095e-35 -0.0051574923841248279 0.23169486784967738 1.5177994608502108
decision_type=8 2 2 8 10 10 2 2 2 10 2 8 2 2
left_child=2 -2 3 -1 5 10 9 -7 -8 12 -3 -12 -6 -13
right_child=1 4 -4 -5 6 7 8 -9 -10 -11 11 13 -14 -15
leaf_value=-0.0014103878749895649 -0.0089088050050472999 -0.0020688356673870963 0.0064713146789404357 0.0040181378359059909 0.00058134910472026533 0.0014427125270236028 0.0088655095978787055 0.013108770460882163 0.00094881715549161743 -0.0048629874640513521 0.011212367156109253 -0.0053572239664693676 -0.0065124611469270944 0.0038826021564361654
leaf_weight=6786 213 898 225 434 2546 214 280 303 4263 1032 226 211 328 564
leaf_count=6786 213 898 225 434 2546 214 280 303 4263 1032 226 211 328 564
internal_value=-6.97662e-05 0.000454114 -0.000849071 -0.00108152 0.000641681 0.00253094 0.000100269 0.00833995 0.00144596 -0.00146473 0.00093169 0.00362037 -0.000238148 0.00134877
internal_weight=18523 11078 7445 7220 10865 2416 8449 517 4543 3906 1899 1001 2874 775
internal_count=18523 11078 7445 7220 10865 2416 8449 517 4543 3906 1899 1001 2874 775
is_linear=0
shrinkage=0.03


Tree=122
num_leaves=15
num_cat=0
split_feature=12 8 9 9 11 9 8 11 9 9 11 1 0 3
split_gain=12.0827 20.2549 18.6924 19.5396 13.2942 22.8764 21.902 27.9373 27.3816 19.6779 32.7558 20.3271 18.22 16.7159
threshold=-0.12425488551840495 -0.040836887922268944 0.95794143349084127 1.0872994903758213 1.5150597198738796 0.74424177859342933 0.060592243002463804 1.7517261927770822 1.0000802665424056 0.9886036928619617 1.4317276765511846 2.4350690860099107 0.54257589880747592 0.5600453514739423
decision_type=10 2 2 2 2 2 2 2 2 2 2 2 2 2
left_child=1 -1 -3 -4 9 -6 7 -7 12 10 11 13 -9 -2
right_child=4 2 3 -5 5 6 -8 8 -10 -11 -12 -13 -14 -15
leaf_value=-0.0055881951052163328 0.0055935808952092686 0.001659622056328732 0.016086114741728774 0.0029765697116215179 0.0046067829390231668 -0.0085187243593182818 0.003228153906075022 -0.00076425429967045785 0.0029671342610112154 -0.0013341150543237745 0.011314917122911926 -0.0021390433537060291 -0.0080859783212746499 0.0010626020374102485
leaf_weight=205 814 731 205 205 468 733 507 620 721 3835 275 1632 601 7010
leaf_count=205 814 731 205 205 468 733 507 620 721 3835 275 1632 601 7010
internal_value=0.000266675 0.00299861 0.00455903 0.00964618 5.22757e-05 -0.00155366 -0.00246552 -0.00354867 -0.00165569 0.000484773 0.00120192 0.000901985 -0.00438643 0.00153727
internal_weight=18562 1346 1141 410 17216 3650 3182 2675 1942 13566 9731 9456 1221 7824
internal_count=18562 1346 1141 410 17216 3650 3182 2675 1942 13566 9731 9456 1221 7824
is_linear=0
shrinkage=0.03


Tree=123
num_leaves=15
num_cat=0
split_feature=12 9 7 2 11 6 8 9 6 9 9 6 4 6
split_gain=12.2445 10.5784 10.2811 23.2145 16.933 16.2215 18.5868 18.4846 17.2855 20.5506 25.0012 17.8233 23.2466 18.4229
threshold=0.17417075051187367 0.9498096604100259 0.65852956287594533 0.82585667169768862 -0.059137721969683345 -0.02700999497554479 0.069258079046786228 1.1326065654798458 -0.39827188141660513 0.9886036928619617 0.96039175387864317 -0.12291212741124428 0.10719581913908606 -0.14534059302289773
decision_type=10 2 8 2 2 8 2 2 10 2 2 10 2 10
left_child=2 -2 5 4 -4 6 7 8 -1 10 11 13 -13 -10
right_child=1 -3 3 -5 -6 -7 -8 -9 9 -11 -12 12 -14 -15
leaf_value=0.0043130819987453207 -0.0061768075993411161 0.0018433913162776401 -0.001953488172084415 0.0096926605097580783 0.0014135079451701566 0.00072809318696419073 0.0047533315736055367 0.0029487630015106073 -0.0023304553628439675 -0.0077995555021089357 0.0073233494927397872 -0.015093734592631244 -0.0039455263623849376 0.0066975819528231331
leaf_weight=279 510 205 1752 258 5721 4831 370 555 1653 755 221 202 939 227
leaf_count=279 510 205 1752 258 5721 4831 370 555 1653 755 221 202 939 227
internal_value=-4.51846e-05 -0.00388048 0.000110243 0.000932089 0.000623358 -0.000523248 -0.00168515 -0.00218267 -0.00285137 -0.00335623 -0.00231104 -0.00302678 -0.00597642 -0.00122549
internal_weight=18478 715 17763 7731 7473 10032 5201 4831 4276 3997 3242 3021 1141 1880
internal_count=18478 715 17763 7731 7473 10032 5201 4831 4276 3997 3242 3021 1141 1880
is_linear=0
shrinkage=0.03


Tree=124
num_leaves=15
num_cat=0
split_feature=3 7 11 3 1 5 5 1 2 12 12 11 2 5
split_gain=13.0782 30.3186 28.1936 26.1608 20.3096 25.7424 19.7064 16.2002 23.9762 14.4164 14.2919 14.1925 12.084 10.7649
threshold=0.95294117647057719 0.11013247393820559 -1.0914325525121591 0.92708333333333492 1.0766174476336059 2.6142279397666002 3.32407594814832 0.61785160742984069 0.83783783783783028 0.028072780112392341 0.052044840627587914 -0.076373773796488229 0.60196589866204542 3.9296275016731417
decision_type=2 10 2 2 2 2 2 2 2 8 8 2 2 2
left_child=3 2 -2 13 12 11 -7 -4 -9 -10 -5 -6 -3 -1
right_child=1 4 7 10 5 6 -8 8 9 -11 -12 -13 -14 -15
leaf_value=-0.00018743495169564731 -0.0047138079319200997 -0.011074278220786887 0.0012425213910960008 -0.0063466463799953061 0.0015774002402532295 -0.0074655589478259728 0.0030768731360104407 0.017429967255771908 0.0018753058863122288 0.012067770562270312 0.00072017276296549931 0.012238994845124177 -0.0012909006068097335 0.0055839710154881083
leaf_weight=14076 211 231 297 968 239 347 288 234 323 201 349 210 222 292
leaf_count=14076 211 231 297 968 239 347 288 234 323 201 349 210 222 292
internal_value=-0.000102414 0.0017832 0.00521155 -0.000439846 -0.00104841 0.0011845 -0.00269743 0.0072095 0.00952401 0.00586212 -0.00447833 0.00664377 -0.00634621 -6.82413e-05
internal_weight=18488 2803 1266 15685 1537 1084 635 1055 758 524 1317 449 453 14368
internal_count=18488 2803 1266 15685 1537 1084 635 1055 758 524 1317 449 453 14368
is_linear=0
shrinkage=0.03


Tree=125
num_leaves=15
num_cat=0
split_feature=10 6 9 12 1 6 5 0 9 0 5 12 12 10
split_gain=11.4956 24.8037 21.9319 12.6863 11.8052 11.4233 20.2717 25.0901 22.6289 21.1038 19.3564 14.7291 11.2071 10.1193
threshold=2.8713645382765214 0.2065329966784121 0.9263888127560832 -0.028566012873863397 1.5152327890640047 0.36774629440935719 2.0064092556009192 0.55992767505849994 1.014939285297501 0.55865373689881648 2.9106546939897662 -0.040026219258870725 0.019771831403847921 2.43193514050003
decision_type=2 8 2 10 2 10 2 2 2 2 2 10 10 2
left_child=5 2 4 -4 -2 13 9 8 10 -7 -8 -9 -5 -1
right_child=1 -3 3 12 -6 6 7 11 -10 -11 -12 -13 -14 -15
leaf_value=-0.00071386320363952085 -0.0097479309408288247 -0.0096090603425365434 -0.003165249135276741 0.0095351247383123235 -0.00077033211698844322 0.0018364298410629958 0.012087494935395366 -0.011141081468071631 -0.0048357349438993835 0.01471063444625984 0.00095525647947289024 -0.00073083424384330772 0.0010612318634674578 0.0014390860584770414
leaf_weight=12775 280 362 267 242 247 262 288 201 204 201 272 303 329 2317
leaf_count=12775 280 362 267 242 247 262 288 201 204 201 272 303 329 2317
internal_value=-0.000357619 -0.00268483 -0.000820149 0.00219298 -0.005587 -0.000117987 0.00218671 0.00021635 0.00363534 0.0075229 0.00673671 -0.0049512 0.00470421 -0.000382964
internal_weight=18550 1727 1365 838 527 16823 1731 1268 764 463 560 504 571 15092
internal_count=18550 1727 1365 838 527 16823 1731 1268 764 463 560 504 571 15092
is_linear=0
shrinkage=0.03


Tree=126
num_leaves=15
num_cat=0
split_feature=13 1 12 0 7 6 0 6 9 3 3 2 6 11
split_gain=13.0315 8.3501 13.5891 13.4232 13.2168 38.082 19.0167 18.0041 26.6678 30.4334 23.6666 17.665 23.2811 17.3602
threshold=10.500000000000002 0.92133704582736231 0.14972008013698909 0.63241679335361844 0.061226260933535996 0.091513617816636264 0.60007607752545999 -0.058905416832555728 1.1948365473597553 0.50556892317614821 0.51936405690016818 0.4805424257721202 -0.2483257844660853 1.0008057153662244
decision_type=2 2 8 2 10 10 2 8 2 2 2 2 10 2
left_child=1 2 3 -1 5 6 -3 8 9 13 -9 12 -11 -6
right_child=-2 4 -4 -5 7 -7 -8 10 -10 11 -12 -13 -14 -15
leaf_value=-2.9762235573720206e-05 -0.0068322000702417734 -0.003320447259472083 -0.0074234321215855227 -0.0046039059713370812 0.013770139167917535 0.011251494197555237 0.0052777966258563385 -0.0059942704967127086 0.0086617435987224704 -0.011235138474787035 -0.00030177447687837727 0.00090657487267281958 -0.00041849447159969495 0.0022775479622425573
leaf_weight=4384 249 585 275 660 230 377 376 737 416 264 5765 3410 537 243
leaf_count=4384 249 585 275 660 230 377 376 737 416 264 5765 3410 537 243
internal_value=-8.37799e-05 1.00942e-05 -0.000990005 -0.000632249 0.000421409 0.0032389 5.3599e-05 9.52269e-05 0.00142885 0.000777925 -0.000951128 -3.63195e-05 -0.00403111 0.00795149
internal_weight=18508 18259 5319 5044 12940 1338 961 11602 5100 4684 6502 4211 801 473
internal_count=18508 18259 5319 5044 12940 1338 961 11602 5100 4684 6502 4211 801 473
is_linear=0
shrinkage=0.03


Tree=127
num_leaves=15
num_cat=0
split_feature=3 3 4 2 5 5 4 0 10 2 11 12 2 11
split_gain=9.55524 35.7902 18.5897 17.6423 22.6371 29.4207 21.6686 20.4758 19.1728 18.3854 14.1789 13.5912 12.9642 11.2981
threshold=0.95294117647057719 0.92708333333333492 0.71115537977029586 0.5303030303030235 2.6421482418300521 2.8489540268448921 0.4454026975566035 0.57190805563064873 2.1670418412058861 0.91836734693880906 1.3736640788481418 -0.031946109750297096 0.85714285714284799 0.028092027303495349
decision_type=2 2 2 2 2 2 2 2 2 2 2 8 2 2
left_child=1 -1 11 -2 6 -6 9 10 -9 -5 -7 -3 -13 -8
right_child=3 2 -4 4 5 7 13 8 -10 -11 -12 12 -14 -15
leaf_value=0.00016051171433173066 -0.0047881007573641506 -0.0080707704168946851 -0.012162710299546069 0.012228331106300113 -0.0099172405960391563 0.0016223410272100211 -0.0036914965266847421 0.0010402868016291473 0.012715706636024787 0.0015143253696020518 -0.0082446073529855255 -0.0039379100210178604 0.0044967407772862865 0.0052947446715976548
leaf_weight=14393 334 340 259 471 227 340 252 290 221 209 207 431 258 242
leaf_count=14393 334 340 259 471 227 340 252 290 221 209 207 431 258 242
internal_value=1.91433e-05 -0.000268941 -0.00505001 0.00163415 0.00251442 -0.000239004 0.0055164 0.0018744 0.00616402 0.00897044 -0.00215244 -0.00320958 -0.000769864 0.000719614
internal_weight=18474 15681 1288 2793 2459 1285 1174 1058 511 680 547 1029 689 494
internal_count=18474 15681 1288 2793 2459 1285 1174 1058 511 680 547 1029 689 494
is_linear=0
shrinkage=0.03


Tree=128
num_leaves=15
num_cat=0
split_feature=7 0 7 0 0 3 11 1 1 11 1 1 12 7
split_gain=12.6899 26.0654 11.0268 20.6974 10.5667 16.9185 9.97524 19.6117 29.9853 11.7624 13.1512 17.1247 12.227 12.0038
threshold=-0.25235265093064202 0.6500926940325763 -0.16150434076764911 0.56641461896258838 0.53706942635265065 0.94816635849162945 1.5606300564177586 1.0346881854152978 0.65864450487480242 2.0264138742209021 1.2414770112957429 1.9799642321885476 0.022770750908134466 0.83891720455750995
decision_type=8 2 8 2 2 2 2 2 2 2 2 2 10 10
left_child=1 4 3 -2 -1 -6 -4 8 -8 10 -9 13 -13 -12
right_child=2 -3 6 -5 5 -7 7 9 -10 -11 11 12 -14 -15
leaf_value=0.0098236287907026345 -0.011831433596360741 -0.0065347420510191183 0.00028772606471761102 0.0012239349683967687 -0.0014749343126990904 0.0084688359659017207 0.002978074487910925 0.0046707668458776811 -0.0086619392304640754 0.0018035525471517815 -0.01114587296900295 -0.0041917072970153119 0.0045913259095425232 -0.0017274349663352619
leaf_weight=299 201 203 13315 231 344 272 281 205 662 1338 310 288 273 202
leaf_count=299 201 203 13315 231 344 272 281 205 662 1338 310 288 273 202
internal_value=-1.08908e-05 0.00307949 -0.000211367 -0.00491631 0.00523641 0.00294866 -8.9493e-05 -0.00149918 -0.00519597 -0.000159206 -0.00221313 -0.00354389 8.51915e-05 -0.00748265
internal_weight=18424 1118 17306 432 915 616 16874 3559 943 2616 1278 1073 561 512
internal_count=18424 1118 17306 432 915 616 16874 3559 943 2616 1278 1073 561 512
is_linear=0
shrinkage=0.03


Tree=129
num_leaves=15
num_cat=0
split_feature=9 9 0 5 6 13 11 2 3 2 13 0 6 12
split_gain=11.9842 10.2318 9.58495 14.0456 12.0876 17.9154 26.5619 16.503 14.6169 11.6515 11.5521 25.5084 13.2328 10.9854
threshold=0.58461768794671698 0.61430999677751708 0.62960657619331106 1.3358128517636427 -0.12745623615090132 1.0000000180025095e-35 0.57085831835144851 0.63636363636364301 0.68749999999999845 0.062828947368426105 5.5000000000000009 0.57593009212356294 0.056916725262587405 0.026651031391918382
decision_type=2 2 2 2 10 2 2 2 2 2 2 2 8 10
left_child=-1 -2 9 -4 5 -5 -7 8 -6 -3 -11 12 -12 -9
right_child=1 2 3 4 7 6 -8 13 -10 10 11 -13 -14 -15
leaf_value=-0.007136656414734292 0.006278335863699293 -0.0064440408490274931 -0.0094218110662062197 -0.0032032868814115462 -0.0034570171553725084 -0.0010796249102756911 0.013308153917449852 -0.0072708379437248036 0.0074376527998781848 0.00040526903691244477 -0.008290180198793979 0.0050559937206782262 0.000744022176033113 -0.00072891226130954471
leaf_weight=216 218 237 201 375 218 248 210 656 216 14430 527 260 200 357
leaf_count=216 218 237 201 375 218 248 210 656 216 14430 527 260 200 357
internal_value=-0.000192294 -0.000108643 -0.00018713 -0.00191759 -0.00123686 0.00163587 0.00558987 -0.00289055 0.00198817 8.76549e-05 0.000190121 -0.00294155 -0.00581674 -0.00498025
internal_weight=18569 18353 18135 2481 2280 833 458 1447 434 15654 15417 987 727 1013
internal_count=18569 18353 18135 2481 2280 833 458 1447 434 15654 15417 987 727 1013
is_linear=0
shrinkage=0.03


Tree=130
num_leaves=15
num_cat=0
split_feature=2 7 10 6 10 9 9 6 3 5 0 8 6 4
split_gain=9.69101 18.3447 13.4275 20.1936 9.93299 13.4482 15.4513 9.97667 22.8094 19.4308 19.6237 19.877 20.0595 22.9526
threshold=0.17213114754098668 1.8705494575361814 1.7246514971496258 0.014402818033717237 3.0979813491128101 0.99052173709998403 0.87208450333062715 0.15332444051670682 0.6818181818181891 1.3915012104836044 0.64433740207683099 0.050645765365477019 0.21200051593117666 0.37723230461013424
decision_type=2 8 2 8 2 2 2 8 2 2 2 2 8 2
left_child=2 4 -1 -4 7 6 -6 -2 -9 -10 11 12 -11 -14
right_child=1 -3 3 -5 5 -7 -8 8 9 10 -12 -13 13 -15
leaf_value=-0.0092188425704199054 -0.00060875831942688028 0.006152057194554094 0.0039033342580951282 -0.0081579947965901081 -0.0014777928106834955 0.0002110374521671598 -0.013012637072594238 -0.0030311123830292571 0.0094779351294435408 0.0071518260598390122 -0.006546392068563704 0.0088292391898752258 -0.0026703984999912789 0.0036754229463050641
leaf_weight=252 12141 397 315 200 209 436 207 952 297 426 246 352 1195 891
leaf_count=252 12141 397 315 200 209 436 207 952 297 426 246 352 1195 891
internal_value=-0.000326855 -0.000183684 -0.00361731 -0.000814081 -0.000330371 -0.00347942 -0.00730386 -0.000166761 0.00106361 0.00221054 0.00150242 0.00220397 0.00125989 4.24203e-05
internal_weight=18516 17749 767 515 17352 852 416 16500 4359 3407 3110 2864 2512 2086
internal_count=18516 17749 767 515 17352 852 416 16500 4359 3407 3110 2864 2512 2086
is_linear=0
shrinkage=0.03


Tree=131
num_leaves=15
num_cat=0
split_feature=2 9 14 2 11 12 10 4 9 11 6 0 0 2
split_gain=9.72093 21.9519 10.4339 8.89898 20.98 27.5637 24.2651 21.863 15.0805 9.7101 17.9596 19.664 13.0963 20.36
threshold=0.9149616457461589 0.95394558319450251 1.0000000180025095e-35 0.84615384615382849 0.70808808476069407 -0.0037661953873506233 1.5612123183456257 0.4280702533099694 0.95167065591375899 0.63924776957497365 0.95614847727936159 0.54143648295905455 0.50908376182372594 0.76767676767676696
decision_type=2 2 2 2 2 8 2 2 2 2 8 2 2 2
left_child=3 2 -2 9 5 7 -7 -5 -6 12 -11 -12 13 -1
right_child=1 -3 -4 4 8 6 -8 -9 -10 10 11 -13 -14 -15
leaf_value=0.00042090922894770185 -0.0086234114335166454 0.0033209459917373993 -0.0017413888147680189 0.0052343410813034726 0.0016914521452660362 0.00035435357562652449 0.013049727111737028 -0.0076321008974966926 -0.0083052508818991146 0.00050685138387951694 0.00029636003694883208 0.013525817435507367 -0.0013309136955295372 0.010261429476905877
leaf_weight=1700 412 389 384 255 337 200 417 214 221 7359 200 200 6034 208
leaf_count=1700 412 389 384 255 337 200 417 214 221 7359 200 200 6034 208
internal_value=0.000131516 -0.00249152 -0.00533503 0.000311387 0.00240789 0.00482963 0.00897046 -0.000655066 -0.00230641 9.1172e-05 0.000845698 0.00699641 -0.000646037 0.00151769
internal_weight=18530 1185 796 17345 1644 1086 617 469 558 15701 7759 400 7942 1908
internal_count=18530 1185 796 17345 1644 1086 617 469 558 15701 7759 400 7942 1908
is_linear=0
shrinkage=0.03


Tree=132
num_leaves=15
num_cat=0
split_feature=12 3 13 1 9 10 6 11 1 10 12 9 4 4
split_gain=20.6847 19.7436 13.8307 20.8668 14.5125 14.8545 13.6606 36.1743 29.0727 10.5209 17.5163 23.3534 16.2882 31.0641
threshold=0.1081221158453521 0.54189083317483211 1.5000000000000002 1.3924554627421024 0.99791809435322854 1.450990464125671 -0.42196190509408821 -0.31770231401959792 1.5543345859968818 2.1230399167815537 0.071234926881642527 0.79503311981132674 0.17405689466676336 0.47824361691303785
decision_type=10 2 2 2 2 2 10 2 2 2 8 2 2 2
left_child=6 -2 4 -4 5 -3 7 -1 -9 -8 11 12 -11 -14
right_child=1 2 3 -5 -6 -7 9 8 -10 10 -12 -13 13 -15
leaf_value=-0.0069397910669880001 0.0056088712793897905 -0.0017322285449880314 -0.0073408136147667061 0.0045798780727467504 4.0652588822624898e-05 -0.010477656715480257 -0.00051699877203725461 0.01249037218073565 -0.00074299392876801666 -0.0010538160877105907 0.0060889336815235879 -0.00036223615781617673 0.012899356847123582 0.00020756701118079945
leaf_weight=201 207 249 215 326 270 600 9732 394 238 308 563 4534 382 315
leaf_count=201 207 249 215 326 270 600 9732 394 238 308 563 4534 382 315
internal_value=-4.28986e-05 -0.00303298 -0.00412422 -0.000181391 -0.00602116 -0.0079379 0.000292853 0.00402567 0.00754021 9.52671e-05 0.00107139 0.000556356 0.00468181 0.0072058
internal_weight=18534 1867 1660 541 1119 849 16667 833 632 15834 6102 5539 1005 697
internal_count=18534 1867 1660 541 1119 849 16667 833 632 15834 6102 5539 1005 697
is_linear=0
shrinkage=0.03


Tree=133
num_leaves=15
num_cat=0
split_feature=7 7 9 11 4 1 8 10 3 0 4 4 3 4
split_gain=8.81682 30.1226 15.5083 12.822 19.6392 16.8136 18.3261 18.7481 18.7583 18.651 15.6004 15.5821 18.3162 29.4014
threshold=1.089795151687351 1.1237481236276208 1.2021277944146966 1.2932731715845101 0.87442640993427456 2.2264638518652684 0.062687087367435071 1.0151112740169317 0.89353998278021884 0.65995463514453889 0.086707872858636098 0.10945588379218842 0.96000000000000629 0.41875028210993459
decision_type=8 8 2 2 2 2 2 2 2 2 2 2 2 2
left_child=3 -2 -3 5 -5 6 7 8 -1 10 -9 -12 -13 -14
right_child=1 2 -4 4 -6 -7 -8 9 -10 -11 11 12 13 -15
leaf_value=-0.0096765644006707036 0.011952075110182064 1.8650093181773962e-05 0.0068935197993812173 -0.0028381570544956398 0.0036248633324554779 -0.0024078699771454123 0.0052956949628962706 -0.001806353810662885 0.0018963596923499589 -0.004248196929286404 0.0081346177754052177 0.00058775269841180124 0.0097241523696089179 -0.00086707634140063871
leaf_weight=319 217 3563 317 3042 487 1921 708 1349 204 636 322 4511 541 414
leaf_count=319 217 3563 317 3042 487 1921 708 1349 204 636 322 4511 541 414
internal_value=-2.3384e-05 0.0012042 0.000588483 -0.000371639 -0.0019424 0.000136405 0.00068026 0.000283415 -0.00518725 0.000654602 0.00109417 0.00177117 0.00138921 0.00515217
internal_weight=18551 4097 3880 14454 3529 10925 9004 8296 523 7773 7137 5788 5466 955
internal_count=18551 4097 3880 14454 3529 10925 9004 8296 523 7773 7137 5788 5466 955
is_linear=0
shrinkage=0.03


Tree=134
num_leaves=15
num_cat=0
split_feature=7 7 8 10 5 0 13 8 6 8 6 0 0 3
split_gain=11.2263 16.5323 11.9483 9.9247 15.2841 18.3268 24.6716 21.4017 22.8875 20.5133 18.3748 16.4583 11.38 16.8411
threshold=2.0849758261627014 1.8300902528139618 0.0091416570679923662 3.1553058103496765 3.4107967364378724 0.55416119930855301 1.0000000180025095e-35 0.016630578161777546 -0.13851775362248034 0.01897260917615249 -0.16802521711213067 0.51553915884282686 0.62960657619331106 0.85185185185183265
decision_type=10 10 2 2 2 2 2 2 8 2 10 2 2 2
left_child=1 3 -2 4 12 6 10 -7 -9 11 -6 -8 -1 -14
right_child=2 -3 -4 -5 5 7 9 8 -10 -11 -12 -13 13 -15
leaf_value=0.00027006521343746865 -0.0078654388725048017 0.0066386611561184044 0.00071420452355042748 -0.0032429322819109716 -0.0037401202148285464 0.0013303578164857884 0.0047768267800953855 0.016470482289892247 0.0046989443125144926 -0.0098657179905089314 0.0067991943986212113 -0.0060386267688488007 -0.0051593765908278634 0.00040140110497456573
leaf_weight=11783 310 361 271 719 202 830 283 216 474 297 534 221 914 1049
leaf_count=11783 310 361 271 719 202 830 283 216 474 297 534 221 914 1049
internal_value=0.000194393 0.000328194 -0.00389163 0.000196325 0.000344412 0.00226118 -5.0512e-05 0.00459123 0.00847593 -0.00368294 0.00390089 2.16041e-05 -8.25294e-05 -0.0021943
internal_weight=18464 17883 581 17522 16803 3057 1537 1520 690 801 736 504 13746 1963
internal_count=18464 17883 581 17522 16803 3057 1537 1520 690 801 736 504 13746 1963
is_linear=0
shrinkage=0.03


Tree=135
num_leaves=15
num_cat=0
split_feature=10 3 6 11 9 5 10 6 12 12 7 9 7 6
split_gain=9.92624 25.7802 30.0097 16.5559 16.2283 19.0408 16.265 18.5797 21.6497 16.8423 16.1325 15.8316 13.4676 13.3666
threshold=2.3173454797024617 0.60714285714284133 0.20180938988562028 1.5458801851012007 1.2699414361485888 3.6973072886187865 2.5883217922696988 0.16365347435944802 0.062878038439792519 0.013168952100684252 0.88958725116203674 1.3112365855598551 1.4170824277119158 0.16365347435944802
decision_type=2 2 8 2 2 2 2 8 10 10 8 2 10 8
left_child=3 2 12 11 5 6 7 8 9 -3 13 -1 -2 -5
right_child=1 4 -4 10 -6 -7 -8 -9 -10 -11 -12 -13 -14 -15
leaf_value=-0.00010440259807806016 -0.0045873028594171647 0.0011379527584479447 -0.013757847597714043 -0.0074341073655359779 0.0076622378698293992 0.0057567921517459901 -0.0015681607335499127 0.0084680016724407847 0.0090880432489761544 -0.0082786208023336635 0.00011893929035176297 -0.0074173946265172173 0.003335506490233247 0.00023030424205056072
leaf_weight=11073 404 597 201 849 384 687 1853 366 212 234 735 268 361 269
leaf_count=11073 404 597 201 849 384 687 1853 366 212 234 735 268 361 269
internal_value=-0.00027018 0.000826043 -0.00359375 -0.000710594 0.0018144 0.00123679 0.000277487 0.00270169 0.000647483 -0.0015473 -0.00333563 -0.000280409 -0.000851184 -0.00559717
internal_weight=18493 5299 966 13194 4333 3949 3262 1409 1043 831 1853 11341 765 1118
internal_count=18493 5299 966 13194 4333 3949 3262 1409 1043 831 1853 11341 765 1118
is_linear=0
shrinkage=0.03


Tree=136
num_leaves=15
num_cat=0
split_feature=6 0 12 9 1 11 1 11 6 12 6 9 1 0
split_gain=7.7673 27.3025 24.6738 10.7749 9.43189 7.7894 24.5433 20.5506 13.4318 12.6015 27.7174 32.0691 10.0893 19.9357
threshold=-0.42196190509408821 0.56564396034888509 0.082355127490546867 0.58461768794671698 1.2166780347149206 2.4189513173767474 1.1609503756335833 2.2488808819354502 0.006983722800522175 0.13495893290981978 0.25288916514703891 0.80044525641143849 5.6289146404091239 0.56435364192288684
decision_type=10 2 8 2 2 2 2 2 10 10 10 2 2 2
left_child=1 2 4 -2 -1 7 -7 9 -8 12 11 -11 -5 -14
right_child=3 -3 -4 5 -6 6 8 -9 -10 10 -12 -13 13 -15
leaf_value=0.0072052302137017247 -0.0068617269621319968 0.0085991183841033301 -0.0099772243765951351 -0.00053661362852814773 -0.0016061851300056213 -0.01054273550557396 0.0049578638426264962 0.0071560394322961306 -0.0045151370978583731 -0.0017070975546774111 -0.0032359509636461733 0.012705451768201233 -0.0013734010483650182 0.010445312785605589
leaf_weight=205 214 392 201 14700 225 259 290 346 243 223 370 359 297 220
leaf_count=205 214 392 201 14700 225 259 290 346 243 223 370 359 297 220
internal_value=-0.000100414 0.00243406 -0.00143338 -0.000249047 0.00262914 -0.000165324 -0.00306207 -2.55218e-05 0.000637204 -0.000181365 0.00315787 0.00721562 -0.000391241 0.00370772
internal_weight=18544 1023 631 17521 430 17307 792 16515 533 16169 952 582 15217 517
internal_count=18544 1023 631 17521 430 17307 792 16515 533 16169 952 582 15217 517
is_linear=0
shrinkage=0.03


Tree=137
num_leaves=15
num_cat=0
split_feature=10 1 1 12 12 3 8 6 1 4 4 1 2 5
split_gain=10.6528 21.4684 31.0208 24.1747 21.7652 23.7716 18.8102 13.0118 11.4384 12.1509 16.2089 14.5274 14.3698 12.8497
threshold=1.353853118544696 0.75114782913008538 1.3334949356276511 -0.064503721625568208 0.017493274480011704 0.8749999999999728 -0.018962665248057727 0.0093834013765284902 0.40930620952505692 0.012710307232018424 0.019976136065992665 0.50207142398431037 0.51004587155962133 1.3019823756613402
decision_type=2 2 2 10 10 2 2 10 2 2 2 2 2 2
left_child=1 4 3 -3 5 -1 -5 -8 -2 12 -11 -12 -10 -13
right_child=8 2 -4 6 -6 -7 7 -9 9 10 11 13 -14 -15
leaf_value=0.0070820916677549689 0.0054248766257550636 0.016049294545523174 -0.00010451879327398116 -0.00098806231434262078 -0.0089232376653490663 -0.0057741652114488996 0.0045141191898837949 0.013930378286884381 0.010303744634080569 -0.0081675468440637108 -0.0065498723895528162 0.0028516835364031604 -0.00092328481249583571 -0.00046218726012101346
leaf_weight=279 313 201 1265 339 296 233 384 203 203 237 326 1142 201 12859
leaf_count=279 313 201 1265 339 296 233 384 203 203 237 326 1142 201 12859
internal_value=0.000124259 0.00169679 0.0031235 0.00673125 -0.00252009 0.00123223 0.00463332 0.00786066 -0.000205492 -0.000325003 -0.000468066 -0.000337894 0.00477502 -0.000190968
internal_weight=18481 3200 2392 1127 808 512 926 587 15281 14968 14564 14327 404 14001
internal_count=18481 3200 2392 1127 808 512 926 587 15281 14968 14564 14327 404 14001
is_linear=0
shrinkage=0.03


Tree=138
num_leaves=15
num_cat=0
split_feature=10 10 11 9 7 2 2 3 1 8 7 8 12 5
split_gain=13.4945 21.1278 16.9269 15.7879 17.4973 15.4885 15.8639 20.7773 23.0585 28.7609 21.964 18.2938 21.7724 17.0707
threshold=3.0979813491128101 1.9088921543312816 2.2219828143020828 0.68004689969531273 0.54655248324867056 0.14854215918046854 0.64285714285717843 0.96590909090908983 1.2166780347149206 -0.022141040225123733 0.99372886370125524 0.034599060185329801 0.025173901555918702 2.3164205140997107
decision_type=2 2 2 2 10 2 2 2 2 2 8 2 8 2
left_child=1 5 -2 4 -3 -1 7 8 9 -7 11 12 13 -11
right_child=2 3 -4 -5 -6 6 -8 -9 -10 10 -12 -13 -14 -15
leaf_value=-0.0079100898346884836 -0.0058366755294285231 0.013246245017112459 0.0032834641864523287 0.0010399235411578554 0.00082943822422096032 -0.0015900373552833592 -0.0017239339151201329 -0.0084066209358354786 -0.0010389199683403865 0.014588661956401005 -0.00059003277979574576 0.014040245053406208 -0.0019180475639515235 0.0029424640278924597
leaf_weight=259 690 201 245 7968 204 661 4729 204 1937 242 339 326 239 215
leaf_count=259 690 201 245 7968 204 661 4729 204 1937 242 339 326 239 215
internal_value=5.96813e-05 0.000247452 -0.00344215 0.00133605 0.00707824 -0.000748778 -0.00053586 0.000814193 0.00129933 0.00353632 0.00602276 0.00820843 0.0053962 0.00920074
internal_weight=18459 17524 935 8373 405 9151 8892 4163 3959 2022 1361 1022 696 457
internal_count=18459 17524 935 8373 405 9151 8892 4163 3959 2022 1361 1022 696 457
is_linear=0
shrinkage=0.03


Tree=139
num_leaves=15
num_cat=0
split_feature=1 9 4 11 4 0 0 0 5 12 5 11 5 9
split_gain=12.5139 19.2921 21.2498 18.6234 18.3848 23.1584 16.987 17.1298 23.5245 21.2641 21.237 21.3924 17.5125 16.5256
threshold=1.3262797764867853 0.76650046814050488 0.26662030929909858 2.2219828143020828 0.092618461481376285 0.56123539442571491 0.63101362936321925 0.56713929309602285 1.3358128517636427 0.10293798912275433 3.3814451304065876 1.2510109488156214 2.447645033718246 0.6894884344182145
decision_type=2 2 2 2 2 2 2 2 2 8 2 2 2 2
left_child=3 2 13 4 5 -1 7 8 -6 12 11 -9 -10 -2
right_child=1 -3 -4 -5 6 -7 -8 10 9 -11 -12 -13 -14 -15
leaf_value=0.00080745157727747533 -0.014027803229597898 -0.00037727827501808419 -0.0013580639910166306 -0.0052132731248311298 -0.005585797761167798 -0.0054526279178268829 -0.0021008617946856349 0.0049280630471366322 0.0056271053725371351 -0.0047756237678584596 0.0127406838073178 -0.0044627979490906005 0.00095002525571059664 -0.0042348911963733544
leaf_weight=1441 255 7419 1147 481 415 837 938 1278 1177 373 248 259 1852 401
leaf_count=1441 255 7419 1147 481 415 837 938 1278 1177 373 248 259 1852 401
internal_value=-0.000271951 -0.00105473 -0.00383356 0.000504496 0.000819164 -0.00149958 0.00162735 0.00225292 0.0011157 0.0019402 0.00467482 0.00333627 0.00277371 -0.0081189
internal_weight=18521 9222 1803 9299 8818 2278 6540 5602 3817 3402 1785 1537 3029 656
internal_count=18521 9222 1803 9299 8818 2278 6540 5602 3817 3402 1785 1537 3029 656
is_linear=0
shrinkage=0.03


Tree=140
num_leaves=15
num_cat=0
split_feature=12 5 9 5 8 5 6 12 9 13 9 13 12 4
split_gain=14.7273 21.1454 12.3475 16.1273 25.3313 19.2923 17.8092 16.9038 16.4699 15.5752 16.6385 15.0663 10.3727 8.90469
threshold=0.17417075051187367 3.2115878411772103 1.0691770618235725 2.8028583888939766 -0.018465131131823687 1.9666319316357146 -0.10648668904430807 -0.049970845860118067 1.1382956764811389 8.5000000000000018 1.0581258610945448 6.5000000000000009 0.14972008013698909 0.29405442732275883
decision_type=10 2 2 2 2 2 10 8 2 2 2 2 8 2
left_child=2 13 9 4 5 -4 8 -6 -5 10 11 12 -1 -2
right_child=1 -3 3 6 7 -7 -8 -9 -10 -11 -12 -13 -14 -15
leaf_value=0.00010614082280005793 0.003211391400230133 -0.012448365840410286 0.0082547700070889195 -0.0023017356844947617 0.00058260429963887298 -0.0036767306344741035 -0.002140133498267369 -0.0090686789972753059 0.0072020112432946287 0.007319503806452448 0.0085533749553779095 -0.0065426735853813343 0.0056656886749331236 -0.0047218514954677987
leaf_weight=13411 231 204 209 250 209 279 1157 733 462 278 207 297 304 272
leaf_count=13411 231 204 209 250 209 279 1157 733 462 278 207 297 304 272
internal_value=-0.000195827 -0.00442665 -2.65483e-05 -0.00168163 -0.00407364 0.00146517 0.000154515 -0.00693559 0.00387224 0.00035054 0.000211763 8.55244e-05 0.000231391 -0.0010828
internal_weight=18503 707 17796 3299 1430 488 1869 942 712 14497 14219 14012 13715 503
internal_count=18503 707 17796 3299 1430 488 1869 942 712 14497 14219 14012 13715 503
is_linear=0
shrinkage=0.03


Tree=141
num_leaves=15
num_cat=0
split_feature=6 8 12 6 12 11 11 5 1 13 9 9 11 5
split_gain=10.8312 9.08001 22.1794 14.9928 27.0187 12.1372 44.7233 27.943 22.9799 9.82648 31.9657 30.3581 36.4255 20.8449
threshold=0.95614847727936159 -0.0076155107441350581 0.22699930849156144 0.81717120702250701 -0.030961351311922011 1.7701003111245044 1.529408885987886 3.2291620281808835 1.1398654772158072 2.5000000000000004 1.1948365473597553 0.92425917168642324 -0.23770389096984323 2.9629139379237621
decision_type=10 2 8 8 10 2 2 2 2 2 2 2 2 2
left_child=1 2 5 9 -5 6 -1 -7 -9 10 -3 12 -11 -13
right_child=-2 3 -4 4 -6 7 -8 8 -10 11 -12 13 -14 -15
leaf_value=-0.0001942662631082888 0.0055176887035283239 -0.00055931834596531342 -0.010177693301811813 0.013965727138650212 -0.0014626656250982749 0.0103291318056607 -0.010763354838011463 -0.0080162037531864589 0.0040801083685405425 0.014650411300903913 0.0062907734297992738 -0.0053143113736922928 0.0023826646332128264 0.0033051821014514582
leaf_weight=6356 339 7333 208 202 200 298 377 236 337 297 664 554 791 456
leaf_count=6356 339 7333 208 202 200 298 377 236 337 297 664 554 791 456
internal_value=0.000243685 0.000144554 -0.000629648 0.000720751 0.00636624 -0.000361954 -0.000793608 0.0029603 -0.000928215 0.000492897 1.30279e-05 0.00231765 0.00578319 -0.00142563
internal_weight=18648 18309 7812 10497 402 7604 6733 871 573 10095 7997 2098 1088 1010
internal_count=18648 18309 7812 10497 402 7604 6733 871 573 10095 7997 2098 1088 1010
is_linear=0
shrinkage=0.03


Tree=142
num_leaves=15
num_cat=0
split_feature=9 13 2 9 3 9 2 12 9 6 11 3 3 7
split_gain=8.9481 9.28451 20.1884 8.15926 14.1571 9.20313 25.603 25.4452 23.2643 18.044 16.649 21.8584 19.9725 19.7513
threshold=0.58461768794671698 7.5000000000000009 0.79999999999999483 0.6355000488820145 0.83333333333332982 0.90668524979069265 0.91836734693880906 -0.16153346324008247 0.89658862084329949 -0.055282075844989891 0.55770762432443255 0.90379473467706728 0.8749999999999728 0.054559076016346054
decision_type=2 2 2 2 2 2 2 8 2 10 2 2 2 8
left_child=-1 3 -3 4 -2 6 8 -7 10 -8 11 12 13 -5
right_child=1 2 -4 5 -6 7 9 -9 -10 -11 -12 -13 -14 -15
leaf_value=-0.0057318596876665363 -0.00075739784309497235 -0.0080751028974704875 0.0038473649337453751 -0.0058577897070961832 0.0099724471841899434 0.0091437533729238404 -0.011916915438937635 0.00066295505061808439 -0.0070612347839160887 -0.0011713755982262748 -0.0010046971729025245 0.0052624198758823293 -0.0059458185299014555 0.0022506411758983925
leaf_weight=222 229 335 201 301 208 327 278 7811 392 282 3997 1127 387 2327
leaf_count=222 229 335 201 301 208 327 278 7811 392 282 3997 1127 387 2327
internal_value=0.000187731 0.000261484 -0.00360994 0.000379934 0.00440475 0.000276599 -0.000379339 0.00100913 3.02486e-05 -0.00656402 0.000375922 0.00170782 0.0003726 0.00131258
internal_weight=18424 18202 536 17666 437 17229 9091 8138 8531 560 8139 4142 3015 2628
internal_count=18424 18202 536 17666 437 17229 9091 8138 8531 560 8139 4142 3015 2628
is_linear=0
shrinkage=0.03


Tree=143
num_leaves=15
num_cat=0
split_feature=1 1 7 7 0 9 9 6 0 11 11 5 1 1
split_gain=11.166 13.529 18.8921 12.0291 6.92141 24.4478 43.1843 13.5211 7.95771 9.46256 16.9294 9.42295 8.99561 15.3891
threshold=0.50207142398431037 0.45405536119628676 0.24602871801008863 -0.49987436041427724 0.44872045343751005 0.76650046814050488 0.8583401157480185 -0.040598412466862348 0.45848586262030699 -1.9541168962442785 -2.3789482180987034 0.75231612376899548 4.3621516843540862 5.6289146404091239
decision_type=2 2 10 10 2 2 2 8 2 2 2 2 2 2
left_child=1 2 -1 -2 5 -5 -7 -8 -6 10 -10 -11 -13 -14
right_child=3 -3 -4 4 8 6 7 -9 9 11 -12 12 13 -15
leaf_value=-0.0039186072594094507 0.0058587328770643102 -0.0082198547350859578 0.006970589466899344 -0.0063820546771426795 -0.0050808441009786388 0.016847326519111028 0.0054063796780006151 -0.0044319351253110963 0.001440784992294365 0.0051409885201150968 -0.0094047238592674404 0.00033048171561893182 -0.0066782442824680687 0.00071438686931961696
leaf_weight=467 336 303 201 201 265 203 249 244 262 341 249 14136 452 567
leaf_count=467 336 303 201 201 265 203 249 244 262 341 249 14136 452 567
internal_value=0.000105218 -0.00301778 -0.000614623 0.000279263 0.000168398 0.0027264 0.00538361 0.000541503 2.65932e-05 0.000112708 -0.00388393 0.000245713 0.000133906 -0.00258138
internal_weight=18476 971 668 17505 17169 897 696 493 16272 16007 511 15496 15155 1019
internal_count=18476 971 668 17505 17169 897 696 493 16272 16007 511 15496 15155 1019
is_linear=0
shrinkage=0.03


Tree=144
num_leaves=15
num_cat=0
split_feature=3 2 4 3 1 4 4 4 1 13 8 8 14 1
split_gain=9.53493 22.3758 28.1291 18.585 18.0482 17.35 22.6164 17.1271 13.4384 11.792 10.6852 19.0395 9.96848 13.1038
threshold=0.95294117647057719 0.60196589866204542 0.71115537977029586 0.92708333333333492 0.54768265233731428 0.14731296342413294 0.22932075040758695 0.71115537977029586 0.85499314149823513 2.5000000000000004 -0.021598776806954982 0.0091416570679923662 1.0000000180025095e-35 4.2360945839623119
decision_type=2 2 2 2 2 2 2 2 2 2 2 2 2 2
left_child=3 8 4 12 -3 -6 -7 9 -2 10 -5 -12 -1 -14
right_child=1 2 -4 7 5 6 -8 -9 -10 -11 11 -13 13 -15
leaf_value=-0.0003616305642598752 -0.0095936936243540705 -0.0030650522180890359 -0.002968507224511831 -0.0077785441801037046 0.0010176736011609927 0.016032107646967615 0.0057080563971291434 -0.010270244927070606 0.00071705595002372242 0.0047819890268146993 0.0059066751173564363 -0.0051910858045731267 0.0016504890206137897 -0.0032736948278340463
leaf_weight=8135 211 222 527 296 450 243 885 256 239 201 226 345 5709 527
leaf_count=8135 211 222 527 296 450 243 885 256 239 201 226 345 5709 527
internal_value=0.000303257 0.00192196 0.00310642 1.63307e-05 0.00488831 0.00601338 0.00799306 -0.0033779 -0.00416984 -0.00168564 -0.00320388 -0.000785483 0.000330107 0.00123206
internal_weight=18472 2777 2327 15695 1800 1578 1128 1324 450 1068 867 571 14371 6236
internal_count=18472 2777 2327 15695 1800 1578 1128 1324 450 1068 867 571 14371 6236
is_linear=0
shrinkage=0.03


Tree=145
num_leaves=15
num_cat=0
split_feature=10 9 9 1 11 10 8 10 0 0 1 6 1 2
split_gain=10.1747 19.2375 30.2362 23.2435 20.5357 15.4535 13.4129 12.3105 16.0896 22.2663 15.8558 28.6864 11.0677 11.9327
threshold=1.4154820908544175 0.91713143156970334 1.0398262552218249 0.68531294211278582 0.07486742701534177 1.2318012386699182 -0.0016873740040586527 1.2028173425806881 0.54418716256966859 0.50992065921287544 1.962439099416023 -0.12952373734259595 0.42470763498052178 0.83181046951490334
decision_type=2 2 2 2 2 2 2 2 2 2 2 10 2 2
left_child=1 3 4 6 -3 -4 -1 8 9 -5 11 -10 -2 -14
right_child=12 2 5 7 -6 -7 -8 -9 10 -11 -12 -13 13 -15
leaf_value=-0.0011223895285096201 0.0051934181965472403 0.0018892921646436055 -0.0064851349396918313 0.0055504662588886592 0.013354114349931478 0.004753609046374804 -0.010949992637277174 -0.00080413831434129272 0.0179084254980269 -0.0079622310253658467 -0.00077364369578983468 0.0035806771558997905 -0.00067120206667565597 0.0015949727426373989
leaf_weight=281 336 220 222 225 394 209 222 1023 200 205 202 334 11942 2530
leaf_count=281 336 220 222 225 394 209 222 1023 200 205 202 334 11942 2530
internal_value=0.000204316 0.001602 0.00504622 0.000258126 0.00929464 -0.00104324 -0.0055249 0.00159654 0.00369724 -0.000909106 0.00637643 0.00906322 -0.000148831 -0.000274615
internal_weight=18545 3737 1045 2692 614 431 503 2189 1166 430 736 534 14808 14472
internal_count=18545 3737 1045 2692 614 431 503 2189 1166 430 736 534 14808 14472
is_linear=0
shrinkage=0.03


Tree=146
num_leaves=15
num_cat=0
split_feature=4 11 13 11 8 3 5 5 5 8 4 12 5 12
split_gain=9.42865 16.0048 19.193 14.5962 13.6145 17.1391 21.589 16.5915 17.6368 25.3093 20.4566 15.0461 18.4268 14.5667
threshold=0.44091227761109181 -0.80368468821686079 3.5000000000000004 2.6865462979343402 -0.037927721108900948 0.9285714285714245 2.9106546939897662 3.3140202153621625 2.4592311073319286 0.056380041069594072 0.50442093923256615 0.0321191608901586 2.1541036364047481 -0.030121425206689974
decision_type=2 2 2 2 2 2 2 2 2 2 2 10 2 8
left_child=3 2 -2 -1 5 6 -3 8 9 10 -6 12 -12 -10
right_child=1 4 -4 -5 7 -7 -8 -9 13 -11 11 -13 -14 -15
leaf_value=0.00079459927523507811 -0.0016455057441670307 0.010000549514848894 -0.011771374305503237 -0.0072389920525576749 -0.0094630877434142991 -0.0032282509820328814 -0.0012902770692158323 0.0022039164762833225 -0.0086272385822188467 0.0099429965848234336 -0.00038030966505553425 -0.0040624087742252447 0.009853858037674721 -0.0023678139313433036
leaf_weight=12315 556 402 238 202 219 265 242 1153 460 208 457 408 237 1216
leaf_count=12315 556 402 238 202 219 265 242 1153 460 208 457 408 237 1216
internal_value=0.000191894 -0.000778936 -0.00473539 0.000662114 -0.000178576 0.00315087 0.00578047 -0.000875854 -0.00198551 0.000345034 -0.00119802 0.000479815 0.00316013 -0.00410635
internal_weight=18578 6061 794 12517 5267 909 644 4358 3205 1529 1321 1102 694 1676
internal_count=18578 6061 794 12517 5267 909 644 4358 3205 1529 1321 1102 694 1676
is_linear=0
shrinkage=0.03


Tree=147
num_leaves=15
num_cat=0
split_feature=7 13 10 8 10 8 6 12 12 6 9 10 10 7
split_gain=9.90061 14.9991 14.1638 25.6304 23.9167 27.3554 25.1229 23.2355 17.3119 16.9702 13.8721 14.1435 13.8617 13.638
threshold=0.87595301691402438 6.5000000000000009 1.743417025377265 -0.027284375642266771 2.1444359263674575 -0.026720053038986776 0.13642181022461999 -0.042922256025701204 -0.0044013990685816675 0.021750694920457451 0.79676373385752874 1.9708896605382151 1.421608016213604 0.8468362897019327
decision_type=8 2 2 2 2 2 10 8 10 10 2 2 2 10
left_child=13 2 3 12 5 -4 9 -7 -8 -6 -9 -12 -2 -1
right_child=1 -3 4 -5 6 7 8 10 -10 -11 11 -13 -14 -15
leaf_value=-0.00017652950484260647 -0.0016278489977121354 -0.0064795290452201622 0.013719330190635117 0.0013580761502369329 0.00120034606594031 -0.0048642815608293455 0.001329196075834182 -0.00066550366793360026 -0.0086997989406445014 0.0087137295372851243 0.012538261186947525 0.0026179244045756367 -0.012051001497005161 -0.006660278791119423
leaf_weight=12440 235 217 300 1404 1455 230 271 205 353 328 314 223 223 294
leaf_count=12440 235 217 300 1404 1455 230 271 205 353 328 314 223 223 294
internal_value=0.000138026 0.00116977 0.00147491 -0.000656016 0.00255283 0.00587167 0.000790426 0.00339174 -0.00436831 0.00260301 0.00596631 0.0084808 -0.00677821 -0.00032878
internal_weight=18492 5758 5541 1862 3679 1272 2407 972 624 1783 742 537 458 12734
internal_count=18492 5758 5541 1862 3679 1272 2407 972 624 1783 742 537 458 12734
is_linear=0
shrinkage=0.03


Tree=148
num_leaves=15
num_cat=0
split_feature=5 4 11 9 4 4 1 7 12 9 9 0 0 10
split_gain=10.2294 9.33464 22.6023 15.2993 11.6373 13.8462 23.8729 11.3925 11.0359 18.963 16.4964 15.5426 27.5096 15.1744
threshold=0.58167200383505169 1.0150769603351206 0.07486742701534177 0.86587198158569112 0.86098472499584944 0.71115537977029586 2.4350690860099107 0.41967724796828482 0.10553615442990823 1.0000802665424056 0.98653583914407439 0.549786998029553 0.54072696033394219 2.129811625750567
decision_type=2 2 2 2 2 2 2 10 10 2 2 2 2 2
left_child=-1 4 -3 -4 5 8 -7 -6 10 -10 -2 12 -12 -13
right_child=1 2 3 -5 7 6 -8 -9 9 -11 11 13 -14 -15
leaf_value=-0.0056162547985976717 0.0011635579499517442 -0.0089111086995699879 -0.005263628929639887 0.0029960437923406075 -0.00022459367685245745 -0.0067552168114422672 0.0029245462688942841 0.0078343311045047312 -0.0039640744855624355 0.0038562889551081933 -0.0016141686815926662 -0.0016574017511684325 -0.01215105547170554 0.0036172239018447275
leaf_weight=296 9640 353 309 560 292 658 347 338 1209 358 1960 1029 247 930
leaf_count=296 9640 353 309 560 292 658 347 338 1209 358 1960 1029 247 930
internal_value=-0.000130866 -4.02842e-05 -0.00256739 4.57497e-05 0.000141986 -1.25046e-05 -0.00341512 0.00412673 0.000210977 -0.00217084 0.000482004 -0.0010946 -0.00281822 0.000849466
internal_weight=18526 18230 1222 869 17008 16378 1005 630 15373 1567 13806 4166 2207 1959
internal_count=18526 18230 1222 869 17008 16378 1005 630 15373 1567 13806 4166 2207 1959
is_linear=0
shrinkage=0.03


Tree=149
num_leaves=15
num_cat=0
split_feature=9 5 4 10 5 13 5 10 8 11 5 4 6 10
split_gain=10.0453 23.694 16.966 15.6879 14.0468 13.6371 13.7373 12.9095 13.145 12.8419 12.7167 15.6139 14.7848 14.318
threshold=1.0691770618235725 3.1551501259244437 0.18064423561357409 2.2123466878780005 3.7734440257363717 8.5000000000000018 0.58167200383505169 1.509996351281615 0.0071074192358027153 0.62932394490746957 2.5563476720638332 0.90538359644624833 0.68256852902559151 2.1444359263674575
decision_type=2 2 2 2 2 2 2 2 2 2 2 2 10 2
left_child=5 2 3 -2 -3 6 -1 -4 9 -9 12 -12 -8 -13
right_child=1 4 7 -5 -6 -7 10 8 -10 -11 11 13 -14 -15
leaf_value=-0.006752894380653047 -0.0034795476808577707 0.0033649700060064732 0.0013067157895884653 0.0056447835038350496 -0.0037977951838540922 0.0066666866520419714 0.001035514370383496 -0.0072249517688503509 -0.010644853165322654 0.0018390569912402758 -0.0008671796751433421 -0.00085970408629093857 0.0086716920891894561 0.0078681734797821645
leaf_weight=246 416 999 202 279 322 295 6246 380 474 219 7404 310 232 365
leaf_count=246 416 999 202 279 322 295 6246 380 474 219 7404 310 232 365
internal_value=6.81916e-06 -0.00149371 -0.00357459 0.00019747 0.00161128 0.000334285 0.000205882 -0.00562348 -0.00692815 -0.00392327 0.000325757 -0.000468149 0.00131547 0.00388297
internal_weight=18389 3291 1970 695 1321 15098 14803 1275 1073 599 14557 8079 6478 675
internal_count=18389 3291 1970 695 1321 15098 14803 1275 1073 599 14557 8079 6478 675
is_linear=0
shrinkage=0.03


Tree=150
num_leaves=15
num_cat=0
split_feature=9 5 9 0 11 5 13 0 5 11 3 0 0 8
split_gain=8.11581 16.2806 15.4362 17.6898 15.1102 14.7141 14.1044 12.8773 19.7547 16.998 14.8981 19.1797 14.23 17.5387
threshold=1.0654398922008081 3.1551501259244437 1.0350028571915006 0.55749195172747446 2.3519497211329496 2.820446944353098 8.5000000000000018 0.54736826939686567 1.781745541553774 -1.0914325525121591 0.8108108108108093 0.50369766419276785 0.48501740184199432 -0.052700534768663841
decision_type=2 2 2 2 2 2 2 2 2 2 2 2 2 2
left_child=2 -2 6 5 -3 -4 7 8 9 -1 11 -11 -10 -14
right_child=1 4 3 -5 -6 -7 -8 -9 12 10 -12 -13 13 -15
leaf_value=0.0029129264652729032 -0.003153131722484351 0.0024955198568307494 0.0058491269052028654 0.0096590759751230739 -0.0058466651927585071 -0.0054083399809370832 0.0065624249771290026 -0.0010359832990189477 -0.00081261831157990086 0.0046266868890049943 -0.0091138039711407583 -0.0070591496423988492 -0.0028902781813722632 0.0033690366087357048
leaf_weight=355 2057 1134 205 317 231 203 278 7650 1567 244 396 252 456 3246
leaf_count=355 2057 1134 205 317 231 203 278 7650 1567 244 396 252 456 3246
internal_value=-0.000151867 -0.00147043 0.000145978 0.0044022 0.00106758 0.000250319 -6.91079e-05 -0.000201518 0.000778216 -0.00261033 -0.00481248 -0.00132167 0.00158189 0.00259518
internal_weight=18591 3422 15169 725 1365 408 14444 14166 6516 1247 892 496 5269 3702
internal_count=18591 3422 15169 725 1365 408 14444 14166 6516 1247 892 496 5269 3702
is_linear=0
shrinkage=0.03


Tree=151
num_leaves=15
num_cat=0
split_feature=2 2 12 2 7 12 6 12 6 3 11 4 6 13
split_gain=12.0104 10.2926 14.1847 11.6968 11.6552 16.0398 20.6484 15.1815 11.4484 9.15788 9.11734 11.0096 7.86145 7.66166
threshold=0.087257062712901234 0.88293774382847778 -0.19903639043646429 0.85714285714286909 0.19174443408748937 0.057052397300256581 -0.12500987300325986 0.0066770883594537986 0.088130584784048685 0.80851063829788394 0.8068853550948708 0.43662828135080489 -0.091941360972982819 7.5000000000000009
decision_type=2 2 10 2 10 10 8 10 8 2 2 2 10 2
left_child=-1 2 9 13 5 6 -3 8 -8 -2 11 -5 -6 -4
right_child=1 4 3 10 12 -7 7 -9 -10 -11 -12 -13 -14 -15
leaf_value=-0.0056336255206701318 0.001018528909379593 0.0044594410611587818 0.00014554163908359256 0.011154346545105396 -0.0091030639924136476 0.006391394309269694 -0.0058849538171764568 -0.01123391062251009 0.0036107919063509963 0.0092087574667148019 -0.00097875953144371786 0.0014875169131087092 -0.0024472433747838112 -0.0040984762292213114
leaf_weight=328 234 304 14796 225 266 255 254 222 200 257 206 200 402 388
leaf_count=328 234 304 14796 225 266 255 254 222 200 257 206 200 402 388
internal_value=1.24146e-05 0.000115636 0.000359482 0.000202742 -0.00196924 -0.000237386 -0.00198591 -0.00489587 -0.00170804 0.00535509 0.00418856 0.00667544 -0.00514555 3.57799e-05
internal_weight=18537 18209 16306 15815 1903 1235 980 676 454 491 631 425 668 15184
internal_count=18537 18209 16306 15815 1903 1235 980 676 454 491 631 425 668 15184
is_linear=0
shrinkage=0.03


Tree=152
num_leaves=15
num_cat=0
split_feature=10 12 8 5 1 1 5 11 11 4 1 7 1 1
split_gain=10.9814 9.89017 20.8861 14.6015 21.7189 16.5658 8.58359 7.93905 11.7071 11.3076 9.88329 7.76718 11.2242 12.3388
threshold=3.0979813491128101 -0.12425488551840495 -0.040836887922268944 1.8256353961620067 1.43856794707015 0.8295428017889519 3.7199835051609598 2.4189513173767474 2.2219828143020828 0.53096260726106081 0.40930620952505692 0.88274148671321184 0.49098282270872201 1.25765018615691
decision_type=2 10 2 2 2 2 2 2 2 2 2 8 2 2
left_child=1 2 -1 -4 5 -5 -2 8 10 -9 -3 12 -12 -14
right_child=6 7 3 4 -6 -7 -8 9 -10 -11 11 -13 13 -15
leaf_value=-0.0055619676254071672 -0.0044854407116282184 0.0050543635860160587 0.01180320030508133 0.00050899601268007406 -0.003080450673242174 0.01113226297087609 0.0018674513950258835 -0.0060360394626417582 0.0056323342285747443 0.0024470544061324464 -0.0057976290647019733 0.0011503434370083428 0.00084551694547146592 -0.0012512146201956085
leaf_weight=212 727 367 203 230 332 307 256 403 364 213 324 4463 5227 4879
leaf_count=212 727 367 203 230 332 307 256 403 364 213 324 4463 5227 4879
internal_value=0.000247482 0.000420864 0.00295026 0.00465166 0.00292308 0.00662893 -0.0028299 0.000220033 0.000352145 -0.00310668 0.000224392 0.000103714 -0.000344476 -0.000166867
internal_weight=18507 17524 1284 1072 869 537 983 16240 15624 616 15260 14893 10430 10106
internal_count=18507 17524 1284 1072 869 537 983 16240 15624 616 15260 14893 10430 10106
is_linear=0
shrinkage=0.03


Tree=153
num_leaves=15
num_cat=0
split_feature=9 7 4 10 10 14 4 9 12 7 4 9 5 7
split_gain=13.2498 8.67381 24.2205 15.5645 13.9409 19.9457 22.1459 12.1718 11.4194 10.4904 26.6914 13.0945 8.78521 8.17592
threshold=0.58461768794671698 1.5164433259175578 0.31684398980105982 2.8010819494966417 2.2524198449300483 1.0000000180025095e-35 0.073446935048640569 0.6355000488820145 -0.30362590838194831 1.2845878784091567 0.12140417138365163 0.98190890851487944 2.7857879595880881 1.089795151687351
decision_type=2 8 2 2 2 2 2 2 10 10 2 2 2 10
left_child=-1 7 3 4 5 6 -3 -2 -9 13 -11 12 -12 -10
right_child=1 2 -4 -5 -6 -7 -8 8 9 10 11 -13 -14 -15
leaf_value=-0.0073939665300505504 0.0047653166378476188 0.0041417266085351763 0.0084674912605222329 0.0076791911854101249 -0.0061161741744223475 0.0059658746437942101 -0.0081975397026365238 0.0060228599617375596 -0.00061673341576131346 0.0044977542964082934 -0.0056994250455293166 -0.0013804916097697887 -0.014470785348992614 0.0020560206699768613
leaf_weight=226 398 223 381 201 365 382 304 232 13686 258 227 259 201 1109
leaf_count=226 398 223 381 201 365 382 304 232 13686 258 227 259 201 1109
internal_value=-0.000254147 -0.000163611 0.00177724 2.63489e-05 -0.00120635 0.00078782 -0.00298633 -0.000384137 -0.000513905 -0.000612136 -0.0036682 -0.00674523 -0.00993822 -0.000415763
internal_weight=18452 18226 1856 1475 1274 909 527 16370 15972 15740 945 687 428 14795
internal_count=18452 18226 1856 1475 1274 909 527 16370 15972 15740 945 687 428 14795
is_linear=0
shrinkage=0.03


Tree=154
num_leaves=15
num_cat=0
split_feature=11 6 1 0 11 6 9 9 9 10 11 9 3 1
split_gain=9.842 28.8791 18.8332 15.0623 13.9333 12.312 18.491 11.0965 26.3753 36.2288 27.5658 26.1395 23.3128 23.2876
threshold=1.8231456112296371 0.15847830660746556 1.1609503756335833 0.51217941582307247 2.1405691686112029 -0.14988562598529778 0.80836372552307523 0.91360069066523575 1.0654398922008081 1.3683994246144986 0.47541411715651555 0.89658862084329949 0.99977846699158712 0.602331532408516
decision_type=2 8 2 2 2 10 2 2 2 2 2 2 2 2
left_child=7 2 3 -2 -3 -4 -7 11 9 10 -9 -1 13 -11
right_child=1 4 5 -5 -6 6 -8 8 -10 12 -12 -13 -14 -15
leaf_value=-0.00058442289409667573 0.0026107537357934881 0.012692925440382183 0.0060893161577895991 -0.0070494256281776043 0.0035231778236890308 0.0076223879491073504 -0.0027352830085764983 0.0032185181666334922 -0.0016244605408973591 -0.0074126420499389077 0.01608735548971749 -0.0069841748768729815 0.010354043092932636 0.0011343873418386905
leaf_weight=8528 205 249 434 476 375 202 614 347 2842 314 263 611 216 2847
leaf_count=8528 205 249 434 476 375 202 614 347 2842 314 263 611 216 2847
internal_value=-5.57297e-05 0.00167117 -0.00014701 -0.00414361 0.00725407 0.00203817 -0.000140446 -0.000332483 0.000582144 0.00215511 0.00885257 -0.00101587 0.000934028 0.000274997
internal_weight=18523 2555 1931 681 624 1250 816 15968 6829 3987 610 9139 3377 3161
internal_count=18523 2555 1931 681 624 1250 816 15968 6829 3987 610 9139 3377 3161
is_linear=0
shrinkage=0.03


Tree=155
num_leaves=15
num_cat=0
split_feature=9 6 4 10 11 4 10 11 2 6 5 2 0 4
split_gain=7.82849 31.3698 15.3879 12.0935 28.9653 22.7013 20.2294 22.3602 18.7027 11.5481 17.838 26.721 25.5122 21.2967
threshold=1.1382956764811389 -0.055282075844989891 0.22666276657247011 1.158980132141415 -0.60683703827287727 0.43662828135080489 1.0860148640125142 0.57085831835144851 0.60606060606059275 -0.19807359569963659 1.9928705743836088 0.76122764555601197 0.56057729937957279 0.75467839392121994
decision_type=2 10 2 2 2 2 2 2 2 10 2 2 2 2
left_child=3 2 -2 4 -1 6 7 8 -6 -5 11 -11 13 -12
right_child=1 -3 -4 9 5 -7 -8 -9 -10 10 12 -13 -14 -15
leaf_value=-0.0081625478886640998 0.009925382314496729 -0.0017709550061472015 0.002433901615798473 -0.0020246674089169554 -0.0069240741184537448 -0.0020517310406558396 0.013498052231145901 0.010775222333946398 0.0053808174894211134 0.00023003963680740173 7.6749039969835011e-05 0.00710108813572398 -0.002436955566958862 0.0063248670283075183
leaf_weight=203 410 1132 620 3464 206 405 258 247 230 1785 4199 708 4026 551
leaf_count=203 410 1132 620 3464 206 405 258 247 230 1785 4199 708 4026 551
internal_value=-2.03984e-05 0.00167358 0.00544949 -0.000245777 0.00227145 0.00386946 0.00641528 0.00366115 -0.00044555 -0.000511115 -4.51696e-05 0.00219169 -0.000681481 0.000807419
internal_weight=18444 2162 1030 16282 1549 1346 941 683 436 14733 11269 2493 8776 4750
internal_count=18444 2162 1030 16282 1549 1346 941 683 436 14733 11269 2493 8776 4750
is_linear=0
shrinkage=0.03


Tree=156
num_leaves=15
num_cat=0
split_feature=1 3 3 7 1 5 10 5 2 14 7 1 5 4
split_gain=9.09365 16.0149 16.9916 19.5719 20.1326 12.9369 19.3641 15.0245 14.448 13.1595 12.8116 11.4845 25.2119 27.1735
threshold=0.77162211518751211 0.49999999999999845 0.72727272727272252 0.47363421966566388 0.57861275081351249 2.6142279397666002 1.2318012386699182 2.8661965184192755 0.75887926442968789 1.0000000180025095e-35 0.068203305524038818 1.3262797764867853 1.2457307949115193 0.094650965021696412
decision_type=2 2 2 8 2 2 2 2 2 2 10 2 2 2
left_child=1 -1 -3 5 -5 6 -4 -7 10 -9 -8 12 -2 -14
right_child=11 2 3 4 -6 7 8 9 -10 -11 -12 -13 13 -15
leaf_value=-0.0087638280528621101 -0.0049342688870429993 0.003155906331900851 -0.0057013576648762962 0.00054957494863028668 -0.011426976895257389 -0.009962150485963996 -0.0050754553072738205 -0.0043676496242483452 0.0080867980613472494 0.0035144816714991725 0.0050238219762252546 -0.00020651541236956032 -0.0017024026816833833 0.0033375071802305835
leaf_weight=232 495 786 239 201 333 213 212 445 389 326 231 9153 1267 3971
leaf_count=232 495 786 239 201 333 213 212 445 389 326 231 9153 1267 3971
internal_value=0.00012551 -0.00122492 -0.000694487 -0.00186727 -0.00695567 -0.000531351 0.00174658 -0.00300697 0.00390734 -0.0010337 0.000188054 0.00045303 0.00150529 0.00211796
internal_weight=18493 3607 3375 2589 534 2055 1071 984 832 771 443 14886 5733 5238
internal_count=18493 3607 3375 2589 534 2055 1071 984 832 771 443 14886 5733 5238
is_linear=0
shrinkage=0.03


Tree=157
num_leaves=15
num_cat=0
split_feature=12 12 2 7 2 11 11 2 5 12 1 4 1 2
split_gain=8.59382 17.9829 15.7009 20.8571 15.3039 15.2159 22.1337 27.3577 26.3451 17.5247 16.8052 23.3982 18.901 15.6452
threshold=0.052044840627587914 0.038693698152566187 0.71428571428573051 0.2341413853827807 0.88888888888890016 1.2932731715845101 0.75461955992333796 0.77777777777779278 3.4107967364378724 0.025173901555918702 1.4197573503982301 0.20302768723685974 0.92133704582736231 0.50000000000002398
decision_type=8 8 2 8 2 2 2 2 2 10 2 2 2 2
left_child=1 4 3 -2 5 6 7 -1 10 -7 11 13 -13 -8
right_child=2 -3 -4 -5 -6 9 8 -9 -10 -11 -12 12 -14 -15
leaf_value=-0.0010306668825509672 -0.0071913960446942258 -0.0042319268025002273 0.0032377167122247439 0.00058570807768995928 -0.0033229549198882649 -0.0023786272107368858 0.0047442437044366171 0.0037338148008870041 0.011029264190247362 0.0047863826803539108 -0.001505312465129958 0.0033877610383515658 0.015739866644812271 -0.0063205644481065795
leaf_weight=5063 347 1058 1761 2619 1246 2822 257 1375 350 340 698 230 218 200
leaf_count=5063 347 1058 1761 2619 1246 2822 257 1375 350 340 698 230 218 200
internal_value=-0.000105735 -0.000482531 0.000998169 -0.000334727 -0.000171064 0.00017016 0.000838469 -1.09817e-05 0.00363153 -0.00160186 0.00198704 0.00467406 0.00950577 -0.000114121
internal_weight=18584 13857 4727 2966 12799 11553 8391 6438 1953 3162 1603 905 448 457
internal_count=18584 13857 4727 2966 12799 11553 8391 6438 1953 3162 1603 905 448 457
is_linear=0
shrinkage=0.03


Tree=158
num_leaves=15
num_cat=0
split_feature=5 6 5 6 12 3 3 5 5 3 1 6 12 12
split_gain=7.96135 7.18777 17.2483 16.5682 30.8657 22.4366 27.5004 18.0115 15.6053 22.4585 20.4159 30.0672 25.7909 17.8112
threshold=3.9568297949968456 -0.25109724180939569 2.0426478475010339 -0.12500987300325986 -0.011941958984657939 0.66666666666666619 0.97999999999999787 2.9365446898561078 1.6477019081599449 0.6818181818181891 1.8750892594960888 -0.042551046588964407 0.015278004088964849 0.015278004088964849
decision_type=2 8 2 8 10 2 2 2 2 2 2 8 10 10
left_child=1 2 -1 4 -3 7 -7 -6 10 13 11 -5 -13 -10
right_child=-2 3 -4 8 5 6 -8 -9 9 -11 -12 12 -14 -15
leaf_value=-0.005979432288791664 0.0057039751106480116 -0.0015302523000335457 -0.0001153864519337137 -0.0077413612717673885 0.0047886767464828386 0.00082162910238091661 0.012456150499847827 0.015712132598273455 -0.00097640102718334922 4.9624860717476321e-05 0.007709338456782712 0.0066406253046882796 -0.0031732660077000391 -0.0057712717018329413
leaf_weight=599 213 1373 1788 310 338 1377 206 230 1602 7761 453 621 388 1233
leaf_count=599 213 1373 1788 310 338 1377 206 230 1602 7761 453 621 388 1233
internal_value=4.79442e-06 -6.31582e-05 -0.00159635 0.000167559 0.00198071 0.00422013 0.00237011 0.00931041 -0.000349652 -0.000785636 0.00225227 0.000356049 0.00286976 -0.00306828
internal_weight=18492 18279 2387 15892 3524 2151 1583 568 12368 10596 1772 1319 1009 2835
internal_count=18492 18279 2387 15892 3524 2151 1583 568 12368 10596 1772 1319 1009 2835
is_linear=0
shrinkage=0.03


Tree=159
num_leaves=15
num_cat=0
split_feature=11 12 11 5 2 5 6 3 7 2 6 5 10 6
split_gain=8.09627 9.27068 19.5314 17.7523 14.9779 22.5179 19.5408 16.4854 14.5957 20.0381 15.2535 14.408 14.7139 13.4009
threshold=2.7400018816940759 -0.0087646560816360668 2.1929354138552561 3.8600127398349318 0.61788617886178143 1.4397337899142426 -0.02700999497554479 0.91666666666667196 1.2157802923649295 0.3694156362185862 -0.15933071280304242 2.1541036364047481 1.1479386129966203 -0.12500987300325986
decision_type=2 8 2 2 2 2 8 2 8 2 8 2 2 8
left_child=1 4 3 13 7 6 -6 8 10 -10 -1 -7 -13 -3
right_child=-2 2 -4 -5 5 11 -8 -9 9 -11 -12 12 -14 -15
leaf_value=-0.0010850030203820556 -0.0043569243096417036 0.0022966161204147754 0.0060092863224131699 -0.0070262179006118884 -0.0014101440077242643 -0.0062565603229769217 0.011366610916649422 -0.0050092382376791585 0.001338530977239663 -0.0075070796411018824 0.004783574554796337 0.0059330492362726561 -0.0022248654628537544 -9.6810049938363723e-05
leaf_weight=553 354 3079 598 273 225 761 200 381 820 315 1408 210 2702 6634
leaf_count=553 354 3079 598 273 225 761 200 381 820 315 1408 210 2702 6634
internal_value=0.000104473 0.000192621 0.000765922 0.00044908 -0.00060839 -0.00183617 0.0046647 0.000839235 0.00156588 -0.00113858 0.00313009 -0.0025937 -0.00162739 0.000662692
internal_weight=18513 18159 10584 9986 7575 4098 425 3477 3096 1135 1961 3673 2912 9713
internal_count=18513 18159 10584 9986 7575 4098 425 3477 3096 1135 1961 3673 2912 9713
is_linear=0
shrinkage=0.03


Tree=160
num_leaves=15
num_cat=0
split_feature=2 2 5 6 3 10 10 4 12 0 0 9 9 12
split_gain=6.57066 22.4251 15.5381 11.4521 11.2923 13.3683 18.2971 16.2375 16.2617 15.3195 26.2695 18.6841 15.7851 12.204
threshold=0.46072923551443656 0.4924812030075259 0.75231612376899548 -0.42196190509408821 0.91666666666667196 1.9962172849929372 1.9088921543312816 0.062909467424888357 0.085501828995496423 0.58089890884820283 0.5567651382861647 0.7808193146549024 0.95607787334747207 -0.0018379222325597409
decision_type=2 2 2 8 2 2 2 2 10 2 2 2 2 8
left_child=4 -2 -3 -4 5 6 9 13 -9 10 11 -1 -13 -7
right_child=1 2 3 -5 -6 7 -8 8 -10 -11 -12 12 -14 -15
leaf_value=-0.004860364195397671 0.0057992589149937447 0.0063252858675866023 0.0055906759774492628 -0.00024504312442088176 -0.0060888373973544616 0.0077826425749295894 0.0095759411125730422 -0.0050745857534595712 0.0036447023820246889 0.0053540623736719186 -0.01091880822822798 0.0061989074819730188 -0.0021096966001054934 -0.0018559803363795463
leaf_weight=403 637 342 305 12759 356 213 203 1304 222 401 210 518 336 255
leaf_count=403 637 342 305 12759 356 213 203 1304 222 401 210 518 336 255
internal_value=4.42243e-06 0.000321994 5.96714e-05 -0.000106712 -0.00100355 -0.00055126 0.00113564 -0.00230176 -0.00379836 0.000195301 -0.00122823 0.00042757 0.0029367 0.00256673
internal_weight=18464 14043 13406 13064 4421 4065 2071 1994 1526 1868 1467 1257 854 468
internal_count=18464 14043 13406 13064 4421 4065 2071 1994 1526 1868 1467 1257 854 468
is_linear=0
shrinkage=0.03


Tree=161
num_leaves=15
num_cat=0
split_feature=2 9 7 6 4 4 2 2 4 3 2 9 1 11
split_gain=16.2366 31.645 27.5259 16.4802 14.7174 18.031 23.931 20.9224 14.7557 24.6202 19.7098 18.5534 19.7699 17.3691
threshold=0.9149616457461589 0.91185949504673414 0.054559076016346054 0.056916725262587405 0.86098472499584944 1.0354562212750895 0.77449525804386854 0.67373234916560254 0.6039758955708755 0.67942846675215207 0.83181046951490334 0.8550486146422317 1.6672905024954618 0.49972604493659528
decision_type=2 2 10 10 2 2 2 2 2 2 2 2 2 2
left_child=4 3 -3 -2 8 -6 7 -7 10 -10 13 -12 -13 -1
right_child=1 2 -4 -5 5 6 -8 -9 9 -11 11 12 -14 -15
leaf_value=-0.0011640013851255029 -0.010129385250877207 0.0092024731669533115 -0.0052688976609423545 -0.00033850627510171184 0.0071399041644592837 0.0016320885787791445 0.0058031536543087375 -0.010006824967013784 0.0047581654043625226 -0.0041564402051582992 0.0076375369199167802 -0.0023319526706873863 0.0082506963207915028 0.0010760446049044006
leaf_weight=5774 503 262 208 223 610 312 439 244 340 1459 621 554 217 6754
leaf_count=5774 503 262 208 223 610 312 439 244 340 1459 621 554 217 6754
internal_value=0.000135878 -0.0032374 0.00281007 -0.00714488 0.000369627 0.00310144 0.000602273 -0.0035193 8.97959e-05 -0.00246312 0.000420496 0.00380042 0.000680532 4.35827e-05
internal_weight=18520 1196 470 726 17324 1605 995 556 15719 1799 13920 1392 771 12528
internal_count=18520 1196 470 726 17324 1605 995 556 15719 1799 13920 1392 771 12528
is_linear=0
shrinkage=0.03


Tree=162
num_leaves=15
num_cat=0
split_feature=9 13 6 6 3 2 3 11 3 9 8 7 6 8
split_gain=7.89549 8.18082 19.0663 10.9473 23.0733 46.6031 33.4252 26.2477 22.9436 20.2901 24.5357 16.7703 16.6351 18.7723
threshold=0.58461768794671698 6.5000000000000009 0.029477058061327392 0.068033966478984756 0.63636363636362636 0.20000000000002724 0.59523809523810101 0.97724213132666382 0.57031250000000255 1.0426719911453242 0.07799169190890573 1.3719622840326966 0.095141405919624514 -0.061523836487182973
decision_type=2 2 10 10 2 2 2 2 2 2 2 8 10 2
left_child=-1 3 -3 4 5 7 8 -2 11 10 12 -7 -5 -14
right_child=1 2 -4 9 -6 6 -8 -9 -10 -11 -12 -13 13 -15
leaf_value=-0.005682033523257855 0.0010332600673228615 -0.0057947102929816309 0.0047967607774234448 -0.0052660044667862567 -5.8891923219677284e-05 0.0016906083007356084 0.01187605993105815 -0.01328998653386868 -0.0051851453425076138 -0.0044716182399299718 -0.0096451864278826287 0.0088933967835072309 -0.0052279247265523635 0.0017859045063147094
leaf_weight=221 258 579 203 407 9475 713 502 202 255 1187 223 490 377 3409
leaf_count=221 258 579 203 407 9475 713 502 202 255 1187 223 490 377 3409
internal_value=-0.000109037 -4.01259e-05 -0.00303225 9.44228e-05 0.000609373 0.00322055 0.00523619 -0.00533178 0.00291726 -0.000998369 -6.07748e-05 0.00464908 0.000459842 0.00108151
internal_weight=18501 18280 782 17498 11895 2420 1960 460 1458 5603 4416 1203 4193 3786
internal_count=18501 18280 782 17498 11895 2420 1960 460 1458 5603 4416 1203 4193 3786
is_linear=0
shrinkage=0.03


Tree=163
num_leaves=15
num_cat=0
split_feature=10 6 7 9 11 0 4 4 7 8 12 6 4 9
split_gain=12.7404 23.8846 18.4311 19.9872 17.9532 16.4271 11.3922 26.7823 17.0861 16.2773 20.6628 26.3538 21.3469 18.6349
threshold=2.8010819494966417 0.17646201712507839 1.6101510430501105 0.97938130899096587 -1.0074446010314799 0.53649347243623491 0.27560549444092014 0.32680362553285131 1.036628083903461 -0.022693691543866041 0.013168952100684252 0.11404689813176173 0.22373082787754431 0.74005360330076797
decision_type=2 8 8 2 2 2 2 2 10 2 10 8 2 2
left_child=6 2 3 4 -2 -5 9 8 -8 13 12 -12 -11 -1
right_child=1 -3 -4 5 -6 -7 7 -9 -10 10 11 -13 -14 -15
leaf_value=-0.0076916604993229141 0.0012895528181241108 -0.0079598514117435147 0.007804962570234289 -0.0034494334943719692 -0.0085379583006724713 0.0058773117702858053 0.0075654039701775581 0.00039535508988482719 -0.0018024124218299325 0.0030724526827930303 0.00026210862220036669 -0.0066182077583059563 -0.0037439094098425199 -0.0012459977066146123
leaf_weight=496 255 493 207 288 475 401 811 7030 221 2632 1794 690 486 2093
leaf_count=496 255 493 207 288 475 401 811 7030 221 2632 1794 690 486 2093
internal_value=-2.6195e-05 -0.00221129 -0.000449282 -0.00167657 -0.00511964 0.001982 0.000259282 0.00105954 0.00556029 -0.000528544 0.000380895 -0.00165855 0.0020057 -0.0024933
internal_weight=18372 2119 1626 1419 730 689 16253 8062 1032 8191 5602 2484 3118 2589
internal_count=18372 2119 1626 1419 730 689 16253 8062 1032 8191 5602 2484 3118 2589
is_linear=0
shrinkage=0.03


Tree=164
num_leaves=15
num_cat=0
split_feature=7 8 3 0 6 0 10 6 1 8 5 3 6 11
split_gain=5.80186 19.3884 17.3177 17.1538 13.917 23.266 17.0292 14.3915 14.3754 13.4152 12.5458 12.0837 20.6457 39.4031
threshold=0.075569483486221292 -0.072598221028754253 0.95294117647057719 0.55807426702237284 -0.052854407744377545 0.62411175782824679 2.2524198449300483 0.25963347555362409 0.89247183369770433 -0.01995367542465443 2.6421482418300521 0.86666666666666226 -0.12952373734259595 -0.48138548910265749
decision_type=8 2 2 2 10 2 2 10 2 2 2 2 10 2
left_child=1 -1 4 -4 6 7 -3 8 -6 -5 -11 12 13 -2
right_child=11 2 3 9 5 -7 -8 -9 -10 10 -12 -13 -14 -15
leaf_value=-0.0058509636456872535 -0.0041658528298467792 -0.0039853481874896355 9.1417707153595984e-05 0.014508003896874625 0.011615497336796159 -0.0057310663560114867 0.0045321181421776957 -0.00082163782108847689 0.0017862359967266497 0.0099987878871762113 0.00017974134581163524 -0.0012902802517933904 -0.00043527080081746917 0.0038292588350365858
leaf_weight=303 676 832 379 200 351 213 278 241 218 234 230 4647 6770 3001
leaf_count=303 676 832 379 200 351 213 278 241 218 234 230 4647 6770 3001
internal_value=0.000236321 0.00133981 0.00203395 0.00519198 0.0004812 0.00299801 -0.00184139 0.00531451 0.00789799 0.00808085 0.00518539 -1.83812e-05 0.000547727 0.00235573
internal_weight=18573 3479 3176 1043 2133 1023 1110 810 569 664 464 15094 10447 3677
internal_count=18573 3479 3176 1043 2133 1023 1110 810 569 664 464 15094 10447 3677
is_linear=0
shrinkage=0.03


Tree=165
num_leaves=15
num_cat=0
split_feature=3 3 11 2 6 1 9 12 6 5 5 12 9 11
split_gain=9.69999 17.2159 20.9751 18.5578 17.3943 16.2608 25.7204 15.3421 15.3329 15.2346 21.9541 25.2118 15.1584 14.9474
threshold=0.95294117647057719 0.9285714285714245 -0.027491672607321906 0.85714285714284799 0.10302419080993709 0.61785160742984069 0.91360069066523575 -0.092413337229700618 0.23455293279179804 2.5954834980882118 2.8748897659730592 -0.0018379222325597409 0.6355000488820145 0.3737778092509651
decision_type=2 2 2 2 8 2 2 10 10 2 2 10 2 2
left_child=1 8 3 -3 -4 6 -2 -7 12 -9 -11 -12 13 -1
right_child=5 2 4 -5 -6 7 -8 9 -10 10 11 -13 -14 -15
leaf_value=0.00023237009627231653 -0.009962454902809113 -0.004491462884254234 -0.010206946810019164 0.0069801315173506741 -0.0007050452270819772 -0.0043533875586756737 0.0043540198712245272 0.0063276374626857965 -0.0021222574987140902 -0.0066056278565033216 0.0095017329567415616 -0.00074346695881750849 0.00030327431006424026 0.011578048677763082
leaf_weight=202 245 253 474 245 273 244 202 951 2391 249 357 535 11680 212
leaf_count=202 245 253 474 245 273 244 202 951 2391 249 357 535 11680 212
internal_value=6.78635e-05 -0.000221133 -0.00359912 0.00116548 -0.00676214 0.00169879 -0.00351622 0.00270207 7.03498e-05 0.0035334 0.00118702 0.00338702 0.000504529 0.00611107
internal_weight=18513 15730 1245 498 747 2783 447 2336 14485 2092 1141 892 12094 414
internal_count=18513 15730 1245 498 747 2783 447 2336 14485 2092 1141 892 12094 414
is_linear=0
shrinkage=0.03


Tree=166
num_leaves=15
num_cat=0
split_feature=2 6 6 13 7 6 9 9 9 12 2 12 9 13
split_gain=10.5967 25.577 12.4855 28.067 23.2018 13.9552 13.8985 12.1291 14.7009 26.6902 35.0639 24.2949 25.4691 21.4347
threshold=0.9149616457461589 0.091513617816636264 -0.3342586160336577 1.0000000180025095e-35 0.38194910361893264 -0.30045134048998517 0.87361977572487959 0.98456456397587189 0.91713143156970334 0.015278004088964849 0.65116279069767902 0.058206025561664661 0.94569733737406891 1.0000000180025095e-35
decision_type=2 10 8 2 10 8 2 2 2 10 2 10 2 2
left_child=2 -2 3 6 -5 -4 -1 8 -7 10 -10 12 -11 -13
right_child=1 -3 5 4 -6 7 -8 -9 9 11 -12 13 -14 -15
leaf_value=0.0036714023399928753 -0.0052507525321888234 0.0045548574512337776 -0.0053478560139509764 0.015402384514545465 0.0030447188109673303 0.00038288567364142765 -0.0066458371824956695 -0.0008809068745764566 0.010827126384505795 0.0019397091596888806 0.00040833065852847848 -0.0027392533075844129 -0.012540167000813363 0.010397797088911559
leaf_weight=215 851 328 391 226 343 8915 248 4934 643 203 528 210 229 230
leaf_count=215 851 328 391 226 343 8915 248 4934 643 203 528 210 229 230
internal_value=0.000230821 -0.0025151 0.000418466 0.00361025 0.00804445 0.000215128 -0.00186686 0.000353637 0.000909656 0.00320177 0.00615104 -0.000771262 -0.00579162 0.00416751
internal_weight=18494 1179 17315 1032 569 16283 463 15892 10958 2043 1171 872 432 440
internal_count=18494 1179 17315 1032 569 16283 463 15892 10958 2043 1171 872 432 440
is_linear=0
shrinkage=0.03


Tree=167
num_leaves=15
num_cat=0
split_feature=1 9 4 6 11 6 9 8 4 6 6 11 3 9
split_gain=8.33352 16.8703 21.8058 19.6858 14.1898 13.8783 14.6516 12.7199 32.3155 28.0536 23.9964 18.3505 16.8283 19.8764
threshold=1.3068332392124076 0.6894884344182145 0.24914269367244865 0.014402818033717237 2.0063511754446766 -0.15467663490369685 0.9956747674069728 -0.017482430377177258 0.26662030929909858 0.15847830660746556 -0.16121067516764878 -0.4638029324170499 0.45614035087720078 0.69264208705846164
decision_type=2 2 2 10 2 8 2 2 2 10 8 2 2 2
left_child=4 2 -2 -4 7 -6 -7 8 10 11 -1 -10 -9 -14
right_child=1 -3 3 -5 5 6 -8 12 9 -11 -12 -13 13 -15
leaf_value=0.0029386497046688682 -0.011907919187878452 -0.0001456820060949179 0.0040525087252469135 -0.0081310527959784253 -0.0098539761241252834 -0.0044960522721386965 0.0055204086830698941 0.0093572269773550248 -0.0048816667957824857 0.01191642902628942 -0.0045985520798676009 0.0039645478847035783 0.0072502104223832577 0.0009798187483899734
leaf_weight=504 253 8560 279 201 200 341 207 262 312 270 1507 627 502 4461
leaf_count=504 253 8560 279 201 200 341 207 262 312 270 1507 627 502 4461
internal_value=0.000112407 -0.000520982 -0.00487307 -0.00108059 0.000752622 -0.00319439 -0.000696758 0.0011039 -0.00037895 0.00348857 -0.00270696 0.00101494 0.00201723 0.00162072
internal_weight=18486 9293 733 480 9193 748 548 8445 3220 1209 2011 939 5225 4963
internal_count=18486 9293 733 480 9193 748 548 8445 3220 1209 2011 939 5225 4963
is_linear=0
shrinkage=0.03


Tree=168
num_leaves=15
num_cat=0
split_feature=8 10 11 8 10 4 6 4 4 7 7 11 5 5
split_gain=7.89087 24.5575 27.4874 21.5432 13.8838 12.1199 10.7113 26.6612 10.7753 9.96782 19.7848 19.7543 15.359 23.8909
threshold=0.048321996614149536 1.5247179430161852 0.8068853550948708 0.045212710659336415 0.95897187445478105 0.2612286490038333 -0.10219267730223712 0.53096260726106081 0.25479644255247852 0.025459294217931517 0.24091510526646098 -1.6370241728872912 2.5954834980882118 2.8118019441134536
decision_type=2 2 2 2 2 2 8 2 2 10 8 2 2 2
left_child=3 2 5 4 -1 -2 7 8 -3 11 -11 -6 -13 -14
right_child=1 6 -4 -5 9 -7 -8 -9 -10 10 -12 12 13 -15
leaf_value=-0.0052553940357188498 -0.0065193357841913093 -0.00078804796664777371 0.011169771412272511 0.0076783756133718562 -0.0072405951910875207 0.0034244066939611269 -0.004984119524705493 0.0077906555334935667 -0.0092741617441177374 -0.003381258532396039 -4.6750758011084176e-05 0.004886427416718268 -0.0090132617492681595 0.0019318499187773869
leaf_weight=502 210 338 238 300 208 222 1430 233 220 1887 10429 1092 213 1011
leaf_count=502 210 338 238 300 208 222 1430 233 220 1887 10429 1092 213 1011
internal_value=-0.000483157 -0.00192165 0.0030962 -0.000216763 -0.000373597 -0.00142864 -0.00343891 -0.000631672 -0.00418648 -0.000206743 -0.000558813 0.00150891 0.00230861 -1.73437e-06
internal_weight=18533 2891 670 15642 15342 432 2221 791 558 14840 12316 2524 2316 1224
internal_count=18533 2891 670 15642 15342 432 2221 791 558 14840 12316 2524 2316 1224
is_linear=0
shrinkage=0.03


Tree=169
num_leaves=15
num_cat=0
split_feature=2 2 9 2 6 10 8 8 2 2 12 6 4 12
split_gain=7.67221 7.77293 17.7894 13.0751 11.0256 8.77881 7.96462 22.5496 18.498 18.9092 19.0467 22.5534 18.8371 15.4866
threshold=0.087257062712901234 0.9149616457461589 0.97314195431304096 0.90540540540539527 -0.09383873569189731 1.6415727941821634 0.0584414809901826 0.050645765365477019 0.69250740061435478 0.55048708975693084 -0.0059090697654021742 -0.044841163760784335 0.54643728973829464 -0.0012156703381702714
decision_type=2 2 2 2 10 2 2 2 2 2 8 8 2 8
left_child=-1 3 4 6 -3 -6 7 -2 9 10 -8 -12 -10 -11
right_child=1 2 -4 -5 5 -7 8 -9 12 13 11 -13 -14 -15
leaf_value=-0.0046108681302494516 0.00011972477685206305 -0.0087050125806227962 0.0034979600016156148 0.0075771355417578717 0.0030065203136742397 -0.0048363899209282616 0.0073393784128548056 -0.0062156613448364588 -0.0062072213968512278 0.0017547295371455991 0.0040458372053729383 -0.008805786239311976 0.0043137479146882407 0.012222663704636533
leaf_weight=317 14421 340 343 210 206 325 262 519 397 207 233 250 243 333
leaf_count=317 14421 340 343 210 206 325 262 519 397 207 233 250 243 333
internal_value=-2.03228e-05 6.04828e-05 -0.00225396 0.000225647 -0.0045261 -0.00179409 0.000131889 -0.000102366 0.0019455 0.00401574 0.00090273 -0.00262821 -0.00221007 0.00826287
internal_weight=18606 18289 1214 17075 871 531 16865 14940 1925 1285 745 483 640 540
internal_count=18606 18289 1214 17075 871 531 16865 14940 1925 1285 745 483 640 540
is_linear=0
shrinkage=0.03


Tree=170
num_leaves=15
num_cat=0
split_feature=1 1 9 4 6 4 6 14 11 11 12 4 1 10
split_gain=7.90546 9.44874 16.98 26.0182 19.3747 23.6614 17.4476 25.2726 16.4072 17.8533 23.2971 24.5175 29.9642 20.8676
threshold=9.3102751128080925 1.3262797764867853 0.76650046814050488 0.17134413397502266 0.059102070052918239 0.50442093923256615 0.4031964967640454 1.0000000180025095e-35 1.278644973498215 0.6605168354665002 0.084202980026091626 0.19084518603564213 0.99580415223094565 0.97799306382669304
decision_type=2 2 2 2 10 2 10 2 2 2 10 2 2 2
left_child=1 8 3 -3 5 -5 -4 -8 9 13 11 -11 -13 -1
right_child=-2 2 6 4 -6 -7 7 -9 -10 10 -12 12 -14 -15
leaf_value=-0.0070775633255640664 0.0055207011963154641 -0.009809184476861665 -0.00063008249156775624 0.0060241126225708602 -0.0063392599507941022 -0.0037178871334944568 0.0096231977572571493 -0.0020841676482930777 -0.0016301142595365758 0.0011980256857542363 -0.0053314395041929351 0.0041056051963894837 0.016028864787349217 0.00088515566860759799
leaf_weight=310 222 430 6539 450 458 438 370 295 2316 723 211 487 311 4963
leaf_count=310 222 430 6539 450 458 438 370 295 2316 723 211 487 311 4963
internal_value=-4.3424e-05 -0.000112409 -0.000806671 -0.0034296 -0.00136279 0.00122502 -0.000158109 0.00445291 0.000556528 0.00128012 0.00391805 0.00521444 0.00882326 0.000410766
internal_weight=18523 18301 8980 1776 1346 888 7204 665 9321 7005 1732 1521 798 5273
internal_count=18523 18301 8980 1776 1346 888 7204 665 9321 7005 1732 1521 798 5273
is_linear=0
shrinkage=0.03


Tree=171
num_leaves=15
num_cat=0
split_feature=4 4 3 14 6 11 3 7 7 11 4 0 0 4
split_gain=6.83598 19.4379 17.0239 23.2335 19.623 19.2666 16.8347 17.7969 21.0759 18.6013 16.7725 20.8951 17.5378 21.9482
threshold=0.44091227761109181 0.51439218249826124 0.95454545454545159 1.0000000180025095e-35 -0.39827188141660513 1.6039299476253568 0.90625000000003586 0.048174284261685504 0.26524062293873774 0.69653449246066745 0.25817475654794914 0.55865373689881648 0.65721866970914011 0.12322541892454447
decision_type=2 2 2 2 10 2 2 8 10 2 2 2 2 2
left_child=2 -2 3 -1 -5 -4 -3 -8 -9 -10 12 -12 13 -6
right_child=1 6 5 4 10 -7 7 8 9 -11 11 -13 -14 -15
leaf_value=-0.00095201968473954926 -0.004157015385914265 0.0014808548426707134 0.004749367326427582 -0.0053285474746953693 0.0029234609540755609 -0.0045677250469553059 0.0022271757796269282 -0.01051237314597925 -0.006582936428850359 0.0028401772760887544 0.0085749136704295903 0.00087751969468420144 0.0094777350820286176 -0.0023202731411420658
leaf_weight=6133 1083 3361 1469 315 1586 227 537 344 349 399 728 562 208 1305
leaf_count=6133 1083 3361 1469 315 1586 227 537 344 349 399 728 562 208 1305
internal_value=0.000302118 -0.000523674 0.000702314 0.000264228 0.00184928 0.00349257 0.000268256 -0.00223049 -0.00442274 -0.00157095 0.00236991 0.00523781 0.0011696 0.000556515
internal_weight=18606 6073 12533 10837 4704 1696 4990 1629 1092 748 4389 1290 3099 2891
internal_count=18606 6073 12533 10837 4704 1696 4990 1629 1092 748 4389 1290 3099 2891
is_linear=0
shrinkage=0.03


Tree=172
num_leaves=15
num_cat=0
split_feature=6 6 10 10 9 4 8 1 13 6 8 7 6 6
split_gain=9.71743 24.2026 19.7134 25.8839 36.9564 18.1486 12.8515 12.4346 12.2771 14.2538 46.1005 12.9938 16.1447 17.6688
threshold=0.24096813558774136 0.28066876897129717 2.611655241999975 1.9281763096584899 0.89966133301077456 0.38176786367133891 -0.0041817970322786781 1.5049432215205629 1.0000000180025095e-35 0.14919227460415965 -0.015646551763136726 1.5164433259175578 -0.3342586160336577 -0.26143236951168397
decision_type=10 10 2 2 2 2 2 2 2 10 2 8 8 8
left_child=8 -2 3 5 -5 6 -3 -7 -1 11 -11 12 -10 -14
right_child=1 2 -4 4 -6 7 -8 -9 9 10 -12 -13 13 -15
leaf_value=-0.00078266635475254592 -0.0083388677087860505 -0.0088571404987741308 -0.0064995368490570384 0.010752842605838345 -0.0014331799922272181 0.0078078696932469566 -0.0012683634618871019 -0.0018398747722739757 0.0049889508705702208 0.015806152974988552 -0.00073039135268320224 0.0047188977096953152 -0.0050559105209394351 0.00026343620594934599
leaf_weight=7150 423 386 426 427 463 209 417 271 573 230 427 613 616 5911
leaf_count=7150 423 386 426 427 463 209 417 271 573 230 427 613 616 5911
internal_value=-0.000173265 -0.00172816 -0.000638292 0.000523043 0.00444078 -0.00220133 -0.0049485 0.0023981 0.000129958 0.000909561 0.00513432 0.0005466 0.000183305 -0.000242075
internal_weight=18542 3022 2599 2173 890 1283 803 480 15520 8370 657 7713 7100 6527
internal_count=18542 3022 2599 2173 890 1283 803 480 15520 8370 657 7713 7100 6527
is_linear=0
shrinkage=0.03


Tree=173
num_leaves=15
num_cat=0
split_feature=4 10 10 9 9 11 14 9 8 12 9 12 5 11
split_gain=8.54215 20.5432 10.215 24.5599 34.9659 14.8461 9.65128 19.9613 18.673 12.3871 23.8583 30.8715 19.2468 18.3343
threshold=0.014201005982376494 2.0687080645480083 1.353853118544696 0.91713143156970334 1.0398262552218249 0.33983180996705425 1.0000000180025095e-35 1.2822367916341926 0.095447343399887849 0.027277410762072133 1.0099521710392023 -0.0074351743438142983 1.8383285615016849 -0.37217023638973112
decision_type=2 2 2 2 2 2 2 2 2 8 2 10 2 2
left_child=1 -1 3 -2 5 -5 8 9 -4 10 12 -12 -8 -14
right_child=2 -3 6 4 -6 -7 7 -9 -10 -11 11 -13 13 -15
leaf_value=-0.0013217384826759216 -0.00043939984977976488 0.010086202190703704 -0.0011478129777976248 0.0053250659394264216 -0.0018692315208378451 0.015912678645931273 0.010072604362497625 0.0081466354793249228 -0.0096076447658687211 -0.0012741845512379006 -0.011687696359848697 0.0027972759962081911 -0.0054050803861587582 0.0030684488917787382
leaf_weight=350 2247 233 8065 245 333 242 286 264 237 3811 252 270 269 1428
leaf_count=350 2247 233 8065 245 333 242 286 264 237 3811 252 270 269 1428
internal_value=-0.000273741 0.00328452 -0.000390199 0.00118502 0.005612 0.0106945 -0.000715121 0.000143036 -0.00139496 -0.000197683 0.00143934 -0.00424001 0.00294126 0.00171333
internal_weight=18532 583 17949 3067 820 487 14882 6580 8302 6316 2505 522 1983 1697
internal_count=18532 583 17949 3067 820 487 14882 6580 8302 6316 2505 522 1983 1697
is_linear=0
shrinkage=0.03


Tree=174
num_leaves=15
num_cat=0
split_feature=3 6 5 6 12 7 3 12 9 12 4 7 8 9
split_gain=9.78451 28.7887 23.0627 22.5645 28.9645 22.0734 18.3559 17.6896 20.654 20.5407 18.97 17.0206 28.0801 15.5624
threshold=0.6818181818181891 -0.12952373734259595 2.0064092556009192 -0.22087747651133907 -0.020992036133013588 1.0682730290889351 0.71999999999999609 0.015278004088964849 0.88843326227310537 -0.062087449690749967 0.27253020991242 1.1345690609451977 0.05237329443664579 0.82567651812023912
decision_type=2 10 2 10 10 8 2 10 2 10 2 8 2 2
left_child=1 3 13 -1 -5 6 -2 8 -4 -10 -11 -7 -13 -3
right_child=5 2 7 4 -6 11 -8 -9 9 10 -12 12 -14 -15
leaf_value=-0.0014821941044233715 0.0040631711544601001 0.0062272656339782857 -0.0064989665219085226 -0.0034259026359750311 0.0094863745685688627 0.010922944016362492 -0.00074606496025096712 -0.0074347518930375518 -0.0065405727976588406 0.0087637806230515883 -0.0026560072112526444 0.003909421323242436 -0.0079922358101268982 -0.0024873831738596378
leaf_weight=924 757 328 591 222 507 223 11411 1109 226 318 217 1127 207 409
leaf_count=924 757 328 591 222 507 223 11411 1109 226 318 217 1127 207 409
internal_value=-0.000424014 -0.00158139 -0.00324121 0.00162991 0.00555769 -1.45229e-05 -0.000445325 -0.00463321 -0.00231628 0.000953257 0.00415013 0.00334286 0.00203966 0.00140688
internal_weight=18576 4851 3198 1653 729 13725 12168 2461 1352 761 535 1557 1334 737
internal_count=18576 4851 3198 1653 729 13725 12168 2461 1352 761 535 1557 1334 737
is_linear=0
shrinkage=0.03


Tree=175
num_leaves=15
num_cat=0
split_feature=2 2 2 6 11 1 4 3 8 5 3 3 6 12
split_gain=11.2063 9.63554 18.8658 18.586 16.2621 19.1017 17.9533 15.9098 15.6012 15.3342 15.9542 13.7736 21.4712 17.6889
threshold=0.9984756097560904 0.46072923551443656 0.49962349397585776 0.059102070052918239 -0.059137721969683345 1.9027002168269511 0.014201005982376494 0.63816024703397012 0.011477675844696661 2.0064092556009192 0.54189083317483211 0.6818181818181891 -0.14988562598529778 -0.049970845860118067
decision_type=2 2 2 10 2 2 2 2 2 2 2 2 10 8
left_child=1 4 3 8 5 7 -6 -1 -3 10 -8 12 -11 -13
right_child=-2 2 -4 -5 6 -7 9 -9 -10 11 -12 13 -14 -15
leaf_value=0.0021930478369725529 -0.0066000727987137889 -0.0037165668543921895 0.00011049598122964515 0.011419076531703742 0.008165227132979954 -0.012713038286437158 0.010138931560076876 -0.0062385833452145252 0.0073748107501680812 0.0017053370816267539 -0.00063044999560264692 0.0080276579663157467 -0.0055295842482372126 -0.0011901700300959066
leaf_weight=361 231 244 13160 260 209 202 212 445 206 530 287 245 1197 744
leaf_count=361 231 244 13160 260 209 202 212 445 206 530 287 245 1197 744
internal_value=-0.000104533 -2.07693e-05 0.000368389 0.00511429 -0.00123769 -0.00457681 -0.000249435 -0.0024719 0.00138607 -0.000808283 0.00400011 -0.00169744 -0.00331074 0.00112221
internal_weight=18533 18302 13870 710 4432 1008 3424 806 450 3215 499 2716 1727 989
internal_count=18533 18302 13870 710 4432 1008 3424 806 450 3215 499 2716 1727 989
is_linear=0
shrinkage=0.03


Tree=176
num_leaves=15
num_cat=0
split_feature=12 3 12 6 9 4 0 4 4 12 4 12 4 8
split_gain=8.83931 16.2506 14.399 23.791 19.2939 12.1236 19.2118 22.291 16.0071 34.1557 29.577 21.7285 14.2555 24.2023
threshold=0.050257683429811302 0.98684210526312366 0.037134078893121043 -0.089822721915452361 0.84982753020896029 0.6039758955708755 0.62960657619331106 0.075565941981407647 0.50971491942245828 -0.0081898558958350392 0.46368557158618767 -0.056023288037792045 0.14516869538320765 -0.03454678156334897
decision_type=8 2 10 8 2 2 2 2 2 10 2 10 2 2
left_child=2 -2 5 -4 -5 6 7 -1 10 11 12 -10 13 -9
right_child=1 -3 3 4 -6 -7 -8 8 9 -11 -12 -13 -14 -15
leaf_value=-0.0021963613913123514 0.00046414906894209874 0.0074779058206729801 0.0014979027581694944 -0.00092799700314507758 -0.011551634266898774 -0.0021373214849417367 -0.0031236444456336195 -0.0024850813523126934 0.0072530289199374135 0.014680806535352021 -0.0071945978652916825 -0.0063021005462640181 0.000654100576405968 0.0061920312235720591
leaf_weight=1868 4585 313 442 250 399 2519 1359 383 213 245 366 203 4296 1149
leaf_count=1868 4585 313 442 250 399 2519 1359 383 213 245 366 203 4296 1149
internal_value=-0.000173624 0.000919522 -0.000564866 -0.00386308 -0.00749771 -0.000277886 0.000187526 0.000704884 0.0014965 0.0059167 0.0010204 0.000642098 0.00154203 0.00402173
internal_weight=18590 4898 13692 1091 649 12601 10082 8723 6855 661 6194 416 5828 1532
internal_count=18590 4898 13692 1091 649 12601 10082 8723 6855 661 6194 416 5828 1532
is_linear=0
shrinkage=0.03


Tree=177
num_leaves=15
num_cat=0
split_feature=13 3 8 1 10 4 0 1 10 2 8 10 3 13
split_gain=18.5436 21.0604 20.7791 23.3056 20.6539 23.3337 19.705 19.2546 18.7533 17.1351 16.9207 15.8766 15.2915 14.9534
threshold=1.5000000000000002 0.46428571428570387 -0.0085923811854078328 1.7408548523970258 1.915354572844695 0.41094187438054847 0.58547159479045119 0.79575886453056666 1.8964530701134876 0.55844155844157206 0.044339351016718466 1.7893626166369967 0.86927600917317649 1.0000000180025095e-35
decision_type=2 2 2 2 2 2 2 2 2 2 2 2 2 2
left_child=8 -2 7 4 6 -6 -4 -3 10 -9 12 -5 13 -1
right_child=1 2 3 11 5 -7 -8 9 -10 -11 -12 -13 -14 -15
leaf_value=9.3976473819512308e-05 -0.0061107706254191485 -0.0073056555389650639 0.0059794962104587328 0.0046072689075328096 0.013279011847373253 0.0027737282308212211 -0.0038654763548402111 -0.0048837420807191822 0.00046317686351280703 0.0021146709957675976 0.0016988751978770028 -0.0013219455114236549 -0.0046025029199580521 -0.0043203644120311134
leaf_weight=2252 316 311 499 642 496 312 283 391 6420 1533 1012 1089 1986 991
leaf_count=2252 316 311 499 642 496 312 283 391 6420 1533 1012 1089 1986 991
internal_value=-2.88853e-05 0.00136386 0.0017941 0.0032974 0.00591377 0.00926452 0.00241475 -0.000442047 -0.000675106 0.000683464 -0.00184547 0.000884041 -0.0025324 -0.00125954
internal_weight=18533 5872 5556 3321 1590 808 782 2235 12661 1924 6241 1731 5229 3243
internal_count=18533 5872 5556 3321 1590 808 782 2235 12661 1924 6241 1731 5229 3243
is_linear=0
shrinkage=0.03


Tree=178
num_leaves=15
num_cat=0
split_feature=7 10 9 7 11 2 8 11 7 3 13 10 9 9
split_gain=14.7202 11.4752 15.1319 28.2716 17.8876 16.3288 14.0564 22.2405 23.5299 18.6746 17.1874 15.1556 13.7114 18.9953
threshold=2.4458782886694124 1.9088921543312816 0.6991871474368262 0.55197757847923434 0.20410102464651078 0.84808241046849153 0.034599060185329801 0.29338268095474201 0.79012822227350832 0.89473684210527282 1.0000000180025095e-35 1.8535079345732977 1.0722558942908105 0.96465256540108546
decision_type=10 2 2 8 2 2 2 2 8 2 2 2 2 2
left_child=1 6 3 -3 5 -4 11 9 10 -8 -9 12 13 -1
right_child=-2 2 4 -5 -6 -7 7 8 -10 -11 -12 -13 -14 -15
leaf_value=-0.00090285338024398225 -0.0067806262718337878 0.012020818834889282 0.001484773459297946 -0.00093774566123651891 -0.00024996736809898811 0.0069088417608084273 0.0012765985378210649 0.0023627151235153798 -0.00097230744801218741 -0.0086045804909533914 0.01143161985162517 -0.0060386696593527954 -0.0045250398169638835 0.0038394325575959645
leaf_weight=4918 260 304 2419 296 5554 626 472 337 478 265 430 503 728 894
leaf_count=4918 260 304 2419 296 5554 626 472 337 478 265 430 503 728 894
internal_value=0.000239255 0.00034124 0.00108661 0.00567301 0.000763482 0.00260937 -0.000418684 0.00181021 0.00424894 -0.00231038 0.00748809 -0.00104676 -0.000658511 -0.000170723
internal_weight=18484 18224 9199 600 8599 3045 9025 1982 1245 737 767 7043 6540 5812
internal_count=18484 18224 9199 600 8599 3045 9025 1982 1245 737 767 7043 6540 5812
is_linear=0
shrinkage=0.03


Tree=179
num_leaves=15
num_cat=0
split_feature=7 7 9 7 11 0 1 12 11 6 1 12 6 12
split_gain=9.68844 10.9385 18.9694 10.9229 27.1799 24.3275 16.0217 11.6777 10.406 9.47833 15.6557 12.5174 11.3269 9.16602
threshold=2.0849758261627014 1.6879808275541146 0.95794143349084127 1.2966051906759974 0.76859912496225702 0.56238886948514277 1.3924554627421024 0.015278004088964849 0.90471137000033275 0.45802752591260759 1.3924554627421024 0.040519950592305905 0.58597087679559312 0.17417075051187367
decision_type=10 10 2 10 2 2 2 8 2 10 2 10 10 10
left_child=1 3 8 9 7 6 -6 -5 -3 13 11 -11 -12 -1
right_child=-2 2 -4 4 5 -7 -8 -9 -10 10 12 -13 -14 -15
leaf_value=0.00013888332449944551 -0.0037965841915880891 0.0030978514351679576 -0.0031110093529266407 -0.0032937568661270786 0.0043429762470549426 0.0086806199100168263 -0.0060846842913775427 -0.011524763543259453 0.012535049353249188 0.0027472304422097161 0.012095793578251288 -0.0058567354285692071 0.0031442297054296831 -0.0043839256145867958
leaf_weight=14275 577 225 222 338 202 256 366 291 200 414 200 234 349 410
leaf_count=14275 577 225 222 338 202 256 366 291 200 414 200 234 349 410
internal_value=1.29531e-05 0.000136214 0.00395091 -7.26177e-06 -0.00249237 0.00109435 -0.00237072 -0.0071626 0.007633 0.000220806 0.00278205 -0.000380812 0.00648501 1.11589e-05
internal_weight=18559 17982 647 17335 1453 824 568 629 425 15882 1197 648 549 14685
internal_count=18559 17982 647 17335 1453 824 568 629 425 15882 1197 648 549 14685
is_linear=0
shrinkage=0.03


Tree=180
num_leaves=15
num_cat=0
split_feature=12 12 3 2 5 8 14 3 5 5 1 2 9 8
split_gain=11.9474 20.6732 18.9385 17.4163 12.7242 14.6097 12.5132 12.4135 13.5973 20.3968 14.9005 21.9431 19.3575 13.0013
threshold=0.015278004088964849 -0.0087646560816360668 0.500000000000002 0.84615384615382849 0.89783820030729544 -0.069598330630864749 1.0000000180025095e-35 0.99343183779119293 2.8661965184192755 2.9629139379237621 2.3207479679620375 0.60196589866204542 0.89658862084329949 -0.029526847423387136
decision_type=10 8 2 2 2 2 2 2 2 2 2 2 2 2
left_child=1 4 -3 -4 -1 -6 -5 8 13 -10 -11 -12 -13 -2
right_child=7 2 3 6 5 -7 -8 -9 9 10 11 12 -14 -15
leaf_value=0.0055589391348966916 0.00070339147411056639 0.010550587490546196 0.00093188959820560266 0.011676371267129634 -0.0048739771163213604 -1.9910711700459228e-05 0.0016970041319011495 0.0037220998597992526 0.0072662576577111858 0.00081068739063066371 -0.0093477079653787876 0.0073670726171353972 -0.0048125330249694257 -0.003270318553287866
leaf_weight=330 966 254 2208 256 603 6793 203 488 330 2085 368 200 270 3155
leaf_count=330 966 254 2208 256 603 6793 203 488 330 2085 368 200 270 3155
internal_value=-1.5491e-06 0.000653295 0.00280088 0.00204445 -0.000159939 -0.000418691 0.00732868 -0.000888214 -0.00119563 0.00025434 -0.000548345 -0.00391446 0.00039327 -0.00233912
internal_weight=18509 10647 2921 2667 7726 7396 459 7862 7374 3253 2923 838 470 4121
internal_count=18509 10647 2921 2667 7726 7396 459 7862 7374 3253 2923 838 470 4121
is_linear=0
shrinkage=0.03


Tree=181
num_leaves=15
num_cat=0
split_feature=4 11 3 4 2 3 10 1 1 3 4 11 10 9
split_gain=8.99536 11.925 16.553 22.3913 29.0762 20.1375 16.085 16.1591 15.9963 14.6122 12.6599 11.4333 15.6561 14.6066
threshold=0.6039758955708755 2.118069916084488 0.91666666666667196 0.74508186913851493 0.76521739130435174 0.86666666666666226 1.7301395015690877 2.2264638518652684 1.3624002014697651 0.96428571428573051 0.68265947450681275 -1.875750716081005 3.0711268671892955 0.84982753020896029
decision_type=2 2 2 2 2 2 2 2 2 2 2 2 2 2
left_child=11 2 3 8 -5 -6 9 -8 -2 -4 -10 13 -13 -1
right_child=1 -3 6 4 5 -7 7 -9 10 -11 -12 12 -14 -15
leaf_value=-0.0007104792039232899 0.0019474510453185254 0.0032464396717767109 -0.0058858972275629634 -0.0013893650705165826 0.013326232674593243 0.0018031792484223842 -0.0041878259460048934 -0.013975121111285928 -0.0034322804483399899 0.0053458625677099639 -0.012618893974293501 0.00042396054588883801 -0.004528777973167598 0.0091909686427677859
leaf_weight=246 240 463 203 999 252 295 417 240 332 204 229 13478 595 288
leaf_count=246 240 463 203 999 252 295 417 240 332 204 229 13478 595 288
internal_value=3.64222e-05 -0.00124783 -0.00186172 -0.000451319 0.00165756 0.00718441 -0.00495617 -0.00784164 -0.00450667 -0.000259663 -0.0072606 0.000377335 0.000213027 0.00466535
internal_weight=18481 3874 3411 2347 1546 547 1064 657 801 407 561 14607 14073 534
internal_count=18481 3874 3411 2347 1546 547 1064 657 801 407 561 14607 14073 534
is_linear=0
shrinkage=0.03


Tree=182
num_leaves=15
num_cat=0
split_feature=1 11 9 0 7 0 8 11 2 10 9 1 4 4
split_gain=6.63863 20.5883 16.5286 16.2279 21.9043 14.1252 20.2763 16.0267 24.5291 26.4705 19.7409 16.0038 13.3966 16.5473
threshold=1.0276422062020349 1.5458801851012007 0.86889419367695753 0.47724602494449125 0.88274148671321184 0.51146430664833509 -0.032806879317874231 0.8068853550948708 0.73126303964050143 1.9430839535812612 0.79309784340652134 0.69281007681920037 0.45468879773012855 0.48285990046867927
decision_type=2 2 2 2 10 2 2 2 2 2 2 2 2 2
left_child=1 3 -3 4 -1 6 -5 8 -7 10 -10 -12 -2 -14
right_child=12 2 -4 5 -6 7 -8 -9 9 -11 11 -13 13 -15
leaf_value=-0.0071720437528216899 0.0012825551798402593 -0.0090576300797207895 -0.0014885792736065351 -0.0028227781630065065 0.0035401875496539007 -0.0034500197707228271 0.0075044972952723289 0.0033301351953655823 0.0054527554314059042 0.008724273529914504 0.0014748862626962364 -0.0093254231519158751 -0.0073904403084624638 -0.00029847158841069389
leaf_weight=556 7125 427 657 244 244 1703 551 942 272 373 220 273 312 4499
leaf_count=556 7125 427 657 244 244 1703 551 942 272 373 220 273 312 4499
internal_value=3.77868e-05 -0.000736376 -0.00449801 2.53007e-05 -0.00390312 0.000715296 0.00433704 -5.05347e-05 -0.00117536 0.00222885 -0.000974292 -0.00453939 0.000457042 -0.000765591
internal_weight=18398 6462 1084 5378 800 4578 795 3783 2841 1138 765 493 11936 4811
internal_count=18398 6462 1084 5378 800 4578 795 3783 2841 1138 765 493 11936 4811
is_linear=0
shrinkage=0.03


Tree=183
num_leaves=15
num_cat=0
split_feature=7 10 3 5 10 6 4 3 2 7 7 6 6 6
split_gain=10.9587 10.0495 24.1769 22.9206 21.797 26.478 19.2513 14.5821 13.63 12.6121 11.5769 11.4976 10.967 10.0985
threshold=2.6174559817175251 2.3173454797024617 0.80645161290323053 3.3713977549380538 2.6381351839301388 0.32016235905356721 0.5647274636633447 0.86666666666666226 0.80769230769231226 0.089063333706481188 1.3394112667683851 -0.037061922930437301 0.0400312501427268 -0.047005896352973135
decision_type=10 2 2 2 2 8 2 2 2 10 10 10 8 10
left_child=1 -1 3 10 5 7 9 -4 -9 -6 -3 -12 -5 -8
right_child=-2 2 4 12 6 -7 13 8 -10 -11 11 -13 -14 -15
leaf_value=-0.00040427576792814637 -0.0067111985453034506 -0.0048934307692245754 0.0095380341214595047 0.0050257542680630009 0.0080336961661040505 0.01549094673449343 -0.0086121015232286328 -0.0021718448177170083 0.0060026628369024039 0.00077712093989449943 0.0060764550279553339 -0.003747441670546929 -0.0014649186935030061 0.00011711556737205973
leaf_weight=13111 214 1101 296 614 304 215 238 387 341 717 200 220 374 234
leaf_count=13111 214 1101 296 614 304 215 238 387 341 717 200 220 374 234
internal_value=-4.00018e-05 3.95968e-05 0.00114933 -0.000976093 0.00309947 0.00603257 0.000653367 0.00398106 0.00167198 0.00296637 -0.00328285 0.000947056 0.00257375 -0.00432862
internal_weight=18566 18352 5241 2509 2732 1239 1493 1024 728 1021 1521 420 988 472
internal_count=18566 18352 5241 2509 2732 1239 1493 1024 728 1021 1521 420 988 472
is_linear=0
shrinkage=0.03


Tree=184
num_leaves=15
num_cat=0
split_feature=1 1 8 13 12 12 10 7 7 1 1 11 10 6
split_gain=12.7611 22.6341 23.1963 15.0028 14.9771 33.3629 13.4014 27.9192 18.3834 10.5537 12.4215 12.2435 16.0171 10.0918
threshold=0.64670287462597698 0.70007161190454659 -0.016999922975137506 1.0000000180025095e-35 -0.016667726495866338 0.028805425964081036 1.1090415610350717 0.34285709962842581 0.76248001342500304 0.77768828731579398 0.8097517772216406 1.222028820725497 1.7112684424590676 0.43050190647522718
decision_type=2 2 2 2 10 10 2 10 10 2 2 2 2 10
left_child=3 2 -2 -1 -5 -6 7 -3 -9 11 -11 12 -8 -12
right_child=1 6 -4 4 5 -7 9 8 -10 10 13 -13 -14 -15
leaf_value=-0.0037411827809410167 -0.0012586394847718429 0.009768889895570813 0.010887411376688538 -0.0037347983077752013 0.012278274783221561 -0.003264233474186075 -0.0070005748134392958 -0.0053321921551993138 0.0047274261077336214 0.0059488367536174713 -0.00014579401993671583 -0.0092813156632029943 0.0031992277419742414 0.0028507479546277252
leaf_weight=1435 228 397 364 311 247 242 229 322 322 330 12314 218 335 1097
leaf_count=1435 228 397 364 311 247 242 229 322 322 330 12314 218 335 1097
internal_value=0.000211573 0.000505646 0.00623818 -0.00191055 0.00137598 0.00463129 0.000285667 0.00356533 -0.000304713 4.94368e-05 0.00024286 -0.00332926 -0.000967306 0.00010029
internal_weight=18391 16156 592 2235 800 489 15564 1041 644 14523 13741 782 564 13411
internal_count=18391 16156 592 2235 800 489 15564 1041 644 14523 13741 782 564 13411
is_linear=0
shrinkage=0.03


Tree=185
num_leaves=15
num_cat=0
split_feature=5 2 3 10 5 7 3 4 3 3 6 9 10 10
split_gain=10.5079 8.87218 13.5072 22.1196 16.4103 7.66127 7.99484 7.5793 15.9126 16.9807 16.5323 16.1105 10.2588 23.2793
threshold=3.9568297949968456 0.88293774382847778 0.98437499999999367 1.5472203081341571 2.6240380842167124 -0.10368697292678035 0.94444444444443609 0.86098472499584944 0.77083333333334803 0.86666666666666226 -0.020181829374936063 1.014939285297501 3.4513111288952465 3.0979813491128101
decision_type=2 2 2 2 2 10 2 2 2 2 10 2 2 2
left_child=1 7 3 -3 -4 -5 -7 12 11 -10 -11 -9 13 -1
right_child=-2 2 4 5 -6 6 -8 8 9 10 -12 -13 -14 -15
leaf_value=-0.00027915601731511323 0.006109952365763352 -0.010537536483120816 0.00654227527976036 0.0029231926564835318 -0.0032947193342048706 0.00010421590770666416 -0.0064684787709051233 -0.006040762494521101 0.0087976492567146871 -0.0040870327367478572 0.0064099048470195969 0.0043268767435292489 0.0062549338169941085 -0.0068719276848560815
leaf_weight=14197 219 348 280 237 324 320 342 353 405 293 242 212 200 494
leaf_count=14197 219 348 280 237 324 320 342 353 405 293 242 212 200 494
internal_value=-0.000348467 -0.000427633 -0.00239356 -0.00417175 0.00128175 -0.00166292 -0.00331438 -0.000205031 0.00182032 0.00420354 0.000676501 -0.00214677 -0.000410271 -0.000503107
internal_weight=18466 18247 1851 1247 604 899 662 16396 1505 940 535 565 14891 14691
internal_count=18466 18247 1851 1247 604 899 662 16396 1505 940 535 565 14891 14691
is_linear=0
shrinkage=0.03


Tree=186
num_leaves=15
num_cat=0
split_feature=6 1 2 4 3 0 3 1 1 6 5 1 13 0
split_gain=9.46469 12.3649 13.9733 23.3944 14.0349 12.969 20.7986 10.6284 7.36627 13.9604 10.9209 11.4734 7.01173 28.0554
threshold=-0.26143236951168397 0.75855575014254273 0.47761194029850979 0.14098069241926461 0.58547571962205858 0.50908376182372594 0.78260869565217805 1.5638978272319461 0.49098282270872201 -0.069256274245455315 0.75231612376899548 1.3517900827317904 6.5000000000000009 0.54548710577024939
decision_type=8 2 2 2 2 2 2 2 2 10 2 2 2 2
left_child=1 -1 4 -4 -3 -5 -7 -8 9 -2 11 -10 -12 -14
right_child=8 2 3 5 -6 6 7 -9 10 -11 12 -13 13 -15
leaf_value=-0.0063295983131659225 0.0022181312368968419 0.00044821243679177931 0.0084375599034334694 -0.0079218876827053895 -0.010400798878583469 0.0073243043941530308 -0.0063427795054820865 0.0014222534717275546 0.00066464375091504447 -0.0058561534942324816 0.00058423736700723399 0.010408096828506987 -0.009411458933757522 0.0032064395405482066
leaf_weight=408 334 202 287 200 223 270 320 307 232 444 14453 201 290 339
leaf_count=408 334 202 287 200 223 270 320 307 232 444 14453 201 290 339
internal_value=0.000191263 -0.00164555 -0.000574586 0.000890068 -0.00529907 -0.00111385 0.000439605 -0.00255959 0.000441628 -0.00239779 0.000584738 0.00525477 0.000448965 -0.00263938
internal_weight=18510 2217 1809 1384 425 1097 897 627 16293 778 15515 433 15082 629
internal_count=18510 2217 1809 1384 425 1097 897 627 16293 778 15515 433 15082 629
is_linear=0
shrinkage=0.03


Tree=187
num_leaves=15
num_cat=0
split_feature=12 9 5 6 6 6 3 5 0 0 3 9 3 1
split_gain=8.92281 11.7636 11.3443 14.2468 13.8594 15.4192 18.5658 14.3362 16.9046 21.2317 25.5904 17.8634 16.1617 15.6035
threshold=0.18159032394147581 0.92804354283322388 2.8661965184192755 -0.42196190509408821 -0.10219267730223712 -0.12952373734259595 0.50556892317614821 2.4349150108296915 0.5018934611426259 0.52617304459576775 0.8461538461538608 1.1505150340803596 0.90909090909091106 0.68531294211278582
decision_type=10 2 2 8 10 10 2 2 2 2 2 2 2 2
left_child=2 -2 3 -1 5 6 -5 8 12 10 -10 13 -6 -11
right_child=1 -3 -4 4 7 -7 -8 -9 9 11 -12 -13 -14 -15
leaf_value=0.0069321833903139285 -0.0064885132306448691 0.0019987818930248856 0.00090413000713330594 0.0056515393472544029 -0.00036663565045615674 -0.0069786636819119206 -0.0021326980627156371 -0.002040510384600801 0.0017724049909345965 -0.0035160081284701409 0.014781270537525416 -0.0070033096367942875 -0.010032308116191772 0.0027268397843258248
leaf_weight=215 419 222 7676 298 649 518 3083 1922 318 428 235 227 200 2155
leaf_count=215 419 222 7676 298 649 518 3083 1922 318 428 235 227 200 2155
internal_value=-9.24394e-05 -0.00355636 3.23948e-05 -0.000620678 -0.000785903 -0.0021832 -0.00143927 0.000103323 0.00108285 0.00203764 0.0073835 0.000974343 -0.002689 0.00168761
internal_weight=18565 641 17924 10248 10033 3899 3381 6134 4212 3363 553 2810 849 2583
internal_count=18565 641 17924 10248 10033 3899 3381 6134 4212 3363 553 2810 849 2583
is_linear=0
shrinkage=0.03


Tree=188
num_leaves=15
num_cat=0
split_feature=3 9 10 3 3 5 0 10 3 10 6 12 12 6
split_gain=8.87153 25.1344 12.4698 10.7175 24.1601 27.2624 17.3528 20.9337 14.0433 13.0811 12.7574 30.2378 31.1508 28.5913
threshold=0.43925986656112287 0.94395287075891099 1.8786892053215702 0.58172600728714674 0.56479568926806334 2.4157279463520642 0.50759876329418563 1.9213961572576841 0.50556892317614821 1.5544614543161881 0.10634951780246583 0.0084804856804097124 -0.044913571343606178 0.2229110918898978
decision_type=2 2 2 2 2 2 2 2 2 2 8 8 10 10
left_child=1 2 -1 4 5 9 -7 -8 -9 -2 -5 12 13 -12
right_child=3 -3 -4 10 -6 6 7 8 -10 -11 11 -13 -14 -15
leaf_value=0.0026044379117027405 -0.0011453279134738877 -0.0030279950742333676 0.011539344037726018 -0.00049467112473817348 -0.010721053957436862 0.0026775854243020129 0.00089508529247846018 -0.016316425001013626 -0.0052252612936510038 0.0079430604557943554 0.0058448940796687375 -0.0010991793317930631 0.0074937527441609067 -0.0028288264818453986
leaf_weight=305 244 393 262 10960 262 234 210 201 219 334 573 2324 1074 833
leaf_count=305 244 393 262 10960 262 234 210 201 219 334 573 2324 1074 833
internal_value=-1.96134e-05 0.00278056 0.00679787 -0.000174256 -0.00243082 -0.000892706 -0.00425691 -0.00683338 -0.0106627 0.00412952 7.03592e-05 0.00135861 0.00365938 0.00071424
internal_weight=18428 960 567 17468 1704 1442 864 630 420 578 15764 4804 2480 1406
internal_count=18428 960 567 17468 1704 1442 864 630 420 578 15764 4804 2480 1406
is_linear=0
shrinkage=0.03


Tree=189
num_leaves=15
num_cat=0
split_feature=9 11 10 2 8 14 9 9 13 13 8 4 11 3
split_gain=9.86504 17.9875 14.4948 32.0377 12.643 12.2552 10.6371 15.5625 15.4678 12.2289 15.4338 14.765 15.143 18.1713
threshold=1.1753811635740268 -0.92543588554535827 2.4615276461399591 0.68942218080148443 0.016630578161777546 1.0000000180025095e-35 1.0691770618235725 1.0581258610945448 8.5000000000000018 6.5000000000000009 0.048321996614149536 1.3175711881095198 1.5606300564177586 0.80000000000001859
decision_type=2 2 2 2 2 2 2 2 2 2 2 2 2 2
left_child=6 -2 3 4 -3 -4 7 8 9 10 11 12 -1 -14
right_child=1 2 5 -5 -6 -7 -8 -9 -10 -11 -12 -13 13 -15
leaf_value=0.00074234602086279008 -0.0052404515898876606 -0.0069215666005291001 0.0036739821583774259 0.008373455106876454 0.0023784673237024203 0.012532371526745998 -0.0024346042138599956 0.0080579352184925995 0.0067919418635476077 -0.0061294907089322805 -0.0022979068617008263 0.0069303028003358446 0.0005289635559143648 -0.0050752986828872335
leaf_weight=9730 243 341 378 328 209 225 1621 214 291 295 2234 300 1121 966
leaf_count=9730 243 341 378 328 209 225 1621 214 291 295 2234 300 1121 966
internal_value=9.36703e-05 0.00225127 0.00349399 0.00102207 -0.00339796 0.00705523 -0.000128715 0.000118713 2.31113e-06 -0.000134863 -9.54546e-06 0.000413131 0.000244818 -0.00207099
internal_weight=18496 1724 1481 878 550 603 16772 15151 14937 14646 14351 12117 11817 2087
internal_count=18496 1724 1481 878 550 603 16772 15151 14937 14646 14351 12117 11817 2087
is_linear=0
shrinkage=0.03


Tree=190
num_leaves=15
num_cat=0
split_feature=3 3 6 7 4 1 2 3 2 9 7 11 1 0
split_gain=11.0844 31.4012 28.4648 16.4408 14.5988 16.4567 23.9123 13.5822 23.2993 18.9485 16.2472 15.9347 15.549 14.9786
threshold=0.58547571962205858 0.63636363636362636 0.021750694920457451 0.81753348910398249 0.50971491942245828 2.9301483230019119 0.37499999999998329 0.6818181818181891 0.40740740740742709 0.90473955989362331 1.0682730290889351 1.1819816144154871 1.7408548523970258 0.51553915884282686
decision_type=2 2 10 10 2 2 2 2 2 2 10 2 2 2
left_child=4 2 3 -2 5 6 -1 8 -3 -10 -9 13 -11 -12
right_child=1 7 -4 -5 -6 -7 -8 10 9 12 11 -13 -14 -15
leaf_value=0.00095362842105673384 0.0039013866821934074 -0.01134867388755083 -0.0011462035370328701 0.014066311667135003 0.0033275927613705286 -0.0085563852358111394 -0.0059690361889595178 -0.00021691260495188393 -0.0052323854466346251 0.0086261262800544497 -0.0039270526787131719 0.0068260403554504887 -0.0025467789900612153 0.003843391562879312
leaf_weight=1185 264 245 358 322 409 369 717 12123 459 235 383 605 207 521
leaf_count=1185 264 245 358 322 409 369 717 12123 459 235 383 605 207 521
internal_value=-7.97388e-05 0.000224425 0.00551432 0.00955864 -0.00186119 -0.00280093 -0.00166483 -0.000115237 -0.00324469 -0.000990589 0.00014894 0.00307914 0.00342361 0.000547775
internal_weight=18402 15722 944 586 2680 2271 1902 14778 1146 901 13632 1509 442 904
internal_count=18402 15722 944 586 2680 2271 1902 14778 1146 901 13632 1509 442 904
is_linear=0
shrinkage=0.03


Tree=191
num_leaves=15
num_cat=0
split_feature=7 11 7 12 12 12 12 10 11 11 5 2 7 11
split_gain=7.92836 16.6777 16.3585 6.27107 19.6182 12.3261 17.5369 20.1808 14.4912 23.8638 12.1425 14.6911 14.7713 8.06435
threshold=2.0849758261627014 1.0159254329510736 1.8705494575361814 0.11320990721087089 0.12806391645660051 0.071234926881642527 0.079259914426064129 1.3857981711764229 0.20410102464651078 1.0663456986531243 3.3903024035591138 0.64912280701754643 0.35414500534767362 -1.6370241728872912
decision_type=10 2 10 10 10 10 8 2 2 2 2 2 10 2
left_child=2 -2 3 5 -5 13 -7 -8 -9 -10 11 -6 -13 -1
right_child=1 -3 -4 4 10 6 7 8 9 -11 -12 12 -14 -15
leaf_value=0.0028424778530709589 0.0015927644314345072 -0.0085323441384857739 0.0071822816183945782 -0.0080663997790014208 -0.0021235513945372362 0.0081033274188637722 -0.007469975582013527 0.0077185292183908055 -0.0071745514737169731 0.0046500203602701951 -0.0053309911945592066 0.00073902643924834684 0.011048024159531262 -0.00028839805090990171
leaf_weight=778 291 287 283 347 510 395 211 330 248 386 302 301 210 13614
leaf_count=778 291 287 283 347 510 395 211 330 248 386 302 301 210 13614
internal_value=-2.19024e-05 -0.00346481 9.01136e-05 -2.57222e-05 -0.00177203 0.00015748 0.00267716 0.000826431 0.00267152 4.68926e-06 -9.69699e-05 0.00146963 0.0050416 -0.000118221
internal_weight=18493 578 17915 17632 1670 15962 1570 1175 964 634 1323 1021 511 14392
internal_count=18493 578 17915 17632 1670 15962 1570 1175 964 634 1323 1021 511 14392
is_linear=0
shrinkage=0.03


Tree=192
num_leaves=15
num_cat=0
split_feature=5 6 10 9 12 4 2 8 10 5 6 0 3 3
split_gain=8.20856 14.0868 12.1372 18.0913 22.9135 11.0114 19.4933 18.2516 17.3724 17.3503 16.8448 19.9214 28.8296 16.1053
threshold=2.8661965184192755 -0.42196190509408821 1.4580382763652839 0.91713143156970334 0.0321191608901586 0.68265947450681275 0.87096774193549775 0.038364393121683618 2.091444879523674 0.75231612376899548 -0.10219267730223712 0.58089890884820283 0.7499999999999889 0.55555555555555369
decision_type=2 8 2 2 10 2 2 2 2 2 8 2 2 2
left_child=1 -1 3 4 -2 8 7 -7 10 -10 11 13 -13 -3
right_child=2 5 -4 -5 -6 6 -8 -9 9 -11 -12 12 -14 -15
leaf_value=0.0062592966064988851 -0.0033841308089852858 0.0017339513740605777 5.1118303411549609e-05 0.008830424013637728 0.0081217164815473968 -0.0032761161402832966 -0.0095161384239531386 0.0049228196869934753 0.0098084349978354666 0.00089592995565456975 -0.00014949826360129219 0.0094358074200617797 -0.0032641825675964352 -0.0067443869056014287
leaf_weight=246 446 238 6881 367 233 1153 337 305 212 2106 4052 226 525 1253
leaf_count=246 446 238 6881 367 233 1153 337 305 212 2106 4052 226 525 1253
internal_value=-0.000221021 -0.000764807 0.000509789 0.00351251 0.000594628 -0.000933768 -0.00306788 -0.00155001 -0.000487433 0.00173041 -0.00130496 -0.00338827 0.000594781 -0.00538977
internal_weight=18580 10653 7927 1046 679 10407 1795 1458 8612 2318 6294 2242 751 1491
internal_count=18580 10653 7927 1046 679 10407 1795 1458 8612 2318 6294 2242 751 1491
is_linear=0
shrinkage=0.03


Tree=193
num_leaves=15
num_cat=0
split_feature=4 8 8 2 2 5 12 9 12 10 10 9 8 9
split_gain=11.1543 14.1931 15.2852 16.8507 18.7871 15.7917 15.5191 12.1201 10.8698 10.1421 9.53855 23.0346 11.9384 10.4014
threshold=0.71115537977029586 0.037082592891351372 -0.013310037269788773 0.85021436966489106 0.76521739130435174 2.0064092556009192 0.052044840627587914 0.88843326227310537 0.033854693027518097 3.4513111288952465 3.0047236083545363 1.0550501510083421 -0.0050933249218244802 0.9886036928619617
decision_type=2 2 2 2 2 2 10 2 8 2 2 2 2 2
left_child=9 2 3 4 7 -4 -7 -2 -3 10 13 12 -12 -1
right_child=1 8 5 -5 -6 6 -8 -9 -10 -11 11 -13 -14 -15
leaf_value=0.00057726964066915634 0.0034783007967762831 -0.0015553006359065571 -0.012123962467111001 -0.0063977600336558634 0.0088356280802938444 -0.0060322141857155611 0.0024682780868477291 -0.0057556533982998197 0.0059786903898359509 0.0063043139888063924 -0.012701083409030818 0.0034447435398388955 -0.0028608032955915598 -0.0012110356654260056
leaf_weight=10574 241 391 249 303 236 687 265 262 301 222 211 269 236 4042
leaf_count=10574 241 391 249 303 236 687 265 262 301 222 211 269 236 4042
internal_value=-0.000310807 -0.00200544 -0.00316262 -0.000498779 0.00194662 -0.00546214 -0.00366547 -0.00134074 0.00174115 9.5074e-06 -8.36639e-05 -0.00345219 -0.00759488 8.24755e-05
internal_weight=18489 2935 2243 1042 739 1201 952 503 692 15554 15332 716 447 14616
internal_count=18489 2935 2243 1042 739 1201 952 503 692 15554 15332 716 447 14616
is_linear=0
shrinkage=0.03


Tree=194
num_leaves=15
num_cat=0
split_feature=9 9 10 8 1 8 5 4 4 14 2 5 6 5
split_gain=8.52892 26.3362 25.3189 25.7244 26.5082 15.4039 15.2696 15.319 19.5316 12.2112 19.3966 11.7855 19.7667 20.2397
threshold=0.7376940047465721 0.74424177859342933 1.8848045053961358 -0.03930814548274647 1.3715781658467991 0.0071074192358027153 3.2115878411772103 0.35120135944845626 0.61751078182181052 1.0000000180025095e-35 0.58730158730158566 2.7943307984449048 -0.10219267730223712 2.0648160988924222
decision_type=2 2 2 2 2 2 2 2 2 2 2 2 8 2
left_child=2 -2 6 -4 5 -5 7 9 -9 -1 -11 12 -3 -14
right_child=1 11 3 4 -6 -7 -8 8 -10 10 -12 -13 13 -15
leaf_value=-0.0084664663042013453 0.010548829391188577 -0.0026797032463061121 -0.006136203294900393 0.0038659703055147748 -0.0010577745135728414 0.015270266606738525 -0.010551426462784765 0.0060259898539100371 -0.004323257079748349 0.0042950231230258935 -0.0073590321023509183 0.0009049084202268936 0.0024498591373196322 -0.0013506508285811884
leaf_weight=463 213 2990 254 212 380 219 247 331 316 245 260 7493 2326 2743
leaf_count=463 213 2990 254 212 380 219 247 331 316 245 260 7493 2326 2743
internal_value=-8.23544e-05 0.000193911 -0.00156813 0.00211489 0.00472085 0.00976939 -0.00367471 -0.00259366 0.000976943 -0.00497296 -0.00171841 4.8745e-05 -0.000747356 0.000393976
internal_weight=18692 15765 2927 1065 811 431 1862 1615 647 968 505 15552 8059 5069
internal_count=18692 15765 2927 1065 811 431 1862 1615 647 968 505 15552 8059 5069
is_linear=0
shrinkage=0.03


Tree=195
num_leaves=15
num_cat=0
split_feature=0 6 12 12 7 4 12 1 14 7 4 12 12 5
split_gain=9.63183 14.0698 14.6458 17.4354 12.2195 11.7935 10.8233 16.1913 16.0207 9.60812 8.04867 12.3367 11.0503 27.7408
threshold=0.62960657619331106 0.32016235905356721 0.035533034772516077 0.061661007215526704 2.6174559817175251 0.3581750464541838 0.018334108685359566 0.99580415223094565 1.0000000180025095e-35 -0.074454182980555964 0.012710307232018424 0.0099197549221133902 -0.10742028613221032 2.1031764386730134
decision_type=2 8 10 10 10 2 10 2 2 8 2 10 10 2
left_child=4 2 6 -4 10 -5 7 9 -9 -2 11 -1 13 -12
right_child=1 -3 3 5 -6 -7 -8 8 -10 -11 12 -13 -14 -15
leaf_value=-0.00025021683541126549 -0.0025097061622370944 0.0050356616763507622 0.0067699006367029791 0.0024618079007103495 -0.0067182757444162328 -0.0075461278756347172 -0.010223177564899306 -0.0033195952121853412 0.0055832325966421806 -0.011255925365205092 0.0096434048020088946 0.0094300844157156199 8.5858834707843403e-05 0.00031949823913194817
leaf_weight=251 204 250 288 200 211 216 216 566 262 259 388 219 13897 1068
leaf_count=251 204 250 288 200 211 216 216 566 262 259 388 219 13897 1068
internal_value=0.000100967 -0.00164458 -0.00240958 0.00115734 0.000369314 -0.00276253 -0.00407419 -0.00300992 -0.000485913 -0.00747028 0.000465919 0.00431218 0.000346809 0.00282867
internal_weight=18495 2461 2211 704 16034 416 1507 1291 828 463 15823 470 15353 1456
internal_count=18495 2461 2211 704 16034 416 1507 1291 828 463 15823 470 15353 1456
is_linear=0
shrinkage=0.03


Tree=196
num_leaves=15
num_cat=0
split_feature=5 0 5 9 9 9 11 5 6 6 5 3 11 2
split_gain=7.31902 12.8927 12.8686 24.3358 15.098 12.9293 15.7413 11.8236 21.9742 12.328 12.5124 12.9144 25.1676 18.6047
threshold=3.3814451304065876 0.66999370842425809 3.2755151199286718 1.002383037451738 1.0654398922008081 1.347144411045426 1.6039299476253568 1.141595565307207 0.021750694920457451 0.86746747268018298 1.5028108513641942 0.98192771084337416 0.060874141162190913 0.92307692307689371
decision_type=2 2 2 2 2 2 2 2 10 10 2 2 2 2
left_child=2 -2 4 -4 7 6 -6 8 -1 10 -9 13 -13 -12
right_child=1 -3 3 -5 5 -7 -8 9 -10 -11 11 12 -14 -15
leaf_value=-0.0062130508695061749 0.00067231541723880518 0.0083019427216878827 -0.0078652261060281822 0.0033651905086865466 -0.0044679075480274551 0.0026641684089926012 0.0039145288548686286 0.0040567728303799958 0.0030417632843766891 0.0075628835738107969 1.6770114474286133e-05 -0.0024346383746530189 0.0078902260494582779 -0.0079137667114084417
leaf_weight=630 3634 206 516 257 1634 371 226 780 359 217 8350 361 505 270
leaf_count=630 3634 206 516 257 1634 371 226 780 359 217 8350 361 505 270
internal_value=-7.16417e-05 0.00109188 -0.000380555 -0.00413381 -0.000167399 -0.00242259 -0.00344163 0.00027204 -0.00285522 0.000568296 0.000416837 0.000115559 0.00359694 -0.000236078
internal_weight=18316 3840 14476 773 13703 2231 1860 11472 989 10483 10266 9486 866 8620
internal_count=18316 3840 14476 773 13703 2231 1860 11472 989 10483 10266 9486 866 8620
is_linear=0
shrinkage=0.03


Tree=197
num_leaves=15
num_cat=0
split_feature=12 5 2 7 4 12 2 7 6 5 4 6 7 6
split_gain=7.62196 17.9992 17.35 16.8872 17.0489 21.9148 16.9748 19.3858 15.0946 19.6367 17.7445 12.5928 18.5696 15.4752
threshold=-0.0087646560816360668 0.63630053672321052 0.61788617886178143 -0.49987436041427724 0.2079047757488631 -0.0051574923841248279 0.87500000000002365 0.1230191083274759 -0.15933071280304242 2.0313469072583437 0.22115960635219173 -0.14988562598529778 0.95718540669883001 -0.30045134048998517
decision_type=10 2 2 10 2 10 2 10 8 2 2 8 10 10
left_child=2 -2 8 -3 11 -6 -7 -8 9 -1 -11 12 13 -5
right_child=1 3 -4 4 5 6 7 -9 -10 10 -12 -13 -14 -15
leaf_value=-0.0091682853397748523 -0.0083476489375277248 0.0075611550759536227 -0.0020719535215025561 -0.0080029230202748394 0.010621530951330681 0.00044739990580355864 0.0098838261666954769 0.0003250812644523287 0.0019567952090578599 -0.0040338838300598206 0.0053148953822344091 -0.0022013515665850552 0.0069846817793754431 0.0015322699132892818
leaf_weight=272 200 302 4240 209 218 5356 387 373 2609 397 330 2811 372 535
leaf_count=272 200 302 4240 209 218 5356 387 373 2609 397 330 2811 372 535
internal_value=-6.11113e-05 0.000457232 -0.000771823 0.000627815 0.000420171 0.00138262 0.0010449 0.00522528 0.000756799 -0.00237126 0.000217034 -0.00113199 0.00155934 -0.00118184
internal_weight=18611 10763 7848 10563 10261 6334 6116 760 3608 999 727 3927 1116 744
internal_count=18611 10763 7848 10563 10261 6334 6116 760 3608 999 727 3927 1116 744
is_linear=0
shrinkage=0.03


Tree=198
num_leaves=15
num_cat=0
split_feature=11 5 1 11 11 5 5 12 1 0 0 3 13 4
split_gain=7.76296 18.7188 15.3673 16.5826 17.1988 15.6914 28.7683 15.1999 21.9872 16.469 15.1043 21.1162 14.297 14.0218
threshold=1.2932731715845101 3.6098436613676745 1.1115773242315152 2.2219828143020828 2.3519497211329496 3.6300407335232681 3.3713977549380538 -0.039164796126813332 0.65864450487480242 0.54316810221382339 0.54548710577024939 0.7250000000000042 1.5000000000000002 0.36902126586229528
decision_type=2 2 2 2 2 2 2 8 2 2 2 2 2 2
left_child=1 -1 7 5 -5 6 10 9 -9 -2 11 -4 -6 -8
right_child=2 -3 3 4 12 -7 13 8 -10 -11 -12 -13 -14 -15
leaf_value=0.00021167616823462125 0.0063749675745608421 0.0047126624227880878 -0.0038397162564532748 0.010914857231310285 0.0042113175430248733 -0.0058615429069408601 0.012846821564090687 0.0010517905488779172 -0.0074721592435048577 -0.0046679525741854236 -0.0044330028771792842 0.0063169250640180679 -0.0050099210300986923 0.0016487253620628341
leaf_weight=12480 264 886 347 222 491 471 200 392 879 217 818 382 213 201
leaf_count=12480 264 886 347 222 491 471 200 392 879 217 818 382 213 201
internal_value=0.000131833 0.000511686 -0.000863793 0.000329007 0.00373182 -0.00097861 0.000214001 -0.0031356 -0.00484939 0.00139626 -0.00164645 0.0014892 0.00140571 0.00732324
internal_weight=18463 13366 5097 3345 926 2419 1948 1752 1271 481 1547 729 704 401
internal_count=18463 13366 5097 3345 926 2419 1948 1752 1271 481 1547 729 704 401
is_linear=0
shrinkage=0.03


Tree=199
num_leaves=15
num_cat=0
split_feature=4 12 2 12 5 5 2 6 5 5 10 7 13 5
split_gain=9.90807 19.8957 19.8701 26.122 15.7976 13.3862 37.2768 32.5222 31.744 21.8355 16.5986 15.1573 13.2557 19.8468
threshold=0.45468879773012855 -0.0081898558958350392 0.62894075750882705 -0.058502924851514752 2.4592311073319286 1.6477019081599449 0.78095238095237784 0.027015640722955595 1.4397337899142426 1.781745541553774 1.6778021220213761 0.80372987749602987 1.5000000000000002 1.5646356451605474
decision_type=2 8 2 10 2 2 2 10 2 2 2 10 2 2
left_child=5 2 4 -4 -2 6 7 8 11 -7 -9 -1 13 -3
right_child=1 12 3 -5 -6 9 -8 10 -10 -11 -12 -13 -14 -15
leaf_value=-0.0095121685668612208 0.0062599545303540956 -0.0094239930638784081 -0.000699675727452411 -0.0083026950840097008 -0.0028365808840722013 -0.0067788358501814031 0.011481449693441391 6.1209491557545119e-05 0.0066194604793863906 0.00031977149831217624 0.010868440340115474 -0.00054850329887377077 0.0024033812046503631 -0.00013846735449138007
leaf_weight=413 297 232 727 921 394 400 355 211 243 10522 320 287 1600 1647
leaf_count=413 297 232 727 921 394 400 355 211 243 10522 320 287 1600 1647
internal_value=-1.30067e-05 -0.00103839 -0.00317481 -0.00496095 0.0010901 0.000455078 0.0028267 0.000710508 -0.00263146 5.6814e-05 0.00661467 -0.00586702 0.000400457 -0.00130692
internal_weight=18569 5818 2339 1648 691 12751 1829 1474 943 10922 531 700 3479 1879
internal_count=18569 5818 2339 1648 691 12751 1829 1474 943 10922 531 700 3479 1879
is_linear=0
shrinkage=0.03


Tree=200
num_leaves=15
num_cat=0
split_feature=11 6 6 8 4 1 0 5 0 1 0 1 1 3
split_gain=9.75332 23.9627 18.4586 14.9605 14.2718 14.2731 12.7624 18.9581 11.4873 15.9278 22.2934 14.5679 21.0914 10.5009
threshold=-0.38976581112813807 0.86746747268018298 -0.044841163760784335 0.041418547299231979 0.70034110476539524 0.77768828731579398 0.58323388990007874 2.1666078479613486 0.48812370309404812 0.84809178320639644 0.60987281536827498 1.4833324024746994 2.182902895905924 0.8749999999999728
decision_type=2 8 10 2 2 2 2 2 2 2 2 2 2 2
left_child=1 2 3 4 5 -1 7 -7 -4 13 11 -11 -13 -10
right_child=-2 -3 8 -5 -6 6 -8 -9 9 10 -12 12 -14 -15
leaf_value=-0.00539832977859108 0.00060705801571376487 -0.010505758945374762 -0.0046210149722368653 -0.0090815638217018602 -0.0080576718466181772 -0.00039420779658163463 -0.003235649916291388 0.008957969091316827 0.011752536394878436 -0.0015381926343436571 -0.0061972698750339932 0.013033476527780294 0.0014172856080682671 0.0027154167164717951
leaf_weight=386 14349 222 234 263 251 487 389 320 223 398 316 223 371 243
leaf_count=386 14349 222 234 263 251 487 389 320 223 398 316 223 371 243
internal_value=0.00023062 -0.00101726 -0.00049183 -0.00245827 -0.00148584 -0.000421048 0.00120112 0.00334654 0.0015618 0.00238804 0.000681886 0.00289332 0.00585064 0.0071189
internal_weight=18675 4326 4104 2096 1833 1582 1196 807 2008 1774 1308 992 594 466
internal_count=18675 4326 4104 2096 1833 1582 1196 807 2008 1774 1308 992 594 466
is_linear=0
shrinkage=0.03


Tree=201
num_leaves=15
num_cat=0
split_feature=11 1 5 12 10 10 12 2 12 13 11 11 12 5
split_gain=10.4162 20.7904 8.98214 21.5708 16.909 11.7692 24.8491 11.873 14.8271 17.3979 15.6869 12.1608 11.8124 10.35
threshold=2.4189513173767474 1.1609503756335833 3.3713977549380538 0.11851799406911852 3.0979813491128101 2.5451607367326616 -0.041772835375564359 0.89999999999995661 -0.047866667370518694 1.0000000180025095e-35 1.1686545107507145 0.64955601516697203 0.016063871504342079 3.256808945117371
decision_type=2 2 2 10 2 2 10 2 8 2 2 2 10 2
left_child=2 -2 13 4 5 7 -7 8 -4 10 -10 -11 -13 -1
right_child=1 -3 3 -5 -6 6 -8 -9 9 11 -12 12 -14 -15
leaf_value=0.00019073264391078135 -0.0095926514325529021 0.00022916832282315184 -0.003718868711064088 -0.0063872620084633432 -0.0047582724969133846 0.015238322271079329 0.0030473402116053851 0.0085001350041121661 0.0013761072427034378 0.0049886859186944804 0.011029660872050692 0.0015847348972400116 -0.0079581084111590445 -0.0032370639207491962
leaf_weight=13557 286 581 430 265 261 201 572 214 295 230 310 222 238 837
leaf_count=13557 286 581 430 265 261 201 572 214 295 230 310 222 238 837
internal_value=0.000153499 -0.00304721 0.000311703 0.00173802 0.00247178 0.00317507 0.00629487 0.00191834 0.00107961 0.0026811 0.00637242 -0.000578049 -0.00338513 -9.64593e-06
internal_weight=18499 867 17632 3238 2973 2712 773 1939 1725 1295 605 690 460 14394
internal_count=18499 867 17632 3238 2973 2712 773 1939 1725 1295 605 690 460 14394
is_linear=0
shrinkage=0.03


Tree=202
num_leaves=15
num_cat=0
split_feature=12 12 6 9 5 5 5 1 3 7 7 9 3 6
split_gain=8.37099 18.426 14.042 18.5737 12.5232 13.3396 15.1904 14.9951 14.0107 20.2904 14.5788 14.432 15.335 12.0851
threshold=-0.020992036133013588 -0.025115175154018284 -0.52535900139355973 0.85164711474290733 0.63630053672321052 2.0648160988924222 1.9277288114430664 2.5898851917956596 0.54189083317483211 -0.0085016075392140966 0.24091510526646098 0.85164711474290733 0.74838468666261082 inf
decision_type=8 10 10 2 2 2 2 2 2 10 10 2 2 8
left_child=1 13 3 -2 -4 6 7 8 -6 -10 -11 12 -12 -1
right_child=2 -3 4 -5 5 -7 -8 -9 9 10 11 -13 -14 -15
leaf_value=-0.00074586670607885693 -0.011025122616389027 -0.0073465627443790428 -0.0064316913648085165 0.00072014341422102664 0.0077695152589253016 0.00021944247473462976 0.0074613759261758427 0.0071013601499844373 0.0055191794358766992 -0.0080220281569684145 0.0029141701488960082 0.0037747842726046149 -0.0074374372684038598 0.0065782219929886709
leaf_weight=5896 214 370 215 270 205 8604 478 364 385 300 200 406 346 205
leaf_count=5896 214 370 215 270 205 8604 478 364 385 300 200 406 346 205
internal_value=-2.25988e-05 -0.000891738 0.000446769 -0.00453264 0.000658161 0.000795988 0.00264035 0.00158121 0.000474099 -0.000460376 -0.00231378 -0.000482444 -0.0036536 -0.000494584
internal_weight=18458 6471 11987 484 11503 11288 2684 2206 1842 1637 1252 952 546 6101
internal_count=18458 6471 11987 484 11503 11288 2684 2206 1842 1637 1252 952 546 6101
is_linear=0
shrinkage=0.03


Tree=203
num_leaves=15
num_cat=0
split_feature=9 10 9 13 6 10 9 9 12 10 6 10 9 1
split_gain=9.38208 20.1836 27.9531 22.2595 17.1839 14.7526 14.7132 13.8733 14.6609 20.2973 17.0029 20.8588 22.0012 29.0618
threshold=0.91360069066523575 1.6630736068014611 0.89966133301077456 2.5000000000000004 0.34625264764618041 1.6303802416658064 0.75511728423940228 0.89166847511186886 -0.010633883427756783 1.8221652407501476 0.21200051593117666 1.8964530701134876 0.74220341491826403 1.3624002014697651
decision_type=2 2 2 2 10 2 2 2 8 2 8 2 2 2
left_child=1 3 4 5 7 -1 -6 8 -3 -10 11 -11 13 -13
right_child=-2 2 -4 -5 6 -7 -8 -9 9 10 -12 12 -14 -15
leaf_value=-0.0023062882167965157 0.0010947267296196389 -0.0015959549511232562 -0.00681268485629945 0.0029562881782403965 -0.00019719180735674772 -0.010189303778829744 0.0092799109268061654 0.008284647229691626 0.0069995925881962892 -0.0067687647482838299 -0.0064425711600232293 0.015186955277770756 0.00061411176945488802 0.00074901664932799895
leaf_weight=3333 8163 1894 396 719 226 224 418 208 542 239 269 245 1399 253
leaf_count=3333 8163 1894 396 719 226 224 418 208 542 239 269 245 1399 253
internal_value=0.000334341 -0.000264743 0.000844438 -0.00184335 0.00138257 -0.00281632 0.0059782 0.000791065 0.000460878 0.00178324 0.000595583 0.00149492 0.0025511 0.00793238
internal_weight=18528 10365 6089 4276 5693 3557 644 5049 4841 2947 2405 2136 1897 498
internal_count=18528 10365 6089 4276 5693 3557 644 5049 4841 2947 2405 2136 1897 498
is_linear=0
shrinkage=0.03


Tree=204
num_leaves=15
num_cat=0
split_feature=7 7 8 8 0 10 2 1 2 4 4 4 0 0
split_gain=9.75572 17.6018 22.3703 15.5131 15.3502 18.6852 14.6015 14.2847 15.6983 14.8872 27.4407 26.7084 16.8479 21.6019
threshold=0.24091510526646098 0.075569483486221292 -0.076955052245825981 -0.03930814548274647 0.59817489768423859 1.3461631235710343 0.92951902285079779 0.45405536119628676 0.55555555555556146 0.23169486784967738 0.20527405675427762 0.27253020991242 0.55162193415767302 0.50992065921287544
decision_type=8 10 2 2 2 2 2 2 2 2 2 2 2 2
left_child=1 2 -1 -4 5 -3 7 -2 -9 10 12 -11 13 -10
right_child=6 4 3 -5 -6 -7 -8 8 9 11 -12 -13 -14 -15
leaf_value=-0.0082806778719296328 0.0081304124217363473 0.0062287581483523044 0.0055272854073232314 -5.2943615320768694e-05 -0.0076495853167238359 -0.0032929189604312937 -0.0069116197375557083 -0.00059378626504647783 0.0045003560399837625 -0.007275897957466913 0.013804598016942912 0.0012283723733639801 0.00525879551259981 -0.0048117044493556022
leaf_weight=254 218 220 534 2666 542 1056 232 6299 412 357 209 4058 925 480
leaf_count=254 218 220 534 2666 542 1056 232 6299 412 357 209 4058 925 480
internal_value=3.21165e-05 -0.00105809 0.000200376 0.000885427 -0.00344303 -0.00163335 0.000468104 0.000602846 0.000470899 0.00151177 0.00363754 0.000533258 0.0024334 -0.000509507
internal_weight=18462 5272 3454 3200 1818 1276 13190 12958 12740 6441 2026 4415 1817 892
internal_count=18462 5272 3454 3200 1818 1276 13190 12958 12740 6441 2026 4415 1817 892
is_linear=0
shrinkage=0.03


Tree=205
num_leaves=15
num_cat=0
split_feature=4 9 4 0 13 13 6 6 4 1 9 9 0 7
split_gain=7.82834 17.033 13.7885 18.7591 12.7185 22.3713 22.9055 24.3107 21.0942 18.5677 23.4024 17.319 16.1851 15.3904
threshold=0.46368557158618767 0.6415519081794655 0.50442093923256615 0.57871419744057817 6.5000000000000009 1.5000000000000002 -0.013183257909440247 -0.20932997146523799 0.86098472499584944 1.3262797764867853 0.91360069066523575 0.91532035134603162 0.58706611815965093 0.62408758639814477
decision_type=2 2 2 2 2 2 8 10 2 2 2 2 2 10
left_child=-1 -2 3 -3 5 8 7 -7 9 10 -4 -9 -8 -10
right_child=1 2 4 -5 -6 6 12 11 13 -11 -12 -13 -14 -15
leaf_value=0.00054761060254156419 0.0070694482889996852 -0.010007147967683531 -0.0040186649598415542 0.0013576348066433436 -0.005650090285273919 -0.00082605143377588962 0.0015999858000745567 0.0043480205751223371 -0.0018030304108090681 -0.0061468694456609215 0.0069952505902683999 0.014387589938455474 -0.0075449299643514673 0.0060732098325168848
leaf_weight=12877 233 334 472 211 410 349 541 341 468 1103 268 288 251 419
leaf_count=12877 233 334 472 211 410 349 541 341 468 1103 268 288 251 419
internal_value=0.000138223 -0.00078825 -0.00113004 -0.00563486 -0.000624794 -0.000161171 0.00246177 0.00552142 -0.00186315 -0.00368936 -9.66413e-06 0.00902205 -0.00132736 0.00193073
internal_weight=18565 5688 5455 545 4910 4500 1770 978 2730 1843 740 629 792 887
internal_count=18565 5688 5455 545 4910 4500 1770 978 2730 1843 740 629 792 887
is_linear=0
shrinkage=0.03


Tree=206
num_leaves=15
num_cat=0
split_feature=2 0 0 9 7 1 12 4 6 2 2 7 2 9
split_gain=9.03106 13.4992 15.3621 16.0846 10.8714 16.0244 10.6802 8.95831 20.2938 21.4042 19.8507 19.7272 21.1956 15.0477
threshold=0.88293774382847778 0.55289593902649192 0.57941147311975871 0.97086114867172313 0.27750497000654867 1.0766174476336059 0.0011058083968190637 0.077189263162789151 -0.089822721915452361 0.34900195397457406 0.21390513855703569 0.30803712802876321 0.58339895013124721 0.83045018109169388
decision_type=2 2 2 2 10 2 10 2 10 2 2 8 2 2
left_child=7 4 -3 6 5 -2 -4 8 11 10 -10 -1 13 -13
right_child=1 2 3 -5 -6 -7 -8 -9 9 -11 -12 12 -14 -15
leaf_value=-0.0046778189730023725 -0.0087530095595866435 0.006031455295390775 -0.0081802259823051063 0.0048421166768155485 -0.010903579642715518 0.0026265858911379736 -0.00075106257474736161 0.00054356181284170152 -0.0031839146855657911 -0.0056676888220502939 0.0089415791587131779 0.0075413934873268668 0.011725398434069135 -0.0019110907398875389
leaf_weight=324 203 278 322 231 214 236 375 13746 294 1164 200 221 227 456
leaf_count=324 203 278 322 231 214 236 375 13746 294 1164 200 221 227 456
internal_value=2.61984e-06 -0.00197757 -9.1409e-05 -0.00194812 -0.00543389 -0.00267482 -0.00421701 0.000224479 -0.00129362 -0.0034543 0.0017656 0.00162582 0.00389839 0.00120725
internal_weight=18491 1859 1206 928 653 439 697 16632 2886 1658 494 1228 904 677
internal_count=18491 1859 1206 928 653 439 697 16632 2886 1658 494 1228 904 677
is_linear=0
shrinkage=0.03


Tree=207
num_leaves=15
num_cat=0
split_feature=10 0 6 10 1 12 13 1 2 1 3 10 1 3
split_gain=12.4722 15.3365 9.49057 8.15672 14.8065 20.3084 17.9466 16.9401 16.3146 14.1095 13.307 16.9163 20.6748 26.8555
threshold=3.0979813491128101 0.5240896850236566 -0.067236041999802862 2.1230399167815537 0.91432229054892344 0.050257683429811302 1.0000000180025095e-35 0.78306227496656133 0.81250000000002787 1.1115773242315152 0.76503012048189978 1.7968534795579707 1.8264679020723271 0.8108108108108093
decision_type=2 2 8 2 2 8 2 2 2 2 2 2 2 2
left_child=3 -2 -3 10 6 9 7 -5 -7 -6 -1 12 -12 -14
right_child=1 2 -4 4 5 8 -8 -9 -10 -11 11 -13 13 -15
leaf_value=0.00097174639269474727 0.0020022645108165996 -0.00203404163941741 -0.0095207996887311467 -0.0017647793918800429 -0.0056984901041910053 0.0016794730767649311 0.0075557212126433747 0.007610730654560029 0.010044668949571728 -0.00022948684660306306 -0.0012430526283315772 -0.0033504243790679249 -0.0057137181074955528 0.0056923147760282612
leaf_weight=4371 311 283 334 621 495 1069 612 235 257 2817 3682 2147 229 907
leaf_count=4371 311 283 334 621 495 1069 612 235 257 2817 3682 2147 229 907
internal_value=-2.96512e-05 -0.00340905 -0.0061308 0.000151075 0.00103458 0.000202154 0.00365492 0.000838355 0.00333242 -0.00105422 -0.00032506 -0.00113901 -0.0001511 0.00337807
internal_weight=18370 928 617 17442 6106 4638 1468 856 1326 3312 11336 6965 4818 1136
internal_count=18370 928 617 17442 6106 4638 1468 856 1326 3312 11336 6965 4818 1136
is_linear=0
shrinkage=0.03


Tree=208
num_leaves=15
num_cat=0
split_feature=11 2 11 3 9 9 9 2 2 10 12 7 5 5
split_gain=10.2525 16.9969 13.7715 11.4663 7.9958 22.7822 16.503 21.4851 23.981 15.3953 16.4562 17.9185 14.0209 17.5218
threshold=2.4189513173767474 0.62500000000008693 2.2488808819354502 0.70230710150065434 0.91868608507392702 0.9263888127560832 0.82898115319349597 0.84210526315791467 0.8798734177215165 2.6240484955840864 0.055031117502305112 0.62408758639814477 1.3019823756613402 3.4107967364378724
decision_type=2 2 2 2 2 2 2 2 2 2 10 8 2 2
left_child=2 3 4 -2 6 -6 -1 9 -9 10 -8 -12 -7 -14
right_child=1 -3 -4 -5 5 12 7 8 -10 -11 11 -13 13 -15
leaf_value=0.00049791170623301312 -0.0035769958051777824 -0.0085217584287347794 0.0060204037978668894 0.0053682754439276833 0.0093533389787291629 0.0055216279329759624 -0.0010189251430308011 0.010851885784355302 -0.0011591818719637686 -0.0090884830270181686 -0.011333389119384531 -0.0014062299758392616 -0.0006566485683626019 0.0030849395505030031
leaf_weight=6325 299 321 357 219 269 468 2111 220 444 335 329 324 5080 1442
leaf_count=6325 299 321 357 219 269 468 2111 220 444 335 329 324 5080 1442
internal_value=7.51901e-05 -0.00315522 0.000229128 0.000220052 0.000108244 0.000867207 -0.000438041 -0.0020098 0.00287175 -0.00305868 -0.00231277 -0.00645593 0.000534179 0.000172338
internal_weight=18543 839 17704 518 17347 7259 10088 3763 664 3099 2764 653 6990 6522
internal_count=18543 839 17704 518 17347 7259 10088 3763 664 3099 2764 653 6990 6522
is_linear=0
shrinkage=0.03


Tree=209
num_leaves=15
num_cat=0
split_feature=12 12 0 1 9 13 4 11 11 3 4 8 4 12
split_gain=9.42593 22.4304 17.9726 9.4643 7.01676 28.182 10.9632 20.993 17.8645 19.3232 16.7248 14.8228 19.329 13.3653
threshold=0.18159032394147581 0.14463157556114756 0.53364147546776608 1.3924554627421024 1.0178292007172922 8.5000000000000018 0.18064423561357409 -0.66605655833567246 0.68408319490115632 0.95294117647057719 0.86098472499584944 -0.0076155107441350581 0.092618461481376285 0.020518937793636675
decision_type=10 8 2 2 2 2 2 2 2 2 2 2 2 10
left_child=1 4 -3 -2 5 -1 7 -6 9 -8 -10 12 -9 -13
right_child=3 2 -4 -5 6 -7 8 11 10 -11 -12 13 -14 -15
leaf_value=0.00028494550022395589 -0.0070671150929732278 -0.00051696300506591801 0.010581869106497286 0.00021521544930609788 0.0083140478340186629 0.010475519208394618 -0.0059852059048329026 -0.010436144705245813 -0.0013697499558593972 0.0039917740760290104 0.0066107720939442508 0.0049223003874182937 0.0017515851365910336 -0.0028105736449028232
leaf_weight=12803 312 214 333 325 289 244 1158 249 1109 202 295 498 215 331
leaf_count=12803 312 214 333 325 289 244 1158 249 1109 202 295 498 215 331
internal_value=0.000192955 0.000320688 0.00627438 -0.0033789 0.000131698 0.000479466 -0.000911677 0.0010778 -0.00205026 -0.00449414 0.000324578 -0.000565383 -0.00483035 0.00183641
internal_weight=18577 17940 547 637 17393 13047 4346 1582 2764 1360 1404 1293 464 829
internal_count=18577 17940 547 637 17393 13047 4346 1582 2764 1360 1404 1293 464 829
is_linear=0
shrinkage=0.03


Tree=210
num_leaves=15
num_cat=0
split_feature=2 12 6 12 11 12 2 3 11 10 10 2 13 5
split_gain=10.7606 20.1392 20.8032 23.4354 19.4219 14.1959 14.1382 17.9405 16.7959 22.7104 21.3565 14.5409 10.3983 9.12849
threshold=0.83181046951490334 -0.010633883427756783 -0.26143236951168397 -0.057294808946043323 0.88369812319507279 -0.084273849579573887 0.9149616457461589 0.98192771084337416 1.1968866698173781 2.1076821164313158 1.743417025377265 0.8684210526315731 7.5000000000000009 0.58167200383505169
decision_type=2 10 10 10 2 10 2 2 2 2 2 2 2 2
left_child=12 2 -2 5 -5 -4 8 -8 9 10 11 -3 13 -1
right_child=1 6 3 4 -6 -7 7 -9 -10 -11 -12 -13 -14 -15
leaf_value=-0.0059990611684871019 -0.0098317685075730923 0.0019713928723988469 0.00079226483506801527 -0.0072380445387241095 0.0040509297156297577 0.010896419813371685 -0.0043850351806818963 0.0052017304056683564 -0.00097242755344924844 0.013523487846056621 -0.0040727096240824236 0.012948970092460512 -0.0052677475116805561 -8.8489867170338466e-05
leaf_weight=234 209 214 294 414 200 214 372 324 286 337 203 220 366 14690
leaf_count=234 209 214 294 414 200 214 372 324 286 337 203 220 366 14690
internal_value=2.83518e-05 0.00158424 -0.0012598 0.000373472 -0.00355784 0.00511346 0.0035178 8.304e-05 0.00540726 0.00727596 0.00389117 0.00762017 -0.000306536 -0.000183142
internal_weight=18577 3287 1331 1122 614 508 1956 696 1260 974 637 434 15290 14924
internal_count=18577 3287 1331 1122 614 508 1956 696 1260 974 637 434 15290 14924
is_linear=0
shrinkage=0.03


Tree=211
num_leaves=15
num_cat=0
split_feature=3 3 4 13 0 3 9 10 10 1 4 9 3 5
split_gain=9.48261 19.3645 18.8251 16.7983 28.1681 24.5571 12.8884 12.7557 18.8038 14.9015 11.8392 15.5947 11.7959 21.2996
threshold=0.88372093023255927 0.88888888888887918 0.71115537977029586 1.5000000000000002 0.55416119930855301 0.94717236102627222 0.68669887055629741 0.95897187445478105 1.0990218851413136 1.2249651872142151 0.15259853591970912 0.90473955989362331 0.91666666666667196 3.21944907142601
decision_type=2 2 2 2 2 2 2 2 2 2 2 2 2 2
left_child=7 -2 3 6 10 -6 -3 -1 9 -9 -5 -12 -4 -14
right_child=1 2 12 4 5 -7 -8 8 -10 -11 11 -13 13 -15
leaf_value=-0.0051013733785083958 -0.010215622266254774 -0.0068212767345149335 0.001104747073430764 -0.0075621124995606283 0.0011406348091461353 0.012055699915160711 -0.00056757054781976859 0.011554764469011195 0.00022134101554660324 0.0007508110945665203 0.0062672484955524068 -0.0041216672075291474 -0.0087719006153253419 0.00159393969048039
leaf_weight=378 200 323 280 205 362 378 3112 236 11446 221 246 265 645 244
leaf_count=378 200 323 280 205 362 378 3112 236 11446 221 246 265 645 244
internal_value=-0.000196669 -0.00114646 -0.00083897 -2.00908e-05 0.00267497 0.00675966 -0.00116468 0.000287737 0.000460947 0.00639477 -0.00156424 0.000891917 -0.00425042 -0.00593383
internal_weight=18541 6260 6060 4891 1456 740 3435 12281 11903 457 716 511 1169 889
internal_count=18541 6260 6060 4891 1456 740 3435 12281 11903 457 716 511 1169 889
is_linear=0
shrinkage=0.03


Tree=212
num_leaves=15
num_cat=0
split_feature=6 11 9 0 0 3 11 13 7 9 9 2 8 2
split_gain=10.5214 19.2738 12.1693 13.1612 25.4058 15.1679 12.2199 13.2247 17.5696 15.4021 10.6734 10.9218 10.0517 16.7047
threshold=-0.20658951418937846 1.9486062165863129 1.1881882979035938 0.5348914592668198 0.5240896850236566 0.93478260869564822 -0.80368468821686079 1.0000000180025095e-35 0.64740820842597002 0.91185949504673414 0.83045018109169388 0.60869565217390653 0.074329040097525001 0.63888888888889006
decision_type=8 2 2 2 2 2 2 2 8 2 2 2 2 2
left_child=1 2 3 4 10 6 -5 8 -8 -9 -1 -12 -2 -14
right_child=12 -3 -4 5 -6 -7 7 9 -10 -11 11 -13 13 -15
leaf_value=0.0031780215570082265 9.0413708685812687e-05 -0.0079632053677650052 0.0060502421369945459 -0.01035323503674293 0.010597378470948045 0.0026886012390768678 -0.012016514874148098 -0.0039077005111260738 -0.0005387621353157853 0.0050473316026838511 0.00031938037145192973 -0.0079508084743872449 0.0068469877636998444 -0.00087224740237113298
leaf_weight=355 13991 369 215 240 208 351 259 432 221 281 319 256 527 478
leaf_count=355 13991 369 215 240 208 351 259 432 221 281 319 256 527 478
internal_value=-4.69257e-05 -0.00152526 -0.000756508 -0.00126683 0.00125079 -0.0028718 -0.00423838 -0.00297016 -0.006792 -0.000367867 -0.000885127 -0.00339945 0.000299096 0.00318941
internal_weight=18502 3506 3137 2922 1138 1784 1433 1193 480 713 930 575 14996 1005
internal_count=18502 3506 3137 2922 1138 1784 1433 1193 480 713 930 575 14996 1005
is_linear=0
shrinkage=0.03


Tree=213
num_leaves=15
num_cat=0
split_feature=9 9 10 4 9 3 3 2 5 2 10 13 4 9
split_gain=9.42192 24.8149 16.9754 15.6292 14.6897 16.9448 14.343 12.5102 16.7722 16.2235 18.018 23.416 13.6637 13.15
threshold=0.91360069066523575 0.89966133301077456 1.915354572844695 1.3774353018042571 0.92425917168642324 0.82352941176472727 0.38277360904032215 0.9149616457461589 2.5654094223303328 0.80487804878050517 2.091444879523674 2.5000000000000004 0.012710307232018424 0.83370628988653606
decision_type=2 2 2 2 2 2 2 2 2 2 2 2 2 2
left_child=1 7 -3 4 5 -2 -6 9 -9 12 11 -11 -1 -14
right_child=3 2 -4 -5 6 -7 -8 8 -10 10 -12 -13 13 -15
leaf_value=0.0064326812200155492 0.011764195691615055 -0.0011575935512465217 -0.011300101320936073 -0.0064234194291962511 -0.0060954107368358205 -0.00010933079006313119 0.00086234286344674812 0.00059987992929989061 -0.0087645900790960015 -0.0021697884183788795 0.0075216646795208493 0.0079237753510896392 1.1498926524266308e-05 -0.0027328468627337765
leaf_weight=236 229 278 317 265 272 201 7160 333 350 764 486 278 5147 2257
leaf_count=236 229 278 317 265 272 201 7160 333 350 764 486 278 5147 2257
internal_value=-9.1175e-05 -0.000687024 -0.00661039 0.000674648 0.000917829 0.00627655 0.000603773 -0.000326081 -0.00422772 -3.32696e-05 0.00278343 0.0005481 -0.000598062 -0.000826354
internal_weight=18573 10446 595 8127 7862 430 7432 9851 683 9168 1528 1042 7640 7404
internal_count=18573 10446 595 8127 7862 430 7432 9851 683 9168 1528 1042 7640 7404
is_linear=0
shrinkage=0.03


Tree=214
num_leaves=15
num_cat=0
split_feature=7 7 3 3 3 4 3 8 0 0 5 3 10 0
split_gain=9.41698 29.2925 16.4194 22.5058 15.3819 19.6935 17.8343 13.3394 19.8224 31.6945 26.1971 16.4235 13.1236 14.8154
threshold=0.24091510526646098 0.35930525917510309 0.91666666666667196 0.90379473467706728 0.94717236102627222 0.79809194190114308 0.97826086956522096 -0.021598776806954982 0.56435364192288684 0.51217941582307247 2.5263745279503413 0.84582553058676802 1.2133333560843889 0.58021157404346391
decision_type=8 10 2 2 2 2 2 2 2 2 2 2 2 2
left_child=4 7 3 -3 12 6 -6 11 9 -9 -10 -2 -1 -14
right_child=1 2 -4 -5 5 -7 -8 8 10 -11 -12 -13 13 -15
leaf_value=0.0022015577113761761 -0.0050328988110116355 -5.9456375527415772e-05 -0.0030170485157112476 0.0081145348915229211 0.0059747944228067127 -0.0069916529708270786 -0.00056176147505987515 0.009787710610387931 0.0025212259630186368 -0.0041537420452787332 0.016382436958795529 0.0052713368434208858 -0.0013424274701555022 -0.0056083731537767845
leaf_weight=481 269 9639 1665 308 664 232 855 263 221 320 277 278 1769 1251
leaf_count=481 269 9639 1665 308 664 232 855 263 221 320 277 278 1769 1251
internal_value=-0.000161923 0.000264518 -0.000264442 0.000197594 -0.00123619 0.00105752 0.00230579 0.00402667 0.005951 0.0021652 0.0103174 0.000204301 -0.00238324 -0.0031159
internal_weight=18492 13240 11612 9947 5252 1751 1519 1628 1081 583 498 547 3501 3020
internal_count=18492 13240 11612 9947 5252 1751 1519 1628 1081 583 498 547 3501 3020
is_linear=0
shrinkage=0.03


Tree=215
num_leaves=15
num_cat=0
split_feature=3 2 5 5 10 10 5 10 3 7 0 7 6 6
split_gain=9.8661 27.5833 27.9915 18.4004 16.5208 38.3715 16.4507 23.9014 12.8743 13.4859 12.686 10.7152 19.3441 23.8987
threshold=0.95555555555556082 0.55048708975693084 2.6421482418300521 2.8489540268448921 1.6523117890901153 2.1444359263674575 1.8383285615016849 1.5962308618888554 0.92440861504035443 0.69123807221725697 0.57190805563064873 0.21106964120096622 -0.22087747651133907 -0.31086993546845992
decision_type=2 2 2 2 2 2 2 2 2 10 2 10 8 10
left_child=8 -2 6 -4 -5 -6 -3 -8 11 -10 -7 12 13 -1
right_child=1 2 3 4 5 10 7 -9 9 -11 -12 -13 -14 -15
leaf_value=0.00073744011783524407 -0.0061922546227773032 0.0023105328202974503 -0.0082501390414276652 0.0082907882399163267 -0.0095344475200634261 -4.3174860887785454e-05 0.016506970708959557 0.0045617044143951855 -0.0013874100581963886 -0.0087186318629737386 0.0096594025731086726 0.00060658113053105539 -0.00025324116401119685 -0.011961620781713953
leaf_weight=232 328 487 203 242 273 263 262 359 1301 269 220 11314 2321 307
leaf_count=232 328 487 203 242 273 263 262 359 1301 269 220 11314 2321 307
internal_value=0.000190598 0.00188705 0.00304564 -0.000130171 0.00155438 -0.000642289 0.00647314 0.00969301 -9.40544e-05 -0.00266721 0.00442991 0.000191805 -0.00144722 -0.00653907
internal_weight=18381 2637 2309 1201 998 756 1108 621 15744 1570 483 14174 2860 539
internal_count=18381 2637 2309 1201 998 756 1108 621 15744 1570 483 14174 2860 539
is_linear=0
shrinkage=0.03


Tree=216
num_leaves=15
num_cat=0
split_feature=6 3 1 12 3 6 5 7 3 11 10 2 7 0
split_gain=10.556 14.6881 12.01 11.1148 25.8129 19.888 13.2842 16.4565 11.2295 14.3262 15.0431 14.7942 11.9047 11.0862
threshold=0.24096813558774136 0.69779546138009252 2.7554332293071422 -0.065769128440165567 0.9142857142857147 0.17165642539606266 1.141595565307207 0.80372987749602987 0.80645161290323053 1.529408885987886 2.151180916711787 0.4545454545454381 0.22143694212073142 0.55749195172747446
decision_type=10 2 2 10 2 8 2 10 2 2 2 2 10 2
left_child=3 13 -3 4 5 8 7 -5 9 10 11 -1 -10 -2
right_child=1 2 -4 6 -6 -7 -8 -9 12 -11 -12 -13 -14 -15
leaf_value=0.0075036647243117817 -0.0024653447011014681 -0.0013437314129334586 0.0054231947700261072 -0.0068369672821316906 -0.0031330675990236838 0.010574242042254971 2.0184705768317332e-05 0.0024728606228368827 -0.00010187975084619825 0.0071217632858315482 -0.0078050343564534481 -0.0028519406445776693 0.0086831154241514639 -0.0096327349828862693
leaf_weight=201 517 1924 264 549 661 314 12221 244 216 211 237 308 383 311
leaf_count=201 517 1924 264 549 661 314 12221 244 216 211 237 308 383 311
internal_value=-0.000186015 -0.0018087 -0.000516744 0.000129294 0.00194624 0.00374522 -0.000224684 -0.00397486 0.00233768 0.000314532 -0.00164543 0.00127062 0.00554062 -0.0051991
internal_weight=18561 3016 2188 15545 2531 1870 13014 793 1556 957 746 509 599 828
internal_count=18561 3016 2188 15545 2531 1870 13014 793 1556 957 746 509 599 828
is_linear=0
shrinkage=0.03


Tree=217
num_leaves=15
num_cat=0
split_feature=13 11 11 8 0 1 10 10 3 11 9 8 2 8
split_gain=10.993 7.87319 19.4289 25.306 13.9288 13.06 13.0339 12.5621 12.4928 17.4406 24.165 17.9396 20.3332 14.0073
threshold=10.500000000000002 1.5458801851012007 1.7517261927770822 0.045212710659336415 0.60791979284360942 5.6289146404091239 1.8221652407501476 2.1820174131488659 0.95294117647057719 0.043996574804776985 1.0099521710392023 -0.018962665248057727 0.89999999999995661 -0.0076155107441350581
decision_type=2 2 2 2 2 2 2 2 2 2 2 2 2 2
left_child=1 5 3 6 -4 8 -3 -6 13 11 -11 12 -10 -1
right_child=-2 2 4 -5 7 -7 -8 -9 9 10 -12 -13 -14 -15
leaf_value=-0.0010458552217051456 -0.0057330244703011372 -0.01369164142721834 0.0013367582123189718 0.0045573118377173916 -0.0097939475734481977 0.0056269537844965533 -0.0046721428947953079 -0.00012281185424287025 0.008730081041128589 0.0074602389398689545 -0.0025463587511330844 -0.0037271637571128931 -0.0034576485834039018 0.0010346464019130206
leaf_weight=5174 265 203 2329 204 204 460 502 287 307 900 283 589 200 6650
leaf_count=5174 265 203 2329 204 204 460 502 287 307 900 283 589 200 6650
internal_value=0.000276368 0.00036497 -0.000864211 -0.00466538 0.00036715 0.000679902 -0.00734738 -0.00419919 0.000516607 0.00254781 0.0050658 -0.000180716 0.00393548 0.000124194
internal_weight=18557 18292 3729 909 2820 14563 705 491 14103 2279 1183 1096 507 11824
internal_count=18557 18292 3729 909 2820 14563 705 491 14103 2279 1183 1096 507 11824
is_linear=0
shrinkage=0.03


Tree=218
num_leaves=15
num_cat=0
split_feature=4 7 9 5 6 7 12 12 2 6 6 0 12 4
split_gain=14.7586 8.22289 12.4065 18.2375 12.1502 9.08157 9.21265 32.1673 20.1246 16.9082 21.2737 21.1456 20.9168 18.8439
threshold=0.0089788204176927452 -0.25235265093064202 0.96039175387864317 2.5954834980882118 -0.055282075844989891 -0.1750445495631337 -0.010633883427756783 -0.0018379222325597409 0.75887926442968789 -0.12500987300325986 0.16365347435944802 0.6672824035336562 0.0084804856804097124 0.27253020991242
decision_type=2 8 2 2 10 8 8 10 2 8 10 2 8 2
left_child=-1 2 3 4 -2 -3 -7 8 -8 11 -11 -9 -12 -14
right_child=1 5 -4 -5 -6 6 7 9 -10 10 12 -13 13 -15
leaf_value=0.0061536923119751346 -0.00092731509519659958 -0.0047474256873600122 0.00680725902164928 -0.0053602450109963996 0.0093817280032313793 -0.000921271992901609 0.0032935284687725837 0.0011254719561056112 0.013577832217914943 -0.00216322887597743 0.01041814560898476 0.010907754421234131 -0.0028155646858357107 0.0033257592513479968
leaf_weight=352 202 376 385 304 203 6718 719 2679 222 4116 211 210 819 985
leaf_count=352 202 376 385 304 203 6718 719 2679 222 4116 211 210 819 985
internal_value=0.000113104 -5.71633e-06 0.00250952 0.000144439 0.00429133 -0.000167745 -6.31123e-05 0.000515828 0.00577873 -3.61148e-05 -0.000927619 0.00185416 0.00159544 0.000537577
internal_weight=18501 18149 1094 709 405 17055 16679 9961 941 9020 6131 2889 2015 1804
internal_count=18501 18149 1094 709 405 17055 16679 9961 941 9020 6131 2889 2015 1804
is_linear=0
shrinkage=0.03


Tree=219
num_leaves=15
num_cat=0
split_feature=9 10 9 9 5 2 2 11 8 1 12 11 10 1
split_gain=9.03238 7.01823 19.4822 27.0186 16.8966 15.4702 15.9019 23.5006 15.0092 27.7955 14.1119 13.8253 17.847 12.5832
threshold=0.58461768794671698 1.9088921543312816 1.0691770618235725 0.7376940047465721 2.9287504006634419 0.17213114754098668 0.65714285714285581 -0.28666596056929244 -0.022141040225123733 1.1926999141939425 0.047569415351562123 1.222028820725497 1.3025854784857305 3.0687099063725429
decision_type=2 2 2 2 2 2 2 2 2 2 10 2 2 2
left_child=-1 2 3 4 -2 -5 7 -7 -9 11 -4 12 -10 -11
right_child=1 -3 10 5 -6 6 -8 8 9 13 -12 -13 -14 -15
leaf_value=-0.0063166869269175958 -0.0020503936888433718 0.00037463696111322684 -0.0064146095083477831 -0.0071008738324112959 -0.0093222156159333443 -0.0031521747672040735 -0.00057123882113879266 -8.8547553302317989e-05 0.004421180233891521 -0.00034327904747000762 0.0016735422245281583 0.0024150685336379006 0.015180879933346667 0.0080039698340631325
leaf_weight=215 1407 9340 837 218 358 531 3033 648 219 695 250 206 401 207
leaf_count=215 1407 9340 837 218 358 531 3033 648 219 695 250 206 401 207
internal_value=-0.00027402 -0.000201519 -0.000798654 -0.000280716 -0.00354753 0.000657732 0.000948208 0.00253177 0.003806 0.0052625 -0.00455526 0.00922185 0.0114461 0.00160589
internal_weight=18565 18350 9010 7923 1765 6158 5940 2907 2376 1728 1087 826 620 902
internal_count=18565 18350 9010 7923 1765 6158 5940 2907 2376 1728 1087 826 620 902
is_linear=0
shrinkage=0.03


Tree=220
num_leaves=15
num_cat=0
split_feature=7 7 8 0 9 11 0 7 3 7 12 11 7 3
split_gain=8.87491 13.2029 12.8591 8.28757 22.8721 27.9546 12.628 13.5582 9.81479 23.1917 24.4537 20.577 25.1852 14.8607
threshold=1.9718922163016366 1.8300902528139618 -0.015130388945480395 0.44872045343751005 0.94790598704520823 0.13273687857857569 0.4786583625436216 0.21600408378810629 0.95555555555556082 0.11013247393820559 0.050257683429811302 0.40073127444425344 0.54118915230144782 0.98958333333332194
decision_type=10 10 2 2 2 2 2 8 2 8 10 2 10 2
left_child=1 3 -2 4 5 -1 7 -5 -8 10 -10 13 -13 -11
right_child=2 -3 -4 6 -6 -7 8 -9 9 11 -12 12 -14 -15
leaf_value=-0.002813976702945573 -0.0090164655170686513 0.0075463770486982416 -0.00036116942010905437 -0.009828892525489609 -0.003829604802597867 0.010626605444634002 -6.2701896647261249e-05 -0.0013584178467713219 0.002702405108085333 0.0074735984105259896 0.013189748945781066 -0.009637518492413729 0.0020913603870198129 -0.0019806844863917801
leaf_weight=205 222 218 485 214 298 418 13327 771 864 329 257 364 295 268
leaf_count=205 222 218 485 214 298 418 13327 771 864 329 257 364 295 268
internal_value=0.000161327 0.000292419 -0.00312319 0.000200504 0.00296301 0.00621675 4.72099e-05 -0.00323905 0.000254299 0.00202801 0.00515462 -0.000771912 -0.0044109 0.00324826
internal_weight=18535 17828 707 17610 921 623 16689 985 15704 2377 1121 1256 659 597
internal_count=18535 17828 707 17610 921 623 16689 985 15704 2377 1121 1256 659 597
is_linear=0
shrinkage=0.03


Tree=221
num_leaves=15
num_cat=0
split_feature=8 10 6 6 8 5 0 0 5 8 10 8 7 7
split_gain=13.1258 20.9198 16.8589 21.5626 19.9093 24.4203 16.2098 17.6605 16.1888 14.4514 13.8437 12.9277 15.6926 17.6426
threshold=0.024118196754971784 1.1213225353635707 0.29541757851777378 -0.12745623615090132 0.039576062063690735 2.2105721052495713 0.51217941582307247 0.4649403990754129 2.6421482418300521 0.072886791708934612 0.97799306382669304 0.03037246172994169 0.73453040832600125 1.078574117081917
decision_type=2 2 8 10 2 2 2 2 2 2 2 2 10 10
left_child=10 -2 3 4 -3 -6 7 -5 -4 -7 -1 -8 -13 -14
right_child=1 2 8 6 5 9 11 -9 -10 -11 -12 12 13 -15
leaf_value=-0.0043536842792544694 0.0058412434040095475 0.0050503917162839987 -0.0026609206447287073 -0.0065047299313109085 -0.010982887956985207 -0.0026172704007961273 -0.011059227382283749 0.0044211327779400894 0.0057697030121762914 0.0055317423290077161 0.0008337610205401717 -0.0018048414729422287 -0.012188969267679014 -0.0034491228301739016
leaf_weight=476 361 552 344 200 210 533 278 375 494 303 12428 1113 363 491
leaf_count=476 361 552 344 200 210 533 278 375 494 303 12428 1113 363 491
internal_value=0.000113919 -0.00109597 -0.00157755 -0.00231741 0.000466271 -0.0019654 -0.00389286 0.000597519 0.00231367 0.000351588 0.000640795 -0.00504172 -0.00416537 -0.00721339
internal_weight=18521 5617 5256 4418 1598 1046 2820 575 838 836 12904 2245 1967 854
internal_count=18521 5617 5256 4418 1598 1046 2820 575 838 836 12904 2245 1967 854
is_linear=0
shrinkage=0.03


Tree=222
num_leaves=15
num_cat=0
split_feature=6 10 11 7 7 9 9 3 10 10 9 10 7 8
split_gain=5.87831 14.7064 17.3337 17.104 26.5677 19.9665 18.4989 16.8924 13.821 11.4165 15.8086 12.9382 17.1879 15.7224
threshold=-0.26143236951168397 2.5999227818597292 -1.0000000180025095e-35 -0.08452187595856149 0.38194910361893264 0.96465256540108546 0.98190890851487944 0.89473684210527282 1.5334427871254079 2.611655241999975 1.2699414361485888 3.3828391443983885 -0.065006373279015831 -0.0080921722009236682
decision_type=10 2 2 10 10 2 2 2 2 2 2 2 10 2
left_child=1 3 -3 -1 5 7 8 -5 -6 -2 11 12 -11 -14
right_child=9 2 -4 4 6 -7 -8 -9 -10 10 -12 -13 13 -15
leaf_value=-0.0092960505204007192 0.00064224338239201619 -0.0032262026199272697 0.0080249133270444261 0.0017904804639567601 -0.00096324397755588164 -0.0045732036160259703 0.0020533530597817407 0.012765944169179812 -0.0084271107689576213 0.0049678206832205517 0.004488551889770924 0.0041701660065118929 -0.0075455186933595913 -0.0018830993248185181
leaf_weight=266 13101 205 296 297 342 200 360 217 646 206 339 237 718 1145
leaf_count=266 13101 205 296 297 342 200 360 217 646 206 339 237 718 1145
internal_value=5.29022e-05 -0.00120494 0.00343478 -0.00220866 -0.0012741 0.00338979 -0.00374784 0.00650244 -0.00586132 0.000279203 -0.0015168 -0.00240744 -0.00316912 -0.00407975
internal_weight=18575 2829 501 2328 2062 714 1348 514 988 15746 2645 2306 2069 1863
internal_count=18575 2829 501 2328 2062 714 1348 514 988 15746 2645 2306 2069 1863
is_linear=0
shrinkage=0.03


Tree=223
num_leaves=15
num_cat=0
split_feature=9 5 5 11 11 7 9 12 3 2 4 11 11 2
split_gain=12.0109 20.9033 6.25334 14.2626 32.9112 24.9111 12.7465 15.7663 12.4869 19.8514 19.313 17.6473 37.0673 17.6211
threshold=0.6355000488820145 2.1173941605020263 2.6142279397666002 -0.80368468821686079 -0.51520282076972268 0.096377267804463748 1.1382956764811389 0.052044840627587914 0.89353998278021884 0.5303030303030235 0.19313705242543391 -0.38976581112813807 0.43800761155141715 0.5303030303030235
decision_type=2 2 2 2 2 10 2 10 2 2 2 2 2 2
left_child=1 -1 8 5 -5 -4 -6 -8 9 10 -2 -12 -13 -10
right_child=2 -3 3 4 6 -7 7 -9 13 -11 11 12 -14 -15
leaf_value=-0.0024928683197746673 -0.0011119228141046752 0.0082478326699625213 -0.013418864120683327 0.0088221249663082389 -0.0014964249675489642 -0.00090957557946881823 -0.00018877340671803546 0.0076000431616594834 -0.0045260435103305742 -0.0022410451596276983 -0.0025761451480093966 0.013689202076895942 0.0011432460526205896 0.0028529175780274492
leaf_weight=283 1316 374 218 311 7508 403 916 309 331 3125 262 353 522 2201
leaf_count=283 1316 374 218 311 7508 403 916 309 331 3125 262 353 522 2201
internal_value=-0.000330475 0.00363744 -0.000478119 -0.000993362 -0.000689833 -0.00537302 -0.00103343 0.00179882 0.00013615 -0.000656981 0.00136149 0.00421663 0.00625366 0.00188127
internal_weight=18432 657 17775 9665 9044 621 8733 1225 8110 5578 2453 1137 875 2532
internal_count=18432 657 17775 9665 9044 621 8733 1225 8110 5578 2453 1137 875 2532
is_linear=0
shrinkage=0.03


Tree=224
num_leaves=15
num_cat=0
split_feature=8 8 8 2 10 10 1 9 10 5 12 3 1 7
split_gain=7.14381 16.6378 15.4029 14.3914 17.6765 18.22 18.7759 15.4869 10.7974 8.72591 23.6315 14.7598 14.2332 13.4414
threshold=0.066476465311644264 0.051648949520481324 0.057462610376647107 0.33521140172677616 1.5828321430633314 2.2705386297722767 1.3517900827317904 0.92425917168642324 2.0687080645480083 2.8296105722654095 -0.092413337229700618 0.58547571962205858 3.0176687011487231 0.42520650909377367
decision_type=2 2 2 2 2 2 2 2 2 2 10 2 2 8
left_child=1 9 -3 -2 -5 6 -6 -7 -4 -1 13 12 -12 -11
right_child=3 2 8 4 5 7 -8 -9 -10 10 11 -13 -14 -15
leaf_value=-0.00062905310103005224 -0.0054563431314664998 -0.008375988989669297 0.0027361209557127597 0.0084518249410921367 0.00326209818179182 0.010947893118316477 -0.0080483757550067897 0.00014895147570733271 -0.0053695907457819523 -0.0087321909919861086 -4.2104291268319727e-05 0.0020183065064103578 -0.0091140344988518539 -0.00085151992255549241
leaf_weight=8995 206 415 330 377 236 215 289 262 260 321 637 5255 201 487
leaf_count=8995 206 415 330 377 236 215 289 262 260 321 637 5255 201 487
internal_value=-6.99826e-05 -0.000250775 -0.00398441 0.00185255 0.00296015 0.000862214 -0.00298124 0.00507947 -0.000850993 -1.35432e-05 0.000788608 0.00142863 -0.00225922 -0.00401678
internal_weight=18486 16901 1005 1585 1379 1002 525 477 590 15896 6901 6093 838 808
internal_count=18486 16901 1005 1585 1379 1002 525 477 590 15896 6901 6093 838 808
is_linear=0
shrinkage=0.03


Tree=225
num_leaves=15
num_cat=0
split_feature=4 8 6 8 4 7 11 11 0 4 0 10 4 12
split_gain=8.06855 14.8925 14.4476 13.9756 13.9468 12.8989 8.93955 24.0403 17.9218 29.816 15.7934 20.5656 18.9411 18.9959
threshold=0.86098472499584944 0.035938605723869026 -0.055282075844989891 -0.01287454275458041 0.80928004392378039 0.62408758639814477 1.278644973498215 1.133489084818774 0.54736826939686567 0.46821085022976938 0.57190805563064873 2.0158185683968024 0.40224252131568589 -0.041772835375564359
decision_type=2 2 10 2 2 10 2 2 2 2 2 2 2 8
left_child=4 3 -3 5 6 -2 7 -1 9 -8 11 -10 13 -12
right_child=1 2 -4 -5 -6 -7 8 -9 10 -11 12 -13 -14 -15
leaf_value=-3.3994170431196391e-05 -0.00031195348509007099 0.0010252485042199109 0.011562244199834039 -0.002573494236325709 -0.0066191580280255853 0.0079971406586689525 0.0022429509070146106 0.005669653930706584 0.00023595511042452476 -0.0062873947580304474 -0.011615211698452281 -0.010905803880618044 0.0030662673780026324 -0.0016403061547284319
leaf_weight=11217 377 229 237 733 298 298 1855 702 226 455 222 432 519 716
leaf_count=11217 377 229 237 733 298 298 1855 702 226 455 222 432 519 716
internal_value=-3.13253e-05 0.0018322 0.00645005 0.000286432 -0.000241658 0.00338819 -0.000123388 0.000304173 -0.00127409 0.000552781 -0.003266 -0.00710608 -0.0015134 -0.00405017
internal_weight=18516 1874 466 1408 16642 675 16344 11919 4425 2310 2115 658 1457 938
internal_count=18516 1874 466 1408 16642 675 16344 11919 4425 2310 2115 658 1457 938
is_linear=0
shrinkage=0.03


Tree=226
num_leaves=15
num_cat=0
split_feature=6 3 12 3 3 1 1 5 9 10 9 12 9 1
split_gain=9.21569 23.8935 33.7565 28.3556 27.5802 18.3097 29.952 17.9871 29.0881 16.9502 15.9003 15.6176 17.3232 16.7109
threshold=-0.075526055127484545 0.64447655748233823 -0.037179549154982609 0.60267990668181726 0.5600453514739423 1.0276422062020349 1.2898542104259303 3.1103229589077324 0.83045018109169388 2.2279086670862589 0.73500653203912203 0.0084804856804097124 1.2097896522754155 4.7975972074477884
decision_type=10 2 8 2 2 2 2 2 2 2 2 10 2 2
left_child=1 2 -1 4 -4 9 -7 8 10 -3 -8 12 13 -2
right_child=11 5 3 -5 -6 6 7 -9 -10 -11 -12 -13 -14 -15
leaf_value=-0.0033805561735116329 0.0007373712217552523 -0.0035547376081567698 0.0067922323347738706 0.014464713714792576 -0.004449599251432239 0.0058521791596796886 -0.002218222309890975 0.0028319124153949418 -0.0047399428798565691 0.002035577113690254 0.0062941106594278417 -0.0017531986201403454 -0.0050748992527755712 0.0094841053508159644
leaf_weight=423 4831 1788 763 294 260 963 346 1140 1236 667 449 4781 441 200
leaf_count=423 4831 1788 763 294 260 963 346 1140 1236 667 449 4781 441 200
internal_value=0.000100591 0.000841581 0.00396296 0.00632545 0.00392733 1.49186e-05 0.00123317 -0.000176574 -0.00186804 -0.00203485 0.00259866 -0.000501467 0.0005928 0.00109416
internal_weight=18582 8329 1740 1317 1023 6589 4134 3171 2031 2455 795 10253 5472 5031
internal_count=18582 8329 1740 1317 1023 6589 4134 3171 2031 2455 795 10253 5472 5031
is_linear=0
shrinkage=0.03


Tree=227
num_leaves=15
num_cat=0
split_feature=1 10 10 12 12 10 9 12 12 4 1 3 3 8
split_gain=8.87112 9.6485 12.1043 18.6332 16.2043 12.7657 7.9659 17.5128 14.3091 17.2476 22.4375 15.7981 20.0301 21.7756
threshold=0.61012086873309757 1.2594744795600654 1.7695235604500572 -0.025115175154018284 -0.021923355279927056 2.3500596428066172 0.91360069066523575 0.14463157556114756 0.080761557269835985 0.26662030929909858 0.69281007681920037 0.50556892317614821 0.6818181818181891 0.010096927509858937
decision_type=2 2 2 10 10 2 2 8 10 2 2 2 2 2
left_child=1 -1 3 -3 -4 -6 8 -8 9 10 -2 -11 13 -13
right_child=6 2 4 -5 5 -7 7 -9 -10 11 -12 12 -14 -15
leaf_value=-0.0061050236098570366 0.0068340252084201384 0.0092081841100243068 -0.0073229362255445227 -0.0016061860376024898 0.0041372070963615953 -0.0052589313136903858 0.00082033394267361876 0.0070780825303327815 -0.0027061876039443621 0.0095313158154285323 -0.0018136670333266788 -0.0090968250810542963 0.0022018128352497127 0.0022340484160561203
leaf_weight=360 289 232 400 360 340 204 6801 423 1607 216 3320 316 3302 288
leaf_count=360 289 232 400 360 340 204 6801 423 1607 216 3320 316 3302 288
internal_value=0.000221063 -0.00172005 -0.000675852 0.0026735 -0.00277931 0.00059785 0.000443732 0.0011914 -0.000135 0.000400862 -0.00111268 0.00172578 0.00128251 -0.00372004
internal_weight=18458 1896 1536 592 944 544 16562 7224 9338 7731 3609 4122 3906 604
internal_count=18458 1896 1536 592 944 544 16562 7224 9338 7731 3609 4122 3906 604
is_linear=0
shrinkage=0.03


Tree=228
num_leaves=15
num_cat=0
split_feature=7 7 6 6 13 4 13 5 12 6 3 11 5 14
split_gain=7.94818 20.2191 14.5117 20.2929 19.2335 21.9159 16.6227 14.7094 19.1895 14.5314 16.0364 14.0628 16.7965 27.3636
threshold=0.87595301691402438 0.8468362897019327 -0.12952373734259595 -0.10851225191048657 3.5000000000000004 0.22115960635219173 1.0000000180025095e-35 1.7211219152298343 -0.0030111001060473259 -0.26466644535155315 0.65454545454545421 0.70808808476069407 2.7857879595880881 1.0000000180025095e-35
decision_type=10 10 8 8 2 2 2 2 10 10 2 2 2 2
left_child=1 -1 4 -4 5 6 -2 8 -5 -7 -11 -9 13 -13
right_child=2 -3 3 7 -6 9 -8 11 -10 10 -12 12 -14 -15
leaf_value=-5.8724575623333614e-05 -0.0019442111285604073 -0.0081388288527531067 -0.008689989131194592 0.011504759350752928 -0.0050745775093728636 0.0023971832205373872 0.0068796361909426798 -0.0029163174898361923 -7.9841089842582521e-05 0.017897073322708165 0.0063837268881718895 -0.00027709071229143842 -0.00056865222868509593 0.01196756135759545
leaf_weight=12655 524 280 218 236 207 234 297 1073 276 201 250 364 1375 294
leaf_count=12655 524 280 218 236 207 234 297 1073 276 201 250 364 1375 294
internal_value=0.000170792 -0.000236709 0.00112006 9.36913e-05 0.00341148 0.00459083 0.00127017 0.000634208 0.00531956 0.00853272 0.0116549 -0.000145444 0.00132057 0.00524292
internal_weight=18484 12935 5549 3836 1713 1506 821 3618 512 685 451 3106 2033 658
internal_count=18484 12935 5549 3836 1713 1506 821 3618 512 685 451 3106 2033 658
is_linear=0
shrinkage=0.03


Tree=229
num_leaves=15
num_cat=0
split_feature=6 0 12 5 1 11 12 6 12 6 5 11 5 11
split_gain=7.73641 17.9867 14.1126 32.7681 25.3247 28.823 23.3558 13.7174 18.023 22.0301 14.4116 13.7204 32.0126 19.2826
threshold=0.38996588682231476 0.48383215520617312 0.0072878998049135122 2.0648160988924222 2.061334825341619 0.8179746625409644 0.090432668090098603 0.24096813558774136 0.13495893290981978 -0.29564268535365973 2.6775439427640975 -0.95484519213648011 1.4170769772012821 -0.80368468821686079
decision_type=8 2 10 2 2 2 10 10 10 10 2 2 2 2
left_child=7 -2 3 -3 5 6 -4 8 11 -10 -11 -1 -13 -14
right_child=1 2 4 -5 -6 -7 -8 -9 9 10 -12 12 13 -15
leaf_value=0.0021535889125741882 -0.005541201189107693 0.01340182202202933 -0.0088756694252739576 0.0017638246545200827 -0.0075662843656447744 0.011025050395562242 0.0051470411235835694 -0.0032853716744653629 -0.0038754093485034026 0.012495679154179313 0.0027021089318148093 -0.0064249954414606391 -0.0085440548600210827 -3.762776084039949e-05
leaf_weight=1844 278 289 206 847 286 248 212 1249 202 270 273 794 240 11380
leaf_count=1844 278 289 206 847 286 248 212 1249 202 270 273 794 240 11380
internal_value=-3.76628e-05 0.00156324 0.00252012 0.0047703 -0.000175872 0.00303052 -0.0017869 -0.000271135 -1.91886e-05 0.00451372 0.00764142 -0.000257538 -0.000616415 -0.000216919
internal_weight=18618 2366 2088 1136 952 666 418 16252 15003 745 543 14258 12414 11620
internal_count=18618 2366 2088 1136 952 666 418 16252 15003 745 543 14258 12414 11620
is_linear=0
shrinkage=0.03


Tree=230
num_leaves=15
num_cat=0
split_feature=10 1 2 5 5 5 8 6 5 7 7 8 11 14
split_gain=11.9487 21.2333 22.6839 7.30318 7.18113 7.9154 8.77611 6.54964 17.9544 7.52414 13.5767 27.2859 23.7524 14.9873
threshold=0.95897187445478105 0.82307731233437298 0.68431837791201289 0.51718389423985345 3.9568297949968456 3.8600127398349318 0.0091416570679923662 0.81717120702250701 2.6597232772509414 2.0849758261627014 1.4972346824215557 0.016630578161777546 0.40073127444425344 1.0000000180025095e-35
decision_type=2 2 2 2 2 2 2 10 2 10 8 2 2 2
left_child=1 -1 -3 -2 5 7 -7 9 -9 10 -5 12 -12 -14
right_child=3 2 -4 4 -6 6 -8 8 -10 -11 11 -13 13 -15
leaf_value=-0.011794433072925761 0.0058451254035417847 -0.0069519655955465219 0.0070933203944345789 -2.839978810249812e-06 0.0056526577956626349 8.0023614522772583e-05 -0.0080300567236064931 0.010247342362283514 -0.0018575236286166347 -0.003385204948477855 -0.00044949299825899555 -0.0022203674916387861 0.0058090037663372056 0.016488933682973893
leaf_weight=203 203 204 200 14745 209 260 218 203 232 524 262 492 269 219
leaf_count=203 203 204 200 14745 209 260 218 203 232 524 262 492 269 219
internal_value=0.000115139 -0.00400665 2.86032e-06 0.000256497 0.000190519 0.000123398 -0.00366355 0.000231267 0.00384367 0.000134959 0.000251361 0.00325714 0.00684129 0.0107205
internal_weight=18443 607 404 17836 17633 17424 478 16946 435 16511 15987 1242 750 488
internal_count=18443 607 404 17836 17633 17424 478 16946 435 16511 15987 1242 750 488
is_linear=0
shrinkage=0.03


Tree=231
num_leaves=15
num_cat=0
split_feature=11 5 4 2 9 2 2 11 5 4 2 13 4 5
split_gain=7.01262 7.34566 6.46874 13.7018 11.0049 10.6357 34.9133 16.1547 14.7102 17.0916 13.259 10.6907 9.30773 13.9243
threshold=2.7400018816940759 3.9296275016731417 0.075565941981407647 0.26666666666671762 0.84148404338761662 0.57894736842106342 0.65116279069767902 0.61856426932077302 2.6513338591249611 0.034627057621772532 0.84000000000001573 1.0000000180025095e-35 0.6039758955708755 1.141595565307207
decision_type=2 2 2 2 2 2 2 2 2 2 2 2 2 2
left_child=1 2 3 4 -1 8 -7 10 9 -5 11 -8 -4 -14
right_child=-2 -3 12 5 -6 6 7 -9 -10 -11 -12 -13 13 -15
leaf_value=0.007678608741642029 -0.0040953522564873826 0.0046623772902631361 0.00070186201500437755 -0.01460060599687937 -0.00047977765592244957 0.0086712172999978063 0.00082095059394836421 -0.0087284919038136434 -0.001204783784161354 -0.0030177913947277758 0.0049428838016908798 -0.0081104891646211433 -0.0083019929643169104 -0.00056682743515268732
leaf_weight=237 361 307 11218 217 385 283 245 316 517 244 247 231 218 3466
leaf_count=237 361 307 11218 217 385 283 245 316 517 244 247 231 218 3466
internal_value=1.59831e-05 9.8949e-05 1.90631e-05 -0.00127035 0.00266525 -0.00233815 -0.000578573 -0.00312747 -0.00470159 -0.00856816 -0.000636306 -0.00355268 0.000272234 -0.00103519
internal_weight=18492 18131 17824 2922 622 2300 1322 1039 978 461 723 476 14902 3684
internal_count=18492 18131 17824 2922 622 2300 1322 1039 978 461 723 476 14902 3684
is_linear=0
shrinkage=0.03


Tree=232
num_leaves=15
num_cat=0
split_feature=6 1 7 8 7 6 11 7 7 6 6 0 0 1
split_gain=9.99519 13.0172 15.6802 14.0818 9.68214 18.6015 15.6496 18.9241 15.4387 23.3122 20.352 20.9959 29.1462 20.9808
threshold=-0.30045134048998517 0.75855575014254273 0.28310991347085235 0.02210736120141182 0.22143694212073142 -0.038805074970386814 0.36252028075010073 0.01628235012442639 0.36522329324841579 -0.23254653483730212 -0.14534059302289773 0.50908376182372594 0.55289593902649192 1.5441000530458977
decision_type=8 2 10 2 10 8 2 10 10 10 10 2 2 2
left_child=1 -1 -3 -4 5 6 -2 -8 9 -6 -11 -12 -13 -14
right_child=4 2 3 -5 8 -7 7 -9 -10 10 11 12 13 -15
leaf_value=-0.0078815972597038788 -0.0051088795186222408 0.0046161352534016421 -0.0052628868814735179 0.0031537224123796143 0.012784100662951076 0.00099696632820521166 0.0035264859518890626 -0.0048495478499278747 0.00050290157784566242 -0.0052800887967899158 0.01205681274086237 -0.0059999139934365725 0.00091987886375957922 0.012123498654691502
leaf_weight=278 1157 347 625 246 213 2677 576 412 10680 260 225 284 367 251
leaf_count=278 1157 347 625 246 213 2677 576 412 10680 260 225 284 367 251
internal_value=0.000262347 -0.00208504 -0.000735204 -0.00288132 0.000468235 -0.000670401 -0.00274879 2.68146e-05 0.000915435 0.00365895 0.00221672 0.00396193 0.00188736 0.005531
internal_weight=18598 1496 1218 871 17102 4822 2145 988 12280 1600 1387 1127 902 618
internal_count=18598 1496 1218 871 17102 4822 2145 988 12280 1600 1387 1127 902 618
is_linear=0
shrinkage=0.03


Tree=233
num_leaves=15
num_cat=0
split_feature=12 1 11 11 6 9 4 1 6 11 4 1 12 8
split_gain=9.35483 14.9679 18.1162 18.0979 27.3128 30.1688 24.6645 12.5778 9.89743 11.9336 8.61547 8.32553 7.92328 12.8927
threshold=-0.073985591760180033 1.3624002014697651 0.38724629959956847 0.043996574804776985 -0.14272765315948946 0.8642352179961289 0.2814793840450836 2.1192725298013175 inf 0.41480982833610497 0.4454026975566035 0.84180238598952206 -0.053496598439490999 0.02537616328978835
decision_type=8 2 2 2 8 2 2 2 8 2 2 2 10 2
left_child=1 3 10 6 -5 -6 -1 -4 12 -10 -3 -7 13 -2
right_child=8 2 7 4 5 11 -8 -9 9 -11 -12 -13 -14 -15
leaf_value=-0.0053659633368110041 -0.0045233643533153962 0.0064332949578641881 -0.008099270434181946 -0.0019034205247300841 0.016482240919555934 -0.00034591028828520414 0.007007769763753828 0.00014636242071744694 -0.0096336241040328226 -8.1186185261154906e-05 -0.0012167253658079949 0.0079972341778603469 5.5596406343085611e-05 0.0025488314784511373
leaf_weight=371 820 305 349 282 289 210 231 314 216 252 229 215 14128 319
leaf_count=371 820 305 349 282 289 210 231 314 216 252 229 215 14128 319
internal_value=1.29376e-05 0.00161068 -0.000924163 0.00350639 0.00597854 0.00908317 -0.000599289 -0.00422223 -0.00027129 -0.00454523 0.00317181 0.00391865 -0.00013883 -0.00254017
internal_weight=18530 2795 1197 1598 996 714 602 663 15735 468 534 425 15267 1139
internal_count=18530 2795 1197 1598 996 714 602 663 15735 468 534 425 15267 1139
is_linear=0
shrinkage=0.03


Tree=234
num_leaves=15
num_cat=0
split_feature=5 6 1 0 0 11 9 8 1 10 5 6 9 11
split_gain=7.48368 27.0934 20.2192 9.7639 9.67462 9.62026 13.1706 12.8141 12.1809 15.9648 21.4693 17.092 22.2622 14.6836
threshold=1.2725629311700803 0.15332444051670682 1.5441000530458977 0.5592886185033481 0.51062328303924132 -0.77888243576296257 0.70489416599041799 -0.062672970802800085 0.42470763498052178 1.158980132141415 1.7020931998506559 -0.12745623615090132 0.80695544531798313 -0.62495673993869227
decision_type=2 10 2 2 2 2 2 2 2 2 2 10 2 2
left_child=1 2 3 4 -1 6 -2 -8 -7 10 -10 -12 -13 -11
right_child=5 -3 -4 -5 -6 8 7 -9 9 13 11 12 -14 -15
leaf_value=-0.0013989333244203365 -0.0086936245413489349 0.0097439497783317324 0.0054216910085203695 0.0006962247087921895 -0.010679330393887947 0.005245173131104122 0.0048540102196543405 -0.0022623635709654072 0.011091884502515135 0.0056398394804040922 0.0062878614078953621 -0.0073627650918804593 0.0036103492001602505 -0.00052773225905366789
leaf_weight=201 236 317 387 350 202 396 262 1550 242 352 377 316 341 12958
leaf_count=201 236 317 387 350 202 396 262 1550 242 352 377 316 341 12958
internal_value=-1.49779e-07 0.00205965 -0.00011034 -0.0029705 -0.00612451 -0.000176929 -0.00210283 -0.00122287 8.69511e-05 -5.48406e-05 0.00314394 0.00123936 -0.00168318 -0.000362566
internal_weight=18487 1457 1140 753 403 17030 2048 1812 14982 14586 1276 1034 657 13310
internal_count=18487 1457 1140 753 403 17030 2048 1812 14982 14586 1276 1034 657 13310
is_linear=0
shrinkage=0.03


Tree=235
num_leaves=15
num_cat=0
split_feature=5 12 5 12 12 0 12 1 6 12 5 12 5 12
split_gain=8.94492 11.9486 13.8606 10.5817 7.94458 7.89689 17.313 12.7321 8.78143 16.8901 19.8831 13.624 17.4221 21.8007
threshold=3.8112242989680745 0.0072878998049135122 3.9296275016731417 0.045761634194332219 0.27770118517903641 0.68403197087996692 0.00054270253405258606 1.3624002014697651 -0.25492449688579794 -0.12871951666893763 2.0313469072583437 0.12127968583414002 2.4878207833548731 0.043132244763292589
decision_type=2 10 2 10 8 2 10 2 10 10 2 10 2 10
left_child=4 2 -2 -3 5 8 -7 -8 9 -1 -11 12 -12 -14
right_child=1 3 -4 -5 -6 6 7 -9 -10 10 11 -13 13 -15
leaf_value=0.0056973354554420066 -0.0033558175816821557 -0.011407972672000164 0.006371808055309184 -0.0022827424672586891 0.0048470575436000618 -0.0080329677878218514 -0.004073000985001205 0.0061944450953039703 0.00047120021516337015 -0.0068954510262476832 0.0061854521082251113 -0.007348729552053586 -0.0040367284138673196 0.0049764974806241168
leaf_weight=264 355 200 203 266 309 332 213 212 13823 606 357 228 807 339
leaf_count=264 355 200 203 266 309 332 213 212 13823 606 357 228 807 339
internal_value=-4.17236e-05 -0.00275998 0.000208245 -0.00627868 0.000118167 3.17329e-05 -0.00295384 0.00106112 0.000170198 -0.00142731 -0.00224259 -0.000598519 0.000446436 -0.00136048
internal_weight=18514 1024 558 466 17490 17181 757 425 16424 2601 2337 1731 1503 1146
internal_count=18514 1024 558 466 17490 17181 757 425 16424 2601 2337 1731 1503 1146
is_linear=0
shrinkage=0.03


Tree=236
num_leaves=15
num_cat=0
split_feature=8 2 12 11 10 11 12 12 12 7 8 12 2 2
split_gain=5.84184 18.7321 17.7878 14.1088 13.5676 13.557 31.0932 42.0615 21.793 19.3011 14.8654 12.4302 9.06617 18.8902
threshold=-0.040836887922268944 0.55844155844157206 -0.041772835375564359 0.73023962388031738 2.8010819494966417 0.40073127444425344 0.0020807420814077386 -0.036462340810693987 0.066334532893597378 0.45437636745890569 -0.066714848822327144 0.0072878998049135122 0.65384615384617795 0.60000000000000819
decision_type=2 2 10 2 2 2 10 8 10 10 2 10 2 2
left_child=1 2 -1 11 5 6 7 -3 -8 10 -7 -4 13 -2
right_child=12 4 3 -5 -6 9 8 -9 -10 -11 -12 -13 -14 -15
leaf_value=-0.0099992771451445136 0.00040721125953400403 0.0053954365916871055 0.00042434061736595338 0.0028962890820357161 -0.0059546601338695514 -0.011348937591713553 0.013239843835892705 -0.009926577127582329 0.00079849400783626784 0.0042551921706303559 -0.00072894519437914304 -0.0095472304854774849 -0.00042679746194724806 0.0043812165211111753
leaf_weight=329 6725 381 200 337 250 207 341 272 201 299 271 251 7132 1277
leaf_count=329 6725 381 200 337 250 207 341 272 201 299 271 251 7132 1277
internal_value=0.000100189 -0.00103466 -0.00419459 -0.00172329 0.00055969 0.00139852 0.00339871 -0.00101371 0.00867546 -0.00167978 -0.00539785 -0.00516908 0.000350829 0.00104374
internal_weight=18473 3339 1117 788 2222 1972 1195 653 542 777 478 451 15134 8002
internal_count=18473 3339 1117 788 2222 1972 1195 653 542 777 478 451 15134 8002
is_linear=0
shrinkage=0.03


Tree=237
num_leaves=15
num_cat=0
split_feature=2 2 3 6 12 3 6 0 7 2 2 7 12 12
split_gain=7.55455 24.4156 15.7546 20.0493 17.6459 20.7793 16.6335 15.1742 13.4981 12.9877 15.4921 16.0024 14.9373 11.5913
threshold=0.44988443003107675 0.48753109452737325 0.62500000000000078 0.21701836692325685 -0.01443281279203784 0.69779546138009252 0.011977730051996429 0.51289232694877251 1.089795151687351 0.4028348191926322 0.34900195397457406 1.7211345727636067 0.019771831403847921 0.030424608875741225
decision_type=2 2 2 8 8 2 10 2 8 2 2 8 10 10
left_child=2 13 3 9 7 -6 8 -4 -7 10 11 -1 -13 -2
right_child=1 -3 4 -5 5 6 -8 -9 -10 -11 -12 12 -14 -15
leaf_value=-0.0026204028789970006 0.0083334696840381989 0.00010387135018554091 -0.0039200727056573938 -0.0049577875167520994 -0.01295409297885803 -0.012262240309453658 0.0018129937630942743 0.0041494311865033773 -0.0022535208989096908 -0.0036148978156147916 0.0086037533779664589 0.00061369547290176304 0.0096275487842744784 0.0008525031918258059
leaf_weight=490 490 13566 400 454 255 216 346 430 275 299 357 387 285 301
leaf_count=490 490 13566 400 454 255 216 346 430 275 299 357 387 285 301
internal_value=7.62968e-05 0.000403535 -0.00104306 0.000647986 -0.00303854 -0.00553568 -0.00321209 0.000260327 -0.00673577 0.00205765 0.00318243 0.00148711 0.00447941 0.00550997
internal_weight=18551 14357 4194 2272 1922 1092 837 830 491 1818 1519 1162 672 791
internal_count=18551 14357 4194 2272 1922 1092 837 830 491 1818 1519 1162 672 791
is_linear=0
shrinkage=0.03


Tree=238
num_leaves=15
num_cat=0
split_feature=2 10 10 2 6 12 2 0 0 2 3 5 0 5
split_gain=10.0156 11.5745 10.3959 8.05157 12.7161 27.855 6.88293 14.2033 17.5244 11.903 9.07453 8.19971 8.10387 11.25
threshold=0.16216216216216686 1.7180619374399118 2.2524198449300483 0.25000000000000117 -0.14771110452875555 0.0066770883594537986 0.34279516578865166 0.49158420075977532 0.5212191729780068 0.36363636363636781 0.46428571428570387 2.8748897659730592 0.62960657619331106 3.3626490707534096
decision_type=2 2 2 2 8 10 2 2 2 2 2 2 2 2
left_child=1 -1 -3 4 -2 -6 7 -5 -9 -8 -11 -10 -12 -14
right_child=3 2 -4 6 5 -7 9 8 11 10 12 -13 13 -15
leaf_value=-0.0087612390481546266 0.0095894638004088862 0.0040239771545332453 -0.0048512905746286097 0.0037665036066883159 0.0076706793879618845 -0.0066831550217319683 0.0061833301000932782 -0.011546041614145313 -0.0043818986411700697 -0.0052621648532215808 0.00046683611069115935 0.0028738228976726531 -0.002459209397271696 0.002675610732968718
leaf_weight=239 201 219 248 257 244 233 288 213 353 276 13260 226 1909 476
leaf_count=239 201 219 248 257 244 233 288 213 353 276 13260 226 1909 476
internal_value=2.69041e-05 -0.00346519 -0.00069069 0.000165288 0.00335994 0.000662673 3.88455e-05 -0.00231032 -0.00429348 0.000191543 8.12479e-05 -0.00154943 0.000177164 -0.00143094
internal_weight=18642 706 467 17936 678 477 17258 1049 792 16209 15921 579 15645 2385
internal_count=18642 706 467 17936 678 477 17258 1049 792 16209 15921 579 15645 2385
is_linear=0
shrinkage=0.03


Tree=239
num_leaves=15
num_cat=0
split_feature=8 10 6 6 6 6 12 8 9 7 9 11 7 0
split_gain=10.7423 14.9143 14.5495 16.4577 13.991 19.4528 14.3224 12.8979 14.8581 21.9064 16.9435 18.8025 12.6391 20.8204
threshold=0.028688790403759368 0.91079746894998581 -0.24267387244135272 -0.39827188141660513 0.29541757851777378 0.2229110918898978 0.047569415351562123 -0.050094695770992341 0.8583401157480185 0.38194910361893264 0.95167065591375899 1.2081204783251427 0.74801034557901869 0.60571584249565935
decision_type=2 2 10 8 8 10 8 2 2 8 2 2 8 2
left_child=1 -1 3 -3 5 -2 -6 -5 9 -9 -10 -12 -4 -14
right_child=4 2 12 7 6 -7 -8 8 10 -11 11 -13 13 -15
leaf_value=-0.0058827449708660209 -0.0015549313071639684 0.0035489330527239613 0.00011200812809426626 -0.0080224538879421544 -0.00058567282540838148 -0.010425235905321472 0.0078825707068302525 0.0082915801296595242 -0.0089784946950903412 -0.0027182642088046396 -0.0046514452494753212 0.0063451772253248703 0.0014249256069000986 0.0080004314502941497
leaf_weight=341 3971 443 6694 348 532 231 266 269 377 396 407 207 3465 491
leaf_count=341 3971 443 6694 348 532 231 266 269 377 396 407 207 3465 491
internal_value=-0.000176469 0.000265304 0.000427561 -0.00165626 -0.00136286 -0.00205438 0.00226858 -0.00281287 -0.00169725 0.00176398 -0.00401707 -0.000922808 0.000906903 0.00225012
internal_weight=18438 13438 13097 2447 5000 4202 798 2004 1656 665 991 614 10650 3956
internal_count=18438 13438 13097 2447 5000 4202 798 2004 1656 665 991 614 10650 3956
is_linear=0
shrinkage=0.03


Tree=240
num_leaves=15
num_cat=0
split_feature=9 1 8 1 1 9 10 3 8 10 3 7 10 12
split_gain=6.77921 18.2268 20.836 12.409 11.8812 12.5002 21.075 14.4084 9.30176 9.90339 9.15753 14.4019 7.86331 14.0828
threshold=0.74839241764039743 1.962439099416023 -0.040071111051235016 0.87912834237045667 0.65252331069856606 0.70729950862582247 1.915354572844695 0.81450651468303736 0.031009139920586213 1.353853118544696 0.68421052631582935 0.8106516040981363 2.8010819494966417 0.062878038439792519
decision_type=2 2 2 2 2 2 2 2 2 2 2 10 2 10
left_child=1 2 3 -1 -4 6 8 -7 9 -6 -3 -12 -2 -14
right_child=12 10 4 -5 5 7 -8 -9 -10 -11 11 -13 13 -15
leaf_value=-0.011099994102733558 0.00035529729466335255 -0.0099412454592310035 -0.0042972701471554083 -0.0017087658279272447 0.0037015860587992565 -0.0058562753441740436 0.010570810115230934 0.0031431975753411002 0.0067136377916819801 -0.0046729141731985209 -0.0069241700775739615 0.0032301176464321407 -0.0003100885665154914 -0.006421595218859307
leaf_weight=204 13323 260 287 327 230 294 324 340 202 272 323 200 1509 433
leaf_count=204 13323 260 287 327 230 294 324 340 202 272 323 200 1509 433
internal_value=-0.000170278 -0.00141035 -0.000147139 -0.00538658 0.00129047 0.00226537 0.00430106 -0.00104323 0.00136135 -0.000837326 -0.005385 -0.00304726 9.51715e-05 -0.00168574
internal_weight=18528 3263 2480 531 1949 1662 1028 634 704 502 783 523 15265 1942
internal_count=18528 3263 2480 531 1949 1662 1028 634 704 502 783 523 15265 1942
is_linear=0
shrinkage=0.03


Tree=241
num_leaves=15
num_cat=0
split_feature=1 1 7 5 1 4 1 10 9 12 7 7 9 9
split_gain=5.70129 17.9878 11.5718 7.30366 23.2784 22.6118 21.4129 13.5303 12.1888 12.0458 8.30111 9.83509 14.3314 19.0516
threshold=0.49098282270872201 0.45405536119628676 0.25926667432289058 1.5028108513641942 1.4600968463282025 0.3102466796706933 0.79575886453056666 1.6778021220213761 0.83370628988653606 0.0048359467699155565 -0.49987436041427724 -0.1750445495631337 0.99283408415880281 0.86587198158569112
decision_type=2 2 10 2 2 2 2 2 2 10 10 10 2 2
left_child=1 2 -1 4 6 -6 7 -2 -8 -7 -5 12 13 -12
right_child=3 -3 -4 10 5 9 8 -9 -10 -11 11 -13 -14 -15
leaf_value=-0.0022757244956660636 -0.00041583564836308705 -0.0095741071529074056 0.00604595235244195 0.0049181137926061639 0.012007551880570145 -0.0032277314891981765 -3.9536140437396062e-06 0.010357492609300476 -0.0074975845168848507 0.0063873927115899393 -0.00078756119970471489 0.00021663982155784906 0.0030111817247138076 -0.011695484315962281
leaf_weight=485 212 214 212 315 328 224 419 202 361 236 322 14520 237 257
leaf_count=485 212 214 212 315 328 224 419 202 361 236 322 14520 237 257
internal_value=0.000233667 -0.00207409 0.000280437 0.00035345 0.00206678 0.00605136 -0.000577171 0.00490159 -0.00349782 0.00172088 0.000135887 3.60896e-05 -0.0031584 -0.00568793
internal_weight=18544 911 697 17633 1982 788 1194 414 780 460 15651 15336 816 579
internal_count=18544 911 697 17633 1982 788 1194 414 780 460 15651 15336 816 579
is_linear=0
shrinkage=0.03


Tree=242
num_leaves=15
num_cat=0
split_feature=8 8 9 9 5 10 0 5 0 12 11 0 10 11
split_gain=7.92125 30.3353 16.3993 19.8552 23.8513 30.4812 29.895 15.6238 18.1537 30.9539 19.7422 21.64 24.6193 15.6361
threshold=0.0584414809901826 0.053449263904900783 0.75305967110590277 0.81864181920619938 3.1916039041082613 1.5247179430161852 0.5567651382861647 1.5028108513641942 0.54257589880747592 0.021304571073872739 -1.6880807175184143 0.60392491972548401 1.6630736068014611 -0.97916552196341378
decision_type=2 2 2 2 2 2 2 2 2 10 2 2 2 2
left_child=1 7 -2 -4 5 -5 -6 8 9 13 -10 12 -12 -1
right_child=2 -3 3 4 6 -7 -8 -9 10 -11 11 -13 -14 -15
leaf_value=0.0094992620822710854 -0.0038262406860706095 -0.0086154266235889346 0.0099175038245643016 0.0082344607460227877 -0.0013252859608438171 -0.0046381877158671175 0.012892322487654101 -0.00025120678953321346 -0.0029738088779979279 -0.0082220616112567979 0.0040364272909602901 0.0011321014964154788 0.016946492374360144 -0.00058705985546112058
leaf_weight=229 371 363 309 215 239 665 293 14170 211 306 256 331 281 337
leaf_count=229 371 363 309 215 239 665 293 14170 211 306 256 331 281 337
internal_value=0.000122161 -9.87382e-05 0.00185883 0.00309191 0.00156848 -0.00146441 0.00655222 9.56457e-05 0.00260902 -0.000610044 0.00520134 0.00719426 0.010886 0.00354125
internal_weight=18576 16484 2092 1721 1412 880 532 16121 1951 872 1079 868 537 566
internal_count=18576 16484 2092 1721 1412 880 532 16121 1951 872 1079 868 537 566
is_linear=0
shrinkage=0.03


Tree=243
num_leaves=15
num_cat=0
split_feature=1 6 1 7 7 0 11 1 0 7 1 7 12 10
split_gain=7.06973 7.15951 6.86484 15.402 17.0724 12.5352 28.4113 11.2452 24.2137 27.846 9.35018 10.3713 7.62875 7.35916
threshold=0.40930620952505692 -0.069256274245455315 0.61785160742984069 0.15101742633274745 0.4485753409141286 0.54548710577024939 0.52498371081517303 0.69281007681920037 0.59279761502838169 0.41967724796828482 0.73193446429996523 0.2341413853827807 -0.020314231397525914 1.320971220819364
decision_type=2 10 2 10 10 2 2 2 2 10 2 10 10 2
left_child=1 -1 3 5 -5 -2 -7 8 9 -4 11 -9 -6 -12
right_child=2 -3 7 4 12 6 -8 10 -10 -11 13 -13 -14 -15
leaf_value=0.0076352085689834958 -0.009224705073950637 9.2995655466252415e-05 0.011726335803861405 0.007391002504598526 -0.0064002885006436512 0.0043819355471380822 -0.0099194744683759797 -0.00012394011897199294 -0.0054987341444939376 -0.0012905624749905923 0.0014969266708961776 -0.0092521150524003636 0.0012575020194053649 -0.00038968287936949175
leaf_weight=203 346 249 354 247 213 285 215 233 203 250 2160 211 250 13241
leaf_count=203 346 249 354 247 213 285 215 233 203 250 2160 211 250 13241
internal_value=-0.000158674 0.00352679 -0.000251106 -0.0021534 0.001102 -0.0048759 -0.001805 -7.27576e-05 0.0033706 0.00637219 -0.000249139 -0.0045166 -0.00229615 -0.000124685
internal_weight=18660 452 18208 1556 710 846 500 16652 807 604 15845 444 463 15401
internal_count=18660 452 18208 1556 710 846 500 16652 807 604 15845 444 463 15401
is_linear=0
shrinkage=0.03


Tree=244
num_leaves=15
num_cat=0
split_feature=9 4 9 9 6 4 10 10 6 9 12 9 6 10
split_gain=15.0057 12.3754 10.3254 9.87239 20.5461 18.3585 13.4617 9.79471 14.7906 13.3385 14.914 11.0198 10.5725 17.2149
threshold=0.62246575444191488 0.34801450957675178 0.6415519081794655 1.1811751435357001 -0.05110818937447497 0.25817475654794914 2.4615276461399591 2.611655241999975 -0.31650344461761792 0.77210764887492067 -0.0051574923841248279 0.90668524979069265 -0.26143236951168397 1.2133333560843889
decision_type=2 2 2 2 10 2 2 2 10 2 10 2 10 2
left_child=1 -1 -2 7 5 -5 -6 12 -9 -10 11 -11 13 -4
right_child=2 -3 3 4 6 -7 -8 8 9 10 -12 -13 -14 -15
leaf_value=-0.0091247888031054502 0.006428414435821329 0.00033798617801883006 0.005034814683818503 0.010681243184233568 -0.0043685512085268286 0.0015439927793053634 0.0030681037176504156 0.0045611396986059843 0.0034361675807020879 -0.0049810469313101334 -0.0059744012892137249 0.0019880496425451642 0.00046292544736522184 -0.0028899000239116252
leaf_weight=289 224 215 280 357 474 441 399 275 270 325 1078 531 11547 1846
leaf_count=289 224 215 280 357 474 441 399 275 270 325 1078 531 11547 1846
internal_value=-4.45649e-05 -0.00512442 9.86808e-05 1.73479e-05 0.00220896 0.00567277 -0.000971551 -0.000209998 -0.00194298 -0.00276301 -0.00363508 -0.000671488 0.000104798 -0.00183683
internal_weight=18551 504 18047 17823 1671 798 873 16152 2479 2204 1934 856 13673 2126
internal_count=18551 504 18047 17823 1671 798 873 16152 2479 2204 1934 856 13673 2126
is_linear=0
shrinkage=0.03


Tree=245
num_leaves=15
num_cat=0
split_feature=3 2 5 13 10 10 6 6 13 5 10 0 4 3
split_gain=7.14777 32.973 21.8153 13.4038 14.5839 25.0063 14.8372 22.5382 21.3156 18.9034 16.973 16.569 19.3491 16.2241
threshold=0.82608695652173691 0.69230769230766576 3.5321152799434268 6.5000000000000009 0.95897187445478105 1.1213225353635707 -0.12952373734259595 -0.17722759638520511 3.5000000000000004 2.7685896476004905 2.663729429508948 0.52051548973347572 0.15473100424719652 0.6818181818181891
decision_type=2 2 2 2 2 2 8 10 2 2 2 2 2 2
left_child=1 3 -3 4 -1 -6 7 10 13 -9 11 12 -7 -8
right_child=-2 2 -4 -5 5 6 8 9 -10 -11 -12 -13 -14 -15
leaf_value=-0.0068990981429815296 0.00052262378826122631 -0.0059945283134966824 0.0032997146982617757 -0.0063483530543137177 0.0086372178842029183 0.00084601867230648688 -0.0027658711590862299 0.012389226794242859 0.0055635038176676472 0.0017181749140015906 0.007053866121424719 0.001496508732695004 -0.0111595116714715 0.00093272724601960438
leaf_weight=235 8915 1395 268 271 329 230 2702 305 442 292 282 865 248 1759
leaf_count=235 8915 1395 268 271 329 230 2702 305 442 292 282 865 248 1759
internal_value=-8.92504e-05 -0.000656084 -0.00449132 0.000147488 0.000380412 0.000614382 0.000238127 0.0022689 -0.000683577 0.00722751 0.000430601 -0.000981142 -0.00543383 -0.00130808
internal_weight=18538 9623 1663 7960 7689 7454 7125 2222 4903 597 1625 1343 478 4461
internal_count=18538 9623 1663 7960 7689 7454 7125 2222 4903 597 1625 1343 478 4461
is_linear=0
shrinkage=0.03


Tree=246
num_leaves=15
num_cat=0
split_feature=6 13 14 12 12 12 12 0 6 6 5 12 6 8
split_gain=10.4103 15.222 12.4869 21.3493 15.7196 14.5776 16.0253 12.989 11.6622 33.0462 16.5541 23.3247 16.3537 24.8351
threshold=-0.36720202385739431 1.0000000180025095e-35 1.0000000180025095e-35 0.13126031149475162 0.18159032394147581 0.080761557269835985 0.061661007215526704 0.5592886185033481 0.36774629440935719 0.2229110918898978 1.9666319316357146 -0.059748288963650802 0.14436017095584877 -0.013310037269788773
decision_type=8 2 2 8 8 10 10 2 10 10 2 10 10 2
left_child=1 -1 3 5 -4 6 8 -6 9 12 -10 -12 -2 -14
right_child=2 -3 4 -5 7 -7 -8 -9 10 -11 11 -13 13 -15
leaf_value=-0.0016110555774880102 -0.0012786413196761259 0.0067971067167025929 0.0011204865500893937 0.008667944263720858 -0.00050541296215570581 -0.0069107602974651629 0.0058814249342551582 -0.0097557452114468268 0.008609248245463651 -0.0078444571600092532 -0.0052307783726261541 0.0055872939689592879 0.012325677300251803 -0.00050593132910721776
leaf_weight=327 6908 465 7170 202 362 365 304 215 250 660 388 325 201 397
leaf_count=327 6908 465 7170 202 362 365 304 215 250 660 388 325 201 397
internal_value=-1.69588e-05 0.00333723 -0.000167545 -0.000867765 0.000736293 -0.00106868 -0.000839084 -0.00400644 -0.00106598 -0.00143435 0.00204904 -0.00029511 -0.000865869 0.00387347
internal_weight=18539 792 17747 10000 7747 9798 9433 577 9129 8166 963 713 7506 598
internal_count=18539 792 17747 10000 7747 9798 9433 577 9129 8166 963 713 7506 598
is_linear=0
shrinkage=0.03


Tree=247
num_leaves=15
num_cat=0
split_feature=6 5 9 8 9 12 6 7 6 7 1 5 1 3
split_gain=9.50782 29.0272 18.3754 19.0681 16.1027 15.3547 19.5431 15.3293 14.8147 15.8076 15.3952 14.2369 33.4232 19.2005
threshold=-0.21228884426939096 1.95530372813092 0.68315424669580904 0.0096033202957214441 0.79872439614521229 0.10293798912275433 -0.39827188141660513 0.54118915230144782 -0.31650344461761792 0.26524062293873774 1.5049432215205629 1.7523693930050832 1.8750892594960888 0.6729610205668356
decision_type=10 2 2 2 2 8 10 8 10 8 2 2 2 2
left_child=1 7 -3 5 -5 6 -4 -1 -8 -10 -11 12 13 -2
right_child=11 2 3 4 -6 -7 8 -9 9 10 -12 -13 -14 -15
leaf_value=-0.0023072674889885163 0.0062350440583205571 0.0087600025504091881 0.008591784667356394 -0.009821728587150573 -0.0014923327173978185 -0.0050536850324261777 -0.0056973415672034022 -0.010360383656289841 -0.0034664313344373592 0.010735765037343914 0.00035953316947116571 6.0512371018414955e-06 0.0087080018673882341 -0.001178044114061581
leaf_weight=456 401 202 381 265 934 258 245 400 247 261 250 12154 589 1390
leaf_count=456 401 202 381 265 934 258 245 400 247 261 250 12154 589 1390
internal_value=6.89642e-05 -0.00124555 0.000130243 -0.00049766 -0.00336642 0.00160099 0.00285525 -0.00610872 0.000644363 0.00271803 0.005712 0.000421913 0.00254114 0.000494463
internal_weight=18433 3899 3043 2841 1199 1642 1384 856 1003 758 511 14534 2380 1791
internal_count=18433 3899 3043 2841 1199 1642 1384 856 1003 758 511 14534 2380 1791
is_linear=0
shrinkage=0.03


Tree=248
num_leaves=15
num_cat=0
split_feature=1 9 4 12 3 8 12 11 8 2 4 10 5 11
split_gain=14.325 13.0102 23.8902 17.4184 12.3139 20.1389 29.0812 36.2808 19.4788 17.0096 22.162 16.5849 15.1605 14.9504
threshold=1.3715781658467991 0.6894884344182145 0.26662030929909858 0.009159873190049574 0.79240127848231878 -0.0046358505755435134 0.0321191608901586 1.222028820725497 0.012459799526207526 0.55490586180124424 0.19084518603564213 2.3173454797024617 2.6340573745484215 1.5458801851012007
decision_type=2 2 2 10 2 2 10 2 2 2 2 2 2 2
left_child=4 2 -2 -4 5 -1 7 9 -8 10 -7 13 -10 -6
right_child=1 -3 3 -5 11 6 8 -9 12 -11 -12 -13 -14 -15
leaf_value=-0.00031832753183705609 -0.012116220706495744 -0.0006613495827159407 -0.0064695354021610096 0.0051319843259724695 -0.00050897916937972152 0.0086924887938870255 0.006648195831619237 -0.00025344631156896225 -0.0089154251416524253 0.0042054284521878156 0.021119127086933375 0.0025862498480164627 0.0013140402946840313 -0.0060858776548100933
leaf_weight=1841 256 8139 230 226 3886 384 216 457 265 297 201 1430 250 482
leaf_count=1841 256 8139 230 226 3886 384 216 457 265 297 201 1430 250 482
internal_value=-0.00013045 -0.00100307 -0.00487753 -0.000726361 0.000665164 0.00196486 0.00399134 0.00661076 -0.000819067 0.0101488 0.0131049 -0.000212475 -0.00398478 -0.00113063
internal_weight=18560 8851 712 456 9709 3911 2070 1339 731 882 585 5798 515 4368
internal_count=18560 8851 712 456 9709 3911 2070 1339 731 882 585 5798 515 4368
is_linear=0
shrinkage=0.03


Tree=249
num_leaves=15
num_cat=0
split_feature=9 6 9 10 9 9 0 8 4 11 0 0 3 10
split_gain=7.07156 16.5051 15.9156 9.23715 26.3874 27.1296 18.4666 15.1655 22.3165 35.154 23.3951 17.1401 16.2142 12.2078
threshold=0.6355000488820145 -0.052854407744377545 0.65177626282209955 1.3925959432227561 0.91713143156970334 1.0398262552218249 0.58021157404346391 0.033828301492920369 0.49306439014822545 0.15089963097512729 0.55416119930855301 0.58870572247973563 0.89655172413792728 1.509996351281615
decision_type=2 8 2 2 2 2 2 2 2 2 2 2 2 2
left_child=1 -1 -2 4 7 6 -6 8 10 -10 -4 -9 -12 -5
right_child=2 -3 3 13 5 -7 -8 11 9 -11 12 -13 -14 -15
leaf_value=-0.0025758349534712338 -0.0082680544472927414 0.0070043916869859156 -0.0011057584896210283 -0.0035200364618001348 0.013499306855797767 -0.00051635888556651234 0.0022381860422236578 -0.010031692763903175 0.0046444667465444919 -0.011764697867452446 0.0035770703758393136 0.0010985439411869131 0.013901409621088249 -0.00024066384683807968
leaf_weight=280 216 372 656 1101 370 413 205 276 202 269 424 222 201 13408
leaf_count=280 216 372 656 1101 370 413 205 276 202 269 424 222 201 13408
internal_value=-0.000155197 0.00290189 -0.000266936 -0.000167253 0.00128033 0.0053539 0.00953838 -0.000516324 0.000799786 -0.00475236 0.00285175 -0.00510842 0.00698135 -0.000490642
internal_weight=18615 652 17963 17747 3238 988 575 2250 1752 471 1281 498 625 14509
internal_count=18615 652 17963 17747 3238 988 575 2250 1752 471 1281 498 625 14509
is_linear=0
shrinkage=0.03


Tree=250
num_leaves=15
num_cat=0
split_feature=11 4 2 0 5 11 13 0 4 11 6 11 2 11
split_gain=9.88694 13.6889 11.9991 8.44684 15.9978 12.6436 14.9456 23.1495 10.6246 7.54073 16.9714 15.7893 14.9657 7.33665
threshold=2.4189513173767474 0.36902126586229528 0.62500000000008693 0.4786583625436216 3.1466133642556477 1.3200384381454278 1.0000000180025095e-35 0.45151891572220665 0.25817475654794914 2.0505864097985413 0.062127736492797465 1.9486062165863129 0.65714285714285581 0.41480982833610497
decision_type=2 2 2 2 2 2 2 2 2 2 8 2 2 2
left_child=3 -2 -3 4 5 6 13 -8 -6 11 12 -5 -11 -1
right_child=1 2 -4 9 8 -7 7 -9 -10 10 -12 -13 -14 -15
leaf_value=-0.010205141340668064 -0.0070701319490032027 0.0055443622604520477 -0.0040715512633323668 0.00037392564788464832 -0.0005216460910865842 0.0029764965293285102 0.0049718815230990129 -0.0067451661399432596 0.0080546881215295928 -0.0041149033612972443 0.0089573562510159542 -0.0063736196289125094 0.0061144596846582737 -0.003452969824458346
leaf_weight=396 410 215 244 14469 348 238 288 310 202 318 289 314 209 238
leaf_count=396 410 215 244 14469 348 238 288 310 202 318 289 314 209 238
internal_value=-6.98287e-06 -0.00312147 0.000443844 0.000147471 -0.00167547 -0.00330577 -0.00452652 -0.00110774 0.0026724 0.000383995 0.00318251 0.000228497 -3.87583e-05 -0.00771727
internal_weight=18488 869 459 17619 2020 1470 1232 598 550 15599 816 14783 527 634
internal_count=18488 869 459 17619 2020 1470 1232 598 550 15599 816 14783 527 634
is_linear=0
shrinkage=0.03


Tree=251
num_leaves=15
num_cat=0
split_feature=4 4 6 10 11 12 8 0 12 8 10 10 6 7
split_gain=6.506 14.7564 19.8381 14.351 17.5179 12.1279 8.80099 8.3553 19.4469 7.88118 24.3758 16.0137 14.7256 11.3085
threshold=1.0150769603351206 0.86098472499584944 0.050904875710652837 1.743417025377265 0.20410102464651078 0.016782820180675288 0.0044518941353881483 0.67994608987934801 0.028805425964081036 0.028165639870473987 1.1090415610350717 0.97799306382669304 -0.3588219230892794 -0.25235265093064202
decision_type=2 2 10 2 2 10 2 2 8 2 2 2 10 10
left_child=1 7 6 -2 -5 -6 -3 9 -9 11 -11 -1 -12 -13
right_child=3 2 -4 4 5 -7 -8 8 -10 10 12 13 -14 -15
leaf_value=-0.0052071881502799471 0.0023657496100067464 -0.0033799817331008988 0.011468584685413776 -0.011394693038375682 0.0025153263097583787 -0.0062193551318211991 0.005063817320657628 -0.0064889017585313541 0.0034291028524974019 0.0076833979665000638 0.0049233110302544019 0.0040069787731369091 -0.002188557670257107 0.00034144337075771026
leaf_weight=438 397 231 227 234 294 270 205 525 264 261 277 812 3752 10419
leaf_count=438 397 231 227 234 294 270 205 525 264 261 277 812 3752 10419
internal_value=-0.000138892 8.36115e-06 0.00438089 -0.00227545 -0.00458477 -0.00168408 0.000602553 -0.000165989 -0.00316963 -1.65454e-05 -0.00111531 0.00038771 -0.00169411 0.000608126
internal_weight=18606 17411 663 1195 798 564 436 16748 789 15959 4290 11669 4029 11231
internal_count=18606 17411 663 1195 798 564 436 16748 789 15959 4290 11669 4029 11231
is_linear=0
shrinkage=0.03


Tree=252
num_leaves=15
num_cat=0
split_feature=5 7 7 9 2 0 0 1 7 5 0 7 1 5
split_gain=11.0783 10.7785 14.482 14.7663 16.6657 13.9527 18.9282 24.3028 17.6959 19.4587 12.9376 12.2313 18.5578 12.8125
threshold=0.63630053672321052 0.24091510526646098 0.31481083393697429 0.84321713604119164 0.6956521739130308 0.58389163151799528 0.56641461896258838 0.97521568559717464 0.11724418909470564 2.8296105722654095 0.53593178722461177 -0.42860591558614253 0.49098282270872201 1.95530372813092
decision_type=2 8 10 2 2 2 2 2 10 2 2 10 2 2
left_child=-1 5 3 4 -3 6 11 -8 -7 -10 -5 -2 -13 -14
right_child=1 2 -4 10 -6 8 7 -9 9 -11 -12 12 13 -15
leaf_value=-0.0048613672455151873 0.0061344381333752109 0.014170563901598389 0.00049794397544330245 -0.0040787970791181238 0.0023153403207313182 -0.0011918889398117324 0.011861187690039621 -0.00070557424958473931 -0.012871423004775917 -0.00082571810213466208 0.0048866229374015992 -0.0095138189559047289 -0.0048184220767334886 0.00088021825710050408
leaf_weight=373 215 217 12019 246 210 1703 269 279 274 214 338 217 451 1600
leaf_count=373 215 217 12019 246 210 1703 269 279 274 214 338 217 451 1600
internal_value=0.000222255 0.000327448 0.000788897 0.00422834 0.00843441 -0.000823621 0.000494941 0.00551462 -0.00264467 -0.00765103 0.00110753 -0.000621761 -0.00127431 -0.000381542
internal_weight=18625 18252 13030 1011 427 5222 3031 548 2191 488 584 2483 2268 2051
internal_count=18625 18252 13030 1011 427 5222 3031 548 2191 488 584 2483 2268 2051
is_linear=0
shrinkage=0.03


Tree=253
num_leaves=15
num_cat=0
split_feature=3 1 13 3 10 9 12 12 9 6 12 2 0 6
split_gain=11.8248 9.68685 19.0959 13.2622 13.1506 12.0594 14.4272 21.9916 14.1695 11.0869 13.7919 11.0841 11.0491 10.5224
threshold=0.96000000000000629 4.6358004252093039 8.5000000000000018 0.92708333333333492 2.3409424625961903 0.86587198158569112 0.14463157556114756 0.11565156214736062 0.87860105574504843 -0.06336129202046141 0.0072878998049135122 0.39130434782608609 0.59033804762123432 -0.017955693859306451
decision_type=2 2 2 2 2 2 8 10 2 8 10 2 2 8
left_child=1 2 3 5 13 11 7 8 -7 -5 -11 12 -1 -3
right_child=-2 4 -4 9 -6 6 -8 -9 -10 10 -12 -13 -14 -15
leaf_value=-0.0047179080247664726 0.0019318797587844971 0.003301889485352736 0.008035669435240974 -0.005987752928327688 -0.0075747961200752821 0.0064609981798087702 0.0061564322075712569 -0.0090788430974890408 0.00048789029200025654 0.0025220421753954468 -0.0047405650886739124 -0.00029006394116092981 0.0028773801343945356 -0.004562500643939392
leaf_weight=1038 2437 317 249 616 374 374 431 203 6306 508 430 4758 203 287
leaf_count=1038 2437 317 249 616 374 374 431 203 6306 508 430 4758 203 287
internal_value=-1.33886e-05 -0.000308455 -0.000120755 -0.000260018 -0.00319419 4.65341e-05 0.000863998 0.000528367 0.000826895 -0.00287796 -0.000814781 -0.00095001 -0.00346893 -0.000441776
internal_weight=18531 16094 15116 14867 978 13313 7314 6883 6680 1554 938 5999 1241 604
internal_count=18531 16094 15116 14867 978 13313 7314 6883 6680 1554 938 5999 1241 604
is_linear=0
shrinkage=0.03


Tree=254
num_leaves=15
num_cat=0
split_feature=10 9 8 9 5 9 0 3 6 14 9 0 13 9
split_gain=9.1216 18.1844 24.8976 22.6763 23.7672 16.315 13.3031 7.98969 13.746 12.5615 15.0359 13.9188 19.2401 15.5226
threshold=1.1932829895083703 0.92069700038648417 -0.0046358505755435134 0.87043497204323106 1.3677588417189062 0.80558902154996337 0.5678784281377186 0.82608695652173691 -0.40952826301369155 1.0000000180025095e-35 1.2364146096755915 0.58547159479045119 1.0000000180025095e-35 0.76841982803600251
decision_type=2 2 2 2 2 2 2 2 8 2 2 2 2 2
left_child=1 3 -3 4 -1 6 -6 8 -2 11 -11 13 -13 -10
right_child=7 2 -4 -5 5 -7 -8 -9 9 10 -12 12 -14 -15
leaf_value=-0.007104370101638462 0.0065411860695544707 -0.00010411111076482745 0.014217984660508784 -0.0084599491114347759 0.0058300943135238077 0.010471107218075881 -0.0021939687065210068 0.00069634296636247514 -0.005524577701906716 3.15560564987643e-05 0.0082787256666251689 -0.00077960995529194051 -0.0081086817305359663 -3.9866132388606236e-06
leaf_weight=202 230 204 230 208 361 259 374 7947 536 3487 206 639 648 3002
leaf_count=202 230 204 230 208 361 259 374 7947 536 3487 206 639 648 3002
internal_value=0.00022911 0.00223199 0.00756143 0.00056359 0.00216159 0.00407074 0.00175987 8.00483e-06 -0.000617347 -0.000814363 0.000502165 -0.0018215 -0.00448687 -0.000846961
internal_weight=18533 1838 434 1404 1196 994 735 16695 8748 8518 3693 4825 1287 3538
internal_count=18533 1838 434 1404 1196 994 735 16695 8748 8518 3693 4825 1287 3538
is_linear=0
shrinkage=0.03


Tree=255
num_leaves=15
num_cat=0
split_feature=8 8 2 8 10 7 8 11 1 11 8 3 9 11
split_gain=8.2276 11.9405 22.9223 9.12664 8.71181 7.33723 21.9376 23.1439 13.2174 28.4413 25.7328 14.5701 13.3856 11.6123
threshold=0.12084068509357919 0.088409090612246319 0.65384615384617795 0.079781207902288528 0.88177803806478006 0.068203305524038818 -0.078956299075295319 -0.80368468821686079 0.9355464659925089 0.68408319490115632 0.007952697470439897 0.94816635849162945 0.78788205857995008 -1.4857738531344213
decision_type=2 2 2 2 2 10 2 2 2 2 2 2 2 2
left_child=1 3 -3 4 -1 6 -6 -8 10 11 12 -10 -9 -7
right_child=-2 2 -4 -5 5 13 7 8 9 -11 -12 -13 -14 -15
leaf_value=-0.0043975525331057478 -0.0056367933510913758 0.010394118027370815 -0.0023156626499957473 -0.0052297317424887108 -0.0074093797089334768 0.0034113153625392307 -0.0027182171603303347 -0.0013863467228864986 -0.0021832720707887069 0.012929062555505804 -0.0028557826731620091 0.0080893055144427468 0.0070764627079380315 -0.0002423122835730065
leaf_weight=361 213 281 228 280 224 828 665 219 307 360 611 202 700 13016
leaf_count=361 213 281 228 280 224 828 665 219 307 360 611 202 700 13016
internal_value=0.000157 0.000226026 0.00473379 9.56329e-05 0.000182343 0.000280104 0.00155289 0.0022191 0.00359052 0.00653594 0.00190176 0.0019325 0.00506317 -2.26386e-05
internal_weight=18495 18282 509 17773 17493 17132 3288 3064 2399 869 1530 509 919 13844
internal_count=18495 18282 509 17773 17493 17132 3288 3064 2399 869 1530 509 919 13844
is_linear=0
shrinkage=0.03


Tree=256
num_leaves=15
num_cat=0
split_feature=3 12 9 7 11 3 3 5 9 7 12 0 10 4
split_gain=10.3798 14.6516 15.354 13.7699 18.7047 13.0638 20.5533 17.0769 13.199 24.5439 13.7053 12.4627 15.5431 17.7424
threshold=0.7058823529411683 -0.099431495902902997 0.88537724206485924 0.88274148671321184 -0.31770231401959792 0.63636363636362636 0.60267990668181726 3.2291620281808835 0.93975843937149894 1.2845878784091567 0.031190673900911906 0.46691542454466889 2.4517587277156569 0.5367825626703524
decision_type=2 8 2 8 2 2 2 2 2 10 10 2 2 2
left_child=1 2 -1 -2 -5 6 7 8 10 -10 -3 -6 13 -13
right_child=3 5 -4 4 11 -7 -8 -9 9 -11 -12 12 -14 -15
leaf_value=-0.01188351815492571 -0.000115400600473946 0.0050590819536478482 -0.0014136434251391518 -0.0032098576600470066 -0.0018759362730750087 -0.0029564154176204057 0.0054827581634777226 -0.0047505243902256989 -0.0071227253997450347 0.0033358251141391753 -0.0012639238277172787 0.00882491810391931 8.1856441482528199e-05 -0.00043334873278199888
leaf_weight=222 10818 765 287 419 290 1599 573 705 438 367 512 845 434 238
leaf_count=222 10818 765 287 419 290 1599 573 705 438 367 512 845 434 238
internal_value=-0.000132863 -0.00122943 -0.00605125 0.000327109 0.00247308 -0.000728913 0.000333957 -0.000732546 0.00063613 -0.00236351 0.0025289 0.00379603 0.00488292 0.00679768
internal_weight=18512 5468 509 13044 2226 4959 3360 2787 2082 805 1277 1807 1517 1083
internal_count=18512 5468 509 13044 2226 4959 3360 2787 2082 805 1277 1807 1517 1083
is_linear=0
shrinkage=0.03


Tree=257
num_leaves=15
num_cat=0
split_feature=4 11 5 6 8 3 5 3 5 14 6 0 0 5
split_gain=9.48951 15.26 12.3562 19.0116 12.3702 20.6374 16.8678 21.4078 18.5551 16.6932 24.2328 27.4104 17.4707 19.9133
threshold=0.45468879773012855 2.6865462979343402 0.89783820030729544 0.027015640722955595 -0.024092275191183461 0.54189083317483211 2.9365446898561078 0.76503012048189978 1.5028108513641942 1.0000000180025095e-35 -0.2795464020816133 0.54920536292579059 0.50908376182372594 2.3365531684231677
decision_type=2 2 2 8 2 2 2 2 2 2 10 2 2 2
left_child=1 2 3 -1 5 -4 7 -7 -9 10 11 -6 13 -12
right_child=-2 -3 4 -5 9 6 -8 8 -10 -11 12 -13 -14 -15
leaf_value=0.00063433282657040634 -0.00098553767276884831 -0.0071306835845224717 -0.0076870995738396513 0.012112020628792899 -0.0006555342856013486 0.0026567234373617533 0.002594761619518372 0.0040281665283580159 -0.0056055227572651602 0.002534928694652125 -0.0035799125894181317 0.012333821406055774 -0.0020945637275192317 0.0053442660468685909
leaf_weight=342 5834 228 375 205 305 613 1151 210 1133 3724 330 275 3081 684
leaf_count=342 5834 228 375 205 305 613 1151 210 1133 3724 330 275 3081 684
internal_value=1.49778e-05 0.00047639 0.000618758 0.00500659 0.000414722 -0.00108768 -0.000280087 -0.00197408 -0.00408978 0.00103785 -0.00015612 0.00555599 -0.00097095 0.00243663
internal_weight=18490 12656 12428 547 11881 3482 3107 1956 1343 8399 4675 580 4095 1014
internal_count=18490 12656 12428 547 11881 3482 3107 1956 1343 8399 4675 580 4095 1014
is_linear=0
shrinkage=0.03


Tree=258
num_leaves=15
num_cat=0
split_feature=9 9 5 7 1 0 3 9 9 3 7 0 3 0
split_gain=8.77682 26.7119 18.0486 12.4153 20.5807 15.2792 19.7405 11.8102 11.2585 11.5748 13.5784 13.4344 14.9225 18.5956
threshold=0.91868608507392702 0.92425917168642324 1.3019823756613402 0.48544888681894233 2.2264638518652684 0.57057998374712759 0.82777777777777961 0.89966133301077456 0.94790598704520823 0.57692307692307965 1.2845878784091567 0.52801730694749349 0.83850744234493269 0.54418716256966859
decision_type=2 2 2 10 2 2 2 2 2 2 10 2 2 2
left_child=7 -2 -3 4 -4 8 -7 -1 -5 10 -10 -11 13 -13
right_child=1 2 3 5 -6 6 -8 -9 9 11 -12 12 -14 -15
leaf_value=-0.00041297525568087621 0.010760650398678431 0.0060350005842378356 -0.0006655685346060085 0.0050396335135037829 -0.0089154514816589658 0.0015035064650907649 0.010113785649809215 -0.0041759650453210319 -0.0093755287090864243 -0.0016733102163400601 -0.00064734660480967037 0.013166637011975827 -0.0031594163849774115 0.001552909881597565
leaf_weight=9811 222 462 2944 328 295 863 328 808 267 1105 393 206 207 305
leaf_count=9811 222 462 2944 328 295 863 328 808 267 1105 393 206 207 305
internal_value=-0.000137445 0.000617825 0.000318719 -4.99118e-05 -0.00142953 0.00106707 0.00390714 -0.000701132 -0.00014105 -0.000834162 -0.00422224 0.000400652 0.00358197 0.00631698
internal_weight=18544 7925 7703 7241 3239 4002 1191 10619 2811 2483 660 1823 718 511
internal_count=18544 7925 7703 7241 3239 4002 1191 10619 2811 2483 660 1823 718 511
is_linear=0
shrinkage=0.03


Tree=259
num_leaves=15
num_cat=0
split_feature=10 0 9 9 3 0 2 3 6 6 11 11 3 2
split_gain=7.4555 5.86291 19.1968 23.9963 22.946 13.4127 10.1209 14.7484 17.4131 19.6858 13.7726 15.9442 16.5567 13.6888
threshold=0.88177803806478006 0.44872045343751005 0.78247759401006034 1.0206362262918316 0.84000000000000197 0.45848586262030699 0.46072923551443656 0.62500000000000078 -0.14988562598529778 -0.21499761611851889 0.97724213132666382 1.529408885987886 0.77777777777777468 0.50000000000002398
decision_type=2 2 2 2 2 2 2 2 8 10 2 2 2 2
left_child=-1 2 -2 4 -4 -3 7 8 9 -7 -9 -12 -13 -8
right_child=1 5 3 -5 -6 6 13 10 -10 -11 11 12 -14 -15
leaf_value=-0.0040354694188109242 -0.005112706186084808 -0.0062851125351628479 0.012594807551060367 -0.0038132989547542623 0.00034444674640869742 0.00046570343268947017 0.0039040442698162672 -0.0056976807203155729 -0.0012060699674672638 0.011775529349320812 0.0050620575131940055 -0.0096484167098596276 0.0018771349011176147 0.00028974660053675521
leaf_weight=377 232 289 348 217 226 354 1018 934 1508 223 300 217 224 12091
leaf_count=377 232 289 348 217 226 354 1018 934 1508 223 300 217 224 12091
internal_value=0.000112345 0.000199439 0.00240007 0.00462184 0.00781612 6.75718e-05 0.000178236 -0.00119284 0.000491495 0.00490036 -0.00328469 -0.000225412 -0.00383875 0.000571802
internal_weight=18558 18181 1023 791 574 17158 16869 3760 2085 577 1675 741 441 13109
internal_count=18558 18181 1023 791 574 17158 16869 3760 2085 577 1675 741 441 13109
is_linear=0
shrinkage=0.03


Tree=260
num_leaves=15
num_cat=0
split_feature=6 13 5 0 5 7 5 4 0 13 4 9 3 13
split_gain=9.46117 15.3165 19.1126 14.833 30.9662 13.8051 14.7291 17.0995 14.6815 13.1908 17.401 13.6966 13.9098 13.1071
threshold=0.065108358507536726 3.5000000000000004 2.3164205140997107 0.56238886948514277 1.9666319316357146 0.8468362897019327 2.3960495638821167 0.21572536946078275 0.59713393527613001 6.5000000000000009 1.2739005139711399 1.2021277944146966 0.6666666666666986 1.0000000180025095e-35
decision_type=10 2 2 2 2 10 2 2 2 2 2 2 2 2
left_child=9 3 -3 -2 -5 6 -6 -8 -7 10 11 13 -13 -1
right_child=1 2 -4 4 5 8 7 -9 -10 -11 -12 12 -14 -15
leaf_value=-0.00092952660638826628 -0.00022898250179030768 -0.0041292893468776589 0.006789989490155756 0.0030031855010105011 -0.010490926853881394 -0.015558745621814639 0.0027954333394882265 -0.0051820683773896635 -0.004261171859952638 -0.0037739995209592741 0.0071294979229569429 0.0099798150854845218 0.0015825473582047728 0.0011564439708660215
leaf_weight=5259 3052 209 442 509 237 213 379 651 207 639 355 249 598 5585
leaf_count=5259 3052 209 442 509 237 213 379 651 207 639 355 249 598 5585
internal_value=-5.20775e-05 -0.00104419 0.00327966 -0.00158316 -0.0034604 -0.00541369 -0.00382452 -0.00224733 -0.0101063 0.00040952 0.000632915 0.000432682 0.00409525 0.000144851
internal_weight=18584 5899 651 5248 2196 1687 1267 1030 420 12685 12046 11691 847 10844
internal_count=18584 5899 651 5248 2196 1687 1267 1030 420 12685 12046 11691 847 10844
is_linear=0
shrinkage=0.03


Tree=261
num_leaves=15
num_cat=0
split_feature=6 1 2 3 6 3 1 1 9 0 14 1 6 0
split_gain=11.0679 21.2846 21.2523 21.1337 21.1322 18.1245 15.29 17.0294 14.9757 13.2769 13.2574 12.8818 13.3902 17.8901
threshold=0.002321217414963606 1.0407567722722024 0.86316728764207251 0.9523809523809188 0.4031964967640454 0.61822630876465123 0.64670287462597698 0.76519644201977255 0.88537724206485924 0.51705723313525254 1.0000000180025095e-35 1.1398654772158072 0.042589404465328558 0.56435364192288684
decision_type=10 2 2 2 10 2 2 2 2 2 2 2 10 2
left_child=-1 2 4 11 5 -2 8 -8 -7 -9 -11 -3 -13 -14
right_child=1 3 -4 -5 -6 6 7 9 -10 10 -12 12 13 -15
leaf_value=-0.00053845736179236158 0.012563105208092723 -0.0065223439984599977 -0.0040716321245292944 0.0047071727252451147 -0.001102847356121994 -0.0056643631054382575 0.012623627270604003 0.010207865739804367 0.0046270869656776393 -0.0029354864305319033 0.0067576389715075487 0.0037982796210675467 0.00063776165002556954 -0.0038068340528094277
leaf_weight=10921 285 344 321 672 536 223 285 210 283 287 220 553 1946 1396
leaf_count=10921 285 344 321 672 536 223 285 210 283 287 220 553 1946 1396
internal_value=7.23154e-05 0.00095428 0.00311837 -0.00021546 0.00411595 0.00567479 0.00433574 0.00647354 8.04819e-05 0.00395845 0.00129552 -0.00100046 -0.000505041 -0.00122172
internal_weight=18482 7561 2650 4911 2329 1793 1508 1002 506 717 507 4239 3895 3342
internal_count=18482 7561 2650 4911 2329 1793 1508 1002 506 717 507 4239 3895 3342
is_linear=0
shrinkage=0.03


Tree=262
num_leaves=15
num_cat=0
split_feature=4 1 6 10 8 4 6 6 7 7 5 6 1 7
split_gain=8.44545 11.8177 11.5893 11.7935 8.31914 14.7404 12.2685 8.22775 11.2361 10.604 23.3642 19.8644 7.11764 10.3622
threshold=0.075565941981407647 0.39250471746176702 -0.042551046588964407 2.4419136023932779 -0.01995367542465443 0.021457049908612524 0.16788377671489621 -0.22932052996131266 0.65247354621697273 0.83891720455750995 2.3763164811275006 -0.13644504520324172 0.50207142398431037 0.075569483486221292
decision_type=2 2 10 2 2 2 10 8 8 10 2 10 2 8
left_child=2 -2 7 4 -4 -6 -7 8 -1 10 -9 -12 -3 -14
right_child=1 12 3 -5 5 6 -8 9 -10 -11 11 -13 13 -15
leaf_value=0.002217611819940889 0.0067237020777755003 -0.0034897257302667988 -0.0082049575862898072 0.0018800265044679023 0.0040678804972465489 -0.009091548754261174 -0.00020834049224853515 -0.0078678724803030488 -0.0071577370018360625 0.0058579034895564494 0.010138361795409901 -0.002786135734963756 0.0021118061270954595 2.617728106070346e-07
leaf_weight=209 253 440 391 312 202 322 245 235 246 385 214 206 2518 12235
leaf_count=209 253 440 391 312 202 322 245 235 246 385 214 206 2518 12235
internal_value=7.51227e-05 0.00035681 -0.00138946 -0.00327432 -0.00466278 -0.00282038 -0.0052885 0.000471131 -0.00287396 0.00194136 -0.000387671 0.003841 0.000248609 0.000361248
internal_weight=18413 15446 2967 1472 1160 769 567 1495 455 1040 655 420 15193 14753
internal_count=18413 15446 2967 1472 1160 769 567 1495 455 1040 655 420 15193 14753
is_linear=0
shrinkage=0.03


Tree=263
num_leaves=15
num_cat=0
split_feature=12 6 6 9 5 2 6 6 7 13 13 3 3 2
split_gain=9.56635 12.3314 7.28033 7.13651 15.8018 18.728 26.6468 19.3338 15.7554 11.8658 12.2459 11.3448 16.6813 14.1818
threshold=0.18159032394147581 -0.073560051210753971 0.56406724750314985 1.0426719911453242 3.1551501259244437 0.74074074074074847 -0.12952373734259595 0.021750694920457451 0.30803712802876321 8.5000000000000018 6.5000000000000009 0.73923346383681598 0.66666666666666619 0.55048708975693084
decision_type=10 8 8 2 2 2 10 10 10 2 2 2 2 2
left_child=3 -2 -3 9 5 8 -7 -8 -5 10 -1 12 -10 -13
right_child=1 2 -4 4 -6 6 7 -9 11 -11 -12 13 -14 -15
leaf_value=0.00052004649577693809 0.0025400891122610673 -0.010021817366881616 -0.0022044224228480419 -0.010252031414896751 0.0014100909667414902 -0.006486568931671168 0.01245842581987381 0.000225861387929522 -0.0023403143690510545 0.006857230814317097 -0.0056591186078928284 0.0063916864336745153 -0.012277773521946504 -0.0038029341428286651
leaf_weight=13452 202 227 206 320 1518 242 205 261 556 255 290 217 206 270
leaf_count=13452 202 227 206 320 1518 242 205 261 556 255 290 217 206 270
internal_value=6.54706e-05 -0.00353812 -0.00637031 0.000195041 -0.000958041 -0.00253643 0.00150654 0.00568227 -0.00435978 0.000507906 0.000387636 -0.00281529 -0.00508934 0.00075843
internal_weight=18427 635 433 17792 3795 2277 708 466 1569 13997 13742 1249 762 487
internal_count=18427 635 433 17792 3795 2277 708 466 1569 13997 13742 1249 762 487
is_linear=0
shrinkage=0.03


Tree=264
num_leaves=15
num_cat=0
split_feature=12 12 8 5 1 6 6 5 5 6 4 0 5 12
split_gain=6.85775 7.71727 22.1419 10.8315 13.6933 8.22083 10.0971 8.06761 7.58983 11.266 7.54836 11.5695 7.29652 19.5884
threshold=-0.25585480975158598 -0.12425488551840495 -0.040836887922268944 2.3960495638821167 1.5152327890640047 0.95614847727936159 0.52087812632694597 2.4248105942627025 3.8600127398349318 -0.024590709717972611 1.3774353018042571 0.58323388990007874 3.6973072886187865 0.054052691707348895
decision_type=8 10 2 2 2 10 10 2 2 10 2 2 2 10
left_child=-1 2 -2 -4 -5 6 8 -8 10 -10 12 -12 -3 -14
right_child=1 5 3 4 -6 -7 7 -9 9 -11 11 -13 13 -15
leaf_value=-0.0052395520780740652 -0.0065931105340027042 -9.8858188227965164e-05 0.0083879767580771099 0.0051249440409065709 -0.0044061744831643008 0.0051491355485469101 0.00034068361425600131 -0.0067010535647598459 -0.0068213788912923875 0.0011381714261817532 -0.0081892055206373316 0.0014598976846148326 0.0055726391080730027 -0.0049252935279365797
leaf_weight=231 202 14368 350 373 207 245 233 387 363 281 245 200 601 213
leaf_count=231 202 14368 350 373 207 245 233 387 363 281 245 200 601 213
internal_value=-0.000158304 -9.26353e-05 0.00230086 0.0042576 0.00171473 -0.000251374 -0.000331208 -0.00407317 -0.000187414 -0.00336633 -5.5374e-05 -0.00388449 5.81034e-05 0.00281234
internal_weight=18499 18268 1132 930 580 17136 16891 620 16271 644 15627 445 15182 814
internal_count=18499 18268 1132 930 580 17136 16891 620 16271 644 15627 445 15182 814
is_linear=0
shrinkage=0.03


Tree=265
num_leaves=15
num_cat=0
split_feature=1 3 3 3 9 10 9 4 12 1 12 0 4 12
split_gain=7.27875 21.4068 19.1384 17.9818 15.7823 13.0232 17.2065 18.1615 13.7005 18.503 15.7161 20.6509 20.6655 15.3277
threshold=1.7842479193030407 0.80645161290323053 0.86486486486485858 0.84000000000000197 1.1753811635740268 1.8848045053961358 0.71260246404516792 0.27828617815087692 -0.018095243562768256 1.5261299131105526 -0.065769128440165567 0.56435364192288684 0.29103603130264327 -0.0018379222325597409
decision_type=2 2 2 2 2 2 2 2 8 2 10 2 2 8
left_child=5 4 3 -3 -2 -1 7 -7 10 13 11 12 -8 -10
right_child=1 2 -4 -5 -6 6 8 -9 9 -11 -12 -13 -14 -15
leaf_value=-0.00035105454764694207 -0.0029930131434345777 0.0010516194074230939 -0.00030853041130325085 0.010037742496265883 0.0031304598363515517 0.0011549253183800506 0.008612209022312663 0.012223395172326536 0.0065048602933451627 0.0077587173213978537 -0.0031302314032947628 -0.0039980247425357935 -0.0018020388548177751 0.00046378503360490248
leaf_weight=6366 3015 436 1898 368 429 267 458 264 442 475 1166 357 270 2455
leaf_count=6366 3015 436 1898 368 429 267 458 264 442 475 1166 357 270 2455
internal_value=0.000185205 -0.000659986 0.00133754 0.00520129 -0.00222681 0.000600203 0.00158372 0.00672058 0.00109308 0.00230168 -0.000718481 0.00187579 0.00476384 0.0013951
internal_weight=18666 6146 2702 804 3444 12520 6154 531 5623 3372 2251 1085 728 2897
internal_count=18666 6146 2702 804 3444 12520 6154 531 5623 3372 2251 1085 728 2897
is_linear=0
shrinkage=0.03


Tree=266
num_leaves=15
num_cat=0
split_feature=1 5 4 6 11 1 10 2 3 1 10 9 8 11
split_gain=8.74 8.30707 22.8251 19.4865 9.87342 6.12962 25.0492 15.9844 13.6937 9.67552 6.29901 18.6338 14.777 12.3563
threshold=8.0831787243793194 1.0180376947290128 0.088771635339350854 0.0093834013765284902 -0.84539134747881095 4.114006019911054 2.002937700576588 0.624999999999995 0.76923076923076972 3.8620287353730345 2.3173454797024617 0.77025808434700249 0.0075346756119952759 2.3519497211329496
decision_type=2 2 2 8 2 2 2 2 2 2 2 2 2 2
left_child=1 2 -1 4 -4 9 7 -7 -8 10 13 12 -12 -3
right_child=-2 5 3 -5 -6 6 8 -9 -10 -11 11 -13 -14 -15
leaf_value=0.0057331792485546054 0.0050340284150054981 -0.00024906079716340902 -0.013873279894653118 0.00023249270567982834 -0.0046077044279529489 0.0089826723984759108 -0.010563116772481325 -0.0022784250046999199 -0.00061421586688861112 0.0064381428318919165 0.0014474395546872334 0.00018126801293292261 0.011081810685495535 -0.0069912949018925427
leaf_weight=208 283 11439 223 317 203 201 325 249 201 206 309 3863 265 245
leaf_count=208 283 11439 223 317 203 201 325 249 201 206 309 3863 265 245
internal_value=-0.000151452 -0.000233201 -0.00295552 -0.00540996 -0.00956267 -8.27677e-05 -0.00238598 0.00279497 -0.00680293 5.56026e-05 -2.79267e-05 0.000933753 0.00595265 -0.000393368
internal_weight=18537 18254 951 743 426 17303 976 450 526 16327 16121 4437 574 11684
internal_count=18537 18254 951 743 426 17303 976 450 526 16327 16121 4437 574 11684
is_linear=0
shrinkage=0.03


Tree=267
num_leaves=15
num_cat=0
split_feature=3 3 6 11 12 12 10 8 3 1 3 4 9 5
split_gain=15.7905 21.6864 16.3235 27.3082 21.5003 17.6471 13.9736 14.7621 13.8381 16.6698 18.1783 11.9443 18.215 16.8609
threshold=0.6818181818181891 0.66666666666666619 -0.089822721915452361 -0.89886586005610813 -0.032824897181763173 0.015278004088964849 1.5544614543161881 0.0057616085884571785 0.60267990668181726 0.98179261160196474 0.500000000000002 0.3616959489800185 0.89009660681173697 2.4592311073319286
decision_type=2 2 8 2 10 10 2 2 2 2 2 2 2 2
left_child=1 2 4 -4 -1 11 -7 -8 9 -6 -11 12 13 -5
right_child=-2 -3 3 5 8 6 7 -9 -10 10 -12 -13 -14 -15
leaf_value=-0.0041765203976138615 0.00023551022132590278 -0.0078142111692577603 0.0075590470893418093 0.0027178655171169424 -0.0054756337049111908 -0.012463770066369832 0.00065434571769502426 -0.0075796792852867506 0.0082131502496414488 0.0087956376179354253 -0.0014799811788788525 -0.0055406983372799142 0.0045110281707820832 -0.0086387082386050317
leaf_weight=473 13595 475 216 207 236 252 319 500 361 315 298 399 507 262
leaf_count=473 13595 475 216 207 236 252 319 500 361 315 298 399 507 262
internal_value=-0.000287688 -0.0017621 -0.00109226 -0.0025525 0.00121812 -0.00345902 -0.00633729 -0.00438802 0.00333544 0.00122546 0.00382875 -0.00120228 0.000590519 -0.00365052
internal_weight=18415 4820 4345 2662 1683 2446 1071 819 1210 849 613 1375 976 469
internal_count=18415 4820 4345 2662 1683 2446 1071 819 1210 849 613 1375 976 469
is_linear=0
shrinkage=0.03


Tree=268
num_leaves=15
num_cat=0
split_feature=2 4 7 10 3 6 2 12 10 2 1 4 6 6
split_gain=9.1008 14.5528 10.0749 10.1636 20.4023 11.3326 11.76 14.4649 16.1937 13.997 12.0296 16.9003 9.7697 14.802
threshold=0.17213114754098668 0.061114292535054009 1.8705494575361814 2.5883217922696988 0.59523809523810101 -0.26143236951168397 0.62500000000008693 0.043132244763292589 2.9834338198266264 0.84210526315791467 1.207212813990487 0.30745095356064706 -0.26143236951168397 -0.3342586160336577
decision_type=2 2 8 2 2 8 2 8 2 2 2 2 8 10
left_child=1 -1 3 12 -5 -6 7 8 -7 10 -8 -12 13 -2
right_child=2 -3 -4 4 5 6 9 -9 -10 -11 11 -13 -14 -15
leaf_value=0.0015622800789795571 0.0012958697998222031 -0.0068631763504750096 0.0051140486533381531 -0.0077082472978005729 0.0045857177849393336 0.00039014861022739053 -0.009305301580483108 -0.0042413973917406218 0.010622984045777809 0.0015765163201053125 0.00463877887491669 -0.0057653604838800825 0.00080996334219899106 -0.0043241149456278508
leaf_weight=332 810 406 378 394 347 380 348 263 215 436 205 422 12738 871
leaf_count=332 810 406 378 394 347 380 348 263 215 436 205 422 12738 871
internal_value=0.000165279 -0.00308786 0.000300933 0.000195109 -0.00138907 -0.000424438 -0.00119904 0.00156497 0.00414544 -0.00287937 -0.00486983 -0.0023539 0.000526177 -0.00162028
internal_weight=18545 738 17807 17429 3010 2616 2269 858 595 1411 975 627 14419 1681
internal_count=18545 738 17807 17429 3010 2616 2269 858 595 1411 975 627 14419 1681
is_linear=0
shrinkage=0.03


Tree=269
num_leaves=15
num_cat=0
split_feature=3 13 5 12 8 12 12 7 3 10 10 13 10 8
split_gain=6.36873 13.8413 15.8285 10.6205 14.8304 13.1091 13.3582 14.3118 14.2205 13.4067 17.3989 12.1672 10.5707 9.66746
threshold=0.87931034482759207 1.0000000180025095e-35 1.3915012104836044 -0.064503721625568208 -0.023658978106420616 -0.040026219258870725 -0.02596857959227233 0.32065636759051502 0.94545454545455343 1.3297254909501774 2.2123466878780005 2.5000000000000004 1.2692595651049947 -0.09429171014537617
decision_type=2 2 2 10 2 10 10 8 2 2 2 2 2 2
left_child=13 2 -2 4 -3 -5 -7 9 11 -8 -11 -9 -4 -1
right_child=1 3 12 5 -6 6 7 8 -10 10 -12 -13 -14 -15
leaf_value=0.0058069378288105279 -0.0085828098683403097 -0.0086144168954903639 0.0032327494206541075 0.00706784825289139 0.00073946877281821943 -0.0063240680495897927 -0.0031962484061843206 0.0054433411879553683 -0.0058443725831580882 0.0076346394247233081 -2.7205221304277175e-05 -0.0037446736851159262 -0.0021859331342338833 0.00032646288520026077
leaf_weight=292 307 244 371 319 392 220 233 310 391 682 436 216 2357 11807
leaf_count=292 307 244 371 319 392 220 233 310 391 682 436 216 2357 11807
internal_value=5.46761e-05 -0.000704126 -0.00217944 0.000597636 -0.00288833 0.0013912 0.000650656 0.00133964 -0.00154804 0.00329815 0.00465984 0.00167058 -0.00144444 0.000461074
internal_weight=18577 6478 3035 3443 636 2807 2488 2268 917 1351 1118 526 2728 12099
internal_count=18577 6478 3035 3443 636 2807 2488 2268 917 1351 1118 526 2728 12099
is_linear=0
shrinkage=0.03


Tree=270
num_leaves=15
num_cat=0
split_feature=8 13 4 11 8 8 4 5 11 13 0 3 3 10
split_gain=9.80383 8.54222 9.56945 14.7838 16.2436 15.285 13.5749 11.4318 17.0407 18.6426 9.89414 9.44057 15.5109 8.01494
threshold=0.098751515024490824 10.500000000000002 0.86098472499584944 2.2219828143020828 -0.03930814548274647 0.035938605723869026 0.66255850684778583 1.9666319316357146 0.33983180996705425 1.5000000000000002 0.72059562077286687 0.8749999999999728 0.77272727272728237 1.8734974307094012
decision_type=2 2 2 2 2 2 2 2 2 2 2 2 2 2
left_child=1 2 6 4 -4 11 10 -8 -9 -10 -1 12 -6 -13
right_child=-2 -3 3 -5 5 -7 7 8 9 -11 -12 13 -14 -15
leaf_value=0.00022396705152943222 -0.0041736550981966922 -0.0054802914743223002 0.0074711313102509558 0.009291245420989783 -0.0047122775712473827 0.0051146932894688682 -0.0082094958037137976 0.0043825354903646108 -0.0078818026598769988 0.0019674456094788918 -0.0054300998634016009 -0.0014597801449822215 0.0060647307702352384 -0.0098843947187136696
leaf_weight=14508 515 247 286 225 248 322 295 303 438 281 279 200 224 206
leaf_count=14508 515 247 286 225 248 322 295 303 438 281 279 200 224 206
internal_value=-0.000112457 4.4623e-06 8.20232e-05 0.00221174 0.00111225 -0.000428 -0.000144869 -0.00305747 -0.00153761 -0.00404551 0.000115487 -0.00247819 0.000412195 -0.00580258
internal_weight=18577 18062 17815 1711 1486 1200 16104 1317 1022 719 14787 878 472 406
internal_count=18577 18062 17815 1711 1486 1200 16104 1317 1022 719 14787 878 472 406
is_linear=0
shrinkage=0.03


Tree=271
num_leaves=15
num_cat=0
split_feature=9 12 8 8 13 10 10 6 12 12 10 6 12 1
split_gain=8.0554 7.54217 9.01477 25.3931 25.1381 18.278 15.4406 12.4597 11.6595 13.4283 21.2387 17.2377 10.4121 13.3315
threshold=1.529155944367502 0.27770118517903641 0.048321996614149536 0.057462610376647107 3.5000000000000004 1.6303802416658064 2.3955273911005119 -0.035173091024058016 0.18159032394147581 0.12806391645660051 1.7968534795579707 -0.42196190509408821 0.10553615442990823 1.5152327890640047
decision_type=2 8 2 2 2 2 2 8 10 10 2 8 10 2
left_child=1 2 8 -4 5 -5 -7 -8 9 11 -11 -1 -13 -14
right_child=-2 -3 3 4 -6 6 7 -9 -10 10 -12 12 13 -15
leaf_value=0.0069423865175275044 0.0057164453127402214 0.0044518543186563035 -0.0066926714935416146 0.003247190281708058 0.0083737910156900224 -0.0059329210194242988 0.0055682647519140127 -0.0036689518782583512 -0.0051086285045958135 0.010953738496879513 -0.00041305776885045426 6.2006498209096037e-05 -0.0091857515317035378 0.0010883428078692105
leaf_weight=316 213 319 692 544 270 780 246 271 369 262 331 13434 246 206
leaf_count=316 213 319 692 544 270 780 246 271 369 262 331 13434 246 206
internal_value=-1.63199e-05 -8.4641e-05 -0.000166402 -0.00172779 -8.82983e-05 -0.00134866 -0.00328137 0.000737555 0.000122688 0.000254844 0.00465863 6.93903e-05 -8.94592e-05 -0.00454263
internal_weight=18499 18286 17967 2803 2111 1841 1297 517 15164 14795 593 14202 13886 452
internal_count=18499 18286 17967 2803 2111 1841 1297 517 15164 14795 593 14202 13886 452
is_linear=0
shrinkage=0.03


Tree=272
num_leaves=15
num_cat=0
split_feature=3 2 6 5 9 3 0 2 10 5 0 6 12 10
split_gain=6.88574 21.6305 14.5805 13.2202 17.3338 22.2993 21.2508 18.461 16.5483 14.8943 11.8245 11.0417 18.9677 11.6495
threshold=0.87931034482759207 0.60196589866204542 -0.091941360972982819 2.5752602134035762 1.014939285297501 0.94717236102627222 0.55807426702237284 0.91836734693880906 1.5544614543161881 1.781745541553774 0.54797517351991354 0.11771286631645229 -0.035501220344807176 1.3998888139742982
decision_type=2 2 8 2 2 2 2 2 2 2 2 8 10 2
left_child=-1 2 -2 4 5 8 -6 9 -3 -7 -10 13 -13 -5
right_child=1 3 -4 11 6 7 -8 -9 10 -11 -12 12 -14 -15
leaf_value=0.00041466797017171967 -0.0084641522774183599 -0.0050185906932554173 -0.0017090796705692985 0.0029643831372556119 -0.0099721301832924724 0.0038625740740034311 0.0030918813374909487 0.00055134773254394531 0.0084539550216230636 0.013401677921928208 -0.00040942819275397775 -0.0049348713729817136 0.0043955667500495902 -0.0034039959951361423
leaf_weight=12024 478 388 719 298 225 265 215 336 214 343 354 281 620 1792
leaf_count=12024 478 388 719 298 225 265 215 336 214 343 354 281 620 1792
internal_value=-1.11547e-05 -0.000795199 -0.00443058 2.44605e-05 0.00171149 0.00295371 -0.00362556 0.00621147 -0.000278746 0.00930943 0.00297457 -0.00129603 0.00147445 -0.00249106
internal_weight=18552 6528 1197 5331 2340 1900 440 944 956 608 568 2991 901 2090
internal_count=18552 6528 1197 5331 2340 1900 440 944 956 608 568 2991 901 2090
is_linear=0
shrinkage=0.03


Tree=273
num_leaves=15
num_cat=0
split_feature=7 8 8 2 3 11 0 12 4 5 3 11 11 6
split_gain=6.27371 18.1509 13.6786 22.5087 13.4186 12.4953 19.4153 27.4096 25.329 17.7977 26.444 19.6463 15.0516 15.6083
threshold=0.62408758639814477 -0.090684589170066429 0.062687087367435071 0.66666666666668628 0.91666666666660845 0.24316176941330489 0.60879998395505419 0.057052397300256581 0.72798856608797158 3.441266867145909 0.97999999999999787 0.328305881497376 1.3593169216069656 -0.075526055127484545
decision_type=8 2 2 2 2 2 2 10 2 2 2 2 2 10
left_child=2 -2 5 -4 -5 6 8 -8 -1 10 11 -7 13 -11
right_child=1 -3 3 4 -6 9 7 -9 -10 12 -12 -13 -14 -15
leaf_value=0.0026139703548005806 0.0092528179410385752 0.00050232392858992505 0.0099599273834491565 -0.0042214631193594346 0.0047600443217465102 -0.012733701523128561 -0.0053193822209556983 0.006487678703409514 -0.0052660533469346881 -9.3750688168456995e-05 0.0038563389265889405 -0.0032255226631146146 -0.0013733402195993301 0.01077383050854717
leaf_weight=2830 214 8305 289 328 267 206 891 216 417 231 452 2837 718 240
leaf_count=2830 214 8305 289 328 267 206 891 216 417 231 452 2837 718 240
internal_value=0.000130487 0.000727438 -0.000382161 0.00316896 -0.000185025 -0.000731054 0.000425772 -0.00299675 0.00159543 -0.00180569 -0.00288326 -0.00388902 0.00136058 0.00549887
internal_weight=18441 8519 9922 884 595 9038 4354 1107 3247 4684 3495 3043 1189 471
internal_count=18441 8519 9922 884 595 9038 4354 1107 3247 4684 3495 3043 1189 471
is_linear=0
shrinkage=0.03


Tree=274
num_leaves=15
num_cat=0
split_feature=2 13 3 8 13 11 11 7 3 12 12 11 2 10
split_gain=9.86012 6.60895 18.0965 11.4096 9.75243 14.4904 13.9329 11.2144 10.7644 15.8187 26.0361 20.998 20.9973 19.1649
threshold=0.062828947368426105 6.5000000000000009 0.73225728375231547 0.0075346756119952759 1.5000000000000002 2.0505864097985413 2.1671103985294038 2.1567014316294326 0.98958333333332194 0.0072878998049135122 0.067560943253690844 1.333638120851701 0.83333333333333381 1.84002891588372
decision_type=2 2 2 2 2 2 2 8 2 10 10 2 2 2
left_child=-1 4 -3 -4 5 7 -7 -2 9 -6 11 12 -11 -12
right_child=1 2 3 -5 8 6 -8 -9 -10 10 13 -13 -14 -15
leaf_value=-0.0058020646412541548 -0.0006926376364447545 -0.0093888019500261641 -0.0027260321437951045 0.0060792174410906809 0.0027601893681963659 0.009135228987716933 0.0012795659089852441 0.0053066983985869832 0.0065652545490675219 -0.0073633010067804773 0.007957691674760306 0.0031503765685537647 0.0033425802443085646 -0.0005902893165846485
leaf_weight=249 10711 236 366 201 2338 248 1044 283 332 871 410 341 200 546
leaf_count=249 10711 236 366 201 2338 248 1044 283 332 871 410 341 200 546
internal_value=6.77793e-05 0.000149988 -0.00250215 0.00042126 0.000273606 -0.000182288 0.00281687 -0.000535865 0.00138446 0.00101238 -0.000715466 -0.00329922 -0.00535783 0.00309802
internal_weight=18376 18127 803 567 17324 12286 1292 10994 5038 4706 2368 1412 1071 956
internal_count=18376 18127 803 567 17324 12286 1292 10994 5038 4706 2368 1412 1071 956
is_linear=0
shrinkage=0.03


Tree=275
num_leaves=15
num_cat=0
split_feature=12 6 6 5 9 3 0 6 0 0 5 7 7 9
split_gain=10.5292 20.3058 27.8239 23.532 18.0018 18.9963 15.851 13.5595 11.7925 11.5769 24.9419 14.8621 12.0636 11.3216
threshold=-0.070851822445293908 -0.14534059302289773 0.2229110918898978 2.4696448585013253 0.8550486146422317 0.9130434782608714 0.57323679053511134 0.11048207317058202 0.54548710577024939 0.64433740207683099 3.521952632104647 -0.037368512928299617 3.1652975285044667 0.93975843937149894
decision_type=10 8 10 2 2 2 2 8 2 2 2 8 8 2
left_child=1 3 4 -1 6 7 -3 -6 -5 12 11 -11 -2 -4
right_child=9 2 13 8 5 -7 -8 -9 -10 10 -12 -13 -14 -15
leaf_value=0.0034560233960651979 0.00025600414092240064 0.0059813848129622845 -0.004369964389914301 -0.002106631364869444 0.0020579523766334627 -0.0042805724642279476 0.016426330022513865 0.011365264888020392 -0.01155148892124672 -0.0095067892901532277 0.00674283566811171 -0.0022701655932639148 -0.0069060466830120531 0.0030022856317449107
leaf_weight=381 13642 357 437 261 350 228 211 234 218 328 223 1119 210 321
leaf_count=381 13642 357 437 261 350 228 211 234 218 328 223 1119 210 321
internal_value=0.000174714 0.00180078 0.00336447 -0.00208361 0.00589375 0.00299816 0.00997094 0.00585207 -0.00648005 -0.000139832 -0.00249556 -0.00393762 0.000144973 -0.00124873
internal_weight=18520 2998 2138 860 1380 812 568 584 479 15522 1670 1447 13852 758
internal_count=18520 2998 2138 860 1380 812 568 584 479 15522 1670 1447 13852 758
is_linear=0
shrinkage=0.03


Tree=276
num_leaves=15
num_cat=0
split_feature=12 4 6 6 6 4 3 4 9 9 9 2 12 9
split_gain=8.64568 24.9286 18.199 16.9288 15.2646 14.6525 18.0528 16.2232 14.494 17.0203 14.1729 13.9107 16.7951 13.5478
threshold=0.013823882546868007 0.26405459103384649 -0.27137315861490047 0.19114035593295489 0.56406724750314985 0.051041264652829363 0.96998498498499497 0.077189263162789151 0.70489416599041799 0.78431311061011832 0.81341383812317714 0.37659145850120751 0.061661007215526704 1.1278711872282372
decision_type=10 2 10 10 10 2 2 2 2 2 2 2 10 2
left_child=-1 3 -3 5 -5 11 7 -7 -4 -10 -11 -2 -13 -9
right_child=1 2 8 4 -6 6 -8 13 9 10 -12 12 -14 -15
leaf_value=0.00046312356721711157 0.0080419696780903195 -0.004066516499134522 0.0067783709648682406 -0.0090768895536661141 0.00051500797561071445 -0.010304826633906678 0.005287936242643447 -0.003544136196111903 -0.0041861179048575245 0.0090236515773309232 0.0011205328784468622 -0.0060345136365435245 0.0054946104871127213 0.0045211510981974911
leaf_weight=10565 236 613 410 570 201 280 221 1539 510 217 2584 249 201 209
leaf_count=10565 236 613 410 570 201 280 221 1539 510 217 2584 249 201 209
internal_value=-0.000100952 -0.000842005 0.000702553 -0.00264681 -0.00658907 -0.00160176 -0.00277126 -0.00366035 0.00149262 0.000828848 0.00174779 0.00222466 -0.000881048 -0.00256966
internal_weight=18605 8040 4334 3706 771 2935 2249 2028 3721 3311 2801 686 450 1748
internal_count=18605 8040 4334 3706 771 2935 2249 2028 3721 3311 2801 686 450 1748
is_linear=0
shrinkage=0.03


Tree=277
num_leaves=15
num_cat=0
split_feature=0 9 7 8 12 9 13 9 12 10 1 9 6 8
split_gain=12.0978 16.1892 6.74747 12.9704 6.4873 17.3953 14.2068 17.6109 21.696 19.7493 13.9473 21.4542 23.3931 16.5124
threshold=0.70538587023107413 0.84017874848976393 2.0849758261627014 -0.015130388945480395 0.013823882546868007 0.61430999677751708 1.5000000000000002 1.0767874766459744 0.0020807420814077386 2.2123466878780005 3.0176687011487231 1.1382956764811389 -0.057037889079158459 0.017074677307409546
decision_type=2 2 8 2 10 2 2 2 8 2 2 2 8 2
left_child=2 -2 4 -4 5 -1 -7 8 -8 -9 11 13 -13 -6
right_child=1 -3 3 -5 10 6 7 9 -10 -11 -12 12 -14 -15
leaf_value=0.0083759767506271596 -0.010559841384531551 0.00021947219799783892 -0.0083695255708880721 -0.00011963028043056979 0.00044798343582320088 -0.00058250869564777249 0.0018492255765537604 -0.0084779439995342747 0.0098719155800943599 0.0025830680520530554 -0.0038655945974983585 0.010758087876949119 -0.00037682931034548859 -0.0028837765610172914
leaf_weight=235 236 261 259 490 3469 6551 2047 277 352 296 1113 312 365 2174
leaf_count=235 236 261 259 490 3469 6551 2047 277 352 296 1113 312 365 2174
internal_value=-0.000359869 -0.00495327 -0.000231271 -0.00300898 -0.000109408 0.000399151 0.000198014 0.00191656 0.00304446 -0.00279114 -0.000776862 -0.000230287 0.00479602 -0.000837014
internal_weight=18437 497 17940 749 17191 9758 9523 2972 2399 573 7433 6320 677 5643
internal_count=18437 497 17940 749 17191 9758 9523 2972 2399 573 7433 6320 677 5643
is_linear=0
shrinkage=0.03


Tree=278
num_leaves=15
num_cat=0
split_feature=10 13 5 5 9 13 5 6 12 11 6 9 11 12
split_gain=8.06423 18.4029 14.9324 25.9196 14.4696 14.2599 12.0036 15.9431 13.6705 19.1982 20.2929 19.9785 25.433 18.2947
threshold=2.4152131349104451 8.5000000000000018 1.3019823756613402 2.1903699664555543 0.80558902154996337 1.0000000180025095e-35 1.2115440949545471 0.14034415025293304 0.085501828995496423 0.54731973413882107 0.078912440372831974 0.94569733737406891 -0.15577401597404775 0.071234926881642527
decision_type=2 2 2 2 2 2 2 10 8 2 8 2 2 10
left_child=1 6 -2 -4 5 -5 7 -1 13 11 -11 12 -10 -8
right_child=2 -3 3 4 -6 -7 8 -9 9 10 -12 -13 -14 -15
leaf_value=-0.0060263779066046892 0.0063641127175595386 0.0071694814594631846 -0.0058150193626484411 0.00082252243496477601 0.00045009902013398836 0.010073999226675748 -0.00028670777575837798 0.0032200162214775607 -0.007818059609805951 -0.0097129977196348978 -0.00095198833668718537 0.0075702291704624518 0.0035077687918627499 0.0055767977229167383
leaf_weight=730 410 270 523 295 3001 302 10407 214 361 522 436 244 344 497
leaf_count=730 410 270 523 295 3001 302 10407 214 361 522 436 244 344 497
internal_value=-0.000159786 -0.000515255 0.00093987 0.000393151 0.00130238 0.0055473 -0.000668651 -0.00392435 -0.000427313 -0.00276715 -0.00575138 0.000259736 -0.00230591 -1.7018e-05
internal_weight=18556 14025 4531 4121 3598 597 13755 944 12811 1907 958 949 705 10904
internal_count=18556 14025 4531 4121 3598 597 13755 944 12811 1907 958 949 705 10904
is_linear=0
shrinkage=0.03


Tree=279
num_leaves=15
num_cat=0
split_feature=6 12 8 10 6 12 3 10 4 5 10 0 6 6
split_gain=8.34336 7.20321 6.45922 15.5922 19.5071 14.8243 23.9197 18.7603 16.8758 13.1343 18.0617 12.0008 17.0238 18.0823
threshold=0.95614847727936159 0.2001807188952566 0.019463830580628876 0.99749188393618715 -0.13183171515374034 0.076386531854921794 0.89999999999999203 2.4052039800121254 0.36902126586229528 1.3915012104836044 1.158980132141415 0.64645869459707939 -0.18183722001893746 -0.10027362688210821
decision_type=10 10 2 2 10 8 2 2 2 2 2 2 8 10
left_child=1 2 3 4 -1 9 7 8 -7 -4 -11 -5 -13 -14
right_child=-2 -3 5 11 -6 6 -8 -9 -10 10 -12 12 13 -15
leaf_value=0.0027223150046860297 0.0046553250530071682 -0.0038546534315628167 -0.0070998669554996202 0.0010583330078739433 -0.0091659765033982685 -0.007364161098923753 0.0097882941254114706 0.0071732846978637905 0.0035527521039291124 0.0055716253775806926 -0.0014974948388773849 0.0046368976046475404 -0.011999565884470939 -0.0016927386776140307
leaf_weight=200 349 420 332 10110 315 335 290 211 200 347 4298 234 207 560
leaf_count=200 349 420 332 10110 315 335 290 211 200 347 4298 234 207 560
internal_value=9.41717e-05 4.76076e-06 9.77231e-05 0.000510525 -0.00456738 -0.000700181 0.00255665 -0.000301027 -0.00328796 -0.00138 -0.00096398 0.000747837 -0.00237782 -0.00453407
internal_weight=18408 18059 17639 11626 515 6013 1036 746 535 4977 4645 11111 1001 767
internal_count=18408 18059 17639 11626 515 6013 1036 746 535 4977 4645 11111 1001 767
is_linear=0
shrinkage=0.03


Tree=280
num_leaves=15
num_cat=0
split_feature=9 0 1 1 4 6 6 11 10 2 12 0 9 0
split_gain=7.7729 20.8127 16.6906 24.9442 17.1435 21.4353 34.8036 24.0389 13.7589 19.2868 14.8851 12.1236 28.9988 22.6868
threshold=0.76650046814050488 0.48013920201482968 1.3517900827317904 0.91432229054892344 0.17134413397502266 0.045364763558259032 -0.085785054177562867 0.11886890817570149 1.1932829895083703 0.77777777777779278 0.0036293654782810218 0.44872045343751005 1.0206362262918316 0.42688194019778453
decision_type=2 2 2 2 2 10 10 2 2 2 8 2 2 2
left_child=1 -1 3 8 -4 6 7 -6 -3 10 -10 12 13 -2
right_child=11 2 4 -5 5 -7 -8 -9 9 -11 -12 -13 -14 -15
leaf_value=-0.0072986125033728932 0.0021544133552483147 -0.0081441285454708599 -0.0085103925809605751 0.0052190281147989322 0.0050465554082897348 -0.0061668086537777465 0.010238941801737431 -0.0080812233502002805 0.0020154135179069666 0.0080902350867546879 -0.0076183355052279649 0.00013410051733985854 -0.0055246519588611339 0.013813059781062996
leaf_weight=436 352 225 344 876 208 452 287 302 298 201 272 13793 215 260
leaf_count=436 352 225 344 876 208 452 287 302 298 201 272 13793 215 260
internal_value=2.87693e-05 -0.00116014 -0.000378332 0.00154065 -0.00263117 -0.000984434 0.00197475 -0.00273013 -0.00170447 0.00021518 -0.00260802 0.000346289 0.00386318 0.00717923
internal_weight=18521 3901 3465 1872 1593 1249 797 510 996 771 570 14620 827 612
internal_count=18521 3901 3465 1872 1593 1249 797 510 996 771 570 14620 827 612
is_linear=0
shrinkage=0.03


Tree=281
num_leaves=15
num_cat=0
split_feature=11 9 1 2 0 0 9 6 0 6 6 9 5 7
split_gain=8.43331 10.3839 7.31053 12.1914 10.8932 10.7816 6.94012 27.9632 14.4329 10.7526 20.6024 19.1734 14.796 13.4607
threshold=-1.9541168962442785 0.8482577832722159 4.6358004252093039 0.42929723125634628 0.54316810221382339 0.59033804762123432 1.1382956764811389 -0.079544027569168882 0.50908376182372594 -0.02700999497554479 -0.035173091024058016 1.0839877238799431 3.8479324253877158 0.24602871801008863
decision_type=2 2 2 2 2 2 2 8 2 10 10 2 2 8
left_child=1 -1 6 -4 -5 -6 9 -8 -9 10 11 12 13 -2
right_child=2 -3 3 4 5 -7 7 8 -10 -11 -12 -13 -14 -15
leaf_value=-0.0081757236362957376 -0.0016919615424070516 -0.00014466055903021848 0.0040873943423279206 -0.0089331877575365495 0.0025850116758586931 -0.0062927074896703874 0.0064537555466963378 0.0051719243415851096 -0.002786289138491339 0.00097571071479747931 -0.0094634083818112089 -0.0065142732976955159 -0.0066325658498452688 0.0011039336166624811
leaf_weight=241 2234 353 203 267 269 219 762 262 881 6895 226 428 288 5030
leaf_count=241 2234 353 203 267 269 219 762 262 881 6895 226 428 288 5030
internal_value=5.76783e-05 -0.0034441 0.000174395 -0.00236856 -0.00411987 -0.00142246 0.000318301 0.00202214 -0.000947516 0.000102763 -0.000630869 -0.000374955 -2.29374e-05 0.0002435
internal_weight=18558 594 17964 958 755 488 17006 1905 1143 15101 8206 7980 7552 7264
internal_count=18558 594 17964 958 755 488 17006 1905 1143 15101 8206 7980 7552 7264
is_linear=0
shrinkage=0.03


Tree=282
num_leaves=15
num_cat=0
split_feature=4 8 8 7 8 8 4 8 9 4 6 4 6 6
split_gain=8.00536 14.0646 16.0694 21.9193 11.8628 10.8114 10.0691 8.77798 9.69196 8.62788 18.7897 14.6913 10.2489 15.0061
threshold=0.075565941981407647 -0.015646551763136726 0.014718715445712594 1.3394112667683851 0.02537616328978835 0.035328708405256738 0.02333425388401492 -0.041493552942051183 0.89658862084329949 0.12322541892454447 0.22799980514155663 0.11329812936381674 -0.0021432163282606993 -0.088166604084195951
decision_type=2 2 2 8 2 2 2 2 2 2 8 2 10 10
left_child=1 7 3 -3 -4 -6 -7 8 -1 10 11 12 13 -2
right_child=9 2 4 -5 5 6 -8 -9 -10 -11 -12 -13 -14 -15
leaf_value=0.0017558139506901535 0.0026815118387920694 0.00021046751434240473 -0.0081434434054233132 0.011538636393702487 0.0051644194535386389 0.0029043944417566493 -0.0050887000863440333 -0.007116682321072639 -0.0061377246354717809 -0.00018361485301033895 -0.0040529694532694879 0.009496176205700058 0.0062362949475961715 -0.0064920399427813077
leaf_weight=316 561 582 245 204 208 202 451 524 244 13836 360 294 349 219
leaf_count=316 561 582 245 204 208 202 451 524 244 13836 360 294 349 219
internal_value=-0.000202128 -0.00162676 -6.32355e-05 0.00320496 -0.00238981 -0.00071503 -0.00261282 -0.00434289 -0.00170739 6.97502e-05 0.00203087 0.0035788 0.00200279 8.09156e-05
internal_weight=18595 2976 1892 786 1106 861 653 1084 560 15619 1783 1423 1129 780
internal_count=18595 2976 1892 786 1106 861 653 1084 560 15619 1783 1423 1129 780
is_linear=0
shrinkage=0.03


Tree=283
num_leaves=15
num_cat=0
split_feature=12 0 12 5 11 7 3 8 3 3 11 1 12 7
split_gain=6.8752 4.50054 18.9436 14.724 19.7174 27.1745 17.9915 29.2671 22.6115 21.8184 9.47801 5.9582 12.9439 11.6565
threshold=-0.22871402920319531 0.49057310781624458 -0.10742028613221032 1.6102769485137014 -0.15577401597404775 0.21106964120096622 0.6666666666666986 -0.03454678156334897 0.88888888888889717 0.5458441463503777 1.2932731715845101 0.49098282270872201 0.02355088496196384 -0.49987436041427724
decision_type=8 2 8 2 2 8 2 2 2 2 2 2 10 10
left_child=-1 2 -2 -4 -5 -6 9 -8 10 -7 -9 12 -3 -13
right_child=1 11 3 4 5 6 7 8 -10 -11 -12 13 -14 -15
leaf_value=-0.0045464710757841132 0.0093363347859718848 -6.4433523549553603e-05 -0.0050445781148832514 0.007441761349115123 -0.0082183618359267709 0.0031782994919607567 -0.0047703354658032082 0.0072160035582280067 0.014635095158822773 -0.0084399356716393596 -0.0010582698203147726 0.0061725931413831765 -0.0090788691384451736 -0.00013035351990567143
leaf_weight=291 229 452 374 389 295 291 246 264 237 282 230 264 205 14409
leaf_count=291 229 452 374 389 295 291 246 264 237 282 230 264 205 14409
internal_value=-1.11376e-05 6.27406e-05 0.00115926 0.000424767 0.00134963 4.85173e-05 0.00164326 0.00411074 0.00711156 -0.00256312 0.00339161 -0.000140495 -0.00292448 -1.48854e-05
internal_weight=18458 18167 2837 2608 2234 1845 1550 977 731 573 494 15330 657 14673
internal_count=18458 18167 2837 2608 2234 1845 1550 977 731 573 494 15330 657 14673
is_linear=0
shrinkage=0.03


Tree=284
num_leaves=15
num_cat=0
split_feature=8 10 10 8 10 9 0 8 8 0 0 2 7 9
split_gain=8.19682 16.1187 14.8329 15.3833 13.8358 12.3822 11.8186 14.6419 16.0701 20.345 22.5895 15.2268 32.1004 12.41
threshold=0.028688790403759368 1.1090415610350717 1.4802362229092074 0.033179473432918376 0.95897187445478105 0.83678374632007535 0.4649403990754129 0.048321996614149536 0.0584414809901826 0.52194023430224956 0.5461646919658395 0.69250740061435478 0.77548026881496956 1.0514083982280915
decision_type=2 2 2 2 2 2 2 2 2 2 2 2 8 2
left_child=4 -2 -3 -4 5 -1 -5 13 -9 -10 -11 12 -12 -8
right_child=1 2 3 6 -6 -7 7 8 9 10 11 -13 -14 -15
leaf_value=-0.0094850320096422983 0.0054853583733077901 -0.0054331256352114412 -0.0061952815462304467 -0.0061514485571333155 0.00040090176753482536 0.00025872935341695512 0.0048540549217838489 -0.0053424088938933438 0.0079231587306906777 -0.010082893313154718 0.011525458950561462 -0.0036323141775070527 -0.0022595883381198827 -0.0023488001124612216
leaf_weight=241 300 768 432 274 13019 224 844 596 265 207 262 432 350 285
leaf_count=241 300 768 432 274 13019 224 844 596 265 207 262 432 350 285
internal_value=-0.00016669 -0.00120154 -0.00163236 -0.000886877 0.000218495 -0.00483844 -0.000226591 0.000283011 -0.00119097 0.000453321 -0.00115426 0.000655693 0.00368743 0.00303346
internal_weight=18499 5015 4715 3947 13484 465 3515 3241 2112 1516 1251 1044 612 1129
internal_count=18499 5015 4715 3947 13484 465 3515 3241 2112 1516 1251 1044 612 1129
is_linear=0
shrinkage=0.03


Tree=285
num_leaves=15
num_cat=0
split_feature=12 12 6 5 9 7 7 5 5 11 11 4 11 5
split_gain=6.01035 13.389 12.4055 11.6135 9.49452 6.57504 16.9668 20.2423 20.4936 19.7657 18.3236 31.4686 16.7774 15.6952
threshold=-0.17694243278533769 -0.12425488551840495 0.17165642539606266 2.702728678181058 0.86756643477791695 0.60110605581101684 0.37676501098657372 1.95530372813092 2.5954834980882118 0.2175868212838884 2.0505864097985413 0.59834996723521239 0.8068853550948708 2.702728678181058
decision_type=8 8 8 2 2 8 10 2 2 2 2 2 2 2
left_child=3 2 4 -1 -2 6 7 9 -9 -3 11 12 -8 -10
right_child=1 5 -4 -5 -6 -7 10 8 13 -11 -12 -13 -14 -15
leaf_value=0.0011108296823958621 0.0060650754585498713 -0.0011576599413727193 0.010210117717269318 -0.0073234162896230652 -0.0028653632380999622 0.00064837903181379881 0.00058887211093986184 0.0040919819649000268 -0.0066106107118121806 -0.010204076725861121 0.0055909936273454038 -0.009673515908256337 -0.0055360750761346434 0.00056986158960036415
leaf_weight=308 200 1311 216 274 220 8295 1208 1552 296 256 221 541 598 3046
leaf_count=308 200 1311 216 274 220 8295 1208 1552 296 256 221 541 598 3046
internal_value=9.87907e-05 0.000196372 0.00445409 -0.00288849 0.00140855 3.88219e-05 -0.000521231 0.000298999 0.00124925 -0.00266332 -0.00258147 -0.00336126 -0.0014489 -7.50362e-05
internal_weight=18542 17960 636 582 420 17324 9029 6461 4894 1567 2568 2347 1806 3342
internal_count=18542 17960 636 582 420 17324 9029 6461 4894 1567 2568 2347 1806 3342
is_linear=0
shrinkage=0.03


Tree=286
num_leaves=15
num_cat=0
split_feature=2 7 12 11 12 11 8 2 7 8 6 4 6 8
split_gain=8.34675 9.81086 24.0094 27.5385 19.8653 17.1594 19.9574 16.3212 13.3833 13.3064 11.7683 11.043 15.0301 8.5028
threshold=0.46072923551443656 1.3394112667683851 -0.0012156703381702714 0.8068853550948708 0.070086278188898024 0.8068853550948708 -0.0027520680063364577 0.24179716173233451 0.69726470033873278 -0.010972681482306583 -0.020181829374936063 0.17830725419953669 -0.09383873569189731 0.066476465311644264
decision_type=2 8 8 2 10 2 2 2 10 2 8 2 10 2
left_child=1 2 3 9 5 -3 -7 -8 -4 -1 -6 -10 -13 -2
right_child=13 4 8 -5 10 6 7 -9 11 -11 -12 12 -14 -15
leaf_value=0.00035127609968185427 0.00033491276957039713 -0.0041593685610643999 0.00096896211408879134 -0.0043102109582592221 0.011426897663893043 0.0070695693607422776 -0.0062044555437327786 0.0034596394925715517 -0.010567535818422669 0.0095150907955779008 0.0014133931776242595 0.0024008054344392404 -0.0082335502984597509 0.0030101840323281327
leaf_weight=262 12909 803 237 488 202 381 325 296 419 309 219 200 286 1161
leaf_count=262 12909 803 237 488 202 381 325 296 419 309 219 200 286 1161
internal_value=0.000199196 -0.00093624 -0.00235419 0.000899056 0.000467922 -0.000904992 0.00171076 -0.00160722 -0.00536176 0.00534988 0.0062957 -0.00701586 -0.00387739 0.000556656
internal_weight=18497 4427 2201 1059 2226 1805 1002 621 1142 571 421 905 486 14070
internal_count=18497 4427 2201 1059 2226 1805 1002 621 1142 571 421 905 486 14070
is_linear=0
shrinkage=0.03


Tree=287
num_leaves=15
num_cat=0
split_feature=1 7 13 4 1 2 10 7 2 7 8 11 12 8
split_gain=7.13482 7.00304 11.4465 7.29375 6.30221 13.2006 14.1281 9.44471 17.401 30.7375 16.1835 18.298 14.483 24.0576
threshold=9.3102751128080925 -0.49987436041427724 1.0000000180025095e-35 0.0054780608403613377 4.114006019911054 0.75000000000002465 2.0298099468024255 0.88274148671321184 0.44988443003107675 1.2966051906759974 -0.030877643004005393 0.74123569895707531 -0.0087646560816360668 -0.011385874700042259
decision_type=2 10 2 2 2 2 2 10 2 10 2 2 8 2
left_child=1 2 -1 -3 7 6 -6 -5 10 12 11 -9 13 -10
right_child=-2 3 -4 4 5 -7 -8 8 9 -11 -12 -13 -14 -15
leaf_value=-0.00074901887272810273 0.0050669529851406518 -0.0059728760496851364 0.0078214464003160122 -0.00062771950060809751 -4.6621733104232056e-06 0.002833372022844477 -0.0081068574548541997 -0.0093499046559732315 0.0093420305113656819 -0.0068847087159414179 0.00080734850632550176 0.00076100348106142388 0.0077566538436244148 -0.00356378262747178
leaf_weight=321 221 204 243 11979 343 294 440 336 206 215 2262 304 806 334
leaf_count=321 221 204 243 11979 343 294 440 336 206 215 2262 304 806 334
internal_value=-0.000230978 -0.000296372 0.00297986 -0.000401442 -0.00033488 -0.00255268 -0.00458017 -0.000188876 0.000988395 0.00353707 -0.000386277 -0.00457855 0.00522109 0.00140008
internal_weight=18508 18287 564 17723 17519 1077 783 16442 4463 1561 2902 640 1346 540
internal_count=18508 18287 564 17723 17519 1077 783 16442 4463 1561 2902 640 1346 540
is_linear=0
shrinkage=0.03


Tree=288
num_leaves=15
num_cat=0
split_feature=6 10 7 9 9 5 1 10 12 6 4 1 11 7
split_gain=9.82082 16.6829 13.2611 17.7835 24.4825 23.2547 18.2318 16.3202 28.3295 23.531 15.3226 11.6861 9.89725 12.8394
threshold=0.2229110918898978 2.8713645382765214 -0.074454182980555964 0.76841982803600251 0.79872439614521229 1.9414505190331393 2.0270448702756512 2.4419136023932779 -0.033600884928485279 0.54325867950145013 0.27560549444092014 1.2249651872142151 1.5458801851012007 1.8300902528139618
decision_type=8 2 8 2 2 2 2 2 8 10 2 2 2 10
left_child=12 2 -2 6 -5 -6 10 8 11 -10 -4 -7 13 -1
right_child=1 -3 3 4 5 7 -8 -9 9 -11 -12 -13 -14 -15
leaf_value=0.00073193982806560168 -0.0058764180093402825 -0.007351738724544395 -0.0051154159161227722 0.011073689173001831 0.0069415138428335754 -0.0031065144211223179 -0.011281223663757013 0.0046365033945847825 -0.0021225271666311676 0.0090377009207648889 0.0050637166096573387 -0.012590271077299518 -0.00099456190815075266 0.005628228066101049
leaf_weight=11139 367 350 319 209 397 215 210 356 701 219 221 263 2971 499
leaf_count=11139 367 350 319 209 397 215 210 356 701 219 221 263 2971 499
internal_value=0.000195301 -0.00115658 -0.000523301 0.00011682 0.00139634 0.000432552 -0.003892 -0.00105623 -0.00251724 0.000568585 -0.000941275 -0.00840088 0.000549716 0.000944204
internal_weight=18436 3827 3477 3110 2360 2151 750 1754 1398 920 540 478 14609 11638
internal_count=18436 3827 3477 3110 2360 2151 750 1754 1398 920 540 478 14609 11638
is_linear=0
shrinkage=0.03


Tree=289
num_leaves=15
num_cat=0
split_feature=9 13 10 1 1 6 12 1 11 8 8 8 9 10
split_gain=6.66065 12.4711 11.4819 24.5615 18.7072 16.214 24.6285 15.4397 23.4176 15.2545 9.96751 9.5866 8.22594 25.8701
threshold=1.0872994903758213 8.5000000000000018 1.8599674606921957 1.9340532172811196 3.109418852501896 -0.10851225191048657 -0.0051574923841248279 0.94790300057522126 0.17783436532845895 0.0091416570679923662 0.0062033913225752408 -0.0080921722009236682 0.91713143156970334 1.3925959432227561
decision_type=2 2 2 2 2 10 10 2 2 2 2 2 2 2
left_child=1 12 3 11 5 6 -4 -7 -9 -6 -10 -2 -1 -14
right_child=2 -3 4 -5 9 7 -8 8 10 -11 -12 -13 13 -15
leaf_value=-0.00032751989121545042 -0.011474983573347662 0.0063105894758100833 -0.00093753542855521223 0.004600342458070711 0.00017742465489806189 0.0047319917642686619 0.01074960937807673 0.0045129266343854951 -0.01184880881294818 -0.011288679277090879 -0.0033165531369507124 -0.0039578052598332608 0.006464393799520283 0.00027190394504668543
leaf_weight=10323 264 297 316 210 201 298 327 234 208 212 306 373 704 4231
leaf_count=10323 264 297 316 210 201 298 327 234 208 212 306 373 704 4231
internal_value=2.57405e-05 0.000273664 -0.00128022 -0.00421801 -8.92424e-05 0.00131349 0.00504309 -0.000992256 -0.00328905 -0.00577295 -0.00685018 -0.00713835 0.000154125 0.00116094
internal_weight=18504 15555 2949 847 2102 1689 643 1046 748 413 514 637 15258 4935
internal_count=18504 15555 2949 847 2102 1689 643 1046 748 413 514 637 15258 4935
is_linear=0
shrinkage=0.03


Tree=290
num_leaves=15
num_cat=0
split_feature=7 6 6 10 10 10 13 13 8 4 8 1 7 2
split_gain=9.41658 13.3907 13.976 15.1198 20.1806 11.0429 16.2865 13.4346 13.2861 12.6126 14.9041 17.1888 16.1086 41.0514
threshold=0.88274148671321184 0.20180938988562028 0.28066876897129717 2.2359554634250487 1.8160932590835646 1.5756474611517246 1.5000000000000002 4.5000000000000009 0.05237329443664579 0.73754129228854071 0.01995680578377158 3.3946611553745609 1.6879808275541146 0.39130434782608609
decision_type=8 8 8 2 2 2 2 2 2 2 2 2 8 2
left_child=-1 5 -3 4 -4 6 -2 8 9 10 11 12 13 -7
right_child=1 2 3 -5 -6 7 -8 -9 -10 -11 -12 -13 -14 -15
leaf_value=-0.00061766219950879202 -0.003107737732424197 -0.007388338283231404 -0.0019610774942652081 -0.0048019941545715747 0.0090664870491567635 -0.0051918631358421402 0.0055693388317013155 -0.0036558066479924875 -0.0014613786163655195 0.010304589180852331 0.0073231421192788112 -0.0058034417617479975 0.0079103518753755285 0.0064094041258952504
leaf_weight=12816 809 306 339 371 260 507 251 290 490 247 589 227 422 587
leaf_count=12816 809 306 339 371 260 507 251 290 490 247 589 227 422 587
internal_value=-0.000166666 0.000847904 -0.00185427 -7.95296e-05 0.00286094 0.00162938 -0.00103657 0.00247096 0.0030549 0.00391415 0.00321669 0.00181205 0.00296769 0.00103379
internal_weight=18511 5695 1276 970 599 4419 1060 3359 3069 2579 2332 1743 1516 1094
internal_count=18511 5695 1276 970 599 4419 1060 3359 3069 2579 2332 1743 1516 1094
is_linear=0
shrinkage=0.03


Tree=291
num_leaves=15
num_cat=0
split_feature=6 11 7 7 3 12 9 11 6 12 6 3 14 4
split_gain=7.7512 13.7892 7.69208 18.4912 13.4167 19.8953 17.8386 12.3371 22.0546 11.8393 18.7287 17.6766 14.0958 20.254
threshold=1.4763741386507239 1.1560679015749975 0.36522329324841579 0.2341413853827807 0.94717236102627222 0.052044840627587914 0.93975843937149894 -1.4857738531344213 1.0000000180025095e-35 0.034740661839982485 -0.10219267730223712 0.87500000000000122 1.0000000180025095e-35 0.44091227761109181
decision_type=8 2 10 8 2 10 2 2 10 10 10 2 2 2
left_child=2 -2 3 4 9 6 -6 8 -4 12 -11 -12 -1 -14
right_child=1 -3 7 -5 5 -7 -8 -9 -10 10 11 -13 13 -15
leaf_value=-0.001418649937527359 -0.0056705763542075766 0.0032807319751432672 -0.001148903415815587 0.0035564487233679409 -0.0022342029265992477 0.0082783412119323326 0.0051180427648337187 -0.00064400149368243136 0.011527877272148442 -0.0085285317275213858 -0.0053480427156922953 0.0047610586130472478 0.007439250735001326 -0.0038264837211746481
leaf_weight=1648 525 215 294 1702 830 365 456 10606 207 433 313 300 437 209
leaf_count=1648 525 215 294 1702 830 365 456 10606 207 433 313 300 437 209
internal_value=-6.73417e-05 -0.00306529 5.8118e-05 0.000861138 -6.06393e-05 0.00214785 0.000382539 -0.000425946 0.00415096 -0.0011539 -0.00379072 -0.000402192 5.40465e-05 0.00379306
internal_weight=18540 740 17800 6693 4991 1651 1286 11107 501 3340 1046 613 2294 646
internal_count=18540 740 17800 6693 4991 1651 1286 11107 501 3340 1046 613 2294 646
is_linear=0
shrinkage=0.03


Tree=292
num_leaves=15
num_cat=0
split_feature=4 4 5 4 13 9 7 7 10 10 10 6 3 6
split_gain=8.91522 25.0243 21.305 11.9534 19.6361 13.6636 10.8564 14.8611 13.8996 16.2385 14.8109 13.1477 12.3915 23.2975
threshold=0.86098472499584944 0.92054776931651061 2.1291732207202583 0.6039758955708755 1.5000000000000002 0.88023503552862536 0.58393244726918858 0.24602871801008863 2.4615276461399591 2.2058975705186765 2.3245134357689499 -0.075526055127484545 0.87931034482759207 0.019301420704484599
decision_type=2 2 2 2 2 2 10 8 2 2 2 8 2 8
left_child=3 -2 -3 6 -5 -6 7 8 9 -1 -11 -10 -8 -14
right_child=1 2 -4 4 5 -7 12 -9 11 10 -12 -13 13 -15
leaf_value=-0.00031042085969719283 0.0099583972996742428 -0.0050774814982610366 0.0026250263918476779 -0.0048747986371285822 0.0053988776401436289 -0.0023982543522999269 -0.00016591543479527006 0.0024344951145918096 0.0085340483692004053 -0.012239114695361682 -0.00086647239099278976 0.00035834327394566607 -0.0072788352590717675 0.0012607610288369632
leaf_weight=3028 294 441 1169 1154 372 432 6007 3266 278 205 204 474 652 509
leaf_count=3028 294 441 1169 1154 372 432 6007 3266 278 205 204 474 652 509
internal_value=4.6392e-05 0.00198784 0.000506021 -0.000177077 -0.00237522 0.00122044 0.000117962 0.000919196 -0.000263717 -0.00107287 -0.00664567 0.00341715 -0.000715412 -0.00354559
internal_weight=18485 1904 1610 16581 1958 804 14623 7455 4189 3437 409 752 7168 1161
internal_count=18485 1904 1610 16581 1958 804 14623 7455 4189 3437 409 752 7168 1161
is_linear=0
shrinkage=0.03


Tree=293
num_leaves=15
num_cat=0
split_feature=7 7 2 8 0 4 6 8 12 8 0 4 6 6
split_gain=8.30158 8.44036 9.62578 13.1289 12.202 17.2917 16.9152 10.4945 8.17369 7.63214 12.2935 17.4382 15.0605 11.8945
threshold=2.6174559817175251 2.2424204794163303 0.34279516578865166 0.038364393121683618 0.58323388990007874 0.045446621656418835 -0.065329204106416447 -0.010972681482306583 0.0030398324590919516 0.066476465311644264 0.59195581053923141 0.5367825626703524 0.0093834013765284902 -0.085785054177562867
decision_type=10 10 2 2 2 2 10 2 8 2 2 2 8 10
left_child=1 2 3 4 5 -1 7 -7 -5 -4 11 13 -12 -11
right_child=-2 -3 9 8 -6 6 -8 -9 -10 10 12 -13 -14 -15
leaf_value=0.0046272006108601755 -0.0058414140727994666 0.0058353141044599436 -2.1638246944447169e-05 -0.0020453382070319583 0.0059200007229350329 -0.0043163281961628962 -0.0073658452091992571 0.0041928951028905575 -0.010247824392604585 -0.007839321503561222 0.0094906985617019754 0.006496116268007379 -0.00014164102642903685 0.00091750371720521673
leaf_weight=291 216 216 14787 203 210 237 523 278 240 251 350 242 248 305
leaf_count=291 216 216 14787 203 210 237 523 278 240 251 350 242 248 305
internal_value=-6.16483e-05 7.84133e-06 -6.30398e-05 -0.00203363 -0.000715464 -0.00178222 -0.00359264 0.00027315 -0.0065539 0.00017886 0.00229512 -0.000146824 0.00552796 -0.0030703
internal_weight=18597 18381 18165 1982 1539 1329 1038 515 443 16183 1396 798 598 556
internal_count=18597 18381 18165 1982 1539 1329 1038 515 443 16183 1396 798 598 556
is_linear=0
shrinkage=0.03


Tree=294
num_leaves=15
num_cat=0
split_feature=1 1 7 8 2 2 9 12 3 7 2 9 9 3
split_gain=7.8971 14.3536 17.6962 28.8828 11.5847 23.5701 11.0804 14.5325 9.7267 22.8012 20.3665 15.4402 25.63 18.46
threshold=0.61785160742984069 0.69281007681920037 0.37036571633987153 -0.0080921722009236682 0.65957446808511577 0.73126303964050143 0.97938130899096587 -0.043982017487692253 0.58172600728714674 0.88274148671321184 0.50000000000002398 0.8642352179961289 0.89658862084329949 0.87500000000000122
decision_type=2 2 8 2 2 2 2 10 2 8 2 2 2 2
left_child=4 2 3 -2 6 -6 7 -1 10 -10 -3 13 -13 -11
right_child=1 8 -4 -5 5 -7 -8 -9 9 11 -12 12 -14 -15
leaf_value=-0.0040974421270039609 -0.00048276387351987648 -0.00095617249926052445 -0.0016458433887746649 0.014214122359648005 -0.012151434428312562 -0.0013473974434033815 -0.0044018125199710234 0.0047390702714149215 -0.00064267079574999392 0.0018420463169418705 -0.0092698424226131098 0.013232919100672006 0.0026856412730889814 -0.0060933020698099296
leaf_weight=240 222 2045 315 257 259 588 356 527 10153 1086 300 235 1561 343
leaf_count=240 222 2045 315 257 259 588 356 527 10153 1086 300 235 1561 343
internal_value=-0.000272322 -5.79255e-05 0.00386463 0.007468 -0.00206518 -0.00470303 -6.36013e-05 0.00196543 -0.000257177 5.54859e-05 -0.00203722 0.00225103 0.00409862 -7.7264e-05
internal_weight=18487 16517 794 479 1970 847 1123 767 15723 13378 2345 3225 1796 1429
internal_count=18487 16517 794 479 1970 847 1123 767 15723 13378 2345 3225 1796 1429
is_linear=0
shrinkage=0.03


Tree=295
num_leaves=15
num_cat=0
split_feature=11 7 11 7 5 4 11 8 11 1 12 12 10 7
split_gain=8.95875 10.9132 15.7662 18.6029 32.46 17.1817 23.3649 21.0799 21.8238 16.9833 14.705 26.7965 19.0475 21.3149
threshold=2.7400018816940759 0.88274148671321184 0.67205242419480526 0.95718540669883001 3.084910921301371 0.12322541892454447 1.4317276765511846 -0.025737242153056474 2.2488808819354502 1.3817933986542419 0.011890168504146372 -0.016667726495866338 1.7511751096439301 1.2157802923649295
decision_type=2 8 2 10 2 2 2 2 2 2 10 10 2 8
left_child=1 -1 10 4 -4 6 -5 -7 9 -9 11 12 -3 -14
right_child=-2 2 3 5 -6 7 -8 8 -10 -11 -12 -13 13 -15
leaf_value=-0.00037672263840211195 -0.0046236652113771327 -0.0064608077003675346 0.016920048516566075 0.010111296408135314 5.5589229943087465e-05 0.0065483799167697756 0.00026410799550071157 0.0038041505087167021 0.0073231215338074715 -0.0048181184320715267 -0.0032216706828559548 0.0075633240972651913 0.0085715900912998223 -0.0033197389737932548
leaf_weight=12577 362 386 203 430 203 357 433 255 209 992 1063 436 249 287
leaf_count=12577 362 386 203 430 203 357 433 255 209 992 1063 436 249 287
internal_value=1.66758e-05 0.000110838 0.00122448 0.00264597 0.00859108 0.00172964 0.00520057 6.76989e-05 -0.00153829 -0.00304679 -0.00058684 0.00147988 -0.00142217 0.00223257
internal_weight=18442 18080 5503 3082 406 2676 863 1813 1456 1247 2421 1358 922 536
internal_count=18442 18080 5503 3082 406 2676 863 1813 1456 1247 2421 1358 922 536
is_linear=0
shrinkage=0.03


Tree=296
num_leaves=15
num_cat=0
split_feature=7 7 9 1 1 11 9 10 10 10 11 9 4 4
split_gain=8.43231 9.13562 8.58007 7.46794 17.8655 12.8312 8.79363 8.56383 15.4562 14.0727 14.8329 10.4084 18.4809 23.4683
threshold=2.0849758261627014 1.920436720241099 0.85984234784036861 4.3621516843540862 5.6289146404091239 0.79266620389951248 0.92069700038648417 2.0356018313250144 2.0091575085047686 2.9249305962864303 2.5420692444718225 0.90668524979069265 0.33677690499807822 0.26662030929909858
decision_type=10 10 2 2 2 2 2 2 2 2 2 2 2 2
left_child=1 3 -2 7 6 -6 -5 8 11 10 -9 -1 13 -13
right_child=2 -3 -4 4 5 -7 -8 9 -10 -11 -12 12 -14 -15
leaf_value=-0.001047340046499367 -0.0082238261355702565 0.0061165570990618211 -0.00064947747458709323 -0.010878957118839025 0.0047098835455415215 -0.0045590404251759703 -0.002683304049393407 0.0011683502518673328 -0.0074336150514760181 -0.0019672293736684048 0.0082137074558452667 0.0013874090292332753 -0.0017424802028634021 0.010018536926114133
leaf_weight=5927 222 213 333 233 341 215 242 5505 275 1271 278 1831 1346 331
leaf_count=5927 222 213 333 233 341 215 242 5505 275 1271 278 1831 1346 331
internal_value=-0.000100235 1.25001e-05 -0.00372559 -6.2261e-05 -0.00253411 0.00111699 -0.00677493 9.047e-05 -0.000487371 0.000885664 0.00151384 -0.000281081 0.00101321 0.00272889
internal_weight=18563 18008 555 17795 1031 556 475 16764 9710 7054 5783 9435 3508 2162
internal_count=18563 18008 555 17795 1031 556 475 16764 9710 7054 5783 9435 3508 2162
is_linear=0
shrinkage=0.03


Tree=297
num_leaves=15
num_cat=0
split_feature=12 1 0 3 9 6 9 0 9 12 13 9 5 6
split_gain=11.4276 9.28496 8.54825 27.8037 25.8181 19.3201 18.106 19.5741 18.9848 18.2814 15.8021 14.2208 13.8865 11.6901
threshold=-0.22871402920319531 9.3102751128080925 0.57815246600021764 0.45614035087720078 0.71785699915226453 0.45802752591260759 0.72354074643594279 0.47576207078198396 0.7376940047465721 -0.062087449690749967 5.5000000000000009 0.6355000488820145 2.5563476720638332 0.16788377671489621
decision_type=8 2 2 2 2 8 2 2 2 10 2 2 2 10
left_child=-1 2 6 -4 11 10 7 -2 -8 -9 -6 -5 -13 -10
right_child=1 -3 3 4 5 -7 8 9 13 -11 -12 12 -14 -15
leaf_value=-0.0058767504277764948 -0.0047192692019966207 0.006068165999914491 0.010747927213879491 0.0016404416827258148 0.00032025100219400715 0.0073834519828140316 -0.0090456433600116636 -0.0039026639314856631 -0.0012667747113426946 0.0059422271219587109 0.0078214990419905577 -0.0026436913466971849 -0.011549050438571984 0.0011953445710158155
leaf_weight=291 262 224 242 266 4452 426 248 201 7869 991 263 363 279 2222
leaf_count=291 262 224 242 266 4452 426 248 201 7869 991 263 363 279 2222
internal_value=-2.92553e-05 6.5268e-05 -1.07445e-05 0.000881874 0.000478616 0.00130311 -0.000487086 0.00264185 -0.000928181 0.00427277 0.000746509 -0.00417114 -0.00657312 -0.000724302
internal_weight=18599 18308 18084 6291 6049 5141 11793 1454 10339 1192 4715 908 642 10091
internal_count=18599 18308 18084 6291 6049 5141 11793 1454 10339 1192 4715 908 642 10091
is_linear=0
shrinkage=0.03


Tree=298
num_leaves=15
num_cat=0
split_feature=11 6 13 0 6 6 6 5 11 11 12 11 3 11
split_gain=6.90963 12.3624 7.8612 18.2369 14.6449 16.7452 20.3433 20.2535 14.0646 16.8994 13.8469 13.7562 11.5332 10.434
threshold=-1.9541168962442785 -0.038805074970386814 3.5000000000000004 0.59546798193995121 -0.12952373734259595 -0.06336129202046141 0.062127736492797465 2.5752602134035762 -1.0074446010314799 -1.180105498059675 -0.025115175154018284 0.54731973413882107 0.84000000000000197 -0.4286563561828538
decision_type=2 10 2 2 10 8 10 2 2 2 8 2 2 2
left_child=1 -1 8 4 11 -6 -7 -8 9 10 -2 -4 -5 -10
right_child=2 -3 3 12 5 6 7 -9 13 -11 -12 -13 -14 -15
leaf_value=-0.0069219769936587133 0.0053981263396185881 0.0019079868936538696 -0.007162151850116618 0.0018038049170488043 0.0095111216031828847 -0.0047612071043221316 -0.0029560205599536067 0.0091480762045830482 -0.0026080188019290923 0.0081814619797374571 -0.0020729496233177639 0.0014233790640279932 0.010909644873986999 -7.886332753260288e-05
leaf_weight=331 350 245 354 232 233 372 202 311 1655 377 597 313 273 12699
leaf_count=331 350 245 354 232 233 372 202 311 1655 377 597 313 273 12699
internal_value=3.79067e-05 -0.00318208 0.000141986 0.00178186 0.000351391 0.00244663 0.000543731 0.00439941 -9.80331e-05 0.00285458 0.000702121 -0.00315265 0.00678506 -0.000371279
internal_weight=18544 576 17968 2290 1785 1118 885 513 15678 1324 947 667 505 14354
internal_count=18544 576 17968 2290 1785 1118 885 513 15678 1324 947 667 505 14354
is_linear=0
shrinkage=0.03


Tree=299
num_leaves=15
num_cat=0
split_feature=13 4 4 9 4 4 10 8 3 3 12 5 1 10
split_gain=9.48855 18.003 19.3707 14.085 14.5096 18.9221 17.3401 11.96 11.2851 10.8751 12.5285 12.8047 12.9253 12.3948
threshold=1.5000000000000002 0.043397733606206114 0.077189263162789151 1.1881882979035938 0.14516869538320765 0.2003025553306956 1.9213961572576841 0.014274552014591676 0.84000000000000197 0.87931034482759207 -0.063293954145777417 2.4696448585013253 1.0478627423326301 2.1076821164313158
decision_type=2 2 2 2 2 2 2 2 2 2 8 2 2 2
left_child=9 -2 -3 4 6 8 -4 -5 -6 -1 11 -11 -13 -12
right_child=1 2 3 7 5 -7 -8 -9 -10 10 13 12 -14 -15
leaf_value=0.00010108865527377511 0.0072511860160132504 -0.0073161289939547283 0.0010623527223166697 0.0002032004108694943 -0.009799746133919273 0.0015131094010257253 0.01202081953875782 -0.0088621318640259954 -2.0581234678410102e-05 0.0056953384318659383 -0.0039573007503560772 0.0030759221972442986 -0.006598073283485213 -0.00028832046072957608
leaf_weight=8335 374 267 283 302 219 3710 237 226 202 367 2147 249 239 1349
leaf_count=8335 374 267 283 302 219 3710 237 226 202 367 2147 249 239 1349
internal_value=-7.36406e-05 0.000928796 0.000488358 0.000897381 0.00142543 0.000827321 0.0061238 -0.00372377 -0.00516292 -0.000533717 -0.0017485 0.00150002 -0.00168082 -0.00254399
internal_weight=18506 5820 5446 5179 4651 4131 520 528 421 12686 4351 855 488 3496
internal_count=18506 5820 5446 5179 4651 4131 520 528 421 12686 4351 855 488 3496
is_linear=0
shrinkage=0.03


end of trees

feature_importances:
ret30=405
rs7=390
atr_ratio=367
range10=308
approach=306
cvd20=299
close_loc=293
effort=290
brk_atr=280
stop_atr=278
aggr=268
vol_ratio=267
body=252
breadth=158
with_trend2=39

parameters:
[boosting: gbdt]
[objective: regression]
[metric: l2]
[tree_learner: serial]
[device_type: cpu]
[data_sample_strategy: bagging]
[data: ]
[valid: ]
[num_iterations: 300]
[learning_rate: 0.03]
[num_leaves: 15]
[num_threads: 0]
[seed: 7]
[deterministic: 0]
[force_col_wise: 0]
[force_row_wise: 0]
[histogram_pool_size: -1]
[max_depth: -1]
[min_data_in_leaf: 200]
[min_sum_hessian_in_leaf: 0.001]
[bagging_fraction: 0.8]
[pos_bagging_fraction: 1]
[neg_bagging_fraction: 1]
[bagging_freq: 1]
[bagging_seed: 17422]
[bagging_by_query: 0]
[feature_fraction: 0.8]
[feature_fraction_bynode: 1]
[feature_fraction_seed: 7040]
[extra_trees: 0]
[extra_seed: 6516]
[early_stopping_round: 0]
[early_stopping_min_delta: 0]
[first_metric_only: 0]
[max_delta_step: 0]
[lambda_l1: 0]
[lambda_l2: 5]
[linear_lambda: 0]
[min_gain_to_split: 0]
[drop_rate: 0.1]
[max_drop: 50]
[skip_drop: 0.5]
[xgboost_dart_mode: 0]
[uniform_drop: 0]
[drop_seed: 15215]
[top_rate: 0.2]
[other_rate: 0.1]
[min_data_per_group: 100]
[max_cat_threshold: 32]
[cat_l2: 10]
[cat_smooth: 10]
[max_cat_to_onehot: 4]
[top_k: 20]
[monotone_constraints: ]
[monotone_constraints_method: basic]
[monotone_penalty: 0]
[feature_contri: ]
[forcedsplits_filename: ]
[refit_decay_rate: 0.9]
[cegb_tradeoff: 1]
[cegb_penalty_split: 0]
[cegb_penalty_feature_lazy: ]
[cegb_penalty_feature_coupled: ]
[path_smooth: 0]
[interaction_constraints: ]
[verbosity: -1]
[saved_feature_importance_type: 0]
[use_quantized_grad: 0]
[num_grad_quant_bins: 4]
[quant_train_renew_leaf: 0]
[stochastic_rounding: 1]
[linear_tree: 0]
[max_bin: 255]
[max_bin_by_feature: ]
[min_data_in_bin: 3]
[bin_construct_sample_cnt: 200000]
[data_random_seed: 61]
[is_enable_sparse: 1]
[enable_bundle: 1]
[use_missing: 1]
[zero_as_missing: 0]
[feature_pre_filter: 1]
[pre_partition: 0]
[two_round: 0]
[header: 0]
[label_column: ]
[weight_column: ]
[group_column: ]
[ignore_column: ]
[categorical_feature: ]
[forcedbins_filename: ]
[precise_float_parser: 0]
[parser_config_file: ]
[objective_seed: 15521]
[num_class: 1]
[is_unbalance: 0]
[scale_pos_weight: 1]
[sigmoid: 1]
[boost_from_average: 1]
[reg_sqrt: 0]
[alpha: 0.9]
[fair_c: 1]
[poisson_max_delta_step: 0.7]
[tweedie_variance_power: 1.5]
[lambdarank_truncation_level: 30]
[lambdarank_norm: 1]
[label_gain: ]
[lambdarank_position_bias_regularization: 0]
[eval_at: ]
[multi_error_top_k: 1]
[auc_mu_weights: ]
[num_machines: 1]
[local_listen_port: 12400]
[time_out: 120]
[machine_list_filename: ]
[machines: ]
[gpu_platform_id: -1]
[gpu_device_id: -1]
[gpu_device_id_list: ]
[gpu_use_dp: 0]
[num_gpu: 1]

end of parameters

pandas_categorical:[]
