symbol,trades,notional_usd,spread_med_bps,spread_p25_bps,spread_p75_bps,top_depth_usd,depth5_usd,vol_1m_bps,rspread_5s_bps,rspread_30s_bps,rspread_60s_bps,eff_half_spread_bps
BTCUSDT,2828624,6816330264.5733,0.013007241782619174,0.01291620033688923,0.013137458210857537,208526.578825,251160.46975,6.611559737882235,-0.45544629624753086,-0.31217849325161084,-0.6821559903231807,0.8492120100349344
ETHUSDT,3553803,4150715854.0459,0.04043679829606723,0.04019155294219562,0.04143866766486178,77109.34075,94491.00375,8.90530835989024,-0.4557323550963064,-0.21033991501706134,-0.6541539905347529,1.4537964021566154
XRPUSDT,1782594,1056976720.7381902,0.7147196512167314,0.7085414673893009,0.7228044823317714,18617.637985,148220.79323,16.90494594483264,-1.091589444982464,-0.3456578932928829,-0.6242687615098467,3.0528565565707124
SOLUSDT,769878,857831569.369,0.9946784701850218,0.9893643334162866,1.0110712299672315,40699.412,502365.46350000007,9.490718216633587,-0.32554548581770937,-0.34081016068811626,-0.6238114440036595,2.2889227457353667
ZECUSDT,1416831,429683553.11740005,0.08793257330271143,0.08738547041775416,0.08907614674396312,1331.14905,4049.129999999999,17.384753793907045,-0.7348790469383526,-0.606178276106437,-0.8414813235851525,3.3676671569699392
HYPEUSDT,368021,296976629.45570004,1.267989602485908,1.2595251590156955,1.296428339924174,12125.8403,182106.60015,11.186955512888504,-0.603665904042976,-0.49369325885587556,-0.635975256188233,3.018333211390332
AKEUSDT,2248046,157620301.25259998,4.207868714496666,1.8606959020556606,6.337362012781469,55.7496,341.19960000000003,87.92975918944376,2.7047748330132553,2.5703013271795676,3.2406952590542235,12.767372779680915
DOGEUSDT,411922,139564211.63913,1.21160719694628,1.2051822838199606,1.2294830023970154,7992.36593,118104.830135,10.508566333690892,-0.5267677915890273,-1.4187233723783976,-2.4694788585282885,4.0260819793467695
SOXLUSDT,274798,135373832.1091,0.9758477677487305,0.9711802284885123,0.9848820603737742,1695.1862999999998,38534.89065,13.279536552481957,-0.3130228519042757,0.11701054593206134,0.5257914058504181,1.8039878807832208
LSKUSDT,6824667,123282841.66683301,0.7099163497805115,0.26039971356057556,1.858033006875036,25.698487999999998,99.03465499999999,75.48825198358378,0.11209388523300307,0.4740983139239643,0.9487428365424067,8.458711786039608
ARBUSDT,1271662,103346416.841225,0.7429696496905532,0.687403333906857,0.7515689000796663,109.7739355,1571.304009,27.97689597949773,-2.002229944100552,-3.6032542489316004,-4.399329773895335,8.307397838707896
NEARUSDT,257407,99268294.0353,4.204330460373723,4.131377814500682,4.252604720390772,5751.346,206991.6225,15.916965461586724,-0.48414966195457265,0.28473301344284896,0.7835262885885863,5.369858887369276
XAUUSDT,187737,88874833.78241,0.023264497560854185,0.0232364412465846,0.023310702526806212,11529.197617500002,19194.496042500003,2.820826344774093,-0.24670758601563858,-0.14445051882102872,-0.15611947735359175,0.20207018212340647
CLUSDT,139897,87156899.40470001,1.0108668182972065,0.9963632740502282,1.0163118044621287,5847.54515,124450.18627500001,6.466267724083805,-0.12612691680270077,-0.06148352610755238,-0.04422039478600389,1.5865876290130414
ADAUSDT,164082,86536741.1052,4.898359049717804,4.874482086277796,4.973887092762446,35549.130625,413253.236225,12.540814318591298,0.1769445879800729,0.7075770790300776,0.6669595221968738,4.132886834335714
ENAUSDT,677834,85252637.55018,0.7042997499742931,0.6993251512278225,0.7115665136805779,584.2964400000001,5771.398075,19.128887511081523,0.12365731199570791,-0.18460945610902182,-0.53425827292663,5.018308524001222
SUIUSDT,277384,81463692.37799999,1.413127958736508,1.4051851331411367,1.429899192106799,3193.5654999999997,53246.945999999996,12.579291101103978,-0.387637352030067,-0.5826789654923811,-0.8439140553683775,4.283487708620451
PONSUSDT,633221,71106491.6363,3.0721966205833793,1.5879317189359108,4.642884779075555,88.49119999999999,1693.40295,35.553362140571686,0.5581677366815715,1.6406237998169797,1.6302797372275593,8.703850894727697
1000PEPEUSDT,195048,70557731.2439,2.924404152653017,2.8998115122508312,2.9485478401890983,6914.1918,199895.8601,13.87533410685571,-0.25303533978842857,0.06281655350678683,-0.5326310573974337,4.185321948897947
POWERUSDT,1345527,65589871.34504,7.852869443579172,5.655341227874226,9.930486593843494,44.853735,266.95146750000004,83.77011906010749,2.4635135149143634,3.13418079399154,3.9819225193487267,13.997865921357487
UNIUSDT,483682,63205150.450399995,1.5245064410388687,1.5056839569379414,1.5702284682412588,361.6983,12104.473999999998,19.742855649614953,-0.8945993182054497,-1.1693837839687122,-1.9501722505467305,5.051302669821195
XLMUSDT,180120,62195859.0689,5.20156046813987,5.158627805003301,5.286809410521636,8561.097099999999,202572.7042,18.27115961139503,-0.474198603275615,-0.720180542090117,-0.8898398193791436,5.263683117566059
SNDKUSDT,172277,52504621.0707,0.5216841267873564,0.19072079747283543,0.9021475949128842,353.20827500000007,1759.4916749999998,8.557225601173394,-0.5855782857398406,-0.607754971834381,-0.7233049534603914,1.6604225537140784
LINKUSDT,307668,52083745.9315,0.8798557036641113,0.8740112747449598,0.8927375797879264,1481.8935,21244.189400000003,11.224934038428557,0.1630312748850277,-0.2522772942883224,-0.503401455311647,3.8887846151362697
SKHYUSDT,98382,48286146.9594,0.5735095919474037,0.5669737774622766,1.1318619128472118,207.6868,6588.999374999999,8.100921387684023,-0.7262828514663777,-0.15497968819693336,0.31881386214025836,1.6590056771639796
PUMPFUNUSDT,237844,46627840.129099995,2.7851274195798155,2.7498968788674074,2.8268551236740613,786.01395,46358.5421,18.148692323613027,0.2133725682436584,0.33111845749773566,0.7338321141460145,6.5913899110285
TAOUSDT,350834,41562998.062690005,0.4428599898138174,0.4325914390150285,0.44733722516805685,421.4050525,3341.5071475,12.139409912691635,0.05254811615625294,0.2044475867015817,0.25336899504018234,4.61372998070944
BNBUSDT,99740,41136347.627000004,1.3918853086508836,1.389178301035254,1.395576024004225,10043.7385,195094.5575,5.808839530966043,-0.1742085871351826,-0.020704560543933836,0.3348829148593534,1.999049010029855
ONDOUSDT,138592,38627783.1734,2.878111958554871,2.8534741047221854,2.9372888823628873,5640.76155,123584.68115,12.214225701760396,0.6171705063421016,0.7948129682249411,0.28900745999029104,3.9543644483638394
MSTRUSDT,77637,38552104.5166,2.2870211549457697,1.5287013681885067,3.065603923972412,392.170025,6286.164575000001,12.917503183331196,2.015894578894826,4.342579726819003,4.142417450420459,5.5427726885308966
AAVEUSDT,266485,36386805.156399995,0.7878047819743101,0.7844060085493121,0.802342841096411,588.846,12379.64025,11.717646233540533,-0.859591776897148,-1.4992032899158105,-2.6304283541410567,3.2146035686498347
SPCXUSDT,64141,33023958.094100002,0.6877815605776902,0.67215594017751,0.69820212951586,1018.001,23494.6898,6.261027382844839,-0.30525408163599776,-0.4377744320897533,-0.4304822868140731,2.342783352438482
CAPUSDT,628323,32816027.175399996,6.5455735558825685,4.706989879972111,8.552125203113219,90.5239,784.264925,46.96132447585778,0.2660341988790302,0.9232812015316959,2.007152896599746,9.223333918733827
WLDUSDT,185188,32721563.25071,2.6748696001067,2.655689815429265,2.703798837366202,1774.927915,68180.231835,13.080487590118612,0.023557430434905983,0.6024503474653328,0.7732452345305201,5.246993714344443
LITUSDT,166223,32435343.2778,2.376708259061994,2.2838871759722412,4.506534474988237,266.1069,4956.57335,19.824430414525803,-1.9065093120912118,-0.96103165096871,-0.3165542418362119,4.62026837206291
SKHYNIXUSDT,111605,31975347.761639997,0.15678343118796434,0.08038165208402218,0.405685273826993,392.04988000000003,2323.4541025000003,8.455444894872372,-0.6084090920611622,-0.621766118017033,-0.7405394517211898,1.7519876795796872
BRUSDT,856579,30992662.16656,6.172089065116522,4.213187276174967,8.039431499552917,30.12278,181.31616000000002,75.7092391856686,-0.18043041188094136,2.8813411645661153,4.97183570652598,15.316129638836696
KORUUSDT,103872,28768905.921,5.272871078301087,5.17464424320725,5.343307507345985,7597.8252999999995,138238.131625,16.880723883889267,0.11900821009329259,0.03194481926168554,1.0714371476150262,4.089149754748082
XAUTUSDT,56969,28256130.6315,0.2330486255965784,0.23278822091686852,0.23344032681730678,16766.492700000003,48163.0941,2.6036092830594564,-0.4354422819055181,-0.455152323144477,-0.6625601270093758,0.48992037092887497
TRUMPUSDT,92980,27787985.4195,5.080010160020889,5.054334091484012,5.121638924456399,6882.90265,156361.63275,14.957503079114467,0.1554098087646891,-0.165207136490665,-0.6846836937897866,4.935097857976485
BZUSDT,55456,27686425.4248,0.9778516599023034,0.9711094925957869,0.9849790691952834,1299.7208,24201.528325,5.794520780205845,-0.44235184976350417,0.0714540237552091,0.2366909198083214,1.3075398100636528
AVAXUSDT,171938,27195756.0117,1.3360945954978072,1.3293452974402735,1.3501653952613704,1725.159,31973.781125,10.509929577971157,-0.4712921749439815,-0.30508684871385494,-0.3351596475596642,2.831379883937525
XPLUSDT,289663,24935493.228430003,1.2233164107908743,1.2119008665086497,1.2489851995249015,113.92740500000001,1846.68335,17.495439349113436,0.5776307618242401,0.4523243754063984,-0.07638916072566021,6.871944889550541
USELESSUSDT,359089,23429922.166160002,1.4713455455014712,0.4946699314887092,3.014318010550339,49.296994999999995,315.91479000000004,31.9903427302238,-1.9301387592877417,-1.4115163642227286,-2.6420516598816173,6.583880346442875
FFUSDT,334305,22047121.34579,4.82446693983726,3.1298904538329024,6.323999578398551,74.74056250000001,587.36813,53.84117182814902,-1.2754694301788956,-4.013244983880667,-3.6511784185998306,7.640151265469622
LTCUSDT,101450,21763810.882,1.9060325931569637,1.8966334755804668,1.9347973299792998,2096.5460000000003,78041.251,7.852504534483618,0.010442794289653614,0.220186622002125,0.27605183819024987,3.3567505891360674
VVVUSDT,220225,20743170.011239998,2.339783336062615,0.9179364787967892,4.1606953006375385,76.90634,675.875925,21.221738498696173,-0.9156593972718994,-0.4046935712068951,-0.4133618003108138,5.290919683452839
APTUSDT,181987,20663708.305867,1.7432232197330948,1.7154129856761127,1.796783757074638,216.18188650000002,10896.089102500002,13.675126183772257,-0.8046094057221437,2.1685200957989705,2.9763209794990524,7.973197501932511
CRCLUSDT,101253,20638236.6199,2.1602937999578993,1.1098163253987146,3.2353734160152214,178.1918,5830.39525,14.268213749615796,-0.5114771283231143,-0.33634387607058774,0.22108003140157187,3.64684626961498
OPUSDT,304701,20055493.933211,1.0297070483443467,0.9988513209804847,2.0167389331457217,88.59744175,2334.4650625,17.500235688887674,0.7177559793809253,2.6280867347634236,2.6650040708542506,7.053472211958205
BTWUSDT,343756,19900076.564,8.632960146514826,5.632460301986547,11.85358727944103,57.5646,300.925525,69.32990072568764,-2.8145905529491944,-7.279208149482782,-6.722995641234278,12.098674049049865
XMRUSDT,142269,19818960.378,0.3955813565990832,0.19447496620979773,1.9483207922661974,137.13052499999998,460.40024999999997,11.509281672073326,-2.3090813103799164,-3.600934263899151,-3.2983295921295004,2.3170941676121175
FARTCOINUSDT,199902,19684182.07406,0.7135976023107893,0.7034080118160058,1.4195471644539885,99.13802000000001,1048.96136,17.30792563290517,0.6263098234722282,-1.7975497339373216,-3.9212196351158704,5.675879787893178
AAPLUSDT,43807,19105280.0155,0.30214675267921826,0.3016090844653498,0.3026130638056893,3076.3616,16056.441125,3.243681528086995,-0.21657117805357698,-0.07710119918706898,-0.14300350467427447,0.9740573278644183
FILUSDT,272219,18801550.13479,1.1396660778390677,1.120385412581805,1.2035866883310944,125.75921499999998,1565.6458175000002,14.770209768329018,0.26496241343324645,0.9148207076912023,1.0160066942913029,6.622676096243648
HBARUSDT,149557,17823817.936049998,1.2935773882685468,1.2847690627622534,1.306933281057309,353.3377475,13719.1142325,12.14655968833091,-0.0883547007520976,-0.008150296447212255,-0.6445003921840017,4.488742483302537
XAGUSDT,48960,17402011.08808,1.5761683347789606,1.5685044310247056,1.5814027041994332,12019.5103275,332323.21394000005,4.577288514731369,0.09038638936836614,0.37530921379961396,0.3993427377344495,1.2058613337152575
MUUSDT,47620,16633015.939,0.9633241103960669,0.5338657754674604,1.2865597392572747,279.2895,1525.3380499999998,6.965256540252799,-0.9426702323561272,-0.48510177165649776,0.1494587938300615,2.073128551831655
INJUSDT,170945,16608741.6527,1.6870518768457763,1.6410929679171804,1.8003420649913506,200.64440000000002,5283.243750000001,14.18814786601353,0.0023641465934759447,-0.2756483661274648,-1.230244947345438,4.79833314147846
BCHUSDT,69410,15706137.285,4.5116174148429655,4.497413986957244,4.546487838144775,4504.5965,168039.27275,11.045088279382938,-1.2381335173080152,-1.121930534557879,-1.6724786956425841,5.705284079337579
ASTRUSDT,396038,15525827.960380001,8.60091743119256,7.02493853178756,10.48610590966978,51.5649375,340.3712375,63.374793731847305,0.6660601648034049,3.046580358271741,4.359509684296623,14.999294738780122
TUSDT,211495,15022321.837,4.363953742090913,3.8789759503496226,6.409571626963781,147.98896000000002,2092.9133725,30.679614852501192,-0.4045544301302084,1.3564223840426737,1.6810810255575912,6.882923137193041
DOTUSDT,197195,14521736.62496,1.0137361244866843,1.008929021843202,1.0428072370821106,165.83212,5251.90895,11.315921876192927,0.00038570111446421237,0.39680932100750604,-0.13397854197797424,4.151969932029498
CRVUSDT,129318,14495007.73968,2.9347028613349666,2.878111958554871,2.9828486204321845,256.297185,17408.68837,16.50788398933595,-1.8003058997039343,-1.4830835785724592,-1.2975921357055447,7.693826447205628
CVCUSDT,479783,14388781.28745,6.238303181534368,3.5316969804001634,7.163323782234665,61.27916,1269.8980649999999,44.528063081365815,-0.4865831483661937,-1.3887476813223087,-0.8768868049308058,7.769750440068867
WIFUSDT,76001,13007591.2136,5.5570991942200045,5.496015388842483,5.6038105912014,1908.06795,85870.4296,14.172266057864604,0.7907923789337056,0.7397314646496294,1.0420269808162885,5.9782940379226455
SNXXUSDT,46191,11978145.648599999,7.249003262052601,7.160759040458136,7.510326699211255,2744.2094,126060.03215,17.19401447109607,-0.3429297506062501,-0.8080170991351638,-0.8902284053664454,5.550928703874162
WLFIUSDT,69669,11920850.27458,1.753309371439127,1.748710326133798,1.7557721007806377,585.650815,13259.343754999998,7.999505930764954,-1.887133407586802,-1.636997072399501,-1.2691219838790453,2.987932540848449
TSLAUSDT,31155,11787738.6502,0.8330209504761469,0.28037514193966057,1.1201030494811253,526.8391,3674.599925,6.323017812156445,-0.48543335323291514,-0.5288465145852479,-0.3072428993782328,2.731703421287971
UAIUSDT,236083,11718975.1576,9.960159362550087,7.379166154225126,12.548625925461174,62.81535,797.78985,52.328355615379316,-0.4942454371740453,0.12213841063328194,-1.2445397147669242,15.181444756245904
SAGAUSDT,294294,11718938.4796438,12.63546678330258,9.534782095517087,15.509265449100862,45.62346934999999,224.66764397499998,55.01938485105812,1.3387071415854839,2.8383140647318426,2.7523439673334966,12.479597984539064
PENGUUSDT,150565,11643722.333379999,1.4254151521620202,1.4173339947560524,1.4422730222833096,162.34222,9237.435590000001,12.836031193385546,-0.7041139650416173,-0.7937988072339383,-0.32125459049092947,4.073502507279015
CASHCATUSDT,179945,11517462.322700001,6.322711178552668,4.39133025940132,8.178415274762745,47.537525,283.09355,32.408106974465134,-0.9139824993612241,0.8537200491310118,-0.39200792444542243,12.26810376734021
NIULAIUSDT,192265,11472636.9819,6.366240734846129,5.289605924359032,8.072979736821091,11.8949,131.65002500000003,37.25964206294337,-3.2937957994850846,-2.9777320204498143,-2.77111818757599,11.734936807675725
PENDLEUSDT,69294,11121757.945,4.402377283732732,4.2671218263276725,8.49978750531332,526.8295,15481.700499999999,17.904171436202486,-1.0385201743392474,-1.554613945520448,-2.119218482955419,7.509792200693622
ASTERUSDT,69091,10810706.2619,1.4538053354654212,1.4468639224479345,1.4724287712580282,512.62905,5160.941150000001,10.342763157556213,-0.1128465588136031,1.3886737958007673,0.22242140723719264,4.898869945865337
DASHUSDT,108049,10626833.660999998,1.9089433998278151,1.875996623207038,1.9859001092241106,147.1581,12536.528750000001,15.166802811924324,-0.32803924585676414,-0.5909763152732875,-0.3798145457769461,5.548397893568989
TIAUSDT,114049,10058693.262679998,2.929544455836795,2.864098524988944,3.0511060259340654,324.827495,19513.71125,13.585200926854597,0.7851145614809502,0.29244990111333324,0.38808871570660175,6.326953356468515
MARSCOINUSDT,343798,9936908.319,5.526999392029458,3.359274396730558,7.725842944649923,29.3118,191.6014,34.42414389841908,-1.3331122794673387,-3.1764996200726365,-1.84631435764785,12.16287157735631
INTCUSDT,30088,9931883.761599999,2.0472924557268932,1.029071263185502,3.0480060960123074,528.216,10836.517049999999,8.303032294448771,-0.5933153912637149,-0.7577806668558221,-0.8996659359372342,2.958463691812935
ETHFIUSDT,157099,9641548.77057,1.7113031573541366,1.6322533257159713,4.858693011581147,99.584815,1874.5961549999997,17.003059676255226,0.3148839021866328,0.7765493779229735,1.955495444627134,6.278066069067881
RAYDIUMUSDT,61034,9523003.789360002,5.730424460725495,4.077139478941125,7.148984844151342,131.214695,1329.157975,20.33073698432272,0.9739061545226477,-2.209096395982201,-6.829717869341617,8.326975523120577
ICPUSDT,57523,9462775.8796,3.9161934599564914,3.8528221922554025,4.052684903748286,946.1819,35707.9506,13.356608666915504,-3.1612259320743803,-1.7705770709543853,-1.0080349700096625,15.658797469719195
ACEUSDT,218748,9310791.693609,2.489419965148883,0.6750143440554862,4.382258115002143,35.60278350000001,278.20300549999996,29.929914020265755,-0.334836806857098,-0.45988168739067503,-0.02662015306067437,7.218868179720517
METAUSDT,23494,9254588.902900001,2.4179411231331707,1.6597385157396014,3.0259017187111437,475.07745,1925.4301500000001,6.267185648751389,0.17660454906728063,0.5668000550901352,0.4782100044025908,2.7810399954112293
ARKUSDT,580884,8919087.07,4.000800160032306,1.999400179946166,5.812639261147607,19.682340000000003,112.77069999999999,38.78074354916737,-1.1703374984543162,-1.5844985130299938,-1.0782779812014978,8.756931440060823
TRXUSDT,22779,8757721.9592,2.9651593773162044,2.9616466755512807,2.99625468164761,11759.53355,168799.10869999998,2.6360501402760854,-0.4527781332261228,-0.6125629501590247,-0.597417858705125,2.6119879240936537
STEEMUSDT,404125,8699285.9547,3.627130939426766,1.8097909691423624,5.444152073314989,32.414285,384.0976925,37.924990718439844,-1.059083388909899,0.4465399195092877,0.03996264196972957,7.748096263992532
ATOMUSDT,39769,8681129.743399998,6.3552589768040155,6.311139160617797,6.491398896461473,2888.13665,81203.64875000001,12.151036720112646,0.09024804641301125,0.8375192186855287,-0.014909464992004576,6.0203824685382505
FLOCKUSDT,138047,8635313.59985,4.2214873707172655,2.802297884264011,5.698005698005464,69.897105,905.02323,22.915430393442286,-1.7784093041238203,-0.7539458034405433,1.0409893510012391,9.304159550313903
AEROUSDT,68693,8438806.682099998,3.545470661231856,1.8266508356925562,3.696174459434078,362.966,10110.92855,11.621360637106939,-0.2768033547865187,1.3488496571611512,2.029704867671799,5.805242803234196
VIRTUALUSDT,99118,8412157.7494,1.6618196925631739,1.6483969339815212,3.286770747739983,166.72950000000003,10187.846249999999,12.537547975873462,-0.738175945457401,-0.5713811655924944,-1.3189149954767958,4.7166597657812925
DRAMUSDT,18919,8220611.062000001,1.8180165439501885,1.799370220422494,3.5835871707584888,11038.26975,119821.53175,6.65332454003886,-0.39588784525323467,-0.17777388918875772,-0.11578397187526324,2.1150806027514015
ZROUSDT,96029,8089722.197709999,2.1463833440650135,1.0753266304650788,4.122861265719099,69.695965,1304.1747725,17.02015528189359,-1.8561445168352466,-1.6075249349948313,-1.9494816032699231,6.712395824342578
DELLUSDT,48176,8026976.581499999,2.7582402427247232,1.8350559922622407,3.9132014646560833,171.43075,827.7762,9.555587502206723,0.2604279430461623,-1.3031448882147125,0.6228472762114289,2.5006141847057584
LONGXIAUSDT,109281,7880492.7973,11.648223645894333,10.964912280702068,15.515903801396156,158.627525,1731.2781,51.580364926549265,3.4514868168293966,11.012691938470423,12.642793802709345,19.853560306990524
NVDAUSDT,20530,7551107.696599999,0.47051073940719906,0.4701125919653482,0.47108703332897917,1675.6487,11574.542150000001,3.4244329317905073,-0.3979932641343402,-0.7298560981299872,-0.4433472722826265,1.3307345062680676
POLUSDT,70660,7544078.18364,1.0817242684850452,1.0368603867485222,2.1484584810405116,206.66392,3255.049415,10.620250815855256,-0.08725745332645739,-0.012139011257665781,0.3694831538258542,4.402521387365348
MNTUSDT,92404,7514892.225670001,1.8296587686394472,1.7839621800015875,3.5758984444837827,205.75741499999998,3602.2813374999996,8.794296430660735,1.3497587317821655,0.9371924557935706,1.3820000391387632,7.406736148506446
CHIPUSDT,82036,7335895.685899999,4.8626306832011,2.6371308475372013,5.366246310705443,71.17395,1446.36695,21.925993960340808,0.06562879580268985,3.777519635845338,5.100636459692118,12.853441160408241
PUFFERUSDT,206737,7290448.36573,20.437359493154066,14.833127317677254,26.513477684490073,74.38157749999999,692.215935,68.34260270333826,0.7990555872233728,1.5445315205757693,4.22563944692519,25.99332571971076
SHIB1000USDT,63209,7127546.9233800005,1.942313295134763,1.930315606601936,1.9656019656005217,365.206655,25453.108327500002,10.274258074028324,0.3072976472193127,0.6490694834747135,0.1593044580703502,4.599058701735621
JUPUSDT,60254,7084769.5273,4.3696744592523045,4.256224728665205,4.626416840158072,443.36545,29007.704675,15.577991635381919,-1.235541109173659,0.7902641685697166,0.8979182703808409,8.601699570490398
MTLUSDT,215804,7058234.908489999,6.966213862766753,3.6094567767547003,9.555661729573721,119.93172999999999,1914.0636800000002,30.95583285193539,0.3174191464363369,0.4752640771370715,1.668622042578035,8.903700202612225
4STOCKUSDT,174244,6789060.256000001,30.257186081694485,23.050326546293135,37.66478342749507,85.22070000000001,866.008975,76.67700760427572,1.2179461793246285,6.224523852568954,5.946844478853895,31.69805187807902
AXLUSDT,111901,6782736.4181200005,6.895759108149005,4.675081813931553,9.105394946507014,121.87473,912.9690049999999,36.54136548283382,-0.04823301096089337,-1.3451524115880187,-1.4414383144656913,9.658093571938796
SOXSUSDT,60972,6581153.286499999,1.9632865416703662,1.9491277653260142,1.9890601690697183,283.56354999999996,20428.845950000003,13.660812352755485,-0.4408542657639954,-0.5800509931641948,-0.46163732521350526,3.141370546678395
1000BONKUSDT,53430,6351607.9684,3.751641343088099,3.7237013591514905,3.8277511961710964,497.72675000000004,34495.15705,12.293905204085247,-0.513038905456995,0.15093973128846794,-0.05622214119267649,5.0772325937684695
EWYUSDT,55431,6303604.3439,0.5650196344333884,0.5612144681084774,1.1075423634959705,226.191175,3149.65735,5.7867718352319395,-0.15513640238960144,-0.3939377956681542,-0.40634839375330223,1.5074176529635341
MONUSDT,51237,6214828.15179,4.525910839557847,4.461298237787014,8.733624454148115,294.23519,7374.20856,16.300200256818044,1.4909346684559959,-0.07062627304886754,4.112439407136187,12.534615406471561
LAUSDT,82058,6157119.943425,4.815409340807946,3.1554451297030903,7.280669821622788,87.98726199999999,1676.5522985000002,24.638159232428293,-0.9401868175690983,-0.7199717718239114,-0.8319447350493872,6.717404438282373
SAMSUNGUSDT,27759,5931216.0929000005,2.7615917815034856,2.1850759313897337,3.8121170864529983,384.6903,5647.1295,7.307589271976176,-0.5392613335786457,-0.5449104280433995,-0.2374084804776337,2.725352230765146
HIVEUSDT,101189,5840587.11695,9.666505558239631,7.753440589262515,11.62340178225581,68.33243999999999,449.78612499999997,46.317034259755985,-0.210541915628868,2.765716601182301,2.3768823530962995,10.655029905609918
SPXUSDT,40668,5749226.964,6.046558500453945,4.0691759918612,6.499837504062884,134.7173,3405.8642499999996,15.877053909018246,-0.778928633021691,0.0814311215979814,0.8767363910943989,8.756182146786449
XCNUSDT,115475,5639027.054780001,7.111532535260237,4.731488052993295,9.398496240600714,82.2508,765.695835,35.53477668296846,-0.9994195178089844,-1.2780335295414142,-1.0082973613649,10.038888931738475
HOODUSDT,22072,5434345.870099999,5.345687811831992,2.6720106880428536,7.34416597815095,247.8091,4573.22985,12.01596568249042,-0.022914441402246882,-1.6399268123572985,-2.2827844043301226,3.7816936925330125
LDOUSDT,65615,5313796.81565,2.8260562385188353,2.79368626903168,2.9625240705077465,217.63843,12444.557229999999,12.293360475626956,0.9522926780144345,1.158920017766375,1.4131202246733872,6.040238451622816
GRAMUSDT,25732,5076384.3174,7.471049682479566,7.454342154305717,7.56143667296703,4015.4358500000003,80211.0798,6.927675279484865,0.5900150210719526,0.10677806606213704,1.2033448647814375,6.066353840556458
JTOUSDT,58796,5060733.590770001,2.362669816892829,2.242403856934387,4.5589240939146,123.394485,2544.67891,15.5252155568476,2.21423396411092,3.2954358989410033,2.706693408043242,8.096661929105363
QQQUSDT,8488,4959138.3009,0.14163403182503814,0.14119806558637304,0.5641032873113937,606.45405,4509.50515,2.0028176686481003,0.20831159312748337,0.23809489236991488,0.05009519495645543,1.079691707534703
ETCUSDT,48745,4912879.5598,1.3836042891725295,1.3488905375321316,2.71480928464866,129.1271,1914.0392749999999,10.484785191546822,-0.4553100626165817,-0.45879467887702563,0.21307493645183712,3.8719720824530572
STORJUSDT,217371,4877692.69524,12.059089538739336,8.961911874533905,14.940983116689507,47.124792,385.57972800000005,48.27057961892036,-0.3580275212303259,2.154441206444836,0.6645392222357729,16.096786464555404
KASUSDT,39263,4710244.2335,5.918910920390407,3.0399756801933795,8.61450107681328,210.78709999999998,6513.633449999999,14.089194056948754,-0.5240805736658919,-0.36279700484459165,-0.42226918635224275,13.170727869858736
ZILUSDT,83380,4550611.71919,6.609385327165451,3.5167926850716817,7.0972320794884025,87.48773,1323.83847,29.831542075200936,0.22939103892294052,0.883906702705001,0.6037752437575687,9.889089387826646
STRKUSDT,46422,4287523.74265,3.7057624606261226,3.5631569570638133,7.145409074669234,205.782152,8307.4925415,13.81002401058678,2.2349360248853802,3.0530366047394257,2.5152377904582077,9.69497439664517
LABUSDT,53826,4224867.0582,19.940179461615724,19.782393669633223,20.10050251256199,1284.28045,10800.3858,27.690987457927356,0.513755337173791,0.15450888537025534,0.5609133890735164,10.057970299660338
MINAUSDT,77391,4101078.203783,8.388759062855847,5.947778504727829,11.131037041616826,57.4235345,365.35479999999995,25.11883051570113,-1.254265403974786,-0.6812888467775541,-0.8312592678323989,8.158328727829929
SEIUSDT,42261,4090049.7559999996,2.2964749110107068,2.277644915156844,2.369949046096235,145.63124,17965.515825,9.981947123456537,-0.4833143403940976,-0.6010444607413149,-1.7397233101044112,4.453900425850933
ALGOUSDT,58573,4075323.496073,3.1491103763189257,2.089864158830316,4.424289348523214,70.371838,1470.51610325,13.132063198424285,0.44472963845605895,-0.22283412123600158,-0.3617592312415717,6.634557973386368
RENDERUSDT,20286,4062587.942,7.432181345225655,7.339449541283595,14.492753623188419,2605.3424,66929.87745,11.258919857312383,0.9567061822387434,0.04150100930906908,0.6581378761941659,7.283212676851888
COINUSDT,21714,4014285.1631000005,4.8555474629766335,3.493449781659521,5.997410212570281,224.82065,2899.9574999999995,12.171290055703444,0.12037585282727425,1.1291650482796296,1.2742809222975207,4.162212307502268
SANDUSDT,34549,3990043.4608299998,2.9837386244974073,2.8649190660352737,5.730659025787732,318.88007500000003,16713.330985,12.427751783903865,1.051416592622098,1.7493097051499047,1.727136412836548,6.177130748564066
CYSUSDT,71290,3981235.8896,14.41961067051231,7.742934572204161,15.624999999998279,97.13995,2544.231025,30.349863088757484,2.6576783675742064,1.0281768308913823,1.502615561069196,15.374312233614111
STXUSDT,31151,3867480.05065,3.923876790268353,3.849855630413436,7.662835249041302,328.84687,19741.327725,12.200059553735924,-0.14198286553738268,-0.1663037278994379,0.3866132418055724,7.696372327870257
POWRUSDT,270938,3813567.6859299997,4.843787842091758,1.671262638923059,6.565988181221006,24.90974,180.19464,37.13436152306228,-0.8288297495444211,-0.4730470254024166,0.10512119700378171,8.419025126995672
ARCUSDT,46940,3782850.46653,8.760402978537089,6.312732782020642,11.009847697107682,98.78685999999999,417.63062,26.790207273748816,-2.23241410801698,-2.3106284869932905,-2.327511033783118,8.074649333950283
GALAUSDT,35687,3752939.34935,5.961251862890705,5.932957579352809,6.08828006088229,821.785576,39661.4743435,13.556616760117352,1.5534750784101412,1.8825518886212822,0.4246257550834192,6.784092767022661
TREEUSDT,65407,3707715.623789,7.039774727209256,4.755111745127467,9.212344541685484,72.7208985,1038.375226,32.87482364770813,-0.5486611073804972,-1.593784831308392,-0.01594236748383094,9.408328314389948
IOSTUSDT,127499,3601166.8819898,5.228074761469216,3.7766727513055085,6.942034015966095,40.7637815,401.75296914999996,20.85557138380178,-1.0562628641353724,-1.3873501111504782,-1.6602110001901387,6.684406946320719
PUNDIXUSDT,250256,3596760.8881800002,6.28281649687984,2.79420667815417,9.884530709439636,16.293599999999998,90.59933500000001,31.38431985101308,-4.862844902333895,-1.587055402753928,-1.1126553375153707,10.84704733784415
GOOGLUSDT,14830,3595255.0799000002,0.5774005427559851,0.2901199646051005,0.8661133164914534,431.333125,2838.4752,3.5131674739005567,-0.3620204884144459,-0.3515633722530755,-0.3345743134402739,1.1816214442615445
GRASSUSDT,46654,3541602.6661,3.224246332419442,3.1167212092892163,6.3694267515916545,160.45499999999998,9291.0656,13.254876764776304,0.7491789029292191,0.35202946731823254,-0.8913485779239387,7.855169148784039
REDUSDT,70657,3505147.10416,9.861932938856105,7.5728890571744785,12.77763162839667,47.05213500000001,310.546855,35.28811515706559,-2.534914894001099,-1.8824859995658756,-5.801266193897171,11.047964478877484
NBISUSDT,17407,3474398.2862,2.8984107047969796,2.338798325420931,3.8200744914531803,211.72605,1249.1575,9.62757610948599,-0.7777304953012257,-0.49310394458940754,-0.2248064083793226,3.560980872279208
FLYUSDT,28890,3451591.7246,14.20790906938081,9.354536950420753,23.29373398555656,153.88029999999998,891.3751500000001,12.497273440906921,-1.5791508483326224,-4.76240624951229,-7.518152368674798,5.927633431897624
TUTUSDT,60744,3391895.840285,8.173273395995707,5.282493336855279,11.11081717414893,83.437623,498.7645245,28.76153861586146,-1.2346984687029963,-1.0561348914237287,-0.6541505590023121,7.063763560663205
REZUSDT,115227,3351856.8095650002,8.115785202218218,5.664117813650047,10.672358591247768,30.538431499999998,496.352712,27.890784400144756,0.6305729003603484,0.41453516630990983,0.1392924001608935,13.971283053131772
EIGENUSDT,35954,3295255.4673,5.04413619167802,4.996252810391655,9.985022466300837,232.23334999999997,14733.80385,15.034253595807565,1.5671743970221756,0.9589523578240592,-0.570981527432741,8.076387480150755
MSFTUSDT,12647,3251409.9735,0.9992905037425701,0.5984738915770696,1.3908620364205804,181.5544,1042.36465,3.4788348465982035,-0.44958233871270337,0.21876309225767346,2.8178785741181436,2.5396152953025877
METUSDT,45081,3220924.57005,4.946821667078357,4.846135207171746,5.0825921219816514,232.033555,4613.05479,15.230360999984711,0.5038724486413063,1.0323962817758177,1.2236810003715062,9.60410976017353
SKRUSDT,58173,3197078.70014,4.410386460114153,2.2746659084430263,6.306435430701214,42.9381,373.14999500000005,21.38287446017082,-2.8203032973837012,-4.710243135191073,-2.422960451258452,6.143502638782814
PAXGUSDT,12057,3192551.9894000003,0.23286953484395131,0.23260411941768563,0.23327695806931545,1102.55615,3788.2371000000003,2.5891303763861933,-0.31671982268634336,-0.3766397552779334,-0.40099832492952,0.6505481508083142
BEATUSDT,80346,3112602.15486,1.228425772372228,1.2069277653744495,3.628666465074357,58.860075,436.1837,17.76394301372528,-0.40523111764558417,0.6584858256940402,0.5338715381294216,4.3034620757988185
VANAUSDT,43823,3098723.661467,8.679142960173671,6.228589224541108,10.942116205274111,126.657142,1467.40073425,18.45291664489151,-1.425851369046655,0.6162914972856371,-0.8950155428467582,7.1139161178263635
HUSDT,58031,3087840.4212999996,5.766015106958945,3.5530289571862674,8.250338853202972,60.7101,346.0788,18.08430001395657,-0.4531165180520863,-0.1654722816876693,0.47359604139914935,7.754475695968545
SPYUSDT,9207,3041474.5995000005,0.3953949666217153,0.13180874551014474,0.9193168162751912,648.84475,5965.3596,1.304442099058125,1.1155592095221902,1.2235259175308757,1.458195475552893,1.8294541309647445
THETAUSDT,18500,2963308.1146400003,10.188487009677939,5.4749520941685725,10.857763300758847,664.323305,11776.222855,14.559196530999223,0.39847287366666795,1.71205683099091,0.4867403908740152,16.532894776604
EGLDUSDT,39002,2923802.6616599998,4.821600771455593,2.4909702329043366,5.137426149499676,115.980435,6272.4348675,14.173887234701223,-1.2982353596479794,-0.9125017686677008,-1.4909209356575037,7.477772743249005
UNITREEUSDT,13902,2834121.7824999997,2.858776443681535,2.842928216061979,4.272591326639769,525.3856000000001,9668.4783,6.991226691794482,-1.4092069101127216,-0.9262313695230775,-0.6650456983318636,4.26794644982763
EDGEUSDT,49614,2816402.2233,6.637902422833653,3.389830508474203,8.42672958624852,44.56655000000001,423.2826,19.435337121439183,-1.9692400304603905,-1.366458053527109,-0.7251146455945703,6.466619664381662
IDUSDT,34428,2783706.47006,9.16730328494891,6.110601894286339,12.281240405280434,93.86429000000001,1453.2585199999999,22.49842612432315,-0.06970034451802569,2.35712210341573,2.332634122828298,17.187293547142126
BOTUSDT,21091,2740271.4184,7.5757575757574145,3.788596325060811,11.322891111530906,132.4849,1090.2534999999998,9.084392308461036,11.747701444405273,15.43212953871978,15.670437866725212,24.173505607950997
SOPHUSDT,34812,2717915.7919500005,5.511160099200418,5.0697084917623965,8.132285321528013,130.06245,2780.78565,18.12216944623883,-2.006489794920146,-2.6449469373892653,-2.3566763801039237,7.1669656430532
AVGOUSDT,12516,2694572.402,2.0192987263992492,1.154834425613177,2.605938644623278,319.46475000000004,1562.6274,3.836334077714827,1.8772935907178538,1.7811512492436539,1.6745881449133708,3.6969325792121874
RIVERUSDT,42074,2692954.0259999996,8.193363375666628,8.08734330772432,8.399832003360872,134.0778,2809.57075,21.542139115378948,1.832710826976405,4.67540361938578,5.360736893619702,10.644607640249404
ZORAUSDT,48315,2670652.07296,3.946070371587676,2.5713551041402227,5.44514021236119,77.77939,942.15954,15.49397891691111,-0.8713586743707812,-0.343534472082362,-0.3644667382379204,6.024584243460498
MRVLUSDT,25673,2622257.2945999997,1.3370473537592298,0.8954455404585644,1.3751059977540456,130.4693,463.77675,8.674954537299298,-0.8287575382001092,-0.5409438665386008,-0.4949762186467821,2.7913607162323273
PLAYSOUTUSDT,48353,2610793.7128,24.517315353967742,15.898251192368194,30.950170225937132,36.8655,194.94079999999997,37.41073048909405,0.0806279710909524,2.942345449331311,5.155575652725295,21.233974070109454
PYTHUSDT,35739,2594322.9469999997,3.78859632506141,3.5492457852704855,5.598581692638284,107.93504999999999,1295.3457075000001,14.576427083970074,-0.48753423372465116,-0.05982900092661158,-0.6922040496448305,4.998558839865435
KAITOUSDT,24678,2579609.4978,3.3846674564220334,3.3755274261599655,3.474031613687302,326.11365,7006.853999999999,11.543658410339608,-0.9378320641411598,1.185325725699133,0.7301560571886675,5.853436736404367
VETUSDT,33941,2576477.7755030002,4.278685017471865,2.7285129604369245,6.781040211568178,86.4352855,868.5751917500002,13.506145372030147,0.024044302104596304,0.5014680476906781,-0.6627852649210547,10.670818322751716
ORDIUSDT,36529,2541432.65331,4.783544606555053,2.453084754079073,4.952947003466518,144.61860000000001,4858.5739525,12.542792291844208,0.5098973204394329,0.017690356634657872,-0.7883729074585063,5.178495811352382
ZKCUSDT,32287,2490500.0226970003,5.196154845414182,4.2744176106003815,8.808632459810255,78.09125,699.899081,20.941377526110003,-1.4680137087655085,-1.239234040101619,-2.728669507354948,9.965277923637077
MORPHOUSDT,14650,2450255.56,9.27643784786746,4.691531785129412,9.492168960608561,541.2735,10151.6205,11.706060864236683,1.6953456071333455,1.224298823752046,1.543243105629404,8.824216278892884
ORCAUSDT,20183,2412194.55923,5.983992819207958,4.33212996389844,8.048878644860636,66.36607000000001,881.099095,13.478812752677426,-2.180254192132376,-9.693467266365118,-11.741909702773404,13.567627484595185
HNTUSDT,48433,2406617.978342,5.033979360684066,2.4542888697997056,9.298000929800358,75.76657,626.201472,19.034393489185817,-2.3280348773342636,-1.4387413358332066,-1.1391217944314609,9.93026967286488
MUUUSDT,13549,2392403.2486,3.540449637104466,3.4934497816586934,6.963788300835506,219.59584999999998,25439.042999999998,13.859553819440352,-1.8849650461889926,-2.9961257593988746,-2.3566942585032384,5.313419887487115
BERAUSDT,29485,2363601.1616,5.523336095002306,5.436259853220386,10.851871947911325,192.47490000000002,9642.782299999999,16.105896355420906,-1.6192660006179407,-2.315938953209179,-3.156886458351917,9.157057185294637
RKLBUSDT,11071,2346421.5604,4.712165239927925,3.1938677738746604,6.250976715112713,78.57865000000001,5034.533375000001,11.81319357156133,5.718600922552074,5.68233783094259,8.88795766794967,12.85395822886041
SUSHIUSDT,20837,2315559.68317,9.315323707497809,4.7449584816127635,9.460737937559403,347.43348499999996,6513.0312,12.591844570802909,5.080252059793777,6.765304502345614,9.911907784894296,11.581857226536949
POLYXUSDT,43518,2295470.74994,7.72300167331582,7.489701660217762,12.3533045089565,106.59609999999999,1161.23121,23.823305426266856,0.773896204099497,0.8382130332308788,2.4329936681379802,9.283251824389454
BSPUSDT,14494,2162784.434,9.76800976800956,4.9677098857434485,17.02541651465409,218.30025,931.35235,10.243114998051272,-0.639423179795261,-1.9990399561013659,-3.242678923404924,5.913045608686821
IOTAUSDT,20077,2154311.919747,7.221085569864544,5.077430820004871,9.418412997409552,157.67155624999998,1237.10837225,14.241972117613336,3.0657179651940787,6.065771497720169,6.219843996209049,14.516900967191809
B3USDT,54767,2143155.36533,14.953892165821513,10.697093956142174,17.661603673612078,46.675019999999996,366.81987,30.920216258312976,-1.2277045997525837,-0.375310727823111,-0.28854842257541496,15.305234926329915
BBXUSDT,12867,2142392.7254,6.4016388195376654,3.88525545554635,7.793219898688437,89.0187,429.8711,7.4886433676331485,-1.8330021631616307,-2.4597315597288816,-3.3184375654900347,4.574303246931618
CROUSDT,16763,2097480.18774,10.282776349615167,7.260845888545719,12.183447915760269,215.61821,2781.6933799999997,12.325011372344974,-0.5962223897558561,-1.4275848551524595,-2.8555050650816316,10.717496156291066
RAVEUSDT,43161,2097398.2793500004,5.526388505111301,5.451076587625455,10.741138560687743,160.02394999999999,2637.42895,21.102732621221605,-0.8053420357164767,-2.467099144185234,-3.07704815224699,10.371689637669379
CPUSDT,31499,2087147.0687000002,15.491866769945148,8.528784648188767,16.23376623376698,207.0405,3273.4166,22.135797199216025,1.1026791233420454,1.304372145512339,2.864073207703206,13.470375815821038
PIEVERSEUSDT,30394,2077574.1081,7.576076434192525,5.086038823429125,10.146275471379807,43.38435,309.2426,17.87006827424117,-3.8426448755183147,-2.932456164257675,-2.870236001089441,3.8313985859593442
MIRAUSDT,36541,2036361.060115,6.599934000658962,6.120575334080446,8.497981729338935,101.590338,776.770781,19.826968334289393,0.413836625786013,-1.4393512611336368,-2.0438187394749203,8.78676477086902
AVAAIUSDT,39673,2034044.137319,14.656309541256913,11.58748551564297,17.40980752490465,55.710606,263.058353,30.893688382662003,-1.917612943316499,-5.6134888474199185,-5.214615096297965,14.791730506287369
HEMIUSDT,60510,2029699.733633,6.015942246953923,3.1181789834727134,8.995502248875455,31.173144,330.53387175,21.3788878558975,0.8783097841812827,1.7871319510434815,0.24000400991733137,9.622306470446334
KNCUSDT,26071,1998613.313523,9.162995594714994,6.643782526850403,11.66435809579509,57.919845,264.1820245,21.961077364013445,-2.7003472174847705,-7.462042534236422,-6.763551860450609,13.831268131238664
ARUSDT,29576,1960153.4036,7.104795737121775,3.723701359150586,7.754943776658488,76.47980000000001,2045.699325,16.89967470181249,1.6929152044456222,3.8472626612539385,3.217806824922981,11.607071904787988
PLUMEUSDT,24976,1953852.6749200001,7.785130400933898,7.724990343761756,8.087343307724487,603.308125,23293.011534999998,13.344862104498352,-0.21825286802518826,-0.6038992679160494,-1.235193590068859,10.781405512502438
SENTUSDT,28216,1950072.3427499998,8.755682774877334,6.110601894286811,11.381917272136972,71.48598,434.557495,16.560500109867142,0.6282823837561679,2.7930591243190226,3.1154596251708817,10.809489816340749
BANKUSDT,29294,1918363.1811000002,3.663674665690809,3.6409976333526535,3.6920804873544744,171.01755,5712.0866,11.371803904974218,-0.7879073758772112,0.14882453062738296,0.28494004961387914,4.307408818357895
POPCATUSDT,23285,1883503.3111700001,4.442470013327228,2.259631680036846,6.812762575224764,76.06037,2756.54273,11.370112459034393,1.0892414618191582,2.441300168006449,1.549815194212085,9.455004907284998
4USDT,49289,1853475.000205,10.053006762932364,7.643068692079226,12.17166922271755,16.9097385,242.02534000000003,25.24213697103681,-1.6206375104426778,-0.7245946612991491,-0.21393817826303313,11.371509261073816
SKYUSDT,22658,1795699.6430000002,4.818116116598771,3.218538783392209,6.3826392213177545,216.3721,1344.9780999999998,12.101766820906004,-2.3043792519147703,-1.7049471563547305,-2.0533776427331127,6.249850529714639
DYDXUSDT,22926,1781216.0460390002,4.7123132745872836,2.6696329254729476,7.937557878026788,50.793098,491.6300255,12.885188805529081,2.3717830408021845,3.5882253189965088,4.618462812691225,8.740170514194459
CAKEUSDT,16008,1780905.6601,4.509582863584622,4.373496610539645,8.775778850372005,711.4653249999999,13483.6424,9.207767787107645,0.16805915479156494,0.36622181321118424,0.35226936162621686,5.956516528452328
BLESSUSDT,38897,1780467.45052,9.085746734810973,5.742835812323892,11.999040076793369,19.4264875,252.79376249999999,24.70227304891067,-1.9969579050499144,-1.267886475172962,-1.2764828693364751,7.7190741375171426
AMDSTOCKUSDT,5566,1762369.2507,8.936368990799556,5.688166582020777,12.012366840595128,403.0585,7688.9655,7.277159997566868,-2.337416519474509,-1.8455326536752048,0.7150856720289599,4.939785104683696
CCUSDT,25821,1761767.46748,4.198593471186982,2.0885547201328576,6.3802637175674715,159.421455,714.1432199999999,10.565946673394516,-2.007914106315012,-2.4045728384686167,-1.9849125179964928,5.038911725789817
OPNUSDT,7733,1701546.44576,6.521030322789981,4.397537379069069,9.060022650056256,661.38301,3865.280925,13.833930388594592,-3.84065678388292,-4.081076521480654,-3.856357912739284,4.553452770337013
ZEREBROUSDT,27044,1684174.249522,10.279253040945273,6.839945280438664,13.77410468319503,84.26317,1560.2397700000001,18.999686222954292,-9.933124244565516,-5.531790117705649,-11.954712717947219,20.724114823573736
LRCUSDT,40626,1675151.538249,11.47446930579414,11.29305477131518,22.246941045605322,140.29185700000002,1969.7860915,34.21054898063796,0.8934456082488996,1.129739549998041,0.6925395395646656,14.5506282944874
ORCLUSDT,7050,1622367.8778,3.477656059816475,2.7770063871141377,4.208754208754368,260.2815,2820.3833,6.677981011802827,-0.07152909126700088,0.253485048383569,-0.16766973984280292,2.4163218796688852
BILLUSDT,21062,1621711.0976,8.061265618701809,7.852375343541102,15.625000000000721,216.714225,2109.3469,20.480548956558394,0.04655175642058807,0.002332104655142418,0.9154457302518554,7.7673844118361925
TQQQUSDT,7156,1616610.0081000002,2.887252778980225,1.466813348002217,2.930832356388631,357.3432,7999.350225,5.526445015848913,-0.3353186589740828,0.551086839458033,0.8894560177131735,2.087771004193443
COTIUSDT,45077,1602769.4309399999,5.60311284046821,3.5608308605335677,7.9365079439035195,17.436700000000002,107.841,19.533980563953744,-0.24451135480546918,0.5214487273505302,0.49661849024234717,7.195877720999449
BUSDT,20419,1598400.95353,10.502043332344373,6.581112207962701,14.760147601475236,85.35855500000001,225.4273,18.601348237844885,-0.40075182549491495,1.0418912703486984,0.24704355257543362,11.482263764587715
APEUSDT,32293,1583729.405872,3.1501023783282607,1.5846604864901552,4.734474867829597,20.0622335,163.615712,10.128462820969913,1.617486690278084,2.172481926043189,2.2660282095501283,6.071275067160802
IBMUSDT,1258,1539327.043,7.675992324007583,4.843005892324019,10.059754944369557,287.37940000000003,2695.9724,4.384413903822077,0.42320214080713947,0.3629949870244021,0.18408758638306913,2.827206226117177
JASMYUSDT,26019,1506399.71013,5.282620179608641,2.749140893471155,7.879185817465435,69.2670275,2153.387225,13.091487252498922,-1.3141692053492904,-0.10154571125534995,0.2955479491970607,9.637275412593217
ARMUSDT,11738,1491296.2757,6.206939358202705,5.377789728422606,7.401924500370376,55.74625,462.9729,10.021463615301164,1.4198268543291674,1.2770121745969731,2.33447944364098,8.559824970515969
WAVESUSDT,29242,1491218.10298,11.813349084464145,7.9082641360212715,15.936254980077926,55.2510925,623.18097,15.88659292522616,4.047477688165486,5.190510988655699,5.949322122814267,21.081655384397894
ZENUSDT,18659,1473755.7306,6.3673989175414825,4.774409166865781,7.990411506192398,87.28479999999999,1130.7363,14.467999931356704,0.914717393126739,0.2423325606710934,-0.5717093969547574,5.965567303626836
XTZUSDT,14679,1465082.1274599999,7.390983000738284,3.867723844517075,7.861635220124921,186.25019500000002,4078.6771499999995,12.521316745097142,0.5055237424021503,0.5397370462575551,1.4635824571264904,9.254992533085938
GASUSDT,20632,1460318.9974000002,6.420545746387736,4.803458490114131,8.428957308949492,50.83660999999999,451.62503000000004,16.744219395735787,1.47479273626818,3.3633951956694887,3.025308824897727,13.319793507193621
ESPORTSUSDT,16162,1445653.3607299998,10.167768174885198,10.065425264217003,10.251153254740741,512.57902,6082.423234999999,14.551066368757427,-0.9387216443883446,-0.557753035342313,-0.8220982168227847,7.5418297333009825
TSEMUSDT,14417,1442357.7817000002,12.925574541788384,9.712956572859838,16.948717290260266,38.6565,168.102075,9.656241976162256,-0.602923221293101,-2.31799768574725,-5.664991449187721,7.595360276760192
LITEUSDT,8172,1433484.9471999998,5.93542260292567,5.049467163784164,7.738141298461192,138.4518,1152.1611500000001,8.98261319594176,0.00013149771842186925,-0.7347342586730882,-0.4961858869807383,6.41938690599735
CBRSUSDT,11874,1423306.0296,6.087606187222316,4.949814381960865,7.662415850255312,132.44389999999999,981.92255,10.184301365219213,-1.1944634285557167,-1.4077836799181371,-1.5513501341805824,7.315106016185483
ZAMAUSDT,26748,1407921.38827,4.364906154519015,2.1879444262122445,8.605851979345605,50.228505,778.4607100000001,11.83422180656236,-1.0923828296193503,0.01090668138711237,-0.15338988511671797,7.637940079320521
BMNRUSDT,13545,1407893.4234000002,6.717641723092717,4.861202541474269,8.228420966016447,70.6003,3167.77595,13.49074505825069,-0.17358167595504942,-0.41043802776233124,0.008395876991593958,3.3514482662395624
INITUSDT,13409,1383275.18125,12.993575398829549,9.059338668277896,14.88316713796532,60.89391,1537.14804,17.567767875589947,-2.7240969122245615,-3.6319254968921344,-3.875863871970269,10.38586619836264
BTRUSDT,32060,1354179.85293,7.8833267638940425,3.9992001599678435,10.120433154539304,41.5923,346.26074,17.238843573621793,-1.1345108603379865,-3.278870557993421,-4.807468768579106,10.283400111048488
CELOUSDT,25309,1337738.381902,16.058303996046103,12.172854534386975,19.799025347596917,87.46841249999999,403.159902,18.92459446853285,-1.5544380000844338,-1.7022827862367382,-3.931774206494533,11.935313732494622
REUSDT,17263,1332773.005,4.660918200886354,2.3721978412997036,7.21413971383833,53.3057,864.8179499999999,13.304614649129034,-1.3509952506878213,-2.3812584649401973,-2.305546022069946,4.460394978248631
2ZUSDT,39414,1319510.82319,6.374163391053927,4.248990864669468,8.492569002124268,127.45622,5781.784889999999,10.646980766832108,-0.6868756088024406,-0.47585547535107486,-0.5562951338477469,5.936617087431064
VELVETUSDT,12459,1312391.286,19.512195121950423,19.323671497583753,38.09523809523786,814.3915000000001,17313.887000000002,18.113593031214474,1.0194672993280105,1.738723065553765,1.9266586322030954,14.360819978806248
NOTUSDT,25371,1283937.873092,6.550933508025053,4.390779363337099,7.020007020007191,90.7656725,1462.6758255,13.761603320778026,-0.4174306609628495,0.3212804167904077,-0.48992136082501464,7.704556476068069
XDCUSDT,16453,1275559.7510199999,6.879944960441231,3.5044681969509703,7.062146892656305,213.70660500000002,2180.0186249999997,11.657204374972304,-1.7161927916347821,-1.7484349895930846,-1.3543609373206922,6.825636151531026
0GUSDT,14084,1269855.91836,5.33475593491539,5.228758169934064,10.520778537612085,161.31511,3219.0697199999995,14.046890706564586,-2.2731178854746665,-1.7557291089207183,-1.9636028103253584,8.910470460785248
ZKUSDT,21632,1243512.1845224,7.2550137327046285,5.1826898160143005,8.956560680697859,83.185149725,998.7112211000001,12.195789700671313,-0.37070449066570915,0.6228500606107501,0.005945637358498066,7.099226641587422
MOODENGUSDT,10461,1235777.78487,5.161290322582225,5.037783375314657,7.66381402478024,108.22894000000001,4912.7570475,12.72961538366861,-1.3052087274490998,-1.2441683843360265,-0.9963696670025358,6.287008267281032
MAGMAUSDT,24437,1229012.2689,11.827321111769068,8.227067050596698,12.399256044638252,68.73395,778.8363750000001,21.60395847624184,-0.9378807918912705,-0.1492279651236877,-0.17568742433568568,9.214561389314692
AXSUSDT,19837,1226631.32211,3.222168519414403,2.106371774617988,4.3428695638542285,59.48683499999999,764.65395,9.93525758585051,1.001672978549458,-0.4129712741466713,0.6950652854139137,5.2718092090429405
CHZUSDT,11858,1219430.0267400001,7.089684509039059,7.02493853178756,7.404664938911213,341.22704,11842.481244999999,11.777728872047522,2.3603763126079995,2.9270467117676393,2.5110116881293063,7.865031891694548
SPXLUSDT,13172,1216129.8952,11.19841054818034,7.585198027847773,15.656004806029632,31.5844,183.3972,6.625968406458331,-1.695093187114668,-4.544857027045683,-6.243923885080784,3.527326329967855
AMZNUSDT,5328,1214546.7744,5.209690023443423,2.7695899028662554,7.65342087772644,214.38004999999998,3216.490925,3.6215537626018035,0.30655838692084303,0.8386737517812803,0.7895998904395694,2.588841423215829
CTRUSDT,30845,1202879.70714,12.70186898929425,7.815552950371522,17.00756402653231,10.153765,158.731675,47.154302396528294,-7.027722680682052,-9.758823995717927,-9.4318129507521,34.808782334148006
EULUSDT,27019,1194139.34193,8.446918794393389,3.952491099164282,13.083464809328008,41.1592275,315.568775,15.092977770562754,-1.8782915621679965,-0.9392333546161025,-0.9411354776935434,5.6960041317064745
MEGAUSDT,12940,1177563.5048699998,5.7290174735030615,2.9407440082329432,5.79206487112632,637.8061,1700.61988,12.608914357550159,-0.8189850874382136,-1.6645899281808376,-0.9380786644894638,5.835219562751762
KITEUSDT,9424,1172431.94398,8.413180649685136,4.9050865747775045,11.24648547328914,64.95795,397.789805,11.9456904318903,-3.4195076913294704,-1.8434886230264687,-1.9177631260773484,3.5560829533924383
WDCUSDT,13228,1164990.9161,4.922817257990307,3.8178184783308495,6.296568370237797,108.24830000000001,459.91610000000003,10.077820018956862,0.051960490990485095,-0.12576020806277752,1.6246809085312384,3.541032331659713
HAJIMIUSDT,25880,1159260.6763,20.03721196507818,14.967819188744626,23.823704586062163,41.63779999999999,338.3761,34.23706519416656,-0.4853075856896271,6.507174921240881,7.5183141964391575,36.175283400320666
PANWUSDT,3182,1157290.5642,14.153511159500237,10.885612961910198,16.862278013462937,286.26379999999995,4754.908275,8.170035643336993,0.9096406145225677,-1.8403960646411905,-5.16212149723155,8.547720690039677
CFGUSDT,13553,1154479.6450999998,9.685230024213352,9.573958831975968,9.799118079373136,197.98685,3708.4991499999996,15.466517798401213,3.4343572161088813,2.2384184173088193,1.3167499370404891,13.549631270151153
BABYUSDT,24440,1153605.7670999998,9.064539521391945,6.38365783594005,12.146694697499763,55.645695,281.24298999999996,15.318716235910337,-0.25412351286788226,-0.9665319226020386,0.42968028085198684,9.04203232160041
ONGUSDT,20145,1152091.21254,3.872716710771105,2.5683832027746405,5.217845030002397,60.112885000000006,590.3329200000001,12.583034613995455,-1.2819310085213766,-0.5449454810229998,-0.25886531097006854,4.279353966367313
SQDUSDT,16573,1151358.60187,15.97699312989341,10.568962480183986,19.58224543080973,65.31141,973.695825,25.500128129650356,-5.747026329809916,-11.394671459171747,-19.6184617141119,18.075694942995487
BSBUSDT,23049,1142656.27835,5.416237881168647,3.2493907392366363,7.758381823219797,27.833597500000003,253.72522999999998,13.121922932209568,0.062358953737964386,0.5409022483055944,0.578064211010008,7.2623407906906605
ARXUSDT,16815,1142140.1923000002,12.437810945272261,6.371455877667344,12.730744748568155,96.97030000000001,1054.0810999999999,18.813605362819494,0.5947781231934337,1.863229675609821,0.7207871726693763,11.804317640112115
STBLUSDT,16054,1140679.48044,14.998125234345096,11.335726431134999,18.365472910927984,164.57066500000002,1096.9877900000001,24.67784883371888,2.107091160325645,-6.371142003182787,-10.015646459768968,19.19039517705379
KAIAUSDT,8652,1136137.34663,7.127583749109998,6.9613644274287,10.643959552953264,299.8193,5760.89983,11.973761874242541,0.7678565910958404,1.8302978122918836,1.8634905421249905,14.44917033903842
GMTUSDT,25447,1131461.730593,5.627462014630928,4.119464469618306,7.883326763894271,71.52898499999999,1037.548719,11.564795044703649,-0.8360797315736046,-0.2952634861321328,-0.2820731372263857,6.580811419577457
PEOPLEUSDT,15508,1122702.796437,6.363347120587376,3.8572806171654106,7.662835249040946,44.100818000000004,2003.817342,12.987459512904328,-1.9989401621891922,-3.221479011612095,-3.142174007400363,6.9316536083258224
SAHARAUSDT,15428,1121927.6359720002,4.712535344013663,3.4378043889297327,7.016312951543861,77.474569,800.9728065,10.575626081548428,0.45757670863972993,0.6495468438734864,0.14547453397803287,6.262498646663465
AIOUSDT,35014,1117433.2056,18.24579695034372,13.015749056358565,23.276865382128488,44.71425,272.7705,36.596469043403296,1.407877439220436,0.06742863879685655,-0.4209737079966546,15.490711134457081
TRBUSDT,13306,1116398.2020100001,5.866478939339441,4.196265323860502,7.5857038657902995,86.63295,645.51333,11.621868162147349,1.118105347852197,0.875655835202765,1.049551538053666,8.874654833877345
DEXEUSDT,16216,1106999.1157999998,5.572582892169907,5.538631957907017,5.6322162771056705,285.31285,2105.28025,10.565304415104935,0.1899183992103781,0.11450867321460224,0.5967656076424066,5.285193923368103
TMXUSDT,33645,1096158.5145999999,37.52345215759957,33.613445378151056,66.889632107023,358.0387,6263.027599999999,30.12004698477125,14.864156308584292,13.9199014529098,17.17643775897738,39.916938487648196
WALUSDT,19084,1092889.37556,7.1890726096330635,7.102272727272438,10.647737355811456,86.09314,1069.106465,15.307287619954247,1.2857181901690338,2.3264452531594655,1.6595191522203774,9.390663819216897
CVXUSDT,16763,1084235.953543,11.403356553211378,9.459560379378223,13.576257840288612,33.90789099999999,294.2012195,14.16553214953781,2.7898268685110423,6.508119115531701,5.497739242571243,14.750169040917877
NEOUSDT,7934,1082307.49557,9.225092250923542,4.836759371220749,9.583133684715975,218.44890499999997,9827.76347,10.165726168260491,-0.6961877775809674,2.2304855689175462,2.652840400488881,10.755519154812262
PLTRUSDT,4358,1076734.2256,5.803493703210651,3.511441446714009,8.681811604688509,296.2005,3243.7185,7.59440674155412,-0.08624598140572765,-0.4383625864005016,0.42194627903358983,3.3437039655667493
MINIMAXUSDT,12803,1064475.6278,9.955201592831454,6.849315068493004,10.24765157984546,177.37650000000002,1943.23625,21.250714289753592,-4.530221617160434,-5.874343044305796,-5.365017620744472,10.147645204733166
AAOIUSDT,11201,1060280.4569,3.114456267843357,3.0726686126902374,4.110996916751494,124.57229999999998,1136.8092,11.34276401867536,-1.0631658752777653,-2.3923255243393053,-2.2785551542311127,4.442348633763403
BLASTUSDT,24559,1059903.993001,11.74743024963318,8.437631837997673,14.98576352465032,46.06924275,476.58268724999994,16.3722231715985,2.5416288954365918,3.2442915374475625,0.9387514497259345,17.82434745481909
TWTUSDT,24562,1059663.04902,5.817899738196025,3.9070130884934158,7.756447547024761,98.95345,695.24488,11.222465352967355,0.6703673876870376,0.16339486420720567,1.153296419206333,17.429405571026404
GRIFFAINUSDT,20700,1056157.106201,10.67717958194806,7.579904830084076,13.176315572758286,40.0180525,290.0448845,23.739067192655835,1.3443594676053168,-3.7439057236693514,-1.8243222705100706,19.566083337361867
CTCUSDT,25759,1045606.8830700002,24.70966147763778,16.79731243001116,31.54885142462791,52.504305,472.80595000000005,25.821268116197245,1.7277891234760017,-1.3228658135252682,-1.4029978414954762,26.2926651929466
MSTUUSDT,10315,1036409.962,28.924955809095245,18.99936668777667,39.17727717923636,204.39600000000002,644.7469,26.42086212219797,-2.362663511333603,-4.966722328745824,-2.085998378313545,6.672918780763308
CROSSUSDT,24176,1034802.73533,10.689879115530092,6.942636466197756,15.036998931581318,22.33844,191.068155,24.618104306519218,1.7999592447985364,3.2984272590964303,5.359134268456947,13.400173508024167
SYRUPUSDT,13223,1031407.9252500001,8.56531049250413,6.063574243803213,10.904737648171608,68.89206,312.97808000000003,11.760338495261838,0.2688704374002443,0.18761480813043294,0.1419307011477056,5.0277022623899414
APEXUSDT,13295,1028168.3550300002,17.286084701815533,13.046314416177202,18.903591682418888,94.03284000000001,2143.39895,18.047295044956467,-2.6415992446303034,-3.639364878031887,-4.695683568143998,20.220209266597553
CRWDUSDT,7049,1017037.6366,12.598014726644456,9.751754255792319,14.990256333383057,63.723299999999995,2684.682,8.309815053107727,0.06514213202718075,2.305966776057864,2.656341715171477,4.518625508809713
FLRUSDT,13185,1014978.92812,6.052352852170772,4.524545660205913,7.577479730241413,146.565645,640.09347,12.702103464990214,-2.12420207973527,-2.418478041260161,-4.197042502045303,5.446646769543972
GRTUSDT,10677,1005968.7929819999,5.785363031529991,5.591277606932956,11.273957158962338,385.40112450000004,13886.538906,12.101923869506948,-1.2736579742218848,-1.0226905866039522,-1.202024236174962,6.129486795077655
WUSDT,13854,1001724.3722095999,5.3036329885969735,3.9936102236427025,7.3742428232816035,83.9302084,1027.5021646,11.99266743706857,-0.20979563972917142,0.10100041069867156,0.5921635211805508,6.073283878059704
ALTUSDT,17083,983955.237311,6.329113924051473,4.584001833600016,9.170105456212637,140.626926,771.9085355,11.433366619102914,-0.7528538208957879,-0.7740724334995942,-1.040133286750864,5.675519549305372
MMTUSDT,13712,967237.97847,13.08044473512137,6.6291017567130766,13.27140013271254,162.99564999999998,3543.7142000000003,19.282119846300464,-1.3360168115441273,-1.9103925209004184,-2.707090455796488,14.32772451917311
HOMEUSDT,26745,965887.7843,1.9228920296127925,1.9013214183860303,3.821169277799514,68.76482250000001,557.0073325000001,12.021684389181361,-1.293365668668571,-0.8267044712432587,-0.40671981402545987,3.9463166549543254
ZETAUSDT,13683,963171.5911300001,8.712066211703862,5.959475566149934,11.60092807424748,131.897,2115.2402700000002,14.352886051490414,-3.711106601271838,-5.6747872864351745,-5.2823663476524585,8.244369978441572
BEAMUSDT,10497,955601.5117800001,13.271400132714668,10.34794981244366,16.276449229998462,162.15346,1033.9777525,14.31998697159154,-0.7028428081376277,1.026416385814382,-0.18855866988366152,10.740467363725607
BEUSDT,4913,952134.9397,14.515211549400936,10.011840930033628,18.154077908031073,165.147625,3438.29405,11.255183478129144,0.330805001336429,0.7211225755631082,1.2825356460342445,6.424540519359005
API3USDT,15919,949798.43517,8.602150537634655,8.38926174496552,8.83002207505544,143.90595,1928.00781,12.837041008854019,-0.10358345134815809,0.18610059087788436,0.13533181908956768,7.312069848543112
BIOUSDT,15497,933189.22434,4.031445273130253,3.967466772465619,7.949125596185474,178.26542999999998,5239.44874,11.424127631753793,-0.32919352472938457,0.06383357034814445,-0.37765909722027263,7.69979856452153
TSMUSDT,7826,931312.3768,4.114379757250604,3.1384667382879776,4.795473073419783,158.03725,957.72105,3.126627933898399,0.38621735194352674,0.5140015444063223,0.30933713239141825,3.127478032674563
ATHUSDT,13261,926631.0667399999,7.010164738872293,6.6822586034088385,9.153318077802432,89.039285,1645.7552375,12.729352275460993,-0.08362233123976828,0.4869615494195424,-0.2064838497948686,7.466377880401013
ENSUSDT,12236,921709.2235,7.316627034937713,5.514705928940131,9.093389106119657,107.6948,2650.6477000000004,11.294452446357438,0.03134611140196948,0.23652795745296057,0.9898268095176417,7.5787309394054745
SIGNUSDT,13481,921532.9974499999,10.633670066219336,7.778317938745093,12.516247051460187,52.25532,500.930395,14.501252295393714,-0.3467238296232347,-0.15363237170217384,0.09792828932836217,9.460886614071603
RESOLVUSDT,9552,911362.7269300001,11.841326228537113,6.051437216338635,12.202562538134627,165.90927,3324.11665,13.685090119578735,-1.7294995213481947,-1.931970825635045,-1.4210882908968012,8.291563750313854
1000FLOKIUSDT,13936,901987.22458,4.150238638721557,4.119464469618782,4.302000430199867,97.55604,19521.757165000003,11.025302354812574,-0.15102076425020738,-2.6770370845600184,-1.0603379115987512,8.55098569005937
GPSUSDT,28704,896714.1060629999,5.59962669155464,3.7292560134258164,7.641608558600943,35.257262499999996,209.70863825,13.638830254279283,-1.817387658988726,-0.7759392433947451,-0.3852638066738808,5.726309835299117
BOMEUSDT,20484,896552.3113200001,3.508977133166402,2.325311010347691,5.836689429754951,31.256895,397.38979,14.243577914397841,0.42321495936067427,0.5466820438825554,-1.1719747824340336,6.4800411271556
PORTALUSDT,320750,894240.1671705,8.64350926476264,5.3521729822305675,12.98631026459592,19.62633585,139.45911595,17.33087346498384,2.0561009307127454,3.2388042545261646,4.030339995690204,12.971217770737889
DGAIUSDT,4107,880645.861,9.202655623480364,6.656460094521,12.978585334198584,406.9569,2155.3548,11.49288368780889,-0.45793038707074535,0.6585161251328726,0.49524674936275936,4.472951812351655
1000RATSUSDT,10935,871172.5795999999,4.922471080482201,2.4651793417978705,9.512485136743235,57.344575000000006,1508.84045,13.706962424300453,-2.380505939422734,-3.3296709147249453,-3.5824853457084562,8.004097768092793
PROVEUSDT,7834,867984.8938000001,5.363368195226012,5.323396326857425,10.632642211589884,162.33659999999998,5225.90545,9.281731240699868,-0.7473891592282433,0.3565730258794932,0.023398448688580858,9.220992850417234
ARIAUSDT,18485,863237.80585,16.157699143642407,9.902624195411379,16.5480721495939,49.23918,371.91169,20.02867214189031,-0.3806450525837099,0.2988896550307765,0.676503387644105,13.746568349512234
RVNUSDT,16994,861081.4020850001,9.60153624579852,9.358914365934794,14.02196774947401,110.13369300000002,1198.131102,12.427643345229134,2.647834048534018,7.4120586445670025,9.889632611249263,12.688227661804213
SLXUSDT,15648,853911.23122,3.381234150464782,1.6796842193672732,6.738544474394426,42.9988175,429.531015,12.946069942469155,-0.3184928246129172,1.1186027482450962,0.6426802692547112,5.655112233505647
BSVUSDT,9520,848283.21913,7.5857038657902995,5.782352260898584,9.35541210590362,31.850080000000002,238.60181250000002,10.724610415325557,3.900198984713169,2.1312353695434143,2.912880267199259,16.09170312305252
1000NEIROCTOUSDT,7619,816816.73648,11.047689191676529,8.587376556462075,13.292248202525405,99.964085,2113.77912,12.146929071409343,0.36570161537982665,0.6680674203022896,-0.6004303390176602,8.677245621268613
PIPPINUSDT,13267,811074.3108300001,5.849663644340213,5.819028222286641,5.997001499250129,263.87818999999996,10641.300444999999,11.365367442400718,-0.8271931943120926,-0.5913947632111575,-1.1620027751039754,6.2213739020242995
AWEUSDT,14271,806704.0062000001,11.211660126531692,9.564801530366749,12.804097311140152,105.8957,709.3625,14.388040622230362,-0.41698503715701096,-0.6587546310861124,-1.4559782658483316,7.887023556472407
BIRBUSDT,18923,803717.32522,10.302450511443167,7.636502481864584,12.495607527720871,22.667835,244.88191,19.382682147591513,-0.26276278160628663,-1.7685708089108194,-1.4940792145687045,14.759487552167336
OPENUSDT,10293,802396.80157,15.244455736635018,10.23765996343702,19.0451773773747,69.53499500000001,474.30064,14.95621582122892,0.2777355288106611,2.5664970198916204,0.853241623920275,14.989157018655977
GLMUSDT,21707,795474.90705,8.168822328113716,6.021246398004441,11.26272471301635,24.63288,199.32495,14.885351815095659,-0.9615393813445748,-2.138881232985351,-2.634502837772429,7.622387574879895
EVAAUSDT,24692,795261.61231,9.981036031538974,6.05877006967631,15.315610983480548,10.321000000000002,198.08533,27.641168184411555,-12.18880485359252,-13.39038435297805,-8.653567132468813,34.3675541520304
NAORISUSDT,16342,794781.0002,16.22498647917915,10.772959870725913,20.838760093773573,30.317999999999998,312.6309,22.604146216697547,-2.1601711661048335,0.40464039769323923,0.7984463642692209,13.275290925858673
DEEPUSDT,7552,790728.1115000001,13.531799729363453,13.097576948265175,19.69149983590451,347.4522,7775.4424,13.44374591088495,0.37785744006647354,-0.25662866546517493,-0.9129819586539561,10.59446651530865
XPINUSDT,17643,782898.64586,15.46974474921137,11.05311636475244,19.038553069965854,21.710965,181.33918,20.950943595573698,-3.6803380810997828,-2.370772781144803,-1.8218869805723106,10.292675932717048
RUNEUSDT,8283,782086.9070400001,11.54512218587733,8.16826628548114,13.791744655699617,102.122605,813.04329,9.480459930464443,2.018651553668267,2.1368847054672626,2.8677802042341947,10.655687718313551
DYMUSDT,16314,774679.854232,13.7080191912275,6.956521739130151,13.888888888888323,61.490553000000006,825.661903,23.096342963882357,1.9269938179558235,2.8176413947977843,5.115452445744405,13.069059902218644
PEAQUSDT,11686,772285.262028,9.698537137315007,5.0679956438952285,15.233581584293038,51.449562,769.0589205,14.123273194662493,-6.213458893931388,-8.77346740659973,-10.678615215760825,9.714246527636035
JSTUSDT,7698,770678.8631,6.059819071116358,4.340466166066962,7.76900168328428,79.60155,554.8789,5.192728379591236,0.1746239665359644,-0.8603362979659979,-1.802473204484096,6.228181157113864
NILUSDT,8705,767197.13732,7.238508867172231,4.806536890170436,9.74896417255796,59.60646,1149.0776799999999,12.535444440837205,0.3490758593489467,1.8877415980189078,0.5756105940940172,10.116634333533328
BLURUSDT,15552,759427.785196,7.11237553342911,4.718372161602828,9.02255639913813,35.8530815,253.83978000000002,12.700842191112866,0.054585670695847285,0.14352019655407086,-0.15879081902287728,5.768614600885876
GIGGLEUSDT,12709,757543.3147400001,8.681811604688507,5.787037037037941,11.68565585743475,64.55285,763.575495,12.48685949578757,-1.5554307286103994,-2.5218067572224174,-2.26928575112566,5.851839575748039
FUSDT,10876,751310.183952,9.417673834562752,9.18133129303871,12.25114854517641,111.48014149999999,2827.3353799999995,14.371313459332717,-1.345556105312392,-0.1163763674013872,-0.9145328050603491,7.437669399882654
MNSTUSDT,10179,739587.723,13.339261894174113,9.035464196972928,20.024474357548872,68.03349999999999,323.9367,6.634327429239,-0.017730824339220463,-6.17879036913116,-7.744392344381881,8.88643672090802
ONDSUSDT,4889,736130.8848,8.295313148070425,4.15196180195158,12.565445026177246,32.6612,377.404,8.94687250534375,0.640111031515934,-1.6055772477487131,-5.667730543778928,5.166215110011667
USUSDT,9100,729220.0198000001,18.826482585502845,12.330456226882031,25.75660012878307,65.8767,1075.2039249999998,20.1379956187653,0.5703079848439552,-1.1762321065118664,-1.430919985282566,18.216842159165274
SUSDT,12068,727899.8113500001,7.671653241273182,3.85876905267204,7.8064012490238825,113.50843,3067.22887,12.187373188556666,0.5630964503752556,1.709128413830285,1.9852241029158986,8.556952485601204
DRIFTUSDT,9814,726262.8477,8.996851102113894,8.892841262783097,17.73049645389999,187.560245,5028.036435,17.42282330371767,-0.265502635320864,-0.6863104061821593,-5.073253315474576,14.452099240983927
ALLOUSDT,15355,725560.3232,4.667444574095168,4.609356994698731,9.132420091323196,89.14605,12602.224549999999,10.804263988015128,0.5023868978838534,0.7312872314460879,-0.0617839738014384,8.11472914344722
MANAUSDT,9344,725456.9669679999,6.884681583477917,5.411987552428408,9.47418285172912,115.78247649999999,2192.459166,10.461534357136136,-1.8408368253479532,0.05099662927580561,0.564647027530917,5.662315722417148
SOMIUSDT,11580,724617.567147,14.139985860015198,10.796949861665514,16.84238892444506,124.5294665,520.35348,14.518724934434301,-1.6607732265423634,-1.0053859484366752,-0.8036001560004119,8.558823207141282
INTUUSDT,10279,723453.9554999999,18.22157434402229,13.01590664870694,24.380333197887104,36.6199,167.9624,8.597394492189721,-0.15503751019295653,-4.631582251401495,-4.5596744269926,3.842476744879774
ELSAUSDT,13505,723003.8393599999,11.630160883891753,8.110300081104077,13.890266891556823,29.63405,385.938495,15.841673978703659,-0.010822210857063483,1.1229569689680414,3.9499212100007837,10.15466481685488
BRETTUSDT,9794,720099.01401,14.354557572029247,12.175324675324532,16.413623307345496,116.0413375,1581.86942,13.84824936951893,-0.2971927413263756,-0.0017003911631651273,1.0178631490110222,9.85335406930788
SOONUSDT,8407,717760.837,11.173184357542219,10.964912280702068,11.293054771315965,203.4661,2761.6236,11.79353741787601,2.9038112593484287,3.6134863680225924,3.852217002472092,11.75564167566204
BASEDUSDT,9055,712605.72418,8.071676487205504,6.404098623118535,10.992030828510773,80.03319,907.231055,14.158993427095135,-2.120078114357589,-3.011146665246244,-5.132881937215627,7.814247221221314
LINEAUSDT,10096,711217.14658,4.074149521287972,3.950227138060963,7.908264136023193,113.34432000000001,1417.28582,10.29427355959454,11.003981396727546,11.55223329402088,11.377689484725849,16.102864057074836
MVLLUSDT,4610,708194.669,7.751937984495959,3.9424403705900106,7.933359777865757,68.1976,9695.04545,17.252872054171522,2.164546793559679,1.8518721721696723,6.865211237561532,7.766358941625894
CXMTUSDT,5804,704438.9228,6.1413744396005425,3.72139180053354,6.199243692268309,158.03255,1791.56095,6.966375028899363,-0.7078938767578495,-0.9419354588793276,-0.9966343103379841,3.2220160279877357
BIGTIMEUSDT,9287,703163.140681,12.05384048751132,9.447331128956153,13.92175971042683,105.4020325,969.36170525,14.427475318522486,-1.7414725390953438,-2.1221107360019893,-3.467799624193091,9.124646193465326
SHAZUSDT,7944,695429.4889,14.00420126037817,11.437285550896354,17.6004693458485,82.3678,481.65740000000005,13.172851400168684,1.6522580913522478,-2.046886884609293,-5.879232999548456,11.508081879960116
WAXPUSDT,16298,694503.8359000001,22.722969134633324,16.748860147018384,28.79458672963574,62.03505,306.06976,23.815570779380625,0.32725384404166685,-1.8796742113142384,-6.527734644006817,16.748944133496398
BNCUSDT,9599,691358.9253,12.200081333876021,9.757049468240597,13.920652281991991,26.6777,317.47715,12.46615298606118,9.126438914869064,7.003385394784669,7.816659772859487,14.397648798242713
MEMEUSDT,15505,685518.7121969999,9.29800092979931,5.637508221365275,13.117211655578801,48.59161775,408.53444125,12.33481806915806,-2.2053594644481906,-1.7755991898440764,-0.7014413705191238,11.495309675420541
GRVTUSDT,16604,682422.11781,5.336653917993818,3.57015351659983,7.128536427081938,39.624829999999996,212.06312,11.858787595147966,-0.4047501433370741,-1.2716993300056232,-1.7123551091075917,6.763660906555025
APLDUSDT,7468,681386.0917,12.644889357217105,8.103727714748612,21.244954323347,65.88145,671.9678,8.637387430148792,-0.774183691780264,-4.2550428242033425,-6.762626293858581,6.49604417295914
SIRENUSDT,10080,673656.55057,7.9713033080905475,4.000800160033232,11.921319292669281,160.74438,2164.8049849999998,10.834384485039852,1.1021657836945777,1.8474066628565629,1.4747050988510233,7.0168482678605475
DOODUSDT,7334,673284.2665599999,12.845215157352804,12.224938875305922,18.320610687022683,617.43929,7390.17602,13.868094927213027,-0.49958363310427384,-1.1264799842644835,-1.7265846058448582,11.387246829759953
RDWUSDT,10165,663370.1194,14.925373134328373,10.522791409575007,20.20493577716919,43.33285,227.993925,12.289305347254638,-5.036220960663269,-14.456672405856933,-9.839292288147705,3.6400456236768917
HYPERUSDT,9628,654012.79371,7.232226802631734,4.512296006618372,8.750182295463121,72.909215,1097.41775,10.99726356791687,-1.7893389261723027,-1.0843031769718825,-1.6994141562509986,5.941102623991072
ANKRUSDT,22487,653772.5869400001,8.324661810613243,4.371584699454132,10.973334796444192,50.28066150000001,482.03128849999996,15.046072356247064,-1.3298740225090346,-0.6266106872382322,0.19347527340061035,10.062511661419329
MUBARAKUSDT,12410,644841.523163,12.174089479558116,8.558200041248412,14.577012390460997,51.916500750000004,452.31502975,16.29675044979659,0.5632288740007069,0.9282255383680011,-0.20113175926360177,8.268565063624537
BANUSDT,8706,641617.6351300001,10.3542637378893,8.815750808111153,13.350144626567788,30.09231,2416.8988200000003,13.661074945672643,-9.680748018625621,-5.013936063880508,-11.038550863030794,16.46146571058634
PNUTUSDT,10029,641322.8130399999,8.76808417360771,6.626173384869201,8.890864636585546,106.8198,1004.2107550000001,12.388812320404629,0.5634587490925482,0.5135769277234212,0.6745979422582157,5.2999021411515015
ZHIPUUSDT,10232,622156.0455,10.223206679162084,8.082674210496783,11.020498126516259,65.3502,1952.7534500000002,15.642690192224421,0.3198208896934926,-1.3011783874082756,-2.3184521157241496,7.131523580259013
ANIMEUSDT,14272,615683.9805749999,6.385696040867917,3.396162336560138,6.870491240124581,66.532966,809.5694245,12.405467956100757,-1.3670636991625156,-1.6598259045908814,-1.3655113280921145,8.234018489916647
KAVAUSDT,17924,611709.2065679999,7.563724377882838,4.574914220358711,7.628346937219982,29.9816435,265.247279,14.150926071710254,-1.829938601513493,-1.4699059297222279,-0.34510188457744156,7.395163169735954
AIXBTUSDT,7998,607036.2821,10.36806635562605,10.178117048345642,15.278838808251718,324.60685,5142.043299999999,11.793914740296307,-0.03348893731634385,-1.3742045156084235,-1.9371535683698673,8.432463842674863
ROSEUSDT,6845,603430.941675,9.103322712790062,6.096631611035712,12.071827372867553,41.900874,788.1319139999999,12.154062797900641,-0.2627792495357205,1.7372223275296466,1.8576745698329808,16.537842702097908
JELLYJELLYUSDT,8607,601787.8647,12.638801119435527,9.212344541686123,14.469162597214096,116.47325000000001,1025.5739475,10.155083882985297,-1.7603930922204847,-2.005690743866546,-1.5306630526011296,8.603510645036128
QNTUSDT,9898,601567.7493,6.354249404288983,4.721063813046052,8.021175904387128,96.29014999999998,608.3344500000001,8.97333069640213,2.6101407560945344,4.202302239343085,2.641642611076104,10.245349766791431
ILVUSDT,19027,598959.06129,9.289363678586994,8.664259927798163,12.169151201703691,94.52774000000001,1460.46233,14.007951065952483,-0.5900429141831656,2.2515664878588524,2.1231482787173315,12.493603041722524
AUSDT,10279,594063.4347900001,12.344155042585976,8.656402646386029,15.708862416547845,127.75857500000001,594.119925,12.838052204154817,-0.6571564198998303,0.6351259443082561,0.975911352303597,11.906164452791641
UBUSDT,9254,590316.4595,10.384630746494489,8.275965842831809,12.364760432768255,52.43235,374.11404999999996,13.522766378119288,-0.15649741509531964,2.0705792297156207,0.3721486949323759,7.448954589076671
ESPUSDT,13707,587325.7525,4.850248575239284,2.38834487700097,8.333829394605242,22.31935,289.65905,12.013586609108906,-1.2867092865981349,-0.686393365664621,-0.48786214256797933,7.019467516516738
HUMAUSDT,11040,585692.58934,8.69565217391269,4.41598586884504,8.853474988932797,68.3828,1018.3921700000001,14.584574517396794,-2.546864561972661,-2.654052191016661,-3.3386944543784907,9.293750423125413
SPKUSDT,6978,579909.6569000001,5.477951246233685,5.439216752787377,10.88731627653739,83.3648,2940.417,11.541373231930573,-0.3595094468928737,-0.7472526019250798,-0.05561124843548414,6.478906593976368
AVNTUSDT,13217,579844.4640800001,6.140620202639506,4.072490327835306,8.13090761256192,40.775639999999996,271.24892,11.845365109519257,-1.1446471271448375,-0.9543207433702565,0.2892487734036464,7.4005142168744875
COMPUSDT,7550,579509.3163999999,10.240655401945505,5.2069773496493434,10.427528675703636,194.57500000000002,2190.4737999999998,9.248646795303292,-0.1843283567269849,0.6393823007053343,0.0031837279363948275,8.756787607012791
HOLOUSDT,13601,577118.11774,13.458950201883704,10.102710894089503,15.804723856352588,91.017105,533.850685,13.305718492818484,3.2697676472014376,2.9724657696032444,3.8288310175621034,12.397086454359506
KATUSDT,14958,576520.7037899999,11.176930814797801,6.953297021672031,13.701758392326855,44.47257,477.816765,14.011883428287462,-1.5377932555964722,-0.5079014475543883,-1.8300529244902064,11.276529892616054
OPGUSDT,12375,576141.23017,8.855217198800288,5.790946819804132,12.677361158516273,18.090795,201.04672,15.889716538642526,-0.9823958438680309,-0.24666148256403334,-0.9098560779018123,10.020487248059844
TRIAUSDT,12203,573403.3672499999,11.737089201876948,8.679299869810398,14.415453366009023,50.621125,387.32665499999996,18.212304696826166,2.204244467662744,2.8590857564413734,3.928431499806442,13.16482398107158
CLOUSDT,11940,570226.26711,16.160109391510364,9.963570723623345,21.26461942585571,38.83441499999999,255.363635,23.215047432890767,-0.5444127496499772,2.516717718517831,4.750113343125785,13.314666980318902
AZTECUSDT,6399,567448.3653,14.336917562724674,7.291286912139696,15.349194167305592,126.26815,2916.9809,14.427718946188222,1.6298205379639352,-0.26512544435729596,0.3605482234349456,13.282147699932775
MELANIAUSDT,5783,564020.461157,11.786661428151358,8.87792848335318,14.379622021364137,129.7827705,1446.0262440000001,12.963740150873273,6.248669476937583,8.777636266677742,7.153113854635476,17.432386601419942
TACUSDT,16574,561997.29693,11.086474501108917,5.706134094150732,15.278838808250393,64.27717500000001,1042.04187,17.694884255821613,-0.21984643106814544,-0.39921624396697736,-1.889025811688589,10.671888339610712
MYXUSDT,16221,557605.09601,6.870491240123389,5.104210974053976,8.752735229759551,32.01311,177.96867,12.63672253219951,3.6513374152582623,6.814160464437134,6.766887671938164,17.949365010502916
1INCHUSDT,12431,551398.144814,5.405113237121722,4.296916962079533,6.492803809110553,53.15859625,601.5071425,8.896557774571884,-0.018321262222315293,2.245292900681784,1.675905194261624,6.215792993203002
AKTUSDT,8926,543883.78183,17.53531417437919,13.919278553341353,20.75275917366267,106.84828,537.406225,12.008711716897235,1.1804626676672818,1.490074400220565,-1.0125335014532455,12.932229154423418
BICOUSDT,12987,543204.4453616999,9.386733416771307,5.282062117050282,13.85927505330582,31.14841505,202.13787839999998,14.813487711178905,-1.091738272880181,-3.0369510045182455,-4.894499552060289,5.983414268313825
SNOWUSDT,6476,542485.4672999999,15.127425404813271,7.427064136768055,18.169154831480054,43.1425,307.09889999999996,6.154168730542268,-2.431200611814118,-4.640820172621847,-4.961072069626034,1.2018202132582518
POETUSDT,6334,539080.0263,12.452438602560141,9.327736691318107,17.39246772359342,39.2314,226.36145,7.083962751449849,-1.4616150878524943,-5.890682913621355,-6.518992224809885,4.738422637418392
IOUSDT,7364,523536.63256,15.220700152207437,7.803355442841729,15.552099533437461,148.819165,3777.0247149999996,13.287180517375099,2.51551891137073,2.0141387143127165,-0.8454216428671097,13.089613264482733
ORDERUSDT,8914,522870.50761000003,12.48439450686591,9.405862987929847,14.6391450739281,98.30714,1245.68868,15.266033186622991,-4.333256163856806,-3.581320944184331,-4.236750433918811,8.921301129264144
GOATUSDT,4405,522598.0227,18.376722817763415,12.61829652996794,19.0536678310567,526.989615,5176.60814,12.138266478766136,1.0555621644911795,2.4509894686978297,3.7478736331239717,14.675858053145992
SOFIUSDT,1101,522105.8101,11.428571428573214,5.846243788364811,11.702750146286208,6301.3669,22093.2641,6.22831811390364,-4.67723582607173,-6.7984294205040054,-9.309937575812448,5.423338421492947
IRENUSDT,5744,520310.192,4.7483380816721565,4.627487274409075,6.96136442742804,112.05850000000001,2265.8535,10.353563845723551,-1.0396010078540978,-0.33248435771554585,0.5459627821397474,4.491176678699392
ALCHUSDT,10859,518340.37638,14.954389113203078,11.305822498586311,19.112627986348294,143.23048,781.271075,15.894561017075818,-7.181535472882028,-0.39103330405309367,-1.3047948429627423,17.483363370783014
ENSOUSDT,8312,517614.25534000003,7.789461970734257,5.539245554756063,10.010566709304399,45.79764,418.360275,9.734987973067852,-0.2078589391424714,1.1103749444119866,1.74507529628732,5.546924414038881
GEVUSDT,9575,515940.37762,9.653770365196713,6.290840040085666,12.816332954839137,27.289144999999998,312.442015,6.202120073391361,-0.6688931802391521,-1.5136341016813546,-3.1551244496684028,3.3118073795310847
FOGOUSDT,11826,508741.46921,9.541984732824314,6.386715631485972,12.666244458518355,9.972835,203.43232999999998,14.469304444816112,42.26481543442726,45.29991173274495,41.429166630998246,45.87512747140777
EPICUSDT,7582,508657.3178000001,8.376378612313905,5.577244841049456,11.315417256011639,88.90445,1489.20415,11.511760596612003,-0.914050547844091,-0.20801234209630876,-0.33405496009554647,5.420424327963982
BXUSDT,6606,506169.6965,7.016176183979998,3.903352980210888,8.644740461314742,57.6876,338.0742,5.541388504208773,0.11659824839003413,-3.199189938072437,-4.769257260346501,3.6691479415738426
FLUIDUSDT,16350,505814.40766,8.812125484665932,6.978975835297338,10.908328088943628,31.898989999999998,225.72253999999998,13.164017608627127,0.5075635373608559,1.3393541973905205,1.2745001728644847,6.279646247117852
FORMUSDT,9255,504119.9382,8.532423208190187,8.361204013378165,12.682308180088553,17.38125,559.3525999999999,13.232895567678828,-5.2877704252642355,-3.9736555692531006,-5.224710035085088,7.20047795165742
BATUSDT,9416,503760.334299,9.102139002665707,6.618571712223773,11.084170472315558,95.01671200000001,395.93486299999995,11.257027403009115,-0.95493378943673,-1.0029513552373654,-0.44103524011901496,6.122443809101824
BROCCOLIUSDT,7581,501560.010073,12.80374091908714,9.474710881985857,15.252083623289963,35.615284499999994,569.7716165,14.765428347470648,-2.421817889395096,-3.9830109456079144,-4.605643629091886,12.351473164892832
ARKMUSDT,6742,499220.90450000006,10.106114199090738,7.267064624967623,12.866828326816572,58.294125,492.68444999999997,10.183290238876339,0.5078934950729819,1.1404745772219387,1.092149076862261,6.905083138400535
ADIUSDT,7840,498021.9837,14.298677372342556,10.252289541517104,18.727623244285507,21.766799999999996,128.7985,6.449022143385682,-0.5101873176607309,-5.477318450350111,-6.725239265778273,4.620718713867469
AUCTIONUSDT,6393,497640.1751,8.827423863469512,5.988023952096478,9.275003864585296,144.72575,2078.9366499999996,11.998672168450348,0.3673296673911864,1.6232642387396472,2.35605374860329,7.467340230826932
ATUSDT,5799,493472.49688,17.035194712275572,12.592788985196941,21.19585655191307,66.046275,352.11915,12.780589085539717,-5.159552793920234,-5.6429576472975835,-3.9519494243956186,1.3668298226971367
TAUSDT,10190,492293.03301,9.61261174661183,7.591573353577219,13.05361305361317,25.7816,304.041115,12.325240326139264,-2.270664370700736,-1.363365830908222,-2.3244166040772893,7.998633204138865
SKYAI1USDT,13628,492015.07531999995,7.723498744932479,3.8654812524157687,13.422175443670845,17.682095,239.11307499999998,18.479601818089634,-2.5148246711653126,-2.236728314237586,-5.075313187052045,12.137738861184197
ONTUSDT,7932,491303.31233,3.9984006397439398,3.8759689922492484,5.949429846305466,63.14288,804.2409200000001,10.186253848114786,2.44295869756681,2.627878374922839,2.941537974059654,5.859677774910485
CRWVUSDT,4397,491148.0127,4.8691418137560865,3.6843721215844196,6.082355087889685,58.15235,1697.21695,8.078544589013028,0.03961127704277529,0.24020457570726347,3.2216948029604633,9.083491543370988
ZRXUSDT,11184,481544.09393000003,11.873772662921061,9.20386562356216,14.511155450752176,68.34336,298.200485,12.451413913736554,-0.7353728442809538,-1.1832270547644328,-1.0821120154278772,8.006373141314981
ETHBTCUSDT,2265,475380.8558,3.1501023783282607,3.1060723714850513,6.21310966138527,3547.2332,27230.533,3.7033814478813474,-1.0172180770431638,-2.7901028908028156,-1.8832615766433307,2.916451058313769
AXTIUSDT,5893,475237.0307,5.2196607220532645,5.126890540887146,6.9360152592334225,85.86495,1084.4092500000002,13.346358775779741,-0.689198187097393,-1.5680817189315641,-2.8516327904916174,7.4385349769976
SNXUSDT,6703,472709.64162,9.80392156862773,9.592326139089003,14.496255134090104,272.601025,4075.9004649999997,9.806323414879044,1.5267758185059328,1.3089964653131185,1.7092347582144334,9.109999819850897
VELODROMEUSDT,8068,472028.592438,10.530084451277602,8.714235325850234,12.88525884822547,33.742641,195.5437685,11.51850492525826,-1.0341436892175593,0.13220539179132063,-0.4266118795048095,4.385877419643626
IMXUSDT,5842,470795.91933,16.207455429496907,8.302200083022239,16.420361247946786,640.7563175,8894.952314999999,11.755252195927355,0.23055637388377895,-1.1271802244063462,-1.78444505465461,7.841360127449085
DOSUSDT,7088,470399.61,9.694619486185445,9.398496240601773,14.309563558311218,89.88300000000001,680.9127000000001,12.844218714178743,1.58233124385453,1.5158462822704895,1.2148213728323631,8.506344212317673
OKBUSDT,4444,466828.9722,6.204298692665028,4.561003420753602,7.1041648166248565,97.4174,500.79670000000004,6.546125873840684,2.688787703309491,-2.651277177950478,-1.8728711199730013,10.4201908829171
MERLUSDT,11188,465073.761149,13.080444735121972,8.75656742556882,17.452006980802082,50.209877500000005,561.5431699999999,14.762553289771471,-0.7168994100555396,-0.7753268516141362,-0.6027542583942862,9.178022598940972
ROBOUSDT,7076,459286.91730000003,11.983223487117547,11.827321111769754,23.612750885477194,142.10715,1897.4161000000001,14.967980745354877,0.15430550562289008,3.530952959717507,4.74041697681954,13.239968897324383
ZBCNUSDT,13544,458863.06728,22.18893881400176,16.06903734563187,26.92973537413073,35.301,164.40157,15.141003654673762,0.894039157328118,-1.312685511105758,-0.2892379218635126,16.2492564376514
CYBERUSDT,7277,458367.39045,14.144271570012586,10.83619288423415,17.328019407381753,157.37901499999998,1021.7911999999999,11.783045242827221,-1.5291233944714921,-1.0553894323177797,-0.6224791639734305,10.765062486569345
MUSDT,7669,453233.1532,9.121590805435464,6.1047398944745375,11.902037079423932,56.9602,435.8466,11.299274165931354,-1.6589541049486893,-0.36901978334801755,-0.029659127769301498,7.810934559850657
MOVEUSDT,10742,452264.98356,12.445550715618658,12.292562999384872,12.928248222366463,335.04957,12613.72392,12.664942116228145,0.36224062431370346,1.6408900246011306,1.1158162102838718,9.990748597056859
TEMUSDT,4598,452190.7328,17.774905065847854,13.187779324493137,21.089345928788756,96.20540000000001,568.92885,12.816695223000481,6.22799030524497,3.092745822852958,4.936495461058711,15.207560662331002
MOCAUSDT,5836,451781.703293,20.256943333866328,15.55434577886594,24.112805996748666,172.052485,1197.7820565,13.817392207737468,-5.070424916066958,-4.921033264063264,-4.640919662565962,11.66052348203095
KERNELUSDT,4222,446896.57099,14.792899408285132,10.251153254740741,17.955623957932698,128.288595,2320.9226750000003,11.62714988247361,-1.5226913656834482,-0.1378616530073156,1.2465326121566596,10.086895388027509
ICXUSDT,11855,445618.65007,9.27213722763059,9.053870529652627,18.148820326678027,144.52159500000002,1017.76104,15.206679982668481,-3.8380987863307006,-4.768683379087001,-6.034571599679599,9.766526152611283
PRLUSDT,6588,444217.3230999999,9.111617312071889,8.908685968819855,17.59014951627017,96.06885,1956.07325,11.9401819425057,1.1565161313718848,3.311704482242403,3.2477796902018388,11.423372606425025
MRNAUSDT,3305,443542.40359999996,13.021279512044527,10.979208124613777,14.564621839995807,141.80564999999999,3191.2267,11.802900315688973,7.633263409586864,11.452105726019388,20.753568148811055,20.94761273012144
KSMUSDT,5454,438705.11049,10.570824524312906,8.133387555917349,13.066771200837156,170.815655,1926.8819374999998,10.963922270605853,-1.4080108374166729,-1.4456605014052157,-1.3935105504405607,7.6552392933123645
MEWUSDT,4540,438519.3466,7.495315427856417,5.105622629229946,10.118897040222862,95.62122,2254.868705,10.673240169135582,0.5833792784366567,0.932923263641418,0.8040207410086909,7.9284711768289915
TAIKOUSDT,9827,436183.388263,3.8439361906595226,1.3328890369871538,7.544322897020558,18.919482000000002,285.2457,10.965063704888824,1.9755871341904625,1.401712287656782,2.9405852435320763,13.803740215228462
WETUSDT,7914,434183.16320999997,11.170509853985578,7.026172492534405,15.173227682710914,45.202445,586.835815,11.894619462439714,0.8276399926319109,-0.1093189557354144,-0.9171587793867763,13.80016916294374
STGUSDT,5151,433756.22158,8.526547076377609,5.9018328469790315,10.620643876534581,30.94419,1308.6247905,10.344911934139315,-2.377392066547737,-2.3010535534552643,-2.451053015740784,7.20113043824977
MOVRUSDT,7935,431989.02190000005,12.650221378874141,12.399256044637331,12.861736334405157,193.98355,3474.3087,15.102139680266815,1.0435265183760714,1.3836763660591145,0.604119518714101,11.281816789150206
SUNUSDT,5817,430262.7989,5.950609937518353,5.911912503694706,6.058770069675609,573.9743,8763.68615,3.7319520454321595,1.1246080331301318,1.6608733123732722,1.7665691803782828,5.970998437624892
XVGUSDT,4724,427612.9102,18.709073900841144,15.082956259427215,22.164758034726127,218.3969,1983.0001,16.013533674180593,0.6783869080667645,0.20489208326066535,2.4057833041544154,13.636446330099577
1000LUNCUSDT,8347,425632.20128000004,6.019865556334967,3.9920159680637095,8.120178643929835,46.28466,419.72138499999994,10.034322478816948,2.136872509328066,3.7002721957211584,2.388668307854792,7.6736773913667875
ERAUSDT,7708,424544.99513,6.93721817551254,5.069708491762104,10.3716508210886,73.38889999999999,1670.794635,11.106848594925701,-1.3210231104673738,-2.1714043518937323,-2.3980796186002395,6.387165626978276
COHRUSDT,5345,423866.3411,6.588097503843306,5.136860644308592,8.107908896586217,56.37135,681.4122,10.45320521885647,3.018836071482569,-0.39947026593466667,-0.2894143462338305,9.111967426574617
GMXUSDT,8318,423573.80753,10.887316276537842,8.184422316190615,13.358268768367335,47.78094,377.24276499999996,10.6953891548259,3.937402928017145,5.599025737284274,6.976801321197513,12.589349967354423
YGGUSDT,4657,417830.42719099997,13.577732518670398,13.091861226270469,17.52080595707331,229.47182499999997,1448.0246632500002,10.022345764855455,1.906336837062976,0.8368361355362417,-2.321690934577517,8.173630778781991
MASKUSDT,7789,411217.84825,10.896807235480015,8.78348704435686,11.735711770918915,80.36791,899.274005,11.124882538762812,-1.0623130826131113,-1.3289487611631667,-2.3521444998465744,9.146171830833152
AIGENSYNUSDT,12332,410900.32249999995,5.212405525149644,5.129520389843341,5.451076587627725,29.317300000000003,534.8610249999999,15.546326209015007,2.1661445641722206,4.1521298635631885,2.575053953626442,12.38177715533074
ZKPUSDT,12209,409961.84493,6.786562606040548,4.536176003628755,7.0003500174997795,21.714135,263.12155500000006,12.514479570360512,-4.174893520376818,1.3710294188377417,-0.04764943431079822,10.958401508723655
NOWUSDT,3197,409899.613,12.91331090495108,9.888402316712444,17.68847065482718,61.71525,2841.8017999999997,7.603635320193017,1.5733510829150463,-1.4450525963292116,-2.387188152822147,5.5870460165573546
APRUSDT,11572,408942.7453,6.7681895093055155,6.6291017567130766,13.063357282822059,44.6802,1164.0478,15.293383087049849,-0.9826717911456622,-0.4274950515914948,-0.38984674953221343,8.805094457314592
EDENUSDT,10046,407130.77894,6.379585326952751,4.237288135593047,8.604000860401227,40.298159999999996,389.64309000000003,12.994271913025909,3.7114638051541347,5.909742948603211,7.583740065142638,10.637014993745307
ENJUSDT,7473,401308.699545,7.905138339920627,3.9992001599678435,11.785503830288265,122.20471500000001,2221.317681,10.299398783766138,1.7000360340394058,2.5418676598751397,2.20881239555732,7.90375208311258
BLUAIUSDT,6457,398913.43529,10.839204569142334,7.522253332776403,13.703323055841375,23.465809999999998,263.53701,12.053101556367357,-5.093064986700673,-5.117958608026859,-9.878339136748554,8.756331029628592
RONINUSDT,10345,397461.97795800003,11.080332409971847,10.057326762546804,12.663952962460538,61.594558250000006,522.3434374999999,22.619115178299886,-4.716683655205122,-3.9102074190458227,-3.968458185871177,29.21613375362186
SUPERUSDT,6958,394824.19877,8.610297916308152,5.933963463739298,11.682767917321163,90.63194999999999,482.56789999999995,9.114817523820358,0.07676758439438434,-0.14078468384954218,-0.43993225476326975,8.351494437960902
MAVIAUSDT,8748,390293.105713,13.427324605571794,10.065425264217003,16.781339150863555,79.360623,1256.9916739999999,11.732390666018748,-0.3423629909011156,1.6606177140023641,2.2265207795881943,15.094434423169407
HANAUSDT,4927,388590.4125,24.242424242423255,18.06684733513928,30.25718608169317,80.6397,789.5814,16.960204124719752,-3.5480468782796186,-2.3529311856093504,-3.568908175262838,8.36184294691006
ZBTUSDT,6214,386595.76772899996,7.705149608320357,5.146680391147499,10.268258246696268,53.1630085,659.967684,10.205914001867852,-0.2683180822421947,-0.3320336659504488,-1.5285379570276243,8.641779162833267
NESAUSDT,5998,385252.521,23.05475504322673,13.046314416177804,36.69724770642137,40.8952,445.22475,29.725855172405332,-3.980105038689649,-0.2686328949421359,-2.1276226768675173,22.67030590047714
NXPCUSDT,5593,382787.66345,9.425070688029123,9.165902841430144,9.501187648456328,99.4514475,4582.36853,12.03759602894527,-2.7553505525597237,-1.7828335789330636,-2.5664530072513565,8.30448510631067
CFXUSDT,5628,381518.27396,8.671146759158546,6.484383443208094,10.719262514739292,128.53539,1173.71525,10.495359533671367,2.7731046511049477,4.1289968463350855,3.680010227104343,9.320633486543953
XANUSDT,10934,381481.41462,13.665869490946694,9.36130377430798,17.048844940754567,35.177448000000005,276.113906,12.46528418897195,1.4983369126105197,3.6557759606433957,2.804754475564338,13.509978199419765
KMNOUSDT,6668,378682.53780000005,11.968880909635844,8.051529790659897,12.104095218881895,112.00795,743.5145,9.141792839566385,2.100648750854594,0.9218632103505936,3.357899752619608,10.02908914513488
LUNA2USDT,6211,376457.44317,8.853474988932797,6.565269723164952,13.178124313640346,112.35301749999999,1827.612799,10.068788931371856,3.9318002123591924,6.9527246239571445,5.819737050625013,11.725549089506663
1000000MOGUSDT,4074,375919.3984,10.015022533800988,9.945300845349475,10.335917312661795,237.71825,6990.09655,12.006749006446436,1.7590113806694456,4.11247332960196,3.610367024890386,9.79174130323359
ICNTUSDT,6661,373989.7306,11.229646266142941,10.875475802066651,21.482277121375482,171.13915,1419.75605,12.973214183782519,9.811058164921677,12.249284205345429,13.795492436978703,18.467450934867937
TERUSDT,3578,372938.16079999995,21.975706308232407,17.103891138120616,27.092928745596716,66.0822,2416.6798999999996,8.29037128924,-0.6164386597146408,-2.615908218958448,-4.617891599791318,3.4914742894822557
AEONUSDT,16113,372271.6626,22.58031407164097,18.32061068702286,28.02428771602135,15.345199999999998,100.804225,25.878486803514967,3.1336766055531884,6.3427846844660545,9.02594754737047,23.28464363755203
SNTUSDT,8670,370768.67110000004,20.594494405161516,14.063798504124009,29.394849511149236,54.0785,413.280615,19.087184943832817,1.090307060735882,1.273415169084381,2.6933057667395452,22.731735982736545
CHILLGUYUSDT,6991,370321.750751,16.969285593075842,14.04088374974161,19.761996820896552,70.475386,298.148072,14.395529849894922,-0.31986444155604493,1.7154595259708008,1.0484852812792693,13.990012400010322
FLOWUSDT,7330,369937.139341,11.187768040275511,10.65151784129195,14.566642388930022,64.843238,1001.5534035000001,10.877518800749947,1.1957239837773426,0.9749258769813576,1.1922223483310395,8.854730930328534
HMSTRUSDT,8176,369339.574529,6.315124723713447,6.279434850863575,6.400000000000156,133.0944155,3540.48212,9.45068181852174,2.891030676476201,3.762608371367198,4.115675857206708,8.416324391893523
QCOMUSDT,2493,368617.4437,12.27062301299564,10.523692154310435,14.49246190892398,155.44400000000002,3091.79225,10.248711100240492,0.7582698669776784,0.5813249038058228,1.3196771024105416,5.916526841781672
MCDUSDT,1138,368063.1774,13.14212825170944,10.083772882409544,15.65496458064286,60.3314,350.6039,3.0177617807164494,3.7648251308062948,3.0794984926410987,2.952900661450974,8.068720758698863
BABAUSDT,3048,365834.6214,5.451571869889358,3.6523009495988172,6.398829928242368,59.387775000000005,1848.0692749999998,5.262385016425472,-0.08329446754763671,0.27047467410645376,-0.10420828912827947,3.2388979355358187
LPTUSDT,7897,361831.84317,9.290027512772765,4.997679648733965,14.545454545452944,61.884499999999996,373.5834,11.238242087396506,0.10157770990521615,-2.2684703281197005,-3.0422757719608438,6.176481540210963
PHAUSDT,5573,358971.60859,18.49454410948823,14.577259475218064,25.112107623318607,67.68296,408.83003499999995,16.616015528722095,-3.4838869427927497,-3.550322976811391,-3.1122471060824797,10.64517822178104
PURRUSDT,10080,351540.5202,31.429178169463416,25.143678160919965,36.636746656897714,42.562149999999995,242.7575,15.812582942278246,3.5149902472039978,4.48638324567172,4.143920590352468,19.279272546288944
COAIUSDT,6311,350375.0035,10.33591731266036,6.9565217391316,10.546669010371682,66.5621,572.19265,11.070943583717597,-0.23642240220494426,-1.9323653035654718,-0.763123788309984,8.283220752076303
YFIUSDT,5245,349430.12519999995,9.84251968503937,9.345794392523365,14.10105757931845,191.04945,5453.1367,9.73529412397555,-0.19923153437372837,1.1917876278172712,3.3830783746060376,11.985449158405878
OUSDT,6238,348576.5009,10.89126883281984,5.690979797021093,15.206234556168464,28.2394,244.58945,12.110781469053999,-4.323073976900936,-3.4440345143759177,-4.234668705976422,4.510407316444658
COREUSDT,5460,343443.812124,10.509721492381848,5.281225244256452,10.604453870627069,125.166324,3940.835025,12.692993868294554,0.14238062609893454,-0.4339600969318524,-0.6423618863173631,10.01719975306433
SAFEUSDT,11193,341799.97404799995,9.28553004900766,8.12760345684526,9.587217043942129,13.466252,190.88207649999998,11.40447678553484,0.5543451123065586,2.711736894016981,3.2766269310562373,10.721675082647492
BARDUSDT,5034,333194.51188799995,15.740855805476956,11.270326839478443,19.558308206339355,98.770927,643.9732175,10.22929117773838,-0.7988996982323606,-0.4694660608713336,0.0524704620762217,9.33699461079745
CRDOUSDT,4140,329423.23829999997,10.607265977194153,8.549537996119525,13.16309069369413,57.348150000000004,1900.309975,9.490219888510055,-3.547767322157393,-9.97905617394924,-10.733288028636546,7.144543026611344
AGLDUSDT,7045,329323.98769,11.58748551564344,5.932957579352654,11.848341232227828,94.4278,1298.238035,12.009002471850359,-0.941428537212464,-0.28932678323353717,-1.6283048610013975,10.151820167886147
GWEIUSDT,10991,329020.14662,4.749465685110232,4.678362573099225,9.42063118228883,31.361295,533.4275225,16.878815871140407,-1.9529559408473118,-0.6432066612759857,-0.45421686646022713,8.242059271622598
XLUUSDT,5251,323825.3464,9.530617107457505,7.157342240248393,11.897679952408604,121.01549999999999,360.07129999999995,4.208288403124465,2.703773838995534,-1.4565073588075284,-5.43094763751953,10.612910750213029
BBUSDT,11729,322771.472157,10.012515644554853,7.479431563200028,12.610340479192423,10.9783455,127.56999350000001,13.591765476391096,5.463946141876361,9.654854390242335,13.182373078282398,12.019918594642398
COWUSDT,4511,319146.74168,8.969950665269938,5.913660555883851,12.066365076168148,23.82069,356.97043,11.426988077620239,-1.728322987402026,-1.1546870197080616,-1.0939192051977307,6.924868442542221
BREVUSDT,5166,317890.43291,13.27140013271254,9.438414346389887,16.68404596175367,53.843585000000004,552.04247,11.007237720372562,0.3177832345416679,2.6610999024292026,4.38587200387601,12.477957306513286
USUALUSDT,7381,316889.07355800003,12.246326102169458,8.762705923588847,15.068918140317914,59.3985985,304.6944195,10.330384284802602,-0.2278700530416781,6.561615683538157,1.7316194396951068,14.200837960341925
WOOUSDT,4137,316558.52336600004,18.467220683288016,18.19836214740599,18.885741265343892,439.44314499999996,6185.4060665,10.203783048307594,2.2622389610151754,0.8198472031028741,0.8465169162106873,12.400318678077456
1000TOSHIUSDT,2569,313522.6792,9.086778736938015,8.964589870013704,17.88908765653003,280.71235,6372.2988,10.45912269304341,-0.338192440401952,1.175288183107555,2.5138835315235033,9.9096109603616
INUSDT,4109,303079.82550000004,9.975062344139245,6.570302233903631,13.409319477037156,81.4845,760.4284,10.499849381802107,1.7772941472147887,0.12789699854166853,1.06869864883168,10.974961776200441
FWDIUSDT,4339,297466.841,19.3121889623424,15.745551881593116,22.03775802541641,67.96515,394.704,14.462007258112422,-4.2019557400012815,-4.627962886122157,-5.927484199827188,8.787266461467778
COOKIEUSDT,9954,294454.887666,9.071208990576352,7.878668505023697,11.120659151795842,13.771663499999999,104.46849850000001,12.119232469641156,6.012160721910262,7.648169021240658,7.673077047248058,17.82625772187543
INXUSDT,4879,287950.7517,11.809363137916597,6.844626967829678,14.966325767024742,113.66288,431.15686,12.203343439974965,-3.355137794557825,-2.5323194876035826,-3.7084067108549457,6.91005454319153
SPCHUSDT,5375,287830.5232,24.78314745972649,17.120700941639797,33.66488140780541,35.900999999999996,118.72395,11.970258553675958,7.650665313455373,5.994419844072921,4.24611499299107,14.867082032945397
XLPUSDT,7328,285078.2382,10.704727921499067,7.192088728261402,11.976047904190935,13.353000000000002,72.6712,5.8822095058698745,-0.28742109716040526,-2.108010782564167,-8.904943134309121,8.955359118674428
BLENDUSDT,5534,284775.82753,9.466708740926258,4.8359796888856685,14.644862094215249,39.663444999999996,571.56758,8.89091510073836,-0.3973753705906732,2.3357934055338485,0.6544444155126032,15.015352556738842
ACHUSDT,9637,284746.54464,9.655305590421545,7.81708032050133,11.357183418512074,16.7988,236.90370000000001,14.249051538069741,-2.4709190093580986,-2.766344016556476,-4.275913871191409,6.281259472381165
WENSTOCKUSDT,6334,283985.91390000004,13.039509714435615,5.261081152177361,20.01467743011499,45.648700000000005,296.7101,7.0439941920377445,0.6727622415358944,-1.7940132769378878,-4.069104992323281,8.635964089275552
HIMSUSDT,1735,281298.2466,13.898540653231114,7.1787508973437095,17.394329448600004,90.45160000000001,2964.222825,9.590912699209332,7.885641047575793,8.146151025457447,14.754466301035297,13.375844127995586
WCTUSDT,4454,280095.49257,8.215801725318977,7.996801279488804,8.502196400735528,37.009275,615.8963,10.811434400563959,-0.6456985378114175,-0.7026816040276063,-0.579410787767087,7.647050048349878
AGIUSDT,15127,278600.68160999997,15.550372098189628,11.029006286533134,20.07360321177531,9.807065,69.52584,20.600259025843023,3.956460707956993,6.065480494285177,6.79783476858523,26.372433863192168
ANETUSDT,4874,277023.8434,22.766379880873956,16.057184822779,28.62747177013158,42.53525,146.2896,7.015252783746035,0.10590965615068144,-8.594789065005008,-8.895156711987177,5.785953224559293
ASTSUSDT,2687,276888.24809999997,11.64822364589405,8.511362669164058,14.894497310715153,43.33355,2663.0467499999995,8.939829280863815,-2.1798270751528066,-1.7405903042369988,-1.9555723426890108,6.5944149400684005
SONICUSDT,6283,275852.92206,13.480116827680183,9.438414346389422,14.094432699083288,80.80017,690.2130099999999,11.556964949123739,0.4065554178744385,1.678182875653198,2.2050868464887774,11.298906974118864
ARPAUSDT,7491,273602.01717,10.362694300517711,7.335603877390684,12.444260085035632,11.7107,178.017265,13.04217355908357,0.08327241237353443,-1.595767109161157,-1.3382713833300905,7.949252774881325
NIGHTUSDT,5726,264720.452,4.978839930296038,4.9273220004925316,9.847365829641877,66.0703,874.51325,11.62678520718856,0.17109558274706252,1.0463981830917226,0.5504580356338176,7.143120169649733
1000BTTUSDT,3544,264542.40270000004,9.580073447229994,6.201550387597051,15.255530129672376,202.74921,2359.9698,5.065099812134765,1.5890444998970796,2.8945083744035998,2.2365427771175677,13.803503229732867
CETUSUSDT,2584,264080.505778,19.889877992577375,14.52081316553668,24.447486798356138,23.977943500000002,291.1163155,11.660598970458214,2.969783637339988,4.74915254083271,3.46011439696413,19.951385258362073
FHEUSDT,5067,263694.62058,10.005002501250218,5.049229992425948,14.973795857249204,25.045785000000002,314.25542,11.604060079717604,-2.5729110381839004,-2.4380690762137616,-2.3783714230520037,9.796062939464832
GUNUSDT,4174,261709.23378799998,11.8788358740842,11.146201003157959,15.34919416730659,152.97611999999998,2176.620464,11.43697360748191,-2.0297344969887376,-1.4072509199210848,-1.795336175950964,7.819252440506834
IONQUSDT,2796,258213.82929999998,16.00426780474854,13.356484573261456,18.759212113091326,76.22505000000001,2750.8250500000004,9.660179414104931,8.582532182756324,7.315533815988428,9.117598412069434,14.193180550922724
STABLEUSDT,5343,257503.4413,7.204610951008353,3.6812074360388705,7.326007326008298,62.71325,672.0672,7.726532733776264,-0.46174916886436823,0.2781826900579345,0.7155263598413297,8.249497518462988
BMTUSDT,16272,257342.12568400003,4.555030461764841,3.3844765342954997,6.252397940496653,9.3224165,68.245384,12.213059763683754,0.33103523091514914,0.13139869700745174,0.4945671629225971,9.252802504335737
KGENUSDT,2711,256118.6049,12.6984126984113,12.578616352199871,12.771392081737275,215.27729999999997,1207.66115,11.809924966875807,-2.7301335655526735,-2.696438239110532,-1.55739954993026,10.431231659422412
VELOUSDT,6575,255153.98666,23.764258555132113,18.805829807238663,28.402366863907044,92.52108,500.2009800000001,13.776684354131154,-3.567595638679995,-4.151517536002885,-5.882716823861158,17.801045006019663
CGNXUSDT,9965,253748.9336,35.66273244459554,19.94349343526632,51.77453027139913,35.3032,240.99020000000002,15.938819000421498,4.400148541156303,2.2092585456287708,-2.184121494176045,22.231614611995393
1000000BABYDOGEUSDT,8699,252726.42041,5.544774050457578,5.392289026691961,8.19112627986368,67.128465,3557.857365,8.940627010362212,-0.16272912793712174,0.865834682598694,1.6547436920982426,8.729353887383674
STOUSDT,4884,251550.47769,10.118897040222203,5.170630816959458,13.299640909695817,58.306349999999995,1140.73512,10.600742335189386,-3.095954764831489,-3.3132616469411174,-4.021911066481005,5.650619164204874
HPEUSDT,1114,251136.0345,23.27871787984519,17.985611510791625,26.84083385523818,94.8936,2623.3966499999997,9.48896804762724,12.139490480009274,14.536902309811715,12.634536920666166,18.207383138400203
AIOZUSDT,10386,246602.88911,19.52852559631765,15.062509414068815,23.989275382770547,14.623000000000001,113.41175999999999,13.161771464972055,0.8774864754462472,-1.2878117573811323,-0.39132753208322163,18.132314735394008
LIGHTUSDT,4610,244896.97555,13.813398997025926,11.302459772165951,15.623122220887526,33.451875,330.14970999999997,14.014014363006874,-5.480119331755614,-7.632873765802609,-5.190139433716614,13.26325118023713
MITOUSDT,6889,243479.64594000002,21.104467112204556,14.134275618375208,28.030833917309113,129.316135,942.643545,14.225701359149841,0.8203003960717805,3.4288408247716045,2.3774597164588207,12.510082673401831
CARVUSDT,4196,243066.23193,8.3787180561361,5.773672055427015,11.080332409971847,34.469145,1242.81854,11.800584440810928,-3.5948603105494974,-2.159804123475255,-3.7659688173535466,7.347920300646084
CATIUSDT,8137,238577.43726,10.946907498631733,7.840062720500901,12.550988390335226,46.70895,341.74889,11.808345107686051,0.9167184982444592,1.105806370585123,1.9587518642457145,9.00181917730781
ZESTUSDT,2875,238197.33780000004,15.661707126077193,15.420200462606457,23.24680356451162,97.6209,1004.6777500000001,12.6755658187954,-4.243498308317524,-3.261470120427316,-2.8005329789206828,12.081255986718531
AEVOUSDT,5572,237553.42359800002,9.013068949978663,4.592422502870076,9.246417013406928,30.149176,585.573374,12.835160901192427,-0.8550900758380969,-1.8624857023686303,1.0904035861775545,8.476025264141652
TNSRUSDT,6479,235726.1435,5.924170616113503,5.8105752469492105,8.871802454532677,22.283154,404.892066,10.83972948952277,0.8768642159540669,1.651522118928696,2.063153869057366,7.398848995296134
TRUSTUSDT,5228,233647.72348,11.899702507437418,8.794301292762542,14.593214155417137,22.71201,407.86149,11.23305121749864,1.6700913845342789,1.5574487291383963,1.6296912476983718,11.604423572447487
1000TURBOUSDT,2936,233571.21019999997,18.023092143908002,14.903983949555379,21.550501899847024,80.6724,785.6886999999999,11.716796952774445,6.430090415312697,5.886269111774271,5.604432151030619,13.26291025913438
MEUSDT,5455,232649.11645,9.776763891152761,6.498781478472521,13.1212071510585,58.819829999999996,333.28903,10.302296355018619,1.658388632148127,0.6263554842742171,1.2652562558226688,8.73861109391724
XAIUSDT,7415,232497.571243,10.106114199090538,7.1017683403164495,13.216829429472737,68.728459,262.950534,10.86062574170593,-0.6456526371327586,0.8680121212495115,-0.817632218623509,8.429741521693499
LYNUSDT,4069,231119.28127,11.99760047990353,8.656759486366253,17.055144968731536,52.3142,430.102795,9.312351333933744,-7.05303184157832,-3.5054208612458266,-5.0217917502265585,12.138007632183456
FOLKSUSDT,6808,230880.905606,11.70155935997542,7.626407707756346,15.630908861716277,21.641385749999998,218.53556550000002,9.590514513580718,0.1271837093800965,0.9089001511372536,1.180586455534518,9.581773920166484
PARTIUSDT,6391,230610.93122,17.905102954342812,13.486176668913812,22.31644722160141,67.508725,698.6469850000001,13.430674578468766,-0.2602717038714074,1.172553480311996,-1.257225529016273,9.765041440519118
QUSDT,3142,230266.3814,12.671594508975195,12.242399510303521,16.45413410119368,94.09805,940.2520999999999,8.828704863373357,0.8984073087100745,-1.4757603690731316,-0.9230179356091229,9.890117203187957
HEIUSDT,9665,229640.210823,5.366726296959257,2.672010688042952,8.795461558854505,31.198188000000002,244.1331745,11.287480660678133,-1.2656684078034317,-1.0519438827121643,-2.0326001632169204,7.209245515264056
RECALLUSDT,5958,229534.94693,16.832992665624776,12.501562695337274,17.528483786152652,21.767615000000003,193.97034000000002,13.779406371005239,-5.988212114903627,-5.620233508030429,-1.740101258401509,21.433179852566546
MANTAUSDT,3399,228422.166512,8.443806467955996,6.671114076050429,10.224948875255208,26.752785,322.384048,8.515889839229903,-0.8344306417826894,1.7170538918753122,3.2145581193470063,7.244908146482628
ISRGUSDT,3319,226154.6074,8.821524519827955,6.144064966807659,13.551755749531427,17.0077,199.172,4.911087251309283,7.552990052415012,3.8186995610154137,3.559301794706725,15.989229852851533
ANTHROPICUSDT,1324,225511.87662,27.973221566880138,19.999484790789843,39.901233332498265,1184.1975750000001,3053.7774200000003,5.156541431835742,18.445434060261327,17.781245981810848,17.094153566447318,28.177984438077463
NEWTUSDT,5468,222918.56565,12.250398137939833,11.357183418512536,15.987210231814691,90.78784499999999,473.84244,10.55836220183885,1.5882896472422572,2.7967282499872175,3.6817640002610337,9.453996098776717
QTUMUSDT,4893,222468.49421,11.123470522803123,8.991794987074552,12.651676347115876,39.970285000000004,445.33878500000003,10.658581053131968,0.04290787346720572,2.46014790518316,0.6451243827114717,7.954824822653321
APPSTOCKUSDT,3800,218203.59029999998,12.470155268641363,7.2334910636248555,16.413997495148834,53.034,286.1066,9.664443334530656,-0.946302027918532,-2.249834658197219,-3.00022102798554,6.354565468394119
DATAUSDT,3868,217507.99689999997,10.531858873091402,5.3662463107065586,10.775862068965827,76.1707,3141.0374,7.307176380043677,1.1986248952486824,1.1001158734868044,1.272704930142293,8.038881676171888
IOTXUSDT,8988,217184.38049900002,15.720798616570445,10.157440325037967,16.68613382279258,37.6942005,375.2154785,12.891658922047991,3.6838631220245124,2.4928739983790322,6.812565901841342,16.91631772657432
GPROUSDT,5830,216623.64919999999,16.279700763595418,12.892950589661465,20.061728395061234,42.45495,224.87655,13.626018320983366,-1.8975075044575787,-1.7072605016386464,-0.9352118328176875,15.85974575115794
1000TAGUSDT,4304,214469.4705,22.958817620891587,18.349918836896997,29.217391304347696,33.9116,384.91934999999995,16.640393471280614,-2.421657025539125,0.30469371630211756,6.442814433115425,-0.07369327696837559
BTDRUSDT,6195,213681.5459,50.63291139240548,36.46308113035636,63.49206349206374,37.718325,266.86355000000003,20.863938999955554,-0.570089005519579,-14.733340620220627,-13.440652948776721,29.085874721009187
LLYUSDT,3652,212863.4804,4.186143863810945,3.2519825019970603,5.621234212235605,22.78895,96.82135000000001,4.8340314721287365,3.0498326851560464,3.8311785491224324,4.274239518635723,6.424754013371043
SKDDUSDT,3213,212744.6741,25.031289111388705,24.449877750610728,25.542784163473275,196.32670000000002,3814.0159000000003,16.162002159928793,-0.2676682753207258,-7.8725637061672,-9.133347324533675,13.031632926786475
SONYUSDT,3417,211565.89130000002,8.271298593879063,4.155412424683799,8.31600831600814,43.78225,626.26205,5.624821841380465,1.072533472223343,-1.8507614700744075,-5.319914722945663,5.951519626517575
JDUSDT,2989,209438.1656,21.994134897360233,18.224895206852818,25.626944902068562,85.1502,403.29875,4.923637945966175,0.4140840316833187,-5.322205705949981,-3.860912826864463,7.110396979145402
USDCUSDT,391,205785.95239999995,0.999950002499765,0.999950002499765,0.999950002499765,74479.83266999999,119120.87375999999,0.052697320750209,0.4080497187528116,0.4080497187528116,0.4080497187528116,0.5052283636834741
GBPUSDUSDT,975,204228.04929399997,1.8561484918799704,1.0372982825306298,2.7460599605901908,86.76901800000002,3173.4006520000003,1.6728029811248906,7.028559103228776,7.8827907604526395,8.400152456680253,22.84410212567745
TRUTHUSDT,3210,204022.63206,18.64705272972201,12.535691900550631,24.31315341599827,69.726365,342.631405,8.223645432776634,-10.60468011883952,-9.066522578024518,-17.373087555098344,6.738617358860914
CKBUSDT,11423,203725.43203999996,13.539815520013871,9.274482526031555,16.672841793258172,27.4659075,256.121133,13.565376760826187,-2.1591274864182717,-1.408143412078634,-2.8723074195522766,7.521673159272523
BANANAS31USDT,2100,200499.6248,17.52139632050676,12.152309104846376,21.462105969148748,41.766949999999994,265.572,9.376000876559011,-1.6861128809454269,-2.2888621385589287,-4.030279362398116,6.0076720901674365
DIAUSDT,5934,197841.37936999998,,,,,,,,,,
SENSETIMEUSDT,7203,196840.8017,,,,,,,,,,
FIDAUSDT,6454,196381.2914,,,,,,,,,,
KSTRUSDT,2719,194469.80229999998,,,,,,,,,,
TOWNSUSDT,3489,190814.36912,,,,,,,,,,
RSRUSDT,4454,189214.346417,,,,,,,,,,
10000SATSUSDT,5924,188396.45585,,,,,,,,,,
GENIUSUSDT,3175,187038.5672,,,,,,,,,,
ARKKUSDT,6195,186845.5202,,,,,,,,,,
FLEXUSDT,2448,185091.7291,,,,,,,,,,
MAGICUSDT,4837,184733.25575,,,,,,,,,,
IRYSUSDT,4336,183765.21813,,,,,,,,,,
TEAMUSDT,3383,182319.788,,,,,,,,,,
ACUUSDT,4279,181280.79566,,,,,,,,,,
DUSKUSDT,2931,179318.72596,,,,,,,,,,
AMATUSDT,1186,178654.9984,,,,,,,,,,
ACTUSDT,6343,178155.032901,,,,,,,,,,
1000XECUSDT,3711,177344.86050999997,,,,,,,,,,
BACUSDT,2626,175440.0996,,,,,,,,,,
INTWUSDT,2609,174313.1775,,,,,,,,,,
RAMUSDT,1736,172081.6476,,,,,,,,,,
FIGHTUSDT,6459,170012.96576999998,,,,,,,,,,
EDUUSDT,2904,167857.419456,,,,,,,,,,
QNTXUSDT,1966,166237.553,,,,,,,,,,
AVAUSDT,4413,165687.43240000002,,,,,,,,,,
SKLUSDT,4735,163535.542265,,,,,,,,,,
CLANKERUSDT,2643,163512.48918,,,,,,,,,,
PTBUSDT,4762,162595.446142,,,,,,,,,,
OKTAUSDT,2426,160700.011,,,,,,,,,,
GLWUSDT,2132,159663.4355,,,,,,,,,,
FUTUUSDT,3455,159524.4819,,,,,,,,,,
RLCUSDT,2829,158898.35722,,,,,,,,,,
RPLUSDT,3220,156529.90811999998,,,,,,,,,,
SOXXUSDT,2082,155513.4091,,,,,,,,,,
METISUSDT,2009,154968.70069000003,,,,,,,,,,
NFLXUSDT,737,154696.1274,,,,,,,,,,
TLMUSDT,5114,151913.63540610002,,,,,,,,,,
BOBAUSDT,3216,151896.428281,,,,,,,,,,
PIXELUSDT,4494,151832.390513,,,,,,,,,,
ALICEUSDT,3957,149117.116794,,,,,,,,,,
BNTUSDT,4103,149072.9725,,,,,,,,,,
SOLAYERUSDT,3705,149071.80253,,,,,,,,,,
TSLLUSDT,2215,147864.3385,,,,,,,,,,
NMRUSDT,2411,147434.343,,,,,,,,,,
ASMLUSDT,834,146225.59618,,,,,,,,,,
SQQQUSDT,1033,145332.25890000002,,,,,,,,,,
LAOPUUSDT,4111,144022.8028,,,,,,,,,,
SPACEUSDT,3633,143228.93003,,,,,,,,,,
C98USDT,3111,141833.2665306,,,,,,,,,,
SSVUSDT,3247,141570.92987,,,,,,,,,,
LQTYUSDT,2582,140368.40373000002,,,,,,,,,,
SAPIENUSDT,4326,138222.70835,,,,,,,,,,
NOMUSDT,3205,137985.58677,,,,,,,,,,
MAVUSDT,2720,137636.946598,,,,,,,,,,
USTCUSDT,3223,132216.72312,,,,,,,,,,
UMAUSDT,2678,131922.02253999998,,,,,,,,,,
OGUSDT,1558,127855.1646,,,,,,,,,,
IWMUSDT,961,123830.2954,,,,,,,,,,
JCTUSDT,5511,122375.32920000001,,,,,,,,,,
FORMSTOCKUSDT,3016,120048.77729999999,,,,,,,,,,
FLUXUSDT,4968,119727.3969,,,,,,,,,,
USARUSDT,1431,118587.545,,,,,,,,,,
EWJUSDT,651,117649.274,,,,,,,,,,
TXNUSDT,1505,115778.63319999998,,,,,,,,,,
OPENAIUSDT,2666,115769.74567,,,,,,,,,,
CGPTUSDT,3348,114621.55354699999,,,,,,,,,,
UVXYUSDT,1724,113263.248,,,,,,,,,,
NETUSDT,2659,112435.9003,,,,,,,,,,
VRTUSDT,1467,111303.6473,,,,,,,,,,
PYPLUSDT,464,111250.8396,,,,,,,,,,
SKUUUSDT,1779,110978.6482,,,,,,,,,,
HORIZONUSDT,2701,110770.54819999999,,,,,,,,,,
DBRUSDT,2173,108648.9427,,,,,,,,,,
CHRUSDT,3555,107791.933085,,,,,,,,,,
CUSDT,2846,105619.32027,,,,,,,,,,
RAREUSDT,1743,104939.319296,,,,,,,,,,
JNJUSDT,2806,104454.6165,,,,,,,,,,
XOMUSDT,2416,102810.9506,,,,,,,,,,
B2USDT,2806,101604.8384,,,,,,,,,,
SMCIUSDT,2101,100931.4319,,,,,,,,,,
BANDUSDT,1546,99779.37247,,,,,,,,,,
SXTUSDT,5189,99776.655448,,,,,,,,,,
DDOGUSDT,3984,99717.6471,,,,,,,,,,
PENGSTOCKUSDT,1371,99114.02049999998,,,,,,,,,,
SMHUSDT,986,97756.29259999999,,,,,,,,,,
TMFUSDT,1255,96053.2378,,,,,,,,,,
PHAROSUSDT,1817,95026.5343,,,,,,,,,,
BANANAUSDT,1841,94776.21340000001,,,,,,,,,,
LRCXUSDT,868,94550.20359999998,,,,,,,,,,
TTWOUSDT,1987,94303.6624,,,,,,,,,,
OGNUSDT,2237,93406.629678,,,,,,,,,,
YBUSDT,2057,93115.155209,,,,,,,,,,
AEHRUSDT,4177,92156.1832,,,,,,,,,,
UBERUSDT,424,91540.5713,,,,,,,,,,
THEUSDT,4091,91415.56353000001,,,,,,,,,,
1000CATUSDT,4778,91237.640449,,,,,,,,,,
SLPUSDT,3990,88500.782907,,,,,,,,,,
ALABUSDT,1225,88185.6676,,,,,,,,,,
RLUSDUSDT,302,87827.74710000001,,,,,,,,,,
CVXSTOCKUSDT,3265,83095.61910000001,,,,,,,,,,
BELUSDT,3207,83067.61846,,,,,,,,,,
GIGADEVICEUSDT,1932,80573.6575,,,,,,,,,,
PROMPTUSDT,2734,80352.93494,,,,,,,,,,
KLACUSDT,936,80245.0974,,,,,,,,,,
SHEINUSDT,2160,76146.851,,,,,,,,,,
XVSUSDT,1891,74955.56150000001,,,,,,,,,,
XNYUSDT,1799,74629.04862000002,,,,,,,,,,
MEITUUSDT,2942,74499.8929,,,,,,,,,,
SHELLUSDT,2954,73558.26349,,,,,,,,,,
LUMIAUSDT,3491,73255.817821,,,,,,,,,,
EURUSDUSDT,177,72793.56131300001,,,,,,,,,,
NOKIAUSDT,1190,72043.4046,,,,,,,,,,
HAEDALUSDT,1985,71242.7362,,,,,,,,,,
HANMIUSDT,3128,71118.56439999999,,,,,,,,,,
NVOUSDT,525,70295.25760000001,,,,,,,,,,
DOLOUSDT,2123,69700.21710000001,,,,,,,,,,
STXXUSDT,1071,69569.40894,,,,,,,,,,
MARAUSDT,2249,69040.0691,,,,,,,,,,
USDJPYUSDT,572,67087.88364700001,,,,,,,,,,
MAGSUSDT,1812,66983.319,,,,,,,,,,
ALPINEUSDT,1503,66191.56120000001,,,,,,,,,,
RDDTUSDT,1347,65100.79179999999,,,,,,,,,,
CATSTOCKUSDT,4499,63638.93223,,,,,,,,,,
DKNGUSDT,1517,60886.5361,,,,,,,,,,
LGELECTRONICSUSDT,3428,60232.6889,,,,,,,,,,
MRKUSDT,2458,58104.0959,,,,,,,,,,
CSOPSKHYNIX2LUSDT,1641,56652.4461,,,,,,,,,,
XBIUSDT,1264,54788.7208,,,,,,,,,,
SOSOUSDT,6152,54041.481,,,,,,,,,,
XLEUSDT,551,52534.099299999994,,,,,,,,,,
TURTLEUSDT,1620,52309.96349,,,,,,,,,,
GEUSDT,1124,52179.4186,,,,,,,,,,
10000NEXUSDT,2552,51696.218,,,,,,,,,,
CRMUSDT,654,49711.0785,,,,,,,,,,
ZMUSDT,1494,49124.5904,,,,,,,,,,
NAVERUSDT,3845,48444.2109,,,,,,,,,,
GILDUSDT,1430,47855.083999999995,,,,,,,,,,
DJTUSDT,827,47476.7562,,,,,,,,,,
ADBEUSDT,762,46050.409700000004,,,,,,,,,,
CIENUSDT,1005,45625.6773,,,,,,,,,,
ONUSDT,1148,42914.2912,,,,,,,,,,
CLSKUSDT,1485,42902.0461,,,,,,,,,,
INFQUSDT,1357,42734.2626,,,,,,,,,,
FLNCUSDT,1256,42699.343,,,,,,,,,,
XIAOMIUSDT,825,40945.3131,,,,,,,,,,
VSTUSDT,1057,40918.1703,,,,,,,,,,
TZAUSDT,686,40048.1255,,,,,,,,,,
USD1USDT,181,36045.922099999996,,,,,,,,,,
KOUSDT,492,35137.480800000005,,,,,,,,,,
CIFRUSDT,2804,34601.057199999996,,,,,,,,,,
SAMSUNGEMUSDT,1590,31732.02522,,,,,,,,,,
PEPUSDT,1341,31623.467899999996,,,,,,,,,,
NVDLUSDT,826,30939.1264,,,,,,,,,,
GDXUSDT,1550,30795.3959,,,,,,,,,,
BYDUSDT,741,30512.801600000003,,,,,,,,,,
SSPCUSDT,1581,29877.3811,,,,,,,,,,
COSTUSDT,281,28936.461900000002,,,,,,,,,,
SPOTUSDT,1188,28892.0247,,,,,,,,,,
EWZUSDT,1021,28789.879399999998,,,,,,,,,,
GSUSDT,326,28347.41453,,,,,,,,,,
OUSTUSDT,2683,28326.1724,,,,,,,,,,
ZHONGJIUSDT,1255,27612.7287,,,,,,,,,,
SPORTFUNUSDT,1379,27401.6077,,,,,,,,,,
AMCUSDT,808,27288.7134,,,,,,,,,,
MDBUSDT,947,27082.1943,,,,,,,,,,
GMESTOCKUSDT,363,27057.373499999998,,,,,,,,,,
SHOPUSDT,1639,26736.966400000005,,,,,,,,,,
WMTUSDT,242,26331.687100000003,,,,,,,,,,
HUAHONGUSDT,1038,25092.1898,,,,,,,,,,
NCLDUSDT,719,24223.0802,,,,,,,,,,
PDDUSDT,722,23927.115100000003,,,,,,,,,,
SMICUSDT,1466,23840.404000000002,,,,,,,,,,
ASRUSDT,1522,23165.11701,,,,,,,,,,
RIOTUSDT,6315,22476.8975,,,,,,,,,,
MOUSDT,973,22085.379999999997,,,,,,,,,,
XLVUSDT,1504,21403.2592,,,,,,,,,,
KUAISHOUUSDT,343,21117.74,,,,,,,,,,
RIVNUSDT,730,19420.2679,,,,,,,,,,
CSCOUSDT,407,19131.7203,,,,,,,,,,
AALUSDT,1148,18568.8126,,,,,,,,,,
EBAYUSDT,1105,18557.0472,,,,,,,,,,
BRKBUSDT,181,18485.0276,,,,,,,,,,
AMGNUSDT,291,18445.417599999997,,,,,,,,,,
YOFCUSDT,2037,17865.4577,,,,,,,,,,
EWTUSDT,235,15966.0127,,,,,,,,,,
JPMUSDT,253,15785.1244,,,,,,,,,,
REGNUSDT,979,15437.2962,,,,,,,,,,
CSOPSAMSUNG2LUSDT,733,15158.720000000001,,,,,,,,,,
XLKUSDT,449,15053.645900000001,,,,,,,,,,
USDEUSDT,196,14626.5742,,,,,,,,,,
HYUNDAIUSDT,513,14163.616999999998,,,,,,,,,,
TENCENTUSDT,585,13868.147,,,,,,,,,,
TBTUSDT,629,13826.1379,,,,,,,,,,
VRTXSTOCKUSDT,707,13429.386100000002,,,,,,,,,,
LYTEUSDT,405,12964.2435,,,,,,,,,,
BITOUSDT,496,11625.1018,,,,,,,,,,
VUSDT,70,11340.5793,,,,,,,,,,
MAUSDT,492,11325.5797,,,,,,,,,,
BPUSDT,866,10848.202550000002,,,,,,,,,,
MEITUANUSDT,289,10694.934799999999,,,,,,,,,,
LENOVOUSDT,578,8276.5206,,,,,,,,,,
BIIBUSDT,332,6922.4759,,,,,,,,,,
KODEX200USDT,208,5178.3261,,,,,,,,,,
UNHUSDT,228,4624.9024,,,,,,,,,,
MOONSHOTUSDT,51,4455.809,,,,,,,,,,
HDUSDT,95,4134.5003,,,,,,,,,,
POPMARTUSDT,99,2258.9104000000007,,,,,,,,,,
XLFUSDT,185,1319.4898,,,,,,,,,,
