id,type,ticker,direction,ts_ms,title,symbol,p_pre1h,p_pre5m,p0,entry_1,entry_3,entry_10,entry_30,entry_60,exit_60,exit_300,exit_900,exit_3600,exit_14400
79380,spot_listing,IMX,1,1641794176091,Binance Will List Alchemy Pay (ACH) and Immutable X (IMX),IMXUSDT,3.753,3.749,3.759,3.764,3.963,4.176,4.375,4.219,4.304,4.198,4.169,4.119,4.088
81768,spot_listing,WOO,1,1644286833903,Binance Will List WOO Network (WOO),WOOUSDT,0.6804,0.6906,0.6922,0.6953,0.6953,0.7654,0.8411,0.8165,0.8345,0.8295,0.8282,0.7928,0.832
141586,futures_delist,RAY,-1,1668409204880,Binance Futures Will Delist RAYUSDT and SRMUSDT Perpetual Futures Contracts,RAYUSDT,0.189,0.213,0.22,0.22,0.22,0.218,0.215,0.213,0.212,0.207,0.215,0.225,0.226
141586,futures_delist,SRM,-1,1668409204880,Binance Futures Will Delist RAYUSDT and SRMUSDT Perpetual Futures Contracts,SRMUSDT,0.152,0.171,0.179,0.177,0.178,0.178,0.177,0.171,0.172,0.167,0.169,0.187,0.164
142868,futures_delist,CVC,-1,1669606227750,Binance Futures Will Delist and Update the Leverage & Margin Tiers of CVCUSDT Perpetual Futures Contract,CVCUSDT,0.09449,0.095,0.09481,0.09482,0.09482,0.0947,0.09444,0.09449,0.09444,0.0958,0.09646,0.0972,0.09999
142904,spot_delist,CVC,-1,1669617922401,Binance Margin Will Delist CVC & More Margin Pairs on Cross Margin & Isolated Margin,CVCUSDT,0.09865,0.09773,0.09796,0.09847,0.09847,0.09854,0.09885,0.09844,0.09843,0.09887,0.09917,0.10129,0.10232
144376,spot_delist,BNX,-1,1670497371715,"Binance Margin Will Delist BNX, TORN and More Margin Pairs on Cross Margin & Isolated Margin",BNXUSDT,54.85,54.65,54.5,54.45,54.45,54.05,54.15,53.6,53.7,53.35,53.3,53.75,52.4
146267,spot_delist,AGLD,-1,1672907126372,"Binance Margin Will Delist AGLD, DATA, ERN, FIO & TROY as Borrowable Assets From Cross Margin and KEY From Isolated Margin",AGLDUSDT,0.275,0.2745,0.274,,,,,,0.274,0.274,0.271,0.2715,0.271
146721,spot_delist,FLM,-1,1673592309526,"Binance Margin Will Delist FLM, KMD as Borrowable Assets From Cross Margin and COCOS, CREAM, SCRT From Isolated Margin",FLMUSDT,0.0864,0.0866,0.087,0.087,0.087,0.087,,,0.08695,0.08675,0.08715,0.08665,0.0872
146721,spot_delist,CREAM,-1,1673592309526,"Binance Margin Will Delist FLM, KMD as Borrowable Assets From Cross Margin and COCOS, CREAM, SCRT From Isolated Margin",CREAMUSDT,11.774,11.746,11.718,,,,,11.719,11.718,11.705,11.734,11.714,11.786
146721,spot_delist,SCRT,-1,1673592309526,"Binance Margin Will Delist FLM, KMD as Borrowable Assets From Cross Margin and COCOS, CREAM, SCRT From Isolated Margin",SCRTUSDT,0.746,0.739,0.739,,,0.739,0.739,0.739,0.739,0.738,0.738,0.731,0.739
147286,spot_delist,TOMO,-1,1674112226735,"Binance Margin Will Delist NEXO, POLS, QUICK as Borrowable Assets From Cross Margin and ALCX, NEXO, POLS, TOMO Trading Pairs From Isolated Margin",TOMOUSDT,0.31,0.31,0.3105,0.31,0.31,0.31,0.31,0.31,0.3105,0.311,0.311,0.311,0.3065
147840,spot_delist,JST,-1,1674799803614,"Binance Margin Will Delist JST, SNM, SUN as Borrowable Assets From Cross Margin",JSTUSDT,0.02538,0.02537,0.02534,0.02543,0.02543,0.02543,0.02537,0.02546,0.02539,0.02536,0.02538,0.02544,0.02841
147840,spot_delist,SUN,-1,1674799803614,"Binance Margin Will Delist JST, SNM, SUN as Borrowable Assets From Cross Margin",SUNUSDT,0.005925,0.005965,0.00595,0.005945,0.005945,0.005945,0.005945,,0.00593,0.00593,0.00594,0.00596,0.006205
153024,spot_delist,HNT,-1,1679036475726,Binance Will Delist HNT and WABI on 2023-03-24,HNTUSDT,1.952,1.989,1.983,1.983,1.983,1.982,1.879,1.876,1.878,1.756,1.775,1.613,1.71
160916,spot_delist,BTC,-1,1683619303518,Binance Margin Will Delist the WRX/BTC Isolated Margin Pair,BTCUSDT,27531.5,27640.1,27640.0,27639.9,27639.9,27638.2,27630.0,27626.3,27626.9,27625.4,27585.6,27550.2,27697.8
162094,spot_delist,JASMY,-1,1684299631912,"Binance Margin Will Delist the JASMY/BTC Cross Margin Pair and AMP/BTC, JASMY/BTC, STMX/BTC Isolated Margin Pairs",JASMYUSDT,0.004931,0.004968,0.004972,0.00497,0.004958,0.004978,0.004975,0.004971,0.004966,0.005005,0.004977,0.004918,0.004848
162094,spot_delist,BTC,-1,1684299631912,"Binance Margin Will Delist the JASMY/BTC Cross Margin Pair and AMP/BTC, JASMY/BTC, STMX/BTC Isolated Margin Pairs",BTCUSDT,27055.0,27064.1,27058.0,27058.0,27058.0,27056.0,27056.0,27056.0,27056.0,27046.2,27020.0,26969.3,26799.2
162094,spot_delist,STMX,-1,1684299631912,"Binance Margin Will Delist the JASMY/BTC Cross Margin Pair and AMP/BTC, JASMY/BTC, STMX/BTC Isolated Margin Pairs",STMXUSDT,0.00461,0.004625,0.00462,0.004615,0.004615,0.00463,0.00463,0.00463,0.004635,0.00462,0.00461,0.00459,0.004545
165774,spot_delist,BUSD,-1,1686550803118,"Binance Margin Will Delist the BNT/BUSD, CVX/BTC, POLS/BUSD, POWR/BUSD, STPT/BUSD & STRAX/BUSD Isolated Margin Pairs",BUSDUSDT,0.9986,0.9984,0.9986,,,,,,0.9986,0.9987,0.9987,0.9987,0.9982
165774,spot_delist,CVX,-1,1686550803118,"Binance Margin Will Delist the BNT/BUSD, CVX/BTC, POLS/BUSD, POWR/BUSD, STPT/BUSD & STRAX/BUSD Isolated Margin Pairs",CVXUSDT,3.43,3.42,3.42,3.42,3.42,3.42,3.42,,3.415,3.42,3.43,3.425,3.465
165774,spot_delist,BTC,-1,1686550803118,"Binance Margin Will Delist the BNT/BUSD, CVX/BTC, POLS/BUSD, POWR/BUSD, STPT/BUSD & STRAX/BUSD Isolated Margin Pairs",BTCUSDT,25801.3,25788.0,25818.0,25814.7,25812.9,25812.9,25812.9,25810.7,25810.7,25809.2,25850.1,25825.0,25970.9
166287,spot_delist,BUSD,-1,1686815412709,"Binance Margin Will Delist MBL/BUSD, PUNDIX/BUSD Cross Margin Pairs and FARM/BUSD, LSK/BUSD, MBL/BUSD, PLA/BUSD, PUNDIX/BUSD, SC/BUSD Isolated Margin Pairs",BUSDUSDT,0.9989,0.9996,0.9998,,,,,,0.9998,0.9998,0.9994,1.0009,1.0
166287,spot_delist,SC,-1,1686815412709,"Binance Margin Will Delist MBL/BUSD, PUNDIX/BUSD Cross Margin Pairs and FARM/BUSD, LSK/BUSD, MBL/BUSD, PLA/BUSD, PUNDIX/BUSD, SC/BUSD Isolated Margin Pairs",SCUSDT,0.00258,0.002574,0.002576,,,,,0.002574,0.002576,0.002574,0.002574,0.002579,0.002577
168711,spot_delist,BUSD,-1,1688703003727,"Binance Margin Will Delist the ATA/BUSD, FORTH/BUSD, JST/BUSD, QTUM/BUSD, SUN/BUSD, ZEN/BUSD & ZRX/BUSD Isolated Margin Pairs",BUSDUSDT,0.9992,0.9993,0.9993,,,,,,0.9993,0.9993,0.9993,0.9993,0.9991
168711,spot_delist,JST,-1,1688703003727,"Binance Margin Will Delist the ATA/BUSD, FORTH/BUSD, JST/BUSD, QTUM/BUSD, SUN/BUSD, ZEN/BUSD & ZRX/BUSD Isolated Margin Pairs",JSTUSDT,0.02236,0.02239,0.02236,,,,,,0.02238,0.02236,0.0223,0.02229,0.02227
168711,spot_delist,QTUM,-1,1688703003727,"Binance Margin Will Delist the ATA/BUSD, FORTH/BUSD, JST/BUSD, QTUM/BUSD, SUN/BUSD, ZEN/BUSD & ZRX/BUSD Isolated Margin Pairs",QTUMUSDT,2.755,2.785,2.78,,,,,2.785,2.785,2.78,2.765,2.765,2.81
168711,spot_delist,SUN,-1,1688703003727,"Binance Margin Will Delist the ATA/BUSD, FORTH/BUSD, JST/BUSD, QTUM/BUSD, SUN/BUSD, ZEN/BUSD & ZRX/BUSD Isolated Margin Pairs",SUNUSDT,0.00553,0.00554,0.005535,,,,,,0.005535,0.00553,0.005535,0.00553,0.00553
168711,spot_delist,ZEN,-1,1688703003727,"Binance Margin Will Delist the ATA/BUSD, FORTH/BUSD, JST/BUSD, QTUM/BUSD, SUN/BUSD, ZEN/BUSD & ZRX/BUSD Isolated Margin Pairs",ZENUSDT,8.496,8.487,8.464,8.464,8.464,8.474,8.479,8.48,8.479,8.45,8.402,8.321,8.232
168711,spot_delist,ZRX,-1,1688703003727,"Binance Margin Will Delist the ATA/BUSD, FORTH/BUSD, JST/BUSD, QTUM/BUSD, SUN/BUSD, ZEN/BUSD & ZRX/BUSD Isolated Margin Pairs",ZRXUSDT,0.2043,0.2052,0.2049,,,,,,0.2047,0.2043,0.2039,0.204,0.205
169617,spot_delist,BUSD,-1,1689318001849,"Binance Margin Will Delist the ALCX/BUSD, ALPACA/BUSD, CVX/BUSD, DOCK/BUSD, LOOM/BUSD, MC/BUSD, MOB/BUSD & TROY/BUSD Isolated Margin Pairs",BUSDUSDT,0.9995,0.9996,0.9995,,,,,,0.9995,0.9996,0.9995,0.9994,0.9995
169617,spot_delist,CVX,-1,1689318001849,"Binance Margin Will Delist the ALCX/BUSD, ALPACA/BUSD, CVX/BUSD, DOCK/BUSD, LOOM/BUSD, MC/BUSD, MOB/BUSD & TROY/BUSD Isolated Margin Pairs",CVXUSDT,4.24,4.205,4.205,4.21,4.21,4.21,4.21,,4.21,4.21,4.205,4.205,4.185
170522,spot_delist,OGN,-1,1689760808223,"Binance Margin Will Delist the OGN/BUSD, OSMO/BUSD, REI/BUSD and SPELL/BUSD Cross Margin & Isolated Margin Pairs",OGNUSDT,0.0769,0.0773,0.0772,0.0772,0.0772,0.0771,,,0.0771,0.0772,0.0771,0.077,0.0767
170522,spot_delist,BUSD,-1,1689760808223,"Binance Margin Will Delist the OGN/BUSD, OSMO/BUSD, REI/BUSD and SPELL/BUSD Cross Margin & Isolated Margin Pairs",BUSDUSDT,0.9994,0.9994,0.9993,,,,,,0.9993,0.9993,0.9993,0.9993,0.9995
170522,spot_delist,SPELL,-1,1689760808223,"Binance Margin Will Delist the OGN/BUSD, OSMO/BUSD, REI/BUSD and SPELL/BUSD Cross Margin & Isolated Margin Pairs",SPELLUSDT,0.000479,0.000481,0.000481,,,,,,0.000482,0.000482,0.000481,0.000481,0.000483
171184,spot_delist,CKB,-1,1690252204237,"Binance Margin Will Delist the CKB/BUSD, CTK/BUSD, ELF/BUSD, FOR/BUSD, PERP/BUSD, SKL/BUSD & UNFI/BUSD Isolated Margin Pairs",CKBUSDT,0.002715,0.002725,0.002725,,,,,,0.002725,0.002725,0.00274,0.00272,0.002705
171184,spot_delist,BUSD,-1,1690252204237,"Binance Margin Will Delist the CKB/BUSD, CTK/BUSD, ELF/BUSD, FOR/BUSD, PERP/BUSD, SKL/BUSD & UNFI/BUSD Isolated Margin Pairs",BUSDUSDT,,0.9994,0.9994,,,,,,0.9994,0.9994,0.9994,0.9994,0.9993
171184,spot_delist,CTK,-1,1690252204237,"Binance Margin Will Delist the CKB/BUSD, CTK/BUSD, ELF/BUSD, FOR/BUSD, PERP/BUSD, SKL/BUSD & UNFI/BUSD Isolated Margin Pairs",CTKUSDT,0.5983,0.6005,0.6018,,,,,,0.602,0.6022,0.6025,0.5999,0.5945
171184,spot_delist,SKL,-1,1690252204237,"Binance Margin Will Delist the CKB/BUSD, CTK/BUSD, ELF/BUSD, FOR/BUSD, PERP/BUSD, SKL/BUSD & UNFI/BUSD Isolated Margin Pairs",SKLUSDT,0.02622,0.02617,0.02619,,,,,,0.02622,0.02625,0.02629,0.02611,0.02603
171184,spot_delist,UNFI,-1,1690252204237,"Binance Margin Will Delist the CKB/BUSD, CTK/BUSD, ELF/BUSD, FOR/BUSD, PERP/BUSD, SKL/BUSD & UNFI/BUSD Isolated Margin Pairs",UNFIUSDT,3.072,3.088,3.0885,,,,3.0915,3.0915,3.0875,3.0935,3.099,3.0735,3.0865
173365,spot_delist,ASTR,-1,1691464207277,"Binance Margin Will Delist the ASTR/BUSD, AUDIO/BUSD, BAT/BUSD, BSW/BUSD, NMR/BUSD, PEOPLE/BUSD and RSR/BUSD Cross Margin & Isolated Margin Pairs",ASTRUSDT,0.05187,0.051975,0.051815,0.05186,0.05186,0.05186,0.051795,,0.051785,0.05183,0.051855,0.051805,0.05215
173365,spot_delist,BUSD,-1,1691464207277,"Binance Margin Will Delist the ASTR/BUSD, AUDIO/BUSD, BAT/BUSD, BSW/BUSD, NMR/BUSD, PEOPLE/BUSD and RSR/BUSD Cross Margin & Isolated Margin Pairs",BUSDUSDT,1.0001,1.0009,1.0009,,,,,,1.0009,1.0009,1.0009,1.0009,1.0003
173365,spot_delist,AUDIO,-1,1691464207277,"Binance Margin Will Delist the ASTR/BUSD, AUDIO/BUSD, BAT/BUSD, BSW/BUSD, NMR/BUSD, PEOPLE/BUSD and RSR/BUSD Cross Margin & Isolated Margin Pairs",AUDIOUSDT,0.1889,0.1891,0.1885,0.1886,0.1886,0.1886,0.1885,0.1885,0.1885,0.1888,0.1893,0.1884,0.1965
173365,spot_delist,BAT,-1,1691464207277,"Binance Margin Will Delist the ASTR/BUSD, AUDIO/BUSD, BAT/BUSD, BSW/BUSD, NMR/BUSD, PEOPLE/BUSD and RSR/BUSD Cross Margin & Isolated Margin Pairs",BATUSDT,0.2035,0.2055,0.2055,,,,,,0.2055,0.2055,0.2055,0.2065,0.2105
173365,spot_delist,BSW,-1,1691464207277,"Binance Margin Will Delist the ASTR/BUSD, AUDIO/BUSD, BAT/BUSD, BSW/BUSD, NMR/BUSD, PEOPLE/BUSD and RSR/BUSD Cross Margin & Isolated Margin Pairs",BSWUSDT,0.0843,0.0847,0.0847,0.0847,0.0847,,0.0846,0.0846,0.0847,0.0845,0.0847,0.0843,0.0851
173365,spot_delist,PEOPLE,-1,1691464207277,"Binance Margin Will Delist the ASTR/BUSD, AUDIO/BUSD, BAT/BUSD, BSW/BUSD, NMR/BUSD, PEOPLE/BUSD and RSR/BUSD Cross Margin & Isolated Margin Pairs",PEOPLEUSDT,0.0127,0.0127,0.0127,,,,,,0.0127,0.01265,0.0127,0.0127,0.01265
173365,spot_delist,RSR,-1,1691464207277,"Binance Margin Will Delist the ASTR/BUSD, AUDIO/BUSD, BAT/BUSD, BSW/BUSD, NMR/BUSD, PEOPLE/BUSD and RSR/BUSD Cross Margin & Isolated Margin Pairs",RSRUSDT,0.002044,0.002054,0.002057,0.002055,0.002055,0.002055,,,0.002055,0.002055,0.002058,0.002053,0.002091
174232,spot_delist,BUSD,-1,1692155138357,"Binance Margin Will Delist the EPX/BUSD, GAL/BUSD, GMX/BUSD, HIVE/BUSD, KLAY/BUSD, RAD/BUSD and TVK/BUSD Cross Margin & Isolated Margin Pairs",BUSDUSDT,1.0005,1.0005,1.0005,,,,,,1.0005,1.0007,1.0002,1.0007,1.0004
174232,spot_delist,GAL,-1,1692155138357,"Binance Margin Will Delist the EPX/BUSD, GAL/BUSD, GMX/BUSD, HIVE/BUSD, KLAY/BUSD, RAD/BUSD and TVK/BUSD Cross Margin & Isolated Margin Pairs",GALUSDT,1.124,1.123,1.122,1.1235,1.1235,1.1235,1.1235,1.1225,1.124,1.122,1.12,1.1215,1.1095
174232,spot_delist,GMX,-1,1692155138357,"Binance Margin Will Delist the EPX/BUSD, GAL/BUSD, GMX/BUSD, HIVE/BUSD, KLAY/BUSD, RAD/BUSD and TVK/BUSD Cross Margin & Isolated Margin Pairs",GMXUSDT,43.51,43.445,43.435,43.485,43.485,43.485,43.48,,43.47,43.41,43.37,43.535,42.86
174232,spot_delist,KLAY,-1,1692155138357,"Binance Margin Will Delist the EPX/BUSD, GAL/BUSD, GMX/BUSD, HIVE/BUSD, KLAY/BUSD, RAD/BUSD and TVK/BUSD Cross Margin & Isolated Margin Pairs",KLAYUSDT,0.151,0.1505,0.151,0.151,0.151,0.151,0.151,0.151,0.1515,0.151,0.151,0.151,0.1505
174232,spot_delist,RAD,-1,1692155138357,"Binance Margin Will Delist the EPX/BUSD, GAL/BUSD, GMX/BUSD, HIVE/BUSD, KLAY/BUSD, RAD/BUSD and TVK/BUSD Cross Margin & Isolated Margin Pairs",RADUSDT,1.53,1.53,1.53,,,1.531,1.531,1.531,1.53,1.531,1.529,1.528,1.504
175439,spot_delist,AMB,-1,1693375203152,"Binance Margin Will Delist the AMB/BUSD, DASH/BUSD, FIDA/BUSD, HARD/BUSD, HOT/BUSD, IOST/BTC, NULS/BUSD, PORTO/BUSD and REQ/BUSD Cross Margin & Isolated Margin Pairs",AMBUSDT,0.0076,0.00747,0.00746,0.00746,0.00746,0.00746,0.00747,0.00747,0.00747,0.00745,0.00747,0.00763,0.00739
175439,spot_delist,BUSD,-1,1693375203152,"Binance Margin Will Delist the AMB/BUSD, DASH/BUSD, FIDA/BUSD, HARD/BUSD, HOT/BUSD, IOST/BTC, NULS/BUSD, PORTO/BUSD and REQ/BUSD Cross Margin & Isolated Margin Pairs",BUSDUSDT,0.9996,0.9992,0.9992,,,,,,0.9992,0.9992,0.9992,0.9993,0.9993
175439,spot_delist,DASH,-1,1693375203152,"Binance Margin Will Delist the AMB/BUSD, DASH/BUSD, FIDA/BUSD, HARD/BUSD, HOT/BUSD, IOST/BTC, NULS/BUSD, PORTO/BUSD and REQ/BUSD Cross Margin & Isolated Margin Pairs",DASHUSDT,27.0,26.9,26.9,,,,,,26.9,26.9,26.9,26.9,26.85
175439,spot_delist,HOT,-1,1693375203152,"Binance Margin Will Delist the AMB/BUSD, DASH/BUSD, FIDA/BUSD, HARD/BUSD, HOT/BUSD, IOST/BTC, NULS/BUSD, PORTO/BUSD and REQ/BUSD Cross Margin & Isolated Margin Pairs",HOTUSDT,0.001102,0.001105,0.001105,,,,,,0.001105,0.001106,0.001106,0.0011,0.001101
175439,spot_delist,IOST,-1,1693375203152,"Binance Margin Will Delist the AMB/BUSD, DASH/BUSD, FIDA/BUSD, HARD/BUSD, HOT/BUSD, IOST/BTC, NULS/BUSD, PORTO/BUSD and REQ/BUSD Cross Margin & Isolated Margin Pairs",IOSTUSDT,0.007455,0.00745,0.007449,0.007442,0.007442,0.007442,0.007442,,0.007442,0.007437,0.007427,0.007415,0.007424
175439,spot_delist,BTC,-1,1693375203152,"Binance Margin Will Delist the AMB/BUSD, DASH/BUSD, FIDA/BUSD, HARD/BUSD, HOT/BUSD, IOST/BTC, NULS/BUSD, PORTO/BUSD and REQ/BUSD Cross Margin & Isolated Margin Pairs",BTCUSDT,27429.2,27458.8,27458.1,27458.0,27458.0,27458.0,27440.9,27440.8,27440.9,27421.2,27440.5,27373.7,27414.6
175439,spot_delist,REQ,-1,1693375203152,"Binance Margin Will Delist the AMB/BUSD, DASH/BUSD, FIDA/BUSD, HARD/BUSD, HOT/BUSD, IOST/BTC, NULS/BUSD, PORTO/BUSD and REQ/BUSD Cross Margin & Isolated Margin Pairs",REQUSDT,0.06559,0.0655,0.0655,,,,,,0.0655,0.0655,0.06554,0.0655,0.06578
175916,spot_delist,ALPHA,-1,1693552182147,"Binance Margin Will Delist ALPHA/BUSD, ANT/BUSD, BAL/BUSD, COS/BTC, DGB/BUSD, FIRO/BUSD, OOKI/BUSD, QI/BTC, RVN/BUSD & TWT/BUSD Isolated Margin Pairs",ALPHAUSDT,0.0776,0.0769,0.07695,,,,,,0.07695,0.077,0.077,0.0773,0.0769
175916,spot_delist,BUSD,-1,1693552182147,"Binance Margin Will Delist ALPHA/BUSD, ANT/BUSD, BAL/BUSD, COS/BTC, DGB/BUSD, FIRO/BUSD, OOKI/BUSD, QI/BTC, RVN/BUSD & TWT/BUSD Isolated Margin Pairs",BUSDUSDT,0.9989,0.9993,0.9985,0.9985,0.9984,0.9985,0.9986,0.9987,0.9986,0.9984,0.9984,0.9984,0.9991
175916,spot_delist,ANT,-1,1693552182147,"Binance Margin Will Delist ALPHA/BUSD, ANT/BUSD, BAL/BUSD, COS/BTC, DGB/BUSD, FIRO/BUSD, OOKI/BUSD, QI/BTC, RVN/BUSD & TWT/BUSD Isolated Margin Pairs",ANTUSDT,4.26,4.23,4.225,,,,,,4.225,4.22,4.215,4.245,4.225
175916,spot_delist,BAL,-1,1693552182147,"Binance Margin Will Delist ALPHA/BUSD, ANT/BUSD, BAL/BUSD, COS/BTC, DGB/BUSD, FIRO/BUSD, OOKI/BUSD, QI/BTC, RVN/BUSD & TWT/BUSD Isolated Margin Pairs",BALUSDT,3.45,3.43,3.43,,,,,,3.43,3.43,3.425,3.43,3.43
175916,spot_delist,BTC,-1,1693552182147,"Binance Margin Will Delist ALPHA/BUSD, ANT/BUSD, BAL/BUSD, COS/BTC, DGB/BUSD, FIRO/BUSD, OOKI/BUSD, QI/BTC, RVN/BUSD & TWT/BUSD Isolated Margin Pairs",BTCUSDT,26021.5,25999.0,25990.0,25990.0,25990.0,25990.0,25990.0,25998.3,25998.4,25997.4,25972.8,25997.1,25973.0
175916,spot_delist,DGB,-1,1693552182147,"Binance Margin Will Delist ALPHA/BUSD, ANT/BUSD, BAL/BUSD, COS/BTC, DGB/BUSD, FIRO/BUSD, OOKI/BUSD, QI/BTC, RVN/BUSD & TWT/BUSD Isolated Margin Pairs",DGBUSDT,0.00672,0.00666,0.00664,,,,,,0.00667,0.00667,0.00666,0.00668,0.00667
175916,spot_delist,RVN,-1,1693552182147,"Binance Margin Will Delist ALPHA/BUSD, ANT/BUSD, BAL/BUSD, COS/BTC, DGB/BUSD, FIRO/BUSD, OOKI/BUSD, QI/BTC, RVN/BUSD & TWT/BUSD Isolated Margin Pairs",RVNUSDT,0.01485,0.0147,0.0147,,,,,,0.0147,0.0147,0.0147,0.0147,0.0148
175916,spot_delist,TWT,-1,1693552182147,"Binance Margin Will Delist ALPHA/BUSD, ANT/BUSD, BAL/BUSD, COS/BTC, DGB/BUSD, FIRO/BUSD, OOKI/BUSD, QI/BTC, RVN/BUSD & TWT/BUSD Isolated Margin Pairs",TWTUSDT,0.834,0.828,0.8285,,,,,,0.8285,0.8285,0.8275,0.829,0.8195
182168,spot_listing,ORDI,1,1699339453500,Binance Will List ORDI (ORDI) with Seed Tag Applied,ORDIUSDT,7.45,7.663,7.561,7.566,8.191,8.635,9.623,9.614,9.636,9.2,9.592,10.997,10.475
183919,spot_listing,BLUR,1,1700806187186,Binance Will List Blur (BLUR) with Seed Tag Applied,BLURUSDT,0.5353,0.5596,0.5604,0.5601,0.6031,0.6589,0.6377,0.6116,0.6111,0.619,0.6305,0.6246,0.6235
190521,spot_listing,PYTH,1,1706860207072,Binance Will List Pyth Network (PYTH) with Seed Tag Applied,PYTHUSDT,0.5123,0.5085,0.5121,0.5123,0.5795,0.5955,0.5715,0.5447,0.5445,0.5403,0.5159,0.4928,0.5068
190856,spot_delist,ANT,-1,1707202812575,"Binance Will Delist ANT, MULTI, VAI, XMR on 2024-02-20",ANTUSDT,5.877,5.875,5.882,5.883,5.459,5.608,5.571,5.624,5.613,5.623,5.718,5.867,5.873
190856,spot_delist,MULTI,-1,1707202812575,"Binance Will Delist ANT, MULTI, VAI, XMR on 2024-02-20",MULTIUSDT,2.0604,2.0465,2.0461,2.0453,1.9875,1.894,1.8802,1.8519,1.8523,1.8234,1.8466,1.733,1.5414
190856,spot_delist,XMR,-1,1707202812575,"Binance Will Delist ANT, MULTI, VAI, XMR on 2024-02-20",XMRUSDT,166.32,165.8,165.82,165.82,158.87,157.73,154.63,153.41,153.41,148.68,148.21,146.92,140.31
193153,spot_listing,AXL,1,1709277537028,Binance Will List Axelar (AXL) with Seed Tag Applied,AXLUSDT,1.5447,1.5555,1.5544,1.5551,1.6924,1.7541,1.7381,1.8304,1.828,1.7991,1.8584,1.9551,2.4973
193509,futures_launch,MYRO,1,1709616923762,Binance Futures Will Launch MYROUSDT and 1000PEPEUSDC Perpetual Contracts With Up to 50x Leverage,MYROUSDT,0.1708,0.1626,0.1603,0.1604,0.165,0.1717,0.171,0.1816,0.1814,0.223,0.2361,0.2692,0.2833
193543,spot_listing,WIF,1,1709632897364,Binance Will List Dogwifhat (WIF) with Seed Tag Applied,WIFUSDT,1.4711,1.5407,1.5272,1.5269,1.6969,1.7241,1.7277,1.7219,1.7258,1.7898,1.8853,1.8297,1.65
194176,spot_listing,METIS,1,1710143970976,Binance Will List Metis (METIS) with Seed Tag Applied,METISUSDT,115.54,114.47,115.61,115.61,126.39,134.78,145.18,137.78,137.78,144.96,141.01,135.37,139.69
194299,futures_launch,METIS,1,1710217805954,Binance Futures Will Launch METISUSDT and WLDUSDC Perpetual Contracts With Up to 75x Leverage,METISUSDT,134.1,131.57,130.62,130.76,136.8,136.13,134.28,132.26,132.14,134.14,133.39,131.46,125.69
194867,spot_listing,BOME,1,1710581406588,Binance Will List BOOK OF MEME (BOME) with Seed Tag Applied,BOMEUSDT,0.013308,0.014251,0.013801,0.013805,0.014522,0.014702,0.014581,0.014647,0.014635,0.015541,0.016616,0.019518,0.02359
195588,futures_delist,ANT,-1,1711341612437,"Binance Futures Will Delist and Update the Leverage & Margin Tiers of USDⓈ-M ANTUSDT, DGBUSDT and CTKUSDT Perpetual Contracts",ANTUSDT,8.752,8.785,8.785,8.785,8.787,8.787,8.764,8.774,8.763,8.788,8.822,8.848,8.763
195588,futures_delist,DGB,-1,1711341612437,"Binance Futures Will Delist and Update the Leverage & Margin Tiers of USDⓈ-M ANTUSDT, DGBUSDT and CTKUSDT Perpetual Contracts",DGBUSDT,0.014714,0.014712,0.014715,0.014711,0.014723,0.014723,0.014715,0.014644,0.01465,0.014579,0.014676,0.014821,0.014723
195588,futures_delist,CTK,-1,1711341612437,"Binance Futures Will Delist and Update the Leverage & Margin Tiers of USDⓈ-M ANTUSDT, DGBUSDT and CTKUSDT Perpetual Contracts",CTKUSDT,0.9798,0.9775,0.979,0.9787,0.9786,0.9791,0.9739,0.972,0.9726,0.954,0.9539,0.9471,0.9376
197420,spot_listing,TAO,1,1712817838489,Binance Will List Bittensor (TAO) with Seed Tag Applied,TAOUSDT,577.22,614.03,613.42,613.42,663.3,644.91,675.88,686.92,686.92,693.73,678.76,631.78,666.01
199497,futures_delist,STPT,-1,1714971617942,"Binance Futures Will Delist and Update the Leverage & Margin Tiers of USDⓈ-M STPTUSDT, SNTUSDT, MBLUSDT, RADUSDT and CVXUSDT Perpetual Contracts",STPTUSDT,0.05795,0.05808,0.05817,0.05815,0.0582,0.0582,0.0582,0.05777,0.05779,0.05564,0.0551,0.05562,0.05713
199497,futures_delist,SNT,-1,1714971617942,"Binance Futures Will Delist and Update the Leverage & Margin Tiers of USDⓈ-M STPTUSDT, SNTUSDT, MBLUSDT, RADUSDT and CVXUSDT Perpetual Contracts",SNTUSDT,0.04077,0.04085,0.04092,0.0409,0.0411,0.04096,0.04093,0.04084,0.04083,0.03963,0.03893,0.03915,0.04011
199497,futures_delist,MBL,-1,1714971617942,"Binance Futures Will Delist and Update the Leverage & Margin Tiers of USDⓈ-M STPTUSDT, SNTUSDT, MBLUSDT, RADUSDT and CVXUSDT Perpetual Contracts",MBLUSDT,0.004522,0.00455,0.004553,0.004552,0.004552,0.004552,0.00455,0.004549,0.004548,0.004376,0.004371,0.004368,0.004484
199497,futures_delist,RAD,-1,1714971617942,"Binance Futures Will Delist and Update the Leverage & Margin Tiers of USDⓈ-M STPTUSDT, SNTUSDT, MBLUSDT, RADUSDT and CVXUSDT Perpetual Contracts",RADUSDT,1.791,1.792,1.795,1.794,1.793,1.793,1.793,1.794,1.793,1.76,1.768,1.792,1.803
199497,futures_delist,CVX,-1,1714971617942,"Binance Futures Will Delist and Update the Leverage & Margin Tiers of USDⓈ-M STPTUSDT, SNTUSDT, MBLUSDT, RADUSDT and CVXUSDT Perpetual Contracts",CVXUSDT,2.606,2.604,2.605,2.605,2.605,2.605,2.598,2.597,2.595,2.521,2.533,2.552,2.565
199689,futures_delist,IDEX,-1,1715144426574,"Binance Futures Will Delist and Update the Leverage & Margin Tiers of USDⓈ-M IDEXUSDT, SLPUSDT, GLMRUSDT, MDTUSDT and AUDIOUSDT Perpetual Contracts",IDEXUSDT,0.0657,0.06518,0.06517,0.06515,0.06512,0.06506,0.06494,0.06443,0.06433,0.06344,0.06466,0.06609,0.06965
199689,futures_delist,SLP,-1,1715144426574,"Binance Futures Will Delist and Update the Leverage & Margin Tiers of USDⓈ-M IDEXUSDT, SLPUSDT, GLMRUSDT, MDTUSDT and AUDIOUSDT Perpetual Contracts",SLPUSDT,0.003893,0.003867,0.003859,0.003859,0.003857,0.003853,0.003842,0.003828,0.00383,0.003826,0.003826,0.003834,0.003799
199689,futures_delist,GLMR,-1,1715144426574,"Binance Futures Will Delist and Update the Leverage & Margin Tiers of USDⓈ-M IDEXUSDT, SLPUSDT, GLMRUSDT, MDTUSDT and AUDIOUSDT Perpetual Contracts",GLMRUSDT,0.2898,0.2873,0.2871,0.2869,0.28685,0.28485,0.28515,0.2861,0.286,0.28515,0.28555,0.28695,0.28455
199689,futures_delist,MDT,-1,1715144426574,"Binance Futures Will Delist and Update the Leverage & Margin Tiers of USDⓈ-M IDEXUSDT, SLPUSDT, GLMRUSDT, MDTUSDT and AUDIOUSDT Perpetual Contracts",MDTUSDT,0.073155,0.07298,0.072925,0.07288,0.07286,0.07264,0.07236,0.071965,0.07198,0.07162,0.07182,0.07168,0.0673
199689,futures_delist,AUDIO,-1,1715144426574,"Binance Futures Will Delist and Update the Leverage & Margin Tiers of USDⓈ-M IDEXUSDT, SLPUSDT, GLMRUSDT, MDTUSDT and AUDIOUSDT Perpetual Contracts",AUDIOUSDT,0.1671,0.1661,0.1658,0.1657,0.1657,0.1656,0.1654,0.1648,0.165,0.1636,0.1646,0.1656,0.1609
201912,spot_delist,OMG,-1,1717383620294,"Binance Will Delist OMG, WAVES, WNXM, XEM on 2024-06-17",OMGUSDT,0.7111,0.713,0.7139,0.7027,0.6702,0.6257,0.6058,0.6249,0.6248,0.6216,0.5929,0.5669,0.5293
201912,spot_delist,WAVES,-1,1717383620294,"Binance Will Delist OMG, WAVES, WNXM, XEM on 2024-06-17",WAVESUSDT,2.3595,2.36,2.36,2.359,2.2505,2.163,2.019,2.085,2.0785,2.012,1.8855,1.9105,1.734
201912,spot_delist,XEM,-1,1717383620294,"Binance Will Delist OMG, WAVES, WNXM, XEM on 2024-06-17",XEMUSDT,0.03568,0.03582,0.03585,0.03404,0.03287,0.03148,0.03245,0.03313,0.03315,0.03091,0.02928,0.02875,0.02573
204921,spot_delist,BOND,-1,1720422069631,"Binance Will Delist BOND, DOCK, MDX, POLS on 2024-07-22",BONDUSDT,1.768,1.809,1.81,1.809,1.7,1.585,1.507,1.414,1.414,1.347,1.41,1.527,1.418
207355,spot_listing,TON,1,1723095568744,Binance Will List Toncoin (TON) with Seed Tag Applied,TONUSDT,5.6239,5.7245,5.741,5.741,6.0296,5.9437,5.9432,5.848,5.8474,5.968,5.9697,6.2829,6.3467
207063,spot_delist,LOOM,-1,1723446011329,"Binance Will Delist CVP, EPX, FOR, LOOM, REEF, VGX on 2024-08-26",LOOMUSDT,0.05195,0.05111,0.05122,0.05121,0.05121,0.04352,0.04274,0.04264,0.04255,0.04397,0.04443,0.04591,0.04722
207063,spot_delist,REEF,-1,1723446011329,"Binance Will Delist CVP, EPX, FOR, LOOM, REEF, VGX on 2024-08-26",REEFUSDT,0.001102,0.001093,0.001093,0.001093,0.001093,0.000855,0.000827,0.000824,0.000825,0.000843,0.00087,0.00089,0.000875
207063,spot_delist,VGX,-1,1723446011329,"Binance Will Delist CVP, EPX, FOR, LOOM, REEF, VGX on 2024-08-26",VGXUSDT,0.05149,0.0512,0.05124,0.05123,0.05123,0.04604,0.04799,0.04583,0.04595,0.04243,0.04299,0.03924,0.03452
207714,launchpool_airdrop,TON,1,1723551163618,"Introducing Toncoin (TON) on Binance Launchpool and Super Earn! Farm TON by Staking BNB, FDUSD, and TON",TONUSDT,6.2455,6.2815,6.3087,6.3078,6.3489,6.3574,6.3882,6.3561,6.3558,6.3912,6.3585,6.3516,6.3232
211209,product_add,POL,1,1726219804612,"Binance Will Add Polygon (POL) on Earn, Buy Crypto, Convert, Margin & Futures",POLUSDT,0.3777,0.3792,0.379,0.3789,0.3789,0.3789,0.3789,0.379,0.3788,0.3794,0.3809,0.4073,0.4391
211264,launchpool_airdrop,CATI,1,1726230768590,Introducing Catizen (CATI) on Binance Launchpool! Farm CATI by Locking BNB and FDUSD,CATIUSDT,0.5129,0.5166,0.5163,0.5215,0.5215,0.5217,0.5218,0.5338,0.5338,0.584,0.637,0.69,0.6605
211484,futures_launch,CATI,1,1726482602376,Binance Futures Will Launch USDⓈ-Margined CATIUSDT and HMSTRUSDT Perpetual Contracts With up to 75x Leverage,CATIUSDT,0.723,0.7234,0.7234,0.7234,0.7234,0.7525,0.8,0.761,0.7201,0.7479,0.743,0.7501,0.73
211484,futures_launch,HMSTR,1,1726482602376,Binance Futures Will Launch USDⓈ-Margined CATIUSDT and HMSTRUSDT Perpetual Contracts With up to 75x Leverage,HMSTRUSDT,0.0062,0.00601,0.00595,0.006,0.006,0.006,0.00609,0.00647,0.00608,0.00613,0.00582,0.00604,0.00574
211820,futures_launch,KDA,1,1726659001250,Binance Futures Will Launch USDⓈ-Margined KDAUSDT Perpetual Contract With up to 75x Leverage,KDAUSDT,0.5105,0.5103,0.5101,0.5103,0.5767,0.5904,0.6575,0.6487,0.6486,0.6125,0.6454,0.6295,0.591
212122,product_add,CATI,1,1726822804324,"Binance Will Add Catizen (CATI) on Earn, Buy Crypto, Convert & Margin",CATIUSDT,0.81,0.796,0.797,0.799,0.799,0.799,0.8004,0.8053,0.807,0.8248,0.825,0.7804,1.0721
212774,product_add,HMSTR,1,1727350206921,"Binance Will Add Hamster Kombat (HMSTR) on Earn, Buy Crypto, Convert & Margin",HMSTRUSDT,0.01118,0.01136,0.01139,0.0114,0.0114,0.01147,0.01147,0.01165,0.01165,0.01164,0.01145,0.00882,0.008106
213198,spot_listing,EIGEN,1,1727684397115,Binance Will List EigenLayer (EIGEN) with Seed Tag Applied,EIGENUSDT,3.9219,3.91,3.8881,3.9162,3.9162,4.0952,4.3743,4.1311,3.8686,4.079,4.0638,4.1995,4.1369
213249,futures_launch,COS,1,1727692857877,Binance Futures Will Launch USDⓈ-Margined COSUSDT Perpetual Contract With up to 75x Leverage,COSUSDT,0.00756,0.00745,0.007456,0.008135,0.00895,0.009271,0.008788,0.008697,0.008675,0.00863,0.00878,0.008587,0.008179
213298,product_add,EIGEN,1,1727755206794,"Binance Will Add EigenLayer (EIGEN) on Earn, Buy Crypto, Convert, Margin & Futures",EIGENUSDT,4.0023,3.7602,3.772,3.7877,3.7877,3.7875,3.656,3.6627,3.6626,3.6169,3.7521,4.05,4.1733
215164,futures_launch,1000CAT,1,1729506638455,Binance Futures Will Launch USDⓈ-Margined 1000CATUSDT Perpetual Contract With up to 75x Leverage,1000CATUSDT,0.02488,0.02466,0.02463,0.02463,0.02465,0.02947,0.02996,0.031,0.03096,0.03213,0.03381,0.03358,0.03677
215222,product_add,SCR,1,1729585806416,"Binance Will Add Scroll (SCR) on Earn, Buy Crypto, Convert, Margin & Futures",SCRUSDT,1.291,1.28,1.287,1.29,1.29,1.29,1.292,1.292,1.292,1.292,1.297,1.25,1.149
215319,spot_delist,UNFI,-1,1729666837062,"Binance Will Delist IDRT, KP3R, OOKI, UNFI on 2024-11-06",UNFIUSDT,2.651,2.646,2.6445,2.6435,2.208,2.2215,2.232,2.252,2.251,2.315,2.2335,1.9085,1.6055
215677,futures_launch,GOAT,1,1729769672095,Binance Futures Will Launch USDⓈ-Margined GOATUSDT Perpetual Contract With up to 75x Leverage,GOATUSDT,0.7995,0.7872,0.8022,0.8011,0.8721,0.902,0.8957,0.897,0.8961,0.8719,0.8776,0.8016,0.7746
215707,futures_launch,MOODENG,1,1729843231189,Binance Futures Will Launch USDⓈ-Margined MOODENGUSDT Perpetual Contract With up to 75x Leverage,MOODENGUSDT,0.0752,0.07505,0.07515,0.07526,0.08379,0.09164,0.09671,0.10105,0.10086,0.12061,0.12914,0.14908,0.16042
215763,futures_launch,SAFE,1,1729852200674,Binance Futures Will Launch USDⓈ-Margined SAFEUSDT Perpetual Contract With up to 75x Leverage,SAFEUSDT,1.5276,1.6009,1.6151,1.6152,1.7477,1.72,1.7693,1.758,1.7592,1.7131,1.6916,1.6639,1.574
216392,futures_launch,PONKE,1,1730716223083,Binance Futures Will Launch USDⓈ-Margined PONKEUSDT Perpetual Contract With up to 75x Leverage,PONKEUSDT,0.45785,0.46397,0.46221,0.46212,0.55546,0.61127,0.58872,0.61315,0.61152,0.54446,0.5432,0.50707,0.457
216473,spot_listing,CETUS,1,1730869807602,Binance Will List Cow Protocol (COW) and Cetus Protocol (CETUS) with Seed Tag Applied,CETUSUSDT,0.21376,0.20874,0.20883,0.2091,0.2604,0.26184,0.32939,0.34206,0.34258,0.31068,0.32558,0.30596,0.29285
216599,product_add,CETUS,1,1730892607366,"Binance Will Add Cow Protocol (COW) and Cetus Protocol (CETUS) on Earn, Buy Crypto, Convert, Margin & Futures",CETUSUSDT,0.29627,0.30375,0.3049,0.30513,0.30523,0.31315,0.31097,0.30925,0.30942,0.30966,0.3077,0.29303,0.29986
216744,futures_launch,1000000MOG,1,1730975333236,Binance Futures Will Launch USDⓈ-Margined 1000000MOGUSDT Perpetual Contract With up to 75x Leverage,1000000MOGUSDT,2.309,2.3001,2.2913,2.4711,2.4991,2.4875,2.5687,2.5888,2.5892,2.2915,2.2343,2.0597,2.0785
216852,futures_launch,GRASS,1,1731074582460,"Binance Futures Will Launch USDⓈ-Margined GRASSUSDT, DRIFTUSDT, and SWELLUSDT Perpetual Contracts With up to 75x Leverage",GRASSUSDT,3.6192,3.7242,3.7447,3.8521,3.904,3.8966,3.8189,3.7032,3.7032,3.634,3.4512,3.3522,3.3693
216852,futures_launch,DRIFT,1,1731074582460,"Binance Futures Will Launch USDⓈ-Margined GRASSUSDT, DRIFTUSDT, and SWELLUSDT Perpetual Contracts With up to 75x Leverage",DRIFTUSDT,0.8131,0.8099,0.8099,0.8481,0.8518,0.8555,0.8665,0.8558,0.8563,0.8432,0.875,0.9332,1.0897
216852,futures_launch,SWELL,1,1731074582460,"Binance Futures Will Launch USDⓈ-Margined GRASSUSDT, DRIFTUSDT, and SWELLUSDT Perpetual Contracts With up to 75x Leverage",SWELLUSDT,0.04532,0.05084,0.05115,0.05612,0.0558,0.05551,0.05962,0.05949,0.05948,0.0573,0.05032,0.05137,0.04769
217041,product_add,ACT,1,1731317423797,"Binance Will Add Act I : The AI Prophecy (ACT) and Peanut the Squirrel (PNUT) on Earn, Buy Crypto, Convert, Margin & Futures",ACTUSDT,,0.348,0.3358,0.3356,0.3356,0.3332,0.3362,0.3366,0.3365,0.3429,0.3316,0.4119,0.4276
217041,product_add,PNUT,1,1731317423797,"Binance Will Add Act I : The AI Prophecy (ACT) and Peanut the Squirrel (PNUT) on Earn, Buy Crypto, Convert, Margin & Futures",PNUTUSDT,,0.4454,0.4339,0.4342,0.4348,0.4341,0.4322,0.4278,0.4284,0.429,0.4225,0.4245,0.4057
217261,futures_launch,1000X,1,1731493800839,Binance Futures Will Launch USDⓈ-Margined HIPPOUSDT and 1000XUSDT Perpetual Contract With up to 75x Leverage,1000XUSDT,0.21908,0.2272,0.22807,0.22814,0.22808,0.23485,0.23645,0.24877,0.24877,0.26667,0.31349,0.30224,0.26532
217499,futures_launch,DEGEN,1,1731663013144,Binance Futures Will Launch USDⓈ-Margined DEGENUSDT Perpetual Contract With up to 75x Leverage,DEGENUSDT,0.024852,0.027608,0.027748,0.027791,0.031523,0.033442,0.034966,0.034406,0.034407,0.031155,0.02906,0.03071,0.028453
217630,futures_launch,BAN,1,1731922212272,Binance Futures Will Launch USDⓈ-Margined BANUSDT and AKTUSDT Perpetual Contracts With up to 75x Leverage,BANUSDT,,0.2542,0.2542,0.2547,0.2861,0.3234,0.3459,0.3706,0.3706,0.3474,0.3484,0.3228,0.2916
217630,futures_launch,AKT,1,1731922212272,Binance Futures Will Launch USDⓈ-Margined BANUSDT and AKTUSDT Perpetual Contracts With up to 75x Leverage,AKTUSDT,3.455,3.454,3.458,3.457,4.262,4.079,3.951,4.086,4.088,3.741,4.115,4.084,3.68
217985,futures_launch,SLERF,1,1732181402071,Binance Futures Will Launch USDⓈ-Margined SLERFUSDT and SCRTUSDT Perpetual Contracts With up to 75x Leverage,SLERFUSDT,0.2932,0.2916,0.2917,0.2917,0.3486,0.3733,0.3652,0.4144,0.4144,0.4171,0.3995,0.3969,0.3911
217985,futures_launch,SCRT,1,1732181402071,Binance Futures Will Launch USDⓈ-Margined SLERFUSDT and SCRTUSDT Perpetual Contracts With up to 75x Leverage,SCRTUSDT,0.3079,0.3028,0.3022,0.3023,0.3633,0.3931,0.3861,0.3558,0.3551,0.3734,0.3351,0.3514,0.3437
218253,spot_delist,GFT,-1,1732609814278,"Binance Will Delist GFT, IRIS, KEY, OAX, REN on 2024-12-10",GFTUSDT,0.01697,0.01677,0.01667,0.01666,0.01666,0.014,0.01521,0.01536,0.01535,0.01473,0.01463,0.01233,0.01196
218253,spot_delist,KEY,-1,1732609814278,"Binance Will Delist GFT, IRIS, KEY, OAX, REN on 2024-12-10",KEYUSDT,0.0039555,0.0038425,0.0038175,0.003816,0.003816,0.0032285,0.003244,0.0033895,0.0033985,0.0031,0.00307,0.0027135,0.0026235
218253,spot_delist,REN,-1,1732609814278,"Binance Will Delist GFT, IRIS, KEY, OAX, REN on 2024-12-10",RENUSDT,0.05216,0.05067,0.05044,0.05041,0.05041,0.04163,0.03906,0.0433,0.04352,0.04085,0.03947,0.03531,0.04017
218471,futures_launch,MORPHO,1,1732710701624,Binance Futures Will Launch USDⓈ-Margined MORPHOUSDT and CHILLGUYUSDT Perpetual Contracts With up to 75x Leverage,MORPHOUSDT,1.1954,1.2054,1.2335,1.2329,1.3068,1.4237,1.3603,1.3718,1.3662,1.2918,1.2862,1.3103,1.6958
218471,futures_launch,CHILLGUY,1,1732710701624,Binance Futures Will Launch USDⓈ-Margined MORPHOUSDT and CHILLGUYUSDT Perpetual Contracts With up to 75x Leverage,CHILLGUYUSDT,0.6367,0.6279,0.6224,0.6229,0.6771,0.6914,0.6571,0.6448,0.6435,0.6195,0.5874,0.5495,0.5525
218648,futures_delist,XEM,-1,1732852801809,"Binance Futures Will Delist USDⓈ-M XEMUSDT, ORBSUSDT and LOOMUSDT Perpetual Contracts (2024-12-09)",XEMUSDT,0.02769,0.02758,0.02756,0.02756,0.02706,0.02724,0.02668,0.02628,0.02631,0.02557,0.02489,0.02546,0.02595
218648,futures_delist,ORBS,-1,1732852801809,"Binance Futures Will Delist USDⓈ-M XEMUSDT, ORBSUSDT and LOOMUSDT Perpetual Contracts (2024-12-09)",ORBSUSDT,0.0351,0.03497,0.03493,0.03493,0.03461,0.03434,0.03439,0.03385,0.03387,0.03342,0.03203,0.03295,0.03275
219071,futures_launch,KAIA,1,1733313823583,Binance Futures Will Launch USDⓈ-Margined KAIAUSDT and AEROUSDT Perpetual Contracts With up to 75x Leverage,KAIAUSDT,0.3584,0.3588,0.3573,0.3573,0.3904,0.3852,0.3724,0.3773,0.3772,0.3762,0.3573,0.3599,0.3577
219071,futures_launch,AERO,1,1733313823583,Binance Futures Will Launch USDⓈ-Margined KAIAUSDT and AEROUSDT Perpetual Contracts With up to 75x Leverage,AEROUSDT,1.6375,1.6482,1.651,1.6516,1.9801,1.7994,1.6796,1.674,1.6711,1.689,1.7566,1.8129,1.8162
219234,futures_delist,MAVIA,-1,1733454004185,"Binance Futures Will Delist USDⓈ-M MAVIAUSDT, OMGUSDT, and BONDUSDT Perpetual Contracts (2024-12-16)",MAVIAUSDT,2.234,2.267,2.28,2.28,2.221,2.181,2.077,2.054,2.053,2.022,1.953,2.045,1.94
219234,futures_delist,OMG,-1,1733454004185,"Binance Futures Will Delist USDⓈ-M MAVIAUSDT, OMGUSDT, and BONDUSDT Perpetual Contracts (2024-12-16)",OMGUSDT,0.6103,0.6119,0.6127,0.6129,0.5883,0.5889,0.5626,0.5585,0.5594,0.5625,0.561,0.5942,0.5838
219234,futures_delist,BOND,-1,1733454004185,"Binance Futures Will Delist USDⓈ-M MAVIAUSDT, OMGUSDT, and BONDUSDT Perpetual Contracts (2024-12-16)",BONDUSDT,1.697,1.708,1.709,1.708,1.601,1.604,1.597,1.542,1.542,1.602,1.596,1.645,1.572
219276,spot_listing,ORCA,1,1733474058953,Binance Will List Across Protocol (ACX) and Orca (ORCA) with Seed Tag Applied,ORCAUSDT,4.047,4.062,4.011,4.013,5.543,6.359,5.686,6.04,6.074,6.49,6.487,6.848,7.006
219327,product_add,ACX,1,1733488747249,"Binance Will Add Across Protocol (ACX) and Orca (ORCA) on Earn, Buy Crypto, Convert, Margin & Futures",ACXUSDT,1.2289,1.2367,1.2477,1.249,1.249,1.2501,1.251,1.2394,1.24,1.2587,1.2119,1.4858,1.2117
219327,product_add,ORCA,1,1733488747249,"Binance Will Add Across Protocol (ACX) and Orca (ORCA) on Earn, Buy Crypto, Convert, Margin & Futures",ORCAUSDT,6.866,6.998,6.909,6.909,7.02,6.978,6.912,6.927,6.931,6.98,6.784,7.943,7.652
219677,spot_listing,ME,1,1733815340546,Binance Will List Magic Eden (ME) with Seed Tag Applied,MEUSDT,4.47,4.5998,4.529,4.5189,4.7659,4.6979,4.8563,5.1081,5.0619,5.16,5.4989,5.74,6.22
219709,futures_launch,VIRTUAL,1,1733822380056,"Binance Futures Will Launch USDⓈ-Margined RAYSOLUSDT, KOMAUSDT, VIRTUALUSDT, and SPXUSDT Perpetual Contracts With up to 75x Leverage",VIRTUALUSDT,1.5336,1.586,1.585,1.585,1.5923,1.6295,1.661,1.6474,1.6464,1.6376,1.6482,1.6117,1.6374
219709,futures_launch,SPX,1,1733822380056,"Binance Futures Will Launch USDⓈ-Margined RAYSOLUSDT, KOMAUSDT, VIRTUALUSDT, and SPXUSDT Perpetual Contracts With up to 75x Leverage",SPXUSDT,0.6126,0.6297,0.6255,0.6251,0.7097,0.6795,0.6887,0.6814,0.6825,0.6709,0.672,0.6822,0.6802
219757,product_add,ME,1,1733841398159,"Binance Will Add Magic Eden (ME) on Earn, Buy Crypto, Convert, Margin & Futures",MEUSDT,6.2404,5.9144,5.7723,5.7724,5.7777,6.0515,5.8782,5.7948,5.7885,5.5826,5.1008,4.3941,4.9791
220356,product_add,VELODROME,1,1734096627605,"Binance Will Add Velodrome Finance (VELODROME) on Earn, Buy Crypto, Convert, Margin & Futures",VELODROMEUSDT,0.3166,0.32653,0.33075,0.33087,0.33158,0.3317,0.33642,0.32801,0.32801,0.33301,0.33534,0.31786,0.27612
220594,futures_launch,MOCA,1,1734340783453,Binance Futures Will Launch USDⓈ-Margined MOCAUSDT Perpetual Contract With up to 75x Leverage,MOCAUSDT,0.219,0.21182,0.21501,0.21536,0.23828,0.23129,0.24458,0.23119,0.2312,0.23308,0.22601,0.21682,0.1849
220669,launchpool_airdrop,1000CAT,1,1734352605627,Introducing Simon's Cat (1000CAT) and Pudgy Penguins (PENGU) on Binance HODLer Airdrops!,1000CATUSDT,0.0392,0.03917,0.03928,0.03928,0.04516,0.05032,0.05583,0.05406,0.05411,0.05153,0.05371,0.06265,0.06112
220761,product_add,1000CAT,1,1734424208879,"Binance Will Add Simon's Cat (1000CAT) and Pudgy Penguins (PENGU) on Earn, Buy Crypto, Convert, Margin & Futures",1000CATUSDT,0.06422,0.0647,0.06424,0.06424,0.06422,0.06437,0.06451,0.06456,0.06454,0.06456,0.06436,0.06017,0.0546
220874,spot_delist,AKRO,-1,1734508872939,"Binance Will Delist AKRO, BLZ, WRX on 2024-12-25",AKROUSDT,0.003871,0.003835,0.003828,0.003826,0.003454,0.003279,0.003175,0.003129,0.003136,0.003291,0.002999,0.003188,0.002501
220874,spot_delist,BLZ,-1,1734508872939,"Binance Will Delist AKRO, BLZ, WRX on 2024-12-25",BLZUSDT,0.12212,0.12208,0.12248,0.12254,0.10753,0.1016,0.10207,0.1026,0.1026,0.10447,0.10149,0.10949,0.09334
221079,futures_launch,LUMIA,1,1734514149028,Binance Futures Will Launch USDⓈ-Margined LUMIAUSDT Perpetual Contract With up to 75x Leverage,LUMIAUSDT,1.759,1.808,1.815,2.025,2.015,2.03,2.011,1.991,1.989,1.872,1.872,1.848,1.831
221045,product_add,USUAL,1,1734517803199,"Binance Will Add Usual (USUAL) on Earn, Buy Crypto, Convert, Margin & Futures",USUALUSDT,0.7,0.6926,0.6999,0.6999,0.6999,0.7178,0.7228,0.728,0.733,0.7409,0.7185,0.9674,0.8958
221412,futures_launch,AIXBT,1,1734710650493,"Binance Futures Will Launch USDⓈ-Margined AIXBTUSDT, FARTCOINUSDT, KMNOUSDT and CGPTUSDT Perpetual Contracts With up to 75x Leverage",AIXBTUSDT,0.24,0.2332,0.2326,0.233,0.2411,0.2397,0.2397,0.2463,0.249,0.2468,0.258,0.2515,0.3075
221412,futures_launch,FARTCOIN,1,1734710650493,"Binance Futures Will Launch USDⓈ-Margined AIXBTUSDT, FARTCOINUSDT, KMNOUSDT and CGPTUSDT Perpetual Contracts With up to 75x Leverage",FARTCOINUSDT,1.1923,1.2324,1.2058,1.2076,1.2573,1.3167,1.2559,1.2554,1.2563,1.2482,1.1606,1.1051,1.1444
221412,futures_launch,KMNO,1,1734710650493,"Binance Futures Will Launch USDⓈ-Margined AIXBTUSDT, FARTCOINUSDT, KMNOUSDT and CGPTUSDT Perpetual Contracts With up to 75x Leverage",KMNOUSDT,0.17167,0.17342,0.17327,0.1732,0.20551,0.20011,0.18543,0.18065,0.18086,0.1822,0.1776,0.18708,0.19522
221735,futures_launch,DEXE,1,1735031705604,Binance Futures Will Launch USDⓈ-Margined DEXEUSDT Perpetual Contract With up to 75x Leverage,DEXEUSDT,12.218,13.028,13.217,13.694,13.703,14.194,13.774,13.728,13.728,13.138,13.426,12.761,13.204
221988,futures_launch,PHA,1,1735550106345,Binance Futures Will Launch USDⓈ-Margined PHAUSDT and DFUSDT Perpetual Contracts With up to 75x Leverage,PHAUSDT,0.4871,0.50346,0.50029,0.52527,0.54129,0.53462,0.53002,0.53631,0.53685,0.51293,0.52439,0.52995,0.46394
222286,futures_launch,GRIFFAIN,1,1735815037626,"Binance Futures Will Launch USDⓈ-Margined GRIFFAINUSDT, AI16ZUSDT and ZEREBROUSDT Perpetual Contracts With up to 75x Leverage",GRIFFAINUSDT,0.43584,0.41833,0.42302,0.42313,0.44437,0.44715,0.46212,0.44669,0.44667,0.43207,0.432,0.40023,0.39919
222286,futures_launch,AI16Z,1,1735815037626,"Binance Futures Will Launch USDⓈ-Margined GRIFFAINUSDT, AI16ZUSDT and ZEREBROUSDT Perpetual Contracts With up to 75x Leverage",AI16ZUSDT,2.3586,2.2626,2.272,2.2728,2.3294,2.338,2.2747,2.1761,2.1761,2.0823,2.0793,2.0969,2.0154
222286,futures_launch,ZEREBRO,1,1735815037626,"Binance Futures Will Launch USDⓈ-Margined GRIFFAINUSDT, AI16ZUSDT and ZEREBROUSDT Perpetual Contracts With up to 75x Leverage",ZEREBROUSDT,0.7474,0.6917,0.7025,0.7023,0.7209,0.7291,0.7219,0.7111,0.7116,0.6852,0.6629,0.6647,0.6677
222488,product_add,BIO,1,1735896622068,"Binance Will Add BIO Protocol (BIO) on Earn, Buy Crypto, Convert, Margin & Futures",BIOUSDT,0.805,0.8159,0.8125,0.8121,0.8129,0.8039,0.798,0.7917,0.793,0.8034,0.8315,0.693,0.848
222775,futures_launch,COOKIE,1,1736240280965,"Binance Futures Will Launch USDⓈ-Margined COOKIEUSDT, ALCHUSDT, and SWARMSUSDT Perpetual Contracts With up to 75x Leverage",COOKIEUSDT,,0.5925,0.5909,0.5908,0.6354,0.6645,0.655,0.6573,0.6586,0.6085,0.5904,0.6194,0.6587
222775,futures_launch,ALCH,1,1736240280965,"Binance Futures Will Launch USDⓈ-Margined COOKIEUSDT, ALCHUSDT, and SWARMSUSDT Perpetual Contracts With up to 75x Leverage",ALCHUSDT,,0.18413,0.184,0.18409,0.19323,0.20937,0.198,0.20089,0.20073,0.18848,0.18377,0.18415,0.19872
222775,futures_launch,SWARMS,1,1736240280965,"Binance Futures Will Launch USDⓈ-Margined COOKIEUSDT, ALCHUSDT, and SWARMSUSDT Perpetual Contracts With up to 75x Leverage",SWARMSUSDT,0.57241,0.60153,0.5994,0.59932,0.60917,0.6193,0.59462,0.56607,0.56558,0.53881,0.50345,0.47169,0.45885
222844,futures_launch,SONIC,1,1736312068898,Binance Futures Will Launch USDⓈ-Margined SONICUSDT Perpetual Contract With up to 75x Leverage,SONICUSDT,1.0693,1.0988,1.0679,1.0721,1.0867,1.1034,1.0489,1.0635,1.0635,1.0613,0.9409,1.0239,1.0187
223089,spot_listing,AIXBT,1,1736499327639,"Binance Will List aixbt by Virtuals (AIXBT), ChainGPT(CGPT), Cookie DAO(COOKIE) with Seed Tag Applied",AIXBTUSDT,0.4478,0.4422,0.4434,0.4438,0.4995,0.5363,0.534,0.572,0.572,0.5478,0.5558,0.5692,0.5825
223089,spot_listing,COOKIE,1,1736499327639,"Binance Will List aixbt by Virtuals (AIXBT), ChainGPT(CGPT), Cookie DAO(COOKIE) with Seed Tag Applied",COOKIEUSDT,0.5028,0.5051,0.5064,0.506,0.614,0.6629,0.6583,0.7089,0.7077,0.751,0.7193,0.7152,0.6612
223117,product_add,AIXBT,1,1736512210013,"Binance Will Add aixbt by Virtuals (AIXBT), ChainGPT (CGPT) and Cookie DAO (COOKIE) on Earn, Buy Crypto, Convert & Margin",AIXBTUSDT,0.5488,0.559,0.5572,0.5574,0.5575,0.5585,0.5567,0.5586,0.5586,0.5756,0.5759,0.5185,0.5297
223117,product_add,CGPT,1,1736512210013,"Binance Will Add aixbt by Virtuals (AIXBT), ChainGPT (CGPT) and Cookie DAO (COOKIE) on Earn, Buy Crypto, Convert & Margin",CGPTUSDT,0.32671,0.34795,0.3497,0.34922,0.3495,0.34904,0.34768,0.34784,0.34783,0.3538,0.35239,0.36318,0.3819
223117,product_add,COOKIE,1,1736512210013,"Binance Will Add aixbt by Virtuals (AIXBT), ChainGPT (CGPT) and Cookie DAO (COOKIE) on Earn, Buy Crypto, Convert & Margin",COOKIEUSDT,0.6721,0.6381,0.6435,0.6439,0.6452,0.6445,0.6455,0.6454,0.6454,0.6573,0.6679,0.5868,0.5852
223426,futures_delist,REEF,-1,1736928006723,Binance Futures Will Delist and Update the Leverage & Margin Tiers of USDⓈ-M REEFUSDT Perpetual Contract (2025-01-22),REEFUSDT,0.000999,0.0010052,0.0010035,0.0010038,0.0009825,0.000911,0.0008436,0.000813,0.000813,0.0008708,0.0008634,0.0008281,0.0008828
223488,futures_launch,PROM,1,1736937009822,Binance Futures Will Launch USDⓈ-Margined PROMUSDT Perpetual Contract With up to 75x Leverage,PROMUSDT,7.741,7.807,7.772,7.856,7.846,8.029,8.062,7.965,7.964,7.931,8.231,8.539,8.368
223855,futures_launch,ARC,1,1737108423396,Binance Futures Will Launch USDⓈ-Margined ARCUSDT and AVAAIUSDT Perpetual Contracts With up to 25x Leverage,ARCUSDT,0.3831,0.37258,0.37031,0.37016,0.3759,0.38393,0.38059,0.35999,0.35997,0.3483,0.3522,0.33413,0.35135
223855,futures_launch,AVAAI,1,1737108423396,Binance Futures Will Launch USDⓈ-Margined ARCUSDT and AVAAIUSDT Perpetual Contracts With up to 25x Leverage,AVAAIUSDT,0.27569,0.2684,0.26783,0.26786,0.26809,0.28582,0.28813,0.27532,0.2751,0.25593,0.24652,0.24176,0.22784
223942,futures_launch,TRUMP,1,1737196991591,Binance Futures Will Launch USDⓈ-Margined TRUMPUSDT Perpetual Contract With up to 25x Leverage,TRUMPUSDT,,25.83,23.88,23.999,24.0,24.252,24.0,24.32,24.3,19.352,22.896,21.052,27.254
223961,spot_listing,TRUMP,1,1737259542151,Binance Will List OFFICIAL TRUMP (TRUMP) with Seed Tag Applied,TRUMPUSDT,28.494,31.794,31.077,31.091,31.112,31.798,32.911,33.764,33.768,34.312,33.337,38.064,46.138
223988,product_add,TRUMP,1,1737274502690,"Binance Will Add OFFICIAL TRUMP (TRUMP) on Earn, Buy Crypto, Convert & Margin",TRUMPUSDT,44.353,46.819,47.002,46.958,46.796,47.159,47.353,47.564,47.551,47.39,46.954,73.923,70.039
224099,futures_launch,MELANIA,1,1737356113731,Binance Futures Will Launch USDⓈ-Margined MELANIAUSDT Perpetual Contract With up to 25x Leverage,MELANIAUSDT,10.538,12.757,13.23,13.262,13.305,13.501,13.933,13.816,13.824,13.42,11.793,12.356,10.924
224401,futures_launch,VTHO,1,1737531016033,Binance Futures Will Launch USDⓈ-Margined VTHOUSDT Perpetual Contract With up to 75x Leverage,VTHOUSDT,0.008181,0.008131,0.008041,0.008238,0.008163,0.008315,0.007795,0.007855,0.007848,0.007954,0.008404,0.008708,0.007954
224634,futures_launch,VINE,1,1737702606449,Binance Futures Will Launch USDⓈ-Margined VINEUSDT and PIPPINUSDT Perpetual Contracts With up to 25x Leverage,VINEUSDT,0.22276,0.22332,0.20905,0.20925,0.21701,0.22891,0.22188,0.23106,0.23108,0.22802,0.27873,0.25561,0.18483
224634,futures_launch,PIPPIN,1,1737702606449,Binance Futures Will Launch USDⓈ-Margined VINEUSDT and PIPPINUSDT Perpetual Contracts With up to 25x Leverage,PIPPINUSDT,0.1341,0.13463,0.13661,0.13666,0.14344,0.14086,0.13819,0.14217,0.14227,0.143,0.14594,0.13124,0.12762
224864,futures_launch,VVV,1,1738129940129,Binance Futures Will Launch USDⓈ-Margined VVVUSDT Perpetual Contract With up to 25x Leverage,VVVUSDT,10.7,9.837,9.756,9.736,9.821,9.85,10.401,10.24,10.239,10.431,10.159,10.5,9.869
225801,futures_launch,B3,1,1739439910452,Binance Futures Will Launch USDⓈ-Margined B3USDT Perpetual Contract With up to 25x Leverage,B3USDT,0.012135,0.01225,0.012175,0.012142,0.012779,0.012772,0.012582,0.012403,0.012406,0.012838,0.013402,0.012923,0.013711
225900,futures_launch,IP,1,1739459091469,Binance Futures Will Launch USDⓈ-Margined IPUSDT Perpetual Contract With up to 25x Leverage,IPUSDT,1.9172,1.8692,1.8593,1.8599,1.9092,1.8949,1.8782,1.8687,1.87,1.8819,1.8948,1.8318,1.8015
226076,spot_delist,AMB,-1,1739775624287,"Binance Will Delist AMB, CLV, STMX, VITE on 2025-02-24",AMBUSDT,0.003581,0.003626,0.003627,0.003626,0.003581,0.003029,0.003042,0.003033,0.003034,0.003227,0.003048,0.002786,0.002605
226076,spot_delist,STMX,-1,1739775624287,"Binance Will Delist AMB, CLV, STMX, VITE on 2025-02-24",STMXUSDT,0.00407,0.00406,0.004062,0.004061,0.003999,0.003824,0.00384,0.00384,0.003825,0.003754,0.003712,0.003831,0.003931
226329,futures_launch,SHELL,1,1739804936220,Binance Futures Will Launch USDⓈ-Margined GPSUSDT and SHELLUSDT Perpetual Contracts With up to 25x Leverage,SHELLUSDT,0.5233,0.5544,0.5524,0.5523,0.5796,0.5718,0.579,0.5568,0.5569,0.5043,0.4989,0.4616,0.4176
227335,launchpool_airdrop,SHELL,1,1740633320602,Introducing MyShell (SHELL) on Binance HODLer Airdrops! Earn SHELL With Retroactive BNB Simple Earn Subscriptions,SHELLUSDT,0.4834,0.4809,0.4843,0.4841,0.5798,0.6077,0.6134,0.61,0.6105,0.6384,0.6429,0.6149,0.6417
227476,product_add,SHELL,1,1740659409887,"Binance Will Add MyShell (SHELL) on Earn, Buy Crypto, Convert & Margin",SHELLUSDT,0.6214,0.6339,0.6379,0.6376,0.6378,0.6387,0.6391,0.6393,0.6394,0.6525,0.656,0.6683,0.6033
227938,launchpool_airdrop,GPS,1,1741065531742,Introducing GoPlus Security (GPS) on Binance HODLer Airdrops! Earn GPS With Retroactive BNB Simple Earn Subscriptions,GPSUSDT,0.13064,0.13073,0.13031,0.13029,0.14061,0.16074,0.19648,0.17884,0.17919,0.15883,0.1531,0.15195,0.14398
227998,product_add,GPS,1,1741091406409,"Binance Will Add GoPlus Security (GPS) on Earn, Buy Crypto, Convert & Margin",GPSUSDT,0.14117,0.13432,0.13521,0.13484,0.1349,0.13526,0.13557,0.13542,0.13549,0.1378,0.14174,0.09986,0.06731
228385,product_add,RED,1,1741275013807,"Binance Will Add RedStone (RED) on Earn, Buy Crypto, Convert, Margin & Futures",REDUSDT,0.7424,0.875,0.9064,0.9028,0.9054,0.9149,0.8989,0.8774,0.8772,0.8713,0.8759,0.8622,0.681
229569,futures_launch,BMT,1,1742211060548,Binance Futures Will Launch USDⓈ-Margined BMTUSDT and MUBARAKUSDT Perpetual Contracts With up to 25x Leverage,BMTUSDT,0.13962,0.13573,0.13633,0.13633,0.14225,0.15122,0.14319,0.13784,0.13784,0.13849,0.12937,0.12902,0.15101
229569,futures_launch,MUBARAK,1,1742211060548,Binance Futures Will Launch USDⓈ-Margined BMTUSDT and MUBARAKUSDT Perpetual Contracts With up to 25x Leverage,MUBARAKUSDT,0.12843,0.11452,0.113,0.11305,0.11472,0.11829,0.11627,0.11951,0.11952,0.0947,0.0928,0.09422,0.14956
229691,launchpool_airdrop,BMT,1,1742291525581,Introducing Bubblemaps (BMT) on Binance HODLer Airdrops! Earn BMT With Retroactive BNB Simple Earn Subscriptions,BMTUSDT,0.18893,0.18742,0.18618,0.18607,0.20365,0.22477,0.25629,0.25147,0.25148,0.26508,0.28258,0.27976,0.25941
229761,product_add,BMT,1,1742308228248,"Binance Will Add Bubblemaps (BMT) on Earn, Buy Crypto, Convert & Margin",BMTUSDT,0.264,0.27094,0.28322,0.28307,0.28393,0.28232,0.28318,0.28238,0.28239,0.2791,0.28176,0.28877,0.23279
230166,spot_delist,AERGO,-1,1742536220352,"Binance Will Delist AERGO, AST, BURGER, COMBO, LINA on 2025-03-28",AERGOUSDT,0.07122,0.07123,0.07062,0.07063,0.07061,0.06707,0.0658,0.0645,0.06444,0.06257,0.06823,0.06841,0.06848
230166,spot_delist,COMBO,-1,1742536220352,"Binance Will Delist AERGO, AST, BURGER, COMBO, LINA on 2025-03-28",COMBOUSDT,0.1415,0.1448,0.1438,0.1438,0.1437,0.1295,0.1309,0.1276,0.1276,0.1341,0.1543,0.1365,0.1295
230166,spot_delist,LINA,-1,1742536220352,"Binance Will Delist AERGO, AST, BURGER, COMBO, LINA on 2025-03-28",LINAUSDT,0.001586,0.001774,0.001693,0.001693,0.001694,0.00155,0.001343,0.001446,0.001452,0.001586,0.001711,0.001464,0.001278
230352,futures_launch,BR,1,1742553975638,Binance Futures Will Launch USDⓈ-Margined BRUSDT and PLUMEUSDT Perpetual Contracts With up to 25x Leverage,BRUSDT,0.16417,0.15915,0.16011,0.16566,0.17454,0.18678,0.18032,0.17506,0.1751,0.18052,0.17689,0.17158,0.1691
230352,futures_launch,PLUME,1,1742553975638,Binance Futures Will Launch USDⓈ-Margined BRUSDT and PLUMEUSDT Perpetual Contracts With up to 25x Leverage,PLUMEUSDT,0.19213,0.20473,0.20275,0.20269,0.20377,0.20681,0.20651,0.20204,0.20216,0.19583,0.1989,0.20428,0.20104
230595,product_add,NIL,1,1742819418720,"Binance Will Add Nillion (NIL) on Earn, Buy Crypto, Convert, Margin & Futures",NILUSDT,0.9272,0.8579,0.864,0.8665,0.866,0.865,0.876,0.8708,0.8708,0.8948,0.8507,0.8611,0.7697
230941,futures_launch,JELLYJELLY,1,1743002170581,Binance Futures Will Launch USDⓈ-Margined JELLYJELLYUSDT and MAVIAUSDT Perpetual Contracts,JELLYJELLYUSDT,0.037802,0.034256,0.044818,0.044345,0.047418,0.053155,0.052693,0.042028,0.042028,0.027714,0.022721,0.024946,0.020959
230941,futures_launch,MAVIA,1,1743002170581,Binance Futures Will Launch USDⓈ-Margined JELLYJELLYUSDT and MAVIAUSDT Perpetual Contracts,MAVIAUSDT,0.3912,0.376,0.3779,0.378,0.4127,0.4018,0.4033,0.3899,0.3898,0.3931,0.4032,0.4041,0.4905
230982,futures_launch,PAXG,1,1743059245182,Binance Futures Will Launch USDⓈ-Margined PAXGUSDT Perpetual Contract,PAXGUSDT,3040.0,3037.0,3038.0,3038.0,3038.0,3039.0,3039.0,3037.0,3036.0,3042.0,3043.0,3046.0,3059.0
231037,futures_launch,WAL,1,1743083983691,Binance Futures Will Launch USDⓈ-Margined WALUSDT Perpetual Contract,WALUSDT,0.4012,0.432,0.4232,0.424,0.4389,0.4294,0.4123,0.4179,0.4178,0.425,0.441,0.5106,0.4913
231118,spot_listing,MUBARAK,1,1743096432114,"Binance Announced the First Batch of Vote to List Results and Will List Mubarak (MUBARAK), CZ'S Dog (BROCCOLI714), Tutorial (TUT), and Banana For Scale (BANANAS31) With Seed Tags Applied",MUBARAKUSDT,0.1488,0.14915,0.14917,0.14928,0.15379,0.16119,0.15806,0.15758,0.15758,0.13604,0.13245,0.12861,0.12343
231118,spot_listing,TUT,1,1743096432114,"Binance Announced the First Batch of Vote to List Results and Will List Mubarak (MUBARAK), CZ'S Dog (BROCCOLI714), Tutorial (TUT), and Banana For Scale (BANANAS31) With Seed Tags Applied",TUTUSDT,0.01621,0.01621,0.01634,0.01635,0.017,0.01873,0.0191,0.02511,0.0251,0.0356,0.04163,0.04719,0.03835
231833,futures_launch,ATH,1,1743601087323,Binance Futures Will Launch USDⓈ-Margined ATHUSDT Perpetual Contract,ATHUSDT,0.0305,0.03072,0.03102,0.03101,0.03229,0.03156,0.03227,0.03149,0.03149,0.03164,0.03213,0.03091,0.03088
232085,futures_launch,BABY,1,1743848691819,Binance Futures Will Launch USDⓈ-Margined BABYUSDT Perpetual Contract Pre-Market Trading,BABYUSDT,0.06989,0.07149,0.07067,0.0707,0.0721,0.07292,0.07333,0.06962,0.06933,0.0685,0.06585,0.0642,0.06555
232350,spot_delist,BADGER,-1,1744092007355,"Binance Announced the First Batch of Vote to Delist Results and Will Delist BADGER, BAL, BETA, CREAM, CTXC, ELF, FIRO, HARD, NULS, PROS, SNT, TROY, UFT, VIDT on 2025-04-16",BADGERUSDT,1.089,1.08,1.076,1.076,1.036,1.007,0.967,0.974,0.975,0.946,0.939,0.957,0.855
232350,spot_delist,BAL,-1,1744092007355,"Binance Announced the First Batch of Vote to Delist Results and Will Delist BADGER, BAL, BETA, CREAM, CTXC, ELF, FIRO, HARD, NULS, PROS, SNT, TROY, UFT, VIDT on 2025-04-16",BALUSDT,1.055,1.033,1.034,1.033,0.981,0.953,0.981,0.98,0.981,0.937,0.877,0.753,0.766
232350,spot_delist,NULS,-1,1744092007355,"Binance Announced the First Batch of Vote to Delist Results and Will Delist BADGER, BAL, BETA, CREAM, CTXC, ELF, FIRO, HARD, NULS, PROS, SNT, TROY, UFT, VIDT on 2025-04-16",NULSUSDT,0.0827,0.0817,0.0814,0.0814,0.0798,0.0784,0.0776,0.0766,0.077,0.0662,0.0607,0.0503,0.0398
232350,spot_delist,PROS,-1,1744092007355,"Binance Announced the First Batch of Vote to Delist Results and Will Delist BADGER, BAL, BETA, CREAM, CTXC, ELF, FIRO, HARD, NULS, PROS, SNT, TROY, UFT, VIDT on 2025-04-16",PROSUSDT,0.2715,0.2703,0.27,0.2698,0.2654,0.2653,0.2606,0.2608,0.2613,0.2154,0.1774,0.1363,0.0998
232350,spot_delist,SNT,-1,1744092007355,"Binance Announced the First Batch of Vote to Delist Results and Will Delist BADGER, BAL, BETA, CREAM, CTXC, ELF, FIRO, HARD, NULS, PROS, SNT, TROY, UFT, VIDT on 2025-04-16",SNTUSDT,0.01985,0.01955,0.0195,0.01951,0.01868,0.01864,0.0189,0.01889,0.01891,0.01923,0.01829,0.01802,0.01669
232350,spot_delist,TROY,-1,1744092007355,"Binance Announced the First Batch of Vote to Delist Results and Will Delist BADGER, BAL, BETA, CREAM, CTXC, ELF, FIRO, HARD, NULS, PROS, SNT, TROY, UFT, VIDT on 2025-04-16",TROYUSDT,0.0007631,0.0007553,0.0007549,0.000755,0.00074,0.0007282,0.0007242,0.0007236,0.0007236,0.0006634,0.00055,0.0005387,0.0004688
232350,spot_delist,VIDT,-1,1744092007355,"Binance Announced the First Batch of Vote to Delist Results and Will Delist BADGER, BAL, BETA, CREAM, CTXC, ELF, FIRO, HARD, NULS, PROS, SNT, TROY, UFT, VIDT on 2025-04-16",VIDTUSDT,0.01998,0.01937,0.01972,0.01961,0.01921,0.01918,0.01938,0.01909,0.0191,0.01781,0.01481,0.01377,0.01242
232377,futures_launch,FORTH,1,1744093268604,Binance Futures Will Launch USDⓈ-Margined FORTHUSDT Perpetual Contract,FORTHUSDT,2.1738,2.1489,2.1466,2.256,2.4355,2.5418,2.4809,2.3936,2.3936,2.3993,2.3649,2.5719,2.3212
232630,launchpool_airdrop,BABY,1,1744188137154,Introducing Babylon (BABY) on Binance HODLer Airdrops! Earn BABY With Retroactive BNB Simple Earn Subscriptions,BABYUSDT,0.07394,0.07504,0.07511,0.07514,0.07569,0.0849,0.09241,0.08819,0.08784,0.07905,0.07047,0.06899,0.06772
232936,product_add,BABY,1,1744281003357,"Binance Will Add Babylon (BABY) on Earn, Buy Crypto, Convert, Margin & Futures",BABYUSDT,0.07825,0.09643,0.09023,0.09034,0.09008,0.0908,0.09155,0.0929,0.09316,0.08852,0.0866,0.08191,0.08179
233024,futures_launch,PROMPT,1,1744346116906,Binance Futures Will Launch USDⓈ-Margined PROMPTUSDT Perpetual Contract,PROMPTUSDT,0.1649,0.16698,0.16559,0.16547,0.17289,0.17152,0.1689,0.1714,0.1714,0.16825,0.17019,0.16866,0.18078
233046,spot_listing,ONDO,1,1744366114456,"Binance Announced the Second Batch of Vote to List Results and Will List Ondo (ONDO), Big Time (BIGTIME), and Virtuals Protocol (VIRTUAL) With Seed Tags Applied",ONDOUSDT,0.8304,0.8406,0.8418,0.8416,0.8416,0.8815,0.8735,0.8748,0.8749,0.8757,0.8861,0.881,0.8895
233046,spot_listing,BIGTIME,1,1744366114456,"Binance Announced the Second Batch of Vote to List Results and Will List Ondo (ONDO), Big Time (BIGTIME), and Virtuals Protocol (VIRTUAL) With Seed Tags Applied",BIGTIMEUSDT,0.06381,0.06325,0.06338,0.06338,0.06338,0.0784,0.07207,0.07194,0.07193,0.07788,0.08128,0.0807,0.07582
233046,spot_listing,VIRTUAL,1,1744366114456,"Binance Announced the Second Batch of Vote to List Results and Will List Ondo (ONDO), Big Time (BIGTIME), and Virtuals Protocol (VIRTUAL) With Seed Tags Applied",VIRTUALUSDT,0.4736,0.4792,0.4791,0.4793,0.4795,0.5668,0.5358,0.5275,0.5275,0.5102,0.5271,0.5377,0.5482
233080,futures_launch,XCN,1,1744377313517,Binance Futures Will Launch USDⓈ-Margined XCNUSDT Perpetual Contract,XCNUSDT,0.022387,0.020663,0.021282,0.02129,0.021363,0.021332,0.021845,0.021092,0.021097,0.021107,0.021186,0.022021,0.025566
233613,futures_launch,INIT,1,1744773363448,Binance Futures Will Launch USDⓈ-Margined INITUSDT Perpetual Contract Pre-Market Trading,INITUSDT,0.5697,0.5572,0.5632,0.5632,0.5632,0.536,0.5967,0.6421,0.6488,0.6229,0.632,0.62,0.6393
233688,futures_launch,AERGO,1,1744789658622,Binance Futures Will Launch USDⓈ-Margined AERGOUSDT Perpetual Contract,AERGOUSDT,0.45651,0.48543,0.4858,0.48568,0.49524,0.49669,0.46501,0.46121,0.46121,0.46125,0.47264,0.50095,0.39724
233811,launchpool_airdrop,INIT,1,1744880399889,"Introducing Initia (INIT) on Binance Launchpool! Farm INIT by Locking BNB, FDUSD and USDC",INITUSDT,0.687,0.6857,0.6824,0.6857,0.6857,0.7079,0.7296,0.7095,0.709,0.7356,0.7285,0.732,0.7201
234258,futures_launch,DEEP,1,1745304689224,Binance Futures Will Launch USDⓈ-Margined DEEPUSDT Perpetual Contract,DEEPUSDT,0.12643,0.12657,0.12613,0.12608,0.12673,0.12713,0.12871,0.12934,0.12925,0.12911,0.12747,0.12327,0.12014
234413,spot_delist,ALPACA,-1,1745467205257,"Binance Will Delist ALPACA, PDA, VIB, WING on 2025-05-02",ALPACAUSDT,0.04079,0.03794,0.03638,0.03661,0.032,0.03362,0.02972,0.0266,0.02654,0.0326,0.03187,0.0658,0.04263
234447,product_add,INIT,1,1745490628424,"Binance Will Add Initia (INIT) on Earn, Buy Crypto, Convert, Margin & Futures",INITUSDT,0.7105,0.724,0.6664,0.668,0.6684,0.67,0.6722,0.6874,0.69,0.6766,0.6744,0.6651,0.6044
234561,futures_launch,MEMEFI,1,1745557375191,Binance Futures Will Launch USDⓈ-Margined MEMEFIUSDT and FISUSDT Perpetual Contracts,MEMEFIUSDT,0.0014714,0.0014491,0.0014507,0.0017047,0.0017592,0.0017573,0.0017975,0.0017613,0.0017614,0.0017011,0.0019235,0.0018383,0.001979
234861,futures_launch,JST,1,1745825387253,Binance Futures Will Launch USDⓈ-Margined JSTUSDT Perpetual Contract,JSTUSDT,0.03714,0.03741,0.03734,0.03735,0.03948,0.03879,0.03999,0.0414,0.04146,0.04066,0.04203,0.04025,0.04002
235151,futures_launch,CTK,1,1746001831246,Binance Futures Will Launch USDⓈ-Margined PUNDIXUSDT and CTKUSDT Perpetual Contracts,CTKUSDT,0.4335,0.432,0.4321,0.4328,0.469,0.4567,0.4544,0.4548,0.4552,0.4624,0.4546,0.4591,0.4904
235375,launchpool_airdrop,STO,1,1746181282511,Introducing StakeStone (STO) on Binance HODLer Airdrops! Earn STO With Retroactive BNB Simple Earn Subscriptions,STOUSDT,0.1217,0.12823,0.12735,0.12747,0.14782,0.18113,0.17844,0.20059,0.2005,0.18498,0.178,0.17405,0.17877
235414,product_add,STO,1,1746199805635,"Binance Will Add StakeStone (STO) on Earn, Buy Crypto, Convert & Margin",STOUSDT,0.1795,0.17839,0.17779,0.17781,0.1779,0.17855,0.17817,0.17835,0.17834,0.17813,0.17419,0.19831,0.19734
235513,launchpool_airdrop,SXT,1,1746454453299,"Introducing Space and Time (SXT) on Binance Launchpool! Farm SXT by Locking BNB, FDUSD and USDC",SXTUSDT,0.2674,0.2718,0.266,0.2673,0.2673,0.3004,0.3151,0.2964,0.2964,0.2863,0.264,0.2829,0.2931
235614,spot_listing,KMNO,1,1746530720814,Binance Will List Maple Finance (SYRUP) and Kamino Finance (KMNO) with Seed Tag Applied,KMNOUSDT,0.07848,0.07789,0.07795,0.07794,0.09185,0.11086,0.08727,0.08897,0.08891,0.08701,0.08619,0.0865,0.0828
235642,product_add,KMNO,1,1746542703554,"Binance Will Add Maple Finance (SYRUP) and Kamino Finance (KMNO) on Earn, Buy Crypto, Convert, Margin & Futures",KMNOUSDT,0.08849,0.09126,0.09206,0.09206,0.0921,0.09195,0.09172,0.0915,0.09146,0.09183,0.08955,0.07727,0.07424
235952,product_add,SXT,1,1746707403865,"Binance Will Add Space and Time (SXT) on Earn, Buy Crypto, Convert, Margin & Futures",SXTUSDT,0.1881,0.1655,0.1633,0.1639,0.1639,0.164,0.1641,0.1627,0.1625,0.163,0.1611,0.1441,0.1503
236234,futures_launch,ZKJ,1,1747121660623,Binance Futures Will Launch USDⓈ-Margined ZKJUSDT and SKYAIUSDT Perpetual Contracts,ZKJUSDT,2.1516,2.1504,2.1514,2.1514,2.1614,2.1691,2.1748,2.1835,2.1835,2.1395,2.1465,2.1393,2.1231
236408,product_add,NXPC,1,1747292402665,"Binance Will Add Nexpace (NXPC) on Earn, Buy Crypto, Convert & Margin",NXPCUSDT,,2.7836,2.7867,2.7801,2.765,2.7627,2.7756,2.8155,2.8187,2.9255,3.07,2.9436,3.13
236626,futures_launch,CVC,1,1747377375939,Binance Futures Will Launch USDⓈ-Margined CVCUSDT Perpetual Contract,CVCUSDT,0.13058,0.12986,0.12998,0.13261,0.14355,0.13875,0.14155,0.13716,0.13736,0.13539,0.13573,0.1329,0.13502
237038,launchpool_airdrop,HAEDAL,1,1747821855575,Introducing Haedal Protocol (HAEDAL) on Binance HODLer Airdrops! Earn HAEDAL With Retroactive BNB Simple Earn Subscriptions,HAEDALUSDT,0.12921,0.13257,0.13475,0.13473,0.16924,0.18746,0.16422,0.16432,0.16419,0.16308,0.15823,0.16857,0.19596
237062,product_add,HAEDAL,1,1747837809840,"Binance Will Add Haedal Protocol (HAEDAL) on Earn, Buy Crypto, Convert & Margin",HAEDALUSDT,0.1899,0.19983,0.19717,0.19695,0.19718,0.19806,0.19816,0.19766,0.19769,0.19904,0.19828,0.19432,0.17341
237629,futures_launch,MERL,1,1748428430236,Binance Futures Will Launch USDⓈ-Margined MERLUSDT Perpetual Contract,MERLUSDT,0.12424,0.12415,0.12436,0.12761,0.13237,0.13025,0.12686,0.12553,0.12568,0.12745,0.13397,0.13207,0.12701
237844,futures_launch,HYPE,1,1748594200290,Binance Futures Will Launch USDⓈ-Margined HYPEUSDT Perpetual Contract,HYPEUSDT,32.266,32.873,32.94,32.941,33.024,33.029,33.061,32.964,32.967,33.258,33.879,32.688,33.296
238037,futures_launch,PUFFER,1,1748942076886,Binance Futures Will Launch USDⓈ-Margined PUFFERUSDT and PORT3USDT Perpetual Contracts,PUFFERUSDT,0.2041,0.2133,0.2103,0.2227,0.2331,0.2251,0.2226,0.2272,0.2272,0.2325,0.2351,0.2411,0.2387
238621,futures_launch,TAIKO,1,1749636920919,Binance Futures Will Launch USDⓈ-Margined TAIKOUSDT and SQDUSDT Perpetual Contracts (2025-06-11),TAIKOUSDT,0.537,0.535,0.5341,0.538,0.5551,0.5576,0.5609,0.5557,0.5555,0.5448,0.5574,0.5545,0.555
238624,launchpool_airdrop,RESOLV,1,1749637480844,Introducing Resolv (RESOLV) on Binance HODLer Airdrops! Earn RESOLV With Retroactive BNB Simple Earn Subscriptions,RESOLVUSDT,0.3206,0.3242,0.323,0.3235,0.3718,0.3746,0.378,0.3692,0.3693,0.3633,0.3803,0.359,0.4017
238684,product_add,RESOLV,1,1749650407958,"Binance Will Add Resolv (RESOLV) on Earn, Buy Crypto, Convert & Margin",RESOLVUSDT,0.3771,0.3829,0.3874,0.3878,0.3883,0.3886,0.3867,0.3878,0.388,0.3901,0.3937,0.3727,0.3832
238750,launchpool_airdrop,HOME,1,1749726284075,Introducing Defi App (HOME) on Binance HODLer Airdrops! Earn HOME With Retroactive BNB Simple Earn Subscriptions,HOMEUSDT,0.03336,0.03421,0.03468,0.03472,0.03982,0.04005,0.03903,0.03804,0.03803,0.03694,0.0371,0.03635,0.0351
238790,product_add,HOME,1,1749738616584,"Binance Will Add Defi App (HOME) on Earn, Buy Crypto, Convert & Margin",HOMEUSDT,0.03718,0.03751,0.03713,0.03713,0.03716,0.03715,0.03719,0.03713,0.03712,0.03734,0.03666,0.03467,0.02952
239614,launchpool_airdrop,NEWT,1,1750687699878,Introducing Newton Protocol (NEWT) on Binance HODLer Airdrops! Earn NEWT With Retroactive BNB Simple Earn Subscriptions,NEWTUSDT,0.3463,0.3483,0.3491,0.3492,0.3627,0.3669,0.3468,0.3397,0.3421,0.2943,0.3131,0.3096,0.281
239697,product_add,NEWT,1,1750771801368,"Binance Will Add Newton Protocol (NEWT) on Earn, Buy Crypto, Convert, Margin & Futures",NEWTUSDT,0.4301,0.4188,0.4291,0.4284,0.4289,0.4296,0.4302,0.4308,0.4308,0.4251,0.4255,0.5246,0.5791
239722,launchpool_airdrop,SAHARA,1,1750775352649,Introducing Sahara AI (SAHARA) on Binance HODLer Airdrops! Earn SAHARA With Retroactive BNB Simple Earn Subscriptions,SAHARAUSDT,0.1165,0.1169,0.1179,0.1182,0.1231,0.1351,0.1246,0.129,0.129,0.1241,0.1206,0.1314,0.127
239914,futures_launch,OL,1,1750843841537,Binance Futures Will Launch USDⓈ-Margined OLUSDT Perpetual Contract (2025-06-25),OLUSDT,0.03138,0.03155,0.03149,0.03242,0.03261,0.03374,0.03324,0.03386,0.03386,0.03479,0.03398,0.0342,0.0339
239906,spot_delist,ALPHA,-1,1750921209887,"Binance Will Delist ALPHA, BSW, KMD, LEVER, LTO on 2025-07-04",ALPHAUSDT,0.01677,0.01714,0.01657,0.01658,0.01653,0.01554,0.0163,0.01717,0.01718,0.01851,0.02063,0.01739,0.01791
239906,spot_delist,BSW,-1,1750921209887,"Binance Will Delist ALPHA, BSW, KMD, LEVER, LTO on 2025-07-04",BSWUSDT,0.01759,0.01936,0.0199,0.01984,0.01989,0.01854,0.01804,0.01864,0.01866,0.02341,0.02911,0.02407,0.03425
239906,spot_delist,LEVER,-1,1750921209887,"Binance Will Delist ALPHA, BSW, KMD, LEVER, LTO on 2025-07-04",LEVERUSDT,0.0003804,0.0003818,0.0003815,0.0003812,0.0003812,0.0003671,0.0003592,0.0003768,0.0003769,0.0003715,0.0004726,0.0003734,0.0003857
240045,product_add,SAHARA,1,1750937414029,"Binance Will Add Sahara AI (SAHARA) on Earn, Buy Crypto, Convert, Margin & Futures",SAHARAUSDT,0.1346,0.1374,0.1352,0.1352,0.1371,0.1377,0.1366,0.137,0.1369,0.136,0.1355,0.1316,0.09074
240941,launchpool_airdrop,LA,1,1752055095037,Introducing Lagrange (LA) on Binance HODLer Airdrops! Earn LA With Retroactive BNB Simple Earn Subscriptions,LAUSDT,0.5,0.5015,0.5022,0.5022,0.5663,0.5693,0.5433,0.5511,0.551,0.5468,0.6017,0.6244,0.6496
240989,product_add,LA,1,1752075005984,"Binance Will Add Lagrange (LA) on Earn, Buy Crypto, Convert & Margin",LAUSDT,0.6563,0.6754,0.6656,0.6659,0.6662,0.6663,0.6669,0.6655,0.6655,0.6549,0.6275,0.5807,0.5078
242340,futures_launch,CVX,1,1753250402225,"Binance Futures Will Launch USDⓈ-Margined PENGUUSDC, CVXUSDT and SLPUSDT Perpetual Contracts (2025-07-23)",CVXUSDT,4.795,4.798,4.807,4.81,5.069,5.051,5.037,5.032,5.028,4.936,4.898,5.038,4.96
242340,futures_launch,SLP,1,1753250402225,"Binance Futures Will Launch USDⓈ-Margined PENGUUSDC, CVXUSDT and SLPUSDT Perpetual Contracts (2025-07-23)",SLPUSDT,0.001936,0.001943,0.001936,0.001936,0.002106,0.002048,0.002064,0.002094,0.002093,0.002345,0.002196,0.002192,0.002518
242562,futures_launch,ZORA,1,1753436738982,Binance Futures Will Launch USDⓈ-Margined ZORAUSDT and TAGUSDT Perpetual Contracts (2025-07-25),ZORAUSDT,0.04605,0.049207,0.048549,0.048578,0.053368,0.051552,0.051839,0.050245,0.05024,0.047712,0.046748,0.045018,0.045766
242856,futures_launch,ZRC,1,1753775200881,Binance Futures Will Launch USDⓈ-Margined ZRCUSDT and ESPORTSUSDT Perpetual Contracts (2025-07-29),ZRCUSDT,0.03503,0.03509,0.03503,0.03774,0.03757,0.03702,0.03766,0.03742,0.03742,0.03681,0.03652,0.03544,0.03874
244112,futures_launch,CARV,1,1754578630733,Binance Futures Will Launch USDⓈ-Margined YALAUSDT and CARVUSDT Perpetual Contracts (2025-08-07),CARVUSDT,0.2791,0.2782,0.2791,0.2792,0.2933,0.2985,0.2912,0.2866,0.2871,0.2971,0.2954,0.2961,0.307
244879,futures_launch,USELESS,1,1755254813989,Binance Futures Will Launch USDⓈ-Margined USELESSUSDT Perpetual Contract (2025-08-15),USELESSUSDT,0.3002,0.2995,0.2982,0.3337,0.3491,0.3348,0.3216,0.3198,0.3197,0.3102,0.3209,0.3361,0.2914
245107,launchpool_airdrop,PLUME,1,1755509766933,Introducing Plume (PLUME) on Binance HODLer Airdrops! Earn PLUME With Retroactive BNB Simple Earn Subscriptions,PLUMEUSDT,0.09073,0.0894,0.09021,0.09026,0.10749,0.09955,0.10956,0.10388,0.10373,0.10732,0.10302,0.10568,0.099
245137,product_add,PLUME,1,1755527408023,"Binance Will Add Plume (PLUME) on Earn, Buy Crypto, Convert & Margin",PLUMEUSDT,0.09965,0.10169,0.10032,0.10029,0.10048,0.10078,0.10049,0.10107,0.10107,0.10183,0.10128,0.0939,0.09808
245340,futures_launch,CUDIS,1,1755683297734,Binance Futures Will Launch USDⓈ-Margined CUDISUSDT Perpetual Contract (2025-08-20),CUDISUSDT,0.10859,0.10872,0.1091,0.1254,0.12655,0.12375,0.12567,0.13144,0.131,0.12527,0.11843,0.11811,0.09028
245995,launchpool_airdrop,DOLO,1,1756291402012,Introducing Dolomite (DOLO) on Binance HODLer Airdrops! Earn DOLO With Retroactive BNB Simple Earn Subscriptions,DOLOUSDT,0.26092,0.26671,0.2707,0.27073,0.32223,0.36683,0.32826,0.31985,0.31986,0.30889,0.2964,0.30828,0.298
246047,product_add,DOLO,1,1756308601265,"Binance Will Add Dolomite (DOLO) on Earn, Buy Crypto, Convert & Margin",DOLOUSDT,0.2947,0.29101,0.29421,0.29465,0.29474,0.29459,0.29484,0.29436,0.29443,0.28982,0.28724,0.25308,0.25288
246284,product_add,MITO,1,1756479601300,"Binance Will Add Mitosis (MITO) on Earn, Buy Crypto, Convert & Margin",MITOUSDT,0.28663,0.2735,0.27777,0.27795,0.27821,0.27889,0.28159,0.28005,0.28,0.27657,0.2593,0.24768,0.22339
246375,spot_listing,WLFI,1,1756691345082,Binance Will List  World Liberty Financial (WLFI) with Seed Tag Applied,WLFIUSDT,0.3282,0.3255,0.3278,0.3276,0.336,0.3325,0.3292,0.3305,0.3303,0.3331,0.3392,0.3616,0.347
246657,product_add,WLFI,1,1756729808062,"Binance Will Add World Liberty Financial (WLFI) on Earn, Buy Crypto, Convert, Margin & Futures",WLFIUSDT,0.2947,0.305,0.3044,0.305,0.3051,0.3054,0.3083,0.3102,0.3104,0.3158,0.2972,0.3175,0.2339
246714,spot_delist,BAKE,-1,1756868394550,"Binance Will Delist BAKE, HIFI, SLF on 2025-09-17",BAKEUSDT,0.0801,0.0805,0.0796,0.0796,0.0796,0.08,0.0813,0.0887,0.0889,0.0743,0.0658,0.0705,0.064
246714,spot_delist,HIFI,-1,1756868394550,"Binance Will Delist BAKE, HIFI, SLF on 2025-09-17",HIFIUSDT,0.09134,0.09161,0.09152,0.09609,0.0976,0.10151,0.11133,0.11239,0.11263,0.09288,0.08965,0.08899,0.07981
246714,spot_delist,SLF,-1,1756868394550,"Binance Will Delist BAKE, HIFI, SLF on 2025-09-17",SLFUSDT,0.0524,0.0526,0.0526,0.0562,0.058,0.0553,0.0553,0.0574,0.0574,0.0498,0.0399,0.0418,0.0419
247412,launchpool_airdrop,LINEA,1,1757341569314,Introducing Linea (LINEA) on Binance HODLer Airdrops! Earn LINEA With Retroactive BNB Simple Earn Subscriptions,LINEAUSDT,0.02804,0.02904,0.02968,0.02972,0.03075,0.03013,0.02993,0.02897,0.02912,0.0296,0.03021,0.03133,0.02895
247470,futures_launch,FLOCK,1,1757395717523,Binance Futures Will Launch USDⓈ-Margined FLOCKUSDT and SKYUSDT Perpetual Contracts (2025-09-09),FLOCKUSDT,0.47091,0.4598,0.46236,0.47106,0.47244,0.47337,0.4797,0.47666,0.47698,0.50204,0.48423,0.47452,0.46978
247470,futures_launch,SKY,1,1757395717523,Binance Futures Will Launch USDⓈ-Margined FLOCKUSDT and SKYUSDT Perpetual Contracts (2025-09-09),SKYUSDT,0.07159,0.06976,0.06977,0.07143,0.07286,0.07255,0.07122,0.07007,0.07026,0.0697,0.06934,0.07104,0.07471
247488,spot_listing,USDE,1,1757401201439,Binance Will List Ethena USDe (USDE),USDEUSDT,1.0,0.9999,1.0,1.0,1.0003,,,,0.9999,0.9999,0.9999,0.9999,0.9999
247591,product_add,USDE,1,1757417401844,"Binance Will Add USDe (USDE) on Buy Crypto, Convert & Margin",USDEUSDT,0.9999,0.9999,0.9999,1.0,,,,,0.9999,0.9999,1.0,1.0,1.0001
247902,futures_delist,BSW,-1,1757499283992,Binance Futures Will Delist USDⓈ-M BSWUSDT Perpetual Contract (2025-09-15),BSWUSDT,0.01791,0.02601,0.02561,0.02739,0.02804,0.02804,0.02778,0.02485,0.0249,0.03189,0.0325,0.02452,0.02316
247922,product_add,LINEA,1,1757518200000,"Binance Will Add Linea (LINEA) on Earn, Buy Crypto, Convert, Margin & Futures",LINEAUSDT,0.02504,0.031,0.03003,0.0299,0.02976,0.02981,0.0296,0.02975,0.02975,0.02837,0.03001,0.0285,0.02406
248335,spot_listing,AVNT,1,1757908021934,Binance Will List Avantis (AVNT) with Seed Tag Applied,AVNTUSDT,0.8606,0.8506,0.8433,0.8438,0.8929,0.8724,0.8725,0.8616,0.8617,0.8843,0.894,1.1053,1.2937
248360,product_add,AVNT,1,1757910638226,"Binance Will Add Avantis (AVNT) on Earn, Buy Crypto, Convert & Margin",AVNTUSDT,0.8594,0.9603,1.0486,1.0472,1.0451,1.0498,1.0761,1.0609,1.0606,1.0519,1.1011,1.1142,1.3544
248775,product_add,SKY,1,1758094201400,"Binance Will Add Sky (SKY) on Earn, Buy Crypto, Convert & Margin",SKYUSDT,0.07492,0.07701,0.07851,0.07847,0.07849,0.07854,0.0787,0.07842,0.07844,0.07812,0.07956,0.07331,0.07417
248842,futures_delist,ALPHA,-1,1758098727976,Binance Futures Will Delist USDⓈ-M ALPHAUSDT Perpetual Contract (2025-09-23),ALPHAUSDT,0.01672,0.01645,0.01645,0.01644,0.01684,0.01813,0.02188,0.0242,0.02422,0.02564,0.02608,0.02243,0.0202
248896,launchpool_airdrop,BARD,1,1758103070745,Introducing Lombard (BARD) on Binance HODLer Airdrops! Earn BARD With Retroactive BNB Simple Earn Subscriptions,BARDUSDT,1.1064,1.1058,1.1057,1.1057,1.1489,1.1641,1.1773,1.0819,1.0746,1.1336,1.167,1.1561,1.094
249112,product_add,BARD,1,1758191419413,"Binance Will Add Lombard (BARD) on Earn, Buy Crypto, Convert, Margin & Futures",BARDUSDT,1.0423,1.178,1.1752,1.1698,1.169,1.1672,1.17,1.1516,1.1515,1.1138,1.1086,1.05427,1.04917
249344,futures_launch,ASTER,1,1758279475276,Binance Futures Will Launch USDⓈ-Margined ASTERUSDT and TRADOORUSDT Perpetual Contracts (2025-09-19),ASTERUSDT,0.6379,0.6052,0.6033,0.6051,0.5826,0.6001,0.5988,0.6025,0.6028,0.5893,0.5637,0.5896,0.668
249383,launchpool_airdrop,0G,1,1758445097740,Introducing 0G (0G) on Binance HODLer Airdrops! Earn 0G With Retroactive BNB Simple Earn Subscriptions,0GUSDT,2.3967,2.3553,2.3814,2.3803,2.4425,2.4443,2.3755,2.3078,2.3078,2.5433,2.7423,2.7114,2.9553
249541,product_add,0G,1,1758533406451,"Binance Will Add 0G (0G) on Earn, Buy Crypto, Convert, Margin & Futures",0GUSDT,3.4931,3.469,3.4749,3.476,3.4804,3.4782,3.4825,3.4877,3.4979,3.4452,3.5758,3.1128,4.3251
250065,launchpool_airdrop,XPL,1,1758700804069,Introducing Plasma (XPL) on Binance HODLer Airdrops! Earn XPL With Retroactive BNB Simple Earn Subscriptions,XPLUSDT,0.6959,0.7027,0.7043,0.7042,0.7076,0.7038,0.7167,0.6948,0.6948,0.7314,0.7045,0.6844,0.7232
250184,futures_delist,UXLINK,-1,1758715205980,Binance Futures Will Delist USDⓈ-M UXLINKUSDT Perpetual Contract (2025-09-26),UXLINKUSDT,0.07884,0.07526,0.07422,0.07392,0.07907,0.08505,0.07568,0.06616,0.06618,0.06533,0.06119,0.06353,0.05523
250324,product_add,XPL,1,1758803407563,"Binance Will Add Plasma (XPL) on Earn, Buy Crypto, Convert, Margin & Futures",XPLUSDT,0.8053,0.7819,0.7772,0.7779,0.7757,0.7751,0.7764,0.7818,0.7819,0.7837,0.7761,0.7874,0.9697
250459,futures_launch,ORDER,1,1758879995519,Binance Futures Will Launch USDⓈ-Margined AKEUSDT and ORDERUSDT Perpetual Contracts (2025-09-26),ORDERUSDT,0.1775,0.1756,0.1757,0.186,0.2,0.1925,0.1892,0.1898,0.1898,0.2031,0.1994,0.2138,0.2186
250722,futures_delist,HIFI,-1,1759146319511,Binance Futures Will Delist USDⓈ-M HIFIUSDT and BAKEUSDT Perpetual Contracts (2025-10-03),HIFIUSDT,0.12797,0.12614,0.1262,0.13746,0.1432,0.13856,0.13365,0.13629,0.13642,0.13009,0.13259,0.11454,0.12468
250722,futures_delist,BAKE,-1,1759146319511,Binance Futures Will Delist USDⓈ-M HIFIUSDT and BAKEUSDT Perpetual Contracts (2025-10-03),BAKEUSDT,0.04198,0.04103,0.04117,0.04528,0.0458,0.04894,0.049,0.04758,0.04758,0.04435,0.04687,0.04084,0.03813
251448,launchpool_airdrop,MORPHO,1,1759485107646,Introducing Morpho (MORPHO) on Binance HODLer Airdrops! Earn MORPHO With Retroactive BNB Simple Earn Subscriptions,MORPHOUSDT,1.9825,1.9702,1.9651,1.9658,2.0487,2.0564,2.073,2.0942,2.0959,2.0808,2.0603,2.0928,2.1211
251473,product_add,MORPHO,1,1759501801410,"Binance Will Add Morpho (MORPHO) on Earn, Buy Crypto, Convert & Margin",MORPHOUSDT,2.1038,2.1033,2.1112,2.1116,2.113,2.112,2.1063,2.1078,2.1069,2.105,2.1176,1.9088,1.8991
251602,spot_listing,ASTER,1,1759736929954,Binance Will List Aster (ASTER) with Seed Tag Applied,ASTERUSDT,1.8888,1.8913,1.8947,1.8944,1.9206,1.9207,1.9642,1.9715,1.9715,1.9603,2.03,2.0506,2.052
251686,product_add,ASTER,1,1759750209902,"Binance Will Add Aster (ASTER) on Earn, Buy Crypto, Convert & Margin",ASTERUSDT,2.0353,2.0613,2.0532,2.0535,2.0552,2.0534,2.0529,2.052,2.0521,2.0605,2.067,2.1244,2.0897
252091,launchpool_airdrop,WAL,1,1760062881098,Introducing Walrus (WAL) on Binance HODLer Airdrops! Earn WAL With Retroactive BNB Simple Earn Subscriptions,WALUSDT,0.3615,0.3537,0.3567,0.3567,0.3824,0.3806,0.3801,0.3819,0.3816,0.3787,0.3775,0.3811,0.376
252172,product_add,WAL,1,1760079632652,"Binance Will Add Walrus (WAL) on Earn, Buy Crypto, Convert & Margin",WALUSDT,0.3802,0.368,0.3679,0.3681,0.3681,0.3679,0.3684,0.3673,0.3678,0.3691,0.3684,0.3302,0.3346
252348,futures_launch,MET,1,1760184133382,Binance Futures Will Launch USDⓈ-Margined METUSDT Perpetual Contract Pre-Market Trading (2025-10-11),METUSDT,1.3925,1.4251,1.4168,1.4512,1.4524,1.461,1.4916,1.4991,1.5,1.4772,1.4837,1.4804,1.5662
252629,launchpool_airdrop,YB,1,1760435187057,Introducing Yield Basis (YB) on Binance HODLer Airdrops! Earn YB With Retroactive BNB Simple Earn Subscriptions,YBUSDT,1.1592,1.16,1.1601,1.1608,1.2024,1.2314,1.2213,1.183,1.1826,1.1191,1.0496,1.0393,1.0
252834,product_add,YB,1,1760524219742,"Binance Will Add Yield Basis (YB) on Earn, Buy Crypto, Convert, Margin & Futures",YBUSDT,0.9386,0.8265,0.8163,0.8161,0.8162,0.8257,0.8249,0.8174,0.8186,0.8102,0.7979,0.8301,0.6393
253898,spot_listing,GIGGLE,1,1761361338417,Binance Will List Giggle Fund (GIGGLE) and SynFutures (F) with Seed Tag Applied,GIGGLEUSDT,87.03,86.95,86.25,86.28,99.2,109.5,128.69,146.98,146.92,170.48,227.82,275.55,217.19
253931,product_add,GIGGLE,1,1761370213527,"Binance Will Add Giggle Fund (GIGGLE) and SynFutures (F) on Earn, Buy Crypto, Convert & Margin",GIGGLEUSDT,250.14,247.09,249.02,249.18,249.06,249.42,248.71,247.47,247.46,257.94,256.46,211.26,223.09
254267,spot_delist,FLM,-1,1761706804123,"Binance Will Delist FLM, KDA, PERP on 2025-11-12",FLMUSDT,0.01973,0.01982,0.01981,0.0202,0.0202,0.0208,0.02556,0.02249,0.02252,0.02115,0.02999,0.02628,0.02289
254267,spot_delist,PERP,-1,1761706804123,"Binance Will Delist FLM, KDA, PERP on 2025-11-12",PERPUSDT,0.2186,0.2185,0.2185,0.2199,0.2199,0.2201,0.2264,0.2262,0.2263,0.2063,0.2096,0.1916,0.1877
254643,launchpool_airdrop,KITE,1,1761898168970,"Introducing Kite (KITE) on Binance Launchpool! Farm KITE by Locking BNB, FDUSD and USDC",KITEUSDT,0.18512,0.18059,0.1836,0.1836,0.18814,0.18596,0.17763,0.1659,0.16942,0.15644,0.16216,0.14329,0.15288
254877,launchpool_airdrop,MMT,1,1762157651430,Introducing Momentum (MMT) on Binance HODLer Airdrops! Earn MMT With Retroactive BNB Simple Earn Subscriptions,MMTUSDT,0.5409,0.5695,0.5682,0.5682,0.5919,0.5766,0.53,0.5225,0.532,0.5316,0.5682,0.5619,0.5411
254936,product_add,KITE,1,1762173001682,"Binance Will Add Kite (KITE) on Earn, Buy Crypto, Convert, Margin & Futures",KITEUSDT,0.09561,0.08805,0.08886,0.08888,0.08896,0.08811,0.08765,0.08849,0.08873,0.0934,0.09642,0.09222,0.07978
255123,product_add,MMT,1,1762255824922,"Binance Will Add Momentum (MMT) on Earn, Buy Crypto, Convert, Margin & Futures",MMTUSDT,0.365,0.3464,0.3466,0.347,0.347,0.3485,0.3413,0.3393,0.3417,0.338,0.3367,0.43048,0.60272
255514,launchpool_airdrop,SAPIEN,1,1762404341669,Introducing Sapien (SAPIEN) on Binance HODLer Airdrops! Earn SAPIEN With Retroactive BNB Simple Earn Subscriptions,SAPIENUSDT,0.1215,0.12315,0.12428,0.1245,0.14305,0.15203,0.15633,0.16778,0.16739,0.17985,0.29929,0.30856,0.25724
255568,product_add,SAPIEN,1,1762421404456,"Binance Will Add Sapien (SAPIEN) on Earn, Buy Crypto, Convert & Margin",SAPIENUSDT,0.24656,0.24885,0.25317,0.25305,0.25294,0.2528,0.25375,0.25458,0.25501,0.25853,0.24667,0.35728,0.32755
255893,futures_delist,MYRO,-1,1762782300002,Binance Futures Will Delist USDⓈ-M MYROUSDT and 1000XUSDT Perpetual Contracts (2025-11-14),MYROUSDT,0.01495,0.01514,0.01511,0.01663,0.01718,0.01703,0.02143,0.01972,0.01973,0.01882,0.01866,0.01622,0.01514
255893,futures_delist,1000X,-1,1762782300002,Binance Futures Will Delist USDⓈ-M MYROUSDT and 1000XUSDT Perpetual Contracts (2025-11-14),1000XUSDT,0.03178,0.03198,0.0319,0.03203,0.0362,0.03524,0.03647,0.03661,0.03683,0.03379,0.03325,0.03356,0.0322
256318,futures_launch,CLANKER,1,1762942539520,Binance Futures Will Launch USDⓈ-Margined CLANKERUSDT and BEATUSDT Perpetual Contracts (2025-11-12),CLANKERUSDT,69.66,69.41,69.37,72.2,74.72,76.28,74.56,73.6,73.5,79.34,82.09,80.79,78.5
256520,spot_listing,BANK,1,1763028026501,Binance Will List Lorenzo Protocol (BANK) and Meteora (MET) with Seed Tag Applied,BANKUSDT,0.0778,0.07824,0.0782,0.0782,0.08997,0.11003,0.13889,0.13219,0.1321,0.13387,0.12199,0.09099,0.08001
256520,spot_listing,MET,1,1763028026501,Binance Will List Lorenzo Protocol (BANK) and Meteora (MET) with Seed Tag Applied,METUSDT,0.487,0.4725,0.4871,0.4872,0.5288,0.5081,0.5172,0.5084,0.509,0.519,0.5,0.4847,0.5108
256569,product_add,BANK,1,1763040605276,"Binance Will Add Lorenzo Protocol (BANK) and Meteora (MET) on Earn, Buy Crypto, Convert & Margin",BANKUSDT,0.08166,0.08113,0.08096,0.08093,0.08102,0.08072,0.08061,0.0798,0.0798,0.07963,0.07899,0.0642,0.05421
256569,product_add,MET,1,1763040605276,"Binance Will Add Lorenzo Protocol (BANK) and Meteora (MET) on Earn, Buy Crypto, Convert & Margin",METUSDT,0.4877,0.5012,0.4995,0.4986,0.4986,0.4988,0.4984,0.4978,0.4978,0.5003,0.5036,0.4662,0.3999
257971,launchpool_airdrop,AT,1,1764232698399,Introducing APRO (AT) on Binance HODLer Airdrops! Earn AT With Retroactive BNB Simple Earn Subscriptions,ATUSDT,0.2012,0.2101,0.21,0.2101,0.242,0.2619,0.2536,0.2542,0.2549,0.2734,0.2611,0.2779,0.319
258010,product_add,AT,1,1764250223601,"Binance Will Add APRO (AT) on Earn, Buy Crypto, Convert & Margin",ATUSDT,0.3136,0.3158,0.317,0.3176,0.3173,0.3224,0.3261,0.3313,0.3312,0.3315,0.3324,0.3145,0.2662
259141,futures_launch,WET,1,1765345514302,Binance Futures Will Launch USDⓈ-Margined WETUSDT Perpetual Contract (2025-12-10),WETUSDT,0.23921,0.24664,0.24327,0.24335,0.26937,0.26646,0.26048,0.25368,0.25372,0.25594,0.2572,0.24496,0.25686
259255,futures_launch,NIGHT,1,1765359869769,Binance Futures Will Launch USDⓈ-Margined NIGHTUSDT Perpetual Contract (2025-12-10),NIGHTUSDT,0.05162,0.05195,0.05182,0.05182,0.05299,0.05294,0.05354,0.05415,0.05411,0.05466,0.05571,0.06383,0.06268
259485,futures_delist,AIA,-1,1765453426582,Binance Futures Will Delist AIAUSDT USDⓈ-M Perpetual Contract (2025-12-11),AIAUSDT,0.2674,0.2703,0.2707,0.272,0.2795,0.2784,0.2543,0.243,0.2431,0.2341,0.1598,0.1521,0.1636
261215,futures_launch,MAGMA,1,1767181510384,Binance Futures Will Launch USDⓈ-Margined COLLECTUSDT and MAGMAUSDT Perpetual Contracts (2025-12-31),MAGMAUSDT,0.13498,0.13438,0.1346,0.15469,0.17376,0.17384,0.16192,0.16058,0.16015,0.1663,0.15416,0.16364,0.1624
261583,launchpool_airdrop,BREV,1,1767607454724,Introducing Brevis (BREV) on Binance HODLer Airdrops! Earn BREV With Retroactive BNB Simple Earn Subscriptions,BREVUSDT,0.4173,0.4108,0.4119,0.4136,0.4277,0.446,0.4346,0.4272,0.4272,0.4436,0.4426,0.4461,0.4398
261700,product_add,BREV,1,1767706217945,"Binance Will Add Brevis (BREV) on Earn, Buy Crypto, Convert, Margin & Futures",BREVUSDT,0.4159,0.398,0.4014,0.4016,0.4018,0.4023,0.4025,0.3988,0.4009,0.4035,0.4056,0.3802,0.3813
261819,spot_listing,ZKP,1,1767782346580,Binance Will List 币安人生 (币安人生) and zkPass (ZKP) with Seed Tag Applied,ZKPUSDT,0.11596,0.11716,0.11807,0.11805,0.13547,0.13472,0.13942,0.14025,0.14034,0.14726,0.15236,0.16975,0.19691
261858,product_add,ZKP,1,1767792606045,"Binance Will Add 币安人生 (币安人生) and zkPass (ZKP) on Earn, Buy Crypto, Convert & Margin",ZKPUSDT,0.15638,0.1658,0.16348,0.16327,0.16345,0.16383,0.16399,0.16225,0.16255,0.16388,0.16121,0.19302,0.18839
262295,spot_listing,FOGO,1,1768222253294,Binance Will List Fogo (FOGO) with Seed Tag Applied,FOGOUSDT,0.05844,0.05923,0.0582,0.05825,0.06027,0.06078,0.0594,0.06068,0.0607,0.05927,0.05592,0.05524,0.05729
262737,product_add,FOGO,1,1768484541232,"Binance Will Add Fogo (FOGO) on Earn, Buy Crypto, Convert, Margin & Futures",FOGOUSDT,0.0449,0.04686,0.0466,0.04668,0.04691,0.04689,0.04697,0.04688,0.04685,0.04827,0.047,0.05989,0.05244
263247,spot_listing,RLUSD,1,1768984201712,Binance Will List Ripple USD (RLUSD) and Introduce RLUSD Zero Trading Fee Promotion,RLUSDUSDT,1.0004,1.0001,1.0001,1.0001,1.002,0.9952,0.9952,0.9996,0.9996,0.9963,0.9991,0.9971,0.9999
263411,spot_listing,SENT,1,1769059554238,Binance Will List Sentient (SENT) with Seed Tag Applied,SENTUSDT,0.02034,0.02089,0.02092,0.02093,0.022,0.02181,0.02197,0.02196,0.0219,0.0214,0.02142,0.01947,0.020027
263463,product_add,RLUSD,1,1769067003913,"Binance Will Add Ripple USD (RLUSD) on Earn, Buy Crypto, Convert, Margin & VIP Loan",RLUSDUSDT,0.9998,0.9964,0.9964,0.9964,0.9964,0.9964,0.9964,,0.9963,0.9963,0.9965,0.9965,0.9995
263555,futures_launch,SKR,1,1769073274832,Binance Futures Will Launch USDⓈ-Margined SKRUSDT Perpetual Contract (2026-01-22),SKRUSDT,0.042371,0.044394,0.043959,0.044962,0.046152,0.045427,0.04472,0.044184,0.044204,0.04282,0.042928,0.043217,0.042706
263575,product_add,SENT,1,1769085007940,"Binance Will Add Sentient (SENT) on Earn, Buy Crypto, Convert, VIP Loan, Margin & Futures",SENTUSDT,0.020113,0.0248,0.025619,0.025642,0.025837,0.025688,0.025728,0.026279,0.026268,0.026703,0.026426,0.027042,0.024638
264153,futures_launch,BIRB,1,1769657388656,Binance Futures Will Launch USDⓈ-Margined BIRBUSDT and GWEIUSDT Perpetual Contracts (2026-01-29),BIRBUSDT,0.3603,0.35914,0.38711,0.38729,0.38863,0.39097,0.39225,0.38413,0.3838,0.37093,0.39027,0.35898,0.32263
264332,futures_launch,MEGA,1,1769769359414,Binance Futures Will Launch USDⓈ-Margined MEGAUSDT Perpetual Contract Pre-Market Trading (2026-01-30),MEGAUSDT,0.17681,0.17593,0.17647,0.1768,0.1768,0.17605,0.1777,0.18067,0.18067,0.17208,0.15998,0.1567,0.13321
264369,futures_launch,INX,1,1769794397965,Binance Futures Will Launch USDⓈ-Margined INXUSDT Perpetual Contract (2026-01-30),INXUSDT,0.021928,0.019348,0.018372,0.019361,0.01951,0.020346,0.019229,0.020747,0.01985,0.020517,0.021314,0.021792,0.022518
264540,spot_listing,ZAMA,1,1770006523224,Binance Will List Zama (ZAMA) with Seed Tag Applied,ZAMAUSDT,0.04376,0.04498,0.0455,0.04556,0.04678,0.04696,0.04612,0.04658,0.04616,0.04603,0.04576,0.04386,0.04415
264699,product_add,ZAMA,1,1770035411095,"Binance Will Add Zama (ZAMA) on Earn, Buy Crypto, Convert, VIP Loan, Margin & Futures",ZAMAUSDT,0.04278,0.03874,0.03902,0.03906,0.03907,0.03936,0.03955,0.03964,0.03963,0.04053,0.03766,0.03171,0.03403
265148,futures_delist,YALA,-1,1770275659503,Binance Futures Will Delist USDⓈ-M RVVUSDT and YALAUSDT Perpetual Contracts (2026-02-10),YALAUSDT,0.009718,0.009727,0.009716,0.009748,0.009729,0.00961,0.009567,0.009478,0.009511,0.008692,0.008827,0.007484,0.007261
265210,futures_launch,TRIA,1,1770373050892,Binance Futures Will Launch USDⓈ-Margined TRIAUSDT Perpetual Contract (2026-02-06),TRIAUSDT,0.021026,0.020476,0.021895,0.021881,0.026043,0.02859,0.026254,0.024781,0.024768,0.024207,0.024102,0.02608,0.022062
265750,spot_listing,ESP,1,1770881303176,Binance Will List Espresso (ESP) with Seed Tag Applied,ESPUSDT,0.07747,0.08064,0.08073,0.08062,0.08466,0.0867,0.08755,0.08406,0.08405,0.08317,0.08148,0.08402,0.07728
265786,product_add,ESP,1,1770899430661,"Binance Will Add Espresso (ESP) on Earn, Buy Crypto, Convert, VIP Loan, Margin & Futures",ESPUSDT,0.07725,0.07087,0.07044,0.07052,0.07103,0.07147,0.07193,0.07213,0.07211,0.07187,0.0702,0.07649,0.07949
266123,futures_launch,OPN,1,1771684885775,Binance Futures Will Launch USDⓈ-Margined OPNUSDT Perpetual Contract Pre-Market Trading (2026-02-21),OPNUSDT,0.503,0.5026,0.5014,0.5027,0.5039,0.5062,0.5052,0.4857,0.4857,0.4566,0.4566,0.501,0.658
266686,futures_launch,ROBO,1,1772179222463,Binance Futures Will Launch USDⓈ-Margined ROBOUSDT Perpetual Contract (2026-02-27),ROBOUSDT,0.03468,0.0326,0.0315,0.03471,0.03345,0.03317,0.03447,0.03591,0.03591,0.03368,0.03528,0.03441,0.03932
266876,launchpool_airdrop,OPN,1,1772455551819,"Introducing Opinion (OPN) on Binance Launchpool! Farm OPN by Locking BNB, USDC, U, and USD1",OPNUSDT,0.5669,0.5917,0.5797,0.5813,0.5847,0.5841,0.5951,0.5669,0.5676,0.5367,0.5158,0.4996,0.5745
267283,spot_listing,ROBO,1,1772629994452,Binance Will List Fabric Protocol (ROBO) with Seed Tag Applied,ROBOUSDT,0.04648,0.04312,0.04377,0.04378,0.04899,0.04812,0.0486,0.04887,0.04884,0.04693,0.04715,0.04459,0.0447
267320,product_add,ROBO,1,1772640008678,"Binance Will Add Fabric Protocol (ROBO) on Earn, Buy Crypto, Convert, VIP Loan & Margin",ROBOUSDT,0.04442,0.04509,0.04473,0.04474,0.04488,0.04481,0.04477,0.04491,0.0449,0.04528,0.04555,0.04338,0.04352
267402,product_add,OPN,1,1772713833599,"Binance Will Add Opinion (OPN) on Earn, Buy Crypto, Convert, VIP Loan, Margin & Futures",OPNUSDT,0.458,0.4854,0.4725,0.475,0.4768,0.4779,0.4759,0.4727,0.4733,0.4702,0.4696,0.4554,0.3827
267961,launchpool_airdrop,NIGHT,1,1773228681283,Introducing Midnight (NIGHT) on Binance HODLer Airdrops! Earn NIGHT With Retroactive BNB Simple Earn Subscriptions,NIGHTUSDT,0.0518,0.05234,0.05313,0.05306,0.05688,0.05647,0.05558,0.0524,0.05237,0.05239,0.05099,0.05054,0.04979
267988,product_add,NIGHT,1,1773241201739,"Binance Will Add Midnight (NIGHT) on Earn, Buy Crypto, Convert, VIP Loan & Margin",NIGHTUSDT,0.05261,0.05322,0.05206,0.05207,0.05225,0.05238,0.05253,0.05255,0.05258,0.05185,0.05196,0.04765,0.04907
268137,spot_listing,KAT,1,1773366336337,Binance Will List Katana (KAT) with Seed Tag Applied,KATUSDT,0.01381,0.01375,0.01449,0.01449,0.01523,0.01498,0.01523,0.01528,0.01528,0.0156,0.01573,0.01555,0.01585
268576,launchpool_airdrop,ROBO,1,1773804614268,Introducing Fabric Protocol (ROBO) on Binance HODLer Airdrops! Earn ROBO With Retroactive BNB Simple Earn Subscriptions,ROBOUSDT,0.0297,0.03455,0.0335,0.03345,0.03371,0.03389,0.03368,0.03232,0.03231,0.03274,0.03279,0.03078,0.02922
268679,spot_delist,HOOK,-1,1773824408667,"Binance Will Delist A2Z, FORTH, HOOK, IDEX, LRC, NTRN, RDNT, SXP on 2026-04-01",HOOKUSDT,0.02149,0.02151,0.02155,0.02152,0.02093,0.02093,0.01985,0.02015,0.02017,0.01758,0.0183,0.01741,0.01643
268679,spot_delist,LRC,-1,1773824408667,"Binance Will Delist A2Z, FORTH, HOOK, IDEX, LRC, NTRN, RDNT, SXP on 2026-04-01",LRCUSDT,0.0299,0.03,0.02966,0.02964,0.02865,0.02873,0.02724,0.02557,0.02557,0.02445,0.02467,0.02671,0.02597
268679,spot_delist,NTRN,-1,1773824408667,"Binance Will Delist A2Z, FORTH, HOOK, IDEX, LRC, NTRN, RDNT, SXP on 2026-04-01",NTRNUSDT,0.007753,0.007712,0.007734,0.007724,0.007472,0.007442,0.007143,0.007245,0.007259,0.006956,0.006509,0.006295,0.005912
268679,spot_delist,RDNT,-1,1773824408667,"Binance Will Delist A2Z, FORTH, HOOK, IDEX, LRC, NTRN, RDNT, SXP on 2026-04-01",RDNTUSDT,0.005417,0.005417,0.005411,0.005405,0.005139,0.005144,0.004873,0.004925,0.004931,0.004714,0.004696,0.004681,0.004465
268679,spot_delist,SXP,-1,1773824408667,"Binance Will Delist A2Z, FORTH, HOOK, IDEX, LRC, NTRN, RDNT, SXP on 2026-04-01",SXPUSDT,0.01077,0.01084,0.01085,0.01085,0.0105,0.01053,0.01034,0.01049,0.01053,0.00996,0.00965,0.00908,0.00829
268706,product_add,KAT,1,1773837462750,"Binance Will Add Katana (KAT) on Earn, Buy Crypto, Convert, VIP Loan, Margin & Futures",KATUSDT,0.01446,0.01517,0.01515,0.01516,0.01525,0.01525,0.01525,0.01512,0.01521,0.01545,0.01542,0.01205,0.01267
269532,product_add,XAUT,1,1774530004612,"Binance Will Add Tether Gold (XAUT) on Earn, Buy Crypto, Convert, VIP Loan, Margin & Futures",XAUTUSDT,4418.4,4430.6,4425.3,4426.0,4427.0,4430.8,4421.0,4424.7,4425.2,4435.3,4436.3,4449.7,4388.4
269707,futures_launch,BASED,1,1774863642485,Binance Futures Will Launch USDⓈ-Margined BASEDUSDT Perpetual Contract (2026-03-30),BASEDUSDT,0.1345,0.1327,0.1305,0.1429,0.1458,0.1467,0.1444,0.1468,0.1468,0.1385,0.1264,0.1179,0.1177
269750,futures_launch,CL,1,1774875635673,"Binance Futures Will Launch USDⓈ-Margined CLUSDT, BZUSDT and NATGASUSDT Perpetual Contracts (2026-04-01)",CLUSDT,100.902,100.9,100.05,100.15,100.155,100.19,100.01,100.076,100.1,100.465,101.22,102.105,102.559
270107,futures_launch,PRL,1,1775037060284,Binance Futures Will Launch USDⓈ-Margined PRLUSDT Perpetual Contract (2026-04-01),PRLUSDT,0.1276,0.1289,0.128,0.1443,0.1576,0.1502,0.1703,0.1737,0.1754,0.1768,0.1803,0.1635,0.1456
270759,spot_delist,FIO,-1,1775714405744,"Binance Will Delist BIFI, FIO, FUN, MDT, OXT, WAN on 2026-04-23",FIOUSDT,0.006247,0.006233,0.006241,0.006234,0.005345,0.005474,0.005027,0.005071,0.005093,0.004963,0.005049,0.005192,0.004816
270759,spot_delist,OXT,-1,1775714405744,"Binance Will Delist BIFI, FIO, FUN, MDT, OXT, WAN on 2026-04-23",OXTUSDT,0.015005,0.014943,0.014923,0.014917,0.01356,0.013221,0.013204,0.012939,0.012947,0.012553,0.012868,0.013325,0.011764
271217,spot_delist,XVG,-1,1776137401903,"Binance Margin And Loan Will Delist BAR, PIVX, XVG on 2026-04-17",XVGUSDT,0.004859,0.004819,0.004818,0.004815,0.004772,0.004731,0.004735,0.004672,0.004678,0.004577,0.004642,0.004702,0.004858
271696,spot_delist,TRU,-1,1776416406263,"Binance Will Delist DEGO, DENT, TRU on 2026-04-28",TRUUSDT,0.006938,0.00693,0.006908,0.006909,0.006907,0.005666,0.005847,0.00602,0.006025,0.00596,0.00595,0.006029,0.005578
271926,spot_listing,CHIP,1,1776772832132,Binance Will List Chip (CHIP) with Seed Tag Applied,CHIPUSDT,0.04389,0.0433,0.04191,0.04232,0.04232,0.04193,0.04299,0.04341,0.04323,0.04542,0.04563,0.051,0.05666
271973,product_add,CHIP,1,1776776407020,"Binance Will Add Chip (CHIP) on Earn, Buy Crypto, Convert, VIP Loan, Margin & Futures",CHIPUSDT,0.0416,0.05373,0.05138,0.0517,0.05164,0.05157,0.05119,0.05193,0.05193,0.0544,0.04872,0.05549,0.0569
272575,launchpool_airdrop,CHIP,1,1777363203344,Introducing USD.AI (CHIP) on Binance HODLer Airdrops! Earn CHIP With Retroactive BNB Simple Earn Subscriptions,CHIPUSDT,0.07203,0.07082,0.07093,0.07091,0.07123,0.071,0.06943,0.06953,0.06952,0.06978,0.07035,0.07073,0.06956
272905,spot_listing,MEGA,1,1777540049704,Binance Will List MegaETH (MEGA) with Seed Tag Applied,MEGAUSDT,0.19907,0.1986,0.20049,0.20146,0.202,0.20097,0.20022,0.19838,0.19871,0.19325,0.19872,0.184,0.1635
272985,product_add,MEGA,1,1777546078718,"Binance Will Add MegaETH (MEGA) on Earn, Buy Crypto, Convert, VIP Loan, Margin & Futures",MEGAUSDT,0.18823,0.18315,0.18444,0.18455,0.18485,0.18504,0.18503,0.18541,0.1856,0.1821,0.1843,0.172,0.1707
273334,futures_launch,BILL,1,1778137169304,Binance Futures Will Launch USDⓈ-Margined BILLUSDT Perpetual Contract (2026-05-07),BILLUSDT,0.07273,0.07192,0.07474,0.07475,0.07889,0.07709,0.07571,0.07621,0.0763,0.07603,0.07447,0.07582,0.07393
273798,spot_delist,MLN,-1,1778659204681,"Binance Will Delist ATA, FARM, MLN, PHB, SYS on 2026-05-27",MLNUSDT,3.123,3.115,3.111,3.109,2.653,2.495,2.533,2.457,2.45,2.288,2.5,2.256,2.312
274005,spot_listing,AIGENSYN,1,1778752803676,Binance Will List Gensyn (AIGENSYN) with Seed Tag Applied,AIGENSYNUSDT,0.03179,0.03144,0.03108,0.03108,0.03574,0.03586,0.03641,0.03648,0.03642,0.03899,0.04166,0.04484,0.04567
274074,product_add,AIGENSYN,1,1778778270843,"Binance Will Add Gensyn (AIGENSYN) on Earn, Buy Crypto, Convert, VIP Loan & Margin",AIGENSYNUSDT,0.05032,0.04813,0.04993,0.0498,0.04988,0.05019,0.05012,0.05073,0.05071,0.0506,0.04871,0.04554,0.04128
274664,launchpool_airdrop,AIGENSYN,1,1779361202869,Introducing Gensyn (AIGENSYN) on Binance HODLer Airdrops! Earn AIGENSYN With Retroactive BNB Simple Earn Subscriptions,AIGENSYNUSDT,0.0319,0.03193,0.03189,0.03238,0.0326,0.03246,0.03182,0.03141,0.03147,0.03165,0.03207,0.032,0.03067
274823,spot_listing,GENIUS,1,1779434315961,Binance Will List Genius Terminal (GENIUS) and OpenGradient (OPG) with Seed Tag Applied,GENIUSUSDT,0.4393,0.4341,0.4365,0.4365,0.484,0.469,0.5165,0.5433,0.544,0.5289,0.5244,0.5707,0.5895
274823,spot_listing,OPG,1,1779434315961,Binance Will List Genius Terminal (GENIUS) and OpenGradient (OPG) with Seed Tag Applied,OPGUSDT,0.2493,0.2536,0.2523,0.2524,0.2866,0.2806,0.2865,0.2851,0.2851,0.2876,0.2901,0.292,0.2661
274888,product_add,GENIUS,1,1779450306558,"Binance Will Add Genius Terminal (GENIUS) and OpenGradient (OPG) on Earn, Buy Crypto, Convert, VIP Loan & Margin",GENIUSUSDT,0.5884,0.5901,0.5898,0.5905,0.5905,0.5926,0.5903,0.5874,0.5872,0.5935,0.6057,0.6209,0.6317
274888,product_add,OPG,1,1779450306558,"Binance Will Add Genius Terminal (GENIUS) and OpenGradient (OPG) on Earn, Buy Crypto, Convert, VIP Loan & Margin",OPGUSDT,0.2694,0.2731,0.2715,0.2716,0.2716,0.2717,0.2703,0.2691,0.2695,0.2721,0.2731,0.2663,0.2415
275505,launchpool_airdrop,GENIUS,1,1780041603554,Introducing Genius Terminal (GENIUS) on Binance HODLer Airdrops! Earn GENIUS With Retroactive BNB Simple Earn Subscriptions,GENIUSUSDT,0.5901,0.5757,0.5782,0.5785,0.5977,0.5918,0.5837,0.5847,0.5851,0.5668,0.5709,0.5861,0.4882
276280,spot_delist,HIGH,-1,1780642807472,"Binance Will Delist COS, D, HIGH, MBOX on 2026-06-19",HIGHUSDT,0.09978,0.09536,0.09543,0.09529,0.08205,0.0752,0.08062,0.07966,0.07984,0.07872,0.07986,0.0832,0.07551
276280,spot_delist,MBOX,-1,1780642807472,"Binance Will Delist COS, D, HIGH, MBOX on 2026-06-19",MBOXUSDT,0.011399,0.011179,0.011226,0.011204,0.009252,0.009406,0.009416,0.008999,0.009002,0.009105,0.008443,0.008842,0.00836
278283,futures_delist,IP,-1,1782406806669,Binance Futures Will Delist USDⓈ-Margined IPUSDT and IPUSDC Perpetual Contracts (2026-06-28),IPUSDT,0.3312,0.3346,0.3329,0.3202,0.3178,0.312,0.3111,0.319,0.319,0.3258,0.3429,0.3532,0.3754
278398,spot_delist,THE,-1,1782716408506,"Binance Margin And Loan Will Delist HOT, THE on 2026-07-03",THEUSDT,0.05611,0.05613,0.05622,0.05614,0.05581,0.05485,0.05399,0.05374,0.05361,0.05225,0.05226,0.0507,0.05104
278517,launchpool_airdrop,OPG,1,1782795603128,Introducing OpenGradient (OPG) on Binance HODLer Airdrops! Earn OPG With Retroactive BNB Simple Earn Subscriptions,OPGUSDT,0.1309,0.1323,0.1321,0.132,0.1373,0.1368,0.1318,0.132,0.1319,0.1306,0.132,0.1293,0.1236
278862,product_add,GRAM,1,1782978317244,"Binance Will Add Gram (GRAM) on Earn, Buy Crypto, Convert, VIP Loan, Margin & Futures",GRAMUSDT,1.5609,1.5667,1.5672,1.5673,1.5679,1.5688,1.5749,1.5777,1.5776,1.5699,1.5772,1.6019,1.6551
279189,spot_delist,IOTX,-1,1783332001595,Binance Margin And Loan Will Delist TST & IOTX on 2026-07-10,IOTXUSDT,0.002691,0.002701,0.002701,0.002703,0.002597,0.002533,0.00254,0.002527,0.002529,0.002515,0.002528,0.002548,0.002583
280314,spot_listing,AERO,1,1784273401964,Binance Will List Aerodrome (AERO) with Seed Tag Applied,AEROUSDT,0.4788,0.4723,0.4735,0.4736,0.4736,0.5102,0.5068,0.5038,0.5042,0.4999,0.4942,0.4929,0.4961
280389,product_add,AERO,1,1784303104983,"Binance Will Add Aerodrome (AERO) on Earn, Buy Crypto, Convert, VIP Loan & Margin",AEROUSDT,0.4834,0.4829,0.4836,0.4832,0.4832,0.4833,0.4844,0.4848,0.4847,0.4878,0.4942,0.4922,0.4829
280636,futures_delist,AERGO,-1,1784643314244,Binance Futures Will Delist USDⓈ-M AERGOUSDT Perpetual Contract (2026-07-24),AERGOUSDT,0.02245,0.02185,0.02184,0.02024,0.01915,0.01922,0.02044,0.0205,0.02055,0.02014,0.02054,0.02144,0.0219
281375,spot_delist,ACX,-1,1785727810683,"Binance Will Delist ACX, HFT, PIVX, PYR, VANRY, VIC on 2026-08-17",ACXUSDT,0.0404,0.04065,0.04065,0.04066,0.04066,0.03494,0.03665,0.03601,0.03607,0.03327,0.03463,0.03602,0.03689
281375,spot_delist,HFT,-1,1785727810683,"Binance Will Delist ACX, HFT, PIVX, PYR, VANRY, VIC on 2026-08-17",HFTUSDT,0.008708,0.008688,0.008704,0.008699,0.008699,0.007665,0.00791,0.007779,0.007791,0.007032,0.006836,0.00763,0.007206
281375,spot_delist,VANRY,-1,1785727810683,"Binance Will Delist ACX, HFT, PIVX, PYR, VANRY, VIC on 2026-08-17",VANRYUSDT,0.003682,0.003579,0.003573,0.003573,0.00357,0.003207,0.003276,0.003376,0.003375,0.003701,0.003607,0.003691,0.003489
281933,spot_delist,POWR,-1,1786356004147,Binance Margin And Loan Will Delist BTTC & POWR on 2026-08-14,POWRUSDT,0.03857,0.03859,0.03859,0.03692,0.03661,0.03571,0.03728,0.03752,0.03763,0.03871,0.03895,0.03911,0.03882
282805,futures_launch,UNITREE,1,1787106609387,Binance Futures Will Launch UNITREEUSDT USDⓈ-Margined Perpetual Contract (2026-08-19),UNITREEUSDT,133.44,129.01,128.91,128.91,128.8,128.96,129.12,129.05,129.14,128.76,129.25,124.56,117.61
282887,spot_delist,ICX,-1,1787205606608,"Binance Will Delist ICX, SCRT, STORJ on 2026-09-03",ICXUSDT,0.01853,0.01795,0.018,0.01799,0.01615,0.01698,0.01688,0.01666,0.01667,0.01569,0.01628,0.01563,0.01582
282887,spot_delist,SCRT,-1,1787205606608,"Binance Will Delist ICX, SCRT, STORJ on 2026-09-03",SCRTUSDT,0.02397,0.02331,0.02312,0.0231,0.02006,0.02099,0.02178,0.02134,0.02131,0.02206,0.02279,0.0215,0.02082
282887,spot_delist,STORJ,-1,1787205606608,"Binance Will Delist ICX, SCRT, STORJ on 2026-09-03",STORJUSDT,0.04181,0.04079,0.04064,0.04059,0.03772,0.0386,0.03767,0.03774,0.03774,0.03745,0.03846,0.0409,0.04083
283746,futures_launch,GPRO,1,1788438625942,Binance Futures Will Launch USDⓈ-Margined GPROUSDT Perpetual Contract (2026-09-03),GPROUSDT,1.8325,1.7533,1.8124,1.8361,1.8619,1.8319,1.831,1.8203,1.8267,1.7671,1.7699,1.7355,1.5696
283840,spot_listing,MARSCOIN,1,1788516901870,Binance Will List MarsCoin (MARSCOIN) with Seed Tag Applied,MARSCOINUSDT,0.11087,0.11033,0.11058,0.11049,0.123,0.13099,0.15389,0.16475,0.16471,0.17003,0.17887,0.18531,0.17708
283893,product_add,MARSCOIN,1,1788525902072,"Binance Will Add MarsCoin (MARSCOIN) on Earn, Buy Crypto, Convert, VIP Loan & Margin",MARSCOINUSDT,0.19172,0.1786,0.18187,0.1806,0.18065,0.18003,0.1803,0.17921,0.17934,0.18414,0.17679,0.1804,0.17819
283915,futures_launch,PONS,1,1788674111414,Binance Futures Will Launch USDⓈ-Margined PONSUSDT and 哈基米USDT Perpetual Contracts (2026-09-06),PONSUSDT,0.8739,0.8993,0.9089,0.9182,0.91,0.9071,0.9053,0.8974,0.8986,0.8722,0.8783,0.8921,0.9251
285191,futures_launch,MOONSHOT,1,1790062264920,Binance Futures Will Launch MOONSHOTUSDT USDⓈ-Margined Perpetual Contract Pre-IPO Trading (2026-09-22),MOONSHOTUSDT,66.93,66.34,66.34,66.93,67.34,67.33,68.07,67.76,68.0,69.0,69.36,70.81,68.5
285396,futures_launch,OURA,1,1790147746848,Binance Futures Will Launch OURAUSDT USDⓈ-Margined Perpetual Contract Pre-IPO Trading (2026-09-23),OURAUSDT,49.6,48.51,49.11,49.5,49.43,49.43,48.55,49.3,49.2,50.03,50.5,50.3,50.87
285492,spot_listing,HYPE,1,1790235038608,Binance Will List Hyperliquid (HYPE) with Seed Tag Applied,HYPEUSDT,92.95,92.86,93.07,93.05,93.64,93.58,94.06,94.08,94.08,94.22,94.09,92.39,90.88
285530,product_add,HYPE,1,1790246704777,"Binance Will Add Hyperliquid (HYPE) on Earn, Buy Crypto, Convert, VIP Loan & Margin",HYPEUSDT,90.76,90.21,90.58,90.59,90.59,90.61,90.63,90.75,90.74,90.84,91.11,90.95,92.73
