id,type,ticker,direction,ts_ms,title
79380,spot_listing,ACH,1,1641794176091,Binance Will List Alchemy Pay (ACH) and Immutable X (IMX)
79380,spot_listing,IMX,1,1641794176091,Binance Will List Alchemy Pay (ACH) and Immutable X (IMX)
79469,spot_listing,GLMR,1,1641881720254,Binance Will List Glimmer (GLMR)
80650,spot_listing,API3,1,1642746484252,Binance Will List API3 (API3)
80831,spot_listing,ACA,1,1643076171074,Binance Will List Acala (ACA)
80890,spot_listing,ANC,1,1643086336145,Binance Will List Anchor Protocol (ANC)
81024,launchpool_airdrop,ANC,1,1643108575964,"Introducing Anchor Protocol (ANC) on Binance Launchpool! Farm ANC by Staking BNB, LUNA and BUSD Tokens"
81768,spot_listing,WOO,1,1644286833903,Binance Will List WOO Network (WOO)
83629,spot_listing,ASTR,1,1646033043037,Binance Will List Astar (ASTR) in the Innovation Zone
83779,spot_delist,BCD,-1,1646107170632,"Binance Will Delist BCD, CND, MTH, NCASH and YOYO on 2022-03-08"
83779,spot_delist,CND,-1,1646107170632,"Binance Will Delist BCD, CND, MTH, NCASH and YOYO on 2022-03-08"
83779,spot_delist,MTH,-1,1646107170632,"Binance Will Delist BCD, CND, MTH, NCASH and YOYO on 2022-03-08"
83779,spot_delist,NCASH,-1,1646107170632,"Binance Will Delist BCD, CND, MTH, NCASH and YOYO on 2022-03-08"
83779,spot_delist,YOYO,-1,1646107170632,"Binance Will Delist BCD, CND, MTH, NCASH and YOYO on 2022-03-08"
84707,spot_listing,KDA,1,1646975827515,Binance Will List Kadena (KDA)
85903,spot_listing,APE,1,1647500570924,Binance Will List ApeCoin (APE)
85800,spot_listing,BSW,1,1647855364219,Binance Will List Biswap (BSW) in the Innovation Zone
87740,spot_delist,HEGIC,-1,1649066280853,"Binance Will Delist HEGIC, RENBTC and SUSD on 2022-04-11"
87740,spot_delist,RENBTC,-1,1649066280853,"Binance Will Delist HEGIC, RENBTC and SUSD on 2022-04-11"
87740,spot_delist,SUSD,-1,1649066280853,"Binance Will Delist HEGIC, RENBTC and SUSD on 2022-04-11"
90285,launchpool_airdrop,GAL,1,1651132804681,"Introducing Project Galaxy (GAL) on Binance Launchpool! Farm GAL By Staking BNB, BUSD and CAKE"
90387,spot_listing,MOB,1,1651211915653,Binance Will List MobileCoin (MOB) and Nexo (NEXO)
90387,spot_listing,NEXO,1,1651211915653,Binance Will List MobileCoin (MOB) and Nexo (NEXO)
90740,spot_listing,LDO,1,1652079437647,Binance Will List Lido DAO (LDO)
93349,spot_listing,LUNA,1,1653751029671,Binance Will List Terra 2.0 (LUNA) in the Innovation Zone *LUNA (old) Renamed as LUNC
93602,spot_listing,OP,1,1654045214413,Binance Will List Optimism (OP)
96661,spot_delist,GRS,-1,1656658181710,"Binance Will Delist GRS, NAS and GO on 2022-07-08"
96661,spot_delist,NAS,-1,1656658181710,"Binance Will Delist GRS, NAS and GO on 2022-07-08"
96661,spot_delist,GO,-1,1656658181710,"Binance Will Delist GRS, NAS and GO on 2022-07-08"
99156,spot_delist,EZ,-1,1659591197638,"Binance Will Delist EZ, QSP, BRD, NXS, NAV, MDA and SPARTA on 2022-08-11"
99156,spot_delist,QSP,-1,1659591197638,"Binance Will Delist EZ, QSP, BRD, NXS, NAV, MDA and SPARTA on 2022-08-11"
99156,spot_delist,BRD,-1,1659591197638,"Binance Will Delist EZ, QSP, BRD, NXS, NAV, MDA and SPARTA on 2022-08-11"
99156,spot_delist,NXS,-1,1659591197638,"Binance Will Delist EZ, QSP, BRD, NXS, NAV, MDA and SPARTA on 2022-08-11"
99156,spot_delist,NAV,-1,1659591197638,"Binance Will Delist EZ, QSP, BRD, NXS, NAV, MDA and SPARTA on 2022-08-11"
99156,spot_delist,MDA,-1,1659591197638,"Binance Will Delist EZ, QSP, BRD, NXS, NAV, MDA and SPARTA on 2022-08-11"
99156,spot_delist,SPARTA,-1,1659591197638,"Binance Will Delist EZ, QSP, BRD, NXS, NAV, MDA and SPARTA on 2022-08-11"
100349,spot_listing,STG,1,1660889501192,Binance Will List Stargate (STG) in the Innovation Zone
103814,spot_delist,TCT,-1,1663229120786,Binance Margin Will Delist TCT on Isolated Margin
123079,spot_listing,GMX,1,1664949629449,Binance Will List GMX (GMX) in the Innovation Zone
125660,spot_delist,DNT,-1,1665633628184,"Binance Will Delist DNT, NBS, BTG and TCT on 2022-10-24"
125660,spot_delist,NBS,-1,1665633628184,"Binance Will Delist DNT, NBS, BTG and TCT on 2022-10-24"
125660,spot_delist,BTG,-1,1665633628184,"Binance Will Delist DNT, NBS, BTG and TCT on 2022-10-24"
125660,spot_delist,TCT,-1,1665633628184,"Binance Will Delist DNT, NBS, BTG and TCT on 2022-10-24"
126001,spot_listing,APT,1,1666055040591,Binance Will List Aptos (APT)
139161,spot_listing,OSMO,1,1666929652539,Binance Will List Osmosis (OSMO) in the Innovation Zone
139815,launchpool_airdrop,HFT,1,1667208614827,Introducing Hashflow (HFT) on Binance Launchpool! Farm HFT by Staking BNB and BUSD
141586,futures_delist,RAY,-1,1668409204880,Binance Futures Will Delist RAYUSDT and SRMUSDT Perpetual Futures Contracts
141586,futures_delist,SRM,-1,1668409204880,Binance Futures Will Delist RAYUSDT and SRMUSDT Perpetual Futures Contracts
141881,spot_delist,SRM,-1,1668650316774,Binance Will Delist SRM and RAY Margin Pairs and Binance Earn Products
141881,spot_delist,RAY,-1,1668650316774,Binance Will Delist SRM and RAY Margin Pairs and Binance Earn Products
142141,spot_delist,GTO,-1,1668765625978,"Binance Margin Will Delist GTO, TRIBE & More Margin Pairs on Cross Margin & Isolated Margin"
142141,spot_delist,TRIBE,-1,1668765625978,"Binance Margin Will Delist GTO, TRIBE & More Margin Pairs on Cross Margin & Isolated Margin"
142868,futures_delist,CVC,-1,1669606227750,Binance Futures Will Delist and Update the Leverage & Margin Tiers of CVCUSDT Perpetual Futures Contract
142904,spot_delist,CVC,-1,1669617922401,Binance Margin Will Delist CVC & More Margin Pairs on Cross Margin & Isolated Margin
144015,spot_delist,ACA,-1,1670325826754,Binance Margin Will Delist ACA and More Margin Pairs on Cross Margin & Isolated Margin
144376,spot_delist,BNX,-1,1670497371715,"Binance Margin Will Delist BNX, TORN and More Margin Pairs on Cross Margin & Isolated Margin"
144376,spot_delist,TORN,-1,1670497371715,"Binance Margin Will Delist BNX, TORN and More Margin Pairs on Cross Margin & Isolated Margin"
144791,spot_listing,MAGIC,1,1670818244836,Binance Will List Magic (MAGIC) in the Innovation Zone
145048,spot_delist,MITH,-1,1671076804887,"Binance Will Delist MITH, TRIBE, REP and BTCST on 2022-12-22"
145048,spot_delist,TRIBE,-1,1671076804887,"Binance Will Delist MITH, TRIBE, REP and BTCST on 2022-12-22"
145048,spot_delist,REP,-1,1671076804887,"Binance Will Delist MITH, TRIBE, REP and BTCST on 2022-12-22"
145048,spot_delist,BTCST,-1,1671076804887,"Binance Will Delist MITH, TRIBE, REP and BTCST on 2022-12-22"
145072,spot_delist,CHESS,-1,1671085221101,"Binance Margin Will Delist CHESS, CVP and More Tokens as Borrowable Assets From Cross Margin"
145072,spot_delist,CVP,-1,1671085221101,"Binance Margin Will Delist CHESS, CVP and More Tokens as Borrowable Assets From Cross Margin"
145518,spot_delist,FET,-1,1671710396824,"Binance Margin Will Delist FET, FORTH, KEY, MBOX, WIN as Borrowable Assets From Cross Margin and AION, BTS From Isolated Margin"
145518,spot_delist,FORTH,-1,1671710396824,"Binance Margin Will Delist FET, FORTH, KEY, MBOX, WIN as Borrowable Assets From Cross Margin and AION, BTS From Isolated Margin"
145518,spot_delist,KEY,-1,1671710396824,"Binance Margin Will Delist FET, FORTH, KEY, MBOX, WIN as Borrowable Assets From Cross Margin and AION, BTS From Isolated Margin"
145518,spot_delist,MBOX,-1,1671710396824,"Binance Margin Will Delist FET, FORTH, KEY, MBOX, WIN as Borrowable Assets From Cross Margin and AION, BTS From Isolated Margin"
145518,spot_delist,WIN,-1,1671710396824,"Binance Margin Will Delist FET, FORTH, KEY, MBOX, WIN as Borrowable Assets From Cross Margin and AION, BTS From Isolated Margin"
145518,spot_delist,AION,-1,1671710396824,"Binance Margin Will Delist FET, FORTH, KEY, MBOX, WIN as Borrowable Assets From Cross Margin and AION, BTS From Isolated Margin"
145518,spot_delist,BTS,-1,1671710396824,"Binance Margin Will Delist FET, FORTH, KEY, MBOX, WIN as Borrowable Assets From Cross Margin and AION, BTS From Isolated Margin"
145827,spot_delist,ATA,-1,1672290931854,"Binance Margin Will Delist ATA, DEXE, HIGH, STPT & WAN as Borrowable Assets From Cross Margin"
145827,spot_delist,DEXE,-1,1672290931854,"Binance Margin Will Delist ATA, DEXE, HIGH, STPT & WAN as Borrowable Assets From Cross Margin"
145827,spot_delist,HIGH,-1,1672290931854,"Binance Margin Will Delist ATA, DEXE, HIGH, STPT & WAN as Borrowable Assets From Cross Margin"
145827,spot_delist,STPT,-1,1672290931854,"Binance Margin Will Delist ATA, DEXE, HIGH, STPT & WAN as Borrowable Assets From Cross Margin"
145827,spot_delist,WAN,-1,1672290931854,"Binance Margin Will Delist ATA, DEXE, HIGH, STPT & WAN as Borrowable Assets From Cross Margin"
146267,spot_delist,AGLD,-1,1672907126372,"Binance Margin Will Delist AGLD, DATA, ERN, FIO & TROY as Borrowable Assets From Cross Margin and KEY From Isolated Margin"
146267,spot_delist,DATA,-1,1672907126372,"Binance Margin Will Delist AGLD, DATA, ERN, FIO & TROY as Borrowable Assets From Cross Margin and KEY From Isolated Margin"
146267,spot_delist,ERN,-1,1672907126372,"Binance Margin Will Delist AGLD, DATA, ERN, FIO & TROY as Borrowable Assets From Cross Margin and KEY From Isolated Margin"
146267,spot_delist,FIO,-1,1672907126372,"Binance Margin Will Delist AGLD, DATA, ERN, FIO & TROY as Borrowable Assets From Cross Margin and KEY From Isolated Margin"
146267,spot_delist,TROY,-1,1672907126372,"Binance Margin Will Delist AGLD, DATA, ERN, FIO & TROY as Borrowable Assets From Cross Margin and KEY From Isolated Margin"
146267,spot_delist,KEY,-1,1672907126372,"Binance Margin Will Delist AGLD, DATA, ERN, FIO & TROY as Borrowable Assets From Cross Margin and KEY From Isolated Margin"
146721,spot_delist,FLM,-1,1673592309526,"Binance Margin Will Delist FLM, KMD as Borrowable Assets From Cross Margin and COCOS, CREAM, SCRT From Isolated Margin"
146721,spot_delist,KMD,-1,1673592309526,"Binance Margin Will Delist FLM, KMD as Borrowable Assets From Cross Margin and COCOS, CREAM, SCRT From Isolated Margin"
146721,spot_delist,COCOS,-1,1673592309526,"Binance Margin Will Delist FLM, KMD as Borrowable Assets From Cross Margin and COCOS, CREAM, SCRT From Isolated Margin"
146721,spot_delist,CREAM,-1,1673592309526,"Binance Margin Will Delist FLM, KMD as Borrowable Assets From Cross Margin and COCOS, CREAM, SCRT From Isolated Margin"
146721,spot_delist,SCRT,-1,1673592309526,"Binance Margin Will Delist FLM, KMD as Borrowable Assets From Cross Margin and COCOS, CREAM, SCRT From Isolated Margin"
147101,spot_listing,RPL,1,1674014406526,Binance Will List Rocket Pool (RPL) in the Innovation Zone
147243,spot_delist,BEAM,-1,1674100806617,Binance Will Delist BEAM on 2023-01-26
147286,spot_delist,NEXO,-1,1674112226735,"Binance Margin Will Delist NEXO, POLS, QUICK as Borrowable Assets From Cross Margin and ALCX, NEXO, POLS, TOMO Trading Pairs From Isolated Margin"
147286,spot_delist,POLS,-1,1674112226735,"Binance Margin Will Delist NEXO, POLS, QUICK as Borrowable Assets From Cross Margin and ALCX, NEXO, POLS, TOMO Trading Pairs From Isolated Margin"
147286,spot_delist,QUICK,-1,1674112226735,"Binance Margin Will Delist NEXO, POLS, QUICK as Borrowable Assets From Cross Margin and ALCX, NEXO, POLS, TOMO Trading Pairs From Isolated Margin"
147286,spot_delist,ALCX,-1,1674112226735,"Binance Margin Will Delist NEXO, POLS, QUICK as Borrowable Assets From Cross Margin and ALCX, NEXO, POLS, TOMO Trading Pairs From Isolated Margin"
147286,spot_delist,TOMO,-1,1674112226735,"Binance Margin Will Delist NEXO, POLS, QUICK as Borrowable Assets From Cross Margin and ALCX, NEXO, POLS, TOMO Trading Pairs From Isolated Margin"
147840,spot_delist,JST,-1,1674799803614,"Binance Margin Will Delist JST, SNM, SUN as Borrowable Assets From Cross Margin"
147840,spot_delist,SNM,-1,1674799803614,"Binance Margin Will Delist JST, SNM, SUN as Borrowable Assets From Cross Margin"
147840,spot_delist,SUN,-1,1674799803614,"Binance Margin Will Delist JST, SNM, SUN as Borrowable Assets From Cross Margin"
148599,spot_delist,FIO,-1,1675749621021,"Binance Margin Will Delist FIO, GNO, IRIS, MLN, WTC Trading Pairs From Isolated Margin"
148599,spot_delist,GNO,-1,1675749621021,"Binance Margin Will Delist FIO, GNO, IRIS, MLN, WTC Trading Pairs From Isolated Margin"
148599,spot_delist,IRIS,-1,1675749621021,"Binance Margin Will Delist FIO, GNO, IRIS, MLN, WTC Trading Pairs From Isolated Margin"
148599,spot_delist,MLN,-1,1675749621021,"Binance Margin Will Delist FIO, GNO, IRIS, MLN, WTC Trading Pairs From Isolated Margin"
148599,spot_delist,WTC,-1,1675749621021,"Binance Margin Will Delist FIO, GNO, IRIS, MLN, WTC Trading Pairs From Isolated Margin"
149840,spot_listing,GNS,1,1676619260939,Binance Will List Gains Network (GNS) in the Innovation Zone
149976,spot_delist,AION,-1,1676865785355,"Binance Will Delist AION, MIR, ANC on 2023-02-27"
149976,spot_delist,MIR,-1,1676865785355,"Binance Will Delist AION, MIR, ANC on 2023-02-27"
149976,spot_delist,ANC,-1,1676865785355,"Binance Will Delist AION, MIR, ANC on 2023-02-27"
150337,spot_listing,SYN,1,1677047419653,Binance Will List Synapse (SYN) in the Innovation Zone
150439,spot_delist,LOOM,-1,1677063603612,"Binance Margin Will Delist LOOM, STRAX as Borrowable Assets From Cross Margin and OG From Isolated Margin"
150439,spot_delist,STRAX,-1,1677063603612,"Binance Margin Will Delist LOOM, STRAX as Borrowable Assets From Cross Margin and OG From Isolated Margin"
150439,spot_delist,OG,-1,1677063603612,"Binance Margin Will Delist LOOM, STRAX as Borrowable Assets From Cross Margin and OG From Isolated Margin"
150891,spot_listing,LQTY,1,1677568518334,Binance Will List Liquity (LQTY) in the Innovation Zone
153024,spot_delist,HNT,-1,1679036475726,Binance Will Delist HNT and WABI on 2023-03-24
153024,spot_delist,WABI,-1,1679036475726,Binance Will Delist HNT and WABI on 2023-03-24
153313,spot_listing,ARB,1,1679306561345,Binance Will List Arbitrum (ARB)
154573,spot_delist,NEBL,-1,1679900403355,"Binance Margin Will Delist NEBL as a Borrowable Asset From Cross Margin and DCR, NEBL, XVG From Isolated Margin"
154573,spot_delist,DCR,-1,1679900403355,"Binance Margin Will Delist NEBL as a Borrowable Asset From Cross Margin and DCR, NEBL, XVG From Isolated Margin"
154573,spot_delist,XVG,-1,1679900403355,"Binance Margin Will Delist NEBL as a Borrowable Asset From Cross Margin and DCR, NEBL, XVG From Isolated Margin"
155416,spot_listing,RDNT,1,1680146454557,Binance Will List Radiant Capital (RDNT) in the Innovation Zone
155770,launchpool_airdrop,RDNT,1,1680162643161,Introducing Radiant Capital (RDNT) on Binance Launchpool! Farm RDNT by Staking BNB and TUSD
156339,spot_delist,SNM,-1,1680597004561,Binance Margin Will Delist SNM From Isolated Margin
157033,spot_delist,QLC,-1,1681196422114,"Binance Will Delist QLC, NEBL and AUTO on 2023-04-18"
157033,spot_delist,NEBL,-1,1681196422114,"Binance Will Delist QLC, NEBL and AUTO on 2023-04-18"
157033,spot_delist,AUTO,-1,1681196422114,"Binance Will Delist QLC, NEBL and AUTO on 2023-04-18"
159763,launchpool_airdrop,SUI,1,1682870431481,Introducing Sui (SUI) on Binance Launchpool! Farm SUI by Staking BNB and TUSD
160484,spot_listing,FLOKI,1,1683285604106,Binance Will List FLOKI (FLOKI) and Pepe (PEPE) in the Innovation Zone
160484,spot_listing,PEPE,1,1683285604106,Binance Will List FLOKI (FLOKI) and Pepe (PEPE) in the Innovation Zone
160916,spot_delist,WRX,-1,1683619303518,Binance Margin Will Delist the WRX/BTC Isolated Margin Pair
160916,spot_delist,BTC,-1,1683619303518,Binance Margin Will Delist the WRX/BTC Isolated Margin Pair
162094,spot_delist,JASMY,-1,1684299631912,"Binance Margin Will Delist the JASMY/BTC Cross Margin Pair and AMP/BTC, JASMY/BTC, STMX/BTC Isolated Margin Pairs"
162094,spot_delist,BTC,-1,1684299631912,"Binance Margin Will Delist the JASMY/BTC Cross Margin Pair and AMP/BTC, JASMY/BTC, STMX/BTC Isolated Margin Pairs"
162094,spot_delist,AMP,-1,1684299631912,"Binance Margin Will Delist the JASMY/BTC Cross Margin Pair and AMP/BTC, JASMY/BTC, STMX/BTC Isolated Margin Pairs"
162094,spot_delist,STMX,-1,1684299631912,"Binance Margin Will Delist the JASMY/BTC Cross Margin Pair and AMP/BTC, JASMY/BTC, STMX/BTC Isolated Margin Pairs"
165774,spot_delist,BNT,-1,1686550803118,"Binance Margin Will Delist the BNT/BUSD, CVX/BTC, POLS/BUSD, POWR/BUSD, STPT/BUSD & STRAX/BUSD Isolated Margin Pairs"
165774,spot_delist,BUSD,-1,1686550803118,"Binance Margin Will Delist the BNT/BUSD, CVX/BTC, POLS/BUSD, POWR/BUSD, STPT/BUSD & STRAX/BUSD Isolated Margin Pairs"
165774,spot_delist,CVX,-1,1686550803118,"Binance Margin Will Delist the BNT/BUSD, CVX/BTC, POLS/BUSD, POWR/BUSD, STPT/BUSD & STRAX/BUSD Isolated Margin Pairs"
165774,spot_delist,BTC,-1,1686550803118,"Binance Margin Will Delist the BNT/BUSD, CVX/BTC, POLS/BUSD, POWR/BUSD, STPT/BUSD & STRAX/BUSD Isolated Margin Pairs"
165774,spot_delist,POLS,-1,1686550803118,"Binance Margin Will Delist the BNT/BUSD, CVX/BTC, POLS/BUSD, POWR/BUSD, STPT/BUSD & STRAX/BUSD Isolated Margin Pairs"
165774,spot_delist,POWR,-1,1686550803118,"Binance Margin Will Delist the BNT/BUSD, CVX/BTC, POLS/BUSD, POWR/BUSD, STPT/BUSD & STRAX/BUSD Isolated Margin Pairs"
165774,spot_delist,STPT,-1,1686550803118,"Binance Margin Will Delist the BNT/BUSD, CVX/BTC, POLS/BUSD, POWR/BUSD, STPT/BUSD & STRAX/BUSD Isolated Margin Pairs"
165774,spot_delist,STRAX,-1,1686550803118,"Binance Margin Will Delist the BNT/BUSD, CVX/BTC, POLS/BUSD, POWR/BUSD, STPT/BUSD & STRAX/BUSD Isolated Margin Pairs"
165961,launchpool_airdrop,MAV,1,1686657300877,Introducing Maverick Protocol (MAV) on Binance Launchpool! Farm MAV by Staking BNB and TUSD
166287,spot_delist,MBL,-1,1686815412709,"Binance Margin Will Delist MBL/BUSD, PUNDIX/BUSD Cross Margin Pairs and FARM/BUSD, LSK/BUSD, MBL/BUSD, PLA/BUSD, PUNDIX/BUSD, SC/BUSD Isolated Margin Pairs"
166287,spot_delist,BUSD,-1,1686815412709,"Binance Margin Will Delist MBL/BUSD, PUNDIX/BUSD Cross Margin Pairs and FARM/BUSD, LSK/BUSD, MBL/BUSD, PLA/BUSD, PUNDIX/BUSD, SC/BUSD Isolated Margin Pairs"
166287,spot_delist,PUNDIX,-1,1686815412709,"Binance Margin Will Delist MBL/BUSD, PUNDIX/BUSD Cross Margin Pairs and FARM/BUSD, LSK/BUSD, MBL/BUSD, PLA/BUSD, PUNDIX/BUSD, SC/BUSD Isolated Margin Pairs"
166287,spot_delist,FARM,-1,1686815412709,"Binance Margin Will Delist MBL/BUSD, PUNDIX/BUSD Cross Margin Pairs and FARM/BUSD, LSK/BUSD, MBL/BUSD, PLA/BUSD, PUNDIX/BUSD, SC/BUSD Isolated Margin Pairs"
166287,spot_delist,LSK,-1,1686815412709,"Binance Margin Will Delist MBL/BUSD, PUNDIX/BUSD Cross Margin Pairs and FARM/BUSD, LSK/BUSD, MBL/BUSD, PLA/BUSD, PUNDIX/BUSD, SC/BUSD Isolated Margin Pairs"
166287,spot_delist,PLA,-1,1686815412709,"Binance Margin Will Delist MBL/BUSD, PUNDIX/BUSD Cross Margin Pairs and FARM/BUSD, LSK/BUSD, MBL/BUSD, PLA/BUSD, PUNDIX/BUSD, SC/BUSD Isolated Margin Pairs"
166287,spot_delist,SC,-1,1686815412709,"Binance Margin Will Delist MBL/BUSD, PUNDIX/BUSD Cross Margin Pairs and FARM/BUSD, LSK/BUSD, MBL/BUSD, PLA/BUSD, PUNDIX/BUSD, SC/BUSD Isolated Margin Pairs"
167951,spot_listing,PENDLE,1,1688365335567,Binance Will List Pendle (PENDLE) in the Innovation Zone
168008,launchpool_airdrop,PENDLE,1,1688378424526,Introducing Pendle (PENDLE) on Binance Launchpool! Farm PENDLE by Staking BNB and TUSD
168711,spot_delist,ATA,-1,1688703003727,"Binance Margin Will Delist the ATA/BUSD, FORTH/BUSD, JST/BUSD, QTUM/BUSD, SUN/BUSD, ZEN/BUSD & ZRX/BUSD Isolated Margin Pairs"
168711,spot_delist,BUSD,-1,1688703003727,"Binance Margin Will Delist the ATA/BUSD, FORTH/BUSD, JST/BUSD, QTUM/BUSD, SUN/BUSD, ZEN/BUSD & ZRX/BUSD Isolated Margin Pairs"
168711,spot_delist,FORTH,-1,1688703003727,"Binance Margin Will Delist the ATA/BUSD, FORTH/BUSD, JST/BUSD, QTUM/BUSD, SUN/BUSD, ZEN/BUSD & ZRX/BUSD Isolated Margin Pairs"
168711,spot_delist,JST,-1,1688703003727,"Binance Margin Will Delist the ATA/BUSD, FORTH/BUSD, JST/BUSD, QTUM/BUSD, SUN/BUSD, ZEN/BUSD & ZRX/BUSD Isolated Margin Pairs"
168711,spot_delist,QTUM,-1,1688703003727,"Binance Margin Will Delist the ATA/BUSD, FORTH/BUSD, JST/BUSD, QTUM/BUSD, SUN/BUSD, ZEN/BUSD & ZRX/BUSD Isolated Margin Pairs"
168711,spot_delist,SUN,-1,1688703003727,"Binance Margin Will Delist the ATA/BUSD, FORTH/BUSD, JST/BUSD, QTUM/BUSD, SUN/BUSD, ZEN/BUSD & ZRX/BUSD Isolated Margin Pairs"
168711,spot_delist,ZEN,-1,1688703003727,"Binance Margin Will Delist the ATA/BUSD, FORTH/BUSD, JST/BUSD, QTUM/BUSD, SUN/BUSD, ZEN/BUSD & ZRX/BUSD Isolated Margin Pairs"
168711,spot_delist,ZRX,-1,1688703003727,"Binance Margin Will Delist the ATA/BUSD, FORTH/BUSD, JST/BUSD, QTUM/BUSD, SUN/BUSD, ZEN/BUSD & ZRX/BUSD Isolated Margin Pairs"
169617,spot_delist,ALCX,-1,1689318001849,"Binance Margin Will Delist the ALCX/BUSD, ALPACA/BUSD, CVX/BUSD, DOCK/BUSD, LOOM/BUSD, MC/BUSD, MOB/BUSD & TROY/BUSD Isolated Margin Pairs"
169617,spot_delist,BUSD,-1,1689318001849,"Binance Margin Will Delist the ALCX/BUSD, ALPACA/BUSD, CVX/BUSD, DOCK/BUSD, LOOM/BUSD, MC/BUSD, MOB/BUSD & TROY/BUSD Isolated Margin Pairs"
169617,spot_delist,ALPACA,-1,1689318001849,"Binance Margin Will Delist the ALCX/BUSD, ALPACA/BUSD, CVX/BUSD, DOCK/BUSD, LOOM/BUSD, MC/BUSD, MOB/BUSD & TROY/BUSD Isolated Margin Pairs"
169617,spot_delist,CVX,-1,1689318001849,"Binance Margin Will Delist the ALCX/BUSD, ALPACA/BUSD, CVX/BUSD, DOCK/BUSD, LOOM/BUSD, MC/BUSD, MOB/BUSD & TROY/BUSD Isolated Margin Pairs"
169617,spot_delist,DOCK,-1,1689318001849,"Binance Margin Will Delist the ALCX/BUSD, ALPACA/BUSD, CVX/BUSD, DOCK/BUSD, LOOM/BUSD, MC/BUSD, MOB/BUSD & TROY/BUSD Isolated Margin Pairs"
169617,spot_delist,LOOM,-1,1689318001849,"Binance Margin Will Delist the ALCX/BUSD, ALPACA/BUSD, CVX/BUSD, DOCK/BUSD, LOOM/BUSD, MC/BUSD, MOB/BUSD & TROY/BUSD Isolated Margin Pairs"
169617,spot_delist,MC,-1,1689318001849,"Binance Margin Will Delist the ALCX/BUSD, ALPACA/BUSD, CVX/BUSD, DOCK/BUSD, LOOM/BUSD, MC/BUSD, MOB/BUSD & TROY/BUSD Isolated Margin Pairs"
169617,spot_delist,MOB,-1,1689318001849,"Binance Margin Will Delist the ALCX/BUSD, ALPACA/BUSD, CVX/BUSD, DOCK/BUSD, LOOM/BUSD, MC/BUSD, MOB/BUSD & TROY/BUSD Isolated Margin Pairs"
169617,spot_delist,TROY,-1,1689318001849,"Binance Margin Will Delist the ALCX/BUSD, ALPACA/BUSD, CVX/BUSD, DOCK/BUSD, LOOM/BUSD, MC/BUSD, MOB/BUSD & TROY/BUSD Isolated Margin Pairs"
170522,spot_delist,OGN,-1,1689760808223,"Binance Margin Will Delist the OGN/BUSD, OSMO/BUSD, REI/BUSD and SPELL/BUSD Cross Margin & Isolated Margin Pairs"
170522,spot_delist,BUSD,-1,1689760808223,"Binance Margin Will Delist the OGN/BUSD, OSMO/BUSD, REI/BUSD and SPELL/BUSD Cross Margin & Isolated Margin Pairs"
170522,spot_delist,OSMO,-1,1689760808223,"Binance Margin Will Delist the OGN/BUSD, OSMO/BUSD, REI/BUSD and SPELL/BUSD Cross Margin & Isolated Margin Pairs"
170522,spot_delist,REI,-1,1689760808223,"Binance Margin Will Delist the OGN/BUSD, OSMO/BUSD, REI/BUSD and SPELL/BUSD Cross Margin & Isolated Margin Pairs"
170522,spot_delist,SPELL,-1,1689760808223,"Binance Margin Will Delist the OGN/BUSD, OSMO/BUSD, REI/BUSD and SPELL/BUSD Cross Margin & Isolated Margin Pairs"
171042,spot_listing,WLD,1,1690182131620,Binance Will List Worldcoin (WLD)
171184,spot_delist,CKB,-1,1690252204237,"Binance Margin Will Delist the CKB/BUSD, CTK/BUSD, ELF/BUSD, FOR/BUSD, PERP/BUSD, SKL/BUSD & UNFI/BUSD Isolated Margin Pairs"
171184,spot_delist,BUSD,-1,1690252204237,"Binance Margin Will Delist the CKB/BUSD, CTK/BUSD, ELF/BUSD, FOR/BUSD, PERP/BUSD, SKL/BUSD & UNFI/BUSD Isolated Margin Pairs"
171184,spot_delist,CTK,-1,1690252204237,"Binance Margin Will Delist the CKB/BUSD, CTK/BUSD, ELF/BUSD, FOR/BUSD, PERP/BUSD, SKL/BUSD & UNFI/BUSD Isolated Margin Pairs"
171184,spot_delist,ELF,-1,1690252204237,"Binance Margin Will Delist the CKB/BUSD, CTK/BUSD, ELF/BUSD, FOR/BUSD, PERP/BUSD, SKL/BUSD & UNFI/BUSD Isolated Margin Pairs"
171184,spot_delist,FOR,-1,1690252204237,"Binance Margin Will Delist the CKB/BUSD, CTK/BUSD, ELF/BUSD, FOR/BUSD, PERP/BUSD, SKL/BUSD & UNFI/BUSD Isolated Margin Pairs"
171184,spot_delist,PERP,-1,1690252204237,"Binance Margin Will Delist the CKB/BUSD, CTK/BUSD, ELF/BUSD, FOR/BUSD, PERP/BUSD, SKL/BUSD & UNFI/BUSD Isolated Margin Pairs"
171184,spot_delist,SKL,-1,1690252204237,"Binance Margin Will Delist the CKB/BUSD, CTK/BUSD, ELF/BUSD, FOR/BUSD, PERP/BUSD, SKL/BUSD & UNFI/BUSD Isolated Margin Pairs"
171184,spot_delist,UNFI,-1,1690252204237,"Binance Margin Will Delist the CKB/BUSD, CTK/BUSD, ELF/BUSD, FOR/BUSD, PERP/BUSD, SKL/BUSD & UNFI/BUSD Isolated Margin Pairs"
171474,spot_listing,FDUSD,1,1690344003220,Binance Will List First Digital USD (FDUSD) and Introduce FDUSD Zero Trading Fee Promotions
172715,launchpool_airdrop,SEI,1,1690873404537,"Introducing Sei (SEI) on Binance Launchpool! Farm SEI by Staking BNB, TUSD and FDUSD"
172718,launchpool_airdrop,CYBER,1,1690873435121,"Introducing CyberConnect (CYBER) on Binance Launchpool! Farm CYBER by Staking BNB, TUSD and FDUSD"
173365,spot_delist,ASTR,-1,1691464207277,"Binance Margin Will Delist the ASTR/BUSD, AUDIO/BUSD, BAT/BUSD, BSW/BUSD, NMR/BUSD, PEOPLE/BUSD and RSR/BUSD Cross Margin & Isolated Margin Pairs"
173365,spot_delist,BUSD,-1,1691464207277,"Binance Margin Will Delist the ASTR/BUSD, AUDIO/BUSD, BAT/BUSD, BSW/BUSD, NMR/BUSD, PEOPLE/BUSD and RSR/BUSD Cross Margin & Isolated Margin Pairs"
173365,spot_delist,AUDIO,-1,1691464207277,"Binance Margin Will Delist the ASTR/BUSD, AUDIO/BUSD, BAT/BUSD, BSW/BUSD, NMR/BUSD, PEOPLE/BUSD and RSR/BUSD Cross Margin & Isolated Margin Pairs"
173365,spot_delist,BAT,-1,1691464207277,"Binance Margin Will Delist the ASTR/BUSD, AUDIO/BUSD, BAT/BUSD, BSW/BUSD, NMR/BUSD, PEOPLE/BUSD and RSR/BUSD Cross Margin & Isolated Margin Pairs"
173365,spot_delist,BSW,-1,1691464207277,"Binance Margin Will Delist the ASTR/BUSD, AUDIO/BUSD, BAT/BUSD, BSW/BUSD, NMR/BUSD, PEOPLE/BUSD and RSR/BUSD Cross Margin & Isolated Margin Pairs"
173365,spot_delist,NMR,-1,1691464207277,"Binance Margin Will Delist the ASTR/BUSD, AUDIO/BUSD, BAT/BUSD, BSW/BUSD, NMR/BUSD, PEOPLE/BUSD and RSR/BUSD Cross Margin & Isolated Margin Pairs"
173365,spot_delist,PEOPLE,-1,1691464207277,"Binance Margin Will Delist the ASTR/BUSD, AUDIO/BUSD, BAT/BUSD, BSW/BUSD, NMR/BUSD, PEOPLE/BUSD and RSR/BUSD Cross Margin & Isolated Margin Pairs"
173365,spot_delist,RSR,-1,1691464207277,"Binance Margin Will Delist the ASTR/BUSD, AUDIO/BUSD, BAT/BUSD, BSW/BUSD, NMR/BUSD, PEOPLE/BUSD and RSR/BUSD Cross Margin & Isolated Margin Pairs"
174138,spot_delist,SNM,-1,1692082868922,"Binance Will Delist SNM, SRM and YFII on 2023-08-22"
174138,spot_delist,SRM,-1,1692082868922,"Binance Will Delist SNM, SRM and YFII on 2023-08-22"
174138,spot_delist,YFII,-1,1692082868922,"Binance Will Delist SNM, SRM and YFII on 2023-08-22"
174232,spot_delist,EPX,-1,1692155138357,"Binance Margin Will Delist the EPX/BUSD, GAL/BUSD, GMX/BUSD, HIVE/BUSD, KLAY/BUSD, RAD/BUSD and TVK/BUSD Cross Margin & Isolated Margin Pairs"
174232,spot_delist,BUSD,-1,1692155138357,"Binance Margin Will Delist the EPX/BUSD, GAL/BUSD, GMX/BUSD, HIVE/BUSD, KLAY/BUSD, RAD/BUSD and TVK/BUSD Cross Margin & Isolated Margin Pairs"
174232,spot_delist,GAL,-1,1692155138357,"Binance Margin Will Delist the EPX/BUSD, GAL/BUSD, GMX/BUSD, HIVE/BUSD, KLAY/BUSD, RAD/BUSD and TVK/BUSD Cross Margin & Isolated Margin Pairs"
174232,spot_delist,GMX,-1,1692155138357,"Binance Margin Will Delist the EPX/BUSD, GAL/BUSD, GMX/BUSD, HIVE/BUSD, KLAY/BUSD, RAD/BUSD and TVK/BUSD Cross Margin & Isolated Margin Pairs"
174232,spot_delist,HIVE,-1,1692155138357,"Binance Margin Will Delist the EPX/BUSD, GAL/BUSD, GMX/BUSD, HIVE/BUSD, KLAY/BUSD, RAD/BUSD and TVK/BUSD Cross Margin & Isolated Margin Pairs"
174232,spot_delist,KLAY,-1,1692155138357,"Binance Margin Will Delist the EPX/BUSD, GAL/BUSD, GMX/BUSD, HIVE/BUSD, KLAY/BUSD, RAD/BUSD and TVK/BUSD Cross Margin & Isolated Margin Pairs"
174232,spot_delist,RAD,-1,1692155138357,"Binance Margin Will Delist the EPX/BUSD, GAL/BUSD, GMX/BUSD, HIVE/BUSD, KLAY/BUSD, RAD/BUSD and TVK/BUSD Cross Margin & Isolated Margin Pairs"
174232,spot_delist,TVK,-1,1692155138357,"Binance Margin Will Delist the EPX/BUSD, GAL/BUSD, GMX/BUSD, HIVE/BUSD, KLAY/BUSD, RAD/BUSD and TVK/BUSD Cross Margin & Isolated Margin Pairs"
175439,spot_delist,AMB,-1,1693375203152,"Binance Margin Will Delist the AMB/BUSD, DASH/BUSD, FIDA/BUSD, HARD/BUSD, HOT/BUSD, IOST/BTC, NULS/BUSD, PORTO/BUSD and REQ/BUSD Cross Margin & Isolated Margin Pairs"
175439,spot_delist,BUSD,-1,1693375203152,"Binance Margin Will Delist the AMB/BUSD, DASH/BUSD, FIDA/BUSD, HARD/BUSD, HOT/BUSD, IOST/BTC, NULS/BUSD, PORTO/BUSD and REQ/BUSD Cross Margin & Isolated Margin Pairs"
175439,spot_delist,DASH,-1,1693375203152,"Binance Margin Will Delist the AMB/BUSD, DASH/BUSD, FIDA/BUSD, HARD/BUSD, HOT/BUSD, IOST/BTC, NULS/BUSD, PORTO/BUSD and REQ/BUSD Cross Margin & Isolated Margin Pairs"
175439,spot_delist,FIDA,-1,1693375203152,"Binance Margin Will Delist the AMB/BUSD, DASH/BUSD, FIDA/BUSD, HARD/BUSD, HOT/BUSD, IOST/BTC, NULS/BUSD, PORTO/BUSD and REQ/BUSD Cross Margin & Isolated Margin Pairs"
175439,spot_delist,HARD,-1,1693375203152,"Binance Margin Will Delist the AMB/BUSD, DASH/BUSD, FIDA/BUSD, HARD/BUSD, HOT/BUSD, IOST/BTC, NULS/BUSD, PORTO/BUSD and REQ/BUSD Cross Margin & Isolated Margin Pairs"
175439,spot_delist,HOT,-1,1693375203152,"Binance Margin Will Delist the AMB/BUSD, DASH/BUSD, FIDA/BUSD, HARD/BUSD, HOT/BUSD, IOST/BTC, NULS/BUSD, PORTO/BUSD and REQ/BUSD Cross Margin & Isolated Margin Pairs"
175439,spot_delist,IOST,-1,1693375203152,"Binance Margin Will Delist the AMB/BUSD, DASH/BUSD, FIDA/BUSD, HARD/BUSD, HOT/BUSD, IOST/BTC, NULS/BUSD, PORTO/BUSD and REQ/BUSD Cross Margin & Isolated Margin Pairs"
175439,spot_delist,BTC,-1,1693375203152,"Binance Margin Will Delist the AMB/BUSD, DASH/BUSD, FIDA/BUSD, HARD/BUSD, HOT/BUSD, IOST/BTC, NULS/BUSD, PORTO/BUSD and REQ/BUSD Cross Margin & Isolated Margin Pairs"
175439,spot_delist,NULS,-1,1693375203152,"Binance Margin Will Delist the AMB/BUSD, DASH/BUSD, FIDA/BUSD, HARD/BUSD, HOT/BUSD, IOST/BTC, NULS/BUSD, PORTO/BUSD and REQ/BUSD Cross Margin & Isolated Margin Pairs"
175439,spot_delist,PORTO,-1,1693375203152,"Binance Margin Will Delist the AMB/BUSD, DASH/BUSD, FIDA/BUSD, HARD/BUSD, HOT/BUSD, IOST/BTC, NULS/BUSD, PORTO/BUSD and REQ/BUSD Cross Margin & Isolated Margin Pairs"
175439,spot_delist,REQ,-1,1693375203152,"Binance Margin Will Delist the AMB/BUSD, DASH/BUSD, FIDA/BUSD, HARD/BUSD, HOT/BUSD, IOST/BTC, NULS/BUSD, PORTO/BUSD and REQ/BUSD Cross Margin & Isolated Margin Pairs"
175916,spot_delist,ALPHA,-1,1693552182147,"Binance Margin Will Delist ALPHA/BUSD, ANT/BUSD, BAL/BUSD, COS/BTC, DGB/BUSD, FIRO/BUSD, OOKI/BUSD, QI/BTC, RVN/BUSD & TWT/BUSD Isolated Margin Pairs"
175916,spot_delist,BUSD,-1,1693552182147,"Binance Margin Will Delist ALPHA/BUSD, ANT/BUSD, BAL/BUSD, COS/BTC, DGB/BUSD, FIRO/BUSD, OOKI/BUSD, QI/BTC, RVN/BUSD & TWT/BUSD Isolated Margin Pairs"
175916,spot_delist,ANT,-1,1693552182147,"Binance Margin Will Delist ALPHA/BUSD, ANT/BUSD, BAL/BUSD, COS/BTC, DGB/BUSD, FIRO/BUSD, OOKI/BUSD, QI/BTC, RVN/BUSD & TWT/BUSD Isolated Margin Pairs"
175916,spot_delist,BAL,-1,1693552182147,"Binance Margin Will Delist ALPHA/BUSD, ANT/BUSD, BAL/BUSD, COS/BTC, DGB/BUSD, FIRO/BUSD, OOKI/BUSD, QI/BTC, RVN/BUSD & TWT/BUSD Isolated Margin Pairs"
175916,spot_delist,COS,-1,1693552182147,"Binance Margin Will Delist ALPHA/BUSD, ANT/BUSD, BAL/BUSD, COS/BTC, DGB/BUSD, FIRO/BUSD, OOKI/BUSD, QI/BTC, RVN/BUSD & TWT/BUSD Isolated Margin Pairs"
175916,spot_delist,BTC,-1,1693552182147,"Binance Margin Will Delist ALPHA/BUSD, ANT/BUSD, BAL/BUSD, COS/BTC, DGB/BUSD, FIRO/BUSD, OOKI/BUSD, QI/BTC, RVN/BUSD & TWT/BUSD Isolated Margin Pairs"
175916,spot_delist,DGB,-1,1693552182147,"Binance Margin Will Delist ALPHA/BUSD, ANT/BUSD, BAL/BUSD, COS/BTC, DGB/BUSD, FIRO/BUSD, OOKI/BUSD, QI/BTC, RVN/BUSD & TWT/BUSD Isolated Margin Pairs"
175916,spot_delist,FIRO,-1,1693552182147,"Binance Margin Will Delist ALPHA/BUSD, ANT/BUSD, BAL/BUSD, COS/BTC, DGB/BUSD, FIRO/BUSD, OOKI/BUSD, QI/BTC, RVN/BUSD & TWT/BUSD Isolated Margin Pairs"
175916,spot_delist,OOKI,-1,1693552182147,"Binance Margin Will Delist ALPHA/BUSD, ANT/BUSD, BAL/BUSD, COS/BTC, DGB/BUSD, FIRO/BUSD, OOKI/BUSD, QI/BTC, RVN/BUSD & TWT/BUSD Isolated Margin Pairs"
175916,spot_delist,QI,-1,1693552182147,"Binance Margin Will Delist ALPHA/BUSD, ANT/BUSD, BAL/BUSD, COS/BTC, DGB/BUSD, FIRO/BUSD, OOKI/BUSD, QI/BTC, RVN/BUSD & TWT/BUSD Isolated Margin Pairs"
175916,spot_delist,RVN,-1,1693552182147,"Binance Margin Will Delist ALPHA/BUSD, ANT/BUSD, BAL/BUSD, COS/BTC, DGB/BUSD, FIRO/BUSD, OOKI/BUSD, QI/BTC, RVN/BUSD & TWT/BUSD Isolated Margin Pairs"
175916,spot_delist,TWT,-1,1693552182147,"Binance Margin Will Delist ALPHA/BUSD, ANT/BUSD, BAL/BUSD, COS/BTC, DGB/BUSD, FIRO/BUSD, OOKI/BUSD, QI/BTC, RVN/BUSD & TWT/BUSD Isolated Margin Pairs"
179100,spot_listing,NTRN,1,1696923917379,Binance Will List Neutron (NTRN) with Seed Tag Applied
179134,launchpool_airdrop,NTRN,1,1696931539024,"Introducing Neutron (NTRN) on Binance Launchpool! Farm NTRN by Staking BNB, TUSD and FDUSD"
181301,launchpool_airdrop,MEME,1,1698415749172,"Introducing Memecoin (MEME) on Binance Launchpool! Farm MEME by Staking BNB, TUSD and FDUSD"
181434,spot_listing,TIA,1,1698671932206,Binance Will List Celestia (TIA) with Seed Tag Applied
182168,spot_listing,ORDI,1,1699339453500,Binance Will List ORDI (ORDI) with Seed Tag Applied
183919,spot_listing,BLUR,1,1700806187186,Binance Will List Blur (BLUR) with Seed Tag Applied
184090,spot_delist,BTS,-1,1701064826207,"Binance Will Delist BTS, PERL, TORN, WTC on 2023-12-07"
184090,spot_delist,PERL,-1,1701064826207,"Binance Will Delist BTS, PERL, TORN, WTC on 2023-12-07"
184090,spot_delist,TORN,-1,1701064826207,"Binance Will Delist BTS, PERL, TORN, WTC on 2023-12-07"
184090,spot_delist,WTC,-1,1701064826207,"Binance Will Delist BTS, PERL, TORN, WTC on 2023-12-07"
184909,spot_listing,AEUR,1,1701663251934,Binance Will List Anchored Coins EUR (AEUR) and Introduce AEUR Zero Trading Fee Promotions
185449,spot_listing,JTO,1,1701950138787,Binance Will List Jito (JTO) with Seed Tag Applied
185740,launchpool_airdrop,ACE,1,1702296311083,Introducing Fusionist (ACE) on Binance Launchpool! Farm ACE by Staking BNB and FDUSD
185818,spot_listing,1000SATS,1,1702361370579,Binance Will List BRC-20 Sats (1000SATS) with Seed Tag Applied
186245,spot_listing,BONK,1,1702612713180,Binance Will List Bonk (BONK) with Seed Tag Applied
186571,launchpool_airdrop,NFP,1,1702982259023,"Introducing NFPrompt (NFP) on Binance Launchpool Fair Mode! Farm NFP by Staking BNB, FDUSD and TUSD"
187039,launchpool_airdrop,AI,1,1703585038087,"Introducing Sleepless AI (AI) on Binance Launchpool! Farm AI by Staking BNB, FDUSD and TUSD"
187730,launchpool_airdrop,XAI,1,1704274564258,"Introducing Xai (XAI) on Binance Launchpool! Farm XAI by Staking BNB, FDUSD and TUSD"
188822,launchpool_airdrop,MANTA,1,1705321485397,Introducing Manta (MANTA) on Binance Launchpool! Farm MANTA by Staking BNB and FDUSD
189178,launchpool_airdrop,ALT,1,1705491410042,Introducing AltLayer (ALT) on Binance Launchpool! Farm ALT by Staking BNB and FDUSD
190187,spot_listing,JUP,1,1706684813622,Binance Will List Jupiter (JUP) with Seed Tag Applied
190521,spot_listing,PYTH,1,1706860207072,Binance Will List Pyth Network (PYTH) with Seed Tag Applied
190767,spot_listing,RONIN,1,1707124296210,Binance Will List Ronin (RONIN) with Seed Tag Applied
190856,spot_delist,ANT,-1,1707202812575,"Binance Will Delist ANT, MULTI, VAI, XMR on 2024-02-20"
190856,spot_delist,MULTI,-1,1707202812575,"Binance Will Delist ANT, MULTI, VAI, XMR on 2024-02-20"
190856,spot_delist,VAI,-1,1707202812575,"Binance Will Delist ANT, MULTI, VAI, XMR on 2024-02-20"
190856,spot_delist,XMR,-1,1707202812575,"Binance Will Delist ANT, MULTI, VAI, XMR on 2024-02-20"
191009,spot_listing,DYM,1,1707211617933,Binance Will List Dymension (DYM) with Seed Tag Applied
191240,launchpool_airdrop,PIXEL,1,1707359753017,Introducing Pixels (PIXEL) on Binance Launchpool! Farm PIXEL by Staking BNB and FDUSD
192059,spot_listing,STRK,1,1708395922135,Binance Will List Starknet (STRK) with Seed Tag Applied
192296,launchpool_airdrop,PORTAL,1,1708501813542,Introducing Portal (PORTAL) on Binance Launchpool! Farm PORTAL by Staking BNB and FDUSD
193153,spot_listing,AXL,1,1709277537028,Binance Will List Axelar (AXL) with Seed Tag Applied
193509,futures_launch,MYRO,1,1709616923762,Binance Futures Will Launch MYROUSDT and 1000PEPEUSDC Perpetual Contracts With Up to 50x Leverage
193543,spot_listing,WIF,1,1709632897364,Binance Will List Dogwifhat (WIF) with Seed Tag Applied
193841,launchpool_airdrop,AEVO,1,1709720755241,Introducing AEVO (AEVO) on Binance Launchpool! Farm AEVO by Staking BNB and FDUSD
194176,spot_listing,METIS,1,1710143970976,Binance Will List Metis (METIS) with Seed Tag Applied
194299,futures_launch,METIS,1,1710217805954,Binance Futures Will Launch METISUSDT and WLDUSDC Perpetual Contracts With Up to 75x Leverage
194456,launchpool_airdrop,ETHFI,1,1710253801152,Introducing ether.fi (ETHFI) on Binance Launchpool! Farm ETHFI by Staking BNB and FDUSD
194867,spot_listing,BOME,1,1710581406588,Binance Will List BOOK OF MEME (BOME) with Seed Tag Applied
195125,futures_delist,FOOTBALL,-1,1710824702006,Binance Futures Will Delist and Update the Leverage & Margin Tiers of USDⓈ-M FOOTBALLUSDT and BLUEBIRDUSDT Perpetual Contracts
195125,futures_delist,BLUEBIRD,-1,1710824702006,Binance Futures Will Delist and Update the Leverage & Margin Tiers of USDⓈ-M FOOTBALLUSDT and BLUEBIRDUSDT Perpetual Contracts
194698,spot_delist,DREP,-1,1710914407471,"Binance Will Delist DREP, MOB, PNT on 2024-04-03"
194698,spot_delist,MOB,-1,1710914407471,"Binance Will Delist DREP, MOB, PNT on 2024-04-03"
194698,spot_delist,PNT,-1,1710914407471,"Binance Will Delist DREP, MOB, PNT on 2024-04-03"
195588,futures_delist,ANT,-1,1711341612437,"Binance Futures Will Delist and Update the Leverage & Margin Tiers of USDⓈ-M ANTUSDT, DGBUSDT and CTKUSDT Perpetual Contracts"
195588,futures_delist,DGB,-1,1711341612437,"Binance Futures Will Delist and Update the Leverage & Margin Tiers of USDⓈ-M ANTUSDT, DGBUSDT and CTKUSDT Perpetual Contracts"
195588,futures_delist,CTK,-1,1711341612437,"Binance Futures Will Delist and Update the Leverage & Margin Tiers of USDⓈ-M ANTUSDT, DGBUSDT and CTKUSDT Perpetual Contracts"
196073,launchpool_airdrop,ENA,1,1711686374921,Introducing Ethena (ENA) on Binance Launchpool! Farm ENA by Staking BNB and FDUSD
196686,launchpool_airdrop,SAGA,1,1712197944107,Introducing Saga (SAGA) on Binance Launchpool! Farm SAGA by Staking BNB and FDUSD
197057,spot_listing,TNSR,1,1712576657942,Binance Will List Tensor (TNSR) with Seed Tag Applied
197420,spot_listing,TAO,1,1712817838489,Binance Will List Bittensor (TAO) with Seed Tag Applied
197537,launchpool_airdrop,OMNI,1,1712901164069,Introducing Omni Network (OMNI) on Binance Launchpool! Farm OMNI by Staking BNB and FDUSD
198753,launchpool_airdrop,REZ,1,1713867723174,Introducing Renzo (REZ) on Binance Launchpool! Farm REZ by Staking BNB and FDUSD
199064,launchpool_airdrop,BB,1,1714033831996,BounceBit (BB) Megadrop Is Now Open: Subscribe to BNB Locked Products or Complete Web3 Quests to Participate!
199497,futures_delist,STPT,-1,1714971617942,"Binance Futures Will Delist and Update the Leverage & Margin Tiers of USDⓈ-M STPTUSDT, SNTUSDT, MBLUSDT, RADUSDT and CVXUSDT Perpetual Contracts"
199497,futures_delist,SNT,-1,1714971617942,"Binance Futures Will Delist and Update the Leverage & Margin Tiers of USDⓈ-M STPTUSDT, SNTUSDT, MBLUSDT, RADUSDT and CVXUSDT Perpetual Contracts"
199497,futures_delist,MBL,-1,1714971617942,"Binance Futures Will Delist and Update the Leverage & Margin Tiers of USDⓈ-M STPTUSDT, SNTUSDT, MBLUSDT, RADUSDT and CVXUSDT Perpetual Contracts"
199497,futures_delist,RAD,-1,1714971617942,"Binance Futures Will Delist and Update the Leverage & Margin Tiers of USDⓈ-M STPTUSDT, SNTUSDT, MBLUSDT, RADUSDT and CVXUSDT Perpetual Contracts"
199497,futures_delist,CVX,-1,1714971617942,"Binance Futures Will Delist and Update the Leverage & Margin Tiers of USDⓈ-M STPTUSDT, SNTUSDT, MBLUSDT, RADUSDT and CVXUSDT Perpetual Contracts"
199689,futures_delist,IDEX,-1,1715144426574,"Binance Futures Will Delist and Update the Leverage & Margin Tiers of USDⓈ-M IDEXUSDT, SLPUSDT, GLMRUSDT, MDTUSDT and AUDIOUSDT Perpetual Contracts"
199689,futures_delist,SLP,-1,1715144426574,"Binance Futures Will Delist and Update the Leverage & Margin Tiers of USDⓈ-M IDEXUSDT, SLPUSDT, GLMRUSDT, MDTUSDT and AUDIOUSDT Perpetual Contracts"
199689,futures_delist,GLMR,-1,1715144426574,"Binance Futures Will Delist and Update the Leverage & Margin Tiers of USDⓈ-M IDEXUSDT, SLPUSDT, GLMRUSDT, MDTUSDT and AUDIOUSDT Perpetual Contracts"
199689,futures_delist,MDT,-1,1715144426574,"Binance Futures Will Delist and Update the Leverage & Margin Tiers of USDⓈ-M IDEXUSDT, SLPUSDT, GLMRUSDT, MDTUSDT and AUDIOUSDT Perpetual Contracts"
199689,futures_delist,AUDIO,-1,1715144426574,"Binance Futures Will Delist and Update the Leverage & Margin Tiers of USDⓈ-M IDEXUSDT, SLPUSDT, GLMRUSDT, MDTUSDT and AUDIOUSDT Perpetual Contracts"
199818,launchpool_airdrop,NOT,1,1715268300343,Introducing Notcoin (NOT) on Binance Launchpool! Farm NOT by Staking BNB and FDUSD
201028,launchpool_airdrop,LISTA,1,1716438981742,Introducing Lista (LISTA) on Binance Megadrop! Lock Your BNB and Complete Web3 Quests for Airdrop
201394,launchpool_airdrop,LISTA,1,1716890569458,Lista (LISTA) Megadrop Is Now Open: Subscribe to BNB Locked Products or Complete Web3 Quests to Participate!
201912,spot_delist,OMG,-1,1717383620294,"Binance Will Delist OMG, WAVES, WNXM, XEM on 2024-06-17"
201912,spot_delist,WAVES,-1,1717383620294,"Binance Will Delist OMG, WAVES, WNXM, XEM on 2024-06-17"
201912,spot_delist,WNXM,-1,1717383620294,"Binance Will Delist OMG, WAVES, WNXM, XEM on 2024-06-17"
201912,spot_delist,XEM,-1,1717383620294,"Binance Will Delist OMG, WAVES, WNXM, XEM on 2024-06-17"
202260,launchpool_airdrop,IO,1,1717648566493,Introducing IO.NET (IO) on Binance Launchpool! Farm IO by Staking BNB and FDUSD
203002,spot_listing,ZK,1,1718589610865,Binance Will List ZKsync (ZK) with ZK Token Distribution Program
203612,spot_listing,ZRO,1,1718864370953,Binance Will List LayerZero (ZRO) with Seed Tag Applied
204921,spot_delist,BOND,-1,1720422069631,"Binance Will Delist BOND, DOCK, MDX, POLS on 2024-07-22"
204921,spot_delist,DOCK,-1,1720422069631,"Binance Will Delist BOND, DOCK, MDX, POLS on 2024-07-22"
204921,spot_delist,MDX,-1,1720422069631,"Binance Will Delist BOND, DOCK, MDX, POLS on 2024-07-22"
204921,spot_delist,POLS,-1,1720422069631,"Binance Will Delist BOND, DOCK, MDX, POLS on 2024-07-22"
205202,spot_delist,TUSD,-1,1720663202463,Binance Margin Will Delist TUSD from Cross and Isolated Margin - 2024-07-24
205202,spot_delist,2024,-1,1720663202463,Binance Margin Will Delist TUSD from Cross and Isolated Margin - 2024-07-24
205202,spot_delist,07,-1,1720663202463,Binance Margin Will Delist TUSD from Cross and Isolated Margin - 2024-07-24
205202,spot_delist,24,-1,1720663202463,Binance Margin Will Delist TUSD from Cross and Isolated Margin - 2024-07-24
206046,launchpool_airdrop,BANANA,1,1721321160825,Introducing Banana Gun (BANANA) on Binance HODLer Airdrops! Subscribe your BNB to Simple Earn
207355,spot_listing,TON,1,1723095568744,Binance Will List Toncoin (TON) with Seed Tag Applied
207063,spot_delist,CVP,-1,1723446011329,"Binance Will Delist CVP, EPX, FOR, LOOM, REEF, VGX on 2024-08-26"
207063,spot_delist,EPX,-1,1723446011329,"Binance Will Delist CVP, EPX, FOR, LOOM, REEF, VGX on 2024-08-26"
207063,spot_delist,FOR,-1,1723446011329,"Binance Will Delist CVP, EPX, FOR, LOOM, REEF, VGX on 2024-08-26"
207063,spot_delist,LOOM,-1,1723446011329,"Binance Will Delist CVP, EPX, FOR, LOOM, REEF, VGX on 2024-08-26"
207063,spot_delist,REEF,-1,1723446011329,"Binance Will Delist CVP, EPX, FOR, LOOM, REEF, VGX on 2024-08-26"
207063,spot_delist,VGX,-1,1723446011329,"Binance Will Delist CVP, EPX, FOR, LOOM, REEF, VGX on 2024-08-26"
207714,launchpool_airdrop,TON,1,1723551163618,"Introducing Toncoin (TON) on Binance Launchpool and Super Earn! Farm TON by Staking BNB, FDUSD, and TON"
208504,launchpool_airdrop,DOGS,1,1724172121684,Introducing Dogs (DOGS) on Binance Launchpool! Farm DOGS by Staking BNB and FDUSD
208960,spot_listing,EURI,1,1724655603568,Binance Will List Eurite (EURI) and Introduce EURI Zero Trading Fee Promotions
211155,launchpool_airdrop,HMSTR,1,1726153299022,Introducing Hamster Kombat (HMSTR) on Binance Launchpool and Super Earn!
211209,product_add,POL,1,1726219804612,"Binance Will Add Polygon (POL) on Earn, Buy Crypto, Convert, Margin & Futures"
211264,launchpool_airdrop,CATI,1,1726230768590,Introducing Catizen (CATI) on Binance Launchpool! Farm CATI by Locking BNB and FDUSD
211378,spot_listing,NEIRO,1,1726465502167,"Binance Will List First Neiro on Ethereum (NEIRO), Turbo (TURBO), and Baby Doge Coin (1MBABYDOGE) with Seed Tag Applied"
211378,spot_listing,TURBO,1,1726465502167,"Binance Will List First Neiro on Ethereum (NEIRO), Turbo (TURBO), and Baby Doge Coin (1MBABYDOGE) with Seed Tag Applied"
211378,spot_listing,1MBABYDOGE,1,1726465502167,"Binance Will List First Neiro on Ethereum (NEIRO), Turbo (TURBO), and Baby Doge Coin (1MBABYDOGE) with Seed Tag Applied"
211431,futures_launch,NEIRO,1,1726475435843,Binance Futures Will Launch USDⓈ-Margined NEIROUSDT and 1MBABYDOGEUSDT Perpetual Contracts With up to 75x Leverage
211431,futures_launch,1MBABYDOGE,1,1726475435843,Binance Futures Will Launch USDⓈ-Margined NEIROUSDT and 1MBABYDOGEUSDT Perpetual Contracts With up to 75x Leverage
211457,product_add,NEIRO,1,1726479005742,"Binance Will Add First Neiro on Ethereum (NEIRO), Turbo (TURBO) and Baby Doge Coin (1MBABYDOGE) on Earn, Buy Crypto, Convert & Margin"
211457,product_add,TURBO,1,1726479005742,"Binance Will Add First Neiro on Ethereum (NEIRO), Turbo (TURBO) and Baby Doge Coin (1MBABYDOGE) on Earn, Buy Crypto, Convert & Margin"
211457,product_add,1MBABYDOGE,1,1726479005742,"Binance Will Add First Neiro on Ethereum (NEIRO), Turbo (TURBO) and Baby Doge Coin (1MBABYDOGE) on Earn, Buy Crypto, Convert & Margin"
211484,futures_launch,CATI,1,1726482602376,Binance Futures Will Launch USDⓈ-Margined CATIUSDT and HMSTRUSDT Perpetual Contracts With up to 75x Leverage
211484,futures_launch,HMSTR,1,1726482602376,Binance Futures Will Launch USDⓈ-Margined CATIUSDT and HMSTRUSDT Perpetual Contracts With up to 75x Leverage
211820,futures_launch,KDA,1,1726659001250,Binance Futures Will Launch USDⓈ-Margined KDAUSDT Perpetual Contract With up to 75x Leverage
211991,futures_launch,FIDA,1,1726741822746,Binance Futures Will Launch USDⓈ-Margined FIDAUSDT Perpetual Contract With up to 75x Leverage
212122,product_add,CATI,1,1726822804324,"Binance Will Add Catizen (CATI) on Earn, Buy Crypto, Convert & Margin"
212125,futures_launch,FIO,1,1726824612129,Binance Futures Will Launch USDⓈ-Margined FIOUSDT Perpetual Contract With up to 75x Leverage
212426,futures_launch,GHST,1,1727089206478,Binance Futures Will Launch USDⓈ-Margined GHSTUSDT Perpetual Contract With up to 75x Leverage
212504,futures_launch,LOKA,1,1727170211745,Binance Futures Will Launch USDⓈ-Margined LOKAUSDT Perpetual Contract With up to 75x Leverage
212774,product_add,HMSTR,1,1727350206921,"Binance Will Add Hamster Kombat (HMSTR) on Earn, Buy Crypto, Convert & Margin"
213035,futures_launch,REI,1,1727427603823,Binance Futures Will Launch USDⓈ-Margined REIUSDT Perpetual Contract With up to 75x Leverage
213198,spot_listing,EIGEN,1,1727684397115,Binance Will List EigenLayer (EIGEN) with Seed Tag Applied
213249,futures_launch,COS,1,1727692857877,Binance Futures Will Launch USDⓈ-Margined COSUSDT Perpetual Contract With up to 75x Leverage
213298,product_add,EIGEN,1,1727755206794,"Binance Will Add EigenLayer (EIGEN) on Earn, Buy Crypto, Convert, Margin & Futures"
213581,futures_launch,DIA,1,1727865144788,Binance Futures Will Launch USDⓈ-Margined DIAUSDT Perpetual Contract With up to 75x Leverage
214094,launchpool_airdrop,SCR,1,1728375333000,Introducing Scroll (SCR) on Binance Launchpool and Pre-Market!
214289,spot_listing,BNSOL,1,1728457213876,Binance Will List Binance Staked SOL (BNSOL) and Introduce BNSOL Boosted APR Promotion
214361,product_add,BNSOL,1,1728545405645,"Binance Will Add Binance Staked SOL (BNSOL) on Earn, Convert & Margin"
214941,product_add,LUMIA,1,1729240205707,"Binance Will Add Lumia (LUMIA) on Earn, Buy Crypto, Convert & Margin"
215164,futures_launch,1000CAT,1,1729506638455,Binance Futures Will Launch USDⓈ-Margined 1000CATUSDT Perpetual Contract With up to 75x Leverage
215222,product_add,SCR,1,1729585806416,"Binance Will Add Scroll (SCR) on Earn, Buy Crypto, Convert, Margin & Futures"
215319,spot_delist,IDRT,-1,1729666837062,"Binance Will Delist IDRT, KP3R, OOKI, UNFI on 2024-11-06"
215319,spot_delist,KP3R,-1,1729666837062,"Binance Will Delist IDRT, KP3R, OOKI, UNFI on 2024-11-06"
215319,spot_delist,OOKI,-1,1729666837062,"Binance Will Delist IDRT, KP3R, OOKI, UNFI on 2024-11-06"
215319,spot_delist,UNFI,-1,1729666837062,"Binance Will Delist IDRT, KP3R, OOKI, UNFI on 2024-11-06"
215677,futures_launch,GOAT,1,1729769672095,Binance Futures Will Launch USDⓈ-Margined GOATUSDT Perpetual Contract With up to 75x Leverage
215707,futures_launch,MOODENG,1,1729843231189,Binance Futures Will Launch USDⓈ-Margined MOODENGUSDT Perpetual Contract With up to 75x Leverage
215763,futures_launch,SAFE,1,1729852200674,Binance Futures Will Launch USDⓈ-Margined SAFEUSDT Perpetual Contract With up to 75x Leverage
215898,futures_launch,SANTOS,1,1730116800976,Binance Futures Will Launch USDⓈ-Margined SANTOSUSDT Perpetual Contract With up to 75x Leverage
216184,product_add,KAIA,1,1730359816080,"Binance Will Add Kaia (KAIA) on Earn, Buy Crypto, Convert, and Margin"
216263,futures_launch,TROY,1,1730372403363,Binance Futures Will Launch USDⓈ-Margined TROYUSDT Perpetual Contract With up to 75x Leverage
216392,futures_launch,PONKE,1,1730716223083,Binance Futures Will Launch USDⓈ-Margined PONKEUSDT Perpetual Contract With up to 75x Leverage
216473,spot_listing,COW,1,1730869807602,Binance Will List Cow Protocol (COW) and Cetus Protocol (CETUS) with Seed Tag Applied
216473,spot_listing,CETUS,1,1730869807602,Binance Will List Cow Protocol (COW) and Cetus Protocol (CETUS) with Seed Tag Applied
216599,product_add,COW,1,1730892607366,"Binance Will Add Cow Protocol (COW) and Cetus Protocol (CETUS) on Earn, Buy Crypto, Convert, Margin & Futures"
216599,product_add,CETUS,1,1730892607366,"Binance Will Add Cow Protocol (COW) and Cetus Protocol (CETUS) on Earn, Buy Crypto, Convert, Margin & Futures"
216744,futures_launch,1000000MOG,1,1730975333236,Binance Futures Will Launch USDⓈ-Margined 1000000MOGUSDT Perpetual Contract With up to 75x Leverage
216852,futures_launch,GRASS,1,1731074582460,"Binance Futures Will Launch USDⓈ-Margined GRASSUSDT, DRIFTUSDT, and SWELLUSDT Perpetual Contracts With up to 75x Leverage"
216852,futures_launch,DRIFT,1,1731074582460,"Binance Futures Will Launch USDⓈ-Margined GRASSUSDT, DRIFTUSDT, and SWELLUSDT Perpetual Contracts With up to 75x Leverage"
216852,futures_launch,SWELL,1,1731074582460,"Binance Futures Will Launch USDⓈ-Margined GRASSUSDT, DRIFTUSDT, and SWELLUSDT Perpetual Contracts With up to 75x Leverage"
216994,spot_listing,ACT,1,1731303569462,Binance Will List Act I : The AI Prophecy (ACT) and Peanut the Squirrel (PNUT) with Seed Tag Applied
216994,spot_listing,PNUT,1,1731303569462,Binance Will List Act I : The AI Prophecy (ACT) and Peanut the Squirrel (PNUT) with Seed Tag Applied
217041,product_add,ACT,1,1731317423797,"Binance Will Add Act I : The AI Prophecy (ACT) and Peanut the Squirrel (PNUT) on Earn, Buy Crypto, Convert, Margin & Futures"
217041,product_add,PNUT,1,1731317423797,"Binance Will Add Act I : The AI Prophecy (ACT) and Peanut the Squirrel (PNUT) on Earn, Buy Crypto, Convert, Margin & Futures"
217261,futures_launch,HIPPO,1,1731493800839,Binance Futures Will Launch USDⓈ-Margined HIPPOUSDT and 1000XUSDT Perpetual Contract With up to 75x Leverage
217261,futures_launch,1000X,1,1731493800839,Binance Futures Will Launch USDⓈ-Margined HIPPOUSDT and 1000XUSDT Perpetual Contract With up to 75x Leverage
217379,launchpool_airdrop,USUAL,1,1731569529354,Introducing Usual (USUAL) on Binance Launchpool and Pre-Market!
217499,futures_launch,DEGEN,1,1731663013144,Binance Futures Will Launch USDⓈ-Margined DEGENUSDT Perpetual Contract With up to 75x Leverage
217630,futures_launch,BAN,1,1731922212272,Binance Futures Will Launch USDⓈ-Margined BANUSDT and AKTUSDT Perpetual Contracts With up to 75x Leverage
217630,futures_launch,AKT,1,1731922212272,Binance Futures Will Launch USDⓈ-Margined BANUSDT and AKTUSDT Perpetual Contracts With up to 75x Leverage
217985,futures_launch,SLERF,1,1732181402071,Binance Futures Will Launch USDⓈ-Margined SLERFUSDT and SCRTUSDT Perpetual Contracts With up to 75x Leverage
217985,futures_launch,SCRT,1,1732181402071,Binance Futures Will Launch USDⓈ-Margined SLERFUSDT and SCRTUSDT Perpetual Contracts With up to 75x Leverage
218188,futures_launch,1000WHY,1,1732527302268,Binance Futures Will Launch USDⓈ-Margined 1000WHYUSDT and 1000CHEEMSUSDT Perpetual Contracts With up to 75x Leverage
218188,futures_launch,1000CHEEMS,1,1732527302268,Binance Futures Will Launch USDⓈ-Margined 1000WHYUSDT and 1000CHEEMSUSDT Perpetual Contracts With up to 75x Leverage
218294,launchpool_airdrop,THE,1,1732607852153,Introducing Thena (THE) on Binance HODLer Airdrops! Subscribe your BNB to Simple Earn
218253,spot_delist,GFT,-1,1732609814278,"Binance Will Delist GFT, IRIS, KEY, OAX, REN on 2024-12-10"
218253,spot_delist,IRIS,-1,1732609814278,"Binance Will Delist GFT, IRIS, KEY, OAX, REN on 2024-12-10"
218253,spot_delist,KEY,-1,1732609814278,"Binance Will Delist GFT, IRIS, KEY, OAX, REN on 2024-12-10"
218253,spot_delist,OAX,-1,1732609814278,"Binance Will Delist GFT, IRIS, KEY, OAX, REN on 2024-12-10"
218253,spot_delist,REN,-1,1732609814278,"Binance Will Delist GFT, IRIS, KEY, OAX, REN on 2024-12-10"
218444,product_add,THE,1,1732699831890,"Binance Will Add Thena (THE) on Earn, Buy Crypto, Convert, Margin & Futures"
218471,futures_launch,MORPHO,1,1732710701624,Binance Futures Will Launch USDⓈ-Margined MORPHOUSDT and CHILLGUYUSDT Perpetual Contracts With up to 75x Leverage
218471,futures_launch,CHILLGUY,1,1732710701624,Binance Futures Will Launch USDⓈ-Margined MORPHOUSDT and CHILLGUYUSDT Perpetual Contracts With up to 75x Leverage
218648,futures_delist,XEM,-1,1732852801809,"Binance Futures Will Delist USDⓈ-M XEMUSDT, ORBSUSDT and LOOMUSDT Perpetual Contracts (2024-12-09)"
218648,futures_delist,ORBS,-1,1732852801809,"Binance Futures Will Delist USDⓈ-M XEMUSDT, ORBSUSDT and LOOMUSDT Perpetual Contracts (2024-12-09)"
218648,futures_delist,LOOM,-1,1732852801809,"Binance Futures Will Delist USDⓈ-M XEMUSDT, ORBSUSDT and LOOMUSDT Perpetual Contracts (2024-12-09)"
219071,futures_launch,KAIA,1,1733313823583,Binance Futures Will Launch USDⓈ-Margined KAIAUSDT and AEROUSDT Perpetual Contracts With up to 75x Leverage
219071,futures_launch,AERO,1,1733313823583,Binance Futures Will Launch USDⓈ-Margined KAIAUSDT and AEROUSDT Perpetual Contracts With up to 75x Leverage
219234,futures_delist,MAVIA,-1,1733454004185,"Binance Futures Will Delist USDⓈ-M MAVIAUSDT, OMGUSDT, and BONDUSDT Perpetual Contracts (2024-12-16)"
219234,futures_delist,OMG,-1,1733454004185,"Binance Futures Will Delist USDⓈ-M MAVIAUSDT, OMGUSDT, and BONDUSDT Perpetual Contracts (2024-12-16)"
219234,futures_delist,BOND,-1,1733454004185,"Binance Futures Will Delist USDⓈ-M MAVIAUSDT, OMGUSDT, and BONDUSDT Perpetual Contracts (2024-12-16)"
219276,spot_listing,ACX,1,1733474058953,Binance Will List Across Protocol (ACX) and Orca (ORCA) with Seed Tag Applied
219276,spot_listing,ORCA,1,1733474058953,Binance Will List Across Protocol (ACX) and Orca (ORCA) with Seed Tag Applied
219327,product_add,ACX,1,1733488747249,"Binance Will Add Across Protocol (ACX) and Orca (ORCA) on Earn, Buy Crypto, Convert, Margin & Futures"
219327,product_add,ORCA,1,1733488747249,"Binance Will Add Across Protocol (ACX) and Orca (ORCA) on Earn, Buy Crypto, Convert, Margin & Futures"
219471,launchpool_airdrop,MOVE,1,1733732956897,Introducing Movement (MOVE) on Binance HODLer Airdrops! Subscribe your BNB to Simple Earn
219513,product_add,MOVE,1,1733746147487,"Binance Will Add Movement (MOVE) on Earn, Buy Crypto, Convert, Margin & Futures"
219677,spot_listing,ME,1,1733815340546,Binance Will List Magic Eden (ME) with Seed Tag Applied
219709,futures_launch,RAYSOL,1,1733822380056,"Binance Futures Will Launch USDⓈ-Margined RAYSOLUSDT, KOMAUSDT, VIRTUALUSDT, and SPXUSDT Perpetual Contracts With up to 75x Leverage"
219709,futures_launch,KOMA,1,1733822380056,"Binance Futures Will Launch USDⓈ-Margined RAYSOLUSDT, KOMAUSDT, VIRTUALUSDT, and SPXUSDT Perpetual Contracts With up to 75x Leverage"
219709,futures_launch,VIRTUAL,1,1733822380056,"Binance Futures Will Launch USDⓈ-Margined RAYSOLUSDT, KOMAUSDT, VIRTUALUSDT, and SPXUSDT Perpetual Contracts With up to 75x Leverage"
219709,futures_launch,SPX,1,1733822380056,"Binance Futures Will Launch USDⓈ-Margined RAYSOLUSDT, KOMAUSDT, VIRTUALUSDT, and SPXUSDT Perpetual Contracts With up to 75x Leverage"
219757,product_add,ME,1,1733841398159,"Binance Will Add Magic Eden (ME) on Earn, Buy Crypto, Convert, Margin & Futures"
220224,spot_listing,VELODROME,1,1734077277826,Binance Will List Velodrome Finance (VELODROME) with Seed Tag Applied
220274,launchpool_airdrop,VANA,1,1734080388395,Introducing Vana (VANA) on Binance Launchpool! Farm VANA by Locking BNB and FDUSD
220330,futures_launch,AVA,1,1734086380907,Binance Futures Will Launch USDⓈ-Margined AVAUSDT and DEGOUSDT Perpetual Contracts With up to 75x Leverage
220330,futures_launch,DEGO,1,1734086380907,Binance Futures Will Launch USDⓈ-Margined AVAUSDT and DEGOUSDT Perpetual Contracts With up to 75x Leverage
220356,product_add,VELODROME,1,1734096627605,"Binance Will Add Velodrome Finance (VELODROME) on Earn, Buy Crypto, Convert, Margin & Futures"
220594,futures_launch,MOCA,1,1734340783453,Binance Futures Will Launch USDⓈ-Margined MOCAUSDT Perpetual Contract With up to 75x Leverage
220591,product_add,VANA,1,1734346825106,"Binance Will Add Vana (VANA) on Earn, Buy Crypto, Convert, Margin & Futures"
220669,launchpool_airdrop,1000CAT,1,1734352605627,Introducing Simon's Cat (1000CAT) and Pudgy Penguins (PENGU) on Binance HODLer Airdrops!
220669,launchpool_airdrop,PENGU,1,1734352605627,Introducing Simon's Cat (1000CAT) and Pudgy Penguins (PENGU) on Binance HODLer Airdrops!
220761,product_add,1000CAT,1,1734424208879,"Binance Will Add Simon's Cat (1000CAT) and Pudgy Penguins (PENGU) on Earn, Buy Crypto, Convert, Margin & Futures"
220761,product_add,PENGU,1,1734424208879,"Binance Will Add Simon's Cat (1000CAT) and Pudgy Penguins (PENGU) on Earn, Buy Crypto, Convert, Margin & Futures"
220874,spot_delist,AKRO,-1,1734508872939,"Binance Will Delist AKRO, BLZ, WRX on 2024-12-25"
220874,spot_delist,BLZ,-1,1734508872939,"Binance Will Delist AKRO, BLZ, WRX on 2024-12-25"
220874,spot_delist,WRX,-1,1734508872939,"Binance Will Delist AKRO, BLZ, WRX on 2024-12-25"
221079,futures_launch,LUMIA,1,1734514149028,Binance Futures Will Launch USDⓈ-Margined LUMIAUSDT Perpetual Contract With up to 75x Leverage
221045,product_add,USUAL,1,1734517803199,"Binance Will Add Usual (USUAL) on Earn, Buy Crypto, Convert, Margin & Futures"
221412,futures_launch,AIXBT,1,1734710650493,"Binance Futures Will Launch USDⓈ-Margined AIXBTUSDT, FARTCOINUSDT, KMNOUSDT and CGPTUSDT Perpetual Contracts With up to 75x Leverage"
221412,futures_launch,FARTCOIN,1,1734710650493,"Binance Futures Will Launch USDⓈ-Margined AIXBTUSDT, FARTCOINUSDT, KMNOUSDT and CGPTUSDT Perpetual Contracts With up to 75x Leverage"
221412,futures_launch,KMNO,1,1734710650493,"Binance Futures Will Launch USDⓈ-Margined AIXBTUSDT, FARTCOINUSDT, KMNOUSDT and CGPTUSDT Perpetual Contracts With up to 75x Leverage"
221412,futures_launch,CGPT,1,1734710650493,"Binance Futures Will Launch USDⓈ-Margined AIXBTUSDT, FARTCOINUSDT, KMNOUSDT and CGPTUSDT Perpetual Contracts With up to 75x Leverage"
221532,futures_launch,HIVE,1,1734945318480,Binance Futures Will Launch USDⓈ-Margined HIVEUSDT Perpetual Contract With up to 75x Leverage
221560,launchpool_airdrop,BIO,1,1734949152975,Introducing BIO Protocol (BIO) on Binance Launchpool! Farm BIO by Locking BNB and FDUSD
221735,futures_launch,DEXE,1,1735031705604,Binance Futures Will Launch USDⓈ-Margined DEXEUSDT Perpetual Contract With up to 75x Leverage
221988,futures_launch,PHA,1,1735550106345,Binance Futures Will Launch USDⓈ-Margined PHAUSDT and DFUSDT Perpetual Contracts With up to 75x Leverage
221988,futures_launch,DF,1,1735550106345,Binance Futures Will Launch USDⓈ-Margined PHAUSDT and DFUSDT Perpetual Contracts With up to 75x Leverage
222012,launchpool_airdrop,SOLV,1,1735554177872,Introducing Solv Protocol (SOLV) on Binance Megadrop! Lock Your BNB and Complete Web3 Quests for Airdrop
222286,futures_launch,GRIFFAIN,1,1735815037626,"Binance Futures Will Launch USDⓈ-Margined GRIFFAINUSDT, AI16ZUSDT and ZEREBROUSDT Perpetual Contracts With up to 75x Leverage"
222286,futures_launch,AI16Z,1,1735815037626,"Binance Futures Will Launch USDⓈ-Margined GRIFFAINUSDT, AI16ZUSDT and ZEREBROUSDT Perpetual Contracts With up to 75x Leverage"
222286,futures_launch,ZEREBRO,1,1735815037626,"Binance Futures Will Launch USDⓈ-Margined GRIFFAINUSDT, AI16ZUSDT and ZEREBROUSDT Perpetual Contracts With up to 75x Leverage"
222488,product_add,BIO,1,1735896622068,"Binance Will Add BIO Protocol (BIO) on Earn, Buy Crypto, Convert, Margin & Futures"
222687,launchpool_airdrop,SOLV,1,1736148898028,Solv Protocol (SOLV) Megadrop Is Now Open: Subscribe to BNB Locked Products or Complete Web3 Quests to Participate!
222775,futures_launch,COOKIE,1,1736240280965,"Binance Futures Will Launch USDⓈ-Margined COOKIEUSDT, ALCHUSDT, and SWARMSUSDT Perpetual Contracts With up to 75x Leverage"
222775,futures_launch,ALCH,1,1736240280965,"Binance Futures Will Launch USDⓈ-Margined COOKIEUSDT, ALCHUSDT, and SWARMSUSDT Perpetual Contracts With up to 75x Leverage"
222775,futures_launch,SWARMS,1,1736240280965,"Binance Futures Will Launch USDⓈ-Margined COOKIEUSDT, ALCHUSDT, and SWARMSUSDT Perpetual Contracts With up to 75x Leverage"
222844,futures_launch,SONIC,1,1736312068898,Binance Futures Will Launch USDⓈ-Margined SONICUSDT Perpetual Contract With up to 75x Leverage
223089,spot_listing,AIXBT,1,1736499327639,"Binance Will List aixbt by Virtuals (AIXBT), ChainGPT(CGPT), Cookie DAO(COOKIE) with Seed Tag Applied"
223089,spot_listing,CGPT,1,1736499327639,"Binance Will List aixbt by Virtuals (AIXBT), ChainGPT(CGPT), Cookie DAO(COOKIE) with Seed Tag Applied"
223089,spot_listing,COOKIE,1,1736499327639,"Binance Will List aixbt by Virtuals (AIXBT), ChainGPT(CGPT), Cookie DAO(COOKIE) with Seed Tag Applied"
223117,product_add,AIXBT,1,1736512210013,"Binance Will Add aixbt by Virtuals (AIXBT), ChainGPT (CGPT) and Cookie DAO (COOKIE) on Earn, Buy Crypto, Convert & Margin"
223117,product_add,CGPT,1,1736512210013,"Binance Will Add aixbt by Virtuals (AIXBT), ChainGPT (CGPT) and Cookie DAO (COOKIE) on Earn, Buy Crypto, Convert & Margin"
223117,product_add,COOKIE,1,1736512210013,"Binance Will Add aixbt by Virtuals (AIXBT), ChainGPT (CGPT) and Cookie DAO (COOKIE) on Earn, Buy Crypto, Convert & Margin"
223426,futures_delist,REEF,-1,1736928006723,Binance Futures Will Delist and Update the Leverage & Margin Tiers of USDⓈ-M REEFUSDT Perpetual Contract (2025-01-22)
223488,futures_launch,PROM,1,1736937009822,Binance Futures Will Launch USDⓈ-Margined PROMUSDT Perpetual Contract With up to 75x Leverage
223751,product_add,SOLV,1,1737106205001,"Binance Will Add Solv Protocol (SOLV) on Earn, Buy Crypto, Convert, Margin & Futures"
223855,futures_launch,ARC,1,1737108423396,Binance Futures Will Launch USDⓈ-Margined ARCUSDT and AVAAIUSDT Perpetual Contracts With up to 25x Leverage
223855,futures_launch,AVAAI,1,1737108423396,Binance Futures Will Launch USDⓈ-Margined ARCUSDT and AVAAIUSDT Perpetual Contracts With up to 25x Leverage
223942,futures_launch,TRUMP,1,1737196991591,Binance Futures Will Launch USDⓈ-Margined TRUMPUSDT Perpetual Contract With up to 25x Leverage
223961,spot_listing,TRUMP,1,1737259542151,Binance Will List OFFICIAL TRUMP (TRUMP) with Seed Tag Applied
223988,product_add,TRUMP,1,1737274502690,"Binance Will Add OFFICIAL TRUMP (TRUMP) on Earn, Buy Crypto, Convert & Margin"
224099,futures_launch,MELANIA,1,1737356113731,Binance Futures Will Launch USDⓈ-Margined MELANIAUSDT Perpetual Contract With up to 25x Leverage
224401,futures_launch,VTHO,1,1737531016033,Binance Futures Will Launch USDⓈ-Margined VTHOUSDT Perpetual Contract With up to 75x Leverage
224502,launchpool_airdrop,ANIME,1,1737540163943,Introducing Animecoin (ANIME) on Binance HODLer Airdrops! Earn ANIME With Retroactive BNB Simple Earn Subscriptions
224557,product_add,ANIME,1,1737642618313,"Binance Will Add Animecoin (ANIME) on Earn, Buy Crypto, Convert, Margin & Futures"
224634,futures_launch,VINE,1,1737702606449,Binance Futures Will Launch USDⓈ-Margined VINEUSDT and PIPPINUSDT Perpetual Contracts With up to 25x Leverage
224634,futures_launch,PIPPIN,1,1737702606449,Binance Futures Will Launch USDⓈ-Margined VINEUSDT and PIPPINUSDT Perpetual Contracts With up to 25x Leverage
224864,futures_launch,VVV,1,1738129940129,Binance Futures Will Launch USDⓈ-Margined VVVUSDT Perpetual Contract With up to 25x Leverage
225175,launchpool_airdrop,BERA,1,1738757946573,Introducing Berachain (BERA) on Binance HODLer Airdrops! Earn BERA With Retroactive BNB Simple Earn Subscriptions
225224,product_add,BERA,1,1738845009657,"Binance Will Add Berachain (BERA) on Earn, Buy Crypto, Convert, Margin & Futures"
225296,spot_listing,1000CHEEMS,1,1739085031264,Binance Will List Cheems (1000CHEEMS) and Test (TST) with Seed Tag Applied
225296,spot_listing,TST,1,1739085031264,Binance Will List Cheems (1000CHEEMS) and Test (TST) with Seed Tag Applied
225322,product_add,1000CHEEMS,1,1739097008532,"Binance Will Add Cheems (1000CHEEMS) and Test (TST) on Earn, Buy Crypto, Convert, Margin & Futures"
225322,product_add,TST,1,1739097008532,"Binance Will Add Cheems (1000CHEEMS) and Test (TST) on Earn, Buy Crypto, Convert, Margin & Futures"
225484,launchpool_airdrop,LAYER,1,1739256209498,Introducing Solayer (LAYER) on Binance HODLer Airdrops! Subscribe your BNB to Simple Earn
225510,product_add,LAYER,1,1739280669974,"Binance Will Add Solayer (LAYER) on Earn, Buy Crypto, Convert, Margin & Futures"
225745,product_add,HEI,1,1739431808945,"Binance Will Add Heima (HEI) on Earn, Buy Crypto, Convert, Margin & Futures"
225801,futures_launch,B3,1,1739439910452,Binance Futures Will Launch USDⓈ-Margined B3USDT Perpetual Contract With up to 25x Leverage
225900,futures_launch,IP,1,1739459091469,Binance Futures Will Launch USDⓈ-Margined IPUSDT Perpetual Contract With up to 25x Leverage
226076,spot_delist,AMB,-1,1739775624287,"Binance Will Delist AMB, CLV, STMX, VITE on 2025-02-24"
226076,spot_delist,CLV,-1,1739775624287,"Binance Will Delist AMB, CLV, STMX, VITE on 2025-02-24"
226076,spot_delist,STMX,-1,1739775624287,"Binance Will Delist AMB, CLV, STMX, VITE on 2025-02-24"
226076,spot_delist,VITE,-1,1739775624287,"Binance Will Delist AMB, CLV, STMX, VITE on 2025-02-24"
226329,futures_launch,GPS,1,1739804936220,Binance Futures Will Launch USDⓈ-Margined GPSUSDT and SHELLUSDT Perpetual Contracts With up to 25x Leverage
226329,futures_launch,SHELL,1,1739804936220,Binance Futures Will Launch USDⓈ-Margined GPSUSDT and SHELLUSDT Perpetual Contracts With up to 25x Leverage
226651,launchpool_airdrop,KAITO,1,1739961066825,Introducing KAITO (KAITO) on Binance HODLer Airdrops! Earn KAITO With Retroactive BNB Simple Earn Subscriptions
226768,product_add,KAITO,1,1740054624762,"Binance Will Add KAITO (KAITO) on Earn, Buy Crypto, Convert, Margin & Futures"
227075,launchpool_airdrop,RED,1,1740474674392,Introducing RedStone (RED) on Binance Launchpool and Price Cap Mechanism for Binance Pre-Market
227335,launchpool_airdrop,SHELL,1,1740633320602,Introducing MyShell (SHELL) on Binance HODLer Airdrops! Earn SHELL With Retroactive BNB Simple Earn Subscriptions
227476,product_add,SHELL,1,1740659409887,"Binance Will Add MyShell (SHELL) on Earn, Buy Crypto, Convert & Margin"
227938,launchpool_airdrop,GPS,1,1741065531742,Introducing GoPlus Security (GPS) on Binance HODLer Airdrops! Earn GPS With Retroactive BNB Simple Earn Subscriptions
227998,product_add,GPS,1,1741091406409,"Binance Will Add GoPlus Security (GPS) on Earn, Buy Crypto, Convert & Margin"
228385,product_add,RED,1,1741275013807,"Binance Will Add RedStone (RED) on Earn, Buy Crypto, Convert, Margin & Futures"
229013,futures_launch,VIC,1,1741791567497,Binance Futures Will Launch USDⓈ-Margined VICUSDT Perpetual Contract With Up To 75x Leverage
229132,product_add,EPIC,1,1741851013944,"Binance Will Add Epic Chain (EPIC) on Earn, Buy Crypto, Convert, Margin & Futures"
229501,spot_listing,XUSD,1,1742194803529,Binance Will List StraitsX USD (XUSD) and Introduce XUSD Zero Trading Fee Promotion
229569,futures_launch,BMT,1,1742211060548,Binance Futures Will Launch USDⓈ-Margined BMTUSDT and MUBARAKUSDT Perpetual Contracts With up to 25x Leverage
229569,futures_launch,MUBARAK,1,1742211060548,Binance Futures Will Launch USDⓈ-Margined BMTUSDT and MUBARAKUSDT Perpetual Contracts With up to 25x Leverage
229691,launchpool_airdrop,BMT,1,1742291525581,Introducing Bubblemaps (BMT) on Binance HODLer Airdrops! Earn BMT With Retroactive BNB Simple Earn Subscriptions
229761,product_add,BMT,1,1742308228248,"Binance Will Add Bubblemaps (BMT) on Earn, Buy Crypto, Convert & Margin"
229923,product_add,XUSD,1,1742369411614,"Binance Will Add StraitsX USD (XUSD) and Four (FORM) on Earn, Buy Crypto, Margin, Convert & Futures"
229923,product_add,FORM,1,1742369411614,"Binance Will Add StraitsX USD (XUSD) and Four (FORM) on Earn, Buy Crypto, Margin, Convert & Futures"
230132,launchpool_airdrop,NIL,1,1742465679371,"Introducing Nillion (NIL) on Binance Launchpool! Farm NIL by Locking BNB, FDUSD, and USDC"
230166,spot_delist,AERGO,-1,1742536220352,"Binance Will Delist AERGO, AST, BURGER, COMBO, LINA on 2025-03-28"
230166,spot_delist,AST,-1,1742536220352,"Binance Will Delist AERGO, AST, BURGER, COMBO, LINA on 2025-03-28"
230166,spot_delist,BURGER,-1,1742536220352,"Binance Will Delist AERGO, AST, BURGER, COMBO, LINA on 2025-03-28"
230166,spot_delist,COMBO,-1,1742536220352,"Binance Will Delist AERGO, AST, BURGER, COMBO, LINA on 2025-03-28"
230166,spot_delist,LINA,-1,1742536220352,"Binance Will Delist AERGO, AST, BURGER, COMBO, LINA on 2025-03-28"
230352,futures_launch,BR,1,1742553975638,Binance Futures Will Launch USDⓈ-Margined BRUSDT and PLUMEUSDT Perpetual Contracts With up to 25x Leverage
230352,futures_launch,PLUME,1,1742553975638,Binance Futures Will Launch USDⓈ-Margined BRUSDT and PLUMEUSDT Perpetual Contracts With up to 25x Leverage
230595,product_add,NIL,1,1742819418720,"Binance Will Add Nillion (NIL) on Earn, Buy Crypto, Convert, Margin & Futures"
230645,launchpool_airdrop,PARTI,1,1742831808230,Introducing  Particle Network (PARTI) on Binance HODLer Airdrops! Earn PARTI With Retroactive BNB Simple Earn Subscriptions
230771,product_add,PARTI,1,1742905804808,"Binance Will Add Particle Network (PARTI) on Earn, Buy Crypto, Convert, Margin & Futures"
230941,futures_launch,JELLYJELLY,1,1743002170581,Binance Futures Will Launch USDⓈ-Margined JELLYJELLYUSDT and MAVIAUSDT Perpetual Contracts
230941,futures_launch,MAVIA,1,1743002170581,Binance Futures Will Launch USDⓈ-Margined JELLYJELLYUSDT and MAVIAUSDT Perpetual Contracts
230982,futures_launch,PAXG,1,1743059245182,Binance Futures Will Launch USDⓈ-Margined PAXGUSDT Perpetual Contract
231008,launchpool_airdrop,GUN,1,1743082161025,"Introducing GUNZ (GUN) on Binance Launchpool! Farm GUN by Locking BNB, FDUSD and USDC"
231037,futures_launch,WAL,1,1743083983691,Binance Futures Will Launch USDⓈ-Margined WALUSDT Perpetual Contract
231118,spot_listing,MUBARAK,1,1743096432114,"Binance Announced the First Batch of Vote to List Results and Will List Mubarak (MUBARAK), CZ'S Dog (BROCCOLI714), Tutorial (TUT), and Banana For Scale (BANANAS31) With Seed Tags Applied"
231118,spot_listing,BROCCOLI714,1,1743096432114,"Binance Announced the First Batch of Vote to List Results and Will List Mubarak (MUBARAK), CZ'S Dog (BROCCOLI714), Tutorial (TUT), and Banana For Scale (BANANAS31) With Seed Tags Applied"
231118,spot_listing,TUT,1,1743096432114,"Binance Announced the First Batch of Vote to List Results and Will List Mubarak (MUBARAK), CZ'S Dog (BROCCOLI714), Tutorial (TUT), and Banana For Scale (BANANAS31) With Seed Tags Applied"
231118,spot_listing,BANANAS31,1,1743096432114,"Binance Announced the First Batch of Vote to List Results and Will List Mubarak (MUBARAK), CZ'S Dog (BROCCOLI714), Tutorial (TUT), and Banana For Scale (BANANAS31) With Seed Tags Applied"
231408,futures_launch,FUN,1,1743404526565,Binance Futures Will Launch USDⓈ-Margined FUNUSDT and MLNUSDT Perpetual Contracts
231408,futures_launch,MLN,1,1743404526565,Binance Futures Will Launch USDⓈ-Margined FUNUSDT and MLNUSDT Perpetual Contracts
231436,product_add,GUN,1,1743424200000,"Binance Will Add GUNZ (GUN) on Earn, Buy Crypto, Convert, Margin & Futures"
231582,launchpool_airdrop,KERNEL,1,1743496977029,Introducing KernelDAO (KERNEL) on Binance Megadrop! Lock Your BNB and Complete Web3 Quests for Airdrop
231833,futures_launch,ATH,1,1743601087323,Binance Futures Will Launch USDⓈ-Margined ATHUSDT Perpetual Contract
232085,futures_launch,BABY,1,1743848691819,Binance Futures Will Launch USDⓈ-Margined BABYUSDT Perpetual Contract Pre-Market Trading
232324,launchpool_airdrop,KERNEL,1,1744081527591,KernelDAO (KERNEL) Megadrop Is Now Open: Subscribe to BNB Locked Products or Complete Web3 Quests to Participate!
232350,spot_delist,BADGER,-1,1744092007355,"Binance Announced the First Batch of Vote to Delist Results and Will Delist BADGER, BAL, BETA, CREAM, CTXC, ELF, FIRO, HARD, NULS, PROS, SNT, TROY, UFT, VIDT on 2025-04-16"
232350,spot_delist,BAL,-1,1744092007355,"Binance Announced the First Batch of Vote to Delist Results and Will Delist BADGER, BAL, BETA, CREAM, CTXC, ELF, FIRO, HARD, NULS, PROS, SNT, TROY, UFT, VIDT on 2025-04-16"
232350,spot_delist,BETA,-1,1744092007355,"Binance Announced the First Batch of Vote to Delist Results and Will Delist BADGER, BAL, BETA, CREAM, CTXC, ELF, FIRO, HARD, NULS, PROS, SNT, TROY, UFT, VIDT on 2025-04-16"
232350,spot_delist,CREAM,-1,1744092007355,"Binance Announced the First Batch of Vote to Delist Results and Will Delist BADGER, BAL, BETA, CREAM, CTXC, ELF, FIRO, HARD, NULS, PROS, SNT, TROY, UFT, VIDT on 2025-04-16"
232350,spot_delist,CTXC,-1,1744092007355,"Binance Announced the First Batch of Vote to Delist Results and Will Delist BADGER, BAL, BETA, CREAM, CTXC, ELF, FIRO, HARD, NULS, PROS, SNT, TROY, UFT, VIDT on 2025-04-16"
232350,spot_delist,ELF,-1,1744092007355,"Binance Announced the First Batch of Vote to Delist Results and Will Delist BADGER, BAL, BETA, CREAM, CTXC, ELF, FIRO, HARD, NULS, PROS, SNT, TROY, UFT, VIDT on 2025-04-16"
232350,spot_delist,FIRO,-1,1744092007355,"Binance Announced the First Batch of Vote to Delist Results and Will Delist BADGER, BAL, BETA, CREAM, CTXC, ELF, FIRO, HARD, NULS, PROS, SNT, TROY, UFT, VIDT on 2025-04-16"
232350,spot_delist,HARD,-1,1744092007355,"Binance Announced the First Batch of Vote to Delist Results and Will Delist BADGER, BAL, BETA, CREAM, CTXC, ELF, FIRO, HARD, NULS, PROS, SNT, TROY, UFT, VIDT on 2025-04-16"
232350,spot_delist,NULS,-1,1744092007355,"Binance Announced the First Batch of Vote to Delist Results and Will Delist BADGER, BAL, BETA, CREAM, CTXC, ELF, FIRO, HARD, NULS, PROS, SNT, TROY, UFT, VIDT on 2025-04-16"
232350,spot_delist,PROS,-1,1744092007355,"Binance Announced the First Batch of Vote to Delist Results and Will Delist BADGER, BAL, BETA, CREAM, CTXC, ELF, FIRO, HARD, NULS, PROS, SNT, TROY, UFT, VIDT on 2025-04-16"
232350,spot_delist,SNT,-1,1744092007355,"Binance Announced the First Batch of Vote to Delist Results and Will Delist BADGER, BAL, BETA, CREAM, CTXC, ELF, FIRO, HARD, NULS, PROS, SNT, TROY, UFT, VIDT on 2025-04-16"
232350,spot_delist,TROY,-1,1744092007355,"Binance Announced the First Batch of Vote to Delist Results and Will Delist BADGER, BAL, BETA, CREAM, CTXC, ELF, FIRO, HARD, NULS, PROS, SNT, TROY, UFT, VIDT on 2025-04-16"
232350,spot_delist,UFT,-1,1744092007355,"Binance Announced the First Batch of Vote to Delist Results and Will Delist BADGER, BAL, BETA, CREAM, CTXC, ELF, FIRO, HARD, NULS, PROS, SNT, TROY, UFT, VIDT on 2025-04-16"
232350,spot_delist,VIDT,-1,1744092007355,"Binance Announced the First Batch of Vote to Delist Results and Will Delist BADGER, BAL, BETA, CREAM, CTXC, ELF, FIRO, HARD, NULS, PROS, SNT, TROY, UFT, VIDT on 2025-04-16"
232377,futures_launch,FORTH,1,1744093268604,Binance Futures Will Launch USDⓈ-Margined FORTHUSDT Perpetual Contract
232630,launchpool_airdrop,BABY,1,1744188137154,Introducing Babylon (BABY) on Binance HODLer Airdrops! Earn BABY With Retroactive BNB Simple Earn Subscriptions
232923,launchpool_airdrop,WCT,1,1744280106069,"Introducing WalletConnect (WCT) on Binance Launchpool! Farm WCT by Locking BNB, FDUSD and USDC"
232936,product_add,BABY,1,1744281003357,"Binance Will Add Babylon (BABY) on Earn, Buy Crypto, Convert, Margin & Futures"
233024,futures_launch,PROMPT,1,1744346116906,Binance Futures Will Launch USDⓈ-Margined PROMPTUSDT Perpetual Contract
233046,spot_listing,ONDO,1,1744366114456,"Binance Announced the Second Batch of Vote to List Results and Will List Ondo (ONDO), Big Time (BIGTIME), and Virtuals Protocol (VIRTUAL) With Seed Tags Applied"
233046,spot_listing,BIGTIME,1,1744366114456,"Binance Announced the Second Batch of Vote to List Results and Will List Ondo (ONDO), Big Time (BIGTIME), and Virtuals Protocol (VIRTUAL) With Seed Tags Applied"
233046,spot_listing,VIRTUAL,1,1744366114456,"Binance Announced the Second Batch of Vote to List Results and Will List Ondo (ONDO), Big Time (BIGTIME), and Virtuals Protocol (VIRTUAL) With Seed Tags Applied"
233080,futures_launch,XCN,1,1744377313517,Binance Futures Will Launch USDⓈ-Margined XCNUSDT Perpetual Contract
233299,product_add,KERNEL,1,1744630214007,"Binance Will Add KernelDAO (KERNEL) on Earn, Buy Crypto, Convert, Margin & Futures"
233520,product_add,WCT,1,1744713006093,"Binance Will Add WalletConnect (WCT) on Earn, Buy Crypto, Convert, Margin & Futures"
233613,futures_launch,INIT,1,1744773363448,Binance Futures Will Launch USDⓈ-Margined INITUSDT Perpetual Contract Pre-Market Trading
233688,futures_launch,AERGO,1,1744789658622,Binance Futures Will Launch USDⓈ-Margined AERGOUSDT Perpetual Contract
233811,launchpool_airdrop,INIT,1,1744880399889,"Introducing Initia (INIT) on Binance Launchpool! Farm INIT by Locking BNB, FDUSD and USDC"
233997,futures_launch,BANK,1,1744995823178,Binance Futures Will Launch USDⓈ-Margined BANKUSDT Perpetual Contract
234182,launchpool_airdrop,HYPER,1,1745248311577,Introducing Hyperlane (HYPER) on Binance HODLer Airdrops! Earn HYPER With Retroactive BNB Simple Earn Subscriptions
234258,futures_launch,DEEP,1,1745304689224,Binance Futures Will Launch USDⓈ-Margined DEEPUSDT Perpetual Contract
234281,product_add,HYPER,1,1745325006013,"Binance Will Add Hyperlane (HYPER) on Earn, Buy Crypto, Convert, Margin & Futures"
234413,spot_delist,ALPACA,-1,1745467205257,"Binance Will Delist ALPACA, PDA, VIB, WING on 2025-05-02"
234413,spot_delist,PDA,-1,1745467205257,"Binance Will Delist ALPACA, PDA, VIB, WING on 2025-05-02"
234413,spot_delist,VIB,-1,1745467205257,"Binance Will Delist ALPACA, PDA, VIB, WING on 2025-05-02"
234413,spot_delist,WING,-1,1745467205257,"Binance Will Delist ALPACA, PDA, VIB, WING on 2025-05-02"
234447,product_add,INIT,1,1745490628424,"Binance Will Add Initia (INIT) on Earn, Buy Crypto, Convert, Margin & Futures"
234561,futures_launch,MEMEFI,1,1745557375191,Binance Futures Will Launch USDⓈ-Margined MEMEFIUSDT and FISUSDT Perpetual Contracts
234561,futures_launch,FIS,1,1745557375191,Binance Futures Will Launch USDⓈ-Margined MEMEFIUSDT and FISUSDT Perpetual Contracts
234625,launchpool_airdrop,SIGN,1,1745573715532,Introducing Sign (SIGN) on Binance HODLer Airdrops! Earn SIGN With Retroactive BNB Simple Earn Subscriptions
234861,futures_launch,JST,1,1745825387253,Binance Futures Will Launch USDⓈ-Margined JSTUSDT Perpetual Contract
234882,product_add,SIGN,1,1745836217031,"Binance Will Add Sign (SIGN) on Earn, Buy Crypto, Convert, Margin & Futures"
235151,futures_launch,PUNDIX,1,1746001831246,Binance Futures Will Launch USDⓈ-Margined PUNDIXUSDT and CTKUSDT Perpetual Contracts
235151,futures_launch,CTK,1,1746001831246,Binance Futures Will Launch USDⓈ-Margined PUNDIXUSDT and CTKUSDT Perpetual Contracts
235168,futures_launch,AIOT,1,1746010079248,"Binance Futures Will Launch USDⓈ-Margined AIOTUSDT, DOLOUSDT and HAEDALUSDT Perpetual Contracts"
235168,futures_launch,DOLO,1,1746010079248,"Binance Futures Will Launch USDⓈ-Margined AIOTUSDT, DOLOUSDT and HAEDALUSDT Perpetual Contracts"
235168,futures_launch,HAEDAL,1,1746010079248,"Binance Futures Will Launch USDⓈ-Margined AIOTUSDT, DOLOUSDT and HAEDALUSDT Perpetual Contracts"
235358,futures_launch,SXT,1,1746162129497,Binance Futures Will Launch USDⓈ-Margined SXTUSDT Perpetual Contract Pre-Market Trading
235375,launchpool_airdrop,STO,1,1746181282511,Introducing StakeStone (STO) on Binance HODLer Airdrops! Earn STO With Retroactive BNB Simple Earn Subscriptions
235414,product_add,STO,1,1746199805635,"Binance Will Add StakeStone (STO) on Earn, Buy Crypto, Convert & Margin"
235513,launchpool_airdrop,SXT,1,1746454453299,"Introducing Space and Time (SXT) on Binance Launchpool! Farm SXT by Locking BNB, FDUSD and USDC"
235580,futures_launch,ASR,1,1746517100916,Binance Futures Will Launch USDⓈ-Margined ASRUSDT and ALPINEUSDT Perpetual Contracts
235580,futures_launch,ALPINE,1,1746517100916,Binance Futures Will Launch USDⓈ-Margined ASRUSDT and ALPINEUSDT Perpetual Contracts
235597,futures_launch,B2,1,1746523744451,Binance Futures Will Launch USDⓈ-Margined B2USDT and MILKUSDT Perpetual Contracts
235597,futures_launch,MILK,1,1746523744451,Binance Futures Will Launch USDⓈ-Margined B2USDT and MILKUSDT Perpetual Contracts
235614,spot_listing,SYRUP,1,1746530720814,Binance Will List Maple Finance (SYRUP) and Kamino Finance (KMNO) with Seed Tag Applied
235614,spot_listing,KMNO,1,1746530720814,Binance Will List Maple Finance (SYRUP) and Kamino Finance (KMNO) with Seed Tag Applied
235642,product_add,SYRUP,1,1746542703554,"Binance Will Add Maple Finance (SYRUP) and Kamino Finance (KMNO) on Earn, Buy Crypto, Convert, Margin & Futures"
235642,product_add,KMNO,1,1746542703554,"Binance Will Add Maple Finance (SYRUP) and Kamino Finance (KMNO) on Earn, Buy Crypto, Convert, Margin & Futures"
235952,product_add,SXT,1,1746707403865,"Binance Will Add Space and Time (SXT) on Earn, Buy Crypto, Convert, Margin & Futures"
236234,futures_launch,ZKJ,1,1747121660623,Binance Futures Will Launch USDⓈ-Margined ZKJUSDT and SKYAIUSDT Perpetual Contracts
236234,futures_launch,SKYAI,1,1747121660623,Binance Futures Will Launch USDⓈ-Margined ZKJUSDT and SKYAIUSDT Perpetual Contracts
236386,launchpool_airdrop,NXPC,1,1747283790122,Introducing Nexpace (NXPC) on Binance HODLer Airdrops! Earn NXPC With Retroactive BNB Simple Earn Subscriptions
236408,product_add,NXPC,1,1747292402665,"Binance Will Add Nexpace (NXPC) on Earn, Buy Crypto, Convert & Margin"
236626,futures_launch,CVC,1,1747377375939,Binance Futures Will Launch USDⓈ-Margined CVCUSDT Perpetual Contract
236817,futures_launch,AGT,1,1747728862110,Binance Futures Will Launch USDⓈ-Margined AGTUSDT Perpetual Contract
236908,product_add,AWE,1,1747812600000,"Binance Will Add AWE Network (AWE) on Earn, Buy Crypto, Convert, Margin & Futures"
237038,launchpool_airdrop,HAEDAL,1,1747821855575,Introducing Haedal Protocol (HAEDAL) on Binance HODLer Airdrops! Earn HAEDAL With Retroactive BNB Simple Earn Subscriptions
237062,product_add,HAEDAL,1,1747837809840,"Binance Will Add Haedal Protocol (HAEDAL) on Earn, Buy Crypto, Convert & Margin"
237117,spot_listing,USD1,1,1747884601965,Binance Will List World Liberty Financial USD (USD1)
237144,launchpool_airdrop,HUMA,1,1747910776085,"Introducing Huma Finance (HUMA) on Binance Launchpool! Farm HUMA by Locking BNB, FDUSD, and USDC"
237147,product_add,USD1,1,1747913410130,"Binance Will Add World Liberty Financial USD (USD1) on Earn, Buy Crypto, Convert & Margin"
237235,futures_launch,SOON,1,1747979386806,Binance Futures Will Launch USDⓈ-Margined SOONUSDT Perpetual Contract
237406,product_add,HUMA,1,1748262601620,"Binance Will Add Huma Finance (HUMA) on Earn, Buy Crypto, Convert, Margin & Futures"
237571,launchpool_airdrop,SOPH,1,1748416616367,Introducing Sophon (SOPH) on Binance HODLer Airdrops! Earn SOPH With Retroactive BNB Simple Earn Subscriptions
237629,futures_launch,MERL,1,1748428430236,Binance Futures Will Launch USDⓈ-Margined MERLUSDT Perpetual Contract
237646,product_add,SOPH,1,1748435408399,"Binance Will Add Sophon (SOPH) on Earn, Buy Crypto, Convert & Margin"
237844,futures_launch,HYPE,1,1748594200290,Binance Futures Will Launch USDⓈ-Margined HYPEUSDT Perpetual Contract
238037,futures_launch,PUFFER,1,1748942076886,Binance Futures Will Launch USDⓈ-Margined PUFFERUSDT and PORT3USDT Perpetual Contracts
238037,futures_launch,PORT3,1,1748942076886,Binance Futures Will Launch USDⓈ-Margined PUFFERUSDT and PORT3USDT Perpetual Contracts
238227,futures_launch,1000000BOB,1,1749034064967,Binance Futures Will Launch USDⓈ-Margined 1000000BOBUSDT Perpetual Contract (2025-06-05)
238317,futures_launch,LA,1,1749103589514,Binance Futures Will Launch USDⓈ-Margined LAUSDT Perpetual Contract (2025-06-05)
238621,futures_launch,TAIKO,1,1749636920919,Binance Futures Will Launch USDⓈ-Margined TAIKOUSDT and SQDUSDT Perpetual Contracts (2025-06-11)
238621,futures_launch,SQD,1,1749636920919,Binance Futures Will Launch USDⓈ-Margined TAIKOUSDT and SQDUSDT Perpetual Contracts (2025-06-11)
238624,launchpool_airdrop,RESOLV,1,1749637480844,Introducing Resolv (RESOLV) on Binance HODLer Airdrops! Earn RESOLV With Retroactive BNB Simple Earn Subscriptions
238684,product_add,RESOLV,1,1749650407958,"Binance Will Add Resolv (RESOLV) on Earn, Buy Crypto, Convert & Margin"
238750,launchpool_airdrop,HOME,1,1749726284075,Introducing Defi App (HOME) on Binance HODLer Airdrops! Earn HOME With Retroactive BNB Simple Earn Subscriptions
238790,product_add,HOME,1,1749738616584,"Binance Will Add Defi App (HOME) on Earn, Buy Crypto, Convert & Margin"
238985,launchpool_airdrop,SPK,1,1750073600186,Introducing Spark (SPK) on Binance HODLer Airdrops! Earn SPK With Retroactive BNB Simple Earn Subscriptions
239073,product_add,SPK,1,1750149010662,"Binance Will Add Spark (SPK) on Earn, Buy Crypto, Convert, Margin & Futures"
239269,futures_launch,MYX,1,1750240261749,Binance Futures Will Launch USDⓈ-Margined MYXUSDT and FUSDT Perpetual Contracts (2025-06-18)
239360,futures_launch,NEWT,1,1750330896672,Binance Futures Will Launch USDⓈ-Margined NEWTUSDT Perpetual Contract Pre-Market Trading
239614,launchpool_airdrop,NEWT,1,1750687699878,Introducing Newton Protocol (NEWT) on Binance HODLer Airdrops! Earn NEWT With Retroactive BNB Simple Earn Subscriptions
239697,product_add,NEWT,1,1750771801368,"Binance Will Add Newton Protocol (NEWT) on Earn, Buy Crypto, Convert, Margin & Futures"
239722,launchpool_airdrop,SAHARA,1,1750775352649,Introducing Sahara AI (SAHARA) on Binance HODLer Airdrops! Earn SAHARA With Retroactive BNB Simple Earn Subscriptions
239914,futures_launch,OL,1,1750843841537,Binance Futures Will Launch USDⓈ-Margined OLUSDT Perpetual Contract (2025-06-25)
239906,spot_delist,ALPHA,-1,1750921209887,"Binance Will Delist ALPHA, BSW, KMD, LEVER, LTO on 2025-07-04"
239906,spot_delist,BSW,-1,1750921209887,"Binance Will Delist ALPHA, BSW, KMD, LEVER, LTO on 2025-07-04"
239906,spot_delist,KMD,-1,1750921209887,"Binance Will Delist ALPHA, BSW, KMD, LEVER, LTO on 2025-07-04"
239906,spot_delist,LEVER,-1,1750921209887,"Binance Will Delist ALPHA, BSW, KMD, LEVER, LTO on 2025-07-04"
239906,spot_delist,LTO,-1,1750921209887,"Binance Will Delist ALPHA, BSW, KMD, LEVER, LTO on 2025-07-04"
240045,product_add,SAHARA,1,1750937414029,"Binance Will Add Sahara AI (SAHARA) on Earn, Buy Crypto, Convert, Margin & Futures"
240581,futures_launch,BULLA,1,1751613087864,Binance Futures Will Launch USDⓈ-Margined BULLAUSDT and IDOLUSDT Perpetual Contracts (2025-07-04)
240581,futures_launch,IDOL,1,1751613087864,Binance Futures Will Launch USDⓈ-Margined BULLAUSDT and IDOLUSDT Perpetual Contracts (2025-07-04)
240941,launchpool_airdrop,LA,1,1752055095037,Introducing Lagrange (LA) on Binance HODLer Airdrops! Earn LA With Retroactive BNB Simple Earn Subscriptions
240992,futures_launch,PUMP,1,1752069921466,Binance Futures Will Launch USDⓈ-Margined PUMPUSDT Perpetual Contract Pre-Market Trading (2025-07-10)
240989,product_add,LA,1,1752075005984,"Binance Will Add Lagrange (LA) on Earn, Buy Crypto, Convert & Margin"
241089,futures_launch,CROSS,1,1752131886205,Binance Futures Will Launch USDⓈ-Margined CROSSUSDT and AINUSDT Perpetual Contracts (2025-07-10)
241089,futures_launch,AIN,1,1752131886205,Binance Futures Will Launch USDⓈ-Margined CROSSUSDT and AINUSDT Perpetual Contracts (2025-07-10)
241502,futures_launch,VELVET,1,1752561737837,Binance Futures Will Launch USDⓈ-Margined CUSDT and VELVETUSDT Perpetual Contracts (2025-07-15)
241637,launchpool_airdrop,ERA,1,1752656290021,Introducing Caldera (ERA) on Binance HODLer Airdrops! Earn ERA With Retroactive BNB Simple Earn Subscriptions
241743,product_add,ERA,1,1752764627134,"Binance Will Add Caldera (ERA) on Earn, Buy Crypto, Convert, Margin & Futures"
242340,futures_launch,CVX,1,1753250402225,"Binance Futures Will Launch USDⓈ-Margined PENGUUSDC, CVXUSDT and SLPUSDT Perpetual Contracts (2025-07-23)"
242340,futures_launch,SLP,1,1753250402225,"Binance Futures Will Launch USDⓈ-Margined PENGUUSDC, CVXUSDT and SLPUSDT Perpetual Contracts (2025-07-23)"
242562,futures_launch,ZORA,1,1753436738982,Binance Futures Will Launch USDⓈ-Margined ZORAUSDT and TAGUSDT Perpetual Contracts (2025-07-25)
242562,futures_launch,TAG,1,1753436738982,Binance Futures Will Launch USDⓈ-Margined ZORAUSDT and TAGUSDT Perpetual Contracts (2025-07-25)
242749,launchpool_airdrop,TREE,1,1753709411683,Introducing Treehouse (TREE) on Binance HODLer Airdrops! Earn TREE With Retroactive BNB Simple Earn Subscriptions
242856,futures_launch,ZRC,1,1753775200881,Binance Futures Will Launch USDⓈ-Margined ZRCUSDT and ESPORTSUSDT Perpetual Contracts (2025-07-29)
242856,futures_launch,ESPORTS,1,1753775200881,Binance Futures Will Launch USDⓈ-Margined ZRCUSDT and ESPORTSUSDT Perpetual Contracts (2025-07-29)
242923,product_add,TREE,1,1753795801416,"Binance Will Add Treehouse (TREE) on Earn, Buy Crypto, Convert, Margin & Futures"
243031,product_add,A2Z,1,1753860609470,"Binance Will Add Arena-Z (A2Z) on Earn, Buy Crypto, Convert, Margin & Futures"
243548,launchpool_airdrop,TOWNS,1,1754298775552,Introducing Towns (TOWNS) on Binance HODLer Airdrops! Earn TOWNS With Retroactive BNB Simple Earn Subscriptions
243681,launchpool_airdrop,PROVE,1,1754359157964,Introducing Succinct (PROVE) on Binance HODLer Airdrops! Earn PROVE With Retroactive BNB Simple Earn Subscriptions
243897,product_add,TOWNS,1,1754402404202,"Binance Will Add Towns (TOWNS) and Succinct (PROVE) on Earn, Buy Crypto, Convert, Margin & Futures"
243897,product_add,PROVE,1,1754402404202,"Binance Will Add Towns (TOWNS) and Succinct (PROVE) on Earn, Buy Crypto, Convert, Margin & Futures"
244031,futures_delist,DEFI,-1,1754465406291,Binance Futures Will Delist USDⓈ-M DEFIUSDT and MEMEFI Perpetual Contracts (2025-08-11)
244112,futures_launch,YALA,1,1754578630733,Binance Futures Will Launch USDⓈ-Margined YALAUSDT and CARVUSDT Perpetual Contracts (2025-08-07)
244112,futures_launch,CARV,1,1754578630733,Binance Futures Will Launch USDⓈ-Margined YALAUSDT and CARVUSDT Perpetual Contracts (2025-08-07)
244545,futures_launch,AIO,1,1755078048874,Binance Futures Will Launch USDⓈ-Margined AIOUSDT and XNYUSDT Perpetual Contracts (2025-08-13)
244545,futures_launch,XNY,1,1755078048874,Binance Futures Will Launch USDⓈ-Margined AIOUSDT and XNYUSDT Perpetual Contracts (2025-08-13)
244879,futures_launch,USELESS,1,1755254813989,Binance Futures Will Launch USDⓈ-Margined USELESSUSDT Perpetual Contract (2025-08-15)
245107,launchpool_airdrop,PLUME,1,1755509766933,Introducing Plume (PLUME) on Binance HODLer Airdrops! Earn PLUME With Retroactive BNB Simple Earn Subscriptions
245137,product_add,PLUME,1,1755527408023,"Binance Will Add Plume (PLUME) on Earn, Buy Crypto, Convert & Margin"
245340,futures_launch,CUDIS,1,1755683297734,Binance Futures Will Launch USDⓈ-Margined CUDISUSDT Perpetual Contract (2025-08-20)
245568,futures_launch,XPL,1,1755851403071,Binance Futures Will Launch USDⓈ-Margined XPLUSDT Perpetual Contract Pre-Market Trading (2025-08-22)
245589,futures_launch,WLFI,1,1755936934030,Binance Futures Will Launch USDⓈ-Margined WLFIUSDT Perpetual Contract Pre-Market Trading (2025-08-23)
245717,futures_launch,SOMI,1,1756113319791,Binance Futures Will Launch USDⓈ-Margined SOMIUSDT Perpetual Contract Pre-Market Trading (2025-08-25)
245845,futures_launch,BAS,1,1756210369262,Binance Futures Will Launch USDⓈ-Margined BASUSDT Perpetual Contract (2025-08-26)
245995,launchpool_airdrop,DOLO,1,1756291402012,Introducing Dolomite (DOLO) on Binance HODLer Airdrops! Earn DOLO With Retroactive BNB Simple Earn Subscriptions
246047,product_add,DOLO,1,1756308601265,"Binance Will Add Dolomite (DOLO) on Earn, Buy Crypto, Convert & Margin"
246221,launchpool_airdrop,MITO,1,1756458957261,Introducing Mitosis (MITO) on Binance HODLer Airdrops! Earn MITO With Retroactive BNB Simple Earn Subscriptions
246267,futures_delist,LEVER,-1,1756465212480,Binance Futures Will Delist USDⓈ-M LEVERUSDT Perpetual Contract (2025-09-03)
246284,product_add,MITO,1,1756479601300,"Binance Will Add Mitosis (MITO) on Earn, Buy Crypto, Convert & Margin"
246375,spot_listing,WLFI,1,1756691345082,Binance Will List  World Liberty Financial (WLFI) with Seed Tag Applied
246589,futures_launch,LINEA,1,1756714503712,Binance Futures Will Launch USDⓈ-Margined LINEAUSDT Perpetual Contract Pre-Market Trading (2025-09-01)
246628,launchpool_airdrop,SOMI,1,1756717172790,Introducing Somnia (SOMI) on Binance HODLer Airdrops! Earn SOMI With Retroactive BNB Simple Earn Subscriptions
246657,product_add,WLFI,1,1756729808062,"Binance Will Add World Liberty Financial (WLFI) on Earn, Buy Crypto, Convert, Margin & Futures"
246750,product_add,SOMI,1,1756821601389,"Binance Will Add Somnia (SOMI) on Earn, Buy Crypto, Convert, Margin & Futures"
246714,spot_delist,BAKE,-1,1756868394550,"Binance Will Delist BAKE, HIFI, SLF on 2025-09-17"
246714,spot_delist,HIFI,-1,1756868394550,"Binance Will Delist BAKE, HIFI, SLF on 2025-09-17"
246714,spot_delist,SLF,-1,1756868394550,"Binance Will Delist BAKE, HIFI, SLF on 2025-09-17"
246954,futures_launch,ARIA,1,1756892990539,Binance Futures Will Launch USDⓈ-Margined ARIAUSDT and TAKEUSDT Perpetual Contracts (2025-09-03)
246954,futures_launch,TAKE,1,1756892990539,Binance Futures Will Launch USDⓈ-Margined ARIAUSDT and TAKEUSDT Perpetual Contracts (2025-09-03)
247186,launchpool_airdrop,OPEN,1,1757056711526,Introducing OpenLedger (OPEN) on Binance HODLer Airdrops! Earn OPEN With Retroactive BNB Simple Earn Subscriptions
247385,product_add,OPEN,1,1757334601275,"Binance Will Add OpenLedger (OPEN) on Earn, Buy Crypto, Convert, Margin & Futures"
247412,launchpool_airdrop,LINEA,1,1757341569314,Introducing Linea (LINEA) on Binance HODLer Airdrops! Earn LINEA With Retroactive BNB Simple Earn Subscriptions
247470,futures_launch,FLOCK,1,1757395717523,Binance Futures Will Launch USDⓈ-Margined FLOCKUSDT and SKYUSDT Perpetual Contracts (2025-09-09)
247470,futures_launch,SKY,1,1757395717523,Binance Futures Will Launch USDⓈ-Margined FLOCKUSDT and SKYUSDT Perpetual Contracts (2025-09-09)
247488,spot_listing,USDE,1,1757401201439,Binance Will List Ethena USDe (USDE)
247591,product_add,USDE,1,1757417401844,"Binance Will Add USDe (USDE) on Buy Crypto, Convert & Margin"
247795,launchpool_airdrop,HOLO,1,1757481119424,Introducing Holoworld AI (HOLO) on Binance HODLer Airdrops! Earn HOLO With Retroactive BNB Simple Earn Subscriptions
247902,futures_delist,BSW,-1,1757499283992,Binance Futures Will Delist USDⓈ-M BSWUSDT Perpetual Contract (2025-09-15)
247922,product_add,LINEA,1,1757518200000,"Binance Will Add Linea (LINEA) on Earn, Buy Crypto, Convert, Margin & Futures"
247970,product_add,HOLO,1,1757590207408,"Binance Will Add Holoworld AI (HOLO) on Earn, Buy Crypto, Convert, Margin & Futures"
247982,spot_listing,PUMP,1,1757590673797,Binance Will List Pump.fun (PUMP) with Seed Tag Applied
248007,product_add,PUMP,1,1757592918590,"Binance Will Add Pump.fun (PUMP) on Earn, Buy Crypto, Convert & Margin"
248128,futures_launch,XPIN,1,1757659854421,Binance Futures Will Launch USDⓈ-Margined XPINUSDT Perpetual Contract (2025-09-12)
248196,launchpool_airdrop,ZKC,1,1757671053626,Introducing Boundless (ZKC) on Binance HODLer Airdrops! Earn ZKC With Retroactive BNB Simple Earn Subscriptions
248335,spot_listing,AVNT,1,1757908021934,Binance Will List Avantis (AVNT) with Seed Tag Applied
248360,product_add,AVNT,1,1757910638226,"Binance Will Add Avantis (AVNT) on Earn, Buy Crypto, Convert & Margin"
248466,product_add,ZKC,1,1757943007500,"Binance Will Add Boundless (ZKC) on Earn, Buy Crypto, Convert, Margin & Futures"
248699,futures_launch,TOSHI,1,1758080688953,Binance Futures Will Launch USDⓈ-Margined TOSHIUSDT and STBLUSDT Perpetual Contracts (2025-09-17)
248699,futures_launch,STBL,1,1758080688953,Binance Futures Will Launch USDⓈ-Margined TOSHIUSDT and STBLUSDT Perpetual Contracts (2025-09-17)
248775,product_add,SKY,1,1758094201400,"Binance Will Add Sky (SKY) on Earn, Buy Crypto, Convert & Margin"
248842,futures_delist,ALPHA,-1,1758098727976,Binance Futures Will Delist USDⓈ-M ALPHAUSDT Perpetual Contract (2025-09-23)
248896,launchpool_airdrop,BARD,1,1758103070745,Introducing Lombard (BARD) on Binance HODLer Airdrops! Earn BARD With Retroactive BNB Simple Earn Subscriptions
248974,futures_launch,0G,1,1758123035501,Binance Futures Will Launch USDⓈ-Margined 0GUSDT Perpetual Contract Pre-Market Trading (2025-09-17)
249112,product_add,BARD,1,1758191419413,"Binance Will Add Lombard (BARD) on Earn, Buy Crypto, Convert, Margin & Futures"
249344,futures_launch,ASTER,1,1758279475276,Binance Futures Will Launch USDⓈ-Margined ASTERUSDT and TRADOORUSDT Perpetual Contracts (2025-09-19)
249344,futures_launch,TRADOOR,1,1758279475276,Binance Futures Will Launch USDⓈ-Margined ASTERUSDT and TRADOORUSDT Perpetual Contracts (2025-09-19)
249383,launchpool_airdrop,0G,1,1758445097740,Introducing 0G (0G) on Binance HODLer Airdrops! Earn 0G With Retroactive BNB Simple Earn Subscriptions
249475,futures_delist,NEIROETH,-1,1758526202610,Binance Futures Will Delist USDⓈ-M NEIROETHUSDT Perpetual Contract (2025-09-26)
249541,product_add,0G,1,1758533406451,"Binance Will Add 0G (0G) on Earn, Buy Crypto, Convert, Margin & Futures"
249647,launchpool_airdrop,HEMI,1,1758604157058,Introducing Hemi (HEMI) on Binance HODLer Airdrops! Earn HEMI With Retroactive BNB Simple Earn Subscriptions
249782,product_add,HEMI,1,1758627001421,"Binance Will Add Hemi (HEMI) on Earn, Buy Crypto, Convert & Margin"
250065,launchpool_airdrop,XPL,1,1758700804069,Introducing Plasma (XPL) on Binance HODLer Airdrops! Earn XPL With Retroactive BNB Simple Earn Subscriptions
250097,futures_launch,FLUID,1,1758705925637,Binance Futures Will Launch USDⓈ-Margined FLUIDUSDT Perpetual Contract (2025-09-24)
250184,futures_delist,UXLINK,-1,1758715205980,Binance Futures Will Delist USDⓈ-M UXLINKUSDT Perpetual Contract (2025-09-26)
250263,launchpool_airdrop,MIRA,1,1758794403425,Introducing Mira (MIRA) on Binance HODLer Airdrops! Earn MIRA With Retroactive BNB Simple Earn Subscriptions
250324,product_add,XPL,1,1758803407563,"Binance Will Add Plasma (XPL) on Earn, Buy Crypto, Convert, Margin & Futures"
250411,launchpool_airdrop,FF,1,1758873162488,Introducing Falcon Finance (FF) on Binance HODLer Airdrops! Earn FF With Retroactive BNB Simple Earn Subscriptions
250459,futures_launch,AKE,1,1758879995519,Binance Futures Will Launch USDⓈ-Margined AKEUSDT and ORDERUSDT Perpetual Contracts (2025-09-26)
250459,futures_launch,ORDER,1,1758879995519,Binance Futures Will Launch USDⓈ-Margined AKEUSDT and ORDERUSDT Perpetual Contracts (2025-09-26)
250478,product_add,MIRA,1,1758886201728,"Binance Will Add Mira (MIRA) on Earn, Buy Crypto, Convert, Margin & Futures"
250637,launchpool_airdrop,EDEN,1,1759134637707,Introducing OpenEden (EDEN) on Binance HODLer Airdrops! Earn EDEN With Retroactive BNB Simple Earn Subscriptions
250722,futures_delist,HIFI,-1,1759146319511,Binance Futures Will Delist USDⓈ-M HIFIUSDT and BAKEUSDT Perpetual Contracts (2025-10-03)
250722,futures_delist,BAKE,-1,1759146319511,Binance Futures Will Delist USDⓈ-M HIFIUSDT and BAKEUSDT Perpetual Contracts (2025-10-03)
250735,product_add,FF,1,1759149018255,"Binance Will Add Falcon Finance (FF) on Earn, Buy Crypto, Convert, Margin & Futures"
250848,product_add,EDEN,1,1759228202485,"Binance Will Add OpenEden (EDEN) on Earn, Buy Crypto, Convert, Margin & Futures"
250977,product_add,NOM,1,1759303816268,"Binance Will Add Nomina (NOM) on Earn, Buy Crypto, Convert, Margin & Futures"
251199,launchpool_airdrop,2Z,1,1759375105856,Introducing DoubleZero (2Z) on Binance HODLer Airdrops! Earn 2Z With Retroactive BNB Simple Earn Subscriptions
251324,product_add,2Z,1,1759408207778,"Binance Will Add DoubleZero (2Z) on Earn, Buy Crypto, Convert & Margin"
251448,launchpool_airdrop,MORPHO,1,1759485107646,Introducing Morpho (MORPHO) on Binance HODLer Airdrops! Earn MORPHO With Retroactive BNB Simple Earn Subscriptions
251473,product_add,MORPHO,1,1759501801410,"Binance Will Add Morpho (MORPHO) on Earn, Buy Crypto, Convert & Margin"
251602,spot_listing,ASTER,1,1759736929954,Binance Will List Aster (ASTER) with Seed Tag Applied
251686,product_add,ASTER,1,1759750209902,"Binance Will Add Aster (ASTER) on Earn, Buy Crypto, Convert & Margin"
252029,futures_launch,GIGGLE,1,1759998183522,Binance Futures Will Launch USDⓈ-Margined GIGGLEUSDT Perpetual Contract (2025-10-09)
252091,launchpool_airdrop,WAL,1,1760062881098,Introducing Walrus (WAL) on Binance HODLer Airdrops! Earn WAL With Retroactive BNB Simple Earn Subscriptions
252175,futures_launch,MON,1,1760078701747,Binance Futures Will Launch USDⓈ-Margined MONUSDT Perpetual Contract Pre-Market Trading (2025-10-10)
252172,product_add,WAL,1,1760079632652,"Binance Will Add Walrus (WAL) on Earn, Buy Crypto, Convert & Margin"
252293,futures_launch,YB,1,1760106609813,Binance Futures Will Launch USDⓈ-Margined YBUSDT Perpetual Contract Pre-Market Trading (2025-10-10)
252348,futures_launch,MET,1,1760184133382,Binance Futures Will Launch USDⓈ-Margined METUSDT Perpetual Contract Pre-Market Trading (2025-10-11)
252471,launchpool_airdrop,EUL,1,1760347368185,Introducing Euler (EUL) on Binance HODLer Airdrops! Earn EUL With Retroactive BNB Simple Earn Subscriptions
252496,product_add,EUL,1,1760364007564,"Binance Will Add Euler (EUL) on Earn, Buy Crypto, Convert, Margin & Futures"
252554,launchpool_airdrop,ENSO,1,1760410712966,Introducing Enso (ENSO) on Binance HODLer Airdrops! Earn ENSO With Retroactive BNB Simple Earn Subscriptions
252601,product_add,ENSO,1,1760430607451,"Binance Will Add Enso (ENSO) on Earn, Buy Crypto, Convert, Margin & Futures"
252629,launchpool_airdrop,YB,1,1760435187057,Introducing Yield Basis (YB) on Binance HODLer Airdrops! Earn YB With Retroactive BNB Simple Earn Subscriptions
252834,product_add,YB,1,1760524219742,"Binance Will Add Yield Basis (YB) on Earn, Buy Crypto, Convert, Margin & Futures"
253099,launchpool_airdrop,ZBT,1,1760694813652,Introducing ZEROBASE (ZBT) on Binance HODLer Airdrops! Earn ZBT With Retroactive BNB Simple Earn Subscriptions
253128,product_add,ZBT,1,1760704201471,"Binance Will Add ZEROBASE (ZBT) on Earn, Buy Crypto, Convert & Margin"
253157,futures_launch,LAB,1,1760705928360,Binance Futures Will Launch USDⓈ-Margined LABUSDT and RIVERUSDT Perpetual Contracts (2025-10-17)
253157,futures_launch,RIVER,1,1760705928360,Binance Futures Will Launch USDⓈ-Margined LABUSDT and RIVERUSDT Perpetual Contracts (2025-10-17)
253187,futures_delist,SLERF,-1,1760759930952,Binance Futures Will Delist USDⓈ-M SLERFUSDT and COIN-M CHZUSD Perpetual Contracts (2025-10-20 & 2025-10-21)
253306,launchpool_airdrop,TURTLE,1,1761033409816,Introducing Turtle (TURTLE) on Binance HODLer Airdrops! Earn TURTLE With Retroactive BNB Simple Earn Subscriptions
253542,product_add,TURTLE,1,1761143401327,"Binance Will Add Turtle (TURTLE) on Earn, Buy Crypto, Convert, Margin & Futures"
253898,spot_listing,GIGGLE,1,1761361338417,Binance Will List Giggle Fund (GIGGLE) and SynFutures (F) with Seed Tag Applied
253931,product_add,GIGGLE,1,1761370213527,"Binance Will Add Giggle Fund (GIGGLE) and SynFutures (F) on Earn, Buy Crypto, Convert & Margin"
254267,spot_delist,FLM,-1,1761706804123,"Binance Will Delist FLM, KDA, PERP on 2025-11-12"
254267,spot_delist,KDA,-1,1761706804123,"Binance Will Delist FLM, KDA, PERP on 2025-11-12"
254267,spot_delist,PERP,-1,1761706804123,"Binance Will Delist FLM, KDA, PERP on 2025-11-12"
254378,futures_launch,AT,1,1761730575831,Binance Futures Will Launch USDⓈ-Margined ATUSDT Perpetual Contract (2025-10-29)
254381,futures_launch,KITE,1,1761732868323,Binance Futures Will Launch USDⓈ-Margined KITEUSDT Perpetual Contract Pre-Market Trading (2025-10-29)
254643,launchpool_airdrop,KITE,1,1761898168970,"Introducing Kite (KITE) on Binance Launchpool! Farm KITE by Locking BNB, FDUSD and USDC"
254673,futures_launch,CC,1,1761911103896,Binance Futures Will Launch USDⓈ-Margined CCUSDT Perpetual Contract Pre-Market Trading (2025-10-31)
254877,launchpool_airdrop,MMT,1,1762157651430,Introducing Momentum (MMT) on Binance HODLer Airdrops! Earn MMT With Retroactive BNB Simple Earn Subscriptions
254936,product_add,KITE,1,1762173001682,"Binance Will Add Kite (KITE) on Earn, Buy Crypto, Convert, Margin & Futures"
255123,product_add,MMT,1,1762255824922,"Binance Will Add Momentum (MMT) on Earn, Buy Crypto, Convert, Margin & Futures"
255514,launchpool_airdrop,SAPIEN,1,1762404341669,Introducing Sapien (SAPIEN) on Binance HODLer Airdrops! Earn SAPIEN With Retroactive BNB Simple Earn Subscriptions
255568,product_add,SAPIEN,1,1762421404456,"Binance Will Add Sapien (SAPIEN) on Earn, Buy Crypto, Convert & Margin"
255607,futures_launch,STABLE,1,1762429474151,Binance Futures Will Launch USDⓈ-Margined STABLEUSDT Perpetual Contract Pre-Market Trading (2025-11-06)
255893,futures_delist,MYRO,-1,1762782300002,Binance Futures Will Delist USDⓈ-M MYROUSDT and 1000XUSDT Perpetual Contracts (2025-11-14)
255893,futures_delist,1000X,-1,1762782300002,Binance Futures Will Delist USDⓈ-M MYROUSDT and 1000XUSDT Perpetual Contracts (2025-11-14)
255961,launchpool_airdrop,ALLO,1,1762837110748,Introducing Allora (ALLO) on Binance HODLer Airdrops! Earn ALLO With Retroactive BNB Simple Earn Subscriptions
256078,product_add,ALLO,1,1762867805464,"Binance Will Add Allora (ALLO) on Earn, Buy Crypto, Convert, Margin & Futures"
256318,futures_launch,CLANKER,1,1762942539520,Binance Futures Will Launch USDⓈ-Margined CLANKERUSDT and BEATUSDT Perpetual Contracts (2025-11-12)
256318,futures_launch,BEAT,1,1762942539520,Binance Futures Will Launch USDⓈ-Margined CLANKERUSDT and BEATUSDT Perpetual Contracts (2025-11-12)
256520,spot_listing,BANK,1,1763028026501,Binance Will List Lorenzo Protocol (BANK) and Meteora (MET) with Seed Tag Applied
256520,spot_listing,MET,1,1763028026501,Binance Will List Lorenzo Protocol (BANK) and Meteora (MET) with Seed Tag Applied
256569,product_add,BANK,1,1763040605276,"Binance Will Add Lorenzo Protocol (BANK) and Meteora (MET) on Earn, Buy Crypto, Convert & Margin"
256569,product_add,MET,1,1763040605276,"Binance Will Add Lorenzo Protocol (BANK) and Meteora (MET) on Earn, Buy Crypto, Convert & Margin"
256679,futures_launch,SENT,1,1763123409013,Binance Futures Will Launch USDⓈ-Margined SENTUSDT Perpetual Contract Pre-Market Trading (2025-11-14)
257465,futures_launch,BOB,1,1763717331171,Binance Futures Will Launch USDⓈ-Margined BOBUSDT Perpetual Contract (2025-11-21)
257521,futures_delist,PORT3,-1,1763877454108,Binance Futures Will Delist USDⓈ-M PORT3USDT Perpetual Contract (2025-11-23)
257871,futures_launch,IRYS,1,1764168236086,Binance Futures Will Launch USDⓈ-Margined IRYSUSDT Perpetual Contract (2025-11-26)
257971,launchpool_airdrop,AT,1,1764232698399,Introducing APRO (AT) on Binance HODLer Airdrops! Earn AT With Retroactive BNB Simple Earn Subscriptions
258010,product_add,AT,1,1764250223601,"Binance Will Add APRO (AT) on Earn, Buy Crypto, Convert & Margin"
258432,futures_launch,RLS,1,1764665000303,Binance Futures Will Launch USDⓈ-Margined RLSUSDT Perpetual Contract (2025-12-02)
258578,spot_delist,FIS,-1,1764743396380,"Binance Will Delist FIS, REI, VOXEL on 2025-12-17"
258578,spot_delist,REI,-1,1764743396380,"Binance Will Delist FIS, REI, VOXEL on 2025-12-17"
258578,spot_delist,VOXEL,-1,1764743396380,"Binance Will Delist FIS, REI, VOXEL on 2025-12-17"
258836,futures_launch,POWER,1,1765006814266,Binance Futures Will Launch USDⓈ-Margined POWERUSDT Perpetual Contract (2025-12-06)
259141,futures_launch,WET,1,1765345514302,Binance Futures Will Launch USDⓈ-Margined WETUSDT Perpetual Contract (2025-12-10)
259255,futures_launch,NIGHT,1,1765359869769,Binance Futures Will Launch USDⓈ-Margined NIGHTUSDT Perpetual Contract (2025-12-10)
259485,futures_delist,AIA,-1,1765453426582,Binance Futures Will Delist AIAUSDT USDⓈ-M Perpetual Contract (2025-12-11)
259585,futures_launch,US,1,1765531048292,Binance Futures Will Launch USDⓈ-Margined USUSDT and CYSUSDT Perpetual Contracts (2025-12-12)
259585,futures_launch,CYS,1,1765531048292,Binance Futures Will Launch USDⓈ-Margined USUSDT and CYSUSDT Perpetual Contracts (2025-12-12)
259659,futures_launch,RAVE,1,1765721889439,Binance Futures Will Launch USDⓈ-Margined RAVEUSDT Perpetual Contract (2025-12-14)
260501,futures_launch,ZKP,1,1766306007340,"Binance Futures Will Launch USDⓈ-Margined ZKPUSDT, GUAUSDT and IRUSDT Perpetual Contract (2025-12-21)"
260501,futures_launch,GUA,1,1766306007340,"Binance Futures Will Launch USDⓈ-Margined ZKPUSDT, GUAUSDT and IRUSDT Perpetual Contract (2025-12-21)"
260501,futures_launch,IR,1,1766306007340,"Binance Futures Will Launch USDⓈ-Margined ZKPUSDT, GUAUSDT and IRUSDT Perpetual Contract (2025-12-21)"
260698,futures_launch,LIT,1,1766498015803,Binance Futures Will Launch USDⓈ-Margined LITUSDT Perpetual Contract Pre-Market Trading (2025-12-23)
260849,product_add,KGST,1,1766561407143,"Binance Will Add KGST (KGST) on Earn, Buy Crypto & Convert"
261112,futures_launch,BREV,1,1767090609767,Binance Futures Will Launch USDⓈ-Margined BREVUSDT Perpetual Contract Pre-Market Trading (2025-12-30)
261215,futures_launch,COLLECT,1,1767181510384,Binance Futures Will Launch USDⓈ-Margined COLLECTUSDT and MAGMAUSDT Perpetual Contracts (2025-12-31)
261215,futures_launch,MAGMA,1,1767181510384,Binance Futures Will Launch USDⓈ-Margined COLLECTUSDT and MAGMAUSDT Perpetual Contracts (2025-12-31)
261583,launchpool_airdrop,BREV,1,1767607454724,Introducing Brevis (BREV) on Binance HODLer Airdrops! Earn BREV With Retroactive BNB Simple Earn Subscriptions
261700,product_add,BREV,1,1767706217945,"Binance Will Add Brevis (BREV) on Earn, Buy Crypto, Convert, Margin & Futures"
261749,futures_launch,XAG,1,1767769249961,Binance Futures Will Launch USDⓈ-Margined XAGUSDT Perpetual Contract (2026-01-07)
261819,spot_listing,ZKP,1,1767782346580,Binance Will List 币安人生 (币安人生) and zkPass (ZKP) with Seed Tag Applied
261858,product_add,ZKP,1,1767792606045,"Binance Will Add 币安人生 (币安人生) and zkPass (ZKP) on Earn, Buy Crypto, Convert & Margin"
262153,futures_launch,ZAMA,1,1767948118055,Binance Futures Will Launch USDⓈ-Margined ZAMAUSDT Perpetual Contract Pre-Market Trading (2026-01-09)
262186,futures_launch,FOGO,1,1768052538059,Binance Futures Will Launch USDⓈ-Margined FOGOUSDT Perpetual Contract Pre-Market Trading (2026-01-10)
262295,spot_listing,FOGO,1,1768222253294,Binance Will List Fogo (FOGO) with Seed Tag Applied
262632,product_add,FRAX,1,1768462206116,"Binance Will Add Frax (FRAX) on Earn, Buy Crypto, Convert, Margin & Futures"
262737,product_add,FOGO,1,1768484541232,"Binance Will Add Fogo (FOGO) on Earn, Buy Crypto, Convert, Margin & Futures"
262853,futures_launch,SPORTFUN,1,1768565878954,Binance Futures Will Launch USDⓈ-Margined SPORTFUNUSDT and AIAUSDT Perpetual Contracts (2026-01-16)
262853,futures_launch,AIA,1,1768565878954,Binance Futures Will Launch USDⓈ-Margined SPORTFUNUSDT and AIAUSDT Perpetual Contracts (2026-01-16)
263104,futures_launch,AIA,1,1768904790062,Binance Futures Will Launch USDⓈ-Margined AIAUSDT Perpetual Contract (2026-01-20)
263247,spot_listing,RLUSD,1,1768984201712,Binance Will List Ripple USD (RLUSD) and Introduce RLUSD Zero Trading Fee Promotion
263367,futures_launch,ACU,1,1768994235066,Binance Futures Will Launch USDⓈ-Margined ACUUSDT and 我踏马来了USDT Perpetual Contracts (2026-01-21)
263411,spot_listing,SENT,1,1769059554238,Binance Will List Sentient (SENT) with Seed Tag Applied
263466,futures_launch,ELSA,1,1769064429007,Binance Futures Will Launch USDⓈ-Margined ELSAUSDT Perpetual Contract (2026-01-22)
263463,product_add,RLUSD,1,1769067003913,"Binance Will Add Ripple USD (RLUSD) on Earn, Buy Crypto, Convert, Margin & VIP Loan"
263555,futures_launch,SKR,1,1769073274832,Binance Futures Will Launch USDⓈ-Margined SKRUSDT Perpetual Contract (2026-01-22)
263575,product_add,SENT,1,1769085007940,"Binance Will Add Sentient (SENT) on Earn, Buy Crypto, Convert, VIP Loan, Margin & Futures"
263779,futures_launch,SPACE,1,1769163362322,Binance Futures Will Launch USDⓈ-Margined SPACEUSDT and FIGHTUSDT Perpetual Contracts (2026-01-23)
263779,futures_launch,FIGHT,1,1769163362322,Binance Futures Will Launch USDⓈ-Margined SPACEUSDT and FIGHTUSDT Perpetual Contracts (2026-01-23)
263941,futures_launch,TSLA,1,1769426975659,Binance Futures Will Launch USDⓈ-Margined TSLAUSDT Equity Perpetual Contract (2026-01-28)
264153,futures_launch,BIRB,1,1769657388656,Binance Futures Will Launch USDⓈ-Margined BIRBUSDT and GWEIUSDT Perpetual Contracts (2026-01-29)
264153,futures_launch,GWEI,1,1769657388656,Binance Futures Will Launch USDⓈ-Margined BIRBUSDT and GWEIUSDT Perpetual Contracts (2026-01-29)
264257,futures_launch,XPT,1,1769750169670,Binance Futures Will Launch USDⓈ-Margined XPTUSDT and XPDUSDT Perpetual Contracts (2026-01-30)
264257,futures_launch,XPD,1,1769750169670,Binance Futures Will Launch USDⓈ-Margined XPTUSDT and XPDUSDT Perpetual Contracts (2026-01-30)
264315,futures_launch,INTC,1,1769762825258,Binance Futures Will Launch USDⓈ-Margined INTCUSDT and HOODUSDT Equity Perpetual Contracts (2026-02-02)
264315,futures_launch,HOOD,1,1769762825258,Binance Futures Will Launch USDⓈ-Margined INTCUSDT and HOODUSDT Equity Perpetual Contracts (2026-02-02)
264332,futures_launch,MEGA,1,1769769359414,Binance Futures Will Launch USDⓈ-Margined MEGAUSDT Perpetual Contract Pre-Market Trading (2026-01-30)
264369,futures_launch,INX,1,1769794397965,Binance Futures Will Launch USDⓈ-Margined INXUSDT Perpetual Contract (2026-01-30)
264540,spot_listing,ZAMA,1,1770006523224,Binance Will List Zama (ZAMA) with Seed Tag Applied
264490,spot_delist,ACA,-1,1770022792762,"Binance Will Delist ACA, CHESS, DATA, DF, GHST, NKN on 2026-02-13"
264490,spot_delist,CHESS,-1,1770022792762,"Binance Will Delist ACA, CHESS, DATA, DF, GHST, NKN on 2026-02-13"
264490,spot_delist,DATA,-1,1770022792762,"Binance Will Delist ACA, CHESS, DATA, DF, GHST, NKN on 2026-02-13"
264490,spot_delist,DF,-1,1770022792762,"Binance Will Delist ACA, CHESS, DATA, DF, GHST, NKN on 2026-02-13"
264490,spot_delist,GHST,-1,1770022792762,"Binance Will Delist ACA, CHESS, DATA, DF, GHST, NKN on 2026-02-13"
264490,spot_delist,NKN,-1,1770022792762,"Binance Will Delist ACA, CHESS, DATA, DF, GHST, NKN on 2026-02-13"
264699,product_add,ZAMA,1,1770035411095,"Binance Will Add Zama (ZAMA) on Earn, Buy Crypto, Convert, VIP Loan, Margin & Futures"
265148,futures_delist,RVV,-1,1770275659503,Binance Futures Will Delist USDⓈ-M RVVUSDT and YALAUSDT Perpetual Contracts (2026-02-10)
265148,futures_delist,YALA,-1,1770275659503,Binance Futures Will Delist USDⓈ-M RVVUSDT and YALAUSDT Perpetual Contracts (2026-02-10)
265210,futures_launch,TRIA,1,1770373050892,Binance Futures Will Launch USDⓈ-Margined TRIAUSDT Perpetual Contract (2026-02-06)
265486,futures_launch,ESP,1,1770710418198,Binance Futures Will Launch USDⓈ-Margined ESPUSDT Perpetual Contract Pre-Market Trading (2026-02-10)
265578,futures_launch,AZTEC,1,1770783239091,Binance Futures Will Launch USDⓈ-Margined AZTECUSDT Perpetual Contract Pre-Market Trading (2026-02-11)
265750,spot_listing,ESP,1,1770881303176,Binance Will List Espresso (ESP) with Seed Tag Applied
265786,product_add,ESP,1,1770899430661,"Binance Will Add Espresso (ESP) on Earn, Buy Crypto, Convert, VIP Loan, Margin & Futures"
266123,futures_launch,OPN,1,1771684885775,Binance Futures Will Launch USDⓈ-Margined OPNUSDT Perpetual Contract Pre-Market Trading (2026-02-21)
266686,futures_launch,ROBO,1,1772179222463,Binance Futures Will Launch USDⓈ-Margined ROBOUSDT Perpetual Contract (2026-02-27)
266756,futures_launch,KAT,1,1772425000299,Binance Futures Will Launch USDⓈ-Margined KATUSDT Perpetual Contract Pre-Market Trading (2026-03-02)
266876,launchpool_airdrop,OPN,1,1772455551819,"Introducing Opinion (OPN) on Binance Launchpool! Farm OPN by Locking BNB, USDC, U, and USD1"
267131,product_add,MANTRA,1,1772609401353,"Binance Will Add MANTRA (MANTRA) on Earn, Buy Crypto, Convert, VIP Loan, Margin & Futures"
267265,futures_launch,COPPER,1,1772627404241,Binance Futures Will Launch USDⓈ-Margined COPPERUSDT Perpetual Contract (2026-03-06)
267283,spot_listing,ROBO,1,1772629994452,Binance Will List Fabric Protocol (ROBO) with Seed Tag Applied
267320,product_add,ROBO,1,1772640008678,"Binance Will Add Fabric Protocol (ROBO) on Earn, Buy Crypto, Convert, VIP Loan & Margin"
267402,product_add,OPN,1,1772713833599,"Binance Will Add Opinion (OPN) on Earn, Buy Crypto, Convert, VIP Loan, Margin & Futures"
267700,spot_delist,ARDR,-1,1773118801491,Binance Margin Will Delist ARDR on 2026-03-12
267961,launchpool_airdrop,NIGHT,1,1773228681283,Introducing Midnight (NIGHT) on Binance HODLer Airdrops! Earn NIGHT With Retroactive BNB Simple Earn Subscriptions
267988,product_add,NIGHT,1,1773241201739,"Binance Will Add Midnight (NIGHT) on Earn, Buy Crypto, Convert, VIP Loan & Margin"
268115,futures_launch,EWY,1,1773325803959,Binance Futures Will Launch EWYUSDT USDⓈ-Margined Index Perpetual Contract (2026-03-16)
268137,spot_listing,KAT,1,1773366336337,Binance Will List Katana (KAT) with Seed Tag Applied
268134,spot_delist,TUSD,-1,1773367204369,Binance VIP Loan Will Delist TUSD and ALCX from Eligible Collateral Asset List - 2026-03-30
268134,spot_delist,ALCX,-1,1773367204369,Binance VIP Loan Will Delist TUSD and ALCX from Eligible Collateral Asset List - 2026-03-30
268134,spot_delist,2026,-1,1773367204369,Binance VIP Loan Will Delist TUSD and ALCX from Eligible Collateral Asset List - 2026-03-30
268134,spot_delist,03,-1,1773367204369,Binance VIP Loan Will Delist TUSD and ALCX from Eligible Collateral Asset List - 2026-03-30
268134,spot_delist,30,-1,1773367204369,Binance VIP Loan Will Delist TUSD and ALCX from Eligible Collateral Asset List - 2026-03-30
268425,spot_listing,CFG,1,1773656559260,Binance Will List Centrifuge (CFG) with Seed Tag Applied
268452,futures_launch,EWJ,1,1773657001277,Binance Futures Will Launch EWJUSDT USDⓈ-Margined Index Perpetual Contract (2026-03-19)
268485,product_add,CFG,1,1773664209346,"Binance Will Add Centrifuge (CFG) on Earn, Buy Crypto, Convert, VIP Loan, Margin & Futures"
268576,launchpool_airdrop,ROBO,1,1773804614268,Introducing Fabric Protocol (ROBO) on Binance HODLer Airdrops! Earn ROBO With Retroactive BNB Simple Earn Subscriptions
268679,spot_delist,A2Z,-1,1773824408667,"Binance Will Delist A2Z, FORTH, HOOK, IDEX, LRC, NTRN, RDNT, SXP on 2026-04-01"
268679,spot_delist,FORTH,-1,1773824408667,"Binance Will Delist A2Z, FORTH, HOOK, IDEX, LRC, NTRN, RDNT, SXP on 2026-04-01"
268679,spot_delist,HOOK,-1,1773824408667,"Binance Will Delist A2Z, FORTH, HOOK, IDEX, LRC, NTRN, RDNT, SXP on 2026-04-01"
268679,spot_delist,IDEX,-1,1773824408667,"Binance Will Delist A2Z, FORTH, HOOK, IDEX, LRC, NTRN, RDNT, SXP on 2026-04-01"
268679,spot_delist,LRC,-1,1773824408667,"Binance Will Delist A2Z, FORTH, HOOK, IDEX, LRC, NTRN, RDNT, SXP on 2026-04-01"
268679,spot_delist,NTRN,-1,1773824408667,"Binance Will Delist A2Z, FORTH, HOOK, IDEX, LRC, NTRN, RDNT, SXP on 2026-04-01"
268679,spot_delist,RDNT,-1,1773824408667,"Binance Will Delist A2Z, FORTH, HOOK, IDEX, LRC, NTRN, RDNT, SXP on 2026-04-01"
268679,spot_delist,SXP,-1,1773824408667,"Binance Will Delist A2Z, FORTH, HOOK, IDEX, LRC, NTRN, RDNT, SXP on 2026-04-01"
268706,product_add,KAT,1,1773837462750,"Binance Will Add Katana (KAT) on Earn, Buy Crypto, Convert, VIP Loan, Margin & Futures"
268858,futures_launch,EDGE,1,1773926963305,Binance Futures Will Launch USDⓈ-Margined EDGEUSDT Perpetual Contract Pre-Market Trading (2026-03-19)
268979,futures_launch,PAYP,1,1774015109010,Binance Futures Will Launch PAYPUSDT USDⓈ-Margined Equity Perpetual Contract (2026-03-23)
269402,futures_launch,BSB,1,1774433658121,Binance Futures Will Launch USDⓈ-Margined BSBUSDT Perpetual Contract (2026-03-25)
269432,spot_delist,UTK,-1,1774494003206,Binance Margin Will Delist UTK on 2026-03-30
269532,product_add,XAUT,1,1774530004612,"Binance Will Add Tether Gold (XAUT) on Earn, Buy Crypto, Convert, VIP Loan, Margin & Futures"
269707,futures_launch,BASED,1,1774863642485,Binance Futures Will Launch USDⓈ-Margined BASEDUSDT Perpetual Contract (2026-03-30)
269750,futures_launch,CL,1,1774875635673,"Binance Futures Will Launch USDⓈ-Margined CLUSDT, BZUSDT and NATGASUSDT Perpetual Contracts (2026-04-01)"
269750,futures_launch,BZ,1,1774875635673,"Binance Futures Will Launch USDⓈ-Margined CLUSDT, BZUSDT and NATGASUSDT Perpetual Contracts (2026-04-01)"
269750,futures_launch,NATGAS,1,1774875635673,"Binance Futures Will Launch USDⓈ-Margined CLUSDT, BZUSDT and NATGASUSDT Perpetual Contracts (2026-04-01)"
270107,futures_launch,PRL,1,1775037060284,Binance Futures Will Launch USDⓈ-Margined PRLUSDT Perpetual Contract (2026-04-01)
270195,futures_launch,QQQ,1,1775121303208,"Binance Futures Will Launch QQQUSDT, SPYUSDT, AAPLUSDT and TSMUSDT USDⓈ-Margined Perpetual Contracts (2026-04-06)"
270195,futures_launch,SPY,1,1775121303208,"Binance Futures Will Launch QQQUSDT, SPYUSDT, AAPLUSDT and TSMUSDT USDⓈ-Margined Perpetual Contracts (2026-04-06)"
270195,futures_launch,AAPL,1,1775121303208,"Binance Futures Will Launch QQQUSDT, SPYUSDT, AAPLUSDT and TSMUSDT USDⓈ-Margined Perpetual Contracts (2026-04-06)"
270195,futures_launch,TSM,1,1775121303208,"Binance Futures Will Launch QQQUSDT, SPYUSDT, AAPLUSDT and TSMUSDT USDⓈ-Margined Perpetual Contracts (2026-04-06)"
270307,futures_launch,MU,1,1775223007828,Binance Futures Will Launch MUUSDT and SNDKUSDT USDⓈ-Margined Equity Perpetual Contracts (2026-04-07)
270307,futures_launch,SNDK,1,1775223007828,Binance Futures Will Launch MUUSDT and SNDKUSDT USDⓈ-Margined Equity Perpetual Contracts (2026-04-07)
270623,spot_delist,WAN,-1,1775552407906,Binance Margin Will Delist WAN on 2026-04-10
270759,spot_delist,BIFI,-1,1775714405744,"Binance Will Delist BIFI, FIO, FUN, MDT, OXT, WAN on 2026-04-23"
270759,spot_delist,FIO,-1,1775714405744,"Binance Will Delist BIFI, FIO, FUN, MDT, OXT, WAN on 2026-04-23"
270759,spot_delist,FUN,-1,1775714405744,"Binance Will Delist BIFI, FIO, FUN, MDT, OXT, WAN on 2026-04-23"
270759,spot_delist,MDT,-1,1775714405744,"Binance Will Delist BIFI, FIO, FUN, MDT, OXT, WAN on 2026-04-23"
270759,spot_delist,OXT,-1,1775714405744,"Binance Will Delist BIFI, FIO, FUN, MDT, OXT, WAN on 2026-04-23"
270759,spot_delist,WAN,-1,1775714405744,"Binance Will Delist BIFI, FIO, FUN, MDT, OXT, WAN on 2026-04-23"
270794,product_add,USDS,1,1775719812073,"Binance Will Add USDS (USDS) on Earn, Buy Crypto, Convert, VIP Loan & Margin"
271160,spot_delist,UTK,-1,1776132001137,Binance Will Delist UTK and Support Rebranding and Airdrop Plan on Binance Alpha
271217,spot_delist,BAR,-1,1776137401903,"Binance Margin And Loan Will Delist BAR, PIVX, XVG on 2026-04-17"
271217,spot_delist,PIVX,-1,1776137401903,"Binance Margin And Loan Will Delist BAR, PIVX, XVG on 2026-04-17"
271217,spot_delist,XVG,-1,1776137401903,"Binance Margin And Loan Will Delist BAR, PIVX, XVG on 2026-04-17"
271570,futures_launch,GENIUS,1,1776304988861,Binance Futures Will Launch USDⓈ-Margined GENIUSUSDT Perpetual Contract (2026-04-16)
271611,futures_launch,CHIP,1,1776320055403,Binance Futures Will Launch USDⓈ-Margined CHIPUSDT Perpetual Contract Pre-Market Trading (2026-04-16)
271640,futures_launch,MSFT,1,1776332696813,"Binance Futures Will Launch MSFTUSDT, AVGOUSDT and BABAUSDT USDⓈ-Margined Perpetual Contracts (2026-04-20)"
271640,futures_launch,AVGO,1,1776332696813,"Binance Futures Will Launch MSFTUSDT, AVGOUSDT and BABAUSDT USDⓈ-Margined Perpetual Contracts (2026-04-20)"
271640,futures_launch,BABA,1,1776332696813,"Binance Futures Will Launch MSFTUSDT, AVGOUSDT and BABAUSDT USDⓈ-Margined Perpetual Contracts (2026-04-20)"
271696,spot_delist,DEGO,-1,1776416406263,"Binance Will Delist DEGO, DENT, TRU on 2026-04-28"
271696,spot_delist,DENT,-1,1776416406263,"Binance Will Delist DEGO, DENT, TRU on 2026-04-28"
271696,spot_delist,TRU,-1,1776416406263,"Binance Will Delist DEGO, DENT, TRU on 2026-04-28"
271926,spot_listing,CHIP,1,1776772832132,Binance Will List Chip (CHIP) with Seed Tag Applied
271973,product_add,CHIP,1,1776776407020,"Binance Will Add Chip (CHIP) on Earn, Buy Crypto, Convert, VIP Loan, Margin & Futures"
272104,futures_launch,OPG,1,1776869515953,Binance Futures Will Launch USDⓈ-Margined OPGUSDT Perpetual Contract (2026-04-22)
272575,launchpool_airdrop,CHIP,1,1777363203344,Introducing USD.AI (CHIP) on Binance HODLer Airdrops! Earn CHIP With Retroactive BNB Simple Earn Subscriptions
272782,futures_launch,AIGENSYN,1,1777469224104,Binance Futures Will Launch USDⓈ-Margined AIGENSYNUSDT Perpetual Contract (2026-04-29)
272905,spot_listing,MEGA,1,1777540049704,Binance Will List MegaETH (MEGA) with Seed Tag Applied
272985,product_add,MEGA,1,1777546078718,"Binance Will Add MegaETH (MEGA) on Earn, Buy Crypto, Convert, VIP Loan, Margin & Futures"
273107,futures_launch,AMD,1,1777876197125,"Binance Futures Will Launch AMDUSDT, QCOMUSDT and USARUSDT USDⓈ-Margined Perpetual Contracts (2026-05-06)"
273107,futures_launch,QCOM,1,1777876197125,"Binance Futures Will Launch AMDUSDT, QCOMUSDT and USARUSDT USDⓈ-Margined Perpetual Contracts (2026-05-06)"
273107,futures_launch,USAR,1,1777876197125,"Binance Futures Will Launch AMDUSDT, QCOMUSDT and USARUSDT USDⓈ-Margined Perpetual Contracts (2026-05-06)"
273334,futures_launch,BILL,1,1778137169304,Binance Futures Will Launch USDⓈ-Margined BILLUSDT Perpetual Contract (2026-05-07)
273798,spot_delist,ATA,-1,1778659204681,"Binance Will Delist ATA, FARM, MLN, PHB, SYS on 2026-05-27"
273798,spot_delist,FARM,-1,1778659204681,"Binance Will Delist ATA, FARM, MLN, PHB, SYS on 2026-05-27"
273798,spot_delist,MLN,-1,1778659204681,"Binance Will Delist ATA, FARM, MLN, PHB, SYS on 2026-05-27"
273798,spot_delist,PHB,-1,1778659204681,"Binance Will Delist ATA, FARM, MLN, PHB, SYS on 2026-05-27"
273798,spot_delist,SYS,-1,1778659204681,"Binance Will Delist ATA, FARM, MLN, PHB, SYS on 2026-05-27"
273955,futures_launch,PHAROS,1,1778732044113,Binance Futures Will Launch USDⓈ-Margined PHAROSUSDT and STARUSDT Perpetual Contracts (2026-05-14)
273955,futures_launch,STAR,1,1778732044113,Binance Futures Will Launch USDⓈ-Margined PHAROSUSDT and STARUSDT Perpetual Contracts (2026-05-14)
274005,spot_listing,AIGENSYN,1,1778752803676,Binance Will List Gensyn (AIGENSYN) with Seed Tag Applied
274074,product_add,AIGENSYN,1,1778778270843,"Binance Will Add Gensyn (AIGENSYN) on Earn, Buy Crypto, Convert, VIP Loan & Margin"
274243,futures_launch,CBRS,1,1779102956728,Binance Futures Will Launch CBRSUSDT USDⓈ-Margined TradFi Perpetual Contract (2026-05-19)
274273,spot_delist,AEUR,-1,1779159608915,Binance Margin And Binance Loans Will Delist AEUR and AI on 2026-05-22
274273,spot_delist,AI,-1,1779159608915,Binance Margin And Binance Loans Will Delist AEUR and AI on 2026-05-22
274638,futures_launch,SPCX,1,1779334220816,Binance Futures Will Launch USDⓈ-Margined SPCXUSDT USDⓈ-Margined Perpetual Contract Pre-IPO Trading (2026-05-21)
274664,launchpool_airdrop,AIGENSYN,1,1779361202869,Introducing Gensyn (AIGENSYN) on Binance HODLer Airdrops! Earn AIGENSYN With Retroactive BNB Simple Earn Subscriptions
274823,spot_listing,GENIUS,1,1779434315961,Binance Will List Genius Terminal (GENIUS) and OpenGradient (OPG) with Seed Tag Applied
274823,spot_listing,OPG,1,1779434315961,Binance Will List Genius Terminal (GENIUS) and OpenGradient (OPG) with Seed Tag Applied
274888,product_add,GENIUS,1,1779450306558,"Binance Will Add Genius Terminal (GENIUS) and OpenGradient (OPG) on Earn, Buy Crypto, Convert, VIP Loan & Margin"
274888,product_add,OPG,1,1779450306558,"Binance Will Add Genius Terminal (GENIUS) and OpenGradient (OPG) on Earn, Buy Crypto, Convert, VIP Loan & Margin"
275104,futures_launch,OPENAI,1,1779778801392,Binance Futures Will Launch OPENAIUSDT USDⓈ-Margined Perpetual Contract Pre-IPO Trading (2026-05-26)
275356,futures_launch,CTR,1,1779956189339,Binance Futures Will Launch USDⓈ-Margined CTRUSDT Perpetual Contract (2026-05-28)
275489,futures_launch,QNTX,1,1780038006968,Binance Futures Will Launch QNTXUSDT USDⓈ-Margined Perpetual Contract Pre-IPO Trading (2026-05-29)
275505,launchpool_airdrop,GENIUS,1,1780041603554,Introducing Genius Terminal (GENIUS) on Binance HODLer Airdrops! Earn GENIUS With Retroactive BNB Simple Earn Subscriptions
275647,futures_launch,SLX,1,1780294508711,Binance Futures Will Launch USDⓈ-Margined SLXUSDT Perpetual Contract (2026-06-01)
275737,futures_launch,ANTHROPIC,1,1780369288377,Binance Futures Will Launch ANTHROPICUSDT USDⓈ-Margined Perpetual Contract Pre-IPO Trading (2026-06-02)
276229,futures_launch,ZEST,1,1780577062460,Binance Futures Will Launch USDⓈ-Margined ZESTUSDT and BTWUSDT Perpetual Contracts (2026-06-04)
276229,futures_launch,BTW,1,1780577062460,Binance Futures Will Launch USDⓈ-Margined ZESTUSDT and BTWUSDT Perpetual Contracts (2026-06-04)
276280,spot_delist,COS,-1,1780642807472,"Binance Will Delist COS, D, HIGH, MBOX on 2026-06-19"
276280,spot_delist,HIGH,-1,1780642807472,"Binance Will Delist COS, D, HIGH, MBOX on 2026-06-19"
276280,spot_delist,MBOX,-1,1780642807472,"Binance Will Delist COS, D, HIGH, MBOX on 2026-06-19"
276427,spot_delist,XNO,-1,1780912804311,"Binance Margin And Loan Will Delist XNO, IQ, QUICK, DGB on 2026-06-12"
276427,spot_delist,IQ,-1,1780912804311,"Binance Margin And Loan Will Delist XNO, IQ, QUICK, DGB on 2026-06-12"
276427,spot_delist,QUICK,-1,1780912804311,"Binance Margin And Loan Will Delist XNO, IQ, QUICK, DGB on 2026-06-12"
276427,spot_delist,DGB,-1,1780912804311,"Binance Margin And Loan Will Delist XNO, IQ, QUICK, DGB on 2026-06-12"
277384,spot_listing,RE,1,1781776041424,Binance Will List Re (RE) with Seed Tag Applied
277604,product_add,RE,1,1781790304798,"Binance Will Add Re (RE) on Earn, Buy Crypto, Convert, VIP Loan, Margin & Futures"
277821,futures_launch,ARX,1,1782185438167,Binance Futures Will Launch USDⓈ-Margined ARXUSDT Perpetual Contract (2026-06-23)
278283,futures_delist,IP,-1,1782406806669,Binance Futures Will Delist USDⓈ-Margined IPUSDT and IPUSDC Perpetual Contracts (2026-06-28)
278301,spot_delist,ALCX,-1,1782464415053,"Binance Will Delist ALCX, ARDR, NFP, POND on 2026-07-10"
278301,spot_delist,ARDR,-1,1782464415053,"Binance Will Delist ALCX, ARDR, NFP, POND on 2026-07-10"
278301,spot_delist,NFP,-1,1782464415053,"Binance Will Delist ALCX, ARDR, NFP, POND on 2026-07-10"
278301,spot_delist,POND,-1,1782464415053,"Binance Will Delist ALCX, ARDR, NFP, POND on 2026-07-10"
278360,futures_launch,CAP,1,1782557443165,Binance Futures Will Launch USDⓈ-Margined CAPUSDT Perpetual Contract (2026-06-27)
278398,spot_delist,HOT,-1,1782716408506,"Binance Margin And Loan Will Delist HOT, THE on 2026-07-03"
278398,spot_delist,THE,-1,1782716408506,"Binance Margin And Loan Will Delist HOT, THE on 2026-07-03"
278517,launchpool_airdrop,OPG,1,1782795603128,Introducing OpenGradient (OPG) on Binance HODLer Airdrops! Earn OPG With Retroactive BNB Simple Earn Subscriptions
278862,product_add,GRAM,1,1782978317244,"Binance Will Add Gram (GRAM) on Earn, Buy Crypto, Convert, VIP Loan, Margin & Futures"
279021,futures_launch,DATAIP,1,1783056627549,Binance Futures Will Launch USDⓈ-Margined DATAIPUSDT and DATAIPUSDC Perpetual Contracts (2026-07-03)
279189,spot_delist,TST,-1,1783332001595,Binance Margin And Loan Will Delist TST & IOTX on 2026-07-10
279189,spot_delist,IOTX,-1,1783332001595,Binance Margin And Loan Will Delist TST & IOTX on 2026-07-10
279770,futures_launch,SKHY,1,1783697823303,Binance Futures Will Launch USDⓈ-Margined SKHYUSDT Perpetual Contract (2026-07-10)
280314,spot_listing,AERO,1,1784273401964,Binance Will List Aerodrome (AERO) with Seed Tag Applied
280389,product_add,AERO,1,1784303104983,"Binance Will Add Aerodrome (AERO) on Earn, Buy Crypto, Convert, VIP Loan & Margin"
280636,futures_delist,AERGO,-1,1784643314244,Binance Futures Will Delist USDⓈ-M AERGOUSDT Perpetual Contract (2026-07-24)
280767,futures_launch,POPMART,1,1784770203723,Binance Futures Will Launch POPMARTUSDT USDⓈ-Margined Perpetual Contract (2026-07-23)
281424,futures_launch,GRVT,1,1785497411662,Binance Futures Will Launch USDⓈ-Margined GRVTUSDT Perpetual Contract (2026-07-31)
281450,futures_launch,GIGADEV,1,1785724209135,Binance Futures Will Launch GIGADEVUSDT USDⓈ-Margined Perpetual Contract (2026-08-03)
281375,spot_delist,ACX,-1,1785727810683,"Binance Will Delist ACX, HFT, PIVX, PYR, VANRY, VIC on 2026-08-17"
281375,spot_delist,HFT,-1,1785727810683,"Binance Will Delist ACX, HFT, PIVX, PYR, VANRY, VIC on 2026-08-17"
281375,spot_delist,PIVX,-1,1785727810683,"Binance Will Delist ACX, HFT, PIVX, PYR, VANRY, VIC on 2026-08-17"
281375,spot_delist,PYR,-1,1785727810683,"Binance Will Delist ACX, HFT, PIVX, PYR, VANRY, VIC on 2026-08-17"
281375,spot_delist,VANRY,-1,1785727810683,"Binance Will Delist ACX, HFT, PIVX, PYR, VANRY, VIC on 2026-08-17"
281375,spot_delist,VIC,-1,1785727810683,"Binance Will Delist ACX, HFT, PIVX, PYR, VANRY, VIC on 2026-08-17"
281933,spot_delist,BTTC,-1,1786356004147,Binance Margin And Loan Will Delist BTTC & POWR on 2026-08-14
281933,spot_delist,POWR,-1,1786356004147,Binance Margin And Loan Will Delist BTTC & POWR on 2026-08-14
282138,futures_launch,DOS,1,1786456802967,Binance Futures Will Launch USDⓈ-Margined DOSUSDT Perpetual Contract (2026-08-11)
282805,futures_launch,UNITREE,1,1787106609387,Binance Futures Will Launch UNITREEUSDT USDⓈ-Margined Perpetual Contract (2026-08-19)
282887,spot_delist,ICX,-1,1787205606608,"Binance Will Delist ICX, SCRT, STORJ on 2026-09-03"
282887,spot_delist,SCRT,-1,1787205606608,"Binance Will Delist ICX, SCRT, STORJ on 2026-09-03"
282887,spot_delist,STORJ,-1,1787205606608,"Binance Will Delist ICX, SCRT, STORJ on 2026-09-03"
283470,futures_launch,HK0625,1,1788228901077,Binance Futures Will Launch HK0625USDT USDⓈ-Margined Quanto Perpetual Contract (2026-09-01)
283552,futures_launch,MARSCOIN,1,1788252305663,Binance Futures Will Launch USDⓈ-Margined MARSCOINUSDT Perpetual Contract (2026-09-01)
283746,futures_launch,GPRO,1,1788438625942,Binance Futures Will Launch USDⓈ-Margined GPROUSDT Perpetual Contract (2026-09-03)
283840,spot_listing,MARSCOIN,1,1788516901870,Binance Will List MarsCoin (MARSCOIN) with Seed Tag Applied
283893,product_add,MARSCOIN,1,1788525902072,"Binance Will Add MarsCoin (MARSCOIN) on Earn, Buy Crypto, Convert, VIP Loan & Margin"
283915,futures_launch,PONS,1,1788674111414,Binance Futures Will Launch USDⓈ-Margined PONSUSDT and 哈基米USDT Perpetual Contracts (2026-09-06)
284259,spot_delist,USDP,-1,1789020012727,Binance Will Delist USDP on 2026-09-24
285011,futures_launch,USDBRL,1,1789740003166,Binance Futures Will Launch USDBRLUSDT USDⓈ-Margined TradFi Perpetual Contract (2026-09-21)
285191,futures_launch,MOONSHOT,1,1790062264920,Binance Futures Will Launch MOONSHOTUSDT USDⓈ-Margined Perpetual Contract Pre-IPO Trading (2026-09-22)
285396,futures_launch,OURA,1,1790147746848,Binance Futures Will Launch OURAUSDT USDⓈ-Margined Perpetual Contract Pre-IPO Trading (2026-09-23)
285492,spot_listing,HYPE,1,1790235038608,Binance Will List Hyperliquid (HYPE) with Seed Tag Applied
285530,product_add,HYPE,1,1790246704777,"Binance Will Add Hyperliquid (HYPE) on Earn, Buy Crypto, Convert, VIP Loan & Margin"
286040,futures_launch,CT,1,1790836201040,Binance Futures Will Launch USDⓈ-Margined CTUSDT Perpetual Contract (2026-10-01)
