tree
version=v4
num_class=1
num_tree_per_iteration=1
label_index=0
max_feature_idx=14
objective=regression
feature_names=aggr vol_ratio body close_loc brk_atr stop_atr ret30 effort cvd20 atr_ratio range10 approach rs7 breadth with_trend2
feature_infos=[0.21069504619610274:0.93991539157340198] [0.11942990946070416:87.25913229367778] [0:1] [0:1] [1.8840262320818126e-14:5.3617582856537167] [0.30191341890446638:3.9996353967914247] [-0.75637101019751596:8.2850881769800679] [-1.671459739395869:5.2816412771725769] [-0.30260405320392109:0.28418346238856274] [0.36534665965017915:3.0346043632262516] [0.45711215674457567:5.14278517161208] [-5.3606997975278494:4.2594739983965697] [-2.5809202603921113:2.242105237356796] [-13:34] [0:1]
tree_sizes=1490 1520 1530 1516 1512 1515 1526 1521 1529 1518 1516 1507 1517 1526 1538 1509 1531 1520 1523 1499 1516 1502 1507 1526 1521 1506 1518 1522 1533 1521 1524 1516 1512 1520 1530 1509 1517 1532 1521 1529 1515 1507 1523 1531 1506 1509 1514 1510 1519 1513 1510 1512 1528 1514 1524 1524 1522 1525 1504 1511 1506 1506 1527 1508 1527 1500 1526 1520 1531 1527 1505 1503 1529 1520 1510 1516 1525 1504 1528 1502 1533 1510 1509 1502 1514 1516 1505 1518 1516 1504 1516 1521 1521 1521 1520 1527 1508 1504 1502 1518 1512 1518 1518 1527 1512 1510 1517 1505 1504 1506 1510 1527 1524 1523 1507 1514 1519 1525 1503 1502 1505 1528 1523 1518 1509 1512 1518 1495 1527 1516 1518 1528 1508 1521 1516 1520 1517 1514 1511 1510 1523 1499 1525 1505 1508 1501 1510 1525 1510 1530 1500 1508 1519 1529 1501 1510 1516 1518 1509 1518 1518 1513 1509 1527 1510 1536 1516 1535 1512 1510 1507 1516 1513 1517 1516 1519 1512 1504 1527 1520 1502 1515 1508 1513 1513 1526 1501 1520 1516 1514 1512 1500 1523 1508 1511 1514 1509 1513 1516 1525 1515 1513 1500 1514 1519 1508 1505 1525 1512 1527 1536 1534 1527 1533 1515 1507 1507 1496 1534 1520 1521 1502 1519 1511 1517 1519 1501 1501 1516 1521 1506 1524 1511 1521 1503 1507 1524 1518 1508 1524 1508 1505 1512 1528 1521 1528 1527 1540 1508 1531 1508 1517 1516 1514 1515 1504 1505 1524 1496 1499 1519 1496 1512 1508 1519 1503 1513 1522 1501 1517 1509 1509 1522 1511 1503 1518 1497 1516 1509 1524 1522 1522 1519 1507 1519 1537 1515 1535 1505 1502 1509 1531 1503 1529 1524 1504 1524 1494 1518 1510

Tree=0
num_leaves=15
num_cat=0
split_feature=8 13 4 5 11 11 11 10 0 2 10 4 7 8
split_gain=84.6157 47.7776 43.7506 48.8849 40.9509 33.8562 29.5557 27.848 26.7654 24.4084 23.59 23.0723 27.4137 37.3335
threshold=-0.022918053143145656 10.500000000000002 0.16981891633536203 3.068432775641321 0.94508626567029774 1.3050099054433393 -0.41061606925100641 2.8277790632715782 0.58524594748709224 0.38775510204081104 1.7690388197120768 0.27884373135939627 0.66268356692001862 -0.050855284114525286
decision_type=2 2 2 2 2 2 2 2 2 2 2 2 10 2
left_child=2 4 3 9 -2 -5 10 8 11 -1 -4 -8 -13 -14
right_child=1 -3 6 5 -6 -7 7 -9 -10 -11 -12 12 13 -15
leaf_value=-0.049488830973749745 -0.034191594888399561 -0.045819423658682051 -0.04496952524699617 -0.028373175287119821 -0.030949708248828405 -0.041913325098152161 -0.036476472787145185 -0.044027405369960255 -0.037534478465996883 -0.041103826969846408 -0.036275410832083306 -0.032326974912629133 -0.03327198939312305 -0.017206791339462991
leaf_weight=439 8428 255 419 404 6002 275 493 212 773 1118 840 847 219 319
leaf_count=439 8428 255 419 404 6002 275 493 212 773 1118 840 847 219 319
internal_value=-0.0343232 -0.0330715 -0.0372131 -0.040587 -0.0328424 -0.0338711 -0.0353777 -0.0336921 -0.0328492 -0.0435084 -0.0391988 -0.0309178 -0.0289392 -0.0236748
internal_weight=21043 14685 6358 2236 14430 679 4122 2863 2651 1557 1259 1878 1385 538
internal_count=21043 14685 6358 2236 14430 679 4122 2863 2651 1557 1259 1878 1385 538
is_linear=0
shrinkage=1


Tree=1
num_leaves=15
num_cat=0
split_feature=8 6 11 9 8 11 13 9 7 2 9 9 7 13
split_gain=79.485 58.3969 52.4974 42.3643 34.4234 28.978 35.2821 46.4776 30.0576 26.7349 32.6654 35.0844 24.8865 31.5569
threshold=-0.052691534896100879 0.9608550851892258 -0.060211875059357926 0.74692724077918615 0.026280936978290748 0.13490355075706428 4.5000000000000009 0.82324060533334797 0.93031304963889883 0.77777777777778745 0.71824075815330801 0.79195501125459911 0.66268356692001862 1.0000000180025095e-35
decision_type=2 8 2 2 2 2 2 2 10 2 2 2 8 2
left_child=3 5 -3 -1 -4 9 12 -8 -9 -2 -11 -12 13 -7
right_child=1 2 4 -5 -6 6 7 8 -10 10 11 -13 -14 -15
leaf_value=-0.012272858779978107 -0.0028604273984226946 -0.0033625552937993266 0.0074275615319512244 -0.0029650067465605973 0.021881682214035861 -0.00330024142654211 0.017157079572423118 0.0065784875237238057 -0.0058691732962821222 -0.0080341389832991952 0.012328055638707045 0.00098074295074640841 0.0020625019806323718 0.0013795494265469342
leaf_weight=550 4015 266 454 2153 222 2504 262 551 250 279 292 1413 5141 2680
leaf_count=550 4015 266 454 2153 222 2504 262 551 250 279 292 1413 5141 2680
internal_value=-8.05205e-05 0.000628123 0.00788294 -0.00487811 0.0123001 0.000232916 0.00112169 0.00631268 0.00268114 -0.00145378 0.00139288 0.00295446 0.000584455 -0.000881907
internal_weight=21032 18329 942 2703 676 17387 11388 1063 801 5999 1984 1705 10325 5184
internal_count=21032 18329 942 2703 676 17387 11388 1063 801 5999 1984 1705 10325 5184
is_linear=0
shrinkage=0.03


Tree=2
num_leaves=15
num_cat=0
split_feature=8 6 13 1 0 2 11 10 10 6 10 11 12 4
split_gain=69.5912 67.9048 29.9084 31.5706 29.1671 27.2058 63.1126 27.5639 27.0908 33.0733 26.4513 30.6531 23.8299 22.4444
threshold=-0.0076007878906466566 0.81806866358926189 10.500000000000002 0.49201336685733427 0.63096737512053003 0.71772264238308281 -0.027662877150673944 2.1384511935825565 2.3177534817348122 -0.015810701338993368 3.0012249299032496 0.61938111060832846 -0.033645721715250536 0.84480244816935579
decision_type=2 8 2 2 2 2 2 2 2 10 2 2 10 2
left_child=4 2 3 -2 5 6 -1 -7 -5 -10 11 -9 -3 -11
right_child=1 12 -4 8 -6 7 -8 10 9 13 -12 -13 -14 -15
leaf_value=-0.0075949945145333967 -0.0064063897674392252 0.016017584390938283 -0.010490217435040644 0.00028895295843596171 -0.0068744390156239097 -0.0015195947393459488 -0.00047100874491097966 0.011698108758218586 0.0063224083682326031 -0.0013689831461982276 -0.004723636152256014 0.0002773057347193601 0.0048002014345896078 0.0092026816610738908
leaf_weight=1706 498 339 205 7408 1059 1837 3238 495 1772 1221 219 367 350 207
leaf_count=1706 498 339 205 7408 1059 1837 3238 495 1772 1221 219 367 350 207
internal_value=-0.000205659 0.00128599 0.000726773 0.000938449 -0.00221173 -0.0015797 -0.00293443 0.000716738 0.00128611 0.00359049 0.00450655 0.0068653 0.010395 0.000190227
internal_weight=20921 12000 11311 11106 8921 7862 4944 2918 10608 3200 1081 862 689 1428
internal_count=20921 12000 11311 11106 8921 7862 4944 2918 10608 3200 1081 862 689 1428
is_linear=0
shrinkage=0.03


Tree=3
num_leaves=15
num_cat=0
split_feature=8 9 6 14 12 0 9 10 10 10 10 8 8 6
split_gain=76.3587 52.9653 52.7901 38.7419 29.8979 28.0881 25.4319 25.092 25.0651 22.6931 33.5779 22.5732 21.1301 25.1683
threshold=-0.023349429981344642 0.76708730774579725 0.81806866358926189 1.0000000180025095e-35 0.031213388942459456 0.66762968429259872 1.1888167625626533 1.7103680307777309 2.0415354919211732 1.9639798108550874 3.0693523384988639 -0.063750019042763714 0.071696576227141373 -0.10217732181819288
decision_type=2 2 8 2 10 2 2 2 2 2 2 2 2 10
left_child=1 7 3 5 8 -2 12 -1 -4 -3 -11 -9 -5 -14
right_child=2 9 4 6 -6 -7 -8 11 -10 10 -12 -13 13 -15
leaf_value=-0.011766446032487447 -0.0004067461725782299 -0.0034882199816385104 0.018219960995977107 0.0011565866566802198 0.0010642223141905736 -0.0079242563514776952 0.0093693419962808076 -0.010986311516998446 0.0047735135327406529 0.0020027585075003468 -0.0085938149929335982 0.0001749720770857527 0.012972746152253379 0.00094486560075069358
leaf_weight=751 7201 2406 302 5183 323 472 423 250 218 2082 304 452 310 313
leaf_count=751 7201 2406 302 5183 323 472 423 250 218 2082 304 452 310 313
internal_value=-0.000181437 -0.00296045 0.000996172 0.000552704 0.00826307 -0.000874041 0.00230949 -0.00796775 0.0126819 -0.00143545 0.000637502 -0.00384943 0.00178752 0.00698548
internal_weight=20990 6245 14745 13902 843 7673 6229 1453 520 4792 2386 702 5806 623
internal_count=20990 6245 14745 13902 843 7673 6229 1453 520 4792 2386 702 5806 623
is_linear=0
shrinkage=0.03


Tree=4
num_leaves=15
num_cat=0
split_feature=8 9 5 2 12 13 12 5 10 10 9 12 5 13
split_gain=62.3336 71.5072 48.1646 28.5047 24.8932 23.9972 20.0463 24.6748 23.601 31.0276 23.9474 27.5425 26.7875 23.5654
threshold=-0.052691534896100879 0.75376922418325798 2.8666955481890208 0.66666666666666263 0.17408431474073713 10.500000000000002 0.033031019716583017 3.3049656240556291 2.5566753440689598 2.3524224922032348 0.88297635514851758 0.06776670329856245 3.2668419072589381 3.5000000000000004
decision_type=2 2 2 2 10 2 8 2 2 2 2 8 2 2
left_child=1 -1 5 -3 6 -2 7 -4 9 10 12 -12 -8 -9
right_child=2 3 4 -5 -6 -7 8 13 -10 -11 11 -13 -14 -15
leaf_value=-0.013681637115643266 -0.00066341447406489549 -0.0052481950398440618 -0.00088090109198522945 0.0017458383952411373 -0.0057280180443023488 -0.01070114497529113 0.014840345557393698 0.0022433838947319234 0.00040746961799379122 0.015738733482670846 -0.0048670907558037955 0.0063787935968624265 0.0030398305255417406 0.010179613617607034
leaf_weight=582 10185 1066 2230 1024 335 214 343 2508 781 281 354 427 351 385
leaf_count=582 10185 1066 2230 1024 335 214 343 2508 781 281 354 427 351 385
internal_value=-0.000151457 -0.00442864 0.000470901 -0.00182547 0.00222098 -0.000875023 0.00257213 0.00148964 0.0047508 0.00667589 0.00490201 0.00128289 0.00893651 0.00331528
internal_weight=21066 2672 18394 2090 7995 10399 7660 5123 2537 1756 1475 781 694 2893
internal_count=21066 2672 18394 2090 7995 10399 7660 5123 2537 1756 1475 781 694 2893
is_linear=0
shrinkage=0.03


Tree=5
num_leaves=15
num_cat=0
split_feature=13 13 9 11 3 0 10 0 11 2 12 3 9 0
split_gain=48.7197 37.6748 39.285 27.7391 37.8673 37.6276 30.9439 27.193 26.1776 26.4293 43.502 31.5289 27.0369 22.48
threshold=13.500000000000002 1.5000000000000002 1.3781046311238776 0.20577742026272336 0.8307692307692307 0.57301858749957268 1.3301951068012496 0.55410784725709405 0.045427580969290997 0.77777777777775625 0.078168781775842647 0.61839780546772927 0.74049631706088059 0.62273905054819212
decision_type=2 2 2 2 2 2 2 2 2 2 10 2 2 2
left_child=1 2 8 4 5 -3 -5 -6 9 11 12 -1 -11 -14
right_child=-2 3 -4 6 7 -7 -8 -9 -10 10 -12 -13 13 -15
leaf_value=0.0016717417951226234 -0.014398964860955711 -0.00052911409499806965 0.0092218627414514878 0.010485680587296986 -0.0015192935824850384 -0.011767623758705084 0.0025919885567532489 0.0063535600206945262 -2.3545599014827645e-05 -0.011250642105727128 0.013220018731050581 -0.0058871346863594428 0.0038663936181508587 -0.0065499683696651993
leaf_weight=620 202 791 346 504 730 401 3730 851 9024 208 206 2453 603 264
leaf_count=620 202 791 346 504 730 401 3730 851 9024 208 206 2453 603 264
internal_value=8.31619e-05 0.000227712 -0.000686109 0.00201675 -0.000315646 -0.00434322 0.00354288 0.00272507 -0.000945712 -0.00285475 0.000763502 -0.00436184 -0.00167367 0.000675259
internal_weight=20933 20731 13724 7007 2773 1192 4234 1581 13378 4354 1281 3073 1075 867
internal_count=20933 20731 13724 7007 2773 1192 4234 1581 13378 4354 1281 3073 1075 867
is_linear=0
shrinkage=0.03


Tree=6
num_leaves=15
num_cat=0
split_feature=8 9 5 6 6 12 4 7 4 6 13 13 6 3
split_gain=47.7233 48.0737 40.8751 45.6314 43.2668 30.8122 27.9456 27.0654 26.9381 30.2598 25.6889 44.8747 26.4349 42.5172
threshold=-0.050855284114525286 0.74692724077918615 1.9477914137345762 2.1588470994053979 -0.19854334268113474 -0.12146608110487477 0.6098663432759307 0.22788107955100009 0.041260485215950278 -0.087981452333958807 10.500000000000002 4.5000000000000009 0.065904556277325513 0.79166666666667218
decision_type=2 2 2 8 8 8 2 8 2 10 2 2 10 2
left_child=1 -1 4 10 -2 -6 7 -7 -9 -10 11 12 13 -4
right_child=2 -3 3 -5 5 6 -8 8 9 -11 -12 -13 -14 -15
leaf_value=-0.011175433023510669 -0.0082101165263614023 -0.0014440291755838516 0.0040185982379437038 0.010256110222490374 0.010459400304339148 -0.004791834593652726 -0.0071776332194482722 -0.0076259871410286947 0.010725889047272771 0.0010081815506505257 -0.0081736574885793601 0.0066376101470755778 -0.0012052625276077319 -0.00027903392147604302
leaf_weight=569 794 2249 3927 511 215 652 557 202 412 939 255 1300 4031 4378
leaf_count=569 794 2249 3927 511 215 652 557 202 412 939 255 1300 4031 4378
internal_value=0.000203762 -0.00342527 0.000767286 0.0014953 -0.0020114 -0.000347135 -0.00120572 0.000315658 0.00246845 0.00400031 0.00116945 0.0013471 0.000787107 0.00175429
internal_weight=20991 2818 18173 14402 3771 2977 2762 2205 1553 1351 13891 13636 12336 8305
internal_count=20991 2818 18173 14402 3771 2977 2762 2205 1553 1351 13891 13636 12336 8305
is_linear=0
shrinkage=0.03


Tree=7
num_leaves=15
num_cat=0
split_feature=8 6 11 9 8 13 13 3 8 10 10 12 1 7
split_gain=64.9312 69.1659 57.7165 42.8432 36.1334 32.95 34.4234 32.3203 23.2886 22.319 22.4834 22.1444 21.9887 29.5635
threshold=-0.050855284114525286 0.9608550851892258 -0.060211875059357926 0.74692724077918615 0.019365649030646238 12.500000000000002 1.0000000180025095e-35 0.87666785269524794 0.050692039859211661 2.0754574432026973 2.1977203310881204 0.016959694410093488 0.6491803156454693 -0.10521192542698893
decision_type=2 8 2 2 2 2 2 2 2 2 2 10 2 8
left_child=3 5 -3 -1 -4 6 7 8 9 -2 -11 -10 -9 -14
right_child=1 2 4 -5 -6 -7 -8 12 11 10 -12 -13 13 -15
leaf_value=-0.011768774035313383 -0.00087754330879913616 -0.0035351204211419482 0.0074856004004518924 -0.0026132414573661342 0.02206760190737744 -0.011324896823047943 0.0013222250643199673 -0.0095625955421512702 -0.009232913579347482 0.011349650923694882 0.0020285436636118138 0.00079513405827800327 0.0067534860317734462 -0.004049204607942212
leaf_weight=579 2514 260 411 2189 247 225 9375 525 431 275 1406 362 256 1818
leaf_count=579 2514 260 411 2189 247 225 9375 525 431 275 1406 362 256 1818
internal_value=-0.000271182 0.000383472 0.00838379 -0.00454613 0.0130845 -4.61588e-05 0.000106746 -0.00139506 1.92088e-05 0.00091182 0.00358255 -0.00467887 -0.00410415 -0.00270276
internal_weight=20873 18105 918 2768 658 17187 16962 7587 4988 4195 1681 793 2599 2074
internal_count=20873 18105 918 2768 658 17187 16962 7587 4988 4195 1681 793 2599 2074
is_linear=0
shrinkage=0.03


Tree=8
num_leaves=15
num_cat=0
split_feature=8 6 9 13 5 6 3 11 12 14 13 7 0 5
split_gain=49.9986 45.5167 39.4532 33.5766 28.4527 35.2282 28.1189 27.6325 25.5968 25.284 38.1481 29.2918 24.7127 22.9831
threshold=-0.023349429981344642 0.81806866358926189 0.70546228900782082 10.500000000000002 2.8666955481890208 0.086194638724662612 0.84824507389162984 -0.027662877150673944 0.076723990440947201 1.0000000180025095e-35 1.0000000180025095e-35 0.40030010489259277 0.57172306671671558 3.3147924916659912
decision_type=2 8 2 2 2 10 2 2 10 2 2 10 2 2
left_child=2 3 -1 4 9 6 8 -3 13 -2 -11 -12 -9 -6
right_child=1 7 -4 -5 5 -7 -8 12 -10 10 11 -13 -14 -15
leaf_value=-0.0086194251356482583 -0.0018420508002899819 -0.00081027493062542702 -0.0012307744588597065 -0.0099335963671368342 0.00085940545342443942 -0.0013127777573573838 0.00086374901175713403 0.0067072593327385634 0.012055947317407941 -0.0020474518901459804 0.0093144493528087152 0.001429707159317249 0.019466233742488941 0.0070481270169454324
leaf_weight=734 4318 241 5450 258 956 1663 1767 407 472 1374 707 1054 208 1241
leaf_count=734 4318 241 5450 258 956 1663 1767 407 472 1374 707 1054 208 1241
internal_value=0.000147347 0.00110126 -0.00211401 0.000683763 0.000889483 0.00240816 0.003803 0.00779369 0.00574366 -0.000354073 0.00169507 0.00461265 0.0111447 0.00436324
internal_weight=20850 14666 6184 13810 13552 6099 4436 856 2669 7453 3135 1761 615 2197
internal_count=20850 14666 6184 13810 13552 6099 4436 856 2669 7453 3135 1761 615 2197
is_linear=0
shrinkage=0.03


Tree=9
num_leaves=15
num_cat=0
split_feature=8 13 9 5 13 12 11 10 10 3 12 2 3 14
split_gain=52.9436 39.3262 27.8362 26.7249 34.2675 30.2449 39.5212 23.6219 28.1367 22.772 22.0556 41.9503 21.933 21.9318
threshold=-0.050855284114525286 10.500000000000002 0.74692724077918615 1.9610136633998192 4.5000000000000009 -0.12146608110487477 -0.044743529775867909 1.6300818514244766 2.6393677836369718 0.56410256410256843 -0.0060134136835128795 0.68421052631581447 0.78248892082882671 1.0000000180025095e-35
decision_type=2 2 2 2 2 10 2 2 2 2 8 2 2 2
left_child=2 3 13 5 12 -2 -7 -6 10 -8 -9 -12 -5 -1
right_child=1 -3 -4 4 7 6 9 8 -10 -11 11 -13 -14 -15
leaf_value=-0.014807469436491373 0.0076508054339769968 -0.0095222937861031073 -0.0021460780765441617 0.002420485948242351 0.012982680825183966 -0.0045961489898644946 0.010147086210934764 -0.0060542462976606749 0.013309071516721612 6.7606498518848695e-05 -0.0038457375739191502 0.01312282974821055 -9.271689701757148e-05 -0.003301320961609329
leaf_weight=315 304 327 2232 5616 331 2180 246 257 211 1028 260 256 7038 286
leaf_count=315 304 327 2232 5616 331 2180 246 257 211 1028 260 256 7038 286
internal_value=0.000109431 0.000708017 -0.00369974 0.000899362 0.00150345 -0.00134513 -0.00214681 0.00610353 0.00373558 0.00204594 0.00105363 0.00461792 0.00102319 -0.00940441
internal_weight=20887 18054 2833 17727 13969 3758 3454 1315 984 1274 773 516 12654 601
internal_count=20887 18054 2833 17727 13969 3758 3454 1315 984 1274 773 516 12654 601
is_linear=0
shrinkage=0.03


Tree=10
num_leaves=15
num_cat=0
split_feature=1 6 5 9 6 12 6 11 13 4 0 5 6 6
split_gain=32.8723 23.8715 39.2612 31.0644 22.7898 22.3487 49.49 33.8008 31.2543 26.379 27.0648 27.9378 25.6938 32.2129
threshold=0.98972264052785575 0.006912498699086945 1.3356137811121316 1.2024775103538132 0.9608550851892258 -0.0088221020879286609 -0.12509366848736689 -1.0033384300965886 8.5000000000000018 0.13228624410203269 0.59166563449962795 2.4175806908637179 -0.14115724333331361 -0.12971474771260597
decision_type=2 8 2 2 10 8 8 2 2 2 2 2 8 10
left_child=1 2 -1 -4 5 8 7 -7 12 -9 11 -11 -2 -14
right_child=4 -3 3 -5 -6 6 -8 9 -10 10 -12 -13 13 -15
leaf_value=-0.011774209798246189 -0.0033467436739068367 0.00056595268299892824 -0.0027486869732240085 0.0085415739318791851 0.0095841655525358491 -0.0041585081339312281 0.00021521688124092911 0.012362294872910472 -0.012130586441333701 -0.0040515235968878573 0.01005905497548081 0.0053056361797640759 0.010804980895304761 0.0003718465362129484
leaf_weight=409 1611 2861 3320 230 269 307 5581 514 200 421 579 879 284 3403
leaf_count=409 1611 2861 3320 230 269 307 5581 514 200 421 579 879 284 3403
internal_value=0.00018664 -0.00152156 -0.00302892 -0.00200622 0.00101618 0.000845494 0.00182953 0.00515981 -0.000636964 0.00636145 0.00469147 0.00227144 -0.000192051 0.00118903
internal_weight=20868 6820 3959 3550 14048 13779 8281 2700 5498 2393 1879 1300 5298 3687
internal_count=20868 6820 3959 3550 14048 13779 8281 2700 5498 2393 1879 1300 5298 3687
is_linear=0
shrinkage=0.03


Tree=11
num_leaves=15
num_cat=0
split_feature=8 13 9 5 9 12 0 6 7 10 7 12 7 5
split_gain=63.78 48.3342 42.0006 34.2555 37.148 23.2945 21.4164 20.801 19.8458 19.6288 17.0668 27.4823 27.9278 19.2662
threshold=-0.052691534896100879 10.500000000000002 0.74692724077918615 2.8570738605582142 1.1817171037818721 0.04496145409479458 0.68019339573293125 -0.13696565509843892 0.39484750063207602 0.9129151448923063 1.2006607593884731 0.0026222676647686409 0.096811480778030284 2.5656767307988999
decision_type=2 2 2 2 2 8 2 10 8 2 10 10 10 2
left_child=2 3 8 6 -5 7 9 -6 -1 -2 11 12 -4 -13
right_child=1 -3 10 4 5 -7 -8 -9 -10 -11 -12 13 -14 -15
leaf_value=-0.017574997091480287 -0.007765838443016519 -0.01066084806962107 -0.012036218321852145 0.0014370590413593982 0.012402526658529844 0.014993567292088348 -0.0064376244524132946 0.00084434804632339106 -0.0062797624284562205 0.0001075865156167166 -0.0090418601829986098 0.0082138965728467909 -0.0013123207565610322 -0.00144619520061517
leaf_weight=266 289 338 305 7027 203 280 506 432 308 9282 300 343 746 396
leaf_count=266 289 338 305 7027 203 280 506 432 308 9282 300 343 746 396
internal_value=-0.000134474 0.000495424 -0.00446775 0.000707592 0.00218035 0.00784986 -0.000453643 0.00460735 -0.0116207 -0.000134085 -0.00248021 -0.00135837 -0.00446665 0.00306252
internal_weight=21021 18357 2664 18019 7942 915 10077 635 574 9571 2090 1790 1051 739
internal_count=21021 18357 2664 18019 7942 915 10077 635 574 9571 2090 1790 1051 739
is_linear=0
shrinkage=0.03


Tree=12
num_leaves=15
num_cat=0
split_feature=8 6 12 9 5 14 10 4 9 2 3 6 5 1
split_gain=44.7267 46.6648 38.8661 38.6366 30.826 28.7134 22.8454 22.9746 22.1359 21.2396 20.3089 33.896 23.0616 22.3468
threshold=-0.023856672341440024 0.81806866358926189 -0.067070164850990585 0.73815970781720719 3.5530053936959969 1.0000000180025095e-35 3.0952468085107832 0.018094913008846244 1.2367959843217469 0.16465669782877965 0.66666666666666619 0.17511706611963687 2.4707068709571804 1.224040048597254
decision_type=2 8 10 2 2 2 2 2 2 2 2 10 2 2
left_child=3 4 -3 -1 5 9 7 -5 -7 -2 11 12 13 -11
right_child=1 2 -4 6 -6 8 -8 -9 -10 10 -12 -13 -14 -15
leaf_value=-0.0072200595073958979 -0.0095894446976677473 0.015630671887471186 0.0025497353052435804 -0.010199216777870718 0.003952406364835355 0.0012238989309061473 -0.0092529324068293447 -3.4870277976582875e-06 0.010533279561402886 0.016323415204487015 -0.001914722114663989 -0.0058612567126160352 0.00061930494990361767 0.003850893920363876
leaf_weight=1065 263 338 512 203 2085 5051 276 4551 236 221 4834 364 616 312
leaf_count=1065 263 338 512 203 2085 5051 276 4551 236 221 4834 364 616 312
internal_value=0.000119437 0.00100849 0.00781232 -0.00204309 0.00059222 1.91999e-06 -0.000940893 -0.000449112 0.00164901 -0.00131575 -0.000965638 0.00206298 0.00458788 0.00912607
internal_weight=20927 14832 850 6095 13982 11897 5030 4754 5287 6610 6347 1513 1149 533
internal_count=20927 14832 850 6095 13982 11897 5030 4754 5287 6610 6347 1513 1149 533
is_linear=0
shrinkage=0.03


Tree=13
num_leaves=15
num_cat=0
split_feature=8 6 0 5 3 6 3 6 0 14 2 8 10 2
split_gain=47.1474 44.0047 29.3652 26.9324 24.4232 29.1888 26.1389 27.4872 29.5632 25.0402 28.2869 31.5518 23.5061 23.1806
threshold=-0.0076007878906466566 0.81806866358926189 0.63096737512053003 3.3529731729215229 0.62500000000000255 0.17511706611963687 0.59459459459460529 -0.18681846645505393 0.5044807909180844 1.0000000180025095e-35 0.85714285714283733 0.071696576227141373 2.4244644760839891 0.71428571428567966
decision_type=2 8 2 2 2 10 2 10 2 2 2 2 2 2
left_child=2 3 13 4 5 6 7 -2 -9 -6 11 -11 -5 -1
right_child=1 -3 -4 12 9 -7 -8 8 -10 10 -12 -13 -14 -15
leaf_value=-0.0022378824685679644 -0.0042185615469599331 0.0086292334076968711 -0.0062246078420790593 0.00070633265908314651 -0.0024960535826899629 -0.0046071112028633551 0.013757492722980529 0.015760467155621603 0.0028275589031978047 -0.00129489444321681 0.0078088963698641749 0.0089795393650649018 0.0062205655009509838 0.0011084968452961797
leaf_weight=4879 332 685 1081 1433 3702 355 246 203 690 2274 481 300 1350 3008
leaf_count=4879 332 685 1081 1433 3702 355 246 203 690 2274 481 300 1350 3008
internal_value=4.73315e-05 0.00127281 -0.00159922 0.000825852 -6.26524e-06 0.00306731 0.00492873 0.00310705 0.0058389 -0.000838517 0.00117086 -8.23206e-05 0.00338758 -0.000961723
internal_weight=21019 12051 8968 11366 8583 1826 1471 1225 893 6757 3055 2574 2783 7887
internal_count=21019 12051 8968 11366 8583 1826 1471 1225 893 6757 3055 2574 2783 7887
is_linear=0
shrinkage=0.03


Tree=14
num_leaves=15
num_cat=0
split_feature=8 6 12 5 6 8 7 0 2 10 12 6 6 7
split_gain=36.2502 47.6514 22.657 28.0107 47.5163 26.7895 20.4688 20.1225 21.2867 23.2677 18.731 22.5014 37.2969 23.6747
threshold=-0.0076007878906466566 0.81806866358926189 -0.022812690538997923 2.5174821666930627 -0.10217732181819288 0.023982998328563092 -0.20739591993992373 0.63096737512053003 0.45348837209301029 1.0158085694241394 0.11343399380293386 0.1477782652918769 0.25078078532005038 0.81736667775807947
decision_type=2 8 10 2 10 2 10 2 2 2 8 10 10 10
left_child=7 2 -2 6 -5 -6 -4 8 -1 -10 11 13 -13 -11
right_child=1 -3 3 4 5 -7 -8 -9 9 10 -12 12 -14 -15
leaf_value=-0.0040286660146140324 -0.0016508922325126469 0.0085514719593593157 0.0069243700942903186 0.0062361152662968131 0.0035520420632838869 -0.002239083276584375 -0.0018093090934710252 -0.0056005412001453141 -0.009270281865302309 -0.0015240750443753497 -0.0049292473747859873 0.011326326594536388 0.00025026020224115224 0.0043723960671262201
leaf_weight=1813 3494 672 260 1973 1244 1689 2729 1047 246 3288 602 425 753 748
leaf_count=1813 3494 672 260 1973 1244 1689 2729 1047 246 3288 602 425 753 748
internal_value=-0.000253546 0.000818806 0.000358993 0.00124897 0.00264275 0.000219024 -0.00103931 -0.00170283 -0.00118139 -0.00032722 5.8684e-05 0.000638753 0.00427728 -0.000427212
internal_weight=20983 12061 11389 7895 4906 2933 2989 8922 7875 6062 5816 5214 1178 4036
internal_count=20983 12061 11389 7895 4906 2933 2989 8922 7875 6062 5816 5214 1178 4036
is_linear=0
shrinkage=0.03


Tree=15
num_leaves=15
num_cat=0
split_feature=11 6 2 12 0 13 10 13 6 10 2 12 2 7
split_gain=43.0648 47.0695 38.32 45.773 36.4824 33.3175 51.4441 33.6189 31.4633 30.7799 23.9728 21.1505 20.5391 18.278
threshold=0.13490355075706428 2.1588470994053979 0.77777777777778745 0.064097932350994549 0.6421736887461772 3.5000000000000004 1.4885083865807589 7.5000000000000009 -0.042807755309401944 0.9129151448923063 0.87500000000000888 -0.027906875869642352 0.88235294117646712 0.65712940679334542
decision_type=2 8 2 10 2 2 2 2 10 2 2 10 2 10
left_child=2 5 -1 4 8 9 -7 -8 -4 -2 -5 -3 -10 -11
right_child=1 11 3 10 -6 6 7 -9 12 13 -12 -13 -14 -15
leaf_value=-0.00325999032437375 -0.010781876893471118 0.016115347480949234 -0.0029236596770948024 0.0036583339772441169 -0.0089005547285382521 0.014897399654401993 0.004554330864583964 -0.0063062812509540279 0.0093111302288809081 -0.000901762240117467 0.017317273448882758 0.0037502148558996849 -0.00021310241387809736 0.0015669472327709763
leaf_weight=5150 225 250 815 270 389 341 1072 332 484 5499 202 251 349 5292
leaf_count=5150 225 250 815 270 389 341 1072 332 484 5499 202 251 349 5292
internal_value=1.04992e-05 0.00104475 -0.00177989 0.00125863 -0.000698587 0.000688648 0.00453388 0.00197289 0.0012585 7.77596e-05 0.00962415 0.0100187 0.00534332 0.000309079
internal_weight=20921 13262 7659 2509 2037 12761 1745 1404 1648 11016 472 501 833 10791
internal_count=20921 13262 7659 2509 2037 12761 1745 1404 1648 11016 472 501 833 10791
is_linear=0
shrinkage=0.03


Tree=16
num_leaves=15
num_cat=0
split_feature=11 8 0 12 7 12 5 12 0 4 4 8 7 7
split_gain=43.9325 30.4731 28.2282 29.5719 27.9226 27.1534 21.8527 20.7783 37.1136 19.5617 18.3705 17.6401 16.9494 28.2333
threshold=0.077036342945250233 -0.062700535036103747 0.62956881050338842 0.04246847563153517 0.43999566160311787 0.17408431474073713 3.1480567845250964 0.12806391645660051 0.54482036625745633 0.99252717924570688 0.071847621488853403 -0.014987018639599827 0.67008264963755737 0.39484750063207602
decision_type=2 2 2 10 10 10 2 8 2 2 2 2 8 10
left_child=2 4 6 -4 -2 7 9 12 -9 10 11 -1 13 -3
right_child=1 5 3 -5 -6 -7 -8 8 -10 -11 -12 -13 -14 -15
leaf_value=-0.0093826497762978505 -0.0096175244483132864 0.0020407655473505867 -0.0090638028936529599 0.0018184422591262183 0.00055695828612807802 -0.0050205467244012602 0.0037635013279750159 -7.3111020902756738e-05 0.015746163692581291 -0.0086235581027777168 -0.00025394610260358536 -0.00091459779008742296 0.0027954492993515845 -0.0022801087285321772
leaf_weight=424 424 3833 805 309 558 528 793 272 257 326 4152 460 5737 2104
leaf_count=424 424 3833 805 309 558 528 793 272 257 326 4152 460 5737 2104
internal_value=0.000217478 0.0012168 -0.0016673 -0.00605066 -0.00386256 0.00160996 -0.000869679 0.00189879 0.00768772 -0.00155776 -0.00109226 -0.00500612 0.00163329 0.000508871
internal_weight=20982 13713 7269 1114 982 12731 6155 12203 529 5362 5036 884 11674 5937
internal_count=20982 13713 7269 1114 982 12731 6155 12203 529 5362 5036 884 11674 5937
is_linear=0
shrinkage=0.03


Tree=17
num_leaves=15
num_cat=0
split_feature=8 11 10 1 12 11 12 7 7 12 7 8 2 10
split_gain=58.8271 48.7595 27.0375 26.2397 24.6261 40.0817 24.4838 26.6983 25.4571 24.3694 23.6051 39.5462 23.5208 23.5053
threshold=-0.066708615669484939 0.13490355075706428 2.0827935973393115 1.0557066927705507 0.06776670329856245 -0.84344613932521206 -0.13302599242165966 0.65712940679334542 0.4291918111653466 -0.16190217570176316 0.70813160832888511 0.0056349669039008647 0.73170731707317327 1.5611027781882949
decision_type=2 2 2 2 10 2 10 8 10 8 10 2 2 2
left_child=-1 2 4 12 -2 -6 9 8 -8 -3 11 -9 -4 -7
right_child=1 6 3 -5 5 13 7 10 -10 -11 -12 -13 -14 -15
leaf_value=-0.0054477261456971366 -0.0041969530176415555 0.0021991950680442596 0.0013566434088103268 -0.0013496142876267361 -0.0098684779169276281 -0.00048306621363515935 0.0010532919276313257 0.017415441758478218 -0.0032387852220355333 0.012748470415993193 0.0020043238449691933 0.0009294345606314508 0.011760470630304717 0.010937446255398832
leaf_weight=1669 3449 483 540 1646 206 326 4060 242 1787 331 5329 280 303 317
leaf_count=1669 3449 483 540 1646 206 326 4060 242 1787 331 5329 280 303 317
internal_value=-5.29578e-05 0.000414878 -0.0016318 0.000855406 -0.00307148 0.00149849 0.00152528 0.00117366 -0.000260128 0.00654053 0.00260546 0.00866509 0.00514339 0.00518821
internal_weight=20968 19299 6787 2489 4298 849 12512 11698 5847 814 5851 522 843 643
internal_count=20968 19299 6787 2489 4298 849 12512 11698 5847 814 5851 522 843 643
is_linear=0
shrinkage=0.03


Tree=18
num_leaves=15
num_cat=0
split_feature=8 9 6 11 5 9 11 4 13 8 8 4 4 0
split_gain=40.3717 36.3471 36.229 41.7214 24.2362 24.8349 30.2071 28.5932 27.8398 23.7326 21.4469 29.9955 26.9449 25.448
threshold=-0.050855284114525286 0.74692724077918615 -0.57152617131478567 1.0176142607988481 3.3147924916659912 0.90606971951304049 2.3577538352305183 0.08731582215171009 2.5000000000000004 0.05870651775265303 0.071696576227141373 0.60328587044664295 0.40240850158833102 0.62956881050338842
decision_type=2 2 10 2 2 2 2 2 2 2 2 2 2 2
left_child=1 -1 3 -2 10 7 9 -6 -9 -7 11 13 -12 -4
right_child=2 -3 4 -5 5 6 -8 8 -10 -11 12 -13 -14 -15
leaf_value=-0.0099200993206720722 0.0012541787690586515 -0.001523903063193799 0.00069403325757678655 0.016517170388268727 -0.0077554236983339627 0.0046897351255933556 -0.0023164853275591283 -0.00062918428113610319 0.0093058271059623127 0.014593732584886282 -0.00012734154421909183 -0.0035444297423181232 0.0098337097090730463 -0.0039154074944797073
leaf_weight=581 400 2242 8472 266 367 1658 490 1157 320 248 607 2552 404 1230
leaf_count=581 400 2242 8472 266 367 1658 490 1157 320 248 607 2552 404 1230
internal_value=6.80172e-05 -0.0032664 0.0005868 0.00742786 0.000324477 0.00229749 0.00430845 -0.00032003 0.00154742 0.00601321 -0.000306802 -0.000653831 0.00388194 0.000107942
internal_weight=20994 2823 18171 666 17505 4240 2396 1844 1477 1906 13265 12254 1011 9702
internal_count=20994 2823 18171 666 17505 4240 2396 1844 1477 1906 13265 12254 1011 9702
is_linear=0
shrinkage=0.03


Tree=19
num_leaves=15
num_cat=0
split_feature=11 8 6 9 13 2 10 0 6 9 6 0 9 8
split_gain=48.281 31.8714 29.8881 29.8688 28.2911 33.3009 26.8561 23.2907 29.6054 25.5487 31.364 25.9892 25.4289 20.2398
threshold=0.77032184932696424 -0.094370614255231092 inf 0.85248052325752721 10.500000000000002 0.76923076923077516 1.0597752841945141 0.63716092792292212 -0.14593288138267482 0.75978273072014957 -0.10217732181819288 0.57172306671671558 0.92369098509184455 -0.0085318813702644873
decision_type=2 2 8 2 2 2 2 2 10 2 10 2 2 2
left_child=1 3 -2 -1 5 13 -7 9 -9 11 12 -8 -11 -3
right_child=2 4 -4 -5 -6 6 7 8 -10 10 -12 -13 -14 -15
leaf_value=-0.016932581092270325 0.0016545691195030386 -0.0032317224998974748 0.011165581680259776 -0.00076886323130712271 -0.010612927900403739 -0.0071724660137914261 0.016647850391632725 0.0070077318989712253 -0.0067622102228479123 -0.0071917615969266206 0.0054600363254481508 0.0027885289815596384 0.0033552225201510552 -0.00014128587471822472
leaf_weight=208 8790 3415 303 200 245 260 257 202 434 415 1301 232 399 4313
leaf_count=208 8790 3415 303 200 245 260 257 202 434 415 1301 232 399 4313
internal_value=0.000332741 -0.000926331 0.00197746 -0.00911442 -0.000631304 -0.000408874 0.00201703 0.00276437 -0.00236819 0.00402008 0.0025782 0.0101672 -0.002033 -0.00150816
internal_weight=20974 11881 9093 408 11473 11228 3500 3240 636 2604 2115 489 814 7728
internal_count=20974 11881 9093 408 11473 11228 3500 3240 636 2604 2115 489 814 7728
is_linear=0
shrinkage=0.03


Tree=20
num_leaves=15
num_cat=0
split_feature=11 13 6 10 12 6 13 0 2 0 7 3 10 10
split_gain=33.8312 37.3958 33.3693 28.0937 23.9997 23.5495 22.1543 29.1227 23.7455 22.1429 18.0195 27.4246 23.7652 23.9343
threshold=0.42722610288313517 1.0000000180025095e-35 0.64394469199171489 1.8720323242279606 -0.025161647996556399 -0.3904296971124781 2.5000000000000004 0.67353353796880067 0.73913043478256968 0.55282752445344996 -0.019103617005133907 0.92307692307693123 2.1305297417641573 1.6351602105740788
decision_type=2 2 8 2 10 10 2 2 2 2 10 2 2 2
left_child=3 2 -2 -1 -4 9 7 8 -5 -3 -7 -12 13 -13
right_child=1 5 4 6 -6 10 -8 -9 -10 -11 11 12 -14 -15
leaf_value=-0.0029528321075868507 -0.0015788019012230987 0.0025163594572069612 0.014548383051665817 0.00037669891936753383 0.00054576501402942858 0.0066824362535742648 -0.0031487318126197598 -0.0091613240333115863 0.0058911942339380206 0.015982944111579953 0.002435600117358919 -0.00071023697422986675 0.002070248488395314 -0.014404127242704554
leaf_weight=5017 4808 223 200 1977 239 669 1208 207 1086 216 4251 215 377 243
leaf_count=5017 4808 223 200 1977 239 669 1208 207 1086 216 4251 215 377 243
internal_value=-8.89078e-05 0.00100952 -0.000853615 -0.0014123 0.00701708 0.00258722 0.000315034 0.00159747 0.0023383 0.00924766 0.00207157 0.0014591 -0.00349719 -0.00805286
internal_weight=20936 11441 5247 9495 439 6194 4478 3270 3063 439 5755 5086 835 458
internal_count=20936 11441 5247 9495 439 6194 4478 3270 3063 439 5755 5086 835 458
is_linear=0
shrinkage=0.03


Tree=21
num_leaves=15
num_cat=0
split_feature=8 9 11 4 10 13 10 5 3 5 7 0 9 3
split_gain=40.8892 30.394 28.2878 41.9065 27.1216 23.3052 31.6784 31.5458 20.383 17.4882 24.5601 24.8897 20.9625 16.0224
threshold=-0.052691534896100879 0.68774042098099042 0.13490355075706428 0.97305679552719915 1.9084176366569772 3.5000000000000004 1.6171794075459915 3.0302164047257203 0.81250000000000411 2.047434042556096 0.3398170064207518 0.53881746871764413 0.81120234647460265 0.51428571428572523
decision_type=2 2 2 2 2 2 2 2 2 2 10 2 2 2
left_child=1 -1 3 4 -2 9 8 -8 -7 10 -4 -12 -13 -6
right_child=2 -3 5 -5 13 6 7 -9 -10 -11 11 12 -14 -15
leaf_value=-0.013445509420924408 -0.0025178330290131857 -0.0025985252330128343 -0.0028636272388678982 -0.010223782649094407 0.0095739054939021229 0.018286023747337898 -0.0032669767593141137 0.0062571421502258294 0.0050539582663852913 0.00019564069221720675 0.0010928961791490254 0.0039920621796704411 0.016794930333580919 0.00089365645628476957
leaf_weight=253 3173 2406 332 435 202 202 558 701 223 9072 394 207 266 2560
leaf_count=253 3173 2406 332 435 202 202 558 701 223 9072 394 207 266 2560
internal_value=-0.000181036 -0.0036539 0.000323744 -0.00129037 -0.00062755 0.00118397 0.00444982 0.00203974 0.0114826 0.000646613 0.00404383 0.00669015 0.0112924 0.00154464
internal_weight=20984 2659 18325 6370 5935 11955 1684 1259 425 10271 1199 867 473 2762
internal_count=20984 2659 18325 6370 5935 11955 1684 1259 425 10271 1199 867 473 2762
is_linear=0
shrinkage=0.03


Tree=22
num_leaves=15
num_cat=0
split_feature=13 12 5 10 12 2 3 13 4 12 9 14 7 7
split_gain=29.044 29.3004 32.4316 24.8826 21.4459 18.9776 24.8437 32.1251 25.4021 17.4033 19.499 31.7402 19.306 26.274
threshold=13.500000000000002 -0.019671530526160438 1.0144132240514401 1.5611027781882949 0.18134696496238903 0.84674476100776697 0.9019607843137184 1.5000000000000002 0.44091227761109181 -0.016812965540718313 1.2717651600827871 1.0000000180025095e-35 0.20312906554243829 0.40030010489259277
decision_type=2 8 2 2 10 2 2 2 2 10 2 2 8 8
left_child=1 -1 -3 -4 5 9 -7 -8 -9 -5 12 -12 -11 -14
right_child=-2 2 3 4 -6 6 7 8 -10 10 11 -13 13 -15
leaf_value=-0.0013776209478250747 -0.011031548218485319 -0.005459958515359682 -0.00082606133603477076 0.0096503917272147445 -0.0038298886557493143 0.014102205624512861 -0.00099818003755430449 0.017422271599330439 0.0028638426042520084 -0.0022959255239489193 0.00033738412505943279 0.016387871984392406 0.007027689060231602 0.001111621657487292
leaf_weight=7427 207 664 3503 248 505 259 565 203 229 1152 242 200 786 4653
leaf_count=7427 207 664 3503 248 505 259 565 203 229 1152 242 200 786 4653
internal_value=1.59196e-05 0.000129382 0.000976923 0.00131966 0.00215094 0.00250677 0.00590642 0.00371757 0.00982602 0.00191667 0.0016373 0.00770212 0.00122505 0.00197223
internal_weight=20843 20636 13209 12545 9042 8537 1256 997 432 7281 7033 442 6591 5439
internal_count=20843 20636 13209 12545 9042 8537 1256 997 432 7281 7033 442 6591 5439
is_linear=0
shrinkage=0.03


Tree=23
num_leaves=15
num_cat=0
split_feature=13 11 2 0 9 12 1 3 3 7 8 7 12 13
split_gain=38.7365 35.486 32.403 40.5857 34.5621 25.6378 25.0614 24.5986 28.1961 33.3622 24.1018 29.897 31.1934 23.0109
threshold=13.500000000000002 0.12036236708353025 0.77777777777775625 0.64851173222645953 1.2717651600827871 0.005533017637758709 0.6608080976400591 0.86401754385965623 0.68181818181820264 -0.1532023592510332 -0.010946634079332199 0.27014879675054532 0.016305662391651269 1.5000000000000002
decision_type=2 2 2 2 2 10 2 2 2 8 2 10 8 2
left_child=1 2 4 -4 6 -5 -1 8 -3 -10 11 -11 -13 -9
right_child=-2 7 3 5 -6 -7 -8 13 9 10 -12 12 -14 -15
leaf_value=-0.0085645447211258659 -0.013050564298595208 -2.9946500245136968e-05 0.0028899436893621553 -0.014441553376717108 0.0078804131826529129 0.00024163774310428406 -0.0026641204416088453 -0.0022849849432127279 -0.0082337189225242732 -0.0072354919231574603 0.0055058867313455152 0.0070186979968446962 -0.0027346890761020654 0.0021618779791157494
leaf_weight=773 202 3885 2043 214 242 209 3937 3179 207 318 3018 716 496 1556
leaf_count=773 202 3885 2043 214 242 209 3937 3179 207 318 3018 716 496 1556
internal_value=-0.000137032 -8.47238e-06 -0.00167198 0.00113623 -0.00307015 -0.00726867 -0.00364055 0.000914417 0.00186647 0.0034143 0.00395292 0.000881654 0.00303238 -0.000822933
internal_weight=20995 20793 7418 2466 4952 423 4710 13375 8640 4755 4548 1530 1212 4735
internal_count=20995 20793 7418 2466 4952 423 4710 13375 8640 4755 4548 1530 1212 4735
is_linear=0
shrinkage=0.03


Tree=24
num_leaves=15
num_cat=0
split_feature=13 8 9 4 2 0 10 10 11 4 4 12 9 14
split_gain=29.4284 25.2155 40.0227 28.8746 40.7207 23.948 28.1427 32.1016 18.4191 22.4105 22.3823 16.9727 19.581 17.0979
threshold=13.500000000000002 -0.022918053143145656 0.75376922418325798 0.08731582215171009 0.58773199233024109 0.66238203612353652 1.9084176366569772 2.505714400805354 -0.44749248477440789 0.31392414374529731 0.66198951672650563 -0.15429504791603085 0.8975384503563999 1.0000000180025095e-35
decision_type=2 2 2 2 2 2 2 2 2 2 2 10 2 2
left_child=1 2 -1 4 -4 6 8 -8 -5 -10 -11 12 -3 -13
right_child=-2 11 3 5 -6 -7 7 -9 9 10 -12 13 -14 -15
leaf_value=-0.00626940930942964 -0.011091544652860877 0.00037751090698517285 -0.010416138328341299 -0.0070076301885941593 0.0016205694512493149 -0.0077211336320660816 0.0071811929074520209 -0.00058173297201955009 -0.0036230262483275214 0.0083617874813636354 -0.0026101478781889783 -0.00036825466858356442 0.0099321326498271034 0.001747255886774742
leaf_weight=1229 206 385 532 383 476 264 1161 813 640 427 270 7453 383 6376
leaf_count=1229 206 385 532 383 476 264 1161 813 640 427 270 7453 383 6376
internal_value=5.58049e-05 0.000168889 -0.00143408 -0.000232318 -0.00475219 0.00092332 0.00155072 0.00399061 -0.00125293 0.000415536 0.00412322 0.000849452 0.0051758 0.000607402
internal_weight=20998 20792 6195 4966 1008 3958 3694 1974 1720 1337 697 14597 768 13829
internal_count=20998 20792 6195 4966 1008 3958 3694 1974 1720 1337 697 14597 768 13829
is_linear=0
shrinkage=0.03


Tree=25
num_leaves=15
num_cat=0
split_feature=8 9 12 10 2 7 0 5 3 4 11 11 4 10
split_gain=39.1903 32.2175 28.012 24.2618 23.9899 33.3527 29.7515 34.2984 26.2621 23.0443 21.9071 29.212 27.0931 20.9576
threshold=-0.022918053143145656 0.70546228900782082 0.27586832256579641 3.0952468085107832 0.63636363636364301 0.19763183359810907 0.64446723368294345 1.3661363412462324 0.8749999999999728 0.31130540197928641 0.72162351562627858 1.3323182878872217 0.079387516124482541 2.1457314537027279
decision_type=2 2 8 2 2 10 2 2 2 2 2 2 2 2
left_child=1 9 -2 4 5 -3 7 -6 10 -1 12 -12 -7 -9
right_child=2 3 -4 -5 6 8 -8 13 -10 -11 11 -13 -14 -15
leaf_value=-0.01269287125468254 0.0007481649633534124 -0.013110787413795205 0.011083164662122726 -0.0093277033861702326 0.012298245542815752 -0.012672269368341184 -0.0067124860459888301 -0.00089427851100828167 -0.0087518655695021149 -0.0018112287456169723 0.009642250946468478 -0.0016574625151329918 -0.00054297767364634914 0.0053862724767779193
leaf_weight=395 14407 250 235 303 275 206 365 1474 380 315 372 451 775 702
leaf_count=395 14407 250 235 303 275 206 365 1474 380 315 372 451 775 702
internal_value=6.82649e-05 -0.00191689 0.000917766 -0.001144 -0.000663258 -0.00284164 0.00122132 0.00241407 -0.00163888 -0.00791153 -0.000120534 0.00347745 -0.00314135 0.0011396
internal_weight=20905 6263 14642 5553 5250 2434 2816 2451 2184 710 1804 823 981 2176
internal_count=20905 6263 14642 5553 5250 2434 2816 2451 2184 710 1804 823 981 2176
is_linear=0
shrinkage=0.03


Tree=26
num_leaves=15
num_cat=0
split_feature=13 8 6 6 3 9 5 3 2 12 6 5 2 11
split_gain=31.3761 32.3298 38.634 33.639 46.8072 32.7125 30.5203 30.3343 29.7632 25.847 24.906 22.2086 20.8349 20.1126
threshold=13.500000000000002 -0.023349429981344642 0.34434116980717372 0.065904556277325513 0.8749999999999728 0.73815970781720719 1.8034435548886585 0.68181818181820264 0.61764705882353654 0.13484352211148928 0.39879768353717798 2.4988427364782924 0.71999999999999986 0.43967355444853767
decision_type=2 2 8 10 2 2 2 2 2 10 10 2 2 2
left_child=1 5 3 4 8 -1 12 -4 -3 10 13 -10 -6 -9
right_child=-2 2 7 -5 6 -7 -8 9 11 -11 -12 -13 -14 -15
leaf_value=-0.006788765672272626 -0.011847247398718837 0.0038765051009942261 -0.0016210705660573163 -0.0028675211297647827 -0.015793666733454351 -0.0010362108648779408 -0.0008410080553535507 0.0063688068940587666 -0.0041598251155643366 -0.0033697891049087048 0.004750081523430128 0.0018346252337672374 -0.0037194372809261356 0.018568036953977251
leaf_weight=1072 206 3963 561 2969 214 5131 2735 225 873 203 810 1513 322 281
leaf_count=1072 206 3963 561 2969 214 5131 2735 225 873 203 810 1513 322 281
internal_value=-0.000336666 -0.00022025 0.000547589 -7.88337e-05 0.000782875 -0.00203503 -0.00213047 0.00433005 0.00228433 0.00652604 0.0080595 -0.000362763 -0.00864153 0.0132589
internal_weight=21078 20872 14669 12589 9620 6203 3271 2080 6349 1519 1316 2386 536 506
internal_count=21078 20872 14669 12589 9620 6203 3271 2080 6349 1519 1316 2386 536 506
is_linear=0
shrinkage=0.03


Tree=27
num_leaves=15
num_cat=0
split_feature=11 11 4 2 12 5 0 5 3 3 12 13 13 3
split_gain=21.3677 22.3485 21.725 21.5813 19.3611 20.9989 18.6116 18.2095 21.5451 21.5608 21.3274 17.0401 39.0822 22.7619
threshold=0.13490355075706428 0.17936782775241072 0.97305679552719915 0.77777777777778745 0.066483695974574056 1.5464027009802215 0.5162775561017966 2.4086747388487209 0.66666666666666763 0.5849056603773618 -0.10276591514812776 3.5000000000000004 7.5000000000000009 0.92476113457334186
decision_type=2 2 2 2 10 2 2 2 2 2 10 2 2 2
left_child=2 -2 3 7 5 -5 -7 8 9 -1 -10 -3 13 -13
right_child=1 11 -4 4 -6 6 -8 -9 10 -11 -12 12 -14 -15
leaf_value=-0.0028673339628959228 0.01006804882380806 0.00047024095839547038 -0.0069211548725528821 0.0061563692503161238 0.0078517363460001276 0.0062619467766917482 -0.0028611410888060265 0.00091004690969676049 0.0034004355238301909 0.0064722710673941856 -0.0055406807381236829 0.0079261362786102185 -0.0046244345445916168 -0.0015924002972467174
leaf_weight=538 239 11255 502 457 404 240 1125 1690 269 372 2021 1106 398 282
leaf_count=538 239 11255 502 457 404 240 1125 1690 269 372 2021 1106 398 282
internal_value=0.000345231 0.00107164 -0.000920953 -0.000493104 0.0019528 0.000626891 -0.00124008 -0.00160737 -0.00293623 0.000965119 -0.00448527 0.000902973 0.00362103 0.00599348
internal_weight=20898 13280 7618 7116 2226 1822 1365 4890 3200 910 2290 13041 1786 1388
internal_count=20898 13280 7618 7116 2226 1822 1365 4890 3200 910 2290 13041 1786 1388
is_linear=0
shrinkage=0.03


Tree=28
num_leaves=15
num_cat=0
split_feature=13 8 12 6 13 3 5 3 5 0 2 12 6 12
split_gain=35.0751 35.5138 23.6027 27.0183 19.4508 37.0418 31.0279 23.009 19.88 22.5792 17.6629 43.7245 20.7667 27.7184
threshold=13.500000000000002 -0.050855284114525286 -0.13800285122431974 -0.36198782589730094 1.5000000000000002 0.45744004974451974 3.1292715700278753 0.99977846699158712 3.3529731729215229 0.55910365614145607 0.60802010050251187 0.010117083216811042 0.017146286909857981 -0.058629848146089285
decision_type=2 2 10 10 2 2 2 2 2 2 2 10 8 10
left_child=1 10 3 -3 5 6 -4 8 9 -7 -1 12 13 -12
right_child=-2 2 4 -5 -6 7 -8 -9 -10 -11 11 -13 -14 -15
leaf_value=-0.0057798269345896089 -0.01206605552881956 0.013458348984118105 0.010257985812157045 0.0024015107601625869 0.0018687279142377924 0.00046850120439784958 -0.0029962210148845895 -0.0055309268349978645 0.0021636512008465698 -0.0029074603591876425 0.00069688148985979921 0.0053888413802577325 0.00093224161226330819 -0.012058307978984535
leaf_weight=1124 205 254 511 871 5808 3857 227 827 2204 3309 231 619 388 448
leaf_count=1124 205 254 511 871 5808 3857 227 827 2204 3309 231 619 388 448
internal_value=0.000132799 0.000256625 0.000749855 0.0049464 0.000466486 -0.000278812 0.00618842 -0.000749676 -0.000324956 -0.00109134 -0.00287544 -0.000927819 -0.00460035 -0.00774554
internal_weight=20883 20678 17868 1125 16743 10935 738 10197 9370 7166 2810 1686 1067 679
internal_count=20883 20678 17868 1125 16743 10935 738 10197 9370 7166 2810 1686 1067 679
is_linear=0
shrinkage=0.03


Tree=29
num_leaves=15
num_cat=0
split_feature=13 14 12 12 0 10 5 9 5 11 12 2 13 11
split_gain=21.7315 19.1476 25.5229 24.5745 23.4394 24.7682 22.1925 21.3604 21.9192 20.9657 17.8885 39.991 16.0592 45.1415
threshold=12.500000000000002 1.0000000180025095e-35 0.13125932158411088 0.12461964650826853 0.67657224831781249 2.0913661969862067 2.3402043240416885 1.0010834591242357 3.2668419072589381 0.13490355075706428 0.092862646190482803 0.66307254126947079 3.5000000000000004 0.60979678327195874
decision_type=2 2 8 10 2 2 2 2 2 2 10 2 2 2
left_child=1 2 4 10 5 12 -7 8 -5 -6 -3 -12 -1 -14
right_child=-2 3 -4 7 9 6 -8 -9 -10 -11 11 -13 13 -15
leaf_value=-0.0023726075771716751 -0.0087986118368715404 0.001281122014796452 0.0083450822327490685 -0.0019760592111816781 -0.013459464963979838 -0.0026742357380318505 0.0023363662205325591 0.0050081151214630259 -0.01171745438169202 -0.0019062156295567229 -7.2580013085495333e-05 0.013464533860831619 -0.0033618250548921895 0.010632128133667202
leaf_weight=5661 246 6975 268 854 241 1043 3302 267 271 337 435 353 538 331
leaf_count=5661 246 6975 268 854 241 1043 3302 267 271 337 435 353 538 331
internal_value=-2.38723e-05 8.16101e-05 -0.000721239 0.00110932 -0.00093694 -0.000622473 0.0011319 -0.00255494 -0.00436412 -0.00679752 0.00176758 0.00603829 -0.00178979 0.00199877
internal_weight=21122 20876 11721 9155 11453 10875 4345 1392 1125 578 7763 788 6530 869
internal_count=21122 20876 11721 9155 11453 10875 4345 1392 1125 578 7763 788 6530 869
is_linear=0
shrinkage=0.03


Tree=30
num_leaves=15
num_cat=0
split_feature=11 6 0 7 2 0 3 8 5 2 12 6 7 3
split_gain=36.1283 40.876 34.1352 27.2568 23.3458 28.7611 22.1532 26.7019 19.2031 18.3355 17.123 31.1838 24.6269 19.1295
threshold=-0.19089778657074355 0.9608550851892258 0.55282752445344996 0.73950684268762357 0.78571428571428681 0.64446723368294345 0.66666666666666763 -0.039327806862667257 2.9729977994026964 0.40255656293390446 -0.018213343815518031 -0.1276580873898123 0.83237526356808456 0.92307692307689826
decision_type=2 8 2 10 2 2 2 2 2 2 10 10 8 2
left_child=4 10 3 -3 6 8 7 -1 -6 -8 13 12 -12 -2
right_child=1 2 -4 -5 5 -7 9 -9 -10 -11 11 -13 -14 -15
leaf_value=-0.0085303617380559447 -0.00022916425143734291 -0.0057482988728970426 0.014352418949966432 0.009243495403049147 0.0038849982220526265 -0.0071694427617203828 -0.011908134064850617 0.0028839426400745225 -0.0042671854624229408 -0.0040622745881824665 0.0013483515020494383 -0.00027069337281024954 0.0068880494526689113 -0.0046552154490891139
leaf_weight=235 3994 218 337 209 1259 356 296 792 323 2617 1939 6196 1149 1122
leaf_count=235 3994 218 337 209 1259 356 296 792 323 2617 1939 6196 1149 1122
internal_value=-0.000224652 0.000549367 0.00728838 0.00161166 -0.00222023 0.000474952 -0.00354485 0.000243426 0.00221235 -0.00487856 0.000189419 0.0009572 0.0034174 -0.00120345
internal_weight=21042 15164 764 427 5878 1938 3940 1027 1582 2913 14400 9284 3088 5116
internal_count=21042 15164 764 427 5878 1938 3940 1027 1582 2913 14400 9284 3088 5116
is_linear=0
shrinkage=0.03


Tree=31
num_leaves=15
num_cat=0
split_feature=13 8 10 9 5 14 9 5 13 2 3 3 11 2
split_gain=26.3785 27.5326 30.9962 28.8558 26.0457 23.6551 41.6065 32.73 38.8651 26.5336 35.5527 30.1119 23.4299 22.848
threshold=13.500000000000002 -0.022918053143145656 1.7103680307777309 0.76708730774579725 2.8385206647950278 1.0000000180025095e-35 1.2367959843217469 3.3823875438035418 3.5000000000000004 0.6315789473684349 0.80869565217390449 0.92476113457334186 -0.9225346141042442 0.55827644264034548
decision_type=2 2 2 2 2 2 2 2 2 2 2 2 2 2
left_child=1 2 3 13 -5 7 -7 9 -9 11 -11 12 -3 -1
right_child=-2 5 -4 4 -6 6 -8 8 -10 10 -12 -13 -14 -15
leaf_value=-0.016989267977078754 -0.010394832628174415 0.0099869150271733025 0.0003005659697103535 -0.0040522533692918979 0.0044365128754855019 0.0018036039503943426 0.013214502741046101 0.0017365444429099646 0.014722387613030149 -0.0086341295710836447 -0.0012265434968341366 -0.0085977044105529782 0.00082919023552182627 -0.0054388891237711042
leaf_weight=220 206 273 3761 1263 433 6113 297 1543 235 775 2319 275 2646 516
leaf_count=220 206 273 3761 1263 433 6113 297 1543 235 775 2319 275 2646 516
internal_value=0.00015882 0.000266493 -0.00140681 -0.00404239 -0.00187834 0.000982588 0.0023422 -9.86713e-05 0.00348937 -0.00111519 -0.00309297 0.000802497 0.00170128 -0.00898279
internal_weight=20875 20669 6193 2432 1696 14476 6410 8066 1778 6288 3094 3194 2919 736
internal_count=20875 20669 6193 2432 1696 14476 6410 8066 1778 6288 3094 3194 2919 736
is_linear=0
shrinkage=0.03


Tree=32
num_leaves=15
num_cat=0
split_feature=10 6 12 6 6 11 6 11 10 6 2 9 9 1
split_gain=24.9977 18.1552 22.6399 28.9284 24.5085 24.4605 29.111 26.301 18.6886 26.814 16.8776 27.2547 20.3486 19.2541
threshold=0.9129151448923063 0.9608550851892258 0.18134696496238903 -0.040793309130722648 -0.42581039638076174 0.13490355075706428 0.13535600872460377 0.17936782775241072 1.0998887136336448 -0.047254859841194367 0.58773199233024109 0.74926524455790589 1.0242919143969009 1.4575173687029686
decision_type=2 10 10 8 8 2 10 2 2 10 2 2 2 2
left_child=-1 2 4 -4 -2 6 -6 -7 9 -9 -8 -12 13 -13
right_child=1 -3 3 -5 5 7 10 8 -10 -11 11 12 -14 -15
leaf_value=-0.006657426402552756 0.0073592874966117248 0.0064619367806366956 0.0023112786011120607 -0.010682013969877998 -0.0024579075959471749 0.010791558773280717 -0.0022289015617570837 0.013079644811723162 0.00039525571206374505 -0.001276565986092795 -0.0050191648605219814 0.005172848771164658 3.9891254408915235e-05 0.01657581974898488
leaf_weight=496 414 394 253 384 5320 229 507 250 11493 215 213 312 261 237
leaf_count=496 414 394 253 384 5320 229 507 250 11493 215 213 312 261 237
internal_value=-3.67036e-05 0.000125212 -6.51631e-07 -0.0055436 0.000182252 2.4281e-05 -0.00140948 0.000830408 0.000635218 0.00649886 0.00223217 0.00444317 0.00694694 0.0102006
internal_weight=20978 20482 20088 637 19451 19037 6850 12187 11958 465 1530 1023 810 549
internal_count=20978 20482 20088 637 19451 19037 6850 12187 11958 465 1530 1023 810 549
is_linear=0
shrinkage=0.03


Tree=33
num_leaves=15
num_cat=0
split_feature=8 12 9 13 9 0 12 4 10 8 9 5 14 8
split_gain=33.4048 19.6558 26.9927 21.3879 19.0948 26.8548 21.9179 20.7455 19.8188 18.9928 25.433 19.6068 18.8533 25.6294
threshold=-0.023349429981344642 0.15530224326314215 0.92922882686742325 10.500000000000002 0.7835305015004902 0.51969578339517597 0.00211276017495643 0.054777047806740538 2.6132068176078338 -0.030255467264819518 1.0355765966766792 2.6518603814612116 1.0000000180025095e-35 0.094334852204968248
decision_type=2 10 2 2 2 2 10 2 2 2 2 2 2 2
left_child=4 3 -3 12 5 -1 -6 -8 9 10 11 -9 13 -2
right_child=1 2 -4 -5 6 -7 7 8 -10 -11 -12 -13 -14 -15
leaf_value=-0.010109788811847056 0.00068971267966313067 -0.0079356247171045776 0.003724603101070369 -0.0076323959800727696 -0.0026219431340530142 -0.0019184106362529986 -0.0067201229796988336 0.0076523351276519408 -0.0035809204402460675 -0.0027119194933523734 0.014035498692250964 -0.0011756878242533283 0.0025873677542654753 -0.007786642697737065
leaf_weight=521 7705 496 274 242 2512 1153 236 473 363 283 263 428 5744 330
leaf_count=521 7705 496 274 242 2512 1153 236 473 363 283 263 428 5744 330
internal_value=8.633e-05 0.000862541 -0.00378914 0.00111926 -0.00175514 -0.00449033 -0.000746775 0.00155626 0.00265093 0.00422123 0.00591125 0.00347543 0.00127568 0.00033696
internal_weight=21023 14791 770 14021 6232 1674 4558 2046 1810 1447 1164 901 13779 8035
internal_count=21023 14791 770 14021 6232 1674 4558 2046 1810 1447 1164 901 13779 8035
is_linear=0
shrinkage=0.03


Tree=34
num_leaves=15
num_cat=0
split_feature=13 8 13 9 9 10 10 8 3 5 9 8 14 4
split_gain=27.3256 28.6255 33.0606 34.8901 22.2245 22.8845 36.2347 21.0054 20.8239 26.3734 19.7536 17.8382 17.4744 17.4387
threshold=13.500000000000002 -0.0072223664488356466 1.5000000000000002 1.2024775103538132 0.70253167264682748 2.5899729994282983 1.9832417856540898 -0.040100536998205032 0.85591369994819033 1.5677228631392586 1.0731923221157775 -0.0027446506377365718 1.0000000180025095e-35 0.036253585588180044
decision_type=2 2 2 2 2 2 2 2 2 2 2 2 2 2
left_child=1 4 3 8 7 6 13 -1 11 -10 -4 -3 -5 -6
right_child=-2 2 10 12 5 -7 -8 -9 9 -11 -12 -13 -14 -15
leaf_value=-0.010302133533715932 -0.010830666133417531 0.0075481022178258712 0.0042586165382081246 0.0029534240310739087 -0.0076858909322520879 -0.0041700741491639132 0.0030865833634029951 -0.0013674692081750474 -0.010602297383759701 -0.0016269571401870127 -0.0010069582848310735 7.5605457141685799e-05 0.013477124218904488 -0.00096348143518685799
leaf_weight=437 203 304 3308 405 376 1383 2320 514 331 2420 793 4137 217 3956
leaf_count=437 203 304 3308 405 376 1383 2320 514 331 2420 793 4137 217 3956
internal_value=-1.07358e-05 9.69175e-05 0.00106089 -8.43325e-05 -0.00118115 -0.000666223 6.48388e-05 -0.0055055 -0.00067559 -0.00272414 0.00324044 0.000595034 0.00670307 -0.00155515
internal_weight=21104 20901 11915 7814 8986 8035 6652 951 7192 2751 4101 4441 622 4332
internal_count=21104 20901 11915 7814 8986 8035 6652 951 7192 2751 4101 4441 622 4332
is_linear=0
shrinkage=0.03


Tree=35
num_leaves=15
num_cat=0
split_feature=8 12 9 7 10 10 9 1 7 9 6 1 8 12
split_gain=18.0942 32.4375 28.1567 25.6612 16.7511 25.161 24.1441 23.6232 20.8844 19.5532 20.5305 17.8107 18.3822 21.0619
threshold=-0.06813569002440184 -0.010832278791303438 0.83294069050546204 0.28793351122131389 1.8777962668390322 1.8272985327427747 0.6840898576055422 1.3606244655163715 0.41726843759981885 0.73340524515723782 0.64394469199171489 0.65430703629899423 0.0051812745976409901 0.046769175477039689
decision_type=2 8 2 10 2 2 2 2 10 2 8 2 2 8
left_child=1 3 -3 -1 5 9 7 -6 -7 11 -11 -2 -13 -14
right_child=4 2 -4 -5 6 8 -8 -9 -10 10 -12 12 13 -15
leaf_value=-0.014306337408048651 -0.010800723754841347 -0.0053579462585241896 0.005909192264315825 -0.0029445545981619872 0.013387214345758071 -0.01285302605679017 0.00086861556607157567 0.00023849657736718655 -0.0016120206289753189 0.00010693022396715475 0.0064489248857805218 -0.004983656952770487 -0.0019541543141867105 0.0090733803159151315
leaf_weight=294 225 340 469 454 276 257 9661 219 348 6390 490 770 463 229
leaf_count=294 225 340 469 454 276 257 9661 219 348 6390 490 770 463 229
internal_value=0.000111834 -0.00299403 0.00117011 -0.00747562 0.000362742 -0.000566457 0.00120178 0.00763046 -0.00645334 -0.000147205 0.000562968 -0.00303657 -0.00180893 0.00173404
internal_weight=20885 1557 809 748 19328 9172 10156 495 605 8567 6880 1687 1462 692
internal_count=20885 1557 809 748 19328 9172 10156 495 605 8567 6880 1687 1462 692
is_linear=0
shrinkage=0.03


Tree=36
num_leaves=15
num_cat=0
split_feature=11 10 2 8 8 7 7 2 1 2 2 3 2 9
split_gain=23.7034 22.7198 22.5515 26.7737 28.3438 22.7855 19.2367 17.364 23.2338 17.238 20.4073 17.0147 28.0194 16.3629
threshold=0.6612379615754217 0.96005542931133403 0.76923076923077516 -0.072732766487764972 -0.044728275830091507 0.21519120293491439 -0.20739591993992373 0.81578947368421895 1.192822444133451 0.84674476100776697 0.88235294117646712 0.91666666666667296 0.60086567666851831 1.0379000034106902
decision_type=2 2 2 2 2 10 8 2 2 2 2 2 2 2
left_child=1 -1 5 -4 -5 6 -3 8 -6 -9 -11 13 -13 -7
right_child=-2 2 3 4 7 11 -8 9 -10 10 -12 12 -14 -15
leaf_value=-0.0070880334723718947 0.001114775515345488 0.0027060348072611702 -0.0067915819784609378 0.0092043217511585101 0.011392980494421978 0.00080186184268221596 -0.0065462852482891616 -0.0054362236889118837 0.00061818766716744875 0.0062044871602306862 -0.001227970020286206 -0.010867132120752989 0.0011327057850054082 -0.0032654192987167097
leaf_weight=506 9762 241 324 442 296 3901 1179 465 450 482 1044 360 335 1148
leaf_count=506 9762 241 324 442 296 3901 1179 465 450 482 1044 360 335 1148
internal_value=3.5122e-05 -0.000908262 -0.000611935 0.00135943 0.00219953 -0.00157616 -0.00497201 0.0010536 0.00494083 -0.000411613 0.00113223 -0.000733056 -0.00511626 -0.000125239
internal_weight=20935 11173 10667 3503 3179 7164 1420 2737 746 1991 1526 5744 695 5049
internal_count=20935 11173 10667 3503 3179 7164 1420 2737 746 1991 1526 5744 695 5049
is_linear=0
shrinkage=0.03


Tree=37
num_leaves=15
num_cat=0
split_feature=13 8 12 3 10 5 4 8 10 12 10 13 8 8
split_gain=26.557 25.9171 27.4091 25.2214 19.8561 35.5942 18.2308 18.1411 23.342 19.7932 18.6074 17.8122 17.6771 33.0751
threshold=13.500000000000002 -0.066708615669484939 -0.013109212092252685 0.82608695652174569 2.0913661969862067 0.8415013603716025 0.014147192486541485 0.0031527643955743764 0.99841564774972213 0.17408431474073713 1.1229806096443251 4.5000000000000009 0.042043227028688603 0.071696576227141373
decision_type=2 2 10 2 2 2 2 2 2 8 2 2 2 2
left_child=1 2 -1 -4 5 -3 -6 8 -7 10 -10 -9 -8 -14
right_child=-2 4 3 -5 6 7 12 11 9 -11 -12 -13 13 -15
leaf_value=-0.0077527565339682832 -0.010744394428956394 -0.010004101485013961 -0.0053955325686988517 0.0046580381118807909 0.010126539286639955 -0.0085564146896726211 0.0020525676790896993 0.00046035833074328244 0.0065745816188330988 -0.0082748036081657598 -0.00087869701471021612 0.0059509164670994265 -0.0049708749273566248 0.0038647562791214599
leaf_weight=757 203 335 414 479 211 375 5770 5162 318 299 4519 588 969 622
leaf_count=757 203 335 414 479 211 375 5770 5162 318 299 4519 588 969 622
internal_value=-7.79337e-05 2.86318e-05 -0.00357332 -6.94621e-06 0.000339542 -0.00044069 0.00153392 -0.000151877 -0.00138118 -0.00084948 -0.000382411 0.00102651 0.00128091 -0.00151531
internal_weight=21021 20818 1650 893 19168 11596 7572 11261 5511 5136 4837 5750 7361 1591
internal_count=21021 20818 1650 893 19168 11596 7572 11261 5511 5136 4837 5750 7361 1591
is_linear=0
shrinkage=0.03


Tree=38
num_leaves=15
num_cat=0
split_feature=8 6 12 6 3 8 13 5 7 3 9 6 3 8
split_gain=21.0101 28.3278 31.9853 24.5877 30.4975 26.4151 26.0551 27.9664 24.8875 25.9977 22.2155 18.7285 17.5399 17.4254
threshold=-0.0076007878906466566 0.54164828843165824 0.056152100328795369 0.062823472106530623 0.7857142857142897 0.026280936978290748 1.5000000000000002 3.239812448391445 1.1344611319901357 0.83333333333335224 0.98499678396553703 -0.42581039638076174 0.90000000000001179 0.025183176694123708
decision_type=2 8 10 10 2 2 2 2 8 2 2 8 2 2
left_child=11 3 13 4 -2 8 7 -6 9 -5 -8 -1 -12 -3
right_child=1 2 -4 5 6 -7 10 -9 -10 -11 12 -13 -14 -15
leaf_value=0.0076767367530631795 0.0032013902082334554 0.0039094732971687177 -0.0029810223339472785 -0.0057504253250564791 -0.0044675293625055451 -0.0045720452274529066 0.0046975143238117819 0.0022958384052632133 0.0081329799372802606 0.0031420080330973326 -0.0092415642680769607 -0.0013701856646140833 0.0026776732184586268 0.013046950363842605
leaf_weight=206 3670 368 290 563 1794 1630 1135 789 331 613 215 8730 221 392
leaf_count=206 3670 368 290 563 1794 1630 1135 789 331 613 215 8730 221 392
internal_value=-5.62861e-05 0.000763105 0.00545827 0.000311053 0.00121064 -0.00193097 -0.000549895 -0.00240116 0.00093135 -0.00112149 0.00249186 -0.00115745 -0.00323807 0.00867696
internal_weight=20947 12011 1050 10961 7824 3137 4154 2583 1507 1176 1571 8936 436 760
internal_count=20947 12011 1050 10961 7824 3137 4154 2583 1507 1176 1571 8936 436 760
is_linear=0
shrinkage=0.03


Tree=39
num_leaves=15
num_cat=0
split_feature=12 7 0 6 3 12 13 7 6 11 11 0 11 12
split_gain=21.8045 21.076 29.4331 36.2138 33.9086 24.0575 23.4299 32.2357 23.3892 31.0484 23.58 28.7441 31.5649 31.0527
threshold=-0.4118358622529556 0.23353201770793039 0.64446723368294345 -0.18474800716918474 0.94444444444446329 -0.0082589293360929555 7.5000000000000009 0.90609961793899829 -0.21500923325077034 -1.2169501665953972 -0.11010436317208003 0.50676540042276041 0.7446615798275612 0.036311704953763797
decision_type=10 10 2 10 2 10 2 8 8 2 2 2 2 10
left_child=-1 2 4 -4 8 -6 -3 -8 -2 -10 -11 -12 13 -13
right_child=1 6 3 -5 5 -7 7 -9 9 10 11 12 -14 -15
leaf_value=0.0096561508129637385 -0.0072353725417350296 0.00074769085915652074 0.0037620037950385926 -0.0098535634215810505 -0.0011130243264624176 0.0061709741007819367 -0.00016571768742846689 -0.014932636225650322 -0.009365973575014756 0.0047171612861777908 -0.0089995884898212541 -4.3538361745366743e-05 0.0045593578682811059 -0.014211756527151276
leaf_weight=203 704 14192 231 702 747 891 376 201 354 699 382 434 719 200
leaf_count=203 704 14192 231 702 747 891 376 201 354 699 382 434 719 200
internal_value=-8.93651e-06 -0.000105414 -0.00159397 -0.00648042 -0.000699819 0.00285587 0.000506004 -0.00539392 -0.00236939 -0.00112993 8.46628e-05 -0.00178988 0.000271319 -0.00458924
internal_weight=21035 20832 6063 933 5130 1638 14769 577 3492 2788 2434 1735 1353 634
internal_count=21035 20832 6063 933 5130 1638 14769 577 3492 2788 2434 1735 1353 634
is_linear=0
shrinkage=0.03


Tree=40
num_leaves=15
num_cat=0
split_feature=8 6 12 10 5 13 12 0 6 12 7 7 2 9
split_gain=21.0298 37.0194 26.3847 23.0135 21.459 24.2956 30.27 21.4762 18.4378 27.1145 27.7696 22.1848 20.0338 40.2218
threshold=-0.035263591272116757 0.9608550851892258 -0.028720860929421718 1.4954231655832111 3.3251744319253178 3.5000000000000004 0.015504164662423549 0.68019339573293125 0.051287488699858226 0.010117083216811042 0.17214091692189279 0.45787104091513048 0.66307254126947079 0.8911236972803126
decision_type=2 8 10 2 2 2 10 2 10 10 10 8 2 2
left_child=3 4 -3 -1 7 -6 -7 -2 9 11 -11 -5 -10 -14
right_child=1 2 -4 8 5 6 -8 -9 12 10 -12 -13 13 -15
leaf_value=-0.0054261756934927182 -5.3691390997664535e-05 0.012331175306090153 0.0017193649832855213 -0.0084656096125734579 0.0012770813403087495 0.015359929574555471 0.001142954156334911 -0.0061452296752851085 -0.0012386868447522292 0.011645738960698593 -0.001081101148913467 -0.0010091683255961618 0.014286517699727335 -0.0014795819187601064
leaf_weight=1110 11328 395 450 669 3269 261 275 541 609 210 544 772 291 285
leaf_count=1110 11328 395 450 669 3269 261 275 541 609 210 544 772 291 285
internal_value=0.000130736 0.000625631 0.00672327 -0.00168869 0.000294863 0.00225379 0.00814375 -0.00033382 -0.000455084 -0.00208165 0.00251688 -0.00448821 0.00255393 0.00653998
internal_weight=21009 16519 845 4490 15674 3805 536 11869 3380 2195 754 1441 1185 576
internal_count=21009 16519 845 4490 15674 3805 536 11869 3380 2195 754 1441 1185 576
is_linear=0
shrinkage=0.03


Tree=41
num_leaves=15
num_cat=0
split_feature=6 0 11 6 9 9 1 1 10 5 3 3 10 8
split_gain=18.4133 37.7307 29.9619 21.5545 28.5483 21.5182 20.2079 21.1252 17.8936 17.9461 15.1153 25.9816 17.7183 14.2474
threshold=-0.41287539922171779 0.56627946456015743 0.59949477151015473 -0.20436818535825543 1.1817171037818721 0.69051205167522822 1.3996428891401662 0.8945220625923952 1.9639798108550874 2.7948379268082877 0.62500000000000255 0.8000000000000006 2.1305297417641573 0.03087048090581368
decision_type=10 2 2 10 2 2 2 2 2 2 2 2 2 2
left_child=1 6 -3 4 10 8 7 -1 13 -10 12 -12 -2 -5
right_child=3 2 -4 5 -6 -7 -8 -9 9 -11 11 -13 -14 -15
leaf_value=-0.0035327115549012946 0.0051556841790474416 0.0031631498731643773 0.018485944770406496 -0.0074254881858240003 0.0067675104022335399 0.00055593549473521983 -0.0062335450376529208 0.0093432617107251648 0.0078131567928436639 -0.0043681700747007519 -0.0082277442837809106 -0.0019758903786616976 -0.0055305305036461409 0.00093351479802952439
leaf_weight=206 369 252 210 771 278 14685 322 248 217 209 911 1738 218 239
leaf_count=206 369 252 210 771 278 14685 322 248 217 209 911 1738 218 239
internal_value=-2.73476e-05 0.00351366 0.0102514 -0.000251448 -0.00237865 0.000212825 -0.000537678 0.00352602 -0.00328568 0.00185553 -0.00317361 -0.00413737 0.00117385 -0.00545261
internal_weight=20873 1238 462 19635 3514 16121 776 454 1436 426 3236 2649 587 1010
internal_count=20873 1238 462 19635 3514 16121 776 454 1436 426 3236 2649 587 1010
is_linear=0
shrinkage=0.03


Tree=42
num_leaves=15
num_cat=0
split_feature=8 9 12 5 5 6 2 7 0 7 7 7 5 9
split_gain=21.6936 24.7555 23.1808 26.3829 25.0635 38.2505 24.4583 27.1208 30.6348 23.7508 24.0595 23.5157 19.8832 17.7713
threshold=-0.052691534896100879 0.74692724077918615 -0.12146608110487477 1.5885844263793671 1.8034435548886585 -0.19854334268113474 0.2013966851362228 1.6886207031766467 0.5285385030369788 0.85374420233955928 0.61616819675397505 0.57405901578707741 1.2456103315305904 0.63579297839709581
decision_type=2 2 10 2 2 10 2 10 2 10 8 8 2 2
left_child=1 -1 3 -2 5 11 -6 13 -9 10 -7 -4 -11 -8
right_child=2 -3 4 -5 6 9 7 8 -10 12 -12 -13 -14 -15
leaf_value=-0.0079173753695805718 0.014023511070775759 -0.00081343311711944719 -0.0032457511319833642 0.0025474424620490904 -0.0045922547488269991 -0.00056405864655971526 0.0070956697639529449 0.016474699441653987 0.00062565999748144605 -0.001978160846147606 -0.0097568399576764362 -0.014862532284964754 0.0084564613065789898 0.00063992172756164743
leaf_weight=554 206 2107 335 1266 714 1243 391 211 224 273 318 296 402 12509
leaf_count=554 206 2107 335 1266 714 1243 391 211 224 273 318 296 402 12509
internal_value=0.000224665 -0.00230449 0.000591196 0.0041955 0.000276409 -0.00227741 0.000798196 0.00108843 0.00841321 -0.000429966 -0.00246194 -0.00876915 0.00425272 0.000838269
internal_weight=21049 2661 18388 1472 16916 2867 14049 13335 435 2236 1561 631 675 12900
internal_count=21049 2661 18388 1472 16916 2867 14049 13335 435 2236 1561 631 675 12900
is_linear=0
shrinkage=0.03


Tree=43
num_leaves=15
num_cat=0
split_feature=8 12 11 12 13 4 12 12 10 8 7 11 4 9
split_gain=32.2475 25.4967 23.5355 20.064 16.3549 19.0986 17.1897 18.4954 17.2176 25.9022 21.1332 17.4412 16.8936 17.0247
threshold=-0.06813569002440184 0.0011370344915999644 -0.29025635758803153 0.022163633576669898 1.5000000000000002 0.1224610723161655 -0.13302599242165966 -0.093165638688036997 1.5404089912649053 0.065649109493370703 1.382564624621047 -0.094570204956171286 0.20860469931869588 1.1033595928700703
decision_type=2 10 2 10 2 2 10 10 2 2 8 2 2 2
left_child=1 -1 -2 -3 6 -6 -4 -8 9 -9 11 -10 -7 -14
right_child=2 3 4 -5 5 12 7 8 10 -11 -12 -13 13 -15
leaf_value=-0.0072874009267807072 -0.001330954002389843 0.0077351864691065477 0.0047661170308571305 -0.0030807393012870507 0.006619462861123776 -0.0031284372253637563 -0.0054034025054460208 -0.0027675047575998002 0.0085481974124908457 0.0071379121336945916 0.0049252383180304511 -1.7974122227410909e-06 0.0033700261162625854 -0.0022912393655159864
leaf_weight=887 4695 221 745 482 843 565 524 2233 220 261 1133 4703 2915 568
leaf_count=887 4695 221 745 482 843 565 524 2233 220 261 1133 4703 2915 568
internal_value=0.000180508 -0.00392008 0.000517424 0.000350045 0.00110762 0.00252404 0.00040116 4.03582e-05 0.000376951 -0.00171868 0.00124069 0.000388572 0.00166405 0.00244484
internal_weight=20995 1590 19405 703 14710 4891 9819 9074 8550 2494 6056 4923 4048 3483
internal_count=20995 1590 19405 703 14710 4891 9819 9074 8550 2494 6056 4923 4048 3483
is_linear=0
shrinkage=0.03


Tree=44
num_leaves=15
num_cat=0
split_feature=8 2 12 0 11 9 13 13 4 0 4 9 4 8
split_gain=24.5366 23.8709 29.7106 20.9934 19.8902 17.7828 16.9777 23.9493 20.5798 17.0095 17.3157 24.0899 17.612 15.1223
threshold=-0.050855284114525286 0.60802010050251187 0.010801322139230187 0.63393740868704507 0.19174962789971892 0.76895062975691542 1.5000000000000002 10.500000000000002 0.024873806675294607 0.66762968429259872 0.075741015978218432 0.89462474054865726 0.14824987096418121 0.017497230860272956
decision_type=2 2 10 2 2 2 2 2 2 2 2 2 2 2
left_child=1 5 3 -3 -4 -1 -2 8 -8 10 11 -10 13 -12
right_child=6 2 4 -5 -6 -7 7 -9 9 -11 12 -13 -14 -15
leaf_value=-0.012609437290284273 -0.0002892301981942231 -0.0013427468135684974 0.0092796066532964301 -0.011954425658498491 -0.0013851690226696807 -0.0038249072456455393 0.010617431539156641 -0.0060172540276985749 -0.011645560377048997 0.0086974576395630037 0.010632363417695037 0.0026557136111170334 0.0011538320952109847 0.0011564865118854648
leaf_weight=273 11797 843 363 205 273 849 239 343 207 293 348 209 4413 268
leaf_count=273 11797 843 363 205 273 849 239 343 207 293 348 209 4413 268
internal_value=-2.1508e-05 -0.00262937 -0.000366643 -0.00346541 0.00472671 -0.00600878 0.000383017 0.00163708 0.002081 0.0017165 0.00133322 -0.00451434 0.00182093 0.00655225
internal_weight=20923 2806 1684 1048 636 1122 18117 6320 5977 5738 5445 416 5029 616
internal_count=20923 2806 1684 1048 636 1122 18117 6320 5977 5738 5445 416 5029 616
is_linear=0
shrinkage=0.03


Tree=45
num_leaves=15
num_cat=0
split_feature=8 1 6 0 12 6 6 7 12 0 0 9 11 5
split_gain=18.8473 26.7876 24.4269 32.1654 19.6162 17.3846 27.0443 17.1749 16.0663 33.761 24.9668 15.6319 15.1304 14.371
threshold=-0.035263591272116757 0.73319420552439107 0.81806866358926189 0.59434969484556932 -0.067070164850990585 0.34434116980717372 0.15189017499883598 0.52567162705566917 0.0042690155429097607 0.58069265408835302 0.63532831036549686 0.86212313897357895 0.73183089839635673 2.8666955481890208
decision_type=2 2 8 2 10 8 10 8 10 2 2 2 2 2
left_child=1 12 13 4 -4 6 8 -6 10 -10 -3 -8 -1 -2
right_child=2 5 3 -5 7 -7 11 -9 9 -11 -12 -13 -14 -15
leaf_value=-0.0089030154704034907 -0.00056288424943422559 -0.0012457431560709044 0.0080397245277044841 0.01527494580063918 0.004690529600215646 -0.005385410262133912 0.012767707144866608 -0.0069107909727450243 -0.0015848319229426915 0.0098957317758218508 -0.012381477608212402 0.0017897285776227476 -0.00044636648970248436 0.001272338396646863
leaf_weight=613 8624 1333 304 214 203 549 218 252 731 331 205 249 276 6915
leaf_count=613 8624 1333 304 214 203 549 218 252 731 331 205 249 276 6915
internal_value=7.41553e-05 -0.0016447 0.00054347 0.00514217 0.00220397 -0.00049437 0.000388478 -0.00174009 -0.000809361 0.00202299 -0.00276534 0.00699532 -0.00629473 0.000253954
internal_weight=21017 4505 16512 973 759 3616 3067 455 2600 1062 1538 467 889 15539
internal_count=21017 4505 16512 973 759 3616 3067 455 2600 1062 1538 467 889 15539
is_linear=0
shrinkage=0.03


Tree=46
num_leaves=15
num_cat=0
split_feature=8 1 9 6 8 14 9 0 5 2 6 1 6 3
split_gain=22.3127 34.1354 41.1005 22.1311 21.9878 21.6361 29.2984 26.5964 20.0015 19.5252 19.1921 24.9288 23.0589 21.8025
threshold=-0.023349429981344642 2.4574746787716566 0.75162354884500659 0.64394469199171489 0.038232288527571386 1.0000000180025095e-35 1.2367959843217469 0.4513723681023008 2.0697560800766697 0.87077947003947409 -0.25042334719668147 1.7032749433895644 -0.12971474771260597 0.85591369994819033
decision_type=2 2 2 8 2 2 2 2 2 2 10 2 8 2
left_child=1 2 -1 5 -5 7 9 -2 -3 10 11 -7 13 -12
right_child=3 8 -4 4 -6 6 -8 -9 -10 -11 12 -13 -14 -15
leaf_value=-0.0079173724405488394 0.0064250502661411749 0.01018894333924566 -0.0013307877021700354 0.0018564922825068273 0.011309518878963025 -0.0070551734097422129 0.010528995156363701 -0.0014055858108524171 0.00072074977880146637 0.0058793173912292688 0.0076554262642390455 0.0032482073211938327 -0.00011993807911568757 -0.0013839490362576076
leaf_weight=1066 408 275 4197 791 304 615 297 7144 713 638 775 317 3180 345
leaf_count=1066 408 275 4197 791 304 615 297 7144 713 638 775 317 3180 345
internal_value=-0.000208207 -0.00171053 -0.00267112 0.000426084 0.00452037 9.77655e-05 0.00141554 -0.000978561 0.00339416 0.000945866 0.000339233 -0.00355206 0.0011858 0.0048772
internal_weight=21065 6251 5263 14814 1095 13719 6167 7552 988 5870 5232 932 4300 1120
internal_count=21065 6251 5263 14814 1095 13719 6167 7552 988 5870 5232 932 4300 1120
is_linear=0
shrinkage=0.03


Tree=47
num_leaves=15
num_cat=0
split_feature=10 5 1 1 7 8 0 2 11 3 0 11 1 7
split_gain=15.6985 15.8482 15.3023 38.941 25.8153 13.8123 15.2693 14.4587 13.0825 27.81 23.4278 19.2166 18.2702 27.9354
threshold=3.0952468085107832 3.7097631159617794 0.49201336685733427 0.45618413426854271 0.3299500240604335 -0.069612275344678773 0.54851537838887143 0.66307254126947079 1.5584756176913248 0.93522103750612007 0.5690573503690316 1.1082644426661001 1.1607605384994875 0.89711925845456353
decision_type=2 2 2 2 10 2 2 2 2 2 2 2 2 8
left_child=2 -2 3 4 -1 6 7 -4 11 -10 -11 12 13 -7
right_child=1 -3 5 -5 -6 8 -8 -9 9 10 -12 -13 -14 -15
leaf_value=-0.0034739989622927909 -0.0058421805408682415 0.002447109102336776 -0.0031694328114015026 -0.013496269208603891 0.0089962096922639491 0.0028621263951118469 -0.0059186169800415 0.0057334052068846566 3.1027250582650983e-05 -0.012031652508463178 0.00046883679061595886 0.0033422470944997383 -0.0006155789172216235 -0.0028790127154819239
leaf_weight=532 780 279 392 256 202 4036 654 275 2932 345 219 2404 6755 936
leaf_count=532 780 279 392 256 202 4036 654 275 2932 345 219 2404 6755 936
internal_value=-0.000106577 -0.00365708 8.28763e-05 -0.00354357 -4.49531e-06 0.000273236 -0.0026797 0.000516501 0.000495232 -0.0011468 -0.00721627 0.00090173 0.000400221 0.00177953
internal_weight=20997 1059 19938 990 734 18948 1321 667 17627 3496 564 14131 11727 4972
internal_count=20997 1059 19938 990 734 18948 1321 667 17627 3496 564 14131 11727 4972
is_linear=0
shrinkage=0.03


Tree=48
num_leaves=15
num_cat=0
split_feature=11 12 6 11 0 6 12 0 11 4 11 6 12 6
split_gain=19.775 27.1767 24.6106 30.4712 25.017 20.116 22.9373 21.808 20.6934 32.3572 18.768 19.7861 24.918 26.3096
threshold=0.13490355075706428 0.17408431474073713 -0.57152617131478567 1.5438952968538187 0.55670332985647086 2.1588470994053979 0.066483695974574056 0.68019339573293125 -1.0896836720819165 0.55292017223724677 1.1337841785748839 0.040210048678447026 -0.047160654508697213 -0.1276580873898123
decision_type=2 10 10 2 2 8 10 2 2 2 2 10 10 10
left_child=5 2 4 10 -2 6 7 -1 -8 -10 -4 12 -12 -14
right_child=1 -3 3 -5 -6 -7 8 -9 9 -11 11 -13 13 -15
leaf_value=-0.0013617431221748975 0.0012882709315459784 -0.0059752810006882037 0.00079797994346272091 -0.0015117732460614743 0.015336519764736293 -0.0093046503866111834 -0.0036017307571944643 -0.0091890128763282997 0.0015305107553813336 0.013870264360803434 -0.0014755224899470226 0.00030444494505621949 0.012708791199016509 0.0035218085764410372
leaf_weight=5622 252 536 6053 4011 205 268 361 335 737 254 304 828 567 561
leaf_count=5622 252 536 6053 4011 205 268 361 335 737 254 304 828 567 561
internal_value=-8.49185e-05 0.000611203 0.000889651 0.000634546 0.00768778 -0.00130799 -0.00100861 -0.00180926 0.00251275 0.00474703 0.00167043 0.00400019 0.00612863 0.00817544
internal_weight=20894 13317 12781 12324 457 7577 7309 5957 1352 991 8313 2260 1432 1128
internal_count=20894 13317 12781 12324 457 7577 7309 5957 1352 991 8313 2260 1432 1128
is_linear=0
shrinkage=0.03


Tree=49
num_leaves=15
num_cat=0
split_feature=6 0 11 10 8 7 9 10 4 13 9 1 4 7
split_gain=17.8991 36.1299 35.7255 14.7321 15.9382 20.3482 16.5461 18.1395 17.1267 14.7939 15.7909 20.7914 19.7505 12.75
threshold=-0.40085525079724832 0.56627946456015743 0.7446615798275612 0.9129151448923063 -0.066708615669484939 0.061748990660038569 0.77981596766105754 2.3781790532221363 0.21146110032446605 10.500000000000002 1.2717651600827871 8.0928103281032353 0.18386959726330113 0.75356477159415358
decision_type=10 2 2 2 2 10 2 2 2 2 2 2 2 10
left_child=1 -1 -3 -2 5 -5 -7 8 -8 10 11 -6 -12 -14
right_child=3 2 -4 4 9 6 7 -9 -10 -11 12 -13 13 -15
leaf_value=-0.00059574644190861894 -0.0055463009074521374 0.0028496955342566053 0.019086422125143662 -0.0092463278088910986 -0.00012417766786400661 -0.0067317103907554099 -0.0019235752103280046 -0.0053819933116520998 0.00856862621229941 -0.0061097813608635837 0.0098932197306260284 0.0089990426560765824 -0.0026489339434355498 0.0064234639651368601
leaf_weight=811 463 296 205 363 16101 333 240 258 326 334 327 223 370 217
leaf_count=811 463 296 205 363 16101 333 240 258 326 334 327 223 370 217
internal_value=-5.97266e-05 0.00332557 0.00961642 -0.000287648 -0.000158702 -0.00310065 -0.001141 0.00114533 0.00414175 9.65903e-05 0.000218581 3.17081e-06 0.00404484 0.000730843
internal_weight=20867 1312 501 19555 19092 1520 1157 824 566 17572 17238 16324 914 587
internal_count=20867 1312 501 19555 19092 1520 1157 824 566 17572 17238 16324 914 587
is_linear=0
shrinkage=0.03


Tree=50
num_leaves=15
num_cat=0
split_feature=6 11 8 12 1 7 12 12 9 9 8 4 8 10
split_gain=22.0183 47.4297 42.9718 25.7582 20.6401 24.837 14.6219 23.185 26.7367 19.8647 18.9562 22.8227 18.8393 17.8996
threshold=0.9608550851892258 -0.29025635758803153 0.019877409869521485 -0.028720860929421718 0.49201336685733427 0.25781890998722962 0.2001807188952566 0.090963923900163515 0.94668862395832465 0.76895062975691542 0.019877409869521485 0.32402706260916836 -0.0027446506377365718 2.0913661969862067
decision_type=8 2 2 8 2 10 10 10 2 2 2 2 2 2
left_child=4 -2 3 -3 5 -1 7 13 9 12 11 -10 -9 -6
right_child=1 2 -4 -5 6 -7 -8 8 10 -11 -12 -13 -14 -15
leaf_value=-0.0075882901391360414 -0.0064431208414705036 0.011182297715537639 0.017477325829156145 -0.0021292304003229659 -0.00096089719205231573 0.0028011764167650199 -0.0050761927334347775 -0.0010664157885790725 0.0048136362722188096 -0.0020533253922519262 0.0019325665562869388 0.01904477353185698 0.011119744436750151 0.0010410144454581014
leaf_weight=668 276 206 272 341 9835 296 476 204 204 824 277 206 252 6791
leaf_count=668 276 206 272 341 9835 296 476 204 204 824 277 206 252 6791
internal_value=9.79375e-05 0.00423041 0.00784462 0.00293977 -0.000128942 -0.00440017 8.80793e-05 0.000221619 0.00329725 0.000725826 0.00804838 0.0121072 0.0057156 -0.000143136
internal_weight=21128 1095 819 547 20033 964 19069 18593 1967 1280 687 410 456 16626
internal_count=21128 1095 819 547 20033 964 19069 18593 1967 1280 687 410 456 16626
is_linear=0
shrinkage=0.03


Tree=51
num_leaves=15
num_cat=0
split_feature=6 0 11 12 1 14 0 10 13 12 6 1 11 5
split_gain=24.5417 33.342 40.9526 31.6377 27.8892 23.8419 29.4456 24.6366 23.9794 19.9551 19.429 18.6423 17.6542 44.6909
threshold=-0.42581039638076174 0.56548151964004323 0.57176042862474497 0.10327538457500925 1.4361750592301694 1.0000000180025095e-35 0.6281984114856678 1.9498441476269182 7.5000000000000009 0.089231975941029343 -0.30808517128949847 0.90965330224423913 0.1050068767518017 2.5571089384346872
decision_type=10 2 2 8 2 2 2 2 2 10 10 2 2 2
left_child=1 3 -3 4 -1 6 7 10 9 -9 -2 -8 -13 -14
right_child=5 2 -4 -5 -6 -7 11 8 -10 -11 -12 12 13 -15
leaf_value=0.0099920714671492186 -0.0094081457210956395 0.0019250242454386174 0.020413250115300926 -0.0093052248078030197 -0.0042400140569373536 0.0010049978563680009 -0.0096914019170358332 0.0020691717737484302 -0.007715415819813656 -0.0071224178982499456 -0.0014722121091868812 -0.0073030423322052226 0.012021827591934067 -0.0046495344241202002
leaf_weight=309 291 224 205 210 201 8663 490 4223 258 219 4554 443 202 476
leaf_count=309 291 224 205 210 201 8663 490 4223 258 219 4554 443 202 476
internal_value=7.2127e-05 0.00432501 0.0108931 0.000363371 0.00439625 -0.000175461 -0.00109217 -0.000457879 0.00108903 0.00160851 -0.00195807 -0.0048372 -0.00268177 0.000369096
internal_weight=20968 1149 429 720 510 19819 11156 9545 4700 4442 4845 1611 1121 678
internal_count=20968 1149 429 720 510 19819 11156 9545 4700 4442 4845 1611 1121 678
is_linear=0
shrinkage=0.03


Tree=52
num_leaves=15
num_cat=0
split_feature=0 1 6 8 4 10 4 4 4 10 6 12 12 3
split_gain=19.8371 23.5049 15.7463 19.3026 13.8775 17.1444 15.3862 33.9495 26.3374 29.3752 21.3678 26.5503 25.3674 23.8286
threshold=0.62956881050338842 1.1113717794873905 0.037621838058112041 -0.045640859965340057 0.012632505561636401 2.1080899357660239 0.075741015978218432 0.064332162176393981 0.1224610723161655 1.8835001620436553 -0.042807755309401944 0.010117083216811042 0.03970929152231268 0.80649062033529229
decision_type=2 2 10 2 2 2 2 2 2 2 10 10 10 2
left_child=4 -2 3 -3 5 -1 7 10 9 -8 12 -12 -6 -13
right_child=1 2 -4 -5 6 -7 8 -9 -10 -11 11 13 -14 -15
leaf_value=0.00069383202862423083 -0.0056786126128929044 -0.0064192077763519191 -0.0044426585402304545 0.0035827435277054963 -0.00025003575894204692 0.011550935152659399 1.3406902382319624e-05 -0.0095405898163725012 4.0476069214249631e-05 0.007945535586095032 0.00075522859822862531 -0.015294543552960529 0.01034391774875777 -0.0012909058154356187
leaf_weight=334 1168 207 525 960 743 211 831 443 13391 845 576 239 275 200
leaf_count=334 1168 207 525 960 743 211 831 443 13391 845 576 239 275 200
internal_value=-9.56634e-05 -0.00241506 -0.000152112 0.0017888 0.000271636 0.00496402 0.000124487 -0.00206474 0.000484815 0.00402434 -0.000416313 -0.00348796 0.00264836 -0.00900114
internal_weight=20948 2860 1692 1167 18088 545 17543 2476 15067 1676 2033 1015 1018 439
internal_count=20948 2860 1692 1167 18088 545 17543 2476 15067 1676 2033 1015 1018 439
is_linear=0
shrinkage=0.03


Tree=53
num_leaves=15
num_cat=0
split_feature=11 6 2 12 2 13 9 13 1 7 3 7 6 12
split_gain=18.9498 28.62 22.0649 23.2162 29.7718 21.0549 55.5675 29.7992 18.554 17.4347 18.8679 27.0904 25.9831 47.5025
threshold=0.13490355075706428 2.1588470994053979 0.83969478761561112 0.062963512286729487 0.88235294117646712 4.5000000000000009 0.82971538264657119 7.5000000000000009 2.2957378540239328 0.65712940679334542 0.90476190476191964 0.80339002411112148 -0.12509366848736689 0.028081494373974284
decision_type=2 8 2 10 2 2 2 2 2 8 2 8 10 10
left_child=2 5 -1 4 -4 9 -7 8 -8 -2 11 -11 13 -13
right_child=1 -3 3 -5 -6 6 7 -9 -10 10 -12 12 -14 -15
leaf_value=-0.0020212176175136614 -0.0011138793718697018 0.0078657036432591473 0.0060812504010068049 0.0091817340876836819 -0.0032237234065623979 0.015077662678619923 -0.00038041423162124668 -0.0070083822585853203 0.01033581714934975 0.0066589598510957632 -0.0035946013230034185 -0.00023011857579494346 -0.00080188209707683915 0.01102621137452519
leaf_weight=5991 5879 478 481 313 847 308 326 313 257 859 650 865 2877 548
leaf_count=5991 5879 478 481 313 847 308 326 313 257 859 650 865 2877 548
internal_value=1.48769e-05 0.000696066 -0.00117724 0.00190077 0.000156696 0.000427081 0.00419579 0.000392232 0.00439127 3.68979e-05 0.00120351 0.00181211 0.000834987 0.00415888
internal_weight=20992 13360 7632 1641 1328 12882 1204 896 583 11678 5799 5149 4290 1413
internal_count=20992 13360 7632 1641 1328 12882 1204 896 583 11678 5799 5149 4290 1413
is_linear=0
shrinkage=0.03


Tree=54
num_leaves=15
num_cat=0
split_feature=13 13 5 10 3 13 11 9 2 12 12 3 13 7
split_gain=15.6412 18.0473 37.3502 42.2276 24.8668 42.6234 15.6895 26.1473 28.8591 29.0983 19.6197 19.0223 39.4835 30.979
threshold=13.500000000000002 5.5000000000000009 1.9853570175164181 1.6235548314719968 0.84346124393771427 7.5000000000000009 0.13490355075706428 0.69051205167522822 0.77777777777775625 0.075379039265569339 -0.13800285122431974 0.85714285714287108 2.5000000000000004 0.1172359976581112
decision_type=2 2 2 2 2 2 2 2 2 10 10 2 2 8
left_child=1 6 -3 -4 5 -5 7 -1 -9 -10 -8 12 13 -12
right_child=-2 2 3 4 -6 -7 10 8 9 -11 11 -13 -14 -15
leaf_value=-0.0066403968694962951 -0.0082258230649999205 -0.0056384699127890849 0.015619510206184826 0.0062058939262256991 0.0077344042524919469 -0.012596112743928665 0.0050963414610922337 -0.0021273710618536735 0.00075519580159039135 0.011095585602119718 -0.0070311436974085295 -0.0014923830034229788 0.0061388438054191781 0.00069695811667774311
leaf_weight=755 205 325 289 226 394 200 745 4187 1612 284 502 4322 1138 5888
leaf_count=755 205 325 289 226 394 200 745 4187 1612 284 502 4322 1138 5888
internal_value=-7.93122e-05 2.67147e-06 0.00324449 0.00586133 0.00234835 -0.00266506 -0.000237322 -0.00139367 -0.000737543 0.00232918 0.000390778 9.29179e-05 0.00100346 8.48138e-05
internal_weight=21072 20867 1434 1109 820 426 19433 6838 6083 1896 12595 11850 7528 6390
internal_count=21072 20867 1434 1109 820 426 19433 6838 6083 1896 12595 11850 7528 6390
is_linear=0
shrinkage=0.03


Tree=55
num_leaves=15
num_cat=0
split_feature=7 13 2 12 13 12 5 4 12 11 1 11 1 1
split_gain=17.0886 52.2034 18.292 15.4829 24.3768 23.4368 22.8167 25.5407 22.9713 30.774 20.1089 19.9494 23.4757 25.1375
threshold=0.88312139976031234 7.5000000000000009 0.76119402985076035 -0.0094971514006259011 9.5000000000000018 -0.0018379222325597409 3.6981862741969125 0.31392414374529731 -0.067070164850990585 0.83462128593984597 1.3318956921456426 1.4707195785392206 0.65430703629899423 0.53011599362700124
decision_type=10 2 2 8 2 10 2 2 10 2 2 2 2 2
left_child=3 2 -2 6 5 -5 7 11 10 -10 -9 12 13 -1
right_child=1 -3 -4 4 -6 -7 -8 8 9 -11 -12 -13 -14 -15
leaf_value=0.00093057476050030865 0.0013774966894013431 -0.012869539261352286 0.0096055682319561089 0.005082333988693219 0.010125362522380298 -0.00058913661519197449 0.004030542158229399 0.002857507929337763 -0.0098095517806765804 -0.0011825030723419518 -0.0051911956680160531 -0.0073952120559278691 0.002055169433935345 -0.011185859582141825
leaf_weight=334 5820 224 249 712 210 7674 543 560 1041 580 548 323 1970 280
leaf_count=334 5820 224 249 712 210 7674 543 560 1041 580 548 323 1970 280
internal_value=-0.000115106 0.00119349 0.00172271 -0.000672681 0.000150797 -0.000104868 -0.00181747 -0.00238397 -0.00446554 -0.00673589 -0.0011287 -0.000425541 0.000458267 -0.00464056
internal_weight=21068 6293 6069 14775 8596 8386 6179 5636 2729 1621 1108 2907 2584 614
internal_count=21068 6293 6069 14775 8596 8386 6179 5636 2729 1621 1108 2907 2584 614
is_linear=0
shrinkage=0.03


Tree=56
num_leaves=15
num_cat=0
split_feature=8 12 12 13 2 4 13 14 5 2 3 3 4 12
split_gain=20.7356 18.561 21.8739 15.0484 44.5695 26.8494 22.0176 24.6886 15.369 14.8868 29.611 27.6732 30.4694 25.5781
threshold=-0.06813569002440184 -0.010832278791303438 0.031213388942459456 7.5000000000000009 0.63636363636364301 0.66198951672650563 5.5000000000000009 1.0000000180025095e-35 3.9570512094821857 0.63461538461537692 0.91666666666667296 0.95402298850574885 0.72655444398603841 0.05218253018921893
decision_type=2 8 10 2 2 2 2 2 2 2 2 2 2 10
left_child=1 -1 -3 6 -5 -6 8 -8 9 10 -2 -11 13 -13
right_child=3 2 -4 4 5 -7 7 -9 -10 11 -12 12 -14 -15
leaf_value=-0.0068279983423045892 0.0014632738255847982 0.0044500977989505317 -0.005324331857543438 -0.014082458003415153 0.0069508190234631589 -0.0061656935012478625 0.010913494355450181 -5.2630279133928586e-05 0.0079500258142846912 -0.0017961805905655933 -0.0042294443401052536 0.0019184216899025802 -0.0051171717221719501 0.010731467820130861
leaf_weight=747 8050 420 395 255 302 254 363 371 218 6655 911 1248 406 385
leaf_count=747 8050 420 395 255 302 254 363 371 218 6655 911 1248 406 385
internal_value=-0.000109244 -0.00342891 -0.000290782 0.000158607 -0.00382899 0.000957196 0.000333391 0.00540782 0.000123542 2.46792e-05 0.000882501 -0.000859486 0.00219467 0.00402262
internal_weight=20980 1562 815 19418 811 556 18607 734 17873 17655 8961 8694 2039 1633
internal_count=20980 1562 815 19418 811 556 18607 734 17873 17655 8961 8694 2039 1633
is_linear=0
shrinkage=0.03


Tree=57
num_leaves=15
num_cat=0
split_feature=8 3 6 4 0 6 12 10 3 7 6 7 0 9
split_gain=14.3974 22.9961 16.8781 23.4355 18.4634 23.5773 33.0662 39.2092 22.1874 17.4629 16.6153 18.7199 27.2379 16.0097
threshold=-0.0090289564363932803 0.95402298850574885 0.64394469199171489 0.22180668930550967 0.52392864607119283 -0.033262754433468704 -0.018213343815518031 1.3770380827417523 0.98155967072358841 0.49474120974233515 0.34434116980717372 0.068851514603890621 0.62273905054819212 0.72379783751027482
decision_type=2 2 8 2 2 8 10 2 2 10 10 10 2 2
left_child=1 -1 4 -4 8 6 -6 -8 13 -5 11 12 -7 -2
right_child=2 -3 3 9 5 10 7 -9 -10 -11 -12 -13 -14 -15
leaf_value=-0.001906307242887236 0.0085868385918438424 0.0021445815921487177 0.010054548800260875 0.0061247870698571205 -0.0033100154713546028 0.0061118354934082374 -0.0045337216446309217 0.0040627533384652416 -0.0070263708149609361 -0.0049032741719524237 0.0022467252331434808 -0.0043824083431835033 -0.0072509336833442963 0.0018500647155069759
leaf_weight=7189 355 1525 372 235 1247 392 583 2548 225 275 576 2579 205 2739
leaf_count=7189 355 1525 372 235 1247 392 583 2548 225 275 576 2579 205 2739
internal_value=-0.00026348 -0.00119656 0.000396119 0.00438286 8.72117e-05 -0.000682588 0.00081274 0.00245739 0.00197105 0.000188412 -0.00242616 -0.00327584 0.00150117 0.00263564
internal_weight=21045 8714 12331 882 11449 8130 4378 3131 3319 510 3752 3176 597 3094
internal_count=21045 8714 12331 882 11449 8130 4378 3131 3319 510 3752 3176 597 3094
is_linear=0
shrinkage=0.03


Tree=58
num_leaves=15
num_cat=0
split_feature=6 0 3 1 7 7 1 0 6 9 2 1 9 4
split_gain=16.6551 27.059 19.3502 15.7113 21.3083 15.233 15.7808 14.4062 13.9338 12.1107 12.6242 11.729 12.5512 12.5869
threshold=0.9608550851892258 0.60179252011713136 0.85714285714284999 0.49201336685733427 0.28158460831956122 -0.22258187449576811 0.59640042122297166 0.6281984114856678 -0.03894742414575169 0.85248052325752721 0.71428571428571519 4.608789548833383 0.86674250897379868 0.50336063191065561
decision_type=8 2 2 2 10 10 2 2 10 2 2 2 2 2
left_child=3 2 -2 4 9 6 -5 8 -8 -1 -11 -7 -13 -14
right_child=1 -3 -4 5 -6 11 7 -9 -10 10 -12 12 13 -15
leaf_value=-0.012599021110940597 0.0048014389659872666 0.013289681125341391 -0.0042324554162616488 0.0095571921349860232 0.0025826680018807089 -0.00017650453842819126 -0.00055145636579985891 -0.0054475431081868406 0.0077296781295205829 -0.0087432135032123603 0.0013617409220168376 -0.0075932129322370491 -0.0067521640087489961 0.0017196203168212828
leaf_weight=227 526 200 352 261 297 16586 393 216 336 234 206 397 226 494
leaf_count=227 526 200 352 261 297 16586 393 216 336 234 206 397 226 494
internal_value=-0.000148417 0.00347457 0.00117619 -0.000345768 -0.00407153 -0.000154799 0.00310045 0.00127625 0.00329202 -0.00703166 -0.00405011 -0.000377373 -0.00334593 -0.000967806
internal_weight=20951 1078 878 19873 964 18909 1206 945 729 667 440 17703 1117 720
internal_count=20951 1078 878 19873 964 18909 1206 945 729 667 440 17703 1117 720
is_linear=0
shrinkage=0.03


Tree=59
num_leaves=15
num_cat=0
split_feature=13 12 12 9 5 4 11 2 11 5 3 4 1 3
split_gain=20.5038 19.5005 36.0446 19.6345 19.1574 20.7637 23.414 22.1166 17.8481 17.4768 16.6407 16.1399 15.0349 15.7753
threshold=13.500000000000002 0.071644659466369401 0.084619990692447591 0.91143698979116561 3.2668419072589381 0.15318295459464099 0.20577742026272336 0.66666666666664665 0.40349032035469917 2.4086747388487209 0.88461538461539246 0.39777561487999763 8.0928103281032353 0.29411764705881943
decision_type=2 8 10 2 2 2 2 2 2 2 2 2 2 2
left_child=1 12 -3 4 5 6 -4 -7 -5 -9 11 -10 13 -1
right_child=-2 2 3 8 -6 7 -8 9 10 -11 -12 -13 -14 -15
leaf_value=-0.0075833664899588081 -0.0092714990682579105 0.0075741529948777416 -0.0013363979305077462 0.0081620788170242448 -0.0072662788373595881 -0.006648917302578509 0.012509397864341736 -0.0027030205467472907 -0.00090918367418150103 0.0082123672132250625 -0.0061036932611569566 0.009376615157816558 0.0072644020339592968 -0.00025877114739528812
leaf_weight=264 204 838 216 457 388 496 217 294 319 232 224 235 230 16369
leaf_count=264 204 838 216 457 388 496 217 294 319 232 224 235 230 16369
internal_value=7.81122e-05 0.000172111 0.0020778 0.000571541 -0.00138901 0.000197783 0.00566608 -0.00213533 0.00349109 0.00214337 0.000712728 0.00349877 -0.000270922 -0.000377272
internal_weight=20983 20779 3916 3078 1843 1455 433 1022 1235 526 778 554 16863 16633
internal_count=20983 20779 3916 3078 1843 1455 433 1022 1235 526 778 554 16863 16633
is_linear=0
shrinkage=0.03


Tree=60
num_leaves=15
num_cat=0
split_feature=6 12 1 11 13 8 1 1 5 3 4 3 8 6
split_gain=17.2346 32.6354 28.1042 25.8269 12.4825 13.8656 36.7609 18.2975 33.9691 17.976 18.8492 22.7141 18.2971 18.2896
threshold=-0.44299356223079944 0.11591961045787726 1.8434329789207722 0.3199955959776456 13.500000000000002 -0.022918053143145656 2.7572604582918392 3.3842970540871509 2.6429794014607002 0.95238095238096088 0.02866136800115358 0.92476113457334186 -0.056871345495409474 0.10486903694257489
decision_type=10 8 2 2 2 2 2 2 2 2 2 2 2 10
left_child=1 2 3 -1 5 6 9 -8 -9 10 -2 13 -11 -12
right_child=4 -3 -4 -5 -6 -7 7 8 -10 12 11 -13 -14 -15
leaf_value=0.002445591141754239 -0.010189446598853706 -0.0048509103717319915 -0.0024477281435456586 0.015387946659522958 -0.0075936225127519628 0.00036982188348539649 0.011280975376440624 0.0097441185921183261 -0.0055597354852055247 -0.0034917368523896979 -0.0031883813092857599 -0.0090812523410430859 0.0045550482318928304 0.001620136382321741
leaf_weight=234 313 293 214 344 200 13773 252 236 280 428 2370 424 612 1013
leaf_count=234 313 293 214 344 200 13773 252 236 280 428 2370 424 612 1013
internal_value=-2.79009e-05 0.0036452 0.00679904 0.0102142 -0.000229023 -0.000152352 -0.00136485 0.0047387 0.00146604 -0.00227699 -0.00316587 -0.0025758 0.00124262 -0.00174826
internal_weight=20986 1085 792 578 19901 19701 5928 768 516 5160 4120 3807 1040 3383
internal_count=20986 1085 792 578 19901 19701 5928 768 516 5160 4120 3807 1040 3383
is_linear=0
shrinkage=0.03


Tree=61
num_leaves=15
num_cat=0
split_feature=10 10 4 1 6 6 12 4 10 7 4 4 1 0
split_gain=15.2345 19.9324 17.6778 20.9937 43.541 26.474 21.5098 16.1713 14.2868 16.7923 28.0684 16.2898 26.4076 20.4401
threshold=1.8777962668390322 1.354423298606634 0.53551573832254828 0.81149302310427063 -0.1276580873898123 -0.10446342032636262 -0.013830569862847473 0.10780552876162729 3.0952468085107832 0.27568120237881938 0.3734770513947418 0.45424920083708192 3.7538662814761694 0.52313187885785906
decision_type=2 2 2 2 10 8 8 2 2 10 2 2 2 2
left_child=1 2 3 5 7 -1 -7 -5 11 -10 -11 12 -2 -13
right_child=8 -3 -4 4 -6 6 -8 -9 9 10 -12 13 -14 -15
leaf_value=-0.0077301366501334283 0.0025280157836969665 -0.0016777277444242143 -0.0027818083995383935 0.016868472118710363 0.00044446407091469099 -0.0038469664009406846 0.0071923228361937272 0.0068682120337770014 -0.0083130446569013756 -0.0053537669925028189 0.0060626801533899344 -0.0043989257314506819 -0.0070702102014511044 0.00098053330475118784
leaf_weight=359 6446 6382 813 210 1119 277 360 496 299 407 361 858 264 2409
leaf_count=359 6446 6382 813 210 1119 277 360 496 299 407 361 858 264 2409
internal_value=0.00017877 -0.000668327 0.00110424 0.00222713 0.00413512 -0.00127214 0.0023993 0.0099405 0.000946973 -0.00234513 1.7062e-05 0.00130005 0.0021454 -0.000436817
internal_weight=21060 10016 3634 2821 1825 996 637 706 11044 1067 768 9977 6710 3267
internal_count=21060 10016 3634 2821 1825 996 637 706 11044 1067 768 9977 6710 3267
is_linear=0
shrinkage=0.03


Tree=62
num_leaves=15
num_cat=0
split_feature=6 14 13 8 8 2 13 10 2 6 6 3 8 10
split_gain=18.6548 25.3836 15.8973 13.9254 14.7218 37.3044 21.1218 19.572 18.7459 18.5514 50.2535 27.5921 23.2004 21.1607
threshold=-0.40085525079724832 1.0000000180025095e-35 12.500000000000002 -0.0076007878906466566 0.0043168711721431703 0.44262295081968211 1.0000000180025095e-35 2.6132068176078338 0.60086567666851831 0.34434116980717372 0.12783190808676306 0.68181818181820264 0.014223461103207347 1.4598165624410244
decision_type=8 2 2 2 2 2 2 2 2 8 10 2 2 2
left_child=1 -1 3 -2 5 6 -5 8 -7 10 -6 -11 -12 -13
right_child=2 -3 -4 4 9 7 -8 -9 -10 11 12 13 -14 -15
leaf_value=0.010582959596067667 -0.0010072749922043086 -0.0011775483915181916 -0.0076696263862374636 0.0043622761458928291 0.00062193002956773414 -0.0059847165425139731 0.017040988773869521 0.0089978271158073428 0.0015903057595318029 -0.0033889791258667227 0.0026765360706669135 0.014359708296779161 -0.0073640955767336948 0.0036468390573961259
leaf_weight=339 8538 316 247 266 6735 410 215 215 1004 391 249 209 1164 766
leaf_count=339 8538 316 247 266 6735 410 215 215 1004 391 249 209 1164 766
internal_value=-2.07887e-05 0.00494325 -0.000181275 -8.76579e-05 0.000587957 0.00285186 0.0101465 0.00067349 -0.000619478 8.46387e-05 -0.000458356 0.00331339 -0.00559153 0.00600479
internal_weight=21064 655 20409 20162 11624 2110 481 1629 1414 9514 8148 1366 1413 975
internal_count=21064 655 20409 20162 11624 2110 481 1629 1414 9514 8148 1366 1413 975
is_linear=0
shrinkage=0.03


Tree=63
num_leaves=15
num_cat=0
split_feature=3 2 4 6 3 1 5 7 1 2 0 6 6 5
split_gain=13.7364 26.5093 24.2302 34.0447 26.2528 19.3006 18.7285 19.0055 16.8374 16.2178 16.2156 16.0861 14.3881 27.5207
threshold=0.92592592592593481 0.60000000000000664 0.64738848082747924 0.0093475417732614714 0.94177325730724082 0.61978803209505284 2.5761466456421567 0.10290718860172246 1.1607605384994875 0.90000000000001845 0.59618165683379287 0.029750840856788811 -0.20436818535825543 2.047434042556096
decision_type=2 2 2 10 2 2 2 10 2 2 2 8 8 2
left_child=12 11 4 10 8 -6 -7 9 -3 -8 -4 -2 13 -1
right_child=1 2 3 -5 5 6 7 -9 -10 -11 -12 -13 -14 -15
leaf_value=-0.0061750153017540773 -0.0097085226540538395 -0.010637102542178973 -0.012790407420730976 0.0021404985066117909 -0.0034891642105841394 0.0068577908229669245 0.011490656252899164 -0.0025120045218429551 0.00018093320895055124 0.00034941970103088467 -0.0026884764028184205 -0.0010994645231826739 0.00088623950280764181 0.00024056149030114271
leaf_weight=796 490 247 366 430 413 878 213 612 266 256 238 325 12916 2418
leaf_count=796 490 247 366 430 413 878 213 612 266 256 238 325 12916 2418
internal_value=2.22111e-05 -0.00139782 -0.000370981 -0.00429973 0.00104211 0.00237409 0.00361593 0.000963402 -0.00508015 0.00547713 -0.0088646 -0.0063031 0.000439281 -0.00135549
internal_weight=20864 4734 3919 1034 2885 2372 1959 1081 513 469 604 815 16130 3214
internal_count=20864 4734 3919 1034 2885 2372 1959 1081 513 469 604 815 16130 3214
is_linear=0
shrinkage=0.03


Tree=64
num_leaves=15
num_cat=0
split_feature=7 12 6 8 5 10 5 6 12 0 5 11 13 13
split_gain=16.1045 15.6988 16.9986 17.1795 19.0341 21.0456 19.6658 16.0384 15.8202 24.8069 14.9124 13.0061 11.9377 13.145
threshold=-0.79060576279046846 0.17408431474073713 -0.46479222984868279 -0.052691534896100879 2.6600859152580933 1.5178590199973099 3.6304405661858925 -0.029271119555872856 0.1441710941179136 0.55410784725709405 0.57500993174500814 0.3199955959776456 11.500000000000002 5.5000000000000009
decision_type=10 10 8 2 2 2 2 10 8 2 2 2 2 2
left_child=-1 2 -2 4 5 -4 -6 -7 10 -10 -5 -3 13 -12
right_child=1 11 3 8 6 7 -8 -9 9 -11 12 -13 -14 -15
leaf_value=-0.0069376586310124144 0.0076356358815776347 0.0010614468646087463 -0.0048353506259442404 -0.0069872417495030316 -0.006821821997516059 -0.00052966950228898826 0.0029125218576420159 0.007524925688467919 -0.00032601321488618848 0.013582847747847298 0.00045040449365845754 -0.0066752771293811597 -0.0059692373346661772 0.0039160118521450963
leaf_weight=282 282 309 456 233 920 500 231 395 250 209 15090 522 242 1049
leaf_count=282 282 309 456 233 920 500 231 395 250 209 15090 522 242 1049
internal_value=0.000120089 0.000217947 0.000387401 0.000281058 -0.00203807 0.000378607 -0.00486404 0.00304721 0.000621417 0.00608534 0.000468678 -0.0038093 0.00057683 0.000676805
internal_weight=20970 20688 19857 19575 2502 1351 1151 895 17073 459 16614 831 16381 16139
internal_count=20970 20688 19857 19575 2502 1351 1151 895 17073 459 16614 831 16381 16139
is_linear=0
shrinkage=0.03


Tree=65
num_leaves=15
num_cat=0
split_feature=13 7 0 13 14 0 5 7 3 14 5 11 11 9
split_gain=10.6427 43.017 38.3083 18.705 26.1392 16.884 23.5419 19.8558 16.0711 17.2253 14.3914 17.2183 15.1815 12.6674
threshold=7.5000000000000009 0.4759895422053676 0.56106447347505117 5.5000000000000009 1.0000000180025095e-35 0.62956881050338842 1.4386821100018821 0.23353201770793039 0.94634204861273497 1.0000000180025095e-35 3.5227427720673359 1.3867466609561223 0.78308999270760526 0.86674250897379868
decision_type=2 8 2 2 2 2 2 8 2 2 2 2 2 2
left_child=3 2 -2 5 -5 -1 -7 8 9 -8 11 12 13 -9
right_child=1 -3 -4 4 -6 6 7 10 -10 -11 -12 -13 -14 -15
leaf_value=0.00035295529995178255 -0.0054284613589445745 -0.010052870381062071 0.012150793373584748 0.010214066705082916 -0.00073981687980199636 -0.010185480838691864 -0.011801086983329514 -0.0044848464052886401 0.00029814967324462118 -0.001568254000107145 0.0078415181489681161 -0.0069986550334129437 0.0074575335227270072 0.0038775350743283825
leaf_weight=16677 220 418 217 386 392 291 348 371 390 258 230 262 277 283
leaf_count=16677 220 418 217 386 392 291 348 371 390 258 230 262 277 283
internal_value=4.0138e-05 -0.00322825 0.00333953 0.000179484 0.00472541 -4.11506e-06 -0.00219808 -0.00121819 -0.00445601 -0.00749302 0.00105572 -0.00027979 0.0016383 -0.000864298
internal_weight=21020 855 437 20165 778 19387 2710 2419 996 606 1423 1193 931 654
internal_count=21020 855 437 20165 778 19387 2710 2419 996 606 1423 1193 931 654
is_linear=0
shrinkage=0.03


Tree=66
num_leaves=15
num_cat=0
split_feature=4 2 11 5 13 12 8 12 0 2 12 1 11 0
split_gain=16.67 28.9396 27.011 25.4855 22.4909 22.2798 25.4155 22.2632 21.654 27.9476 25.8584 20.2276 19.9261 24.2967
threshold=0.46288415232128138 0.82758620689659579 -1.7387841258734216 1.9477914137345762 1.5000000000000002 -0.0082589293360929555 0.056684023020872436 -0.010263255916799106 0.54316810221382339 0.6315789473684349 -0.058629848146089285 1.1607605384994875 2.6383237770399686 0.54139009391041626
decision_type=2 2 2 2 2 8 2 8 2 2 10 2 2 2
left_child=1 3 -2 -1 -3 8 11 -6 -4 -10 -11 -7 13 -5
right_child=2 4 5 12 7 6 -8 -9 9 10 -12 -13 -14 -15
leaf_value=-0.0025466801641985423 -0.011030431336590221 0.0014741212714636611 -0.0065618288016161151 0.0025315357368696392 0.0015904582285793958 -0.0050941812312567591 0.0065465533291200976 0.012084190912617298 0.0061072098253151545 0.0019869215253618408 -0.0072132250445043023 0.00080153785381763395 -0.0070172395689814156 -0.00051157945073771122
leaf_weight=2704 240 1329 968 4627 303 658 546 457 385 483 628 2489 284 4814
leaf_count=2704 240 1329 968 4627 303 658 546 457 385 483 628 2489 284 4814
internal_value=1.43478e-05 0.000576538 -0.001261 2.68484e-05 0.00383918 -0.000871544 0.000602689 0.00793824 -0.00307785 -0.000809155 -0.00322254 -0.000437312 0.000743349 0.000980391
internal_weight=20915 14518 6397 12429 2089 6157 3693 760 2464 1496 1111 3147 9725 9441
internal_count=20915 14518 6397 12429 2089 6157 3693 760 2464 1496 1111 3147 9725 9441
is_linear=0
shrinkage=0.03


Tree=67
num_leaves=15
num_cat=0
split_feature=8 2 10 7 2 3 11 7 13 13 0 1 11 8
split_gain=18.5014 22.3939 17.5252 15.0182 29.1723 21.6466 14.8211 13.5005 39.1861 30.5479 20.4023 28.7832 19.0385 18.191
threshold=-0.050855284114525286 0.71428571428574317 2.1384511935825565 0.41151860930643086 0.44262295081968211 0.70000000000000095 0.23241504990015879 0.65113108392138608 7.5000000000000009 5.5000000000000009 0.55282752445344996 2.0475073468528331 1.8871660334067428 0.0069871736643165603
decision_type=2 2 2 8 2 2 2 10 2 2 2 2 2 2
left_child=1 3 -3 -1 6 -6 -5 10 9 13 11 12 -2 -9
right_child=7 2 -4 4 5 -7 -8 8 -10 -11 -12 -13 -14 -15
leaf_value=-0.0090234862081305083 -0.00022887802490867068 -0.0018845026417201945 0.0056248636543750757 -0.014131133515598639 0.0081706821444359704 -0.0027798892648771721 -0.0036733367857768344 0.0029735367880174145 -0.0094897138065305232 0.010926391939028574 0.00087088591426358797 -0.0085140745233997558 -0.0070614253438628502 1.9854668765820798e-06
leaf_weight=459 3435 732 446 207 259 418 299 3404 285 308 5720 510 406 4065
leaf_count=459 3435 732 446 207 259 418 299 3404 285 308 5720 510 406 4065
internal_value=7.41487e-05 -0.00218417 0.000970359 -0.00444337 -0.0026358 0.00143866 -0.00804793 0.000425863 0.00134038 0.0017431 -0.000306522 -0.00185361 -0.000959331 0.00135735
internal_weight=20953 2820 1178 1642 1183 677 506 18133 8062 7777 10071 4351 3841 7469
internal_count=20953 2820 1178 1642 1183 677 506 18133 8062 7777 10071 4351 3841 7469
is_linear=0
shrinkage=0.03


Tree=68
num_leaves=15
num_cat=0
split_feature=6 14 13 13 3 0 11 12 12 2 0 14 3 12
split_gain=12.6607 21.4363 15.0402 17.6406 16.7027 40.098 17.2918 31.213 17.1797 16.8771 16.2817 24.7282 37.196 18.9862
threshold=-0.42581039638076174 1.0000000180025095e-35 12.500000000000002 1.5000000000000002 0.95238095238096088 0.55471623065053477 -0.80054199250465941 -0.028720860929421718 -0.0030301516772206489 0.78361044575958172 0.62159023608692976 1.0000000180025095e-35 0.87500000000001354 0.028807241522460506
decision_type=8 2 2 2 2 2 2 10 10 2 2 2 2 8
left_child=1 -1 3 10 6 8 7 -5 -6 -9 -2 13 -13 -12
right_child=2 -3 -4 4 5 -7 -8 9 -10 -11 11 12 -14 -15
leaf_value=0.010265077354691246 -0.00026947457180614878 -0.0020651496614979095 -0.00748891103325323 0.0048321835760106431 -0.0082947598390602038 0.0099841200330528738 0.0011900861740405427 -0.010988939497619867 0.0032054458314875016 -0.00030083373959104598 -0.0073616259816064412 0.005819939020166703 -0.0059364456045996709 0.0019673581746568487
leaf_weight=270 11164 233 247 277 204 564 4907 382 261 203 1090 540 431 237
leaf_count=270 11164 233 247 277 204 564 4907 382 261 203 1090 540 431 237
internal_value=-8.91642e-05 0.00458935 -0.000205011 -0.000114383 0.00113084 0.00464217 0.000501054 -0.00340556 -0.00187437 -0.00731406 -0.000743377 -0.00304008 0.000597927 -0.00569435
internal_weight=21010 503 20507 20260 6798 1029 5769 862 465 585 13462 2298 971 1327
internal_count=21010 503 20507 20260 6798 1029 5769 862 465 585 13462 2298 971 1327
is_linear=0
shrinkage=0.03


Tree=69
num_leaves=15
num_cat=0
split_feature=8 2 0 4 4 0 7 6 4 6 7 4 4 6
split_gain=13.7429 20.6425 24.7108 19.4919 27.8557 24.4191 31.4339 18.9072 19.712 27.4583 21.2628 18.1854 17.9513 22.7527
threshold=-0.022918053143145656 0.55827644264034548 0.51135235152308145 0.1277770059043653 0.11600877354321869 0.50901338431738996 0.19763183359810907 -0.33695518545409192 0.54099552941732221 -0.029271119555872856 0.7673292133290176 0.012632505561636401 0.18386959726330113 -0.093613870654954287
decision_type=2 2 2 2 2 2 10 8 2 8 10 2 2 8
left_child=1 2 -1 4 5 6 -2 -3 10 -10 12 -7 13 -9
right_child=3 7 -4 -5 -6 11 -8 8 9 -11 -12 -13 -14 -15
leaf_value=-0.0075931498441948646 -0.005099085488937039 0.0085915020294487464 -0.00097644794466882805 -0.0002418218347891603 0.010373308759484159 0.0073030605132894952 0.0080469385050515874 0.0028605208682452193 -0.0083001644494349533 0.00070542683628828894 0.0084116720269585762 -0.001075042089452489 0.0021850088347159617 -0.0063189670279721862
leaf_weight=859 202 211 1237 10878 341 256 797 377 591 622 296 2182 1394 667
leaf_count=859 202 211 1237 10878 341 256 797 377 591 622 296 2182 1394 667
internal_value=-9.92787e-05 -0.00127607 -0.00369978 0.000403147 0.00225807 0.00143902 0.00537663 -5.13373e-05 -0.000523654 -0.00369835 0.000889052 -0.000182161 -3.96232e-05 -0.00300632
internal_weight=20910 6254 2096 14656 3778 3437 999 4158 3947 1213 2734 2438 2438 1044
internal_count=20910 6254 2096 14656 3778 3437 999 4158 3947 1213 2734 2438 2438 1044
is_linear=0
shrinkage=0.03


Tree=70
num_leaves=15
num_cat=0
split_feature=8 8 8 1 1 1 0 11 9 1 12 4 8 5
split_gain=17.8118 12.3063 22.9164 18.7115 29.21 21.9635 17.2214 22.4697 20.0416 21.9727 15.3304 17.4481 13.901 18.1956
threshold=-0.11689491438775422 0.067262545151208802 0.048287896163124198 0.69521644508194747 0.96306271599686688 1.3495947472194498 0.6038104309958473 0.34297451822576935 0.84086892695766846 1.9521017088390626 0.049332839244384037 0.39777561487999763 0.036415876006328729 1.9477914137345762
decision_type=2 2 2 2 2 2 2 2 2 2 8 2 2 2
left_child=-1 2 12 -3 -5 -6 7 -4 -9 -10 11 -7 -2 -14
right_child=1 3 6 4 5 10 -8 8 9 -11 -12 -13 13 -15
leaf_value=-0.0073007382252323096 0.00031411018703341533 0.011137118998760451 -0.0079822786693360404 -0.0078179215419976432 0.010253408208489417 -0.0062995185878194542 -0.0083492519561949845 0.0086672129233678185 -0.0067806917580829299 0.0057781144263196072 0.0066154399824253519 0.0033741195199924498 -0.0037479580997112597 0.0050223183126666534
leaf_weight=263 16036 212 309 239 320 323 428 238 309 204 317 339 257 1153
leaf_count=263 16036 212 309 239 320 323 428 238 309 204 317 339 257 1153
internal_value=0.000383975 0.000483428 0.000260599 0.0028867 0.00171705 0.00349462 -0.00330679 -0.00124114 0.00156696 -0.00177898 0.00124454 -0.00135764 0.000565728 0.00341617
internal_weight=20947 20684 18934 1750 1538 1299 1488 1060 751 513 979 662 17446 1410
internal_count=20947 20684 18934 1750 1538 1299 1488 1060 751 513 979 662 17446 1410
is_linear=0
shrinkage=0.03


Tree=71
num_leaves=15
num_cat=0
split_feature=1 7 1 8 2 9 4 0 3 9 0 8 4 2
split_gain=18.6346 26.4397 22.3762 12.1553 26.7845 25.0588 19.4775 16.111 19.178 18.4641 30.4746 18.1431 13.7022 15.5268
threshold=0.49201336685733427 0.36181991949658171 0.41164057385130948 -0.024331941241605353 0.38775510204081104 0.74692724077918615 0.27884373135939627 0.58916469561744134 0.95999999999998453 0.83950748047436652 0.54006618059457023 -0.038690570100365494 0.16465136343301781 0.27453813895500606
decision_type=2 10 2 2 2 2 2 2 2 2 2 2 2 2
left_child=1 2 -1 4 12 6 -6 9 11 10 -7 -9 13 -2
right_child=3 -3 -4 -5 5 7 -8 8 -10 -11 -12 -13 -14 -15
leaf_value=-0.00176160937415496 -0.0046617004345100811 0.0040501368115831134 -0.012287287922924037 0.00059863809166037392 -0.0092937574587831986 0.0011304074493387051 -0.00062337805425500593 -0.001598380461600843 0.0053440014314144208 0.00060439646512026001 0.013349187523126601 -0.011376926583089246 -0.0011833382965653881 -0.015234259848083766
leaf_weight=367 326 261 359 14298 423 460 514 612 230 2148 302 233 348 205
leaf_count=367 326 261 359 14298 423 460 514 612 230 2148 302 233 348 205
internal_value=-6.93374e-05 -0.00408322 -0.0070149 0.000128739 -0.00102896 -0.000165258 -0.00456609 0.000873944 -0.00225747 0.00203263 0.00602847 -0.00434578 -0.00583703 -0.00884742
internal_weight=21086 987 726 20099 5801 4922 937 3985 1075 2910 762 845 879 531
internal_count=21086 987 726 20099 5801 4922 937 3985 1075 2910 762 845 879 531
is_linear=0
shrinkage=0.03


Tree=72
num_leaves=15
num_cat=0
split_feature=6 14 12 6 8 6 4 1 0 8 4 12 12 6
split_gain=13.1622 22.5965 12.4182 35.8189 32.4945 24.008 22.9003 22.0658 27.2828 25.1376 20.1064 21.8538 17.6096 17.4715
threshold=-0.42581039638076174 1.0000000180025095e-35 -0.0088221020879286609 -0.075409185494651462 0.090643014182992795 -0.029271119555872856 0.46744223228429765 0.84307959337856342 0.61328557883832324 0.025767975723069117 0.1224610723161655 0.069161965077393375 -0.0038158003834779515 -0.17348021046108655
decision_type=8 2 8 8 2 8 2 2 2 2 2 10 8 10
left_child=1 -1 5 4 7 6 -2 8 9 -4 11 -9 -5 -12
right_child=2 -3 3 12 -6 -7 -8 10 -10 -11 13 -13 -14 -15
leaf_value=0.01058583927943426 -0.0012155912750344299 -0.0023492439936947176 0.003461723085118593 0.005881895601771929 0.013474017099193903 0.00054358420172837636 -0.0060587012703252063 0.003964709144777776 -0.011709736143852151 -0.0081990179672305069 -0.00032076082482900849 0.0149708412245233 -0.0012038063725715229 0.0044782401799988688
leaf_weight=267 3022 217 642 326 225 4333 1236 544 200 219 1512 230 6844 1239
leaf_count=267 3022 217 642 326 225 4333 1236 544 200 219 1512 230 6844 1239
internal_value=-4.27201e-05 0.00482171 -0.00015831 0.000465779 0.00246694 -0.00102843 -0.00262689 0.00191282 -0.00187368 0.000465537 0.00305357 0.00731036 -0.000877765 0.00184482
internal_weight=21056 484 20572 11981 4811 8591 4258 4586 1061 861 3525 774 7170 2751
internal_count=21056 484 20572 11981 4811 8591 4258 4586 1061 861 3525 774 7170 2751
is_linear=0
shrinkage=0.03


Tree=73
num_leaves=15
num_cat=0
split_feature=12 6 3 3 5 3 1 1 6 6 3 0 4 0
split_gain=17.3836 32.9831 33.341 35.8563 27.8139 23.0086 21.3701 23.9453 21.3662 20.1918 17.3921 22.4527 30.8861 29.6672
threshold=-0.018213343815518031 -0.075409185494651462 0.64772727272727904 0.60199836935723394 3.0475195982086443 0.50000000000000167 1.0219194768561246 1.255794682749086 -0.20146588592961909 -0.18243044556032009 0.75000000000002431 0.56357998079819971 0.27640967832118718 0.51276435793750796
decision_type=8 8 2 2 2 2 2 2 8 10 2 2 2 2
left_child=8 2 3 5 -4 -2 -6 -8 -1 -10 -3 12 -12 -14
right_child=1 10 4 -5 6 -7 7 -9 9 -11 11 -13 13 -15
leaf_value=-0.0041220789802483343 0.0080900940200299906 -0.0024072958014037318 -0.00064256862356207854 0.015859968194907363 -0.00080333962666298271 -0.0011940242334579428 0.015869172420264421 0.0045082536613025113 0.0057479242978965032 -0.00078462333576733725 -0.00097177077595650863 -0.00162715980895492 -0.0002219606119107051 0.0090485538841759139
leaf_weight=1664 527 2928 2720 292 483 436 206 838 456 5581 1231 2307 493 834
leaf_count=1664 527 2928 2720 292 483 436 206 838 456 5581 1231 2307 493 834
internal_value=1.61057e-05 0.000673015 0.00245026 0.00673633 0.00117729 0.00390224 0.00441046 0.00681492 -0.00111768 -0.000286844 -0.000582521 0.000517063 0.00245029 0.00561652
internal_weight=20996 13295 5502 1255 4247 963 1527 1044 7701 6037 7793 4865 2558 1327
internal_count=20996 13295 5502 1255 4247 963 1527 1044 7701 6037 7793 4865 2558 1327
is_linear=0
shrinkage=0.03


Tree=74
num_leaves=15
num_cat=0
split_feature=10 1 9 0 9 10 10 8 8 12 11 9 11 1
split_gain=11.0667 13.9301 14.1378 12.506 24.0702 33.3519 15.223 18.5282 33.1103 22.0758 30.1835 23.892 18.9408 16.2616
threshold=3.121978978507443 2.5249312510498596 0.96696076041086332 0.48494776649486393 0.75554137111382302 1.3688129410752121 1.8835001620436553 -0.063750019042763714 -0.047305485705467026 -0.12146608110487477 0.40349032035469917 0.66161167471249571 1.0000000180025095e-35 0.97667529054192481
decision_type=2 2 2 2 2 2 2 2 2 10 2 2 2 2
left_child=3 2 -2 4 -1 -6 -5 13 12 10 -10 -11 -9 -8
right_child=1 -3 -4 6 5 -7 7 8 9 11 -12 -13 -14 -15
leaf_value=-0.0074275779860447765 -0.0098600503552807583 0.0020355015091034125 -0.0011535579059108109 -0.0002528185978337502 0.0083275546872153359 -0.0017775110709968003 -0.0099241126193241637 0.0030725248039859096 0.014928047996777367 0.01050203341613257 0.0012279081284451078 0.00060126293895731194 0.01467300285100937 -3.7835698716248135e-05
leaf_weight=506 322 341 348 8765 343 1888 215 241 244 222 348 6552 270 469
leaf_count=506 322 341 348 8765 343 1888 215 241 244 222 348 6552 270 469
internal_value=0.00017363 -0.00288106 -0.00537991 0.000328239 -0.00155446 -0.000208783 0.000626013 0.00152541 0.00193706 0.00142138 0.00695232 0.000933241 0.00928472 -0.00319483
internal_weight=21074 1011 670 20063 2737 2231 17326 8561 7877 7366 592 6774 511 684
internal_count=21074 1011 670 20063 2737 2231 17326 8561 7877 7366 592 6774 511 684
is_linear=0
shrinkage=0.03


Tree=75
num_leaves=15
num_cat=0
split_feature=8 0 12 13 2 13 7 8 1 0 5 14 12 0
split_gain=15.9333 16.966 30.6403 16.4454 24.015 18.9669 30.2729 21.3433 27.7403 32.5606 22.9137 15.8641 40.7557 22.3413
threshold=-0.023349429981344642 0.63096737512053003 0.010801322139230187 7.5000000000000009 0.64871456822677098 5.5000000000000009 0.70171477570243856 -0.016388571047220728 1.255794682749086 0.52921601965649545 2.9379246862213044 1.0000000180025095e-35 0.12145825781479254 0.52462717878878162
decision_type=2 2 10 2 2 2 10 2 2 2 2 2 8 2
left_child=1 -1 -3 5 -5 7 -7 8 9 -2 -10 12 13 -9
right_child=3 2 -4 4 -6 6 -8 11 10 -11 -12 -13 -14 -15
leaf_value=-0.00056681052048641867 0.0088996444411376229 -0.0097978403707424961 0.0023516749244096666 -0.012459517852850974 0.00011742660262744421 0.00043120844551177963 0.014320281663909553 0.0015382774442200464 0.015343390997873043 -0.0059201218946413562 0.0022061675401263926 0.0014745451573062673 0.012162426905965225 -0.0022020664044054136
leaf_weight=5440 219 494 296 203 398 344 235 2054 284 325 207 5573 211 4759
leaf_count=5440 219 494 296 203 398 344 235 2054 284 325 207 5573 211 4759
internal_value=0.00010672 -0.00116561 -0.00525946 0.00064208 -0.00419844 0.000848196 0.00614274 0.000621148 0.00475176 7.26414e-05 0.00988296 0.000280016 -0.000668124 -0.00107412
internal_weight=21042 6230 790 14812 601 14211 579 13632 1035 544 491 12597 7024 6813
internal_count=21042 6230 790 14812 601 14211 579 13632 1035 544 491 12597 7024 6813
is_linear=0
shrinkage=0.03


Tree=76
num_leaves=15
num_cat=0
split_feature=10 2 12 6 14 0 10 10 2 8 8 0 1 1
split_gain=23.8536 19.9964 15.1471 15.8768 15.8524 38.544 22.8386 26.8148 25.5241 24.7112 23.8481 17.3943 16.4822 27.3024
threshold=0.9129151448923063 0.062828947368426105 0.18134696496238903 -0.42581039638076174 1.0000000180025095e-35 0.67353353796880067 2.5566753440689598 2.4154938735427218 0.25925925925923793 0.081282650170256487 -0.00044719958757919175 0.55282752445344996 1.1113717794873905 1.8909157368344867
decision_type=2 2 10 8 2 2 2 2 2 2 2 2 2 2
left_child=-1 -2 3 -3 5 -5 7 8 -6 -10 11 -8 -12 -14
right_child=1 2 -4 4 6 -7 10 -9 9 -11 12 -13 13 -15
leaf_value=-0.0065705097202307904 -0.0078912333777531023 0.0061300661672835767 -0.0041232889379803428 -0.00013223791889226631 0.0094462179406778202 -0.0080074814249416291 -0.010102814676352294 0.0092139142549907162 0.00052332480503614162 0.0093017463566826986 -0.005499083158830481 -0.0003032018118843871 0.010799251873355479 -0.0013900012175663042
leaf_weight=498 277 408 714 10443 336 586 410 427 5386 300 243 269 272 408
leaf_count=498 277 408 714 10443 336 586 410 427 5386 300 243 269 272 408
internal_value=-0.000116272 4.22453e-05 0.000152951 0.000310641 0.000184627 -0.000554109 0.00119633 0.00199254 0.00147328 0.00099425 -0.0020051 -0.00625109 0.00113529 0.00352894
internal_weight=20977 20479 20202 19488 19080 11029 8051 6449 6022 5686 1602 679 923 680
internal_count=20977 20479 20202 19488 19080 11029 8051 6449 6022 5686 1602 679 923 680
is_linear=0
shrinkage=0.03


Tree=77
num_leaves=15
num_cat=0
split_feature=8 4 14 8 6 8 1 8 3 9 6 1 12 0
split_gain=12.1808 27.1094 24.75 18.1183 19.6831 16.8464 13.5816 14.0159 14.6392 17.5703 13.0432 12.1478 11.4712 10.8863
threshold=0.071696576227141373 0.40240850158833102 1.0000000180025095e-35 0.048287896163124198 0.35278323813643214 0.094334852204968248 4.608789548833383 0.021437148018157361 0.82133737049466127 0.93681015398307654 -0.10446342032636262 0.80465378030804902 0.020023507576703407 0.56163925863550024
decision_type=2 2 2 2 8 2 2 2 2 2 8 2 10 2
left_child=3 2 5 6 11 -2 -1 8 9 -8 -3 -5 -13 -4
right_child=1 10 13 4 -6 -7 7 -9 -10 -11 -12 12 -14 -15
leaf_value=0.00031612136048033573 -0.00018924152198212163 0.013665125991382667 -0.00027046683503360278 -0.010050312401426415 0.004977065993425173 -0.011182276759048303 -0.009975240098823222 -0.010249673317779193 0.00478737247033188 0.0012614830341772176 0.0042854851212682597 -0.0058865744501001944 -3.7604316655849871e-07 0.0093937147136100314
leaf_weight=16818 284 204 200 274 229 220 243 204 229 251 390 617 572 215
leaf_count=16818 284 204 200 274 229 220 243 204 229 251 390 617 572 215
internal_value=3.97724e-05 0.00262796 -0.000605554 -0.00016232 -0.00312379 -0.0050505 0.000120859 -0.00340435 -0.00141576 -0.00431046 0.00759395 -0.00440443 -0.00306672 0.0047885
internal_weight=20950 1513 919 19437 1692 504 17745 927 723 494 594 1463 1189 415
internal_count=20950 1513 919 19437 1692 504 17745 927 723 494 594 1463 1189 415
is_linear=0
shrinkage=0.03


Tree=78
num_leaves=15
num_cat=0
split_feature=8 2 7 8 9 9 12 3 2 7 9 6 12 12
split_gain=19.0784 18.1404 22.1388 25.0623 18.1051 31.0784 14.8455 14.4202 13.5568 20.7274 13.1646 11.7859 37.3008 12.9114
threshold=-0.050855284114525286 0.57039645279081941 0.61616819675397505 -0.094370614255231092 0.88297635514851758 0.77784767943861899 0.0062376460202141501 0.65116279069766991 0.16465669782877965 1.8725203722976318 0.80776134191507021 -0.57152617131478567 -0.067070164850990585 -0.039347289834438852
decision_type=2 2 10 2 2 2 8 2 2 8 2 10 10 10
left_child=1 6 3 -3 5 -5 7 -1 10 11 -2 12 -10 -13
right_child=8 2 -4 4 -6 -7 -8 -9 9 -11 -12 13 -14 -15
leaf_value=0.0032562030369562727 -0.009587009576111357 -0.0092317397750135682 0.0061616551506535298 -0.0029967960004412797 -0.0041090042610271412 0.010264217975067267 -0.010053578476757983 -0.0063470419091172514 0.013109285219499233 0.0070946999553015968 -0.0007610205517172994 -0.0010267007414289351 -0.0015443259593172882 0.00089145523668441077
leaf_weight=236 216 330 368 322 503 306 377 335 262 442 491 4259 375 12177
leaf_count=236 216 330 368 322 503 306 377 335 262 442 491 4259 375 12177
internal_value=0.000199349 -0.00211474 -0.000365044 -0.00202441 0.000109899 0.00349482 -0.00547085 -0.00238411 0.000552495 0.000717267 -0.00350589 0.000550134 0.00453791 0.000394249
internal_weight=20999 2777 1829 1461 1131 628 948 571 18222 17515 707 17073 637 16436
internal_count=20999 2777 1829 1461 1131 628 948 571 18222 17515 707 17073 637 16436
is_linear=0
shrinkage=0.03


Tree=79
num_leaves=15
num_cat=0
split_feature=10 13 9 9 8 0 7 9 9 0 9 9 5 5
split_gain=15.3321 20.8278 39.8803 18.1884 26.667 26.7136 32.1057 15.3374 19.9121 25.3208 18.7253 23.2517 18.4753 25.2508
threshold=1.8777962668390322 5.5000000000000009 0.81120234647460265 0.72379783751027482 -0.044728275830091507 0.58157277684823006 0.5614594775966818 0.73552693992753126 0.99370454191817326 0.4513723681023008 0.907759310250709 0.74692724077918615 2.3203744698852242 2.6692419977723554
decision_type=2 2 2 2 2 2 8 2 2 2 2 2 2 2
left_child=1 7 -3 4 -2 6 -6 -1 9 -9 11 -11 -12 -14
right_child=3 2 -4 -5 5 -7 -8 8 -10 10 12 -13 13 -15
leaf_value=-0.0035279626552890079 -0.0050754540100477743 0.014913132165869076 -0.00077236619451089407 0.00042007784344341226 0.019272146765458381 -0.00024202968294042288 0.0043729289738755478 0.0079906747407722661 -0.0032063550690216176 0.0081461315184430689 0.0069026189261469344 -0.0018406293355060449 -0.0079273389016880705 0.0035976190466406898
leaf_weight=1963 202 211 448 9974 231 296 299 361 1880 218 575 3568 250 515
leaf_count=1963 202 211 448 9974 231 296 299 361 1880 218 575 3568 250 515
internal_value=4.03812e-05 -0.00081031 0.00432433 0.000812763 0.00460225 0.00698525 0.0109862 -0.0011751 -0.000546197 0.000367337 -0.000176802 -0.0012556 0.00286454 -0.000195727
internal_weight=20991 9989 659 11002 1028 826 530 9330 7367 5487 5126 3786 1340 765
internal_count=20991 9989 659 11002 1028 826 530 9330 7367 5487 5126 3786 1340 765
is_linear=0
shrinkage=0.03


Tree=80
num_leaves=15
num_cat=0
split_feature=10 2 5 2 2 12 6 1 2 0 6 7 5 1
split_gain=13.2913 13.2128 21.2029 21.1598 17.3203 16.4831 23.4943 17.4036 17.4807 16.0766 21.266 29.9857 26.1499 23.655
threshold=0.9129151448923063 0.45997032640949148 1.3047452121971646 0.50000000000002398 0.51428571428570902 0.11343399380293386 -0.42581039638076174 0.84905659370770958 0.64871456822677098 0.64446723368294345 0.097122373508922513 0.054748084546827093 1.3661363412462324 0.6491803156454693
decision_type=2 2 2 2 2 10 8 2 2 2 8 10 2 2
left_child=-1 2 -2 -3 -5 6 -6 -7 -9 10 -8 13 -13 -12
right_child=1 3 -4 4 5 7 9 8 -10 -11 11 12 -14 -15
leaf_value=-0.0051676423564553254 -0.0079218962747189745 0.0039175400181870263 -0.00096025086444511277 -0.0080268164188125914 0.0094196579259421126 -0.010710064998190653 -0.00031600128395704174 -0.007357322587167388 0.00088031707264329354 -0.002560940761596416 0.00012301749133066445 0.011147160801277341 0.00013860905092681332 0.011283437849330554
leaf_weight=495 427 1268 4474 240 247 223 7369 326 771 1677 252 206 2441 527
leaf_count=495 427 1268 4474 240 247 223 7369 326 771 1677 252 206 2441 527
internal_value=-0.000335071 -0.000216851 -0.00157424 0.000211418 -0.000118949 1.90479e-05 0.000350641 -0.00316532 -0.00158997 0.000167332 0.000592157 0.00254313 0.00101474 0.00769694
internal_weight=20943 20448 4901 15547 14279 14039 12719 1320 1097 12472 10795 3426 2647 779
internal_count=20943 20448 4901 15547 14279 14039 12719 1320 1097 12472 10795 3426 2647 779
is_linear=0
shrinkage=0.03


Tree=81
num_leaves=15
num_cat=0
split_feature=2 11 11 6 1 3 8 6 5 6 1 10 0 4
split_gain=9.31813 10.1164 28.0466 22.6289 53.5625 21.0004 19.7969 38.5468 21.9397 20.5253 20.6229 17.6024 21.1124 17.5059
threshold=0.062828947368426105 1.1082644426661001 1.2785381317667819 -0.042807755309401944 0.79729451156176478 0.44912747707779044 -0.016824131912217932 -0.20146588592961909 3.4417380698400009 -0.25383537167678139 1.7154968772058032 1.6171794075459915 0.53594297679056857 0.42348310352568219
decision_type=2 2 2 10 2 2 2 8 2 10 2 2 2 2
left_child=-1 5 11 4 -4 -2 8 9 -6 10 -8 -3 -13 -9
right_child=1 2 3 -5 6 -7 7 13 -10 -11 -12 12 -14 -15
leaf_value=-0.0053703911984247146 0.0050534317688695311 0.011333186295191953 -0.006811137233739932 -0.0018672556741639187 0.0033999330696953905 -0.00077817086050347827 -0.001557949450497906 0.01249773297666471 -0.0083542282037041352 -0.0072895737561456701 0.010619707356132038 -0.0030825610578130661 0.0071124858018879944 0.0047612214972087667
leaf_weight=298 575 309 519 2818 384 13322 305 576 221 230 206 312 429 499
leaf_count=298 575 309 519 2818 384 13322 305 576 221 230 206 312 429 499
internal_value=-0.000147508 -7.10586e-05 0.000875983 5.20219e-05 0.0018917 -0.000535153 0.00376756 0.00532981 -0.000927019 5.99787e-05 0.00340658 0.00537277 0.00282795 0.00894522
internal_weight=21003 20705 6808 5758 2940 13897 2421 1816 605 741 511 1050 741 1075
internal_count=21003 20705 6808 5758 2940 13897 2421 1816 605 741 511 1050 741 1075
is_linear=0
shrinkage=0.03


Tree=82
num_leaves=15
num_cat=0
split_feature=10 8 0 5 11 12 2 5 12 12 2 4 4 5
split_gain=16.1721 47.2528 10.8092 18.6447 26.7548 25.5493 13.5538 12.0829 11.7471 13.6072 34.3759 22.1922 27.9573 21.2915
threshold=0.96005542931133403 0.015167469809975799 0.64446723368294345 3.5227427720673359 1.4020702583095173 0.03970929152231268 0.66666666666668628 2.4371755700989914 0.17408431474073713 0.069161965077393375 0.76923076923077516 0.49779622691531328 0.20600130870907743 2.4799352871048987
decision_type=2 2 2 2 2 10 2 2 10 8 2 2 2 2
left_child=1 -1 8 4 5 6 -4 -7 9 -2 13 12 -12 -11
right_child=2 -3 3 -5 -6 7 -8 -9 -10 10 11 -13 -14 -15
leaf_value=-0.010074712321903909 0.00037694558604549436 0.0068330609795947865 0.00095220283345609405 0.005406039670057647 -0.011186047066131542 0.009601322192481004 -0.0062119707739837632 -0.0003955537149948733 -0.0030232684732444826 -0.0030458245135336365 0.0049601836466500833 0.0022657764029096472 0.020615586682722186 0.0030394560488536376
leaf_weight=437 14603 220 361 281 285 226 684 205 770 832 212 325 202 1351
leaf_count=437 14603 220 361 281 285 226 684 205 770 832 212 325 202 1351
internal_value=0.000210339 -0.00440421 0.000360461 -0.00170715 -0.00285428 -0.00121317 -0.00374433 0.00489642 0.000591641 0.000751287 0.00261826 0.00818749 0.0127537 0.000718532
internal_weight=20994 657 20337 2042 1761 1476 1045 431 18295 17525 2922 739 414 2183
internal_count=20994 657 20337 2042 1761 1476 1045 431 18295 17525 2922 739 414 2183
is_linear=0
shrinkage=0.03


Tree=83
num_leaves=15
num_cat=0
split_feature=13 9 9 1 3 7 9 0 3 11 12 3 1 7
split_gain=15.2367 20.8302 26.0406 25.406 23.7457 21.3791 19.342 18.3073 30.663 22.5932 21.0895 19.3942 19.0168 27.3009
threshold=1.5000000000000002 1.1130369024302602 0.71543609911461081 1.9965442932964843 0.89999999999998648 0.7149195564265044 1.2717651600827871 0.55410784725709405 0.84346124393771427 -0.44749248477440789 0.025242049972882766 0.64285714285713735 1.9366726573330528 0.054748084546827093
decision_type=2 2 2 2 2 8 2 2 2 2 10 2 2 8
left_child=6 2 3 4 -2 -3 -1 10 -9 -10 11 -4 13 -13
right_child=1 5 7 -5 -6 -7 -8 8 9 -11 -12 12 -14 -15
leaf_value=-0.00090203622962135464 -0.0044861679112209998 -0.0064848336821296988 0.0088519563679720706 -0.010896052438065521 0.0083258595349381889 0.0021299345503289218 0.0043470658063720236 0.00097015048513983502 0.013489963477782398 0.0048840055407037919 -0.0026283646667559983 -0.0048109119828967824 -0.0038679754774708411 0.006802246705446594
leaf_weight=13052 335 606 368 261 206 447 659 1282 392 926 1026 247 453 659
leaf_count=13052 335 606 368 261 206 447 659 1282 392 926 1026 247 453 659
internal_value=-6.12682e-05 0.00105496 0.00172223 -0.0033047 0.000423918 -0.00283507 -0.000648253 0.00247776 0.00428066 0.0074849 0.000770393 0.00279133 0.00112376 0.00362716
internal_weight=20919 7208 6155 802 541 1053 13711 5353 2600 1318 2753 1727 1359 906
internal_count=20919 7208 6155 802 541 1053 13711 5353 2600 1318 2753 1727 1359 906
is_linear=0
shrinkage=0.03


Tree=84
num_leaves=15
num_cat=0
split_feature=10 4 3 3 0 6 9 7 0 10 3 3 13 2
split_gain=12.2767 16.9426 19.4085 17.0999 15.4632 13.8356 22.2976 19.3667 18.4395 23.3176 20.4454 20.4321 22.0798 19.4134
threshold=1.9084176366569772 1.0337515654427667 0.91666666666660845 0.75906955528892095 0.41454032468382596 -0.087981452333958807 1.0775767860515735 1.9730464523281925 0.58457246308593824 2.8721505664622522 0.70588235294116874 0.81632653061225324 1.5000000000000002 0.83969478761561112
decision_type=2 2 2 2 2 10 2 10 2 2 2 2 2 2
left_child=4 5 3 -3 -1 6 -2 8 9 13 -10 -12 -13 -7
right_child=1 2 -4 -5 -6 7 -8 -9 10 -11 11 12 -14 -15
leaf_value=0.0065184259234905935 0.0011904605545964503 -0.0069831477602469334 -0.010264445672007386 0.0038311086672355534 -0.00092007494111140896 0.0017983223330295226 0.0064597115956687582 -0.0076720254332843145 -0.0087246365209649544 -0.0033759097068605244 0.0062804264730156054 -0.0060267050576706723 0.0044907456258168584 0.0089636692745673312
leaf_weight=253 3211 207 252 342 10087 2759 929 270 342 693 298 580 255 384
leaf_count=253 3211 207 252 342 10087 2759 929 270 342 693 298 580 255 384
internal_value=-1.05505e-06 0.000720208 -0.00346029 -0.000272622 -0.000735007 0.00106628 0.00237923 9.10723e-05 0.000492577 0.0015884 -0.00235305 -0.000399876 -0.00280718 0.0026866
internal_weight=20862 10522 801 549 10340 9721 4140 5581 5311 3836 1475 1133 835 3143
internal_count=20862 10522 801 549 10340 9721 4140 5581 5311 3836 1475 1133 835 3143
is_linear=0
shrinkage=0.03


Tree=85
num_leaves=15
num_cat=0
split_feature=13 4 4 4 2 13 2 5 3 2 11 7 7 8
split_gain=14.1952 25.4389 49.7453 28.3979 20.0243 19.753 36.6906 16.2248 14.5919 17.8629 31.084 20.7888 22.4735 23.6458
threshold=1.5000000000000002 0.043201857771214006 0.079387516124482541 0.1277770059043653 0.67362967003000074 7.5000000000000009 0.84210526315789147 3.9304699601247233 0.92103302219778804 0.77166492194256076 -0.44749248477440789 0.15654353227744677 0.3182282122871124 0.00047847209008704326
decision_type=2 2 2 2 2 2 2 2 2 2 2 10 10 2
left_child=7 4 -3 -4 -2 -5 -7 8 9 11 -11 -1 13 -13
right_child=1 2 3 5 -6 6 -8 -9 -10 10 -12 12 -14 -15
leaf_value=-0.0044771146954740932 0.013531478213475031 -0.0099616879078532408 0.0078829085318403089 0.0013233677054037764 0.00084676387891607376 -0.0078696310223155732 0.006972683454022824 0.0065157732168225554 -0.00246240264527771 0.010489939468317343 0.0003904364154006707 -9.5066531112148592e-05 -0.00060743839194406452 0.011163241746374212
leaf_weight=1116 250 372 528 5033 201 550 201 281 3228 361 1096 362 6986 308
leaf_count=1116 250 372 528 5033 201 550 201 281 3228 361 1096 362 6986 308
internal_value=8.25548e-06 0.0010934 0.000625189 0.00125652 0.00794947 0.000645337 -0.00387734 -0.000555518 -0.000705542 -0.000150191 0.0029201 -0.000661529 -0.00010278 0.00512475
internal_weight=20873 7135 6684 6312 451 5784 751 13738 13457 10229 1457 8772 7656 670
internal_count=20873 7135 6684 6312 451 5784 751 13738 13457 10229 1457 8772 7656 670
is_linear=0
shrinkage=0.03


Tree=86
num_leaves=15
num_cat=0
split_feature=13 2 12 13 6 9 6 12 10 6 8 3 2 0
split_gain=16.15 37.5294 34.6082 21.7839 27.9418 16.5605 27.7925 26.269 14.0812 12.8003 18.3647 18.0977 16.7091 18.6044
threshold=7.5000000000000009 0.64871456822677098 -1.0000000180025095e-35 5.5000000000000009 -0.17792841704839665 1.2717651600827871 -0.051244011391974424 0.0042690155429097607 2.0684776699559473 0.54164828843165824 -0.031031399125283594 0.73161850927568639 0.58244590461085344 0.54971999029016705
decision_type=2 2 10 2 10 2 8 10 2 8 2 2 2 2
left_child=3 -2 -3 5 -5 9 7 -7 -6 -1 -11 -12 -13 -14
right_child=1 2 -4 4 8 6 -8 -9 -10 10 11 12 13 -15
leaf_value=-0.00061913211794988748 -0.012831547556608614 -0.0075319192658771161 0.0069801795557141296 -0.0040328539590040839 0.012807226281215264 0.0018116267902167657 -0.00092305995025039069 0.017013640172387424 0.0031383064133115113 -0.0032675574109447894 -0.0013099082114623459 0.01388130506655065 -0.0022032538097140927 0.0080550981274165826
leaf_weight=16839 291 270 315 220 304 203 510 204 249 422 402 200 260 398
leaf_count=16839 291 270 315 220 304 203 510 204 249 422 402 200 260 398
internal_value=-0.000150784 -0.00412685 0.00027522 2.25283e-05 0.00494495 -0.000174445 0.00374978 0.00954531 0.00852072 -0.000369698 0.00212189 0.00393271 0.0063824 0.0040156
internal_weight=21087 876 585 20211 773 19438 917 407 553 18521 1682 1260 858 658
internal_count=21087 876 585 20211 773 19438 917 407 553 18521 1682 1260 858 658
is_linear=0
shrinkage=0.03


Tree=87
num_leaves=15
num_cat=0
split_feature=10 6 12 6 5 9 10 6 9 6 11 11 3 7
split_gain=12.6304 13.2453 13.2891 17.7142 11.8744 16.2505 19.0014 20.0232 23.7741 15.8209 22.5177 17.1258 24.7136 20.8099
threshold=0.9129151448923063 0.9608550851892258 0.18134696496238903 -0.042807755309401944 3.0302164047257203 1.0731923221157775 1.3866352878634756 0.083394910859673002 1.1241639453270984 -0.11475735422139575 2.3897274218123092 2.0526700271933573 0.5849056603773618 0.91437510679760503
decision_type=2 10 10 8 2 2 2 8 2 10 2 2 2 8
left_child=-1 2 4 -4 5 -2 -7 8 -8 -6 11 12 -11 -14
right_child=1 -3 3 -5 9 6 7 -9 -10 10 -12 -13 13 -15
leaf_value=-0.0044811675801873204 0.00028364605676930868 0.0057573523651633434 0.0022988557586073872 -0.007916167964363216 0.0031543889742675032 0.0058338747875827345 -0.008441748687800784 -0.0084564815679898531 0.0011389369110028583 -0.0066776961450387608 -0.0051154863515988072 0.0064868915311456551 6.2179335660163861e-06 0.0063606972247880426
leaf_weight=495 10486 394 245 393 2715 204 317 548 841 392 604 461 2254 579
leaf_count=495 10486 394 245 393 2715 204 317 548 841 392 604 461 2254 579
internal_value=0.000229766 0.00034496 0.000237133 -0.0040061 0.000377668 -0.000180318 -0.0027216 -0.0037587 -0.00150877 0.0013645 0.000229385 0.00111096 0.000333637 0.00131385
internal_weight=20928 20433 20039 638 19401 12396 1910 1706 1158 7005 4290 3686 3225 2833
internal_count=20928 20433 20039 638 19401 12396 1910 1706 1158 7005 4290 3686 3225 2833
is_linear=0
shrinkage=0.03


Tree=88
num_leaves=15
num_cat=0
split_feature=12 2 3 9 12 6 12 6 9 9 9 3 9 3
split_gain=12.0808 23.8192 26.679 27.0922 20.4063 22.1699 20.0821 18.1016 17.4075 15.2745 17.7702 14.9259 16.4701 37.9624
threshold=0.05218253018921893 0.89130434782608903 0.44912747707779044 1.1758573210969934 0.10828566254481715 -0.2783285446525966 0.033031019716583017 -0.033262754433468704 0.6840898576055422 0.7835305015004902 1.0697636563285391 0.93333333333334478 0.88453795453451101 0.75000000000002431
decision_type=8 2 2 2 10 10 10 8 2 2 2 2 2 2
left_child=6 2 -2 4 8 -6 -1 -7 -4 -10 -11 12 -8 -14
right_child=1 -3 3 -5 5 7 11 -9 9 10 -12 -13 13 -15
leaf_value=9.7310630767315795e-05 0.0091656991511672014 0.0076545912014081502 0.0094003013221290992 0.0075567187831303709 -0.0094001479133733745 0.0035088398714716996 0.0014967539919478108 -0.0038336807151327229 -0.0043837829235261715 0.0029526539162022642 -0.0051566838190794505 -0.0087271809984619409 -0.011276194981188687 0.0018850864907822657
leaf_weight=13825 310 486 206 399 384 463 684 849 472 1510 285 355 399 383
leaf_count=13825 310 486 206 399 384 463 684 849 472 1510 285 355 399 383
internal_value=0.000128069 0.00135598 0.000721249 0.000138785 -0.000579361 -0.00310904 -0.000293201 -0.00123905 0.00115829 0.000390303 0.00165435 -0.0032501 -0.00189864 -0.00485917
internal_weight=21010 5364 4878 4568 4169 1696 15646 1312 2473 2267 1795 1821 1466 782
internal_count=21010 5364 4878 4568 4169 1696 15646 1312 2473 2267 1795 1821 1466 782
is_linear=0
shrinkage=0.03


Tree=89
num_leaves=15
num_cat=0
split_feature=5 3 9 6 7 9 7 3 6 7 1 6 7 9
split_gain=9.83952 20.3913 41.7285 16.1694 24.4545 31.7847 26.2264 18.6895 17.4993 16.2025 14.2536 13.7989 10.6693 17.3637
threshold=3.0576943444815847 0.49210279016523228 0.82971538264657119 -0.25042334719668147 0.40030010489259277 1.0010834591242357 0.15654353227744677 0.9084777982262745 -0.3548428324140166 0.80339002411112148 4.608789548833383 -0.065194111389506079 -0.26940748473306264 0.97371698594170819
decision_type=2 2 2 8 8 2 10 2 10 10 2 10 10 2
left_child=1 2 -1 4 6 8 7 -3 -6 -10 12 -4 13 -2
right_child=10 3 11 -5 5 -7 -8 -9 9 -11 -12 -13 -14 -15
leaf_value=0.011363486184671558 -0.0082650480790071156 -0.0098818064700154692 0.0034283282889834713 -0.00012902191467252955 -0.0037213784340515877 0.0035036191508370871 0.006801966923703215 0.0024440321504499356 -0.01858103834218898 -0.0068965240255478887 -0.0039738546867409477 -0.0054182437122008709 0.0018068824784466628 0.0033239275292672832
leaf_weight=398 246 233 312 10994 304 222 348 204 231 212 455 313 6304 213
leaf_count=398 246 233 312 10994 304 222 348 204 231 212 455 313 6304 213
internal_value=0.000241481 -0.000228809 0.00383586 -0.000556366 -0.00322696 -0.00640273 0.000708895 -0.00416531 -0.0093505 -0.0131287 0.00113827 -0.00100988 0.00148489 -0.00290929
internal_weight=20989 13771 1023 12748 1754 969 785 437 747 443 7218 625 6763 459
internal_count=20989 13771 1023 12748 1754 969 785 437 747 443 7218 625 6763 459
is_linear=0
shrinkage=0.03


Tree=90
num_leaves=15
num_cat=0
split_feature=12 4 4 3 3 11 11 11 10 10 10 3 11 9
split_gain=13.8168 12.3607 11.1054 15.3381 32.4353 21.8777 27.3898 39.1901 24.0129 22.2026 24.0685 18.114 18.1071 19.7081
threshold=-0.4118358622529556 0.0089232462831246688 0.026637193528889349 0.95999999999998453 0.92476113457334186 1.4707195785392206 0.045427580969290997 0.40349032035469917 2.3119903455479003 1.7501868820882429 2.1384511935825565 0.98918887330527283 0.58514189884597723 0.89462474054865726
decision_type=10 2 2 2 2 2 2 2 2 2 2 2 2 2
left_child=-1 -2 -3 4 -4 6 11 -8 -7 -9 -11 -5 -6 -14
right_child=1 2 3 5 12 8 7 9 -10 10 -12 -13 13 -15
leaf_value=0.0077678416720188513 0.0051540897690815985 -0.0035403060397311715 0.00015484606284062885 0.0043689829754352807 -0.001450324399169681 -0.010174843229113086 0.015996545564098609 0.0083375277500035167 0.0029296215336610371 -0.0089087092601558525 0.0054613251772395845 -0.0033231602526041133 -0.01235869807905929 -0.0027990703575604997
leaf_weight=203 405 809 14973 489 1010 243 296 391 252 201 209 618 382 397
leaf_count=203 405 809 14973 489 1010 243 296 391 252 201 209 618 382 397
internal_value=7.44094e-05 -2.9893e-06 -0.000107275 3.63102e-05 -0.000301833 0.00213301 0.00341245 0.00676057 -0.0035409 0.00326947 -0.00160595 7.90906e-05 -0.00411378 -0.00753577
internal_weight=20878 20675 20270 19461 16762 2699 2204 1097 495 801 410 1107 1789 779
internal_count=20878 20675 20270 19461 16762 2699 2204 1097 495 801 410 1107 1789 779
is_linear=0
shrinkage=0.03


Tree=91
num_leaves=15
num_cat=0
split_feature=13 5 5 13 3 2 3 7 5 11 6 5 4 4
split_gain=12.45 11.469 12.4253 11.5994 21.3685 23.2911 20.6176 24.4031 26.8212 23.4266 17.3017 17.248 25.4294 25.7963
threshold=13.500000000000002 0.57500993174500814 0.74726176574684555 1.5000000000000002 0.86401754385965623 0.82258064516129037 0.95238095238096088 0.28793351122131389 2.5868443848696772 -0.80054199250465941 0.045636599537428831 2.8666955481890208 0.054777047806740538 0.32096346956960481
decision_type=2 2 2 2 2 2 2 10 2 2 10 2 2 2
left_child=1 -1 -3 4 5 10 9 8 -8 -5 -4 -6 -13 -14
right_child=-2 2 3 6 11 -7 7 -9 -10 -11 -12 12 13 -15
leaf_value=-0.005592592138427872 -0.0073934935065101109 0.0065620132864907723 0.0010939805912888523 -0.0043963901828241855 -0.0036792115423594294 0.009561732858419417 0.01489776577664372 -0.0013052593311172049 0.0027904849296808243 0.0010195824370586022 -0.0017953698747229445 -0.0088940794960680331 0.0044300762619091816 -0.0024123207738862909
leaf_weight=328 206 253 5309 834 2812 235 296 374 370 5012 2869 259 989 985
leaf_count=328 206 253 5309 834 2812 235 296 374 370 5012 2869 259 989 985
internal_value=-0.00014267 -6.95383e-05 1.97504e-05 -6.32022e-05 -0.000575558 0.000350242 0.000937838 0.00481911 0.00824241 0.000243834 7.98631e-05 -0.00211823 -0.000148677 0.00101834
internal_weight=21131 20925 20597 20344 13458 8413 6886 1040 666 5846 8178 5045 2233 1974
internal_count=21131 20925 20597 20344 13458 8413 6886 1040 666 5846 8178 5045 2233 1974
is_linear=0
shrinkage=0.03


Tree=92
num_leaves=15
num_cat=0
split_feature=9 9 10 4 11 4 11 6 10 7 8 8 11 4
split_gain=17.2454 18.8891 18.1347 18.4068 14.437 27.2834 20.8522 16.4442 15.487 14.2771 24.9241 20.4536 13.8775 13.4443
threshold=0.73815970781720719 0.74494660954362402 2.0684776699559473 0.34841711347115123 2.3577538352305183 0.21146110032446605 2.2565065754172386 -0.11904634458429551 3.0952468085107832 0.55521204453061646 -0.0090289564363932803 0.0017798577728556572 -1.4820852662300712 0.1224610723161655
decision_type=2 2 2 2 2 2 2 10 2 8 2 2 2 2
left_child=2 -2 3 -1 6 -6 8 -7 13 10 -4 -11 -10 -3
right_child=1 4 9 -5 5 7 -8 -9 12 11 -12 -13 -14 -15
leaf_value=-0.0054950193702591804 0.0082990816292854465 0.0019537273536371306 -0.0016117365253136453 -0.00023195911039476324 -0.010245300901807187 0.0062854845808499836 0.0095666045974302175 -0.003218129491670278 0.0017590320922720891 0.0044460695418894018 0.012918938093275821 -0.0085136886424309489 -0.0067861185889336153 -6.942614906792178e-05
leaf_weight=1478 255 3981 212 1003 335 246 214 467 255 212 206 217 504 11440
leaf_count=1478 255 3981 212 1003 335 246 214 467 255 212 206 217 504 11440
internal_value=-0.000100223 0.00027253 -0.00207981 -0.00337205 0.000152838 -0.00325233 0.000371442 8.17542e-05 0.000246907 0.00170294 0.00561737 -0.00213189 -0.00392249 0.000453324
internal_weight=21025 17697 3328 2481 17442 1048 16394 713 16180 847 418 429 759 15421
internal_count=21025 17697 3328 2481 17442 1048 16394 713 16180 847 418 429 759 15421
is_linear=0
shrinkage=0.03


Tree=93
num_leaves=15
num_cat=0
split_feature=8 10 1 12 6 10 3 11 10 4 8 6 3 3
split_gain=14.8235 15.86 34.2435 22.2971 17.9551 16.0817 17.6204 24.228 13.9424 22.1638 16.1265 13.8668 36.9092 32.5506
threshold=-0.023349429981344642 1.9639798108550874 2.6874498950619938 -0.010832278791303438 0.019401084118298554 3.0693523384988639 0.80649062033529229 0.96786428385832679 1.5751553177224205 0.17930419644121837 -0.038014012406831256 -0.045092215246569749 0.66666666666666619 0.68750000000000078
decision_type=2 2 2 10 8 2 2 2 2 2 2 10 2 2
left_child=1 3 5 8 -4 6 7 -3 9 -1 -10 12 -2 -14
right_child=11 2 4 -5 -6 -7 -8 -9 10 -11 -12 -13 13 -15
leaf_value=-0.0086759822439840609 0.0051275134898316936 -0.007412782035740386 0.0024417760476756556 -0.00029131288240755903 0.014315809216679794 -0.0079408411035286411 0.0021088827671320088 0.0025141706572603482 -0.0051183284870806043 0.0010329108498659692 -0.014832690316312885 -0.00041571965088492928 -0.0096285261251553376 0.00075460446076554798
leaf_weight=335 1829 534 255 1783 207 263 1280 372 489 558 226 7200 281 5444
leaf_count=335 1829 534 255 1783 207 263 1280 372 489 558 226 7200 281 5444
internal_value=6.0129e-06 -0.00121136 0.000412872 -0.00260423 0.00785827 -0.00100484 -0.000154146 -0.00334539 -0.00516002 -0.00263731 -0.00827056 0.000526234 0.00142373 0.000237012
internal_weight=21056 6302 2911 3391 462 2449 2186 906 1608 893 715 14754 7554 5725
internal_count=21056 6302 2911 3391 462 2449 2186 906 1608 893 715 14754 7554 5725
is_linear=0
shrinkage=0.03


Tree=94
num_leaves=15
num_cat=0
split_feature=6 7 13 6 5 6 5 3 9 1 1 1 9 6
split_gain=14.5286 14.0337 29.9606 21.6515 36.0208 33.6118 25.0889 36.4695 24.9512 19.9989 26.176 21.0142 19.7516 17.5076
threshold=0.9608550851892258 0.61028833469653965 7.5000000000000009 -0.067236041999802862 1.9477914137345762 -0.17348021046108655 1.8599400619504112 0.66176470588235869 1.2367959843217469 0.49201336685733427 0.41164057385130948 2.0833441010544651 0.76190105394379315 0.083394910859673002
decision_type=10 10 2 10 2 10 2 2 2 2 2 2 2 8
left_child=1 9 3 4 5 -3 -5 12 -6 10 -1 -11 -8 -13
right_child=-2 2 -4 6 8 -7 7 -9 -10 11 -12 13 -14 -15
leaf_value=4.3879739267933639e-06 0.0056026397444790006 -0.0076202729445966804 -0.0078962024883105515 0.004310508701068352 0.0033183407975907095 0.0043659049705562425 -0.012211874226362503 0.0010012012571478158 0.014048722884127575 -4.5467155474899296e-05 -0.010849987871651284 -0.0017027324479682454 -0.0033256585646606711 -0.0089436330529966517
leaf_weight=394 389 523 351 844 3077 346 266 2392 204 8928 401 949 1377 437
leaf_count=394 389 523 351 844 3077 346 266 2392 204 8928 401 949 1377 437
internal_value=-0.000103641 -0.00021332 0.000640939 0.000977005 0.00256853 -0.0028502 -0.000377964 -0.00136277 0.00400588 -0.000934587 -0.00550418 -0.000579867 -0.00479701 -0.0040097
internal_weight=20878 20489 9380 9029 4150 869 4879 4035 3281 11109 795 10314 1643 1386
internal_count=20878 20489 9380 9029 4150 869 4879 4035 3281 11109 795 10314 1643 1386
is_linear=0
shrinkage=0.03


Tree=95
num_leaves=15
num_cat=0
split_feature=11 1 12 9 12 6 12 9 11 7 6 13 0 0
split_gain=16.5449 16.3799 22.5342 20.0275 19.7615 16.5951 14.9089 24.2072 14.9061 14.7547 14.198 29.0804 26.0051 19.0143
threshold=0.13490355075706428 0.6491803156454693 0.029631988581042882 0.91493883667969933 -0.030207767255163494 -0.40085525079724832 0.094935700008448989 0.94668862395832465 0.17936782775241072 1.4369242966609197 0.065904556277325513 5.5000000000000009 0.56220356813086869 0.56288581558099937
decision_type=2 2 8 2 10 8 10 2 2 8 10 2 2 2
left_child=1 2 3 4 -1 -3 9 -8 -2 -7 13 12 -12 -10
right_child=8 5 -4 -5 -6 6 7 -9 10 -11 11 -13 -14 -15
leaf_value=-0.012798822967038638 0.0078300144960216818 0.0075385601293944992 -0.011850348503966081 0.0037750461206675686 0.0001262341015639582 -0.0009395392236572342 -0.0004739069596104238 0.011256174266730484 -5.5744848197779489e-05 -0.0064755076028989427 0.00037507815511074612 0.0093518660379295505 -0.0046351241769503598 0.0027431760862380752
leaf_weight=202 247 213 280 316 219 5203 517 223 5134 468 2359 226 1536 3797
leaf_count=202 247 213 280 316 219 5203 517 223 5134 468 2359 226 1536 3797
internal_value=-3.62738e-05 -0.00114834 -0.0046836 -0.00189931 -0.00615277 -0.000602444 -0.000878586 0.00311279 0.000602863 -0.0014017 0.000463148 -0.000992671 -0.00160411 0.00113508
internal_weight=20940 7641 1017 737 421 6624 6411 740 13299 5671 13052 4121 3895 8931
internal_count=20940 7641 1017 737 421 6624 6411 740 13299 5671 13052 4121 3895 8931
is_linear=0
shrinkage=0.03


Tree=96
num_leaves=15
num_cat=0
split_feature=2 3 0 13 8 2 3 5 7 0 13 5 5 4
split_gain=8.49438 18.8975 15.1704 18.2644 14.2508 13.8936 19.1156 23.5504 22.4894 13.7212 18.7922 12.5822 13.6172 22.4086
threshold=0.45997032640949148 0.92476113457334186 0.58157277684823006 1.0000000180025095e-35 0.013664134641112704 0.50000000000002398 0.66666666666666619 2.8841576456123947 1.0674013954901129 0.55530350847476717 1.0000000180025095e-35 1.1771967858550545 3.1480567845250964 0.058684213230391379
decision_type=2 2 2 2 2 2 2 2 8 2 2 2 2 2
left_child=1 2 9 4 -4 6 8 -8 -2 11 -11 -1 -13 -14
right_child=5 -3 3 -5 -6 -7 7 -9 -10 10 -12 12 13 -15
leaf_value=-0.0070973539504599068 0.012398268917120646 -0.0073984654004031671 0.011567070730390601 -0.0018501225338254722 0.0015297333101928234 0.00022296860603022149 -0.0040685585589891066 0.0067750858209363303 -0.00020772103652142096 -0.010131295560193912 0.00016032004674661505 0.001469818898895824 0.0055146395139606058 -0.0056604105550436528
leaf_weight=230 339 371 264 381 245 14730 440 298 202 331 304 2028 208 669
leaf_count=230 339 371 264 381 245 14730 440 298 202 331 304 2028 208 669
internal_value=0.00014602 -0.000928675 -0.000406213 0.00310595 0.00679762 0.000483938 0.00347691 0.000326167 0.00773261 -0.00123836 -0.00524153 -0.000420457 0.000119465 -0.00299376
internal_weight=21040 5031 4660 890 509 16009 1279 738 541 3770 635 3135 2905 877
internal_count=21040 5031 4660 890 509 16009 1279 738 541 3770 635 3135 2905 877
is_linear=0
shrinkage=0.03


Tree=97
num_leaves=15
num_cat=0
split_feature=10 13 7 13 4 4 0 12 6 2 3 4 3 3
split_gain=12.5165 14.4757 42.1044 23.709 21.029 21.6027 20.7008 18.4967 19.3167 33.808 38.9441 28.2209 28.0132 20.0083
threshold=0.9129151448923063 7.5000000000000009 0.4759895422053676 1.5000000000000002 0.043201857771214006 0.077355201966726725 0.56106447347505117 0.14936627097168478 0.037621838058112041 0.91428571428571381 0.95402298850574885 1.1129567894660484 0.66666666666666763 0.59459459459460529
decision_type=2 2 10 2 2 2 2 8 10 2 2 2 2 2
left_child=-1 3 6 -2 -5 -6 -3 8 9 10 11 12 13 -7
right_child=1 2 -4 4 5 7 -8 -9 -10 -11 -12 -13 -14 -15
leaf_value=-0.0047753803209537671 -0.00059561252801863687 -0.0036279028801825537 -0.010735054831088022 0.0080885838456451892 -0.0061667684044908076 0.0024118398370828187 0.0093364898167865376 0.0089232553644860921 -0.0013970217654921395 -0.0078764137833286785 0.013202776359739125 0.012507145157134211 -0.00048647782275673603 0.012706212493990147
leaf_weight=512 13343 227 409 420 335 440 208 291 1710 257 319 217 1960 275
leaf_count=512 13343 227 409 420 335 440 208 291 1710 257 319 217 1960 275
internal_value=-0.000165536 -4.87592e-05 -0.00388376 0.000117609 0.00164586 0.00117308 0.00260682 0.0016279 0.0012097 0.00249518 0.00333625 0.00222702 0.0013713 0.00643196
internal_weight=20923 20411 844 19567 6224 5804 435 5469 5178 3468 3211 2892 2675 715
internal_count=20923 20411 844 19567 6224 5804 435 5469 5178 3468 3211 2892 2675 715
is_linear=0
shrinkage=0.03


Tree=98
num_leaves=15
num_cat=0
split_feature=6 6 5 5 7 10 7 5 7 13 1 2 14 10
split_gain=12.9702 19.8941 21.9289 11.7179 20.5249 20.7605 16.3604 15.0596 17.4736 16.7363 15.589 14.7143 16.7374 12.6545
threshold=-0.20436818535825543 -0.18474800716918474 2.9818066025096095 2.0697560800766697 0.57405901578707741 1.846799987231873 0.90609961793899829 2.6859596454087042 0.62181066582359612 1.0000000180025095e-35 1.1470535877845658 0.4768721344880365 1.0000000180025095e-35 1.7365615950620754
decision_type=8 8 2 2 8 2 10 2 10 2 2 2 2 2
left_child=3 2 -2 4 5 -1 -6 10 9 -9 13 12 -10 -5
right_child=1 -3 -4 7 6 -7 -8 8 11 -11 -12 -13 -14 -15
leaf_value=0.0037530968632808947 0.0010485068051906911 0.00014415325755915952 0.012526036511445718 0.0037302118981195286 -0.014570809211743915 -0.0077721853520535773 -0.0035637949889197069 -0.0090704255225242947 0.0027556918468326329 -0.001641423453092169 0.0059889401970606923 0.0046723735833265742 -0.0087736357276073911 -0.0063667449405213359
leaf_weight=382 381 16189 243 206 225 216 267 434 230 729 525 483 215 233
leaf_count=382 381 16189 243 206 225 216 267 434 230 729 525 483 215 233
internal_value=-2.3066e-05 0.00034758 0.00558216 -0.00152509 -0.00418798 -0.000439808 -0.00869344 -0.000569702 -0.00199867 -0.00444069 0.00252418 0.00106914 -0.00285025 -0.00164011
internal_weight=20958 16813 624 4145 1090 598 492 3055 2091 1163 964 928 445 439
internal_count=20958 16813 624 4145 1090 598 492 3055 2091 1163 964 928 445 439
is_linear=0
shrinkage=0.03


Tree=99
num_leaves=15
num_cat=0
split_feature=12 6 12 4 5 10 6 9 4 4 6 10 1 7
split_gain=9.46928 31.685 29.5294 28.8069 32.9807 27.828 36.9935 26.5491 20.7743 19.8931 18.9895 19.1516 34.2625 19.8644
threshold=-0.0088221020879286609 -0.075409185494651462 -0.004468715692726776 0.31392414374529731 0.97705446698798759 2.341759132457832 -0.12509366848736689 1.2367959843217469 0.08731582215171009 0.201042261711913 -0.36198782589730094 1.4885083865807589 1.4173593904648543 1.2006607593884731
decision_type=8 8 8 2 2 2 8 2 2 2 10 2 2 10
left_child=3 7 -3 4 -1 9 -7 -2 -4 -6 -5 12 -12 -13
right_child=1 2 8 10 5 6 -8 -9 -10 -11 11 13 -14 -15
leaf_value=0.010969823247507999 0.00206644440413363 0.009084995013528635 -0.0043765358772418165 0.0048313720219318344 -0.0023469527179129867 -0.0033645529276068835 0.0080866930509665338 0.01099752389432615 -8.2049604147496123e-05 0.0027269496043961609 0.0067794133656592466 -0.005160805483636538 -0.0051428208140643326 0.0029278281364710098
leaf_weight=280 4793 275 1231 297 2454 369 793 315 5640 965 434 2402 424 305
leaf_count=280 4793 275 1231 297 2454 369 793 315 5640 965 434 2402 424 305
internal_value=0.000286674 0.000824312 -0.000465497 -0.000468635 0.00106766 0.000451117 0.00445145 0.00262742 -0.000854068 -0.000912972 -0.00240121 -0.00300967 0.000892112 -0.00424573
internal_weight=20977 12254 7146 8723 4861 4581 1162 5108 6871 3419 3862 3565 858 2707
internal_count=20977 12254 7146 8723 4861 4581 1162 5108 6871 3419 3862 3565 858 2707
is_linear=0
shrinkage=0.03


Tree=100
num_leaves=15
num_cat=0
split_feature=11 10 4 7 6 10 4 9 4 7 0 3 7 0
split_gain=12.9993 30.6585 20.3598 23.5612 21.3392 21.2484 20.6453 19.9459 18.0669 15.5748 17.6335 27.5779 25.1795 20.858
threshold=0.7446615798275612 1.1930574750955876 0.87267444488618828 1.0674013954901129 -0.57152617131478567 2.5794815164397549 1.1439899311969377 0.9220831812595357 0.65504730956719992 0.99963727708379568 0.56220356813086869 0.92957746478873349 0.36764567800641118 0.6421736887461772
decision_type=2 2 2 8 10 2 2 2 2 10 2 2 10 2
left_child=-1 -2 3 4 -3 -5 7 -4 9 10 11 -6 -12 -14
right_child=1 2 6 5 8 -7 -8 -9 -10 -11 12 -13 13 -15
leaf_value=-0.0008158306651821905 0.0076861126555687626 0.0079473149958788087 0.0026000976373369874 0.0039332906313677297 0.0027123006601073437 -0.0023396067845774882 -6.5122103404425421e-05 0.014587406322509051 -0.0065404626421953797 -0.0086940946703290816 0.00079083943297411055 -0.0050302806529644783 -0.008393008938607921 0.0020187925457954407
leaf_weight=11702 526 208 255 1752 1889 668 494 245 617 225 905 525 780 220
leaf_count=11702 526 208 255 1752 1889 668 494 245 617 225 905 525 780 220
internal_value=-0.000150437 0.000685993 0.000262633 -0.000254345 -0.00136185 0.00220051 0.00429468 0.00856015 -0.00174436 -0.00108666 -0.000680752 0.00102152 -0.00283488 -0.00610376
internal_weight=21011 9309 8783 7789 5369 2420 994 500 5161 4544 4319 2414 1905 1000
internal_count=21011 9309 8783 7789 5369 2420 994 500 5161 4544 4319 2414 1905 1000
is_linear=0
shrinkage=0.03


Tree=101
num_leaves=15
num_cat=0
split_feature=5 5 8 7 1 2 6 1 7 11 11 6 3 6
split_gain=16.9768 14.3571 9.06035 22.6999 10.4872 8.36191 18.42 23.9394 22.8149 30.057 24.3665 31.7221 17.727 17.5672
threshold=0.57500993174500814 0.74726176574684555 -0.087450775961280217 0.62800106344427753 1.1607605384994875 0.45997032640949148 0.1477782652918769 1.0621962361580031 1.4369242966609197 -0.060211875059357926 1.3456051627142183 -0.23511686852315253 0.62292792380254636 -0.15244966449426386
decision_type=2 2 2 10 2 2 10 2 8 2 2 8 2 10
left_child=-1 -2 3 4 -3 6 8 -8 10 -10 11 -4 -13 -12
right_child=1 2 5 -5 -6 -7 7 -9 9 -11 13 12 -14 -15
leaf_value=-0.0064534538528399155 0.0071461246947371916 -0.011083196276436268 -0.0086380580747792111 0.004174976146711808 -0.0019909483805861114 0.00056010648922804576 0.00096917900706416558 -0.0079675376697653719 -0.0058611071176826951 0.0046358374380293743 -0.00077639820999824078 0.006895054910090871 -0.00079932923106362319 -0.010982248720432084
leaf_weight=348 258 257 282 241 207 14953 459 646 295 1357 255 474 614 373
leaf_count=348 258 257 282 241 207 14953 459 646 295 1357 255 474 614 373
internal_value=7.01475e-05 0.000181508 9.17533e-05 -0.00323779 -0.00709143 0.00021165 -0.000883575 -0.00426772 0.000145376 0.00274935 -0.00200915 0.000239145 0.00256903 -0.00687702
internal_weight=21019 20671 20413 705 464 19708 4755 1105 3650 1652 1998 1370 1088 628
internal_count=21019 20671 20413 705 464 19708 4755 1105 3650 1652 1998 1370 1088 628
is_linear=0
shrinkage=0.03


Tree=102
num_leaves=15
num_cat=0
split_feature=2 9 6 2 3 8 8 4 4 5 2 6 3 7
split_gain=13.8544 23.2109 17.0983 11.036 24.2526 19.5398 28.1587 27.8866 26.5456 18.8556 19.6114 16.0836 31.1038 31.7996
threshold=0.91428571428571381 0.95451591719147399 -1.0000000180025095e-35 0.45997032640949148 0.91666666666660845 -0.026420302419762783 0.013284018227005251 0.1277770059043653 0.28834863626748314 3.1123374625296893 0.30303030303025286 -0.015810701338993368 0.62871870397643659 1.3706182361267314
decision_type=2 2 10 2 2 2 2 2 2 2 2 10 2 10
left_child=3 2 -2 4 5 8 7 -7 -1 10 -9 12 13 -8
right_child=1 -3 -4 -5 -6 6 11 9 -10 -11 -12 -13 -14 -15
leaf_value=-0.0063716331705785329 -0.0092801814996030015 0.0025140748806560123 -0.00077715215059498551 0.00031641570229888377 -0.0084291036955083266 0.0081462451897980504 -0.0025451243506045234 -0.0049611680106633263 0.0043546261870538571 -0.0077139926695346415 0.0060243034797272501 -0.0050427209635152985 -0.005709385375702195 0.010778408528718033
leaf_weight=931 547 421 348 14613 392 653 296 212 263 212 446 848 432 345
leaf_count=931 547 421 348 14613 392 653 296 212 263 212 446 848 432 345
internal_value=-0.000300859 -0.00327479 -0.00599666 -0.000100835 -0.00131213 -0.000702178 0.00044552 0.00348605 -0.00400067 -3.83417e-05 0.00247419 -0.00196785 0.000474359 0.00465381
internal_weight=20959 1316 895 19643 5030 4638 3444 1523 1194 870 658 1921 1073 641
internal_count=20959 1316 895 19643 5030 4638 3444 1523 1194 870 658 1921 1073 641
is_linear=0
shrinkage=0.03


Tree=103
num_leaves=15
num_cat=0
split_feature=8 14 6 4 13 2 10 5 5 13 7 7 7 0
split_gain=13.3914 19.9169 21.8987 17.7421 12.556 12.5259 21.5708 22.9747 25.042 20.1067 19.4602 18.4631 18.0748 25.8608
threshold=0.071696576227141373 1.0000000180025095e-35 -0.10217732181819288 0.36222120068726893 1.0000000180025095e-35 0.75609756097562952 1.0597752841945141 2.614417464014624 3.2218049149273575 1.0000000180025095e-35 0.15654353227744677 0.62181066582359612 -0.10521192542698893 0.56106447347505117
decision_type=2 2 8 2 2 2 2 2 2 2 8 10 10 2
left_child=5 3 -3 4 -2 10 -7 11 9 -9 -1 12 -8 -14
right_child=1 2 -4 -5 -6 6 7 8 -10 -11 -12 -13 13 -15
leaf_value=-0.0038515141854723006 -0.008837916524821068 0.012431785730288254 0.0016365318413591012 0.0046932219554578639 0.00098333651805505352 -0.0060608412380608904 0.0068431583664658163 -0.0076403627625626063 0.0023055830641129935 -0.00043150642960773487 -0.00030272770058706219 0.011714746824518563 -0.0034224845340633846 0.0044108132123947142
leaf_weight=1569 246 303 379 341 218 366 668 547 1597 945 11951 224 677 850
leaf_count=1569 246 303 379 341 218 366 668 547 1597 945 11951 224 677 850
internal_value=-2.7129e-06 0.00273609 0.00648824 -0.000463183 -0.00426233 -0.000213356 0.000942812 0.00141327 -0.000301832 -0.00309112 -0.000715837 0.00359952 0.00274662 0.000938062
internal_weight=20881 1487 682 805 464 19394 5874 5508 3089 1492 13520 2419 2195 1527
internal_count=20881 1487 682 805 464 19394 5874 5508 3089 1492 13520 2419 2195 1527
is_linear=0
shrinkage=0.03


Tree=104
num_leaves=15
num_cat=0
split_feature=1 7 1 7 4 3 3 6 9 4 6 4 6 11
split_gain=8.46872 22.734 16.727 10.8499 9.18562 14.9139 40.9548 17.4246 15.6891 12.3239 25.5633 13.8146 15.2078 16.5234
threshold=0.49201336685733427 0.25781890998722962 0.44198117158960265 -0.37153441304997498 1.0337515654427667 0.91304347826087218 0.82133737049466127 -0.051244011391974424 0.88453795453451101 0.85994340602022801 0.014405561219462683 0.6098663432759307 -0.010884485621284799 0.1050068767518017
decision_type=2 10 2 8 2 2 2 10 2 2 10 2 8 2
left_child=1 2 3 -1 9 6 8 -7 -6 11 -11 -2 13 -13
right_child=4 -3 -4 -5 5 7 -8 -9 -10 10 -12 12 -14 -15
leaf_value=0.0020976716490470771 0.00020696287798054321 0.0036620220980223485 -0.012896565738378718 -0.0069554519133512363 -0.012022510036509833 -0.013259983363592229 0.0071718596649543416 -0.00117730236785338 -0.0014918519237657965 -0.00064392319461896354 0.010215441289668281 0.0052830230316070655 -0.005055166897726452 -0.0024980111284750063
leaf_weight=218 15847 318 212 253 207 206 378 221 323 489 319 360 997 746
leaf_count=218 15847 318 212 253 207 206 378 221 323 489 319 360 997 746
internal_value=-0.000238786 -0.0029249 -0.00599605 -0.00278724 -0.000104274 -0.00250388 -0.000319033 -0.00709242 -0.00567869 6.71268e-05 0.00367983 -9.64748e-05 -0.00237807 4.70721e-05
internal_weight=21094 1001 683 471 20093 1335 908 427 530 18758 808 17950 2103 1106
internal_count=21094 1001 683 471 20093 1335 908 427 530 18758 808 17950 2103 1106
is_linear=0
shrinkage=0.03


Tree=105
num_leaves=15
num_cat=0
split_feature=8 10 9 10 6 7 2 12 5 3 9 12 12 10
split_gain=16.8437 17.5447 12.9572 12.7315 25.0563 11.8861 41.1699 16.4608 24.8508 15.1718 11.2407 11.0737 27.0154 14.3223
threshold=-0.052691534896100879 2.3341393890461526 0.74692724077918615 1.5103759759254254 0.027155854406177075 0.44585107353849157 0.44262295081968211 -0.0030301516772206489 2.6518603814612116 0.82608695652174569 0.69051205167522822 0.094935700008448989 0.072812336417910919 2.6132068176078338
decision_type=2 2 2 2 8 8 2 8 2 2 2 10 8 2
left_child=3 -2 10 4 -1 7 -7 -5 -9 -8 -3 12 -4 -13
right_child=1 2 11 5 -6 6 9 8 -10 -11 -12 13 -14 -15
leaf_value=-0.00086791775182441431 -0.00012739861805189886 0.0021287872153334317 0.0012997334510632277 -0.0069977853430078967 -0.012655936243950668 -0.0065370182174956425 0.0018991756021665043 0.0083278603155479258 -0.0056796027603940886 0.011050084271455105 0.011301475076352135 0.0037782144473005297 0.010439240910301481 -0.0057501444015794125
leaf_weight=400 13283 251 3725 505 269 379 389 209 239 279 231 218 311 388
leaf_count=400 13283 251 3725 505 269 379 389 209 239 279 231 218 311 388
internal_value=0.000124914 0.000448011 0.00193832 -0.00210003 -0.00566652 -0.000895884 0.00130825 -0.00331162 0.000874921 0.00577489 0.00659572 0.00144815 0.00201604 -0.00231958
internal_weight=21076 18407 5124 2669 669 2000 1047 953 448 668 482 4642 4036 606
internal_count=21076 18407 5124 2669 669 2000 1047 953 448 668 482 4642 4036 606
is_linear=0
shrinkage=0.03


Tree=106
num_leaves=15
num_cat=0
split_feature=3 13 13 9 7 2 13 12 3 6 8 0 7 8
split_gain=10.2845 25.6144 17.6179 47.7409 22.1243 16.7218 18.203 28.5582 19.2273 22.7333 16.3538 17.5081 16.0095 16.0022
threshold=0.78248892082882671 7.5000000000000009 4.5000000000000009 0.88623357177191719 0.17786263293171159 0.68965517241378749 3.5000000000000004 0.0074017341434060588 0.70588235294116874 -0.0022744313458107342 -0.010946634079332199 0.54192610007554654 0.10290718860172246 -0.087450775961280217
decision_type=2 2 2 2 10 2 2 10 2 8 2 2 10 2
left_child=1 5 13 4 -4 6 8 -8 -1 10 -10 -12 -5 -2
right_child=2 -3 3 12 -6 -7 7 -9 9 -11 11 -13 -14 -15
leaf_value=-6.394988053939503e-06 -0.0066697809098491692 -0.0080738348728616027 0.0015884812364772875 0.0040829307718359556 0.013290021204352378 -0.002793185993334172 0.011407515342424738 0.00030042831282559279 -0.004724087173489505 0.0076336377991727839 -0.0021079085129433453 0.0082460513550473413 -0.0050127365803713459 -0.00088190016161233281
leaf_weight=5217 444 289 240 244 370 960 392 439 332 731 266 319 578 10215
leaf_count=5217 444 289 240 244 370 960 392 439 332 731 266 319 578 10215
internal_value=-0.000135646 0.000635359 -0.000706067 0.00241278 0.00873648 0.000930628 0.00139665 0.00557676 0.000886961 0.00370648 0.000551475 0.00356013 -0.00230444 -0.00112601
internal_weight=21036 8945 12091 1432 610 8656 7696 831 6865 1648 917 585 822 10659
internal_count=21036 8945 12091 1432 610 8656 7696 831 6865 1648 917 585 822 10659
is_linear=0
shrinkage=0.03


Tree=107
num_leaves=15
num_cat=0
split_feature=4 10 4 8 8 9 8 10 1 8 11 10 11 10
split_gain=11.7612 27.4747 25.8181 22.2402 23.0373 18.5651 16.0553 24.3517 19.265 20.7026 16.1567 15.2651 17.2763 15.0734
threshold=0.08731582215171009 2.0754574432026973 0.1224610723161655 -0.040100536998205032 0.04582292854072071 0.68774042098099042 -0.018211169705511107 1.8026255998409793 1.1538998564735596 -0.043179207533507388 0.15244393066491646 1.3938920941585844 0.90956913498738567 2.1896625891083903
decision_type=2 2 2 2 2 2 2 2 2 2 2 2 2 2
left_child=1 5 3 -2 11 -1 8 10 9 -7 -8 -5 -13 -3
right_child=2 13 -4 4 -6 6 7 -9 -10 -11 -12 12 -14 -15
leaf_value=-0.0113676215689233 -0.0034491363423876462 0.0084252510202485458 0.00012895583868120162 0.00098046534556592464 -0.0019806932062130626 -0.0029188387552980615 -0.0032852571719048317 -0.0066401878931130814 0.00062327724559225507 -0.015309667179217704 0.0047756195192153635 0.014261556817185399 0.0047855423418625897 0.00045797974931780227
leaf_weight=230 267 253 15695 204 249 233 337 412 258 255 645 415 307 1249
leaf_count=230 267 253 15695 204 249 233 337 412 258 255 645 415 307 1249
internal_value=0.000145056 -0.00134718 0.000482511 0.00431693 0.00608878 -0.00335622 -0.00247069 -0.000563519 -0.00600702 -0.00948316 0.00200668 0.00825764 0.0102929 0.0018235
internal_weight=21009 3872 17137 1442 1175 2370 2140 1394 746 488 982 926 722 1502
internal_count=21009 3872 17137 1442 1175 2370 2140 1394 746 488 982 926 722 1502
is_linear=0
shrinkage=0.03


Tree=108
num_leaves=15
num_cat=0
split_feature=1 8 9 6 13 1 4 7 0 7 8 8 0 4
split_gain=12.44 21.2742 28.0609 16.6499 28.3854 20.782 18.9496 24.2439 16.7548 17.0127 16.3461 14.7838 29.6401 16.2908
threshold=1.3231317491558678 -0.017286839935737985 0.69051205167522822 -0.26654894965179976 5.5000000000000009 0.75989861297656613 0.40240850158833102 0.41726843759981885 0.66762968429259872 0.0088200391017764241 -0.022918053143145656 -0.0076007878906466566 0.55856612375009507 0.31392414374529731
decision_type=2 2 2 8 2 2 2 8 2 10 2 2 2 2
left_child=3 2 -2 5 8 -1 7 -7 -5 -10 -4 12 13 -3
right_child=1 11 10 4 -6 6 -8 -9 9 -11 -12 -13 -14 -15
leaf_value=-0.0073294278819878546 -0.007565028552086123 -0.0035362241319516329 0.0015090006090481679 0.0015000355483557259 0.010863492930838738 0.010213863018548713 -0.0066650096114645608 -0.0017363031476366618 0.0012611052991322628 -0.008536345191514149 0.008015752368425921 -0.00089722665609410634 0.001619167489531849 -0.014956254349874982
leaf_weight=453 274 201 2594 8424 274 260 230 358 323 308 397 6344 331 262
leaf_count=453 274 201 2594 8424 274 260 230 358 323 308 397 6344 331 262
internal_value=0.00027232 -0.00046509 0.00153932 0.000993862 0.00143738 -0.00217975 0.000598029 0.0033329 0.00114631 -0.00355068 0.00238459 -0.00138237 -0.00522871 -0.0100893
internal_weight=21033 10403 3265 10630 9329 1301 848 618 9055 631 2991 7138 794 463
internal_count=21033 10403 3265 10630 9329 1301 848 618 9055 631 2991 7138 794 463
is_linear=0
shrinkage=0.03


Tree=109
num_leaves=15
num_cat=0
split_feature=7 7 6 6 9 13 4 4 6 5 4 9 10 6
split_gain=11.6103 16.4321 14.1904 13.1475 31.2395 9.57837 20.5936 20.3344 15.5559 28.2022 27.5188 25.3747 25.2253 23.6204
threshold=2.0855330888169537 1.8725203722976318 0.16160823523087667 -0.045092215246569749 0.87795050521264018 1.5000000000000002 0.043201857771214006 0.077355201966726725 0.16160823523087667 2.047434042556096 0.37781802960777983 0.80944264360288831 2.0754574432026973 0.33562828838223452
decision_type=8 10 8 10 2 2 2 2 8 2 2 2 2 10
left_child=1 5 3 4 -2 8 -7 -8 -1 10 -10 12 13 -11
right_child=2 -3 -4 -5 -6 6 7 -9 9 11 -12 -13 -14 -15
leaf_value=-0.0012124439018823361 -0.012327703245480855 0.0065708044418216456 -0.010421864066545557 0.0041533485729895866 0.0035805963729908562 0.0071180648608454335 -0.006999379777349532 0.00075656938700068412 0.0019270403155436119 0.0061105966397979909 0.013170063942670821 -0.0024388690988099287 0.01215835261531174 -0.0064636857635816747
leaf_weight=9426 220 333 200 242 216 430 315 6174 571 293 295 1755 235 240
leaf_count=9426 220 333 200 242 216 430 315 6174 571 293 295 1755 235 240
internal_value=-0.000136101 1.20425e-05 -0.00350286 -0.0014005 -0.00449529 -0.000100269 0.000798873 0.000374968 -0.000585851 0.00115614 0.00581056 -0.000449783 0.00408197 0.00044118
internal_weight=20945 20067 878 678 436 19734 6919 6489 12815 3389 866 2523 768 533
internal_count=20945 20067 878 678 436 19734 6919 6489 12815 3389 866 2523 768 533
is_linear=0
shrinkage=0.03


Tree=110
num_leaves=15
num_cat=0
split_feature=12 5 1 8 5 3 0 9 8 12 5 3 7 9
split_gain=11.4171 12.3357 11.1074 19.4405 19.0231 16.2418 14.9281 12.7677 14.5915 13.5942 11.8493 14.2043 10.8711 10.7671
threshold=-0.053698671883536324 0.62617816546345628 1.370192394274141 -0.03674842435483603 1.5251808898072479 0.8689556930936263 0.49258117746523628 0.77981596766105754 0.033712815198706718 -0.12482094623819505 3.5645372284819867 0.90000000000001179 0.53175108144069871 0.92005025145171582
decision_type=8 2 2 2 2 2 2 2 2 10 2 2 10 2
left_child=2 -2 3 5 -4 -1 -5 -8 9 -9 11 12 -6 -11
right_child=1 -3 4 6 10 -7 7 8 -10 13 -12 -13 -14 -15
leaf_value=-0.0091407114013986549 -0.005575492979947084 0.00035491143478576942 0.0052142611439798918 0.0066702455562106105 0.0019724940706657458 0.00032725157245295117 0.00490356492915669 0.0014948127952576016 0.0046330411503568876 -0.0012853451226320532 0.00095497103858810308 -0.010716721293658523 -0.0054118387399878544 -0.0093289576601769241
leaf_weight=342 317 16084 208 369 232 307 365 353 272 265 309 349 755 345
leaf_count=342 317 16084 208 369 232 307 365 353 272 265 309 349 755 345
internal_value=-0.00012781 0.000238624 -0.00147077 -0.000211367 -0.00324475 -0.00469377 0.00127422 1.28573e-05 -0.00144652 -0.00317876 -0.00432689 -0.00554753 -0.00367492 -0.00587346
internal_weight=20872 16401 4471 2618 1853 649 1969 1600 1235 963 1645 1336 987 610
internal_count=20872 16401 4471 2618 1853 649 1969 1600 1235 963 1645 1336 987 610
is_linear=0
shrinkage=0.03


Tree=111
num_leaves=15
num_cat=0
split_feature=3 8 7 3 11 6 6 2 4 7 5 1 13 12
split_gain=16.8405 22.2558 28.2293 36.4403 29.0152 23.6788 30.3488 20.9059 27.081 20.0784 21.5203 19.2458 18.4542 18.1589
threshold=0.86666666666664693 -0.0072223664488356466 0.28158460831956122 0.82608695652174569 -0.46479703763361685 0.29413773570488105 0.17003633687120615 0.60000000000000664 0.70980466117286045 1.0457586664438783 2.8841576456123947 1.7032749433895644 1.0000000180025095e-35 0.04496145409479458
decision_type=2 2 10 2 2 10 8 2 2 8 2 2 2 8
left_child=1 2 -1 4 12 6 -6 9 13 10 -2 -5 -4 -9
right_child=7 -3 3 11 5 -7 -8 8 -10 -11 -12 -13 -14 -15
leaf_value=-0.004992269124795618 -0.0099452130853580432 0.0016800949665183751 -0.00091222353956192475 0.002030681480964025 0.00039811637993974151 -0.0062482891670382727 0.010182258969003504 -0.00039847795983057093 -0.003875849973864756 0.0008306154869060265 -0.0010265511055618072 0.013621097544536871 -0.010366568054524388 0.0036616382928834177
leaf_weight=1153 646 7644 346 265 2111 384 325 3677 1513 475 391 250 399 1352
leaf_count=1153 646 7644 346 265 2111 384 325 3677 1513 475 391 250 399 1352
internal_value=-2.42975e-05 0.000648607 -0.000858284 0.000314652 -0.000766473 0.000627248 0.00172165 -0.00109989 -0.000363814 -0.00427301 -0.0066035 0.00773397 -0.00601105 0.000695599
internal_weight=20931 12877 5233 4080 3565 2820 2436 8054 6542 1512 1037 515 745 5029
internal_count=20931 12877 5233 4080 3565 2820 2436 8054 6542 1512 1037 515 745 5029
is_linear=0
shrinkage=0.03


Tree=112
num_leaves=15
num_cat=0
split_feature=7 6 12 2 3 3 0 3 3 7 4 7 12 6
split_gain=9.5865 21.0539 26.1554 17.9863 21.97 16.7589 15.4253 14.2685 22.9383 24.2038 22.631 21.5689 19.8623 21.9146
threshold=1.6886207031766467 0.15688641177653909 0.056152100328795369 0.45348837209301029 0.92592592592593481 0.65116279069766991 0.5370656787601723 0.95999999999998453 0.92592592592593481 0.20981765790857143 0.083460640234333319 1.2936082799090043 0.037177692034804262 0.15189017499883598
decision_type=8 8 10 2 2 2 2 2 2 10 2 10 10 10
left_child=3 2 5 4 -1 6 -2 8 9 12 -10 -11 13 -5
right_child=1 -3 -4 7 -6 -7 -8 -9 10 11 -12 -13 -14 -15
leaf_value=-0.001675439273989005 0.002902890416945136 -0.0041854005416934476 0.012439181318013758 -0.0021204648338084627 -0.01025805513314524 0.0077671166424240386 -0.006333322000625175 0.0020017531745974994 0.0049038123998744222 0.0012501602538746521 -0.0050726142837669175 -0.0054294075125261489 -0.0058741207157419059 0.005395484563605538
leaf_weight=3026 382 371 252 1765 290 275 276 2634 234 8058 1452 455 924 430
leaf_count=3026 382 371 252 1765 290 275 276 2634 234 8058 1452 455 924 430
internal_value=-0.000248671 0.00201262 0.00396254 -0.000431758 -0.00244034 0.00161892 -0.000989811 -1.35923e-05 -0.000412784 6.18088e-05 -0.00367758 0.000890175 -0.00219694 -0.000639176
internal_weight=20824 1556 1185 19268 3316 933 658 15952 13318 11632 1686 8513 3119 2195
internal_count=20824 1556 1185 19268 3316 933 658 15952 13318 11632 1686 8513 3119 2195
is_linear=0
shrinkage=0.03


Tree=113
num_leaves=15
num_cat=0
split_feature=9 10 8 6 12 13 12 9 3 3 10 6 5 9
split_gain=10.3853 38.5812 28.1457 23.9688 28.4276 29.9613 22.5641 22.1085 21.1371 19.544 19.4677 25.6873 35.7923 22.075
threshold=0.91493883667969933 1.3938920941585844 0.03447429701927409 0.083394910859673002 0.070228936952571167 7.5000000000000009 0.0016083508652630087 1.0775767860515735 0.90476190476191964 0.61111111111110761 1.6692269655890315 0.089485499145469785 3.5136572839260327 0.86983775093824522
decision_type=2 2 2 10 10 2 10 2 2 2 2 10 2 2
left_child=10 2 -2 4 5 -3 7 -5 -6 -8 -1 -12 13 -13
right_child=1 3 -4 6 8 -7 9 -9 -10 -11 11 12 -14 -15
leaf_value=-0.0022630243864381295 0.003293977810749932 0.00052480287678153929 0.015052895713190845 0.0035749868154846902 0.0083638716728789454 -0.009695990558265007 -0.013143376359929803 -0.0046154075030230939 -0.0023255381765336868 -0.0036448814527766903 -0.00097537878491700536 0.0066209392570060451 -0.005944059507266895 -0.0017273236432524977
leaf_weight=4925 940 4451 224 720 675 269 239 497 218 1008 4833 1319 328 361
leaf_count=4925 940 4451 224 720 675 269 239 497 218 1008 4833 1319 328 361
internal_value=-0.000234855 0.000517658 0.00561157 -0.000219458 0.000863414 -6.73396e-05 -0.002683 0.000224984 0.00575594 -0.00551058 -0.000825847 0.000209709 0.0030574 0.00482725
internal_weight=21007 9241 1164 8077 5613 4720 2464 1217 893 1247 11766 6841 2008 1680
internal_count=21007 9241 1164 8077 5613 4720 2464 1217 893 1247 11766 6841 2008 1680
is_linear=0
shrinkage=0.03


Tree=114
num_leaves=15
num_cat=0
split_feature=9 2 3 9 8 8 10 5 8 8 10 9 5 3
split_gain=9.55605 18.3152 11.8713 9.28218 18.3075 16.5811 20.1531 28.5142 15.947 25.1009 21.041 15.8106 16.1966 15.128
threshold=0.63579297839709581 0.66666666666666263 0.68750000000000078 0.73815970781720719 0.061960348871086653 -0.016824131912217932 2.0684776699559473 2.721683492045424 0.061960348871086653 0.048287896163124198 1.361999618853893 0.81449672919486804 3.1941799739808343 0.74431524547807026
decision_type=2 2 2 2 2 2 2 2 2 2 2 2 2 2
left_child=1 2 -1 4 5 -2 7 13 9 -5 -10 -12 -13 -7
right_child=3 -3 -4 8 -6 6 -8 -9 10 -11 11 12 -14 -15
leaf_value=0.0040046156575714326 -0.0040063459152378227 0.0081737248583832814 -0.0060983920076264526 3.6897488144150477e-05 -0.0097425883700266291 -0.0031327527381222824 0.0075560201755455929 -0.0089756938776311759 0.010931242693398818 -0.0048964991751550271 0.0077824121188621604 -0.0029589341616099996 0.004100945117150416 0.005720818202043401
leaf_weight=202 991 351 207 14867 238 285 324 283 239 985 279 714 488 430
leaf_count=202 991 351 207 14867 238 285 324 283 239 985 279 714 488 430
internal_value=-9.37339e-05 0.00319731 -0.00112054 -0.000218792 -0.00190797 -0.00108254 0.00111604 -0.00100194 2.69059e-05 -0.000271098 0.00276621 0.00141622 -8.75789e-05 0.00219452
internal_weight=20883 760 409 20123 2551 2313 1322 998 17572 15852 1720 1481 1202 715
internal_count=20883 760 409 20123 2551 2313 1322 998 17572 15852 1720 1481 1202 715
is_linear=0
shrinkage=0.03


Tree=115
num_leaves=15
num_cat=0
split_feature=2 1 1 2 5 0 12 2 11 12 6 5 8 14
split_gain=13.5307 19.3575 25.3429 15.6383 24.0178 18.041 14.4135 24.5183 24.3276 24.8112 17.9694 17.6907 12.6484 12.5823
threshold=0.45997032640949148 0.49201336685733427 0.41164057385130948 0.49872227144004316 2.2267896152656363 0.52392864607119283 0.00211276017495643 0.87804878048782298 0.47805216825906577 0.05710526839139924 0.36479199042333227 3.2859792116987969 0.090643014182992795 1.0000000180025095e-35
decision_type=2 2 2 2 2 2 8 2 2 10 10 2 2 2
left_child=-1 2 -2 4 -3 -6 10 12 9 -9 13 -10 -8 -5
right_child=1 3 -4 6 5 -7 7 8 11 -11 -12 -13 -14 -15
leaf_value=-0.0014265011077978736 0.0013244377880781972 -0.0036184837659200032 -0.0099587753487938684 -0.0018497686964672375 0.015066778440622314 0.0038550304632777995 0.00030828998926699775 0.0037374696513480412 -0.0053502550420104246 0.015806372733040346 0.0039329549801079477 0.0064856614646905996 0.0071805929205569609 0.0013237282786937113
leaf_weight=4969 348 220 362 4843 202 357 6086 338 240 282 701 207 246 1460
leaf_count=4969 348 220 362 4843 202 357 6086 338 240 282 701 207 246 1460
internal_value=-6.09448e-05 0.000366342 -0.00445782 0.000593342 0.00471962 0.00800416 0.000368608 0.00129155 0.00548743 0.00930941 -0.000606613 0.00014192 0.000580736 -0.00111421
internal_weight=20861 15892 710 15182 779 559 14403 7399 1067 620 7004 447 6332 6303
internal_count=20861 15892 710 15182 779 559 14403 7399 1067 620 7004 447 6332 6303
is_linear=0
shrinkage=0.03


Tree=116
num_leaves=15
num_cat=0
split_feature=6 12 5 0 1 0 5 13 13 12 0 10 8 4
split_gain=12.7455 26.9932 22.4481 21.5134 24.8008 12.2948 23.9692 14.1636 14.2649 21.5931 14.152 13.5514 13.4921 13.1915
threshold=-0.40085525079724832 0.12145825781479254 1.8749196452476933 0.56627946456015743 1.5134652759749472 0.62956881050338842 3.6981862741969125 4.5000000000000009 1.0000000180025095e-35 0.029631988581042882 0.65276450510578743 0.9129151448923063 -0.0054257039348879089 0.012632505561636401
decision_type=10 10 2 2 2 2 2 2 2 10 2 2 2 2
left_child=1 2 -1 4 -4 11 7 8 9 -7 -10 -2 -12 -13
right_child=5 -3 3 -5 -6 6 -8 -9 10 -11 12 13 -14 -15
leaf_value=-0.0041272648770688319 -0.0055656423471384942 -0.0067534936676422758 0.0077293544922004201 0.012453684643289799 -0.0049292044281154064 -0.0040110317900723461 0.0073034937764207518 0.0045168935006510745 -0.010579580788034944 0.0046456575316396803 -0.0084752987620110316 0.0051097943992353973 -4.8229407361695464e-05 6.302670297953613e-05
leaf_weight=212 369 220 371 349 217 832 220 207 395 371 283 475 421 16141
leaf_count=212 369 220 371 349 217 832 220 207 395 371 283 475 421 16141
internal_value=-2.41216e-05 0.00276958 0.00461433 0.00660357 0.00305557 -0.000218778 -0.0020859 -0.0029221 -0.00359936 -0.00133317 -0.00606274 8.1741e-05 -0.0034717 0.000208792
internal_weight=21083 1369 1149 937 588 19714 2729 2509 2302 1203 1099 16985 704 16616
internal_count=21083 1369 1149 937 588 19714 2729 2509 2302 1203 1099 16985 704 16616
is_linear=0
shrinkage=0.03


Tree=117
num_leaves=15
num_cat=0
split_feature=11 6 6 8 0 6 6 9 6 6 6 8 9 1
split_gain=13.7117 18.3272 24.4451 34.0858 19.9035 19.2678 26.1647 25.2872 17.4979 23.0509 15.7957 18.8715 17.6873 16.4412
threshold=-0.30224409107051253 -0.12971474771260597 -0.20436818535825543 -0.01045203821737007 0.57301858749957268 -0.1895043322407591 -0.17348021046108655 0.96907507718780839 -0.1345988622934057 -0.36198782589730094 -0.07945754923043534 -0.024331941241605353 1.0775767860515735 1.4575173687029686
decision_type=2 10 8 2 2 10 10 2 10 8 10 2 2 2
left_child=8 2 -2 4 -4 -5 -7 -8 9 -1 11 -10 13 -12
right_child=1 -3 3 5 -6 6 7 -9 10 -11 12 -13 -14 -15
leaf_value=0.004346586401047914 6.9468269981480654e-07 -0.00036294820056148266 -0.0035776355645458142 0.011319537727863311 0.0061473126917639198 -0.0037302963933496568 0.011228300878578949 -0.00063294177605624665 -0.0021377130772638007 -0.0050472504432449803 -0.0019462808424344222 0.0093494086506820864 -0.0061257605620405895 0.0031493238414171108
leaf_weight=271 3034 10197 619 537 267 267 472 244 215 1617 1406 310 490 951
leaf_count=271 3034 10197 619 537 267 267 472 244 215 1617 1406 310 490 951
internal_value=-5.84696e-05 0.000387277 0.00179258 0.00404748 -0.000628929 0.00676646 0.00423447 0.00720984 -0.0013827 -0.00369096 -8.67437e-05 0.00466937 -0.000970442 0.000112003
internal_weight=20897 15637 5440 2406 886 1520 983 716 5260 1888 3372 525 2847 2357
internal_count=20897 15637 5440 2406 886 1520 983 716 5260 1888 3372 525 2847 2357
is_linear=0
shrinkage=0.03


Tree=118
num_leaves=15
num_cat=0
split_feature=13 2 8 9 4 11 12 10 2 12 2 11 4 1
split_gain=10.7819 41.4199 35.4801 12.9613 12.6584 18.2644 20.5411 15.7098 15.6275 13.9321 13.8531 12.1236 11.7717 23.9497
threshold=7.5000000000000009 0.63636363636364301 0.011399245833170079 0.58598114449990912 0.85994340602022801 1.0673433001963966 0.051190756353334872 2.1384511935825565 0.75000000000002465 0.017702895837561797 0.8499999999999901 2.6885470555477418 0.70980466117286045 2.2707915283444402
decision_type=2 2 2 2 2 2 8 2 2 10 2 2 2 2
left_child=3 -2 -3 -1 11 6 8 -7 -6 -9 -10 12 -5 -14
right_child=1 2 -4 4 5 7 -8 9 10 -11 -12 -13 13 -15
leaf_value=-0.0067228388467826588 -0.012603770504392995 -0.0041170507824266111 0.011191112812943932 0.00030931408403296471 -0.00792363981361692 0.00076442481715592646 0.0066021005818528112 0.014459752225230337 0.0063258679073354964 0.0040757988989353179 -0.004207018207420002 -0.0054657153805576951 -0.0064547782258019531 0.0030893919233893675
leaf_weight=238 281 380 206 16694 297 305 298 242 214 230 226 352 649 367
leaf_count=238 281 380 206 16694 297 305 298 242 214 230 226 352 649 367
internal_value=2.22608e-05 -0.0032436 0.00131347 0.000163819 0.00024796 0.00263477 2.02318e-05 0.00609507 -0.00266765 0.00949554 0.000929312 7.8488e-06 0.000118152 -0.00300898
internal_weight=20979 867 586 20112 19874 1812 1035 777 737 472 440 18062 17710 1016
internal_count=20979 867 586 20112 19874 1812 1035 777 737 472 440 18062 17710 1016
is_linear=0
shrinkage=0.03


Tree=119
num_leaves=15
num_cat=0
split_feature=0 12 1 3 3 9 4 0 6 7 3 1 5 1
split_gain=17.3727 25.215 16.315 16.0203 19.9698 19.3959 15.0285 17.9767 18.1832 19.9985 34.0537 21.0812 19.647 19.6625
threshold=0.62956881050338842 0.029631988581042882 1.0347684924188909 0.88973871502388413 0.73647429017464627 0.85051567773020809 0.60328587044664295 0.50676540042276041 0.38687695846662934 0.62181066582359612 0.83333333333333159 2.100314204238273 2.2702217492518337 1.255794682749086
decision_type=2 8 2 2 2 2 2 2 10 10 2 2 2 2
left_child=6 2 -2 4 -3 -5 -1 -8 9 11 -11 12 13 -9
right_child=1 3 -4 5 -6 -7 7 8 -10 10 -12 -13 -14 -15
leaf_value=0.00086287297184417175 -0.0075542109642914917 0.005329031284432858 -0.001857647252094366 -0.00015858125881613969 -0.0058396649009798372 0.01279348057789215 -0.006076490942395066 0.00054048947880907757 0.006415986821557567 -0.0015943674937922115 0.0094283509425920967 -0.0085434386925484981 0.0020475650404265032 -0.012529885041936535
leaf_weight=14395 743 235 1157 209 356 202 587 200 314 813 360 482 690 209
leaf_count=14395 743 235 1157 209 356 202 587 200 314 813 360 482 690 209
internal_value=8.01536e-05 -0.00207223 -0.00409928 0.00177275 -0.00139119 0.00628441 0.000426682 -0.00129006 -0.000365876 -0.00114934 0.00181422 -0.00334691 -0.00103944 -0.00620917
internal_weight=20952 2902 1900 1002 591 411 18050 3655 3068 2754 1173 1581 1099 409
internal_count=20952 2902 1900 1002 591 411 18050 3655 3068 2754 1173 1581 1099 409
is_linear=0
shrinkage=0.03


Tree=120
num_leaves=15
num_cat=0
split_feature=9 5 5 4 4 8 14 9 1 2 2 4 4 5
split_gain=10.5752 18.2593 17.3918 18.8231 22.286 16.564 17.8373 14.3348 14.167 12.3545 11.3083 13.9118 19.6569 18.6463
threshold=0.73815970781720719 3.6748592809833327 3.02062909876329 0.34841711347115123 0.60328587044664295 -0.018708323770156646 1.0000000180025095e-35 0.6840898576055422 1.9057230538351311 0.55000000000002147 0.12499999999998584 0.1277770059043653 0.13907121019249333 1.7055588017823364
decision_type=2 2 2 2 2 2 2 2 2 2 2 2 2 2
left_child=1 2 3 5 7 -1 9 -5 -4 -7 -2 13 -13 -12
right_child=10 -3 8 4 -6 6 -8 -9 -10 -11 11 12 -14 -15
leaf_value=-0.0072143574666987077 -0.0045162873529318226 0.0069165381863360159 -0.0033607892636553748 0.0110549528413749 -0.0025084752564097424 -0.0097231598981037861 0.0032917923098351775 0.0012057147401102473 -0.013224957628374539 0.00031712424755096433 0.0067600210917157094 -0.0073702814281436969 3.5781419541437251e-05 0.0010253917424464158
leaf_weight=582 438 206 374 268 509 233 471 262 201 205 587 326 12618 3719
leaf_count=582 438 206 374 268 509 233 471 262 201 205 587 326 12618 3719
internal_value=-7.4828e-05 -0.00162954 -0.00220674 -0.00113013 0.00196415 -0.00328573 -0.000744664 0.00624286 -0.00689324 -0.0050734 0.000216576 0.000338024 -0.000153517 0.00181408
internal_weight=20999 3311 3105 2530 1039 1491 909 530 575 438 17688 17250 12944 4306
internal_count=20999 3311 3105 2530 1039 1491 909 530 575 438 17688 17250 12944 4306
is_linear=0
shrinkage=0.03


Tree=121
num_leaves=15
num_cat=0
split_feature=10 5 11 8 9 10 4 6 9 7 11 9 5 8
split_gain=9.05058 18.1414 12.5612 10.0801 8.85257 7.78683 19.5721 17.1962 16.391 24.8316 16.0024 11.0649 19.8759 13.1057
threshold=3.0952468085107832 3.7097631159617794 -1.4820852662300712 0.012828901130237951 0.58598114449990912 2.0913661969862067 0.012632505561636401 0.9608550851892258 0.7310772963514145 0.55521204453061646 2.2876296978856732 0.73815970781720719 2.7948379268082877 -0.020807093211003293
decision_type=2 2 2 2 2 2 2 10 2 8 2 2 2 2
left_child=4 2 -2 -4 -1 7 -7 10 9 -8 11 12 13 -6
right_child=1 -3 3 -5 5 6 8 -9 -10 -11 -12 -13 -14 -15
leaf_value=-0.0056838994710892432 -3.4034963535810634e-05 0.0036214713221777873 -0.011549590629497635 -0.0029318331021371239 -0.004336231373823606 0.0098431511463310858 0.010948691945926693 0.0075599826219806378 5.1460853803329231e-05 -0.0007678529958476323 -0.0089071942010139418 -3.7540142220513649e-05 -0.0072196083453030489 0.0012360752101753911
leaf_weight=245 272 278 296 213 580 203 318 231 6486 327 201 9746 564 1079
leaf_count=245 272 278 296 213 580 203 318 231 6486 327 201 9746 564 1079
internal_value=-0.000217626 -0.00291364 -0.00524808 -0.00800694 -7.40352e-05 -2.96955e-06 0.000771618 -0.00046119 0.000506661 0.00504846 -0.000616483 -0.000473593 -0.00238095 -0.000719225
internal_weight=21039 1059 781 509 19980 19735 7334 12401 7131 645 12170 11969 2223 1659
internal_count=21039 1059 781 509 19980 19735 7334 12401 7131 645 12170 11969 2223 1659
is_linear=0
shrinkage=0.03


Tree=122
num_leaves=15
num_cat=0
split_feature=12 11 7 11 11 7 9 9 12 1 2 9 7 13
split_gain=8.84543 27.2341 36.021 20.1139 23.3737 15.0424 17.1507 18.9859 15.4227 13.0003 20.4619 14.6247 13.2016 20.7986
threshold=-0.066051270861646957 -1.0593863830618873 0.32459932186847168 1.7527607882171656 2.0987873254545124 0.025596842801622954 0.71543609911461081 0.77981596766105754 -0.15429504791603085 0.49201336685733427 0.40255656293390446 0.86817903251535589 -0.0093243163350212165 7.5000000000000009
decision_type=10 2 8 2 2 8 2 2 8 2 2 2 10 2
left_child=1 2 -1 5 -5 -3 -7 -8 -9 10 -2 -12 -11 -14
right_child=9 3 -4 4 -6 6 7 8 -10 12 11 -13 13 -15
leaf_value=-0.00033120886616560874 0.0038973095235288946 0.004255380803712315 0.015885985080196924 0.012809717323674457 0.0002405494178414728 -0.0084380833232279052 0.0064718396646767547 0.0032250260585321906 -0.0033875366693575408 0.00214192067370863 -0.012707715647948252 -0.0029729374301630061 -9.634238628855356e-05 -0.0056892638310221746
leaf_weight=240 217 471 248 231 306 284 286 413 1321 2221 226 359 13583 621
leaf_count=240 217 471 248 231 306 284 286 413 1321 2221 226 359 13583 621
internal_value=0.000100193 0.00140929 0.00798785 0.00042941 0.00571569 -0.000601997 -0.00160204 -0.000622473 -0.00180783 -0.000188898 -0.00390636 -0.00680954 -6.24857e-06 -0.000342781
internal_weight=21027 3800 488 3312 537 2775 2304 2020 1734 17227 802 585 16425 14204
internal_count=21027 3800 488 3312 537 2775 2304 2020 1734 17227 802 585 16425 14204
is_linear=0
shrinkage=0.03


Tree=123
num_leaves=15
num_cat=0
split_feature=12 9 11 2 8 12 8 4 6 0 11 8 8 1
split_gain=11.8505 17.8282 9.66867 22.7619 25.7152 25.3956 35.7479 20.0247 19.0256 55.3203 19.7899 21.7761 23.3615 17.853
threshold=0.17408431474073713 0.98239749366033935 -0.29025635758803153 0.58773199233024109 0.043586629143040651 0.010117083216811042 -0.0041400509371792389 0.11811438841270762 -0.41287539922171779 0.58457246308593824 -0.094570204956171286 0.014686890337389331 -0.019178250644912052 1.3908866694570075
decision_type=10 2 2 2 2 8 2 2 10 2 2 2 2 2
left_child=2 -2 3 5 -5 6 -1 -7 9 13 11 12 -10 -4
right_child=1 -3 8 4 -6 7 -8 -9 10 -11 -12 -13 -14 -15
leaf_value=-0.0054957118458497855 -0.006098178326723656 0.004106706221502057 0.0044776265907560718 0.0012383211574901406 -0.0066223583736840412 -0.015554824682943363 0.0065053139675702969 -0.0045609605361614592 0.0065144226196463461 0.017521033139103439 -7.3367251586926223e-05 0.010852002766136116 -0.0054116486341637716 -0.0057176586462641659
leaf_weight=566 616 201 366 3151 420 230 362 426 319 222 13223 312 267 260
leaf_count=566 616 201 366 3151 420 230 362 426 319 222 13223 312 267 260
internal_value=-4.71462e-05 -0.00357784 9.70471e-05 -0.00102289 0.000305828 -0.00400992 -0.000804503 -0.00850402 0.000482943 0.00483387 0.00022004 0.00451693 0.00108072 0.00023141
internal_weight=20941 817 20124 5155 3571 1584 928 656 14969 848 14121 898 586 626
internal_count=20941 817 20124 5155 3571 1584 928 656 14969 848 14121 898 586 626
is_linear=0
shrinkage=0.03


Tree=124
num_leaves=15
num_cat=0
split_feature=9 1 1 3 3 0 11 3 13 8 8 8 2 2
split_gain=12.3436 28.5334 34.5186 18.2909 20.6154 27.8042 26.8171 17.1702 12.6553 12.324 22.1943 25.5004 20.7753 26.1289
threshold=0.76708730774579725 1.3606244655163715 0.87440741049577586 0.95999999999998453 0.85185185185183743 0.53366588563572825 0.37755478262834991 0.90361445783132732 1.0000000180025095e-35 0.061960348871086653 0.05257246812541206 0.056684023020872436 0.34976851851848928 0.69336958984816954
decision_type=2 2 2 2 2 2 2 2 2 2 2 2 2 2
left_child=1 2 7 4 5 -4 -7 8 -1 10 -2 -12 -11 -14
right_child=9 -3 3 -5 -6 6 -8 -9 -10 12 11 -13 13 -15
leaf_value=-0.0087546991590530636 0.00035063091573651108 -0.0040738075533300879 -0.0021129619628190996 0.012269354073897652 -0.0028737395174380309 0.0018290120594709823 0.016533212956260233 0.0018356075278519895 -0.00085987411977650669 -0.0061026566899722301 -0.012218633489380674 0.00015851067902458398 0.0075668744012318762 -0.0006081938640279832
leaf_weight=460 14189 1983 265 202 402 201 250 428 303 200 272 326 828 608
leaf_count=460 14189 1983 265 202 402 201 250 428 303 200 272 326 828 608
internal_value=3.67089e-06 -0.0013886 0.000735863 0.00406973 0.00254019 0.0055787 0.0100718 -0.00296067 -0.00564554 0.000384959 0.000111193 -0.00552586 0.00285152 0.00411546
internal_weight=20917 4494 2511 1320 1118 716 451 1191 763 16423 14787 598 1636 1436
internal_count=20917 4494 2511 1320 1118 716 451 1191 763 16423 14787 598 1636 1436
is_linear=0
shrinkage=0.03


Tree=125
num_leaves=15
num_cat=0
split_feature=10 6 7 10 12 11 13 12 9 0 9 9 7 0
split_gain=9.61604 10.9602 12.3496 10.8308 9.47671 10.5416 9.13687 8.32063 23.0036 10.3229 22.0584 23.7348 25.7514 12.9207
threshold=3.0952468085107832 -0.15518223959439689 0.61616819675397505 3.0238665852549036 0.18134696496238903 0.36566896908336793 1.0000000180025095e-35 0.1441710941179136 0.87490819127702735 0.44858429706107633 1.021652047436995 0.76708730774579725 0.83237526356808456 0.470511478496421
decision_type=2 8 8 2 10 2 2 8 2 2 2 2 10 2
left_child=3 -2 -3 4 7 -6 -7 9 -9 10 11 -1 -13 -11
right_child=1 2 -4 -5 5 6 -8 8 -10 13 -12 12 -14 -15
leaf_value=-0.0034913925607999163 0.0017769582353865923 -0.0090161608322729576 -0.0013204280465061581 0.0063502951136099233 0.0011971535549863525 -0.010541589612918048 -0.0016612055062248212 -0.0022749729018018703 0.0095416185779859542 -0.0039911062208064377 -0.0057093962327435539 0.0019772976787205327 0.013847408261816374 4.9936884263195223e-05
leaf_weight=220 330 334 425 243 271 218 200 292 293 739 212 337 320 16607
leaf_count=220 330 334 425 243 271 218 200 292 293 739 212 337 320 16607
internal_value=-3.01706e-05 -0.00276872 -0.0047438 0.000119958 4.15511e-05 -0.00340188 -0.00636246 0.000167151 0.00367413 5.48975e-05 0.0028813 0.00497855 0.0078197 -0.000123326
internal_weight=21041 1089 759 19952 19709 689 418 19020 585 18435 1089 877 657 17346
internal_count=21041 1089 759 19952 19709 689 418 19020 585 18435 1089 877 657 17346
is_linear=0
shrinkage=0.03


Tree=126
num_leaves=15
num_cat=0
split_feature=7 2 6 12 6 2 9 3 0 0 7 7 9 12
split_gain=8.98601 22.4342 21.5715 18.5236 18.2684 17.8984 17.4064 12.7511 14.9226 14.409 12.1397 21.4397 13.1071 39.1766
threshold=1.0996319681485851 0.4768721344880365 0.22614415430691384 -0.074442425933983522 -0.23895780946020803 0.49872227144004316 0.93494892612734048 0.86666666666664693 0.59526094558249831 0.55530350847476717 1.2822117072433465 1.3214351941952835 0.86674250897379868 0.073920462240691612
decision_type=10 2 10 8 10 2 2 2 2 2 10 10 2 8
left_child=1 3 10 -1 -5 -3 -4 8 9 -6 -2 -12 -13 -14
right_child=2 5 6 4 7 -7 -8 -9 -10 -11 11 12 13 -15
leaf_value=0.0030325705250038109 0.0050325751492403788 0.0071486416982259118 0.00035131459688248276 -0.010746451187878847 -0.001074781894905875 -3.6677082168526088e-05 -0.009071159318995636 -0.0087299908411198404 0.0054209896600533759 -0.0093878267358142552 -0.0080313180864542578 -0.0005995976150314986 0.0015638299238185701 0.015280684741807327
leaf_weight=361 980 314 436 327 750 14231 291 274 218 246 207 1036 1106 221
leaf_count=361 980 314 436 327 750 14231 291 274 218 246 207 1036 1106 221
internal_value=9.36873e-06 -0.000304568 0.00123563 -0.0031419 -0.00437495 0.000120844 -0.00345647 -0.00294346 -0.00160699 -0.00316464 0.00220003 0.00111224 0.00192849 0.00389703
internal_weight=20998 16721 4277 2176 1815 14545 727 1488 1214 996 3550 2570 2363 1327
internal_count=20998 16721 4277 2176 1815 14545 727 1488 1214 996 3550 2570 2363 1327
is_linear=0
shrinkage=0.03


Tree=127
num_leaves=15
num_cat=0
split_feature=5 0 2 0 6 4 4 4 4 3 11 1 9 3
split_gain=8.9949 27.672 26.803 18.0494 9.74381 8.4284 18.855 14.5859 23.7086 34.5558 22.4395 16.7965 15.7106 14.8303
threshold=1.1771967858550545 0.62159023608692976 0.49999999999998168 0.52042646711518536 0.021853480616679802 0.077355201966726725 0.069846979301634124 0.1224610723161655 0.11600877354321869 0.9142857142857147 1.4020702583095173 1.2478440377507651 0.88297635514851758 0.95999999999998453
decision_type=2 2 2 2 8 2 2 2 2 2 2 2 2 2
left_child=1 2 -1 -4 -5 6 -2 8 9 10 11 12 -7 -9
right_child=5 -3 3 4 -6 7 -8 13 -10 -11 -12 -13 -14 -15
leaf_value=-0.0069981453375718029 -0.0006415698334103244 -0.01143266525559538 -0.0041163167298077586 0.0021828745664602303 0.010235692924641548 0.007979048814733658 -0.00842984089627862 -0.000402976296789989 0.011667864618939346 -0.0071149275308355275 -0.0030691832799575481 0.01124019063889019 -0.0030298735253415253 0.0023445818269369296
leaf_weight=383 2969 249 246 327 230 234 304 12508 235 322 297 367 224 2054
leaf_count=383 2969 249 246 327 230 234 304 12508 235 322 297 367 224 2054
internal_value=-0.000157906 -0.00244602 -0.000519205 0.00259518 0.00556958 1.0939e-05 -0.00137671 0.000290925 0.00293427 0.00147759 0.00396416 0.0064994 0.0026202 -1.47558e-05
internal_weight=20949 1435 1186 803 557 19514 3273 16241 1679 1444 1122 825 458 14562
internal_count=20949 1435 1186 803 557 19514 3273 16241 1679 1444 1122 825 458 14562
is_linear=0
shrinkage=0.03


Tree=128
num_leaves=15
num_cat=0
split_feature=2 13 7 9 2 2 3 1 0 13 7 7 12 14
split_gain=17.2805 9.80013 8.61777 15.7028 21.4429 15.6473 23.4135 18.2594 16.8791 16.8048 15.9698 23.1926 18.5436 14.4295
threshold=0.062828947368426105 13.500000000000002 1.6886207031766467 0.95866571301128911 0.2013966851362228 0.45997032640949148 0.92476113457334186 0.9433481827919955 0.50011766967938664 9.5000000000000018 0.9218725387188732 1.2936082799090043 -0.078116555061437817 1.0000000180025095e-35
decision_type=2 2 8 2 2 2 2 2 2 2 10 10 10 2
left_child=-1 2 5 4 -4 6 7 8 -2 10 -7 12 -12 -6
right_child=1 -3 3 -5 13 9 -8 -9 -10 -11 11 -13 -14 -15
leaf_value=-0.0073036053002455284 0.0064667819713786307 -0.0063534455036789901 0.00027397588623518293 -0.0018370018345175848 0.0041766223346663489 -1.6118277763350292e-05 -0.0097610503613948813 -0.0028277798400761426 -0.00078475066482705318 0.0086375184969178266 -0.0037725589570598065 -0.0033021475331321969 0.0057374887751531038 0.015315292880536532
leaf_weight=277 447 200 435 468 217 13392 295 1910 798 219 209 433 1396 207
leaf_count=277 447 200 435 468 217 13392 295 1910 798 219 209 433 1396 207
internal_value=7.25256e-05 0.000173331 0.000238776 0.00257185 0.0049706 7.60437e-05 -0.00175128 -0.000988091 0.00183426 0.000479329 0.000360779 0.0028314 0.00449124 0.00972973
internal_weight=20903 20626 20426 1327 859 19099 3450 3155 1245 15649 15430 2038 1605 424
internal_count=20903 20626 20426 1327 859 19099 3450 3155 1245 15649 15430 2038 1605 424
is_linear=0
shrinkage=0.03


Tree=129
num_leaves=15
num_cat=0
split_feature=13 2 2 12 0 0 6 0 6 7 7 1 6 3
split_gain=11.398 12.079 15.2534 41.3855 25.5815 18.9318 15.5786 15.2436 16.9894 16.4136 15.222 20.7764 13.942 18.6506
threshold=13.500000000000002 0.45997032640949148 0.40255656293390446 0.0068306271676463757 0.58157277684823006 0.54608358225792886 0.053985357889501991 0.4513723681023008 -0.16864088084419201 1.5180655751401297 0.9218725387188732 3.4417534542599628 0.17003633687120615 0.66666666666666619
decision_type=2 2 2 10 2 2 8 2 8 8 10 2 10 2
left_child=1 2 4 5 7 -4 -6 -1 9 -9 12 -12 13 -3
right_child=-2 10 3 -5 6 -7 -8 8 -10 -11 11 -13 -14 -15
leaf_value=0.003536691919325831 -0.0069369888912002922 0.0035814194511426122 0.0058072114708557932 -0.0098101584395234604 0.0082010529064189611 -0.0048863793890162261 -0.001663445487964985 -0.0028609466006812769 -0.0037620282854537446 0.0061278248957766235 0.0053306929231564399 -0.00065587734222886463 0.0019202179619876832 -0.00082030639029000661
leaf_weight=465 209 945 350 592 444 252 210 364 1968 358 1222 906 2863 9839
leaf_count=465 209 945 350 592 444 252 210 364 1968 358 1222 906 2863 9839
internal_value=-4.881e-05 2.21285e-05 -0.00126154 -0.0042126 -0.000332169 0.00132745 0.00504497 -0.00145301 -0.00232051 0.00160758 0.000429512 0.00278634 6.1122e-05 -0.000433103
internal_weight=20987 20778 5003 1194 3809 602 654 3155 2690 722 15775 2128 13647 10784
internal_count=20987 20778 5003 1194 3809 602 654 3155 2690 722 15775 2128 13647 10784
is_linear=0
shrinkage=0.03


Tree=130
num_leaves=15
num_cat=0
split_feature=2 8 6 0 6 11 11 4 10 8 7 6 11 6
split_gain=9.05403 9.92243 16.33 12.5997 17.7347 10.9183 21.5462 16.5632 9.75105 10.0815 8.73125 21.8494 13.4696 12.6312
threshold=0.15029293237156943 0.10099989017117271 -0.058802541670051826 0.62956881050338842 -0.32414804313596235 0.78308999270760526 1.5438952968538187 0.45852499050576595 1.7241036761858231 -0.0036677735324064085 0.4820079474571885 -0.1710202033485507 -0.54978631257433175 -0.097396545672407672
decision_type=2 2 8 2 10 2 2 2 2 2 8 10 2 10
left_child=8 3 -3 -2 -5 10 7 -7 -1 -10 11 -6 -13 -12
right_child=1 2 -4 4 5 6 -8 -9 9 -11 13 12 -14 -15
leaf_value=-0.0082544724794570354 7.4898283510168128e-05 0.0099847754723994073 -0.0012744050939795387 0.006160499630279319 0.0025654313726858656 -0.00067131539462598534 -0.0057344081293879533 0.0098795146293736789 0.0040019463387747792 -0.0048612879262878916 -0.0070367498631062715 -0.0033181243209696528 -0.011164812928613495 0.0023658763229545644
leaf_weight=251 17054 221 236 210 215 336 376 217 203 255 202 330 505 335
leaf_count=251 17054 221 236 210 215 336 376 217 203 255 202 330 505 335
internal_value=-0.000243758 -0.000126583 0.00421954 -0.000228037 -0.00211989 -0.00282186 -0.000236055 0.00352031 -0.00356397 -0.00093203 -0.00433005 -0.00591586 -0.00810194 -0.00120334
internal_weight=20946 20237 457 19780 2726 2516 929 553 709 458 1587 1050 835 537
internal_count=20946 20237 457 19780 2726 2516 929 553 709 458 1587 1050 835 537
is_linear=0
shrinkage=0.03


Tree=131
num_leaves=15
num_cat=0
split_feature=6 14 14 12 12 4 4 0 4 4 0 10 9 10
split_gain=8.86947 17.8502 13.1402 19.9998 37.1074 19.613 34.2541 26.1392 21.2177 18.5712 22.3801 16.4376 24.2316 14.8301
threshold=-0.42581039638076174 1.0000000180025095e-35 1.0000000180025095e-35 0.13946415505703927 0.084619990692447591 0.44091227761109181 0.40240850158833102 0.67052101665915542 0.50336063191065561 0.35176764689335821 0.56488138483633998 1.4598165624410244 0.69980802925861252 1.2860466496678906
decision_type=8 2 2 8 8 2 2 2 2 2 2 2 2 2
left_child=1 -1 3 4 -2 6 9 8 -7 11 -11 12 -4 -10
right_child=2 -3 5 -5 -6 7 -8 -9 13 10 -12 -13 -14 -15
leaf_value=0.0091579716685745438 -0.000620309115379585 -0.0022025987246901179 -0.0038099106435496434 0.0080505240206200767 -0.0095761905056499716 -0.0082720311177718574 0.011256427664703094 0.0090318582049356052 -0.0073037265058775603 0.0011585013550179807 -0.011959291529364702 0.00078471212996137686 0.0068835581751430733 -3.4920158233209851e-05
leaf_weight=265 10880 228 234 221 428 408 317 203 282 271 200 3982 964 2109
leaf_count=265 10880 228 234 221 428 408 317 203 282 271 200 3982 964 2109
internal_value=-2.12647e-05 0.00393463 -0.00011734 -0.000787163 -0.000963366 0.000743531 0.00173797 -0.00123303 -0.00199228 0.00119454 -0.0044788 0.00171422 0.0047877 -0.000905672
internal_weight=20992 493 20499 11529 11308 8970 5968 3002 2799 5651 471 5180 1198 2391
internal_count=20992 493 20499 11529 11308 8970 5968 3002 2799 5651 471 5180 1198 2391
is_linear=0
shrinkage=0.03


Tree=132
num_leaves=15
num_cat=0
split_feature=12 3 12 11 11 2 10 10 2 2 2 9 9 1
split_gain=12.0949 27.449 18.0738 14.6744 30.7253 14.5922 15.2833 16.782 12.9039 12.094 15.4433 22.4545 11.8273 13.6347
threshold=0.10828566254481715 0.53125000000000699 0.071644659466369401 -0.82285475889936754 0.25884718237929832 0.42499999999999682 2.1233362913480005 2.6511041794289514 0.66307254126947079 0.13636363636364507 0.25000000000000117 0.92922882686742325 0.98499678396553703 1.263491383429159
decision_type=10 2 8 2 2 2 2 2 2 2 2 2 2 2
left_child=2 -2 9 -3 8 -4 12 -8 -5 -1 11 -11 13 -7
right_child=1 3 5 4 -6 6 7 -9 -10 10 -12 -13 -14 -15
leaf_value=-0.0046148824014379392 0.0080909216719992905 -0.010053302192758665 -0.0023500434133666951 -0.001599279466144582 -0.0050579222114066832 0.0086305121789982849 0.012747805396739011 0.0021430006586015227 0.0078298764860870035 0.0091066807350824088 -0.00014861480834138142 -0.0016644225179696806 -0.0037177740295463407 0.00015785663729751264
leaf_weight=512 206 248 361 230 1129 306 316 235 293 392 15844 308 239 380
leaf_count=512 206 248 361 230 1129 306 316 235 293 392 15844 308 239 380
internal_value=-3.22528e-05 -0.00218594 0.000208333 -0.00331848 -0.00228015 0.00303148 0.00435118 0.00828483 0.00370733 -9.65302e-05 4.46548e-05 0.0043892 0.00197605 0.00397231
internal_weight=20999 2106 18893 1900 1652 1837 1476 551 523 17056 16544 700 925 686
internal_count=20999 2106 18893 1900 1652 1837 1476 551 523 17056 16544 700 925 686
is_linear=0
shrinkage=0.03


Tree=133
num_leaves=15
num_cat=0
split_feature=6 1 12 6 10 10 7 4 12 11 10 9 9 8
split_gain=7.95383 24.1609 13.3139 9.28372 15.4447 8.96064 18.3478 10.5258 10.1067 23.9147 19.2201 16.5241 20.296 14.6769
threshold=-0.3704233141173689 0.85632532226266378 -0.026801102629481929 -0.31875195397007278 1.8955390109134507 3.121978978507443 0.28158460831956122 0.32727131520898289 -0.066051270861646957 -1.118576706913881 2.6013846738885102 0.77981596766105754 0.71286013553852146 0.015167469809975799
decision_type=8 2 10 8 2 2 10 2 10 2 2 2 2 2
left_child=1 -1 -3 4 -2 8 -7 -8 9 -5 11 12 -11 -13
right_child=3 2 -4 5 -6 6 7 -9 -10 10 -12 13 -14 -15
leaf_value=-0.0057243881108739831 -0.0088158023563775032 -0.0001678567972018629 0.0086922950645564254 0.0092035024102434543 0.0009937771166465719 -0.0099269151569503118 -0.0043402026800118433 0.0031804696734071109 -0.00020143752347312845 -0.0016063117904362276 0.0073635428207261223 -0.0033761776491390266 0.0087972911704632568 0.0021752698164189529
leaf_weight=222 282 234 433 332 289 241 309 354 15392 316 345 1288 354 637
leaf_count=222 282 234 433 332 289 241 309 354 15392 316 345 1288 354 637
internal_value=-8.66904e-06 0.00276026 0.00560581 -0.000131553 -0.00388536 -2.10516e-05 -0.00292965 -0.000330891 0.000120575 0.00163337 0.000764335 -0.00012549 0.00391497 -0.00153828
internal_weight=21028 889 667 20139 571 19568 904 663 18664 3272 2940 2595 670 1925
internal_count=21028 889 667 20139 571 19568 904 663 18664 3272 2940 2595 670 1925
is_linear=0
shrinkage=0.03


Tree=134
num_leaves=15
num_cat=0
split_feature=5 0 6 8 10 3 13 11 12 7 13 2 6 13
split_gain=10.3246 25.852 18.0856 26.974 26.8091 20.3816 17.4221 22.9836 17.726 14.8101 11.4768 19.9224 22.7113 12.9804
threshold=3.4119083617519519 0.5709521977755222 0.083394910859673002 0.0074258177358657524 2.3177534817348122 0.85185185185183743 1.0000000180025095e-35 2.3577538352305183 -0.039347289834438852 0.49474120974233515 7.5000000000000009 0.81936077643909611 -0.057022928058371884 1.5000000000000002
decision_type=2 2 10 2 2 2 2 2 8 10 2 2 10 2
left_child=10 6 3 9 -4 -5 7 -2 -8 -3 13 12 -12 -1
right_child=1 2 4 5 -6 -7 8 -9 -10 -11 11 -13 -14 -15
leaf_value=-0.00062535510935162689 0.0046360693947233335 -0.003630242498193899 -0.0076070854418839396 0.015166513130080137 0.0072533034246142309 0.0042494508811681386 0.0033174933166483568 -0.0053617909380959134 -0.0046083925645395464 0.0070637107959044144 -0.012674328103261939 0.0036664252667813683 3.5994464126618013e-05 0.0011982309998788249
leaf_weight=10992 886 262 229 364 200 273 332 265 1035 202 284 217 225 5157
leaf_count=10992 886 262 229 364 200 273 332 265 1035 202 284 217 225 5157
internal_value=0.000117234 0.0014769 0.00454565 0.00657387 -0.000675417 0.0105573 -0.000393055 0.00232098 -0.00267838 0.00105099 -0.000209266 -0.00388599 -0.00711012 -4.28229e-05
internal_weight=20923 4048 1530 1101 429 637 2518 1151 1367 464 16875 726 509 16149
internal_count=20923 4048 1530 1101 429 637 2518 1151 1367 464 16875 726 509 16149
is_linear=0
shrinkage=0.03


Tree=135
num_leaves=15
num_cat=0
split_feature=10 6 12 9 11 11 1 6 6 8 8 1 3 0
split_gain=11.2324 20.1336 17.3359 14.1736 14.7628 16.7791 17.8908 18.8165 24.5891 21.1236 17.7578 17.2087 14.4976 17.0374
threshold=2.3177534817348122 -0.31378178761435022 -0.0018379222325597409 1.3139130246702118 1.5136590580331915 -0.30224409107051253 1.9965442932964843 0.30256833272499856 0.045636599537428831 0.036415876006328729 0.0021934952719044332 2.6215844129397019 0.95999999999998453 0.5479537819222694
decision_type=2 10 8 2 2 2 2 8 10 2 2 2 2 2
left_child=3 2 -2 4 5 6 7 8 9 -1 -10 -8 13 -6
right_child=1 -3 -4 -5 12 -7 11 -9 10 -11 -12 -13 -14 -15
leaf_value=-0.0022883472682779945 0.011260235085164343 0.00043834378728530851 0.0013219574081658964 -0.006500774747355588 0.0010701387897133828 0.00070557907974702063 0.0078922279273806999 -0.0086883981288250148 -0.00073451057476012107 -0.012286516663647884 0.010491114703702255 -0.0011542263472417616 -0.0095613334806245037 -0.0045980427224395085
leaf_weight=1394 299 5390 332 341 950 9126 290 430 312 216 208 525 238 951
leaf_count=1394 299 5390 332 341 950 9126 290 430 312 216 208 525 238 951
internal_value=-5.942e-05 0.00103443 0.00608272 -0.000499247 -0.000357285 3.71587e-05 -0.00176862 -0.00299977 -0.0018337 -0.0036636 0.00381289 0.00209325 -0.00265725 -0.00177007
internal_weight=21002 6021 631 14981 14640 12501 3375 2560 2130 1610 520 815 2139 1901
internal_count=21002 6021 631 14981 14640 12501 3375 2560 2130 1610 520 815 2139 1901
is_linear=0
shrinkage=0.03


Tree=136
num_leaves=15
num_cat=0
split_feature=11 1 6 7 11 1 8 12 0 9 3 1 11 7
split_gain=10.2513 25.5137 24.8651 13.2092 11.013 25.9485 9.86899 20.8107 17.8858 14.2527 17.8728 26.8569 20.112 19.8817
threshold=2.4212919684981475 1.1113717794873905 0.069243866182107441 1.077462706328826 2.1955118785060419 1.534555328899269 -0.0076007878906466566 0.22629738633676147 0.68405551500901185 0.70253167264682748 0.82608695652174569 3.2058200842902926 0.94508626567029774 0.1172359976581112
decision_type=2 2 10 10 2 2 2 8 2 2 2 2 2 10
left_child=4 -2 3 -3 6 -6 8 -8 9 -1 13 12 -12 -11
right_child=1 2 -4 -5 5 -7 7 -9 -10 10 11 -13 -14 -15
leaf_value=-0.004227089913254635 -0.010832487212227923 0.0089368881617023169 -0.0080293219657614837 -0.0014357577535239132 -0.00282287279866747 0.0099459764607731371 0.00024736327901545837 0.0096306998819017595 -0.0076610623016035795 -0.0081109667639426702 0.0018329234751533554 0.0097790956197337051 -0.0034523034539105817 -0.0009361463563159557
leaf_weight=886 275 233 225 204 263 305 10816 212 336 386 2535 300 865 3150
leaf_count=886 275 233 225 204 263 305 10816 212 336 386 2535 300 865 3150
internal_value=-0.000182348 -0.00324091 -2.97422e-05 0.00413327 -3.8668e-05 0.0040606 -0.000159169 0.000432029 -0.000929805 -0.000646797 -0.000205798 0.00125094 0.000485205 -0.00172972
internal_weight=20991 937 662 437 20054 568 19486 11028 8458 8122 7236 3700 3400 3536
internal_count=20991 937 662 437 20054 568 19486 11028 8458 8122 7236 3700 3400 3536
is_linear=0
shrinkage=0.03


Tree=137
num_leaves=15
num_cat=0
split_feature=6 1 10 6 4 8 12 0 2 12 4 5 5 1
split_gain=14.9835 13.0653 21.6551 30.4219 20.2432 18.7496 17.0683 16.2712 15.1719 13.7062 10.5028 7.47037 21.1201 19.6448
threshold=-0.25042334719668147 0.75989861297656613 1.2028173425806881 -0.28560422333805485 0.40663692840472854 -0.010946634079332199 -0.050297034791808019 0.55856612375009507 0.66666666666668628 0.037177692034804262 0.17687129991132974 2.3303419524440532 2.3597886784697457 3.1484378245945961
decision_type=8 2 2 10 2 2 10 2 2 10 2 2 2 2
left_child=1 10 -3 4 6 -6 -4 -5 9 -8 -1 13 -13 -2
right_child=11 2 3 7 5 -7 8 -9 -10 -11 -12 12 -14 -15
leaf_value=-0.010823682741966189 0.00058611495599443497 0.0077535183038480475 -0.0031935281994251103 -0.0031138736811322223 0.0029691246621483978 -0.0082664647836800057 0.0077088743578461755 -0.012839127625010802 0.011773330046791413 -0.0031677687509020541 -0.0022246573066754304 -0.0094387507854506014 5.0940590620692968e-05 0.0060580995945720643
leaf_weight=241 5694 222 268 350 210 353 201 279 234 207 273 210 11556 654
leaf_count=241 5694 222 268 350 210 353 201 279 234 207 273 210 11556 654
internal_value=7.48205e-06 -0.00201736 -0.00105379 -0.00200015 0.000363614 -0.00408632 0.00312399 -0.00749485 0.00576551 0.00221903 -0.00632193 0.000325192 -0.000122369 0.00115419
internal_weight=20952 2838 2324 2102 1473 563 910 629 642 408 514 18114 11766 6348
internal_count=20952 2838 2324 2102 1473 563 910 629 642 408 514 18114 11766 6348
is_linear=0
shrinkage=0.03


Tree=138
num_leaves=15
num_cat=0
split_feature=10 11 11 10 5 5 9 5 12 2 10 2 9 12
split_gain=13.4285 13.0186 12.0791 18.8372 17.6162 15.6718 26.9531 24.347 19.8329 14.9552 13.0768 24.6186 21.0938 19.3446
threshold=3.0952468085107832 2.2876296978856732 2.3577538352305183 2.9607978507654682 3.3251744319253178 3.333080140703474 0.91143698979116561 3.7746789289311007 0.0062376460202141501 0.48000000000002335 2.5165828401304378 0.63636363636364301 0.89462474054865726 -0.048147179886115714
decision_type=2 2 2 2 2 2 2 2 8 2 2 2 2 10
left_child=2 -2 3 5 -4 10 -7 -8 -9 -6 -1 13 -13 -12
right_child=1 -3 4 -5 9 6 7 8 -10 -11 11 12 -14 -15
leaf_value=0.00031974120572996005 -0.0049304070385170623 0.0029438102299190428 0.004557331433178673 0.0071183809410100734 -0.011550787275584487 -0.00055296991103894974 0.0067829827380949973 0.0048203289177378306 -0.0076052439734339717 -0.0021217615374468811 0.0014699146506247337 0.0074943311693700578 -0.0030837765558805294 -0.009298289137349711
leaf_weight=13755 792 244 208 384 226 1602 1360 233 220 448 204 291 393 551
leaf_count=13755 792 244 208 384 226 1602 1360 233 220 448 204 291 393 551
internal_value=0.00025091 -0.00307063 0.000424777 0.000584443 -0.00299738 0.000447738 0.00228252 0.00478263 -0.00123131 -0.0053452 3.47379e-05 -0.0026812 0.00143829 -0.00639821
internal_weight=20911 1036 19875 18993 882 18609 3415 1813 453 674 15194 1439 684 755
internal_count=20911 1036 19875 18993 882 18609 3415 1813 453 674 15194 1439 684 755
is_linear=0
shrinkage=0.03


Tree=139
num_leaves=15
num_cat=0
split_feature=13 0 9 0 4 12 7 7 7 12 9 12 12 4
split_gain=10.3041 15.4805 21.3699 30.3258 30.2889 26.7322 18.3996 16.2462 19.659 23.0685 15.7588 16.4774 34.0744 26.5894
threshold=1.5000000000000002 0.5509537614809733 0.98499678396553703 0.51700367959728477 0.93517790188963057 0.11882045097046508 0.45183790199184048 1.2143763947793345 0.66268356692001862 -0.022036744596802212 0.70546228900782082 0.04496145409479458 0.018521338385422029 0.40240850158833102
decision_type=2 2 2 2 2 10 8 10 8 10 2 8 8 2
left_child=-1 2 4 6 5 7 -4 8 9 -2 -3 12 -12 -14
right_child=1 10 3 -5 -6 -7 -8 -9 -10 -11 11 -13 13 -15
leaf_value=-0.00047751154190661053 -0.0033124295923313714 -0.0033149029727619472 0.0081903047435449069 -0.0085412625121373924 -0.0091731459683205875 -0.0075928902981633479 -0.0026744446246524884 -0.002677458831005626 0.0092353760686991245 0.0058797445879431387 0.0034668941506485109 0.00625095975356048 -0.012431444008283469 0.0015039269425961897
leaf_weight=13706 405 399 204 592 224 215 422 319 554 610 1827 966 240 246
leaf_count=13706 405 399 204 592 224 215 422 319 554 610 1827 966 240 246
internal_value=5.68566e-06 0.000922272 -0.000492228 -0.00370347 0.00119294 0.00231622 0.000902989 0.00346171 0.00471444 0.00221367 0.00228444 0.0029698 0.00158893 -0.00543425
internal_weight=20929 7223 3545 1218 2327 2103 626 1888 1569 1015 3678 3279 2313 486
internal_count=20929 7223 3545 1218 2327 2103 626 1888 1569 1015 3678 3279 2313 486
is_linear=0
shrinkage=0.03


Tree=140
num_leaves=15
num_cat=0
split_feature=9 6 2 10 9 11 8 8 13 12 11 11 9 12
split_gain=11.9761 27.6182 19.8241 33.2707 19.5849 15.7106 21.9164 21.4162 15.5493 14.8732 45.7768 34.387 22.6935 20.9541
threshold=1.0697636563285391 -0.051244011391974424 0.80477139062794445 1.8777962668390322 1.1817171037818721 0.99165997654141114 0.0074258177358657524 -0.00044719958757919175 9.5000000000000018 0.11343399380293386 0.41656843893097328 -0.77421989027499916 0.80488708550715726 0.071644659466369401
decision_type=2 10 2 2 2 2 2 2 2 10 2 2 2 8
left_child=8 2 3 4 -2 7 -7 -5 9 13 11 -11 -13 -1
right_child=1 -3 -4 5 -6 6 -8 -9 -10 10 -12 12 -14 -15
leaf_value=-8.0748770047464927e-05 -0.012222516841388175 -0.004243950340403117 0.0075077041020398744 -0.0064420869094809806 -5.1488619438319837e-05 0.012885185142012335 0.00043934195411799213 0.0054793854553480533 0.0068607432391531399 -0.0066741433682593896 -0.0073257785279944336 0.01395862073833201 0.0011603124522808316 0.0035971991214589164
leaf_weight=13703 275 1932 328 299 207 232 276 240 298 230 879 233 264 1547
leaf_count=13703 275 1932 328 299 207 232 276 240 298 230 879 233 264 1547
internal_value=-0.000212324 -0.00173758 0.000874406 -0.000568397 -0.00704973 0.00243469 0.00619346 -0.00113225 0.000124985 3.90325e-06 -0.00273751 0.0028222 0.00723959 0.000293409
internal_weight=20943 3789 1857 1529 482 1047 508 539 17154 16856 1606 727 497 15250
internal_count=20943 3789 1857 1529 482 1047 508 539 17154 16856 1606 727 497 15250
is_linear=0
shrinkage=0.03


Tree=141
num_leaves=15
num_cat=0
split_feature=2 12 11 11 11 9 13 13 2 9 10 10 3 10
split_gain=13.5386 38.3486 24.6935 20.2933 23.2514 17.702 15.9942 19.407 17.905 15.1485 14.9364 24.3348 20.1025 15.1228
threshold=0.84482758620688025 -0.0082589293360929555 1.1976327426690931 1.1440106662747334 0.22036963778597121 0.94877253776597525 7.5000000000000009 5.5000000000000009 0.58244590461085344 0.90236638949013803 1.5677609113155739 1.7889347099780619 0.94634204861273497 2.1080899357660239
decision_type=2 8 2 2 2 2 2 2 2 2 2 2 2 2
left_child=6 3 10 4 5 -2 7 -1 -8 -9 12 -12 -3 -13
right_child=1 2 -4 -5 -6 -7 8 9 -10 -11 11 13 -14 -15
leaf_value=-0.00010836100843863983 -0.0037901825310467786 -0.0039808790330533627 -0.001648110253931759 0.0051625607480459352 -0.0098113462093472464 0.0065246377770196307 -0.011592722386622911 0.011330733739126186 -0.0011267718368647049 0.0016023773969235744 0.017433817513020974 0.00054948295798751853 0.0077918814696608506 0.0093161045054275214
leaf_weight=16589 464 238 424 284 370 215 218 229 436 380 219 281 278 477
leaf_count=16589 464 238 424 284 370 215 218 229 436 380 219 281 278 477
internal_value=0.000234142 0.0020135 0.00472601 -0.00189047 -0.0038154 -0.000500256 -9.02682e-05 8.54598e-05 -0.00467691 0.00532298 0.00653567 0.00870946 0.00237572 0.00609111
internal_weight=21102 3250 1917 1333 1049 679 17852 17198 654 609 1493 977 516 758
internal_count=21102 3250 1917 1333 1049 679 17852 17198 654 609 1493 977 516 758
is_linear=0
shrinkage=0.03


Tree=142
num_leaves=15
num_cat=0
split_feature=6 7 3 8 6 2 9 8 12 2 8 7 6 11
split_gain=10.1107 16.8998 22.0899 15.5668 15.3151 14.069 15.2418 14.7684 10.4026 20.1346 21.7012 21.2692 22.7416 23.3364
threshold=-0.20436818535825543 0.88312139976031234 0.9583333333332883 0.0031527643955743764 -0.38063613209985014 0.5733560864618894 0.97793280870704236 -0.0054257039348879089 0.015504164662423549 0.65384615384616107 -0.034647748476227543 0.31240982151582825 0.34434116980717372 -0.94919202569768124
decision_type=8 10 2 2 10 2 2 2 10 2 2 10 8 2
left_child=1 2 4 -4 -1 6 7 -3 9 10 -2 -12 13 -13
right_child=8 5 3 -5 -6 -7 -8 -9 -10 -11 11 12 -14 -15
leaf_value=0.00067931772534583887 -0.0015826276258143492 0.0025302117792924098 0.0076127893556381604 -0.0029942113795889866 -0.0051506670659987354 0.0084005336686625454 0.0052321571167384352 -0.0067805631237732337 -0.00078242310930681672 -0.0006718394013200368 0.0088924437210305147 0.010659991577267646 0.0074716597931788597 0.0002999733202086417
leaf_weight=511 1136 264 279 218 1940 212 316 354 7052 4733 497 207 612 2547
leaf_count=511 1136 264 279 218 1940 212 316 354 7052 4733 497 207 612 2547
internal_value=-0.000231547 -0.0015673 -0.00276776 0.00297674 -0.00393629 0.00151941 -7.88847e-05 -0.00281476 9.46428e-05 0.000730258 0.00205709 0.00312809 0.00226504 0.00109657
internal_weight=20878 4094 2948 497 2451 1146 934 618 16784 9732 4999 3863 3366 2754
internal_count=20878 4094 2948 497 2451 1146 934 618 16784 9732 4999 3863 3366 2754
is_linear=0
shrinkage=0.03


Tree=143
num_leaves=15
num_cat=0
split_feature=3 3 5 5 5 9 13 13 0 11 7 6 11 8
split_gain=9.4674 17.6578 13.6444 23.9823 21.0707 22.9611 16.4171 24.5638 20.7934 16.1888 13.4264 18.0704 21.6968 30.3541
threshold=0.87666785269524794 0.88659793814433308 2.614417464014624 2.8666955481890208 2.2822927915206921 0.80625958487805904 1.5000000000000002 2.5000000000000004 0.56770592084864224 0.6612379615754217 0.061748990660038569 0.16644685677527829 0.34297451822576935 0.0056349669039008647
decision_type=2 2 2 2 2 2 2 2 2 2 10 10 2 2
left_child=-1 -2 4 -4 6 -6 -3 -8 -9 -7 11 12 -5 -14
right_child=1 2 3 10 5 9 7 8 -10 -11 -12 -13 13 -15
leaf_value=0.00033453538679286413 -0.0067585174097679552 -0.0025322140133443262 -0.0067201948837586198 -0.0068035039156131502 0.01131332696346608 -0.002552168744802475 0.0094682257549435489 -0.0064161234533432684 0.0053263411416513166 0.0079183693042079208 -0.0020967542329349389 0.0097785757165657333 0.010233347219071889 -0.0042155835728080546
leaf_weight=13577 445 1524 730 269 306 370 301 298 241 201 1984 214 280 238
leaf_count=13577 445 1524 730 269 306 370 301 298 241 201 1984 214 280 238
internal_value=-0.000136001 -0.000998835 -0.000625778 -0.00186568 0.000796144 0.00475348 -0.000678887 0.00267866 -0.00116508 0.00117035 -0.000669224 0.00215653 3.52993e-05 0.00361781
internal_weight=20978 7401 6956 3715 3241 877 2364 840 539 571 2985 1001 787 518
internal_count=20978 7401 6956 3715 3241 877 2364 840 539 571 2985 1001 787 518
is_linear=0
shrinkage=0.03


Tree=144
num_leaves=15
num_cat=0
split_feature=13 3 2 3 4 3 3 5 4 2 4 4 9 9
split_gain=12.3764 9.23975 18.2178 17.8575 16.7664 26.6643 19.1691 17.0754 16.263 15.4248 14.8018 25.4509 16.8042 18.2202
threshold=13.500000000000002 0.95402298850574885 0.57039645279081941 0.92476113457334186 0.85994340602022801 0.82820734574741006 0.87666785269524794 2.9547421035281185 1.0844145207366527 0.85937499999999833 0.48202498049642095 0.14824987096418121 0.97371698594170819 0.87305593800458003
decision_type=2 2 2 2 2 2 2 2 2 2 2 2 2 2
left_child=1 3 -3 4 -1 7 -7 8 -6 -5 11 -4 13 -12
right_child=-2 2 10 9 5 6 -8 -9 -10 -11 12 -13 -14 -15
leaf_value=-9.6903992532665597e-05 -0.0071487046879317078 -0.0040503265452246327 -0.0004572945769344057 -0.0053439942812033483 0.0019964450334331819 0.014338038296893585 0.0033822985665988075 0.0054498337559479842 -0.0081574263332475881 0.00064832099567586996 0.00030710594626162543 0.0071895071399801095 0.0055525434216187131 -0.010282408558010485
leaf_weight=14551 205 425 625 1015 275 253 334 318 285 621 486 1042 302 204
leaf_count=14551 205 425 625 1015 275 253 334 318 285 621 486 1042 302 204
internal_value=9.77154e-05 0.000171061 0.00168471 -9.37928e-05 0.00021153 0.00326494 0.0081855 -5.24946e-05 -0.00319761 -0.00307436 0.00260725 0.00432974 -0.000294487 -0.00287516
internal_weight=20941 20736 3084 17652 16016 1465 587 878 560 1636 2659 1667 992 690
internal_count=20941 20736 3084 17652 16016 1465 587 878 560 1636 2659 1667 992 690
is_linear=0
shrinkage=0.03


Tree=145
num_leaves=15
num_cat=0
split_feature=10 9 9 11 1 6 1 5 8 2 12 6 10 2
split_gain=10.3866 19.7216 30.7041 27.8203 20.8223 19.012 14.8076 19.663 22.1509 14.7342 23.3064 14.2361 13.9798 14.6164
threshold=1.4090114752048404 0.92005025145171582 1.0401961414581453 0.77032184932696424 0.68066226646285988 -0.040793309130722648 1.1692914614217134 2.0349590145652838 -0.0196792537257563 0.66666666666664665 0.04148781934632529 -0.057022928058371884 1.9084176366569772 0.84674476100776697
decision_type=2 2 2 2 2 8 2 2 2 2 8 8 2 2
left_child=1 4 3 5 -1 -3 7 8 -6 11 -11 -8 -2 -14
right_child=12 2 -4 -5 6 -7 9 -9 -10 10 -12 -13 13 -15
leaf_value=-0.0050610192622525408 -0.0013851032755358966 -0.0012145915015144386 -0.0012603934563406728 0.017969010751964387 0.00067947795368590439 0.010524593603469636 0.00097763379351399594 -0.0002108131219865754 0.013420124593141831 -0.0012113294942591318 0.010067109231437955 -0.0077072759931708906 -4.6184952477141284e-05 0.0031064449900356501
leaf_weight=557 6141 242 458 202 207 248 308 475 299 534 233 371 9127 1543
leaf_count=557 6141 242 458 202 207 248 308 475 299 534 233 371 9127 1543
internal_value=8.60298e-05 0.00143227 0.00476081 0.0087264 0.000143664 0.00477317 0.0013461 0.00418111 0.00826569 -0.000585025 0.00225786 -0.00378938 -0.000245351 0.000410962
internal_weight=20945 4134 1150 692 2984 490 2427 981 506 1446 767 679 16811 10670
internal_count=20945 4134 1150 692 2984 490 2427 981 506 1446 767 679 16811 10670
is_linear=0
shrinkage=0.03


Tree=146
num_leaves=15
num_cat=0
split_feature=7 13 13 6 12 5 11 0 2 7 0 6 5 6
split_gain=8.93291 22.4625 13.0251 14.9321 27.2118 26.543 23.8689 21.5411 20.1932 23.0119 18.3092 21.0023 17.3353 27.0582
threshold=0.88312139976031234 7.5000000000000009 5.5000000000000009 -0.12971474771260597 0.032130573293289007 1.8295694800621014 0.69957629515563624 0.51412852608513515 0.46666666666667111 1.0886385987826979 0.54316810221382339 0.083394910859673002 2.7864466058715727 0.086194638724662612
decision_type=8 2 2 10 10 2 2 2 2 10 2 10 2 10
left_child=-1 2 3 4 8 7 -7 -5 -2 -10 12 -12 13 -8
right_child=1 -3 -4 5 -6 6 10 -9 9 -11 11 -13 -14 -15
leaf_value=-0.00046982646945519142 -0.0019625420059937882 -0.0086285235341380818 0.0085180996012348686 -0.0013709517312745978 0.0077504036503135013 -0.0048553930193609134 0.00040684114396572109 0.0094796262159943575 0.01258554134451385 -0.00084984240359841029 0.0013226409318601987 -0.0074749978445470327 0.00040935538896187115 0.015435090178869803
leaf_weight=14445 941 212 206 269 708 1095 220 415 219 234 554 430 854 207
leaf_count=14445 941 212 206 269 708 1095 220 415 219 234 554 430 854 207
internal_value=-5.28469e-05 0.000864434 0.0011878 0.000935383 0.00298316 -0.000131386 -0.00122965 0.00523338 0.000542876 0.0057119 0.000530021 -0.00254021 0.00288912 0.00778652
internal_weight=21009 6564 6352 6146 2102 4044 3360 684 1394 453 2265 984 1281 427
internal_count=21009 6564 6352 6146 2102 4044 3360 684 1394 453 2265 984 1281 427
is_linear=0
shrinkage=0.03


Tree=147
num_leaves=15
num_cat=0
split_feature=5 6 4 4 6 6 6 8 7 8 8 6 12 12
split_gain=14.0896 15.0434 10.1813 24.1753 22.5818 17.0946 20.2999 15.2848 19.232 16.4999 14.4363 15.5191 12.5572 22.5937
threshold=3.9304699601247233 -0.047254859841194367 0.075741015978218432 0.1224610723161655 0.22614415430691384 -1.0000000180025095e-35 -0.060902901068552222 -0.017762826865565289 0.93031304963889883 0.0065258638407590629 -0.041569886489216966 -0.065194111389506079 0.072812336417910919 0.0049638062394632429
decision_type=2 8 2 2 8 10 8 2 8 2 2 10 8 10
left_child=2 -2 7 4 5 6 -4 10 12 -10 11 -1 13 -9
right_child=1 -3 3 -5 -6 -7 -8 8 9 -11 -12 -13 -14 -15
leaf_value=0.0038403508389511934 -6.7340884930812401e-05 0.011424544344561686 0.00520978130273979 2.2932904425974586e-05 -0.0030286579554686778 0.0099531734786170271 -0.0053277304342974757 -3.8950065795279223e-05 0.0094540367706541072 0.00070040582109568187 -0.0075331798688663791 -0.0055353122790930452 0.0043243522869629986 -0.009053709359051516
leaf_weight=307 203 202 792 15390 361 477 203 628 279 613 571 319 211 411
leaf_count=307 203 202 792 15390 361 477 203 628 279 613 571 319 211 411
internal_value=0.000227131 0.00573384 0.0001173 0.000411308 0.0036632 0.00530904 0.00304403 -0.00139758 0.000121499 0.00347581 -0.00410513 -0.000943347 -0.00227644 -0.00363122
internal_weight=20967 405 20562 17223 1833 1472 995 3339 2142 892 1197 626 1250 1039
internal_count=20967 405 20562 17223 1833 1472 995 3339 2142 892 1197 626 1250 1039
is_linear=0
shrinkage=0.03


Tree=148
num_leaves=15
num_cat=0
split_feature=4 11 4 7 4 0 10 5 11 11 11 5 1 10
split_gain=9.9557 22.4247 18.2157 28.3714 24.9642 19.9159 16.6008 13.7869 13.5376 12.0899 21.5511 10.9977 10.5317 29.3548
threshold=0.6098663432759307 2.5423106254142493 0.51378964933902882 0.33451654907009798 0.46288415232128138 0.55530350847476717 2.0603151274078377 1.0975247970084527 -1.0000000180025095e-35 1.1700816177193853 0.41656843893097328 1.4820069284445243 2.8355318676405146 2.7699608407984684
decision_type=2 2 2 10 2 2 2 2 2 2 2 2 2 2
left_child=2 7 4 8 12 6 -5 -2 -4 10 -6 -9 -1 -14
right_child=1 -3 3 5 9 -7 -8 11 -10 -11 -12 -13 13 -15
leaf_value=0.00025270549074748387 -0.0096822643222717122 0.0070720614825508423 0.0039965454952090706 0.0084559191826363688 -0.0071358788244406165 0.01235504080430936 -0.0034872805143612018 0.0046528641565849902 -0.0056322590111620181 -0.010647308974399822 0.0049776160579572603 -0.0021472812233301118 -0.0048069499666150099 0.0074889462001902869
leaf_weight=13412 203 247 213 208 366 349 202 223 327 259 201 3582 997 207
leaf_count=13412 203 247 213 208 366 349 202 223 327 259 201 3582 997 207
internal_value=-0.000318566 -0.00161343 1.09277e-05 0.00341585 -0.000276511 0.00713734 0.00260059 -0.00215683 -0.00183241 -0.00533443 -0.0028357 -0.00174316 1.10555e-05 -0.00267073
internal_weight=20996 4255 16741 1299 15442 759 410 4008 540 826 567 3805 14616 1204
internal_count=20996 4255 16741 1299 15442 759 410 4008 540 826 567 3805 14616 1204
is_linear=0
shrinkage=0.03


Tree=149
num_leaves=15
num_cat=0
split_feature=11 6 6 4 4 11 12 12 10 4 10 8 12 12
split_gain=10.1472 28.3349 24.5954 20.3713 17.9738 26.8645 17.0684 15.5843 16.8208 13.5877 13.4783 13.4406 13.4045 21.7073
threshold=-0.19089778657074355 -0.20977040594890192 -0.28560422333805485 1.0337515654427667 0.11600877354321869 -1.5776883917311517 -0.011484960132729203 0.013373467888670778 2.0213224462463488 0.40240850158833102 1.8587497462624227 0.0035450316475993792 0.27586832256579641 0.18134696496238903
decision_type=2 10 8 2 2 2 10 10 2 2 2 2 8 10
left_child=1 2 -1 4 5 -3 11 8 -7 10 -4 -6 13 -2
right_child=12 3 9 -5 6 7 -8 -9 -10 -11 -12 -13 -14 -15
leaf_value=-0.00025836664010081198 0.00059223306567367966 0.0065182382758722261 -0.0054706133606675436 -0.0079187903185000356 0.0013449124114072702 -0.0059440603718429273 0.0038068241562206596 -0.0095112896634114742 0.0044221034041437941 -0.0025041833344101902 -0.015515068570249958 -0.0053875932607513211 0.0072166443242480584 -0.006786425562534967
leaf_weight=611 14425 236 222 256 841 329 1790 365 239 245 280 385 260 363
leaf_count=611 14425 236 222 256 841 329 1790 365 239 245 280 385 260 363
internal_value=0.000118002 -0.000947682 -0.00473135 0.000213332 0.000719637 -0.00243152 0.00194303 -0.00471802 -0.00158172 -0.00836392 -0.0111709 -0.000782588 0.00052886 0.000408877
internal_weight=20847 5799 1358 4441 4185 1169 3016 933 568 747 502 1226 15048 14788
internal_count=20847 5799 1358 4441 4185 1169 3016 933 568 747 502 1226 15048 14788
is_linear=0
shrinkage=0.03


Tree=150
num_leaves=15
num_cat=0
split_feature=7 7 8 8 5 1 9 5 8 1 9 7 14 3
split_gain=8.44154 11.663 30.8678 14.1242 8.5481 7.56049 7.41193 14.4999 17.1317 31.6219 15.8131 14.5617 18.0528 14.3971
threshold=1.721878744042016 2.0855330888169537 0.03087048090581368 -0.014987018639599827 3.9304699601247233 1.7032749433895644 0.71543609911461081 1.8599400619504112 0.0069871736643165603 1.9215461515173804 0.6704628574664534 0.46525299813531712 1.0000000180025095e-35 0.88973871502388413
decision_type=8 10 2 2 2 2 2 2 2 2 2 10 2 2
left_child=4 2 -2 -3 6 -5 7 -1 11 10 -10 13 -13 -9
right_child=1 3 -4 5 -6 -7 -8 8 9 -11 -12 12 -14 -15
leaf_value=-0.0054935681080264523 0.0080031255168025763 -0.0070188259517130827 -0.0044298007851833196 -0.0019373563825544242 0.0041911523097595878 0.0059561420350371505 -3.5842752007086681e-05 -0.01260175238762583 0.012346347461200571 -0.0061500484022227204 0.0017663111179832399 -0.0054798280993210418 0.0062371008504790611 -0.001939001942060629
leaf_weight=684 617 218 249 202 392 228 16807 205 259 226 249 219 246 254
leaf_count=684 617 218 249 202 392 228 16807 205 259 226 249 219 246 254
internal_value=1.30268e-06 0.00215558 0.00442339 -0.000885834 -0.000166115 0.00226839 -0.000256384 -0.00183562 -0.000314565 0.00309529 0.00722822 -0.00302534 0.000719215 -0.00678571
internal_weight=21055 1514 866 648 19541 430 19149 2342 1658 734 508 924 465 459
internal_count=21055 1514 866 648 19541 430 19149 2342 1658 734 508 924 465 459
is_linear=0
shrinkage=0.03


Tree=151
num_leaves=15
num_cat=0
split_feature=4 9 11 6 6 6 10 4 2 11 10 12 7 1
split_gain=9.49238 18.6926 18.5464 18.0394 21.2855 16.2775 13.3793 12.5505 14.4791 23.4812 23.4947 16.7851 12.5894 17.2465
threshold=0.1277770059043653 0.67378236522653734 2.0301482206006525 0.2046759367851271 0.54164828843165824 -0.053121525402632479 2.1153260785944625 0.11600877354321869 0.66666666666668628 -0.22148367934990829 2.1761325373908833 0.070228936952571167 -0.17859439421709974 1.3495947472194498
decision_type=2 2 2 10 10 10 2 2 2 2 2 10 10 2
left_child=1 -1 3 7 6 -4 -5 8 9 10 -3 -11 -10 -14
right_child=-2 2 5 4 -6 -7 -8 -9 12 11 -12 -13 13 -15
leaf_value=-0.0057205885597783274 -0.00045838597264703698 0.0034165408039746217 -0.010366224154310171 -0.0082844800691610626 0.0051905357803421464 0.0010825206245437769 0.0011430135732917693 0.0082217690650121123 0.0054044406074307749 0.0041287433333072401 -0.0085384783543736107 0.012226533939079805 -0.0055445693609819033 0.0024800075784087994
leaf_weight=346 15403 360 210 392 256 231 204 349 263 1503 244 270 531 434
leaf_count=346 15403 360 210 392 256 231 204 349 263 1503 244 270 531 434
internal_value=-7.40056e-05 0.000984034 0.00143118 0.00197252 -0.0019782 -0.00442436 -0.00507496 0.00282524 0.00229214 0.00365634 -0.00144342 0.00539282 -0.000352616 -0.00194141
internal_weight=20996 5593 5247 4806 852 441 596 3954 3605 2377 604 1773 1228 965
internal_count=20996 5593 5247 4806 852 441 596 3954 3605 2377 604 1773 1228 965
is_linear=0
shrinkage=0.03


Tree=152
num_leaves=15
num_cat=0
split_feature=4 11 11 1 10 10 9 1 4 1 11 10 9 8
split_gain=9.16461 18.0167 15.0072 13.4313 20.7523 19.6208 26.9615 19.7586 19.7089 16.1238 17.9303 27.0313 22.6898 17.3331
threshold=0.46288415232128138 -1.7387841258734216 2.6383237770399686 5.1186299983937609 3.121978978507443 2.0913661969862067 0.7310772963514145 2.9719546373849774 0.18386959726330113 0.41164057385130948 -0.30224409107051253 1.5335793047825883 0.74926524455790589 0.020978235408305599
decision_type=2 2 2 2 2 2 2 2 2 2 2 2 2 2
left_child=2 -2 3 4 5 9 8 -8 -7 -1 11 -11 -13 -12
right_child=1 -3 -4 -5 -6 6 7 -9 -10 10 13 12 -14 -15
leaf_value=0.0066072446948682254 -0.0084838571132139391 -0.0004513543522954348 -0.0061052675453971165 0.0074765498390277985 -0.0052636123764264672 0.0025079929450916687 0.0021888275698584109 -0.0060207675444784933 0.015091949439630275 0.0012005157963053369 -0.00056768634645849056 -0.012925981223078097 -0.0032539554220459188 0.0027553827078208239
leaf_weight=314 257 6185 291 255 519 210 3938 278 241 896 4325 290 861 2092
leaf_count=314 257 6185 291 255 519 210 3938 278 241 896 4325 290 861 2092
internal_value=0.00016313 -0.000778138 0.000581148 0.000720087 0.000594074 0.000822063 0.00239266 0.001641 0.00932421 -1.3863e-05 -0.000263251 -0.0027044 -0.00573624 0.000516966
internal_weight=20952 6442 14510 14219 13964 13445 4667 4216 451 8778 8464 2047 1151 6417
internal_count=20952 6442 14510 14219 13964 13445 4667 4216 451 8778 8464 2047 1151 6417
is_linear=0
shrinkage=0.03


Tree=153
num_leaves=15
num_cat=0
split_feature=12 4 4 10 10 11 5 11 7 12 11 11 3 3
split_gain=11.218 11.6553 25.8438 22.7356 21.0187 17.2166 15.0937 13.3231 12.8376 14.7316 12.4347 11.8166 21.4417 37.9255
threshold=-0.4118358622529556 0.1224610723161655 0.11600877354321869 1.5103759759254254 1.4090114752048404 0.73183089839635673 1.7567116622633834 2.2261464620677076 0.38979827651005533 -0.016182489362819904 2.321474483148632 1.5438952968538187 0.95238095238096088 0.92592592592593481
decision_type=10 2 2 2 2 2 2 2 10 10 2 2 2 2
left_child=-1 2 3 4 5 6 -2 11 -9 -10 -5 12 13 -3
right_child=1 7 -4 10 -6 -7 -8 8 9 -11 -12 -13 -14 -15
leaf_value=0.0068809193104232948 0.0028546852441613309 -0.00045151091064263272 0.010447772716606161 0.0022482339421515925 -0.0097518381632864474 0.0054601645786060051 -0.0060740123832062499 -0.0034424923104961636 -0.0010782768542193016 0.0069463225313219704 -0.0052781822939536403 -0.002897451244727043 0.0023148223820447628 -0.0067476540257664095
leaf_weight=200 252 9206 246 3415 295 287 506 251 313 590 205 2123 2057 945
leaf_count=200 252 9206 246 3415 295 287 506 251 313 590 205 2123 2057 945
internal_value=-0.000102445 -0.000171592 0.00105576 0.000579898 -0.00275193 -0.000738855 -0.00310638 -0.000584432 0.00250983 0.0041742 0.00181532 -0.000834386 -0.000474574 -0.00104068
internal_weight=20891 20691 5206 4960 1340 1045 758 15485 1154 903 3620 14331 12208 10151
internal_count=20891 20691 5206 4960 1340 1045 758 15485 1154 903 3620 14331 12208 10151
is_linear=0
shrinkage=0.03


Tree=154
num_leaves=15
num_cat=0
split_feature=0 9 9 9 0 10 2 2 9 6 6 4 4 11
split_gain=9.91646 43.3024 28.2859 11.2721 16.6349 9.52185 15.4857 19.5182 19.9358 14.6949 13.4398 15.7338 19.1124 12.8878
threshold=0.44858429706107633 0.75554137111382302 0.84086892695766846 1.021652047436995 0.42652377326975577 2.1080899357660239 0.84674476100776697 0.91428571428571381 0.95666949566220716 -0.31378178761435022 -0.23895780946020803 1.0337515654427667 0.83293959525794936 1.183303932163885
decision_type=2 2 2 2 2 2 2 2 2 8 8 2 2 2
left_child=1 -1 -3 4 -4 -2 9 8 -8 -7 13 12 -12 -11
right_child=5 2 3 -5 -6 6 7 -9 -10 10 11 -13 -14 -15
leaf_value=-0.0095390763144307528 -0.00060499298877137689 0.014180838799464607 -2.8651950936486473e-05 -0.0028272261736002045 0.011150118705647236 0.0051147021671601265 0.011574445053140826 -0.00076981196365069127 0.001218278362609496 -0.0096223119368001181 0.00020168348174749064 -0.005511450888658182 0.0082730467892902834 9.6260439138859516e-05
leaf_weight=207 12052 243 263 242 215 497 389 468 293 252 4929 399 274 235
leaf_count=207 12052 243 263 242 215 497 389 468 293 252 4929 399 274 235
internal_value=8.11359e-05 0.0027588 0.00543788 0.00240969 0.00506283 -7.78424e-05 0.000743272 0.00394741 0.00716649 0.000181218 -0.000225332 0.000192021 0.000634272 -0.00497933
internal_weight=20958 1170 963 720 478 19788 7736 1150 682 6586 6089 5602 5203 487
internal_count=20958 1170 963 720 478 19788 7736 1150 682 6586 6089 5602 5203 487
is_linear=0
shrinkage=0.03


Tree=155
num_leaves=15
num_cat=0
split_feature=8 5 10 6 10 3 8 6 0 4 11 3 8 8
split_gain=13.208 17.7147 19.7688 31.0435 26.7774 10.9124 9.41973 26.0355 18.1372 12.0469 21.1227 21.8076 21.7642 27.6231
threshold=0.067262545151208802 2.0570599676123971 2.1384511935825565 -0.058802541670051826 1.5103759759254254 0.79920376291195117 0.048287896163124198 0.264834092789828 0.6038104309958473 0.66198951672650563 2.1199402429647107 0.91666666666667296 0.032600767633249185 -0.012304443035066606
decision_type=2 2 2 8 2 2 2 8 2 2 2 2 2 2
left_child=6 -2 4 -4 -3 -6 9 8 -8 -1 11 12 13 -11
right_child=1 2 3 -5 5 -7 7 -9 -10 10 -12 -13 -14 -15
leaf_value=6.0962420791135399e-05 0.0088270727478631655 0.0054690452435841924 0.011630375840422974 -0.0012012572850533356 -0.0016574039399810134 -0.010374259738031254 -0.0022590436073156388 0.0056723144524436463 -0.010304285274197659 0.001895217244232045 0.004993636193320803 -0.0067089045424423652 0.0082152780119057103 -0.0059100985766788235
leaf_weight=14606 298 255 303 376 245 274 856 264 355 783 340 896 200 843
leaf_count=14606 298 255 303 376 245 274 856 264 355 783 340 896 200 843
internal_value=-0.000262303 0.00222794 0.000848875 0.00456795 -0.0024221 -0.00631445 -0.000490606 -0.00278968 -0.00465015 -0.000297935 -0.00200721 -0.00288923 -0.00100175 -0.00215716
internal_weight=20894 1751 1453 679 774 519 19143 1475 1211 17668 3062 2722 1826 1626
internal_count=20894 1751 1453 679 774 519 19143 1475 1211 17668 3062 2722 1826 1626
is_linear=0
shrinkage=0.03


Tree=156
num_leaves=15
num_cat=0
split_feature=2 3 7 1 0 8 0 5 3 5 3 8 10 1
split_gain=14.146 14.1377 14.4539 32.9513 12.7054 21.9989 17.9296 22.197 16.3179 17.5084 19.7245 35.0109 15.39 18.2324
threshold=0.45997032640949148 0.92307692307693123 1.3541821555786313 1.8110716877087005 0.58457246308593824 0.063171942025090869 0.5018934611426259 1.3047452121971646 0.63200000000000778 3.6981862741969125 0.81481481481480855 0.017005607698846778 0.93823683566025651 1.2316643092420678
decision_type=2 2 8 2 2 2 2 2 2 2 2 2 2 2
left_child=1 2 3 -1 6 -6 7 -2 -9 10 11 -10 -8 -14
right_child=4 -3 -4 -5 5 -7 12 8 9 -11 -12 -13 13 -15
leaf_value=-0.0008743009764120563 -0.010129723706910775 -0.0069855630575197704 0.00091242594794129026 -0.01073334735056216 -0.0012107013367251779 0.0043778214672326706 -0.0060263882832867748 -0.0077623959218284912 0.0077351543504033194 0.0086840776480468247 -0.0025880827524941367 -0.0066654072408105277 0.0039910714556667497 0.00098748315640650812
leaf_weight=1920 210 347 2333 358 4950 722 205 219 529 219 1176 208 3070 4464
leaf_count=1920 210 347 2333 358 4950 722 205 219 529 219 1176 208 3070 4464
internal_value=0.0002093 -0.00118978 -0.00074653 -0.00244382 0.000643838 -0.000496098 0.00127151 -0.000903008 -5.90952e-05 0.000748502 -0.000180232 0.00365342 0.00199123 0.00221324
internal_weight=20930 4958 4611 2278 15972 5672 10300 2561 2351 2132 1913 737 7739 7534
internal_count=20930 4958 4611 2278 15972 5672 10300 2561 2351 2132 1913 737 7739 7534
is_linear=0
shrinkage=0.03


Tree=157
num_leaves=15
num_cat=0
split_feature=7 13 2 4 11 5 13 2 4 12 12 8 11 11
split_gain=9.51063 26.3918 25.1894 19.8885 13.5879 20.4297 17.0058 14.5518 14.2235 15.8751 26.1575 13.9394 13.9153 20.1617
threshold=0.88312139976031234 7.5000000000000009 0.76119402985076035 0.014147192486541485 0.71107012349282661 1.7410169210506405 3.5000000000000004 0.17391304347826284 0.51378964933902882 0.0068306271676463757 -0.016812965540718313 0.050692039859211661 -0.094570204956171286 -0.84344613932521206
decision_type=10 2 2 2 2 2 2 2 2 8 10 2 2 2
left_child=-1 2 3 -2 5 12 7 -6 9 10 -7 -9 13 -5
right_child=1 -3 -4 4 6 8 -8 11 -10 -11 -12 -13 -14 -15
leaf_value=-0.00051445413591957173 0.0092036488543196428 -0.0093974420067764082 0.010776738258078693 0.0065137204961104537 -0.0048783824802799657 -0.0046329504275132733 0.0084734777946557302 0.0029504685965089481 0.0034204538478874243 -0.0076894311827803213 0.007785357286770378 -0.0025453882100138782 0.0087299633313374352 -0.0057225722372531889
leaf_weight=14762 241 212 235 222 325 562 303 2011 255 642 204 519 244 255
leaf_count=14762 241 212 235 222 325 562 303 2011 255 642 204 519 244 255
internal_value=-9.96489e-05 0.000882857 0.00125251 0.000856504 0.00048555 -0.00122268 0.001775 0.00105052 -0.00304885 -0.00422845 -0.00129668 0.00182026 0.00298141 -1.91996e-05
internal_weight=20992 6230 6018 5783 5542 2384 3158 2855 1663 1408 766 2530 721 477
internal_count=20992 6230 6018 5783 5542 2384 3158 2855 1663 1408 766 2530 721 477
is_linear=0
shrinkage=0.03


Tree=158
num_leaves=15
num_cat=0
split_feature=6 6 12 3 7 3 1 6 5 1 1 4 7 5
split_gain=7.14844 21.3911 35.5264 29.4855 29.3846 26.8649 20.9486 20.8443 15.3449 15.2784 13.8965 24.2564 20.9483 13.8598
threshold=-0.25042334719668147 -0.12971474771260597 -0.0088221020879286609 0.66666666666666619 0.9218725387188732 0.99285568483364839 0.80465378030804902 -0.36198782589730094 3.1941799739808343 1.7704011281122598 1.2718930743545183 0.24277932036854896 1.0368345103105068 3.9304699601247233
decision_type=8 8 10 2 10 2 2 10 2 2 2 2 10 2
left_child=6 2 10 4 -4 -5 -1 -8 -9 -10 11 -2 -12 -3
right_child=1 13 3 5 -6 -7 7 8 9 -11 12 -13 -14 -15
leaf_value=-0.0061872743576251218 -0.0029102729435782045 -0.00014898006313960406 0.019599738324611957 0.0014184794767959444 0.0055322248382696053 0.012611144462952742 0.0042290717392051034 -0.0038499033316328193 -0.0025532287614956749 0.0084644808972330933 -0.0074778992196004234 0.007083504099446007 0.0036688963229005987 0.0066760425015792739
leaf_weight=575 485 14022 208 1492 375 217 761 1040 231 214 491 390 215 268
leaf_count=575 485 14022 208 1492 375 217 761 1040 231 214 491 390 215 268
internal_value=0.000299294 0.000517559 0.0024936 0.00487598 0.0106752 0.00287231 -0.00110444 0.000207676 -0.0018604 0.00278035 -0.000964647 0.00155903 -0.00408141 -1.86907e-05
internal_weight=20984 18163 3873 2292 583 1709 2821 2246 1485 445 1581 875 706 14290
internal_count=20984 18163 3873 2292 583 1709 2821 2246 1485 445 1581 875 706 14290
is_linear=0
shrinkage=0.03


Tree=159
num_leaves=15
num_cat=0
split_feature=12 12 6 6 10 12 7 7 12 11 10 6 5 12
split_gain=11.4986 15.2178 11.3577 19.1092 11.5388 9.62602 11.2474 15.7067 10.2708 9.09821 22.3558 23.0353 18.0821 16.8294
threshold=0.12145825781479254 0.13125932158411088 0.12009798413779617 -0.20146588592961909 1.994965147649862 0.092862646190482803 1.1877056981351906 0.3841751161658658 0.084619990692447591 0.78308999270760526 1.361999618853893 -0.047254859841194367 1.9610136633998192 0.069161965077393375
decision_type=10 10 8 10 2 10 8 10 10 2 2 10 2 8
left_child=5 -2 3 -3 -5 8 7 -7 9 -1 11 -11 -12 -14
right_child=1 2 -4 4 -6 6 -8 -9 -10 10 12 -13 13 -15
leaf_value=-0.00034051925808874602 -0.009220702914429493 -0.0036924217462500145 -0.0040438644731230463 0.010026790965032778 0.00023956325375339361 0.006289715644180305 0.0094072689991263492 -0.0021941782355308533 -0.0045750531658311101 0.01056408912132336 0.0091787150335641433 0.00033802394947362327 -0.00019166938999101081 0.0061201130507720835
leaf_weight=10340 239 372 653 231 201 344 201 445 403 419 203 373 6204 400
leaf_count=10340 239 372 653 231 201 344 201 445 403 419 203 373 6204 400
internal_value=7.95864e-05 -0.00228518 -0.00111986 0.0012653 0.00552786 0.000287585 0.00316144 0.00152107 0.000131651 0.000238632 0.00102639 0.00578036 0.000469428 0.000194972
internal_weight=21028 1696 1457 804 432 19332 990 789 18342 17939 7599 792 6807 6604
internal_count=21028 1696 1457 804 432 19332 990 789 18342 17939 7599 792 6807 6604
is_linear=0
shrinkage=0.03


Tree=160
num_leaves=15
num_cat=0
split_feature=12 9 5 11 1 6 11 1 1 11 12 0 11 10
split_gain=13.8343 18.7258 31.186 13.518 18.2862 20.7618 8.88356 21.0298 22.9274 26.2339 14.6792 15.4808 14.335 22.1774
threshold=-0.10832486910162641 0.71543609911461081 1.9182629744759068 1.0000000180025095e-35 1.1607605384994875 0.021853480616679802 1.5438952968538187 1.9965442932964843 4.7522478283833935 2.1955118785060419 0.049332839244384037 0.55856612375009507 0.87512193271822247 1.1474940530530755
decision_type=10 2 2 2 2 8 2 2 2 2 10 2 2 2
left_child=1 -1 -3 -4 5 -5 12 -8 9 10 11 -9 -2 -14
right_child=6 2 3 4 -6 -7 7 8 -10 -11 -12 -13 13 -15
leaf_value=-0.0056021612950346682 -0.00060635834398986544 0.011002769999146142 -0.0038380332436432252 -0.00012350524507033137 -0.00081572611251326857 0.012455534784400717 -0.0032143569136136121 0.0017355216285213828 -0.0069347322597168391 0.0092140631601572605 0.0060318088698609971 -0.0094283636357476355 0.0098529113865971785 0.0008947028541975941
leaf_weight=237 11218 368 350 203 544 277 2626 235 235 411 209 206 263 3481
leaf_count=237 11218 368 350 203 544 277 2626 235 235 411 209 206 263 3481
internal_value=-0.000152924 0.00223021 0.0033088 0.00121569 0.00295329 0.00718922 -0.000403195 -0.00167311 0.00145016 0.00333114 -0.000430614 -0.00352659 -6.98634e-05 0.00153628
internal_weight=20863 1979 1742 1374 1024 480 18884 3922 1296 1061 650 441 14962 3744
internal_count=20863 1979 1742 1374 1024 480 18884 3922 1296 1061 650 441 14962 3744
is_linear=0
shrinkage=0.03


Tree=161
num_leaves=15
num_cat=0
split_feature=12 6 12 7 4 11 12 3 6 2 3 3 4 6
split_gain=13.169 16.5186 15.1827 14.3694 14.1128 15.8566 12.9039 18.1822 30.4816 15.4304 17.8221 13.2843 11.6169 11.3219
threshold=-0.053698671883536324 -0.14821878288611026 -0.071202509633816399 0.90609961793899829 0.2733971970074956 0.48965068552576829 -0.1141488513400442 0.91152144315860606 -0.063270615654055881 0.6417910447761247 0.65844345910854385 0.73647429017464627 0.14824987096418121 -0.52629118259090746
decision_type=8 8 10 10 2 2 10 2 10 2 2 2 2 10
left_child=1 4 6 -4 12 -6 11 8 -8 10 -10 -3 -1 -2
right_child=13 2 3 -5 5 -7 7 -9 9 -11 -12 -13 -14 -15
leaf_value=-0.0038401805927182672 -0.0034640192582967842 -0.0056899616649414703 -0.0059957297929582572 0.0027096233392235624 0.0032906244791125598 -0.0056947386432058952 0.015459565619916417 -0.0026038597933835494 -0.00056064421499984844 -0.0040422201340374921 0.011936914450847186 0.0011651441529252041 -0.011969723848023396 0.00067854360106846538
leaf_weight=396 612 376 602 234 360 338 210 326 202 218 203 762 267 15826
leaf_count=396 612 376 602 234 360 338 210 326 202 218 203 762 267 15826
internal_value=0.000129825 -0.00130842 -0.000107928 -0.00355744 -0.00406142 -0.00107001 0.00115253 0.003374 0.00571506 0.00233346 0.00577274 -0.00111479 -0.00717916 0.000523306
internal_weight=20932 4494 3133 836 1361 698 2297 1159 833 623 405 1138 663 16438
internal_count=20932 4494 3133 836 1361 698 2297 1159 833 623 405 1138 663 16438
is_linear=0
shrinkage=0.03


Tree=162
num_leaves=15
num_cat=0
split_feature=4 4 7 5 2 4 11 9 13 11 9 2 11 6
split_gain=7.67062 13.4789 16.5245 16.0777 26.8689 12.2544 20.724 17.387 13.4096 15.9083 28.7165 13.9712 22.6481 12.81
threshold=0.08731582215171009 0.1224610723161655 1.6365366983310492 3.068432775641321 0.60086567666851831 0.064332162176393981 0.6400443065296737 0.67378236522653734 1.0000000180025095e-35 -0.82285475889936754 0.7901955414241677 0.65116279069767513 0.79683875522901271 -0.22654473897697233
decision_type=2 2 8 2 2 2 2 2 2 2 2 2 2 8
left_child=5 2 3 4 -2 7 -7 -1 13 -10 -11 12 -12 -9
right_child=1 -3 -4 -5 -6 6 -8 8 9 10 11 -13 -14 -15
leaf_value=-0.0087197668712313565 0.0070291012479215143 -6.0816668505758097e-05 -0.0047345372165535698 0.0091330077751682927 -0.0040508816704833157 -0.00024824703212386818 -0.0089209672131886093 -0.0077892731675505639 -0.0044906336818982305 0.014173840770068075 -0.001871366078654925 -0.0033999123738764165 0.010644646500894691 -0.00033397588521885181
leaf_weight=200 413 15642 207 411 368 553 445 245 227 203 247 303 267 1221
leaf_count=200 413 15642 207 411 368 553 445 245 227 203 247 303 267 1221
internal_value=-8.31783e-05 0.000191904 0.00300769 0.00436635 0.00181576 -0.00128048 -0.00414054 -0.000295204 0.000340745 0.00262214 0.00421926 0.00167468 0.00467006 -0.00160216
internal_weight=20952 17041 1399 1192 781 3911 998 2913 2713 1247 1020 817 514 1466
internal_count=20952 17041 1399 1192 781 3911 998 2913 2713 1247 1020 817 514 1466
is_linear=0
shrinkage=0.03


Tree=163
num_leaves=15
num_cat=0
split_feature=7 7 11 13 11 6 7 4 4 13 12 10 13 10
split_gain=9.08328 16.2144 11.5386 8.09104 7.54866 21.7828 21.787 18.146 17.2332 16.683 16.2312 15.6763 32.4777 21.1331
threshold=2.0855330888169537 1.8725203722976318 1.0038529757930144 -1.0000000180025095e-35 0.077036342945250233 2.1588470994053979 1.2822117072433465 0.97305679552719915 0.51378964933902882 6.5000000000000009 0.066483695974574056 1.6300818514244766 4.5000000000000009 1.6692269655890315
decision_type=10 10 2 2 2 8 8 2 2 2 10 2 2 2
left_child=1 3 -2 -1 5 6 7 8 9 -5 -10 12 -6 -13
right_child=2 -3 -4 4 11 -7 -8 -9 10 -11 -12 13 -14 -15
leaf_value=0.0049597783006921211 0.0007579320659860968 0.0068401046381755311 -0.0072233035498564793 -0.00074048338779148675 0.0012584244770854354 -0.0097727008497920514 -0.0062188356873376406 -0.0057988884841391058 0.0020340367610838829 0.0069718849722907612 0.01100090919621494 -0.0072563118839824225 0.011250804990798608 9.8696479377126622e-05
leaf_weight=303 315 325 331 4342 3584 227 532 434 928 263 222 362 314 8372
leaf_count=303 315 325 331 4342 3584 227 532 434 928 263 222 362 314 8372
internal_value=0.000132394 0.000244699 -0.00335559 0.000135201 5.92933e-05 -0.000734639 -0.000422343 8.05351e-05 0.000528567 -0.000292932 0.00380516 0.000496099 0.00207673 -0.000210125
internal_weight=20854 20208 646 19883 19580 6948 6721 6189 5755 4605 1150 12632 3898 8734
internal_count=20854 20208 646 19883 19580 6948 6721 6189 5755 4605 1150 12632 3898 8734
is_linear=0
shrinkage=0.03


Tree=164
num_leaves=15
num_cat=0
split_feature=9 6 5 6 6 5 8 5 5 0 11 7 1 11
split_gain=7.80878 34.5357 15.2486 14.5577 14.5027 23.7584 16.6139 16.009 13.429 18.5679 29.3733 24.7623 22.0638 41.2494
threshold=1.1817171037818721 -0.22654473897697233 2.9465869084401324 -0.055319742542657861 -0.21248714023358536 1.9477914137345762 -0.012764792552994694 3.4417380698400009 2.0349590145652838 0.54363019776450439 -0.9225346141042442 1.0088152520514022 1.1470535877845658 0.045427580969290997
decision_type=2 8 2 10 8 2 2 2 2 2 2 8 2 2
left_child=4 -2 -3 -4 5 -1 7 -7 9 10 -6 -11 13 -12
right_child=1 2 3 -5 8 6 -8 -9 -10 11 12 -13 -14 -15
leaf_value=-0.0061509810256775311 0.012144228912682997 -0.0023694456441590754 0.0081284503573956692 0.00018759184808004646 0.0062088112466654197 0.0049826611382084961 -0.0019054414833831878 -0.0044670712955079033 7.7084366106746152e-05 0.0024851319263572481 -0.0056485148885893448 0.010966819349398953 -0.0068137577691320637 0.0089644861665571698
leaf_weight=778 265 810 340 523 466 750 1829 201 11675 1790 373 371 585 317
leaf_count=778 265 810 340 523 466 750 1829 201 11675 1790 373 371 585 317
internal_value=0.000375863 0.00218796 0.000579419 0.00334489 0.00019181 -0.00153497 -0.00023443 0.00297248 0.000586596 0.00210903 -0.000197217 0.00396322 -0.00255366 0.00108119
internal_weight=21073 1938 1673 863 19135 3558 2780 951 15577 3902 1741 2161 1275 690
internal_count=21073 1938 1673 863 19135 3558 2780 951 15577 3902 1741 2161 1275 690
is_linear=0
shrinkage=0.03


Tree=165
num_leaves=15
num_cat=0
split_feature=2 12 13 12 8 8 11 12 13 6 12 12 9 6
split_gain=11.3838 29.7912 44.8315 27.7773 24.2844 21.5517 19.2495 23.6549 13.7907 16.9023 13.5563 24.0003 24.8185 19.9549
threshold=0.84482758620688025 -0.0094971514006259011 4.5000000000000009 -0.026801102629481929 -0.043941833062671423 -0.0085318813702644873 0.47805216825906577 0.035546958540403746 7.5000000000000009 -0.020286147990552669 0.038009883091110815 0.047710800076056999 1.2265277369732772 -0.15518223959439689
decision_type=2 10 2 10 2 2 2 10 2 10 8 8 2 8
left_child=8 3 4 -2 -3 -6 7 -7 10 -10 -1 13 -13 -12
right_child=1 2 -4 -5 5 6 -8 -9 9 -11 11 12 -14 -15
leaf_value=0.00056495925804463869 0.00072826726850583844 0.0099055383134408273 0.014808951497473985 -0.0094296404368633142 -0.0053777043490823529 -0.00012233376502990723 -0.0015747662942131721 0.013281213856020638 -0.0081281335507757471 0.0020475884096382499 0.0010379517624347374 -0.0010263026852526563 0.0080080150650201805 -0.0096629405559826922
leaf_weight=11735 1036 293 296 311 397 219 437 253 406 226 227 4358 287 496
leaf_count=11735 1036 293 296 311 397 219 437 253 406 226 227 4358 287 496
internal_value=0.000131264 0.00176439 0.00418453 -0.00164322 0.00217775 0.000412865 0.00295744 0.0071261 -0.000167689 -0.00450184 -6.26169e-06 -0.00125437 -0.00046009 -0.00631913
internal_weight=20977 3242 1895 1347 1599 1306 909 472 17735 632 17103 5368 4645 723
internal_count=20977 3242 1895 1347 1599 1306 909 472 17735 632 17103 5368 4645 723
is_linear=0
shrinkage=0.03


Tree=166
num_leaves=15
num_cat=0
split_feature=9 5 6 5 6 2 13 2 7 2 6 5 7 2
split_gain=13.787 17.9882 17.1572 16.9917 16.8958 19.1498 18.5009 14.3732 18.4716 13.0855 41.3815 18.211 19.2802 16.4824
threshold=1.0661586391822011 3.0947294484760239 0.81806866358926189 2.6692419977723554 -0.16656830028313238 0.66307254126947079 1.0000000180025095e-35 0.72222222222222543 0.82524089904248166 0.91428571428571381 -1.0000000180025095e-35 2.1928712807754622 0.0088200391017764241 0.90000000000001845
decision_type=2 2 10 2 10 2 2 2 8 2 10 2 10 2
left_child=2 -2 9 -4 5 -3 -6 8 -8 13 11 -11 -13 -1
right_child=1 4 3 -5 6 -7 7 -9 -10 10 -12 12 -14 -15
leaf_value=0.00041667712298424774 -0.0032671792203076201 -8.0739302902805567e-05 0.012006422585967045 0.00033849303655753048 0.0029471154962514663 0.012200517350927404 0.0051272048481779409 -0.010455626868171183 -0.0074286118969677734 -0.00043818838596343992 0.0041664384501908939 -0.0046977106459406828 -0.017219358052810031 0.0080779147369729101
leaf_weight=15315 2222 240 223 222 563 213 208 227 204 220 453 228 220 252
leaf_count=15315 2222 240 223 222 563 213 208 227 204 220 453 228 220 252
internal_value=0.000107839 -0.00150652 0.000473482 0.00625401 0.000860062 0.00576404 -0.00100433 -0.00448166 -0.00110428 0.000317512 -0.00280576 -0.00752974 -0.0109689 0.000543252
internal_weight=21010 3877 17133 445 1655 453 1202 639 412 16688 1121 668 448 15567
internal_count=21010 3877 17133 445 1655 453 1202 639 412 16688 1121 668 448 15567
is_linear=0
shrinkage=0.03


Tree=167
num_leaves=15
num_cat=0
split_feature=2 9 8 12 5 12 11 1 3 12 2 3 0 8
split_gain=7.70339 8.87656 26.2831 9.86109 16.4397 11.1802 18.1727 9.51306 17.3312 16.6637 16.4162 16.5686 16.3072 20.5573
threshold=0.12499999999998584 0.63579297839709581 0.026903089749298125 0.18134696496238903 2.8495249997759799 0.13484352211148928 0.40349032035469917 0.83704808788293705 0.95999999999998453 0.029631988581042882 0.87499999999996481 0.96949387755101812 0.63239674422698278 -0.0045643717807223949
decision_type=2 2 2 10 2 10 2 2 2 8 2 2 2 2
left_child=-1 2 -2 5 -5 7 -7 9 -9 12 11 -10 13 -3
right_child=1 3 -4 4 -6 6 -8 8 10 -11 -12 -13 -14 -15
leaf_value=-0.0037682938210359261 -0.00041360626912957438 0.00057171496562659742 0.0121102769847161 0.00049059959148967656 -0.0090265074564162707 0.0096750054711147258 -0.00071216226657691019 -0.0010098204200043178 0.012008617721122064 -0.0020406498722700603 -0.0011056656835997847 0.0026412446292554269 -0.0033915114359205551 0.0057694081162491173
leaf_weight=523 534 1489 205 359 294 267 341 12254 213 1179 783 792 414 1265
leaf_count=523 534 1489 205 359 294 267 341 12254 213 1179 783 792 414 1265
internal_value=-0.000190667 -9.79952e-05 0.00311858 -0.000219727 -0.00383032 -9.46422e-05 0.00389102 -0.000227443 -0.000607084 0.000998189 0.00214818 0.00467619 0.00213055 0.00296531
internal_weight=20912 20389 739 19650 653 18997 608 18389 14042 4347 1788 1005 3168 2754
internal_count=20912 20389 739 19650 653 18997 608 18389 14042 4347 1788 1005 3168 2754
is_linear=0
shrinkage=0.03


Tree=168
num_leaves=15
num_cat=0
split_feature=1 6 1 12 7 3 7 6 11 4 1 5 5 12
split_gain=11.8962 11.0458 18.401 16.3462 25.5545 18.5993 23.2543 21.6581 19.618 14.8885 9.65943 25.3597 18.0572 18.6831
threshold=9.3266302597200603 -0.26074686514629319 0.61175661956095861 -0.049180839786544354 0.61616819675397505 0.64285714285713735 0.28793351122131389 -0.34531403974090241 1.371924082370904 0.216827396460053 1.3495947472194498 1.1771967858550545 1.5054029067687227 -0.098081861437080628
decision_type=2 8 2 10 10 2 10 10 2 2 2 2 2 8
left_child=1 2 -1 4 -4 -5 7 -7 9 -8 11 -3 -12 -14
right_child=-2 10 3 5 -6 6 8 -9 -10 -11 12 -13 13 -15
leaf_value=-0.010167431128621101 0.0061286874404177065 -0.0050164203755862051 -0.010955683057328009 0.0062031462338081617 0.00095417885397304622 0.010657600878028693 -0.0012991011142730712 -0.0020870182751833726 0.002916342372813358 -0.01088359633829388 0.0030906071963360316 0.00079089835539539221 -0.0063118781242239097 -0.0010520052249016298
leaf_weight=245 235 729 356 339 293 213 234 264 227 389 852 8676 659 7229
leaf_count=245 235 729 356 339 293 213 234 264 227 389 852 8676 659 7229
internal_value=-0.000512616 -0.000589455 -0.00243225 -0.00159347 -0.00561262 -1.56788e-05 -0.00162168 0.0036555 -0.00458717 -0.00732265 -0.000328865 0.000338335 -0.00104661 -0.00149516
internal_weight=20940 20705 2560 2315 649 1666 1327 477 850 623 18145 9405 8740 7888
internal_count=20940 20705 2560 2315 649 1666 1327 477 850 623 18145 9405 8740 7888
is_linear=0
shrinkage=0.03


Tree=169
num_leaves=15
num_cat=0
split_feature=10 6 6 9 0 3 8 6 3 6 11 10 3 8
split_gain=7.45846 24.4379 7.0608 18.7168 18.4636 15.8439 16.2502 29.1565 26.6673 13.6536 37.4784 45.9577 42.2624 17.2048
threshold=0.93823683566025651 -0.12313947211587366 -0.17348021046108655 1.16833933197545 0.67052101665915542 0.64487516201650996 -0.029665020003996644 -0.32414804313596235 0.85365853658536606 -0.12971474771260597 0.45118046517254412 1.7634283057903428 0.73333333333333639 -0.028052806340377576
decision_type=2 10 8 2 2 2 2 10 2 8 2 2 2 2
left_child=1 -1 3 4 5 -2 7 -7 -9 10 13 -12 -13 -4
right_child=2 -3 9 -5 -6 6 -8 8 -10 -11 11 12 -14 -15
leaf_value=0.004820440388642825 0.001425556449646909 -0.0079825813259185099 -0.0092212442375438387 0.0048223246066916095 0.0056182713034160963 0.010103707505810645 -0.0041858152887085456 -0.0096092562610452827 0.0030584930562864319 -2.8255746349286521e-05 0.016849992405243066 0.012471582702752473 -0.0049716989682468621 0.00096903888394336889
leaf_weight=203 906 376 207 444 294 212 2595 270 324 13925 289 202 311 500
leaf_count=203 906 376 207 444 294 212 2595 270 324 13925 289 202 311 500
internal_value=-0.000147963 -0.00349095 -5.26182e-05 -0.00102637 -0.00159539 -0.00209375 -0.00303198 0.000685824 -0.00273172 0.000265906 0.00297155 0.0073909 0.00195089 -0.00205834
internal_weight=21058 579 20479 5045 4601 4307 3401 806 594 15434 1509 802 513 707
internal_count=21058 579 20479 5045 4601 4307 3401 806 594 15434 1509 802 513 707
is_linear=0
shrinkage=0.03


Tree=170
num_leaves=15
num_cat=0
split_feature=11 3 3 11 9 4 2 1 6 2 6 1 9 12
split_gain=7.7035 14.0075 16.8666 24.7666 26.2591 15.7715 14.8637 13.4739 23.8285 15.6621 14.8322 14.3762 12.0202 11.8921
threshold=1.4020702583095173 0.54621499762695735 0.93667398960838832 2.1955118785060419 0.8911236972803126 0.045310378648085056 0.36363636363637608 1.1113717794873905 -0.12509366848736689 0.78787878787878662 0.040210048678447026 3.2574220630393524 1.0058278653914521 -0.0024188224948953336
decision_type=2 2 2 2 2 2 2 2 10 2 8 2 2 8
left_child=-1 6 5 4 -4 -3 -2 10 13 11 12 -10 -7 -9
right_child=1 2 3 -5 -6 7 -8 8 9 -11 -12 -13 -14 -15
leaf_value=0.00018680657546582801 -0.0016182955022399094 0.0075028069937750404 -0.013948564219148191 0.0041872095362802519 -0.0014156309118107805 -0.0028632460011446727 -0.010146789821116506 0.0010072799020192839 -0.00089524672878678975 0.0062178486234804979 0.0018613445292894461 -0.0092636776010019579 -0.011725858920142411 0.0085556091045339913
leaf_weight=15910 492 258 287 221 313 418 291 325 1020 218 348 221 204 445
leaf_count=15910 492 258 287 221 313 418 291 325 1020 218 348 221 204 445
internal_value=-0.000137554 -0.00115641 -0.000478781 -0.00433032 -0.00747628 0.00044085 -0.00483216 -0.000139518 0.00114494 -0.00110973 -0.00308185 -0.00241671 -0.00584028 0.00539668
internal_weight=20971 5061 4278 821 600 3457 783 3199 2229 1459 970 1241 622 770
internal_count=20971 5061 4278 821 600 3457 783 3199 2229 1459 970 1241 622 770
is_linear=0
shrinkage=0.03


Tree=171
num_leaves=15
num_cat=0
split_feature=6 7 6 11 5 6 3 9 9 7 6 6 9 7
split_gain=8.10734 7.96556 17.2324 29.8355 18.6288 17.23 18.9114 15.4652 18.7518 23.3522 45.6835 17.805 16.2211 22.3204
threshold=0.9608550851892258 0.23353201770793039 -0.075409185494651462 -1.4820852662300712 0.8415013603716025 0.086194638724662612 0.98406349206348331 1.1241639453270984 0.9962925413320044 0.089413581242177964 -0.1276580873898123 -0.053121525402632479 0.91675789150473108 -0.10521192542698893
decision_type=10 10 8 2 2 10 2 2 2 8 10 8 2 10
left_child=1 5 -3 -4 -5 7 -7 8 12 10 -10 -9 -1 -14
right_child=-2 2 3 4 -6 6 -8 11 9 -11 -12 -13 13 -15
leaf_value=-0.0025713933304195411 0.0044604238438239298 0.0017434864062250549 0.0074445935457307768 -0.009460140000942141 -0.00050866752753274001 0.00054524023592693652 0.009724581913333856 0.0068884361961058212 -0.01207981028322932 -0.015072452361922934 0.007004922699286706 -0.0041802334826348759 -0.0043487954111594077 0.0066486234539782241
leaf_weight=2511 397 6156 416 210 7849 1340 233 359 232 212 211 200 260 442
leaf_count=2511 397 6156 416 210 7849 1340 233 359 232 212 211 200 260 442
internal_value=0.000240927 0.000158671 0.000536129 -0.000341372 -0.000747644 -0.000761441 0.00193143 -0.00171937 -0.00239367 -0.00700087 -0.00301306 0.00292632 -0.00144503 0.00257356
internal_weight=21028 20631 14631 8475 8059 6000 1573 4427 3868 655 443 559 3213 702
internal_count=21028 20631 14631 8475 8059 6000 1573 4427 3868 655 443 559 3213 702
is_linear=0
shrinkage=0.03


Tree=172
num_leaves=15
num_cat=0
split_feature=0 9 9 0 6 0 5 6 3 6 13 10 6 5
split_gain=7.60247 20.5495 38.0066 16.389 11.9689 10.6472 13.3764 9.94053 24.0104 40.7465 22.5554 31.6285 18.2754 16.8867
threshold=0.44858429706107633 0.75772627210650534 0.84086892695766846 0.43532043456083686 -0.057022928058371884 0.470511478496421 2.6859596454087042 -0.12971474771260597 0.64487516201650996 -0.20146588592961909 5.5000000000000009 2.2204683099477482 -0.13927167955910388 0.74726176574684555
decision_type=2 2 2 2 8 2 2 10 2 10 2 2 10 2
left_child=1 -1 -3 4 -4 6 -2 8 9 -7 13 -12 -10 -9
right_child=5 2 3 -5 -6 7 -8 10 12 -11 11 -13 -14 -15
leaf_value=-0.0063876708339307905 -0.00742595783591821 0.014416868101136805 0.0019812858161395012 0.0074288824916637821 -0.0070732507420082878 0.00032919791121075213 0.00011472441373850821 0.0055995514341022658 -0.0006369225688604963 0.011355700902243667 0.0085111656347518546 -0.0025804055782517564 0.007832615568302571 -0.0013713652493209699
leaf_weight=209 428 229 271 213 247 846 414 317 5137 464 524 408 235 11066
leaf_count=209 428 229 271 213 247 846 414 317 5137 464 524 408 235 11066
internal_value=-0.000309751 0.00203616 0.0038937 0.000521565 -0.00236257 -0.000448461 -0.00373952 -0.000301647 0.000629691 0.0042631 -0.000807032 0.00366777 -0.000259481 -0.00117486
internal_weight=21008 1169 960 731 518 19839 842 18997 6682 1310 12315 932 5372 11383
internal_count=21008 1169 960 731 518 19839 842 18997 6682 1310 12315 932 5372 11383
is_linear=0
shrinkage=0.03


Tree=173
num_leaves=15
num_cat=0
split_feature=5 12 0 5 9 9 12 0 3 0 9 5 12 3
split_gain=10.349 16.0938 8.95423 17.9351 13.447 28.0442 20.5208 31.9772 20.4846 11.074 16.2895 10.0421 19.6616 20.657
threshold=0.62617816546345628 -0.0082589293360929555 0.470511478496421 3.6643114254878459 0.75554137111382302 0.81972201614884932 0.058215435400136357 0.44858429706107633 0.69779546138009252 0.49055859351249914 0.81120234647460265 2.4371755700989914 -0.076214481751184102 0.66666666666666619
decision_type=2 8 2 2 2 2 10 2 2 2 2 2 10 2
left_child=1 -1 3 4 -2 -6 7 8 -7 10 -4 12 -11 -14
right_child=2 -3 9 -5 5 6 -8 -9 -10 11 -12 -13 13 -15
leaf_value=0.0013817135665727697 -0.0083231779765337698 -0.010435099375756429 -0.0020688212424984777 0.0065611968939908996 0.0075206044833449753 0.0063894756938020388 0.0051877908329524608 -0.01176135866663551 -0.0051080348072395912 0.0049690686028921053 0.00539087525223727 -0.00039580177127932387 0.0037461903869965606 -0.00060161766077193644
leaf_weight=202 315 206 377 203 250 220 201 396 362 993 853 10824 1271 4286
leaf_count=202 315 206 377 203 250 220 201 396 362 993 853 10824 1271 4286
internal_value=6.32184e-05 -0.00463872 0.000157672 -0.00177539 -0.00276175 -0.00151108 -0.00344986 -0.00524244 -0.000744492 0.000360399 0.00310533 0.000165233 0.00109195 0.000395289
internal_weight=20959 408 20551 1947 1744 1429 1179 978 582 18604 1230 17374 6550 5557
internal_count=20959 408 20551 1947 1744 1429 1179 978 582 18604 1230 17374 6550 5557
is_linear=0
shrinkage=0.03


Tree=174
num_leaves=15
num_cat=0
split_feature=12 11 5 6 5 4 6 8 8 4 4 4 6 8
split_gain=8.61124 17.702 22.836 14.5889 14.7189 17.5811 13.9984 12.0054 10.2926 18.3498 10.8552 17.3699 14.3718 34.2712
threshold=0.10828566254481715 0.36566896908336793 2.38933239873151 -0.29843107125268359 3.1380316921939237 0.45852499050576595 -0.42581039638076174 0.010430133622077167 0.094334852204968248 0.40240850158833102 0.65504730956719992 0.87267444488618828 0.87477941203344101 -0.025376105068218913
decision_type=10 2 2 10 2 2 8 2 2 2 2 2 8 2
left_child=6 2 -2 -3 5 -5 -1 -6 10 -10 12 -12 -8 -14
right_child=1 3 -4 4 7 -7 8 -9 9 -11 11 -13 13 -15
leaf_value=0.0059379371705168453 -0.002457437369999268 -0.010488127428001927 0.0074233790803535848 0.0045625031875492113 -0.011919875869599099 -0.0063553961538351496 0.00021056787382155355 -0.0017733553150137758 -0.0079832119323194964 0.0025675345121360404 -0.003846674108015008 0.00056097225151865537 -0.0058075208969093394 0.0085686540692668962
leaf_weight=353 551 261 334 362 203 203 14034 216 373 241 1503 1723 204 523
leaf_count=353 551 261 334 362 203 203 14034 216 373 241 1503 1723 204 523
internal_value=-0.000141468 -0.00194772 0.00129235 -0.00424686 -0.00254674 0.00061845 6.19735e-05 -0.00677181 -5.11032e-05 -0.00385467 7.97696e-05 -0.00149533 0.000424397 0.00452251
internal_weight=21084 2130 885 1245 984 565 18954 419 18601 614 17987 3226 14761 727
internal_count=21084 2130 885 1245 984 565 18954 419 18601 614 17987 3226 14761 727
is_linear=0
shrinkage=0.03


Tree=175
num_leaves=15
num_cat=0
split_feature=6 10 4 5 8 8 2 2 10 12 12 3 6 2
split_gain=13.2853 24.3008 20.6242 14.1201 31.0154 18.7188 10.6507 11.1138 13.5917 10.4203 14.5778 7.7654 22.133 10.6694
threshold=0.46984535796341537 2.6013846738885102 0.079387516124482541 1.9965979897698578 0.018411198736508049 -0.012764792552994694 0.93749999999995448 0.12499999999998584 1.9832417856540898 0.0037206811968631963 -0.036487795992056975 0.44000000000000727 -0.087981452333958807 0.45348837209301029
decision_type=10 2 2 2 2 2 2 2 2 10 8 2 8 2
left_child=6 2 -2 -4 5 -5 7 8 -1 10 -8 12 -9 -13
right_child=1 -3 3 4 -6 -7 9 11 -10 -11 -12 13 -14 -15
leaf_value=-0.0094573666300715453 -0.0038393706997235616 -0.005634376240177796 0.011872564366397758 0.0048234539912552785 0.012468206558995035 -0.0066635205664307522 -0.0013652975876779015 0.0086641807823308863 0.00047600141719100975 -0.00010107014527501061 -0.01241553538937888 -0.0016055722006775152 -0.0012978928941784398 0.00031834567481834838
leaf_weight=241 220 255 283 282 254 225 224 345 249 425 204 3172 468 14138
leaf_count=241 220 255 283 282 254 225 224 345 249 425 204 3172 468 14138
internal_value=3.9778e-05 0.0027372 0.00444163 0.00619665 0.00402218 -0.000289606 -0.00017136 -2.07105e-05 -0.00445577 -0.00343935 -0.00671478 0.000100398 0.00295667 -3.45677e-05
internal_weight=20985 1519 1264 1044 761 507 19466 18613 490 853 428 18123 813 17310
internal_count=20985 1519 1264 1044 761 507 19466 18613 490 853 428 18123 813 17310
is_linear=0
shrinkage=0.03


Tree=176
num_leaves=15
num_cat=0
split_feature=0 9 9 12 0 10 10 4 9 0 10 1 6 10
split_gain=11.5232 28.6455 47.2828 18.1879 10.5423 22.6498 9.97118 9.34295 14.8739 10.8164 8.53926 23.5577 20.1427 15.0885
threshold=0.4513723681023008 0.75554137111382302 0.84086892695766846 -0.022812690538997923 0.470511478496421 2.3253715182780579 1.7103680307777309 0.012632505561636401 0.88623357177191719 0.47546475646186537 1.1104156173436344 0.65430703629899423 -0.13696565509843892 0.99841564774972213
decision_type=2 2 2 10 2 2 2 2 2 2 2 2 10 2
left_child=1 -1 -3 -4 5 6 -2 8 -6 -9 11 -11 -13 -14
right_child=4 2 3 -5 7 -7 -8 9 -10 10 -12 12 13 -15
leaf_value=-0.0067669878613490324 -0.002685599930071253 0.015654603522270917 -0.0046533963475924199 0.0047659933771337232 0.008765216307458381 0.0039052059581457092 -0.011105670907782566 0.0060830919067432852 -0.0014488174456862672 -0.0063149592134680958 -0.00046900434771777609 0.0094812257675678316 -0.0030669434780403394 0.0057441602264232229
leaf_weight=229 240 265 301 460 264 237 273 238 243 243 16972 377 384 313
leaf_count=229 240 265 301 460 264 237 273 238 243 243 16972 377 384 313
internal_value=-5.51707e-05 0.0027266 0.00486808 0.00103427 -0.000232277 -0.00370899 -0.0072304 -9.43452e-05 0.00390339 -0.000204769 -0.000288235 0.00203428 0.00394386 0.000902567
internal_weight=21039 1255 1026 761 19784 750 513 19034 507 18527 18289 1317 1074 697
internal_count=21039 1255 1026 761 19784 750 513 19034 507 18527 18289 1317 1074 697
is_linear=0
shrinkage=0.03


Tree=177
num_leaves=15
num_cat=0
split_feature=13 4 3 10 9 9 0 10 10 2 5 5 1 4
split_gain=20.7175 21.1041 18.8019 27.8097 23.9448 16.6575 27.0887 19.8467 17.0289 18.0986 19.3599 24.3835 17.3771 13.8005
threshold=1.5000000000000002 0.018094913008846244 0.81818181818181679 1.2774279567243341 0.88127332822501381 0.98499678396553703 0.59893435905750692 1.2327570627907285 2.3609181741652883 0.91734867460520098 1.7893775226424367 2.2027166729071426 1.3908866694570075 0.35176764689335821
decision_type=2 2 2 2 2 2 2 2 2 2 2 2 2 2
left_child=-1 -2 3 -3 -5 7 -7 -4 9 10 -9 -12 -13 -10
right_child=1 2 5 4 -6 6 -8 8 13 -11 11 12 -14 -15
leaf_value=-0.00065656510658087587 0.010723049792519026 0.0070297191080141369 -0.0032360463049202867 -0.0049546975359946958 0.00056164340212109122 -0.0029553597722573786 0.0086176105588674536 -0.00027072442703492654 0.0059144838351984415 -0.001244906958192587 0.018733466087318049 0.0026740564842112615 0.010775380443172021 -0.0033803518081148122
leaf_weight=13800 204 380 306 1137 1862 868 225 228 240 235 200 428 545 343
leaf_count=13800 204 380 306 1137 1862 868 225 228 240 235 200 428 545 343
internal_value=2.40469e-05 0.00132792 0.00104654 -0.000562422 -0.00153451 0.00254792 -0.000544607 0.00388502 0.00487208 0.00643682 0.00772518 0.00927393 0.00724369 0.000463752
internal_weight=21001 7201 6997 3379 2999 3618 1093 2525 2219 1636 1401 1173 973 583
internal_count=21001 7201 6997 3379 2999 3618 1093 2525 2219 1636 1401 1173 973 583
is_linear=0
shrinkage=0.03


Tree=178
num_leaves=15
num_cat=0
split_feature=5 9 8 5 10 9 9 12 12 2 0 3 11 12
split_gain=8.56523 19.7697 16.4631 14.0024 15.1012 13.0041 14.3133 12.5398 34.6823 21.5043 19.666 35.6789 22.4474 22.7225
threshold=3.6981862741969125 0.78688325927557567 0.04582292854072071 3.620088663000391 2.5566753440689598 0.94668862395832465 1.0697636563285391 -0.0088221020879286609 -0.0018379222325597409 0.59999999999999565 0.55670332985647086 0.79166666666667218 0.077036342945250233 0.086104666742033445
decision_type=2 2 2 2 2 2 2 10 10 2 2 2 2 10
left_child=3 -2 5 7 -5 -3 -7 -1 -9 10 12 -12 13 -10
right_child=1 2 -4 4 -6 6 -8 8 9 -11 11 -13 -14 -15
leaf_value=-0.00091886940109536081 0.0086101341207163867 -0.0017259762910138542 -0.0052998587458449242 -0.00095467396266242467 -0.011010151801057898 0.0089398833667771235 0.00070771310988296992 0.0069771314305809053 -0.0074586012815099747 0.0014159303447788822 -0.0015189666436057658 -0.012058402178442385 0.0018461614088718687 0.0041163719455960769
leaf_weight=7845 327 476 335 356 212 354 406 724 542 5628 1206 376 1954 208
leaf_count=7845 327 476 335 356 212 354 406 724 542 5628 1206 376 1954 208
internal_value=3.92215e-05 0.00195833 0.000550851 -0.000152438 -0.0047711 0.00215157 0.00457554 -9.2502e-06 0.000661666 0.000197175 -0.00140297 -0.00405401 0.000152662 -0.00424247
internal_weight=20949 1898 1571 19051 568 1236 760 18483 10638 9914 4286 1582 2704 750
internal_count=20949 1898 1571 19051 568 1236 760 18483 10638 9914 4286 1582 2704 750
is_linear=0
shrinkage=0.03


Tree=179
num_leaves=15
num_cat=0
split_feature=6 3 8 12 12 10 10 7 9 13 13 10 12 1
split_gain=9.44287 25.6155 17.4983 14.6775 15.8369 14.2718 12.8962 12.2825 11.9414 31.5979 25.6546 21.7722 18.7715 15.4038
threshold=0.45453334786135441 0.94736842105263841 0.038232288527571386 0.17408431474073713 0.13484352211148928 2.505714400805354 1.60314554717257 0.44585107353849157 0.8421969760441782 4.5000000000000009 3.5000000000000004 1.7241036761858231 0.11882045097046508 1.7843533428344542
decision_type=10 2 2 10 10 2 2 10 2 2 2 2 10 2
left_child=3 2 5 4 8 6 -2 -5 9 10 13 -11 -10 -1
right_child=1 -3 -4 7 -6 -7 -8 -9 12 11 -12 -13 -14 -15
leaf_value=0.0016592355945174325 -0.0040573476373215022 0.011179327360242604 0.0074397367260672824 -0.01018793735653162 0.0052049976587295529 -0.0077224320345578744 0.0036398289301468214 -0.0011575720748122859 -0.00047843528043693586 0.013853860612130828 -0.0080614118877881634 0.0022105210629579063 -0.0093281014036725868 -0.0017440447397643862
leaf_weight=4451 308 245 270 223 526 222 519 338 11152 265 308 316 215 1632
leaf_count=4451 308 245 270 223 526 222 519 338 11152 265 308 316 215 1632
internal_value=0.00013548 0.00237418 0.00070261 -4.53233e-05 9.74679e-05 -0.00105851 0.00076601 -0.00480547 -5.04053e-05 0.000926681 0.000315092 0.00759406 -0.000649849 0.000745492
internal_weight=20990 1564 1319 19426 18865 1049 827 561 18339 6972 6391 581 11367 6083
internal_count=20990 1564 1319 19426 18865 1049 827 561 18339 6972 6391 581 11367 6083
is_linear=0
shrinkage=0.03


Tree=180
num_leaves=15
num_cat=0
split_feature=7 9 11 11 1 3 2 2 5 7 0 1 7 9
split_gain=8.84979 22.0066 20.8225 17.2075 19.3496 15.3073 20.424 11.902 9.70729 9.20788 24.4451 16.9666 16.2 16.2859
threshold=-0.04684534869495572 0.99855708359109618 -0.41061606925100641 -0.35680042538016415 0.9433481827919955 0.94444444444446329 0.75000000000002465 0.83110365398956121 2.595792762113295 0.23353201770793039 0.48378190158924944 0.45618413426854271 0.3182282122871124 0.83623327396348857
decision_type=8 2 2 2 2 2 2 2 2 10 2 2 10 2
left_child=1 3 -3 4 7 6 -5 -1 -7 10 -2 -11 13 -13
right_child=9 2 -4 5 -6 8 -8 -9 -10 11 -12 12 -14 -15
leaf_value=-0.004437307123079339 -0.0086100950918834452 0.01354179244229327 0.0027328392090973951 0.0060028443086978999 -0.010230999478629528 0.011003475849920849 -0.004572611981077699 0.0053963144886784433 0.00253509054399804 0.0081716183385950464 -0.00064044650890788092 0.0078496838827092838 -0.00024567935180824291 0.00057317652609172943
leaf_weight=236 386 225 542 253 257 207 448 200 296 230 3045 453 13510 702
leaf_count=236 386 225 542 253 257 207 448 200 296 230 3045 453 13510 702
internal_value=8.66588e-05 0.00170062 0.00597082 -3.70813e-05 -0.00378749 0.00212832 -0.000740311 8.35679e-05 0.00609409 -0.000148358 -0.00154829 0.000174521 4.63555e-05 0.00344861
internal_weight=20990 2664 767 1897 693 1204 701 436 503 18326 3431 14895 14665 1155
internal_count=20990 2664 767 1897 693 1204 701 436 503 18326 3431 14895 14665 1155
is_linear=0
shrinkage=0.03


Tree=181
num_leaves=15
num_cat=0
split_feature=2 2 4 10 1 9 8 9 8 9 9 8 10 4
split_gain=8.23204 11.4293 15.6545 17.6254 9.55538 14.7992 29.4645 11.4105 31.3948 15.009 29.4612 20.0443 16.653 37.8281
threshold=0.15029293237156943 0.25000000000000117 0.13228624410203269 1.9702416984347766 0.49201336685733427 0.80776134191507021 -0.021855381336601816 0.63579297839709581 0.018411198736508049 0.73815970781720719 0.74494660954362402 0.049102808091013334 2.0684776699559473 0.43683434110088254
decision_type=2 2 2 2 2 2 2 2 2 2 2 2 2 2
left_child=-1 2 3 -2 5 -3 -7 8 -6 11 -11 12 -9 -14
right_child=1 4 -4 -5 7 6 -8 9 -10 10 -12 -13 13 -15
leaf_value=-0.0032438039842382048 0.013287324974722658 -0.0095681067904791767 -0.0010535185965385666 0.001513040758393429 -0.00080796066170944433 0.0077329168860105013 -0.0054151463303072703 -0.0028843474580782982 0.012854473994209848 0.011228901768496276 0.00012256344476859024 -0.0093048296733336013 0.0094329253788542951 -0.0069049819582482665
leaf_weight=684 218 229 369 238 434 232 430 1422 227 213 15408 314 334 200
leaf_count=684 218 229 369 238 434 232 430 1422 227 213 15408 314 334 200
internal_value=-1.89688e-05 9.06354e-05 0.00353822 0.00722504 -5.65238e-05 -0.00308239 -0.000783939 8.95915e-05 0.00394526 -5.39223e-05 0.000277548 -0.00233053 -0.00119007 0.00330657
internal_weight=20952 20268 825 456 19443 891 662 18552 661 17891 15621 2270 1956 534
internal_count=20952 20268 825 456 19443 891 662 18552 661 17891 15621 2270 1956 534
is_linear=0
shrinkage=0.03


Tree=182
num_leaves=15
num_cat=0
split_feature=11 1 2 4 9 0 10 8 11 5 10 2 1 0
split_gain=8.53054 17.8424 14.973 22.5917 16.6945 21.1755 26.8531 16.6921 14.8727 19.7576 14.7898 13.734 23.0015 16.159
threshold=-0.20662193806152873 0.49201336685733427 0.58244590461085344 0.058684213230391379 0.84403999412277531 0.54851537838887143 1.7634283057903428 -0.038690570100365494 -0.8700552807119174 1.7893775226424367 1.3301951068012496 0.84482758620688025 1.4701001391658934 0.60874806798995607
decision_type=2 2 2 2 2 2 2 2 2 2 2 2 2 2
left_child=1 -1 3 -3 5 6 -4 -5 -9 -10 -7 13 -13 -6
right_child=-2 2 4 7 11 10 -8 8 9 -11 -12 12 -14 -15
leaf_value=-0.0082490471051525818 0.00034938879954631095 -0.010445151000425515 7.7277069400635452e-05 -0.0069307344852604421 -0.0012010923870791625 0.0068603150622966961 0.013436852580429438 0.0051138414812295077 -0.0088259147943519963 0.0024526564547648795 -0.0017106541360300475 -0.0032380900953278362 0.0081271302505074253 -0.0086512139439582827
leaf_weight=286 15180 297 243 346 1268 229 301 398 241 320 798 316 316 326
leaf_count=286 15180 297 243 346 1268 229 301 398 241 320 798 316 316 326
internal_value=-2.18482e-05 -0.00101256 -0.000621941 -0.00304935 0.000404876 0.00276808 0.0075243 -0.00133273 0.000712465 -0.00242767 0.000224475 -0.00126542 0.00246371 -0.00274706
internal_weight=20865 5685 5399 1602 3797 1571 544 1305 959 561 1027 2226 632 1594
internal_count=20865 5685 5399 1602 3797 1571 544 1305 959 561 1027 2226 632 1594
is_linear=0
shrinkage=0.03


Tree=183
num_leaves=15
num_cat=0
split_feature=8 10 3 5 10 1 2 4 7 2 6 7 8 6
split_gain=7.96542 8.25193 20.1595 23.9738 19.862 28.3256 19.2121 17.1078 14.5922 14.9794 13.8957 13.7024 13.5936 12.2987
threshold=-0.11689491438775422 2.3341393890461526 0.80649062033529229 3.3717907443216242 2.6013846738885102 1.6389202964577232 0.59268183846498113 0.095241829477796983 0.83926508064570071 0.58974358974358865 0.22614415430691384 0.14366231684803399 0.00906190751901499 -0.10446342032636262
decision_type=2 2 2 2 2 2 2 2 10 2 10 8 2 8
left_child=-1 -2 3 6 5 11 -3 -6 9 -5 12 -4 13 -9
right_child=1 2 4 8 7 -7 -8 10 -10 -11 -12 -13 -14 -15
leaf_value=-0.0053791182944851537 -0.00034207925822292114 -0.00097996591998819734 0.0044897881488369148 0.012663194469675636 0.0071115248818780959 -0.00028095389862044327 -0.007942745577365927 -0.0011130699691063951 -0.00030987517342312643 0.0017877333693404613 -0.0067257984300308363 0.012915711572964514 -0.0030028584971476127 0.0067234656806690104
leaf_weight=243 14981 1192 309 202 309 436 505 313 650 258 267 416 505 416
leaf_count=243 14981 1192 309 202 309 436 505 313 650 258 267 416 505 416
internal_value=-3.44447e-05 2.9399e-05 0.000992018 -0.000830488 0.00271242 0.00576622 -0.00306922 0.000743122 0.00259057 0.00664829 -0.000587153 0.00937987 0.000762845 0.00337415
internal_weight=21002 20759 5778 2807 2971 1161 1697 1810 1110 460 1501 725 1234 729
internal_count=21002 20759 5778 2807 2971 1161 1697 1810 1110 460 1501 725 1234 729
is_linear=0
shrinkage=0.03


Tree=184
num_leaves=15
num_cat=0
split_feature=1 10 7 7 13 10 8 1 8 1 0 4 6 1
split_gain=9.61503 19.9985 37.2396 26.432 17.8575 22.1802 17.4997 15.0129 19.8691 17.26 14.3897 13.5583 11.1213 11.2063
threshold=0.6491803156454693 1.1104156173436344 0.35610051005062943 0.7673292133290176 1.0000000180025095e-35 1.5546226502288552 -0.011846870495577562 0.69521644508194747 -0.016388571047220728 0.77902580252434495 0.56770592084864224 0.10780552876162729 -0.42581039638076174 0.81149302310427063
decision_type=2 2 8 10 2 2 2 2 2 2 2 2 8 2
left_child=4 2 6 -4 -1 -6 -2 8 -3 11 -7 -9 -11 -14
right_child=1 7 3 -5 5 10 -8 9 -10 12 -12 -13 13 -15
leaf_value=-0.0036757982194091481 0.0036574800832990255 -0.0024834435590757771 -0.0059860175297312117 0.0053313387654721732 -0.0046542192254834551 0.0012387154488400979 0.015324444499631813 -0.0092397670680808702 0.0093074704823966625 0.005241814488949983 0.010553435052250638 -0.0016246133653166136 0.0051717361095092017 -0.00016332738600853672
leaf_weight=1565 204 203 363 370 338 391 275 302 338 363 238 678 358 14856
leaf_count=1565 204 203 363 370 338 391 275 302 338 363 238 678 358 14856
internal_value=3.10873e-05 0.000270841 0.00398657 -0.000275884 -0.0016998 0.00150064 0.0104447 6.36183e-06 0.00490093 -0.000154999 0.00481864 -0.00400631 8.85072e-05 -3.61304e-05
internal_weight=20842 18310 1212 733 2532 967 479 17098 541 16557 629 980 15577 15214
internal_count=20842 18310 1212 733 2532 967 479 17098 541 16557 629 980 15577 15214
is_linear=0
shrinkage=0.03


Tree=185
num_leaves=15
num_cat=0
split_feature=5 5 5 6 0 9 10 5 0 10 7 8 5 4
split_gain=7.47369 11.2363 7.33183 6.70036 26.5667 22.0951 29.3457 25.4707 23.5286 24.1592 22.2534 21.4891 21.0218 20.3317
threshold=0.57500993174500814 0.74726176574684555 3.9570512094821857 -0.015810701338993368 0.58457246308593824 0.89900278435443648 1.7431897927637994 3.1217412620282561 0.55670332985647086 2.1821276776113065 0.083730226655854556 -0.044728275830091507 1.0144132240514401 0.27058265121767305
decision_type=2 2 2 10 2 2 2 2 2 2 8 2 2 2
left_child=-1 -2 3 12 5 6 -5 8 9 -8 13 -6 -3 -7
right_child=1 2 -4 4 11 10 7 -9 -10 -11 -12 -13 -14 -15
leaf_value=-0.0046150183305144312 0.0060568527237090768 -0.007563448265047356 0.0048913627045078147 -0.0011982159019563272 0.0030205792581495311 -0.0014703308664232131 0.014839645909013341 -0.00010499315121426031 -0.00045846927764378191 0.0042305745500194067 -0.0026392054101125589 -0.0045319340252376787 0.00044596796266314361 0.011104250234805723
leaf_weight=331 258 298 248 1383 396 242 432 619 249 356 2627 2233 11067 215
leaf_count=331 258 298 248 1383 396 242 432 619 249 356 2627 2233 11067 215
internal_value=-0.00017677 -0.000104434 -0.000183958 -0.000247726 -0.000871391 0.000212214 0.00202598 0.00471415 0.00757746 0.0101036 -0.00157547 -0.00339074 0.000232721 0.00450165
internal_weight=20954 20623 20365 20117 8752 6123 3039 1656 1037 788 3084 2629 11365 457
internal_count=20954 20623 20365 20117 8752 6123 3039 1656 1037 788 3084 2629 11365 457
is_linear=0
shrinkage=0.03


Tree=186
num_leaves=15
num_cat=0
split_feature=3 4 12 0 9 3 6 4 6 12 3 4 2 10
split_gain=9.87984 27.2619 15.3763 23.7671 17.5059 20.3039 17.449 15.371 14.7941 22.1814 13.2876 32.599 16.4275 16.7814
threshold=0.95999999999998453 0.041260485215950278 0.05218253018921893 0.54417717520298192 0.907759310250709 0.97122813720495826 0.065904556277325513 0.28204955758775735 0.077013204586185116 -0.029445115207442193 0.92592592592593481 0.058684213230391379 0.8622085718274568 1.9428203618658677
decision_type=2 2 10 2 2 2 10 2 8 10 2 2 2 2
left_child=10 -2 4 -4 5 -3 7 -7 9 -6 -1 -12 -13 -14
right_child=1 2 3 -5 8 6 -8 -9 -10 -11 11 12 13 -15
leaf_value=5.7478920417749322e-05 -0.0079921702146530139 0.007166330896420962 -0.0012504114990317544 0.011286190150998025 0.014821399683650168 -0.00027976572882420944 0.0038578660191915296 -0.0092946279898810016 -0.0014445470075720962 0.0028063065867552804 0.0086685194965542816 -0.006435509970271959 -0.0047386602228665252 0.0048711894256503957
leaf_weight=16238 235 212 210 377 211 298 242 393 259 393 200 995 349 299
leaf_count=16238 235 212 210 377 211 298 242 393 259 393 200 995 349 299
internal_value=4.12993e-05 0.00168793 0.00257824 0.00682852 0.00132187 -0.0011096 -0.00301827 -0.00543683 0.00453568 0.00709086 -0.000216824 -0.00262722 -0.00402437 -0.00030114
internal_weight=20911 2830 2595 587 2008 1145 933 691 863 604 18081 1843 1643 648
internal_count=20911 2830 2595 587 2008 1145 933 691 863 604 18081 1843 1643 648
is_linear=0
shrinkage=0.03


Tree=187
num_leaves=15
num_cat=0
split_feature=12 9 5 12 6 3 0 1 8 5 6 9 12 6
split_gain=11.6893 14.1361 10.0399 21.4714 26.7492 14.118 13.5355 22.676 37.6187 22.4787 19.9834 32.7094 23.5053 13.1443
threshold=0.17408431474073713 0.98239749366033935 2.0828183039298396 -0.17729666163763433 -0.21500923325077034 0.90361445783132732 0.51772208693392996 1.1398654772158072 -0.027440847961567347 2.0233840190353392 0.35278323813643214 1.0158541383810833 0.054092201079244291 -0.16170957491511698
decision_type=10 2 2 8 10 2 2 2 2 2 10 2 10 10
left_child=2 -2 3 -1 5 -5 7 8 -6 10 11 12 13 -8
right_child=1 -3 -4 4 6 -7 9 -9 -10 -11 -12 -13 -14 -15
leaf_value=0.0082305373273034027 -0.0060885811004476728 0.002880394753675128 0.00027395138913461286 -0.0079823351521310024 -0.0089085661414368394 -0.00044015310332179067 0.007400562339934749 -0.0077277892356117555 0.0063119422619855852 -0.0088000824485185009 0.0082969573112802765 -0.0069257766178390315 0.0085658574149124599 -0.00073434712778717211
leaf_weight=202 606 210 14903 768 227 315 202 535 390 207 322 442 394 1306
leaf_count=202 606 210 14903 768 227 315 202 535 390 207 322 442 394 1306
internal_value=-0.000267766 -0.0037769 -0.000125203 -0.00124467 -0.00162706 -0.00580073 -0.00049825 -0.00323818 0.000685579 0.00060411 0.0013494 0.000379371 0.0020907 0.000376198
internal_weight=21029 816 20213 5310 5108 1083 4025 1152 617 2873 2666 2344 1902 1508
internal_count=21029 816 20213 5310 5108 1083 4025 1152 617 2873 2666 2344 1902 1508
is_linear=0
shrinkage=0.03


Tree=188
num_leaves=15
num_cat=0
split_feature=3 9 5 8 12 6 12 0 5 9 6 8 0 0
split_gain=8.73615 25.9344 26.7546 21.6421 15.4724 8.50353 20.2489 25.1134 20.6665 16.9867 18.9893 16.4563 14.2357 17.466
threshold=0.45744004974451974 1.0731923221157775 3.1123374625296893 -0.014987018639599827 -1.0000000180025095e-35 -0.029271119555872856 0.008653520561542118 0.64851173222645953 1.3661363412462324 1.1392537208001206 -0.057022928058371884 -0.018708323770156646 0.61888249124730055 0.58457246308593824
decision_type=2 2 2 2 10 10 10 2 2 2 8 2 2 2
left_child=1 2 3 -1 -5 9 7 8 -7 -2 11 -11 13 -10
right_child=5 -3 -4 4 -6 6 -8 -9 12 10 -12 -13 -14 -15
leaf_value=8.3004956444104506e-05 -0.0012442266828308595 -0.0064096363088706641 -0.0036979753103758102 0.017265726898027502 0.0063790991008281705 0.0090469792021988585 -0.0010898342480557849 -0.0053428420576735998 0.0021938703659025462 0.0097957280852379053 -0.0056355600557797614 0.001554718246568983 0.0075268078623813078 -0.0031417770269430347
leaf_weight=247 9408 241 264 202 295 381 4194 406 3037 322 206 662 349 670
leaf_count=247 9408 241 264 202 295 381 4194 406 3037 322 206 662 349 670
internal_value=-8.55056e-05 0.00234221 0.00445597 0.00735468 0.0109317 -0.000240491 0.000435474 0.00175614 0.002411 -0.000816826 0.00255322 0.00428736 0.00177728 0.00122658
internal_weight=20884 1249 1008 744 497 19635 9037 4843 4437 10598 1190 984 4056 3707
internal_count=20884 1249 1008 744 497 19635 9037 4843 4437 10598 1190 984 4056 3707
is_linear=0
shrinkage=0.03


Tree=189
num_leaves=15
num_cat=0
split_feature=4 4 13 13 10 2 10 2 4 8 9 2 10 3
split_gain=7.30157 10.6222 18.5899 10.9038 14.0191 10.2063 13.3798 8.71616 8.57053 12.0455 9.51383 9.29188 9.1248 7.74358
threshold=0.075741015978218432 0.06269071227432306 1.0000000180025095e-35 1.0000000180025095e-35 2.4832773902032321 0.65116279069767513 1.7103680307777309 0.43847632780580931 0.039739622589600447 0.031426582296447507 0.94075396081728591 0.42857142857141961 2.0913661969862067 0.78750000000000731
decision_type=2 2 2 2 2 2 2 2 2 2 2 2 2 2
left_child=1 3 -3 8 5 7 -7 -5 9 10 11 -1 -10 -2
right_child=13 2 -4 4 -6 6 -8 -9 12 -11 -12 -13 -14 -15
leaf_value=0.0059325399806777254 0.0012846206044314814 0.00031442407153834225 -0.010096736545674502 -0.00048554918901235963 0.0083161242160855273 0.0018341311421977381 -0.0087390452768744496 0.0068026551326913556 -0.0019735097675658642 -0.0089084479245874603 -0.005776470350295616 -0.0025651488295703562 0.0061372472336873986 1.0952658099712801e-05
leaf_weight=201 7451 332 283 319 241 224 200 269 308 265 283 260 203 10137
leaf_count=201 7451 332 283 319 241 224 200 269 308 265 283 260 203 10137
internal_value=0.000305061 -0.000969271 -0.00451919 -0.000175248 0.0018926 0.000329519 -0.00319694 0.00287793 -0.00188048 -0.00347788 -0.00149704 0.00116382 0.00127682 0.000550743
internal_weight=20976 3388 615 2773 1253 1012 424 588 1520 1009 744 461 511 17588
internal_count=20976 3388 615 2773 1253 1012 424 588 1520 1009 744 461 511 17588
is_linear=0
shrinkage=0.03


Tree=190
num_leaves=15
num_cat=0
split_feature=7 4 4 6 3 4 13 3 11 0 1 13 1 2
split_gain=15.861 10.6228 29.9991 22.4263 14.758 15.4942 17.2035 13.6414 13.4595 20.6334 20.8779 12.2019 14.1984 10.6553
threshold=2.447273072750054 0.1277770059043653 0.079387516124482541 0.30256833272499856 0.98918887330527283 0.06269071227432306 1.0000000180025095e-35 0.92103302219778804 1.4840618716321561 0.50982873922515493 1.3908866694570075 1.5000000000000002 1.5029625207302877 0.34293257037020669
decision_type=10 2 2 10 2 2 2 2 2 2 2 2 2 2
left_child=1 2 3 4 5 11 -7 8 9 -4 -11 -1 -13 -3
right_child=-2 13 7 -5 -6 6 -8 -9 -10 10 -12 12 -14 -15
leaf_value=0.00094155080735664745 -0.0066414515487849711 -0.0030712226965876584 0.013244335306891753 -0.0068850916254133187 -0.0064749178272767325 0.0015135628824659892 -0.0088190190928908521 -0.0007330535207666568 -0.00030172497665478007 0.00084764897502878666 0.010277488896997955 0.0020321431650739646 0.011926433130105336 -0.00012188333996303414
leaf_weight=1589 319 1191 330 426 249 312 264 397 290 553 338 317 220 14101
leaf_count=1589 319 1191 330 426 249 312 264 397 290 553 338 317 220 14101
internal_value=-5.54503e-05 4.82394e-05 0.00120706 -0.000492605 0.000440285 0.00108833 -0.00325734 0.00420874 0.00550528 0.00688011 0.00446224 0.00227059 0.0061583 -0.000352518
internal_weight=20896 20577 5285 3377 2951 2702 576 1908 1511 1221 891 2126 537 15292
internal_count=20896 20577 5285 3377 2951 2702 576 1908 1511 1221 891 2126 537 15292
is_linear=0
shrinkage=0.03


Tree=191
num_leaves=15
num_cat=0
split_feature=10 3 12 12 5 5 9 11 10 3 9 5 10 12
split_gain=9.33499 15.3297 14.3415 25.5384 18.7626 52.1193 16.499 15.8816 16.1772 13.9703 13.1279 12.0048 11.9049 22.219
threshold=2.1080899357660239 0.58974358974358598 0.10327538457500925 0.072812336417910919 1.6506865425884947 2.1928712807754622 0.79388476434605282 -1.0593863830618873 2.6906029872593495 0.64285714285713735 0.76708730774579725 3.2769616472698733 2.0479864603893279 0.038736196651111783
decision_type=2 2 10 10 2 2 2 2 2 2 2 2 2 8
left_child=12 -2 3 4 7 -6 10 8 -3 -8 -7 -5 -1 -14
right_child=1 2 -4 11 5 6 9 -9 -10 -11 -12 -13 13 -15
leaf_value=-0.00022261422089335362 -0.0020983670282406063 0.0038676150730536686 -0.0024112272525112955 0.012936171107925474 -0.009528353124243584 0.0030333977187950193 0.0076393893536135377 0.00042077586250869849 0.015411700024424005 0.00028290325346580107 0.011623878874307636 0.0032907830359155286 -0.00062448857760717788 -0.012389628942967591
leaf_weight=12018 1320 236 774 255 408 551 244 299 206 3478 224 218 460 206
leaf_count=12018 1320 236 774 255 408 551 244 299 206 3478 224 218 460 206
internal_value=7.03351e-05 0.000858023 0.00142528 0.00191214 0.00134714 0.000672258 0.00160729 0.00578 0.0093601 0.000774768 0.00557492 0.00857165 -0.000439837 -0.00432876
internal_weight=20897 8213 6893 6119 5646 4905 4497 741 442 3722 775 473 12684 666
internal_count=20897 8213 6893 6119 5646 4905 4497 741 442 3722 775 473 12684 666
is_linear=0
shrinkage=0.03


Tree=192
num_leaves=15
num_cat=0
split_feature=5 6 12 11 6 9 3 9 2 3 6 6 6 9
split_gain=7.87881 18.7833 8.00784 14.4934 8.68982 7.05285 8.25472 10.6697 15.5505 9.01198 45.0857 17.0446 21.0596 11.7457
threshold=3.9304699601247233 -0.053121525402632479 0.17408431474073713 0.36566896908336793 -0.44299356223079944 0.58598114449990912 0.31578947368421639 0.63579297839709581 0.66666666666666263 0.50537634408602206 -0.13228899354527465 0.10088282220631196 0.002321217414963606 1.2717651600827871
decision_type=2 10 10 2 8 2 2 2 2 2 10 10 10 2
left_child=2 -2 4 -4 -1 -6 -7 8 -8 10 -9 12 -12 -11
right_child=1 -3 3 -5 5 6 7 9 -10 13 11 -13 -14 -15
leaf_value=0.0046872496997055254 -0.00229647697898272 0.01040832550548341 0.0018769967635162174 -0.0063568635631421509 -0.0053247416459919301 -0.004475329327297971 -0.00050486195906113249 0.01041878133679607 0.010622985825158547 -0.00046852864450391504 -0.002415163392355119 -0.0068297530811313274 0.0094193236402622081 0.0030561847421745115
leaf_weight=337 209 202 315 482 228 371 248 415 202 16226 394 331 200 893
leaf_count=337 209 202 315 482 228 371 248 415 202 16226 394 331 200 893
internal_value=-8.9896e-05 0.00399778 -0.000172234 -0.00311116 -5.34485e-05 -0.000136524 -7.38049e-05 1.37145e-05 0.00455215 -9.81278e-05 0.00226647 -0.0014274 0.00161488 -0.000283826
internal_weight=21053 411 20642 797 19845 19508 19280 18909 450 18459 1340 925 594 17119
internal_count=21053 411 20642 797 19845 19508 19280 18909 450 18459 1340 925 594 17119
is_linear=0
shrinkage=0.03


Tree=193
num_leaves=15
num_cat=0
split_feature=12 1 1 9 6 2 2 8 6 10 10 0 0 4
split_gain=6.85371 23.6799 21.1784 18.5099 17.2753 26.1678 19.7455 19.4433 24.0007 17.1604 17.0602 16.8094 21.4401 16.029
threshold=0.029631988581042882 1.4173593904648543 1.304647625507126 0.67769855720100958 -0.067236041999802862 0.64705882352939004 0.40740740740742709 0.0021934952719044332 0.15189017499883598 2.3119903455479003 2.2527358549545675 0.53489320147805408 0.57651888737187529 0.63936683334153088
decision_type=8 2 2 2 8 2 2 2 10 2 2 2 2 2
left_child=-1 2 3 -2 6 13 -3 8 -7 -5 -9 -11 -13 -6
right_child=1 4 -4 9 5 7 -8 10 -10 11 -12 12 -14 -15
leaf_value=0.00022762018495761934 0.0053443918951159835 0.010809378011836087 -0.009664683728114418 -0.0037726855890160434 -0.0062604516159500117 -0.0077410466252611238 0.0016953842866814361 0.010071935077810155 0.0050302147358535273 0.0063973054772562526 -0.00080886550790187223 -0.009560940161347389 0.003876928320221071 0.0027207985259592535
leaf_weight=13485 289 251 340 2390 823 281 1320 357 242 333 201 200 219 225
leaf_count=13485 289 251 340 2390 823 281 1320 357 242 333 201 200 219 225
internal_value=-0.000176216 -0.000904797 -0.00257625 -0.00186077 0.000799906 -0.000960606 0.00318121 0.00230934 -0.00183992 -0.00253094 0.00618013 0.00141444 -0.00257444 -0.00432846
internal_weight=20956 7471 3771 3431 3700 2129 1571 1081 523 3142 558 752 419 1048
internal_count=20956 7471 3771 3431 3700 2129 1571 1081 523 3142 558 752 419 1048
is_linear=0
shrinkage=0.03


Tree=194
num_leaves=15
num_cat=0
split_feature=2 9 12 6 9 9 5 6 12 5 8 8 0 6
split_gain=10.5857 19.8841 23.9465 24.4089 10.7824 7.6708 12.5743 13.6998 9.15227 16.8312 9.28333 21.6459 18.12 12.3927
threshold=0.91428571428571381 0.91143698979116561 0.053143717991867907 0.053985357889501991 1.0661586391822011 0.65246428940641976 2.1334579754055709 0.029750840856788811 -0.18878235647637973 2.38933239873151 0.048287896163124198 0.05870651775265303 0.6038104309958473 0.29413773570488105
decision_type=2 2 10 8 2 2 2 10 10 2 2 2 2 10
left_child=5 2 3 -2 -3 6 -1 -8 9 -7 -10 12 -12 -13
right_child=1 4 -4 -5 -6 8 7 -9 10 -11 11 13 -14 -15
leaf_value=-0.0066380099527537815 -0.012759046684454486 0.005394645408507745 0.0032567118849748601 -0.00011378068777057232 -0.0034330849047156347 0.0095043017308820369 0.0043445454264292496 -0.0054750217077597762 0.00033302359350884401 -0.00028626269492409637 -0.0028594441786594376 -0.00069216948904699514 -0.012856139232146057 0.0067567890816557724
leaf_weight=395 408 309 203 206 202 259 315 208 15395 393 596 1813 222 221
leaf_count=395 408 309 203 206 202 259 315 208 15395 393 596 1813 222 221
internal_value=-0.000137513 -0.0027253 -0.00561569 -0.00855169 0.00190556 3.65472e-05 -0.00263394 0.000424384 0.000166926 0.00364567 4.16592e-05 -0.00152895 -0.00563411 0.000131766
internal_weight=21145 1328 817 614 511 19817 918 523 18899 652 18247 2852 818 2034
internal_count=21145 1328 817 614 511 19817 918 523 18899 652 18247 2852 818 2034
is_linear=0
shrinkage=0.03


Tree=195
num_leaves=15
num_cat=0
split_feature=0 5 6 0 12 6 6 13 1 7 0 1 13 12
split_gain=10.4383 15.8849 24.6261 10.9148 16.4866 32.0937 29.2524 11.4185 16.9605 15.5029 10.7499 10.3646 15.6152 20.4888
threshold=0.62956881050338842 3.6981862741969125 0.34434116980717372 0.61328557883832324 0.014053490357371691 -0.031191815015304377 -0.0022744313458107342 7.5000000000000009 8.0928103281032353 0.88964542225826559 0.55410784725709405 1.1113717794873905 1.0000000180025095e-35 0.01146506047137852
decision_type=2 2 8 2 10 8 8 2 2 8 2 2 2 10
left_child=3 2 11 7 6 -6 -5 8 -1 10 -9 12 13 -2
right_child=1 -3 -4 4 5 -7 -8 9 -10 -11 -12 -13 -14 -15
leaf_value=0.0003797475906231739 -0.0066078713236784091 0.0061638481826377864 0.0068262313644724534 0.00060676790817185881 0.0065398649185521834 -0.0095362978199762961 0.0136312980006225 -0.0039332191368818964 0.0086559548848761918 -0.010311555848797647 0.0044862379367576052 -0.0013972395212903362 -0.00954670480404771 0.0055279363568836041
leaf_weight=16092 315 222 246 339 234 205 282 347 221 200 218 1387 444 201
leaf_count=16092 315 222 246 339 234 205 282 347 221 200 218 1387 444 201
internal_value=0.000246102 -0.00145199 -0.00211463 0.000509972 0.00345663 -0.000990078 0.00658292 0.00032612 0.000494487 -0.00324407 -0.000673793 -0.00306428 -0.00545309 -0.00187287
internal_weight=20953 2815 2593 18138 1060 439 621 17078 16313 765 565 2347 960 516
internal_count=20953 2815 2593 18138 1060 439 621 17078 16313 765 565 2347 960 516
is_linear=0
shrinkage=0.03


Tree=196
num_leaves=15
num_cat=0
split_feature=3 3 6 3 0 4 5 6 0 9 7 2 4 4
split_gain=9.54187 38.7318 25.1756 18.8407 20.0689 16.9629 15.6132 22.5691 23.1373 16.525 13.3018 12.7088 10.9428 10.6395
threshold=0.59459459459460529 0.63636363636362825 -0.091669464965301081 0.69779546138009252 0.59084941525540546 0.25582234336459037 1.8457111322917683 -0.063270615654055881 0.53537207673490295 0.82971538264657119 0.97618520533613606 0.40740740740742709 0.11009487006598054 0.31392414374529731
decision_type=2 2 10 2 2 2 2 8 2 2 10 2 2 2
left_child=6 2 -2 4 11 -4 10 9 12 -8 -1 -3 -9 -13
right_child=1 3 5 -5 -6 -7 7 8 -10 -11 -12 13 -14 -15
leaf_value=-0.002992554566728959 0.012041824325055316 -0.0061893484113702121 0.007598259964551048 0.00059225336318133174 -0.0084163038304873872 -0.0030776119754528219 0.0064880370076964879 -0.0054753308853507038 -0.0080889216279402994 -0.0013724789805032991 0.0061659329801655276 0.0037098884446539354 0.0024525315440925102 -0.0023842568255927812
leaf_weight=213 409 307 256 14887 415 271 335 245 801 820 413 521 415 501
leaf_count=213 409 307 256 14887 415 271 335 245 801 820 413 521 415 501
internal_value=0.000305472 0.000581489 0.0065027 0.000246386 -0.00269923 0.00213106 -0.00118873 -0.0022071 -0.00467834 0.00092555 0.00305069 -0.000889137 -0.000509428 0.000725382
internal_weight=20809 17567 936 16631 1744 527 3242 2616 1461 1155 626 1329 660 1022
internal_count=20809 17567 936 16631 1744 527 3242 2616 1461 1155 626 1329 660 1022
is_linear=0
shrinkage=0.03


Tree=197
num_leaves=15
num_cat=0
split_feature=6 9 12 13 12 0 5 12 1 13 7 11 9 10
split_gain=8.04475 10.4425 10.5684 14.8091 10.834 12.9386 14.0887 13.8383 12.4955 11.087 15.131 9.33988 8.45017 18.1706
threshold=-0.20436818535825543 1.1888167625626533 0.15530224326314215 6.5000000000000009 0.098629969158755285 0.53489320147805408 1.8749196452476933 -0.048147179886115714 1.4701001391658934 1.5000000000000002 0.52567162705566917 1.4991391732782808 1.2976369566156964 2.7865854380432489
decision_type=8 2 10 2 10 2 2 10 2 2 10 2 2 2
left_child=1 2 3 4 5 6 -1 -8 -9 11 -11 -7 -2 -14
right_child=12 -3 -4 -5 -6 9 7 8 -10 10 -12 -13 13 -15
leaf_value=-0.0058479246633653418 0.0005659891993623937 0.0042997700361363392 -0.0073197091915286503 0.0064919971525669098 0.0038067684735982646 -0.0066947519975947218 -0.0029464486748424926 0.0078829234193651208 -0.00079632869494132336 0.0032665056112172351 -0.0060191809289719704 -0.00010855369134655883 -0.0057952565902045792 0.0041097517126258837
leaf_weight=257 16159 299 255 215 305 955 330 389 239 386 260 243 520 240
leaf_count=257 16159 299 255 215 305 955 330 389 239 386 260 243 520 240
internal_value=0.000130406 -0.00105536 -0.00147804 -0.0010522 -0.00154328 -0.00208205 0.000321599 0.00199845 0.00459963 -0.00366239 -0.000488294 -0.00536482 0.000420292 -0.00266094
internal_weight=21052 4133 3834 3579 3364 3059 1215 958 628 1844 646 1198 16919 760
internal_count=21052 4133 3834 3579 3364 3059 1215 958 628 1844 646 1198 16919 760
is_linear=0
shrinkage=0.03


Tree=198
num_leaves=15
num_cat=0
split_feature=3 2 8 3 11 4 13 0 12 8 8 1 8 1
split_gain=6.72341 30.4502 20.0087 17.0195 27.8862 14.8622 10.4684 17.3984 17.6359 25.2426 14.3483 12.5821 12.0762 10.1406
threshold=0.59459459459460529 0.50000000000002398 0.014223461103207347 0.62292792380254636 0.34297451822576935 0.46744223228429765 3.5000000000000004 0.49834266799167753 -0.015350583444916242 -0.0021866927549569607 -0.022918053143145656 1.5941872890825459 0.0056349669039008647 1.1113717794873905
decision_type=2 2 2 2 2 2 2 2 8 2 2 2 2 2
left_child=1 5 -3 4 -2 6 7 10 12 -10 -1 -11 -9 -5
right_child=3 2 -4 13 -6 -7 -8 8 9 11 -12 -13 -14 -15
leaf_value=-0.0038088055294983594 0.013047936184973012 -0.002722622526179459 -0.015228596560012263 -0.00078131351609434061 5.7491302741160668e-05 0.0052791276700904534 0.0052706947711271207 -0.011530005215563027 0.0055336174663560972 -0.00036517455052692912 0.0058976273352311821 -0.0092105631221637181 -0.002851807156888147 0.00070216809089437555
leaf_weight=201 239 264 203 7063 381 402 217 299 354 304 408 272 283 10030
leaf_count=201 239 264 203 7063 381 402 217 299 354 304 408 272 283 10030
internal_value=3.80241e-05 -0.00122483 -0.00826257 0.00026695 0.00512942 -1.2471e-05 -0.000931642 -0.00157711 -0.00329864 -0.000724702 0.0026891 -0.00458548 -0.00737043 8.91293e-05
internal_weight=20920 3207 467 17713 620 2740 2338 2121 1512 930 609 576 582 17093
internal_count=20920 3207 467 17713 620 2740 2338 2121 1512 930 609 576 582 17093
is_linear=0
shrinkage=0.03


Tree=199
num_leaves=15
num_cat=0
split_feature=4 12 2 8 9 4 0 13 8 6 12 4 6 6
split_gain=10.1708 13.1458 17.1745 15.6023 13.3352 11.3227 14.1071 11.5753 25.2532 20.7456 18.3954 10.8767 18.6316 17.5868
threshold=0.54099552941732221 -0.0082589293360929555 0.85227272727273939 0.070139270440506954 0.88453795453451101 0.51378964933902882 0.55980113404812537 5.5000000000000009 0.028591833641670065 0.014405561219462683 0.012638018794943863 0.78364128988653681 -0.19636161790522463 -0.23234866046831101
decision_type=2 8 2 2 2 2 2 2 2 10 10 2 10 10
left_child=5 2 -2 11 -4 7 -7 -1 9 10 -9 13 -13 -3
right_child=1 3 4 -5 -6 6 -8 8 -10 -11 -12 12 -14 -15
leaf_value=1.8605580530194574e-06 -0.0014992821040160787 0.0043463211010373723 -0.012488828689854284 0.0064266637683876096 -0.0026332006911354614 -0.00013525122133767711 0.010747062218948625 0.0085671045008090755 -0.0055455166983951641 0.014148887587061454 -0.0038093099696561695 -0.0051759015726433556 0.0029154194545010542 -0.0043360683500027969
leaf_weight=14636 1580 257 261 305 237 221 203 221 201 210 203 325 1141 1064
leaf_count=14636 1580 257 261 305 237 221 203 221 201 210 203 325 1141 1064
internal_value=-4.42018e-05 -0.00119939 -0.00304159 4.15783e-05 -0.0078713 0.000331794 0.00513945 0.000198417 0.00362317 0.00655061 0.00266627 -0.000667442 0.00111014 -0.00263689
internal_weight=21065 5170 2078 3092 498 15895 424 15471 835 634 424 2787 1466 1321
internal_count=21065 5170 2078 3092 498 15895 424 15471 835 634 424 2787 1466 1321
is_linear=0
shrinkage=0.03


Tree=200
num_leaves=15
num_cat=0
split_feature=11 9 8 6 5 3 3 3 9 11 6 5 8 11
split_gain=9.53949 16.3728 16.8207 19.9902 20.1527 15.9386 14.4228 27.4598 13.9176 10.5808 10.2261 10.0753 23.0261 18.2231
threshold=-0.71062592798859803 0.74692724077918615 -0.062700535036103747 -0.20977040594890192 1.2085518229138668 0.66666666666666763 0.81888278116179203 0.9142857142857147 0.93869918792547458 -1.4820852662300712 -0.0022744313458107342 1.2456103315305904 -0.0032520404982532662 -0.54978631257433175
decision_type=2 2 2 8 2 2 2 2 2 2 8 2 2 2
left_child=1 9 -3 -4 10 -6 -7 -8 -9 -1 -5 12 -2 -13
right_child=11 2 3 4 5 6 7 8 -10 -11 -12 13 -14 -15
leaf_value=-0.0010537687194819498 0.0018553092940287155 0.0053903290922894618 -0.0067128621975396877 0.0011815416230711825 0.005802321015795071 -0.0078902417384598342 0.005011443135731701 -0.010478388063077415 -0.000277615536509429 -0.0084466913654523725 0.010564487121681466 0.0058266386264433263 -0.0095232369879544795 0.00028991563334385812
leaf_weight=298 347 391 481 210 220 360 397 247 231 420 206 548 290 16471
leaf_count=298 347 391 481 210 220 360 397 247 231 420 206 548 290 16471
internal_value=4.84201e-05 -0.00139058 -0.000331379 -0.00129198 0.000115806 -0.00155198 -0.00288017 -0.000785762 -0.00560263 -0.00540683 0.00589819 0.000330813 -0.0033587 0.000469853
internal_weight=21117 3461 2743 2352 1871 1455 1235 875 478 718 416 17656 637 17019
internal_count=21117 3461 2743 2352 1871 1455 1235 875 478 718 416 17656 637 17019
is_linear=0
shrinkage=0.03


Tree=201
num_leaves=15
num_cat=0
split_feature=10 6 10 2 8 5 2 2 12 11 5 5 5 12
split_gain=7.882 21.8096 16.1611 23.1938 21.2731 16.364 14.2795 17.6848 13.7893 13.3041 12.5684 12.4039 14.4843 13.4325
threshold=2.6132068176078338 0.22614415430691384 2.3341393890461526 0.75000000000002465 -0.0099267411671821668 3.4711903306655043 0.57901139710591609 0.45997032640949148 -0.027906875869642352 -1.949934983407559 2.8385206647950278 1.3047452121971646 2.1928712807754622 0.096773947499215876
decision_type=2 10 2 2 2 2 2 2 10 2 2 2 2 10
left_child=2 11 9 5 -5 6 7 10 -3 -1 -4 -2 -13 -14
right_child=1 8 3 4 -6 -7 -8 -9 -10 -11 -12 12 13 -15
leaf_value=-0.0072975559575217111 0.0058292234419192188 3.4309642380504516e-05 0.0036073166641749834 0.013091669248544281 0.0027169114907340305 0.0065914535794693689 -0.0049548436339725468 0.0075255248321820113 -0.0096164756244979787 0.00030663447454861353 -0.005798054584748533 -0.006284568611638887 0.0010647109383404654 -0.006117873652414842
leaf_weight=205 296 204 223 317 405 346 454 290 379 14867 287 345 2081 259
leaf_count=205 296 204 223 317 405 346 454 290 379 14867 287 345 2081 259
internal_value=0.000296777 -0.000987585 0.000560149 0.00288708 0.00733074 0.000865292 -0.000734557 0.00167636 -0.00626795 0.000200821 -0.00169042 5.38733e-05 -0.000592465 0.000258366
internal_weight=20958 3564 17394 2322 722 1600 1254 800 583 15072 510 2981 2685 2340
internal_count=20958 3564 17394 2322 722 1600 1254 800 583 15072 510 2981 2685 2340
is_linear=0
shrinkage=0.03


Tree=202
num_leaves=15
num_cat=0
split_feature=7 3 2 2 4 8 7 9 6 8 3 6 8 6
split_gain=10.968 9.21701 20.8648 22.6811 21.7612 22.3126 20.3883 21.1897 26.617 22.6745 19.9182 19.0877 18.3359 17.6897
threshold=2.6135474461298163 0.63636363636362825 0.59574468085106791 0.49999999999999928 0.44538921191271813 0.017005607698846778 1.0181419398974196 0.72379783751027482 0.12009798413779617 -0.0099267411671821668 0.55128205128203844 -0.17348021046108655 0.014223461103207347 -0.055319742542657861
decision_type=10 2 2 2 2 2 8 2 10 2 2 8 2 10
left_child=1 2 3 6 5 -5 10 -8 9 -9 -1 -11 -13 -14
right_child=-2 -3 -4 4 -6 -7 7 8 -10 11 -12 12 13 -15
leaf_value=0.0020661095809404581 -0.0064115685754152661 -0.00038974223735420275 0.01041542123896735 -0.0024123011837745537 0.0027694000271507183 -0.014891589218349549 0.008109432184137403 -0.0035325863293575164 -0.0065979471692748093 -0.0023851752892348689 0.012071522608833405 0.014416298879111566 0.0099728528659423464 -0.0017216634720161152
leaf_weight=432 244 16623 205 343 307 204 283 527 493 276 304 201 208 254
leaf_count=432 244 16623 205 343 307 204 283 527 493 276 304 201 208 254
internal_value=-0.000152873 -7.74228e-05 0.00120749 0.000701969 -0.00359461 -0.0071591 0.00193806 0.000511007 -0.000604523 0.00142658 0.00625235 0.0042138 0.00695818 0.0035938
internal_weight=20904 20660 4037 3832 854 547 2978 2242 1959 1466 736 939 663 462
internal_count=20904 20660 4037 3832 854 547 2978 2242 1959 1466 736 939 663 462
is_linear=0
shrinkage=0.03


Tree=203
num_leaves=15
num_cat=0
split_feature=1 7 1 7 3 7 6 0 10 9 3 4 7 1
split_gain=7.97465 26.602 18.4848 16.1726 35.9072 29.3016 26.617 23.5623 16.8141 15.7849 13.403 16.8927 21.6856 19.7035
threshold=0.49201336685733427 0.54388167560469458 0.41164057385130948 0.054748084546827093 0.95402298850574885 -0.085843716284603425 0.034791228358170063 0.59618165683379287 1.6828203518655365 0.89900278435443648 0.92592592592593481 0.46288415232128138 0.164846742735093 1.0833795934163368
decision_type=2 10 2 10 2 8 10 2 2 2 2 2 10 2
left_child=1 2 -1 4 6 8 -2 -8 -6 -10 -5 12 -12 -14
right_child=3 -3 -4 10 5 -7 7 -9 9 -11 11 -13 13 -15
leaf_value=-0.00041157428342735439 -0.0021280317006718468 0.0072120940345294267 -0.0095855963760048384 0.00035732452574795229 0.0089280991889135811 0.013948962914510669 0.0085868120748504445 -0.0027616653887622329 -0.0063636237126335786 0.0052836624997249547 0.0073737346330091814 -0.0048168363735872953 -0.0058780829079359718 0.0011162951516380415
leaf_weight=405 1515 201 382 13815 274 346 489 244 207 202 288 1094 578 955
leaf_count=405 1515 201 382 13815 274 346 489 244 207 202 288 1094 578 955
internal_value=0.000214683 -0.00240955 -0.00489693 0.000344844 0.00227035 0.00689715 0.000141865 0.00481603 0.00324937 -0.000616836 -3.28804e-05 -0.00187962 -0.000106667 -0.00153139
internal_weight=20995 988 787 20007 3277 1029 2248 733 683 409 16730 2915 1821 1533
internal_count=20995 988 787 20007 3277 1029 2248 733 683 409 16730 2915 1821 1533
is_linear=0
shrinkage=0.03


Tree=204
num_leaves=15
num_cat=0
split_feature=7 7 13 8 8 1 0 8 10 10 7 9 1 13
split_gain=10.587 22.7521 26.7808 22.9505 24.4582 21.2643 21.1452 14.2365 18.9172 13.5717 12.6655 20.5098 21.6085 16.0489
threshold=0.23353201770793039 0.083730226655854556 5.5000000000000009 -0.077024555957940624 0.047487367638239748 0.45618413426854271 0.64030865318607832 0.032007116742432916 1.0597752841945141 1.2217627913798172 0.35064632097810816 0.81449672919486804 1.1779910684693271 2.5000000000000004
decision_type=10 10 2 2 2 2 2 2 2 2 10 2 2 2
left_child=1 2 3 -1 7 -2 9 8 -5 -3 11 12 -7 -13
right_child=5 6 -4 4 -6 10 -8 -9 -10 -11 -12 13 -14 -15
leaf_value=-0.0084292949718071924 0.0094616506722840395 0.0048463199580354348 0.0087206783166555602 -0.007303823336526071 -0.0054683028935031451 0.0012383228259211848 -0.011529205106630289 0.0076333988558551008 0.001492703686613719 -0.0033205114401477788 0.00018503271835592253 0.0028059528888672511 0.013218330810714916 -0.0055333679443911503
leaf_weight=284 237 205 316 236 545 252 254 293 2528 1451 12972 761 291 280
leaf_count=284 237 205 316 236 545 252 254 293 2528 1451 12972 761 291 280
internal_value=0.000207669 -0.000842202 0.000392502 -0.000295061 0.000357079 0.000641581 -0.00355248 0.00140286 0.000729793 -0.00229798 0.000494773 0.0030228 0.00772057 0.00054718
internal_weight=20905 6112 4202 3886 3602 14793 1910 3057 2764 1656 14556 1584 543 1041
internal_count=20905 6112 4202 3886 3602 14793 1910 3057 2764 1656 14556 1584 543 1041
is_linear=0
shrinkage=0.03


Tree=205
num_leaves=15
num_cat=0
split_feature=4 9 4 6 1 1 3 7 9 10 13 13 6 9
split_gain=16.443 17.9885 14.2276 13.3824 20.96 13.1436 11.959 31.9423 18.6886 17.4978 18.8513 21.0979 16.1066 13.2204
threshold=0.46288415232128138 0.6300897337994481 0.50336063191065561 0.38687695846662934 2.1202721639119315 1.8434329789207722 0.90625000000002032 0.068851514603890621 0.93869918792547458 1.4669465666670554 7.5000000000000009 2.5000000000000004 0.17511706611963687 0.92005025145171582
decision_type=2 2 2 10 2 2 2 10 2 2 2 2 10 2
left_child=-1 -2 5 6 -5 -3 9 8 -8 13 11 12 -11 -4
right_child=1 2 3 4 -6 -7 7 -9 -10 10 -12 -13 -14 -15
leaf_value=0.00056798189186156979 0.0071445758567770584 -0.0088495438914956912 -0.0075602183343385747 0.0091417803991866373 -0.0027278545588833858 0.00030645731422636243 -0.0018412356086188767 -0.0066596323491402848 0.0093339250752838641 0.00068517218536150485 -0.0070438365985481238 0.005567400578305402 -0.0078101793845216259 0.0014141218477542498
leaf_weight=14563 217 419 472 274 254 211 389 1083 200 1492 260 747 227 212
leaf_count=14563 217 419 472 274 254 211 389 1083 200 1492 260 747 227 212
internal_value=9.28725e-06 -0.00125025 -0.00154767 -0.00106486 0.00345974 -0.00580474 -0.00153789 -0.00361221 0.00200001 -0.000516999 0.000561629 0.00137613 -0.000456067 -0.00478862
internal_weight=21020 6457 6240 5610 528 630 5082 1672 589 3410 2726 2466 1719 684
internal_count=21020 6457 6240 5610 528 630 5082 1672 589 3410 2726 2466 1719 684
is_linear=0
shrinkage=0.03


Tree=206
num_leaves=15
num_cat=0
split_feature=2 12 0 9 2 6 7 12 8 6 6 0 2 13
split_gain=12.1813 25.6373 17.512 13.3605 19.012 10.4433 16.9873 21.1279 24.3072 25.2832 18.9954 20.2251 27.3199 19.58
threshold=0.91428571428571381 0.06776670329856245 0.5304231725844949 0.97578423017282512 0.94040854978351718 0.17511706611963687 1.454841757455698 -0.1290115171359609 0.020398688542941572 0.264834092789828 0.264834092789828 0.51772208693392996 0.70000000000000584 1.0000000180025095e-35
decision_type=2 10 2 2 2 8 8 10 2 8 8 2 2 2
left_child=5 2 -2 4 -4 -1 7 -7 10 -10 -9 -12 13 -13
right_child=1 -3 3 -5 -6 6 -8 8 9 -11 11 12 -14 -15
leaf_value=0.00077367846403103829 -0.011717156710103155 0.0060373193230919943 -0.011430240650641967 0.0035173777085728943 -0.00068688991498582212 0.005054653704000241 -0.0057833994108725468 0.0049748486421186877 -0.011136731326457906 -0.0016322563075256056 -0.005576940682752116 0.010490124995288039 -0.0034913632838228311 5.2464430290935354e-05
leaf_weight=14857 235 249 236 235 387 589 548 662 361 815 573 331 577 312
leaf_count=14857 235 249 236 235 387 589 548 662 361 815 573 331 577 312
internal_value=0.000192344 -0.0025675 -0.00454635 -0.00252581 -0.00481521 0.000381674 -0.000839337 -0.000191228 -0.00104797 -0.00458467 0.00065207 -0.000953355 0.00123211 0.00546499
internal_weight=20967 1342 1093 858 623 19625 4768 4220 3631 1176 2455 1793 1220 643
internal_count=20967 1342 1093 858 623 19625 4768 4220 3631 1176 2455 1793 1220 643
is_linear=0
shrinkage=0.03


Tree=207
num_leaves=15
num_cat=0
split_feature=10 13 13 3 6 3 13 4 12 2 12 9 4 5
split_gain=9.81542 14.296 14.1472 12.5486 16.8905 19.4945 16.0623 19.4234 16.7163 16.388 23.1554 22.0899 36.1285 29.439
threshold=3.1522074894390708 9.5000000000000018 7.5000000000000009 0.88009779951101541 0.61072749269939808 0.88659793814433308 1.0000000180025095e-35 0.64738848082747924 -0.063350040040057107 0.62500000000008693 -0.0060134136835128795 0.98006996665142243 0.37781802960777983 1.9853570175164181
decision_type=2 2 2 2 10 2 2 2 8 2 10 2 2 2
left_child=1 2 3 -1 5 -5 7 8 -7 -8 -11 13 -13 -12
right_child=-2 -3 -4 4 -6 6 9 -9 -10 10 11 12 -14 -15
leaf_value=0.00075983761902055852 -0.0030117486571436297 0.005824632996035025 -0.0054743766925175194 -0.0094964989549556726 0.006223987167701125 0.0035299611310072154 -0.0041130956533485113 -0.0082787946510959314 -0.00272245805999239 -0.0015217370871111833 0.015092437195376708 0.0072522356068191011 -0.010196636967058923 0.0034863956106238572
leaf_weight=12594 888 394 398 239 285 481 553 439 1850 1229 255 201 217 828
leaf_count=12594 888 394 398 239 285 481 553 439 1850 1229 255 201 217 828
internal_value=6.54278e-05 0.000203028 8.83838e-05 0.000205267 -0.000856426 -0.00118182 -0.000845957 -0.00252626 -0.00142748 0.000573472 0.00152859 0.00402291 -0.0018196 0.00627592
internal_weight=20851 19963 19569 19171 6577 6292 6053 2770 2331 3283 2730 1501 418 1083
internal_count=20851 19963 19569 19171 6577 6292 6053 2770 2331 3283 2730 1501 418 1083
is_linear=0
shrinkage=0.03


Tree=208
num_leaves=15
num_cat=0
split_feature=7 7 9 9 5 3 2 4 8 12 9 5 7 10
split_gain=7.44071 17.0899 8.2148 23.2787 19.5295 16.9511 14.5725 18.1247 22.6021 18.9209 24.7883 23.4734 19.7509 15.1687
threshold=2.0855330888169537 1.8725203722976318 0.91817424169993789 0.92755264750140964 1.3661363412462324 0.80219780219779568 0.58974358974358865 0.50845442182923772 0.013664134641112704 0.015504164662423549 0.98499678396553703 2.7037473222810355 1.1092770910330858 1.3938920941585844
decision_type=10 10 2 2 2 2 2 2 2 8 2 2 8 2
left_child=1 2 -1 -4 5 -5 7 9 -9 10 -6 -11 -13 -8
right_child=-2 -3 3 4 6 -7 13 8 -10 11 -12 12 -14 -15
leaf_value=-0.00040703456624184331 -0.0029717210079999281 0.0070036706958304749 0.0080012078604843346 -0.00012812836898420645 0.0089819850477885661 0.010557984979972962 0.0033115255349430483 0.012863616013635339 0.00036664074941261394 -0.0087146405756723978 0.00041692902308998887 -0.0035134065861260532 0.0068384367672228059 -0.0016617892742276934
leaf_weight=11415 669 325 383 234 414 306 636 263 254 352 1111 394 279 3978
leaf_count=11415 669 325 383 234 414 306 636 263 254 352 1111 394 279 3978
internal_value=0.000129479 0.000232165 0.000120511 0.000820241 0.000481034 0.00596864 9.16049e-05 0.0016928 0.00678622 0.000648879 0.00276389 -0.00249598 0.000796854 -0.000973418
internal_weight=21013 20344 20019 8604 8221 540 7681 3067 517 2550 1525 1025 673 4614
internal_count=21013 20344 20019 8604 8221 540 7681 3067 517 2550 1525 1025 673 4614
is_linear=0
shrinkage=0.03


Tree=209
num_leaves=15
num_cat=0
split_feature=10 8 8 5 9 11 12 0 13 11 12 1 1 9
split_gain=7.18268 21.8816 17.9878 14.3677 14.786 16.8273 16.3168 16.9746 12.5357 12.9962 11.9629 9.29905 8.72732 8.31392
threshold=2.6132068176078338 -0.0099267411671821668 0.0031527643955743764 3.8128238151698572 1.2174115373126233 2.2876296978856732 -0.0030301516772206489 0.57353521715902511 9.5000000000000018 -1.949934983407559 -0.058629848146089285 2.6874498950619938 0.88806729758309422 0.77612467059226797
decision_type=2 2 2 2 2 2 10 2 2 2 8 2 2 2
left_child=8 10 -3 4 5 6 -4 -8 9 -1 -2 12 -12 -11
right_child=1 2 3 -5 -6 -7 7 -9 -10 13 11 -13 -14 -15
leaf_value=-0.0060528466051859818 0.0010868923378217479 0.0067971892554637304 1.6582547182060148e-05 0.0058383565931253026 0.0051642906460211621 0.0033285856168894538 -0.011660275385673071 -0.0013421198149761145 0.0063289157241582872 -0.00064396664242078968 -0.0019536461769746787 -0.00019095708166473897 -0.0089925701558972015 0.00087879777766953885
leaf_weight=273 317 374 410 279 248 310 372 234 320 4341 222 227 580 12534
leaf_count=273 317 374 410 279 248 310 372 234 320 4341 222 227 580 12534
internal_value=0.000241177 -0.0009835 0.000842065 -0.000374944 -0.00149128 -0.00275079 -0.00461294 -0.00771962 0.000491889 0.000381151 -0.00399589 -0.00555941 -0.00706832 0.000487
internal_weight=21041 3573 2227 1853 1574 1326 1016 606 17468 17148 1346 1029 802 16875
internal_count=21041 3573 2227 1853 1574 1326 1016 606 17468 17148 1346 1029 802 16875
is_linear=0
shrinkage=0.03


Tree=210
num_leaves=15
num_cat=0
split_feature=3 2 13 12 0 5 6 8 12 11 5 13 8 8
split_gain=12.0422 17.7429 20.1191 18.596 23.2814 21.0165 18.3968 29.2127 28.1543 22.0762 21.0179 29.0381 26.972 18.5129
threshold=0.82608695652174569 0.65384615384616107 7.5000000000000009 -0.0060134136835128795 0.53312708651468499 2.7948379268082877 -0.045092215246569749 -0.022918053143145656 0.020729932288066581 -0.46479703763361685 2.0697560800766697 3.5000000000000004 -0.016388571047220728 -0.019178250644912052
decision_type=2 2 2 8 2 2 8 2 10 2 2 2 2 2
left_child=1 2 6 4 -3 -6 7 9 10 -1 12 -12 -8 -10
right_child=-2 3 -4 -5 5 -7 8 -9 13 -11 11 -13 -14 -15
leaf_value=-0.010438718100388844 0.00082528725619278147 0.00035673339258540762 -0.0083653705973585363 -0.00060615486817786827 -0.013089054766651634 -0.0028191262502281645 -0.0020056897886963775 0.0033694249876671111 0.00058675257280553766 -7.4798044122871953e-05 -0.0019302809820221924 0.0097344309577925333 0.010512215694800245 -0.006230530683474518
leaf_weight=238 10023 380 242 1549 424 314 253 2859 522 775 1730 211 389 1134
leaf_count=238 10023 380 242 1549 424 314 253 2859 522 775 1730 211 389 1134
internal_value=7.29892e-05 -0.000611311 6.93257e-05 -0.00273919 -0.00567869 -0.00876784 0.000325982 0.00181973 -0.00103898 -0.00254907 0.000918835 -0.000640494 0.00560177 -0.00408631
internal_weight=21043 11020 8353 2667 1118 738 8111 3872 4239 1013 2583 1941 642 1656
internal_count=21043 11020 8353 2667 1118 738 8111 3872 4239 1013 2583 1941 642 1656
is_linear=0
shrinkage=0.03


Tree=211
num_leaves=15
num_cat=0
split_feature=12 1 7 7 12 9 12 13 4 10 13 0 6 6
split_gain=8.72967 20.1642 17.2138 19.0953 16.2266 10.7458 21.4632 17.6619 22.9323 22.3009 16.4893 16.3447 18.1639 21.3225
threshold=0.10828566254481715 0.86312633652923321 1.4369242966609197 1.0996319681485851 0.098629969158755285 0.98686002846604237 -0.15429504791603085 5.5000000000000009 0.62311192672373561 2.0013098116603705 7.5000000000000009 0.59987412027723497 0.032046147273638421 0.002321217414963606
decision_type=10 2 8 10 10 2 8 2 2 2 2 2 10 8
left_child=4 -2 3 -3 5 7 -7 11 9 -9 -8 -1 13 -13
right_child=1 2 -4 -5 -6 6 10 8 -10 -11 -12 12 -14 -15
leaf_value=0.00097229501228140254 -0.0077940251383500254 -0.0001419013916040582 0.0076428526555592157 -0.0099738543914649098 0.0068951743972246286 0.0073394021839740566 -0.0009955556218839885 0.014187093381181917 -0.0011929064297101684 0.0017102509292484332 -0.0086307404815817047 -0.0010330239200131131 -0.0047386520390348763 0.0081467256227204972
leaf_weight=8797 402 1299 207 201 319 262 5140 288 353 233 263 1936 1056 253
leaf_count=8797 402 1299 207 201 319 262 5140 288 353 233 263 1936 1056 253
internal_value=3.47831e-05 -0.00179354 -0.000361781 -0.00148814 0.000239221 0.000123127 -0.000965706 0.000600881 0.00470625 0.00867654 -0.00137485 0.000301086 -0.00151722 4.41002e-05
internal_weight=21009 2109 1707 1500 18900 18581 5665 12916 874 521 5403 12042 3245 2189
internal_count=21009 2109 1707 1500 18900 18581 5665 12916 874 521 5403 12042 3245 2189
is_linear=0
shrinkage=0.03


Tree=212
num_leaves=15
num_cat=0
split_feature=2 8 2 7 12 6 11 2 0 12 5 12 9 5
split_gain=11.4185 12.3422 17.1808 15.3304 13.7086 18.7677 16.2315 24.3665 17.0345 15.7621 15.088 15.9875 15.8319 14.8655
threshold=0.45997032640949148 0.065649109493370703 0.78078854721103952 0.45183790199184048 0.11591961045787726 -0.29843107125268359 2.2565065754172386 0.59268183846498113 0.63890424753673714 0.098629969158755285 1.4640932228133663 0.0068306271676463757 0.81807400868390545 1.5054029067687227
decision_type=2 2 2 10 10 10 2 2 2 10 2 10 2 2
left_child=-1 4 3 -3 6 -6 8 -8 9 13 -10 -12 -13 -2
right_child=1 2 -4 -5 5 -7 7 -9 10 -11 11 12 -14 -15
leaf_value=-0.001237113702032322 0.0034628627389809334 0.010503599365176848 -0.0017340981878832425 0.0024429709407551487 -0.0096007775711455089 -0.00089342640582577718 0.013342137974904519 0.0011042511591024822 -0.010167598257271144 0.0068721758424391483 -0.0042909159278162086 0.0077642506785517524 -0.0017323592504654944 1.3346644806526379e-05
leaf_weight=4970 1273 339 434 566 278 1053 209 467 203 348 829 253 404 9353
leaf_count=4970 1273 339 434 566 278 1053 209 467 203 348 829 253 404 9353
internal_value=1.82947e-05 0.000408301 0.0031599 0.00550349 0.000156159 -0.00274122 0.000446185 0.00495804 0.000203463 0.000635423 -0.00259672 -0.00153185 0.00195565 0.000428035
internal_weight=20979 16009 1339 905 14670 1331 13339 676 12663 10974 1689 1486 657 10626
internal_count=20979 16009 1339 905 14670 1331 13339 676 12663 10974 1689 1486 657 10626
is_linear=0
shrinkage=0.03


Tree=213
num_leaves=15
num_cat=0
split_feature=10 13 3 13 7 7 12 5 5 12 12 1 0 3
split_gain=11.2439 9.73867 10.186 15.9738 13.4415 21.6089 22.5293 20.5971 21.7811 20.1075 20.0217 17.7418 16.9465 16.694
threshold=3.121978978507443 9.5000000000000018 0.86401754385965623 7.5000000000000009 0.083730226655854556 0.23353201770793039 -0.1290115171359609 2.5761466456421567 2.8298853892296374 0.0026222676647686409 -0.0068176881492975063 1.370192394274141 0.50611401150834834 0.94736842105263841
decision_type=2 2 2 2 10 10 8 2 2 8 10 2 2 2
left_child=1 2 3 -1 7 9 -7 13 -9 -6 -8 -11 -12 -4
right_child=-2 -3 4 -5 5 6 10 8 -10 11 12 -13 -14 -15
leaf_value=0.00040001820227728529 -0.0034696162438415216 0.0044817618565022492 -0.00023702786992425503 -0.0077221240687209208 -0.0017644920921839266 0.0080422145115292588 -0.0043252255959633709 -0.0091160741555366184 -1.6702519659541876e-05 -0.015005979726509173 0.0051158586315506573 -0.0035150171711628886 -0.0012361592240716041 0.0065266334613164265
leaf_weight=11886 985 388 639 217 510 225 1474 298 1083 289 485 212 1649 670
leaf_count=11886 985 388 639 217 510 225 1474 298 1083 289 485 212 1649 670
internal_value=-0.000348663 -0.000194321 -0.000287831 0.000251264 -0.00115345 -0.002097 -0.00106439 0.000546378 -0.00200602 -0.00598743 -0.00164264 -0.0102263 0.000216065 0.00323655
internal_weight=21010 20025 19637 12103 7534 4844 3833 2690 1381 1011 3608 501 2134 1309
internal_count=21010 20025 19637 12103 7534 4844 3833 2690 1381 1011 3608 501 2134 1309
is_linear=0
shrinkage=0.03


Tree=214
num_leaves=15
num_cat=0
split_feature=12 8 5 2 0 4 4 8 0 3 7 4 2 11
split_gain=9.60921 22.5516 21.5003 19.1654 17.3626 32.3966 25.9946 17.3907 15.0145 17.8616 21.0376 17.071 13.8284 15.7693
threshold=0.069161965077393375 0.0013111018541175528 3.5868422737740917 0.84482758620688025 0.57502670065498895 0.26741562084690235 0.29489563683780962 -0.016824131912217932 0.49735242973270105 0.58974358974358598 0.22788107955100009 0.45424920083708192 0.88235294117646712 1.2785381317667819
decision_type=8 2 2 2 2 2 2 2 2 2 10 2 2 2
left_child=12 2 4 8 5 -2 -6 -7 -3 -10 -11 -12 13 -1
right_child=1 3 -4 -5 6 7 -8 -9 9 10 11 -13 -14 -15
leaf_value=0.0005247601636180258 -0.0068241979214636716 0.0084068965694661865 -0.010105441266697058 0.010273797273660054 0.011890416327206527 0.0064796153334810312 -0.0016479112746582614 -0.0041761596979071891 -0.0052375688958067471 -0.0045867359790373857 0.0077758968428250537 -0.00029758486102602277 -0.0029467748091025841 -0.0016248021109327257
leaf_weight=10867 607 290 208 303 233 407 273 203 321 279 609 382 1681 4276
leaf_count=10867 607 290 208 303 233 407 273 203 321 279 609 382 1681 4276
internal_value=-5.16347e-05 0.00124694 -0.00111369 0.0033319 -2.11173e-06 -0.0019439 0.00464149 0.00292839 0.00218939 0.00103331 0.00263263 0.00467795 -0.000369532 -8.25578e-05
internal_weight=20939 4115 1931 2184 1723 1217 506 610 1881 1591 1270 991 16824 15143
internal_count=20939 4115 1931 2184 1723 1217 506 610 1881 1591 1270 991 16824 15143
is_linear=0
shrinkage=0.03


Tree=215
num_leaves=15
num_cat=0
split_feature=9 6 10 2 3 10 11 10 3 10 2 8 7 9
split_gain=8.89073 20.05 24.9226 18.3038 16.5685 18.7095 13.8902 15.5097 10.8201 11.088 10.4479 20.4834 13.0929 13.1216
threshold=1.0661586391822011 -0.075409185494651462 1.5889367942517403 0.81022196163480831 0.91304347826087218 1.5178590199973099 1.1976327426690931 2.5456256363458922 0.83333333333335224 2.6393677836369718 0.16465669782877965 0.014686890337389331 1.8302133393650342 1.0556591363961305
decision_type=2 10 2 2 2 2 2 2 2 2 2 2 10 2
left_child=10 2 -2 6 5 -3 7 -4 9 -7 11 -1 13 -12
right_child=1 4 3 -5 -6 8 -8 -9 -10 -11 12 -13 -14 -15
leaf_value=0.0011100377212828539 -0.0067021679700962422 0.006951156369069727 0.0021076885182752247 0.010233056881848503 -0.0076102967145335338 -0.0065902275209526852 0.0053282536637300672 -0.0071418530151419251 0.0016646956832323233 5.5640797414209529e-05 0.00037692479273210663 -0.0099176899859085392 0.0056816588089740041 0.0075186457469108257
leaf_weight=376 285 200 431 250 535 668 463 256 362 340 15822 248 443 230
leaf_count=376 285 200 431 250 535 668 463 256 362 340 15822 248 443 230
internal_value=0.000187257 -0.00112656 0.00131027 0.00295942 -0.00307567 -0.00151117 0.00134074 -0.00136571 -0.00276733 -0.00435936 0.00047837 -0.00331677 0.0006229 0.000481564
internal_weight=20909 3790 1685 1400 2105 1570 1150 687 1370 1008 17119 624 16495 16052
internal_count=20909 3790 1685 1400 2105 1570 1150 687 1370 1008 17119 624 16495 16052
is_linear=0
shrinkage=0.03


Tree=216
num_leaves=15
num_cat=0
split_feature=7 3 12 1 5 5 0 0 10 11 13 5 10 13
split_gain=10.396 20.9223 31.4424 20.1455 19.9557 34.0684 18.2878 23.8137 21.5203 18.3525 16.4665 17.8749 16.2578 15.8619
threshold=0.23353201770793039 0.94634204861273497 0.034762656349010553 1.5535876887859936 2.5656767307988999 2.8666955481890208 0.5018934611426259 0.63716092792292212 2.1519485557468072 0.94508626567029774 1.5000000000000002 1.9610136633998192 1.6522091299767447 7.5000000000000009
decision_type=8 2 8 2 2 2 2 2 2 2 2 2 2 2
left_child=1 2 3 6 10 -6 -1 8 9 -8 11 -3 -7 -2
right_child=13 4 -4 -5 5 12 7 -9 -10 -11 -12 -13 -14 -15
leaf_value=-0.0059286900883468467 0.00030046792004240121 -0.0036495633540200253 -0.0065646403804064651 -0.0072597343776245214 -0.011175600635760929 0.0082784813495494856 -0.0015588317781662989 -0.0054311076066381218 0.0081836341676324708 0.0076403322066244074 0.0098714403539710907 0.0067948599912618333 -0.0012200663071250755 -0.0048226676598454995
leaf_weight=357 14568 301 1248 368 251 218 817 365 493 251 317 280 591 560
leaf_count=357 14568 301 1248 368 251 218 817 365 493 251 317 280 591 560
internal_value=-0.000306278 -0.00137883 -0.00264832 -0.000795769 0.00114945 -0.00163569 0.000259755 0.00141922 0.00303322 0.000628672 0.00442788 0.00139892 0.00137462 0.000109292
internal_weight=20985 5857 3899 2651 1958 1060 2283 1926 1561 1068 898 581 809 15128
internal_count=20985 5857 3899 2651 1958 1060 2283 1926 1561 1068 898 581 809 15128
is_linear=0
shrinkage=0.03


Tree=217
num_leaves=15
num_cat=0
split_feature=9 13 10 6 13 1 8 9 10 6 1 0 13 6
split_gain=6.8369 12.6906 20.3921 15.6748 15.618 15.549 20.5511 15.7547 15.0467 16.897 17.0307 15.7723 15.3605 12.7042
threshold=0.84403999412277531 4.5000000000000009 1.6171794075459915 -0.051244011391974424 3.5000000000000004 2.4330699490554797 -0.015485426329825575 0.75772627210650534 2.3957552178523156 -0.1919233327364355 1.5134652759749472 0.4513723681023008 2.5000000000000004 -0.035329401628250594
decision_type=2 2 2 8 2 2 2 2 2 8 2 2 2 10
left_child=1 4 -3 -4 5 8 -7 -8 11 -10 13 -1 -13 -11
right_child=-2 2 3 -5 -6 6 7 -9 9 10 -12 12 -14 -15
leaf_value=0.0068501723016733702 -0.00034136562423516047 0.011127387547948913 0.0068953689133775401 -0.0041231688592793803 -0.0056449541315192085 0.0034952042098365613 -0.010241177076313545 -0.0013328220278675882 -0.0026429908567418654 0.0095784084916671862 0.014125009011828674 -0.00022155898669826683 0.0068090245502707139 6.1547819572610975e-05
leaf_weight=340 12741 263 202 260 361 330 332 384 211 209 207 4546 293 308
leaf_count=340 12741 263 202 260 361 330 332 384 211 209 207 4546 293 308
internal_value=9.4209e-05 0.00076702 0.00454362 0.000716706 0.000400191 0.000708708 -0.00266304 -0.00550589 0.00128726 0.00477943 0.00694588 0.000652794 0.00021073 0.00396369
internal_weight=20987 8246 725 462 7521 7160 1046 716 6114 935 724 5179 4839 517
internal_count=20987 8246 725 462 7521 7160 1046 716 6114 935 724 5179 4839 517
is_linear=0
shrinkage=0.03


Tree=218
num_leaves=15
num_cat=0
split_feature=4 9 9 12 12 6 5 6 5 10 0 0 2 0
split_gain=9.09702 10.5164 7.62035 7.18197 22.5157 18.057 18.6734 22.5695 28.0124 17.6489 15.48 24.0633 15.355 15.4018
threshold=0.0089232462831246688 0.88623357177191719 0.58598114449990912 -0.010263255916799106 -0.0018379222325597409 -0.12509366848736689 3.0475195982086443 -0.21248714023358536 2.0349590145652838 1.6235548314719968 0.52673750608176062 0.60671567247201952 0.48000000000002335 0.56423163566637469
decision_type=2 2 2 8 10 8 2 10 2 2 2 2 2 2
left_child=1 -1 -2 -4 10 6 7 -6 -9 -8 -5 -12 -7 -14
right_child=2 -3 3 4 5 12 9 8 -10 -11 11 -13 13 -15
leaf_value=0.0090693294911883601 -0.005178939724669737 -0.00044115576893091199 -0.00063459308012393226 -0.00053670986150481683 -0.0024230872637525888 -0.0030629205370911608 -0.0024386058405282038 0.009804116701989463 -0.00038168980956289437 0.0065172477191911826 0.010843408223361016 -0.00062463849663734437 0.0016307598789399916 -0.0015625767500354478
leaf_weight=210 250 203 8369 356 1272 1909 243 391 628 1014 494 245 2762 2667
leaf_count=210 250 203 8369 356 1272 1909 243 391 628 1014 494 245 2762 2667
internal_value=6.38452e-05 0.00444532 -2.50544e-05 3.95177e-05 0.000510468 9.71001e-05 0.00185276 0.000238039 0.00355549 0.00478312 0.00460086 0.00706277 -0.000752461 6.20367e-05
internal_weight=21013 413 20600 20350 11981 10886 3548 2291 1019 1257 1095 739 7338 5429
internal_count=21013 413 20600 20350 11981 10886 3548 2291 1019 1257 1095 739 7338 5429
is_linear=0
shrinkage=0.03


Tree=219
num_leaves=15
num_cat=0
split_feature=1 5 1 2 1 6 12 6 11 5 2 8 2 9
split_gain=7.22065 15.8987 8.22871 11.5859 6.90017 17.9626 6.80611 19.8557 13.2858 17.6999 19.6647 19.8629 17.8275 16.29
threshold=0.41164057385130948 2.5656767307988999 0.49201336685733427 0.53333333333333266 0.53954538786102535 -0.057022928058371884 -0.053698671883536324 0.81806866358926189 -1.4820852662300712 3.5645372284819867 0.6315789473684349 -0.050108785041895983 0.74100328404766469 0.73552693992753126
decision_type=2 2 2 2 2 10 8 8 2 2 2 2 2 2
left_child=1 -1 3 -2 5 -4 7 8 -6 10 13 -12 -13 -10
right_child=2 -3 4 -5 6 -7 -8 -9 9 -11 11 12 -14 -15
leaf_value=-0.0020215637219797183 0.0014777088995490755 0.0086805476777226422 -0.0027207818068142142 -0.0077570688698890833 0.0043035955696056278 0.0095897454778487608 0.00011487540661485183 0.0053658024019621799 -0.0080766159219291585 0.0025853529467520136 0.0018679658337690983 -0.011905394778995748 -0.0044794410128821205 0.00057661507532178011
leaf_weight=241 205 251 202 293 283 217 15432 367 228 538 258 462 801 1223
leaf_count=241 205 251 202 293 283 217 15432 367 228 538 258 462 801 1223
internal_value=-0.000102385 0.00347065 -0.000188925 -0.0039787 -9.36415e-05 0.00369274 -0.00017554 -0.00125171 -0.00189823 -0.00240367 -0.00330962 -0.0056874 -0.00723206 -0.000806159
internal_weight=21001 492 20509 498 20011 419 19592 4160 3793 3510 2972 1521 1263 1451
internal_count=21001 492 20509 498 20011 419 19592 4160 3793 3510 2972 1521 1263 1451
is_linear=0
shrinkage=0.03


Tree=220
num_leaves=15
num_cat=0
split_feature=3 3 7 1 7 12 9 10 8 6 1 7 1 7
split_gain=13.0776 27.6709 22.9502 27.4786 25.3724 24.6284 17.9491 20.9828 12.5985 12.6734 12.1598 11.6953 19.8203 16.5276
threshold=0.95402298850574885 0.93667398960838832 0.054748084546827093 1.0898964158591884 -0.12704257449081205 -0.010263255916799106 0.95248763758319865 1.7889347099780619 -0.023349429981344642 -0.081594981718571033 4.608789548833383 0.21519120293491439 1.9057230538351311 0.3841751161658658
decision_type=2 2 8 2 10 8 2 2 2 8 2 8 2 8
left_child=1 10 4 8 6 -6 7 -2 -4 -10 11 12 -1 -13
right_child=2 -3 3 -5 5 -7 -8 -9 9 -11 -12 13 -14 -15
leaf_value=-0.00061945697625086585 0.0041692776240969216 -0.0051277419526798403 0.0007501507081866803 0.0024157191514823919 0.0023538343414016391 0.016104151731864972 0.0081719097415354925 -0.0077893593355241519 -0.013505661716160263 -0.0031476391883878746 -0.0029336171330371147 0.0034193579783606555 -0.010066789810768735 0.00031546334811117637
leaf_weight=3257 274 948 216 1280 202 281 252 246 201 228 1088 1805 208 10514
leaf_count=3257 274 948 216 1280 202 281 252 246 201 228 1088 1805 208 10514
internal_value=0.000162107 -0.000154316 0.00193272 -0.000127246 0.00508041 0.0104365 0.00168376 -0.00150838 -0.00515351 -0.00810038 0.000126566 0.000338369 -0.00120026 0.000771454
internal_weight=21000 17820 3180 1925 1255 483 772 520 645 429 16872 15784 3465 12319
internal_count=21000 17820 3180 1925 1255 483 772 520 645 429 16872 15784 3465 12319
is_linear=0
shrinkage=0.03


Tree=221
num_leaves=15
num_cat=0
split_feature=2 7 11 11 7 1 1 10 4 5 8 1 10 0
split_gain=10.4945 22.4037 19.73 15.4127 23.3683 30.9143 22.6396 18.4431 15.7365 13.5653 24.3808 26.0009 19.6801 15.9582
threshold=0.76119402985076035 0.88312139976031234 0.77032184932696424 0.6868770398962939 0.089413581242177964 0.90965330224423913 1.3908866694570075 1.6351602105740788 0.73593545931053017 2.4493701379723483 -0.0136437266312178 1.263491383429159 1.6626839497591945 0.60874806798995607
decision_type=2 8 2 2 10 2 2 2 2 2 2 2 2 2
left_child=2 3 -1 -2 5 -5 -6 -8 -9 10 -4 -12 -13 -11
right_child=1 -3 9 4 6 -7 7 8 -10 13 11 12 -14 -15
leaf_value=-0.0014446990519220294 0.0018535682323962885 0.0097805158594461879 0.0096057682098129749 -0.0028819858328654213 -0.0098564249246070774 0.0085046625406428687 0.0066383897588736763 -0.0077939354021462695 0.0011547613251296912 -0.00054526833032200836 0.0061905540554064043 -0.010803296021228537 0.0018649485957833516 0.0037948259560273727
leaf_weight=7927 3687 249 402 450 391 402 202 367 335 4895 392 213 221 898
leaf_count=7927 3687 249 402 450 391 402 202 367 335 4895 392 213 221 898
internal_value=8.13434e-06 0.00105815 -0.000419373 0.000677812 -0.00134091 0.00250886 -0.00387363 -0.00124596 -0.00354558 0.000738467 0.00359575 0.000630577 -0.00440465 0.000130202
internal_weight=21031 6083 14948 5834 2147 852 1295 904 702 7021 1228 826 434 5793
internal_count=21031 6083 14948 5834 2147 852 1295 904 702 7021 1228 826 434 5793
is_linear=0
shrinkage=0.03


Tree=222
num_leaves=15
num_cat=0
split_feature=12 6 8 7 9 11 11 5 12 3 6 11 11 3
split_gain=5.88797 20.8401 13.9181 16.6374 11.9431 11.7151 25.0102 14.0295 16.5459 15.0381 13.6814 17.2112 29.7575 16.0687
threshold=-0.018213343815518031 -0.52629118259090746 -0.06813569002440184 0.15654353227744677 0.88623357177191719 -1.0593863830618873 -1.2838785909577706 3.5645372284819867 -0.058629848146089285 0.81818181818181679 -0.14593288138267482 -0.51415129000424575 0.77032184932696424 0.72500000000000153
decision_type=10 10 2 10 2 2 2 2 10 2 8 2 2 2
left_child=2 -2 3 -1 -5 6 -4 10 9 -9 11 -7 13 -13
right_child=1 -3 5 4 -6 7 -8 8 -10 -11 -12 12 -14 -15
leaf_value=-0.011779024690704446 -0.0062901220229461038 0.00052529139631186288 -0.00019699027096586565 0.0027051027718631702 -0.0068016034727023077 -0.011798761162943053 0.01161438444136504 0.0011373063814921994 -0.0019899856282330776 0.011032278631782666 -0.00038707690623736296 -0.0050009944793340316 -0.0070223834128209 0.0046822596001907212
leaf_weight=208 412 12754 583 256 214 201 218 287 410 264 3804 217 668 502
leaf_count=208 412 12754 583 256 214 201 218 287 410 264 3804 217 668 502
internal_value=-7.77236e-05 0.000309712 -0.000728805 -0.00482057 -0.00164951 -0.000337923 0.0030697 -0.000769639 0.00256101 0.00593485 -0.00136507 -0.00369926 -0.00248734 0.00174542
internal_weight=20998 13166 7832 678 470 7154 801 6353 961 551 5392 1588 1387 719
internal_count=20998 13166 7832 678 470 7154 801 6353 961 551 5392 1588 1387 719
is_linear=0
shrinkage=0.03


Tree=223
num_leaves=15
num_cat=0
split_feature=9 2 3 5 9 12 3 0 4 11 13 3 7 8
split_gain=6.63818 14.7256 8.74898 30.1741 25.8955 22.285 13.5445 17.1106 17.2671 13.8402 13.3771 12.6896 28.3647 14.7341
threshold=0.63579297839709581 0.66666666666666263 0.49210279016523228 2.7864466058715727 0.9446624416255639 -0.019671530526160438 0.59459459459460529 0.59257093980028541 0.44538921191271813 0.45118046517254412 1.0000000180025095e-35 0.63636363636362825 1.0263194998097218 0.00906190751901499
decision_type=2 2 2 2 2 10 2 2 2 2 2 2 8 2
left_child=1 -1 3 4 -2 -5 7 8 9 -4 -7 12 13 -8
right_child=2 -3 6 5 -6 10 11 -9 -10 -11 -12 -13 -14 -15
leaf_value=-0.0014348059031123264 0.0097726906651909307 0.0069177353538448956 -0.0077332582308308161 -0.010711248535952586 -0.0014988289630183805 0.006119283357041371 0.0027900810995653493 -0.0092901210023245938 0.004686304601091964 -0.00064619783463422203 -0.0040604809461106247 -0.00044411291994541317 -0.0030410507941578927 0.013019615925432913
leaf_weight=398 517 356 403 212 281 224 263 318 301 635 231 16129 371 246
leaf_count=398 517 356 403 212 281 224 263 318 301 635 231 16129 371 246
internal_value=-0.000225853 0.00252843 -0.000329616 0.0018989 0.00581903 -0.00279955 -0.000504982 -0.00308991 -0.00158834 -0.00342161 0.000963136 -0.000252327 0.00324546 0.00781258
internal_weight=20885 754 20131 1465 798 667 18666 1657 1339 1038 455 17009 880 509
internal_count=20885 754 20131 1465 798 667 18666 1657 1339 1038 455 17009 880 509
is_linear=0
shrinkage=0.03


Tree=224
num_leaves=15
num_cat=0
split_feature=1 13 5 4 5 0 12 12 8 10 7 2 4 10
split_gain=7.20777 15.7063 21.0457 29.3021 28.0263 21.4419 20.8715 20.4152 24.5066 14.3529 14.1239 15.5386 18.051 14.0664
threshold=0.88806729758309422 1.0000000180025095e-35 3.2769616472698733 0.13907121019249333 2.4086747388487209 0.61546676892066132 -0.056108272855142964 1.0000000180025095e-35 0.0035450316475993792 2.4521221890302942 1.8725203722976318 0.34976851851848928 0.14592567401577552 1.1930574750955876
decision_type=2 2 2 2 2 2 10 10 2 2 8 2 2 2
left_child=1 -1 3 4 -3 6 -5 -8 -9 -4 11 12 -2 -13
right_child=10 2 9 5 -6 -7 7 8 -10 -11 -12 13 -14 -15
leaf_value=-0.0006095322884450881 0.00032486764856737342 -0.0067409443249277414 -0.0071154715000655514 0.00063000210762225286 0.0054106387454856391 -0.0010274971909673787 0.017744739751037939 0.013285730372275812 -0.00037726674559656703 0.0031409395900135638 0.0031838644923726941 0.0026457556185953729 -0.0078315835185153275 -0.00076535999006219755
leaf_weight=3245 426 354 291 217 321 248 271 266 209 206 875 1189 566 12263
leaf_count=3245 426 354 291 217 321 248 271 266 209 206 875 1189 566 12263
internal_value=-0.00016914 0.000748553 0.0025953 0.00404073 -0.000964898 0.00682331 0.00883999 0.0112081 0.0073327 -0.00287538 -0.000506423 -0.000731 -0.00434485 -0.000462986
internal_weight=20947 5628 2383 1886 675 1211 963 746 475 497 15319 14444 992 13452
internal_count=20947 5628 2383 1886 675 1211 963 746 475 497 15319 14444 992 13452
is_linear=0
shrinkage=0.03


Tree=225
num_leaves=15
num_cat=0
split_feature=11 1 6 6 7 7 11 12 1 12 0 11 11 13
split_gain=8.55775 21.8479 33.4087 21.9775 13.87 18.2323 16.6772 15.9754 17.9703 16.2669 12.5671 11.7828 24.6639 23.5498
threshold=1.5584756176913248 1.0347684924188909 -0.3305459811950891 0.006912498699086945 1.4993147801551507 1.2822117072433465 2.1199402429647107 0.013373467888670778 1.5535876887859936 0.054092201079244291 0.54316810221382339 1.1337841785748839 1.2785381317667819 1.0000000180025095e-35
decision_type=2 2 10 10 8 10 2 10 2 10 2 2 2 2
left_child=11 3 -3 10 5 6 7 8 -4 -9 -2 -1 -13 -14
right_child=1 2 4 -5 -6 -7 -8 9 -10 -11 -12 12 13 -15
leaf_value=-5.2183105114531037e-05 -0.0041170533746207379 0.010477142345580609 -0.0004968855616658233 0.00038591110988285776 0.0035549721089856968 -0.009333353485912084 0.0023382109779584485 0.0067033202792207399 -0.011007964676659671 -0.0038039797340914741 -0.012132288120583829 0.0060997525414283361 -0.0040456874411913491 0.0031752047138585084
leaf_weight=14219 378 252 253 468 520 255 833 220 344 318 338 912 729 906
leaf_count=14219 378 252 253 468 520 255 833 220 344 318 338 912 729 906
internal_value=-1.81409e-05 -0.00123192 0.000133773 -0.00467256 -0.000833808 -0.0018661 -0.000877341 -0.00323721 -0.00659464 0.000514846 -0.00795868 0.000284676 0.00216166 -4.69043e-05
internal_weight=20945 4179 2995 1184 2743 2223 1968 1135 597 538 716 16766 2547 1635
internal_count=20945 4179 2995 1184 2743 2223 1968 1135 597 538 716 16766 2547 1635
is_linear=0
shrinkage=0.03


Tree=226
num_leaves=15
num_cat=0
split_feature=7 7 8 11 10 7 7 10 7 12 6 3 11 7
split_gain=8.81776 23.2757 16.0367 17.3967 24.6261 36.3506 24.3482 14.6957 11.8701 15.1286 9.79074 22.7313 28.9167 20.2651
threshold=1.0886385987826979 1.1230466487630673 0.0082202951247325549 0.77032184932696424 2.6906029872593495 1.7916766595357732 1.721878744042016 2.0684776699559473 1.2424969037903397 0.012638018794943863 -0.015810701338993368 0.55128205128203844 0.99165997654141114 1.4369242966609197
decision_type=8 8 2 2 2 10 10 2 10 8 8 2 2 8
left_child=-1 -2 3 6 5 7 8 -5 -3 -10 11 12 -4 -12
right_child=1 2 10 4 -6 -7 -8 -9 9 -11 13 -13 -14 -15
leaf_value=-0.00045207342125581527 0.0097668402256537584 0.0015964824431478144 0.014023002648174545 0.0069324103918418922 -0.003938067204465991 -0.0028812946360788224 0.0060336030001306657 0.016189789049410465 -0.0012878555259717408 -0.01174968717749352 0.0010589649658708006 -0.0031051125360615148 -0.00078326275493477426 -0.0073655548086810933
leaf_weight=16353 254 281 201 396 223 238 363 264 274 225 478 638 279 548
leaf_count=16353 254 281 201 396 223 238 363 264 274 225 478 638 279 548
internal_value=-0.000123941 0.00102631 0.000512162 0.00227066 0.00491733 0.00712602 -0.000335174 0.0107292 -0.00331866 -0.00607488 -0.00134573 0.000596353 0.00549751 -0.00345458
internal_weight=21015 4662 4408 2264 1121 898 1143 660 780 499 2144 1118 480 1026
internal_count=21015 4662 4408 2264 1121 898 1143 660 780 499 2144 1118 480 1026
is_linear=0
shrinkage=0.03


Tree=227
num_leaves=15
num_cat=0
split_feature=1 9 11 9 4 12 1 3 9 9 1 1 10 9
split_gain=7.81001 12.4176 21.0263 14.2989 16.3866 13.2022 11.8069 11.7861 12.0147 25.0973 9.83502 9.46022 18.9312 13.3479
threshold=0.61978803209505284 0.63579297839709581 0.77032184932696424 0.69051205167522822 0.26741562084690235 0.025242049972882766 1.2960470462523437 0.65454545454545809 1.1033595928700703 0.98919770294036047 1.1034018469183366 0.69521644508194747 1.9084176366569772 0.87966752417108951
decision_type=2 2 2 2 2 8 2 2 2 2 2 2 2 2
left_child=7 2 6 4 10 -6 -2 -1 9 -9 -3 12 13 -5
right_child=1 3 -4 11 5 -7 -8 8 -10 -11 -12 -13 -14 -15
leaf_value=0.0032056839918788477 0.0052524208678392022 -0.0027929678997157311 0.011433425365866702 -0.0052512231199856258 -0.0039360310138569898 0.0057947105209389073 -0.0045547024191242378 -0.001632424953946218 0.0032519346880291004 -0.011186992229477872 -0.011906253397464752 0.00026629517665491606 0.0086677500603031619 0.0047393527404752927
leaf_weight=390 218 206 238 244 282 218 214 1254 273 304 225 16247 360 228
leaf_count=390 218 206 238 244 282 218 214 1254 273 304 225 16247 360 228
internal_value=0.000178586 0.000378658 0.00437353 0.00022887 -0.0033816 0.00032194 0.000397735 -0.00150122 -0.00250979 -0.00352655 -0.00763246 0.000426614 0.00353697 -0.000426175
internal_weight=20901 18680 670 18010 931 500 432 2221 1831 1558 431 17079 832 472
internal_count=20901 18680 670 18010 931 500 432 2221 1831 1558 431 17079 832 472
is_linear=0
shrinkage=0.03


Tree=228
num_leaves=15
num_cat=0
split_feature=5 6 7 7 13 3 3 9 7 6 5 4 5 7
split_gain=11.5263 22.3757 8.62167 28.473 19.91 14.0291 20.6906 17.2913 13.7549 19.3865 15.4467 24.0067 13.504 30.1713
threshold=3.9304699601247233 -0.045092215246569749 0.88312139976031234 0.84693315321020235 7.5000000000000009 0.58111645677090518 0.61111111111110761 1.2102231619586954 1.227457111355386 0.20992154102796126 1.8457111322917683 0.27640967832118718 1.7893775226424367 0.58088027850857626
decision_type=2 10 10 10 2 2 2 2 10 10 2 2 2 8
left_child=2 -2 3 12 5 8 -7 -8 -4 10 -10 -12 13 -1
right_child=1 -3 4 -5 -6 6 7 -9 9 -11 11 -13 -14 -15
leaf_value=-0.00026238931269804158 -0.001896424336394049 0.011930504936092304 -0.0044228165926835919 -0.0082825112660330803 -0.0078276880921141524 0.0097573294494079209 0.0011556619675414869 0.0093716806402227969 0.0090432437491971395 -0.0059796106181667485 -0.0022811838362196625 0.0074125296268117633 0.00031796364225539876 -0.0078277311792883733
leaf_weight=1981 207 207 601 391 217 314 3147 244 253 296 710 334 11448 619
leaf_count=1981 207 207 601 391 217 314 3147 244 253 296 710 334 11448 619
internal_value=0.000151105 0.00507691 5.06838e-05 -0.0003492 0.000994266 0.00132514 0.00244981 0.00175977 -0.000575321 0.000885541 0.00246925 0.000840611 -0.000125523 -0.00207509
internal_weight=20969 414 20555 14439 6116 5899 3705 3391 2194 1593 1297 1044 14048 2600
internal_count=20969 414 20555 14439 6116 5899 3705 3391 2194 1593 1297 1044 14048 2600
is_linear=0
shrinkage=0.03


Tree=229
num_leaves=15
num_cat=0
split_feature=12 6 5 4 6 7 7 11 1 12 8 3 5 5
split_gain=7.42486 17.3906 17.7818 13.8347 13.672 18.1599 16.962 30.5133 20.5389 21.6522 18.0254 23.6438 38.8074 25.8574
threshold=-0.0088221020879286609 0.45453334786135441 3.2143778202021869 0.16022598173790537 0.22614415430691384 0.69613976976064584 0.68982098211674969 -1.0593863830618873 0.9433481827919955 -0.08689071345023873 -0.0012166029576069519 0.80649062033529229 2.0937511829688713 1.4820069284445243
decision_type=8 8 2 2 10 8 10 2 2 10 2 2 2 2
left_child=1 4 3 -3 6 -6 10 -8 -9 -10 11 12 -1 -13
right_child=-2 2 -4 -5 5 -7 7 8 9 -11 -12 13 -14 -15
leaf_value=-0.017333039396699765 0.00061550833145585545 -0.00036818732189226752 -0.0032732590388426246 0.0085080919718524741 -0.00098242994262447278 -0.010022936900911321 0.011763875607008997 0.0054088371281831435 -0.0066159900530804814 0.00065149832998962181 0.00053909708579882496 0.0073006245853372113 -0.0028958740581872381 -0.0030212228874714202
leaf_weight=252 12205 232 273 488 497 331 223 552 481 1529 1769 252 489 1455
leaf_count=252 12205 232 273 488 497 331 223 552 481 1529 1769 252 489 1455
internal_value=0.000136316 -0.000526533 0.00320367 0.00566514 -0.00100134 -0.00463492 -0.000568661 0.00124692 0.000310382 -0.00109974 -0.00176777 -0.00343248 -0.00788894 -0.00148056
internal_weight=21028 8823 993 720 7830 828 7002 2785 2562 2010 4217 2448 741 1707
internal_count=21028 8823 993 720 7830 828 7002 2785 2562 2010 4217 2448 741 1707
is_linear=0
shrinkage=0.03


Tree=230
num_leaves=15
num_cat=0
split_feature=6 1 7 4 1 11 1 11 13 7 0 13 14 6
split_gain=16.8417 11.574 13.1675 14.0457 13.0071 24.1661 21.9248 11.1395 8.70496 23.2333 27.4939 17.7058 25.085 14.2454
threshold=-0.26361451894748222 0.67391509362961666 0.37833154504368527 0.32096346956960481 1.255794682749086 1.5267866698564883 1.9657994578297855 0.69957629515563624 7.5000000000000009 0.67692688741969642 0.55736058340573102 5.5000000000000009 1.0000000180025095e-35 -0.12971474771260597
decision_type=8 2 8 2 2 2 2 2 2 8 2 2 2 10
left_child=1 -1 3 -3 7 6 -6 -4 11 10 -10 13 -13 -2
right_child=8 2 4 -5 5 -7 -8 -9 9 -11 -12 12 -14 -15
leaf_value=-0.0073450808961446103 0.0017438297862613485 0.0063113547462437828 -0.0024769528159821353 -0.0018470444049277944 0.0021002281552144125 0.0069197398210625828 -0.0085610212501552371 -0.01203466453178741 -0.0062809715631443096 -0.0095920685194301088 0.0083550847912230441 0.010933200037323459 -0.00046801093462067592 -0.00022715496871911686
leaf_weight=344 4473 331 217 433 301 241 400 224 217 278 236 339 350 12545
leaf_count=344 4473 331 217 433 301 241 400 224 217 278 236 339 350 12545
internal_value=3.71483e-05 -0.00227561 -0.00144819 0.0017056 -0.00319028 -0.0011851 -0.00400077 -0.00741216 0.000350138 -0.00284695 0.00135196 0.00048289 0.00517994 0.000291257
internal_weight=20929 2491 2147 764 1383 942 701 441 18438 731 453 17707 689 17018
internal_count=20929 2491 2147 764 1383 942 701 441 18438 731 453 17707 689 17018
is_linear=0
shrinkage=0.03


Tree=231
num_leaves=15
num_cat=0
split_feature=10 9 8 4 4 10 0 3 8 12 10 8 5 11
split_gain=7.60507 14.1732 20.3273 12.4071 15.9653 14.188 21.6735 14.5604 13.3991 18.2425 16.2093 19.7127 25.6086 20.2891
threshold=1.8835001620436553 0.70253167264682748 -0.0054257039348879089 0.014147192486541485 0.071847621488853403 2.0078022878267725 0.5018934611426259 0.93333333333331436 0.020398688542941572 -0.081517650855345056 2.0754574432026973 0.075343793979749482 3.3717907443216242 1.5890870172819753
decision_type=2 2 2 2 2 2 2 2 2 10 2 2 2 2
left_child=-1 2 -2 -3 -5 6 -6 -8 -7 -10 -11 12 -12 -13
right_child=1 3 -4 4 5 8 7 -9 9 10 11 13 -14 -15
leaf_value=-0.00072550832763858676 -0.0010518438843926331 0.0059256214074651647 0.0090147033401001657 -0.0032523850342961267 -0.0050130016336838402 0.00085350483774521927 0.0072414561183314881 -0.0015697613909636456 0.0054100072465494749 -0.01069850142764886 -0.0060706829453260379 0.010664093671501547 0.0013499287600894534 -0.0025532485224621397
leaf_weight=10015 328 317 394 1228 220 4806 767 214 278 201 1098 202 672 208
leaf_count=10015 328 317 394 1228 220 4806 767 214 278 201 1098 202 672 208
internal_value=-0.000128455 0.000418548 0.00446575 0.000130333 -5.82456e-05 0.000395989 0.00341517 0.00532112 -9.17113e-05 -0.00179853 -0.00264976 -0.00188487 -0.0032575 0.00400874
internal_weight=20948 10933 722 10211 9894 8666 1201 981 7465 2659 2381 2180 1770 410
internal_count=20948 10933 722 10211 9894 8666 1201 981 7465 2659 2381 2180 1770 410
is_linear=0
shrinkage=0.03


Tree=232
num_leaves=15
num_cat=0
split_feature=3 3 7 5 11 2 0 0 6 3 6 6 0 3
split_gain=9.53007 20.0353 26.358 16.49 20.1072 16.2037 31.7115 29.5676 11.6217 11.2741 9.89904 8.87014 20.7085 18.1592
threshold=0.58111645677090518 0.61111111111110761 0.83926508064570071 1.7410169210506405 -0.060211875059357926 0.36363636363637608 0.58069265408835302 0.53649347243623491 0.10088282220631196 0.48318377196289591 -0.037179726851205679 -0.055319742542657861 0.68903653852937907 0.64487516201650996
decision_type=2 2 10 2 2 2 2 2 10 2 8 8 2 2
left_child=3 2 -2 4 -1 6 7 9 -7 10 -5 -3 13 -13
right_child=1 11 -4 5 -6 8 -8 -9 -10 -11 -12 12 -14 -15
leaf_value=-0.0012916939411508409 -0.0015102750950187218 -0.00031378639363189545 0.01093589873433113 0.0079059488106051554 0.010734696117029568 -0.0028015270189312444 0.0098955661146977892 -0.0092508952965693805 -0.0092958093940679505 -0.0040207043979316954 -0.00050999336963405419 -0.0050187318837198311 -0.0060021878633431452 0.0016080340979606697
leaf_weight=299 257 7945 370 258 209 877 239 345 345 235 240 384 356 8703
leaf_count=299 257 7945 370 258 209 877 239 345 345 235 240 384 356 8703
internal_value=0.000353181 0.000615669 0.00586277 -0.00119721 0.00371257 -0.00218492 0.000125607 -0.00207615 -0.00466543 0.00134058 0.00388532 0.000424831 0.00104611 0.00132539
internal_weight=21062 18015 627 3047 508 2539 1317 1078 1222 733 498 17388 9443 9087
internal_count=21062 18015 627 3047 508 2539 1317 1078 1222 733 498 17388 9443 9087
is_linear=0
shrinkage=0.03


Tree=233
num_leaves=15
num_cat=0
split_feature=6 13 13 11 4 11 11 8 2 8 11 6 8 12
split_gain=10.8985 17.6424 30.0857 18.8016 18.5966 17.106 19.0613 18.1579 18.6288 19.1909 20.6119 17.1476 17.0709 15.5541
threshold=0.002321217414963606 2.5000000000000004 5.5000000000000009 -0.12691921398162651 0.85994340602022801 0.55920969424892597 0.6612379615754217 0.071696576227141373 0.49999999999998168 -0.03292268510093186 1.4991391732782808 0.31136838386883076 -0.026420302419762783 -0.062212309793726599
decision_type=10 2 2 2 2 2 2 2 2 2 2 10 2 10
left_child=-1 4 13 -4 5 11 -7 8 9 -8 -11 -2 -13 -3
right_child=1 2 3 -5 -6 6 7 -9 -10 10 -12 12 -14 -15
leaf_value=-0.00053234539229768082 0.0042468296191845722 -0.011633691024609599 -0.0029659541356066858 0.0081860025233492766 0.0066931076615784563 -0.0089149766652573386 -0.0034469312014459054 -0.0074537897741980127 -0.0010074097618852555 0.011093969012139146 0.0014180593427270652 -0.0060164568801136572 0.0022583934762938455 -0.0028665996847388139
leaf_weight=12412 2047 222 220 343 573 218 232 252 1739 396 395 335 655 952
leaf_count=12412 2047 222 220 343 573 218 232 252 1739 396 395 335 655 952
internal_value=3.58889e-05 0.000857835 -0.00183857 0.00384047 0.00154322 0.00106755 -0.00045153 0.000174374 0.000882566 0.00408461 0.00630139 0.00268226 -0.000557845 -0.00456674
internal_weight=20991 8579 1737 563 6842 6269 3232 3014 2762 1023 791 3037 990 1174
internal_count=20991 8579 1737 563 6842 6269 3232 3014 2762 1023 791 3037 990 1174
is_linear=0
shrinkage=0.03


Tree=234
num_leaves=15
num_cat=0
split_feature=7 0 6 6 6 7 1 9 10 10 12 3 10 3
split_gain=6.92275 18.3215 20.5636 17.4257 21.6117 16.4305 26.6243 20.738 14.5299 14.5681 21.5658 23.824 18.0674 25.4827
threshold=0.2396640334986409 0.64446723368294345 -0.1710202033485507 0.093553048008918407 0.13913242924272221 0.07664695047040064 0.6491803156454693 0.85248052325752721 1.1229806096443251 1.8893304112206659 -0.0082589293360929555 0.97122813720495826 1.7889347099780619 0.94177325730724082
decision_type=8 2 10 10 10 10 2 2 2 2 10 2 2 2
left_child=1 3 -3 8 -5 6 -6 -7 -1 12 -11 -12 13 -10
right_child=-2 2 -4 4 5 7 -8 -9 9 10 11 -13 -14 -15
leaf_value=0.0046400687389075755 0.00041006852694887942 0.0026233930628875206 -0.0072731286325679826 0.011735892420435705 -0.0042257556661230615 0.0039202805293294101 0.0078432698926943194 -0.008763052331791683 -0.00545799981743796 -0.0036528717899933965 0.00062765215960993641 0.012114151504862567 -0.012059901610581797 0.0032844299358009491
leaf_weight=345 14958 256 694 201 239 203 505 259 912 759 759 202 206 442
leaf_count=345 14958 256 694 201 239 203 505 259 912 759 759 202 206 442
internal_value=6.51274e-05 -0.00079702 -0.0046065 -7.39626e-05 0.00275393 0.00121466 0.00396393 -0.00320777 -0.00117386 -0.00179151 0.000113833 0.00309229 -0.00388593 -0.00260254
internal_weight=20940 5982 950 5032 1407 1206 744 462 3625 3280 1720 961 1560 1354
internal_count=20940 5982 950 5032 1407 1206 744 462 3625 3280 1720 961 1560 1354
is_linear=0
shrinkage=0.03


Tree=235
num_leaves=15
num_cat=0
split_feature=1 7 7 1 0 7 8 4 8 4 4 2 6 10
split_gain=6.76086 6.72946 13.2308 8.85273 7.02008 16.0651 13.5028 14.6562 19.0471 9.15654 14.3208 22.7139 13.4245 14.2246
threshold=9.3266302597200603 2.0855330888169537 1.8725203722976318 1.7154968772058032 0.470511478496421 0.2396640334986409 0.023982998328563092 0.13483214485228903 -0.028641240846263832 0.2348020613822904 0.201042261711913 0.44980874953730454 -0.1503109329309231 1.815676578028709
decision_type=2 10 10 2 2 8 2 2 2 2 2 2 8 2
left_child=1 2 4 -3 5 -1 7 8 -7 10 -6 -12 -13 -14
right_child=-2 3 -4 -5 9 6 -8 -9 -10 -11 11 12 13 -15
leaf_value=-0.0074703433460096792 0.0050006204929838819 -0.0063655465169410626 0.0063870379864867472 0.00094446470376750207 0.00048494686853440324 -0.00077779703169334228 -0.0053200312260457353 -0.0014175901195636509 0.012170304399915038 -0.00039071035246063165 -0.0040721083099391599 0.00047676321820936334 0.0040025774559405156 0.014170136269881287
leaf_weight=354 241 331 291 266 6520 200 363 657 203 10625 212 202 231 276
leaf_count=354 241 331 291 266 6520 200 363 657 203 10625 212 202 231 276
internal_value=5.64539e-05 -2.21444e-06 9.12138e-05 -0.0031277 -2.70094e-06 -0.00179916 -0.000367116 0.00134604 0.00581366 0.00017445 0.000981163 0.00447242 0.00703796 0.00962191
internal_weight=20972 20731 20134 597 19843 1777 1423 1060 403 18066 7441 921 709 507
internal_count=20972 20731 20134 597 19843 1777 1423 1060 403 18066 7441 921 709 507
is_linear=0
shrinkage=0.03


Tree=236
num_leaves=15
num_cat=0
split_feature=5 12 5 10 6 2 8 3 2 5 3 6 6 10
split_gain=10.1186 25.9356 15.4916 9.71176 11.5804 9.48488 20.3932 14.1976 10.9544 15.5948 14.0283 20.6955 13.9358 16.5413
threshold=1.0144132240514401 -0.069751100212047321 1.6674550824781773 2.0827935973393115 -0.069273955232231829 0.65384615384616107 -0.050108785041895983 0.81818181818181679 0.6315789473684349 2.8666955481890208 0.81481481481480855 0.011955403446025638 0.12438250760756055 2.3042519925487359
decision_type=2 8 2 2 8 2 2 2 2 2 2 8 8 2
left_child=1 -1 -2 4 -3 6 -4 -7 10 -10 12 -12 -8 -14
right_child=2 3 5 -5 -6 7 8 -9 9 -11 11 -13 13 -15
leaf_value=0.0068644164603890723 0.0027682920108144434 -0.0027362997516205438 -0.0031536281694879444 -0.0014268824753870491 -0.012132651040187247 -0.0028896763288353985 0.0025085858245952578 -4.6364042601641858e-05 -0.00041444137191572108 0.0099838902785965838 -0.0042997627014504112 0.0021941469294738166 0.0013474539376572383 -0.0050734283871865472
leaf_weight=201 1994 223 1110 388 255 2076 4198 6573 233 287 998 785 1098 532
leaf_count=201 1994 223 1110 388 255 2076 4198 6573 233 287 998 785 1098 532
internal_value=0.000110557 -0.0027286 0.000263557 -0.00498178 -0.0078227 -1.63132e-05 0.000651793 -0.000730113 0.00117291 0.00536506 0.000883155 -0.00144255 0.0015953 -0.000757302
internal_weight=20951 1067 19884 866 478 17890 9241 8649 8131 520 7611 1783 5828 1630
internal_count=20951 1067 19884 866 478 17890 9241 8649 8131 520 7611 1783 5828 1630
is_linear=0
shrinkage=0.03


Tree=237
num_leaves=15
num_cat=0
split_feature=10 8 6 10 2 4 7 2 0 0 3 4 0 6
split_gain=9.50885 33.0778 18.5828 10.4986 8.78095 22.1405 21.0002 20.7906 19.9212 30.601 17.8892 17.4516 16.6422 16.5901
threshold=1.0597752841945141 0.023486833226954992 -0.13228899354527465 1.1104156173436344 0.44444444444445802 0.012632505561636401 1.3214351941952835 0.49999999999999928 0.52110765537696591 0.59434969484556932 0.5849056603773618 0.45852499050576595 0.55471623065053477 0.16644685677527829
decision_type=2 2 10 2 2 2 8 2 2 2 2 2 2 8
left_child=1 2 -1 -2 5 -5 -7 8 -6 12 -9 13 -10 -8
right_child=3 -3 -4 4 7 6 11 10 9 -11 -12 -13 -14 -15
leaf_value=0.00030506075026010568 0.0056237106035001323 0.0059882762387104627 -0.008893111442294075 0.0081408946148079381 0.0096869807745505621 -0.0037291264286326183 0.0012398319208398801 -0.0055198552550191609 0.0027500734606649689 0.011101175535263286 0.00048318998643181467 0.0087256649551047394 -0.0076128400581773744 -0.0050888806298511145
leaf_weight=313 330 303 530 225 414 1906 1524 457 288 211 13564 208 262 488
leaf_count=313 330 303 530 225 414 1906 1524 457 288 211 13564 208 262 488
internal_value=0.000204256 -0.00244693 -0.00549623 0.000357686 0.000267368 -0.000920226 -0.0014236 0.000607596 0.00443207 0.00152872 0.000285629 0.000559753 -0.00221055 -0.000303974
internal_weight=21023 1146 843 19877 19547 4351 4126 15196 1175 761 14021 2220 550 2012
internal_count=21023 1146 843 19877 19547 4351 4126 15196 1175 761 14021 2220 550 2012
is_linear=0
shrinkage=0.03


Tree=238
num_leaves=15
num_cat=0
split_feature=8 9 5 5 10 0 2 7 3 6 6 10 5 10
split_gain=10.9093 14.043 13.5996 20.4154 25.5032 11.6102 10.5956 15.8866 17.6351 31.3401 19.6011 16.6225 21.1217 15.1482
threshold=0.048287896163124198 0.58598114449990912 1.5251808898072479 2.4175806908637179 1.7294046235195626 0.57502670065498895 0.13636363636364507 1.0886385987826979 0.72500000000000153 0.097122373508922513 -0.033262754433468704 2.4420509469708951 2.5656767307988999 1.9832417856540898
decision_type=2 2 2 2 2 2 2 8 2 10 8 2 2 2
left_child=1 -1 -2 4 5 -4 13 -8 10 11 -9 12 -10 -3
right_child=2 6 3 -5 -6 -7 7 8 9 -11 -12 -13 -14 -15
leaf_value=-0.0071607300062497999 -0.0082703254700672284 -0.0085799721682613527 0.012895678134139523 -0.0023603762676561637 -0.0033582557575537425 0.003089795980764472 0.00016769132940998914 0.0037897978473194344 -0.00064064349677111652 0.014030626442143533 -0.0018261327948122419 -0.0039016204330313249 0.011476719463846076 0.0015552278798663247
leaf_weight=214 242 270 213 2251 298 225 13852 1111 254 288 1117 246 258 254
leaf_count=214 242 270 213 2251 298 225 13852 1111 254 288 1117 246 258 254
internal_value=9.95356e-05 0.000389693 -0.00150384 -0.00094273 0.0033797 0.00795014 0.000483241 0.000612242 0.00248997 0.00569374 0.000976486 0.00245497 0.00551731 -0.00369884
internal_weight=21093 17864 3229 2987 736 438 17650 17126 3274 1046 2228 758 512 524
internal_count=21093 17864 3229 2987 736 438 17650 17126 3274 1046 2228 758 512 524
is_linear=0
shrinkage=0.03


Tree=239
num_leaves=15
num_cat=0
split_feature=1 11 12 8 8 7 11 6 6 12 7 8 8 12
split_gain=6.3199 22.439 10.719 6.84596 20.2374 15.7708 13.5517 11.1358 24.3025 15.9723 10.357 21.5125 9.50954 12.2088
threshold=5.6046862873188221 0.7446615798275612 0.020729932288066581 0.048287896163124198 0.056684023020872436 0.93031304963889883 -0.29025635758803153 0.36479199042333227 0.086194638724662612 0.0037206811968631963 -0.49919164421338247 -0.0016872687348169794 0.090643014182992795 0.058215435400136357
decision_type=2 2 10 2 2 10 2 8 10 10 10 2 2 10
left_child=3 2 -2 10 5 -5 -6 8 12 -10 11 -1 13 -8
right_child=1 -3 -4 4 6 -7 7 -9 9 -11 -12 -13 -14 -15
leaf_value=-0.00079674138407305017 0.011558556148568086 -0.0034345767438133186 0.0019643752113348103 -0.0088870140930265192 -0.0055342710677010951 0.00085820437833872807 0.0022286461375707342 0.0070385266570127114 -0.00035322043585820474 -0.012150792181491852 -0.00014137135600245619 0.011414605492932928 0.0055919143113979074 -0.0055480660777539013
leaf_weight=324 221 316 200 495 358 212 690 221 202 207 16586 211 425 241
leaf_count=324 221 316 200 495 358 212 690 221 202 207 16586 211 425 241
internal_value=-0.000141801 0.0025774 0.0070773 -0.000241763 -0.00154973 -0.00597932 -0.000203793 0.000768574 -3.41676e-05 -0.00639876 -8.2953e-06 0.00408042 0.00190199 0.000196672
internal_weight=20909 737 421 20172 3051 707 2344 1986 1765 409 17121 535 1356 931
internal_count=20909 737 421 20172 3051 707 2344 1986 1765 409 17121 535 1356 931
is_linear=0
shrinkage=0.03


Tree=240
num_leaves=15
num_cat=0
split_feature=9 6 2 9 10 12 11 5 9 10 8 11 2 2
split_gain=9.95329 23.1595 24.0996 20.2611 20.1674 19.9681 16.4832 15.136 14.2386 32.0539 18.0625 25.1911 18.0491 16.8145
threshold=1.0661586391822011 -0.051244011391974424 0.77777777777778745 1.1392537208001206 1.5178590199973099 0.010117083216811042 0.99165997654141114 3.0475195982086443 0.91493883667969933 1.361999618853893 0.018867381742773807 0.35475273600119922 0.90995495495497247 0.91734867460520098
decision_type=2 10 2 2 2 8 2 2 2 2 2 2 2 2
left_child=8 2 3 6 -3 -4 -2 -5 13 10 11 -10 -11 -1
right_child=1 4 5 7 -6 -7 -8 -9 9 12 -12 -13 -14 -15
leaf_value=-0.00022552246772895821 -0.010648184015758727 0.0037300993945887859 0.00064947670986575457 -0.0019226790189223232 -0.0050788621166407118 0.013797050093005343 -5.8672937254110961e-05 0.0056451277663495088 -0.0024013901006132931 -6.0055803777990103e-05 0.01462661617743027 0.0109785952685946 0.0075479295950382939 -0.0048005363876505421
leaf_weight=10984 280 267 212 511 1716 200 247 437 258 4349 207 241 295 769
leaf_count=10984 280 267 212 511 1716 200 247 437 258 4349 207 241 295 769
internal_value=-0.000253802 -0.00162665 0.000752039 -0.00104491 -0.00388639 0.0071207 -0.00573218 0.00157717 5.72262e-05 0.00133948 0.00727146 0.00410549 0.000430823 -0.00052678
internal_weight=20973 3870 1887 1475 1983 412 527 948 17103 5350 706 499 4644 11753
internal_count=20973 3870 1887 1475 1983 412 527 948 17103 5350 706 499 4644 11753
is_linear=0
shrinkage=0.03


Tree=241
num_leaves=15
num_cat=0
split_feature=2 7 1 12 12 5 9 10 5 8 2 7 1 12
split_gain=7.30559 17.0452 25.2477 22.4116 19.2922 29.8171 13.3039 19.571 20.0384 13.218 13.033 12.3715 19.486 21.9537
threshold=0.45997032640949148 0.87629499980404846 3.3212321210253348 -0.0088221020879286609 0.018521338385422029 3.068432775641321 0.77430081693398678 1.8091887729232405 3.0858340603167647 -0.0012166029576069519 0.62298334634400609 1.3366766396104499 1.9366726573330528 -0.10531163820784999
decision_type=2 10 2 8 10 2 2 2 2 2 2 8 2 8
left_child=11 -2 3 9 10 -6 -5 -8 -9 -3 -4 12 13 -1
right_child=1 2 4 6 5 -7 7 8 -10 -11 -12 -13 -14 -15
leaf_value=0.0070965487599249713 -3.0184666937161786e-05 0.0052867500218424469 0.0079178176593380657 0.014336276947199798 -0.011291765291998917 0.0031587726016036807 -0.0016679768258997048 0.016263659488624679 0.0033084273529358395 -0.0034115432269033897 -0.0013749294177008173 0.00055548874220601359 -0.0095088712117522463 -0.0024953826913012953
leaf_weight=237 13512 298 254 233 291 224 206 203 229 322 283 2516 302 1911
leaf_count=237 13512 298 254 233 291 224 206 203 229 322 283 2516 302 1911
internal_value=8.31597e-05 0.000394218 0.00264488 0.00514934 -0.000912269 -0.00503655 0.0082387 0.00591768 0.00951262 0.000778097 0.00305302 -0.000921872 -0.00243707 -0.00142303
internal_weight=21021 16055 2543 1491 1052 515 871 638 432 620 537 4966 2450 2148
internal_count=21021 16055 2543 1491 1052 515 871 638 432 620 537 4966 2450 2148
is_linear=0
shrinkage=0.03


Tree=242
num_leaves=15
num_cat=0
split_feature=8 8 10 5 6 2 0 10 7 7 0 8 10 0
split_gain=11.1196 25.9968 14.4003 22.8749 22.6938 14.3624 17.8327 15.4648 11.7899 13.7775 15.4333 29.3766 16.7392 14.4001
threshold=0.05870651775265303 0.05360731531091139 1.5247895322114073 2.2135843067649512 -0.063270615654055881 0.68421052631581447 0.59166563449962795 2.1686959720486398 -0.0093243163350212165 -0.019103617005133907 0.53829147130951294 -0.029096144197620064 1.8272985327427747 0.55219298593282806
decision_type=2 2 2 2 8 2 2 2 10 8 2 2 2 2
left_child=1 8 4 -4 -2 6 -5 -7 9 10 11 -1 -13 -12
right_child=2 -3 3 5 -6 7 -8 -9 -10 -11 13 12 -14 -15
leaf_value=0.012542546013429393 -0.00031859966126952582 -0.0073750663370758824 -0.0069007511542445703 0.0018265749138677101 0.011854594764843971 -0.0062711376812437485 0.010786051041233662 0.003512714450145523 -0.00015247316660834052 0.0085218850234202274 -0.0075831536214317425 -0.0051895902020695764 0.0064349565329708302 0.00077283841790210374
leaf_weight=278 249 415 281 638 303 285 288 287 15446 256 204 238 201 1654
leaf_count=278 249 415 281 638 303 285 288 287 15446 256 204 238 201 1654
internal_value=0.000248274 4.39387e-06 0.00219973 0.000879074 0.00640986 0.00235654 0.00465607 -0.00137421 0.000173924 0.00195188 0.00128346 0.00500564 0.000145339 -0.000162501
internal_weight=21023 18692 2331 1779 552 1498 926 572 18277 2831 2575 717 439 1858
internal_count=21023 18692 2331 1779 552 1498 926 572 18277 2831 2575 717 439 1858
is_linear=0
shrinkage=0.03


Tree=243
num_leaves=15
num_cat=0
split_feature=6 1 7 7 9 8 11 8 8 9 12 3 11 10
split_gain=6.56432 7.06749 9.41236 9.51131 7.96758 19.2742 11.9372 9.26714 17.9826 16.9368 11.206 14.2005 10.7061 33.59
threshold=0.9608550851892258 9.3266302597200603 2.0855330888169537 1.8725203722976318 0.63579297839709581 0.023486833226954992 0.33124555256961735 0.051755312955844603 0.056684023020872436 0.73815970781720719 0.17408431474073713 0.84000000000000019 0.87512193271822247 1.6972636287089562
decision_type=10 2 10 10 2 2 2 2 2 2 8 2 2 2
left_child=1 2 3 4 5 6 -1 10 -9 -10 -6 -12 -11 -14
right_child=-2 -3 -4 -5 7 -7 -8 8 9 12 11 -13 13 -15
leaf_value=-0.0045038588245530416 0.0037778537902473049 0.0049437471648716199 -0.0038129096269685281 0.0052603433198399017 0.00016702396744605841 0.010227280449370543 0.0049933414945476937 -0.0081042771439437996 -0.0079334078712717578 -0.0022640321138329778 4.2426008591776775e-05 -0.0085616875564058625 0.012808080120890769 -0.00058357058784114897
leaf_weight=272 391 240 618 292 15573 220 204 360 267 934 396 301 207 821
leaf_count=272 391 240 618 292 15573 220 204 360 267 934 396 301 207 821
internal_value=-4.8256e-05 -0.000121404 -0.000181998 -6.8006e-05 -0.000148895 0.00299169 -0.000424034 -0.000265562 -0.00193084 -0.000917874 -5.92441e-08 -0.00370778 5.45793e-05 0.00216194
internal_weight=21096 20705 20465 19847 19555 696 476 18859 2589 2229 16270 697 1962 1028
internal_count=21096 20705 20465 19847 19555 696 476 18859 2589 2229 16270 697 1962 1028
is_linear=0
shrinkage=0.03


Tree=244
num_leaves=15
num_cat=0
split_feature=9 1 1 12 2 4 6 6 5 4 5 9 2 9
split_gain=9.52285 6.60854 12.3887 13.6573 10.207 18.1952 13.1817 17.6295 26.7022 13.5065 12.6385 11.8465 15.8871 10.1513
threshold=0.58598114449990912 0.41164057385130948 0.49201336685733427 0.0068306271676463757 0.33333333333333398 0.35887689798666178 -0.17586940340849325 0.15688641177653909 2.8210042069534125 0.089079305686192947 2.4988427364782924 0.63579297839709581 0.66666666666666263 0.69051205167522822
decision_type=2 2 2 10 2 2 10 10 2 2 2 2 2 2
left_child=-1 -2 3 -3 5 6 -4 9 -9 10 -8 12 -6 -13
right_child=1 2 4 -5 11 -7 7 8 -10 -11 -12 13 -14 -15
leaf_value=-0.005716814089735801 0.0033932343850274567 -0.00046998311483174664 -0.0047036193735126783 -0.010611962472590115 -0.00061977928504347807 -0.010195819863452102 0.012016296837024572 0.0020712531435078587 -0.012385278525559798 -0.00041427777451857672 0.0021265016820813925 -0.0029233152825104487 0.010927305106193788 0.00034696248698248047
leaf_weight=259 504 282 604 203 211 207 200 256 202 585 275 897 212 16143
leaf_count=259 504 282 604 203 211 207 200 256 202 585 275 897 212 16143
internal_value=-5.49213e-05 1.70028e-05 -6.77318e-05 -0.00477995 4.89184e-05 -0.00181441 -0.000974764 0.000519489 -0.00436967 0.00264257 0.00637242 0.000297875 0.00522746 0.000174005
internal_weight=21040 20781 20277 485 19792 2329 2122 1518 458 1060 475 17463 423 17040
internal_count=21040 20781 20277 485 19792 2329 2122 1518 458 1060 475 17463 423 17040
is_linear=0
shrinkage=0.03


Tree=245
num_leaves=15
num_cat=0
split_feature=13 10 8 6 10 9 9 7 3 8 1 10 7 3
split_gain=8.0013 9.14198 7.42961 12.4222 13.9693 31.0155 10.6793 7.93453 23.6399 17.5143 15.8642 15.3846 13.6441 11.9979
threshold=13.500000000000002 3.3848271907531724 -0.066708615669484939 0.25777799333964407 2.4154938735427218 0.81120234647460265 0.88777969052974026 0.089413581242177964 0.95238095238096088 -0.020807093211003293 0.61978803209505284 1.8835001620436553 0.15654353227744677 0.92592592592593481
decision_type=2 2 2 8 2 2 2 10 2 2 2 2 10 2
left_child=1 2 3 4 5 -1 -7 8 -4 -10 -11 -12 -9 -14
right_child=-2 -3 7 -5 -6 6 -8 12 9 10 11 -13 13 -15
leaf_value=-0.0056367154103123922 -0.0060556599986061306 0.0044842843247421514 -0.00039328263344874756 -0.0082431721907314341 -0.0065115350504700671 0.010096832978725432 0.0019384263780155629 -0.0043645675810585387 0.010339146996001627 -0.004321345160595882 0.00050265095992521797 0.010200299792095191 0.00023356814871175108 -0.002167796065034366
leaf_weight=419 201 377 2605 249 314 220 412 717 347 229 325 265 12107 2210
leaf_count=419 201 377 2605 249 314 220 412 717 347 229 325 265 12107 2210
internal_value=-0.000172246 -0.000113939 -0.000199914 -0.00214997 -0.00101243 0.000653545 0.00483534 -3.20168e-05 0.00119748 0.00473795 0.00231646 0.00490749 -0.000340708 -0.000137739
internal_weight=20997 20796 20419 1614 1365 1051 632 18805 3771 1166 819 590 15034 14317
internal_count=20997 20796 20419 1614 1365 1051 632 18805 3771 1166 819 590 15034 14317
is_linear=0
shrinkage=0.03


Tree=246
num_leaves=15
num_cat=0
split_feature=14 6 12 12 12 7 8 12 0 9 0 11 7 6
split_gain=8.3836 25.401 20.1059 19.49 16.2334 14.4573 13.3641 13.0836 11.9135 34.4686 18.415 13.1691 32.2395 17.0338
threshold=1.0000000180025095e-35 -0.40085525079724832 0.13946415505703927 0.081219393081797389 0.17408431474073713 0.88312139976031234 0.094334852204968248 0.24807963767574923 0.67052101665915542 0.81120234647460265 0.65032547174495614 -0.77421989027499916 -0.22258187449576811 -0.033262754433468704
decision_type=2 8 8 10 8 8 2 8 2 2 2 2 10 8
left_child=1 -1 3 6 8 7 -3 -6 10 -10 11 13 -13 -2
right_child=4 2 -4 -5 5 -7 -8 -9 9 -11 -12 12 -14 -15
leaf_value=0.0076604817226485411 0.0017210505623370409 -0.00038341858654413044 0.0084621355278748211 -0.0069599504278810226 -0.010572651095551139 0.0026748540902137756 -0.0066166193082601672 -0.001209997587970325 0.013537808581022544 -0.001306863540158713 -0.0066631100546847037 0.0099068791895432582 0.0011074230355310665 -0.0061766088425028549
leaf_weight=336 507 10516 209 442 275 245 314 261 251 311 276 394 6203 469
leaf_count=336 507 10516 209 442 275 245 314 261 251 311 276 394 6203 469
internal_value=0.000119704 -0.000408782 -0.000648167 -0.000820763 0.000798965 -0.00332505 -0.000567111 -0.00606692 0.00118365 0.00538397 0.000879661 0.00115877 0.00164007 -0.00208617
internal_weight=21009 11817 11481 11272 9192 781 10830 536 8411 562 7849 7573 6597 976
internal_count=21009 11817 11481 11272 9192 781 10830 536 8411 562 7849 7573 6597 976
is_linear=0
shrinkage=0.03


Tree=247
num_leaves=15
num_cat=0
split_feature=13 5 6 12 11 12 13 12 7 8 2 8 7 12
split_gain=9.29296 10.0866 34.6071 20.5429 22.7109 22.802 13.0447 10.3331 11.2684 15.2465 9.93417 17.3302 28.7516 12.2429
threshold=-1.0000000180025095e-35 1.3661363412462324 0.15189017499883598 0.069161965077393375 -1.0316760863216088 -0.032884055076407563 1.0000000180025095e-35 -0.254945178460666 -0.49919164421338247 -0.0050105162970350723 0.65957446808507769 0.073677167538847468 0.77443558140198976 -0.10531163820784999
decision_type=2 2 10 8 2 10 2 8 10 2 2 2 10 8
left_child=-1 2 3 4 5 -2 -6 -3 9 -9 11 13 -13 -10
right_child=1 7 -4 -5 6 -7 -8 8 10 -11 -12 12 -14 -15
leaf_value=0.0048826314058640725 0.01068315811779188 -0.0066823318532978496 0.0097321826481877437 0.0075090433668631778 -0.0098164782406024199 -0.0021000410853145276 -0.0015218709882289644 -0.0012367435037122882 0.0036931822690266102 0.0088103838812012766 -0.0010921852142979874 0.012946764983516554 0.00028770987076305712 -0.00037340484991287102
leaf_weight=340 202 220 404 255 313 316 373 257 721 281 8434 248 447 8097
leaf_count=340 202 220 404 255 313 316 373 257 721 281 8434 248 447 8097
internal_value=-2.63808e-07 -8.21477e-05 0.00201992 -0.000141568 -0.00178628 0.00293939 -0.00535008 -0.000291995 -0.000214154 0.00404373 -0.000342884 0.000321654 0.00486511 -3.89976e-05
internal_weight=20908 20568 1863 1459 1204 518 686 18705 18485 538 17947 9513 695 8818
internal_count=20908 20568 1863 1459 1204 518 686 18705 18485 538 17947 9513 695 8818
is_linear=0
shrinkage=0.03


Tree=248
num_leaves=15
num_cat=0
split_feature=8 8 12 5 3 4 1 1 3 12 2 11 2 12
split_gain=11.7017 12.4294 12.9476 22.5394 11.6455 11.2712 13.5159 16.7099 16.653 17.4614 16.619 17.9399 11.1425 10.9989
threshold=0.048287896163124198 0.045121093446819881 -0.12482094623819505 1.8180779594534058 0.74431524547807026 0.50336063191065561 1.3318956921456426 1.0833795934163368 0.88888888888887274 0.020729932288066581 0.38364128703408279 0.86232874825349581 0.81022196163480831 -0.029445115207442193
decision_type=2 2 8 2 2 2 2 2 2 10 2 2 2 8
left_child=1 2 3 -1 -5 6 7 8 9 -2 -8 -12 -6 -7
right_child=5 -3 -4 4 12 13 10 -9 -10 -11 11 -13 -14 -15
leaf_value=0.010697913029425434 0.0051517613092872576 0.0063039870358658056 1.186893399648713e-05 -0.0033128016674242558 0.0058753594803475154 -0.0046388011202695804 0.0016741541719751979 0.0053433059177296176 -0.0079630807324815363 -0.0050800381989238108 -0.011711087467884036 -0.0026885903827482032 -0.0025139631421827687 0.0028127209685556835
leaf_weight=273 316 305 16172 354 471 228 236 309 334 277 408 389 200 756
leaf_count=273 316 305 16172 354 471 228 236 309 334 277 408 389 200 756
internal_value=4.65392e-05 0.000349397 0.000243664 0.00312052 0.00106021 -0.00160633 -0.00276739 -0.000645078 -0.00265916 0.000369807 -0.00529144 -0.0073516 0.00337472 0.00107143
internal_weight=21028 17775 17470 1298 1025 3253 2269 1236 927 593 1033 797 671 984
internal_count=21028 17775 17470 1298 1025 3253 2269 1236 927 593 1033 797 671 984
is_linear=0
shrinkage=0.03


Tree=249
num_leaves=15
num_cat=0
split_feature=7 13 10 7 13 7 8 0 3 7 1 6 13 1
split_gain=7.69386 6.62841 8.23958 9.68111 27.9652 17.8194 23.1444 18.3847 20.2914 20.7234 18.4199 18.0633 17.6221 14.9267
threshold=3.1808734451424687 13.500000000000002 3.3848271907531724 0.37833154504368527 8.5000000000000018 0.23353201770793039 -0.023349429981344642 0.47715925581498436 0.95238095238096088 0.14366231684803399 1.5736844603468787 -0.0853337288636387 8.5000000000000018 0.57237020020505514
decision_type=8 2 2 10 2 10 2 2 2 10 2 10 2 2
left_child=1 2 3 4 5 7 -7 -1 10 13 -9 -12 -5 -10
right_child=-2 -3 -4 12 -6 6 -8 8 9 -11 11 -13 -14 -15
leaf_value=-0.0062112308226490468 -0.0047303586132481134 -0.0051635952089698267 0.004595524633119471 -0.00023090300050734736 0.011872676090129371 -0.0015408769281104553 0.005399137681340249 -0.00013431772001280801 -0.0013484528885767011 -0.0049148090692555033 -0.012766925295137546 -0.00076329434775755179 -0.0087976755580272195 0.0062327388796906049
leaf_weight=417 288 203 375 12235 201 640 1317 3174 298 241 215 233 215 1053
leaf_count=417 288 203 375 12235 201 640 1317 3174 298 241 215 233 215 1053
internal_value=9.72142e-05 0.000165123 0.000218838 0.000136629 0.000965827 0.000669286 0.00313139 -0.000188415 0.00029876 0.00311623 -0.000942207 -0.0066013 -0.000382316 0.00456169
internal_weight=21105 20817 20614 20239 7789 7588 1957 5631 5214 1592 3622 448 12450 1351
internal_count=21105 20817 20614 20239 7789 7588 1957 5631 5214 1592 3622 448 12450 1351
is_linear=0
shrinkage=0.03


Tree=250
num_leaves=15
num_cat=0
split_feature=3 2 8 8 4 5 9 4 3 11 11 5 9 0
split_gain=5.74201 17.4726 17.4122 16.619 13.0712 18.4043 16.062 15.7872 22.2336 35.0583 19.0593 17.7887 15.5842 15.5894
threshold=0.80649062033529229 0.69230769230767786 0.025767975723069117 0.050692039859211661 0.50845442182923772 1.905061095643483 1.021652047436995 0.14592567401577552 0.72500000000000153 0.090368062055833684 1.9077008006905893 2.9114777433489571 1.0661586391822011 0.54911055743410453
decision_type=2 2 2 2 2 2 2 2 2 2 2 2 2 2
left_child=1 4 -3 -4 7 -6 -7 8 10 -10 -1 -11 -9 -14
right_child=-2 2 3 -5 5 6 -8 12 9 11 -12 -13 13 -15
leaf_value=0.00067388936711115734 0.00042276320816124198 -0.0056083338111188119 0.007541511220470914 -0.004443710331328031 0.0085166621486230075 -0.0015380503654105822 0.0054311630956600512 -0.0010084354620101524 -0.0044617904937544533 0.016376581945761439 -0.006864597016881982 0.0046971983524425973 -0.0095561445828213874 -0.0004817243082091135
leaf_weight=2114 10925 1060 207 200 338 911 436 3052 210 218 347 260 423 284
leaf_count=2114 10925 1060 207 200 338 911 436 3052 210 218 347 260 423 284
internal_value=-5.33436e-05 -0.000570341 -0.00359038 0.00166951 -5.29714e-05 0.00231213 0.000729504 -0.000631123 0.00093503 0.00568175 -0.000400797 0.0101382 -0.00194262 -0.00593996
internal_weight=20985 10060 1467 407 8593 1685 1347 6908 3149 688 2461 478 3759 707
internal_count=20985 10060 1467 407 8593 1685 1347 6908 3149 688 2461 478 3759 707
is_linear=0
shrinkage=0.03


Tree=251
num_leaves=15
num_cat=0
split_feature=1 9 0 5 8 5 6 5 10 10 5 11 4 8
split_gain=8.19088 30.0046 13.2324 13.0023 18.7154 15.0078 11.9968 15.1588 12.6887 24.3257 22.1877 17.1664 16.2253 24.6131
threshold=1.7843533428344542 0.77430081693398678 0.61888249124730055 1.7239933932821117 -0.010946634079332199 1.9610136633998192 -0.2783285446525966 3.0475195982086443 1.5029512114304515 1.6692269655890315 2.2586176640398903 0.78308999270760526 0.41498905617727605 0.04582292854072071
decision_type=2 2 2 2 2 2 8 2 2 2 2 2 2 2
left_child=-1 2 -2 4 -3 -5 7 -7 11 -10 -11 -8 -12 -14
right_child=1 3 -4 5 -6 6 8 -9 9 10 12 -13 13 -15
leaf_value=0.00028239186712619089 -0.0065147871640445637 0.0093031086400151251 0.000358749446933141 -0.0073656818087855383 -0.00096242087395169581 -0.0011983406673307002 -0.00044362701799558559 0.010144849217947725 -0.0087237608989998074 0.0082121904860345679 -0.0037623700399202981 0.0096983499466618411 -0.0013154838140414882 0.0071811790247745992
leaf_weight=14190 1066 307 329 266 326 202 409 216 352 240 1249 232 1252 401
leaf_count=14190 1066 307 329 266 326 202 409 216 352 240 1249 232 1252 401
internal_value=-0.000128822 -0.000980621 -0.00489822 2.53434e-05 0.00405017 -0.000506988 -9.86419e-05 0.00471384 -0.000590233 -0.00130278 -0.000458859 0.00327376 -0.00118886 0.000761155
internal_weight=21037 6847 1395 5452 633 4819 4553 418 4135 3494 3142 641 2902 1653
internal_count=21037 6847 1395 5452 633 4819 4553 418 4135 3494 3142 641 2902 1653
is_linear=0
shrinkage=0.03


Tree=252
num_leaves=15
num_cat=0
split_feature=4 4 12 12 0 1 7 3 4 9 0 3 0 3
split_gain=9.21035 18.7477 22.4268 20.297 19.7725 16.3979 27.1233 15.9296 14.4196 13.1495 10.9618 15.9431 13.8707 17.0952
threshold=0.46288415232128138 0.3734770513947418 -0.049180839786544354 -0.019671530526160438 0.60781057699876595 1.9057230538351311 0.25096882043254132 0.81632653061225324 0.47743221371978101 0.6300897337994481 0.67052101665915542 0.89655172413792339 0.50676540042276041 0.82608695652174569
decision_type=2 2 8 10 2 2 10 2 2 2 2 2 2 2
left_child=1 9 7 -4 5 6 -5 -3 -2 -1 11 12 -10 -14
right_child=8 2 3 4 -6 -7 -8 -9 10 -11 -12 -13 13 -15
leaf_value=-0.0050287095653097124 -0.0077195625939941786 -0.0084575756639242161 0.013495514046898562 0.00022370063727550688 -0.0032337309545172111 -0.00018981179563150574 0.013640792048237422 0.0033404341739852253 -0.0036065697928810594 0.0004249389663472729 0.0043337355298276176 -0.0029399453902113882 -0.00026971372099334959 0.0045147586072766289
leaf_weight=406 249 203 227 213 275 267 369 200 647 12492 402 1979 2187 965
leaf_count=406 249 203 227 213 275 267 369 200 647 12492 402 1979 2187 965
internal_value=0.000232401 0.000647717 0.00355311 0.00540141 0.00371422 0.00597048 0.00877414 -0.0026333 -0.00071389 0.000251388 -0.000425611 -0.000760199 0.00037766 0.00119991
internal_weight=21081 14652 1754 1351 1124 849 582 403 6429 12898 6180 5778 3799 3152
internal_count=21081 14652 1754 1351 1124 849 582 403 6429 12898 6180 5778 3799 3152
is_linear=0
shrinkage=0.03


Tree=253
num_leaves=15
num_cat=0
split_feature=1 6 12 9 12 2 3 2 3 6 3 2 3 9
split_gain=9.36482 9.99349 11.171 9.72946 8.40067 16.9366 17.7053 20.6945 18.8876 22.1568 21.0582 27.7821 17.2445 13.9184
threshold=4.608789548833383 -0.018063998837806957 -0.0012342819346136678 0.88127332822501381 0.064097932350994549 0.88888888888889006 0.46666666666662482 0.46374525670918471 0.85935501918157864 0.17511706611963687 0.82608695652174569 0.60802010050251187 0.88461538461539246 0.88623357177191719
decision_type=2 8 10 2 8 2 2 2 2 10 2 2 2 2
left_child=4 3 -3 -2 -1 6 -6 13 9 10 11 -9 -10 -8
right_child=1 2 -4 -5 5 -7 7 8 12 -11 -12 -13 -14 -15
leaf_value=-0.00018808049926479124 -0.0047509895868693723 7.432147401614465e-05 -0.0087699110837648007 0.0029943815229558626 0.0083496754010772608 0.0071730494701647872 -0.0079340475749179531 0.0089953974789629392 -0.0085784811953980595 -0.0026257700629640315 0.014000830121443304 -0.00089677908658560089 0.00034904481994240213 0.0001796517749264669
leaf_weight=15669 232 202 348 375 249 398 410 463 246 409 208 561 867 351
leaf_count=15669 232 202 348 375 249 398 410 463 246 409 208 561 867 351
internal_value=-2.31058e-05 -0.00264072 -0.00555026 1.94125e-05 0.000130241 0.00132744 0.000700634 0.000147691 0.00135866 0.00340059 0.00540376 0.00359793 -0.0016537 -0.00421498
internal_weight=20988 1157 550 607 19831 4162 3764 3515 2754 1641 1232 1024 1113 761
internal_count=20988 1157 550 607 19831 4162 3764 3515 2754 1641 1232 1024 1113 761
is_linear=0
shrinkage=0.03


Tree=254
num_leaves=15
num_cat=0
split_feature=7 7 8 9 10 8 6 10 4 5 10 5 9 12
split_gain=8.36148 14.2223 15.1876 22.0801 13.498 37.9721 31.5965 13.6286 18.3203 19.8785 17.6962 15.2163 28.3028 28.1346
threshold=0.65113108392138608 0.43999566160311787 -0.072732766487764972 0.89462474054865726 1.1229806096443251 0.019877409869521485 -0.091669464965301081 2.244132726212785 0.63936683334153088 1.7055588017823364 2.5683567950238593 2.6429794014607002 1.0379000034106902 -0.041067968309157314
decision_type=10 8 2 2 2 2 10 2 2 2 2 2 2 10
left_child=1 2 3 -1 5 6 -4 11 9 -9 -10 12 -6 -13
right_child=-2 -3 4 -5 7 -7 -8 8 10 -11 -12 13 -14 -15
leaf_value=0.00048506869220408258 0.00095830249955112384 -0.0020110492636628736 0.0085194292300132674 -0.010635892823338508 0.0022560334594844455 0.015023438440297139 -0.0062996371800467469 0.011041652887098252 0.0034823299763591716 0.0023184264678438693 -0.0074554845907830241 -0.008005426876957716 -0.0059100360621565148 -0.00041535994593294175
leaf_weight=398 9059 3063 224 264 2378 215 293 274 234 1526 297 582 450 1752
leaf_count=398 9059 3063 224 264 2378 215 293 274 234 1526 297 582 450 1752
internal_value=0.000271169 -0.000249914 0.00035787 -0.00399636 0.000710541 0.00458455 0.000141106 0.00032928 0.00223067 0.0036732 -0.00264791 -0.000530658 0.000948486 -0.00232107
internal_weight=21009 11950 8887 662 8225 732 517 7493 2331 1800 531 5162 2828 2334
internal_count=21009 11950 8887 662 8225 732 517 7493 2331 1800 531 5162 2828 2334
is_linear=0
shrinkage=0.03


Tree=255
num_leaves=15
num_cat=0
split_feature=10 10 9 10 4 10 4 10 0 1 2 10 8 1
split_gain=6.53705 9.46293 27.5921 22.3124 12.5533 9.55126 8.52157 12.808 15.6369 15.3242 14.613 16.712 11.5157 13.3392
threshold=0.9129151448923063 1.1104156173436344 0.79754382990365147 1.0306251839851595 0.2348020613822904 1.1474940530530755 0.075741015978218432 2.5165828401304378 0.52921601965649545 0.66656881181195604 0.73913043478256968 1.8272985327427747 0.040127615908026514 1.3606244655163715
decision_type=2 2 2 2 2 2 2 2 2 2 2 2 2 2
left_child=-1 2 4 -4 -2 -3 7 9 -9 -7 12 -12 13 -11
right_child=1 5 3 -5 -6 6 -8 8 -10 10 11 -13 -14 -15
leaf_value=-0.003271786397050521 0.0027793634664721604 -0.0055885017954541323 0.0013807975444300421 0.013247905483585782 -0.0074048924904603223 0.0022058745083988322 0.00041254330482751037 -0.0025623712966218594 0.0068001385467389994 -0.0031165798654569847 -0.0025070442738962784 -0.014151350975171471 -0.0072116823222201608 0.0034717212195083291
leaf_weight=494 200 261 285 283 229 534 16137 295 342 758 228 216 307 429
leaf_count=494 200 261 285 283 229 534 16137 295 342 758 228 216 307 429
internal_value=0.000120936 0.000203454 0.00304676 0.00735747 -0.00267967 5.73892e-05 0.000135386 -0.00130153 0.00247809 -0.00227852 -0.00351665 -0.00826635 -0.00208223 -0.000730892
internal_weight=20998 20504 997 568 429 19507 19246 3109 637 2472 1938 444 1494 1187
internal_count=20998 20504 997 568 429 19507 19246 3109 637 2472 1938 444 1494 1187
is_linear=0
shrinkage=0.03


Tree=256
num_leaves=15
num_cat=0
split_feature=11 11 8 12 8 9 12 12 9 7 3 0 5 11
split_gain=9.95568 14.3446 28.4764 13.874 12.56 12.2659 12.1533 17.7526 16.9558 15.559 39.0061 19.979 11.1299 10.6656
threshold=1.5438952968538187 1.7527607882171656 0.04582292854072071 0.024471428801780885 -0.0080595060057034162 0.74049631706088059 -0.067070164850990585 0.0062376460202141501 0.91675789150473108 0.66268356692001862 0.75281475079228788 0.57232408936538903 3.5227427720673359 2.0987873254545124
decision_type=2 2 2 10 2 2 10 10 2 8 2 2 2 2
left_child=-1 2 3 4 -2 -3 13 8 -8 11 12 -9 -11 -7
right_child=1 5 -4 -5 -6 6 7 9 -10 10 -12 -13 -14 -15
leaf_value=0.0003138096235943145 -0.014889616557845362 0.004820673834743364 0.0049730803241929272 -0.0017369080765866764 -0.0054713212248611778 0.0085297592726968022 -0.009476345402440604 -0.0079326658197768907 -0.0014432408098769452 0.0013173868890661974 0.011526247768613529 0.0031853247141199453 -0.0073639620014506833 -0.00050549378578105696
leaf_weight=16660 238 366 228 301 288 202 420 356 538 368 297 240 202 271
leaf_count=16660 238 366 228 301 288 202 420 356 538 368 297 240 202 271
internal_value=-1.88861e-05 -0.00130228 -0.004334 -0.00691438 -0.00983291 -0.000316027 -0.000972852 -0.00183283 -0.00499598 0.000248422 0.00280731 -0.00346637 -0.00179644 0.00340197
internal_weight=20975 4315 1055 827 526 3260 2894 2421 958 1463 867 596 570 473
internal_count=20975 4315 1055 827 526 3260 2894 2421 958 1463 867 596 570 473
is_linear=0
shrinkage=0.03


Tree=257
num_leaves=15
num_cat=0
split_feature=4 4 3 11 2 8 6 8 8 4 7 3 7 7
split_gain=9.56754 17.2623 14.8367 14.2714 13.7435 16.6234 14.1325 12.4426 15.5159 15.74 14.4245 17.0895 20.2065 18.036
threshold=0.45424920083708192 0.3734770513947418 0.53787878787878129 2.6383237770399686 0.56363636363637537 -0.030255467264819518 -0.18474800716918474 -0.040858448855972333 -0.033433745588620868 0.50336063191065561 1.2552211217062974 0.9019607843137184 0.054748084546827093 0.25781890998722962
decision_type=2 2 2 2 2 2 8 2 2 2 10 2 10 10
left_child=1 3 -2 -1 -3 -6 -7 -4 -9 -10 11 -11 -13 -14
right_child=2 4 7 -5 5 6 -8 8 9 10 -12 12 13 -15
leaf_value=0.00022815897170984145 0.0050176955683042387 -0.00055238104330991914 0.0016461298374333155 -0.0072651884547742527 0.012107562723562237 -0.0035561620586922445 0.0055875808885380114 -0.0086835310205351564 -0.0060173089899567527 0.0011574756127222926 -0.007072996866198316 0.002192695620071166 -0.011245179622658068 -0.0025792759049161843
leaf_weight=12530 353 518 1089 228 249 201 586 280 598 2503 305 474 311 698
leaf_count=12530 353 518 1089 228 249 201 586 280 598 2503 305 474 311 698
internal_value=1.96469e-05 0.000455633 -0.000923841 9.14506e-05 0.00343561 0.00542268 0.00324456 -0.00126273 -0.00187656 -0.00147824 -0.000839406 -0.000354161 -0.00290081 -0.00529261
internal_weight=20923 14312 6611 12758 1554 1036 787 6258 5169 4889 4291 3986 1483 1009
internal_count=20923 14312 6611 12758 1554 1036 787 6258 5169 4889 4291 3986 1483 1009
is_linear=0
shrinkage=0.03


Tree=258
num_leaves=15
num_cat=0
split_feature=7 7 9 10 0 9 0 1 1 12 11 0 7 0
split_gain=7.41454 20.403 11.0128 16.9175 18.9398 19.5364 22.6867 21.0245 17.9921 17.7578 17.6155 16.7645 15.5132 15.3585
threshold=1.0996319681485851 1.1344611319901357 1.2024775103538132 2.6511041794289514 0.61782436612099856 0.77981596766105754 0.44858429706107633 1.4268298514837181 0.81149302310427063 -0.033645721715250536 1.2090456301914079 0.53172808734522359 1.4369242966609197 0.5370656787601723
decision_type=10 10 2 2 2 2 2 2 2 8 2 2 10 2
left_child=-1 -2 3 4 5 11 -7 8 -8 -9 13 -3 -5 -11
right_child=1 2 -4 12 -6 6 7 9 -10 10 -12 -13 -14 -15
leaf_value=-0.00024523121112056406 0.0096124796292259684 -0.0080280136333905176 0.0056577593344651778 -0.0090612252695824597 0.0078861555195006428 0.010910049621516947 0.0033412682987576307 -0.0035476304158623775 -0.0074191336344789569 0.0069058644454288842 0.010667084848146829 0.00088122807240680512 -0.00016786542518824551 -0.0033723029948171529
leaf_weight=16638 237 392 355 303 329 218 210 264 400 258 330 363 414 256
leaf_count=16638 237 392 355 303 329 218 210 264 400 258 330 363 414 256
internal_value=4.25987e-05 0.00114785 0.000646459 0.000163482 0.00114808 0.00031119 0.00190716 0.000736422 -0.00371769 0.00319428 0.0053116 -0.00376688 -0.00396287 0.00180361
internal_weight=20967 4329 4092 3737 3020 2691 1936 1718 610 1108 844 755 717 514
internal_count=20967 4329 4092 3737 3020 2691 1936 1718 610 1108 844 755 717 514
is_linear=0
shrinkage=0.03


Tree=259
num_leaves=15
num_cat=0
split_feature=10 3 3 3 11 4 2 0 5 5 3 11 4 3
split_gain=8.20785 9.69327 9.47932 25.6932 15.7202 13.3535 15.7869 14.1246 13.9754 28.631 24.6799 18.057 14.2456 12.322
threshold=0.9129151448923063 0.84615384615386036 0.92476113457334186 0.94915254237288349 1.5890870172819753 1.0115176631275231 0.60086567666851831 0.52462717878878162 2.6518603814612116 2.8385206647950278 0.97619047619047894 1.0673433001963966 0.19392674372447172 0.92103302219778804
decision_type=2 2 2 2 2 2 2 2 2 2 2 2 2 2
left_child=1 -1 13 -4 5 6 7 -5 10 -10 -8 12 -11 -2
right_child=2 -3 3 4 -6 -7 8 -9 9 11 -12 -13 -14 -15
leaf_value=-0.0078891585153691903 0.00034586117957500606 0.00047494432017687827 -0.0045928152123399608 0.0020504092899865881 -0.0043075802834150762 -0.0060522705719086795 0.010327064037322998 -0.008787307985804297 -0.0096436903790703826 -0.0056024103178642691 0.0014800608783335117 0.010192297738107686 0.0037674320634983821 0.0073561661365120689
leaf_weight=250 15554 243 1339 210 550 206 470 215 205 235 710 212 368 224
leaf_count=250 15554 243 1339 210 550 206 470 215 205 235 710 212 368 224
internal_value=2.37396e-06 -0.00380311 9.48053e-05 -0.00108403 0.000310313 0.00121348 0.00179409 -0.00347063 0.0028167 0.000241197 0.00503257 0.00277122 9.97922e-05 0.000447685
internal_weight=20991 493 20498 4720 3381 2831 2625 425 2200 1020 1180 815 603 15778
internal_count=20991 493 20498 4720 3381 2831 2625 425 2200 1020 1180 815 603 15778
is_linear=0
shrinkage=0.03


Tree=260
num_leaves=15
num_cat=0
split_feature=6 5 0 9 0 4 0 2 6 2 7 13 4 9
split_gain=8.56103 23.7516 19.9646 28.4112 19.9946 18.6489 18.412 32.6332 26.7969 14.8241 23.9652 18.2921 15.592 17.5031
threshold=0.065904556277325513 1.3661363412462324 0.58608695359028062 0.98239749366033935 0.59526094558249831 0.50336063191065561 0.57172306671671558 0.40255656293390446 0.059754276255583279 0.59999999999999565 0.65712940679334542 4.5000000000000009 0.66198951672650563 0.84403999412277531
decision_type=10 2 2 2 2 2 2 2 8 2 10 2 2 2
left_child=6 -2 3 5 -4 -3 -1 -8 9 10 -9 12 -11 -14
right_child=1 2 4 -5 -6 -7 7 8 -10 11 -12 -13 13 -15
leaf_value=-0.00053033454501473423 0.0047092133581935862 -0.000145702720758577 -0.011749448789656163 -0.0038055142168809428 -0.0028674773741108567 0.0054063190428453832 0.0083032637814820856 -0.0078480352572304138 0.0095917906462647841 0.0016639770730094525 0.0010233038779009472 0.0069241223881642026 -0.0083704954573680102 0.00062679419632708042
leaf_weight=8806 596 2108 270 1504 1375 729 591 465 294 2407 655 445 332 459
leaf_count=8806 596 2108 270 1504 1375 729 591 465 294 2407 655 445 332 459
internal_value=-8.12733e-05 -0.000977703 -0.00154738 -0.000479096 -0.0043565 0.00128796 0.000327136 0.00166334 0.000879908 0.000332665 -0.0026784 0.00126078 0.000463156 -0.00317842
internal_weight=21036 6582 5986 4341 1645 2837 14454 5648 5057 4763 1120 3643 3198 791
internal_count=21036 6582 5986 4341 1645 2837 14454 5648 5057 4763 1120 3643 3198 791
is_linear=0
shrinkage=0.03


Tree=261
num_leaves=15
num_cat=0
split_feature=0 12 5 6 13 1 3 5 5 3 2 12 12 11
split_gain=7.28014 14.2514 23.1166 13.4043 11.8734 8.29832 8.09125 17.83 24.3087 22.1697 16.6327 21.9487 15.9423 18.3245
threshold=0.470511478496421 -0.022812690538997923 2.2822927915206921 0.16160823523087667 1.0000000180025095e-35 1.1398654772158072 0.95238095238096088 2.5656767307988999 2.8495249997759799 0.96774193548387466 0.83110365398956121 0.0074017341434060588 0.028807241522460506 1.5890870172819753
decision_type=2 10 2 8 2 2 2 2 2 2 2 8 10 2
left_child=1 4 -3 5 -1 -4 -2 9 -9 -8 -11 -12 13 -10
right_child=6 2 3 -5 -6 -7 7 8 12 10 11 -13 -14 -15
leaf_value=-0.0085464438530088397 -3.2258657343173031e-06 -0.005581370026976974 0.0020020612503932633 -0.0036235935110144495 -0.00104476623707696 0.008777942096258139 0.011120628924281508 -0.007337746318167364 0.006883213353663549 -0.0019778773318976164 9.9835175399978947e-05 0.012434867430478334 -0.003032599737772299 -0.0027739584871074733
leaf_weight=383 16009 400 353 200 375 303 319 350 581 475 283 235 444 250
leaf_count=383 16009 400 353 200 375 303 319 350 581 475 283 235 444 250
internal_value=8.00788e-05 -0.00163248 0.000330732 0.00310976 -0.00486636 0.0051745 0.00026251 0.00170853 -0.000392843 0.00430283 0.00206788 0.00576123 0.00153482 0.00397871
internal_weight=20960 2014 1256 856 758 656 18946 2937 1625 1312 993 518 1275 831
internal_count=20960 2014 1256 856 758 656 18946 2937 1625 1312 993 518 1275 831
is_linear=0
shrinkage=0.03


Tree=262
num_leaves=15
num_cat=0
split_feature=5 7 1 11 12 13 0 10 5 6 11 5 13 1
split_gain=12.928 8.8715 12.207 24.9538 10.7357 9.53092 40.6179 20.1927 11.508 18.5066 29.7275 26.7912 12.5684 22.0712
threshold=0.57500993174500814 -0.6049529838188028 0.42682193164441995 0.43967355444853767 -0.0038158003834779515 5.5000000000000009 0.59781834222155961 1.6901753829050696 1.7055588017823364 0.15189017499883598 -0.84344613932521206 1.5885844263793671 1.5000000000000002 0.78432847509732895
decision_type=2 10 2 2 10 2 2 2 2 10 2 2 2 2
left_child=-1 4 3 -3 -2 8 7 -7 9 11 -11 12 13 -4
right_child=1 2 5 -5 -6 6 -8 -9 -10 10 -12 -13 -14 -15
leaf_value=-0.0057890545634122995 -0.0086847851022261464 -0.0021059967039359939 0.0044224133472425655 0.012167058640992955 0.00053675691271200764 0.0062430381375061794 0.011820596301420168 -0.0022913636249610255 -0.00027338127031621874 0.015539135739836894 0.0013922462695625888 0.0083001559827385867 0.0029653524699964021 -0.005310616473905465
leaf_weight=320 214 211 276 223 235 336 325 925 15577 208 362 323 470 828
leaf_count=320 214 211 276 223 235 336 325 925 15577 208 362 323 470 828
internal_value=0.00014753 0.000241528 0.000335284 0.0052829 -0.00390561 0.000224579 0.00245047 -1.65258e-06 2.83069e-05 0.00192991 0.00664485 0.000499447 -0.00112255 -0.00286839
internal_weight=20833 20513 20064 434 449 19630 1586 1261 18044 2467 570 1897 1574 1104
internal_count=20833 20513 20064 434 449 19630 1586 1261 18044 2467 570 1897 1574 1104
is_linear=0
shrinkage=0.03


Tree=263
num_leaves=15
num_cat=0
split_feature=1 1 12 12 9 7 9 9 5 1 7 7 9 5
split_gain=9.27563 18.6951 17.9655 14.2207 9.59695 24.2711 15.2458 17.9296 17.0052 16.8014 30.8378 13.4327 12.4698 13.6486
threshold=5.6046862873188221 4.608789548833383 0.012638018794943863 0.05710526839139924 1.2717651600827871 0.89711925845456353 1.0697636563285391 1.058903824050802 3.1292715700278753 3.6665411019635896 0.8613889239192708 -0.028329359424198123 1.1392537208001206 3.620088663000391
decision_type=2 2 8 10 2 10 2 2 2 2 10 8 2 2
left_child=1 4 -2 -4 6 -6 7 9 11 -1 -11 -8 -10 -14
right_child=2 -3 3 -5 5 -7 8 -9 12 10 -12 -13 13 -15
leaf_value=3.6371881380764787e-05 0.0086320003939523212 -0.0062054842427583792 -0.0063957029344832023 0.0046241628323694522 0.00013250330023321683 0.010873909189342699 0.0023346628641315514 0.0083035843032764727 -0.0025986973522421049 0.013860483756411968 -0.00035591590207662775 -0.0054226733891591539 0.0080402662383858119 -0.0017825663569898339
leaf_weight=15502 327 419 200 212 683 257 236 246 485 222 347 1257 308 212
leaf_count=15502 327 419 200 212 683 257 236 246 485 222 347 1257 308 212
internal_value=0.000148775 2.74509e-05 0.00343837 -0.000737832 0.000161187 0.00311124 1.30144e-05 0.000347339 -0.00216713 0.000223007 0.00526315 -0.00419276 0.000847945 0.00405674
internal_weight=20913 20174 739 412 19755 940 18815 16317 2498 16071 569 1493 1005 520
internal_count=20913 20174 739 412 19755 940 18815 16317 2498 16071 569 1493 1005 520
is_linear=0
shrinkage=0.03


Tree=264
num_leaves=15
num_cat=0
split_feature=12 12 13 4 2 6 9 8 4 8 9 9 9 1
split_gain=6.45357 5.75751 15.0071 9.25346 8.77674 6.6939 6.12901 32.48 19.1815 9.41458 17.328 18.5376 12.1893 19.3178
threshold=-0.22937097726444564 -0.13302599242165966 1.0000000180025095e-35 0.25582234336459037 0.6874999999999768 0.9608550851892258 0.66622991649253638 0.031426582296447507 0.28834863626748314 0.049102808091013334 0.75376922418325798 0.81449672919486804 0.96907507718780839 0.9962705078266848
decision_type=8 8 2 2 2 10 2 2 2 2 2 2 2 2
left_child=-1 2 3 -2 -4 6 7 8 -3 -8 -11 -12 13 -13
right_child=1 5 4 -5 -6 -7 9 -9 -10 10 11 12 -14 -15
leaf_value=-0.004228400874397029 -0.0049591750978054509 -0.0055287635958027222 0.010512037511382783 0.0034158566148111188 0.0020363777259794565 0.0043011144436768704 -0.00010698028786688436 0.010779064633220219 0.0034700592575778425 -0.0080789007411384197 0.0047680475809337456 -0.011062630820890953 0.00015462302485373834 -0.0019947538564245738
leaf_weight=340 278 422 212 200 229 288 15439 273 421 361 403 285 1004 792
leaf_count=340 278 422 212 200 229 288 15439 273 421 361 403 285 1004 792
internal_value=-0.000159211 -9.10628e-05 0.00222341 -0.00145589 0.00618301 -0.000199635 -0.000267541 0.00188585 -0.00104073 -0.000399458 -0.00198368 -0.00108341 -0.0022253 -0.00443436
internal_weight=20947 20607 919 478 441 19688 19400 1116 843 18284 2845 2484 2081 1077
internal_count=20947 20607 919 478 441 19688 19400 1116 843 18284 2845 2484 2081 1077
is_linear=0
shrinkage=0.03


Tree=265
num_leaves=15
num_cat=0
split_feature=1 1 0 0 10 4 13 9 3 9 1 3 9 10
split_gain=10.7217 15.5754 13.9761 17.9546 24.9497 19.271 16.8325 14.4283 13.0974 30.7757 25.3812 26.1334 15.3713 19.5278
threshold=2.0475073468528331 1.9965442932964843 0.66762968429259872 0.57301858749957268 1.4669465666670554 1.0844145207366527 8.5000000000000018 0.86674250897379868 0.80649062033529229 0.83623327396348857 3.7538662814761694 0.91666666666667296 0.76895062975691542 2.5165828401304378
decision_type=2 2 2 2 2 2 2 2 2 2 2 2 2 2
left_child=1 -1 3 6 -5 7 8 -6 12 -10 11 -11 -2 -14
right_child=2 -3 -4 4 5 -7 -8 -9 9 10 -12 -13 13 -15
leaf_value=0.0002189737069254339 -0.0070709384524154885 0.0078587684267368459 0.0046613386018353317 -0.010976728894060752 -0.0079302035136152166 0.004384808383349861 -0.0072502005045351221 -0.0011757020996414499 0.010019564887300395 0.0012945363847318319 0.008541334227667851 -0.011855807740749283 0.0023571598995986809 -0.004652377710162036
leaf_weight=15337 321 239 339 361 482 310 280 690 366 354 201 215 1091 526
leaf_count=15337 321 239 339 361 482 310 280 690 366 354 201 215 1091 526
internal_value=-6.4404e-05 0.000338684 -0.00119781 -0.00158411 -0.00395854 -0.00221783 -0.000275428 -0.00397546 0.000370621 0.00292133 -0.000495515 -0.00373439 -0.0011282 6.96885e-05
internal_weight=21112 15576 5536 5197 1843 1482 3354 1172 3074 1136 770 569 1938 1617
internal_count=21112 15576 5536 5197 1843 1482 3354 1172 3074 1136 770 569 1938 1617
is_linear=0
shrinkage=0.03


Tree=266
num_leaves=15
num_cat=0
split_feature=6 5 7 5 11 11 2 2 7 10 9 2 6 8
split_gain=9.75912 23.0969 21.2098 20.8943 17.4907 19.2325 11.5827 14.5453 13.4399 18.2164 10.8928 13.7174 10.2522 25.8095
threshold=-0.19636161790522463 2.0697560800766697 0.28158460831956122 2.6859596454087042 0.77032184932696424 -0.060211875059357926 0.67924528301887555 0.59574468085106791 0.14366231684803399 2.0347018165271225 0.81807400868390545 0.53846153846155131 -0.12971474771260597 -0.020807093211003293
decision_type=8 2 8 2 2 2 2 2 10 2 2 2 8 2
left_child=1 2 -1 4 5 -3 7 -5 -8 -10 -4 -12 13 -2
right_child=12 3 10 6 -6 -7 8 -9 9 -11 11 -13 -14 -15
leaf_value=0.00065105327614107904 -0.0025321913474825619 0.0011700440868051773 -0.01196168769869888 -0.0016674473486288604 -0.0017553055809246471 0.011495998035248537 -0.00016268647591244766 0.0058454105564423146 -0.012675595808167361 -0.0018618930606711845 0.0010071061710709508 -0.009788277664700069 -0.00011164107216692953 0.0041800291194067484
leaf_weight=387 756 322 337 916 368 325 435 305 272 288 201 217 14243 1598
leaf_count=387 756 322 337 916 368 325 435 305 272 288 201 217 14243 1598
internal_value=-0.000140579 -0.00140054 -0.00505773 -0.000102084 0.0034525 0.00640534 -0.00173431 0.000225415 -0.00412826 -0.00717996 -0.00796899 -0.00464665 0.000191719 0.00202356
internal_weight=20970 4373 1142 3231 1015 647 2216 1221 995 560 755 418 16597 2354
internal_count=20970 4373 1142 3231 1015 647 2216 1221 995 560 755 418 16597 2354
is_linear=0
shrinkage=0.03


Tree=267
num_leaves=15
num_cat=0
split_feature=3 12 5 11 4 8 10 8 11 12 12 5 8 5
split_gain=10.7474 12.1256 23.2369 15.4942 15.3856 12.7037 22.5814 21.107 15.8431 14.8856 17.7924 15.8223 22.6973 18.5043
threshold=0.69779546138009252 -0.1290115171359609 1.8599400619504112 0.045427580969290997 0.19889291943700077 0.063171942025090869 1.8091887729232405 0.048287896163124198 0.42722610288313517 -0.053698671883536324 -0.058629848146089285 3.5530053936959969 -0.048236238609401925 3.1380316921939237
decision_type=2 8 2 2 2 2 2 2 2 10 8 2 2 2
left_child=-1 2 -2 -4 -5 7 8 9 -7 10 11 12 -3 -14
right_child=1 5 3 4 -6 6 -8 -9 -10 -11 -12 -13 13 -15
leaf_value=-0.0010886346106985165 0.012366579119549241 0.0046949309896613129 -0.0056599437483521396 0.010322265312493382 -5.5137953643152962e-05 0.0017390751222317868 -0.00015832631464434576 -0.0048176643430934583 0.012516206610080313 0.00071533362815437754 -0.0086655929565620099 0.0058191338364980113 -0.002248946690960426 -0.011900073597038333
leaf_weight=5942 210 341 210 201 342 215 785 793 287 9773 308 263 975 215
leaf_count=5942 210 341 210 201 342 215 785 793 287 9773 308 263 975 215
internal_value=-1.02077e-05 0.000419562 0.00366651 0.00117463 0.00384535 0.000194266 0.00302806 -9.47135e-05 0.00796317 0.000222575 -0.00206471 -0.000910511 -0.00208173 -0.00403513
internal_weight=20860 14918 963 753 543 13955 1287 12668 502 11875 2102 1794 1531 1190
internal_count=20860 14918 963 753 543 13955 1287 12668 502 11875 2102 1794 1531 1190
is_linear=0
shrinkage=0.03


Tree=268
num_leaves=15
num_cat=0
split_feature=4 5 2 3 12 1 5 1 1 1 12 5 7 7
split_gain=13.1975 15.8447 20.4933 17.3581 15.8729 14.3646 14.0467 13.3312 23.7158 17.9388 14.982 16.8205 13.1724 12.5991
threshold=0.6098663432759307 1.9853570175164181 0.81578947368421895 0.81632653061225324 -0.053698671883536324 1.1607605384994875 2.8385206647950278 2.0648279025127296 3.7538662814761694 4.608789548833383 0.0042690155429097607 2.9114777433489571 2.0855330888169537 1.8302133393650342
decision_type=2 2 2 2 10 2 2 2 2 2 10 2 10 10
left_child=12 2 3 -2 6 -6 -3 -7 10 -10 -9 -12 13 -1
right_child=1 4 -4 -5 5 7 -8 8 9 -11 11 -13 -14 -15
leaf_value=0.00059830870806096585 -0.0056824408626114879 -0.0090106806242577376 -0.011301130035093851 0.0041534592560232798 -0.0049704971085144673 0.0046509634122884926 -0.00016045556831258264 -0.0089198072563217139 0.010690026898884167 0.0006220134200389596 0.0048260715835289477 -0.0054676928598297592 -0.0036787030294786875 0.0062220798219663241
leaf_weight=15691 400 316 289 264 349 799 325 292 231 492 267 296 630 362
leaf_count=15691 400 316 289 264 349 799 325 292 231 492 267 296 630 362
internal_value=0.00017689 -0.0013 -0.00470422 -0.00176997 -0.000330913 0.000669915 -0.00455941 0.00150676 -9.49336e-05 0.00389009 -0.00346775 -0.000586416 0.000559599 0.000727024
internal_weight=21003 4320 953 664 3367 2726 641 2377 1578 723 855 563 16683 16053
internal_count=21003 4320 953 664 3367 2726 641 2377 1578 723 855 563 16683 16053
is_linear=0
shrinkage=0.03


Tree=269
num_leaves=15
num_cat=0
split_feature=4 13 4 10 9 3 8 12 7 8 8 13 6 3
split_gain=9.77166 15.1458 14.5047 17.6978 18.7457 26.8398 15.1368 15.5403 16.9334 15.1394 14.0615 12.9879 12.7036 15.4964
threshold=0.84480244816935579 6.5000000000000009 0.45424920083708192 1.4669465666670554 0.95666949566220716 0.75000000000000122 0.05257246812541206 -0.025161647996556399 0.78878109795564499 0.046670564438592861 0.00906190751901499 4.5000000000000009 0.034791228358170063 0.92307692307689826
decision_type=2 2 2 2 2 2 2 10 8 2 2 2 10 2
left_child=2 11 6 4 5 -4 9 8 -8 -1 -7 12 13 -2
right_child=1 -3 3 -5 -6 10 7 -9 -10 -11 -12 -13 -14 -15
leaf_value=0.00034127076465017734 0.0024122733617755205 -0.0038446896411478523 0.0012962438689695824 -0.00080670894751689681 0.00268441877895739 -0.014897685962674372 0.0071420586217533456 -0.0040373644384089852 -0.0040762255703043274 0.006476749463252481 -0.0047101181222171315 0.0098766806527515339 0.0052848373765178088 -0.005484545900054821
leaf_weight=12259 698 355 217 3404 200 335 270 1351 212 368 200 207 637 323
leaf_count=12259 698 355 217 3404 200 335 270 1351 212 368 200 207 637 323
internal_value=-8.25638e-05 0.00179754 -0.000304806 -0.00182132 -0.00542603 -0.00758655 0.000152508 -0.00239126 0.00221668 0.000522575 -0.0111681 0.00287894 0.00197821 -0.00010049
internal_weight=21036 2220 18816 4356 952 752 14460 1833 482 12627 535 1865 1658 1021
internal_count=21036 2220 18816 4356 952 752 14460 1833 482 12627 535 1865 1658 1021
is_linear=0
shrinkage=0.03


Tree=270
num_leaves=15
num_cat=0
split_feature=0 7 7 13 1 5 1 11 5 1 8 1 1 7
split_gain=9.54379 16.9018 16.176 18.8026 14.5994 14.2057 13.831 25.647 23.4781 23.0109 21.3479 17.2844 18.1291 20.5805
threshold=0.53489320147805408 -0.25512048742263965 0.1172359976581112 7.5000000000000009 0.58908472601263584 1.8180779594534058 1.5243343998182521 0.79683875522901271 2.4175806908637179 1.1187399652672008 -0.025376105068218913 0.77902580252434495 1.3318956921456426 0.67008264963755737
decision_type=2 8 10 2 2 2 2 2 2 2 2 2 2 10
left_child=1 -1 5 4 -4 -3 7 8 9 10 -6 -9 13 -13
right_child=-2 2 3 -5 6 -7 -8 11 -10 -11 -12 12 -14 -15
leaf_value=0.0074585589852307543 -0.00069067821680798727 -0.010104058123422117 0.0062905699769212941 -0.0066838206940104707 -0.0038871741545827765 -0.0013511626351536139 0.0023953808029456777 -0.0096006704062318645 0.0062638292775187843 -0.0066063466067520938 0.0067588825609002793 -0.0049030868339257827 -0.0085281734706929135 0.0038660621012483408
leaf_weight=308 12900 207 466 279 280 794 2709 308 693 387 415 409 269 571
leaf_count=308 12900 207 466 279 280 794 2709 308 693 387 415 409 269 571
internal_value=-0.000184095 0.000623111 0.000348136 0.00087385 0.00120278 -0.00320242 0.000805435 -0.000488884 0.00197379 -0.000790066 0.00247269 -0.0032937 -0.00170634 0.000199973
internal_weight=20995 8095 7787 6786 6507 1001 6041 3332 1775 1082 695 1557 1249 980
internal_count=20995 8095 7787 6786 6507 1001 6041 3332 1775 1082 695 1557 1249 980
is_linear=0
shrinkage=0.03


Tree=271
num_leaves=15
num_cat=0
split_feature=12 6 0 11 2 5 10 8 1 10 1 4 5 12
split_gain=6.76504 8.66629 15.8681 13.7632 25.8924 16.4046 15.9582 15.351 14.0738 11.976 14.7911 12.2281 16.5454 12.1632
threshold=-0.4118358622529556 0.23897370433054457 0.47995919657320524 -0.29025635758803153 0.64285714285716622 1.7567116622633834 2.8575901958578291 -0.050108785041895983 2.5919133918865467 1.8720323242279606 1.3408884824450247 0.18386959726330113 3.239812448391445 -0.018854818929071756
decision_type=10 8 2 2 2 2 2 2 2 2 2 2 2 10
left_child=-1 -2 -3 4 -4 -5 7 -7 9 10 13 -11 -13 -9
right_child=1 2 3 5 -6 6 -8 8 -10 11 -12 12 -14 -15
leaf_value=0.0051932433016852221 0.00020001274077572918 -0.0068633388213248329 -0.010670065191961252 0.008175861375748843 -1.4476744902197577e-05 -0.0070587916984348681 -0.008293296561940857 -0.0022715033290310288 -0.0041159749538495017 -0.00012186180452162006 -0.0052491567774286757 0.0034919727625230611 0.014285866399069577 0.0073826185339375544
leaf_weight=215 16829 417 320 218 557 217 202 207 354 284 311 349 201 261
leaf_count=215 16829 417 320 218 557 217 202 207 354 284 311 349 201 261
internal_value=-3.97946e-05 -9.5316e-05 -0.00136897 -0.000701886 -0.00394094 0.000394454 -0.000332115 0.000421483 0.00126251 0.00245199 -0.000225148 0.00493901 0.00752981 0.00313365
internal_weight=20942 20727 3898 3481 877 2604 2386 2184 1967 1613 779 834 550 468
internal_count=20942 20727 3898 3481 877 2604 2386 2184 1967 1613 779 834 550 468
is_linear=0
shrinkage=0.03


Tree=272
num_leaves=15
num_cat=0
split_feature=10 0 11 11 8 9 6 6 2 6 11 12 12 5
split_gain=7.17124 11.2329 11.8536 11.4005 11.3817 22.5035 16.0518 17.158 17.6469 12.6542 28.4605 15.3302 24.3852 18.0955
threshold=1.9084176366569772 0.42046353303689227 -1.5776883917311517 -1.0896836720819165 0.020978235408305599 0.65678259894877 0.5001972386587773 0.11615518752212008 0.82258064516129037 -0.16864088084419201 0.59949477151015473 -0.020464391909130349 0.045913857607225224 2.5761466456421567
decision_type=2 2 2 2 2 2 8 10 2 10 2 10 10 2
left_child=1 -1 -3 -4 -5 -6 7 8 9 10 -7 -11 13 -13
right_child=-2 2 3 4 5 6 -8 -9 -10 11 -12 12 -14 -15
leaf_value=0.0053217020252947327 0.00048143466796231267 -0.007845441030604498 0.0042137544961284388 -0.0015614141797765241 0.0099611817122599398 -0.0087525455337827615 0.0072943041043462935 -0.0056602059940845644 -0.0055216694307459353 0.009604339334714166 0.0047105251596919421 -0.007873998182574218 0.0077285927454275741 0.0038285807447763979
leaf_weight=273 10667 205 412 6459 213 271 239 508 356 284 285 269 331 206
leaf_count=273 10667 205 412 6459 213 271 239 508 356 284 285 269 331 206
internal_value=-6.37935e-05 -0.000627806 -0.000792182 -0.000641222 -0.000855663 0.000683352 -5.22993e-05 -0.000764947 0.000488213 0.00180083 -0.00187103 0.0036738 0.00153781 -0.00281176
internal_weight=20978 10311 10038 9833 9421 2962 2749 2510 2002 1646 556 1090 806 475
internal_count=20978 10311 10038 9833 9421 2962 2749 2510 2002 1646 556 1090 806 475
is_linear=0
shrinkage=0.03


Tree=273
num_leaves=15
num_cat=0
split_feature=13 2 8 4 13 11 2 6 8 12 12 2 11 4
split_gain=7.40455 20.4374 23.3623 14.5826 8.66703 13.7691 12.5746 8.59524 22.6791 17.4653 27.4562 8.13649 14.4886 14.6567
threshold=7.5000000000000009 0.58244590461085344 0.0078606214036486422 0.51866077033362035 5.5000000000000009 0.86232874825349581 0.67362967003000074 0.9608550851892258 0.019365649030646238 -0.028720860929421718 0.064097932350994549 0.25000000000000117 1.0000000180025095e-35 0.030758296887625162
decision_type=2 2 2 2 2 2 2 8 2 8 10 2 2 2
left_child=4 -2 3 -3 7 6 -6 11 9 -9 -11 12 -1 -14
right_child=1 2 -4 -5 5 -7 -8 8 -10 10 -12 -13 13 -15
leaf_value=-0.0034055375636311016 -0.010777972093710559 0.0011952645778656006 0.0070573140946882116 -0.010123468345174424 0.0059327840066418563 0.0092730144533360818 -0.0031542896502720773 0.0056384238233867703 0.0091448230961803344 -0.01137946505033891 0.003642052628204856 -0.00041034556141694836 0.010332395013678691 0.0018185531709443441
leaf_weight=342 211 200 247 203 227 227 330 258 320 222 208 16811 227 859
leaf_count=342 211 200 247 203 227 227 330 258 320 222 208 16811 227 859
internal_value=-6.72512e-05 -0.0027832 -0.00012551 -0.00456042 5.01549e-05 0.00313189 0.000568895 -7.6156e-05 0.00261361 -0.000468219 -0.0041549 -0.000225485 0.00194461 0.00363735
internal_weight=20892 861 650 403 20031 784 557 19247 1008 688 430 18239 1428 1086
internal_count=20892 861 650 403 20031 784 557 19247 1008 688 430 18239 1428 1086
is_linear=0
shrinkage=0.03


Tree=274
num_leaves=15
num_cat=0
split_feature=10 3 10 3 4 2 11 11 8 0 10 5 8 5
split_gain=7.56184 14.5636 16.1123 16.0846 12.1304 20.4214 15.4866 14.6398 13.6935 19.6296 13.3172 14.7604 15.1312 13.5493
threshold=2.3253715182780579 0.90909090909091173 2.4244644760839891 0.89339790153349374 0.1224610723161655 0.2013966851362228 2.2876296978856732 2.6383237770399686 0.027426348641782439 0.56692472244063197 2.5165828401304378 3.0102074330727642 -0.022918053143145656 3.3251744319253178
decision_type=2 2 2 2 2 2 2 2 2 2 2 2 2 2
left_child=-1 3 -3 4 5 -2 8 -8 10 -10 -6 12 -12 -13
right_child=1 2 -4 -5 6 -7 7 -9 9 -11 11 13 -14 -15
leaf_value=-0.00046320595876305328 -0.0043444543608986749 0.010310521202116478 0.0019559729007673204 -0.0077204406171567513 0.0037331446628595991 0.0056091548875950737 0.008556743710657063 -0.00080060407945087969 -0.0092005692603252393 0.00069660527062169301 0.006643298892709224 -0.011054241408568781 -0.0030483301027732735 -0.0018660376730545514
leaf_weight=14932 241 241 1363 231 534 758 286 310 426 309 271 217 301 421
leaf_count=14932 241 241 1363 231 534 758 286 310 426 309 271 217 301 421
internal_value=-0.000103745 0.000804235 0.00323938 -0.00010578 0.000334914 0.00319826 -0.000599005 0.0037235 -0.00164362 -0.00506312 -0.000192137 -0.00193268 0.00156111 -0.00505284
internal_weight=20841 5909 1604 4305 4074 999 3075 596 2479 735 1744 1210 572 638
internal_count=20841 5909 1604 4305 4074 999 3075 596 2479 735 1744 1210 572 638
is_linear=0
shrinkage=0.03


Tree=275
num_leaves=15
num_cat=0
split_feature=0 13 7 12 9 13 5 0 12 6 6 8 6 9
split_gain=10.6699 20.5023 18.3427 16.4577 16.8617 14.1814 11.4051 10.0694 19.5966 30.7404 18.4046 8.74728 14.0548 11.8234
threshold=0.62956881050338842 4.5000000000000009 1.2006607593884731 0.029631988581042882 0.95248763758319865 1.0000000180025095e-35 2.8927288539206724 0.61328557883832324 0.014053490357371691 -0.020286147990552669 -0.0022744313458107342 0.00093813970307756887 -0.051244011391974424 0.75978273072014957
decision_type=2 2 8 8 2 2 2 2 10 8 8 2 10 2
left_child=7 2 3 4 11 -5 -6 -1 10 -10 -9 13 -13 -2
right_child=1 -3 -4 5 6 -7 -8 8 9 -11 -12 12 -14 -15
leaf_value=0.00018420674520948832 -0.0037746536001805769 0.0066274938723409034 0.0054992599071057371 0.0045732362662988992 -0.0046998974976177037 -0.0033794022115769067 0.0050155003649960143 0.0018050575206387492 0.0054120695818873008 -0.010152550456046626 0.012129013410855814 0.00046638014316558834 -0.0091531705931122368 -0.012450055246169749
leaf_weight=16992 231 244 237 373 212 428 213 338 250 202 286 295 249 385
leaf_count=16992 231 244 237 373 212 428 213 338 250 202 286 295 249 385
internal_value=9.29694e-05 -0.00160563 -0.00238265 -0.00317542 -0.00494203 0.000329283 0.000170933 0.000362869 0.00317038 -0.00157878 0.00659567 -0.00680801 -0.00397995 -0.00925337
internal_weight=20935 2867 2623 2386 1585 801 425 18068 1076 452 624 1160 544 616
internal_count=20935 2867 2623 2386 1585 801 425 18068 1076 452 624 1160 544 616
is_linear=0
shrinkage=0.03


Tree=276
num_leaves=15
num_cat=0
split_feature=2 7 1 12 1 6 12 9 5 9 10 3 3 9
split_gain=9.98624 15.2463 30.2498 14.7923 37.6695 13.271 21.2307 18.4315 12.685 12.988 14.0543 12.3311 11.1776 22.2694
threshold=0.45997032640949148 1.4164830861644584 1.9366726573330528 -0.034503866927544084 0.6491803156454693 -0.067236041999802862 0.037177692034804262 0.93869918792547458 3.3628412293439491 0.96493947548712666 2.0543317281018889 0.53787878787878129 0.62292792380254636 0.92922882686742325
decision_type=2 10 2 8 2 8 10 2 2 2 2 2 2 2
left_child=1 2 3 4 -1 6 7 -3 9 10 -7 -4 13 -5
right_child=-2 5 11 12 -6 8 -8 -9 -10 -11 -12 -13 -14 -15
leaf_value=-0.0084313094226550738 0.00050272139029380479 0.0047798860249550715 -0.0040288230416916527 0.0046670697358037741 0.0060426985843125541 0.0032259580461532255 0.010794933537827499 -0.0058132949862475239 0.0046461587102472118 -0.0079122709318447271 -0.0059267072633999145 -0.014229677424986395 -0.0046539658367779424 -0.0060768873377929668
leaf_weight=216 16008 375 201 415 601 386 263 237 263 294 241 236 1044 291
leaf_count=216 16008 375 201 415 601 386 263 237 263 294 241 236 1044 291
internal_value=0.00013542 -0.00102525 -0.00238662 -0.0011361 0.00218802 0.0009619 0.00375293 0.000663759 -0.00110784 -0.00276716 -0.000311108 -0.0096364 -0.0026898 0.000227019
internal_weight=21071 5063 3004 2567 817 2059 875 612 1184 921 627 437 1750 706
internal_count=21071 5063 3004 2567 817 2059 875 612 1184 921 627 437 1750 706
is_linear=0
shrinkage=0.03


Tree=277
num_leaves=15
num_cat=0
split_feature=7 7 4 9 4 9 9 4 4 1 1 9 4 0
split_gain=8.9646 7.65754 8.55506 20.0587 16.3413 15.4793 21.4009 12.2923 14.6152 14.8184 15.784 16.004 13.8514 18.1417
threshold=-0.79060576279046846 -0.49919164421338247 0.19145659587999111 1.2717651600827871 0.2322513509235509 0.93869918792547458 1.0328386832970806 0.14592567401577552 0.08731582215171009 2.8799634818395923 1.4095253716386968 0.81638014939232562 0.1224610723161655 0.58374027897022318
decision_type=10 10 2 2 2 2 2 2 2 2 2 2 2 2
left_child=-1 -2 3 7 5 -4 -7 8 9 10 -3 -12 -10 -14
right_child=1 2 4 -5 -6 6 -8 -9 12 -11 11 -13 13 -15
leaf_value=-0.0055907189464095694 0.0043897492203168664 -0.0027461102066423169 0.00079909784415579021 0.0057952506415931667 -0.00012056814428109531 0.014771942721915916 0.0022202562240323971 -0.0038765768517907396 0.0031016221619530079 -0.0097702029152113255 -0.0037463525105948465 0.0047265760430955138 -0.0046429143783006102 0.0052094302225778712
leaf_weight=272 323 2377 786 362 11592 208 292 1431 1309 201 296 599 589 230
leaf_count=272 323 2377 786 362 11592 208 292 1431 1309 201 296 599 589 230
internal_value=-0.000229678 -0.000157535 -0.000231052 -0.00104403 0.000235946 0.00343759 0.00753632 -0.00139997 -0.000764331 -0.00196282 -0.00146904 0.00191911 0.00119168 -0.00186126
internal_weight=20867 20595 20272 7394 12878 1286 500 7032 5601 3473 3272 895 2128 819
internal_count=20867 20595 20272 7394 12878 1286 500 7032 5601 3473 3272 895 2128 819
is_linear=0
shrinkage=0.03


Tree=278
num_leaves=15
num_cat=0
split_feature=10 9 13 10 12 10 6 10 10 9 10 9 5 11
split_gain=11.0704 7.24565 17.8452 39.1225 22.5333 18.4482 26.1009 13.0113 21.9524 12.2542 24.7164 21.0155 16.6897 26.0287
threshold=0.9129151448923063 0.83792310507978029 4.5000000000000009 1.6407339660838245 0.019349046706282683 2.0827935973393115 -0.19636161790522463 2.4711723522063527 2.3341393890461526 0.93122905505583642 1.3938920941585844 1.0379000034106902 3.2859792116987969 2.3577538352305183
decision_type=2 2 2 2 10 2 8 2 2 2 2 2 2 2
left_child=-1 2 5 -4 -5 -2 -7 8 -8 -3 11 -11 -12 -14
right_child=1 9 3 4 -6 6 7 -9 -10 10 12 -13 13 -15
leaf_value=-0.0041597961748796189 -0.00039087437171469254 -0.0013737575362312297 0.015922339950005214 0.0073162767269576972 -0.0066314108605590163 -0.0036899736890910373 0.0039474091786295641 0.0017790814772418242 0.014124759582513505 0.0090283115702546202 -0.0010040798967009125 6.0097780753520953e-06 0.0035554639670831449 -0.0042637864162167237
leaf_weight=503 4901 4495 220 203 204 421 633 784 272 533 5004 409 1951 472
leaf_count=503 4901 4495 220 203 204 421 633 784 272 533 5004 409 1951 472
internal_value=0.000215105 0.000323427 0.00105502 0.00588346 0.000329662 0.000619319 0.00296112 0.00462497 0.00706704 -0.000111195 0.000567345 0.0051317 -1.4636e-05 0.00202663
internal_weight=21005 20502 7638 627 407 7011 2110 1689 905 12864 8369 942 7427 2423
internal_count=21005 20502 7638 627 407 7011 2110 1689 905 12864 8369 942 7427 2423
is_linear=0
shrinkage=0.03


Tree=279
num_leaves=15
num_cat=0
split_feature=4 3 4 6 12 6 5 6 7 11 5 11 10 6
split_gain=9.44028 22.6536 19.7873 19.4965 18.9236 15.3812 19.5841 19.2068 12.1432 11.9377 10.5714 9.20685 17.8138 11.6515
threshold=0.45424920083708192 0.90625000000002032 0.40240850158833102 -0.26361451894748222 -0.049180839786544354 -0.1895043322407591 3.2575823233352605 0.006912498699086945 0.054748084546827093 2.6885470555477418 1.2085518229138668 -0.15881952772733618 2.5899729994282983 0.34434116980717372
decision_type=2 2 2 10 8 10 2 10 10 2 2 2 2 10
left_child=2 10 9 -3 -4 -5 7 -7 -9 -1 -2 12 -12 -13
right_child=1 3 4 5 -6 6 -8 8 -10 -11 11 13 -14 -15
leaf_value=0.00012472979343419678 -0.0057001867958869062 -0.010441468443372286 -0.0035486046157741998 0.0050757273541737914 0.0066329048496971688 -0.0094585178114405463 0.0024908822613169054 0.0036226440991173271 -0.0047726374574555645 -0.0067550194248944132 0.005417536779255887 -0.00086545120004026803 -0.0045950036803665368 0.0047957255243800765
leaf_weight=13092 256 315 206 214 757 540 382 233 442 226 708 2884 202 364
leaf_count=13092 256 315 206 214 757 540 382 233 442 226 708 2884 202 364
internal_value=-0.000125803 -0.00106931 0.000306502 -0.00360947 0.00444785 -0.00239566 -0.00340955 -0.00526727 -0.00186938 5.4925e-06 0.000156851 0.00052387 0.00318201 -0.000224613
internal_weight=20821 6540 14281 2126 963 1811 1597 1215 675 13318 4414 4158 910 3248
internal_count=20821 6540 14281 2126 963 1811 1597 1215 675 13318 4414 4158 910 3248
is_linear=0
shrinkage=0.03


Tree=280
num_leaves=15
num_cat=0
split_feature=7 2 4 4 12 6 0 10 8 0 12 11 2 6
split_gain=9.87673 10.6102 16.5716 18.4717 26.93 19.6365 27.0933 24.2003 18.4925 17.8679 16.1204 21.6038 18.8597 16.6433
threshold=-0.79060576279046846 0.76119402985076035 0.52380702349868657 0.78364128988653681 -0.062212309793726599 -0.1345988622934057 0.58844901199419886 1.8527404075193117 -0.0085318813702644873 0.54139009391041626 0.0074017341434060588 -0.71062592798859803 0.65957446808507769 -0.27014637878051789
decision_type=10 2 2 2 8 10 2 2 2 2 10 2 2 8
left_child=-1 10 -3 4 -4 7 9 -5 -6 -7 12 -12 -2 -14
right_child=1 2 3 5 8 6 -8 -9 -10 -11 11 -13 13 -15
leaf_value=-0.0053843155536912757 0.0014873750712024352 0.0024410687232604964 0.0060469316731138929 0.0041954373850405791 -0.010964918341487646 0.0024084179962382598 -0.0023226674581522102 -0.0096371941972029154 -0.0020587233929081428 0.013393498449076018 -0.0058301561440146244 -0.00074822804761915578 0.0055326739223673935 -0.0028902261590430683
leaf_weight=294 5735 3635 200 201 379 250 351 251 469 287 855 6062 235 1768
leaf_count=294 5735 3635 200 201 379 250 351 251 469 287 855 6062 235 1768
internal_value=2.91617e-05 0.000107414 0.0011669 -0.000773684 -0.00374809 0.00155786 0.0041413 -0.00350736 -0.00608014 0.0083488 -0.000328269 -0.00138016 0.000612295 -0.0018907
internal_weight=20972 20678 6023 2388 1048 1340 888 452 848 537 14655 6917 7738 2003
internal_count=20972 20678 6023 2388 1048 1340 888 452 848 537 14655 6917 7738 2003
is_linear=0
shrinkage=0.03


Tree=281
num_leaves=15
num_cat=0
split_feature=11 1 1 2 0 0 2 2 12 13 7 2 3 7
split_gain=9.2166 9.94965 7.07259 10.0467 17.3045 16.5137 6.02844 16.8065 16.3159 17.1421 14.2974 9.8887 10.3412 14.9522
threshold=-1.949934983407559 2.5919133918865467 4.608789548833383 0.42910840371037845 0.54316810221382339 0.57353521715902511 0.71428571428574317 0.71026386182754997 -0.16875084756364275 8.5000000000000018 0.83926508064570071 0.70265260653980832 0.91666666666667296 0.15654353227744677
decision_type=2 2 2 2 2 2 2 2 8 2 10 2 2 8
left_child=1 -1 6 -4 -5 -6 7 11 -8 10 -10 12 13 -2
right_child=2 -3 3 4 5 -7 8 -9 9 -11 -12 -13 -14 -15
leaf_value=-0.0058309126330109741 -0.0036744375903247197 0.0021205620789309827 0.0034656085938215256 -0.0090825201478775437 0.0062174651933447362 -0.0044513143422629901 0.0084225662092075621 -0.0079053674960622988 9.3216382361207051e-05 0.007898545933397191 0.0070559166503619628 0.0062620091587305068 -0.0024623912986062651 0.00058252830904095224
leaf_weight=463 801 200 220 324 207 335 250 240 6356 280 272 220 1441 9436
leaf_count=463 801 200 220 324 207 335 250 240 6356 280 272 220 1441 9436
internal_value=3.31576e-05 -0.00343436 0.000146766 -0.00220324 -0.00365499 -0.000357119 0.000279563 -0.000127681 0.000969744 0.00069413 0.000384055 3.24613e-05 -8.75259e-05 0.000247808
internal_weight=21045 663 20382 1086 866 542 19296 12138 7158 6908 6628 11898 11678 10237
internal_count=21045 663 20382 1086 866 542 19296 12138 7158 6908 6628 11898 11678 10237
is_linear=0
shrinkage=0.03


Tree=282
num_leaves=15
num_cat=0
split_feature=7 2 11 7 5 1 6 13 6 9 5 11 2 7
split_gain=7.64116 13.858 12.2499 15.2155 17.8668 17.5886 14.2923 13.5334 14.8416 13.1874 12.697 18.0324 18.9892 16.7414
threshold=0.65113108392138608 0.83110365398956121 -0.027662877150673944 0.79629183715867546 2.4371755700989914 0.58908472601263584 1.2275233971748605 1.0000000180025095e-35 0.019401084118298554 0.73815970781720719 1.7239933932821117 1.1337841785748839 0.17391304347826284 1.4164830861644584
decision_type=8 2 2 10 2 2 8 2 10 2 2 2 2 10
left_child=-1 2 9 4 -4 -5 10 -6 -9 -2 -7 -12 -13 -14
right_child=1 -3 3 5 7 6 -8 8 -10 -11 11 12 13 -15
leaf_value=-0.0005562211606353237 -0.00662083053542662 0.0068199371922629433 0.009117325380996421 0.0087464746874822679 -0.0022326775507499489 0.0053611137615431339 0.0076258197019009721 0.00064181777879580729 0.010987622215465273 -0.00049653655748583907 -0.0029238049371930392 -0.0074974555213396486 -9.5496580026679446e-05 0.0051117304047023958
leaf_weight=11765 382 306 400 208 444 322 205 305 207 1741 1996 223 1774 804
leaf_count=11765 382 306 400 208 444 322 205 305 207 1741 1996 223 1774 804
internal_value=-4.80628e-05 0.000593566 0.000378463 0.00099252 0.00383423 0.000293129 -4.50264e-05 0.00158779 0.00489041 -0.00161147 -0.000359361 -0.000748532 0.000804021 0.00153523
internal_weight=21082 9317 9011 6888 1356 5532 5324 956 512 2123 5119 4797 2801 2578
internal_count=21082 9317 9011 6888 1356 5532 5324 956 512 2123 5119 4797 2801 2578
is_linear=0
shrinkage=0.03


Tree=283
num_leaves=15
num_cat=0
split_feature=12 9 6 12 9 0 9 8 7 5 5 10 12 1
split_gain=5.6722 29.2969 15.0286 8.63742 8.40847 15.5367 34.7676 32.5477 28.6282 18.8661 24.8667 33.362 17.7008 16.2214
threshold=-0.14858431020188376 0.96696076041086332 0.42722888724163893 -0.19907307989908232 0.83144155985661217 0.56220356813086869 0.78150490180280319 0.0056349669039008647 0.93832344191401773 1.7715555903121238 2.4988427364782924 2.0684776699559473 -0.010263255916799106 1.5535876887859936
decision_type=8 2 8 10 2 2 2 2 8 2 2 2 10 2
left_child=1 2 3 -1 5 6 9 13 -9 -2 -11 12 -12 -8
right_child=4 -3 -4 -5 -6 -7 7 8 -10 10 11 -13 -14 -15
leaf_value=-0.0037563298164942616 -0.004439272253677763 0.0051024236550323912 0.0010031692993263122 -0.011954165635009607 -0.00044219443113578216 -0.00061604970495787151 0.0071481111635916606 -0.0046946112613624599 0.009475944462912873 0.0059352102607891357 -0.011678401256601014 0.0044456575189569334 -0.0015861168364528567 0.016949355059855953
leaf_weight=204 604 326 208 283 12724 3434 452 330 203 735 256 537 395 236
leaf_count=204 604 326 208 283 12724 3434 452 330 203 735 256 537 395 236
internal_value=-9.11153e-05 -0.00226637 -0.00573457 -0.00859324 2.0997e-05 0.000841347 0.00217569 0.00632119 0.000740338 0.000164129 0.00161779 -0.00106703 -0.00561358 0.0106082
internal_weight=20927 1021 695 487 19906 7182 3748 1221 533 2527 1923 1188 651 688
internal_count=20927 1021 695 487 19906 7182 3748 1221 533 2527 1923 1188 651 688
is_linear=0
shrinkage=0.03


Tree=284
num_leaves=15
num_cat=0
split_feature=7 9 6 11 8 7 9 2 3 6 8 5 5 11
split_gain=5.71616 5.78948 17.8322 9.19547 7.64533 7.10706 6.73373 19.8635 7.62286 21.0982 20.7462 14.0054 12.182 9.37646
threshold=-0.68266733011887915 1.2717651600827871 -0.055319742542657861 0.54797757075194542 -0.0072223664488356466 -0.49919164421338247 0.63579297839709581 0.66666666666666263 0.50537634408602206 -0.037179726851205679 0.012400323328745182 2.4889350248861759 2.614417464014624 2.8069355848280666
decision_type=10 2 10 2 2 10 2 2 2 10 2 2 2 2
left_child=-1 5 4 -4 -3 -2 7 -7 9 11 12 -8 -11 -10
right_child=1 2 3 -5 -6 6 8 -9 13 10 -12 -13 -14 -15
leaf_value=-0.0036850934531243236 0.0049196192427821772 0.0020790267533383673 0.0022918478714732023 -0.0052235683950129898 0.0095901905457944931 -0.0018535944773230895 0.0098591845153688309 0.0080098529984202003 -0.00052055562782904387 0.0078166851671277598 -0.0073448486078893181 0.0017607430832986639 -0.0025176680507819826 0.005427461695233898
leaf_weight=372 248 221 294 283 277 398 328 334 16746 202 334 461 200 237
leaf_count=372 248 221 294 283 277 398 328 334 16746 202 334 461 200 237
internal_value=-2.44434e-05 4.26602e-05 0.00218071 -0.00140743 0.00631072 -7.58084e-05 -0.00014146 0.00267075 -0.000253375 0.00177493 -0.00187311 0.00516828 0.00270745 -0.000435977
internal_weight=20935 20563 1075 577 498 19488 19240 732 18508 1525 736 789 402 16983
internal_count=20935 20563 1075 577 498 19488 19240 732 18508 1525 736 789 402 16983
is_linear=0
shrinkage=0.03


Tree=285
num_leaves=15
num_cat=0
split_feature=14 6 5 4 4 4 3 12 9 9 12 12 6 12
split_gain=11.881 16.6321 13.5978 15.9923 22.4647 16.8514 16.9973 16.5738 24.4931 20.1875 12.5768 14.6692 12.711 12.4591
threshold=1.0000000180025095e-35 -0.40085525079724832 3.4525262648790709 0.44091227761109181 0.40240850158833102 0.34053514139919716 0.85714285714287108 -0.0075100748083390947 0.84403999412277531 1.1080987577220123 0.1441710941179136 0.084619990692447591 -0.3548428324140166 0.014053490357371691
decision_type=2 8 2 2 2 2 2 10 2 2 8 10 8 8
left_child=1 -1 3 4 5 13 -7 8 -5 -9 11 12 -3 -2
right_child=2 10 -4 7 -6 6 -8 9 -10 -11 -12 -13 -14 -15
leaf_value=0.0056866582735510896 0.0047523528363366688 -0.008118255937444991 -0.001577254981043715 0.0019323145880282501 0.011071694037333751 0.0015160098582400871 -0.0096647092840775901 -0.00049888338312772907 -0.012104077232350786 0.0089817552865864413 0.0063532108169828735 -0.0063557111869936124 -0.00061137224476058257 0.0013139982636480091
leaf_weight=358 1434 202 1752 201 247 278 212 1842 244 222 210 433 10646 2800
leaf_count=358 1434 202 1752 201 247 278 212 1842 244 222 210 433 10646 2800
internal_value=-8.02556e-06 -0.000636562 0.000798591 0.00135575 0.00234049 0.00187274 -0.00337012 -0.000596037 -0.00581302 0.000540078 -0.000835949 -0.000972533 -0.000754833 0.00248276
internal_weight=21081 11849 9232 7480 4971 4724 490 2509 445 2064 11491 11281 10848 4234
internal_count=21081 11849 9232 7480 4971 4724 490 2509 445 2064 11491 11281 10848 4234
is_linear=0
shrinkage=0.03


Tree=286
num_leaves=15
num_cat=0
split_feature=2 12 2 6 7 4 3 3 12 13 0 3 11 12
split_gain=8.2615 13.2931 19.4959 20.4539 16.4005 15.2139 14.124 18.9378 10.266 10.152 36.8708 37.0096 12.5722 15.5836
threshold=0.45997032640949148 1.0000000180025095e-35 0.40255656293390446 -0.14821878288611026 0.89711925845456353 0.28513830212414765 0.55128205128203844 0.78449319529097294 0.038736196651111783 4.5000000000000009 0.59526094558249831 0.84999999999999354 0.59949477151015473 0.0011370344915999644
decision_type=2 8 2 8 10 2 2 2 10 2 2 2 2 10
left_child=1 -1 3 8 -5 -4 -6 -8 -3 -2 12 -12 -11 -14
right_child=9 2 5 4 6 -7 7 -9 -10 10 11 -13 13 -15
leaf_value=0.0007859373333366569 0.00027977122771484698 -0.00086674267931257265 -0.010678917349643002 0.0044165717726573342 -0.00097937340028584003 -0.0015799952354837233 -0.011829514303257767 -0.0004193991611541157 0.0073071957130071809 -0.0017962175178782719 0.00047926264046465309 0.017751023167123396 0.0096549990822665435 -0.00016704518106989462
leaf_weight=2398 13966 231 374 235 595 297 350 208 336 945 201 247 236 366
leaf_count=2398 13966 231 374 235 595 297 350 208 336 945 201 247 236 366
internal_value=0.000232207 -0.000828219 -0.00230092 -0.000780232 -0.00273974 -0.006693 -0.00421108 -0.00761778 0.00399861 0.00056615 0.00256523 0.0100927 0.000359842 0.00373127
internal_weight=20985 5024 2626 1955 1388 671 1153 558 567 15961 1995 448 1547 602
internal_count=20985 5024 2626 1955 1388 671 1153 558 567 15961 1995 448 1547 602
is_linear=0
shrinkage=0.03


Tree=287
num_leaves=15
num_cat=0
split_feature=4 4 13 4 11 12 4 12 12 4 12 12 12 0
split_gain=8.61272 14.0133 17.9298 20.0668 12.6507 11.3105 15.8066 20.1316 13.5242 10.5845 16.2142 19.3342 17.0488 13.3476
threshold=0.08731582215171009 0.06269071227432306 1.0000000180025095e-35 0.073655256660918725 0.35475273600119922 -0.0018379222325597409 0.018094913008846244 -0.032072688520870134 0.016959694410093488 0.1277770059043653 0.021467306401165013 0.086104666742033445 -0.0094971514006259011 0.51210479050074298
decision_type=2 2 2 2 2 10 2 8 10 2 8 10 10 2
left_child=1 5 4 -4 -3 6 -1 -8 -7 10 12 -12 13 -2
right_child=9 2 3 -5 -6 8 7 -9 -10 -11 11 -13 -14 -15
leaf_value=-0.0030685587276739422 0.0085407674741454238 0.0045454185441016195 -0.014847193120753969 -0.0027629867754876613 -0.0043713236127081697 -0.0070600537257269023 0.00065527602459825398 0.0097482216582361579 -0.00038165051347570996 -3.7779308610606335e-06 -0.005003081900395558 0.0059843780266958368 0.01017429704992817 -0.00051602644331450039
leaf_weight=423 200 243 227 271 334 359 622 334 1093 15369 421 213 346 511
leaf_count=423 200 243 227 271 334 359 622 334 1093 15369 421 213 346 511
internal_value=-4.66135e-05 -0.00131641 -0.00422384 -0.00836408 -0.000609304 -0.000206893 0.00173567 0.00386629 -0.00205142 0.000244416 0.00249354 -0.00129377 0.00476061 0.00207345
internal_weight=20966 3906 1075 498 577 2831 1379 956 1452 17060 1691 634 1057 711
internal_count=20966 3906 1075 498 577 2831 1379 956 1452 17060 1691 634 1057 711
is_linear=0
shrinkage=0.03


Tree=288
num_leaves=15
num_cat=0
split_feature=6 10 1 10 6 7 4 5 9 11 12 3 6 9
split_gain=12.1763 15.4994 20.5471 16.2818 13.1299 11.9396 11.5494 15.4254 29.0117 11.4885 10.1181 22.5029 28.2214 25.2347
threshold=0.22614415430691384 2.8721505664622522 0.73973841965646825 1.5889367942517403 0.27122603320430289 0.59178763186073458 0.097063451504743631 2.0103813163621518 0.81120234647460265 0.52598512650265461 -0.066051270861646957 0.91304347826087218 0.17003633687120615 0.7886002589265575
decision_type=10 2 2 2 10 8 2 2 2 2 10 2 8 2
left_child=10 2 3 -2 5 -4 9 8 -8 -6 11 12 -1 -13
right_child=1 -3 4 -5 6 -7 7 -9 -10 -11 -12 13 -14 -15
leaf_value=0.00216044899045701 -0.012734902126811692 -0.0075865353755816293 0.00036697064051931754 -0.0019554061608182058 -0.0084517431496710007 -0.0098138330250546538 -0.0012141382442393772 0.0005627353818674093 0.014081431876665379 0.0015124037345203589 8.7977245207452909e-05 0.0067778835046118585 0.011772039677476205 -0.0053871536970563584
leaf_weight=1780 206 337 207 319 202 202 208 1429 234 207 14409 202 321 591
leaf_count=1780 206 337 207 319 202 202 208 1429 234 207 14409 202 321 591
internal_value=8.48806e-05 -0.00151405 -0.000866527 -0.00626531 0.000197204 -0.004719 0.0010875 0.00208625 0.00695045 -0.0034514 0.000413362 0.00203048 0.00365341 -0.00226532
internal_weight=20854 3551 3214 525 2689 409 2280 1871 442 409 17303 2894 2101 793
internal_count=20854 3551 3214 525 2689 409 2280 1871 442 409 17303 2894 2101 793
is_linear=0
shrinkage=0.03


Tree=289
num_leaves=15
num_cat=0
split_feature=1 11 1 3 5 6 1 3 8 7 4 9 4 8
split_gain=5.70498 22.8606 9.48176 8.8021 7.57694 20.8611 17.1465 24.7703 16.6932 15.5572 14.9625 19.5626 14.7953 13.7087
threshold=0.42682193164441995 0.65031857097016921 0.49201336685733427 0.86401754385965623 1.6506865425884947 -0.19854334268113474 1.9825950700206971 0.71980611104935155 0.038232288527571386 0.57405901578707741 0.31392414374529731 0.83144155985661217 0.21146110032446605 -0.024331941241605353
decision_type=2 2 2 2 2 10 2 2 2 8 2 2 2 2
left_child=1 -1 3 -2 5 9 8 -8 10 -4 12 -12 13 -7
right_child=2 -3 4 -5 -6 6 7 -9 -10 -11 11 -13 -14 -15
leaf_value=-0.0022406560053190067 -0.00016852175061292244 0.0097002048365607413 0.0011008226863023908 -0.0089213855219060084 -0.00019708744504049153 -0.0024107942430452367 -0.00055745535028668539 0.012826515957713126 -0.005920108136299734 -0.0081727887440900329 0.0039893179048191424 -0.0067932055273226327 0.012051079477940763 0.0066714930753869984
leaf_weight=329 207 250 347 202 17135 256 203 315 236 300 325 275 209 348
leaf_count=329 207 250 347 202 17135 256 203 315 236 300 325 275 209 348
internal_value=3.05771e-05 0.00295406 -5.32744e-05 -0.00454699 3.99733e-05 0.00148127 0.00289177 0.00762626 0.00138596 -0.00322885 0.0026228 -0.000967971 0.00526253 0.00283386
internal_weight=20937 579 20358 409 19949 2814 2167 518 1649 647 1413 600 813 604
internal_count=20937 579 20358 409 19949 2814 2167 518 1649 647 1413 600 813 604
is_linear=0
shrinkage=0.03


Tree=290
num_leaves=15
num_cat=0
split_feature=4 10 0 6 5 4 7 5 7 10 0 7 4 4
split_gain=9.43184 23.1259 5.72705 21.1787 17.1627 17.7107 14.7768 14.3033 13.9096 15.2145 10.9922 10.9635 10.7495 15.7549
threshold=0.012632505561636401 2.0347018165271225 0.48935276100890363 0.31965427256091056 3.6981862741969125 0.13483214485228903 0.29999997355429808 2.0233840190353392 0.54388167560469458 2.0415354919211732 0.46483074750029479 1.2936082799090043 0.077355201966726725 0.066228503918965578
decision_type=2 2 2 8 2 2 10 2 10 2 2 10 2 2
left_child=1 -1 3 4 5 6 -2 -7 -9 -10 -5 -8 13 -4
right_child=2 -3 12 10 -6 7 11 8 9 -11 -12 -13 -14 -15
leaf_value=-0.0013321988077747613 -0.0021572760527874056 0.010836066899501628 -0.0012009276202592709 -0.010076917496408331 0.0094022925938753513 -0.0053453889843467226 0.010420745319717532 0.0051671979777036916 -0.0064474577890543993 0.0025201104440399115 -0.00039503681288886178 0.0022540444289334115 -0.00012077467376801945 -0.0078803436536691151
leaf_weight=339 206 234 1860 206 250 424 359 447 311 365 212 255 15050 379
leaf_count=339 206 234 1860 206 250 424 359 447 311 365 212 255 15050 379
internal_value=-9.1159e-05 0.00368779 -0.000198581 0.00100233 0.00200574 0.00120635 0.00475638 -0.000684635 0.00109097 -0.00162255 -0.0052292 0.00707464 -0.000409624 -0.00234661
internal_weight=20897 573 20324 3035 2617 2367 820 1547 1123 676 418 614 17289 2239
internal_count=20897 573 20324 3035 2617 2367 820 1547 1123 676 418 614 17289 2239
is_linear=0
shrinkage=0.03


Tree=291
num_leaves=15
num_cat=0
split_feature=7 11 12 7 3 9 6 4 12 6 7 7 12 12
split_gain=6.60735 19.3033 24.4928 13.7558 14.7677 13.6492 16.3076 26.6735 13.8725 15.6697 12.7732 15.0505 15.1847 18.2965
threshold=0.3737854690176784 -1.4820852662300712 0.016305662391651269 0.23353201770793039 0.94634204861273497 0.88948561729979281 -0.20436818535825543 0.2979132172049595 0.028807241522460506 -0.13228899354527465 0.61028833469653965 0.57405901578707741 -0.095724359993796457 -0.020464391909130349
decision_type=10 2 8 10 2 2 8 2 8 8 10 10 10 10
left_child=3 2 -2 4 -1 6 -5 -8 9 -7 11 12 -3 -14
right_child=1 10 -4 5 -6 8 7 -9 -10 -11 -12 -13 13 -15
leaf_value=-0.001124723842334074 0.0097224852456231289 0.0046476006257948994 -0.0027843772849211325 0.012059353778614159 0.0020152248395258845 -0.0036867874755825794 -0.0029942193504733346 0.0080446186560915785 -0.0045790568401871574 0.0063970378401719419 -0.00017948881291027553 -0.0074154793607038132 -0.0066820241075115517 -0.00071861083355099402
leaf_weight=4101 354 311 229 234 2002 208 355 432 344 396 9280 455 635 1680
leaf_count=4101 354 311 229 234 2002 208 355 432 344 396 9280 455 635 1680
internal_value=-6.32472e-05 -0.000483247 0.00482794 0.000610133 -9.39031e-05 0.00278703 0.00518496 0.00307775 0.000190803 0.0029227 -0.000735597 -0.00240759 -0.00152745 -0.00236524
internal_weight=21016 12944 583 8072 6103 1969 1021 787 948 604 12361 3081 2626 2315
internal_count=21016 12944 583 8072 6103 1969 1021 787 948 604 12361 3081 2626 2315
is_linear=0
shrinkage=0.03


Tree=292
num_leaves=15
num_cat=0
split_feature=1 6 3 10 3 5 5 5 12 7 10 3 12 9
split_gain=8.11953 15.8801 14.3863 17.9707 13.6673 11.0784 21.4093 19.9581 24.8534 29.2623 11.7238 9.82026 14.8573 13.2529
threshold=0.69521644508194747 -0.27451651342168398 0.66666666666666619 1.2028173425806881 0.50537634408602206 3.2769616472698733 2.8495249997759799 2.6055691103874214 0.022940893497023832 0.03281070726528388 2.244132726212785 0.39999999999998603 0.049332839244384037 0.63579297839709581
decision_type=2 10 2 2 2 2 2 2 10 8 2 2 8 2
left_child=1 -1 4 -4 -3 6 7 8 9 -5 -7 12 -2 -13
right_child=11 2 3 5 -6 10 -8 -9 -10 -11 -12 13 -14 -15
leaf_value=-0.0039372284752382351 -0.0065365749509358889 0.00056995031272413798 -0.0051372324487408702 0.013510927537148727 0.010525279187281196 -0.0067582039049732577 0.010393982896976961 -0.0068319869870092807 -0.0034342994562630512 0.00037309699804076153 0.0031346274640794113 0.0042922417338342204 0.0030572557925748135 -0.00022110169027741156
leaf_weight=421 485 201 334 304 322 213 321 200 304 302 209 602 203 16559
leaf_count=421 485 201 334 304 322 213 321 200 304 302 209 602 203 16559
internal_value=4.43205e-05 0.00145217 0.00229513 0.00121902 0.00674086 0.00237547 0.00363238 0.00163916 0.00352811 0.00702032 -0.00187934 -0.000202977 -0.0037042 -6.15716e-05
internal_weight=20980 3131 2710 2187 523 1853 1431 1110 910 606 422 17849 688 17161
internal_count=20980 3131 2710 2187 523 1853 1431 1110 910 606 422 17849 688 17161
is_linear=0
shrinkage=0.03


Tree=293
num_leaves=15
num_cat=0
split_feature=7 12 9 12 12 5 6 13 9 12 4 9 7 0
split_gain=11.5561 6.99987 20.8255 15.023 14.0681 13.3621 13.1734 16.1375 11.5142 9.82539 9.41489 8.3365 18.2972 13.5568
threshold=2.6135474461298163 0.084619990692447591 1.0010834591242357 0.092862646190482803 0.071644659466369401 3.3912417891352011 -0.2178242487037981 1.5000000000000002 0.82489575802974835 0.15530224326314215 0.22997338587701802 1.0190303506903244 1.5388981287914161 0.44858429706107633
decision_type=10 10 2 10 10 2 10 2 2 10 2 2 10 2
left_child=1 4 3 -3 11 6 9 8 -8 -5 -6 13 -13 -1
right_child=-2 2 -4 5 10 -7 7 -9 -10 -11 -12 12 -14 -15
leaf_value=0.0044509400913605099 -0.0063403100870459911 -0.0089098452733103496 0.0031316854729541428 -0.00077382801566272974 0.00034497877064117247 -0.0069258063672675511 0.0021642009778456255 0.0063038849437236782 -0.0048755059947252722 -0.0095512453980848809 0.0073308817258922847 -0.00034594476658824394 -0.0075236687741788294 0.00035157385611946904
leaf_weight=768 244 290 759 251 293 351 435 370 394 208 423 3929 343 11978
leaf_count=768 244 290 759 251 293 351 435 370 394 208 423 3929 343 11978
internal_value=8.42624e-05 0.000161163 -0.00116325 -0.00258491 0.000389803 -0.00165205 -0.000518122 0.0011386 -0.00119074 -0.00481146 0.00449434 0.000215843 -0.000930368 0.000600226
internal_weight=21036 20792 3058 2299 17734 2009 1658 1199 829 459 716 17018 4272 12746
internal_count=21036 20792 3058 2299 17734 2009 1658 1199 829 459 716 17018 4272 12746
is_linear=0
shrinkage=0.03


Tree=294
num_leaves=15
num_cat=0
split_feature=7 9 9 6 7 11 9 6 4 12 3 3 7 7
split_gain=9.69146 17.3652 17.9645 10.0813 9.38704 23.0821 20.9381 19.7543 28.5742 20.5586 16.3135 12.5178 11.8082 14.5102
threshold=-0.28778845822290267 0.95451591719147399 0.79195501125459911 -0.060902901068552222 0.054748084546827093 0.6612379615754217 0.95048530419205957 0.089485499145469785 0.22997338587701802 0.005533017637758709 0.95402298850574885 0.85591369994819033 0.23353201770793039 0.35064632097810816
decision_type=8 2 2 10 10 2 2 10 2 10 2 2 10 10
left_child=1 2 -1 -4 5 7 11 8 -2 -9 -10 -7 -6 -14
right_child=4 -3 3 -5 12 6 -8 9 10 -11 -12 -13 13 -15
leaf_value=0.00043812073428522454 0.0024507784984004097 0.0019627873014966112 -0.013935408069042383 -0.0046605144746394624 -0.0023713234483849011 0.014669664970660617 -0.00016597259866527571 0.010552151862939353 -0.0095200595217091698 -0.0014575685176711815 0.0002620826583159597 0.0054647035588083976 0.0026491072224793821 -0.00034212055645061715
leaf_weight=259 590 407 222 211 2187 207 389 251 485 255 223 386 1635 13259
leaf_count=259 590 407 222 211 2187 207 389 251 485 255 223 386 1635 13259
internal_value=-0.0002041 -0.00293992 -0.00581685 -0.00952057 -5.20579e-05 0.00156102 0.00524952 -0.000455765 -0.00241509 0.00454478 -0.00645873 0.00877369 -0.000315539 -1.29775e-05
internal_weight=20966 1099 692 433 19867 2786 982 1804 1298 506 708 593 17081 14894
internal_count=20966 1099 692 433 19867 2786 982 1804 1298 506 708 593 17081 14894
is_linear=0
shrinkage=0.03


Tree=295
num_leaves=15
num_cat=0
split_feature=7 13 13 10 10 8 7 4 7 0 0 1 9 7
split_gain=6.83967 17.1351 15.1408 13.3703 17.0672 27.4113 21.9278 18.8789 17.4598 13.3815 11.6007 16.8 14.8379 10.9859
threshold=0.88312139976031234 7.5000000000000009 5.5000000000000009 1.7365615950620754 2.1599739538240268 0.055402043274446068 1.2552211217062974 0.216827396460053 1.6886207031766467 0.58684122390013915 0.47844768919239311 1.3606244655163715 1.2265277369732772 0.84693315321020235
decision_type=8 2 2 2 2 2 10 2 10 2 2 2 2 10
left_child=13 2 3 9 5 6 7 -5 -8 -2 11 -6 -12 -1
right_child=1 -3 -4 4 10 -7 8 -9 -10 -11 12 -13 -14 -15
leaf_value=-0.00047075430245941985 -0.0027240836004698761 -0.0075583688944446297 0.0087120842618841517 0.015320769789251794 0.0098369388357110194 -0.0058532536439421055 -0.0024277297832256506 0.0046626716288106296 0.0075586493137062239 0.0031400939075486886 -0.001745129633364817 -0.001473863493843839 0.0060211489617498027 -0.0053562271978217554
leaf_weight=13960 1568 221 208 294 239 206 358 312 274 446 1877 227 246 422
leaf_count=13960 1568 221 208 294 239 206 358 312 274 446 1877 227 246 422
internal_value=-0.000251437 0.000557857 0.000850425 0.000573032 0.00156929 0.00417635 0.00586209 0.00991649 0.00192715 -0.0014209 0.000109966 0.00437001 -0.000833189 -0.000615917
internal_weight=20858 6476 6255 6047 4033 1444 1238 606 632 2014 2589 466 2123 14382
internal_count=20858 6476 6255 6047 4033 1444 1238 606 632 2014 2589 466 2123 14382
is_linear=0
shrinkage=0.03


Tree=296
num_leaves=15
num_cat=0
split_feature=4 9 5 12 10 1 1 11 9 5 12 7 7 7
split_gain=7.45509 10.3416 8.00807 13.874 15.2476 10.5271 11.1035 13.461 10.4618 19.1061 22.4362 12.5645 23.1674 12.1697
threshold=1.4137666443536447 0.88777969052974026 3.8128238151698572 0.0074017341434060588 2.5566753440689598 5.6046862873188221 4.34015847548633 0.73183089839635673 1.1392537208001206 3.1857212549044038 0.028807241522460506 2.0855330888169537 1.8725203722976318 1.610734826000028
decision_type=2 2 2 10 2 2 2 2 2 2 8 10 10 10
left_child=2 -2 5 -4 -5 6 8 -8 11 -10 -11 12 13 -1
right_child=1 -3 3 4 -6 -7 7 -9 9 10 -12 -13 -14 -15
leaf_value=-7.4920746348555977e-05 0.0013899401724338531 -0.0072996550610926192 0.00040930899133591965 -0.010803135953055052 -0.00042630263013725584 0.0041640376069893431 -0.0091530601995933152 0.0011560584190415172 -8.6209043547823714e-05 0.0018734470153620251 0.012981331961240027 -0.0053146239907814648 0.0095858758579600942 -0.0051020940297153766
leaf_weight=15331 205 299 642 282 230 535 257 200 1282 436 259 419 215 441
leaf_count=15331 205 299 642 282 230 535 257 200 1282 436 259 419 215 441
internal_value=-0.000199749 -0.00378626 -0.000110797 -0.0025331 -0.00619087 3.40947e-05 -8.42571e-05 -0.00467773 3.11771e-05 0.00208997 0.00607609 -0.000217478 -8.22677e-05 -0.000217058
internal_weight=21033 504 20529 1154 512 19375 18840 457 18383 1977 695 16406 15987 15772
internal_count=21033 504 20529 1154 512 19375 18840 457 18383 1977 695 16406 15987 15772
is_linear=0
shrinkage=0.03


Tree=297
num_leaves=15
num_cat=0
split_feature=1 12 3 5 9 7 7 9 2 6 6 0 10 6
split_gain=13.3921 10.2329 18.4155 11.3178 13.1819 25.473 25.786 11.3213 19.2996 17.341 19.3175 18.6984 12.5143 9.25799
threshold=9.3266302597200603 0.071644659466369401 0.98918887330527283 3.68697862638711 0.92922882686742325 1.1772802600058314 0.85374420233955928 0.72379783751027482 0.58773199233024109 0.045636599537428831 0.11615518752212008 0.58524594748709224 1.9571694627703928 -0.20693231472211629
decision_type=2 8 2 2 2 8 10 2 2 8 10 2 2 10
left_child=1 -1 3 4 7 6 13 8 -3 11 -11 -9 -12 -6
right_child=-2 2 -4 -5 5 -7 -8 9 -10 10 12 -13 -14 -15
leaf_value=-0.00045055556524704632 0.0067750244121998543 0.01025862391842039 0.0094445777629855385 -0.0041988302532963906 -0.0012394448331622188 0.012182107383632682 -0.0076573380788539126 -0.0072394377171019807 -0.0013602314419394372 0.009292713317051858 0.0027348331705882001 0.0020921415292347468 -0.0065499612698952355 0.0061261607973925811
leaf_weight=16886 251 223 227 372 210 251 210 592 293 222 307 283 220 552
leaf_count=16886 251 223 227 372 210 251 210 592 293 222 307 283 220 552
internal_value=-4.48484e-05 -0.000128561 0.00124261 0.000732167 0.00128304 0.00376065 0.00153476 -0.000138377 0.00371136 -0.00136921 0.00197476 -0.0042266 -0.0011663 0.00410142
internal_weight=21099 20848 3962 3735 3363 1223 972 2140 516 1624 749 875 527 762
internal_count=21099 20848 3962 3735 3363 1223 972 2140 516 1624 749 875 527 762
is_linear=0
shrinkage=0.03


Tree=298
num_leaves=15
num_cat=0
split_feature=1 5 12 5 6 12 0 0 12 1 3 11 0 8
split_gain=6.41971 6.89076 8.1129 16.3461 18.3345 17.6622 16.375 17.0032 14.9216 14.1053 19.3658 16.437 13.3332 13.2582
threshold=9.3266302597200603 0.57500993174500814 -0.0088221020879286609 3.6981862741969125 0.34434116980717372 -0.078116555061437817 0.50098411890739181 0.54257589880747592 -0.004468715692726776 0.86854337612480681 0.679858863248756 -1.0593863830618873 0.55910365614145607 -0.01045203821737007
decision_type=2 2 8 2 8 10 2 2 8 2 2 2 2 2
left_child=1 -1 3 4 9 -5 -6 -8 12 10 13 -11 -4 -3
right_child=-2 2 8 5 6 -7 7 -9 -10 11 -12 -13 -14 -15
leaf_value=-0.0040841271173352664 0.0049325374453220248 0.00075808922612221436 0.010159307054643119 -0.0025271295037794304 -0.0046439094284335073 0.0067635103575260942 0.010249774609133601 0.0015542041465687075 0.00053020795658850458 0.0023270135374146386 -0.00093441631952276445 -0.0030440950038855973 7.3835804844587041e-05 0.011249313360400135
leaf_weight=332 253 209 275 277 221 532 295 629 11372 582 1533 4113 204 222
leaf_count=332 253 209 275 277 221 532 295 629 11372 582 1533 4113 204 222
internal_value=0.000229299 0.000170908 0.000240921 -0.000459597 -0.000881055 0.00358643 0.00261806 0.00437061 0.000750018 -0.00148423 0.000649412 -0.00237652 0.00590917 0.00622896
internal_weight=21049 20796 20464 8613 7804 809 1145 924 11851 6659 1964 4695 479 431
internal_count=21049 20796 20464 8613 7804 809 1145 924 11851 6659 1964 4695 479 431
is_linear=0
shrinkage=0.03


Tree=299
num_leaves=15
num_cat=0
split_feature=1 11 1 5 2 11 5 12 5 8 3 8 12 13
split_gain=7.52223 13.8788 13.0012 11.9064 21.7879 12.8088 11.7575 20.8741 18.5249 13.9819 18.4734 17.6294 15.7106 25.4278
threshold=1.1113717794873905 1.9077008006905893 0.64220853065693484 1.3661363412462324 0.624999999999995 -1.0593863830618873 2.1592578507283617 -0.084966487353029682 3.5868422737740917 -0.062700535036103747 0.51428571428572523 0.050692039859211661 0.017702895837561797 2.5000000000000004
decision_type=2 2 2 2 2 2 2 8 2 2 2 2 8 2
left_child=1 -1 -3 4 -2 -6 9 8 -8 -5 -11 12 13 -12
right_child=3 2 -4 6 5 -7 7 -9 -10 10 11 -13 -14 -15
leaf_value=-0.0003596543300380506 -0.0013174393036101749 0.0016605274249445151 -0.006850024542614996 0.0055921421189239059 0.011804967459985766 0.0025985829328948802 -0.0053320938281351893 0.0011057036509877632 0.0041695218339120425 0.0053547704789004098 0.0010429499144184178 0.0038617671314550902 -0.0084742409538975955 -0.0097808968767206725
leaf_weight=7570 456 221 579 202 290 259 857 8295 231 228 633 240 623 277
leaf_count=7570 456 221 579 202 290 259 857 8295 231 228 633 240 623 277
internal_value=-6.13636e-05 -0.000758151 -0.00450327 0.00040195 0.00352589 0.00752435 0.000129567 0.000592787 -0.0033049 -0.00184025 -0.00260261 -0.00363808 -0.00482096 -0.00228722
internal_weight=20961 8370 800 12591 1005 549 11586 9383 1088 2203 2001 1773 1533 910
internal_count=20961 8370 800 12591 1005 549 11586 9383 1088 2203 2001 1773 1533 910
is_linear=0
shrinkage=0.03


end of trees

feature_importances:
ret30=415
rs7=385
atr_ratio=347
effort=317
cvd20=315
stop_atr=298
range10=291
close_loc=283
brk_atr=278
approach=276
aggr=255
body=255
vol_ratio=248
breadth=203
with_trend2=34

parameters:
[boosting: gbdt]
[objective: regression]
[metric: l2]
[tree_learner: serial]
[device_type: cpu]
[data_sample_strategy: bagging]
[data: ]
[valid: ]
[num_iterations: 300]
[learning_rate: 0.03]
[num_leaves: 15]
[num_threads: 0]
[seed: 7]
[deterministic: 0]
[force_col_wise: 0]
[force_row_wise: 0]
[histogram_pool_size: -1]
[max_depth: -1]
[min_data_in_leaf: 200]
[min_sum_hessian_in_leaf: 0.001]
[bagging_fraction: 0.8]
[pos_bagging_fraction: 1]
[neg_bagging_fraction: 1]
[bagging_freq: 1]
[bagging_seed: 17422]
[bagging_by_query: 0]
[feature_fraction: 0.8]
[feature_fraction_bynode: 1]
[feature_fraction_seed: 7040]
[extra_trees: 0]
[extra_seed: 6516]
[early_stopping_round: 0]
[early_stopping_min_delta: 0]
[first_metric_only: 0]
[max_delta_step: 0]
[lambda_l1: 0]
[lambda_l2: 5]
[linear_lambda: 0]
[min_gain_to_split: 0]
[drop_rate: 0.1]
[max_drop: 50]
[skip_drop: 0.5]
[xgboost_dart_mode: 0]
[uniform_drop: 0]
[drop_seed: 15215]
[top_rate: 0.2]
[other_rate: 0.1]
[min_data_per_group: 100]
[max_cat_threshold: 32]
[cat_l2: 10]
[cat_smooth: 10]
[max_cat_to_onehot: 4]
[top_k: 20]
[monotone_constraints: ]
[monotone_constraints_method: basic]
[monotone_penalty: 0]
[feature_contri: ]
[forcedsplits_filename: ]
[refit_decay_rate: 0.9]
[cegb_tradeoff: 1]
[cegb_penalty_split: 0]
[cegb_penalty_feature_lazy: ]
[cegb_penalty_feature_coupled: ]
[path_smooth: 0]
[interaction_constraints: ]
[verbosity: -1]
[saved_feature_importance_type: 0]
[use_quantized_grad: 0]
[num_grad_quant_bins: 4]
[quant_train_renew_leaf: 0]
[stochastic_rounding: 1]
[linear_tree: 0]
[max_bin: 255]
[max_bin_by_feature: ]
[min_data_in_bin: 3]
[bin_construct_sample_cnt: 200000]
[data_random_seed: 61]
[is_enable_sparse: 1]
[enable_bundle: 1]
[use_missing: 1]
[zero_as_missing: 0]
[feature_pre_filter: 1]
[pre_partition: 0]
[two_round: 0]
[header: 0]
[label_column: ]
[weight_column: ]
[group_column: ]
[ignore_column: ]
[categorical_feature: ]
[forcedbins_filename: ]
[precise_float_parser: 0]
[parser_config_file: ]
[objective_seed: 15521]
[num_class: 1]
[is_unbalance: 0]
[scale_pos_weight: 1]
[sigmoid: 1]
[boost_from_average: 1]
[reg_sqrt: 0]
[alpha: 0.9]
[fair_c: 1]
[poisson_max_delta_step: 0.7]
[tweedie_variance_power: 1.5]
[lambdarank_truncation_level: 30]
[lambdarank_norm: 1]
[label_gain: ]
[lambdarank_position_bias_regularization: 0]
[eval_at: ]
[multi_error_top_k: 1]
[auc_mu_weights: ]
[num_machines: 1]
[local_listen_port: 12400]
[time_out: 120]
[machine_list_filename: ]
[machines: ]
[gpu_platform_id: -1]
[gpu_device_id: -1]
[gpu_device_id_list: ]
[gpu_use_dp: 0]
[num_gpu: 1]

end of parameters

pandas_categorical:[]
